/var/tmp/root-home/miniconda3/envs/llm_ist/lib/python3.10/site-packages/transformers/utils/generic.py:441: FutureWarning: `torch.utils._pytree._register_pytree_node` is deprecated. Please use `torch.utils._pytree.register_pytree_node` instead.
  _torch_pytree._register_pytree_node(
/var/tmp/root-home/miniconda3/envs/llm_ist/lib/python3.10/site-packages/huggingface_hub/file_download.py:942: FutureWarning: `resume_download` is deprecated and will be removed in version 1.0.0. Downloads always resume when possible. If you want to force a new download, use `force_download=True`.
  warnings.warn(
/var/tmp/root-home/miniconda3/envs/llm_ist/lib/python3.10/site-packages/transformers/utils/generic.py:309: FutureWarning: `torch.utils._pytree._register_pytree_node` is deprecated. Please use `torch.utils._pytree.register_pytree_node` instead.
  _torch_pytree._register_pytree_node(
/var/tmp/root-home/miniconda3/envs/llm_ist/lib/python3.10/site-packages/transformers/utils/generic.py:309: FutureWarning: `torch.utils._pytree._register_pytree_node` is deprecated. Please use `torch.utils._pytree.register_pytree_node` instead.
  _torch_pytree._register_pytree_node(
Finetuning model with params:
base_model: textattack/bert-base-uncased-MRPC
data_path: mrpc
output_dir: output.log
batch_size: 16
micro_batch_size: 16
num_epochs: 1
learning_rate: 0.0002
cutoff_len: 256
val_set_size: 120
use_gradient_checkpointing: False
lora_r: 32
lora_alpha: 64
lora_dropout: 0.05
lora_target_modules: None
Wdecompose_target_modules: None
bottleneck_size: 256
non_linearity: tanh
adapter_dropout: 0.0
use_parallel_adapter: True
use_adapterp: False
train_on_inputs: True
scaling: 1.0
adapter_name: lora
target_modules: ['q_proj', 'k_proj', 'v_proj', 'up_proj', 'down_proj']
final_eval_config_source: manual
final_eval_config_path: glue_configs_best_ppo.json
manual_final_gelu: [1, 1, 1, 1, 1, 4, 1, 1, 1, 1, 1, 1]
manual_final_softmax: [2, 2, 5, 5, 5, 2, 5, 2, 5, 5, 6, 2]
skip_noise_rl: True
noise_eval_config_source: manual
noise_eval_config_path: glue_noise_configs_best_ppo.json
manual_noise_config: {'x': [24, 24, 26, 24, 30, 24, 24, 24, 24, 24, 24, 24], 'wq': [18, 16, 16, 16, 16, 20, 16, 20, 16, 16, 16, 20], 'wk': [16, 20, 16, 16, 18, 16, 16, 16, 16, 16, 16, 16], 'wv': [16, 16, 16, 16, 16, 16, 16, 16, 16, 18, 18, 16], 'wo': [16, 16, 16, 16, 18, 16, 18, 22, 18, 16, 16, 16], 'wffn1': [16, 18, 16, 20, 16, 16, 16, 16, 22, 18, 22, 16], 'wffn2': [16, 16, 16, 16, 16, 18, 16, 16, 16, 16, 16, 16]}
noise_eval_repeat_n: 200
skip_stage1_rl: True
skip_stage1_final_eval: True
skip_noise_final_eval: False
group_by_length: False
wandb_project: 
wandb_run_name: 
wandb_watch: 
wandb_log_model: 
resume_from_checkpoint: None

BertForSequenceClassification(
  (bert): BertModel(
    (embeddings): BertEmbeddings(
      (word_embeddings): Embedding(30522, 768, padding_idx=0)
      (position_embeddings): Embedding(512, 768)
      (token_type_embeddings): Embedding(2, 768)
      (LayerNorm): LayerNorm((768,), eps=1e-12, elementwise_affine=True)
      (dropout): Dropout(p=0.1, inplace=False)
    )
    (encoder): BertEncoder(
      (layer): ModuleList(
        (0-11): 12 x BertLayer(
          (attention): BertAttention(
            (self): BertSelfAttention(
              (query): Linear(in_features=768, out_features=768, bias=True)
              (key): Linear(in_features=768, out_features=768, bias=True)
              (value): Linear(in_features=768, out_features=768, bias=True)
              (dropout): Dropout(p=0.1, inplace=False)
            )
            (output): BertSelfOutput(
              (dense): Linear(in_features=768, out_features=768, bias=True)
              (LayerNorm): LayerNorm((768,), eps=1e-12, elementwise_affine=True)
              (dropout): Dropout(p=0.1, inplace=False)
            )
          )
          (intermediate): BertIntermediate(
            (dense): Linear(in_features=768, out_features=3072, bias=True)
            (intermediate_act_fn): GELUActivation()
          )
          (output): BertOutput(
            (dense): Linear(in_features=3072, out_features=768, bias=True)
            (LayerNorm): LayerNorm((768,), eps=1e-12, elementwise_affine=True)
            (dropout): Dropout(p=0.1, inplace=False)
          )
        )
      )
    )
    (pooler): BertPooler(
      (dense): Linear(in_features=768, out_features=768, bias=True)
      (activation): Tanh()
    )
  )
  (dropout): Dropout(p=0.1, inplace=False)
  (classifier): Linear(in_features=768, out_features=2, bias=True)
)
Loading dataset: Dataset({
    features: ['sentence1', 'sentence2', 'label', 'idx'],
    num_rows: 408
})
Map:   0%|          | 0/3668 [00:00<?, ? examples/s]Map:  18%|█▊        | 669/3668 [00:00<00:00, 6652.23 examples/s]Map:  37%|███▋      | 1350/3668 [00:00<00:00, 6216.79 examples/s]Map:  55%|█████▍    | 2000/3668 [00:00<00:00, 6167.85 examples/s]Map:  74%|███████▍  | 2710/3668 [00:00<00:00, 6515.11 examples/s]Map: 100%|██████████| 3668/3668 [00:00<00:00, 6259.82 examples/s]Map: 100%|██████████| 3668/3668 [00:00<00:00, 6285.36 examples/s]
Map:   0%|          | 0/408 [00:00<?, ? examples/s]Map: 100%|██████████| 408/408 [00:00<00:00, 6184.37 examples/s]
Map:   0%|          | 0/1725 [00:00<?, ? examples/s]Map:  41%|████      | 706/1725 [00:00<00:00, 7027.65 examples/s]Map:  98%|█████████▊| 1698/1725 [00:00<00:00, 6533.30 examples/s]Map: 100%|██████████| 1725/1725 [00:00<00:00, 6286.75 examples/s]
You're using a BertTokenizerFast tokenizer. Please note that with a fast tokenizer, using the `__call__` method is faster than using a method to encode the text followed by a call to the `pad` method to get a padded encoding.
After tokenize: {'sentence1': "He said he has begun a court action to seize Beacon Hill 's assets and has frozen more than $ 13 million Beacon Hill had when it closed .", 'sentence2': 'He said he has initiated a forfeiture action in court and frozen more than $ 13 million Beacon Hill had when it closed .', 'label': 1, 'idx': 3376, 'input_ids': [101, 2002, 2056, 2002, 2038, 5625, 1037, 2457, 2895, 2000, 15126, 14400, 2940, 1005, 1055, 7045, 1998, 2038, 7708, 2062, 2084, 1002, 2410, 2454, 14400, 2940, 2018, 2043, 2009, 2701, 1012, 102, 2002, 2056, 2002, 2038, 7531, 1037, 2005, 21156, 5397, 2895, 1999, 2457, 1998, 7708, 2062, 2084, 1002, 2410, 2454, 14400, 2940, 2018, 2043, 2009, 2701, 1012, 102], 'token_type_ids': [0, 0, 0, 0, 0, 0, 0, 0, 0, 0, 0, 0, 0, 0, 0, 0, 0, 0, 0, 0, 0, 0, 0, 0, 0, 0, 0, 0, 0, 0, 0, 0, 1, 1, 1, 1, 1, 1, 1, 1, 1, 1, 1, 1, 1, 1, 1, 1, 1, 1, 1, 1, 1, 1, 1, 1, 1, 1, 1], 'attention_mask': [1, 1, 1, 1, 1, 1, 1, 1, 1, 1, 1, 1, 1, 1, 1, 1, 1, 1, 1, 1, 1, 1, 1, 1, 1, 1, 1, 1, 1, 1, 1, 1, 1, 1, 1, 1, 1, 1, 1, 1, 1, 1, 1, 1, 1, 1, 1, 1, 1, 1, 1, 1, 1, 1, 1, 1, 1, 1, 1]}
After add label: {'sentence1': "He said he has begun a court action to seize Beacon Hill 's assets and has frozen more than $ 13 million Beacon Hill had when it closed .", 'sentence2': 'He said he has initiated a forfeiture action in court and frozen more than $ 13 million Beacon Hill had when it closed .', 'labels': 1, 'idx': 3376, 'input_ids': [101, 2002, 2056, 2002, 2038, 5625, 1037, 2457, 2895, 2000, 15126, 14400, 2940, 1005, 1055, 7045, 1998, 2038, 7708, 2062, 2084, 1002, 2410, 2454, 14400, 2940, 2018, 2043, 2009, 2701, 1012, 102, 2002, 2056, 2002, 2038, 7531, 1037, 2005, 21156, 5397, 2895, 1999, 2457, 1998, 7708, 2062, 2084, 1002, 2410, 2454, 14400, 2940, 2018, 2043, 2009, 2701, 1012, 102], 'token_type_ids': [0, 0, 0, 0, 0, 0, 0, 0, 0, 0, 0, 0, 0, 0, 0, 0, 0, 0, 0, 0, 0, 0, 0, 0, 0, 0, 0, 0, 0, 0, 0, 0, 1, 1, 1, 1, 1, 1, 1, 1, 1, 1, 1, 1, 1, 1, 1, 1, 1, 1, 1, 1, 1, 1, 1, 1, 1, 1, 1], 'attention_mask': [1, 1, 1, 1, 1, 1, 1, 1, 1, 1, 1, 1, 1, 1, 1, 1, 1, 1, 1, 1, 1, 1, 1, 1, 1, 1, 1, 1, 1, 1, 1, 1, 1, 1, 1, 1, 1, 1, 1, 1, 1, 1, 1, 1, 1, 1, 1, 1, 1, 1, 1, 1, 1, 1, 1, 1, 1, 1, 1]}
After format: Dataset({
    features: ['sentence1', 'sentence2', 'labels', 'idx', 'input_ids', 'token_type_ids', 'attention_mask'],
    num_rows: 408
})
Train data size: 3668
Validation data size: 408
Reinforcement Learning to evaluate layer sensitivity to approximation
[Info] Dataset 'mrpc' detected as CLASSIFICATION task
[Info] Using metrics: Accuracy, F1
Model compile started
Model compile finished
Starting evaluation...
Round 0 of evaluation
{'labels': tensor(1), 'input_ids': tensor([  101,  2002,  2056,  2002,  2038,  5625,  1037,  2457,  2895,  2000,
        15126, 14400,  2940,  1005,  1055,  7045,  1998,  2038,  7708,  2062,
         2084,  1002,  2410,  2454, 14400,  2940,  2018,  2043,  2009,  2701,
         1012,   102,  2002,  2056,  2002,  2038,  7531,  1037,  2005, 21156,
         5397,  2895,  1999,  2457,  1998,  7708,  2062,  2084,  1002,  2410,
         2454, 14400,  2940,  2018,  2043,  2009,  2701,  1012,   102]), 'token_type_ids': tensor([0, 0, 0, 0, 0, 0, 0, 0, 0, 0, 0, 0, 0, 0, 0, 0, 0, 0, 0, 0, 0, 0, 0, 0,
        0, 0, 0, 0, 0, 0, 0, 0, 1, 1, 1, 1, 1, 1, 1, 1, 1, 1, 1, 1, 1, 1, 1, 1,
        1, 1, 1, 1, 1, 1, 1, 1, 1, 1, 1]), 'attention_mask': tensor([1, 1, 1, 1, 1, 1, 1, 1, 1, 1, 1, 1, 1, 1, 1, 1, 1, 1, 1, 1, 1, 1, 1, 1,
        1, 1, 1, 1, 1, 1, 1, 1, 1, 1, 1, 1, 1, 1, 1, 1, 1, 1, 1, 1, 1, 1, 1, 1,
        1, 1, 1, 1, 1, 1, 1, 1, 1, 1, 1])}
{'labels': tensor(1), 'input_ids': tensor([  101,  2002,  2056,  2002,  2038,  5625,  1037,  2457,  2895,  2000,
        15126, 14400,  2940,  1005,  1055,  7045,  1998,  2038,  7708,  2062,
         2084,  1002,  2410,  2454, 14400,  2940,  2018,  2043,  2009,  2701,
         1012,   102,  2002,  2056,  2002,  2038,  7531,  1037,  2005, 21156,
         5397,  2895,  1999,  2457,  1998,  7708,  2062,  2084,  1002,  2410,
         2454, 14400,  2940,  2018,  2043,  2009,  2701,  1012,   102]), 'token_type_ids': tensor([0, 0, 0, 0, 0, 0, 0, 0, 0, 0, 0, 0, 0, 0, 0, 0, 0, 0, 0, 0, 0, 0, 0, 0,
        0, 0, 0, 0, 0, 0, 0, 0, 1, 1, 1, 1, 1, 1, 1, 1, 1, 1, 1, 1, 1, 1, 1, 1,
        1, 1, 1, 1, 1, 1, 1, 1, 1, 1, 1]), 'attention_mask': tensor([1, 1, 1, 1, 1, 1, 1, 1, 1, 1, 1, 1, 1, 1, 1, 1, 1, 1, 1, 1, 1, 1, 1, 1,
        1, 1, 1, 1, 1, 1, 1, 1, 1, 1, 1, 1, 1, 1, 1, 1, 1, 1, 1, 1, 1, 1, 1, 1,
        1, 1, 1, 1, 1, 1, 1, 1, 1, 1, 1])}
  0%|          | 0/26 [00:00<?, ?it/s] 38%|███▊      | 10/26 [00:00<00:00, 94.71it/s] 77%|███████▋  | 20/26 [00:00<00:00, 57.48it/s]
============================================================
STARTING CONFIGURATION EVALUATION
SEARCH_MODE=rl
FINAL_EVAL_CONFIG_SOURCE=manual
[Info] First-stage RL/greedy search skipped (--skip-stage1-rl).
============================================================

--- Phase 1: SKIPPED (--skip-stage1-rl) ---
[Info] Baseline establishment is skipped because it is only used by first-stage RL/greedy search.

--- Phase 1.5: SKIPPED (--skip-stage1-rl) ---
[Info] GELU input distribution analysis is skipped because it is only used by first-stage RL/greedy search.

============================================================
PHASE 2.5: GREEDY SEARCH (SKIPPED)
============================================================
[Info] First-stage PPO/greedy skipped (--skip-stage1-rl).
[Info] GELU/Softmax 将根据 --final-eval-source 在最终评估模块中解析。
============================================================

============================================================
FINAL EVALUATION REPORT (验证集)
============================================================

============================================================
PHASE 3 + 4: SKIPPED (--skip-stage1-final-eval)
============================================================
[Info] 跳过第一阶段最终评估，直接使用 Selected (Manual) (source=manual) 配置进入第二阶段。
  GELU   : [1, 1, 1, 1, 1, 4, 1, 1, 1, 1, 1, 1]
  Softmax: [2, 2, 5, 5, 5, 2, 5, 2, 5, 5, 6, 2]

[Info] Second-stage noise RL training skipped (--skip-noise-rl).
已替换 11 层的GELU函数
已替换 1 层的GELU函数
已替换 5 层的Softmax函数
已替换 6 层的Softmax函数
已替换 1 层的Softmax函数
Input noise enabled for 12 layers (scaling_factor=30, distribution=fresh)
query noise enabled for 12 layers (scaling_factor=22, distribution=encoding)
key noise enabled for 12 layers (scaling_factor=22, distribution=encoding)
value noise enabled for 12 layers (scaling_factor=22, distribution=encoding)
wo noise enabled for 12 layers (scaling_factor=22, distribution=encoding)
wffn1 noise enabled for 12 layers (scaling_factor=22, distribution=encoding)
wffn2 noise enabled for 12 layers (scaling_factor=22, distribution=encoding)

============================================================
PHASE 5.5: NOISE RL FINAL EVALUATION (验证集)
NOISE_EVAL_CONFIG_SOURCE=manual
NOISE_EVAL_REPEAT_N=200
============================================================
已替换 11 层的GELU函数
已替换 1 层的GELU函数
已替换 5 层的Softmax函数
已替换 6 层的Softmax函数
已替换 1 层的Softmax函数
Input noise enabled for 12 layers (scaling_factor=30, distribution=fresh)
query noise enabled for 12 layers (scaling_factor=22, distribution=encoding)
key noise enabled for 12 layers (scaling_factor=22, distribution=encoding)
value noise enabled for 12 layers (scaling_factor=22, distribution=encoding)
wo noise enabled for 12 layers (scaling_factor=22, distribution=encoding)
wffn1 noise enabled for 12 layers (scaling_factor=22, distribution=encoding)
wffn2 noise enabled for 12 layers (scaling_factor=22, distribution=encoding)
Evaluating No-Noise control (GELU/Softmax only, no noise injection)...
已替换 11 层的GELU函数
已替换 1 层的GELU函数
已替换 5 层的Softmax函数
已替换 6 层的Softmax函数
已替换 1 层的Softmax函数
已替换 11 层的GELU函数
已替换 1 层的GELU函数
已替换 5 层的Softmax函数
已替换 6 层的Softmax函数
已替换 1 层的Softmax函数
Input noise enabled for 10 layers (scaling_factor=24, distribution=fresh)
Input noise enabled for 1 layers (scaling_factor=26, distribution=fresh)
Input noise enabled for 1 layers (scaling_factor=30, distribution=fresh)
query noise enabled for 8 layers (scaling_factor=16, distribution=encoding)
query noise enabled for 1 layers (scaling_factor=18, distribution=encoding)
query noise enabled for 3 layers (scaling_factor=20, distribution=encoding)
key noise enabled for 10 layers (scaling_factor=16, distribution=encoding)
key noise enabled for 1 layers (scaling_factor=18, distribution=encoding)
key noise enabled for 1 layers (scaling_factor=20, distribution=encoding)
value noise enabled for 10 layers (scaling_factor=16, distribution=encoding)
value noise enabled for 2 layers (scaling_factor=18, distribution=encoding)
wo noise enabled for 8 layers (scaling_factor=16, distribution=encoding)
wo noise enabled for 3 layers (scaling_factor=18, distribution=encoding)
wo noise enabled for 1 layers (scaling_factor=22, distribution=encoding)
wffn1 noise enabled for 7 layers (scaling_factor=16, distribution=encoding)
wffn1 noise enabled for 2 layers (scaling_factor=18, distribution=encoding)
wffn1 noise enabled for 1 layers (scaling_factor=20, distribution=encoding)
wffn1 noise enabled for 2 layers (scaling_factor=22, distribution=encoding)
wffn2 noise enabled for 11 layers (scaling_factor=16, distribution=encoding)
wffn2 noise enabled for 1 layers (scaling_factor=18, distribution=encoding)

--- Selected (Manual Noise) : N=200 次重复评估 ---
已替换 11 层的GELU函数
已替换 1 层的GELU函数
已替换 5 层的Softmax函数
已替换 6 层的Softmax函数
已替换 1 层的Softmax函数
Input noise enabled for 10 layers (scaling_factor=24, distribution=fresh)
Input noise enabled for 1 layers (scaling_factor=26, distribution=fresh)
Input noise enabled for 1 layers (scaling_factor=30, distribution=fresh)
query noise enabled for 8 layers (scaling_factor=16, distribution=encoding)
query noise enabled for 1 layers (scaling_factor=18, distribution=encoding)
query noise enabled for 3 layers (scaling_factor=20, distribution=encoding)
key noise enabled for 10 layers (scaling_factor=16, distribution=encoding)
key noise enabled for 1 layers (scaling_factor=18, distribution=encoding)
key noise enabled for 1 layers (scaling_factor=20, distribution=encoding)
value noise enabled for 10 layers (scaling_factor=16, distribution=encoding)
value noise enabled for 2 layers (scaling_factor=18, distribution=encoding)
wo noise enabled for 8 layers (scaling_factor=16, distribution=encoding)
wo noise enabled for 3 layers (scaling_factor=18, distribution=encoding)
wo noise enabled for 1 layers (scaling_factor=22, distribution=encoding)
wffn1 noise enabled for 7 layers (scaling_factor=16, distribution=encoding)
wffn1 noise enabled for 2 layers (scaling_factor=18, distribution=encoding)
wffn1 noise enabled for 1 layers (scaling_factor=20, distribution=encoding)
wffn1 noise enabled for 2 layers (scaling_factor=22, distribution=encoding)
wffn2 noise enabled for 11 layers (scaling_factor=16, distribution=encoding)
wffn2 noise enabled for 1 layers (scaling_factor=18, distribution=encoding)
  Trial 1/200: Loss=0.3271, Acc.=0.8799, F1=0.8781, Time=31.0ms
已替换 11 层的GELU函数
已替换 1 层的GELU函数
已替换 5 层的Softmax函数
已替换 6 层的Softmax函数
已替换 1 层的Softmax函数
Input noise enabled for 10 layers (scaling_factor=24, distribution=fresh)
Input noise enabled for 1 layers (scaling_factor=26, distribution=fresh)
Input noise enabled for 1 layers (scaling_factor=30, distribution=fresh)
query noise enabled for 8 layers (scaling_factor=16, distribution=encoding)
query noise enabled for 1 layers (scaling_factor=18, distribution=encoding)
query noise enabled for 3 layers (scaling_factor=20, distribution=encoding)
key noise enabled for 10 layers (scaling_factor=16, distribution=encoding)
key noise enabled for 1 layers (scaling_factor=18, distribution=encoding)
key noise enabled for 1 layers (scaling_factor=20, distribution=encoding)
value noise enabled for 10 layers (scaling_factor=16, distribution=encoding)
value noise enabled for 2 layers (scaling_factor=18, distribution=encoding)
wo noise enabled for 8 layers (scaling_factor=16, distribution=encoding)
wo noise enabled for 3 layers (scaling_factor=18, distribution=encoding)
wo noise enabled for 1 layers (scaling_factor=22, distribution=encoding)
wffn1 noise enabled for 7 layers (scaling_factor=16, distribution=encoding)
wffn1 noise enabled for 2 layers (scaling_factor=18, distribution=encoding)
wffn1 noise enabled for 1 layers (scaling_factor=20, distribution=encoding)
wffn1 noise enabled for 2 layers (scaling_factor=22, distribution=encoding)
wffn2 noise enabled for 11 layers (scaling_factor=16, distribution=encoding)
wffn2 noise enabled for 1 layers (scaling_factor=18, distribution=encoding)
  Trial 2/200: Loss=0.3246, Acc.=0.8799, F1=0.8781, Time=30.9ms
已替换 11 层的GELU函数
已替换 1 层的GELU函数
已替换 5 层的Softmax函数
已替换 6 层的Softmax函数
已替换 1 层的Softmax函数
Input noise enabled for 10 layers (scaling_factor=24, distribution=fresh)
Input noise enabled for 1 layers (scaling_factor=26, distribution=fresh)
Input noise enabled for 1 layers (scaling_factor=30, distribution=fresh)
query noise enabled for 8 layers (scaling_factor=16, distribution=encoding)
query noise enabled for 1 layers (scaling_factor=18, distribution=encoding)
query noise enabled for 3 layers (scaling_factor=20, distribution=encoding)
key noise enabled for 10 layers (scaling_factor=16, distribution=encoding)
key noise enabled for 1 layers (scaling_factor=18, distribution=encoding)
key noise enabled for 1 layers (scaling_factor=20, distribution=encoding)
value noise enabled for 10 layers (scaling_factor=16, distribution=encoding)
value noise enabled for 2 layers (scaling_factor=18, distribution=encoding)
wo noise enabled for 8 layers (scaling_factor=16, distribution=encoding)
wo noise enabled for 3 layers (scaling_factor=18, distribution=encoding)
wo noise enabled for 1 layers (scaling_factor=22, distribution=encoding)
wffn1 noise enabled for 7 layers (scaling_factor=16, distribution=encoding)
wffn1 noise enabled for 2 layers (scaling_factor=18, distribution=encoding)
wffn1 noise enabled for 1 layers (scaling_factor=20, distribution=encoding)
wffn1 noise enabled for 2 layers (scaling_factor=22, distribution=encoding)
wffn2 noise enabled for 11 layers (scaling_factor=16, distribution=encoding)
wffn2 noise enabled for 1 layers (scaling_factor=18, distribution=encoding)
  Trial 3/200: Loss=0.3257, Acc.=0.8824, F1=0.8804, Time=30.9ms
已替换 11 层的GELU函数
已替换 1 层的GELU函数
已替换 5 层的Softmax函数
已替换 6 层的Softmax函数
已替换 1 层的Softmax函数
Input noise enabled for 10 layers (scaling_factor=24, distribution=fresh)
Input noise enabled for 1 layers (scaling_factor=26, distribution=fresh)
Input noise enabled for 1 layers (scaling_factor=30, distribution=fresh)
query noise enabled for 8 layers (scaling_factor=16, distribution=encoding)
query noise enabled for 1 layers (scaling_factor=18, distribution=encoding)
query noise enabled for 3 layers (scaling_factor=20, distribution=encoding)
key noise enabled for 10 layers (scaling_factor=16, distribution=encoding)
key noise enabled for 1 layers (scaling_factor=18, distribution=encoding)
key noise enabled for 1 layers (scaling_factor=20, distribution=encoding)
value noise enabled for 10 layers (scaling_factor=16, distribution=encoding)
value noise enabled for 2 layers (scaling_factor=18, distribution=encoding)
wo noise enabled for 8 layers (scaling_factor=16, distribution=encoding)
wo noise enabled for 3 layers (scaling_factor=18, distribution=encoding)
wo noise enabled for 1 layers (scaling_factor=22, distribution=encoding)
wffn1 noise enabled for 7 layers (scaling_factor=16, distribution=encoding)
wffn1 noise enabled for 2 layers (scaling_factor=18, distribution=encoding)
wffn1 noise enabled for 1 layers (scaling_factor=20, distribution=encoding)
wffn1 noise enabled for 2 layers (scaling_factor=22, distribution=encoding)
wffn2 noise enabled for 11 layers (scaling_factor=16, distribution=encoding)
wffn2 noise enabled for 1 layers (scaling_factor=18, distribution=encoding)
  Trial 4/200: Loss=0.3255, Acc.=0.8775, F1=0.8758, Time=30.8ms
已替换 11 层的GELU函数
已替换 1 层的GELU函数
已替换 5 层的Softmax函数
已替换 6 层的Softmax函数
已替换 1 层的Softmax函数
Input noise enabled for 10 layers (scaling_factor=24, distribution=fresh)
Input noise enabled for 1 layers (scaling_factor=26, distribution=fresh)
Input noise enabled for 1 layers (scaling_factor=30, distribution=fresh)
query noise enabled for 8 layers (scaling_factor=16, distribution=encoding)
query noise enabled for 1 layers (scaling_factor=18, distribution=encoding)
query noise enabled for 3 layers (scaling_factor=20, distribution=encoding)
key noise enabled for 10 layers (scaling_factor=16, distribution=encoding)
key noise enabled for 1 layers (scaling_factor=18, distribution=encoding)
key noise enabled for 1 layers (scaling_factor=20, distribution=encoding)
value noise enabled for 10 layers (scaling_factor=16, distribution=encoding)
value noise enabled for 2 layers (scaling_factor=18, distribution=encoding)
wo noise enabled for 8 layers (scaling_factor=16, distribution=encoding)
wo noise enabled for 3 layers (scaling_factor=18, distribution=encoding)
wo noise enabled for 1 layers (scaling_factor=22, distribution=encoding)
wffn1 noise enabled for 7 layers (scaling_factor=16, distribution=encoding)
wffn1 noise enabled for 2 layers (scaling_factor=18, distribution=encoding)
wffn1 noise enabled for 1 layers (scaling_factor=20, distribution=encoding)
wffn1 noise enabled for 2 layers (scaling_factor=22, distribution=encoding)
wffn2 noise enabled for 11 layers (scaling_factor=16, distribution=encoding)
wffn2 noise enabled for 1 layers (scaling_factor=18, distribution=encoding)
  Trial 5/200: Loss=0.3279, Acc.=0.8848, F1=0.8831, Time=30.8ms
已替换 11 层的GELU函数
已替换 1 层的GELU函数
已替换 5 层的Softmax函数
已替换 6 层的Softmax函数
已替换 1 层的Softmax函数
Input noise enabled for 10 layers (scaling_factor=24, distribution=fresh)
Input noise enabled for 1 layers (scaling_factor=26, distribution=fresh)
Input noise enabled for 1 layers (scaling_factor=30, distribution=fresh)
query noise enabled for 8 layers (scaling_factor=16, distribution=encoding)
query noise enabled for 1 layers (scaling_factor=18, distribution=encoding)
query noise enabled for 3 layers (scaling_factor=20, distribution=encoding)
key noise enabled for 10 layers (scaling_factor=16, distribution=encoding)
key noise enabled for 1 layers (scaling_factor=18, distribution=encoding)
key noise enabled for 1 layers (scaling_factor=20, distribution=encoding)
value noise enabled for 10 layers (scaling_factor=16, distribution=encoding)
value noise enabled for 2 layers (scaling_factor=18, distribution=encoding)
wo noise enabled for 8 layers (scaling_factor=16, distribution=encoding)
wo noise enabled for 3 layers (scaling_factor=18, distribution=encoding)
wo noise enabled for 1 layers (scaling_factor=22, distribution=encoding)
wffn1 noise enabled for 7 layers (scaling_factor=16, distribution=encoding)
wffn1 noise enabled for 2 layers (scaling_factor=18, distribution=encoding)
wffn1 noise enabled for 1 layers (scaling_factor=20, distribution=encoding)
wffn1 noise enabled for 2 layers (scaling_factor=22, distribution=encoding)
wffn2 noise enabled for 11 layers (scaling_factor=16, distribution=encoding)
wffn2 noise enabled for 1 layers (scaling_factor=18, distribution=encoding)
  Trial 6/200: Loss=0.3262, Acc.=0.8775, F1=0.8754, Time=31.0ms
已替换 11 层的GELU函数
已替换 1 层的GELU函数
已替换 5 层的Softmax函数
已替换 6 层的Softmax函数
已替换 1 层的Softmax函数
Input noise enabled for 10 layers (scaling_factor=24, distribution=fresh)
Input noise enabled for 1 layers (scaling_factor=26, distribution=fresh)
Input noise enabled for 1 layers (scaling_factor=30, distribution=fresh)
query noise enabled for 8 layers (scaling_factor=16, distribution=encoding)
query noise enabled for 1 layers (scaling_factor=18, distribution=encoding)
query noise enabled for 3 layers (scaling_factor=20, distribution=encoding)
key noise enabled for 10 layers (scaling_factor=16, distribution=encoding)
key noise enabled for 1 layers (scaling_factor=18, distribution=encoding)
key noise enabled for 1 layers (scaling_factor=20, distribution=encoding)
value noise enabled for 10 layers (scaling_factor=16, distribution=encoding)
value noise enabled for 2 layers (scaling_factor=18, distribution=encoding)
wo noise enabled for 8 layers (scaling_factor=16, distribution=encoding)
wo noise enabled for 3 layers (scaling_factor=18, distribution=encoding)
wo noise enabled for 1 layers (scaling_factor=22, distribution=encoding)
wffn1 noise enabled for 7 layers (scaling_factor=16, distribution=encoding)
wffn1 noise enabled for 2 layers (scaling_factor=18, distribution=encoding)
wffn1 noise enabled for 1 layers (scaling_factor=20, distribution=encoding)
wffn1 noise enabled for 2 layers (scaling_factor=22, distribution=encoding)
wffn2 noise enabled for 11 layers (scaling_factor=16, distribution=encoding)
wffn2 noise enabled for 1 layers (scaling_factor=18, distribution=encoding)
  Trial 7/200: Loss=0.3256, Acc.=0.8799, F1=0.8781, Time=30.9ms
已替换 11 层的GELU函数
已替换 1 层的GELU函数
已替换 5 层的Softmax函数
已替换 6 层的Softmax函数
已替换 1 层的Softmax函数
Input noise enabled for 10 layers (scaling_factor=24, distribution=fresh)
Input noise enabled for 1 layers (scaling_factor=26, distribution=fresh)
Input noise enabled for 1 layers (scaling_factor=30, distribution=fresh)
query noise enabled for 8 layers (scaling_factor=16, distribution=encoding)
query noise enabled for 1 layers (scaling_factor=18, distribution=encoding)
query noise enabled for 3 layers (scaling_factor=20, distribution=encoding)
key noise enabled for 10 layers (scaling_factor=16, distribution=encoding)
key noise enabled for 1 layers (scaling_factor=18, distribution=encoding)
key noise enabled for 1 layers (scaling_factor=20, distribution=encoding)
value noise enabled for 10 layers (scaling_factor=16, distribution=encoding)
value noise enabled for 2 layers (scaling_factor=18, distribution=encoding)
wo noise enabled for 8 layers (scaling_factor=16, distribution=encoding)
wo noise enabled for 3 layers (scaling_factor=18, distribution=encoding)
wo noise enabled for 1 layers (scaling_factor=22, distribution=encoding)
wffn1 noise enabled for 7 layers (scaling_factor=16, distribution=encoding)
wffn1 noise enabled for 2 layers (scaling_factor=18, distribution=encoding)
wffn1 noise enabled for 1 layers (scaling_factor=20, distribution=encoding)
wffn1 noise enabled for 2 layers (scaling_factor=22, distribution=encoding)
wffn2 noise enabled for 11 layers (scaling_factor=16, distribution=encoding)
wffn2 noise enabled for 1 layers (scaling_factor=18, distribution=encoding)
  Trial 8/200: Loss=0.3266, Acc.=0.8824, F1=0.8804, Time=30.9ms
已替换 11 层的GELU函数
已替换 1 层的GELU函数
已替换 5 层的Softmax函数
已替换 6 层的Softmax函数
已替换 1 层的Softmax函数
Input noise enabled for 10 layers (scaling_factor=24, distribution=fresh)
Input noise enabled for 1 layers (scaling_factor=26, distribution=fresh)
Input noise enabled for 1 layers (scaling_factor=30, distribution=fresh)
query noise enabled for 8 layers (scaling_factor=16, distribution=encoding)
query noise enabled for 1 layers (scaling_factor=18, distribution=encoding)
query noise enabled for 3 layers (scaling_factor=20, distribution=encoding)
key noise enabled for 10 layers (scaling_factor=16, distribution=encoding)
key noise enabled for 1 layers (scaling_factor=18, distribution=encoding)
key noise enabled for 1 layers (scaling_factor=20, distribution=encoding)
value noise enabled for 10 layers (scaling_factor=16, distribution=encoding)
value noise enabled for 2 layers (scaling_factor=18, distribution=encoding)
wo noise enabled for 8 layers (scaling_factor=16, distribution=encoding)
wo noise enabled for 3 layers (scaling_factor=18, distribution=encoding)
wo noise enabled for 1 layers (scaling_factor=22, distribution=encoding)
wffn1 noise enabled for 7 layers (scaling_factor=16, distribution=encoding)
wffn1 noise enabled for 2 layers (scaling_factor=18, distribution=encoding)
wffn1 noise enabled for 1 layers (scaling_factor=20, distribution=encoding)
wffn1 noise enabled for 2 layers (scaling_factor=22, distribution=encoding)
wffn2 noise enabled for 11 layers (scaling_factor=16, distribution=encoding)
wffn2 noise enabled for 1 layers (scaling_factor=18, distribution=encoding)
  Trial 9/200: Loss=0.3281, Acc.=0.8799, F1=0.8781, Time=30.9ms
已替换 11 层的GELU函数
已替换 1 层的GELU函数
已替换 5 层的Softmax函数
已替换 6 层的Softmax函数
已替换 1 层的Softmax函数
Input noise enabled for 10 layers (scaling_factor=24, distribution=fresh)
Input noise enabled for 1 layers (scaling_factor=26, distribution=fresh)
Input noise enabled for 1 layers (scaling_factor=30, distribution=fresh)
query noise enabled for 8 layers (scaling_factor=16, distribution=encoding)
query noise enabled for 1 layers (scaling_factor=18, distribution=encoding)
query noise enabled for 3 layers (scaling_factor=20, distribution=encoding)
key noise enabled for 10 layers (scaling_factor=16, distribution=encoding)
key noise enabled for 1 layers (scaling_factor=18, distribution=encoding)
key noise enabled for 1 layers (scaling_factor=20, distribution=encoding)
value noise enabled for 10 layers (scaling_factor=16, distribution=encoding)
value noise enabled for 2 layers (scaling_factor=18, distribution=encoding)
wo noise enabled for 8 layers (scaling_factor=16, distribution=encoding)
wo noise enabled for 3 layers (scaling_factor=18, distribution=encoding)
wo noise enabled for 1 layers (scaling_factor=22, distribution=encoding)
wffn1 noise enabled for 7 layers (scaling_factor=16, distribution=encoding)
wffn1 noise enabled for 2 layers (scaling_factor=18, distribution=encoding)
wffn1 noise enabled for 1 layers (scaling_factor=20, distribution=encoding)
wffn1 noise enabled for 2 layers (scaling_factor=22, distribution=encoding)
wffn2 noise enabled for 11 layers (scaling_factor=16, distribution=encoding)
wffn2 noise enabled for 1 layers (scaling_factor=18, distribution=encoding)
  Trial 10/200: Loss=0.3291, Acc.=0.8799, F1=0.8781, Time=30.8ms
已替换 11 层的GELU函数
已替换 1 层的GELU函数
已替换 5 层的Softmax函数
已替换 6 层的Softmax函数
已替换 1 层的Softmax函数
Input noise enabled for 10 layers (scaling_factor=24, distribution=fresh)
Input noise enabled for 1 layers (scaling_factor=26, distribution=fresh)
Input noise enabled for 1 layers (scaling_factor=30, distribution=fresh)
query noise enabled for 8 layers (scaling_factor=16, distribution=encoding)
query noise enabled for 1 layers (scaling_factor=18, distribution=encoding)
query noise enabled for 3 layers (scaling_factor=20, distribution=encoding)
key noise enabled for 10 layers (scaling_factor=16, distribution=encoding)
key noise enabled for 1 layers (scaling_factor=18, distribution=encoding)
key noise enabled for 1 layers (scaling_factor=20, distribution=encoding)
value noise enabled for 10 layers (scaling_factor=16, distribution=encoding)
value noise enabled for 2 layers (scaling_factor=18, distribution=encoding)
wo noise enabled for 8 layers (scaling_factor=16, distribution=encoding)
wo noise enabled for 3 layers (scaling_factor=18, distribution=encoding)
wo noise enabled for 1 layers (scaling_factor=22, distribution=encoding)
wffn1 noise enabled for 7 layers (scaling_factor=16, distribution=encoding)
wffn1 noise enabled for 2 layers (scaling_factor=18, distribution=encoding)
wffn1 noise enabled for 1 layers (scaling_factor=20, distribution=encoding)
wffn1 noise enabled for 2 layers (scaling_factor=22, distribution=encoding)
wffn2 noise enabled for 11 layers (scaling_factor=16, distribution=encoding)
wffn2 noise enabled for 1 layers (scaling_factor=18, distribution=encoding)
  Trial 11/200: Loss=0.3276, Acc.=0.8775, F1=0.8754, Time=30.9ms
已替换 11 层的GELU函数
已替换 1 层的GELU函数
已替换 5 层的Softmax函数
已替换 6 层的Softmax函数
已替换 1 层的Softmax函数
Input noise enabled for 10 layers (scaling_factor=24, distribution=fresh)
Input noise enabled for 1 layers (scaling_factor=26, distribution=fresh)
Input noise enabled for 1 layers (scaling_factor=30, distribution=fresh)
query noise enabled for 8 layers (scaling_factor=16, distribution=encoding)
query noise enabled for 1 layers (scaling_factor=18, distribution=encoding)
query noise enabled for 3 layers (scaling_factor=20, distribution=encoding)
key noise enabled for 10 layers (scaling_factor=16, distribution=encoding)
key noise enabled for 1 layers (scaling_factor=18, distribution=encoding)
key noise enabled for 1 layers (scaling_factor=20, distribution=encoding)
value noise enabled for 10 layers (scaling_factor=16, distribution=encoding)
value noise enabled for 2 layers (scaling_factor=18, distribution=encoding)
wo noise enabled for 8 layers (scaling_factor=16, distribution=encoding)
wo noise enabled for 3 layers (scaling_factor=18, distribution=encoding)
wo noise enabled for 1 layers (scaling_factor=22, distribution=encoding)
wffn1 noise enabled for 7 layers (scaling_factor=16, distribution=encoding)
wffn1 noise enabled for 2 layers (scaling_factor=18, distribution=encoding)
wffn1 noise enabled for 1 layers (scaling_factor=20, distribution=encoding)
wffn1 noise enabled for 2 layers (scaling_factor=22, distribution=encoding)
wffn2 noise enabled for 11 layers (scaling_factor=16, distribution=encoding)
wffn2 noise enabled for 1 layers (scaling_factor=18, distribution=encoding)
  Trial 12/200: Loss=0.3265, Acc.=0.8799, F1=0.8781, Time=31.1ms
已替换 11 层的GELU函数
已替换 1 层的GELU函数
已替换 5 层的Softmax函数
已替换 6 层的Softmax函数
已替换 1 层的Softmax函数
Input noise enabled for 10 layers (scaling_factor=24, distribution=fresh)
Input noise enabled for 1 layers (scaling_factor=26, distribution=fresh)
Input noise enabled for 1 layers (scaling_factor=30, distribution=fresh)
query noise enabled for 8 layers (scaling_factor=16, distribution=encoding)
query noise enabled for 1 layers (scaling_factor=18, distribution=encoding)
query noise enabled for 3 layers (scaling_factor=20, distribution=encoding)
key noise enabled for 10 layers (scaling_factor=16, distribution=encoding)
key noise enabled for 1 layers (scaling_factor=18, distribution=encoding)
key noise enabled for 1 layers (scaling_factor=20, distribution=encoding)
value noise enabled for 10 layers (scaling_factor=16, distribution=encoding)
value noise enabled for 2 layers (scaling_factor=18, distribution=encoding)
wo noise enabled for 8 layers (scaling_factor=16, distribution=encoding)
wo noise enabled for 3 layers (scaling_factor=18, distribution=encoding)
wo noise enabled for 1 layers (scaling_factor=22, distribution=encoding)
wffn1 noise enabled for 7 layers (scaling_factor=16, distribution=encoding)
wffn1 noise enabled for 2 layers (scaling_factor=18, distribution=encoding)
wffn1 noise enabled for 1 layers (scaling_factor=20, distribution=encoding)
wffn1 noise enabled for 2 layers (scaling_factor=22, distribution=encoding)
wffn2 noise enabled for 11 layers (scaling_factor=16, distribution=encoding)
wffn2 noise enabled for 1 layers (scaling_factor=18, distribution=encoding)
  Trial 13/200: Loss=0.3296, Acc.=0.8775, F1=0.8758, Time=30.9ms
已替换 11 层的GELU函数
已替换 1 层的GELU函数
已替换 5 层的Softmax函数
已替换 6 层的Softmax函数
已替换 1 层的Softmax函数
Input noise enabled for 10 layers (scaling_factor=24, distribution=fresh)
Input noise enabled for 1 layers (scaling_factor=26, distribution=fresh)
Input noise enabled for 1 layers (scaling_factor=30, distribution=fresh)
query noise enabled for 8 layers (scaling_factor=16, distribution=encoding)
query noise enabled for 1 layers (scaling_factor=18, distribution=encoding)
query noise enabled for 3 layers (scaling_factor=20, distribution=encoding)
key noise enabled for 10 layers (scaling_factor=16, distribution=encoding)
key noise enabled for 1 layers (scaling_factor=18, distribution=encoding)
key noise enabled for 1 layers (scaling_factor=20, distribution=encoding)
value noise enabled for 10 layers (scaling_factor=16, distribution=encoding)
value noise enabled for 2 layers (scaling_factor=18, distribution=encoding)
wo noise enabled for 8 layers (scaling_factor=16, distribution=encoding)
wo noise enabled for 3 layers (scaling_factor=18, distribution=encoding)
wo noise enabled for 1 layers (scaling_factor=22, distribution=encoding)
wffn1 noise enabled for 7 layers (scaling_factor=16, distribution=encoding)
wffn1 noise enabled for 2 layers (scaling_factor=18, distribution=encoding)
wffn1 noise enabled for 1 layers (scaling_factor=20, distribution=encoding)
wffn1 noise enabled for 2 layers (scaling_factor=22, distribution=encoding)
wffn2 noise enabled for 11 layers (scaling_factor=16, distribution=encoding)
wffn2 noise enabled for 1 layers (scaling_factor=18, distribution=encoding)
  Trial 14/200: Loss=0.3285, Acc.=0.8824, F1=0.8804, Time=30.9ms
100%|██████████| 26/26 [00:17<00:00, 57.48it/s]已替换 11 层的GELU函数
已替换 1 层的GELU函数
已替换 5 层的Softmax函数
已替换 6 层的Softmax函数
已替换 1 层的Softmax函数
Input noise enabled for 10 layers (scaling_factor=24, distribution=fresh)
Input noise enabled for 1 layers (scaling_factor=26, distribution=fresh)
Input noise enabled for 1 layers (scaling_factor=30, distribution=fresh)
query noise enabled for 8 layers (scaling_factor=16, distribution=encoding)
query noise enabled for 1 layers (scaling_factor=18, distribution=encoding)
query noise enabled for 3 layers (scaling_factor=20, distribution=encoding)
key noise enabled for 10 layers (scaling_factor=16, distribution=encoding)
key noise enabled for 1 layers (scaling_factor=18, distribution=encoding)
key noise enabled for 1 layers (scaling_factor=20, distribution=encoding)
value noise enabled for 10 layers (scaling_factor=16, distribution=encoding)
value noise enabled for 2 layers (scaling_factor=18, distribution=encoding)
wo noise enabled for 8 layers (scaling_factor=16, distribution=encoding)
wo noise enabled for 3 layers (scaling_factor=18, distribution=encoding)
wo noise enabled for 1 layers (scaling_factor=22, distribution=encoding)
wffn1 noise enabled for 7 layers (scaling_factor=16, distribution=encoding)
wffn1 noise enabled for 2 layers (scaling_factor=18, distribution=encoding)
wffn1 noise enabled for 1 layers (scaling_factor=20, distribution=encoding)
wffn1 noise enabled for 2 layers (scaling_factor=22, distribution=encoding)
wffn2 noise enabled for 11 layers (scaling_factor=16, distribution=encoding)
wffn2 noise enabled for 1 layers (scaling_factor=18, distribution=encoding)
  Trial 15/200: Loss=0.3276, Acc.=0.8775, F1=0.8758, Time=30.9ms
已替换 11 层的GELU函数
已替换 1 层的GELU函数
已替换 5 层的Softmax函数
已替换 6 层的Softmax函数
已替换 1 层的Softmax函数
Input noise enabled for 10 layers (scaling_factor=24, distribution=fresh)
Input noise enabled for 1 layers (scaling_factor=26, distribution=fresh)
Input noise enabled for 1 layers (scaling_factor=30, distribution=fresh)
query noise enabled for 8 layers (scaling_factor=16, distribution=encoding)
query noise enabled for 1 layers (scaling_factor=18, distribution=encoding)
query noise enabled for 3 layers (scaling_factor=20, distribution=encoding)
key noise enabled for 10 layers (scaling_factor=16, distribution=encoding)
key noise enabled for 1 layers (scaling_factor=18, distribution=encoding)
key noise enabled for 1 layers (scaling_factor=20, distribution=encoding)
value noise enabled for 10 layers (scaling_factor=16, distribution=encoding)
value noise enabled for 2 layers (scaling_factor=18, distribution=encoding)
wo noise enabled for 8 layers (scaling_factor=16, distribution=encoding)
wo noise enabled for 3 layers (scaling_factor=18, distribution=encoding)
wo noise enabled for 1 layers (scaling_factor=22, distribution=encoding)
wffn1 noise enabled for 7 layers (scaling_factor=16, distribution=encoding)
wffn1 noise enabled for 2 layers (scaling_factor=18, distribution=encoding)
wffn1 noise enabled for 1 layers (scaling_factor=20, distribution=encoding)
wffn1 noise enabled for 2 layers (scaling_factor=22, distribution=encoding)
wffn2 noise enabled for 11 layers (scaling_factor=16, distribution=encoding)
wffn2 noise enabled for 1 layers (scaling_factor=18, distribution=encoding)
  Trial 16/200: Loss=0.3279, Acc.=0.8824, F1=0.8804, Time=30.9ms
已替换 11 层的GELU函数
已替换 1 层的GELU函数
已替换 5 层的Softmax函数
已替换 6 层的Softmax函数
已替换 1 层的Softmax函数
Input noise enabled for 10 layers (scaling_factor=24, distribution=fresh)
Input noise enabled for 1 layers (scaling_factor=26, distribution=fresh)
Input noise enabled for 1 layers (scaling_factor=30, distribution=fresh)
query noise enabled for 8 layers (scaling_factor=16, distribution=encoding)
query noise enabled for 1 layers (scaling_factor=18, distribution=encoding)
query noise enabled for 3 layers (scaling_factor=20, distribution=encoding)
key noise enabled for 10 layers (scaling_factor=16, distribution=encoding)
key noise enabled for 1 layers (scaling_factor=18, distribution=encoding)
key noise enabled for 1 layers (scaling_factor=20, distribution=encoding)
value noise enabled for 10 layers (scaling_factor=16, distribution=encoding)
value noise enabled for 2 layers (scaling_factor=18, distribution=encoding)
wo noise enabled for 8 layers (scaling_factor=16, distribution=encoding)
wo noise enabled for 3 layers (scaling_factor=18, distribution=encoding)
wo noise enabled for 1 layers (scaling_factor=22, distribution=encoding)
wffn1 noise enabled for 7 layers (scaling_factor=16, distribution=encoding)
wffn1 noise enabled for 2 layers (scaling_factor=18, distribution=encoding)
wffn1 noise enabled for 1 layers (scaling_factor=20, distribution=encoding)
wffn1 noise enabled for 2 layers (scaling_factor=22, distribution=encoding)
wffn2 noise enabled for 11 layers (scaling_factor=16, distribution=encoding)
wffn2 noise enabled for 1 layers (scaling_factor=18, distribution=encoding)
  Trial 17/200: Loss=0.3259, Acc.=0.8824, F1=0.8804, Time=30.9ms
已替换 11 层的GELU函数
已替换 1 层的GELU函数
已替换 5 层的Softmax函数
已替换 6 层的Softmax函数
已替换 1 层的Softmax函数
Input noise enabled for 10 layers (scaling_factor=24, distribution=fresh)
Input noise enabled for 1 layers (scaling_factor=26, distribution=fresh)
Input noise enabled for 1 layers (scaling_factor=30, distribution=fresh)
query noise enabled for 8 layers (scaling_factor=16, distribution=encoding)
query noise enabled for 1 layers (scaling_factor=18, distribution=encoding)
query noise enabled for 3 layers (scaling_factor=20, distribution=encoding)
key noise enabled for 10 layers (scaling_factor=16, distribution=encoding)
key noise enabled for 1 layers (scaling_factor=18, distribution=encoding)
key noise enabled for 1 layers (scaling_factor=20, distribution=encoding)
value noise enabled for 10 layers (scaling_factor=16, distribution=encoding)
value noise enabled for 2 layers (scaling_factor=18, distribution=encoding)
wo noise enabled for 8 layers (scaling_factor=16, distribution=encoding)
wo noise enabled for 3 layers (scaling_factor=18, distribution=encoding)
wo noise enabled for 1 layers (scaling_factor=22, distribution=encoding)
wffn1 noise enabled for 7 layers (scaling_factor=16, distribution=encoding)
wffn1 noise enabled for 2 layers (scaling_factor=18, distribution=encoding)
wffn1 noise enabled for 1 layers (scaling_factor=20, distribution=encoding)
wffn1 noise enabled for 2 layers (scaling_factor=22, distribution=encoding)
wffn2 noise enabled for 11 layers (scaling_factor=16, distribution=encoding)
wffn2 noise enabled for 1 layers (scaling_factor=18, distribution=encoding)
  Trial 18/200: Loss=0.3255, Acc.=0.8799, F1=0.8781, Time=31.0ms
已替换 11 层的GELU函数
已替换 1 层的GELU函数
已替换 5 层的Softmax函数
已替换 6 层的Softmax函数
已替换 1 层的Softmax函数
Input noise enabled for 10 layers (scaling_factor=24, distribution=fresh)
Input noise enabled for 1 layers (scaling_factor=26, distribution=fresh)
Input noise enabled for 1 layers (scaling_factor=30, distribution=fresh)
query noise enabled for 8 layers (scaling_factor=16, distribution=encoding)
query noise enabled for 1 layers (scaling_factor=18, distribution=encoding)
query noise enabled for 3 layers (scaling_factor=20, distribution=encoding)
key noise enabled for 10 layers (scaling_factor=16, distribution=encoding)
key noise enabled for 1 layers (scaling_factor=18, distribution=encoding)
key noise enabled for 1 layers (scaling_factor=20, distribution=encoding)
value noise enabled for 10 layers (scaling_factor=16, distribution=encoding)
value noise enabled for 2 layers (scaling_factor=18, distribution=encoding)
wo noise enabled for 8 layers (scaling_factor=16, distribution=encoding)
wo noise enabled for 3 layers (scaling_factor=18, distribution=encoding)
wo noise enabled for 1 layers (scaling_factor=22, distribution=encoding)
wffn1 noise enabled for 7 layers (scaling_factor=16, distribution=encoding)
wffn1 noise enabled for 2 layers (scaling_factor=18, distribution=encoding)
wffn1 noise enabled for 1 layers (scaling_factor=20, distribution=encoding)
wffn1 noise enabled for 2 layers (scaling_factor=22, distribution=encoding)
wffn2 noise enabled for 11 layers (scaling_factor=16, distribution=encoding)
wffn2 noise enabled for 1 layers (scaling_factor=18, distribution=encoding)
  Trial 19/200: Loss=0.3276, Acc.=0.8799, F1=0.8781, Time=30.9ms
已替换 11 层的GELU函数
已替换 1 层的GELU函数
已替换 5 层的Softmax函数
已替换 6 层的Softmax函数
已替换 1 层的Softmax函数
Input noise enabled for 10 layers (scaling_factor=24, distribution=fresh)
Input noise enabled for 1 layers (scaling_factor=26, distribution=fresh)
Input noise enabled for 1 layers (scaling_factor=30, distribution=fresh)
query noise enabled for 8 layers (scaling_factor=16, distribution=encoding)
query noise enabled for 1 layers (scaling_factor=18, distribution=encoding)
query noise enabled for 3 layers (scaling_factor=20, distribution=encoding)
key noise enabled for 10 layers (scaling_factor=16, distribution=encoding)
key noise enabled for 1 layers (scaling_factor=18, distribution=encoding)
key noise enabled for 1 layers (scaling_factor=20, distribution=encoding)
value noise enabled for 10 layers (scaling_factor=16, distribution=encoding)
value noise enabled for 2 layers (scaling_factor=18, distribution=encoding)
wo noise enabled for 8 layers (scaling_factor=16, distribution=encoding)
wo noise enabled for 3 layers (scaling_factor=18, distribution=encoding)
wo noise enabled for 1 layers (scaling_factor=22, distribution=encoding)
wffn1 noise enabled for 7 layers (scaling_factor=16, distribution=encoding)
wffn1 noise enabled for 2 layers (scaling_factor=18, distribution=encoding)
wffn1 noise enabled for 1 layers (scaling_factor=20, distribution=encoding)
wffn1 noise enabled for 2 layers (scaling_factor=22, distribution=encoding)
wffn2 noise enabled for 11 layers (scaling_factor=16, distribution=encoding)
wffn2 noise enabled for 1 layers (scaling_factor=18, distribution=encoding)
  Trial 20/200: Loss=0.3267, Acc.=0.8824, F1=0.8804, Time=30.9ms
已替换 11 层的GELU函数
已替换 1 层的GELU函数
已替换 5 层的Softmax函数
已替换 6 层的Softmax函数
已替换 1 层的Softmax函数
Input noise enabled for 10 layers (scaling_factor=24, distribution=fresh)
Input noise enabled for 1 layers (scaling_factor=26, distribution=fresh)
Input noise enabled for 1 layers (scaling_factor=30, distribution=fresh)
query noise enabled for 8 layers (scaling_factor=16, distribution=encoding)
query noise enabled for 1 layers (scaling_factor=18, distribution=encoding)
query noise enabled for 3 layers (scaling_factor=20, distribution=encoding)
key noise enabled for 10 layers (scaling_factor=16, distribution=encoding)
key noise enabled for 1 layers (scaling_factor=18, distribution=encoding)
key noise enabled for 1 layers (scaling_factor=20, distribution=encoding)
value noise enabled for 10 layers (scaling_factor=16, distribution=encoding)
value noise enabled for 2 layers (scaling_factor=18, distribution=encoding)
wo noise enabled for 8 layers (scaling_factor=16, distribution=encoding)
wo noise enabled for 3 layers (scaling_factor=18, distribution=encoding)
wo noise enabled for 1 layers (scaling_factor=22, distribution=encoding)
wffn1 noise enabled for 7 layers (scaling_factor=16, distribution=encoding)
wffn1 noise enabled for 2 layers (scaling_factor=18, distribution=encoding)
wffn1 noise enabled for 1 layers (scaling_factor=20, distribution=encoding)
wffn1 noise enabled for 2 layers (scaling_factor=22, distribution=encoding)
wffn2 noise enabled for 11 layers (scaling_factor=16, distribution=encoding)
wffn2 noise enabled for 1 layers (scaling_factor=18, distribution=encoding)
  Trial 21/200: Loss=0.3277, Acc.=0.8799, F1=0.8781, Time=31.0ms
已替换 11 层的GELU函数
已替换 1 层的GELU函数
已替换 5 层的Softmax函数
已替换 6 层的Softmax函数
已替换 1 层的Softmax函数
Input noise enabled for 10 layers (scaling_factor=24, distribution=fresh)
Input noise enabled for 1 layers (scaling_factor=26, distribution=fresh)
Input noise enabled for 1 layers (scaling_factor=30, distribution=fresh)
query noise enabled for 8 layers (scaling_factor=16, distribution=encoding)
query noise enabled for 1 layers (scaling_factor=18, distribution=encoding)
query noise enabled for 3 layers (scaling_factor=20, distribution=encoding)
key noise enabled for 10 layers (scaling_factor=16, distribution=encoding)
key noise enabled for 1 layers (scaling_factor=18, distribution=encoding)
key noise enabled for 1 layers (scaling_factor=20, distribution=encoding)
value noise enabled for 10 layers (scaling_factor=16, distribution=encoding)
value noise enabled for 2 layers (scaling_factor=18, distribution=encoding)
wo noise enabled for 8 layers (scaling_factor=16, distribution=encoding)
wo noise enabled for 3 layers (scaling_factor=18, distribution=encoding)
wo noise enabled for 1 layers (scaling_factor=22, distribution=encoding)
wffn1 noise enabled for 7 layers (scaling_factor=16, distribution=encoding)
wffn1 noise enabled for 2 layers (scaling_factor=18, distribution=encoding)
wffn1 noise enabled for 1 layers (scaling_factor=20, distribution=encoding)
wffn1 noise enabled for 2 layers (scaling_factor=22, distribution=encoding)
wffn2 noise enabled for 11 layers (scaling_factor=16, distribution=encoding)
wffn2 noise enabled for 1 layers (scaling_factor=18, distribution=encoding)
  Trial 22/200: Loss=0.3252, Acc.=0.8824, F1=0.8804, Time=31.0ms
已替换 11 层的GELU函数
已替换 1 层的GELU函数
已替换 5 层的Softmax函数
已替换 6 层的Softmax函数
已替换 1 层的Softmax函数
Input noise enabled for 10 layers (scaling_factor=24, distribution=fresh)
Input noise enabled for 1 layers (scaling_factor=26, distribution=fresh)
Input noise enabled for 1 layers (scaling_factor=30, distribution=fresh)
query noise enabled for 8 layers (scaling_factor=16, distribution=encoding)
query noise enabled for 1 layers (scaling_factor=18, distribution=encoding)
query noise enabled for 3 layers (scaling_factor=20, distribution=encoding)
key noise enabled for 10 layers (scaling_factor=16, distribution=encoding)
key noise enabled for 1 layers (scaling_factor=18, distribution=encoding)
key noise enabled for 1 layers (scaling_factor=20, distribution=encoding)
value noise enabled for 10 layers (scaling_factor=16, distribution=encoding)
value noise enabled for 2 layers (scaling_factor=18, distribution=encoding)
wo noise enabled for 8 layers (scaling_factor=16, distribution=encoding)
wo noise enabled for 3 layers (scaling_factor=18, distribution=encoding)
wo noise enabled for 1 layers (scaling_factor=22, distribution=encoding)
wffn1 noise enabled for 7 layers (scaling_factor=16, distribution=encoding)
wffn1 noise enabled for 2 layers (scaling_factor=18, distribution=encoding)
wffn1 noise enabled for 1 layers (scaling_factor=20, distribution=encoding)
wffn1 noise enabled for 2 layers (scaling_factor=22, distribution=encoding)
wffn2 noise enabled for 11 layers (scaling_factor=16, distribution=encoding)
wffn2 noise enabled for 1 layers (scaling_factor=18, distribution=encoding)
  Trial 23/200: Loss=0.3250, Acc.=0.8799, F1=0.8781, Time=30.8ms
已替换 11 层的GELU函数
已替换 1 层的GELU函数
已替换 5 层的Softmax函数
已替换 6 层的Softmax函数
已替换 1 层的Softmax函数
Input noise enabled for 10 layers (scaling_factor=24, distribution=fresh)
Input noise enabled for 1 layers (scaling_factor=26, distribution=fresh)
Input noise enabled for 1 layers (scaling_factor=30, distribution=fresh)
query noise enabled for 8 layers (scaling_factor=16, distribution=encoding)
query noise enabled for 1 layers (scaling_factor=18, distribution=encoding)
query noise enabled for 3 layers (scaling_factor=20, distribution=encoding)
key noise enabled for 10 layers (scaling_factor=16, distribution=encoding)
key noise enabled for 1 layers (scaling_factor=18, distribution=encoding)
key noise enabled for 1 layers (scaling_factor=20, distribution=encoding)
value noise enabled for 10 layers (scaling_factor=16, distribution=encoding)
value noise enabled for 2 layers (scaling_factor=18, distribution=encoding)
wo noise enabled for 8 layers (scaling_factor=16, distribution=encoding)
wo noise enabled for 3 layers (scaling_factor=18, distribution=encoding)
wo noise enabled for 1 layers (scaling_factor=22, distribution=encoding)
wffn1 noise enabled for 7 layers (scaling_factor=16, distribution=encoding)
wffn1 noise enabled for 2 layers (scaling_factor=18, distribution=encoding)
wffn1 noise enabled for 1 layers (scaling_factor=20, distribution=encoding)
wffn1 noise enabled for 2 layers (scaling_factor=22, distribution=encoding)
wffn2 noise enabled for 11 layers (scaling_factor=16, distribution=encoding)
wffn2 noise enabled for 1 layers (scaling_factor=18, distribution=encoding)
  Trial 24/200: Loss=0.3263, Acc.=0.8824, F1=0.8804, Time=31.1ms
已替换 11 层的GELU函数
已替换 1 层的GELU函数
已替换 5 层的Softmax函数
已替换 6 层的Softmax函数
已替换 1 层的Softmax函数
Input noise enabled for 10 layers (scaling_factor=24, distribution=fresh)
Input noise enabled for 1 layers (scaling_factor=26, distribution=fresh)
Input noise enabled for 1 layers (scaling_factor=30, distribution=fresh)
query noise enabled for 8 layers (scaling_factor=16, distribution=encoding)
query noise enabled for 1 layers (scaling_factor=18, distribution=encoding)
query noise enabled for 3 layers (scaling_factor=20, distribution=encoding)
key noise enabled for 10 layers (scaling_factor=16, distribution=encoding)
key noise enabled for 1 layers (scaling_factor=18, distribution=encoding)
key noise enabled for 1 layers (scaling_factor=20, distribution=encoding)
value noise enabled for 10 layers (scaling_factor=16, distribution=encoding)
value noise enabled for 2 layers (scaling_factor=18, distribution=encoding)
wo noise enabled for 8 layers (scaling_factor=16, distribution=encoding)
wo noise enabled for 3 layers (scaling_factor=18, distribution=encoding)
wo noise enabled for 1 layers (scaling_factor=22, distribution=encoding)
wffn1 noise enabled for 7 layers (scaling_factor=16, distribution=encoding)
wffn1 noise enabled for 2 layers (scaling_factor=18, distribution=encoding)
wffn1 noise enabled for 1 layers (scaling_factor=20, distribution=encoding)
wffn1 noise enabled for 2 layers (scaling_factor=22, distribution=encoding)
wffn2 noise enabled for 11 layers (scaling_factor=16, distribution=encoding)
wffn2 noise enabled for 1 layers (scaling_factor=18, distribution=encoding)
  Trial 25/200: Loss=0.3262, Acc.=0.8824, F1=0.8804, Time=30.9ms
已替换 11 层的GELU函数
已替换 1 层的GELU函数
已替换 5 层的Softmax函数
已替换 6 层的Softmax函数
已替换 1 层的Softmax函数
Input noise enabled for 10 layers (scaling_factor=24, distribution=fresh)
Input noise enabled for 1 layers (scaling_factor=26, distribution=fresh)
Input noise enabled for 1 layers (scaling_factor=30, distribution=fresh)
query noise enabled for 8 layers (scaling_factor=16, distribution=encoding)
query noise enabled for 1 layers (scaling_factor=18, distribution=encoding)
query noise enabled for 3 layers (scaling_factor=20, distribution=encoding)
key noise enabled for 10 layers (scaling_factor=16, distribution=encoding)
key noise enabled for 1 layers (scaling_factor=18, distribution=encoding)
key noise enabled for 1 layers (scaling_factor=20, distribution=encoding)
value noise enabled for 10 layers (scaling_factor=16, distribution=encoding)
value noise enabled for 2 layers (scaling_factor=18, distribution=encoding)
wo noise enabled for 8 layers (scaling_factor=16, distribution=encoding)
wo noise enabled for 3 layers (scaling_factor=18, distribution=encoding)
wo noise enabled for 1 layers (scaling_factor=22, distribution=encoding)
wffn1 noise enabled for 7 layers (scaling_factor=16, distribution=encoding)
wffn1 noise enabled for 2 layers (scaling_factor=18, distribution=encoding)
wffn1 noise enabled for 1 layers (scaling_factor=20, distribution=encoding)
wffn1 noise enabled for 2 layers (scaling_factor=22, distribution=encoding)
wffn2 noise enabled for 11 layers (scaling_factor=16, distribution=encoding)
wffn2 noise enabled for 1 layers (scaling_factor=18, distribution=encoding)
  Trial 26/200: Loss=0.3274, Acc.=0.8824, F1=0.8804, Time=31.0ms
已替换 11 层的GELU函数
已替换 1 层的GELU函数
已替换 5 层的Softmax函数
已替换 6 层的Softmax函数
已替换 1 层的Softmax函数
Input noise enabled for 10 layers (scaling_factor=24, distribution=fresh)
Input noise enabled for 1 layers (scaling_factor=26, distribution=fresh)
Input noise enabled for 1 layers (scaling_factor=30, distribution=fresh)
query noise enabled for 8 layers (scaling_factor=16, distribution=encoding)
query noise enabled for 1 layers (scaling_factor=18, distribution=encoding)
query noise enabled for 3 layers (scaling_factor=20, distribution=encoding)
key noise enabled for 10 layers (scaling_factor=16, distribution=encoding)
key noise enabled for 1 layers (scaling_factor=18, distribution=encoding)
key noise enabled for 1 layers (scaling_factor=20, distribution=encoding)
value noise enabled for 10 layers (scaling_factor=16, distribution=encoding)
value noise enabled for 2 layers (scaling_factor=18, distribution=encoding)
wo noise enabled for 8 layers (scaling_factor=16, distribution=encoding)
wo noise enabled for 3 layers (scaling_factor=18, distribution=encoding)
wo noise enabled for 1 layers (scaling_factor=22, distribution=encoding)
wffn1 noise enabled for 7 layers (scaling_factor=16, distribution=encoding)
wffn1 noise enabled for 2 layers (scaling_factor=18, distribution=encoding)
wffn1 noise enabled for 1 layers (scaling_factor=20, distribution=encoding)
wffn1 noise enabled for 2 layers (scaling_factor=22, distribution=encoding)
wffn2 noise enabled for 11 layers (scaling_factor=16, distribution=encoding)
wffn2 noise enabled for 1 layers (scaling_factor=18, distribution=encoding)
  Trial 27/200: Loss=0.3250, Acc.=0.8824, F1=0.8804, Time=31.0ms
已替换 11 层的GELU函数
已替换 1 层的GELU函数
已替换 5 层的Softmax函数
已替换 6 层的Softmax函数
已替换 1 层的Softmax函数
Input noise enabled for 10 layers (scaling_factor=24, distribution=fresh)
Input noise enabled for 1 layers (scaling_factor=26, distribution=fresh)
Input noise enabled for 1 layers (scaling_factor=30, distribution=fresh)
query noise enabled for 8 layers (scaling_factor=16, distribution=encoding)
query noise enabled for 1 layers (scaling_factor=18, distribution=encoding)
query noise enabled for 3 layers (scaling_factor=20, distribution=encoding)
key noise enabled for 10 layers (scaling_factor=16, distribution=encoding)
key noise enabled for 1 layers (scaling_factor=18, distribution=encoding)
key noise enabled for 1 layers (scaling_factor=20, distribution=encoding)
value noise enabled for 10 layers (scaling_factor=16, distribution=encoding)
value noise enabled for 2 layers (scaling_factor=18, distribution=encoding)
wo noise enabled for 8 layers (scaling_factor=16, distribution=encoding)
wo noise enabled for 3 layers (scaling_factor=18, distribution=encoding)
wo noise enabled for 1 layers (scaling_factor=22, distribution=encoding)
wffn1 noise enabled for 7 layers (scaling_factor=16, distribution=encoding)
wffn1 noise enabled for 2 layers (scaling_factor=18, distribution=encoding)
wffn1 noise enabled for 1 layers (scaling_factor=20, distribution=encoding)
wffn1 noise enabled for 2 layers (scaling_factor=22, distribution=encoding)
wffn2 noise enabled for 11 layers (scaling_factor=16, distribution=encoding)
wffn2 noise enabled for 1 layers (scaling_factor=18, distribution=encoding)
  Trial 28/200: Loss=0.3276, Acc.=0.8824, F1=0.8804, Time=31.1ms
已替换 11 层的GELU函数
已替换 1 层的GELU函数
已替换 5 层的Softmax函数
已替换 6 层的Softmax函数
已替换 1 层的Softmax函数
Input noise enabled for 10 layers (scaling_factor=24, distribution=fresh)
Input noise enabled for 1 layers (scaling_factor=26, distribution=fresh)
Input noise enabled for 1 layers (scaling_factor=30, distribution=fresh)
query noise enabled for 8 layers (scaling_factor=16, distribution=encoding)
query noise enabled for 1 layers (scaling_factor=18, distribution=encoding)
query noise enabled for 3 layers (scaling_factor=20, distribution=encoding)
key noise enabled for 10 layers (scaling_factor=16, distribution=encoding)
key noise enabled for 1 layers (scaling_factor=18, distribution=encoding)
key noise enabled for 1 layers (scaling_factor=20, distribution=encoding)
value noise enabled for 10 layers (scaling_factor=16, distribution=encoding)
value noise enabled for 2 layers (scaling_factor=18, distribution=encoding)
wo noise enabled for 8 layers (scaling_factor=16, distribution=encoding)
wo noise enabled for 3 layers (scaling_factor=18, distribution=encoding)
wo noise enabled for 1 layers (scaling_factor=22, distribution=encoding)
wffn1 noise enabled for 7 layers (scaling_factor=16, distribution=encoding)
wffn1 noise enabled for 2 layers (scaling_factor=18, distribution=encoding)
wffn1 noise enabled for 1 layers (scaling_factor=20, distribution=encoding)
wffn1 noise enabled for 2 layers (scaling_factor=22, distribution=encoding)
wffn2 noise enabled for 11 layers (scaling_factor=16, distribution=encoding)
wffn2 noise enabled for 1 layers (scaling_factor=18, distribution=encoding)
  Trial 29/200: Loss=0.3255, Acc.=0.8824, F1=0.8804, Time=30.9ms
已替换 11 层的GELU函数
已替换 1 层的GELU函数
已替换 5 层的Softmax函数
已替换 6 层的Softmax函数
已替换 1 层的Softmax函数
Input noise enabled for 10 layers (scaling_factor=24, distribution=fresh)
Input noise enabled for 1 layers (scaling_factor=26, distribution=fresh)
Input noise enabled for 1 layers (scaling_factor=30, distribution=fresh)
query noise enabled for 8 layers (scaling_factor=16, distribution=encoding)
query noise enabled for 1 layers (scaling_factor=18, distribution=encoding)
query noise enabled for 3 layers (scaling_factor=20, distribution=encoding)
key noise enabled for 10 layers (scaling_factor=16, distribution=encoding)
key noise enabled for 1 layers (scaling_factor=18, distribution=encoding)
key noise enabled for 1 layers (scaling_factor=20, distribution=encoding)
value noise enabled for 10 layers (scaling_factor=16, distribution=encoding)
value noise enabled for 2 layers (scaling_factor=18, distribution=encoding)
wo noise enabled for 8 layers (scaling_factor=16, distribution=encoding)
wo noise enabled for 3 layers (scaling_factor=18, distribution=encoding)
wo noise enabled for 1 layers (scaling_factor=22, distribution=encoding)
wffn1 noise enabled for 7 layers (scaling_factor=16, distribution=encoding)
wffn1 noise enabled for 2 layers (scaling_factor=18, distribution=encoding)
wffn1 noise enabled for 1 layers (scaling_factor=20, distribution=encoding)
wffn1 noise enabled for 2 layers (scaling_factor=22, distribution=encoding)
wffn2 noise enabled for 11 layers (scaling_factor=16, distribution=encoding)
wffn2 noise enabled for 1 layers (scaling_factor=18, distribution=encoding)
  Trial 30/200: Loss=0.3275, Acc.=0.8799, F1=0.8781, Time=30.5ms
已替换 11 层的GELU函数
已替换 1 层的GELU函数
已替换 5 层的Softmax函数
已替换 6 层的Softmax函数
已替换 1 层的Softmax函数
Input noise enabled for 10 layers (scaling_factor=24, distribution=fresh)
Input noise enabled for 1 layers (scaling_factor=26, distribution=fresh)
Input noise enabled for 1 layers (scaling_factor=30, distribution=fresh)
query noise enabled for 8 layers (scaling_factor=16, distribution=encoding)
query noise enabled for 1 layers (scaling_factor=18, distribution=encoding)
query noise enabled for 3 layers (scaling_factor=20, distribution=encoding)
key noise enabled for 10 layers (scaling_factor=16, distribution=encoding)
key noise enabled for 1 layers (scaling_factor=18, distribution=encoding)
key noise enabled for 1 layers (scaling_factor=20, distribution=encoding)
value noise enabled for 10 layers (scaling_factor=16, distribution=encoding)
value noise enabled for 2 layers (scaling_factor=18, distribution=encoding)
wo noise enabled for 8 layers (scaling_factor=16, distribution=encoding)
wo noise enabled for 3 layers (scaling_factor=18, distribution=encoding)
wo noise enabled for 1 layers (scaling_factor=22, distribution=encoding)
wffn1 noise enabled for 7 layers (scaling_factor=16, distribution=encoding)
wffn1 noise enabled for 2 layers (scaling_factor=18, distribution=encoding)
wffn1 noise enabled for 1 layers (scaling_factor=20, distribution=encoding)
wffn1 noise enabled for 2 layers (scaling_factor=22, distribution=encoding)
wffn2 noise enabled for 11 layers (scaling_factor=16, distribution=encoding)
wffn2 noise enabled for 1 layers (scaling_factor=18, distribution=encoding)
  Trial 31/200: Loss=0.3276, Acc.=0.8848, F1=0.8828, Time=31.0ms
已替换 11 层的GELU函数
已替换 1 层的GELU函数
已替换 5 层的Softmax函数
已替换 6 层的Softmax函数
已替换 1 层的Softmax函数
Input noise enabled for 10 layers (scaling_factor=24, distribution=fresh)
Input noise enabled for 1 layers (scaling_factor=26, distribution=fresh)
Input noise enabled for 1 layers (scaling_factor=30, distribution=fresh)
query noise enabled for 8 layers (scaling_factor=16, distribution=encoding)
query noise enabled for 1 layers (scaling_factor=18, distribution=encoding)
query noise enabled for 3 layers (scaling_factor=20, distribution=encoding)
key noise enabled for 10 layers (scaling_factor=16, distribution=encoding)
key noise enabled for 1 layers (scaling_factor=18, distribution=encoding)
key noise enabled for 1 layers (scaling_factor=20, distribution=encoding)
value noise enabled for 10 layers (scaling_factor=16, distribution=encoding)
value noise enabled for 2 layers (scaling_factor=18, distribution=encoding)
wo noise enabled for 8 layers (scaling_factor=16, distribution=encoding)
wo noise enabled for 3 layers (scaling_factor=18, distribution=encoding)
wo noise enabled for 1 layers (scaling_factor=22, distribution=encoding)
wffn1 noise enabled for 7 layers (scaling_factor=16, distribution=encoding)
wffn1 noise enabled for 2 layers (scaling_factor=18, distribution=encoding)
wffn1 noise enabled for 1 layers (scaling_factor=20, distribution=encoding)
wffn1 noise enabled for 2 layers (scaling_factor=22, distribution=encoding)
wffn2 noise enabled for 11 layers (scaling_factor=16, distribution=encoding)
wffn2 noise enabled for 1 layers (scaling_factor=18, distribution=encoding)
  Trial 32/200: Loss=0.3264, Acc.=0.8824, F1=0.8804, Time=31.0ms
已替换 11 层的GELU函数
已替换 1 层的GELU函数
已替换 5 层的Softmax函数
已替换 6 层的Softmax函数
已替换 1 层的Softmax函数
Input noise enabled for 10 layers (scaling_factor=24, distribution=fresh)
Input noise enabled for 1 layers (scaling_factor=26, distribution=fresh)
Input noise enabled for 1 layers (scaling_factor=30, distribution=fresh)
query noise enabled for 8 layers (scaling_factor=16, distribution=encoding)
query noise enabled for 1 layers (scaling_factor=18, distribution=encoding)
query noise enabled for 3 layers (scaling_factor=20, distribution=encoding)
key noise enabled for 10 layers (scaling_factor=16, distribution=encoding)
key noise enabled for 1 layers (scaling_factor=18, distribution=encoding)
key noise enabled for 1 layers (scaling_factor=20, distribution=encoding)
value noise enabled for 10 layers (scaling_factor=16, distribution=encoding)
value noise enabled for 2 layers (scaling_factor=18, distribution=encoding)
wo noise enabled for 8 layers (scaling_factor=16, distribution=encoding)
wo noise enabled for 3 layers (scaling_factor=18, distribution=encoding)
wo noise enabled for 1 layers (scaling_factor=22, distribution=encoding)
wffn1 noise enabled for 7 layers (scaling_factor=16, distribution=encoding)
wffn1 noise enabled for 2 layers (scaling_factor=18, distribution=encoding)
wffn1 noise enabled for 1 layers (scaling_factor=20, distribution=encoding)
wffn1 noise enabled for 2 layers (scaling_factor=22, distribution=encoding)
wffn2 noise enabled for 11 layers (scaling_factor=16, distribution=encoding)
wffn2 noise enabled for 1 layers (scaling_factor=18, distribution=encoding)
  Trial 33/200: Loss=0.3253, Acc.=0.8799, F1=0.8781, Time=31.0ms
已替换 11 层的GELU函数
已替换 1 层的GELU函数
已替换 5 层的Softmax函数
已替换 6 层的Softmax函数
已替换 1 层的Softmax函数
Input noise enabled for 10 layers (scaling_factor=24, distribution=fresh)
Input noise enabled for 1 layers (scaling_factor=26, distribution=fresh)
Input noise enabled for 1 layers (scaling_factor=30, distribution=fresh)
query noise enabled for 8 layers (scaling_factor=16, distribution=encoding)
query noise enabled for 1 layers (scaling_factor=18, distribution=encoding)
query noise enabled for 3 layers (scaling_factor=20, distribution=encoding)
key noise enabled for 10 layers (scaling_factor=16, distribution=encoding)
key noise enabled for 1 layers (scaling_factor=18, distribution=encoding)
key noise enabled for 1 layers (scaling_factor=20, distribution=encoding)
value noise enabled for 10 layers (scaling_factor=16, distribution=encoding)
value noise enabled for 2 layers (scaling_factor=18, distribution=encoding)
wo noise enabled for 8 layers (scaling_factor=16, distribution=encoding)
wo noise enabled for 3 layers (scaling_factor=18, distribution=encoding)
wo noise enabled for 1 layers (scaling_factor=22, distribution=encoding)
wffn1 noise enabled for 7 layers (scaling_factor=16, distribution=encoding)
wffn1 noise enabled for 2 layers (scaling_factor=18, distribution=encoding)
wffn1 noise enabled for 1 layers (scaling_factor=20, distribution=encoding)
wffn1 noise enabled for 2 layers (scaling_factor=22, distribution=encoding)
wffn2 noise enabled for 11 layers (scaling_factor=16, distribution=encoding)
wffn2 noise enabled for 1 layers (scaling_factor=18, distribution=encoding)
  Trial 34/200: Loss=0.3249, Acc.=0.8799, F1=0.8778, Time=31.0ms
已替换 11 层的GELU函数
已替换 1 层的GELU函数
已替换 5 层的Softmax函数
已替换 6 层的Softmax函数
已替换 1 层的Softmax函数
Input noise enabled for 10 layers (scaling_factor=24, distribution=fresh)
Input noise enabled for 1 layers (scaling_factor=26, distribution=fresh)
Input noise enabled for 1 layers (scaling_factor=30, distribution=fresh)
query noise enabled for 8 layers (scaling_factor=16, distribution=encoding)
query noise enabled for 1 layers (scaling_factor=18, distribution=encoding)
query noise enabled for 3 layers (scaling_factor=20, distribution=encoding)
key noise enabled for 10 layers (scaling_factor=16, distribution=encoding)
key noise enabled for 1 layers (scaling_factor=18, distribution=encoding)
key noise enabled for 1 layers (scaling_factor=20, distribution=encoding)
value noise enabled for 10 layers (scaling_factor=16, distribution=encoding)
value noise enabled for 2 layers (scaling_factor=18, distribution=encoding)
wo noise enabled for 8 layers (scaling_factor=16, distribution=encoding)
wo noise enabled for 3 layers (scaling_factor=18, distribution=encoding)
wo noise enabled for 1 layers (scaling_factor=22, distribution=encoding)
wffn1 noise enabled for 7 layers (scaling_factor=16, distribution=encoding)
wffn1 noise enabled for 2 layers (scaling_factor=18, distribution=encoding)
wffn1 noise enabled for 1 layers (scaling_factor=20, distribution=encoding)
wffn1 noise enabled for 2 layers (scaling_factor=22, distribution=encoding)
wffn2 noise enabled for 11 layers (scaling_factor=16, distribution=encoding)
wffn2 noise enabled for 1 layers (scaling_factor=18, distribution=encoding)
  Trial 35/200: Loss=0.3252, Acc.=0.8824, F1=0.8804, Time=30.9ms
已替换 11 层的GELU函数
已替换 1 层的GELU函数
已替换 5 层的Softmax函数
已替换 6 层的Softmax函数
已替换 1 层的Softmax函数
Input noise enabled for 10 layers (scaling_factor=24, distribution=fresh)
Input noise enabled for 1 layers (scaling_factor=26, distribution=fresh)
Input noise enabled for 1 layers (scaling_factor=30, distribution=fresh)
query noise enabled for 8 layers (scaling_factor=16, distribution=encoding)
query noise enabled for 1 layers (scaling_factor=18, distribution=encoding)
query noise enabled for 3 layers (scaling_factor=20, distribution=encoding)
key noise enabled for 10 layers (scaling_factor=16, distribution=encoding)
key noise enabled for 1 layers (scaling_factor=18, distribution=encoding)
key noise enabled for 1 layers (scaling_factor=20, distribution=encoding)
value noise enabled for 10 layers (scaling_factor=16, distribution=encoding)
value noise enabled for 2 layers (scaling_factor=18, distribution=encoding)
wo noise enabled for 8 layers (scaling_factor=16, distribution=encoding)
wo noise enabled for 3 layers (scaling_factor=18, distribution=encoding)
wo noise enabled for 1 layers (scaling_factor=22, distribution=encoding)
wffn1 noise enabled for 7 layers (scaling_factor=16, distribution=encoding)
wffn1 noise enabled for 2 layers (scaling_factor=18, distribution=encoding)
wffn1 noise enabled for 1 layers (scaling_factor=20, distribution=encoding)
wffn1 noise enabled for 2 layers (scaling_factor=22, distribution=encoding)
wffn2 noise enabled for 11 layers (scaling_factor=16, distribution=encoding)
wffn2 noise enabled for 1 layers (scaling_factor=18, distribution=encoding)
  Trial 36/200: Loss=0.3277, Acc.=0.8824, F1=0.8801, Time=30.6ms
已替换 11 层的GELU函数
已替换 1 层的GELU函数
已替换 5 层的Softmax函数
已替换 6 层的Softmax函数
已替换 1 层的Softmax函数
Input noise enabled for 10 layers (scaling_factor=24, distribution=fresh)
Input noise enabled for 1 layers (scaling_factor=26, distribution=fresh)
Input noise enabled for 1 layers (scaling_factor=30, distribution=fresh)
query noise enabled for 8 layers (scaling_factor=16, distribution=encoding)
query noise enabled for 1 layers (scaling_factor=18, distribution=encoding)
query noise enabled for 3 layers (scaling_factor=20, distribution=encoding)
key noise enabled for 10 layers (scaling_factor=16, distribution=encoding)
key noise enabled for 1 layers (scaling_factor=18, distribution=encoding)
key noise enabled for 1 layers (scaling_factor=20, distribution=encoding)
value noise enabled for 10 layers (scaling_factor=16, distribution=encoding)
value noise enabled for 2 layers (scaling_factor=18, distribution=encoding)
wo noise enabled for 8 layers (scaling_factor=16, distribution=encoding)
wo noise enabled for 3 layers (scaling_factor=18, distribution=encoding)
wo noise enabled for 1 layers (scaling_factor=22, distribution=encoding)
wffn1 noise enabled for 7 layers (scaling_factor=16, distribution=encoding)
wffn1 noise enabled for 2 layers (scaling_factor=18, distribution=encoding)
wffn1 noise enabled for 1 layers (scaling_factor=20, distribution=encoding)
wffn1 noise enabled for 2 layers (scaling_factor=22, distribution=encoding)
wffn2 noise enabled for 11 layers (scaling_factor=16, distribution=encoding)
wffn2 noise enabled for 1 layers (scaling_factor=18, distribution=encoding)
  Trial 37/200: Loss=0.3249, Acc.=0.8824, F1=0.8804, Time=31.1ms
已替换 11 层的GELU函数
已替换 1 层的GELU函数
已替换 5 层的Softmax函数
已替换 6 层的Softmax函数
已替换 1 层的Softmax函数
Input noise enabled for 10 layers (scaling_factor=24, distribution=fresh)
Input noise enabled for 1 layers (scaling_factor=26, distribution=fresh)
Input noise enabled for 1 layers (scaling_factor=30, distribution=fresh)
query noise enabled for 8 layers (scaling_factor=16, distribution=encoding)
query noise enabled for 1 layers (scaling_factor=18, distribution=encoding)
query noise enabled for 3 layers (scaling_factor=20, distribution=encoding)
key noise enabled for 10 layers (scaling_factor=16, distribution=encoding)
key noise enabled for 1 layers (scaling_factor=18, distribution=encoding)
key noise enabled for 1 layers (scaling_factor=20, distribution=encoding)
value noise enabled for 10 layers (scaling_factor=16, distribution=encoding)
value noise enabled for 2 layers (scaling_factor=18, distribution=encoding)
wo noise enabled for 8 layers (scaling_factor=16, distribution=encoding)
wo noise enabled for 3 layers (scaling_factor=18, distribution=encoding)
wo noise enabled for 1 layers (scaling_factor=22, distribution=encoding)
wffn1 noise enabled for 7 layers (scaling_factor=16, distribution=encoding)
wffn1 noise enabled for 2 layers (scaling_factor=18, distribution=encoding)
wffn1 noise enabled for 1 layers (scaling_factor=20, distribution=encoding)
wffn1 noise enabled for 2 layers (scaling_factor=22, distribution=encoding)
wffn2 noise enabled for 11 layers (scaling_factor=16, distribution=encoding)
wffn2 noise enabled for 1 layers (scaling_factor=18, distribution=encoding)
  Trial 38/200: Loss=0.3257, Acc.=0.8799, F1=0.8781, Time=31.2ms
已替换 11 层的GELU函数
已替换 1 层的GELU函数
已替换 5 层的Softmax函数
已替换 6 层的Softmax函数
已替换 1 层的Softmax函数
Input noise enabled for 10 layers (scaling_factor=24, distribution=fresh)
Input noise enabled for 1 layers (scaling_factor=26, distribution=fresh)
Input noise enabled for 1 layers (scaling_factor=30, distribution=fresh)
query noise enabled for 8 layers (scaling_factor=16, distribution=encoding)
query noise enabled for 1 layers (scaling_factor=18, distribution=encoding)
query noise enabled for 3 layers (scaling_factor=20, distribution=encoding)
key noise enabled for 10 layers (scaling_factor=16, distribution=encoding)
key noise enabled for 1 layers (scaling_factor=18, distribution=encoding)
key noise enabled for 1 layers (scaling_factor=20, distribution=encoding)
value noise enabled for 10 layers (scaling_factor=16, distribution=encoding)
value noise enabled for 2 layers (scaling_factor=18, distribution=encoding)
wo noise enabled for 8 layers (scaling_factor=16, distribution=encoding)
wo noise enabled for 3 layers (scaling_factor=18, distribution=encoding)
wo noise enabled for 1 layers (scaling_factor=22, distribution=encoding)
wffn1 noise enabled for 7 layers (scaling_factor=16, distribution=encoding)
wffn1 noise enabled for 2 layers (scaling_factor=18, distribution=encoding)
wffn1 noise enabled for 1 layers (scaling_factor=20, distribution=encoding)
wffn1 noise enabled for 2 layers (scaling_factor=22, distribution=encoding)
wffn2 noise enabled for 11 layers (scaling_factor=16, distribution=encoding)
wffn2 noise enabled for 1 layers (scaling_factor=18, distribution=encoding)
  Trial 39/200: Loss=0.3276, Acc.=0.8824, F1=0.8804, Time=31.1ms
已替换 11 层的GELU函数
已替换 1 层的GELU函数
已替换 5 层的Softmax函数
已替换 6 层的Softmax函数
已替换 1 层的Softmax函数
Input noise enabled for 10 layers (scaling_factor=24, distribution=fresh)
Input noise enabled for 1 layers (scaling_factor=26, distribution=fresh)
Input noise enabled for 1 layers (scaling_factor=30, distribution=fresh)
query noise enabled for 8 layers (scaling_factor=16, distribution=encoding)
query noise enabled for 1 layers (scaling_factor=18, distribution=encoding)
query noise enabled for 3 layers (scaling_factor=20, distribution=encoding)
key noise enabled for 10 layers (scaling_factor=16, distribution=encoding)
key noise enabled for 1 layers (scaling_factor=18, distribution=encoding)
key noise enabled for 1 layers (scaling_factor=20, distribution=encoding)
value noise enabled for 10 layers (scaling_factor=16, distribution=encoding)
value noise enabled for 2 layers (scaling_factor=18, distribution=encoding)
wo noise enabled for 8 layers (scaling_factor=16, distribution=encoding)
wo noise enabled for 3 layers (scaling_factor=18, distribution=encoding)
wo noise enabled for 1 layers (scaling_factor=22, distribution=encoding)
wffn1 noise enabled for 7 layers (scaling_factor=16, distribution=encoding)
wffn1 noise enabled for 2 layers (scaling_factor=18, distribution=encoding)
wffn1 noise enabled for 1 layers (scaling_factor=20, distribution=encoding)
wffn1 noise enabled for 2 layers (scaling_factor=22, distribution=encoding)
wffn2 noise enabled for 11 layers (scaling_factor=16, distribution=encoding)
wffn2 noise enabled for 1 layers (scaling_factor=18, distribution=encoding)
  Trial 40/200: Loss=0.3249, Acc.=0.8799, F1=0.8781, Time=31.1ms
已替换 11 层的GELU函数
已替换 1 层的GELU函数
已替换 5 层的Softmax函数
已替换 6 层的Softmax函数
已替换 1 层的Softmax函数
Input noise enabled for 10 layers (scaling_factor=24, distribution=fresh)
Input noise enabled for 1 layers (scaling_factor=26, distribution=fresh)
Input noise enabled for 1 layers (scaling_factor=30, distribution=fresh)
query noise enabled for 8 layers (scaling_factor=16, distribution=encoding)
query noise enabled for 1 layers (scaling_factor=18, distribution=encoding)
query noise enabled for 3 layers (scaling_factor=20, distribution=encoding)
key noise enabled for 10 layers (scaling_factor=16, distribution=encoding)
key noise enabled for 1 layers (scaling_factor=18, distribution=encoding)
key noise enabled for 1 layers (scaling_factor=20, distribution=encoding)
value noise enabled for 10 layers (scaling_factor=16, distribution=encoding)
value noise enabled for 2 layers (scaling_factor=18, distribution=encoding)
wo noise enabled for 8 layers (scaling_factor=16, distribution=encoding)
wo noise enabled for 3 layers (scaling_factor=18, distribution=encoding)
wo noise enabled for 1 layers (scaling_factor=22, distribution=encoding)
wffn1 noise enabled for 7 layers (scaling_factor=16, distribution=encoding)
wffn1 noise enabled for 2 layers (scaling_factor=18, distribution=encoding)
wffn1 noise enabled for 1 layers (scaling_factor=20, distribution=encoding)
wffn1 noise enabled for 2 layers (scaling_factor=22, distribution=encoding)
wffn2 noise enabled for 11 layers (scaling_factor=16, distribution=encoding)
wffn2 noise enabled for 1 layers (scaling_factor=18, distribution=encoding)
  Trial 41/200: Loss=0.3250, Acc.=0.8799, F1=0.8781, Time=31.0ms
已替换 11 层的GELU函数
已替换 1 层的GELU函数
已替换 5 层的Softmax函数
已替换 6 层的Softmax函数
已替换 1 层的Softmax函数
Input noise enabled for 10 layers (scaling_factor=24, distribution=fresh)
Input noise enabled for 1 layers (scaling_factor=26, distribution=fresh)
Input noise enabled for 1 layers (scaling_factor=30, distribution=fresh)
query noise enabled for 8 layers (scaling_factor=16, distribution=encoding)
query noise enabled for 1 layers (scaling_factor=18, distribution=encoding)
query noise enabled for 3 layers (scaling_factor=20, distribution=encoding)
key noise enabled for 10 layers (scaling_factor=16, distribution=encoding)
key noise enabled for 1 layers (scaling_factor=18, distribution=encoding)
key noise enabled for 1 layers (scaling_factor=20, distribution=encoding)
value noise enabled for 10 layers (scaling_factor=16, distribution=encoding)
value noise enabled for 2 layers (scaling_factor=18, distribution=encoding)
wo noise enabled for 8 layers (scaling_factor=16, distribution=encoding)
wo noise enabled for 3 layers (scaling_factor=18, distribution=encoding)
wo noise enabled for 1 layers (scaling_factor=22, distribution=encoding)
wffn1 noise enabled for 7 layers (scaling_factor=16, distribution=encoding)
wffn1 noise enabled for 2 layers (scaling_factor=18, distribution=encoding)
wffn1 noise enabled for 1 layers (scaling_factor=20, distribution=encoding)
wffn1 noise enabled for 2 layers (scaling_factor=22, distribution=encoding)
wffn2 noise enabled for 11 layers (scaling_factor=16, distribution=encoding)
wffn2 noise enabled for 1 layers (scaling_factor=18, distribution=encoding)
  Trial 42/200: Loss=0.3274, Acc.=0.8824, F1=0.8804, Time=30.9ms
已替换 11 层的GELU函数
已替换 1 层的GELU函数
已替换 5 层的Softmax函数
已替换 6 层的Softmax函数
已替换 1 层的Softmax函数
Input noise enabled for 10 layers (scaling_factor=24, distribution=fresh)
Input noise enabled for 1 layers (scaling_factor=26, distribution=fresh)
Input noise enabled for 1 layers (scaling_factor=30, distribution=fresh)
query noise enabled for 8 layers (scaling_factor=16, distribution=encoding)
query noise enabled for 1 layers (scaling_factor=18, distribution=encoding)
query noise enabled for 3 layers (scaling_factor=20, distribution=encoding)
key noise enabled for 10 layers (scaling_factor=16, distribution=encoding)
key noise enabled for 1 layers (scaling_factor=18, distribution=encoding)
key noise enabled for 1 layers (scaling_factor=20, distribution=encoding)
value noise enabled for 10 layers (scaling_factor=16, distribution=encoding)
value noise enabled for 2 layers (scaling_factor=18, distribution=encoding)
wo noise enabled for 8 layers (scaling_factor=16, distribution=encoding)
wo noise enabled for 3 layers (scaling_factor=18, distribution=encoding)
wo noise enabled for 1 layers (scaling_factor=22, distribution=encoding)
wffn1 noise enabled for 7 layers (scaling_factor=16, distribution=encoding)
wffn1 noise enabled for 2 layers (scaling_factor=18, distribution=encoding)
wffn1 noise enabled for 1 layers (scaling_factor=20, distribution=encoding)
wffn1 noise enabled for 2 layers (scaling_factor=22, distribution=encoding)
wffn2 noise enabled for 11 layers (scaling_factor=16, distribution=encoding)
wffn2 noise enabled for 1 layers (scaling_factor=18, distribution=encoding)
  Trial 43/200: Loss=0.3274, Acc.=0.8799, F1=0.8781, Time=31.1ms
已替换 11 层的GELU函数
已替换 1 层的GELU函数
已替换 5 层的Softmax函数
已替换 6 层的Softmax函数
已替换 1 层的Softmax函数
Input noise enabled for 10 layers (scaling_factor=24, distribution=fresh)
Input noise enabled for 1 layers (scaling_factor=26, distribution=fresh)
Input noise enabled for 1 layers (scaling_factor=30, distribution=fresh)
query noise enabled for 8 layers (scaling_factor=16, distribution=encoding)
query noise enabled for 1 layers (scaling_factor=18, distribution=encoding)
query noise enabled for 3 layers (scaling_factor=20, distribution=encoding)
key noise enabled for 10 layers (scaling_factor=16, distribution=encoding)
key noise enabled for 1 layers (scaling_factor=18, distribution=encoding)
key noise enabled for 1 layers (scaling_factor=20, distribution=encoding)
value noise enabled for 10 layers (scaling_factor=16, distribution=encoding)
value noise enabled for 2 layers (scaling_factor=18, distribution=encoding)
wo noise enabled for 8 layers (scaling_factor=16, distribution=encoding)
wo noise enabled for 3 layers (scaling_factor=18, distribution=encoding)
wo noise enabled for 1 layers (scaling_factor=22, distribution=encoding)
wffn1 noise enabled for 7 layers (scaling_factor=16, distribution=encoding)
wffn1 noise enabled for 2 layers (scaling_factor=18, distribution=encoding)
wffn1 noise enabled for 1 layers (scaling_factor=20, distribution=encoding)
wffn1 noise enabled for 2 layers (scaling_factor=22, distribution=encoding)
wffn2 noise enabled for 11 layers (scaling_factor=16, distribution=encoding)
wffn2 noise enabled for 1 layers (scaling_factor=18, distribution=encoding)
  Trial 44/200: Loss=0.3272, Acc.=0.8799, F1=0.8781, Time=31.0ms
已替换 11 层的GELU函数
已替换 1 层的GELU函数
已替换 5 层的Softmax函数
已替换 6 层的Softmax函数
已替换 1 层的Softmax函数
Input noise enabled for 10 layers (scaling_factor=24, distribution=fresh)
Input noise enabled for 1 layers (scaling_factor=26, distribution=fresh)
Input noise enabled for 1 layers (scaling_factor=30, distribution=fresh)
query noise enabled for 8 layers (scaling_factor=16, distribution=encoding)
query noise enabled for 1 layers (scaling_factor=18, distribution=encoding)
query noise enabled for 3 layers (scaling_factor=20, distribution=encoding)
key noise enabled for 10 layers (scaling_factor=16, distribution=encoding)
key noise enabled for 1 layers (scaling_factor=18, distribution=encoding)
key noise enabled for 1 layers (scaling_factor=20, distribution=encoding)
value noise enabled for 10 layers (scaling_factor=16, distribution=encoding)
value noise enabled for 2 layers (scaling_factor=18, distribution=encoding)
wo noise enabled for 8 layers (scaling_factor=16, distribution=encoding)
wo noise enabled for 3 layers (scaling_factor=18, distribution=encoding)
wo noise enabled for 1 layers (scaling_factor=22, distribution=encoding)
wffn1 noise enabled for 7 layers (scaling_factor=16, distribution=encoding)
wffn1 noise enabled for 2 layers (scaling_factor=18, distribution=encoding)
wffn1 noise enabled for 1 layers (scaling_factor=20, distribution=encoding)
wffn1 noise enabled for 2 layers (scaling_factor=22, distribution=encoding)
wffn2 noise enabled for 11 layers (scaling_factor=16, distribution=encoding)
wffn2 noise enabled for 1 layers (scaling_factor=18, distribution=encoding)
  Trial 45/200: Loss=0.3280, Acc.=0.8824, F1=0.8804, Time=31.0ms
已替换 11 层的GELU函数
已替换 1 层的GELU函数
已替换 5 层的Softmax函数
已替换 6 层的Softmax函数
已替换 1 层的Softmax函数
Input noise enabled for 10 layers (scaling_factor=24, distribution=fresh)
Input noise enabled for 1 layers (scaling_factor=26, distribution=fresh)
Input noise enabled for 1 layers (scaling_factor=30, distribution=fresh)
query noise enabled for 8 layers (scaling_factor=16, distribution=encoding)
query noise enabled for 1 layers (scaling_factor=18, distribution=encoding)
query noise enabled for 3 layers (scaling_factor=20, distribution=encoding)
key noise enabled for 10 layers (scaling_factor=16, distribution=encoding)
key noise enabled for 1 layers (scaling_factor=18, distribution=encoding)
key noise enabled for 1 layers (scaling_factor=20, distribution=encoding)
value noise enabled for 10 layers (scaling_factor=16, distribution=encoding)
value noise enabled for 2 layers (scaling_factor=18, distribution=encoding)
wo noise enabled for 8 layers (scaling_factor=16, distribution=encoding)
wo noise enabled for 3 layers (scaling_factor=18, distribution=encoding)
wo noise enabled for 1 layers (scaling_factor=22, distribution=encoding)
wffn1 noise enabled for 7 layers (scaling_factor=16, distribution=encoding)
wffn1 noise enabled for 2 layers (scaling_factor=18, distribution=encoding)
wffn1 noise enabled for 1 layers (scaling_factor=20, distribution=encoding)
wffn1 noise enabled for 2 layers (scaling_factor=22, distribution=encoding)
wffn2 noise enabled for 11 layers (scaling_factor=16, distribution=encoding)
wffn2 noise enabled for 1 layers (scaling_factor=18, distribution=encoding)
  Trial 46/200: Loss=0.3254, Acc.=0.8799, F1=0.8778, Time=31.0ms
已替换 11 层的GELU函数
已替换 1 层的GELU函数
已替换 5 层的Softmax函数
已替换 6 层的Softmax函数
已替换 1 层的Softmax函数
Input noise enabled for 10 layers (scaling_factor=24, distribution=fresh)
Input noise enabled for 1 layers (scaling_factor=26, distribution=fresh)
Input noise enabled for 1 layers (scaling_factor=30, distribution=fresh)
query noise enabled for 8 layers (scaling_factor=16, distribution=encoding)
query noise enabled for 1 layers (scaling_factor=18, distribution=encoding)
query noise enabled for 3 layers (scaling_factor=20, distribution=encoding)
key noise enabled for 10 layers (scaling_factor=16, distribution=encoding)
key noise enabled for 1 layers (scaling_factor=18, distribution=encoding)
key noise enabled for 1 layers (scaling_factor=20, distribution=encoding)
value noise enabled for 10 layers (scaling_factor=16, distribution=encoding)
value noise enabled for 2 layers (scaling_factor=18, distribution=encoding)
wo noise enabled for 8 layers (scaling_factor=16, distribution=encoding)
wo noise enabled for 3 layers (scaling_factor=18, distribution=encoding)
wo noise enabled for 1 layers (scaling_factor=22, distribution=encoding)
wffn1 noise enabled for 7 layers (scaling_factor=16, distribution=encoding)
wffn1 noise enabled for 2 layers (scaling_factor=18, distribution=encoding)
wffn1 noise enabled for 1 layers (scaling_factor=20, distribution=encoding)
wffn1 noise enabled for 2 layers (scaling_factor=22, distribution=encoding)
wffn2 noise enabled for 11 layers (scaling_factor=16, distribution=encoding)
wffn2 noise enabled for 1 layers (scaling_factor=18, distribution=encoding)
  Trial 47/200: Loss=0.3270, Acc.=0.8824, F1=0.8804, Time=30.8ms
已替换 11 层的GELU函数
已替换 1 层的GELU函数
已替换 5 层的Softmax函数
已替换 6 层的Softmax函数
已替换 1 层的Softmax函数
Input noise enabled for 10 layers (scaling_factor=24, distribution=fresh)
Input noise enabled for 1 layers (scaling_factor=26, distribution=fresh)
Input noise enabled for 1 layers (scaling_factor=30, distribution=fresh)
query noise enabled for 8 layers (scaling_factor=16, distribution=encoding)
query noise enabled for 1 layers (scaling_factor=18, distribution=encoding)
query noise enabled for 3 layers (scaling_factor=20, distribution=encoding)
key noise enabled for 10 layers (scaling_factor=16, distribution=encoding)
key noise enabled for 1 layers (scaling_factor=18, distribution=encoding)
key noise enabled for 1 layers (scaling_factor=20, distribution=encoding)
value noise enabled for 10 layers (scaling_factor=16, distribution=encoding)
value noise enabled for 2 layers (scaling_factor=18, distribution=encoding)
wo noise enabled for 8 layers (scaling_factor=16, distribution=encoding)
wo noise enabled for 3 layers (scaling_factor=18, distribution=encoding)
wo noise enabled for 1 layers (scaling_factor=22, distribution=encoding)
wffn1 noise enabled for 7 layers (scaling_factor=16, distribution=encoding)
wffn1 noise enabled for 2 layers (scaling_factor=18, distribution=encoding)
wffn1 noise enabled for 1 layers (scaling_factor=20, distribution=encoding)
wffn1 noise enabled for 2 layers (scaling_factor=22, distribution=encoding)
wffn2 noise enabled for 11 layers (scaling_factor=16, distribution=encoding)
wffn2 noise enabled for 1 layers (scaling_factor=18, distribution=encoding)
  Trial 48/200: Loss=0.3284, Acc.=0.8799, F1=0.8781, Time=30.8ms
已替换 11 层的GELU函数
已替换 1 层的GELU函数
已替换 5 层的Softmax函数
已替换 6 层的Softmax函数
已替换 1 层的Softmax函数
Input noise enabled for 10 layers (scaling_factor=24, distribution=fresh)
Input noise enabled for 1 layers (scaling_factor=26, distribution=fresh)
Input noise enabled for 1 layers (scaling_factor=30, distribution=fresh)
query noise enabled for 8 layers (scaling_factor=16, distribution=encoding)
query noise enabled for 1 layers (scaling_factor=18, distribution=encoding)
query noise enabled for 3 layers (scaling_factor=20, distribution=encoding)
key noise enabled for 10 layers (scaling_factor=16, distribution=encoding)
key noise enabled for 1 layers (scaling_factor=18, distribution=encoding)
key noise enabled for 1 layers (scaling_factor=20, distribution=encoding)
value noise enabled for 10 layers (scaling_factor=16, distribution=encoding)
value noise enabled for 2 layers (scaling_factor=18, distribution=encoding)
wo noise enabled for 8 layers (scaling_factor=16, distribution=encoding)
wo noise enabled for 3 layers (scaling_factor=18, distribution=encoding)
wo noise enabled for 1 layers (scaling_factor=22, distribution=encoding)
wffn1 noise enabled for 7 layers (scaling_factor=16, distribution=encoding)
wffn1 noise enabled for 2 layers (scaling_factor=18, distribution=encoding)
wffn1 noise enabled for 1 layers (scaling_factor=20, distribution=encoding)
wffn1 noise enabled for 2 layers (scaling_factor=22, distribution=encoding)
wffn2 noise enabled for 11 layers (scaling_factor=16, distribution=encoding)
wffn2 noise enabled for 1 layers (scaling_factor=18, distribution=encoding)
  Trial 49/200: Loss=0.3248, Acc.=0.8799, F1=0.8781, Time=30.8ms
已替换 11 层的GELU函数
已替换 1 层的GELU函数
已替换 5 层的Softmax函数
已替换 6 层的Softmax函数
已替换 1 层的Softmax函数
Input noise enabled for 10 layers (scaling_factor=24, distribution=fresh)
Input noise enabled for 1 layers (scaling_factor=26, distribution=fresh)
Input noise enabled for 1 layers (scaling_factor=30, distribution=fresh)
query noise enabled for 8 layers (scaling_factor=16, distribution=encoding)
query noise enabled for 1 layers (scaling_factor=18, distribution=encoding)
query noise enabled for 3 layers (scaling_factor=20, distribution=encoding)
key noise enabled for 10 layers (scaling_factor=16, distribution=encoding)
key noise enabled for 1 layers (scaling_factor=18, distribution=encoding)
key noise enabled for 1 layers (scaling_factor=20, distribution=encoding)
value noise enabled for 10 layers (scaling_factor=16, distribution=encoding)
value noise enabled for 2 layers (scaling_factor=18, distribution=encoding)
wo noise enabled for 8 layers (scaling_factor=16, distribution=encoding)
wo noise enabled for 3 layers (scaling_factor=18, distribution=encoding)
wo noise enabled for 1 layers (scaling_factor=22, distribution=encoding)
wffn1 noise enabled for 7 layers (scaling_factor=16, distribution=encoding)
wffn1 noise enabled for 2 layers (scaling_factor=18, distribution=encoding)
wffn1 noise enabled for 1 layers (scaling_factor=20, distribution=encoding)
wffn1 noise enabled for 2 layers (scaling_factor=22, distribution=encoding)
wffn2 noise enabled for 11 layers (scaling_factor=16, distribution=encoding)
wffn2 noise enabled for 1 layers (scaling_factor=18, distribution=encoding)
  Trial 50/200: Loss=0.3270, Acc.=0.8799, F1=0.8778, Time=31.0ms
已替换 11 层的GELU函数
已替换 1 层的GELU函数
已替换 5 层的Softmax函数
已替换 6 层的Softmax函数
已替换 1 层的Softmax函数
Input noise enabled for 10 layers (scaling_factor=24, distribution=fresh)
Input noise enabled for 1 layers (scaling_factor=26, distribution=fresh)
Input noise enabled for 1 layers (scaling_factor=30, distribution=fresh)
query noise enabled for 8 layers (scaling_factor=16, distribution=encoding)
query noise enabled for 1 layers (scaling_factor=18, distribution=encoding)
query noise enabled for 3 layers (scaling_factor=20, distribution=encoding)
key noise enabled for 10 layers (scaling_factor=16, distribution=encoding)
key noise enabled for 1 layers (scaling_factor=18, distribution=encoding)
key noise enabled for 1 layers (scaling_factor=20, distribution=encoding)
value noise enabled for 10 layers (scaling_factor=16, distribution=encoding)
value noise enabled for 2 layers (scaling_factor=18, distribution=encoding)
wo noise enabled for 8 layers (scaling_factor=16, distribution=encoding)
wo noise enabled for 3 layers (scaling_factor=18, distribution=encoding)
wo noise enabled for 1 layers (scaling_factor=22, distribution=encoding)
wffn1 noise enabled for 7 layers (scaling_factor=16, distribution=encoding)
wffn1 noise enabled for 2 layers (scaling_factor=18, distribution=encoding)
wffn1 noise enabled for 1 layers (scaling_factor=20, distribution=encoding)
wffn1 noise enabled for 2 layers (scaling_factor=22, distribution=encoding)
wffn2 noise enabled for 11 layers (scaling_factor=16, distribution=encoding)
wffn2 noise enabled for 1 layers (scaling_factor=18, distribution=encoding)
  Trial 51/200: Loss=0.3253, Acc.=0.8799, F1=0.8778, Time=31.0ms
已替换 11 层的GELU函数
已替换 1 层的GELU函数
已替换 5 层的Softmax函数
已替换 6 层的Softmax函数
已替换 1 层的Softmax函数
Input noise enabled for 10 layers (scaling_factor=24, distribution=fresh)
Input noise enabled for 1 layers (scaling_factor=26, distribution=fresh)
Input noise enabled for 1 layers (scaling_factor=30, distribution=fresh)
query noise enabled for 8 layers (scaling_factor=16, distribution=encoding)
query noise enabled for 1 layers (scaling_factor=18, distribution=encoding)
query noise enabled for 3 layers (scaling_factor=20, distribution=encoding)
key noise enabled for 10 layers (scaling_factor=16, distribution=encoding)
key noise enabled for 1 layers (scaling_factor=18, distribution=encoding)
key noise enabled for 1 layers (scaling_factor=20, distribution=encoding)
value noise enabled for 10 layers (scaling_factor=16, distribution=encoding)
value noise enabled for 2 layers (scaling_factor=18, distribution=encoding)
wo noise enabled for 8 layers (scaling_factor=16, distribution=encoding)
wo noise enabled for 3 layers (scaling_factor=18, distribution=encoding)
wo noise enabled for 1 layers (scaling_factor=22, distribution=encoding)
wffn1 noise enabled for 7 layers (scaling_factor=16, distribution=encoding)
wffn1 noise enabled for 2 layers (scaling_factor=18, distribution=encoding)
wffn1 noise enabled for 1 layers (scaling_factor=20, distribution=encoding)
wffn1 noise enabled for 2 layers (scaling_factor=22, distribution=encoding)
wffn2 noise enabled for 11 layers (scaling_factor=16, distribution=encoding)
wffn2 noise enabled for 1 layers (scaling_factor=18, distribution=encoding)
  Trial 52/200: Loss=0.3260, Acc.=0.8799, F1=0.8781, Time=31.0ms
已替换 11 层的GELU函数
已替换 1 层的GELU函数
已替换 5 层的Softmax函数
已替换 6 层的Softmax函数
已替换 1 层的Softmax函数
Input noise enabled for 10 layers (scaling_factor=24, distribution=fresh)
Input noise enabled for 1 layers (scaling_factor=26, distribution=fresh)
Input noise enabled for 1 layers (scaling_factor=30, distribution=fresh)
query noise enabled for 8 layers (scaling_factor=16, distribution=encoding)
query noise enabled for 1 layers (scaling_factor=18, distribution=encoding)
query noise enabled for 3 layers (scaling_factor=20, distribution=encoding)
key noise enabled for 10 layers (scaling_factor=16, distribution=encoding)
key noise enabled for 1 layers (scaling_factor=18, distribution=encoding)
key noise enabled for 1 layers (scaling_factor=20, distribution=encoding)
value noise enabled for 10 layers (scaling_factor=16, distribution=encoding)
value noise enabled for 2 layers (scaling_factor=18, distribution=encoding)
wo noise enabled for 8 layers (scaling_factor=16, distribution=encoding)
wo noise enabled for 3 layers (scaling_factor=18, distribution=encoding)
wo noise enabled for 1 layers (scaling_factor=22, distribution=encoding)
wffn1 noise enabled for 7 layers (scaling_factor=16, distribution=encoding)
wffn1 noise enabled for 2 layers (scaling_factor=18, distribution=encoding)
wffn1 noise enabled for 1 layers (scaling_factor=20, distribution=encoding)
wffn1 noise enabled for 2 layers (scaling_factor=22, distribution=encoding)
wffn2 noise enabled for 11 layers (scaling_factor=16, distribution=encoding)
wffn2 noise enabled for 1 layers (scaling_factor=18, distribution=encoding)
  Trial 53/200: Loss=0.3262, Acc.=0.8824, F1=0.8804, Time=30.8ms
已替换 11 层的GELU函数
已替换 1 层的GELU函数
已替换 5 层的Softmax函数
已替换 6 层的Softmax函数
已替换 1 层的Softmax函数
Input noise enabled for 10 layers (scaling_factor=24, distribution=fresh)
Input noise enabled for 1 layers (scaling_factor=26, distribution=fresh)
Input noise enabled for 1 layers (scaling_factor=30, distribution=fresh)
query noise enabled for 8 layers (scaling_factor=16, distribution=encoding)
query noise enabled for 1 layers (scaling_factor=18, distribution=encoding)
query noise enabled for 3 layers (scaling_factor=20, distribution=encoding)
key noise enabled for 10 layers (scaling_factor=16, distribution=encoding)
key noise enabled for 1 layers (scaling_factor=18, distribution=encoding)
key noise enabled for 1 layers (scaling_factor=20, distribution=encoding)
value noise enabled for 10 layers (scaling_factor=16, distribution=encoding)
value noise enabled for 2 layers (scaling_factor=18, distribution=encoding)
wo noise enabled for 8 layers (scaling_factor=16, distribution=encoding)
wo noise enabled for 3 layers (scaling_factor=18, distribution=encoding)
wo noise enabled for 1 layers (scaling_factor=22, distribution=encoding)
wffn1 noise enabled for 7 layers (scaling_factor=16, distribution=encoding)
wffn1 noise enabled for 2 layers (scaling_factor=18, distribution=encoding)
wffn1 noise enabled for 1 layers (scaling_factor=20, distribution=encoding)
wffn1 noise enabled for 2 layers (scaling_factor=22, distribution=encoding)
wffn2 noise enabled for 11 layers (scaling_factor=16, distribution=encoding)
wffn2 noise enabled for 1 layers (scaling_factor=18, distribution=encoding)
  Trial 54/200: Loss=0.3258, Acc.=0.8799, F1=0.8781, Time=30.9ms
已替换 11 层的GELU函数
已替换 1 层的GELU函数
已替换 5 层的Softmax函数
已替换 6 层的Softmax函数
已替换 1 层的Softmax函数
Input noise enabled for 10 layers (scaling_factor=24, distribution=fresh)
Input noise enabled for 1 layers (scaling_factor=26, distribution=fresh)
Input noise enabled for 1 layers (scaling_factor=30, distribution=fresh)
query noise enabled for 8 layers (scaling_factor=16, distribution=encoding)
query noise enabled for 1 layers (scaling_factor=18, distribution=encoding)
query noise enabled for 3 layers (scaling_factor=20, distribution=encoding)
key noise enabled for 10 layers (scaling_factor=16, distribution=encoding)
key noise enabled for 1 layers (scaling_factor=18, distribution=encoding)
key noise enabled for 1 layers (scaling_factor=20, distribution=encoding)
value noise enabled for 10 layers (scaling_factor=16, distribution=encoding)
value noise enabled for 2 layers (scaling_factor=18, distribution=encoding)
wo noise enabled for 8 layers (scaling_factor=16, distribution=encoding)
wo noise enabled for 3 layers (scaling_factor=18, distribution=encoding)
wo noise enabled for 1 layers (scaling_factor=22, distribution=encoding)
wffn1 noise enabled for 7 layers (scaling_factor=16, distribution=encoding)
wffn1 noise enabled for 2 layers (scaling_factor=18, distribution=encoding)
wffn1 noise enabled for 1 layers (scaling_factor=20, distribution=encoding)
wffn1 noise enabled for 2 layers (scaling_factor=22, distribution=encoding)
wffn2 noise enabled for 11 layers (scaling_factor=16, distribution=encoding)
wffn2 noise enabled for 1 layers (scaling_factor=18, distribution=encoding)
  Trial 55/200: Loss=0.3267, Acc.=0.8775, F1=0.8758, Time=30.6ms
已替换 11 层的GELU函数
已替换 1 层的GELU函数
已替换 5 层的Softmax函数
已替换 6 层的Softmax函数
已替换 1 层的Softmax函数
Input noise enabled for 10 layers (scaling_factor=24, distribution=fresh)
Input noise enabled for 1 layers (scaling_factor=26, distribution=fresh)
Input noise enabled for 1 layers (scaling_factor=30, distribution=fresh)
query noise enabled for 8 layers (scaling_factor=16, distribution=encoding)
query noise enabled for 1 layers (scaling_factor=18, distribution=encoding)
query noise enabled for 3 layers (scaling_factor=20, distribution=encoding)
key noise enabled for 10 layers (scaling_factor=16, distribution=encoding)
key noise enabled for 1 layers (scaling_factor=18, distribution=encoding)
key noise enabled for 1 layers (scaling_factor=20, distribution=encoding)
value noise enabled for 10 layers (scaling_factor=16, distribution=encoding)
value noise enabled for 2 layers (scaling_factor=18, distribution=encoding)
wo noise enabled for 8 layers (scaling_factor=16, distribution=encoding)
wo noise enabled for 3 layers (scaling_factor=18, distribution=encoding)
wo noise enabled for 1 layers (scaling_factor=22, distribution=encoding)
wffn1 noise enabled for 7 layers (scaling_factor=16, distribution=encoding)
wffn1 noise enabled for 2 layers (scaling_factor=18, distribution=encoding)
wffn1 noise enabled for 1 layers (scaling_factor=20, distribution=encoding)
wffn1 noise enabled for 2 layers (scaling_factor=22, distribution=encoding)
wffn2 noise enabled for 11 layers (scaling_factor=16, distribution=encoding)
wffn2 noise enabled for 1 layers (scaling_factor=18, distribution=encoding)
  Trial 56/200: Loss=0.3256, Acc.=0.8799, F1=0.8781, Time=31.0ms
已替换 11 层的GELU函数
已替换 1 层的GELU函数
已替换 5 层的Softmax函数
已替换 6 层的Softmax函数
已替换 1 层的Softmax函数
Input noise enabled for 10 layers (scaling_factor=24, distribution=fresh)
Input noise enabled for 1 layers (scaling_factor=26, distribution=fresh)
Input noise enabled for 1 layers (scaling_factor=30, distribution=fresh)
query noise enabled for 8 layers (scaling_factor=16, distribution=encoding)
query noise enabled for 1 layers (scaling_factor=18, distribution=encoding)
query noise enabled for 3 layers (scaling_factor=20, distribution=encoding)
key noise enabled for 10 layers (scaling_factor=16, distribution=encoding)
key noise enabled for 1 layers (scaling_factor=18, distribution=encoding)
key noise enabled for 1 layers (scaling_factor=20, distribution=encoding)
value noise enabled for 10 layers (scaling_factor=16, distribution=encoding)
value noise enabled for 2 layers (scaling_factor=18, distribution=encoding)
wo noise enabled for 8 layers (scaling_factor=16, distribution=encoding)
wo noise enabled for 3 layers (scaling_factor=18, distribution=encoding)
wo noise enabled for 1 layers (scaling_factor=22, distribution=encoding)
wffn1 noise enabled for 7 layers (scaling_factor=16, distribution=encoding)
wffn1 noise enabled for 2 layers (scaling_factor=18, distribution=encoding)
wffn1 noise enabled for 1 layers (scaling_factor=20, distribution=encoding)
wffn1 noise enabled for 2 layers (scaling_factor=22, distribution=encoding)
wffn2 noise enabled for 11 layers (scaling_factor=16, distribution=encoding)
wffn2 noise enabled for 1 layers (scaling_factor=18, distribution=encoding)
  Trial 57/200: Loss=0.3272, Acc.=0.8824, F1=0.8804, Time=31.0ms
已替换 11 层的GELU函数
已替换 1 层的GELU函数
已替换 5 层的Softmax函数
已替换 6 层的Softmax函数
已替换 1 层的Softmax函数
Input noise enabled for 10 layers (scaling_factor=24, distribution=fresh)
Input noise enabled for 1 layers (scaling_factor=26, distribution=fresh)
Input noise enabled for 1 layers (scaling_factor=30, distribution=fresh)
query noise enabled for 8 layers (scaling_factor=16, distribution=encoding)
query noise enabled for 1 layers (scaling_factor=18, distribution=encoding)
query noise enabled for 3 layers (scaling_factor=20, distribution=encoding)
key noise enabled for 10 layers (scaling_factor=16, distribution=encoding)
key noise enabled for 1 layers (scaling_factor=18, distribution=encoding)
key noise enabled for 1 layers (scaling_factor=20, distribution=encoding)
value noise enabled for 10 layers (scaling_factor=16, distribution=encoding)
value noise enabled for 2 layers (scaling_factor=18, distribution=encoding)
wo noise enabled for 8 layers (scaling_factor=16, distribution=encoding)
wo noise enabled for 3 layers (scaling_factor=18, distribution=encoding)
wo noise enabled for 1 layers (scaling_factor=22, distribution=encoding)
wffn1 noise enabled for 7 layers (scaling_factor=16, distribution=encoding)
wffn1 noise enabled for 2 layers (scaling_factor=18, distribution=encoding)
wffn1 noise enabled for 1 layers (scaling_factor=20, distribution=encoding)
wffn1 noise enabled for 2 layers (scaling_factor=22, distribution=encoding)
wffn2 noise enabled for 11 layers (scaling_factor=16, distribution=encoding)
wffn2 noise enabled for 1 layers (scaling_factor=18, distribution=encoding)
  Trial 58/200: Loss=0.3227, Acc.=0.8848, F1=0.8828, Time=31.0ms
已替换 11 层的GELU函数
已替换 1 层的GELU函数
已替换 5 层的Softmax函数
已替换 6 层的Softmax函数
已替换 1 层的Softmax函数
Input noise enabled for 10 layers (scaling_factor=24, distribution=fresh)
Input noise enabled for 1 layers (scaling_factor=26, distribution=fresh)
Input noise enabled for 1 layers (scaling_factor=30, distribution=fresh)
query noise enabled for 8 layers (scaling_factor=16, distribution=encoding)
query noise enabled for 1 layers (scaling_factor=18, distribution=encoding)
query noise enabled for 3 layers (scaling_factor=20, distribution=encoding)
key noise enabled for 10 layers (scaling_factor=16, distribution=encoding)
key noise enabled for 1 layers (scaling_factor=18, distribution=encoding)
key noise enabled for 1 layers (scaling_factor=20, distribution=encoding)
value noise enabled for 10 layers (scaling_factor=16, distribution=encoding)
value noise enabled for 2 layers (scaling_factor=18, distribution=encoding)
wo noise enabled for 8 layers (scaling_factor=16, distribution=encoding)
wo noise enabled for 3 layers (scaling_factor=18, distribution=encoding)
wo noise enabled for 1 layers (scaling_factor=22, distribution=encoding)
wffn1 noise enabled for 7 layers (scaling_factor=16, distribution=encoding)
wffn1 noise enabled for 2 layers (scaling_factor=18, distribution=encoding)
wffn1 noise enabled for 1 layers (scaling_factor=20, distribution=encoding)
wffn1 noise enabled for 2 layers (scaling_factor=22, distribution=encoding)
wffn2 noise enabled for 11 layers (scaling_factor=16, distribution=encoding)
wffn2 noise enabled for 1 layers (scaling_factor=18, distribution=encoding)
  Trial 59/200: Loss=0.3242, Acc.=0.8824, F1=0.8804, Time=31.0ms
已替换 11 层的GELU函数
已替换 1 层的GELU函数
已替换 5 层的Softmax函数
已替换 6 层的Softmax函数
已替换 1 层的Softmax函数
Input noise enabled for 10 layers (scaling_factor=24, distribution=fresh)
Input noise enabled for 1 layers (scaling_factor=26, distribution=fresh)
Input noise enabled for 1 layers (scaling_factor=30, distribution=fresh)
query noise enabled for 8 layers (scaling_factor=16, distribution=encoding)
query noise enabled for 1 layers (scaling_factor=18, distribution=encoding)
query noise enabled for 3 layers (scaling_factor=20, distribution=encoding)
key noise enabled for 10 layers (scaling_factor=16, distribution=encoding)
key noise enabled for 1 layers (scaling_factor=18, distribution=encoding)
key noise enabled for 1 layers (scaling_factor=20, distribution=encoding)
value noise enabled for 10 layers (scaling_factor=16, distribution=encoding)
value noise enabled for 2 layers (scaling_factor=18, distribution=encoding)
wo noise enabled for 8 layers (scaling_factor=16, distribution=encoding)
wo noise enabled for 3 layers (scaling_factor=18, distribution=encoding)
wo noise enabled for 1 layers (scaling_factor=22, distribution=encoding)
wffn1 noise enabled for 7 layers (scaling_factor=16, distribution=encoding)
wffn1 noise enabled for 2 layers (scaling_factor=18, distribution=encoding)
wffn1 noise enabled for 1 layers (scaling_factor=20, distribution=encoding)
wffn1 noise enabled for 2 layers (scaling_factor=22, distribution=encoding)
wffn2 noise enabled for 11 layers (scaling_factor=16, distribution=encoding)
wffn2 noise enabled for 1 layers (scaling_factor=18, distribution=encoding)
  Trial 60/200: Loss=0.3283, Acc.=0.8799, F1=0.8781, Time=30.8ms
已替换 11 层的GELU函数
已替换 1 层的GELU函数
已替换 5 层的Softmax函数
已替换 6 层的Softmax函数
已替换 1 层的Softmax函数
Input noise enabled for 10 layers (scaling_factor=24, distribution=fresh)
Input noise enabled for 1 layers (scaling_factor=26, distribution=fresh)
Input noise enabled for 1 layers (scaling_factor=30, distribution=fresh)
query noise enabled for 8 layers (scaling_factor=16, distribution=encoding)
query noise enabled for 1 layers (scaling_factor=18, distribution=encoding)
query noise enabled for 3 layers (scaling_factor=20, distribution=encoding)
key noise enabled for 10 layers (scaling_factor=16, distribution=encoding)
key noise enabled for 1 layers (scaling_factor=18, distribution=encoding)
key noise enabled for 1 layers (scaling_factor=20, distribution=encoding)
value noise enabled for 10 layers (scaling_factor=16, distribution=encoding)
value noise enabled for 2 layers (scaling_factor=18, distribution=encoding)
wo noise enabled for 8 layers (scaling_factor=16, distribution=encoding)
wo noise enabled for 3 layers (scaling_factor=18, distribution=encoding)
wo noise enabled for 1 layers (scaling_factor=22, distribution=encoding)
wffn1 noise enabled for 7 layers (scaling_factor=16, distribution=encoding)
wffn1 noise enabled for 2 layers (scaling_factor=18, distribution=encoding)
wffn1 noise enabled for 1 layers (scaling_factor=20, distribution=encoding)
wffn1 noise enabled for 2 layers (scaling_factor=22, distribution=encoding)
wffn2 noise enabled for 11 layers (scaling_factor=16, distribution=encoding)
wffn2 noise enabled for 1 layers (scaling_factor=18, distribution=encoding)
  Trial 61/200: Loss=0.3260, Acc.=0.8824, F1=0.8804, Time=31.1ms
已替换 11 层的GELU函数
已替换 1 层的GELU函数
已替换 5 层的Softmax函数
已替换 6 层的Softmax函数
已替换 1 层的Softmax函数
Input noise enabled for 10 layers (scaling_factor=24, distribution=fresh)
Input noise enabled for 1 layers (scaling_factor=26, distribution=fresh)
Input noise enabled for 1 layers (scaling_factor=30, distribution=fresh)
query noise enabled for 8 layers (scaling_factor=16, distribution=encoding)
query noise enabled for 1 layers (scaling_factor=18, distribution=encoding)
query noise enabled for 3 layers (scaling_factor=20, distribution=encoding)
key noise enabled for 10 layers (scaling_factor=16, distribution=encoding)
key noise enabled for 1 layers (scaling_factor=18, distribution=encoding)
key noise enabled for 1 layers (scaling_factor=20, distribution=encoding)
value noise enabled for 10 layers (scaling_factor=16, distribution=encoding)
value noise enabled for 2 layers (scaling_factor=18, distribution=encoding)
wo noise enabled for 8 layers (scaling_factor=16, distribution=encoding)
wo noise enabled for 3 layers (scaling_factor=18, distribution=encoding)
wo noise enabled for 1 layers (scaling_factor=22, distribution=encoding)
wffn1 noise enabled for 7 layers (scaling_factor=16, distribution=encoding)
wffn1 noise enabled for 2 layers (scaling_factor=18, distribution=encoding)
wffn1 noise enabled for 1 layers (scaling_factor=20, distribution=encoding)
wffn1 noise enabled for 2 layers (scaling_factor=22, distribution=encoding)
wffn2 noise enabled for 11 layers (scaling_factor=16, distribution=encoding)
wffn2 noise enabled for 1 layers (scaling_factor=18, distribution=encoding)
  Trial 62/200: Loss=0.3258, Acc.=0.8799, F1=0.8781, Time=31.0ms
已替换 11 层的GELU函数
已替换 1 层的GELU函数
已替换 5 层的Softmax函数
已替换 6 层的Softmax函数
已替换 1 层的Softmax函数
Input noise enabled for 10 layers (scaling_factor=24, distribution=fresh)
Input noise enabled for 1 layers (scaling_factor=26, distribution=fresh)
Input noise enabled for 1 layers (scaling_factor=30, distribution=fresh)
query noise enabled for 8 layers (scaling_factor=16, distribution=encoding)
query noise enabled for 1 layers (scaling_factor=18, distribution=encoding)
query noise enabled for 3 layers (scaling_factor=20, distribution=encoding)
key noise enabled for 10 layers (scaling_factor=16, distribution=encoding)
key noise enabled for 1 layers (scaling_factor=18, distribution=encoding)
key noise enabled for 1 layers (scaling_factor=20, distribution=encoding)
value noise enabled for 10 layers (scaling_factor=16, distribution=encoding)
value noise enabled for 2 layers (scaling_factor=18, distribution=encoding)
wo noise enabled for 8 layers (scaling_factor=16, distribution=encoding)
wo noise enabled for 3 layers (scaling_factor=18, distribution=encoding)
wo noise enabled for 1 layers (scaling_factor=22, distribution=encoding)
wffn1 noise enabled for 7 layers (scaling_factor=16, distribution=encoding)
wffn1 noise enabled for 2 layers (scaling_factor=18, distribution=encoding)
wffn1 noise enabled for 1 layers (scaling_factor=20, distribution=encoding)
wffn1 noise enabled for 2 layers (scaling_factor=22, distribution=encoding)
wffn2 noise enabled for 11 layers (scaling_factor=16, distribution=encoding)
wffn2 noise enabled for 1 layers (scaling_factor=18, distribution=encoding)
  Trial 63/200: Loss=0.3266, Acc.=0.8824, F1=0.8804, Time=31.0ms
已替换 11 层的GELU函数
已替换 1 层的GELU函数
已替换 5 层的Softmax函数
已替换 6 层的Softmax函数
已替换 1 层的Softmax函数
Input noise enabled for 10 layers (scaling_factor=24, distribution=fresh)
Input noise enabled for 1 layers (scaling_factor=26, distribution=fresh)
Input noise enabled for 1 layers (scaling_factor=30, distribution=fresh)
query noise enabled for 8 layers (scaling_factor=16, distribution=encoding)
query noise enabled for 1 layers (scaling_factor=18, distribution=encoding)
query noise enabled for 3 layers (scaling_factor=20, distribution=encoding)
key noise enabled for 10 layers (scaling_factor=16, distribution=encoding)
key noise enabled for 1 layers (scaling_factor=18, distribution=encoding)
key noise enabled for 1 layers (scaling_factor=20, distribution=encoding)
value noise enabled for 10 layers (scaling_factor=16, distribution=encoding)
value noise enabled for 2 layers (scaling_factor=18, distribution=encoding)
wo noise enabled for 8 layers (scaling_factor=16, distribution=encoding)
wo noise enabled for 3 layers (scaling_factor=18, distribution=encoding)
wo noise enabled for 1 layers (scaling_factor=22, distribution=encoding)
wffn1 noise enabled for 7 layers (scaling_factor=16, distribution=encoding)
wffn1 noise enabled for 2 layers (scaling_factor=18, distribution=encoding)
wffn1 noise enabled for 1 layers (scaling_factor=20, distribution=encoding)
wffn1 noise enabled for 2 layers (scaling_factor=22, distribution=encoding)
wffn2 noise enabled for 11 layers (scaling_factor=16, distribution=encoding)
wffn2 noise enabled for 1 layers (scaling_factor=18, distribution=encoding)
  Trial 64/200: Loss=0.3259, Acc.=0.8824, F1=0.8804, Time=31.0ms
已替换 11 层的GELU函数
已替换 1 层的GELU函数
已替换 5 层的Softmax函数
已替换 6 层的Softmax函数
已替换 1 层的Softmax函数
Input noise enabled for 10 layers (scaling_factor=24, distribution=fresh)
Input noise enabled for 1 layers (scaling_factor=26, distribution=fresh)
Input noise enabled for 1 layers (scaling_factor=30, distribution=fresh)
query noise enabled for 8 layers (scaling_factor=16, distribution=encoding)
query noise enabled for 1 layers (scaling_factor=18, distribution=encoding)
query noise enabled for 3 layers (scaling_factor=20, distribution=encoding)
key noise enabled for 10 layers (scaling_factor=16, distribution=encoding)
key noise enabled for 1 layers (scaling_factor=18, distribution=encoding)
key noise enabled for 1 layers (scaling_factor=20, distribution=encoding)
value noise enabled for 10 layers (scaling_factor=16, distribution=encoding)
value noise enabled for 2 layers (scaling_factor=18, distribution=encoding)
wo noise enabled for 8 layers (scaling_factor=16, distribution=encoding)
wo noise enabled for 3 layers (scaling_factor=18, distribution=encoding)
wo noise enabled for 1 layers (scaling_factor=22, distribution=encoding)
wffn1 noise enabled for 7 layers (scaling_factor=16, distribution=encoding)
wffn1 noise enabled for 2 layers (scaling_factor=18, distribution=encoding)
wffn1 noise enabled for 1 layers (scaling_factor=20, distribution=encoding)
wffn1 noise enabled for 2 layers (scaling_factor=22, distribution=encoding)
wffn2 noise enabled for 11 layers (scaling_factor=16, distribution=encoding)
wffn2 noise enabled for 1 layers (scaling_factor=18, distribution=encoding)
  Trial 65/200: Loss=0.3241, Acc.=0.8824, F1=0.8804, Time=30.9ms
已替换 11 层的GELU函数
已替换 1 层的GELU函数
已替换 5 层的Softmax函数
已替换 6 层的Softmax函数
已替换 1 层的Softmax函数
Input noise enabled for 10 layers (scaling_factor=24, distribution=fresh)
Input noise enabled for 1 layers (scaling_factor=26, distribution=fresh)
Input noise enabled for 1 layers (scaling_factor=30, distribution=fresh)
query noise enabled for 8 layers (scaling_factor=16, distribution=encoding)
query noise enabled for 1 layers (scaling_factor=18, distribution=encoding)
query noise enabled for 3 layers (scaling_factor=20, distribution=encoding)
key noise enabled for 10 layers (scaling_factor=16, distribution=encoding)
key noise enabled for 1 layers (scaling_factor=18, distribution=encoding)
key noise enabled for 1 layers (scaling_factor=20, distribution=encoding)
value noise enabled for 10 layers (scaling_factor=16, distribution=encoding)
value noise enabled for 2 layers (scaling_factor=18, distribution=encoding)
wo noise enabled for 8 layers (scaling_factor=16, distribution=encoding)
wo noise enabled for 3 layers (scaling_factor=18, distribution=encoding)
wo noise enabled for 1 layers (scaling_factor=22, distribution=encoding)
wffn1 noise enabled for 7 layers (scaling_factor=16, distribution=encoding)
wffn1 noise enabled for 2 layers (scaling_factor=18, distribution=encoding)
wffn1 noise enabled for 1 layers (scaling_factor=20, distribution=encoding)
wffn1 noise enabled for 2 layers (scaling_factor=22, distribution=encoding)
wffn2 noise enabled for 11 layers (scaling_factor=16, distribution=encoding)
wffn2 noise enabled for 1 layers (scaling_factor=18, distribution=encoding)
  Trial 66/200: Loss=0.3264, Acc.=0.8799, F1=0.8781, Time=30.8ms
已替换 11 层的GELU函数
已替换 1 层的GELU函数
已替换 5 层的Softmax函数
已替换 6 层的Softmax函数
已替换 1 层的Softmax函数
Input noise enabled for 10 layers (scaling_factor=24, distribution=fresh)
Input noise enabled for 1 layers (scaling_factor=26, distribution=fresh)
Input noise enabled for 1 layers (scaling_factor=30, distribution=fresh)
query noise enabled for 8 layers (scaling_factor=16, distribution=encoding)
query noise enabled for 1 layers (scaling_factor=18, distribution=encoding)
query noise enabled for 3 layers (scaling_factor=20, distribution=encoding)
key noise enabled for 10 layers (scaling_factor=16, distribution=encoding)
key noise enabled for 1 layers (scaling_factor=18, distribution=encoding)
key noise enabled for 1 layers (scaling_factor=20, distribution=encoding)
value noise enabled for 10 layers (scaling_factor=16, distribution=encoding)
value noise enabled for 2 layers (scaling_factor=18, distribution=encoding)
wo noise enabled for 8 layers (scaling_factor=16, distribution=encoding)
wo noise enabled for 3 layers (scaling_factor=18, distribution=encoding)
wo noise enabled for 1 layers (scaling_factor=22, distribution=encoding)
wffn1 noise enabled for 7 layers (scaling_factor=16, distribution=encoding)
wffn1 noise enabled for 2 layers (scaling_factor=18, distribution=encoding)
wffn1 noise enabled for 1 layers (scaling_factor=20, distribution=encoding)
wffn1 noise enabled for 2 layers (scaling_factor=22, distribution=encoding)
wffn2 noise enabled for 11 layers (scaling_factor=16, distribution=encoding)
wffn2 noise enabled for 1 layers (scaling_factor=18, distribution=encoding)
  Trial 67/200: Loss=0.3243, Acc.=0.8824, F1=0.8804, Time=30.8ms
已替换 11 层的GELU函数
已替换 1 层的GELU函数
已替换 5 层的Softmax函数
已替换 6 层的Softmax函数
已替换 1 层的Softmax函数
Input noise enabled for 10 layers (scaling_factor=24, distribution=fresh)
Input noise enabled for 1 layers (scaling_factor=26, distribution=fresh)
Input noise enabled for 1 layers (scaling_factor=30, distribution=fresh)
query noise enabled for 8 layers (scaling_factor=16, distribution=encoding)
query noise enabled for 1 layers (scaling_factor=18, distribution=encoding)
query noise enabled for 3 layers (scaling_factor=20, distribution=encoding)
key noise enabled for 10 layers (scaling_factor=16, distribution=encoding)
key noise enabled for 1 layers (scaling_factor=18, distribution=encoding)
key noise enabled for 1 layers (scaling_factor=20, distribution=encoding)
value noise enabled for 10 layers (scaling_factor=16, distribution=encoding)
value noise enabled for 2 layers (scaling_factor=18, distribution=encoding)
wo noise enabled for 8 layers (scaling_factor=16, distribution=encoding)
wo noise enabled for 3 layers (scaling_factor=18, distribution=encoding)
wo noise enabled for 1 layers (scaling_factor=22, distribution=encoding)
wffn1 noise enabled for 7 layers (scaling_factor=16, distribution=encoding)
wffn1 noise enabled for 2 layers (scaling_factor=18, distribution=encoding)
wffn1 noise enabled for 1 layers (scaling_factor=20, distribution=encoding)
wffn1 noise enabled for 2 layers (scaling_factor=22, distribution=encoding)
wffn2 noise enabled for 11 layers (scaling_factor=16, distribution=encoding)
wffn2 noise enabled for 1 layers (scaling_factor=18, distribution=encoding)
  Trial 68/200: Loss=0.3245, Acc.=0.8848, F1=0.8828, Time=31.0ms
已替换 11 层的GELU函数
已替换 1 层的GELU函数
已替换 5 层的Softmax函数
已替换 6 层的Softmax函数
已替换 1 层的Softmax函数
Input noise enabled for 10 layers (scaling_factor=24, distribution=fresh)
Input noise enabled for 1 layers (scaling_factor=26, distribution=fresh)
Input noise enabled for 1 layers (scaling_factor=30, distribution=fresh)
query noise enabled for 8 layers (scaling_factor=16, distribution=encoding)
query noise enabled for 1 layers (scaling_factor=18, distribution=encoding)
query noise enabled for 3 layers (scaling_factor=20, distribution=encoding)
key noise enabled for 10 layers (scaling_factor=16, distribution=encoding)
key noise enabled for 1 layers (scaling_factor=18, distribution=encoding)
key noise enabled for 1 layers (scaling_factor=20, distribution=encoding)
value noise enabled for 10 layers (scaling_factor=16, distribution=encoding)
value noise enabled for 2 layers (scaling_factor=18, distribution=encoding)
wo noise enabled for 8 layers (scaling_factor=16, distribution=encoding)
wo noise enabled for 3 layers (scaling_factor=18, distribution=encoding)
wo noise enabled for 1 layers (scaling_factor=22, distribution=encoding)
wffn1 noise enabled for 7 layers (scaling_factor=16, distribution=encoding)
wffn1 noise enabled for 2 layers (scaling_factor=18, distribution=encoding)
wffn1 noise enabled for 1 layers (scaling_factor=20, distribution=encoding)
wffn1 noise enabled for 2 layers (scaling_factor=22, distribution=encoding)
wffn2 noise enabled for 11 layers (scaling_factor=16, distribution=encoding)
wffn2 noise enabled for 1 layers (scaling_factor=18, distribution=encoding)
  Trial 69/200: Loss=0.3270, Acc.=0.8799, F1=0.8781, Time=31.0ms
已替换 11 层的GELU函数
已替换 1 层的GELU函数
已替换 5 层的Softmax函数
已替换 6 层的Softmax函数
已替换 1 层的Softmax函数
Input noise enabled for 10 layers (scaling_factor=24, distribution=fresh)
Input noise enabled for 1 layers (scaling_factor=26, distribution=fresh)
Input noise enabled for 1 layers (scaling_factor=30, distribution=fresh)
query noise enabled for 8 layers (scaling_factor=16, distribution=encoding)
query noise enabled for 1 layers (scaling_factor=18, distribution=encoding)
query noise enabled for 3 layers (scaling_factor=20, distribution=encoding)
key noise enabled for 10 layers (scaling_factor=16, distribution=encoding)
key noise enabled for 1 layers (scaling_factor=18, distribution=encoding)
key noise enabled for 1 layers (scaling_factor=20, distribution=encoding)
value noise enabled for 10 layers (scaling_factor=16, distribution=encoding)
value noise enabled for 2 layers (scaling_factor=18, distribution=encoding)
wo noise enabled for 8 layers (scaling_factor=16, distribution=encoding)
wo noise enabled for 3 layers (scaling_factor=18, distribution=encoding)
wo noise enabled for 1 layers (scaling_factor=22, distribution=encoding)
wffn1 noise enabled for 7 layers (scaling_factor=16, distribution=encoding)
wffn1 noise enabled for 2 layers (scaling_factor=18, distribution=encoding)
wffn1 noise enabled for 1 layers (scaling_factor=20, distribution=encoding)
wffn1 noise enabled for 2 layers (scaling_factor=22, distribution=encoding)
wffn2 noise enabled for 11 layers (scaling_factor=16, distribution=encoding)
wffn2 noise enabled for 1 layers (scaling_factor=18, distribution=encoding)
  Trial 70/200: Loss=0.3292, Acc.=0.8750, F1=0.8731, Time=31.0ms
已替换 11 层的GELU函数
已替换 1 层的GELU函数
已替换 5 层的Softmax函数
已替换 6 层的Softmax函数
已替换 1 层的Softmax函数
Input noise enabled for 10 layers (scaling_factor=24, distribution=fresh)
Input noise enabled for 1 layers (scaling_factor=26, distribution=fresh)
Input noise enabled for 1 layers (scaling_factor=30, distribution=fresh)
query noise enabled for 8 layers (scaling_factor=16, distribution=encoding)
query noise enabled for 1 layers (scaling_factor=18, distribution=encoding)
query noise enabled for 3 layers (scaling_factor=20, distribution=encoding)
key noise enabled for 10 layers (scaling_factor=16, distribution=encoding)
key noise enabled for 1 layers (scaling_factor=18, distribution=encoding)
key noise enabled for 1 layers (scaling_factor=20, distribution=encoding)
value noise enabled for 10 layers (scaling_factor=16, distribution=encoding)
value noise enabled for 2 layers (scaling_factor=18, distribution=encoding)
wo noise enabled for 8 layers (scaling_factor=16, distribution=encoding)
wo noise enabled for 3 layers (scaling_factor=18, distribution=encoding)
wo noise enabled for 1 layers (scaling_factor=22, distribution=encoding)
wffn1 noise enabled for 7 layers (scaling_factor=16, distribution=encoding)
wffn1 noise enabled for 2 layers (scaling_factor=18, distribution=encoding)
wffn1 noise enabled for 1 layers (scaling_factor=20, distribution=encoding)
wffn1 noise enabled for 2 layers (scaling_factor=22, distribution=encoding)
wffn2 noise enabled for 11 layers (scaling_factor=16, distribution=encoding)
wffn2 noise enabled for 1 layers (scaling_factor=18, distribution=encoding)
  Trial 71/200: Loss=0.3272, Acc.=0.8824, F1=0.8804, Time=30.9ms
已替换 11 层的GELU函数
已替换 1 层的GELU函数
已替换 5 层的Softmax函数
已替换 6 层的Softmax函数
已替换 1 层的Softmax函数
Input noise enabled for 10 layers (scaling_factor=24, distribution=fresh)
Input noise enabled for 1 layers (scaling_factor=26, distribution=fresh)
Input noise enabled for 1 layers (scaling_factor=30, distribution=fresh)
query noise enabled for 8 layers (scaling_factor=16, distribution=encoding)
query noise enabled for 1 layers (scaling_factor=18, distribution=encoding)
query noise enabled for 3 layers (scaling_factor=20, distribution=encoding)
key noise enabled for 10 layers (scaling_factor=16, distribution=encoding)
key noise enabled for 1 layers (scaling_factor=18, distribution=encoding)
key noise enabled for 1 layers (scaling_factor=20, distribution=encoding)
value noise enabled for 10 layers (scaling_factor=16, distribution=encoding)
value noise enabled for 2 layers (scaling_factor=18, distribution=encoding)
wo noise enabled for 8 layers (scaling_factor=16, distribution=encoding)
wo noise enabled for 3 layers (scaling_factor=18, distribution=encoding)
wo noise enabled for 1 layers (scaling_factor=22, distribution=encoding)
wffn1 noise enabled for 7 layers (scaling_factor=16, distribution=encoding)
wffn1 noise enabled for 2 layers (scaling_factor=18, distribution=encoding)
wffn1 noise enabled for 1 layers (scaling_factor=20, distribution=encoding)
wffn1 noise enabled for 2 layers (scaling_factor=22, distribution=encoding)
wffn2 noise enabled for 11 layers (scaling_factor=16, distribution=encoding)
wffn2 noise enabled for 1 layers (scaling_factor=18, distribution=encoding)
  Trial 72/200: Loss=0.3258, Acc.=0.8824, F1=0.8804, Time=30.9ms
已替换 11 层的GELU函数
已替换 1 层的GELU函数
已替换 5 层的Softmax函数
已替换 6 层的Softmax函数
已替换 1 层的Softmax函数
Input noise enabled for 10 layers (scaling_factor=24, distribution=fresh)
Input noise enabled for 1 layers (scaling_factor=26, distribution=fresh)
Input noise enabled for 1 layers (scaling_factor=30, distribution=fresh)
query noise enabled for 8 layers (scaling_factor=16, distribution=encoding)
query noise enabled for 1 layers (scaling_factor=18, distribution=encoding)
query noise enabled for 3 layers (scaling_factor=20, distribution=encoding)
key noise enabled for 10 layers (scaling_factor=16, distribution=encoding)
key noise enabled for 1 layers (scaling_factor=18, distribution=encoding)
key noise enabled for 1 layers (scaling_factor=20, distribution=encoding)
value noise enabled for 10 layers (scaling_factor=16, distribution=encoding)
value noise enabled for 2 layers (scaling_factor=18, distribution=encoding)
wo noise enabled for 8 layers (scaling_factor=16, distribution=encoding)
wo noise enabled for 3 layers (scaling_factor=18, distribution=encoding)
wo noise enabled for 1 layers (scaling_factor=22, distribution=encoding)
wffn1 noise enabled for 7 layers (scaling_factor=16, distribution=encoding)
wffn1 noise enabled for 2 layers (scaling_factor=18, distribution=encoding)
wffn1 noise enabled for 1 layers (scaling_factor=20, distribution=encoding)
wffn1 noise enabled for 2 layers (scaling_factor=22, distribution=encoding)
wffn2 noise enabled for 11 layers (scaling_factor=16, distribution=encoding)
wffn2 noise enabled for 1 layers (scaling_factor=18, distribution=encoding)
  Trial 73/200: Loss=0.3249, Acc.=0.8824, F1=0.8804, Time=31.0ms
已替换 11 层的GELU函数
已替换 1 层的GELU函数
已替换 5 层的Softmax函数
已替换 6 层的Softmax函数
已替换 1 层的Softmax函数
Input noise enabled for 10 layers (scaling_factor=24, distribution=fresh)
Input noise enabled for 1 layers (scaling_factor=26, distribution=fresh)
Input noise enabled for 1 layers (scaling_factor=30, distribution=fresh)
query noise enabled for 8 layers (scaling_factor=16, distribution=encoding)
query noise enabled for 1 layers (scaling_factor=18, distribution=encoding)
query noise enabled for 3 layers (scaling_factor=20, distribution=encoding)
key noise enabled for 10 layers (scaling_factor=16, distribution=encoding)
key noise enabled for 1 layers (scaling_factor=18, distribution=encoding)
key noise enabled for 1 layers (scaling_factor=20, distribution=encoding)
value noise enabled for 10 layers (scaling_factor=16, distribution=encoding)
value noise enabled for 2 layers (scaling_factor=18, distribution=encoding)
wo noise enabled for 8 layers (scaling_factor=16, distribution=encoding)
wo noise enabled for 3 layers (scaling_factor=18, distribution=encoding)
wo noise enabled for 1 layers (scaling_factor=22, distribution=encoding)
wffn1 noise enabled for 7 layers (scaling_factor=16, distribution=encoding)
wffn1 noise enabled for 2 layers (scaling_factor=18, distribution=encoding)
wffn1 noise enabled for 1 layers (scaling_factor=20, distribution=encoding)
wffn1 noise enabled for 2 layers (scaling_factor=22, distribution=encoding)
wffn2 noise enabled for 11 layers (scaling_factor=16, distribution=encoding)
wffn2 noise enabled for 1 layers (scaling_factor=18, distribution=encoding)
  Trial 74/200: Loss=0.3255, Acc.=0.8799, F1=0.8778, Time=31.1ms
已替换 11 层的GELU函数
已替换 1 层的GELU函数
已替换 5 层的Softmax函数
已替换 6 层的Softmax函数
已替换 1 层的Softmax函数
Input noise enabled for 10 layers (scaling_factor=24, distribution=fresh)
Input noise enabled for 1 layers (scaling_factor=26, distribution=fresh)
Input noise enabled for 1 layers (scaling_factor=30, distribution=fresh)
query noise enabled for 8 layers (scaling_factor=16, distribution=encoding)
query noise enabled for 1 layers (scaling_factor=18, distribution=encoding)
query noise enabled for 3 layers (scaling_factor=20, distribution=encoding)
key noise enabled for 10 layers (scaling_factor=16, distribution=encoding)
key noise enabled for 1 layers (scaling_factor=18, distribution=encoding)
key noise enabled for 1 layers (scaling_factor=20, distribution=encoding)
value noise enabled for 10 layers (scaling_factor=16, distribution=encoding)
value noise enabled for 2 layers (scaling_factor=18, distribution=encoding)
wo noise enabled for 8 layers (scaling_factor=16, distribution=encoding)
wo noise enabled for 3 layers (scaling_factor=18, distribution=encoding)
wo noise enabled for 1 layers (scaling_factor=22, distribution=encoding)
wffn1 noise enabled for 7 layers (scaling_factor=16, distribution=encoding)
wffn1 noise enabled for 2 layers (scaling_factor=18, distribution=encoding)
wffn1 noise enabled for 1 layers (scaling_factor=20, distribution=encoding)
wffn1 noise enabled for 2 layers (scaling_factor=22, distribution=encoding)
wffn2 noise enabled for 11 layers (scaling_factor=16, distribution=encoding)
wffn2 noise enabled for 1 layers (scaling_factor=18, distribution=encoding)
  Trial 75/200: Loss=0.3289, Acc.=0.8799, F1=0.8781, Time=31.1ms
已替换 11 层的GELU函数
已替换 1 层的GELU函数
已替换 5 层的Softmax函数
已替换 6 层的Softmax函数
已替换 1 层的Softmax函数
Input noise enabled for 10 layers (scaling_factor=24, distribution=fresh)
Input noise enabled for 1 layers (scaling_factor=26, distribution=fresh)
Input noise enabled for 1 layers (scaling_factor=30, distribution=fresh)
query noise enabled for 8 layers (scaling_factor=16, distribution=encoding)
query noise enabled for 1 layers (scaling_factor=18, distribution=encoding)
query noise enabled for 3 layers (scaling_factor=20, distribution=encoding)
key noise enabled for 10 layers (scaling_factor=16, distribution=encoding)
key noise enabled for 1 layers (scaling_factor=18, distribution=encoding)
key noise enabled for 1 layers (scaling_factor=20, distribution=encoding)
value noise enabled for 10 layers (scaling_factor=16, distribution=encoding)
value noise enabled for 2 layers (scaling_factor=18, distribution=encoding)
wo noise enabled for 8 layers (scaling_factor=16, distribution=encoding)
wo noise enabled for 3 layers (scaling_factor=18, distribution=encoding)
wo noise enabled for 1 layers (scaling_factor=22, distribution=encoding)
wffn1 noise enabled for 7 layers (scaling_factor=16, distribution=encoding)
wffn1 noise enabled for 2 layers (scaling_factor=18, distribution=encoding)
wffn1 noise enabled for 1 layers (scaling_factor=20, distribution=encoding)
wffn1 noise enabled for 2 layers (scaling_factor=22, distribution=encoding)
wffn2 noise enabled for 11 layers (scaling_factor=16, distribution=encoding)
wffn2 noise enabled for 1 layers (scaling_factor=18, distribution=encoding)
  Trial 76/200: Loss=0.3269, Acc.=0.8824, F1=0.8804, Time=31.1ms
已替换 11 层的GELU函数
已替换 1 层的GELU函数
已替换 5 层的Softmax函数
已替换 6 层的Softmax函数
已替换 1 层的Softmax函数
Input noise enabled for 10 layers (scaling_factor=24, distribution=fresh)
Input noise enabled for 1 layers (scaling_factor=26, distribution=fresh)
Input noise enabled for 1 layers (scaling_factor=30, distribution=fresh)
query noise enabled for 8 layers (scaling_factor=16, distribution=encoding)
query noise enabled for 1 layers (scaling_factor=18, distribution=encoding)
query noise enabled for 3 layers (scaling_factor=20, distribution=encoding)
key noise enabled for 10 layers (scaling_factor=16, distribution=encoding)
key noise enabled for 1 layers (scaling_factor=18, distribution=encoding)
key noise enabled for 1 layers (scaling_factor=20, distribution=encoding)
value noise enabled for 10 layers (scaling_factor=16, distribution=encoding)
value noise enabled for 2 layers (scaling_factor=18, distribution=encoding)
wo noise enabled for 8 layers (scaling_factor=16, distribution=encoding)
wo noise enabled for 3 layers (scaling_factor=18, distribution=encoding)
wo noise enabled for 1 layers (scaling_factor=22, distribution=encoding)
wffn1 noise enabled for 7 layers (scaling_factor=16, distribution=encoding)
wffn1 noise enabled for 2 layers (scaling_factor=18, distribution=encoding)
wffn1 noise enabled for 1 layers (scaling_factor=20, distribution=encoding)
wffn1 noise enabled for 2 layers (scaling_factor=22, distribution=encoding)
wffn2 noise enabled for 11 layers (scaling_factor=16, distribution=encoding)
wffn2 noise enabled for 1 layers (scaling_factor=18, distribution=encoding)
  Trial 77/200: Loss=0.3280, Acc.=0.8824, F1=0.8804, Time=30.9ms
已替换 11 层的GELU函数
已替换 1 层的GELU函数
已替换 5 层的Softmax函数
已替换 6 层的Softmax函数
已替换 1 层的Softmax函数
Input noise enabled for 10 layers (scaling_factor=24, distribution=fresh)
Input noise enabled for 1 layers (scaling_factor=26, distribution=fresh)
Input noise enabled for 1 layers (scaling_factor=30, distribution=fresh)
query noise enabled for 8 layers (scaling_factor=16, distribution=encoding)
query noise enabled for 1 layers (scaling_factor=18, distribution=encoding)
query noise enabled for 3 layers (scaling_factor=20, distribution=encoding)
key noise enabled for 10 layers (scaling_factor=16, distribution=encoding)
key noise enabled for 1 layers (scaling_factor=18, distribution=encoding)
key noise enabled for 1 layers (scaling_factor=20, distribution=encoding)
value noise enabled for 10 layers (scaling_factor=16, distribution=encoding)
value noise enabled for 2 layers (scaling_factor=18, distribution=encoding)
wo noise enabled for 8 layers (scaling_factor=16, distribution=encoding)
wo noise enabled for 3 layers (scaling_factor=18, distribution=encoding)
wo noise enabled for 1 layers (scaling_factor=22, distribution=encoding)
wffn1 noise enabled for 7 layers (scaling_factor=16, distribution=encoding)
wffn1 noise enabled for 2 layers (scaling_factor=18, distribution=encoding)
wffn1 noise enabled for 1 layers (scaling_factor=20, distribution=encoding)
wffn1 noise enabled for 2 layers (scaling_factor=22, distribution=encoding)
wffn2 noise enabled for 11 layers (scaling_factor=16, distribution=encoding)
wffn2 noise enabled for 1 layers (scaling_factor=18, distribution=encoding)
  Trial 78/200: Loss=0.3256, Acc.=0.8799, F1=0.8781, Time=31.1ms
已替换 11 层的GELU函数
已替换 1 层的GELU函数
已替换 5 层的Softmax函数
已替换 6 层的Softmax函数
已替换 1 层的Softmax函数
Input noise enabled for 10 layers (scaling_factor=24, distribution=fresh)
Input noise enabled for 1 layers (scaling_factor=26, distribution=fresh)
Input noise enabled for 1 layers (scaling_factor=30, distribution=fresh)
query noise enabled for 8 layers (scaling_factor=16, distribution=encoding)
query noise enabled for 1 layers (scaling_factor=18, distribution=encoding)
query noise enabled for 3 layers (scaling_factor=20, distribution=encoding)
key noise enabled for 10 layers (scaling_factor=16, distribution=encoding)
key noise enabled for 1 layers (scaling_factor=18, distribution=encoding)
key noise enabled for 1 layers (scaling_factor=20, distribution=encoding)
value noise enabled for 10 layers (scaling_factor=16, distribution=encoding)
value noise enabled for 2 layers (scaling_factor=18, distribution=encoding)
wo noise enabled for 8 layers (scaling_factor=16, distribution=encoding)
wo noise enabled for 3 layers (scaling_factor=18, distribution=encoding)
wo noise enabled for 1 layers (scaling_factor=22, distribution=encoding)
wffn1 noise enabled for 7 layers (scaling_factor=16, distribution=encoding)
wffn1 noise enabled for 2 layers (scaling_factor=18, distribution=encoding)
wffn1 noise enabled for 1 layers (scaling_factor=20, distribution=encoding)
wffn1 noise enabled for 2 layers (scaling_factor=22, distribution=encoding)
wffn2 noise enabled for 11 layers (scaling_factor=16, distribution=encoding)
wffn2 noise enabled for 1 layers (scaling_factor=18, distribution=encoding)
  Trial 79/200: Loss=0.3289, Acc.=0.8799, F1=0.8778, Time=30.9ms
已替换 11 层的GELU函数
已替换 1 层的GELU函数
已替换 5 层的Softmax函数
已替换 6 层的Softmax函数
已替换 1 层的Softmax函数
Input noise enabled for 10 layers (scaling_factor=24, distribution=fresh)
Input noise enabled for 1 layers (scaling_factor=26, distribution=fresh)
Input noise enabled for 1 layers (scaling_factor=30, distribution=fresh)
query noise enabled for 8 layers (scaling_factor=16, distribution=encoding)
query noise enabled for 1 layers (scaling_factor=18, distribution=encoding)
query noise enabled for 3 layers (scaling_factor=20, distribution=encoding)
key noise enabled for 10 layers (scaling_factor=16, distribution=encoding)
key noise enabled for 1 layers (scaling_factor=18, distribution=encoding)
key noise enabled for 1 layers (scaling_factor=20, distribution=encoding)
value noise enabled for 10 layers (scaling_factor=16, distribution=encoding)
value noise enabled for 2 layers (scaling_factor=18, distribution=encoding)
wo noise enabled for 8 layers (scaling_factor=16, distribution=encoding)
wo noise enabled for 3 layers (scaling_factor=18, distribution=encoding)
wo noise enabled for 1 layers (scaling_factor=22, distribution=encoding)
wffn1 noise enabled for 7 layers (scaling_factor=16, distribution=encoding)
wffn1 noise enabled for 2 layers (scaling_factor=18, distribution=encoding)
wffn1 noise enabled for 1 layers (scaling_factor=20, distribution=encoding)
wffn1 noise enabled for 2 layers (scaling_factor=22, distribution=encoding)
wffn2 noise enabled for 11 layers (scaling_factor=16, distribution=encoding)
wffn2 noise enabled for 1 layers (scaling_factor=18, distribution=encoding)
  Trial 80/200: Loss=0.3267, Acc.=0.8799, F1=0.8781, Time=31.0ms
已替换 11 层的GELU函数
已替换 1 层的GELU函数
已替换 5 层的Softmax函数
已替换 6 层的Softmax函数
已替换 1 层的Softmax函数
Input noise enabled for 10 layers (scaling_factor=24, distribution=fresh)
Input noise enabled for 1 layers (scaling_factor=26, distribution=fresh)
Input noise enabled for 1 layers (scaling_factor=30, distribution=fresh)
query noise enabled for 8 layers (scaling_factor=16, distribution=encoding)
query noise enabled for 1 layers (scaling_factor=18, distribution=encoding)
query noise enabled for 3 layers (scaling_factor=20, distribution=encoding)
key noise enabled for 10 layers (scaling_factor=16, distribution=encoding)
key noise enabled for 1 layers (scaling_factor=18, distribution=encoding)
key noise enabled for 1 layers (scaling_factor=20, distribution=encoding)
value noise enabled for 10 layers (scaling_factor=16, distribution=encoding)
value noise enabled for 2 layers (scaling_factor=18, distribution=encoding)
wo noise enabled for 8 layers (scaling_factor=16, distribution=encoding)
wo noise enabled for 3 layers (scaling_factor=18, distribution=encoding)
wo noise enabled for 1 layers (scaling_factor=22, distribution=encoding)
wffn1 noise enabled for 7 layers (scaling_factor=16, distribution=encoding)
wffn1 noise enabled for 2 layers (scaling_factor=18, distribution=encoding)
wffn1 noise enabled for 1 layers (scaling_factor=20, distribution=encoding)
wffn1 noise enabled for 2 layers (scaling_factor=22, distribution=encoding)
wffn2 noise enabled for 11 layers (scaling_factor=16, distribution=encoding)
wffn2 noise enabled for 1 layers (scaling_factor=18, distribution=encoding)
  Trial 81/200: Loss=0.3267, Acc.=0.8824, F1=0.8804, Time=31.1ms
已替换 11 层的GELU函数
已替换 1 层的GELU函数
已替换 5 层的Softmax函数
已替换 6 层的Softmax函数
已替换 1 层的Softmax函数
Input noise enabled for 10 layers (scaling_factor=24, distribution=fresh)
Input noise enabled for 1 layers (scaling_factor=26, distribution=fresh)
Input noise enabled for 1 layers (scaling_factor=30, distribution=fresh)
query noise enabled for 8 layers (scaling_factor=16, distribution=encoding)
query noise enabled for 1 layers (scaling_factor=18, distribution=encoding)
query noise enabled for 3 layers (scaling_factor=20, distribution=encoding)
key noise enabled for 10 layers (scaling_factor=16, distribution=encoding)
key noise enabled for 1 layers (scaling_factor=18, distribution=encoding)
key noise enabled for 1 layers (scaling_factor=20, distribution=encoding)
value noise enabled for 10 layers (scaling_factor=16, distribution=encoding)
value noise enabled for 2 layers (scaling_factor=18, distribution=encoding)
wo noise enabled for 8 layers (scaling_factor=16, distribution=encoding)
wo noise enabled for 3 layers (scaling_factor=18, distribution=encoding)
wo noise enabled for 1 layers (scaling_factor=22, distribution=encoding)
wffn1 noise enabled for 7 layers (scaling_factor=16, distribution=encoding)
wffn1 noise enabled for 2 layers (scaling_factor=18, distribution=encoding)
wffn1 noise enabled for 1 layers (scaling_factor=20, distribution=encoding)
wffn1 noise enabled for 2 layers (scaling_factor=22, distribution=encoding)
wffn2 noise enabled for 11 layers (scaling_factor=16, distribution=encoding)
wffn2 noise enabled for 1 layers (scaling_factor=18, distribution=encoding)
  Trial 82/200: Loss=0.3299, Acc.=0.8799, F1=0.8778, Time=31.2ms
已替换 11 层的GELU函数
已替换 1 层的GELU函数
已替换 5 层的Softmax函数
已替换 6 层的Softmax函数
已替换 1 层的Softmax函数
Input noise enabled for 10 layers (scaling_factor=24, distribution=fresh)
Input noise enabled for 1 layers (scaling_factor=26, distribution=fresh)
Input noise enabled for 1 layers (scaling_factor=30, distribution=fresh)
query noise enabled for 8 layers (scaling_factor=16, distribution=encoding)
query noise enabled for 1 layers (scaling_factor=18, distribution=encoding)
query noise enabled for 3 layers (scaling_factor=20, distribution=encoding)
key noise enabled for 10 layers (scaling_factor=16, distribution=encoding)
key noise enabled for 1 layers (scaling_factor=18, distribution=encoding)
key noise enabled for 1 layers (scaling_factor=20, distribution=encoding)
value noise enabled for 10 layers (scaling_factor=16, distribution=encoding)
value noise enabled for 2 layers (scaling_factor=18, distribution=encoding)
wo noise enabled for 8 layers (scaling_factor=16, distribution=encoding)
wo noise enabled for 3 layers (scaling_factor=18, distribution=encoding)
wo noise enabled for 1 layers (scaling_factor=22, distribution=encoding)
wffn1 noise enabled for 7 layers (scaling_factor=16, distribution=encoding)
wffn1 noise enabled for 2 layers (scaling_factor=18, distribution=encoding)
wffn1 noise enabled for 1 layers (scaling_factor=20, distribution=encoding)
wffn1 noise enabled for 2 layers (scaling_factor=22, distribution=encoding)
wffn2 noise enabled for 11 layers (scaling_factor=16, distribution=encoding)
wffn2 noise enabled for 1 layers (scaling_factor=18, distribution=encoding)
  Trial 83/200: Loss=0.3270, Acc.=0.8824, F1=0.8804, Time=31.0ms
已替换 11 层的GELU函数
已替换 1 层的GELU函数
已替换 5 层的Softmax函数
已替换 6 层的Softmax函数
已替换 1 层的Softmax函数
Input noise enabled for 10 layers (scaling_factor=24, distribution=fresh)
Input noise enabled for 1 layers (scaling_factor=26, distribution=fresh)
Input noise enabled for 1 layers (scaling_factor=30, distribution=fresh)
query noise enabled for 8 layers (scaling_factor=16, distribution=encoding)
query noise enabled for 1 layers (scaling_factor=18, distribution=encoding)
query noise enabled for 3 layers (scaling_factor=20, distribution=encoding)
key noise enabled for 10 layers (scaling_factor=16, distribution=encoding)
key noise enabled for 1 layers (scaling_factor=18, distribution=encoding)
key noise enabled for 1 layers (scaling_factor=20, distribution=encoding)
value noise enabled for 10 layers (scaling_factor=16, distribution=encoding)
value noise enabled for 2 layers (scaling_factor=18, distribution=encoding)
wo noise enabled for 8 layers (scaling_factor=16, distribution=encoding)
wo noise enabled for 3 layers (scaling_factor=18, distribution=encoding)
wo noise enabled for 1 layers (scaling_factor=22, distribution=encoding)
wffn1 noise enabled for 7 layers (scaling_factor=16, distribution=encoding)
wffn1 noise enabled for 2 layers (scaling_factor=18, distribution=encoding)
wffn1 noise enabled for 1 layers (scaling_factor=20, distribution=encoding)
wffn1 noise enabled for 2 layers (scaling_factor=22, distribution=encoding)
wffn2 noise enabled for 11 layers (scaling_factor=16, distribution=encoding)
wffn2 noise enabled for 1 layers (scaling_factor=18, distribution=encoding)
  Trial 84/200: Loss=0.3288, Acc.=0.8799, F1=0.8778, Time=30.9ms
已替换 11 层的GELU函数
已替换 1 层的GELU函数
已替换 5 层的Softmax函数
已替换 6 层的Softmax函数
已替换 1 层的Softmax函数
Input noise enabled for 10 layers (scaling_factor=24, distribution=fresh)
Input noise enabled for 1 layers (scaling_factor=26, distribution=fresh)
Input noise enabled for 1 layers (scaling_factor=30, distribution=fresh)
query noise enabled for 8 layers (scaling_factor=16, distribution=encoding)
query noise enabled for 1 layers (scaling_factor=18, distribution=encoding)
query noise enabled for 3 layers (scaling_factor=20, distribution=encoding)
key noise enabled for 10 layers (scaling_factor=16, distribution=encoding)
key noise enabled for 1 layers (scaling_factor=18, distribution=encoding)
key noise enabled for 1 layers (scaling_factor=20, distribution=encoding)
value noise enabled for 10 layers (scaling_factor=16, distribution=encoding)
value noise enabled for 2 layers (scaling_factor=18, distribution=encoding)
wo noise enabled for 8 layers (scaling_factor=16, distribution=encoding)
wo noise enabled for 3 layers (scaling_factor=18, distribution=encoding)
wo noise enabled for 1 layers (scaling_factor=22, distribution=encoding)
wffn1 noise enabled for 7 layers (scaling_factor=16, distribution=encoding)
wffn1 noise enabled for 2 layers (scaling_factor=18, distribution=encoding)
wffn1 noise enabled for 1 layers (scaling_factor=20, distribution=encoding)
wffn1 noise enabled for 2 layers (scaling_factor=22, distribution=encoding)
wffn2 noise enabled for 11 layers (scaling_factor=16, distribution=encoding)
wffn2 noise enabled for 1 layers (scaling_factor=18, distribution=encoding)
  Trial 85/200: Loss=0.3288, Acc.=0.8799, F1=0.8781, Time=30.9ms
已替换 11 层的GELU函数
已替换 1 层的GELU函数
已替换 5 层的Softmax函数
已替换 6 层的Softmax函数
已替换 1 层的Softmax函数
Input noise enabled for 10 layers (scaling_factor=24, distribution=fresh)
Input noise enabled for 1 layers (scaling_factor=26, distribution=fresh)
Input noise enabled for 1 layers (scaling_factor=30, distribution=fresh)
query noise enabled for 8 layers (scaling_factor=16, distribution=encoding)
query noise enabled for 1 layers (scaling_factor=18, distribution=encoding)
query noise enabled for 3 layers (scaling_factor=20, distribution=encoding)
key noise enabled for 10 layers (scaling_factor=16, distribution=encoding)
key noise enabled for 1 layers (scaling_factor=18, distribution=encoding)
key noise enabled for 1 layers (scaling_factor=20, distribution=encoding)
value noise enabled for 10 layers (scaling_factor=16, distribution=encoding)
value noise enabled for 2 layers (scaling_factor=18, distribution=encoding)
wo noise enabled for 8 layers (scaling_factor=16, distribution=encoding)
wo noise enabled for 3 layers (scaling_factor=18, distribution=encoding)
wo noise enabled for 1 layers (scaling_factor=22, distribution=encoding)
wffn1 noise enabled for 7 layers (scaling_factor=16, distribution=encoding)
wffn1 noise enabled for 2 layers (scaling_factor=18, distribution=encoding)
wffn1 noise enabled for 1 layers (scaling_factor=20, distribution=encoding)
wffn1 noise enabled for 2 layers (scaling_factor=22, distribution=encoding)
wffn2 noise enabled for 11 layers (scaling_factor=16, distribution=encoding)
wffn2 noise enabled for 1 layers (scaling_factor=18, distribution=encoding)
  Trial 86/200: Loss=0.3254, Acc.=0.8799, F1=0.8778, Time=31.0ms
已替换 11 层的GELU函数
已替换 1 层的GELU函数
已替换 5 层的Softmax函数
已替换 6 层的Softmax函数
已替换 1 层的Softmax函数
Input noise enabled for 10 layers (scaling_factor=24, distribution=fresh)
Input noise enabled for 1 layers (scaling_factor=26, distribution=fresh)
Input noise enabled for 1 layers (scaling_factor=30, distribution=fresh)
query noise enabled for 8 layers (scaling_factor=16, distribution=encoding)
query noise enabled for 1 layers (scaling_factor=18, distribution=encoding)
query noise enabled for 3 layers (scaling_factor=20, distribution=encoding)
key noise enabled for 10 layers (scaling_factor=16, distribution=encoding)
key noise enabled for 1 layers (scaling_factor=18, distribution=encoding)
key noise enabled for 1 layers (scaling_factor=20, distribution=encoding)
value noise enabled for 10 layers (scaling_factor=16, distribution=encoding)
value noise enabled for 2 layers (scaling_factor=18, distribution=encoding)
wo noise enabled for 8 layers (scaling_factor=16, distribution=encoding)
wo noise enabled for 3 layers (scaling_factor=18, distribution=encoding)
wo noise enabled for 1 layers (scaling_factor=22, distribution=encoding)
wffn1 noise enabled for 7 layers (scaling_factor=16, distribution=encoding)
wffn1 noise enabled for 2 layers (scaling_factor=18, distribution=encoding)
wffn1 noise enabled for 1 layers (scaling_factor=20, distribution=encoding)
wffn1 noise enabled for 2 layers (scaling_factor=22, distribution=encoding)
wffn2 noise enabled for 11 layers (scaling_factor=16, distribution=encoding)
wffn2 noise enabled for 1 layers (scaling_factor=18, distribution=encoding)
  Trial 87/200: Loss=0.3296, Acc.=0.8799, F1=0.8781, Time=31.0ms
已替换 11 层的GELU函数
已替换 1 层的GELU函数
已替换 5 层的Softmax函数
已替换 6 层的Softmax函数
已替换 1 层的Softmax函数
Input noise enabled for 10 layers (scaling_factor=24, distribution=fresh)
Input noise enabled for 1 layers (scaling_factor=26, distribution=fresh)
Input noise enabled for 1 layers (scaling_factor=30, distribution=fresh)
query noise enabled for 8 layers (scaling_factor=16, distribution=encoding)
query noise enabled for 1 layers (scaling_factor=18, distribution=encoding)
query noise enabled for 3 layers (scaling_factor=20, distribution=encoding)
key noise enabled for 10 layers (scaling_factor=16, distribution=encoding)
key noise enabled for 1 layers (scaling_factor=18, distribution=encoding)
key noise enabled for 1 layers (scaling_factor=20, distribution=encoding)
value noise enabled for 10 layers (scaling_factor=16, distribution=encoding)
value noise enabled for 2 layers (scaling_factor=18, distribution=encoding)
wo noise enabled for 8 layers (scaling_factor=16, distribution=encoding)
wo noise enabled for 3 layers (scaling_factor=18, distribution=encoding)
wo noise enabled for 1 layers (scaling_factor=22, distribution=encoding)
wffn1 noise enabled for 7 layers (scaling_factor=16, distribution=encoding)
wffn1 noise enabled for 2 layers (scaling_factor=18, distribution=encoding)
wffn1 noise enabled for 1 layers (scaling_factor=20, distribution=encoding)
wffn1 noise enabled for 2 layers (scaling_factor=22, distribution=encoding)
wffn2 noise enabled for 11 layers (scaling_factor=16, distribution=encoding)
wffn2 noise enabled for 1 layers (scaling_factor=18, distribution=encoding)
  Trial 88/200: Loss=0.3274, Acc.=0.8799, F1=0.8781, Time=31.0ms
已替换 11 层的GELU函数
已替换 1 层的GELU函数
已替换 5 层的Softmax函数
已替换 6 层的Softmax函数
已替换 1 层的Softmax函数
Input noise enabled for 10 layers (scaling_factor=24, distribution=fresh)
Input noise enabled for 1 layers (scaling_factor=26, distribution=fresh)
Input noise enabled for 1 layers (scaling_factor=30, distribution=fresh)
query noise enabled for 8 layers (scaling_factor=16, distribution=encoding)
query noise enabled for 1 layers (scaling_factor=18, distribution=encoding)
query noise enabled for 3 layers (scaling_factor=20, distribution=encoding)
key noise enabled for 10 layers (scaling_factor=16, distribution=encoding)
key noise enabled for 1 layers (scaling_factor=18, distribution=encoding)
key noise enabled for 1 layers (scaling_factor=20, distribution=encoding)
value noise enabled for 10 layers (scaling_factor=16, distribution=encoding)
value noise enabled for 2 layers (scaling_factor=18, distribution=encoding)
wo noise enabled for 8 layers (scaling_factor=16, distribution=encoding)
wo noise enabled for 3 layers (scaling_factor=18, distribution=encoding)
wo noise enabled for 1 layers (scaling_factor=22, distribution=encoding)
wffn1 noise enabled for 7 layers (scaling_factor=16, distribution=encoding)
wffn1 noise enabled for 2 layers (scaling_factor=18, distribution=encoding)
wffn1 noise enabled for 1 layers (scaling_factor=20, distribution=encoding)
wffn1 noise enabled for 2 layers (scaling_factor=22, distribution=encoding)
wffn2 noise enabled for 11 layers (scaling_factor=16, distribution=encoding)
wffn2 noise enabled for 1 layers (scaling_factor=18, distribution=encoding)
  Trial 89/200: Loss=0.3275, Acc.=0.8799, F1=0.8778, Time=30.9ms
已替换 11 层的GELU函数
已替换 1 层的GELU函数
已替换 5 层的Softmax函数
已替换 6 层的Softmax函数
已替换 1 层的Softmax函数
Input noise enabled for 10 layers (scaling_factor=24, distribution=fresh)
Input noise enabled for 1 layers (scaling_factor=26, distribution=fresh)
Input noise enabled for 1 layers (scaling_factor=30, distribution=fresh)
query noise enabled for 8 layers (scaling_factor=16, distribution=encoding)
query noise enabled for 1 layers (scaling_factor=18, distribution=encoding)
query noise enabled for 3 layers (scaling_factor=20, distribution=encoding)
key noise enabled for 10 layers (scaling_factor=16, distribution=encoding)
key noise enabled for 1 layers (scaling_factor=18, distribution=encoding)
key noise enabled for 1 layers (scaling_factor=20, distribution=encoding)
value noise enabled for 10 layers (scaling_factor=16, distribution=encoding)
value noise enabled for 2 layers (scaling_factor=18, distribution=encoding)
wo noise enabled for 8 layers (scaling_factor=16, distribution=encoding)
wo noise enabled for 3 layers (scaling_factor=18, distribution=encoding)
wo noise enabled for 1 layers (scaling_factor=22, distribution=encoding)
wffn1 noise enabled for 7 layers (scaling_factor=16, distribution=encoding)
wffn1 noise enabled for 2 layers (scaling_factor=18, distribution=encoding)
wffn1 noise enabled for 1 layers (scaling_factor=20, distribution=encoding)
wffn1 noise enabled for 2 layers (scaling_factor=22, distribution=encoding)
wffn2 noise enabled for 11 layers (scaling_factor=16, distribution=encoding)
wffn2 noise enabled for 1 layers (scaling_factor=18, distribution=encoding)
  Trial 90/200: Loss=0.3281, Acc.=0.8799, F1=0.8781, Time=31.0ms
已替换 11 层的GELU函数
已替换 1 层的GELU函数
已替换 5 层的Softmax函数
已替换 6 层的Softmax函数
已替换 1 层的Softmax函数
Input noise enabled for 10 layers (scaling_factor=24, distribution=fresh)
Input noise enabled for 1 layers (scaling_factor=26, distribution=fresh)
Input noise enabled for 1 layers (scaling_factor=30, distribution=fresh)
query noise enabled for 8 layers (scaling_factor=16, distribution=encoding)
query noise enabled for 1 layers (scaling_factor=18, distribution=encoding)
query noise enabled for 3 layers (scaling_factor=20, distribution=encoding)
key noise enabled for 10 layers (scaling_factor=16, distribution=encoding)
key noise enabled for 1 layers (scaling_factor=18, distribution=encoding)
key noise enabled for 1 layers (scaling_factor=20, distribution=encoding)
value noise enabled for 10 layers (scaling_factor=16, distribution=encoding)
value noise enabled for 2 layers (scaling_factor=18, distribution=encoding)
wo noise enabled for 8 layers (scaling_factor=16, distribution=encoding)
wo noise enabled for 3 layers (scaling_factor=18, distribution=encoding)
wo noise enabled for 1 layers (scaling_factor=22, distribution=encoding)
wffn1 noise enabled for 7 layers (scaling_factor=16, distribution=encoding)
wffn1 noise enabled for 2 layers (scaling_factor=18, distribution=encoding)
wffn1 noise enabled for 1 layers (scaling_factor=20, distribution=encoding)
wffn1 noise enabled for 2 layers (scaling_factor=22, distribution=encoding)
wffn2 noise enabled for 11 layers (scaling_factor=16, distribution=encoding)
wffn2 noise enabled for 1 layers (scaling_factor=18, distribution=encoding)
  Trial 91/200: Loss=0.3274, Acc.=0.8824, F1=0.8804, Time=30.9ms
已替换 11 层的GELU函数
已替换 1 层的GELU函数
已替换 5 层的Softmax函数
已替换 6 层的Softmax函数
已替换 1 层的Softmax函数
Input noise enabled for 10 layers (scaling_factor=24, distribution=fresh)
Input noise enabled for 1 layers (scaling_factor=26, distribution=fresh)
Input noise enabled for 1 layers (scaling_factor=30, distribution=fresh)
query noise enabled for 8 layers (scaling_factor=16, distribution=encoding)
query noise enabled for 1 layers (scaling_factor=18, distribution=encoding)
query noise enabled for 3 layers (scaling_factor=20, distribution=encoding)
key noise enabled for 10 layers (scaling_factor=16, distribution=encoding)
key noise enabled for 1 layers (scaling_factor=18, distribution=encoding)
key noise enabled for 1 layers (scaling_factor=20, distribution=encoding)
value noise enabled for 10 layers (scaling_factor=16, distribution=encoding)
value noise enabled for 2 layers (scaling_factor=18, distribution=encoding)
wo noise enabled for 8 layers (scaling_factor=16, distribution=encoding)
wo noise enabled for 3 layers (scaling_factor=18, distribution=encoding)
wo noise enabled for 1 layers (scaling_factor=22, distribution=encoding)
wffn1 noise enabled for 7 layers (scaling_factor=16, distribution=encoding)
wffn1 noise enabled for 2 layers (scaling_factor=18, distribution=encoding)
wffn1 noise enabled for 1 layers (scaling_factor=20, distribution=encoding)
wffn1 noise enabled for 2 layers (scaling_factor=22, distribution=encoding)
wffn2 noise enabled for 11 layers (scaling_factor=16, distribution=encoding)
wffn2 noise enabled for 1 layers (scaling_factor=18, distribution=encoding)
  Trial 92/200: Loss=0.3272, Acc.=0.8824, F1=0.8804, Time=31.1ms
已替换 11 层的GELU函数
已替换 1 层的GELU函数
已替换 5 层的Softmax函数
已替换 6 层的Softmax函数
已替换 1 层的Softmax函数
Input noise enabled for 10 layers (scaling_factor=24, distribution=fresh)
Input noise enabled for 1 layers (scaling_factor=26, distribution=fresh)
Input noise enabled for 1 layers (scaling_factor=30, distribution=fresh)
query noise enabled for 8 layers (scaling_factor=16, distribution=encoding)
query noise enabled for 1 layers (scaling_factor=18, distribution=encoding)
query noise enabled for 3 layers (scaling_factor=20, distribution=encoding)
key noise enabled for 10 layers (scaling_factor=16, distribution=encoding)
key noise enabled for 1 layers (scaling_factor=18, distribution=encoding)
key noise enabled for 1 layers (scaling_factor=20, distribution=encoding)
value noise enabled for 10 layers (scaling_factor=16, distribution=encoding)
value noise enabled for 2 layers (scaling_factor=18, distribution=encoding)
wo noise enabled for 8 layers (scaling_factor=16, distribution=encoding)
wo noise enabled for 3 layers (scaling_factor=18, distribution=encoding)
wo noise enabled for 1 layers (scaling_factor=22, distribution=encoding)
wffn1 noise enabled for 7 layers (scaling_factor=16, distribution=encoding)
wffn1 noise enabled for 2 layers (scaling_factor=18, distribution=encoding)
wffn1 noise enabled for 1 layers (scaling_factor=20, distribution=encoding)
wffn1 noise enabled for 2 layers (scaling_factor=22, distribution=encoding)
wffn2 noise enabled for 11 layers (scaling_factor=16, distribution=encoding)
wffn2 noise enabled for 1 layers (scaling_factor=18, distribution=encoding)
  Trial 93/200: Loss=0.3273, Acc.=0.8824, F1=0.8804, Time=31.0ms
已替换 11 层的GELU函数
已替换 1 层的GELU函数
已替换 5 层的Softmax函数
已替换 6 层的Softmax函数
已替换 1 层的Softmax函数
Input noise enabled for 10 layers (scaling_factor=24, distribution=fresh)
Input noise enabled for 1 layers (scaling_factor=26, distribution=fresh)
Input noise enabled for 1 layers (scaling_factor=30, distribution=fresh)
query noise enabled for 8 layers (scaling_factor=16, distribution=encoding)
query noise enabled for 1 layers (scaling_factor=18, distribution=encoding)
query noise enabled for 3 layers (scaling_factor=20, distribution=encoding)
key noise enabled for 10 layers (scaling_factor=16, distribution=encoding)
key noise enabled for 1 layers (scaling_factor=18, distribution=encoding)
key noise enabled for 1 layers (scaling_factor=20, distribution=encoding)
value noise enabled for 10 layers (scaling_factor=16, distribution=encoding)
value noise enabled for 2 layers (scaling_factor=18, distribution=encoding)
wo noise enabled for 8 layers (scaling_factor=16, distribution=encoding)
wo noise enabled for 3 layers (scaling_factor=18, distribution=encoding)
wo noise enabled for 1 layers (scaling_factor=22, distribution=encoding)
wffn1 noise enabled for 7 layers (scaling_factor=16, distribution=encoding)
wffn1 noise enabled for 2 layers (scaling_factor=18, distribution=encoding)
wffn1 noise enabled for 1 layers (scaling_factor=20, distribution=encoding)
wffn1 noise enabled for 2 layers (scaling_factor=22, distribution=encoding)
wffn2 noise enabled for 11 layers (scaling_factor=16, distribution=encoding)
wffn2 noise enabled for 1 layers (scaling_factor=18, distribution=encoding)
  Trial 94/200: Loss=0.3271, Acc.=0.8799, F1=0.8781, Time=31.2ms
已替换 11 层的GELU函数
已替换 1 层的GELU函数
已替换 5 层的Softmax函数
已替换 6 层的Softmax函数
已替换 1 层的Softmax函数
Input noise enabled for 10 layers (scaling_factor=24, distribution=fresh)
Input noise enabled for 1 layers (scaling_factor=26, distribution=fresh)
Input noise enabled for 1 layers (scaling_factor=30, distribution=fresh)
query noise enabled for 8 layers (scaling_factor=16, distribution=encoding)
query noise enabled for 1 layers (scaling_factor=18, distribution=encoding)
query noise enabled for 3 layers (scaling_factor=20, distribution=encoding)
key noise enabled for 10 layers (scaling_factor=16, distribution=encoding)
key noise enabled for 1 layers (scaling_factor=18, distribution=encoding)
key noise enabled for 1 layers (scaling_factor=20, distribution=encoding)
value noise enabled for 10 layers (scaling_factor=16, distribution=encoding)
value noise enabled for 2 layers (scaling_factor=18, distribution=encoding)
wo noise enabled for 8 layers (scaling_factor=16, distribution=encoding)
wo noise enabled for 3 layers (scaling_factor=18, distribution=encoding)
wo noise enabled for 1 layers (scaling_factor=22, distribution=encoding)
wffn1 noise enabled for 7 layers (scaling_factor=16, distribution=encoding)
wffn1 noise enabled for 2 layers (scaling_factor=18, distribution=encoding)
wffn1 noise enabled for 1 layers (scaling_factor=20, distribution=encoding)
wffn1 noise enabled for 2 layers (scaling_factor=22, distribution=encoding)
wffn2 noise enabled for 11 layers (scaling_factor=16, distribution=encoding)
wffn2 noise enabled for 1 layers (scaling_factor=18, distribution=encoding)
  Trial 95/200: Loss=0.3268, Acc.=0.8799, F1=0.8781, Time=31.0ms
已替换 11 层的GELU函数
已替换 1 层的GELU函数
已替换 5 层的Softmax函数
已替换 6 层的Softmax函数
已替换 1 层的Softmax函数
Input noise enabled for 10 layers (scaling_factor=24, distribution=fresh)
Input noise enabled for 1 layers (scaling_factor=26, distribution=fresh)
Input noise enabled for 1 layers (scaling_factor=30, distribution=fresh)
query noise enabled for 8 layers (scaling_factor=16, distribution=encoding)
query noise enabled for 1 layers (scaling_factor=18, distribution=encoding)
query noise enabled for 3 layers (scaling_factor=20, distribution=encoding)
key noise enabled for 10 layers (scaling_factor=16, distribution=encoding)
key noise enabled for 1 layers (scaling_factor=18, distribution=encoding)
key noise enabled for 1 layers (scaling_factor=20, distribution=encoding)
value noise enabled for 10 layers (scaling_factor=16, distribution=encoding)
value noise enabled for 2 layers (scaling_factor=18, distribution=encoding)
wo noise enabled for 8 layers (scaling_factor=16, distribution=encoding)
wo noise enabled for 3 layers (scaling_factor=18, distribution=encoding)
wo noise enabled for 1 layers (scaling_factor=22, distribution=encoding)
wffn1 noise enabled for 7 layers (scaling_factor=16, distribution=encoding)
wffn1 noise enabled for 2 layers (scaling_factor=18, distribution=encoding)
wffn1 noise enabled for 1 layers (scaling_factor=20, distribution=encoding)
wffn1 noise enabled for 2 layers (scaling_factor=22, distribution=encoding)
wffn2 noise enabled for 11 layers (scaling_factor=16, distribution=encoding)
wffn2 noise enabled for 1 layers (scaling_factor=18, distribution=encoding)
  Trial 96/200: Loss=0.3259, Acc.=0.8799, F1=0.8781, Time=30.8ms
已替换 11 层的GELU函数
已替换 1 层的GELU函数
已替换 5 层的Softmax函数
已替换 6 层的Softmax函数
已替换 1 层的Softmax函数
Input noise enabled for 10 layers (scaling_factor=24, distribution=fresh)
Input noise enabled for 1 layers (scaling_factor=26, distribution=fresh)
Input noise enabled for 1 layers (scaling_factor=30, distribution=fresh)
query noise enabled for 8 layers (scaling_factor=16, distribution=encoding)
query noise enabled for 1 layers (scaling_factor=18, distribution=encoding)
query noise enabled for 3 layers (scaling_factor=20, distribution=encoding)
key noise enabled for 10 layers (scaling_factor=16, distribution=encoding)
key noise enabled for 1 layers (scaling_factor=18, distribution=encoding)
key noise enabled for 1 layers (scaling_factor=20, distribution=encoding)
value noise enabled for 10 layers (scaling_factor=16, distribution=encoding)
value noise enabled for 2 layers (scaling_factor=18, distribution=encoding)
wo noise enabled for 8 layers (scaling_factor=16, distribution=encoding)
wo noise enabled for 3 layers (scaling_factor=18, distribution=encoding)
wo noise enabled for 1 layers (scaling_factor=22, distribution=encoding)
wffn1 noise enabled for 7 layers (scaling_factor=16, distribution=encoding)
wffn1 noise enabled for 2 layers (scaling_factor=18, distribution=encoding)
wffn1 noise enabled for 1 layers (scaling_factor=20, distribution=encoding)
wffn1 noise enabled for 2 layers (scaling_factor=22, distribution=encoding)
wffn2 noise enabled for 11 layers (scaling_factor=16, distribution=encoding)
wffn2 noise enabled for 1 layers (scaling_factor=18, distribution=encoding)
  Trial 97/200: Loss=0.3278, Acc.=0.8799, F1=0.8781, Time=30.9ms
已替换 11 层的GELU函数
已替换 1 层的GELU函数
已替换 5 层的Softmax函数
已替换 6 层的Softmax函数
已替换 1 层的Softmax函数
Input noise enabled for 10 layers (scaling_factor=24, distribution=fresh)
Input noise enabled for 1 layers (scaling_factor=26, distribution=fresh)
Input noise enabled for 1 layers (scaling_factor=30, distribution=fresh)
query noise enabled for 8 layers (scaling_factor=16, distribution=encoding)
query noise enabled for 1 layers (scaling_factor=18, distribution=encoding)
query noise enabled for 3 layers (scaling_factor=20, distribution=encoding)
key noise enabled for 10 layers (scaling_factor=16, distribution=encoding)
key noise enabled for 1 layers (scaling_factor=18, distribution=encoding)
key noise enabled for 1 layers (scaling_factor=20, distribution=encoding)
value noise enabled for 10 layers (scaling_factor=16, distribution=encoding)
value noise enabled for 2 layers (scaling_factor=18, distribution=encoding)
wo noise enabled for 8 layers (scaling_factor=16, distribution=encoding)
wo noise enabled for 3 layers (scaling_factor=18, distribution=encoding)
wo noise enabled for 1 layers (scaling_factor=22, distribution=encoding)
wffn1 noise enabled for 7 layers (scaling_factor=16, distribution=encoding)
wffn1 noise enabled for 2 layers (scaling_factor=18, distribution=encoding)
wffn1 noise enabled for 1 layers (scaling_factor=20, distribution=encoding)
wffn1 noise enabled for 2 layers (scaling_factor=22, distribution=encoding)
wffn2 noise enabled for 11 layers (scaling_factor=16, distribution=encoding)
wffn2 noise enabled for 1 layers (scaling_factor=18, distribution=encoding)
  Trial 98/200: Loss=0.3261, Acc.=0.8824, F1=0.8804, Time=31.1ms
已替换 11 层的GELU函数
已替换 1 层的GELU函数
已替换 5 层的Softmax函数
已替换 6 层的Softmax函数
已替换 1 层的Softmax函数
Input noise enabled for 10 layers (scaling_factor=24, distribution=fresh)
Input noise enabled for 1 layers (scaling_factor=26, distribution=fresh)
Input noise enabled for 1 layers (scaling_factor=30, distribution=fresh)
query noise enabled for 8 layers (scaling_factor=16, distribution=encoding)
query noise enabled for 1 layers (scaling_factor=18, distribution=encoding)
query noise enabled for 3 layers (scaling_factor=20, distribution=encoding)
key noise enabled for 10 layers (scaling_factor=16, distribution=encoding)
key noise enabled for 1 layers (scaling_factor=18, distribution=encoding)
key noise enabled for 1 layers (scaling_factor=20, distribution=encoding)
value noise enabled for 10 layers (scaling_factor=16, distribution=encoding)
value noise enabled for 2 layers (scaling_factor=18, distribution=encoding)
wo noise enabled for 8 layers (scaling_factor=16, distribution=encoding)
wo noise enabled for 3 layers (scaling_factor=18, distribution=encoding)
wo noise enabled for 1 layers (scaling_factor=22, distribution=encoding)
wffn1 noise enabled for 7 layers (scaling_factor=16, distribution=encoding)
wffn1 noise enabled for 2 layers (scaling_factor=18, distribution=encoding)
wffn1 noise enabled for 1 layers (scaling_factor=20, distribution=encoding)
wffn1 noise enabled for 2 layers (scaling_factor=22, distribution=encoding)
wffn2 noise enabled for 11 layers (scaling_factor=16, distribution=encoding)
wffn2 noise enabled for 1 layers (scaling_factor=18, distribution=encoding)
  Trial 99/200: Loss=0.3267, Acc.=0.8799, F1=0.8781, Time=31.1ms
已替换 11 层的GELU函数
已替换 1 层的GELU函数
已替换 5 层的Softmax函数
已替换 6 层的Softmax函数
已替换 1 层的Softmax函数
Input noise enabled for 10 layers (scaling_factor=24, distribution=fresh)
Input noise enabled for 1 layers (scaling_factor=26, distribution=fresh)
Input noise enabled for 1 layers (scaling_factor=30, distribution=fresh)
query noise enabled for 8 layers (scaling_factor=16, distribution=encoding)
query noise enabled for 1 layers (scaling_factor=18, distribution=encoding)
query noise enabled for 3 layers (scaling_factor=20, distribution=encoding)
key noise enabled for 10 layers (scaling_factor=16, distribution=encoding)
key noise enabled for 1 layers (scaling_factor=18, distribution=encoding)
key noise enabled for 1 layers (scaling_factor=20, distribution=encoding)
value noise enabled for 10 layers (scaling_factor=16, distribution=encoding)
value noise enabled for 2 layers (scaling_factor=18, distribution=encoding)
wo noise enabled for 8 layers (scaling_factor=16, distribution=encoding)
wo noise enabled for 3 layers (scaling_factor=18, distribution=encoding)
wo noise enabled for 1 layers (scaling_factor=22, distribution=encoding)
wffn1 noise enabled for 7 layers (scaling_factor=16, distribution=encoding)
wffn1 noise enabled for 2 layers (scaling_factor=18, distribution=encoding)
wffn1 noise enabled for 1 layers (scaling_factor=20, distribution=encoding)
wffn1 noise enabled for 2 layers (scaling_factor=22, distribution=encoding)
wffn2 noise enabled for 11 layers (scaling_factor=16, distribution=encoding)
wffn2 noise enabled for 1 layers (scaling_factor=18, distribution=encoding)
  Trial 100/200: Loss=0.3250, Acc.=0.8799, F1=0.8781, Time=31.0ms
已替换 11 层的GELU函数
已替换 1 层的GELU函数
已替换 5 层的Softmax函数
已替换 6 层的Softmax函数
已替换 1 层的Softmax函数
Input noise enabled for 10 layers (scaling_factor=24, distribution=fresh)
Input noise enabled for 1 layers (scaling_factor=26, distribution=fresh)
Input noise enabled for 1 layers (scaling_factor=30, distribution=fresh)
query noise enabled for 8 layers (scaling_factor=16, distribution=encoding)
query noise enabled for 1 layers (scaling_factor=18, distribution=encoding)
query noise enabled for 3 layers (scaling_factor=20, distribution=encoding)
key noise enabled for 10 layers (scaling_factor=16, distribution=encoding)
key noise enabled for 1 layers (scaling_factor=18, distribution=encoding)
key noise enabled for 1 layers (scaling_factor=20, distribution=encoding)
value noise enabled for 10 layers (scaling_factor=16, distribution=encoding)
value noise enabled for 2 layers (scaling_factor=18, distribution=encoding)
wo noise enabled for 8 layers (scaling_factor=16, distribution=encoding)
wo noise enabled for 3 layers (scaling_factor=18, distribution=encoding)
wo noise enabled for 1 layers (scaling_factor=22, distribution=encoding)
wffn1 noise enabled for 7 layers (scaling_factor=16, distribution=encoding)
wffn1 noise enabled for 2 layers (scaling_factor=18, distribution=encoding)
wffn1 noise enabled for 1 layers (scaling_factor=20, distribution=encoding)
wffn1 noise enabled for 2 layers (scaling_factor=22, distribution=encoding)
wffn2 noise enabled for 11 layers (scaling_factor=16, distribution=encoding)
wffn2 noise enabled for 1 layers (scaling_factor=18, distribution=encoding)
  Trial 101/200: Loss=0.3267, Acc.=0.8824, F1=0.8804, Time=30.9ms
已替换 11 层的GELU函数
已替换 1 层的GELU函数
已替换 5 层的Softmax函数
已替换 6 层的Softmax函数
已替换 1 层的Softmax函数
Input noise enabled for 10 layers (scaling_factor=24, distribution=fresh)
Input noise enabled for 1 layers (scaling_factor=26, distribution=fresh)
Input noise enabled for 1 layers (scaling_factor=30, distribution=fresh)
query noise enabled for 8 layers (scaling_factor=16, distribution=encoding)
query noise enabled for 1 layers (scaling_factor=18, distribution=encoding)
query noise enabled for 3 layers (scaling_factor=20, distribution=encoding)
key noise enabled for 10 layers (scaling_factor=16, distribution=encoding)
key noise enabled for 1 layers (scaling_factor=18, distribution=encoding)
key noise enabled for 1 layers (scaling_factor=20, distribution=encoding)
value noise enabled for 10 layers (scaling_factor=16, distribution=encoding)
value noise enabled for 2 layers (scaling_factor=18, distribution=encoding)
wo noise enabled for 8 layers (scaling_factor=16, distribution=encoding)
wo noise enabled for 3 layers (scaling_factor=18, distribution=encoding)
wo noise enabled for 1 layers (scaling_factor=22, distribution=encoding)
wffn1 noise enabled for 7 layers (scaling_factor=16, distribution=encoding)
wffn1 noise enabled for 2 layers (scaling_factor=18, distribution=encoding)
wffn1 noise enabled for 1 layers (scaling_factor=20, distribution=encoding)
wffn1 noise enabled for 2 layers (scaling_factor=22, distribution=encoding)
wffn2 noise enabled for 11 layers (scaling_factor=16, distribution=encoding)
wffn2 noise enabled for 1 layers (scaling_factor=18, distribution=encoding)
  Trial 102/200: Loss=0.3251, Acc.=0.8848, F1=0.8828, Time=31.0ms
已替换 11 层的GELU函数
已替换 1 层的GELU函数
已替换 5 层的Softmax函数
已替换 6 层的Softmax函数
已替换 1 层的Softmax函数
Input noise enabled for 10 layers (scaling_factor=24, distribution=fresh)
Input noise enabled for 1 layers (scaling_factor=26, distribution=fresh)
Input noise enabled for 1 layers (scaling_factor=30, distribution=fresh)
query noise enabled for 8 layers (scaling_factor=16, distribution=encoding)
query noise enabled for 1 layers (scaling_factor=18, distribution=encoding)
query noise enabled for 3 layers (scaling_factor=20, distribution=encoding)
key noise enabled for 10 layers (scaling_factor=16, distribution=encoding)
key noise enabled for 1 layers (scaling_factor=18, distribution=encoding)
key noise enabled for 1 layers (scaling_factor=20, distribution=encoding)
value noise enabled for 10 layers (scaling_factor=16, distribution=encoding)
value noise enabled for 2 layers (scaling_factor=18, distribution=encoding)
wo noise enabled for 8 layers (scaling_factor=16, distribution=encoding)
wo noise enabled for 3 layers (scaling_factor=18, distribution=encoding)
wo noise enabled for 1 layers (scaling_factor=22, distribution=encoding)
wffn1 noise enabled for 7 layers (scaling_factor=16, distribution=encoding)
wffn1 noise enabled for 2 layers (scaling_factor=18, distribution=encoding)
wffn1 noise enabled for 1 layers (scaling_factor=20, distribution=encoding)
wffn1 noise enabled for 2 layers (scaling_factor=22, distribution=encoding)
wffn2 noise enabled for 11 layers (scaling_factor=16, distribution=encoding)
wffn2 noise enabled for 1 layers (scaling_factor=18, distribution=encoding)
  Trial 103/200: Loss=0.3259, Acc.=0.8824, F1=0.8804, Time=30.9ms
已替换 11 层的GELU函数
已替换 1 层的GELU函数
已替换 5 层的Softmax函数
已替换 6 层的Softmax函数
已替换 1 层的Softmax函数
Input noise enabled for 10 layers (scaling_factor=24, distribution=fresh)
Input noise enabled for 1 layers (scaling_factor=26, distribution=fresh)
Input noise enabled for 1 layers (scaling_factor=30, distribution=fresh)
query noise enabled for 8 layers (scaling_factor=16, distribution=encoding)
query noise enabled for 1 layers (scaling_factor=18, distribution=encoding)
query noise enabled for 3 layers (scaling_factor=20, distribution=encoding)
key noise enabled for 10 layers (scaling_factor=16, distribution=encoding)
key noise enabled for 1 layers (scaling_factor=18, distribution=encoding)
key noise enabled for 1 layers (scaling_factor=20, distribution=encoding)
value noise enabled for 10 layers (scaling_factor=16, distribution=encoding)
value noise enabled for 2 layers (scaling_factor=18, distribution=encoding)
wo noise enabled for 8 layers (scaling_factor=16, distribution=encoding)
wo noise enabled for 3 layers (scaling_factor=18, distribution=encoding)
wo noise enabled for 1 layers (scaling_factor=22, distribution=encoding)
wffn1 noise enabled for 7 layers (scaling_factor=16, distribution=encoding)
wffn1 noise enabled for 2 layers (scaling_factor=18, distribution=encoding)
wffn1 noise enabled for 1 layers (scaling_factor=20, distribution=encoding)
wffn1 noise enabled for 2 layers (scaling_factor=22, distribution=encoding)
wffn2 noise enabled for 11 layers (scaling_factor=16, distribution=encoding)
wffn2 noise enabled for 1 layers (scaling_factor=18, distribution=encoding)
  Trial 104/200: Loss=0.3287, Acc.=0.8799, F1=0.8781, Time=31.1ms
已替换 11 层的GELU函数
已替换 1 层的GELU函数
已替换 5 层的Softmax函数
已替换 6 层的Softmax函数
已替换 1 层的Softmax函数
Input noise enabled for 10 layers (scaling_factor=24, distribution=fresh)
Input noise enabled for 1 layers (scaling_factor=26, distribution=fresh)
Input noise enabled for 1 layers (scaling_factor=30, distribution=fresh)
query noise enabled for 8 layers (scaling_factor=16, distribution=encoding)
query noise enabled for 1 layers (scaling_factor=18, distribution=encoding)
query noise enabled for 3 layers (scaling_factor=20, distribution=encoding)
key noise enabled for 10 layers (scaling_factor=16, distribution=encoding)
key noise enabled for 1 layers (scaling_factor=18, distribution=encoding)
key noise enabled for 1 layers (scaling_factor=20, distribution=encoding)
value noise enabled for 10 layers (scaling_factor=16, distribution=encoding)
value noise enabled for 2 layers (scaling_factor=18, distribution=encoding)
wo noise enabled for 8 layers (scaling_factor=16, distribution=encoding)
wo noise enabled for 3 layers (scaling_factor=18, distribution=encoding)
wo noise enabled for 1 layers (scaling_factor=22, distribution=encoding)
wffn1 noise enabled for 7 layers (scaling_factor=16, distribution=encoding)
wffn1 noise enabled for 2 layers (scaling_factor=18, distribution=encoding)
wffn1 noise enabled for 1 layers (scaling_factor=20, distribution=encoding)
wffn1 noise enabled for 2 layers (scaling_factor=22, distribution=encoding)
wffn2 noise enabled for 11 layers (scaling_factor=16, distribution=encoding)
wffn2 noise enabled for 1 layers (scaling_factor=18, distribution=encoding)
  Trial 105/200: Loss=0.3263, Acc.=0.8799, F1=0.8781, Time=31.0ms
已替换 11 层的GELU函数
已替换 1 层的GELU函数
已替换 5 层的Softmax函数
已替换 6 层的Softmax函数
已替换 1 层的Softmax函数
Input noise enabled for 10 layers (scaling_factor=24, distribution=fresh)
Input noise enabled for 1 layers (scaling_factor=26, distribution=fresh)
Input noise enabled for 1 layers (scaling_factor=30, distribution=fresh)
query noise enabled for 8 layers (scaling_factor=16, distribution=encoding)
query noise enabled for 1 layers (scaling_factor=18, distribution=encoding)
query noise enabled for 3 layers (scaling_factor=20, distribution=encoding)
key noise enabled for 10 layers (scaling_factor=16, distribution=encoding)
key noise enabled for 1 layers (scaling_factor=18, distribution=encoding)
key noise enabled for 1 layers (scaling_factor=20, distribution=encoding)
value noise enabled for 10 layers (scaling_factor=16, distribution=encoding)
value noise enabled for 2 layers (scaling_factor=18, distribution=encoding)
wo noise enabled for 8 layers (scaling_factor=16, distribution=encoding)
wo noise enabled for 3 layers (scaling_factor=18, distribution=encoding)
wo noise enabled for 1 layers (scaling_factor=22, distribution=encoding)
wffn1 noise enabled for 7 layers (scaling_factor=16, distribution=encoding)
wffn1 noise enabled for 2 layers (scaling_factor=18, distribution=encoding)
wffn1 noise enabled for 1 layers (scaling_factor=20, distribution=encoding)
wffn1 noise enabled for 2 layers (scaling_factor=22, distribution=encoding)
wffn2 noise enabled for 11 layers (scaling_factor=16, distribution=encoding)
wffn2 noise enabled for 1 layers (scaling_factor=18, distribution=encoding)
  Trial 106/200: Loss=0.3249, Acc.=0.8824, F1=0.8804, Time=31.1ms
已替换 11 层的GELU函数
已替换 1 层的GELU函数
已替换 5 层的Softmax函数
已替换 6 层的Softmax函数
已替换 1 层的Softmax函数
Input noise enabled for 10 layers (scaling_factor=24, distribution=fresh)
Input noise enabled for 1 layers (scaling_factor=26, distribution=fresh)
Input noise enabled for 1 layers (scaling_factor=30, distribution=fresh)
query noise enabled for 8 layers (scaling_factor=16, distribution=encoding)
query noise enabled for 1 layers (scaling_factor=18, distribution=encoding)
query noise enabled for 3 layers (scaling_factor=20, distribution=encoding)
key noise enabled for 10 layers (scaling_factor=16, distribution=encoding)
key noise enabled for 1 layers (scaling_factor=18, distribution=encoding)
key noise enabled for 1 layers (scaling_factor=20, distribution=encoding)
value noise enabled for 10 layers (scaling_factor=16, distribution=encoding)
value noise enabled for 2 layers (scaling_factor=18, distribution=encoding)
wo noise enabled for 8 layers (scaling_factor=16, distribution=encoding)
wo noise enabled for 3 layers (scaling_factor=18, distribution=encoding)
wo noise enabled for 1 layers (scaling_factor=22, distribution=encoding)
wffn1 noise enabled for 7 layers (scaling_factor=16, distribution=encoding)
wffn1 noise enabled for 2 layers (scaling_factor=18, distribution=encoding)
wffn1 noise enabled for 1 layers (scaling_factor=20, distribution=encoding)
wffn1 noise enabled for 2 layers (scaling_factor=22, distribution=encoding)
wffn2 noise enabled for 11 layers (scaling_factor=16, distribution=encoding)
wffn2 noise enabled for 1 layers (scaling_factor=18, distribution=encoding)
  Trial 107/200: Loss=0.3277, Acc.=0.8824, F1=0.8804, Time=31.0ms
已替换 11 层的GELU函数
已替换 1 层的GELU函数
已替换 5 层的Softmax函数
已替换 6 层的Softmax函数
已替换 1 层的Softmax函数
Input noise enabled for 10 layers (scaling_factor=24, distribution=fresh)
Input noise enabled for 1 layers (scaling_factor=26, distribution=fresh)
Input noise enabled for 1 layers (scaling_factor=30, distribution=fresh)
query noise enabled for 8 layers (scaling_factor=16, distribution=encoding)
query noise enabled for 1 layers (scaling_factor=18, distribution=encoding)
query noise enabled for 3 layers (scaling_factor=20, distribution=encoding)
key noise enabled for 10 layers (scaling_factor=16, distribution=encoding)
key noise enabled for 1 layers (scaling_factor=18, distribution=encoding)
key noise enabled for 1 layers (scaling_factor=20, distribution=encoding)
value noise enabled for 10 layers (scaling_factor=16, distribution=encoding)
value noise enabled for 2 layers (scaling_factor=18, distribution=encoding)
wo noise enabled for 8 layers (scaling_factor=16, distribution=encoding)
wo noise enabled for 3 layers (scaling_factor=18, distribution=encoding)
wo noise enabled for 1 layers (scaling_factor=22, distribution=encoding)
wffn1 noise enabled for 7 layers (scaling_factor=16, distribution=encoding)
wffn1 noise enabled for 2 layers (scaling_factor=18, distribution=encoding)
wffn1 noise enabled for 1 layers (scaling_factor=20, distribution=encoding)
wffn1 noise enabled for 2 layers (scaling_factor=22, distribution=encoding)
wffn2 noise enabled for 11 layers (scaling_factor=16, distribution=encoding)
wffn2 noise enabled for 1 layers (scaling_factor=18, distribution=encoding)
  Trial 108/200: Loss=0.3273, Acc.=0.8799, F1=0.8781, Time=30.8ms
已替换 11 层的GELU函数
已替换 1 层的GELU函数
已替换 5 层的Softmax函数
已替换 6 层的Softmax函数
已替换 1 层的Softmax函数
Input noise enabled for 10 layers (scaling_factor=24, distribution=fresh)
Input noise enabled for 1 layers (scaling_factor=26, distribution=fresh)
Input noise enabled for 1 layers (scaling_factor=30, distribution=fresh)
query noise enabled for 8 layers (scaling_factor=16, distribution=encoding)
query noise enabled for 1 layers (scaling_factor=18, distribution=encoding)
query noise enabled for 3 layers (scaling_factor=20, distribution=encoding)
key noise enabled for 10 layers (scaling_factor=16, distribution=encoding)
key noise enabled for 1 layers (scaling_factor=18, distribution=encoding)
key noise enabled for 1 layers (scaling_factor=20, distribution=encoding)
value noise enabled for 10 layers (scaling_factor=16, distribution=encoding)
value noise enabled for 2 layers (scaling_factor=18, distribution=encoding)
wo noise enabled for 8 layers (scaling_factor=16, distribution=encoding)
wo noise enabled for 3 layers (scaling_factor=18, distribution=encoding)
wo noise enabled for 1 layers (scaling_factor=22, distribution=encoding)
wffn1 noise enabled for 7 layers (scaling_factor=16, distribution=encoding)
wffn1 noise enabled for 2 layers (scaling_factor=18, distribution=encoding)
wffn1 noise enabled for 1 layers (scaling_factor=20, distribution=encoding)
wffn1 noise enabled for 2 layers (scaling_factor=22, distribution=encoding)
wffn2 noise enabled for 11 layers (scaling_factor=16, distribution=encoding)
wffn2 noise enabled for 1 layers (scaling_factor=18, distribution=encoding)
  Trial 109/200: Loss=0.3261, Acc.=0.8799, F1=0.8781, Time=30.9ms
已替换 11 层的GELU函数
已替换 1 层的GELU函数
已替换 5 层的Softmax函数
已替换 6 层的Softmax函数
已替换 1 层的Softmax函数
Input noise enabled for 10 layers (scaling_factor=24, distribution=fresh)
Input noise enabled for 1 layers (scaling_factor=26, distribution=fresh)
Input noise enabled for 1 layers (scaling_factor=30, distribution=fresh)
query noise enabled for 8 layers (scaling_factor=16, distribution=encoding)
query noise enabled for 1 layers (scaling_factor=18, distribution=encoding)
query noise enabled for 3 layers (scaling_factor=20, distribution=encoding)
key noise enabled for 10 layers (scaling_factor=16, distribution=encoding)
key noise enabled for 1 layers (scaling_factor=18, distribution=encoding)
key noise enabled for 1 layers (scaling_factor=20, distribution=encoding)
value noise enabled for 10 layers (scaling_factor=16, distribution=encoding)
value noise enabled for 2 layers (scaling_factor=18, distribution=encoding)
wo noise enabled for 8 layers (scaling_factor=16, distribution=encoding)
wo noise enabled for 3 layers (scaling_factor=18, distribution=encoding)
wo noise enabled for 1 layers (scaling_factor=22, distribution=encoding)
wffn1 noise enabled for 7 layers (scaling_factor=16, distribution=encoding)
wffn1 noise enabled for 2 layers (scaling_factor=18, distribution=encoding)
wffn1 noise enabled for 1 layers (scaling_factor=20, distribution=encoding)
wffn1 noise enabled for 2 layers (scaling_factor=22, distribution=encoding)
wffn2 noise enabled for 11 layers (scaling_factor=16, distribution=encoding)
wffn2 noise enabled for 1 layers (scaling_factor=18, distribution=encoding)
  Trial 110/200: Loss=0.3253, Acc.=0.8824, F1=0.8804, Time=31.1ms
已替换 11 层的GELU函数
已替换 1 层的GELU函数
已替换 5 层的Softmax函数
已替换 6 层的Softmax函数
已替换 1 层的Softmax函数
Input noise enabled for 10 layers (scaling_factor=24, distribution=fresh)
Input noise enabled for 1 layers (scaling_factor=26, distribution=fresh)
Input noise enabled for 1 layers (scaling_factor=30, distribution=fresh)
query noise enabled for 8 layers (scaling_factor=16, distribution=encoding)
query noise enabled for 1 layers (scaling_factor=18, distribution=encoding)
query noise enabled for 3 layers (scaling_factor=20, distribution=encoding)
key noise enabled for 10 layers (scaling_factor=16, distribution=encoding)
key noise enabled for 1 layers (scaling_factor=18, distribution=encoding)
key noise enabled for 1 layers (scaling_factor=20, distribution=encoding)
value noise enabled for 10 layers (scaling_factor=16, distribution=encoding)
value noise enabled for 2 layers (scaling_factor=18, distribution=encoding)
wo noise enabled for 8 layers (scaling_factor=16, distribution=encoding)
wo noise enabled for 3 layers (scaling_factor=18, distribution=encoding)
wo noise enabled for 1 layers (scaling_factor=22, distribution=encoding)
wffn1 noise enabled for 7 layers (scaling_factor=16, distribution=encoding)
wffn1 noise enabled for 2 layers (scaling_factor=18, distribution=encoding)
wffn1 noise enabled for 1 layers (scaling_factor=20, distribution=encoding)
wffn1 noise enabled for 2 layers (scaling_factor=22, distribution=encoding)
wffn2 noise enabled for 11 layers (scaling_factor=16, distribution=encoding)
wffn2 noise enabled for 1 layers (scaling_factor=18, distribution=encoding)
  Trial 111/200: Loss=0.3249, Acc.=0.8824, F1=0.8804, Time=31.0ms
已替换 11 层的GELU函数
已替换 1 层的GELU函数
已替换 5 层的Softmax函数
已替换 6 层的Softmax函数
已替换 1 层的Softmax函数
Input noise enabled for 10 layers (scaling_factor=24, distribution=fresh)
Input noise enabled for 1 layers (scaling_factor=26, distribution=fresh)
Input noise enabled for 1 layers (scaling_factor=30, distribution=fresh)
query noise enabled for 8 layers (scaling_factor=16, distribution=encoding)
query noise enabled for 1 layers (scaling_factor=18, distribution=encoding)
query noise enabled for 3 layers (scaling_factor=20, distribution=encoding)
key noise enabled for 10 layers (scaling_factor=16, distribution=encoding)
key noise enabled for 1 layers (scaling_factor=18, distribution=encoding)
key noise enabled for 1 layers (scaling_factor=20, distribution=encoding)
value noise enabled for 10 layers (scaling_factor=16, distribution=encoding)
value noise enabled for 2 layers (scaling_factor=18, distribution=encoding)
wo noise enabled for 8 layers (scaling_factor=16, distribution=encoding)
wo noise enabled for 3 layers (scaling_factor=18, distribution=encoding)
wo noise enabled for 1 layers (scaling_factor=22, distribution=encoding)
wffn1 noise enabled for 7 layers (scaling_factor=16, distribution=encoding)
wffn1 noise enabled for 2 layers (scaling_factor=18, distribution=encoding)
wffn1 noise enabled for 1 layers (scaling_factor=20, distribution=encoding)
wffn1 noise enabled for 2 layers (scaling_factor=22, distribution=encoding)
wffn2 noise enabled for 11 layers (scaling_factor=16, distribution=encoding)
wffn2 noise enabled for 1 layers (scaling_factor=18, distribution=encoding)
  Trial 112/200: Loss=0.3271, Acc.=0.8799, F1=0.8781, Time=31.0ms
已替换 11 层的GELU函数
已替换 1 层的GELU函数
已替换 5 层的Softmax函数
已替换 6 层的Softmax函数
已替换 1 层的Softmax函数
Input noise enabled for 10 layers (scaling_factor=24, distribution=fresh)
Input noise enabled for 1 layers (scaling_factor=26, distribution=fresh)
Input noise enabled for 1 layers (scaling_factor=30, distribution=fresh)
query noise enabled for 8 layers (scaling_factor=16, distribution=encoding)
query noise enabled for 1 layers (scaling_factor=18, distribution=encoding)
query noise enabled for 3 layers (scaling_factor=20, distribution=encoding)
key noise enabled for 10 layers (scaling_factor=16, distribution=encoding)
key noise enabled for 1 layers (scaling_factor=18, distribution=encoding)
key noise enabled for 1 layers (scaling_factor=20, distribution=encoding)
value noise enabled for 10 layers (scaling_factor=16, distribution=encoding)
value noise enabled for 2 layers (scaling_factor=18, distribution=encoding)
wo noise enabled for 8 layers (scaling_factor=16, distribution=encoding)
wo noise enabled for 3 layers (scaling_factor=18, distribution=encoding)
wo noise enabled for 1 layers (scaling_factor=22, distribution=encoding)
wffn1 noise enabled for 7 layers (scaling_factor=16, distribution=encoding)
wffn1 noise enabled for 2 layers (scaling_factor=18, distribution=encoding)
wffn1 noise enabled for 1 layers (scaling_factor=20, distribution=encoding)
wffn1 noise enabled for 2 layers (scaling_factor=22, distribution=encoding)
wffn2 noise enabled for 11 layers (scaling_factor=16, distribution=encoding)
wffn2 noise enabled for 1 layers (scaling_factor=18, distribution=encoding)
  Trial 113/200: Loss=0.3243, Acc.=0.8824, F1=0.8804, Time=30.8ms
已替换 11 层的GELU函数
已替换 1 层的GELU函数
已替换 5 层的Softmax函数
已替换 6 层的Softmax函数
已替换 1 层的Softmax函数
Input noise enabled for 10 layers (scaling_factor=24, distribution=fresh)
Input noise enabled for 1 layers (scaling_factor=26, distribution=fresh)
Input noise enabled for 1 layers (scaling_factor=30, distribution=fresh)
query noise enabled for 8 layers (scaling_factor=16, distribution=encoding)
query noise enabled for 1 layers (scaling_factor=18, distribution=encoding)
query noise enabled for 3 layers (scaling_factor=20, distribution=encoding)
key noise enabled for 10 layers (scaling_factor=16, distribution=encoding)
key noise enabled for 1 layers (scaling_factor=18, distribution=encoding)
key noise enabled for 1 layers (scaling_factor=20, distribution=encoding)
value noise enabled for 10 layers (scaling_factor=16, distribution=encoding)
value noise enabled for 2 layers (scaling_factor=18, distribution=encoding)
wo noise enabled for 8 layers (scaling_factor=16, distribution=encoding)
wo noise enabled for 3 layers (scaling_factor=18, distribution=encoding)
wo noise enabled for 1 layers (scaling_factor=22, distribution=encoding)
wffn1 noise enabled for 7 layers (scaling_factor=16, distribution=encoding)
wffn1 noise enabled for 2 layers (scaling_factor=18, distribution=encoding)
wffn1 noise enabled for 1 layers (scaling_factor=20, distribution=encoding)
wffn1 noise enabled for 2 layers (scaling_factor=22, distribution=encoding)
wffn2 noise enabled for 11 layers (scaling_factor=16, distribution=encoding)
wffn2 noise enabled for 1 layers (scaling_factor=18, distribution=encoding)
  Trial 114/200: Loss=0.3268, Acc.=0.8775, F1=0.8758, Time=30.9ms
已替换 11 层的GELU函数
已替换 1 层的GELU函数
已替换 5 层的Softmax函数
已替换 6 层的Softmax函数
已替换 1 层的Softmax函数
Input noise enabled for 10 layers (scaling_factor=24, distribution=fresh)
Input noise enabled for 1 layers (scaling_factor=26, distribution=fresh)
Input noise enabled for 1 layers (scaling_factor=30, distribution=fresh)
query noise enabled for 8 layers (scaling_factor=16, distribution=encoding)
query noise enabled for 1 layers (scaling_factor=18, distribution=encoding)
query noise enabled for 3 layers (scaling_factor=20, distribution=encoding)
key noise enabled for 10 layers (scaling_factor=16, distribution=encoding)
key noise enabled for 1 layers (scaling_factor=18, distribution=encoding)
key noise enabled for 1 layers (scaling_factor=20, distribution=encoding)
value noise enabled for 10 layers (scaling_factor=16, distribution=encoding)
value noise enabled for 2 layers (scaling_factor=18, distribution=encoding)
wo noise enabled for 8 layers (scaling_factor=16, distribution=encoding)
wo noise enabled for 3 layers (scaling_factor=18, distribution=encoding)
wo noise enabled for 1 layers (scaling_factor=22, distribution=encoding)
wffn1 noise enabled for 7 layers (scaling_factor=16, distribution=encoding)
wffn1 noise enabled for 2 layers (scaling_factor=18, distribution=encoding)
wffn1 noise enabled for 1 layers (scaling_factor=20, distribution=encoding)
wffn1 noise enabled for 2 layers (scaling_factor=22, distribution=encoding)
wffn2 noise enabled for 11 layers (scaling_factor=16, distribution=encoding)
wffn2 noise enabled for 1 layers (scaling_factor=18, distribution=encoding)
  Trial 115/200: Loss=0.3256, Acc.=0.8775, F1=0.8758, Time=30.9ms
已替换 11 层的GELU函数
已替换 1 层的GELU函数
已替换 5 层的Softmax函数
已替换 6 层的Softmax函数
已替换 1 层的Softmax函数
Input noise enabled for 10 layers (scaling_factor=24, distribution=fresh)
Input noise enabled for 1 layers (scaling_factor=26, distribution=fresh)
Input noise enabled for 1 layers (scaling_factor=30, distribution=fresh)
query noise enabled for 8 layers (scaling_factor=16, distribution=encoding)
query noise enabled for 1 layers (scaling_factor=18, distribution=encoding)
query noise enabled for 3 layers (scaling_factor=20, distribution=encoding)
key noise enabled for 10 layers (scaling_factor=16, distribution=encoding)
key noise enabled for 1 layers (scaling_factor=18, distribution=encoding)
key noise enabled for 1 layers (scaling_factor=20, distribution=encoding)
value noise enabled for 10 layers (scaling_factor=16, distribution=encoding)
value noise enabled for 2 layers (scaling_factor=18, distribution=encoding)
wo noise enabled for 8 layers (scaling_factor=16, distribution=encoding)
wo noise enabled for 3 layers (scaling_factor=18, distribution=encoding)
wo noise enabled for 1 layers (scaling_factor=22, distribution=encoding)
wffn1 noise enabled for 7 layers (scaling_factor=16, distribution=encoding)
wffn1 noise enabled for 2 layers (scaling_factor=18, distribution=encoding)
wffn1 noise enabled for 1 layers (scaling_factor=20, distribution=encoding)
wffn1 noise enabled for 2 layers (scaling_factor=22, distribution=encoding)
wffn2 noise enabled for 11 layers (scaling_factor=16, distribution=encoding)
wffn2 noise enabled for 1 layers (scaling_factor=18, distribution=encoding)
  Trial 116/200: Loss=0.3272, Acc.=0.8824, F1=0.8804, Time=31.1ms
已替换 11 层的GELU函数
已替换 1 层的GELU函数
已替换 5 层的Softmax函数
已替换 6 层的Softmax函数
已替换 1 层的Softmax函数
Input noise enabled for 10 layers (scaling_factor=24, distribution=fresh)
Input noise enabled for 1 layers (scaling_factor=26, distribution=fresh)
Input noise enabled for 1 layers (scaling_factor=30, distribution=fresh)
query noise enabled for 8 layers (scaling_factor=16, distribution=encoding)
query noise enabled for 1 layers (scaling_factor=18, distribution=encoding)
query noise enabled for 3 layers (scaling_factor=20, distribution=encoding)
key noise enabled for 10 layers (scaling_factor=16, distribution=encoding)
key noise enabled for 1 layers (scaling_factor=18, distribution=encoding)
key noise enabled for 1 layers (scaling_factor=20, distribution=encoding)
value noise enabled for 10 layers (scaling_factor=16, distribution=encoding)
value noise enabled for 2 layers (scaling_factor=18, distribution=encoding)
wo noise enabled for 8 layers (scaling_factor=16, distribution=encoding)
wo noise enabled for 3 layers (scaling_factor=18, distribution=encoding)
wo noise enabled for 1 layers (scaling_factor=22, distribution=encoding)
wffn1 noise enabled for 7 layers (scaling_factor=16, distribution=encoding)
wffn1 noise enabled for 2 layers (scaling_factor=18, distribution=encoding)
wffn1 noise enabled for 1 layers (scaling_factor=20, distribution=encoding)
wffn1 noise enabled for 2 layers (scaling_factor=22, distribution=encoding)
wffn2 noise enabled for 11 layers (scaling_factor=16, distribution=encoding)
wffn2 noise enabled for 1 layers (scaling_factor=18, distribution=encoding)
  Trial 117/200: Loss=0.3270, Acc.=0.8799, F1=0.8781, Time=31.1ms
已替换 11 层的GELU函数
已替换 1 层的GELU函数
已替换 5 层的Softmax函数
已替换 6 层的Softmax函数
已替换 1 层的Softmax函数
Input noise enabled for 10 layers (scaling_factor=24, distribution=fresh)
Input noise enabled for 1 layers (scaling_factor=26, distribution=fresh)
Input noise enabled for 1 layers (scaling_factor=30, distribution=fresh)
query noise enabled for 8 layers (scaling_factor=16, distribution=encoding)
query noise enabled for 1 layers (scaling_factor=18, distribution=encoding)
query noise enabled for 3 layers (scaling_factor=20, distribution=encoding)
key noise enabled for 10 layers (scaling_factor=16, distribution=encoding)
key noise enabled for 1 layers (scaling_factor=18, distribution=encoding)
key noise enabled for 1 layers (scaling_factor=20, distribution=encoding)
value noise enabled for 10 layers (scaling_factor=16, distribution=encoding)
value noise enabled for 2 layers (scaling_factor=18, distribution=encoding)
wo noise enabled for 8 layers (scaling_factor=16, distribution=encoding)
wo noise enabled for 3 layers (scaling_factor=18, distribution=encoding)
wo noise enabled for 1 layers (scaling_factor=22, distribution=encoding)
wffn1 noise enabled for 7 layers (scaling_factor=16, distribution=encoding)
wffn1 noise enabled for 2 layers (scaling_factor=18, distribution=encoding)
wffn1 noise enabled for 1 layers (scaling_factor=20, distribution=encoding)
wffn1 noise enabled for 2 layers (scaling_factor=22, distribution=encoding)
wffn2 noise enabled for 11 layers (scaling_factor=16, distribution=encoding)
wffn2 noise enabled for 1 layers (scaling_factor=18, distribution=encoding)
  Trial 118/200: Loss=0.3278, Acc.=0.8799, F1=0.8784, Time=31.1ms
已替换 11 层的GELU函数
已替换 1 层的GELU函数
已替换 5 层的Softmax函数
已替换 6 层的Softmax函数
已替换 1 层的Softmax函数
Input noise enabled for 10 layers (scaling_factor=24, distribution=fresh)
Input noise enabled for 1 layers (scaling_factor=26, distribution=fresh)
Input noise enabled for 1 layers (scaling_factor=30, distribution=fresh)
query noise enabled for 8 layers (scaling_factor=16, distribution=encoding)
query noise enabled for 1 layers (scaling_factor=18, distribution=encoding)
query noise enabled for 3 layers (scaling_factor=20, distribution=encoding)
key noise enabled for 10 layers (scaling_factor=16, distribution=encoding)
key noise enabled for 1 layers (scaling_factor=18, distribution=encoding)
key noise enabled for 1 layers (scaling_factor=20, distribution=encoding)
value noise enabled for 10 layers (scaling_factor=16, distribution=encoding)
value noise enabled for 2 layers (scaling_factor=18, distribution=encoding)
wo noise enabled for 8 layers (scaling_factor=16, distribution=encoding)
wo noise enabled for 3 layers (scaling_factor=18, distribution=encoding)
wo noise enabled for 1 layers (scaling_factor=22, distribution=encoding)
wffn1 noise enabled for 7 layers (scaling_factor=16, distribution=encoding)
wffn1 noise enabled for 2 layers (scaling_factor=18, distribution=encoding)
wffn1 noise enabled for 1 layers (scaling_factor=20, distribution=encoding)
wffn1 noise enabled for 2 layers (scaling_factor=22, distribution=encoding)
wffn2 noise enabled for 11 layers (scaling_factor=16, distribution=encoding)
wffn2 noise enabled for 1 layers (scaling_factor=18, distribution=encoding)
  Trial 119/200: Loss=0.3275, Acc.=0.8824, F1=0.8804, Time=31.0ms
已替换 11 层的GELU函数
已替换 1 层的GELU函数
已替换 5 层的Softmax函数
已替换 6 层的Softmax函数
已替换 1 层的Softmax函数
Input noise enabled for 10 layers (scaling_factor=24, distribution=fresh)
Input noise enabled for 1 layers (scaling_factor=26, distribution=fresh)
Input noise enabled for 1 layers (scaling_factor=30, distribution=fresh)
query noise enabled for 8 layers (scaling_factor=16, distribution=encoding)
query noise enabled for 1 layers (scaling_factor=18, distribution=encoding)
query noise enabled for 3 layers (scaling_factor=20, distribution=encoding)
key noise enabled for 10 layers (scaling_factor=16, distribution=encoding)
key noise enabled for 1 layers (scaling_factor=18, distribution=encoding)
key noise enabled for 1 layers (scaling_factor=20, distribution=encoding)
value noise enabled for 10 layers (scaling_factor=16, distribution=encoding)
value noise enabled for 2 layers (scaling_factor=18, distribution=encoding)
wo noise enabled for 8 layers (scaling_factor=16, distribution=encoding)
wo noise enabled for 3 layers (scaling_factor=18, distribution=encoding)
wo noise enabled for 1 layers (scaling_factor=22, distribution=encoding)
wffn1 noise enabled for 7 layers (scaling_factor=16, distribution=encoding)
wffn1 noise enabled for 2 layers (scaling_factor=18, distribution=encoding)
wffn1 noise enabled for 1 layers (scaling_factor=20, distribution=encoding)
wffn1 noise enabled for 2 layers (scaling_factor=22, distribution=encoding)
wffn2 noise enabled for 11 layers (scaling_factor=16, distribution=encoding)
wffn2 noise enabled for 1 layers (scaling_factor=18, distribution=encoding)
  Trial 120/200: Loss=0.3252, Acc.=0.8799, F1=0.8781, Time=30.9ms
已替换 11 层的GELU函数
已替换 1 层的GELU函数
已替换 5 层的Softmax函数
已替换 6 层的Softmax函数
已替换 1 层的Softmax函数
Input noise enabled for 10 layers (scaling_factor=24, distribution=fresh)
Input noise enabled for 1 layers (scaling_factor=26, distribution=fresh)
Input noise enabled for 1 layers (scaling_factor=30, distribution=fresh)
query noise enabled for 8 layers (scaling_factor=16, distribution=encoding)
query noise enabled for 1 layers (scaling_factor=18, distribution=encoding)
query noise enabled for 3 layers (scaling_factor=20, distribution=encoding)
key noise enabled for 10 layers (scaling_factor=16, distribution=encoding)
key noise enabled for 1 layers (scaling_factor=18, distribution=encoding)
key noise enabled for 1 layers (scaling_factor=20, distribution=encoding)
value noise enabled for 10 layers (scaling_factor=16, distribution=encoding)
value noise enabled for 2 layers (scaling_factor=18, distribution=encoding)
wo noise enabled for 8 layers (scaling_factor=16, distribution=encoding)
wo noise enabled for 3 layers (scaling_factor=18, distribution=encoding)
wo noise enabled for 1 layers (scaling_factor=22, distribution=encoding)
wffn1 noise enabled for 7 layers (scaling_factor=16, distribution=encoding)
wffn1 noise enabled for 2 layers (scaling_factor=18, distribution=encoding)
wffn1 noise enabled for 1 layers (scaling_factor=20, distribution=encoding)
wffn1 noise enabled for 2 layers (scaling_factor=22, distribution=encoding)
wffn2 noise enabled for 11 layers (scaling_factor=16, distribution=encoding)
wffn2 noise enabled for 1 layers (scaling_factor=18, distribution=encoding)
  Trial 121/200: Loss=0.3252, Acc.=0.8799, F1=0.8781, Time=31.0ms
已替换 11 层的GELU函数
已替换 1 层的GELU函数
已替换 5 层的Softmax函数
已替换 6 层的Softmax函数
已替换 1 层的Softmax函数
Input noise enabled for 10 layers (scaling_factor=24, distribution=fresh)
Input noise enabled for 1 layers (scaling_factor=26, distribution=fresh)
Input noise enabled for 1 layers (scaling_factor=30, distribution=fresh)
query noise enabled for 8 layers (scaling_factor=16, distribution=encoding)
query noise enabled for 1 layers (scaling_factor=18, distribution=encoding)
query noise enabled for 3 layers (scaling_factor=20, distribution=encoding)
key noise enabled for 10 layers (scaling_factor=16, distribution=encoding)
key noise enabled for 1 layers (scaling_factor=18, distribution=encoding)
key noise enabled for 1 layers (scaling_factor=20, distribution=encoding)
value noise enabled for 10 layers (scaling_factor=16, distribution=encoding)
value noise enabled for 2 layers (scaling_factor=18, distribution=encoding)
wo noise enabled for 8 layers (scaling_factor=16, distribution=encoding)
wo noise enabled for 3 layers (scaling_factor=18, distribution=encoding)
wo noise enabled for 1 layers (scaling_factor=22, distribution=encoding)
wffn1 noise enabled for 7 layers (scaling_factor=16, distribution=encoding)
wffn1 noise enabled for 2 layers (scaling_factor=18, distribution=encoding)
wffn1 noise enabled for 1 layers (scaling_factor=20, distribution=encoding)
wffn1 noise enabled for 2 layers (scaling_factor=22, distribution=encoding)
wffn2 noise enabled for 11 layers (scaling_factor=16, distribution=encoding)
wffn2 noise enabled for 1 layers (scaling_factor=18, distribution=encoding)
  Trial 122/200: Loss=0.3263, Acc.=0.8824, F1=0.8804, Time=31.1ms
已替换 11 层的GELU函数
已替换 1 层的GELU函数
已替换 5 层的Softmax函数
已替换 6 层的Softmax函数
已替换 1 层的Softmax函数
Input noise enabled for 10 layers (scaling_factor=24, distribution=fresh)
Input noise enabled for 1 layers (scaling_factor=26, distribution=fresh)
Input noise enabled for 1 layers (scaling_factor=30, distribution=fresh)
query noise enabled for 8 layers (scaling_factor=16, distribution=encoding)
query noise enabled for 1 layers (scaling_factor=18, distribution=encoding)
query noise enabled for 3 layers (scaling_factor=20, distribution=encoding)
key noise enabled for 10 layers (scaling_factor=16, distribution=encoding)
key noise enabled for 1 layers (scaling_factor=18, distribution=encoding)
key noise enabled for 1 layers (scaling_factor=20, distribution=encoding)
value noise enabled for 10 layers (scaling_factor=16, distribution=encoding)
value noise enabled for 2 layers (scaling_factor=18, distribution=encoding)
wo noise enabled for 8 layers (scaling_factor=16, distribution=encoding)
wo noise enabled for 3 layers (scaling_factor=18, distribution=encoding)
wo noise enabled for 1 layers (scaling_factor=22, distribution=encoding)
wffn1 noise enabled for 7 layers (scaling_factor=16, distribution=encoding)
wffn1 noise enabled for 2 layers (scaling_factor=18, distribution=encoding)
wffn1 noise enabled for 1 layers (scaling_factor=20, distribution=encoding)
wffn1 noise enabled for 2 layers (scaling_factor=22, distribution=encoding)
wffn2 noise enabled for 11 layers (scaling_factor=16, distribution=encoding)
wffn2 noise enabled for 1 layers (scaling_factor=18, distribution=encoding)
  Trial 123/200: Loss=0.3270, Acc.=0.8824, F1=0.8804, Time=31.2ms
已替换 11 层的GELU函数
已替换 1 层的GELU函数
已替换 5 层的Softmax函数
已替换 6 层的Softmax函数
已替换 1 层的Softmax函数
Input noise enabled for 10 layers (scaling_factor=24, distribution=fresh)
Input noise enabled for 1 layers (scaling_factor=26, distribution=fresh)
Input noise enabled for 1 layers (scaling_factor=30, distribution=fresh)
query noise enabled for 8 layers (scaling_factor=16, distribution=encoding)
query noise enabled for 1 layers (scaling_factor=18, distribution=encoding)
query noise enabled for 3 layers (scaling_factor=20, distribution=encoding)
key noise enabled for 10 layers (scaling_factor=16, distribution=encoding)
key noise enabled for 1 layers (scaling_factor=18, distribution=encoding)
key noise enabled for 1 layers (scaling_factor=20, distribution=encoding)
value noise enabled for 10 layers (scaling_factor=16, distribution=encoding)
value noise enabled for 2 layers (scaling_factor=18, distribution=encoding)
wo noise enabled for 8 layers (scaling_factor=16, distribution=encoding)
wo noise enabled for 3 layers (scaling_factor=18, distribution=encoding)
wo noise enabled for 1 layers (scaling_factor=22, distribution=encoding)
wffn1 noise enabled for 7 layers (scaling_factor=16, distribution=encoding)
wffn1 noise enabled for 2 layers (scaling_factor=18, distribution=encoding)
wffn1 noise enabled for 1 layers (scaling_factor=20, distribution=encoding)
wffn1 noise enabled for 2 layers (scaling_factor=22, distribution=encoding)
wffn2 noise enabled for 11 layers (scaling_factor=16, distribution=encoding)
wffn2 noise enabled for 1 layers (scaling_factor=18, distribution=encoding)
  Trial 124/200: Loss=0.3267, Acc.=0.8824, F1=0.8804, Time=31.0ms
已替换 11 层的GELU函数
已替换 1 层的GELU函数
已替换 5 层的Softmax函数
已替换 6 层的Softmax函数
已替换 1 层的Softmax函数
Input noise enabled for 10 layers (scaling_factor=24, distribution=fresh)
Input noise enabled for 1 layers (scaling_factor=26, distribution=fresh)
Input noise enabled for 1 layers (scaling_factor=30, distribution=fresh)
query noise enabled for 8 layers (scaling_factor=16, distribution=encoding)
query noise enabled for 1 layers (scaling_factor=18, distribution=encoding)
query noise enabled for 3 layers (scaling_factor=20, distribution=encoding)
key noise enabled for 10 layers (scaling_factor=16, distribution=encoding)
key noise enabled for 1 layers (scaling_factor=18, distribution=encoding)
key noise enabled for 1 layers (scaling_factor=20, distribution=encoding)
value noise enabled for 10 layers (scaling_factor=16, distribution=encoding)
value noise enabled for 2 layers (scaling_factor=18, distribution=encoding)
wo noise enabled for 8 layers (scaling_factor=16, distribution=encoding)
wo noise enabled for 3 layers (scaling_factor=18, distribution=encoding)
wo noise enabled for 1 layers (scaling_factor=22, distribution=encoding)
wffn1 noise enabled for 7 layers (scaling_factor=16, distribution=encoding)
wffn1 noise enabled for 2 layers (scaling_factor=18, distribution=encoding)
wffn1 noise enabled for 1 layers (scaling_factor=20, distribution=encoding)
wffn1 noise enabled for 2 layers (scaling_factor=22, distribution=encoding)
wffn2 noise enabled for 11 layers (scaling_factor=16, distribution=encoding)
wffn2 noise enabled for 1 layers (scaling_factor=18, distribution=encoding)
  Trial 125/200: Loss=0.3267, Acc.=0.8824, F1=0.8804, Time=30.9ms
已替换 11 层的GELU函数
已替换 1 层的GELU函数
已替换 5 层的Softmax函数
已替换 6 层的Softmax函数
已替换 1 层的Softmax函数
Input noise enabled for 10 layers (scaling_factor=24, distribution=fresh)
Input noise enabled for 1 layers (scaling_factor=26, distribution=fresh)
Input noise enabled for 1 layers (scaling_factor=30, distribution=fresh)
query noise enabled for 8 layers (scaling_factor=16, distribution=encoding)
query noise enabled for 1 layers (scaling_factor=18, distribution=encoding)
query noise enabled for 3 layers (scaling_factor=20, distribution=encoding)
key noise enabled for 10 layers (scaling_factor=16, distribution=encoding)
key noise enabled for 1 layers (scaling_factor=18, distribution=encoding)
key noise enabled for 1 layers (scaling_factor=20, distribution=encoding)
value noise enabled for 10 layers (scaling_factor=16, distribution=encoding)
value noise enabled for 2 layers (scaling_factor=18, distribution=encoding)
wo noise enabled for 8 layers (scaling_factor=16, distribution=encoding)
wo noise enabled for 3 layers (scaling_factor=18, distribution=encoding)
wo noise enabled for 1 layers (scaling_factor=22, distribution=encoding)
wffn1 noise enabled for 7 layers (scaling_factor=16, distribution=encoding)
wffn1 noise enabled for 2 layers (scaling_factor=18, distribution=encoding)
wffn1 noise enabled for 1 layers (scaling_factor=20, distribution=encoding)
wffn1 noise enabled for 2 layers (scaling_factor=22, distribution=encoding)
wffn2 noise enabled for 11 layers (scaling_factor=16, distribution=encoding)
wffn2 noise enabled for 1 layers (scaling_factor=18, distribution=encoding)
  Trial 126/200: Loss=0.3267, Acc.=0.8775, F1=0.8758, Time=30.9ms
已替换 11 层的GELU函数
已替换 1 层的GELU函数
已替换 5 层的Softmax函数
已替换 6 层的Softmax函数
已替换 1 层的Softmax函数
Input noise enabled for 10 layers (scaling_factor=24, distribution=fresh)
Input noise enabled for 1 layers (scaling_factor=26, distribution=fresh)
Input noise enabled for 1 layers (scaling_factor=30, distribution=fresh)
query noise enabled for 8 layers (scaling_factor=16, distribution=encoding)
query noise enabled for 1 layers (scaling_factor=18, distribution=encoding)
query noise enabled for 3 layers (scaling_factor=20, distribution=encoding)
key noise enabled for 10 layers (scaling_factor=16, distribution=encoding)
key noise enabled for 1 layers (scaling_factor=18, distribution=encoding)
key noise enabled for 1 layers (scaling_factor=20, distribution=encoding)
value noise enabled for 10 layers (scaling_factor=16, distribution=encoding)
value noise enabled for 2 layers (scaling_factor=18, distribution=encoding)
wo noise enabled for 8 layers (scaling_factor=16, distribution=encoding)
wo noise enabled for 3 layers (scaling_factor=18, distribution=encoding)
wo noise enabled for 1 layers (scaling_factor=22, distribution=encoding)
wffn1 noise enabled for 7 layers (scaling_factor=16, distribution=encoding)
wffn1 noise enabled for 2 layers (scaling_factor=18, distribution=encoding)
wffn1 noise enabled for 1 layers (scaling_factor=20, distribution=encoding)
wffn1 noise enabled for 2 layers (scaling_factor=22, distribution=encoding)
wffn2 noise enabled for 11 layers (scaling_factor=16, distribution=encoding)
wffn2 noise enabled for 1 layers (scaling_factor=18, distribution=encoding)
  Trial 127/200: Loss=0.3259, Acc.=0.8824, F1=0.8804, Time=30.8ms
已替换 11 层的GELU函数
已替换 1 层的GELU函数
已替换 5 层的Softmax函数
已替换 6 层的Softmax函数
已替换 1 层的Softmax函数
Input noise enabled for 10 layers (scaling_factor=24, distribution=fresh)
Input noise enabled for 1 layers (scaling_factor=26, distribution=fresh)
Input noise enabled for 1 layers (scaling_factor=30, distribution=fresh)
query noise enabled for 8 layers (scaling_factor=16, distribution=encoding)
query noise enabled for 1 layers (scaling_factor=18, distribution=encoding)
query noise enabled for 3 layers (scaling_factor=20, distribution=encoding)
key noise enabled for 10 layers (scaling_factor=16, distribution=encoding)
key noise enabled for 1 layers (scaling_factor=18, distribution=encoding)
key noise enabled for 1 layers (scaling_factor=20, distribution=encoding)
value noise enabled for 10 layers (scaling_factor=16, distribution=encoding)
value noise enabled for 2 layers (scaling_factor=18, distribution=encoding)
wo noise enabled for 8 layers (scaling_factor=16, distribution=encoding)
wo noise enabled for 3 layers (scaling_factor=18, distribution=encoding)
wo noise enabled for 1 layers (scaling_factor=22, distribution=encoding)
wffn1 noise enabled for 7 layers (scaling_factor=16, distribution=encoding)
wffn1 noise enabled for 2 layers (scaling_factor=18, distribution=encoding)
wffn1 noise enabled for 1 layers (scaling_factor=20, distribution=encoding)
wffn1 noise enabled for 2 layers (scaling_factor=22, distribution=encoding)
wffn2 noise enabled for 11 layers (scaling_factor=16, distribution=encoding)
wffn2 noise enabled for 1 layers (scaling_factor=18, distribution=encoding)
  Trial 128/200: Loss=0.3284, Acc.=0.8799, F1=0.8778, Time=31.0ms
已替换 11 层的GELU函数
已替换 1 层的GELU函数
已替换 5 层的Softmax函数
已替换 6 层的Softmax函数
已替换 1 层的Softmax函数
Input noise enabled for 10 layers (scaling_factor=24, distribution=fresh)
Input noise enabled for 1 layers (scaling_factor=26, distribution=fresh)
Input noise enabled for 1 layers (scaling_factor=30, distribution=fresh)
query noise enabled for 8 layers (scaling_factor=16, distribution=encoding)
query noise enabled for 1 layers (scaling_factor=18, distribution=encoding)
query noise enabled for 3 layers (scaling_factor=20, distribution=encoding)
key noise enabled for 10 layers (scaling_factor=16, distribution=encoding)
key noise enabled for 1 layers (scaling_factor=18, distribution=encoding)
key noise enabled for 1 layers (scaling_factor=20, distribution=encoding)
value noise enabled for 10 layers (scaling_factor=16, distribution=encoding)
value noise enabled for 2 layers (scaling_factor=18, distribution=encoding)
wo noise enabled for 8 layers (scaling_factor=16, distribution=encoding)
wo noise enabled for 3 layers (scaling_factor=18, distribution=encoding)
wo noise enabled for 1 layers (scaling_factor=22, distribution=encoding)
wffn1 noise enabled for 7 layers (scaling_factor=16, distribution=encoding)
wffn1 noise enabled for 2 layers (scaling_factor=18, distribution=encoding)
wffn1 noise enabled for 1 layers (scaling_factor=20, distribution=encoding)
wffn1 noise enabled for 2 layers (scaling_factor=22, distribution=encoding)
wffn2 noise enabled for 11 layers (scaling_factor=16, distribution=encoding)
wffn2 noise enabled for 1 layers (scaling_factor=18, distribution=encoding)
  Trial 129/200: Loss=0.3246, Acc.=0.8848, F1=0.8828, Time=31.2ms
已替换 11 层的GELU函数
已替换 1 层的GELU函数
已替换 5 层的Softmax函数
已替换 6 层的Softmax函数
已替换 1 层的Softmax函数
Input noise enabled for 10 layers (scaling_factor=24, distribution=fresh)
Input noise enabled for 1 layers (scaling_factor=26, distribution=fresh)
Input noise enabled for 1 layers (scaling_factor=30, distribution=fresh)
query noise enabled for 8 layers (scaling_factor=16, distribution=encoding)
query noise enabled for 1 layers (scaling_factor=18, distribution=encoding)
query noise enabled for 3 layers (scaling_factor=20, distribution=encoding)
key noise enabled for 10 layers (scaling_factor=16, distribution=encoding)
key noise enabled for 1 layers (scaling_factor=18, distribution=encoding)
key noise enabled for 1 layers (scaling_factor=20, distribution=encoding)
value noise enabled for 10 layers (scaling_factor=16, distribution=encoding)
value noise enabled for 2 layers (scaling_factor=18, distribution=encoding)
wo noise enabled for 8 layers (scaling_factor=16, distribution=encoding)
wo noise enabled for 3 layers (scaling_factor=18, distribution=encoding)
wo noise enabled for 1 layers (scaling_factor=22, distribution=encoding)
wffn1 noise enabled for 7 layers (scaling_factor=16, distribution=encoding)
wffn1 noise enabled for 2 layers (scaling_factor=18, distribution=encoding)
wffn1 noise enabled for 1 layers (scaling_factor=20, distribution=encoding)
wffn1 noise enabled for 2 layers (scaling_factor=22, distribution=encoding)
wffn2 noise enabled for 11 layers (scaling_factor=16, distribution=encoding)
wffn2 noise enabled for 1 layers (scaling_factor=18, distribution=encoding)
  Trial 130/200: Loss=0.3259, Acc.=0.8848, F1=0.8828, Time=31.2ms
已替换 11 层的GELU函数
已替换 1 层的GELU函数
已替换 5 层的Softmax函数
已替换 6 层的Softmax函数
已替换 1 层的Softmax函数
Input noise enabled for 10 layers (scaling_factor=24, distribution=fresh)
Input noise enabled for 1 layers (scaling_factor=26, distribution=fresh)
Input noise enabled for 1 layers (scaling_factor=30, distribution=fresh)
query noise enabled for 8 layers (scaling_factor=16, distribution=encoding)
query noise enabled for 1 layers (scaling_factor=18, distribution=encoding)
query noise enabled for 3 layers (scaling_factor=20, distribution=encoding)
key noise enabled for 10 layers (scaling_factor=16, distribution=encoding)
key noise enabled for 1 layers (scaling_factor=18, distribution=encoding)
key noise enabled for 1 layers (scaling_factor=20, distribution=encoding)
value noise enabled for 10 layers (scaling_factor=16, distribution=encoding)
value noise enabled for 2 layers (scaling_factor=18, distribution=encoding)
wo noise enabled for 8 layers (scaling_factor=16, distribution=encoding)
wo noise enabled for 3 layers (scaling_factor=18, distribution=encoding)
wo noise enabled for 1 layers (scaling_factor=22, distribution=encoding)
wffn1 noise enabled for 7 layers (scaling_factor=16, distribution=encoding)
wffn1 noise enabled for 2 layers (scaling_factor=18, distribution=encoding)
wffn1 noise enabled for 1 layers (scaling_factor=20, distribution=encoding)
wffn1 noise enabled for 2 layers (scaling_factor=22, distribution=encoding)
wffn2 noise enabled for 11 layers (scaling_factor=16, distribution=encoding)
wffn2 noise enabled for 1 layers (scaling_factor=18, distribution=encoding)
  Trial 131/200: Loss=0.3244, Acc.=0.8775, F1=0.8751, Time=31.0ms
已替换 11 层的GELU函数
已替换 1 层的GELU函数
已替换 5 层的Softmax函数
已替换 6 层的Softmax函数
已替换 1 层的Softmax函数
Input noise enabled for 10 layers (scaling_factor=24, distribution=fresh)
Input noise enabled for 1 layers (scaling_factor=26, distribution=fresh)
Input noise enabled for 1 layers (scaling_factor=30, distribution=fresh)
query noise enabled for 8 layers (scaling_factor=16, distribution=encoding)
query noise enabled for 1 layers (scaling_factor=18, distribution=encoding)
query noise enabled for 3 layers (scaling_factor=20, distribution=encoding)
key noise enabled for 10 layers (scaling_factor=16, distribution=encoding)
key noise enabled for 1 layers (scaling_factor=18, distribution=encoding)
key noise enabled for 1 layers (scaling_factor=20, distribution=encoding)
value noise enabled for 10 layers (scaling_factor=16, distribution=encoding)
value noise enabled for 2 layers (scaling_factor=18, distribution=encoding)
wo noise enabled for 8 layers (scaling_factor=16, distribution=encoding)
wo noise enabled for 3 layers (scaling_factor=18, distribution=encoding)
wo noise enabled for 1 layers (scaling_factor=22, distribution=encoding)
wffn1 noise enabled for 7 layers (scaling_factor=16, distribution=encoding)
wffn1 noise enabled for 2 layers (scaling_factor=18, distribution=encoding)
wffn1 noise enabled for 1 layers (scaling_factor=20, distribution=encoding)
wffn1 noise enabled for 2 layers (scaling_factor=22, distribution=encoding)
wffn2 noise enabled for 11 layers (scaling_factor=16, distribution=encoding)
wffn2 noise enabled for 1 layers (scaling_factor=18, distribution=encoding)
  Trial 132/200: Loss=0.3267, Acc.=0.8799, F1=0.8781, Time=31.0ms
已替换 11 层的GELU函数
已替换 1 层的GELU函数
已替换 5 层的Softmax函数
已替换 6 层的Softmax函数
已替换 1 层的Softmax函数
Input noise enabled for 10 layers (scaling_factor=24, distribution=fresh)
Input noise enabled for 1 layers (scaling_factor=26, distribution=fresh)
Input noise enabled for 1 layers (scaling_factor=30, distribution=fresh)
query noise enabled for 8 layers (scaling_factor=16, distribution=encoding)
query noise enabled for 1 layers (scaling_factor=18, distribution=encoding)
query noise enabled for 3 layers (scaling_factor=20, distribution=encoding)
key noise enabled for 10 layers (scaling_factor=16, distribution=encoding)
key noise enabled for 1 layers (scaling_factor=18, distribution=encoding)
key noise enabled for 1 layers (scaling_factor=20, distribution=encoding)
value noise enabled for 10 layers (scaling_factor=16, distribution=encoding)
value noise enabled for 2 layers (scaling_factor=18, distribution=encoding)
wo noise enabled for 8 layers (scaling_factor=16, distribution=encoding)
wo noise enabled for 3 layers (scaling_factor=18, distribution=encoding)
wo noise enabled for 1 layers (scaling_factor=22, distribution=encoding)
wffn1 noise enabled for 7 layers (scaling_factor=16, distribution=encoding)
wffn1 noise enabled for 2 layers (scaling_factor=18, distribution=encoding)
wffn1 noise enabled for 1 layers (scaling_factor=20, distribution=encoding)
wffn1 noise enabled for 2 layers (scaling_factor=22, distribution=encoding)
wffn2 noise enabled for 11 layers (scaling_factor=16, distribution=encoding)
wffn2 noise enabled for 1 layers (scaling_factor=18, distribution=encoding)
  Trial 133/200: Loss=0.3258, Acc.=0.8799, F1=0.8781, Time=31.0ms
已替换 11 层的GELU函数
已替换 1 层的GELU函数
已替换 5 层的Softmax函数
已替换 6 层的Softmax函数
已替换 1 层的Softmax函数
Input noise enabled for 10 layers (scaling_factor=24, distribution=fresh)
Input noise enabled for 1 layers (scaling_factor=26, distribution=fresh)
Input noise enabled for 1 layers (scaling_factor=30, distribution=fresh)
query noise enabled for 8 layers (scaling_factor=16, distribution=encoding)
query noise enabled for 1 layers (scaling_factor=18, distribution=encoding)
query noise enabled for 3 layers (scaling_factor=20, distribution=encoding)
key noise enabled for 10 layers (scaling_factor=16, distribution=encoding)
key noise enabled for 1 layers (scaling_factor=18, distribution=encoding)
key noise enabled for 1 layers (scaling_factor=20, distribution=encoding)
value noise enabled for 10 layers (scaling_factor=16, distribution=encoding)
value noise enabled for 2 layers (scaling_factor=18, distribution=encoding)
wo noise enabled for 8 layers (scaling_factor=16, distribution=encoding)
wo noise enabled for 3 layers (scaling_factor=18, distribution=encoding)
wo noise enabled for 1 layers (scaling_factor=22, distribution=encoding)
wffn1 noise enabled for 7 layers (scaling_factor=16, distribution=encoding)
wffn1 noise enabled for 2 layers (scaling_factor=18, distribution=encoding)
wffn1 noise enabled for 1 layers (scaling_factor=20, distribution=encoding)
wffn1 noise enabled for 2 layers (scaling_factor=22, distribution=encoding)
wffn2 noise enabled for 11 layers (scaling_factor=16, distribution=encoding)
wffn2 noise enabled for 1 layers (scaling_factor=18, distribution=encoding)
  Trial 134/200: Loss=0.3266, Acc.=0.8824, F1=0.8804, Time=31.0ms
已替换 11 层的GELU函数
已替换 1 层的GELU函数
已替换 5 层的Softmax函数
已替换 6 层的Softmax函数
已替换 1 层的Softmax函数
Input noise enabled for 10 layers (scaling_factor=24, distribution=fresh)
Input noise enabled for 1 layers (scaling_factor=26, distribution=fresh)
Input noise enabled for 1 layers (scaling_factor=30, distribution=fresh)
query noise enabled for 8 layers (scaling_factor=16, distribution=encoding)
query noise enabled for 1 layers (scaling_factor=18, distribution=encoding)
query noise enabled for 3 layers (scaling_factor=20, distribution=encoding)
key noise enabled for 10 layers (scaling_factor=16, distribution=encoding)
key noise enabled for 1 layers (scaling_factor=18, distribution=encoding)
key noise enabled for 1 layers (scaling_factor=20, distribution=encoding)
value noise enabled for 10 layers (scaling_factor=16, distribution=encoding)
value noise enabled for 2 layers (scaling_factor=18, distribution=encoding)
wo noise enabled for 8 layers (scaling_factor=16, distribution=encoding)
wo noise enabled for 3 layers (scaling_factor=18, distribution=encoding)
wo noise enabled for 1 layers (scaling_factor=22, distribution=encoding)
wffn1 noise enabled for 7 layers (scaling_factor=16, distribution=encoding)
wffn1 noise enabled for 2 layers (scaling_factor=18, distribution=encoding)
wffn1 noise enabled for 1 layers (scaling_factor=20, distribution=encoding)
wffn1 noise enabled for 2 layers (scaling_factor=22, distribution=encoding)
wffn2 noise enabled for 11 layers (scaling_factor=16, distribution=encoding)
wffn2 noise enabled for 1 layers (scaling_factor=18, distribution=encoding)
  Trial 135/200: Loss=0.3259, Acc.=0.8799, F1=0.8781, Time=31.1ms
已替换 11 层的GELU函数
已替换 1 层的GELU函数
已替换 5 层的Softmax函数
已替换 6 层的Softmax函数
已替换 1 层的Softmax函数
Input noise enabled for 10 layers (scaling_factor=24, distribution=fresh)
Input noise enabled for 1 layers (scaling_factor=26, distribution=fresh)
Input noise enabled for 1 layers (scaling_factor=30, distribution=fresh)
query noise enabled for 8 layers (scaling_factor=16, distribution=encoding)
query noise enabled for 1 layers (scaling_factor=18, distribution=encoding)
query noise enabled for 3 layers (scaling_factor=20, distribution=encoding)
key noise enabled for 10 layers (scaling_factor=16, distribution=encoding)
key noise enabled for 1 layers (scaling_factor=18, distribution=encoding)
key noise enabled for 1 layers (scaling_factor=20, distribution=encoding)
value noise enabled for 10 layers (scaling_factor=16, distribution=encoding)
value noise enabled for 2 layers (scaling_factor=18, distribution=encoding)
wo noise enabled for 8 layers (scaling_factor=16, distribution=encoding)
wo noise enabled for 3 layers (scaling_factor=18, distribution=encoding)
wo noise enabled for 1 layers (scaling_factor=22, distribution=encoding)
wffn1 noise enabled for 7 layers (scaling_factor=16, distribution=encoding)
wffn1 noise enabled for 2 layers (scaling_factor=18, distribution=encoding)
wffn1 noise enabled for 1 layers (scaling_factor=20, distribution=encoding)
wffn1 noise enabled for 2 layers (scaling_factor=22, distribution=encoding)
wffn2 noise enabled for 11 layers (scaling_factor=16, distribution=encoding)
wffn2 noise enabled for 1 layers (scaling_factor=18, distribution=encoding)
  Trial 136/200: Loss=0.3270, Acc.=0.8824, F1=0.8804, Time=31.0ms
已替换 11 层的GELU函数
已替换 1 层的GELU函数
已替换 5 层的Softmax函数
已替换 6 层的Softmax函数
已替换 1 层的Softmax函数
Input noise enabled for 10 layers (scaling_factor=24, distribution=fresh)
Input noise enabled for 1 layers (scaling_factor=26, distribution=fresh)
Input noise enabled for 1 layers (scaling_factor=30, distribution=fresh)
query noise enabled for 8 layers (scaling_factor=16, distribution=encoding)
query noise enabled for 1 layers (scaling_factor=18, distribution=encoding)
query noise enabled for 3 layers (scaling_factor=20, distribution=encoding)
key noise enabled for 10 layers (scaling_factor=16, distribution=encoding)
key noise enabled for 1 layers (scaling_factor=18, distribution=encoding)
key noise enabled for 1 layers (scaling_factor=20, distribution=encoding)
value noise enabled for 10 layers (scaling_factor=16, distribution=encoding)
value noise enabled for 2 layers (scaling_factor=18, distribution=encoding)
wo noise enabled for 8 layers (scaling_factor=16, distribution=encoding)
wo noise enabled for 3 layers (scaling_factor=18, distribution=encoding)
wo noise enabled for 1 layers (scaling_factor=22, distribution=encoding)
wffn1 noise enabled for 7 layers (scaling_factor=16, distribution=encoding)
wffn1 noise enabled for 2 layers (scaling_factor=18, distribution=encoding)
wffn1 noise enabled for 1 layers (scaling_factor=20, distribution=encoding)
wffn1 noise enabled for 2 layers (scaling_factor=22, distribution=encoding)
wffn2 noise enabled for 11 layers (scaling_factor=16, distribution=encoding)
wffn2 noise enabled for 1 layers (scaling_factor=18, distribution=encoding)
  Trial 137/200: Loss=0.3282, Acc.=0.8799, F1=0.8778, Time=30.9ms
已替换 11 层的GELU函数
已替换 1 层的GELU函数
已替换 5 层的Softmax函数
已替换 6 层的Softmax函数
已替换 1 层的Softmax函数
Input noise enabled for 10 layers (scaling_factor=24, distribution=fresh)
Input noise enabled for 1 layers (scaling_factor=26, distribution=fresh)
Input noise enabled for 1 layers (scaling_factor=30, distribution=fresh)
query noise enabled for 8 layers (scaling_factor=16, distribution=encoding)
query noise enabled for 1 layers (scaling_factor=18, distribution=encoding)
query noise enabled for 3 layers (scaling_factor=20, distribution=encoding)
key noise enabled for 10 layers (scaling_factor=16, distribution=encoding)
key noise enabled for 1 layers (scaling_factor=18, distribution=encoding)
key noise enabled for 1 layers (scaling_factor=20, distribution=encoding)
value noise enabled for 10 layers (scaling_factor=16, distribution=encoding)
value noise enabled for 2 layers (scaling_factor=18, distribution=encoding)
wo noise enabled for 8 layers (scaling_factor=16, distribution=encoding)
wo noise enabled for 3 layers (scaling_factor=18, distribution=encoding)
wo noise enabled for 1 layers (scaling_factor=22, distribution=encoding)
wffn1 noise enabled for 7 layers (scaling_factor=16, distribution=encoding)
wffn1 noise enabled for 2 layers (scaling_factor=18, distribution=encoding)
wffn1 noise enabled for 1 layers (scaling_factor=20, distribution=encoding)
wffn1 noise enabled for 2 layers (scaling_factor=22, distribution=encoding)
wffn2 noise enabled for 11 layers (scaling_factor=16, distribution=encoding)
wffn2 noise enabled for 1 layers (scaling_factor=18, distribution=encoding)
  Trial 138/200: Loss=0.3260, Acc.=0.8824, F1=0.8804, Time=30.8ms
已替换 11 层的GELU函数
已替换 1 层的GELU函数
已替换 5 层的Softmax函数
已替换 6 层的Softmax函数
已替换 1 层的Softmax函数
Input noise enabled for 10 layers (scaling_factor=24, distribution=fresh)
Input noise enabled for 1 layers (scaling_factor=26, distribution=fresh)
Input noise enabled for 1 layers (scaling_factor=30, distribution=fresh)
query noise enabled for 8 layers (scaling_factor=16, distribution=encoding)
query noise enabled for 1 layers (scaling_factor=18, distribution=encoding)
query noise enabled for 3 layers (scaling_factor=20, distribution=encoding)
key noise enabled for 10 layers (scaling_factor=16, distribution=encoding)
key noise enabled for 1 layers (scaling_factor=18, distribution=encoding)
key noise enabled for 1 layers (scaling_factor=20, distribution=encoding)
value noise enabled for 10 layers (scaling_factor=16, distribution=encoding)
value noise enabled for 2 layers (scaling_factor=18, distribution=encoding)
wo noise enabled for 8 layers (scaling_factor=16, distribution=encoding)
wo noise enabled for 3 layers (scaling_factor=18, distribution=encoding)
wo noise enabled for 1 layers (scaling_factor=22, distribution=encoding)
wffn1 noise enabled for 7 layers (scaling_factor=16, distribution=encoding)
wffn1 noise enabled for 2 layers (scaling_factor=18, distribution=encoding)
wffn1 noise enabled for 1 layers (scaling_factor=20, distribution=encoding)
wffn1 noise enabled for 2 layers (scaling_factor=22, distribution=encoding)
wffn2 noise enabled for 11 layers (scaling_factor=16, distribution=encoding)
wffn2 noise enabled for 1 layers (scaling_factor=18, distribution=encoding)
  Trial 139/200: Loss=0.3246, Acc.=0.8799, F1=0.8781, Time=30.9ms
已替换 11 层的GELU函数
已替换 1 层的GELU函数
已替换 5 层的Softmax函数
已替换 6 层的Softmax函数
已替换 1 层的Softmax函数
Input noise enabled for 10 layers (scaling_factor=24, distribution=fresh)
Input noise enabled for 1 layers (scaling_factor=26, distribution=fresh)
Input noise enabled for 1 layers (scaling_factor=30, distribution=fresh)
query noise enabled for 8 layers (scaling_factor=16, distribution=encoding)
query noise enabled for 1 layers (scaling_factor=18, distribution=encoding)
query noise enabled for 3 layers (scaling_factor=20, distribution=encoding)
key noise enabled for 10 layers (scaling_factor=16, distribution=encoding)
key noise enabled for 1 layers (scaling_factor=18, distribution=encoding)
key noise enabled for 1 layers (scaling_factor=20, distribution=encoding)
value noise enabled for 10 layers (scaling_factor=16, distribution=encoding)
value noise enabled for 2 layers (scaling_factor=18, distribution=encoding)
wo noise enabled for 8 layers (scaling_factor=16, distribution=encoding)
wo noise enabled for 3 layers (scaling_factor=18, distribution=encoding)
wo noise enabled for 1 layers (scaling_factor=22, distribution=encoding)
wffn1 noise enabled for 7 layers (scaling_factor=16, distribution=encoding)
wffn1 noise enabled for 2 layers (scaling_factor=18, distribution=encoding)
wffn1 noise enabled for 1 layers (scaling_factor=20, distribution=encoding)
wffn1 noise enabled for 2 layers (scaling_factor=22, distribution=encoding)
wffn2 noise enabled for 11 layers (scaling_factor=16, distribution=encoding)
wffn2 noise enabled for 1 layers (scaling_factor=18, distribution=encoding)
  Trial 140/200: Loss=0.3264, Acc.=0.8824, F1=0.8804, Time=31.0ms
已替换 11 层的GELU函数
已替换 1 层的GELU函数
已替换 5 层的Softmax函数
已替换 6 层的Softmax函数
已替换 1 层的Softmax函数
Input noise enabled for 10 layers (scaling_factor=24, distribution=fresh)
Input noise enabled for 1 layers (scaling_factor=26, distribution=fresh)
Input noise enabled for 1 layers (scaling_factor=30, distribution=fresh)
query noise enabled for 8 layers (scaling_factor=16, distribution=encoding)
query noise enabled for 1 layers (scaling_factor=18, distribution=encoding)
query noise enabled for 3 layers (scaling_factor=20, distribution=encoding)
key noise enabled for 10 layers (scaling_factor=16, distribution=encoding)
key noise enabled for 1 layers (scaling_factor=18, distribution=encoding)
key noise enabled for 1 layers (scaling_factor=20, distribution=encoding)
value noise enabled for 10 layers (scaling_factor=16, distribution=encoding)
value noise enabled for 2 layers (scaling_factor=18, distribution=encoding)
wo noise enabled for 8 layers (scaling_factor=16, distribution=encoding)
wo noise enabled for 3 layers (scaling_factor=18, distribution=encoding)
wo noise enabled for 1 layers (scaling_factor=22, distribution=encoding)
wffn1 noise enabled for 7 layers (scaling_factor=16, distribution=encoding)
wffn1 noise enabled for 2 layers (scaling_factor=18, distribution=encoding)
wffn1 noise enabled for 1 layers (scaling_factor=20, distribution=encoding)
wffn1 noise enabled for 2 layers (scaling_factor=22, distribution=encoding)
wffn2 noise enabled for 11 layers (scaling_factor=16, distribution=encoding)
wffn2 noise enabled for 1 layers (scaling_factor=18, distribution=encoding)
  Trial 141/200: Loss=0.3282, Acc.=0.8799, F1=0.8781, Time=31.0ms
已替换 11 层的GELU函数
已替换 1 层的GELU函数
已替换 5 层的Softmax函数
已替换 6 层的Softmax函数
已替换 1 层的Softmax函数
Input noise enabled for 10 layers (scaling_factor=24, distribution=fresh)
Input noise enabled for 1 layers (scaling_factor=26, distribution=fresh)
Input noise enabled for 1 layers (scaling_factor=30, distribution=fresh)
query noise enabled for 8 layers (scaling_factor=16, distribution=encoding)
query noise enabled for 1 layers (scaling_factor=18, distribution=encoding)
query noise enabled for 3 layers (scaling_factor=20, distribution=encoding)
key noise enabled for 10 layers (scaling_factor=16, distribution=encoding)
key noise enabled for 1 layers (scaling_factor=18, distribution=encoding)
key noise enabled for 1 layers (scaling_factor=20, distribution=encoding)
value noise enabled for 10 layers (scaling_factor=16, distribution=encoding)
value noise enabled for 2 layers (scaling_factor=18, distribution=encoding)
wo noise enabled for 8 layers (scaling_factor=16, distribution=encoding)
wo noise enabled for 3 layers (scaling_factor=18, distribution=encoding)
wo noise enabled for 1 layers (scaling_factor=22, distribution=encoding)
wffn1 noise enabled for 7 layers (scaling_factor=16, distribution=encoding)
wffn1 noise enabled for 2 layers (scaling_factor=18, distribution=encoding)
wffn1 noise enabled for 1 layers (scaling_factor=20, distribution=encoding)
wffn1 noise enabled for 2 layers (scaling_factor=22, distribution=encoding)
wffn2 noise enabled for 11 layers (scaling_factor=16, distribution=encoding)
wffn2 noise enabled for 1 layers (scaling_factor=18, distribution=encoding)
  Trial 142/200: Loss=0.3256, Acc.=0.8775, F1=0.8758, Time=31.0ms
已替换 11 层的GELU函数
已替换 1 层的GELU函数
已替换 5 层的Softmax函数
已替换 6 层的Softmax函数
已替换 1 层的Softmax函数
Input noise enabled for 10 layers (scaling_factor=24, distribution=fresh)
Input noise enabled for 1 layers (scaling_factor=26, distribution=fresh)
Input noise enabled for 1 layers (scaling_factor=30, distribution=fresh)
query noise enabled for 8 layers (scaling_factor=16, distribution=encoding)
query noise enabled for 1 layers (scaling_factor=18, distribution=encoding)
query noise enabled for 3 layers (scaling_factor=20, distribution=encoding)
key noise enabled for 10 layers (scaling_factor=16, distribution=encoding)
key noise enabled for 1 layers (scaling_factor=18, distribution=encoding)
key noise enabled for 1 layers (scaling_factor=20, distribution=encoding)
value noise enabled for 10 layers (scaling_factor=16, distribution=encoding)
value noise enabled for 2 layers (scaling_factor=18, distribution=encoding)
wo noise enabled for 8 layers (scaling_factor=16, distribution=encoding)
wo noise enabled for 3 layers (scaling_factor=18, distribution=encoding)
wo noise enabled for 1 layers (scaling_factor=22, distribution=encoding)
wffn1 noise enabled for 7 layers (scaling_factor=16, distribution=encoding)
wffn1 noise enabled for 2 layers (scaling_factor=18, distribution=encoding)
wffn1 noise enabled for 1 layers (scaling_factor=20, distribution=encoding)
wffn1 noise enabled for 2 layers (scaling_factor=22, distribution=encoding)
wffn2 noise enabled for 11 layers (scaling_factor=16, distribution=encoding)
wffn2 noise enabled for 1 layers (scaling_factor=18, distribution=encoding)
  Trial 143/200: Loss=0.3244, Acc.=0.8848, F1=0.8831, Time=31.1ms
已替换 11 层的GELU函数
已替换 1 层的GELU函数
已替换 5 层的Softmax函数
已替换 6 层的Softmax函数
已替换 1 层的Softmax函数
Input noise enabled for 10 layers (scaling_factor=24, distribution=fresh)
Input noise enabled for 1 layers (scaling_factor=26, distribution=fresh)
Input noise enabled for 1 layers (scaling_factor=30, distribution=fresh)
query noise enabled for 8 layers (scaling_factor=16, distribution=encoding)
query noise enabled for 1 layers (scaling_factor=18, distribution=encoding)
query noise enabled for 3 layers (scaling_factor=20, distribution=encoding)
key noise enabled for 10 layers (scaling_factor=16, distribution=encoding)
key noise enabled for 1 layers (scaling_factor=18, distribution=encoding)
key noise enabled for 1 layers (scaling_factor=20, distribution=encoding)
value noise enabled for 10 layers (scaling_factor=16, distribution=encoding)
value noise enabled for 2 layers (scaling_factor=18, distribution=encoding)
wo noise enabled for 8 layers (scaling_factor=16, distribution=encoding)
wo noise enabled for 3 layers (scaling_factor=18, distribution=encoding)
wo noise enabled for 1 layers (scaling_factor=22, distribution=encoding)
wffn1 noise enabled for 7 layers (scaling_factor=16, distribution=encoding)
wffn1 noise enabled for 2 layers (scaling_factor=18, distribution=encoding)
wffn1 noise enabled for 1 layers (scaling_factor=20, distribution=encoding)
wffn1 noise enabled for 2 layers (scaling_factor=22, distribution=encoding)
wffn2 noise enabled for 11 layers (scaling_factor=16, distribution=encoding)
wffn2 noise enabled for 1 layers (scaling_factor=18, distribution=encoding)
  Trial 144/200: Loss=0.3265, Acc.=0.8824, F1=0.8804, Time=30.8ms
已替换 11 层的GELU函数
已替换 1 层的GELU函数
已替换 5 层的Softmax函数
已替换 6 层的Softmax函数
已替换 1 层的Softmax函数
Input noise enabled for 10 layers (scaling_factor=24, distribution=fresh)
Input noise enabled for 1 layers (scaling_factor=26, distribution=fresh)
Input noise enabled for 1 layers (scaling_factor=30, distribution=fresh)
query noise enabled for 8 layers (scaling_factor=16, distribution=encoding)
query noise enabled for 1 layers (scaling_factor=18, distribution=encoding)
query noise enabled for 3 layers (scaling_factor=20, distribution=encoding)
key noise enabled for 10 layers (scaling_factor=16, distribution=encoding)
key noise enabled for 1 layers (scaling_factor=18, distribution=encoding)
key noise enabled for 1 layers (scaling_factor=20, distribution=encoding)
value noise enabled for 10 layers (scaling_factor=16, distribution=encoding)
value noise enabled for 2 layers (scaling_factor=18, distribution=encoding)
wo noise enabled for 8 layers (scaling_factor=16, distribution=encoding)
wo noise enabled for 3 layers (scaling_factor=18, distribution=encoding)
wo noise enabled for 1 layers (scaling_factor=22, distribution=encoding)
wffn1 noise enabled for 7 layers (scaling_factor=16, distribution=encoding)
wffn1 noise enabled for 2 layers (scaling_factor=18, distribution=encoding)
wffn1 noise enabled for 1 layers (scaling_factor=20, distribution=encoding)
wffn1 noise enabled for 2 layers (scaling_factor=22, distribution=encoding)
wffn2 noise enabled for 11 layers (scaling_factor=16, distribution=encoding)
wffn2 noise enabled for 1 layers (scaling_factor=18, distribution=encoding)
  Trial 145/200: Loss=0.3264, Acc.=0.8824, F1=0.8804, Time=30.9ms
已替换 11 层的GELU函数
已替换 1 层的GELU函数
已替换 5 层的Softmax函数
已替换 6 层的Softmax函数
已替换 1 层的Softmax函数
Input noise enabled for 10 layers (scaling_factor=24, distribution=fresh)
Input noise enabled for 1 layers (scaling_factor=26, distribution=fresh)
Input noise enabled for 1 layers (scaling_factor=30, distribution=fresh)
query noise enabled for 8 layers (scaling_factor=16, distribution=encoding)
query noise enabled for 1 layers (scaling_factor=18, distribution=encoding)
query noise enabled for 3 layers (scaling_factor=20, distribution=encoding)
key noise enabled for 10 layers (scaling_factor=16, distribution=encoding)
key noise enabled for 1 layers (scaling_factor=18, distribution=encoding)
key noise enabled for 1 layers (scaling_factor=20, distribution=encoding)
value noise enabled for 10 layers (scaling_factor=16, distribution=encoding)
value noise enabled for 2 layers (scaling_factor=18, distribution=encoding)
wo noise enabled for 8 layers (scaling_factor=16, distribution=encoding)
wo noise enabled for 3 layers (scaling_factor=18, distribution=encoding)
wo noise enabled for 1 layers (scaling_factor=22, distribution=encoding)
wffn1 noise enabled for 7 layers (scaling_factor=16, distribution=encoding)
wffn1 noise enabled for 2 layers (scaling_factor=18, distribution=encoding)
wffn1 noise enabled for 1 layers (scaling_factor=20, distribution=encoding)
wffn1 noise enabled for 2 layers (scaling_factor=22, distribution=encoding)
wffn2 noise enabled for 11 layers (scaling_factor=16, distribution=encoding)
wffn2 noise enabled for 1 layers (scaling_factor=18, distribution=encoding)
  Trial 146/200: Loss=0.3256, Acc.=0.8775, F1=0.8754, Time=31.0ms
已替换 11 层的GELU函数
已替换 1 层的GELU函数
已替换 5 层的Softmax函数
已替换 6 层的Softmax函数
已替换 1 层的Softmax函数
Input noise enabled for 10 layers (scaling_factor=24, distribution=fresh)
Input noise enabled for 1 layers (scaling_factor=26, distribution=fresh)
Input noise enabled for 1 layers (scaling_factor=30, distribution=fresh)
query noise enabled for 8 layers (scaling_factor=16, distribution=encoding)
query noise enabled for 1 layers (scaling_factor=18, distribution=encoding)
query noise enabled for 3 layers (scaling_factor=20, distribution=encoding)
key noise enabled for 10 layers (scaling_factor=16, distribution=encoding)
key noise enabled for 1 layers (scaling_factor=18, distribution=encoding)
key noise enabled for 1 layers (scaling_factor=20, distribution=encoding)
value noise enabled for 10 layers (scaling_factor=16, distribution=encoding)
value noise enabled for 2 layers (scaling_factor=18, distribution=encoding)
wo noise enabled for 8 layers (scaling_factor=16, distribution=encoding)
wo noise enabled for 3 layers (scaling_factor=18, distribution=encoding)
wo noise enabled for 1 layers (scaling_factor=22, distribution=encoding)
wffn1 noise enabled for 7 layers (scaling_factor=16, distribution=encoding)
wffn1 noise enabled for 2 layers (scaling_factor=18, distribution=encoding)
wffn1 noise enabled for 1 layers (scaling_factor=20, distribution=encoding)
wffn1 noise enabled for 2 layers (scaling_factor=22, distribution=encoding)
wffn2 noise enabled for 11 layers (scaling_factor=16, distribution=encoding)
wffn2 noise enabled for 1 layers (scaling_factor=18, distribution=encoding)
  Trial 147/200: Loss=0.3259, Acc.=0.8799, F1=0.8781, Time=31.1ms
已替换 11 层的GELU函数
已替换 1 层的GELU函数
已替换 5 层的Softmax函数
已替换 6 层的Softmax函数
已替换 1 层的Softmax函数
Input noise enabled for 10 layers (scaling_factor=24, distribution=fresh)
Input noise enabled for 1 layers (scaling_factor=26, distribution=fresh)
Input noise enabled for 1 layers (scaling_factor=30, distribution=fresh)
query noise enabled for 8 layers (scaling_factor=16, distribution=encoding)
query noise enabled for 1 layers (scaling_factor=18, distribution=encoding)
query noise enabled for 3 layers (scaling_factor=20, distribution=encoding)
key noise enabled for 10 layers (scaling_factor=16, distribution=encoding)
key noise enabled for 1 layers (scaling_factor=18, distribution=encoding)
key noise enabled for 1 layers (scaling_factor=20, distribution=encoding)
value noise enabled for 10 layers (scaling_factor=16, distribution=encoding)
value noise enabled for 2 layers (scaling_factor=18, distribution=encoding)
wo noise enabled for 8 layers (scaling_factor=16, distribution=encoding)
wo noise enabled for 3 layers (scaling_factor=18, distribution=encoding)
wo noise enabled for 1 layers (scaling_factor=22, distribution=encoding)
wffn1 noise enabled for 7 layers (scaling_factor=16, distribution=encoding)
wffn1 noise enabled for 2 layers (scaling_factor=18, distribution=encoding)
wffn1 noise enabled for 1 layers (scaling_factor=20, distribution=encoding)
wffn1 noise enabled for 2 layers (scaling_factor=22, distribution=encoding)
wffn2 noise enabled for 11 layers (scaling_factor=16, distribution=encoding)
wffn2 noise enabled for 1 layers (scaling_factor=18, distribution=encoding)
  Trial 148/200: Loss=0.3289, Acc.=0.8824, F1=0.8804, Time=31.0ms
已替换 11 层的GELU函数
已替换 1 层的GELU函数
已替换 5 层的Softmax函数
已替换 6 层的Softmax函数
已替换 1 层的Softmax函数
Input noise enabled for 10 layers (scaling_factor=24, distribution=fresh)
Input noise enabled for 1 layers (scaling_factor=26, distribution=fresh)
Input noise enabled for 1 layers (scaling_factor=30, distribution=fresh)
query noise enabled for 8 layers (scaling_factor=16, distribution=encoding)
query noise enabled for 1 layers (scaling_factor=18, distribution=encoding)
query noise enabled for 3 layers (scaling_factor=20, distribution=encoding)
key noise enabled for 10 layers (scaling_factor=16, distribution=encoding)
key noise enabled for 1 layers (scaling_factor=18, distribution=encoding)
key noise enabled for 1 layers (scaling_factor=20, distribution=encoding)
value noise enabled for 10 layers (scaling_factor=16, distribution=encoding)
value noise enabled for 2 layers (scaling_factor=18, distribution=encoding)
wo noise enabled for 8 layers (scaling_factor=16, distribution=encoding)
wo noise enabled for 3 layers (scaling_factor=18, distribution=encoding)
wo noise enabled for 1 layers (scaling_factor=22, distribution=encoding)
wffn1 noise enabled for 7 layers (scaling_factor=16, distribution=encoding)
wffn1 noise enabled for 2 layers (scaling_factor=18, distribution=encoding)
wffn1 noise enabled for 1 layers (scaling_factor=20, distribution=encoding)
wffn1 noise enabled for 2 layers (scaling_factor=22, distribution=encoding)
wffn2 noise enabled for 11 layers (scaling_factor=16, distribution=encoding)
wffn2 noise enabled for 1 layers (scaling_factor=18, distribution=encoding)
  Trial 149/200: Loss=0.3255, Acc.=0.8824, F1=0.8804, Time=31.0ms
已替换 11 层的GELU函数
已替换 1 层的GELU函数
已替换 5 层的Softmax函数
已替换 6 层的Softmax函数
已替换 1 层的Softmax函数
Input noise enabled for 10 layers (scaling_factor=24, distribution=fresh)
Input noise enabled for 1 layers (scaling_factor=26, distribution=fresh)
Input noise enabled for 1 layers (scaling_factor=30, distribution=fresh)
query noise enabled for 8 layers (scaling_factor=16, distribution=encoding)
query noise enabled for 1 layers (scaling_factor=18, distribution=encoding)
query noise enabled for 3 layers (scaling_factor=20, distribution=encoding)
key noise enabled for 10 layers (scaling_factor=16, distribution=encoding)
key noise enabled for 1 layers (scaling_factor=18, distribution=encoding)
key noise enabled for 1 layers (scaling_factor=20, distribution=encoding)
value noise enabled for 10 layers (scaling_factor=16, distribution=encoding)
value noise enabled for 2 layers (scaling_factor=18, distribution=encoding)
wo noise enabled for 8 layers (scaling_factor=16, distribution=encoding)
wo noise enabled for 3 layers (scaling_factor=18, distribution=encoding)
wo noise enabled for 1 layers (scaling_factor=22, distribution=encoding)
wffn1 noise enabled for 7 layers (scaling_factor=16, distribution=encoding)
wffn1 noise enabled for 2 layers (scaling_factor=18, distribution=encoding)
wffn1 noise enabled for 1 layers (scaling_factor=20, distribution=encoding)
wffn1 noise enabled for 2 layers (scaling_factor=22, distribution=encoding)
wffn2 noise enabled for 11 layers (scaling_factor=16, distribution=encoding)
wffn2 noise enabled for 1 layers (scaling_factor=18, distribution=encoding)
  Trial 150/200: Loss=0.3271, Acc.=0.8799, F1=0.8781, Time=30.8ms
已替换 11 层的GELU函数
已替换 1 层的GELU函数
已替换 5 层的Softmax函数
已替换 6 层的Softmax函数
已替换 1 层的Softmax函数
Input noise enabled for 10 layers (scaling_factor=24, distribution=fresh)
Input noise enabled for 1 layers (scaling_factor=26, distribution=fresh)
Input noise enabled for 1 layers (scaling_factor=30, distribution=fresh)
query noise enabled for 8 layers (scaling_factor=16, distribution=encoding)
query noise enabled for 1 layers (scaling_factor=18, distribution=encoding)
query noise enabled for 3 layers (scaling_factor=20, distribution=encoding)
key noise enabled for 10 layers (scaling_factor=16, distribution=encoding)
key noise enabled for 1 layers (scaling_factor=18, distribution=encoding)
key noise enabled for 1 layers (scaling_factor=20, distribution=encoding)
value noise enabled for 10 layers (scaling_factor=16, distribution=encoding)
value noise enabled for 2 layers (scaling_factor=18, distribution=encoding)
wo noise enabled for 8 layers (scaling_factor=16, distribution=encoding)
wo noise enabled for 3 layers (scaling_factor=18, distribution=encoding)
wo noise enabled for 1 layers (scaling_factor=22, distribution=encoding)
wffn1 noise enabled for 7 layers (scaling_factor=16, distribution=encoding)
wffn1 noise enabled for 2 layers (scaling_factor=18, distribution=encoding)
wffn1 noise enabled for 1 layers (scaling_factor=20, distribution=encoding)
wffn1 noise enabled for 2 layers (scaling_factor=22, distribution=encoding)
wffn2 noise enabled for 11 layers (scaling_factor=16, distribution=encoding)
wffn2 noise enabled for 1 layers (scaling_factor=18, distribution=encoding)
  Trial 151/200: Loss=0.3264, Acc.=0.8799, F1=0.8781, Time=31.0ms
已替换 11 层的GELU函数
已替换 1 层的GELU函数
已替换 5 层的Softmax函数
已替换 6 层的Softmax函数
已替换 1 层的Softmax函数
Input noise enabled for 10 layers (scaling_factor=24, distribution=fresh)
Input noise enabled for 1 layers (scaling_factor=26, distribution=fresh)
Input noise enabled for 1 layers (scaling_factor=30, distribution=fresh)
query noise enabled for 8 layers (scaling_factor=16, distribution=encoding)
query noise enabled for 1 layers (scaling_factor=18, distribution=encoding)
query noise enabled for 3 layers (scaling_factor=20, distribution=encoding)
key noise enabled for 10 layers (scaling_factor=16, distribution=encoding)
key noise enabled for 1 layers (scaling_factor=18, distribution=encoding)
key noise enabled for 1 layers (scaling_factor=20, distribution=encoding)
value noise enabled for 10 layers (scaling_factor=16, distribution=encoding)
value noise enabled for 2 layers (scaling_factor=18, distribution=encoding)
wo noise enabled for 8 layers (scaling_factor=16, distribution=encoding)
wo noise enabled for 3 layers (scaling_factor=18, distribution=encoding)
wo noise enabled for 1 layers (scaling_factor=22, distribution=encoding)
wffn1 noise enabled for 7 layers (scaling_factor=16, distribution=encoding)
wffn1 noise enabled for 2 layers (scaling_factor=18, distribution=encoding)
wffn1 noise enabled for 1 layers (scaling_factor=20, distribution=encoding)
wffn1 noise enabled for 2 layers (scaling_factor=22, distribution=encoding)
wffn2 noise enabled for 11 layers (scaling_factor=16, distribution=encoding)
wffn2 noise enabled for 1 layers (scaling_factor=18, distribution=encoding)
  Trial 152/200: Loss=0.3272, Acc.=0.8799, F1=0.8781, Time=31.0ms
已替换 11 层的GELU函数
已替换 1 层的GELU函数
已替换 5 层的Softmax函数
已替换 6 层的Softmax函数
已替换 1 层的Softmax函数
Input noise enabled for 10 layers (scaling_factor=24, distribution=fresh)
Input noise enabled for 1 layers (scaling_factor=26, distribution=fresh)
Input noise enabled for 1 layers (scaling_factor=30, distribution=fresh)
query noise enabled for 8 layers (scaling_factor=16, distribution=encoding)
query noise enabled for 1 layers (scaling_factor=18, distribution=encoding)
query noise enabled for 3 layers (scaling_factor=20, distribution=encoding)
key noise enabled for 10 layers (scaling_factor=16, distribution=encoding)
key noise enabled for 1 layers (scaling_factor=18, distribution=encoding)
key noise enabled for 1 layers (scaling_factor=20, distribution=encoding)
value noise enabled for 10 layers (scaling_factor=16, distribution=encoding)
value noise enabled for 2 layers (scaling_factor=18, distribution=encoding)
wo noise enabled for 8 layers (scaling_factor=16, distribution=encoding)
wo noise enabled for 3 layers (scaling_factor=18, distribution=encoding)
wo noise enabled for 1 layers (scaling_factor=22, distribution=encoding)
wffn1 noise enabled for 7 layers (scaling_factor=16, distribution=encoding)
wffn1 noise enabled for 2 layers (scaling_factor=18, distribution=encoding)
wffn1 noise enabled for 1 layers (scaling_factor=20, distribution=encoding)
wffn1 noise enabled for 2 layers (scaling_factor=22, distribution=encoding)
wffn2 noise enabled for 11 layers (scaling_factor=16, distribution=encoding)
wffn2 noise enabled for 1 layers (scaling_factor=18, distribution=encoding)
  Trial 153/200: Loss=0.3276, Acc.=0.8799, F1=0.8781, Time=31.0ms
已替换 11 层的GELU函数
已替换 1 层的GELU函数
已替换 5 层的Softmax函数
已替换 6 层的Softmax函数
已替换 1 层的Softmax函数
Input noise enabled for 10 layers (scaling_factor=24, distribution=fresh)
Input noise enabled for 1 layers (scaling_factor=26, distribution=fresh)
Input noise enabled for 1 layers (scaling_factor=30, distribution=fresh)
query noise enabled for 8 layers (scaling_factor=16, distribution=encoding)
query noise enabled for 1 layers (scaling_factor=18, distribution=encoding)
query noise enabled for 3 layers (scaling_factor=20, distribution=encoding)
key noise enabled for 10 layers (scaling_factor=16, distribution=encoding)
key noise enabled for 1 layers (scaling_factor=18, distribution=encoding)
key noise enabled for 1 layers (scaling_factor=20, distribution=encoding)
value noise enabled for 10 layers (scaling_factor=16, distribution=encoding)
value noise enabled for 2 layers (scaling_factor=18, distribution=encoding)
wo noise enabled for 8 layers (scaling_factor=16, distribution=encoding)
wo noise enabled for 3 layers (scaling_factor=18, distribution=encoding)
wo noise enabled for 1 layers (scaling_factor=22, distribution=encoding)
wffn1 noise enabled for 7 layers (scaling_factor=16, distribution=encoding)
wffn1 noise enabled for 2 layers (scaling_factor=18, distribution=encoding)
wffn1 noise enabled for 1 layers (scaling_factor=20, distribution=encoding)
wffn1 noise enabled for 2 layers (scaling_factor=22, distribution=encoding)
wffn2 noise enabled for 11 layers (scaling_factor=16, distribution=encoding)
wffn2 noise enabled for 1 layers (scaling_factor=18, distribution=encoding)
  Trial 154/200: Loss=0.3267, Acc.=0.8799, F1=0.8778, Time=31.1ms
已替换 11 层的GELU函数
已替换 1 层的GELU函数
已替换 5 层的Softmax函数
已替换 6 层的Softmax函数
已替换 1 层的Softmax函数
Input noise enabled for 10 layers (scaling_factor=24, distribution=fresh)
Input noise enabled for 1 layers (scaling_factor=26, distribution=fresh)
Input noise enabled for 1 layers (scaling_factor=30, distribution=fresh)
query noise enabled for 8 layers (scaling_factor=16, distribution=encoding)
query noise enabled for 1 layers (scaling_factor=18, distribution=encoding)
query noise enabled for 3 layers (scaling_factor=20, distribution=encoding)
key noise enabled for 10 layers (scaling_factor=16, distribution=encoding)
key noise enabled for 1 layers (scaling_factor=18, distribution=encoding)
key noise enabled for 1 layers (scaling_factor=20, distribution=encoding)
value noise enabled for 10 layers (scaling_factor=16, distribution=encoding)
value noise enabled for 2 layers (scaling_factor=18, distribution=encoding)
wo noise enabled for 8 layers (scaling_factor=16, distribution=encoding)
wo noise enabled for 3 layers (scaling_factor=18, distribution=encoding)
wo noise enabled for 1 layers (scaling_factor=22, distribution=encoding)
wffn1 noise enabled for 7 layers (scaling_factor=16, distribution=encoding)
wffn1 noise enabled for 2 layers (scaling_factor=18, distribution=encoding)
wffn1 noise enabled for 1 layers (scaling_factor=20, distribution=encoding)
wffn1 noise enabled for 2 layers (scaling_factor=22, distribution=encoding)
wffn2 noise enabled for 11 layers (scaling_factor=16, distribution=encoding)
wffn2 noise enabled for 1 layers (scaling_factor=18, distribution=encoding)
  Trial 155/200: Loss=0.3248, Acc.=0.8824, F1=0.8804, Time=31.0ms
已替换 11 层的GELU函数
已替换 1 层的GELU函数
已替换 5 层的Softmax函数
已替换 6 层的Softmax函数
已替换 1 层的Softmax函数
Input noise enabled for 10 layers (scaling_factor=24, distribution=fresh)
Input noise enabled for 1 layers (scaling_factor=26, distribution=fresh)
Input noise enabled for 1 layers (scaling_factor=30, distribution=fresh)
query noise enabled for 8 layers (scaling_factor=16, distribution=encoding)
query noise enabled for 1 layers (scaling_factor=18, distribution=encoding)
query noise enabled for 3 layers (scaling_factor=20, distribution=encoding)
key noise enabled for 10 layers (scaling_factor=16, distribution=encoding)
key noise enabled for 1 layers (scaling_factor=18, distribution=encoding)
key noise enabled for 1 layers (scaling_factor=20, distribution=encoding)
value noise enabled for 10 layers (scaling_factor=16, distribution=encoding)
value noise enabled for 2 layers (scaling_factor=18, distribution=encoding)
wo noise enabled for 8 layers (scaling_factor=16, distribution=encoding)
wo noise enabled for 3 layers (scaling_factor=18, distribution=encoding)
wo noise enabled for 1 layers (scaling_factor=22, distribution=encoding)
wffn1 noise enabled for 7 layers (scaling_factor=16, distribution=encoding)
wffn1 noise enabled for 2 layers (scaling_factor=18, distribution=encoding)
wffn1 noise enabled for 1 layers (scaling_factor=20, distribution=encoding)
wffn1 noise enabled for 2 layers (scaling_factor=22, distribution=encoding)
wffn2 noise enabled for 11 layers (scaling_factor=16, distribution=encoding)
wffn2 noise enabled for 1 layers (scaling_factor=18, distribution=encoding)
  Trial 156/200: Loss=0.3275, Acc.=0.8824, F1=0.8804, Time=30.9ms
已替换 11 层的GELU函数
已替换 1 层的GELU函数
已替换 5 层的Softmax函数
已替换 6 层的Softmax函数
已替换 1 层的Softmax函数
Input noise enabled for 10 layers (scaling_factor=24, distribution=fresh)
Input noise enabled for 1 layers (scaling_factor=26, distribution=fresh)
Input noise enabled for 1 layers (scaling_factor=30, distribution=fresh)
query noise enabled for 8 layers (scaling_factor=16, distribution=encoding)
query noise enabled for 1 layers (scaling_factor=18, distribution=encoding)
query noise enabled for 3 layers (scaling_factor=20, distribution=encoding)
key noise enabled for 10 layers (scaling_factor=16, distribution=encoding)
key noise enabled for 1 layers (scaling_factor=18, distribution=encoding)
key noise enabled for 1 layers (scaling_factor=20, distribution=encoding)
value noise enabled for 10 layers (scaling_factor=16, distribution=encoding)
value noise enabled for 2 layers (scaling_factor=18, distribution=encoding)
wo noise enabled for 8 layers (scaling_factor=16, distribution=encoding)
wo noise enabled for 3 layers (scaling_factor=18, distribution=encoding)
wo noise enabled for 1 layers (scaling_factor=22, distribution=encoding)
wffn1 noise enabled for 7 layers (scaling_factor=16, distribution=encoding)
wffn1 noise enabled for 2 layers (scaling_factor=18, distribution=encoding)
wffn1 noise enabled for 1 layers (scaling_factor=20, distribution=encoding)
wffn1 noise enabled for 2 layers (scaling_factor=22, distribution=encoding)
wffn2 noise enabled for 11 layers (scaling_factor=16, distribution=encoding)
wffn2 noise enabled for 1 layers (scaling_factor=18, distribution=encoding)
  Trial 157/200: Loss=0.3273, Acc.=0.8824, F1=0.8804, Time=31.0ms
已替换 11 层的GELU函数
已替换 1 层的GELU函数
已替换 5 层的Softmax函数
已替换 6 层的Softmax函数
已替换 1 层的Softmax函数
Input noise enabled for 10 layers (scaling_factor=24, distribution=fresh)
Input noise enabled for 1 layers (scaling_factor=26, distribution=fresh)
Input noise enabled for 1 layers (scaling_factor=30, distribution=fresh)
query noise enabled for 8 layers (scaling_factor=16, distribution=encoding)
query noise enabled for 1 layers (scaling_factor=18, distribution=encoding)
query noise enabled for 3 layers (scaling_factor=20, distribution=encoding)
key noise enabled for 10 layers (scaling_factor=16, distribution=encoding)
key noise enabled for 1 layers (scaling_factor=18, distribution=encoding)
key noise enabled for 1 layers (scaling_factor=20, distribution=encoding)
value noise enabled for 10 layers (scaling_factor=16, distribution=encoding)
value noise enabled for 2 layers (scaling_factor=18, distribution=encoding)
wo noise enabled for 8 layers (scaling_factor=16, distribution=encoding)
wo noise enabled for 3 layers (scaling_factor=18, distribution=encoding)
wo noise enabled for 1 layers (scaling_factor=22, distribution=encoding)
wffn1 noise enabled for 7 layers (scaling_factor=16, distribution=encoding)
wffn1 noise enabled for 2 layers (scaling_factor=18, distribution=encoding)
wffn1 noise enabled for 1 layers (scaling_factor=20, distribution=encoding)
wffn1 noise enabled for 2 layers (scaling_factor=22, distribution=encoding)
wffn2 noise enabled for 11 layers (scaling_factor=16, distribution=encoding)
wffn2 noise enabled for 1 layers (scaling_factor=18, distribution=encoding)
  Trial 158/200: Loss=0.3251, Acc.=0.8824, F1=0.8804, Time=31.1ms
已替换 11 层的GELU函数
已替换 1 层的GELU函数
已替换 5 层的Softmax函数
已替换 6 层的Softmax函数
已替换 1 层的Softmax函数
Input noise enabled for 10 layers (scaling_factor=24, distribution=fresh)
Input noise enabled for 1 layers (scaling_factor=26, distribution=fresh)
Input noise enabled for 1 layers (scaling_factor=30, distribution=fresh)
query noise enabled for 8 layers (scaling_factor=16, distribution=encoding)
query noise enabled for 1 layers (scaling_factor=18, distribution=encoding)
query noise enabled for 3 layers (scaling_factor=20, distribution=encoding)
key noise enabled for 10 layers (scaling_factor=16, distribution=encoding)
key noise enabled for 1 layers (scaling_factor=18, distribution=encoding)
key noise enabled for 1 layers (scaling_factor=20, distribution=encoding)
value noise enabled for 10 layers (scaling_factor=16, distribution=encoding)
value noise enabled for 2 layers (scaling_factor=18, distribution=encoding)
wo noise enabled for 8 layers (scaling_factor=16, distribution=encoding)
wo noise enabled for 3 layers (scaling_factor=18, distribution=encoding)
wo noise enabled for 1 layers (scaling_factor=22, distribution=encoding)
wffn1 noise enabled for 7 layers (scaling_factor=16, distribution=encoding)
wffn1 noise enabled for 2 layers (scaling_factor=18, distribution=encoding)
wffn1 noise enabled for 1 layers (scaling_factor=20, distribution=encoding)
wffn1 noise enabled for 2 layers (scaling_factor=22, distribution=encoding)
wffn2 noise enabled for 11 layers (scaling_factor=16, distribution=encoding)
wffn2 noise enabled for 1 layers (scaling_factor=18, distribution=encoding)
  Trial 159/200: Loss=0.3261, Acc.=0.8824, F1=0.8804, Time=31.1ms
已替换 11 层的GELU函数
已替换 1 层的GELU函数
已替换 5 层的Softmax函数
已替换 6 层的Softmax函数
已替换 1 层的Softmax函数
Input noise enabled for 10 layers (scaling_factor=24, distribution=fresh)
Input noise enabled for 1 layers (scaling_factor=26, distribution=fresh)
Input noise enabled for 1 layers (scaling_factor=30, distribution=fresh)
query noise enabled for 8 layers (scaling_factor=16, distribution=encoding)
query noise enabled for 1 layers (scaling_factor=18, distribution=encoding)
query noise enabled for 3 layers (scaling_factor=20, distribution=encoding)
key noise enabled for 10 layers (scaling_factor=16, distribution=encoding)
key noise enabled for 1 layers (scaling_factor=18, distribution=encoding)
key noise enabled for 1 layers (scaling_factor=20, distribution=encoding)
value noise enabled for 10 layers (scaling_factor=16, distribution=encoding)
value noise enabled for 2 layers (scaling_factor=18, distribution=encoding)
wo noise enabled for 8 layers (scaling_factor=16, distribution=encoding)
wo noise enabled for 3 layers (scaling_factor=18, distribution=encoding)
wo noise enabled for 1 layers (scaling_factor=22, distribution=encoding)
wffn1 noise enabled for 7 layers (scaling_factor=16, distribution=encoding)
wffn1 noise enabled for 2 layers (scaling_factor=18, distribution=encoding)
wffn1 noise enabled for 1 layers (scaling_factor=20, distribution=encoding)
wffn1 noise enabled for 2 layers (scaling_factor=22, distribution=encoding)
wffn2 noise enabled for 11 layers (scaling_factor=16, distribution=encoding)
wffn2 noise enabled for 1 layers (scaling_factor=18, distribution=encoding)
  Trial 160/200: Loss=0.3255, Acc.=0.8824, F1=0.8804, Time=31.0ms
已替换 11 层的GELU函数
已替换 1 层的GELU函数
已替换 5 层的Softmax函数
已替换 6 层的Softmax函数
已替换 1 层的Softmax函数
Input noise enabled for 10 layers (scaling_factor=24, distribution=fresh)
Input noise enabled for 1 layers (scaling_factor=26, distribution=fresh)
Input noise enabled for 1 layers (scaling_factor=30, distribution=fresh)
query noise enabled for 8 layers (scaling_factor=16, distribution=encoding)
query noise enabled for 1 layers (scaling_factor=18, distribution=encoding)
query noise enabled for 3 layers (scaling_factor=20, distribution=encoding)
key noise enabled for 10 layers (scaling_factor=16, distribution=encoding)
key noise enabled for 1 layers (scaling_factor=18, distribution=encoding)
key noise enabled for 1 layers (scaling_factor=20, distribution=encoding)
value noise enabled for 10 layers (scaling_factor=16, distribution=encoding)
value noise enabled for 2 layers (scaling_factor=18, distribution=encoding)
wo noise enabled for 8 layers (scaling_factor=16, distribution=encoding)
wo noise enabled for 3 layers (scaling_factor=18, distribution=encoding)
wo noise enabled for 1 layers (scaling_factor=22, distribution=encoding)
wffn1 noise enabled for 7 layers (scaling_factor=16, distribution=encoding)
wffn1 noise enabled for 2 layers (scaling_factor=18, distribution=encoding)
wffn1 noise enabled for 1 layers (scaling_factor=20, distribution=encoding)
wffn1 noise enabled for 2 layers (scaling_factor=22, distribution=encoding)
wffn2 noise enabled for 11 layers (scaling_factor=16, distribution=encoding)
wffn2 noise enabled for 1 layers (scaling_factor=18, distribution=encoding)
  Trial 161/200: Loss=0.3275, Acc.=0.8799, F1=0.8781, Time=31.0ms
已替换 11 层的GELU函数
已替换 1 层的GELU函数
已替换 5 层的Softmax函数
已替换 6 层的Softmax函数
已替换 1 层的Softmax函数
Input noise enabled for 10 layers (scaling_factor=24, distribution=fresh)
Input noise enabled for 1 layers (scaling_factor=26, distribution=fresh)
Input noise enabled for 1 layers (scaling_factor=30, distribution=fresh)
query noise enabled for 8 layers (scaling_factor=16, distribution=encoding)
query noise enabled for 1 layers (scaling_factor=18, distribution=encoding)
query noise enabled for 3 layers (scaling_factor=20, distribution=encoding)
key noise enabled for 10 layers (scaling_factor=16, distribution=encoding)
key noise enabled for 1 layers (scaling_factor=18, distribution=encoding)
key noise enabled for 1 layers (scaling_factor=20, distribution=encoding)
value noise enabled for 10 layers (scaling_factor=16, distribution=encoding)
value noise enabled for 2 layers (scaling_factor=18, distribution=encoding)
wo noise enabled for 8 layers (scaling_factor=16, distribution=encoding)
wo noise enabled for 3 layers (scaling_factor=18, distribution=encoding)
wo noise enabled for 1 layers (scaling_factor=22, distribution=encoding)
wffn1 noise enabled for 7 layers (scaling_factor=16, distribution=encoding)
wffn1 noise enabled for 2 layers (scaling_factor=18, distribution=encoding)
wffn1 noise enabled for 1 layers (scaling_factor=20, distribution=encoding)
wffn1 noise enabled for 2 layers (scaling_factor=22, distribution=encoding)
wffn2 noise enabled for 11 layers (scaling_factor=16, distribution=encoding)
wffn2 noise enabled for 1 layers (scaling_factor=18, distribution=encoding)
  Trial 162/200: Loss=0.3251, Acc.=0.8824, F1=0.8804, Time=30.9ms
已替换 11 层的GELU函数
已替换 1 层的GELU函数
已替换 5 层的Softmax函数
已替换 6 层的Softmax函数
已替换 1 层的Softmax函数
Input noise enabled for 10 layers (scaling_factor=24, distribution=fresh)
Input noise enabled for 1 layers (scaling_factor=26, distribution=fresh)
Input noise enabled for 1 layers (scaling_factor=30, distribution=fresh)
query noise enabled for 8 layers (scaling_factor=16, distribution=encoding)
query noise enabled for 1 layers (scaling_factor=18, distribution=encoding)
query noise enabled for 3 layers (scaling_factor=20, distribution=encoding)
key noise enabled for 10 layers (scaling_factor=16, distribution=encoding)
key noise enabled for 1 layers (scaling_factor=18, distribution=encoding)
key noise enabled for 1 layers (scaling_factor=20, distribution=encoding)
value noise enabled for 10 layers (scaling_factor=16, distribution=encoding)
value noise enabled for 2 layers (scaling_factor=18, distribution=encoding)
wo noise enabled for 8 layers (scaling_factor=16, distribution=encoding)
wo noise enabled for 3 layers (scaling_factor=18, distribution=encoding)
wo noise enabled for 1 layers (scaling_factor=22, distribution=encoding)
wffn1 noise enabled for 7 layers (scaling_factor=16, distribution=encoding)
wffn1 noise enabled for 2 layers (scaling_factor=18, distribution=encoding)
wffn1 noise enabled for 1 layers (scaling_factor=20, distribution=encoding)
wffn1 noise enabled for 2 layers (scaling_factor=22, distribution=encoding)
wffn2 noise enabled for 11 layers (scaling_factor=16, distribution=encoding)
wffn2 noise enabled for 1 layers (scaling_factor=18, distribution=encoding)
  Trial 163/200: Loss=0.3257, Acc.=0.8824, F1=0.8804, Time=31.1ms
已替换 11 层的GELU函数
已替换 1 层的GELU函数
已替换 5 层的Softmax函数
已替换 6 层的Softmax函数
已替换 1 层的Softmax函数
Input noise enabled for 10 layers (scaling_factor=24, distribution=fresh)
Input noise enabled for 1 layers (scaling_factor=26, distribution=fresh)
Input noise enabled for 1 layers (scaling_factor=30, distribution=fresh)
query noise enabled for 8 layers (scaling_factor=16, distribution=encoding)
query noise enabled for 1 layers (scaling_factor=18, distribution=encoding)
query noise enabled for 3 layers (scaling_factor=20, distribution=encoding)
key noise enabled for 10 layers (scaling_factor=16, distribution=encoding)
key noise enabled for 1 layers (scaling_factor=18, distribution=encoding)
key noise enabled for 1 layers (scaling_factor=20, distribution=encoding)
value noise enabled for 10 layers (scaling_factor=16, distribution=encoding)
value noise enabled for 2 layers (scaling_factor=18, distribution=encoding)
wo noise enabled for 8 layers (scaling_factor=16, distribution=encoding)
wo noise enabled for 3 layers (scaling_factor=18, distribution=encoding)
wo noise enabled for 1 layers (scaling_factor=22, distribution=encoding)
wffn1 noise enabled for 7 layers (scaling_factor=16, distribution=encoding)
wffn1 noise enabled for 2 layers (scaling_factor=18, distribution=encoding)
wffn1 noise enabled for 1 layers (scaling_factor=20, distribution=encoding)
wffn1 noise enabled for 2 layers (scaling_factor=22, distribution=encoding)
wffn2 noise enabled for 11 layers (scaling_factor=16, distribution=encoding)
wffn2 noise enabled for 1 layers (scaling_factor=18, distribution=encoding)
  Trial 164/200: Loss=0.3266, Acc.=0.8799, F1=0.8781, Time=31.0ms
已替换 11 层的GELU函数
已替换 1 层的GELU函数
已替换 5 层的Softmax函数
已替换 6 层的Softmax函数
已替换 1 层的Softmax函数
Input noise enabled for 10 layers (scaling_factor=24, distribution=fresh)
Input noise enabled for 1 layers (scaling_factor=26, distribution=fresh)
Input noise enabled for 1 layers (scaling_factor=30, distribution=fresh)
query noise enabled for 8 layers (scaling_factor=16, distribution=encoding)
query noise enabled for 1 layers (scaling_factor=18, distribution=encoding)
query noise enabled for 3 layers (scaling_factor=20, distribution=encoding)
key noise enabled for 10 layers (scaling_factor=16, distribution=encoding)
key noise enabled for 1 layers (scaling_factor=18, distribution=encoding)
key noise enabled for 1 layers (scaling_factor=20, distribution=encoding)
value noise enabled for 10 layers (scaling_factor=16, distribution=encoding)
value noise enabled for 2 layers (scaling_factor=18, distribution=encoding)
wo noise enabled for 8 layers (scaling_factor=16, distribution=encoding)
wo noise enabled for 3 layers (scaling_factor=18, distribution=encoding)
wo noise enabled for 1 layers (scaling_factor=22, distribution=encoding)
wffn1 noise enabled for 7 layers (scaling_factor=16, distribution=encoding)
wffn1 noise enabled for 2 layers (scaling_factor=18, distribution=encoding)
wffn1 noise enabled for 1 layers (scaling_factor=20, distribution=encoding)
wffn1 noise enabled for 2 layers (scaling_factor=22, distribution=encoding)
wffn2 noise enabled for 11 layers (scaling_factor=16, distribution=encoding)
wffn2 noise enabled for 1 layers (scaling_factor=18, distribution=encoding)
  Trial 165/200: Loss=0.3255, Acc.=0.8799, F1=0.8781, Time=31.0ms
已替换 11 层的GELU函数
已替换 1 层的GELU函数
已替换 5 层的Softmax函数
已替换 6 层的Softmax函数
已替换 1 层的Softmax函数
Input noise enabled for 10 layers (scaling_factor=24, distribution=fresh)
Input noise enabled for 1 layers (scaling_factor=26, distribution=fresh)
Input noise enabled for 1 layers (scaling_factor=30, distribution=fresh)
query noise enabled for 8 layers (scaling_factor=16, distribution=encoding)
query noise enabled for 1 layers (scaling_factor=18, distribution=encoding)
query noise enabled for 3 layers (scaling_factor=20, distribution=encoding)
key noise enabled for 10 layers (scaling_factor=16, distribution=encoding)
key noise enabled for 1 layers (scaling_factor=18, distribution=encoding)
key noise enabled for 1 layers (scaling_factor=20, distribution=encoding)
value noise enabled for 10 layers (scaling_factor=16, distribution=encoding)
value noise enabled for 2 layers (scaling_factor=18, distribution=encoding)
wo noise enabled for 8 layers (scaling_factor=16, distribution=encoding)
wo noise enabled for 3 layers (scaling_factor=18, distribution=encoding)
wo noise enabled for 1 layers (scaling_factor=22, distribution=encoding)
wffn1 noise enabled for 7 layers (scaling_factor=16, distribution=encoding)
wffn1 noise enabled for 2 layers (scaling_factor=18, distribution=encoding)
wffn1 noise enabled for 1 layers (scaling_factor=20, distribution=encoding)
wffn1 noise enabled for 2 layers (scaling_factor=22, distribution=encoding)
wffn2 noise enabled for 11 layers (scaling_factor=16, distribution=encoding)
wffn2 noise enabled for 1 layers (scaling_factor=18, distribution=encoding)
  Trial 166/200: Loss=0.3246, Acc.=0.8799, F1=0.8778, Time=31.0ms
已替换 11 层的GELU函数
已替换 1 层的GELU函数
已替换 5 层的Softmax函数
已替换 6 层的Softmax函数
已替换 1 层的Softmax函数
Input noise enabled for 10 layers (scaling_factor=24, distribution=fresh)
Input noise enabled for 1 layers (scaling_factor=26, distribution=fresh)
Input noise enabled for 1 layers (scaling_factor=30, distribution=fresh)
query noise enabled for 8 layers (scaling_factor=16, distribution=encoding)
query noise enabled for 1 layers (scaling_factor=18, distribution=encoding)
query noise enabled for 3 layers (scaling_factor=20, distribution=encoding)
key noise enabled for 10 layers (scaling_factor=16, distribution=encoding)
key noise enabled for 1 layers (scaling_factor=18, distribution=encoding)
key noise enabled for 1 layers (scaling_factor=20, distribution=encoding)
value noise enabled for 10 layers (scaling_factor=16, distribution=encoding)
value noise enabled for 2 layers (scaling_factor=18, distribution=encoding)
wo noise enabled for 8 layers (scaling_factor=16, distribution=encoding)
wo noise enabled for 3 layers (scaling_factor=18, distribution=encoding)
wo noise enabled for 1 layers (scaling_factor=22, distribution=encoding)
wffn1 noise enabled for 7 layers (scaling_factor=16, distribution=encoding)
wffn1 noise enabled for 2 layers (scaling_factor=18, distribution=encoding)
wffn1 noise enabled for 1 layers (scaling_factor=20, distribution=encoding)
wffn1 noise enabled for 2 layers (scaling_factor=22, distribution=encoding)
wffn2 noise enabled for 11 layers (scaling_factor=16, distribution=encoding)
wffn2 noise enabled for 1 layers (scaling_factor=18, distribution=encoding)
  Trial 167/200: Loss=0.3258, Acc.=0.8775, F1=0.8758, Time=31.0ms
已替换 11 层的GELU函数
已替换 1 层的GELU函数
已替换 5 层的Softmax函数
已替换 6 层的Softmax函数
已替换 1 层的Softmax函数
Input noise enabled for 10 layers (scaling_factor=24, distribution=fresh)
Input noise enabled for 1 layers (scaling_factor=26, distribution=fresh)
Input noise enabled for 1 layers (scaling_factor=30, distribution=fresh)
query noise enabled for 8 layers (scaling_factor=16, distribution=encoding)
query noise enabled for 1 layers (scaling_factor=18, distribution=encoding)
query noise enabled for 3 layers (scaling_factor=20, distribution=encoding)
key noise enabled for 10 layers (scaling_factor=16, distribution=encoding)
key noise enabled for 1 layers (scaling_factor=18, distribution=encoding)
key noise enabled for 1 layers (scaling_factor=20, distribution=encoding)
value noise enabled for 10 layers (scaling_factor=16, distribution=encoding)
value noise enabled for 2 layers (scaling_factor=18, distribution=encoding)
wo noise enabled for 8 layers (scaling_factor=16, distribution=encoding)
wo noise enabled for 3 layers (scaling_factor=18, distribution=encoding)
wo noise enabled for 1 layers (scaling_factor=22, distribution=encoding)
wffn1 noise enabled for 7 layers (scaling_factor=16, distribution=encoding)
wffn1 noise enabled for 2 layers (scaling_factor=18, distribution=encoding)
wffn1 noise enabled for 1 layers (scaling_factor=20, distribution=encoding)
wffn1 noise enabled for 2 layers (scaling_factor=22, distribution=encoding)
wffn2 noise enabled for 11 layers (scaling_factor=16, distribution=encoding)
wffn2 noise enabled for 1 layers (scaling_factor=18, distribution=encoding)
  Trial 168/200: Loss=0.3272, Acc.=0.8799, F1=0.8781, Time=30.9ms
已替换 11 层的GELU函数
已替换 1 层的GELU函数
已替换 5 层的Softmax函数
已替换 6 层的Softmax函数
已替换 1 层的Softmax函数
Input noise enabled for 10 layers (scaling_factor=24, distribution=fresh)
Input noise enabled for 1 layers (scaling_factor=26, distribution=fresh)
Input noise enabled for 1 layers (scaling_factor=30, distribution=fresh)
query noise enabled for 8 layers (scaling_factor=16, distribution=encoding)
query noise enabled for 1 layers (scaling_factor=18, distribution=encoding)
query noise enabled for 3 layers (scaling_factor=20, distribution=encoding)
key noise enabled for 10 layers (scaling_factor=16, distribution=encoding)
key noise enabled for 1 layers (scaling_factor=18, distribution=encoding)
key noise enabled for 1 layers (scaling_factor=20, distribution=encoding)
value noise enabled for 10 layers (scaling_factor=16, distribution=encoding)
value noise enabled for 2 layers (scaling_factor=18, distribution=encoding)
wo noise enabled for 8 layers (scaling_factor=16, distribution=encoding)
wo noise enabled for 3 layers (scaling_factor=18, distribution=encoding)
wo noise enabled for 1 layers (scaling_factor=22, distribution=encoding)
wffn1 noise enabled for 7 layers (scaling_factor=16, distribution=encoding)
wffn1 noise enabled for 2 layers (scaling_factor=18, distribution=encoding)
wffn1 noise enabled for 1 layers (scaling_factor=20, distribution=encoding)
wffn1 noise enabled for 2 layers (scaling_factor=22, distribution=encoding)
wffn2 noise enabled for 11 layers (scaling_factor=16, distribution=encoding)
wffn2 noise enabled for 1 layers (scaling_factor=18, distribution=encoding)
  Trial 169/200: Loss=0.3287, Acc.=0.8799, F1=0.8781, Time=31.0ms
已替换 11 层的GELU函数
已替换 1 层的GELU函数
已替换 5 层的Softmax函数
已替换 6 层的Softmax函数
已替换 1 层的Softmax函数
Input noise enabled for 10 layers (scaling_factor=24, distribution=fresh)
Input noise enabled for 1 layers (scaling_factor=26, distribution=fresh)
Input noise enabled for 1 layers (scaling_factor=30, distribution=fresh)
query noise enabled for 8 layers (scaling_factor=16, distribution=encoding)
query noise enabled for 1 layers (scaling_factor=18, distribution=encoding)
query noise enabled for 3 layers (scaling_factor=20, distribution=encoding)
key noise enabled for 10 layers (scaling_factor=16, distribution=encoding)
key noise enabled for 1 layers (scaling_factor=18, distribution=encoding)
key noise enabled for 1 layers (scaling_factor=20, distribution=encoding)
value noise enabled for 10 layers (scaling_factor=16, distribution=encoding)
value noise enabled for 2 layers (scaling_factor=18, distribution=encoding)
wo noise enabled for 8 layers (scaling_factor=16, distribution=encoding)
wo noise enabled for 3 layers (scaling_factor=18, distribution=encoding)
wo noise enabled for 1 layers (scaling_factor=22, distribution=encoding)
wffn1 noise enabled for 7 layers (scaling_factor=16, distribution=encoding)
wffn1 noise enabled for 2 layers (scaling_factor=18, distribution=encoding)
wffn1 noise enabled for 1 layers (scaling_factor=20, distribution=encoding)
wffn1 noise enabled for 2 layers (scaling_factor=22, distribution=encoding)
wffn2 noise enabled for 11 layers (scaling_factor=16, distribution=encoding)
wffn2 noise enabled for 1 layers (scaling_factor=18, distribution=encoding)
  Trial 170/200: Loss=0.3288, Acc.=0.8799, F1=0.8781, Time=31.0ms
已替换 11 层的GELU函数
已替换 1 层的GELU函数
已替换 5 层的Softmax函数
已替换 6 层的Softmax函数
已替换 1 层的Softmax函数
Input noise enabled for 10 layers (scaling_factor=24, distribution=fresh)
Input noise enabled for 1 layers (scaling_factor=26, distribution=fresh)
Input noise enabled for 1 layers (scaling_factor=30, distribution=fresh)
query noise enabled for 8 layers (scaling_factor=16, distribution=encoding)
query noise enabled for 1 layers (scaling_factor=18, distribution=encoding)
query noise enabled for 3 layers (scaling_factor=20, distribution=encoding)
key noise enabled for 10 layers (scaling_factor=16, distribution=encoding)
key noise enabled for 1 layers (scaling_factor=18, distribution=encoding)
key noise enabled for 1 layers (scaling_factor=20, distribution=encoding)
value noise enabled for 10 layers (scaling_factor=16, distribution=encoding)
value noise enabled for 2 layers (scaling_factor=18, distribution=encoding)
wo noise enabled for 8 layers (scaling_factor=16, distribution=encoding)
wo noise enabled for 3 layers (scaling_factor=18, distribution=encoding)
wo noise enabled for 1 layers (scaling_factor=22, distribution=encoding)
wffn1 noise enabled for 7 layers (scaling_factor=16, distribution=encoding)
wffn1 noise enabled for 2 layers (scaling_factor=18, distribution=encoding)
wffn1 noise enabled for 1 layers (scaling_factor=20, distribution=encoding)
wffn1 noise enabled for 2 layers (scaling_factor=22, distribution=encoding)
wffn2 noise enabled for 11 layers (scaling_factor=16, distribution=encoding)
wffn2 noise enabled for 1 layers (scaling_factor=18, distribution=encoding)
  Trial 171/200: Loss=0.3256, Acc.=0.8824, F1=0.8801, Time=31.0ms
已替换 11 层的GELU函数
已替换 1 层的GELU函数
已替换 5 层的Softmax函数
已替换 6 层的Softmax函数
已替换 1 层的Softmax函数
Input noise enabled for 10 layers (scaling_factor=24, distribution=fresh)
Input noise enabled for 1 layers (scaling_factor=26, distribution=fresh)
Input noise enabled for 1 layers (scaling_factor=30, distribution=fresh)
query noise enabled for 8 layers (scaling_factor=16, distribution=encoding)
query noise enabled for 1 layers (scaling_factor=18, distribution=encoding)
query noise enabled for 3 layers (scaling_factor=20, distribution=encoding)
key noise enabled for 10 layers (scaling_factor=16, distribution=encoding)
key noise enabled for 1 layers (scaling_factor=18, distribution=encoding)
key noise enabled for 1 layers (scaling_factor=20, distribution=encoding)
value noise enabled for 10 layers (scaling_factor=16, distribution=encoding)
value noise enabled for 2 layers (scaling_factor=18, distribution=encoding)
wo noise enabled for 8 layers (scaling_factor=16, distribution=encoding)
wo noise enabled for 3 layers (scaling_factor=18, distribution=encoding)
wo noise enabled for 1 layers (scaling_factor=22, distribution=encoding)
wffn1 noise enabled for 7 layers (scaling_factor=16, distribution=encoding)
wffn1 noise enabled for 2 layers (scaling_factor=18, distribution=encoding)
wffn1 noise enabled for 1 layers (scaling_factor=20, distribution=encoding)
wffn1 noise enabled for 2 layers (scaling_factor=22, distribution=encoding)
wffn2 noise enabled for 11 layers (scaling_factor=16, distribution=encoding)
wffn2 noise enabled for 1 layers (scaling_factor=18, distribution=encoding)
  Trial 172/200: Loss=0.3255, Acc.=0.8799, F1=0.8781, Time=30.9ms
已替换 11 层的GELU函数
已替换 1 层的GELU函数
已替换 5 层的Softmax函数
已替换 6 层的Softmax函数
已替换 1 层的Softmax函数
Input noise enabled for 10 layers (scaling_factor=24, distribution=fresh)
Input noise enabled for 1 layers (scaling_factor=26, distribution=fresh)
Input noise enabled for 1 layers (scaling_factor=30, distribution=fresh)
query noise enabled for 8 layers (scaling_factor=16, distribution=encoding)
query noise enabled for 1 layers (scaling_factor=18, distribution=encoding)
query noise enabled for 3 layers (scaling_factor=20, distribution=encoding)
key noise enabled for 10 layers (scaling_factor=16, distribution=encoding)
key noise enabled for 1 layers (scaling_factor=18, distribution=encoding)
key noise enabled for 1 layers (scaling_factor=20, distribution=encoding)
value noise enabled for 10 layers (scaling_factor=16, distribution=encoding)
value noise enabled for 2 layers (scaling_factor=18, distribution=encoding)
wo noise enabled for 8 layers (scaling_factor=16, distribution=encoding)
wo noise enabled for 3 layers (scaling_factor=18, distribution=encoding)
wo noise enabled for 1 layers (scaling_factor=22, distribution=encoding)
wffn1 noise enabled for 7 layers (scaling_factor=16, distribution=encoding)
wffn1 noise enabled for 2 layers (scaling_factor=18, distribution=encoding)
wffn1 noise enabled for 1 layers (scaling_factor=20, distribution=encoding)
wffn1 noise enabled for 2 layers (scaling_factor=22, distribution=encoding)
wffn2 noise enabled for 11 layers (scaling_factor=16, distribution=encoding)
wffn2 noise enabled for 1 layers (scaling_factor=18, distribution=encoding)
  Trial 173/200: Loss=0.3281, Acc.=0.8799, F1=0.8781, Time=30.9ms
已替换 11 层的GELU函数
已替换 1 层的GELU函数
已替换 5 层的Softmax函数
已替换 6 层的Softmax函数
已替换 1 层的Softmax函数
Input noise enabled for 10 layers (scaling_factor=24, distribution=fresh)
Input noise enabled for 1 layers (scaling_factor=26, distribution=fresh)
Input noise enabled for 1 layers (scaling_factor=30, distribution=fresh)
query noise enabled for 8 layers (scaling_factor=16, distribution=encoding)
query noise enabled for 1 layers (scaling_factor=18, distribution=encoding)
query noise enabled for 3 layers (scaling_factor=20, distribution=encoding)
key noise enabled for 10 layers (scaling_factor=16, distribution=encoding)
key noise enabled for 1 layers (scaling_factor=18, distribution=encoding)
key noise enabled for 1 layers (scaling_factor=20, distribution=encoding)
value noise enabled for 10 layers (scaling_factor=16, distribution=encoding)
value noise enabled for 2 layers (scaling_factor=18, distribution=encoding)
wo noise enabled for 8 layers (scaling_factor=16, distribution=encoding)
wo noise enabled for 3 layers (scaling_factor=18, distribution=encoding)
wo noise enabled for 1 layers (scaling_factor=22, distribution=encoding)
wffn1 noise enabled for 7 layers (scaling_factor=16, distribution=encoding)
wffn1 noise enabled for 2 layers (scaling_factor=18, distribution=encoding)
wffn1 noise enabled for 1 layers (scaling_factor=20, distribution=encoding)
wffn1 noise enabled for 2 layers (scaling_factor=22, distribution=encoding)
wffn2 noise enabled for 11 layers (scaling_factor=16, distribution=encoding)
wffn2 noise enabled for 1 layers (scaling_factor=18, distribution=encoding)
  Trial 174/200: Loss=0.3266, Acc.=0.8799, F1=0.8778, Time=30.9ms
已替换 11 层的GELU函数
已替换 1 层的GELU函数
已替换 5 层的Softmax函数
已替换 6 层的Softmax函数
已替换 1 层的Softmax函数
Input noise enabled for 10 layers (scaling_factor=24, distribution=fresh)
Input noise enabled for 1 layers (scaling_factor=26, distribution=fresh)
Input noise enabled for 1 layers (scaling_factor=30, distribution=fresh)
query noise enabled for 8 layers (scaling_factor=16, distribution=encoding)
query noise enabled for 1 layers (scaling_factor=18, distribution=encoding)
query noise enabled for 3 layers (scaling_factor=20, distribution=encoding)
key noise enabled for 10 layers (scaling_factor=16, distribution=encoding)
key noise enabled for 1 layers (scaling_factor=18, distribution=encoding)
key noise enabled for 1 layers (scaling_factor=20, distribution=encoding)
value noise enabled for 10 layers (scaling_factor=16, distribution=encoding)
value noise enabled for 2 layers (scaling_factor=18, distribution=encoding)
wo noise enabled for 8 layers (scaling_factor=16, distribution=encoding)
wo noise enabled for 3 layers (scaling_factor=18, distribution=encoding)
wo noise enabled for 1 layers (scaling_factor=22, distribution=encoding)
wffn1 noise enabled for 7 layers (scaling_factor=16, distribution=encoding)
wffn1 noise enabled for 2 layers (scaling_factor=18, distribution=encoding)
wffn1 noise enabled for 1 layers (scaling_factor=20, distribution=encoding)
wffn1 noise enabled for 2 layers (scaling_factor=22, distribution=encoding)
wffn2 noise enabled for 11 layers (scaling_factor=16, distribution=encoding)
wffn2 noise enabled for 1 layers (scaling_factor=18, distribution=encoding)
  Trial 175/200: Loss=0.3270, Acc.=0.8799, F1=0.8781, Time=31.0ms
已替换 11 层的GELU函数
已替换 1 层的GELU函数
已替换 5 层的Softmax函数
已替换 6 层的Softmax函数
已替换 1 层的Softmax函数
Input noise enabled for 10 layers (scaling_factor=24, distribution=fresh)
Input noise enabled for 1 layers (scaling_factor=26, distribution=fresh)
Input noise enabled for 1 layers (scaling_factor=30, distribution=fresh)
query noise enabled for 8 layers (scaling_factor=16, distribution=encoding)
query noise enabled for 1 layers (scaling_factor=18, distribution=encoding)
query noise enabled for 3 layers (scaling_factor=20, distribution=encoding)
key noise enabled for 10 layers (scaling_factor=16, distribution=encoding)
key noise enabled for 1 layers (scaling_factor=18, distribution=encoding)
key noise enabled for 1 layers (scaling_factor=20, distribution=encoding)
value noise enabled for 10 layers (scaling_factor=16, distribution=encoding)
value noise enabled for 2 layers (scaling_factor=18, distribution=encoding)
wo noise enabled for 8 layers (scaling_factor=16, distribution=encoding)
wo noise enabled for 3 layers (scaling_factor=18, distribution=encoding)
wo noise enabled for 1 layers (scaling_factor=22, distribution=encoding)
wffn1 noise enabled for 7 layers (scaling_factor=16, distribution=encoding)
wffn1 noise enabled for 2 layers (scaling_factor=18, distribution=encoding)
wffn1 noise enabled for 1 layers (scaling_factor=20, distribution=encoding)
wffn1 noise enabled for 2 layers (scaling_factor=22, distribution=encoding)
wffn2 noise enabled for 11 layers (scaling_factor=16, distribution=encoding)
wffn2 noise enabled for 1 layers (scaling_factor=18, distribution=encoding)
  Trial 176/200: Loss=0.3281, Acc.=0.8799, F1=0.8778, Time=30.9ms
已替换 11 层的GELU函数
已替换 1 层的GELU函数
已替换 5 层的Softmax函数
已替换 6 层的Softmax函数
已替换 1 层的Softmax函数
Input noise enabled for 10 layers (scaling_factor=24, distribution=fresh)
Input noise enabled for 1 layers (scaling_factor=26, distribution=fresh)
Input noise enabled for 1 layers (scaling_factor=30, distribution=fresh)
query noise enabled for 8 layers (scaling_factor=16, distribution=encoding)
query noise enabled for 1 layers (scaling_factor=18, distribution=encoding)
query noise enabled for 3 layers (scaling_factor=20, distribution=encoding)
key noise enabled for 10 layers (scaling_factor=16, distribution=encoding)
key noise enabled for 1 layers (scaling_factor=18, distribution=encoding)
key noise enabled for 1 layers (scaling_factor=20, distribution=encoding)
value noise enabled for 10 layers (scaling_factor=16, distribution=encoding)
value noise enabled for 2 layers (scaling_factor=18, distribution=encoding)
wo noise enabled for 8 layers (scaling_factor=16, distribution=encoding)
wo noise enabled for 3 layers (scaling_factor=18, distribution=encoding)
wo noise enabled for 1 layers (scaling_factor=22, distribution=encoding)
wffn1 noise enabled for 7 layers (scaling_factor=16, distribution=encoding)
wffn1 noise enabled for 2 layers (scaling_factor=18, distribution=encoding)
wffn1 noise enabled for 1 layers (scaling_factor=20, distribution=encoding)
wffn1 noise enabled for 2 layers (scaling_factor=22, distribution=encoding)
wffn2 noise enabled for 11 layers (scaling_factor=16, distribution=encoding)
wffn2 noise enabled for 1 layers (scaling_factor=18, distribution=encoding)
  Trial 177/200: Loss=0.3257, Acc.=0.8824, F1=0.8804, Time=31.0ms
已替换 11 层的GELU函数
已替换 1 层的GELU函数
已替换 5 层的Softmax函数
已替换 6 层的Softmax函数
已替换 1 层的Softmax函数
Input noise enabled for 10 layers (scaling_factor=24, distribution=fresh)
Input noise enabled for 1 layers (scaling_factor=26, distribution=fresh)
Input noise enabled for 1 layers (scaling_factor=30, distribution=fresh)
query noise enabled for 8 layers (scaling_factor=16, distribution=encoding)
query noise enabled for 1 layers (scaling_factor=18, distribution=encoding)
query noise enabled for 3 layers (scaling_factor=20, distribution=encoding)
key noise enabled for 10 layers (scaling_factor=16, distribution=encoding)
key noise enabled for 1 layers (scaling_factor=18, distribution=encoding)
key noise enabled for 1 layers (scaling_factor=20, distribution=encoding)
value noise enabled for 10 layers (scaling_factor=16, distribution=encoding)
value noise enabled for 2 layers (scaling_factor=18, distribution=encoding)
wo noise enabled for 8 layers (scaling_factor=16, distribution=encoding)
wo noise enabled for 3 layers (scaling_factor=18, distribution=encoding)
wo noise enabled for 1 layers (scaling_factor=22, distribution=encoding)
wffn1 noise enabled for 7 layers (scaling_factor=16, distribution=encoding)
wffn1 noise enabled for 2 layers (scaling_factor=18, distribution=encoding)
wffn1 noise enabled for 1 layers (scaling_factor=20, distribution=encoding)
wffn1 noise enabled for 2 layers (scaling_factor=22, distribution=encoding)
wffn2 noise enabled for 11 layers (scaling_factor=16, distribution=encoding)
wffn2 noise enabled for 1 layers (scaling_factor=18, distribution=encoding)
  Trial 178/200: Loss=0.3244, Acc.=0.8824, F1=0.8804, Time=31.0ms
已替换 11 层的GELU函数
已替换 1 层的GELU函数
已替换 5 层的Softmax函数
已替换 6 层的Softmax函数
已替换 1 层的Softmax函数
Input noise enabled for 10 layers (scaling_factor=24, distribution=fresh)
Input noise enabled for 1 layers (scaling_factor=26, distribution=fresh)
Input noise enabled for 1 layers (scaling_factor=30, distribution=fresh)
query noise enabled for 8 layers (scaling_factor=16, distribution=encoding)
query noise enabled for 1 layers (scaling_factor=18, distribution=encoding)
query noise enabled for 3 layers (scaling_factor=20, distribution=encoding)
key noise enabled for 10 layers (scaling_factor=16, distribution=encoding)
key noise enabled for 1 layers (scaling_factor=18, distribution=encoding)
key noise enabled for 1 layers (scaling_factor=20, distribution=encoding)
value noise enabled for 10 layers (scaling_factor=16, distribution=encoding)
value noise enabled for 2 layers (scaling_factor=18, distribution=encoding)
wo noise enabled for 8 layers (scaling_factor=16, distribution=encoding)
wo noise enabled for 3 layers (scaling_factor=18, distribution=encoding)
wo noise enabled for 1 layers (scaling_factor=22, distribution=encoding)
wffn1 noise enabled for 7 layers (scaling_factor=16, distribution=encoding)
wffn1 noise enabled for 2 layers (scaling_factor=18, distribution=encoding)
wffn1 noise enabled for 1 layers (scaling_factor=20, distribution=encoding)
wffn1 noise enabled for 2 layers (scaling_factor=22, distribution=encoding)
wffn2 noise enabled for 11 layers (scaling_factor=16, distribution=encoding)
wffn2 noise enabled for 1 layers (scaling_factor=18, distribution=encoding)
  Trial 179/200: Loss=0.3275, Acc.=0.8824, F1=0.8804, Time=30.9ms
已替换 11 层的GELU函数
已替换 1 层的GELU函数
已替换 5 层的Softmax函数
已替换 6 层的Softmax函数
已替换 1 层的Softmax函数
Input noise enabled for 10 layers (scaling_factor=24, distribution=fresh)
Input noise enabled for 1 layers (scaling_factor=26, distribution=fresh)
Input noise enabled for 1 layers (scaling_factor=30, distribution=fresh)
query noise enabled for 8 layers (scaling_factor=16, distribution=encoding)
query noise enabled for 1 layers (scaling_factor=18, distribution=encoding)
query noise enabled for 3 layers (scaling_factor=20, distribution=encoding)
key noise enabled for 10 layers (scaling_factor=16, distribution=encoding)
key noise enabled for 1 layers (scaling_factor=18, distribution=encoding)
key noise enabled for 1 layers (scaling_factor=20, distribution=encoding)
value noise enabled for 10 layers (scaling_factor=16, distribution=encoding)
value noise enabled for 2 layers (scaling_factor=18, distribution=encoding)
wo noise enabled for 8 layers (scaling_factor=16, distribution=encoding)
wo noise enabled for 3 layers (scaling_factor=18, distribution=encoding)
wo noise enabled for 1 layers (scaling_factor=22, distribution=encoding)
wffn1 noise enabled for 7 layers (scaling_factor=16, distribution=encoding)
wffn1 noise enabled for 2 layers (scaling_factor=18, distribution=encoding)
wffn1 noise enabled for 1 layers (scaling_factor=20, distribution=encoding)
wffn1 noise enabled for 2 layers (scaling_factor=22, distribution=encoding)
wffn2 noise enabled for 11 layers (scaling_factor=16, distribution=encoding)
wffn2 noise enabled for 1 layers (scaling_factor=18, distribution=encoding)
  Trial 180/200: Loss=0.3290, Acc.=0.8824, F1=0.8804, Time=30.8ms
已替换 11 层的GELU函数
已替换 1 层的GELU函数
已替换 5 层的Softmax函数
已替换 6 层的Softmax函数
已替换 1 层的Softmax函数
Input noise enabled for 10 layers (scaling_factor=24, distribution=fresh)
Input noise enabled for 1 layers (scaling_factor=26, distribution=fresh)
Input noise enabled for 1 layers (scaling_factor=30, distribution=fresh)
query noise enabled for 8 layers (scaling_factor=16, distribution=encoding)
query noise enabled for 1 layers (scaling_factor=18, distribution=encoding)
query noise enabled for 3 layers (scaling_factor=20, distribution=encoding)
key noise enabled for 10 layers (scaling_factor=16, distribution=encoding)
key noise enabled for 1 layers (scaling_factor=18, distribution=encoding)
key noise enabled for 1 layers (scaling_factor=20, distribution=encoding)
value noise enabled for 10 layers (scaling_factor=16, distribution=encoding)
value noise enabled for 2 layers (scaling_factor=18, distribution=encoding)
wo noise enabled for 8 layers (scaling_factor=16, distribution=encoding)
wo noise enabled for 3 layers (scaling_factor=18, distribution=encoding)
wo noise enabled for 1 layers (scaling_factor=22, distribution=encoding)
wffn1 noise enabled for 7 layers (scaling_factor=16, distribution=encoding)
wffn1 noise enabled for 2 layers (scaling_factor=18, distribution=encoding)
wffn1 noise enabled for 1 layers (scaling_factor=20, distribution=encoding)
wffn1 noise enabled for 2 layers (scaling_factor=22, distribution=encoding)
wffn2 noise enabled for 11 layers (scaling_factor=16, distribution=encoding)
wffn2 noise enabled for 1 layers (scaling_factor=18, distribution=encoding)
  Trial 181/200: Loss=0.3260, Acc.=0.8799, F1=0.8781, Time=30.9ms
已替换 11 层的GELU函数
已替换 1 层的GELU函数
已替换 5 层的Softmax函数
已替换 6 层的Softmax函数
已替换 1 层的Softmax函数
Input noise enabled for 10 layers (scaling_factor=24, distribution=fresh)
Input noise enabled for 1 layers (scaling_factor=26, distribution=fresh)
Input noise enabled for 1 layers (scaling_factor=30, distribution=fresh)
query noise enabled for 8 layers (scaling_factor=16, distribution=encoding)
query noise enabled for 1 layers (scaling_factor=18, distribution=encoding)
query noise enabled for 3 layers (scaling_factor=20, distribution=encoding)
key noise enabled for 10 layers (scaling_factor=16, distribution=encoding)
key noise enabled for 1 layers (scaling_factor=18, distribution=encoding)
key noise enabled for 1 layers (scaling_factor=20, distribution=encoding)
value noise enabled for 10 layers (scaling_factor=16, distribution=encoding)
value noise enabled for 2 layers (scaling_factor=18, distribution=encoding)
wo noise enabled for 8 layers (scaling_factor=16, distribution=encoding)
wo noise enabled for 3 layers (scaling_factor=18, distribution=encoding)
wo noise enabled for 1 layers (scaling_factor=22, distribution=encoding)
wffn1 noise enabled for 7 layers (scaling_factor=16, distribution=encoding)
wffn1 noise enabled for 2 layers (scaling_factor=18, distribution=encoding)
wffn1 noise enabled for 1 layers (scaling_factor=20, distribution=encoding)
wffn1 noise enabled for 2 layers (scaling_factor=22, distribution=encoding)
wffn2 noise enabled for 11 layers (scaling_factor=16, distribution=encoding)
wffn2 noise enabled for 1 layers (scaling_factor=18, distribution=encoding)
  Trial 182/200: Loss=0.3273, Acc.=0.8775, F1=0.8758, Time=30.9ms
已替换 11 层的GELU函数
已替换 1 层的GELU函数
已替换 5 层的Softmax函数
已替换 6 层的Softmax函数
已替换 1 层的Softmax函数
Input noise enabled for 10 layers (scaling_factor=24, distribution=fresh)
Input noise enabled for 1 layers (scaling_factor=26, distribution=fresh)
Input noise enabled for 1 layers (scaling_factor=30, distribution=fresh)
query noise enabled for 8 layers (scaling_factor=16, distribution=encoding)
query noise enabled for 1 layers (scaling_factor=18, distribution=encoding)
query noise enabled for 3 layers (scaling_factor=20, distribution=encoding)
key noise enabled for 10 layers (scaling_factor=16, distribution=encoding)
key noise enabled for 1 layers (scaling_factor=18, distribution=encoding)
key noise enabled for 1 layers (scaling_factor=20, distribution=encoding)
value noise enabled for 10 layers (scaling_factor=16, distribution=encoding)
value noise enabled for 2 layers (scaling_factor=18, distribution=encoding)
wo noise enabled for 8 layers (scaling_factor=16, distribution=encoding)
wo noise enabled for 3 layers (scaling_factor=18, distribution=encoding)
wo noise enabled for 1 layers (scaling_factor=22, distribution=encoding)
wffn1 noise enabled for 7 layers (scaling_factor=16, distribution=encoding)
wffn1 noise enabled for 2 layers (scaling_factor=18, distribution=encoding)
wffn1 noise enabled for 1 layers (scaling_factor=20, distribution=encoding)
wffn1 noise enabled for 2 layers (scaling_factor=22, distribution=encoding)
wffn2 noise enabled for 11 layers (scaling_factor=16, distribution=encoding)
wffn2 noise enabled for 1 layers (scaling_factor=18, distribution=encoding)
  Trial 183/200: Loss=0.3250, Acc.=0.8799, F1=0.8781, Time=31.1ms
已替换 11 层的GELU函数
已替换 1 层的GELU函数
已替换 5 层的Softmax函数
已替换 6 层的Softmax函数
已替换 1 层的Softmax函数
Input noise enabled for 10 layers (scaling_factor=24, distribution=fresh)
Input noise enabled for 1 layers (scaling_factor=26, distribution=fresh)
Input noise enabled for 1 layers (scaling_factor=30, distribution=fresh)
query noise enabled for 8 layers (scaling_factor=16, distribution=encoding)
query noise enabled for 1 layers (scaling_factor=18, distribution=encoding)
query noise enabled for 3 layers (scaling_factor=20, distribution=encoding)
key noise enabled for 10 layers (scaling_factor=16, distribution=encoding)
key noise enabled for 1 layers (scaling_factor=18, distribution=encoding)
key noise enabled for 1 layers (scaling_factor=20, distribution=encoding)
value noise enabled for 10 layers (scaling_factor=16, distribution=encoding)
value noise enabled for 2 layers (scaling_factor=18, distribution=encoding)
wo noise enabled for 8 layers (scaling_factor=16, distribution=encoding)
wo noise enabled for 3 layers (scaling_factor=18, distribution=encoding)
wo noise enabled for 1 layers (scaling_factor=22, distribution=encoding)
wffn1 noise enabled for 7 layers (scaling_factor=16, distribution=encoding)
wffn1 noise enabled for 2 layers (scaling_factor=18, distribution=encoding)
wffn1 noise enabled for 1 layers (scaling_factor=20, distribution=encoding)
wffn1 noise enabled for 2 layers (scaling_factor=22, distribution=encoding)
wffn2 noise enabled for 11 layers (scaling_factor=16, distribution=encoding)
wffn2 noise enabled for 1 layers (scaling_factor=18, distribution=encoding)
  Trial 184/200: Loss=0.3244, Acc.=0.8824, F1=0.8804, Time=31.0ms
已替换 11 层的GELU函数
已替换 1 层的GELU函数
已替换 5 层的Softmax函数
已替换 6 层的Softmax函数
已替换 1 层的Softmax函数
Input noise enabled for 10 layers (scaling_factor=24, distribution=fresh)
Input noise enabled for 1 layers (scaling_factor=26, distribution=fresh)
Input noise enabled for 1 layers (scaling_factor=30, distribution=fresh)
query noise enabled for 8 layers (scaling_factor=16, distribution=encoding)
query noise enabled for 1 layers (scaling_factor=18, distribution=encoding)
query noise enabled for 3 layers (scaling_factor=20, distribution=encoding)
key noise enabled for 10 layers (scaling_factor=16, distribution=encoding)
key noise enabled for 1 layers (scaling_factor=18, distribution=encoding)
key noise enabled for 1 layers (scaling_factor=20, distribution=encoding)
value noise enabled for 10 layers (scaling_factor=16, distribution=encoding)
value noise enabled for 2 layers (scaling_factor=18, distribution=encoding)
wo noise enabled for 8 layers (scaling_factor=16, distribution=encoding)
wo noise enabled for 3 layers (scaling_factor=18, distribution=encoding)
wo noise enabled for 1 layers (scaling_factor=22, distribution=encoding)
wffn1 noise enabled for 7 layers (scaling_factor=16, distribution=encoding)
wffn1 noise enabled for 2 layers (scaling_factor=18, distribution=encoding)
wffn1 noise enabled for 1 layers (scaling_factor=20, distribution=encoding)
wffn1 noise enabled for 2 layers (scaling_factor=22, distribution=encoding)
wffn2 noise enabled for 11 layers (scaling_factor=16, distribution=encoding)
wffn2 noise enabled for 1 layers (scaling_factor=18, distribution=encoding)
  Trial 185/200: Loss=0.3250, Acc.=0.8799, F1=0.8781, Time=30.9ms
已替换 11 层的GELU函数
已替换 1 层的GELU函数
已替换 5 层的Softmax函数
已替换 6 层的Softmax函数
已替换 1 层的Softmax函数
Input noise enabled for 10 layers (scaling_factor=24, distribution=fresh)
Input noise enabled for 1 layers (scaling_factor=26, distribution=fresh)
Input noise enabled for 1 layers (scaling_factor=30, distribution=fresh)
query noise enabled for 8 layers (scaling_factor=16, distribution=encoding)
query noise enabled for 1 layers (scaling_factor=18, distribution=encoding)
query noise enabled for 3 layers (scaling_factor=20, distribution=encoding)
key noise enabled for 10 layers (scaling_factor=16, distribution=encoding)
key noise enabled for 1 layers (scaling_factor=18, distribution=encoding)
key noise enabled for 1 layers (scaling_factor=20, distribution=encoding)
value noise enabled for 10 layers (scaling_factor=16, distribution=encoding)
value noise enabled for 2 layers (scaling_factor=18, distribution=encoding)
wo noise enabled for 8 layers (scaling_factor=16, distribution=encoding)
wo noise enabled for 3 layers (scaling_factor=18, distribution=encoding)
wo noise enabled for 1 layers (scaling_factor=22, distribution=encoding)
wffn1 noise enabled for 7 layers (scaling_factor=16, distribution=encoding)
wffn1 noise enabled for 2 layers (scaling_factor=18, distribution=encoding)
wffn1 noise enabled for 1 layers (scaling_factor=20, distribution=encoding)
wffn1 noise enabled for 2 layers (scaling_factor=22, distribution=encoding)
wffn2 noise enabled for 11 layers (scaling_factor=16, distribution=encoding)
wffn2 noise enabled for 1 layers (scaling_factor=18, distribution=encoding)
  Trial 186/200: Loss=0.3219, Acc.=0.8799, F1=0.8778, Time=30.9ms
已替换 11 层的GELU函数
已替换 1 层的GELU函数
已替换 5 层的Softmax函数
已替换 6 层的Softmax函数
已替换 1 层的Softmax函数
Input noise enabled for 10 layers (scaling_factor=24, distribution=fresh)
Input noise enabled for 1 layers (scaling_factor=26, distribution=fresh)
Input noise enabled for 1 layers (scaling_factor=30, distribution=fresh)
query noise enabled for 8 layers (scaling_factor=16, distribution=encoding)
query noise enabled for 1 layers (scaling_factor=18, distribution=encoding)
query noise enabled for 3 layers (scaling_factor=20, distribution=encoding)
key noise enabled for 10 layers (scaling_factor=16, distribution=encoding)
key noise enabled for 1 layers (scaling_factor=18, distribution=encoding)
key noise enabled for 1 layers (scaling_factor=20, distribution=encoding)
value noise enabled for 10 layers (scaling_factor=16, distribution=encoding)
value noise enabled for 2 layers (scaling_factor=18, distribution=encoding)
wo noise enabled for 8 layers (scaling_factor=16, distribution=encoding)
wo noise enabled for 3 layers (scaling_factor=18, distribution=encoding)
wo noise enabled for 1 layers (scaling_factor=22, distribution=encoding)
wffn1 noise enabled for 7 layers (scaling_factor=16, distribution=encoding)
wffn1 noise enabled for 2 layers (scaling_factor=18, distribution=encoding)
wffn1 noise enabled for 1 layers (scaling_factor=20, distribution=encoding)
wffn1 noise enabled for 2 layers (scaling_factor=22, distribution=encoding)
wffn2 noise enabled for 11 layers (scaling_factor=16, distribution=encoding)
wffn2 noise enabled for 1 layers (scaling_factor=18, distribution=encoding)
  Trial 187/200: Loss=0.3246, Acc.=0.8799, F1=0.8781, Time=30.9ms
已替换 11 层的GELU函数
已替换 1 层的GELU函数
已替换 5 层的Softmax函数
已替换 6 层的Softmax函数
已替换 1 层的Softmax函数
Input noise enabled for 10 layers (scaling_factor=24, distribution=fresh)
Input noise enabled for 1 layers (scaling_factor=26, distribution=fresh)
Input noise enabled for 1 layers (scaling_factor=30, distribution=fresh)
query noise enabled for 8 layers (scaling_factor=16, distribution=encoding)
query noise enabled for 1 layers (scaling_factor=18, distribution=encoding)
query noise enabled for 3 layers (scaling_factor=20, distribution=encoding)
key noise enabled for 10 layers (scaling_factor=16, distribution=encoding)
key noise enabled for 1 layers (scaling_factor=18, distribution=encoding)
key noise enabled for 1 layers (scaling_factor=20, distribution=encoding)
value noise enabled for 10 layers (scaling_factor=16, distribution=encoding)
value noise enabled for 2 layers (scaling_factor=18, distribution=encoding)
wo noise enabled for 8 layers (scaling_factor=16, distribution=encoding)
wo noise enabled for 3 layers (scaling_factor=18, distribution=encoding)
wo noise enabled for 1 layers (scaling_factor=22, distribution=encoding)
wffn1 noise enabled for 7 layers (scaling_factor=16, distribution=encoding)
wffn1 noise enabled for 2 layers (scaling_factor=18, distribution=encoding)
wffn1 noise enabled for 1 layers (scaling_factor=20, distribution=encoding)
wffn1 noise enabled for 2 layers (scaling_factor=22, distribution=encoding)
wffn2 noise enabled for 11 layers (scaling_factor=16, distribution=encoding)
wffn2 noise enabled for 1 layers (scaling_factor=18, distribution=encoding)
  Trial 188/200: Loss=0.3254, Acc.=0.8824, F1=0.8804, Time=31.1ms
已替换 11 层的GELU函数
已替换 1 层的GELU函数
已替换 5 层的Softmax函数
已替换 6 层的Softmax函数
已替换 1 层的Softmax函数
Input noise enabled for 10 layers (scaling_factor=24, distribution=fresh)
Input noise enabled for 1 layers (scaling_factor=26, distribution=fresh)
Input noise enabled for 1 layers (scaling_factor=30, distribution=fresh)
query noise enabled for 8 layers (scaling_factor=16, distribution=encoding)
query noise enabled for 1 layers (scaling_factor=18, distribution=encoding)
query noise enabled for 3 layers (scaling_factor=20, distribution=encoding)
key noise enabled for 10 layers (scaling_factor=16, distribution=encoding)
key noise enabled for 1 layers (scaling_factor=18, distribution=encoding)
key noise enabled for 1 layers (scaling_factor=20, distribution=encoding)
value noise enabled for 10 layers (scaling_factor=16, distribution=encoding)
value noise enabled for 2 layers (scaling_factor=18, distribution=encoding)
wo noise enabled for 8 layers (scaling_factor=16, distribution=encoding)
wo noise enabled for 3 layers (scaling_factor=18, distribution=encoding)
wo noise enabled for 1 layers (scaling_factor=22, distribution=encoding)
wffn1 noise enabled for 7 layers (scaling_factor=16, distribution=encoding)
wffn1 noise enabled for 2 layers (scaling_factor=18, distribution=encoding)
wffn1 noise enabled for 1 layers (scaling_factor=20, distribution=encoding)
wffn1 noise enabled for 2 layers (scaling_factor=22, distribution=encoding)
wffn2 noise enabled for 11 layers (scaling_factor=16, distribution=encoding)
wffn2 noise enabled for 1 layers (scaling_factor=18, distribution=encoding)
  Trial 189/200: Loss=0.3251, Acc.=0.8848, F1=0.8831, Time=31.1ms
已替换 11 层的GELU函数
已替换 1 层的GELU函数
已替换 5 层的Softmax函数
已替换 6 层的Softmax函数
已替换 1 层的Softmax函数
Input noise enabled for 10 layers (scaling_factor=24, distribution=fresh)
Input noise enabled for 1 layers (scaling_factor=26, distribution=fresh)
Input noise enabled for 1 layers (scaling_factor=30, distribution=fresh)
query noise enabled for 8 layers (scaling_factor=16, distribution=encoding)
query noise enabled for 1 layers (scaling_factor=18, distribution=encoding)
query noise enabled for 3 layers (scaling_factor=20, distribution=encoding)
key noise enabled for 10 layers (scaling_factor=16, distribution=encoding)
key noise enabled for 1 layers (scaling_factor=18, distribution=encoding)
key noise enabled for 1 layers (scaling_factor=20, distribution=encoding)
value noise enabled for 10 layers (scaling_factor=16, distribution=encoding)
value noise enabled for 2 layers (scaling_factor=18, distribution=encoding)
wo noise enabled for 8 layers (scaling_factor=16, distribution=encoding)
wo noise enabled for 3 layers (scaling_factor=18, distribution=encoding)
wo noise enabled for 1 layers (scaling_factor=22, distribution=encoding)
wffn1 noise enabled for 7 layers (scaling_factor=16, distribution=encoding)
wffn1 noise enabled for 2 layers (scaling_factor=18, distribution=encoding)
wffn1 noise enabled for 1 layers (scaling_factor=20, distribution=encoding)
wffn1 noise enabled for 2 layers (scaling_factor=22, distribution=encoding)
wffn2 noise enabled for 11 layers (scaling_factor=16, distribution=encoding)
wffn2 noise enabled for 1 layers (scaling_factor=18, distribution=encoding)
  Trial 190/200: Loss=0.3282, Acc.=0.8824, F1=0.8804, Time=31.0ms
已替换 11 层的GELU函数
已替换 1 层的GELU函数
已替换 5 层的Softmax函数
已替换 6 层的Softmax函数
已替换 1 层的Softmax函数
Input noise enabled for 10 layers (scaling_factor=24, distribution=fresh)
Input noise enabled for 1 layers (scaling_factor=26, distribution=fresh)
Input noise enabled for 1 layers (scaling_factor=30, distribution=fresh)
query noise enabled for 8 layers (scaling_factor=16, distribution=encoding)
query noise enabled for 1 layers (scaling_factor=18, distribution=encoding)
query noise enabled for 3 layers (scaling_factor=20, distribution=encoding)
key noise enabled for 10 layers (scaling_factor=16, distribution=encoding)
key noise enabled for 1 layers (scaling_factor=18, distribution=encoding)
key noise enabled for 1 layers (scaling_factor=20, distribution=encoding)
value noise enabled for 10 layers (scaling_factor=16, distribution=encoding)
value noise enabled for 2 layers (scaling_factor=18, distribution=encoding)
wo noise enabled for 8 layers (scaling_factor=16, distribution=encoding)
wo noise enabled for 3 layers (scaling_factor=18, distribution=encoding)
wo noise enabled for 1 layers (scaling_factor=22, distribution=encoding)
wffn1 noise enabled for 7 layers (scaling_factor=16, distribution=encoding)
wffn1 noise enabled for 2 layers (scaling_factor=18, distribution=encoding)
wffn1 noise enabled for 1 layers (scaling_factor=20, distribution=encoding)
wffn1 noise enabled for 2 layers (scaling_factor=22, distribution=encoding)
wffn2 noise enabled for 11 layers (scaling_factor=16, distribution=encoding)
wffn2 noise enabled for 1 layers (scaling_factor=18, distribution=encoding)
  Trial 191/200: Loss=0.3276, Acc.=0.8799, F1=0.8781, Time=31.0ms
已替换 11 层的GELU函数
已替换 1 层的GELU函数
已替换 5 层的Softmax函数
已替换 6 层的Softmax函数
已替换 1 层的Softmax函数
Input noise enabled for 10 layers (scaling_factor=24, distribution=fresh)
Input noise enabled for 1 layers (scaling_factor=26, distribution=fresh)
Input noise enabled for 1 layers (scaling_factor=30, distribution=fresh)
query noise enabled for 8 layers (scaling_factor=16, distribution=encoding)
query noise enabled for 1 layers (scaling_factor=18, distribution=encoding)
query noise enabled for 3 layers (scaling_factor=20, distribution=encoding)
key noise enabled for 10 layers (scaling_factor=16, distribution=encoding)
key noise enabled for 1 layers (scaling_factor=18, distribution=encoding)
key noise enabled for 1 layers (scaling_factor=20, distribution=encoding)
value noise enabled for 10 layers (scaling_factor=16, distribution=encoding)
value noise enabled for 2 layers (scaling_factor=18, distribution=encoding)
wo noise enabled for 8 layers (scaling_factor=16, distribution=encoding)
wo noise enabled for 3 layers (scaling_factor=18, distribution=encoding)
wo noise enabled for 1 layers (scaling_factor=22, distribution=encoding)
wffn1 noise enabled for 7 layers (scaling_factor=16, distribution=encoding)
wffn1 noise enabled for 2 layers (scaling_factor=18, distribution=encoding)
wffn1 noise enabled for 1 layers (scaling_factor=20, distribution=encoding)
wffn1 noise enabled for 2 layers (scaling_factor=22, distribution=encoding)
wffn2 noise enabled for 11 layers (scaling_factor=16, distribution=encoding)
wffn2 noise enabled for 1 layers (scaling_factor=18, distribution=encoding)
  Trial 192/200: Loss=0.3255, Acc.=0.8824, F1=0.8804, Time=30.9ms
已替换 11 层的GELU函数
已替换 1 层的GELU函数
已替换 5 层的Softmax函数
已替换 6 层的Softmax函数
已替换 1 层的Softmax函数
Input noise enabled for 10 layers (scaling_factor=24, distribution=fresh)
Input noise enabled for 1 layers (scaling_factor=26, distribution=fresh)
Input noise enabled for 1 layers (scaling_factor=30, distribution=fresh)
query noise enabled for 8 layers (scaling_factor=16, distribution=encoding)
query noise enabled for 1 layers (scaling_factor=18, distribution=encoding)
query noise enabled for 3 layers (scaling_factor=20, distribution=encoding)
key noise enabled for 10 layers (scaling_factor=16, distribution=encoding)
key noise enabled for 1 layers (scaling_factor=18, distribution=encoding)
key noise enabled for 1 layers (scaling_factor=20, distribution=encoding)
value noise enabled for 10 layers (scaling_factor=16, distribution=encoding)
value noise enabled for 2 layers (scaling_factor=18, distribution=encoding)
wo noise enabled for 8 layers (scaling_factor=16, distribution=encoding)
wo noise enabled for 3 layers (scaling_factor=18, distribution=encoding)
wo noise enabled for 1 layers (scaling_factor=22, distribution=encoding)
wffn1 noise enabled for 7 layers (scaling_factor=16, distribution=encoding)
wffn1 noise enabled for 2 layers (scaling_factor=18, distribution=encoding)
wffn1 noise enabled for 1 layers (scaling_factor=20, distribution=encoding)
wffn1 noise enabled for 2 layers (scaling_factor=22, distribution=encoding)
wffn2 noise enabled for 11 layers (scaling_factor=16, distribution=encoding)
wffn2 noise enabled for 1 layers (scaling_factor=18, distribution=encoding)
  Trial 193/200: Loss=0.3277, Acc.=0.8824, F1=0.8804, Time=31.0ms
已替换 11 层的GELU函数
已替换 1 层的GELU函数
已替换 5 层的Softmax函数
已替换 6 层的Softmax函数
已替换 1 层的Softmax函数
Input noise enabled for 10 layers (scaling_factor=24, distribution=fresh)
Input noise enabled for 1 layers (scaling_factor=26, distribution=fresh)
Input noise enabled for 1 layers (scaling_factor=30, distribution=fresh)
query noise enabled for 8 layers (scaling_factor=16, distribution=encoding)
query noise enabled for 1 layers (scaling_factor=18, distribution=encoding)
query noise enabled for 3 layers (scaling_factor=20, distribution=encoding)
key noise enabled for 10 layers (scaling_factor=16, distribution=encoding)
key noise enabled for 1 layers (scaling_factor=18, distribution=encoding)
key noise enabled for 1 layers (scaling_factor=20, distribution=encoding)
value noise enabled for 10 layers (scaling_factor=16, distribution=encoding)
value noise enabled for 2 layers (scaling_factor=18, distribution=encoding)
wo noise enabled for 8 layers (scaling_factor=16, distribution=encoding)
wo noise enabled for 3 layers (scaling_factor=18, distribution=encoding)
wo noise enabled for 1 layers (scaling_factor=22, distribution=encoding)
wffn1 noise enabled for 7 layers (scaling_factor=16, distribution=encoding)
wffn1 noise enabled for 2 layers (scaling_factor=18, distribution=encoding)
wffn1 noise enabled for 1 layers (scaling_factor=20, distribution=encoding)
wffn1 noise enabled for 2 layers (scaling_factor=22, distribution=encoding)
wffn2 noise enabled for 11 layers (scaling_factor=16, distribution=encoding)
wffn2 noise enabled for 1 layers (scaling_factor=18, distribution=encoding)
  Trial 194/200: Loss=0.3258, Acc.=0.8799, F1=0.8781, Time=31.0ms
已替换 11 层的GELU函数
已替换 1 层的GELU函数
已替换 5 层的Softmax函数
已替换 6 层的Softmax函数
已替换 1 层的Softmax函数
Input noise enabled for 10 layers (scaling_factor=24, distribution=fresh)
Input noise enabled for 1 layers (scaling_factor=26, distribution=fresh)
Input noise enabled for 1 layers (scaling_factor=30, distribution=fresh)
query noise enabled for 8 layers (scaling_factor=16, distribution=encoding)
query noise enabled for 1 layers (scaling_factor=18, distribution=encoding)
query noise enabled for 3 layers (scaling_factor=20, distribution=encoding)
key noise enabled for 10 layers (scaling_factor=16, distribution=encoding)
key noise enabled for 1 layers (scaling_factor=18, distribution=encoding)
key noise enabled for 1 layers (scaling_factor=20, distribution=encoding)
value noise enabled for 10 layers (scaling_factor=16, distribution=encoding)
value noise enabled for 2 layers (scaling_factor=18, distribution=encoding)
wo noise enabled for 8 layers (scaling_factor=16, distribution=encoding)
wo noise enabled for 3 layers (scaling_factor=18, distribution=encoding)
wo noise enabled for 1 layers (scaling_factor=22, distribution=encoding)
wffn1 noise enabled for 7 layers (scaling_factor=16, distribution=encoding)
wffn1 noise enabled for 2 layers (scaling_factor=18, distribution=encoding)
wffn1 noise enabled for 1 layers (scaling_factor=20, distribution=encoding)
wffn1 noise enabled for 2 layers (scaling_factor=22, distribution=encoding)
wffn2 noise enabled for 11 layers (scaling_factor=16, distribution=encoding)
wffn2 noise enabled for 1 layers (scaling_factor=18, distribution=encoding)
  Trial 195/200: Loss=0.3284, Acc.=0.8824, F1=0.8804, Time=31.1ms
已替换 11 层的GELU函数
已替换 1 层的GELU函数
已替换 5 层的Softmax函数
已替换 6 层的Softmax函数
已替换 1 层的Softmax函数
Input noise enabled for 10 layers (scaling_factor=24, distribution=fresh)
Input noise enabled for 1 layers (scaling_factor=26, distribution=fresh)
Input noise enabled for 1 layers (scaling_factor=30, distribution=fresh)
query noise enabled for 8 layers (scaling_factor=16, distribution=encoding)
query noise enabled for 1 layers (scaling_factor=18, distribution=encoding)
query noise enabled for 3 layers (scaling_factor=20, distribution=encoding)
key noise enabled for 10 layers (scaling_factor=16, distribution=encoding)
key noise enabled for 1 layers (scaling_factor=18, distribution=encoding)
key noise enabled for 1 layers (scaling_factor=20, distribution=encoding)
value noise enabled for 10 layers (scaling_factor=16, distribution=encoding)
value noise enabled for 2 layers (scaling_factor=18, distribution=encoding)
wo noise enabled for 8 layers (scaling_factor=16, distribution=encoding)
wo noise enabled for 3 layers (scaling_factor=18, distribution=encoding)
wo noise enabled for 1 layers (scaling_factor=22, distribution=encoding)
wffn1 noise enabled for 7 layers (scaling_factor=16, distribution=encoding)
wffn1 noise enabled for 2 layers (scaling_factor=18, distribution=encoding)
wffn1 noise enabled for 1 layers (scaling_factor=20, distribution=encoding)
wffn1 noise enabled for 2 layers (scaling_factor=22, distribution=encoding)
wffn2 noise enabled for 11 layers (scaling_factor=16, distribution=encoding)
wffn2 noise enabled for 1 layers (scaling_factor=18, distribution=encoding)
  Trial 196/200: Loss=0.3263, Acc.=0.8799, F1=0.8781, Time=31.0ms
已替换 11 层的GELU函数
已替换 1 层的GELU函数
已替换 5 层的Softmax函数
已替换 6 层的Softmax函数
已替换 1 层的Softmax函数
Input noise enabled for 10 layers (scaling_factor=24, distribution=fresh)
Input noise enabled for 1 layers (scaling_factor=26, distribution=fresh)
Input noise enabled for 1 layers (scaling_factor=30, distribution=fresh)
query noise enabled for 8 layers (scaling_factor=16, distribution=encoding)
query noise enabled for 1 layers (scaling_factor=18, distribution=encoding)
query noise enabled for 3 layers (scaling_factor=20, distribution=encoding)
key noise enabled for 10 layers (scaling_factor=16, distribution=encoding)
key noise enabled for 1 layers (scaling_factor=18, distribution=encoding)
key noise enabled for 1 layers (scaling_factor=20, distribution=encoding)
value noise enabled for 10 layers (scaling_factor=16, distribution=encoding)
value noise enabled for 2 layers (scaling_factor=18, distribution=encoding)
wo noise enabled for 8 layers (scaling_factor=16, distribution=encoding)
wo noise enabled for 3 layers (scaling_factor=18, distribution=encoding)
wo noise enabled for 1 layers (scaling_factor=22, distribution=encoding)
wffn1 noise enabled for 7 layers (scaling_factor=16, distribution=encoding)
wffn1 noise enabled for 2 layers (scaling_factor=18, distribution=encoding)
wffn1 noise enabled for 1 layers (scaling_factor=20, distribution=encoding)
wffn1 noise enabled for 2 layers (scaling_factor=22, distribution=encoding)
wffn2 noise enabled for 11 layers (scaling_factor=16, distribution=encoding)
wffn2 noise enabled for 1 layers (scaling_factor=18, distribution=encoding)
  Trial 197/200: Loss=0.3264, Acc.=0.8824, F1=0.8804, Time=31.0ms
已替换 11 层的GELU函数
已替换 1 层的GELU函数
已替换 5 层的Softmax函数
已替换 6 层的Softmax函数
已替换 1 层的Softmax函数
Input noise enabled for 10 layers (scaling_factor=24, distribution=fresh)
Input noise enabled for 1 layers (scaling_factor=26, distribution=fresh)
Input noise enabled for 1 layers (scaling_factor=30, distribution=fresh)
query noise enabled for 8 layers (scaling_factor=16, distribution=encoding)
query noise enabled for 1 layers (scaling_factor=18, distribution=encoding)
query noise enabled for 3 layers (scaling_factor=20, distribution=encoding)
key noise enabled for 10 layers (scaling_factor=16, distribution=encoding)
key noise enabled for 1 layers (scaling_factor=18, distribution=encoding)
key noise enabled for 1 layers (scaling_factor=20, distribution=encoding)
value noise enabled for 10 layers (scaling_factor=16, distribution=encoding)
value noise enabled for 2 layers (scaling_factor=18, distribution=encoding)
wo noise enabled for 8 layers (scaling_factor=16, distribution=encoding)
wo noise enabled for 3 layers (scaling_factor=18, distribution=encoding)
wo noise enabled for 1 layers (scaling_factor=22, distribution=encoding)
wffn1 noise enabled for 7 layers (scaling_factor=16, distribution=encoding)
wffn1 noise enabled for 2 layers (scaling_factor=18, distribution=encoding)
wffn1 noise enabled for 1 layers (scaling_factor=20, distribution=encoding)
wffn1 noise enabled for 2 layers (scaling_factor=22, distribution=encoding)
wffn2 noise enabled for 11 layers (scaling_factor=16, distribution=encoding)
wffn2 noise enabled for 1 layers (scaling_factor=18, distribution=encoding)
  Trial 198/200: Loss=0.3275, Acc.=0.8799, F1=0.8781, Time=30.9ms
已替换 11 层的GELU函数
已替换 1 层的GELU函数
已替换 5 层的Softmax函数
已替换 6 层的Softmax函数
已替换 1 层的Softmax函数
Input noise enabled for 10 layers (scaling_factor=24, distribution=fresh)
Input noise enabled for 1 layers (scaling_factor=26, distribution=fresh)
Input noise enabled for 1 layers (scaling_factor=30, distribution=fresh)
query noise enabled for 8 layers (scaling_factor=16, distribution=encoding)
query noise enabled for 1 layers (scaling_factor=18, distribution=encoding)
query noise enabled for 3 layers (scaling_factor=20, distribution=encoding)
key noise enabled for 10 layers (scaling_factor=16, distribution=encoding)
key noise enabled for 1 layers (scaling_factor=18, distribution=encoding)
key noise enabled for 1 layers (scaling_factor=20, distribution=encoding)
value noise enabled for 10 layers (scaling_factor=16, distribution=encoding)
value noise enabled for 2 layers (scaling_factor=18, distribution=encoding)
wo noise enabled for 8 layers (scaling_factor=16, distribution=encoding)
wo noise enabled for 3 layers (scaling_factor=18, distribution=encoding)
wo noise enabled for 1 layers (scaling_factor=22, distribution=encoding)
wffn1 noise enabled for 7 layers (scaling_factor=16, distribution=encoding)
wffn1 noise enabled for 2 layers (scaling_factor=18, distribution=encoding)
wffn1 noise enabled for 1 layers (scaling_factor=20, distribution=encoding)
wffn1 noise enabled for 2 layers (scaling_factor=22, distribution=encoding)
wffn2 noise enabled for 11 layers (scaling_factor=16, distribution=encoding)
wffn2 noise enabled for 1 layers (scaling_factor=18, distribution=encoding)
  Trial 199/200: Loss=0.3268, Acc.=0.8824, F1=0.8804, Time=31.0ms
已替换 11 层的GELU函数
已替换 1 层的GELU函数
已替换 5 层的Softmax函数
已替换 6 层的Softmax函数
已替换 1 层的Softmax函数
Input noise enabled for 10 layers (scaling_factor=24, distribution=fresh)
Input noise enabled for 1 layers (scaling_factor=26, distribution=fresh)
Input noise enabled for 1 layers (scaling_factor=30, distribution=fresh)
query noise enabled for 8 layers (scaling_factor=16, distribution=encoding)
query noise enabled for 1 layers (scaling_factor=18, distribution=encoding)
query noise enabled for 3 layers (scaling_factor=20, distribution=encoding)
key noise enabled for 10 layers (scaling_factor=16, distribution=encoding)
key noise enabled for 1 layers (scaling_factor=18, distribution=encoding)
key noise enabled for 1 layers (scaling_factor=20, distribution=encoding)
value noise enabled for 10 layers (scaling_factor=16, distribution=encoding)
value noise enabled for 2 layers (scaling_factor=18, distribution=encoding)
wo noise enabled for 8 layers (scaling_factor=16, distribution=encoding)
wo noise enabled for 3 layers (scaling_factor=18, distribution=encoding)
wo noise enabled for 1 layers (scaling_factor=22, distribution=encoding)
wffn1 noise enabled for 7 layers (scaling_factor=16, distribution=encoding)
wffn1 noise enabled for 2 layers (scaling_factor=18, distribution=encoding)
wffn1 noise enabled for 1 layers (scaling_factor=20, distribution=encoding)
wffn1 noise enabled for 2 layers (scaling_factor=22, distribution=encoding)
wffn2 noise enabled for 11 layers (scaling_factor=16, distribution=encoding)
wffn2 noise enabled for 1 layers (scaling_factor=18, distribution=encoding)
  Trial 200/200: Loss=0.3275, Acc.=0.8799, F1=0.8781, Time=31.0ms
  统计: Loss=0.3265±0.001338 [0.3219, 0.3299]
  统计: Acc.=0.8809±0.001741 [0.8750, 0.8848]
  统计: F1=0.8790±0.001705 [0.8731, 0.8831]
Generating 10 permutation noise random configs...
已替换 11 层的GELU函数
已替换 1 层的GELU函数
已替换 5 层的Softmax函数
已替换 6 层的Softmax函数
已替换 1 层的Softmax函数
Input noise enabled for 10 layers (scaling_factor=24, distribution=fresh)
Input noise enabled for 1 layers (scaling_factor=26, distribution=fresh)
Input noise enabled for 1 layers (scaling_factor=30, distribution=fresh)
query noise enabled for 8 layers (scaling_factor=16, distribution=encoding)
query noise enabled for 1 layers (scaling_factor=18, distribution=encoding)
query noise enabled for 3 layers (scaling_factor=20, distribution=encoding)
key noise enabled for 10 layers (scaling_factor=16, distribution=encoding)
key noise enabled for 1 layers (scaling_factor=18, distribution=encoding)
key noise enabled for 1 layers (scaling_factor=20, distribution=encoding)
value noise enabled for 10 layers (scaling_factor=16, distribution=encoding)
value noise enabled for 2 layers (scaling_factor=18, distribution=encoding)
wo noise enabled for 8 layers (scaling_factor=16, distribution=encoding)
wo noise enabled for 3 layers (scaling_factor=18, distribution=encoding)
wo noise enabled for 1 layers (scaling_factor=22, distribution=encoding)
wffn1 noise enabled for 7 layers (scaling_factor=16, distribution=encoding)
wffn1 noise enabled for 2 layers (scaling_factor=18, distribution=encoding)
wffn1 noise enabled for 1 layers (scaling_factor=20, distribution=encoding)
wffn1 noise enabled for 2 layers (scaling_factor=22, distribution=encoding)
wffn2 noise enabled for 11 layers (scaling_factor=16, distribution=encoding)
wffn2 noise enabled for 1 layers (scaling_factor=18, distribution=encoding)
已替换 11 层的GELU函数
已替换 1 层的GELU函数
已替换 5 层的Softmax函数
已替换 6 层的Softmax函数
已替换 1 层的Softmax函数
Input noise enabled for 10 layers (scaling_factor=24, distribution=fresh)
Input noise enabled for 1 layers (scaling_factor=26, distribution=fresh)
Input noise enabled for 1 layers (scaling_factor=30, distribution=fresh)
query noise enabled for 8 layers (scaling_factor=16, distribution=encoding)
query noise enabled for 1 layers (scaling_factor=18, distribution=encoding)
query noise enabled for 3 layers (scaling_factor=20, distribution=encoding)
key noise enabled for 10 layers (scaling_factor=16, distribution=encoding)
key noise enabled for 1 layers (scaling_factor=18, distribution=encoding)
key noise enabled for 1 layers (scaling_factor=20, distribution=encoding)
value noise enabled for 10 layers (scaling_factor=16, distribution=encoding)
value noise enabled for 2 layers (scaling_factor=18, distribution=encoding)
wo noise enabled for 8 layers (scaling_factor=16, distribution=encoding)
wo noise enabled for 3 layers (scaling_factor=18, distribution=encoding)
wo noise enabled for 1 layers (scaling_factor=22, distribution=encoding)
wffn1 noise enabled for 7 layers (scaling_factor=16, distribution=encoding)
wffn1 noise enabled for 2 layers (scaling_factor=18, distribution=encoding)
wffn1 noise enabled for 1 layers (scaling_factor=20, distribution=encoding)
wffn1 noise enabled for 2 layers (scaling_factor=22, distribution=encoding)
wffn2 noise enabled for 11 layers (scaling_factor=16, distribution=encoding)
wffn2 noise enabled for 1 layers (scaling_factor=18, distribution=encoding)
已替换 11 层的GELU函数
已替换 1 层的GELU函数
已替换 5 层的Softmax函数
已替换 6 层的Softmax函数
已替换 1 层的Softmax函数
Input noise enabled for 10 layers (scaling_factor=24, distribution=fresh)
Input noise enabled for 1 layers (scaling_factor=26, distribution=fresh)
Input noise enabled for 1 layers (scaling_factor=30, distribution=fresh)
query noise enabled for 8 layers (scaling_factor=16, distribution=encoding)
query noise enabled for 1 layers (scaling_factor=18, distribution=encoding)
query noise enabled for 3 layers (scaling_factor=20, distribution=encoding)
key noise enabled for 10 layers (scaling_factor=16, distribution=encoding)
key noise enabled for 1 layers (scaling_factor=18, distribution=encoding)
key noise enabled for 1 layers (scaling_factor=20, distribution=encoding)
value noise enabled for 10 layers (scaling_factor=16, distribution=encoding)
value noise enabled for 2 layers (scaling_factor=18, distribution=encoding)
wo noise enabled for 8 layers (scaling_factor=16, distribution=encoding)
wo noise enabled for 3 layers (scaling_factor=18, distribution=encoding)
wo noise enabled for 1 layers (scaling_factor=22, distribution=encoding)
wffn1 noise enabled for 7 layers (scaling_factor=16, distribution=encoding)
wffn1 noise enabled for 2 layers (scaling_factor=18, distribution=encoding)
wffn1 noise enabled for 1 layers (scaling_factor=20, distribution=encoding)
wffn1 noise enabled for 2 layers (scaling_factor=22, distribution=encoding)
wffn2 noise enabled for 11 layers (scaling_factor=16, distribution=encoding)
wffn2 noise enabled for 1 layers (scaling_factor=18, distribution=encoding)
已替换 11 层的GELU函数
已替换 1 层的GELU函数
已替换 5 层的Softmax函数
已替换 6 层的Softmax函数
已替换 1 层的Softmax函数
Input noise enabled for 10 layers (scaling_factor=24, distribution=fresh)
Input noise enabled for 1 layers (scaling_factor=26, distribution=fresh)
Input noise enabled for 1 layers (scaling_factor=30, distribution=fresh)
query noise enabled for 8 layers (scaling_factor=16, distribution=encoding)
query noise enabled for 1 layers (scaling_factor=18, distribution=encoding)
query noise enabled for 3 layers (scaling_factor=20, distribution=encoding)
key noise enabled for 10 layers (scaling_factor=16, distribution=encoding)
key noise enabled for 1 layers (scaling_factor=18, distribution=encoding)
key noise enabled for 1 layers (scaling_factor=20, distribution=encoding)
value noise enabled for 10 layers (scaling_factor=16, distribution=encoding)
value noise enabled for 2 layers (scaling_factor=18, distribution=encoding)
wo noise enabled for 8 layers (scaling_factor=16, distribution=encoding)
wo noise enabled for 3 layers (scaling_factor=18, distribution=encoding)
wo noise enabled for 1 layers (scaling_factor=22, distribution=encoding)
wffn1 noise enabled for 7 layers (scaling_factor=16, distribution=encoding)
wffn1 noise enabled for 2 layers (scaling_factor=18, distribution=encoding)
wffn1 noise enabled for 1 layers (scaling_factor=20, distribution=encoding)
wffn1 noise enabled for 2 layers (scaling_factor=22, distribution=encoding)
wffn2 noise enabled for 11 layers (scaling_factor=16, distribution=encoding)
wffn2 noise enabled for 1 layers (scaling_factor=18, distribution=encoding)
已替换 11 层的GELU函数
已替换 1 层的GELU函数
已替换 5 层的Softmax函数
已替换 6 层的Softmax函数
已替换 1 层的Softmax函数
Input noise enabled for 10 layers (scaling_factor=24, distribution=fresh)
Input noise enabled for 1 layers (scaling_factor=26, distribution=fresh)
Input noise enabled for 1 layers (scaling_factor=30, distribution=fresh)
query noise enabled for 8 layers (scaling_factor=16, distribution=encoding)
query noise enabled for 1 layers (scaling_factor=18, distribution=encoding)
query noise enabled for 3 layers (scaling_factor=20, distribution=encoding)
key noise enabled for 10 layers (scaling_factor=16, distribution=encoding)
key noise enabled for 1 layers (scaling_factor=18, distribution=encoding)
key noise enabled for 1 layers (scaling_factor=20, distribution=encoding)
value noise enabled for 10 layers (scaling_factor=16, distribution=encoding)
value noise enabled for 2 layers (scaling_factor=18, distribution=encoding)
wo noise enabled for 8 layers (scaling_factor=16, distribution=encoding)
wo noise enabled for 3 layers (scaling_factor=18, distribution=encoding)
wo noise enabled for 1 layers (scaling_factor=22, distribution=encoding)
wffn1 noise enabled for 7 layers (scaling_factor=16, distribution=encoding)
wffn1 noise enabled for 2 layers (scaling_factor=18, distribution=encoding)
wffn1 noise enabled for 1 layers (scaling_factor=20, distribution=encoding)
wffn1 noise enabled for 2 layers (scaling_factor=22, distribution=encoding)
wffn2 noise enabled for 11 layers (scaling_factor=16, distribution=encoding)
wffn2 noise enabled for 1 layers (scaling_factor=18, distribution=encoding)
已替换 11 层的GELU函数
已替换 1 层的GELU函数
已替换 5 层的Softmax函数
已替换 6 层的Softmax函数
已替换 1 层的Softmax函数
Input noise enabled for 10 layers (scaling_factor=24, distribution=fresh)
Input noise enabled for 1 layers (scaling_factor=26, distribution=fresh)
Input noise enabled for 1 layers (scaling_factor=30, distribution=fresh)
query noise enabled for 8 layers (scaling_factor=16, distribution=encoding)
query noise enabled for 1 layers (scaling_factor=18, distribution=encoding)
query noise enabled for 3 layers (scaling_factor=20, distribution=encoding)
key noise enabled for 10 layers (scaling_factor=16, distribution=encoding)
key noise enabled for 1 layers (scaling_factor=18, distribution=encoding)
key noise enabled for 1 layers (scaling_factor=20, distribution=encoding)
value noise enabled for 10 layers (scaling_factor=16, distribution=encoding)
value noise enabled for 2 layers (scaling_factor=18, distribution=encoding)
wo noise enabled for 8 layers (scaling_factor=16, distribution=encoding)
wo noise enabled for 3 layers (scaling_factor=18, distribution=encoding)
wo noise enabled for 1 layers (scaling_factor=22, distribution=encoding)
wffn1 noise enabled for 7 layers (scaling_factor=16, distribution=encoding)
wffn1 noise enabled for 2 layers (scaling_factor=18, distribution=encoding)
wffn1 noise enabled for 1 layers (scaling_factor=20, distribution=encoding)
wffn1 noise enabled for 2 layers (scaling_factor=22, distribution=encoding)
wffn2 noise enabled for 11 layers (scaling_factor=16, distribution=encoding)
wffn2 noise enabled for 1 layers (scaling_factor=18, distribution=encoding)
已替换 11 层的GELU函数
已替换 1 层的GELU函数
已替换 5 层的Softmax函数
已替换 6 层的Softmax函数
已替换 1 层的Softmax函数
Input noise enabled for 10 layers (scaling_factor=24, distribution=fresh)
Input noise enabled for 1 layers (scaling_factor=26, distribution=fresh)
Input noise enabled for 1 layers (scaling_factor=30, distribution=fresh)
query noise enabled for 8 layers (scaling_factor=16, distribution=encoding)
query noise enabled for 1 layers (scaling_factor=18, distribution=encoding)
query noise enabled for 3 layers (scaling_factor=20, distribution=encoding)
key noise enabled for 10 layers (scaling_factor=16, distribution=encoding)
key noise enabled for 1 layers (scaling_factor=18, distribution=encoding)
key noise enabled for 1 layers (scaling_factor=20, distribution=encoding)
value noise enabled for 10 layers (scaling_factor=16, distribution=encoding)
value noise enabled for 2 layers (scaling_factor=18, distribution=encoding)
wo noise enabled for 8 layers (scaling_factor=16, distribution=encoding)
wo noise enabled for 3 layers (scaling_factor=18, distribution=encoding)
wo noise enabled for 1 layers (scaling_factor=22, distribution=encoding)
wffn1 noise enabled for 7 layers (scaling_factor=16, distribution=encoding)
wffn1 noise enabled for 2 layers (scaling_factor=18, distribution=encoding)
wffn1 noise enabled for 1 layers (scaling_factor=20, distribution=encoding)
wffn1 noise enabled for 2 layers (scaling_factor=22, distribution=encoding)
wffn2 noise enabled for 11 layers (scaling_factor=16, distribution=encoding)
wffn2 noise enabled for 1 layers (scaling_factor=18, distribution=encoding)
已替换 11 层的GELU函数
已替换 1 层的GELU函数
已替换 5 层的Softmax函数
已替换 6 层的Softmax函数
已替换 1 层的Softmax函数
Input noise enabled for 10 layers (scaling_factor=24, distribution=fresh)
Input noise enabled for 1 layers (scaling_factor=26, distribution=fresh)
Input noise enabled for 1 layers (scaling_factor=30, distribution=fresh)
query noise enabled for 8 layers (scaling_factor=16, distribution=encoding)
query noise enabled for 1 layers (scaling_factor=18, distribution=encoding)
query noise enabled for 3 layers (scaling_factor=20, distribution=encoding)
key noise enabled for 10 layers (scaling_factor=16, distribution=encoding)
key noise enabled for 1 layers (scaling_factor=18, distribution=encoding)
key noise enabled for 1 layers (scaling_factor=20, distribution=encoding)
value noise enabled for 10 layers (scaling_factor=16, distribution=encoding)
value noise enabled for 2 layers (scaling_factor=18, distribution=encoding)
wo noise enabled for 8 layers (scaling_factor=16, distribution=encoding)
wo noise enabled for 3 layers (scaling_factor=18, distribution=encoding)
wo noise enabled for 1 layers (scaling_factor=22, distribution=encoding)
wffn1 noise enabled for 7 layers (scaling_factor=16, distribution=encoding)
wffn1 noise enabled for 2 layers (scaling_factor=18, distribution=encoding)
wffn1 noise enabled for 1 layers (scaling_factor=20, distribution=encoding)
wffn1 noise enabled for 2 layers (scaling_factor=22, distribution=encoding)
wffn2 noise enabled for 11 layers (scaling_factor=16, distribution=encoding)
wffn2 noise enabled for 1 layers (scaling_factor=18, distribution=encoding)
已替换 11 层的GELU函数
已替换 1 层的GELU函数
已替换 5 层的Softmax函数
已替换 6 层的Softmax函数
已替换 1 层的Softmax函数
Input noise enabled for 10 layers (scaling_factor=24, distribution=fresh)
Input noise enabled for 1 layers (scaling_factor=26, distribution=fresh)
Input noise enabled for 1 layers (scaling_factor=30, distribution=fresh)
query noise enabled for 8 layers (scaling_factor=16, distribution=encoding)
query noise enabled for 1 layers (scaling_factor=18, distribution=encoding)
query noise enabled for 3 layers (scaling_factor=20, distribution=encoding)
key noise enabled for 10 layers (scaling_factor=16, distribution=encoding)
key noise enabled for 1 layers (scaling_factor=18, distribution=encoding)
key noise enabled for 1 layers (scaling_factor=20, distribution=encoding)
value noise enabled for 10 layers (scaling_factor=16, distribution=encoding)
value noise enabled for 2 layers (scaling_factor=18, distribution=encoding)
wo noise enabled for 8 layers (scaling_factor=16, distribution=encoding)
wo noise enabled for 3 layers (scaling_factor=18, distribution=encoding)
wo noise enabled for 1 layers (scaling_factor=22, distribution=encoding)
wffn1 noise enabled for 7 layers (scaling_factor=16, distribution=encoding)
wffn1 noise enabled for 2 layers (scaling_factor=18, distribution=encoding)
wffn1 noise enabled for 1 layers (scaling_factor=20, distribution=encoding)
wffn1 noise enabled for 2 layers (scaling_factor=22, distribution=encoding)
wffn2 noise enabled for 11 layers (scaling_factor=16, distribution=encoding)
wffn2 noise enabled for 1 layers (scaling_factor=18, distribution=encoding)
已替换 11 层的GELU函数
已替换 1 层的GELU函数
已替换 5 层的Softmax函数
已替换 6 层的Softmax函数
已替换 1 层的Softmax函数
Input noise enabled for 10 layers (scaling_factor=24, distribution=fresh)
Input noise enabled for 1 layers (scaling_factor=26, distribution=fresh)
Input noise enabled for 1 layers (scaling_factor=30, distribution=fresh)
query noise enabled for 8 layers (scaling_factor=16, distribution=encoding)
query noise enabled for 1 layers (scaling_factor=18, distribution=encoding)
query noise enabled for 3 layers (scaling_factor=20, distribution=encoding)
key noise enabled for 10 layers (scaling_factor=16, distribution=encoding)
key noise enabled for 1 layers (scaling_factor=18, distribution=encoding)
key noise enabled for 1 layers (scaling_factor=20, distribution=encoding)
value noise enabled for 10 layers (scaling_factor=16, distribution=encoding)
value noise enabled for 2 layers (scaling_factor=18, distribution=encoding)
wo noise enabled for 8 layers (scaling_factor=16, distribution=encoding)
wo noise enabled for 3 layers (scaling_factor=18, distribution=encoding)
wo noise enabled for 1 layers (scaling_factor=22, distribution=encoding)
wffn1 noise enabled for 7 layers (scaling_factor=16, distribution=encoding)
wffn1 noise enabled for 2 layers (scaling_factor=18, distribution=encoding)
wffn1 noise enabled for 1 layers (scaling_factor=20, distribution=encoding)
wffn1 noise enabled for 2 layers (scaling_factor=22, distribution=encoding)
wffn2 noise enabled for 11 layers (scaling_factor=16, distribution=encoding)
wffn2 noise enabled for 1 layers (scaling_factor=18, distribution=encoding)
Generating 10 cost-equivalent noise random configs...
已替换 11 层的GELU函数
已替换 1 层的GELU函数
已替换 5 层的Softmax函数
已替换 6 层的Softmax函数
已替换 1 层的Softmax函数
Input noise enabled for 2 layers (scaling_factor=20, distribution=fresh)
Input noise enabled for 3 layers (scaling_factor=22, distribution=fresh)
Input noise enabled for 2 layers (scaling_factor=24, distribution=fresh)
Input noise enabled for 1 layers (scaling_factor=26, distribution=fresh)
Input noise enabled for 2 layers (scaling_factor=28, distribution=fresh)
Input noise enabled for 2 layers (scaling_factor=30, distribution=fresh)
query noise enabled for 2 layers (scaling_factor=10, distribution=encoding)
query noise enabled for 2 layers (scaling_factor=16, distribution=encoding)
query noise enabled for 4 layers (scaling_factor=18, distribution=encoding)
query noise enabled for 3 layers (scaling_factor=20, distribution=encoding)
query noise enabled for 1 layers (scaling_factor=22, distribution=encoding)
key noise enabled for 1 layers (scaling_factor=10, distribution=encoding)
key noise enabled for 1 layers (scaling_factor=12, distribution=encoding)
key noise enabled for 3 layers (scaling_factor=14, distribution=encoding)
key noise enabled for 4 layers (scaling_factor=18, distribution=encoding)
key noise enabled for 2 layers (scaling_factor=20, distribution=encoding)
key noise enabled for 1 layers (scaling_factor=22, distribution=encoding)
value noise enabled for 2 layers (scaling_factor=10, distribution=encoding)
value noise enabled for 2 layers (scaling_factor=12, distribution=encoding)
value noise enabled for 1 layers (scaling_factor=14, distribution=encoding)
value noise enabled for 1 layers (scaling_factor=16, distribution=encoding)
value noise enabled for 1 layers (scaling_factor=18, distribution=encoding)
value noise enabled for 3 layers (scaling_factor=20, distribution=encoding)
value noise enabled for 2 layers (scaling_factor=22, distribution=encoding)
wo noise enabled for 2 layers (scaling_factor=10, distribution=encoding)
wo noise enabled for 1 layers (scaling_factor=14, distribution=encoding)
wo noise enabled for 3 layers (scaling_factor=16, distribution=encoding)
wo noise enabled for 1 layers (scaling_factor=18, distribution=encoding)
wo noise enabled for 3 layers (scaling_factor=20, distribution=encoding)
wo noise enabled for 2 layers (scaling_factor=22, distribution=encoding)
wffn1 noise enabled for 4 layers (scaling_factor=12, distribution=encoding)
wffn1 noise enabled for 1 layers (scaling_factor=16, distribution=encoding)
wffn1 noise enabled for 1 layers (scaling_factor=18, distribution=encoding)
wffn1 noise enabled for 1 layers (scaling_factor=20, distribution=encoding)
wffn1 noise enabled for 5 layers (scaling_factor=22, distribution=encoding)
wffn2 noise enabled for 1 layers (scaling_factor=10, distribution=encoding)
wffn2 noise enabled for 2 layers (scaling_factor=12, distribution=encoding)
wffn2 noise enabled for 2 layers (scaling_factor=14, distribution=encoding)
wffn2 noise enabled for 2 layers (scaling_factor=16, distribution=encoding)
wffn2 noise enabled for 1 layers (scaling_factor=18, distribution=encoding)
wffn2 noise enabled for 3 layers (scaling_factor=20, distribution=encoding)
wffn2 noise enabled for 1 layers (scaling_factor=22, distribution=encoding)
已替换 11 层的GELU函数
已替换 1 层的GELU函数
已替换 5 层的Softmax函数
已替换 6 层的Softmax函数
已替换 1 层的Softmax函数
Input noise enabled for 3 layers (scaling_factor=20, distribution=fresh)
Input noise enabled for 1 layers (scaling_factor=22, distribution=fresh)
Input noise enabled for 2 layers (scaling_factor=24, distribution=fresh)
Input noise enabled for 3 layers (scaling_factor=26, distribution=fresh)
Input noise enabled for 1 layers (scaling_factor=28, distribution=fresh)
Input noise enabled for 2 layers (scaling_factor=30, distribution=fresh)
query noise enabled for 2 layers (scaling_factor=10, distribution=encoding)
query noise enabled for 2 layers (scaling_factor=14, distribution=encoding)
query noise enabled for 2 layers (scaling_factor=16, distribution=encoding)
query noise enabled for 1 layers (scaling_factor=18, distribution=encoding)
query noise enabled for 1 layers (scaling_factor=20, distribution=encoding)
query noise enabled for 4 layers (scaling_factor=22, distribution=encoding)
key noise enabled for 1 layers (scaling_factor=10, distribution=encoding)
key noise enabled for 1 layers (scaling_factor=12, distribution=encoding)
key noise enabled for 3 layers (scaling_factor=14, distribution=encoding)
key noise enabled for 1 layers (scaling_factor=16, distribution=encoding)
key noise enabled for 2 layers (scaling_factor=18, distribution=encoding)
key noise enabled for 3 layers (scaling_factor=20, distribution=encoding)
key noise enabled for 1 layers (scaling_factor=22, distribution=encoding)
value noise enabled for 3 layers (scaling_factor=10, distribution=encoding)
value noise enabled for 1 layers (scaling_factor=14, distribution=encoding)
value noise enabled for 2 layers (scaling_factor=16, distribution=encoding)
value noise enabled for 2 layers (scaling_factor=18, distribution=encoding)
value noise enabled for 2 layers (scaling_factor=20, distribution=encoding)
value noise enabled for 2 layers (scaling_factor=22, distribution=encoding)
wo noise enabled for 1 layers (scaling_factor=12, distribution=encoding)
wo noise enabled for 2 layers (scaling_factor=14, distribution=encoding)
wo noise enabled for 5 layers (scaling_factor=16, distribution=encoding)
wo noise enabled for 2 layers (scaling_factor=20, distribution=encoding)
wo noise enabled for 2 layers (scaling_factor=22, distribution=encoding)
wffn1 noise enabled for 2 layers (scaling_factor=10, distribution=encoding)
wffn1 noise enabled for 2 layers (scaling_factor=14, distribution=encoding)
wffn1 noise enabled for 1 layers (scaling_factor=16, distribution=encoding)
wffn1 noise enabled for 1 layers (scaling_factor=18, distribution=encoding)
wffn1 noise enabled for 1 layers (scaling_factor=20, distribution=encoding)
wffn1 noise enabled for 5 layers (scaling_factor=22, distribution=encoding)
wffn2 noise enabled for 2 layers (scaling_factor=10, distribution=encoding)
wffn2 noise enabled for 2 layers (scaling_factor=12, distribution=encoding)
wffn2 noise enabled for 2 layers (scaling_factor=16, distribution=encoding)
wffn2 noise enabled for 3 layers (scaling_factor=18, distribution=encoding)
wffn2 noise enabled for 1 layers (scaling_factor=20, distribution=encoding)
wffn2 noise enabled for 2 layers (scaling_factor=22, distribution=encoding)
已替换 11 层的GELU函数
已替换 1 层的GELU函数
已替换 5 层的Softmax函数
已替换 6 层的Softmax函数
已替换 1 层的Softmax函数
Input noise enabled for 1 layers (scaling_factor=20, distribution=fresh)
Input noise enabled for 3 layers (scaling_factor=22, distribution=fresh)
Input noise enabled for 3 layers (scaling_factor=24, distribution=fresh)
Input noise enabled for 2 layers (scaling_factor=26, distribution=fresh)
Input noise enabled for 2 layers (scaling_factor=28, distribution=fresh)
Input noise enabled for 1 layers (scaling_factor=30, distribution=fresh)
query noise enabled for 2 layers (scaling_factor=10, distribution=encoding)
query noise enabled for 1 layers (scaling_factor=14, distribution=encoding)
query noise enabled for 2 layers (scaling_factor=16, distribution=encoding)
query noise enabled for 2 layers (scaling_factor=18, distribution=encoding)
query noise enabled for 3 layers (scaling_factor=20, distribution=encoding)
query noise enabled for 2 layers (scaling_factor=22, distribution=encoding)
key noise enabled for 2 layers (scaling_factor=10, distribution=encoding)
key noise enabled for 2 layers (scaling_factor=12, distribution=encoding)
key noise enabled for 1 layers (scaling_factor=14, distribution=encoding)
key noise enabled for 2 layers (scaling_factor=16, distribution=encoding)
key noise enabled for 1 layers (scaling_factor=20, distribution=encoding)
key noise enabled for 4 layers (scaling_factor=22, distribution=encoding)
value noise enabled for 1 layers (scaling_factor=10, distribution=encoding)
value noise enabled for 2 layers (scaling_factor=12, distribution=encoding)
value noise enabled for 3 layers (scaling_factor=14, distribution=encoding)
value noise enabled for 2 layers (scaling_factor=16, distribution=encoding)
value noise enabled for 4 layers (scaling_factor=22, distribution=encoding)
wo noise enabled for 3 layers (scaling_factor=12, distribution=encoding)
wo noise enabled for 1 layers (scaling_factor=14, distribution=encoding)
wo noise enabled for 2 layers (scaling_factor=16, distribution=encoding)
wo noise enabled for 2 layers (scaling_factor=18, distribution=encoding)
wo noise enabled for 1 layers (scaling_factor=20, distribution=encoding)
wo noise enabled for 3 layers (scaling_factor=22, distribution=encoding)
wffn1 noise enabled for 1 layers (scaling_factor=10, distribution=encoding)
wffn1 noise enabled for 1 layers (scaling_factor=14, distribution=encoding)
wffn1 noise enabled for 3 layers (scaling_factor=16, distribution=encoding)
wffn1 noise enabled for 1 layers (scaling_factor=18, distribution=encoding)
wffn1 noise enabled for 5 layers (scaling_factor=20, distribution=encoding)
wffn1 noise enabled for 1 layers (scaling_factor=22, distribution=encoding)
wffn2 noise enabled for 2 layers (scaling_factor=12, distribution=encoding)
wffn2 noise enabled for 3 layers (scaling_factor=14, distribution=encoding)
wffn2 noise enabled for 3 layers (scaling_factor=16, distribution=encoding)
wffn2 noise enabled for 2 layers (scaling_factor=18, distribution=encoding)
wffn2 noise enabled for 2 layers (scaling_factor=22, distribution=encoding)
已替换 11 层的GELU函数
已替换 1 层的GELU函数
已替换 5 层的Softmax函数
已替换 6 层的Softmax函数
已替换 1 层的Softmax函数
Input noise enabled for 3 layers (scaling_factor=20, distribution=fresh)
Input noise enabled for 2 layers (scaling_factor=22, distribution=fresh)
Input noise enabled for 2 layers (scaling_factor=24, distribution=fresh)
Input noise enabled for 1 layers (scaling_factor=26, distribution=fresh)
Input noise enabled for 1 layers (scaling_factor=28, distribution=fresh)
Input noise enabled for 3 layers (scaling_factor=30, distribution=fresh)
query noise enabled for 1 layers (scaling_factor=10, distribution=encoding)
query noise enabled for 1 layers (scaling_factor=12, distribution=encoding)
query noise enabled for 3 layers (scaling_factor=14, distribution=encoding)
query noise enabled for 1 layers (scaling_factor=16, distribution=encoding)
query noise enabled for 3 layers (scaling_factor=20, distribution=encoding)
query noise enabled for 3 layers (scaling_factor=22, distribution=encoding)
key noise enabled for 1 layers (scaling_factor=10, distribution=encoding)
key noise enabled for 1 layers (scaling_factor=12, distribution=encoding)
key noise enabled for 4 layers (scaling_factor=14, distribution=encoding)
key noise enabled for 1 layers (scaling_factor=16, distribution=encoding)
key noise enabled for 3 layers (scaling_factor=20, distribution=encoding)
key noise enabled for 2 layers (scaling_factor=22, distribution=encoding)
value noise enabled for 2 layers (scaling_factor=12, distribution=encoding)
value noise enabled for 3 layers (scaling_factor=14, distribution=encoding)
value noise enabled for 2 layers (scaling_factor=16, distribution=encoding)
value noise enabled for 2 layers (scaling_factor=18, distribution=encoding)
value noise enabled for 2 layers (scaling_factor=20, distribution=encoding)
value noise enabled for 1 layers (scaling_factor=22, distribution=encoding)
wo noise enabled for 2 layers (scaling_factor=10, distribution=encoding)
wo noise enabled for 1 layers (scaling_factor=12, distribution=encoding)
wo noise enabled for 2 layers (scaling_factor=14, distribution=encoding)
wo noise enabled for 1 layers (scaling_factor=16, distribution=encoding)
wo noise enabled for 1 layers (scaling_factor=18, distribution=encoding)
wo noise enabled for 5 layers (scaling_factor=22, distribution=encoding)
wffn1 noise enabled for 2 layers (scaling_factor=12, distribution=encoding)
wffn1 noise enabled for 1 layers (scaling_factor=14, distribution=encoding)
wffn1 noise enabled for 2 layers (scaling_factor=16, distribution=encoding)
wffn1 noise enabled for 1 layers (scaling_factor=18, distribution=encoding)
wffn1 noise enabled for 4 layers (scaling_factor=20, distribution=encoding)
wffn1 noise enabled for 2 layers (scaling_factor=22, distribution=encoding)
wffn2 noise enabled for 2 layers (scaling_factor=10, distribution=encoding)
wffn2 noise enabled for 4 layers (scaling_factor=14, distribution=encoding)
wffn2 noise enabled for 1 layers (scaling_factor=16, distribution=encoding)
wffn2 noise enabled for 1 layers (scaling_factor=18, distribution=encoding)
wffn2 noise enabled for 2 layers (scaling_factor=20, distribution=encoding)
wffn2 noise enabled for 2 layers (scaling_factor=22, distribution=encoding)
已替换 11 层的GELU函数
已替换 1 层的GELU函数
已替换 5 层的Softmax函数
已替换 6 层的Softmax函数
已替换 1 层的Softmax函数
Input noise enabled for 3 layers (scaling_factor=20, distribution=fresh)
Input noise enabled for 3 layers (scaling_factor=22, distribution=fresh)
Input noise enabled for 1 layers (scaling_factor=26, distribution=fresh)
Input noise enabled for 3 layers (scaling_factor=28, distribution=fresh)
Input noise enabled for 2 layers (scaling_factor=30, distribution=fresh)
query noise enabled for 1 layers (scaling_factor=10, distribution=encoding)
query noise enabled for 3 layers (scaling_factor=14, distribution=encoding)
query noise enabled for 1 layers (scaling_factor=16, distribution=encoding)
query noise enabled for 3 layers (scaling_factor=18, distribution=encoding)
query noise enabled for 2 layers (scaling_factor=20, distribution=encoding)
query noise enabled for 2 layers (scaling_factor=22, distribution=encoding)
key noise enabled for 2 layers (scaling_factor=10, distribution=encoding)
key noise enabled for 1 layers (scaling_factor=12, distribution=encoding)
key noise enabled for 1 layers (scaling_factor=14, distribution=encoding)
key noise enabled for 2 layers (scaling_factor=16, distribution=encoding)
key noise enabled for 2 layers (scaling_factor=18, distribution=encoding)
key noise enabled for 2 layers (scaling_factor=20, distribution=encoding)
key noise enabled for 2 layers (scaling_factor=22, distribution=encoding)
value noise enabled for 1 layers (scaling_factor=10, distribution=encoding)
value noise enabled for 1 layers (scaling_factor=12, distribution=encoding)
value noise enabled for 3 layers (scaling_factor=14, distribution=encoding)
value noise enabled for 2 layers (scaling_factor=16, distribution=encoding)
value noise enabled for 2 layers (scaling_factor=18, distribution=encoding)
value noise enabled for 1 layers (scaling_factor=20, distribution=encoding)
value noise enabled for 2 layers (scaling_factor=22, distribution=encoding)
wo noise enabled for 2 layers (scaling_factor=10, distribution=encoding)
wo noise enabled for 2 layers (scaling_factor=14, distribution=encoding)
wo noise enabled for 2 layers (scaling_factor=16, distribution=encoding)
wo noise enabled for 1 layers (scaling_factor=18, distribution=encoding)
wo noise enabled for 2 layers (scaling_factor=20, distribution=encoding)
wo noise enabled for 3 layers (scaling_factor=22, distribution=encoding)
wffn1 noise enabled for 2 layers (scaling_factor=10, distribution=encoding)
wffn1 noise enabled for 1 layers (scaling_factor=12, distribution=encoding)
wffn1 noise enabled for 2 layers (scaling_factor=16, distribution=encoding)
wffn1 noise enabled for 3 layers (scaling_factor=20, distribution=encoding)
wffn1 noise enabled for 4 layers (scaling_factor=22, distribution=encoding)
wffn2 noise enabled for 3 layers (scaling_factor=10, distribution=encoding)
wffn2 noise enabled for 3 layers (scaling_factor=14, distribution=encoding)
wffn2 noise enabled for 1 layers (scaling_factor=18, distribution=encoding)
wffn2 noise enabled for 3 layers (scaling_factor=20, distribution=encoding)
wffn2 noise enabled for 2 layers (scaling_factor=22, distribution=encoding)
已替换 11 层的GELU函数
已替换 1 层的GELU函数
已替换 5 层的Softmax函数
已替换 6 层的Softmax函数
已替换 1 层的Softmax函数
Input noise enabled for 3 layers (scaling_factor=20, distribution=fresh)
Input noise enabled for 2 layers (scaling_factor=22, distribution=fresh)
Input noise enabled for 1 layers (scaling_factor=24, distribution=fresh)
Input noise enabled for 2 layers (scaling_factor=26, distribution=fresh)
Input noise enabled for 2 layers (scaling_factor=28, distribution=fresh)
Input noise enabled for 2 layers (scaling_factor=30, distribution=fresh)
query noise enabled for 2 layers (scaling_factor=10, distribution=encoding)
query noise enabled for 3 layers (scaling_factor=14, distribution=encoding)
query noise enabled for 1 layers (scaling_factor=18, distribution=encoding)
query noise enabled for 3 layers (scaling_factor=20, distribution=encoding)
query noise enabled for 3 layers (scaling_factor=22, distribution=encoding)
key noise enabled for 1 layers (scaling_factor=10, distribution=encoding)
key noise enabled for 2 layers (scaling_factor=12, distribution=encoding)
key noise enabled for 1 layers (scaling_factor=14, distribution=encoding)
key noise enabled for 2 layers (scaling_factor=16, distribution=encoding)
key noise enabled for 3 layers (scaling_factor=18, distribution=encoding)
key noise enabled for 1 layers (scaling_factor=20, distribution=encoding)
key noise enabled for 2 layers (scaling_factor=22, distribution=encoding)
value noise enabled for 2 layers (scaling_factor=10, distribution=encoding)
value noise enabled for 3 layers (scaling_factor=12, distribution=encoding)
value noise enabled for 1 layers (scaling_factor=14, distribution=encoding)
value noise enabled for 1 layers (scaling_factor=18, distribution=encoding)
value noise enabled for 1 layers (scaling_factor=20, distribution=encoding)
value noise enabled for 4 layers (scaling_factor=22, distribution=encoding)
wo noise enabled for 1 layers (scaling_factor=10, distribution=encoding)
wo noise enabled for 2 layers (scaling_factor=12, distribution=encoding)
wo noise enabled for 1 layers (scaling_factor=14, distribution=encoding)
wo noise enabled for 2 layers (scaling_factor=16, distribution=encoding)
wo noise enabled for 1 layers (scaling_factor=18, distribution=encoding)
wo noise enabled for 2 layers (scaling_factor=20, distribution=encoding)
wo noise enabled for 3 layers (scaling_factor=22, distribution=encoding)
wffn1 noise enabled for 1 layers (scaling_factor=10, distribution=encoding)
wffn1 noise enabled for 2 layers (scaling_factor=12, distribution=encoding)
wffn1 noise enabled for 1 layers (scaling_factor=16, distribution=encoding)
wffn1 noise enabled for 1 layers (scaling_factor=18, distribution=encoding)
wffn1 noise enabled for 5 layers (scaling_factor=20, distribution=encoding)
wffn1 noise enabled for 2 layers (scaling_factor=22, distribution=encoding)
wffn2 noise enabled for 1 layers (scaling_factor=10, distribution=encoding)
wffn2 noise enabled for 1 layers (scaling_factor=12, distribution=encoding)
wffn2 noise enabled for 3 layers (scaling_factor=14, distribution=encoding)
wffn2 noise enabled for 2 layers (scaling_factor=16, distribution=encoding)
wffn2 noise enabled for 2 layers (scaling_factor=18, distribution=encoding)
wffn2 noise enabled for 2 layers (scaling_factor=20, distribution=encoding)
wffn2 noise enabled for 1 layers (scaling_factor=22, distribution=encoding)
已替换 11 层的GELU函数
已替换 1 层的GELU函数
已替换 5 层的Softmax函数
已替换 6 层的Softmax函数
已替换 1 层的Softmax函数
Input noise enabled for 2 layers (scaling_factor=20, distribution=fresh)
Input noise enabled for 3 layers (scaling_factor=22, distribution=fresh)
Input noise enabled for 2 layers (scaling_factor=24, distribution=fresh)
Input noise enabled for 1 layers (scaling_factor=26, distribution=fresh)
Input noise enabled for 2 layers (scaling_factor=28, distribution=fresh)
Input noise enabled for 2 layers (scaling_factor=30, distribution=fresh)
query noise enabled for 1 layers (scaling_factor=10, distribution=encoding)
query noise enabled for 1 layers (scaling_factor=12, distribution=encoding)
query noise enabled for 1 layers (scaling_factor=14, distribution=encoding)
query noise enabled for 3 layers (scaling_factor=16, distribution=encoding)
query noise enabled for 1 layers (scaling_factor=18, distribution=encoding)
query noise enabled for 3 layers (scaling_factor=20, distribution=encoding)
query noise enabled for 2 layers (scaling_factor=22, distribution=encoding)
key noise enabled for 2 layers (scaling_factor=10, distribution=encoding)
key noise enabled for 2 layers (scaling_factor=14, distribution=encoding)
key noise enabled for 3 layers (scaling_factor=16, distribution=encoding)
key noise enabled for 2 layers (scaling_factor=18, distribution=encoding)
key noise enabled for 3 layers (scaling_factor=22, distribution=encoding)
value noise enabled for 1 layers (scaling_factor=10, distribution=encoding)
value noise enabled for 2 layers (scaling_factor=12, distribution=encoding)
value noise enabled for 2 layers (scaling_factor=14, distribution=encoding)
value noise enabled for 2 layers (scaling_factor=16, distribution=encoding)
value noise enabled for 1 layers (scaling_factor=18, distribution=encoding)
value noise enabled for 2 layers (scaling_factor=20, distribution=encoding)
value noise enabled for 2 layers (scaling_factor=22, distribution=encoding)
wo noise enabled for 1 layers (scaling_factor=12, distribution=encoding)
wo noise enabled for 4 layers (scaling_factor=14, distribution=encoding)
wo noise enabled for 1 layers (scaling_factor=16, distribution=encoding)
wo noise enabled for 1 layers (scaling_factor=18, distribution=encoding)
wo noise enabled for 4 layers (scaling_factor=20, distribution=encoding)
wo noise enabled for 1 layers (scaling_factor=22, distribution=encoding)
wffn1 noise enabled for 5 layers (scaling_factor=14, distribution=encoding)
wffn1 noise enabled for 1 layers (scaling_factor=16, distribution=encoding)
wffn1 noise enabled for 1 layers (scaling_factor=18, distribution=encoding)
wffn1 noise enabled for 1 layers (scaling_factor=20, distribution=encoding)
wffn1 noise enabled for 4 layers (scaling_factor=22, distribution=encoding)
wffn2 noise enabled for 3 layers (scaling_factor=12, distribution=encoding)
wffn2 noise enabled for 1 layers (scaling_factor=14, distribution=encoding)
wffn2 noise enabled for 2 layers (scaling_factor=16, distribution=encoding)
wffn2 noise enabled for 4 layers (scaling_factor=18, distribution=encoding)
wffn2 noise enabled for 2 layers (scaling_factor=20, distribution=encoding)
已替换 11 层的GELU函数
已替换 1 层的GELU函数
已替换 5 层的Softmax函数
已替换 6 层的Softmax函数
已替换 1 层的Softmax函数
Input noise enabled for 4 layers (scaling_factor=20, distribution=fresh)
Input noise enabled for 2 layers (scaling_factor=24, distribution=fresh)
Input noise enabled for 2 layers (scaling_factor=26, distribution=fresh)
Input noise enabled for 2 layers (scaling_factor=28, distribution=fresh)
Input noise enabled for 2 layers (scaling_factor=30, distribution=fresh)
query noise enabled for 1 layers (scaling_factor=12, distribution=encoding)
query noise enabled for 2 layers (scaling_factor=14, distribution=encoding)
query noise enabled for 3 layers (scaling_factor=16, distribution=encoding)
query noise enabled for 2 layers (scaling_factor=18, distribution=encoding)
query noise enabled for 3 layers (scaling_factor=20, distribution=encoding)
query noise enabled for 1 layers (scaling_factor=22, distribution=encoding)
key noise enabled for 3 layers (scaling_factor=10, distribution=encoding)
key noise enabled for 2 layers (scaling_factor=14, distribution=encoding)
key noise enabled for 1 layers (scaling_factor=16, distribution=encoding)
key noise enabled for 4 layers (scaling_factor=20, distribution=encoding)
key noise enabled for 2 layers (scaling_factor=22, distribution=encoding)
value noise enabled for 2 layers (scaling_factor=12, distribution=encoding)
value noise enabled for 4 layers (scaling_factor=14, distribution=encoding)
value noise enabled for 4 layers (scaling_factor=18, distribution=encoding)
value noise enabled for 2 layers (scaling_factor=22, distribution=encoding)
wo noise enabled for 2 layers (scaling_factor=10, distribution=encoding)
wo noise enabled for 2 layers (scaling_factor=12, distribution=encoding)
wo noise enabled for 3 layers (scaling_factor=18, distribution=encoding)
wo noise enabled for 2 layers (scaling_factor=20, distribution=encoding)
wo noise enabled for 3 layers (scaling_factor=22, distribution=encoding)
wffn1 noise enabled for 1 layers (scaling_factor=10, distribution=encoding)
wffn1 noise enabled for 2 layers (scaling_factor=14, distribution=encoding)
wffn1 noise enabled for 2 layers (scaling_factor=16, distribution=encoding)
wffn1 noise enabled for 2 layers (scaling_factor=18, distribution=encoding)
wffn1 noise enabled for 2 layers (scaling_factor=20, distribution=encoding)
wffn1 noise enabled for 3 layers (scaling_factor=22, distribution=encoding)
wffn2 noise enabled for 1 layers (scaling_factor=10, distribution=encoding)
wffn2 noise enabled for 1 layers (scaling_factor=12, distribution=encoding)
wffn2 noise enabled for 4 layers (scaling_factor=14, distribution=encoding)
wffn2 noise enabled for 2 layers (scaling_factor=16, distribution=encoding)
wffn2 noise enabled for 1 layers (scaling_factor=18, distribution=encoding)
wffn2 noise enabled for 3 layers (scaling_factor=22, distribution=encoding)
已替换 11 层的GELU函数
已替换 1 层的GELU函数
已替换 5 层的Softmax函数
已替换 6 层的Softmax函数
已替换 1 层的Softmax函数
Input noise enabled for 4 layers (scaling_factor=20, distribution=fresh)
Input noise enabled for 3 layers (scaling_factor=24, distribution=fresh)
Input noise enabled for 3 layers (scaling_factor=28, distribution=fresh)
Input noise enabled for 2 layers (scaling_factor=30, distribution=fresh)
query noise enabled for 1 layers (scaling_factor=10, distribution=encoding)
query noise enabled for 1 layers (scaling_factor=12, distribution=encoding)
query noise enabled for 3 layers (scaling_factor=14, distribution=encoding)
query noise enabled for 2 layers (scaling_factor=18, distribution=encoding)
query noise enabled for 2 layers (scaling_factor=20, distribution=encoding)
query noise enabled for 3 layers (scaling_factor=22, distribution=encoding)
key noise enabled for 3 layers (scaling_factor=12, distribution=encoding)
key noise enabled for 1 layers (scaling_factor=14, distribution=encoding)
key noise enabled for 3 layers (scaling_factor=16, distribution=encoding)
key noise enabled for 1 layers (scaling_factor=18, distribution=encoding)
key noise enabled for 3 layers (scaling_factor=20, distribution=encoding)
key noise enabled for 1 layers (scaling_factor=22, distribution=encoding)
value noise enabled for 2 layers (scaling_factor=10, distribution=encoding)
value noise enabled for 2 layers (scaling_factor=14, distribution=encoding)
value noise enabled for 3 layers (scaling_factor=16, distribution=encoding)
value noise enabled for 1 layers (scaling_factor=18, distribution=encoding)
value noise enabled for 3 layers (scaling_factor=20, distribution=encoding)
value noise enabled for 1 layers (scaling_factor=22, distribution=encoding)
wo noise enabled for 1 layers (scaling_factor=10, distribution=encoding)
wo noise enabled for 2 layers (scaling_factor=12, distribution=encoding)
wo noise enabled for 1 layers (scaling_factor=14, distribution=encoding)
wo noise enabled for 1 layers (scaling_factor=16, distribution=encoding)
wo noise enabled for 2 layers (scaling_factor=18, distribution=encoding)
wo noise enabled for 3 layers (scaling_factor=20, distribution=encoding)
wo noise enabled for 2 layers (scaling_factor=22, distribution=encoding)
wffn1 noise enabled for 1 layers (scaling_factor=10, distribution=encoding)
wffn1 noise enabled for 1 layers (scaling_factor=12, distribution=encoding)
wffn1 noise enabled for 3 layers (scaling_factor=16, distribution=encoding)
wffn1 noise enabled for 1 layers (scaling_factor=18, distribution=encoding)
wffn1 noise enabled for 4 layers (scaling_factor=20, distribution=encoding)
wffn1 noise enabled for 2 layers (scaling_factor=22, distribution=encoding)
wffn2 noise enabled for 2 layers (scaling_factor=10, distribution=encoding)
wffn2 noise enabled for 1 layers (scaling_factor=12, distribution=encoding)
wffn2 noise enabled for 2 layers (scaling_factor=14, distribution=encoding)
wffn2 noise enabled for 1 layers (scaling_factor=16, distribution=encoding)
wffn2 noise enabled for 3 layers (scaling_factor=18, distribution=encoding)
wffn2 noise enabled for 1 layers (scaling_factor=20, distribution=encoding)
wffn2 noise enabled for 2 layers (scaling_factor=22, distribution=encoding)
已替换 11 层的GELU函数
已替换 1 层的GELU函数
已替换 5 层的Softmax函数
已替换 6 层的Softmax函数
已替换 1 层的Softmax函数
Input noise enabled for 3 layers (scaling_factor=20, distribution=fresh)
Input noise enabled for 1 layers (scaling_factor=22, distribution=fresh)
Input noise enabled for 3 layers (scaling_factor=24, distribution=fresh)
Input noise enabled for 1 layers (scaling_factor=26, distribution=fresh)
Input noise enabled for 2 layers (scaling_factor=28, distribution=fresh)
Input noise enabled for 2 layers (scaling_factor=30, distribution=fresh)
query noise enabled for 3 layers (scaling_factor=10, distribution=encoding)
query noise enabled for 1 layers (scaling_factor=12, distribution=encoding)
query noise enabled for 1 layers (scaling_factor=16, distribution=encoding)
query noise enabled for 1 layers (scaling_factor=18, distribution=encoding)
query noise enabled for 1 layers (scaling_factor=20, distribution=encoding)
query noise enabled for 5 layers (scaling_factor=22, distribution=encoding)
key noise enabled for 2 layers (scaling_factor=10, distribution=encoding)
key noise enabled for 1 layers (scaling_factor=12, distribution=encoding)
key noise enabled for 1 layers (scaling_factor=14, distribution=encoding)
key noise enabled for 3 layers (scaling_factor=16, distribution=encoding)
key noise enabled for 1 layers (scaling_factor=18, distribution=encoding)
key noise enabled for 1 layers (scaling_factor=20, distribution=encoding)
key noise enabled for 3 layers (scaling_factor=22, distribution=encoding)
value noise enabled for 3 layers (scaling_factor=12, distribution=encoding)
value noise enabled for 2 layers (scaling_factor=14, distribution=encoding)
value noise enabled for 1 layers (scaling_factor=16, distribution=encoding)
value noise enabled for 3 layers (scaling_factor=18, distribution=encoding)
value noise enabled for 2 layers (scaling_factor=20, distribution=encoding)
value noise enabled for 1 layers (scaling_factor=22, distribution=encoding)
wo noise enabled for 1 layers (scaling_factor=10, distribution=encoding)
wo noise enabled for 4 layers (scaling_factor=14, distribution=encoding)
wo noise enabled for 2 layers (scaling_factor=16, distribution=encoding)
wo noise enabled for 1 layers (scaling_factor=18, distribution=encoding)
wo noise enabled for 4 layers (scaling_factor=22, distribution=encoding)
wffn1 noise enabled for 3 layers (scaling_factor=12, distribution=encoding)
wffn1 noise enabled for 2 layers (scaling_factor=16, distribution=encoding)
wffn1 noise enabled for 1 layers (scaling_factor=18, distribution=encoding)
wffn1 noise enabled for 3 layers (scaling_factor=20, distribution=encoding)
wffn1 noise enabled for 3 layers (scaling_factor=22, distribution=encoding)
wffn2 noise enabled for 3 layers (scaling_factor=10, distribution=encoding)
wffn2 noise enabled for 1 layers (scaling_factor=12, distribution=encoding)
wffn2 noise enabled for 1 layers (scaling_factor=16, distribution=encoding)
wffn2 noise enabled for 4 layers (scaling_factor=18, distribution=encoding)
wffn2 noise enabled for 1 layers (scaling_factor=20, distribution=encoding)
wffn2 noise enabled for 2 layers (scaling_factor=22, distribution=encoding)
Generating 10 budget-equivalent noise random configs...
已替换 11 层的GELU函数
已替换 1 层的GELU函数
已替换 5 层的Softmax函数
已替换 6 层的Softmax函数
已替换 1 层的Softmax函数
Input noise enabled for 2 layers (scaling_factor=20, distribution=fresh)
Input noise enabled for 2 layers (scaling_factor=22, distribution=fresh)
Input noise enabled for 1 layers (scaling_factor=24, distribution=fresh)
Input noise enabled for 1 layers (scaling_factor=26, distribution=fresh)
Input noise enabled for 1 layers (scaling_factor=28, distribution=fresh)
Input noise enabled for 5 layers (scaling_factor=30, distribution=fresh)
query noise enabled for 1 layers (scaling_factor=10, distribution=encoding)
query noise enabled for 3 layers (scaling_factor=12, distribution=encoding)
query noise enabled for 3 layers (scaling_factor=16, distribution=encoding)
query noise enabled for 3 layers (scaling_factor=20, distribution=encoding)
query noise enabled for 2 layers (scaling_factor=22, distribution=encoding)
key noise enabled for 2 layers (scaling_factor=10, distribution=encoding)
key noise enabled for 1 layers (scaling_factor=12, distribution=encoding)
key noise enabled for 2 layers (scaling_factor=14, distribution=encoding)
key noise enabled for 2 layers (scaling_factor=18, distribution=encoding)
key noise enabled for 2 layers (scaling_factor=20, distribution=encoding)
key noise enabled for 3 layers (scaling_factor=22, distribution=encoding)
value noise enabled for 1 layers (scaling_factor=12, distribution=encoding)
value noise enabled for 2 layers (scaling_factor=14, distribution=encoding)
value noise enabled for 3 layers (scaling_factor=16, distribution=encoding)
value noise enabled for 2 layers (scaling_factor=18, distribution=encoding)
value noise enabled for 1 layers (scaling_factor=20, distribution=encoding)
value noise enabled for 3 layers (scaling_factor=22, distribution=encoding)
wo noise enabled for 4 layers (scaling_factor=10, distribution=encoding)
wo noise enabled for 2 layers (scaling_factor=12, distribution=encoding)
wo noise enabled for 2 layers (scaling_factor=14, distribution=encoding)
wo noise enabled for 1 layers (scaling_factor=18, distribution=encoding)
wo noise enabled for 2 layers (scaling_factor=20, distribution=encoding)
wo noise enabled for 1 layers (scaling_factor=22, distribution=encoding)
wffn1 noise enabled for 2 layers (scaling_factor=10, distribution=encoding)
wffn1 noise enabled for 1 layers (scaling_factor=12, distribution=encoding)
wffn1 noise enabled for 4 layers (scaling_factor=16, distribution=encoding)
wffn1 noise enabled for 2 layers (scaling_factor=18, distribution=encoding)
wffn1 noise enabled for 1 layers (scaling_factor=20, distribution=encoding)
wffn1 noise enabled for 2 layers (scaling_factor=22, distribution=encoding)
wffn2 noise enabled for 2 layers (scaling_factor=10, distribution=encoding)
wffn2 noise enabled for 1 layers (scaling_factor=14, distribution=encoding)
wffn2 noise enabled for 2 layers (scaling_factor=16, distribution=encoding)
wffn2 noise enabled for 4 layers (scaling_factor=18, distribution=encoding)
wffn2 noise enabled for 1 layers (scaling_factor=20, distribution=encoding)
wffn2 noise enabled for 2 layers (scaling_factor=22, distribution=encoding)
已替换 11 层的GELU函数
已替换 1 层的GELU函数
已替换 5 层的Softmax函数
已替换 6 层的Softmax函数
已替换 1 层的Softmax函数
Input noise enabled for 2 layers (scaling_factor=20, distribution=fresh)
Input noise enabled for 3 layers (scaling_factor=22, distribution=fresh)
Input noise enabled for 3 layers (scaling_factor=24, distribution=fresh)
Input noise enabled for 1 layers (scaling_factor=26, distribution=fresh)
Input noise enabled for 3 layers (scaling_factor=30, distribution=fresh)
query noise enabled for 1 layers (scaling_factor=10, distribution=encoding)
query noise enabled for 2 layers (scaling_factor=12, distribution=encoding)
query noise enabled for 1 layers (scaling_factor=14, distribution=encoding)
query noise enabled for 3 layers (scaling_factor=18, distribution=encoding)
query noise enabled for 1 layers (scaling_factor=20, distribution=encoding)
query noise enabled for 4 layers (scaling_factor=22, distribution=encoding)
key noise enabled for 2 layers (scaling_factor=10, distribution=encoding)
key noise enabled for 3 layers (scaling_factor=14, distribution=encoding)
key noise enabled for 4 layers (scaling_factor=16, distribution=encoding)
key noise enabled for 3 layers (scaling_factor=22, distribution=encoding)
value noise enabled for 1 layers (scaling_factor=10, distribution=encoding)
value noise enabled for 1 layers (scaling_factor=12, distribution=encoding)
value noise enabled for 3 layers (scaling_factor=14, distribution=encoding)
value noise enabled for 2 layers (scaling_factor=16, distribution=encoding)
value noise enabled for 2 layers (scaling_factor=18, distribution=encoding)
value noise enabled for 3 layers (scaling_factor=22, distribution=encoding)
wo noise enabled for 3 layers (scaling_factor=10, distribution=encoding)
wo noise enabled for 2 layers (scaling_factor=12, distribution=encoding)
wo noise enabled for 1 layers (scaling_factor=16, distribution=encoding)
wo noise enabled for 2 layers (scaling_factor=20, distribution=encoding)
wo noise enabled for 4 layers (scaling_factor=22, distribution=encoding)
wffn1 noise enabled for 2 layers (scaling_factor=10, distribution=encoding)
wffn1 noise enabled for 1 layers (scaling_factor=12, distribution=encoding)
wffn1 noise enabled for 1 layers (scaling_factor=14, distribution=encoding)
wffn1 noise enabled for 2 layers (scaling_factor=16, distribution=encoding)
wffn1 noise enabled for 1 layers (scaling_factor=18, distribution=encoding)
wffn1 noise enabled for 1 layers (scaling_factor=20, distribution=encoding)
wffn1 noise enabled for 4 layers (scaling_factor=22, distribution=encoding)
wffn2 noise enabled for 3 layers (scaling_factor=12, distribution=encoding)
wffn2 noise enabled for 3 layers (scaling_factor=14, distribution=encoding)
wffn2 noise enabled for 1 layers (scaling_factor=16, distribution=encoding)
wffn2 noise enabled for 1 layers (scaling_factor=18, distribution=encoding)
wffn2 noise enabled for 1 layers (scaling_factor=20, distribution=encoding)
wffn2 noise enabled for 3 layers (scaling_factor=22, distribution=encoding)
已替换 11 层的GELU函数
已替换 1 层的GELU函数
已替换 5 层的Softmax函数
已替换 6 层的Softmax函数
已替换 1 层的Softmax函数
Input noise enabled for 1 layers (scaling_factor=22, distribution=fresh)
Input noise enabled for 4 layers (scaling_factor=24, distribution=fresh)
Input noise enabled for 1 layers (scaling_factor=26, distribution=fresh)
Input noise enabled for 2 layers (scaling_factor=28, distribution=fresh)
Input noise enabled for 4 layers (scaling_factor=30, distribution=fresh)
query noise enabled for 2 layers (scaling_factor=10, distribution=encoding)
query noise enabled for 2 layers (scaling_factor=12, distribution=encoding)
query noise enabled for 3 layers (scaling_factor=14, distribution=encoding)
query noise enabled for 1 layers (scaling_factor=16, distribution=encoding)
query noise enabled for 2 layers (scaling_factor=20, distribution=encoding)
query noise enabled for 2 layers (scaling_factor=22, distribution=encoding)
key noise enabled for 2 layers (scaling_factor=10, distribution=encoding)
key noise enabled for 1 layers (scaling_factor=12, distribution=encoding)
key noise enabled for 1 layers (scaling_factor=14, distribution=encoding)
key noise enabled for 1 layers (scaling_factor=16, distribution=encoding)
key noise enabled for 1 layers (scaling_factor=18, distribution=encoding)
key noise enabled for 2 layers (scaling_factor=20, distribution=encoding)
key noise enabled for 4 layers (scaling_factor=22, distribution=encoding)
value noise enabled for 1 layers (scaling_factor=10, distribution=encoding)
value noise enabled for 3 layers (scaling_factor=12, distribution=encoding)
value noise enabled for 1 layers (scaling_factor=14, distribution=encoding)
value noise enabled for 1 layers (scaling_factor=16, distribution=encoding)
value noise enabled for 1 layers (scaling_factor=18, distribution=encoding)
value noise enabled for 1 layers (scaling_factor=20, distribution=encoding)
value noise enabled for 4 layers (scaling_factor=22, distribution=encoding)
wo noise enabled for 2 layers (scaling_factor=10, distribution=encoding)
wo noise enabled for 3 layers (scaling_factor=12, distribution=encoding)
wo noise enabled for 2 layers (scaling_factor=14, distribution=encoding)
wo noise enabled for 2 layers (scaling_factor=16, distribution=encoding)
wo noise enabled for 3 layers (scaling_factor=22, distribution=encoding)
wffn1 noise enabled for 2 layers (scaling_factor=12, distribution=encoding)
wffn1 noise enabled for 2 layers (scaling_factor=16, distribution=encoding)
wffn1 noise enabled for 4 layers (scaling_factor=18, distribution=encoding)
wffn1 noise enabled for 1 layers (scaling_factor=20, distribution=encoding)
wffn1 noise enabled for 3 layers (scaling_factor=22, distribution=encoding)
wffn2 noise enabled for 3 layers (scaling_factor=10, distribution=encoding)
wffn2 noise enabled for 1 layers (scaling_factor=12, distribution=encoding)
wffn2 noise enabled for 2 layers (scaling_factor=14, distribution=encoding)
wffn2 noise enabled for 2 layers (scaling_factor=16, distribution=encoding)
wffn2 noise enabled for 2 layers (scaling_factor=18, distribution=encoding)
wffn2 noise enabled for 2 layers (scaling_factor=22, distribution=encoding)
已替换 11 层的GELU函数
已替换 1 层的GELU函数
已替换 5 层的Softmax函数
已替换 6 层的Softmax函数
已替换 1 层的Softmax函数
Input noise enabled for 1 layers (scaling_factor=20, distribution=fresh)
Input noise enabled for 3 layers (scaling_factor=22, distribution=fresh)
Input noise enabled for 1 layers (scaling_factor=24, distribution=fresh)
Input noise enabled for 5 layers (scaling_factor=28, distribution=fresh)
Input noise enabled for 2 layers (scaling_factor=30, distribution=fresh)
query noise enabled for 2 layers (scaling_factor=10, distribution=encoding)
query noise enabled for 1 layers (scaling_factor=12, distribution=encoding)
query noise enabled for 5 layers (scaling_factor=16, distribution=encoding)
query noise enabled for 1 layers (scaling_factor=18, distribution=encoding)
query noise enabled for 2 layers (scaling_factor=20, distribution=encoding)
query noise enabled for 1 layers (scaling_factor=22, distribution=encoding)
key noise enabled for 2 layers (scaling_factor=10, distribution=encoding)
key noise enabled for 1 layers (scaling_factor=12, distribution=encoding)
key noise enabled for 1 layers (scaling_factor=14, distribution=encoding)
key noise enabled for 3 layers (scaling_factor=16, distribution=encoding)
key noise enabled for 1 layers (scaling_factor=18, distribution=encoding)
key noise enabled for 1 layers (scaling_factor=20, distribution=encoding)
key noise enabled for 3 layers (scaling_factor=22, distribution=encoding)
value noise enabled for 2 layers (scaling_factor=10, distribution=encoding)
value noise enabled for 2 layers (scaling_factor=12, distribution=encoding)
value noise enabled for 2 layers (scaling_factor=16, distribution=encoding)
value noise enabled for 3 layers (scaling_factor=18, distribution=encoding)
value noise enabled for 1 layers (scaling_factor=20, distribution=encoding)
value noise enabled for 2 layers (scaling_factor=22, distribution=encoding)
wo noise enabled for 1 layers (scaling_factor=10, distribution=encoding)
wo noise enabled for 1 layers (scaling_factor=12, distribution=encoding)
wo noise enabled for 1 layers (scaling_factor=14, distribution=encoding)
wo noise enabled for 1 layers (scaling_factor=16, distribution=encoding)
wo noise enabled for 1 layers (scaling_factor=18, distribution=encoding)
wo noise enabled for 6 layers (scaling_factor=20, distribution=encoding)
wo noise enabled for 1 layers (scaling_factor=22, distribution=encoding)
wffn1 noise enabled for 1 layers (scaling_factor=12, distribution=encoding)
wffn1 noise enabled for 2 layers (scaling_factor=14, distribution=encoding)
wffn1 noise enabled for 2 layers (scaling_factor=16, distribution=encoding)
wffn1 noise enabled for 4 layers (scaling_factor=18, distribution=encoding)
wffn1 noise enabled for 3 layers (scaling_factor=20, distribution=encoding)
wffn2 noise enabled for 1 layers (scaling_factor=10, distribution=encoding)
wffn2 noise enabled for 3 layers (scaling_factor=14, distribution=encoding)
wffn2 noise enabled for 1 layers (scaling_factor=16, distribution=encoding)
wffn2 noise enabled for 3 layers (scaling_factor=18, distribution=encoding)
wffn2 noise enabled for 2 layers (scaling_factor=20, distribution=encoding)
wffn2 noise enabled for 2 layers (scaling_factor=22, distribution=encoding)
已替换 11 层的GELU函数
已替换 1 层的GELU函数
已替换 5 层的Softmax函数
已替换 6 层的Softmax函数
已替换 1 层的Softmax函数
Input noise enabled for 1 layers (scaling_factor=20, distribution=fresh)
Input noise enabled for 2 layers (scaling_factor=22, distribution=fresh)
Input noise enabled for 4 layers (scaling_factor=24, distribution=fresh)
Input noise enabled for 2 layers (scaling_factor=26, distribution=fresh)
Input noise enabled for 3 layers (scaling_factor=30, distribution=fresh)
query noise enabled for 3 layers (scaling_factor=10, distribution=encoding)
query noise enabled for 3 layers (scaling_factor=12, distribution=encoding)
query noise enabled for 1 layers (scaling_factor=16, distribution=encoding)
query noise enabled for 3 layers (scaling_factor=20, distribution=encoding)
query noise enabled for 2 layers (scaling_factor=22, distribution=encoding)
key noise enabled for 3 layers (scaling_factor=12, distribution=encoding)
key noise enabled for 3 layers (scaling_factor=14, distribution=encoding)
key noise enabled for 1 layers (scaling_factor=18, distribution=encoding)
key noise enabled for 2 layers (scaling_factor=20, distribution=encoding)
key noise enabled for 3 layers (scaling_factor=22, distribution=encoding)
value noise enabled for 1 layers (scaling_factor=12, distribution=encoding)
value noise enabled for 3 layers (scaling_factor=14, distribution=encoding)
value noise enabled for 1 layers (scaling_factor=16, distribution=encoding)
value noise enabled for 4 layers (scaling_factor=20, distribution=encoding)
value noise enabled for 3 layers (scaling_factor=22, distribution=encoding)
wo noise enabled for 1 layers (scaling_factor=10, distribution=encoding)
wo noise enabled for 2 layers (scaling_factor=12, distribution=encoding)
wo noise enabled for 2 layers (scaling_factor=14, distribution=encoding)
wo noise enabled for 1 layers (scaling_factor=16, distribution=encoding)
wo noise enabled for 2 layers (scaling_factor=18, distribution=encoding)
wo noise enabled for 1 layers (scaling_factor=20, distribution=encoding)
wo noise enabled for 3 layers (scaling_factor=22, distribution=encoding)
wffn1 noise enabled for 1 layers (scaling_factor=10, distribution=encoding)
wffn1 noise enabled for 3 layers (scaling_factor=12, distribution=encoding)
wffn1 noise enabled for 2 layers (scaling_factor=14, distribution=encoding)
wffn1 noise enabled for 2 layers (scaling_factor=16, distribution=encoding)
wffn1 noise enabled for 1 layers (scaling_factor=18, distribution=encoding)
wffn1 noise enabled for 3 layers (scaling_factor=20, distribution=encoding)
wffn2 noise enabled for 4 layers (scaling_factor=12, distribution=encoding)
wffn2 noise enabled for 2 layers (scaling_factor=14, distribution=encoding)
wffn2 noise enabled for 1 layers (scaling_factor=16, distribution=encoding)
wffn2 noise enabled for 2 layers (scaling_factor=20, distribution=encoding)
wffn2 noise enabled for 3 layers (scaling_factor=22, distribution=encoding)
已替换 11 层的GELU函数
已替换 1 层的GELU函数
已替换 5 层的Softmax函数
已替换 6 层的Softmax函数
已替换 1 层的Softmax函数
Input noise enabled for 2 layers (scaling_factor=20, distribution=fresh)
Input noise enabled for 3 layers (scaling_factor=24, distribution=fresh)
Input noise enabled for 2 layers (scaling_factor=26, distribution=fresh)
Input noise enabled for 4 layers (scaling_factor=28, distribution=fresh)
Input noise enabled for 1 layers (scaling_factor=30, distribution=fresh)
query noise enabled for 1 layers (scaling_factor=10, distribution=encoding)
query noise enabled for 1 layers (scaling_factor=14, distribution=encoding)
query noise enabled for 6 layers (scaling_factor=16, distribution=encoding)
query noise enabled for 1 layers (scaling_factor=18, distribution=encoding)
query noise enabled for 2 layers (scaling_factor=20, distribution=encoding)
query noise enabled for 1 layers (scaling_factor=22, distribution=encoding)
key noise enabled for 2 layers (scaling_factor=10, distribution=encoding)
key noise enabled for 2 layers (scaling_factor=12, distribution=encoding)
key noise enabled for 2 layers (scaling_factor=18, distribution=encoding)
key noise enabled for 3 layers (scaling_factor=20, distribution=encoding)
key noise enabled for 3 layers (scaling_factor=22, distribution=encoding)
value noise enabled for 1 layers (scaling_factor=10, distribution=encoding)
value noise enabled for 2 layers (scaling_factor=12, distribution=encoding)
value noise enabled for 2 layers (scaling_factor=14, distribution=encoding)
value noise enabled for 1 layers (scaling_factor=16, distribution=encoding)
value noise enabled for 2 layers (scaling_factor=18, distribution=encoding)
value noise enabled for 2 layers (scaling_factor=20, distribution=encoding)
value noise enabled for 2 layers (scaling_factor=22, distribution=encoding)
wo noise enabled for 1 layers (scaling_factor=10, distribution=encoding)
wo noise enabled for 4 layers (scaling_factor=12, distribution=encoding)
wo noise enabled for 1 layers (scaling_factor=14, distribution=encoding)
wo noise enabled for 1 layers (scaling_factor=16, distribution=encoding)
wo noise enabled for 2 layers (scaling_factor=18, distribution=encoding)
wo noise enabled for 1 layers (scaling_factor=20, distribution=encoding)
wo noise enabled for 2 layers (scaling_factor=22, distribution=encoding)
wffn1 noise enabled for 2 layers (scaling_factor=10, distribution=encoding)
wffn1 noise enabled for 3 layers (scaling_factor=12, distribution=encoding)
wffn1 noise enabled for 1 layers (scaling_factor=14, distribution=encoding)
wffn1 noise enabled for 2 layers (scaling_factor=18, distribution=encoding)
wffn1 noise enabled for 4 layers (scaling_factor=20, distribution=encoding)
wffn2 noise enabled for 1 layers (scaling_factor=10, distribution=encoding)
wffn2 noise enabled for 2 layers (scaling_factor=12, distribution=encoding)
wffn2 noise enabled for 2 layers (scaling_factor=14, distribution=encoding)
wffn2 noise enabled for 1 layers (scaling_factor=18, distribution=encoding)
wffn2 noise enabled for 2 layers (scaling_factor=20, distribution=encoding)
wffn2 noise enabled for 4 layers (scaling_factor=22, distribution=encoding)
已替换 11 层的GELU函数
已替换 1 层的GELU函数
已替换 5 层的Softmax函数
已替换 6 层的Softmax函数
已替换 1 层的Softmax函数
Input noise enabled for 1 layers (scaling_factor=20, distribution=fresh)
Input noise enabled for 1 layers (scaling_factor=22, distribution=fresh)
Input noise enabled for 1 layers (scaling_factor=24, distribution=fresh)
Input noise enabled for 2 layers (scaling_factor=26, distribution=fresh)
Input noise enabled for 4 layers (scaling_factor=28, distribution=fresh)
Input noise enabled for 3 layers (scaling_factor=30, distribution=fresh)
query noise enabled for 2 layers (scaling_factor=10, distribution=encoding)
query noise enabled for 1 layers (scaling_factor=12, distribution=encoding)
query noise enabled for 1 layers (scaling_factor=14, distribution=encoding)
query noise enabled for 1 layers (scaling_factor=16, distribution=encoding)
query noise enabled for 2 layers (scaling_factor=18, distribution=encoding)
query noise enabled for 2 layers (scaling_factor=20, distribution=encoding)
query noise enabled for 3 layers (scaling_factor=22, distribution=encoding)
key noise enabled for 2 layers (scaling_factor=10, distribution=encoding)
key noise enabled for 2 layers (scaling_factor=12, distribution=encoding)
key noise enabled for 1 layers (scaling_factor=14, distribution=encoding)
key noise enabled for 1 layers (scaling_factor=16, distribution=encoding)
key noise enabled for 4 layers (scaling_factor=20, distribution=encoding)
key noise enabled for 2 layers (scaling_factor=22, distribution=encoding)
value noise enabled for 4 layers (scaling_factor=12, distribution=encoding)
value noise enabled for 2 layers (scaling_factor=14, distribution=encoding)
value noise enabled for 3 layers (scaling_factor=16, distribution=encoding)
value noise enabled for 1 layers (scaling_factor=20, distribution=encoding)
value noise enabled for 2 layers (scaling_factor=22, distribution=encoding)
wo noise enabled for 2 layers (scaling_factor=12, distribution=encoding)
wo noise enabled for 2 layers (scaling_factor=14, distribution=encoding)
wo noise enabled for 1 layers (scaling_factor=16, distribution=encoding)
wo noise enabled for 2 layers (scaling_factor=18, distribution=encoding)
wo noise enabled for 1 layers (scaling_factor=20, distribution=encoding)
wo noise enabled for 4 layers (scaling_factor=22, distribution=encoding)
wffn1 noise enabled for 4 layers (scaling_factor=10, distribution=encoding)
wffn1 noise enabled for 2 layers (scaling_factor=12, distribution=encoding)
wffn1 noise enabled for 1 layers (scaling_factor=14, distribution=encoding)
wffn1 noise enabled for 1 layers (scaling_factor=16, distribution=encoding)
wffn1 noise enabled for 2 layers (scaling_factor=20, distribution=encoding)
wffn1 noise enabled for 2 layers (scaling_factor=22, distribution=encoding)
wffn2 noise enabled for 5 layers (scaling_factor=12, distribution=encoding)
wffn2 noise enabled for 1 layers (scaling_factor=14, distribution=encoding)
wffn2 noise enabled for 2 layers (scaling_factor=16, distribution=encoding)
wffn2 noise enabled for 2 layers (scaling_factor=20, distribution=encoding)
wffn2 noise enabled for 2 layers (scaling_factor=22, distribution=encoding)
已替换 11 层的GELU函数
已替换 1 层的GELU函数
已替换 5 层的Softmax函数
已替换 6 层的Softmax函数
已替换 1 层的Softmax函数
Input noise enabled for 4 layers (scaling_factor=20, distribution=fresh)
Input noise enabled for 2 layers (scaling_factor=22, distribution=fresh)
Input noise enabled for 2 layers (scaling_factor=24, distribution=fresh)
Input noise enabled for 1 layers (scaling_factor=26, distribution=fresh)
Input noise enabled for 2 layers (scaling_factor=28, distribution=fresh)
Input noise enabled for 1 layers (scaling_factor=30, distribution=fresh)
query noise enabled for 2 layers (scaling_factor=10, distribution=encoding)
query noise enabled for 2 layers (scaling_factor=12, distribution=encoding)
query noise enabled for 2 layers (scaling_factor=16, distribution=encoding)
query noise enabled for 1 layers (scaling_factor=18, distribution=encoding)
query noise enabled for 2 layers (scaling_factor=20, distribution=encoding)
query noise enabled for 3 layers (scaling_factor=22, distribution=encoding)
key noise enabled for 4 layers (scaling_factor=10, distribution=encoding)
key noise enabled for 1 layers (scaling_factor=12, distribution=encoding)
key noise enabled for 1 layers (scaling_factor=16, distribution=encoding)
key noise enabled for 2 layers (scaling_factor=18, distribution=encoding)
key noise enabled for 3 layers (scaling_factor=20, distribution=encoding)
key noise enabled for 1 layers (scaling_factor=22, distribution=encoding)
value noise enabled for 2 layers (scaling_factor=10, distribution=encoding)
value noise enabled for 2 layers (scaling_factor=12, distribution=encoding)
value noise enabled for 2 layers (scaling_factor=16, distribution=encoding)
value noise enabled for 3 layers (scaling_factor=20, distribution=encoding)
value noise enabled for 3 layers (scaling_factor=22, distribution=encoding)
wo noise enabled for 1 layers (scaling_factor=10, distribution=encoding)
wo noise enabled for 1 layers (scaling_factor=12, distribution=encoding)
wo noise enabled for 3 layers (scaling_factor=14, distribution=encoding)
wo noise enabled for 3 layers (scaling_factor=16, distribution=encoding)
wo noise enabled for 3 layers (scaling_factor=18, distribution=encoding)
wo noise enabled for 1 layers (scaling_factor=22, distribution=encoding)
wffn1 noise enabled for 1 layers (scaling_factor=12, distribution=encoding)
wffn1 noise enabled for 2 layers (scaling_factor=14, distribution=encoding)
wffn1 noise enabled for 1 layers (scaling_factor=18, distribution=encoding)
wffn1 noise enabled for 5 layers (scaling_factor=20, distribution=encoding)
wffn1 noise enabled for 3 layers (scaling_factor=22, distribution=encoding)
wffn2 noise enabled for 1 layers (scaling_factor=10, distribution=encoding)
wffn2 noise enabled for 2 layers (scaling_factor=12, distribution=encoding)
wffn2 noise enabled for 1 layers (scaling_factor=14, distribution=encoding)
wffn2 noise enabled for 2 layers (scaling_factor=16, distribution=encoding)
wffn2 noise enabled for 4 layers (scaling_factor=20, distribution=encoding)
wffn2 noise enabled for 2 layers (scaling_factor=22, distribution=encoding)
已替换 11 层的GELU函数
已替换 1 层的GELU函数
已替换 5 层的Softmax函数
已替换 6 层的Softmax函数
已替换 1 层的Softmax函数
Input noise enabled for 2 layers (scaling_factor=20, distribution=fresh)
Input noise enabled for 1 layers (scaling_factor=22, distribution=fresh)
Input noise enabled for 5 layers (scaling_factor=24, distribution=fresh)
Input noise enabled for 3 layers (scaling_factor=26, distribution=fresh)
Input noise enabled for 1 layers (scaling_factor=30, distribution=fresh)
query noise enabled for 1 layers (scaling_factor=10, distribution=encoding)
query noise enabled for 1 layers (scaling_factor=12, distribution=encoding)
query noise enabled for 1 layers (scaling_factor=14, distribution=encoding)
query noise enabled for 2 layers (scaling_factor=16, distribution=encoding)
query noise enabled for 3 layers (scaling_factor=18, distribution=encoding)
query noise enabled for 1 layers (scaling_factor=20, distribution=encoding)
query noise enabled for 3 layers (scaling_factor=22, distribution=encoding)
key noise enabled for 3 layers (scaling_factor=12, distribution=encoding)
key noise enabled for 2 layers (scaling_factor=14, distribution=encoding)
key noise enabled for 2 layers (scaling_factor=18, distribution=encoding)
key noise enabled for 3 layers (scaling_factor=20, distribution=encoding)
key noise enabled for 2 layers (scaling_factor=22, distribution=encoding)
value noise enabled for 2 layers (scaling_factor=10, distribution=encoding)
value noise enabled for 1 layers (scaling_factor=12, distribution=encoding)
value noise enabled for 1 layers (scaling_factor=14, distribution=encoding)
value noise enabled for 4 layers (scaling_factor=16, distribution=encoding)
value noise enabled for 1 layers (scaling_factor=18, distribution=encoding)
value noise enabled for 3 layers (scaling_factor=22, distribution=encoding)
wo noise enabled for 2 layers (scaling_factor=10, distribution=encoding)
wo noise enabled for 3 layers (scaling_factor=14, distribution=encoding)
wo noise enabled for 1 layers (scaling_factor=16, distribution=encoding)
wo noise enabled for 3 layers (scaling_factor=20, distribution=encoding)
wo noise enabled for 3 layers (scaling_factor=22, distribution=encoding)
wffn1 noise enabled for 3 layers (scaling_factor=12, distribution=encoding)
wffn1 noise enabled for 2 layers (scaling_factor=14, distribution=encoding)
wffn1 noise enabled for 2 layers (scaling_factor=16, distribution=encoding)
wffn1 noise enabled for 3 layers (scaling_factor=20, distribution=encoding)
wffn1 noise enabled for 2 layers (scaling_factor=22, distribution=encoding)
wffn2 noise enabled for 1 layers (scaling_factor=10, distribution=encoding)
wffn2 noise enabled for 2 layers (scaling_factor=12, distribution=encoding)
wffn2 noise enabled for 3 layers (scaling_factor=14, distribution=encoding)
wffn2 noise enabled for 2 layers (scaling_factor=16, distribution=encoding)
wffn2 noise enabled for 3 layers (scaling_factor=20, distribution=encoding)
wffn2 noise enabled for 1 layers (scaling_factor=22, distribution=encoding)
已替换 11 层的GELU函数
已替换 1 层的GELU函数
已替换 5 层的Softmax函数
已替换 6 层的Softmax函数
已替换 1 层的Softmax函数
Input noise enabled for 4 layers (scaling_factor=20, distribution=fresh)
Input noise enabled for 2 layers (scaling_factor=22, distribution=fresh)
Input noise enabled for 1 layers (scaling_factor=24, distribution=fresh)
Input noise enabled for 2 layers (scaling_factor=26, distribution=fresh)
Input noise enabled for 3 layers (scaling_factor=30, distribution=fresh)
query noise enabled for 2 layers (scaling_factor=10, distribution=encoding)
query noise enabled for 2 layers (scaling_factor=12, distribution=encoding)
query noise enabled for 1 layers (scaling_factor=18, distribution=encoding)
query noise enabled for 2 layers (scaling_factor=20, distribution=encoding)
query noise enabled for 5 layers (scaling_factor=22, distribution=encoding)
key noise enabled for 2 layers (scaling_factor=10, distribution=encoding)
key noise enabled for 3 layers (scaling_factor=12, distribution=encoding)
key noise enabled for 1 layers (scaling_factor=14, distribution=encoding)
key noise enabled for 1 layers (scaling_factor=18, distribution=encoding)
key noise enabled for 2 layers (scaling_factor=20, distribution=encoding)
key noise enabled for 3 layers (scaling_factor=22, distribution=encoding)
value noise enabled for 5 layers (scaling_factor=10, distribution=encoding)
value noise enabled for 1 layers (scaling_factor=14, distribution=encoding)
value noise enabled for 1 layers (scaling_factor=18, distribution=encoding)
value noise enabled for 2 layers (scaling_factor=20, distribution=encoding)
value noise enabled for 3 layers (scaling_factor=22, distribution=encoding)
wo noise enabled for 2 layers (scaling_factor=10, distribution=encoding)
wo noise enabled for 2 layers (scaling_factor=14, distribution=encoding)
wo noise enabled for 2 layers (scaling_factor=16, distribution=encoding)
wo noise enabled for 3 layers (scaling_factor=18, distribution=encoding)
wo noise enabled for 1 layers (scaling_factor=20, distribution=encoding)
wo noise enabled for 2 layers (scaling_factor=22, distribution=encoding)
wffn1 noise enabled for 1 layers (scaling_factor=10, distribution=encoding)
wffn1 noise enabled for 3 layers (scaling_factor=12, distribution=encoding)
wffn1 noise enabled for 3 layers (scaling_factor=14, distribution=encoding)
wffn1 noise enabled for 2 layers (scaling_factor=16, distribution=encoding)
wffn1 noise enabled for 2 layers (scaling_factor=20, distribution=encoding)
wffn1 noise enabled for 1 layers (scaling_factor=22, distribution=encoding)
wffn2 noise enabled for 1 layers (scaling_factor=12, distribution=encoding)
wffn2 noise enabled for 1 layers (scaling_factor=14, distribution=encoding)
wffn2 noise enabled for 1 layers (scaling_factor=18, distribution=encoding)
wffn2 noise enabled for 4 layers (scaling_factor=20, distribution=encoding)
wffn2 noise enabled for 5 layers (scaling_factor=22, distribution=encoding)

Noise Final Configurations Details:
[Selected (Manual Noise)] input_noise_scaling_factors: [24, 24, 26, 24, 30, 24, 24, 24, 24, 24, 24, 24]
[Selected (Manual Noise)] wq_noise_scaling_factors: [18, 16, 16, 16, 16, 20, 16, 20, 16, 16, 16, 20]
[Selected (Manual Noise)] wk_noise_scaling_factors: [16, 20, 16, 16, 18, 16, 16, 16, 16, 16, 16, 16]
[Selected (Manual Noise)] wv_noise_scaling_factors: [16, 16, 16, 16, 16, 16, 16, 16, 16, 18, 18, 16]
[Selected (Manual Noise)] wo_noise_scaling_factors: [16, 16, 16, 16, 18, 16, 18, 22, 18, 16, 16, 16]
[Selected (Manual Noise)] wffn1_noise_scaling_factors: [16, 18, 16, 20, 16, 16, 16, 16, 22, 18, 22, 16]
[Selected (Manual Noise)] wffn2_noise_scaling_factors: [16, 16, 16, 16, 16, 18, 16, 16, 16, 16, 16, 16]

Noise Random Configurations Details:
[NoisePerm_1] x: [24, 24, 24, 24, 24, 24, 24, 26, 30, 24, 24, 24]
[NoisePerm_2] x: [30, 24, 26, 24, 24, 24, 24, 24, 24, 24, 24, 24]
[NoisePerm_3] x: [24, 24, 24, 24, 24, 24, 24, 24, 24, 30, 24, 26]
[NoisePerm_4] x: [24, 24, 24, 24, 26, 30, 24, 24, 24, 24, 24, 24]
[NoisePerm_5] x: [24, 26, 24, 24, 24, 24, 24, 24, 30, 24, 24, 24]
[NoisePerm_6] x: [24, 24, 24, 30, 24, 24, 24, 24, 26, 24, 24, 24]
[NoisePerm_7] x: [24, 24, 24, 24, 24, 24, 30, 24, 26, 24, 24, 24]
[NoisePerm_8] x: [24, 24, 24, 24, 24, 26, 30, 24, 24, 24, 24, 24]
[NoisePerm_9] x: [24, 24, 24, 24, 24, 24, 26, 30, 24, 24, 24, 24]
[NoisePerm_10] x: [24, 24, 24, 24, 26, 24, 24, 30, 24, 24, 24, 24]
[NoiseEquiv_1] x: [30, 30, 28, 20, 20, 22, 26, 24, 24, 22, 28, 22]
[NoiseEquiv_2] x: [26, 20, 20, 28, 30, 30, 26, 26, 24, 22, 20, 24]
[NoiseEquiv_3] x: [22, 28, 24, 24, 22, 20, 28, 30, 24, 22, 26, 26]
[NoiseEquiv_4] x: [22, 30, 30, 24, 26, 20, 22, 24, 20, 20, 28, 30]
[NoiseEquiv_5] x: [20, 28, 20, 20, 26, 30, 22, 22, 28, 22, 30, 28]
[NoiseEquiv_6] x: [20, 20, 22, 30, 22, 20, 30, 24, 26, 26, 28, 28]
[NoiseEquiv_7] x: [24, 22, 26, 28, 20, 28, 30, 22, 22, 30, 20, 24]
[NoiseEquiv_8] x: [28, 26, 20, 20, 24, 28, 30, 30, 26, 24, 20, 20]
[NoiseEquiv_9] x: [30, 30, 20, 20, 24, 24, 20, 28, 28, 28, 20, 24]
[NoiseEquiv_10] x: [20, 24, 30, 20, 28, 28, 24, 22, 26, 20, 24, 30]
[NoiseBudget_1] x: [30, 22, 30, 30, 30, 24, 30, 26, 20, 22, 28, 20]
[NoiseBudget_2] x: [24, 20, 26, 22, 24, 24, 22, 20, 30, 30, 22, 30]
[NoiseBudget_3] x: [24, 26, 30, 30, 22, 30, 30, 28, 28, 24, 24, 24]
[NoiseBudget_4] x: [22, 28, 20, 24, 28, 22, 28, 28, 30, 22, 28, 30]
[NoiseBudget_5] x: [24, 24, 26, 22, 26, 30, 24, 20, 24, 22, 30, 30]
[NoiseBudget_6] x: [28, 30, 26, 28, 24, 24, 28, 20, 28, 20, 26, 24]
[NoiseBudget_7] x: [20, 24, 30, 30, 28, 22, 28, 28, 26, 28, 26, 30]
[NoiseBudget_8] x: [22, 20, 20, 20, 28, 26, 24, 28, 20, 22, 24, 30]
[NoiseBudget_9] x: [24, 24, 24, 26, 26, 24, 20, 30, 22, 20, 26, 24]
[NoiseBudget_10] x: [30, 26, 20, 30, 20, 24, 20, 26, 22, 22, 20, 30]

Noise Performance Comparison Table:
--------------------------------------------------------------------------------------------------------------------
Method                    | OK  | Loss     Acc.     F1       | dLoss%    dAcc.%      dF1%        | Noise C  Speedup 
--------------------------------------------------------------------------------------------------------------------
Baseline (Max Scaling)    | Y   | 0.3267   0.8824   0.8804   |     0.00%       0.00%       0.00% | 48.60    1.00    
No-Noise (Exact)          | Y   | 0.3267   0.8824   0.8804   |    -0.02%       0.00%       0.00% | N/A      N/A     
Selected (Manual Noise)   | Y   | 0.3265   0.8799   0.8781   |    -0.05%      -0.28%      -0.27% | 37.65    1.29    
--------------------------------------------------------------------------------------------------------------------
NoisePerm_1               | Y   | 0.3290   0.8824   0.8804   |     0.70%       0.00%       0.00% | 37.65    1.29    
NoisePerm_2               | Y   | 0.3266   0.8824   0.8804   |    -0.04%       0.00%       0.00% | 37.65    1.29    
NoisePerm_3               | Y   | 0.3274   0.8824   0.8804   |     0.21%       0.00%       0.00% | 37.65    1.29    
NoisePerm_4               | Y   | 0.3273   0.8775   0.8754   |     0.17%      -0.56%      -0.57% | 37.65    1.29    
NoisePerm_5               | Y   | 0.3268   0.8824   0.8804   |     0.04%       0.00%       0.00% | 37.65    1.29    
NoisePerm_6               | Y   | 0.3272   0.8824   0.8804   |     0.16%       0.00%       0.00% | 37.65    1.29    
NoisePerm_7               | Y   | 0.3290   0.8824   0.8804   |     0.71%       0.00%       0.00% | 37.65    1.29    
NoisePerm_8               | Y   | 0.3271   0.8799   0.8781   |     0.11%      -0.28%      -0.27% | 37.65    1.29    
NoisePerm_9               | Y   | 0.3262   0.8799   0.8781   |    -0.15%      -0.28%      -0.27% | 37.65    1.29    
NoisePerm_10              | Y   | 0.3281   0.8824   0.8804   |     0.42%       0.00%       0.00% | 37.65    1.29    
NoiseEquiv_1              | N   | 0.3502   0.8627   0.8622   |     7.20%      -2.22%      -2.07% | 37.65    1.29    
NoiseEquiv_2              | N   | 0.5788   0.6691   0.6772   |    77.16%     -24.17%     -23.08% | 37.65    1.29    
NoiseEquiv_3              | N   | 0.5011   0.7255   0.7342   |    53.38%     -17.78%     -16.61% | 37.65    1.29    
NoiseEquiv_4              | N   | 0.3415   0.8627   0.8612   |     4.52%      -2.22%      -2.18% | 37.65    1.29    
NoiseEquiv_5              | N   | 0.3445   0.8627   0.8645   |     5.43%      -2.22%      -1.81% | 37.65    1.29    
NoiseEquiv_6              | N   | 0.3593   0.8578   0.8559   |     9.99%      -2.78%      -2.79% | 37.65    1.29    
NoiseEquiv_7              | N   | 0.3248   0.8652   0.8621   |    -0.59%      -1.94%      -2.09% | 37.65    1.29    
NoiseEquiv_8              | N   | 0.3753   0.8382   0.8342   |    14.88%      -5.00%      -5.25% | 37.65    1.29    
NoiseEquiv_9              | N   | 0.3398   0.8505   0.8503   |     4.02%      -3.61%      -3.42% | 37.65    1.29    
NoiseEquiv_10             | N   | 0.3229   0.8676   0.8665   |    -1.15%      -1.67%      -1.58% | 37.65    1.29    
NoiseBudget_1             | N   | 0.5135   0.7230   0.7327   |    57.17%     -18.06%     -16.78% | 37.30    1.30    
NoiseBudget_2             | N   | 0.3524   0.8578   0.8589   |     7.88%      -2.78%      -2.44% | 37.35    1.30    
NoiseBudget_3             | N   | 0.3393   0.8676   0.8665   |     3.87%      -1.67%      -1.58% | 37.35    1.30    
NoiseBudget_4             | Y   | 0.3217   0.8750   0.8740   |    -1.53%      -0.83%      -0.73% | 37.90    1.28    
NoiseBudget_5             | N   | 0.3821   0.8358   0.8380   |    16.95%      -5.28%      -4.81% | 37.20    1.31    
NoiseBudget_6             | N   | 0.4529   0.7770   0.7828   |    38.64%     -11.94%     -11.09% | 37.30    1.30    
NoiseBudget_7             | N   | 0.4592   0.7696   0.7775   |    40.57%     -12.78%     -11.69% | 37.25    1.30    
NoiseBudget_8             | N   | 0.3711   0.8480   0.8474   |    13.60%      -3.89%      -3.75% | 37.20    1.31    
NoiseBudget_9             | N   | 0.3197   0.8676   0.8632   |    -2.16%      -1.67%      -1.96% | 37.25    1.30    
NoiseBudget_10            | N   | 0.4042   0.8284   0.8298   |    23.71%      -6.11%      -5.75% | 37.45    1.30    
--------------------------------------------------------------------------------------------------------------------

N=200 次重复评估汇总:
  Loss : 0.3265 ± 0.001338 [0.3219, 0.3299]
  Acc. : 0.8809 ± 0.001741 [0.8750, 0.8848]
  F1 : 0.8790 ± 0.001705 [0.8731, 0.8831]

Noise Random Baseline Summary:
  Overall: samples=30, constraint_ok=36.67%, selected_better_loss=83.33%, selected_better_Acc.=76.67%, selected_dominates=33.33%
  Overall selected_better_F1=76.67%
  Perm    samples=10  constraint_ok=100.00% selected_better_loss=90.00% selected_better_Acc.=30.00% selected_dominates=20.00% selected_better_F1=30.00%
  Equiv   samples=10  constraint_ok=0.00% selected_better_loss=80.00% selected_better_Acc.=100.00% selected_dominates=80.00% selected_better_F1=100.00%
  Budget  samples=10  constraint_ok=10.00% selected_better_loss=80.00% selected_better_Acc.=100.00% selected_dominates=0.00% selected_better_F1=100.00%
  Selected config: Loss=0.3265, Acc.=0.8799, F1=0.8781, NoiseCost=37.65
Noise final evaluation summary saved to: experiment_results/noise_final_evaluation/noise_final_eval_results_mrpc.json
Noise final evaluation plot saved to: experiment_results/noise_final_evaluation/noise_final_eval_comparison_mrpc.png
已替换 11 层的GELU函数
已替换 1 层的GELU函数
已替换 5 层的Softmax函数
已替换 6 层的Softmax函数
已替换 1 层的Softmax函数

Configuration evaluation finished.
100%|██████████| 26/26 [03:44<00:00,  8.64s/it]
已替换 11 层的GELU函数
已替换 1 层的GELU函数
已替换 5 层的Softmax函数
已替换 6 层的Softmax函数
已替换 1 层的Softmax函数
Round 0, Final evaluation loss: 0.34625449776649475

 If there's a warning about missing keys above, please disregard :)
