index	prediction
0	neutral
1	contradiction
2	contradiction
3	entailment
4	neutral
5	neutral
6	contradiction
7	entailment
8	entailment
9	neutral
10	neutral
11	contradiction
12	neutral
13	entailment
14	contradiction
15	entailment
16	entailment
17	contradiction
18	entailment
19	contradiction
20	entailment
21	entailment
22	entailment
23	neutral
24	contradiction
25	entailment
26	entailment
27	neutral
28	contradiction
29	entailment
30	entailment
31	contradiction
32	entailment
33	entailment
34	entailment
35	contradiction
36	entailment
37	entailment
38	contradiction
39	entailment
40	contradiction
41	neutral
42	neutral
43	entailment
44	entailment
45	entailment
46	entailment
47	contradiction
48	contradiction
49	neutral
50	neutral
51	entailment
52	contradiction
53	neutral
54	neutral
55	contradiction
56	contradiction
57	neutral
58	neutral
59	entailment
60	neutral
61	contradiction
62	contradiction
63	entailment
64	neutral
65	neutral
66	neutral
67	neutral
68	entailment
69	entailment
70	neutral
71	contradiction
72	entailment
73	entailment
74	contradiction
75	neutral
76	entailment
77	neutral
78	contradiction
79	entailment
80	contradiction
81	entailment
82	entailment
83	entailment
84	contradiction
85	contradiction
86	neutral
87	contradiction
88	entailment
89	neutral
90	neutral
91	entailment
92	contradiction
93	contradiction
94	entailment
95	entailment
96	neutral
97	contradiction
98	entailment
99	entailment
100	entailment
101	entailment
102	entailment
103	neutral
104	entailment
105	contradiction
106	contradiction
107	neutral
108	entailment
109	neutral
110	entailment
111	entailment
112	entailment
113	entailment
114	neutral
115	contradiction
116	contradiction
117	contradiction
118	contradiction
119	entailment
120	entailment
121	entailment
122	neutral
123	entailment
124	neutral
125	entailment
126	contradiction
127	contradiction
128	entailment
129	entailment
130	entailment
131	neutral
132	contradiction
133	neutral
134	contradiction
135	entailment
136	neutral
137	contradiction
138	entailment
139	entailment
140	entailment
141	entailment
142	neutral
143	entailment
144	entailment
145	contradiction
146	neutral
147	contradiction
148	entailment
149	entailment
150	contradiction
151	neutral
152	entailment
153	contradiction
154	neutral
155	neutral
156	neutral
157	neutral
158	contradiction
159	entailment
160	contradiction
161	entailment
162	entailment
163	entailment
164	neutral
165	entailment
166	contradiction
167	contradiction
168	neutral
169	entailment
170	entailment
171	entailment
172	neutral
173	contradiction
174	contradiction
175	entailment
176	entailment
177	neutral
178	neutral
179	entailment
180	entailment
181	entailment
182	contradiction
183	entailment
184	contradiction
185	entailment
186	neutral
187	entailment
188	contradiction
189	contradiction
190	neutral
191	contradiction
192	contradiction
193	contradiction
194	neutral
195	entailment
196	entailment
197	contradiction
198	entailment
199	entailment
200	neutral
201	entailment
202	neutral
203	entailment
204	entailment
205	neutral
206	neutral
207	entailment
208	entailment
209	neutral
210	contradiction
211	entailment
212	contradiction
213	neutral
214	neutral
215	contradiction
216	contradiction
217	entailment
218	neutral
219	contradiction
220	neutral
221	contradiction
222	contradiction
223	neutral
224	entailment
225	entailment
226	contradiction
227	entailment
228	entailment
229	contradiction
230	entailment
231	contradiction
232	neutral
233	neutral
234	entailment
235	neutral
236	contradiction
237	neutral
238	neutral
239	neutral
240	neutral
241	neutral
242	neutral
243	contradiction
244	entailment
245	neutral
246	neutral
247	contradiction
248	entailment
249	neutral
250	contradiction
251	contradiction
252	neutral
253	neutral
254	contradiction
255	neutral
256	contradiction
257	contradiction
258	contradiction
259	contradiction
260	contradiction
261	contradiction
262	contradiction
263	contradiction
264	neutral
265	entailment
266	entailment
267	contradiction
268	contradiction
269	contradiction
270	contradiction
271	contradiction
272	neutral
273	neutral
274	entailment
275	contradiction
276	contradiction
277	neutral
278	contradiction
279	contradiction
280	contradiction
281	entailment
282	neutral
283	contradiction
284	entailment
285	contradiction
286	entailment
287	contradiction
288	neutral
289	entailment
290	contradiction
291	entailment
292	entailment
293	entailment
294	contradiction
295	neutral
296	contradiction
297	contradiction
298	contradiction
299	contradiction
300	entailment
301	contradiction
302	contradiction
303	entailment
304	contradiction
305	contradiction
306	entailment
307	contradiction
308	contradiction
309	entailment
310	entailment
311	contradiction
312	contradiction
313	neutral
314	entailment
315	neutral
316	contradiction
317	entailment
318	neutral
319	entailment
320	entailment
321	entailment
322	contradiction
323	neutral
324	contradiction
325	entailment
326	contradiction
327	entailment
328	contradiction
329	neutral
330	entailment
331	entailment
332	entailment
333	contradiction
334	contradiction
335	contradiction
336	neutral
337	contradiction
338	contradiction
339	contradiction
340	entailment
341	entailment
342	neutral
343	contradiction
344	entailment
345	contradiction
346	entailment
347	contradiction
348	entailment
349	neutral
350	contradiction
351	entailment
352	entailment
353	entailment
354	entailment
355	entailment
356	contradiction
357	entailment
358	contradiction
359	contradiction
360	neutral
361	contradiction
362	entailment
363	contradiction
364	entailment
365	contradiction
366	entailment
367	neutral
368	entailment
369	contradiction
370	entailment
371	neutral
372	entailment
373	contradiction
374	entailment
375	neutral
376	entailment
377	entailment
378	entailment
379	contradiction
380	contradiction
381	entailment
382	contradiction
383	entailment
384	contradiction
385	entailment
386	contradiction
387	contradiction
388	contradiction
389	entailment
390	neutral
391	entailment
392	entailment
393	contradiction
394	contradiction
395	contradiction
396	neutral
397	contradiction
398	neutral
399	contradiction
400	neutral
401	entailment
402	contradiction
403	neutral
404	contradiction
405	contradiction
406	entailment
407	neutral
408	neutral
409	entailment
410	neutral
411	entailment
412	neutral
413	contradiction
414	neutral
415	neutral
416	contradiction
417	contradiction
418	neutral
419	neutral
420	contradiction
421	entailment
422	contradiction
423	neutral
424	entailment
425	entailment
426	entailment
427	neutral
428	entailment
429	contradiction
430	contradiction
431	contradiction
432	neutral
433	entailment
434	contradiction
435	contradiction
436	neutral
437	contradiction
438	contradiction
439	entailment
440	neutral
441	neutral
442	entailment
443	entailment
444	contradiction
445	neutral
446	contradiction
447	entailment
448	contradiction
449	contradiction
450	entailment
451	entailment
452	neutral
453	contradiction
454	neutral
455	entailment
456	entailment
457	entailment
458	entailment
459	contradiction
460	neutral
461	neutral
462	contradiction
463	entailment
464	contradiction
465	neutral
466	neutral
467	entailment
468	neutral
469	entailment
470	contradiction
471	neutral
472	entailment
473	neutral
474	contradiction
475	neutral
476	contradiction
477	contradiction
478	entailment
479	entailment
480	contradiction
481	entailment
482	neutral
483	neutral
484	contradiction
485	entailment
486	entailment
487	contradiction
488	entailment
489	contradiction
490	neutral
491	entailment
492	contradiction
493	neutral
494	neutral
495	entailment
496	entailment
497	neutral
498	contradiction
499	neutral
500	entailment
501	contradiction
502	neutral
503	neutral
504	entailment
505	contradiction
506	entailment
507	contradiction
508	contradiction
509	entailment
510	entailment
511	contradiction
512	neutral
513	neutral
514	entailment
515	neutral
516	entailment
517	contradiction
518	neutral
519	contradiction
520	entailment
521	entailment
522	neutral
523	entailment
524	contradiction
525	entailment
526	contradiction
527	neutral
528	contradiction
529	contradiction
530	contradiction
531	entailment
532	neutral
533	entailment
534	neutral
535	entailment
536	neutral
537	contradiction
538	neutral
539	neutral
540	contradiction
541	neutral
542	entailment
543	contradiction
544	contradiction
545	entailment
546	entailment
547	neutral
548	neutral
549	entailment
550	neutral
551	neutral
552	neutral
553	entailment
554	entailment
555	contradiction
556	contradiction
557	entailment
558	contradiction
559	entailment
560	neutral
561	entailment
562	entailment
563	contradiction
564	contradiction
565	neutral
566	contradiction
567	contradiction
568	neutral
569	contradiction
570	entailment
571	neutral
572	entailment
573	entailment
574	neutral
575	neutral
576	entailment
577	neutral
578	contradiction
579	neutral
580	entailment
581	entailment
582	contradiction
583	entailment
584	entailment
585	neutral
586	contradiction
587	neutral
588	neutral
589	neutral
590	entailment
591	contradiction
592	contradiction
593	entailment
594	entailment
595	contradiction
596	neutral
597	neutral
598	contradiction
599	entailment
600	entailment
601	entailment
602	entailment
603	neutral
604	entailment
605	entailment
606	neutral
607	contradiction
608	contradiction
609	entailment
610	contradiction
611	neutral
612	entailment
613	entailment
614	entailment
615	neutral
616	entailment
617	entailment
618	contradiction
619	entailment
620	contradiction
621	neutral
622	entailment
623	contradiction
624	entailment
625	contradiction
626	entailment
627	entailment
628	neutral
629	entailment
630	contradiction
631	neutral
632	entailment
633	contradiction
634	contradiction
635	entailment
636	contradiction
637	neutral
638	contradiction
639	contradiction
640	entailment
641	entailment
642	entailment
643	contradiction
644	entailment
645	entailment
646	neutral
647	entailment
648	entailment
649	entailment
650	contradiction
651	neutral
652	contradiction
653	entailment
654	contradiction
655	entailment
656	neutral
657	contradiction
658	neutral
659	entailment
660	contradiction
661	entailment
662	entailment
663	neutral
664	neutral
665	entailment
666	contradiction
667	entailment
668	contradiction
669	entailment
670	neutral
671	neutral
672	entailment
673	entailment
674	entailment
675	entailment
676	neutral
677	neutral
678	entailment
679	entailment
680	neutral
681	neutral
682	neutral
683	neutral
684	neutral
685	neutral
686	neutral
687	contradiction
688	entailment
689	contradiction
690	neutral
691	contradiction
692	entailment
693	entailment
694	contradiction
695	neutral
696	neutral
697	entailment
698	neutral
699	contradiction
700	entailment
701	neutral
702	contradiction
703	contradiction
704	neutral
705	entailment
706	contradiction
707	contradiction
708	entailment
709	entailment
710	entailment
711	neutral
712	entailment
713	entailment
714	contradiction
715	neutral
716	neutral
717	entailment
718	entailment
719	contradiction
720	neutral
721	neutral
722	contradiction
723	contradiction
724	entailment
725	entailment
726	neutral
727	entailment
728	contradiction
729	entailment
730	contradiction
731	neutral
732	contradiction
733	neutral
734	neutral
735	entailment
736	contradiction
737	contradiction
738	neutral
739	contradiction
740	contradiction
741	neutral
742	neutral
743	entailment
744	entailment
745	neutral
746	entailment
747	entailment
748	neutral
749	entailment
750	contradiction
751	contradiction
752	entailment
753	contradiction
754	neutral
755	neutral
756	neutral
757	entailment
758	entailment
759	contradiction
760	neutral
761	neutral
762	neutral
763	entailment
764	contradiction
765	neutral
766	entailment
767	entailment
768	contradiction
769	contradiction
770	entailment
771	contradiction
772	contradiction
773	contradiction
774	contradiction
775	contradiction
776	neutral
777	neutral
778	neutral
779	contradiction
780	neutral
781	entailment
782	entailment
783	contradiction
784	entailment
785	neutral
786	neutral
787	contradiction
788	entailment
789	entailment
790	entailment
791	contradiction
792	contradiction
793	entailment
794	neutral
795	contradiction
796	entailment
797	neutral
798	entailment
799	contradiction
800	contradiction
801	neutral
802	entailment
803	contradiction
804	neutral
805	entailment
806	contradiction
807	entailment
808	neutral
809	entailment
810	contradiction
811	neutral
812	neutral
813	contradiction
814	entailment
815	entailment
816	entailment
817	contradiction
818	contradiction
819	neutral
820	contradiction
821	entailment
822	contradiction
823	contradiction
824	contradiction
825	neutral
826	contradiction
827	entailment
828	entailment
829	entailment
830	entailment
831	neutral
832	contradiction
833	entailment
834	contradiction
835	contradiction
836	neutral
837	entailment
838	contradiction
839	entailment
840	neutral
841	neutral
842	contradiction
843	contradiction
844	contradiction
845	contradiction
846	entailment
847	neutral
848	contradiction
849	neutral
850	neutral
851	contradiction
852	contradiction
853	contradiction
854	neutral
855	entailment
856	neutral
857	contradiction
858	contradiction
859	entailment
860	neutral
861	entailment
862	contradiction
863	contradiction
864	contradiction
865	contradiction
866	contradiction
867	neutral
868	entailment
869	neutral
870	entailment
871	contradiction
872	contradiction
873	contradiction
874	entailment
875	neutral
876	entailment
877	contradiction
878	contradiction
879	contradiction
880	contradiction
881	contradiction
882	entailment
883	neutral
884	entailment
885	contradiction
886	contradiction
887	contradiction
888	neutral
889	entailment
890	entailment
891	neutral
892	contradiction
893	contradiction
894	entailment
895	entailment
896	contradiction
897	contradiction
898	neutral
899	neutral
900	contradiction
901	neutral
902	neutral
903	contradiction
904	contradiction
905	entailment
906	entailment
907	entailment
908	neutral
909	contradiction
910	neutral
911	contradiction
912	entailment
913	contradiction
914	entailment
915	contradiction
916	contradiction
917	entailment
918	contradiction
919	entailment
920	contradiction
921	neutral
922	entailment
923	neutral
924	contradiction
925	neutral
926	neutral
927	entailment
928	entailment
929	neutral
930	contradiction
931	neutral
932	contradiction
933	entailment
934	entailment
935	contradiction
936	contradiction
937	entailment
938	contradiction
939	contradiction
940	entailment
941	neutral
942	contradiction
943	neutral
944	entailment
945	neutral
946	entailment
947	entailment
948	entailment
949	contradiction
950	entailment
951	entailment
952	contradiction
953	contradiction
954	entailment
955	contradiction
956	entailment
957	entailment
958	contradiction
959	entailment
960	entailment
961	contradiction
962	neutral
963	neutral
964	entailment
965	entailment
966	contradiction
967	contradiction
968	entailment
969	contradiction
970	neutral
971	entailment
972	entailment
973	neutral
974	contradiction
975	contradiction
976	entailment
977	neutral
978	entailment
979	entailment
980	neutral
981	neutral
982	contradiction
983	neutral
984	entailment
985	contradiction
986	neutral
987	entailment
988	neutral
989	contradiction
990	neutral
991	neutral
992	entailment
993	neutral
994	entailment
995	contradiction
996	neutral
997	contradiction
998	entailment
999	contradiction
1000	entailment
1001	contradiction
1002	entailment
1003	neutral
1004	contradiction
1005	entailment
1006	contradiction
1007	neutral
1008	neutral
1009	entailment
1010	neutral
1011	entailment
1012	entailment
1013	contradiction
1014	contradiction
1015	contradiction
1016	contradiction
1017	neutral
1018	entailment
1019	entailment
1020	neutral
1021	contradiction
1022	entailment
1023	contradiction
1024	neutral
1025	entailment
1026	contradiction
1027	neutral
1028	neutral
1029	entailment
1030	entailment
1031	entailment
1032	contradiction
1033	entailment
1034	entailment
1035	contradiction
1036	entailment
1037	neutral
1038	entailment
1039	contradiction
1040	entailment
1041	entailment
1042	entailment
1043	contradiction
1044	entailment
1045	contradiction
1046	entailment
1047	contradiction
1048	contradiction
1049	entailment
1050	entailment
1051	entailment
1052	neutral
1053	contradiction
1054	entailment
1055	contradiction
1056	neutral
1057	entailment
1058	contradiction
1059	entailment
1060	neutral
1061	entailment
1062	neutral
1063	entailment
1064	neutral
1065	contradiction
1066	entailment
1067	contradiction
1068	contradiction
1069	neutral
1070	contradiction
1071	neutral
1072	entailment
1073	neutral
1074	contradiction
1075	contradiction
1076	neutral
1077	contradiction
1078	neutral
1079	neutral
1080	contradiction
1081	neutral
1082	entailment
1083	neutral
1084	entailment
1085	neutral
1086	neutral
1087	entailment
1088	contradiction
1089	entailment
1090	neutral
1091	neutral
1092	contradiction
1093	neutral
1094	neutral
1095	neutral
1096	neutral
1097	contradiction
1098	entailment
1099	neutral
1100	contradiction
1101	contradiction
1102	contradiction
1103	entailment
1104	neutral
1105	entailment
1106	contradiction
1107	neutral
1108	neutral
1109	contradiction
1110	entailment
1111	contradiction
1112	entailment
1113	entailment
1114	neutral
1115	entailment
1116	contradiction
1117	entailment
1118	neutral
1119	entailment
1120	neutral
1121	neutral
1122	contradiction
1123	entailment
1124	contradiction
1125	neutral
1126	entailment
1127	entailment
1128	contradiction
1129	entailment
1130	neutral
1131	contradiction
1132	contradiction
1133	entailment
1134	contradiction
1135	neutral
1136	contradiction
1137	neutral
1138	neutral
1139	neutral
1140	neutral
1141	contradiction
1142	contradiction
1143	neutral
1144	contradiction
1145	entailment
1146	contradiction
1147	entailment
1148	neutral
1149	contradiction
1150	entailment
1151	neutral
1152	contradiction
1153	entailment
1154	neutral
1155	contradiction
1156	contradiction
1157	neutral
1158	neutral
1159	contradiction
1160	contradiction
1161	neutral
1162	contradiction
1163	contradiction
1164	contradiction
1165	entailment
1166	contradiction
1167	entailment
1168	neutral
1169	contradiction
1170	entailment
1171	contradiction
1172	neutral
1173	contradiction
1174	entailment
1175	entailment
1176	entailment
1177	neutral
1178	neutral
1179	contradiction
1180	neutral
1181	neutral
1182	neutral
1183	entailment
1184	contradiction
1185	contradiction
1186	neutral
1187	entailment
1188	neutral
1189	neutral
1190	entailment
1191	neutral
1192	neutral
1193	neutral
1194	neutral
1195	entailment
1196	entailment
1197	entailment
1198	contradiction
1199	contradiction
1200	entailment
1201	entailment
1202	neutral
1203	neutral
1204	neutral
1205	entailment
1206	neutral
1207	entailment
1208	contradiction
1209	entailment
1210	contradiction
1211	neutral
1212	entailment
1213	contradiction
1214	neutral
1215	entailment
1216	entailment
1217	contradiction
1218	contradiction
1219	contradiction
1220	neutral
1221	contradiction
1222	contradiction
1223	neutral
1224	entailment
1225	contradiction
1226	contradiction
1227	contradiction
1228	entailment
1229	contradiction
1230	entailment
1231	contradiction
1232	contradiction
1233	entailment
1234	contradiction
1235	entailment
1236	neutral
1237	contradiction
1238	contradiction
1239	contradiction
1240	entailment
1241	entailment
1242	entailment
1243	entailment
1244	entailment
1245	contradiction
1246	neutral
1247	contradiction
1248	contradiction
1249	entailment
1250	entailment
1251	contradiction
1252	entailment
1253	neutral
1254	neutral
1255	contradiction
1256	neutral
1257	entailment
1258	contradiction
1259	contradiction
1260	neutral
1261	neutral
1262	contradiction
1263	contradiction
1264	neutral
1265	entailment
1266	contradiction
1267	neutral
1268	contradiction
1269	contradiction
1270	contradiction
1271	contradiction
1272	contradiction
1273	contradiction
1274	neutral
1275	contradiction
1276	contradiction
1277	neutral
1278	entailment
1279	neutral
1280	entailment
1281	contradiction
1282	entailment
1283	entailment
1284	entailment
1285	entailment
1286	contradiction
1287	neutral
1288	neutral
1289	neutral
1290	entailment
1291	entailment
1292	contradiction
1293	contradiction
1294	contradiction
1295	entailment
1296	neutral
1297	entailment
1298	neutral
1299	entailment
1300	entailment
1301	entailment
1302	contradiction
1303	contradiction
1304	entailment
1305	entailment
1306	neutral
1307	entailment
1308	contradiction
1309	entailment
1310	entailment
1311	contradiction
1312	contradiction
1313	contradiction
1314	neutral
1315	entailment
1316	contradiction
1317	entailment
1318	contradiction
1319	entailment
1320	entailment
1321	contradiction
1322	entailment
1323	entailment
1324	contradiction
1325	neutral
1326	contradiction
1327	contradiction
1328	entailment
1329	neutral
1330	contradiction
1331	entailment
1332	entailment
1333	neutral
1334	entailment
1335	neutral
1336	entailment
1337	entailment
1338	entailment
1339	neutral
1340	contradiction
1341	entailment
1342	neutral
1343	neutral
1344	entailment
1345	entailment
1346	contradiction
1347	contradiction
1348	neutral
1349	neutral
1350	entailment
1351	neutral
1352	entailment
1353	neutral
1354	neutral
1355	contradiction
1356	entailment
1357	entailment
1358	neutral
1359	entailment
1360	contradiction
1361	contradiction
1362	entailment
1363	neutral
1364	neutral
1365	neutral
1366	contradiction
1367	contradiction
1368	entailment
1369	entailment
1370	neutral
1371	entailment
1372	entailment
1373	entailment
1374	entailment
1375	neutral
1376	entailment
1377	neutral
1378	entailment
1379	entailment
1380	entailment
1381	neutral
1382	entailment
1383	entailment
1384	entailment
1385	neutral
1386	neutral
1387	contradiction
1388	contradiction
1389	neutral
1390	contradiction
1391	entailment
1392	neutral
1393	neutral
1394	contradiction
1395	neutral
1396	entailment
1397	entailment
1398	entailment
1399	neutral
1400	contradiction
1401	neutral
1402	entailment
1403	neutral
1404	contradiction
1405	contradiction
1406	contradiction
1407	contradiction
1408	entailment
1409	contradiction
1410	entailment
1411	entailment
1412	neutral
1413	contradiction
1414	entailment
1415	neutral
1416	contradiction
1417	neutral
1418	contradiction
1419	neutral
1420	entailment
1421	contradiction
1422	contradiction
1423	contradiction
1424	neutral
1425	neutral
1426	entailment
1427	entailment
1428	neutral
1429	entailment
1430	neutral
1431	entailment
1432	entailment
1433	contradiction
1434	neutral
1435	contradiction
1436	entailment
1437	entailment
1438	neutral
1439	entailment
1440	contradiction
1441	contradiction
1442	neutral
1443	entailment
1444	neutral
1445	contradiction
1446	entailment
1447	neutral
1448	contradiction
1449	contradiction
1450	neutral
1451	entailment
1452	contradiction
1453	contradiction
1454	entailment
1455	neutral
1456	contradiction
1457	neutral
1458	entailment
1459	entailment
1460	contradiction
1461	entailment
1462	contradiction
1463	entailment
1464	contradiction
1465	neutral
1466	contradiction
1467	entailment
1468	entailment
1469	entailment
1470	neutral
1471	neutral
1472	entailment
1473	entailment
1474	entailment
1475	entailment
1476	contradiction
1477	entailment
1478	entailment
1479	entailment
1480	neutral
1481	entailment
1482	contradiction
1483	contradiction
1484	neutral
1485	neutral
1486	entailment
1487	entailment
1488	neutral
1489	contradiction
1490	entailment
1491	neutral
1492	entailment
1493	contradiction
1494	contradiction
1495	neutral
1496	contradiction
1497	entailment
1498	neutral
1499	entailment
1500	entailment
1501	entailment
1502	contradiction
1503	neutral
1504	contradiction
1505	entailment
1506	contradiction
1507	neutral
1508	neutral
1509	neutral
1510	entailment
1511	contradiction
1512	neutral
1513	entailment
1514	entailment
1515	entailment
1516	contradiction
1517	entailment
1518	neutral
1519	neutral
1520	neutral
1521	contradiction
1522	entailment
1523	entailment
1524	contradiction
1525	contradiction
1526	contradiction
1527	neutral
1528	contradiction
1529	contradiction
1530	contradiction
1531	neutral
1532	neutral
1533	entailment
1534	entailment
1535	neutral
1536	entailment
1537	contradiction
1538	contradiction
1539	entailment
1540	contradiction
1541	contradiction
1542	contradiction
1543	entailment
1544	entailment
1545	contradiction
1546	contradiction
1547	contradiction
1548	contradiction
1549	contradiction
1550	contradiction
1551	neutral
1552	contradiction
1553	entailment
1554	neutral
1555	neutral
1556	entailment
1557	contradiction
1558	neutral
1559	neutral
1560	contradiction
1561	entailment
1562	neutral
1563	contradiction
1564	contradiction
1565	entailment
1566	entailment
1567	contradiction
1568	neutral
1569	neutral
1570	entailment
1571	entailment
1572	entailment
1573	neutral
1574	neutral
1575	neutral
1576	entailment
1577	contradiction
1578	contradiction
1579	neutral
1580	neutral
1581	entailment
1582	entailment
1583	neutral
1584	contradiction
1585	entailment
1586	neutral
1587	entailment
1588	entailment
1589	contradiction
1590	entailment
1591	neutral
1592	entailment
1593	neutral
1594	contradiction
1595	entailment
1596	contradiction
1597	contradiction
1598	entailment
1599	neutral
1600	entailment
1601	contradiction
1602	neutral
1603	entailment
1604	entailment
1605	contradiction
1606	contradiction
1607	contradiction
1608	contradiction
1609	entailment
1610	contradiction
1611	neutral
1612	neutral
1613	contradiction
1614	contradiction
1615	contradiction
1616	neutral
1617	neutral
1618	entailment
1619	entailment
1620	entailment
1621	neutral
1622	entailment
1623	entailment
1624	contradiction
1625	neutral
1626	neutral
1627	neutral
1628	neutral
1629	contradiction
1630	neutral
1631	contradiction
1632	entailment
1633	entailment
1634	entailment
1635	entailment
1636	neutral
1637	neutral
1638	contradiction
1639	neutral
1640	entailment
1641	entailment
1642	contradiction
1643	neutral
1644	neutral
1645	contradiction
1646	entailment
1647	contradiction
1648	entailment
1649	neutral
1650	neutral
1651	contradiction
1652	entailment
1653	contradiction
1654	neutral
1655	entailment
1656	neutral
1657	neutral
1658	entailment
1659	contradiction
1660	neutral
1661	entailment
1662	contradiction
1663	entailment
1664	neutral
1665	contradiction
1666	neutral
1667	contradiction
1668	entailment
1669	contradiction
1670	contradiction
1671	contradiction
1672	entailment
1673	neutral
1674	entailment
1675	entailment
1676	contradiction
1677	entailment
1678	contradiction
1679	entailment
1680	neutral
1681	contradiction
1682	contradiction
1683	entailment
1684	contradiction
1685	contradiction
1686	neutral
1687	neutral
1688	neutral
1689	neutral
1690	neutral
1691	contradiction
1692	contradiction
1693	neutral
1694	entailment
1695	contradiction
1696	contradiction
1697	neutral
1698	contradiction
1699	neutral
1700	neutral
1701	contradiction
1702	contradiction
1703	contradiction
1704	neutral
1705	neutral
1706	neutral
1707	contradiction
1708	neutral
1709	entailment
1710	contradiction
1711	contradiction
1712	neutral
1713	neutral
1714	contradiction
1715	contradiction
1716	entailment
1717	contradiction
1718	entailment
1719	entailment
1720	entailment
1721	contradiction
1722	contradiction
1723	contradiction
1724	neutral
1725	contradiction
1726	entailment
1727	entailment
1728	neutral
1729	contradiction
1730	entailment
1731	contradiction
1732	contradiction
1733	neutral
1734	contradiction
1735	entailment
1736	neutral
1737	contradiction
1738	entailment
1739	neutral
1740	contradiction
1741	contradiction
1742	contradiction
1743	neutral
1744	entailment
1745	entailment
1746	neutral
1747	entailment
1748	neutral
1749	contradiction
1750	entailment
1751	neutral
1752	contradiction
1753	neutral
1754	entailment
1755	neutral
1756	neutral
1757	contradiction
1758	contradiction
1759	entailment
1760	contradiction
1761	neutral
1762	neutral
1763	neutral
1764	entailment
1765	neutral
1766	neutral
1767	entailment
1768	entailment
1769	neutral
1770	contradiction
1771	contradiction
1772	contradiction
1773	neutral
1774	contradiction
1775	neutral
1776	contradiction
1777	entailment
1778	neutral
1779	neutral
1780	entailment
1781	neutral
1782	entailment
1783	entailment
1784	neutral
1785	entailment
1786	contradiction
1787	neutral
1788	neutral
1789	contradiction
1790	neutral
1791	neutral
1792	contradiction
1793	entailment
1794	contradiction
1795	contradiction
1796	contradiction
1797	contradiction
1798	contradiction
1799	contradiction
1800	entailment
1801	contradiction
1802	entailment
1803	contradiction
1804	contradiction
1805	contradiction
1806	contradiction
1807	neutral
1808	entailment
1809	contradiction
1810	contradiction
1811	entailment
1812	neutral
1813	neutral
1814	contradiction
1815	entailment
1816	contradiction
1817	neutral
1818	neutral
1819	contradiction
1820	entailment
1821	neutral
1822	entailment
1823	contradiction
1824	neutral
1825	contradiction
1826	contradiction
1827	entailment
1828	entailment
1829	contradiction
1830	entailment
1831	neutral
1832	neutral
1833	contradiction
1834	entailment
1835	contradiction
1836	entailment
1837	neutral
1838	contradiction
1839	contradiction
1840	neutral
1841	entailment
1842	entailment
1843	neutral
1844	neutral
1845	contradiction
1846	contradiction
1847	contradiction
1848	contradiction
1849	contradiction
1850	entailment
1851	entailment
1852	entailment
1853	entailment
1854	contradiction
1855	entailment
1856	neutral
1857	neutral
1858	entailment
1859	contradiction
1860	contradiction
1861	neutral
1862	contradiction
1863	contradiction
1864	entailment
1865	neutral
1866	contradiction
1867	contradiction
1868	neutral
1869	contradiction
1870	entailment
1871	contradiction
1872	neutral
1873	entailment
1874	entailment
1875	contradiction
1876	neutral
1877	entailment
1878	contradiction
1879	entailment
1880	neutral
1881	neutral
1882	neutral
1883	contradiction
1884	neutral
1885	contradiction
1886	contradiction
1887	contradiction
1888	neutral
1889	contradiction
1890	neutral
1891	entailment
1892	entailment
1893	neutral
1894	entailment
1895	contradiction
1896	neutral
1897	contradiction
1898	contradiction
1899	contradiction
1900	neutral
1901	entailment
1902	contradiction
1903	contradiction
1904	entailment
1905	contradiction
1906	contradiction
1907	neutral
1908	contradiction
1909	contradiction
1910	contradiction
1911	contradiction
1912	neutral
1913	contradiction
1914	entailment
1915	contradiction
1916	entailment
1917	contradiction
1918	contradiction
1919	neutral
1920	contradiction
1921	entailment
1922	entailment
1923	neutral
1924	entailment
1925	entailment
1926	contradiction
1927	contradiction
1928	neutral
1929	neutral
1930	entailment
1931	neutral
1932	entailment
1933	contradiction
1934	entailment
1935	neutral
1936	neutral
1937	neutral
1938	entailment
1939	contradiction
1940	contradiction
1941	entailment
1942	contradiction
1943	contradiction
1944	contradiction
1945	neutral
1946	contradiction
1947	neutral
1948	contradiction
1949	entailment
1950	neutral
1951	neutral
1952	entailment
1953	neutral
1954	contradiction
1955	entailment
1956	neutral
1957	entailment
1958	neutral
1959	entailment
1960	entailment
1961	entailment
1962	entailment
1963	contradiction
1964	neutral
1965	contradiction
1966	neutral
1967	contradiction
1968	neutral
1969	neutral
1970	entailment
1971	contradiction
1972	contradiction
1973	neutral
1974	neutral
1975	contradiction
1976	entailment
1977	neutral
1978	entailment
1979	contradiction
1980	neutral
1981	neutral
1982	contradiction
1983	contradiction
1984	entailment
1985	neutral
1986	entailment
1987	contradiction
1988	contradiction
1989	entailment
1990	entailment
1991	neutral
1992	contradiction
1993	contradiction
1994	contradiction
1995	contradiction
1996	entailment
1997	contradiction
1998	contradiction
1999	entailment
2000	neutral
2001	contradiction
2002	contradiction
2003	entailment
2004	entailment
2005	entailment
2006	neutral
2007	contradiction
2008	contradiction
2009	entailment
2010	contradiction
2011	contradiction
2012	neutral
2013	contradiction
2014	entailment
2015	contradiction
2016	neutral
2017	contradiction
2018	neutral
2019	contradiction
2020	entailment
2021	contradiction
2022	entailment
2023	neutral
2024	contradiction
2025	contradiction
2026	neutral
2027	entailment
2028	contradiction
2029	neutral
2030	neutral
2031	contradiction
2032	entailment
2033	entailment
2034	entailment
2035	entailment
2036	entailment
2037	entailment
2038	neutral
2039	contradiction
2040	neutral
2041	contradiction
2042	contradiction
2043	contradiction
2044	contradiction
2045	contradiction
2046	entailment
2047	entailment
2048	contradiction
2049	contradiction
2050	entailment
2051	contradiction
2052	entailment
2053	entailment
2054	contradiction
2055	contradiction
2056	contradiction
2057	contradiction
2058	neutral
2059	contradiction
2060	neutral
2061	neutral
2062	entailment
2063	neutral
2064	entailment
2065	entailment
2066	contradiction
2067	contradiction
2068	contradiction
2069	neutral
2070	entailment
2071	neutral
2072	contradiction
2073	neutral
2074	neutral
2075	contradiction
2076	entailment
2077	entailment
2078	neutral
2079	contradiction
2080	neutral
2081	entailment
2082	contradiction
2083	contradiction
2084	entailment
2085	entailment
2086	contradiction
2087	entailment
2088	entailment
2089	contradiction
2090	contradiction
2091	entailment
2092	contradiction
2093	contradiction
2094	contradiction
2095	entailment
2096	neutral
2097	contradiction
2098	contradiction
2099	neutral
2100	contradiction
2101	neutral
2102	neutral
2103	contradiction
2104	entailment
2105	neutral
2106	entailment
2107	neutral
2108	entailment
2109	contradiction
2110	entailment
2111	neutral
2112	neutral
2113	entailment
2114	neutral
2115	contradiction
2116	contradiction
2117	entailment
2118	neutral
2119	contradiction
2120	entailment
2121	entailment
2122	entailment
2123	entailment
2124	neutral
2125	entailment
2126	entailment
2127	contradiction
2128	contradiction
2129	entailment
2130	neutral
2131	contradiction
2132	neutral
2133	neutral
2134	entailment
2135	neutral
2136	neutral
2137	neutral
2138	entailment
2139	neutral
2140	entailment
2141	contradiction
2142	contradiction
2143	entailment
2144	entailment
2145	neutral
2146	entailment
2147	neutral
2148	neutral
2149	contradiction
2150	contradiction
2151	neutral
2152	entailment
2153	contradiction
2154	entailment
2155	entailment
2156	contradiction
2157	contradiction
2158	contradiction
2159	contradiction
2160	entailment
2161	contradiction
2162	entailment
2163	entailment
2164	entailment
2165	neutral
2166	neutral
2167	neutral
2168	entailment
2169	neutral
2170	neutral
2171	contradiction
2172	neutral
2173	contradiction
2174	neutral
2175	neutral
2176	entailment
2177	neutral
2178	contradiction
2179	neutral
2180	entailment
2181	neutral
2182	entailment
2183	contradiction
2184	entailment
2185	contradiction
2186	contradiction
2187	contradiction
2188	neutral
2189	contradiction
2190	contradiction
2191	entailment
2192	entailment
2193	contradiction
2194	entailment
2195	neutral
2196	entailment
2197	contradiction
2198	entailment
2199	entailment
2200	contradiction
2201	contradiction
2202	entailment
2203	contradiction
2204	neutral
2205	entailment
2206	contradiction
2207	entailment
2208	contradiction
2209	contradiction
2210	contradiction
2211	contradiction
2212	contradiction
2213	entailment
2214	entailment
2215	entailment
2216	entailment
2217	contradiction
2218	entailment
2219	entailment
2220	neutral
2221	contradiction
2222	entailment
2223	neutral
2224	neutral
2225	entailment
2226	contradiction
2227	contradiction
2228	contradiction
2229	contradiction
2230	neutral
2231	neutral
2232	contradiction
2233	contradiction
2234	entailment
2235	neutral
2236	contradiction
2237	contradiction
2238	contradiction
2239	contradiction
2240	entailment
2241	entailment
2242	entailment
2243	contradiction
2244	entailment
2245	contradiction
2246	entailment
2247	entailment
2248	entailment
2249	neutral
2250	entailment
2251	contradiction
2252	neutral
2253	neutral
2254	entailment
2255	contradiction
2256	contradiction
2257	neutral
2258	contradiction
2259	entailment
2260	entailment
2261	entailment
2262	entailment
2263	contradiction
2264	neutral
2265	entailment
2266	contradiction
2267	neutral
2268	neutral
2269	neutral
2270	entailment
2271	neutral
2272	entailment
2273	contradiction
2274	contradiction
2275	contradiction
2276	neutral
2277	contradiction
2278	entailment
2279	entailment
2280	neutral
2281	entailment
2282	contradiction
2283	contradiction
2284	neutral
2285	entailment
2286	entailment
2287	contradiction
2288	contradiction
2289	neutral
2290	entailment
2291	entailment
2292	neutral
2293	entailment
2294	contradiction
2295	neutral
2296	neutral
2297	neutral
2298	neutral
2299	neutral
2300	entailment
2301	entailment
2302	neutral
2303	entailment
2304	neutral
2305	neutral
2306	neutral
2307	entailment
2308	entailment
2309	entailment
2310	entailment
2311	contradiction
2312	entailment
2313	entailment
2314	neutral
2315	neutral
2316	entailment
2317	entailment
2318	neutral
2319	entailment
2320	entailment
2321	contradiction
2322	neutral
2323	entailment
2324	entailment
2325	neutral
2326	neutral
2327	neutral
2328	contradiction
2329	entailment
2330	entailment
2331	contradiction
2332	contradiction
2333	neutral
2334	entailment
2335	neutral
2336	neutral
2337	neutral
2338	contradiction
2339	contradiction
2340	entailment
2341	contradiction
2342	entailment
2343	entailment
2344	entailment
2345	neutral
2346	entailment
2347	neutral
2348	contradiction
2349	contradiction
2350	entailment
2351	contradiction
2352	neutral
2353	neutral
2354	contradiction
2355	neutral
2356	contradiction
2357	neutral
2358	neutral
2359	contradiction
2360	neutral
2361	neutral
2362	entailment
2363	neutral
2364	neutral
2365	entailment
2366	neutral
2367	entailment
2368	entailment
2369	entailment
2370	entailment
2371	neutral
2372	entailment
2373	contradiction
2374	contradiction
2375	entailment
2376	entailment
2377	contradiction
2378	contradiction
2379	entailment
2380	neutral
2381	entailment
2382	entailment
2383	entailment
2384	contradiction
2385	entailment
2386	contradiction
2387	contradiction
2388	entailment
2389	contradiction
2390	neutral
2391	contradiction
2392	contradiction
2393	entailment
2394	entailment
2395	entailment
2396	neutral
2397	contradiction
2398	entailment
2399	entailment
2400	entailment
2401	neutral
2402	contradiction
2403	contradiction
2404	entailment
2405	contradiction
2406	entailment
2407	neutral
2408	entailment
2409	entailment
2410	neutral
2411	contradiction
2412	neutral
2413	neutral
2414	neutral
2415	entailment
2416	neutral
2417	entailment
2418	neutral
2419	entailment
2420	neutral
2421	entailment
2422	neutral
2423	contradiction
2424	neutral
2425	neutral
2426	contradiction
2427	neutral
2428	neutral
2429	contradiction
2430	neutral
2431	entailment
2432	entailment
2433	entailment
2434	contradiction
2435	entailment
2436	entailment
2437	contradiction
2438	entailment
2439	entailment
2440	contradiction
2441	neutral
2442	neutral
2443	contradiction
2444	neutral
2445	contradiction
2446	contradiction
2447	neutral
2448	entailment
2449	neutral
2450	contradiction
2451	contradiction
2452	neutral
2453	neutral
2454	contradiction
2455	entailment
2456	contradiction
2457	neutral
2458	entailment
2459	contradiction
2460	entailment
2461	contradiction
2462	neutral
2463	contradiction
2464	neutral
2465	entailment
2466	entailment
2467	contradiction
2468	contradiction
2469	entailment
2470	contradiction
2471	contradiction
2472	contradiction
2473	contradiction
2474	entailment
2475	entailment
2476	neutral
2477	contradiction
2478	contradiction
2479	neutral
2480	contradiction
2481	entailment
2482	neutral
2483	entailment
2484	neutral
2485	entailment
2486	neutral
2487	entailment
2488	entailment
2489	entailment
2490	neutral
2491	contradiction
2492	entailment
2493	entailment
2494	entailment
2495	contradiction
2496	entailment
2497	neutral
2498	entailment
2499	entailment
2500	neutral
2501	neutral
2502	contradiction
2503	neutral
2504	contradiction
2505	entailment
2506	contradiction
2507	neutral
2508	neutral
2509	entailment
2510	contradiction
2511	entailment
2512	contradiction
2513	entailment
2514	entailment
2515	contradiction
2516	entailment
2517	neutral
2518	neutral
2519	entailment
2520	entailment
2521	entailment
2522	neutral
2523	neutral
2524	neutral
2525	neutral
2526	contradiction
2527	neutral
2528	neutral
2529	neutral
2530	neutral
2531	neutral
2532	neutral
2533	neutral
2534	neutral
2535	contradiction
2536	neutral
2537	neutral
2538	neutral
2539	neutral
2540	neutral
2541	entailment
2542	contradiction
2543	neutral
2544	neutral
2545	neutral
2546	contradiction
2547	entailment
2548	neutral
2549	neutral
2550	entailment
2551	contradiction
2552	contradiction
2553	neutral
2554	contradiction
2555	contradiction
2556	entailment
2557	contradiction
2558	contradiction
2559	neutral
2560	entailment
2561	contradiction
2562	entailment
2563	contradiction
2564	entailment
2565	entailment
2566	contradiction
2567	neutral
2568	entailment
2569	contradiction
2570	entailment
2571	contradiction
2572	entailment
2573	entailment
2574	contradiction
2575	entailment
2576	entailment
2577	contradiction
2578	contradiction
2579	contradiction
2580	entailment
2581	contradiction
2582	contradiction
2583	entailment
2584	entailment
2585	contradiction
2586	entailment
2587	neutral
2588	contradiction
2589	neutral
2590	contradiction
2591	contradiction
2592	contradiction
2593	contradiction
2594	entailment
2595	entailment
2596	contradiction
2597	contradiction
2598	entailment
2599	contradiction
2600	entailment
2601	contradiction
2602	neutral
2603	neutral
2604	entailment
2605	contradiction
2606	contradiction
2607	neutral
2608	contradiction
2609	entailment
2610	neutral
2611	contradiction
2612	neutral
2613	neutral
2614	entailment
2615	entailment
2616	entailment
2617	entailment
2618	contradiction
2619	entailment
2620	contradiction
2621	entailment
2622	contradiction
2623	contradiction
2624	contradiction
2625	contradiction
2626	entailment
2627	entailment
2628	neutral
2629	contradiction
2630	contradiction
2631	entailment
2632	entailment
2633	contradiction
2634	contradiction
2635	contradiction
2636	entailment
2637	entailment
2638	neutral
2639	entailment
2640	entailment
2641	neutral
2642	contradiction
2643	entailment
2644	neutral
2645	entailment
2646	entailment
2647	contradiction
2648	contradiction
2649	neutral
2650	contradiction
2651	contradiction
2652	entailment
2653	contradiction
2654	contradiction
2655	contradiction
2656	contradiction
2657	neutral
2658	neutral
2659	entailment
2660	entailment
2661	neutral
2662	entailment
2663	entailment
2664	entailment
2665	neutral
2666	contradiction
2667	contradiction
2668	neutral
2669	entailment
2670	entailment
2671	neutral
2672	entailment
2673	neutral
2674	contradiction
2675	contradiction
2676	neutral
2677	entailment
2678	entailment
2679	entailment
2680	neutral
2681	neutral
2682	entailment
2683	neutral
2684	entailment
2685	contradiction
2686	entailment
2687	entailment
2688	contradiction
2689	contradiction
2690	entailment
2691	neutral
2692	contradiction
2693	contradiction
2694	entailment
2695	neutral
2696	contradiction
2697	entailment
2698	entailment
2699	contradiction
2700	neutral
2701	entailment
2702	entailment
2703	contradiction
2704	contradiction
2705	neutral
2706	entailment
2707	entailment
2708	entailment
2709	entailment
2710	entailment
2711	neutral
2712	contradiction
2713	neutral
2714	contradiction
2715	neutral
2716	entailment
2717	neutral
2718	contradiction
2719	contradiction
2720	entailment
2721	contradiction
2722	contradiction
2723	neutral
2724	contradiction
2725	entailment
2726	entailment
2727	contradiction
2728	contradiction
2729	entailment
2730	neutral
2731	contradiction
2732	contradiction
2733	contradiction
2734	contradiction
2735	contradiction
2736	entailment
2737	entailment
2738	neutral
2739	contradiction
2740	contradiction
2741	contradiction
2742	neutral
2743	contradiction
2744	entailment
2745	entailment
2746	contradiction
2747	contradiction
2748	neutral
2749	contradiction
2750	entailment
2751	entailment
2752	entailment
2753	neutral
2754	contradiction
2755	entailment
2756	neutral
2757	contradiction
2758	entailment
2759	entailment
2760	contradiction
2761	neutral
2762	entailment
2763	contradiction
2764	entailment
2765	neutral
2766	contradiction
2767	entailment
2768	neutral
2769	entailment
2770	contradiction
2771	entailment
2772	contradiction
2773	neutral
2774	neutral
2775	contradiction
2776	neutral
2777	entailment
2778	entailment
2779	contradiction
2780	entailment
2781	contradiction
2782	entailment
2783	neutral
2784	neutral
2785	entailment
2786	entailment
2787	neutral
2788	contradiction
2789	contradiction
2790	entailment
2791	neutral
2792	contradiction
2793	contradiction
2794	contradiction
2795	neutral
2796	entailment
2797	contradiction
2798	contradiction
2799	entailment
2800	contradiction
2801	contradiction
2802	contradiction
2803	neutral
2804	entailment
2805	neutral
2806	contradiction
2807	entailment
2808	neutral
2809	contradiction
2810	entailment
2811	contradiction
2812	neutral
2813	entailment
2814	neutral
2815	contradiction
2816	contradiction
2817	contradiction
2818	neutral
2819	neutral
2820	contradiction
2821	neutral
2822	contradiction
2823	neutral
2824	entailment
2825	contradiction
2826	entailment
2827	neutral
2828	contradiction
2829	neutral
2830	contradiction
2831	contradiction
2832	neutral
2833	contradiction
2834	entailment
2835	entailment
2836	contradiction
2837	entailment
2838	entailment
2839	entailment
2840	contradiction
2841	contradiction
2842	contradiction
2843	entailment
2844	entailment
2845	entailment
2846	neutral
2847	entailment
2848	contradiction
2849	neutral
2850	contradiction
2851	neutral
2852	neutral
2853	entailment
2854	neutral
2855	neutral
2856	entailment
2857	entailment
2858	neutral
2859	neutral
2860	neutral
2861	entailment
2862	neutral
2863	entailment
2864	neutral
2865	entailment
2866	contradiction
2867	entailment
2868	entailment
2869	neutral
2870	neutral
2871	neutral
2872	neutral
2873	neutral
2874	neutral
2875	neutral
2876	entailment
2877	entailment
2878	entailment
2879	entailment
2880	neutral
2881	entailment
2882	contradiction
2883	contradiction
2884	entailment
2885	neutral
2886	entailment
2887	entailment
2888	neutral
2889	neutral
2890	contradiction
2891	contradiction
2892	entailment
2893	entailment
2894	entailment
2895	neutral
2896	contradiction
2897	neutral
2898	entailment
2899	neutral
2900	entailment
2901	neutral
2902	neutral
2903	entailment
2904	entailment
2905	contradiction
2906	entailment
2907	entailment
2908	neutral
2909	entailment
2910	contradiction
2911	contradiction
2912	entailment
2913	contradiction
2914	neutral
2915	neutral
2916	neutral
2917	contradiction
2918	contradiction
2919	entailment
2920	entailment
2921	entailment
2922	neutral
2923	entailment
2924	entailment
2925	contradiction
2926	contradiction
2927	entailment
2928	neutral
2929	entailment
2930	neutral
2931	contradiction
2932	contradiction
2933	neutral
2934	contradiction
2935	entailment
2936	entailment
2937	contradiction
2938	entailment
2939	entailment
2940	contradiction
2941	neutral
2942	entailment
2943	contradiction
2944	contradiction
2945	neutral
2946	contradiction
2947	contradiction
2948	contradiction
2949	contradiction
2950	neutral
2951	entailment
2952	neutral
2953	contradiction
2954	entailment
2955	contradiction
2956	entailment
2957	neutral
2958	entailment
2959	entailment
2960	contradiction
2961	neutral
2962	entailment
2963	neutral
2964	entailment
2965	contradiction
2966	neutral
2967	contradiction
2968	contradiction
2969	entailment
2970	entailment
2971	contradiction
2972	contradiction
2973	entailment
2974	entailment
2975	contradiction
2976	neutral
2977	neutral
2978	entailment
2979	neutral
2980	entailment
2981	contradiction
2982	neutral
2983	contradiction
2984	entailment
2985	neutral
2986	neutral
2987	neutral
2988	contradiction
2989	entailment
2990	contradiction
2991	entailment
2992	entailment
2993	entailment
2994	contradiction
2995	contradiction
2996	neutral
2997	contradiction
2998	entailment
2999	contradiction
3000	neutral
3001	entailment
3002	contradiction
3003	entailment
3004	contradiction
3005	contradiction
3006	contradiction
3007	contradiction
3008	contradiction
3009	entailment
3010	neutral
3011	entailment
3012	neutral
3013	entailment
3014	contradiction
3015	entailment
3016	entailment
3017	neutral
3018	entailment
3019	contradiction
3020	entailment
3021	contradiction
3022	neutral
3023	neutral
3024	entailment
3025	entailment
3026	entailment
3027	entailment
3028	contradiction
3029	neutral
3030	contradiction
3031	entailment
3032	entailment
3033	entailment
3034	neutral
3035	entailment
3036	neutral
3037	contradiction
3038	entailment
3039	entailment
3040	entailment
3041	neutral
3042	neutral
3043	entailment
3044	entailment
3045	contradiction
3046	neutral
3047	contradiction
3048	entailment
3049	contradiction
3050	contradiction
3051	entailment
3052	entailment
3053	contradiction
3054	entailment
3055	neutral
3056	contradiction
3057	neutral
3058	contradiction
3059	neutral
3060	neutral
3061	neutral
3062	entailment
3063	neutral
3064	neutral
3065	neutral
3066	entailment
3067	contradiction
3068	contradiction
3069	contradiction
3070	contradiction
3071	neutral
3072	contradiction
3073	entailment
3074	neutral
3075	entailment
3076	contradiction
3077	contradiction
3078	neutral
3079	entailment
3080	entailment
3081	neutral
3082	entailment
3083	neutral
3084	contradiction
3085	entailment
3086	entailment
3087	contradiction
3088	entailment
3089	contradiction
3090	entailment
3091	neutral
3092	entailment
3093	neutral
3094	entailment
3095	contradiction
3096	neutral
3097	entailment
3098	entailment
3099	neutral
3100	entailment
3101	neutral
3102	entailment
3103	contradiction
3104	entailment
3105	entailment
3106	contradiction
3107	entailment
3108	entailment
3109	neutral
3110	contradiction
3111	contradiction
3112	neutral
3113	neutral
3114	contradiction
3115	entailment
3116	contradiction
3117	contradiction
3118	entailment
3119	contradiction
3120	contradiction
3121	neutral
3122	neutral
3123	contradiction
3124	entailment
3125	entailment
3126	contradiction
3127	entailment
3128	contradiction
3129	neutral
3130	neutral
3131	neutral
3132	entailment
3133	neutral
3134	contradiction
3135	contradiction
3136	contradiction
3137	contradiction
3138	entailment
3139	neutral
3140	contradiction
3141	contradiction
3142	entailment
3143	contradiction
3144	neutral
3145	entailment
3146	neutral
3147	neutral
3148	contradiction
3149	entailment
3150	entailment
3151	entailment
3152	contradiction
3153	entailment
3154	contradiction
3155	contradiction
3156	neutral
3157	neutral
3158	neutral
3159	neutral
3160	entailment
3161	entailment
3162	entailment
3163	neutral
3164	contradiction
3165	neutral
3166	entailment
3167	contradiction
3168	entailment
3169	entailment
3170	entailment
3171	entailment
3172	neutral
3173	neutral
3174	contradiction
3175	contradiction
3176	entailment
3177	entailment
3178	contradiction
3179	entailment
3180	entailment
3181	neutral
3182	neutral
3183	contradiction
3184	neutral
3185	contradiction
3186	contradiction
3187	contradiction
3188	contradiction
3189	entailment
3190	entailment
3191	contradiction
3192	entailment
3193	contradiction
3194	contradiction
3195	entailment
3196	neutral
3197	entailment
3198	contradiction
3199	neutral
3200	contradiction
3201	contradiction
3202	neutral
3203	entailment
3204	entailment
3205	neutral
3206	contradiction
3207	neutral
3208	entailment
3209	entailment
3210	entailment
3211	entailment
3212	entailment
3213	entailment
3214	neutral
3215	contradiction
3216	entailment
3217	neutral
3218	contradiction
3219	entailment
3220	entailment
3221	neutral
3222	neutral
3223	entailment
3224	neutral
3225	neutral
3226	contradiction
3227	contradiction
3228	neutral
3229	contradiction
3230	contradiction
3231	entailment
3232	contradiction
3233	contradiction
3234	entailment
3235	neutral
3236	entailment
3237	contradiction
3238	contradiction
3239	neutral
3240	contradiction
3241	entailment
3242	entailment
3243	entailment
3244	entailment
3245	entailment
3246	entailment
3247	entailment
3248	contradiction
3249	neutral
3250	contradiction
3251	entailment
3252	contradiction
3253	entailment
3254	entailment
3255	entailment
3256	contradiction
3257	contradiction
3258	neutral
3259	entailment
3260	neutral
3261	entailment
3262	entailment
3263	entailment
3264	contradiction
3265	entailment
3266	neutral
3267	contradiction
3268	contradiction
3269	contradiction
3270	entailment
3271	neutral
3272	contradiction
3273	entailment
3274	entailment
3275	contradiction
3276	entailment
3277	contradiction
3278	neutral
3279	contradiction
3280	contradiction
3281	neutral
3282	contradiction
3283	entailment
3284	contradiction
3285	neutral
3286	entailment
3287	neutral
3288	entailment
3289	neutral
3290	contradiction
3291	entailment
3292	entailment
3293	neutral
3294	entailment
3295	entailment
3296	entailment
3297	entailment
3298	contradiction
3299	contradiction
3300	neutral
3301	entailment
3302	contradiction
3303	contradiction
3304	contradiction
3305	neutral
3306	entailment
3307	contradiction
3308	entailment
3309	contradiction
3310	contradiction
3311	entailment
3312	entailment
3313	neutral
3314	contradiction
3315	entailment
3316	contradiction
3317	entailment
3318	neutral
3319	neutral
3320	contradiction
3321	entailment
3322	neutral
3323	contradiction
3324	contradiction
3325	entailment
3326	contradiction
3327	entailment
3328	contradiction
3329	contradiction
3330	contradiction
3331	entailment
3332	entailment
3333	contradiction
3334	neutral
3335	entailment
3336	contradiction
3337	neutral
3338	neutral
3339	entailment
3340	entailment
3341	neutral
3342	entailment
3343	contradiction
3344	entailment
3345	neutral
3346	neutral
3347	contradiction
3348	entailment
3349	entailment
3350	entailment
3351	entailment
3352	contradiction
3353	entailment
3354	entailment
3355	entailment
3356	neutral
3357	entailment
3358	entailment
3359	neutral
3360	entailment
3361	entailment
3362	neutral
3363	contradiction
3364	entailment
3365	contradiction
3366	entailment
3367	contradiction
3368	contradiction
3369	entailment
3370	entailment
3371	entailment
3372	contradiction
3373	entailment
3374	neutral
3375	contradiction
3376	neutral
3377	entailment
3378	entailment
3379	neutral
3380	entailment
3381	entailment
3382	neutral
3383	entailment
3384	entailment
3385	neutral
3386	contradiction
3387	neutral
3388	contradiction
3389	contradiction
3390	entailment
3391	entailment
3392	contradiction
3393	entailment
3394	neutral
3395	contradiction
3396	entailment
3397	contradiction
3398	entailment
3399	entailment
3400	neutral
3401	entailment
3402	contradiction
3403	contradiction
3404	neutral
3405	contradiction
3406	neutral
3407	neutral
3408	entailment
3409	contradiction
3410	entailment
3411	entailment
3412	neutral
3413	contradiction
3414	entailment
3415	contradiction
3416	contradiction
3417	contradiction
3418	contradiction
3419	entailment
3420	contradiction
3421	contradiction
3422	entailment
3423	neutral
3424	entailment
3425	contradiction
3426	entailment
3427	contradiction
3428	entailment
3429	contradiction
3430	entailment
3431	contradiction
3432	entailment
3433	contradiction
3434	entailment
3435	contradiction
3436	entailment
3437	contradiction
3438	contradiction
3439	neutral
3440	contradiction
3441	entailment
3442	entailment
3443	contradiction
3444	entailment
3445	neutral
3446	neutral
3447	contradiction
3448	entailment
3449	contradiction
3450	contradiction
3451	entailment
3452	entailment
3453	entailment
3454	neutral
3455	entailment
3456	neutral
3457	contradiction
3458	contradiction
3459	neutral
3460	contradiction
3461	entailment
3462	neutral
3463	entailment
3464	neutral
3465	entailment
3466	entailment
3467	entailment
3468	contradiction
3469	entailment
3470	neutral
3471	contradiction
3472	contradiction
3473	neutral
3474	contradiction
3475	contradiction
3476	entailment
3477	contradiction
3478	contradiction
3479	neutral
3480	contradiction
3481	entailment
3482	neutral
3483	entailment
3484	neutral
3485	contradiction
3486	neutral
3487	contradiction
3488	entailment
3489	contradiction
3490	entailment
3491	contradiction
3492	entailment
3493	contradiction
3494	entailment
3495	contradiction
3496	entailment
3497	neutral
3498	entailment
3499	neutral
3500	entailment
3501	neutral
3502	entailment
3503	entailment
3504	contradiction
3505	contradiction
3506	contradiction
3507	neutral
3508	neutral
3509	neutral
3510	neutral
3511	neutral
3512	neutral
3513	entailment
3514	neutral
3515	entailment
3516	contradiction
3517	entailment
3518	contradiction
3519	contradiction
3520	entailment
3521	entailment
3522	entailment
3523	entailment
3524	contradiction
3525	contradiction
3526	contradiction
3527	contradiction
3528	entailment
3529	entailment
3530	entailment
3531	contradiction
3532	contradiction
3533	neutral
3534	neutral
3535	contradiction
3536	contradiction
3537	entailment
3538	contradiction
3539	contradiction
3540	entailment
3541	contradiction
3542	entailment
3543	entailment
3544	entailment
3545	contradiction
3546	neutral
3547	entailment
3548	neutral
3549	contradiction
3550	entailment
3551	neutral
3552	contradiction
3553	entailment
3554	contradiction
3555	contradiction
3556	neutral
3557	neutral
3558	neutral
3559	contradiction
3560	contradiction
3561	entailment
3562	contradiction
3563	neutral
3564	contradiction
3565	entailment
3566	neutral
3567	contradiction
3568	neutral
3569	entailment
3570	entailment
3571	neutral
3572	contradiction
3573	neutral
3574	neutral
3575	contradiction
3576	entailment
3577	entailment
3578	contradiction
3579	contradiction
3580	contradiction
3581	contradiction
3582	entailment
3583	entailment
3584	neutral
3585	contradiction
3586	contradiction
3587	neutral
3588	entailment
3589	neutral
3590	neutral
3591	contradiction
3592	contradiction
3593	contradiction
3594	entailment
3595	contradiction
3596	contradiction
3597	entailment
3598	contradiction
3599	neutral
3600	entailment
3601	contradiction
3602	neutral
3603	entailment
3604	neutral
3605	entailment
3606	entailment
3607	entailment
3608	neutral
3609	contradiction
3610	contradiction
3611	contradiction
3612	entailment
3613	neutral
3614	contradiction
3615	entailment
3616	entailment
3617	contradiction
3618	entailment
3619	entailment
3620	contradiction
3621	entailment
3622	neutral
3623	entailment
3624	contradiction
3625	contradiction
3626	contradiction
3627	neutral
3628	entailment
3629	contradiction
3630	neutral
3631	entailment
3632	entailment
3633	contradiction
3634	entailment
3635	entailment
3636	contradiction
3637	entailment
3638	neutral
3639	contradiction
3640	contradiction
3641	entailment
3642	neutral
3643	neutral
3644	entailment
3645	contradiction
3646	neutral
3647	contradiction
3648	neutral
3649	contradiction
3650	neutral
3651	entailment
3652	contradiction
3653	entailment
3654	entailment
3655	contradiction
3656	entailment
3657	contradiction
3658	contradiction
3659	entailment
3660	neutral
3661	contradiction
3662	contradiction
3663	neutral
3664	entailment
3665	contradiction
3666	neutral
3667	neutral
3668	neutral
3669	neutral
3670	entailment
3671	entailment
3672	contradiction
3673	entailment
3674	neutral
3675	contradiction
3676	contradiction
3677	entailment
3678	entailment
3679	entailment
3680	contradiction
3681	contradiction
3682	entailment
3683	entailment
3684	neutral
3685	neutral
3686	entailment
3687	neutral
3688	contradiction
3689	neutral
3690	neutral
3691	contradiction
3692	entailment
3693	neutral
3694	entailment
3695	entailment
3696	contradiction
3697	entailment
3698	entailment
3699	entailment
3700	neutral
3701	entailment
3702	contradiction
3703	entailment
3704	neutral
3705	contradiction
3706	contradiction
3707	contradiction
3708	neutral
3709	entailment
3710	neutral
3711	neutral
3712	entailment
3713	entailment
3714	neutral
3715	entailment
3716	neutral
3717	entailment
3718	contradiction
3719	entailment
3720	neutral
3721	contradiction
3722	contradiction
3723	contradiction
3724	contradiction
3725	neutral
3726	neutral
3727	neutral
3728	entailment
3729	neutral
3730	entailment
3731	entailment
3732	entailment
3733	contradiction
3734	neutral
3735	contradiction
3736	entailment
3737	neutral
3738	contradiction
3739	entailment
3740	neutral
3741	entailment
3742	contradiction
3743	entailment
3744	contradiction
3745	entailment
3746	contradiction
3747	contradiction
3748	entailment
3749	contradiction
3750	entailment
3751	neutral
3752	contradiction
3753	contradiction
3754	entailment
3755	contradiction
3756	entailment
3757	entailment
3758	contradiction
3759	contradiction
3760	neutral
3761	neutral
3762	contradiction
3763	entailment
3764	contradiction
3765	entailment
3766	entailment
3767	contradiction
3768	neutral
3769	neutral
3770	entailment
3771	entailment
3772	neutral
3773	neutral
3774	contradiction
3775	neutral
3776	entailment
3777	entailment
3778	contradiction
3779	contradiction
3780	contradiction
3781	entailment
3782	neutral
3783	neutral
3784	neutral
3785	contradiction
3786	contradiction
3787	contradiction
3788	neutral
3789	entailment
3790	neutral
3791	contradiction
3792	neutral
3793	neutral
3794	entailment
3795	contradiction
3796	neutral
3797	contradiction
3798	entailment
3799	neutral
3800	contradiction
3801	entailment
3802	neutral
3803	neutral
3804	neutral
3805	contradiction
3806	entailment
3807	entailment
3808	contradiction
3809	contradiction
3810	neutral
3811	contradiction
3812	entailment
3813	contradiction
3814	entailment
3815	entailment
3816	neutral
3817	neutral
3818	neutral
3819	entailment
3820	neutral
3821	neutral
3822	contradiction
3823	contradiction
3824	entailment
3825	contradiction
3826	neutral
3827	neutral
3828	neutral
3829	entailment
3830	contradiction
3831	neutral
3832	entailment
3833	contradiction
3834	entailment
3835	contradiction
3836	neutral
3837	neutral
3838	entailment
3839	contradiction
3840	entailment
3841	neutral
3842	entailment
3843	neutral
3844	entailment
3845	entailment
3846	entailment
3847	entailment
3848	entailment
3849	entailment
3850	contradiction
3851	contradiction
3852	entailment
3853	entailment
3854	contradiction
3855	entailment
3856	contradiction
3857	entailment
3858	entailment
3859	entailment
3860	entailment
3861	neutral
3862	neutral
3863	entailment
3864	entailment
3865	entailment
3866	entailment
3867	contradiction
3868	contradiction
3869	entailment
3870	contradiction
3871	entailment
3872	entailment
3873	entailment
3874	contradiction
3875	contradiction
3876	entailment
3877	neutral
3878	entailment
3879	entailment
3880	contradiction
3881	neutral
3882	neutral
3883	contradiction
3884	contradiction
3885	contradiction
3886	contradiction
3887	entailment
3888	entailment
3889	contradiction
3890	contradiction
3891	contradiction
3892	entailment
3893	contradiction
3894	neutral
3895	contradiction
3896	entailment
3897	contradiction
3898	contradiction
3899	entailment
3900	neutral
3901	neutral
3902	contradiction
3903	neutral
3904	contradiction
3905	neutral
3906	entailment
3907	neutral
3908	contradiction
3909	neutral
3910	contradiction
3911	entailment
3912	entailment
3913	entailment
3914	neutral
3915	contradiction
3916	contradiction
3917	neutral
3918	neutral
3919	neutral
3920	entailment
3921	entailment
3922	entailment
3923	contradiction
3924	neutral
3925	entailment
3926	entailment
3927	entailment
3928	contradiction
3929	entailment
3930	contradiction
3931	entailment
3932	contradiction
3933	neutral
3934	neutral
3935	entailment
3936	entailment
3937	contradiction
3938	entailment
3939	entailment
3940	entailment
3941	contradiction
3942	contradiction
3943	contradiction
3944	entailment
3945	entailment
3946	entailment
3947	entailment
3948	contradiction
3949	neutral
3950	neutral
3951	contradiction
3952	entailment
3953	contradiction
3954	contradiction
3955	entailment
3956	contradiction
3957	contradiction
3958	entailment
3959	contradiction
3960	neutral
3961	neutral
3962	entailment
3963	neutral
3964	neutral
3965	neutral
3966	entailment
3967	entailment
3968	entailment
3969	contradiction
3970	neutral
3971	neutral
3972	entailment
3973	entailment
3974	contradiction
3975	entailment
3976	entailment
3977	neutral
3978	contradiction
3979	contradiction
3980	contradiction
3981	entailment
3982	entailment
3983	entailment
3984	contradiction
3985	entailment
3986	entailment
3987	entailment
3988	contradiction
3989	neutral
3990	contradiction
3991	neutral
3992	entailment
3993	neutral
3994	contradiction
3995	neutral
3996	contradiction
3997	contradiction
3998	entailment
3999	entailment
4000	entailment
4001	neutral
4002	neutral
4003	neutral
4004	contradiction
4005	contradiction
4006	entailment
4007	neutral
4008	neutral
4009	entailment
4010	entailment
4011	entailment
4012	neutral
4013	neutral
4014	neutral
4015	neutral
4016	entailment
4017	contradiction
4018	entailment
4019	entailment
4020	entailment
4021	entailment
4022	neutral
4023	contradiction
4024	entailment
4025	entailment
4026	contradiction
4027	neutral
4028	entailment
4029	entailment
4030	contradiction
4031	entailment
4032	neutral
4033	contradiction
4034	entailment
4035	neutral
4036	contradiction
4037	contradiction
4038	contradiction
4039	neutral
4040	contradiction
4041	contradiction
4042	contradiction
4043	neutral
4044	contradiction
4045	neutral
4046	neutral
4047	contradiction
4048	entailment
4049	entailment
4050	neutral
4051	neutral
4052	entailment
4053	contradiction
4054	contradiction
4055	entailment
4056	neutral
4057	contradiction
4058	contradiction
4059	entailment
4060	contradiction
4061	entailment
4062	neutral
4063	entailment
4064	contradiction
4065	contradiction
4066	contradiction
4067	neutral
4068	contradiction
4069	contradiction
4070	entailment
4071	entailment
4072	entailment
4073	contradiction
4074	neutral
4075	entailment
4076	entailment
4077	neutral
4078	entailment
4079	contradiction
4080	contradiction
4081	entailment
4082	neutral
4083	entailment
4084	neutral
4085	contradiction
4086	entailment
4087	contradiction
4088	neutral
4089	contradiction
4090	contradiction
4091	entailment
4092	contradiction
4093	neutral
4094	entailment
4095	entailment
4096	contradiction
4097	contradiction
4098	entailment
4099	contradiction
4100	neutral
4101	neutral
4102	contradiction
4103	contradiction
4104	neutral
4105	contradiction
4106	contradiction
4107	neutral
4108	contradiction
4109	contradiction
4110	contradiction
4111	contradiction
4112	neutral
4113	neutral
4114	neutral
4115	contradiction
4116	entailment
4117	entailment
4118	contradiction
4119	neutral
4120	contradiction
4121	neutral
4122	contradiction
4123	neutral
4124	entailment
4125	contradiction
4126	neutral
4127	entailment
4128	entailment
4129	neutral
4130	contradiction
4131	entailment
4132	neutral
4133	contradiction
4134	entailment
4135	entailment
4136	entailment
4137	entailment
4138	contradiction
4139	contradiction
4140	entailment
4141	neutral
4142	entailment
4143	contradiction
4144	entailment
4145	entailment
4146	neutral
4147	contradiction
4148	entailment
4149	neutral
4150	contradiction
4151	neutral
4152	contradiction
4153	entailment
4154	contradiction
4155	contradiction
4156	entailment
4157	neutral
4158	neutral
4159	neutral
4160	neutral
4161	neutral
4162	neutral
4163	entailment
4164	contradiction
4165	entailment
4166	entailment
4167	entailment
4168	neutral
4169	neutral
4170	contradiction
4171	contradiction
4172	neutral
4173	contradiction
4174	contradiction
4175	neutral
4176	entailment
4177	neutral
4178	neutral
4179	neutral
4180	entailment
4181	contradiction
4182	contradiction
4183	entailment
4184	neutral
4185	contradiction
4186	contradiction
4187	neutral
4188	neutral
4189	neutral
4190	entailment
4191	contradiction
4192	neutral
4193	entailment
4194	entailment
4195	entailment
4196	entailment
4197	contradiction
4198	contradiction
4199	contradiction
4200	neutral
4201	neutral
4202	entailment
4203	neutral
4204	entailment
4205	contradiction
4206	neutral
4207	contradiction
4208	entailment
4209	contradiction
4210	neutral
4211	contradiction
4212	neutral
4213	contradiction
4214	neutral
4215	contradiction
4216	entailment
4217	neutral
4218	contradiction
4219	neutral
4220	neutral
4221	contradiction
4222	neutral
4223	entailment
4224	neutral
4225	neutral
4226	contradiction
4227	entailment
4228	entailment
4229	entailment
4230	contradiction
4231	neutral
4232	contradiction
4233	entailment
4234	contradiction
4235	neutral
4236	contradiction
4237	neutral
4238	entailment
4239	neutral
4240	contradiction
4241	contradiction
4242	neutral
4243	entailment
4244	contradiction
4245	neutral
4246	contradiction
4247	contradiction
4248	contradiction
4249	entailment
4250	contradiction
4251	neutral
4252	contradiction
4253	neutral
4254	contradiction
4255	contradiction
4256	entailment
4257	contradiction
4258	contradiction
4259	neutral
4260	neutral
4261	neutral
4262	neutral
4263	contradiction
4264	entailment
4265	entailment
4266	contradiction
4267	entailment
4268	contradiction
4269	neutral
4270	neutral
4271	neutral
4272	entailment
4273	contradiction
4274	neutral
4275	entailment
4276	contradiction
4277	entailment
4278	entailment
4279	neutral
4280	contradiction
4281	neutral
4282	neutral
4283	entailment
4284	neutral
4285	entailment
4286	neutral
4287	neutral
4288	contradiction
4289	contradiction
4290	neutral
4291	entailment
4292	entailment
4293	entailment
4294	neutral
4295	contradiction
4296	entailment
4297	contradiction
4298	contradiction
4299	contradiction
4300	contradiction
4301	entailment
4302	entailment
4303	entailment
4304	entailment
4305	contradiction
4306	neutral
4307	entailment
4308	neutral
4309	entailment
4310	entailment
4311	entailment
4312	neutral
4313	neutral
4314	contradiction
4315	neutral
4316	contradiction
4317	entailment
4318	contradiction
4319	neutral
4320	neutral
4321	contradiction
4322	contradiction
4323	neutral
4324	neutral
4325	neutral
4326	neutral
4327	contradiction
4328	neutral
4329	neutral
4330	neutral
4331	contradiction
4332	entailment
4333	contradiction
4334	neutral
4335	neutral
4336	neutral
4337	entailment
4338	entailment
4339	contradiction
4340	contradiction
4341	neutral
4342	neutral
4343	entailment
4344	neutral
4345	entailment
4346	contradiction
4347	contradiction
4348	contradiction
4349	neutral
4350	neutral
4351	contradiction
4352	neutral
4353	contradiction
4354	entailment
4355	contradiction
4356	neutral
4357	entailment
4358	entailment
4359	contradiction
4360	entailment
4361	neutral
4362	contradiction
4363	contradiction
4364	neutral
4365	contradiction
4366	contradiction
4367	neutral
4368	neutral
4369	contradiction
4370	contradiction
4371	contradiction
4372	entailment
4373	contradiction
4374	entailment
4375	entailment
4376	entailment
4377	neutral
4378	entailment
4379	neutral
4380	contradiction
4381	entailment
4382	neutral
4383	contradiction
4384	contradiction
4385	neutral
4386	entailment
4387	entailment
4388	entailment
4389	contradiction
4390	neutral
4391	neutral
4392	entailment
4393	neutral
4394	contradiction
4395	contradiction
4396	neutral
4397	contradiction
4398	contradiction
4399	entailment
4400	entailment
4401	contradiction
4402	entailment
4403	entailment
4404	entailment
4405	contradiction
4406	entailment
4407	contradiction
4408	neutral
4409	contradiction
4410	contradiction
4411	contradiction
4412	entailment
4413	contradiction
4414	contradiction
4415	entailment
4416	entailment
4417	neutral
4418	entailment
4419	entailment
4420	entailment
4421	neutral
4422	contradiction
4423	contradiction
4424	contradiction
4425	contradiction
4426	entailment
4427	contradiction
4428	neutral
4429	entailment
4430	contradiction
4431	entailment
4432	entailment
4433	neutral
4434	entailment
4435	contradiction
4436	entailment
4437	entailment
4438	contradiction
4439	entailment
4440	neutral
4441	neutral
4442	neutral
4443	entailment
4444	entailment
4445	contradiction
4446	entailment
4447	neutral
4448	entailment
4449	contradiction
4450	neutral
4451	entailment
4452	entailment
4453	entailment
4454	entailment
4455	neutral
4456	neutral
4457	contradiction
4458	contradiction
4459	entailment
4460	neutral
4461	neutral
4462	entailment
4463	entailment
4464	entailment
4465	contradiction
4466	contradiction
4467	neutral
4468	contradiction
4469	neutral
4470	entailment
4471	contradiction
4472	contradiction
4473	neutral
4474	contradiction
4475	contradiction
4476	entailment
4477	neutral
4478	neutral
4479	neutral
4480	contradiction
4481	entailment
4482	neutral
4483	entailment
4484	entailment
4485	contradiction
4486	entailment
4487	contradiction
4488	contradiction
4489	contradiction
4490	contradiction
4491	entailment
4492	entailment
4493	entailment
4494	entailment
4495	entailment
4496	entailment
4497	entailment
4498	entailment
4499	neutral
4500	contradiction
4501	contradiction
4502	contradiction
4503	entailment
4504	contradiction
4505	contradiction
4506	contradiction
4507	entailment
4508	contradiction
4509	contradiction
4510	entailment
4511	entailment
4512	contradiction
4513	neutral
4514	neutral
4515	contradiction
4516	entailment
4517	entailment
4518	neutral
4519	entailment
4520	entailment
4521	neutral
4522	entailment
4523	entailment
4524	contradiction
4525	contradiction
4526	neutral
4527	neutral
4528	contradiction
4529	entailment
4530	contradiction
4531	entailment
4532	neutral
4533	entailment
4534	contradiction
4535	contradiction
4536	entailment
4537	entailment
4538	entailment
4539	neutral
4540	entailment
4541	entailment
4542	contradiction
4543	neutral
4544	contradiction
4545	entailment
4546	contradiction
4547	contradiction
4548	contradiction
4549	entailment
4550	neutral
4551	contradiction
4552	contradiction
4553	contradiction
4554	contradiction
4555	contradiction
4556	neutral
4557	neutral
4558	neutral
4559	neutral
4560	neutral
4561	neutral
4562	neutral
4563	contradiction
4564	neutral
4565	contradiction
4566	neutral
4567	contradiction
4568	entailment
4569	entailment
4570	entailment
4571	entailment
4572	entailment
4573	entailment
4574	entailment
4575	neutral
4576	neutral
4577	neutral
4578	contradiction
4579	contradiction
4580	entailment
4581	entailment
4582	contradiction
4583	entailment
4584	neutral
4585	neutral
4586	neutral
4587	contradiction
4588	neutral
4589	entailment
4590	contradiction
4591	contradiction
4592	contradiction
4593	entailment
4594	contradiction
4595	entailment
4596	neutral
4597	contradiction
4598	neutral
4599	entailment
4600	neutral
4601	entailment
4602	contradiction
4603	entailment
4604	neutral
4605	entailment
4606	entailment
4607	entailment
4608	neutral
4609	neutral
4610	entailment
4611	entailment
4612	contradiction
4613	contradiction
4614	contradiction
4615	entailment
4616	contradiction
4617	entailment
4618	neutral
4619	entailment
4620	contradiction
4621	contradiction
4622	entailment
4623	neutral
4624	entailment
4625	contradiction
4626	entailment
4627	contradiction
4628	entailment
4629	contradiction
4630	contradiction
4631	neutral
4632	entailment
4633	contradiction
4634	contradiction
4635	neutral
4636	neutral
4637	neutral
4638	neutral
4639	entailment
4640	neutral
4641	entailment
4642	entailment
4643	entailment
4644	entailment
4645	neutral
4646	neutral
4647	neutral
4648	contradiction
4649	neutral
4650	neutral
4651	entailment
4652	neutral
4653	entailment
4654	neutral
4655	contradiction
4656	contradiction
4657	neutral
4658	neutral
4659	contradiction
4660	entailment
4661	contradiction
4662	contradiction
4663	entailment
4664	contradiction
4665	entailment
4666	entailment
4667	entailment
4668	entailment
4669	contradiction
4670	contradiction
4671	neutral
4672	contradiction
4673	entailment
4674	contradiction
4675	neutral
4676	contradiction
4677	neutral
4678	contradiction
4679	entailment
4680	neutral
4681	contradiction
4682	neutral
4683	neutral
4684	neutral
4685	neutral
4686	entailment
4687	neutral
4688	contradiction
4689	entailment
4690	neutral
4691	entailment
4692	entailment
4693	contradiction
4694	contradiction
4695	entailment
4696	contradiction
4697	contradiction
4698	contradiction
4699	entailment
4700	neutral
4701	neutral
4702	entailment
4703	contradiction
4704	entailment
4705	entailment
4706	entailment
4707	contradiction
4708	neutral
4709	contradiction
4710	entailment
4711	entailment
4712	neutral
4713	entailment
4714	entailment
4715	entailment
4716	entailment
4717	entailment
4718	entailment
4719	contradiction
4720	neutral
4721	neutral
4722	contradiction
4723	neutral
4724	entailment
4725	entailment
4726	entailment
4727	contradiction
4728	entailment
4729	entailment
4730	neutral
4731	entailment
4732	contradiction
4733	contradiction
4734	contradiction
4735	entailment
4736	contradiction
4737	contradiction
4738	entailment
4739	neutral
4740	entailment
4741	neutral
4742	entailment
4743	neutral
4744	entailment
4745	entailment
4746	contradiction
4747	entailment
4748	entailment
4749	entailment
4750	entailment
4751	contradiction
4752	entailment
4753	contradiction
4754	entailment
4755	contradiction
4756	entailment
4757	contradiction
4758	contradiction
4759	neutral
4760	neutral
4761	entailment
4762	entailment
4763	contradiction
4764	contradiction
4765	contradiction
4766	neutral
4767	entailment
4768	neutral
4769	entailment
4770	neutral
4771	contradiction
4772	contradiction
4773	neutral
4774	entailment
4775	neutral
4776	contradiction
4777	contradiction
4778	neutral
4779	entailment
4780	entailment
4781	neutral
4782	entailment
4783	contradiction
4784	neutral
4785	contradiction
4786	contradiction
4787	contradiction
4788	neutral
4789	neutral
4790	contradiction
4791	contradiction
4792	contradiction
4793	entailment
4794	contradiction
4795	contradiction
4796	contradiction
4797	neutral
4798	contradiction
4799	contradiction
4800	neutral
4801	contradiction
4802	entailment
4803	neutral
4804	neutral
4805	neutral
4806	entailment
4807	entailment
4808	neutral
4809	contradiction
4810	neutral
4811	contradiction
4812	contradiction
4813	contradiction
4814	contradiction
4815	entailment
4816	neutral
4817	neutral
4818	contradiction
4819	contradiction
4820	contradiction
4821	contradiction
4822	entailment
4823	contradiction
4824	entailment
4825	entailment
4826	entailment
4827	entailment
4828	entailment
4829	entailment
4830	entailment
4831	neutral
4832	contradiction
4833	neutral
4834	neutral
4835	neutral
4836	entailment
4837	contradiction
4838	entailment
4839	entailment
4840	neutral
4841	contradiction
4842	entailment
4843	neutral
4844	neutral
4845	neutral
4846	neutral
4847	entailment
4848	contradiction
4849	contradiction
4850	entailment
4851	neutral
4852	contradiction
4853	contradiction
4854	entailment
4855	neutral
4856	entailment
4857	contradiction
4858	contradiction
4859	entailment
4860	contradiction
4861	entailment
4862	entailment
4863	neutral
4864	contradiction
4865	neutral
4866	contradiction
4867	neutral
4868	entailment
4869	neutral
4870	neutral
4871	neutral
4872	neutral
4873	contradiction
4874	entailment
4875	entailment
4876	contradiction
4877	contradiction
4878	contradiction
4879	entailment
4880	neutral
4881	contradiction
4882	entailment
4883	entailment
4884	neutral
4885	neutral
4886	neutral
4887	entailment
4888	contradiction
4889	entailment
4890	entailment
4891	entailment
4892	neutral
4893	neutral
4894	entailment
4895	neutral
4896	neutral
4897	contradiction
4898	entailment
4899	contradiction
4900	contradiction
4901	neutral
4902	contradiction
4903	contradiction
4904	neutral
4905	contradiction
4906	contradiction
4907	neutral
4908	neutral
4909	neutral
4910	contradiction
4911	contradiction
4912	entailment
4913	entailment
4914	contradiction
4915	contradiction
4916	neutral
4917	neutral
4918	entailment
4919	neutral
4920	contradiction
4921	contradiction
4922	entailment
4923	entailment
4924	contradiction
4925	contradiction
4926	contradiction
4927	entailment
4928	contradiction
4929	entailment
4930	neutral
4931	neutral
4932	contradiction
4933	contradiction
4934	neutral
4935	contradiction
4936	contradiction
4937	entailment
4938	entailment
4939	entailment
4940	contradiction
4941	entailment
4942	entailment
4943	contradiction
4944	entailment
4945	neutral
4946	neutral
4947	contradiction
4948	neutral
4949	contradiction
4950	neutral
4951	entailment
4952	contradiction
4953	entailment
4954	neutral
4955	contradiction
4956	neutral
4957	neutral
4958	entailment
4959	neutral
4960	contradiction
4961	entailment
4962	neutral
4963	neutral
4964	neutral
4965	contradiction
4966	contradiction
4967	neutral
4968	neutral
4969	contradiction
4970	contradiction
4971	entailment
4972	neutral
4973	contradiction
4974	entailment
4975	entailment
4976	neutral
4977	neutral
4978	neutral
4979	entailment
4980	contradiction
4981	entailment
4982	neutral
4983	entailment
4984	neutral
4985	contradiction
4986	entailment
4987	contradiction
4988	contradiction
4989	entailment
4990	contradiction
4991	contradiction
4992	entailment
4993	neutral
4994	neutral
4995	entailment
4996	neutral
4997	neutral
4998	neutral
4999	entailment
5000	contradiction
5001	entailment
5002	neutral
5003	neutral
5004	contradiction
5005	neutral
5006	entailment
5007	entailment
5008	neutral
5009	contradiction
5010	neutral
5011	contradiction
5012	neutral
5013	neutral
5014	contradiction
5015	contradiction
5016	contradiction
5017	neutral
5018	contradiction
5019	entailment
5020	contradiction
5021	entailment
5022	neutral
5023	entailment
5024	contradiction
5025	contradiction
5026	contradiction
5027	neutral
5028	entailment
5029	contradiction
5030	neutral
5031	entailment
5032	neutral
5033	entailment
5034	contradiction
5035	contradiction
5036	contradiction
5037	entailment
5038	entailment
5039	neutral
5040	contradiction
5041	neutral
5042	neutral
5043	neutral
5044	entailment
5045	neutral
5046	entailment
5047	neutral
5048	neutral
5049	entailment
5050	neutral
5051	contradiction
5052	entailment
5053	neutral
5054	contradiction
5055	neutral
5056	entailment
5057	contradiction
5058	neutral
5059	neutral
5060	entailment
5061	entailment
5062	contradiction
5063	entailment
5064	contradiction
5065	neutral
5066	contradiction
5067	neutral
5068	contradiction
5069	neutral
5070	entailment
5071	neutral
5072	entailment
5073	neutral
5074	contradiction
5075	contradiction
5076	entailment
5077	contradiction
5078	contradiction
5079	neutral
5080	neutral
5081	entailment
5082	entailment
5083	neutral
5084	contradiction
5085	neutral
5086	contradiction
5087	neutral
5088	contradiction
5089	entailment
5090	entailment
5091	contradiction
5092	neutral
5093	entailment
5094	neutral
5095	contradiction
5096	neutral
5097	neutral
5098	neutral
5099	entailment
5100	contradiction
5101	contradiction
5102	neutral
5103	contradiction
5104	neutral
5105	neutral
5106	neutral
5107	contradiction
5108	entailment
5109	entailment
5110	entailment
5111	entailment
5112	entailment
5113	contradiction
5114	neutral
5115	neutral
5116	contradiction
5117	contradiction
5118	neutral
5119	entailment
5120	contradiction
5121	entailment
5122	contradiction
5123	contradiction
5124	neutral
5125	contradiction
5126	contradiction
5127	entailment
5128	contradiction
5129	entailment
5130	contradiction
5131	entailment
5132	neutral
5133	entailment
5134	entailment
5135	neutral
5136	contradiction
5137	entailment
5138	entailment
5139	neutral
5140	neutral
5141	contradiction
5142	entailment
5143	neutral
5144	neutral
5145	contradiction
5146	entailment
5147	entailment
5148	neutral
5149	entailment
5150	entailment
5151	entailment
5152	entailment
5153	neutral
5154	contradiction
5155	entailment
5156	contradiction
5157	contradiction
5158	entailment
5159	entailment
5160	neutral
5161	neutral
5162	neutral
5163	entailment
5164	entailment
5165	neutral
5166	contradiction
5167	contradiction
5168	entailment
5169	contradiction
5170	entailment
5171	neutral
5172	contradiction
5173	contradiction
5174	neutral
5175	neutral
5176	neutral
5177	neutral
5178	entailment
5179	contradiction
5180	entailment
5181	contradiction
5182	neutral
5183	neutral
5184	neutral
5185	contradiction
5186	entailment
5187	neutral
5188	entailment
5189	entailment
5190	neutral
5191	entailment
5192	entailment
5193	neutral
5194	contradiction
5195	entailment
5196	entailment
5197	neutral
5198	entailment
5199	contradiction
5200	contradiction
5201	neutral
5202	contradiction
5203	neutral
5204	contradiction
5205	contradiction
5206	neutral
5207	entailment
5208	contradiction
5209	entailment
5210	contradiction
5211	neutral
5212	entailment
5213	entailment
5214	entailment
5215	neutral
5216	contradiction
5217	neutral
5218	contradiction
5219	neutral
5220	entailment
5221	entailment
5222	entailment
5223	neutral
5224	contradiction
5225	contradiction
5226	contradiction
5227	entailment
5228	contradiction
5229	entailment
5230	neutral
5231	neutral
5232	entailment
5233	contradiction
5234	contradiction
5235	neutral
5236	neutral
5237	contradiction
5238	entailment
5239	neutral
5240	contradiction
5241	entailment
5242	contradiction
5243	entailment
5244	neutral
5245	contradiction
5246	neutral
5247	neutral
5248	contradiction
5249	contradiction
5250	neutral
5251	neutral
5252	entailment
5253	contradiction
5254	neutral
5255	neutral
5256	neutral
5257	entailment
5258	entailment
5259	contradiction
5260	contradiction
5261	entailment
5262	contradiction
5263	entailment
5264	neutral
5265	neutral
5266	neutral
5267	contradiction
5268	neutral
5269	neutral
5270	neutral
5271	entailment
5272	entailment
5273	contradiction
5274	neutral
5275	entailment
5276	entailment
5277	neutral
5278	entailment
5279	entailment
5280	neutral
5281	contradiction
5282	entailment
5283	neutral
5284	contradiction
5285	contradiction
5286	contradiction
5287	entailment
5288	entailment
5289	neutral
5290	contradiction
5291	neutral
5292	contradiction
5293	entailment
5294	entailment
5295	contradiction
5296	neutral
5297	contradiction
5298	entailment
5299	entailment
5300	contradiction
5301	neutral
5302	neutral
5303	neutral
5304	neutral
5305	contradiction
5306	contradiction
5307	neutral
5308	entailment
5309	neutral
5310	entailment
5311	contradiction
5312	neutral
5313	neutral
5314	contradiction
5315	neutral
5316	contradiction
5317	entailment
5318	neutral
5319	contradiction
5320	entailment
5321	entailment
5322	entailment
5323	contradiction
5324	entailment
5325	entailment
5326	contradiction
5327	neutral
5328	neutral
5329	neutral
5330	entailment
5331	neutral
5332	neutral
5333	entailment
5334	contradiction
5335	entailment
5336	entailment
5337	contradiction
5338	entailment
5339	contradiction
5340	contradiction
5341	contradiction
5342	neutral
5343	entailment
5344	contradiction
5345	entailment
5346	contradiction
5347	entailment
5348	entailment
5349	neutral
5350	contradiction
5351	neutral
5352	entailment
5353	entailment
5354	entailment
5355	entailment
5356	neutral
5357	contradiction
5358	neutral
5359	contradiction
5360	entailment
5361	entailment
5362	contradiction
5363	entailment
5364	contradiction
5365	entailment
5366	entailment
5367	entailment
5368	contradiction
5369	entailment
5370	entailment
5371	contradiction
5372	contradiction
5373	entailment
5374	contradiction
5375	entailment
5376	entailment
5377	neutral
5378	contradiction
5379	entailment
5380	neutral
5381	entailment
5382	entailment
5383	neutral
5384	contradiction
5385	entailment
5386	neutral
5387	entailment
5388	neutral
5389	contradiction
5390	entailment
5391	neutral
5392	entailment
5393	entailment
5394	contradiction
5395	contradiction
5396	neutral
5397	neutral
5398	neutral
5399	contradiction
5400	entailment
5401	contradiction
5402	neutral
5403	contradiction
5404	contradiction
5405	contradiction
5406	entailment
5407	neutral
5408	neutral
5409	entailment
5410	neutral
5411	contradiction
5412	neutral
5413	entailment
5414	neutral
5415	entailment
5416	neutral
5417	entailment
5418	entailment
5419	entailment
5420	entailment
5421	neutral
5422	entailment
5423	contradiction
5424	neutral
5425	contradiction
5426	neutral
5427	entailment
5428	neutral
5429	contradiction
5430	entailment
5431	entailment
5432	contradiction
5433	neutral
5434	neutral
5435	contradiction
5436	contradiction
5437	contradiction
5438	contradiction
5439	entailment
5440	contradiction
5441	contradiction
5442	contradiction
5443	contradiction
5444	neutral
5445	neutral
5446	entailment
5447	entailment
5448	contradiction
5449	neutral
5450	contradiction
5451	neutral
5452	contradiction
5453	entailment
5454	contradiction
5455	entailment
5456	contradiction
5457	entailment
5458	contradiction
5459	contradiction
5460	neutral
5461	entailment
5462	entailment
5463	neutral
5464	contradiction
5465	entailment
5466	contradiction
5467	contradiction
5468	neutral
5469	contradiction
5470	neutral
5471	entailment
5472	neutral
5473	neutral
5474	neutral
5475	contradiction
5476	contradiction
5477	contradiction
5478	entailment
5479	contradiction
5480	entailment
5481	neutral
5482	neutral
5483	entailment
5484	neutral
5485	entailment
5486	contradiction
5487	neutral
5488	neutral
5489	neutral
5490	neutral
5491	neutral
5492	neutral
5493	neutral
5494	entailment
5495	entailment
5496	neutral
5497	entailment
5498	neutral
5499	contradiction
5500	neutral
5501	neutral
5502	contradiction
5503	contradiction
5504	contradiction
5505	contradiction
5506	neutral
5507	neutral
5508	contradiction
5509	contradiction
5510	entailment
5511	entailment
5512	neutral
5513	contradiction
5514	contradiction
5515	entailment
5516	entailment
5517	neutral
5518	entailment
5519	contradiction
5520	neutral
5521	neutral
5522	entailment
5523	neutral
5524	entailment
5525	contradiction
5526	neutral
5527	entailment
5528	entailment
5529	contradiction
5530	contradiction
5531	entailment
5532	contradiction
5533	neutral
5534	contradiction
5535	neutral
5536	entailment
5537	contradiction
5538	entailment
5539	neutral
5540	neutral
5541	entailment
5542	entailment
5543	contradiction
5544	entailment
5545	contradiction
5546	contradiction
5547	contradiction
5548	neutral
5549	contradiction
5550	contradiction
5551	entailment
5552	entailment
5553	contradiction
5554	contradiction
5555	entailment
5556	neutral
5557	neutral
5558	neutral
5559	entailment
5560	entailment
5561	entailment
5562	contradiction
5563	contradiction
5564	neutral
5565	neutral
5566	contradiction
5567	contradiction
5568	neutral
5569	entailment
5570	neutral
5571	neutral
5572	entailment
5573	entailment
5574	contradiction
5575	contradiction
5576	contradiction
5577	contradiction
5578	neutral
5579	contradiction
5580	contradiction
5581	entailment
5582	contradiction
5583	contradiction
5584	contradiction
5585	neutral
5586	contradiction
5587	neutral
5588	contradiction
5589	neutral
5590	neutral
5591	contradiction
5592	contradiction
5593	entailment
5594	entailment
5595	contradiction
5596	entailment
5597	neutral
5598	entailment
5599	contradiction
5600	entailment
5601	entailment
5602	contradiction
5603	contradiction
5604	contradiction
5605	contradiction
5606	entailment
5607	contradiction
5608	contradiction
5609	entailment
5610	neutral
5611	entailment
5612	neutral
5613	entailment
5614	entailment
5615	contradiction
5616	contradiction
5617	neutral
5618	neutral
5619	neutral
5620	contradiction
5621	entailment
5622	neutral
5623	contradiction
5624	entailment
5625	contradiction
5626	entailment
5627	entailment
5628	contradiction
5629	entailment
5630	entailment
5631	entailment
5632	contradiction
5633	neutral
5634	contradiction
5635	contradiction
5636	neutral
5637	contradiction
5638	contradiction
5639	entailment
5640	neutral
5641	contradiction
5642	contradiction
5643	neutral
5644	entailment
5645	contradiction
5646	neutral
5647	entailment
5648	entailment
5649	contradiction
5650	neutral
5651	contradiction
5652	contradiction
5653	contradiction
5654	neutral
5655	entailment
5656	neutral
5657	entailment
5658	entailment
5659	contradiction
5660	neutral
5661	entailment
5662	entailment
5663	entailment
5664	neutral
5665	entailment
5666	entailment
5667	contradiction
5668	neutral
5669	contradiction
5670	neutral
5671	contradiction
5672	entailment
5673	neutral
5674	neutral
5675	neutral
5676	entailment
5677	entailment
5678	contradiction
5679	contradiction
5680	neutral
5681	contradiction
5682	contradiction
5683	entailment
5684	neutral
5685	neutral
5686	entailment
5687	entailment
5688	entailment
5689	neutral
5690	entailment
5691	contradiction
5692	entailment
5693	contradiction
5694	entailment
5695	contradiction
5696	contradiction
5697	contradiction
5698	contradiction
5699	contradiction
5700	neutral
5701	contradiction
5702	contradiction
5703	contradiction
5704	contradiction
5705	entailment
5706	neutral
5707	neutral
5708	entailment
5709	contradiction
5710	entailment
5711	neutral
5712	contradiction
5713	entailment
5714	entailment
5715	entailment
5716	entailment
5717	neutral
5718	contradiction
5719	entailment
5720	entailment
5721	contradiction
5722	neutral
5723	contradiction
5724	contradiction
5725	contradiction
5726	contradiction
5727	entailment
5728	entailment
5729	contradiction
5730	entailment
5731	contradiction
5732	contradiction
5733	entailment
5734	entailment
5735	contradiction
5736	neutral
5737	entailment
5738	contradiction
5739	neutral
5740	neutral
5741	neutral
5742	contradiction
5743	entailment
5744	neutral
5745	contradiction
5746	contradiction
5747	entailment
5748	entailment
5749	entailment
5750	contradiction
5751	entailment
5752	entailment
5753	entailment
5754	neutral
5755	neutral
5756	neutral
5757	contradiction
5758	neutral
5759	neutral
5760	entailment
5761	neutral
5762	entailment
5763	contradiction
5764	neutral
5765	contradiction
5766	neutral
5767	neutral
5768	entailment
5769	entailment
5770	contradiction
5771	neutral
5772	contradiction
5773	neutral
5774	neutral
5775	contradiction
5776	entailment
5777	entailment
5778	contradiction
5779	entailment
5780	contradiction
5781	entailment
5782	entailment
5783	neutral
5784	entailment
5785	contradiction
5786	contradiction
5787	contradiction
5788	contradiction
5789	neutral
5790	contradiction
5791	neutral
5792	neutral
5793	entailment
5794	contradiction
5795	entailment
5796	entailment
5797	contradiction
5798	contradiction
5799	neutral
5800	contradiction
5801	contradiction
5802	neutral
5803	contradiction
5804	neutral
5805	entailment
5806	entailment
5807	neutral
5808	neutral
5809	contradiction
5810	contradiction
5811	entailment
5812	neutral
5813	entailment
5814	neutral
5815	neutral
5816	neutral
5817	contradiction
5818	neutral
5819	neutral
5820	entailment
5821	entailment
5822	neutral
5823	neutral
5824	contradiction
5825	entailment
5826	contradiction
5827	entailment
5828	neutral
5829	neutral
5830	entailment
5831	neutral
5832	contradiction
5833	neutral
5834	contradiction
5835	entailment
5836	neutral
5837	contradiction
5838	entailment
5839	neutral
5840	contradiction
5841	contradiction
5842	neutral
5843	neutral
5844	contradiction
5845	contradiction
5846	neutral
5847	entailment
5848	neutral
5849	neutral
5850	neutral
5851	contradiction
5852	entailment
5853	contradiction
5854	entailment
5855	entailment
5856	entailment
5857	contradiction
5858	contradiction
5859	neutral
5860	contradiction
5861	contradiction
5862	neutral
5863	neutral
5864	entailment
5865	neutral
5866	contradiction
5867	entailment
5868	neutral
5869	contradiction
5870	neutral
5871	entailment
5872	contradiction
5873	contradiction
5874	entailment
5875	entailment
5876	contradiction
5877	entailment
5878	entailment
5879	contradiction
5880	contradiction
5881	entailment
5882	entailment
5883	entailment
5884	contradiction
5885	neutral
5886	entailment
5887	entailment
5888	contradiction
5889	neutral
5890	contradiction
5891	neutral
5892	entailment
5893	neutral
5894	entailment
5895	contradiction
5896	contradiction
5897	neutral
5898	neutral
5899	neutral
5900	contradiction
5901	neutral
5902	neutral
5903	neutral
5904	entailment
5905	entailment
5906	neutral
5907	entailment
5908	contradiction
5909	entailment
5910	contradiction
5911	neutral
5912	neutral
5913	entailment
5914	contradiction
5915	entailment
5916	entailment
5917	contradiction
5918	contradiction
5919	neutral
5920	neutral
5921	entailment
5922	entailment
5923	entailment
5924	entailment
5925	entailment
5926	entailment
5927	neutral
5928	entailment
5929	contradiction
5930	neutral
5931	neutral
5932	neutral
5933	contradiction
5934	neutral
5935	contradiction
5936	neutral
5937	contradiction
5938	entailment
5939	contradiction
5940	neutral
5941	neutral
5942	neutral
5943	neutral
5944	contradiction
5945	neutral
5946	contradiction
5947	contradiction
5948	neutral
5949	contradiction
5950	neutral
5951	neutral
5952	neutral
5953	entailment
5954	contradiction
5955	neutral
5956	entailment
5957	entailment
5958	neutral
5959	contradiction
5960	contradiction
5961	entailment
5962	entailment
5963	contradiction
5964	contradiction
5965	entailment
5966	entailment
5967	entailment
5968	neutral
5969	neutral
5970	entailment
5971	contradiction
5972	entailment
5973	entailment
5974	entailment
5975	entailment
5976	contradiction
5977	entailment
5978	contradiction
5979	neutral
5980	entailment
5981	contradiction
5982	neutral
5983	entailment
5984	contradiction
5985	neutral
5986	neutral
5987	entailment
5988	entailment
5989	contradiction
5990	contradiction
5991	entailment
5992	entailment
5993	neutral
5994	neutral
5995	neutral
5996	entailment
5997	entailment
5998	entailment
5999	contradiction
6000	contradiction
6001	entailment
6002	neutral
6003	entailment
6004	neutral
6005	contradiction
6006	contradiction
6007	contradiction
6008	entailment
6009	entailment
6010	neutral
6011	entailment
6012	neutral
6013	contradiction
6014	contradiction
6015	neutral
6016	entailment
6017	neutral
6018	entailment
6019	entailment
6020	contradiction
6021	entailment
6022	contradiction
6023	entailment
6024	contradiction
6025	neutral
6026	neutral
6027	neutral
6028	neutral
6029	neutral
6030	contradiction
6031	neutral
6032	contradiction
6033	neutral
6034	entailment
6035	contradiction
6036	contradiction
6037	neutral
6038	contradiction
6039	neutral
6040	entailment
6041	contradiction
6042	neutral
6043	entailment
6044	entailment
6045	entailment
6046	contradiction
6047	contradiction
6048	contradiction
6049	entailment
6050	entailment
6051	neutral
6052	contradiction
6053	entailment
6054	entailment
6055	entailment
6056	entailment
6057	neutral
6058	entailment
6059	contradiction
6060	neutral
6061	entailment
6062	neutral
6063	neutral
6064	neutral
6065	contradiction
6066	neutral
6067	entailment
6068	entailment
6069	entailment
6070	neutral
6071	contradiction
6072	neutral
6073	contradiction
6074	contradiction
6075	contradiction
6076	entailment
6077	neutral
6078	neutral
6079	contradiction
6080	neutral
6081	neutral
6082	contradiction
6083	contradiction
6084	contradiction
6085	neutral
6086	contradiction
6087	contradiction
6088	entailment
6089	contradiction
6090	neutral
6091	neutral
6092	neutral
6093	contradiction
6094	entailment
6095	neutral
6096	entailment
6097	neutral
6098	neutral
6099	contradiction
6100	neutral
6101	entailment
6102	entailment
6103	entailment
6104	neutral
6105	contradiction
6106	contradiction
6107	entailment
6108	entailment
6109	contradiction
6110	entailment
6111	entailment
6112	neutral
6113	entailment
6114	neutral
6115	neutral
6116	contradiction
6117	neutral
6118	contradiction
6119	entailment
6120	entailment
6121	entailment
6122	entailment
6123	contradiction
6124	entailment
6125	contradiction
6126	contradiction
6127	entailment
6128	entailment
6129	contradiction
6130	contradiction
6131	entailment
6132	neutral
6133	contradiction
6134	entailment
6135	contradiction
6136	entailment
6137	contradiction
6138	neutral
6139	neutral
6140	contradiction
6141	contradiction
6142	entailment
6143	entailment
6144	entailment
6145	contradiction
6146	contradiction
6147	contradiction
6148	entailment
6149	neutral
6150	entailment
6151	entailment
6152	entailment
6153	contradiction
6154	neutral
6155	contradiction
6156	entailment
6157	neutral
6158	contradiction
6159	entailment
6160	entailment
6161	entailment
6162	entailment
6163	contradiction
6164	entailment
6165	entailment
6166	entailment
6167	neutral
6168	entailment
6169	entailment
6170	entailment
6171	contradiction
6172	entailment
6173	entailment
6174	entailment
6175	contradiction
6176	neutral
6177	neutral
6178	neutral
6179	contradiction
6180	neutral
6181	entailment
6182	neutral
6183	entailment
6184	contradiction
6185	contradiction
6186	contradiction
6187	entailment
6188	entailment
6189	neutral
6190	contradiction
6191	neutral
6192	entailment
6193	entailment
6194	contradiction
6195	neutral
6196	entailment
6197	entailment
6198	entailment
6199	neutral
6200	contradiction
6201	neutral
6202	entailment
6203	contradiction
6204	entailment
6205	entailment
6206	entailment
6207	contradiction
6208	contradiction
6209	entailment
6210	contradiction
6211	contradiction
6212	entailment
6213	entailment
6214	contradiction
6215	entailment
6216	neutral
6217	contradiction
6218	contradiction
6219	contradiction
6220	entailment
6221	contradiction
6222	contradiction
6223	contradiction
6224	entailment
6225	entailment
6226	entailment
6227	contradiction
6228	contradiction
6229	contradiction
6230	contradiction
6231	entailment
6232	entailment
6233	neutral
6234	neutral
6235	contradiction
6236	entailment
6237	contradiction
6238	entailment
6239	contradiction
6240	entailment
6241	neutral
6242	neutral
6243	contradiction
6244	contradiction
6245	entailment
6246	entailment
6247	contradiction
6248	entailment
6249	contradiction
6250	entailment
6251	neutral
6252	neutral
6253	entailment
6254	entailment
6255	entailment
6256	entailment
6257	neutral
6258	entailment
6259	entailment
6260	entailment
6261	neutral
6262	contradiction
6263	neutral
6264	contradiction
6265	entailment
6266	contradiction
6267	entailment
6268	neutral
6269	entailment
6270	contradiction
6271	neutral
6272	contradiction
6273	entailment
6274	entailment
6275	contradiction
6276	neutral
6277	entailment
6278	neutral
6279	entailment
6280	neutral
6281	neutral
6282	entailment
6283	neutral
6284	entailment
6285	neutral
6286	entailment
6287	entailment
6288	contradiction
6289	neutral
6290	neutral
6291	entailment
6292	neutral
6293	neutral
6294	entailment
6295	entailment
6296	contradiction
6297	contradiction
6298	entailment
6299	neutral
6300	neutral
6301	neutral
6302	entailment
6303	neutral
6304	contradiction
6305	contradiction
6306	entailment
6307	contradiction
6308	neutral
6309	contradiction
6310	contradiction
6311	contradiction
6312	neutral
6313	entailment
6314	entailment
6315	entailment
6316	contradiction
6317	contradiction
6318	neutral
6319	entailment
6320	entailment
6321	neutral
6322	entailment
6323	neutral
6324	entailment
6325	neutral
6326	neutral
6327	neutral
6328	contradiction
6329	entailment
6330	entailment
6331	entailment
6332	entailment
6333	entailment
6334	neutral
6335	contradiction
6336	contradiction
6337	contradiction
6338	neutral
6339	neutral
6340	entailment
6341	contradiction
6342	neutral
6343	neutral
6344	entailment
6345	contradiction
6346	entailment
6347	contradiction
6348	entailment
6349	neutral
6350	entailment
6351	neutral
6352	contradiction
6353	neutral
6354	neutral
6355	neutral
6356	contradiction
6357	entailment
6358	entailment
6359	neutral
6360	neutral
6361	neutral
6362	entailment
6363	contradiction
6364	neutral
6365	contradiction
6366	neutral
6367	contradiction
6368	contradiction
6369	entailment
6370	contradiction
6371	neutral
6372	neutral
6373	entailment
6374	neutral
6375	contradiction
6376	neutral
6377	entailment
6378	contradiction
6379	neutral
6380	neutral
6381	contradiction
6382	neutral
6383	contradiction
6384	neutral
6385	contradiction
6386	neutral
6387	contradiction
6388	entailment
6389	contradiction
6390	contradiction
6391	contradiction
6392	contradiction
6393	contradiction
6394	entailment
6395	entailment
6396	contradiction
6397	contradiction
6398	contradiction
6399	neutral
6400	entailment
6401	entailment
6402	neutral
6403	neutral
6404	entailment
6405	contradiction
6406	neutral
6407	contradiction
6408	contradiction
6409	entailment
6410	neutral
6411	neutral
6412	contradiction
6413	entailment
6414	entailment
6415	entailment
6416	neutral
6417	entailment
6418	entailment
6419	entailment
6420	entailment
6421	contradiction
6422	entailment
6423	neutral
6424	neutral
6425	neutral
6426	contradiction
6427	neutral
6428	entailment
6429	contradiction
6430	neutral
6431	contradiction
6432	neutral
6433	neutral
6434	entailment
6435	neutral
6436	neutral
6437	entailment
6438	neutral
6439	contradiction
6440	neutral
6441	neutral
6442	contradiction
6443	entailment
6444	contradiction
6445	entailment
6446	neutral
6447	contradiction
6448	entailment
6449	contradiction
6450	contradiction
6451	entailment
6452	neutral
6453	contradiction
6454	neutral
6455	entailment
6456	entailment
6457	entailment
6458	neutral
6459	neutral
6460	neutral
6461	entailment
6462	contradiction
6463	entailment
6464	contradiction
6465	neutral
6466	entailment
6467	contradiction
6468	neutral
6469	neutral
6470	entailment
6471	entailment
6472	entailment
6473	contradiction
6474	entailment
6475	entailment
6476	contradiction
6477	entailment
6478	neutral
6479	contradiction
6480	entailment
6481	entailment
6482	contradiction
6483	neutral
6484	neutral
6485	neutral
6486	neutral
6487	contradiction
6488	contradiction
6489	neutral
6490	neutral
6491	entailment
6492	entailment
6493	neutral
6494	entailment
6495	neutral
6496	entailment
6497	neutral
6498	contradiction
6499	contradiction
6500	entailment
6501	contradiction
6502	neutral
6503	entailment
6504	neutral
6505	entailment
6506	contradiction
6507	contradiction
6508	neutral
6509	contradiction
6510	contradiction
6511	contradiction
6512	contradiction
6513	contradiction
6514	entailment
6515	entailment
6516	entailment
6517	contradiction
6518	neutral
6519	entailment
6520	contradiction
6521	contradiction
6522	entailment
6523	contradiction
6524	neutral
6525	contradiction
6526	neutral
6527	neutral
6528	contradiction
6529	entailment
6530	entailment
6531	neutral
6532	entailment
6533	neutral
6534	contradiction
6535	entailment
6536	entailment
6537	neutral
6538	contradiction
6539	entailment
6540	neutral
6541	neutral
6542	contradiction
6543	entailment
6544	contradiction
6545	contradiction
6546	entailment
6547	contradiction
6548	neutral
6549	entailment
6550	contradiction
6551	neutral
6552	contradiction
6553	entailment
6554	entailment
6555	entailment
6556	entailment
6557	entailment
6558	entailment
6559	entailment
6560	contradiction
6561	entailment
6562	contradiction
6563	contradiction
6564	contradiction
6565	entailment
6566	contradiction
6567	contradiction
6568	entailment
6569	neutral
6570	neutral
6571	neutral
6572	neutral
6573	contradiction
6574	entailment
6575	entailment
6576	neutral
6577	neutral
6578	entailment
6579	contradiction
6580	neutral
6581	entailment
6582	neutral
6583	neutral
6584	entailment
6585	neutral
6586	entailment
6587	contradiction
6588	contradiction
6589	neutral
6590	contradiction
6591	neutral
6592	neutral
6593	entailment
6594	contradiction
6595	entailment
6596	neutral
6597	neutral
6598	entailment
6599	contradiction
6600	entailment
6601	entailment
6602	entailment
6603	neutral
6604	entailment
6605	entailment
6606	neutral
6607	entailment
6608	entailment
6609	contradiction
6610	contradiction
6611	contradiction
6612	contradiction
6613	contradiction
6614	entailment
6615	entailment
6616	contradiction
6617	entailment
6618	entailment
6619	neutral
6620	neutral
6621	neutral
6622	contradiction
6623	entailment
6624	contradiction
6625	entailment
6626	entailment
6627	contradiction
6628	entailment
6629	contradiction
6630	neutral
6631	contradiction
6632	contradiction
6633	entailment
6634	contradiction
6635	neutral
6636	contradiction
6637	neutral
6638	contradiction
6639	entailment
6640	entailment
6641	entailment
6642	entailment
6643	neutral
6644	entailment
6645	neutral
6646	contradiction
6647	contradiction
6648	entailment
6649	contradiction
6650	neutral
6651	contradiction
6652	contradiction
6653	entailment
6654	contradiction
6655	entailment
6656	entailment
6657	entailment
6658	contradiction
6659	contradiction
6660	contradiction
6661	neutral
6662	contradiction
6663	neutral
6664	entailment
6665	neutral
6666	neutral
6667	contradiction
6668	entailment
6669	contradiction
6670	contradiction
6671	neutral
6672	neutral
6673	contradiction
6674	contradiction
6675	neutral
6676	entailment
6677	entailment
6678	entailment
6679	entailment
6680	contradiction
6681	contradiction
6682	neutral
6683	neutral
6684	contradiction
6685	contradiction
6686	contradiction
6687	contradiction
6688	entailment
6689	neutral
6690	contradiction
6691	entailment
6692	contradiction
6693	contradiction
6694	entailment
6695	neutral
6696	entailment
6697	contradiction
6698	contradiction
6699	entailment
6700	neutral
6701	entailment
6702	entailment
6703	neutral
6704	contradiction
6705	contradiction
6706	neutral
6707	contradiction
6708	contradiction
6709	contradiction
6710	neutral
6711	contradiction
6712	entailment
6713	contradiction
6714	contradiction
6715	neutral
6716	contradiction
6717	neutral
6718	contradiction
6719	contradiction
6720	neutral
6721	neutral
6722	neutral
6723	neutral
6724	entailment
6725	entailment
6726	neutral
6727	contradiction
6728	entailment
6729	neutral
6730	contradiction
6731	entailment
6732	contradiction
6733	neutral
6734	contradiction
6735	entailment
6736	contradiction
6737	contradiction
6738	neutral
6739	contradiction
6740	neutral
6741	neutral
6742	neutral
6743	contradiction
6744	neutral
6745	entailment
6746	neutral
6747	entailment
6748	neutral
6749	contradiction
6750	entailment
6751	contradiction
6752	entailment
6753	neutral
6754	neutral
6755	neutral
6756	entailment
6757	neutral
6758	contradiction
6759	entailment
6760	entailment
6761	contradiction
6762	contradiction
6763	contradiction
6764	contradiction
6765	neutral
6766	entailment
6767	contradiction
6768	entailment
6769	entailment
6770	neutral
6771	neutral
6772	entailment
6773	entailment
6774	neutral
6775	entailment
6776	contradiction
6777	neutral
6778	contradiction
6779	contradiction
6780	contradiction
6781	contradiction
6782	neutral
6783	entailment
6784	contradiction
6785	entailment
6786	entailment
6787	contradiction
6788	contradiction
6789	neutral
6790	neutral
6791	neutral
6792	contradiction
6793	contradiction
6794	contradiction
6795	neutral
6796	contradiction
6797	contradiction
6798	entailment
6799	neutral
6800	contradiction
6801	neutral
6802	entailment
6803	contradiction
6804	entailment
6805	neutral
6806	neutral
6807	entailment
6808	entailment
6809	neutral
6810	entailment
6811	neutral
6812	entailment
6813	neutral
6814	entailment
6815	contradiction
6816	entailment
6817	contradiction
6818	entailment
6819	entailment
6820	contradiction
6821	contradiction
6822	contradiction
6823	entailment
6824	contradiction
6825	contradiction
6826	contradiction
6827	neutral
6828	entailment
6829	entailment
6830	neutral
6831	contradiction
6832	contradiction
6833	entailment
6834	contradiction
6835	entailment
6836	entailment
6837	entailment
6838	contradiction
6839	entailment
6840	neutral
6841	contradiction
6842	contradiction
6843	entailment
6844	neutral
6845	neutral
6846	contradiction
6847	contradiction
6848	neutral
6849	neutral
6850	neutral
6851	contradiction
6852	contradiction
6853	neutral
6854	contradiction
6855	contradiction
6856	contradiction
6857	contradiction
6858	entailment
6859	entailment
6860	neutral
6861	contradiction
6862	contradiction
6863	contradiction
6864	entailment
6865	neutral
6866	contradiction
6867	neutral
6868	contradiction
6869	neutral
6870	neutral
6871	entailment
6872	entailment
6873	contradiction
6874	contradiction
6875	entailment
6876	neutral
6877	contradiction
6878	contradiction
6879	entailment
6880	neutral
6881	neutral
6882	entailment
6883	contradiction
6884	entailment
6885	entailment
6886	contradiction
6887	contradiction
6888	neutral
6889	neutral
6890	contradiction
6891	neutral
6892	entailment
6893	contradiction
6894	neutral
6895	neutral
6896	neutral
6897	entailment
6898	contradiction
6899	contradiction
6900	neutral
6901	entailment
6902	neutral
6903	contradiction
6904	entailment
6905	neutral
6906	contradiction
6907	entailment
6908	contradiction
6909	neutral
6910	neutral
6911	entailment
6912	neutral
6913	neutral
6914	entailment
6915	neutral
6916	entailment
6917	neutral
6918	entailment
6919	contradiction
6920	entailment
6921	contradiction
6922	contradiction
6923	entailment
6924	entailment
6925	entailment
6926	entailment
6927	contradiction
6928	entailment
6929	neutral
6930	neutral
6931	neutral
6932	neutral
6933	neutral
6934	contradiction
6935	entailment
6936	contradiction
6937	contradiction
6938	neutral
6939	entailment
6940	contradiction
6941	entailment
6942	entailment
6943	entailment
6944	neutral
6945	entailment
6946	neutral
6947	entailment
6948	contradiction
6949	neutral
6950	entailment
6951	entailment
6952	entailment
6953	contradiction
6954	neutral
6955	contradiction
6956	contradiction
6957	contradiction
6958	entailment
6959	entailment
6960	entailment
6961	neutral
6962	contradiction
6963	contradiction
6964	contradiction
6965	contradiction
6966	neutral
6967	contradiction
6968	entailment
6969	entailment
6970	contradiction
6971	contradiction
6972	entailment
6973	contradiction
6974	neutral
6975	neutral
6976	contradiction
6977	contradiction
6978	neutral
6979	contradiction
6980	contradiction
6981	neutral
6982	entailment
6983	contradiction
6984	entailment
6985	contradiction
6986	neutral
6987	contradiction
6988	entailment
6989	contradiction
6990	contradiction
6991	contradiction
6992	entailment
6993	contradiction
6994	neutral
6995	entailment
6996	entailment
6997	neutral
6998	contradiction
6999	contradiction
7000	neutral
7001	contradiction
7002	neutral
7003	contradiction
7004	contradiction
7005	entailment
7006	neutral
7007	contradiction
7008	contradiction
7009	contradiction
7010	entailment
7011	entailment
7012	neutral
7013	contradiction
7014	contradiction
7015	entailment
7016	neutral
7017	contradiction
7018	contradiction
7019	neutral
7020	entailment
7021	neutral
7022	entailment
7023	contradiction
7024	neutral
7025	neutral
7026	neutral
7027	neutral
7028	neutral
7029	neutral
7030	contradiction
7031	entailment
7032	contradiction
7033	entailment
7034	neutral
7035	entailment
7036	neutral
7037	contradiction
7038	neutral
7039	neutral
7040	entailment
7041	contradiction
7042	contradiction
7043	entailment
7044	neutral
7045	contradiction
7046	neutral
7047	entailment
7048	contradiction
7049	entailment
7050	neutral
7051	entailment
7052	entailment
7053	contradiction
7054	contradiction
7055	neutral
7056	contradiction
7057	entailment
7058	entailment
7059	entailment
7060	neutral
7061	neutral
7062	neutral
7063	entailment
7064	contradiction
7065	neutral
7066	entailment
7067	contradiction
7068	neutral
7069	contradiction
7070	neutral
7071	entailment
7072	contradiction
7073	entailment
7074	contradiction
7075	contradiction
7076	neutral
7077	neutral
7078	neutral
7079	neutral
7080	contradiction
7081	entailment
7082	contradiction
7083	contradiction
7084	entailment
7085	contradiction
7086	contradiction
7087	contradiction
7088	contradiction
7089	contradiction
7090	contradiction
7091	neutral
7092	contradiction
7093	entailment
7094	neutral
7095	neutral
7096	entailment
7097	contradiction
7098	neutral
7099	entailment
7100	neutral
7101	entailment
7102	contradiction
7103	contradiction
7104	neutral
7105	contradiction
7106	neutral
7107	neutral
7108	entailment
7109	contradiction
7110	entailment
7111	entailment
7112	contradiction
7113	neutral
7114	contradiction
7115	entailment
7116	contradiction
7117	contradiction
7118	contradiction
7119	entailment
7120	neutral
7121	entailment
7122	contradiction
7123	contradiction
7124	entailment
7125	entailment
7126	contradiction
7127	entailment
7128	entailment
7129	contradiction
7130	contradiction
7131	entailment
7132	entailment
7133	neutral
7134	contradiction
7135	contradiction
7136	contradiction
7137	entailment
7138	contradiction
7139	entailment
7140	contradiction
7141	neutral
7142	entailment
7143	contradiction
7144	contradiction
7145	neutral
7146	entailment
7147	neutral
7148	contradiction
7149	entailment
7150	entailment
7151	contradiction
7152	contradiction
7153	contradiction
7154	entailment
7155	entailment
7156	contradiction
7157	contradiction
7158	neutral
7159	neutral
7160	contradiction
7161	contradiction
7162	contradiction
7163	contradiction
7164	entailment
7165	entailment
7166	entailment
7167	neutral
7168	contradiction
7169	entailment
7170	entailment
7171	contradiction
7172	contradiction
7173	entailment
7174	entailment
7175	contradiction
7176	neutral
7177	contradiction
7178	contradiction
7179	neutral
7180	entailment
7181	entailment
7182	contradiction
7183	contradiction
7184	contradiction
7185	contradiction
7186	contradiction
7187	neutral
7188	contradiction
7189	neutral
7190	neutral
7191	entailment
7192	contradiction
7193	entailment
7194	contradiction
7195	contradiction
7196	entailment
7197	contradiction
7198	neutral
7199	contradiction
7200	entailment
7201	neutral
7202	contradiction
7203	entailment
7204	neutral
7205	neutral
7206	contradiction
7207	neutral
7208	contradiction
7209	contradiction
7210	neutral
7211	neutral
7212	neutral
7213	neutral
7214	contradiction
7215	entailment
7216	neutral
7217	entailment
7218	contradiction
7219	contradiction
7220	entailment
7221	contradiction
7222	entailment
7223	neutral
7224	neutral
7225	neutral
7226	contradiction
7227	neutral
7228	contradiction
7229	contradiction
7230	neutral
7231	neutral
7232	contradiction
7233	contradiction
7234	entailment
7235	contradiction
7236	contradiction
7237	contradiction
7238	entailment
7239	neutral
7240	entailment
7241	entailment
7242	entailment
7243	contradiction
7244	neutral
7245	neutral
7246	contradiction
7247	neutral
7248	contradiction
7249	entailment
7250	entailment
7251	entailment
7252	entailment
7253	neutral
7254	contradiction
7255	contradiction
7256	contradiction
7257	contradiction
7258	entailment
7259	contradiction
7260	contradiction
7261	contradiction
7262	entailment
7263	entailment
7264	entailment
7265	contradiction
7266	neutral
7267	neutral
7268	entailment
7269	contradiction
7270	contradiction
7271	contradiction
7272	entailment
7273	contradiction
7274	entailment
7275	contradiction
7276	neutral
7277	neutral
7278	contradiction
7279	entailment
7280	neutral
7281	contradiction
7282	entailment
7283	neutral
7284	entailment
7285	contradiction
7286	contradiction
7287	entailment
7288	entailment
7289	neutral
7290	entailment
7291	contradiction
7292	contradiction
7293	entailment
7294	neutral
7295	contradiction
7296	neutral
7297	entailment
7298	entailment
7299	neutral
7300	contradiction
7301	entailment
7302	neutral
7303	contradiction
7304	neutral
7305	neutral
7306	entailment
7307	contradiction
7308	neutral
7309	neutral
7310	entailment
7311	contradiction
7312	entailment
7313	entailment
7314	contradiction
7315	contradiction
7316	contradiction
7317	neutral
7318	entailment
7319	contradiction
7320	entailment
7321	contradiction
7322	contradiction
7323	entailment
7324	neutral
7325	contradiction
7326	contradiction
7327	contradiction
7328	entailment
7329	contradiction
7330	entailment
7331	entailment
7332	contradiction
7333	neutral
7334	entailment
7335	neutral
7336	contradiction
7337	entailment
7338	contradiction
7339	entailment
7340	neutral
7341	entailment
7342	contradiction
7343	neutral
7344	contradiction
7345	entailment
7346	contradiction
7347	contradiction
7348	contradiction
7349	entailment
7350	entailment
7351	contradiction
7352	neutral
7353	entailment
7354	neutral
7355	neutral
7356	neutral
7357	entailment
7358	contradiction
7359	entailment
7360	entailment
7361	neutral
7362	entailment
7363	entailment
7364	neutral
7365	contradiction
7366	neutral
7367	contradiction
7368	entailment
7369	neutral
7370	entailment
7371	contradiction
7372	neutral
7373	neutral
7374	entailment
7375	neutral
7376	neutral
7377	contradiction
7378	neutral
7379	neutral
7380	neutral
7381	entailment
7382	contradiction
7383	neutral
7384	neutral
7385	contradiction
7386	contradiction
7387	entailment
7388	entailment
7389	contradiction
7390	neutral
7391	entailment
7392	entailment
7393	neutral
7394	neutral
7395	entailment
7396	neutral
7397	contradiction
7398	neutral
7399	neutral
7400	neutral
7401	contradiction
7402	entailment
7403	contradiction
7404	contradiction
7405	entailment
7406	entailment
7407	contradiction
7408	entailment
7409	contradiction
7410	neutral
7411	entailment
7412	entailment
7413	neutral
7414	contradiction
7415	contradiction
7416	neutral
7417	entailment
7418	contradiction
7419	contradiction
7420	contradiction
7421	contradiction
7422	entailment
7423	contradiction
7424	neutral
7425	contradiction
7426	contradiction
7427	entailment
7428	contradiction
7429	entailment
7430	entailment
7431	contradiction
7432	neutral
7433	contradiction
7434	contradiction
7435	entailment
7436	neutral
7437	entailment
7438	entailment
7439	entailment
7440	contradiction
7441	neutral
7442	contradiction
7443	entailment
7444	contradiction
7445	entailment
7446	neutral
7447	contradiction
7448	neutral
7449	entailment
7450	contradiction
7451	contradiction
7452	neutral
7453	entailment
7454	contradiction
7455	contradiction
7456	contradiction
7457	neutral
7458	neutral
7459	entailment
7460	contradiction
7461	neutral
7462	entailment
7463	entailment
7464	contradiction
7465	entailment
7466	neutral
7467	entailment
7468	neutral
7469	neutral
7470	entailment
7471	neutral
7472	contradiction
7473	entailment
7474	neutral
7475	contradiction
7476	neutral
7477	entailment
7478	contradiction
7479	entailment
7480	contradiction
7481	contradiction
7482	contradiction
7483	neutral
7484	entailment
7485	contradiction
7486	neutral
7487	contradiction
7488	entailment
7489	entailment
7490	neutral
7491	neutral
7492	entailment
7493	entailment
7494	neutral
7495	neutral
7496	contradiction
7497	neutral
7498	contradiction
7499	entailment
7500	neutral
7501	neutral
7502	contradiction
7503	neutral
7504	neutral
7505	neutral
7506	entailment
7507	entailment
7508	contradiction
7509	neutral
7510	entailment
7511	contradiction
7512	contradiction
7513	entailment
7514	contradiction
7515	neutral
7516	entailment
7517	contradiction
7518	entailment
7519	contradiction
7520	contradiction
7521	entailment
7522	contradiction
7523	entailment
7524	contradiction
7525	contradiction
7526	neutral
7527	contradiction
7528	contradiction
7529	entailment
7530	contradiction
7531	neutral
7532	contradiction
7533	neutral
7534	entailment
7535	neutral
7536	contradiction
7537	contradiction
7538	entailment
7539	entailment
7540	neutral
7541	contradiction
7542	contradiction
7543	entailment
7544	neutral
7545	contradiction
7546	entailment
7547	neutral
7548	entailment
7549	contradiction
7550	neutral
7551	neutral
7552	contradiction
7553	neutral
7554	neutral
7555	entailment
7556	neutral
7557	contradiction
7558	entailment
7559	entailment
7560	neutral
7561	neutral
7562	neutral
7563	contradiction
7564	contradiction
7565	contradiction
7566	contradiction
7567	neutral
7568	contradiction
7569	entailment
7570	neutral
7571	entailment
7572	neutral
7573	entailment
7574	contradiction
7575	contradiction
7576	contradiction
7577	neutral
7578	neutral
7579	contradiction
7580	neutral
7581	entailment
7582	entailment
7583	contradiction
7584	entailment
7585	neutral
7586	contradiction
7587	entailment
7588	entailment
7589	entailment
7590	neutral
7591	neutral
7592	contradiction
7593	neutral
7594	contradiction
7595	entailment
7596	neutral
7597	neutral
7598	entailment
7599	neutral
7600	contradiction
7601	entailment
7602	contradiction
7603	entailment
7604	contradiction
7605	contradiction
7606	entailment
7607	contradiction
7608	neutral
7609	entailment
7610	entailment
7611	contradiction
7612	contradiction
7613	neutral
7614	entailment
7615	entailment
7616	contradiction
7617	contradiction
7618	entailment
7619	contradiction
7620	contradiction
7621	contradiction
7622	entailment
7623	neutral
7624	contradiction
7625	entailment
7626	entailment
7627	neutral
7628	contradiction
7629	neutral
7630	contradiction
7631	contradiction
7632	contradiction
7633	neutral
7634	contradiction
7635	entailment
7636	contradiction
7637	entailment
7638	contradiction
7639	contradiction
7640	neutral
7641	contradiction
7642	neutral
7643	neutral
7644	entailment
7645	neutral
7646	neutral
7647	neutral
7648	contradiction
7649	contradiction
7650	contradiction
7651	contradiction
7652	entailment
7653	contradiction
7654	entailment
7655	entailment
7656	neutral
7657	contradiction
7658	entailment
7659	neutral
7660	entailment
7661	contradiction
7662	entailment
7663	neutral
7664	entailment
7665	entailment
7666	contradiction
7667	neutral
7668	entailment
7669	contradiction
7670	neutral
7671	contradiction
7672	contradiction
7673	entailment
7674	neutral
7675	neutral
7676	neutral
7677	contradiction
7678	contradiction
7679	neutral
7680	contradiction
7681	contradiction
7682	contradiction
7683	contradiction
7684	contradiction
7685	neutral
7686	neutral
7687	contradiction
7688	neutral
7689	neutral
7690	contradiction
7691	contradiction
7692	contradiction
7693	entailment
7694	entailment
7695	contradiction
7696	contradiction
7697	entailment
7698	neutral
7699	contradiction
7700	entailment
7701	entailment
7702	entailment
7703	entailment
7704	entailment
7705	entailment
7706	contradiction
7707	entailment
7708	contradiction
7709	contradiction
7710	neutral
7711	entailment
7712	contradiction
7713	neutral
7714	entailment
7715	entailment
7716	entailment
7717	entailment
7718	contradiction
7719	contradiction
7720	entailment
7721	contradiction
7722	contradiction
7723	neutral
7724	entailment
7725	neutral
7726	neutral
7727	contradiction
7728	contradiction
7729	contradiction
7730	contradiction
7731	entailment
7732	entailment
7733	contradiction
7734	contradiction
7735	entailment
7736	contradiction
7737	contradiction
7738	entailment
7739	entailment
7740	entailment
7741	contradiction
7742	entailment
7743	contradiction
7744	entailment
7745	entailment
7746	neutral
7747	entailment
7748	contradiction
7749	contradiction
7750	contradiction
7751	contradiction
7752	contradiction
7753	neutral
7754	entailment
7755	contradiction
7756	entailment
7757	contradiction
7758	neutral
7759	contradiction
7760	entailment
7761	contradiction
7762	entailment
7763	contradiction
7764	entailment
7765	entailment
7766	neutral
7767	contradiction
7768	entailment
7769	neutral
7770	entailment
7771	entailment
7772	neutral
7773	contradiction
7774	neutral
7775	entailment
7776	contradiction
7777	contradiction
7778	contradiction
7779	contradiction
7780	entailment
7781	neutral
7782	contradiction
7783	neutral
7784	contradiction
7785	entailment
7786	contradiction
7787	entailment
7788	contradiction
7789	neutral
7790	neutral
7791	neutral
7792	contradiction
7793	entailment
7794	entailment
7795	contradiction
7796	contradiction
7797	contradiction
7798	entailment
7799	contradiction
7800	neutral
7801	entailment
7802	contradiction
7803	neutral
7804	contradiction
7805	contradiction
7806	contradiction
7807	contradiction
7808	neutral
7809	neutral
7810	entailment
7811	contradiction
7812	contradiction
7813	neutral
7814	neutral
7815	contradiction
7816	contradiction
7817	contradiction
7818	contradiction
7819	contradiction
7820	contradiction
7821	neutral
7822	contradiction
7823	contradiction
7824	entailment
7825	neutral
7826	contradiction
7827	contradiction
7828	entailment
7829	neutral
7830	contradiction
7831	contradiction
7832	entailment
7833	neutral
7834	neutral
7835	contradiction
7836	entailment
7837	entailment
7838	contradiction
7839	entailment
7840	contradiction
7841	neutral
7842	entailment
7843	neutral
7844	entailment
7845	entailment
7846	entailment
7847	entailment
7848	contradiction
7849	neutral
7850	contradiction
7851	entailment
7852	entailment
7853	contradiction
7854	entailment
7855	contradiction
7856	contradiction
7857	neutral
7858	entailment
7859	entailment
7860	entailment
7861	neutral
7862	entailment
7863	neutral
7864	entailment
7865	contradiction
7866	entailment
7867	neutral
7868	entailment
7869	entailment
7870	entailment
7871	contradiction
7872	contradiction
7873	entailment
7874	contradiction
7875	contradiction
7876	entailment
7877	entailment
7878	entailment
7879	entailment
7880	contradiction
7881	entailment
7882	entailment
7883	contradiction
7884	contradiction
7885	neutral
7886	neutral
7887	contradiction
7888	entailment
7889	entailment
7890	neutral
7891	neutral
7892	neutral
7893	neutral
7894	contradiction
7895	neutral
7896	entailment
7897	neutral
7898	neutral
7899	contradiction
7900	neutral
7901	entailment
7902	contradiction
7903	contradiction
7904	neutral
7905	entailment
7906	contradiction
7907	neutral
7908	neutral
7909	neutral
7910	neutral
7911	neutral
7912	entailment
7913	contradiction
7914	contradiction
7915	entailment
7916	neutral
7917	entailment
7918	neutral
7919	neutral
7920	contradiction
7921	contradiction
7922	neutral
7923	neutral
7924	entailment
7925	entailment
7926	neutral
7927	entailment
7928	neutral
7929	neutral
7930	entailment
7931	contradiction
7932	entailment
7933	contradiction
7934	entailment
7935	entailment
7936	entailment
7937	neutral
7938	entailment
7939	neutral
7940	entailment
7941	contradiction
7942	contradiction
7943	neutral
7944	entailment
7945	contradiction
7946	entailment
7947	entailment
7948	entailment
7949	neutral
7950	neutral
7951	entailment
7952	contradiction
7953	entailment
7954	contradiction
7955	neutral
7956	neutral
7957	entailment
7958	entailment
7959	neutral
7960	neutral
7961	entailment
7962	contradiction
7963	contradiction
7964	contradiction
7965	contradiction
7966	contradiction
7967	contradiction
7968	entailment
7969	contradiction
7970	contradiction
7971	contradiction
7972	entailment
7973	neutral
7974	neutral
7975	contradiction
7976	entailment
7977	contradiction
7978	neutral
7979	neutral
7980	neutral
7981	contradiction
7982	contradiction
7983	entailment
7984	neutral
7985	contradiction
7986	entailment
7987	contradiction
7988	neutral
7989	entailment
7990	contradiction
7991	contradiction
7992	entailment
7993	contradiction
7994	neutral
7995	neutral
7996	neutral
7997	contradiction
7998	contradiction
7999	entailment
8000	contradiction
8001	neutral
8002	neutral
8003	neutral
8004	entailment
8005	entailment
8006	entailment
8007	neutral
8008	entailment
8009	entailment
8010	neutral
8011	entailment
8012	contradiction
8013	contradiction
8014	contradiction
8015	entailment
8016	entailment
8017	contradiction
8018	entailment
8019	contradiction
8020	contradiction
8021	contradiction
8022	contradiction
8023	neutral
8024	neutral
8025	entailment
8026	contradiction
8027	entailment
8028	entailment
8029	neutral
8030	neutral
8031	neutral
8032	entailment
8033	neutral
8034	contradiction
8035	neutral
8036	neutral
8037	contradiction
8038	entailment
8039	contradiction
8040	contradiction
8041	contradiction
8042	contradiction
8043	contradiction
8044	entailment
8045	entailment
8046	neutral
8047	contradiction
8048	contradiction
8049	entailment
8050	neutral
8051	neutral
8052	entailment
8053	entailment
8054	neutral
8055	contradiction
8056	entailment
8057	neutral
8058	neutral
8059	entailment
8060	entailment
8061	contradiction
8062	contradiction
8063	entailment
8064	contradiction
8065	neutral
8066	contradiction
8067	contradiction
8068	neutral
8069	entailment
8070	entailment
8071	entailment
8072	contradiction
8073	neutral
8074	entailment
8075	contradiction
8076	entailment
8077	contradiction
8078	entailment
8079	entailment
8080	entailment
8081	contradiction
8082	neutral
8083	entailment
8084	neutral
8085	contradiction
8086	entailment
8087	contradiction
8088	entailment
8089	entailment
8090	contradiction
8091	contradiction
8092	entailment
8093	entailment
8094	entailment
8095	contradiction
8096	neutral
8097	contradiction
8098	contradiction
8099	entailment
8100	contradiction
8101	entailment
8102	contradiction
8103	neutral
8104	contradiction
8105	entailment
8106	contradiction
8107	neutral
8108	neutral
8109	contradiction
8110	contradiction
8111	contradiction
8112	contradiction
8113	neutral
8114	neutral
8115	neutral
8116	contradiction
8117	contradiction
8118	contradiction
8119	contradiction
8120	contradiction
8121	entailment
8122	entailment
8123	neutral
8124	contradiction
8125	contradiction
8126	contradiction
8127	contradiction
8128	neutral
8129	entailment
8130	neutral
8131	contradiction
8132	neutral
8133	neutral
8134	entailment
8135	contradiction
8136	neutral
8137	entailment
8138	neutral
8139	neutral
8140	neutral
8141	neutral
8142	entailment
8143	contradiction
8144	neutral
8145	neutral
8146	contradiction
8147	neutral
8148	entailment
8149	contradiction
8150	entailment
8151	contradiction
8152	neutral
8153	contradiction
8154	neutral
8155	neutral
8156	contradiction
8157	contradiction
8158	contradiction
8159	entailment
8160	contradiction
8161	neutral
8162	contradiction
8163	contradiction
8164	contradiction
8165	entailment
8166	contradiction
8167	contradiction
8168	neutral
8169	entailment
8170	neutral
8171	neutral
8172	neutral
8173	entailment
8174	entailment
8175	contradiction
8176	neutral
8177	neutral
8178	contradiction
8179	contradiction
8180	contradiction
8181	entailment
8182	neutral
8183	entailment
8184	contradiction
8185	contradiction
8186	neutral
8187	neutral
8188	neutral
8189	contradiction
8190	neutral
8191	neutral
8192	entailment
8193	entailment
8194	neutral
8195	neutral
8196	contradiction
8197	neutral
8198	contradiction
8199	contradiction
8200	neutral
8201	contradiction
8202	neutral
8203	entailment
8204	contradiction
8205	entailment
8206	entailment
8207	neutral
8208	contradiction
8209	neutral
8210	neutral
8211	neutral
8212	neutral
8213	contradiction
8214	neutral
8215	contradiction
8216	contradiction
8217	contradiction
8218	contradiction
8219	neutral
8220	neutral
8221	entailment
8222	contradiction
8223	contradiction
8224	neutral
8225	contradiction
8226	neutral
8227	entailment
8228	contradiction
8229	neutral
8230	neutral
8231	contradiction
8232	entailment
8233	contradiction
8234	contradiction
8235	neutral
8236	neutral
8237	entailment
8238	entailment
8239	neutral
8240	entailment
8241	entailment
8242	contradiction
8243	contradiction
8244	contradiction
8245	neutral
8246	contradiction
8247	entailment
8248	entailment
8249	contradiction
8250	contradiction
8251	contradiction
8252	contradiction
8253	entailment
8254	entailment
8255	neutral
8256	entailment
8257	entailment
8258	entailment
8259	contradiction
8260	neutral
8261	neutral
8262	neutral
8263	entailment
8264	contradiction
8265	entailment
8266	contradiction
8267	contradiction
8268	entailment
8269	entailment
8270	contradiction
8271	contradiction
8272	contradiction
8273	neutral
8274	entailment
8275	neutral
8276	neutral
8277	contradiction
8278	contradiction
8279	entailment
8280	entailment
8281	neutral
8282	neutral
8283	contradiction
8284	contradiction
8285	contradiction
8286	contradiction
8287	entailment
8288	neutral
8289	contradiction
8290	entailment
8291	neutral
8292	neutral
8293	entailment
8294	entailment
8295	entailment
8296	entailment
8297	contradiction
8298	contradiction
8299	contradiction
8300	contradiction
8301	contradiction
8302	contradiction
8303	contradiction
8304	contradiction
8305	neutral
8306	entailment
8307	contradiction
8308	contradiction
8309	neutral
8310	entailment
8311	entailment
8312	contradiction
8313	entailment
8314	entailment
8315	entailment
8316	contradiction
8317	entailment
8318	entailment
8319	neutral
8320	contradiction
8321	contradiction
8322	contradiction
8323	entailment
8324	entailment
8325	entailment
8326	entailment
8327	contradiction
8328	entailment
8329	neutral
8330	contradiction
8331	contradiction
8332	contradiction
8333	entailment
8334	entailment
8335	contradiction
8336	entailment
8337	neutral
8338	neutral
8339	neutral
8340	contradiction
8341	contradiction
8342	entailment
8343	neutral
8344	contradiction
8345	contradiction
8346	entailment
8347	entailment
8348	neutral
8349	entailment
8350	contradiction
8351	entailment
8352	entailment
8353	entailment
8354	neutral
8355	neutral
8356	entailment
8357	contradiction
8358	neutral
8359	contradiction
8360	contradiction
8361	contradiction
8362	entailment
8363	entailment
8364	contradiction
8365	neutral
8366	neutral
8367	contradiction
8368	neutral
8369	neutral
8370	entailment
8371	contradiction
8372	contradiction
8373	neutral
8374	contradiction
8375	entailment
8376	neutral
8377	contradiction
8378	entailment
8379	contradiction
8380	contradiction
8381	contradiction
8382	contradiction
8383	neutral
8384	entailment
8385	neutral
8386	contradiction
8387	neutral
8388	contradiction
8389	entailment
8390	contradiction
8391	contradiction
8392	entailment
8393	entailment
8394	entailment
8395	entailment
8396	neutral
8397	entailment
8398	entailment
8399	contradiction
8400	contradiction
8401	entailment
8402	entailment
8403	neutral
8404	contradiction
8405	contradiction
8406	neutral
8407	contradiction
8408	entailment
8409	neutral
8410	contradiction
8411	neutral
8412	entailment
8413	contradiction
8414	entailment
8415	entailment
8416	neutral
8417	contradiction
8418	neutral
8419	entailment
8420	contradiction
8421	entailment
8422	neutral
8423	neutral
8424	contradiction
8425	entailment
8426	contradiction
8427	contradiction
8428	entailment
8429	entailment
8430	entailment
8431	contradiction
8432	contradiction
8433	entailment
8434	entailment
8435	contradiction
8436	contradiction
8437	entailment
8438	contradiction
8439	contradiction
8440	contradiction
8441	neutral
8442	contradiction
8443	neutral
8444	neutral
8445	contradiction
8446	contradiction
8447	entailment
8448	entailment
8449	neutral
8450	neutral
8451	contradiction
8452	neutral
8453	entailment
8454	contradiction
8455	contradiction
8456	entailment
8457	contradiction
8458	contradiction
8459	entailment
8460	contradiction
8461	entailment
8462	contradiction
8463	entailment
8464	neutral
8465	contradiction
8466	contradiction
8467	contradiction
8468	contradiction
8469	contradiction
8470	contradiction
8471	neutral
8472	entailment
8473	entailment
8474	contradiction
8475	neutral
8476	contradiction
8477	entailment
8478	entailment
8479	entailment
8480	entailment
8481	contradiction
8482	entailment
8483	entailment
8484	neutral
8485	contradiction
8486	contradiction
8487	neutral
8488	entailment
8489	entailment
8490	neutral
8491	entailment
8492	entailment
8493	entailment
8494	contradiction
8495	contradiction
8496	contradiction
8497	entailment
8498	contradiction
8499	contradiction
8500	entailment
8501	contradiction
8502	neutral
8503	entailment
8504	contradiction
8505	contradiction
8506	contradiction
8507	entailment
8508	neutral
8509	entailment
8510	entailment
8511	contradiction
8512	neutral
8513	entailment
8514	entailment
8515	entailment
8516	contradiction
8517	contradiction
8518	neutral
8519	entailment
8520	contradiction
8521	neutral
8522	contradiction
8523	entailment
8524	contradiction
8525	neutral
8526	contradiction
8527	contradiction
8528	contradiction
8529	contradiction
8530	entailment
8531	neutral
8532	entailment
8533	entailment
8534	neutral
8535	contradiction
8536	entailment
8537	contradiction
8538	neutral
8539	neutral
8540	entailment
8541	entailment
8542	neutral
8543	contradiction
8544	neutral
8545	neutral
8546	entailment
8547	neutral
8548	entailment
8549	neutral
8550	contradiction
8551	neutral
8552	entailment
8553	contradiction
8554	entailment
8555	contradiction
8556	entailment
8557	neutral
8558	entailment
8559	entailment
8560	contradiction
8561	contradiction
8562	entailment
8563	entailment
8564	neutral
8565	entailment
8566	entailment
8567	contradiction
8568	contradiction
8569	neutral
8570	contradiction
8571	contradiction
8572	entailment
8573	contradiction
8574	neutral
8575	entailment
8576	contradiction
8577	contradiction
8578	entailment
8579	contradiction
8580	entailment
8581	neutral
8582	neutral
8583	contradiction
8584	entailment
8585	neutral
8586	entailment
8587	contradiction
8588	entailment
8589	entailment
8590	entailment
8591	contradiction
8592	entailment
8593	entailment
8594	contradiction
8595	entailment
8596	contradiction
8597	entailment
8598	contradiction
8599	entailment
8600	neutral
8601	neutral
8602	entailment
8603	entailment
8604	contradiction
8605	entailment
8606	contradiction
8607	neutral
8608	neutral
8609	neutral
8610	entailment
8611	entailment
8612	contradiction
8613	contradiction
8614	neutral
8615	contradiction
8616	neutral
8617	contradiction
8618	entailment
8619	entailment
8620	entailment
8621	contradiction
8622	entailment
8623	contradiction
8624	entailment
8625	contradiction
8626	neutral
8627	neutral
8628	entailment
8629	contradiction
8630	contradiction
8631	contradiction
8632	neutral
8633	neutral
8634	entailment
8635	entailment
8636	contradiction
8637	entailment
8638	neutral
8639	entailment
8640	entailment
8641	neutral
8642	entailment
8643	contradiction
8644	contradiction
8645	contradiction
8646	entailment
8647	entailment
8648	neutral
8649	entailment
8650	entailment
8651	entailment
8652	neutral
8653	entailment
8654	neutral
8655	neutral
8656	entailment
8657	entailment
8658	entailment
8659	entailment
8660	contradiction
8661	neutral
8662	entailment
8663	neutral
8664	entailment
8665	contradiction
8666	contradiction
8667	entailment
8668	contradiction
8669	contradiction
8670	neutral
8671	entailment
8672	contradiction
8673	contradiction
8674	entailment
8675	contradiction
8676	contradiction
8677	contradiction
8678	contradiction
8679	entailment
8680	neutral
8681	entailment
8682	neutral
8683	contradiction
8684	entailment
8685	entailment
8686	entailment
8687	contradiction
8688	contradiction
8689	contradiction
8690	contradiction
8691	entailment
8692	contradiction
8693	neutral
8694	contradiction
8695	entailment
8696	entailment
8697	neutral
8698	entailment
8699	entailment
8700	entailment
8701	neutral
8702	entailment
8703	contradiction
8704	neutral
8705	entailment
8706	entailment
8707	contradiction
8708	entailment
8709	entailment
8710	entailment
8711	neutral
8712	contradiction
8713	entailment
8714	neutral
8715	entailment
8716	entailment
8717	neutral
8718	entailment
8719	contradiction
8720	contradiction
8721	neutral
8722	contradiction
8723	entailment
8724	neutral
8725	contradiction
8726	neutral
8727	contradiction
8728	contradiction
8729	contradiction
8730	neutral
8731	neutral
8732	contradiction
8733	entailment
8734	neutral
8735	entailment
8736	neutral
8737	entailment
8738	neutral
8739	entailment
8740	contradiction
8741	neutral
8742	neutral
8743	neutral
8744	neutral
8745	entailment
8746	contradiction
8747	neutral
8748	entailment
8749	neutral
8750	contradiction
8751	contradiction
8752	neutral
8753	neutral
8754	contradiction
8755	entailment
8756	neutral
8757	contradiction
8758	entailment
8759	neutral
8760	contradiction
8761	entailment
8762	entailment
8763	contradiction
8764	contradiction
8765	entailment
8766	contradiction
8767	entailment
8768	entailment
8769	neutral
8770	contradiction
8771	neutral
8772	entailment
8773	contradiction
8774	contradiction
8775	neutral
8776	contradiction
8777	entailment
8778	entailment
8779	contradiction
8780	neutral
8781	contradiction
8782	contradiction
8783	entailment
8784	entailment
8785	contradiction
8786	contradiction
8787	contradiction
8788	contradiction
8789	contradiction
8790	entailment
8791	neutral
8792	contradiction
8793	neutral
8794	entailment
8795	contradiction
8796	contradiction
8797	entailment
8798	neutral
8799	entailment
8800	neutral
8801	neutral
8802	entailment
8803	entailment
8804	neutral
8805	contradiction
8806	contradiction
8807	contradiction
8808	neutral
8809	entailment
8810	neutral
8811	contradiction
8812	neutral
8813	neutral
8814	contradiction
8815	contradiction
8816	contradiction
8817	entailment
8818	neutral
8819	contradiction
8820	contradiction
8821	neutral
8822	contradiction
8823	entailment
8824	contradiction
8825	neutral
8826	contradiction
8827	neutral
8828	neutral
8829	entailment
8830	entailment
8831	entailment
8832	entailment
8833	neutral
8834	entailment
8835	contradiction
8836	entailment
8837	entailment
8838	neutral
8839	entailment
8840	neutral
8841	entailment
8842	contradiction
8843	neutral
8844	contradiction
8845	neutral
8846	neutral
8847	entailment
8848	entailment
8849	entailment
8850	contradiction
8851	contradiction
8852	neutral
8853	entailment
8854	contradiction
8855	contradiction
8856	neutral
8857	contradiction
8858	neutral
8859	entailment
8860	neutral
8861	contradiction
8862	contradiction
8863	neutral
8864	entailment
8865	contradiction
8866	contradiction
8867	neutral
8868	neutral
8869	neutral
8870	neutral
8871	neutral
8872	neutral
8873	entailment
8874	entailment
8875	contradiction
8876	contradiction
8877	entailment
8878	contradiction
8879	contradiction
8880	neutral
8881	entailment
8882	entailment
8883	entailment
8884	contradiction
8885	neutral
8886	contradiction
8887	neutral
8888	contradiction
8889	neutral
8890	entailment
8891	contradiction
8892	contradiction
8893	entailment
8894	contradiction
8895	entailment
8896	contradiction
8897	contradiction
8898	contradiction
8899	contradiction
8900	entailment
8901	contradiction
8902	neutral
8903	contradiction
8904	entailment
8905	entailment
8906	entailment
8907	entailment
8908	entailment
8909	entailment
8910	contradiction
8911	entailment
8912	neutral
8913	contradiction
8914	entailment
8915	contradiction
8916	neutral
8917	entailment
8918	contradiction
8919	contradiction
8920	contradiction
8921	contradiction
8922	contradiction
8923	entailment
8924	contradiction
8925	contradiction
8926	contradiction
8927	entailment
8928	contradiction
8929	contradiction
8930	contradiction
8931	contradiction
8932	neutral
8933	contradiction
8934	entailment
8935	entailment
8936	entailment
8937	contradiction
8938	entailment
8939	contradiction
8940	contradiction
8941	neutral
8942	entailment
8943	entailment
8944	entailment
8945	contradiction
8946	neutral
8947	entailment
8948	contradiction
8949	neutral
8950	neutral
8951	neutral
8952	neutral
8953	entailment
8954	contradiction
8955	entailment
8956	neutral
8957	entailment
8958	neutral
8959	neutral
8960	neutral
8961	neutral
8962	contradiction
8963	entailment
8964	neutral
8965	neutral
8966	neutral
8967	contradiction
8968	neutral
8969	entailment
8970	contradiction
8971	contradiction
8972	entailment
8973	neutral
8974	entailment
8975	neutral
8976	entailment
8977	neutral
8978	neutral
8979	neutral
8980	neutral
8981	contradiction
8982	contradiction
8983	entailment
8984	entailment
8985	contradiction
8986	contradiction
8987	contradiction
8988	entailment
8989	neutral
8990	contradiction
8991	contradiction
8992	contradiction
8993	entailment
8994	neutral
8995	neutral
8996	neutral
8997	neutral
8998	contradiction
8999	contradiction
9000	neutral
9001	neutral
9002	contradiction
9003	contradiction
9004	entailment
9005	neutral
9006	contradiction
9007	entailment
9008	contradiction
9009	contradiction
9010	entailment
9011	entailment
9012	neutral
9013	neutral
9014	entailment
9015	contradiction
9016	entailment
9017	neutral
9018	entailment
9019	entailment
9020	contradiction
9021	neutral
9022	neutral
9023	contradiction
9024	contradiction
9025	contradiction
9026	contradiction
9027	contradiction
9028	neutral
9029	neutral
9030	contradiction
9031	entailment
9032	contradiction
9033	contradiction
9034	entailment
9035	entailment
9036	neutral
9037	contradiction
9038	entailment
9039	neutral
9040	neutral
9041	contradiction
9042	entailment
9043	contradiction
9044	contradiction
9045	entailment
9046	entailment
9047	contradiction
9048	entailment
9049	contradiction
9050	entailment
9051	entailment
9052	entailment
9053	contradiction
9054	neutral
9055	entailment
9056	contradiction
9057	neutral
9058	neutral
9059	contradiction
9060	entailment
9061	contradiction
9062	entailment
9063	entailment
9064	neutral
9065	neutral
9066	contradiction
9067	entailment
9068	entailment
9069	contradiction
9070	entailment
9071	entailment
9072	contradiction
9073	entailment
9074	contradiction
9075	contradiction
9076	entailment
9077	contradiction
9078	entailment
9079	neutral
9080	entailment
9081	contradiction
9082	contradiction
9083	contradiction
9084	entailment
9085	entailment
9086	neutral
9087	entailment
9088	contradiction
9089	entailment
9090	entailment
9091	neutral
9092	neutral
9093	contradiction
9094	neutral
9095	neutral
9096	contradiction
9097	contradiction
9098	neutral
9099	entailment
9100	neutral
9101	contradiction
9102	entailment
9103	entailment
9104	neutral
9105	neutral
9106	entailment
9107	contradiction
9108	entailment
9109	neutral
9110	contradiction
9111	contradiction
9112	entailment
9113	contradiction
9114	entailment
9115	entailment
9116	entailment
9117	contradiction
9118	neutral
9119	entailment
9120	entailment
9121	entailment
9122	neutral
9123	neutral
9124	contradiction
9125	contradiction
9126	entailment
9127	entailment
9128	contradiction
9129	contradiction
9130	contradiction
9131	entailment
9132	neutral
9133	entailment
9134	neutral
9135	entailment
9136	neutral
9137	entailment
9138	neutral
9139	contradiction
9140	entailment
9141	contradiction
9142	entailment
9143	entailment
9144	contradiction
9145	entailment
9146	neutral
9147	entailment
9148	contradiction
9149	contradiction
9150	contradiction
9151	entailment
9152	contradiction
9153	neutral
9154	entailment
9155	contradiction
9156	neutral
9157	contradiction
9158	entailment
9159	entailment
9160	neutral
9161	entailment
9162	neutral
9163	neutral
9164	entailment
9165	entailment
9166	entailment
9167	contradiction
9168	neutral
9169	contradiction
9170	contradiction
9171	contradiction
9172	entailment
9173	entailment
9174	contradiction
9175	entailment
9176	contradiction
9177	contradiction
9178	neutral
9179	contradiction
9180	entailment
9181	neutral
9182	contradiction
9183	neutral
9184	neutral
9185	neutral
9186	neutral
9187	neutral
9188	entailment
9189	entailment
9190	contradiction
9191	contradiction
9192	contradiction
9193	entailment
9194	contradiction
9195	neutral
9196	entailment
9197	contradiction
9198	contradiction
9199	neutral
9200	entailment
9201	contradiction
9202	neutral
9203	neutral
9204	neutral
9205	contradiction
9206	entailment
9207	entailment
9208	entailment
9209	contradiction
9210	neutral
9211	entailment
9212	entailment
9213	entailment
9214	neutral
9215	entailment
9216	contradiction
9217	neutral
9218	neutral
9219	contradiction
9220	entailment
9221	entailment
9222	neutral
9223	contradiction
9224	contradiction
9225	contradiction
9226	contradiction
9227	contradiction
9228	neutral
9229	entailment
9230	neutral
9231	contradiction
9232	contradiction
9233	neutral
9234	entailment
9235	entailment
9236	contradiction
9237	contradiction
9238	entailment
9239	neutral
9240	contradiction
9241	contradiction
9242	entailment
9243	neutral
9244	entailment
9245	neutral
9246	entailment
9247	neutral
9248	contradiction
9249	entailment
9250	contradiction
9251	entailment
9252	entailment
9253	contradiction
9254	neutral
9255	contradiction
9256	neutral
9257	contradiction
9258	neutral
9259	contradiction
9260	entailment
9261	neutral
9262	contradiction
9263	contradiction
9264	neutral
9265	neutral
9266	neutral
9267	neutral
9268	neutral
9269	neutral
9270	entailment
9271	entailment
9272	entailment
9273	neutral
9274	contradiction
9275	contradiction
9276	contradiction
9277	entailment
9278	entailment
9279	contradiction
9280	neutral
9281	contradiction
9282	contradiction
9283	entailment
9284	neutral
9285	entailment
9286	neutral
9287	contradiction
9288	contradiction
9289	contradiction
9290	contradiction
9291	neutral
9292	contradiction
9293	entailment
9294	contradiction
9295	contradiction
9296	neutral
9297	contradiction
9298	neutral
9299	entailment
9300	entailment
9301	neutral
9302	neutral
9303	neutral
9304	entailment
9305	neutral
9306	entailment
9307	neutral
9308	neutral
9309	neutral
9310	contradiction
9311	neutral
9312	entailment
9313	contradiction
9314	contradiction
9315	neutral
9316	contradiction
9317	entailment
9318	contradiction
9319	entailment
9320	contradiction
9321	entailment
9322	neutral
9323	entailment
9324	neutral
9325	contradiction
9326	neutral
9327	contradiction
9328	neutral
9329	contradiction
9330	neutral
9331	entailment
9332	neutral
9333	entailment
9334	contradiction
9335	contradiction
9336	neutral
9337	entailment
9338	neutral
9339	contradiction
9340	neutral
9341	contradiction
9342	entailment
9343	contradiction
9344	contradiction
9345	neutral
9346	entailment
9347	entailment
9348	contradiction
9349	neutral
9350	neutral
9351	entailment
9352	neutral
9353	contradiction
9354	neutral
9355	contradiction
9356	contradiction
9357	neutral
9358	entailment
9359	entailment
9360	entailment
9361	neutral
9362	contradiction
9363	entailment
9364	contradiction
9365	contradiction
9366	contradiction
9367	neutral
9368	entailment
9369	contradiction
9370	neutral
9371	entailment
9372	contradiction
9373	neutral
9374	contradiction
9375	entailment
9376	contradiction
9377	contradiction
9378	neutral
9379	entailment
9380	contradiction
9381	contradiction
9382	contradiction
9383	entailment
9384	neutral
9385	contradiction
9386	neutral
9387	neutral
9388	neutral
9389	contradiction
9390	neutral
9391	neutral
9392	entailment
9393	neutral
9394	contradiction
9395	entailment
9396	neutral
9397	contradiction
9398	contradiction
9399	contradiction
9400	neutral
9401	neutral
9402	entailment
9403	contradiction
9404	contradiction
9405	contradiction
9406	neutral
9407	contradiction
9408	contradiction
9409	neutral
9410	neutral
9411	entailment
9412	entailment
9413	entailment
9414	entailment
9415	contradiction
9416	entailment
9417	contradiction
9418	contradiction
9419	entailment
9420	contradiction
9421	contradiction
9422	entailment
9423	contradiction
9424	entailment
9425	neutral
9426	neutral
9427	neutral
9428	contradiction
9429	contradiction
9430	contradiction
9431	contradiction
9432	neutral
9433	entailment
9434	neutral
9435	contradiction
9436	neutral
9437	contradiction
9438	entailment
9439	entailment
9440	entailment
9441	entailment
9442	entailment
9443	neutral
9444	neutral
9445	entailment
9446	contradiction
9447	contradiction
9448	neutral
9449	entailment
9450	neutral
9451	neutral
9452	entailment
9453	contradiction
9454	contradiction
9455	entailment
9456	entailment
9457	entailment
9458	neutral
9459	contradiction
9460	contradiction
9461	neutral
9462	neutral
9463	contradiction
9464	neutral
9465	neutral
9466	contradiction
9467	neutral
9468	neutral
9469	entailment
9470	entailment
9471	entailment
9472	neutral
9473	contradiction
9474	contradiction
9475	neutral
9476	entailment
9477	neutral
9478	contradiction
9479	entailment
9480	contradiction
9481	neutral
9482	entailment
9483	neutral
9484	neutral
9485	neutral
9486	contradiction
9487	neutral
9488	contradiction
9489	entailment
9490	neutral
9491	contradiction
9492	contradiction
9493	neutral
9494	contradiction
9495	neutral
9496	contradiction
9497	entailment
9498	contradiction
9499	neutral
9500	entailment
9501	contradiction
9502	entailment
9503	contradiction
9504	neutral
9505	entailment
9506	entailment
9507	contradiction
9508	entailment
9509	contradiction
9510	entailment
9511	contradiction
9512	entailment
9513	neutral
9514	entailment
9515	entailment
9516	neutral
9517	neutral
9518	contradiction
9519	neutral
9520	entailment
9521	entailment
9522	entailment
9523	entailment
9524	neutral
9525	entailment
9526	contradiction
9527	contradiction
9528	contradiction
9529	neutral
9530	neutral
9531	contradiction
9532	contradiction
9533	contradiction
9534	neutral
9535	neutral
9536	entailment
9537	contradiction
9538	neutral
9539	contradiction
9540	contradiction
9541	entailment
9542	entailment
9543	contradiction
9544	neutral
9545	contradiction
9546	entailment
9547	entailment
9548	entailment
9549	contradiction
9550	entailment
9551	entailment
9552	contradiction
9553	entailment
9554	neutral
9555	neutral
9556	entailment
9557	contradiction
9558	neutral
9559	contradiction
9560	contradiction
9561	entailment
9562	contradiction
9563	entailment
9564	contradiction
9565	contradiction
9566	entailment
9567	entailment
9568	entailment
9569	entailment
9570	contradiction
9571	contradiction
9572	neutral
9573	neutral
9574	entailment
9575	entailment
9576	neutral
9577	neutral
9578	entailment
9579	neutral
9580	neutral
9581	contradiction
9582	contradiction
9583	contradiction
9584	entailment
9585	entailment
9586	contradiction
9587	contradiction
9588	contradiction
9589	contradiction
9590	entailment
9591	contradiction
9592	neutral
9593	entailment
9594	contradiction
9595	entailment
9596	entailment
9597	entailment
9598	neutral
9599	neutral
9600	entailment
9601	entailment
9602	contradiction
9603	entailment
9604	neutral
9605	entailment
9606	contradiction
9607	neutral
9608	entailment
9609	entailment
9610	contradiction
9611	neutral
9612	contradiction
9613	entailment
9614	contradiction
9615	contradiction
9616	contradiction
9617	contradiction
9618	neutral
9619	neutral
9620	contradiction
9621	contradiction
9622	entailment
9623	contradiction
9624	contradiction
9625	contradiction
9626	contradiction
9627	contradiction
9628	contradiction
9629	contradiction
9630	neutral
9631	entailment
9632	entailment
9633	entailment
9634	neutral
9635	entailment
9636	entailment
9637	contradiction
9638	entailment
9639	entailment
9640	contradiction
9641	entailment
9642	contradiction
9643	entailment
9644	neutral
9645	neutral
9646	entailment
9647	contradiction
9648	neutral
9649	neutral
9650	contradiction
9651	contradiction
9652	neutral
9653	neutral
9654	neutral
9655	contradiction
9656	neutral
9657	entailment
9658	contradiction
9659	entailment
9660	contradiction
9661	neutral
9662	entailment
9663	contradiction
9664	contradiction
9665	entailment
9666	entailment
9667	contradiction
9668	entailment
9669	contradiction
9670	neutral
9671	contradiction
9672	contradiction
9673	entailment
9674	neutral
9675	contradiction
9676	entailment
9677	contradiction
9678	neutral
9679	contradiction
9680	entailment
9681	contradiction
9682	entailment
9683	contradiction
9684	neutral
9685	neutral
9686	contradiction
9687	neutral
9688	entailment
9689	contradiction
9690	contradiction
9691	entailment
9692	contradiction
9693	contradiction
9694	neutral
9695	contradiction
9696	entailment
9697	entailment
9698	contradiction
9699	neutral
9700	entailment
9701	neutral
9702	entailment
9703	contradiction
9704	entailment
9705	neutral
9706	contradiction
9707	entailment
9708	entailment
9709	entailment
9710	entailment
9711	neutral
9712	contradiction
9713	contradiction
9714	neutral
9715	contradiction
9716	entailment
9717	contradiction
9718	neutral
9719	contradiction
9720	neutral
9721	entailment
9722	entailment
9723	entailment
9724	contradiction
9725	entailment
9726	entailment
9727	contradiction
9728	entailment
9729	neutral
9730	contradiction
9731	neutral
9732	neutral
9733	contradiction
9734	neutral
9735	entailment
9736	neutral
9737	entailment
9738	entailment
9739	contradiction
9740	neutral
9741	neutral
9742	contradiction
9743	entailment
9744	entailment
9745	entailment
9746	contradiction
9747	entailment
9748	neutral
9749	contradiction
9750	entailment
9751	contradiction
9752	contradiction
9753	contradiction
9754	entailment
9755	entailment
9756	contradiction
9757	neutral
9758	neutral
9759	contradiction
9760	neutral
9761	entailment
9762	neutral
9763	contradiction
9764	contradiction
9765	entailment
9766	contradiction
9767	entailment
9768	entailment
9769	contradiction
9770	contradiction
9771	entailment
9772	neutral
9773	contradiction
9774	neutral
9775	neutral
9776	entailment
9777	neutral
9778	contradiction
9779	contradiction
9780	entailment
9781	neutral
9782	entailment
9783	entailment
9784	contradiction
9785	contradiction
9786	contradiction
9787	contradiction
9788	neutral
9789	contradiction
9790	contradiction
9791	entailment
9792	contradiction
9793	contradiction
9794	contradiction
9795	contradiction
