index	prediction
0	neutral
1	entailment
2	contradiction
3	contradiction
4	entailment
5	entailment
6	contradiction
7	entailment
8	contradiction
9	entailment
10	neutral
11	entailment
12	neutral
13	neutral
14	neutral
15	contradiction
16	neutral
17	contradiction
18	entailment
19	contradiction
20	entailment
21	neutral
22	contradiction
23	entailment
24	neutral
25	neutral
26	neutral
27	entailment
28	contradiction
29	neutral
30	contradiction
31	entailment
32	contradiction
33	entailment
34	contradiction
35	neutral
36	neutral
37	contradiction
38	contradiction
39	entailment
40	entailment
41	contradiction
42	neutral
43	entailment
44	contradiction
45	neutral
46	entailment
47	neutral
48	neutral
49	neutral
50	contradiction
51	neutral
52	neutral
53	contradiction
54	entailment
55	contradiction
56	entailment
57	neutral
58	contradiction
59	contradiction
60	entailment
61	contradiction
62	entailment
63	contradiction
64	entailment
65	neutral
66	entailment
67	contradiction
68	neutral
69	contradiction
70	contradiction
71	neutral
72	neutral
73	neutral
74	neutral
75	entailment
76	entailment
77	entailment
78	contradiction
79	contradiction
80	entailment
81	entailment
82	neutral
83	entailment
84	entailment
85	entailment
86	entailment
87	entailment
88	entailment
89	neutral
90	entailment
91	contradiction
92	neutral
93	contradiction
94	entailment
95	neutral
96	entailment
97	contradiction
98	entailment
99	entailment
100	neutral
101	neutral
102	entailment
103	entailment
104	neutral
105	contradiction
106	neutral
107	contradiction
108	entailment
109	entailment
110	neutral
111	contradiction
112	contradiction
113	contradiction
114	neutral
115	entailment
116	entailment
117	entailment
118	contradiction
119	contradiction
120	neutral
121	neutral
122	neutral
123	entailment
124	neutral
125	entailment
126	contradiction
127	contradiction
128	neutral
129	entailment
130	contradiction
131	neutral
132	entailment
133	entailment
134	contradiction
135	entailment
136	contradiction
137	entailment
138	entailment
139	entailment
140	entailment
141	entailment
142	neutral
143	neutral
144	entailment
145	neutral
146	neutral
147	contradiction
148	neutral
149	contradiction
150	entailment
151	contradiction
152	neutral
153	entailment
154	contradiction
155	entailment
156	neutral
157	contradiction
158	neutral
159	contradiction
160	entailment
161	entailment
162	entailment
163	neutral
164	entailment
165	entailment
166	contradiction
167	entailment
168	neutral
169	neutral
170	entailment
171	contradiction
172	contradiction
173	contradiction
174	contradiction
175	contradiction
176	entailment
177	neutral
178	entailment
179	contradiction
180	contradiction
181	entailment
182	entailment
183	neutral
184	entailment
185	contradiction
186	entailment
187	neutral
188	entailment
189	contradiction
190	neutral
191	contradiction
192	contradiction
193	contradiction
194	contradiction
195	neutral
196	contradiction
197	contradiction
198	contradiction
199	contradiction
200	entailment
201	neutral
202	neutral
203	neutral
204	neutral
205	entailment
206	entailment
207	entailment
208	contradiction
209	neutral
210	neutral
211	contradiction
212	entailment
213	neutral
214	contradiction
215	neutral
216	neutral
217	contradiction
218	contradiction
219	entailment
220	entailment
221	contradiction
222	contradiction
223	entailment
224	entailment
225	neutral
226	contradiction
227	entailment
228	entailment
229	neutral
230	contradiction
231	contradiction
232	contradiction
233	neutral
234	neutral
235	neutral
236	contradiction
237	contradiction
238	entailment
239	entailment
240	neutral
241	entailment
242	contradiction
243	contradiction
244	neutral
245	contradiction
246	neutral
247	neutral
248	entailment
249	contradiction
250	contradiction
251	entailment
252	entailment
253	contradiction
254	neutral
255	neutral
256	contradiction
257	contradiction
258	neutral
259	entailment
260	contradiction
261	neutral
262	contradiction
263	entailment
264	neutral
265	entailment
266	neutral
267	entailment
268	neutral
269	entailment
270	neutral
271	entailment
272	entailment
273	contradiction
274	contradiction
275	contradiction
276	entailment
277	contradiction
278	entailment
279	neutral
280	contradiction
281	neutral
282	entailment
283	contradiction
284	entailment
285	neutral
286	entailment
287	contradiction
288	contradiction
289	contradiction
290	entailment
291	contradiction
292	contradiction
293	entailment
294	neutral
295	contradiction
296	entailment
297	neutral
298	contradiction
299	neutral
300	contradiction
301	contradiction
302	entailment
303	entailment
304	neutral
305	entailment
306	contradiction
307	contradiction
308	neutral
309	contradiction
310	entailment
311	contradiction
312	neutral
313	neutral
314	contradiction
315	entailment
316	contradiction
317	neutral
318	neutral
319	neutral
320	entailment
321	neutral
322	entailment
323	neutral
324	contradiction
325	neutral
326	entailment
327	contradiction
328	entailment
329	neutral
330	neutral
331	entailment
332	neutral
333	contradiction
334	entailment
335	entailment
336	contradiction
337	neutral
338	entailment
339	contradiction
340	entailment
341	entailment
342	entailment
343	entailment
344	contradiction
345	entailment
346	contradiction
347	neutral
348	entailment
349	neutral
350	neutral
351	neutral
352	contradiction
353	entailment
354	entailment
355	neutral
356	neutral
357	contradiction
358	neutral
359	entailment
360	neutral
361	neutral
362	contradiction
363	entailment
364	entailment
365	contradiction
366	entailment
367	neutral
368	neutral
369	contradiction
370	neutral
371	entailment
372	entailment
373	entailment
374	contradiction
375	contradiction
376	neutral
377	contradiction
378	contradiction
379	neutral
380	entailment
381	entailment
382	contradiction
383	entailment
384	entailment
385	contradiction
386	neutral
387	entailment
388	contradiction
389	contradiction
390	contradiction
391	neutral
392	entailment
393	contradiction
394	entailment
395	contradiction
396	neutral
397	entailment
398	neutral
399	neutral
400	contradiction
401	entailment
402	neutral
403	neutral
404	entailment
405	entailment
406	neutral
407	contradiction
408	contradiction
409	neutral
410	contradiction
411	entailment
412	neutral
413	neutral
414	contradiction
415	neutral
416	contradiction
417	neutral
418	neutral
419	neutral
420	contradiction
421	entailment
422	contradiction
423	entailment
424	entailment
425	entailment
426	contradiction
427	contradiction
428	contradiction
429	entailment
430	neutral
431	entailment
432	neutral
433	entailment
434	neutral
435	contradiction
436	entailment
437	entailment
438	contradiction
439	contradiction
440	contradiction
441	neutral
442	contradiction
443	contradiction
444	entailment
445	entailment
446	neutral
447	contradiction
448	contradiction
449	entailment
450	neutral
451	neutral
452	neutral
453	entailment
454	entailment
455	entailment
456	entailment
457	neutral
458	contradiction
459	neutral
460	contradiction
461	entailment
462	contradiction
463	entailment
464	contradiction
465	entailment
466	neutral
467	entailment
468	contradiction
469	neutral
470	neutral
471	contradiction
472	contradiction
473	entailment
474	entailment
475	neutral
476	contradiction
477	neutral
478	contradiction
479	entailment
480	contradiction
481	contradiction
482	entailment
483	contradiction
484	contradiction
485	entailment
486	neutral
487	entailment
488	contradiction
489	neutral
490	contradiction
491	neutral
492	entailment
493	neutral
494	entailment
495	contradiction
496	contradiction
497	neutral
498	neutral
499	entailment
500	neutral
501	contradiction
502	contradiction
503	contradiction
504	entailment
505	contradiction
506	entailment
507	neutral
508	contradiction
509	entailment
510	neutral
511	entailment
512	contradiction
513	neutral
514	entailment
515	neutral
516	entailment
517	entailment
518	contradiction
519	contradiction
520	contradiction
521	neutral
522	entailment
523	neutral
524	entailment
525	entailment
526	neutral
527	contradiction
528	entailment
529	neutral
530	contradiction
531	contradiction
532	entailment
533	contradiction
534	entailment
535	entailment
536	contradiction
537	contradiction
538	entailment
539	neutral
540	neutral
541	entailment
542	neutral
543	contradiction
544	contradiction
545	contradiction
546	contradiction
547	entailment
548	neutral
549	entailment
550	contradiction
551	entailment
552	entailment
553	contradiction
554	contradiction
555	entailment
556	contradiction
557	neutral
558	neutral
559	entailment
560	neutral
561	entailment
562	entailment
563	entailment
564	entailment
565	contradiction
566	entailment
567	entailment
568	neutral
569	entailment
570	entailment
571	contradiction
572	neutral
573	entailment
574	entailment
575	neutral
576	neutral
577	neutral
578	neutral
579	neutral
580	neutral
581	entailment
582	contradiction
583	contradiction
584	contradiction
585	entailment
586	contradiction
587	neutral
588	contradiction
589	neutral
590	neutral
591	contradiction
592	contradiction
593	entailment
594	neutral
595	neutral
596	entailment
597	entailment
598	contradiction
599	entailment
600	entailment
601	neutral
602	neutral
603	neutral
604	contradiction
605	contradiction
606	neutral
607	contradiction
608	contradiction
609	contradiction
610	contradiction
611	contradiction
612	contradiction
613	entailment
614	entailment
615	neutral
616	entailment
617	entailment
618	entailment
619	contradiction
620	contradiction
621	entailment
622	entailment
623	contradiction
624	neutral
625	entailment
626	neutral
627	entailment
628	neutral
629	entailment
630	contradiction
631	contradiction
632	entailment
633	entailment
634	neutral
635	neutral
636	entailment
637	contradiction
638	contradiction
639	contradiction
640	contradiction
641	neutral
642	neutral
643	entailment
644	neutral
645	neutral
646	neutral
647	contradiction
648	entailment
649	neutral
650	neutral
651	neutral
652	contradiction
653	contradiction
654	contradiction
655	contradiction
656	entailment
657	contradiction
658	contradiction
659	entailment
660	entailment
661	neutral
662	entailment
663	contradiction
664	entailment
665	neutral
666	entailment
667	entailment
668	contradiction
669	contradiction
670	neutral
671	entailment
672	neutral
673	entailment
674	neutral
675	neutral
676	contradiction
677	neutral
678	entailment
679	contradiction
680	neutral
681	contradiction
682	entailment
683	entailment
684	neutral
685	neutral
686	entailment
687	contradiction
688	neutral
689	contradiction
690	neutral
691	neutral
692	contradiction
693	entailment
694	entailment
695	neutral
696	entailment
697	entailment
698	contradiction
699	contradiction
700	neutral
701	contradiction
702	entailment
703	entailment
704	contradiction
705	contradiction
706	contradiction
707	contradiction
708	entailment
709	contradiction
710	contradiction
711	entailment
712	entailment
713	entailment
714	contradiction
715	neutral
716	neutral
717	entailment
718	neutral
719	entailment
720	entailment
721	neutral
722	contradiction
723	neutral
724	entailment
725	entailment
726	entailment
727	entailment
728	entailment
729	neutral
730	contradiction
731	contradiction
732	contradiction
733	entailment
734	entailment
735	entailment
736	entailment
737	entailment
738	contradiction
739	neutral
740	entailment
741	entailment
742	neutral
743	contradiction
744	contradiction
745	neutral
746	entailment
747	neutral
748	entailment
749	contradiction
750	entailment
751	contradiction
752	entailment
753	contradiction
754	contradiction
755	contradiction
756	neutral
757	entailment
758	entailment
759	entailment
760	neutral
761	neutral
762	entailment
763	entailment
764	neutral
765	entailment
766	neutral
767	neutral
768	entailment
769	neutral
770	entailment
771	neutral
772	neutral
773	neutral
774	contradiction
775	entailment
776	contradiction
777	entailment
778	neutral
779	neutral
780	entailment
781	entailment
782	entailment
783	entailment
784	neutral
785	neutral
786	neutral
787	contradiction
788	neutral
789	neutral
790	neutral
791	neutral
792	neutral
793	neutral
794	contradiction
795	neutral
796	neutral
797	entailment
798	entailment
799	contradiction
800	entailment
801	neutral
802	neutral
803	entailment
804	neutral
805	neutral
806	neutral
807	neutral
808	contradiction
809	neutral
810	entailment
811	entailment
812	entailment
813	neutral
814	contradiction
815	neutral
816	contradiction
817	contradiction
818	contradiction
819	neutral
820	neutral
821	neutral
822	contradiction
823	contradiction
824	entailment
825	contradiction
826	entailment
827	entailment
828	entailment
829	neutral
830	neutral
831	entailment
832	contradiction
833	entailment
834	neutral
835	neutral
836	neutral
837	neutral
838	entailment
839	contradiction
840	contradiction
841	entailment
842	contradiction
843	entailment
844	neutral
845	entailment
846	contradiction
847	entailment
848	neutral
849	entailment
850	neutral
851	contradiction
852	contradiction
853	contradiction
854	entailment
855	neutral
856	entailment
857	neutral
858	contradiction
859	entailment
860	neutral
861	neutral
862	contradiction
863	contradiction
864	entailment
865	contradiction
866	neutral
867	entailment
868	neutral
869	neutral
870	contradiction
871	entailment
872	contradiction
873	entailment
874	contradiction
875	entailment
876	contradiction
877	entailment
878	entailment
879	entailment
880	contradiction
881	entailment
882	neutral
883	contradiction
884	neutral
885	entailment
886	contradiction
887	contradiction
888	contradiction
889	contradiction
890	neutral
891	neutral
892	contradiction
893	contradiction
894	contradiction
895	entailment
896	entailment
897	neutral
898	contradiction
899	neutral
900	contradiction
901	neutral
902	entailment
903	entailment
904	neutral
905	entailment
906	entailment
907	entailment
908	entailment
909	entailment
910	contradiction
911	neutral
912	contradiction
913	contradiction
914	contradiction
915	contradiction
916	contradiction
917	entailment
918	neutral
919	contradiction
920	entailment
921	neutral
922	contradiction
923	contradiction
924	contradiction
925	neutral
926	contradiction
927	contradiction
928	contradiction
929	neutral
930	contradiction
931	entailment
932	contradiction
933	contradiction
934	contradiction
935	contradiction
936	contradiction
937	contradiction
938	entailment
939	neutral
940	neutral
941	entailment
942	neutral
943	neutral
944	neutral
945	entailment
946	entailment
947	entailment
948	contradiction
949	entailment
950	contradiction
951	neutral
952	entailment
953	neutral
954	entailment
955	entailment
956	entailment
957	contradiction
958	neutral
959	entailment
960	contradiction
961	neutral
962	neutral
963	entailment
964	contradiction
965	neutral
966	contradiction
967	neutral
968	entailment
969	entailment
970	contradiction
971	contradiction
972	contradiction
973	contradiction
974	contradiction
975	neutral
976	contradiction
977	contradiction
978	entailment
979	neutral
980	entailment
981	contradiction
982	neutral
983	contradiction
984	entailment
985	contradiction
986	neutral
987	contradiction
988	neutral
989	entailment
990	neutral
991	entailment
992	entailment
993	contradiction
994	contradiction
995	entailment
996	contradiction
997	neutral
998	neutral
999	contradiction
1000	entailment
1001	entailment
1002	contradiction
1003	contradiction
1004	entailment
1005	neutral
1006	entailment
1007	neutral
1008	contradiction
1009	entailment
1010	entailment
1011	entailment
1012	neutral
1013	entailment
1014	entailment
1015	neutral
1016	entailment
1017	neutral
1018	entailment
1019	contradiction
1020	contradiction
1021	entailment
1022	contradiction
1023	entailment
1024	entailment
1025	entailment
1026	neutral
1027	contradiction
1028	contradiction
1029	neutral
1030	contradiction
1031	entailment
1032	contradiction
1033	entailment
1034	entailment
1035	entailment
1036	entailment
1037	contradiction
1038	entailment
1039	entailment
1040	contradiction
1041	entailment
1042	contradiction
1043	neutral
1044	entailment
1045	contradiction
1046	neutral
1047	entailment
1048	neutral
1049	neutral
1050	entailment
1051	contradiction
1052	neutral
1053	contradiction
1054	neutral
1055	entailment
1056	contradiction
1057	contradiction
1058	neutral
1059	entailment
1060	neutral
1061	contradiction
1062	neutral
1063	entailment
1064	entailment
1065	neutral
1066	contradiction
1067	neutral
1068	neutral
1069	entailment
1070	entailment
1071	neutral
1072	neutral
1073	neutral
1074	contradiction
1075	contradiction
1076	contradiction
1077	neutral
1078	contradiction
1079	entailment
1080	contradiction
1081	contradiction
1082	neutral
1083	neutral
1084	neutral
1085	entailment
1086	neutral
1087	entailment
1088	neutral
1089	neutral
1090	neutral
1091	neutral
1092	neutral
1093	neutral
1094	neutral
1095	neutral
1096	entailment
1097	entailment
1098	entailment
1099	entailment
1100	entailment
1101	contradiction
1102	contradiction
1103	entailment
1104	entailment
1105	entailment
1106	neutral
1107	contradiction
1108	contradiction
1109	contradiction
1110	entailment
1111	entailment
1112	neutral
1113	contradiction
1114	entailment
1115	contradiction
1116	neutral
1117	entailment
1118	contradiction
1119	contradiction
1120	entailment
1121	neutral
1122	neutral
1123	entailment
1124	neutral
1125	neutral
1126	entailment
1127	entailment
1128	contradiction
1129	contradiction
1130	neutral
1131	neutral
1132	entailment
1133	entailment
1134	neutral
1135	neutral
1136	neutral
1137	entailment
1138	entailment
1139	contradiction
1140	entailment
1141	entailment
1142	neutral
1143	neutral
1144	neutral
1145	entailment
1146	contradiction
1147	neutral
1148	neutral
1149	contradiction
1150	entailment
1151	neutral
1152	neutral
1153	contradiction
1154	entailment
1155	contradiction
1156	contradiction
1157	neutral
1158	entailment
1159	entailment
1160	neutral
1161	contradiction
1162	entailment
1163	entailment
1164	entailment
1165	neutral
1166	neutral
1167	contradiction
1168	entailment
1169	neutral
1170	neutral
1171	neutral
1172	neutral
1173	contradiction
1174	contradiction
1175	entailment
1176	entailment
1177	contradiction
1178	neutral
1179	neutral
1180	neutral
1181	entailment
1182	entailment
1183	neutral
1184	contradiction
1185	contradiction
1186	entailment
1187	entailment
1188	contradiction
1189	neutral
1190	contradiction
1191	entailment
1192	contradiction
1193	contradiction
1194	neutral
1195	neutral
1196	neutral
1197	entailment
1198	contradiction
1199	neutral
1200	contradiction
1201	contradiction
1202	entailment
1203	neutral
1204	contradiction
1205	contradiction
1206	contradiction
1207	contradiction
1208	contradiction
1209	neutral
1210	entailment
1211	entailment
1212	entailment
1213	entailment
1214	contradiction
1215	neutral
1216	entailment
1217	contradiction
1218	contradiction
1219	neutral
1220	neutral
1221	entailment
1222	entailment
1223	neutral
1224	neutral
1225	contradiction
1226	contradiction
1227	entailment
1228	neutral
1229	contradiction
1230	entailment
1231	contradiction
1232	neutral
1233	neutral
1234	neutral
1235	entailment
1236	contradiction
1237	entailment
1238	contradiction
1239	entailment
1240	neutral
1241	neutral
1242	entailment
1243	neutral
1244	contradiction
1245	neutral
1246	entailment
1247	entailment
1248	neutral
1249	contradiction
1250	contradiction
1251	neutral
1252	entailment
1253	contradiction
1254	entailment
1255	entailment
1256	neutral
1257	neutral
1258	entailment
1259	entailment
1260	contradiction
1261	contradiction
1262	neutral
1263	neutral
1264	contradiction
1265	neutral
1266	neutral
1267	neutral
1268	contradiction
1269	neutral
1270	neutral
1271	entailment
1272	entailment
1273	neutral
1274	entailment
1275	entailment
1276	contradiction
1277	contradiction
1278	contradiction
1279	neutral
1280	neutral
1281	entailment
1282	contradiction
1283	contradiction
1284	entailment
1285	entailment
1286	entailment
1287	entailment
1288	neutral
1289	contradiction
1290	entailment
1291	neutral
1292	contradiction
1293	contradiction
1294	neutral
1295	contradiction
1296	entailment
1297	neutral
1298	contradiction
1299	neutral
1300	contradiction
1301	entailment
1302	contradiction
1303	contradiction
1304	contradiction
1305	neutral
1306	contradiction
1307	contradiction
1308	neutral
1309	neutral
1310	neutral
1311	entailment
1312	contradiction
1313	neutral
1314	entailment
1315	contradiction
1316	entailment
1317	contradiction
1318	entailment
1319	entailment
1320	entailment
1321	entailment
1322	neutral
1323	contradiction
1324	entailment
1325	contradiction
1326	contradiction
1327	entailment
1328	entailment
1329	contradiction
1330	entailment
1331	entailment
1332	entailment
1333	contradiction
1334	contradiction
1335	entailment
1336	neutral
1337	entailment
1338	neutral
1339	entailment
1340	entailment
1341	entailment
1342	contradiction
1343	entailment
1344	neutral
1345	entailment
1346	neutral
1347	entailment
1348	entailment
1349	entailment
1350	neutral
1351	entailment
1352	contradiction
1353	contradiction
1354	contradiction
1355	entailment
1356	contradiction
1357	contradiction
1358	contradiction
1359	neutral
1360	contradiction
1361	neutral
1362	contradiction
1363	contradiction
1364	contradiction
1365	entailment
1366	entailment
1367	neutral
1368	entailment
1369	entailment
1370	neutral
1371	entailment
1372	entailment
1373	contradiction
1374	contradiction
1375	entailment
1376	neutral
1377	entailment
1378	contradiction
1379	entailment
1380	neutral
1381	contradiction
1382	entailment
1383	contradiction
1384	entailment
1385	contradiction
1386	contradiction
1387	neutral
1388	entailment
1389	neutral
1390	contradiction
1391	entailment
1392	neutral
1393	entailment
1394	neutral
1395	neutral
1396	contradiction
1397	neutral
1398	neutral
1399	entailment
1400	entailment
1401	neutral
1402	entailment
1403	neutral
1404	neutral
1405	entailment
1406	entailment
1407	entailment
1408	entailment
1409	contradiction
1410	contradiction
1411	entailment
1412	neutral
1413	entailment
1414	contradiction
1415	entailment
1416	neutral
1417	contradiction
1418	contradiction
1419	neutral
1420	neutral
1421	entailment
1422	contradiction
1423	contradiction
1424	contradiction
1425	contradiction
1426	contradiction
1427	neutral
1428	entailment
1429	contradiction
1430	neutral
1431	neutral
1432	entailment
1433	entailment
1434	contradiction
1435	neutral
1436	neutral
1437	neutral
1438	neutral
1439	contradiction
1440	contradiction
1441	entailment
1442	contradiction
1443	contradiction
1444	entailment
1445	contradiction
1446	entailment
1447	neutral
1448	contradiction
1449	contradiction
1450	entailment
1451	entailment
1452	contradiction
1453	entailment
1454	entailment
1455	neutral
1456	neutral
1457	neutral
1458	contradiction
1459	contradiction
1460	entailment
1461	contradiction
1462	neutral
1463	contradiction
1464	entailment
1465	neutral
1466	entailment
1467	contradiction
1468	contradiction
1469	contradiction
1470	entailment
1471	entailment
1472	entailment
1473	entailment
1474	neutral
1475	entailment
1476	contradiction
1477	neutral
1478	contradiction
1479	contradiction
1480	neutral
1481	contradiction
1482	entailment
1483	entailment
1484	neutral
1485	neutral
1486	entailment
1487	entailment
1488	neutral
1489	neutral
1490	neutral
1491	neutral
1492	entailment
1493	neutral
1494	entailment
1495	contradiction
1496	entailment
1497	neutral
1498	contradiction
1499	contradiction
1500	contradiction
1501	entailment
1502	neutral
1503	entailment
1504	entailment
1505	neutral
1506	neutral
1507	neutral
1508	neutral
1509	neutral
1510	entailment
1511	neutral
1512	neutral
1513	entailment
1514	entailment
1515	neutral
1516	entailment
1517	contradiction
1518	entailment
1519	contradiction
1520	entailment
1521	neutral
1522	contradiction
1523	entailment
1524	neutral
1525	neutral
1526	contradiction
1527	contradiction
1528	entailment
1529	contradiction
1530	neutral
1531	entailment
1532	contradiction
1533	entailment
1534	contradiction
1535	contradiction
1536	contradiction
1537	contradiction
1538	contradiction
1539	entailment
1540	contradiction
1541	entailment
1542	contradiction
1543	entailment
1544	entailment
1545	contradiction
1546	neutral
1547	contradiction
1548	contradiction
1549	contradiction
1550	neutral
1551	contradiction
1552	entailment
1553	entailment
1554	contradiction
1555	contradiction
1556	contradiction
1557	neutral
1558	neutral
1559	entailment
1560	neutral
1561	contradiction
1562	entailment
1563	neutral
1564	contradiction
1565	entailment
1566	neutral
1567	entailment
1568	entailment
1569	contradiction
1570	entailment
1571	neutral
1572	neutral
1573	entailment
1574	entailment
1575	neutral
1576	neutral
1577	neutral
1578	contradiction
1579	contradiction
1580	entailment
1581	entailment
1582	contradiction
1583	entailment
1584	contradiction
1585	neutral
1586	entailment
1587	entailment
1588	contradiction
1589	neutral
1590	neutral
1591	contradiction
1592	entailment
1593	contradiction
1594	entailment
1595	neutral
1596	neutral
1597	contradiction
1598	contradiction
1599	contradiction
1600	neutral
1601	entailment
1602	contradiction
1603	contradiction
1604	neutral
1605	neutral
1606	contradiction
1607	entailment
1608	neutral
1609	contradiction
1610	neutral
1611	contradiction
1612	entailment
1613	contradiction
1614	neutral
1615	neutral
1616	entailment
1617	entailment
1618	neutral
1619	entailment
1620	contradiction
1621	contradiction
1622	neutral
1623	contradiction
1624	contradiction
1625	entailment
1626	neutral
1627	contradiction
1628	entailment
1629	entailment
1630	entailment
1631	contradiction
1632	entailment
1633	neutral
1634	contradiction
1635	entailment
1636	neutral
1637	entailment
1638	neutral
1639	entailment
1640	entailment
1641	entailment
1642	neutral
1643	contradiction
1644	contradiction
1645	neutral
1646	contradiction
1647	neutral
1648	neutral
1649	contradiction
1650	contradiction
1651	contradiction
1652	contradiction
1653	contradiction
1654	entailment
1655	entailment
1656	neutral
1657	neutral
1658	entailment
1659	neutral
1660	entailment
1661	entailment
1662	neutral
1663	neutral
1664	entailment
1665	contradiction
1666	neutral
1667	neutral
1668	entailment
1669	entailment
1670	contradiction
1671	neutral
1672	contradiction
1673	contradiction
1674	neutral
1675	contradiction
1676	neutral
1677	entailment
1678	neutral
1679	entailment
1680	entailment
1681	neutral
1682	entailment
1683	entailment
1684	entailment
1685	entailment
1686	contradiction
1687	entailment
1688	entailment
1689	neutral
1690	neutral
1691	entailment
1692	entailment
1693	neutral
1694	neutral
1695	entailment
1696	entailment
1697	contradiction
1698	neutral
1699	entailment
1700	entailment
1701	neutral
1702	entailment
1703	entailment
1704	contradiction
1705	neutral
1706	entailment
1707	entailment
1708	neutral
1709	entailment
1710	entailment
1711	contradiction
1712	neutral
1713	contradiction
1714	neutral
1715	contradiction
1716	contradiction
1717	neutral
1718	neutral
1719	entailment
1720	contradiction
1721	entailment
1722	entailment
1723	neutral
1724	neutral
1725	entailment
1726	contradiction
1727	neutral
1728	entailment
1729	neutral
1730	contradiction
1731	entailment
1732	neutral
1733	contradiction
1734	contradiction
1735	neutral
1736	contradiction
1737	neutral
1738	contradiction
1739	contradiction
1740	contradiction
1741	contradiction
1742	neutral
1743	entailment
1744	neutral
1745	entailment
1746	contradiction
1747	neutral
1748	entailment
1749	neutral
1750	contradiction
1751	entailment
1752	contradiction
1753	neutral
1754	contradiction
1755	entailment
1756	contradiction
1757	neutral
1758	neutral
1759	contradiction
1760	entailment
1761	contradiction
1762	neutral
1763	contradiction
1764	contradiction
1765	contradiction
1766	neutral
1767	neutral
1768	neutral
1769	entailment
1770	entailment
1771	neutral
1772	contradiction
1773	entailment
1774	contradiction
1775	neutral
1776	neutral
1777	entailment
1778	contradiction
1779	entailment
1780	neutral
1781	entailment
1782	entailment
1783	neutral
1784	entailment
1785	entailment
1786	entailment
1787	entailment
1788	entailment
1789	entailment
1790	neutral
1791	entailment
1792	neutral
1793	neutral
1794	contradiction
1795	contradiction
1796	entailment
1797	entailment
1798	neutral
1799	neutral
1800	neutral
1801	entailment
1802	neutral
1803	contradiction
1804	entailment
1805	contradiction
1806	neutral
1807	entailment
1808	neutral
1809	contradiction
1810	entailment
1811	contradiction
1812	neutral
1813	contradiction
1814	neutral
1815	entailment
1816	entailment
1817	neutral
1818	neutral
1819	entailment
1820	entailment
1821	contradiction
1822	entailment
1823	neutral
1824	contradiction
1825	neutral
1826	neutral
1827	contradiction
1828	entailment
1829	contradiction
1830	entailment
1831	neutral
1832	neutral
1833	entailment
1834	neutral
1835	neutral
1836	neutral
1837	contradiction
1838	entailment
1839	entailment
1840	contradiction
1841	entailment
1842	entailment
1843	contradiction
1844	contradiction
1845	entailment
1846	contradiction
1847	entailment
1848	neutral
1849	entailment
1850	contradiction
1851	neutral
1852	entailment
1853	neutral
1854	entailment
1855	entailment
1856	contradiction
1857	entailment
1858	neutral
1859	entailment
1860	neutral
1861	contradiction
1862	contradiction
1863	contradiction
1864	neutral
1865	contradiction
1866	entailment
1867	contradiction
1868	neutral
1869	entailment
1870	neutral
1871	contradiction
1872	contradiction
1873	entailment
1874	neutral
1875	contradiction
1876	contradiction
1877	neutral
1878	neutral
1879	entailment
1880	contradiction
1881	contradiction
1882	contradiction
1883	entailment
1884	contradiction
1885	neutral
1886	entailment
1887	contradiction
1888	contradiction
1889	neutral
1890	neutral
1891	entailment
1892	contradiction
1893	neutral
1894	entailment
1895	entailment
1896	contradiction
1897	contradiction
1898	contradiction
1899	entailment
1900	contradiction
1901	entailment
1902	contradiction
1903	contradiction
1904	neutral
1905	contradiction
1906	entailment
1907	entailment
1908	contradiction
1909	neutral
1910	contradiction
1911	entailment
1912	entailment
1913	contradiction
1914	contradiction
1915	neutral
1916	contradiction
1917	entailment
1918	contradiction
1919	neutral
1920	neutral
1921	entailment
1922	entailment
1923	entailment
1924	contradiction
1925	entailment
1926	contradiction
1927	entailment
1928	contradiction
1929	neutral
1930	contradiction
1931	neutral
1932	neutral
1933	contradiction
1934	entailment
1935	neutral
1936	neutral
1937	neutral
1938	contradiction
1939	entailment
1940	entailment
1941	neutral
1942	entailment
1943	entailment
1944	entailment
1945	neutral
1946	neutral
1947	entailment
1948	contradiction
1949	contradiction
1950	contradiction
1951	neutral
1952	entailment
1953	neutral
1954	neutral
1955	contradiction
1956	neutral
1957	contradiction
1958	contradiction
1959	entailment
1960	neutral
1961	contradiction
1962	neutral
1963	neutral
1964	contradiction
1965	contradiction
1966	entailment
1967	neutral
1968	entailment
1969	neutral
1970	neutral
1971	neutral
1972	neutral
1973	neutral
1974	entailment
1975	neutral
1976	entailment
1977	neutral
1978	neutral
1979	entailment
1980	entailment
1981	entailment
1982	contradiction
1983	contradiction
1984	neutral
1985	contradiction
1986	entailment
1987	entailment
1988	neutral
1989	contradiction
1990	neutral
1991	contradiction
1992	entailment
1993	contradiction
1994	neutral
1995	entailment
1996	entailment
1997	neutral
1998	neutral
1999	entailment
2000	neutral
2001	entailment
2002	contradiction
2003	entailment
2004	entailment
2005	entailment
2006	neutral
2007	contradiction
2008	entailment
2009	neutral
2010	contradiction
2011	contradiction
2012	entailment
2013	contradiction
2014	contradiction
2015	neutral
2016	contradiction
2017	entailment
2018	contradiction
2019	entailment
2020	entailment
2021	neutral
2022	entailment
2023	entailment
2024	neutral
2025	neutral
2026	neutral
2027	entailment
2028	contradiction
2029	entailment
2030	neutral
2031	neutral
2032	neutral
2033	contradiction
2034	contradiction
2035	entailment
2036	entailment
2037	entailment
2038	entailment
2039	entailment
2040	contradiction
2041	entailment
2042	entailment
2043	contradiction
2044	entailment
2045	contradiction
2046	neutral
2047	entailment
2048	contradiction
2049	neutral
2050	entailment
2051	neutral
2052	entailment
2053	contradiction
2054	neutral
2055	contradiction
2056	entailment
2057	contradiction
2058	entailment
2059	entailment
2060	contradiction
2061	contradiction
2062	entailment
2063	contradiction
2064	contradiction
2065	entailment
2066	contradiction
2067	neutral
2068	entailment
2069	contradiction
2070	entailment
2071	contradiction
2072	entailment
2073	neutral
2074	entailment
2075	contradiction
2076	neutral
2077	entailment
2078	entailment
2079	contradiction
2080	entailment
2081	entailment
2082	neutral
2083	entailment
2084	entailment
2085	contradiction
2086	entailment
2087	neutral
2088	contradiction
2089	neutral
2090	entailment
2091	contradiction
2092	contradiction
2093	contradiction
2094	contradiction
2095	neutral
2096	entailment
2097	entailment
2098	entailment
2099	contradiction
2100	entailment
2101	neutral
2102	neutral
2103	entailment
2104	neutral
2105	contradiction
2106	neutral
2107	entailment
2108	entailment
2109	contradiction
2110	neutral
2111	neutral
2112	entailment
2113	entailment
2114	neutral
2115	entailment
2116	neutral
2117	contradiction
2118	contradiction
2119	contradiction
2120	contradiction
2121	contradiction
2122	entailment
2123	entailment
2124	entailment
2125	entailment
2126	contradiction
2127	neutral
2128	neutral
2129	neutral
2130	neutral
2131	neutral
2132	contradiction
2133	contradiction
2134	entailment
2135	entailment
2136	neutral
2137	entailment
2138	neutral
2139	entailment
2140	neutral
2141	entailment
2142	neutral
2143	entailment
2144	entailment
2145	entailment
2146	neutral
2147	entailment
2148	contradiction
2149	contradiction
2150	contradiction
2151	contradiction
2152	neutral
2153	contradiction
2154	neutral
2155	neutral
2156	contradiction
2157	contradiction
2158	entailment
2159	entailment
2160	neutral
2161	contradiction
2162	contradiction
2163	neutral
2164	entailment
2165	contradiction
2166	entailment
2167	contradiction
2168	entailment
2169	neutral
2170	neutral
2171	contradiction
2172	neutral
2173	contradiction
2174	contradiction
2175	contradiction
2176	entailment
2177	contradiction
2178	entailment
2179	contradiction
2180	contradiction
2181	entailment
2182	contradiction
2183	entailment
2184	contradiction
2185	contradiction
2186	neutral
2187	neutral
2188	neutral
2189	contradiction
2190	contradiction
2191	entailment
2192	entailment
2193	entailment
2194	contradiction
2195	entailment
2196	contradiction
2197	contradiction
2198	contradiction
2199	neutral
2200	contradiction
2201	contradiction
2202	entailment
2203	neutral
2204	entailment
2205	entailment
2206	neutral
2207	neutral
2208	contradiction
2209	entailment
2210	contradiction
2211	entailment
2212	neutral
2213	entailment
2214	contradiction
2215	entailment
2216	neutral
2217	entailment
2218	entailment
2219	contradiction
2220	entailment
2221	neutral
2222	contradiction
2223	contradiction
2224	entailment
2225	neutral
2226	entailment
2227	neutral
2228	contradiction
2229	contradiction
2230	contradiction
2231	entailment
2232	entailment
2233	entailment
2234	entailment
2235	neutral
2236	entailment
2237	contradiction
2238	contradiction
2239	contradiction
2240	contradiction
2241	neutral
2242	entailment
2243	neutral
2244	contradiction
2245	neutral
2246	contradiction
2247	contradiction
2248	neutral
2249	neutral
2250	contradiction
2251	contradiction
2252	entailment
2253	entailment
2254	neutral
2255	neutral
2256	neutral
2257	neutral
2258	entailment
2259	contradiction
2260	entailment
2261	entailment
2262	entailment
2263	entailment
2264	contradiction
2265	entailment
2266	contradiction
2267	contradiction
2268	neutral
2269	entailment
2270	contradiction
2271	neutral
2272	neutral
2273	neutral
2274	entailment
2275	entailment
2276	contradiction
2277	neutral
2278	neutral
2279	entailment
2280	entailment
2281	entailment
2282	entailment
2283	entailment
2284	entailment
2285	neutral
2286	entailment
2287	neutral
2288	neutral
2289	entailment
2290	entailment
2291	contradiction
2292	neutral
2293	neutral
2294	contradiction
2295	neutral
2296	contradiction
2297	contradiction
2298	entailment
2299	entailment
2300	neutral
2301	entailment
2302	contradiction
2303	contradiction
2304	entailment
2305	neutral
2306	contradiction
2307	entailment
2308	contradiction
2309	contradiction
2310	contradiction
2311	entailment
2312	contradiction
2313	contradiction
2314	neutral
2315	neutral
2316	entailment
2317	entailment
2318	entailment
2319	contradiction
2320	neutral
2321	neutral
2322	entailment
2323	neutral
2324	contradiction
2325	entailment
2326	entailment
2327	contradiction
2328	neutral
2329	contradiction
2330	entailment
2331	neutral
2332	neutral
2333	entailment
2334	neutral
2335	entailment
2336	entailment
2337	entailment
2338	entailment
2339	entailment
2340	contradiction
2341	entailment
2342	contradiction
2343	neutral
2344	contradiction
2345	neutral
2346	neutral
2347	entailment
2348	contradiction
2349	entailment
2350	contradiction
2351	entailment
2352	entailment
2353	entailment
2354	neutral
2355	contradiction
2356	neutral
2357	entailment
2358	contradiction
2359	contradiction
2360	contradiction
2361	entailment
2362	neutral
2363	neutral
2364	neutral
2365	entailment
2366	neutral
2367	contradiction
2368	neutral
2369	entailment
2370	neutral
2371	entailment
2372	neutral
2373	neutral
2374	contradiction
2375	entailment
2376	entailment
2377	neutral
2378	entailment
2379	neutral
2380	neutral
2381	contradiction
2382	contradiction
2383	contradiction
2384	entailment
2385	contradiction
2386	entailment
2387	neutral
2388	contradiction
2389	contradiction
2390	contradiction
2391	entailment
2392	contradiction
2393	entailment
2394	entailment
2395	entailment
2396	neutral
2397	entailment
2398	entailment
2399	contradiction
2400	entailment
2401	neutral
2402	neutral
2403	entailment
2404	entailment
2405	contradiction
2406	neutral
2407	entailment
2408	contradiction
2409	contradiction
2410	contradiction
2411	entailment
2412	entailment
2413	entailment
2414	contradiction
2415	contradiction
2416	entailment
2417	entailment
2418	contradiction
2419	entailment
2420	entailment
2421	contradiction
2422	neutral
2423	neutral
2424	neutral
2425	neutral
2426	neutral
2427	contradiction
2428	entailment
2429	neutral
2430	neutral
2431	neutral
2432	neutral
2433	contradiction
2434	entailment
2435	neutral
2436	neutral
2437	contradiction
2438	entailment
2439	entailment
2440	neutral
2441	entailment
2442	entailment
2443	entailment
2444	neutral
2445	contradiction
2446	contradiction
2447	neutral
2448	contradiction
2449	contradiction
2450	contradiction
2451	entailment
2452	contradiction
2453	neutral
2454	entailment
2455	contradiction
2456	entailment
2457	entailment
2458	neutral
2459	neutral
2460	contradiction
2461	contradiction
2462	entailment
2463	entailment
2464	contradiction
2465	entailment
2466	entailment
2467	contradiction
2468	contradiction
2469	entailment
2470	entailment
2471	neutral
2472	neutral
2473	neutral
2474	entailment
2475	neutral
2476	entailment
2477	neutral
2478	neutral
2479	neutral
2480	contradiction
2481	contradiction
2482	contradiction
2483	entailment
2484	neutral
2485	contradiction
2486	contradiction
2487	contradiction
2488	neutral
2489	entailment
2490	contradiction
2491	contradiction
2492	contradiction
2493	neutral
2494	entailment
2495	neutral
2496	entailment
2497	contradiction
2498	entailment
2499	contradiction
2500	contradiction
2501	entailment
2502	neutral
2503	contradiction
2504	neutral
2505	entailment
2506	entailment
2507	neutral
2508	contradiction
2509	contradiction
2510	entailment
2511	contradiction
2512	neutral
2513	entailment
2514	contradiction
2515	contradiction
2516	neutral
2517	contradiction
2518	contradiction
2519	entailment
2520	contradiction
2521	neutral
2522	contradiction
2523	entailment
2524	contradiction
2525	contradiction
2526	entailment
2527	contradiction
2528	contradiction
2529	contradiction
2530	neutral
2531	neutral
2532	contradiction
2533	entailment
2534	entailment
2535	neutral
2536	contradiction
2537	entailment
2538	contradiction
2539	entailment
2540	contradiction
2541	neutral
2542	neutral
2543	entailment
2544	contradiction
2545	contradiction
2546	entailment
2547	entailment
2548	contradiction
2549	entailment
2550	entailment
2551	neutral
2552	neutral
2553	contradiction
2554	contradiction
2555	neutral
2556	entailment
2557	entailment
2558	contradiction
2559	contradiction
2560	entailment
2561	contradiction
2562	neutral
2563	neutral
2564	neutral
2565	entailment
2566	contradiction
2567	entailment
2568	neutral
2569	entailment
2570	contradiction
2571	entailment
2572	entailment
2573	neutral
2574	contradiction
2575	contradiction
2576	entailment
2577	contradiction
2578	entailment
2579	entailment
2580	contradiction
2581	entailment
2582	contradiction
2583	entailment
2584	entailment
2585	entailment
2586	neutral
2587	neutral
2588	contradiction
2589	contradiction
2590	neutral
2591	neutral
2592	entailment
2593	neutral
2594	entailment
2595	entailment
2596	neutral
2597	neutral
2598	neutral
2599	contradiction
2600	entailment
2601	neutral
2602	contradiction
2603	contradiction
2604	neutral
2605	neutral
2606	contradiction
2607	contradiction
2608	contradiction
2609	contradiction
2610	contradiction
2611	neutral
2612	contradiction
2613	contradiction
2614	entailment
2615	contradiction
2616	neutral
2617	neutral
2618	neutral
2619	contradiction
2620	neutral
2621	neutral
2622	neutral
2623	entailment
2624	entailment
2625	neutral
2626	entailment
2627	entailment
2628	entailment
2629	entailment
2630	neutral
2631	contradiction
2632	contradiction
2633	neutral
2634	contradiction
2635	contradiction
2636	neutral
2637	neutral
2638	entailment
2639	entailment
2640	neutral
2641	neutral
2642	contradiction
2643	entailment
2644	neutral
2645	contradiction
2646	entailment
2647	entailment
2648	entailment
2649	neutral
2650	neutral
2651	entailment
2652	entailment
2653	neutral
2654	entailment
2655	contradiction
2656	entailment
2657	neutral
2658	neutral
2659	contradiction
2660	entailment
2661	contradiction
2662	neutral
2663	neutral
2664	entailment
2665	contradiction
2666	contradiction
2667	entailment
2668	contradiction
2669	neutral
2670	contradiction
2671	neutral
2672	contradiction
2673	neutral
2674	neutral
2675	entailment
2676	contradiction
2677	entailment
2678	contradiction
2679	neutral
2680	entailment
2681	contradiction
2682	contradiction
2683	neutral
2684	contradiction
2685	contradiction
2686	contradiction
2687	contradiction
2688	entailment
2689	entailment
2690	contradiction
2691	entailment
2692	neutral
2693	neutral
2694	neutral
2695	neutral
2696	entailment
2697	entailment
2698	contradiction
2699	entailment
2700	neutral
2701	entailment
2702	entailment
2703	entailment
2704	entailment
2705	contradiction
2706	entailment
2707	entailment
2708	contradiction
2709	contradiction
2710	entailment
2711	contradiction
2712	entailment
2713	entailment
2714	contradiction
2715	contradiction
2716	contradiction
2717	entailment
2718	neutral
2719	contradiction
2720	entailment
2721	contradiction
2722	entailment
2723	neutral
2724	neutral
2725	neutral
2726	entailment
2727	entailment
2728	neutral
2729	contradiction
2730	neutral
2731	entailment
2732	entailment
2733	neutral
2734	contradiction
2735	entailment
2736	entailment
2737	entailment
2738	contradiction
2739	entailment
2740	neutral
2741	entailment
2742	neutral
2743	entailment
2744	neutral
2745	contradiction
2746	contradiction
2747	contradiction
2748	contradiction
2749	entailment
2750	contradiction
2751	entailment
2752	contradiction
2753	entailment
2754	neutral
2755	neutral
2756	contradiction
2757	contradiction
2758	contradiction
2759	neutral
2760	entailment
2761	entailment
2762	entailment
2763	entailment
2764	neutral
2765	entailment
2766	neutral
2767	contradiction
2768	neutral
2769	neutral
2770	entailment
2771	entailment
2772	contradiction
2773	neutral
2774	contradiction
2775	entailment
2776	neutral
2777	entailment
2778	contradiction
2779	entailment
2780	entailment
2781	contradiction
2782	neutral
2783	neutral
2784	entailment
2785	entailment
2786	neutral
2787	contradiction
2788	contradiction
2789	entailment
2790	entailment
2791	neutral
2792	contradiction
2793	entailment
2794	entailment
2795	entailment
2796	contradiction
2797	contradiction
2798	neutral
2799	contradiction
2800	contradiction
2801	entailment
2802	entailment
2803	contradiction
2804	contradiction
2805	neutral
2806	neutral
2807	contradiction
2808	contradiction
2809	neutral
2810	contradiction
2811	entailment
2812	entailment
2813	contradiction
2814	entailment
2815	contradiction
2816	entailment
2817	neutral
2818	neutral
2819	contradiction
2820	neutral
2821	contradiction
2822	entailment
2823	entailment
2824	contradiction
2825	entailment
2826	entailment
2827	entailment
2828	entailment
2829	contradiction
2830	contradiction
2831	neutral
2832	contradiction
2833	entailment
2834	neutral
2835	entailment
2836	contradiction
2837	neutral
2838	neutral
2839	contradiction
2840	neutral
2841	contradiction
2842	neutral
2843	neutral
2844	entailment
2845	entailment
2846	neutral
2847	neutral
2848	contradiction
2849	neutral
2850	neutral
2851	entailment
2852	neutral
2853	entailment
2854	neutral
2855	contradiction
2856	entailment
2857	entailment
2858	contradiction
2859	neutral
2860	contradiction
2861	entailment
2862	entailment
2863	entailment
2864	contradiction
2865	neutral
2866	contradiction
2867	neutral
2868	contradiction
2869	contradiction
2870	neutral
2871	neutral
2872	entailment
2873	entailment
2874	entailment
2875	entailment
2876	entailment
2877	neutral
2878	neutral
2879	entailment
2880	neutral
2881	neutral
2882	neutral
2883	contradiction
2884	contradiction
2885	contradiction
2886	entailment
2887	contradiction
2888	contradiction
2889	neutral
2890	neutral
2891	contradiction
2892	contradiction
2893	contradiction
2894	entailment
2895	neutral
2896	contradiction
2897	entailment
2898	contradiction
2899	entailment
2900	neutral
2901	entailment
2902	contradiction
2903	neutral
2904	entailment
2905	neutral
2906	neutral
2907	entailment
2908	neutral
2909	neutral
2910	neutral
2911	contradiction
2912	neutral
2913	neutral
2914	entailment
2915	neutral
2916	entailment
2917	entailment
2918	neutral
2919	contradiction
2920	neutral
2921	contradiction
2922	entailment
2923	contradiction
2924	entailment
2925	neutral
2926	neutral
2927	entailment
2928	neutral
2929	entailment
2930	entailment
2931	neutral
2932	entailment
2933	entailment
2934	entailment
2935	neutral
2936	entailment
2937	contradiction
2938	entailment
2939	neutral
2940	contradiction
2941	neutral
2942	contradiction
2943	neutral
2944	neutral
2945	entailment
2946	entailment
2947	entailment
2948	neutral
2949	neutral
2950	neutral
2951	entailment
2952	neutral
2953	neutral
2954	contradiction
2955	entailment
2956	neutral
2957	entailment
2958	entailment
2959	contradiction
2960	contradiction
2961	neutral
2962	neutral
2963	contradiction
2964	neutral
2965	contradiction
2966	neutral
2967	contradiction
2968	contradiction
2969	neutral
2970	contradiction
2971	entailment
2972	contradiction
2973	entailment
2974	contradiction
2975	contradiction
2976	neutral
2977	neutral
2978	entailment
2979	entailment
2980	entailment
2981	entailment
2982	neutral
2983	entailment
2984	entailment
2985	contradiction
2986	entailment
2987	neutral
2988	neutral
2989	entailment
2990	entailment
2991	contradiction
2992	contradiction
2993	contradiction
2994	entailment
2995	neutral
2996	entailment
2997	entailment
2998	neutral
2999	neutral
3000	entailment
3001	contradiction
3002	neutral
3003	entailment
3004	neutral
3005	neutral
3006	entailment
3007	entailment
3008	entailment
3009	entailment
3010	contradiction
3011	neutral
3012	contradiction
3013	contradiction
3014	neutral
3015	contradiction
3016	contradiction
3017	contradiction
3018	contradiction
3019	neutral
3020	contradiction
3021	contradiction
3022	contradiction
3023	neutral
3024	neutral
3025	neutral
3026	neutral
3027	neutral
3028	neutral
3029	entailment
3030	contradiction
3031	entailment
3032	contradiction
3033	neutral
3034	neutral
3035	contradiction
3036	contradiction
3037	contradiction
3038	entailment
3039	neutral
3040	contradiction
3041	entailment
3042	contradiction
3043	entailment
3044	entailment
3045	contradiction
3046	neutral
3047	entailment
3048	entailment
3049	entailment
3050	entailment
3051	neutral
3052	neutral
3053	neutral
3054	neutral
3055	neutral
3056	neutral
3057	neutral
3058	contradiction
3059	entailment
3060	neutral
3061	entailment
3062	entailment
3063	entailment
3064	entailment
3065	entailment
3066	contradiction
3067	entailment
3068	contradiction
3069	neutral
3070	contradiction
3071	contradiction
3072	neutral
3073	neutral
3074	contradiction
3075	entailment
3076	entailment
3077	entailment
3078	contradiction
3079	entailment
3080	contradiction
3081	entailment
3082	entailment
3083	entailment
3084	entailment
3085	entailment
3086	entailment
3087	contradiction
3088	entailment
3089	entailment
3090	neutral
3091	contradiction
3092	entailment
3093	neutral
3094	neutral
3095	contradiction
3096	contradiction
3097	entailment
3098	neutral
3099	neutral
3100	contradiction
3101	entailment
3102	entailment
3103	contradiction
3104	neutral
3105	contradiction
3106	contradiction
3107	neutral
3108	contradiction
3109	contradiction
3110	neutral
3111	entailment
3112	neutral
3113	contradiction
3114	entailment
3115	neutral
3116	contradiction
3117	entailment
3118	entailment
3119	entailment
3120	entailment
3121	entailment
3122	entailment
3123	neutral
3124	contradiction
3125	entailment
3126	neutral
3127	entailment
3128	entailment
3129	neutral
3130	entailment
3131	neutral
3132	entailment
3133	entailment
3134	contradiction
3135	entailment
3136	neutral
3137	contradiction
3138	contradiction
3139	entailment
3140	entailment
3141	neutral
3142	contradiction
3143	entailment
3144	entailment
3145	entailment
3146	neutral
3147	entailment
3148	entailment
3149	contradiction
3150	neutral
3151	entailment
3152	contradiction
3153	neutral
3154	neutral
3155	contradiction
3156	contradiction
3157	contradiction
3158	neutral
3159	contradiction
3160	entailment
3161	contradiction
3162	neutral
3163	neutral
3164	contradiction
3165	contradiction
3166	neutral
3167	neutral
3168	contradiction
3169	neutral
3170	entailment
3171	contradiction
3172	contradiction
3173	contradiction
3174	entailment
3175	entailment
3176	entailment
3177	entailment
3178	entailment
3179	neutral
3180	entailment
3181	neutral
3182	neutral
3183	neutral
3184	entailment
3185	entailment
3186	neutral
3187	contradiction
3188	contradiction
3189	entailment
3190	entailment
3191	entailment
3192	contradiction
3193	contradiction
3194	contradiction
3195	contradiction
3196	contradiction
3197	contradiction
3198	neutral
3199	neutral
3200	contradiction
3201	contradiction
3202	neutral
3203	contradiction
3204	neutral
3205	entailment
3206	entailment
3207	neutral
3208	entailment
3209	neutral
3210	contradiction
3211	neutral
3212	contradiction
3213	contradiction
3214	entailment
3215	contradiction
3216	neutral
3217	contradiction
3218	neutral
3219	neutral
3220	neutral
3221	entailment
3222	entailment
3223	contradiction
3224	neutral
3225	neutral
3226	contradiction
3227	entailment
3228	neutral
3229	entailment
3230	entailment
3231	contradiction
3232	contradiction
3233	entailment
3234	contradiction
3235	contradiction
3236	neutral
3237	neutral
3238	entailment
3239	contradiction
3240	neutral
3241	contradiction
3242	entailment
3243	neutral
3244	contradiction
3245	contradiction
3246	contradiction
3247	neutral
3248	contradiction
3249	neutral
3250	entailment
3251	entailment
3252	entailment
3253	neutral
3254	neutral
3255	entailment
3256	neutral
3257	neutral
3258	contradiction
3259	contradiction
3260	contradiction
3261	contradiction
3262	contradiction
3263	neutral
3264	neutral
3265	entailment
3266	entailment
3267	contradiction
3268	neutral
3269	entailment
3270	entailment
3271	contradiction
3272	neutral
3273	neutral
3274	contradiction
3275	neutral
3276	neutral
3277	neutral
3278	contradiction
3279	neutral
3280	contradiction
3281	neutral
3282	neutral
3283	neutral
3284	entailment
3285	entailment
3286	contradiction
3287	neutral
3288	neutral
3289	neutral
3290	entailment
3291	neutral
3292	neutral
3293	entailment
3294	neutral
3295	neutral
3296	contradiction
3297	neutral
3298	contradiction
3299	entailment
3300	neutral
3301	entailment
3302	contradiction
3303	contradiction
3304	neutral
3305	entailment
3306	entailment
3307	contradiction
3308	neutral
3309	entailment
3310	entailment
3311	entailment
3312	neutral
3313	entailment
3314	contradiction
3315	neutral
3316	neutral
3317	entailment
3318	neutral
3319	entailment
3320	contradiction
3321	entailment
3322	neutral
3323	neutral
3324	entailment
3325	contradiction
3326	neutral
3327	neutral
3328	neutral
3329	neutral
3330	contradiction
3331	contradiction
3332	contradiction
3333	contradiction
3334	neutral
3335	neutral
3336	contradiction
3337	neutral
3338	entailment
3339	neutral
3340	contradiction
3341	contradiction
3342	neutral
3343	entailment
3344	neutral
3345	entailment
3346	entailment
3347	entailment
3348	contradiction
3349	entailment
3350	entailment
3351	neutral
3352	contradiction
3353	neutral
3354	neutral
3355	contradiction
3356	entailment
3357	contradiction
3358	entailment
3359	entailment
3360	entailment
3361	neutral
3362	entailment
3363	contradiction
3364	contradiction
3365	entailment
3366	entailment
3367	entailment
3368	entailment
3369	neutral
3370	neutral
3371	contradiction
3372	entailment
3373	contradiction
3374	entailment
3375	neutral
3376	neutral
3377	neutral
3378	contradiction
3379	neutral
3380	neutral
3381	contradiction
3382	entailment
3383	entailment
3384	entailment
3385	entailment
3386	contradiction
3387	contradiction
3388	neutral
3389	contradiction
3390	contradiction
3391	entailment
3392	entailment
3393	neutral
3394	contradiction
3395	neutral
3396	entailment
3397	contradiction
3398	entailment
3399	neutral
3400	neutral
3401	contradiction
3402	contradiction
3403	contradiction
3404	entailment
3405	contradiction
3406	neutral
3407	contradiction
3408	entailment
3409	neutral
3410	contradiction
3411	neutral
3412	neutral
3413	contradiction
3414	entailment
3415	entailment
3416	neutral
3417	contradiction
3418	neutral
3419	contradiction
3420	contradiction
3421	neutral
3422	contradiction
3423	entailment
3424	entailment
3425	neutral
3426	entailment
3427	entailment
3428	entailment
3429	entailment
3430	entailment
3431	entailment
3432	contradiction
3433	entailment
3434	entailment
3435	neutral
3436	entailment
3437	contradiction
3438	neutral
3439	neutral
3440	neutral
3441	entailment
3442	contradiction
3443	neutral
3444	entailment
3445	contradiction
3446	contradiction
3447	neutral
3448	entailment
3449	entailment
3450	entailment
3451	contradiction
3452	contradiction
3453	entailment
3454	contradiction
3455	entailment
3456	contradiction
3457	neutral
3458	contradiction
3459	entailment
3460	entailment
3461	entailment
3462	contradiction
3463	contradiction
3464	contradiction
3465	contradiction
3466	entailment
3467	neutral
3468	neutral
3469	entailment
3470	entailment
3471	neutral
3472	neutral
3473	neutral
3474	neutral
3475	entailment
3476	neutral
3477	neutral
3478	contradiction
3479	neutral
3480	contradiction
3481	contradiction
3482	contradiction
3483	contradiction
3484	entailment
3485	contradiction
3486	contradiction
3487	entailment
3488	contradiction
3489	neutral
3490	entailment
3491	contradiction
3492	entailment
3493	neutral
3494	neutral
3495	contradiction
3496	entailment
3497	contradiction
3498	contradiction
3499	entailment
3500	entailment
3501	neutral
3502	entailment
3503	neutral
3504	contradiction
3505	contradiction
3506	entailment
3507	neutral
3508	entailment
3509	contradiction
3510	entailment
3511	contradiction
3512	entailment
3513	contradiction
3514	entailment
3515	contradiction
3516	neutral
3517	contradiction
3518	entailment
3519	entailment
3520	contradiction
3521	entailment
3522	neutral
3523	contradiction
3524	contradiction
3525	contradiction
3526	neutral
3527	neutral
3528	contradiction
3529	contradiction
3530	entailment
3531	entailment
3532	contradiction
3533	entailment
3534	entailment
3535	neutral
3536	neutral
3537	contradiction
3538	entailment
3539	contradiction
3540	neutral
3541	contradiction
3542	entailment
3543	neutral
3544	neutral
3545	entailment
3546	entailment
3547	entailment
3548	contradiction
3549	contradiction
3550	contradiction
3551	neutral
3552	neutral
3553	entailment
3554	neutral
3555	neutral
3556	contradiction
3557	entailment
3558	neutral
3559	contradiction
3560	entailment
3561	entailment
3562	contradiction
3563	entailment
3564	entailment
3565	contradiction
3566	neutral
3567	neutral
3568	neutral
3569	contradiction
3570	contradiction
3571	neutral
3572	contradiction
3573	contradiction
3574	neutral
3575	neutral
3576	neutral
3577	contradiction
3578	contradiction
3579	entailment
3580	neutral
3581	entailment
3582	contradiction
3583	contradiction
3584	entailment
3585	entailment
3586	neutral
3587	entailment
3588	entailment
3589	entailment
3590	entailment
3591	neutral
3592	contradiction
3593	entailment
3594	entailment
3595	neutral
3596	neutral
3597	contradiction
3598	entailment
3599	neutral
3600	contradiction
3601	neutral
3602	contradiction
3603	neutral
3604	entailment
3605	entailment
3606	neutral
3607	contradiction
3608	contradiction
3609	entailment
3610	contradiction
3611	contradiction
3612	neutral
3613	contradiction
3614	contradiction
3615	contradiction
3616	entailment
3617	entailment
3618	contradiction
3619	contradiction
3620	entailment
3621	entailment
3622	entailment
3623	entailment
3624	entailment
3625	neutral
3626	contradiction
3627	contradiction
3628	contradiction
3629	entailment
3630	neutral
3631	contradiction
3632	neutral
3633	neutral
3634	entailment
3635	contradiction
3636	neutral
3637	neutral
3638	contradiction
3639	entailment
3640	contradiction
3641	neutral
3642	entailment
3643	entailment
3644	contradiction
3645	neutral
3646	contradiction
3647	entailment
3648	neutral
3649	contradiction
3650	contradiction
3651	contradiction
3652	contradiction
3653	contradiction
3654	neutral
3655	contradiction
3656	neutral
3657	entailment
3658	entailment
3659	entailment
3660	entailment
3661	contradiction
3662	contradiction
3663	entailment
3664	entailment
3665	entailment
3666	contradiction
3667	entailment
3668	entailment
3669	entailment
3670	neutral
3671	contradiction
3672	entailment
3673	neutral
3674	entailment
3675	entailment
3676	neutral
3677	contradiction
3678	contradiction
3679	neutral
3680	entailment
3681	contradiction
3682	entailment
3683	contradiction
3684	contradiction
3685	neutral
3686	entailment
3687	contradiction
3688	entailment
3689	contradiction
3690	neutral
3691	neutral
3692	contradiction
3693	contradiction
3694	neutral
3695	entailment
3696	neutral
3697	neutral
3698	neutral
3699	contradiction
3700	neutral
3701	neutral
3702	neutral
3703	neutral
3704	neutral
3705	entailment
3706	contradiction
3707	contradiction
3708	neutral
3709	contradiction
3710	neutral
3711	neutral
3712	neutral
3713	contradiction
3714	neutral
3715	entailment
3716	contradiction
3717	entailment
3718	contradiction
3719	neutral
3720	contradiction
3721	contradiction
3722	neutral
3723	entailment
3724	contradiction
3725	entailment
3726	contradiction
3727	entailment
3728	contradiction
3729	neutral
3730	entailment
3731	neutral
3732	neutral
3733	contradiction
3734	neutral
3735	neutral
3736	entailment
3737	contradiction
3738	entailment
3739	neutral
3740	contradiction
3741	entailment
3742	neutral
3743	neutral
3744	neutral
3745	entailment
3746	neutral
3747	contradiction
3748	neutral
3749	neutral
3750	neutral
3751	entailment
3752	neutral
3753	entailment
3754	neutral
3755	neutral
3756	entailment
3757	entailment
3758	entailment
3759	entailment
3760	entailment
3761	contradiction
3762	entailment
3763	neutral
3764	contradiction
3765	contradiction
3766	contradiction
3767	entailment
3768	entailment
3769	contradiction
3770	contradiction
3771	contradiction
3772	neutral
3773	neutral
3774	neutral
3775	entailment
3776	neutral
3777	contradiction
3778	entailment
3779	entailment
3780	entailment
3781	entailment
3782	entailment
3783	neutral
3784	neutral
3785	neutral
3786	neutral
3787	contradiction
3788	neutral
3789	neutral
3790	contradiction
3791	contradiction
3792	contradiction
3793	contradiction
3794	contradiction
3795	contradiction
3796	neutral
3797	contradiction
3798	contradiction
3799	neutral
3800	neutral
3801	contradiction
3802	entailment
3803	entailment
3804	entailment
3805	neutral
3806	neutral
3807	contradiction
3808	neutral
3809	entailment
3810	contradiction
3811	contradiction
3812	neutral
3813	contradiction
3814	neutral
3815	contradiction
3816	contradiction
3817	entailment
3818	entailment
3819	neutral
3820	neutral
3821	neutral
3822	entailment
3823	neutral
3824	neutral
3825	contradiction
3826	contradiction
3827	entailment
3828	entailment
3829	contradiction
3830	contradiction
3831	neutral
3832	contradiction
3833	contradiction
3834	entailment
3835	contradiction
3836	entailment
3837	entailment
3838	contradiction
3839	contradiction
3840	entailment
3841	neutral
3842	entailment
3843	contradiction
3844	contradiction
3845	contradiction
3846	entailment
3847	entailment
3848	neutral
3849	contradiction
3850	entailment
3851	neutral
3852	entailment
3853	entailment
3854	contradiction
3855	entailment
3856	entailment
3857	entailment
3858	entailment
3859	entailment
3860	entailment
3861	contradiction
3862	contradiction
3863	neutral
3864	entailment
3865	contradiction
3866	neutral
3867	entailment
3868	entailment
3869	entailment
3870	entailment
3871	entailment
3872	neutral
3873	contradiction
3874	neutral
3875	contradiction
3876	entailment
3877	contradiction
3878	entailment
3879	entailment
3880	entailment
3881	entailment
3882	neutral
3883	entailment
3884	neutral
3885	entailment
3886	neutral
3887	neutral
3888	neutral
3889	entailment
3890	contradiction
3891	neutral
3892	neutral
3893	neutral
3894	entailment
3895	entailment
3896	entailment
3897	neutral
3898	contradiction
3899	contradiction
3900	contradiction
3901	entailment
3902	contradiction
3903	entailment
3904	contradiction
3905	entailment
3906	entailment
3907	neutral
3908	contradiction
3909	entailment
3910	entailment
3911	neutral
3912	neutral
3913	entailment
3914	neutral
3915	contradiction
3916	contradiction
3917	contradiction
3918	contradiction
3919	entailment
3920	contradiction
3921	neutral
3922	entailment
3923	neutral
3924	neutral
3925	neutral
3926	neutral
3927	entailment
3928	entailment
3929	entailment
3930	entailment
3931	neutral
3932	neutral
3933	entailment
3934	neutral
3935	entailment
3936	contradiction
3937	neutral
3938	neutral
3939	neutral
3940	neutral
3941	entailment
3942	entailment
3943	contradiction
3944	entailment
3945	entailment
3946	neutral
3947	neutral
3948	entailment
3949	entailment
3950	entailment
3951	entailment
3952	neutral
3953	neutral
3954	entailment
3955	neutral
3956	neutral
3957	neutral
3958	neutral
3959	contradiction
3960	neutral
3961	neutral
3962	entailment
3963	neutral
3964	contradiction
3965	contradiction
3966	contradiction
3967	entailment
3968	entailment
3969	neutral
3970	entailment
3971	contradiction
3972	entailment
3973	neutral
3974	neutral
3975	entailment
3976	neutral
3977	contradiction
3978	neutral
3979	neutral
3980	contradiction
3981	contradiction
3982	neutral
3983	neutral
3984	neutral
3985	entailment
3986	entailment
3987	neutral
3988	contradiction
3989	contradiction
3990	neutral
3991	neutral
3992	contradiction
3993	neutral
3994	entailment
3995	contradiction
3996	contradiction
3997	contradiction
3998	entailment
3999	entailment
4000	entailment
4001	contradiction
4002	entailment
4003	entailment
4004	entailment
4005	entailment
4006	entailment
4007	entailment
4008	entailment
4009	neutral
4010	entailment
4011	entailment
4012	contradiction
4013	contradiction
4014	neutral
4015	contradiction
4016	neutral
4017	entailment
4018	contradiction
4019	contradiction
4020	neutral
4021	contradiction
4022	entailment
4023	neutral
4024	entailment
4025	contradiction
4026	entailment
4027	contradiction
4028	entailment
4029	contradiction
4030	neutral
4031	contradiction
4032	contradiction
4033	entailment
4034	contradiction
4035	neutral
4036	entailment
4037	entailment
4038	entailment
4039	entailment
4040	contradiction
4041	neutral
4042	entailment
4043	entailment
4044	contradiction
4045	neutral
4046	contradiction
4047	neutral
4048	neutral
4049	neutral
4050	contradiction
4051	neutral
4052	entailment
4053	contradiction
4054	contradiction
4055	contradiction
4056	neutral
4057	contradiction
4058	entailment
4059	neutral
4060	entailment
4061	entailment
4062	neutral
4063	contradiction
4064	contradiction
4065	entailment
4066	neutral
4067	contradiction
4068	contradiction
4069	entailment
4070	contradiction
4071	neutral
4072	neutral
4073	neutral
4074	contradiction
4075	contradiction
4076	neutral
4077	neutral
4078	neutral
4079	neutral
4080	contradiction
4081	entailment
4082	entailment
4083	contradiction
4084	neutral
4085	neutral
4086	entailment
4087	contradiction
4088	neutral
4089	contradiction
4090	entailment
4091	neutral
4092	entailment
4093	entailment
4094	contradiction
4095	entailment
4096	neutral
4097	entailment
4098	neutral
4099	contradiction
4100	contradiction
4101	contradiction
4102	neutral
4103	entailment
4104	entailment
4105	contradiction
4106	contradiction
4107	entailment
4108	entailment
4109	entailment
4110	contradiction
4111	contradiction
4112	contradiction
4113	neutral
4114	entailment
4115	entailment
4116	contradiction
4117	contradiction
4118	neutral
4119	contradiction
4120	contradiction
4121	entailment
4122	contradiction
4123	contradiction
4124	contradiction
4125	neutral
4126	entailment
4127	neutral
4128	entailment
4129	contradiction
4130	entailment
4131	entailment
4132	contradiction
4133	entailment
4134	entailment
4135	entailment
4136	entailment
4137	contradiction
4138	entailment
4139	contradiction
4140	contradiction
4141	neutral
4142	contradiction
4143	neutral
4144	contradiction
4145	neutral
4146	neutral
4147	neutral
4148	entailment
4149	contradiction
4150	entailment
4151	entailment
4152	neutral
4153	neutral
4154	neutral
4155	contradiction
4156	entailment
4157	entailment
4158	neutral
4159	neutral
4160	contradiction
4161	entailment
4162	neutral
4163	entailment
4164	contradiction
4165	neutral
4166	entailment
4167	contradiction
4168	neutral
4169	entailment
4170	contradiction
4171	contradiction
4172	neutral
4173	contradiction
4174	contradiction
4175	contradiction
4176	contradiction
4177	contradiction
4178	contradiction
4179	neutral
4180	neutral
4181	contradiction
4182	entailment
4183	neutral
4184	neutral
4185	contradiction
4186	neutral
4187	neutral
4188	entailment
4189	contradiction
4190	entailment
4191	neutral
4192	neutral
4193	entailment
4194	entailment
4195	neutral
4196	neutral
4197	neutral
4198	entailment
4199	contradiction
4200	contradiction
4201	neutral
4202	entailment
4203	contradiction
4204	entailment
4205	neutral
4206	contradiction
4207	contradiction
4208	contradiction
4209	contradiction
4210	contradiction
4211	entailment
4212	contradiction
4213	entailment
4214	entailment
4215	contradiction
4216	contradiction
4217	neutral
4218	entailment
4219	contradiction
4220	entailment
4221	neutral
4222	entailment
4223	neutral
4224	entailment
4225	contradiction
4226	neutral
4227	entailment
4228	neutral
4229	neutral
4230	neutral
4231	neutral
4232	entailment
4233	neutral
4234	contradiction
4235	neutral
4236	neutral
4237	contradiction
4238	contradiction
4239	contradiction
4240	entailment
4241	entailment
4242	contradiction
4243	neutral
4244	contradiction
4245	contradiction
4246	contradiction
4247	neutral
4248	neutral
4249	neutral
4250	entailment
4251	contradiction
4252	entailment
4253	neutral
4254	entailment
4255	neutral
4256	neutral
4257	neutral
4258	entailment
4259	contradiction
4260	neutral
4261	contradiction
4262	entailment
4263	neutral
4264	neutral
4265	neutral
4266	neutral
4267	entailment
4268	contradiction
4269	contradiction
4270	contradiction
4271	entailment
4272	entailment
4273	contradiction
4274	contradiction
4275	neutral
4276	neutral
4277	contradiction
4278	neutral
4279	contradiction
4280	neutral
4281	neutral
4282	entailment
4283	contradiction
4284	entailment
4285	entailment
4286	contradiction
4287	neutral
4288	entailment
4289	entailment
4290	contradiction
4291	contradiction
4292	contradiction
4293	contradiction
4294	neutral
4295	neutral
4296	contradiction
4297	entailment
4298	neutral
4299	contradiction
4300	entailment
4301	contradiction
4302	contradiction
4303	neutral
4304	entailment
4305	contradiction
4306	neutral
4307	contradiction
4308	entailment
4309	neutral
4310	contradiction
4311	contradiction
4312	contradiction
4313	entailment
4314	contradiction
4315	entailment
4316	entailment
4317	entailment
4318	entailment
4319	entailment
4320	entailment
4321	contradiction
4322	contradiction
4323	contradiction
4324	contradiction
4325	contradiction
4326	entailment
4327	contradiction
4328	contradiction
4329	contradiction
4330	entailment
4331	neutral
4332	contradiction
4333	entailment
4334	contradiction
4335	entailment
4336	neutral
4337	entailment
4338	neutral
4339	contradiction
4340	contradiction
4341	neutral
4342	neutral
4343	neutral
4344	neutral
4345	entailment
4346	neutral
4347	neutral
4348	contradiction
4349	neutral
4350	entailment
4351	contradiction
4352	contradiction
4353	contradiction
4354	entailment
4355	contradiction
4356	entailment
4357	entailment
4358	contradiction
4359	neutral
4360	contradiction
4361	contradiction
4362	contradiction
4363	entailment
4364	entailment
4365	entailment
4366	entailment
4367	entailment
4368	neutral
4369	contradiction
4370	neutral
4371	entailment
4372	neutral
4373	contradiction
4374	entailment
4375	contradiction
4376	neutral
4377	entailment
4378	neutral
4379	entailment
4380	neutral
4381	contradiction
4382	neutral
4383	contradiction
4384	contradiction
4385	contradiction
4386	contradiction
4387	neutral
4388	entailment
4389	contradiction
4390	entailment
4391	entailment
4392	contradiction
4393	entailment
4394	contradiction
4395	contradiction
4396	neutral
4397	contradiction
4398	contradiction
4399	neutral
4400	contradiction
4401	contradiction
4402	contradiction
4403	entailment
4404	entailment
4405	contradiction
4406	entailment
4407	neutral
4408	contradiction
4409	entailment
4410	entailment
4411	contradiction
4412	entailment
4413	entailment
4414	neutral
4415	contradiction
4416	neutral
4417	entailment
4418	contradiction
4419	neutral
4420	contradiction
4421	neutral
4422	entailment
4423	contradiction
4424	entailment
4425	entailment
4426	entailment
4427	entailment
4428	neutral
4429	contradiction
4430	neutral
4431	entailment
4432	contradiction
4433	contradiction
4434	entailment
4435	contradiction
4436	neutral
4437	contradiction
4438	entailment
4439	neutral
4440	entailment
4441	entailment
4442	entailment
4443	entailment
4444	contradiction
4445	neutral
4446	contradiction
4447	contradiction
4448	entailment
4449	entailment
4450	entailment
4451	neutral
4452	entailment
4453	contradiction
4454	entailment
4455	neutral
4456	contradiction
4457	neutral
4458	contradiction
4459	entailment
4460	neutral
4461	contradiction
4462	entailment
4463	neutral
4464	contradiction
4465	contradiction
4466	contradiction
4467	entailment
4468	entailment
4469	entailment
4470	contradiction
4471	neutral
4472	neutral
4473	entailment
4474	contradiction
4475	contradiction
4476	contradiction
4477	contradiction
4478	contradiction
4479	neutral
4480	contradiction
4481	entailment
4482	entailment
4483	entailment
4484	entailment
4485	neutral
4486	contradiction
4487	contradiction
4488	neutral
4489	entailment
4490	entailment
4491	contradiction
4492	neutral
4493	neutral
4494	contradiction
4495	entailment
4496	entailment
4497	entailment
4498	contradiction
4499	contradiction
4500	entailment
4501	neutral
4502	contradiction
4503	entailment
4504	entailment
4505	entailment
4506	neutral
4507	entailment
4508	contradiction
4509	neutral
4510	contradiction
4511	contradiction
4512	entailment
4513	entailment
4514	neutral
4515	entailment
4516	entailment
4517	contradiction
4518	entailment
4519	neutral
4520	contradiction
4521	contradiction
4522	entailment
4523	neutral
4524	neutral
4525	entailment
4526	contradiction
4527	entailment
4528	neutral
4529	neutral
4530	contradiction
4531	entailment
4532	neutral
4533	contradiction
4534	entailment
4535	entailment
4536	contradiction
4537	contradiction
4538	contradiction
4539	contradiction
4540	contradiction
4541	contradiction
4542	neutral
4543	contradiction
4544	entailment
4545	contradiction
4546	neutral
4547	entailment
4548	contradiction
4549	neutral
4550	neutral
4551	entailment
4552	contradiction
4553	neutral
4554	contradiction
4555	neutral
4556	contradiction
4557	neutral
4558	neutral
4559	contradiction
4560	entailment
4561	neutral
4562	contradiction
4563	entailment
4564	contradiction
4565	entailment
4566	entailment
4567	entailment
4568	contradiction
4569	contradiction
4570	entailment
4571	contradiction
4572	contradiction
4573	neutral
4574	entailment
4575	entailment
4576	contradiction
4577	entailment
4578	neutral
4579	entailment
4580	contradiction
4581	contradiction
4582	neutral
4583	contradiction
4584	contradiction
4585	entailment
4586	neutral
4587	neutral
4588	contradiction
4589	entailment
4590	contradiction
4591	contradiction
4592	entailment
4593	entailment
4594	contradiction
4595	neutral
4596	contradiction
4597	entailment
4598	contradiction
4599	contradiction
4600	contradiction
4601	contradiction
4602	contradiction
4603	contradiction
4604	contradiction
4605	contradiction
4606	contradiction
4607	neutral
4608	neutral
4609	entailment
4610	contradiction
4611	neutral
4612	contradiction
4613	contradiction
4614	contradiction
4615	entailment
4616	contradiction
4617	entailment
4618	neutral
4619	contradiction
4620	contradiction
4621	entailment
4622	contradiction
4623	entailment
4624	neutral
4625	entailment
4626	contradiction
4627	neutral
4628	entailment
4629	entailment
4630	contradiction
4631	entailment
4632	entailment
4633	contradiction
4634	neutral
4635	contradiction
4636	contradiction
4637	contradiction
4638	contradiction
4639	neutral
4640	neutral
4641	contradiction
4642	contradiction
4643	contradiction
4644	neutral
4645	entailment
4646	contradiction
4647	neutral
4648	contradiction
4649	neutral
4650	entailment
4651	contradiction
4652	entailment
4653	entailment
4654	entailment
4655	entailment
4656	contradiction
4657	neutral
4658	neutral
4659	contradiction
4660	entailment
4661	neutral
4662	entailment
4663	contradiction
4664	contradiction
4665	entailment
4666	neutral
4667	entailment
4668	entailment
4669	entailment
4670	neutral
4671	entailment
4672	neutral
4673	entailment
4674	neutral
4675	neutral
4676	entailment
4677	contradiction
4678	neutral
4679	contradiction
4680	entailment
4681	contradiction
4682	entailment
4683	contradiction
4684	neutral
4685	entailment
4686	contradiction
4687	entailment
4688	contradiction
4689	neutral
4690	entailment
4691	contradiction
4692	entailment
4693	contradiction
4694	entailment
4695	neutral
4696	neutral
4697	contradiction
4698	contradiction
4699	contradiction
4700	entailment
4701	entailment
4702	contradiction
4703	contradiction
4704	entailment
4705	neutral
4706	entailment
4707	entailment
4708	entailment
4709	contradiction
4710	contradiction
4711	contradiction
4712	entailment
4713	neutral
4714	neutral
4715	neutral
4716	entailment
4717	entailment
4718	contradiction
4719	entailment
4720	contradiction
4721	neutral
4722	entailment
4723	entailment
4724	entailment
4725	entailment
4726	contradiction
4727	contradiction
4728	contradiction
4729	entailment
4730	contradiction
4731	contradiction
4732	neutral
4733	neutral
4734	neutral
4735	neutral
4736	neutral
4737	entailment
4738	entailment
4739	neutral
4740	neutral
4741	neutral
4742	entailment
4743	neutral
4744	entailment
4745	contradiction
4746	contradiction
4747	entailment
4748	contradiction
4749	neutral
4750	neutral
4751	entailment
4752	neutral
4753	neutral
4754	entailment
4755	contradiction
4756	entailment
4757	entailment
4758	neutral
4759	neutral
4760	contradiction
4761	contradiction
4762	entailment
4763	neutral
4764	contradiction
4765	neutral
4766	entailment
4767	contradiction
4768	entailment
4769	neutral
4770	contradiction
4771	contradiction
4772	contradiction
4773	neutral
4774	contradiction
4775	neutral
4776	entailment
4777	neutral
4778	neutral
4779	entailment
4780	entailment
4781	contradiction
4782	neutral
4783	neutral
4784	contradiction
4785	neutral
4786	neutral
4787	neutral
4788	entailment
4789	entailment
4790	contradiction
4791	contradiction
4792	contradiction
4793	entailment
4794	entailment
4795	neutral
4796	contradiction
4797	contradiction
4798	entailment
4799	entailment
4800	entailment
4801	neutral
4802	contradiction
4803	contradiction
4804	contradiction
4805	neutral
4806	neutral
4807	contradiction
4808	entailment
4809	neutral
4810	contradiction
4811	entailment
4812	contradiction
4813	contradiction
4814	neutral
4815	neutral
4816	neutral
4817	entailment
4818	neutral
4819	contradiction
4820	neutral
4821	neutral
4822	entailment
4823	entailment
4824	contradiction
4825	entailment
4826	contradiction
4827	entailment
4828	contradiction
4829	entailment
4830	entailment
4831	contradiction
4832	entailment
4833	entailment
4834	entailment
4835	entailment
4836	contradiction
4837	neutral
4838	entailment
4839	contradiction
4840	neutral
4841	contradiction
4842	contradiction
4843	contradiction
4844	entailment
4845	neutral
4846	contradiction
4847	neutral
4848	contradiction
4849	entailment
4850	contradiction
4851	contradiction
4852	neutral
4853	contradiction
4854	contradiction
4855	entailment
4856	entailment
4857	contradiction
4858	neutral
4859	neutral
4860	neutral
4861	entailment
4862	contradiction
4863	contradiction
4864	neutral
4865	entailment
4866	contradiction
4867	entailment
4868	entailment
4869	neutral
4870	entailment
4871	entailment
4872	contradiction
4873	contradiction
4874	neutral
4875	entailment
4876	contradiction
4877	neutral
4878	entailment
4879	contradiction
4880	neutral
4881	entailment
4882	entailment
4883	contradiction
4884	neutral
4885	entailment
4886	entailment
4887	entailment
4888	neutral
4889	entailment
4890	entailment
4891	contradiction
4892	contradiction
4893	entailment
4894	contradiction
4895	neutral
4896	contradiction
4897	neutral
4898	neutral
4899	neutral
4900	entailment
4901	neutral
4902	neutral
4903	contradiction
4904	contradiction
4905	contradiction
4906	entailment
4907	contradiction
4908	entailment
4909	neutral
4910	neutral
4911	neutral
4912	contradiction
4913	contradiction
4914	contradiction
4915	neutral
4916	contradiction
4917	entailment
4918	contradiction
4919	entailment
4920	entailment
4921	neutral
4922	contradiction
4923	contradiction
4924	neutral
4925	entailment
4926	neutral
4927	entailment
4928	contradiction
4929	entailment
4930	entailment
4931	neutral
4932	contradiction
4933	contradiction
4934	neutral
4935	neutral
4936	contradiction
4937	entailment
4938	neutral
4939	contradiction
4940	neutral
4941	neutral
4942	contradiction
4943	entailment
4944	contradiction
4945	entailment
4946	neutral
4947	contradiction
4948	contradiction
4949	contradiction
4950	contradiction
4951	neutral
4952	contradiction
4953	entailment
4954	neutral
4955	contradiction
4956	neutral
4957	contradiction
4958	entailment
4959	neutral
4960	contradiction
4961	neutral
4962	neutral
4963	contradiction
4964	neutral
4965	entailment
4966	contradiction
4967	entailment
4968	entailment
4969	neutral
4970	neutral
4971	contradiction
4972	contradiction
4973	neutral
4974	neutral
4975	entailment
4976	contradiction
4977	entailment
4978	contradiction
4979	contradiction
4980	entailment
4981	entailment
4982	contradiction
4983	entailment
4984	contradiction
4985	entailment
4986	contradiction
4987	entailment
4988	contradiction
4989	contradiction
4990	neutral
4991	neutral
4992	neutral
4993	entailment
4994	entailment
4995	entailment
4996	entailment
4997	contradiction
4998	contradiction
4999	contradiction
5000	contradiction
5001	entailment
5002	neutral
5003	entailment
5004	entailment
5005	contradiction
5006	neutral
5007	neutral
5008	contradiction
5009	neutral
5010	entailment
5011	entailment
5012	neutral
5013	neutral
5014	entailment
5015	neutral
5016	neutral
5017	entailment
5018	neutral
5019	contradiction
5020	contradiction
5021	contradiction
5022	contradiction
5023	contradiction
5024	neutral
5025	entailment
5026	neutral
5027	contradiction
5028	contradiction
5029	neutral
5030	neutral
5031	entailment
5032	entailment
5033	contradiction
5034	neutral
5035	neutral
5036	neutral
5037	neutral
5038	entailment
5039	contradiction
5040	neutral
5041	entailment
5042	contradiction
5043	entailment
5044	entailment
5045	entailment
5046	contradiction
5047	entailment
5048	contradiction
5049	contradiction
5050	neutral
5051	entailment
5052	contradiction
5053	entailment
5054	neutral
5055	contradiction
5056	contradiction
5057	entailment
5058	entailment
5059	neutral
5060	entailment
5061	contradiction
5062	entailment
5063	contradiction
5064	neutral
5065	entailment
5066	neutral
5067	contradiction
5068	neutral
5069	contradiction
5070	contradiction
5071	contradiction
5072	contradiction
5073	neutral
5074	neutral
5075	contradiction
5076	entailment
5077	entailment
5078	contradiction
5079	entailment
5080	contradiction
5081	entailment
5082	entailment
5083	contradiction
5084	entailment
5085	neutral
5086	contradiction
5087	contradiction
5088	entailment
5089	contradiction
5090	neutral
5091	neutral
5092	neutral
5093	neutral
5094	neutral
5095	entailment
5096	contradiction
5097	contradiction
5098	entailment
5099	contradiction
5100	neutral
5101	contradiction
5102	entailment
5103	entailment
5104	contradiction
5105	neutral
5106	entailment
5107	neutral
5108	neutral
5109	entailment
5110	neutral
5111	entailment
5112	neutral
5113	entailment
5114	contradiction
5115	entailment
5116	neutral
5117	contradiction
5118	entailment
5119	contradiction
5120	contradiction
5121	neutral
5122	entailment
5123	entailment
5124	entailment
5125	entailment
5126	contradiction
5127	entailment
5128	neutral
5129	neutral
5130	entailment
5131	entailment
5132	neutral
5133	entailment
5134	entailment
5135	neutral
5136	entailment
5137	contradiction
5138	contradiction
5139	neutral
5140	contradiction
5141	neutral
5142	contradiction
5143	entailment
5144	neutral
5145	contradiction
5146	neutral
5147	contradiction
5148	entailment
5149	contradiction
5150	contradiction
5151	neutral
5152	neutral
5153	neutral
5154	entailment
5155	contradiction
5156	entailment
5157	neutral
5158	contradiction
5159	neutral
5160	contradiction
5161	entailment
5162	entailment
5163	neutral
5164	contradiction
5165	contradiction
5166	entailment
5167	entailment
5168	entailment
5169	entailment
5170	contradiction
5171	entailment
5172	contradiction
5173	entailment
5174	neutral
5175	contradiction
5176	neutral
5177	entailment
5178	entailment
5179	contradiction
5180	entailment
5181	contradiction
5182	entailment
5183	entailment
5184	contradiction
5185	contradiction
5186	neutral
5187	contradiction
5188	neutral
5189	contradiction
5190	contradiction
5191	entailment
5192	neutral
5193	entailment
5194	contradiction
5195	contradiction
5196	neutral
5197	contradiction
5198	entailment
5199	contradiction
5200	neutral
5201	contradiction
5202	contradiction
5203	contradiction
5204	entailment
5205	contradiction
5206	entailment
5207	contradiction
5208	entailment
5209	contradiction
5210	neutral
5211	neutral
5212	contradiction
5213	neutral
5214	entailment
5215	contradiction
5216	contradiction
5217	contradiction
5218	entailment
5219	contradiction
5220	contradiction
5221	contradiction
5222	entailment
5223	contradiction
5224	entailment
5225	neutral
5226	contradiction
5227	contradiction
5228	neutral
5229	contradiction
5230	neutral
5231	entailment
5232	entailment
5233	entailment
5234	contradiction
5235	contradiction
5236	contradiction
5237	contradiction
5238	neutral
5239	contradiction
5240	neutral
5241	entailment
5242	contradiction
5243	contradiction
5244	entailment
5245	entailment
5246	neutral
5247	contradiction
5248	entailment
5249	neutral
5250	contradiction
5251	entailment
5252	entailment
5253	neutral
5254	entailment
5255	entailment
5256	entailment
5257	neutral
5258	contradiction
5259	entailment
5260	contradiction
5261	entailment
5262	entailment
5263	neutral
5264	entailment
5265	contradiction
5266	contradiction
5267	entailment
5268	entailment
5269	contradiction
5270	entailment
5271	contradiction
5272	entailment
5273	entailment
5274	contradiction
5275	contradiction
5276	entailment
5277	entailment
5278	neutral
5279	neutral
5280	neutral
5281	contradiction
5282	contradiction
5283	neutral
5284	contradiction
5285	neutral
5286	contradiction
5287	neutral
5288	neutral
5289	neutral
5290	neutral
5291	entailment
5292	entailment
5293	entailment
5294	neutral
5295	entailment
5296	neutral
5297	entailment
5298	neutral
5299	contradiction
5300	entailment
5301	entailment
5302	entailment
5303	contradiction
5304	neutral
5305	contradiction
5306	entailment
5307	entailment
5308	entailment
5309	neutral
5310	neutral
5311	neutral
5312	contradiction
5313	contradiction
5314	contradiction
5315	neutral
5316	neutral
5317	contradiction
5318	entailment
5319	entailment
5320	entailment
5321	entailment
5322	contradiction
5323	entailment
5324	contradiction
5325	entailment
5326	entailment
5327	neutral
5328	entailment
5329	contradiction
5330	entailment
5331	entailment
5332	contradiction
5333	entailment
5334	entailment
5335	entailment
5336	entailment
5337	entailment
5338	neutral
5339	contradiction
5340	contradiction
5341	neutral
5342	neutral
5343	entailment
5344	entailment
5345	contradiction
5346	contradiction
5347	contradiction
5348	contradiction
5349	entailment
5350	neutral
5351	contradiction
5352	contradiction
5353	contradiction
5354	contradiction
5355	neutral
5356	entailment
5357	entailment
5358	contradiction
5359	neutral
5360	neutral
5361	neutral
5362	neutral
5363	contradiction
5364	neutral
5365	neutral
5366	neutral
5367	contradiction
5368	contradiction
5369	contradiction
5370	contradiction
5371	neutral
5372	neutral
5373	entailment
5374	entailment
5375	contradiction
5376	neutral
5377	contradiction
5378	neutral
5379	contradiction
5380	contradiction
5381	neutral
5382	contradiction
5383	contradiction
5384	contradiction
5385	entailment
5386	neutral
5387	contradiction
5388	contradiction
5389	entailment
5390	contradiction
5391	neutral
5392	entailment
5393	contradiction
5394	contradiction
5395	contradiction
5396	contradiction
5397	neutral
5398	contradiction
5399	neutral
5400	contradiction
5401	entailment
5402	contradiction
5403	contradiction
5404	entailment
5405	entailment
5406	entailment
5407	contradiction
5408	contradiction
5409	contradiction
5410	neutral
5411	neutral
5412	contradiction
5413	neutral
5414	contradiction
5415	contradiction
5416	contradiction
5417	contradiction
5418	neutral
5419	neutral
5420	entailment
5421	neutral
5422	neutral
5423	contradiction
5424	contradiction
5425	contradiction
5426	entailment
5427	neutral
5428	neutral
5429	entailment
5430	entailment
5431	contradiction
5432	neutral
5433	neutral
5434	neutral
5435	contradiction
5436	neutral
5437	contradiction
5438	entailment
5439	contradiction
5440	contradiction
5441	entailment
5442	contradiction
5443	entailment
5444	contradiction
5445	contradiction
5446	neutral
5447	entailment
5448	contradiction
5449	contradiction
5450	contradiction
5451	entailment
5452	neutral
5453	entailment
5454	contradiction
5455	entailment
5456	entailment
5457	entailment
5458	contradiction
5459	entailment
5460	contradiction
5461	contradiction
5462	entailment
5463	entailment
5464	entailment
5465	neutral
5466	entailment
5467	contradiction
5468	contradiction
5469	contradiction
5470	entailment
5471	contradiction
5472	entailment
5473	neutral
5474	neutral
5475	contradiction
5476	neutral
5477	neutral
5478	entailment
5479	entailment
5480	neutral
5481	neutral
5482	entailment
5483	neutral
5484	entailment
5485	neutral
5486	entailment
5487	neutral
5488	entailment
5489	entailment
5490	entailment
5491	contradiction
5492	neutral
5493	neutral
5494	neutral
5495	contradiction
5496	neutral
5497	contradiction
5498	neutral
5499	contradiction
5500	contradiction
5501	neutral
5502	neutral
5503	contradiction
5504	contradiction
5505	neutral
5506	contradiction
5507	neutral
5508	entailment
5509	neutral
5510	entailment
5511	contradiction
5512	entailment
5513	neutral
5514	neutral
5515	neutral
5516	contradiction
5517	entailment
5518	entailment
5519	contradiction
5520	contradiction
5521	entailment
5522	contradiction
5523	neutral
5524	entailment
5525	contradiction
5526	contradiction
5527	entailment
5528	neutral
5529	entailment
5530	neutral
5531	contradiction
5532	neutral
5533	entailment
5534	contradiction
5535	neutral
5536	contradiction
5537	neutral
5538	neutral
5539	entailment
5540	neutral
5541	neutral
5542	neutral
5543	entailment
5544	entailment
5545	contradiction
5546	neutral
5547	neutral
5548	entailment
5549	entailment
5550	contradiction
5551	neutral
5552	contradiction
5553	entailment
5554	entailment
5555	neutral
5556	neutral
5557	neutral
5558	entailment
5559	contradiction
5560	entailment
5561	entailment
5562	entailment
5563	entailment
5564	entailment
5565	neutral
5566	entailment
5567	neutral
5568	entailment
5569	contradiction
5570	neutral
5571	contradiction
5572	neutral
5573	entailment
5574	entailment
5575	entailment
5576	entailment
5577	entailment
5578	contradiction
5579	contradiction
5580	neutral
5581	contradiction
5582	contradiction
5583	contradiction
5584	neutral
5585	contradiction
5586	neutral
5587	contradiction
5588	neutral
5589	neutral
5590	entailment
5591	entailment
5592	entailment
5593	contradiction
5594	entailment
5595	neutral
5596	entailment
5597	entailment
5598	entailment
5599	neutral
5600	entailment
5601	contradiction
5602	entailment
5603	contradiction
5604	contradiction
5605	neutral
5606	contradiction
5607	neutral
5608	contradiction
5609	entailment
5610	contradiction
5611	entailment
5612	contradiction
5613	neutral
5614	entailment
5615	contradiction
5616	neutral
5617	neutral
5618	neutral
5619	contradiction
5620	entailment
5621	entailment
5622	contradiction
5623	contradiction
5624	contradiction
5625	contradiction
5626	entailment
5627	contradiction
5628	neutral
5629	contradiction
5630	entailment
5631	entailment
5632	contradiction
5633	contradiction
5634	entailment
5635	entailment
5636	entailment
5637	contradiction
5638	contradiction
5639	entailment
5640	contradiction
5641	neutral
5642	contradiction
5643	entailment
5644	contradiction
5645	entailment
5646	contradiction
5647	entailment
5648	neutral
5649	entailment
5650	neutral
5651	neutral
5652	contradiction
5653	neutral
5654	entailment
5655	entailment
5656	entailment
5657	neutral
5658	contradiction
5659	entailment
5660	contradiction
5661	entailment
5662	contradiction
5663	entailment
5664	neutral
5665	entailment
5666	entailment
5667	neutral
5668	neutral
5669	neutral
5670	neutral
5671	entailment
5672	contradiction
5673	contradiction
5674	entailment
5675	entailment
5676	entailment
5677	neutral
5678	contradiction
5679	entailment
5680	neutral
5681	neutral
5682	contradiction
5683	contradiction
5684	neutral
5685	entailment
5686	contradiction
5687	entailment
5688	entailment
5689	contradiction
5690	entailment
5691	entailment
5692	neutral
5693	contradiction
5694	entailment
5695	entailment
5696	neutral
5697	neutral
5698	entailment
5699	neutral
5700	entailment
5701	contradiction
5702	neutral
5703	entailment
5704	neutral
5705	neutral
5706	neutral
5707	neutral
5708	contradiction
5709	entailment
5710	entailment
5711	neutral
5712	contradiction
5713	neutral
5714	entailment
5715	contradiction
5716	entailment
5717	entailment
5718	contradiction
5719	entailment
5720	entailment
5721	entailment
5722	entailment
5723	neutral
5724	neutral
5725	contradiction
5726	contradiction
5727	contradiction
5728	neutral
5729	entailment
5730	neutral
5731	contradiction
5732	neutral
5733	neutral
5734	entailment
5735	neutral
5736	entailment
5737	neutral
5738	contradiction
5739	contradiction
5740	entailment
5741	contradiction
5742	contradiction
5743	neutral
5744	neutral
5745	entailment
5746	contradiction
5747	entailment
5748	neutral
5749	entailment
5750	entailment
5751	entailment
5752	contradiction
5753	entailment
5754	neutral
5755	contradiction
5756	neutral
5757	neutral
5758	contradiction
5759	neutral
5760	neutral
5761	neutral
5762	contradiction
5763	entailment
5764	entailment
5765	contradiction
5766	neutral
5767	entailment
5768	entailment
5769	contradiction
5770	contradiction
5771	entailment
5772	neutral
5773	contradiction
5774	contradiction
5775	neutral
5776	neutral
5777	contradiction
5778	entailment
5779	contradiction
5780	contradiction
5781	neutral
5782	contradiction
5783	contradiction
5784	contradiction
5785	entailment
5786	entailment
5787	entailment
5788	neutral
5789	neutral
5790	contradiction
5791	entailment
5792	entailment
5793	neutral
5794	neutral
5795	neutral
5796	entailment
5797	neutral
5798	entailment
5799	neutral
5800	neutral
5801	entailment
5802	entailment
5803	contradiction
5804	entailment
5805	contradiction
5806	contradiction
5807	entailment
5808	neutral
5809	neutral
5810	entailment
5811	contradiction
5812	neutral
5813	neutral
5814	neutral
5815	entailment
5816	neutral
5817	entailment
5818	contradiction
5819	contradiction
5820	contradiction
5821	neutral
5822	entailment
5823	entailment
5824	neutral
5825	entailment
5826	contradiction
5827	contradiction
5828	neutral
5829	contradiction
5830	neutral
5831	entailment
5832	contradiction
5833	contradiction
5834	contradiction
5835	neutral
5836	contradiction
5837	contradiction
5838	contradiction
5839	neutral
5840	entailment
5841	neutral
5842	neutral
5843	contradiction
5844	neutral
5845	contradiction
5846	contradiction
5847	entailment
5848	contradiction
5849	contradiction
5850	entailment
5851	neutral
5852	neutral
5853	entailment
5854	contradiction
5855	contradiction
5856	entailment
5857	neutral
5858	contradiction
5859	contradiction
5860	contradiction
5861	contradiction
5862	contradiction
5863	contradiction
5864	entailment
5865	entailment
5866	contradiction
5867	neutral
5868	neutral
5869	neutral
5870	contradiction
5871	neutral
5872	contradiction
5873	entailment
5874	neutral
5875	entailment
5876	entailment
5877	neutral
5878	entailment
5879	entailment
5880	entailment
5881	entailment
5882	neutral
5883	entailment
5884	entailment
5885	entailment
5886	neutral
5887	entailment
5888	entailment
5889	neutral
5890	entailment
5891	entailment
5892	neutral
5893	contradiction
5894	contradiction
5895	entailment
5896	contradiction
5897	entailment
5898	neutral
5899	contradiction
5900	entailment
5901	neutral
5902	contradiction
5903	entailment
5904	contradiction
5905	neutral
5906	contradiction
5907	entailment
5908	entailment
5909	entailment
5910	entailment
5911	contradiction
5912	contradiction
5913	contradiction
5914	neutral
5915	contradiction
5916	contradiction
5917	neutral
5918	neutral
5919	contradiction
5920	entailment
5921	neutral
5922	neutral
5923	neutral
5924	entailment
5925	entailment
5926	contradiction
5927	contradiction
5928	neutral
5929	neutral
5930	neutral
5931	entailment
5932	entailment
5933	entailment
5934	neutral
5935	neutral
5936	neutral
5937	entailment
5938	contradiction
5939	neutral
5940	contradiction
5941	entailment
5942	contradiction
5943	contradiction
5944	neutral
5945	entailment
5946	contradiction
5947	entailment
5948	neutral
5949	neutral
5950	entailment
5951	neutral
5952	entailment
5953	neutral
5954	contradiction
5955	entailment
5956	neutral
5957	neutral
5958	contradiction
5959	contradiction
5960	neutral
5961	entailment
5962	contradiction
5963	entailment
5964	neutral
5965	entailment
5966	entailment
5967	entailment
5968	entailment
5969	neutral
5970	entailment
5971	entailment
5972	neutral
5973	neutral
5974	contradiction
5975	neutral
5976	contradiction
5977	neutral
5978	neutral
5979	entailment
5980	neutral
5981	entailment
5982	entailment
5983	neutral
5984	neutral
5985	neutral
5986	entailment
5987	entailment
5988	entailment
5989	neutral
5990	neutral
5991	neutral
5992	entailment
5993	entailment
5994	entailment
5995	entailment
5996	neutral
5997	neutral
5998	entailment
5999	contradiction
6000	contradiction
6001	neutral
6002	neutral
6003	contradiction
6004	contradiction
6005	neutral
6006	contradiction
6007	entailment
6008	contradiction
6009	contradiction
6010	neutral
6011	contradiction
6012	entailment
6013	neutral
6014	entailment
6015	neutral
6016	entailment
6017	contradiction
6018	contradiction
6019	neutral
6020	neutral
6021	neutral
6022	entailment
6023	contradiction
6024	neutral
6025	contradiction
6026	contradiction
6027	neutral
6028	neutral
6029	entailment
6030	neutral
6031	contradiction
6032	neutral
6033	entailment
6034	contradiction
6035	neutral
6036	entailment
6037	contradiction
6038	contradiction
6039	entailment
6040	contradiction
6041	entailment
6042	entailment
6043	neutral
6044	entailment
6045	contradiction
6046	entailment
6047	neutral
6048	neutral
6049	entailment
6050	entailment
6051	contradiction
6052	entailment
6053	neutral
6054	neutral
6055	neutral
6056	neutral
6057	entailment
6058	entailment
6059	contradiction
6060	entailment
6061	contradiction
6062	entailment
6063	entailment
6064	contradiction
6065	neutral
6066	contradiction
6067	neutral
6068	contradiction
6069	entailment
6070	contradiction
6071	contradiction
6072	neutral
6073	entailment
6074	entailment
6075	contradiction
6076	contradiction
6077	entailment
6078	contradiction
6079	contradiction
6080	neutral
6081	neutral
6082	contradiction
6083	entailment
6084	neutral
6085	entailment
6086	entailment
6087	neutral
6088	entailment
6089	entailment
6090	entailment
6091	neutral
6092	entailment
6093	contradiction
6094	contradiction
6095	entailment
6096	contradiction
6097	neutral
6098	entailment
6099	neutral
6100	entailment
6101	contradiction
6102	neutral
6103	entailment
6104	entailment
6105	contradiction
6106	entailment
6107	entailment
6108	neutral
6109	neutral
6110	contradiction
6111	neutral
6112	contradiction
6113	entailment
6114	contradiction
6115	neutral
6116	contradiction
6117	neutral
6118	neutral
6119	contradiction
6120	neutral
6121	contradiction
6122	contradiction
6123	neutral
6124	contradiction
6125	entailment
6126	neutral
6127	neutral
6128	entailment
6129	neutral
6130	contradiction
6131	neutral
6132	neutral
6133	neutral
6134	contradiction
6135	neutral
6136	entailment
6137	contradiction
6138	contradiction
6139	contradiction
6140	neutral
6141	entailment
6142	contradiction
6143	neutral
6144	entailment
6145	contradiction
6146	neutral
6147	neutral
6148	entailment
6149	entailment
6150	neutral
6151	contradiction
6152	neutral
6153	neutral
6154	contradiction
6155	neutral
6156	contradiction
6157	contradiction
6158	entailment
6159	contradiction
6160	contradiction
6161	contradiction
6162	neutral
6163	contradiction
6164	neutral
6165	contradiction
6166	neutral
6167	contradiction
6168	neutral
6169	neutral
6170	contradiction
6171	contradiction
6172	entailment
6173	entailment
6174	neutral
6175	entailment
6176	entailment
6177	entailment
6178	entailment
6179	neutral
6180	entailment
6181	contradiction
6182	contradiction
6183	neutral
6184	entailment
6185	entailment
6186	entailment
6187	neutral
6188	entailment
6189	contradiction
6190	contradiction
6191	neutral
6192	entailment
6193	entailment
6194	entailment
6195	contradiction
6196	entailment
6197	entailment
6198	entailment
6199	neutral
6200	contradiction
6201	neutral
6202	neutral
6203	contradiction
6204	contradiction
6205	entailment
6206	contradiction
6207	neutral
6208	contradiction
6209	neutral
6210	neutral
6211	contradiction
6212	entailment
6213	entailment
6214	contradiction
6215	contradiction
6216	neutral
6217	contradiction
6218	entailment
6219	contradiction
6220	neutral
6221	contradiction
6222	contradiction
6223	contradiction
6224	contradiction
6225	entailment
6226	neutral
6227	neutral
6228	entailment
6229	contradiction
6230	neutral
6231	entailment
6232	entailment
6233	neutral
6234	entailment
6235	contradiction
6236	neutral
6237	neutral
6238	entailment
6239	contradiction
6240	neutral
6241	contradiction
6242	neutral
6243	neutral
6244	entailment
6245	contradiction
6246	neutral
6247	contradiction
6248	contradiction
6249	neutral
6250	entailment
6251	neutral
6252	contradiction
6253	neutral
6254	neutral
6255	neutral
6256	neutral
6257	entailment
6258	entailment
6259	entailment
6260	neutral
6261	contradiction
6262	contradiction
6263	neutral
6264	entailment
6265	entailment
6266	contradiction
6267	contradiction
6268	entailment
6269	entailment
6270	entailment
6271	entailment
6272	contradiction
6273	entailment
6274	neutral
6275	contradiction
6276	contradiction
6277	contradiction
6278	entailment
6279	entailment
6280	neutral
6281	entailment
6282	contradiction
6283	contradiction
6284	neutral
6285	entailment
6286	neutral
6287	entailment
6288	contradiction
6289	contradiction
6290	contradiction
6291	contradiction
6292	entailment
6293	neutral
6294	entailment
6295	contradiction
6296	neutral
6297	contradiction
6298	contradiction
6299	entailment
6300	entailment
6301	entailment
6302	contradiction
6303	contradiction
6304	neutral
6305	contradiction
6306	neutral
6307	neutral
6308	neutral
6309	entailment
6310	entailment
6311	entailment
6312	contradiction
6313	neutral
6314	contradiction
6315	contradiction
6316	entailment
6317	entailment
6318	entailment
6319	neutral
6320	neutral
6321	neutral
6322	neutral
6323	entailment
6324	neutral
6325	entailment
6326	contradiction
6327	contradiction
6328	neutral
6329	contradiction
6330	contradiction
6331	neutral
6332	contradiction
6333	contradiction
6334	entailment
6335	contradiction
6336	entailment
6337	entailment
6338	entailment
6339	contradiction
6340	contradiction
6341	contradiction
6342	neutral
6343	neutral
6344	contradiction
6345	contradiction
6346	neutral
6347	entailment
6348	contradiction
6349	neutral
6350	contradiction
6351	neutral
6352	entailment
6353	contradiction
6354	entailment
6355	entailment
6356	neutral
6357	contradiction
6358	entailment
6359	contradiction
6360	entailment
6361	contradiction
6362	contradiction
6363	entailment
6364	contradiction
6365	contradiction
6366	contradiction
6367	entailment
6368	contradiction
6369	neutral
6370	contradiction
6371	neutral
6372	entailment
6373	entailment
6374	neutral
6375	entailment
6376	entailment
6377	entailment
6378	contradiction
6379	entailment
6380	neutral
6381	contradiction
6382	contradiction
6383	entailment
6384	neutral
6385	neutral
6386	contradiction
6387	contradiction
6388	entailment
6389	contradiction
6390	contradiction
6391	neutral
6392	neutral
6393	contradiction
6394	contradiction
6395	entailment
6396	contradiction
6397	contradiction
6398	neutral
6399	contradiction
6400	contradiction
6401	entailment
6402	entailment
6403	entailment
6404	entailment
6405	contradiction
6406	entailment
6407	neutral
6408	neutral
6409	neutral
6410	entailment
6411	entailment
6412	contradiction
6413	entailment
6414	contradiction
6415	entailment
6416	neutral
6417	contradiction
6418	contradiction
6419	entailment
6420	entailment
6421	neutral
6422	neutral
6423	neutral
6424	entailment
6425	neutral
6426	contradiction
6427	entailment
6428	entailment
6429	contradiction
6430	neutral
6431	entailment
6432	entailment
6433	contradiction
6434	entailment
6435	entailment
6436	contradiction
6437	entailment
6438	entailment
6439	neutral
6440	contradiction
6441	entailment
6442	neutral
6443	entailment
6444	entailment
6445	contradiction
6446	entailment
6447	entailment
6448	contradiction
6449	contradiction
6450	entailment
6451	neutral
6452	entailment
6453	entailment
6454	neutral
6455	contradiction
6456	entailment
6457	contradiction
6458	entailment
6459	entailment
6460	contradiction
6461	neutral
6462	entailment
6463	contradiction
6464	entailment
6465	neutral
6466	entailment
6467	contradiction
6468	entailment
6469	entailment
6470	neutral
6471	contradiction
6472	neutral
6473	entailment
6474	neutral
6475	entailment
6476	neutral
6477	contradiction
6478	entailment
6479	contradiction
6480	entailment
6481	entailment
6482	contradiction
6483	neutral
6484	entailment
6485	contradiction
6486	entailment
6487	entailment
6488	neutral
6489	neutral
6490	neutral
6491	neutral
6492	entailment
6493	neutral
6494	contradiction
6495	entailment
6496	contradiction
6497	contradiction
6498	contradiction
6499	neutral
6500	neutral
6501	entailment
6502	entailment
6503	neutral
6504	entailment
6505	neutral
6506	contradiction
6507	contradiction
6508	contradiction
6509	entailment
6510	entailment
6511	contradiction
6512	neutral
6513	contradiction
6514	contradiction
6515	neutral
6516	entailment
6517	contradiction
6518	neutral
6519	entailment
6520	contradiction
6521	entailment
6522	entailment
6523	contradiction
6524	entailment
6525	neutral
6526	contradiction
6527	entailment
6528	entailment
6529	contradiction
6530	contradiction
6531	contradiction
6532	contradiction
6533	entailment
6534	neutral
6535	neutral
6536	contradiction
6537	entailment
6538	contradiction
6539	neutral
6540	contradiction
6541	contradiction
6542	entailment
6543	neutral
6544	entailment
6545	entailment
6546	contradiction
6547	entailment
6548	neutral
6549	entailment
6550	contradiction
6551	neutral
6552	contradiction
6553	entailment
6554	contradiction
6555	contradiction
6556	neutral
6557	contradiction
6558	entailment
6559	neutral
6560	entailment
6561	contradiction
6562	contradiction
6563	contradiction
6564	contradiction
6565	entailment
6566	contradiction
6567	contradiction
6568	neutral
6569	contradiction
6570	neutral
6571	contradiction
6572	neutral
6573	entailment
6574	neutral
6575	neutral
6576	neutral
6577	neutral
6578	contradiction
6579	contradiction
6580	entailment
6581	contradiction
6582	contradiction
6583	entailment
6584	contradiction
6585	entailment
6586	neutral
6587	neutral
6588	contradiction
6589	contradiction
6590	entailment
6591	entailment
6592	neutral
6593	contradiction
6594	neutral
6595	neutral
6596	neutral
6597	neutral
6598	neutral
6599	entailment
6600	neutral
6601	contradiction
6602	contradiction
6603	entailment
6604	contradiction
6605	contradiction
6606	contradiction
6607	entailment
6608	neutral
6609	entailment
6610	entailment
6611	neutral
6612	entailment
6613	entailment
6614	neutral
6615	contradiction
6616	neutral
6617	entailment
6618	contradiction
6619	contradiction
6620	entailment
6621	entailment
6622	neutral
6623	contradiction
6624	entailment
6625	contradiction
6626	entailment
6627	contradiction
6628	entailment
6629	entailment
6630	entailment
6631	entailment
6632	contradiction
6633	contradiction
6634	contradiction
6635	entailment
6636	contradiction
6637	entailment
6638	entailment
6639	entailment
6640	contradiction
6641	neutral
6642	entailment
6643	contradiction
6644	contradiction
6645	entailment
6646	contradiction
6647	neutral
6648	neutral
6649	entailment
6650	neutral
6651	entailment
6652	entailment
6653	entailment
6654	contradiction
6655	contradiction
6656	neutral
6657	neutral
6658	entailment
6659	contradiction
6660	contradiction
6661	neutral
6662	entailment
6663	neutral
6664	entailment
6665	entailment
6666	contradiction
6667	contradiction
6668	entailment
6669	neutral
6670	neutral
6671	neutral
6672	contradiction
6673	entailment
6674	neutral
6675	contradiction
6676	neutral
6677	entailment
6678	contradiction
6679	neutral
6680	entailment
6681	contradiction
6682	neutral
6683	neutral
6684	neutral
6685	contradiction
6686	contradiction
6687	neutral
6688	neutral
6689	contradiction
6690	entailment
6691	neutral
6692	contradiction
6693	entailment
6694	entailment
6695	contradiction
6696	entailment
6697	entailment
6698	neutral
6699	contradiction
6700	contradiction
6701	entailment
6702	entailment
6703	entailment
6704	neutral
6705	entailment
6706	neutral
6707	contradiction
6708	contradiction
6709	neutral
6710	contradiction
6711	neutral
6712	contradiction
6713	neutral
6714	entailment
6715	contradiction
6716	neutral
6717	neutral
6718	entailment
6719	entailment
6720	entailment
6721	entailment
6722	contradiction
6723	entailment
6724	entailment
6725	neutral
6726	entailment
6727	neutral
6728	contradiction
6729	contradiction
6730	neutral
6731	neutral
6732	contradiction
6733	neutral
6734	neutral
6735	entailment
6736	entailment
6737	neutral
6738	contradiction
6739	contradiction
6740	entailment
6741	entailment
6742	contradiction
6743	neutral
6744	entailment
6745	entailment
6746	contradiction
6747	contradiction
6748	entailment
6749	contradiction
6750	contradiction
6751	entailment
6752	entailment
6753	contradiction
6754	neutral
6755	contradiction
6756	neutral
6757	neutral
6758	contradiction
6759	entailment
6760	entailment
6761	entailment
6762	entailment
6763	contradiction
6764	contradiction
6765	neutral
6766	neutral
6767	neutral
6768	contradiction
6769	neutral
6770	neutral
6771	contradiction
6772	contradiction
6773	neutral
6774	contradiction
6775	entailment
6776	entailment
6777	contradiction
6778	entailment
6779	entailment
6780	entailment
6781	contradiction
6782	entailment
6783	entailment
6784	contradiction
6785	entailment
6786	neutral
6787	neutral
6788	contradiction
6789	contradiction
6790	neutral
6791	neutral
6792	neutral
6793	contradiction
6794	entailment
6795	entailment
6796	entailment
6797	neutral
6798	contradiction
6799	contradiction
6800	neutral
6801	entailment
6802	entailment
6803	entailment
6804	neutral
6805	contradiction
6806	neutral
6807	contradiction
6808	entailment
6809	neutral
6810	contradiction
6811	neutral
6812	contradiction
6813	neutral
6814	neutral
6815	contradiction
6816	entailment
6817	entailment
6818	neutral
6819	neutral
6820	neutral
6821	entailment
6822	neutral
6823	entailment
6824	neutral
6825	contradiction
6826	entailment
6827	contradiction
6828	contradiction
6829	contradiction
6830	contradiction
6831	entailment
6832	contradiction
6833	contradiction
6834	contradiction
6835	entailment
6836	contradiction
6837	entailment
6838	entailment
6839	entailment
6840	neutral
6841	neutral
6842	entailment
6843	contradiction
6844	neutral
6845	entailment
6846	entailment
6847	entailment
6848	neutral
6849	neutral
6850	entailment
6851	entailment
6852	entailment
6853	neutral
6854	neutral
6855	contradiction
6856	entailment
6857	contradiction
6858	neutral
6859	contradiction
6860	neutral
6861	entailment
6862	contradiction
6863	entailment
6864	neutral
6865	entailment
6866	neutral
6867	contradiction
6868	entailment
6869	neutral
6870	entailment
6871	contradiction
6872	contradiction
6873	entailment
6874	contradiction
6875	contradiction
6876	contradiction
6877	entailment
6878	contradiction
6879	contradiction
6880	contradiction
6881	neutral
6882	neutral
6883	entailment
6884	contradiction
6885	entailment
6886	contradiction
6887	contradiction
6888	neutral
6889	entailment
6890	neutral
6891	contradiction
6892	entailment
6893	contradiction
6894	entailment
6895	entailment
6896	entailment
6897	contradiction
6898	neutral
6899	contradiction
6900	contradiction
6901	contradiction
6902	neutral
6903	entailment
6904	contradiction
6905	contradiction
6906	neutral
6907	entailment
6908	contradiction
6909	entailment
6910	entailment
6911	contradiction
6912	contradiction
6913	contradiction
6914	entailment
6915	neutral
6916	contradiction
6917	contradiction
6918	entailment
6919	contradiction
6920	contradiction
6921	neutral
6922	neutral
6923	neutral
6924	neutral
6925	neutral
6926	neutral
6927	contradiction
6928	neutral
6929	contradiction
6930	neutral
6931	contradiction
6932	neutral
6933	contradiction
6934	neutral
6935	contradiction
6936	neutral
6937	contradiction
6938	neutral
6939	contradiction
6940	neutral
6941	contradiction
6942	neutral
6943	entailment
6944	entailment
6945	contradiction
6946	neutral
6947	entailment
6948	contradiction
6949	entailment
6950	entailment
6951	neutral
6952	entailment
6953	entailment
6954	contradiction
6955	entailment
6956	contradiction
6957	entailment
6958	entailment
6959	contradiction
6960	neutral
6961	contradiction
6962	contradiction
6963	contradiction
6964	entailment
6965	contradiction
6966	neutral
6967	contradiction
6968	entailment
6969	entailment
6970	contradiction
6971	contradiction
6972	entailment
6973	entailment
6974	contradiction
6975	contradiction
6976	entailment
6977	neutral
6978	entailment
6979	neutral
6980	neutral
6981	contradiction
6982	neutral
6983	entailment
6984	contradiction
6985	neutral
6986	entailment
6987	contradiction
6988	entailment
6989	entailment
6990	contradiction
6991	neutral
6992	entailment
6993	entailment
6994	entailment
6995	contradiction
6996	contradiction
6997	contradiction
6998	entailment
6999	contradiction
7000	neutral
7001	contradiction
7002	contradiction
7003	entailment
7004	entailment
7005	entailment
7006	neutral
7007	neutral
7008	entailment
7009	neutral
7010	neutral
7011	entailment
7012	entailment
7013	contradiction
7014	neutral
7015	neutral
7016	entailment
7017	contradiction
7018	entailment
7019	entailment
7020	contradiction
7021	entailment
7022	entailment
7023	entailment
7024	contradiction
7025	contradiction
7026	contradiction
7027	entailment
7028	neutral
7029	contradiction
7030	entailment
7031	entailment
7032	neutral
7033	neutral
7034	entailment
7035	contradiction
7036	neutral
7037	contradiction
7038	entailment
7039	contradiction
7040	entailment
7041	contradiction
7042	contradiction
7043	neutral
7044	entailment
7045	contradiction
7046	neutral
7047	entailment
7048	entailment
7049	entailment
7050	entailment
7051	contradiction
7052	contradiction
7053	entailment
7054	entailment
7055	neutral
7056	contradiction
7057	contradiction
7058	entailment
7059	contradiction
7060	contradiction
7061	neutral
7062	entailment
7063	contradiction
7064	neutral
7065	entailment
7066	entailment
7067	contradiction
7068	contradiction
7069	neutral
7070	neutral
7071	entailment
7072	contradiction
7073	neutral
7074	entailment
7075	entailment
7076	contradiction
7077	entailment
7078	entailment
7079	contradiction
7080	neutral
7081	contradiction
7082	contradiction
7083	entailment
7084	neutral
7085	neutral
7086	entailment
7087	neutral
7088	neutral
7089	entailment
7090	entailment
7091	contradiction
7092	contradiction
7093	contradiction
7094	neutral
7095	entailment
7096	contradiction
7097	entailment
7098	neutral
7099	neutral
7100	entailment
7101	neutral
7102	neutral
7103	contradiction
7104	entailment
7105	neutral
7106	neutral
7107	entailment
7108	contradiction
7109	contradiction
7110	neutral
7111	entailment
7112	entailment
7113	entailment
7114	contradiction
7115	entailment
7116	entailment
7117	neutral
7118	entailment
7119	entailment
7120	entailment
7121	contradiction
7122	contradiction
7123	contradiction
7124	contradiction
7125	neutral
7126	contradiction
7127	neutral
7128	contradiction
7129	entailment
7130	neutral
7131	contradiction
7132	neutral
7133	contradiction
7134	neutral
7135	neutral
7136	contradiction
7137	contradiction
7138	contradiction
7139	neutral
7140	contradiction
7141	entailment
7142	entailment
7143	neutral
7144	contradiction
7145	entailment
7146	entailment
7147	neutral
7148	contradiction
7149	entailment
7150	neutral
7151	neutral
7152	contradiction
7153	neutral
7154	entailment
7155	contradiction
7156	contradiction
7157	entailment
7158	entailment
7159	contradiction
7160	neutral
7161	contradiction
7162	contradiction
7163	entailment
7164	entailment
7165	contradiction
7166	entailment
7167	contradiction
7168	contradiction
7169	neutral
7170	contradiction
7171	neutral
7172	entailment
7173	neutral
7174	neutral
7175	entailment
7176	neutral
7177	contradiction
7178	neutral
7179	contradiction
7180	entailment
7181	contradiction
7182	neutral
7183	entailment
7184	neutral
7185	contradiction
7186	contradiction
7187	contradiction
7188	neutral
7189	entailment
7190	contradiction
7191	entailment
7192	contradiction
7193	neutral
7194	entailment
7195	neutral
7196	entailment
7197	neutral
7198	contradiction
7199	neutral
7200	contradiction
7201	neutral
7202	contradiction
7203	entailment
7204	contradiction
7205	entailment
7206	neutral
7207	entailment
7208	contradiction
7209	contradiction
7210	neutral
7211	entailment
7212	neutral
7213	neutral
7214	contradiction
7215	entailment
7216	contradiction
7217	contradiction
7218	entailment
7219	contradiction
7220	entailment
7221	contradiction
7222	entailment
7223	contradiction
7224	entailment
7225	entailment
7226	contradiction
7227	neutral
7228	neutral
7229	neutral
7230	entailment
7231	neutral
7232	entailment
7233	entailment
7234	neutral
7235	contradiction
7236	entailment
7237	entailment
7238	neutral
7239	entailment
7240	contradiction
7241	contradiction
7242	contradiction
7243	contradiction
7244	contradiction
7245	contradiction
7246	contradiction
7247	contradiction
7248	neutral
7249	entailment
7250	contradiction
7251	neutral
7252	contradiction
7253	neutral
7254	neutral
7255	contradiction
7256	contradiction
7257	neutral
7258	neutral
7259	contradiction
7260	entailment
7261	contradiction
7262	neutral
7263	entailment
7264	contradiction
7265	contradiction
7266	neutral
7267	entailment
7268	entailment
7269	neutral
7270	neutral
7271	entailment
7272	neutral
7273	neutral
7274	entailment
7275	neutral
7276	entailment
7277	neutral
7278	contradiction
7279	contradiction
7280	entailment
7281	neutral
7282	contradiction
7283	contradiction
7284	entailment
7285	contradiction
7286	entailment
7287	contradiction
7288	contradiction
7289	neutral
7290	contradiction
7291	contradiction
7292	neutral
7293	entailment
7294	entailment
7295	contradiction
7296	entailment
7297	contradiction
7298	contradiction
7299	neutral
7300	neutral
7301	entailment
7302	neutral
7303	contradiction
7304	neutral
7305	neutral
7306	contradiction
7307	contradiction
7308	contradiction
7309	entailment
7310	entailment
7311	entailment
7312	entailment
7313	neutral
7314	neutral
7315	entailment
7316	entailment
7317	contradiction
7318	entailment
7319	neutral
7320	contradiction
7321	entailment
7322	contradiction
7323	entailment
7324	neutral
7325	contradiction
7326	contradiction
7327	contradiction
7328	neutral
7329	neutral
7330	contradiction
7331	contradiction
7332	contradiction
7333	neutral
7334	neutral
7335	neutral
7336	contradiction
7337	contradiction
7338	neutral
7339	entailment
7340	entailment
7341	entailment
7342	entailment
7343	contradiction
7344	contradiction
7345	neutral
7346	entailment
7347	contradiction
7348	contradiction
7349	contradiction
7350	neutral
7351	entailment
7352	contradiction
7353	neutral
7354	neutral
7355	entailment
7356	contradiction
7357	neutral
7358	contradiction
7359	neutral
7360	neutral
7361	contradiction
7362	entailment
7363	entailment
7364	entailment
7365	neutral
7366	contradiction
7367	contradiction
7368	contradiction
7369	entailment
7370	entailment
7371	neutral
7372	contradiction
7373	neutral
7374	neutral
7375	entailment
7376	neutral
7377	contradiction
7378	contradiction
7379	contradiction
7380	contradiction
7381	contradiction
7382	entailment
7383	neutral
7384	neutral
7385	entailment
7386	entailment
7387	entailment
7388	contradiction
7389	neutral
7390	entailment
7391	contradiction
7392	neutral
7393	neutral
7394	entailment
7395	entailment
7396	entailment
7397	entailment
7398	entailment
7399	neutral
7400	contradiction
7401	entailment
7402	contradiction
7403	entailment
7404	contradiction
7405	entailment
7406	contradiction
7407	neutral
7408	neutral
7409	contradiction
7410	contradiction
7411	neutral
7412	contradiction
7413	entailment
7414	contradiction
7415	contradiction
7416	neutral
7417	contradiction
7418	entailment
7419	entailment
7420	contradiction
7421	contradiction
7422	contradiction
7423	neutral
7424	contradiction
7425	entailment
7426	contradiction
7427	entailment
7428	contradiction
7429	contradiction
7430	entailment
7431	entailment
7432	neutral
7433	contradiction
7434	contradiction
7435	contradiction
7436	neutral
7437	contradiction
7438	neutral
7439	contradiction
7440	contradiction
7441	contradiction
7442	contradiction
7443	contradiction
7444	entailment
7445	entailment
7446	entailment
7447	neutral
7448	entailment
7449	contradiction
7450	neutral
7451	entailment
7452	entailment
7453	entailment
7454	contradiction
7455	contradiction
7456	neutral
7457	contradiction
7458	contradiction
7459	entailment
7460	neutral
7461	neutral
7462	contradiction
7463	neutral
7464	contradiction
7465	contradiction
7466	neutral
7467	entailment
7468	entailment
7469	contradiction
7470	contradiction
7471	neutral
7472	contradiction
7473	entailment
7474	neutral
7475	neutral
7476	neutral
7477	neutral
7478	neutral
7479	neutral
7480	contradiction
7481	contradiction
7482	contradiction
7483	contradiction
7484	neutral
7485	neutral
7486	contradiction
7487	contradiction
7488	neutral
7489	entailment
7490	contradiction
7491	contradiction
7492	contradiction
7493	contradiction
7494	entailment
7495	neutral
7496	entailment
7497	neutral
7498	contradiction
7499	entailment
7500	entailment
7501	contradiction
7502	neutral
7503	contradiction
7504	entailment
7505	entailment
7506	contradiction
7507	entailment
7508	entailment
7509	neutral
7510	contradiction
7511	contradiction
7512	entailment
7513	contradiction
7514	entailment
7515	entailment
7516	contradiction
7517	entailment
7518	contradiction
7519	contradiction
7520	neutral
7521	neutral
7522	entailment
7523	entailment
7524	contradiction
7525	contradiction
7526	entailment
7527	entailment
7528	contradiction
7529	neutral
7530	contradiction
7531	neutral
7532	entailment
7533	entailment
7534	entailment
7535	entailment
7536	neutral
7537	neutral
7538	contradiction
7539	neutral
7540	contradiction
7541	neutral
7542	entailment
7543	entailment
7544	contradiction
7545	entailment
7546	neutral
7547	neutral
7548	contradiction
7549	entailment
7550	contradiction
7551	contradiction
7552	contradiction
7553	neutral
7554	contradiction
7555	entailment
7556	entailment
7557	neutral
7558	neutral
7559	neutral
7560	contradiction
7561	neutral
7562	neutral
7563	entailment
7564	contradiction
7565	entailment
7566	neutral
7567	neutral
7568	contradiction
7569	entailment
7570	entailment
7571	entailment
7572	contradiction
7573	entailment
7574	contradiction
7575	contradiction
7576	contradiction
7577	neutral
7578	contradiction
7579	neutral
7580	contradiction
7581	contradiction
7582	neutral
7583	entailment
7584	contradiction
7585	neutral
7586	contradiction
7587	entailment
7588	entailment
7589	contradiction
7590	entailment
7591	neutral
7592	neutral
7593	neutral
7594	neutral
7595	entailment
7596	neutral
7597	contradiction
7598	entailment
7599	contradiction
7600	neutral
7601	entailment
7602	entailment
7603	contradiction
7604	neutral
7605	contradiction
7606	contradiction
7607	contradiction
7608	contradiction
7609	contradiction
7610	contradiction
7611	contradiction
7612	entailment
7613	entailment
7614	contradiction
7615	neutral
7616	entailment
7617	entailment
7618	entailment
7619	contradiction
7620	neutral
7621	neutral
7622	contradiction
7623	neutral
7624	contradiction
7625	neutral
7626	contradiction
7627	neutral
7628	neutral
7629	entailment
7630	contradiction
7631	entailment
7632	neutral
7633	contradiction
7634	contradiction
7635	neutral
7636	contradiction
7637	contradiction
7638	contradiction
7639	neutral
7640	neutral
7641	entailment
7642	neutral
7643	entailment
7644	contradiction
7645	neutral
7646	contradiction
7647	neutral
7648	contradiction
7649	contradiction
7650	contradiction
7651	contradiction
7652	contradiction
7653	entailment
7654	entailment
7655	neutral
7656	entailment
7657	entailment
7658	neutral
7659	neutral
7660	contradiction
7661	neutral
7662	neutral
7663	contradiction
7664	entailment
7665	neutral
7666	contradiction
7667	entailment
7668	neutral
7669	contradiction
7670	entailment
7671	contradiction
7672	contradiction
7673	contradiction
7674	contradiction
7675	neutral
7676	entailment
7677	entailment
7678	entailment
7679	contradiction
7680	entailment
7681	entailment
7682	contradiction
7683	contradiction
7684	contradiction
7685	neutral
7686	entailment
7687	contradiction
7688	contradiction
7689	entailment
7690	contradiction
7691	entailment
7692	entailment
7693	neutral
7694	entailment
7695	neutral
7696	contradiction
7697	contradiction
7698	contradiction
7699	entailment
7700	entailment
7701	contradiction
7702	entailment
7703	contradiction
7704	entailment
7705	entailment
7706	contradiction
7707	neutral
7708	contradiction
7709	entailment
7710	entailment
7711	contradiction
7712	neutral
7713	neutral
7714	contradiction
7715	contradiction
7716	entailment
7717	entailment
7718	contradiction
7719	entailment
7720	entailment
7721	contradiction
7722	contradiction
7723	neutral
7724	contradiction
7725	entailment
7726	contradiction
7727	entailment
7728	contradiction
7729	entailment
7730	contradiction
7731	entailment
7732	contradiction
7733	contradiction
7734	entailment
7735	entailment
7736	neutral
7737	neutral
7738	contradiction
7739	entailment
7740	contradiction
7741	contradiction
7742	entailment
7743	contradiction
7744	neutral
7745	entailment
7746	entailment
7747	entailment
7748	entailment
7749	contradiction
7750	neutral
7751	neutral
7752	entailment
7753	contradiction
7754	neutral
7755	contradiction
7756	neutral
7757	entailment
7758	contradiction
7759	neutral
7760	entailment
7761	neutral
7762	entailment
7763	neutral
7764	contradiction
7765	entailment
7766	entailment
7767	contradiction
7768	entailment
7769	contradiction
7770	contradiction
7771	entailment
7772	entailment
7773	contradiction
7774	contradiction
7775	entailment
7776	entailment
7777	contradiction
7778	contradiction
7779	neutral
7780	neutral
7781	contradiction
7782	neutral
7783	contradiction
7784	neutral
7785	neutral
7786	entailment
7787	contradiction
7788	entailment
7789	neutral
7790	neutral
7791	entailment
7792	neutral
7793	neutral
7794	entailment
7795	entailment
7796	neutral
7797	contradiction
7798	entailment
7799	neutral
7800	contradiction
7801	entailment
7802	neutral
7803	neutral
7804	contradiction
7805	neutral
7806	contradiction
7807	entailment
7808	contradiction
7809	entailment
7810	entailment
7811	contradiction
7812	entailment
7813	neutral
7814	neutral
7815	entailment
7816	contradiction
7817	contradiction
7818	contradiction
7819	neutral
7820	entailment
7821	entailment
7822	entailment
7823	contradiction
7824	entailment
7825	entailment
7826	entailment
7827	contradiction
7828	entailment
7829	entailment
7830	neutral
7831	entailment
7832	contradiction
7833	entailment
7834	entailment
7835	entailment
7836	entailment
7837	neutral
7838	neutral
7839	entailment
7840	contradiction
7841	entailment
7842	contradiction
7843	contradiction
7844	contradiction
7845	entailment
7846	neutral
7847	neutral
7848	contradiction
7849	entailment
7850	entailment
7851	contradiction
7852	entailment
7853	neutral
7854	entailment
7855	contradiction
7856	entailment
7857	entailment
7858	neutral
7859	neutral
7860	contradiction
7861	contradiction
7862	entailment
7863	entailment
7864	neutral
7865	neutral
7866	contradiction
7867	contradiction
7868	neutral
7869	entailment
7870	contradiction
7871	entailment
7872	entailment
7873	neutral
7874	entailment
7875	contradiction
7876	contradiction
7877	neutral
7878	entailment
7879	neutral
7880	contradiction
7881	neutral
7882	contradiction
7883	entailment
7884	neutral
7885	neutral
7886	entailment
7887	entailment
7888	entailment
7889	neutral
7890	entailment
7891	neutral
7892	entailment
7893	neutral
7894	contradiction
7895	contradiction
7896	contradiction
7897	entailment
7898	entailment
7899	entailment
7900	contradiction
7901	entailment
7902	contradiction
7903	neutral
7904	contradiction
7905	contradiction
7906	neutral
7907	neutral
7908	entailment
7909	entailment
7910	contradiction
7911	entailment
7912	contradiction
7913	neutral
7914	neutral
7915	entailment
7916	contradiction
7917	entailment
7918	entailment
7919	contradiction
7920	contradiction
7921	entailment
7922	entailment
7923	contradiction
7924	neutral
7925	neutral
7926	entailment
7927	neutral
7928	entailment
7929	neutral
7930	entailment
7931	entailment
7932	contradiction
7933	entailment
7934	neutral
7935	contradiction
7936	entailment
7937	neutral
7938	entailment
7939	entailment
7940	neutral
7941	entailment
7942	contradiction
7943	contradiction
7944	contradiction
7945	contradiction
7946	neutral
7947	contradiction
7948	contradiction
7949	contradiction
7950	contradiction
7951	contradiction
7952	entailment
7953	neutral
7954	contradiction
7955	contradiction
7956	entailment
7957	entailment
7958	entailment
7959	contradiction
7960	neutral
7961	neutral
7962	neutral
7963	entailment
7964	contradiction
7965	entailment
7966	neutral
7967	neutral
7968	entailment
7969	entailment
7970	contradiction
7971	neutral
7972	entailment
7973	contradiction
7974	entailment
7975	neutral
7976	neutral
7977	contradiction
7978	contradiction
7979	contradiction
7980	contradiction
7981	contradiction
7982	entailment
7983	contradiction
7984	entailment
7985	entailment
7986	entailment
7987	contradiction
7988	contradiction
7989	entailment
7990	entailment
7991	entailment
7992	contradiction
7993	contradiction
7994	neutral
7995	contradiction
7996	entailment
7997	contradiction
7998	contradiction
7999	entailment
8000	neutral
8001	entailment
8002	contradiction
8003	contradiction
8004	entailment
8005	entailment
8006	contradiction
8007	entailment
8008	entailment
8009	contradiction
8010	entailment
8011	neutral
8012	contradiction
8013	entailment
8014	contradiction
8015	neutral
8016	entailment
8017	contradiction
8018	contradiction
8019	contradiction
8020	entailment
8021	entailment
8022	contradiction
8023	neutral
8024	contradiction
8025	contradiction
8026	contradiction
8027	contradiction
8028	neutral
8029	contradiction
8030	contradiction
8031	neutral
8032	contradiction
8033	entailment
8034	entailment
8035	contradiction
8036	contradiction
8037	contradiction
8038	neutral
8039	entailment
8040	contradiction
8041	contradiction
8042	contradiction
8043	contradiction
8044	entailment
8045	contradiction
8046	entailment
8047	entailment
8048	entailment
8049	contradiction
8050	contradiction
8051	neutral
8052	neutral
8053	neutral
8054	contradiction
8055	entailment
8056	entailment
8057	contradiction
8058	contradiction
8059	entailment
8060	neutral
8061	entailment
8062	contradiction
8063	contradiction
8064	contradiction
8065	entailment
8066	entailment
8067	contradiction
8068	contradiction
8069	entailment
8070	contradiction
8071	entailment
8072	contradiction
8073	entailment
8074	contradiction
8075	entailment
8076	contradiction
8077	entailment
8078	entailment
8079	neutral
8080	contradiction
8081	contradiction
8082	entailment
8083	entailment
8084	contradiction
8085	neutral
8086	contradiction
8087	neutral
8088	contradiction
8089	contradiction
8090	contradiction
8091	entailment
8092	contradiction
8093	contradiction
8094	contradiction
8095	contradiction
8096	contradiction
8097	neutral
8098	contradiction
8099	entailment
8100	entailment
8101	contradiction
8102	entailment
8103	neutral
8104	contradiction
8105	entailment
8106	contradiction
8107	contradiction
8108	contradiction
8109	entailment
8110	entailment
8111	entailment
8112	entailment
8113	neutral
8114	neutral
8115	entailment
8116	entailment
8117	contradiction
8118	entailment
8119	entailment
8120	contradiction
8121	contradiction
8122	contradiction
8123	entailment
8124	contradiction
8125	neutral
8126	contradiction
8127	contradiction
8128	entailment
8129	neutral
8130	contradiction
8131	contradiction
8132	neutral
8133	entailment
8134	contradiction
8135	contradiction
8136	neutral
8137	neutral
8138	neutral
8139	neutral
8140	neutral
8141	entailment
8142	contradiction
8143	contradiction
8144	entailment
8145	contradiction
8146	neutral
8147	entailment
8148	contradiction
8149	entailment
8150	contradiction
8151	entailment
8152	entailment
8153	contradiction
8154	contradiction
8155	entailment
8156	entailment
8157	entailment
8158	entailment
8159	entailment
8160	entailment
8161	neutral
8162	entailment
8163	contradiction
8164	contradiction
8165	entailment
8166	contradiction
8167	entailment
8168	neutral
8169	contradiction
8170	contradiction
8171	neutral
8172	contradiction
8173	neutral
8174	neutral
8175	entailment
8176	neutral
8177	contradiction
8178	entailment
8179	contradiction
8180	entailment
8181	entailment
8182	neutral
8183	neutral
8184	contradiction
8185	entailment
8186	neutral
8187	contradiction
8188	entailment
8189	entailment
8190	contradiction
8191	entailment
8192	contradiction
8193	contradiction
8194	contradiction
8195	entailment
8196	contradiction
8197	entailment
8198	entailment
8199	contradiction
8200	entailment
8201	entailment
8202	contradiction
8203	neutral
8204	contradiction
8205	neutral
8206	contradiction
8207	neutral
8208	contradiction
8209	neutral
8210	entailment
8211	neutral
8212	entailment
8213	neutral
8214	neutral
8215	contradiction
8216	entailment
8217	contradiction
8218	entailment
8219	entailment
8220	entailment
8221	contradiction
8222	neutral
8223	contradiction
8224	contradiction
8225	neutral
8226	neutral
8227	contradiction
8228	contradiction
8229	entailment
8230	neutral
8231	entailment
8232	entailment
8233	contradiction
8234	contradiction
8235	entailment
8236	neutral
8237	entailment
8238	neutral
8239	contradiction
8240	neutral
8241	entailment
8242	neutral
8243	contradiction
8244	contradiction
8245	neutral
8246	contradiction
8247	entailment
8248	neutral
8249	entailment
8250	contradiction
8251	neutral
8252	entailment
8253	entailment
8254	neutral
8255	entailment
8256	contradiction
8257	contradiction
8258	neutral
8259	entailment
8260	contradiction
8261	entailment
8262	contradiction
8263	contradiction
8264	neutral
8265	neutral
8266	neutral
8267	entailment
8268	contradiction
8269	entailment
8270	neutral
8271	contradiction
8272	entailment
8273	entailment
8274	neutral
8275	neutral
8276	contradiction
8277	entailment
8278	entailment
8279	contradiction
8280	neutral
8281	contradiction
8282	contradiction
8283	entailment
8284	contradiction
8285	neutral
8286	contradiction
8287	contradiction
8288	contradiction
8289	entailment
8290	contradiction
8291	entailment
8292	neutral
8293	contradiction
8294	neutral
8295	contradiction
8296	neutral
8297	neutral
8298	contradiction
8299	neutral
8300	contradiction
8301	neutral
8302	neutral
8303	neutral
8304	entailment
8305	neutral
8306	entailment
8307	neutral
8308	entailment
8309	entailment
8310	entailment
8311	contradiction
8312	entailment
8313	entailment
8314	neutral
8315	contradiction
8316	neutral
8317	entailment
8318	contradiction
8319	neutral
8320	entailment
8321	entailment
8322	entailment
8323	contradiction
8324	contradiction
8325	neutral
8326	contradiction
8327	contradiction
8328	neutral
8329	contradiction
8330	entailment
8331	entailment
8332	neutral
8333	contradiction
8334	contradiction
8335	contradiction
8336	neutral
8337	neutral
8338	neutral
8339	neutral
8340	contradiction
8341	entailment
8342	neutral
8343	entailment
8344	contradiction
8345	contradiction
8346	contradiction
8347	neutral
8348	contradiction
8349	contradiction
8350	contradiction
8351	entailment
8352	entailment
8353	entailment
8354	neutral
8355	neutral
8356	contradiction
8357	entailment
8358	contradiction
8359	contradiction
8360	contradiction
8361	entailment
8362	neutral
8363	contradiction
8364	contradiction
8365	entailment
8366	neutral
8367	neutral
8368	contradiction
8369	entailment
8370	contradiction
8371	entailment
8372	entailment
8373	entailment
8374	contradiction
8375	entailment
8376	neutral
8377	contradiction
8378	contradiction
8379	neutral
8380	contradiction
8381	contradiction
8382	entailment
8383	contradiction
8384	entailment
8385	entailment
8386	contradiction
8387	entailment
8388	neutral
8389	neutral
8390	entailment
8391	entailment
8392	entailment
8393	entailment
8394	entailment
8395	entailment
8396	neutral
8397	contradiction
8398	contradiction
8399	neutral
8400	entailment
8401	contradiction
8402	neutral
8403	neutral
8404	contradiction
8405	contradiction
8406	contradiction
8407	contradiction
8408	entailment
8409	entailment
8410	neutral
8411	neutral
8412	entailment
8413	contradiction
8414	contradiction
8415	entailment
8416	contradiction
8417	contradiction
8418	entailment
8419	neutral
8420	neutral
8421	neutral
8422	contradiction
8423	entailment
8424	entailment
8425	entailment
8426	contradiction
8427	neutral
8428	contradiction
8429	neutral
8430	contradiction
8431	neutral
8432	entailment
8433	contradiction
8434	entailment
8435	contradiction
8436	entailment
8437	entailment
8438	neutral
8439	contradiction
8440	entailment
8441	entailment
8442	neutral
8443	entailment
8444	contradiction
8445	entailment
8446	entailment
8447	contradiction
8448	entailment
8449	contradiction
8450	neutral
8451	entailment
8452	neutral
8453	contradiction
8454	neutral
8455	entailment
8456	neutral
8457	contradiction
8458	contradiction
8459	neutral
8460	contradiction
8461	entailment
8462	contradiction
8463	contradiction
8464	entailment
8465	entailment
8466	entailment
8467	contradiction
8468	entailment
8469	entailment
8470	contradiction
8471	neutral
8472	entailment
8473	contradiction
8474	entailment
8475	contradiction
8476	contradiction
8477	entailment
8478	contradiction
8479	entailment
8480	contradiction
8481	neutral
8482	entailment
8483	entailment
8484	entailment
8485	entailment
8486	neutral
8487	contradiction
8488	contradiction
8489	neutral
8490	neutral
8491	entailment
8492	contradiction
8493	neutral
8494	contradiction
8495	entailment
8496	contradiction
8497	contradiction
8498	entailment
8499	entailment
8500	entailment
8501	neutral
8502	contradiction
8503	entailment
8504	neutral
8505	neutral
8506	entailment
8507	entailment
8508	contradiction
8509	entailment
8510	contradiction
8511	neutral
8512	neutral
8513	contradiction
8514	neutral
8515	neutral
8516	contradiction
8517	entailment
8518	contradiction
8519	neutral
8520	entailment
8521	entailment
8522	contradiction
8523	entailment
8524	neutral
8525	contradiction
8526	neutral
8527	contradiction
8528	contradiction
8529	neutral
8530	neutral
8531	contradiction
8532	entailment
8533	contradiction
8534	contradiction
8535	neutral
8536	contradiction
8537	contradiction
8538	neutral
8539	contradiction
8540	contradiction
8541	neutral
8542	entailment
8543	contradiction
8544	contradiction
8545	contradiction
8546	entailment
8547	neutral
8548	entailment
8549	contradiction
8550	neutral
8551	contradiction
8552	contradiction
8553	contradiction
8554	neutral
8555	entailment
8556	entailment
8557	entailment
8558	neutral
8559	contradiction
8560	neutral
8561	entailment
8562	contradiction
8563	entailment
8564	neutral
8565	contradiction
8566	contradiction
8567	contradiction
8568	entailment
8569	entailment
8570	contradiction
8571	contradiction
8572	contradiction
8573	contradiction
8574	contradiction
8575	contradiction
8576	neutral
8577	neutral
8578	neutral
8579	neutral
8580	entailment
8581	entailment
8582	contradiction
8583	entailment
8584	contradiction
8585	entailment
8586	contradiction
8587	contradiction
8588	neutral
8589	neutral
8590	contradiction
8591	entailment
8592	neutral
8593	neutral
8594	entailment
8595	entailment
8596	contradiction
8597	contradiction
8598	neutral
8599	neutral
8600	contradiction
8601	contradiction
8602	neutral
8603	contradiction
8604	contradiction
8605	neutral
8606	contradiction
8607	contradiction
8608	neutral
8609	contradiction
8610	contradiction
8611	entailment
8612	contradiction
8613	contradiction
8614	entailment
8615	neutral
8616	contradiction
8617	entailment
8618	neutral
8619	contradiction
8620	neutral
8621	contradiction
8622	entailment
8623	entailment
8624	entailment
8625	contradiction
8626	contradiction
8627	entailment
8628	contradiction
8629	entailment
8630	contradiction
8631	entailment
8632	neutral
8633	neutral
8634	contradiction
8635	neutral
8636	entailment
8637	contradiction
8638	neutral
8639	neutral
8640	neutral
8641	entailment
8642	neutral
8643	neutral
8644	contradiction
8645	neutral
8646	entailment
8647	contradiction
8648	neutral
8649	entailment
8650	contradiction
8651	contradiction
8652	contradiction
8653	contradiction
8654	entailment
8655	contradiction
8656	entailment
8657	contradiction
8658	entailment
8659	contradiction
8660	neutral
8661	contradiction
8662	entailment
8663	neutral
8664	entailment
8665	contradiction
8666	neutral
8667	contradiction
8668	contradiction
8669	neutral
8670	neutral
8671	entailment
8672	neutral
8673	neutral
8674	entailment
8675	entailment
8676	contradiction
8677	neutral
8678	contradiction
8679	entailment
8680	contradiction
8681	entailment
8682	entailment
8683	neutral
8684	neutral
8685	entailment
8686	entailment
8687	neutral
8688	entailment
8689	entailment
8690	contradiction
8691	contradiction
8692	neutral
8693	contradiction
8694	neutral
8695	neutral
8696	contradiction
8697	contradiction
8698	entailment
8699	neutral
8700	contradiction
8701	entailment
8702	neutral
8703	contradiction
8704	neutral
8705	contradiction
8706	contradiction
8707	contradiction
8708	neutral
8709	entailment
8710	neutral
8711	contradiction
8712	neutral
8713	entailment
8714	contradiction
8715	entailment
8716	neutral
8717	contradiction
8718	contradiction
8719	entailment
8720	entailment
8721	neutral
8722	entailment
8723	contradiction
8724	entailment
8725	contradiction
8726	neutral
8727	entailment
8728	entailment
8729	contradiction
8730	entailment
8731	entailment
8732	contradiction
8733	entailment
8734	contradiction
8735	entailment
8736	contradiction
8737	contradiction
8738	contradiction
8739	entailment
8740	entailment
8741	contradiction
8742	contradiction
8743	neutral
8744	contradiction
8745	entailment
8746	neutral
8747	entailment
8748	neutral
8749	entailment
8750	entailment
8751	contradiction
8752	entailment
8753	entailment
8754	contradiction
8755	entailment
8756	entailment
8757	entailment
8758	entailment
8759	neutral
8760	contradiction
8761	contradiction
8762	neutral
8763	entailment
8764	entailment
8765	entailment
8766	neutral
8767	entailment
8768	neutral
8769	contradiction
8770	contradiction
8771	entailment
8772	entailment
8773	entailment
8774	neutral
8775	contradiction
8776	entailment
8777	entailment
8778	contradiction
8779	neutral
8780	entailment
8781	entailment
8782	contradiction
8783	contradiction
8784	neutral
8785	neutral
8786	neutral
8787	entailment
8788	contradiction
8789	neutral
8790	contradiction
8791	contradiction
8792	entailment
8793	entailment
8794	contradiction
8795	neutral
8796	neutral
8797	contradiction
8798	entailment
8799	entailment
8800	entailment
8801	entailment
8802	neutral
8803	entailment
8804	contradiction
8805	entailment
8806	neutral
8807	neutral
8808	entailment
8809	entailment
8810	entailment
8811	neutral
8812	entailment
8813	neutral
8814	entailment
8815	entailment
8816	neutral
8817	entailment
8818	contradiction
8819	contradiction
8820	entailment
8821	neutral
8822	contradiction
8823	contradiction
8824	entailment
8825	neutral
8826	contradiction
8827	contradiction
8828	neutral
8829	entailment
8830	entailment
8831	entailment
8832	contradiction
8833	entailment
8834	neutral
8835	contradiction
8836	contradiction
8837	entailment
8838	contradiction
8839	entailment
8840	neutral
8841	contradiction
8842	entailment
8843	neutral
8844	contradiction
8845	contradiction
8846	entailment
8847	contradiction
8848	entailment
8849	neutral
8850	entailment
8851	entailment
8852	entailment
8853	contradiction
8854	entailment
8855	entailment
8856	contradiction
8857	entailment
8858	contradiction
8859	entailment
8860	neutral
8861	contradiction
8862	neutral
8863	contradiction
8864	contradiction
8865	contradiction
8866	neutral
8867	contradiction
8868	entailment
8869	entailment
8870	entailment
8871	entailment
8872	contradiction
8873	contradiction
8874	entailment
8875	contradiction
8876	neutral
8877	entailment
8878	entailment
8879	entailment
8880	contradiction
8881	contradiction
8882	contradiction
8883	contradiction
8884	contradiction
8885	contradiction
8886	entailment
8887	contradiction
8888	contradiction
8889	entailment
8890	neutral
8891	entailment
8892	entailment
8893	entailment
8894	neutral
8895	entailment
8896	contradiction
8897	entailment
8898	neutral
8899	contradiction
8900	entailment
8901	contradiction
8902	neutral
8903	contradiction
8904	entailment
8905	contradiction
8906	contradiction
8907	neutral
8908	neutral
8909	neutral
8910	neutral
8911	contradiction
8912	neutral
8913	neutral
8914	entailment
8915	neutral
8916	contradiction
8917	contradiction
8918	contradiction
8919	neutral
8920	contradiction
8921	neutral
8922	neutral
8923	contradiction
8924	neutral
8925	contradiction
8926	contradiction
8927	entailment
8928	contradiction
8929	entailment
8930	entailment
8931	entailment
8932	neutral
8933	neutral
8934	contradiction
8935	neutral
8936	entailment
8937	entailment
8938	entailment
8939	contradiction
8940	contradiction
8941	entailment
8942	entailment
8943	contradiction
8944	entailment
8945	neutral
8946	entailment
8947	entailment
8948	contradiction
8949	entailment
8950	contradiction
8951	neutral
8952	entailment
8953	contradiction
8954	contradiction
8955	contradiction
8956	entailment
8957	neutral
8958	entailment
8959	neutral
8960	entailment
8961	entailment
8962	entailment
8963	contradiction
8964	neutral
8965	contradiction
8966	contradiction
8967	entailment
8968	neutral
8969	contradiction
8970	contradiction
8971	contradiction
8972	contradiction
8973	entailment
8974	neutral
8975	contradiction
8976	neutral
8977	neutral
8978	neutral
8979	contradiction
8980	contradiction
8981	neutral
8982	neutral
8983	contradiction
8984	entailment
8985	entailment
8986	neutral
8987	entailment
8988	entailment
8989	entailment
8990	entailment
8991	entailment
8992	contradiction
8993	contradiction
8994	contradiction
8995	contradiction
8996	neutral
8997	contradiction
8998	neutral
8999	neutral
9000	contradiction
9001	contradiction
9002	neutral
9003	entailment
9004	contradiction
9005	neutral
9006	entailment
9007	entailment
9008	neutral
9009	neutral
9010	neutral
9011	contradiction
9012	neutral
9013	contradiction
9014	neutral
9015	neutral
9016	contradiction
9017	entailment
9018	neutral
9019	entailment
9020	neutral
9021	entailment
9022	contradiction
9023	neutral
9024	neutral
9025	contradiction
9026	entailment
9027	entailment
9028	entailment
9029	contradiction
9030	neutral
9031	contradiction
9032	neutral
9033	neutral
9034	contradiction
9035	entailment
9036	contradiction
9037	entailment
9038	contradiction
9039	neutral
9040	neutral
9041	contradiction
9042	entailment
9043	entailment
9044	contradiction
9045	contradiction
9046	entailment
9047	neutral
9048	entailment
9049	entailment
9050	entailment
9051	contradiction
9052	entailment
9053	neutral
9054	neutral
9055	contradiction
9056	neutral
9057	entailment
9058	contradiction
9059	entailment
9060	neutral
9061	contradiction
9062	contradiction
9063	contradiction
9064	contradiction
9065	contradiction
9066	contradiction
9067	entailment
9068	contradiction
9069	entailment
9070	contradiction
9071	entailment
9072	entailment
9073	entailment
9074	contradiction
9075	neutral
9076	neutral
9077	contradiction
9078	contradiction
9079	contradiction
9080	contradiction
9081	neutral
9082	contradiction
9083	entailment
9084	contradiction
9085	neutral
9086	contradiction
9087	contradiction
9088	neutral
9089	neutral
9090	contradiction
9091	contradiction
9092	entailment
9093	contradiction
9094	entailment
9095	contradiction
9096	contradiction
9097	neutral
9098	entailment
9099	contradiction
9100	entailment
9101	entailment
9102	neutral
9103	contradiction
9104	contradiction
9105	contradiction
9106	entailment
9107	contradiction
9108	contradiction
9109	contradiction
9110	contradiction
9111	neutral
9112	entailment
9113	entailment
9114	entailment
9115	neutral
9116	neutral
9117	contradiction
9118	contradiction
9119	contradiction
9120	entailment
9121	entailment
9122	contradiction
9123	entailment
9124	neutral
9125	contradiction
9126	neutral
9127	entailment
9128	neutral
9129	entailment
9130	neutral
9131	entailment
9132	entailment
9133	neutral
9134	neutral
9135	entailment
9136	contradiction
9137	entailment
9138	contradiction
9139	entailment
9140	contradiction
9141	entailment
9142	entailment
9143	entailment
9144	entailment
9145	contradiction
9146	contradiction
9147	neutral
9148	neutral
9149	entailment
9150	contradiction
9151	contradiction
9152	neutral
9153	contradiction
9154	contradiction
9155	neutral
9156	contradiction
9157	neutral
9158	contradiction
9159	neutral
9160	contradiction
9161	neutral
9162	contradiction
9163	contradiction
9164	contradiction
9165	neutral
9166	neutral
9167	neutral
9168	neutral
9169	contradiction
9170	entailment
9171	entailment
9172	contradiction
9173	contradiction
9174	entailment
9175	entailment
9176	contradiction
9177	neutral
9178	contradiction
9179	entailment
9180	entailment
9181	contradiction
9182	entailment
9183	contradiction
9184	contradiction
9185	contradiction
9186	neutral
9187	contradiction
9188	contradiction
9189	contradiction
9190	neutral
9191	contradiction
9192	neutral
9193	neutral
9194	contradiction
9195	neutral
9196	contradiction
9197	entailment
9198	neutral
9199	neutral
9200	entailment
9201	neutral
9202	entailment
9203	contradiction
9204	neutral
9205	entailment
9206	contradiction
9207	contradiction
9208	contradiction
9209	contradiction
9210	contradiction
9211	entailment
9212	neutral
9213	entailment
9214	entailment
9215	neutral
9216	contradiction
9217	contradiction
9218	neutral
9219	entailment
9220	contradiction
9221	entailment
9222	entailment
9223	neutral
9224	contradiction
9225	contradiction
9226	entailment
9227	entailment
9228	neutral
9229	entailment
9230	entailment
9231	neutral
9232	entailment
9233	neutral
9234	entailment
9235	contradiction
9236	neutral
9237	contradiction
9238	entailment
9239	neutral
9240	entailment
9241	entailment
9242	contradiction
9243	contradiction
9244	entailment
9245	neutral
9246	contradiction
9247	neutral
9248	neutral
9249	entailment
9250	entailment
9251	entailment
9252	neutral
9253	contradiction
9254	neutral
9255	contradiction
9256	entailment
9257	entailment
9258	neutral
9259	neutral
9260	contradiction
9261	entailment
9262	neutral
9263	entailment
9264	neutral
9265	contradiction
9266	contradiction
9267	contradiction
9268	entailment
9269	contradiction
9270	neutral
9271	neutral
9272	neutral
9273	contradiction
9274	neutral
9275	contradiction
9276	neutral
9277	entailment
9278	entailment
9279	contradiction
9280	entailment
9281	contradiction
9282	contradiction
9283	contradiction
9284	entailment
9285	entailment
9286	neutral
9287	neutral
9288	entailment
9289	entailment
9290	contradiction
9291	entailment
9292	entailment
9293	contradiction
9294	entailment
9295	entailment
9296	neutral
9297	neutral
9298	contradiction
9299	neutral
9300	neutral
9301	entailment
9302	contradiction
9303	entailment
9304	contradiction
9305	entailment
9306	neutral
9307	contradiction
9308	neutral
9309	entailment
9310	contradiction
9311	contradiction
9312	entailment
9313	entailment
9314	neutral
9315	neutral
9316	entailment
9317	contradiction
9318	contradiction
9319	entailment
9320	entailment
9321	contradiction
9322	entailment
9323	contradiction
9324	entailment
9325	neutral
9326	contradiction
9327	neutral
9328	contradiction
9329	neutral
9330	entailment
9331	contradiction
9332	neutral
9333	contradiction
9334	contradiction
9335	entailment
9336	neutral
9337	neutral
9338	contradiction
9339	contradiction
9340	neutral
9341	entailment
9342	contradiction
9343	neutral
9344	neutral
9345	contradiction
9346	contradiction
9347	neutral
9348	contradiction
9349	entailment
9350	contradiction
9351	entailment
9352	entailment
9353	contradiction
9354	neutral
9355	contradiction
9356	contradiction
9357	entailment
9358	neutral
9359	entailment
9360	entailment
9361	entailment
9362	entailment
9363	contradiction
9364	contradiction
9365	contradiction
9366	contradiction
9367	entailment
9368	contradiction
9369	neutral
9370	entailment
9371	neutral
9372	neutral
9373	neutral
9374	neutral
9375	contradiction
9376	contradiction
9377	neutral
9378	entailment
9379	contradiction
9380	contradiction
9381	neutral
9382	neutral
9383	entailment
9384	contradiction
9385	neutral
9386	contradiction
9387	entailment
9388	neutral
9389	neutral
9390	contradiction
9391	entailment
9392	contradiction
9393	entailment
9394	entailment
9395	entailment
9396	contradiction
9397	neutral
9398	contradiction
9399	contradiction
9400	contradiction
9401	contradiction
9402	contradiction
9403	entailment
9404	entailment
9405	contradiction
9406	neutral
9407	contradiction
9408	entailment
9409	contradiction
9410	contradiction
9411	entailment
9412	neutral
9413	entailment
9414	contradiction
9415	neutral
9416	contradiction
9417	contradiction
9418	entailment
9419	entailment
9420	contradiction
9421	entailment
9422	entailment
9423	entailment
9424	neutral
9425	entailment
9426	neutral
9427	neutral
9428	neutral
9429	entailment
9430	contradiction
9431	neutral
9432	contradiction
9433	contradiction
9434	neutral
9435	contradiction
9436	entailment
9437	entailment
9438	neutral
9439	contradiction
9440	contradiction
9441	contradiction
9442	neutral
9443	neutral
9444	entailment
9445	neutral
9446	neutral
9447	neutral
9448	contradiction
9449	contradiction
9450	entailment
9451	neutral
9452	entailment
9453	contradiction
9454	contradiction
9455	entailment
9456	contradiction
9457	neutral
9458	neutral
9459	entailment
9460	neutral
9461	entailment
9462	contradiction
9463	entailment
9464	contradiction
9465	neutral
9466	contradiction
9467	neutral
9468	neutral
9469	contradiction
9470	contradiction
9471	contradiction
9472	contradiction
9473	neutral
9474	entailment
9475	neutral
9476	neutral
9477	neutral
9478	contradiction
9479	neutral
9480	contradiction
9481	neutral
9482	neutral
9483	entailment
9484	entailment
9485	entailment
9486	entailment
9487	contradiction
9488	contradiction
9489	contradiction
9490	neutral
9491	contradiction
9492	entailment
9493	neutral
9494	contradiction
9495	entailment
9496	contradiction
9497	contradiction
9498	entailment
9499	entailment
9500	contradiction
9501	entailment
9502	entailment
9503	contradiction
9504	contradiction
9505	entailment
9506	entailment
9507	entailment
9508	contradiction
9509	entailment
9510	entailment
9511	contradiction
9512	entailment
9513	entailment
9514	entailment
9515	entailment
9516	neutral
9517	neutral
9518	contradiction
9519	contradiction
9520	contradiction
9521	contradiction
9522	neutral
9523	neutral
9524	contradiction
9525	contradiction
9526	contradiction
9527	neutral
9528	entailment
9529	contradiction
9530	entailment
9531	contradiction
9532	entailment
9533	contradiction
9534	entailment
9535	neutral
9536	neutral
9537	contradiction
9538	neutral
9539	contradiction
9540	contradiction
9541	neutral
9542	entailment
9543	entailment
9544	neutral
9545	contradiction
9546	contradiction
9547	neutral
9548	entailment
9549	neutral
9550	entailment
9551	contradiction
9552	neutral
9553	contradiction
9554	neutral
9555	contradiction
9556	entailment
9557	entailment
9558	entailment
9559	contradiction
9560	contradiction
9561	contradiction
9562	entailment
9563	neutral
9564	contradiction
9565	entailment
9566	entailment
9567	neutral
9568	contradiction
9569	neutral
9570	contradiction
9571	contradiction
9572	contradiction
9573	contradiction
9574	contradiction
9575	contradiction
9576	entailment
9577	neutral
9578	contradiction
9579	entailment
9580	entailment
9581	neutral
9582	contradiction
9583	entailment
9584	entailment
9585	entailment
9586	contradiction
9587	contradiction
9588	entailment
9589	neutral
9590	contradiction
9591	contradiction
9592	contradiction
9593	neutral
9594	contradiction
9595	neutral
9596	neutral
9597	neutral
9598	contradiction
9599	entailment
9600	entailment
9601	entailment
9602	contradiction
9603	entailment
9604	contradiction
9605	entailment
9606	neutral
9607	contradiction
9608	entailment
9609	contradiction
9610	entailment
9611	contradiction
9612	neutral
9613	entailment
9614	contradiction
9615	neutral
9616	entailment
9617	entailment
9618	neutral
9619	contradiction
9620	entailment
9621	contradiction
9622	entailment
9623	contradiction
9624	contradiction
9625	entailment
9626	entailment
9627	contradiction
9628	entailment
9629	entailment
9630	contradiction
9631	neutral
9632	contradiction
9633	neutral
9634	contradiction
9635	neutral
9636	entailment
9637	entailment
9638	contradiction
9639	contradiction
9640	entailment
9641	entailment
9642	contradiction
9643	contradiction
9644	neutral
9645	contradiction
9646	contradiction
9647	entailment
9648	contradiction
9649	contradiction
9650	entailment
9651	neutral
9652	contradiction
9653	contradiction
9654	entailment
9655	neutral
9656	entailment
9657	contradiction
9658	contradiction
9659	entailment
9660	neutral
9661	contradiction
9662	entailment
9663	neutral
9664	contradiction
9665	entailment
9666	contradiction
9667	neutral
9668	entailment
9669	entailment
9670	entailment
9671	neutral
9672	contradiction
9673	entailment
9674	neutral
9675	neutral
9676	neutral
9677	entailment
9678	neutral
9679	contradiction
9680	neutral
9681	neutral
9682	contradiction
9683	contradiction
9684	contradiction
9685	neutral
9686	neutral
9687	entailment
9688	entailment
9689	entailment
9690	contradiction
9691	entailment
9692	contradiction
9693	neutral
9694	neutral
9695	entailment
9696	entailment
9697	neutral
9698	contradiction
9699	contradiction
9700	contradiction
9701	neutral
9702	contradiction
9703	entailment
9704	entailment
9705	neutral
9706	contradiction
9707	neutral
9708	entailment
9709	entailment
9710	neutral
9711	neutral
9712	contradiction
9713	neutral
9714	contradiction
9715	neutral
9716	entailment
9717	contradiction
9718	entailment
9719	entailment
9720	contradiction
9721	contradiction
9722	neutral
9723	contradiction
9724	neutral
9725	contradiction
9726	neutral
9727	contradiction
9728	contradiction
9729	neutral
9730	neutral
9731	contradiction
9732	contradiction
9733	contradiction
9734	contradiction
9735	entailment
9736	neutral
9737	entailment
9738	contradiction
9739	entailment
9740	neutral
9741	contradiction
9742	entailment
9743	contradiction
9744	entailment
9745	neutral
9746	entailment
9747	entailment
9748	neutral
9749	contradiction
9750	neutral
9751	entailment
9752	entailment
9753	contradiction
9754	contradiction
9755	neutral
9756	neutral
9757	contradiction
9758	contradiction
9759	contradiction
9760	entailment
9761	neutral
9762	entailment
9763	contradiction
9764	entailment
9765	neutral
9766	contradiction
9767	entailment
9768	entailment
9769	neutral
9770	contradiction
9771	contradiction
9772	contradiction
9773	entailment
9774	contradiction
9775	contradiction
9776	entailment
9777	contradiction
9778	entailment
9779	contradiction
9780	neutral
9781	contradiction
9782	entailment
9783	contradiction
9784	contradiction
9785	neutral
9786	entailment
9787	entailment
9788	contradiction
9789	contradiction
9790	contradiction
9791	entailment
9792	contradiction
9793	neutral
9794	contradiction
9795	contradiction
9796	entailment
9797	neutral
9798	contradiction
9799	entailment
9800	entailment
9801	entailment
9802	entailment
9803	neutral
9804	neutral
9805	contradiction
9806	contradiction
9807	neutral
9808	contradiction
9809	contradiction
9810	contradiction
9811	neutral
9812	contradiction
9813	contradiction
9814	contradiction
9815	neutral
9816	neutral
9817	entailment
9818	neutral
9819	contradiction
9820	entailment
9821	entailment
9822	contradiction
9823	contradiction
9824	neutral
9825	contradiction
9826	contradiction
9827	entailment
9828	neutral
9829	entailment
9830	contradiction
9831	contradiction
9832	entailment
9833	contradiction
9834	neutral
9835	entailment
9836	entailment
9837	entailment
9838	neutral
9839	entailment
9840	entailment
9841	contradiction
9842	entailment
9843	contradiction
9844	contradiction
9845	entailment
9846	entailment
