/var/tmp/root-home/miniconda3/envs/llm_ist/lib/python3.10/site-packages/transformers/utils/generic.py:441: FutureWarning: `torch.utils._pytree._register_pytree_node` is deprecated. Please use `torch.utils._pytree.register_pytree_node` instead.
  _torch_pytree._register_pytree_node(
/var/tmp/root-home/miniconda3/envs/llm_ist/lib/python3.10/site-packages/transformers/utils/generic.py:309: FutureWarning: `torch.utils._pytree._register_pytree_node` is deprecated. Please use `torch.utils._pytree.register_pytree_node` instead.
  _torch_pytree._register_pytree_node(
/var/tmp/root-home/miniconda3/envs/llm_ist/lib/python3.10/site-packages/transformers/utils/generic.py:309: FutureWarning: `torch.utils._pytree._register_pytree_node` is deprecated. Please use `torch.utils._pytree.register_pytree_node` instead.
  _torch_pytree._register_pytree_node(
============================================================
  Softmax/V Fresh-Noise Sweep
============================================================
  Tasks          : ['mrpc']
  Output dir     : experiment/outputs/noise/softmax_v_sweep
  Device         : cuda
  Eval split     : validation_full
  Repeat n       : 5
  Scaling factors: [10, 12, 14, 16, 18, 20, 22, 24, 26, 28, 30, 32, 34, 36, 38, 40, 42, 44, 46, 48]
  Base x/W noise : max
============================================================

=== Running MRPC ===
/var/tmp/root-home/miniconda3/envs/llm_ist/lib/python3.10/site-packages/huggingface_hub/file_download.py:942: FutureWarning: `resume_download` is deprecated and will be removed in version 1.0.0. Downloads always resume when possible. If you want to force a new download, use `force_download=True`.
  warnings.warn(
[信息] 数据集（Dataset）'mrpc' 检测为 CLASSIFICATION 任务
[信息] 使用指标（Using metrics）: Accuracy, F1
[数据集协议（Dataset Protocol）] 完整验证集（validation_full）=408  （统一使用 validation_full，不再拆分 search/holdout/proxy）
[MRPC] Fixed GELU=4, Softmax=6; base_noise_mode=max
已替换 12 层的GELU函数（GELU function）
已替换 12 层的Softmax函数（Softmax function）
已为 12 层启用输入噪声（Input noise），缩放因子（scaling_factor）=30，分布（distribution）=新采样（fresh）
已为 12 层启用查询投影噪声（query noise），缩放因子（scaling_factor）=22，分布（distribution）=编码分布（encoding）
已为 12 层启用键投影噪声（key noise），缩放因子（scaling_factor）=22，分布（distribution）=编码分布（encoding）
已为 12 层启用值投影噪声（value noise），缩放因子（scaling_factor）=22，分布（distribution）=编码分布（encoding）
已为 12 层启用注意力输出投影噪声（wo noise），缩放因子（scaling_factor）=22，分布（distribution）=编码分布（encoding）
已为 12 层启用前馈网络第一层噪声（wffn1 noise），缩放因子（scaling_factor）=24，分布（distribution）=编码分布（encoding）
已为 12 层启用前馈网络第二层噪声（wffn2 noise），缩放因子（scaling_factor）=22，分布（distribution）=编码分布（encoding）
Enabled softmax/V attention-product noise for 12 layers (softmax sf=10, V sf=10, distribution=fresh)
You're using a BertTokenizerFast tokenizer. Please note that with a fast tokenizer, using the `__call__` method is faster than using a method to encode the text followed by a call to the `pad` method to get a padded encoding.
已替换 12 层的GELU函数（GELU function）
已替换 12 层的Softmax函数（Softmax function）
已为 12 层启用输入噪声（Input noise），缩放因子（scaling_factor）=30，分布（distribution）=新采样（fresh）
已为 12 层启用查询投影噪声（query noise），缩放因子（scaling_factor）=22，分布（distribution）=编码分布（encoding）
已为 12 层启用键投影噪声（key noise），缩放因子（scaling_factor）=22，分布（distribution）=编码分布（encoding）
已为 12 层启用值投影噪声（value noise），缩放因子（scaling_factor）=22，分布（distribution）=编码分布（encoding）
已为 12 层启用注意力输出投影噪声（wo noise），缩放因子（scaling_factor）=22，分布（distribution）=编码分布（encoding）
已为 12 层启用前馈网络第一层噪声（wffn1 noise），缩放因子（scaling_factor）=24，分布（distribution）=编码分布（encoding）
已为 12 层启用前馈网络第二层噪声（wffn2 noise），缩放因子（scaling_factor）=22，分布（distribution）=编码分布（encoding）
Enabled softmax/V attention-product noise for 12 layers (softmax sf=10, V sf=10, distribution=fresh)
已替换 12 层的GELU函数（GELU function）
已替换 12 层的Softmax函数（Softmax function）
已为 12 层启用输入噪声（Input noise），缩放因子（scaling_factor）=30，分布（distribution）=新采样（fresh）
已为 12 层启用查询投影噪声（query noise），缩放因子（scaling_factor）=22，分布（distribution）=编码分布（encoding）
已为 12 层启用键投影噪声（key noise），缩放因子（scaling_factor）=22，分布（distribution）=编码分布（encoding）
已为 12 层启用值投影噪声（value noise），缩放因子（scaling_factor）=22，分布（distribution）=编码分布（encoding）
已为 12 层启用注意力输出投影噪声（wo noise），缩放因子（scaling_factor）=22，分布（distribution）=编码分布（encoding）
已为 12 层启用前馈网络第一层噪声（wffn1 noise），缩放因子（scaling_factor）=24，分布（distribution）=编码分布（encoding）
已为 12 层启用前馈网络第二层噪声（wffn2 noise），缩放因子（scaling_factor）=22，分布（distribution）=编码分布（encoding）
Enabled softmax/V attention-product noise for 12 layers (softmax sf=10, V sf=10, distribution=fresh)
已替换 12 层的GELU函数（GELU function）
已替换 12 层的Softmax函数（Softmax function）
已为 12 层启用输入噪声（Input noise），缩放因子（scaling_factor）=30，分布（distribution）=新采样（fresh）
已为 12 层启用查询投影噪声（query noise），缩放因子（scaling_factor）=22，分布（distribution）=编码分布（encoding）
已为 12 层启用键投影噪声（key noise），缩放因子（scaling_factor）=22，分布（distribution）=编码分布（encoding）
已为 12 层启用值投影噪声（value noise），缩放因子（scaling_factor）=22，分布（distribution）=编码分布（encoding）
已为 12 层启用注意力输出投影噪声（wo noise），缩放因子（scaling_factor）=22，分布（distribution）=编码分布（encoding）
已为 12 层启用前馈网络第一层噪声（wffn1 noise），缩放因子（scaling_factor）=24，分布（distribution）=编码分布（encoding）
已为 12 层启用前馈网络第二层噪声（wffn2 noise），缩放因子（scaling_factor）=22，分布（distribution）=编码分布（encoding）
Enabled softmax/V attention-product noise for 12 layers (softmax sf=10, V sf=10, distribution=fresh)
已替换 12 层的GELU函数（GELU function）
已替换 12 层的Softmax函数（Softmax function）
已为 12 层启用输入噪声（Input noise），缩放因子（scaling_factor）=30，分布（distribution）=新采样（fresh）
已为 12 层启用查询投影噪声（query noise），缩放因子（scaling_factor）=22，分布（distribution）=编码分布（encoding）
已为 12 层启用键投影噪声（key noise），缩放因子（scaling_factor）=22，分布（distribution）=编码分布（encoding）
已为 12 层启用值投影噪声（value noise），缩放因子（scaling_factor）=22，分布（distribution）=编码分布（encoding）
已为 12 层启用注意力输出投影噪声（wo noise），缩放因子（scaling_factor）=22，分布（distribution）=编码分布（encoding）
已为 12 层启用前馈网络第一层噪声（wffn1 noise），缩放因子（scaling_factor）=24，分布（distribution）=编码分布（encoding）
已为 12 层启用前馈网络第二层噪声（wffn2 noise），缩放因子（scaling_factor）=22，分布（distribution）=编码分布（encoding）
Enabled softmax/V attention-product noise for 12 layers (softmax sf=10, V sf=10, distribution=fresh)
  softmax_sf=10, v_sf=10 => loss_mean=0.839007, loss_var=0.000585, m1_mean=0.461765, m1_var=0.000766, m2_mean=0.471014, m2_var=0.000774
已替换 12 层的GELU函数（GELU function）
已替换 12 层的Softmax函数（Softmax function）
已为 12 层启用输入噪声（Input noise），缩放因子（scaling_factor）=30，分布（distribution）=新采样（fresh）
已为 12 层启用查询投影噪声（query noise），缩放因子（scaling_factor）=22，分布（distribution）=编码分布（encoding）
已为 12 层启用键投影噪声（key noise），缩放因子（scaling_factor）=22，分布（distribution）=编码分布（encoding）
已为 12 层启用值投影噪声（value noise），缩放因子（scaling_factor）=22，分布（distribution）=编码分布（encoding）
已为 12 层启用注意力输出投影噪声（wo noise），缩放因子（scaling_factor）=22，分布（distribution）=编码分布（encoding）
已为 12 层启用前馈网络第一层噪声（wffn1 noise），缩放因子（scaling_factor）=24，分布（distribution）=编码分布（encoding）
已为 12 层启用前馈网络第二层噪声（wffn2 noise），缩放因子（scaling_factor）=22，分布（distribution）=编码分布（encoding）
Enabled softmax/V attention-product noise for 12 layers (softmax sf=10, V sf=12, distribution=fresh)
已替换 12 层的GELU函数（GELU function）
已替换 12 层的Softmax函数（Softmax function）
已为 12 层启用输入噪声（Input noise），缩放因子（scaling_factor）=30，分布（distribution）=新采样（fresh）
已为 12 层启用查询投影噪声（query noise），缩放因子（scaling_factor）=22，分布（distribution）=编码分布（encoding）
已为 12 层启用键投影噪声（key noise），缩放因子（scaling_factor）=22，分布（distribution）=编码分布（encoding）
已为 12 层启用值投影噪声（value noise），缩放因子（scaling_factor）=22，分布（distribution）=编码分布（encoding）
已为 12 层启用注意力输出投影噪声（wo noise），缩放因子（scaling_factor）=22，分布（distribution）=编码分布（encoding）
已为 12 层启用前馈网络第一层噪声（wffn1 noise），缩放因子（scaling_factor）=24，分布（distribution）=编码分布（encoding）
已为 12 层启用前馈网络第二层噪声（wffn2 noise），缩放因子（scaling_factor）=22，分布（distribution）=编码分布（encoding）
Enabled softmax/V attention-product noise for 12 layers (softmax sf=10, V sf=12, distribution=fresh)
已替换 12 层的GELU函数（GELU function）
已替换 12 层的Softmax函数（Softmax function）
已为 12 层启用输入噪声（Input noise），缩放因子（scaling_factor）=30，分布（distribution）=新采样（fresh）
已为 12 层启用查询投影噪声（query noise），缩放因子（scaling_factor）=22，分布（distribution）=编码分布（encoding）
已为 12 层启用键投影噪声（key noise），缩放因子（scaling_factor）=22，分布（distribution）=编码分布（encoding）
已为 12 层启用值投影噪声（value noise），缩放因子（scaling_factor）=22，分布（distribution）=编码分布（encoding）
已为 12 层启用注意力输出投影噪声（wo noise），缩放因子（scaling_factor）=22，分布（distribution）=编码分布（encoding）
已为 12 层启用前馈网络第一层噪声（wffn1 noise），缩放因子（scaling_factor）=24，分布（distribution）=编码分布（encoding）
已为 12 层启用前馈网络第二层噪声（wffn2 noise），缩放因子（scaling_factor）=22，分布（distribution）=编码分布（encoding）
Enabled softmax/V attention-product noise for 12 layers (softmax sf=10, V sf=12, distribution=fresh)
已替换 12 层的GELU函数（GELU function）
已替换 12 层的Softmax函数（Softmax function）
已为 12 层启用输入噪声（Input noise），缩放因子（scaling_factor）=30，分布（distribution）=新采样（fresh）
已为 12 层启用查询投影噪声（query noise），缩放因子（scaling_factor）=22，分布（distribution）=编码分布（encoding）
已为 12 层启用键投影噪声（key noise），缩放因子（scaling_factor）=22，分布（distribution）=编码分布（encoding）
已为 12 层启用值投影噪声（value noise），缩放因子（scaling_factor）=22，分布（distribution）=编码分布（encoding）
已为 12 层启用注意力输出投影噪声（wo noise），缩放因子（scaling_factor）=22，分布（distribution）=编码分布（encoding）
已为 12 层启用前馈网络第一层噪声（wffn1 noise），缩放因子（scaling_factor）=24，分布（distribution）=编码分布（encoding）
已为 12 层启用前馈网络第二层噪声（wffn2 noise），缩放因子（scaling_factor）=22，分布（distribution）=编码分布（encoding）
Enabled softmax/V attention-product noise for 12 layers (softmax sf=10, V sf=12, distribution=fresh)
已替换 12 层的GELU函数（GELU function）
已替换 12 层的Softmax函数（Softmax function）
已为 12 层启用输入噪声（Input noise），缩放因子（scaling_factor）=30，分布（distribution）=新采样（fresh）
已为 12 层启用查询投影噪声（query noise），缩放因子（scaling_factor）=22，分布（distribution）=编码分布（encoding）
已为 12 层启用键投影噪声（key noise），缩放因子（scaling_factor）=22，分布（distribution）=编码分布（encoding）
已为 12 层启用值投影噪声（value noise），缩放因子（scaling_factor）=22，分布（distribution）=编码分布（encoding）
已为 12 层启用注意力输出投影噪声（wo noise），缩放因子（scaling_factor）=22，分布（distribution）=编码分布（encoding）
已为 12 层启用前馈网络第一层噪声（wffn1 noise），缩放因子（scaling_factor）=24，分布（distribution）=编码分布（encoding）
已为 12 层启用前馈网络第二层噪声（wffn2 noise），缩放因子（scaling_factor）=22，分布（distribution）=编码分布（encoding）
Enabled softmax/V attention-product noise for 12 layers (softmax sf=10, V sf=12, distribution=fresh)
  softmax_sf=10, v_sf=12 => loss_mean=0.824560, loss_var=0.000562, m1_mean=0.457353, m1_var=0.000540, m2_mean=0.469835, m2_var=0.000578
已替换 12 层的GELU函数（GELU function）
已替换 12 层的Softmax函数（Softmax function）
已为 12 层启用输入噪声（Input noise），缩放因子（scaling_factor）=30，分布（distribution）=新采样（fresh）
已为 12 层启用查询投影噪声（query noise），缩放因子（scaling_factor）=22，分布（distribution）=编码分布（encoding）
已为 12 层启用键投影噪声（key noise），缩放因子（scaling_factor）=22，分布（distribution）=编码分布（encoding）
已为 12 层启用值投影噪声（value noise），缩放因子（scaling_factor）=22，分布（distribution）=编码分布（encoding）
已为 12 层启用注意力输出投影噪声（wo noise），缩放因子（scaling_factor）=22，分布（distribution）=编码分布（encoding）
已为 12 层启用前馈网络第一层噪声（wffn1 noise），缩放因子（scaling_factor）=24，分布（distribution）=编码分布（encoding）
已为 12 层启用前馈网络第二层噪声（wffn2 noise），缩放因子（scaling_factor）=22，分布（distribution）=编码分布（encoding）
Enabled softmax/V attention-product noise for 12 layers (softmax sf=10, V sf=14, distribution=fresh)
已替换 12 层的GELU函数（GELU function）
已替换 12 层的Softmax函数（Softmax function）
已为 12 层启用输入噪声（Input noise），缩放因子（scaling_factor）=30，分布（distribution）=新采样（fresh）
已为 12 层启用查询投影噪声（query noise），缩放因子（scaling_factor）=22，分布（distribution）=编码分布（encoding）
已为 12 层启用键投影噪声（key noise），缩放因子（scaling_factor）=22，分布（distribution）=编码分布（encoding）
已为 12 层启用值投影噪声（value noise），缩放因子（scaling_factor）=22，分布（distribution）=编码分布（encoding）
已为 12 层启用注意力输出投影噪声（wo noise），缩放因子（scaling_factor）=22，分布（distribution）=编码分布（encoding）
已为 12 层启用前馈网络第一层噪声（wffn1 noise），缩放因子（scaling_factor）=24，分布（distribution）=编码分布（encoding）
已为 12 层启用前馈网络第二层噪声（wffn2 noise），缩放因子（scaling_factor）=22，分布（distribution）=编码分布（encoding）
Enabled softmax/V attention-product noise for 12 layers (softmax sf=10, V sf=14, distribution=fresh)
已替换 12 层的GELU函数（GELU function）
已替换 12 层的Softmax函数（Softmax function）
已为 12 层启用输入噪声（Input noise），缩放因子（scaling_factor）=30，分布（distribution）=新采样（fresh）
已为 12 层启用查询投影噪声（query noise），缩放因子（scaling_factor）=22，分布（distribution）=编码分布（encoding）
已为 12 层启用键投影噪声（key noise），缩放因子（scaling_factor）=22，分布（distribution）=编码分布（encoding）
已为 12 层启用值投影噪声（value noise），缩放因子（scaling_factor）=22，分布（distribution）=编码分布（encoding）
已为 12 层启用注意力输出投影噪声（wo noise），缩放因子（scaling_factor）=22，分布（distribution）=编码分布（encoding）
已为 12 层启用前馈网络第一层噪声（wffn1 noise），缩放因子（scaling_factor）=24，分布（distribution）=编码分布（encoding）
已为 12 层启用前馈网络第二层噪声（wffn2 noise），缩放因子（scaling_factor）=22，分布（distribution）=编码分布（encoding）
Enabled softmax/V attention-product noise for 12 layers (softmax sf=10, V sf=14, distribution=fresh)
已替换 12 层的GELU函数（GELU function）
已替换 12 层的Softmax函数（Softmax function）
已为 12 层启用输入噪声（Input noise），缩放因子（scaling_factor）=30，分布（distribution）=新采样（fresh）
已为 12 层启用查询投影噪声（query noise），缩放因子（scaling_factor）=22，分布（distribution）=编码分布（encoding）
已为 12 层启用键投影噪声（key noise），缩放因子（scaling_factor）=22，分布（distribution）=编码分布（encoding）
已为 12 层启用值投影噪声（value noise），缩放因子（scaling_factor）=22，分布（distribution）=编码分布（encoding）
已为 12 层启用注意力输出投影噪声（wo noise），缩放因子（scaling_factor）=22，分布（distribution）=编码分布（encoding）
已为 12 层启用前馈网络第一层噪声（wffn1 noise），缩放因子（scaling_factor）=24，分布（distribution）=编码分布（encoding）
已为 12 层启用前馈网络第二层噪声（wffn2 noise），缩放因子（scaling_factor）=22，分布（distribution）=编码分布（encoding）
Enabled softmax/V attention-product noise for 12 layers (softmax sf=10, V sf=14, distribution=fresh)
已替换 12 层的GELU函数（GELU function）
已替换 12 层的Softmax函数（Softmax function）
已为 12 层启用输入噪声（Input noise），缩放因子（scaling_factor）=30，分布（distribution）=新采样（fresh）
已为 12 层启用查询投影噪声（query noise），缩放因子（scaling_factor）=22，分布（distribution）=编码分布（encoding）
已为 12 层启用键投影噪声（key noise），缩放因子（scaling_factor）=22，分布（distribution）=编码分布（encoding）
已为 12 层启用值投影噪声（value noise），缩放因子（scaling_factor）=22，分布（distribution）=编码分布（encoding）
已为 12 层启用注意力输出投影噪声（wo noise），缩放因子（scaling_factor）=22，分布（distribution）=编码分布（encoding）
已为 12 层启用前馈网络第一层噪声（wffn1 noise），缩放因子（scaling_factor）=24，分布（distribution）=编码分布（encoding）
已为 12 层启用前馈网络第二层噪声（wffn2 noise），缩放因子（scaling_factor）=22，分布（distribution）=编码分布（encoding）
Enabled softmax/V attention-product noise for 12 layers (softmax sf=10, V sf=14, distribution=fresh)
  softmax_sf=10, v_sf=14 => loss_mean=0.823230, loss_var=0.000063, m1_mean=0.486275, m1_var=0.000170, m2_mean=0.499316, m2_var=0.000154
已替换 12 层的GELU函数（GELU function）
已替换 12 层的Softmax函数（Softmax function）
已为 12 层启用输入噪声（Input noise），缩放因子（scaling_factor）=30，分布（distribution）=新采样（fresh）
已为 12 层启用查询投影噪声（query noise），缩放因子（scaling_factor）=22，分布（distribution）=编码分布（encoding）
已为 12 层启用键投影噪声（key noise），缩放因子（scaling_factor）=22，分布（distribution）=编码分布（encoding）
已为 12 层启用值投影噪声（value noise），缩放因子（scaling_factor）=22，分布（distribution）=编码分布（encoding）
已为 12 层启用注意力输出投影噪声（wo noise），缩放因子（scaling_factor）=22，分布（distribution）=编码分布（encoding）
已为 12 层启用前馈网络第一层噪声（wffn1 noise），缩放因子（scaling_factor）=24，分布（distribution）=编码分布（encoding）
已为 12 层启用前馈网络第二层噪声（wffn2 noise），缩放因子（scaling_factor）=22，分布（distribution）=编码分布（encoding）
Enabled softmax/V attention-product noise for 12 layers (softmax sf=10, V sf=16, distribution=fresh)
已替换 12 层的GELU函数（GELU function）
已替换 12 层的Softmax函数（Softmax function）
已为 12 层启用输入噪声（Input noise），缩放因子（scaling_factor）=30，分布（distribution）=新采样（fresh）
已为 12 层启用查询投影噪声（query noise），缩放因子（scaling_factor）=22，分布（distribution）=编码分布（encoding）
已为 12 层启用键投影噪声（key noise），缩放因子（scaling_factor）=22，分布（distribution）=编码分布（encoding）
已为 12 层启用值投影噪声（value noise），缩放因子（scaling_factor）=22，分布（distribution）=编码分布（encoding）
已为 12 层启用注意力输出投影噪声（wo noise），缩放因子（scaling_factor）=22，分布（distribution）=编码分布（encoding）
已为 12 层启用前馈网络第一层噪声（wffn1 noise），缩放因子（scaling_factor）=24，分布（distribution）=编码分布（encoding）
已为 12 层启用前馈网络第二层噪声（wffn2 noise），缩放因子（scaling_factor）=22，分布（distribution）=编码分布（encoding）
Enabled softmax/V attention-product noise for 12 layers (softmax sf=10, V sf=16, distribution=fresh)
已替换 12 层的GELU函数（GELU function）
已替换 12 层的Softmax函数（Softmax function）
已为 12 层启用输入噪声（Input noise），缩放因子（scaling_factor）=30，分布（distribution）=新采样（fresh）
已为 12 层启用查询投影噪声（query noise），缩放因子（scaling_factor）=22，分布（distribution）=编码分布（encoding）
已为 12 层启用键投影噪声（key noise），缩放因子（scaling_factor）=22，分布（distribution）=编码分布（encoding）
已为 12 层启用值投影噪声（value noise），缩放因子（scaling_factor）=22，分布（distribution）=编码分布（encoding）
已为 12 层启用注意力输出投影噪声（wo noise），缩放因子（scaling_factor）=22，分布（distribution）=编码分布（encoding）
已为 12 层启用前馈网络第一层噪声（wffn1 noise），缩放因子（scaling_factor）=24，分布（distribution）=编码分布（encoding）
已为 12 层启用前馈网络第二层噪声（wffn2 noise），缩放因子（scaling_factor）=22，分布（distribution）=编码分布（encoding）
Enabled softmax/V attention-product noise for 12 layers (softmax sf=10, V sf=16, distribution=fresh)
已替换 12 层的GELU函数（GELU function）
已替换 12 层的Softmax函数（Softmax function）
已为 12 层启用输入噪声（Input noise），缩放因子（scaling_factor）=30，分布（distribution）=新采样（fresh）
已为 12 层启用查询投影噪声（query noise），缩放因子（scaling_factor）=22，分布（distribution）=编码分布（encoding）
已为 12 层启用键投影噪声（key noise），缩放因子（scaling_factor）=22，分布（distribution）=编码分布（encoding）
已为 12 层启用值投影噪声（value noise），缩放因子（scaling_factor）=22，分布（distribution）=编码分布（encoding）
已为 12 层启用注意力输出投影噪声（wo noise），缩放因子（scaling_factor）=22，分布（distribution）=编码分布（encoding）
已为 12 层启用前馈网络第一层噪声（wffn1 noise），缩放因子（scaling_factor）=24，分布（distribution）=编码分布（encoding）
已为 12 层启用前馈网络第二层噪声（wffn2 noise），缩放因子（scaling_factor）=22，分布（distribution）=编码分布（encoding）
Enabled softmax/V attention-product noise for 12 layers (softmax sf=10, V sf=16, distribution=fresh)
已替换 12 层的GELU函数（GELU function）
已替换 12 层的Softmax函数（Softmax function）
已为 12 层启用输入噪声（Input noise），缩放因子（scaling_factor）=30，分布（distribution）=新采样（fresh）
已为 12 层启用查询投影噪声（query noise），缩放因子（scaling_factor）=22，分布（distribution）=编码分布（encoding）
已为 12 层启用键投影噪声（key noise），缩放因子（scaling_factor）=22，分布（distribution）=编码分布（encoding）
已为 12 层启用值投影噪声（value noise），缩放因子（scaling_factor）=22，分布（distribution）=编码分布（encoding）
已为 12 层启用注意力输出投影噪声（wo noise），缩放因子（scaling_factor）=22，分布（distribution）=编码分布（encoding）
已为 12 层启用前馈网络第一层噪声（wffn1 noise），缩放因子（scaling_factor）=24，分布（distribution）=编码分布（encoding）
已为 12 层启用前馈网络第二层噪声（wffn2 noise），缩放因子（scaling_factor）=22，分布（distribution）=编码分布（encoding）
Enabled softmax/V attention-product noise for 12 layers (softmax sf=10, V sf=16, distribution=fresh)
  softmax_sf=10, v_sf=16 => loss_mean=0.920967, loss_var=0.000437, m1_mean=0.475000, m1_var=0.001116, m2_mean=0.490260, m2_var=0.001196
已替换 12 层的GELU函数（GELU function）
已替换 12 层的Softmax函数（Softmax function）
已为 12 层启用输入噪声（Input noise），缩放因子（scaling_factor）=30，分布（distribution）=新采样（fresh）
已为 12 层启用查询投影噪声（query noise），缩放因子（scaling_factor）=22，分布（distribution）=编码分布（encoding）
已为 12 层启用键投影噪声（key noise），缩放因子（scaling_factor）=22，分布（distribution）=编码分布（encoding）
已为 12 层启用值投影噪声（value noise），缩放因子（scaling_factor）=22，分布（distribution）=编码分布（encoding）
已为 12 层启用注意力输出投影噪声（wo noise），缩放因子（scaling_factor）=22，分布（distribution）=编码分布（encoding）
已为 12 层启用前馈网络第一层噪声（wffn1 noise），缩放因子（scaling_factor）=24，分布（distribution）=编码分布（encoding）
已为 12 层启用前馈网络第二层噪声（wffn2 noise），缩放因子（scaling_factor）=22，分布（distribution）=编码分布（encoding）
Enabled softmax/V attention-product noise for 12 layers (softmax sf=10, V sf=18, distribution=fresh)
已替换 12 层的GELU函数（GELU function）
已替换 12 层的Softmax函数（Softmax function）
已为 12 层启用输入噪声（Input noise），缩放因子（scaling_factor）=30，分布（distribution）=新采样（fresh）
已为 12 层启用查询投影噪声（query noise），缩放因子（scaling_factor）=22，分布（distribution）=编码分布（encoding）
已为 12 层启用键投影噪声（key noise），缩放因子（scaling_factor）=22，分布（distribution）=编码分布（encoding）
已为 12 层启用值投影噪声（value noise），缩放因子（scaling_factor）=22，分布（distribution）=编码分布（encoding）
已为 12 层启用注意力输出投影噪声（wo noise），缩放因子（scaling_factor）=22，分布（distribution）=编码分布（encoding）
已为 12 层启用前馈网络第一层噪声（wffn1 noise），缩放因子（scaling_factor）=24，分布（distribution）=编码分布（encoding）
已为 12 层启用前馈网络第二层噪声（wffn2 noise），缩放因子（scaling_factor）=22，分布（distribution）=编码分布（encoding）
Enabled softmax/V attention-product noise for 12 layers (softmax sf=10, V sf=18, distribution=fresh)
已替换 12 层的GELU函数（GELU function）
已替换 12 层的Softmax函数（Softmax function）
已为 12 层启用输入噪声（Input noise），缩放因子（scaling_factor）=30，分布（distribution）=新采样（fresh）
已为 12 层启用查询投影噪声（query noise），缩放因子（scaling_factor）=22，分布（distribution）=编码分布（encoding）
已为 12 层启用键投影噪声（key noise），缩放因子（scaling_factor）=22，分布（distribution）=编码分布（encoding）
已为 12 层启用值投影噪声（value noise），缩放因子（scaling_factor）=22，分布（distribution）=编码分布（encoding）
已为 12 层启用注意力输出投影噪声（wo noise），缩放因子（scaling_factor）=22，分布（distribution）=编码分布（encoding）
已为 12 层启用前馈网络第一层噪声（wffn1 noise），缩放因子（scaling_factor）=24，分布（distribution）=编码分布（encoding）
已为 12 层启用前馈网络第二层噪声（wffn2 noise），缩放因子（scaling_factor）=22，分布（distribution）=编码分布（encoding）
Enabled softmax/V attention-product noise for 12 layers (softmax sf=10, V sf=18, distribution=fresh)
已替换 12 层的GELU函数（GELU function）
已替换 12 层的Softmax函数（Softmax function）
已为 12 层启用输入噪声（Input noise），缩放因子（scaling_factor）=30，分布（distribution）=新采样（fresh）
已为 12 层启用查询投影噪声（query noise），缩放因子（scaling_factor）=22，分布（distribution）=编码分布（encoding）
已为 12 层启用键投影噪声（key noise），缩放因子（scaling_factor）=22，分布（distribution）=编码分布（encoding）
已为 12 层启用值投影噪声（value noise），缩放因子（scaling_factor）=22，分布（distribution）=编码分布（encoding）
已为 12 层启用注意力输出投影噪声（wo noise），缩放因子（scaling_factor）=22，分布（distribution）=编码分布（encoding）
已为 12 层启用前馈网络第一层噪声（wffn1 noise），缩放因子（scaling_factor）=24，分布（distribution）=编码分布（encoding）
已为 12 层启用前馈网络第二层噪声（wffn2 noise），缩放因子（scaling_factor）=22，分布（distribution）=编码分布（encoding）
Enabled softmax/V attention-product noise for 12 layers (softmax sf=10, V sf=18, distribution=fresh)
已替换 12 层的GELU函数（GELU function）
已替换 12 层的Softmax函数（Softmax function）
已为 12 层启用输入噪声（Input noise），缩放因子（scaling_factor）=30，分布（distribution）=新采样（fresh）
已为 12 层启用查询投影噪声（query noise），缩放因子（scaling_factor）=22，分布（distribution）=编码分布（encoding）
已为 12 层启用键投影噪声（key noise），缩放因子（scaling_factor）=22，分布（distribution）=编码分布（encoding）
已为 12 层启用值投影噪声（value noise），缩放因子（scaling_factor）=22，分布（distribution）=编码分布（encoding）
已为 12 层启用注意力输出投影噪声（wo noise），缩放因子（scaling_factor）=22，分布（distribution）=编码分布（encoding）
已为 12 层启用前馈网络第一层噪声（wffn1 noise），缩放因子（scaling_factor）=24，分布（distribution）=编码分布（encoding）
已为 12 层启用前馈网络第二层噪声（wffn2 noise），缩放因子（scaling_factor）=22，分布（distribution）=编码分布（encoding）
Enabled softmax/V attention-product noise for 12 layers (softmax sf=10, V sf=18, distribution=fresh)
  softmax_sf=10, v_sf=18 => loss_mean=0.982459, loss_var=0.002328, m1_mean=0.476961, m1_var=0.000869, m2_mean=0.492043, m2_var=0.000858
已替换 12 层的GELU函数（GELU function）
已替换 12 层的Softmax函数（Softmax function）
已为 12 层启用输入噪声（Input noise），缩放因子（scaling_factor）=30，分布（distribution）=新采样（fresh）
已为 12 层启用查询投影噪声（query noise），缩放因子（scaling_factor）=22，分布（distribution）=编码分布（encoding）
已为 12 层启用键投影噪声（key noise），缩放因子（scaling_factor）=22，分布（distribution）=编码分布（encoding）
已为 12 层启用值投影噪声（value noise），缩放因子（scaling_factor）=22，分布（distribution）=编码分布（encoding）
已为 12 层启用注意力输出投影噪声（wo noise），缩放因子（scaling_factor）=22，分布（distribution）=编码分布（encoding）
已为 12 层启用前馈网络第一层噪声（wffn1 noise），缩放因子（scaling_factor）=24，分布（distribution）=编码分布（encoding）
已为 12 层启用前馈网络第二层噪声（wffn2 noise），缩放因子（scaling_factor）=22，分布（distribution）=编码分布（encoding）
Enabled softmax/V attention-product noise for 12 layers (softmax sf=10, V sf=20, distribution=fresh)
已替换 12 层的GELU函数（GELU function）
已替换 12 层的Softmax函数（Softmax function）
已为 12 层启用输入噪声（Input noise），缩放因子（scaling_factor）=30，分布（distribution）=新采样（fresh）
已为 12 层启用查询投影噪声（query noise），缩放因子（scaling_factor）=22，分布（distribution）=编码分布（encoding）
已为 12 层启用键投影噪声（key noise），缩放因子（scaling_factor）=22，分布（distribution）=编码分布（encoding）
已为 12 层启用值投影噪声（value noise），缩放因子（scaling_factor）=22，分布（distribution）=编码分布（encoding）
已为 12 层启用注意力输出投影噪声（wo noise），缩放因子（scaling_factor）=22，分布（distribution）=编码分布（encoding）
已为 12 层启用前馈网络第一层噪声（wffn1 noise），缩放因子（scaling_factor）=24，分布（distribution）=编码分布（encoding）
已为 12 层启用前馈网络第二层噪声（wffn2 noise），缩放因子（scaling_factor）=22，分布（distribution）=编码分布（encoding）
Enabled softmax/V attention-product noise for 12 layers (softmax sf=10, V sf=20, distribution=fresh)
已替换 12 层的GELU函数（GELU function）
已替换 12 层的Softmax函数（Softmax function）
已为 12 层启用输入噪声（Input noise），缩放因子（scaling_factor）=30，分布（distribution）=新采样（fresh）
已为 12 层启用查询投影噪声（query noise），缩放因子（scaling_factor）=22，分布（distribution）=编码分布（encoding）
已为 12 层启用键投影噪声（key noise），缩放因子（scaling_factor）=22，分布（distribution）=编码分布（encoding）
已为 12 层启用值投影噪声（value noise），缩放因子（scaling_factor）=22，分布（distribution）=编码分布（encoding）
已为 12 层启用注意力输出投影噪声（wo noise），缩放因子（scaling_factor）=22，分布（distribution）=编码分布（encoding）
已为 12 层启用前馈网络第一层噪声（wffn1 noise），缩放因子（scaling_factor）=24，分布（distribution）=编码分布（encoding）
已为 12 层启用前馈网络第二层噪声（wffn2 noise），缩放因子（scaling_factor）=22，分布（distribution）=编码分布（encoding）
Enabled softmax/V attention-product noise for 12 layers (softmax sf=10, V sf=20, distribution=fresh)
已替换 12 层的GELU函数（GELU function）
已替换 12 层的Softmax函数（Softmax function）
已为 12 层启用输入噪声（Input noise），缩放因子（scaling_factor）=30，分布（distribution）=新采样（fresh）
已为 12 层启用查询投影噪声（query noise），缩放因子（scaling_factor）=22，分布（distribution）=编码分布（encoding）
已为 12 层启用键投影噪声（key noise），缩放因子（scaling_factor）=22，分布（distribution）=编码分布（encoding）
已为 12 层启用值投影噪声（value noise），缩放因子（scaling_factor）=22，分布（distribution）=编码分布（encoding）
已为 12 层启用注意力输出投影噪声（wo noise），缩放因子（scaling_factor）=22，分布（distribution）=编码分布（encoding）
已为 12 层启用前馈网络第一层噪声（wffn1 noise），缩放因子（scaling_factor）=24，分布（distribution）=编码分布（encoding）
已为 12 层启用前馈网络第二层噪声（wffn2 noise），缩放因子（scaling_factor）=22，分布（distribution）=编码分布（encoding）
Enabled softmax/V attention-product noise for 12 layers (softmax sf=10, V sf=20, distribution=fresh)
已替换 12 层的GELU函数（GELU function）
已替换 12 层的Softmax函数（Softmax function）
已为 12 层启用输入噪声（Input noise），缩放因子（scaling_factor）=30，分布（distribution）=新采样（fresh）
已为 12 层启用查询投影噪声（query noise），缩放因子（scaling_factor）=22，分布（distribution）=编码分布（encoding）
已为 12 层启用键投影噪声（key noise），缩放因子（scaling_factor）=22，分布（distribution）=编码分布（encoding）
已为 12 层启用值投影噪声（value noise），缩放因子（scaling_factor）=22，分布（distribution）=编码分布（encoding）
已为 12 层启用注意力输出投影噪声（wo noise），缩放因子（scaling_factor）=22，分布（distribution）=编码分布（encoding）
已为 12 层启用前馈网络第一层噪声（wffn1 noise），缩放因子（scaling_factor）=24，分布（distribution）=编码分布（encoding）
已为 12 层启用前馈网络第二层噪声（wffn2 noise），缩放因子（scaling_factor）=22，分布（distribution）=编码分布（encoding）
Enabled softmax/V attention-product noise for 12 layers (softmax sf=10, V sf=20, distribution=fresh)
  softmax_sf=10, v_sf=20 => loss_mean=0.944749, loss_var=0.001687, m1_mean=0.489216, m1_var=0.000799, m2_mean=0.504799, m2_var=0.000789
已替换 12 层的GELU函数（GELU function）
已替换 12 层的Softmax函数（Softmax function）
已为 12 层启用输入噪声（Input noise），缩放因子（scaling_factor）=30，分布（distribution）=新采样（fresh）
已为 12 层启用查询投影噪声（query noise），缩放因子（scaling_factor）=22，分布（distribution）=编码分布（encoding）
已为 12 层启用键投影噪声（key noise），缩放因子（scaling_factor）=22，分布（distribution）=编码分布（encoding）
已为 12 层启用值投影噪声（value noise），缩放因子（scaling_factor）=22，分布（distribution）=编码分布（encoding）
已为 12 层启用注意力输出投影噪声（wo noise），缩放因子（scaling_factor）=22，分布（distribution）=编码分布（encoding）
已为 12 层启用前馈网络第一层噪声（wffn1 noise），缩放因子（scaling_factor）=24，分布（distribution）=编码分布（encoding）
已为 12 层启用前馈网络第二层噪声（wffn2 noise），缩放因子（scaling_factor）=22，分布（distribution）=编码分布（encoding）
Enabled softmax/V attention-product noise for 12 layers (softmax sf=10, V sf=22, distribution=fresh)
已替换 12 层的GELU函数（GELU function）
已替换 12 层的Softmax函数（Softmax function）
已为 12 层启用输入噪声（Input noise），缩放因子（scaling_factor）=30，分布（distribution）=新采样（fresh）
已为 12 层启用查询投影噪声（query noise），缩放因子（scaling_factor）=22，分布（distribution）=编码分布（encoding）
已为 12 层启用键投影噪声（key noise），缩放因子（scaling_factor）=22，分布（distribution）=编码分布（encoding）
已为 12 层启用值投影噪声（value noise），缩放因子（scaling_factor）=22，分布（distribution）=编码分布（encoding）
已为 12 层启用注意力输出投影噪声（wo noise），缩放因子（scaling_factor）=22，分布（distribution）=编码分布（encoding）
已为 12 层启用前馈网络第一层噪声（wffn1 noise），缩放因子（scaling_factor）=24，分布（distribution）=编码分布（encoding）
已为 12 层启用前馈网络第二层噪声（wffn2 noise），缩放因子（scaling_factor）=22，分布（distribution）=编码分布（encoding）
Enabled softmax/V attention-product noise for 12 layers (softmax sf=10, V sf=22, distribution=fresh)
已替换 12 层的GELU函数（GELU function）
已替换 12 层的Softmax函数（Softmax function）
已为 12 层启用输入噪声（Input noise），缩放因子（scaling_factor）=30，分布（distribution）=新采样（fresh）
已为 12 层启用查询投影噪声（query noise），缩放因子（scaling_factor）=22，分布（distribution）=编码分布（encoding）
已为 12 层启用键投影噪声（key noise），缩放因子（scaling_factor）=22，分布（distribution）=编码分布（encoding）
已为 12 层启用值投影噪声（value noise），缩放因子（scaling_factor）=22，分布（distribution）=编码分布（encoding）
已为 12 层启用注意力输出投影噪声（wo noise），缩放因子（scaling_factor）=22，分布（distribution）=编码分布（encoding）
已为 12 层启用前馈网络第一层噪声（wffn1 noise），缩放因子（scaling_factor）=24，分布（distribution）=编码分布（encoding）
已为 12 层启用前馈网络第二层噪声（wffn2 noise），缩放因子（scaling_factor）=22，分布（distribution）=编码分布（encoding）
Enabled softmax/V attention-product noise for 12 layers (softmax sf=10, V sf=22, distribution=fresh)
已替换 12 层的GELU函数（GELU function）
已替换 12 层的Softmax函数（Softmax function）
已为 12 层启用输入噪声（Input noise），缩放因子（scaling_factor）=30，分布（distribution）=新采样（fresh）
已为 12 层启用查询投影噪声（query noise），缩放因子（scaling_factor）=22，分布（distribution）=编码分布（encoding）
已为 12 层启用键投影噪声（key noise），缩放因子（scaling_factor）=22，分布（distribution）=编码分布（encoding）
已为 12 层启用值投影噪声（value noise），缩放因子（scaling_factor）=22，分布（distribution）=编码分布（encoding）
已为 12 层启用注意力输出投影噪声（wo noise），缩放因子（scaling_factor）=22，分布（distribution）=编码分布（encoding）
已为 12 层启用前馈网络第一层噪声（wffn1 noise），缩放因子（scaling_factor）=24，分布（distribution）=编码分布（encoding）
已为 12 层启用前馈网络第二层噪声（wffn2 noise），缩放因子（scaling_factor）=22，分布（distribution）=编码分布（encoding）
Enabled softmax/V attention-product noise for 12 layers (softmax sf=10, V sf=22, distribution=fresh)
已替换 12 层的GELU函数（GELU function）
已替换 12 层的Softmax函数（Softmax function）
已为 12 层启用输入噪声（Input noise），缩放因子（scaling_factor）=30，分布（distribution）=新采样（fresh）
已为 12 层启用查询投影噪声（query noise），缩放因子（scaling_factor）=22，分布（distribution）=编码分布（encoding）
已为 12 层启用键投影噪声（key noise），缩放因子（scaling_factor）=22，分布（distribution）=编码分布（encoding）
已为 12 层启用值投影噪声（value noise），缩放因子（scaling_factor）=22，分布（distribution）=编码分布（encoding）
已为 12 层启用注意力输出投影噪声（wo noise），缩放因子（scaling_factor）=22，分布（distribution）=编码分布（encoding）
已为 12 层启用前馈网络第一层噪声（wffn1 noise），缩放因子（scaling_factor）=24，分布（distribution）=编码分布（encoding）
已为 12 层启用前馈网络第二层噪声（wffn2 noise），缩放因子（scaling_factor）=22，分布（distribution）=编码分布（encoding）
Enabled softmax/V attention-product noise for 12 layers (softmax sf=10, V sf=22, distribution=fresh)
  softmax_sf=10, v_sf=22 => loss_mean=1.008690, loss_var=0.000536, m1_mean=0.452451, m1_var=0.000129, m2_mean=0.467352, m2_var=0.000115
已替换 12 层的GELU函数（GELU function）
已替换 12 层的Softmax函数（Softmax function）
已为 12 层启用输入噪声（Input noise），缩放因子（scaling_factor）=30，分布（distribution）=新采样（fresh）
已为 12 层启用查询投影噪声（query noise），缩放因子（scaling_factor）=22，分布（distribution）=编码分布（encoding）
已为 12 层启用键投影噪声（key noise），缩放因子（scaling_factor）=22，分布（distribution）=编码分布（encoding）
已为 12 层启用值投影噪声（value noise），缩放因子（scaling_factor）=22，分布（distribution）=编码分布（encoding）
已为 12 层启用注意力输出投影噪声（wo noise），缩放因子（scaling_factor）=22，分布（distribution）=编码分布（encoding）
已为 12 层启用前馈网络第一层噪声（wffn1 noise），缩放因子（scaling_factor）=24，分布（distribution）=编码分布（encoding）
已为 12 层启用前馈网络第二层噪声（wffn2 noise），缩放因子（scaling_factor）=22，分布（distribution）=编码分布（encoding）
Enabled softmax/V attention-product noise for 12 layers (softmax sf=10, V sf=24, distribution=fresh)
已替换 12 层的GELU函数（GELU function）
已替换 12 层的Softmax函数（Softmax function）
已为 12 层启用输入噪声（Input noise），缩放因子（scaling_factor）=30，分布（distribution）=新采样（fresh）
已为 12 层启用查询投影噪声（query noise），缩放因子（scaling_factor）=22，分布（distribution）=编码分布（encoding）
已为 12 层启用键投影噪声（key noise），缩放因子（scaling_factor）=22，分布（distribution）=编码分布（encoding）
已为 12 层启用值投影噪声（value noise），缩放因子（scaling_factor）=22，分布（distribution）=编码分布（encoding）
已为 12 层启用注意力输出投影噪声（wo noise），缩放因子（scaling_factor）=22，分布（distribution）=编码分布（encoding）
已为 12 层启用前馈网络第一层噪声（wffn1 noise），缩放因子（scaling_factor）=24，分布（distribution）=编码分布（encoding）
已为 12 层启用前馈网络第二层噪声（wffn2 noise），缩放因子（scaling_factor）=22，分布（distribution）=编码分布（encoding）
Enabled softmax/V attention-product noise for 12 layers (softmax sf=10, V sf=24, distribution=fresh)
已替换 12 层的GELU函数（GELU function）
已替换 12 层的Softmax函数（Softmax function）
已为 12 层启用输入噪声（Input noise），缩放因子（scaling_factor）=30，分布（distribution）=新采样（fresh）
已为 12 层启用查询投影噪声（query noise），缩放因子（scaling_factor）=22，分布（distribution）=编码分布（encoding）
已为 12 层启用键投影噪声（key noise），缩放因子（scaling_factor）=22，分布（distribution）=编码分布（encoding）
已为 12 层启用值投影噪声（value noise），缩放因子（scaling_factor）=22，分布（distribution）=编码分布（encoding）
已为 12 层启用注意力输出投影噪声（wo noise），缩放因子（scaling_factor）=22，分布（distribution）=编码分布（encoding）
已为 12 层启用前馈网络第一层噪声（wffn1 noise），缩放因子（scaling_factor）=24，分布（distribution）=编码分布（encoding）
已为 12 层启用前馈网络第二层噪声（wffn2 noise），缩放因子（scaling_factor）=22，分布（distribution）=编码分布（encoding）
Enabled softmax/V attention-product noise for 12 layers (softmax sf=10, V sf=24, distribution=fresh)
已替换 12 层的GELU函数（GELU function）
已替换 12 层的Softmax函数（Softmax function）
已为 12 层启用输入噪声（Input noise），缩放因子（scaling_factor）=30，分布（distribution）=新采样（fresh）
已为 12 层启用查询投影噪声（query noise），缩放因子（scaling_factor）=22，分布（distribution）=编码分布（encoding）
已为 12 层启用键投影噪声（key noise），缩放因子（scaling_factor）=22，分布（distribution）=编码分布（encoding）
已为 12 层启用值投影噪声（value noise），缩放因子（scaling_factor）=22，分布（distribution）=编码分布（encoding）
已为 12 层启用注意力输出投影噪声（wo noise），缩放因子（scaling_factor）=22，分布（distribution）=编码分布（encoding）
已为 12 层启用前馈网络第一层噪声（wffn1 noise），缩放因子（scaling_factor）=24，分布（distribution）=编码分布（encoding）
已为 12 层启用前馈网络第二层噪声（wffn2 noise），缩放因子（scaling_factor）=22，分布（distribution）=编码分布（encoding）
Enabled softmax/V attention-product noise for 12 layers (softmax sf=10, V sf=24, distribution=fresh)
已替换 12 层的GELU函数（GELU function）
已替换 12 层的Softmax函数（Softmax function）
已为 12 层启用输入噪声（Input noise），缩放因子（scaling_factor）=30，分布（distribution）=新采样（fresh）
已为 12 层启用查询投影噪声（query noise），缩放因子（scaling_factor）=22，分布（distribution）=编码分布（encoding）
已为 12 层启用键投影噪声（key noise），缩放因子（scaling_factor）=22，分布（distribution）=编码分布（encoding）
已为 12 层启用值投影噪声（value noise），缩放因子（scaling_factor）=22，分布（distribution）=编码分布（encoding）
已为 12 层启用注意力输出投影噪声（wo noise），缩放因子（scaling_factor）=22，分布（distribution）=编码分布（encoding）
已为 12 层启用前馈网络第一层噪声（wffn1 noise），缩放因子（scaling_factor）=24，分布（distribution）=编码分布（encoding）
已为 12 层启用前馈网络第二层噪声（wffn2 noise），缩放因子（scaling_factor）=22，分布（distribution）=编码分布（encoding）
Enabled softmax/V attention-product noise for 12 layers (softmax sf=10, V sf=24, distribution=fresh)
  softmax_sf=10, v_sf=24 => loss_mean=0.975321, loss_var=0.000781, m1_mean=0.469118, m1_var=0.000247, m2_mean=0.484536, m2_var=0.000269
已替换 12 层的GELU函数（GELU function）
已替换 12 层的Softmax函数（Softmax function）
已为 12 层启用输入噪声（Input noise），缩放因子（scaling_factor）=30，分布（distribution）=新采样（fresh）
已为 12 层启用查询投影噪声（query noise），缩放因子（scaling_factor）=22，分布（distribution）=编码分布（encoding）
已为 12 层启用键投影噪声（key noise），缩放因子（scaling_factor）=22，分布（distribution）=编码分布（encoding）
已为 12 层启用值投影噪声（value noise），缩放因子（scaling_factor）=22，分布（distribution）=编码分布（encoding）
已为 12 层启用注意力输出投影噪声（wo noise），缩放因子（scaling_factor）=22，分布（distribution）=编码分布（encoding）
已为 12 层启用前馈网络第一层噪声（wffn1 noise），缩放因子（scaling_factor）=24，分布（distribution）=编码分布（encoding）
已为 12 层启用前馈网络第二层噪声（wffn2 noise），缩放因子（scaling_factor）=22，分布（distribution）=编码分布（encoding）
Enabled softmax/V attention-product noise for 12 layers (softmax sf=10, V sf=26, distribution=fresh)
已替换 12 层的GELU函数（GELU function）
已替换 12 层的Softmax函数（Softmax function）
已为 12 层启用输入噪声（Input noise），缩放因子（scaling_factor）=30，分布（distribution）=新采样（fresh）
已为 12 层启用查询投影噪声（query noise），缩放因子（scaling_factor）=22，分布（distribution）=编码分布（encoding）
已为 12 层启用键投影噪声（key noise），缩放因子（scaling_factor）=22，分布（distribution）=编码分布（encoding）
已为 12 层启用值投影噪声（value noise），缩放因子（scaling_factor）=22，分布（distribution）=编码分布（encoding）
已为 12 层启用注意力输出投影噪声（wo noise），缩放因子（scaling_factor）=22，分布（distribution）=编码分布（encoding）
已为 12 层启用前馈网络第一层噪声（wffn1 noise），缩放因子（scaling_factor）=24，分布（distribution）=编码分布（encoding）
已为 12 层启用前馈网络第二层噪声（wffn2 noise），缩放因子（scaling_factor）=22，分布（distribution）=编码分布（encoding）
Enabled softmax/V attention-product noise for 12 layers (softmax sf=10, V sf=26, distribution=fresh)
已替换 12 层的GELU函数（GELU function）
已替换 12 层的Softmax函数（Softmax function）
已为 12 层启用输入噪声（Input noise），缩放因子（scaling_factor）=30，分布（distribution）=新采样（fresh）
已为 12 层启用查询投影噪声（query noise），缩放因子（scaling_factor）=22，分布（distribution）=编码分布（encoding）
已为 12 层启用键投影噪声（key noise），缩放因子（scaling_factor）=22，分布（distribution）=编码分布（encoding）
已为 12 层启用值投影噪声（value noise），缩放因子（scaling_factor）=22，分布（distribution）=编码分布（encoding）
已为 12 层启用注意力输出投影噪声（wo noise），缩放因子（scaling_factor）=22，分布（distribution）=编码分布（encoding）
已为 12 层启用前馈网络第一层噪声（wffn1 noise），缩放因子（scaling_factor）=24，分布（distribution）=编码分布（encoding）
已为 12 层启用前馈网络第二层噪声（wffn2 noise），缩放因子（scaling_factor）=22，分布（distribution）=编码分布（encoding）
Enabled softmax/V attention-product noise for 12 layers (softmax sf=10, V sf=26, distribution=fresh)
已替换 12 层的GELU函数（GELU function）
已替换 12 层的Softmax函数（Softmax function）
已为 12 层启用输入噪声（Input noise），缩放因子（scaling_factor）=30，分布（distribution）=新采样（fresh）
已为 12 层启用查询投影噪声（query noise），缩放因子（scaling_factor）=22，分布（distribution）=编码分布（encoding）
已为 12 层启用键投影噪声（key noise），缩放因子（scaling_factor）=22，分布（distribution）=编码分布（encoding）
已为 12 层启用值投影噪声（value noise），缩放因子（scaling_factor）=22，分布（distribution）=编码分布（encoding）
已为 12 层启用注意力输出投影噪声（wo noise），缩放因子（scaling_factor）=22，分布（distribution）=编码分布（encoding）
已为 12 层启用前馈网络第一层噪声（wffn1 noise），缩放因子（scaling_factor）=24，分布（distribution）=编码分布（encoding）
已为 12 层启用前馈网络第二层噪声（wffn2 noise），缩放因子（scaling_factor）=22，分布（distribution）=编码分布（encoding）
Enabled softmax/V attention-product noise for 12 layers (softmax sf=10, V sf=26, distribution=fresh)
已替换 12 层的GELU函数（GELU function）
已替换 12 层的Softmax函数（Softmax function）
已为 12 层启用输入噪声（Input noise），缩放因子（scaling_factor）=30，分布（distribution）=新采样（fresh）
已为 12 层启用查询投影噪声（query noise），缩放因子（scaling_factor）=22，分布（distribution）=编码分布（encoding）
已为 12 层启用键投影噪声（key noise），缩放因子（scaling_factor）=22，分布（distribution）=编码分布（encoding）
已为 12 层启用值投影噪声（value noise），缩放因子（scaling_factor）=22，分布（distribution）=编码分布（encoding）
已为 12 层启用注意力输出投影噪声（wo noise），缩放因子（scaling_factor）=22，分布（distribution）=编码分布（encoding）
已为 12 层启用前馈网络第一层噪声（wffn1 noise），缩放因子（scaling_factor）=24，分布（distribution）=编码分布（encoding）
已为 12 层启用前馈网络第二层噪声（wffn2 noise），缩放因子（scaling_factor）=22，分布（distribution）=编码分布（encoding）
Enabled softmax/V attention-product noise for 12 layers (softmax sf=10, V sf=26, distribution=fresh)
  softmax_sf=10, v_sf=26 => loss_mean=0.982865, loss_var=0.000535, m1_mean=0.467647, m1_var=0.000311, m2_mean=0.483095, m2_var=0.000327
已替换 12 层的GELU函数（GELU function）
已替换 12 层的Softmax函数（Softmax function）
已为 12 层启用输入噪声（Input noise），缩放因子（scaling_factor）=30，分布（distribution）=新采样（fresh）
已为 12 层启用查询投影噪声（query noise），缩放因子（scaling_factor）=22，分布（distribution）=编码分布（encoding）
已为 12 层启用键投影噪声（key noise），缩放因子（scaling_factor）=22，分布（distribution）=编码分布（encoding）
已为 12 层启用值投影噪声（value noise），缩放因子（scaling_factor）=22，分布（distribution）=编码分布（encoding）
已为 12 层启用注意力输出投影噪声（wo noise），缩放因子（scaling_factor）=22，分布（distribution）=编码分布（encoding）
已为 12 层启用前馈网络第一层噪声（wffn1 noise），缩放因子（scaling_factor）=24，分布（distribution）=编码分布（encoding）
已为 12 层启用前馈网络第二层噪声（wffn2 noise），缩放因子（scaling_factor）=22，分布（distribution）=编码分布（encoding）
Enabled softmax/V attention-product noise for 12 layers (softmax sf=10, V sf=28, distribution=fresh)
已替换 12 层的GELU函数（GELU function）
已替换 12 层的Softmax函数（Softmax function）
已为 12 层启用输入噪声（Input noise），缩放因子（scaling_factor）=30，分布（distribution）=新采样（fresh）
已为 12 层启用查询投影噪声（query noise），缩放因子（scaling_factor）=22，分布（distribution）=编码分布（encoding）
已为 12 层启用键投影噪声（key noise），缩放因子（scaling_factor）=22，分布（distribution）=编码分布（encoding）
已为 12 层启用值投影噪声（value noise），缩放因子（scaling_factor）=22，分布（distribution）=编码分布（encoding）
已为 12 层启用注意力输出投影噪声（wo noise），缩放因子（scaling_factor）=22，分布（distribution）=编码分布（encoding）
已为 12 层启用前馈网络第一层噪声（wffn1 noise），缩放因子（scaling_factor）=24，分布（distribution）=编码分布（encoding）
已为 12 层启用前馈网络第二层噪声（wffn2 noise），缩放因子（scaling_factor）=22，分布（distribution）=编码分布（encoding）
Enabled softmax/V attention-product noise for 12 layers (softmax sf=10, V sf=28, distribution=fresh)
已替换 12 层的GELU函数（GELU function）
已替换 12 层的Softmax函数（Softmax function）
已为 12 层启用输入噪声（Input noise），缩放因子（scaling_factor）=30，分布（distribution）=新采样（fresh）
已为 12 层启用查询投影噪声（query noise），缩放因子（scaling_factor）=22，分布（distribution）=编码分布（encoding）
已为 12 层启用键投影噪声（key noise），缩放因子（scaling_factor）=22，分布（distribution）=编码分布（encoding）
已为 12 层启用值投影噪声（value noise），缩放因子（scaling_factor）=22，分布（distribution）=编码分布（encoding）
已为 12 层启用注意力输出投影噪声（wo noise），缩放因子（scaling_factor）=22，分布（distribution）=编码分布（encoding）
已为 12 层启用前馈网络第一层噪声（wffn1 noise），缩放因子（scaling_factor）=24，分布（distribution）=编码分布（encoding）
已为 12 层启用前馈网络第二层噪声（wffn2 noise），缩放因子（scaling_factor）=22，分布（distribution）=编码分布（encoding）
Enabled softmax/V attention-product noise for 12 layers (softmax sf=10, V sf=28, distribution=fresh)
已替换 12 层的GELU函数（GELU function）
已替换 12 层的Softmax函数（Softmax function）
已为 12 层启用输入噪声（Input noise），缩放因子（scaling_factor）=30，分布（distribution）=新采样（fresh）
已为 12 层启用查询投影噪声（query noise），缩放因子（scaling_factor）=22，分布（distribution）=编码分布（encoding）
已为 12 层启用键投影噪声（key noise），缩放因子（scaling_factor）=22，分布（distribution）=编码分布（encoding）
已为 12 层启用值投影噪声（value noise），缩放因子（scaling_factor）=22，分布（distribution）=编码分布（encoding）
已为 12 层启用注意力输出投影噪声（wo noise），缩放因子（scaling_factor）=22，分布（distribution）=编码分布（encoding）
已为 12 层启用前馈网络第一层噪声（wffn1 noise），缩放因子（scaling_factor）=24，分布（distribution）=编码分布（encoding）
已为 12 层启用前馈网络第二层噪声（wffn2 noise），缩放因子（scaling_factor）=22，分布（distribution）=编码分布（encoding）
Enabled softmax/V attention-product noise for 12 layers (softmax sf=10, V sf=28, distribution=fresh)
已替换 12 层的GELU函数（GELU function）
已替换 12 层的Softmax函数（Softmax function）
已为 12 层启用输入噪声（Input noise），缩放因子（scaling_factor）=30，分布（distribution）=新采样（fresh）
已为 12 层启用查询投影噪声（query noise），缩放因子（scaling_factor）=22，分布（distribution）=编码分布（encoding）
已为 12 层启用键投影噪声（key noise），缩放因子（scaling_factor）=22，分布（distribution）=编码分布（encoding）
已为 12 层启用值投影噪声（value noise），缩放因子（scaling_factor）=22，分布（distribution）=编码分布（encoding）
已为 12 层启用注意力输出投影噪声（wo noise），缩放因子（scaling_factor）=22，分布（distribution）=编码分布（encoding）
已为 12 层启用前馈网络第一层噪声（wffn1 noise），缩放因子（scaling_factor）=24，分布（distribution）=编码分布（encoding）
已为 12 层启用前馈网络第二层噪声（wffn2 noise），缩放因子（scaling_factor）=22，分布（distribution）=编码分布（encoding）
Enabled softmax/V attention-product noise for 12 layers (softmax sf=10, V sf=28, distribution=fresh)
  softmax_sf=10, v_sf=28 => loss_mean=0.962159, loss_var=0.000570, m1_mean=0.476961, m1_var=0.000460, m2_mean=0.493469, m2_var=0.000413
已替换 12 层的GELU函数（GELU function）
已替换 12 层的Softmax函数（Softmax function）
已为 12 层启用输入噪声（Input noise），缩放因子（scaling_factor）=30，分布（distribution）=新采样（fresh）
已为 12 层启用查询投影噪声（query noise），缩放因子（scaling_factor）=22，分布（distribution）=编码分布（encoding）
已为 12 层启用键投影噪声（key noise），缩放因子（scaling_factor）=22，分布（distribution）=编码分布（encoding）
已为 12 层启用值投影噪声（value noise），缩放因子（scaling_factor）=22，分布（distribution）=编码分布（encoding）
已为 12 层启用注意力输出投影噪声（wo noise），缩放因子（scaling_factor）=22，分布（distribution）=编码分布（encoding）
已为 12 层启用前馈网络第一层噪声（wffn1 noise），缩放因子（scaling_factor）=24，分布（distribution）=编码分布（encoding）
已为 12 层启用前馈网络第二层噪声（wffn2 noise），缩放因子（scaling_factor）=22，分布（distribution）=编码分布（encoding）
Enabled softmax/V attention-product noise for 12 layers (softmax sf=10, V sf=30, distribution=fresh)
已替换 12 层的GELU函数（GELU function）
已替换 12 层的Softmax函数（Softmax function）
已为 12 层启用输入噪声（Input noise），缩放因子（scaling_factor）=30，分布（distribution）=新采样（fresh）
已为 12 层启用查询投影噪声（query noise），缩放因子（scaling_factor）=22，分布（distribution）=编码分布（encoding）
已为 12 层启用键投影噪声（key noise），缩放因子（scaling_factor）=22，分布（distribution）=编码分布（encoding）
已为 12 层启用值投影噪声（value noise），缩放因子（scaling_factor）=22，分布（distribution）=编码分布（encoding）
已为 12 层启用注意力输出投影噪声（wo noise），缩放因子（scaling_factor）=22，分布（distribution）=编码分布（encoding）
已为 12 层启用前馈网络第一层噪声（wffn1 noise），缩放因子（scaling_factor）=24，分布（distribution）=编码分布（encoding）
已为 12 层启用前馈网络第二层噪声（wffn2 noise），缩放因子（scaling_factor）=22，分布（distribution）=编码分布（encoding）
Enabled softmax/V attention-product noise for 12 layers (softmax sf=10, V sf=30, distribution=fresh)
已替换 12 层的GELU函数（GELU function）
已替换 12 层的Softmax函数（Softmax function）
已为 12 层启用输入噪声（Input noise），缩放因子（scaling_factor）=30，分布（distribution）=新采样（fresh）
已为 12 层启用查询投影噪声（query noise），缩放因子（scaling_factor）=22，分布（distribution）=编码分布（encoding）
已为 12 层启用键投影噪声（key noise），缩放因子（scaling_factor）=22，分布（distribution）=编码分布（encoding）
已为 12 层启用值投影噪声（value noise），缩放因子（scaling_factor）=22，分布（distribution）=编码分布（encoding）
已为 12 层启用注意力输出投影噪声（wo noise），缩放因子（scaling_factor）=22，分布（distribution）=编码分布（encoding）
已为 12 层启用前馈网络第一层噪声（wffn1 noise），缩放因子（scaling_factor）=24，分布（distribution）=编码分布（encoding）
已为 12 层启用前馈网络第二层噪声（wffn2 noise），缩放因子（scaling_factor）=22，分布（distribution）=编码分布（encoding）
Enabled softmax/V attention-product noise for 12 layers (softmax sf=10, V sf=30, distribution=fresh)
已替换 12 层的GELU函数（GELU function）
已替换 12 层的Softmax函数（Softmax function）
已为 12 层启用输入噪声（Input noise），缩放因子（scaling_factor）=30，分布（distribution）=新采样（fresh）
已为 12 层启用查询投影噪声（query noise），缩放因子（scaling_factor）=22，分布（distribution）=编码分布（encoding）
已为 12 层启用键投影噪声（key noise），缩放因子（scaling_factor）=22，分布（distribution）=编码分布（encoding）
已为 12 层启用值投影噪声（value noise），缩放因子（scaling_factor）=22，分布（distribution）=编码分布（encoding）
已为 12 层启用注意力输出投影噪声（wo noise），缩放因子（scaling_factor）=22，分布（distribution）=编码分布（encoding）
已为 12 层启用前馈网络第一层噪声（wffn1 noise），缩放因子（scaling_factor）=24，分布（distribution）=编码分布（encoding）
已为 12 层启用前馈网络第二层噪声（wffn2 noise），缩放因子（scaling_factor）=22，分布（distribution）=编码分布（encoding）
Enabled softmax/V attention-product noise for 12 layers (softmax sf=10, V sf=30, distribution=fresh)
已替换 12 层的GELU函数（GELU function）
已替换 12 层的Softmax函数（Softmax function）
已为 12 层启用输入噪声（Input noise），缩放因子（scaling_factor）=30，分布（distribution）=新采样（fresh）
已为 12 层启用查询投影噪声（query noise），缩放因子（scaling_factor）=22，分布（distribution）=编码分布（encoding）
已为 12 层启用键投影噪声（key noise），缩放因子（scaling_factor）=22，分布（distribution）=编码分布（encoding）
已为 12 层启用值投影噪声（value noise），缩放因子（scaling_factor）=22，分布（distribution）=编码分布（encoding）
已为 12 层启用注意力输出投影噪声（wo noise），缩放因子（scaling_factor）=22，分布（distribution）=编码分布（encoding）
已为 12 层启用前馈网络第一层噪声（wffn1 noise），缩放因子（scaling_factor）=24，分布（distribution）=编码分布（encoding）
已为 12 层启用前馈网络第二层噪声（wffn2 noise），缩放因子（scaling_factor）=22，分布（distribution）=编码分布（encoding）
Enabled softmax/V attention-product noise for 12 layers (softmax sf=10, V sf=30, distribution=fresh)
  softmax_sf=10, v_sf=30 => loss_mean=0.947785, loss_var=0.000212, m1_mean=0.495098, m1_var=0.000156, m2_mean=0.511293, m2_var=0.000148
已替换 12 层的GELU函数（GELU function）
已替换 12 层的Softmax函数（Softmax function）
已为 12 层启用输入噪声（Input noise），缩放因子（scaling_factor）=30，分布（distribution）=新采样（fresh）
已为 12 层启用查询投影噪声（query noise），缩放因子（scaling_factor）=22，分布（distribution）=编码分布（encoding）
已为 12 层启用键投影噪声（key noise），缩放因子（scaling_factor）=22，分布（distribution）=编码分布（encoding）
已为 12 层启用值投影噪声（value noise），缩放因子（scaling_factor）=22，分布（distribution）=编码分布（encoding）
已为 12 层启用注意力输出投影噪声（wo noise），缩放因子（scaling_factor）=22，分布（distribution）=编码分布（encoding）
已为 12 层启用前馈网络第一层噪声（wffn1 noise），缩放因子（scaling_factor）=24，分布（distribution）=编码分布（encoding）
已为 12 层启用前馈网络第二层噪声（wffn2 noise），缩放因子（scaling_factor）=22，分布（distribution）=编码分布（encoding）
Enabled softmax/V attention-product noise for 12 layers (softmax sf=10, V sf=32, distribution=fresh)
已替换 12 层的GELU函数（GELU function）
已替换 12 层的Softmax函数（Softmax function）
已为 12 层启用输入噪声（Input noise），缩放因子（scaling_factor）=30，分布（distribution）=新采样（fresh）
已为 12 层启用查询投影噪声（query noise），缩放因子（scaling_factor）=22，分布（distribution）=编码分布（encoding）
已为 12 层启用键投影噪声（key noise），缩放因子（scaling_factor）=22，分布（distribution）=编码分布（encoding）
已为 12 层启用值投影噪声（value noise），缩放因子（scaling_factor）=22，分布（distribution）=编码分布（encoding）
已为 12 层启用注意力输出投影噪声（wo noise），缩放因子（scaling_factor）=22，分布（distribution）=编码分布（encoding）
已为 12 层启用前馈网络第一层噪声（wffn1 noise），缩放因子（scaling_factor）=24，分布（distribution）=编码分布（encoding）
已为 12 层启用前馈网络第二层噪声（wffn2 noise），缩放因子（scaling_factor）=22，分布（distribution）=编码分布（encoding）
Enabled softmax/V attention-product noise for 12 layers (softmax sf=10, V sf=32, distribution=fresh)
已替换 12 层的GELU函数（GELU function）
已替换 12 层的Softmax函数（Softmax function）
已为 12 层启用输入噪声（Input noise），缩放因子（scaling_factor）=30，分布（distribution）=新采样（fresh）
已为 12 层启用查询投影噪声（query noise），缩放因子（scaling_factor）=22，分布（distribution）=编码分布（encoding）
已为 12 层启用键投影噪声（key noise），缩放因子（scaling_factor）=22，分布（distribution）=编码分布（encoding）
已为 12 层启用值投影噪声（value noise），缩放因子（scaling_factor）=22，分布（distribution）=编码分布（encoding）
已为 12 层启用注意力输出投影噪声（wo noise），缩放因子（scaling_factor）=22，分布（distribution）=编码分布（encoding）
已为 12 层启用前馈网络第一层噪声（wffn1 noise），缩放因子（scaling_factor）=24，分布（distribution）=编码分布（encoding）
已为 12 层启用前馈网络第二层噪声（wffn2 noise），缩放因子（scaling_factor）=22，分布（distribution）=编码分布（encoding）
Enabled softmax/V attention-product noise for 12 layers (softmax sf=10, V sf=32, distribution=fresh)
已替换 12 层的GELU函数（GELU function）
已替换 12 层的Softmax函数（Softmax function）
已为 12 层启用输入噪声（Input noise），缩放因子（scaling_factor）=30，分布（distribution）=新采样（fresh）
已为 12 层启用查询投影噪声（query noise），缩放因子（scaling_factor）=22，分布（distribution）=编码分布（encoding）
已为 12 层启用键投影噪声（key noise），缩放因子（scaling_factor）=22，分布（distribution）=编码分布（encoding）
已为 12 层启用值投影噪声（value noise），缩放因子（scaling_factor）=22，分布（distribution）=编码分布（encoding）
已为 12 层启用注意力输出投影噪声（wo noise），缩放因子（scaling_factor）=22，分布（distribution）=编码分布（encoding）
已为 12 层启用前馈网络第一层噪声（wffn1 noise），缩放因子（scaling_factor）=24，分布（distribution）=编码分布（encoding）
已为 12 层启用前馈网络第二层噪声（wffn2 noise），缩放因子（scaling_factor）=22，分布（distribution）=编码分布（encoding）
Enabled softmax/V attention-product noise for 12 layers (softmax sf=10, V sf=32, distribution=fresh)
已替换 12 层的GELU函数（GELU function）
已替换 12 层的Softmax函数（Softmax function）
已为 12 层启用输入噪声（Input noise），缩放因子（scaling_factor）=30，分布（distribution）=新采样（fresh）
已为 12 层启用查询投影噪声（query noise），缩放因子（scaling_factor）=22，分布（distribution）=编码分布（encoding）
已为 12 层启用键投影噪声（key noise），缩放因子（scaling_factor）=22，分布（distribution）=编码分布（encoding）
已为 12 层启用值投影噪声（value noise），缩放因子（scaling_factor）=22，分布（distribution）=编码分布（encoding）
已为 12 层启用注意力输出投影噪声（wo noise），缩放因子（scaling_factor）=22，分布（distribution）=编码分布（encoding）
已为 12 层启用前馈网络第一层噪声（wffn1 noise），缩放因子（scaling_factor）=24，分布（distribution）=编码分布（encoding）
已为 12 层启用前馈网络第二层噪声（wffn2 noise），缩放因子（scaling_factor）=22，分布（distribution）=编码分布（encoding）
Enabled softmax/V attention-product noise for 12 layers (softmax sf=10, V sf=32, distribution=fresh)
  softmax_sf=10, v_sf=32 => loss_mean=0.957305, loss_var=0.001065, m1_mean=0.471078, m1_var=0.000546, m2_mean=0.485895, m2_var=0.000578
已替换 12 层的GELU函数（GELU function）
已替换 12 层的Softmax函数（Softmax function）
已为 12 层启用输入噪声（Input noise），缩放因子（scaling_factor）=30，分布（distribution）=新采样（fresh）
已为 12 层启用查询投影噪声（query noise），缩放因子（scaling_factor）=22，分布（distribution）=编码分布（encoding）
已为 12 层启用键投影噪声（key noise），缩放因子（scaling_factor）=22，分布（distribution）=编码分布（encoding）
已为 12 层启用值投影噪声（value noise），缩放因子（scaling_factor）=22，分布（distribution）=编码分布（encoding）
已为 12 层启用注意力输出投影噪声（wo noise），缩放因子（scaling_factor）=22，分布（distribution）=编码分布（encoding）
已为 12 层启用前馈网络第一层噪声（wffn1 noise），缩放因子（scaling_factor）=24，分布（distribution）=编码分布（encoding）
已为 12 层启用前馈网络第二层噪声（wffn2 noise），缩放因子（scaling_factor）=22，分布（distribution）=编码分布（encoding）
Enabled softmax/V attention-product noise for 12 layers (softmax sf=10, V sf=34, distribution=fresh)
已替换 12 层的GELU函数（GELU function）
已替换 12 层的Softmax函数（Softmax function）
已为 12 层启用输入噪声（Input noise），缩放因子（scaling_factor）=30，分布（distribution）=新采样（fresh）
已为 12 层启用查询投影噪声（query noise），缩放因子（scaling_factor）=22，分布（distribution）=编码分布（encoding）
已为 12 层启用键投影噪声（key noise），缩放因子（scaling_factor）=22，分布（distribution）=编码分布（encoding）
已为 12 层启用值投影噪声（value noise），缩放因子（scaling_factor）=22，分布（distribution）=编码分布（encoding）
已为 12 层启用注意力输出投影噪声（wo noise），缩放因子（scaling_factor）=22，分布（distribution）=编码分布（encoding）
已为 12 层启用前馈网络第一层噪声（wffn1 noise），缩放因子（scaling_factor）=24，分布（distribution）=编码分布（encoding）
已为 12 层启用前馈网络第二层噪声（wffn2 noise），缩放因子（scaling_factor）=22，分布（distribution）=编码分布（encoding）
Enabled softmax/V attention-product noise for 12 layers (softmax sf=10, V sf=34, distribution=fresh)
已替换 12 层的GELU函数（GELU function）
已替换 12 层的Softmax函数（Softmax function）
已为 12 层启用输入噪声（Input noise），缩放因子（scaling_factor）=30，分布（distribution）=新采样（fresh）
已为 12 层启用查询投影噪声（query noise），缩放因子（scaling_factor）=22，分布（distribution）=编码分布（encoding）
已为 12 层启用键投影噪声（key noise），缩放因子（scaling_factor）=22，分布（distribution）=编码分布（encoding）
已为 12 层启用值投影噪声（value noise），缩放因子（scaling_factor）=22，分布（distribution）=编码分布（encoding）
已为 12 层启用注意力输出投影噪声（wo noise），缩放因子（scaling_factor）=22，分布（distribution）=编码分布（encoding）
已为 12 层启用前馈网络第一层噪声（wffn1 noise），缩放因子（scaling_factor）=24，分布（distribution）=编码分布（encoding）
已为 12 层启用前馈网络第二层噪声（wffn2 noise），缩放因子（scaling_factor）=22，分布（distribution）=编码分布（encoding）
Enabled softmax/V attention-product noise for 12 layers (softmax sf=10, V sf=34, distribution=fresh)
已替换 12 层的GELU函数（GELU function）
已替换 12 层的Softmax函数（Softmax function）
已为 12 层启用输入噪声（Input noise），缩放因子（scaling_factor）=30，分布（distribution）=新采样（fresh）
已为 12 层启用查询投影噪声（query noise），缩放因子（scaling_factor）=22，分布（distribution）=编码分布（encoding）
已为 12 层启用键投影噪声（key noise），缩放因子（scaling_factor）=22，分布（distribution）=编码分布（encoding）
已为 12 层启用值投影噪声（value noise），缩放因子（scaling_factor）=22，分布（distribution）=编码分布（encoding）
已为 12 层启用注意力输出投影噪声（wo noise），缩放因子（scaling_factor）=22，分布（distribution）=编码分布（encoding）
已为 12 层启用前馈网络第一层噪声（wffn1 noise），缩放因子（scaling_factor）=24，分布（distribution）=编码分布（encoding）
已为 12 层启用前馈网络第二层噪声（wffn2 noise），缩放因子（scaling_factor）=22，分布（distribution）=编码分布（encoding）
Enabled softmax/V attention-product noise for 12 layers (softmax sf=10, V sf=34, distribution=fresh)
已替换 12 层的GELU函数（GELU function）
已替换 12 层的Softmax函数（Softmax function）
已为 12 层启用输入噪声（Input noise），缩放因子（scaling_factor）=30，分布（distribution）=新采样（fresh）
已为 12 层启用查询投影噪声（query noise），缩放因子（scaling_factor）=22，分布（distribution）=编码分布（encoding）
已为 12 层启用键投影噪声（key noise），缩放因子（scaling_factor）=22，分布（distribution）=编码分布（encoding）
已为 12 层启用值投影噪声（value noise），缩放因子（scaling_factor）=22，分布（distribution）=编码分布（encoding）
已为 12 层启用注意力输出投影噪声（wo noise），缩放因子（scaling_factor）=22，分布（distribution）=编码分布（encoding）
已为 12 层启用前馈网络第一层噪声（wffn1 noise），缩放因子（scaling_factor）=24，分布（distribution）=编码分布（encoding）
已为 12 层启用前馈网络第二层噪声（wffn2 noise），缩放因子（scaling_factor）=22，分布（distribution）=编码分布（encoding）
Enabled softmax/V attention-product noise for 12 layers (softmax sf=10, V sf=34, distribution=fresh)
  softmax_sf=10, v_sf=34 => loss_mean=0.963605, loss_var=0.002998, m1_mean=0.470588, m1_var=0.000920, m2_mean=0.486307, m2_var=0.000908
已替换 12 层的GELU函数（GELU function）
已替换 12 层的Softmax函数（Softmax function）
已为 12 层启用输入噪声（Input noise），缩放因子（scaling_factor）=30，分布（distribution）=新采样（fresh）
已为 12 层启用查询投影噪声（query noise），缩放因子（scaling_factor）=22，分布（distribution）=编码分布（encoding）
已为 12 层启用键投影噪声（key noise），缩放因子（scaling_factor）=22，分布（distribution）=编码分布（encoding）
已为 12 层启用值投影噪声（value noise），缩放因子（scaling_factor）=22，分布（distribution）=编码分布（encoding）
已为 12 层启用注意力输出投影噪声（wo noise），缩放因子（scaling_factor）=22，分布（distribution）=编码分布（encoding）
已为 12 层启用前馈网络第一层噪声（wffn1 noise），缩放因子（scaling_factor）=24，分布（distribution）=编码分布（encoding）
已为 12 层启用前馈网络第二层噪声（wffn2 noise），缩放因子（scaling_factor）=22，分布（distribution）=编码分布（encoding）
Enabled softmax/V attention-product noise for 12 layers (softmax sf=10, V sf=36, distribution=fresh)
已替换 12 层的GELU函数（GELU function）
已替换 12 层的Softmax函数（Softmax function）
已为 12 层启用输入噪声（Input noise），缩放因子（scaling_factor）=30，分布（distribution）=新采样（fresh）
已为 12 层启用查询投影噪声（query noise），缩放因子（scaling_factor）=22，分布（distribution）=编码分布（encoding）
已为 12 层启用键投影噪声（key noise），缩放因子（scaling_factor）=22，分布（distribution）=编码分布（encoding）
已为 12 层启用值投影噪声（value noise），缩放因子（scaling_factor）=22，分布（distribution）=编码分布（encoding）
已为 12 层启用注意力输出投影噪声（wo noise），缩放因子（scaling_factor）=22，分布（distribution）=编码分布（encoding）
已为 12 层启用前馈网络第一层噪声（wffn1 noise），缩放因子（scaling_factor）=24，分布（distribution）=编码分布（encoding）
已为 12 层启用前馈网络第二层噪声（wffn2 noise），缩放因子（scaling_factor）=22，分布（distribution）=编码分布（encoding）
Enabled softmax/V attention-product noise for 12 layers (softmax sf=10, V sf=36, distribution=fresh)
已替换 12 层的GELU函数（GELU function）
已替换 12 层的Softmax函数（Softmax function）
已为 12 层启用输入噪声（Input noise），缩放因子（scaling_factor）=30，分布（distribution）=新采样（fresh）
已为 12 层启用查询投影噪声（query noise），缩放因子（scaling_factor）=22，分布（distribution）=编码分布（encoding）
已为 12 层启用键投影噪声（key noise），缩放因子（scaling_factor）=22，分布（distribution）=编码分布（encoding）
已为 12 层启用值投影噪声（value noise），缩放因子（scaling_factor）=22，分布（distribution）=编码分布（encoding）
已为 12 层启用注意力输出投影噪声（wo noise），缩放因子（scaling_factor）=22，分布（distribution）=编码分布（encoding）
已为 12 层启用前馈网络第一层噪声（wffn1 noise），缩放因子（scaling_factor）=24，分布（distribution）=编码分布（encoding）
已为 12 层启用前馈网络第二层噪声（wffn2 noise），缩放因子（scaling_factor）=22，分布（distribution）=编码分布（encoding）
Enabled softmax/V attention-product noise for 12 layers (softmax sf=10, V sf=36, distribution=fresh)
已替换 12 层的GELU函数（GELU function）
已替换 12 层的Softmax函数（Softmax function）
已为 12 层启用输入噪声（Input noise），缩放因子（scaling_factor）=30，分布（distribution）=新采样（fresh）
已为 12 层启用查询投影噪声（query noise），缩放因子（scaling_factor）=22，分布（distribution）=编码分布（encoding）
已为 12 层启用键投影噪声（key noise），缩放因子（scaling_factor）=22，分布（distribution）=编码分布（encoding）
已为 12 层启用值投影噪声（value noise），缩放因子（scaling_factor）=22，分布（distribution）=编码分布（encoding）
已为 12 层启用注意力输出投影噪声（wo noise），缩放因子（scaling_factor）=22，分布（distribution）=编码分布（encoding）
已为 12 层启用前馈网络第一层噪声（wffn1 noise），缩放因子（scaling_factor）=24，分布（distribution）=编码分布（encoding）
已为 12 层启用前馈网络第二层噪声（wffn2 noise），缩放因子（scaling_factor）=22，分布（distribution）=编码分布（encoding）
Enabled softmax/V attention-product noise for 12 layers (softmax sf=10, V sf=36, distribution=fresh)
已替换 12 层的GELU函数（GELU function）
已替换 12 层的Softmax函数（Softmax function）
已为 12 层启用输入噪声（Input noise），缩放因子（scaling_factor）=30，分布（distribution）=新采样（fresh）
已为 12 层启用查询投影噪声（query noise），缩放因子（scaling_factor）=22，分布（distribution）=编码分布（encoding）
已为 12 层启用键投影噪声（key noise），缩放因子（scaling_factor）=22，分布（distribution）=编码分布（encoding）
已为 12 层启用值投影噪声（value noise），缩放因子（scaling_factor）=22，分布（distribution）=编码分布（encoding）
已为 12 层启用注意力输出投影噪声（wo noise），缩放因子（scaling_factor）=22，分布（distribution）=编码分布（encoding）
已为 12 层启用前馈网络第一层噪声（wffn1 noise），缩放因子（scaling_factor）=24，分布（distribution）=编码分布（encoding）
已为 12 层启用前馈网络第二层噪声（wffn2 noise），缩放因子（scaling_factor）=22，分布（distribution）=编码分布（encoding）
Enabled softmax/V attention-product noise for 12 layers (softmax sf=10, V sf=36, distribution=fresh)
  softmax_sf=10, v_sf=36 => loss_mean=0.955073, loss_var=0.001214, m1_mean=0.484804, m1_var=0.000292, m2_mean=0.499893, m2_var=0.000290
已替换 12 层的GELU函数（GELU function）
已替换 12 层的Softmax函数（Softmax function）
已为 12 层启用输入噪声（Input noise），缩放因子（scaling_factor）=30，分布（distribution）=新采样（fresh）
已为 12 层启用查询投影噪声（query noise），缩放因子（scaling_factor）=22，分布（distribution）=编码分布（encoding）
已为 12 层启用键投影噪声（key noise），缩放因子（scaling_factor）=22，分布（distribution）=编码分布（encoding）
已为 12 层启用值投影噪声（value noise），缩放因子（scaling_factor）=22，分布（distribution）=编码分布（encoding）
已为 12 层启用注意力输出投影噪声（wo noise），缩放因子（scaling_factor）=22，分布（distribution）=编码分布（encoding）
已为 12 层启用前馈网络第一层噪声（wffn1 noise），缩放因子（scaling_factor）=24，分布（distribution）=编码分布（encoding）
已为 12 层启用前馈网络第二层噪声（wffn2 noise），缩放因子（scaling_factor）=22，分布（distribution）=编码分布（encoding）
Enabled softmax/V attention-product noise for 12 layers (softmax sf=10, V sf=38, distribution=fresh)
已替换 12 层的GELU函数（GELU function）
已替换 12 层的Softmax函数（Softmax function）
已为 12 层启用输入噪声（Input noise），缩放因子（scaling_factor）=30，分布（distribution）=新采样（fresh）
已为 12 层启用查询投影噪声（query noise），缩放因子（scaling_factor）=22，分布（distribution）=编码分布（encoding）
已为 12 层启用键投影噪声（key noise），缩放因子（scaling_factor）=22，分布（distribution）=编码分布（encoding）
已为 12 层启用值投影噪声（value noise），缩放因子（scaling_factor）=22，分布（distribution）=编码分布（encoding）
已为 12 层启用注意力输出投影噪声（wo noise），缩放因子（scaling_factor）=22，分布（distribution）=编码分布（encoding）
已为 12 层启用前馈网络第一层噪声（wffn1 noise），缩放因子（scaling_factor）=24，分布（distribution）=编码分布（encoding）
已为 12 层启用前馈网络第二层噪声（wffn2 noise），缩放因子（scaling_factor）=22，分布（distribution）=编码分布（encoding）
Enabled softmax/V attention-product noise for 12 layers (softmax sf=10, V sf=38, distribution=fresh)
已替换 12 层的GELU函数（GELU function）
已替换 12 层的Softmax函数（Softmax function）
已为 12 层启用输入噪声（Input noise），缩放因子（scaling_factor）=30，分布（distribution）=新采样（fresh）
已为 12 层启用查询投影噪声（query noise），缩放因子（scaling_factor）=22，分布（distribution）=编码分布（encoding）
已为 12 层启用键投影噪声（key noise），缩放因子（scaling_factor）=22，分布（distribution）=编码分布（encoding）
已为 12 层启用值投影噪声（value noise），缩放因子（scaling_factor）=22，分布（distribution）=编码分布（encoding）
已为 12 层启用注意力输出投影噪声（wo noise），缩放因子（scaling_factor）=22，分布（distribution）=编码分布（encoding）
已为 12 层启用前馈网络第一层噪声（wffn1 noise），缩放因子（scaling_factor）=24，分布（distribution）=编码分布（encoding）
已为 12 层启用前馈网络第二层噪声（wffn2 noise），缩放因子（scaling_factor）=22，分布（distribution）=编码分布（encoding）
Enabled softmax/V attention-product noise for 12 layers (softmax sf=10, V sf=38, distribution=fresh)
已替换 12 层的GELU函数（GELU function）
已替换 12 层的Softmax函数（Softmax function）
已为 12 层启用输入噪声（Input noise），缩放因子（scaling_factor）=30，分布（distribution）=新采样（fresh）
已为 12 层启用查询投影噪声（query noise），缩放因子（scaling_factor）=22，分布（distribution）=编码分布（encoding）
已为 12 层启用键投影噪声（key noise），缩放因子（scaling_factor）=22，分布（distribution）=编码分布（encoding）
已为 12 层启用值投影噪声（value noise），缩放因子（scaling_factor）=22，分布（distribution）=编码分布（encoding）
已为 12 层启用注意力输出投影噪声（wo noise），缩放因子（scaling_factor）=22，分布（distribution）=编码分布（encoding）
已为 12 层启用前馈网络第一层噪声（wffn1 noise），缩放因子（scaling_factor）=24，分布（distribution）=编码分布（encoding）
已为 12 层启用前馈网络第二层噪声（wffn2 noise），缩放因子（scaling_factor）=22，分布（distribution）=编码分布（encoding）
Enabled softmax/V attention-product noise for 12 layers (softmax sf=10, V sf=38, distribution=fresh)
已替换 12 层的GELU函数（GELU function）
已替换 12 层的Softmax函数（Softmax function）
已为 12 层启用输入噪声（Input noise），缩放因子（scaling_factor）=30，分布（distribution）=新采样（fresh）
已为 12 层启用查询投影噪声（query noise），缩放因子（scaling_factor）=22，分布（distribution）=编码分布（encoding）
已为 12 层启用键投影噪声（key noise），缩放因子（scaling_factor）=22，分布（distribution）=编码分布（encoding）
已为 12 层启用值投影噪声（value noise），缩放因子（scaling_factor）=22，分布（distribution）=编码分布（encoding）
已为 12 层启用注意力输出投影噪声（wo noise），缩放因子（scaling_factor）=22，分布（distribution）=编码分布（encoding）
已为 12 层启用前馈网络第一层噪声（wffn1 noise），缩放因子（scaling_factor）=24，分布（distribution）=编码分布（encoding）
已为 12 层启用前馈网络第二层噪声（wffn2 noise），缩放因子（scaling_factor）=22，分布（distribution）=编码分布（encoding）
Enabled softmax/V attention-product noise for 12 layers (softmax sf=10, V sf=38, distribution=fresh)
  softmax_sf=10, v_sf=38 => loss_mean=0.971111, loss_var=0.001737, m1_mean=0.476961, m1_var=0.000299, m2_mean=0.490359, m2_var=0.000351
已替换 12 层的GELU函数（GELU function）
已替换 12 层的Softmax函数（Softmax function）
已为 12 层启用输入噪声（Input noise），缩放因子（scaling_factor）=30，分布（distribution）=新采样（fresh）
已为 12 层启用查询投影噪声（query noise），缩放因子（scaling_factor）=22，分布（distribution）=编码分布（encoding）
已为 12 层启用键投影噪声（key noise），缩放因子（scaling_factor）=22，分布（distribution）=编码分布（encoding）
已为 12 层启用值投影噪声（value noise），缩放因子（scaling_factor）=22，分布（distribution）=编码分布（encoding）
已为 12 层启用注意力输出投影噪声（wo noise），缩放因子（scaling_factor）=22，分布（distribution）=编码分布（encoding）
已为 12 层启用前馈网络第一层噪声（wffn1 noise），缩放因子（scaling_factor）=24，分布（distribution）=编码分布（encoding）
已为 12 层启用前馈网络第二层噪声（wffn2 noise），缩放因子（scaling_factor）=22，分布（distribution）=编码分布（encoding）
Enabled softmax/V attention-product noise for 12 layers (softmax sf=10, V sf=40, distribution=fresh)
已替换 12 层的GELU函数（GELU function）
已替换 12 层的Softmax函数（Softmax function）
已为 12 层启用输入噪声（Input noise），缩放因子（scaling_factor）=30，分布（distribution）=新采样（fresh）
已为 12 层启用查询投影噪声（query noise），缩放因子（scaling_factor）=22，分布（distribution）=编码分布（encoding）
已为 12 层启用键投影噪声（key noise），缩放因子（scaling_factor）=22，分布（distribution）=编码分布（encoding）
已为 12 层启用值投影噪声（value noise），缩放因子（scaling_factor）=22，分布（distribution）=编码分布（encoding）
已为 12 层启用注意力输出投影噪声（wo noise），缩放因子（scaling_factor）=22，分布（distribution）=编码分布（encoding）
已为 12 层启用前馈网络第一层噪声（wffn1 noise），缩放因子（scaling_factor）=24，分布（distribution）=编码分布（encoding）
已为 12 层启用前馈网络第二层噪声（wffn2 noise），缩放因子（scaling_factor）=22，分布（distribution）=编码分布（encoding）
Enabled softmax/V attention-product noise for 12 layers (softmax sf=10, V sf=40, distribution=fresh)
已替换 12 层的GELU函数（GELU function）
已替换 12 层的Softmax函数（Softmax function）
已为 12 层启用输入噪声（Input noise），缩放因子（scaling_factor）=30，分布（distribution）=新采样（fresh）
已为 12 层启用查询投影噪声（query noise），缩放因子（scaling_factor）=22，分布（distribution）=编码分布（encoding）
已为 12 层启用键投影噪声（key noise），缩放因子（scaling_factor）=22，分布（distribution）=编码分布（encoding）
已为 12 层启用值投影噪声（value noise），缩放因子（scaling_factor）=22，分布（distribution）=编码分布（encoding）
已为 12 层启用注意力输出投影噪声（wo noise），缩放因子（scaling_factor）=22，分布（distribution）=编码分布（encoding）
已为 12 层启用前馈网络第一层噪声（wffn1 noise），缩放因子（scaling_factor）=24，分布（distribution）=编码分布（encoding）
已为 12 层启用前馈网络第二层噪声（wffn2 noise），缩放因子（scaling_factor）=22，分布（distribution）=编码分布（encoding）
Enabled softmax/V attention-product noise for 12 layers (softmax sf=10, V sf=40, distribution=fresh)
已替换 12 层的GELU函数（GELU function）
已替换 12 层的Softmax函数（Softmax function）
已为 12 层启用输入噪声（Input noise），缩放因子（scaling_factor）=30，分布（distribution）=新采样（fresh）
已为 12 层启用查询投影噪声（query noise），缩放因子（scaling_factor）=22，分布（distribution）=编码分布（encoding）
已为 12 层启用键投影噪声（key noise），缩放因子（scaling_factor）=22，分布（distribution）=编码分布（encoding）
已为 12 层启用值投影噪声（value noise），缩放因子（scaling_factor）=22，分布（distribution）=编码分布（encoding）
已为 12 层启用注意力输出投影噪声（wo noise），缩放因子（scaling_factor）=22，分布（distribution）=编码分布（encoding）
已为 12 层启用前馈网络第一层噪声（wffn1 noise），缩放因子（scaling_factor）=24，分布（distribution）=编码分布（encoding）
已为 12 层启用前馈网络第二层噪声（wffn2 noise），缩放因子（scaling_factor）=22，分布（distribution）=编码分布（encoding）
Enabled softmax/V attention-product noise for 12 layers (softmax sf=10, V sf=40, distribution=fresh)
已替换 12 层的GELU函数（GELU function）
已替换 12 层的Softmax函数（Softmax function）
已为 12 层启用输入噪声（Input noise），缩放因子（scaling_factor）=30，分布（distribution）=新采样（fresh）
已为 12 层启用查询投影噪声（query noise），缩放因子（scaling_factor）=22，分布（distribution）=编码分布（encoding）
已为 12 层启用键投影噪声（key noise），缩放因子（scaling_factor）=22，分布（distribution）=编码分布（encoding）
已为 12 层启用值投影噪声（value noise），缩放因子（scaling_factor）=22，分布（distribution）=编码分布（encoding）
已为 12 层启用注意力输出投影噪声（wo noise），缩放因子（scaling_factor）=22，分布（distribution）=编码分布（encoding）
已为 12 层启用前馈网络第一层噪声（wffn1 noise），缩放因子（scaling_factor）=24，分布（distribution）=编码分布（encoding）
已为 12 层启用前馈网络第二层噪声（wffn2 noise），缩放因子（scaling_factor）=22，分布（distribution）=编码分布（encoding）
Enabled softmax/V attention-product noise for 12 layers (softmax sf=10, V sf=40, distribution=fresh)
  softmax_sf=10, v_sf=40 => loss_mean=0.994699, loss_var=0.001698, m1_mean=0.465686, m1_var=0.000084, m2_mean=0.480090, m2_var=0.000096
已替换 12 层的GELU函数（GELU function）
已替换 12 层的Softmax函数（Softmax function）
已为 12 层启用输入噪声（Input noise），缩放因子（scaling_factor）=30，分布（distribution）=新采样（fresh）
已为 12 层启用查询投影噪声（query noise），缩放因子（scaling_factor）=22，分布（distribution）=编码分布（encoding）
已为 12 层启用键投影噪声（key noise），缩放因子（scaling_factor）=22，分布（distribution）=编码分布（encoding）
已为 12 层启用值投影噪声（value noise），缩放因子（scaling_factor）=22，分布（distribution）=编码分布（encoding）
已为 12 层启用注意力输出投影噪声（wo noise），缩放因子（scaling_factor）=22，分布（distribution）=编码分布（encoding）
已为 12 层启用前馈网络第一层噪声（wffn1 noise），缩放因子（scaling_factor）=24，分布（distribution）=编码分布（encoding）
已为 12 层启用前馈网络第二层噪声（wffn2 noise），缩放因子（scaling_factor）=22，分布（distribution）=编码分布（encoding）
Enabled softmax/V attention-product noise for 12 layers (softmax sf=10, V sf=42, distribution=fresh)
已替换 12 层的GELU函数（GELU function）
已替换 12 层的Softmax函数（Softmax function）
已为 12 层启用输入噪声（Input noise），缩放因子（scaling_factor）=30，分布（distribution）=新采样（fresh）
已为 12 层启用查询投影噪声（query noise），缩放因子（scaling_factor）=22，分布（distribution）=编码分布（encoding）
已为 12 层启用键投影噪声（key noise），缩放因子（scaling_factor）=22，分布（distribution）=编码分布（encoding）
已为 12 层启用值投影噪声（value noise），缩放因子（scaling_factor）=22，分布（distribution）=编码分布（encoding）
已为 12 层启用注意力输出投影噪声（wo noise），缩放因子（scaling_factor）=22，分布（distribution）=编码分布（encoding）
已为 12 层启用前馈网络第一层噪声（wffn1 noise），缩放因子（scaling_factor）=24，分布（distribution）=编码分布（encoding）
已为 12 层启用前馈网络第二层噪声（wffn2 noise），缩放因子（scaling_factor）=22，分布（distribution）=编码分布（encoding）
Enabled softmax/V attention-product noise for 12 layers (softmax sf=10, V sf=42, distribution=fresh)
已替换 12 层的GELU函数（GELU function）
已替换 12 层的Softmax函数（Softmax function）
已为 12 层启用输入噪声（Input noise），缩放因子（scaling_factor）=30，分布（distribution）=新采样（fresh）
已为 12 层启用查询投影噪声（query noise），缩放因子（scaling_factor）=22，分布（distribution）=编码分布（encoding）
已为 12 层启用键投影噪声（key noise），缩放因子（scaling_factor）=22，分布（distribution）=编码分布（encoding）
已为 12 层启用值投影噪声（value noise），缩放因子（scaling_factor）=22，分布（distribution）=编码分布（encoding）
已为 12 层启用注意力输出投影噪声（wo noise），缩放因子（scaling_factor）=22，分布（distribution）=编码分布（encoding）
已为 12 层启用前馈网络第一层噪声（wffn1 noise），缩放因子（scaling_factor）=24，分布（distribution）=编码分布（encoding）
已为 12 层启用前馈网络第二层噪声（wffn2 noise），缩放因子（scaling_factor）=22，分布（distribution）=编码分布（encoding）
Enabled softmax/V attention-product noise for 12 layers (softmax sf=10, V sf=42, distribution=fresh)
已替换 12 层的GELU函数（GELU function）
已替换 12 层的Softmax函数（Softmax function）
已为 12 层启用输入噪声（Input noise），缩放因子（scaling_factor）=30，分布（distribution）=新采样（fresh）
已为 12 层启用查询投影噪声（query noise），缩放因子（scaling_factor）=22，分布（distribution）=编码分布（encoding）
已为 12 层启用键投影噪声（key noise），缩放因子（scaling_factor）=22，分布（distribution）=编码分布（encoding）
已为 12 层启用值投影噪声（value noise），缩放因子（scaling_factor）=22，分布（distribution）=编码分布（encoding）
已为 12 层启用注意力输出投影噪声（wo noise），缩放因子（scaling_factor）=22，分布（distribution）=编码分布（encoding）
已为 12 层启用前馈网络第一层噪声（wffn1 noise），缩放因子（scaling_factor）=24，分布（distribution）=编码分布（encoding）
已为 12 层启用前馈网络第二层噪声（wffn2 noise），缩放因子（scaling_factor）=22，分布（distribution）=编码分布（encoding）
Enabled softmax/V attention-product noise for 12 layers (softmax sf=10, V sf=42, distribution=fresh)
已替换 12 层的GELU函数（GELU function）
已替换 12 层的Softmax函数（Softmax function）
已为 12 层启用输入噪声（Input noise），缩放因子（scaling_factor）=30，分布（distribution）=新采样（fresh）
已为 12 层启用查询投影噪声（query noise），缩放因子（scaling_factor）=22，分布（distribution）=编码分布（encoding）
已为 12 层启用键投影噪声（key noise），缩放因子（scaling_factor）=22，分布（distribution）=编码分布（encoding）
已为 12 层启用值投影噪声（value noise），缩放因子（scaling_factor）=22，分布（distribution）=编码分布（encoding）
已为 12 层启用注意力输出投影噪声（wo noise），缩放因子（scaling_factor）=22，分布（distribution）=编码分布（encoding）
已为 12 层启用前馈网络第一层噪声（wffn1 noise），缩放因子（scaling_factor）=24，分布（distribution）=编码分布（encoding）
已为 12 层启用前馈网络第二层噪声（wffn2 noise），缩放因子（scaling_factor）=22，分布（distribution）=编码分布（encoding）
Enabled softmax/V attention-product noise for 12 layers (softmax sf=10, V sf=42, distribution=fresh)
  softmax_sf=10, v_sf=42 => loss_mean=0.989909, loss_var=0.000946, m1_mean=0.460784, m1_var=0.000375, m2_mean=0.476177, m2_var=0.000440
已替换 12 层的GELU函数（GELU function）
已替换 12 层的Softmax函数（Softmax function）
已为 12 层启用输入噪声（Input noise），缩放因子（scaling_factor）=30，分布（distribution）=新采样（fresh）
已为 12 层启用查询投影噪声（query noise），缩放因子（scaling_factor）=22，分布（distribution）=编码分布（encoding）
已为 12 层启用键投影噪声（key noise），缩放因子（scaling_factor）=22，分布（distribution）=编码分布（encoding）
已为 12 层启用值投影噪声（value noise），缩放因子（scaling_factor）=22，分布（distribution）=编码分布（encoding）
已为 12 层启用注意力输出投影噪声（wo noise），缩放因子（scaling_factor）=22，分布（distribution）=编码分布（encoding）
已为 12 层启用前馈网络第一层噪声（wffn1 noise），缩放因子（scaling_factor）=24，分布（distribution）=编码分布（encoding）
已为 12 层启用前馈网络第二层噪声（wffn2 noise），缩放因子（scaling_factor）=22，分布（distribution）=编码分布（encoding）
Enabled softmax/V attention-product noise for 12 layers (softmax sf=10, V sf=44, distribution=fresh)
已替换 12 层的GELU函数（GELU function）
已替换 12 层的Softmax函数（Softmax function）
已为 12 层启用输入噪声（Input noise），缩放因子（scaling_factor）=30，分布（distribution）=新采样（fresh）
已为 12 层启用查询投影噪声（query noise），缩放因子（scaling_factor）=22，分布（distribution）=编码分布（encoding）
已为 12 层启用键投影噪声（key noise），缩放因子（scaling_factor）=22，分布（distribution）=编码分布（encoding）
已为 12 层启用值投影噪声（value noise），缩放因子（scaling_factor）=22，分布（distribution）=编码分布（encoding）
已为 12 层启用注意力输出投影噪声（wo noise），缩放因子（scaling_factor）=22，分布（distribution）=编码分布（encoding）
已为 12 层启用前馈网络第一层噪声（wffn1 noise），缩放因子（scaling_factor）=24，分布（distribution）=编码分布（encoding）
已为 12 层启用前馈网络第二层噪声（wffn2 noise），缩放因子（scaling_factor）=22，分布（distribution）=编码分布（encoding）
Enabled softmax/V attention-product noise for 12 layers (softmax sf=10, V sf=44, distribution=fresh)
已替换 12 层的GELU函数（GELU function）
已替换 12 层的Softmax函数（Softmax function）
已为 12 层启用输入噪声（Input noise），缩放因子（scaling_factor）=30，分布（distribution）=新采样（fresh）
已为 12 层启用查询投影噪声（query noise），缩放因子（scaling_factor）=22，分布（distribution）=编码分布（encoding）
已为 12 层启用键投影噪声（key noise），缩放因子（scaling_factor）=22，分布（distribution）=编码分布（encoding）
已为 12 层启用值投影噪声（value noise），缩放因子（scaling_factor）=22，分布（distribution）=编码分布（encoding）
已为 12 层启用注意力输出投影噪声（wo noise），缩放因子（scaling_factor）=22，分布（distribution）=编码分布（encoding）
已为 12 层启用前馈网络第一层噪声（wffn1 noise），缩放因子（scaling_factor）=24，分布（distribution）=编码分布（encoding）
已为 12 层启用前馈网络第二层噪声（wffn2 noise），缩放因子（scaling_factor）=22，分布（distribution）=编码分布（encoding）
Enabled softmax/V attention-product noise for 12 layers (softmax sf=10, V sf=44, distribution=fresh)
已替换 12 层的GELU函数（GELU function）
已替换 12 层的Softmax函数（Softmax function）
已为 12 层启用输入噪声（Input noise），缩放因子（scaling_factor）=30，分布（distribution）=新采样（fresh）
已为 12 层启用查询投影噪声（query noise），缩放因子（scaling_factor）=22，分布（distribution）=编码分布（encoding）
已为 12 层启用键投影噪声（key noise），缩放因子（scaling_factor）=22，分布（distribution）=编码分布（encoding）
已为 12 层启用值投影噪声（value noise），缩放因子（scaling_factor）=22，分布（distribution）=编码分布（encoding）
已为 12 层启用注意力输出投影噪声（wo noise），缩放因子（scaling_factor）=22，分布（distribution）=编码分布（encoding）
已为 12 层启用前馈网络第一层噪声（wffn1 noise），缩放因子（scaling_factor）=24，分布（distribution）=编码分布（encoding）
已为 12 层启用前馈网络第二层噪声（wffn2 noise），缩放因子（scaling_factor）=22，分布（distribution）=编码分布（encoding）
Enabled softmax/V attention-product noise for 12 layers (softmax sf=10, V sf=44, distribution=fresh)
已替换 12 层的GELU函数（GELU function）
已替换 12 层的Softmax函数（Softmax function）
已为 12 层启用输入噪声（Input noise），缩放因子（scaling_factor）=30，分布（distribution）=新采样（fresh）
已为 12 层启用查询投影噪声（query noise），缩放因子（scaling_factor）=22，分布（distribution）=编码分布（encoding）
已为 12 层启用键投影噪声（key noise），缩放因子（scaling_factor）=22，分布（distribution）=编码分布（encoding）
已为 12 层启用值投影噪声（value noise），缩放因子（scaling_factor）=22，分布（distribution）=编码分布（encoding）
已为 12 层启用注意力输出投影噪声（wo noise），缩放因子（scaling_factor）=22，分布（distribution）=编码分布（encoding）
已为 12 层启用前馈网络第一层噪声（wffn1 noise），缩放因子（scaling_factor）=24，分布（distribution）=编码分布（encoding）
已为 12 层启用前馈网络第二层噪声（wffn2 noise），缩放因子（scaling_factor）=22，分布（distribution）=编码分布（encoding）
Enabled softmax/V attention-product noise for 12 layers (softmax sf=10, V sf=44, distribution=fresh)
  softmax_sf=10, v_sf=44 => loss_mean=0.967328, loss_var=0.001206, m1_mean=0.473529, m1_var=0.000792, m2_mean=0.488830, m2_var=0.000816
已替换 12 层的GELU函数（GELU function）
已替换 12 层的Softmax函数（Softmax function）
已为 12 层启用输入噪声（Input noise），缩放因子（scaling_factor）=30，分布（distribution）=新采样（fresh）
已为 12 层启用查询投影噪声（query noise），缩放因子（scaling_factor）=22，分布（distribution）=编码分布（encoding）
已为 12 层启用键投影噪声（key noise），缩放因子（scaling_factor）=22，分布（distribution）=编码分布（encoding）
已为 12 层启用值投影噪声（value noise），缩放因子（scaling_factor）=22，分布（distribution）=编码分布（encoding）
已为 12 层启用注意力输出投影噪声（wo noise），缩放因子（scaling_factor）=22，分布（distribution）=编码分布（encoding）
已为 12 层启用前馈网络第一层噪声（wffn1 noise），缩放因子（scaling_factor）=24，分布（distribution）=编码分布（encoding）
已为 12 层启用前馈网络第二层噪声（wffn2 noise），缩放因子（scaling_factor）=22，分布（distribution）=编码分布（encoding）
Enabled softmax/V attention-product noise for 12 layers (softmax sf=10, V sf=46, distribution=fresh)
已替换 12 层的GELU函数（GELU function）
已替换 12 层的Softmax函数（Softmax function）
已为 12 层启用输入噪声（Input noise），缩放因子（scaling_factor）=30，分布（distribution）=新采样（fresh）
已为 12 层启用查询投影噪声（query noise），缩放因子（scaling_factor）=22，分布（distribution）=编码分布（encoding）
已为 12 层启用键投影噪声（key noise），缩放因子（scaling_factor）=22，分布（distribution）=编码分布（encoding）
已为 12 层启用值投影噪声（value noise），缩放因子（scaling_factor）=22，分布（distribution）=编码分布（encoding）
已为 12 层启用注意力输出投影噪声（wo noise），缩放因子（scaling_factor）=22，分布（distribution）=编码分布（encoding）
已为 12 层启用前馈网络第一层噪声（wffn1 noise），缩放因子（scaling_factor）=24，分布（distribution）=编码分布（encoding）
已为 12 层启用前馈网络第二层噪声（wffn2 noise），缩放因子（scaling_factor）=22，分布（distribution）=编码分布（encoding）
Enabled softmax/V attention-product noise for 12 layers (softmax sf=10, V sf=46, distribution=fresh)
已替换 12 层的GELU函数（GELU function）
已替换 12 层的Softmax函数（Softmax function）
已为 12 层启用输入噪声（Input noise），缩放因子（scaling_factor）=30，分布（distribution）=新采样（fresh）
已为 12 层启用查询投影噪声（query noise），缩放因子（scaling_factor）=22，分布（distribution）=编码分布（encoding）
已为 12 层启用键投影噪声（key noise），缩放因子（scaling_factor）=22，分布（distribution）=编码分布（encoding）
已为 12 层启用值投影噪声（value noise），缩放因子（scaling_factor）=22，分布（distribution）=编码分布（encoding）
已为 12 层启用注意力输出投影噪声（wo noise），缩放因子（scaling_factor）=22，分布（distribution）=编码分布（encoding）
已为 12 层启用前馈网络第一层噪声（wffn1 noise），缩放因子（scaling_factor）=24，分布（distribution）=编码分布（encoding）
已为 12 层启用前馈网络第二层噪声（wffn2 noise），缩放因子（scaling_factor）=22，分布（distribution）=编码分布（encoding）
Enabled softmax/V attention-product noise for 12 layers (softmax sf=10, V sf=46, distribution=fresh)
已替换 12 层的GELU函数（GELU function）
已替换 12 层的Softmax函数（Softmax function）
已为 12 层启用输入噪声（Input noise），缩放因子（scaling_factor）=30，分布（distribution）=新采样（fresh）
已为 12 层启用查询投影噪声（query noise），缩放因子（scaling_factor）=22，分布（distribution）=编码分布（encoding）
已为 12 层启用键投影噪声（key noise），缩放因子（scaling_factor）=22，分布（distribution）=编码分布（encoding）
已为 12 层启用值投影噪声（value noise），缩放因子（scaling_factor）=22，分布（distribution）=编码分布（encoding）
已为 12 层启用注意力输出投影噪声（wo noise），缩放因子（scaling_factor）=22，分布（distribution）=编码分布（encoding）
已为 12 层启用前馈网络第一层噪声（wffn1 noise），缩放因子（scaling_factor）=24，分布（distribution）=编码分布（encoding）
已为 12 层启用前馈网络第二层噪声（wffn2 noise），缩放因子（scaling_factor）=22，分布（distribution）=编码分布（encoding）
Enabled softmax/V attention-product noise for 12 layers (softmax sf=10, V sf=46, distribution=fresh)
已替换 12 层的GELU函数（GELU function）
已替换 12 层的Softmax函数（Softmax function）
已为 12 层启用输入噪声（Input noise），缩放因子（scaling_factor）=30，分布（distribution）=新采样（fresh）
已为 12 层启用查询投影噪声（query noise），缩放因子（scaling_factor）=22，分布（distribution）=编码分布（encoding）
已为 12 层启用键投影噪声（key noise），缩放因子（scaling_factor）=22，分布（distribution）=编码分布（encoding）
已为 12 层启用值投影噪声（value noise），缩放因子（scaling_factor）=22，分布（distribution）=编码分布（encoding）
已为 12 层启用注意力输出投影噪声（wo noise），缩放因子（scaling_factor）=22，分布（distribution）=编码分布（encoding）
已为 12 层启用前馈网络第一层噪声（wffn1 noise），缩放因子（scaling_factor）=24，分布（distribution）=编码分布（encoding）
已为 12 层启用前馈网络第二层噪声（wffn2 noise），缩放因子（scaling_factor）=22，分布（distribution）=编码分布（encoding）
Enabled softmax/V attention-product noise for 12 layers (softmax sf=10, V sf=46, distribution=fresh)
  softmax_sf=10, v_sf=46 => loss_mean=0.984562, loss_var=0.001460, m1_mean=0.458333, m1_var=0.000435, m2_mean=0.473925, m2_var=0.000403
已替换 12 层的GELU函数（GELU function）
已替换 12 层的Softmax函数（Softmax function）
已为 12 层启用输入噪声（Input noise），缩放因子（scaling_factor）=30，分布（distribution）=新采样（fresh）
已为 12 层启用查询投影噪声（query noise），缩放因子（scaling_factor）=22，分布（distribution）=编码分布（encoding）
已为 12 层启用键投影噪声（key noise），缩放因子（scaling_factor）=22，分布（distribution）=编码分布（encoding）
已为 12 层启用值投影噪声（value noise），缩放因子（scaling_factor）=22，分布（distribution）=编码分布（encoding）
已为 12 层启用注意力输出投影噪声（wo noise），缩放因子（scaling_factor）=22，分布（distribution）=编码分布（encoding）
已为 12 层启用前馈网络第一层噪声（wffn1 noise），缩放因子（scaling_factor）=24，分布（distribution）=编码分布（encoding）
已为 12 层启用前馈网络第二层噪声（wffn2 noise），缩放因子（scaling_factor）=22，分布（distribution）=编码分布（encoding）
Enabled softmax/V attention-product noise for 12 layers (softmax sf=10, V sf=48, distribution=fresh)
已替换 12 层的GELU函数（GELU function）
已替换 12 层的Softmax函数（Softmax function）
已为 12 层启用输入噪声（Input noise），缩放因子（scaling_factor）=30，分布（distribution）=新采样（fresh）
已为 12 层启用查询投影噪声（query noise），缩放因子（scaling_factor）=22，分布（distribution）=编码分布（encoding）
已为 12 层启用键投影噪声（key noise），缩放因子（scaling_factor）=22，分布（distribution）=编码分布（encoding）
已为 12 层启用值投影噪声（value noise），缩放因子（scaling_factor）=22，分布（distribution）=编码分布（encoding）
已为 12 层启用注意力输出投影噪声（wo noise），缩放因子（scaling_factor）=22，分布（distribution）=编码分布（encoding）
已为 12 层启用前馈网络第一层噪声（wffn1 noise），缩放因子（scaling_factor）=24，分布（distribution）=编码分布（encoding）
已为 12 层启用前馈网络第二层噪声（wffn2 noise），缩放因子（scaling_factor）=22，分布（distribution）=编码分布（encoding）
Enabled softmax/V attention-product noise for 12 layers (softmax sf=10, V sf=48, distribution=fresh)
已替换 12 层的GELU函数（GELU function）
已替换 12 层的Softmax函数（Softmax function）
已为 12 层启用输入噪声（Input noise），缩放因子（scaling_factor）=30，分布（distribution）=新采样（fresh）
已为 12 层启用查询投影噪声（query noise），缩放因子（scaling_factor）=22，分布（distribution）=编码分布（encoding）
已为 12 层启用键投影噪声（key noise），缩放因子（scaling_factor）=22，分布（distribution）=编码分布（encoding）
已为 12 层启用值投影噪声（value noise），缩放因子（scaling_factor）=22，分布（distribution）=编码分布（encoding）
已为 12 层启用注意力输出投影噪声（wo noise），缩放因子（scaling_factor）=22，分布（distribution）=编码分布（encoding）
已为 12 层启用前馈网络第一层噪声（wffn1 noise），缩放因子（scaling_factor）=24，分布（distribution）=编码分布（encoding）
已为 12 层启用前馈网络第二层噪声（wffn2 noise），缩放因子（scaling_factor）=22，分布（distribution）=编码分布（encoding）
Enabled softmax/V attention-product noise for 12 layers (softmax sf=10, V sf=48, distribution=fresh)
已替换 12 层的GELU函数（GELU function）
已替换 12 层的Softmax函数（Softmax function）
已为 12 层启用输入噪声（Input noise），缩放因子（scaling_factor）=30，分布（distribution）=新采样（fresh）
已为 12 层启用查询投影噪声（query noise），缩放因子（scaling_factor）=22，分布（distribution）=编码分布（encoding）
已为 12 层启用键投影噪声（key noise），缩放因子（scaling_factor）=22，分布（distribution）=编码分布（encoding）
已为 12 层启用值投影噪声（value noise），缩放因子（scaling_factor）=22，分布（distribution）=编码分布（encoding）
已为 12 层启用注意力输出投影噪声（wo noise），缩放因子（scaling_factor）=22，分布（distribution）=编码分布（encoding）
已为 12 层启用前馈网络第一层噪声（wffn1 noise），缩放因子（scaling_factor）=24，分布（distribution）=编码分布（encoding）
已为 12 层启用前馈网络第二层噪声（wffn2 noise），缩放因子（scaling_factor）=22，分布（distribution）=编码分布（encoding）
Enabled softmax/V attention-product noise for 12 layers (softmax sf=10, V sf=48, distribution=fresh)
已替换 12 层的GELU函数（GELU function）
已替换 12 层的Softmax函数（Softmax function）
已为 12 层启用输入噪声（Input noise），缩放因子（scaling_factor）=30，分布（distribution）=新采样（fresh）
已为 12 层启用查询投影噪声（query noise），缩放因子（scaling_factor）=22，分布（distribution）=编码分布（encoding）
已为 12 层启用键投影噪声（key noise），缩放因子（scaling_factor）=22，分布（distribution）=编码分布（encoding）
已为 12 层启用值投影噪声（value noise），缩放因子（scaling_factor）=22，分布（distribution）=编码分布（encoding）
已为 12 层启用注意力输出投影噪声（wo noise），缩放因子（scaling_factor）=22，分布（distribution）=编码分布（encoding）
已为 12 层启用前馈网络第一层噪声（wffn1 noise），缩放因子（scaling_factor）=24，分布（distribution）=编码分布（encoding）
已为 12 层启用前馈网络第二层噪声（wffn2 noise），缩放因子（scaling_factor）=22，分布（distribution）=编码分布（encoding）
Enabled softmax/V attention-product noise for 12 layers (softmax sf=10, V sf=48, distribution=fresh)
  softmax_sf=10, v_sf=48 => loss_mean=0.947755, loss_var=0.000803, m1_mean=0.489706, m1_var=0.000554, m2_mean=0.505571, m2_var=0.000558
已替换 12 层的GELU函数（GELU function）
已替换 12 层的Softmax函数（Softmax function）
已为 12 层启用输入噪声（Input noise），缩放因子（scaling_factor）=30，分布（distribution）=新采样（fresh）
已为 12 层启用查询投影噪声（query noise），缩放因子（scaling_factor）=22，分布（distribution）=编码分布（encoding）
已为 12 层启用键投影噪声（key noise），缩放因子（scaling_factor）=22，分布（distribution）=编码分布（encoding）
已为 12 层启用值投影噪声（value noise），缩放因子（scaling_factor）=22，分布（distribution）=编码分布（encoding）
已为 12 层启用注意力输出投影噪声（wo noise），缩放因子（scaling_factor）=22，分布（distribution）=编码分布（encoding）
已为 12 层启用前馈网络第一层噪声（wffn1 noise），缩放因子（scaling_factor）=24，分布（distribution）=编码分布（encoding）
已为 12 层启用前馈网络第二层噪声（wffn2 noise），缩放因子（scaling_factor）=22，分布（distribution）=编码分布（encoding）
Enabled softmax/V attention-product noise for 12 layers (softmax sf=12, V sf=10, distribution=fresh)
已替换 12 层的GELU函数（GELU function）
已替换 12 层的Softmax函数（Softmax function）
已为 12 层启用输入噪声（Input noise），缩放因子（scaling_factor）=30，分布（distribution）=新采样（fresh）
已为 12 层启用查询投影噪声（query noise），缩放因子（scaling_factor）=22，分布（distribution）=编码分布（encoding）
已为 12 层启用键投影噪声（key noise），缩放因子（scaling_factor）=22，分布（distribution）=编码分布（encoding）
已为 12 层启用值投影噪声（value noise），缩放因子（scaling_factor）=22，分布（distribution）=编码分布（encoding）
已为 12 层启用注意力输出投影噪声（wo noise），缩放因子（scaling_factor）=22，分布（distribution）=编码分布（encoding）
已为 12 层启用前馈网络第一层噪声（wffn1 noise），缩放因子（scaling_factor）=24，分布（distribution）=编码分布（encoding）
已为 12 层启用前馈网络第二层噪声（wffn2 noise），缩放因子（scaling_factor）=22，分布（distribution）=编码分布（encoding）
Enabled softmax/V attention-product noise for 12 layers (softmax sf=12, V sf=10, distribution=fresh)
已替换 12 层的GELU函数（GELU function）
已替换 12 层的Softmax函数（Softmax function）
已为 12 层启用输入噪声（Input noise），缩放因子（scaling_factor）=30，分布（distribution）=新采样（fresh）
已为 12 层启用查询投影噪声（query noise），缩放因子（scaling_factor）=22，分布（distribution）=编码分布（encoding）
已为 12 层启用键投影噪声（key noise），缩放因子（scaling_factor）=22，分布（distribution）=编码分布（encoding）
已为 12 层启用值投影噪声（value noise），缩放因子（scaling_factor）=22，分布（distribution）=编码分布（encoding）
已为 12 层启用注意力输出投影噪声（wo noise），缩放因子（scaling_factor）=22，分布（distribution）=编码分布（encoding）
已为 12 层启用前馈网络第一层噪声（wffn1 noise），缩放因子（scaling_factor）=24，分布（distribution）=编码分布（encoding）
已为 12 层启用前馈网络第二层噪声（wffn2 noise），缩放因子（scaling_factor）=22，分布（distribution）=编码分布（encoding）
Enabled softmax/V attention-product noise for 12 layers (softmax sf=12, V sf=10, distribution=fresh)
已替换 12 层的GELU函数（GELU function）
已替换 12 层的Softmax函数（Softmax function）
已为 12 层启用输入噪声（Input noise），缩放因子（scaling_factor）=30，分布（distribution）=新采样（fresh）
已为 12 层启用查询投影噪声（query noise），缩放因子（scaling_factor）=22，分布（distribution）=编码分布（encoding）
已为 12 层启用键投影噪声（key noise），缩放因子（scaling_factor）=22，分布（distribution）=编码分布（encoding）
已为 12 层启用值投影噪声（value noise），缩放因子（scaling_factor）=22，分布（distribution）=编码分布（encoding）
已为 12 层启用注意力输出投影噪声（wo noise），缩放因子（scaling_factor）=22，分布（distribution）=编码分布（encoding）
已为 12 层启用前馈网络第一层噪声（wffn1 noise），缩放因子（scaling_factor）=24，分布（distribution）=编码分布（encoding）
已为 12 层启用前馈网络第二层噪声（wffn2 noise），缩放因子（scaling_factor）=22，分布（distribution）=编码分布（encoding）
Enabled softmax/V attention-product noise for 12 layers (softmax sf=12, V sf=10, distribution=fresh)
已替换 12 层的GELU函数（GELU function）
已替换 12 层的Softmax函数（Softmax function）
已为 12 层启用输入噪声（Input noise），缩放因子（scaling_factor）=30，分布（distribution）=新采样（fresh）
已为 12 层启用查询投影噪声（query noise），缩放因子（scaling_factor）=22，分布（distribution）=编码分布（encoding）
已为 12 层启用键投影噪声（key noise），缩放因子（scaling_factor）=22，分布（distribution）=编码分布（encoding）
已为 12 层启用值投影噪声（value noise），缩放因子（scaling_factor）=22，分布（distribution）=编码分布（encoding）
已为 12 层启用注意力输出投影噪声（wo noise），缩放因子（scaling_factor）=22，分布（distribution）=编码分布（encoding）
已为 12 层启用前馈网络第一层噪声（wffn1 noise），缩放因子（scaling_factor）=24，分布（distribution）=编码分布（encoding）
已为 12 层启用前馈网络第二层噪声（wffn2 noise），缩放因子（scaling_factor）=22，分布（distribution）=编码分布（encoding）
Enabled softmax/V attention-product noise for 12 layers (softmax sf=12, V sf=10, distribution=fresh)
  softmax_sf=12, v_sf=10 => loss_mean=0.822088, loss_var=0.000372, m1_mean=0.464216, m1_var=0.000429, m2_mean=0.477157, m2_var=0.000395
已替换 12 层的GELU函数（GELU function）
已替换 12 层的Softmax函数（Softmax function）
已为 12 层启用输入噪声（Input noise），缩放因子（scaling_factor）=30，分布（distribution）=新采样（fresh）
已为 12 层启用查询投影噪声（query noise），缩放因子（scaling_factor）=22，分布（distribution）=编码分布（encoding）
已为 12 层启用键投影噪声（key noise），缩放因子（scaling_factor）=22，分布（distribution）=编码分布（encoding）
已为 12 层启用值投影噪声（value noise），缩放因子（scaling_factor）=22，分布（distribution）=编码分布（encoding）
已为 12 层启用注意力输出投影噪声（wo noise），缩放因子（scaling_factor）=22，分布（distribution）=编码分布（encoding）
已为 12 层启用前馈网络第一层噪声（wffn1 noise），缩放因子（scaling_factor）=24，分布（distribution）=编码分布（encoding）
已为 12 层启用前馈网络第二层噪声（wffn2 noise），缩放因子（scaling_factor）=22，分布（distribution）=编码分布（encoding）
Enabled softmax/V attention-product noise for 12 layers (softmax sf=12, V sf=12, distribution=fresh)
已替换 12 层的GELU函数（GELU function）
已替换 12 层的Softmax函数（Softmax function）
已为 12 层启用输入噪声（Input noise），缩放因子（scaling_factor）=30，分布（distribution）=新采样（fresh）
已为 12 层启用查询投影噪声（query noise），缩放因子（scaling_factor）=22，分布（distribution）=编码分布（encoding）
已为 12 层启用键投影噪声（key noise），缩放因子（scaling_factor）=22，分布（distribution）=编码分布（encoding）
已为 12 层启用值投影噪声（value noise），缩放因子（scaling_factor）=22，分布（distribution）=编码分布（encoding）
已为 12 层启用注意力输出投影噪声（wo noise），缩放因子（scaling_factor）=22，分布（distribution）=编码分布（encoding）
已为 12 层启用前馈网络第一层噪声（wffn1 noise），缩放因子（scaling_factor）=24，分布（distribution）=编码分布（encoding）
已为 12 层启用前馈网络第二层噪声（wffn2 noise），缩放因子（scaling_factor）=22，分布（distribution）=编码分布（encoding）
Enabled softmax/V attention-product noise for 12 layers (softmax sf=12, V sf=12, distribution=fresh)
已替换 12 层的GELU函数（GELU function）
已替换 12 层的Softmax函数（Softmax function）
已为 12 层启用输入噪声（Input noise），缩放因子（scaling_factor）=30，分布（distribution）=新采样（fresh）
已为 12 层启用查询投影噪声（query noise），缩放因子（scaling_factor）=22，分布（distribution）=编码分布（encoding）
已为 12 层启用键投影噪声（key noise），缩放因子（scaling_factor）=22，分布（distribution）=编码分布（encoding）
已为 12 层启用值投影噪声（value noise），缩放因子（scaling_factor）=22，分布（distribution）=编码分布（encoding）
已为 12 层启用注意力输出投影噪声（wo noise），缩放因子（scaling_factor）=22，分布（distribution）=编码分布（encoding）
已为 12 层启用前馈网络第一层噪声（wffn1 noise），缩放因子（scaling_factor）=24，分布（distribution）=编码分布（encoding）
已为 12 层启用前馈网络第二层噪声（wffn2 noise），缩放因子（scaling_factor）=22，分布（distribution）=编码分布（encoding）
Enabled softmax/V attention-product noise for 12 layers (softmax sf=12, V sf=12, distribution=fresh)
已替换 12 层的GELU函数（GELU function）
已替换 12 层的Softmax函数（Softmax function）
已为 12 层启用输入噪声（Input noise），缩放因子（scaling_factor）=30，分布（distribution）=新采样（fresh）
已为 12 层启用查询投影噪声（query noise），缩放因子（scaling_factor）=22，分布（distribution）=编码分布（encoding）
已为 12 层启用键投影噪声（key noise），缩放因子（scaling_factor）=22，分布（distribution）=编码分布（encoding）
已为 12 层启用值投影噪声（value noise），缩放因子（scaling_factor）=22，分布（distribution）=编码分布（encoding）
已为 12 层启用注意力输出投影噪声（wo noise），缩放因子（scaling_factor）=22，分布（distribution）=编码分布（encoding）
已为 12 层启用前馈网络第一层噪声（wffn1 noise），缩放因子（scaling_factor）=24，分布（distribution）=编码分布（encoding）
已为 12 层启用前馈网络第二层噪声（wffn2 noise），缩放因子（scaling_factor）=22，分布（distribution）=编码分布（encoding）
Enabled softmax/V attention-product noise for 12 layers (softmax sf=12, V sf=12, distribution=fresh)
已替换 12 层的GELU函数（GELU function）
已替换 12 层的Softmax函数（Softmax function）
已为 12 层启用输入噪声（Input noise），缩放因子（scaling_factor）=30，分布（distribution）=新采样（fresh）
已为 12 层启用查询投影噪声（query noise），缩放因子（scaling_factor）=22，分布（distribution）=编码分布（encoding）
已为 12 层启用键投影噪声（key noise），缩放因子（scaling_factor）=22，分布（distribution）=编码分布（encoding）
已为 12 层启用值投影噪声（value noise），缩放因子（scaling_factor）=22，分布（distribution）=编码分布（encoding）
已为 12 层启用注意力输出投影噪声（wo noise），缩放因子（scaling_factor）=22，分布（distribution）=编码分布（encoding）
已为 12 层启用前馈网络第一层噪声（wffn1 noise），缩放因子（scaling_factor）=24，分布（distribution）=编码分布（encoding）
已为 12 层启用前馈网络第二层噪声（wffn2 noise），缩放因子（scaling_factor）=22，分布（distribution）=编码分布（encoding）
Enabled softmax/V attention-product noise for 12 layers (softmax sf=12, V sf=12, distribution=fresh)
  softmax_sf=12, v_sf=12 => loss_mean=0.830130, loss_var=0.000036, m1_mean=0.450980, m1_var=0.000161, m2_mean=0.462773, m2_var=0.000159
已替换 12 层的GELU函数（GELU function）
已替换 12 层的Softmax函数（Softmax function）
已为 12 层启用输入噪声（Input noise），缩放因子（scaling_factor）=30，分布（distribution）=新采样（fresh）
已为 12 层启用查询投影噪声（query noise），缩放因子（scaling_factor）=22，分布（distribution）=编码分布（encoding）
已为 12 层启用键投影噪声（key noise），缩放因子（scaling_factor）=22，分布（distribution）=编码分布（encoding）
已为 12 层启用值投影噪声（value noise），缩放因子（scaling_factor）=22，分布（distribution）=编码分布（encoding）
已为 12 层启用注意力输出投影噪声（wo noise），缩放因子（scaling_factor）=22，分布（distribution）=编码分布（encoding）
已为 12 层启用前馈网络第一层噪声（wffn1 noise），缩放因子（scaling_factor）=24，分布（distribution）=编码分布（encoding）
已为 12 层启用前馈网络第二层噪声（wffn2 noise），缩放因子（scaling_factor）=22，分布（distribution）=编码分布（encoding）
Enabled softmax/V attention-product noise for 12 layers (softmax sf=12, V sf=14, distribution=fresh)
已替换 12 层的GELU函数（GELU function）
已替换 12 层的Softmax函数（Softmax function）
已为 12 层启用输入噪声（Input noise），缩放因子（scaling_factor）=30，分布（distribution）=新采样（fresh）
已为 12 层启用查询投影噪声（query noise），缩放因子（scaling_factor）=22，分布（distribution）=编码分布（encoding）
已为 12 层启用键投影噪声（key noise），缩放因子（scaling_factor）=22，分布（distribution）=编码分布（encoding）
已为 12 层启用值投影噪声（value noise），缩放因子（scaling_factor）=22，分布（distribution）=编码分布（encoding）
已为 12 层启用注意力输出投影噪声（wo noise），缩放因子（scaling_factor）=22，分布（distribution）=编码分布（encoding）
已为 12 层启用前馈网络第一层噪声（wffn1 noise），缩放因子（scaling_factor）=24，分布（distribution）=编码分布（encoding）
已为 12 层启用前馈网络第二层噪声（wffn2 noise），缩放因子（scaling_factor）=22，分布（distribution）=编码分布（encoding）
Enabled softmax/V attention-product noise for 12 layers (softmax sf=12, V sf=14, distribution=fresh)
已替换 12 层的GELU函数（GELU function）
已替换 12 层的Softmax函数（Softmax function）
已为 12 层启用输入噪声（Input noise），缩放因子（scaling_factor）=30，分布（distribution）=新采样（fresh）
已为 12 层启用查询投影噪声（query noise），缩放因子（scaling_factor）=22，分布（distribution）=编码分布（encoding）
已为 12 层启用键投影噪声（key noise），缩放因子（scaling_factor）=22，分布（distribution）=编码分布（encoding）
已为 12 层启用值投影噪声（value noise），缩放因子（scaling_factor）=22，分布（distribution）=编码分布（encoding）
已为 12 层启用注意力输出投影噪声（wo noise），缩放因子（scaling_factor）=22，分布（distribution）=编码分布（encoding）
已为 12 层启用前馈网络第一层噪声（wffn1 noise），缩放因子（scaling_factor）=24，分布（distribution）=编码分布（encoding）
已为 12 层启用前馈网络第二层噪声（wffn2 noise），缩放因子（scaling_factor）=22，分布（distribution）=编码分布（encoding）
Enabled softmax/V attention-product noise for 12 layers (softmax sf=12, V sf=14, distribution=fresh)
已替换 12 层的GELU函数（GELU function）
已替换 12 层的Softmax函数（Softmax function）
已为 12 层启用输入噪声（Input noise），缩放因子（scaling_factor）=30，分布（distribution）=新采样（fresh）
已为 12 层启用查询投影噪声（query noise），缩放因子（scaling_factor）=22，分布（distribution）=编码分布（encoding）
已为 12 层启用键投影噪声（key noise），缩放因子（scaling_factor）=22，分布（distribution）=编码分布（encoding）
已为 12 层启用值投影噪声（value noise），缩放因子（scaling_factor）=22，分布（distribution）=编码分布（encoding）
已为 12 层启用注意力输出投影噪声（wo noise），缩放因子（scaling_factor）=22，分布（distribution）=编码分布（encoding）
已为 12 层启用前馈网络第一层噪声（wffn1 noise），缩放因子（scaling_factor）=24，分布（distribution）=编码分布（encoding）
已为 12 层启用前馈网络第二层噪声（wffn2 noise），缩放因子（scaling_factor）=22，分布（distribution）=编码分布（encoding）
Enabled softmax/V attention-product noise for 12 layers (softmax sf=12, V sf=14, distribution=fresh)
已替换 12 层的GELU函数（GELU function）
已替换 12 层的Softmax函数（Softmax function）
已为 12 层启用输入噪声（Input noise），缩放因子（scaling_factor）=30，分布（distribution）=新采样（fresh）
已为 12 层启用查询投影噪声（query noise），缩放因子（scaling_factor）=22，分布（distribution）=编码分布（encoding）
已为 12 层启用键投影噪声（key noise），缩放因子（scaling_factor）=22，分布（distribution）=编码分布（encoding）
已为 12 层启用值投影噪声（value noise），缩放因子（scaling_factor）=22，分布（distribution）=编码分布（encoding）
已为 12 层启用注意力输出投影噪声（wo noise），缩放因子（scaling_factor）=22，分布（distribution）=编码分布（encoding）
已为 12 层启用前馈网络第一层噪声（wffn1 noise），缩放因子（scaling_factor）=24，分布（distribution）=编码分布（encoding）
已为 12 层启用前馈网络第二层噪声（wffn2 noise），缩放因子（scaling_factor）=22，分布（distribution）=编码分布（encoding）
Enabled softmax/V attention-product noise for 12 layers (softmax sf=12, V sf=14, distribution=fresh)
  softmax_sf=12, v_sf=14 => loss_mean=0.836348, loss_var=0.000174, m1_mean=0.457843, m1_var=0.000419, m2_mean=0.469950, m2_var=0.000390
已替换 12 层的GELU函数（GELU function）
已替换 12 层的Softmax函数（Softmax function）
已为 12 层启用输入噪声（Input noise），缩放因子（scaling_factor）=30，分布（distribution）=新采样（fresh）
已为 12 层启用查询投影噪声（query noise），缩放因子（scaling_factor）=22，分布（distribution）=编码分布（encoding）
已为 12 层启用键投影噪声（key noise），缩放因子（scaling_factor）=22，分布（distribution）=编码分布（encoding）
已为 12 层启用值投影噪声（value noise），缩放因子（scaling_factor）=22，分布（distribution）=编码分布（encoding）
已为 12 层启用注意力输出投影噪声（wo noise），缩放因子（scaling_factor）=22，分布（distribution）=编码分布（encoding）
已为 12 层启用前馈网络第一层噪声（wffn1 noise），缩放因子（scaling_factor）=24，分布（distribution）=编码分布（encoding）
已为 12 层启用前馈网络第二层噪声（wffn2 noise），缩放因子（scaling_factor）=22，分布（distribution）=编码分布（encoding）
Enabled softmax/V attention-product noise for 12 layers (softmax sf=12, V sf=16, distribution=fresh)
已替换 12 层的GELU函数（GELU function）
已替换 12 层的Softmax函数（Softmax function）
已为 12 层启用输入噪声（Input noise），缩放因子（scaling_factor）=30，分布（distribution）=新采样（fresh）
已为 12 层启用查询投影噪声（query noise），缩放因子（scaling_factor）=22，分布（distribution）=编码分布（encoding）
已为 12 层启用键投影噪声（key noise），缩放因子（scaling_factor）=22，分布（distribution）=编码分布（encoding）
已为 12 层启用值投影噪声（value noise），缩放因子（scaling_factor）=22，分布（distribution）=编码分布（encoding）
已为 12 层启用注意力输出投影噪声（wo noise），缩放因子（scaling_factor）=22，分布（distribution）=编码分布（encoding）
已为 12 层启用前馈网络第一层噪声（wffn1 noise），缩放因子（scaling_factor）=24，分布（distribution）=编码分布（encoding）
已为 12 层启用前馈网络第二层噪声（wffn2 noise），缩放因子（scaling_factor）=22，分布（distribution）=编码分布（encoding）
Enabled softmax/V attention-product noise for 12 layers (softmax sf=12, V sf=16, distribution=fresh)
已替换 12 层的GELU函数（GELU function）
已替换 12 层的Softmax函数（Softmax function）
已为 12 层启用输入噪声（Input noise），缩放因子（scaling_factor）=30，分布（distribution）=新采样（fresh）
已为 12 层启用查询投影噪声（query noise），缩放因子（scaling_factor）=22，分布（distribution）=编码分布（encoding）
已为 12 层启用键投影噪声（key noise），缩放因子（scaling_factor）=22，分布（distribution）=编码分布（encoding）
已为 12 层启用值投影噪声（value noise），缩放因子（scaling_factor）=22，分布（distribution）=编码分布（encoding）
已为 12 层启用注意力输出投影噪声（wo noise），缩放因子（scaling_factor）=22，分布（distribution）=编码分布（encoding）
已为 12 层启用前馈网络第一层噪声（wffn1 noise），缩放因子（scaling_factor）=24，分布（distribution）=编码分布（encoding）
已为 12 层启用前馈网络第二层噪声（wffn2 noise），缩放因子（scaling_factor）=22，分布（distribution）=编码分布（encoding）
Enabled softmax/V attention-product noise for 12 layers (softmax sf=12, V sf=16, distribution=fresh)
已替换 12 层的GELU函数（GELU function）
已替换 12 层的Softmax函数（Softmax function）
已为 12 层启用输入噪声（Input noise），缩放因子（scaling_factor）=30，分布（distribution）=新采样（fresh）
已为 12 层启用查询投影噪声（query noise），缩放因子（scaling_factor）=22，分布（distribution）=编码分布（encoding）
已为 12 层启用键投影噪声（key noise），缩放因子（scaling_factor）=22，分布（distribution）=编码分布（encoding）
已为 12 层启用值投影噪声（value noise），缩放因子（scaling_factor）=22，分布（distribution）=编码分布（encoding）
已为 12 层启用注意力输出投影噪声（wo noise），缩放因子（scaling_factor）=22，分布（distribution）=编码分布（encoding）
已为 12 层启用前馈网络第一层噪声（wffn1 noise），缩放因子（scaling_factor）=24，分布（distribution）=编码分布（encoding）
已为 12 层启用前馈网络第二层噪声（wffn2 noise），缩放因子（scaling_factor）=22，分布（distribution）=编码分布（encoding）
Enabled softmax/V attention-product noise for 12 layers (softmax sf=12, V sf=16, distribution=fresh)
已替换 12 层的GELU函数（GELU function）
已替换 12 层的Softmax函数（Softmax function）
已为 12 层启用输入噪声（Input noise），缩放因子（scaling_factor）=30，分布（distribution）=新采样（fresh）
已为 12 层启用查询投影噪声（query noise），缩放因子（scaling_factor）=22，分布（distribution）=编码分布（encoding）
已为 12 层启用键投影噪声（key noise），缩放因子（scaling_factor）=22，分布（distribution）=编码分布（encoding）
已为 12 层启用值投影噪声（value noise），缩放因子（scaling_factor）=22，分布（distribution）=编码分布（encoding）
已为 12 层启用注意力输出投影噪声（wo noise），缩放因子（scaling_factor）=22，分布（distribution）=编码分布（encoding）
已为 12 层启用前馈网络第一层噪声（wffn1 noise），缩放因子（scaling_factor）=24，分布（distribution）=编码分布（encoding）
已为 12 层启用前馈网络第二层噪声（wffn2 noise），缩放因子（scaling_factor）=22，分布（distribution）=编码分布（encoding）
Enabled softmax/V attention-product noise for 12 layers (softmax sf=12, V sf=16, distribution=fresh)
  softmax_sf=12, v_sf=16 => loss_mean=0.929170, loss_var=0.000644, m1_mean=0.482353, m1_var=0.000926, m2_mean=0.494402, m2_var=0.000959
已替换 12 层的GELU函数（GELU function）
已替换 12 层的Softmax函数（Softmax function）
已为 12 层启用输入噪声（Input noise），缩放因子（scaling_factor）=30，分布（distribution）=新采样（fresh）
已为 12 层启用查询投影噪声（query noise），缩放因子（scaling_factor）=22，分布（distribution）=编码分布（encoding）
已为 12 层启用键投影噪声（key noise），缩放因子（scaling_factor）=22，分布（distribution）=编码分布（encoding）
已为 12 层启用值投影噪声（value noise），缩放因子（scaling_factor）=22，分布（distribution）=编码分布（encoding）
已为 12 层启用注意力输出投影噪声（wo noise），缩放因子（scaling_factor）=22，分布（distribution）=编码分布（encoding）
已为 12 层启用前馈网络第一层噪声（wffn1 noise），缩放因子（scaling_factor）=24，分布（distribution）=编码分布（encoding）
已为 12 层启用前馈网络第二层噪声（wffn2 noise），缩放因子（scaling_factor）=22，分布（distribution）=编码分布（encoding）
Enabled softmax/V attention-product noise for 12 layers (softmax sf=12, V sf=18, distribution=fresh)
已替换 12 层的GELU函数（GELU function）
已替换 12 层的Softmax函数（Softmax function）
已为 12 层启用输入噪声（Input noise），缩放因子（scaling_factor）=30，分布（distribution）=新采样（fresh）
已为 12 层启用查询投影噪声（query noise），缩放因子（scaling_factor）=22，分布（distribution）=编码分布（encoding）
已为 12 层启用键投影噪声（key noise），缩放因子（scaling_factor）=22，分布（distribution）=编码分布（encoding）
已为 12 层启用值投影噪声（value noise），缩放因子（scaling_factor）=22，分布（distribution）=编码分布（encoding）
已为 12 层启用注意力输出投影噪声（wo noise），缩放因子（scaling_factor）=22，分布（distribution）=编码分布（encoding）
已为 12 层启用前馈网络第一层噪声（wffn1 noise），缩放因子（scaling_factor）=24，分布（distribution）=编码分布（encoding）
已为 12 层启用前馈网络第二层噪声（wffn2 noise），缩放因子（scaling_factor）=22，分布（distribution）=编码分布（encoding）
Enabled softmax/V attention-product noise for 12 layers (softmax sf=12, V sf=18, distribution=fresh)
已替换 12 层的GELU函数（GELU function）
已替换 12 层的Softmax函数（Softmax function）
已为 12 层启用输入噪声（Input noise），缩放因子（scaling_factor）=30，分布（distribution）=新采样（fresh）
已为 12 层启用查询投影噪声（query noise），缩放因子（scaling_factor）=22，分布（distribution）=编码分布（encoding）
已为 12 层启用键投影噪声（key noise），缩放因子（scaling_factor）=22，分布（distribution）=编码分布（encoding）
已为 12 层启用值投影噪声（value noise），缩放因子（scaling_factor）=22，分布（distribution）=编码分布（encoding）
已为 12 层启用注意力输出投影噪声（wo noise），缩放因子（scaling_factor）=22，分布（distribution）=编码分布（encoding）
已为 12 层启用前馈网络第一层噪声（wffn1 noise），缩放因子（scaling_factor）=24，分布（distribution）=编码分布（encoding）
已为 12 层启用前馈网络第二层噪声（wffn2 noise），缩放因子（scaling_factor）=22，分布（distribution）=编码分布（encoding）
Enabled softmax/V attention-product noise for 12 layers (softmax sf=12, V sf=18, distribution=fresh)
已替换 12 层的GELU函数（GELU function）
已替换 12 层的Softmax函数（Softmax function）
已为 12 层启用输入噪声（Input noise），缩放因子（scaling_factor）=30，分布（distribution）=新采样（fresh）
已为 12 层启用查询投影噪声（query noise），缩放因子（scaling_factor）=22，分布（distribution）=编码分布（encoding）
已为 12 层启用键投影噪声（key noise），缩放因子（scaling_factor）=22，分布（distribution）=编码分布（encoding）
已为 12 层启用值投影噪声（value noise），缩放因子（scaling_factor）=22，分布（distribution）=编码分布（encoding）
已为 12 层启用注意力输出投影噪声（wo noise），缩放因子（scaling_factor）=22，分布（distribution）=编码分布（encoding）
已为 12 层启用前馈网络第一层噪声（wffn1 noise），缩放因子（scaling_factor）=24，分布（distribution）=编码分布（encoding）
已为 12 层启用前馈网络第二层噪声（wffn2 noise），缩放因子（scaling_factor）=22，分布（distribution）=编码分布（encoding）
Enabled softmax/V attention-product noise for 12 layers (softmax sf=12, V sf=18, distribution=fresh)
已替换 12 层的GELU函数（GELU function）
已替换 12 层的Softmax函数（Softmax function）
已为 12 层启用输入噪声（Input noise），缩放因子（scaling_factor）=30，分布（distribution）=新采样（fresh）
已为 12 层启用查询投影噪声（query noise），缩放因子（scaling_factor）=22，分布（distribution）=编码分布（encoding）
已为 12 层启用键投影噪声（key noise），缩放因子（scaling_factor）=22，分布（distribution）=编码分布（encoding）
已为 12 层启用值投影噪声（value noise），缩放因子（scaling_factor）=22，分布（distribution）=编码分布（encoding）
已为 12 层启用注意力输出投影噪声（wo noise），缩放因子（scaling_factor）=22，分布（distribution）=编码分布（encoding）
已为 12 层启用前馈网络第一层噪声（wffn1 noise），缩放因子（scaling_factor）=24，分布（distribution）=编码分布（encoding）
已为 12 层启用前馈网络第二层噪声（wffn2 noise），缩放因子（scaling_factor）=22，分布（distribution）=编码分布（encoding）
Enabled softmax/V attention-product noise for 12 layers (softmax sf=12, V sf=18, distribution=fresh)
  softmax_sf=12, v_sf=18 => loss_mean=0.954798, loss_var=0.000525, m1_mean=0.476961, m1_var=0.000045, m2_mean=0.492664, m2_var=0.000029
已替换 12 层的GELU函数（GELU function）
已替换 12 层的Softmax函数（Softmax function）
已为 12 层启用输入噪声（Input noise），缩放因子（scaling_factor）=30，分布（distribution）=新采样（fresh）
已为 12 层启用查询投影噪声（query noise），缩放因子（scaling_factor）=22，分布（distribution）=编码分布（encoding）
已为 12 层启用键投影噪声（key noise），缩放因子（scaling_factor）=22，分布（distribution）=编码分布（encoding）
已为 12 层启用值投影噪声（value noise），缩放因子（scaling_factor）=22，分布（distribution）=编码分布（encoding）
已为 12 层启用注意力输出投影噪声（wo noise），缩放因子（scaling_factor）=22，分布（distribution）=编码分布（encoding）
已为 12 层启用前馈网络第一层噪声（wffn1 noise），缩放因子（scaling_factor）=24，分布（distribution）=编码分布（encoding）
已为 12 层启用前馈网络第二层噪声（wffn2 noise），缩放因子（scaling_factor）=22，分布（distribution）=编码分布（encoding）
Enabled softmax/V attention-product noise for 12 layers (softmax sf=12, V sf=20, distribution=fresh)
已替换 12 层的GELU函数（GELU function）
已替换 12 层的Softmax函数（Softmax function）
已为 12 层启用输入噪声（Input noise），缩放因子（scaling_factor）=30，分布（distribution）=新采样（fresh）
已为 12 层启用查询投影噪声（query noise），缩放因子（scaling_factor）=22，分布（distribution）=编码分布（encoding）
已为 12 层启用键投影噪声（key noise），缩放因子（scaling_factor）=22，分布（distribution）=编码分布（encoding）
已为 12 层启用值投影噪声（value noise），缩放因子（scaling_factor）=22，分布（distribution）=编码分布（encoding）
已为 12 层启用注意力输出投影噪声（wo noise），缩放因子（scaling_factor）=22，分布（distribution）=编码分布（encoding）
已为 12 层启用前馈网络第一层噪声（wffn1 noise），缩放因子（scaling_factor）=24，分布（distribution）=编码分布（encoding）
已为 12 层启用前馈网络第二层噪声（wffn2 noise），缩放因子（scaling_factor）=22，分布（distribution）=编码分布（encoding）
Enabled softmax/V attention-product noise for 12 layers (softmax sf=12, V sf=20, distribution=fresh)
已替换 12 层的GELU函数（GELU function）
已替换 12 层的Softmax函数（Softmax function）
已为 12 层启用输入噪声（Input noise），缩放因子（scaling_factor）=30，分布（distribution）=新采样（fresh）
已为 12 层启用查询投影噪声（query noise），缩放因子（scaling_factor）=22，分布（distribution）=编码分布（encoding）
已为 12 层启用键投影噪声（key noise），缩放因子（scaling_factor）=22，分布（distribution）=编码分布（encoding）
已为 12 层启用值投影噪声（value noise），缩放因子（scaling_factor）=22，分布（distribution）=编码分布（encoding）
已为 12 层启用注意力输出投影噪声（wo noise），缩放因子（scaling_factor）=22，分布（distribution）=编码分布（encoding）
已为 12 层启用前馈网络第一层噪声（wffn1 noise），缩放因子（scaling_factor）=24，分布（distribution）=编码分布（encoding）
已为 12 层启用前馈网络第二层噪声（wffn2 noise），缩放因子（scaling_factor）=22，分布（distribution）=编码分布（encoding）
Enabled softmax/V attention-product noise for 12 layers (softmax sf=12, V sf=20, distribution=fresh)
已替换 12 层的GELU函数（GELU function）
已替换 12 层的Softmax函数（Softmax function）
已为 12 层启用输入噪声（Input noise），缩放因子（scaling_factor）=30，分布（distribution）=新采样（fresh）
已为 12 层启用查询投影噪声（query noise），缩放因子（scaling_factor）=22，分布（distribution）=编码分布（encoding）
已为 12 层启用键投影噪声（key noise），缩放因子（scaling_factor）=22，分布（distribution）=编码分布（encoding）
已为 12 层启用值投影噪声（value noise），缩放因子（scaling_factor）=22，分布（distribution）=编码分布（encoding）
已为 12 层启用注意力输出投影噪声（wo noise），缩放因子（scaling_factor）=22，分布（distribution）=编码分布（encoding）
已为 12 层启用前馈网络第一层噪声（wffn1 noise），缩放因子（scaling_factor）=24，分布（distribution）=编码分布（encoding）
已为 12 层启用前馈网络第二层噪声（wffn2 noise），缩放因子（scaling_factor）=22，分布（distribution）=编码分布（encoding）
Enabled softmax/V attention-product noise for 12 layers (softmax sf=12, V sf=20, distribution=fresh)
已替换 12 层的GELU函数（GELU function）
已替换 12 层的Softmax函数（Softmax function）
已为 12 层启用输入噪声（Input noise），缩放因子（scaling_factor）=30，分布（distribution）=新采样（fresh）
已为 12 层启用查询投影噪声（query noise），缩放因子（scaling_factor）=22，分布（distribution）=编码分布（encoding）
已为 12 层启用键投影噪声（key noise），缩放因子（scaling_factor）=22，分布（distribution）=编码分布（encoding）
已为 12 层启用值投影噪声（value noise），缩放因子（scaling_factor）=22，分布（distribution）=编码分布（encoding）
已为 12 层启用注意力输出投影噪声（wo noise），缩放因子（scaling_factor）=22，分布（distribution）=编码分布（encoding）
已为 12 层启用前馈网络第一层噪声（wffn1 noise），缩放因子（scaling_factor）=24，分布（distribution）=编码分布（encoding）
已为 12 层启用前馈网络第二层噪声（wffn2 noise），缩放因子（scaling_factor）=22，分布（distribution）=编码分布（encoding）
Enabled softmax/V attention-product noise for 12 layers (softmax sf=12, V sf=20, distribution=fresh)
  softmax_sf=12, v_sf=20 => loss_mean=0.954309, loss_var=0.002788, m1_mean=0.480392, m1_var=0.000548, m2_mean=0.494998, m2_var=0.000461
已替换 12 层的GELU函数（GELU function）
已替换 12 层的Softmax函数（Softmax function）
已为 12 层启用输入噪声（Input noise），缩放因子（scaling_factor）=30，分布（distribution）=新采样（fresh）
已为 12 层启用查询投影噪声（query noise），缩放因子（scaling_factor）=22，分布（distribution）=编码分布（encoding）
已为 12 层启用键投影噪声（key noise），缩放因子（scaling_factor）=22，分布（distribution）=编码分布（encoding）
已为 12 层启用值投影噪声（value noise），缩放因子（scaling_factor）=22，分布（distribution）=编码分布（encoding）
已为 12 层启用注意力输出投影噪声（wo noise），缩放因子（scaling_factor）=22，分布（distribution）=编码分布（encoding）
已为 12 层启用前馈网络第一层噪声（wffn1 noise），缩放因子（scaling_factor）=24，分布（distribution）=编码分布（encoding）
已为 12 层启用前馈网络第二层噪声（wffn2 noise），缩放因子（scaling_factor）=22，分布（distribution）=编码分布（encoding）
Enabled softmax/V attention-product noise for 12 layers (softmax sf=12, V sf=22, distribution=fresh)
已替换 12 层的GELU函数（GELU function）
已替换 12 层的Softmax函数（Softmax function）
已为 12 层启用输入噪声（Input noise），缩放因子（scaling_factor）=30，分布（distribution）=新采样（fresh）
已为 12 层启用查询投影噪声（query noise），缩放因子（scaling_factor）=22，分布（distribution）=编码分布（encoding）
已为 12 层启用键投影噪声（key noise），缩放因子（scaling_factor）=22，分布（distribution）=编码分布（encoding）
已为 12 层启用值投影噪声（value noise），缩放因子（scaling_factor）=22，分布（distribution）=编码分布（encoding）
已为 12 层启用注意力输出投影噪声（wo noise），缩放因子（scaling_factor）=22，分布（distribution）=编码分布（encoding）
已为 12 层启用前馈网络第一层噪声（wffn1 noise），缩放因子（scaling_factor）=24，分布（distribution）=编码分布（encoding）
已为 12 层启用前馈网络第二层噪声（wffn2 noise），缩放因子（scaling_factor）=22，分布（distribution）=编码分布（encoding）
Enabled softmax/V attention-product noise for 12 layers (softmax sf=12, V sf=22, distribution=fresh)
已替换 12 层的GELU函数（GELU function）
已替换 12 层的Softmax函数（Softmax function）
已为 12 层启用输入噪声（Input noise），缩放因子（scaling_factor）=30，分布（distribution）=新采样（fresh）
已为 12 层启用查询投影噪声（query noise），缩放因子（scaling_factor）=22，分布（distribution）=编码分布（encoding）
已为 12 层启用键投影噪声（key noise），缩放因子（scaling_factor）=22，分布（distribution）=编码分布（encoding）
已为 12 层启用值投影噪声（value noise），缩放因子（scaling_factor）=22，分布（distribution）=编码分布（encoding）
已为 12 层启用注意力输出投影噪声（wo noise），缩放因子（scaling_factor）=22，分布（distribution）=编码分布（encoding）
已为 12 层启用前馈网络第一层噪声（wffn1 noise），缩放因子（scaling_factor）=24，分布（distribution）=编码分布（encoding）
已为 12 层启用前馈网络第二层噪声（wffn2 noise），缩放因子（scaling_factor）=22，分布（distribution）=编码分布（encoding）
Enabled softmax/V attention-product noise for 12 layers (softmax sf=12, V sf=22, distribution=fresh)
已替换 12 层的GELU函数（GELU function）
已替换 12 层的Softmax函数（Softmax function）
已为 12 层启用输入噪声（Input noise），缩放因子（scaling_factor）=30，分布（distribution）=新采样（fresh）
已为 12 层启用查询投影噪声（query noise），缩放因子（scaling_factor）=22，分布（distribution）=编码分布（encoding）
已为 12 层启用键投影噪声（key noise），缩放因子（scaling_factor）=22，分布（distribution）=编码分布（encoding）
已为 12 层启用值投影噪声（value noise），缩放因子（scaling_factor）=22，分布（distribution）=编码分布（encoding）
已为 12 层启用注意力输出投影噪声（wo noise），缩放因子（scaling_factor）=22，分布（distribution）=编码分布（encoding）
已为 12 层启用前馈网络第一层噪声（wffn1 noise），缩放因子（scaling_factor）=24，分布（distribution）=编码分布（encoding）
已为 12 层启用前馈网络第二层噪声（wffn2 noise），缩放因子（scaling_factor）=22，分布（distribution）=编码分布（encoding）
Enabled softmax/V attention-product noise for 12 layers (softmax sf=12, V sf=22, distribution=fresh)
已替换 12 层的GELU函数（GELU function）
已替换 12 层的Softmax函数（Softmax function）
已为 12 层启用输入噪声（Input noise），缩放因子（scaling_factor）=30，分布（distribution）=新采样（fresh）
已为 12 层启用查询投影噪声（query noise），缩放因子（scaling_factor）=22，分布（distribution）=编码分布（encoding）
已为 12 层启用键投影噪声（key noise），缩放因子（scaling_factor）=22，分布（distribution）=编码分布（encoding）
已为 12 层启用值投影噪声（value noise），缩放因子（scaling_factor）=22，分布（distribution）=编码分布（encoding）
已为 12 层启用注意力输出投影噪声（wo noise），缩放因子（scaling_factor）=22，分布（distribution）=编码分布（encoding）
已为 12 层启用前馈网络第一层噪声（wffn1 noise），缩放因子（scaling_factor）=24，分布（distribution）=编码分布（encoding）
已为 12 层启用前馈网络第二层噪声（wffn2 noise），缩放因子（scaling_factor）=22，分布（distribution）=编码分布（encoding）
Enabled softmax/V attention-product noise for 12 layers (softmax sf=12, V sf=22, distribution=fresh)
  softmax_sf=12, v_sf=22 => loss_mean=0.991894, loss_var=0.001248, m1_mean=0.470098, m1_var=0.000984, m2_mean=0.486558, m2_var=0.000936
已替换 12 层的GELU函数（GELU function）
已替换 12 层的Softmax函数（Softmax function）
已为 12 层启用输入噪声（Input noise），缩放因子（scaling_factor）=30，分布（distribution）=新采样（fresh）
已为 12 层启用查询投影噪声（query noise），缩放因子（scaling_factor）=22，分布（distribution）=编码分布（encoding）
已为 12 层启用键投影噪声（key noise），缩放因子（scaling_factor）=22，分布（distribution）=编码分布（encoding）
已为 12 层启用值投影噪声（value noise），缩放因子（scaling_factor）=22，分布（distribution）=编码分布（encoding）
已为 12 层启用注意力输出投影噪声（wo noise），缩放因子（scaling_factor）=22，分布（distribution）=编码分布（encoding）
已为 12 层启用前馈网络第一层噪声（wffn1 noise），缩放因子（scaling_factor）=24，分布（distribution）=编码分布（encoding）
已为 12 层启用前馈网络第二层噪声（wffn2 noise），缩放因子（scaling_factor）=22，分布（distribution）=编码分布（encoding）
Enabled softmax/V attention-product noise for 12 layers (softmax sf=12, V sf=24, distribution=fresh)
已替换 12 层的GELU函数（GELU function）
已替换 12 层的Softmax函数（Softmax function）
已为 12 层启用输入噪声（Input noise），缩放因子（scaling_factor）=30，分布（distribution）=新采样（fresh）
已为 12 层启用查询投影噪声（query noise），缩放因子（scaling_factor）=22，分布（distribution）=编码分布（encoding）
已为 12 层启用键投影噪声（key noise），缩放因子（scaling_factor）=22，分布（distribution）=编码分布（encoding）
已为 12 层启用值投影噪声（value noise），缩放因子（scaling_factor）=22，分布（distribution）=编码分布（encoding）
已为 12 层启用注意力输出投影噪声（wo noise），缩放因子（scaling_factor）=22，分布（distribution）=编码分布（encoding）
已为 12 层启用前馈网络第一层噪声（wffn1 noise），缩放因子（scaling_factor）=24，分布（distribution）=编码分布（encoding）
已为 12 层启用前馈网络第二层噪声（wffn2 noise），缩放因子（scaling_factor）=22，分布（distribution）=编码分布（encoding）
Enabled softmax/V attention-product noise for 12 layers (softmax sf=12, V sf=24, distribution=fresh)
已替换 12 层的GELU函数（GELU function）
已替换 12 层的Softmax函数（Softmax function）
已为 12 层启用输入噪声（Input noise），缩放因子（scaling_factor）=30，分布（distribution）=新采样（fresh）
已为 12 层启用查询投影噪声（query noise），缩放因子（scaling_factor）=22，分布（distribution）=编码分布（encoding）
已为 12 层启用键投影噪声（key noise），缩放因子（scaling_factor）=22，分布（distribution）=编码分布（encoding）
已为 12 层启用值投影噪声（value noise），缩放因子（scaling_factor）=22，分布（distribution）=编码分布（encoding）
已为 12 层启用注意力输出投影噪声（wo noise），缩放因子（scaling_factor）=22，分布（distribution）=编码分布（encoding）
已为 12 层启用前馈网络第一层噪声（wffn1 noise），缩放因子（scaling_factor）=24，分布（distribution）=编码分布（encoding）
已为 12 层启用前馈网络第二层噪声（wffn2 noise），缩放因子（scaling_factor）=22，分布（distribution）=编码分布（encoding）
Enabled softmax/V attention-product noise for 12 layers (softmax sf=12, V sf=24, distribution=fresh)
已替换 12 层的GELU函数（GELU function）
已替换 12 层的Softmax函数（Softmax function）
已为 12 层启用输入噪声（Input noise），缩放因子（scaling_factor）=30，分布（distribution）=新采样（fresh）
已为 12 层启用查询投影噪声（query noise），缩放因子（scaling_factor）=22，分布（distribution）=编码分布（encoding）
已为 12 层启用键投影噪声（key noise），缩放因子（scaling_factor）=22，分布（distribution）=编码分布（encoding）
已为 12 层启用值投影噪声（value noise），缩放因子（scaling_factor）=22，分布（distribution）=编码分布（encoding）
已为 12 层启用注意力输出投影噪声（wo noise），缩放因子（scaling_factor）=22，分布（distribution）=编码分布（encoding）
已为 12 层启用前馈网络第一层噪声（wffn1 noise），缩放因子（scaling_factor）=24，分布（distribution）=编码分布（encoding）
已为 12 层启用前馈网络第二层噪声（wffn2 noise），缩放因子（scaling_factor）=22，分布（distribution）=编码分布（encoding）
Enabled softmax/V attention-product noise for 12 layers (softmax sf=12, V sf=24, distribution=fresh)
已替换 12 层的GELU函数（GELU function）
已替换 12 层的Softmax函数（Softmax function）
已为 12 层启用输入噪声（Input noise），缩放因子（scaling_factor）=30，分布（distribution）=新采样（fresh）
已为 12 层启用查询投影噪声（query noise），缩放因子（scaling_factor）=22，分布（distribution）=编码分布（encoding）
已为 12 层启用键投影噪声（key noise），缩放因子（scaling_factor）=22，分布（distribution）=编码分布（encoding）
已为 12 层启用值投影噪声（value noise），缩放因子（scaling_factor）=22，分布（distribution）=编码分布（encoding）
已为 12 层启用注意力输出投影噪声（wo noise），缩放因子（scaling_factor）=22，分布（distribution）=编码分布（encoding）
已为 12 层启用前馈网络第一层噪声（wffn1 noise），缩放因子（scaling_factor）=24，分布（distribution）=编码分布（encoding）
已为 12 层启用前馈网络第二层噪声（wffn2 noise），缩放因子（scaling_factor）=22，分布（distribution）=编码分布（encoding）
Enabled softmax/V attention-product noise for 12 layers (softmax sf=12, V sf=24, distribution=fresh)
  softmax_sf=12, v_sf=24 => loss_mean=0.995832, loss_var=0.000684, m1_mean=0.448039, m1_var=0.000318, m2_mean=0.463033, m2_var=0.000309
已替换 12 层的GELU函数（GELU function）
已替换 12 层的Softmax函数（Softmax function）
已为 12 层启用输入噪声（Input noise），缩放因子（scaling_factor）=30，分布（distribution）=新采样（fresh）
已为 12 层启用查询投影噪声（query noise），缩放因子（scaling_factor）=22，分布（distribution）=编码分布（encoding）
已为 12 层启用键投影噪声（key noise），缩放因子（scaling_factor）=22，分布（distribution）=编码分布（encoding）
已为 12 层启用值投影噪声（value noise），缩放因子（scaling_factor）=22，分布（distribution）=编码分布（encoding）
已为 12 层启用注意力输出投影噪声（wo noise），缩放因子（scaling_factor）=22，分布（distribution）=编码分布（encoding）
已为 12 层启用前馈网络第一层噪声（wffn1 noise），缩放因子（scaling_factor）=24，分布（distribution）=编码分布（encoding）
已为 12 层启用前馈网络第二层噪声（wffn2 noise），缩放因子（scaling_factor）=22，分布（distribution）=编码分布（encoding）
Enabled softmax/V attention-product noise for 12 layers (softmax sf=12, V sf=26, distribution=fresh)
已替换 12 层的GELU函数（GELU function）
已替换 12 层的Softmax函数（Softmax function）
已为 12 层启用输入噪声（Input noise），缩放因子（scaling_factor）=30，分布（distribution）=新采样（fresh）
已为 12 层启用查询投影噪声（query noise），缩放因子（scaling_factor）=22，分布（distribution）=编码分布（encoding）
已为 12 层启用键投影噪声（key noise），缩放因子（scaling_factor）=22，分布（distribution）=编码分布（encoding）
已为 12 层启用值投影噪声（value noise），缩放因子（scaling_factor）=22，分布（distribution）=编码分布（encoding）
已为 12 层启用注意力输出投影噪声（wo noise），缩放因子（scaling_factor）=22，分布（distribution）=编码分布（encoding）
已为 12 层启用前馈网络第一层噪声（wffn1 noise），缩放因子（scaling_factor）=24，分布（distribution）=编码分布（encoding）
已为 12 层启用前馈网络第二层噪声（wffn2 noise），缩放因子（scaling_factor）=22，分布（distribution）=编码分布（encoding）
Enabled softmax/V attention-product noise for 12 layers (softmax sf=12, V sf=26, distribution=fresh)
已替换 12 层的GELU函数（GELU function）
已替换 12 层的Softmax函数（Softmax function）
已为 12 层启用输入噪声（Input noise），缩放因子（scaling_factor）=30，分布（distribution）=新采样（fresh）
已为 12 层启用查询投影噪声（query noise），缩放因子（scaling_factor）=22，分布（distribution）=编码分布（encoding）
已为 12 层启用键投影噪声（key noise），缩放因子（scaling_factor）=22，分布（distribution）=编码分布（encoding）
已为 12 层启用值投影噪声（value noise），缩放因子（scaling_factor）=22，分布（distribution）=编码分布（encoding）
已为 12 层启用注意力输出投影噪声（wo noise），缩放因子（scaling_factor）=22，分布（distribution）=编码分布（encoding）
已为 12 层启用前馈网络第一层噪声（wffn1 noise），缩放因子（scaling_factor）=24，分布（distribution）=编码分布（encoding）
已为 12 层启用前馈网络第二层噪声（wffn2 noise），缩放因子（scaling_factor）=22，分布（distribution）=编码分布（encoding）
Enabled softmax/V attention-product noise for 12 layers (softmax sf=12, V sf=26, distribution=fresh)
已替换 12 层的GELU函数（GELU function）
已替换 12 层的Softmax函数（Softmax function）
已为 12 层启用输入噪声（Input noise），缩放因子（scaling_factor）=30，分布（distribution）=新采样（fresh）
已为 12 层启用查询投影噪声（query noise），缩放因子（scaling_factor）=22，分布（distribution）=编码分布（encoding）
已为 12 层启用键投影噪声（key noise），缩放因子（scaling_factor）=22，分布（distribution）=编码分布（encoding）
已为 12 层启用值投影噪声（value noise），缩放因子（scaling_factor）=22，分布（distribution）=编码分布（encoding）
已为 12 层启用注意力输出投影噪声（wo noise），缩放因子（scaling_factor）=22，分布（distribution）=编码分布（encoding）
已为 12 层启用前馈网络第一层噪声（wffn1 noise），缩放因子（scaling_factor）=24，分布（distribution）=编码分布（encoding）
已为 12 层启用前馈网络第二层噪声（wffn2 noise），缩放因子（scaling_factor）=22，分布（distribution）=编码分布（encoding）
Enabled softmax/V attention-product noise for 12 layers (softmax sf=12, V sf=26, distribution=fresh)
已替换 12 层的GELU函数（GELU function）
已替换 12 层的Softmax函数（Softmax function）
已为 12 层启用输入噪声（Input noise），缩放因子（scaling_factor）=30，分布（distribution）=新采样（fresh）
已为 12 层启用查询投影噪声（query noise），缩放因子（scaling_factor）=22，分布（distribution）=编码分布（encoding）
已为 12 层启用键投影噪声（key noise），缩放因子（scaling_factor）=22，分布（distribution）=编码分布（encoding）
已为 12 层启用值投影噪声（value noise），缩放因子（scaling_factor）=22，分布（distribution）=编码分布（encoding）
已为 12 层启用注意力输出投影噪声（wo noise），缩放因子（scaling_factor）=22，分布（distribution）=编码分布（encoding）
已为 12 层启用前馈网络第一层噪声（wffn1 noise），缩放因子（scaling_factor）=24，分布（distribution）=编码分布（encoding）
已为 12 层启用前馈网络第二层噪声（wffn2 noise），缩放因子（scaling_factor）=22，分布（distribution）=编码分布（encoding）
Enabled softmax/V attention-product noise for 12 layers (softmax sf=12, V sf=26, distribution=fresh)
  softmax_sf=12, v_sf=26 => loss_mean=0.979166, loss_var=0.000163, m1_mean=0.468627, m1_var=0.000099, m2_mean=0.483344, m2_var=0.000092
已替换 12 层的GELU函数（GELU function）
已替换 12 层的Softmax函数（Softmax function）
已为 12 层启用输入噪声（Input noise），缩放因子（scaling_factor）=30，分布（distribution）=新采样（fresh）
已为 12 层启用查询投影噪声（query noise），缩放因子（scaling_factor）=22，分布（distribution）=编码分布（encoding）
已为 12 层启用键投影噪声（key noise），缩放因子（scaling_factor）=22，分布（distribution）=编码分布（encoding）
已为 12 层启用值投影噪声（value noise），缩放因子（scaling_factor）=22，分布（distribution）=编码分布（encoding）
已为 12 层启用注意力输出投影噪声（wo noise），缩放因子（scaling_factor）=22，分布（distribution）=编码分布（encoding）
已为 12 层启用前馈网络第一层噪声（wffn1 noise），缩放因子（scaling_factor）=24，分布（distribution）=编码分布（encoding）
已为 12 层启用前馈网络第二层噪声（wffn2 noise），缩放因子（scaling_factor）=22，分布（distribution）=编码分布（encoding）
Enabled softmax/V attention-product noise for 12 layers (softmax sf=12, V sf=28, distribution=fresh)
已替换 12 层的GELU函数（GELU function）
已替换 12 层的Softmax函数（Softmax function）
已为 12 层启用输入噪声（Input noise），缩放因子（scaling_factor）=30，分布（distribution）=新采样（fresh）
已为 12 层启用查询投影噪声（query noise），缩放因子（scaling_factor）=22，分布（distribution）=编码分布（encoding）
已为 12 层启用键投影噪声（key noise），缩放因子（scaling_factor）=22，分布（distribution）=编码分布（encoding）
已为 12 层启用值投影噪声（value noise），缩放因子（scaling_factor）=22，分布（distribution）=编码分布（encoding）
已为 12 层启用注意力输出投影噪声（wo noise），缩放因子（scaling_factor）=22，分布（distribution）=编码分布（encoding）
已为 12 层启用前馈网络第一层噪声（wffn1 noise），缩放因子（scaling_factor）=24，分布（distribution）=编码分布（encoding）
已为 12 层启用前馈网络第二层噪声（wffn2 noise），缩放因子（scaling_factor）=22，分布（distribution）=编码分布（encoding）
Enabled softmax/V attention-product noise for 12 layers (softmax sf=12, V sf=28, distribution=fresh)
已替换 12 层的GELU函数（GELU function）
已替换 12 层的Softmax函数（Softmax function）
已为 12 层启用输入噪声（Input noise），缩放因子（scaling_factor）=30，分布（distribution）=新采样（fresh）
已为 12 层启用查询投影噪声（query noise），缩放因子（scaling_factor）=22，分布（distribution）=编码分布（encoding）
已为 12 层启用键投影噪声（key noise），缩放因子（scaling_factor）=22，分布（distribution）=编码分布（encoding）
已为 12 层启用值投影噪声（value noise），缩放因子（scaling_factor）=22，分布（distribution）=编码分布（encoding）
已为 12 层启用注意力输出投影噪声（wo noise），缩放因子（scaling_factor）=22，分布（distribution）=编码分布（encoding）
已为 12 层启用前馈网络第一层噪声（wffn1 noise），缩放因子（scaling_factor）=24，分布（distribution）=编码分布（encoding）
已为 12 层启用前馈网络第二层噪声（wffn2 noise），缩放因子（scaling_factor）=22，分布（distribution）=编码分布（encoding）
Enabled softmax/V attention-product noise for 12 layers (softmax sf=12, V sf=28, distribution=fresh)
已替换 12 层的GELU函数（GELU function）
已替换 12 层的Softmax函数（Softmax function）
已为 12 层启用输入噪声（Input noise），缩放因子（scaling_factor）=30，分布（distribution）=新采样（fresh）
已为 12 层启用查询投影噪声（query noise），缩放因子（scaling_factor）=22，分布（distribution）=编码分布（encoding）
已为 12 层启用键投影噪声（key noise），缩放因子（scaling_factor）=22，分布（distribution）=编码分布（encoding）
已为 12 层启用值投影噪声（value noise），缩放因子（scaling_factor）=22，分布（distribution）=编码分布（encoding）
已为 12 层启用注意力输出投影噪声（wo noise），缩放因子（scaling_factor）=22，分布（distribution）=编码分布（encoding）
已为 12 层启用前馈网络第一层噪声（wffn1 noise），缩放因子（scaling_factor）=24，分布（distribution）=编码分布（encoding）
已为 12 层启用前馈网络第二层噪声（wffn2 noise），缩放因子（scaling_factor）=22，分布（distribution）=编码分布（encoding）
Enabled softmax/V attention-product noise for 12 layers (softmax sf=12, V sf=28, distribution=fresh)
已替换 12 层的GELU函数（GELU function）
已替换 12 层的Softmax函数（Softmax function）
已为 12 层启用输入噪声（Input noise），缩放因子（scaling_factor）=30，分布（distribution）=新采样（fresh）
已为 12 层启用查询投影噪声（query noise），缩放因子（scaling_factor）=22，分布（distribution）=编码分布（encoding）
已为 12 层启用键投影噪声（key noise），缩放因子（scaling_factor）=22，分布（distribution）=编码分布（encoding）
已为 12 层启用值投影噪声（value noise），缩放因子（scaling_factor）=22，分布（distribution）=编码分布（encoding）
已为 12 层启用注意力输出投影噪声（wo noise），缩放因子（scaling_factor）=22，分布（distribution）=编码分布（encoding）
已为 12 层启用前馈网络第一层噪声（wffn1 noise），缩放因子（scaling_factor）=24，分布（distribution）=编码分布（encoding）
已为 12 层启用前馈网络第二层噪声（wffn2 noise），缩放因子（scaling_factor）=22，分布（distribution）=编码分布（encoding）
Enabled softmax/V attention-product noise for 12 layers (softmax sf=12, V sf=28, distribution=fresh)
  softmax_sf=12, v_sf=28 => loss_mean=0.948542, loss_var=0.001780, m1_mean=0.485294, m1_var=0.001182, m2_mean=0.501873, m2_var=0.001149
已替换 12 层的GELU函数（GELU function）
已替换 12 层的Softmax函数（Softmax function）
已为 12 层启用输入噪声（Input noise），缩放因子（scaling_factor）=30，分布（distribution）=新采样（fresh）
已为 12 层启用查询投影噪声（query noise），缩放因子（scaling_factor）=22，分布（distribution）=编码分布（encoding）
已为 12 层启用键投影噪声（key noise），缩放因子（scaling_factor）=22，分布（distribution）=编码分布（encoding）
已为 12 层启用值投影噪声（value noise），缩放因子（scaling_factor）=22，分布（distribution）=编码分布（encoding）
已为 12 层启用注意力输出投影噪声（wo noise），缩放因子（scaling_factor）=22，分布（distribution）=编码分布（encoding）
已为 12 层启用前馈网络第一层噪声（wffn1 noise），缩放因子（scaling_factor）=24，分布（distribution）=编码分布（encoding）
已为 12 层启用前馈网络第二层噪声（wffn2 noise），缩放因子（scaling_factor）=22，分布（distribution）=编码分布（encoding）
Enabled softmax/V attention-product noise for 12 layers (softmax sf=12, V sf=30, distribution=fresh)
已替换 12 层的GELU函数（GELU function）
已替换 12 层的Softmax函数（Softmax function）
已为 12 层启用输入噪声（Input noise），缩放因子（scaling_factor）=30，分布（distribution）=新采样（fresh）
已为 12 层启用查询投影噪声（query noise），缩放因子（scaling_factor）=22，分布（distribution）=编码分布（encoding）
已为 12 层启用键投影噪声（key noise），缩放因子（scaling_factor）=22，分布（distribution）=编码分布（encoding）
已为 12 层启用值投影噪声（value noise），缩放因子（scaling_factor）=22，分布（distribution）=编码分布（encoding）
已为 12 层启用注意力输出投影噪声（wo noise），缩放因子（scaling_factor）=22，分布（distribution）=编码分布（encoding）
已为 12 层启用前馈网络第一层噪声（wffn1 noise），缩放因子（scaling_factor）=24，分布（distribution）=编码分布（encoding）
已为 12 层启用前馈网络第二层噪声（wffn2 noise），缩放因子（scaling_factor）=22，分布（distribution）=编码分布（encoding）
Enabled softmax/V attention-product noise for 12 layers (softmax sf=12, V sf=30, distribution=fresh)
已替换 12 层的GELU函数（GELU function）
已替换 12 层的Softmax函数（Softmax function）
已为 12 层启用输入噪声（Input noise），缩放因子（scaling_factor）=30，分布（distribution）=新采样（fresh）
已为 12 层启用查询投影噪声（query noise），缩放因子（scaling_factor）=22，分布（distribution）=编码分布（encoding）
已为 12 层启用键投影噪声（key noise），缩放因子（scaling_factor）=22，分布（distribution）=编码分布（encoding）
已为 12 层启用值投影噪声（value noise），缩放因子（scaling_factor）=22，分布（distribution）=编码分布（encoding）
已为 12 层启用注意力输出投影噪声（wo noise），缩放因子（scaling_factor）=22，分布（distribution）=编码分布（encoding）
已为 12 层启用前馈网络第一层噪声（wffn1 noise），缩放因子（scaling_factor）=24，分布（distribution）=编码分布（encoding）
已为 12 层启用前馈网络第二层噪声（wffn2 noise），缩放因子（scaling_factor）=22，分布（distribution）=编码分布（encoding）
Enabled softmax/V attention-product noise for 12 layers (softmax sf=12, V sf=30, distribution=fresh)
已替换 12 层的GELU函数（GELU function）
已替换 12 层的Softmax函数（Softmax function）
已为 12 层启用输入噪声（Input noise），缩放因子（scaling_factor）=30，分布（distribution）=新采样（fresh）
已为 12 层启用查询投影噪声（query noise），缩放因子（scaling_factor）=22，分布（distribution）=编码分布（encoding）
已为 12 层启用键投影噪声（key noise），缩放因子（scaling_factor）=22，分布（distribution）=编码分布（encoding）
已为 12 层启用值投影噪声（value noise），缩放因子（scaling_factor）=22，分布（distribution）=编码分布（encoding）
已为 12 层启用注意力输出投影噪声（wo noise），缩放因子（scaling_factor）=22，分布（distribution）=编码分布（encoding）
已为 12 层启用前馈网络第一层噪声（wffn1 noise），缩放因子（scaling_factor）=24，分布（distribution）=编码分布（encoding）
已为 12 层启用前馈网络第二层噪声（wffn2 noise），缩放因子（scaling_factor）=22，分布（distribution）=编码分布（encoding）
Enabled softmax/V attention-product noise for 12 layers (softmax sf=12, V sf=30, distribution=fresh)
已替换 12 层的GELU函数（GELU function）
已替换 12 层的Softmax函数（Softmax function）
已为 12 层启用输入噪声（Input noise），缩放因子（scaling_factor）=30，分布（distribution）=新采样（fresh）
已为 12 层启用查询投影噪声（query noise），缩放因子（scaling_factor）=22，分布（distribution）=编码分布（encoding）
已为 12 层启用键投影噪声（key noise），缩放因子（scaling_factor）=22，分布（distribution）=编码分布（encoding）
已为 12 层启用值投影噪声（value noise），缩放因子（scaling_factor）=22，分布（distribution）=编码分布（encoding）
已为 12 层启用注意力输出投影噪声（wo noise），缩放因子（scaling_factor）=22，分布（distribution）=编码分布（encoding）
已为 12 层启用前馈网络第一层噪声（wffn1 noise），缩放因子（scaling_factor）=24，分布（distribution）=编码分布（encoding）
已为 12 层启用前馈网络第二层噪声（wffn2 noise），缩放因子（scaling_factor）=22，分布（distribution）=编码分布（encoding）
Enabled softmax/V attention-product noise for 12 layers (softmax sf=12, V sf=30, distribution=fresh)
  softmax_sf=12, v_sf=30 => loss_mean=0.971764, loss_var=0.000778, m1_mean=0.468137, m1_var=0.000401, m2_mean=0.483707, m2_var=0.000362
已替换 12 层的GELU函数（GELU function）
已替换 12 层的Softmax函数（Softmax function）
已为 12 层启用输入噪声（Input noise），缩放因子（scaling_factor）=30，分布（distribution）=新采样（fresh）
已为 12 层启用查询投影噪声（query noise），缩放因子（scaling_factor）=22，分布（distribution）=编码分布（encoding）
已为 12 层启用键投影噪声（key noise），缩放因子（scaling_factor）=22，分布（distribution）=编码分布（encoding）
已为 12 层启用值投影噪声（value noise），缩放因子（scaling_factor）=22，分布（distribution）=编码分布（encoding）
已为 12 层启用注意力输出投影噪声（wo noise），缩放因子（scaling_factor）=22，分布（distribution）=编码分布（encoding）
已为 12 层启用前馈网络第一层噪声（wffn1 noise），缩放因子（scaling_factor）=24，分布（distribution）=编码分布（encoding）
已为 12 层启用前馈网络第二层噪声（wffn2 noise），缩放因子（scaling_factor）=22，分布（distribution）=编码分布（encoding）
Enabled softmax/V attention-product noise for 12 layers (softmax sf=12, V sf=32, distribution=fresh)
已替换 12 层的GELU函数（GELU function）
已替换 12 层的Softmax函数（Softmax function）
已为 12 层启用输入噪声（Input noise），缩放因子（scaling_factor）=30，分布（distribution）=新采样（fresh）
已为 12 层启用查询投影噪声（query noise），缩放因子（scaling_factor）=22，分布（distribution）=编码分布（encoding）
已为 12 层启用键投影噪声（key noise），缩放因子（scaling_factor）=22，分布（distribution）=编码分布（encoding）
已为 12 层启用值投影噪声（value noise），缩放因子（scaling_factor）=22，分布（distribution）=编码分布（encoding）
已为 12 层启用注意力输出投影噪声（wo noise），缩放因子（scaling_factor）=22，分布（distribution）=编码分布（encoding）
已为 12 层启用前馈网络第一层噪声（wffn1 noise），缩放因子（scaling_factor）=24，分布（distribution）=编码分布（encoding）
已为 12 层启用前馈网络第二层噪声（wffn2 noise），缩放因子（scaling_factor）=22，分布（distribution）=编码分布（encoding）
Enabled softmax/V attention-product noise for 12 layers (softmax sf=12, V sf=32, distribution=fresh)
已替换 12 层的GELU函数（GELU function）
已替换 12 层的Softmax函数（Softmax function）
已为 12 层启用输入噪声（Input noise），缩放因子（scaling_factor）=30，分布（distribution）=新采样（fresh）
已为 12 层启用查询投影噪声（query noise），缩放因子（scaling_factor）=22，分布（distribution）=编码分布（encoding）
已为 12 层启用键投影噪声（key noise），缩放因子（scaling_factor）=22，分布（distribution）=编码分布（encoding）
已为 12 层启用值投影噪声（value noise），缩放因子（scaling_factor）=22，分布（distribution）=编码分布（encoding）
已为 12 层启用注意力输出投影噪声（wo noise），缩放因子（scaling_factor）=22，分布（distribution）=编码分布（encoding）
已为 12 层启用前馈网络第一层噪声（wffn1 noise），缩放因子（scaling_factor）=24，分布（distribution）=编码分布（encoding）
已为 12 层启用前馈网络第二层噪声（wffn2 noise），缩放因子（scaling_factor）=22，分布（distribution）=编码分布（encoding）
Enabled softmax/V attention-product noise for 12 layers (softmax sf=12, V sf=32, distribution=fresh)
已替换 12 层的GELU函数（GELU function）
已替换 12 层的Softmax函数（Softmax function）
已为 12 层启用输入噪声（Input noise），缩放因子（scaling_factor）=30，分布（distribution）=新采样（fresh）
已为 12 层启用查询投影噪声（query noise），缩放因子（scaling_factor）=22，分布（distribution）=编码分布（encoding）
已为 12 层启用键投影噪声（key noise），缩放因子（scaling_factor）=22，分布（distribution）=编码分布（encoding）
已为 12 层启用值投影噪声（value noise），缩放因子（scaling_factor）=22，分布（distribution）=编码分布（encoding）
已为 12 层启用注意力输出投影噪声（wo noise），缩放因子（scaling_factor）=22，分布（distribution）=编码分布（encoding）
已为 12 层启用前馈网络第一层噪声（wffn1 noise），缩放因子（scaling_factor）=24，分布（distribution）=编码分布（encoding）
已为 12 层启用前馈网络第二层噪声（wffn2 noise），缩放因子（scaling_factor）=22，分布（distribution）=编码分布（encoding）
Enabled softmax/V attention-product noise for 12 layers (softmax sf=12, V sf=32, distribution=fresh)
已替换 12 层的GELU函数（GELU function）
已替换 12 层的Softmax函数（Softmax function）
已为 12 层启用输入噪声（Input noise），缩放因子（scaling_factor）=30，分布（distribution）=新采样（fresh）
已为 12 层启用查询投影噪声（query noise），缩放因子（scaling_factor）=22，分布（distribution）=编码分布（encoding）
已为 12 层启用键投影噪声（key noise），缩放因子（scaling_factor）=22，分布（distribution）=编码分布（encoding）
已为 12 层启用值投影噪声（value noise），缩放因子（scaling_factor）=22，分布（distribution）=编码分布（encoding）
已为 12 层启用注意力输出投影噪声（wo noise），缩放因子（scaling_factor）=22，分布（distribution）=编码分布（encoding）
已为 12 层启用前馈网络第一层噪声（wffn1 noise），缩放因子（scaling_factor）=24，分布（distribution）=编码分布（encoding）
已为 12 层启用前馈网络第二层噪声（wffn2 noise），缩放因子（scaling_factor）=22，分布（distribution）=编码分布（encoding）
Enabled softmax/V attention-product noise for 12 layers (softmax sf=12, V sf=32, distribution=fresh)
  softmax_sf=12, v_sf=32 => loss_mean=0.960773, loss_var=0.001279, m1_mean=0.476961, m1_var=0.000138, m2_mean=0.491976, m2_var=0.000125
已替换 12 层的GELU函数（GELU function）
已替换 12 层的Softmax函数（Softmax function）
已为 12 层启用输入噪声（Input noise），缩放因子（scaling_factor）=30，分布（distribution）=新采样（fresh）
已为 12 层启用查询投影噪声（query noise），缩放因子（scaling_factor）=22，分布（distribution）=编码分布（encoding）
已为 12 层启用键投影噪声（key noise），缩放因子（scaling_factor）=22，分布（distribution）=编码分布（encoding）
已为 12 层启用值投影噪声（value noise），缩放因子（scaling_factor）=22，分布（distribution）=编码分布（encoding）
已为 12 层启用注意力输出投影噪声（wo noise），缩放因子（scaling_factor）=22，分布（distribution）=编码分布（encoding）
已为 12 层启用前馈网络第一层噪声（wffn1 noise），缩放因子（scaling_factor）=24，分布（distribution）=编码分布（encoding）
已为 12 层启用前馈网络第二层噪声（wffn2 noise），缩放因子（scaling_factor）=22，分布（distribution）=编码分布（encoding）
Enabled softmax/V attention-product noise for 12 layers (softmax sf=12, V sf=34, distribution=fresh)
已替换 12 层的GELU函数（GELU function）
已替换 12 层的Softmax函数（Softmax function）
已为 12 层启用输入噪声（Input noise），缩放因子（scaling_factor）=30，分布（distribution）=新采样（fresh）
已为 12 层启用查询投影噪声（query noise），缩放因子（scaling_factor）=22，分布（distribution）=编码分布（encoding）
已为 12 层启用键投影噪声（key noise），缩放因子（scaling_factor）=22，分布（distribution）=编码分布（encoding）
已为 12 层启用值投影噪声（value noise），缩放因子（scaling_factor）=22，分布（distribution）=编码分布（encoding）
已为 12 层启用注意力输出投影噪声（wo noise），缩放因子（scaling_factor）=22，分布（distribution）=编码分布（encoding）
已为 12 层启用前馈网络第一层噪声（wffn1 noise），缩放因子（scaling_factor）=24，分布（distribution）=编码分布（encoding）
已为 12 层启用前馈网络第二层噪声（wffn2 noise），缩放因子（scaling_factor）=22，分布（distribution）=编码分布（encoding）
Enabled softmax/V attention-product noise for 12 layers (softmax sf=12, V sf=34, distribution=fresh)
已替换 12 层的GELU函数（GELU function）
已替换 12 层的Softmax函数（Softmax function）
已为 12 层启用输入噪声（Input noise），缩放因子（scaling_factor）=30，分布（distribution）=新采样（fresh）
已为 12 层启用查询投影噪声（query noise），缩放因子（scaling_factor）=22，分布（distribution）=编码分布（encoding）
已为 12 层启用键投影噪声（key noise），缩放因子（scaling_factor）=22，分布（distribution）=编码分布（encoding）
已为 12 层启用值投影噪声（value noise），缩放因子（scaling_factor）=22，分布（distribution）=编码分布（encoding）
已为 12 层启用注意力输出投影噪声（wo noise），缩放因子（scaling_factor）=22，分布（distribution）=编码分布（encoding）
已为 12 层启用前馈网络第一层噪声（wffn1 noise），缩放因子（scaling_factor）=24，分布（distribution）=编码分布（encoding）
已为 12 层启用前馈网络第二层噪声（wffn2 noise），缩放因子（scaling_factor）=22，分布（distribution）=编码分布（encoding）
Enabled softmax/V attention-product noise for 12 layers (softmax sf=12, V sf=34, distribution=fresh)
已替换 12 层的GELU函数（GELU function）
已替换 12 层的Softmax函数（Softmax function）
已为 12 层启用输入噪声（Input noise），缩放因子（scaling_factor）=30，分布（distribution）=新采样（fresh）
已为 12 层启用查询投影噪声（query noise），缩放因子（scaling_factor）=22，分布（distribution）=编码分布（encoding）
已为 12 层启用键投影噪声（key noise），缩放因子（scaling_factor）=22，分布（distribution）=编码分布（encoding）
已为 12 层启用值投影噪声（value noise），缩放因子（scaling_factor）=22，分布（distribution）=编码分布（encoding）
已为 12 层启用注意力输出投影噪声（wo noise），缩放因子（scaling_factor）=22，分布（distribution）=编码分布（encoding）
已为 12 层启用前馈网络第一层噪声（wffn1 noise），缩放因子（scaling_factor）=24，分布（distribution）=编码分布（encoding）
已为 12 层启用前馈网络第二层噪声（wffn2 noise），缩放因子（scaling_factor）=22，分布（distribution）=编码分布（encoding）
Enabled softmax/V attention-product noise for 12 layers (softmax sf=12, V sf=34, distribution=fresh)
已替换 12 层的GELU函数（GELU function）
已替换 12 层的Softmax函数（Softmax function）
已为 12 层启用输入噪声（Input noise），缩放因子（scaling_factor）=30，分布（distribution）=新采样（fresh）
已为 12 层启用查询投影噪声（query noise），缩放因子（scaling_factor）=22，分布（distribution）=编码分布（encoding）
已为 12 层启用键投影噪声（key noise），缩放因子（scaling_factor）=22，分布（distribution）=编码分布（encoding）
已为 12 层启用值投影噪声（value noise），缩放因子（scaling_factor）=22，分布（distribution）=编码分布（encoding）
已为 12 层启用注意力输出投影噪声（wo noise），缩放因子（scaling_factor）=22，分布（distribution）=编码分布（encoding）
已为 12 层启用前馈网络第一层噪声（wffn1 noise），缩放因子（scaling_factor）=24，分布（distribution）=编码分布（encoding）
已为 12 层启用前馈网络第二层噪声（wffn2 noise），缩放因子（scaling_factor）=22，分布（distribution）=编码分布（encoding）
Enabled softmax/V attention-product noise for 12 layers (softmax sf=12, V sf=34, distribution=fresh)
  softmax_sf=12, v_sf=34 => loss_mean=0.970505, loss_var=0.002648, m1_mean=0.467157, m1_var=0.000170, m2_mean=0.483642, m2_var=0.000200
已替换 12 层的GELU函数（GELU function）
已替换 12 层的Softmax函数（Softmax function）
已为 12 层启用输入噪声（Input noise），缩放因子（scaling_factor）=30，分布（distribution）=新采样（fresh）
已为 12 层启用查询投影噪声（query noise），缩放因子（scaling_factor）=22，分布（distribution）=编码分布（encoding）
已为 12 层启用键投影噪声（key noise），缩放因子（scaling_factor）=22，分布（distribution）=编码分布（encoding）
已为 12 层启用值投影噪声（value noise），缩放因子（scaling_factor）=22，分布（distribution）=编码分布（encoding）
已为 12 层启用注意力输出投影噪声（wo noise），缩放因子（scaling_factor）=22，分布（distribution）=编码分布（encoding）
已为 12 层启用前馈网络第一层噪声（wffn1 noise），缩放因子（scaling_factor）=24，分布（distribution）=编码分布（encoding）
已为 12 层启用前馈网络第二层噪声（wffn2 noise），缩放因子（scaling_factor）=22，分布（distribution）=编码分布（encoding）
Enabled softmax/V attention-product noise for 12 layers (softmax sf=12, V sf=36, distribution=fresh)
已替换 12 层的GELU函数（GELU function）
已替换 12 层的Softmax函数（Softmax function）
已为 12 层启用输入噪声（Input noise），缩放因子（scaling_factor）=30，分布（distribution）=新采样（fresh）
已为 12 层启用查询投影噪声（query noise），缩放因子（scaling_factor）=22，分布（distribution）=编码分布（encoding）
已为 12 层启用键投影噪声（key noise），缩放因子（scaling_factor）=22，分布（distribution）=编码分布（encoding）
已为 12 层启用值投影噪声（value noise），缩放因子（scaling_factor）=22，分布（distribution）=编码分布（encoding）
已为 12 层启用注意力输出投影噪声（wo noise），缩放因子（scaling_factor）=22，分布（distribution）=编码分布（encoding）
已为 12 层启用前馈网络第一层噪声（wffn1 noise），缩放因子（scaling_factor）=24，分布（distribution）=编码分布（encoding）
已为 12 层启用前馈网络第二层噪声（wffn2 noise），缩放因子（scaling_factor）=22，分布（distribution）=编码分布（encoding）
Enabled softmax/V attention-product noise for 12 layers (softmax sf=12, V sf=36, distribution=fresh)
已替换 12 层的GELU函数（GELU function）
已替换 12 层的Softmax函数（Softmax function）
已为 12 层启用输入噪声（Input noise），缩放因子（scaling_factor）=30，分布（distribution）=新采样（fresh）
已为 12 层启用查询投影噪声（query noise），缩放因子（scaling_factor）=22，分布（distribution）=编码分布（encoding）
已为 12 层启用键投影噪声（key noise），缩放因子（scaling_factor）=22，分布（distribution）=编码分布（encoding）
已为 12 层启用值投影噪声（value noise），缩放因子（scaling_factor）=22，分布（distribution）=编码分布（encoding）
已为 12 层启用注意力输出投影噪声（wo noise），缩放因子（scaling_factor）=22，分布（distribution）=编码分布（encoding）
已为 12 层启用前馈网络第一层噪声（wffn1 noise），缩放因子（scaling_factor）=24，分布（distribution）=编码分布（encoding）
已为 12 层启用前馈网络第二层噪声（wffn2 noise），缩放因子（scaling_factor）=22，分布（distribution）=编码分布（encoding）
Enabled softmax/V attention-product noise for 12 layers (softmax sf=12, V sf=36, distribution=fresh)
已替换 12 层的GELU函数（GELU function）
已替换 12 层的Softmax函数（Softmax function）
已为 12 层启用输入噪声（Input noise），缩放因子（scaling_factor）=30，分布（distribution）=新采样（fresh）
已为 12 层启用查询投影噪声（query noise），缩放因子（scaling_factor）=22，分布（distribution）=编码分布（encoding）
已为 12 层启用键投影噪声（key noise），缩放因子（scaling_factor）=22，分布（distribution）=编码分布（encoding）
已为 12 层启用值投影噪声（value noise），缩放因子（scaling_factor）=22，分布（distribution）=编码分布（encoding）
已为 12 层启用注意力输出投影噪声（wo noise），缩放因子（scaling_factor）=22，分布（distribution）=编码分布（encoding）
已为 12 层启用前馈网络第一层噪声（wffn1 noise），缩放因子（scaling_factor）=24，分布（distribution）=编码分布（encoding）
已为 12 层启用前馈网络第二层噪声（wffn2 noise），缩放因子（scaling_factor）=22，分布（distribution）=编码分布（encoding）
Enabled softmax/V attention-product noise for 12 layers (softmax sf=12, V sf=36, distribution=fresh)
已替换 12 层的GELU函数（GELU function）
已替换 12 层的Softmax函数（Softmax function）
已为 12 层启用输入噪声（Input noise），缩放因子（scaling_factor）=30，分布（distribution）=新采样（fresh）
已为 12 层启用查询投影噪声（query noise），缩放因子（scaling_factor）=22，分布（distribution）=编码分布（encoding）
已为 12 层启用键投影噪声（key noise），缩放因子（scaling_factor）=22，分布（distribution）=编码分布（encoding）
已为 12 层启用值投影噪声（value noise），缩放因子（scaling_factor）=22，分布（distribution）=编码分布（encoding）
已为 12 层启用注意力输出投影噪声（wo noise），缩放因子（scaling_factor）=22，分布（distribution）=编码分布（encoding）
已为 12 层启用前馈网络第一层噪声（wffn1 noise），缩放因子（scaling_factor）=24，分布（distribution）=编码分布（encoding）
已为 12 层启用前馈网络第二层噪声（wffn2 noise），缩放因子（scaling_factor）=22，分布（distribution）=编码分布（encoding）
Enabled softmax/V attention-product noise for 12 layers (softmax sf=12, V sf=36, distribution=fresh)
  softmax_sf=12, v_sf=36 => loss_mean=0.996352, loss_var=0.000501, m1_mean=0.457843, m1_var=0.000397, m2_mean=0.472293, m2_var=0.000367
已替换 12 层的GELU函数（GELU function）
已替换 12 层的Softmax函数（Softmax function）
已为 12 层启用输入噪声（Input noise），缩放因子（scaling_factor）=30，分布（distribution）=新采样（fresh）
已为 12 层启用查询投影噪声（query noise），缩放因子（scaling_factor）=22，分布（distribution）=编码分布（encoding）
已为 12 层启用键投影噪声（key noise），缩放因子（scaling_factor）=22，分布（distribution）=编码分布（encoding）
已为 12 层启用值投影噪声（value noise），缩放因子（scaling_factor）=22，分布（distribution）=编码分布（encoding）
已为 12 层启用注意力输出投影噪声（wo noise），缩放因子（scaling_factor）=22，分布（distribution）=编码分布（encoding）
已为 12 层启用前馈网络第一层噪声（wffn1 noise），缩放因子（scaling_factor）=24，分布（distribution）=编码分布（encoding）
已为 12 层启用前馈网络第二层噪声（wffn2 noise），缩放因子（scaling_factor）=22，分布（distribution）=编码分布（encoding）
Enabled softmax/V attention-product noise for 12 layers (softmax sf=12, V sf=38, distribution=fresh)
已替换 12 层的GELU函数（GELU function）
已替换 12 层的Softmax函数（Softmax function）
已为 12 层启用输入噪声（Input noise），缩放因子（scaling_factor）=30，分布（distribution）=新采样（fresh）
已为 12 层启用查询投影噪声（query noise），缩放因子（scaling_factor）=22，分布（distribution）=编码分布（encoding）
已为 12 层启用键投影噪声（key noise），缩放因子（scaling_factor）=22，分布（distribution）=编码分布（encoding）
已为 12 层启用值投影噪声（value noise），缩放因子（scaling_factor）=22，分布（distribution）=编码分布（encoding）
已为 12 层启用注意力输出投影噪声（wo noise），缩放因子（scaling_factor）=22，分布（distribution）=编码分布（encoding）
已为 12 层启用前馈网络第一层噪声（wffn1 noise），缩放因子（scaling_factor）=24，分布（distribution）=编码分布（encoding）
已为 12 层启用前馈网络第二层噪声（wffn2 noise），缩放因子（scaling_factor）=22，分布（distribution）=编码分布（encoding）
Enabled softmax/V attention-product noise for 12 layers (softmax sf=12, V sf=38, distribution=fresh)
已替换 12 层的GELU函数（GELU function）
已替换 12 层的Softmax函数（Softmax function）
已为 12 层启用输入噪声（Input noise），缩放因子（scaling_factor）=30，分布（distribution）=新采样（fresh）
已为 12 层启用查询投影噪声（query noise），缩放因子（scaling_factor）=22，分布（distribution）=编码分布（encoding）
已为 12 层启用键投影噪声（key noise），缩放因子（scaling_factor）=22，分布（distribution）=编码分布（encoding）
已为 12 层启用值投影噪声（value noise），缩放因子（scaling_factor）=22，分布（distribution）=编码分布（encoding）
已为 12 层启用注意力输出投影噪声（wo noise），缩放因子（scaling_factor）=22，分布（distribution）=编码分布（encoding）
已为 12 层启用前馈网络第一层噪声（wffn1 noise），缩放因子（scaling_factor）=24，分布（distribution）=编码分布（encoding）
已为 12 层启用前馈网络第二层噪声（wffn2 noise），缩放因子（scaling_factor）=22，分布（distribution）=编码分布（encoding）
Enabled softmax/V attention-product noise for 12 layers (softmax sf=12, V sf=38, distribution=fresh)
已替换 12 层的GELU函数（GELU function）
已替换 12 层的Softmax函数（Softmax function）
已为 12 层启用输入噪声（Input noise），缩放因子（scaling_factor）=30，分布（distribution）=新采样（fresh）
已为 12 层启用查询投影噪声（query noise），缩放因子（scaling_factor）=22，分布（distribution）=编码分布（encoding）
已为 12 层启用键投影噪声（key noise），缩放因子（scaling_factor）=22，分布（distribution）=编码分布（encoding）
已为 12 层启用值投影噪声（value noise），缩放因子（scaling_factor）=22，分布（distribution）=编码分布（encoding）
已为 12 层启用注意力输出投影噪声（wo noise），缩放因子（scaling_factor）=22，分布（distribution）=编码分布（encoding）
已为 12 层启用前馈网络第一层噪声（wffn1 noise），缩放因子（scaling_factor）=24，分布（distribution）=编码分布（encoding）
已为 12 层启用前馈网络第二层噪声（wffn2 noise），缩放因子（scaling_factor）=22，分布（distribution）=编码分布（encoding）
Enabled softmax/V attention-product noise for 12 layers (softmax sf=12, V sf=38, distribution=fresh)
已替换 12 层的GELU函数（GELU function）
已替换 12 层的Softmax函数（Softmax function）
已为 12 层启用输入噪声（Input noise），缩放因子（scaling_factor）=30，分布（distribution）=新采样（fresh）
已为 12 层启用查询投影噪声（query noise），缩放因子（scaling_factor）=22，分布（distribution）=编码分布（encoding）
已为 12 层启用键投影噪声（key noise），缩放因子（scaling_factor）=22，分布（distribution）=编码分布（encoding）
已为 12 层启用值投影噪声（value noise），缩放因子（scaling_factor）=22，分布（distribution）=编码分布（encoding）
已为 12 层启用注意力输出投影噪声（wo noise），缩放因子（scaling_factor）=22，分布（distribution）=编码分布（encoding）
已为 12 层启用前馈网络第一层噪声（wffn1 noise），缩放因子（scaling_factor）=24，分布（distribution）=编码分布（encoding）
已为 12 层启用前馈网络第二层噪声（wffn2 noise），缩放因子（scaling_factor）=22，分布（distribution）=编码分布（encoding）
Enabled softmax/V attention-product noise for 12 layers (softmax sf=12, V sf=38, distribution=fresh)
  softmax_sf=12, v_sf=38 => loss_mean=0.974234, loss_var=0.002268, m1_mean=0.460784, m1_var=0.000471, m2_mean=0.475876, m2_var=0.000478
已替换 12 层的GELU函数（GELU function）
已替换 12 层的Softmax函数（Softmax function）
已为 12 层启用输入噪声（Input noise），缩放因子（scaling_factor）=30，分布（distribution）=新采样（fresh）
已为 12 层启用查询投影噪声（query noise），缩放因子（scaling_factor）=22，分布（distribution）=编码分布（encoding）
已为 12 层启用键投影噪声（key noise），缩放因子（scaling_factor）=22，分布（distribution）=编码分布（encoding）
已为 12 层启用值投影噪声（value noise），缩放因子（scaling_factor）=22，分布（distribution）=编码分布（encoding）
已为 12 层启用注意力输出投影噪声（wo noise），缩放因子（scaling_factor）=22，分布（distribution）=编码分布（encoding）
已为 12 层启用前馈网络第一层噪声（wffn1 noise），缩放因子（scaling_factor）=24，分布（distribution）=编码分布（encoding）
已为 12 层启用前馈网络第二层噪声（wffn2 noise），缩放因子（scaling_factor）=22，分布（distribution）=编码分布（encoding）
Enabled softmax/V attention-product noise for 12 layers (softmax sf=12, V sf=40, distribution=fresh)
已替换 12 层的GELU函数（GELU function）
已替换 12 层的Softmax函数（Softmax function）
已为 12 层启用输入噪声（Input noise），缩放因子（scaling_factor）=30，分布（distribution）=新采样（fresh）
已为 12 层启用查询投影噪声（query noise），缩放因子（scaling_factor）=22，分布（distribution）=编码分布（encoding）
已为 12 层启用键投影噪声（key noise），缩放因子（scaling_factor）=22，分布（distribution）=编码分布（encoding）
已为 12 层启用值投影噪声（value noise），缩放因子（scaling_factor）=22，分布（distribution）=编码分布（encoding）
已为 12 层启用注意力输出投影噪声（wo noise），缩放因子（scaling_factor）=22，分布（distribution）=编码分布（encoding）
已为 12 层启用前馈网络第一层噪声（wffn1 noise），缩放因子（scaling_factor）=24，分布（distribution）=编码分布（encoding）
已为 12 层启用前馈网络第二层噪声（wffn2 noise），缩放因子（scaling_factor）=22，分布（distribution）=编码分布（encoding）
Enabled softmax/V attention-product noise for 12 layers (softmax sf=12, V sf=40, distribution=fresh)
已替换 12 层的GELU函数（GELU function）
已替换 12 层的Softmax函数（Softmax function）
已为 12 层启用输入噪声（Input noise），缩放因子（scaling_factor）=30，分布（distribution）=新采样（fresh）
已为 12 层启用查询投影噪声（query noise），缩放因子（scaling_factor）=22，分布（distribution）=编码分布（encoding）
已为 12 层启用键投影噪声（key noise），缩放因子（scaling_factor）=22，分布（distribution）=编码分布（encoding）
已为 12 层启用值投影噪声（value noise），缩放因子（scaling_factor）=22，分布（distribution）=编码分布（encoding）
已为 12 层启用注意力输出投影噪声（wo noise），缩放因子（scaling_factor）=22，分布（distribution）=编码分布（encoding）
已为 12 层启用前馈网络第一层噪声（wffn1 noise），缩放因子（scaling_factor）=24，分布（distribution）=编码分布（encoding）
已为 12 层启用前馈网络第二层噪声（wffn2 noise），缩放因子（scaling_factor）=22，分布（distribution）=编码分布（encoding）
Enabled softmax/V attention-product noise for 12 layers (softmax sf=12, V sf=40, distribution=fresh)
已替换 12 层的GELU函数（GELU function）
已替换 12 层的Softmax函数（Softmax function）
已为 12 层启用输入噪声（Input noise），缩放因子（scaling_factor）=30，分布（distribution）=新采样（fresh）
已为 12 层启用查询投影噪声（query noise），缩放因子（scaling_factor）=22，分布（distribution）=编码分布（encoding）
已为 12 层启用键投影噪声（key noise），缩放因子（scaling_factor）=22，分布（distribution）=编码分布（encoding）
已为 12 层启用值投影噪声（value noise），缩放因子（scaling_factor）=22，分布（distribution）=编码分布（encoding）
已为 12 层启用注意力输出投影噪声（wo noise），缩放因子（scaling_factor）=22，分布（distribution）=编码分布（encoding）
已为 12 层启用前馈网络第一层噪声（wffn1 noise），缩放因子（scaling_factor）=24，分布（distribution）=编码分布（encoding）
已为 12 层启用前馈网络第二层噪声（wffn2 noise），缩放因子（scaling_factor）=22，分布（distribution）=编码分布（encoding）
Enabled softmax/V attention-product noise for 12 layers (softmax sf=12, V sf=40, distribution=fresh)
已替换 12 层的GELU函数（GELU function）
已替换 12 层的Softmax函数（Softmax function）
已为 12 层启用输入噪声（Input noise），缩放因子（scaling_factor）=30，分布（distribution）=新采样（fresh）
已为 12 层启用查询投影噪声（query noise），缩放因子（scaling_factor）=22，分布（distribution）=编码分布（encoding）
已为 12 层启用键投影噪声（key noise），缩放因子（scaling_factor）=22，分布（distribution）=编码分布（encoding）
已为 12 层启用值投影噪声（value noise），缩放因子（scaling_factor）=22，分布（distribution）=编码分布（encoding）
已为 12 层启用注意力输出投影噪声（wo noise），缩放因子（scaling_factor）=22，分布（distribution）=编码分布（encoding）
已为 12 层启用前馈网络第一层噪声（wffn1 noise），缩放因子（scaling_factor）=24，分布（distribution）=编码分布（encoding）
已为 12 层启用前馈网络第二层噪声（wffn2 noise），缩放因子（scaling_factor）=22，分布（distribution）=编码分布（encoding）
Enabled softmax/V attention-product noise for 12 layers (softmax sf=12, V sf=40, distribution=fresh)
  softmax_sf=12, v_sf=40 => loss_mean=0.947700, loss_var=0.000473, m1_mean=0.486275, m1_var=0.000114, m2_mean=0.501966, m2_var=0.000119
已替换 12 层的GELU函数（GELU function）
已替换 12 层的Softmax函数（Softmax function）
已为 12 层启用输入噪声（Input noise），缩放因子（scaling_factor）=30，分布（distribution）=新采样（fresh）
已为 12 层启用查询投影噪声（query noise），缩放因子（scaling_factor）=22，分布（distribution）=编码分布（encoding）
已为 12 层启用键投影噪声（key noise），缩放因子（scaling_factor）=22，分布（distribution）=编码分布（encoding）
已为 12 层启用值投影噪声（value noise），缩放因子（scaling_factor）=22，分布（distribution）=编码分布（encoding）
已为 12 层启用注意力输出投影噪声（wo noise），缩放因子（scaling_factor）=22，分布（distribution）=编码分布（encoding）
已为 12 层启用前馈网络第一层噪声（wffn1 noise），缩放因子（scaling_factor）=24，分布（distribution）=编码分布（encoding）
已为 12 层启用前馈网络第二层噪声（wffn2 noise），缩放因子（scaling_factor）=22，分布（distribution）=编码分布（encoding）
Enabled softmax/V attention-product noise for 12 layers (softmax sf=12, V sf=42, distribution=fresh)
已替换 12 层的GELU函数（GELU function）
已替换 12 层的Softmax函数（Softmax function）
已为 12 层启用输入噪声（Input noise），缩放因子（scaling_factor）=30，分布（distribution）=新采样（fresh）
已为 12 层启用查询投影噪声（query noise），缩放因子（scaling_factor）=22，分布（distribution）=编码分布（encoding）
已为 12 层启用键投影噪声（key noise），缩放因子（scaling_factor）=22，分布（distribution）=编码分布（encoding）
已为 12 层启用值投影噪声（value noise），缩放因子（scaling_factor）=22，分布（distribution）=编码分布（encoding）
已为 12 层启用注意力输出投影噪声（wo noise），缩放因子（scaling_factor）=22，分布（distribution）=编码分布（encoding）
已为 12 层启用前馈网络第一层噪声（wffn1 noise），缩放因子（scaling_factor）=24，分布（distribution）=编码分布（encoding）
已为 12 层启用前馈网络第二层噪声（wffn2 noise），缩放因子（scaling_factor）=22，分布（distribution）=编码分布（encoding）
Enabled softmax/V attention-product noise for 12 layers (softmax sf=12, V sf=42, distribution=fresh)
已替换 12 层的GELU函数（GELU function）
已替换 12 层的Softmax函数（Softmax function）
已为 12 层启用输入噪声（Input noise），缩放因子（scaling_factor）=30，分布（distribution）=新采样（fresh）
已为 12 层启用查询投影噪声（query noise），缩放因子（scaling_factor）=22，分布（distribution）=编码分布（encoding）
已为 12 层启用键投影噪声（key noise），缩放因子（scaling_factor）=22，分布（distribution）=编码分布（encoding）
已为 12 层启用值投影噪声（value noise），缩放因子（scaling_factor）=22，分布（distribution）=编码分布（encoding）
已为 12 层启用注意力输出投影噪声（wo noise），缩放因子（scaling_factor）=22，分布（distribution）=编码分布（encoding）
已为 12 层启用前馈网络第一层噪声（wffn1 noise），缩放因子（scaling_factor）=24，分布（distribution）=编码分布（encoding）
已为 12 层启用前馈网络第二层噪声（wffn2 noise），缩放因子（scaling_factor）=22，分布（distribution）=编码分布（encoding）
Enabled softmax/V attention-product noise for 12 layers (softmax sf=12, V sf=42, distribution=fresh)
已替换 12 层的GELU函数（GELU function）
已替换 12 层的Softmax函数（Softmax function）
已为 12 层启用输入噪声（Input noise），缩放因子（scaling_factor）=30，分布（distribution）=新采样（fresh）
已为 12 层启用查询投影噪声（query noise），缩放因子（scaling_factor）=22，分布（distribution）=编码分布（encoding）
已为 12 层启用键投影噪声（key noise），缩放因子（scaling_factor）=22，分布（distribution）=编码分布（encoding）
已为 12 层启用值投影噪声（value noise），缩放因子（scaling_factor）=22，分布（distribution）=编码分布（encoding）
已为 12 层启用注意力输出投影噪声（wo noise），缩放因子（scaling_factor）=22，分布（distribution）=编码分布（encoding）
已为 12 层启用前馈网络第一层噪声（wffn1 noise），缩放因子（scaling_factor）=24，分布（distribution）=编码分布（encoding）
已为 12 层启用前馈网络第二层噪声（wffn2 noise），缩放因子（scaling_factor）=22，分布（distribution）=编码分布（encoding）
Enabled softmax/V attention-product noise for 12 layers (softmax sf=12, V sf=42, distribution=fresh)
已替换 12 层的GELU函数（GELU function）
已替换 12 层的Softmax函数（Softmax function）
已为 12 层启用输入噪声（Input noise），缩放因子（scaling_factor）=30，分布（distribution）=新采样（fresh）
已为 12 层启用查询投影噪声（query noise），缩放因子（scaling_factor）=22，分布（distribution）=编码分布（encoding）
已为 12 层启用键投影噪声（key noise），缩放因子（scaling_factor）=22，分布（distribution）=编码分布（encoding）
已为 12 层启用值投影噪声（value noise），缩放因子（scaling_factor）=22，分布（distribution）=编码分布（encoding）
已为 12 层启用注意力输出投影噪声（wo noise），缩放因子（scaling_factor）=22，分布（distribution）=编码分布（encoding）
已为 12 层启用前馈网络第一层噪声（wffn1 noise），缩放因子（scaling_factor）=24，分布（distribution）=编码分布（encoding）
已为 12 层启用前馈网络第二层噪声（wffn2 noise），缩放因子（scaling_factor）=22，分布（distribution）=编码分布（encoding）
Enabled softmax/V attention-product noise for 12 layers (softmax sf=12, V sf=42, distribution=fresh)
  softmax_sf=12, v_sf=42 => loss_mean=0.984012, loss_var=0.001386, m1_mean=0.466667, m1_var=0.000826, m2_mean=0.482459, m2_var=0.000768
已替换 12 层的GELU函数（GELU function）
已替换 12 层的Softmax函数（Softmax function）
已为 12 层启用输入噪声（Input noise），缩放因子（scaling_factor）=30，分布（distribution）=新采样（fresh）
已为 12 层启用查询投影噪声（query noise），缩放因子（scaling_factor）=22，分布（distribution）=编码分布（encoding）
已为 12 层启用键投影噪声（key noise），缩放因子（scaling_factor）=22，分布（distribution）=编码分布（encoding）
已为 12 层启用值投影噪声（value noise），缩放因子（scaling_factor）=22，分布（distribution）=编码分布（encoding）
已为 12 层启用注意力输出投影噪声（wo noise），缩放因子（scaling_factor）=22，分布（distribution）=编码分布（encoding）
已为 12 层启用前馈网络第一层噪声（wffn1 noise），缩放因子（scaling_factor）=24，分布（distribution）=编码分布（encoding）
已为 12 层启用前馈网络第二层噪声（wffn2 noise），缩放因子（scaling_factor）=22，分布（distribution）=编码分布（encoding）
Enabled softmax/V attention-product noise for 12 layers (softmax sf=12, V sf=44, distribution=fresh)
已替换 12 层的GELU函数（GELU function）
已替换 12 层的Softmax函数（Softmax function）
已为 12 层启用输入噪声（Input noise），缩放因子（scaling_factor）=30，分布（distribution）=新采样（fresh）
已为 12 层启用查询投影噪声（query noise），缩放因子（scaling_factor）=22，分布（distribution）=编码分布（encoding）
已为 12 层启用键投影噪声（key noise），缩放因子（scaling_factor）=22，分布（distribution）=编码分布（encoding）
已为 12 层启用值投影噪声（value noise），缩放因子（scaling_factor）=22，分布（distribution）=编码分布（encoding）
已为 12 层启用注意力输出投影噪声（wo noise），缩放因子（scaling_factor）=22，分布（distribution）=编码分布（encoding）
已为 12 层启用前馈网络第一层噪声（wffn1 noise），缩放因子（scaling_factor）=24，分布（distribution）=编码分布（encoding）
已为 12 层启用前馈网络第二层噪声（wffn2 noise），缩放因子（scaling_factor）=22，分布（distribution）=编码分布（encoding）
Enabled softmax/V attention-product noise for 12 layers (softmax sf=12, V sf=44, distribution=fresh)
已替换 12 层的GELU函数（GELU function）
已替换 12 层的Softmax函数（Softmax function）
已为 12 层启用输入噪声（Input noise），缩放因子（scaling_factor）=30，分布（distribution）=新采样（fresh）
已为 12 层启用查询投影噪声（query noise），缩放因子（scaling_factor）=22，分布（distribution）=编码分布（encoding）
已为 12 层启用键投影噪声（key noise），缩放因子（scaling_factor）=22，分布（distribution）=编码分布（encoding）
已为 12 层启用值投影噪声（value noise），缩放因子（scaling_factor）=22，分布（distribution）=编码分布（encoding）
已为 12 层启用注意力输出投影噪声（wo noise），缩放因子（scaling_factor）=22，分布（distribution）=编码分布（encoding）
已为 12 层启用前馈网络第一层噪声（wffn1 noise），缩放因子（scaling_factor）=24，分布（distribution）=编码分布（encoding）
已为 12 层启用前馈网络第二层噪声（wffn2 noise），缩放因子（scaling_factor）=22，分布（distribution）=编码分布（encoding）
Enabled softmax/V attention-product noise for 12 layers (softmax sf=12, V sf=44, distribution=fresh)
已替换 12 层的GELU函数（GELU function）
已替换 12 层的Softmax函数（Softmax function）
已为 12 层启用输入噪声（Input noise），缩放因子（scaling_factor）=30，分布（distribution）=新采样（fresh）
已为 12 层启用查询投影噪声（query noise），缩放因子（scaling_factor）=22，分布（distribution）=编码分布（encoding）
已为 12 层启用键投影噪声（key noise），缩放因子（scaling_factor）=22，分布（distribution）=编码分布（encoding）
已为 12 层启用值投影噪声（value noise），缩放因子（scaling_factor）=22，分布（distribution）=编码分布（encoding）
已为 12 层启用注意力输出投影噪声（wo noise），缩放因子（scaling_factor）=22，分布（distribution）=编码分布（encoding）
已为 12 层启用前馈网络第一层噪声（wffn1 noise），缩放因子（scaling_factor）=24，分布（distribution）=编码分布（encoding）
已为 12 层启用前馈网络第二层噪声（wffn2 noise），缩放因子（scaling_factor）=22，分布（distribution）=编码分布（encoding）
Enabled softmax/V attention-product noise for 12 layers (softmax sf=12, V sf=44, distribution=fresh)
已替换 12 层的GELU函数（GELU function）
已替换 12 层的Softmax函数（Softmax function）
已为 12 层启用输入噪声（Input noise），缩放因子（scaling_factor）=30，分布（distribution）=新采样（fresh）
已为 12 层启用查询投影噪声（query noise），缩放因子（scaling_factor）=22，分布（distribution）=编码分布（encoding）
已为 12 层启用键投影噪声（key noise），缩放因子（scaling_factor）=22，分布（distribution）=编码分布（encoding）
已为 12 层启用值投影噪声（value noise），缩放因子（scaling_factor）=22，分布（distribution）=编码分布（encoding）
已为 12 层启用注意力输出投影噪声（wo noise），缩放因子（scaling_factor）=22，分布（distribution）=编码分布（encoding）
已为 12 层启用前馈网络第一层噪声（wffn1 noise），缩放因子（scaling_factor）=24，分布（distribution）=编码分布（encoding）
已为 12 层启用前馈网络第二层噪声（wffn2 noise），缩放因子（scaling_factor）=22，分布（distribution）=编码分布（encoding）
Enabled softmax/V attention-product noise for 12 layers (softmax sf=12, V sf=44, distribution=fresh)
  softmax_sf=12, v_sf=44 => loss_mean=0.959969, loss_var=0.001311, m1_mean=0.483824, m1_var=0.000295, m2_mean=0.498493, m2_var=0.000317
已替换 12 层的GELU函数（GELU function）
已替换 12 层的Softmax函数（Softmax function）
已为 12 层启用输入噪声（Input noise），缩放因子（scaling_factor）=30，分布（distribution）=新采样（fresh）
已为 12 层启用查询投影噪声（query noise），缩放因子（scaling_factor）=22，分布（distribution）=编码分布（encoding）
已为 12 层启用键投影噪声（key noise），缩放因子（scaling_factor）=22，分布（distribution）=编码分布（encoding）
已为 12 层启用值投影噪声（value noise），缩放因子（scaling_factor）=22，分布（distribution）=编码分布（encoding）
已为 12 层启用注意力输出投影噪声（wo noise），缩放因子（scaling_factor）=22，分布（distribution）=编码分布（encoding）
已为 12 层启用前馈网络第一层噪声（wffn1 noise），缩放因子（scaling_factor）=24，分布（distribution）=编码分布（encoding）
已为 12 层启用前馈网络第二层噪声（wffn2 noise），缩放因子（scaling_factor）=22，分布（distribution）=编码分布（encoding）
Enabled softmax/V attention-product noise for 12 layers (softmax sf=12, V sf=46, distribution=fresh)
已替换 12 层的GELU函数（GELU function）
已替换 12 层的Softmax函数（Softmax function）
已为 12 层启用输入噪声（Input noise），缩放因子（scaling_factor）=30，分布（distribution）=新采样（fresh）
已为 12 层启用查询投影噪声（query noise），缩放因子（scaling_factor）=22，分布（distribution）=编码分布（encoding）
已为 12 层启用键投影噪声（key noise），缩放因子（scaling_factor）=22，分布（distribution）=编码分布（encoding）
已为 12 层启用值投影噪声（value noise），缩放因子（scaling_factor）=22，分布（distribution）=编码分布（encoding）
已为 12 层启用注意力输出投影噪声（wo noise），缩放因子（scaling_factor）=22，分布（distribution）=编码分布（encoding）
已为 12 层启用前馈网络第一层噪声（wffn1 noise），缩放因子（scaling_factor）=24，分布（distribution）=编码分布（encoding）
已为 12 层启用前馈网络第二层噪声（wffn2 noise），缩放因子（scaling_factor）=22，分布（distribution）=编码分布（encoding）
Enabled softmax/V attention-product noise for 12 layers (softmax sf=12, V sf=46, distribution=fresh)
已替换 12 层的GELU函数（GELU function）
已替换 12 层的Softmax函数（Softmax function）
已为 12 层启用输入噪声（Input noise），缩放因子（scaling_factor）=30，分布（distribution）=新采样（fresh）
已为 12 层启用查询投影噪声（query noise），缩放因子（scaling_factor）=22，分布（distribution）=编码分布（encoding）
已为 12 层启用键投影噪声（key noise），缩放因子（scaling_factor）=22，分布（distribution）=编码分布（encoding）
已为 12 层启用值投影噪声（value noise），缩放因子（scaling_factor）=22，分布（distribution）=编码分布（encoding）
已为 12 层启用注意力输出投影噪声（wo noise），缩放因子（scaling_factor）=22，分布（distribution）=编码分布（encoding）
已为 12 层启用前馈网络第一层噪声（wffn1 noise），缩放因子（scaling_factor）=24，分布（distribution）=编码分布（encoding）
已为 12 层启用前馈网络第二层噪声（wffn2 noise），缩放因子（scaling_factor）=22，分布（distribution）=编码分布（encoding）
Enabled softmax/V attention-product noise for 12 layers (softmax sf=12, V sf=46, distribution=fresh)
已替换 12 层的GELU函数（GELU function）
已替换 12 层的Softmax函数（Softmax function）
已为 12 层启用输入噪声（Input noise），缩放因子（scaling_factor）=30，分布（distribution）=新采样（fresh）
已为 12 层启用查询投影噪声（query noise），缩放因子（scaling_factor）=22，分布（distribution）=编码分布（encoding）
已为 12 层启用键投影噪声（key noise），缩放因子（scaling_factor）=22，分布（distribution）=编码分布（encoding）
已为 12 层启用值投影噪声（value noise），缩放因子（scaling_factor）=22，分布（distribution）=编码分布（encoding）
已为 12 层启用注意力输出投影噪声（wo noise），缩放因子（scaling_factor）=22，分布（distribution）=编码分布（encoding）
已为 12 层启用前馈网络第一层噪声（wffn1 noise），缩放因子（scaling_factor）=24，分布（distribution）=编码分布（encoding）
已为 12 层启用前馈网络第二层噪声（wffn2 noise），缩放因子（scaling_factor）=22，分布（distribution）=编码分布（encoding）
Enabled softmax/V attention-product noise for 12 layers (softmax sf=12, V sf=46, distribution=fresh)
已替换 12 层的GELU函数（GELU function）
已替换 12 层的Softmax函数（Softmax function）
已为 12 层启用输入噪声（Input noise），缩放因子（scaling_factor）=30，分布（distribution）=新采样（fresh）
已为 12 层启用查询投影噪声（query noise），缩放因子（scaling_factor）=22，分布（distribution）=编码分布（encoding）
已为 12 层启用键投影噪声（key noise），缩放因子（scaling_factor）=22，分布（distribution）=编码分布（encoding）
已为 12 层启用值投影噪声（value noise），缩放因子（scaling_factor）=22，分布（distribution）=编码分布（encoding）
已为 12 层启用注意力输出投影噪声（wo noise），缩放因子（scaling_factor）=22，分布（distribution）=编码分布（encoding）
已为 12 层启用前馈网络第一层噪声（wffn1 noise），缩放因子（scaling_factor）=24，分布（distribution）=编码分布（encoding）
已为 12 层启用前馈网络第二层噪声（wffn2 noise），缩放因子（scaling_factor）=22，分布（distribution）=编码分布（encoding）
Enabled softmax/V attention-product noise for 12 layers (softmax sf=12, V sf=46, distribution=fresh)
  softmax_sf=12, v_sf=46 => loss_mean=0.979658, loss_var=0.001265, m1_mean=0.466176, m1_var=0.000506, m2_mean=0.481355, m2_var=0.000575
已替换 12 层的GELU函数（GELU function）
已替换 12 层的Softmax函数（Softmax function）
已为 12 层启用输入噪声（Input noise），缩放因子（scaling_factor）=30，分布（distribution）=新采样（fresh）
已为 12 层启用查询投影噪声（query noise），缩放因子（scaling_factor）=22，分布（distribution）=编码分布（encoding）
已为 12 层启用键投影噪声（key noise），缩放因子（scaling_factor）=22，分布（distribution）=编码分布（encoding）
已为 12 层启用值投影噪声（value noise），缩放因子（scaling_factor）=22，分布（distribution）=编码分布（encoding）
已为 12 层启用注意力输出投影噪声（wo noise），缩放因子（scaling_factor）=22，分布（distribution）=编码分布（encoding）
已为 12 层启用前馈网络第一层噪声（wffn1 noise），缩放因子（scaling_factor）=24，分布（distribution）=编码分布（encoding）
已为 12 层启用前馈网络第二层噪声（wffn2 noise），缩放因子（scaling_factor）=22，分布（distribution）=编码分布（encoding）
Enabled softmax/V attention-product noise for 12 layers (softmax sf=12, V sf=48, distribution=fresh)
已替换 12 层的GELU函数（GELU function）
已替换 12 层的Softmax函数（Softmax function）
已为 12 层启用输入噪声（Input noise），缩放因子（scaling_factor）=30，分布（distribution）=新采样（fresh）
已为 12 层启用查询投影噪声（query noise），缩放因子（scaling_factor）=22，分布（distribution）=编码分布（encoding）
已为 12 层启用键投影噪声（key noise），缩放因子（scaling_factor）=22，分布（distribution）=编码分布（encoding）
已为 12 层启用值投影噪声（value noise），缩放因子（scaling_factor）=22，分布（distribution）=编码分布（encoding）
已为 12 层启用注意力输出投影噪声（wo noise），缩放因子（scaling_factor）=22，分布（distribution）=编码分布（encoding）
已为 12 层启用前馈网络第一层噪声（wffn1 noise），缩放因子（scaling_factor）=24，分布（distribution）=编码分布（encoding）
已为 12 层启用前馈网络第二层噪声（wffn2 noise），缩放因子（scaling_factor）=22，分布（distribution）=编码分布（encoding）
Enabled softmax/V attention-product noise for 12 layers (softmax sf=12, V sf=48, distribution=fresh)
已替换 12 层的GELU函数（GELU function）
已替换 12 层的Softmax函数（Softmax function）
已为 12 层启用输入噪声（Input noise），缩放因子（scaling_factor）=30，分布（distribution）=新采样（fresh）
已为 12 层启用查询投影噪声（query noise），缩放因子（scaling_factor）=22，分布（distribution）=编码分布（encoding）
已为 12 层启用键投影噪声（key noise），缩放因子（scaling_factor）=22，分布（distribution）=编码分布（encoding）
已为 12 层启用值投影噪声（value noise），缩放因子（scaling_factor）=22，分布（distribution）=编码分布（encoding）
已为 12 层启用注意力输出投影噪声（wo noise），缩放因子（scaling_factor）=22，分布（distribution）=编码分布（encoding）
已为 12 层启用前馈网络第一层噪声（wffn1 noise），缩放因子（scaling_factor）=24，分布（distribution）=编码分布（encoding）
已为 12 层启用前馈网络第二层噪声（wffn2 noise），缩放因子（scaling_factor）=22，分布（distribution）=编码分布（encoding）
Enabled softmax/V attention-product noise for 12 layers (softmax sf=12, V sf=48, distribution=fresh)
已替换 12 层的GELU函数（GELU function）
已替换 12 层的Softmax函数（Softmax function）
已为 12 层启用输入噪声（Input noise），缩放因子（scaling_factor）=30，分布（distribution）=新采样（fresh）
已为 12 层启用查询投影噪声（query noise），缩放因子（scaling_factor）=22，分布（distribution）=编码分布（encoding）
已为 12 层启用键投影噪声（key noise），缩放因子（scaling_factor）=22，分布（distribution）=编码分布（encoding）
已为 12 层启用值投影噪声（value noise），缩放因子（scaling_factor）=22，分布（distribution）=编码分布（encoding）
已为 12 层启用注意力输出投影噪声（wo noise），缩放因子（scaling_factor）=22，分布（distribution）=编码分布（encoding）
已为 12 层启用前馈网络第一层噪声（wffn1 noise），缩放因子（scaling_factor）=24，分布（distribution）=编码分布（encoding）
已为 12 层启用前馈网络第二层噪声（wffn2 noise），缩放因子（scaling_factor）=22，分布（distribution）=编码分布（encoding）
Enabled softmax/V attention-product noise for 12 layers (softmax sf=12, V sf=48, distribution=fresh)
已替换 12 层的GELU函数（GELU function）
已替换 12 层的Softmax函数（Softmax function）
已为 12 层启用输入噪声（Input noise），缩放因子（scaling_factor）=30，分布（distribution）=新采样（fresh）
已为 12 层启用查询投影噪声（query noise），缩放因子（scaling_factor）=22，分布（distribution）=编码分布（encoding）
已为 12 层启用键投影噪声（key noise），缩放因子（scaling_factor）=22，分布（distribution）=编码分布（encoding）
已为 12 层启用值投影噪声（value noise），缩放因子（scaling_factor）=22，分布（distribution）=编码分布（encoding）
已为 12 层启用注意力输出投影噪声（wo noise），缩放因子（scaling_factor）=22，分布（distribution）=编码分布（encoding）
已为 12 层启用前馈网络第一层噪声（wffn1 noise），缩放因子（scaling_factor）=24，分布（distribution）=编码分布（encoding）
已为 12 层启用前馈网络第二层噪声（wffn2 noise），缩放因子（scaling_factor）=22，分布（distribution）=编码分布（encoding）
Enabled softmax/V attention-product noise for 12 layers (softmax sf=12, V sf=48, distribution=fresh)
  softmax_sf=12, v_sf=48 => loss_mean=0.956416, loss_var=0.000910, m1_mean=0.478431, m1_var=0.000604, m2_mean=0.494788, m2_var=0.000588
已替换 12 层的GELU函数（GELU function）
已替换 12 层的Softmax函数（Softmax function）
已为 12 层启用输入噪声（Input noise），缩放因子（scaling_factor）=30，分布（distribution）=新采样（fresh）
已为 12 层启用查询投影噪声（query noise），缩放因子（scaling_factor）=22，分布（distribution）=编码分布（encoding）
已为 12 层启用键投影噪声（key noise），缩放因子（scaling_factor）=22，分布（distribution）=编码分布（encoding）
已为 12 层启用值投影噪声（value noise），缩放因子（scaling_factor）=22，分布（distribution）=编码分布（encoding）
已为 12 层启用注意力输出投影噪声（wo noise），缩放因子（scaling_factor）=22，分布（distribution）=编码分布（encoding）
已为 12 层启用前馈网络第一层噪声（wffn1 noise），缩放因子（scaling_factor）=24，分布（distribution）=编码分布（encoding）
已为 12 层启用前馈网络第二层噪声（wffn2 noise），缩放因子（scaling_factor）=22，分布（distribution）=编码分布（encoding）
Enabled softmax/V attention-product noise for 12 layers (softmax sf=14, V sf=10, distribution=fresh)
已替换 12 层的GELU函数（GELU function）
已替换 12 层的Softmax函数（Softmax function）
已为 12 层启用输入噪声（Input noise），缩放因子（scaling_factor）=30，分布（distribution）=新采样（fresh）
已为 12 层启用查询投影噪声（query noise），缩放因子（scaling_factor）=22，分布（distribution）=编码分布（encoding）
已为 12 层启用键投影噪声（key noise），缩放因子（scaling_factor）=22，分布（distribution）=编码分布（encoding）
已为 12 层启用值投影噪声（value noise），缩放因子（scaling_factor）=22，分布（distribution）=编码分布（encoding）
已为 12 层启用注意力输出投影噪声（wo noise），缩放因子（scaling_factor）=22，分布（distribution）=编码分布（encoding）
已为 12 层启用前馈网络第一层噪声（wffn1 noise），缩放因子（scaling_factor）=24，分布（distribution）=编码分布（encoding）
已为 12 层启用前馈网络第二层噪声（wffn2 noise），缩放因子（scaling_factor）=22，分布（distribution）=编码分布（encoding）
Enabled softmax/V attention-product noise for 12 layers (softmax sf=14, V sf=10, distribution=fresh)
已替换 12 层的GELU函数（GELU function）
已替换 12 层的Softmax函数（Softmax function）
已为 12 层启用输入噪声（Input noise），缩放因子（scaling_factor）=30，分布（distribution）=新采样（fresh）
已为 12 层启用查询投影噪声（query noise），缩放因子（scaling_factor）=22，分布（distribution）=编码分布（encoding）
已为 12 层启用键投影噪声（key noise），缩放因子（scaling_factor）=22，分布（distribution）=编码分布（encoding）
已为 12 层启用值投影噪声（value noise），缩放因子（scaling_factor）=22，分布（distribution）=编码分布（encoding）
已为 12 层启用注意力输出投影噪声（wo noise），缩放因子（scaling_factor）=22，分布（distribution）=编码分布（encoding）
已为 12 层启用前馈网络第一层噪声（wffn1 noise），缩放因子（scaling_factor）=24，分布（distribution）=编码分布（encoding）
已为 12 层启用前馈网络第二层噪声（wffn2 noise），缩放因子（scaling_factor）=22，分布（distribution）=编码分布（encoding）
Enabled softmax/V attention-product noise for 12 layers (softmax sf=14, V sf=10, distribution=fresh)
已替换 12 层的GELU函数（GELU function）
已替换 12 层的Softmax函数（Softmax function）
已为 12 层启用输入噪声（Input noise），缩放因子（scaling_factor）=30，分布（distribution）=新采样（fresh）
已为 12 层启用查询投影噪声（query noise），缩放因子（scaling_factor）=22，分布（distribution）=编码分布（encoding）
已为 12 层启用键投影噪声（key noise），缩放因子（scaling_factor）=22，分布（distribution）=编码分布（encoding）
已为 12 层启用值投影噪声（value noise），缩放因子（scaling_factor）=22，分布（distribution）=编码分布（encoding）
已为 12 层启用注意力输出投影噪声（wo noise），缩放因子（scaling_factor）=22，分布（distribution）=编码分布（encoding）
已为 12 层启用前馈网络第一层噪声（wffn1 noise），缩放因子（scaling_factor）=24，分布（distribution）=编码分布（encoding）
已为 12 层启用前馈网络第二层噪声（wffn2 noise），缩放因子（scaling_factor）=22，分布（distribution）=编码分布（encoding）
Enabled softmax/V attention-product noise for 12 layers (softmax sf=14, V sf=10, distribution=fresh)
已替换 12 层的GELU函数（GELU function）
已替换 12 层的Softmax函数（Softmax function）
已为 12 层启用输入噪声（Input noise），缩放因子（scaling_factor）=30，分布（distribution）=新采样（fresh）
已为 12 层启用查询投影噪声（query noise），缩放因子（scaling_factor）=22，分布（distribution）=编码分布（encoding）
已为 12 层启用键投影噪声（key noise），缩放因子（scaling_factor）=22，分布（distribution）=编码分布（encoding）
已为 12 层启用值投影噪声（value noise），缩放因子（scaling_factor）=22，分布（distribution）=编码分布（encoding）
已为 12 层启用注意力输出投影噪声（wo noise），缩放因子（scaling_factor）=22，分布（distribution）=编码分布（encoding）
已为 12 层启用前馈网络第一层噪声（wffn1 noise），缩放因子（scaling_factor）=24，分布（distribution）=编码分布（encoding）
已为 12 层启用前馈网络第二层噪声（wffn2 noise），缩放因子（scaling_factor）=22，分布（distribution）=编码分布（encoding）
Enabled softmax/V attention-product noise for 12 layers (softmax sf=14, V sf=10, distribution=fresh)
  softmax_sf=14, v_sf=10 => loss_mean=0.829473, loss_var=0.000433, m1_mean=0.464706, m1_var=0.000458, m2_mean=0.476127, m2_var=0.000470
已替换 12 层的GELU函数（GELU function）
已替换 12 层的Softmax函数（Softmax function）
已为 12 层启用输入噪声（Input noise），缩放因子（scaling_factor）=30，分布（distribution）=新采样（fresh）
已为 12 层启用查询投影噪声（query noise），缩放因子（scaling_factor）=22，分布（distribution）=编码分布（encoding）
已为 12 层启用键投影噪声（key noise），缩放因子（scaling_factor）=22，分布（distribution）=编码分布（encoding）
已为 12 层启用值投影噪声（value noise），缩放因子（scaling_factor）=22，分布（distribution）=编码分布（encoding）
已为 12 层启用注意力输出投影噪声（wo noise），缩放因子（scaling_factor）=22，分布（distribution）=编码分布（encoding）
已为 12 层启用前馈网络第一层噪声（wffn1 noise），缩放因子（scaling_factor）=24，分布（distribution）=编码分布（encoding）
已为 12 层启用前馈网络第二层噪声（wffn2 noise），缩放因子（scaling_factor）=22，分布（distribution）=编码分布（encoding）
Enabled softmax/V attention-product noise for 12 layers (softmax sf=14, V sf=12, distribution=fresh)
已替换 12 层的GELU函数（GELU function）
已替换 12 层的Softmax函数（Softmax function）
已为 12 层启用输入噪声（Input noise），缩放因子（scaling_factor）=30，分布（distribution）=新采样（fresh）
已为 12 层启用查询投影噪声（query noise），缩放因子（scaling_factor）=22，分布（distribution）=编码分布（encoding）
已为 12 层启用键投影噪声（key noise），缩放因子（scaling_factor）=22，分布（distribution）=编码分布（encoding）
已为 12 层启用值投影噪声（value noise），缩放因子（scaling_factor）=22，分布（distribution）=编码分布（encoding）
已为 12 层启用注意力输出投影噪声（wo noise），缩放因子（scaling_factor）=22，分布（distribution）=编码分布（encoding）
已为 12 层启用前馈网络第一层噪声（wffn1 noise），缩放因子（scaling_factor）=24，分布（distribution）=编码分布（encoding）
已为 12 层启用前馈网络第二层噪声（wffn2 noise），缩放因子（scaling_factor）=22，分布（distribution）=编码分布（encoding）
Enabled softmax/V attention-product noise for 12 layers (softmax sf=14, V sf=12, distribution=fresh)
已替换 12 层的GELU函数（GELU function）
已替换 12 层的Softmax函数（Softmax function）
已为 12 层启用输入噪声（Input noise），缩放因子（scaling_factor）=30，分布（distribution）=新采样（fresh）
已为 12 层启用查询投影噪声（query noise），缩放因子（scaling_factor）=22，分布（distribution）=编码分布（encoding）
已为 12 层启用键投影噪声（key noise），缩放因子（scaling_factor）=22，分布（distribution）=编码分布（encoding）
已为 12 层启用值投影噪声（value noise），缩放因子（scaling_factor）=22，分布（distribution）=编码分布（encoding）
已为 12 层启用注意力输出投影噪声（wo noise），缩放因子（scaling_factor）=22，分布（distribution）=编码分布（encoding）
已为 12 层启用前馈网络第一层噪声（wffn1 noise），缩放因子（scaling_factor）=24，分布（distribution）=编码分布（encoding）
已为 12 层启用前馈网络第二层噪声（wffn2 noise），缩放因子（scaling_factor）=22，分布（distribution）=编码分布（encoding）
Enabled softmax/V attention-product noise for 12 layers (softmax sf=14, V sf=12, distribution=fresh)
已替换 12 层的GELU函数（GELU function）
已替换 12 层的Softmax函数（Softmax function）
已为 12 层启用输入噪声（Input noise），缩放因子（scaling_factor）=30，分布（distribution）=新采样（fresh）
已为 12 层启用查询投影噪声（query noise），缩放因子（scaling_factor）=22，分布（distribution）=编码分布（encoding）
已为 12 层启用键投影噪声（key noise），缩放因子（scaling_factor）=22，分布（distribution）=编码分布（encoding）
已为 12 层启用值投影噪声（value noise），缩放因子（scaling_factor）=22，分布（distribution）=编码分布（encoding）
已为 12 层启用注意力输出投影噪声（wo noise），缩放因子（scaling_factor）=22，分布（distribution）=编码分布（encoding）
已为 12 层启用前馈网络第一层噪声（wffn1 noise），缩放因子（scaling_factor）=24，分布（distribution）=编码分布（encoding）
已为 12 层启用前馈网络第二层噪声（wffn2 noise），缩放因子（scaling_factor）=22，分布（distribution）=编码分布（encoding）
Enabled softmax/V attention-product noise for 12 layers (softmax sf=14, V sf=12, distribution=fresh)
已替换 12 层的GELU函数（GELU function）
已替换 12 层的Softmax函数（Softmax function）
已为 12 层启用输入噪声（Input noise），缩放因子（scaling_factor）=30，分布（distribution）=新采样（fresh）
已为 12 层启用查询投影噪声（query noise），缩放因子（scaling_factor）=22，分布（distribution）=编码分布（encoding）
已为 12 层启用键投影噪声（key noise），缩放因子（scaling_factor）=22，分布（distribution）=编码分布（encoding）
已为 12 层启用值投影噪声（value noise），缩放因子（scaling_factor）=22，分布（distribution）=编码分布（encoding）
已为 12 层启用注意力输出投影噪声（wo noise），缩放因子（scaling_factor）=22，分布（distribution）=编码分布（encoding）
已为 12 层启用前馈网络第一层噪声（wffn1 noise），缩放因子（scaling_factor）=24，分布（distribution）=编码分布（encoding）
已为 12 层启用前馈网络第二层噪声（wffn2 noise），缩放因子（scaling_factor）=22，分布（distribution）=编码分布（encoding）
Enabled softmax/V attention-product noise for 12 layers (softmax sf=14, V sf=12, distribution=fresh)
  softmax_sf=14, v_sf=12 => loss_mean=0.815065, loss_var=0.000115, m1_mean=0.468137, m1_var=0.000557, m2_mean=0.481050, m2_var=0.000497
已替换 12 层的GELU函数（GELU function）
已替换 12 层的Softmax函数（Softmax function）
已为 12 层启用输入噪声（Input noise），缩放因子（scaling_factor）=30，分布（distribution）=新采样（fresh）
已为 12 层启用查询投影噪声（query noise），缩放因子（scaling_factor）=22，分布（distribution）=编码分布（encoding）
已为 12 层启用键投影噪声（key noise），缩放因子（scaling_factor）=22，分布（distribution）=编码分布（encoding）
已为 12 层启用值投影噪声（value noise），缩放因子（scaling_factor）=22，分布（distribution）=编码分布（encoding）
已为 12 层启用注意力输出投影噪声（wo noise），缩放因子（scaling_factor）=22，分布（distribution）=编码分布（encoding）
已为 12 层启用前馈网络第一层噪声（wffn1 noise），缩放因子（scaling_factor）=24，分布（distribution）=编码分布（encoding）
已为 12 层启用前馈网络第二层噪声（wffn2 noise），缩放因子（scaling_factor）=22，分布（distribution）=编码分布（encoding）
Enabled softmax/V attention-product noise for 12 layers (softmax sf=14, V sf=14, distribution=fresh)
已替换 12 层的GELU函数（GELU function）
已替换 12 层的Softmax函数（Softmax function）
已为 12 层启用输入噪声（Input noise），缩放因子（scaling_factor）=30，分布（distribution）=新采样（fresh）
已为 12 层启用查询投影噪声（query noise），缩放因子（scaling_factor）=22，分布（distribution）=编码分布（encoding）
已为 12 层启用键投影噪声（key noise），缩放因子（scaling_factor）=22，分布（distribution）=编码分布（encoding）
已为 12 层启用值投影噪声（value noise），缩放因子（scaling_factor）=22，分布（distribution）=编码分布（encoding）
已为 12 层启用注意力输出投影噪声（wo noise），缩放因子（scaling_factor）=22，分布（distribution）=编码分布（encoding）
已为 12 层启用前馈网络第一层噪声（wffn1 noise），缩放因子（scaling_factor）=24，分布（distribution）=编码分布（encoding）
已为 12 层启用前馈网络第二层噪声（wffn2 noise），缩放因子（scaling_factor）=22，分布（distribution）=编码分布（encoding）
Enabled softmax/V attention-product noise for 12 layers (softmax sf=14, V sf=14, distribution=fresh)
已替换 12 层的GELU函数（GELU function）
已替换 12 层的Softmax函数（Softmax function）
已为 12 层启用输入噪声（Input noise），缩放因子（scaling_factor）=30，分布（distribution）=新采样（fresh）
已为 12 层启用查询投影噪声（query noise），缩放因子（scaling_factor）=22，分布（distribution）=编码分布（encoding）
已为 12 层启用键投影噪声（key noise），缩放因子（scaling_factor）=22，分布（distribution）=编码分布（encoding）
已为 12 层启用值投影噪声（value noise），缩放因子（scaling_factor）=22，分布（distribution）=编码分布（encoding）
已为 12 层启用注意力输出投影噪声（wo noise），缩放因子（scaling_factor）=22，分布（distribution）=编码分布（encoding）
已为 12 层启用前馈网络第一层噪声（wffn1 noise），缩放因子（scaling_factor）=24，分布（distribution）=编码分布（encoding）
已为 12 层启用前馈网络第二层噪声（wffn2 noise），缩放因子（scaling_factor）=22，分布（distribution）=编码分布（encoding）
Enabled softmax/V attention-product noise for 12 layers (softmax sf=14, V sf=14, distribution=fresh)
已替换 12 层的GELU函数（GELU function）
已替换 12 层的Softmax函数（Softmax function）
已为 12 层启用输入噪声（Input noise），缩放因子（scaling_factor）=30，分布（distribution）=新采样（fresh）
已为 12 层启用查询投影噪声（query noise），缩放因子（scaling_factor）=22，分布（distribution）=编码分布（encoding）
已为 12 层启用键投影噪声（key noise），缩放因子（scaling_factor）=22，分布（distribution）=编码分布（encoding）
已为 12 层启用值投影噪声（value noise），缩放因子（scaling_factor）=22，分布（distribution）=编码分布（encoding）
已为 12 层启用注意力输出投影噪声（wo noise），缩放因子（scaling_factor）=22，分布（distribution）=编码分布（encoding）
已为 12 层启用前馈网络第一层噪声（wffn1 noise），缩放因子（scaling_factor）=24，分布（distribution）=编码分布（encoding）
已为 12 层启用前馈网络第二层噪声（wffn2 noise），缩放因子（scaling_factor）=22，分布（distribution）=编码分布（encoding）
Enabled softmax/V attention-product noise for 12 layers (softmax sf=14, V sf=14, distribution=fresh)
已替换 12 层的GELU函数（GELU function）
已替换 12 层的Softmax函数（Softmax function）
已为 12 层启用输入噪声（Input noise），缩放因子（scaling_factor）=30，分布（distribution）=新采样（fresh）
已为 12 层启用查询投影噪声（query noise），缩放因子（scaling_factor）=22，分布（distribution）=编码分布（encoding）
已为 12 层启用键投影噪声（key noise），缩放因子（scaling_factor）=22，分布（distribution）=编码分布（encoding）
已为 12 层启用值投影噪声（value noise），缩放因子（scaling_factor）=22，分布（distribution）=编码分布（encoding）
已为 12 层启用注意力输出投影噪声（wo noise），缩放因子（scaling_factor）=22，分布（distribution）=编码分布（encoding）
已为 12 层启用前馈网络第一层噪声（wffn1 noise），缩放因子（scaling_factor）=24，分布（distribution）=编码分布（encoding）
已为 12 层启用前馈网络第二层噪声（wffn2 noise），缩放因子（scaling_factor）=22，分布（distribution）=编码分布（encoding）
Enabled softmax/V attention-product noise for 12 layers (softmax sf=14, V sf=14, distribution=fresh)
  softmax_sf=14, v_sf=14 => loss_mean=0.834947, loss_var=0.000244, m1_mean=0.465686, m1_var=0.000293, m2_mean=0.476606, m2_var=0.000341
已替换 12 层的GELU函数（GELU function）
已替换 12 层的Softmax函数（Softmax function）
已为 12 层启用输入噪声（Input noise），缩放因子（scaling_factor）=30，分布（distribution）=新采样（fresh）
已为 12 层启用查询投影噪声（query noise），缩放因子（scaling_factor）=22，分布（distribution）=编码分布（encoding）
已为 12 层启用键投影噪声（key noise），缩放因子（scaling_factor）=22，分布（distribution）=编码分布（encoding）
已为 12 层启用值投影噪声（value noise），缩放因子（scaling_factor）=22，分布（distribution）=编码分布（encoding）
已为 12 层启用注意力输出投影噪声（wo noise），缩放因子（scaling_factor）=22，分布（distribution）=编码分布（encoding）
已为 12 层启用前馈网络第一层噪声（wffn1 noise），缩放因子（scaling_factor）=24，分布（distribution）=编码分布（encoding）
已为 12 层启用前馈网络第二层噪声（wffn2 noise），缩放因子（scaling_factor）=22，分布（distribution）=编码分布（encoding）
Enabled softmax/V attention-product noise for 12 layers (softmax sf=14, V sf=16, distribution=fresh)
已替换 12 层的GELU函数（GELU function）
已替换 12 层的Softmax函数（Softmax function）
已为 12 层启用输入噪声（Input noise），缩放因子（scaling_factor）=30，分布（distribution）=新采样（fresh）
已为 12 层启用查询投影噪声（query noise），缩放因子（scaling_factor）=22，分布（distribution）=编码分布（encoding）
已为 12 层启用键投影噪声（key noise），缩放因子（scaling_factor）=22，分布（distribution）=编码分布（encoding）
已为 12 层启用值投影噪声（value noise），缩放因子（scaling_factor）=22，分布（distribution）=编码分布（encoding）
已为 12 层启用注意力输出投影噪声（wo noise），缩放因子（scaling_factor）=22，分布（distribution）=编码分布（encoding）
已为 12 层启用前馈网络第一层噪声（wffn1 noise），缩放因子（scaling_factor）=24，分布（distribution）=编码分布（encoding）
已为 12 层启用前馈网络第二层噪声（wffn2 noise），缩放因子（scaling_factor）=22，分布（distribution）=编码分布（encoding）
Enabled softmax/V attention-product noise for 12 layers (softmax sf=14, V sf=16, distribution=fresh)
已替换 12 层的GELU函数（GELU function）
已替换 12 层的Softmax函数（Softmax function）
已为 12 层启用输入噪声（Input noise），缩放因子（scaling_factor）=30，分布（distribution）=新采样（fresh）
已为 12 层启用查询投影噪声（query noise），缩放因子（scaling_factor）=22，分布（distribution）=编码分布（encoding）
已为 12 层启用键投影噪声（key noise），缩放因子（scaling_factor）=22，分布（distribution）=编码分布（encoding）
已为 12 层启用值投影噪声（value noise），缩放因子（scaling_factor）=22，分布（distribution）=编码分布（encoding）
已为 12 层启用注意力输出投影噪声（wo noise），缩放因子（scaling_factor）=22，分布（distribution）=编码分布（encoding）
已为 12 层启用前馈网络第一层噪声（wffn1 noise），缩放因子（scaling_factor）=24，分布（distribution）=编码分布（encoding）
已为 12 层启用前馈网络第二层噪声（wffn2 noise），缩放因子（scaling_factor）=22，分布（distribution）=编码分布（encoding）
Enabled softmax/V attention-product noise for 12 layers (softmax sf=14, V sf=16, distribution=fresh)
已替换 12 层的GELU函数（GELU function）
已替换 12 层的Softmax函数（Softmax function）
已为 12 层启用输入噪声（Input noise），缩放因子（scaling_factor）=30，分布（distribution）=新采样（fresh）
已为 12 层启用查询投影噪声（query noise），缩放因子（scaling_factor）=22，分布（distribution）=编码分布（encoding）
已为 12 层启用键投影噪声（key noise），缩放因子（scaling_factor）=22，分布（distribution）=编码分布（encoding）
已为 12 层启用值投影噪声（value noise），缩放因子（scaling_factor）=22，分布（distribution）=编码分布（encoding）
已为 12 层启用注意力输出投影噪声（wo noise），缩放因子（scaling_factor）=22，分布（distribution）=编码分布（encoding）
已为 12 层启用前馈网络第一层噪声（wffn1 noise），缩放因子（scaling_factor）=24，分布（distribution）=编码分布（encoding）
已为 12 层启用前馈网络第二层噪声（wffn2 noise），缩放因子（scaling_factor）=22，分布（distribution）=编码分布（encoding）
Enabled softmax/V attention-product noise for 12 layers (softmax sf=14, V sf=16, distribution=fresh)
已替换 12 层的GELU函数（GELU function）
已替换 12 层的Softmax函数（Softmax function）
已为 12 层启用输入噪声（Input noise），缩放因子（scaling_factor）=30，分布（distribution）=新采样（fresh）
已为 12 层启用查询投影噪声（query noise），缩放因子（scaling_factor）=22，分布（distribution）=编码分布（encoding）
已为 12 层启用键投影噪声（key noise），缩放因子（scaling_factor）=22，分布（distribution）=编码分布（encoding）
已为 12 层启用值投影噪声（value noise），缩放因子（scaling_factor）=22，分布（distribution）=编码分布（encoding）
已为 12 层启用注意力输出投影噪声（wo noise），缩放因子（scaling_factor）=22，分布（distribution）=编码分布（encoding）
已为 12 层启用前馈网络第一层噪声（wffn1 noise），缩放因子（scaling_factor）=24，分布（distribution）=编码分布（encoding）
已为 12 层启用前馈网络第二层噪声（wffn2 noise），缩放因子（scaling_factor）=22，分布（distribution）=编码分布（encoding）
Enabled softmax/V attention-product noise for 12 layers (softmax sf=14, V sf=16, distribution=fresh)
  softmax_sf=14, v_sf=16 => loss_mean=0.890296, loss_var=0.000556, m1_mean=0.491176, m1_var=0.000415, m2_mean=0.507081, m2_var=0.000427
已替换 12 层的GELU函数（GELU function）
已替换 12 层的Softmax函数（Softmax function）
已为 12 层启用输入噪声（Input noise），缩放因子（scaling_factor）=30，分布（distribution）=新采样（fresh）
已为 12 层启用查询投影噪声（query noise），缩放因子（scaling_factor）=22，分布（distribution）=编码分布（encoding）
已为 12 层启用键投影噪声（key noise），缩放因子（scaling_factor）=22，分布（distribution）=编码分布（encoding）
已为 12 层启用值投影噪声（value noise），缩放因子（scaling_factor）=22，分布（distribution）=编码分布（encoding）
已为 12 层启用注意力输出投影噪声（wo noise），缩放因子（scaling_factor）=22，分布（distribution）=编码分布（encoding）
已为 12 层启用前馈网络第一层噪声（wffn1 noise），缩放因子（scaling_factor）=24，分布（distribution）=编码分布（encoding）
已为 12 层启用前馈网络第二层噪声（wffn2 noise），缩放因子（scaling_factor）=22，分布（distribution）=编码分布（encoding）
Enabled softmax/V attention-product noise for 12 layers (softmax sf=14, V sf=18, distribution=fresh)
已替换 12 层的GELU函数（GELU function）
已替换 12 层的Softmax函数（Softmax function）
已为 12 层启用输入噪声（Input noise），缩放因子（scaling_factor）=30，分布（distribution）=新采样（fresh）
已为 12 层启用查询投影噪声（query noise），缩放因子（scaling_factor）=22，分布（distribution）=编码分布（encoding）
已为 12 层启用键投影噪声（key noise），缩放因子（scaling_factor）=22，分布（distribution）=编码分布（encoding）
已为 12 层启用值投影噪声（value noise），缩放因子（scaling_factor）=22，分布（distribution）=编码分布（encoding）
已为 12 层启用注意力输出投影噪声（wo noise），缩放因子（scaling_factor）=22，分布（distribution）=编码分布（encoding）
已为 12 层启用前馈网络第一层噪声（wffn1 noise），缩放因子（scaling_factor）=24，分布（distribution）=编码分布（encoding）
已为 12 层启用前馈网络第二层噪声（wffn2 noise），缩放因子（scaling_factor）=22，分布（distribution）=编码分布（encoding）
Enabled softmax/V attention-product noise for 12 layers (softmax sf=14, V sf=18, distribution=fresh)
已替换 12 层的GELU函数（GELU function）
已替换 12 层的Softmax函数（Softmax function）
已为 12 层启用输入噪声（Input noise），缩放因子（scaling_factor）=30，分布（distribution）=新采样（fresh）
已为 12 层启用查询投影噪声（query noise），缩放因子（scaling_factor）=22，分布（distribution）=编码分布（encoding）
已为 12 层启用键投影噪声（key noise），缩放因子（scaling_factor）=22，分布（distribution）=编码分布（encoding）
已为 12 层启用值投影噪声（value noise），缩放因子（scaling_factor）=22，分布（distribution）=编码分布（encoding）
已为 12 层启用注意力输出投影噪声（wo noise），缩放因子（scaling_factor）=22，分布（distribution）=编码分布（encoding）
已为 12 层启用前馈网络第一层噪声（wffn1 noise），缩放因子（scaling_factor）=24，分布（distribution）=编码分布（encoding）
已为 12 层启用前馈网络第二层噪声（wffn2 noise），缩放因子（scaling_factor）=22，分布（distribution）=编码分布（encoding）
Enabled softmax/V attention-product noise for 12 layers (softmax sf=14, V sf=18, distribution=fresh)
已替换 12 层的GELU函数（GELU function）
已替换 12 层的Softmax函数（Softmax function）
已为 12 层启用输入噪声（Input noise），缩放因子（scaling_factor）=30，分布（distribution）=新采样（fresh）
已为 12 层启用查询投影噪声（query noise），缩放因子（scaling_factor）=22，分布（distribution）=编码分布（encoding）
已为 12 层启用键投影噪声（key noise），缩放因子（scaling_factor）=22，分布（distribution）=编码分布（encoding）
已为 12 层启用值投影噪声（value noise），缩放因子（scaling_factor）=22，分布（distribution）=编码分布（encoding）
已为 12 层启用注意力输出投影噪声（wo noise），缩放因子（scaling_factor）=22，分布（distribution）=编码分布（encoding）
已为 12 层启用前馈网络第一层噪声（wffn1 noise），缩放因子（scaling_factor）=24，分布（distribution）=编码分布（encoding）
已为 12 层启用前馈网络第二层噪声（wffn2 noise），缩放因子（scaling_factor）=22，分布（distribution）=编码分布（encoding）
Enabled softmax/V attention-product noise for 12 layers (softmax sf=14, V sf=18, distribution=fresh)
已替换 12 层的GELU函数（GELU function）
已替换 12 层的Softmax函数（Softmax function）
已为 12 层启用输入噪声（Input noise），缩放因子（scaling_factor）=30，分布（distribution）=新采样（fresh）
已为 12 层启用查询投影噪声（query noise），缩放因子（scaling_factor）=22，分布（distribution）=编码分布（encoding）
已为 12 层启用键投影噪声（key noise），缩放因子（scaling_factor）=22，分布（distribution）=编码分布（encoding）
已为 12 层启用值投影噪声（value noise），缩放因子（scaling_factor）=22，分布（distribution）=编码分布（encoding）
已为 12 层启用注意力输出投影噪声（wo noise），缩放因子（scaling_factor）=22，分布（distribution）=编码分布（encoding）
已为 12 层启用前馈网络第一层噪声（wffn1 noise），缩放因子（scaling_factor）=24，分布（distribution）=编码分布（encoding）
已为 12 层启用前馈网络第二层噪声（wffn2 noise），缩放因子（scaling_factor）=22，分布（distribution）=编码分布（encoding）
Enabled softmax/V attention-product noise for 12 layers (softmax sf=14, V sf=18, distribution=fresh)
  softmax_sf=14, v_sf=18 => loss_mean=0.940992, loss_var=0.000670, m1_mean=0.477941, m1_var=0.000591, m2_mean=0.494669, m2_var=0.000562
已替换 12 层的GELU函数（GELU function）
已替换 12 层的Softmax函数（Softmax function）
已为 12 层启用输入噪声（Input noise），缩放因子（scaling_factor）=30，分布（distribution）=新采样（fresh）
已为 12 层启用查询投影噪声（query noise），缩放因子（scaling_factor）=22，分布（distribution）=编码分布（encoding）
已为 12 层启用键投影噪声（key noise），缩放因子（scaling_factor）=22，分布（distribution）=编码分布（encoding）
已为 12 层启用值投影噪声（value noise），缩放因子（scaling_factor）=22，分布（distribution）=编码分布（encoding）
已为 12 层启用注意力输出投影噪声（wo noise），缩放因子（scaling_factor）=22，分布（distribution）=编码分布（encoding）
已为 12 层启用前馈网络第一层噪声（wffn1 noise），缩放因子（scaling_factor）=24，分布（distribution）=编码分布（encoding）
已为 12 层启用前馈网络第二层噪声（wffn2 noise），缩放因子（scaling_factor）=22，分布（distribution）=编码分布（encoding）
Enabled softmax/V attention-product noise for 12 layers (softmax sf=14, V sf=20, distribution=fresh)
已替换 12 层的GELU函数（GELU function）
已替换 12 层的Softmax函数（Softmax function）
已为 12 层启用输入噪声（Input noise），缩放因子（scaling_factor）=30，分布（distribution）=新采样（fresh）
已为 12 层启用查询投影噪声（query noise），缩放因子（scaling_factor）=22，分布（distribution）=编码分布（encoding）
已为 12 层启用键投影噪声（key noise），缩放因子（scaling_factor）=22，分布（distribution）=编码分布（encoding）
已为 12 层启用值投影噪声（value noise），缩放因子（scaling_factor）=22，分布（distribution）=编码分布（encoding）
已为 12 层启用注意力输出投影噪声（wo noise），缩放因子（scaling_factor）=22，分布（distribution）=编码分布（encoding）
已为 12 层启用前馈网络第一层噪声（wffn1 noise），缩放因子（scaling_factor）=24，分布（distribution）=编码分布（encoding）
已为 12 层启用前馈网络第二层噪声（wffn2 noise），缩放因子（scaling_factor）=22，分布（distribution）=编码分布（encoding）
Enabled softmax/V attention-product noise for 12 layers (softmax sf=14, V sf=20, distribution=fresh)
已替换 12 层的GELU函数（GELU function）
已替换 12 层的Softmax函数（Softmax function）
已为 12 层启用输入噪声（Input noise），缩放因子（scaling_factor）=30，分布（distribution）=新采样（fresh）
已为 12 层启用查询投影噪声（query noise），缩放因子（scaling_factor）=22，分布（distribution）=编码分布（encoding）
已为 12 层启用键投影噪声（key noise），缩放因子（scaling_factor）=22，分布（distribution）=编码分布（encoding）
已为 12 层启用值投影噪声（value noise），缩放因子（scaling_factor）=22，分布（distribution）=编码分布（encoding）
已为 12 层启用注意力输出投影噪声（wo noise），缩放因子（scaling_factor）=22，分布（distribution）=编码分布（encoding）
已为 12 层启用前馈网络第一层噪声（wffn1 noise），缩放因子（scaling_factor）=24，分布（distribution）=编码分布（encoding）
已为 12 层启用前馈网络第二层噪声（wffn2 noise），缩放因子（scaling_factor）=22，分布（distribution）=编码分布（encoding）
Enabled softmax/V attention-product noise for 12 layers (softmax sf=14, V sf=20, distribution=fresh)
已替换 12 层的GELU函数（GELU function）
已替换 12 层的Softmax函数（Softmax function）
已为 12 层启用输入噪声（Input noise），缩放因子（scaling_factor）=30，分布（distribution）=新采样（fresh）
已为 12 层启用查询投影噪声（query noise），缩放因子（scaling_factor）=22，分布（distribution）=编码分布（encoding）
已为 12 层启用键投影噪声（key noise），缩放因子（scaling_factor）=22，分布（distribution）=编码分布（encoding）
已为 12 层启用值投影噪声（value noise），缩放因子（scaling_factor）=22，分布（distribution）=编码分布（encoding）
已为 12 层启用注意力输出投影噪声（wo noise），缩放因子（scaling_factor）=22，分布（distribution）=编码分布（encoding）
已为 12 层启用前馈网络第一层噪声（wffn1 noise），缩放因子（scaling_factor）=24，分布（distribution）=编码分布（encoding）
已为 12 层启用前馈网络第二层噪声（wffn2 noise），缩放因子（scaling_factor）=22，分布（distribution）=编码分布（encoding）
Enabled softmax/V attention-product noise for 12 layers (softmax sf=14, V sf=20, distribution=fresh)
已替换 12 层的GELU函数（GELU function）
已替换 12 层的Softmax函数（Softmax function）
已为 12 层启用输入噪声（Input noise），缩放因子（scaling_factor）=30，分布（distribution）=新采样（fresh）
已为 12 层启用查询投影噪声（query noise），缩放因子（scaling_factor）=22，分布（distribution）=编码分布（encoding）
已为 12 层启用键投影噪声（key noise），缩放因子（scaling_factor）=22，分布（distribution）=编码分布（encoding）
已为 12 层启用值投影噪声（value noise），缩放因子（scaling_factor）=22，分布（distribution）=编码分布（encoding）
已为 12 层启用注意力输出投影噪声（wo noise），缩放因子（scaling_factor）=22，分布（distribution）=编码分布（encoding）
已为 12 层启用前馈网络第一层噪声（wffn1 noise），缩放因子（scaling_factor）=24，分布（distribution）=编码分布（encoding）
已为 12 层启用前馈网络第二层噪声（wffn2 noise），缩放因子（scaling_factor）=22，分布（distribution）=编码分布（encoding）
Enabled softmax/V attention-product noise for 12 layers (softmax sf=14, V sf=20, distribution=fresh)
  softmax_sf=14, v_sf=20 => loss_mean=0.949043, loss_var=0.000876, m1_mean=0.490196, m1_var=0.000171, m2_mean=0.507237, m2_var=0.000161
已替换 12 层的GELU函数（GELU function）
已替换 12 层的Softmax函数（Softmax function）
已为 12 层启用输入噪声（Input noise），缩放因子（scaling_factor）=30，分布（distribution）=新采样（fresh）
已为 12 层启用查询投影噪声（query noise），缩放因子（scaling_factor）=22，分布（distribution）=编码分布（encoding）
已为 12 层启用键投影噪声（key noise），缩放因子（scaling_factor）=22，分布（distribution）=编码分布（encoding）
已为 12 层启用值投影噪声（value noise），缩放因子（scaling_factor）=22，分布（distribution）=编码分布（encoding）
已为 12 层启用注意力输出投影噪声（wo noise），缩放因子（scaling_factor）=22，分布（distribution）=编码分布（encoding）
已为 12 层启用前馈网络第一层噪声（wffn1 noise），缩放因子（scaling_factor）=24，分布（distribution）=编码分布（encoding）
已为 12 层启用前馈网络第二层噪声（wffn2 noise），缩放因子（scaling_factor）=22，分布（distribution）=编码分布（encoding）
Enabled softmax/V attention-product noise for 12 layers (softmax sf=14, V sf=22, distribution=fresh)
已替换 12 层的GELU函数（GELU function）
已替换 12 层的Softmax函数（Softmax function）
已为 12 层启用输入噪声（Input noise），缩放因子（scaling_factor）=30，分布（distribution）=新采样（fresh）
已为 12 层启用查询投影噪声（query noise），缩放因子（scaling_factor）=22，分布（distribution）=编码分布（encoding）
已为 12 层启用键投影噪声（key noise），缩放因子（scaling_factor）=22，分布（distribution）=编码分布（encoding）
已为 12 层启用值投影噪声（value noise），缩放因子（scaling_factor）=22，分布（distribution）=编码分布（encoding）
已为 12 层启用注意力输出投影噪声（wo noise），缩放因子（scaling_factor）=22，分布（distribution）=编码分布（encoding）
已为 12 层启用前馈网络第一层噪声（wffn1 noise），缩放因子（scaling_factor）=24，分布（distribution）=编码分布（encoding）
已为 12 层启用前馈网络第二层噪声（wffn2 noise），缩放因子（scaling_factor）=22，分布（distribution）=编码分布（encoding）
Enabled softmax/V attention-product noise for 12 layers (softmax sf=14, V sf=22, distribution=fresh)
已替换 12 层的GELU函数（GELU function）
已替换 12 层的Softmax函数（Softmax function）
已为 12 层启用输入噪声（Input noise），缩放因子（scaling_factor）=30，分布（distribution）=新采样（fresh）
已为 12 层启用查询投影噪声（query noise），缩放因子（scaling_factor）=22，分布（distribution）=编码分布（encoding）
已为 12 层启用键投影噪声（key noise），缩放因子（scaling_factor）=22，分布（distribution）=编码分布（encoding）
已为 12 层启用值投影噪声（value noise），缩放因子（scaling_factor）=22，分布（distribution）=编码分布（encoding）
已为 12 层启用注意力输出投影噪声（wo noise），缩放因子（scaling_factor）=22，分布（distribution）=编码分布（encoding）
已为 12 层启用前馈网络第一层噪声（wffn1 noise），缩放因子（scaling_factor）=24，分布（distribution）=编码分布（encoding）
已为 12 层启用前馈网络第二层噪声（wffn2 noise），缩放因子（scaling_factor）=22，分布（distribution）=编码分布（encoding）
Enabled softmax/V attention-product noise for 12 layers (softmax sf=14, V sf=22, distribution=fresh)
已替换 12 层的GELU函数（GELU function）
已替换 12 层的Softmax函数（Softmax function）
已为 12 层启用输入噪声（Input noise），缩放因子（scaling_factor）=30，分布（distribution）=新采样（fresh）
已为 12 层启用查询投影噪声（query noise），缩放因子（scaling_factor）=22，分布（distribution）=编码分布（encoding）
已为 12 层启用键投影噪声（key noise），缩放因子（scaling_factor）=22，分布（distribution）=编码分布（encoding）
已为 12 层启用值投影噪声（value noise），缩放因子（scaling_factor）=22，分布（distribution）=编码分布（encoding）
已为 12 层启用注意力输出投影噪声（wo noise），缩放因子（scaling_factor）=22，分布（distribution）=编码分布（encoding）
已为 12 层启用前馈网络第一层噪声（wffn1 noise），缩放因子（scaling_factor）=24，分布（distribution）=编码分布（encoding）
已为 12 层启用前馈网络第二层噪声（wffn2 noise），缩放因子（scaling_factor）=22，分布（distribution）=编码分布（encoding）
Enabled softmax/V attention-product noise for 12 layers (softmax sf=14, V sf=22, distribution=fresh)
已替换 12 层的GELU函数（GELU function）
已替换 12 层的Softmax函数（Softmax function）
已为 12 层启用输入噪声（Input noise），缩放因子（scaling_factor）=30，分布（distribution）=新采样（fresh）
已为 12 层启用查询投影噪声（query noise），缩放因子（scaling_factor）=22，分布（distribution）=编码分布（encoding）
已为 12 层启用键投影噪声（key noise），缩放因子（scaling_factor）=22，分布（distribution）=编码分布（encoding）
已为 12 层启用值投影噪声（value noise），缩放因子（scaling_factor）=22，分布（distribution）=编码分布（encoding）
已为 12 层启用注意力输出投影噪声（wo noise），缩放因子（scaling_factor）=22，分布（distribution）=编码分布（encoding）
已为 12 层启用前馈网络第一层噪声（wffn1 noise），缩放因子（scaling_factor）=24，分布（distribution）=编码分布（encoding）
已为 12 层启用前馈网络第二层噪声（wffn2 noise），缩放因子（scaling_factor）=22，分布（distribution）=编码分布（encoding）
Enabled softmax/V attention-product noise for 12 layers (softmax sf=14, V sf=22, distribution=fresh)
  softmax_sf=14, v_sf=22 => loss_mean=0.974524, loss_var=0.000830, m1_mean=0.466667, m1_var=0.000489, m2_mean=0.482258, m2_var=0.000529
已替换 12 层的GELU函数（GELU function）
已替换 12 层的Softmax函数（Softmax function）
已为 12 层启用输入噪声（Input noise），缩放因子（scaling_factor）=30，分布（distribution）=新采样（fresh）
已为 12 层启用查询投影噪声（query noise），缩放因子（scaling_factor）=22，分布（distribution）=编码分布（encoding）
已为 12 层启用键投影噪声（key noise），缩放因子（scaling_factor）=22，分布（distribution）=编码分布（encoding）
已为 12 层启用值投影噪声（value noise），缩放因子（scaling_factor）=22，分布（distribution）=编码分布（encoding）
已为 12 层启用注意力输出投影噪声（wo noise），缩放因子（scaling_factor）=22，分布（distribution）=编码分布（encoding）
已为 12 层启用前馈网络第一层噪声（wffn1 noise），缩放因子（scaling_factor）=24，分布（distribution）=编码分布（encoding）
已为 12 层启用前馈网络第二层噪声（wffn2 noise），缩放因子（scaling_factor）=22，分布（distribution）=编码分布（encoding）
Enabled softmax/V attention-product noise for 12 layers (softmax sf=14, V sf=24, distribution=fresh)
已替换 12 层的GELU函数（GELU function）
已替换 12 层的Softmax函数（Softmax function）
已为 12 层启用输入噪声（Input noise），缩放因子（scaling_factor）=30，分布（distribution）=新采样（fresh）
已为 12 层启用查询投影噪声（query noise），缩放因子（scaling_factor）=22，分布（distribution）=编码分布（encoding）
已为 12 层启用键投影噪声（key noise），缩放因子（scaling_factor）=22，分布（distribution）=编码分布（encoding）
已为 12 层启用值投影噪声（value noise），缩放因子（scaling_factor）=22，分布（distribution）=编码分布（encoding）
已为 12 层启用注意力输出投影噪声（wo noise），缩放因子（scaling_factor）=22，分布（distribution）=编码分布（encoding）
已为 12 层启用前馈网络第一层噪声（wffn1 noise），缩放因子（scaling_factor）=24，分布（distribution）=编码分布（encoding）
已为 12 层启用前馈网络第二层噪声（wffn2 noise），缩放因子（scaling_factor）=22，分布（distribution）=编码分布（encoding）
Enabled softmax/V attention-product noise for 12 layers (softmax sf=14, V sf=24, distribution=fresh)
已替换 12 层的GELU函数（GELU function）
已替换 12 层的Softmax函数（Softmax function）
已为 12 层启用输入噪声（Input noise），缩放因子（scaling_factor）=30，分布（distribution）=新采样（fresh）
已为 12 层启用查询投影噪声（query noise），缩放因子（scaling_factor）=22，分布（distribution）=编码分布（encoding）
已为 12 层启用键投影噪声（key noise），缩放因子（scaling_factor）=22，分布（distribution）=编码分布（encoding）
已为 12 层启用值投影噪声（value noise），缩放因子（scaling_factor）=22，分布（distribution）=编码分布（encoding）
已为 12 层启用注意力输出投影噪声（wo noise），缩放因子（scaling_factor）=22，分布（distribution）=编码分布（encoding）
已为 12 层启用前馈网络第一层噪声（wffn1 noise），缩放因子（scaling_factor）=24，分布（distribution）=编码分布（encoding）
已为 12 层启用前馈网络第二层噪声（wffn2 noise），缩放因子（scaling_factor）=22，分布（distribution）=编码分布（encoding）
Enabled softmax/V attention-product noise for 12 layers (softmax sf=14, V sf=24, distribution=fresh)
已替换 12 层的GELU函数（GELU function）
已替换 12 层的Softmax函数（Softmax function）
已为 12 层启用输入噪声（Input noise），缩放因子（scaling_factor）=30，分布（distribution）=新采样（fresh）
已为 12 层启用查询投影噪声（query noise），缩放因子（scaling_factor）=22，分布（distribution）=编码分布（encoding）
已为 12 层启用键投影噪声（key noise），缩放因子（scaling_factor）=22，分布（distribution）=编码分布（encoding）
已为 12 层启用值投影噪声（value noise），缩放因子（scaling_factor）=22，分布（distribution）=编码分布（encoding）
已为 12 层启用注意力输出投影噪声（wo noise），缩放因子（scaling_factor）=22，分布（distribution）=编码分布（encoding）
已为 12 层启用前馈网络第一层噪声（wffn1 noise），缩放因子（scaling_factor）=24，分布（distribution）=编码分布（encoding）
已为 12 层启用前馈网络第二层噪声（wffn2 noise），缩放因子（scaling_factor）=22，分布（distribution）=编码分布（encoding）
Enabled softmax/V attention-product noise for 12 layers (softmax sf=14, V sf=24, distribution=fresh)
已替换 12 层的GELU函数（GELU function）
已替换 12 层的Softmax函数（Softmax function）
已为 12 层启用输入噪声（Input noise），缩放因子（scaling_factor）=30，分布（distribution）=新采样（fresh）
已为 12 层启用查询投影噪声（query noise），缩放因子（scaling_factor）=22，分布（distribution）=编码分布（encoding）
已为 12 层启用键投影噪声（key noise），缩放因子（scaling_factor）=22，分布（distribution）=编码分布（encoding）
已为 12 层启用值投影噪声（value noise），缩放因子（scaling_factor）=22，分布（distribution）=编码分布（encoding）
已为 12 层启用注意力输出投影噪声（wo noise），缩放因子（scaling_factor）=22，分布（distribution）=编码分布（encoding）
已为 12 层启用前馈网络第一层噪声（wffn1 noise），缩放因子（scaling_factor）=24，分布（distribution）=编码分布（encoding）
已为 12 层启用前馈网络第二层噪声（wffn2 noise），缩放因子（scaling_factor）=22，分布（distribution）=编码分布（encoding）
Enabled softmax/V attention-product noise for 12 layers (softmax sf=14, V sf=24, distribution=fresh)
  softmax_sf=14, v_sf=24 => loss_mean=0.941621, loss_var=0.000824, m1_mean=0.502941, m1_var=0.000152, m2_mean=0.518487, m2_var=0.000163
已替换 12 层的GELU函数（GELU function）
已替换 12 层的Softmax函数（Softmax function）
已为 12 层启用输入噪声（Input noise），缩放因子（scaling_factor）=30，分布（distribution）=新采样（fresh）
已为 12 层启用查询投影噪声（query noise），缩放因子（scaling_factor）=22，分布（distribution）=编码分布（encoding）
已为 12 层启用键投影噪声（key noise），缩放因子（scaling_factor）=22，分布（distribution）=编码分布（encoding）
已为 12 层启用值投影噪声（value noise），缩放因子（scaling_factor）=22，分布（distribution）=编码分布（encoding）
已为 12 层启用注意力输出投影噪声（wo noise），缩放因子（scaling_factor）=22，分布（distribution）=编码分布（encoding）
已为 12 层启用前馈网络第一层噪声（wffn1 noise），缩放因子（scaling_factor）=24，分布（distribution）=编码分布（encoding）
已为 12 层启用前馈网络第二层噪声（wffn2 noise），缩放因子（scaling_factor）=22，分布（distribution）=编码分布（encoding）
Enabled softmax/V attention-product noise for 12 layers (softmax sf=14, V sf=26, distribution=fresh)
已替换 12 层的GELU函数（GELU function）
已替换 12 层的Softmax函数（Softmax function）
已为 12 层启用输入噪声（Input noise），缩放因子（scaling_factor）=30，分布（distribution）=新采样（fresh）
已为 12 层启用查询投影噪声（query noise），缩放因子（scaling_factor）=22，分布（distribution）=编码分布（encoding）
已为 12 层启用键投影噪声（key noise），缩放因子（scaling_factor）=22，分布（distribution）=编码分布（encoding）
已为 12 层启用值投影噪声（value noise），缩放因子（scaling_factor）=22，分布（distribution）=编码分布（encoding）
已为 12 层启用注意力输出投影噪声（wo noise），缩放因子（scaling_factor）=22，分布（distribution）=编码分布（encoding）
已为 12 层启用前馈网络第一层噪声（wffn1 noise），缩放因子（scaling_factor）=24，分布（distribution）=编码分布（encoding）
已为 12 层启用前馈网络第二层噪声（wffn2 noise），缩放因子（scaling_factor）=22，分布（distribution）=编码分布（encoding）
Enabled softmax/V attention-product noise for 12 layers (softmax sf=14, V sf=26, distribution=fresh)
已替换 12 层的GELU函数（GELU function）
已替换 12 层的Softmax函数（Softmax function）
已为 12 层启用输入噪声（Input noise），缩放因子（scaling_factor）=30，分布（distribution）=新采样（fresh）
已为 12 层启用查询投影噪声（query noise），缩放因子（scaling_factor）=22，分布（distribution）=编码分布（encoding）
已为 12 层启用键投影噪声（key noise），缩放因子（scaling_factor）=22，分布（distribution）=编码分布（encoding）
已为 12 层启用值投影噪声（value noise），缩放因子（scaling_factor）=22，分布（distribution）=编码分布（encoding）
已为 12 层启用注意力输出投影噪声（wo noise），缩放因子（scaling_factor）=22，分布（distribution）=编码分布（encoding）
已为 12 层启用前馈网络第一层噪声（wffn1 noise），缩放因子（scaling_factor）=24，分布（distribution）=编码分布（encoding）
已为 12 层启用前馈网络第二层噪声（wffn2 noise），缩放因子（scaling_factor）=22，分布（distribution）=编码分布（encoding）
Enabled softmax/V attention-product noise for 12 layers (softmax sf=14, V sf=26, distribution=fresh)
已替换 12 层的GELU函数（GELU function）
已替换 12 层的Softmax函数（Softmax function）
已为 12 层启用输入噪声（Input noise），缩放因子（scaling_factor）=30，分布（distribution）=新采样（fresh）
已为 12 层启用查询投影噪声（query noise），缩放因子（scaling_factor）=22，分布（distribution）=编码分布（encoding）
已为 12 层启用键投影噪声（key noise），缩放因子（scaling_factor）=22，分布（distribution）=编码分布（encoding）
已为 12 层启用值投影噪声（value noise），缩放因子（scaling_factor）=22，分布（distribution）=编码分布（encoding）
已为 12 层启用注意力输出投影噪声（wo noise），缩放因子（scaling_factor）=22，分布（distribution）=编码分布（encoding）
已为 12 层启用前馈网络第一层噪声（wffn1 noise），缩放因子（scaling_factor）=24，分布（distribution）=编码分布（encoding）
已为 12 层启用前馈网络第二层噪声（wffn2 noise），缩放因子（scaling_factor）=22，分布（distribution）=编码分布（encoding）
Enabled softmax/V attention-product noise for 12 layers (softmax sf=14, V sf=26, distribution=fresh)
已替换 12 层的GELU函数（GELU function）
已替换 12 层的Softmax函数（Softmax function）
已为 12 层启用输入噪声（Input noise），缩放因子（scaling_factor）=30，分布（distribution）=新采样（fresh）
已为 12 层启用查询投影噪声（query noise），缩放因子（scaling_factor）=22，分布（distribution）=编码分布（encoding）
已为 12 层启用键投影噪声（key noise），缩放因子（scaling_factor）=22，分布（distribution）=编码分布（encoding）
已为 12 层启用值投影噪声（value noise），缩放因子（scaling_factor）=22，分布（distribution）=编码分布（encoding）
已为 12 层启用注意力输出投影噪声（wo noise），缩放因子（scaling_factor）=22，分布（distribution）=编码分布（encoding）
已为 12 层启用前馈网络第一层噪声（wffn1 noise），缩放因子（scaling_factor）=24，分布（distribution）=编码分布（encoding）
已为 12 层启用前馈网络第二层噪声（wffn2 noise），缩放因子（scaling_factor）=22，分布（distribution）=编码分布（encoding）
Enabled softmax/V attention-product noise for 12 layers (softmax sf=14, V sf=26, distribution=fresh)
  softmax_sf=14, v_sf=26 => loss_mean=0.970759, loss_var=0.001361, m1_mean=0.471569, m1_var=0.000696, m2_mean=0.488220, m2_var=0.000692
已替换 12 层的GELU函数（GELU function）
已替换 12 层的Softmax函数（Softmax function）
已为 12 层启用输入噪声（Input noise），缩放因子（scaling_factor）=30，分布（distribution）=新采样（fresh）
已为 12 层启用查询投影噪声（query noise），缩放因子（scaling_factor）=22，分布（distribution）=编码分布（encoding）
已为 12 层启用键投影噪声（key noise），缩放因子（scaling_factor）=22，分布（distribution）=编码分布（encoding）
已为 12 层启用值投影噪声（value noise），缩放因子（scaling_factor）=22，分布（distribution）=编码分布（encoding）
已为 12 层启用注意力输出投影噪声（wo noise），缩放因子（scaling_factor）=22，分布（distribution）=编码分布（encoding）
已为 12 层启用前馈网络第一层噪声（wffn1 noise），缩放因子（scaling_factor）=24，分布（distribution）=编码分布（encoding）
已为 12 层启用前馈网络第二层噪声（wffn2 noise），缩放因子（scaling_factor）=22，分布（distribution）=编码分布（encoding）
Enabled softmax/V attention-product noise for 12 layers (softmax sf=14, V sf=28, distribution=fresh)
已替换 12 层的GELU函数（GELU function）
已替换 12 层的Softmax函数（Softmax function）
已为 12 层启用输入噪声（Input noise），缩放因子（scaling_factor）=30，分布（distribution）=新采样（fresh）
已为 12 层启用查询投影噪声（query noise），缩放因子（scaling_factor）=22，分布（distribution）=编码分布（encoding）
已为 12 层启用键投影噪声（key noise），缩放因子（scaling_factor）=22，分布（distribution）=编码分布（encoding）
已为 12 层启用值投影噪声（value noise），缩放因子（scaling_factor）=22，分布（distribution）=编码分布（encoding）
已为 12 层启用注意力输出投影噪声（wo noise），缩放因子（scaling_factor）=22，分布（distribution）=编码分布（encoding）
已为 12 层启用前馈网络第一层噪声（wffn1 noise），缩放因子（scaling_factor）=24，分布（distribution）=编码分布（encoding）
已为 12 层启用前馈网络第二层噪声（wffn2 noise），缩放因子（scaling_factor）=22，分布（distribution）=编码分布（encoding）
Enabled softmax/V attention-product noise for 12 layers (softmax sf=14, V sf=28, distribution=fresh)
已替换 12 层的GELU函数（GELU function）
已替换 12 层的Softmax函数（Softmax function）
已为 12 层启用输入噪声（Input noise），缩放因子（scaling_factor）=30，分布（distribution）=新采样（fresh）
已为 12 层启用查询投影噪声（query noise），缩放因子（scaling_factor）=22，分布（distribution）=编码分布（encoding）
已为 12 层启用键投影噪声（key noise），缩放因子（scaling_factor）=22，分布（distribution）=编码分布（encoding）
已为 12 层启用值投影噪声（value noise），缩放因子（scaling_factor）=22，分布（distribution）=编码分布（encoding）
已为 12 层启用注意力输出投影噪声（wo noise），缩放因子（scaling_factor）=22，分布（distribution）=编码分布（encoding）
已为 12 层启用前馈网络第一层噪声（wffn1 noise），缩放因子（scaling_factor）=24，分布（distribution）=编码分布（encoding）
已为 12 层启用前馈网络第二层噪声（wffn2 noise），缩放因子（scaling_factor）=22，分布（distribution）=编码分布（encoding）
Enabled softmax/V attention-product noise for 12 layers (softmax sf=14, V sf=28, distribution=fresh)
已替换 12 层的GELU函数（GELU function）
已替换 12 层的Softmax函数（Softmax function）
已为 12 层启用输入噪声（Input noise），缩放因子（scaling_factor）=30，分布（distribution）=新采样（fresh）
已为 12 层启用查询投影噪声（query noise），缩放因子（scaling_factor）=22，分布（distribution）=编码分布（encoding）
已为 12 层启用键投影噪声（key noise），缩放因子（scaling_factor）=22，分布（distribution）=编码分布（encoding）
已为 12 层启用值投影噪声（value noise），缩放因子（scaling_factor）=22，分布（distribution）=编码分布（encoding）
已为 12 层启用注意力输出投影噪声（wo noise），缩放因子（scaling_factor）=22，分布（distribution）=编码分布（encoding）
已为 12 层启用前馈网络第一层噪声（wffn1 noise），缩放因子（scaling_factor）=24，分布（distribution）=编码分布（encoding）
已为 12 层启用前馈网络第二层噪声（wffn2 noise），缩放因子（scaling_factor）=22，分布（distribution）=编码分布（encoding）
Enabled softmax/V attention-product noise for 12 layers (softmax sf=14, V sf=28, distribution=fresh)
已替换 12 层的GELU函数（GELU function）
已替换 12 层的Softmax函数（Softmax function）
已为 12 层启用输入噪声（Input noise），缩放因子（scaling_factor）=30，分布（distribution）=新采样（fresh）
已为 12 层启用查询投影噪声（query noise），缩放因子（scaling_factor）=22，分布（distribution）=编码分布（encoding）
已为 12 层启用键投影噪声（key noise），缩放因子（scaling_factor）=22，分布（distribution）=编码分布（encoding）
已为 12 层启用值投影噪声（value noise），缩放因子（scaling_factor）=22，分布（distribution）=编码分布（encoding）
已为 12 层启用注意力输出投影噪声（wo noise），缩放因子（scaling_factor）=22，分布（distribution）=编码分布（encoding）
已为 12 层启用前馈网络第一层噪声（wffn1 noise），缩放因子（scaling_factor）=24，分布（distribution）=编码分布（encoding）
已为 12 层启用前馈网络第二层噪声（wffn2 noise），缩放因子（scaling_factor）=22，分布（distribution）=编码分布（encoding）
Enabled softmax/V attention-product noise for 12 layers (softmax sf=14, V sf=28, distribution=fresh)
  softmax_sf=14, v_sf=28 => loss_mean=0.977729, loss_var=0.000597, m1_mean=0.480392, m1_var=0.000262, m2_mean=0.496165, m2_var=0.000270
已替换 12 层的GELU函数（GELU function）
已替换 12 层的Softmax函数（Softmax function）
已为 12 层启用输入噪声（Input noise），缩放因子（scaling_factor）=30，分布（distribution）=新采样（fresh）
已为 12 层启用查询投影噪声（query noise），缩放因子（scaling_factor）=22，分布（distribution）=编码分布（encoding）
已为 12 层启用键投影噪声（key noise），缩放因子（scaling_factor）=22，分布（distribution）=编码分布（encoding）
已为 12 层启用值投影噪声（value noise），缩放因子（scaling_factor）=22，分布（distribution）=编码分布（encoding）
已为 12 层启用注意力输出投影噪声（wo noise），缩放因子（scaling_factor）=22，分布（distribution）=编码分布（encoding）
已为 12 层启用前馈网络第一层噪声（wffn1 noise），缩放因子（scaling_factor）=24，分布（distribution）=编码分布（encoding）
已为 12 层启用前馈网络第二层噪声（wffn2 noise），缩放因子（scaling_factor）=22，分布（distribution）=编码分布（encoding）
Enabled softmax/V attention-product noise for 12 layers (softmax sf=14, V sf=30, distribution=fresh)
已替换 12 层的GELU函数（GELU function）
已替换 12 层的Softmax函数（Softmax function）
已为 12 层启用输入噪声（Input noise），缩放因子（scaling_factor）=30，分布（distribution）=新采样（fresh）
已为 12 层启用查询投影噪声（query noise），缩放因子（scaling_factor）=22，分布（distribution）=编码分布（encoding）
已为 12 层启用键投影噪声（key noise），缩放因子（scaling_factor）=22，分布（distribution）=编码分布（encoding）
已为 12 层启用值投影噪声（value noise），缩放因子（scaling_factor）=22，分布（distribution）=编码分布（encoding）
已为 12 层启用注意力输出投影噪声（wo noise），缩放因子（scaling_factor）=22，分布（distribution）=编码分布（encoding）
已为 12 层启用前馈网络第一层噪声（wffn1 noise），缩放因子（scaling_factor）=24，分布（distribution）=编码分布（encoding）
已为 12 层启用前馈网络第二层噪声（wffn2 noise），缩放因子（scaling_factor）=22，分布（distribution）=编码分布（encoding）
Enabled softmax/V attention-product noise for 12 layers (softmax sf=14, V sf=30, distribution=fresh)
已替换 12 层的GELU函数（GELU function）
已替换 12 层的Softmax函数（Softmax function）
已为 12 层启用输入噪声（Input noise），缩放因子（scaling_factor）=30，分布（distribution）=新采样（fresh）
已为 12 层启用查询投影噪声（query noise），缩放因子（scaling_factor）=22，分布（distribution）=编码分布（encoding）
已为 12 层启用键投影噪声（key noise），缩放因子（scaling_factor）=22，分布（distribution）=编码分布（encoding）
已为 12 层启用值投影噪声（value noise），缩放因子（scaling_factor）=22，分布（distribution）=编码分布（encoding）
已为 12 层启用注意力输出投影噪声（wo noise），缩放因子（scaling_factor）=22，分布（distribution）=编码分布（encoding）
已为 12 层启用前馈网络第一层噪声（wffn1 noise），缩放因子（scaling_factor）=24，分布（distribution）=编码分布（encoding）
已为 12 层启用前馈网络第二层噪声（wffn2 noise），缩放因子（scaling_factor）=22，分布（distribution）=编码分布（encoding）
Enabled softmax/V attention-product noise for 12 layers (softmax sf=14, V sf=30, distribution=fresh)
已替换 12 层的GELU函数（GELU function）
已替换 12 层的Softmax函数（Softmax function）
已为 12 层启用输入噪声（Input noise），缩放因子（scaling_factor）=30，分布（distribution）=新采样（fresh）
已为 12 层启用查询投影噪声（query noise），缩放因子（scaling_factor）=22，分布（distribution）=编码分布（encoding）
已为 12 层启用键投影噪声（key noise），缩放因子（scaling_factor）=22，分布（distribution）=编码分布（encoding）
已为 12 层启用值投影噪声（value noise），缩放因子（scaling_factor）=22，分布（distribution）=编码分布（encoding）
已为 12 层启用注意力输出投影噪声（wo noise），缩放因子（scaling_factor）=22，分布（distribution）=编码分布（encoding）
已为 12 层启用前馈网络第一层噪声（wffn1 noise），缩放因子（scaling_factor）=24，分布（distribution）=编码分布（encoding）
已为 12 层启用前馈网络第二层噪声（wffn2 noise），缩放因子（scaling_factor）=22，分布（distribution）=编码分布（encoding）
Enabled softmax/V attention-product noise for 12 layers (softmax sf=14, V sf=30, distribution=fresh)
已替换 12 层的GELU函数（GELU function）
已替换 12 层的Softmax函数（Softmax function）
已为 12 层启用输入噪声（Input noise），缩放因子（scaling_factor）=30，分布（distribution）=新采样（fresh）
已为 12 层启用查询投影噪声（query noise），缩放因子（scaling_factor）=22，分布（distribution）=编码分布（encoding）
已为 12 层启用键投影噪声（key noise），缩放因子（scaling_factor）=22，分布（distribution）=编码分布（encoding）
已为 12 层启用值投影噪声（value noise），缩放因子（scaling_factor）=22，分布（distribution）=编码分布（encoding）
已为 12 层启用注意力输出投影噪声（wo noise），缩放因子（scaling_factor）=22，分布（distribution）=编码分布（encoding）
已为 12 层启用前馈网络第一层噪声（wffn1 noise），缩放因子（scaling_factor）=24，分布（distribution）=编码分布（encoding）
已为 12 层启用前馈网络第二层噪声（wffn2 noise），缩放因子（scaling_factor）=22，分布（distribution）=编码分布（encoding）
Enabled softmax/V attention-product noise for 12 layers (softmax sf=14, V sf=30, distribution=fresh)
  softmax_sf=14, v_sf=30 => loss_mean=0.949148, loss_var=0.000084, m1_mean=0.490686, m1_var=0.000316, m2_mean=0.506748, m2_var=0.000290
已替换 12 层的GELU函数（GELU function）
已替换 12 层的Softmax函数（Softmax function）
已为 12 层启用输入噪声（Input noise），缩放因子（scaling_factor）=30，分布（distribution）=新采样（fresh）
已为 12 层启用查询投影噪声（query noise），缩放因子（scaling_factor）=22，分布（distribution）=编码分布（encoding）
已为 12 层启用键投影噪声（key noise），缩放因子（scaling_factor）=22，分布（distribution）=编码分布（encoding）
已为 12 层启用值投影噪声（value noise），缩放因子（scaling_factor）=22，分布（distribution）=编码分布（encoding）
已为 12 层启用注意力输出投影噪声（wo noise），缩放因子（scaling_factor）=22，分布（distribution）=编码分布（encoding）
已为 12 层启用前馈网络第一层噪声（wffn1 noise），缩放因子（scaling_factor）=24，分布（distribution）=编码分布（encoding）
已为 12 层启用前馈网络第二层噪声（wffn2 noise），缩放因子（scaling_factor）=22，分布（distribution）=编码分布（encoding）
Enabled softmax/V attention-product noise for 12 layers (softmax sf=14, V sf=32, distribution=fresh)
已替换 12 层的GELU函数（GELU function）
已替换 12 层的Softmax函数（Softmax function）
已为 12 层启用输入噪声（Input noise），缩放因子（scaling_factor）=30，分布（distribution）=新采样（fresh）
已为 12 层启用查询投影噪声（query noise），缩放因子（scaling_factor）=22，分布（distribution）=编码分布（encoding）
已为 12 层启用键投影噪声（key noise），缩放因子（scaling_factor）=22，分布（distribution）=编码分布（encoding）
已为 12 层启用值投影噪声（value noise），缩放因子（scaling_factor）=22，分布（distribution）=编码分布（encoding）
已为 12 层启用注意力输出投影噪声（wo noise），缩放因子（scaling_factor）=22，分布（distribution）=编码分布（encoding）
已为 12 层启用前馈网络第一层噪声（wffn1 noise），缩放因子（scaling_factor）=24，分布（distribution）=编码分布（encoding）
已为 12 层启用前馈网络第二层噪声（wffn2 noise），缩放因子（scaling_factor）=22，分布（distribution）=编码分布（encoding）
Enabled softmax/V attention-product noise for 12 layers (softmax sf=14, V sf=32, distribution=fresh)
已替换 12 层的GELU函数（GELU function）
已替换 12 层的Softmax函数（Softmax function）
已为 12 层启用输入噪声（Input noise），缩放因子（scaling_factor）=30，分布（distribution）=新采样（fresh）
已为 12 层启用查询投影噪声（query noise），缩放因子（scaling_factor）=22，分布（distribution）=编码分布（encoding）
已为 12 层启用键投影噪声（key noise），缩放因子（scaling_factor）=22，分布（distribution）=编码分布（encoding）
已为 12 层启用值投影噪声（value noise），缩放因子（scaling_factor）=22，分布（distribution）=编码分布（encoding）
已为 12 层启用注意力输出投影噪声（wo noise），缩放因子（scaling_factor）=22，分布（distribution）=编码分布（encoding）
已为 12 层启用前馈网络第一层噪声（wffn1 noise），缩放因子（scaling_factor）=24，分布（distribution）=编码分布（encoding）
已为 12 层启用前馈网络第二层噪声（wffn2 noise），缩放因子（scaling_factor）=22，分布（distribution）=编码分布（encoding）
Enabled softmax/V attention-product noise for 12 layers (softmax sf=14, V sf=32, distribution=fresh)
已替换 12 层的GELU函数（GELU function）
已替换 12 层的Softmax函数（Softmax function）
已为 12 层启用输入噪声（Input noise），缩放因子（scaling_factor）=30，分布（distribution）=新采样（fresh）
已为 12 层启用查询投影噪声（query noise），缩放因子（scaling_factor）=22，分布（distribution）=编码分布（encoding）
已为 12 层启用键投影噪声（key noise），缩放因子（scaling_factor）=22，分布（distribution）=编码分布（encoding）
已为 12 层启用值投影噪声（value noise），缩放因子（scaling_factor）=22，分布（distribution）=编码分布（encoding）
已为 12 层启用注意力输出投影噪声（wo noise），缩放因子（scaling_factor）=22，分布（distribution）=编码分布（encoding）
已为 12 层启用前馈网络第一层噪声（wffn1 noise），缩放因子（scaling_factor）=24，分布（distribution）=编码分布（encoding）
已为 12 层启用前馈网络第二层噪声（wffn2 noise），缩放因子（scaling_factor）=22，分布（distribution）=编码分布（encoding）
Enabled softmax/V attention-product noise for 12 layers (softmax sf=14, V sf=32, distribution=fresh)
已替换 12 层的GELU函数（GELU function）
已替换 12 层的Softmax函数（Softmax function）
已为 12 层启用输入噪声（Input noise），缩放因子（scaling_factor）=30，分布（distribution）=新采样（fresh）
已为 12 层启用查询投影噪声（query noise），缩放因子（scaling_factor）=22，分布（distribution）=编码分布（encoding）
已为 12 层启用键投影噪声（key noise），缩放因子（scaling_factor）=22，分布（distribution）=编码分布（encoding）
已为 12 层启用值投影噪声（value noise），缩放因子（scaling_factor）=22，分布（distribution）=编码分布（encoding）
已为 12 层启用注意力输出投影噪声（wo noise），缩放因子（scaling_factor）=22，分布（distribution）=编码分布（encoding）
已为 12 层启用前馈网络第一层噪声（wffn1 noise），缩放因子（scaling_factor）=24，分布（distribution）=编码分布（encoding）
已为 12 层启用前馈网络第二层噪声（wffn2 noise），缩放因子（scaling_factor）=22，分布（distribution）=编码分布（encoding）
Enabled softmax/V attention-product noise for 12 layers (softmax sf=14, V sf=32, distribution=fresh)
  softmax_sf=14, v_sf=32 => loss_mean=0.966251, loss_var=0.000250, m1_mean=0.465686, m1_var=0.000312, m2_mean=0.482636, m2_var=0.000311
已替换 12 层的GELU函数（GELU function）
已替换 12 层的Softmax函数（Softmax function）
已为 12 层启用输入噪声（Input noise），缩放因子（scaling_factor）=30，分布（distribution）=新采样（fresh）
已为 12 层启用查询投影噪声（query noise），缩放因子（scaling_factor）=22，分布（distribution）=编码分布（encoding）
已为 12 层启用键投影噪声（key noise），缩放因子（scaling_factor）=22，分布（distribution）=编码分布（encoding）
已为 12 层启用值投影噪声（value noise），缩放因子（scaling_factor）=22，分布（distribution）=编码分布（encoding）
已为 12 层启用注意力输出投影噪声（wo noise），缩放因子（scaling_factor）=22，分布（distribution）=编码分布（encoding）
已为 12 层启用前馈网络第一层噪声（wffn1 noise），缩放因子（scaling_factor）=24，分布（distribution）=编码分布（encoding）
已为 12 层启用前馈网络第二层噪声（wffn2 noise），缩放因子（scaling_factor）=22，分布（distribution）=编码分布（encoding）
Enabled softmax/V attention-product noise for 12 layers (softmax sf=14, V sf=34, distribution=fresh)
已替换 12 层的GELU函数（GELU function）
已替换 12 层的Softmax函数（Softmax function）
已为 12 层启用输入噪声（Input noise），缩放因子（scaling_factor）=30，分布（distribution）=新采样（fresh）
已为 12 层启用查询投影噪声（query noise），缩放因子（scaling_factor）=22，分布（distribution）=编码分布（encoding）
已为 12 层启用键投影噪声（key noise），缩放因子（scaling_factor）=22，分布（distribution）=编码分布（encoding）
已为 12 层启用值投影噪声（value noise），缩放因子（scaling_factor）=22，分布（distribution）=编码分布（encoding）
已为 12 层启用注意力输出投影噪声（wo noise），缩放因子（scaling_factor）=22，分布（distribution）=编码分布（encoding）
已为 12 层启用前馈网络第一层噪声（wffn1 noise），缩放因子（scaling_factor）=24，分布（distribution）=编码分布（encoding）
已为 12 层启用前馈网络第二层噪声（wffn2 noise），缩放因子（scaling_factor）=22，分布（distribution）=编码分布（encoding）
Enabled softmax/V attention-product noise for 12 layers (softmax sf=14, V sf=34, distribution=fresh)
已替换 12 层的GELU函数（GELU function）
已替换 12 层的Softmax函数（Softmax function）
已为 12 层启用输入噪声（Input noise），缩放因子（scaling_factor）=30，分布（distribution）=新采样（fresh）
已为 12 层启用查询投影噪声（query noise），缩放因子（scaling_factor）=22，分布（distribution）=编码分布（encoding）
已为 12 层启用键投影噪声（key noise），缩放因子（scaling_factor）=22，分布（distribution）=编码分布（encoding）
已为 12 层启用值投影噪声（value noise），缩放因子（scaling_factor）=22，分布（distribution）=编码分布（encoding）
已为 12 层启用注意力输出投影噪声（wo noise），缩放因子（scaling_factor）=22，分布（distribution）=编码分布（encoding）
已为 12 层启用前馈网络第一层噪声（wffn1 noise），缩放因子（scaling_factor）=24，分布（distribution）=编码分布（encoding）
已为 12 层启用前馈网络第二层噪声（wffn2 noise），缩放因子（scaling_factor）=22，分布（distribution）=编码分布（encoding）
Enabled softmax/V attention-product noise for 12 layers (softmax sf=14, V sf=34, distribution=fresh)
已替换 12 层的GELU函数（GELU function）
已替换 12 层的Softmax函数（Softmax function）
已为 12 层启用输入噪声（Input noise），缩放因子（scaling_factor）=30，分布（distribution）=新采样（fresh）
已为 12 层启用查询投影噪声（query noise），缩放因子（scaling_factor）=22，分布（distribution）=编码分布（encoding）
已为 12 层启用键投影噪声（key noise），缩放因子（scaling_factor）=22，分布（distribution）=编码分布（encoding）
已为 12 层启用值投影噪声（value noise），缩放因子（scaling_factor）=22，分布（distribution）=编码分布（encoding）
已为 12 层启用注意力输出投影噪声（wo noise），缩放因子（scaling_factor）=22，分布（distribution）=编码分布（encoding）
已为 12 层启用前馈网络第一层噪声（wffn1 noise），缩放因子（scaling_factor）=24，分布（distribution）=编码分布（encoding）
已为 12 层启用前馈网络第二层噪声（wffn2 noise），缩放因子（scaling_factor）=22，分布（distribution）=编码分布（encoding）
Enabled softmax/V attention-product noise for 12 layers (softmax sf=14, V sf=34, distribution=fresh)
已替换 12 层的GELU函数（GELU function）
已替换 12 层的Softmax函数（Softmax function）
已为 12 层启用输入噪声（Input noise），缩放因子（scaling_factor）=30，分布（distribution）=新采样（fresh）
已为 12 层启用查询投影噪声（query noise），缩放因子（scaling_factor）=22，分布（distribution）=编码分布（encoding）
已为 12 层启用键投影噪声（key noise），缩放因子（scaling_factor）=22，分布（distribution）=编码分布（encoding）
已为 12 层启用值投影噪声（value noise），缩放因子（scaling_factor）=22，分布（distribution）=编码分布（encoding）
已为 12 层启用注意力输出投影噪声（wo noise），缩放因子（scaling_factor）=22，分布（distribution）=编码分布（encoding）
已为 12 层启用前馈网络第一层噪声（wffn1 noise），缩放因子（scaling_factor）=24，分布（distribution）=编码分布（encoding）
已为 12 层启用前馈网络第二层噪声（wffn2 noise），缩放因子（scaling_factor）=22，分布（distribution）=编码分布（encoding）
Enabled softmax/V attention-product noise for 12 layers (softmax sf=14, V sf=34, distribution=fresh)
  softmax_sf=14, v_sf=34 => loss_mean=0.963159, loss_var=0.000703, m1_mean=0.484314, m1_var=0.000420, m2_mean=0.500399, m2_var=0.000396
已替换 12 层的GELU函数（GELU function）
已替换 12 层的Softmax函数（Softmax function）
已为 12 层启用输入噪声（Input noise），缩放因子（scaling_factor）=30，分布（distribution）=新采样（fresh）
已为 12 层启用查询投影噪声（query noise），缩放因子（scaling_factor）=22，分布（distribution）=编码分布（encoding）
已为 12 层启用键投影噪声（key noise），缩放因子（scaling_factor）=22，分布（distribution）=编码分布（encoding）
已为 12 层启用值投影噪声（value noise），缩放因子（scaling_factor）=22，分布（distribution）=编码分布（encoding）
已为 12 层启用注意力输出投影噪声（wo noise），缩放因子（scaling_factor）=22，分布（distribution）=编码分布（encoding）
已为 12 层启用前馈网络第一层噪声（wffn1 noise），缩放因子（scaling_factor）=24，分布（distribution）=编码分布（encoding）
已为 12 层启用前馈网络第二层噪声（wffn2 noise），缩放因子（scaling_factor）=22，分布（distribution）=编码分布（encoding）
Enabled softmax/V attention-product noise for 12 layers (softmax sf=14, V sf=36, distribution=fresh)
已替换 12 层的GELU函数（GELU function）
已替换 12 层的Softmax函数（Softmax function）
已为 12 层启用输入噪声（Input noise），缩放因子（scaling_factor）=30，分布（distribution）=新采样（fresh）
已为 12 层启用查询投影噪声（query noise），缩放因子（scaling_factor）=22，分布（distribution）=编码分布（encoding）
已为 12 层启用键投影噪声（key noise），缩放因子（scaling_factor）=22，分布（distribution）=编码分布（encoding）
已为 12 层启用值投影噪声（value noise），缩放因子（scaling_factor）=22，分布（distribution）=编码分布（encoding）
已为 12 层启用注意力输出投影噪声（wo noise），缩放因子（scaling_factor）=22，分布（distribution）=编码分布（encoding）
已为 12 层启用前馈网络第一层噪声（wffn1 noise），缩放因子（scaling_factor）=24，分布（distribution）=编码分布（encoding）
已为 12 层启用前馈网络第二层噪声（wffn2 noise），缩放因子（scaling_factor）=22，分布（distribution）=编码分布（encoding）
Enabled softmax/V attention-product noise for 12 layers (softmax sf=14, V sf=36, distribution=fresh)
已替换 12 层的GELU函数（GELU function）
已替换 12 层的Softmax函数（Softmax function）
已为 12 层启用输入噪声（Input noise），缩放因子（scaling_factor）=30，分布（distribution）=新采样（fresh）
已为 12 层启用查询投影噪声（query noise），缩放因子（scaling_factor）=22，分布（distribution）=编码分布（encoding）
已为 12 层启用键投影噪声（key noise），缩放因子（scaling_factor）=22，分布（distribution）=编码分布（encoding）
已为 12 层启用值投影噪声（value noise），缩放因子（scaling_factor）=22，分布（distribution）=编码分布（encoding）
已为 12 层启用注意力输出投影噪声（wo noise），缩放因子（scaling_factor）=22，分布（distribution）=编码分布（encoding）
已为 12 层启用前馈网络第一层噪声（wffn1 noise），缩放因子（scaling_factor）=24，分布（distribution）=编码分布（encoding）
已为 12 层启用前馈网络第二层噪声（wffn2 noise），缩放因子（scaling_factor）=22，分布（distribution）=编码分布（encoding）
Enabled softmax/V attention-product noise for 12 layers (softmax sf=14, V sf=36, distribution=fresh)
已替换 12 层的GELU函数（GELU function）
已替换 12 层的Softmax函数（Softmax function）
已为 12 层启用输入噪声（Input noise），缩放因子（scaling_factor）=30，分布（distribution）=新采样（fresh）
已为 12 层启用查询投影噪声（query noise），缩放因子（scaling_factor）=22，分布（distribution）=编码分布（encoding）
已为 12 层启用键投影噪声（key noise），缩放因子（scaling_factor）=22，分布（distribution）=编码分布（encoding）
已为 12 层启用值投影噪声（value noise），缩放因子（scaling_factor）=22，分布（distribution）=编码分布（encoding）
已为 12 层启用注意力输出投影噪声（wo noise），缩放因子（scaling_factor）=22，分布（distribution）=编码分布（encoding）
已为 12 层启用前馈网络第一层噪声（wffn1 noise），缩放因子（scaling_factor）=24，分布（distribution）=编码分布（encoding）
已为 12 层启用前馈网络第二层噪声（wffn2 noise），缩放因子（scaling_factor）=22，分布（distribution）=编码分布（encoding）
Enabled softmax/V attention-product noise for 12 layers (softmax sf=14, V sf=36, distribution=fresh)
已替换 12 层的GELU函数（GELU function）
已替换 12 层的Softmax函数（Softmax function）
已为 12 层启用输入噪声（Input noise），缩放因子（scaling_factor）=30，分布（distribution）=新采样（fresh）
已为 12 层启用查询投影噪声（query noise），缩放因子（scaling_factor）=22，分布（distribution）=编码分布（encoding）
已为 12 层启用键投影噪声（key noise），缩放因子（scaling_factor）=22，分布（distribution）=编码分布（encoding）
已为 12 层启用值投影噪声（value noise），缩放因子（scaling_factor）=22，分布（distribution）=编码分布（encoding）
已为 12 层启用注意力输出投影噪声（wo noise），缩放因子（scaling_factor）=22，分布（distribution）=编码分布（encoding）
已为 12 层启用前馈网络第一层噪声（wffn1 noise），缩放因子（scaling_factor）=24，分布（distribution）=编码分布（encoding）
已为 12 层启用前馈网络第二层噪声（wffn2 noise），缩放因子（scaling_factor）=22，分布（distribution）=编码分布（encoding）
Enabled softmax/V attention-product noise for 12 layers (softmax sf=14, V sf=36, distribution=fresh)
  softmax_sf=14, v_sf=36 => loss_mean=0.971398, loss_var=0.000630, m1_mean=0.472059, m1_var=0.000424, m2_mean=0.488379, m2_var=0.000431
已替换 12 层的GELU函数（GELU function）
已替换 12 层的Softmax函数（Softmax function）
已为 12 层启用输入噪声（Input noise），缩放因子（scaling_factor）=30，分布（distribution）=新采样（fresh）
已为 12 层启用查询投影噪声（query noise），缩放因子（scaling_factor）=22，分布（distribution）=编码分布（encoding）
已为 12 层启用键投影噪声（key noise），缩放因子（scaling_factor）=22，分布（distribution）=编码分布（encoding）
已为 12 层启用值投影噪声（value noise），缩放因子（scaling_factor）=22，分布（distribution）=编码分布（encoding）
已为 12 层启用注意力输出投影噪声（wo noise），缩放因子（scaling_factor）=22，分布（distribution）=编码分布（encoding）
已为 12 层启用前馈网络第一层噪声（wffn1 noise），缩放因子（scaling_factor）=24，分布（distribution）=编码分布（encoding）
已为 12 层启用前馈网络第二层噪声（wffn2 noise），缩放因子（scaling_factor）=22，分布（distribution）=编码分布（encoding）
Enabled softmax/V attention-product noise for 12 layers (softmax sf=14, V sf=38, distribution=fresh)
已替换 12 层的GELU函数（GELU function）
已替换 12 层的Softmax函数（Softmax function）
已为 12 层启用输入噪声（Input noise），缩放因子（scaling_factor）=30，分布（distribution）=新采样（fresh）
已为 12 层启用查询投影噪声（query noise），缩放因子（scaling_factor）=22，分布（distribution）=编码分布（encoding）
已为 12 层启用键投影噪声（key noise），缩放因子（scaling_factor）=22，分布（distribution）=编码分布（encoding）
已为 12 层启用值投影噪声（value noise），缩放因子（scaling_factor）=22，分布（distribution）=编码分布（encoding）
已为 12 层启用注意力输出投影噪声（wo noise），缩放因子（scaling_factor）=22，分布（distribution）=编码分布（encoding）
已为 12 层启用前馈网络第一层噪声（wffn1 noise），缩放因子（scaling_factor）=24，分布（distribution）=编码分布（encoding）
已为 12 层启用前馈网络第二层噪声（wffn2 noise），缩放因子（scaling_factor）=22，分布（distribution）=编码分布（encoding）
Enabled softmax/V attention-product noise for 12 layers (softmax sf=14, V sf=38, distribution=fresh)
已替换 12 层的GELU函数（GELU function）
已替换 12 层的Softmax函数（Softmax function）
已为 12 层启用输入噪声（Input noise），缩放因子（scaling_factor）=30，分布（distribution）=新采样（fresh）
已为 12 层启用查询投影噪声（query noise），缩放因子（scaling_factor）=22，分布（distribution）=编码分布（encoding）
已为 12 层启用键投影噪声（key noise），缩放因子（scaling_factor）=22，分布（distribution）=编码分布（encoding）
已为 12 层启用值投影噪声（value noise），缩放因子（scaling_factor）=22，分布（distribution）=编码分布（encoding）
已为 12 层启用注意力输出投影噪声（wo noise），缩放因子（scaling_factor）=22，分布（distribution）=编码分布（encoding）
已为 12 层启用前馈网络第一层噪声（wffn1 noise），缩放因子（scaling_factor）=24，分布（distribution）=编码分布（encoding）
已为 12 层启用前馈网络第二层噪声（wffn2 noise），缩放因子（scaling_factor）=22，分布（distribution）=编码分布（encoding）
Enabled softmax/V attention-product noise for 12 layers (softmax sf=14, V sf=38, distribution=fresh)
已替换 12 层的GELU函数（GELU function）
已替换 12 层的Softmax函数（Softmax function）
已为 12 层启用输入噪声（Input noise），缩放因子（scaling_factor）=30，分布（distribution）=新采样（fresh）
已为 12 层启用查询投影噪声（query noise），缩放因子（scaling_factor）=22，分布（distribution）=编码分布（encoding）
已为 12 层启用键投影噪声（key noise），缩放因子（scaling_factor）=22，分布（distribution）=编码分布（encoding）
已为 12 层启用值投影噪声（value noise），缩放因子（scaling_factor）=22，分布（distribution）=编码分布（encoding）
已为 12 层启用注意力输出投影噪声（wo noise），缩放因子（scaling_factor）=22，分布（distribution）=编码分布（encoding）
已为 12 层启用前馈网络第一层噪声（wffn1 noise），缩放因子（scaling_factor）=24，分布（distribution）=编码分布（encoding）
已为 12 层启用前馈网络第二层噪声（wffn2 noise），缩放因子（scaling_factor）=22，分布（distribution）=编码分布（encoding）
Enabled softmax/V attention-product noise for 12 layers (softmax sf=14, V sf=38, distribution=fresh)
已替换 12 层的GELU函数（GELU function）
已替换 12 层的Softmax函数（Softmax function）
已为 12 层启用输入噪声（Input noise），缩放因子（scaling_factor）=30，分布（distribution）=新采样（fresh）
已为 12 层启用查询投影噪声（query noise），缩放因子（scaling_factor）=22，分布（distribution）=编码分布（encoding）
已为 12 层启用键投影噪声（key noise），缩放因子（scaling_factor）=22，分布（distribution）=编码分布（encoding）
已为 12 层启用值投影噪声（value noise），缩放因子（scaling_factor）=22，分布（distribution）=编码分布（encoding）
已为 12 层启用注意力输出投影噪声（wo noise），缩放因子（scaling_factor）=22，分布（distribution）=编码分布（encoding）
已为 12 层启用前馈网络第一层噪声（wffn1 noise），缩放因子（scaling_factor）=24，分布（distribution）=编码分布（encoding）
已为 12 层启用前馈网络第二层噪声（wffn2 noise），缩放因子（scaling_factor）=22，分布（distribution）=编码分布（encoding）
Enabled softmax/V attention-product noise for 12 layers (softmax sf=14, V sf=38, distribution=fresh)
  softmax_sf=14, v_sf=38 => loss_mean=0.957895, loss_var=0.000254, m1_mean=0.487745, m1_var=0.000067, m2_mean=0.504652, m2_var=0.000059
已替换 12 层的GELU函数（GELU function）
已替换 12 层的Softmax函数（Softmax function）
已为 12 层启用输入噪声（Input noise），缩放因子（scaling_factor）=30，分布（distribution）=新采样（fresh）
已为 12 层启用查询投影噪声（query noise），缩放因子（scaling_factor）=22，分布（distribution）=编码分布（encoding）
已为 12 层启用键投影噪声（key noise），缩放因子（scaling_factor）=22，分布（distribution）=编码分布（encoding）
已为 12 层启用值投影噪声（value noise），缩放因子（scaling_factor）=22，分布（distribution）=编码分布（encoding）
已为 12 层启用注意力输出投影噪声（wo noise），缩放因子（scaling_factor）=22，分布（distribution）=编码分布（encoding）
已为 12 层启用前馈网络第一层噪声（wffn1 noise），缩放因子（scaling_factor）=24，分布（distribution）=编码分布（encoding）
已为 12 层启用前馈网络第二层噪声（wffn2 noise），缩放因子（scaling_factor）=22，分布（distribution）=编码分布（encoding）
Enabled softmax/V attention-product noise for 12 layers (softmax sf=14, V sf=40, distribution=fresh)
已替换 12 层的GELU函数（GELU function）
已替换 12 层的Softmax函数（Softmax function）
已为 12 层启用输入噪声（Input noise），缩放因子（scaling_factor）=30，分布（distribution）=新采样（fresh）
已为 12 层启用查询投影噪声（query noise），缩放因子（scaling_factor）=22，分布（distribution）=编码分布（encoding）
已为 12 层启用键投影噪声（key noise），缩放因子（scaling_factor）=22，分布（distribution）=编码分布（encoding）
已为 12 层启用值投影噪声（value noise），缩放因子（scaling_factor）=22，分布（distribution）=编码分布（encoding）
已为 12 层启用注意力输出投影噪声（wo noise），缩放因子（scaling_factor）=22，分布（distribution）=编码分布（encoding）
已为 12 层启用前馈网络第一层噪声（wffn1 noise），缩放因子（scaling_factor）=24，分布（distribution）=编码分布（encoding）
已为 12 层启用前馈网络第二层噪声（wffn2 noise），缩放因子（scaling_factor）=22，分布（distribution）=编码分布（encoding）
Enabled softmax/V attention-product noise for 12 layers (softmax sf=14, V sf=40, distribution=fresh)
已替换 12 层的GELU函数（GELU function）
已替换 12 层的Softmax函数（Softmax function）
已为 12 层启用输入噪声（Input noise），缩放因子（scaling_factor）=30，分布（distribution）=新采样（fresh）
已为 12 层启用查询投影噪声（query noise），缩放因子（scaling_factor）=22，分布（distribution）=编码分布（encoding）
已为 12 层启用键投影噪声（key noise），缩放因子（scaling_factor）=22，分布（distribution）=编码分布（encoding）
已为 12 层启用值投影噪声（value noise），缩放因子（scaling_factor）=22，分布（distribution）=编码分布（encoding）
已为 12 层启用注意力输出投影噪声（wo noise），缩放因子（scaling_factor）=22，分布（distribution）=编码分布（encoding）
已为 12 层启用前馈网络第一层噪声（wffn1 noise），缩放因子（scaling_factor）=24，分布（distribution）=编码分布（encoding）
已为 12 层启用前馈网络第二层噪声（wffn2 noise），缩放因子（scaling_factor）=22，分布（distribution）=编码分布（encoding）
Enabled softmax/V attention-product noise for 12 layers (softmax sf=14, V sf=40, distribution=fresh)
已替换 12 层的GELU函数（GELU function）
已替换 12 层的Softmax函数（Softmax function）
已为 12 层启用输入噪声（Input noise），缩放因子（scaling_factor）=30，分布（distribution）=新采样（fresh）
已为 12 层启用查询投影噪声（query noise），缩放因子（scaling_factor）=22，分布（distribution）=编码分布（encoding）
已为 12 层启用键投影噪声（key noise），缩放因子（scaling_factor）=22，分布（distribution）=编码分布（encoding）
已为 12 层启用值投影噪声（value noise），缩放因子（scaling_factor）=22，分布（distribution）=编码分布（encoding）
已为 12 层启用注意力输出投影噪声（wo noise），缩放因子（scaling_factor）=22，分布（distribution）=编码分布（encoding）
已为 12 层启用前馈网络第一层噪声（wffn1 noise），缩放因子（scaling_factor）=24，分布（distribution）=编码分布（encoding）
已为 12 层启用前馈网络第二层噪声（wffn2 noise），缩放因子（scaling_factor）=22，分布（distribution）=编码分布（encoding）
Enabled softmax/V attention-product noise for 12 layers (softmax sf=14, V sf=40, distribution=fresh)
已替换 12 层的GELU函数（GELU function）
已替换 12 层的Softmax函数（Softmax function）
已为 12 层启用输入噪声（Input noise），缩放因子（scaling_factor）=30，分布（distribution）=新采样（fresh）
已为 12 层启用查询投影噪声（query noise），缩放因子（scaling_factor）=22，分布（distribution）=编码分布（encoding）
已为 12 层启用键投影噪声（key noise），缩放因子（scaling_factor）=22，分布（distribution）=编码分布（encoding）
已为 12 层启用值投影噪声（value noise），缩放因子（scaling_factor）=22，分布（distribution）=编码分布（encoding）
已为 12 层启用注意力输出投影噪声（wo noise），缩放因子（scaling_factor）=22，分布（distribution）=编码分布（encoding）
已为 12 层启用前馈网络第一层噪声（wffn1 noise），缩放因子（scaling_factor）=24，分布（distribution）=编码分布（encoding）
已为 12 层启用前馈网络第二层噪声（wffn2 noise），缩放因子（scaling_factor）=22，分布（distribution）=编码分布（encoding）
Enabled softmax/V attention-product noise for 12 layers (softmax sf=14, V sf=40, distribution=fresh)
  softmax_sf=14, v_sf=40 => loss_mean=0.981698, loss_var=0.000806, m1_mean=0.475490, m1_var=0.000557, m2_mean=0.490657, m2_var=0.000558
已替换 12 层的GELU函数（GELU function）
已替换 12 层的Softmax函数（Softmax function）
已为 12 层启用输入噪声（Input noise），缩放因子（scaling_factor）=30，分布（distribution）=新采样（fresh）
已为 12 层启用查询投影噪声（query noise），缩放因子（scaling_factor）=22，分布（distribution）=编码分布（encoding）
已为 12 层启用键投影噪声（key noise），缩放因子（scaling_factor）=22，分布（distribution）=编码分布（encoding）
已为 12 层启用值投影噪声（value noise），缩放因子（scaling_factor）=22，分布（distribution）=编码分布（encoding）
已为 12 层启用注意力输出投影噪声（wo noise），缩放因子（scaling_factor）=22，分布（distribution）=编码分布（encoding）
已为 12 层启用前馈网络第一层噪声（wffn1 noise），缩放因子（scaling_factor）=24，分布（distribution）=编码分布（encoding）
已为 12 层启用前馈网络第二层噪声（wffn2 noise），缩放因子（scaling_factor）=22，分布（distribution）=编码分布（encoding）
Enabled softmax/V attention-product noise for 12 layers (softmax sf=14, V sf=42, distribution=fresh)
已替换 12 层的GELU函数（GELU function）
已替换 12 层的Softmax函数（Softmax function）
已为 12 层启用输入噪声（Input noise），缩放因子（scaling_factor）=30，分布（distribution）=新采样（fresh）
已为 12 层启用查询投影噪声（query noise），缩放因子（scaling_factor）=22，分布（distribution）=编码分布（encoding）
已为 12 层启用键投影噪声（key noise），缩放因子（scaling_factor）=22，分布（distribution）=编码分布（encoding）
已为 12 层启用值投影噪声（value noise），缩放因子（scaling_factor）=22，分布（distribution）=编码分布（encoding）
已为 12 层启用注意力输出投影噪声（wo noise），缩放因子（scaling_factor）=22，分布（distribution）=编码分布（encoding）
已为 12 层启用前馈网络第一层噪声（wffn1 noise），缩放因子（scaling_factor）=24，分布（distribution）=编码分布（encoding）
已为 12 层启用前馈网络第二层噪声（wffn2 noise），缩放因子（scaling_factor）=22，分布（distribution）=编码分布（encoding）
Enabled softmax/V attention-product noise for 12 layers (softmax sf=14, V sf=42, distribution=fresh)
已替换 12 层的GELU函数（GELU function）
已替换 12 层的Softmax函数（Softmax function）
已为 12 层启用输入噪声（Input noise），缩放因子（scaling_factor）=30，分布（distribution）=新采样（fresh）
已为 12 层启用查询投影噪声（query noise），缩放因子（scaling_factor）=22，分布（distribution）=编码分布（encoding）
已为 12 层启用键投影噪声（key noise），缩放因子（scaling_factor）=22，分布（distribution）=编码分布（encoding）
已为 12 层启用值投影噪声（value noise），缩放因子（scaling_factor）=22，分布（distribution）=编码分布（encoding）
已为 12 层启用注意力输出投影噪声（wo noise），缩放因子（scaling_factor）=22，分布（distribution）=编码分布（encoding）
已为 12 层启用前馈网络第一层噪声（wffn1 noise），缩放因子（scaling_factor）=24，分布（distribution）=编码分布（encoding）
已为 12 层启用前馈网络第二层噪声（wffn2 noise），缩放因子（scaling_factor）=22，分布（distribution）=编码分布（encoding）
Enabled softmax/V attention-product noise for 12 layers (softmax sf=14, V sf=42, distribution=fresh)
已替换 12 层的GELU函数（GELU function）
已替换 12 层的Softmax函数（Softmax function）
已为 12 层启用输入噪声（Input noise），缩放因子（scaling_factor）=30，分布（distribution）=新采样（fresh）
已为 12 层启用查询投影噪声（query noise），缩放因子（scaling_factor）=22，分布（distribution）=编码分布（encoding）
已为 12 层启用键投影噪声（key noise），缩放因子（scaling_factor）=22，分布（distribution）=编码分布（encoding）
已为 12 层启用值投影噪声（value noise），缩放因子（scaling_factor）=22，分布（distribution）=编码分布（encoding）
已为 12 层启用注意力输出投影噪声（wo noise），缩放因子（scaling_factor）=22，分布（distribution）=编码分布（encoding）
已为 12 层启用前馈网络第一层噪声（wffn1 noise），缩放因子（scaling_factor）=24，分布（distribution）=编码分布（encoding）
已为 12 层启用前馈网络第二层噪声（wffn2 noise），缩放因子（scaling_factor）=22，分布（distribution）=编码分布（encoding）
Enabled softmax/V attention-product noise for 12 layers (softmax sf=14, V sf=42, distribution=fresh)
已替换 12 层的GELU函数（GELU function）
已替换 12 层的Softmax函数（Softmax function）
已为 12 层启用输入噪声（Input noise），缩放因子（scaling_factor）=30，分布（distribution）=新采样（fresh）
已为 12 层启用查询投影噪声（query noise），缩放因子（scaling_factor）=22，分布（distribution）=编码分布（encoding）
已为 12 层启用键投影噪声（key noise），缩放因子（scaling_factor）=22，分布（distribution）=编码分布（encoding）
已为 12 层启用值投影噪声（value noise），缩放因子（scaling_factor）=22，分布（distribution）=编码分布（encoding）
已为 12 层启用注意力输出投影噪声（wo noise），缩放因子（scaling_factor）=22，分布（distribution）=编码分布（encoding）
已为 12 层启用前馈网络第一层噪声（wffn1 noise），缩放因子（scaling_factor）=24，分布（distribution）=编码分布（encoding）
已为 12 层启用前馈网络第二层噪声（wffn2 noise），缩放因子（scaling_factor）=22，分布（distribution）=编码分布（encoding）
Enabled softmax/V attention-product noise for 12 layers (softmax sf=14, V sf=42, distribution=fresh)
  softmax_sf=14, v_sf=42 => loss_mean=0.970040, loss_var=0.002235, m1_mean=0.475980, m1_var=0.000383, m2_mean=0.491228, m2_var=0.000418
已替换 12 层的GELU函数（GELU function）
已替换 12 层的Softmax函数（Softmax function）
已为 12 层启用输入噪声（Input noise），缩放因子（scaling_factor）=30，分布（distribution）=新采样（fresh）
已为 12 层启用查询投影噪声（query noise），缩放因子（scaling_factor）=22，分布（distribution）=编码分布（encoding）
已为 12 层启用键投影噪声（key noise），缩放因子（scaling_factor）=22，分布（distribution）=编码分布（encoding）
已为 12 层启用值投影噪声（value noise），缩放因子（scaling_factor）=22，分布（distribution）=编码分布（encoding）
已为 12 层启用注意力输出投影噪声（wo noise），缩放因子（scaling_factor）=22，分布（distribution）=编码分布（encoding）
已为 12 层启用前馈网络第一层噪声（wffn1 noise），缩放因子（scaling_factor）=24，分布（distribution）=编码分布（encoding）
已为 12 层启用前馈网络第二层噪声（wffn2 noise），缩放因子（scaling_factor）=22，分布（distribution）=编码分布（encoding）
Enabled softmax/V attention-product noise for 12 layers (softmax sf=14, V sf=44, distribution=fresh)
已替换 12 层的GELU函数（GELU function）
已替换 12 层的Softmax函数（Softmax function）
已为 12 层启用输入噪声（Input noise），缩放因子（scaling_factor）=30，分布（distribution）=新采样（fresh）
已为 12 层启用查询投影噪声（query noise），缩放因子（scaling_factor）=22，分布（distribution）=编码分布（encoding）
已为 12 层启用键投影噪声（key noise），缩放因子（scaling_factor）=22，分布（distribution）=编码分布（encoding）
已为 12 层启用值投影噪声（value noise），缩放因子（scaling_factor）=22，分布（distribution）=编码分布（encoding）
已为 12 层启用注意力输出投影噪声（wo noise），缩放因子（scaling_factor）=22，分布（distribution）=编码分布（encoding）
已为 12 层启用前馈网络第一层噪声（wffn1 noise），缩放因子（scaling_factor）=24，分布（distribution）=编码分布（encoding）
已为 12 层启用前馈网络第二层噪声（wffn2 noise），缩放因子（scaling_factor）=22，分布（distribution）=编码分布（encoding）
Enabled softmax/V attention-product noise for 12 layers (softmax sf=14, V sf=44, distribution=fresh)
已替换 12 层的GELU函数（GELU function）
已替换 12 层的Softmax函数（Softmax function）
已为 12 层启用输入噪声（Input noise），缩放因子（scaling_factor）=30，分布（distribution）=新采样（fresh）
已为 12 层启用查询投影噪声（query noise），缩放因子（scaling_factor）=22，分布（distribution）=编码分布（encoding）
已为 12 层启用键投影噪声（key noise），缩放因子（scaling_factor）=22，分布（distribution）=编码分布（encoding）
已为 12 层启用值投影噪声（value noise），缩放因子（scaling_factor）=22，分布（distribution）=编码分布（encoding）
已为 12 层启用注意力输出投影噪声（wo noise），缩放因子（scaling_factor）=22，分布（distribution）=编码分布（encoding）
已为 12 层启用前馈网络第一层噪声（wffn1 noise），缩放因子（scaling_factor）=24，分布（distribution）=编码分布（encoding）
已为 12 层启用前馈网络第二层噪声（wffn2 noise），缩放因子（scaling_factor）=22，分布（distribution）=编码分布（encoding）
Enabled softmax/V attention-product noise for 12 layers (softmax sf=14, V sf=44, distribution=fresh)
已替换 12 层的GELU函数（GELU function）
已替换 12 层的Softmax函数（Softmax function）
已为 12 层启用输入噪声（Input noise），缩放因子（scaling_factor）=30，分布（distribution）=新采样（fresh）
已为 12 层启用查询投影噪声（query noise），缩放因子（scaling_factor）=22，分布（distribution）=编码分布（encoding）
已为 12 层启用键投影噪声（key noise），缩放因子（scaling_factor）=22，分布（distribution）=编码分布（encoding）
已为 12 层启用值投影噪声（value noise），缩放因子（scaling_factor）=22，分布（distribution）=编码分布（encoding）
已为 12 层启用注意力输出投影噪声（wo noise），缩放因子（scaling_factor）=22，分布（distribution）=编码分布（encoding）
已为 12 层启用前馈网络第一层噪声（wffn1 noise），缩放因子（scaling_factor）=24，分布（distribution）=编码分布（encoding）
已为 12 层启用前馈网络第二层噪声（wffn2 noise），缩放因子（scaling_factor）=22，分布（distribution）=编码分布（encoding）
Enabled softmax/V attention-product noise for 12 layers (softmax sf=14, V sf=44, distribution=fresh)
已替换 12 层的GELU函数（GELU function）
已替换 12 层的Softmax函数（Softmax function）
已为 12 层启用输入噪声（Input noise），缩放因子（scaling_factor）=30，分布（distribution）=新采样（fresh）
已为 12 层启用查询投影噪声（query noise），缩放因子（scaling_factor）=22，分布（distribution）=编码分布（encoding）
已为 12 层启用键投影噪声（key noise），缩放因子（scaling_factor）=22，分布（distribution）=编码分布（encoding）
已为 12 层启用值投影噪声（value noise），缩放因子（scaling_factor）=22，分布（distribution）=编码分布（encoding）
已为 12 层启用注意力输出投影噪声（wo noise），缩放因子（scaling_factor）=22，分布（distribution）=编码分布（encoding）
已为 12 层启用前馈网络第一层噪声（wffn1 noise），缩放因子（scaling_factor）=24，分布（distribution）=编码分布（encoding）
已为 12 层启用前馈网络第二层噪声（wffn2 noise），缩放因子（scaling_factor）=22，分布（distribution）=编码分布（encoding）
Enabled softmax/V attention-product noise for 12 layers (softmax sf=14, V sf=44, distribution=fresh)
  softmax_sf=14, v_sf=44 => loss_mean=0.973792, loss_var=0.000479, m1_mean=0.467647, m1_var=0.000258, m2_mean=0.484228, m2_var=0.000263
已替换 12 层的GELU函数（GELU function）
已替换 12 层的Softmax函数（Softmax function）
已为 12 层启用输入噪声（Input noise），缩放因子（scaling_factor）=30，分布（distribution）=新采样（fresh）
已为 12 层启用查询投影噪声（query noise），缩放因子（scaling_factor）=22，分布（distribution）=编码分布（encoding）
已为 12 层启用键投影噪声（key noise），缩放因子（scaling_factor）=22，分布（distribution）=编码分布（encoding）
已为 12 层启用值投影噪声（value noise），缩放因子（scaling_factor）=22，分布（distribution）=编码分布（encoding）
已为 12 层启用注意力输出投影噪声（wo noise），缩放因子（scaling_factor）=22，分布（distribution）=编码分布（encoding）
已为 12 层启用前馈网络第一层噪声（wffn1 noise），缩放因子（scaling_factor）=24，分布（distribution）=编码分布（encoding）
已为 12 层启用前馈网络第二层噪声（wffn2 noise），缩放因子（scaling_factor）=22，分布（distribution）=编码分布（encoding）
Enabled softmax/V attention-product noise for 12 layers (softmax sf=14, V sf=46, distribution=fresh)
已替换 12 层的GELU函数（GELU function）
已替换 12 层的Softmax函数（Softmax function）
已为 12 层启用输入噪声（Input noise），缩放因子（scaling_factor）=30，分布（distribution）=新采样（fresh）
已为 12 层启用查询投影噪声（query noise），缩放因子（scaling_factor）=22，分布（distribution）=编码分布（encoding）
已为 12 层启用键投影噪声（key noise），缩放因子（scaling_factor）=22，分布（distribution）=编码分布（encoding）
已为 12 层启用值投影噪声（value noise），缩放因子（scaling_factor）=22，分布（distribution）=编码分布（encoding）
已为 12 层启用注意力输出投影噪声（wo noise），缩放因子（scaling_factor）=22，分布（distribution）=编码分布（encoding）
已为 12 层启用前馈网络第一层噪声（wffn1 noise），缩放因子（scaling_factor）=24，分布（distribution）=编码分布（encoding）
已为 12 层启用前馈网络第二层噪声（wffn2 noise），缩放因子（scaling_factor）=22，分布（distribution）=编码分布（encoding）
Enabled softmax/V attention-product noise for 12 layers (softmax sf=14, V sf=46, distribution=fresh)
已替换 12 层的GELU函数（GELU function）
已替换 12 层的Softmax函数（Softmax function）
已为 12 层启用输入噪声（Input noise），缩放因子（scaling_factor）=30，分布（distribution）=新采样（fresh）
已为 12 层启用查询投影噪声（query noise），缩放因子（scaling_factor）=22，分布（distribution）=编码分布（encoding）
已为 12 层启用键投影噪声（key noise），缩放因子（scaling_factor）=22，分布（distribution）=编码分布（encoding）
已为 12 层启用值投影噪声（value noise），缩放因子（scaling_factor）=22，分布（distribution）=编码分布（encoding）
已为 12 层启用注意力输出投影噪声（wo noise），缩放因子（scaling_factor）=22，分布（distribution）=编码分布（encoding）
已为 12 层启用前馈网络第一层噪声（wffn1 noise），缩放因子（scaling_factor）=24，分布（distribution）=编码分布（encoding）
已为 12 层启用前馈网络第二层噪声（wffn2 noise），缩放因子（scaling_factor）=22，分布（distribution）=编码分布（encoding）
Enabled softmax/V attention-product noise for 12 layers (softmax sf=14, V sf=46, distribution=fresh)
已替换 12 层的GELU函数（GELU function）
已替换 12 层的Softmax函数（Softmax function）
已为 12 层启用输入噪声（Input noise），缩放因子（scaling_factor）=30，分布（distribution）=新采样（fresh）
已为 12 层启用查询投影噪声（query noise），缩放因子（scaling_factor）=22，分布（distribution）=编码分布（encoding）
已为 12 层启用键投影噪声（key noise），缩放因子（scaling_factor）=22，分布（distribution）=编码分布（encoding）
已为 12 层启用值投影噪声（value noise），缩放因子（scaling_factor）=22，分布（distribution）=编码分布（encoding）
已为 12 层启用注意力输出投影噪声（wo noise），缩放因子（scaling_factor）=22，分布（distribution）=编码分布（encoding）
已为 12 层启用前馈网络第一层噪声（wffn1 noise），缩放因子（scaling_factor）=24，分布（distribution）=编码分布（encoding）
已为 12 层启用前馈网络第二层噪声（wffn2 noise），缩放因子（scaling_factor）=22，分布（distribution）=编码分布（encoding）
Enabled softmax/V attention-product noise for 12 layers (softmax sf=14, V sf=46, distribution=fresh)
已替换 12 层的GELU函数（GELU function）
已替换 12 层的Softmax函数（Softmax function）
已为 12 层启用输入噪声（Input noise），缩放因子（scaling_factor）=30，分布（distribution）=新采样（fresh）
已为 12 层启用查询投影噪声（query noise），缩放因子（scaling_factor）=22，分布（distribution）=编码分布（encoding）
已为 12 层启用键投影噪声（key noise），缩放因子（scaling_factor）=22，分布（distribution）=编码分布（encoding）
已为 12 层启用值投影噪声（value noise），缩放因子（scaling_factor）=22，分布（distribution）=编码分布（encoding）
已为 12 层启用注意力输出投影噪声（wo noise），缩放因子（scaling_factor）=22，分布（distribution）=编码分布（encoding）
已为 12 层启用前馈网络第一层噪声（wffn1 noise），缩放因子（scaling_factor）=24，分布（distribution）=编码分布（encoding）
已为 12 层启用前馈网络第二层噪声（wffn2 noise），缩放因子（scaling_factor）=22，分布（distribution）=编码分布（encoding）
Enabled softmax/V attention-product noise for 12 layers (softmax sf=14, V sf=46, distribution=fresh)
  softmax_sf=14, v_sf=46 => loss_mean=0.935671, loss_var=0.000491, m1_mean=0.496078, m1_var=0.000629, m2_mean=0.512256, m2_var=0.000598
已替换 12 层的GELU函数（GELU function）
已替换 12 层的Softmax函数（Softmax function）
已为 12 层启用输入噪声（Input noise），缩放因子（scaling_factor）=30，分布（distribution）=新采样（fresh）
已为 12 层启用查询投影噪声（query noise），缩放因子（scaling_factor）=22，分布（distribution）=编码分布（encoding）
已为 12 层启用键投影噪声（key noise），缩放因子（scaling_factor）=22，分布（distribution）=编码分布（encoding）
已为 12 层启用值投影噪声（value noise），缩放因子（scaling_factor）=22，分布（distribution）=编码分布（encoding）
已为 12 层启用注意力输出投影噪声（wo noise），缩放因子（scaling_factor）=22，分布（distribution）=编码分布（encoding）
已为 12 层启用前馈网络第一层噪声（wffn1 noise），缩放因子（scaling_factor）=24，分布（distribution）=编码分布（encoding）
已为 12 层启用前馈网络第二层噪声（wffn2 noise），缩放因子（scaling_factor）=22，分布（distribution）=编码分布（encoding）
Enabled softmax/V attention-product noise for 12 layers (softmax sf=14, V sf=48, distribution=fresh)
已替换 12 层的GELU函数（GELU function）
已替换 12 层的Softmax函数（Softmax function）
已为 12 层启用输入噪声（Input noise），缩放因子（scaling_factor）=30，分布（distribution）=新采样（fresh）
已为 12 层启用查询投影噪声（query noise），缩放因子（scaling_factor）=22，分布（distribution）=编码分布（encoding）
已为 12 层启用键投影噪声（key noise），缩放因子（scaling_factor）=22，分布（distribution）=编码分布（encoding）
已为 12 层启用值投影噪声（value noise），缩放因子（scaling_factor）=22，分布（distribution）=编码分布（encoding）
已为 12 层启用注意力输出投影噪声（wo noise），缩放因子（scaling_factor）=22，分布（distribution）=编码分布（encoding）
已为 12 层启用前馈网络第一层噪声（wffn1 noise），缩放因子（scaling_factor）=24，分布（distribution）=编码分布（encoding）
已为 12 层启用前馈网络第二层噪声（wffn2 noise），缩放因子（scaling_factor）=22，分布（distribution）=编码分布（encoding）
Enabled softmax/V attention-product noise for 12 layers (softmax sf=14, V sf=48, distribution=fresh)
已替换 12 层的GELU函数（GELU function）
已替换 12 层的Softmax函数（Softmax function）
已为 12 层启用输入噪声（Input noise），缩放因子（scaling_factor）=30，分布（distribution）=新采样（fresh）
已为 12 层启用查询投影噪声（query noise），缩放因子（scaling_factor）=22，分布（distribution）=编码分布（encoding）
已为 12 层启用键投影噪声（key noise），缩放因子（scaling_factor）=22，分布（distribution）=编码分布（encoding）
已为 12 层启用值投影噪声（value noise），缩放因子（scaling_factor）=22，分布（distribution）=编码分布（encoding）
已为 12 层启用注意力输出投影噪声（wo noise），缩放因子（scaling_factor）=22，分布（distribution）=编码分布（encoding）
已为 12 层启用前馈网络第一层噪声（wffn1 noise），缩放因子（scaling_factor）=24，分布（distribution）=编码分布（encoding）
已为 12 层启用前馈网络第二层噪声（wffn2 noise），缩放因子（scaling_factor）=22，分布（distribution）=编码分布（encoding）
Enabled softmax/V attention-product noise for 12 layers (softmax sf=14, V sf=48, distribution=fresh)
已替换 12 层的GELU函数（GELU function）
已替换 12 层的Softmax函数（Softmax function）
已为 12 层启用输入噪声（Input noise），缩放因子（scaling_factor）=30，分布（distribution）=新采样（fresh）
已为 12 层启用查询投影噪声（query noise），缩放因子（scaling_factor）=22，分布（distribution）=编码分布（encoding）
已为 12 层启用键投影噪声（key noise），缩放因子（scaling_factor）=22，分布（distribution）=编码分布（encoding）
已为 12 层启用值投影噪声（value noise），缩放因子（scaling_factor）=22，分布（distribution）=编码分布（encoding）
已为 12 层启用注意力输出投影噪声（wo noise），缩放因子（scaling_factor）=22，分布（distribution）=编码分布（encoding）
已为 12 层启用前馈网络第一层噪声（wffn1 noise），缩放因子（scaling_factor）=24，分布（distribution）=编码分布（encoding）
已为 12 层启用前馈网络第二层噪声（wffn2 noise），缩放因子（scaling_factor）=22，分布（distribution）=编码分布（encoding）
Enabled softmax/V attention-product noise for 12 layers (softmax sf=14, V sf=48, distribution=fresh)
已替换 12 层的GELU函数（GELU function）
已替换 12 层的Softmax函数（Softmax function）
已为 12 层启用输入噪声（Input noise），缩放因子（scaling_factor）=30，分布（distribution）=新采样（fresh）
已为 12 层启用查询投影噪声（query noise），缩放因子（scaling_factor）=22，分布（distribution）=编码分布（encoding）
已为 12 层启用键投影噪声（key noise），缩放因子（scaling_factor）=22，分布（distribution）=编码分布（encoding）
已为 12 层启用值投影噪声（value noise），缩放因子（scaling_factor）=22，分布（distribution）=编码分布（encoding）
已为 12 层启用注意力输出投影噪声（wo noise），缩放因子（scaling_factor）=22，分布（distribution）=编码分布（encoding）
已为 12 层启用前馈网络第一层噪声（wffn1 noise），缩放因子（scaling_factor）=24，分布（distribution）=编码分布（encoding）
已为 12 层启用前馈网络第二层噪声（wffn2 noise），缩放因子（scaling_factor）=22，分布（distribution）=编码分布（encoding）
Enabled softmax/V attention-product noise for 12 layers (softmax sf=14, V sf=48, distribution=fresh)
  softmax_sf=14, v_sf=48 => loss_mean=0.971142, loss_var=0.001621, m1_mean=0.475490, m1_var=0.000714, m2_mean=0.491664, m2_var=0.000706
已替换 12 层的GELU函数（GELU function）
已替换 12 层的Softmax函数（Softmax function）
已为 12 层启用输入噪声（Input noise），缩放因子（scaling_factor）=30，分布（distribution）=新采样（fresh）
已为 12 层启用查询投影噪声（query noise），缩放因子（scaling_factor）=22，分布（distribution）=编码分布（encoding）
已为 12 层启用键投影噪声（key noise），缩放因子（scaling_factor）=22，分布（distribution）=编码分布（encoding）
已为 12 层启用值投影噪声（value noise），缩放因子（scaling_factor）=22，分布（distribution）=编码分布（encoding）
已为 12 层启用注意力输出投影噪声（wo noise），缩放因子（scaling_factor）=22，分布（distribution）=编码分布（encoding）
已为 12 层启用前馈网络第一层噪声（wffn1 noise），缩放因子（scaling_factor）=24，分布（distribution）=编码分布（encoding）
已为 12 层启用前馈网络第二层噪声（wffn2 noise），缩放因子（scaling_factor）=22，分布（distribution）=编码分布（encoding）
Enabled softmax/V attention-product noise for 12 layers (softmax sf=16, V sf=10, distribution=fresh)
已替换 12 层的GELU函数（GELU function）
已替换 12 层的Softmax函数（Softmax function）
已为 12 层启用输入噪声（Input noise），缩放因子（scaling_factor）=30，分布（distribution）=新采样（fresh）
已为 12 层启用查询投影噪声（query noise），缩放因子（scaling_factor）=22，分布（distribution）=编码分布（encoding）
已为 12 层启用键投影噪声（key noise），缩放因子（scaling_factor）=22，分布（distribution）=编码分布（encoding）
已为 12 层启用值投影噪声（value noise），缩放因子（scaling_factor）=22，分布（distribution）=编码分布（encoding）
已为 12 层启用注意力输出投影噪声（wo noise），缩放因子（scaling_factor）=22，分布（distribution）=编码分布（encoding）
已为 12 层启用前馈网络第一层噪声（wffn1 noise），缩放因子（scaling_factor）=24，分布（distribution）=编码分布（encoding）
已为 12 层启用前馈网络第二层噪声（wffn2 noise），缩放因子（scaling_factor）=22，分布（distribution）=编码分布（encoding）
Enabled softmax/V attention-product noise for 12 layers (softmax sf=16, V sf=10, distribution=fresh)
已替换 12 层的GELU函数（GELU function）
已替换 12 层的Softmax函数（Softmax function）
已为 12 层启用输入噪声（Input noise），缩放因子（scaling_factor）=30，分布（distribution）=新采样（fresh）
已为 12 层启用查询投影噪声（query noise），缩放因子（scaling_factor）=22，分布（distribution）=编码分布（encoding）
已为 12 层启用键投影噪声（key noise），缩放因子（scaling_factor）=22，分布（distribution）=编码分布（encoding）
已为 12 层启用值投影噪声（value noise），缩放因子（scaling_factor）=22，分布（distribution）=编码分布（encoding）
已为 12 层启用注意力输出投影噪声（wo noise），缩放因子（scaling_factor）=22，分布（distribution）=编码分布（encoding）
已为 12 层启用前馈网络第一层噪声（wffn1 noise），缩放因子（scaling_factor）=24，分布（distribution）=编码分布（encoding）
已为 12 层启用前馈网络第二层噪声（wffn2 noise），缩放因子（scaling_factor）=22，分布（distribution）=编码分布（encoding）
Enabled softmax/V attention-product noise for 12 layers (softmax sf=16, V sf=10, distribution=fresh)
已替换 12 层的GELU函数（GELU function）
已替换 12 层的Softmax函数（Softmax function）
已为 12 层启用输入噪声（Input noise），缩放因子（scaling_factor）=30，分布（distribution）=新采样（fresh）
已为 12 层启用查询投影噪声（query noise），缩放因子（scaling_factor）=22，分布（distribution）=编码分布（encoding）
已为 12 层启用键投影噪声（key noise），缩放因子（scaling_factor）=22，分布（distribution）=编码分布（encoding）
已为 12 层启用值投影噪声（value noise），缩放因子（scaling_factor）=22，分布（distribution）=编码分布（encoding）
已为 12 层启用注意力输出投影噪声（wo noise），缩放因子（scaling_factor）=22，分布（distribution）=编码分布（encoding）
已为 12 层启用前馈网络第一层噪声（wffn1 noise），缩放因子（scaling_factor）=24，分布（distribution）=编码分布（encoding）
已为 12 层启用前馈网络第二层噪声（wffn2 noise），缩放因子（scaling_factor）=22，分布（distribution）=编码分布（encoding）
Enabled softmax/V attention-product noise for 12 layers (softmax sf=16, V sf=10, distribution=fresh)
已替换 12 层的GELU函数（GELU function）
已替换 12 层的Softmax函数（Softmax function）
已为 12 层启用输入噪声（Input noise），缩放因子（scaling_factor）=30，分布（distribution）=新采样（fresh）
已为 12 层启用查询投影噪声（query noise），缩放因子（scaling_factor）=22，分布（distribution）=编码分布（encoding）
已为 12 层启用键投影噪声（key noise），缩放因子（scaling_factor）=22，分布（distribution）=编码分布（encoding）
已为 12 层启用值投影噪声（value noise），缩放因子（scaling_factor）=22，分布（distribution）=编码分布（encoding）
已为 12 层启用注意力输出投影噪声（wo noise），缩放因子（scaling_factor）=22，分布（distribution）=编码分布（encoding）
已为 12 层启用前馈网络第一层噪声（wffn1 noise），缩放因子（scaling_factor）=24，分布（distribution）=编码分布（encoding）
已为 12 层启用前馈网络第二层噪声（wffn2 noise），缩放因子（scaling_factor）=22，分布（distribution）=编码分布（encoding）
Enabled softmax/V attention-product noise for 12 layers (softmax sf=16, V sf=10, distribution=fresh)
  softmax_sf=16, v_sf=10 => loss_mean=0.825654, loss_var=0.000995, m1_mean=0.463235, m1_var=0.000368, m2_mean=0.474017, m2_var=0.000427
已替换 12 层的GELU函数（GELU function）
已替换 12 层的Softmax函数（Softmax function）
已为 12 层启用输入噪声（Input noise），缩放因子（scaling_factor）=30，分布（distribution）=新采样（fresh）
已为 12 层启用查询投影噪声（query noise），缩放因子（scaling_factor）=22，分布（distribution）=编码分布（encoding）
已为 12 层启用键投影噪声（key noise），缩放因子（scaling_factor）=22，分布（distribution）=编码分布（encoding）
已为 12 层启用值投影噪声（value noise），缩放因子（scaling_factor）=22，分布（distribution）=编码分布（encoding）
已为 12 层启用注意力输出投影噪声（wo noise），缩放因子（scaling_factor）=22，分布（distribution）=编码分布（encoding）
已为 12 层启用前馈网络第一层噪声（wffn1 noise），缩放因子（scaling_factor）=24，分布（distribution）=编码分布（encoding）
已为 12 层启用前馈网络第二层噪声（wffn2 noise），缩放因子（scaling_factor）=22，分布（distribution）=编码分布（encoding）
Enabled softmax/V attention-product noise for 12 layers (softmax sf=16, V sf=12, distribution=fresh)
已替换 12 层的GELU函数（GELU function）
已替换 12 层的Softmax函数（Softmax function）
已为 12 层启用输入噪声（Input noise），缩放因子（scaling_factor）=30，分布（distribution）=新采样（fresh）
已为 12 层启用查询投影噪声（query noise），缩放因子（scaling_factor）=22，分布（distribution）=编码分布（encoding）
已为 12 层启用键投影噪声（key noise），缩放因子（scaling_factor）=22，分布（distribution）=编码分布（encoding）
已为 12 层启用值投影噪声（value noise），缩放因子（scaling_factor）=22，分布（distribution）=编码分布（encoding）
已为 12 层启用注意力输出投影噪声（wo noise），缩放因子（scaling_factor）=22，分布（distribution）=编码分布（encoding）
已为 12 层启用前馈网络第一层噪声（wffn1 noise），缩放因子（scaling_factor）=24，分布（distribution）=编码分布（encoding）
已为 12 层启用前馈网络第二层噪声（wffn2 noise），缩放因子（scaling_factor）=22，分布（distribution）=编码分布（encoding）
Enabled softmax/V attention-product noise for 12 layers (softmax sf=16, V sf=12, distribution=fresh)
已替换 12 层的GELU函数（GELU function）
已替换 12 层的Softmax函数（Softmax function）
已为 12 层启用输入噪声（Input noise），缩放因子（scaling_factor）=30，分布（distribution）=新采样（fresh）
已为 12 层启用查询投影噪声（query noise），缩放因子（scaling_factor）=22，分布（distribution）=编码分布（encoding）
已为 12 层启用键投影噪声（key noise），缩放因子（scaling_factor）=22，分布（distribution）=编码分布（encoding）
已为 12 层启用值投影噪声（value noise），缩放因子（scaling_factor）=22，分布（distribution）=编码分布（encoding）
已为 12 层启用注意力输出投影噪声（wo noise），缩放因子（scaling_factor）=22，分布（distribution）=编码分布（encoding）
已为 12 层启用前馈网络第一层噪声（wffn1 noise），缩放因子（scaling_factor）=24，分布（distribution）=编码分布（encoding）
已为 12 层启用前馈网络第二层噪声（wffn2 noise），缩放因子（scaling_factor）=22，分布（distribution）=编码分布（encoding）
Enabled softmax/V attention-product noise for 12 layers (softmax sf=16, V sf=12, distribution=fresh)
已替换 12 层的GELU函数（GELU function）
已替换 12 层的Softmax函数（Softmax function）
已为 12 层启用输入噪声（Input noise），缩放因子（scaling_factor）=30，分布（distribution）=新采样（fresh）
已为 12 层启用查询投影噪声（query noise），缩放因子（scaling_factor）=22，分布（distribution）=编码分布（encoding）
已为 12 层启用键投影噪声（key noise），缩放因子（scaling_factor）=22，分布（distribution）=编码分布（encoding）
已为 12 层启用值投影噪声（value noise），缩放因子（scaling_factor）=22，分布（distribution）=编码分布（encoding）
已为 12 层启用注意力输出投影噪声（wo noise），缩放因子（scaling_factor）=22，分布（distribution）=编码分布（encoding）
已为 12 层启用前馈网络第一层噪声（wffn1 noise），缩放因子（scaling_factor）=24，分布（distribution）=编码分布（encoding）
已为 12 层启用前馈网络第二层噪声（wffn2 noise），缩放因子（scaling_factor）=22，分布（distribution）=编码分布（encoding）
Enabled softmax/V attention-product noise for 12 layers (softmax sf=16, V sf=12, distribution=fresh)
已替换 12 层的GELU函数（GELU function）
已替换 12 层的Softmax函数（Softmax function）
已为 12 层启用输入噪声（Input noise），缩放因子（scaling_factor）=30，分布（distribution）=新采样（fresh）
已为 12 层启用查询投影噪声（query noise），缩放因子（scaling_factor）=22，分布（distribution）=编码分布（encoding）
已为 12 层启用键投影噪声（key noise），缩放因子（scaling_factor）=22，分布（distribution）=编码分布（encoding）
已为 12 层启用值投影噪声（value noise），缩放因子（scaling_factor）=22，分布（distribution）=编码分布（encoding）
已为 12 层启用注意力输出投影噪声（wo noise），缩放因子（scaling_factor）=22，分布（distribution）=编码分布（encoding）
已为 12 层启用前馈网络第一层噪声（wffn1 noise），缩放因子（scaling_factor）=24，分布（distribution）=编码分布（encoding）
已为 12 层启用前馈网络第二层噪声（wffn2 noise），缩放因子（scaling_factor）=22，分布（distribution）=编码分布（encoding）
Enabled softmax/V attention-product noise for 12 layers (softmax sf=16, V sf=12, distribution=fresh)
  softmax_sf=16, v_sf=12 => loss_mean=0.810692, loss_var=0.000212, m1_mean=0.477941, m1_var=0.000320, m2_mean=0.490730, m2_var=0.000338
已替换 12 层的GELU函数（GELU function）
已替换 12 层的Softmax函数（Softmax function）
已为 12 层启用输入噪声（Input noise），缩放因子（scaling_factor）=30，分布（distribution）=新采样（fresh）
已为 12 层启用查询投影噪声（query noise），缩放因子（scaling_factor）=22，分布（distribution）=编码分布（encoding）
已为 12 层启用键投影噪声（key noise），缩放因子（scaling_factor）=22，分布（distribution）=编码分布（encoding）
已为 12 层启用值投影噪声（value noise），缩放因子（scaling_factor）=22，分布（distribution）=编码分布（encoding）
已为 12 层启用注意力输出投影噪声（wo noise），缩放因子（scaling_factor）=22，分布（distribution）=编码分布（encoding）
已为 12 层启用前馈网络第一层噪声（wffn1 noise），缩放因子（scaling_factor）=24，分布（distribution）=编码分布（encoding）
已为 12 层启用前馈网络第二层噪声（wffn2 noise），缩放因子（scaling_factor）=22，分布（distribution）=编码分布（encoding）
Enabled softmax/V attention-product noise for 12 layers (softmax sf=16, V sf=14, distribution=fresh)
已替换 12 层的GELU函数（GELU function）
已替换 12 层的Softmax函数（Softmax function）
已为 12 层启用输入噪声（Input noise），缩放因子（scaling_factor）=30，分布（distribution）=新采样（fresh）
已为 12 层启用查询投影噪声（query noise），缩放因子（scaling_factor）=22，分布（distribution）=编码分布（encoding）
已为 12 层启用键投影噪声（key noise），缩放因子（scaling_factor）=22，分布（distribution）=编码分布（encoding）
已为 12 层启用值投影噪声（value noise），缩放因子（scaling_factor）=22，分布（distribution）=编码分布（encoding）
已为 12 层启用注意力输出投影噪声（wo noise），缩放因子（scaling_factor）=22，分布（distribution）=编码分布（encoding）
已为 12 层启用前馈网络第一层噪声（wffn1 noise），缩放因子（scaling_factor）=24，分布（distribution）=编码分布（encoding）
已为 12 层启用前馈网络第二层噪声（wffn2 noise），缩放因子（scaling_factor）=22，分布（distribution）=编码分布（encoding）
Enabled softmax/V attention-product noise for 12 layers (softmax sf=16, V sf=14, distribution=fresh)
已替换 12 层的GELU函数（GELU function）
已替换 12 层的Softmax函数（Softmax function）
已为 12 层启用输入噪声（Input noise），缩放因子（scaling_factor）=30，分布（distribution）=新采样（fresh）
已为 12 层启用查询投影噪声（query noise），缩放因子（scaling_factor）=22，分布（distribution）=编码分布（encoding）
已为 12 层启用键投影噪声（key noise），缩放因子（scaling_factor）=22，分布（distribution）=编码分布（encoding）
已为 12 层启用值投影噪声（value noise），缩放因子（scaling_factor）=22，分布（distribution）=编码分布（encoding）
已为 12 层启用注意力输出投影噪声（wo noise），缩放因子（scaling_factor）=22，分布（distribution）=编码分布（encoding）
已为 12 层启用前馈网络第一层噪声（wffn1 noise），缩放因子（scaling_factor）=24，分布（distribution）=编码分布（encoding）
已为 12 层启用前馈网络第二层噪声（wffn2 noise），缩放因子（scaling_factor）=22，分布（distribution）=编码分布（encoding）
Enabled softmax/V attention-product noise for 12 layers (softmax sf=16, V sf=14, distribution=fresh)
已替换 12 层的GELU函数（GELU function）
已替换 12 层的Softmax函数（Softmax function）
已为 12 层启用输入噪声（Input noise），缩放因子（scaling_factor）=30，分布（distribution）=新采样（fresh）
已为 12 层启用查询投影噪声（query noise），缩放因子（scaling_factor）=22，分布（distribution）=编码分布（encoding）
已为 12 层启用键投影噪声（key noise），缩放因子（scaling_factor）=22，分布（distribution）=编码分布（encoding）
已为 12 层启用值投影噪声（value noise），缩放因子（scaling_factor）=22，分布（distribution）=编码分布（encoding）
已为 12 层启用注意力输出投影噪声（wo noise），缩放因子（scaling_factor）=22，分布（distribution）=编码分布（encoding）
已为 12 层启用前馈网络第一层噪声（wffn1 noise），缩放因子（scaling_factor）=24，分布（distribution）=编码分布（encoding）
已为 12 层启用前馈网络第二层噪声（wffn2 noise），缩放因子（scaling_factor）=22，分布（distribution）=编码分布（encoding）
Enabled softmax/V attention-product noise for 12 layers (softmax sf=16, V sf=14, distribution=fresh)
已替换 12 层的GELU函数（GELU function）
已替换 12 层的Softmax函数（Softmax function）
已为 12 层启用输入噪声（Input noise），缩放因子（scaling_factor）=30，分布（distribution）=新采样（fresh）
已为 12 层启用查询投影噪声（query noise），缩放因子（scaling_factor）=22，分布（distribution）=编码分布（encoding）
已为 12 层启用键投影噪声（key noise），缩放因子（scaling_factor）=22，分布（distribution）=编码分布（encoding）
已为 12 层启用值投影噪声（value noise），缩放因子（scaling_factor）=22，分布（distribution）=编码分布（encoding）
已为 12 层启用注意力输出投影噪声（wo noise），缩放因子（scaling_factor）=22，分布（distribution）=编码分布（encoding）
已为 12 层启用前馈网络第一层噪声（wffn1 noise），缩放因子（scaling_factor）=24，分布（distribution）=编码分布（encoding）
已为 12 层启用前馈网络第二层噪声（wffn2 noise），缩放因子（scaling_factor）=22，分布（distribution）=编码分布（encoding）
Enabled softmax/V attention-product noise for 12 layers (softmax sf=16, V sf=14, distribution=fresh)
  softmax_sf=16, v_sf=14 => loss_mean=0.837173, loss_var=0.000403, m1_mean=0.472059, m1_var=0.000549, m2_mean=0.485272, m2_var=0.000547
已替换 12 层的GELU函数（GELU function）
已替换 12 层的Softmax函数（Softmax function）
已为 12 层启用输入噪声（Input noise），缩放因子（scaling_factor）=30，分布（distribution）=新采样（fresh）
已为 12 层启用查询投影噪声（query noise），缩放因子（scaling_factor）=22，分布（distribution）=编码分布（encoding）
已为 12 层启用键投影噪声（key noise），缩放因子（scaling_factor）=22，分布（distribution）=编码分布（encoding）
已为 12 层启用值投影噪声（value noise），缩放因子（scaling_factor）=22，分布（distribution）=编码分布（encoding）
已为 12 层启用注意力输出投影噪声（wo noise），缩放因子（scaling_factor）=22，分布（distribution）=编码分布（encoding）
已为 12 层启用前馈网络第一层噪声（wffn1 noise），缩放因子（scaling_factor）=24，分布（distribution）=编码分布（encoding）
已为 12 层启用前馈网络第二层噪声（wffn2 noise），缩放因子（scaling_factor）=22，分布（distribution）=编码分布（encoding）
Enabled softmax/V attention-product noise for 12 layers (softmax sf=16, V sf=16, distribution=fresh)
已替换 12 层的GELU函数（GELU function）
已替换 12 层的Softmax函数（Softmax function）
已为 12 层启用输入噪声（Input noise），缩放因子（scaling_factor）=30，分布（distribution）=新采样（fresh）
已为 12 层启用查询投影噪声（query noise），缩放因子（scaling_factor）=22，分布（distribution）=编码分布（encoding）
已为 12 层启用键投影噪声（key noise），缩放因子（scaling_factor）=22，分布（distribution）=编码分布（encoding）
已为 12 层启用值投影噪声（value noise），缩放因子（scaling_factor）=22，分布（distribution）=编码分布（encoding）
已为 12 层启用注意力输出投影噪声（wo noise），缩放因子（scaling_factor）=22，分布（distribution）=编码分布（encoding）
已为 12 层启用前馈网络第一层噪声（wffn1 noise），缩放因子（scaling_factor）=24，分布（distribution）=编码分布（encoding）
已为 12 层启用前馈网络第二层噪声（wffn2 noise），缩放因子（scaling_factor）=22，分布（distribution）=编码分布（encoding）
Enabled softmax/V attention-product noise for 12 layers (softmax sf=16, V sf=16, distribution=fresh)
已替换 12 层的GELU函数（GELU function）
已替换 12 层的Softmax函数（Softmax function）
已为 12 层启用输入噪声（Input noise），缩放因子（scaling_factor）=30，分布（distribution）=新采样（fresh）
已为 12 层启用查询投影噪声（query noise），缩放因子（scaling_factor）=22，分布（distribution）=编码分布（encoding）
已为 12 层启用键投影噪声（key noise），缩放因子（scaling_factor）=22，分布（distribution）=编码分布（encoding）
已为 12 层启用值投影噪声（value noise），缩放因子（scaling_factor）=22，分布（distribution）=编码分布（encoding）
已为 12 层启用注意力输出投影噪声（wo noise），缩放因子（scaling_factor）=22，分布（distribution）=编码分布（encoding）
已为 12 层启用前馈网络第一层噪声（wffn1 noise），缩放因子（scaling_factor）=24，分布（distribution）=编码分布（encoding）
已为 12 层启用前馈网络第二层噪声（wffn2 noise），缩放因子（scaling_factor）=22，分布（distribution）=编码分布（encoding）
Enabled softmax/V attention-product noise for 12 layers (softmax sf=16, V sf=16, distribution=fresh)
已替换 12 层的GELU函数（GELU function）
已替换 12 层的Softmax函数（Softmax function）
已为 12 层启用输入噪声（Input noise），缩放因子（scaling_factor）=30，分布（distribution）=新采样（fresh）
已为 12 层启用查询投影噪声（query noise），缩放因子（scaling_factor）=22，分布（distribution）=编码分布（encoding）
已为 12 层启用键投影噪声（key noise），缩放因子（scaling_factor）=22，分布（distribution）=编码分布（encoding）
已为 12 层启用值投影噪声（value noise），缩放因子（scaling_factor）=22，分布（distribution）=编码分布（encoding）
已为 12 层启用注意力输出投影噪声（wo noise），缩放因子（scaling_factor）=22，分布（distribution）=编码分布（encoding）
已为 12 层启用前馈网络第一层噪声（wffn1 noise），缩放因子（scaling_factor）=24，分布（distribution）=编码分布（encoding）
已为 12 层启用前馈网络第二层噪声（wffn2 noise），缩放因子（scaling_factor）=22，分布（distribution）=编码分布（encoding）
Enabled softmax/V attention-product noise for 12 layers (softmax sf=16, V sf=16, distribution=fresh)
已替换 12 层的GELU函数（GELU function）
已替换 12 层的Softmax函数（Softmax function）
已为 12 层启用输入噪声（Input noise），缩放因子（scaling_factor）=30，分布（distribution）=新采样（fresh）
已为 12 层启用查询投影噪声（query noise），缩放因子（scaling_factor）=22，分布（distribution）=编码分布（encoding）
已为 12 层启用键投影噪声（key noise），缩放因子（scaling_factor）=22，分布（distribution）=编码分布（encoding）
已为 12 层启用值投影噪声（value noise），缩放因子（scaling_factor）=22，分布（distribution）=编码分布（encoding）
已为 12 层启用注意力输出投影噪声（wo noise），缩放因子（scaling_factor）=22，分布（distribution）=编码分布（encoding）
已为 12 层启用前馈网络第一层噪声（wffn1 noise），缩放因子（scaling_factor）=24，分布（distribution）=编码分布（encoding）
已为 12 层启用前馈网络第二层噪声（wffn2 noise），缩放因子（scaling_factor）=22，分布（distribution）=编码分布（encoding）
Enabled softmax/V attention-product noise for 12 layers (softmax sf=16, V sf=16, distribution=fresh)
  softmax_sf=16, v_sf=16 => loss_mean=0.890691, loss_var=0.000733, m1_mean=0.500000, m1_var=0.000216, m2_mean=0.516033, m2_var=0.000213
已替换 12 层的GELU函数（GELU function）
已替换 12 层的Softmax函数（Softmax function）
已为 12 层启用输入噪声（Input noise），缩放因子（scaling_factor）=30，分布（distribution）=新采样（fresh）
已为 12 层启用查询投影噪声（query noise），缩放因子（scaling_factor）=22，分布（distribution）=编码分布（encoding）
已为 12 层启用键投影噪声（key noise），缩放因子（scaling_factor）=22，分布（distribution）=编码分布（encoding）
已为 12 层启用值投影噪声（value noise），缩放因子（scaling_factor）=22，分布（distribution）=编码分布（encoding）
已为 12 层启用注意力输出投影噪声（wo noise），缩放因子（scaling_factor）=22，分布（distribution）=编码分布（encoding）
已为 12 层启用前馈网络第一层噪声（wffn1 noise），缩放因子（scaling_factor）=24，分布（distribution）=编码分布（encoding）
已为 12 层启用前馈网络第二层噪声（wffn2 noise），缩放因子（scaling_factor）=22，分布（distribution）=编码分布（encoding）
Enabled softmax/V attention-product noise for 12 layers (softmax sf=16, V sf=18, distribution=fresh)
已替换 12 层的GELU函数（GELU function）
已替换 12 层的Softmax函数（Softmax function）
已为 12 层启用输入噪声（Input noise），缩放因子（scaling_factor）=30，分布（distribution）=新采样（fresh）
已为 12 层启用查询投影噪声（query noise），缩放因子（scaling_factor）=22，分布（distribution）=编码分布（encoding）
已为 12 层启用键投影噪声（key noise），缩放因子（scaling_factor）=22，分布（distribution）=编码分布（encoding）
已为 12 层启用值投影噪声（value noise），缩放因子（scaling_factor）=22，分布（distribution）=编码分布（encoding）
已为 12 层启用注意力输出投影噪声（wo noise），缩放因子（scaling_factor）=22，分布（distribution）=编码分布（encoding）
已为 12 层启用前馈网络第一层噪声（wffn1 noise），缩放因子（scaling_factor）=24，分布（distribution）=编码分布（encoding）
已为 12 层启用前馈网络第二层噪声（wffn2 noise），缩放因子（scaling_factor）=22，分布（distribution）=编码分布（encoding）
Enabled softmax/V attention-product noise for 12 layers (softmax sf=16, V sf=18, distribution=fresh)
已替换 12 层的GELU函数（GELU function）
已替换 12 层的Softmax函数（Softmax function）
已为 12 层启用输入噪声（Input noise），缩放因子（scaling_factor）=30，分布（distribution）=新采样（fresh）
已为 12 层启用查询投影噪声（query noise），缩放因子（scaling_factor）=22，分布（distribution）=编码分布（encoding）
已为 12 层启用键投影噪声（key noise），缩放因子（scaling_factor）=22，分布（distribution）=编码分布（encoding）
已为 12 层启用值投影噪声（value noise），缩放因子（scaling_factor）=22，分布（distribution）=编码分布（encoding）
已为 12 层启用注意力输出投影噪声（wo noise），缩放因子（scaling_factor）=22，分布（distribution）=编码分布（encoding）
已为 12 层启用前馈网络第一层噪声（wffn1 noise），缩放因子（scaling_factor）=24，分布（distribution）=编码分布（encoding）
已为 12 层启用前馈网络第二层噪声（wffn2 noise），缩放因子（scaling_factor）=22，分布（distribution）=编码分布（encoding）
Enabled softmax/V attention-product noise for 12 layers (softmax sf=16, V sf=18, distribution=fresh)
已替换 12 层的GELU函数（GELU function）
已替换 12 层的Softmax函数（Softmax function）
已为 12 层启用输入噪声（Input noise），缩放因子（scaling_factor）=30，分布（distribution）=新采样（fresh）
已为 12 层启用查询投影噪声（query noise），缩放因子（scaling_factor）=22，分布（distribution）=编码分布（encoding）
已为 12 层启用键投影噪声（key noise），缩放因子（scaling_factor）=22，分布（distribution）=编码分布（encoding）
已为 12 层启用值投影噪声（value noise），缩放因子（scaling_factor）=22，分布（distribution）=编码分布（encoding）
已为 12 层启用注意力输出投影噪声（wo noise），缩放因子（scaling_factor）=22，分布（distribution）=编码分布（encoding）
已为 12 层启用前馈网络第一层噪声（wffn1 noise），缩放因子（scaling_factor）=24，分布（distribution）=编码分布（encoding）
已为 12 层启用前馈网络第二层噪声（wffn2 noise），缩放因子（scaling_factor）=22，分布（distribution）=编码分布（encoding）
Enabled softmax/V attention-product noise for 12 layers (softmax sf=16, V sf=18, distribution=fresh)
已替换 12 层的GELU函数（GELU function）
已替换 12 层的Softmax函数（Softmax function）
已为 12 层启用输入噪声（Input noise），缩放因子（scaling_factor）=30，分布（distribution）=新采样（fresh）
已为 12 层启用查询投影噪声（query noise），缩放因子（scaling_factor）=22，分布（distribution）=编码分布（encoding）
已为 12 层启用键投影噪声（key noise），缩放因子（scaling_factor）=22，分布（distribution）=编码分布（encoding）
已为 12 层启用值投影噪声（value noise），缩放因子（scaling_factor）=22，分布（distribution）=编码分布（encoding）
已为 12 层启用注意力输出投影噪声（wo noise），缩放因子（scaling_factor）=22，分布（distribution）=编码分布（encoding）
已为 12 层启用前馈网络第一层噪声（wffn1 noise），缩放因子（scaling_factor）=24，分布（distribution）=编码分布（encoding）
已为 12 层启用前馈网络第二层噪声（wffn2 noise），缩放因子（scaling_factor）=22，分布（distribution）=编码分布（encoding）
Enabled softmax/V attention-product noise for 12 layers (softmax sf=16, V sf=18, distribution=fresh)
  softmax_sf=16, v_sf=18 => loss_mean=0.940055, loss_var=0.000710, m1_mean=0.494118, m1_var=0.000174, m2_mean=0.511693, m2_var=0.000163
已替换 12 层的GELU函数（GELU function）
已替换 12 层的Softmax函数（Softmax function）
已为 12 层启用输入噪声（Input noise），缩放因子（scaling_factor）=30，分布（distribution）=新采样（fresh）
已为 12 层启用查询投影噪声（query noise），缩放因子（scaling_factor）=22，分布（distribution）=编码分布（encoding）
已为 12 层启用键投影噪声（key noise），缩放因子（scaling_factor）=22，分布（distribution）=编码分布（encoding）
已为 12 层启用值投影噪声（value noise），缩放因子（scaling_factor）=22，分布（distribution）=编码分布（encoding）
已为 12 层启用注意力输出投影噪声（wo noise），缩放因子（scaling_factor）=22，分布（distribution）=编码分布（encoding）
已为 12 层启用前馈网络第一层噪声（wffn1 noise），缩放因子（scaling_factor）=24，分布（distribution）=编码分布（encoding）
已为 12 层启用前馈网络第二层噪声（wffn2 noise），缩放因子（scaling_factor）=22，分布（distribution）=编码分布（encoding）
Enabled softmax/V attention-product noise for 12 layers (softmax sf=16, V sf=20, distribution=fresh)
已替换 12 层的GELU函数（GELU function）
已替换 12 层的Softmax函数（Softmax function）
已为 12 层启用输入噪声（Input noise），缩放因子（scaling_factor）=30，分布（distribution）=新采样（fresh）
已为 12 层启用查询投影噪声（query noise），缩放因子（scaling_factor）=22，分布（distribution）=编码分布（encoding）
已为 12 层启用键投影噪声（key noise），缩放因子（scaling_factor）=22，分布（distribution）=编码分布（encoding）
已为 12 层启用值投影噪声（value noise），缩放因子（scaling_factor）=22，分布（distribution）=编码分布（encoding）
已为 12 层启用注意力输出投影噪声（wo noise），缩放因子（scaling_factor）=22，分布（distribution）=编码分布（encoding）
已为 12 层启用前馈网络第一层噪声（wffn1 noise），缩放因子（scaling_factor）=24，分布（distribution）=编码分布（encoding）
已为 12 层启用前馈网络第二层噪声（wffn2 noise），缩放因子（scaling_factor）=22，分布（distribution）=编码分布（encoding）
Enabled softmax/V attention-product noise for 12 layers (softmax sf=16, V sf=20, distribution=fresh)
已替换 12 层的GELU函数（GELU function）
已替换 12 层的Softmax函数（Softmax function）
已为 12 层启用输入噪声（Input noise），缩放因子（scaling_factor）=30，分布（distribution）=新采样（fresh）
已为 12 层启用查询投影噪声（query noise），缩放因子（scaling_factor）=22，分布（distribution）=编码分布（encoding）
已为 12 层启用键投影噪声（key noise），缩放因子（scaling_factor）=22，分布（distribution）=编码分布（encoding）
已为 12 层启用值投影噪声（value noise），缩放因子（scaling_factor）=22，分布（distribution）=编码分布（encoding）
已为 12 层启用注意力输出投影噪声（wo noise），缩放因子（scaling_factor）=22，分布（distribution）=编码分布（encoding）
已为 12 层启用前馈网络第一层噪声（wffn1 noise），缩放因子（scaling_factor）=24，分布（distribution）=编码分布（encoding）
已为 12 层启用前馈网络第二层噪声（wffn2 noise），缩放因子（scaling_factor）=22，分布（distribution）=编码分布（encoding）
Enabled softmax/V attention-product noise for 12 layers (softmax sf=16, V sf=20, distribution=fresh)
已替换 12 层的GELU函数（GELU function）
已替换 12 层的Softmax函数（Softmax function）
已为 12 层启用输入噪声（Input noise），缩放因子（scaling_factor）=30，分布（distribution）=新采样（fresh）
已为 12 层启用查询投影噪声（query noise），缩放因子（scaling_factor）=22，分布（distribution）=编码分布（encoding）
已为 12 层启用键投影噪声（key noise），缩放因子（scaling_factor）=22，分布（distribution）=编码分布（encoding）
已为 12 层启用值投影噪声（value noise），缩放因子（scaling_factor）=22，分布（distribution）=编码分布（encoding）
已为 12 层启用注意力输出投影噪声（wo noise），缩放因子（scaling_factor）=22，分布（distribution）=编码分布（encoding）
已为 12 层启用前馈网络第一层噪声（wffn1 noise），缩放因子（scaling_factor）=24，分布（distribution）=编码分布（encoding）
已为 12 层启用前馈网络第二层噪声（wffn2 noise），缩放因子（scaling_factor）=22，分布（distribution）=编码分布（encoding）
Enabled softmax/V attention-product noise for 12 layers (softmax sf=16, V sf=20, distribution=fresh)
已替换 12 层的GELU函数（GELU function）
已替换 12 层的Softmax函数（Softmax function）
已为 12 层启用输入噪声（Input noise），缩放因子（scaling_factor）=30，分布（distribution）=新采样（fresh）
已为 12 层启用查询投影噪声（query noise），缩放因子（scaling_factor）=22，分布（distribution）=编码分布（encoding）
已为 12 层启用键投影噪声（key noise），缩放因子（scaling_factor）=22，分布（distribution）=编码分布（encoding）
已为 12 层启用值投影噪声（value noise），缩放因子（scaling_factor）=22，分布（distribution）=编码分布（encoding）
已为 12 层启用注意力输出投影噪声（wo noise），缩放因子（scaling_factor）=22，分布（distribution）=编码分布（encoding）
已为 12 层启用前馈网络第一层噪声（wffn1 noise），缩放因子（scaling_factor）=24，分布（distribution）=编码分布（encoding）
已为 12 层启用前馈网络第二层噪声（wffn2 noise），缩放因子（scaling_factor）=22，分布（distribution）=编码分布（encoding）
Enabled softmax/V attention-product noise for 12 layers (softmax sf=16, V sf=20, distribution=fresh)
  softmax_sf=16, v_sf=20 => loss_mean=0.920771, loss_var=0.001712, m1_mean=0.500490, m1_var=0.000969, m2_mean=0.517029, m2_var=0.000945
已替换 12 层的GELU函数（GELU function）
已替换 12 层的Softmax函数（Softmax function）
已为 12 层启用输入噪声（Input noise），缩放因子（scaling_factor）=30，分布（distribution）=新采样（fresh）
已为 12 层启用查询投影噪声（query noise），缩放因子（scaling_factor）=22，分布（distribution）=编码分布（encoding）
已为 12 层启用键投影噪声（key noise），缩放因子（scaling_factor）=22，分布（distribution）=编码分布（encoding）
已为 12 层启用值投影噪声（value noise），缩放因子（scaling_factor）=22，分布（distribution）=编码分布（encoding）
已为 12 层启用注意力输出投影噪声（wo noise），缩放因子（scaling_factor）=22，分布（distribution）=编码分布（encoding）
已为 12 层启用前馈网络第一层噪声（wffn1 noise），缩放因子（scaling_factor）=24，分布（distribution）=编码分布（encoding）
已为 12 层启用前馈网络第二层噪声（wffn2 noise），缩放因子（scaling_factor）=22，分布（distribution）=编码分布（encoding）
Enabled softmax/V attention-product noise for 12 layers (softmax sf=16, V sf=22, distribution=fresh)
已替换 12 层的GELU函数（GELU function）
已替换 12 层的Softmax函数（Softmax function）
已为 12 层启用输入噪声（Input noise），缩放因子（scaling_factor）=30，分布（distribution）=新采样（fresh）
已为 12 层启用查询投影噪声（query noise），缩放因子（scaling_factor）=22，分布（distribution）=编码分布（encoding）
已为 12 层启用键投影噪声（key noise），缩放因子（scaling_factor）=22，分布（distribution）=编码分布（encoding）
已为 12 层启用值投影噪声（value noise），缩放因子（scaling_factor）=22，分布（distribution）=编码分布（encoding）
已为 12 层启用注意力输出投影噪声（wo noise），缩放因子（scaling_factor）=22，分布（distribution）=编码分布（encoding）
已为 12 层启用前馈网络第一层噪声（wffn1 noise），缩放因子（scaling_factor）=24，分布（distribution）=编码分布（encoding）
已为 12 层启用前馈网络第二层噪声（wffn2 noise），缩放因子（scaling_factor）=22，分布（distribution）=编码分布（encoding）
Enabled softmax/V attention-product noise for 12 layers (softmax sf=16, V sf=22, distribution=fresh)
已替换 12 层的GELU函数（GELU function）
已替换 12 层的Softmax函数（Softmax function）
已为 12 层启用输入噪声（Input noise），缩放因子（scaling_factor）=30，分布（distribution）=新采样（fresh）
已为 12 层启用查询投影噪声（query noise），缩放因子（scaling_factor）=22，分布（distribution）=编码分布（encoding）
已为 12 层启用键投影噪声（key noise），缩放因子（scaling_factor）=22，分布（distribution）=编码分布（encoding）
已为 12 层启用值投影噪声（value noise），缩放因子（scaling_factor）=22，分布（distribution）=编码分布（encoding）
已为 12 层启用注意力输出投影噪声（wo noise），缩放因子（scaling_factor）=22，分布（distribution）=编码分布（encoding）
已为 12 层启用前馈网络第一层噪声（wffn1 noise），缩放因子（scaling_factor）=24，分布（distribution）=编码分布（encoding）
已为 12 层启用前馈网络第二层噪声（wffn2 noise），缩放因子（scaling_factor）=22，分布（distribution）=编码分布（encoding）
Enabled softmax/V attention-product noise for 12 layers (softmax sf=16, V sf=22, distribution=fresh)
已替换 12 层的GELU函数（GELU function）
已替换 12 层的Softmax函数（Softmax function）
已为 12 层启用输入噪声（Input noise），缩放因子（scaling_factor）=30，分布（distribution）=新采样（fresh）
已为 12 层启用查询投影噪声（query noise），缩放因子（scaling_factor）=22，分布（distribution）=编码分布（encoding）
已为 12 层启用键投影噪声（key noise），缩放因子（scaling_factor）=22，分布（distribution）=编码分布（encoding）
已为 12 层启用值投影噪声（value noise），缩放因子（scaling_factor）=22，分布（distribution）=编码分布（encoding）
已为 12 层启用注意力输出投影噪声（wo noise），缩放因子（scaling_factor）=22，分布（distribution）=编码分布（encoding）
已为 12 层启用前馈网络第一层噪声（wffn1 noise），缩放因子（scaling_factor）=24，分布（distribution）=编码分布（encoding）
已为 12 层启用前馈网络第二层噪声（wffn2 noise），缩放因子（scaling_factor）=22，分布（distribution）=编码分布（encoding）
Enabled softmax/V attention-product noise for 12 layers (softmax sf=16, V sf=22, distribution=fresh)
已替换 12 层的GELU函数（GELU function）
已替换 12 层的Softmax函数（Softmax function）
已为 12 层启用输入噪声（Input noise），缩放因子（scaling_factor）=30，分布（distribution）=新采样（fresh）
已为 12 层启用查询投影噪声（query noise），缩放因子（scaling_factor）=22，分布（distribution）=编码分布（encoding）
已为 12 层启用键投影噪声（key noise），缩放因子（scaling_factor）=22，分布（distribution）=编码分布（encoding）
已为 12 层启用值投影噪声（value noise），缩放因子（scaling_factor）=22，分布（distribution）=编码分布（encoding）
已为 12 层启用注意力输出投影噪声（wo noise），缩放因子（scaling_factor）=22，分布（distribution）=编码分布（encoding）
已为 12 层启用前馈网络第一层噪声（wffn1 noise），缩放因子（scaling_factor）=24，分布（distribution）=编码分布（encoding）
已为 12 层启用前馈网络第二层噪声（wffn2 noise），缩放因子（scaling_factor）=22，分布（distribution）=编码分布（encoding）
Enabled softmax/V attention-product noise for 12 layers (softmax sf=16, V sf=22, distribution=fresh)
  softmax_sf=16, v_sf=22 => loss_mean=0.945912, loss_var=0.001036, m1_mean=0.497059, m1_var=0.000405, m2_mean=0.514515, m2_var=0.000379
已替换 12 层的GELU函数（GELU function）
已替换 12 层的Softmax函数（Softmax function）
已为 12 层启用输入噪声（Input noise），缩放因子（scaling_factor）=30，分布（distribution）=新采样（fresh）
已为 12 层启用查询投影噪声（query noise），缩放因子（scaling_factor）=22，分布（distribution）=编码分布（encoding）
已为 12 层启用键投影噪声（key noise），缩放因子（scaling_factor）=22，分布（distribution）=编码分布（encoding）
已为 12 层启用值投影噪声（value noise），缩放因子（scaling_factor）=22，分布（distribution）=编码分布（encoding）
已为 12 层启用注意力输出投影噪声（wo noise），缩放因子（scaling_factor）=22，分布（distribution）=编码分布（encoding）
已为 12 层启用前馈网络第一层噪声（wffn1 noise），缩放因子（scaling_factor）=24，分布（distribution）=编码分布（encoding）
已为 12 层启用前馈网络第二层噪声（wffn2 noise），缩放因子（scaling_factor）=22，分布（distribution）=编码分布（encoding）
Enabled softmax/V attention-product noise for 12 layers (softmax sf=16, V sf=24, distribution=fresh)
已替换 12 层的GELU函数（GELU function）
已替换 12 层的Softmax函数（Softmax function）
已为 12 层启用输入噪声（Input noise），缩放因子（scaling_factor）=30，分布（distribution）=新采样（fresh）
已为 12 层启用查询投影噪声（query noise），缩放因子（scaling_factor）=22，分布（distribution）=编码分布（encoding）
已为 12 层启用键投影噪声（key noise），缩放因子（scaling_factor）=22，分布（distribution）=编码分布（encoding）
已为 12 层启用值投影噪声（value noise），缩放因子（scaling_factor）=22，分布（distribution）=编码分布（encoding）
已为 12 层启用注意力输出投影噪声（wo noise），缩放因子（scaling_factor）=22，分布（distribution）=编码分布（encoding）
已为 12 层启用前馈网络第一层噪声（wffn1 noise），缩放因子（scaling_factor）=24，分布（distribution）=编码分布（encoding）
已为 12 层启用前馈网络第二层噪声（wffn2 noise），缩放因子（scaling_factor）=22，分布（distribution）=编码分布（encoding）
Enabled softmax/V attention-product noise for 12 layers (softmax sf=16, V sf=24, distribution=fresh)
已替换 12 层的GELU函数（GELU function）
已替换 12 层的Softmax函数（Softmax function）
已为 12 层启用输入噪声（Input noise），缩放因子（scaling_factor）=30，分布（distribution）=新采样（fresh）
已为 12 层启用查询投影噪声（query noise），缩放因子（scaling_factor）=22，分布（distribution）=编码分布（encoding）
已为 12 层启用键投影噪声（key noise），缩放因子（scaling_factor）=22，分布（distribution）=编码分布（encoding）
已为 12 层启用值投影噪声（value noise），缩放因子（scaling_factor）=22，分布（distribution）=编码分布（encoding）
已为 12 层启用注意力输出投影噪声（wo noise），缩放因子（scaling_factor）=22，分布（distribution）=编码分布（encoding）
已为 12 层启用前馈网络第一层噪声（wffn1 noise），缩放因子（scaling_factor）=24，分布（distribution）=编码分布（encoding）
已为 12 层启用前馈网络第二层噪声（wffn2 noise），缩放因子（scaling_factor）=22，分布（distribution）=编码分布（encoding）
Enabled softmax/V attention-product noise for 12 layers (softmax sf=16, V sf=24, distribution=fresh)
已替换 12 层的GELU函数（GELU function）
已替换 12 层的Softmax函数（Softmax function）
已为 12 层启用输入噪声（Input noise），缩放因子（scaling_factor）=30，分布（distribution）=新采样（fresh）
已为 12 层启用查询投影噪声（query noise），缩放因子（scaling_factor）=22，分布（distribution）=编码分布（encoding）
已为 12 层启用键投影噪声（key noise），缩放因子（scaling_factor）=22，分布（distribution）=编码分布（encoding）
已为 12 层启用值投影噪声（value noise），缩放因子（scaling_factor）=22，分布（distribution）=编码分布（encoding）
已为 12 层启用注意力输出投影噪声（wo noise），缩放因子（scaling_factor）=22，分布（distribution）=编码分布（encoding）
已为 12 层启用前馈网络第一层噪声（wffn1 noise），缩放因子（scaling_factor）=24，分布（distribution）=编码分布（encoding）
已为 12 层启用前馈网络第二层噪声（wffn2 noise），缩放因子（scaling_factor）=22，分布（distribution）=编码分布（encoding）
Enabled softmax/V attention-product noise for 12 layers (softmax sf=16, V sf=24, distribution=fresh)
已替换 12 层的GELU函数（GELU function）
已替换 12 层的Softmax函数（Softmax function）
已为 12 层启用输入噪声（Input noise），缩放因子（scaling_factor）=30，分布（distribution）=新采样（fresh）
已为 12 层启用查询投影噪声（query noise），缩放因子（scaling_factor）=22，分布（distribution）=编码分布（encoding）
已为 12 层启用键投影噪声（key noise），缩放因子（scaling_factor）=22，分布（distribution）=编码分布（encoding）
已为 12 层启用值投影噪声（value noise），缩放因子（scaling_factor）=22，分布（distribution）=编码分布（encoding）
已为 12 层启用注意力输出投影噪声（wo noise），缩放因子（scaling_factor）=22，分布（distribution）=编码分布（encoding）
已为 12 层启用前馈网络第一层噪声（wffn1 noise），缩放因子（scaling_factor）=24，分布（distribution）=编码分布（encoding）
已为 12 层启用前馈网络第二层噪声（wffn2 noise），缩放因子（scaling_factor）=22，分布（distribution）=编码分布（encoding）
Enabled softmax/V attention-product noise for 12 layers (softmax sf=16, V sf=24, distribution=fresh)
  softmax_sf=16, v_sf=24 => loss_mean=0.958908, loss_var=0.001264, m1_mean=0.488235, m1_var=0.000460, m2_mean=0.505861, m2_var=0.000431
已替换 12 层的GELU函数（GELU function）
已替换 12 层的Softmax函数（Softmax function）
已为 12 层启用输入噪声（Input noise），缩放因子（scaling_factor）=30，分布（distribution）=新采样（fresh）
已为 12 层启用查询投影噪声（query noise），缩放因子（scaling_factor）=22，分布（distribution）=编码分布（encoding）
已为 12 层启用键投影噪声（key noise），缩放因子（scaling_factor）=22，分布（distribution）=编码分布（encoding）
已为 12 层启用值投影噪声（value noise），缩放因子（scaling_factor）=22，分布（distribution）=编码分布（encoding）
已为 12 层启用注意力输出投影噪声（wo noise），缩放因子（scaling_factor）=22，分布（distribution）=编码分布（encoding）
已为 12 层启用前馈网络第一层噪声（wffn1 noise），缩放因子（scaling_factor）=24，分布（distribution）=编码分布（encoding）
已为 12 层启用前馈网络第二层噪声（wffn2 noise），缩放因子（scaling_factor）=22，分布（distribution）=编码分布（encoding）
Enabled softmax/V attention-product noise for 12 layers (softmax sf=16, V sf=26, distribution=fresh)
已替换 12 层的GELU函数（GELU function）
已替换 12 层的Softmax函数（Softmax function）
已为 12 层启用输入噪声（Input noise），缩放因子（scaling_factor）=30，分布（distribution）=新采样（fresh）
已为 12 层启用查询投影噪声（query noise），缩放因子（scaling_factor）=22，分布（distribution）=编码分布（encoding）
已为 12 层启用键投影噪声（key noise），缩放因子（scaling_factor）=22，分布（distribution）=编码分布（encoding）
已为 12 层启用值投影噪声（value noise），缩放因子（scaling_factor）=22，分布（distribution）=编码分布（encoding）
已为 12 层启用注意力输出投影噪声（wo noise），缩放因子（scaling_factor）=22，分布（distribution）=编码分布（encoding）
已为 12 层启用前馈网络第一层噪声（wffn1 noise），缩放因子（scaling_factor）=24，分布（distribution）=编码分布（encoding）
已为 12 层启用前馈网络第二层噪声（wffn2 noise），缩放因子（scaling_factor）=22，分布（distribution）=编码分布（encoding）
Enabled softmax/V attention-product noise for 12 layers (softmax sf=16, V sf=26, distribution=fresh)
已替换 12 层的GELU函数（GELU function）
已替换 12 层的Softmax函数（Softmax function）
已为 12 层启用输入噪声（Input noise），缩放因子（scaling_factor）=30，分布（distribution）=新采样（fresh）
已为 12 层启用查询投影噪声（query noise），缩放因子（scaling_factor）=22，分布（distribution）=编码分布（encoding）
已为 12 层启用键投影噪声（key noise），缩放因子（scaling_factor）=22，分布（distribution）=编码分布（encoding）
已为 12 层启用值投影噪声（value noise），缩放因子（scaling_factor）=22，分布（distribution）=编码分布（encoding）
已为 12 层启用注意力输出投影噪声（wo noise），缩放因子（scaling_factor）=22，分布（distribution）=编码分布（encoding）
已为 12 层启用前馈网络第一层噪声（wffn1 noise），缩放因子（scaling_factor）=24，分布（distribution）=编码分布（encoding）
已为 12 层启用前馈网络第二层噪声（wffn2 noise），缩放因子（scaling_factor）=22，分布（distribution）=编码分布（encoding）
Enabled softmax/V attention-product noise for 12 layers (softmax sf=16, V sf=26, distribution=fresh)
已替换 12 层的GELU函数（GELU function）
已替换 12 层的Softmax函数（Softmax function）
已为 12 层启用输入噪声（Input noise），缩放因子（scaling_factor）=30，分布（distribution）=新采样（fresh）
已为 12 层启用查询投影噪声（query noise），缩放因子（scaling_factor）=22，分布（distribution）=编码分布（encoding）
已为 12 层启用键投影噪声（key noise），缩放因子（scaling_factor）=22，分布（distribution）=编码分布（encoding）
已为 12 层启用值投影噪声（value noise），缩放因子（scaling_factor）=22，分布（distribution）=编码分布（encoding）
已为 12 层启用注意力输出投影噪声（wo noise），缩放因子（scaling_factor）=22，分布（distribution）=编码分布（encoding）
已为 12 层启用前馈网络第一层噪声（wffn1 noise），缩放因子（scaling_factor）=24，分布（distribution）=编码分布（encoding）
已为 12 层启用前馈网络第二层噪声（wffn2 noise），缩放因子（scaling_factor）=22，分布（distribution）=编码分布（encoding）
Enabled softmax/V attention-product noise for 12 layers (softmax sf=16, V sf=26, distribution=fresh)
已替换 12 层的GELU函数（GELU function）
已替换 12 层的Softmax函数（Softmax function）
已为 12 层启用输入噪声（Input noise），缩放因子（scaling_factor）=30，分布（distribution）=新采样（fresh）
已为 12 层启用查询投影噪声（query noise），缩放因子（scaling_factor）=22，分布（distribution）=编码分布（encoding）
已为 12 层启用键投影噪声（key noise），缩放因子（scaling_factor）=22，分布（distribution）=编码分布（encoding）
已为 12 层启用值投影噪声（value noise），缩放因子（scaling_factor）=22，分布（distribution）=编码分布（encoding）
已为 12 层启用注意力输出投影噪声（wo noise），缩放因子（scaling_factor）=22，分布（distribution）=编码分布（encoding）
已为 12 层启用前馈网络第一层噪声（wffn1 noise），缩放因子（scaling_factor）=24，分布（distribution）=编码分布（encoding）
已为 12 层启用前馈网络第二层噪声（wffn2 noise），缩放因子（scaling_factor）=22，分布（distribution）=编码分布（encoding）
Enabled softmax/V attention-product noise for 12 layers (softmax sf=16, V sf=26, distribution=fresh)
  softmax_sf=16, v_sf=26 => loss_mean=0.927984, loss_var=0.000833, m1_mean=0.517647, m1_var=0.000102, m2_mean=0.534046, m2_var=0.000097
已替换 12 层的GELU函数（GELU function）
已替换 12 层的Softmax函数（Softmax function）
已为 12 层启用输入噪声（Input noise），缩放因子（scaling_factor）=30，分布（distribution）=新采样（fresh）
已为 12 层启用查询投影噪声（query noise），缩放因子（scaling_factor）=22，分布（distribution）=编码分布（encoding）
已为 12 层启用键投影噪声（key noise），缩放因子（scaling_factor）=22，分布（distribution）=编码分布（encoding）
已为 12 层启用值投影噪声（value noise），缩放因子（scaling_factor）=22，分布（distribution）=编码分布（encoding）
已为 12 层启用注意力输出投影噪声（wo noise），缩放因子（scaling_factor）=22，分布（distribution）=编码分布（encoding）
已为 12 层启用前馈网络第一层噪声（wffn1 noise），缩放因子（scaling_factor）=24，分布（distribution）=编码分布（encoding）
已为 12 层启用前馈网络第二层噪声（wffn2 noise），缩放因子（scaling_factor）=22，分布（distribution）=编码分布（encoding）
Enabled softmax/V attention-product noise for 12 layers (softmax sf=16, V sf=28, distribution=fresh)
已替换 12 层的GELU函数（GELU function）
已替换 12 层的Softmax函数（Softmax function）
已为 12 层启用输入噪声（Input noise），缩放因子（scaling_factor）=30，分布（distribution）=新采样（fresh）
已为 12 层启用查询投影噪声（query noise），缩放因子（scaling_factor）=22，分布（distribution）=编码分布（encoding）
已为 12 层启用键投影噪声（key noise），缩放因子（scaling_factor）=22，分布（distribution）=编码分布（encoding）
已为 12 层启用值投影噪声（value noise），缩放因子（scaling_factor）=22，分布（distribution）=编码分布（encoding）
已为 12 层启用注意力输出投影噪声（wo noise），缩放因子（scaling_factor）=22，分布（distribution）=编码分布（encoding）
已为 12 层启用前馈网络第一层噪声（wffn1 noise），缩放因子（scaling_factor）=24，分布（distribution）=编码分布（encoding）
已为 12 层启用前馈网络第二层噪声（wffn2 noise），缩放因子（scaling_factor）=22，分布（distribution）=编码分布（encoding）
Enabled softmax/V attention-product noise for 12 layers (softmax sf=16, V sf=28, distribution=fresh)
已替换 12 层的GELU函数（GELU function）
已替换 12 层的Softmax函数（Softmax function）
已为 12 层启用输入噪声（Input noise），缩放因子（scaling_factor）=30，分布（distribution）=新采样（fresh）
已为 12 层启用查询投影噪声（query noise），缩放因子（scaling_factor）=22，分布（distribution）=编码分布（encoding）
已为 12 层启用键投影噪声（key noise），缩放因子（scaling_factor）=22，分布（distribution）=编码分布（encoding）
已为 12 层启用值投影噪声（value noise），缩放因子（scaling_factor）=22，分布（distribution）=编码分布（encoding）
已为 12 层启用注意力输出投影噪声（wo noise），缩放因子（scaling_factor）=22，分布（distribution）=编码分布（encoding）
已为 12 层启用前馈网络第一层噪声（wffn1 noise），缩放因子（scaling_factor）=24，分布（distribution）=编码分布（encoding）
已为 12 层启用前馈网络第二层噪声（wffn2 noise），缩放因子（scaling_factor）=22，分布（distribution）=编码分布（encoding）
Enabled softmax/V attention-product noise for 12 layers (softmax sf=16, V sf=28, distribution=fresh)
已替换 12 层的GELU函数（GELU function）
已替换 12 层的Softmax函数（Softmax function）
已为 12 层启用输入噪声（Input noise），缩放因子（scaling_factor）=30，分布（distribution）=新采样（fresh）
已为 12 层启用查询投影噪声（query noise），缩放因子（scaling_factor）=22，分布（distribution）=编码分布（encoding）
已为 12 层启用键投影噪声（key noise），缩放因子（scaling_factor）=22，分布（distribution）=编码分布（encoding）
已为 12 层启用值投影噪声（value noise），缩放因子（scaling_factor）=22，分布（distribution）=编码分布（encoding）
已为 12 层启用注意力输出投影噪声（wo noise），缩放因子（scaling_factor）=22，分布（distribution）=编码分布（encoding）
已为 12 层启用前馈网络第一层噪声（wffn1 noise），缩放因子（scaling_factor）=24，分布（distribution）=编码分布（encoding）
已为 12 层启用前馈网络第二层噪声（wffn2 noise），缩放因子（scaling_factor）=22，分布（distribution）=编码分布（encoding）
Enabled softmax/V attention-product noise for 12 layers (softmax sf=16, V sf=28, distribution=fresh)
已替换 12 层的GELU函数（GELU function）
已替换 12 层的Softmax函数（Softmax function）
已为 12 层启用输入噪声（Input noise），缩放因子（scaling_factor）=30，分布（distribution）=新采样（fresh）
已为 12 层启用查询投影噪声（query noise），缩放因子（scaling_factor）=22，分布（distribution）=编码分布（encoding）
已为 12 层启用键投影噪声（key noise），缩放因子（scaling_factor）=22，分布（distribution）=编码分布（encoding）
已为 12 层启用值投影噪声（value noise），缩放因子（scaling_factor）=22，分布（distribution）=编码分布（encoding）
已为 12 层启用注意力输出投影噪声（wo noise），缩放因子（scaling_factor）=22，分布（distribution）=编码分布（encoding）
已为 12 层启用前馈网络第一层噪声（wffn1 noise），缩放因子（scaling_factor）=24，分布（distribution）=编码分布（encoding）
已为 12 层启用前馈网络第二层噪声（wffn2 noise），缩放因子（scaling_factor）=22，分布（distribution）=编码分布（encoding）
Enabled softmax/V attention-product noise for 12 layers (softmax sf=16, V sf=28, distribution=fresh)
  softmax_sf=16, v_sf=28 => loss_mean=0.961363, loss_var=0.000304, m1_mean=0.480392, m1_var=0.000308, m2_mean=0.498465, m2_var=0.000286
已替换 12 层的GELU函数（GELU function）
已替换 12 层的Softmax函数（Softmax function）
已为 12 层启用输入噪声（Input noise），缩放因子（scaling_factor）=30，分布（distribution）=新采样（fresh）
已为 12 层启用查询投影噪声（query noise），缩放因子（scaling_factor）=22，分布（distribution）=编码分布（encoding）
已为 12 层启用键投影噪声（key noise），缩放因子（scaling_factor）=22，分布（distribution）=编码分布（encoding）
已为 12 层启用值投影噪声（value noise），缩放因子（scaling_factor）=22，分布（distribution）=编码分布（encoding）
已为 12 层启用注意力输出投影噪声（wo noise），缩放因子（scaling_factor）=22，分布（distribution）=编码分布（encoding）
已为 12 层启用前馈网络第一层噪声（wffn1 noise），缩放因子（scaling_factor）=24，分布（distribution）=编码分布（encoding）
已为 12 层启用前馈网络第二层噪声（wffn2 noise），缩放因子（scaling_factor）=22，分布（distribution）=编码分布（encoding）
Enabled softmax/V attention-product noise for 12 layers (softmax sf=16, V sf=30, distribution=fresh)
已替换 12 层的GELU函数（GELU function）
已替换 12 层的Softmax函数（Softmax function）
已为 12 层启用输入噪声（Input noise），缩放因子（scaling_factor）=30，分布（distribution）=新采样（fresh）
已为 12 层启用查询投影噪声（query noise），缩放因子（scaling_factor）=22，分布（distribution）=编码分布（encoding）
已为 12 层启用键投影噪声（key noise），缩放因子（scaling_factor）=22，分布（distribution）=编码分布（encoding）
已为 12 层启用值投影噪声（value noise），缩放因子（scaling_factor）=22，分布（distribution）=编码分布（encoding）
已为 12 层启用注意力输出投影噪声（wo noise），缩放因子（scaling_factor）=22，分布（distribution）=编码分布（encoding）
已为 12 层启用前馈网络第一层噪声（wffn1 noise），缩放因子（scaling_factor）=24，分布（distribution）=编码分布（encoding）
已为 12 层启用前馈网络第二层噪声（wffn2 noise），缩放因子（scaling_factor）=22，分布（distribution）=编码分布（encoding）
Enabled softmax/V attention-product noise for 12 layers (softmax sf=16, V sf=30, distribution=fresh)
已替换 12 层的GELU函数（GELU function）
已替换 12 层的Softmax函数（Softmax function）
已为 12 层启用输入噪声（Input noise），缩放因子（scaling_factor）=30，分布（distribution）=新采样（fresh）
已为 12 层启用查询投影噪声（query noise），缩放因子（scaling_factor）=22，分布（distribution）=编码分布（encoding）
已为 12 层启用键投影噪声（key noise），缩放因子（scaling_factor）=22，分布（distribution）=编码分布（encoding）
已为 12 层启用值投影噪声（value noise），缩放因子（scaling_factor）=22，分布（distribution）=编码分布（encoding）
已为 12 层启用注意力输出投影噪声（wo noise），缩放因子（scaling_factor）=22，分布（distribution）=编码分布（encoding）
已为 12 层启用前馈网络第一层噪声（wffn1 noise），缩放因子（scaling_factor）=24，分布（distribution）=编码分布（encoding）
已为 12 层启用前馈网络第二层噪声（wffn2 noise），缩放因子（scaling_factor）=22，分布（distribution）=编码分布（encoding）
Enabled softmax/V attention-product noise for 12 layers (softmax sf=16, V sf=30, distribution=fresh)
已替换 12 层的GELU函数（GELU function）
已替换 12 层的Softmax函数（Softmax function）
已为 12 层启用输入噪声（Input noise），缩放因子（scaling_factor）=30，分布（distribution）=新采样（fresh）
已为 12 层启用查询投影噪声（query noise），缩放因子（scaling_factor）=22，分布（distribution）=编码分布（encoding）
已为 12 层启用键投影噪声（key noise），缩放因子（scaling_factor）=22，分布（distribution）=编码分布（encoding）
已为 12 层启用值投影噪声（value noise），缩放因子（scaling_factor）=22，分布（distribution）=编码分布（encoding）
已为 12 层启用注意力输出投影噪声（wo noise），缩放因子（scaling_factor）=22，分布（distribution）=编码分布（encoding）
已为 12 层启用前馈网络第一层噪声（wffn1 noise），缩放因子（scaling_factor）=24，分布（distribution）=编码分布（encoding）
已为 12 层启用前馈网络第二层噪声（wffn2 noise），缩放因子（scaling_factor）=22，分布（distribution）=编码分布（encoding）
Enabled softmax/V attention-product noise for 12 layers (softmax sf=16, V sf=30, distribution=fresh)
已替换 12 层的GELU函数（GELU function）
已替换 12 层的Softmax函数（Softmax function）
已为 12 层启用输入噪声（Input noise），缩放因子（scaling_factor）=30，分布（distribution）=新采样（fresh）
已为 12 层启用查询投影噪声（query noise），缩放因子（scaling_factor）=22，分布（distribution）=编码分布（encoding）
已为 12 层启用键投影噪声（key noise），缩放因子（scaling_factor）=22，分布（distribution）=编码分布（encoding）
已为 12 层启用值投影噪声（value noise），缩放因子（scaling_factor）=22，分布（distribution）=编码分布（encoding）
已为 12 层启用注意力输出投影噪声（wo noise），缩放因子（scaling_factor）=22，分布（distribution）=编码分布（encoding）
已为 12 层启用前馈网络第一层噪声（wffn1 noise），缩放因子（scaling_factor）=24，分布（distribution）=编码分布（encoding）
已为 12 层启用前馈网络第二层噪声（wffn2 noise），缩放因子（scaling_factor）=22，分布（distribution）=编码分布（encoding）
Enabled softmax/V attention-product noise for 12 layers (softmax sf=16, V sf=30, distribution=fresh)
  softmax_sf=16, v_sf=30 => loss_mean=0.938332, loss_var=0.003076, m1_mean=0.496569, m1_var=0.001025, m2_mean=0.513579, m2_var=0.000986
已替换 12 层的GELU函数（GELU function）
已替换 12 层的Softmax函数（Softmax function）
已为 12 层启用输入噪声（Input noise），缩放因子（scaling_factor）=30，分布（distribution）=新采样（fresh）
已为 12 层启用查询投影噪声（query noise），缩放因子（scaling_factor）=22，分布（distribution）=编码分布（encoding）
已为 12 层启用键投影噪声（key noise），缩放因子（scaling_factor）=22，分布（distribution）=编码分布（encoding）
已为 12 层启用值投影噪声（value noise），缩放因子（scaling_factor）=22，分布（distribution）=编码分布（encoding）
已为 12 层启用注意力输出投影噪声（wo noise），缩放因子（scaling_factor）=22，分布（distribution）=编码分布（encoding）
已为 12 层启用前馈网络第一层噪声（wffn1 noise），缩放因子（scaling_factor）=24，分布（distribution）=编码分布（encoding）
已为 12 层启用前馈网络第二层噪声（wffn2 noise），缩放因子（scaling_factor）=22，分布（distribution）=编码分布（encoding）
Enabled softmax/V attention-product noise for 12 layers (softmax sf=16, V sf=32, distribution=fresh)
已替换 12 层的GELU函数（GELU function）
已替换 12 层的Softmax函数（Softmax function）
已为 12 层启用输入噪声（Input noise），缩放因子（scaling_factor）=30，分布（distribution）=新采样（fresh）
已为 12 层启用查询投影噪声（query noise），缩放因子（scaling_factor）=22，分布（distribution）=编码分布（encoding）
已为 12 层启用键投影噪声（key noise），缩放因子（scaling_factor）=22，分布（distribution）=编码分布（encoding）
已为 12 层启用值投影噪声（value noise），缩放因子（scaling_factor）=22，分布（distribution）=编码分布（encoding）
已为 12 层启用注意力输出投影噪声（wo noise），缩放因子（scaling_factor）=22，分布（distribution）=编码分布（encoding）
已为 12 层启用前馈网络第一层噪声（wffn1 noise），缩放因子（scaling_factor）=24，分布（distribution）=编码分布（encoding）
已为 12 层启用前馈网络第二层噪声（wffn2 noise），缩放因子（scaling_factor）=22，分布（distribution）=编码分布（encoding）
Enabled softmax/V attention-product noise for 12 layers (softmax sf=16, V sf=32, distribution=fresh)
已替换 12 层的GELU函数（GELU function）
已替换 12 层的Softmax函数（Softmax function）
已为 12 层启用输入噪声（Input noise），缩放因子（scaling_factor）=30，分布（distribution）=新采样（fresh）
已为 12 层启用查询投影噪声（query noise），缩放因子（scaling_factor）=22，分布（distribution）=编码分布（encoding）
已为 12 层启用键投影噪声（key noise），缩放因子（scaling_factor）=22，分布（distribution）=编码分布（encoding）
已为 12 层启用值投影噪声（value noise），缩放因子（scaling_factor）=22，分布（distribution）=编码分布（encoding）
已为 12 层启用注意力输出投影噪声（wo noise），缩放因子（scaling_factor）=22，分布（distribution）=编码分布（encoding）
已为 12 层启用前馈网络第一层噪声（wffn1 noise），缩放因子（scaling_factor）=24，分布（distribution）=编码分布（encoding）
已为 12 层启用前馈网络第二层噪声（wffn2 noise），缩放因子（scaling_factor）=22，分布（distribution）=编码分布（encoding）
Enabled softmax/V attention-product noise for 12 layers (softmax sf=16, V sf=32, distribution=fresh)
已替换 12 层的GELU函数（GELU function）
已替换 12 层的Softmax函数（Softmax function）
已为 12 层启用输入噪声（Input noise），缩放因子（scaling_factor）=30，分布（distribution）=新采样（fresh）
已为 12 层启用查询投影噪声（query noise），缩放因子（scaling_factor）=22，分布（distribution）=编码分布（encoding）
已为 12 层启用键投影噪声（key noise），缩放因子（scaling_factor）=22，分布（distribution）=编码分布（encoding）
已为 12 层启用值投影噪声（value noise），缩放因子（scaling_factor）=22，分布（distribution）=编码分布（encoding）
已为 12 层启用注意力输出投影噪声（wo noise），缩放因子（scaling_factor）=22，分布（distribution）=编码分布（encoding）
已为 12 层启用前馈网络第一层噪声（wffn1 noise），缩放因子（scaling_factor）=24，分布（distribution）=编码分布（encoding）
已为 12 层启用前馈网络第二层噪声（wffn2 noise），缩放因子（scaling_factor）=22，分布（distribution）=编码分布（encoding）
Enabled softmax/V attention-product noise for 12 layers (softmax sf=16, V sf=32, distribution=fresh)
已替换 12 层的GELU函数（GELU function）
已替换 12 层的Softmax函数（Softmax function）
已为 12 层启用输入噪声（Input noise），缩放因子（scaling_factor）=30，分布（distribution）=新采样（fresh）
已为 12 层启用查询投影噪声（query noise），缩放因子（scaling_factor）=22，分布（distribution）=编码分布（encoding）
已为 12 层启用键投影噪声（key noise），缩放因子（scaling_factor）=22，分布（distribution）=编码分布（encoding）
已为 12 层启用值投影噪声（value noise），缩放因子（scaling_factor）=22，分布（distribution）=编码分布（encoding）
已为 12 层启用注意力输出投影噪声（wo noise），缩放因子（scaling_factor）=22，分布（distribution）=编码分布（encoding）
已为 12 层启用前馈网络第一层噪声（wffn1 noise），缩放因子（scaling_factor）=24，分布（distribution）=编码分布（encoding）
已为 12 层启用前馈网络第二层噪声（wffn2 noise），缩放因子（scaling_factor）=22，分布（distribution）=编码分布（encoding）
Enabled softmax/V attention-product noise for 12 layers (softmax sf=16, V sf=32, distribution=fresh)
  softmax_sf=16, v_sf=32 => loss_mean=0.932887, loss_var=0.000493, m1_mean=0.504902, m1_var=0.000428, m2_mean=0.521980, m2_var=0.000400
已替换 12 层的GELU函数（GELU function）
已替换 12 层的Softmax函数（Softmax function）
已为 12 层启用输入噪声（Input noise），缩放因子（scaling_factor）=30，分布（distribution）=新采样（fresh）
已为 12 层启用查询投影噪声（query noise），缩放因子（scaling_factor）=22，分布（distribution）=编码分布（encoding）
已为 12 层启用键投影噪声（key noise），缩放因子（scaling_factor）=22，分布（distribution）=编码分布（encoding）
已为 12 层启用值投影噪声（value noise），缩放因子（scaling_factor）=22，分布（distribution）=编码分布（encoding）
已为 12 层启用注意力输出投影噪声（wo noise），缩放因子（scaling_factor）=22，分布（distribution）=编码分布（encoding）
已为 12 层启用前馈网络第一层噪声（wffn1 noise），缩放因子（scaling_factor）=24，分布（distribution）=编码分布（encoding）
已为 12 层启用前馈网络第二层噪声（wffn2 noise），缩放因子（scaling_factor）=22，分布（distribution）=编码分布（encoding）
Enabled softmax/V attention-product noise for 12 layers (softmax sf=16, V sf=34, distribution=fresh)
已替换 12 层的GELU函数（GELU function）
已替换 12 层的Softmax函数（Softmax function）
已为 12 层启用输入噪声（Input noise），缩放因子（scaling_factor）=30，分布（distribution）=新采样（fresh）
已为 12 层启用查询投影噪声（query noise），缩放因子（scaling_factor）=22，分布（distribution）=编码分布（encoding）
已为 12 层启用键投影噪声（key noise），缩放因子（scaling_factor）=22，分布（distribution）=编码分布（encoding）
已为 12 层启用值投影噪声（value noise），缩放因子（scaling_factor）=22，分布（distribution）=编码分布（encoding）
已为 12 层启用注意力输出投影噪声（wo noise），缩放因子（scaling_factor）=22，分布（distribution）=编码分布（encoding）
已为 12 层启用前馈网络第一层噪声（wffn1 noise），缩放因子（scaling_factor）=24，分布（distribution）=编码分布（encoding）
已为 12 层启用前馈网络第二层噪声（wffn2 noise），缩放因子（scaling_factor）=22，分布（distribution）=编码分布（encoding）
Enabled softmax/V attention-product noise for 12 layers (softmax sf=16, V sf=34, distribution=fresh)
已替换 12 层的GELU函数（GELU function）
已替换 12 层的Softmax函数（Softmax function）
已为 12 层启用输入噪声（Input noise），缩放因子（scaling_factor）=30，分布（distribution）=新采样（fresh）
已为 12 层启用查询投影噪声（query noise），缩放因子（scaling_factor）=22，分布（distribution）=编码分布（encoding）
已为 12 层启用键投影噪声（key noise），缩放因子（scaling_factor）=22，分布（distribution）=编码分布（encoding）
已为 12 层启用值投影噪声（value noise），缩放因子（scaling_factor）=22，分布（distribution）=编码分布（encoding）
已为 12 层启用注意力输出投影噪声（wo noise），缩放因子（scaling_factor）=22，分布（distribution）=编码分布（encoding）
已为 12 层启用前馈网络第一层噪声（wffn1 noise），缩放因子（scaling_factor）=24，分布（distribution）=编码分布（encoding）
已为 12 层启用前馈网络第二层噪声（wffn2 noise），缩放因子（scaling_factor）=22，分布（distribution）=编码分布（encoding）
Enabled softmax/V attention-product noise for 12 layers (softmax sf=16, V sf=34, distribution=fresh)
已替换 12 层的GELU函数（GELU function）
已替换 12 层的Softmax函数（Softmax function）
已为 12 层启用输入噪声（Input noise），缩放因子（scaling_factor）=30，分布（distribution）=新采样（fresh）
已为 12 层启用查询投影噪声（query noise），缩放因子（scaling_factor）=22，分布（distribution）=编码分布（encoding）
已为 12 层启用键投影噪声（key noise），缩放因子（scaling_factor）=22，分布（distribution）=编码分布（encoding）
已为 12 层启用值投影噪声（value noise），缩放因子（scaling_factor）=22，分布（distribution）=编码分布（encoding）
已为 12 层启用注意力输出投影噪声（wo noise），缩放因子（scaling_factor）=22，分布（distribution）=编码分布（encoding）
已为 12 层启用前馈网络第一层噪声（wffn1 noise），缩放因子（scaling_factor）=24，分布（distribution）=编码分布（encoding）
已为 12 层启用前馈网络第二层噪声（wffn2 noise），缩放因子（scaling_factor）=22，分布（distribution）=编码分布（encoding）
Enabled softmax/V attention-product noise for 12 layers (softmax sf=16, V sf=34, distribution=fresh)
已替换 12 层的GELU函数（GELU function）
已替换 12 层的Softmax函数（Softmax function）
已为 12 层启用输入噪声（Input noise），缩放因子（scaling_factor）=30，分布（distribution）=新采样（fresh）
已为 12 层启用查询投影噪声（query noise），缩放因子（scaling_factor）=22，分布（distribution）=编码分布（encoding）
已为 12 层启用键投影噪声（key noise），缩放因子（scaling_factor）=22，分布（distribution）=编码分布（encoding）
已为 12 层启用值投影噪声（value noise），缩放因子（scaling_factor）=22，分布（distribution）=编码分布（encoding）
已为 12 层启用注意力输出投影噪声（wo noise），缩放因子（scaling_factor）=22，分布（distribution）=编码分布（encoding）
已为 12 层启用前馈网络第一层噪声（wffn1 noise），缩放因子（scaling_factor）=24，分布（distribution）=编码分布（encoding）
已为 12 层启用前馈网络第二层噪声（wffn2 noise），缩放因子（scaling_factor）=22，分布（distribution）=编码分布（encoding）
Enabled softmax/V attention-product noise for 12 layers (softmax sf=16, V sf=34, distribution=fresh)
  softmax_sf=16, v_sf=34 => loss_mean=0.968383, loss_var=0.002823, m1_mean=0.486275, m1_var=0.001818, m2_mean=0.503723, m2_var=0.001721
已替换 12 层的GELU函数（GELU function）
已替换 12 层的Softmax函数（Softmax function）
已为 12 层启用输入噪声（Input noise），缩放因子（scaling_factor）=30，分布（distribution）=新采样（fresh）
已为 12 层启用查询投影噪声（query noise），缩放因子（scaling_factor）=22，分布（distribution）=编码分布（encoding）
已为 12 层启用键投影噪声（key noise），缩放因子（scaling_factor）=22，分布（distribution）=编码分布（encoding）
已为 12 层启用值投影噪声（value noise），缩放因子（scaling_factor）=22，分布（distribution）=编码分布（encoding）
已为 12 层启用注意力输出投影噪声（wo noise），缩放因子（scaling_factor）=22，分布（distribution）=编码分布（encoding）
已为 12 层启用前馈网络第一层噪声（wffn1 noise），缩放因子（scaling_factor）=24，分布（distribution）=编码分布（encoding）
已为 12 层启用前馈网络第二层噪声（wffn2 noise），缩放因子（scaling_factor）=22，分布（distribution）=编码分布（encoding）
Enabled softmax/V attention-product noise for 12 layers (softmax sf=16, V sf=36, distribution=fresh)
已替换 12 层的GELU函数（GELU function）
已替换 12 层的Softmax函数（Softmax function）
已为 12 层启用输入噪声（Input noise），缩放因子（scaling_factor）=30，分布（distribution）=新采样（fresh）
已为 12 层启用查询投影噪声（query noise），缩放因子（scaling_factor）=22，分布（distribution）=编码分布（encoding）
已为 12 层启用键投影噪声（key noise），缩放因子（scaling_factor）=22，分布（distribution）=编码分布（encoding）
已为 12 层启用值投影噪声（value noise），缩放因子（scaling_factor）=22，分布（distribution）=编码分布（encoding）
已为 12 层启用注意力输出投影噪声（wo noise），缩放因子（scaling_factor）=22，分布（distribution）=编码分布（encoding）
已为 12 层启用前馈网络第一层噪声（wffn1 noise），缩放因子（scaling_factor）=24，分布（distribution）=编码分布（encoding）
已为 12 层启用前馈网络第二层噪声（wffn2 noise），缩放因子（scaling_factor）=22，分布（distribution）=编码分布（encoding）
Enabled softmax/V attention-product noise for 12 layers (softmax sf=16, V sf=36, distribution=fresh)
已替换 12 层的GELU函数（GELU function）
已替换 12 层的Softmax函数（Softmax function）
已为 12 层启用输入噪声（Input noise），缩放因子（scaling_factor）=30，分布（distribution）=新采样（fresh）
已为 12 层启用查询投影噪声（query noise），缩放因子（scaling_factor）=22，分布（distribution）=编码分布（encoding）
已为 12 层启用键投影噪声（key noise），缩放因子（scaling_factor）=22，分布（distribution）=编码分布（encoding）
已为 12 层启用值投影噪声（value noise），缩放因子（scaling_factor）=22，分布（distribution）=编码分布（encoding）
已为 12 层启用注意力输出投影噪声（wo noise），缩放因子（scaling_factor）=22，分布（distribution）=编码分布（encoding）
已为 12 层启用前馈网络第一层噪声（wffn1 noise），缩放因子（scaling_factor）=24，分布（distribution）=编码分布（encoding）
已为 12 层启用前馈网络第二层噪声（wffn2 noise），缩放因子（scaling_factor）=22，分布（distribution）=编码分布（encoding）
Enabled softmax/V attention-product noise for 12 layers (softmax sf=16, V sf=36, distribution=fresh)
已替换 12 层的GELU函数（GELU function）
已替换 12 层的Softmax函数（Softmax function）
已为 12 层启用输入噪声（Input noise），缩放因子（scaling_factor）=30，分布（distribution）=新采样（fresh）
已为 12 层启用查询投影噪声（query noise），缩放因子（scaling_factor）=22，分布（distribution）=编码分布（encoding）
已为 12 层启用键投影噪声（key noise），缩放因子（scaling_factor）=22，分布（distribution）=编码分布（encoding）
已为 12 层启用值投影噪声（value noise），缩放因子（scaling_factor）=22，分布（distribution）=编码分布（encoding）
已为 12 层启用注意力输出投影噪声（wo noise），缩放因子（scaling_factor）=22，分布（distribution）=编码分布（encoding）
已为 12 层启用前馈网络第一层噪声（wffn1 noise），缩放因子（scaling_factor）=24，分布（distribution）=编码分布（encoding）
已为 12 层启用前馈网络第二层噪声（wffn2 noise），缩放因子（scaling_factor）=22，分布（distribution）=编码分布（encoding）
Enabled softmax/V attention-product noise for 12 layers (softmax sf=16, V sf=36, distribution=fresh)
已替换 12 层的GELU函数（GELU function）
已替换 12 层的Softmax函数（Softmax function）
已为 12 层启用输入噪声（Input noise），缩放因子（scaling_factor）=30，分布（distribution）=新采样（fresh）
已为 12 层启用查询投影噪声（query noise），缩放因子（scaling_factor）=22，分布（distribution）=编码分布（encoding）
已为 12 层启用键投影噪声（key noise），缩放因子（scaling_factor）=22，分布（distribution）=编码分布（encoding）
已为 12 层启用值投影噪声（value noise），缩放因子（scaling_factor）=22，分布（distribution）=编码分布（encoding）
已为 12 层启用注意力输出投影噪声（wo noise），缩放因子（scaling_factor）=22，分布（distribution）=编码分布（encoding）
已为 12 层启用前馈网络第一层噪声（wffn1 noise），缩放因子（scaling_factor）=24，分布（distribution）=编码分布（encoding）
已为 12 层启用前馈网络第二层噪声（wffn2 noise），缩放因子（scaling_factor）=22，分布（distribution）=编码分布（encoding）
Enabled softmax/V attention-product noise for 12 layers (softmax sf=16, V sf=36, distribution=fresh)
  softmax_sf=16, v_sf=36 => loss_mean=0.965538, loss_var=0.001251, m1_mean=0.486765, m1_var=0.000525, m2_mean=0.504193, m2_var=0.000488
已替换 12 层的GELU函数（GELU function）
已替换 12 层的Softmax函数（Softmax function）
已为 12 层启用输入噪声（Input noise），缩放因子（scaling_factor）=30，分布（distribution）=新采样（fresh）
已为 12 层启用查询投影噪声（query noise），缩放因子（scaling_factor）=22，分布（distribution）=编码分布（encoding）
已为 12 层启用键投影噪声（key noise），缩放因子（scaling_factor）=22，分布（distribution）=编码分布（encoding）
已为 12 层启用值投影噪声（value noise），缩放因子（scaling_factor）=22，分布（distribution）=编码分布（encoding）
已为 12 层启用注意力输出投影噪声（wo noise），缩放因子（scaling_factor）=22，分布（distribution）=编码分布（encoding）
已为 12 层启用前馈网络第一层噪声（wffn1 noise），缩放因子（scaling_factor）=24，分布（distribution）=编码分布（encoding）
已为 12 层启用前馈网络第二层噪声（wffn2 noise），缩放因子（scaling_factor）=22，分布（distribution）=编码分布（encoding）
Enabled softmax/V attention-product noise for 12 layers (softmax sf=16, V sf=38, distribution=fresh)
已替换 12 层的GELU函数（GELU function）
已替换 12 层的Softmax函数（Softmax function）
已为 12 层启用输入噪声（Input noise），缩放因子（scaling_factor）=30，分布（distribution）=新采样（fresh）
已为 12 层启用查询投影噪声（query noise），缩放因子（scaling_factor）=22，分布（distribution）=编码分布（encoding）
已为 12 层启用键投影噪声（key noise），缩放因子（scaling_factor）=22，分布（distribution）=编码分布（encoding）
已为 12 层启用值投影噪声（value noise），缩放因子（scaling_factor）=22，分布（distribution）=编码分布（encoding）
已为 12 层启用注意力输出投影噪声（wo noise），缩放因子（scaling_factor）=22，分布（distribution）=编码分布（encoding）
已为 12 层启用前馈网络第一层噪声（wffn1 noise），缩放因子（scaling_factor）=24，分布（distribution）=编码分布（encoding）
已为 12 层启用前馈网络第二层噪声（wffn2 noise），缩放因子（scaling_factor）=22，分布（distribution）=编码分布（encoding）
Enabled softmax/V attention-product noise for 12 layers (softmax sf=16, V sf=38, distribution=fresh)
已替换 12 层的GELU函数（GELU function）
已替换 12 层的Softmax函数（Softmax function）
已为 12 层启用输入噪声（Input noise），缩放因子（scaling_factor）=30，分布（distribution）=新采样（fresh）
已为 12 层启用查询投影噪声（query noise），缩放因子（scaling_factor）=22，分布（distribution）=编码分布（encoding）
已为 12 层启用键投影噪声（key noise），缩放因子（scaling_factor）=22，分布（distribution）=编码分布（encoding）
已为 12 层启用值投影噪声（value noise），缩放因子（scaling_factor）=22，分布（distribution）=编码分布（encoding）
已为 12 层启用注意力输出投影噪声（wo noise），缩放因子（scaling_factor）=22，分布（distribution）=编码分布（encoding）
已为 12 层启用前馈网络第一层噪声（wffn1 noise），缩放因子（scaling_factor）=24，分布（distribution）=编码分布（encoding）
已为 12 层启用前馈网络第二层噪声（wffn2 noise），缩放因子（scaling_factor）=22，分布（distribution）=编码分布（encoding）
Enabled softmax/V attention-product noise for 12 layers (softmax sf=16, V sf=38, distribution=fresh)
已替换 12 层的GELU函数（GELU function）
已替换 12 层的Softmax函数（Softmax function）
已为 12 层启用输入噪声（Input noise），缩放因子（scaling_factor）=30，分布（distribution）=新采样（fresh）
已为 12 层启用查询投影噪声（query noise），缩放因子（scaling_factor）=22，分布（distribution）=编码分布（encoding）
已为 12 层启用键投影噪声（key noise），缩放因子（scaling_factor）=22，分布（distribution）=编码分布（encoding）
已为 12 层启用值投影噪声（value noise），缩放因子（scaling_factor）=22，分布（distribution）=编码分布（encoding）
已为 12 层启用注意力输出投影噪声（wo noise），缩放因子（scaling_factor）=22，分布（distribution）=编码分布（encoding）
已为 12 层启用前馈网络第一层噪声（wffn1 noise），缩放因子（scaling_factor）=24，分布（distribution）=编码分布（encoding）
已为 12 层启用前馈网络第二层噪声（wffn2 noise），缩放因子（scaling_factor）=22，分布（distribution）=编码分布（encoding）
Enabled softmax/V attention-product noise for 12 layers (softmax sf=16, V sf=38, distribution=fresh)
已替换 12 层的GELU函数（GELU function）
已替换 12 层的Softmax函数（Softmax function）
已为 12 层启用输入噪声（Input noise），缩放因子（scaling_factor）=30，分布（distribution）=新采样（fresh）
已为 12 层启用查询投影噪声（query noise），缩放因子（scaling_factor）=22，分布（distribution）=编码分布（encoding）
已为 12 层启用键投影噪声（key noise），缩放因子（scaling_factor）=22，分布（distribution）=编码分布（encoding）
已为 12 层启用值投影噪声（value noise），缩放因子（scaling_factor）=22，分布（distribution）=编码分布（encoding）
已为 12 层启用注意力输出投影噪声（wo noise），缩放因子（scaling_factor）=22，分布（distribution）=编码分布（encoding）
已为 12 层启用前馈网络第一层噪声（wffn1 noise），缩放因子（scaling_factor）=24，分布（distribution）=编码分布（encoding）
已为 12 层启用前馈网络第二层噪声（wffn2 noise），缩放因子（scaling_factor）=22，分布（distribution）=编码分布（encoding）
Enabled softmax/V attention-product noise for 12 layers (softmax sf=16, V sf=38, distribution=fresh)
  softmax_sf=16, v_sf=38 => loss_mean=0.921525, loss_var=0.001029, m1_mean=0.509804, m1_var=0.000339, m2_mean=0.526459, m2_var=0.000312
已替换 12 层的GELU函数（GELU function）
已替换 12 层的Softmax函数（Softmax function）
已为 12 层启用输入噪声（Input noise），缩放因子（scaling_factor）=30，分布（distribution）=新采样（fresh）
已为 12 层启用查询投影噪声（query noise），缩放因子（scaling_factor）=22，分布（distribution）=编码分布（encoding）
已为 12 层启用键投影噪声（key noise），缩放因子（scaling_factor）=22，分布（distribution）=编码分布（encoding）
已为 12 层启用值投影噪声（value noise），缩放因子（scaling_factor）=22，分布（distribution）=编码分布（encoding）
已为 12 层启用注意力输出投影噪声（wo noise），缩放因子（scaling_factor）=22，分布（distribution）=编码分布（encoding）
已为 12 层启用前馈网络第一层噪声（wffn1 noise），缩放因子（scaling_factor）=24，分布（distribution）=编码分布（encoding）
已为 12 层启用前馈网络第二层噪声（wffn2 noise），缩放因子（scaling_factor）=22，分布（distribution）=编码分布（encoding）
Enabled softmax/V attention-product noise for 12 layers (softmax sf=16, V sf=40, distribution=fresh)
已替换 12 层的GELU函数（GELU function）
已替换 12 层的Softmax函数（Softmax function）
已为 12 层启用输入噪声（Input noise），缩放因子（scaling_factor）=30，分布（distribution）=新采样（fresh）
已为 12 层启用查询投影噪声（query noise），缩放因子（scaling_factor）=22，分布（distribution）=编码分布（encoding）
已为 12 层启用键投影噪声（key noise），缩放因子（scaling_factor）=22，分布（distribution）=编码分布（encoding）
已为 12 层启用值投影噪声（value noise），缩放因子（scaling_factor）=22，分布（distribution）=编码分布（encoding）
已为 12 层启用注意力输出投影噪声（wo noise），缩放因子（scaling_factor）=22，分布（distribution）=编码分布（encoding）
已为 12 层启用前馈网络第一层噪声（wffn1 noise），缩放因子（scaling_factor）=24，分布（distribution）=编码分布（encoding）
已为 12 层启用前馈网络第二层噪声（wffn2 noise），缩放因子（scaling_factor）=22，分布（distribution）=编码分布（encoding）
Enabled softmax/V attention-product noise for 12 layers (softmax sf=16, V sf=40, distribution=fresh)
已替换 12 层的GELU函数（GELU function）
已替换 12 层的Softmax函数（Softmax function）
已为 12 层启用输入噪声（Input noise），缩放因子（scaling_factor）=30，分布（distribution）=新采样（fresh）
已为 12 层启用查询投影噪声（query noise），缩放因子（scaling_factor）=22，分布（distribution）=编码分布（encoding）
已为 12 层启用键投影噪声（key noise），缩放因子（scaling_factor）=22，分布（distribution）=编码分布（encoding）
已为 12 层启用值投影噪声（value noise），缩放因子（scaling_factor）=22，分布（distribution）=编码分布（encoding）
已为 12 层启用注意力输出投影噪声（wo noise），缩放因子（scaling_factor）=22，分布（distribution）=编码分布（encoding）
已为 12 层启用前馈网络第一层噪声（wffn1 noise），缩放因子（scaling_factor）=24，分布（distribution）=编码分布（encoding）
已为 12 层启用前馈网络第二层噪声（wffn2 noise），缩放因子（scaling_factor）=22，分布（distribution）=编码分布（encoding）
Enabled softmax/V attention-product noise for 12 layers (softmax sf=16, V sf=40, distribution=fresh)
已替换 12 层的GELU函数（GELU function）
已替换 12 层的Softmax函数（Softmax function）
已为 12 层启用输入噪声（Input noise），缩放因子（scaling_factor）=30，分布（distribution）=新采样（fresh）
已为 12 层启用查询投影噪声（query noise），缩放因子（scaling_factor）=22，分布（distribution）=编码分布（encoding）
已为 12 层启用键投影噪声（key noise），缩放因子（scaling_factor）=22，分布（distribution）=编码分布（encoding）
已为 12 层启用值投影噪声（value noise），缩放因子（scaling_factor）=22，分布（distribution）=编码分布（encoding）
已为 12 层启用注意力输出投影噪声（wo noise），缩放因子（scaling_factor）=22，分布（distribution）=编码分布（encoding）
已为 12 层启用前馈网络第一层噪声（wffn1 noise），缩放因子（scaling_factor）=24，分布（distribution）=编码分布（encoding）
已为 12 层启用前馈网络第二层噪声（wffn2 noise），缩放因子（scaling_factor）=22，分布（distribution）=编码分布（encoding）
Enabled softmax/V attention-product noise for 12 layers (softmax sf=16, V sf=40, distribution=fresh)
已替换 12 层的GELU函数（GELU function）
已替换 12 层的Softmax函数（Softmax function）
已为 12 层启用输入噪声（Input noise），缩放因子（scaling_factor）=30，分布（distribution）=新采样（fresh）
已为 12 层启用查询投影噪声（query noise），缩放因子（scaling_factor）=22，分布（distribution）=编码分布（encoding）
已为 12 层启用键投影噪声（key noise），缩放因子（scaling_factor）=22，分布（distribution）=编码分布（encoding）
已为 12 层启用值投影噪声（value noise），缩放因子（scaling_factor）=22，分布（distribution）=编码分布（encoding）
已为 12 层启用注意力输出投影噪声（wo noise），缩放因子（scaling_factor）=22，分布（distribution）=编码分布（encoding）
已为 12 层启用前馈网络第一层噪声（wffn1 noise），缩放因子（scaling_factor）=24，分布（distribution）=编码分布（encoding）
已为 12 层启用前馈网络第二层噪声（wffn2 noise），缩放因子（scaling_factor）=22，分布（distribution）=编码分布（encoding）
Enabled softmax/V attention-product noise for 12 layers (softmax sf=16, V sf=40, distribution=fresh)
  softmax_sf=16, v_sf=40 => loss_mean=0.922428, loss_var=0.001112, m1_mean=0.507843, m1_var=0.000532, m2_mean=0.524220, m2_var=0.000477
已替换 12 层的GELU函数（GELU function）
已替换 12 层的Softmax函数（Softmax function）
已为 12 层启用输入噪声（Input noise），缩放因子（scaling_factor）=30，分布（distribution）=新采样（fresh）
已为 12 层启用查询投影噪声（query noise），缩放因子（scaling_factor）=22，分布（distribution）=编码分布（encoding）
已为 12 层启用键投影噪声（key noise），缩放因子（scaling_factor）=22，分布（distribution）=编码分布（encoding）
已为 12 层启用值投影噪声（value noise），缩放因子（scaling_factor）=22，分布（distribution）=编码分布（encoding）
已为 12 层启用注意力输出投影噪声（wo noise），缩放因子（scaling_factor）=22，分布（distribution）=编码分布（encoding）
已为 12 层启用前馈网络第一层噪声（wffn1 noise），缩放因子（scaling_factor）=24，分布（distribution）=编码分布（encoding）
已为 12 层启用前馈网络第二层噪声（wffn2 noise），缩放因子（scaling_factor）=22，分布（distribution）=编码分布（encoding）
Enabled softmax/V attention-product noise for 12 layers (softmax sf=16, V sf=42, distribution=fresh)
已替换 12 层的GELU函数（GELU function）
已替换 12 层的Softmax函数（Softmax function）
已为 12 层启用输入噪声（Input noise），缩放因子（scaling_factor）=30，分布（distribution）=新采样（fresh）
已为 12 层启用查询投影噪声（query noise），缩放因子（scaling_factor）=22，分布（distribution）=编码分布（encoding）
已为 12 层启用键投影噪声（key noise），缩放因子（scaling_factor）=22，分布（distribution）=编码分布（encoding）
已为 12 层启用值投影噪声（value noise），缩放因子（scaling_factor）=22，分布（distribution）=编码分布（encoding）
已为 12 层启用注意力输出投影噪声（wo noise），缩放因子（scaling_factor）=22，分布（distribution）=编码分布（encoding）
已为 12 层启用前馈网络第一层噪声（wffn1 noise），缩放因子（scaling_factor）=24，分布（distribution）=编码分布（encoding）
已为 12 层启用前馈网络第二层噪声（wffn2 noise），缩放因子（scaling_factor）=22，分布（distribution）=编码分布（encoding）
Enabled softmax/V attention-product noise for 12 layers (softmax sf=16, V sf=42, distribution=fresh)
已替换 12 层的GELU函数（GELU function）
已替换 12 层的Softmax函数（Softmax function）
已为 12 层启用输入噪声（Input noise），缩放因子（scaling_factor）=30，分布（distribution）=新采样（fresh）
已为 12 层启用查询投影噪声（query noise），缩放因子（scaling_factor）=22，分布（distribution）=编码分布（encoding）
已为 12 层启用键投影噪声（key noise），缩放因子（scaling_factor）=22，分布（distribution）=编码分布（encoding）
已为 12 层启用值投影噪声（value noise），缩放因子（scaling_factor）=22，分布（distribution）=编码分布（encoding）
已为 12 层启用注意力输出投影噪声（wo noise），缩放因子（scaling_factor）=22，分布（distribution）=编码分布（encoding）
已为 12 层启用前馈网络第一层噪声（wffn1 noise），缩放因子（scaling_factor）=24，分布（distribution）=编码分布（encoding）
已为 12 层启用前馈网络第二层噪声（wffn2 noise），缩放因子（scaling_factor）=22，分布（distribution）=编码分布（encoding）
Enabled softmax/V attention-product noise for 12 layers (softmax sf=16, V sf=42, distribution=fresh)
已替换 12 层的GELU函数（GELU function）
已替换 12 层的Softmax函数（Softmax function）
已为 12 层启用输入噪声（Input noise），缩放因子（scaling_factor）=30，分布（distribution）=新采样（fresh）
已为 12 层启用查询投影噪声（query noise），缩放因子（scaling_factor）=22，分布（distribution）=编码分布（encoding）
已为 12 层启用键投影噪声（key noise），缩放因子（scaling_factor）=22，分布（distribution）=编码分布（encoding）
已为 12 层启用值投影噪声（value noise），缩放因子（scaling_factor）=22，分布（distribution）=编码分布（encoding）
已为 12 层启用注意力输出投影噪声（wo noise），缩放因子（scaling_factor）=22，分布（distribution）=编码分布（encoding）
已为 12 层启用前馈网络第一层噪声（wffn1 noise），缩放因子（scaling_factor）=24，分布（distribution）=编码分布（encoding）
已为 12 层启用前馈网络第二层噪声（wffn2 noise），缩放因子（scaling_factor）=22，分布（distribution）=编码分布（encoding）
Enabled softmax/V attention-product noise for 12 layers (softmax sf=16, V sf=42, distribution=fresh)
已替换 12 层的GELU函数（GELU function）
已替换 12 层的Softmax函数（Softmax function）
已为 12 层启用输入噪声（Input noise），缩放因子（scaling_factor）=30，分布（distribution）=新采样（fresh）
已为 12 层启用查询投影噪声（query noise），缩放因子（scaling_factor）=22，分布（distribution）=编码分布（encoding）
已为 12 层启用键投影噪声（key noise），缩放因子（scaling_factor）=22，分布（distribution）=编码分布（encoding）
已为 12 层启用值投影噪声（value noise），缩放因子（scaling_factor）=22，分布（distribution）=编码分布（encoding）
已为 12 层启用注意力输出投影噪声（wo noise），缩放因子（scaling_factor）=22，分布（distribution）=编码分布（encoding）
已为 12 层启用前馈网络第一层噪声（wffn1 noise），缩放因子（scaling_factor）=24，分布（distribution）=编码分布（encoding）
已为 12 层启用前馈网络第二层噪声（wffn2 noise），缩放因子（scaling_factor）=22，分布（distribution）=编码分布（encoding）
Enabled softmax/V attention-product noise for 12 layers (softmax sf=16, V sf=42, distribution=fresh)
  softmax_sf=16, v_sf=42 => loss_mean=0.946785, loss_var=0.001382, m1_mean=0.509314, m1_var=0.000782, m2_mean=0.526155, m2_var=0.000737
已替换 12 层的GELU函数（GELU function）
已替换 12 层的Softmax函数（Softmax function）
已为 12 层启用输入噪声（Input noise），缩放因子（scaling_factor）=30，分布（distribution）=新采样（fresh）
已为 12 层启用查询投影噪声（query noise），缩放因子（scaling_factor）=22，分布（distribution）=编码分布（encoding）
已为 12 层启用键投影噪声（key noise），缩放因子（scaling_factor）=22，分布（distribution）=编码分布（encoding）
已为 12 层启用值投影噪声（value noise），缩放因子（scaling_factor）=22，分布（distribution）=编码分布（encoding）
已为 12 层启用注意力输出投影噪声（wo noise），缩放因子（scaling_factor）=22，分布（distribution）=编码分布（encoding）
已为 12 层启用前馈网络第一层噪声（wffn1 noise），缩放因子（scaling_factor）=24，分布（distribution）=编码分布（encoding）
已为 12 层启用前馈网络第二层噪声（wffn2 noise），缩放因子（scaling_factor）=22，分布（distribution）=编码分布（encoding）
Enabled softmax/V attention-product noise for 12 layers (softmax sf=16, V sf=44, distribution=fresh)
已替换 12 层的GELU函数（GELU function）
已替换 12 层的Softmax函数（Softmax function）
已为 12 层启用输入噪声（Input noise），缩放因子（scaling_factor）=30，分布（distribution）=新采样（fresh）
已为 12 层启用查询投影噪声（query noise），缩放因子（scaling_factor）=22，分布（distribution）=编码分布（encoding）
已为 12 层启用键投影噪声（key noise），缩放因子（scaling_factor）=22，分布（distribution）=编码分布（encoding）
已为 12 层启用值投影噪声（value noise），缩放因子（scaling_factor）=22，分布（distribution）=编码分布（encoding）
已为 12 层启用注意力输出投影噪声（wo noise），缩放因子（scaling_factor）=22，分布（distribution）=编码分布（encoding）
已为 12 层启用前馈网络第一层噪声（wffn1 noise），缩放因子（scaling_factor）=24，分布（distribution）=编码分布（encoding）
已为 12 层启用前馈网络第二层噪声（wffn2 noise），缩放因子（scaling_factor）=22，分布（distribution）=编码分布（encoding）
Enabled softmax/V attention-product noise for 12 layers (softmax sf=16, V sf=44, distribution=fresh)
已替换 12 层的GELU函数（GELU function）
已替换 12 层的Softmax函数（Softmax function）
已为 12 层启用输入噪声（Input noise），缩放因子（scaling_factor）=30，分布（distribution）=新采样（fresh）
已为 12 层启用查询投影噪声（query noise），缩放因子（scaling_factor）=22，分布（distribution）=编码分布（encoding）
已为 12 层启用键投影噪声（key noise），缩放因子（scaling_factor）=22，分布（distribution）=编码分布（encoding）
已为 12 层启用值投影噪声（value noise），缩放因子（scaling_factor）=22，分布（distribution）=编码分布（encoding）
已为 12 层启用注意力输出投影噪声（wo noise），缩放因子（scaling_factor）=22，分布（distribution）=编码分布（encoding）
已为 12 层启用前馈网络第一层噪声（wffn1 noise），缩放因子（scaling_factor）=24，分布（distribution）=编码分布（encoding）
已为 12 层启用前馈网络第二层噪声（wffn2 noise），缩放因子（scaling_factor）=22，分布（distribution）=编码分布（encoding）
Enabled softmax/V attention-product noise for 12 layers (softmax sf=16, V sf=44, distribution=fresh)
已替换 12 层的GELU函数（GELU function）
已替换 12 层的Softmax函数（Softmax function）
已为 12 层启用输入噪声（Input noise），缩放因子（scaling_factor）=30，分布（distribution）=新采样（fresh）
已为 12 层启用查询投影噪声（query noise），缩放因子（scaling_factor）=22，分布（distribution）=编码分布（encoding）
已为 12 层启用键投影噪声（key noise），缩放因子（scaling_factor）=22，分布（distribution）=编码分布（encoding）
已为 12 层启用值投影噪声（value noise），缩放因子（scaling_factor）=22，分布（distribution）=编码分布（encoding）
已为 12 层启用注意力输出投影噪声（wo noise），缩放因子（scaling_factor）=22，分布（distribution）=编码分布（encoding）
已为 12 层启用前馈网络第一层噪声（wffn1 noise），缩放因子（scaling_factor）=24，分布（distribution）=编码分布（encoding）
已为 12 层启用前馈网络第二层噪声（wffn2 noise），缩放因子（scaling_factor）=22，分布（distribution）=编码分布（encoding）
Enabled softmax/V attention-product noise for 12 layers (softmax sf=16, V sf=44, distribution=fresh)
已替换 12 层的GELU函数（GELU function）
已替换 12 层的Softmax函数（Softmax function）
已为 12 层启用输入噪声（Input noise），缩放因子（scaling_factor）=30，分布（distribution）=新采样（fresh）
已为 12 层启用查询投影噪声（query noise），缩放因子（scaling_factor）=22，分布（distribution）=编码分布（encoding）
已为 12 层启用键投影噪声（key noise），缩放因子（scaling_factor）=22，分布（distribution）=编码分布（encoding）
已为 12 层启用值投影噪声（value noise），缩放因子（scaling_factor）=22，分布（distribution）=编码分布（encoding）
已为 12 层启用注意力输出投影噪声（wo noise），缩放因子（scaling_factor）=22，分布（distribution）=编码分布（encoding）
已为 12 层启用前馈网络第一层噪声（wffn1 noise），缩放因子（scaling_factor）=24，分布（distribution）=编码分布（encoding）
已为 12 层启用前馈网络第二层噪声（wffn2 noise），缩放因子（scaling_factor）=22，分布（distribution）=编码分布（encoding）
Enabled softmax/V attention-product noise for 12 layers (softmax sf=16, V sf=44, distribution=fresh)
  softmax_sf=16, v_sf=44 => loss_mean=0.964345, loss_var=0.001205, m1_mean=0.491176, m1_var=0.000742, m2_mean=0.508543, m2_var=0.000695
已替换 12 层的GELU函数（GELU function）
已替换 12 层的Softmax函数（Softmax function）
已为 12 层启用输入噪声（Input noise），缩放因子（scaling_factor）=30，分布（distribution）=新采样（fresh）
已为 12 层启用查询投影噪声（query noise），缩放因子（scaling_factor）=22，分布（distribution）=编码分布（encoding）
已为 12 层启用键投影噪声（key noise），缩放因子（scaling_factor）=22，分布（distribution）=编码分布（encoding）
已为 12 层启用值投影噪声（value noise），缩放因子（scaling_factor）=22，分布（distribution）=编码分布（encoding）
已为 12 层启用注意力输出投影噪声（wo noise），缩放因子（scaling_factor）=22，分布（distribution）=编码分布（encoding）
已为 12 层启用前馈网络第一层噪声（wffn1 noise），缩放因子（scaling_factor）=24，分布（distribution）=编码分布（encoding）
已为 12 层启用前馈网络第二层噪声（wffn2 noise），缩放因子（scaling_factor）=22，分布（distribution）=编码分布（encoding）
Enabled softmax/V attention-product noise for 12 layers (softmax sf=16, V sf=46, distribution=fresh)
已替换 12 层的GELU函数（GELU function）
已替换 12 层的Softmax函数（Softmax function）
已为 12 层启用输入噪声（Input noise），缩放因子（scaling_factor）=30，分布（distribution）=新采样（fresh）
已为 12 层启用查询投影噪声（query noise），缩放因子（scaling_factor）=22，分布（distribution）=编码分布（encoding）
已为 12 层启用键投影噪声（key noise），缩放因子（scaling_factor）=22，分布（distribution）=编码分布（encoding）
已为 12 层启用值投影噪声（value noise），缩放因子（scaling_factor）=22，分布（distribution）=编码分布（encoding）
已为 12 层启用注意力输出投影噪声（wo noise），缩放因子（scaling_factor）=22，分布（distribution）=编码分布（encoding）
已为 12 层启用前馈网络第一层噪声（wffn1 noise），缩放因子（scaling_factor）=24，分布（distribution）=编码分布（encoding）
已为 12 层启用前馈网络第二层噪声（wffn2 noise），缩放因子（scaling_factor）=22，分布（distribution）=编码分布（encoding）
Enabled softmax/V attention-product noise for 12 layers (softmax sf=16, V sf=46, distribution=fresh)
已替换 12 层的GELU函数（GELU function）
已替换 12 层的Softmax函数（Softmax function）
已为 12 层启用输入噪声（Input noise），缩放因子（scaling_factor）=30，分布（distribution）=新采样（fresh）
已为 12 层启用查询投影噪声（query noise），缩放因子（scaling_factor）=22，分布（distribution）=编码分布（encoding）
已为 12 层启用键投影噪声（key noise），缩放因子（scaling_factor）=22，分布（distribution）=编码分布（encoding）
已为 12 层启用值投影噪声（value noise），缩放因子（scaling_factor）=22，分布（distribution）=编码分布（encoding）
已为 12 层启用注意力输出投影噪声（wo noise），缩放因子（scaling_factor）=22，分布（distribution）=编码分布（encoding）
已为 12 层启用前馈网络第一层噪声（wffn1 noise），缩放因子（scaling_factor）=24，分布（distribution）=编码分布（encoding）
已为 12 层启用前馈网络第二层噪声（wffn2 noise），缩放因子（scaling_factor）=22，分布（distribution）=编码分布（encoding）
Enabled softmax/V attention-product noise for 12 layers (softmax sf=16, V sf=46, distribution=fresh)
已替换 12 层的GELU函数（GELU function）
已替换 12 层的Softmax函数（Softmax function）
已为 12 层启用输入噪声（Input noise），缩放因子（scaling_factor）=30，分布（distribution）=新采样（fresh）
已为 12 层启用查询投影噪声（query noise），缩放因子（scaling_factor）=22，分布（distribution）=编码分布（encoding）
已为 12 层启用键投影噪声（key noise），缩放因子（scaling_factor）=22，分布（distribution）=编码分布（encoding）
已为 12 层启用值投影噪声（value noise），缩放因子（scaling_factor）=22，分布（distribution）=编码分布（encoding）
已为 12 层启用注意力输出投影噪声（wo noise），缩放因子（scaling_factor）=22，分布（distribution）=编码分布（encoding）
已为 12 层启用前馈网络第一层噪声（wffn1 noise），缩放因子（scaling_factor）=24，分布（distribution）=编码分布（encoding）
已为 12 层启用前馈网络第二层噪声（wffn2 noise），缩放因子（scaling_factor）=22，分布（distribution）=编码分布（encoding）
Enabled softmax/V attention-product noise for 12 layers (softmax sf=16, V sf=46, distribution=fresh)
已替换 12 层的GELU函数（GELU function）
已替换 12 层的Softmax函数（Softmax function）
已为 12 层启用输入噪声（Input noise），缩放因子（scaling_factor）=30，分布（distribution）=新采样（fresh）
已为 12 层启用查询投影噪声（query noise），缩放因子（scaling_factor）=22，分布（distribution）=编码分布（encoding）
已为 12 层启用键投影噪声（key noise），缩放因子（scaling_factor）=22，分布（distribution）=编码分布（encoding）
已为 12 层启用值投影噪声（value noise），缩放因子（scaling_factor）=22，分布（distribution）=编码分布（encoding）
已为 12 层启用注意力输出投影噪声（wo noise），缩放因子（scaling_factor）=22，分布（distribution）=编码分布（encoding）
已为 12 层启用前馈网络第一层噪声（wffn1 noise），缩放因子（scaling_factor）=24，分布（distribution）=编码分布（encoding）
已为 12 层启用前馈网络第二层噪声（wffn2 noise），缩放因子（scaling_factor）=22，分布（distribution）=编码分布（encoding）
Enabled softmax/V attention-product noise for 12 layers (softmax sf=16, V sf=46, distribution=fresh)
  softmax_sf=16, v_sf=46 => loss_mean=0.971216, loss_var=0.001170, m1_mean=0.490686, m1_var=0.000907, m2_mean=0.507344, m2_var=0.000834
已替换 12 层的GELU函数（GELU function）
已替换 12 层的Softmax函数（Softmax function）
已为 12 层启用输入噪声（Input noise），缩放因子（scaling_factor）=30，分布（distribution）=新采样（fresh）
已为 12 层启用查询投影噪声（query noise），缩放因子（scaling_factor）=22，分布（distribution）=编码分布（encoding）
已为 12 层启用键投影噪声（key noise），缩放因子（scaling_factor）=22，分布（distribution）=编码分布（encoding）
已为 12 层启用值投影噪声（value noise），缩放因子（scaling_factor）=22，分布（distribution）=编码分布（encoding）
已为 12 层启用注意力输出投影噪声（wo noise），缩放因子（scaling_factor）=22，分布（distribution）=编码分布（encoding）
已为 12 层启用前馈网络第一层噪声（wffn1 noise），缩放因子（scaling_factor）=24，分布（distribution）=编码分布（encoding）
已为 12 层启用前馈网络第二层噪声（wffn2 noise），缩放因子（scaling_factor）=22，分布（distribution）=编码分布（encoding）
Enabled softmax/V attention-product noise for 12 layers (softmax sf=16, V sf=48, distribution=fresh)
已替换 12 层的GELU函数（GELU function）
已替换 12 层的Softmax函数（Softmax function）
已为 12 层启用输入噪声（Input noise），缩放因子（scaling_factor）=30，分布（distribution）=新采样（fresh）
已为 12 层启用查询投影噪声（query noise），缩放因子（scaling_factor）=22，分布（distribution）=编码分布（encoding）
已为 12 层启用键投影噪声（key noise），缩放因子（scaling_factor）=22，分布（distribution）=编码分布（encoding）
已为 12 层启用值投影噪声（value noise），缩放因子（scaling_factor）=22，分布（distribution）=编码分布（encoding）
已为 12 层启用注意力输出投影噪声（wo noise），缩放因子（scaling_factor）=22，分布（distribution）=编码分布（encoding）
已为 12 层启用前馈网络第一层噪声（wffn1 noise），缩放因子（scaling_factor）=24，分布（distribution）=编码分布（encoding）
已为 12 层启用前馈网络第二层噪声（wffn2 noise），缩放因子（scaling_factor）=22，分布（distribution）=编码分布（encoding）
Enabled softmax/V attention-product noise for 12 layers (softmax sf=16, V sf=48, distribution=fresh)
已替换 12 层的GELU函数（GELU function）
已替换 12 层的Softmax函数（Softmax function）
已为 12 层启用输入噪声（Input noise），缩放因子（scaling_factor）=30，分布（distribution）=新采样（fresh）
已为 12 层启用查询投影噪声（query noise），缩放因子（scaling_factor）=22，分布（distribution）=编码分布（encoding）
已为 12 层启用键投影噪声（key noise），缩放因子（scaling_factor）=22，分布（distribution）=编码分布（encoding）
已为 12 层启用值投影噪声（value noise），缩放因子（scaling_factor）=22，分布（distribution）=编码分布（encoding）
已为 12 层启用注意力输出投影噪声（wo noise），缩放因子（scaling_factor）=22，分布（distribution）=编码分布（encoding）
已为 12 层启用前馈网络第一层噪声（wffn1 noise），缩放因子（scaling_factor）=24，分布（distribution）=编码分布（encoding）
已为 12 层启用前馈网络第二层噪声（wffn2 noise），缩放因子（scaling_factor）=22，分布（distribution）=编码分布（encoding）
Enabled softmax/V attention-product noise for 12 layers (softmax sf=16, V sf=48, distribution=fresh)
已替换 12 层的GELU函数（GELU function）
已替换 12 层的Softmax函数（Softmax function）
已为 12 层启用输入噪声（Input noise），缩放因子（scaling_factor）=30，分布（distribution）=新采样（fresh）
已为 12 层启用查询投影噪声（query noise），缩放因子（scaling_factor）=22，分布（distribution）=编码分布（encoding）
已为 12 层启用键投影噪声（key noise），缩放因子（scaling_factor）=22，分布（distribution）=编码分布（encoding）
已为 12 层启用值投影噪声（value noise），缩放因子（scaling_factor）=22，分布（distribution）=编码分布（encoding）
已为 12 层启用注意力输出投影噪声（wo noise），缩放因子（scaling_factor）=22，分布（distribution）=编码分布（encoding）
已为 12 层启用前馈网络第一层噪声（wffn1 noise），缩放因子（scaling_factor）=24，分布（distribution）=编码分布（encoding）
已为 12 层启用前馈网络第二层噪声（wffn2 noise），缩放因子（scaling_factor）=22，分布（distribution）=编码分布（encoding）
Enabled softmax/V attention-product noise for 12 layers (softmax sf=16, V sf=48, distribution=fresh)
已替换 12 层的GELU函数（GELU function）
已替换 12 层的Softmax函数（Softmax function）
已为 12 层启用输入噪声（Input noise），缩放因子（scaling_factor）=30，分布（distribution）=新采样（fresh）
已为 12 层启用查询投影噪声（query noise），缩放因子（scaling_factor）=22，分布（distribution）=编码分布（encoding）
已为 12 层启用键投影噪声（key noise），缩放因子（scaling_factor）=22，分布（distribution）=编码分布（encoding）
已为 12 层启用值投影噪声（value noise），缩放因子（scaling_factor）=22，分布（distribution）=编码分布（encoding）
已为 12 层启用注意力输出投影噪声（wo noise），缩放因子（scaling_factor）=22，分布（distribution）=编码分布（encoding）
已为 12 层启用前馈网络第一层噪声（wffn1 noise），缩放因子（scaling_factor）=24，分布（distribution）=编码分布（encoding）
已为 12 层启用前馈网络第二层噪声（wffn2 noise），缩放因子（scaling_factor）=22，分布（distribution）=编码分布（encoding）
Enabled softmax/V attention-product noise for 12 layers (softmax sf=16, V sf=48, distribution=fresh)
  softmax_sf=16, v_sf=48 => loss_mean=0.950735, loss_var=0.002171, m1_mean=0.496569, m1_var=0.000775, m2_mean=0.513193, m2_var=0.000738
已替换 12 层的GELU函数（GELU function）
已替换 12 层的Softmax函数（Softmax function）
已为 12 层启用输入噪声（Input noise），缩放因子（scaling_factor）=30，分布（distribution）=新采样（fresh）
已为 12 层启用查询投影噪声（query noise），缩放因子（scaling_factor）=22，分布（distribution）=编码分布（encoding）
已为 12 层启用键投影噪声（key noise），缩放因子（scaling_factor）=22，分布（distribution）=编码分布（encoding）
已为 12 层启用值投影噪声（value noise），缩放因子（scaling_factor）=22，分布（distribution）=编码分布（encoding）
已为 12 层启用注意力输出投影噪声（wo noise），缩放因子（scaling_factor）=22，分布（distribution）=编码分布（encoding）
已为 12 层启用前馈网络第一层噪声（wffn1 noise），缩放因子（scaling_factor）=24，分布（distribution）=编码分布（encoding）
已为 12 层启用前馈网络第二层噪声（wffn2 noise），缩放因子（scaling_factor）=22，分布（distribution）=编码分布（encoding）
Enabled softmax/V attention-product noise for 12 layers (softmax sf=18, V sf=10, distribution=fresh)
已替换 12 层的GELU函数（GELU function）
已替换 12 层的Softmax函数（Softmax function）
已为 12 层启用输入噪声（Input noise），缩放因子（scaling_factor）=30，分布（distribution）=新采样（fresh）
已为 12 层启用查询投影噪声（query noise），缩放因子（scaling_factor）=22，分布（distribution）=编码分布（encoding）
已为 12 层启用键投影噪声（key noise），缩放因子（scaling_factor）=22，分布（distribution）=编码分布（encoding）
已为 12 层启用值投影噪声（value noise），缩放因子（scaling_factor）=22，分布（distribution）=编码分布（encoding）
已为 12 层启用注意力输出投影噪声（wo noise），缩放因子（scaling_factor）=22，分布（distribution）=编码分布（encoding）
已为 12 层启用前馈网络第一层噪声（wffn1 noise），缩放因子（scaling_factor）=24，分布（distribution）=编码分布（encoding）
已为 12 层启用前馈网络第二层噪声（wffn2 noise），缩放因子（scaling_factor）=22，分布（distribution）=编码分布（encoding）
Enabled softmax/V attention-product noise for 12 layers (softmax sf=18, V sf=10, distribution=fresh)
已替换 12 层的GELU函数（GELU function）
已替换 12 层的Softmax函数（Softmax function）
已为 12 层启用输入噪声（Input noise），缩放因子（scaling_factor）=30，分布（distribution）=新采样（fresh）
已为 12 层启用查询投影噪声（query noise），缩放因子（scaling_factor）=22，分布（distribution）=编码分布（encoding）
已为 12 层启用键投影噪声（key noise），缩放因子（scaling_factor）=22，分布（distribution）=编码分布（encoding）
已为 12 层启用值投影噪声（value noise），缩放因子（scaling_factor）=22，分布（distribution）=编码分布（encoding）
已为 12 层启用注意力输出投影噪声（wo noise），缩放因子（scaling_factor）=22，分布（distribution）=编码分布（encoding）
已为 12 层启用前馈网络第一层噪声（wffn1 noise），缩放因子（scaling_factor）=24，分布（distribution）=编码分布（encoding）
已为 12 层启用前馈网络第二层噪声（wffn2 noise），缩放因子（scaling_factor）=22，分布（distribution）=编码分布（encoding）
Enabled softmax/V attention-product noise for 12 layers (softmax sf=18, V sf=10, distribution=fresh)
已替换 12 层的GELU函数（GELU function）
已替换 12 层的Softmax函数（Softmax function）
已为 12 层启用输入噪声（Input noise），缩放因子（scaling_factor）=30，分布（distribution）=新采样（fresh）
已为 12 层启用查询投影噪声（query noise），缩放因子（scaling_factor）=22，分布（distribution）=编码分布（encoding）
已为 12 层启用键投影噪声（key noise），缩放因子（scaling_factor）=22，分布（distribution）=编码分布（encoding）
已为 12 层启用值投影噪声（value noise），缩放因子（scaling_factor）=22，分布（distribution）=编码分布（encoding）
已为 12 层启用注意力输出投影噪声（wo noise），缩放因子（scaling_factor）=22，分布（distribution）=编码分布（encoding）
已为 12 层启用前馈网络第一层噪声（wffn1 noise），缩放因子（scaling_factor）=24，分布（distribution）=编码分布（encoding）
已为 12 层启用前馈网络第二层噪声（wffn2 noise），缩放因子（scaling_factor）=22，分布（distribution）=编码分布（encoding）
Enabled softmax/V attention-product noise for 12 layers (softmax sf=18, V sf=10, distribution=fresh)
已替换 12 层的GELU函数（GELU function）
已替换 12 层的Softmax函数（Softmax function）
已为 12 层启用输入噪声（Input noise），缩放因子（scaling_factor）=30，分布（distribution）=新采样（fresh）
已为 12 层启用查询投影噪声（query noise），缩放因子（scaling_factor）=22，分布（distribution）=编码分布（encoding）
已为 12 层启用键投影噪声（key noise），缩放因子（scaling_factor）=22，分布（distribution）=编码分布（encoding）
已为 12 层启用值投影噪声（value noise），缩放因子（scaling_factor）=22，分布（distribution）=编码分布（encoding）
已为 12 层启用注意力输出投影噪声（wo noise），缩放因子（scaling_factor）=22，分布（distribution）=编码分布（encoding）
已为 12 层启用前馈网络第一层噪声（wffn1 noise），缩放因子（scaling_factor）=24，分布（distribution）=编码分布（encoding）
已为 12 层启用前馈网络第二层噪声（wffn2 noise），缩放因子（scaling_factor）=22，分布（distribution）=编码分布（encoding）
Enabled softmax/V attention-product noise for 12 layers (softmax sf=18, V sf=10, distribution=fresh)
  softmax_sf=18, v_sf=10 => loss_mean=0.812303, loss_var=0.000187, m1_mean=0.465686, m1_var=0.000673, m2_mean=0.478434, m2_var=0.000764
已替换 12 层的GELU函数（GELU function）
已替换 12 层的Softmax函数（Softmax function）
已为 12 层启用输入噪声（Input noise），缩放因子（scaling_factor）=30，分布（distribution）=新采样（fresh）
已为 12 层启用查询投影噪声（query noise），缩放因子（scaling_factor）=22，分布（distribution）=编码分布（encoding）
已为 12 层启用键投影噪声（key noise），缩放因子（scaling_factor）=22，分布（distribution）=编码分布（encoding）
已为 12 层启用值投影噪声（value noise），缩放因子（scaling_factor）=22，分布（distribution）=编码分布（encoding）
已为 12 层启用注意力输出投影噪声（wo noise），缩放因子（scaling_factor）=22，分布（distribution）=编码分布（encoding）
已为 12 层启用前馈网络第一层噪声（wffn1 noise），缩放因子（scaling_factor）=24，分布（distribution）=编码分布（encoding）
已为 12 层启用前馈网络第二层噪声（wffn2 noise），缩放因子（scaling_factor）=22，分布（distribution）=编码分布（encoding）
Enabled softmax/V attention-product noise for 12 layers (softmax sf=18, V sf=12, distribution=fresh)
已替换 12 层的GELU函数（GELU function）
已替换 12 层的Softmax函数（Softmax function）
已为 12 层启用输入噪声（Input noise），缩放因子（scaling_factor）=30，分布（distribution）=新采样（fresh）
已为 12 层启用查询投影噪声（query noise），缩放因子（scaling_factor）=22，分布（distribution）=编码分布（encoding）
已为 12 层启用键投影噪声（key noise），缩放因子（scaling_factor）=22，分布（distribution）=编码分布（encoding）
已为 12 层启用值投影噪声（value noise），缩放因子（scaling_factor）=22，分布（distribution）=编码分布（encoding）
已为 12 层启用注意力输出投影噪声（wo noise），缩放因子（scaling_factor）=22，分布（distribution）=编码分布（encoding）
已为 12 层启用前馈网络第一层噪声（wffn1 noise），缩放因子（scaling_factor）=24，分布（distribution）=编码分布（encoding）
已为 12 层启用前馈网络第二层噪声（wffn2 noise），缩放因子（scaling_factor）=22，分布（distribution）=编码分布（encoding）
Enabled softmax/V attention-product noise for 12 layers (softmax sf=18, V sf=12, distribution=fresh)
已替换 12 层的GELU函数（GELU function）
已替换 12 层的Softmax函数（Softmax function）
已为 12 层启用输入噪声（Input noise），缩放因子（scaling_factor）=30，分布（distribution）=新采样（fresh）
已为 12 层启用查询投影噪声（query noise），缩放因子（scaling_factor）=22，分布（distribution）=编码分布（encoding）
已为 12 层启用键投影噪声（key noise），缩放因子（scaling_factor）=22，分布（distribution）=编码分布（encoding）
已为 12 层启用值投影噪声（value noise），缩放因子（scaling_factor）=22，分布（distribution）=编码分布（encoding）
已为 12 层启用注意力输出投影噪声（wo noise），缩放因子（scaling_factor）=22，分布（distribution）=编码分布（encoding）
已为 12 层启用前馈网络第一层噪声（wffn1 noise），缩放因子（scaling_factor）=24，分布（distribution）=编码分布（encoding）
已为 12 层启用前馈网络第二层噪声（wffn2 noise），缩放因子（scaling_factor）=22，分布（distribution）=编码分布（encoding）
Enabled softmax/V attention-product noise for 12 layers (softmax sf=18, V sf=12, distribution=fresh)
已替换 12 层的GELU函数（GELU function）
已替换 12 层的Softmax函数（Softmax function）
已为 12 层启用输入噪声（Input noise），缩放因子（scaling_factor）=30，分布（distribution）=新采样（fresh）
已为 12 层启用查询投影噪声（query noise），缩放因子（scaling_factor）=22，分布（distribution）=编码分布（encoding）
已为 12 层启用键投影噪声（key noise），缩放因子（scaling_factor）=22，分布（distribution）=编码分布（encoding）
已为 12 层启用值投影噪声（value noise），缩放因子（scaling_factor）=22，分布（distribution）=编码分布（encoding）
已为 12 层启用注意力输出投影噪声（wo noise），缩放因子（scaling_factor）=22，分布（distribution）=编码分布（encoding）
已为 12 层启用前馈网络第一层噪声（wffn1 noise），缩放因子（scaling_factor）=24，分布（distribution）=编码分布（encoding）
已为 12 层启用前馈网络第二层噪声（wffn2 noise），缩放因子（scaling_factor）=22，分布（distribution）=编码分布（encoding）
Enabled softmax/V attention-product noise for 12 layers (softmax sf=18, V sf=12, distribution=fresh)
已替换 12 层的GELU函数（GELU function）
已替换 12 层的Softmax函数（Softmax function）
已为 12 层启用输入噪声（Input noise），缩放因子（scaling_factor）=30，分布（distribution）=新采样（fresh）
已为 12 层启用查询投影噪声（query noise），缩放因子（scaling_factor）=22，分布（distribution）=编码分布（encoding）
已为 12 层启用键投影噪声（key noise），缩放因子（scaling_factor）=22，分布（distribution）=编码分布（encoding）
已为 12 层启用值投影噪声（value noise），缩放因子（scaling_factor）=22，分布（distribution）=编码分布（encoding）
已为 12 层启用注意力输出投影噪声（wo noise），缩放因子（scaling_factor）=22，分布（distribution）=编码分布（encoding）
已为 12 层启用前馈网络第一层噪声（wffn1 noise），缩放因子（scaling_factor）=24，分布（distribution）=编码分布（encoding）
已为 12 层启用前馈网络第二层噪声（wffn2 noise），缩放因子（scaling_factor）=22，分布（distribution）=编码分布（encoding）
Enabled softmax/V attention-product noise for 12 layers (softmax sf=18, V sf=12, distribution=fresh)
  softmax_sf=18, v_sf=12 => loss_mean=0.809261, loss_var=0.000303, m1_mean=0.478922, m1_var=0.000309, m2_mean=0.493814, m2_var=0.000321
已替换 12 层的GELU函数（GELU function）
已替换 12 层的Softmax函数（Softmax function）
已为 12 层启用输入噪声（Input noise），缩放因子（scaling_factor）=30，分布（distribution）=新采样（fresh）
已为 12 层启用查询投影噪声（query noise），缩放因子（scaling_factor）=22，分布（distribution）=编码分布（encoding）
已为 12 层启用键投影噪声（key noise），缩放因子（scaling_factor）=22，分布（distribution）=编码分布（encoding）
已为 12 层启用值投影噪声（value noise），缩放因子（scaling_factor）=22，分布（distribution）=编码分布（encoding）
已为 12 层启用注意力输出投影噪声（wo noise），缩放因子（scaling_factor）=22，分布（distribution）=编码分布（encoding）
已为 12 层启用前馈网络第一层噪声（wffn1 noise），缩放因子（scaling_factor）=24，分布（distribution）=编码分布（encoding）
已为 12 层启用前馈网络第二层噪声（wffn2 noise），缩放因子（scaling_factor）=22，分布（distribution）=编码分布（encoding）
Enabled softmax/V attention-product noise for 12 layers (softmax sf=18, V sf=14, distribution=fresh)
已替换 12 层的GELU函数（GELU function）
已替换 12 层的Softmax函数（Softmax function）
已为 12 层启用输入噪声（Input noise），缩放因子（scaling_factor）=30，分布（distribution）=新采样（fresh）
已为 12 层启用查询投影噪声（query noise），缩放因子（scaling_factor）=22，分布（distribution）=编码分布（encoding）
已为 12 层启用键投影噪声（key noise），缩放因子（scaling_factor）=22，分布（distribution）=编码分布（encoding）
已为 12 层启用值投影噪声（value noise），缩放因子（scaling_factor）=22，分布（distribution）=编码分布（encoding）
已为 12 层启用注意力输出投影噪声（wo noise），缩放因子（scaling_factor）=22，分布（distribution）=编码分布（encoding）
已为 12 层启用前馈网络第一层噪声（wffn1 noise），缩放因子（scaling_factor）=24，分布（distribution）=编码分布（encoding）
已为 12 层启用前馈网络第二层噪声（wffn2 noise），缩放因子（scaling_factor）=22，分布（distribution）=编码分布（encoding）
Enabled softmax/V attention-product noise for 12 layers (softmax sf=18, V sf=14, distribution=fresh)
已替换 12 层的GELU函数（GELU function）
已替换 12 层的Softmax函数（Softmax function）
已为 12 层启用输入噪声（Input noise），缩放因子（scaling_factor）=30，分布（distribution）=新采样（fresh）
已为 12 层启用查询投影噪声（query noise），缩放因子（scaling_factor）=22，分布（distribution）=编码分布（encoding）
已为 12 层启用键投影噪声（key noise），缩放因子（scaling_factor）=22，分布（distribution）=编码分布（encoding）
已为 12 层启用值投影噪声（value noise），缩放因子（scaling_factor）=22，分布（distribution）=编码分布（encoding）
已为 12 层启用注意力输出投影噪声（wo noise），缩放因子（scaling_factor）=22，分布（distribution）=编码分布（encoding）
已为 12 层启用前馈网络第一层噪声（wffn1 noise），缩放因子（scaling_factor）=24，分布（distribution）=编码分布（encoding）
已为 12 层启用前馈网络第二层噪声（wffn2 noise），缩放因子（scaling_factor）=22，分布（distribution）=编码分布（encoding）
Enabled softmax/V attention-product noise for 12 layers (softmax sf=18, V sf=14, distribution=fresh)
已替换 12 层的GELU函数（GELU function）
已替换 12 层的Softmax函数（Softmax function）
已为 12 层启用输入噪声（Input noise），缩放因子（scaling_factor）=30，分布（distribution）=新采样（fresh）
已为 12 层启用查询投影噪声（query noise），缩放因子（scaling_factor）=22，分布（distribution）=编码分布（encoding）
已为 12 层启用键投影噪声（key noise），缩放因子（scaling_factor）=22，分布（distribution）=编码分布（encoding）
已为 12 层启用值投影噪声（value noise），缩放因子（scaling_factor）=22，分布（distribution）=编码分布（encoding）
已为 12 层启用注意力输出投影噪声（wo noise），缩放因子（scaling_factor）=22，分布（distribution）=编码分布（encoding）
已为 12 层启用前馈网络第一层噪声（wffn1 noise），缩放因子（scaling_factor）=24，分布（distribution）=编码分布（encoding）
已为 12 层启用前馈网络第二层噪声（wffn2 noise），缩放因子（scaling_factor）=22，分布（distribution）=编码分布（encoding）
Enabled softmax/V attention-product noise for 12 layers (softmax sf=18, V sf=14, distribution=fresh)
已替换 12 层的GELU函数（GELU function）
已替换 12 层的Softmax函数（Softmax function）
已为 12 层启用输入噪声（Input noise），缩放因子（scaling_factor）=30，分布（distribution）=新采样（fresh）
已为 12 层启用查询投影噪声（query noise），缩放因子（scaling_factor）=22，分布（distribution）=编码分布（encoding）
已为 12 层启用键投影噪声（key noise），缩放因子（scaling_factor）=22，分布（distribution）=编码分布（encoding）
已为 12 层启用值投影噪声（value noise），缩放因子（scaling_factor）=22，分布（distribution）=编码分布（encoding）
已为 12 层启用注意力输出投影噪声（wo noise），缩放因子（scaling_factor）=22，分布（distribution）=编码分布（encoding）
已为 12 层启用前馈网络第一层噪声（wffn1 noise），缩放因子（scaling_factor）=24，分布（distribution）=编码分布（encoding）
已为 12 层启用前馈网络第二层噪声（wffn2 noise），缩放因子（scaling_factor）=22，分布（distribution）=编码分布（encoding）
Enabled softmax/V attention-product noise for 12 layers (softmax sf=18, V sf=14, distribution=fresh)
  softmax_sf=18, v_sf=14 => loss_mean=0.801162, loss_var=0.000121, m1_mean=0.498039, m1_var=0.000340, m2_mean=0.515370, m2_var=0.000314
已替换 12 层的GELU函数（GELU function）
已替换 12 层的Softmax函数（Softmax function）
已为 12 层启用输入噪声（Input noise），缩放因子（scaling_factor）=30，分布（distribution）=新采样（fresh）
已为 12 层启用查询投影噪声（query noise），缩放因子（scaling_factor）=22，分布（distribution）=编码分布（encoding）
已为 12 层启用键投影噪声（key noise），缩放因子（scaling_factor）=22，分布（distribution）=编码分布（encoding）
已为 12 层启用值投影噪声（value noise），缩放因子（scaling_factor）=22，分布（distribution）=编码分布（encoding）
已为 12 层启用注意力输出投影噪声（wo noise），缩放因子（scaling_factor）=22，分布（distribution）=编码分布（encoding）
已为 12 层启用前馈网络第一层噪声（wffn1 noise），缩放因子（scaling_factor）=24，分布（distribution）=编码分布（encoding）
已为 12 层启用前馈网络第二层噪声（wffn2 noise），缩放因子（scaling_factor）=22，分布（distribution）=编码分布（encoding）
Enabled softmax/V attention-product noise for 12 layers (softmax sf=18, V sf=16, distribution=fresh)
已替换 12 层的GELU函数（GELU function）
已替换 12 层的Softmax函数（Softmax function）
已为 12 层启用输入噪声（Input noise），缩放因子（scaling_factor）=30，分布（distribution）=新采样（fresh）
已为 12 层启用查询投影噪声（query noise），缩放因子（scaling_factor）=22，分布（distribution）=编码分布（encoding）
已为 12 层启用键投影噪声（key noise），缩放因子（scaling_factor）=22，分布（distribution）=编码分布（encoding）
已为 12 层启用值投影噪声（value noise），缩放因子（scaling_factor）=22，分布（distribution）=编码分布（encoding）
已为 12 层启用注意力输出投影噪声（wo noise），缩放因子（scaling_factor）=22，分布（distribution）=编码分布（encoding）
已为 12 层启用前馈网络第一层噪声（wffn1 noise），缩放因子（scaling_factor）=24，分布（distribution）=编码分布（encoding）
已为 12 层启用前馈网络第二层噪声（wffn2 noise），缩放因子（scaling_factor）=22，分布（distribution）=编码分布（encoding）
Enabled softmax/V attention-product noise for 12 layers (softmax sf=18, V sf=16, distribution=fresh)
已替换 12 层的GELU函数（GELU function）
已替换 12 层的Softmax函数（Softmax function）
已为 12 层启用输入噪声（Input noise），缩放因子（scaling_factor）=30，分布（distribution）=新采样（fresh）
已为 12 层启用查询投影噪声（query noise），缩放因子（scaling_factor）=22，分布（distribution）=编码分布（encoding）
已为 12 层启用键投影噪声（key noise），缩放因子（scaling_factor）=22，分布（distribution）=编码分布（encoding）
已为 12 层启用值投影噪声（value noise），缩放因子（scaling_factor）=22，分布（distribution）=编码分布（encoding）
已为 12 层启用注意力输出投影噪声（wo noise），缩放因子（scaling_factor）=22，分布（distribution）=编码分布（encoding）
已为 12 层启用前馈网络第一层噪声（wffn1 noise），缩放因子（scaling_factor）=24，分布（distribution）=编码分布（encoding）
已为 12 层启用前馈网络第二层噪声（wffn2 noise），缩放因子（scaling_factor）=22，分布（distribution）=编码分布（encoding）
Enabled softmax/V attention-product noise for 12 layers (softmax sf=18, V sf=16, distribution=fresh)
已替换 12 层的GELU函数（GELU function）
已替换 12 层的Softmax函数（Softmax function）
已为 12 层启用输入噪声（Input noise），缩放因子（scaling_factor）=30，分布（distribution）=新采样（fresh）
已为 12 层启用查询投影噪声（query noise），缩放因子（scaling_factor）=22，分布（distribution）=编码分布（encoding）
已为 12 层启用键投影噪声（key noise），缩放因子（scaling_factor）=22，分布（distribution）=编码分布（encoding）
已为 12 层启用值投影噪声（value noise），缩放因子（scaling_factor）=22，分布（distribution）=编码分布（encoding）
已为 12 层启用注意力输出投影噪声（wo noise），缩放因子（scaling_factor）=22，分布（distribution）=编码分布（encoding）
已为 12 层启用前馈网络第一层噪声（wffn1 noise），缩放因子（scaling_factor）=24，分布（distribution）=编码分布（encoding）
已为 12 层启用前馈网络第二层噪声（wffn2 noise），缩放因子（scaling_factor）=22，分布（distribution）=编码分布（encoding）
Enabled softmax/V attention-product noise for 12 layers (softmax sf=18, V sf=16, distribution=fresh)
已替换 12 层的GELU函数（GELU function）
已替换 12 层的Softmax函数（Softmax function）
已为 12 层启用输入噪声（Input noise），缩放因子（scaling_factor）=30，分布（distribution）=新采样（fresh）
已为 12 层启用查询投影噪声（query noise），缩放因子（scaling_factor）=22，分布（distribution）=编码分布（encoding）
已为 12 层启用键投影噪声（key noise），缩放因子（scaling_factor）=22，分布（distribution）=编码分布（encoding）
已为 12 层启用值投影噪声（value noise），缩放因子（scaling_factor）=22，分布（distribution）=编码分布（encoding）
已为 12 层启用注意力输出投影噪声（wo noise），缩放因子（scaling_factor）=22，分布（distribution）=编码分布（encoding）
已为 12 层启用前馈网络第一层噪声（wffn1 noise），缩放因子（scaling_factor）=24，分布（distribution）=编码分布（encoding）
已为 12 层启用前馈网络第二层噪声（wffn2 noise），缩放因子（scaling_factor）=22，分布（distribution）=编码分布（encoding）
Enabled softmax/V attention-product noise for 12 layers (softmax sf=18, V sf=16, distribution=fresh)
  softmax_sf=18, v_sf=16 => loss_mean=0.904309, loss_var=0.001107, m1_mean=0.482353, m1_var=0.000186, m2_mean=0.497772, m2_var=0.000192
已替换 12 层的GELU函数（GELU function）
已替换 12 层的Softmax函数（Softmax function）
已为 12 层启用输入噪声（Input noise），缩放因子（scaling_factor）=30，分布（distribution）=新采样（fresh）
已为 12 层启用查询投影噪声（query noise），缩放因子（scaling_factor）=22，分布（distribution）=编码分布（encoding）
已为 12 层启用键投影噪声（key noise），缩放因子（scaling_factor）=22，分布（distribution）=编码分布（encoding）
已为 12 层启用值投影噪声（value noise），缩放因子（scaling_factor）=22，分布（distribution）=编码分布（encoding）
已为 12 层启用注意力输出投影噪声（wo noise），缩放因子（scaling_factor）=22，分布（distribution）=编码分布（encoding）
已为 12 层启用前馈网络第一层噪声（wffn1 noise），缩放因子（scaling_factor）=24，分布（distribution）=编码分布（encoding）
已为 12 层启用前馈网络第二层噪声（wffn2 noise），缩放因子（scaling_factor）=22，分布（distribution）=编码分布（encoding）
Enabled softmax/V attention-product noise for 12 layers (softmax sf=18, V sf=18, distribution=fresh)
已替换 12 层的GELU函数（GELU function）
已替换 12 层的Softmax函数（Softmax function）
已为 12 层启用输入噪声（Input noise），缩放因子（scaling_factor）=30，分布（distribution）=新采样（fresh）
已为 12 层启用查询投影噪声（query noise），缩放因子（scaling_factor）=22，分布（distribution）=编码分布（encoding）
已为 12 层启用键投影噪声（key noise），缩放因子（scaling_factor）=22，分布（distribution）=编码分布（encoding）
已为 12 层启用值投影噪声（value noise），缩放因子（scaling_factor）=22，分布（distribution）=编码分布（encoding）
已为 12 层启用注意力输出投影噪声（wo noise），缩放因子（scaling_factor）=22，分布（distribution）=编码分布（encoding）
已为 12 层启用前馈网络第一层噪声（wffn1 noise），缩放因子（scaling_factor）=24，分布（distribution）=编码分布（encoding）
已为 12 层启用前馈网络第二层噪声（wffn2 noise），缩放因子（scaling_factor）=22，分布（distribution）=编码分布（encoding）
Enabled softmax/V attention-product noise for 12 layers (softmax sf=18, V sf=18, distribution=fresh)
已替换 12 层的GELU函数（GELU function）
已替换 12 层的Softmax函数（Softmax function）
已为 12 层启用输入噪声（Input noise），缩放因子（scaling_factor）=30，分布（distribution）=新采样（fresh）
已为 12 层启用查询投影噪声（query noise），缩放因子（scaling_factor）=22，分布（distribution）=编码分布（encoding）
已为 12 层启用键投影噪声（key noise），缩放因子（scaling_factor）=22，分布（distribution）=编码分布（encoding）
已为 12 层启用值投影噪声（value noise），缩放因子（scaling_factor）=22，分布（distribution）=编码分布（encoding）
已为 12 层启用注意力输出投影噪声（wo noise），缩放因子（scaling_factor）=22，分布（distribution）=编码分布（encoding）
已为 12 层启用前馈网络第一层噪声（wffn1 noise），缩放因子（scaling_factor）=24，分布（distribution）=编码分布（encoding）
已为 12 层启用前馈网络第二层噪声（wffn2 noise），缩放因子（scaling_factor）=22，分布（distribution）=编码分布（encoding）
Enabled softmax/V attention-product noise for 12 layers (softmax sf=18, V sf=18, distribution=fresh)
已替换 12 层的GELU函数（GELU function）
已替换 12 层的Softmax函数（Softmax function）
已为 12 层启用输入噪声（Input noise），缩放因子（scaling_factor）=30，分布（distribution）=新采样（fresh）
已为 12 层启用查询投影噪声（query noise），缩放因子（scaling_factor）=22，分布（distribution）=编码分布（encoding）
已为 12 层启用键投影噪声（key noise），缩放因子（scaling_factor）=22，分布（distribution）=编码分布（encoding）
已为 12 层启用值投影噪声（value noise），缩放因子（scaling_factor）=22，分布（distribution）=编码分布（encoding）
已为 12 层启用注意力输出投影噪声（wo noise），缩放因子（scaling_factor）=22，分布（distribution）=编码分布（encoding）
已为 12 层启用前馈网络第一层噪声（wffn1 noise），缩放因子（scaling_factor）=24，分布（distribution）=编码分布（encoding）
已为 12 层启用前馈网络第二层噪声（wffn2 noise），缩放因子（scaling_factor）=22，分布（distribution）=编码分布（encoding）
Enabled softmax/V attention-product noise for 12 layers (softmax sf=18, V sf=18, distribution=fresh)
已替换 12 层的GELU函数（GELU function）
已替换 12 层的Softmax函数（Softmax function）
已为 12 层启用输入噪声（Input noise），缩放因子（scaling_factor）=30，分布（distribution）=新采样（fresh）
已为 12 层启用查询投影噪声（query noise），缩放因子（scaling_factor）=22，分布（distribution）=编码分布（encoding）
已为 12 层启用键投影噪声（key noise），缩放因子（scaling_factor）=22，分布（distribution）=编码分布（encoding）
已为 12 层启用值投影噪声（value noise），缩放因子（scaling_factor）=22，分布（distribution）=编码分布（encoding）
已为 12 层启用注意力输出投影噪声（wo noise），缩放因子（scaling_factor）=22，分布（distribution）=编码分布（encoding）
已为 12 层启用前馈网络第一层噪声（wffn1 noise），缩放因子（scaling_factor）=24，分布（distribution）=编码分布（encoding）
已为 12 层启用前馈网络第二层噪声（wffn2 noise），缩放因子（scaling_factor）=22，分布（distribution）=编码分布（encoding）
Enabled softmax/V attention-product noise for 12 layers (softmax sf=18, V sf=18, distribution=fresh)
  softmax_sf=18, v_sf=18 => loss_mean=0.991153, loss_var=0.000441, m1_mean=0.469608, m1_var=0.000198, m2_mean=0.483190, m2_var=0.000156
已替换 12 层的GELU函数（GELU function）
已替换 12 层的Softmax函数（Softmax function）
已为 12 层启用输入噪声（Input noise），缩放因子（scaling_factor）=30，分布（distribution）=新采样（fresh）
已为 12 层启用查询投影噪声（query noise），缩放因子（scaling_factor）=22，分布（distribution）=编码分布（encoding）
已为 12 层启用键投影噪声（key noise），缩放因子（scaling_factor）=22，分布（distribution）=编码分布（encoding）
已为 12 层启用值投影噪声（value noise），缩放因子（scaling_factor）=22，分布（distribution）=编码分布（encoding）
已为 12 层启用注意力输出投影噪声（wo noise），缩放因子（scaling_factor）=22，分布（distribution）=编码分布（encoding）
已为 12 层启用前馈网络第一层噪声（wffn1 noise），缩放因子（scaling_factor）=24，分布（distribution）=编码分布（encoding）
已为 12 层启用前馈网络第二层噪声（wffn2 noise），缩放因子（scaling_factor）=22，分布（distribution）=编码分布（encoding）
Enabled softmax/V attention-product noise for 12 layers (softmax sf=18, V sf=20, distribution=fresh)
已替换 12 层的GELU函数（GELU function）
已替换 12 层的Softmax函数（Softmax function）
已为 12 层启用输入噪声（Input noise），缩放因子（scaling_factor）=30，分布（distribution）=新采样（fresh）
已为 12 层启用查询投影噪声（query noise），缩放因子（scaling_factor）=22，分布（distribution）=编码分布（encoding）
已为 12 层启用键投影噪声（key noise），缩放因子（scaling_factor）=22，分布（distribution）=编码分布（encoding）
已为 12 层启用值投影噪声（value noise），缩放因子（scaling_factor）=22，分布（distribution）=编码分布（encoding）
已为 12 层启用注意力输出投影噪声（wo noise），缩放因子（scaling_factor）=22，分布（distribution）=编码分布（encoding）
已为 12 层启用前馈网络第一层噪声（wffn1 noise），缩放因子（scaling_factor）=24，分布（distribution）=编码分布（encoding）
已为 12 层启用前馈网络第二层噪声（wffn2 noise），缩放因子（scaling_factor）=22，分布（distribution）=编码分布（encoding）
Enabled softmax/V attention-product noise for 12 layers (softmax sf=18, V sf=20, distribution=fresh)
已替换 12 层的GELU函数（GELU function）
已替换 12 层的Softmax函数（Softmax function）
已为 12 层启用输入噪声（Input noise），缩放因子（scaling_factor）=30，分布（distribution）=新采样（fresh）
已为 12 层启用查询投影噪声（query noise），缩放因子（scaling_factor）=22，分布（distribution）=编码分布（encoding）
已为 12 层启用键投影噪声（key noise），缩放因子（scaling_factor）=22，分布（distribution）=编码分布（encoding）
已为 12 层启用值投影噪声（value noise），缩放因子（scaling_factor）=22，分布（distribution）=编码分布（encoding）
已为 12 层启用注意力输出投影噪声（wo noise），缩放因子（scaling_factor）=22，分布（distribution）=编码分布（encoding）
已为 12 层启用前馈网络第一层噪声（wffn1 noise），缩放因子（scaling_factor）=24，分布（distribution）=编码分布（encoding）
已为 12 层启用前馈网络第二层噪声（wffn2 noise），缩放因子（scaling_factor）=22，分布（distribution）=编码分布（encoding）
Enabled softmax/V attention-product noise for 12 layers (softmax sf=18, V sf=20, distribution=fresh)
已替换 12 层的GELU函数（GELU function）
已替换 12 层的Softmax函数（Softmax function）
已为 12 层启用输入噪声（Input noise），缩放因子（scaling_factor）=30，分布（distribution）=新采样（fresh）
已为 12 层启用查询投影噪声（query noise），缩放因子（scaling_factor）=22，分布（distribution）=编码分布（encoding）
已为 12 层启用键投影噪声（key noise），缩放因子（scaling_factor）=22，分布（distribution）=编码分布（encoding）
已为 12 层启用值投影噪声（value noise），缩放因子（scaling_factor）=22，分布（distribution）=编码分布（encoding）
已为 12 层启用注意力输出投影噪声（wo noise），缩放因子（scaling_factor）=22，分布（distribution）=编码分布（encoding）
已为 12 层启用前馈网络第一层噪声（wffn1 noise），缩放因子（scaling_factor）=24，分布（distribution）=编码分布（encoding）
已为 12 层启用前馈网络第二层噪声（wffn2 noise），缩放因子（scaling_factor）=22，分布（distribution）=编码分布（encoding）
Enabled softmax/V attention-product noise for 12 layers (softmax sf=18, V sf=20, distribution=fresh)
已替换 12 层的GELU函数（GELU function）
已替换 12 层的Softmax函数（Softmax function）
已为 12 层启用输入噪声（Input noise），缩放因子（scaling_factor）=30，分布（distribution）=新采样（fresh）
已为 12 层启用查询投影噪声（query noise），缩放因子（scaling_factor）=22，分布（distribution）=编码分布（encoding）
已为 12 层启用键投影噪声（key noise），缩放因子（scaling_factor）=22，分布（distribution）=编码分布（encoding）
已为 12 层启用值投影噪声（value noise），缩放因子（scaling_factor）=22，分布（distribution）=编码分布（encoding）
已为 12 层启用注意力输出投影噪声（wo noise），缩放因子（scaling_factor）=22，分布（distribution）=编码分布（encoding）
已为 12 层启用前馈网络第一层噪声（wffn1 noise），缩放因子（scaling_factor）=24，分布（distribution）=编码分布（encoding）
已为 12 层启用前馈网络第二层噪声（wffn2 noise），缩放因子（scaling_factor）=22，分布（distribution）=编码分布（encoding）
Enabled softmax/V attention-product noise for 12 layers (softmax sf=18, V sf=20, distribution=fresh)
  softmax_sf=18, v_sf=20 => loss_mean=1.008580, loss_var=0.001365, m1_mean=0.449510, m1_var=0.000429, m2_mean=0.461203, m2_var=0.000412
已替换 12 层的GELU函数（GELU function）
已替换 12 层的Softmax函数（Softmax function）
已为 12 层启用输入噪声（Input noise），缩放因子（scaling_factor）=30，分布（distribution）=新采样（fresh）
已为 12 层启用查询投影噪声（query noise），缩放因子（scaling_factor）=22，分布（distribution）=编码分布（encoding）
已为 12 层启用键投影噪声（key noise），缩放因子（scaling_factor）=22，分布（distribution）=编码分布（encoding）
已为 12 层启用值投影噪声（value noise），缩放因子（scaling_factor）=22，分布（distribution）=编码分布（encoding）
已为 12 层启用注意力输出投影噪声（wo noise），缩放因子（scaling_factor）=22，分布（distribution）=编码分布（encoding）
已为 12 层启用前馈网络第一层噪声（wffn1 noise），缩放因子（scaling_factor）=24，分布（distribution）=编码分布（encoding）
已为 12 层启用前馈网络第二层噪声（wffn2 noise），缩放因子（scaling_factor）=22，分布（distribution）=编码分布（encoding）
Enabled softmax/V attention-product noise for 12 layers (softmax sf=18, V sf=22, distribution=fresh)
已替换 12 层的GELU函数（GELU function）
已替换 12 层的Softmax函数（Softmax function）
已为 12 层启用输入噪声（Input noise），缩放因子（scaling_factor）=30，分布（distribution）=新采样（fresh）
已为 12 层启用查询投影噪声（query noise），缩放因子（scaling_factor）=22，分布（distribution）=编码分布（encoding）
已为 12 层启用键投影噪声（key noise），缩放因子（scaling_factor）=22，分布（distribution）=编码分布（encoding）
已为 12 层启用值投影噪声（value noise），缩放因子（scaling_factor）=22，分布（distribution）=编码分布（encoding）
已为 12 层启用注意力输出投影噪声（wo noise），缩放因子（scaling_factor）=22，分布（distribution）=编码分布（encoding）
已为 12 层启用前馈网络第一层噪声（wffn1 noise），缩放因子（scaling_factor）=24，分布（distribution）=编码分布（encoding）
已为 12 层启用前馈网络第二层噪声（wffn2 noise），缩放因子（scaling_factor）=22，分布（distribution）=编码分布（encoding）
Enabled softmax/V attention-product noise for 12 layers (softmax sf=18, V sf=22, distribution=fresh)
已替换 12 层的GELU函数（GELU function）
已替换 12 层的Softmax函数（Softmax function）
已为 12 层启用输入噪声（Input noise），缩放因子（scaling_factor）=30，分布（distribution）=新采样（fresh）
已为 12 层启用查询投影噪声（query noise），缩放因子（scaling_factor）=22，分布（distribution）=编码分布（encoding）
已为 12 层启用键投影噪声（key noise），缩放因子（scaling_factor）=22，分布（distribution）=编码分布（encoding）
已为 12 层启用值投影噪声（value noise），缩放因子（scaling_factor）=22，分布（distribution）=编码分布（encoding）
已为 12 层启用注意力输出投影噪声（wo noise），缩放因子（scaling_factor）=22，分布（distribution）=编码分布（encoding）
已为 12 层启用前馈网络第一层噪声（wffn1 noise），缩放因子（scaling_factor）=24，分布（distribution）=编码分布（encoding）
已为 12 层启用前馈网络第二层噪声（wffn2 noise），缩放因子（scaling_factor）=22，分布（distribution）=编码分布（encoding）
Enabled softmax/V attention-product noise for 12 layers (softmax sf=18, V sf=22, distribution=fresh)
已替换 12 层的GELU函数（GELU function）
已替换 12 层的Softmax函数（Softmax function）
已为 12 层启用输入噪声（Input noise），缩放因子（scaling_factor）=30，分布（distribution）=新采样（fresh）
已为 12 层启用查询投影噪声（query noise），缩放因子（scaling_factor）=22，分布（distribution）=编码分布（encoding）
已为 12 层启用键投影噪声（key noise），缩放因子（scaling_factor）=22，分布（distribution）=编码分布（encoding）
已为 12 层启用值投影噪声（value noise），缩放因子（scaling_factor）=22，分布（distribution）=编码分布（encoding）
已为 12 层启用注意力输出投影噪声（wo noise），缩放因子（scaling_factor）=22，分布（distribution）=编码分布（encoding）
已为 12 层启用前馈网络第一层噪声（wffn1 noise），缩放因子（scaling_factor）=24，分布（distribution）=编码分布（encoding）
已为 12 层启用前馈网络第二层噪声（wffn2 noise），缩放因子（scaling_factor）=22，分布（distribution）=编码分布（encoding）
Enabled softmax/V attention-product noise for 12 layers (softmax sf=18, V sf=22, distribution=fresh)
已替换 12 层的GELU函数（GELU function）
已替换 12 层的Softmax函数（Softmax function）
已为 12 层启用输入噪声（Input noise），缩放因子（scaling_factor）=30，分布（distribution）=新采样（fresh）
已为 12 层启用查询投影噪声（query noise），缩放因子（scaling_factor）=22，分布（distribution）=编码分布（encoding）
已为 12 层启用键投影噪声（key noise），缩放因子（scaling_factor）=22，分布（distribution）=编码分布（encoding）
已为 12 层启用值投影噪声（value noise），缩放因子（scaling_factor）=22，分布（distribution）=编码分布（encoding）
已为 12 层启用注意力输出投影噪声（wo noise），缩放因子（scaling_factor）=22，分布（distribution）=编码分布（encoding）
已为 12 层启用前馈网络第一层噪声（wffn1 noise），缩放因子（scaling_factor）=24，分布（distribution）=编码分布（encoding）
已为 12 层启用前馈网络第二层噪声（wffn2 noise），缩放因子（scaling_factor）=22，分布（distribution）=编码分布（encoding）
Enabled softmax/V attention-product noise for 12 layers (softmax sf=18, V sf=22, distribution=fresh)
  softmax_sf=18, v_sf=22 => loss_mean=0.988513, loss_var=0.002171, m1_mean=0.470098, m1_var=0.000753, m2_mean=0.482595, m2_var=0.000773
已替换 12 层的GELU函数（GELU function）
已替换 12 层的Softmax函数（Softmax function）
已为 12 层启用输入噪声（Input noise），缩放因子（scaling_factor）=30，分布（distribution）=新采样（fresh）
已为 12 层启用查询投影噪声（query noise），缩放因子（scaling_factor）=22，分布（distribution）=编码分布（encoding）
已为 12 层启用键投影噪声（key noise），缩放因子（scaling_factor）=22，分布（distribution）=编码分布（encoding）
已为 12 层启用值投影噪声（value noise），缩放因子（scaling_factor）=22，分布（distribution）=编码分布（encoding）
已为 12 层启用注意力输出投影噪声（wo noise），缩放因子（scaling_factor）=22，分布（distribution）=编码分布（encoding）
已为 12 层启用前馈网络第一层噪声（wffn1 noise），缩放因子（scaling_factor）=24，分布（distribution）=编码分布（encoding）
已为 12 层启用前馈网络第二层噪声（wffn2 noise），缩放因子（scaling_factor）=22，分布（distribution）=编码分布（encoding）
Enabled softmax/V attention-product noise for 12 layers (softmax sf=18, V sf=24, distribution=fresh)
已替换 12 层的GELU函数（GELU function）
已替换 12 层的Softmax函数（Softmax function）
已为 12 层启用输入噪声（Input noise），缩放因子（scaling_factor）=30，分布（distribution）=新采样（fresh）
已为 12 层启用查询投影噪声（query noise），缩放因子（scaling_factor）=22，分布（distribution）=编码分布（encoding）
已为 12 层启用键投影噪声（key noise），缩放因子（scaling_factor）=22，分布（distribution）=编码分布（encoding）
已为 12 层启用值投影噪声（value noise），缩放因子（scaling_factor）=22，分布（distribution）=编码分布（encoding）
已为 12 层启用注意力输出投影噪声（wo noise），缩放因子（scaling_factor）=22，分布（distribution）=编码分布（encoding）
已为 12 层启用前馈网络第一层噪声（wffn1 noise），缩放因子（scaling_factor）=24，分布（distribution）=编码分布（encoding）
已为 12 层启用前馈网络第二层噪声（wffn2 noise），缩放因子（scaling_factor）=22，分布（distribution）=编码分布（encoding）
Enabled softmax/V attention-product noise for 12 layers (softmax sf=18, V sf=24, distribution=fresh)
已替换 12 层的GELU函数（GELU function）
已替换 12 层的Softmax函数（Softmax function）
已为 12 层启用输入噪声（Input noise），缩放因子（scaling_factor）=30，分布（distribution）=新采样（fresh）
已为 12 层启用查询投影噪声（query noise），缩放因子（scaling_factor）=22，分布（distribution）=编码分布（encoding）
已为 12 层启用键投影噪声（key noise），缩放因子（scaling_factor）=22，分布（distribution）=编码分布（encoding）
已为 12 层启用值投影噪声（value noise），缩放因子（scaling_factor）=22，分布（distribution）=编码分布（encoding）
已为 12 层启用注意力输出投影噪声（wo noise），缩放因子（scaling_factor）=22，分布（distribution）=编码分布（encoding）
已为 12 层启用前馈网络第一层噪声（wffn1 noise），缩放因子（scaling_factor）=24，分布（distribution）=编码分布（encoding）
已为 12 层启用前馈网络第二层噪声（wffn2 noise），缩放因子（scaling_factor）=22，分布（distribution）=编码分布（encoding）
Enabled softmax/V attention-product noise for 12 layers (softmax sf=18, V sf=24, distribution=fresh)
已替换 12 层的GELU函数（GELU function）
已替换 12 层的Softmax函数（Softmax function）
已为 12 层启用输入噪声（Input noise），缩放因子（scaling_factor）=30，分布（distribution）=新采样（fresh）
已为 12 层启用查询投影噪声（query noise），缩放因子（scaling_factor）=22，分布（distribution）=编码分布（encoding）
已为 12 层启用键投影噪声（key noise），缩放因子（scaling_factor）=22，分布（distribution）=编码分布（encoding）
已为 12 层启用值投影噪声（value noise），缩放因子（scaling_factor）=22，分布（distribution）=编码分布（encoding）
已为 12 层启用注意力输出投影噪声（wo noise），缩放因子（scaling_factor）=22，分布（distribution）=编码分布（encoding）
已为 12 层启用前馈网络第一层噪声（wffn1 noise），缩放因子（scaling_factor）=24，分布（distribution）=编码分布（encoding）
已为 12 层启用前馈网络第二层噪声（wffn2 noise），缩放因子（scaling_factor）=22，分布（distribution）=编码分布（encoding）
Enabled softmax/V attention-product noise for 12 layers (softmax sf=18, V sf=24, distribution=fresh)
已替换 12 层的GELU函数（GELU function）
已替换 12 层的Softmax函数（Softmax function）
已为 12 层启用输入噪声（Input noise），缩放因子（scaling_factor）=30，分布（distribution）=新采样（fresh）
已为 12 层启用查询投影噪声（query noise），缩放因子（scaling_factor）=22，分布（distribution）=编码分布（encoding）
已为 12 层启用键投影噪声（key noise），缩放因子（scaling_factor）=22，分布（distribution）=编码分布（encoding）
已为 12 层启用值投影噪声（value noise），缩放因子（scaling_factor）=22，分布（distribution）=编码分布（encoding）
已为 12 层启用注意力输出投影噪声（wo noise），缩放因子（scaling_factor）=22，分布（distribution）=编码分布（encoding）
已为 12 层启用前馈网络第一层噪声（wffn1 noise），缩放因子（scaling_factor）=24，分布（distribution）=编码分布（encoding）
已为 12 层启用前馈网络第二层噪声（wffn2 noise），缩放因子（scaling_factor）=22，分布（distribution）=编码分布（encoding）
Enabled softmax/V attention-product noise for 12 layers (softmax sf=18, V sf=24, distribution=fresh)
  softmax_sf=18, v_sf=24 => loss_mean=0.989247, loss_var=0.001233, m1_mean=0.484314, m1_var=0.000496, m2_mean=0.497992, m2_var=0.000551
已替换 12 层的GELU函数（GELU function）
已替换 12 层的Softmax函数（Softmax function）
已为 12 层启用输入噪声（Input noise），缩放因子（scaling_factor）=30，分布（distribution）=新采样（fresh）
已为 12 层启用查询投影噪声（query noise），缩放因子（scaling_factor）=22，分布（distribution）=编码分布（encoding）
已为 12 层启用键投影噪声（key noise），缩放因子（scaling_factor）=22，分布（distribution）=编码分布（encoding）
已为 12 层启用值投影噪声（value noise），缩放因子（scaling_factor）=22，分布（distribution）=编码分布（encoding）
已为 12 层启用注意力输出投影噪声（wo noise），缩放因子（scaling_factor）=22，分布（distribution）=编码分布（encoding）
已为 12 层启用前馈网络第一层噪声（wffn1 noise），缩放因子（scaling_factor）=24，分布（distribution）=编码分布（encoding）
已为 12 层启用前馈网络第二层噪声（wffn2 noise），缩放因子（scaling_factor）=22，分布（distribution）=编码分布（encoding）
Enabled softmax/V attention-product noise for 12 layers (softmax sf=18, V sf=26, distribution=fresh)
已替换 12 层的GELU函数（GELU function）
已替换 12 层的Softmax函数（Softmax function）
已为 12 层启用输入噪声（Input noise），缩放因子（scaling_factor）=30，分布（distribution）=新采样（fresh）
已为 12 层启用查询投影噪声（query noise），缩放因子（scaling_factor）=22，分布（distribution）=编码分布（encoding）
已为 12 层启用键投影噪声（key noise），缩放因子（scaling_factor）=22，分布（distribution）=编码分布（encoding）
已为 12 层启用值投影噪声（value noise），缩放因子（scaling_factor）=22，分布（distribution）=编码分布（encoding）
已为 12 层启用注意力输出投影噪声（wo noise），缩放因子（scaling_factor）=22，分布（distribution）=编码分布（encoding）
已为 12 层启用前馈网络第一层噪声（wffn1 noise），缩放因子（scaling_factor）=24，分布（distribution）=编码分布（encoding）
已为 12 层启用前馈网络第二层噪声（wffn2 noise），缩放因子（scaling_factor）=22，分布（distribution）=编码分布（encoding）
Enabled softmax/V attention-product noise for 12 layers (softmax sf=18, V sf=26, distribution=fresh)
已替换 12 层的GELU函数（GELU function）
已替换 12 层的Softmax函数（Softmax function）
已为 12 层启用输入噪声（Input noise），缩放因子（scaling_factor）=30，分布（distribution）=新采样（fresh）
已为 12 层启用查询投影噪声（query noise），缩放因子（scaling_factor）=22，分布（distribution）=编码分布（encoding）
已为 12 层启用键投影噪声（key noise），缩放因子（scaling_factor）=22，分布（distribution）=编码分布（encoding）
已为 12 层启用值投影噪声（value noise），缩放因子（scaling_factor）=22，分布（distribution）=编码分布（encoding）
已为 12 层启用注意力输出投影噪声（wo noise），缩放因子（scaling_factor）=22，分布（distribution）=编码分布（encoding）
已为 12 层启用前馈网络第一层噪声（wffn1 noise），缩放因子（scaling_factor）=24，分布（distribution）=编码分布（encoding）
已为 12 层启用前馈网络第二层噪声（wffn2 noise），缩放因子（scaling_factor）=22，分布（distribution）=编码分布（encoding）
Enabled softmax/V attention-product noise for 12 layers (softmax sf=18, V sf=26, distribution=fresh)
已替换 12 层的GELU函数（GELU function）
已替换 12 层的Softmax函数（Softmax function）
已为 12 层启用输入噪声（Input noise），缩放因子（scaling_factor）=30，分布（distribution）=新采样（fresh）
已为 12 层启用查询投影噪声（query noise），缩放因子（scaling_factor）=22，分布（distribution）=编码分布（encoding）
已为 12 层启用键投影噪声（key noise），缩放因子（scaling_factor）=22，分布（distribution）=编码分布（encoding）
已为 12 层启用值投影噪声（value noise），缩放因子（scaling_factor）=22，分布（distribution）=编码分布（encoding）
已为 12 层启用注意力输出投影噪声（wo noise），缩放因子（scaling_factor）=22，分布（distribution）=编码分布（encoding）
已为 12 层启用前馈网络第一层噪声（wffn1 noise），缩放因子（scaling_factor）=24，分布（distribution）=编码分布（encoding）
已为 12 层启用前馈网络第二层噪声（wffn2 noise），缩放因子（scaling_factor）=22，分布（distribution）=编码分布（encoding）
Enabled softmax/V attention-product noise for 12 layers (softmax sf=18, V sf=26, distribution=fresh)
已替换 12 层的GELU函数（GELU function）
已替换 12 层的Softmax函数（Softmax function）
已为 12 层启用输入噪声（Input noise），缩放因子（scaling_factor）=30，分布（distribution）=新采样（fresh）
已为 12 层启用查询投影噪声（query noise），缩放因子（scaling_factor）=22，分布（distribution）=编码分布（encoding）
已为 12 层启用键投影噪声（key noise），缩放因子（scaling_factor）=22，分布（distribution）=编码分布（encoding）
已为 12 层启用值投影噪声（value noise），缩放因子（scaling_factor）=22，分布（distribution）=编码分布（encoding）
已为 12 层启用注意力输出投影噪声（wo noise），缩放因子（scaling_factor）=22，分布（distribution）=编码分布（encoding）
已为 12 层启用前馈网络第一层噪声（wffn1 noise），缩放因子（scaling_factor）=24，分布（distribution）=编码分布（encoding）
已为 12 层启用前馈网络第二层噪声（wffn2 noise），缩放因子（scaling_factor）=22，分布（distribution）=编码分布（encoding）
Enabled softmax/V attention-product noise for 12 layers (softmax sf=18, V sf=26, distribution=fresh)
  softmax_sf=18, v_sf=26 => loss_mean=1.013432, loss_var=0.000330, m1_mean=0.458824, m1_var=0.000143, m2_mean=0.472534, m2_var=0.000198
已替换 12 层的GELU函数（GELU function）
已替换 12 层的Softmax函数（Softmax function）
已为 12 层启用输入噪声（Input noise），缩放因子（scaling_factor）=30，分布（distribution）=新采样（fresh）
已为 12 层启用查询投影噪声（query noise），缩放因子（scaling_factor）=22，分布（distribution）=编码分布（encoding）
已为 12 层启用键投影噪声（key noise），缩放因子（scaling_factor）=22，分布（distribution）=编码分布（encoding）
已为 12 层启用值投影噪声（value noise），缩放因子（scaling_factor）=22，分布（distribution）=编码分布（encoding）
已为 12 层启用注意力输出投影噪声（wo noise），缩放因子（scaling_factor）=22，分布（distribution）=编码分布（encoding）
已为 12 层启用前馈网络第一层噪声（wffn1 noise），缩放因子（scaling_factor）=24，分布（distribution）=编码分布（encoding）
已为 12 层启用前馈网络第二层噪声（wffn2 noise），缩放因子（scaling_factor）=22，分布（distribution）=编码分布（encoding）
Enabled softmax/V attention-product noise for 12 layers (softmax sf=18, V sf=28, distribution=fresh)
已替换 12 层的GELU函数（GELU function）
已替换 12 层的Softmax函数（Softmax function）
已为 12 层启用输入噪声（Input noise），缩放因子（scaling_factor）=30，分布（distribution）=新采样（fresh）
已为 12 层启用查询投影噪声（query noise），缩放因子（scaling_factor）=22，分布（distribution）=编码分布（encoding）
已为 12 层启用键投影噪声（key noise），缩放因子（scaling_factor）=22，分布（distribution）=编码分布（encoding）
已为 12 层启用值投影噪声（value noise），缩放因子（scaling_factor）=22，分布（distribution）=编码分布（encoding）
已为 12 层启用注意力输出投影噪声（wo noise），缩放因子（scaling_factor）=22，分布（distribution）=编码分布（encoding）
已为 12 层启用前馈网络第一层噪声（wffn1 noise），缩放因子（scaling_factor）=24，分布（distribution）=编码分布（encoding）
已为 12 层启用前馈网络第二层噪声（wffn2 noise），缩放因子（scaling_factor）=22，分布（distribution）=编码分布（encoding）
Enabled softmax/V attention-product noise for 12 layers (softmax sf=18, V sf=28, distribution=fresh)
已替换 12 层的GELU函数（GELU function）
已替换 12 层的Softmax函数（Softmax function）
已为 12 层启用输入噪声（Input noise），缩放因子（scaling_factor）=30，分布（distribution）=新采样（fresh）
已为 12 层启用查询投影噪声（query noise），缩放因子（scaling_factor）=22，分布（distribution）=编码分布（encoding）
已为 12 层启用键投影噪声（key noise），缩放因子（scaling_factor）=22，分布（distribution）=编码分布（encoding）
已为 12 层启用值投影噪声（value noise），缩放因子（scaling_factor）=22，分布（distribution）=编码分布（encoding）
已为 12 层启用注意力输出投影噪声（wo noise），缩放因子（scaling_factor）=22，分布（distribution）=编码分布（encoding）
已为 12 层启用前馈网络第一层噪声（wffn1 noise），缩放因子（scaling_factor）=24，分布（distribution）=编码分布（encoding）
已为 12 层启用前馈网络第二层噪声（wffn2 noise），缩放因子（scaling_factor）=22，分布（distribution）=编码分布（encoding）
Enabled softmax/V attention-product noise for 12 layers (softmax sf=18, V sf=28, distribution=fresh)
已替换 12 层的GELU函数（GELU function）
已替换 12 层的Softmax函数（Softmax function）
已为 12 层启用输入噪声（Input noise），缩放因子（scaling_factor）=30，分布（distribution）=新采样（fresh）
已为 12 层启用查询投影噪声（query noise），缩放因子（scaling_factor）=22，分布（distribution）=编码分布（encoding）
已为 12 层启用键投影噪声（key noise），缩放因子（scaling_factor）=22，分布（distribution）=编码分布（encoding）
已为 12 层启用值投影噪声（value noise），缩放因子（scaling_factor）=22，分布（distribution）=编码分布（encoding）
已为 12 层启用注意力输出投影噪声（wo noise），缩放因子（scaling_factor）=22，分布（distribution）=编码分布（encoding）
已为 12 层启用前馈网络第一层噪声（wffn1 noise），缩放因子（scaling_factor）=24，分布（distribution）=编码分布（encoding）
已为 12 层启用前馈网络第二层噪声（wffn2 noise），缩放因子（scaling_factor）=22，分布（distribution）=编码分布（encoding）
Enabled softmax/V attention-product noise for 12 layers (softmax sf=18, V sf=28, distribution=fresh)
已替换 12 层的GELU函数（GELU function）
已替换 12 层的Softmax函数（Softmax function）
已为 12 层启用输入噪声（Input noise），缩放因子（scaling_factor）=30，分布（distribution）=新采样（fresh）
已为 12 层启用查询投影噪声（query noise），缩放因子（scaling_factor）=22，分布（distribution）=编码分布（encoding）
已为 12 层启用键投影噪声（key noise），缩放因子（scaling_factor）=22，分布（distribution）=编码分布（encoding）
已为 12 层启用值投影噪声（value noise），缩放因子（scaling_factor）=22，分布（distribution）=编码分布（encoding）
已为 12 层启用注意力输出投影噪声（wo noise），缩放因子（scaling_factor）=22，分布（distribution）=编码分布（encoding）
已为 12 层启用前馈网络第一层噪声（wffn1 noise），缩放因子（scaling_factor）=24，分布（distribution）=编码分布（encoding）
已为 12 层启用前馈网络第二层噪声（wffn2 noise），缩放因子（scaling_factor）=22，分布（distribution）=编码分布（encoding）
Enabled softmax/V attention-product noise for 12 layers (softmax sf=18, V sf=28, distribution=fresh)
  softmax_sf=18, v_sf=28 => loss_mean=0.973053, loss_var=0.001614, m1_mean=0.476961, m1_var=0.000766, m2_mean=0.492258, m2_var=0.000757
已替换 12 层的GELU函数（GELU function）
已替换 12 层的Softmax函数（Softmax function）
已为 12 层启用输入噪声（Input noise），缩放因子（scaling_factor）=30，分布（distribution）=新采样（fresh）
已为 12 层启用查询投影噪声（query noise），缩放因子（scaling_factor）=22，分布（distribution）=编码分布（encoding）
已为 12 层启用键投影噪声（key noise），缩放因子（scaling_factor）=22，分布（distribution）=编码分布（encoding）
已为 12 层启用值投影噪声（value noise），缩放因子（scaling_factor）=22，分布（distribution）=编码分布（encoding）
已为 12 层启用注意力输出投影噪声（wo noise），缩放因子（scaling_factor）=22，分布（distribution）=编码分布（encoding）
已为 12 层启用前馈网络第一层噪声（wffn1 noise），缩放因子（scaling_factor）=24，分布（distribution）=编码分布（encoding）
已为 12 层启用前馈网络第二层噪声（wffn2 noise），缩放因子（scaling_factor）=22，分布（distribution）=编码分布（encoding）
Enabled softmax/V attention-product noise for 12 layers (softmax sf=18, V sf=30, distribution=fresh)
已替换 12 层的GELU函数（GELU function）
已替换 12 层的Softmax函数（Softmax function）
已为 12 层启用输入噪声（Input noise），缩放因子（scaling_factor）=30，分布（distribution）=新采样（fresh）
已为 12 层启用查询投影噪声（query noise），缩放因子（scaling_factor）=22，分布（distribution）=编码分布（encoding）
已为 12 层启用键投影噪声（key noise），缩放因子（scaling_factor）=22，分布（distribution）=编码分布（encoding）
已为 12 层启用值投影噪声（value noise），缩放因子（scaling_factor）=22，分布（distribution）=编码分布（encoding）
已为 12 层启用注意力输出投影噪声（wo noise），缩放因子（scaling_factor）=22，分布（distribution）=编码分布（encoding）
已为 12 层启用前馈网络第一层噪声（wffn1 noise），缩放因子（scaling_factor）=24，分布（distribution）=编码分布（encoding）
已为 12 层启用前馈网络第二层噪声（wffn2 noise），缩放因子（scaling_factor）=22，分布（distribution）=编码分布（encoding）
Enabled softmax/V attention-product noise for 12 layers (softmax sf=18, V sf=30, distribution=fresh)
已替换 12 层的GELU函数（GELU function）
已替换 12 层的Softmax函数（Softmax function）
已为 12 层启用输入噪声（Input noise），缩放因子（scaling_factor）=30，分布（distribution）=新采样（fresh）
已为 12 层启用查询投影噪声（query noise），缩放因子（scaling_factor）=22，分布（distribution）=编码分布（encoding）
已为 12 层启用键投影噪声（key noise），缩放因子（scaling_factor）=22，分布（distribution）=编码分布（encoding）
已为 12 层启用值投影噪声（value noise），缩放因子（scaling_factor）=22，分布（distribution）=编码分布（encoding）
已为 12 层启用注意力输出投影噪声（wo noise），缩放因子（scaling_factor）=22，分布（distribution）=编码分布（encoding）
已为 12 层启用前馈网络第一层噪声（wffn1 noise），缩放因子（scaling_factor）=24，分布（distribution）=编码分布（encoding）
已为 12 层启用前馈网络第二层噪声（wffn2 noise），缩放因子（scaling_factor）=22，分布（distribution）=编码分布（encoding）
Enabled softmax/V attention-product noise for 12 layers (softmax sf=18, V sf=30, distribution=fresh)
已替换 12 层的GELU函数（GELU function）
已替换 12 层的Softmax函数（Softmax function）
已为 12 层启用输入噪声（Input noise），缩放因子（scaling_factor）=30，分布（distribution）=新采样（fresh）
已为 12 层启用查询投影噪声（query noise），缩放因子（scaling_factor）=22，分布（distribution）=编码分布（encoding）
已为 12 层启用键投影噪声（key noise），缩放因子（scaling_factor）=22，分布（distribution）=编码分布（encoding）
已为 12 层启用值投影噪声（value noise），缩放因子（scaling_factor）=22，分布（distribution）=编码分布（encoding）
已为 12 层启用注意力输出投影噪声（wo noise），缩放因子（scaling_factor）=22，分布（distribution）=编码分布（encoding）
已为 12 层启用前馈网络第一层噪声（wffn1 noise），缩放因子（scaling_factor）=24，分布（distribution）=编码分布（encoding）
已为 12 层启用前馈网络第二层噪声（wffn2 noise），缩放因子（scaling_factor）=22，分布（distribution）=编码分布（encoding）
Enabled softmax/V attention-product noise for 12 layers (softmax sf=18, V sf=30, distribution=fresh)
已替换 12 层的GELU函数（GELU function）
已替换 12 层的Softmax函数（Softmax function）
已为 12 层启用输入噪声（Input noise），缩放因子（scaling_factor）=30，分布（distribution）=新采样（fresh）
已为 12 层启用查询投影噪声（query noise），缩放因子（scaling_factor）=22，分布（distribution）=编码分布（encoding）
已为 12 层启用键投影噪声（key noise），缩放因子（scaling_factor）=22，分布（distribution）=编码分布（encoding）
已为 12 层启用值投影噪声（value noise），缩放因子（scaling_factor）=22，分布（distribution）=编码分布（encoding）
已为 12 层启用注意力输出投影噪声（wo noise），缩放因子（scaling_factor）=22，分布（distribution）=编码分布（encoding）
已为 12 层启用前馈网络第一层噪声（wffn1 noise），缩放因子（scaling_factor）=24，分布（distribution）=编码分布（encoding）
已为 12 层启用前馈网络第二层噪声（wffn2 noise），缩放因子（scaling_factor）=22，分布（distribution）=编码分布（encoding）
Enabled softmax/V attention-product noise for 12 layers (softmax sf=18, V sf=30, distribution=fresh)
  softmax_sf=18, v_sf=30 => loss_mean=1.003527, loss_var=0.001860, m1_mean=0.459804, m1_var=0.000335, m2_mean=0.473269, m2_var=0.000312
已替换 12 层的GELU函数（GELU function）
已替换 12 层的Softmax函数（Softmax function）
已为 12 层启用输入噪声（Input noise），缩放因子（scaling_factor）=30，分布（distribution）=新采样（fresh）
已为 12 层启用查询投影噪声（query noise），缩放因子（scaling_factor）=22，分布（distribution）=编码分布（encoding）
已为 12 层启用键投影噪声（key noise），缩放因子（scaling_factor）=22，分布（distribution）=编码分布（encoding）
已为 12 层启用值投影噪声（value noise），缩放因子（scaling_factor）=22，分布（distribution）=编码分布（encoding）
已为 12 层启用注意力输出投影噪声（wo noise），缩放因子（scaling_factor）=22，分布（distribution）=编码分布（encoding）
已为 12 层启用前馈网络第一层噪声（wffn1 noise），缩放因子（scaling_factor）=24，分布（distribution）=编码分布（encoding）
已为 12 层启用前馈网络第二层噪声（wffn2 noise），缩放因子（scaling_factor）=22，分布（distribution）=编码分布（encoding）
Enabled softmax/V attention-product noise for 12 layers (softmax sf=18, V sf=32, distribution=fresh)
已替换 12 层的GELU函数（GELU function）
已替换 12 层的Softmax函数（Softmax function）
已为 12 层启用输入噪声（Input noise），缩放因子（scaling_factor）=30，分布（distribution）=新采样（fresh）
已为 12 层启用查询投影噪声（query noise），缩放因子（scaling_factor）=22，分布（distribution）=编码分布（encoding）
已为 12 层启用键投影噪声（key noise），缩放因子（scaling_factor）=22，分布（distribution）=编码分布（encoding）
已为 12 层启用值投影噪声（value noise），缩放因子（scaling_factor）=22，分布（distribution）=编码分布（encoding）
已为 12 层启用注意力输出投影噪声（wo noise），缩放因子（scaling_factor）=22，分布（distribution）=编码分布（encoding）
已为 12 层启用前馈网络第一层噪声（wffn1 noise），缩放因子（scaling_factor）=24，分布（distribution）=编码分布（encoding）
已为 12 层启用前馈网络第二层噪声（wffn2 noise），缩放因子（scaling_factor）=22，分布（distribution）=编码分布（encoding）
Enabled softmax/V attention-product noise for 12 layers (softmax sf=18, V sf=32, distribution=fresh)
已替换 12 层的GELU函数（GELU function）
已替换 12 层的Softmax函数（Softmax function）
已为 12 层启用输入噪声（Input noise），缩放因子（scaling_factor）=30，分布（distribution）=新采样（fresh）
已为 12 层启用查询投影噪声（query noise），缩放因子（scaling_factor）=22，分布（distribution）=编码分布（encoding）
已为 12 层启用键投影噪声（key noise），缩放因子（scaling_factor）=22，分布（distribution）=编码分布（encoding）
已为 12 层启用值投影噪声（value noise），缩放因子（scaling_factor）=22，分布（distribution）=编码分布（encoding）
已为 12 层启用注意力输出投影噪声（wo noise），缩放因子（scaling_factor）=22，分布（distribution）=编码分布（encoding）
已为 12 层启用前馈网络第一层噪声（wffn1 noise），缩放因子（scaling_factor）=24，分布（distribution）=编码分布（encoding）
已为 12 层启用前馈网络第二层噪声（wffn2 noise），缩放因子（scaling_factor）=22，分布（distribution）=编码分布（encoding）
Enabled softmax/V attention-product noise for 12 layers (softmax sf=18, V sf=32, distribution=fresh)
已替换 12 层的GELU函数（GELU function）
已替换 12 层的Softmax函数（Softmax function）
已为 12 层启用输入噪声（Input noise），缩放因子（scaling_factor）=30，分布（distribution）=新采样（fresh）
已为 12 层启用查询投影噪声（query noise），缩放因子（scaling_factor）=22，分布（distribution）=编码分布（encoding）
已为 12 层启用键投影噪声（key noise），缩放因子（scaling_factor）=22，分布（distribution）=编码分布（encoding）
已为 12 层启用值投影噪声（value noise），缩放因子（scaling_factor）=22，分布（distribution）=编码分布（encoding）
已为 12 层启用注意力输出投影噪声（wo noise），缩放因子（scaling_factor）=22，分布（distribution）=编码分布（encoding）
已为 12 层启用前馈网络第一层噪声（wffn1 noise），缩放因子（scaling_factor）=24，分布（distribution）=编码分布（encoding）
已为 12 层启用前馈网络第二层噪声（wffn2 noise），缩放因子（scaling_factor）=22，分布（distribution）=编码分布（encoding）
Enabled softmax/V attention-product noise for 12 layers (softmax sf=18, V sf=32, distribution=fresh)
已替换 12 层的GELU函数（GELU function）
已替换 12 层的Softmax函数（Softmax function）
已为 12 层启用输入噪声（Input noise），缩放因子（scaling_factor）=30，分布（distribution）=新采样（fresh）
已为 12 层启用查询投影噪声（query noise），缩放因子（scaling_factor）=22，分布（distribution）=编码分布（encoding）
已为 12 层启用键投影噪声（key noise），缩放因子（scaling_factor）=22，分布（distribution）=编码分布（encoding）
已为 12 层启用值投影噪声（value noise），缩放因子（scaling_factor）=22，分布（distribution）=编码分布（encoding）
已为 12 层启用注意力输出投影噪声（wo noise），缩放因子（scaling_factor）=22，分布（distribution）=编码分布（encoding）
已为 12 层启用前馈网络第一层噪声（wffn1 noise），缩放因子（scaling_factor）=24，分布（distribution）=编码分布（encoding）
已为 12 层启用前馈网络第二层噪声（wffn2 noise），缩放因子（scaling_factor）=22，分布（distribution）=编码分布（encoding）
Enabled softmax/V attention-product noise for 12 layers (softmax sf=18, V sf=32, distribution=fresh)
  softmax_sf=18, v_sf=32 => loss_mean=0.989763, loss_var=0.002337, m1_mean=0.471078, m1_var=0.001556, m2_mean=0.483962, m2_var=0.001606
已替换 12 层的GELU函数（GELU function）
已替换 12 层的Softmax函数（Softmax function）
已为 12 层启用输入噪声（Input noise），缩放因子（scaling_factor）=30，分布（distribution）=新采样（fresh）
已为 12 层启用查询投影噪声（query noise），缩放因子（scaling_factor）=22，分布（distribution）=编码分布（encoding）
已为 12 层启用键投影噪声（key noise），缩放因子（scaling_factor）=22，分布（distribution）=编码分布（encoding）
已为 12 层启用值投影噪声（value noise），缩放因子（scaling_factor）=22，分布（distribution）=编码分布（encoding）
已为 12 层启用注意力输出投影噪声（wo noise），缩放因子（scaling_factor）=22，分布（distribution）=编码分布（encoding）
已为 12 层启用前馈网络第一层噪声（wffn1 noise），缩放因子（scaling_factor）=24，分布（distribution）=编码分布（encoding）
已为 12 层启用前馈网络第二层噪声（wffn2 noise），缩放因子（scaling_factor）=22，分布（distribution）=编码分布（encoding）
Enabled softmax/V attention-product noise for 12 layers (softmax sf=18, V sf=34, distribution=fresh)
已替换 12 层的GELU函数（GELU function）
已替换 12 层的Softmax函数（Softmax function）
已为 12 层启用输入噪声（Input noise），缩放因子（scaling_factor）=30，分布（distribution）=新采样（fresh）
已为 12 层启用查询投影噪声（query noise），缩放因子（scaling_factor）=22，分布（distribution）=编码分布（encoding）
已为 12 层启用键投影噪声（key noise），缩放因子（scaling_factor）=22，分布（distribution）=编码分布（encoding）
已为 12 层启用值投影噪声（value noise），缩放因子（scaling_factor）=22，分布（distribution）=编码分布（encoding）
已为 12 层启用注意力输出投影噪声（wo noise），缩放因子（scaling_factor）=22，分布（distribution）=编码分布（encoding）
已为 12 层启用前馈网络第一层噪声（wffn1 noise），缩放因子（scaling_factor）=24，分布（distribution）=编码分布（encoding）
已为 12 层启用前馈网络第二层噪声（wffn2 noise），缩放因子（scaling_factor）=22，分布（distribution）=编码分布（encoding）
Enabled softmax/V attention-product noise for 12 layers (softmax sf=18, V sf=34, distribution=fresh)
已替换 12 层的GELU函数（GELU function）
已替换 12 层的Softmax函数（Softmax function）
已为 12 层启用输入噪声（Input noise），缩放因子（scaling_factor）=30，分布（distribution）=新采样（fresh）
已为 12 层启用查询投影噪声（query noise），缩放因子（scaling_factor）=22，分布（distribution）=编码分布（encoding）
已为 12 层启用键投影噪声（key noise），缩放因子（scaling_factor）=22，分布（distribution）=编码分布（encoding）
已为 12 层启用值投影噪声（value noise），缩放因子（scaling_factor）=22，分布（distribution）=编码分布（encoding）
已为 12 层启用注意力输出投影噪声（wo noise），缩放因子（scaling_factor）=22，分布（distribution）=编码分布（encoding）
已为 12 层启用前馈网络第一层噪声（wffn1 noise），缩放因子（scaling_factor）=24，分布（distribution）=编码分布（encoding）
已为 12 层启用前馈网络第二层噪声（wffn2 noise），缩放因子（scaling_factor）=22，分布（distribution）=编码分布（encoding）
Enabled softmax/V attention-product noise for 12 layers (softmax sf=18, V sf=34, distribution=fresh)
已替换 12 层的GELU函数（GELU function）
已替换 12 层的Softmax函数（Softmax function）
已为 12 层启用输入噪声（Input noise），缩放因子（scaling_factor）=30，分布（distribution）=新采样（fresh）
已为 12 层启用查询投影噪声（query noise），缩放因子（scaling_factor）=22，分布（distribution）=编码分布（encoding）
已为 12 层启用键投影噪声（key noise），缩放因子（scaling_factor）=22，分布（distribution）=编码分布（encoding）
已为 12 层启用值投影噪声（value noise），缩放因子（scaling_factor）=22，分布（distribution）=编码分布（encoding）
已为 12 层启用注意力输出投影噪声（wo noise），缩放因子（scaling_factor）=22，分布（distribution）=编码分布（encoding）
已为 12 层启用前馈网络第一层噪声（wffn1 noise），缩放因子（scaling_factor）=24，分布（distribution）=编码分布（encoding）
已为 12 层启用前馈网络第二层噪声（wffn2 noise），缩放因子（scaling_factor）=22，分布（distribution）=编码分布（encoding）
Enabled softmax/V attention-product noise for 12 layers (softmax sf=18, V sf=34, distribution=fresh)
已替换 12 层的GELU函数（GELU function）
已替换 12 层的Softmax函数（Softmax function）
已为 12 层启用输入噪声（Input noise），缩放因子（scaling_factor）=30，分布（distribution）=新采样（fresh）
已为 12 层启用查询投影噪声（query noise），缩放因子（scaling_factor）=22，分布（distribution）=编码分布（encoding）
已为 12 层启用键投影噪声（key noise），缩放因子（scaling_factor）=22，分布（distribution）=编码分布（encoding）
已为 12 层启用值投影噪声（value noise），缩放因子（scaling_factor）=22，分布（distribution）=编码分布（encoding）
已为 12 层启用注意力输出投影噪声（wo noise），缩放因子（scaling_factor）=22，分布（distribution）=编码分布（encoding）
已为 12 层启用前馈网络第一层噪声（wffn1 noise），缩放因子（scaling_factor）=24，分布（distribution）=编码分布（encoding）
已为 12 层启用前馈网络第二层噪声（wffn2 noise），缩放因子（scaling_factor）=22，分布（distribution）=编码分布（encoding）
Enabled softmax/V attention-product noise for 12 layers (softmax sf=18, V sf=34, distribution=fresh)
  softmax_sf=18, v_sf=34 => loss_mean=1.020208, loss_var=0.002267, m1_mean=0.450980, m1_var=0.000795, m2_mean=0.464637, m2_var=0.000675
已替换 12 层的GELU函数（GELU function）
已替换 12 层的Softmax函数（Softmax function）
已为 12 层启用输入噪声（Input noise），缩放因子（scaling_factor）=30，分布（distribution）=新采样（fresh）
已为 12 层启用查询投影噪声（query noise），缩放因子（scaling_factor）=22，分布（distribution）=编码分布（encoding）
已为 12 层启用键投影噪声（key noise），缩放因子（scaling_factor）=22，分布（distribution）=编码分布（encoding）
已为 12 层启用值投影噪声（value noise），缩放因子（scaling_factor）=22，分布（distribution）=编码分布（encoding）
已为 12 层启用注意力输出投影噪声（wo noise），缩放因子（scaling_factor）=22，分布（distribution）=编码分布（encoding）
已为 12 层启用前馈网络第一层噪声（wffn1 noise），缩放因子（scaling_factor）=24，分布（distribution）=编码分布（encoding）
已为 12 层启用前馈网络第二层噪声（wffn2 noise），缩放因子（scaling_factor）=22，分布（distribution）=编码分布（encoding）
Enabled softmax/V attention-product noise for 12 layers (softmax sf=18, V sf=36, distribution=fresh)
已替换 12 层的GELU函数（GELU function）
已替换 12 层的Softmax函数（Softmax function）
已为 12 层启用输入噪声（Input noise），缩放因子（scaling_factor）=30，分布（distribution）=新采样（fresh）
已为 12 层启用查询投影噪声（query noise），缩放因子（scaling_factor）=22，分布（distribution）=编码分布（encoding）
已为 12 层启用键投影噪声（key noise），缩放因子（scaling_factor）=22，分布（distribution）=编码分布（encoding）
已为 12 层启用值投影噪声（value noise），缩放因子（scaling_factor）=22，分布（distribution）=编码分布（encoding）
已为 12 层启用注意力输出投影噪声（wo noise），缩放因子（scaling_factor）=22，分布（distribution）=编码分布（encoding）
已为 12 层启用前馈网络第一层噪声（wffn1 noise），缩放因子（scaling_factor）=24，分布（distribution）=编码分布（encoding）
已为 12 层启用前馈网络第二层噪声（wffn2 noise），缩放因子（scaling_factor）=22，分布（distribution）=编码分布（encoding）
Enabled softmax/V attention-product noise for 12 layers (softmax sf=18, V sf=36, distribution=fresh)
已替换 12 层的GELU函数（GELU function）
已替换 12 层的Softmax函数（Softmax function）
已为 12 层启用输入噪声（Input noise），缩放因子（scaling_factor）=30，分布（distribution）=新采样（fresh）
已为 12 层启用查询投影噪声（query noise），缩放因子（scaling_factor）=22，分布（distribution）=编码分布（encoding）
已为 12 层启用键投影噪声（key noise），缩放因子（scaling_factor）=22，分布（distribution）=编码分布（encoding）
已为 12 层启用值投影噪声（value noise），缩放因子（scaling_factor）=22，分布（distribution）=编码分布（encoding）
已为 12 层启用注意力输出投影噪声（wo noise），缩放因子（scaling_factor）=22，分布（distribution）=编码分布（encoding）
已为 12 层启用前馈网络第一层噪声（wffn1 noise），缩放因子（scaling_factor）=24，分布（distribution）=编码分布（encoding）
已为 12 层启用前馈网络第二层噪声（wffn2 noise），缩放因子（scaling_factor）=22，分布（distribution）=编码分布（encoding）
Enabled softmax/V attention-product noise for 12 layers (softmax sf=18, V sf=36, distribution=fresh)
已替换 12 层的GELU函数（GELU function）
已替换 12 层的Softmax函数（Softmax function）
已为 12 层启用输入噪声（Input noise），缩放因子（scaling_factor）=30，分布（distribution）=新采样（fresh）
已为 12 层启用查询投影噪声（query noise），缩放因子（scaling_factor）=22，分布（distribution）=编码分布（encoding）
已为 12 层启用键投影噪声（key noise），缩放因子（scaling_factor）=22，分布（distribution）=编码分布（encoding）
已为 12 层启用值投影噪声（value noise），缩放因子（scaling_factor）=22，分布（distribution）=编码分布（encoding）
已为 12 层启用注意力输出投影噪声（wo noise），缩放因子（scaling_factor）=22，分布（distribution）=编码分布（encoding）
已为 12 层启用前馈网络第一层噪声（wffn1 noise），缩放因子（scaling_factor）=24，分布（distribution）=编码分布（encoding）
已为 12 层启用前馈网络第二层噪声（wffn2 noise），缩放因子（scaling_factor）=22，分布（distribution）=编码分布（encoding）
Enabled softmax/V attention-product noise for 12 layers (softmax sf=18, V sf=36, distribution=fresh)
已替换 12 层的GELU函数（GELU function）
已替换 12 层的Softmax函数（Softmax function）
已为 12 层启用输入噪声（Input noise），缩放因子（scaling_factor）=30，分布（distribution）=新采样（fresh）
已为 12 层启用查询投影噪声（query noise），缩放因子（scaling_factor）=22，分布（distribution）=编码分布（encoding）
已为 12 层启用键投影噪声（key noise），缩放因子（scaling_factor）=22，分布（distribution）=编码分布（encoding）
已为 12 层启用值投影噪声（value noise），缩放因子（scaling_factor）=22，分布（distribution）=编码分布（encoding）
已为 12 层启用注意力输出投影噪声（wo noise），缩放因子（scaling_factor）=22，分布（distribution）=编码分布（encoding）
已为 12 层启用前馈网络第一层噪声（wffn1 noise），缩放因子（scaling_factor）=24，分布（distribution）=编码分布（encoding）
已为 12 层启用前馈网络第二层噪声（wffn2 noise），缩放因子（scaling_factor）=22，分布（distribution）=编码分布（encoding）
Enabled softmax/V attention-product noise for 12 layers (softmax sf=18, V sf=36, distribution=fresh)
  softmax_sf=18, v_sf=36 => loss_mean=1.012823, loss_var=0.001282, m1_mean=0.459314, m1_var=0.000710, m2_mean=0.472241, m2_var=0.000776
已替换 12 层的GELU函数（GELU function）
已替换 12 层的Softmax函数（Softmax function）
已为 12 层启用输入噪声（Input noise），缩放因子（scaling_factor）=30，分布（distribution）=新采样（fresh）
已为 12 层启用查询投影噪声（query noise），缩放因子（scaling_factor）=22，分布（distribution）=编码分布（encoding）
已为 12 层启用键投影噪声（key noise），缩放因子（scaling_factor）=22，分布（distribution）=编码分布（encoding）
已为 12 层启用值投影噪声（value noise），缩放因子（scaling_factor）=22，分布（distribution）=编码分布（encoding）
已为 12 层启用注意力输出投影噪声（wo noise），缩放因子（scaling_factor）=22，分布（distribution）=编码分布（encoding）
已为 12 层启用前馈网络第一层噪声（wffn1 noise），缩放因子（scaling_factor）=24，分布（distribution）=编码分布（encoding）
已为 12 层启用前馈网络第二层噪声（wffn2 noise），缩放因子（scaling_factor）=22，分布（distribution）=编码分布（encoding）
Enabled softmax/V attention-product noise for 12 layers (softmax sf=18, V sf=38, distribution=fresh)
已替换 12 层的GELU函数（GELU function）
已替换 12 层的Softmax函数（Softmax function）
已为 12 层启用输入噪声（Input noise），缩放因子（scaling_factor）=30，分布（distribution）=新采样（fresh）
已为 12 层启用查询投影噪声（query noise），缩放因子（scaling_factor）=22，分布（distribution）=编码分布（encoding）
已为 12 层启用键投影噪声（key noise），缩放因子（scaling_factor）=22，分布（distribution）=编码分布（encoding）
已为 12 层启用值投影噪声（value noise），缩放因子（scaling_factor）=22，分布（distribution）=编码分布（encoding）
已为 12 层启用注意力输出投影噪声（wo noise），缩放因子（scaling_factor）=22，分布（distribution）=编码分布（encoding）
已为 12 层启用前馈网络第一层噪声（wffn1 noise），缩放因子（scaling_factor）=24，分布（distribution）=编码分布（encoding）
已为 12 层启用前馈网络第二层噪声（wffn2 noise），缩放因子（scaling_factor）=22，分布（distribution）=编码分布（encoding）
Enabled softmax/V attention-product noise for 12 layers (softmax sf=18, V sf=38, distribution=fresh)
已替换 12 层的GELU函数（GELU function）
已替换 12 层的Softmax函数（Softmax function）
已为 12 层启用输入噪声（Input noise），缩放因子（scaling_factor）=30，分布（distribution）=新采样（fresh）
已为 12 层启用查询投影噪声（query noise），缩放因子（scaling_factor）=22，分布（distribution）=编码分布（encoding）
已为 12 层启用键投影噪声（key noise），缩放因子（scaling_factor）=22，分布（distribution）=编码分布（encoding）
已为 12 层启用值投影噪声（value noise），缩放因子（scaling_factor）=22，分布（distribution）=编码分布（encoding）
已为 12 层启用注意力输出投影噪声（wo noise），缩放因子（scaling_factor）=22，分布（distribution）=编码分布（encoding）
已为 12 层启用前馈网络第一层噪声（wffn1 noise），缩放因子（scaling_factor）=24，分布（distribution）=编码分布（encoding）
已为 12 层启用前馈网络第二层噪声（wffn2 noise），缩放因子（scaling_factor）=22，分布（distribution）=编码分布（encoding）
Enabled softmax/V attention-product noise for 12 layers (softmax sf=18, V sf=38, distribution=fresh)
已替换 12 层的GELU函数（GELU function）
已替换 12 层的Softmax函数（Softmax function）
已为 12 层启用输入噪声（Input noise），缩放因子（scaling_factor）=30，分布（distribution）=新采样（fresh）
已为 12 层启用查询投影噪声（query noise），缩放因子（scaling_factor）=22，分布（distribution）=编码分布（encoding）
已为 12 层启用键投影噪声（key noise），缩放因子（scaling_factor）=22，分布（distribution）=编码分布（encoding）
已为 12 层启用值投影噪声（value noise），缩放因子（scaling_factor）=22，分布（distribution）=编码分布（encoding）
已为 12 层启用注意力输出投影噪声（wo noise），缩放因子（scaling_factor）=22，分布（distribution）=编码分布（encoding）
已为 12 层启用前馈网络第一层噪声（wffn1 noise），缩放因子（scaling_factor）=24，分布（distribution）=编码分布（encoding）
已为 12 层启用前馈网络第二层噪声（wffn2 noise），缩放因子（scaling_factor）=22，分布（distribution）=编码分布（encoding）
Enabled softmax/V attention-product noise for 12 layers (softmax sf=18, V sf=38, distribution=fresh)
已替换 12 层的GELU函数（GELU function）
已替换 12 层的Softmax函数（Softmax function）
已为 12 层启用输入噪声（Input noise），缩放因子（scaling_factor）=30，分布（distribution）=新采样（fresh）
已为 12 层启用查询投影噪声（query noise），缩放因子（scaling_factor）=22，分布（distribution）=编码分布（encoding）
已为 12 层启用键投影噪声（key noise），缩放因子（scaling_factor）=22，分布（distribution）=编码分布（encoding）
已为 12 层启用值投影噪声（value noise），缩放因子（scaling_factor）=22，分布（distribution）=编码分布（encoding）
已为 12 层启用注意力输出投影噪声（wo noise），缩放因子（scaling_factor）=22，分布（distribution）=编码分布（encoding）
已为 12 层启用前馈网络第一层噪声（wffn1 noise），缩放因子（scaling_factor）=24，分布（distribution）=编码分布（encoding）
已为 12 层启用前馈网络第二层噪声（wffn2 noise），缩放因子（scaling_factor）=22，分布（distribution）=编码分布（encoding）
Enabled softmax/V attention-product noise for 12 layers (softmax sf=18, V sf=38, distribution=fresh)
  softmax_sf=18, v_sf=38 => loss_mean=0.996542, loss_var=0.000315, m1_mean=0.468627, m1_var=0.000169, m2_mean=0.483523, m2_var=0.000158
已替换 12 层的GELU函数（GELU function）
已替换 12 层的Softmax函数（Softmax function）
已为 12 层启用输入噪声（Input noise），缩放因子（scaling_factor）=30，分布（distribution）=新采样（fresh）
已为 12 层启用查询投影噪声（query noise），缩放因子（scaling_factor）=22，分布（distribution）=编码分布（encoding）
已为 12 层启用键投影噪声（key noise），缩放因子（scaling_factor）=22，分布（distribution）=编码分布（encoding）
已为 12 层启用值投影噪声（value noise），缩放因子（scaling_factor）=22，分布（distribution）=编码分布（encoding）
已为 12 层启用注意力输出投影噪声（wo noise），缩放因子（scaling_factor）=22，分布（distribution）=编码分布（encoding）
已为 12 层启用前馈网络第一层噪声（wffn1 noise），缩放因子（scaling_factor）=24，分布（distribution）=编码分布（encoding）
已为 12 层启用前馈网络第二层噪声（wffn2 noise），缩放因子（scaling_factor）=22，分布（distribution）=编码分布（encoding）
Enabled softmax/V attention-product noise for 12 layers (softmax sf=18, V sf=40, distribution=fresh)
已替换 12 层的GELU函数（GELU function）
已替换 12 层的Softmax函数（Softmax function）
已为 12 层启用输入噪声（Input noise），缩放因子（scaling_factor）=30，分布（distribution）=新采样（fresh）
已为 12 层启用查询投影噪声（query noise），缩放因子（scaling_factor）=22，分布（distribution）=编码分布（encoding）
已为 12 层启用键投影噪声（key noise），缩放因子（scaling_factor）=22，分布（distribution）=编码分布（encoding）
已为 12 层启用值投影噪声（value noise），缩放因子（scaling_factor）=22，分布（distribution）=编码分布（encoding）
已为 12 层启用注意力输出投影噪声（wo noise），缩放因子（scaling_factor）=22，分布（distribution）=编码分布（encoding）
已为 12 层启用前馈网络第一层噪声（wffn1 noise），缩放因子（scaling_factor）=24，分布（distribution）=编码分布（encoding）
已为 12 层启用前馈网络第二层噪声（wffn2 noise），缩放因子（scaling_factor）=22，分布（distribution）=编码分布（encoding）
Enabled softmax/V attention-product noise for 12 layers (softmax sf=18, V sf=40, distribution=fresh)
已替换 12 层的GELU函数（GELU function）
已替换 12 层的Softmax函数（Softmax function）
已为 12 层启用输入噪声（Input noise），缩放因子（scaling_factor）=30，分布（distribution）=新采样（fresh）
已为 12 层启用查询投影噪声（query noise），缩放因子（scaling_factor）=22，分布（distribution）=编码分布（encoding）
已为 12 层启用键投影噪声（key noise），缩放因子（scaling_factor）=22，分布（distribution）=编码分布（encoding）
已为 12 层启用值投影噪声（value noise），缩放因子（scaling_factor）=22，分布（distribution）=编码分布（encoding）
已为 12 层启用注意力输出投影噪声（wo noise），缩放因子（scaling_factor）=22，分布（distribution）=编码分布（encoding）
已为 12 层启用前馈网络第一层噪声（wffn1 noise），缩放因子（scaling_factor）=24，分布（distribution）=编码分布（encoding）
已为 12 层启用前馈网络第二层噪声（wffn2 noise），缩放因子（scaling_factor）=22，分布（distribution）=编码分布（encoding）
Enabled softmax/V attention-product noise for 12 layers (softmax sf=18, V sf=40, distribution=fresh)
已替换 12 层的GELU函数（GELU function）
已替换 12 层的Softmax函数（Softmax function）
已为 12 层启用输入噪声（Input noise），缩放因子（scaling_factor）=30，分布（distribution）=新采样（fresh）
已为 12 层启用查询投影噪声（query noise），缩放因子（scaling_factor）=22，分布（distribution）=编码分布（encoding）
已为 12 层启用键投影噪声（key noise），缩放因子（scaling_factor）=22，分布（distribution）=编码分布（encoding）
已为 12 层启用值投影噪声（value noise），缩放因子（scaling_factor）=22，分布（distribution）=编码分布（encoding）
已为 12 层启用注意力输出投影噪声（wo noise），缩放因子（scaling_factor）=22，分布（distribution）=编码分布（encoding）
已为 12 层启用前馈网络第一层噪声（wffn1 noise），缩放因子（scaling_factor）=24，分布（distribution）=编码分布（encoding）
已为 12 层启用前馈网络第二层噪声（wffn2 noise），缩放因子（scaling_factor）=22，分布（distribution）=编码分布（encoding）
Enabled softmax/V attention-product noise for 12 layers (softmax sf=18, V sf=40, distribution=fresh)
已替换 12 层的GELU函数（GELU function）
已替换 12 层的Softmax函数（Softmax function）
已为 12 层启用输入噪声（Input noise），缩放因子（scaling_factor）=30，分布（distribution）=新采样（fresh）
已为 12 层启用查询投影噪声（query noise），缩放因子（scaling_factor）=22，分布（distribution）=编码分布（encoding）
已为 12 层启用键投影噪声（key noise），缩放因子（scaling_factor）=22，分布（distribution）=编码分布（encoding）
已为 12 层启用值投影噪声（value noise），缩放因子（scaling_factor）=22，分布（distribution）=编码分布（encoding）
已为 12 层启用注意力输出投影噪声（wo noise），缩放因子（scaling_factor）=22，分布（distribution）=编码分布（encoding）
已为 12 层启用前馈网络第一层噪声（wffn1 noise），缩放因子（scaling_factor）=24，分布（distribution）=编码分布（encoding）
已为 12 层启用前馈网络第二层噪声（wffn2 noise），缩放因子（scaling_factor）=22，分布（distribution）=编码分布（encoding）
Enabled softmax/V attention-product noise for 12 layers (softmax sf=18, V sf=40, distribution=fresh)
  softmax_sf=18, v_sf=40 => loss_mean=0.968639, loss_var=0.000547, m1_mean=0.496078, m1_var=0.000069, m2_mean=0.509553, m2_var=0.000085
已替换 12 层的GELU函数（GELU function）
已替换 12 层的Softmax函数（Softmax function）
已为 12 层启用输入噪声（Input noise），缩放因子（scaling_factor）=30，分布（distribution）=新采样（fresh）
已为 12 层启用查询投影噪声（query noise），缩放因子（scaling_factor）=22，分布（distribution）=编码分布（encoding）
已为 12 层启用键投影噪声（key noise），缩放因子（scaling_factor）=22，分布（distribution）=编码分布（encoding）
已为 12 层启用值投影噪声（value noise），缩放因子（scaling_factor）=22，分布（distribution）=编码分布（encoding）
已为 12 层启用注意力输出投影噪声（wo noise），缩放因子（scaling_factor）=22，分布（distribution）=编码分布（encoding）
已为 12 层启用前馈网络第一层噪声（wffn1 noise），缩放因子（scaling_factor）=24，分布（distribution）=编码分布（encoding）
已为 12 层启用前馈网络第二层噪声（wffn2 noise），缩放因子（scaling_factor）=22，分布（distribution）=编码分布（encoding）
Enabled softmax/V attention-product noise for 12 layers (softmax sf=18, V sf=42, distribution=fresh)
已替换 12 层的GELU函数（GELU function）
已替换 12 层的Softmax函数（Softmax function）
已为 12 层启用输入噪声（Input noise），缩放因子（scaling_factor）=30，分布（distribution）=新采样（fresh）
已为 12 层启用查询投影噪声（query noise），缩放因子（scaling_factor）=22，分布（distribution）=编码分布（encoding）
已为 12 层启用键投影噪声（key noise），缩放因子（scaling_factor）=22，分布（distribution）=编码分布（encoding）
已为 12 层启用值投影噪声（value noise），缩放因子（scaling_factor）=22，分布（distribution）=编码分布（encoding）
已为 12 层启用注意力输出投影噪声（wo noise），缩放因子（scaling_factor）=22，分布（distribution）=编码分布（encoding）
已为 12 层启用前馈网络第一层噪声（wffn1 noise），缩放因子（scaling_factor）=24，分布（distribution）=编码分布（encoding）
已为 12 层启用前馈网络第二层噪声（wffn2 noise），缩放因子（scaling_factor）=22，分布（distribution）=编码分布（encoding）
Enabled softmax/V attention-product noise for 12 layers (softmax sf=18, V sf=42, distribution=fresh)
已替换 12 层的GELU函数（GELU function）
已替换 12 层的Softmax函数（Softmax function）
已为 12 层启用输入噪声（Input noise），缩放因子（scaling_factor）=30，分布（distribution）=新采样（fresh）
已为 12 层启用查询投影噪声（query noise），缩放因子（scaling_factor）=22，分布（distribution）=编码分布（encoding）
已为 12 层启用键投影噪声（key noise），缩放因子（scaling_factor）=22，分布（distribution）=编码分布（encoding）
已为 12 层启用值投影噪声（value noise），缩放因子（scaling_factor）=22，分布（distribution）=编码分布（encoding）
已为 12 层启用注意力输出投影噪声（wo noise），缩放因子（scaling_factor）=22，分布（distribution）=编码分布（encoding）
已为 12 层启用前馈网络第一层噪声（wffn1 noise），缩放因子（scaling_factor）=24，分布（distribution）=编码分布（encoding）
已为 12 层启用前馈网络第二层噪声（wffn2 noise），缩放因子（scaling_factor）=22，分布（distribution）=编码分布（encoding）
Enabled softmax/V attention-product noise for 12 layers (softmax sf=18, V sf=42, distribution=fresh)
已替换 12 层的GELU函数（GELU function）
已替换 12 层的Softmax函数（Softmax function）
已为 12 层启用输入噪声（Input noise），缩放因子（scaling_factor）=30，分布（distribution）=新采样（fresh）
已为 12 层启用查询投影噪声（query noise），缩放因子（scaling_factor）=22，分布（distribution）=编码分布（encoding）
已为 12 层启用键投影噪声（key noise），缩放因子（scaling_factor）=22，分布（distribution）=编码分布（encoding）
已为 12 层启用值投影噪声（value noise），缩放因子（scaling_factor）=22，分布（distribution）=编码分布（encoding）
已为 12 层启用注意力输出投影噪声（wo noise），缩放因子（scaling_factor）=22，分布（distribution）=编码分布（encoding）
已为 12 层启用前馈网络第一层噪声（wffn1 noise），缩放因子（scaling_factor）=24，分布（distribution）=编码分布（encoding）
已为 12 层启用前馈网络第二层噪声（wffn2 noise），缩放因子（scaling_factor）=22，分布（distribution）=编码分布（encoding）
Enabled softmax/V attention-product noise for 12 layers (softmax sf=18, V sf=42, distribution=fresh)
已替换 12 层的GELU函数（GELU function）
已替换 12 层的Softmax函数（Softmax function）
已为 12 层启用输入噪声（Input noise），缩放因子（scaling_factor）=30，分布（distribution）=新采样（fresh）
已为 12 层启用查询投影噪声（query noise），缩放因子（scaling_factor）=22，分布（distribution）=编码分布（encoding）
已为 12 层启用键投影噪声（key noise），缩放因子（scaling_factor）=22，分布（distribution）=编码分布（encoding）
已为 12 层启用值投影噪声（value noise），缩放因子（scaling_factor）=22，分布（distribution）=编码分布（encoding）
已为 12 层启用注意力输出投影噪声（wo noise），缩放因子（scaling_factor）=22，分布（distribution）=编码分布（encoding）
已为 12 层启用前馈网络第一层噪声（wffn1 noise），缩放因子（scaling_factor）=24，分布（distribution）=编码分布（encoding）
已为 12 层启用前馈网络第二层噪声（wffn2 noise），缩放因子（scaling_factor）=22，分布（distribution）=编码分布（encoding）
Enabled softmax/V attention-product noise for 12 layers (softmax sf=18, V sf=42, distribution=fresh)
  softmax_sf=18, v_sf=42 => loss_mean=0.965960, loss_var=0.000031, m1_mean=0.473039, m1_var=0.000161, m2_mean=0.487006, m2_var=0.000182
已替换 12 层的GELU函数（GELU function）
已替换 12 层的Softmax函数（Softmax function）
已为 12 层启用输入噪声（Input noise），缩放因子（scaling_factor）=30，分布（distribution）=新采样（fresh）
已为 12 层启用查询投影噪声（query noise），缩放因子（scaling_factor）=22，分布（distribution）=编码分布（encoding）
已为 12 层启用键投影噪声（key noise），缩放因子（scaling_factor）=22，分布（distribution）=编码分布（encoding）
已为 12 层启用值投影噪声（value noise），缩放因子（scaling_factor）=22，分布（distribution）=编码分布（encoding）
已为 12 层启用注意力输出投影噪声（wo noise），缩放因子（scaling_factor）=22，分布（distribution）=编码分布（encoding）
已为 12 层启用前馈网络第一层噪声（wffn1 noise），缩放因子（scaling_factor）=24，分布（distribution）=编码分布（encoding）
已为 12 层启用前馈网络第二层噪声（wffn2 noise），缩放因子（scaling_factor）=22，分布（distribution）=编码分布（encoding）
Enabled softmax/V attention-product noise for 12 layers (softmax sf=18, V sf=44, distribution=fresh)
已替换 12 层的GELU函数（GELU function）
已替换 12 层的Softmax函数（Softmax function）
已为 12 层启用输入噪声（Input noise），缩放因子（scaling_factor）=30，分布（distribution）=新采样（fresh）
已为 12 层启用查询投影噪声（query noise），缩放因子（scaling_factor）=22，分布（distribution）=编码分布（encoding）
已为 12 层启用键投影噪声（key noise），缩放因子（scaling_factor）=22，分布（distribution）=编码分布（encoding）
已为 12 层启用值投影噪声（value noise），缩放因子（scaling_factor）=22，分布（distribution）=编码分布（encoding）
已为 12 层启用注意力输出投影噪声（wo noise），缩放因子（scaling_factor）=22，分布（distribution）=编码分布（encoding）
已为 12 层启用前馈网络第一层噪声（wffn1 noise），缩放因子（scaling_factor）=24，分布（distribution）=编码分布（encoding）
已为 12 层启用前馈网络第二层噪声（wffn2 noise），缩放因子（scaling_factor）=22，分布（distribution）=编码分布（encoding）
Enabled softmax/V attention-product noise for 12 layers (softmax sf=18, V sf=44, distribution=fresh)
已替换 12 层的GELU函数（GELU function）
已替换 12 层的Softmax函数（Softmax function）
已为 12 层启用输入噪声（Input noise），缩放因子（scaling_factor）=30，分布（distribution）=新采样（fresh）
已为 12 层启用查询投影噪声（query noise），缩放因子（scaling_factor）=22，分布（distribution）=编码分布（encoding）
已为 12 层启用键投影噪声（key noise），缩放因子（scaling_factor）=22，分布（distribution）=编码分布（encoding）
已为 12 层启用值投影噪声（value noise），缩放因子（scaling_factor）=22，分布（distribution）=编码分布（encoding）
已为 12 层启用注意力输出投影噪声（wo noise），缩放因子（scaling_factor）=22，分布（distribution）=编码分布（encoding）
已为 12 层启用前馈网络第一层噪声（wffn1 noise），缩放因子（scaling_factor）=24，分布（distribution）=编码分布（encoding）
已为 12 层启用前馈网络第二层噪声（wffn2 noise），缩放因子（scaling_factor）=22，分布（distribution）=编码分布（encoding）
Enabled softmax/V attention-product noise for 12 layers (softmax sf=18, V sf=44, distribution=fresh)
已替换 12 层的GELU函数（GELU function）
已替换 12 层的Softmax函数（Softmax function）
已为 12 层启用输入噪声（Input noise），缩放因子（scaling_factor）=30，分布（distribution）=新采样（fresh）
已为 12 层启用查询投影噪声（query noise），缩放因子（scaling_factor）=22，分布（distribution）=编码分布（encoding）
已为 12 层启用键投影噪声（key noise），缩放因子（scaling_factor）=22，分布（distribution）=编码分布（encoding）
已为 12 层启用值投影噪声（value noise），缩放因子（scaling_factor）=22，分布（distribution）=编码分布（encoding）
已为 12 层启用注意力输出投影噪声（wo noise），缩放因子（scaling_factor）=22，分布（distribution）=编码分布（encoding）
已为 12 层启用前馈网络第一层噪声（wffn1 noise），缩放因子（scaling_factor）=24，分布（distribution）=编码分布（encoding）
已为 12 层启用前馈网络第二层噪声（wffn2 noise），缩放因子（scaling_factor）=22，分布（distribution）=编码分布（encoding）
Enabled softmax/V attention-product noise for 12 layers (softmax sf=18, V sf=44, distribution=fresh)
已替换 12 层的GELU函数（GELU function）
已替换 12 层的Softmax函数（Softmax function）
已为 12 层启用输入噪声（Input noise），缩放因子（scaling_factor）=30，分布（distribution）=新采样（fresh）
已为 12 层启用查询投影噪声（query noise），缩放因子（scaling_factor）=22，分布（distribution）=编码分布（encoding）
已为 12 层启用键投影噪声（key noise），缩放因子（scaling_factor）=22，分布（distribution）=编码分布（encoding）
已为 12 层启用值投影噪声（value noise），缩放因子（scaling_factor）=22，分布（distribution）=编码分布（encoding）
已为 12 层启用注意力输出投影噪声（wo noise），缩放因子（scaling_factor）=22，分布（distribution）=编码分布（encoding）
已为 12 层启用前馈网络第一层噪声（wffn1 noise），缩放因子（scaling_factor）=24，分布（distribution）=编码分布（encoding）
已为 12 层启用前馈网络第二层噪声（wffn2 noise），缩放因子（scaling_factor）=22，分布（distribution）=编码分布（encoding）
Enabled softmax/V attention-product noise for 12 layers (softmax sf=18, V sf=44, distribution=fresh)
  softmax_sf=18, v_sf=44 => loss_mean=0.990031, loss_var=0.000587, m1_mean=0.463235, m1_var=0.000545, m2_mean=0.478872, m2_var=0.000552
已替换 12 层的GELU函数（GELU function）
已替换 12 层的Softmax函数（Softmax function）
已为 12 层启用输入噪声（Input noise），缩放因子（scaling_factor）=30，分布（distribution）=新采样（fresh）
已为 12 层启用查询投影噪声（query noise），缩放因子（scaling_factor）=22，分布（distribution）=编码分布（encoding）
已为 12 层启用键投影噪声（key noise），缩放因子（scaling_factor）=22，分布（distribution）=编码分布（encoding）
已为 12 层启用值投影噪声（value noise），缩放因子（scaling_factor）=22，分布（distribution）=编码分布（encoding）
已为 12 层启用注意力输出投影噪声（wo noise），缩放因子（scaling_factor）=22，分布（distribution）=编码分布（encoding）
已为 12 层启用前馈网络第一层噪声（wffn1 noise），缩放因子（scaling_factor）=24，分布（distribution）=编码分布（encoding）
已为 12 层启用前馈网络第二层噪声（wffn2 noise），缩放因子（scaling_factor）=22，分布（distribution）=编码分布（encoding）
Enabled softmax/V attention-product noise for 12 layers (softmax sf=18, V sf=46, distribution=fresh)
已替换 12 层的GELU函数（GELU function）
已替换 12 层的Softmax函数（Softmax function）
已为 12 层启用输入噪声（Input noise），缩放因子（scaling_factor）=30，分布（distribution）=新采样（fresh）
已为 12 层启用查询投影噪声（query noise），缩放因子（scaling_factor）=22，分布（distribution）=编码分布（encoding）
已为 12 层启用键投影噪声（key noise），缩放因子（scaling_factor）=22，分布（distribution）=编码分布（encoding）
已为 12 层启用值投影噪声（value noise），缩放因子（scaling_factor）=22，分布（distribution）=编码分布（encoding）
已为 12 层启用注意力输出投影噪声（wo noise），缩放因子（scaling_factor）=22，分布（distribution）=编码分布（encoding）
已为 12 层启用前馈网络第一层噪声（wffn1 noise），缩放因子（scaling_factor）=24，分布（distribution）=编码分布（encoding）
已为 12 层启用前馈网络第二层噪声（wffn2 noise），缩放因子（scaling_factor）=22，分布（distribution）=编码分布（encoding）
Enabled softmax/V attention-product noise for 12 layers (softmax sf=18, V sf=46, distribution=fresh)
已替换 12 层的GELU函数（GELU function）
已替换 12 层的Softmax函数（Softmax function）
已为 12 层启用输入噪声（Input noise），缩放因子（scaling_factor）=30，分布（distribution）=新采样（fresh）
已为 12 层启用查询投影噪声（query noise），缩放因子（scaling_factor）=22，分布（distribution）=编码分布（encoding）
已为 12 层启用键投影噪声（key noise），缩放因子（scaling_factor）=22，分布（distribution）=编码分布（encoding）
已为 12 层启用值投影噪声（value noise），缩放因子（scaling_factor）=22，分布（distribution）=编码分布（encoding）
已为 12 层启用注意力输出投影噪声（wo noise），缩放因子（scaling_factor）=22，分布（distribution）=编码分布（encoding）
已为 12 层启用前馈网络第一层噪声（wffn1 noise），缩放因子（scaling_factor）=24，分布（distribution）=编码分布（encoding）
已为 12 层启用前馈网络第二层噪声（wffn2 noise），缩放因子（scaling_factor）=22，分布（distribution）=编码分布（encoding）
Enabled softmax/V attention-product noise for 12 layers (softmax sf=18, V sf=46, distribution=fresh)
已替换 12 层的GELU函数（GELU function）
已替换 12 层的Softmax函数（Softmax function）
已为 12 层启用输入噪声（Input noise），缩放因子（scaling_factor）=30，分布（distribution）=新采样（fresh）
已为 12 层启用查询投影噪声（query noise），缩放因子（scaling_factor）=22，分布（distribution）=编码分布（encoding）
已为 12 层启用键投影噪声（key noise），缩放因子（scaling_factor）=22，分布（distribution）=编码分布（encoding）
已为 12 层启用值投影噪声（value noise），缩放因子（scaling_factor）=22，分布（distribution）=编码分布（encoding）
已为 12 层启用注意力输出投影噪声（wo noise），缩放因子（scaling_factor）=22，分布（distribution）=编码分布（encoding）
已为 12 层启用前馈网络第一层噪声（wffn1 noise），缩放因子（scaling_factor）=24，分布（distribution）=编码分布（encoding）
已为 12 层启用前馈网络第二层噪声（wffn2 noise），缩放因子（scaling_factor）=22，分布（distribution）=编码分布（encoding）
Enabled softmax/V attention-product noise for 12 layers (softmax sf=18, V sf=46, distribution=fresh)
