==================== [phase0] 同步 + 接口自检 ====================
957ff7a65db54ee4c8de33d0bd9bcf05d5a736ed
957ff7a chore(stage2): SERVER_COMMAND = rebuild fusion maps + re-derive baseline (new replan/skeleton) then curriculum A/B
ca072b0 replan and skeleton changed
469474d feat(stage2): disable GELU degree-0 (block5_n0), keep decode dormant
cdb5238 artifact(stage1): compare strict MRPC test and train results
6174cd8 artifact(glue): add strict MRPC stage1 submission
RO 导入 OK；DEFAULT_FUSION_POLICY = default
  默认融合对 block1_mrpc  = []
  默认融合对 block2_mrpc  = [(1, 2)]
  默认融合对 block4       = [(1, 2)]
  默认融合对 block5_n1    = [(1, 2)]
  默认融合对 block5_n2    = [(1, 2)]
  默认融合对 block5_n4    = [(1, 2)]
[warn] 没找到 stage1/record，A/B 启动时 runner 会按自身逻辑解析前置 Stage-1
==================== [phase1] 按新 replan 默认重建 fusion 图（幂等：比 skeleton 新则跳过）====================
[maps] building block1_mrpc ...
[build] block1_mrpc (block1, gelu=4, attn=2) ...
/var/tmp/root-home/miniconda3/envs/llm_ist/lib/python3.10/site-packages/transformers/utils/generic.py:441: FutureWarning: `torch.utils._pytree._register_pytree_node` is deprecated. Please use `torch.utils._pytree.register_pytree_node` instead.
  _torch_pytree._register_pytree_node(
/var/tmp/root-home/miniconda3/envs/llm_ist/lib/python3.10/site-packages/transformers/utils/generic.py:309: FutureWarning: `torch.utils._pytree._register_pytree_node` is deprecated. Please use `torch.utils._pytree.register_pytree_node` instead.
  _torch_pytree._register_pytree_node(
/var/tmp/root-home/miniconda3/envs/llm_ist/lib/python3.10/site-packages/transformers/utils/generic.py:309: FutureWarning: `torch.utils._pytree._register_pytree_node` is deprecated. Please use `torch.utils._pytree.register_pytree_node` instead.
  _torch_pytree._register_pytree_node(
/var/tmp/root-home/miniconda3/envs/llm_ist/lib/python3.10/site-packages/transformers/utils/generic.py:441: FutureWarning: `torch.utils._pytree._register_pytree_node` is deprecated. Please use `torch.utils._pytree.register_pytree_node` instead.
  _torch_pytree._register_pytree_node(
/var/tmp/root-home/miniconda3/envs/llm_ist/lib/python3.10/site-packages/transformers/utils/generic.py:441: FutureWarning: `torch.utils._pytree._register_pytree_node` is deprecated. Please use `torch.utils._pytree.register_pytree_node` instead.
  _torch_pytree._register_pytree_node(
/var/tmp/root-home/miniconda3/envs/llm_ist/lib/python3.10/site-packages/transformers/utils/generic.py:441: FutureWarning: `torch.utils._pytree._register_pytree_node` is deprecated. Please use `torch.utils._pytree.register_pytree_node` instead.
  _torch_pytree._register_pytree_node(
/var/tmp/root-home/miniconda3/envs/llm_ist/lib/python3.10/site-packages/transformers/utils/generic.py:309: FutureWarning: `torch.utils._pytree._register_pytree_node` is deprecated. Please use `torch.utils._pytree.register_pytree_node` instead.
  _torch_pytree._register_pytree_node(
/var/tmp/root-home/miniconda3/envs/llm_ist/lib/python3.10/site-packages/transformers/utils/generic.py:309: FutureWarning: `torch.utils._pytree._register_pytree_node` is deprecated. Please use `torch.utils._pytree.register_pytree_node` instead.
  _torch_pytree._register_pytree_node(
/var/tmp/root-home/miniconda3/envs/llm_ist/lib/python3.10/site-packages/transformers/utils/generic.py:309: FutureWarning: `torch.utils._pytree._register_pytree_node` is deprecated. Please use `torch.utils._pytree.register_pytree_node` instead.
  _torch_pytree._register_pytree_node(
/var/tmp/root-home/miniconda3/envs/llm_ist/lib/python3.10/site-packages/transformers/utils/generic.py:441: FutureWarning: `torch.utils._pytree._register_pytree_node` is deprecated. Please use `torch.utils._pytree.register_pytree_node` instead.
  _torch_pytree._register_pytree_node(
/var/tmp/root-home/miniconda3/envs/llm_ist/lib/python3.10/site-packages/transformers/utils/generic.py:309: FutureWarning: `torch.utils._pytree._register_pytree_node` is deprecated. Please use `torch.utils._pytree.register_pytree_node` instead.
  _torch_pytree._register_pytree_node(
/var/tmp/root-home/miniconda3/envs/llm_ist/lib/python3.10/site-packages/transformers/utils/generic.py:441: FutureWarning: `torch.utils._pytree._register_pytree_node` is deprecated. Please use `torch.utils._pytree.register_pytree_node` instead.
  _torch_pytree._register_pytree_node(
/var/tmp/root-home/miniconda3/envs/llm_ist/lib/python3.10/site-packages/transformers/utils/generic.py:441: FutureWarning: `torch.utils._pytree._register_pytree_node` is deprecated. Please use `torch.utils._pytree.register_pytree_node` instead.
  _torch_pytree._register_pytree_node(
/var/tmp/root-home/miniconda3/envs/llm_ist/lib/python3.10/site-packages/transformers/utils/generic.py:441: FutureWarning: `torch.utils._pytree._register_pytree_node` is deprecated. Please use `torch.utils._pytree.register_pytree_node` instead.
  _torch_pytree._register_pytree_node(
/var/tmp/root-home/miniconda3/envs/llm_ist/lib/python3.10/site-packages/transformers/utils/generic.py:309: FutureWarning: `torch.utils._pytree._register_pytree_node` is deprecated. Please use `torch.utils._pytree.register_pytree_node` instead.
  _torch_pytree._register_pytree_node(
/var/tmp/root-home/miniconda3/envs/llm_ist/lib/python3.10/site-packages/transformers/utils/generic.py:309: FutureWarning: `torch.utils._pytree._register_pytree_node` is deprecated. Please use `torch.utils._pytree.register_pytree_node` instead.
  _torch_pytree._register_pytree_node(
/var/tmp/root-home/miniconda3/envs/llm_ist/lib/python3.10/site-packages/transformers/utils/generic.py:309: FutureWarning: `torch.utils._pytree._register_pytree_node` is deprecated. Please use `torch.utils._pytree.register_pytree_node` instead.
  _torch_pytree._register_pytree_node(
/var/tmp/root-home/miniconda3/envs/llm_ist/lib/python3.10/site-packages/transformers/utils/generic.py:441: FutureWarning: `torch.utils._pytree._register_pytree_node` is deprecated. Please use `torch.utils._pytree.register_pytree_node` instead.
  _torch_pytree._register_pytree_node(
/var/tmp/root-home/miniconda3/envs/llm_ist/lib/python3.10/site-packages/transformers/utils/generic.py:309: FutureWarning: `torch.utils._pytree._register_pytree_node` is deprecated. Please use `torch.utils._pytree.register_pytree_node` instead.
  _torch_pytree._register_pytree_node(
/var/tmp/root-home/miniconda3/envs/llm_ist/lib/python3.10/site-packages/transformers/utils/generic.py:309: FutureWarning: `torch.utils._pytree._register_pytree_node` is deprecated. Please use `torch.utils._pytree.register_pytree_node` instead.
  _torch_pytree._register_pytree_node(
/var/tmp/root-home/miniconda3/envs/llm_ist/lib/python3.10/site-packages/transformers/utils/generic.py:309: FutureWarning: `torch.utils._pytree._register_pytree_node` is deprecated. Please use `torch.utils._pytree.register_pytree_node` instead.
  _torch_pytree._register_pytree_node(
/var/tmp/root-home/miniconda3/envs/llm_ist/lib/python3.10/site-packages/transformers/utils/generic.py:441: FutureWarning: `torch.utils._pytree._register_pytree_node` is deprecated. Please use `torch.utils._pytree.register_pytree_node` instead.
  _torch_pytree._register_pytree_node(
/var/tmp/root-home/miniconda3/envs/llm_ist/lib/python3.10/site-packages/transformers/utils/generic.py:441: FutureWarning: `torch.utils._pytree._register_pytree_node` is deprecated. Please use `torch.utils._pytree.register_pytree_node` instead.
  _torch_pytree._register_pytree_node(
/var/tmp/root-home/miniconda3/envs/llm_ist/lib/python3.10/site-packages/transformers/utils/generic.py:309: FutureWarning: `torch.utils._pytree._register_pytree_node` is deprecated. Please use `torch.utils._pytree.register_pytree_node` instead.
  _torch_pytree._register_pytree_node(
/var/tmp/root-home/miniconda3/envs/llm_ist/lib/python3.10/site-packages/transformers/utils/generic.py:309: FutureWarning: `torch.utils._pytree._register_pytree_node` is deprecated. Please use `torch.utils._pytree.register_pytree_node` instead.
  _torch_pytree._register_pytree_node(
/var/tmp/root-home/miniconda3/envs/llm_ist/lib/python3.10/site-packages/transformers/utils/generic.py:441: FutureWarning: `torch.utils._pytree._register_pytree_node` is deprecated. Please use `torch.utils._pytree.register_pytree_node` instead.
  _torch_pytree._register_pytree_node(
/var/tmp/root-home/miniconda3/envs/llm_ist/lib/python3.10/site-packages/transformers/utils/generic.py:309: FutureWarning: `torch.utils._pytree._register_pytree_node` is deprecated. Please use `torch.utils._pytree.register_pytree_node` instead.
  _torch_pytree._register_pytree_node(
/var/tmp/root-home/miniconda3/envs/llm_ist/lib/python3.10/site-packages/transformers/utils/generic.py:309: FutureWarning: `torch.utils._pytree._register_pytree_node` is deprecated. Please use `torch.utils._pytree.register_pytree_node` instead.
  _torch_pytree._register_pytree_node(
/var/tmp/root-home/miniconda3/envs/llm_ist/lib/python3.10/site-packages/transformers/utils/generic.py:309: FutureWarning: `torch.utils._pytree._register_pytree_node` is deprecated. Please use `torch.utils._pytree.register_pytree_node` instead.
  _torch_pytree._register_pytree_node(
/var/tmp/root-home/miniconda3/envs/llm_ist/lib/python3.10/site-packages/transformers/utils/generic.py:309: FutureWarning: `torch.utils._pytree._register_pytree_node` is deprecated. Please use `torch.utils._pytree.register_pytree_node` instead.
  _torch_pytree._register_pytree_node(
/var/tmp/root-home/miniconda3/envs/llm_ist/lib/python3.10/site-packages/transformers/utils/generic.py:309: FutureWarning: `torch.utils._pytree._register_pytree_node` is deprecated. Please use `torch.utils._pytree.register_pytree_node` instead.
  _torch_pytree._register_pytree_node(
/var/tmp/root-home/miniconda3/envs/llm_ist/lib/python3.10/site-packages/transformers/utils/generic.py:441: FutureWarning: `torch.utils._pytree._register_pytree_node` is deprecated. Please use `torch.utils._pytree.register_pytree_node` instead.
  _torch_pytree._register_pytree_node(
/var/tmp/root-home/miniconda3/envs/llm_ist/lib/python3.10/site-packages/transformers/utils/generic.py:309: FutureWarning: `torch.utils._pytree._register_pytree_node` is deprecated. Please use `torch.utils._pytree.register_pytree_node` instead.
  _torch_pytree._register_pytree_node(
/var/tmp/root-home/miniconda3/envs/llm_ist/lib/python3.10/site-packages/transformers/utils/generic.py:309: FutureWarning: `torch.utils._pytree._register_pytree_node` is deprecated. Please use `torch.utils._pytree.register_pytree_node` instead.
  _torch_pytree._register_pytree_node(
/var/tmp/root-home/miniconda3/envs/llm_ist/lib/python3.10/site-packages/transformers/utils/generic.py:309: FutureWarning: `torch.utils._pytree._register_pytree_node` is deprecated. Please use `torch.utils._pytree.register_pytree_node` instead.
  _torch_pytree._register_pytree_node(
/var/tmp/root-home/miniconda3/envs/llm_ist/lib/python3.10/site-packages/transformers/utils/generic.py:441: FutureWarning: `torch.utils._pytree._register_pytree_node` is deprecated. Please use `torch.utils._pytree.register_pytree_node` instead.
  _torch_pytree._register_pytree_node(
/var/tmp/root-home/miniconda3/envs/llm_ist/lib/python3.10/site-packages/transformers/utils/generic.py:441: FutureWarning: `torch.utils._pytree._register_pytree_node` is deprecated. Please use `torch.utils._pytree.register_pytree_node` instead.
  _torch_pytree._register_pytree_node(
/var/tmp/root-home/miniconda3/envs/llm_ist/lib/python3.10/site-packages/transformers/utils/generic.py:309: FutureWarning: `torch.utils._pytree._register_pytree_node` is deprecated. Please use `torch.utils._pytree.register_pytree_node` instead.
  _torch_pytree._register_pytree_node(
/var/tmp/root-home/miniconda3/envs/llm_ist/lib/python3.10/site-packages/transformers/utils/generic.py:309: FutureWarning: `torch.utils._pytree._register_pytree_node` is deprecated. Please use `torch.utils._pytree.register_pytree_node` instead.
  _torch_pytree._register_pytree_node(
/var/tmp/root-home/miniconda3/envs/llm_ist/lib/python3.10/site-packages/transformers/utils/generic.py:309: FutureWarning: `torch.utils._pytree._register_pytree_node` is deprecated. Please use `torch.utils._pytree.register_pytree_node` instead.
  _torch_pytree._register_pytree_node(
/var/tmp/root-home/miniconda3/envs/llm_ist/lib/python3.10/site-packages/transformers/utils/generic.py:309: FutureWarning: `torch.utils._pytree._register_pytree_node` is deprecated. Please use `torch.utils._pytree.register_pytree_node` instead.
  _torch_pytree._register_pytree_node(
/var/tmp/root-home/miniconda3/envs/llm_ist/lib/python3.10/site-packages/transformers/utils/generic.py:309: FutureWarning: `torch.utils._pytree._register_pytree_node` is deprecated. Please use `torch.utils._pytree.register_pytree_node` instead.
  _torch_pytree._register_pytree_node(
/var/tmp/root-home/miniconda3/envs/llm_ist/lib/python3.10/site-packages/transformers/utils/generic.py:441: FutureWarning: `torch.utils._pytree._register_pytree_node` is deprecated. Please use `torch.utils._pytree.register_pytree_node` instead.
  _torch_pytree._register_pytree_node(
/var/tmp/root-home/miniconda3/envs/llm_ist/lib/python3.10/site-packages/transformers/utils/generic.py:309: FutureWarning: `torch.utils._pytree._register_pytree_node` is deprecated. Please use `torch.utils._pytree.register_pytree_node` instead.
  _torch_pytree._register_pytree_node(
/var/tmp/root-home/miniconda3/envs/llm_ist/lib/python3.10/site-packages/transformers/utils/generic.py:441: FutureWarning: `torch.utils._pytree._register_pytree_node` is deprecated. Please use `torch.utils._pytree.register_pytree_node` instead.
  _torch_pytree._register_pytree_node(
/var/tmp/root-home/miniconda3/envs/llm_ist/lib/python3.10/site-packages/transformers/utils/generic.py:309: FutureWarning: `torch.utils._pytree._register_pytree_node` is deprecated. Please use `torch.utils._pytree.register_pytree_node` instead.
  _torch_pytree._register_pytree_node(
/var/tmp/root-home/miniconda3/envs/llm_ist/lib/python3.10/site-packages/transformers/utils/generic.py:309: FutureWarning: `torch.utils._pytree._register_pytree_node` is deprecated. Please use `torch.utils._pytree.register_pytree_node` instead.
  _torch_pytree._register_pytree_node(
/var/tmp/root-home/miniconda3/envs/llm_ist/lib/python3.10/site-packages/transformers/utils/generic.py:309: FutureWarning: `torch.utils._pytree._register_pytree_node` is deprecated. Please use `torch.utils._pytree.register_pytree_node` instead.
  _torch_pytree._register_pytree_node(
/var/tmp/root-home/miniconda3/envs/llm_ist/lib/python3.10/site-packages/transformers/utils/generic.py:309: FutureWarning: `torch.utils._pytree._register_pytree_node` is deprecated. Please use `torch.utils._pytree.register_pytree_node` instead.
  _torch_pytree._register_pytree_node(
/var/tmp/root-home/miniconda3/envs/llm_ist/lib/python3.10/site-packages/transformers/utils/generic.py:309: FutureWarning: `torch.utils._pytree._register_pytree_node` is deprecated. Please use `torch.utils._pytree.register_pytree_node` instead.
  _torch_pytree._register_pytree_node(
/var/tmp/root-home/miniconda3/envs/llm_ist/lib/python3.10/site-packages/transformers/utils/generic.py:309: FutureWarning: `torch.utils._pytree._register_pytree_node` is deprecated. Please use `torch.utils._pytree.register_pytree_node` instead.
  _torch_pytree._register_pytree_node(
  -> options=1 fusion_counts=[0] valid=165390/810000 rescales=2['mean_rescale_sf', 'var_rescale_sf'] pinned=0 K-indep=True wall=142.31s

=== SUMMARY ===
max_num_options=6
  block1_mrpc: #options=1 fusion=[0] K-indep=True
[maps] building block2_mrpc ...
[build] block2_mrpc (block2, gelu=4, attn=2) ...
/var/tmp/root-home/miniconda3/envs/llm_ist/lib/python3.10/site-packages/transformers/utils/generic.py:441: FutureWarning: `torch.utils._pytree._register_pytree_node` is deprecated. Please use `torch.utils._pytree.register_pytree_node` instead.
  _torch_pytree._register_pytree_node(
/var/tmp/root-home/miniconda3/envs/llm_ist/lib/python3.10/site-packages/transformers/utils/generic.py:309: FutureWarning: `torch.utils._pytree._register_pytree_node` is deprecated. Please use `torch.utils._pytree.register_pytree_node` instead.
  _torch_pytree._register_pytree_node(
/var/tmp/root-home/miniconda3/envs/llm_ist/lib/python3.10/site-packages/transformers/utils/generic.py:309: FutureWarning: `torch.utils._pytree._register_pytree_node` is deprecated. Please use `torch.utils._pytree.register_pytree_node` instead.
  _torch_pytree._register_pytree_node(
/var/tmp/root-home/miniconda3/envs/llm_ist/lib/python3.10/site-packages/transformers/utils/generic.py:441: FutureWarning: `torch.utils._pytree._register_pytree_node` is deprecated. Please use `torch.utils._pytree.register_pytree_node` instead.
  _torch_pytree._register_pytree_node(
/var/tmp/root-home/miniconda3/envs/llm_ist/lib/python3.10/site-packages/transformers/utils/generic.py:309: FutureWarning: `torch.utils._pytree._register_pytree_node` is deprecated. Please use `torch.utils._pytree.register_pytree_node` instead.
  _torch_pytree._register_pytree_node(
/var/tmp/root-home/miniconda3/envs/llm_ist/lib/python3.10/site-packages/transformers/utils/generic.py:441: FutureWarning: `torch.utils._pytree._register_pytree_node` is deprecated. Please use `torch.utils._pytree.register_pytree_node` instead.
  _torch_pytree._register_pytree_node(
/var/tmp/root-home/miniconda3/envs/llm_ist/lib/python3.10/site-packages/transformers/utils/generic.py:441: FutureWarning: `torch.utils._pytree._register_pytree_node` is deprecated. Please use `torch.utils._pytree.register_pytree_node` instead.
  _torch_pytree._register_pytree_node(
/var/tmp/root-home/miniconda3/envs/llm_ist/lib/python3.10/site-packages/transformers/utils/generic.py:441: FutureWarning: `torch.utils._pytree._register_pytree_node` is deprecated. Please use `torch.utils._pytree.register_pytree_node` instead.
  _torch_pytree._register_pytree_node(
/var/tmp/root-home/miniconda3/envs/llm_ist/lib/python3.10/site-packages/transformers/utils/generic.py:441: FutureWarning: `torch.utils._pytree._register_pytree_node` is deprecated. Please use `torch.utils._pytree.register_pytree_node` instead.
  _torch_pytree._register_pytree_node(
/var/tmp/root-home/miniconda3/envs/llm_ist/lib/python3.10/site-packages/transformers/utils/generic.py:309: FutureWarning: `torch.utils._pytree._register_pytree_node` is deprecated. Please use `torch.utils._pytree.register_pytree_node` instead.
  _torch_pytree._register_pytree_node(
/var/tmp/root-home/miniconda3/envs/llm_ist/lib/python3.10/site-packages/transformers/utils/generic.py:309: FutureWarning: `torch.utils._pytree._register_pytree_node` is deprecated. Please use `torch.utils._pytree.register_pytree_node` instead.
  _torch_pytree._register_pytree_node(
/var/tmp/root-home/miniconda3/envs/llm_ist/lib/python3.10/site-packages/transformers/utils/generic.py:309: FutureWarning: `torch.utils._pytree._register_pytree_node` is deprecated. Please use `torch.utils._pytree.register_pytree_node` instead.
  _torch_pytree._register_pytree_node(
/var/tmp/root-home/miniconda3/envs/llm_ist/lib/python3.10/site-packages/transformers/utils/generic.py:309: FutureWarning: `torch.utils._pytree._register_pytree_node` is deprecated. Please use `torch.utils._pytree.register_pytree_node` instead.
  _torch_pytree._register_pytree_node(
/var/tmp/root-home/miniconda3/envs/llm_ist/lib/python3.10/site-packages/transformers/utils/generic.py:441: FutureWarning: `torch.utils._pytree._register_pytree_node` is deprecated. Please use `torch.utils._pytree.register_pytree_node` instead.
  _torch_pytree._register_pytree_node(
/var/tmp/root-home/miniconda3/envs/llm_ist/lib/python3.10/site-packages/transformers/utils/generic.py:309: FutureWarning: `torch.utils._pytree._register_pytree_node` is deprecated. Please use `torch.utils._pytree.register_pytree_node` instead.
  _torch_pytree._register_pytree_node(
/var/tmp/root-home/miniconda3/envs/llm_ist/lib/python3.10/site-packages/transformers/utils/generic.py:309: FutureWarning: `torch.utils._pytree._register_pytree_node` is deprecated. Please use `torch.utils._pytree.register_pytree_node` instead.
  _torch_pytree._register_pytree_node(
/var/tmp/root-home/miniconda3/envs/llm_ist/lib/python3.10/site-packages/transformers/utils/generic.py:309: FutureWarning: `torch.utils._pytree._register_pytree_node` is deprecated. Please use `torch.utils._pytree.register_pytree_node` instead.
  _torch_pytree._register_pytree_node(
/var/tmp/root-home/miniconda3/envs/llm_ist/lib/python3.10/site-packages/transformers/utils/generic.py:441: FutureWarning: `torch.utils._pytree._register_pytree_node` is deprecated. Please use `torch.utils._pytree.register_pytree_node` instead.
  _torch_pytree._register_pytree_node(
/var/tmp/root-home/miniconda3/envs/llm_ist/lib/python3.10/site-packages/transformers/utils/generic.py:309: FutureWarning: `torch.utils._pytree._register_pytree_node` is deprecated. Please use `torch.utils._pytree.register_pytree_node` instead.
  _torch_pytree._register_pytree_node(
/var/tmp/root-home/miniconda3/envs/llm_ist/lib/python3.10/site-packages/transformers/utils/generic.py:441: FutureWarning: `torch.utils._pytree._register_pytree_node` is deprecated. Please use `torch.utils._pytree.register_pytree_node` instead.
  _torch_pytree._register_pytree_node(
/var/tmp/root-home/miniconda3/envs/llm_ist/lib/python3.10/site-packages/transformers/utils/generic.py:441: FutureWarning: `torch.utils._pytree._register_pytree_node` is deprecated. Please use `torch.utils._pytree.register_pytree_node` instead.
  _torch_pytree._register_pytree_node(
/var/tmp/root-home/miniconda3/envs/llm_ist/lib/python3.10/site-packages/transformers/utils/generic.py:441: FutureWarning: `torch.utils._pytree._register_pytree_node` is deprecated. Please use `torch.utils._pytree.register_pytree_node` instead.
  _torch_pytree._register_pytree_node(
/var/tmp/root-home/miniconda3/envs/llm_ist/lib/python3.10/site-packages/transformers/utils/generic.py:309: FutureWarning: `torch.utils._pytree._register_pytree_node` is deprecated. Please use `torch.utils._pytree.register_pytree_node` instead.
  _torch_pytree._register_pytree_node(
/var/tmp/root-home/miniconda3/envs/llm_ist/lib/python3.10/site-packages/transformers/utils/generic.py:309: FutureWarning: `torch.utils._pytree._register_pytree_node` is deprecated. Please use `torch.utils._pytree.register_pytree_node` instead.
  _torch_pytree._register_pytree_node(
/var/tmp/root-home/miniconda3/envs/llm_ist/lib/python3.10/site-packages/transformers/utils/generic.py:309: FutureWarning: `torch.utils._pytree._register_pytree_node` is deprecated. Please use `torch.utils._pytree.register_pytree_node` instead.
  _torch_pytree._register_pytree_node(
/var/tmp/root-home/miniconda3/envs/llm_ist/lib/python3.10/site-packages/transformers/utils/generic.py:309: FutureWarning: `torch.utils._pytree._register_pytree_node` is deprecated. Please use `torch.utils._pytree.register_pytree_node` instead.
  _torch_pytree._register_pytree_node(
/var/tmp/root-home/miniconda3/envs/llm_ist/lib/python3.10/site-packages/transformers/utils/generic.py:309: FutureWarning: `torch.utils._pytree._register_pytree_node` is deprecated. Please use `torch.utils._pytree.register_pytree_node` instead.
  _torch_pytree._register_pytree_node(
/var/tmp/root-home/miniconda3/envs/llm_ist/lib/python3.10/site-packages/transformers/utils/generic.py:309: FutureWarning: `torch.utils._pytree._register_pytree_node` is deprecated. Please use `torch.utils._pytree.register_pytree_node` instead.
  _torch_pytree._register_pytree_node(
/var/tmp/root-home/miniconda3/envs/llm_ist/lib/python3.10/site-packages/transformers/utils/generic.py:441: FutureWarning: `torch.utils._pytree._register_pytree_node` is deprecated. Please use `torch.utils._pytree.register_pytree_node` instead.
  _torch_pytree._register_pytree_node(
/var/tmp/root-home/miniconda3/envs/llm_ist/lib/python3.10/site-packages/transformers/utils/generic.py:309: FutureWarning: `torch.utils._pytree._register_pytree_node` is deprecated. Please use `torch.utils._pytree.register_pytree_node` instead.
  _torch_pytree._register_pytree_node(
/var/tmp/root-home/miniconda3/envs/llm_ist/lib/python3.10/site-packages/transformers/utils/generic.py:441: FutureWarning: `torch.utils._pytree._register_pytree_node` is deprecated. Please use `torch.utils._pytree.register_pytree_node` instead.
  _torch_pytree._register_pytree_node(
/var/tmp/root-home/miniconda3/envs/llm_ist/lib/python3.10/site-packages/transformers/utils/generic.py:309: FutureWarning: `torch.utils._pytree._register_pytree_node` is deprecated. Please use `torch.utils._pytree.register_pytree_node` instead.
  _torch_pytree._register_pytree_node(
/var/tmp/root-home/miniconda3/envs/llm_ist/lib/python3.10/site-packages/transformers/utils/generic.py:309: FutureWarning: `torch.utils._pytree._register_pytree_node` is deprecated. Please use `torch.utils._pytree.register_pytree_node` instead.
  _torch_pytree._register_pytree_node(
/var/tmp/root-home/miniconda3/envs/llm_ist/lib/python3.10/site-packages/transformers/utils/generic.py:441: FutureWarning: `torch.utils._pytree._register_pytree_node` is deprecated. Please use `torch.utils._pytree.register_pytree_node` instead.
  _torch_pytree._register_pytree_node(
/var/tmp/root-home/miniconda3/envs/llm_ist/lib/python3.10/site-packages/transformers/utils/generic.py:309: FutureWarning: `torch.utils._pytree._register_pytree_node` is deprecated. Please use `torch.utils._pytree.register_pytree_node` instead.
  _torch_pytree._register_pytree_node(
/var/tmp/root-home/miniconda3/envs/llm_ist/lib/python3.10/site-packages/transformers/utils/generic.py:441: FutureWarning: `torch.utils._pytree._register_pytree_node` is deprecated. Please use `torch.utils._pytree.register_pytree_node` instead.
  _torch_pytree._register_pytree_node(
/var/tmp/root-home/miniconda3/envs/llm_ist/lib/python3.10/site-packages/transformers/utils/generic.py:309: FutureWarning: `torch.utils._pytree._register_pytree_node` is deprecated. Please use `torch.utils._pytree.register_pytree_node` instead.
  _torch_pytree._register_pytree_node(
/var/tmp/root-home/miniconda3/envs/llm_ist/lib/python3.10/site-packages/transformers/utils/generic.py:309: FutureWarning: `torch.utils._pytree._register_pytree_node` is deprecated. Please use `torch.utils._pytree.register_pytree_node` instead.
  _torch_pytree._register_pytree_node(
/var/tmp/root-home/miniconda3/envs/llm_ist/lib/python3.10/site-packages/transformers/utils/generic.py:441: FutureWarning: `torch.utils._pytree._register_pytree_node` is deprecated. Please use `torch.utils._pytree.register_pytree_node` instead.
  _torch_pytree._register_pytree_node(
/var/tmp/root-home/miniconda3/envs/llm_ist/lib/python3.10/site-packages/transformers/utils/generic.py:309: FutureWarning: `torch.utils._pytree._register_pytree_node` is deprecated. Please use `torch.utils._pytree.register_pytree_node` instead.
  _torch_pytree._register_pytree_node(
/var/tmp/root-home/miniconda3/envs/llm_ist/lib/python3.10/site-packages/transformers/utils/generic.py:309: FutureWarning: `torch.utils._pytree._register_pytree_node` is deprecated. Please use `torch.utils._pytree.register_pytree_node` instead.
  _torch_pytree._register_pytree_node(
/var/tmp/root-home/miniconda3/envs/llm_ist/lib/python3.10/site-packages/transformers/utils/generic.py:441: FutureWarning: `torch.utils._pytree._register_pytree_node` is deprecated. Please use `torch.utils._pytree.register_pytree_node` instead.
  _torch_pytree._register_pytree_node(
/var/tmp/root-home/miniconda3/envs/llm_ist/lib/python3.10/site-packages/transformers/utils/generic.py:309: FutureWarning: `torch.utils._pytree._register_pytree_node` is deprecated. Please use `torch.utils._pytree.register_pytree_node` instead.
  _torch_pytree._register_pytree_node(
/var/tmp/root-home/miniconda3/envs/llm_ist/lib/python3.10/site-packages/transformers/utils/generic.py:309: FutureWarning: `torch.utils._pytree._register_pytree_node` is deprecated. Please use `torch.utils._pytree.register_pytree_node` instead.
  _torch_pytree._register_pytree_node(
/var/tmp/root-home/miniconda3/envs/llm_ist/lib/python3.10/site-packages/transformers/utils/generic.py:309: FutureWarning: `torch.utils._pytree._register_pytree_node` is deprecated. Please use `torch.utils._pytree.register_pytree_node` instead.
  _torch_pytree._register_pytree_node(
/var/tmp/root-home/miniconda3/envs/llm_ist/lib/python3.10/site-packages/transformers/utils/generic.py:309: FutureWarning: `torch.utils._pytree._register_pytree_node` is deprecated. Please use `torch.utils._pytree.register_pytree_node` instead.
  _torch_pytree._register_pytree_node(
/var/tmp/root-home/miniconda3/envs/llm_ist/lib/python3.10/site-packages/transformers/utils/generic.py:309: FutureWarning: `torch.utils._pytree._register_pytree_node` is deprecated. Please use `torch.utils._pytree.register_pytree_node` instead.
  _torch_pytree._register_pytree_node(
/var/tmp/root-home/miniconda3/envs/llm_ist/lib/python3.10/site-packages/transformers/utils/generic.py:309: FutureWarning: `torch.utils._pytree._register_pytree_node` is deprecated. Please use `torch.utils._pytree.register_pytree_node` instead.
  _torch_pytree._register_pytree_node(
/var/tmp/root-home/miniconda3/envs/llm_ist/lib/python3.10/site-packages/transformers/utils/generic.py:309: FutureWarning: `torch.utils._pytree._register_pytree_node` is deprecated. Please use `torch.utils._pytree.register_pytree_node` instead.
  _torch_pytree._register_pytree_node(
/var/tmp/root-home/miniconda3/envs/llm_ist/lib/python3.10/site-packages/transformers/utils/generic.py:309: FutureWarning: `torch.utils._pytree._register_pytree_node` is deprecated. Please use `torch.utils._pytree.register_pytree_node` instead.
  _torch_pytree._register_pytree_node(
/var/tmp/root-home/miniconda3/envs/llm_ist/lib/python3.10/site-packages/transformers/utils/generic.py:309: FutureWarning: `torch.utils._pytree._register_pytree_node` is deprecated. Please use `torch.utils._pytree.register_pytree_node` instead.
  _torch_pytree._register_pytree_node(
  -> options=2 fusion_counts=[0, 1] valid=47173644/72900000 rescales=4['gamma_rescale_sf', 'kt_mask1_rescale_sf', 'q_mask1_rescale_sf', 'qkt_matmul_rescale_sf'] pinned=1 K-indep=True wall=15092.82s

=== SUMMARY ===
max_num_options=6
  block2_mrpc: #options=2 fusion=[0, 1] K-indep=True
[maps] building block5_n1 ...
[build] block5_n1 (block5, gelu=1, attn=2) ...
/var/tmp/root-home/miniconda3/envs/llm_ist/lib/python3.10/site-packages/transformers/utils/generic.py:441: FutureWarning: `torch.utils._pytree._register_pytree_node` is deprecated. Please use `torch.utils._pytree.register_pytree_node` instead.
  _torch_pytree._register_pytree_node(
/var/tmp/root-home/miniconda3/envs/llm_ist/lib/python3.10/site-packages/transformers/utils/generic.py:309: FutureWarning: `torch.utils._pytree._register_pytree_node` is deprecated. Please use `torch.utils._pytree.register_pytree_node` instead.
  _torch_pytree._register_pytree_node(
/var/tmp/root-home/miniconda3/envs/llm_ist/lib/python3.10/site-packages/transformers/utils/generic.py:309: FutureWarning: `torch.utils._pytree._register_pytree_node` is deprecated. Please use `torch.utils._pytree.register_pytree_node` instead.
  _torch_pytree._register_pytree_node(
/var/tmp/root-home/miniconda3/envs/llm_ist/lib/python3.10/site-packages/transformers/utils/generic.py:441: FutureWarning: `torch.utils._pytree._register_pytree_node` is deprecated. Please use `torch.utils._pytree.register_pytree_node` instead.
  _torch_pytree._register_pytree_node(
/var/tmp/root-home/miniconda3/envs/llm_ist/lib/python3.10/site-packages/transformers/utils/generic.py:309: FutureWarning: `torch.utils._pytree._register_pytree_node` is deprecated. Please use `torch.utils._pytree.register_pytree_node` instead.
  _torch_pytree._register_pytree_node(
/var/tmp/root-home/miniconda3/envs/llm_ist/lib/python3.10/site-packages/transformers/utils/generic.py:441: FutureWarning: `torch.utils._pytree._register_pytree_node` is deprecated. Please use `torch.utils._pytree.register_pytree_node` instead.
  _torch_pytree._register_pytree_node(
/var/tmp/root-home/miniconda3/envs/llm_ist/lib/python3.10/site-packages/transformers/utils/generic.py:309: FutureWarning: `torch.utils._pytree._register_pytree_node` is deprecated. Please use `torch.utils._pytree.register_pytree_node` instead.
  _torch_pytree._register_pytree_node(
/var/tmp/root-home/miniconda3/envs/llm_ist/lib/python3.10/site-packages/transformers/utils/generic.py:441: FutureWarning: `torch.utils._pytree._register_pytree_node` is deprecated. Please use `torch.utils._pytree.register_pytree_node` instead.
  _torch_pytree._register_pytree_node(
/var/tmp/root-home/miniconda3/envs/llm_ist/lib/python3.10/site-packages/transformers/utils/generic.py:441: FutureWarning: `torch.utils._pytree._register_pytree_node` is deprecated. Please use `torch.utils._pytree.register_pytree_node` instead.
  _torch_pytree._register_pytree_node(
/var/tmp/root-home/miniconda3/envs/llm_ist/lib/python3.10/site-packages/transformers/utils/generic.py:309: FutureWarning: `torch.utils._pytree._register_pytree_node` is deprecated. Please use `torch.utils._pytree.register_pytree_node` instead.
  _torch_pytree._register_pytree_node(
/var/tmp/root-home/miniconda3/envs/llm_ist/lib/python3.10/site-packages/transformers/utils/generic.py:441: FutureWarning: `torch.utils._pytree._register_pytree_node` is deprecated. Please use `torch.utils._pytree.register_pytree_node` instead.
  _torch_pytree._register_pytree_node(
/var/tmp/root-home/miniconda3/envs/llm_ist/lib/python3.10/site-packages/transformers/utils/generic.py:309: FutureWarning: `torch.utils._pytree._register_pytree_node` is deprecated. Please use `torch.utils._pytree.register_pytree_node` instead.
  _torch_pytree._register_pytree_node(
/var/tmp/root-home/miniconda3/envs/llm_ist/lib/python3.10/site-packages/transformers/utils/generic.py:441: FutureWarning: `torch.utils._pytree._register_pytree_node` is deprecated. Please use `torch.utils._pytree.register_pytree_node` instead.
  _torch_pytree._register_pytree_node(
/var/tmp/root-home/miniconda3/envs/llm_ist/lib/python3.10/site-packages/transformers/utils/generic.py:309: FutureWarning: `torch.utils._pytree._register_pytree_node` is deprecated. Please use `torch.utils._pytree.register_pytree_node` instead.
  _torch_pytree._register_pytree_node(
/var/tmp/root-home/miniconda3/envs/llm_ist/lib/python3.10/site-packages/transformers/utils/generic.py:441: FutureWarning: `torch.utils._pytree._register_pytree_node` is deprecated. Please use `torch.utils._pytree.register_pytree_node` instead.
  _torch_pytree._register_pytree_node(
/var/tmp/root-home/miniconda3/envs/llm_ist/lib/python3.10/site-packages/transformers/utils/generic.py:441: FutureWarning: `torch.utils._pytree._register_pytree_node` is deprecated. Please use `torch.utils._pytree.register_pytree_node` instead.
  _torch_pytree._register_pytree_node(
/var/tmp/root-home/miniconda3/envs/llm_ist/lib/python3.10/site-packages/transformers/utils/generic.py:441: FutureWarning: `torch.utils._pytree._register_pytree_node` is deprecated. Please use `torch.utils._pytree.register_pytree_node` instead.
  _torch_pytree._register_pytree_node(
/var/tmp/root-home/miniconda3/envs/llm_ist/lib/python3.10/site-packages/transformers/utils/generic.py:441: FutureWarning: `torch.utils._pytree._register_pytree_node` is deprecated. Please use `torch.utils._pytree.register_pytree_node` instead.
  _torch_pytree._register_pytree_node(
/var/tmp/root-home/miniconda3/envs/llm_ist/lib/python3.10/site-packages/transformers/utils/generic.py:309: FutureWarning: `torch.utils._pytree._register_pytree_node` is deprecated. Please use `torch.utils._pytree.register_pytree_node` instead.
  _torch_pytree._register_pytree_node(
/var/tmp/root-home/miniconda3/envs/llm_ist/lib/python3.10/site-packages/transformers/utils/generic.py:309: FutureWarning: `torch.utils._pytree._register_pytree_node` is deprecated. Please use `torch.utils._pytree.register_pytree_node` instead.
  _torch_pytree._register_pytree_node(
/var/tmp/root-home/miniconda3/envs/llm_ist/lib/python3.10/site-packages/transformers/utils/generic.py:441: FutureWarning: `torch.utils._pytree._register_pytree_node` is deprecated. Please use `torch.utils._pytree.register_pytree_node` instead.
  _torch_pytree._register_pytree_node(
/var/tmp/root-home/miniconda3/envs/llm_ist/lib/python3.10/site-packages/transformers/utils/generic.py:309: FutureWarning: `torch.utils._pytree._register_pytree_node` is deprecated. Please use `torch.utils._pytree.register_pytree_node` instead.
  _torch_pytree._register_pytree_node(
/var/tmp/root-home/miniconda3/envs/llm_ist/lib/python3.10/site-packages/transformers/utils/generic.py:309: FutureWarning: `torch.utils._pytree._register_pytree_node` is deprecated. Please use `torch.utils._pytree.register_pytree_node` instead.
  _torch_pytree._register_pytree_node(
/var/tmp/root-home/miniconda3/envs/llm_ist/lib/python3.10/site-packages/transformers/utils/generic.py:309: FutureWarning: `torch.utils._pytree._register_pytree_node` is deprecated. Please use `torch.utils._pytree.register_pytree_node` instead.
  _torch_pytree._register_pytree_node(
/var/tmp/root-home/miniconda3/envs/llm_ist/lib/python3.10/site-packages/transformers/utils/generic.py:441: FutureWarning: `torch.utils._pytree._register_pytree_node` is deprecated. Please use `torch.utils._pytree.register_pytree_node` instead.
  _torch_pytree._register_pytree_node(
/var/tmp/root-home/miniconda3/envs/llm_ist/lib/python3.10/site-packages/transformers/utils/generic.py:309: FutureWarning: `torch.utils._pytree._register_pytree_node` is deprecated. Please use `torch.utils._pytree.register_pytree_node` instead.
  _torch_pytree._register_pytree_node(
/var/tmp/root-home/miniconda3/envs/llm_ist/lib/python3.10/site-packages/transformers/utils/generic.py:309: FutureWarning: `torch.utils._pytree._register_pytree_node` is deprecated. Please use `torch.utils._pytree.register_pytree_node` instead.
  _torch_pytree._register_pytree_node(
/var/tmp/root-home/miniconda3/envs/llm_ist/lib/python3.10/site-packages/transformers/utils/generic.py:309: FutureWarning: `torch.utils._pytree._register_pytree_node` is deprecated. Please use `torch.utils._pytree.register_pytree_node` instead.
  _torch_pytree._register_pytree_node(
/var/tmp/root-home/miniconda3/envs/llm_ist/lib/python3.10/site-packages/transformers/utils/generic.py:441: FutureWarning: `torch.utils._pytree._register_pytree_node` is deprecated. Please use `torch.utils._pytree.register_pytree_node` instead.
  _torch_pytree._register_pytree_node(
/var/tmp/root-home/miniconda3/envs/llm_ist/lib/python3.10/site-packages/transformers/utils/generic.py:309: FutureWarning: `torch.utils._pytree._register_pytree_node` is deprecated. Please use `torch.utils._pytree.register_pytree_node` instead.
  _torch_pytree._register_pytree_node(
/var/tmp/root-home/miniconda3/envs/llm_ist/lib/python3.10/site-packages/transformers/utils/generic.py:441: FutureWarning: `torch.utils._pytree._register_pytree_node` is deprecated. Please use `torch.utils._pytree.register_pytree_node` instead.
  _torch_pytree._register_pytree_node(
/var/tmp/root-home/miniconda3/envs/llm_ist/lib/python3.10/site-packages/transformers/utils/generic.py:309: FutureWarning: `torch.utils._pytree._register_pytree_node` is deprecated. Please use `torch.utils._pytree.register_pytree_node` instead.
  _torch_pytree._register_pytree_node(
/var/tmp/root-home/miniconda3/envs/llm_ist/lib/python3.10/site-packages/transformers/utils/generic.py:309: FutureWarning: `torch.utils._pytree._register_pytree_node` is deprecated. Please use `torch.utils._pytree.register_pytree_node` instead.
  _torch_pytree._register_pytree_node(
/var/tmp/root-home/miniconda3/envs/llm_ist/lib/python3.10/site-packages/transformers/utils/generic.py:309: FutureWarning: `torch.utils._pytree._register_pytree_node` is deprecated. Please use `torch.utils._pytree.register_pytree_node` instead.
  _torch_pytree._register_pytree_node(
/var/tmp/root-home/miniconda3/envs/llm_ist/lib/python3.10/site-packages/transformers/utils/generic.py:309: FutureWarning: `torch.utils._pytree._register_pytree_node` is deprecated. Please use `torch.utils._pytree.register_pytree_node` instead.
  _torch_pytree._register_pytree_node(
/var/tmp/root-home/miniconda3/envs/llm_ist/lib/python3.10/site-packages/transformers/utils/generic.py:441: FutureWarning: `torch.utils._pytree._register_pytree_node` is deprecated. Please use `torch.utils._pytree.register_pytree_node` instead.
  _torch_pytree._register_pytree_node(
/var/tmp/root-home/miniconda3/envs/llm_ist/lib/python3.10/site-packages/transformers/utils/generic.py:309: FutureWarning: `torch.utils._pytree._register_pytree_node` is deprecated. Please use `torch.utils._pytree.register_pytree_node` instead.
  _torch_pytree._register_pytree_node(
/var/tmp/root-home/miniconda3/envs/llm_ist/lib/python3.10/site-packages/transformers/utils/generic.py:309: FutureWarning: `torch.utils._pytree._register_pytree_node` is deprecated. Please use `torch.utils._pytree.register_pytree_node` instead.
  _torch_pytree._register_pytree_node(
/var/tmp/root-home/miniconda3/envs/llm_ist/lib/python3.10/site-packages/transformers/utils/generic.py:309: FutureWarning: `torch.utils._pytree._register_pytree_node` is deprecated. Please use `torch.utils._pytree.register_pytree_node` instead.
  _torch_pytree._register_pytree_node(
/var/tmp/root-home/miniconda3/envs/llm_ist/lib/python3.10/site-packages/transformers/utils/generic.py:441: FutureWarning: `torch.utils._pytree._register_pytree_node` is deprecated. Please use `torch.utils._pytree.register_pytree_node` instead.
  _torch_pytree._register_pytree_node(
/var/tmp/root-home/miniconda3/envs/llm_ist/lib/python3.10/site-packages/transformers/utils/generic.py:309: FutureWarning: `torch.utils._pytree._register_pytree_node` is deprecated. Please use `torch.utils._pytree.register_pytree_node` instead.
  _torch_pytree._register_pytree_node(
/var/tmp/root-home/miniconda3/envs/llm_ist/lib/python3.10/site-packages/transformers/utils/generic.py:309: FutureWarning: `torch.utils._pytree._register_pytree_node` is deprecated. Please use `torch.utils._pytree.register_pytree_node` instead.
  _torch_pytree._register_pytree_node(
/var/tmp/root-home/miniconda3/envs/llm_ist/lib/python3.10/site-packages/transformers/utils/generic.py:309: FutureWarning: `torch.utils._pytree._register_pytree_node` is deprecated. Please use `torch.utils._pytree.register_pytree_node` instead.
  _torch_pytree._register_pytree_node(
/var/tmp/root-home/miniconda3/envs/llm_ist/lib/python3.10/site-packages/transformers/utils/generic.py:309: FutureWarning: `torch.utils._pytree._register_pytree_node` is deprecated. Please use `torch.utils._pytree.register_pytree_node` instead.
  _torch_pytree._register_pytree_node(
/var/tmp/root-home/miniconda3/envs/llm_ist/lib/python3.10/site-packages/transformers/utils/generic.py:309: FutureWarning: `torch.utils._pytree._register_pytree_node` is deprecated. Please use `torch.utils._pytree.register_pytree_node` instead.
  _torch_pytree._register_pytree_node(
/var/tmp/root-home/miniconda3/envs/llm_ist/lib/python3.10/site-packages/transformers/utils/generic.py:309: FutureWarning: `torch.utils._pytree._register_pytree_node` is deprecated. Please use `torch.utils._pytree.register_pytree_node` instead.
  _torch_pytree._register_pytree_node(
/var/tmp/root-home/miniconda3/envs/llm_ist/lib/python3.10/site-packages/transformers/utils/generic.py:309: FutureWarning: `torch.utils._pytree._register_pytree_node` is deprecated. Please use `torch.utils._pytree.register_pytree_node` instead.
  _torch_pytree._register_pytree_node(
/var/tmp/root-home/miniconda3/envs/llm_ist/lib/python3.10/site-packages/transformers/utils/generic.py:309: FutureWarning: `torch.utils._pytree._register_pytree_node` is deprecated. Please use `torch.utils._pytree.register_pytree_node` instead.
  _torch_pytree._register_pytree_node(
/var/tmp/root-home/miniconda3/envs/llm_ist/lib/python3.10/site-packages/transformers/utils/generic.py:309: FutureWarning: `torch.utils._pytree._register_pytree_node` is deprecated. Please use `torch.utils._pytree.register_pytree_node` instead.
  _torch_pytree._register_pytree_node(
/var/tmp/root-home/miniconda3/envs/llm_ist/lib/python3.10/site-packages/transformers/utils/generic.py:309: FutureWarning: `torch.utils._pytree._register_pytree_node` is deprecated. Please use `torch.utils._pytree.register_pytree_node` instead.
  _torch_pytree._register_pytree_node(
/var/tmp/root-home/miniconda3/envs/llm_ist/lib/python3.10/site-packages/transformers/utils/generic.py:309: FutureWarning: `torch.utils._pytree._register_pytree_node` is deprecated. Please use `torch.utils._pytree.register_pytree_node` instead.
  _torch_pytree._register_pytree_node(
  -> options=2 fusion_counts=[0, 1] valid=578743/810000 rescales=2['gelu_coeff_mul_rescale_sf_0', 'normalize_rescale_sf'] pinned=0 K-indep=True wall=164.45s

=== SUMMARY ===
max_num_options=6
  block5_n1: #options=2 fusion=[0, 1] K-indep=True
[maps] building block5_n2 ...
[build] block5_n2 (block5, gelu=2, attn=2) ...
/var/tmp/root-home/miniconda3/envs/llm_ist/lib/python3.10/site-packages/transformers/utils/generic.py:441: FutureWarning: `torch.utils._pytree._register_pytree_node` is deprecated. Please use `torch.utils._pytree.register_pytree_node` instead.
  _torch_pytree._register_pytree_node(
/var/tmp/root-home/miniconda3/envs/llm_ist/lib/python3.10/site-packages/transformers/utils/generic.py:309: FutureWarning: `torch.utils._pytree._register_pytree_node` is deprecated. Please use `torch.utils._pytree.register_pytree_node` instead.
  _torch_pytree._register_pytree_node(
/var/tmp/root-home/miniconda3/envs/llm_ist/lib/python3.10/site-packages/transformers/utils/generic.py:309: FutureWarning: `torch.utils._pytree._register_pytree_node` is deprecated. Please use `torch.utils._pytree.register_pytree_node` instead.
  _torch_pytree._register_pytree_node(
/var/tmp/root-home/miniconda3/envs/llm_ist/lib/python3.10/site-packages/transformers/utils/generic.py:441: FutureWarning: `torch.utils._pytree._register_pytree_node` is deprecated. Please use `torch.utils._pytree.register_pytree_node` instead.
  _torch_pytree._register_pytree_node(
/var/tmp/root-home/miniconda3/envs/llm_ist/lib/python3.10/site-packages/transformers/utils/generic.py:441: FutureWarning: `torch.utils._pytree._register_pytree_node` is deprecated. Please use `torch.utils._pytree.register_pytree_node` instead.
  _torch_pytree._register_pytree_node(
/var/tmp/root-home/miniconda3/envs/llm_ist/lib/python3.10/site-packages/transformers/utils/generic.py:309: FutureWarning: `torch.utils._pytree._register_pytree_node` is deprecated. Please use `torch.utils._pytree.register_pytree_node` instead.
  _torch_pytree._register_pytree_node(
/var/tmp/root-home/miniconda3/envs/llm_ist/lib/python3.10/site-packages/transformers/utils/generic.py:309: FutureWarning: `torch.utils._pytree._register_pytree_node` is deprecated. Please use `torch.utils._pytree.register_pytree_node` instead.
  _torch_pytree._register_pytree_node(
/var/tmp/root-home/miniconda3/envs/llm_ist/lib/python3.10/site-packages/transformers/utils/generic.py:441: FutureWarning: `torch.utils._pytree._register_pytree_node` is deprecated. Please use `torch.utils._pytree.register_pytree_node` instead.
  _torch_pytree._register_pytree_node(
/var/tmp/root-home/miniconda3/envs/llm_ist/lib/python3.10/site-packages/transformers/utils/generic.py:309: FutureWarning: `torch.utils._pytree._register_pytree_node` is deprecated. Please use `torch.utils._pytree.register_pytree_node` instead.
  _torch_pytree._register_pytree_node(
/var/tmp/root-home/miniconda3/envs/llm_ist/lib/python3.10/site-packages/transformers/utils/generic.py:441: FutureWarning: `torch.utils._pytree._register_pytree_node` is deprecated. Please use `torch.utils._pytree.register_pytree_node` instead.
  _torch_pytree._register_pytree_node(
/var/tmp/root-home/miniconda3/envs/llm_ist/lib/python3.10/site-packages/transformers/utils/generic.py:441: FutureWarning: `torch.utils._pytree._register_pytree_node` is deprecated. Please use `torch.utils._pytree.register_pytree_node` instead.
  _torch_pytree._register_pytree_node(
/var/tmp/root-home/miniconda3/envs/llm_ist/lib/python3.10/site-packages/transformers/utils/generic.py:309: FutureWarning: `torch.utils._pytree._register_pytree_node` is deprecated. Please use `torch.utils._pytree.register_pytree_node` instead.
  _torch_pytree._register_pytree_node(
/var/tmp/root-home/miniconda3/envs/llm_ist/lib/python3.10/site-packages/transformers/utils/generic.py:309: FutureWarning: `torch.utils._pytree._register_pytree_node` is deprecated. Please use `torch.utils._pytree.register_pytree_node` instead.
  _torch_pytree._register_pytree_node(
/var/tmp/root-home/miniconda3/envs/llm_ist/lib/python3.10/site-packages/transformers/utils/generic.py:309: FutureWarning: `torch.utils._pytree._register_pytree_node` is deprecated. Please use `torch.utils._pytree.register_pytree_node` instead.
  _torch_pytree._register_pytree_node(
/var/tmp/root-home/miniconda3/envs/llm_ist/lib/python3.10/site-packages/transformers/utils/generic.py:441: FutureWarning: `torch.utils._pytree._register_pytree_node` is deprecated. Please use `torch.utils._pytree.register_pytree_node` instead.
  _torch_pytree._register_pytree_node(
/var/tmp/root-home/miniconda3/envs/llm_ist/lib/python3.10/site-packages/transformers/utils/generic.py:441: FutureWarning: `torch.utils._pytree._register_pytree_node` is deprecated. Please use `torch.utils._pytree.register_pytree_node` instead.
  _torch_pytree._register_pytree_node(
/var/tmp/root-home/miniconda3/envs/llm_ist/lib/python3.10/site-packages/transformers/utils/generic.py:309: FutureWarning: `torch.utils._pytree._register_pytree_node` is deprecated. Please use `torch.utils._pytree.register_pytree_node` instead.
  _torch_pytree._register_pytree_node(
/var/tmp/root-home/miniconda3/envs/llm_ist/lib/python3.10/site-packages/transformers/utils/generic.py:309: FutureWarning: `torch.utils._pytree._register_pytree_node` is deprecated. Please use `torch.utils._pytree.register_pytree_node` instead.
  _torch_pytree._register_pytree_node(
/var/tmp/root-home/miniconda3/envs/llm_ist/lib/python3.10/site-packages/transformers/utils/generic.py:441: FutureWarning: `torch.utils._pytree._register_pytree_node` is deprecated. Please use `torch.utils._pytree.register_pytree_node` instead.
  _torch_pytree._register_pytree_node(
/var/tmp/root-home/miniconda3/envs/llm_ist/lib/python3.10/site-packages/transformers/utils/generic.py:309: FutureWarning: `torch.utils._pytree._register_pytree_node` is deprecated. Please use `torch.utils._pytree.register_pytree_node` instead.
  _torch_pytree._register_pytree_node(
/var/tmp/root-home/miniconda3/envs/llm_ist/lib/python3.10/site-packages/transformers/utils/generic.py:309: FutureWarning: `torch.utils._pytree._register_pytree_node` is deprecated. Please use `torch.utils._pytree.register_pytree_node` instead.
  _torch_pytree._register_pytree_node(
/var/tmp/root-home/miniconda3/envs/llm_ist/lib/python3.10/site-packages/transformers/utils/generic.py:441: FutureWarning: `torch.utils._pytree._register_pytree_node` is deprecated. Please use `torch.utils._pytree.register_pytree_node` instead.
  _torch_pytree._register_pytree_node(
/var/tmp/root-home/miniconda3/envs/llm_ist/lib/python3.10/site-packages/transformers/utils/generic.py:441: FutureWarning: `torch.utils._pytree._register_pytree_node` is deprecated. Please use `torch.utils._pytree.register_pytree_node` instead.
  _torch_pytree._register_pytree_node(
/var/tmp/root-home/miniconda3/envs/llm_ist/lib/python3.10/site-packages/transformers/utils/generic.py:441: FutureWarning: `torch.utils._pytree._register_pytree_node` is deprecated. Please use `torch.utils._pytree.register_pytree_node` instead.
  _torch_pytree._register_pytree_node(
/var/tmp/root-home/miniconda3/envs/llm_ist/lib/python3.10/site-packages/transformers/utils/generic.py:309: FutureWarning: `torch.utils._pytree._register_pytree_node` is deprecated. Please use `torch.utils._pytree.register_pytree_node` instead.
  _torch_pytree._register_pytree_node(
/var/tmp/root-home/miniconda3/envs/llm_ist/lib/python3.10/site-packages/transformers/utils/generic.py:309: FutureWarning: `torch.utils._pytree._register_pytree_node` is deprecated. Please use `torch.utils._pytree.register_pytree_node` instead.
  _torch_pytree._register_pytree_node(
/var/tmp/root-home/miniconda3/envs/llm_ist/lib/python3.10/site-packages/transformers/utils/generic.py:309: FutureWarning: `torch.utils._pytree._register_pytree_node` is deprecated. Please use `torch.utils._pytree.register_pytree_node` instead.
  _torch_pytree._register_pytree_node(
/var/tmp/root-home/miniconda3/envs/llm_ist/lib/python3.10/site-packages/transformers/utils/generic.py:309: FutureWarning: `torch.utils._pytree._register_pytree_node` is deprecated. Please use `torch.utils._pytree.register_pytree_node` instead.
  _torch_pytree._register_pytree_node(
/var/tmp/root-home/miniconda3/envs/llm_ist/lib/python3.10/site-packages/transformers/utils/generic.py:309: FutureWarning: `torch.utils._pytree._register_pytree_node` is deprecated. Please use `torch.utils._pytree.register_pytree_node` instead.
  _torch_pytree._register_pytree_node(
/var/tmp/root-home/miniconda3/envs/llm_ist/lib/python3.10/site-packages/transformers/utils/generic.py:441: FutureWarning: `torch.utils._pytree._register_pytree_node` is deprecated. Please use `torch.utils._pytree.register_pytree_node` instead.
  _torch_pytree._register_pytree_node(
/var/tmp/root-home/miniconda3/envs/llm_ist/lib/python3.10/site-packages/transformers/utils/generic.py:441: FutureWarning: `torch.utils._pytree._register_pytree_node` is deprecated. Please use `torch.utils._pytree.register_pytree_node` instead.
  _torch_pytree._register_pytree_node(
/var/tmp/root-home/miniconda3/envs/llm_ist/lib/python3.10/site-packages/transformers/utils/generic.py:441: FutureWarning: `torch.utils._pytree._register_pytree_node` is deprecated. Please use `torch.utils._pytree.register_pytree_node` instead.
  _torch_pytree._register_pytree_node(
/var/tmp/root-home/miniconda3/envs/llm_ist/lib/python3.10/site-packages/transformers/utils/generic.py:309: FutureWarning: `torch.utils._pytree._register_pytree_node` is deprecated. Please use `torch.utils._pytree.register_pytree_node` instead.
  _torch_pytree._register_pytree_node(
/var/tmp/root-home/miniconda3/envs/llm_ist/lib/python3.10/site-packages/transformers/utils/generic.py:309: FutureWarning: `torch.utils._pytree._register_pytree_node` is deprecated. Please use `torch.utils._pytree.register_pytree_node` instead.
  _torch_pytree._register_pytree_node(
/var/tmp/root-home/miniconda3/envs/llm_ist/lib/python3.10/site-packages/transformers/utils/generic.py:309: FutureWarning: `torch.utils._pytree._register_pytree_node` is deprecated. Please use `torch.utils._pytree.register_pytree_node` instead.
  _torch_pytree._register_pytree_node(
/var/tmp/root-home/miniconda3/envs/llm_ist/lib/python3.10/site-packages/transformers/utils/generic.py:309: FutureWarning: `torch.utils._pytree._register_pytree_node` is deprecated. Please use `torch.utils._pytree.register_pytree_node` instead.
  _torch_pytree._register_pytree_node(
/var/tmp/root-home/miniconda3/envs/llm_ist/lib/python3.10/site-packages/transformers/utils/generic.py:309: FutureWarning: `torch.utils._pytree._register_pytree_node` is deprecated. Please use `torch.utils._pytree.register_pytree_node` instead.
  _torch_pytree._register_pytree_node(
/var/tmp/root-home/miniconda3/envs/llm_ist/lib/python3.10/site-packages/transformers/utils/generic.py:309: FutureWarning: `torch.utils._pytree._register_pytree_node` is deprecated. Please use `torch.utils._pytree.register_pytree_node` instead.
  _torch_pytree._register_pytree_node(
/var/tmp/root-home/miniconda3/envs/llm_ist/lib/python3.10/site-packages/transformers/utils/generic.py:309: FutureWarning: `torch.utils._pytree._register_pytree_node` is deprecated. Please use `torch.utils._pytree.register_pytree_node` instead.
  _torch_pytree._register_pytree_node(
/var/tmp/root-home/miniconda3/envs/llm_ist/lib/python3.10/site-packages/transformers/utils/generic.py:309: FutureWarning: `torch.utils._pytree._register_pytree_node` is deprecated. Please use `torch.utils._pytree.register_pytree_node` instead.
  _torch_pytree._register_pytree_node(
/var/tmp/root-home/miniconda3/envs/llm_ist/lib/python3.10/site-packages/transformers/utils/generic.py:309: FutureWarning: `torch.utils._pytree._register_pytree_node` is deprecated. Please use `torch.utils._pytree.register_pytree_node` instead.
  _torch_pytree._register_pytree_node(
/var/tmp/root-home/miniconda3/envs/llm_ist/lib/python3.10/site-packages/transformers/utils/generic.py:441: FutureWarning: `torch.utils._pytree._register_pytree_node` is deprecated. Please use `torch.utils._pytree.register_pytree_node` instead.
  _torch_pytree._register_pytree_node(
/var/tmp/root-home/miniconda3/envs/llm_ist/lib/python3.10/site-packages/transformers/utils/generic.py:309: FutureWarning: `torch.utils._pytree._register_pytree_node` is deprecated. Please use `torch.utils._pytree.register_pytree_node` instead.
  _torch_pytree._register_pytree_node(
/var/tmp/root-home/miniconda3/envs/llm_ist/lib/python3.10/site-packages/transformers/utils/generic.py:441: FutureWarning: `torch.utils._pytree._register_pytree_node` is deprecated. Please use `torch.utils._pytree.register_pytree_node` instead.
  _torch_pytree._register_pytree_node(
/var/tmp/root-home/miniconda3/envs/llm_ist/lib/python3.10/site-packages/transformers/utils/generic.py:309: FutureWarning: `torch.utils._pytree._register_pytree_node` is deprecated. Please use `torch.utils._pytree.register_pytree_node` instead.
  _torch_pytree._register_pytree_node(
/var/tmp/root-home/miniconda3/envs/llm_ist/lib/python3.10/site-packages/transformers/utils/generic.py:309: FutureWarning: `torch.utils._pytree._register_pytree_node` is deprecated. Please use `torch.utils._pytree.register_pytree_node` instead.
  _torch_pytree._register_pytree_node(
/var/tmp/root-home/miniconda3/envs/llm_ist/lib/python3.10/site-packages/transformers/utils/generic.py:309: FutureWarning: `torch.utils._pytree._register_pytree_node` is deprecated. Please use `torch.utils._pytree.register_pytree_node` instead.
  _torch_pytree._register_pytree_node(
/var/tmp/root-home/miniconda3/envs/llm_ist/lib/python3.10/site-packages/transformers/utils/generic.py:309: FutureWarning: `torch.utils._pytree._register_pytree_node` is deprecated. Please use `torch.utils._pytree.register_pytree_node` instead.
  _torch_pytree._register_pytree_node(
/var/tmp/root-home/miniconda3/envs/llm_ist/lib/python3.10/site-packages/transformers/utils/generic.py:309: FutureWarning: `torch.utils._pytree._register_pytree_node` is deprecated. Please use `torch.utils._pytree.register_pytree_node` instead.
  _torch_pytree._register_pytree_node(
/var/tmp/root-home/miniconda3/envs/llm_ist/lib/python3.10/site-packages/transformers/utils/generic.py:309: FutureWarning: `torch.utils._pytree._register_pytree_node` is deprecated. Please use `torch.utils._pytree.register_pytree_node` instead.
  _torch_pytree._register_pytree_node(
/var/tmp/root-home/miniconda3/envs/llm_ist/lib/python3.10/site-packages/transformers/utils/generic.py:309: FutureWarning: `torch.utils._pytree._register_pytree_node` is deprecated. Please use `torch.utils._pytree.register_pytree_node` instead.
  _torch_pytree._register_pytree_node(
  -> options=2 fusion_counts=[0, 1] valid=4412322/7290000 rescales=3['gelu_coeff_mul_rescale_sf_0', 'normalize_rescale_sf', 'wffn1_rescale_sf'] pinned=0 K-indep=True wall=1536.35s

=== SUMMARY ===
max_num_options=6
  block5_n2: #options=2 fusion=[0, 1] K-indep=True
[maps] building block5_n4 ...
[build] block5_n4 (block5, gelu=4, attn=2) ...
/var/tmp/root-home/miniconda3/envs/llm_ist/lib/python3.10/site-packages/transformers/utils/generic.py:441: FutureWarning: `torch.utils._pytree._register_pytree_node` is deprecated. Please use `torch.utils._pytree.register_pytree_node` instead.
  _torch_pytree._register_pytree_node(
/var/tmp/root-home/miniconda3/envs/llm_ist/lib/python3.10/site-packages/transformers/utils/generic.py:309: FutureWarning: `torch.utils._pytree._register_pytree_node` is deprecated. Please use `torch.utils._pytree.register_pytree_node` instead.
  _torch_pytree._register_pytree_node(
/var/tmp/root-home/miniconda3/envs/llm_ist/lib/python3.10/site-packages/transformers/utils/generic.py:309: FutureWarning: `torch.utils._pytree._register_pytree_node` is deprecated. Please use `torch.utils._pytree.register_pytree_node` instead.
  _torch_pytree._register_pytree_node(
/var/tmp/root-home/miniconda3/envs/llm_ist/lib/python3.10/site-packages/transformers/utils/generic.py:441: FutureWarning: `torch.utils._pytree._register_pytree_node` is deprecated. Please use `torch.utils._pytree.register_pytree_node` instead.
  _torch_pytree._register_pytree_node(
/var/tmp/root-home/miniconda3/envs/llm_ist/lib/python3.10/site-packages/transformers/utils/generic.py:441: FutureWarning: `torch.utils._pytree._register_pytree_node` is deprecated. Please use `torch.utils._pytree.register_pytree_node` instead.
  _torch_pytree._register_pytree_node(
/var/tmp/root-home/miniconda3/envs/llm_ist/lib/python3.10/site-packages/transformers/utils/generic.py:441: FutureWarning: `torch.utils._pytree._register_pytree_node` is deprecated. Please use `torch.utils._pytree.register_pytree_node` instead.
  _torch_pytree._register_pytree_node(
/var/tmp/root-home/miniconda3/envs/llm_ist/lib/python3.10/site-packages/transformers/utils/generic.py:309: FutureWarning: `torch.utils._pytree._register_pytree_node` is deprecated. Please use `torch.utils._pytree.register_pytree_node` instead.
  _torch_pytree._register_pytree_node(
/var/tmp/root-home/miniconda3/envs/llm_ist/lib/python3.10/site-packages/transformers/utils/generic.py:309: FutureWarning: `torch.utils._pytree._register_pytree_node` is deprecated. Please use `torch.utils._pytree.register_pytree_node` instead.
  _torch_pytree._register_pytree_node(
/var/tmp/root-home/miniconda3/envs/llm_ist/lib/python3.10/site-packages/transformers/utils/generic.py:309: FutureWarning: `torch.utils._pytree._register_pytree_node` is deprecated. Please use `torch.utils._pytree.register_pytree_node` instead.
  _torch_pytree._register_pytree_node(
/var/tmp/root-home/miniconda3/envs/llm_ist/lib/python3.10/site-packages/transformers/utils/generic.py:441: FutureWarning: `torch.utils._pytree._register_pytree_node` is deprecated. Please use `torch.utils._pytree.register_pytree_node` instead.
  _torch_pytree._register_pytree_node(
/var/tmp/root-home/miniconda3/envs/llm_ist/lib/python3.10/site-packages/transformers/utils/generic.py:309: FutureWarning: `torch.utils._pytree._register_pytree_node` is deprecated. Please use `torch.utils._pytree.register_pytree_node` instead.
  _torch_pytree._register_pytree_node(
/var/tmp/root-home/miniconda3/envs/llm_ist/lib/python3.10/site-packages/transformers/utils/generic.py:441: FutureWarning: `torch.utils._pytree._register_pytree_node` is deprecated. Please use `torch.utils._pytree.register_pytree_node` instead.
  _torch_pytree._register_pytree_node(
/var/tmp/root-home/miniconda3/envs/llm_ist/lib/python3.10/site-packages/transformers/utils/generic.py:309: FutureWarning: `torch.utils._pytree._register_pytree_node` is deprecated. Please use `torch.utils._pytree.register_pytree_node` instead.
  _torch_pytree._register_pytree_node(
/var/tmp/root-home/miniconda3/envs/llm_ist/lib/python3.10/site-packages/transformers/utils/generic.py:309: FutureWarning: `torch.utils._pytree._register_pytree_node` is deprecated. Please use `torch.utils._pytree.register_pytree_node` instead.
  _torch_pytree._register_pytree_node(
/var/tmp/root-home/miniconda3/envs/llm_ist/lib/python3.10/site-packages/transformers/utils/generic.py:441: FutureWarning: `torch.utils._pytree._register_pytree_node` is deprecated. Please use `torch.utils._pytree.register_pytree_node` instead.
  _torch_pytree._register_pytree_node(
/var/tmp/root-home/miniconda3/envs/llm_ist/lib/python3.10/site-packages/transformers/utils/generic.py:309: FutureWarning: `torch.utils._pytree._register_pytree_node` is deprecated. Please use `torch.utils._pytree.register_pytree_node` instead.
  _torch_pytree._register_pytree_node(
/var/tmp/root-home/miniconda3/envs/llm_ist/lib/python3.10/site-packages/transformers/utils/generic.py:309: FutureWarning: `torch.utils._pytree._register_pytree_node` is deprecated. Please use `torch.utils._pytree.register_pytree_node` instead.
  _torch_pytree._register_pytree_node(
/var/tmp/root-home/miniconda3/envs/llm_ist/lib/python3.10/site-packages/transformers/utils/generic.py:309: FutureWarning: `torch.utils._pytree._register_pytree_node` is deprecated. Please use `torch.utils._pytree.register_pytree_node` instead.
  _torch_pytree._register_pytree_node(
/var/tmp/root-home/miniconda3/envs/llm_ist/lib/python3.10/site-packages/transformers/utils/generic.py:441: FutureWarning: `torch.utils._pytree._register_pytree_node` is deprecated. Please use `torch.utils._pytree.register_pytree_node` instead.
  _torch_pytree._register_pytree_node(
/var/tmp/root-home/miniconda3/envs/llm_ist/lib/python3.10/site-packages/transformers/utils/generic.py:309: FutureWarning: `torch.utils._pytree._register_pytree_node` is deprecated. Please use `torch.utils._pytree.register_pytree_node` instead.
  _torch_pytree._register_pytree_node(
/var/tmp/root-home/miniconda3/envs/llm_ist/lib/python3.10/site-packages/transformers/utils/generic.py:441: FutureWarning: `torch.utils._pytree._register_pytree_node` is deprecated. Please use `torch.utils._pytree.register_pytree_node` instead.
  _torch_pytree._register_pytree_node(
/var/tmp/root-home/miniconda3/envs/llm_ist/lib/python3.10/site-packages/transformers/utils/generic.py:309: FutureWarning: `torch.utils._pytree._register_pytree_node` is deprecated. Please use `torch.utils._pytree.register_pytree_node` instead.
  _torch_pytree._register_pytree_node(
/var/tmp/root-home/miniconda3/envs/llm_ist/lib/python3.10/site-packages/transformers/utils/generic.py:309: FutureWarning: `torch.utils._pytree._register_pytree_node` is deprecated. Please use `torch.utils._pytree.register_pytree_node` instead.
  _torch_pytree._register_pytree_node(
/var/tmp/root-home/miniconda3/envs/llm_ist/lib/python3.10/site-packages/transformers/utils/generic.py:441: FutureWarning: `torch.utils._pytree._register_pytree_node` is deprecated. Please use `torch.utils._pytree.register_pytree_node` instead.
  _torch_pytree._register_pytree_node(
/var/tmp/root-home/miniconda3/envs/llm_ist/lib/python3.10/site-packages/transformers/utils/generic.py:441: FutureWarning: `torch.utils._pytree._register_pytree_node` is deprecated. Please use `torch.utils._pytree.register_pytree_node` instead.
  _torch_pytree._register_pytree_node(
/var/tmp/root-home/miniconda3/envs/llm_ist/lib/python3.10/site-packages/transformers/utils/generic.py:309: FutureWarning: `torch.utils._pytree._register_pytree_node` is deprecated. Please use `torch.utils._pytree.register_pytree_node` instead.
  _torch_pytree._register_pytree_node(
/var/tmp/root-home/miniconda3/envs/llm_ist/lib/python3.10/site-packages/transformers/utils/generic.py:309: FutureWarning: `torch.utils._pytree._register_pytree_node` is deprecated. Please use `torch.utils._pytree.register_pytree_node` instead.
  _torch_pytree._register_pytree_node(
/var/tmp/root-home/miniconda3/envs/llm_ist/lib/python3.10/site-packages/transformers/utils/generic.py:309: FutureWarning: `torch.utils._pytree._register_pytree_node` is deprecated. Please use `torch.utils._pytree.register_pytree_node` instead.
  _torch_pytree._register_pytree_node(
/var/tmp/root-home/miniconda3/envs/llm_ist/lib/python3.10/site-packages/transformers/utils/generic.py:441: FutureWarning: `torch.utils._pytree._register_pytree_node` is deprecated. Please use `torch.utils._pytree.register_pytree_node` instead.
  _torch_pytree._register_pytree_node(
/var/tmp/root-home/miniconda3/envs/llm_ist/lib/python3.10/site-packages/transformers/utils/generic.py:441: FutureWarning: `torch.utils._pytree._register_pytree_node` is deprecated. Please use `torch.utils._pytree.register_pytree_node` instead.
  _torch_pytree._register_pytree_node(
/var/tmp/root-home/miniconda3/envs/llm_ist/lib/python3.10/site-packages/transformers/utils/generic.py:309: FutureWarning: `torch.utils._pytree._register_pytree_node` is deprecated. Please use `torch.utils._pytree.register_pytree_node` instead.
  _torch_pytree._register_pytree_node(
/var/tmp/root-home/miniconda3/envs/llm_ist/lib/python3.10/site-packages/transformers/utils/generic.py:309: FutureWarning: `torch.utils._pytree._register_pytree_node` is deprecated. Please use `torch.utils._pytree.register_pytree_node` instead.
  _torch_pytree._register_pytree_node(
/var/tmp/root-home/miniconda3/envs/llm_ist/lib/python3.10/site-packages/transformers/utils/generic.py:309: FutureWarning: `torch.utils._pytree._register_pytree_node` is deprecated. Please use `torch.utils._pytree.register_pytree_node` instead.
  _torch_pytree._register_pytree_node(
/var/tmp/root-home/miniconda3/envs/llm_ist/lib/python3.10/site-packages/transformers/utils/generic.py:441: FutureWarning: `torch.utils._pytree._register_pytree_node` is deprecated. Please use `torch.utils._pytree.register_pytree_node` instead.
  _torch_pytree._register_pytree_node(
/var/tmp/root-home/miniconda3/envs/llm_ist/lib/python3.10/site-packages/transformers/utils/generic.py:309: FutureWarning: `torch.utils._pytree._register_pytree_node` is deprecated. Please use `torch.utils._pytree.register_pytree_node` instead.
  _torch_pytree._register_pytree_node(
/var/tmp/root-home/miniconda3/envs/llm_ist/lib/python3.10/site-packages/transformers/utils/generic.py:309: FutureWarning: `torch.utils._pytree._register_pytree_node` is deprecated. Please use `torch.utils._pytree.register_pytree_node` instead.
  _torch_pytree._register_pytree_node(
/var/tmp/root-home/miniconda3/envs/llm_ist/lib/python3.10/site-packages/transformers/utils/generic.py:309: FutureWarning: `torch.utils._pytree._register_pytree_node` is deprecated. Please use `torch.utils._pytree.register_pytree_node` instead.
  _torch_pytree._register_pytree_node(
/var/tmp/root-home/miniconda3/envs/llm_ist/lib/python3.10/site-packages/transformers/utils/generic.py:441: FutureWarning: `torch.utils._pytree._register_pytree_node` is deprecated. Please use `torch.utils._pytree.register_pytree_node` instead.
  _torch_pytree._register_pytree_node(
/var/tmp/root-home/miniconda3/envs/llm_ist/lib/python3.10/site-packages/transformers/utils/generic.py:441: FutureWarning: `torch.utils._pytree._register_pytree_node` is deprecated. Please use `torch.utils._pytree.register_pytree_node` instead.
  _torch_pytree._register_pytree_node(
/var/tmp/root-home/miniconda3/envs/llm_ist/lib/python3.10/site-packages/transformers/utils/generic.py:309: FutureWarning: `torch.utils._pytree._register_pytree_node` is deprecated. Please use `torch.utils._pytree.register_pytree_node` instead.
  _torch_pytree._register_pytree_node(
/var/tmp/root-home/miniconda3/envs/llm_ist/lib/python3.10/site-packages/transformers/utils/generic.py:309: FutureWarning: `torch.utils._pytree._register_pytree_node` is deprecated. Please use `torch.utils._pytree.register_pytree_node` instead.
  _torch_pytree._register_pytree_node(
/var/tmp/root-home/miniconda3/envs/llm_ist/lib/python3.10/site-packages/transformers/utils/generic.py:309: FutureWarning: `torch.utils._pytree._register_pytree_node` is deprecated. Please use `torch.utils._pytree.register_pytree_node` instead.
  _torch_pytree._register_pytree_node(
/var/tmp/root-home/miniconda3/envs/llm_ist/lib/python3.10/site-packages/transformers/utils/generic.py:309: FutureWarning: `torch.utils._pytree._register_pytree_node` is deprecated. Please use `torch.utils._pytree.register_pytree_node` instead.
  _torch_pytree._register_pytree_node(
/var/tmp/root-home/miniconda3/envs/llm_ist/lib/python3.10/site-packages/transformers/utils/generic.py:309: FutureWarning: `torch.utils._pytree._register_pytree_node` is deprecated. Please use `torch.utils._pytree.register_pytree_node` instead.
  _torch_pytree._register_pytree_node(
/var/tmp/root-home/miniconda3/envs/llm_ist/lib/python3.10/site-packages/transformers/utils/generic.py:441: FutureWarning: `torch.utils._pytree._register_pytree_node` is deprecated. Please use `torch.utils._pytree.register_pytree_node` instead.
  _torch_pytree._register_pytree_node(
/var/tmp/root-home/miniconda3/envs/llm_ist/lib/python3.10/site-packages/transformers/utils/generic.py:309: FutureWarning: `torch.utils._pytree._register_pytree_node` is deprecated. Please use `torch.utils._pytree.register_pytree_node` instead.
  _torch_pytree._register_pytree_node(
/var/tmp/root-home/miniconda3/envs/llm_ist/lib/python3.10/site-packages/transformers/utils/generic.py:309: FutureWarning: `torch.utils._pytree._register_pytree_node` is deprecated. Please use `torch.utils._pytree.register_pytree_node` instead.
  _torch_pytree._register_pytree_node(
/var/tmp/root-home/miniconda3/envs/llm_ist/lib/python3.10/site-packages/transformers/utils/generic.py:309: FutureWarning: `torch.utils._pytree._register_pytree_node` is deprecated. Please use `torch.utils._pytree.register_pytree_node` instead.
  _torch_pytree._register_pytree_node(
/var/tmp/root-home/miniconda3/envs/llm_ist/lib/python3.10/site-packages/transformers/utils/generic.py:309: FutureWarning: `torch.utils._pytree._register_pytree_node` is deprecated. Please use `torch.utils._pytree.register_pytree_node` instead.
  _torch_pytree._register_pytree_node(
/var/tmp/root-home/miniconda3/envs/llm_ist/lib/python3.10/site-packages/transformers/utils/generic.py:309: FutureWarning: `torch.utils._pytree._register_pytree_node` is deprecated. Please use `torch.utils._pytree.register_pytree_node` instead.
  _torch_pytree._register_pytree_node(
/var/tmp/root-home/miniconda3/envs/llm_ist/lib/python3.10/site-packages/transformers/utils/generic.py:309: FutureWarning: `torch.utils._pytree._register_pytree_node` is deprecated. Please use `torch.utils._pytree.register_pytree_node` instead.
  _torch_pytree._register_pytree_node(
  -> options=2 fusion_counts=[0, 1] valid=9791788/65610000 rescales=4['gelu_coeff_mul_rescale_sf_0', 'gelu_power_rescale_sf_0', 'normalize_rescale_sf', 'wffn1_rescale_sf'] pinned=0 K-indep=True wall=14952.08s

=== SUMMARY ===
max_num_options=6
  block5_n4: #options=2 fusion=[0, 1] K-indep=True
[maps] building block4 ...
[build] block4 (block4, gelu=4, attn=2) ...
/var/tmp/root-home/miniconda3/envs/llm_ist/lib/python3.10/site-packages/transformers/utils/generic.py:441: FutureWarning: `torch.utils._pytree._register_pytree_node` is deprecated. Please use `torch.utils._pytree.register_pytree_node` instead.
  _torch_pytree._register_pytree_node(
/var/tmp/root-home/miniconda3/envs/llm_ist/lib/python3.10/site-packages/transformers/utils/generic.py:309: FutureWarning: `torch.utils._pytree._register_pytree_node` is deprecated. Please use `torch.utils._pytree.register_pytree_node` instead.
  _torch_pytree._register_pytree_node(
/var/tmp/root-home/miniconda3/envs/llm_ist/lib/python3.10/site-packages/transformers/utils/generic.py:309: FutureWarning: `torch.utils._pytree._register_pytree_node` is deprecated. Please use `torch.utils._pytree.register_pytree_node` instead.
  _torch_pytree._register_pytree_node(
/var/tmp/root-home/miniconda3/envs/llm_ist/lib/python3.10/site-packages/transformers/utils/generic.py:441: FutureWarning: `torch.utils._pytree._register_pytree_node` is deprecated. Please use `torch.utils._pytree.register_pytree_node` instead.
  _torch_pytree._register_pytree_node(
/var/tmp/root-home/miniconda3/envs/llm_ist/lib/python3.10/site-packages/transformers/utils/generic.py:441: FutureWarning: `torch.utils._pytree._register_pytree_node` is deprecated. Please use `torch.utils._pytree.register_pytree_node` instead.
  _torch_pytree._register_pytree_node(
/var/tmp/root-home/miniconda3/envs/llm_ist/lib/python3.10/site-packages/transformers/utils/generic.py:309: FutureWarning: `torch.utils._pytree._register_pytree_node` is deprecated. Please use `torch.utils._pytree.register_pytree_node` instead.
  _torch_pytree._register_pytree_node(
/var/tmp/root-home/miniconda3/envs/llm_ist/lib/python3.10/site-packages/transformers/utils/generic.py:441: FutureWarning: `torch.utils._pytree._register_pytree_node` is deprecated. Please use `torch.utils._pytree.register_pytree_node` instead.
  _torch_pytree._register_pytree_node(
/var/tmp/root-home/miniconda3/envs/llm_ist/lib/python3.10/site-packages/transformers/utils/generic.py:309: FutureWarning: `torch.utils._pytree._register_pytree_node` is deprecated. Please use `torch.utils._pytree.register_pytree_node` instead.
  _torch_pytree._register_pytree_node(
/var/tmp/root-home/miniconda3/envs/llm_ist/lib/python3.10/site-packages/transformers/utils/generic.py:309: FutureWarning: `torch.utils._pytree._register_pytree_node` is deprecated. Please use `torch.utils._pytree.register_pytree_node` instead.
  _torch_pytree._register_pytree_node(
/var/tmp/root-home/miniconda3/envs/llm_ist/lib/python3.10/site-packages/transformers/utils/generic.py:441: FutureWarning: `torch.utils._pytree._register_pytree_node` is deprecated. Please use `torch.utils._pytree.register_pytree_node` instead.
  _torch_pytree._register_pytree_node(
/var/tmp/root-home/miniconda3/envs/llm_ist/lib/python3.10/site-packages/transformers/utils/generic.py:441: FutureWarning: `torch.utils._pytree._register_pytree_node` is deprecated. Please use `torch.utils._pytree.register_pytree_node` instead.
  _torch_pytree._register_pytree_node(
/var/tmp/root-home/miniconda3/envs/llm_ist/lib/python3.10/site-packages/transformers/utils/generic.py:309: FutureWarning: `torch.utils._pytree._register_pytree_node` is deprecated. Please use `torch.utils._pytree.register_pytree_node` instead.
  _torch_pytree._register_pytree_node(
/var/tmp/root-home/miniconda3/envs/llm_ist/lib/python3.10/site-packages/transformers/utils/generic.py:309: FutureWarning: `torch.utils._pytree._register_pytree_node` is deprecated. Please use `torch.utils._pytree.register_pytree_node` instead.
  _torch_pytree._register_pytree_node(
/var/tmp/root-home/miniconda3/envs/llm_ist/lib/python3.10/site-packages/transformers/utils/generic.py:441: FutureWarning: `torch.utils._pytree._register_pytree_node` is deprecated. Please use `torch.utils._pytree.register_pytree_node` instead.
  _torch_pytree._register_pytree_node(
/var/tmp/root-home/miniconda3/envs/llm_ist/lib/python3.10/site-packages/transformers/utils/generic.py:309: FutureWarning: `torch.utils._pytree._register_pytree_node` is deprecated. Please use `torch.utils._pytree.register_pytree_node` instead.
  _torch_pytree._register_pytree_node(
/var/tmp/root-home/miniconda3/envs/llm_ist/lib/python3.10/site-packages/transformers/utils/generic.py:441: FutureWarning: `torch.utils._pytree._register_pytree_node` is deprecated. Please use `torch.utils._pytree.register_pytree_node` instead.
  _torch_pytree._register_pytree_node(
/var/tmp/root-home/miniconda3/envs/llm_ist/lib/python3.10/site-packages/transformers/utils/generic.py:441: FutureWarning: `torch.utils._pytree._register_pytree_node` is deprecated. Please use `torch.utils._pytree.register_pytree_node` instead.
  _torch_pytree._register_pytree_node(
/var/tmp/root-home/miniconda3/envs/llm_ist/lib/python3.10/site-packages/transformers/utils/generic.py:309: FutureWarning: `torch.utils._pytree._register_pytree_node` is deprecated. Please use `torch.utils._pytree.register_pytree_node` instead.
  _torch_pytree._register_pytree_node(
/var/tmp/root-home/miniconda3/envs/llm_ist/lib/python3.10/site-packages/transformers/utils/generic.py:309: FutureWarning: `torch.utils._pytree._register_pytree_node` is deprecated. Please use `torch.utils._pytree.register_pytree_node` instead.
  _torch_pytree._register_pytree_node(
/var/tmp/root-home/miniconda3/envs/llm_ist/lib/python3.10/site-packages/transformers/utils/generic.py:309: FutureWarning: `torch.utils._pytree._register_pytree_node` is deprecated. Please use `torch.utils._pytree.register_pytree_node` instead.
  _torch_pytree._register_pytree_node(
/var/tmp/root-home/miniconda3/envs/llm_ist/lib/python3.10/site-packages/transformers/utils/generic.py:309: FutureWarning: `torch.utils._pytree._register_pytree_node` is deprecated. Please use `torch.utils._pytree.register_pytree_node` instead.
  _torch_pytree._register_pytree_node(
/var/tmp/root-home/miniconda3/envs/llm_ist/lib/python3.10/site-packages/transformers/utils/generic.py:441: FutureWarning: `torch.utils._pytree._register_pytree_node` is deprecated. Please use `torch.utils._pytree.register_pytree_node` instead.
  _torch_pytree._register_pytree_node(
/var/tmp/root-home/miniconda3/envs/llm_ist/lib/python3.10/site-packages/transformers/utils/generic.py:309: FutureWarning: `torch.utils._pytree._register_pytree_node` is deprecated. Please use `torch.utils._pytree.register_pytree_node` instead.
  _torch_pytree._register_pytree_node(
/var/tmp/root-home/miniconda3/envs/llm_ist/lib/python3.10/site-packages/transformers/utils/generic.py:441: FutureWarning: `torch.utils._pytree._register_pytree_node` is deprecated. Please use `torch.utils._pytree.register_pytree_node` instead.
  _torch_pytree._register_pytree_node(
/var/tmp/root-home/miniconda3/envs/llm_ist/lib/python3.10/site-packages/transformers/utils/generic.py:441: FutureWarning: `torch.utils._pytree._register_pytree_node` is deprecated. Please use `torch.utils._pytree.register_pytree_node` instead.
  _torch_pytree._register_pytree_node(
/var/tmp/root-home/miniconda3/envs/llm_ist/lib/python3.10/site-packages/transformers/utils/generic.py:309: FutureWarning: `torch.utils._pytree._register_pytree_node` is deprecated. Please use `torch.utils._pytree.register_pytree_node` instead.
  _torch_pytree._register_pytree_node(
/var/tmp/root-home/miniconda3/envs/llm_ist/lib/python3.10/site-packages/transformers/utils/generic.py:309: FutureWarning: `torch.utils._pytree._register_pytree_node` is deprecated. Please use `torch.utils._pytree.register_pytree_node` instead.
  _torch_pytree._register_pytree_node(
/var/tmp/root-home/miniconda3/envs/llm_ist/lib/python3.10/site-packages/transformers/utils/generic.py:441: FutureWarning: `torch.utils._pytree._register_pytree_node` is deprecated. Please use `torch.utils._pytree.register_pytree_node` instead.
  _torch_pytree._register_pytree_node(
/var/tmp/root-home/miniconda3/envs/llm_ist/lib/python3.10/site-packages/transformers/utils/generic.py:309: FutureWarning: `torch.utils._pytree._register_pytree_node` is deprecated. Please use `torch.utils._pytree.register_pytree_node` instead.
  _torch_pytree._register_pytree_node(
/var/tmp/root-home/miniconda3/envs/llm_ist/lib/python3.10/site-packages/transformers/utils/generic.py:309: FutureWarning: `torch.utils._pytree._register_pytree_node` is deprecated. Please use `torch.utils._pytree.register_pytree_node` instead.
  _torch_pytree._register_pytree_node(
/var/tmp/root-home/miniconda3/envs/llm_ist/lib/python3.10/site-packages/transformers/utils/generic.py:309: FutureWarning: `torch.utils._pytree._register_pytree_node` is deprecated. Please use `torch.utils._pytree.register_pytree_node` instead.
  _torch_pytree._register_pytree_node(
/var/tmp/root-home/miniconda3/envs/llm_ist/lib/python3.10/site-packages/transformers/utils/generic.py:309: FutureWarning: `torch.utils._pytree._register_pytree_node` is deprecated. Please use `torch.utils._pytree.register_pytree_node` instead.
  _torch_pytree._register_pytree_node(
/var/tmp/root-home/miniconda3/envs/llm_ist/lib/python3.10/site-packages/transformers/utils/generic.py:309: FutureWarning: `torch.utils._pytree._register_pytree_node` is deprecated. Please use `torch.utils._pytree.register_pytree_node` instead.
  _torch_pytree._register_pytree_node(
/var/tmp/root-home/miniconda3/envs/llm_ist/lib/python3.10/site-packages/transformers/utils/generic.py:309: FutureWarning: `torch.utils._pytree._register_pytree_node` is deprecated. Please use `torch.utils._pytree.register_pytree_node` instead.
  _torch_pytree._register_pytree_node(
/var/tmp/root-home/miniconda3/envs/llm_ist/lib/python3.10/site-packages/transformers/utils/generic.py:309: FutureWarning: `torch.utils._pytree._register_pytree_node` is deprecated. Please use `torch.utils._pytree.register_pytree_node` instead.
  _torch_pytree._register_pytree_node(
/var/tmp/root-home/miniconda3/envs/llm_ist/lib/python3.10/site-packages/transformers/utils/generic.py:441: FutureWarning: `torch.utils._pytree._register_pytree_node` is deprecated. Please use `torch.utils._pytree.register_pytree_node` instead.
  _torch_pytree._register_pytree_node(
/var/tmp/root-home/miniconda3/envs/llm_ist/lib/python3.10/site-packages/transformers/utils/generic.py:441: FutureWarning: `torch.utils._pytree._register_pytree_node` is deprecated. Please use `torch.utils._pytree.register_pytree_node` instead.
  _torch_pytree._register_pytree_node(
/var/tmp/root-home/miniconda3/envs/llm_ist/lib/python3.10/site-packages/transformers/utils/generic.py:309: FutureWarning: `torch.utils._pytree._register_pytree_node` is deprecated. Please use `torch.utils._pytree.register_pytree_node` instead.
  _torch_pytree._register_pytree_node(
/var/tmp/root-home/miniconda3/envs/llm_ist/lib/python3.10/site-packages/transformers/utils/generic.py:309: FutureWarning: `torch.utils._pytree._register_pytree_node` is deprecated. Please use `torch.utils._pytree.register_pytree_node` instead.
  _torch_pytree._register_pytree_node(
/var/tmp/root-home/miniconda3/envs/llm_ist/lib/python3.10/site-packages/transformers/utils/generic.py:309: FutureWarning: `torch.utils._pytree._register_pytree_node` is deprecated. Please use `torch.utils._pytree.register_pytree_node` instead.
  _torch_pytree._register_pytree_node(
/var/tmp/root-home/miniconda3/envs/llm_ist/lib/python3.10/site-packages/transformers/utils/generic.py:309: FutureWarning: `torch.utils._pytree._register_pytree_node` is deprecated. Please use `torch.utils._pytree.register_pytree_node` instead.
  _torch_pytree._register_pytree_node(
/var/tmp/root-home/miniconda3/envs/llm_ist/lib/python3.10/site-packages/transformers/utils/generic.py:441: FutureWarning: `torch.utils._pytree._register_pytree_node` is deprecated. Please use `torch.utils._pytree.register_pytree_node` instead.
  _torch_pytree._register_pytree_node(
/var/tmp/root-home/miniconda3/envs/llm_ist/lib/python3.10/site-packages/transformers/utils/generic.py:309: FutureWarning: `torch.utils._pytree._register_pytree_node` is deprecated. Please use `torch.utils._pytree.register_pytree_node` instead.
  _torch_pytree._register_pytree_node(
/var/tmp/root-home/miniconda3/envs/llm_ist/lib/python3.10/site-packages/transformers/utils/generic.py:309: FutureWarning: `torch.utils._pytree._register_pytree_node` is deprecated. Please use `torch.utils._pytree.register_pytree_node` instead.
  _torch_pytree._register_pytree_node(
/var/tmp/root-home/miniconda3/envs/llm_ist/lib/python3.10/site-packages/transformers/utils/generic.py:309: FutureWarning: `torch.utils._pytree._register_pytree_node` is deprecated. Please use `torch.utils._pytree.register_pytree_node` instead.
  _torch_pytree._register_pytree_node(
/var/tmp/root-home/miniconda3/envs/llm_ist/lib/python3.10/site-packages/transformers/utils/generic.py:441: FutureWarning: `torch.utils._pytree._register_pytree_node` is deprecated. Please use `torch.utils._pytree.register_pytree_node` instead.
  _torch_pytree._register_pytree_node(
/var/tmp/root-home/miniconda3/envs/llm_ist/lib/python3.10/site-packages/transformers/utils/generic.py:309: FutureWarning: `torch.utils._pytree._register_pytree_node` is deprecated. Please use `torch.utils._pytree.register_pytree_node` instead.
  _torch_pytree._register_pytree_node(
/var/tmp/root-home/miniconda3/envs/llm_ist/lib/python3.10/site-packages/transformers/utils/generic.py:309: FutureWarning: `torch.utils._pytree._register_pytree_node` is deprecated. Please use `torch.utils._pytree.register_pytree_node` instead.
  _torch_pytree._register_pytree_node(
/var/tmp/root-home/miniconda3/envs/llm_ist/lib/python3.10/site-packages/transformers/utils/generic.py:309: FutureWarning: `torch.utils._pytree._register_pytree_node` is deprecated. Please use `torch.utils._pytree.register_pytree_node` instead.
  _torch_pytree._register_pytree_node(
/var/tmp/root-home/miniconda3/envs/llm_ist/lib/python3.10/site-packages/transformers/utils/generic.py:309: FutureWarning: `torch.utils._pytree._register_pytree_node` is deprecated. Please use `torch.utils._pytree.register_pytree_node` instead.
  _torch_pytree._register_pytree_node(
/var/tmp/root-home/miniconda3/envs/llm_ist/lib/python3.10/site-packages/transformers/utils/generic.py:309: FutureWarning: `torch.utils._pytree._register_pytree_node` is deprecated. Please use `torch.utils._pytree.register_pytree_node` instead.
  _torch_pytree._register_pytree_node(
  -> options=2 fusion_counts=[0, 1] valid=139295361/729000000 rescales=3['ln_mean_rescale_sf', 'ln_square_rescale_sf', 'softmax_v_matmul_rescale_sf'] pinned=1 K-indep=True wall=136533.77s

=== SUMMARY ===
max_num_options=6
  block4: #options=2 fusion=[0, 1] K-indep=True
==================== [phase2] 图门禁（FusionCountMap.load 强制 option0==baseline）+ 新旧对比 ====================
/var/tmp/root-home/miniconda3/envs/llm_ist/lib/python3.10/site-packages/transformers/utils/generic.py:441: FutureWarning: `torch.utils._pytree._register_pytree_node` is deprecated. Please use `torch.utils._pytree.register_pytree_node` instead.
  _torch_pytree._register_pytree_node(
/var/tmp/root-home/miniconda3/envs/llm_ist/lib/python3.10/site-packages/transformers/utils/generic.py:309: FutureWarning: `torch.utils._pytree._register_pytree_node` is deprecated. Please use `torch.utils._pytree.register_pytree_node` instead.
  _torch_pytree._register_pytree_node(
/var/tmp/root-home/miniconda3/envs/llm_ist/lib/python3.10/site-packages/transformers/utils/generic.py:309: FutureWarning: `torch.utils._pytree._register_pytree_node` is deprecated. Please use `torch.utils._pytree.register_pytree_node` instead.
  _torch_pytree._register_pytree_node(
FusionCountMap.load('mrpc') OK — 所有图 option0==baseline。

图           新(n_opt, fusion_counts)        旧(n_opt, fusion_counts)
  block1_mrpc.json (1, [0])                     —
  block2_mrpc.json (2, [0, 1])                  —
  block4.json      (2, [0, 1])                  —
  block5_n0.json   (2, [0, 1])                  —
  block5_n1.json   (2, [0, 1])                  —
  block5_n2.json   (2, [0, 1])                  —
  block5_n4.json   (2, [0, 1])                  —

[新 replan 策略对 fusion 图的影响]
  block1_mrpc.json 旧=(1, [0])  新=(1, [0])
  block2_mrpc.json 旧=(2, [0, 1])  新=(2, [0, 1])
  block4.json      旧=(2, [0, 1])  新=(2, [0, 1])
  block5_n0.json   旧=(2, [0, 1])  新=(2, [0, 1])
  block5_n1.json   旧=(2, [0, 1])  新=(2, [0, 1])
  block5_n2.json   旧=(3, [0, 1, 2])  新=(2, [0, 1])  <-- 变了
  block5_n4.json   旧=(3, [0, 1, 2])  新=(2, [0, 1])  <-- 变了
==================== [phase3] curriculum A/B（curr_on=加课程 / curr_off=不加；启动即自动推 baseline）====================
-------------------- [A/B] variant=curr_on curriculum=1 episodes=6000 --------------------
已加载预设：mrpc-blb-stage2-rl（/var/tmp/root-home/Reinforcement-For-Robustness/presets/mrpc-blb-stage2-rl.conf）
启动配置：
  搜索算法：普通强化学习（rl）（显式指定）
  数据集：mrpc（显式指定）
  模型类型：BERT Base（bert-base）（显式指定）
  日志文件：blb_stage2_rl.log（显式指定）
  批大小：512（显式指定）
  模式目录：Parting Chapter/stage2（显式指定）
  运行目录：Parting Chapter/stage2/bert base mrpc（显式指定）
  Stage-1 回合数：51000（使用默认值）
  Stage-1 准确度约束：0.005（显式指定）
  Stage-2 指标约束百分比：0.005（显式指定）
  Stage-2 稳定性约束百分比：0.005（显式指定）
  Stage-2 K 次噪声试验：4（显式指定）
  Stage-2 探针子集大小：256（显式指定）
  持久化根目录：Parting Chapter/persistent（使用默认值）
  持久化目录：Parting Chapter/stage2/bert base mrpc（显式指定）
  从头训练：是（显式指定）
  Stage-1 回合数：51000（使用默认值）
  Stage-2 回合数：6000（显式指定）
  Stage-2 RL 实现：blb_v3（使用默认值）
  BLB v3 warmstart anchor episodes：80（显式指定）
  BLB v3 action mask：否（使用默认值）
  BLB v3 action mask 模式：none（使用默认值）
  BLB v3 baseline logit 加成：0（使用默认值）
  PPO 更新间隔：120（使用默认值）
  BLB rollout 大小：60（显式指定）
  BLB Rescale optimizer：in_process_real (Rescale_optimizer)（使用默认值）
  BLB neighbor ramp：auto（使用默认值）
  BLB neighbor max mutations：auto（使用默认值）
  BLB neighbor max radius：auto（使用默认值）
  BLB entropy coef：auto（使用默认值）
  BLB entropy ramp episodes：auto（使用默认值）
  BLB fast reward mode：否（使用默认值）
  BLB online K trials：1（使用默认值）
  BLB terminal eval batch：4（使用默认值）
  BLB promotion validation trials：4（使用默认值）
  BLB checkpoint 间隔：200（显式指定）
  BLB 日志评估间隔：100（显式指定）
  Stage-1 学习率：1e-4（使用默认值）
  Stage-2 学习率：2e-4（显式指定）
  被动 final_eval 预设：default（显式指定）
  最终评估来源：搜索结果（search）（显式指定）
  Stage-2 固定 GELU/Softmax 来源：JSON 文件（json）（使用默认值）
  跳过 Stage-1 搜索：是（显式指定）
  跳过 Stage-2 搜索：否（使用默认值）
  跳过最终评估：是（使用默认值）
  仅运行最终评估：否（使用默认值）
  CUDA_VISIBLE_DEVICES：0（显式指定）
  实际执行命令（Command）：python rl_tune.py --base_model textattack/bert-base-uncased-MRPC --data_path mrpc --output_dir Parting\ Chapter/stage2/bert\ base\ mrpc --batch_size 512 --micro_batch_size 512 --num_epochs 1 --learning_rate 2e-4 --cutoff_len 256 --val_set_size 120 --eval_step 80 --adapter_name lora --target_modules \[\"q_proj\"\,\ \"k_proj\"\,\ \"v_proj\"\,\ \"up_proj\"\,\ \"down_proj\"\] --stage1_rl_episodes 51000 --stage2_rl_episodes 6000 --stage1_rl_episodes_specified false --stage2_rl_episodes_specified true --ppo_update_interval 120 --use_ist --final_eval_config_source search --final_eval_config_path glue_final_configs_best_ppo.json --manual_stage1_gelu '' --manual_stage1_softmax '' --manual_stage2_noise '' --stage2_fixed_config_source json --stage2_fixed_config_path glue_final_configs_best_ppo.json --stage2_manual_gelu '' --stage2_manual_softmax '' --final_eval_random_seed 42 --final_eval_permutation_trials 0 --final_eval_cost_equivalent_trials 0 --final_eval_budget_equivalent_trials 0 --final_eval_stage1_budget_trials 10 --final_eval_stage2_budget_trials 10 --final_eval_repeat_n 1 --final_eval_preset default --skip_noise_rl false --skip_stage1_rl true --skip_final_eval true --final_eval_only false --resume_run_dir '' --stage1_rl_lr 1e-4 --stage2_rl_lr 2e-4 --stage1_accuracy_tolerance 0.005 --stage2_limit_tolerance 0.005 --stage2_stability_tolerance 0.005 --stage2_k_trials 4 --stage2_probe_size 256 --stage2_rl_variant blb_v3 --blb_v3_inproc_rescale_optimizer_root Rescale_optimizer --blb_v3_rollout_size 60 --decoupled_layout true --stage1_run_id '' --blb_v3_reward_devices 0 --blb_v3_eval_interval 100 --blb_v3_save_interval 200 --blb_v3_calibrate_baseline_samples 8 --blb_v3_warmstart_anchor_episodes 80 --blb_v3_sequential_rl true --blb_v3_sequential_invalid_penalty 1.0 --blb_v3_sequential_cost_shaping_coeff 0.05 --blb_v3_sequential_fusion_shaping_coeff 0.0 --rl_algo ppo --blb_v3_fusion_count_action 1 --blb_v3_fusion_neighbor_curriculum 1 

已在后台启动。
  进程号（PID）：904217
  查看日志：tail -f Parting Chapter/stage2/bert base mrpc/logs/blb_stage2_rl.log
  错误摘要：Parting Chapter/stage2/bert base mrpc/logs/error_summary.txt
  LATEST_RUN_DIR：Parting Chapter/stage2/LATEST_RUN_DIR
  LATEST_PID：Parting Chapter/stage2/LATEST_PID
  优雅停止（Graceful Stop）：kill -INT 904217
[A/B] curr_on launched: PID=904217  run_dir=Parting Chapter/stage2/bert base mrpc
[A/B] curr_on training process 904217 exited.
[A/B] curr_on artifacts -> experiments/server_command_runs/stage2_rebuild_ab_20260607_195411/curr_on/run
[A/B] cleared working dir Parting Chapter/stage2/bert base mrpc（record/ 归档不受影响）
-------------------- [A/B] variant=curr_off curriculum=0 episodes=6000 --------------------
已加载预设：mrpc-blb-stage2-rl（/var/tmp/root-home/Reinforcement-For-Robustness/presets/mrpc-blb-stage2-rl.conf）
启动配置：
  搜索算法：普通强化学习（rl）（显式指定）
  数据集：mrpc（显式指定）
  模型类型：BERT Base（bert-base）（显式指定）
  日志文件：blb_stage2_rl.log（显式指定）
  批大小：512（显式指定）
  模式目录：Parting Chapter/stage2（显式指定）
  运行目录：Parting Chapter/stage2/bert base mrpc（显式指定）
  Stage-1 回合数：51000（使用默认值）
  Stage-1 准确度约束：0.005（显式指定）
  Stage-2 指标约束百分比：0.005（显式指定）
  Stage-2 稳定性约束百分比：0.005（显式指定）
  Stage-2 K 次噪声试验：4（显式指定）
  Stage-2 探针子集大小：256（显式指定）
  持久化根目录：Parting Chapter/persistent（使用默认值）
  持久化目录：Parting Chapter/stage2/bert base mrpc（显式指定）
  从头训练：是（显式指定）
  Stage-1 回合数：51000（使用默认值）
  Stage-2 回合数：6000（显式指定）
  Stage-2 RL 实现：blb_v3（使用默认值）
  BLB v3 warmstart anchor episodes：80（显式指定）
  BLB v3 action mask：否（使用默认值）
  BLB v3 action mask 模式：none（使用默认值）
  BLB v3 baseline logit 加成：0（使用默认值）
  PPO 更新间隔：120（使用默认值）
  BLB rollout 大小：60（显式指定）
  BLB Rescale optimizer：in_process_real (Rescale_optimizer)（使用默认值）
  BLB neighbor ramp：auto（使用默认值）
  BLB neighbor max mutations：auto（使用默认值）
  BLB neighbor max radius：auto（使用默认值）
  BLB entropy coef：auto（使用默认值）
  BLB entropy ramp episodes：auto（使用默认值）
  BLB fast reward mode：否（使用默认值）
  BLB online K trials：1（使用默认值）
  BLB terminal eval batch：4（使用默认值）
  BLB promotion validation trials：4（使用默认值）
  BLB checkpoint 间隔：200（显式指定）
  BLB 日志评估间隔：100（显式指定）
  Stage-1 学习率：1e-4（使用默认值）
  Stage-2 学习率：2e-4（显式指定）
  被动 final_eval 预设：default（显式指定）
  最终评估来源：搜索结果（search）（显式指定）
  Stage-2 固定 GELU/Softmax 来源：JSON 文件（json）（使用默认值）
  跳过 Stage-1 搜索：是（显式指定）
  跳过 Stage-2 搜索：否（使用默认值）
  跳过最终评估：是（使用默认值）
  仅运行最终评估：否（使用默认值）
  CUDA_VISIBLE_DEVICES：0（显式指定）
  实际执行命令（Command）：python rl_tune.py --base_model textattack/bert-base-uncased-MRPC --data_path mrpc --output_dir Parting\ Chapter/stage2/bert\ base\ mrpc --batch_size 512 --micro_batch_size 512 --num_epochs 1 --learning_rate 2e-4 --cutoff_len 256 --val_set_size 120 --eval_step 80 --adapter_name lora --target_modules \[\"q_proj\"\,\ \"k_proj\"\,\ \"v_proj\"\,\ \"up_proj\"\,\ \"down_proj\"\] --stage1_rl_episodes 51000 --stage2_rl_episodes 6000 --stage1_rl_episodes_specified false --stage2_rl_episodes_specified true --ppo_update_interval 120 --use_ist --final_eval_config_source search --final_eval_config_path glue_final_configs_best_ppo.json --manual_stage1_gelu '' --manual_stage1_softmax '' --manual_stage2_noise '' --stage2_fixed_config_source json --stage2_fixed_config_path glue_final_configs_best_ppo.json --stage2_manual_gelu '' --stage2_manual_softmax '' --final_eval_random_seed 42 --final_eval_permutation_trials 0 --final_eval_cost_equivalent_trials 0 --final_eval_budget_equivalent_trials 0 --final_eval_stage1_budget_trials 10 --final_eval_stage2_budget_trials 10 --final_eval_repeat_n 1 --final_eval_preset default --skip_noise_rl false --skip_stage1_rl true --skip_final_eval true --final_eval_only false --resume_run_dir '' --stage1_rl_lr 1e-4 --stage2_rl_lr 2e-4 --stage1_accuracy_tolerance 0.005 --stage2_limit_tolerance 0.005 --stage2_stability_tolerance 0.005 --stage2_k_trials 4 --stage2_probe_size 256 --stage2_rl_variant blb_v3 --blb_v3_inproc_rescale_optimizer_root Rescale_optimizer --blb_v3_rollout_size 60 --decoupled_layout true --stage1_run_id '' --blb_v3_reward_devices 0 --blb_v3_eval_interval 100 --blb_v3_save_interval 200 --blb_v3_calibrate_baseline_samples 8 --blb_v3_warmstart_anchor_episodes 80 --blb_v3_sequential_rl true --blb_v3_sequential_invalid_penalty 1.0 --blb_v3_sequential_cost_shaping_coeff 0.05 --blb_v3_sequential_fusion_shaping_coeff 0.0 --rl_algo ppo --blb_v3_fusion_count_action 1 --blb_v3_fusion_neighbor_curriculum 0 

已在后台启动。
  进程号（PID）：904938
  查看日志：tail -f Parting Chapter/stage2/bert base mrpc/logs/blb_stage2_rl.log
  错误摘要：Parting Chapter/stage2/bert base mrpc/logs/error_summary.txt
  LATEST_RUN_DIR：Parting Chapter/stage2/LATEST_RUN_DIR
  LATEST_PID：Parting Chapter/stage2/LATEST_PID
  优雅停止（Graceful Stop）：kill -INT 904938
[A/B] curr_off launched: PID=904938  run_dir=Parting Chapter/stage2/bert base mrpc
[A/B] curr_off training process 904938 exited.
[A/B] curr_off artifacts -> experiments/server_command_runs/stage2_rebuild_ab_20260607_195411/curr_off/run
[A/B] cleared working dir Parting Chapter/stage2/bert base mrpc（record/ 归档不受影响）
==================== [phase4] A/B 对比报告 ====================
Traceback (most recent call last):
  File "/var/tmp/root-home/Reinforcement-For-Robustness/scripts/blb_fusion_ab_compare.py", line 266, in <module>
    main()
  File "/var/tmp/root-home/Reinforcement-For-Robustness/scripts/blb_fusion_ab_compare.py", line 243, in main
    ea, eb = load_episodes(args.run_a), load_episodes(args.run_b)
  File "/var/tmp/root-home/Reinforcement-For-Robustness/scripts/blb_fusion_ab_compare.py", line 43, in load_episodes
    raise FileNotFoundError(f"no episodes.jsonl under {run_dir}")
FileNotFoundError: no episodes.jsonl under experiments/server_command_runs/stage2_rebuild_ab_20260607_195411/curr_on/run
==================== DONE ====================
[push] 请回传：(1) 重建后的 canonical 图  git add "blb_stage2_rl/fusion_maps/mrpc"   (2) 运行产物  git add "experiments/server_command_runs/stage2_rebuild_ab_20260607_195411"
total 164
drwxr-xr-x  6 root root  4096 Jun  9 18:45 .
drwxr-xr-x 36 root root 12288 Jun  8 11:24 ..
-rw-r--r--  1 root root    41 Jun  7 19:54 HEAD.txt
-rw-r--r--  1 root root   638 Jun  9 18:45 ab_compare.log
-rw-r--r--  1 root root 14703 Jun  7 19:56 build_block1_mrpc.log
-rw-r--r--  1 root root 14768 Jun  8 00:08 build_block2_mrpc.log
-rw-r--r--  1 root root 14748 Jun  9 18:41 build_block4.log
-rw-r--r--  1 root root 14723 Jun  8 00:10 build_block5_n1.log
-rw-r--r--  1 root root 14746 Jun  8 00:36 build_block5_n2.log
-rw-r--r--  1 root root 14775 Jun  8 04:45 build_block5_n4.log
drwxr-xr-x  3 root root  4096 Jun  9 18:45 curr_off
-rw-r--r--  1 root root  5038 Jun  9 18:43 curr_off_launch.log
drwxr-xr-x  3 root root  4096 Jun  9 18:43 curr_on
-rw-r--r--  1 root root  5038 Jun  9 18:41 curr_on_launch.log
-rw-r--r--  1 root root  1785 Jun  9 18:41 map_gate.txt
drwxr-xr-x  2 root root  4096 Jun  6 20:49 new_maps
drwxr-xr-x  2 root root  4096 Jun  6 20:49 old_maps
-rw-r--r--  1 root root   293 Jun  7 19:54 ro_interface.txt
-rw-r--r--  1 root root    93 Jun  7 19:54 stage1_degrees.txt
