=== 噪声PPO每步信息（Noise PPO StepInfo）回合 8161-8670 ===

--- 回合（Episode） 8161 (回合回报（EpisodeReturn）=1.2144, 原始最终奖励（RawFinalReward）=1.1482, 稠密奖励合计（DenseRewardTotal）=0.0662) ---
  全局步数（step_global）: 97920
  回合编号（episode_id）: 8160
  层索引（layer_index）: 0
  状态向量（state_vector）: [1.0, 0.0, 0.0, 0.0, 0.0, 0.0, 0.0, 0.0, 0.0, 0.0, 0.0, 0.0, 0.0, 0.0, 0.0, 0.0, 0.0, 0.0, 0.0, 0.0, 0.0, 0.0, 0.0, 0.0, 0.0, 0.0, 0.0, 0.0, 0.0, 0.0, 0.0, 0.0, 0.0, 0.0, 0.0, 0.0, 0.0, 0.0, 0.0, 0.0, 0.0, 0.0, 0.0, 0.0, 0.0, 0.0, 0.0, 0.0, 0.0, 0.0, 0.0, 0.0, 0.0, 0.0, 0.0, 0.0, 0.0, 0.0, 0.0, 0.0, 0.0, 0.0, 0.0, 0.0, 0.0, 0.0, 0.0, 0.0, 0.0, 0.0, 0.0, 0.0, 0.0, 0.0, 0.0, 0.0, 0.0, 0.0, 0.0, 0.0, 0.0, 0.0, 0.0, 0.0, 0.0, 0.0, 0.0, 0.0, 0.0, 0.0, 0.0, 0.0, 0.0, 0.0, 0.0, 0.0, 0.0, 0.0, 0.0, 0.0, 0.0, 0.0, 0.0, 0.0, 0.0, 0.0, -0.20000000298023224, 0.0, 0.8987624049186707]
  当前输入噪声缩放因子（curr_input_noise_scaling_factor）: 24
  当前wq噪声缩放因子（curr_wq_noise_scaling_factor）: 22
  当前wk噪声缩放因子（curr_wk_noise_scaling_factor）: 14
  当前wv噪声缩放因子（curr_wv_noise_scaling_factor）: 18
  当前wo噪声缩放因子（curr_wo_noise_scaling_factor）: 14
  当前wffn1噪声缩放因子（curr_wffn1_noise_scaling_factor）: 22
  当前wffn2噪声缩放因子（curr_wffn2_noise_scaling_factor）: 16
  输入x概率分布（x_prob_dist）: [0.22704917192459106, 0.4010796546936035, 0.19197475910186768, 0.1094529926776886, 0.07044345885515213]
  wq概率分布（wq_prob_dist）: [0.26180142164230347, 0.3259188234806061, 0.22089844942092896, 0.11069685965776443, 0.08068450540304184]
  wk概率分布（wk_prob_dist）: [0.377504825592041, 0.2801646292209625, 0.15050695836544037, 0.11387593299150467, 0.07794767618179321]
  wv概率分布（wv_prob_dist）: [0.09710057824850082, 0.4050430655479431, 0.28515172004699707, 0.11312459409236908, 0.09958003461360931]
  wo概率分布（wo_prob_dist）: [0.21451875567436218, 0.36564910411834717, 0.18701624870300293, 0.12619641423225403, 0.1066194623708725]
  wffn1概率分布（wffn1_prob_dist）: [0.40294867753982544, 0.24786241352558136, 0.16219687461853027, 0.11842591315507889, 0.0685662180185318]
  wffn2概率分布（wffn2_prob_dist）: [0.23753772675991058, 0.3922830820083618, 0.17803247272968292, 0.11939903348684311, 0.07274765521287918]
  评论家值（critic_value）: 1.10558021068573
  累计成本（accumulated_cost）: 3.2500000000000004
  输入噪声配置（input_noise_config）: [24]
  wq噪声配置（wq_noise_config）: [22]
  wk噪声配置（wk_noise_config）: [14]
  wv噪声配置（wv_noise_config）: [18]
  wo噪声配置（wo_noise_config）: [14]
  wffn1噪声配置（wffn1_noise_config）: [22]
  wffn2噪声配置（wffn2_noise_config）: [16]
  当前学习率（current_lr）: 0.000020
  当前熵系数（current_entropy_coef）: 0.023344
  步奖励（step_reward）: 0.005182926829268289
  稠密奖励步（dense_reward_step）: 0.005182926829268289
  累计稠密奖励（accumulated_dense_reward）: 0.005182926829268289
  稳定性惩罚（stability_penalty）: 0.0

  全局步数（step_global）: 97921
  回合编号（episode_id）: 8160
  层索引（layer_index）: 1
  状态向量（state_vector）: [0.0, 1.0, 0.0, 0.0, 0.0, 0.0, 0.0, 0.0, 0.0, 0.0, 0.0, 0.0, -0.04411764815449715, 0.75, 0.0, 1.0, 0.5, 1.0, 0.25, 0.75, 0.2073170691728592, 0.0833333358168602, 0.75, 0.0, 0.0, 0.0, 0.0, 0.0, 0.0, 0.0, 0.0, 0.0, 0.0, 0.0, 0.0, 0.0, 0.0, 0.0, 0.0, 0.0, 0.0, 0.0, 0.0, 0.0, 0.0, 0.0, 1.0, 0.0, 0.0, 0.0, 0.0, 0.0, 0.0, 0.0, 0.0, 0.0, 0.0, 0.0, 0.5, 0.0, 0.0, 0.0, 0.0, 0.0, 0.0, 0.0, 0.0, 0.0, 0.0, 0.0, 1.0, 0.0, 0.0, 0.0, 0.0, 0.0, 0.0, 0.0, 0.0, 0.0, 0.0, 0.0, 0.25, 0.0, 0.0, 0.0, 0.0, 0.0, 0.0, 0.0, 0.0, 0.0, 0.0, 0.0, 0.75, 0.0, 0.0, 0.0, 0.0, 0.0, 0.0, 0.0, 0.0, 0.0, 0.0, 0.0, -0.20000000298023224, 0.0, 0.8987624049186707]
  当前输入噪声缩放因子（curr_input_noise_scaling_factor）: 26
  当前wq噪声缩放因子（curr_wq_noise_scaling_factor）: 16
  当前wk噪声缩放因子（curr_wk_noise_scaling_factor）: 20
  当前wv噪声缩放因子（curr_wv_noise_scaling_factor）: 16
  当前wo噪声缩放因子（curr_wo_noise_scaling_factor）: 16
  当前wffn1噪声缩放因子（curr_wffn1_noise_scaling_factor）: 20
  当前wffn2噪声缩放因子（curr_wffn2_noise_scaling_factor）: 14
  输入x概率分布（x_prob_dist）: [0.22681374847888947, 0.40262067317962646, 0.19174939393997192, 0.10894227027893066, 0.06987396627664566]
  wq概率分布（wq_prob_dist）: [0.2622215747833252, 0.3265346884727478, 0.22094862163066864, 0.11013643443584442, 0.08015869557857513]
  wk概率分布（wk_prob_dist）: [0.3782360255718231, 0.28077784180641174, 0.15008136630058289, 0.11344967782497406, 0.07745510339736938]
  wv概率分布（wv_prob_dist）: [0.09642055630683899, 0.4067702889442444, 0.28528279066085815, 0.11254454404115677, 0.09898188710212708]
  wo概率分布（wo_prob_dist）: [0.21448248624801636, 0.3666260540485382, 0.18697141110897064, 0.12579919397830963, 0.10612079501152039]
  wffn1概率分布（wffn1_prob_dist）: [0.40422219038009644, 0.24813728034496307, 0.16180583834648132, 0.11783070862293243, 0.06800402700901031]
  wffn2概率分布（wffn2_prob_dist）: [0.23745183646678925, 0.39385634660720825, 0.17769700288772583, 0.11883189529180527, 0.07216288894414902]
  评论家值（critic_value）: 1.1130561828613281
  累计成本（accumulated_cost）: 6.450000000000001
  输入噪声配置（input_noise_config）: [24, 26]
  wq噪声配置（wq_noise_config）: [22, 16]
  wk噪声配置（wk_noise_config）: [14, 20]
  wv噪声配置（wv_noise_config）: [18, 16]
  wo噪声配置（wo_noise_config）: [14, 16]
  wffn1噪声配置（wffn1_noise_config）: [22, 20]
  wffn2噪声配置（wffn2_noise_config）: [16, 14]
  当前学习率（current_lr）: 0.000020
  当前熵系数（current_entropy_coef）: 0.023344
  步奖励（step_reward）: 0.005487804878048778
  稠密奖励步（dense_reward_step）: 0.005487804878048778
  累计稠密奖励（accumulated_dense_reward）: 0.010670731707317067
  稳定性惩罚（stability_penalty）: 0.0

  全局步数（step_global）: 97922
  回合编号（episode_id）: 8160
  层索引（layer_index）: 2
  状态向量（state_vector）: [0.0, 0.0, 1.0, 0.0, 0.0, 0.0, 0.0, 0.0, 0.0, 0.0, 0.0, 0.0, -0.05147058889269829, 0.5, 0.75, 0.25, 0.75, 0.75, 0.5, 1.0, 0.21341463923454285, 0.1666666716337204, 0.75, 0.5, 0.0, 0.0, 0.0, 0.0, 0.0, 0.0, 0.0, 0.0, 0.0, 0.0, 0.0, 0.75, 0.0, 0.0, 0.0, 0.0, 0.0, 0.0, 0.0, 0.0, 0.0, 0.0, 1.0, 0.25, 0.0, 0.0, 0.0, 0.0, 0.0, 0.0, 0.0, 0.0, 0.0, 0.0, 0.5, 0.75, 0.0, 0.0, 0.0, 0.0, 0.0, 0.0, 0.0, 0.0, 0.0, 0.0, 1.0, 0.75, 0.0, 0.0, 0.0, 0.0, 0.0, 0.0, 0.0, 0.0, 0.0, 0.0, 0.25, 0.5, 0.0, 0.0, 0.0, 0.0, 0.0, 0.0, 0.0, 0.0, 0.0, 0.0, 0.75, 1.0, 0.0, 0.0, 0.0, 0.0, 0.0, 0.0, 0.0, 0.0, 0.0, 0.0, -0.20000000298023224, 0.0, 0.8987624049186707]
  当前输入噪声缩放因子（curr_input_noise_scaling_factor）: 22
  当前wq噪声缩放因子（curr_wq_noise_scaling_factor）: 16
  当前wk噪声缩放因子（curr_wk_noise_scaling_factor）: 14
  当前wv噪声缩放因子（curr_wv_noise_scaling_factor）: 18
  当前wo噪声缩放因子（curr_wo_noise_scaling_factor）: 18
  当前wffn1噪声缩放因子（curr_wffn1_noise_scaling_factor）: 20
  当前wffn2噪声缩放因子（curr_wffn2_noise_scaling_factor）: 16
  输入x概率分布（x_prob_dist）: [0.22681085765361786, 0.40264374017715454, 0.1917450875043869, 0.10893548280000687, 0.06986483931541443]
  wq概率分布（wq_prob_dist）: [0.2622047960758209, 0.326528936624527, 0.22096693515777588, 0.11015135049819946, 0.08014792203903198]
  wk概率分布（wk_prob_dist）: [0.378248929977417, 0.2807941138744354, 0.15005679428577423, 0.11344499886035919, 0.07745515555143356]
  wv概率分布（wv_prob_dist）: [0.09640645980834961, 0.406803160905838, 0.28530558943748474, 0.11253117024898529, 0.09895361959934235]
  wo概率分布（wo_prob_dist）: [0.2145048975944519, 0.3666021525859833, 0.18698948621749878, 0.1257815808057785, 0.10612186044454575]
  wffn1概率分布（wffn1_prob_dist）: [0.40424391627311707, 0.24817240238189697, 0.16178582608699799, 0.11780433356761932, 0.06799345463514328]
  wffn2概率分布（wffn2_prob_dist）: [0.23746061325073242, 0.39391401410102844, 0.177681565284729, 0.11880005151033401, 0.07214377820491791]
  评论家值（critic_value）: 1.1183849573135376
  累计成本（accumulated_cost）: 9.55
  输入噪声配置（input_noise_config）: [24, 26, 22]
  wq噪声配置（wq_noise_config）: [22, 16, 16]
  wk噪声配置（wk_noise_config）: [14, 20, 14]
  wv噪声配置（wv_noise_config）: [18, 16, 18]
  wo噪声配置（wo_noise_config）: [14, 16, 18]
  wffn1噪声配置（wffn1_noise_config）: [22, 20, 20]
  wffn2噪声配置（wffn2_noise_config）: [16, 14, 16]
  当前学习率（current_lr）: 0.000020
  当前熵系数（current_entropy_coef）: 0.023344
  步奖励（step_reward）: 0.006097560975609755
  稠密奖励步（dense_reward_step）: 0.006097560975609755
  累计稠密奖励（accumulated_dense_reward）: 0.016768292682926823
  稳定性惩罚（stability_penalty）: 0.0

  全局步数（step_global）: 97923
  回合编号（episode_id）: 8160
  层索引（layer_index）: 3
  状态向量（state_vector）: [0.0, 0.0, 0.0, 1.0, 0.0, 0.0, 0.0, 0.0, 0.0, 0.0, 0.0, 0.0, -0.06372549384832382, 1.0, 0.75, 1.0, 0.5, 0.5, 0.5, 0.75, 0.22357723116874695, 0.25, 0.75, 0.5, 1.0, 0.0, 0.0, 0.0, 0.0, 0.0, 0.0, 0.0, 0.0, 0.0, 0.0, 0.75, 0.75, 0.0, 0.0, 0.0, 0.0, 0.0, 0.0, 0.0, 0.0, 0.0, 1.0, 0.25, 1.0, 0.0, 0.0, 0.0, 0.0, 0.0, 0.0, 0.0, 0.0, 0.0, 0.5, 0.75, 0.5, 0.0, 0.0, 0.0, 0.0, 0.0, 0.0, 0.0, 0.0, 0.0, 1.0, 0.75, 0.5, 0.0, 0.0, 0.0, 0.0, 0.0, 0.0, 0.0, 0.0, 0.0, 0.25, 0.5, 0.5, 0.0, 0.0, 0.0, 0.0, 0.0, 0.0, 0.0, 0.0, 0.0, 0.75, 1.0, 0.75, 0.0, 0.0, 0.0, 0.0, 0.0, 0.0, 0.0, 0.0, 0.0, -0.20000000298023224, 0.0, 0.8987624049186707]
  当前输入噪声缩放因子（curr_input_noise_scaling_factor）: 24
  当前wq噪声缩放因子（curr_wq_noise_scaling_factor）: 22
  当前wk噪声缩放因子（curr_wk_noise_scaling_factor）: 16
  当前wv噪声缩放因子（curr_wv_noise_scaling_factor）: 18
  当前wo噪声缩放因子（curr_wo_noise_scaling_factor）: 14
  当前wffn1噪声缩放因子（curr_wffn1_noise_scaling_factor）: 18
  当前wffn2噪声缩放因子（curr_wffn2_noise_scaling_factor）: 20
  输入x概率分布（x_prob_dist）: [0.22680263221263885, 0.40276896953582764, 0.19172435998916626, 0.10888521373271942, 0.06981878727674484]
  wq概率分布（wq_prob_dist）: [0.262238472700119, 0.32660993933677673, 0.22094203531742096, 0.11010563373565674, 0.08010390400886536]
  wk概率分布（wk_prob_dist）: [0.37835660576820374, 0.2808067500591278, 0.15003079175949097, 0.11340335011482239, 0.07740244269371033]
  wv概率分布（wv_prob_dist）: [0.09636536985635757, 0.4069001078605652, 0.28532394766807556, 0.11249130964279175, 0.09891926497220993]
  wo概率分布（wo_prob_dist）: [0.21449783444404602, 0.3667213022708893, 0.18696090579032898, 0.1257477104663849, 0.10607226192951202]
  wffn1概率分布（wffn1_prob_dist）: [0.4043726921081543, 0.2481408268213272, 0.16175855696201324, 0.11777333915233612, 0.06795460730791092]
  wffn2概率分布（wffn2_prob_dist）: [0.2374626249074936, 0.39398497343063354, 0.17766830325126648, 0.1187775507569313, 0.07210651785135269]
  评论家值（critic_value）: 1.1203889846801758
  累计成本（accumulated_cost）: 12.850000000000001
  输入噪声配置（input_noise_config）: [24, 26, 22, 24]
  wq噪声配置（wq_noise_config）: [22, 16, 16, 22]
  wk噪声配置（wk_noise_config）: [14, 20, 14, 16]
  wv噪声配置（wv_noise_config）: [18, 16, 18, 18]
  wo噪声配置（wo_noise_config）: [14, 16, 18, 14]
  wffn1噪声配置（wffn1_noise_config）: [22, 20, 20, 18]
  wffn2噪声配置（wffn2_noise_config）: [16, 14, 16, 20]
  当前学习率（current_lr）: 0.000020
  当前熵系数（current_entropy_coef）: 0.023344
  步奖励（step_reward）: 0.004878048780487799
  稠密奖励步（dense_reward_step）: 0.004878048780487799
  累计稠密奖励（accumulated_dense_reward）: 0.021646341463414622
  稳定性惩罚（stability_penalty）: 0.0

  全局步数（step_global）: 97924
  回合编号（episode_id）: 8160
  层索引（layer_index）: 4
  状态向量（state_vector）: [0.0, 0.0, 0.0, 0.0, 1.0, 0.0, 0.0, 0.0, 0.0, 0.0, 0.0, 0.0, -0.05514705926179886, 0.75, 0.0, 0.75, 0.5, 1.0, 0.75, 0.25, 0.21646341681480408, 0.3333333432674408, 0.75, 0.5, 1.0, 0.75, 0.0, 0.0, 0.0, 0.0, 0.0, 0.0, 0.0, 0.0, 0.0, 0.75, 0.75, 0.0, 0.0, 0.0, 0.0, 0.0, 0.0, 0.0, 0.0, 0.0, 1.0, 0.25, 1.0, 0.75, 0.0, 0.0, 0.0, 0.0, 0.0, 0.0, 0.0, 0.0, 0.5, 0.75, 0.5, 0.5, 0.0, 0.0, 0.0, 0.0, 0.0, 0.0, 0.0, 0.0, 1.0, 0.75, 0.5, 1.0, 0.0, 0.0, 0.0, 0.0, 0.0, 0.0, 0.0, 0.0, 0.25, 0.5, 0.5, 0.75, 0.0, 0.0, 0.0, 0.0, 0.0, 0.0, 0.0, 0.0, 0.75, 1.0, 0.75, 0.25, 0.0, 0.0, 0.0, 0.0, 0.0, 0.0, 0.0, 0.0, -0.20000000298023224, 0.0, 0.8987624049186707]
  当前输入噪声缩放因子（curr_input_noise_scaling_factor）: 22
  当前wq噪声缩放因子（curr_wq_noise_scaling_factor）: 20
  当前wk噪声缩放因子（curr_wk_noise_scaling_factor）: 14
  当前wv噪声缩放因子（curr_wv_noise_scaling_factor）: 16
  当前wo噪声缩放因子（curr_wo_noise_scaling_factor）: 16
  当前wffn1噪声缩放因子（curr_wffn1_noise_scaling_factor）: 20
  当前wffn2噪声缩放因子（curr_wffn2_noise_scaling_factor）: 18
  输入x概率分布（x_prob_dist）: [0.22682149708271027, 0.40263575315475464, 0.19173935055732727, 0.10893730074167252, 0.06986607611179352]
  wq概率分布（wq_prob_dist）: [0.26219677925109863, 0.3265402913093567, 0.22095835208892822, 0.11015544086694717, 0.08014915138483047]
  wk概率分布（wk_prob_dist）: [0.37822219729423523, 0.2807735800743103, 0.15007607638835907, 0.11346421390771866, 0.07746386528015137]
  wv概率分布（wv_prob_dist）: [0.0964149534702301, 0.40677428245544434, 0.2852958142757416, 0.11254871636629105, 0.09896627068519592]
  wo概率分布（wo_prob_dist）: [0.2145216315984726, 0.3665517270565033, 0.187008798122406, 0.12578319013118744, 0.10613466799259186]
  wffn1概率分布（wffn1_prob_dist）: [0.4042237102985382, 0.2481430321931839, 0.16179831326007843, 0.11782676726579666, 0.0680081695318222]
  wffn2概率分布（wffn2_prob_dist）: [0.23745828866958618, 0.39388418197631836, 0.17770004272460938, 0.11881272494792938, 0.07214469462633133]
  评论家值（critic_value）: 1.1247737407684326
  累计成本（accumulated_cost）: 16.0
  输入噪声配置（input_noise_config）: [24, 26, 22, 24, 22]
  wq噪声配置（wq_noise_config）: [22, 16, 16, 22, 20]
  wk噪声配置（wk_noise_config）: [14, 20, 14, 16, 14]
  wv噪声配置（wv_noise_config）: [18, 16, 18, 18, 16]
  wo噪声配置（wo_noise_config）: [14, 16, 18, 14, 16]
  wffn1噪声配置（wffn1_noise_config）: [22, 20, 20, 18, 20]
  wffn2噪声配置（wffn2_noise_config）: [16, 14, 16, 20, 18]
  当前学习率（current_lr）: 0.000020
  当前熵系数（current_entropy_coef）: 0.023344
  步奖励（step_reward）: 0.005792682926829265
  稠密奖励步（dense_reward_step）: 0.005792682926829265
  累计稠密奖励（accumulated_dense_reward）: 0.027439024390243885
  稳定性惩罚（stability_penalty）: 0.0

  全局步数（step_global）: 97925
  回合编号（episode_id）: 8160
  层索引（layer_index）: 5
  状态向量（state_vector）: [0.0, 0.0, 0.0, 0.0, 0.0, 1.0, 0.0, 0.0, 0.0, 0.0, 0.0, 0.0, -0.05882352963089943, 1.0, 0.25, 1.0, 0.75, 0.75, 0.5, 0.5, 0.2195121943950653, 0.4166666567325592, 0.75, 0.5, 1.0, 0.75, 1.0, 0.0, 0.0, 0.0, 0.0, 0.0, 0.0, 0.0, 0.0, 0.75, 0.75, 0.0, 0.25, 0.0, 0.0, 0.0, 0.0, 0.0, 0.0, 0.0, 1.0, 0.25, 1.0, 0.75, 1.0, 0.0, 0.0, 0.0, 0.0, 0.0, 0.0, 0.0, 0.5, 0.75, 0.5, 0.5, 0.75, 0.0, 0.0, 0.0, 0.0, 0.0, 0.0, 0.0, 1.0, 0.75, 0.5, 1.0, 0.75, 0.0, 0.0, 0.0, 0.0, 0.0, 0.0, 0.0, 0.25, 0.5, 0.5, 0.75, 0.5, 0.0, 0.0, 0.0, 0.0, 0.0, 0.0, 0.0, 0.75, 1.0, 0.75, 0.25, 0.5, 0.0, 0.0, 0.0, 0.0, 0.0, 0.0, 0.0, -0.20000000298023224, 0.0, 0.8987624049186707]
  当前输入噪声缩放因子（curr_input_noise_scaling_factor）: 24
  当前wq噪声缩放因子（curr_wq_noise_scaling_factor）: 14
  当前wk噪声缩放因子（curr_wk_noise_scaling_factor）: 18
  当前wv噪声缩放因子（curr_wv_noise_scaling_factor）: 14
  当前wo噪声缩放因子（curr_wo_noise_scaling_factor）: 18
  当前wffn1噪声缩放因子（curr_wffn1_noise_scaling_factor）: 18
  当前wffn2噪声缩放因子（curr_wffn2_noise_scaling_factor）: 18
  输入x概率分布（x_prob_dist）: [0.22680912911891937, 0.402543306350708, 0.1917540431022644, 0.10897810757160187, 0.06991537660360336]
  wq概率分布（wq_prob_dist）: [0.2621617913246155, 0.32647016644477844, 0.22097884118556976, 0.11019378155469894, 0.08019539713859558]
  wk概率分布（wk_prob_dist）: [0.378176748752594, 0.2807605266571045, 0.1500863879919052, 0.11348091810941696, 0.07749542593955994]
  wv概率分布（wv_prob_dist）: [0.0964597687125206, 0.40665698051452637, 0.2852898836135864, 0.11258330941200256, 0.09901008754968643]
  wo概率分布（wo_prob_dist）: [0.21449242532253265, 0.36653396487236023, 0.18699732422828674, 0.1258191019296646, 0.10615722090005875]
  wffn1概率分布（wffn1_prob_dist）: [0.4041273891925812, 0.24815183877944946, 0.16183102130889893, 0.11784914135932922, 0.06804060935974121]
  wffn2概率分布（wffn2_prob_dist）: [0.23747998476028442, 0.3937685787677765, 0.17768985033035278, 0.11886409670114517, 0.07219754904508591]
  评论家值（critic_value）: 1.1300543546676636
  累计成本（accumulated_cost）: 19.1
  输入噪声配置（input_noise_config）: [24, 26, 22, 24, 22, 24]
  wq噪声配置（wq_noise_config）: [22, 16, 16, 22, 20, 14]
  wk噪声配置（wk_noise_config）: [14, 20, 14, 16, 14, 18]
  wv噪声配置（wv_noise_config）: [18, 16, 18, 18, 16, 14]
  wo噪声配置（wo_noise_config）: [14, 16, 18, 14, 16, 18]
  wffn1噪声配置（wffn1_noise_config）: [22, 20, 20, 18, 20, 18]
  wffn2噪声配置（wffn2_noise_config）: [16, 14, 16, 20, 18, 18]
  当前学习率（current_lr）: 0.000020
  当前熵系数（current_entropy_coef）: 0.023344
  步奖励（step_reward）: 0.006097560975609751
  稠密奖励步（dense_reward_step）: 0.006097560975609751
  累计稠密奖励（accumulated_dense_reward）: 0.03353658536585363
  稳定性惩罚（stability_penalty）: 0.0

  全局步数（step_global）: 97926
  回合编号（episode_id）: 8160
  层索引（layer_index）: 6
  状态向量（state_vector）: [0.0, 0.0, 0.0, 0.0, 0.0, 0.0, 1.0, 0.0, 0.0, 0.0, 0.0, 0.0, -0.06372549384832382, 0.75, 1.0, 0.5, 1.0, 0.5, 0.75, 0.5, 0.22357723116874695, 0.5, 0.75, 0.5, 1.0, 0.75, 1.0, 0.75, 0.0, 0.0, 0.0, 0.0, 0.0, 0.0, 0.0, 0.75, 0.75, 0.0, 0.25, 1.0, 0.0, 0.0, 0.0, 0.0, 0.0, 0.0, 1.0, 0.25, 1.0, 0.75, 1.0, 0.5, 0.0, 0.0, 0.0, 0.0, 0.0, 0.0, 0.5, 0.75, 0.5, 0.5, 0.75, 1.0, 0.0, 0.0, 0.0, 0.0, 0.0, 0.0, 1.0, 0.75, 0.5, 1.0, 0.75, 0.5, 0.0, 0.0, 0.0, 0.0, 0.0, 0.0, 0.25, 0.5, 0.5, 0.75, 0.5, 0.75, 0.0, 0.0, 0.0, 0.0, 0.0, 0.0, 0.75, 1.0, 0.75, 0.25, 0.5, 0.5, 0.0, 0.0, 0.0, 0.0, 0.0, 0.0, -0.20000000298023224, 0.0, 0.8987624049186707]
  当前输入噪声缩放因子（curr_input_noise_scaling_factor）: 28
  当前wq噪声缩放因子（curr_wq_noise_scaling_factor）: 20
  当前wk噪声缩放因子（curr_wk_noise_scaling_factor）: 16
  当前wv噪声缩放因子（curr_wv_noise_scaling_factor）: 16
  当前wo噪声缩放因子（curr_wo_noise_scaling_factor）: 14
  当前wffn1噪声缩放因子（curr_wffn1_noise_scaling_factor）: 16
  当前wffn2噪声缩放因子（curr_wffn2_noise_scaling_factor）: 20
  输入x概率分布（x_prob_dist）: [0.2268192023038864, 0.40266478061676025, 0.19174052774906158, 0.10892417281866074, 0.06985136866569519]
  wq概率分布（wq_prob_dist）: [0.26223301887512207, 0.32655394077301025, 0.22093547880649567, 0.11014048755168915, 0.08013708889484406]
  wk概率分布（wk_prob_dist）: [0.37826400995254517, 0.2807781994342804, 0.15006577968597412, 0.11344630271196365, 0.07744574546813965]
  wv概率分布（wv_prob_dist）: [0.0964028537273407, 0.4068024456501007, 0.2853095233440399, 0.1125292032957077, 0.0989559069275856]
  wo概率分布（wo_prob_dist）: [0.2145111858844757, 0.3666248917579651, 0.18697308003902435, 0.12578032910823822, 0.10611043870449066]
  wffn1概率分布（wffn1_prob_dist）: [0.40428537130355835, 0.24812255799770355, 0.16178496181964874, 0.11781050264835358, 0.06799668073654175]
  wffn2概率分布（wffn2_prob_dist）: [0.23746080696582794, 0.39389804005622864, 0.17770171165466309, 0.1188032329082489, 0.07213620841503143]
  评论家值（critic_value）: 1.1384329795837402
  累计成本（accumulated_cost）: 22.35
  输入噪声配置（input_noise_config）: [24, 26, 22, 24, 22, 24, 28]
  wq噪声配置（wq_noise_config）: [22, 16, 16, 22, 20, 14, 20]
  wk噪声配置（wk_noise_config）: [14, 20, 14, 16, 14, 18, 16]
  wv噪声配置（wv_noise_config）: [18, 16, 18, 18, 16, 14, 16]
  wo噪声配置（wo_noise_config）: [14, 16, 18, 14, 16, 18, 14]
  wffn1噪声配置（wffn1_noise_config）: [22, 20, 20, 18, 20, 18, 16]
  wffn2噪声配置（wffn2_noise_config）: [16, 14, 16, 20, 18, 18, 20]
  当前学习率（current_lr）: 0.000020
  当前熵系数（current_entropy_coef）: 0.023344
  步奖励（step_reward）: 0.005182926829268291
  稠密奖励步（dense_reward_step）: 0.005182926829268291
  累计稠密奖励（accumulated_dense_reward）: 0.03871951219512192
  稳定性惩罚（stability_penalty）: 0.0

  全局步数（step_global）: 97927
  回合编号（episode_id）: 8160
  层索引（layer_index）: 7
  状态向量（state_vector）: [0.0, 0.0, 0.0, 0.0, 0.0, 0.0, 0.0, 1.0, 0.0, 0.0, 0.0, 0.0, -0.06092436984181404, 0.25, 0.25, 0.75, 0.75, 1.0, 1.0, 0.25, 0.2212543487548828, 0.5833333134651184, 0.75, 0.5, 1.0, 0.75, 1.0, 0.75, 0.25, 0.0, 0.0, 0.0, 0.0, 0.0, 0.0, 0.75, 0.75, 0.0, 0.25, 1.0, 0.25, 0.0, 0.0, 0.0, 0.0, 0.0, 1.0, 0.25, 1.0, 0.75, 1.0, 0.5, 0.75, 0.0, 0.0, 0.0, 0.0, 0.0, 0.5, 0.75, 0.5, 0.5, 0.75, 1.0, 0.75, 0.0, 0.0, 0.0, 0.0, 0.0, 1.0, 0.75, 0.5, 1.0, 0.75, 0.5, 1.0, 0.0, 0.0, 0.0, 0.0, 0.0, 0.25, 0.5, 0.5, 0.75, 0.5, 0.75, 1.0, 0.0, 0.0, 0.0, 0.0, 0.0, 0.75, 1.0, 0.75, 0.25, 0.5, 0.5, 0.25, 0.0, 0.0, 0.0, 0.0, 0.0, -0.20000000298023224, 0.0, 0.8987624049186707]
  当前输入噪声缩放因子（curr_input_noise_scaling_factor）: 24
  当前wq噪声缩放因子（curr_wq_noise_scaling_factor）: 14
  当前wk噪声缩放因子（curr_wk_noise_scaling_factor）: 18
  当前wv噪声缩放因子（curr_wv_noise_scaling_factor）: 16
  当前wo噪声缩放因子（curr_wo_noise_scaling_factor）: 16
  当前wffn1噪声缩放因子（curr_wffn1_noise_scaling_factor）: 20
  当前wffn2噪声缩放因子（curr_wffn2_noise_scaling_factor）: 14
  输入x概率分布（x_prob_dist）: [0.22680193185806274, 0.4026453495025635, 0.19174233078956604, 0.10894060134887695, 0.0698697492480278]
  wq概率分布（wq_prob_dist）: [0.2622089684009552, 0.32652750611305237, 0.22096218168735504, 0.11014944314956665, 0.08015196025371552]
  wk概率分布（wk_prob_dist）: [0.378260999917984, 0.2807818353176117, 0.15006256103515625, 0.1134423315525055, 0.07745222002267838]
  wv概率分布（wv_prob_dist）: [0.09641296416521072, 0.40677696466445923, 0.285311758518219, 0.11253444850444794, 0.09896393865346909]
  wo概率分布（wo_prob_dist）: [0.2144981175661087, 0.3666187822818756, 0.18697626888751984, 0.12578636407852173, 0.10612045973539352]
  wffn1概率分布（wffn1_prob_dist）: [0.40423259139060974, 0.2481556236743927, 0.16180069744586945, 0.11780856549739838, 0.06800255924463272]
  wffn2概率分布（wffn2_prob_dist）: [0.23747770488262177, 0.3938599228858948, 0.1776909977197647, 0.11881580948829651, 0.07215561717748642]
  评论家值（critic_value）: 1.1437287330627441
  累计成本（accumulated_cost）: 25.400000000000002
  输入噪声配置（input_noise_config）: [24, 26, 22, 24, 22, 24, 28, 24]
  wq噪声配置（wq_noise_config）: [22, 16, 16, 22, 20, 14, 20, 14]
  wk噪声配置（wk_noise_config）: [14, 20, 14, 16, 14, 18, 16, 18]
  wv噪声配置（wv_noise_config）: [18, 16, 18, 18, 16, 14, 16, 16]
  wo噪声配置（wo_noise_config）: [14, 16, 18, 14, 16, 18, 14, 16]
  wffn1噪声配置（wffn1_noise_config）: [22, 20, 20, 18, 20, 18, 16, 20]
  wffn2噪声配置（wffn2_noise_config）: [16, 14, 16, 20, 18, 18, 20, 14]
  当前学习率（current_lr）: 0.000020
  当前熵系数（current_entropy_coef）: 0.023344
  步奖励（step_reward）: 0.006402439024390242
  稠密奖励步（dense_reward_step）: 0.006402439024390242
  累计稠密奖励（accumulated_dense_reward）: 0.045121951219512166
  稳定性惩罚（stability_penalty）: 0.0

  全局步数（step_global）: 97928
  回合编号（episode_id）: 8160
  层索引（layer_index）: 8
  状态向量（state_vector）: [0.0, 0.0, 0.0, 0.0, 0.0, 0.0, 0.0, 0.0, 1.0, 0.0, 0.0, 0.0, -0.06617647409439087, 0.75, 1.0, 0.5, 0.75, 0.75, 0.5, 1.0, 0.22560974955558777, 0.6666666865348816, 0.75, 0.5, 1.0, 0.75, 1.0, 0.75, 0.25, 0.75, 0.0, 0.0, 0.0, 0.0, 0.0, 0.75, 0.75, 0.0, 0.25, 1.0, 0.25, 1.0, 0.0, 0.0, 0.0, 0.0, 1.0, 0.25, 1.0, 0.75, 1.0, 0.5, 0.75, 0.5, 0.0, 0.0, 0.0, 0.0, 0.5, 0.75, 0.5, 0.5, 0.75, 1.0, 0.75, 0.75, 0.0, 0.0, 0.0, 0.0, 1.0, 0.75, 0.5, 1.0, 0.75, 0.5, 1.0, 0.75, 0.0, 0.0, 0.0, 0.0, 0.25, 0.5, 0.5, 0.75, 0.5, 0.75, 1.0, 0.5, 0.0, 0.0, 0.0, 0.0, 0.75, 1.0, 0.75, 0.25, 0.5, 0.5, 0.25, 1.0, 0.0, 0.0, 0.0, 0.0, -0.20000000298023224, 0.0, 0.8987624049186707]
  当前输入噪声缩放因子（curr_input_noise_scaling_factor）: 24
  当前wq噪声缩放因子（curr_wq_noise_scaling_factor）: 16
  当前wk噪声缩放因子（curr_wk_noise_scaling_factor）: 16
  当前wv噪声缩放因子（curr_wv_noise_scaling_factor）: 16
  当前wo噪声缩放因子（curr_wo_noise_scaling_factor）: 14
  当前wffn1噪声缩放因子（curr_wffn1_noise_scaling_factor）: 18
  当前wffn2噪声缩放因子（curr_wffn2_noise_scaling_factor）: 18
  输入x概率分布（x_prob_dist）: [0.22679221630096436, 0.40268149971961975, 0.1917387992143631, 0.10892686247825623, 0.06986060738563538]
  wq概率分布（wq_prob_dist）: [0.26220035552978516, 0.3265399932861328, 0.22097134590148926, 0.11014887690544128, 0.0801394060254097]
  wk概率分布（wk_prob_dist）: [0.37825706601142883, 0.2807927429676056, 0.15005140006542206, 0.11344913393259048, 0.07744964212179184]
  wv概率分布（wv_prob_dist）: [0.09639684110879898, 0.40681231021881104, 0.28530579805374146, 0.112531378865242, 0.09895367175340652]
  wo概率分布（wo_prob_dist）: [0.21450887620449066, 0.3665933609008789, 0.1870070844888687, 0.12577028572559357, 0.10612041503190994]
  wffn1概率分布（wffn1_prob_dist）: [0.4042538106441498, 0.24816171824932098, 0.1617940068244934, 0.11780250817537308, 0.06798800081014633]
  wffn2概率分布（wffn2_prob_dist）: [0.2374715656042099, 0.3939119875431061, 0.17767608165740967, 0.11880075931549072, 0.07213957607746124]
  评论家值（critic_value）: 1.1465104818344116
  累计成本（accumulated_cost）: 28.450000000000003
  输入噪声配置（input_noise_config）: [24, 26, 22, 24, 22, 24, 28, 24, 24]
  wq噪声配置（wq_noise_config）: [22, 16, 16, 22, 20, 14, 20, 14, 16]
  wk噪声配置（wk_noise_config）: [14, 20, 14, 16, 14, 18, 16, 18, 16]
  wv噪声配置（wv_noise_config）: [18, 16, 18, 18, 16, 14, 16, 16, 16]
  wo噪声配置（wo_noise_config）: [14, 16, 18, 14, 16, 18, 14, 16, 14]
  wffn1噪声配置（wffn1_noise_config）: [22, 20, 20, 18, 20, 18, 16, 20, 18]
  wffn2噪声配置（wffn2_noise_config）: [16, 14, 16, 20, 18, 18, 20, 14, 18]
  当前学习率（current_lr）: 0.000020
  当前熵系数（current_entropy_coef）: 0.023344
  步奖励（step_reward）: 0.006402439024390242
  稠密奖励步（dense_reward_step）: 0.006402439024390242
  累计稠密奖励（accumulated_dense_reward）: 0.05152439024390241
  稳定性惩罚（stability_penalty）: 0.0

  全局步数（step_global）: 97929
  回合编号（episode_id）: 8160
  层索引（layer_index）: 9
  状态向量（state_vector）: [0.0, 0.0, 0.0, 0.0, 0.0, 0.0, 0.0, 0.0, 0.0, 1.0, 0.0, 0.0, -0.07026144117116928, 0.75, 0.75, 0.75, 0.75, 1.0, 0.75, 0.5, 0.22899729013442993, 0.75, 0.75, 0.5, 1.0, 0.75, 1.0, 0.75, 0.25, 0.75, 0.75, 0.0, 0.0, 0.0, 0.0, 0.75, 0.75, 0.0, 0.25, 1.0, 0.25, 1.0, 0.75, 0.0, 0.0, 0.0, 1.0, 0.25, 1.0, 0.75, 1.0, 0.5, 0.75, 0.5, 0.75, 0.0, 0.0, 0.0, 0.5, 0.75, 0.5, 0.5, 0.75, 1.0, 0.75, 0.75, 0.75, 0.0, 0.0, 0.0, 1.0, 0.75, 0.5, 1.0, 0.75, 0.5, 1.0, 0.75, 1.0, 0.0, 0.0, 0.0, 0.25, 0.5, 0.5, 0.75, 0.5, 0.75, 1.0, 0.5, 0.75, 0.0, 0.0, 0.0, 0.75, 1.0, 0.75, 0.25, 0.5, 0.5, 0.25, 1.0, 0.5, 0.0, 0.0, 0.0, -0.20000000298023224, 0.0, 0.8987624049186707]
  当前输入噪声缩放因子（curr_input_noise_scaling_factor）: 24
  当前wq噪声缩放因子（curr_wq_noise_scaling_factor）: 14
  当前wk噪声缩放因子（curr_wk_noise_scaling_factor）: 22
  当前wv噪声缩放因子（curr_wv_noise_scaling_factor）: 14
  当前wo噪声缩放因子（curr_wo_noise_scaling_factor）: 20
  当前wffn1噪声缩放因子（curr_wffn1_noise_scaling_factor）: 22
  当前wffn2噪声缩放因子（curr_wffn2_noise_scaling_factor）: 16
  输入x概率分布（x_prob_dist）: [0.22680243849754333, 0.40266790986061096, 0.19173629581928253, 0.10892831534147263, 0.06986501812934875]
  wq概率分布（wq_prob_dist）: [0.26219263672828674, 0.3265379071235657, 0.2209753692150116, 0.11014939844608307, 0.08014471083879471]
  wk概率分布（wk_prob_dist）: [0.37826281785964966, 0.2807937562465668, 0.15004701912403107, 0.11344648152589798, 0.07744994759559631]
  wv概率分布（wv_prob_dist）: [0.09640105068683624, 0.40679100155830383, 0.28530433773994446, 0.11254379153251648, 0.0989597886800766]
  wo概率分布（wo_prob_dist）: [0.21451322734355927, 0.3665684759616852, 0.18701966106891632, 0.12577100098133087, 0.10612762719392776]
  wffn1概率分布（wffn1_prob_dist）: [0.4042641222476959, 0.2481464147567749, 0.16179613769054413, 0.11780484765768051, 0.06798849999904633]
  wffn2概率分布（wffn2_prob_dist）: [0.23747745156288147, 0.3938961923122406, 0.17767110466957092, 0.11881037801504135, 0.07214489579200745]
  评论家值（critic_value）: 1.153151273727417
  累计成本（accumulated_cost）: 31.750000000000004
  输入噪声配置（input_noise_config）: [24, 26, 22, 24, 22, 24, 28, 24, 24, 24]
  wq噪声配置（wq_noise_config）: [22, 16, 16, 22, 20, 14, 20, 14, 16, 14]
  wk噪声配置（wk_noise_config）: [14, 20, 14, 16, 14, 18, 16, 18, 16, 22]
  wv噪声配置（wv_noise_config）: [18, 16, 18, 18, 16, 14, 16, 16, 16, 14]
  wo噪声配置（wo_noise_config）: [14, 16, 18, 14, 16, 18, 14, 16, 14, 20]
  wffn1噪声配置（wffn1_noise_config）: [22, 20, 20, 18, 20, 18, 16, 20, 18, 22]
  wffn2噪声配置（wffn2_noise_config）: [16, 14, 16, 20, 18, 18, 20, 14, 18, 16]
  当前学习率（current_lr）: 0.000020
  当前熵系数（current_entropy_coef）: 0.023344
  步奖励（step_reward）: 0.004878048780487802
  稠密奖励步（dense_reward_step）: 0.004878048780487802
  累计稠密奖励（accumulated_dense_reward）: 0.05640243902439021
  稳定性惩罚（stability_penalty）: 0.0

  全局步数（step_global）: 97930
  回合编号（episode_id）: 8160
  层索引（layer_index）: 10
  状态向量（state_vector）: [0.0, 0.0, 0.0, 0.0, 0.0, 0.0, 0.0, 0.0, 0.0, 0.0, 1.0, 0.0, -0.06617647409439087, 0.75, 1.0, 0.0, 1.0, 0.25, 0.25, 0.75, 0.22560974955558777, 0.8333333134651184, 0.75, 0.5, 1.0, 0.75, 1.0, 0.75, 0.25, 0.75, 0.75, 0.75, 0.0, 0.0, 0.0, 0.75, 0.75, 0.0, 0.25, 1.0, 0.25, 1.0, 0.75, 1.0, 0.0, 0.0, 1.0, 0.25, 1.0, 0.75, 1.0, 0.5, 0.75, 0.5, 0.75, 0.0, 0.0, 0.0, 0.5, 0.75, 0.5, 0.5, 0.75, 1.0, 0.75, 0.75, 0.75, 1.0, 0.0, 0.0, 1.0, 0.75, 0.5, 1.0, 0.75, 0.5, 1.0, 0.75, 1.0, 0.25, 0.0, 0.0, 0.25, 0.5, 0.5, 0.75, 0.5, 0.75, 1.0, 0.5, 0.75, 0.25, 0.0, 0.0, 0.75, 1.0, 0.75, 0.25, 0.5, 0.5, 0.25, 1.0, 0.5, 0.75, 0.0, 0.0, -0.20000000298023224, 0.0, 0.8987624049186707]
  当前输入噪声缩放因子（curr_input_noise_scaling_factor）: 28
  当前wq噪声缩放因子（curr_wq_noise_scaling_factor）: 16
  当前wk噪声缩放因子（curr_wk_noise_scaling_factor）: 22
  当前wv噪声缩放因子（curr_wv_noise_scaling_factor）: 14
  当前wo噪声缩放因子（curr_wo_noise_scaling_factor）: 14
  当前wffn1噪声缩放因子（curr_wffn1_noise_scaling_factor）: 16
  当前wffn2噪声缩放因子（curr_wffn2_noise_scaling_factor）: 20
  输入x概率分布（x_prob_dist）: [0.2268092930316925, 0.40269798040390015, 0.191729336977005, 0.10891284793615341, 0.06985059380531311]
  wq概率分布（wq_prob_dist）: [0.26222893595695496, 0.32657116651535034, 0.2209322303533554, 0.11013922840356827, 0.08012840896844864]
  wk概率分布（wk_prob_dist）: [0.378303200006485, 0.2807672619819641, 0.15006329119205475, 0.1134364902973175, 0.07742974907159805]
  wv概率分布（wv_prob_dist）: [0.09640516340732574, 0.4068053960800171, 0.28532204031944275, 0.11251598596572876, 0.09895140677690506]
  wo概率分布（wo_prob_dist）: [0.21449464559555054, 0.3666812479496002, 0.18694628775119781, 0.1257798671722412, 0.1060979887843132]
  wffn1概率分布（wffn1_prob_dist）: [0.40427935123443604, 0.24813126027584076, 0.16178825497627258, 0.1178119108080864, 0.06798925250768661]
  wffn2概率分布（wffn2_prob_dist）: [0.23746709525585175, 0.3938932418823242, 0.17769822478294373, 0.11880900710821152, 0.07213243097066879]
  评论家值（critic_value）: 1.1580861806869507
  累计成本（accumulated_cost）: 35.0
  输入噪声配置（input_noise_config）: [24, 26, 22, 24, 22, 24, 28, 24, 24, 24, 28]
  wq噪声配置（wq_noise_config）: [22, 16, 16, 22, 20, 14, 20, 14, 16, 14, 16]
  wk噪声配置（wk_noise_config）: [14, 20, 14, 16, 14, 18, 16, 18, 16, 22, 22]
  wv噪声配置（wv_noise_config）: [18, 16, 18, 18, 16, 14, 16, 16, 16, 14, 14]
  wo噪声配置（wo_noise_config）: [14, 16, 18, 14, 16, 18, 14, 16, 14, 20, 14]
  wffn1噪声配置（wffn1_noise_config）: [22, 20, 20, 18, 20, 18, 16, 20, 18, 22, 16]
  wffn2噪声配置（wffn2_noise_config）: [16, 14, 16, 20, 18, 18, 20, 14, 18, 16, 20]
  当前学习率（current_lr）: 0.000020
  当前熵系数（current_entropy_coef）: 0.023344
  步奖励（step_reward）: 0.005182926829268291
  稠密奖励步（dense_reward_step）: 0.005182926829268291
  累计稠密奖励（accumulated_dense_reward）: 0.0615853658536585
  稳定性惩罚（stability_penalty）: 0.0

  全局步数（step_global）: 97931
  回合编号（episode_id）: 8160
  层索引（layer_index）: 11
  状态向量（state_vector）: [0.0, 0.0, 0.0, 0.0, 0.0, 0.0, 0.0, 0.0, 0.0, 0.0, 0.0, 1.0, -0.06417112052440643, 0.25, 0.75, 0.0, 1.0, 1.0, 1.0, 0.25, 0.22394677996635437, 0.9166666865348816, 0.75, 0.5, 1.0, 0.75, 1.0, 0.75, 0.25, 0.75, 0.75, 0.75, 0.25, 0.0, 0.0, 0.75, 0.75, 0.0, 0.25, 1.0, 0.25, 1.0, 0.75, 1.0, 0.75, 0.0, 1.0, 0.25, 1.0, 0.75, 1.0, 0.5, 0.75, 0.5, 0.75, 0.0, 0.0, 0.0, 0.5, 0.75, 0.5, 0.5, 0.75, 1.0, 0.75, 0.75, 0.75, 1.0, 1.0, 0.0, 1.0, 0.75, 0.5, 1.0, 0.75, 0.5, 1.0, 0.75, 1.0, 0.25, 1.0, 0.0, 0.25, 0.5, 0.5, 0.75, 0.5, 0.75, 1.0, 0.5, 0.75, 0.25, 1.0, 0.0, 0.75, 1.0, 0.75, 0.25, 0.5, 0.5, 0.25, 1.0, 0.5, 0.75, 0.25, 0.0, -0.20000000298023224, 0.0, 0.8987624049186707]
  当前输入噪声缩放因子（curr_input_noise_scaling_factor）: 30
  当前wq噪声缩放因子（curr_wq_noise_scaling_factor）: 14
  当前wk噪声缩放因子（curr_wk_noise_scaling_factor）: 16
  当前wv噪声缩放因子（curr_wv_noise_scaling_factor）: 16
  当前wo噪声缩放因子（curr_wo_noise_scaling_factor）: 22
  当前wffn1噪声缩放因子（curr_wffn1_noise_scaling_factor）: 16
  当前wffn2噪声缩放因子（curr_wffn2_noise_scaling_factor）: 20
  输入x概率分布（x_prob_dist）: [0.2268107682466507, 0.40273070335388184, 0.19172722101211548, 0.10889752209186554, 0.06983379274606705]
  wq概率分布（wq_prob_dist）: [0.2622375786304474, 0.3265802264213562, 0.2209414839744568, 0.1101241484284401, 0.08011654764413834]
  wk概率分布（wk_prob_dist）: [0.37831369042396545, 0.2807925045490265, 0.15004539489746094, 0.1134260892868042, 0.07742231339216232]
  wv概率分布（wv_prob_dist）: [0.09638427942991257, 0.406850665807724, 0.28531667590141296, 0.11251043528318405, 0.0989380031824112]
  wo概率分布（wo_prob_dist）: [0.21450422704219818, 0.36665835976600647, 0.1869766116142273, 0.1257605105638504, 0.10610028356313705]
  wffn1概率分布（wffn1_prob_dist）: [0.40432989597320557, 0.2481309026479721, 0.161772221326828, 0.11779329925775528, 0.06797362864017487]
  wffn2概率分布（wffn2_prob_dist）: [0.23746547102928162, 0.3939344584941864, 0.17769095301628113, 0.1187889352440834, 0.07212021946907043]
  评论家值（critic_value）: 1.1690865755081177
  累计成本（accumulated_cost）: 38.35
  输入噪声配置（input_noise_config）: [24, 26, 22, 24, 22, 24, 28, 24, 24, 24, 28, 30]
  wq噪声配置（wq_noise_config）: [22, 16, 16, 22, 20, 14, 20, 14, 16, 14, 16, 14]
  wk噪声配置（wk_noise_config）: [14, 20, 14, 16, 14, 18, 16, 18, 16, 22, 22, 16]
  wv噪声配置（wv_noise_config）: [18, 16, 18, 18, 16, 14, 16, 16, 16, 14, 14, 16]
  wo噪声配置（wo_noise_config）: [14, 16, 18, 14, 16, 18, 14, 16, 14, 20, 14, 22]
  wffn1噪声配置（wffn1_noise_config）: [22, 20, 20, 18, 20, 18, 16, 20, 18, 22, 16, 16]
  wffn2噪声配置（wffn2_noise_config）: [16, 14, 16, 20, 18, 18, 20, 14, 18, 16, 20, 20]
  当前学习率（current_lr）: 0.000020
  当前熵系数（current_entropy_coef）: 0.023344
  蒙特卡洛采样数（mc_samples）: 5
  蒙特卡洛损失均值（mc_loss_mean）: 0.2892559369405111
  蒙特卡洛损失标准差（mc_loss_std）: 0.002433178720899358
  蒙特卡洛指标1均值（mc_metric1_mean）: 0.9052631578947368
  蒙特卡洛指标1标准差（mc_metric1_std）: 0.0022191422176620276
  蒙特卡洛指标2均值（mc_metric2_mean）: 0.903767522521474
  蒙特卡洛指标2标准差（mc_metric2_std）: 0.002258347572903562
  步奖励（step_reward）: 1.1528072384200947
  稠密奖励步（dense_reward_step）: 0.004573170731707315
  原始最终奖励（raw_final_reward）: 1.1482340676883873
  最终选择分数（final_selection_score）: 1.1482340676883873
  累计稠密奖励（accumulated_dense_reward）: 0.06615853658536582
  稳定性代理（stability_proxy）: 0.2879445213110395
  稳定性惩罚（stability_penalty）: -0.0

--- 回合（Episode） 8162 (回合回报（EpisodeReturn）=1.2590, 原始最终奖励（RawFinalReward）=1.1949, 稠密奖励合计（DenseRewardTotal）=0.0640) ---
  全局步数（step_global）: 97932
  回合编号（episode_id）: 8161
  层索引（layer_index）: 0
  状态向量（state_vector）: [1.0, 0.0, 0.0, 0.0, 0.0, 0.0, 0.0, 0.0, 0.0, 0.0, 0.0, 0.0, 0.0, 0.0, 0.0, 0.0, 0.0, 0.0, 0.0, 0.0, 0.0, 0.0, 0.0, 0.0, 0.0, 0.0, 0.0, 0.0, 0.0, 0.0, 0.0, 0.0, 0.0, 0.0, 0.0, 0.0, 0.0, 0.0, 0.0, 0.0, 0.0, 0.0, 0.0, 0.0, 0.0, 0.0, 0.0, 0.0, 0.0, 0.0, 0.0, 0.0, 0.0, 0.0, 0.0, 0.0, 0.0, 0.0, 0.0, 0.0, 0.0, 0.0, 0.0, 0.0, 0.0, 0.0, 0.0, 0.0, 0.0, 0.0, 0.0, 0.0, 0.0, 0.0, 0.0, 0.0, 0.0, 0.0, 0.0, 0.0, 0.0, 0.0, 0.0, 0.0, 0.0, 0.0, 0.0, 0.0, 0.0, 0.0, 0.0, 0.0, 0.0, 0.0, 0.0, 0.0, 0.0, 0.0, 0.0, 0.0, 0.0, 0.0, 0.0, 0.0, 0.0, 0.0, -0.20000000298023224, 0.0, 0.9238430261611938]
  当前输入噪声缩放因子（curr_input_noise_scaling_factor）: 28
  当前wq噪声缩放因子（curr_wq_noise_scaling_factor）: 18
  当前wk噪声缩放因子（curr_wk_noise_scaling_factor）: 18
  当前wv噪声缩放因子（curr_wv_noise_scaling_factor）: 18
  当前wo噪声缩放因子（curr_wo_noise_scaling_factor）: 14
  当前wffn1噪声缩放因子（curr_wffn1_noise_scaling_factor）: 16
  当前wffn2噪声缩放因子（curr_wffn2_noise_scaling_factor）: 14
  输入x概率分布（x_prob_dist）: [0.22723615169525146, 0.40012621879577637, 0.1921176016330719, 0.10973762720823288, 0.070782370865345]
  wq概率分布（wq_prob_dist）: [0.2615611255168915, 0.3255576193332672, 0.22085916996002197, 0.11102781444787979, 0.08099429309368134]
  wk概率分布（wk_prob_dist）: [0.3770332932472229, 0.27978813648223877, 0.15078569948673248, 0.11414778232574463, 0.07824503630399704]
  wv概率分布（wv_prob_dist）: [0.09751814603805542, 0.40400394797325134, 0.28506866097450256, 0.11347796022891998, 0.0999312624335289]
  wo概率分布（wo_prob_dist）: [0.21457649767398834, 0.3650185465812683, 0.18706631660461426, 0.12643085420131683, 0.10690783709287643]
  wffn1概率分布（wffn1_prob_dist）: [0.4021640121936798, 0.24773144721984863, 0.16241776943206787, 0.1187799870967865, 0.06890679150819778]
  wffn2概率分布（wffn2_prob_dist）: [0.23758159577846527, 0.39135974645614624, 0.17825402319431305, 0.11971630156040192, 0.07308830320835114]
  评论家值（critic_value）: 1.1048239469528198
  累计成本（accumulated_cost）: 3.1500000000000004
  输入噪声配置（input_noise_config）: [28]
  wq噪声配置（wq_noise_config）: [18]
  wk噪声配置（wk_noise_config）: [18]
  wv噪声配置（wv_noise_config）: [18]
  wo噪声配置（wo_noise_config）: [14]
  wffn1噪声配置（wffn1_noise_config）: [16]
  wffn2噪声配置（wffn2_noise_config）: [14]
  当前学习率（current_lr）: 0.000020
  当前熵系数（current_entropy_coef）: 0.023341
  步奖励（step_reward）: 0.005792682926829265
  稠密奖励步（dense_reward_step）: 0.005792682926829265
  累计稠密奖励（accumulated_dense_reward）: 0.005792682926829265
  稳定性惩罚（stability_penalty）: 0.0

  全局步数（step_global）: 97933
  回合编号（episode_id）: 8161
  层索引（layer_index）: 1
  状态向量（state_vector）: [0.0, 1.0, 0.0, 0.0, 0.0, 0.0, 0.0, 0.0, 0.0, 0.0, 0.0, 0.0, -0.07352941483259201, 0.25, 0.5, 0.5, 0.5, 1.0, 1.0, 1.0, 0.23170731961727142, 0.0833333358168602, 0.25, 0.0, 0.0, 0.0, 0.0, 0.0, 0.0, 0.0, 0.0, 0.0, 0.0, 0.0, 0.5, 0.0, 0.0, 0.0, 0.0, 0.0, 0.0, 0.0, 0.0, 0.0, 0.0, 0.0, 0.5, 0.0, 0.0, 0.0, 0.0, 0.0, 0.0, 0.0, 0.0, 0.0, 0.0, 0.0, 0.5, 0.0, 0.0, 0.0, 0.0, 0.0, 0.0, 0.0, 0.0, 0.0, 0.0, 0.0, 1.0, 0.0, 0.0, 0.0, 0.0, 0.0, 0.0, 0.0, 0.0, 0.0, 0.0, 0.0, 1.0, 0.0, 0.0, 0.0, 0.0, 0.0, 0.0, 0.0, 0.0, 0.0, 0.0, 0.0, 1.0, 0.0, 0.0, 0.0, 0.0, 0.0, 0.0, 0.0, 0.0, 0.0, 0.0, 0.0, -0.20000000298023224, 0.0, 0.9238430261611938]
  当前输入噪声缩放因子（curr_input_noise_scaling_factor）: 26
  当前wq噪声缩放因子（curr_wq_noise_scaling_factor）: 16
  当前wk噪声缩放因子（curr_wk_noise_scaling_factor）: 18
  当前wv噪声缩放因子（curr_wv_noise_scaling_factor）: 16
  当前wo噪声缩放因子（curr_wo_noise_scaling_factor）: 14
  当前wffn1噪声缩放因子（curr_wffn1_noise_scaling_factor）: 16
  当前wffn2噪声缩放因子（curr_wffn2_noise_scaling_factor）: 22
  输入x概率分布（x_prob_dist）: [0.22681070864200592, 0.4027087986469269, 0.19172988831996918, 0.10890693962574005, 0.0698436051607132]
  wq概率分布（wq_prob_dist）: [0.2622336745262146, 0.3265710771083832, 0.22094663977622986, 0.11011876165866852, 0.08012989908456802]
  wk概率分布（wk_prob_dist）: [0.378296822309494, 0.2807968556880951, 0.15005293488502502, 0.11342599242925644, 0.07742737233638763]
  wv概率分布（wv_prob_dist）: [0.0963936373591423, 0.4068441092967987, 0.2853027880191803, 0.11251196265220642, 0.09894754737615585]
  wo概率分布（wo_prob_dist）: [0.2144942432641983, 0.36667585372924805, 0.1869639754295349, 0.1257704496383667, 0.10609541833400726]
  wffn1概率分布（wffn1_prob_dist）: [0.40430155396461487, 0.24813522398471832, 0.16178344190120697, 0.11780046671628952, 0.06797931343317032]
  wffn2概率分布（wffn2_prob_dist）: [0.23745787143707275, 0.39392176270484924, 0.17768675088882446, 0.11880040913820267, 0.07213328033685684]
  评论家值（critic_value）: 1.1113696098327637
  累计成本（accumulated_cost）: 6.3500000000000005
  输入噪声配置（input_noise_config）: [28, 26]
  wq噪声配置（wq_noise_config）: [18, 16]
  wk噪声配置（wk_noise_config）: [18, 18]
  wv噪声配置（wv_noise_config）: [18, 16]
  wo噪声配置（wo_noise_config）: [14, 14]
  wffn1噪声配置（wffn1_noise_config）: [16, 16]
  wffn2噪声配置（wffn2_noise_config）: [14, 22]
  当前学习率（current_lr）: 0.000020
  当前熵系数（current_entropy_coef）: 0.023341
  步奖励（step_reward）: 0.005487804878048778
  稠密奖励步（dense_reward_step）: 0.005487804878048778
  累计稠密奖励（accumulated_dense_reward）: 0.011280487804878043
  稳定性惩罚（stability_penalty）: 0.0

  全局步数（step_global）: 97934
  回合编号（episode_id）: 8161
  层索引（layer_index）: 2
  状态向量（state_vector）: [0.0, 0.0, 1.0, 0.0, 0.0, 0.0, 0.0, 0.0, 0.0, 0.0, 0.0, 0.0, -0.06617647409439087, 0.5, 0.75, 0.5, 0.75, 1.0, 1.0, 0.0, 0.22560974955558777, 0.1666666716337204, 0.25, 0.5, 0.0, 0.0, 0.0, 0.0, 0.0, 0.0, 0.0, 0.0, 0.0, 0.0, 0.5, 0.75, 0.0, 0.0, 0.0, 0.0, 0.0, 0.0, 0.0, 0.0, 0.0, 0.0, 0.5, 0.5, 0.0, 0.0, 0.0, 0.0, 0.0, 0.0, 0.0, 0.0, 0.0, 0.0, 0.5, 0.75, 0.0, 0.0, 0.0, 0.0, 0.0, 0.0, 0.0, 0.0, 0.0, 0.0, 1.0, 1.0, 0.0, 0.0, 0.0, 0.0, 0.0, 0.0, 0.0, 0.0, 0.0, 0.0, 1.0, 1.0, 0.0, 0.0, 0.0, 0.0, 0.0, 0.0, 0.0, 0.0, 0.0, 0.0, 1.0, 0.0, 0.0, 0.0, 0.0, 0.0, 0.0, 0.0, 0.0, 0.0, 0.0, 0.0, -0.20000000298023224, 0.0, 0.9238430261611938]
  当前输入噪声缩放因子（curr_input_noise_scaling_factor）: 28
  当前wq噪声缩放因子（curr_wq_noise_scaling_factor）: 18
  当前wk噪声缩放因子（curr_wk_noise_scaling_factor）: 18
  当前wv噪声缩放因子（curr_wv_noise_scaling_factor）: 16
  当前wo噪声缩放因子（curr_wo_noise_scaling_factor）: 14
  当前wffn1噪声缩放因子（curr_wffn1_noise_scaling_factor）: 16
  当前wffn2噪声缩放因子（curr_wffn2_noise_scaling_factor）: 14
  输入x概率分布（x_prob_dist）: [0.22680522501468658, 0.4026219844818115, 0.1917484700679779, 0.10894893109798431, 0.06987539678812027]
  wq概率分布（wq_prob_dist）: [0.26220253109931946, 0.3265087902545929, 0.2209688276052475, 0.11016231775283813, 0.08015753328800201]
  wk概率分布（wk_prob_dist）: [0.3781907558441162, 0.28078946471214294, 0.15007004141807556, 0.11347378045320511, 0.07747597247362137]
  wv概率分布（wv_prob_dist）: [0.0964156836271286, 0.40677955746650696, 0.28528130054473877, 0.11255247890949249, 0.0989709347486496]
  wo概率分布（wo_prob_dist）: [0.21451827883720398, 0.3665257692337036, 0.18702702224254608, 0.1257873922586441, 0.10614156723022461]
  wffn1概率分布（wffn1_prob_dist）: [0.4042111933231354, 0.24816519021987915, 0.16179963946342468, 0.11781983077526093, 0.06800417602062225]
  wffn2概率分布（wffn2_prob_dist）: [0.23745931684970856, 0.393883615732193, 0.17769192159175873, 0.11881058663129807, 0.07215455174446106]
  评论家值（critic_value）: 1.1117303371429443
  累计成本（accumulated_cost）: 9.450000000000001
  输入噪声配置（input_noise_config）: [28, 26, 28]
  wq噪声配置（wq_noise_config）: [18, 16, 18]
  wk噪声配置（wk_noise_config）: [18, 18, 18]
  wv噪声配置（wv_noise_config）: [18, 16, 16]
  wo噪声配置（wo_noise_config）: [14, 14, 14]
  wffn1噪声配置（wffn1_noise_config）: [16, 16, 16]
  wffn2噪声配置（wffn2_noise_config）: [14, 22, 14]
  当前学习率（current_lr）: 0.000020
  当前熵系数（current_entropy_coef）: 0.023341
  步奖励（step_reward）: 0.006097560975609755
  稠密奖励步（dense_reward_step）: 0.006097560975609755
  累计稠密奖励（accumulated_dense_reward）: 0.0173780487804878
  稳定性惩罚（stability_penalty）: 0.0

  全局步数（step_global）: 97935
  回合编号（episode_id）: 8161
  层索引（layer_index）: 3
  状态向量（state_vector）: [0.0, 0.0, 0.0, 1.0, 0.0, 0.0, 0.0, 0.0, 0.0, 0.0, 0.0, 0.0, -0.07352941483259201, 0.25, 0.5, 0.5, 0.75, 1.0, 1.0, 1.0, 0.23170731961727142, 0.25, 0.25, 0.5, 0.25, 0.0, 0.0, 0.0, 0.0, 0.0, 0.0, 0.0, 0.0, 0.0, 0.5, 0.75, 0.5, 0.0, 0.0, 0.0, 0.0, 0.0, 0.0, 0.0, 0.0, 0.0, 0.5, 0.5, 0.5, 0.0, 0.0, 0.0, 0.0, 0.0, 0.0, 0.0, 0.0, 0.0, 0.5, 0.75, 0.75, 0.0, 0.0, 0.0, 0.0, 0.0, 0.0, 0.0, 0.0, 0.0, 1.0, 1.0, 1.0, 0.0, 0.0, 0.0, 0.0, 0.0, 0.0, 0.0, 0.0, 0.0, 1.0, 1.0, 1.0, 0.0, 0.0, 0.0, 0.0, 0.0, 0.0, 0.0, 0.0, 0.0, 1.0, 0.0, 1.0, 0.0, 0.0, 0.0, 0.0, 0.0, 0.0, 0.0, 0.0, 0.0, -0.20000000298023224, 0.0, 0.9238430261611938]
  当前输入噪声缩放因子（curr_input_noise_scaling_factor）: 24
  当前wq噪声缩放因子（curr_wq_noise_scaling_factor）: 18
  当前wk噪声缩放因子（curr_wk_noise_scaling_factor）: 16
  当前wv噪声缩放因子（curr_wv_noise_scaling_factor）: 14
  当前wo噪声缩放因子（curr_wo_noise_scaling_factor）: 20
  当前wffn1噪声缩放因子（curr_wffn1_noise_scaling_factor）: 24
  当前wffn2噪声缩放因子（curr_wffn2_noise_scaling_factor）: 16
  输入x概率分布（x_prob_dist）: [0.22680972516536713, 0.40266290307044983, 0.19174423813819885, 0.10892633348703384, 0.06985676288604736]
  wq概率分布（wq_prob_dist）: [0.2622261941432953, 0.32655200362205505, 0.22094464302062988, 0.11013705283403397, 0.0801401287317276]
  wk概率分布（wk_prob_dist）: [0.37826845049858093, 0.28078848123550415, 0.1500599980354309, 0.11344149708747864, 0.07744158804416656]
  wv概率分布（wv_prob_dist）: [0.09640487283468246, 0.4068102240562439, 0.28530484437942505, 0.11252471059560776, 0.09895535558462143]
  wo概率分布（wo_prob_dist）: [0.21449913084506989, 0.3666466772556305, 0.18697164952754974, 0.12577757239341736, 0.10610496997833252]
  wffn1概率分布（wffn1_prob_dist）: [0.40427058935165405, 0.24813881516456604, 0.1617930680513382, 0.1178077682852745, 0.06798973679542542]
  wffn2概率分布（wffn2_prob_dist）: [0.2374638020992279, 0.39389920234680176, 0.177689790725708, 0.11880546063184738, 0.07214180380105972]
  评论家值（critic_value）: 1.117287278175354
  累计成本（accumulated_cost）: 12.750000000000002
  输入噪声配置（input_noise_config）: [28, 26, 28, 24]
  wq噪声配置（wq_noise_config）: [18, 16, 18, 18]
  wk噪声配置（wk_noise_config）: [18, 18, 18, 16]
  wv噪声配置（wv_noise_config）: [18, 16, 16, 14]
  wo噪声配置（wo_noise_config）: [14, 14, 14, 20]
  wffn1噪声配置（wffn1_noise_config）: [16, 16, 16, 24]
  wffn2噪声配置（wffn2_noise_config）: [14, 22, 14, 16]
  当前学习率（current_lr）: 0.000020
  当前熵系数（current_entropy_coef）: 0.023341
  步奖励（step_reward）: 0.004878048780487802
  稠密奖励步（dense_reward_step）: 0.004878048780487802
  累计稠密奖励（accumulated_dense_reward）: 0.022256097560975602
  稳定性惩罚（stability_penalty）: 0.0

  全局步数（step_global）: 97936
  回合编号（episode_id）: 8161
  层索引（layer_index）: 4
  状态向量（state_vector）: [0.0, 0.0, 0.0, 0.0, 1.0, 0.0, 0.0, 0.0, 0.0, 0.0, 0.0, 0.0, -0.0625, 0.75, 0.5, 0.75, 1.0, 0.25, 0.0, 0.75, 0.22256097197532654, 0.3333333432674408, 0.25, 0.5, 0.25, 0.75, 0.0, 0.0, 0.0, 0.0, 0.0, 0.0, 0.0, 0.0, 0.5, 0.75, 0.5, 0.5, 0.0, 0.0, 0.0, 0.0, 0.0, 0.0, 0.0, 0.0, 0.5, 0.5, 0.5, 0.75, 0.0, 0.0, 0.0, 0.0, 0.0, 0.0, 0.0, 0.0, 0.5, 0.75, 0.75, 1.0, 0.0, 0.0, 0.0, 0.0, 0.0, 0.0, 0.0, 0.0, 1.0, 1.0, 1.0, 0.25, 0.0, 0.0, 0.0, 0.0, 0.0, 0.0, 0.0, 0.0, 1.0, 1.0, 1.0, 0.0, 0.0, 0.0, 0.0, 0.0, 0.0, 0.0, 0.0, 0.0, 1.0, 0.0, 1.0, 0.75, 0.0, 0.0, 0.0, 0.0, 0.0, 0.0, 0.0, 0.0, -0.20000000298023224, 0.0, 0.9238430261611938]
  当前输入噪声缩放因子（curr_input_noise_scaling_factor）: 24
  当前wq噪声缩放因子（curr_wq_noise_scaling_factor）: 22
  当前wk噪声缩放因子（curr_wk_noise_scaling_factor）: 14
  当前wv噪声缩放因子（curr_wv_noise_scaling_factor）: 14
  当前wo噪声缩放因子（curr_wo_noise_scaling_factor）: 16
  当前wffn1噪声缩放因子（curr_wffn1_noise_scaling_factor）: 16
  当前wffn2噪声缩放因子（curr_wffn2_noise_scaling_factor）: 20
  输入x概率分布（x_prob_dist）: [0.22680114209651947, 0.40274950861930847, 0.19172388315200806, 0.10889213532209396, 0.06983330100774765]
  wq概率分布（wq_prob_dist）: [0.2622228264808655, 0.3266035318374634, 0.22094392776489258, 0.11011789739131927, 0.08011182397603989]
  wk概率分布（wk_prob_dist）: [0.3783539831638336, 0.2807915210723877, 0.15003696084022522, 0.11341023445129395, 0.07740730047225952]
  wv概率分布（wv_prob_dist）: [0.09637944400310516, 0.4068602919578552, 0.2853277027606964, 0.11250051110982895, 0.09893201291561127]
  wo概率分布（wo_prob_dist）: [0.21450451016426086, 0.366695761680603, 0.18695929646492004, 0.12575572729110718, 0.1060846820473671]
  wffn1概率分布（wffn1_prob_dist）: [0.4043339788913727, 0.2481440156698227, 0.16176803410053253, 0.11778634786605835, 0.06796756386756897]
  wffn2概率分布（wffn2_prob_dist）: [0.23746846616268158, 0.39394980669021606, 0.17766888439655304, 0.11879260838031769, 0.07212026417255402]
  评论家值（critic_value）: 1.1233545541763306
  累计成本（accumulated_cost）: 15.900000000000002
  输入噪声配置（input_noise_config）: [28, 26, 28, 24, 24]
  wq噪声配置（wq_noise_config）: [18, 16, 18, 18, 22]
  wk噪声配置（wk_noise_config）: [18, 18, 18, 16, 14]
  wv噪声配置（wv_noise_config）: [18, 16, 16, 14, 14]
  wo噪声配置（wo_noise_config）: [14, 14, 14, 20, 16]
  wffn1噪声配置（wffn1_noise_config）: [16, 16, 16, 24, 16]
  wffn2噪声配置（wffn2_noise_config）: [14, 22, 14, 16, 20]
  当前学习率（current_lr）: 0.000020
  当前熵系数（current_entropy_coef）: 0.023341
  步奖励（step_reward）: 0.005792682926829265
  稠密奖励步（dense_reward_step）: 0.005792682926829265
  累计稠密奖励（accumulated_dense_reward）: 0.02804878048780487
  稳定性惩罚（stability_penalty）: 0.0

  全局步数（step_global）: 97937
  回合编号（episode_id）: 8161
  层索引（layer_index）: 5
  状态向量（state_vector）: [0.0, 0.0, 0.0, 0.0, 0.0, 1.0, 0.0, 0.0, 0.0, 0.0, 0.0, 0.0, -0.06470588594675064, 0.75, 0.0, 1.0, 1.0, 0.75, 1.0, 0.25, 0.22439023852348328, 0.4166666567325592, 0.25, 0.5, 0.25, 0.75, 0.75, 0.0, 0.0, 0.0, 0.0, 0.0, 0.0, 0.0, 0.5, 0.75, 0.5, 0.5, 0.0, 0.0, 0.0, 0.0, 0.0, 0.0, 0.0, 0.0, 0.5, 0.5, 0.5, 0.75, 1.0, 0.0, 0.0, 0.0, 0.0, 0.0, 0.0, 0.0, 0.5, 0.75, 0.75, 1.0, 1.0, 0.0, 0.0, 0.0, 0.0, 0.0, 0.0, 0.0, 1.0, 1.0, 1.0, 0.25, 0.75, 0.0, 0.0, 0.0, 0.0, 0.0, 0.0, 0.0, 1.0, 1.0, 1.0, 0.0, 1.0, 0.0, 0.0, 0.0, 0.0, 0.0, 0.0, 0.0, 1.0, 0.0, 1.0, 0.75, 0.25, 0.0, 0.0, 0.0, 0.0, 0.0, 0.0, 0.0, -0.20000000298023224, 0.0, 0.9238430261611938]
  当前输入噪声缩放因子（curr_input_noise_scaling_factor）: 24
  当前wq噪声缩放因子（curr_wq_noise_scaling_factor）: 16
  当前wk噪声缩放因子（curr_wk_noise_scaling_factor）: 20
  当前wv噪声缩放因子（curr_wv_noise_scaling_factor）: 20
  当前wo噪声缩放因子（curr_wo_noise_scaling_factor）: 22
  当前wffn1噪声缩放因子（curr_wffn1_noise_scaling_factor）: 18
  当前wffn2噪声缩放因子（curr_wffn2_noise_scaling_factor）: 18
  输入x概率分布（x_prob_dist）: [0.2268066704273224, 0.4026501178741455, 0.19173584878444672, 0.10893526673316956, 0.06987207382917404]
  wq概率分布（wq_prob_dist）: [0.2621975839138031, 0.3265381455421448, 0.2209630161523819, 0.11014977842569351, 0.0801515206694603]
  wk概率分布（wk_prob_dist）: [0.378253698348999, 0.2807755172252655, 0.15006856620311737, 0.11344916373491287, 0.07745316624641418]
  wv概率分布（wv_prob_dist）: [0.09641619026660919, 0.4067767858505249, 0.2852950394153595, 0.11254128813743591, 0.09897063672542572]
  wo概率分布（wo_prob_dist）: [0.21450123190879822, 0.3666078448295593, 0.18698178231716156, 0.12578646838665009, 0.10612265765666962]
  wffn1概率分布（wffn1_prob_dist）: [0.4042245149612427, 0.24815045297145844, 0.16180062294006348, 0.11782205104827881, 0.06800234317779541]
  wffn2概率分布（wffn2_prob_dist）: [0.23746833205223083, 0.39386317133903503, 0.1776868999004364, 0.11882483214139938, 0.07215684652328491]
  评论家值（critic_value）: 1.1249675750732422
  累计成本（accumulated_cost）: 19.35
  输入噪声配置（input_noise_config）: [28, 26, 28, 24, 24, 24]
  wq噪声配置（wq_noise_config）: [18, 16, 18, 18, 22, 16]
  wk噪声配置（wk_noise_config）: [18, 18, 18, 16, 14, 20]
  wv噪声配置（wv_noise_config）: [18, 16, 16, 14, 14, 20]
  wo噪声配置（wo_noise_config）: [14, 14, 14, 20, 16, 22]
  wffn1噪声配置（wffn1_noise_config）: [16, 16, 16, 24, 16, 18]
  wffn2噪声配置（wffn2_noise_config）: [14, 22, 14, 16, 20, 18]
  当前学习率（current_lr）: 0.000020
  当前熵系数（current_entropy_coef）: 0.023341
  步奖励（step_reward）: 0.003963414634146339
  稠密奖励步（dense_reward_step）: 0.003963414634146339
  累计稠密奖励（accumulated_dense_reward）: 0.032012195121951206
  稳定性惩罚（stability_penalty）: 0.0

  全局步数（step_global）: 97938
  回合编号（episode_id）: 8161
  层索引（layer_index）: 6
  状态向量（state_vector）: [0.0, 0.0, 0.0, 0.0, 0.0, 0.0, 1.0, 0.0, 0.0, 0.0, 0.0, 0.0, -0.05147058889269829, 0.75, 0.75, 0.25, 0.25, 0.0, 0.75, 0.5, 0.21341463923454285, 0.5, 0.25, 0.5, 0.25, 0.75, 0.75, 0.75, 0.0, 0.0, 0.0, 0.0, 0.0, 0.0, 0.5, 0.75, 0.5, 0.5, 0.0, 0.75, 0.0, 0.0, 0.0, 0.0, 0.0, 0.0, 0.5, 0.5, 0.5, 0.75, 1.0, 0.25, 0.0, 0.0, 0.0, 0.0, 0.0, 0.0, 0.5, 0.75, 0.75, 1.0, 1.0, 0.25, 0.0, 0.0, 0.0, 0.0, 0.0, 0.0, 1.0, 1.0, 1.0, 0.25, 0.75, 0.0, 0.0, 0.0, 0.0, 0.0, 0.0, 0.0, 1.0, 1.0, 1.0, 0.0, 1.0, 0.75, 0.0, 0.0, 0.0, 0.0, 0.0, 0.0, 1.0, 0.0, 1.0, 0.75, 0.25, 0.5, 0.0, 0.0, 0.0, 0.0, 0.0, 0.0, -0.20000000298023224, 0.0, 0.9238430261611938]
  当前输入噪声缩放因子（curr_input_noise_scaling_factor）: 22
  当前wq噪声缩放因子（curr_wq_noise_scaling_factor）: 18
  当前wk噪声缩放因子（curr_wk_noise_scaling_factor）: 14
  当前wv噪声缩放因子（curr_wv_noise_scaling_factor）: 18
  当前wo噪声缩放因子（curr_wo_noise_scaling_factor）: 16
  当前wffn1噪声缩放因子（curr_wffn1_noise_scaling_factor）: 20
  当前wffn2噪声缩放因子（curr_wffn2_noise_scaling_factor）: 14
  输入x概率分布（x_prob_dist）: [0.22682197391986847, 0.40261492133140564, 0.19174343347549438, 0.10894515365362167, 0.06987457722425461]
  wq概率分布（wq_prob_dist）: [0.2622021436691284, 0.32652416825294495, 0.22095714509487152, 0.11015847325325012, 0.08015806972980499]
  wk概率分布（wk_prob_dist）: [0.3782285749912262, 0.28077948093414307, 0.15007251501083374, 0.11345663666725159, 0.07746284455060959]
  wv概率分布（wv_prob_dist）: [0.09641874581575394, 0.4067578613758087, 0.28530699014663696, 0.11254377663135529, 0.09897257387638092]
  wo概率分布（wo_prob_dist）: [0.21451623737812042, 0.3665699362754822, 0.18699054419994354, 0.12579363584518433, 0.10612962394952774]
  wffn1概率分布（wffn1_prob_dist）: [0.40422868728637695, 0.24815064668655396, 0.16179390251636505, 0.11781810969114304, 0.06800862401723862]
  wffn2概率分布（wffn2_prob_dist）: [0.2374672144651413, 0.3938635587692261, 0.17769458889961243, 0.11881652474403381, 0.072158083319664]
  评论家值（critic_value）: 1.134772539138794
  累计成本（accumulated_cost）: 22.400000000000002
  输入噪声配置（input_noise_config）: [28, 26, 28, 24, 24, 24, 22]
  wq噪声配置（wq_noise_config）: [18, 16, 18, 18, 22, 16, 18]
  wk噪声配置（wk_noise_config）: [18, 18, 18, 16, 14, 20, 14]
  wv噪声配置（wv_noise_config）: [18, 16, 16, 14, 14, 20, 18]
  wo噪声配置（wo_noise_config）: [14, 14, 14, 20, 16, 22, 16]
  wffn1噪声配置（wffn1_noise_config）: [16, 16, 16, 24, 16, 18, 20]
  wffn2噪声配置（wffn2_noise_config）: [14, 22, 14, 16, 20, 18, 14]
  当前学习率（current_lr）: 0.000020
  当前熵系数（current_entropy_coef）: 0.023341
  步奖励（step_reward）: 0.006402439024390242
  稠密奖励步（dense_reward_step）: 0.006402439024390242
  累计稠密奖励（accumulated_dense_reward）: 0.03841463414634145
  稳定性惩罚（stability_penalty）: 0.0

  全局步数（step_global）: 97939
  回合编号（episode_id）: 8161
  层索引（layer_index）: 7
  状态向量（state_vector）: [0.0, 0.0, 0.0, 0.0, 0.0, 0.0, 0.0, 1.0, 0.0, 0.0, 0.0, 0.0, -0.05882352963089943, 1.0, 0.5, 1.0, 0.5, 0.75, 0.5, 1.0, 0.2195121943950653, 0.5833333134651184, 0.25, 0.5, 0.25, 0.75, 0.75, 0.75, 1.0, 0.0, 0.0, 0.0, 0.0, 0.0, 0.5, 0.75, 0.5, 0.5, 0.0, 0.75, 0.5, 0.0, 0.0, 0.0, 0.0, 0.0, 0.5, 0.5, 0.5, 0.75, 1.0, 0.25, 1.0, 0.0, 0.0, 0.0, 0.0, 0.0, 0.5, 0.75, 0.75, 1.0, 1.0, 0.25, 0.5, 0.0, 0.0, 0.0, 0.0, 0.0, 1.0, 1.0, 1.0, 0.25, 0.75, 0.0, 0.75, 0.0, 0.0, 0.0, 0.0, 0.0, 1.0, 1.0, 1.0, 0.0, 1.0, 0.75, 0.5, 0.0, 0.0, 0.0, 0.0, 0.0, 1.0, 0.0, 1.0, 0.75, 0.25, 0.5, 1.0, 0.0, 0.0, 0.0, 0.0, 0.0, -0.20000000298023224, 0.0, 0.9238430261611938]
  当前输入噪声缩放因子（curr_input_noise_scaling_factor）: 22
  当前wq噪声缩放因子（curr_wq_noise_scaling_factor）: 14
  当前wk噪声缩放因子（curr_wk_noise_scaling_factor）: 20
  当前wv噪声缩放因子（curr_wv_noise_scaling_factor）: 18
  当前wo噪声缩放因子（curr_wo_noise_scaling_factor）: 20
  当前wffn1噪声缩放因子（curr_wffn1_noise_scaling_factor）: 22
  当前wffn2噪声缩放因子（curr_wffn2_noise_scaling_factor）: 16
  输入x概率分布（x_prob_dist）: [0.22680680453777313, 0.40272238850593567, 0.19172631204128265, 0.10890562832355499, 0.06983882188796997]
  wq概率分布（wq_prob_dist）: [0.2622288763523102, 0.3265829384326935, 0.2209428995847702, 0.11012376844882965, 0.08012145757675171]
  wk概率分布（wk_prob_dist）: [0.3783327341079712, 0.2807895243167877, 0.1500459611415863, 0.11341413110494614, 0.07741767913103104]
  wv概率分布（wv_prob_dist）: [0.09638509899377823, 0.4068448841571808, 0.28532999753952026, 0.11250418424606323, 0.09893575310707092]
  wo概率分布（wo_prob_dist）: [0.21449780464172363, 0.36670100688934326, 0.18695160746574402, 0.12576383352279663, 0.10608580708503723]
  wffn1概率分布（wffn1_prob_dist）: [0.40432068705558777, 0.24814999103546143, 0.1617700606584549, 0.11778536438941956, 0.06797385215759277]
  wffn2概率分布（wffn2_prob_dist）: [0.23747225105762482, 0.3939250111579895, 0.1776800900697708, 0.11879575252532959, 0.07212686538696289]
  评论家值（critic_value）: 1.1355328559875488
  累计成本（accumulated_cost）: 25.700000000000003
  输入噪声配置（input_noise_config）: [28, 26, 28, 24, 24, 24, 22, 22]
  wq噪声配置（wq_noise_config）: [18, 16, 18, 18, 22, 16, 18, 14]
  wk噪声配置（wk_noise_config）: [18, 18, 18, 16, 14, 20, 14, 20]
  wv噪声配置（wv_noise_config）: [18, 16, 16, 14, 14, 20, 18, 18]
  wo噪声配置（wo_noise_config）: [14, 14, 14, 20, 16, 22, 16, 20]
  wffn1噪声配置（wffn1_noise_config）: [16, 16, 16, 24, 16, 18, 20, 22]
  wffn2噪声配置（wffn2_noise_config）: [14, 22, 14, 16, 20, 18, 14, 16]
  当前学习率（current_lr）: 0.000020
  当前熵系数（current_entropy_coef）: 0.023341
  步奖励（step_reward）: 0.004878048780487802
  稠密奖励步（dense_reward_step）: 0.004878048780487802
  累计稠密奖励（accumulated_dense_reward）: 0.04329268292682925
  稳定性惩罚（stability_penalty）: 0.0

  全局步数（step_global）: 97940
  回合编号（episode_id）: 8161
  层索引（layer_index）: 8
  状态向量（state_vector）: [0.0, 0.0, 0.0, 0.0, 0.0, 0.0, 0.0, 0.0, 1.0, 0.0, 0.0, 0.0, -0.05514705926179886, 1.0, 1.0, 0.25, 0.5, 0.25, 0.25, 0.75, 0.21646341681480408, 0.6666666865348816, 0.25, 0.5, 0.25, 0.75, 0.75, 0.75, 1.0, 1.0, 0.0, 0.0, 0.0, 0.0, 0.5, 0.75, 0.5, 0.5, 0.0, 0.75, 0.5, 1.0, 0.0, 0.0, 0.0, 0.0, 0.5, 0.5, 0.5, 0.75, 1.0, 0.25, 1.0, 0.25, 0.0, 0.0, 0.0, 0.0, 0.5, 0.75, 0.75, 1.0, 1.0, 0.25, 0.5, 0.5, 0.0, 0.0, 0.0, 0.0, 1.0, 1.0, 1.0, 0.25, 0.75, 0.0, 0.75, 0.25, 0.0, 0.0, 0.0, 0.0, 1.0, 1.0, 1.0, 0.0, 1.0, 0.75, 0.5, 0.25, 0.0, 0.0, 0.0, 0.0, 1.0, 0.0, 1.0, 0.75, 0.25, 0.5, 1.0, 0.75, 0.0, 0.0, 0.0, 0.0, -0.20000000298023224, 0.0, 0.9238430261611938]
  当前输入噪声缩放因子（curr_input_noise_scaling_factor）: 28
  当前wq噪声缩放因子（curr_wq_noise_scaling_factor）: 22
  当前wk噪声缩放因子（curr_wk_noise_scaling_factor）: 18
  当前wv噪声缩放因子（curr_wv_noise_scaling_factor）: 22
  当前wo噪声缩放因子（curr_wo_noise_scaling_factor）: 16
  当前wffn1噪声缩放因子（curr_wffn1_noise_scaling_factor）: 18
  当前wffn2噪声缩放因子（curr_wffn2_noise_scaling_factor）: 16
  输入x概率分布（x_prob_dist）: [0.22679223120212555, 0.4026869833469391, 0.19173672795295715, 0.1089223101735115, 0.06986171007156372]
  wq概率分布（wq_prob_dist）: [0.26219624280929565, 0.3265402615070343, 0.22097709774971008, 0.11014585942029953, 0.08014054596424103]
  wk概率分布（wk_prob_dist）: [0.37825894355773926, 0.2807951271533966, 0.15005385875701904, 0.11344582587480545, 0.07744628190994263]
  wv概率分布（wv_prob_dist）: [0.09639924764633179, 0.40681391954421997, 0.28529998660087585, 0.1125309020280838, 0.09895596653223038]
  wo概率分布（wo_prob_dist）: [0.21450255811214447, 0.3666091859340668, 0.18700158596038818, 0.12577231228351593, 0.10611430555582047]
  wffn1概率分布（wffn1_prob_dist）: [0.40424540638923645, 0.24816927313804626, 0.16179679334163666, 0.1178017407655716, 0.06798673421144485]
  wffn2概率分布（wffn2_prob_dist）: [0.23747038841247559, 0.39390748739242554, 0.1776730716228485, 0.11880575120449066, 0.07214322686195374]
  评论家值（critic_value）: 1.1464166641235352
  累计成本（accumulated_cost）: 29.200000000000003
  输入噪声配置（input_noise_config）: [28, 26, 28, 24, 24, 24, 22, 22, 28]
  wq噪声配置（wq_noise_config）: [18, 16, 18, 18, 22, 16, 18, 14, 22]
  wk噪声配置（wk_noise_config）: [18, 18, 18, 16, 14, 20, 14, 20, 18]
  wv噪声配置（wv_noise_config）: [18, 16, 16, 14, 14, 20, 18, 18, 22]
  wo噪声配置（wo_noise_config）: [14, 14, 14, 20, 16, 22, 16, 20, 16]
  wffn1噪声配置（wffn1_noise_config）: [16, 16, 16, 24, 16, 18, 20, 22, 18]
  wffn2噪声配置（wffn2_noise_config）: [14, 22, 14, 16, 20, 18, 14, 16, 16]
  当前学习率（current_lr）: 0.000020
  当前熵系数（current_entropy_coef）: 0.023341
  步奖励（step_reward）: 0.003658536585365852
  稠密奖励步（dense_reward_step）: 0.003658536585365852
  累计稠密奖励（accumulated_dense_reward）: 0.0469512195121951
  稳定性惩罚（stability_penalty）: 0.0

  全局步数（step_global）: 97941
  回合编号（episode_id）: 8161
  层索引（layer_index）: 9
  状态向量（state_vector）: [0.0, 0.0, 0.0, 0.0, 0.0, 0.0, 0.0, 0.0, 0.0, 1.0, 0.0, 0.0, -0.04575163498520851, 0.25, 0.0, 0.5, 0.0, 0.75, 0.75, 0.75, 0.20867209136486053, 0.75, 0.25, 0.5, 0.25, 0.75, 0.75, 0.75, 1.0, 1.0, 0.25, 0.0, 0.0, 0.0, 0.5, 0.75, 0.5, 0.5, 0.0, 0.75, 0.5, 1.0, 0.0, 0.0, 0.0, 0.0, 0.5, 0.5, 0.5, 0.75, 1.0, 0.25, 1.0, 0.25, 0.5, 0.0, 0.0, 0.0, 0.5, 0.75, 0.75, 1.0, 1.0, 0.25, 0.5, 0.5, 0.0, 0.0, 0.0, 0.0, 1.0, 1.0, 1.0, 0.25, 0.75, 0.0, 0.75, 0.25, 0.75, 0.0, 0.0, 0.0, 1.0, 1.0, 1.0, 0.0, 1.0, 0.75, 0.5, 0.25, 0.75, 0.0, 0.0, 0.0, 1.0, 0.0, 1.0, 0.75, 0.25, 0.5, 1.0, 0.75, 0.75, 0.0, 0.0, 0.0, -0.20000000298023224, 0.0, 0.9238430261611938]
  当前输入噪声缩放因子（curr_input_noise_scaling_factor）: 28
  当前wq噪声缩放因子（curr_wq_noise_scaling_factor）: 22
  当前wk噪声缩放因子（curr_wk_noise_scaling_factor）: 14
  当前wv噪声缩放因子（curr_wv_noise_scaling_factor）: 14
  当前wo噪声缩放因子（curr_wo_noise_scaling_factor）: 16
  当前wffn1噪声缩放因子（curr_wffn1_noise_scaling_factor）: 18
  当前wffn2噪声缩放因子（curr_wffn2_noise_scaling_factor）: 18
  输入x概率分布（x_prob_dist）: [0.2268090844154358, 0.4024990499019623, 0.19176803529262543, 0.1089911013841629, 0.06993266195058823]
  wq概率分布（wq_prob_dist）: [0.2621568441390991, 0.3264251947402954, 0.22099927067756653, 0.11020975559949875, 0.08020897954702377]
  wk概率分布（wk_prob_dist）: [0.37809380888938904, 0.2807597815990448, 0.1501035839319229, 0.1135166734457016, 0.07752615958452225]
  wv概率分布（wv_prob_dist）: [0.09646375477313995, 0.406633585691452, 0.28525692224502563, 0.112619549036026, 0.09902618080377579]
  wo概率分布（wo_prob_dist）: [0.21449516713619232, 0.3663898706436157, 0.18708010017871857, 0.12582814693450928, 0.10620671510696411]
  wffn1概率分布（wffn1_prob_dist）: [0.4040873646736145, 0.24812927842140198, 0.1618531197309494, 0.11788143962621689, 0.06804880499839783]
  wffn2概率分布（wffn2_prob_dist）: [0.23747314512729645, 0.3937133848667145, 0.17772240936756134, 0.11887943744659424, 0.0722116008400917]
  评论家值（critic_value）: 1.1506361961364746
  累计成本（accumulated_cost）: 32.45
  输入噪声配置（input_noise_config）: [28, 26, 28, 24, 24, 24, 22, 22, 28, 28]
  wq噪声配置（wq_noise_config）: [18, 16, 18, 18, 22, 16, 18, 14, 22, 22]
  wk噪声配置（wk_noise_config）: [18, 18, 18, 16, 14, 20, 14, 20, 18, 14]
  wv噪声配置（wv_noise_config）: [18, 16, 16, 14, 14, 20, 18, 18, 22, 14]
  wo噪声配置（wo_noise_config）: [14, 14, 14, 20, 16, 22, 16, 20, 16, 16]
  wffn1噪声配置（wffn1_noise_config）: [16, 16, 16, 24, 16, 18, 20, 22, 18, 18]
  wffn2噪声配置（wffn2_noise_config）: [14, 22, 14, 16, 20, 18, 14, 16, 16, 18]
  当前学习率（current_lr）: 0.000020
  当前熵系数（current_entropy_coef）: 0.023341
  步奖励（step_reward）: 0.005182926829268289
  稠密奖励步（dense_reward_step）: 0.005182926829268289
  累计稠密奖励（accumulated_dense_reward）: 0.05213414634146339
  稳定性惩罚（stability_penalty）: 0.0

  全局步数（step_global）: 97942
  回合编号（episode_id）: 8161
  层索引（layer_index）: 10
  状态向量（state_vector）: [0.0, 0.0, 0.0, 0.0, 0.0, 0.0, 0.0, 0.0, 0.0, 0.0, 1.0, 0.0, -0.045588236302137375, 0.25, 0.0, 1.0, 1.0, 0.75, 0.75, 0.5, 0.20853658020496368, 0.8333333134651184, 0.25, 0.5, 0.25, 0.75, 0.75, 0.75, 1.0, 1.0, 0.25, 0.25, 0.0, 0.0, 0.5, 0.75, 0.5, 0.5, 0.0, 0.75, 0.5, 1.0, 0.0, 0.0, 0.0, 0.0, 0.5, 0.5, 0.5, 0.75, 1.0, 0.25, 1.0, 0.25, 0.5, 1.0, 0.0, 0.0, 0.5, 0.75, 0.75, 1.0, 1.0, 0.25, 0.5, 0.5, 0.0, 1.0, 0.0, 0.0, 1.0, 1.0, 1.0, 0.25, 0.75, 0.0, 0.75, 0.25, 0.75, 0.75, 0.0, 0.0, 1.0, 1.0, 1.0, 0.0, 1.0, 0.75, 0.5, 0.25, 0.75, 0.75, 0.0, 0.0, 1.0, 0.0, 1.0, 0.75, 0.25, 0.5, 1.0, 0.75, 0.75, 0.5, 0.0, 0.0, -0.20000000298023224, 0.0, 0.9238430261611938]
  当前输入噪声缩放因子（curr_input_noise_scaling_factor）: 24
  当前wq噪声缩放因子（curr_wq_noise_scaling_factor）: 20
  当前wk噪声缩放因子（curr_wk_noise_scaling_factor）: 14
  当前wv噪声缩放因子（curr_wv_noise_scaling_factor）: 16
  当前wo噪声缩放因子（curr_wo_noise_scaling_factor）: 20
  当前wffn1噪声缩放因子（curr_wffn1_noise_scaling_factor）: 18
  当前wffn2噪声缩放因子（curr_wffn2_noise_scaling_factor）: 16
  输入x概率分布（x_prob_dist）: [0.22682231664657593, 0.40252768993377686, 0.191742405295372, 0.10898701101541519, 0.06992059201002121]
  wq概率分布（wq_prob_dist）: [0.26217371225357056, 0.3264560401439667, 0.22097362577915192, 0.11019943654537201, 0.08019717782735825]
  wk概率分布（wk_prob_dist）: [0.3781420588493347, 0.2807488739490509, 0.15010970830917358, 0.11349713057279587, 0.0775022804737091]
  wv概率分布（wv_prob_dist）: [0.09646938741207123, 0.4066384434700012, 0.2852879464626312, 0.11258585005998611, 0.09901843219995499]
  wo概率分布（wo_prob_dist）: [0.21450644731521606, 0.36650797724723816, 0.18699148297309875, 0.1258314549922943, 0.1061626672744751]
  wffn1概率分布（wffn1_prob_dist）: [0.4040844738483429, 0.24815531075000763, 0.1618478000164032, 0.11786191165447235, 0.06805042922496796]
  wffn2概率分布（wffn2_prob_dist）: [0.23747751116752625, 0.393751859664917, 0.17771154642105103, 0.11886251717805862, 0.07219651341438293]
  评论家值（critic_value）: 1.1551109552383423
  累计成本（accumulated_cost）: 35.650000000000006
  输入噪声配置（input_noise_config）: [28, 26, 28, 24, 24, 24, 22, 22, 28, 28, 24]
  wq噪声配置（wq_noise_config）: [18, 16, 18, 18, 22, 16, 18, 14, 22, 22, 20]
  wk噪声配置（wk_noise_config）: [18, 18, 18, 16, 14, 20, 14, 20, 18, 14, 14]
  wv噪声配置（wv_noise_config）: [18, 16, 16, 14, 14, 20, 18, 18, 22, 14, 16]
  wo噪声配置（wo_noise_config）: [14, 14, 14, 20, 16, 22, 16, 20, 16, 16, 20]
  wffn1噪声配置（wffn1_noise_config）: [16, 16, 16, 24, 16, 18, 20, 22, 18, 18, 18]
  wffn2噪声配置（wffn2_noise_config）: [14, 22, 14, 16, 20, 18, 14, 16, 16, 18, 16]
  当前学习率（current_lr）: 0.000020
  当前熵系数（current_entropy_coef）: 0.023341
  步奖励（step_reward）: 0.005487804878048778
  稠密奖励步（dense_reward_step）: 0.005487804878048778
  累计稠密奖励（accumulated_dense_reward）: 0.05762195121951217
  稳定性惩罚（stability_penalty）: 0.0

  全局步数（step_global）: 97943
  回合编号（episode_id）: 8161
  层索引（layer_index）: 11
  状态向量（state_vector）: [0.0, 0.0, 0.0, 0.0, 0.0, 0.0, 0.0, 0.0, 0.0, 0.0, 0.0, 1.0, -0.0467914454638958, 0.75, 0.25, 1.0, 0.75, 0.25, 0.75, 0.75, 0.20953436195850372, 0.9166666865348816, 0.25, 0.5, 0.25, 0.75, 0.75, 0.75, 1.0, 1.0, 0.25, 0.25, 0.75, 0.0, 0.5, 0.75, 0.5, 0.5, 0.0, 0.75, 0.5, 1.0, 0.0, 0.0, 0.25, 0.0, 0.5, 0.5, 0.5, 0.75, 1.0, 0.25, 1.0, 0.25, 0.5, 1.0, 1.0, 0.0, 0.5, 0.75, 0.75, 1.0, 1.0, 0.25, 0.5, 0.5, 0.0, 1.0, 0.75, 0.0, 1.0, 1.0, 1.0, 0.25, 0.75, 0.0, 0.75, 0.25, 0.75, 0.75, 0.25, 0.0, 1.0, 1.0, 1.0, 0.0, 1.0, 0.75, 0.5, 0.25, 0.75, 0.75, 0.75, 0.0, 1.0, 0.0, 1.0, 0.75, 0.25, 0.5, 1.0, 0.75, 0.75, 0.5, 0.75, 0.0, -0.20000000298023224, 0.0, 0.9238430261611938]
  当前输入噪声缩放因子（curr_input_noise_scaling_factor）: 24
  当前wq噪声缩放因子（curr_wq_noise_scaling_factor）: 20
  当前wk噪声缩放因子（curr_wk_noise_scaling_factor）: 14
  当前wv噪声缩放因子（curr_wv_noise_scaling_factor）: 18
  当前wo噪声缩放因子（curr_wo_noise_scaling_factor）: 14
  当前wffn1噪声缩放因子（curr_wffn1_noise_scaling_factor）: 16
  当前wffn2噪声缩放因子（curr_wffn2_noise_scaling_factor）: 16
  输入x概率分布（x_prob_dist）: [0.22680583596229553, 0.40268996357917786, 0.191733255982399, 0.10891621559858322, 0.0698547214269638]
  wq概率分布（wq_prob_dist）: [0.26220884919166565, 0.326556533575058, 0.22095893323421478, 0.11013966053724289, 0.08013592660427094]
  wk概率分布（wk_prob_dist）: [0.3782787322998047, 0.28079673647880554, 0.1500527560710907, 0.11343147605657578, 0.07744025439023972]
  wv概率分布（wv_prob_dist）: [0.09640218317508698, 0.4068097770214081, 0.28530919551849365, 0.11252717673778534, 0.09895166754722595]
  wo概率分布（wo_prob_dist）: [0.21450205147266388, 0.36663272976875305, 0.18697711825370789, 0.12577959895133972, 0.10610856115818024]
  wffn1概率分布（wffn1_prob_dist）: [0.4042811393737793, 0.24813783168792725, 0.16178672015666962, 0.11780325323343277, 0.06799110025167465]
  wffn2概率分布（wffn2_prob_dist）: [0.2374657839536667, 0.3939040005207062, 0.17767971754074097, 0.11880967020988464, 0.0721408873796463]
  评论家值（critic_value）: 1.165130615234375
  累计成本（accumulated_cost）: 38.7
  输入噪声配置（input_noise_config）: [28, 26, 28, 24, 24, 24, 22, 22, 28, 28, 24, 24]
  wq噪声配置（wq_noise_config）: [18, 16, 18, 18, 22, 16, 18, 14, 22, 22, 20, 20]
  wk噪声配置（wk_noise_config）: [18, 18, 18, 16, 14, 20, 14, 20, 18, 14, 14, 14]
  wv噪声配置（wv_noise_config）: [18, 16, 16, 14, 14, 20, 18, 18, 22, 14, 16, 18]
  wo噪声配置（wo_noise_config）: [14, 14, 14, 20, 16, 22, 16, 20, 16, 16, 20, 14]
  wffn1噪声配置（wffn1_noise_config）: [16, 16, 16, 24, 16, 18, 20, 22, 18, 18, 18, 16]
  wffn2噪声配置（wffn2_noise_config）: [14, 22, 14, 16, 20, 18, 14, 16, 16, 18, 16, 16]
  当前学习率（current_lr）: 0.000020
  当前熵系数（current_entropy_coef）: 0.023341
  蒙特卡洛采样数（mc_samples）: 5
  蒙特卡洛损失均值（mc_loss_mean）: 0.2893930633862813
  蒙特卡洛损失标准差（mc_loss_std）: 0.0020247998019780056
  蒙特卡洛指标1均值（mc_metric1_mean）: 0.9094736842105263
  蒙特卡洛指标1标准差（mc_metric1_std）: 0.004091896066558068
  蒙特卡洛指标2均值（mc_metric2_mean）: 0.9081787948197102
  蒙特卡洛指标2标准差（mc_metric2_std）: 0.004084712655480071
  步奖励（step_reward）: 1.2013323777119942
  稠密奖励步（dense_reward_step）: 0.006402439024390244
  原始最终奖励（raw_final_reward）: 1.194929938687604
  最终选择分数（final_selection_score）: 1.194929938687604
  累计稠密奖励（accumulated_dense_reward）: 0.06402439024390241
  稳定性代理（stability_proxy）: 0.4250586885006727
  稳定性惩罚（stability_penalty）: -0.0

--- 回合（Episode） 8163 (回合回报（EpisodeReturn）=1.2558, 原始最终奖励（RawFinalReward）=1.1909, 稠密奖励合计（DenseRewardTotal）=0.0649) ---
  全局步数（step_global）: 97944
  回合编号（episode_id）: 8162
  层索引（layer_index）: 0
  状态向量（state_vector）: [1.0, 0.0, 0.0, 0.0, 0.0, 0.0, 0.0, 0.0, 0.0, 0.0, 0.0, 0.0, 0.0, 0.0, 0.0, 0.0, 0.0, 0.0, 0.0, 0.0, 0.0, 0.0, 0.0, 0.0, 0.0, 0.0, 0.0, 0.0, 0.0, 0.0, 0.0, 0.0, 0.0, 0.0, 0.0, 0.0, 0.0, 0.0, 0.0, 0.0, 0.0, 0.0, 0.0, 0.0, 0.0, 0.0, 0.0, 0.0, 0.0, 0.0, 0.0, 0.0, 0.0, 0.0, 0.0, 0.0, 0.0, 0.0, 0.0, 0.0, 0.0, 0.0, 0.0, 0.0, 0.0, 0.0, 0.0, 0.0, 0.0, 0.0, 0.0, 0.0, 0.0, 0.0, 0.0, 0.0, 0.0, 0.0, 0.0, 0.0, 0.0, 0.0, 0.0, 0.0, 0.0, 0.0, 0.0, 0.0, 0.0, 0.0, 0.0, 0.0, 0.0, 0.0, 0.0, 0.0, 0.0, 0.0, 0.0, 0.0, 0.0, 0.0, 0.0, 0.0, 0.0, 0.0, -0.20000000298023224, 0.0, 0.9618527889251709]
  当前输入噪声缩放因子（curr_input_noise_scaling_factor）: 26
  当前wq噪声缩放因子（curr_wq_noise_scaling_factor）: 14
  当前wk噪声缩放因子（curr_wk_noise_scaling_factor）: 18
  当前wv噪声缩放因子（curr_wv_noise_scaling_factor）: 22
  当前wo噪声缩放因子（curr_wo_noise_scaling_factor）: 20
  当前wffn1噪声缩放因子（curr_wffn1_noise_scaling_factor）: 22
  当前wffn2噪声缩放因子（curr_wffn2_noise_scaling_factor）: 16
  输入x概率分布（x_prob_dist）: [0.22703231871128082, 0.40125054121017456, 0.1919296532869339, 0.10941308736801147, 0.07037433236837387]
  wq概率分布（wq_prob_dist）: [0.26186034083366394, 0.3259441554546356, 0.22091850638389587, 0.11065579950809479, 0.08062120527029037]
  wk概率分布（wk_prob_dist）: [0.37747037410736084, 0.2802250385284424, 0.15049703419208527, 0.11388379335403442, 0.07792375981807709]
  wv概率分布（wv_prob_dist）: [0.09701424092054367, 0.4052281677722931, 0.28518980741500854, 0.11305350810289383, 0.09951429069042206]
  wo概率分布（wo_prob_dist）: [0.21454854309558868, 0.3656189739704132, 0.1870691031217575, 0.1261836588382721, 0.1065797284245491]
  wffn1概率分布（wffn1_prob_dist）: [0.4029683470726013, 0.2479875385761261, 0.16215400397777557, 0.11836656183004379, 0.06852360814809799]
  wffn2概率分布（wffn2_prob_dist）: [0.23752564191818237, 0.3925016522407532, 0.17800313234329224, 0.11931873112916946, 0.07265088707208633]
  评论家值（critic_value）: 1.105677843093872
  累计成本（accumulated_cost）: 3.4499999999999997
  输入噪声配置（input_noise_config）: [26]
  wq噪声配置（wq_noise_config）: [14]
  wk噪声配置（wk_noise_config）: [18]
  wv噪声配置（wv_noise_config）: [22]
  wo噪声配置（wo_noise_config）: [20]
  wffn1噪声配置（wffn1_noise_config）: [22]
  wffn2噪声配置（wffn2_noise_config）: [16]
  当前学习率（current_lr）: 0.000020
  当前熵系数（current_entropy_coef）: 0.023337
  步奖励（step_reward）: 0.0039634146341463415
  稠密奖励步（dense_reward_step）: 0.0039634146341463415
  累计稠密奖励（accumulated_dense_reward）: 0.0039634146341463415
  稳定性惩罚（stability_penalty）: 0.0

  全局步数（step_global）: 97945
  回合编号（episode_id）: 8162
  层索引（layer_index）: 1
  状态向量（state_vector）: [0.0, 1.0, 0.0, 0.0, 0.0, 0.0, 0.0, 0.0, 0.0, 0.0, 0.0, 0.0, 0.014705882407724857, 0.5, 1.0, 0.5, 0.0, 0.25, 0.25, 0.75, 0.15853658318519592, 0.0833333358168602, 0.5, 0.0, 0.0, 0.0, 0.0, 0.0, 0.0, 0.0, 0.0, 0.0, 0.0, 0.0, 1.0, 0.0, 0.0, 0.0, 0.0, 0.0, 0.0, 0.0, 0.0, 0.0, 0.0, 0.0, 0.5, 0.0, 0.0, 0.0, 0.0, 0.0, 0.0, 0.0, 0.0, 0.0, 0.0, 0.0, 0.0, 0.0, 0.0, 0.0, 0.0, 0.0, 0.0, 0.0, 0.0, 0.0, 0.0, 0.0, 0.25, 0.0, 0.0, 0.0, 0.0, 0.0, 0.0, 0.0, 0.0, 0.0, 0.0, 0.0, 0.25, 0.0, 0.0, 0.0, 0.0, 0.0, 0.0, 0.0, 0.0, 0.0, 0.0, 0.0, 0.75, 0.0, 0.0, 0.0, 0.0, 0.0, 0.0, 0.0, 0.0, 0.0, 0.0, 0.0, -0.20000000298023224, 0.0, 0.9618527889251709]
  当前输入噪声缩放因子（curr_input_noise_scaling_factor）: 26
  当前wq噪声缩放因子（curr_wq_noise_scaling_factor）: 18
  当前wk噪声缩放因子（curr_wk_noise_scaling_factor）: 14
  当前wv噪声缩放因子（curr_wv_noise_scaling_factor）: 16
  当前wo噪声缩放因子（curr_wo_noise_scaling_factor）: 16
  当前wffn1噪声缩放因子（curr_wffn1_noise_scaling_factor）: 24
  当前wffn2噪声缩放因子（curr_wffn2_noise_scaling_factor）: 20
  输入x概率分布（x_prob_dist）: [0.22681739926338196, 0.402549684047699, 0.19176135957241058, 0.10896944254636765, 0.06990215927362442]
  wq概率分布（wq_prob_dist）: [0.26220622658729553, 0.32647424936294556, 0.22096332907676697, 0.11016687005758286, 0.0801892951130867]
  wk概率分布（wk_prob_dist）: [0.37815243005752563, 0.28078174591064453, 0.1500975638628006, 0.11347837746143341, 0.07748998701572418]
  wv概率分布（wv_prob_dist）: [0.09644918143749237, 0.4067065715789795, 0.2852593958377838, 0.11257492750883102, 0.0990099087357521]
  wo概率分布（wo_prob_dist）: [0.21448513865470886, 0.3665526211261749, 0.186993807554245, 0.1258220672607422, 0.10614631325006485]
  wffn1概率分布（wffn1_prob_dist）: [0.40415847301483154, 0.24813875555992126, 0.16182361543178558, 0.1178499385714531, 0.0680292397737503]
  wffn2概率分布（wffn2_prob_dist）: [0.23745140433311462, 0.39380204677581787, 0.17770665884017944, 0.11885051429271698, 0.07218939810991287]
  评论家值（critic_value）: 1.1125845909118652
  累计成本（accumulated_cost）: 6.8
  输入噪声配置（input_noise_config）: [26, 26]
  wq噪声配置（wq_noise_config）: [14, 18]
  wk噪声配置（wk_noise_config）: [18, 14]
  wv噪声配置（wv_noise_config）: [22, 16]
  wo噪声配置（wo_noise_config）: [20, 16]
  wffn1噪声配置（wffn1_noise_config）: [22, 24]
  wffn2噪声配置（wffn2_noise_config）: [16, 20]
  当前学习率（current_lr）: 0.000020
  当前熵系数（current_entropy_coef）: 0.023337
  步奖励（step_reward）: 0.004573170731707315
  稠密奖励步（dense_reward_step）: 0.004573170731707315
  累计稠密奖励（accumulated_dense_reward）: 0.008536585365853656
  稳定性惩罚（stability_penalty）: 0.0

  全局步数（step_global）: 97946
  回合编号（episode_id）: 8162
  层索引（layer_index）: 2
  状态向量（state_vector）: [0.0, 0.0, 1.0, 0.0, 0.0, 0.0, 0.0, 0.0, 0.0, 0.0, 0.0, 0.0, -1.3061447893497304e-16, 0.5, 0.5, 1.0, 0.75, 0.75, 0.0, 0.25, 0.17073170840740204, 0.1666666716337204, 0.5, 0.5, 0.0, 0.0, 0.0, 0.0, 0.0, 0.0, 0.0, 0.0, 0.0, 0.0, 1.0, 0.5, 0.0, 0.0, 0.0, 0.0, 0.0, 0.0, 0.0, 0.0, 0.0, 0.0, 0.5, 1.0, 0.0, 0.0, 0.0, 0.0, 0.0, 0.0, 0.0, 0.0, 0.0, 0.0, 0.0, 0.75, 0.0, 0.0, 0.0, 0.0, 0.0, 0.0, 0.0, 0.0, 0.0, 0.0, 0.25, 0.75, 0.0, 0.0, 0.0, 0.0, 0.0, 0.0, 0.0, 0.0, 0.0, 0.0, 0.25, 0.0, 0.0, 0.0, 0.0, 0.0, 0.0, 0.0, 0.0, 0.0, 0.0, 0.0, 0.75, 0.25, 0.0, 0.0, 0.0, 0.0, 0.0, 0.0, 0.0, 0.0, 0.0, 0.0, -0.20000000298023224, 0.0, 0.9618527889251709]
  当前输入噪声缩放因子（curr_input_noise_scaling_factor）: 22
  当前wq噪声缩放因子（curr_wq_noise_scaling_factor）: 22
  当前wk噪声缩放因子（curr_wk_noise_scaling_factor）: 16
  当前wv噪声缩放因子（curr_wv_noise_scaling_factor）: 20
  当前wo噪声缩放因子（curr_wo_noise_scaling_factor）: 20
  当前wffn1噪声缩放因子（curr_wffn1_noise_scaling_factor）: 18
  当前wffn2噪声缩放因子（curr_wffn2_noise_scaling_factor）: 16
  输入x概率分布（x_prob_dist）: [0.22681072354316711, 0.402636855840683, 0.19174183905124664, 0.10893882811069489, 0.06987174600362778]
  wq概率分布（wq_prob_dist）: [0.2622036933898926, 0.3265208601951599, 0.2209649235010147, 0.11015523970127106, 0.08015523105859756]
  wk概率分布（wk_prob_dist）: [0.3782391846179962, 0.28078529238700867, 0.15006402134895325, 0.11345300078392029, 0.07745842635631561]
  wv概率分布（wv_prob_dist）: [0.09641300141811371, 0.40678733587265015, 0.2852949798107147, 0.11253979057073593, 0.09896491467952728]
  wo概率分布（wo_prob_dist）: [0.21450507640838623, 0.3665896952152252, 0.18699117004871368, 0.12578588724136353, 0.10612820833921432]
  wffn1概率分布（wffn1_prob_dist）: [0.40423083305358887, 0.2481612116098404, 0.16179145872592926, 0.11781539767980576, 0.06800109148025513]
  wffn2概率分布（wffn2_prob_dist）: [0.23745906352996826, 0.3938896358013153, 0.17768484354019165, 0.1188134253025055, 0.0721530094742775]
  评论家值（critic_value）: 1.1193374395370483
  累计成本（accumulated_cost）: 10.15
  输入噪声配置（input_noise_config）: [26, 26, 22]
  wq噪声配置（wq_noise_config）: [14, 18, 22]
  wk噪声配置（wk_noise_config）: [18, 14, 16]
  wv噪声配置（wv_noise_config）: [22, 16, 20]
  wo噪声配置（wo_noise_config）: [20, 16, 20]
  wffn1噪声配置（wffn1_noise_config）: [22, 24, 18]
  wffn2噪声配置（wffn2_noise_config）: [16, 20, 16]
  当前学习率（current_lr）: 0.000020
  当前熵系数（current_entropy_coef）: 0.023337
  步奖励（step_reward）: 0.004573170731707315
  稠密奖励步（dense_reward_step）: 0.004573170731707315
  累计稠密奖励（accumulated_dense_reward）: 0.01310975609756097
  稳定性惩罚（stability_penalty）: 0.0

  全局步数（step_global）: 97947
  回合编号（episode_id）: 8162
  层索引（layer_index）: 3
  状态向量（state_vector）: [0.0, 0.0, 0.0, 1.0, 0.0, 0.0, 0.0, 0.0, 0.0, 0.0, 0.0, 0.0, -0.0049019609577953815, 1.0, 0.0, 0.75, 0.25, 0.25, 0.75, 0.75, 0.17479674518108368, 0.25, 0.5, 0.5, 1.0, 0.0, 0.0, 0.0, 0.0, 0.0, 0.0, 0.0, 0.0, 0.0, 1.0, 0.5, 0.0, 0.0, 0.0, 0.0, 0.0, 0.0, 0.0, 0.0, 0.0, 0.0, 0.5, 1.0, 0.75, 0.0, 0.0, 0.0, 0.0, 0.0, 0.0, 0.0, 0.0, 0.0, 0.0, 0.75, 0.25, 0.0, 0.0, 0.0, 0.0, 0.0, 0.0, 0.0, 0.0, 0.0, 0.25, 0.75, 0.25, 0.0, 0.0, 0.0, 0.0, 0.0, 0.0, 0.0, 0.0, 0.0, 0.25, 0.0, 0.75, 0.0, 0.0, 0.0, 0.0, 0.0, 0.0, 0.0, 0.0, 0.0, 0.75, 0.25, 0.75, 0.0, 0.0, 0.0, 0.0, 0.0, 0.0, 0.0, 0.0, 0.0, -0.20000000298023224, 0.0, 0.9618527889251709]
  当前输入噪声缩放因子（curr_input_noise_scaling_factor）: 24
  当前wq噪声缩放因子（curr_wq_noise_scaling_factor）: 14
  当前wk噪声缩放因子（curr_wk_noise_scaling_factor）: 20
  当前wv噪声缩放因子（curr_wv_noise_scaling_factor）: 18
  当前wo噪声缩放因子（curr_wo_noise_scaling_factor）: 14
  当前wffn1噪声缩放因子（curr_wffn1_noise_scaling_factor）: 16
  当前wffn2噪声缩放因子（curr_wffn2_noise_scaling_factor）: 16
  输入x概率分布（x_prob_dist）: [0.22680488228797913, 0.40272828936576843, 0.1917252093553543, 0.1089041456580162, 0.06983751803636551]
  wq概率分布（wq_prob_dist）: [0.26222360134124756, 0.32657620310783386, 0.22095677256584167, 0.1101221814751625, 0.08012127876281738]
  wk概率分布（wk_prob_dist）: [0.3783057630062103, 0.28080180287361145, 0.15004751086235046, 0.11342117935419083, 0.07742369920015335]
  wv概率分布（wv_prob_dist）: [0.0963830053806305, 0.4068605899810791, 0.28531011939048767, 0.11251045018434525, 0.0989358201622963]
  wo概率分布（wo_prob_dist）: [0.21450142562389374, 0.3666697144508362, 0.18697243928909302, 0.12576454877853394, 0.10609184950590134]
  wffn1概率分布（wffn1_prob_dist）: [0.4043115973472595, 0.24814973771572113, 0.16177356243133545, 0.11779044568538666, 0.06797468662261963]
  wffn2概率分布（wffn2_prob_dist）: [0.23746466636657715, 0.39393913745880127, 0.177678182721138, 0.11879511177539825, 0.07212281227111816]
  评论家值（critic_value）: 1.1241320371627808
  累计成本（accumulated_cost）: 13.2
  输入噪声配置（input_noise_config）: [26, 26, 22, 24]
  wq噪声配置（wq_noise_config）: [14, 18, 22, 14]
  wk噪声配置（wk_noise_config）: [18, 14, 16, 20]
  wv噪声配置（wv_noise_config）: [22, 16, 20, 18]
  wo噪声配置（wo_noise_config）: [20, 16, 20, 14]
  wffn1噪声配置（wffn1_noise_config）: [22, 24, 18, 16]
  wffn2噪声配置（wffn2_noise_config）: [16, 20, 16, 16]
  当前学习率（current_lr）: 0.000020
  当前熵系数（current_entropy_coef）: 0.023337
  步奖励（step_reward）: 0.006402439024390244
  稠密奖励步（dense_reward_step）: 0.006402439024390244
  累计稠密奖励（accumulated_dense_reward）: 0.019512195121951216
  稳定性惩罚（stability_penalty）: 0.0

  全局步数（step_global）: 97948
  回合编号（episode_id）: 8162
  层索引（layer_index）: 4
  状态向量（state_vector）: [0.0, 0.0, 0.0, 0.0, 1.0, 0.0, 0.0, 0.0, 0.0, 0.0, 0.0, 0.0, -0.029411764815449715, 0.75, 1.0, 0.25, 0.5, 1.0, 1.0, 0.75, 0.19512194395065308, 0.3333333432674408, 0.5, 0.5, 1.0, 0.75, 0.0, 0.0, 0.0, 0.0, 0.0, 0.0, 0.0, 0.0, 1.0, 0.5, 0.0, 1.0, 0.0, 0.0, 0.0, 0.0, 0.0, 0.0, 0.0, 0.0, 0.5, 1.0, 0.75, 0.25, 0.0, 0.0, 0.0, 0.0, 0.0, 0.0, 0.0, 0.0, 0.0, 0.75, 0.25, 0.5, 0.0, 0.0, 0.0, 0.0, 0.0, 0.0, 0.0, 0.0, 0.25, 0.75, 0.25, 1.0, 0.0, 0.0, 0.0, 0.0, 0.0, 0.0, 0.0, 0.0, 0.25, 0.0, 0.75, 1.0, 0.0, 0.0, 0.0, 0.0, 0.0, 0.0, 0.0, 0.0, 0.75, 0.25, 0.75, 0.75, 0.0, 0.0, 0.0, 0.0, 0.0, 0.0, 0.0, 0.0, -0.20000000298023224, 0.0, 0.9618527889251709]
  当前输入噪声缩放因子（curr_input_noise_scaling_factor）: 26
  当前wq噪声缩放因子（curr_wq_noise_scaling_factor）: 16
  当前wk噪声缩放因子（curr_wk_noise_scaling_factor）: 20
  当前wv噪声缩放因子（curr_wv_noise_scaling_factor）: 14
  当前wo噪声缩放因子（curr_wo_noise_scaling_factor）: 16
  当前wffn1噪声缩放因子（curr_wffn1_noise_scaling_factor）: 18
  当前wffn2噪声缩放因子（curr_wffn2_noise_scaling_factor）: 16
  输入x概率分布（x_prob_dist）: [0.22682689130306244, 0.4025435745716095, 0.19175902009010315, 0.10897033661603928, 0.06990016996860504]
  wq概率分布（wq_prob_dist）: [0.26218271255493164, 0.32649296522140503, 0.22095637023448944, 0.110187828540802, 0.0801800787448883]
  wk概率分布（wk_prob_dist）: [0.37813374400138855, 0.2807522416114807, 0.15010979771614075, 0.113504558801651, 0.07749973982572556]
  wv概率分布（wv_prob_dist）: [0.0964517593383789, 0.40668362379074097, 0.28527864813804626, 0.1125839576125145, 0.09900198131799698]
  wo概率分布（wo_prob_dist）: [0.214521586894989, 0.366472989320755, 0.18702243268489838, 0.12581783533096313, 0.10616518557071686]
  wffn1概率分布（wffn1_prob_dist）: [0.4041273891925812, 0.24814555048942566, 0.16182221472263336, 0.11786150187253952, 0.06804338097572327]
  wffn2概率分布（wffn2_prob_dist）: [0.23745882511138916, 0.3938034772872925, 0.17771956324577332, 0.11884252727031708, 0.072175532579422]
  评论家值（critic_value）: 1.124355435371399
  累计成本（accumulated_cost）: 16.35
  输入噪声配置（input_noise_config）: [26, 26, 22, 24, 26]
  wq噪声配置（wq_noise_config）: [14, 18, 22, 14, 16]
  wk噪声配置（wk_noise_config）: [18, 14, 16, 20, 20]
  wv噪声配置（wv_noise_config）: [22, 16, 20, 18, 14]
  wo噪声配置（wo_noise_config）: [20, 16, 20, 14, 16]
  wffn1噪声配置（wffn1_noise_config）: [22, 24, 18, 16, 18]
  wffn2噪声配置（wffn2_noise_config）: [16, 20, 16, 16, 16]
  当前学习率（current_lr）: 0.000020
  当前熵系数（current_entropy_coef）: 0.023337
  步奖励（step_reward）: 0.005792682926829265
  稠密奖励步（dense_reward_step）: 0.005792682926829265
  累计稠密奖励（accumulated_dense_reward）: 0.025304878048780483
  稳定性惩罚（stability_penalty）: 0.0

  全局步数（step_global）: 97949
  回合编号（episode_id）: 8162
  层索引（layer_index）: 5
  状态向量（state_vector）: [0.0, 0.0, 0.0, 0.0, 0.0, 1.0, 0.0, 0.0, 0.0, 0.0, 0.0, 0.0, -0.038235295563936234, 0.5, 0.75, 0.25, 1.0, 0.75, 0.75, 0.75, 0.20243902504444122, 0.4166666567325592, 0.5, 0.5, 1.0, 0.75, 0.5, 0.0, 0.0, 0.0, 0.0, 0.0, 0.0, 0.0, 1.0, 0.5, 0.0, 1.0, 0.75, 0.0, 0.0, 0.0, 0.0, 0.0, 0.0, 0.0, 0.5, 1.0, 0.75, 0.25, 0.25, 0.0, 0.0, 0.0, 0.0, 0.0, 0.0, 0.0, 0.0, 0.75, 0.25, 0.5, 1.0, 0.0, 0.0, 0.0, 0.0, 0.0, 0.0, 0.0, 0.25, 0.75, 0.25, 1.0, 0.75, 0.0, 0.0, 0.0, 0.0, 0.0, 0.0, 0.0, 0.25, 0.0, 0.75, 1.0, 0.75, 0.0, 0.0, 0.0, 0.0, 0.0, 0.0, 0.0, 0.75, 0.25, 0.75, 0.75, 0.75, 0.0, 0.0, 0.0, 0.0, 0.0, 0.0, 0.0, -0.20000000298023224, 0.0, 0.9618527889251709]
  当前输入噪声缩放因子（curr_input_noise_scaling_factor）: 24
  当前wq噪声缩放因子（curr_wq_noise_scaling_factor）: 14
  当前wk噪声缩放因子（curr_wk_noise_scaling_factor）: 14
  当前wv噪声缩放因子（curr_wv_noise_scaling_factor）: 16
  当前wo噪声缩放因子（curr_wo_noise_scaling_factor）: 22
  当前wffn1噪声缩放因子（curr_wffn1_noise_scaling_factor）: 16
  当前wffn2噪声缩放因子（curr_wffn2_noise_scaling_factor）: 16
  输入x概率分布（x_prob_dist）: [0.22680631279945374, 0.4026339650154114, 0.1917436271905899, 0.10894163697957993, 0.06987446546554565]
  wq概率分布（wq_prob_dist）: [0.2622149586677551, 0.3265318274497986, 0.22094883024692535, 0.11015057563781738, 0.08015382289886475]
  wk概率分布（wk_prob_dist）: [0.3782229423522949, 0.2807726562023163, 0.1500842124223709, 0.11346141993999481, 0.07745882123708725]
  wv概率分布（wv_prob_dist）: [0.09642142057418823, 0.40676358342170715, 0.28529077768325806, 0.11254800111055374, 0.09897620230913162]
  wo概率分布（wo_prob_dist）: [0.21449759602546692, 0.36659836769104004, 0.1869814395904541, 0.12579895555973053, 0.10612360388040543]
  wffn1概率分布（wffn1_prob_dist）: [0.4042178988456726, 0.24813930690288544, 0.16180481016635895, 0.11782976984977722, 0.068008191883564]
  wffn2概率分布（wffn2_prob_dist）: [0.23745936155319214, 0.3938522934913635, 0.1776999533176422, 0.11882992833852768, 0.07215841114521027]
  评论家值（critic_value）: 1.129111647605896
  累计成本（accumulated_cost）: 19.400000000000002
  输入噪声配置（input_noise_config）: [26, 26, 22, 24, 26, 24]
  wq噪声配置（wq_noise_config）: [14, 18, 22, 14, 16, 14]
  wk噪声配置（wk_noise_config）: [18, 14, 16, 20, 20, 14]
  wv噪声配置（wv_noise_config）: [22, 16, 20, 18, 14, 16]
  wo噪声配置（wo_noise_config）: [20, 16, 20, 14, 16, 22]
  wffn1噪声配置（wffn1_noise_config）: [22, 24, 18, 16, 18, 16]
  wffn2噪声配置（wffn2_noise_config）: [16, 20, 16, 16, 16, 16]
  当前学习率（current_lr）: 0.000020
  当前熵系数（current_entropy_coef）: 0.023337
  步奖励（step_reward）: 0.006402439024390244
  稠密奖励步（dense_reward_step）: 0.006402439024390244
  累计稠密奖励（accumulated_dense_reward）: 0.031707317073170725
  稳定性惩罚（stability_penalty）: 0.0

  全局步数（step_global）: 97950
  回合编号（episode_id）: 8162
  层索引（layer_index）: 6
  状态向量（state_vector）: [0.0, 0.0, 0.0, 0.0, 0.0, 0.0, 1.0, 0.0, 0.0, 0.0, 0.0, 0.0, -0.04901960864663124, 0.75, 1.0, 1.0, 0.75, 0.0, 1.0, 0.75, 0.21138212084770203, 0.5, 0.5, 0.5, 1.0, 0.75, 0.5, 0.75, 0.0, 0.0, 0.0, 0.0, 0.0, 0.0, 1.0, 0.5, 0.0, 1.0, 0.75, 1.0, 0.0, 0.0, 0.0, 0.0, 0.0, 0.0, 0.5, 1.0, 0.75, 0.25, 0.25, 1.0, 0.0, 0.0, 0.0, 0.0, 0.0, 0.0, 0.0, 0.75, 0.25, 0.5, 1.0, 0.75, 0.0, 0.0, 0.0, 0.0, 0.0, 0.0, 0.25, 0.75, 0.25, 1.0, 0.75, 0.0, 0.0, 0.0, 0.0, 0.0, 0.0, 0.0, 0.25, 0.0, 0.75, 1.0, 0.75, 1.0, 0.0, 0.0, 0.0, 0.0, 0.0, 0.0, 0.75, 0.25, 0.75, 0.75, 0.75, 0.75, 0.0, 0.0, 0.0, 0.0, 0.0, 0.0, -0.20000000298023224, 0.0, 0.9618527889251709]
  当前输入噪声缩放因子（curr_input_noise_scaling_factor）: 22
  当前wq噪声缩放因子（curr_wq_noise_scaling_factor）: 18
  当前wk噪声缩放因子（curr_wk_noise_scaling_factor）: 18
  当前wv噪声缩放因子（curr_wv_noise_scaling_factor）: 20
  当前wo噪声缩放因子（curr_wo_noise_scaling_factor）: 14
  当前wffn1噪声缩放因子（curr_wffn1_noise_scaling_factor）: 24
  当前wffn2噪声缩放因子（curr_wffn2_noise_scaling_factor）: 16
  输入x概率分布（x_prob_dist）: [0.22682541608810425, 0.4026680588722229, 0.1917371302843094, 0.10891877114772797, 0.06985060125589371]
  wq概率分布（wq_prob_dist）: [0.26221558451652527, 0.3265773057937622, 0.22093713283538818, 0.11013870686292648, 0.08013132959604263]
  wk概率分布（wk_prob_dist）: [0.3783026337623596, 0.28076571226119995, 0.15006300806999207, 0.11343152076005936, 0.0774371549487114]
  wv概率分布（wv_prob_dist）: [0.09640021622180939, 0.40680161118507385, 0.285321980714798, 0.1125262975692749, 0.0989498496055603]
  wo概率分布（wo_prob_dist）: [0.21450984477996826, 0.36663830280303955, 0.1869644820690155, 0.12577632069587708, 0.10611102730035782]
  wffn1概率分布（wffn1_prob_dist）: [0.40429601073265076, 0.24811877310276031, 0.16177716851234436, 0.11781344562768936, 0.06799456477165222]
  wffn2概率分布（wffn2_prob_dist）: [0.23746925592422485, 0.39389151334762573, 0.17769716680049896, 0.11880741268396378, 0.07213466614484787]
  评论家值（critic_value）: 1.1337275505065918
  累计成本（accumulated_cost）: 22.700000000000003
  输入噪声配置（input_noise_config）: [26, 26, 22, 24, 26, 24, 22]
  wq噪声配置（wq_noise_config）: [14, 18, 22, 14, 16, 14, 18]
  wk噪声配置（wk_noise_config）: [18, 14, 16, 20, 20, 14, 18]
  wv噪声配置（wv_noise_config）: [22, 16, 20, 18, 14, 16, 20]
  wo噪声配置（wo_noise_config）: [20, 16, 20, 14, 16, 22, 14]
  wffn1噪声配置（wffn1_noise_config）: [22, 24, 18, 16, 18, 16, 24]
  wffn2噪声配置（wffn2_noise_config）: [16, 20, 16, 16, 16, 16, 16]
  当前学习率（current_lr）: 0.000020
  当前熵系数（current_entropy_coef）: 0.023337
  步奖励（step_reward）: 0.004878048780487805
  稠密奖励步（dense_reward_step）: 0.004878048780487805
  累计稠密奖励（accumulated_dense_reward）: 0.03658536585365853
  稳定性惩罚（stability_penalty）: 0.0

  全局步数（step_global）: 97951
  回合编号（episode_id）: 8162
  层索引（layer_index）: 7
  状态向量（state_vector）: [0.0, 0.0, 0.0, 0.0, 0.0, 0.0, 0.0, 1.0, 0.0, 0.0, 0.0, 0.0, -0.04621848836541176, 1.0, 0.5, 0.5, 0.25, 1.0, 0.0, 0.75, 0.2090592384338379, 0.5833333134651184, 0.5, 0.5, 1.0, 0.75, 0.5, 0.75, 1.0, 0.0, 0.0, 0.0, 0.0, 0.0, 1.0, 0.5, 0.0, 1.0, 0.75, 1.0, 0.5, 0.0, 0.0, 0.0, 0.0, 0.0, 0.5, 1.0, 0.75, 0.25, 0.25, 1.0, 0.5, 0.0, 0.0, 0.0, 0.0, 0.0, 0.0, 0.75, 0.25, 0.5, 1.0, 0.75, 0.25, 0.0, 0.0, 0.0, 0.0, 0.0, 0.25, 0.75, 0.25, 1.0, 0.75, 0.0, 1.0, 0.0, 0.0, 0.0, 0.0, 0.0, 0.25, 0.0, 0.75, 1.0, 0.75, 1.0, 0.0, 0.0, 0.0, 0.0, 0.0, 0.0, 0.75, 0.25, 0.75, 0.75, 0.75, 0.75, 0.75, 0.0, 0.0, 0.0, 0.0, 0.0, -0.20000000298023224, 0.0, 0.9618527889251709]
  当前输入噪声缩放因子（curr_input_noise_scaling_factor）: 24
  当前wq噪声缩放因子（curr_wq_noise_scaling_factor）: 16
  当前wk噪声缩放因子（curr_wk_noise_scaling_factor）: 20
  当前wv噪声缩放因子（curr_wv_noise_scaling_factor）: 18
  当前wo噪声缩放因子（curr_wo_noise_scaling_factor）: 16
  当前wffn1噪声缩放因子（curr_wffn1_noise_scaling_factor）: 16
  当前wffn2噪声缩放因子（curr_wffn2_noise_scaling_factor）: 14
  输入x概率分布（x_prob_dist）: [0.22680774331092834, 0.4027060270309448, 0.1917310208082199, 0.10891089588403702, 0.0698443129658699]
  wq概率分布（wq_prob_dist）: [0.2622356712818146, 0.32656556367874146, 0.2209388017654419, 0.11013045161962509, 0.08012949675321579]
  wk概率分布（wk_prob_dist）: [0.3782863914966583, 0.28078576922416687, 0.15005861222743988, 0.11343595385551453, 0.07743334025144577]
  wv概率分布（wv_prob_dist）: [0.09639693051576614, 0.4068301320075989, 0.2853105068206787, 0.11251472681760788, 0.09894769638776779]
  wo概率分布（wo_prob_dist）: [0.21450218558311462, 0.36666548252105713, 0.18696361780166626, 0.12577375769615173, 0.10609492659568787]
  wffn1概率分布（wffn1_prob_dist）: [0.404305636882782, 0.24813617765903473, 0.16177815198898315, 0.11779814213514328, 0.06798185408115387]
  wffn2概率分布（wffn2_prob_dist）: [0.2374599575996399, 0.39391767978668213, 0.17768973112106323, 0.11879905313253403, 0.07213353365659714]
  评论家值（critic_value）: 1.143379807472229
  累计成本（accumulated_cost）: 25.800000000000004
  输入噪声配置（input_noise_config）: [26, 26, 22, 24, 26, 24, 22, 24]
  wq噪声配置（wq_noise_config）: [14, 18, 22, 14, 16, 14, 18, 16]
  wk噪声配置（wk_noise_config）: [18, 14, 16, 20, 20, 14, 18, 20]
  wv噪声配置（wv_noise_config）: [22, 16, 20, 18, 14, 16, 20, 18]
  wo噪声配置（wo_noise_config）: [20, 16, 20, 14, 16, 22, 14, 16]
  wffn1噪声配置（wffn1_noise_config）: [22, 24, 18, 16, 18, 16, 24, 16]
  wffn2噪声配置（wffn2_noise_config）: [16, 20, 16, 16, 16, 16, 16, 14]
  当前学习率（current_lr）: 0.000020
  当前熵系数（current_entropy_coef）: 0.023337
  步奖励（step_reward）: 0.006097560975609755
  稠密奖励步（dense_reward_step）: 0.006097560975609755
  累计稠密奖励（accumulated_dense_reward）: 0.04268292682926828
  稳定性惩罚（stability_penalty）: 0.0

  全局步数（step_global）: 97952
  回合编号（episode_id）: 8162
  层索引（layer_index）: 8
  状态向量（state_vector）: [0.0, 0.0, 0.0, 0.0, 0.0, 0.0, 0.0, 0.0, 1.0, 0.0, 0.0, 0.0, -0.05147058889269829, 0.75, 0.75, 0.25, 0.5, 0.75, 1.0, 1.0, 0.21341463923454285, 0.6666666865348816, 0.5, 0.5, 1.0, 0.75, 0.5, 0.75, 1.0, 0.75, 0.0, 0.0, 0.0, 0.0, 1.0, 0.5, 0.0, 1.0, 0.75, 1.0, 0.5, 0.75, 0.0, 0.0, 0.0, 0.0, 0.5, 1.0, 0.75, 0.25, 0.25, 1.0, 0.5, 0.25, 0.0, 0.0, 0.0, 0.0, 0.0, 0.75, 0.25, 0.5, 1.0, 0.75, 0.25, 0.5, 0.0, 0.0, 0.0, 0.0, 0.25, 0.75, 0.25, 1.0, 0.75, 0.0, 1.0, 0.75, 0.0, 0.0, 0.0, 0.0, 0.25, 0.0, 0.75, 1.0, 0.75, 1.0, 0.0, 1.0, 0.0, 0.0, 0.0, 0.0, 0.75, 0.25, 0.75, 0.75, 0.75, 0.75, 0.75, 1.0, 0.0, 0.0, 0.0, 0.0, -0.20000000298023224, 0.0, 0.9618527889251709]
  当前输入噪声缩放因子（curr_input_noise_scaling_factor）: 24
  当前wq噪声缩放因子（curr_wq_noise_scaling_factor）: 16
  当前wk噪声缩放因子（curr_wk_noise_scaling_factor）: 16
  当前wv噪声缩放因子（curr_wv_noise_scaling_factor）: 16
  当前wo噪声缩放因子（curr_wo_noise_scaling_factor）: 14
  当前wffn1噪声缩放因子（curr_wffn1_noise_scaling_factor）: 16
  当前wffn2噪声缩放因子（curr_wffn2_noise_scaling_factor）: 14
  输入x概率分布（x_prob_dist）: [0.2267879843711853, 0.40277066826820374, 0.1917235553264618, 0.10889004170894623, 0.06982772052288055]
  wq概率分布（wq_prob_dist）: [0.2622193992137909, 0.3265988528728485, 0.2209593504667282, 0.11011482775211334, 0.08010752499103546]
  wk概率分布（wk_prob_dist）: [0.3783452808856964, 0.2808065712451935, 0.15002599358558655, 0.11341305822134018, 0.07740906625986099]
  wv概率分布（wv_prob_dist）: [0.096363864839077, 0.40689706802368164, 0.2853219211101532, 0.1124957799911499, 0.09892137348651886]
  wo概率分布（wo_prob_dist）: [0.2145063728094101, 0.3666785657405853, 0.18698571622371674, 0.12574335932731628, 0.10608603805303574]
  wffn1概率分布（wffn1_prob_dist）: [0.404344767332077, 0.24816088378429413, 0.1617656797170639, 0.11777401715517044, 0.06795468181371689]
  wffn2概率分布（wffn2_prob_dist）: [0.23746897280216217, 0.39398154616355896, 0.17766037583351135, 0.11877795308828354, 0.07211115956306458]
  评论家值（critic_value）: 1.1471219062805176
  累计成本（accumulated_cost）: 28.700000000000003
  输入噪声配置（input_noise_config）: [26, 26, 22, 24, 26, 24, 22, 24, 24]
  wq噪声配置（wq_noise_config）: [14, 18, 22, 14, 16, 14, 18, 16, 16]
  wk噪声配置（wk_noise_config）: [18, 14, 16, 20, 20, 14, 18, 20, 16]
  wv噪声配置（wv_noise_config）: [22, 16, 20, 18, 14, 16, 20, 18, 16]
  wo噪声配置（wo_noise_config）: [20, 16, 20, 14, 16, 22, 14, 16, 14]
  wffn1噪声配置（wffn1_noise_config）: [22, 24, 18, 16, 18, 16, 24, 16, 16]
  wffn2噪声配置（wffn2_noise_config）: [16, 20, 16, 16, 16, 16, 16, 14, 14]
  当前学习率（current_lr）: 0.000020
  当前熵系数（current_entropy_coef）: 0.023337
  步奖励（step_reward）: 0.007317073170731707
  稠密奖励步（dense_reward_step）: 0.007317073170731707
  累计稠密奖励（accumulated_dense_reward）: 0.04999999999999999
  稳定性惩罚（stability_penalty）: 0.0

  全局步数（step_global）: 97953
  回合编号（episode_id）: 8162
  层索引（layer_index）: 9
  状态向量（state_vector）: [0.0, 0.0, 0.0, 0.0, 0.0, 0.0, 0.0, 0.0, 0.0, 1.0, 0.0, 0.0, -0.06209150329232216, 0.75, 0.75, 0.75, 0.75, 1.0, 1.0, 1.0, 0.2222222238779068, 0.75, 0.5, 0.5, 1.0, 0.75, 0.5, 0.75, 1.0, 0.75, 0.75, 0.0, 0.0, 0.0, 1.0, 0.5, 0.0, 1.0, 0.75, 1.0, 0.5, 0.75, 0.75, 0.0, 0.0, 0.0, 0.5, 1.0, 0.75, 0.25, 0.25, 1.0, 0.5, 0.25, 0.75, 0.0, 0.0, 0.0, 0.0, 0.75, 0.25, 0.5, 1.0, 0.75, 0.25, 0.5, 0.75, 0.0, 0.0, 0.0, 0.25, 0.75, 0.25, 1.0, 0.75, 0.0, 1.0, 0.75, 1.0, 0.0, 0.0, 0.0, 0.25, 0.0, 0.75, 1.0, 0.75, 1.0, 0.0, 1.0, 1.0, 0.0, 0.0, 0.0, 0.75, 0.25, 0.75, 0.75, 0.75, 0.75, 0.75, 1.0, 1.0, 0.0, 0.0, 0.0, -0.20000000298023224, 0.0, 0.9618527889251709]
  当前输入噪声缩放因子（curr_input_noise_scaling_factor）: 26
  当前wq噪声缩放因子（curr_wq_noise_scaling_factor）: 20
  当前wk噪声缩放因子（curr_wk_noise_scaling_factor）: 16
  当前wv噪声缩放因子（curr_wv_noise_scaling_factor）: 16
  当前wo噪声缩放因子（curr_wo_noise_scaling_factor）: 14
  当前wffn1噪声缩放因子（curr_wffn1_noise_scaling_factor）: 16
  当前wffn2噪声缩放因子（curr_wffn2_noise_scaling_factor）: 20
  输入x概率分布（x_prob_dist）: [0.22680002450942993, 0.40273892879486084, 0.1917305886745453, 0.1088968887925148, 0.06983358412981033]
  wq概率分布（wq_prob_dist）: [0.2622281014919281, 0.3265915811061859, 0.2209450602531433, 0.11012063175439835, 0.08011472225189209]
  wk概率分布（wk_prob_dist）: [0.3783484101295471, 0.2807910442352295, 0.1500312238931656, 0.11341442912817001, 0.07741480320692062]
  wv概率分布（wv_prob_dist）: [0.09637466818094254, 0.406859427690506, 0.2853275537490845, 0.11250901967287064, 0.09892932325601578]
  wo概率分布（wo_prob_dist）: [0.21450316905975342, 0.3666660487651825, 0.18698012828826904, 0.12575232982635498, 0.10609826445579529]
  wffn1概率分布（wffn1_prob_dist）: [0.4043503999710083, 0.24812820553779602, 0.16176627576351166, 0.11778821051120758, 0.06796687841415405]
  wffn2概率分布（wffn2_prob_dist）: [0.2374718338251114, 0.39393678307533264, 0.17768067121505737, 0.11879169195890427, 0.07211903482675552]
  评论家值（critic_value）: 1.1508605480194092
  累计成本（accumulated_cost）: 31.900000000000002
  输入噪声配置（input_noise_config）: [26, 26, 22, 24, 26, 24, 22, 24, 24, 26]
  wq噪声配置（wq_noise_config）: [14, 18, 22, 14, 16, 14, 18, 16, 16, 20]
  wk噪声配置（wk_noise_config）: [18, 14, 16, 20, 20, 14, 18, 20, 16, 16]
  wv噪声配置（wv_noise_config）: [22, 16, 20, 18, 14, 16, 20, 18, 16, 16]
  wo噪声配置（wo_noise_config）: [20, 16, 20, 14, 16, 22, 14, 16, 14, 14]
  wffn1噪声配置（wffn1_noise_config）: [22, 24, 18, 16, 18, 16, 24, 16, 16, 16]
  wffn2噪声配置（wffn2_noise_config）: [16, 20, 16, 16, 16, 16, 16, 14, 14, 20]
  当前学习率（current_lr）: 0.000020
  当前熵系数（current_entropy_coef）: 0.023337
  步奖励（step_reward）: 0.005487804878048781
  稠密奖励步（dense_reward_step）: 0.005487804878048781
  累计稠密奖励（accumulated_dense_reward）: 0.05548780487804877
  稳定性惩罚（stability_penalty）: 0.0

  全局步数（step_global）: 97954
  回合编号（episode_id）: 8162
  层索引（layer_index）: 10
  状态向量（state_vector）: [0.0, 0.0, 0.0, 0.0, 0.0, 0.0, 0.0, 0.0, 0.0, 0.0, 1.0, 0.0, -0.061764705926179886, 0.5, 0.25, 0.75, 0.75, 1.0, 1.0, 0.25, 0.2219512164592743, 0.8333333134651184, 0.5, 0.5, 1.0, 0.75, 0.5, 0.75, 1.0, 0.75, 0.75, 0.5, 0.0, 0.0, 1.0, 0.5, 0.0, 1.0, 0.75, 1.0, 0.5, 0.75, 0.75, 0.25, 0.0, 0.0, 0.5, 1.0, 0.75, 0.25, 0.25, 1.0, 0.5, 0.25, 0.75, 0.75, 0.0, 0.0, 0.0, 0.75, 0.25, 0.5, 1.0, 0.75, 0.25, 0.5, 0.75, 0.75, 0.0, 0.0, 0.25, 0.75, 0.25, 1.0, 0.75, 0.0, 1.0, 0.75, 1.0, 1.0, 0.0, 0.0, 0.25, 0.0, 0.75, 1.0, 0.75, 1.0, 0.0, 1.0, 1.0, 1.0, 0.0, 0.0, 0.75, 0.25, 0.75, 0.75, 0.75, 0.75, 0.75, 1.0, 1.0, 0.25, 0.0, 0.0, -0.20000000298023224, 0.0, 0.9618527889251709]
  当前输入噪声缩放因子（curr_input_noise_scaling_factor）: 22
  当前wq噪声缩放因子（curr_wq_noise_scaling_factor）: 16
  当前wk噪声缩放因子（curr_wk_noise_scaling_factor）: 16
  当前wv噪声缩放因子（curr_wv_noise_scaling_factor）: 22
  当前wo噪声缩放因子（curr_wo_noise_scaling_factor）: 22
  当前wffn1噪声缩放因子（curr_wffn1_noise_scaling_factor）: 16
  当前wffn2噪声缩放因子（curr_wffn2_noise_scaling_factor）: 18
  输入x概率分布（x_prob_dist）: [0.22681128978729248, 0.4026290476322174, 0.1917353868484497, 0.10894499719142914, 0.06987926363945007]
  wq概率分布（wq_prob_dist）: [0.26220041513442993, 0.32652154564857483, 0.22095757722854614, 0.1101614236831665, 0.08015909045934677]
  wk概率分布（wk_prob_dist）: [0.37824559211730957, 0.28075936436653137, 0.1500801146030426, 0.11345650255680084, 0.07745838910341263]
  wv概率分布（wv_prob_dist）: [0.09643074125051498, 0.4067371189594269, 0.2853156328201294, 0.1125425323843956, 0.09897402673959732]
  wo概率分布（wo_prob_dist）: [0.2144947201013565, 0.3666308522224426, 0.18695616722106934, 0.12580087780952454, 0.10611734539270401]
  wffn1概率分布（wffn1_prob_dist）: [0.40419521927833557, 0.24814270436763763, 0.1618194729089737, 0.11782652139663696, 0.06801604479551315]
  wffn2概率分布（wffn2_prob_dist）: [0.23747609555721283, 0.3938380777835846, 0.17769518494606018, 0.11883069574832916, 0.07215996831655502]
  评论家值（critic_value）: 1.1551119089126587
  累计成本（accumulated_cost）: 35.2
  输入噪声配置（input_noise_config）: [26, 26, 22, 24, 26, 24, 22, 24, 24, 26, 22]
  wq噪声配置（wq_noise_config）: [14, 18, 22, 14, 16, 14, 18, 16, 16, 20, 16]
  wk噪声配置（wk_noise_config）: [18, 14, 16, 20, 20, 14, 18, 20, 16, 16, 16]
  wv噪声配置（wv_noise_config）: [22, 16, 20, 18, 14, 16, 20, 18, 16, 16, 22]
  wo噪声配置（wo_noise_config）: [20, 16, 20, 14, 16, 22, 14, 16, 14, 14, 22]
  wffn1噪声配置（wffn1_noise_config）: [22, 24, 18, 16, 18, 16, 24, 16, 16, 16, 16]
  wffn2噪声配置（wffn2_noise_config）: [16, 20, 16, 16, 16, 16, 16, 14, 14, 20, 18]
  当前学习率（current_lr）: 0.000020
  当前熵系数（current_entropy_coef）: 0.023337
  步奖励（step_reward）: 0.004878048780487802
  稠密奖励步（dense_reward_step）: 0.004878048780487802
  累计稠密奖励（accumulated_dense_reward）: 0.06036585365853657
  稳定性惩罚（stability_penalty）: 0.0

  全局步数（step_global）: 97955
  回合编号（episode_id）: 8162
  层索引（layer_index）: 11
  状态向量（state_vector）: [0.0, 0.0, 0.0, 0.0, 0.0, 0.0, 0.0, 0.0, 0.0, 0.0, 0.0, 1.0, -0.05882352963089943, 1.0, 0.75, 0.75, 0.0, 0.0, 1.0, 0.5, 0.2195121943950653, 0.9166666865348816, 0.5, 0.5, 1.0, 0.75, 0.5, 0.75, 1.0, 0.75, 0.75, 0.5, 1.0, 0.0, 1.0, 0.5, 0.0, 1.0, 0.75, 1.0, 0.5, 0.75, 0.75, 0.25, 0.75, 0.0, 0.5, 1.0, 0.75, 0.25, 0.25, 1.0, 0.5, 0.25, 0.75, 0.75, 0.75, 0.0, 0.0, 0.75, 0.25, 0.5, 1.0, 0.75, 0.25, 0.5, 0.75, 0.75, 0.0, 0.0, 0.25, 0.75, 0.25, 1.0, 0.75, 0.0, 1.0, 0.75, 1.0, 1.0, 0.0, 0.0, 0.25, 0.0, 0.75, 1.0, 0.75, 1.0, 0.0, 1.0, 1.0, 1.0, 1.0, 0.0, 0.75, 0.25, 0.75, 0.75, 0.75, 0.75, 0.75, 1.0, 1.0, 0.25, 0.5, 0.0, -0.20000000298023224, 0.0, 0.9618527889251709]
  当前输入噪声缩放因子（curr_input_noise_scaling_factor）: 30
  当前wq噪声缩放因子（curr_wq_noise_scaling_factor）: 14
  当前wk噪声缩放因子（curr_wk_noise_scaling_factor）: 18
  当前wv噪声缩放因子（curr_wv_noise_scaling_factor）: 18
  当前wo噪声缩放因子（curr_wo_noise_scaling_factor）: 18
  当前wffn1噪声缩放因子（curr_wffn1_noise_scaling_factor）: 22
  当前wffn2噪声缩放因子（curr_wffn2_noise_scaling_factor）: 14
  输入x概率分布（x_prob_dist）: [0.22682806849479675, 0.4025602340698242, 0.19174234569072723, 0.10897175967693329, 0.06989754736423492]
  wq概率分布（wq_prob_dist）: [0.26215624809265137, 0.32647475600242615, 0.2209997922182083, 0.11018620431423187, 0.0801830068230629]
  wk概率分布（wk_prob_dist）: [0.3781297504901886, 0.2807813882827759, 0.1500924974679947, 0.1134948655962944, 0.07750152796506882]
  wv概率分布（wv_prob_dist）: [0.09643904864788055, 0.40669673681259155, 0.2852783501148224, 0.11258625984191895, 0.09899969398975372]
  wo概率分布（wo_prob_dist）: [0.21452520787715912, 0.3664514720439911, 0.18705631792545319, 0.12580277025699615, 0.10616420954465866]
  wffn1概率分布（wffn1_prob_dist）: [0.40413644909858704, 0.24816833436489105, 0.1618269681930542, 0.11784084886312485, 0.06802740693092346]
  wffn2概率分布（wffn2_prob_dist）: [0.23747925460338593, 0.3938295841217041, 0.17768990993499756, 0.11883153021335602, 0.0721696987748146]
  评论家值（critic_value）: 1.1686667203903198
  累计成本（accumulated_cost）: 38.550000000000004
  输入噪声配置（input_noise_config）: [26, 26, 22, 24, 26, 24, 22, 24, 24, 26, 22, 30]
  wq噪声配置（wq_noise_config）: [14, 18, 22, 14, 16, 14, 18, 16, 16, 20, 16, 14]
  wk噪声配置（wk_noise_config）: [18, 14, 16, 20, 20, 14, 18, 20, 16, 16, 16, 18]
  wv噪声配置（wv_noise_config）: [22, 16, 20, 18, 14, 16, 20, 18, 16, 16, 22, 18]
  wo噪声配置（wo_noise_config）: [20, 16, 20, 14, 16, 22, 14, 16, 14, 14, 22, 18]
  wffn1噪声配置（wffn1_noise_config）: [22, 24, 18, 16, 18, 16, 24, 16, 16, 16, 16, 22]
  wffn2噪声配置（wffn2_noise_config）: [16, 20, 16, 16, 16, 16, 16, 14, 14, 20, 18, 14]
  当前学习率（current_lr）: 0.000020
  当前熵系数（current_entropy_coef）: 0.023337
  蒙特卡洛采样数（mc_samples）: 5
  蒙特卡洛损失均值（mc_loss_mean）: 0.2869147022565206
  蒙特卡洛损失标准差（mc_loss_std）: 0.0033656194361097094
  蒙特卡洛指标1均值（mc_metric1_mean）: 0.9094736842105263
  蒙特卡洛指标1标准差（mc_metric1_std）: 0.004091896066558073
  蒙特卡洛指标2均值（mc_metric2_mean）: 0.9080476785708781
  蒙特卡洛指标2标准差（mc_metric2_std）: 0.0040480638952758215
  步奖励（step_reward）: 1.1954347280955404
  稠密奖励步（dense_reward_step）: 0.004573170731707315
  原始最终奖励（raw_final_reward）: 1.190861557363833
  最终选择分数（final_selection_score）: 1.190861557363833
  累计稠密奖励（accumulated_dense_reward）: 0.06493902439024389
  稳定性代理（stability_proxy）: 0.47939914158098346
  稳定性惩罚（stability_penalty）: -0.0

--- 回合（Episode） 8164 (回合回报（EpisodeReturn）=1.1949, 原始最终奖励（RawFinalReward）=1.1351, 稠密奖励合计（DenseRewardTotal）=0.0598) ---
  全局步数（step_global）: 97956
  回合编号（episode_id）: 8163
  层索引（layer_index）: 0
  状态向量（state_vector）: [1.0, 0.0, 0.0, 0.0, 0.0, 0.0, 0.0, 0.0, 0.0, 0.0, 0.0, 0.0, 0.0, 0.0, 0.0, 0.0, 0.0, 0.0, 0.0, 0.0, 0.0, 0.0, 0.0, 0.0, 0.0, 0.0, 0.0, 0.0, 0.0, 0.0, 0.0, 0.0, 0.0, 0.0, 0.0, 0.0, 0.0, 0.0, 0.0, 0.0, 0.0, 0.0, 0.0, 0.0, 0.0, 0.0, 0.0, 0.0, 0.0, 0.0, 0.0, 0.0, 0.0, 0.0, 0.0, 0.0, 0.0, 0.0, 0.0, 0.0, 0.0, 0.0, 0.0, 0.0, 0.0, 0.0, 0.0, 0.0, 0.0, 0.0, 0.0, 0.0, 0.0, 0.0, 0.0, 0.0, 0.0, 0.0, 0.0, 0.0, 0.0, 0.0, 0.0, 0.0, 0.0, 0.0, 0.0, 0.0, 0.0, 0.0, 0.0, 0.0, 0.0, 0.0, 0.0, 0.0, 0.0, 0.0, 0.0, 0.0, 0.0, 0.0, 0.0, 0.0, 0.0, 0.0, -0.20000000298023224, 0.0, 0.9545912742614746]
  当前输入噪声缩放因子（curr_input_noise_scaling_factor）: 30
  当前wq噪声缩放因子（curr_wq_noise_scaling_factor）: 18
  当前wk噪声缩放因子（curr_wk_noise_scaling_factor）: 22
  当前wv噪声缩放因子（curr_wv_noise_scaling_factor）: 18
  当前wo噪声缩放因子（curr_wo_noise_scaling_factor）: 20
  当前wffn1噪声缩放因子（curr_wffn1_noise_scaling_factor）: 18
  当前wffn2噪声缩放因子（curr_wffn2_noise_scaling_factor）: 22
  输入x概率分布（x_prob_dist）: [0.22739362716674805, 0.3987727761268616, 0.1922815591096878, 0.11022935062646866, 0.07132276892662048]
  wq概率分布（wq_prob_dist）: [0.2611250877380371, 0.3248694837093353, 0.22090190649032593, 0.11160247027873993, 0.08150102943181992]
  wk概率分布（wk_prob_dist）: [0.3760974109172821, 0.27919644117355347, 0.15125879645347595, 0.11467662453651428, 0.07877077907323837]
  wv概率分布（wv_prob_dist）: [0.09814610332250595, 0.4023829698562622, 0.2849380373954773, 0.11400622874498367, 0.10052670538425446]
  wo概率分布（wo_prob_dist）: [0.21458373963832855, 0.36387714743614197, 0.1872754842042923, 0.12686024606227875, 0.1074034571647644]
  wffn1概率分布（wffn1_prob_dist）: [0.40064510703086853, 0.24769268929958344, 0.16279371082782745, 0.11939115077257156, 0.0694773718714714]
  wffn2概率分布（wffn2_prob_dist）: [0.2376352697610855, 0.3898703455924988, 0.17862102389335632, 0.12026117742061615, 0.07361210882663727]
  评论家值（critic_value）: 1.1102643013000488
  累计成本（accumulated_cost）: 3.7
  输入噪声配置（input_noise_config）: [30]
  wq噪声配置（wq_noise_config）: [18]
  wk噪声配置（wk_noise_config）: [22]
  wv噪声配置（wv_noise_config）: [18]
  wo噪声配置（wo_noise_config）: [20]
  wffn1噪声配置（wffn1_noise_config）: [18]
  wffn2噪声配置（wffn2_noise_config）: [22]
  当前学习率（current_lr）: 0.000020
  当前熵系数（current_entropy_coef）: 0.023334
  步奖励（step_reward）: 0.0024390243902438994
  稠密奖励步（dense_reward_step）: 0.0024390243902438994
  累计稠密奖励（accumulated_dense_reward）: 0.0024390243902438994
  稳定性惩罚（stability_penalty）: 0.0

  全局步数（step_global）: 97957
  回合编号（episode_id）: 8163
  层索引（layer_index）: 1
  状态向量（state_vector）: [0.0, 1.0, 0.0, 0.0, 0.0, 0.0, 0.0, 0.0, 0.0, 0.0, 0.0, 0.0, 0.0882352963089943, 0.0, 0.5, 0.0, 0.5, 0.25, 0.75, 0.0, 0.09756097197532654, 0.0833333358168602, 0.0, 0.0, 0.0, 0.0, 0.0, 0.0, 0.0, 0.0, 0.0, 0.0, 0.0, 0.0, 0.5, 0.0, 0.0, 0.0, 0.0, 0.0, 0.0, 0.0, 0.0, 0.0, 0.0, 0.0, 0.0, 0.0, 0.0, 0.0, 0.0, 0.0, 0.0, 0.0, 0.0, 0.0, 0.0, 0.0, 0.5, 0.0, 0.0, 0.0, 0.0, 0.0, 0.0, 0.0, 0.0, 0.0, 0.0, 0.0, 0.25, 0.0, 0.0, 0.0, 0.0, 0.0, 0.0, 0.0, 0.0, 0.0, 0.0, 0.0, 0.75, 0.0, 0.0, 0.0, 0.0, 0.0, 0.0, 0.0, 0.0, 0.0, 0.0, 0.0, 0.0, 0.0, 0.0, 0.0, 0.0, 0.0, 0.0, 0.0, 0.0, 0.0, 0.0, 0.0, -0.20000000298023224, 0.0, 0.9545912742614746]
  当前输入噪声缩放因子（curr_input_noise_scaling_factor）: 26
  当前wq噪声缩放因子（curr_wq_noise_scaling_factor）: 16
  当前wk噪声缩放因子（curr_wk_noise_scaling_factor）: 22
  当前wv噪声缩放因子（curr_wv_noise_scaling_factor）: 16
  当前wo噪声缩放因子（curr_wo_noise_scaling_factor）: 16
  当前wffn1噪声缩放因子（curr_wffn1_noise_scaling_factor）: 20
  当前wffn2噪声缩放因子（curr_wffn2_noise_scaling_factor）: 18
  输入x概率分布（x_prob_dist）: [0.2268090695142746, 0.40263891220092773, 0.1917410045862198, 0.1089375764131546, 0.06987345963716507]
  wq概率分布（wq_prob_dist）: [0.2622258961200714, 0.3265248239040375, 0.22094711661338806, 0.11014103144407272, 0.08016107231378555]
  wk概率分布（wk_prob_dist）: [0.3782297670841217, 0.28078263998031616, 0.15007805824279785, 0.11345413327217102, 0.07745542377233505]
  wv概率分布（wv_prob_dist）: [0.09642402082681656, 0.40676820278167725, 0.2852780222892761, 0.11254598200321198, 0.09898371994495392]
  wo概率分布（wo_prob_dist）: [0.21448914706707, 0.3666245639324188, 0.18697239458560944, 0.12579789757728577, 0.10611597448587418]
  wffn1概率分布（wffn1_prob_dist）: [0.40423235297203064, 0.24812880158424377, 0.16180571913719177, 0.11782801896333694, 0.06800510734319687]
  wffn2概率分布（wffn2_prob_dist）: [0.23745276033878326, 0.393847793340683, 0.1776999682188034, 0.11883550882339478, 0.07216393947601318]
  评论家值（critic_value）: 1.1154868602752686
  累计成本（accumulated_cost）: 7.050000000000001
  输入噪声配置（input_noise_config）: [30, 26]
  wq噪声配置（wq_noise_config）: [18, 16]
  wk噪声配置（wk_noise_config）: [22, 22]
  wv噪声配置（wv_noise_config）: [18, 16]
  wo噪声配置（wo_noise_config）: [20, 16]
  wffn1噪声配置（wffn1_noise_config）: [18, 20]
  wffn2噪声配置（wffn2_noise_config）: [22, 18]
  当前学习率（current_lr）: 0.000020
  当前熵系数（current_entropy_coef）: 0.023334
  步奖励（step_reward）: 0.004573170731707315
  稠密奖励步（dense_reward_step）: 0.004573170731707315
  累计稠密奖励（accumulated_dense_reward）: 0.0070121951219512145
  稳定性惩罚（stability_penalty）: 0.0

  全局步数（step_global）: 97958
  回合编号（episode_id）: 8163
  层索引（layer_index）: 2
  状态向量（state_vector）: [0.0, 0.0, 1.0, 0.0, 0.0, 0.0, 0.0, 0.0, 0.0, 0.0, 0.0, 0.0, 0.036764707416296005, 0.5, 0.75, 0.0, 0.75, 0.75, 0.5, 0.5, 0.14024390280246735, 0.1666666716337204, 0.0, 0.5, 0.0, 0.0, 0.0, 0.0, 0.0, 0.0, 0.0, 0.0, 0.0, 0.0, 0.5, 0.75, 0.0, 0.0, 0.0, 0.0, 0.0, 0.0, 0.0, 0.0, 0.0, 0.0, 0.0, 0.0, 0.0, 0.0, 0.0, 0.0, 0.0, 0.0, 0.0, 0.0, 0.0, 0.0, 0.5, 0.75, 0.0, 0.0, 0.0, 0.0, 0.0, 0.0, 0.0, 0.0, 0.0, 0.0, 0.25, 0.75, 0.0, 0.0, 0.0, 0.0, 0.0, 0.0, 0.0, 0.0, 0.0, 0.0, 0.75, 0.5, 0.0, 0.0, 0.0, 0.0, 0.0, 0.0, 0.0, 0.0, 0.0, 0.0, 0.0, 0.5, 0.0, 0.0, 0.0, 0.0, 0.0, 0.0, 0.0, 0.0, 0.0, 0.0, -0.20000000298023224, 0.0, 0.9545912742614746]
  当前输入噪声缩放因子（curr_input_noise_scaling_factor）: 24
  当前wq噪声缩放因子（curr_wq_noise_scaling_factor）: 16
  当前wk噪声缩放因子（curr_wk_noise_scaling_factor）: 16
  当前wv噪声缩放因子（curr_wv_noise_scaling_factor）: 18
  当前wo噪声缩放因子（curr_wo_noise_scaling_factor）: 18
  当前wffn1噪声缩放因子（curr_wffn1_noise_scaling_factor）: 18
  当前wffn2噪声缩放因子（curr_wffn2_noise_scaling_factor）: 14
  输入x概率分布（x_prob_dist）: [0.22681427001953125, 0.4025839567184448, 0.19174985587596893, 0.10896133631467819, 0.06989055126905441]
  wq概率分布（wq_prob_dist）: [0.26218655705451965, 0.3264864981174469, 0.22097516059875488, 0.11017988622188568, 0.08017187565565109]
  wk概率分布（wk_prob_dist）: [0.37817633152008057, 0.280781090259552, 0.150076225399971, 0.11347999423742294, 0.07748638838529587]
  wv概率分布（wv_prob_dist）: [0.0964321494102478, 0.40673360228538513, 0.28528496623039246, 0.1125641018152237, 0.09898518770933151]
  wo概率分布（wo_prob_dist）: [0.2145157903432846, 0.36650770902633667, 0.18702539801597595, 0.1257973313331604, 0.10615382343530655]
  wffn1概率分布（wffn1_prob_dist）: [0.4041789472103119, 0.24816882610321045, 0.16180682182312012, 0.11782941222190857, 0.06801605969667435]
  wffn2概率分布（wffn2_prob_dist）: [0.23746608197689056, 0.39385342597961426, 0.17768937349319458, 0.11882250756025314, 0.07216859608888626]
  评论家值（critic_value）: 1.1186530590057373
  累计成本（accumulated_cost）: 10.15
  输入噪声配置（input_noise_config）: [30, 26, 24]
  wq噪声配置（wq_noise_config）: [18, 16, 16]
  wk噪声配置（wk_noise_config）: [22, 22, 16]
  wv噪声配置（wv_noise_config）: [18, 16, 18]
  wo噪声配置（wo_noise_config）: [20, 16, 18]
  wffn1噪声配置（wffn1_noise_config）: [18, 20, 18]
  wffn2噪声配置（wffn2_noise_config）: [22, 18, 14]
  当前学习率（current_lr）: 0.000020
  当前熵系数（current_entropy_coef）: 0.023334
  步奖励（step_reward）: 0.006097560975609755
  稠密奖励步（dense_reward_step）: 0.006097560975609755
  累计稠密奖励（accumulated_dense_reward）: 0.01310975609756097
  稳定性惩罚（stability_penalty）: 0.0

  全局步数（step_global）: 97959
  回合编号（episode_id）: 8163
  层索引（layer_index）: 3
  状态向量（state_vector）: [0.0, 0.0, 0.0, 1.0, 0.0, 0.0, 0.0, 0.0, 0.0, 0.0, 0.0, 0.0, -0.0049019609577953815, 0.75, 0.75, 0.75, 0.5, 0.5, 0.75, 1.0, 0.17479674518108368, 0.25, 0.0, 0.5, 0.75, 0.0, 0.0, 0.0, 0.0, 0.0, 0.0, 0.0, 0.0, 0.0, 0.5, 0.75, 0.75, 0.0, 0.0, 0.0, 0.0, 0.0, 0.0, 0.0, 0.0, 0.0, 0.0, 0.0, 0.75, 0.0, 0.0, 0.0, 0.0, 0.0, 0.0, 0.0, 0.0, 0.0, 0.5, 0.75, 0.5, 0.0, 0.0, 0.0, 0.0, 0.0, 0.0, 0.0, 0.0, 0.0, 0.25, 0.75, 0.5, 0.0, 0.0, 0.0, 0.0, 0.0, 0.0, 0.0, 0.0, 0.0, 0.75, 0.5, 0.75, 0.0, 0.0, 0.0, 0.0, 0.0, 0.0, 0.0, 0.0, 0.0, 0.0, 0.5, 1.0, 0.0, 0.0, 0.0, 0.0, 0.0, 0.0, 0.0, 0.0, 0.0, -0.20000000298023224, 0.0, 0.9545912742614746]
  当前输入噪声缩放因子（curr_input_noise_scaling_factor）: 24
  当前wq噪声缩放因子（curr_wq_noise_scaling_factor）: 14
  当前wk噪声缩放因子（curr_wk_noise_scaling_factor）: 14
  当前wv噪声缩放因子（curr_wv_noise_scaling_factor）: 14
  当前wo噪声缩放因子（curr_wo_noise_scaling_factor）: 22
  当前wffn1噪声缩放因子（curr_wffn1_noise_scaling_factor）: 16
  当前wffn2噪声缩放因子（curr_wffn2_noise_scaling_factor）: 16
  输入x概率分布（x_prob_dist）: [0.22680844366550446, 0.40273356437683105, 0.19172829389572144, 0.10889823734760284, 0.06983143836259842]
  wq概率分布（wq_prob_dist）: [0.26223504543304443, 0.32659149169921875, 0.22093984484672546, 0.1101173385977745, 0.08011627942323685]
  wk概率分布（wk_prob_dist）: [0.3783266544342041, 0.2807902991771698, 0.15004736185073853, 0.11341827362775803, 0.07741738855838776]
  wv概率分布（wv_prob_dist）: [0.09638063609600067, 0.4068675935268402, 0.2853170335292816, 0.11250312626361847, 0.09893163293600082]
  wo概率分布（wo_prob_dist）: [0.2145041674375534, 0.3666911721229553, 0.18695899844169617, 0.12576134502887726, 0.10608433932065964]
  wffn1概率分布（wffn1_prob_dist）: [0.4043353497982025, 0.2481318861246109, 0.16177091002464294, 0.11778941750526428, 0.06797247380018234]
  wffn2概率分布（wffn2_prob_dist）: [0.23745867609977722, 0.39395201206207275, 0.17767979204654694, 0.11878949403762817, 0.07212008535861969]
  评论家值（critic_value）: 1.1203131675720215
  累计成本（accumulated_cost）: 13.15
  输入噪声配置（input_noise_config）: [30, 26, 24, 24]
  wq噪声配置（wq_noise_config）: [18, 16, 16, 14]
  wk噪声配置（wk_noise_config）: [22, 22, 16, 14]
  wv噪声配置（wv_noise_config）: [18, 16, 18, 14]
  wo噪声配置（wo_noise_config）: [20, 16, 18, 22]
  wffn1噪声配置（wffn1_noise_config）: [18, 20, 18, 16]
  wffn2噪声配置（wffn2_noise_config）: [22, 18, 14, 16]
  当前学习率（current_lr）: 0.000020
  当前熵系数（current_entropy_coef）: 0.023334
  步奖励（step_reward）: 0.006707317073170731
  稠密奖励步（dense_reward_step）: 0.006707317073170731
  累计稠密奖励（accumulated_dense_reward）: 0.0198170731707317
  稳定性惩罚（stability_penalty）: 0.0

  全局步数（step_global）: 97960
  回合编号（episode_id）: 8163
  层索引（layer_index）: 4
  状态向量（state_vector）: [0.0, 0.0, 0.0, 0.0, 1.0, 0.0, 0.0, 0.0, 0.0, 0.0, 0.0, 0.0, -0.033088237047195435, 0.75, 1.0, 1.0, 1.0, 0.0, 1.0, 0.75, 0.1981707364320755, 0.3333333432674408, 0.0, 0.5, 0.75, 0.75, 0.0, 0.0, 0.0, 0.0, 0.0, 0.0, 0.0, 0.0, 0.5, 0.75, 0.75, 1.0, 0.0, 0.0, 0.0, 0.0, 0.0, 0.0, 0.0, 0.0, 0.0, 0.0, 0.75, 1.0, 0.0, 0.0, 0.0, 0.0, 0.0, 0.0, 0.0, 0.0, 0.5, 0.75, 0.5, 1.0, 0.0, 0.0, 0.0, 0.0, 0.0, 0.0, 0.0, 0.0, 0.25, 0.75, 0.5, 0.0, 0.0, 0.0, 0.0, 0.0, 0.0, 0.0, 0.0, 0.0, 0.75, 0.5, 0.75, 1.0, 0.0, 0.0, 0.0, 0.0, 0.0, 0.0, 0.0, 0.0, 0.0, 0.5, 1.0, 0.75, 0.0, 0.0, 0.0, 0.0, 0.0, 0.0, 0.0, 0.0, -0.20000000298023224, 0.0, 0.9545912742614746]
  当前输入噪声缩放因子（curr_input_noise_scaling_factor）: 28
  当前wq噪声缩放因子（curr_wq_noise_scaling_factor）: 14
  当前wk噪声缩放因子（curr_wk_noise_scaling_factor）: 20
  当前wv噪声缩放因子（curr_wv_noise_scaling_factor）: 22
  当前wo噪声缩放因子（curr_wo_noise_scaling_factor）: 22
  当前wffn1噪声缩放因子（curr_wffn1_noise_scaling_factor）: 16
  当前wffn2噪声缩放因子（curr_wffn2_noise_scaling_factor）: 18
  输入x概率分布（x_prob_dist）: [0.22682984173297882, 0.4026453197002411, 0.19173960387706757, 0.10892622917890549, 0.06985901296138763]
  wq概率分布（wq_prob_dist）: [0.2622049152851105, 0.32656362652778625, 0.220942884683609, 0.11014900356531143, 0.08013954013586044]
  wk概率分布（wk_prob_dist）: [0.3782397210597992, 0.28076738119125366, 0.1500810980796814, 0.11345665901899338, 0.07745514065027237]
  wv概率分布（wv_prob_dist）: [0.0964110866189003, 0.4067842364311218, 0.28530383110046387, 0.11254243552684784, 0.09895838797092438]
  wo概率分布（wo_prob_dist）: [0.2145274430513382, 0.3665646016597748, 0.18699483573436737, 0.1257854849100113, 0.10612771660089493]
  wffn1概率分布（wffn1_prob_dist）: [0.4042399525642395, 0.24814142286777496, 0.16178497672080994, 0.11782553791999817, 0.06800804287195206]
  wffn2概率分布（wffn2_prob_dist）: [0.23745502531528473, 0.39389246702194214, 0.17770352959632874, 0.11881068348884583, 0.07213833183050156]
  评论家值（critic_value）: 1.1253857612609863
  累计成本（accumulated_cost）: 16.650000000000002
  输入噪声配置（input_noise_config）: [30, 26, 24, 24, 28]
  wq噪声配置（wq_noise_config）: [18, 16, 16, 14, 14]
  wk噪声配置（wk_noise_config）: [22, 22, 16, 14, 20]
  wv噪声配置（wv_noise_config）: [18, 16, 18, 14, 22]
  wo噪声配置（wo_noise_config）: [20, 16, 18, 22, 22]
  wffn1噪声配置（wffn1_noise_config）: [18, 20, 18, 16, 16]
  wffn2噪声配置（wffn2_noise_config）: [22, 18, 14, 16, 18]
  当前学习率（current_lr）: 0.000020
  当前熵系数（current_entropy_coef）: 0.023334
  步奖励（step_reward）: 0.0036585365853658495
  稠密奖励步（dense_reward_step）: 0.0036585365853658495
  累计稠密奖励（accumulated_dense_reward）: 0.02347560975609755
  稳定性惩罚（stability_penalty）: 0.0

  全局步数（step_global）: 97961
  回合编号（episode_id）: 8163
  层索引（layer_index）: 5
  状态向量（state_vector）: [0.0, 0.0, 0.0, 0.0, 0.0, 1.0, 0.0, 0.0, 0.0, 0.0, 0.0, 0.0, -0.020588235929608345, 0.25, 1.0, 0.25, 0.0, 0.0, 1.0, 0.5, 0.18780487775802612, 0.4166666567325592, 0.0, 0.5, 0.75, 0.75, 0.25, 0.0, 0.0, 0.0, 0.0, 0.0, 0.0, 0.0, 0.5, 0.75, 0.75, 1.0, 1.0, 0.0, 0.0, 0.0, 0.0, 0.0, 0.0, 0.0, 0.0, 0.0, 0.75, 1.0, 0.25, 0.0, 0.0, 0.0, 0.0, 0.0, 0.0, 0.0, 0.5, 0.75, 0.5, 1.0, 0.0, 0.0, 0.0, 0.0, 0.0, 0.0, 0.0, 0.0, 0.25, 0.75, 0.5, 0.0, 0.0, 0.0, 0.0, 0.0, 0.0, 0.0, 0.0, 0.0, 0.75, 0.5, 0.75, 1.0, 1.0, 0.0, 0.0, 0.0, 0.0, 0.0, 0.0, 0.0, 0.0, 0.5, 1.0, 0.75, 0.5, 0.0, 0.0, 0.0, 0.0, 0.0, 0.0, 0.0, -0.20000000298023224, 0.0, 0.9545912742614746]
  当前输入噪声缩放因子（curr_input_noise_scaling_factor）: 22
  当前wq噪声缩放因子（curr_wq_noise_scaling_factor）: 14
  当前wk噪声缩放因子（curr_wk_noise_scaling_factor）: 20
  当前wv噪声缩放因子（curr_wv_noise_scaling_factor）: 20
  当前wo噪声缩放因子（curr_wo_noise_scaling_factor）: 22
  当前wffn1噪声缩放因子（curr_wffn1_noise_scaling_factor）: 18
  当前wffn2噪声缩放因子（curr_wffn2_noise_scaling_factor）: 16
  输入x概率分布（x_prob_dist）: [0.22681033611297607, 0.4024907052516937, 0.1917586475610733, 0.10900495946407318, 0.06993532925844193]
  wq概率分布（wq_prob_dist）: [0.26214662194252014, 0.3264229893684387, 0.22100721299648285, 0.11020943522453308, 0.08021374046802521]
  wk概率分布（wk_prob_dist）: [0.3780757188796997, 0.2807706296443939, 0.1501069813966751, 0.11351777613162994, 0.07752881944179535]
  wv概率分布（wv_prob_dist）: [0.09646917134523392, 0.40663832426071167, 0.2852548062801361, 0.112608402967453, 0.0990292876958847]
  wo概率分布（wo_prob_dist）: [0.21450906991958618, 0.3664228916168213, 0.18704646825790405, 0.1258314847946167, 0.10619011521339417]
  wffn1概率分布（wffn1_prob_dist）: [0.40404701232910156, 0.24817779660224915, 0.1618528813123703, 0.11786699295043945, 0.06805529445409775]
  wffn2概率分布（wffn2_prob_dist）: [0.23747840523719788, 0.3937522768974304, 0.17769736051559448, 0.11886356770992279, 0.07220841944217682]
  评论家值（critic_value）: 1.1316052675247192
  累计成本（accumulated_cost）: 19.950000000000003
  输入噪声配置（input_noise_config）: [30, 26, 24, 24, 28, 22]
  wq噪声配置（wq_noise_config）: [18, 16, 16, 14, 14, 14]
  wk噪声配置（wk_noise_config）: [22, 22, 16, 14, 20, 20]
  wv噪声配置（wv_noise_config）: [18, 16, 18, 14, 22, 20]
  wo噪声配置（wo_noise_config）: [20, 16, 18, 22, 22, 22]
  wffn1噪声配置（wffn1_noise_config）: [18, 20, 18, 16, 16, 18]
  wffn2噪声配置（wffn2_noise_config）: [22, 18, 14, 16, 18, 16]
  当前学习率（current_lr）: 0.000020
  当前熵系数（current_entropy_coef）: 0.023334
  步奖励（step_reward）: 0.004878048780487802
  稠密奖励步（dense_reward_step）: 0.004878048780487802
  累计稠密奖励（accumulated_dense_reward）: 0.028353658536585353
  稳定性惩罚（stability_penalty）: 0.0

  全局步数（step_global）: 97962
  回合编号（episode_id）: 8163
  层索引（layer_index）: 6
  状态向量（state_vector）: [0.0, 0.0, 0.0, 0.0, 0.0, 0.0, 1.0, 0.0, 0.0, 0.0, 0.0, 0.0, -0.022058824077248573, 1.0, 1.0, 0.25, 0.25, 0.0, 0.75, 0.75, 0.18902438879013062, 0.5, 0.0, 0.5, 0.75, 0.75, 0.25, 1.0, 0.0, 0.0, 0.0, 0.0, 0.0, 0.0, 0.5, 0.75, 0.75, 1.0, 1.0, 1.0, 0.0, 0.0, 0.0, 0.0, 0.0, 0.0, 0.0, 0.0, 0.75, 1.0, 0.25, 0.25, 0.0, 0.0, 0.0, 0.0, 0.0, 0.0, 0.5, 0.75, 0.5, 1.0, 0.0, 0.25, 0.0, 0.0, 0.0, 0.0, 0.0, 0.0, 0.25, 0.75, 0.5, 0.0, 0.0, 0.0, 0.0, 0.0, 0.0, 0.0, 0.0, 0.0, 0.75, 0.5, 0.75, 1.0, 1.0, 0.75, 0.0, 0.0, 0.0, 0.0, 0.0, 0.0, 0.0, 0.5, 1.0, 0.75, 0.5, 0.75, 0.0, 0.0, 0.0, 0.0, 0.0, 0.0, -0.20000000298023224, 0.0, 0.9545912742614746]
  当前输入噪声缩放因子（curr_input_noise_scaling_factor）: 22
  当前wq噪声缩放因子（curr_wq_noise_scaling_factor）: 18
  当前wk噪声缩放因子（curr_wk_noise_scaling_factor）: 16
  当前wv噪声缩放因子（curr_wv_noise_scaling_factor）: 20
  当前wo噪声缩放因子（curr_wo_noise_scaling_factor）: 16
  当前wffn1噪声缩放因子（curr_wffn1_noise_scaling_factor）: 24
  当前wffn2噪声缩放因子（curr_wffn2_noise_scaling_factor）: 18
  输入x概率分布（x_prob_dist）: [0.2268209606409073, 0.402670294046402, 0.19173362851142883, 0.10892224311828613, 0.06985290348529816]
  wq概率分布（wq_prob_dist）: [0.2622193992137909, 0.32655391097068787, 0.22095079720020294, 0.11013701558113098, 0.0801389291882515]
  wk概率分布（wk_prob_dist）: [0.3782725930213928, 0.28078144788742065, 0.1500646322965622, 0.11343879997730255, 0.07744243741035461]
  wv概率分布（wv_prob_dist）: [0.09640196710824966, 0.40680474042892456, 0.28531473875045776, 0.11252640932798386, 0.09895220398902893]
  wo概率分布（wo_prob_dist）: [0.2145056426525116, 0.36663535237312317, 0.18697041273117065, 0.12578140199184418, 0.10610716044902802]
  wffn1概率分布（wffn1_prob_dist）: [0.4042748212814331, 0.24813705682754517, 0.16178613901138306, 0.1178072914481163, 0.06799468398094177]
  wffn2概率分布（wffn2_prob_dist）: [0.23746640980243683, 0.3938955068588257, 0.1776943802833557, 0.11880668252706528, 0.0721370279788971]
  评论家值（critic_value）: 1.1353206634521484
  累计成本（accumulated_cost）: 23.300000000000004
  输入噪声配置（input_noise_config）: [30, 26, 24, 24, 28, 22, 22]
  wq噪声配置（wq_noise_config）: [18, 16, 16, 14, 14, 14, 18]
  wk噪声配置（wk_noise_config）: [22, 22, 16, 14, 20, 20, 16]
  wv噪声配置（wv_noise_config）: [18, 16, 18, 14, 22, 20, 20]
  wo噪声配置（wo_noise_config）: [20, 16, 18, 22, 22, 22, 16]
  wffn1噪声配置（wffn1_noise_config）: [18, 20, 18, 16, 16, 18, 24]
  wffn2噪声配置（wffn2_noise_config）: [22, 18, 14, 16, 18, 16, 18]
  当前学习率（current_lr）: 0.000020
  当前熵系数（current_entropy_coef）: 0.023334
  步奖励（step_reward）: 0.004573170731707315
  稠密奖励步（dense_reward_step）: 0.004573170731707315
  累计稠密奖励（accumulated_dense_reward）: 0.03292682926829267
  稳定性惩罚（stability_penalty）: 0.0

  全局步数（step_global）: 97963
  回合编号（episode_id）: 8163
  层索引（layer_index）: 7
  状态向量（state_vector）: [0.0, 0.0, 0.0, 0.0, 0.0, 0.0, 0.0, 1.0, 0.0, 0.0, 0.0, 0.0, -0.021008403971791267, 1.0, 0.5, 0.75, 0.25, 0.75, 0.0, 0.5, 0.18815331161022186, 0.5833333134651184, 0.0, 0.5, 0.75, 0.75, 0.25, 1.0, 1.0, 0.0, 0.0, 0.0, 0.0, 0.0, 0.5, 0.75, 0.75, 1.0, 1.0, 1.0, 0.5, 0.0, 0.0, 0.0, 0.0, 0.0, 0.0, 0.0, 0.75, 1.0, 0.25, 0.25, 0.75, 0.0, 0.0, 0.0, 0.0, 0.0, 0.5, 0.75, 0.5, 1.0, 0.0, 0.25, 0.25, 0.0, 0.0, 0.0, 0.0, 0.0, 0.25, 0.75, 0.5, 0.0, 0.0, 0.0, 0.75, 0.0, 0.0, 0.0, 0.0, 0.0, 0.75, 0.5, 0.75, 1.0, 1.0, 0.75, 0.0, 0.0, 0.0, 0.0, 0.0, 0.0, 0.0, 0.5, 1.0, 0.75, 0.5, 0.75, 0.5, 0.0, 0.0, 0.0, 0.0, 0.0, -0.20000000298023224, 0.0, 0.9545912742614746]
  当前输入噪声缩放因子（curr_input_noise_scaling_factor）: 22
  当前wq噪声缩放因子（curr_wq_noise_scaling_factor）: 20
  当前wk噪声缩放因子（curr_wk_noise_scaling_factor）: 20
  当前wv噪声缩放因子（curr_wv_noise_scaling_factor）: 16
  当前wo噪声缩放因子（curr_wo_noise_scaling_factor）: 16
  当前wffn1噪声缩放因子（curr_wffn1_noise_scaling_factor）: 16
  当前wffn2噪声缩放因子（curr_wffn2_noise_scaling_factor）: 16
  输入x概率分布（x_prob_dist）: [0.22680984437465668, 0.40266504883766174, 0.1917337328195572, 0.10892969369888306, 0.06986165791749954]
  wq概率分布（wq_prob_dist）: [0.26220405101776123, 0.32654666900634766, 0.22096122801303864, 0.11014239490032196, 0.0801457092165947]
  wk概率分布（wk_prob_dist）: [0.3782746493816376, 0.2807839810848236, 0.15006038546562195, 0.11343765258789062, 0.07744329422712326]
  wv概率分布（wv_prob_dist）: [0.09640772640705109, 0.40679410099983215, 0.2853098213672638, 0.11252786219120026, 0.0989604964852333]
  wo概率分布（wo_prob_dist）: [0.21450208127498627, 0.3666335642337799, 0.18697534501552582, 0.12577834725379944, 0.10611063987016678]
  wffn1概率分布（wffn1_prob_dist）: [0.4042489230632782, 0.24816516041755676, 0.16179047524929047, 0.11780374497175217, 0.06799165159463882]
  wffn2概率分布（wffn2_prob_dist）: [0.23747414350509644, 0.3938905596733093, 0.1776803731918335, 0.11880801618099213, 0.07214689254760742]
  评论家值（critic_value）: 1.141674518585205
  累计成本（accumulated_cost）: 26.450000000000003
  输入噪声配置（input_noise_config）: [30, 26, 24, 24, 28, 22, 22, 22]
  wq噪声配置（wq_noise_config）: [18, 16, 16, 14, 14, 14, 18, 20]
  wk噪声配置（wk_noise_config）: [22, 22, 16, 14, 20, 20, 16, 20]
  wv噪声配置（wv_noise_config）: [18, 16, 18, 14, 22, 20, 20, 16]
  wo噪声配置（wo_noise_config）: [20, 16, 18, 22, 22, 22, 16, 16]
  wffn1噪声配置（wffn1_noise_config）: [18, 20, 18, 16, 16, 18, 24, 16]
  wffn2噪声配置（wffn2_noise_config）: [22, 18, 14, 16, 18, 16, 18, 16]
  当前学习率（current_lr）: 0.000020
  当前熵系数（current_entropy_coef）: 0.023334
  步奖励（step_reward）: 0.005792682926829267
  稠密奖励步（dense_reward_step）: 0.005792682926829267
  累计稠密奖励（accumulated_dense_reward）: 0.03871951219512194
  稳定性惩罚（stability_penalty）: 0.0

  全局步数（step_global）: 97964
  回合编号（episode_id）: 8163
  层索引（layer_index）: 8
  状态向量（state_vector）: [0.0, 0.0, 0.0, 0.0, 0.0, 0.0, 0.0, 0.0, 1.0, 0.0, 0.0, 0.0, -0.02757352963089943, 1.0, 0.25, 0.25, 0.75, 0.75, 1.0, 0.75, 0.19359755516052246, 0.6666666865348816, 0.0, 0.5, 0.75, 0.75, 0.25, 1.0, 1.0, 1.0, 0.0, 0.0, 0.0, 0.0, 0.5, 0.75, 0.75, 1.0, 1.0, 1.0, 0.5, 0.25, 0.0, 0.0, 0.0, 0.0, 0.0, 0.0, 0.75, 1.0, 0.25, 0.25, 0.75, 0.25, 0.0, 0.0, 0.0, 0.0, 0.5, 0.75, 0.5, 1.0, 0.0, 0.25, 0.25, 0.75, 0.0, 0.0, 0.0, 0.0, 0.25, 0.75, 0.5, 0.0, 0.0, 0.0, 0.75, 0.75, 0.0, 0.0, 0.0, 0.0, 0.75, 0.5, 0.75, 1.0, 1.0, 0.75, 0.0, 1.0, 0.0, 0.0, 0.0, 0.0, 0.0, 0.5, 1.0, 0.75, 0.5, 0.75, 0.5, 0.75, 0.0, 0.0, 0.0, 0.0, -0.20000000298023224, 0.0, 0.9545912742614746]
  当前输入噪声缩放因子（curr_input_noise_scaling_factor）: 22
  当前wq噪声缩放因子（curr_wq_noise_scaling_factor）: 16
  当前wk噪声缩放因子（curr_wk_noise_scaling_factor）: 14
  当前wv噪声缩放因子（curr_wv_noise_scaling_factor）: 16
  当前wo噪声缩放因子（curr_wo_noise_scaling_factor）: 16
  当前wffn1噪声缩放因子（curr_wffn1_noise_scaling_factor）: 20
  当前wffn2噪声缩放因子（curr_wffn2_noise_scaling_factor）: 14
  输入x概率分布（x_prob_dist）: [0.2267933487892151, 0.4026733934879303, 0.1917363852262497, 0.10892876982688904, 0.06986810266971588]
  wq概率分布（wq_prob_dist）: [0.2621893286705017, 0.3265341818332672, 0.22097575664520264, 0.11015308648347855, 0.08014766871929169]
  wk概率分布（wk_prob_dist）: [0.3782573938369751, 0.28079086542129517, 0.15005381405353546, 0.11344674974679947, 0.07745115458965302]
  wv概率分布（wv_prob_dist）: [0.09640631079673767, 0.4067886173725128, 0.2853070795536041, 0.11253803223371506, 0.09895997494459152]
  wo概率分布（wo_prob_dist）: [0.21450284123420715, 0.36659836769104004, 0.18700067698955536, 0.12577827274799347, 0.10611983388662338]
  wffn1概率分布（wffn1_prob_dist）: [0.4042396545410156, 0.2481607347726822, 0.16179819405078888, 0.11780696362257004, 0.06799452751874924]
  wffn2概率分布（wffn2_prob_dist）: [0.23747634887695312, 0.39388424158096313, 0.17767301201820374, 0.11881688237190247, 0.07214954495429993]
  评论家值（critic_value）: 1.1473942995071411
  累计成本（accumulated_cost）: 29.400000000000002
  输入噪声配置（input_noise_config）: [30, 26, 24, 24, 28, 22, 22, 22, 22]
  wq噪声配置（wq_noise_config）: [18, 16, 16, 14, 14, 14, 18, 20, 16]
  wk噪声配置（wk_noise_config）: [22, 22, 16, 14, 20, 20, 16, 20, 14]
  wv噪声配置（wv_noise_config）: [18, 16, 18, 14, 22, 20, 20, 16, 16]
  wo噪声配置（wo_noise_config）: [20, 16, 18, 22, 22, 22, 16, 16, 16]
  wffn1噪声配置（wffn1_noise_config）: [18, 20, 18, 16, 16, 18, 24, 16, 20]
  wffn2噪声配置（wffn2_noise_config）: [22, 18, 14, 16, 18, 16, 18, 16, 14]
  当前学习率（current_lr）: 0.000020
  当前熵系数（current_entropy_coef）: 0.023334
  步奖励（step_reward）: 0.007012195121951218
  稠密奖励步（dense_reward_step）: 0.007012195121951218
  累计稠密奖励（accumulated_dense_reward）: 0.045731707317073156
  稳定性惩罚（stability_penalty）: 0.0

  全局步数（step_global）: 97965
  回合编号（episode_id）: 8163
  层索引（layer_index）: 9
  状态向量（state_vector）: [0.0, 0.0, 0.0, 0.0, 0.0, 0.0, 0.0, 0.0, 0.0, 1.0, 0.0, 0.0, -0.03921568766236305, 1.0, 0.75, 1.0, 0.75, 0.75, 0.5, 1.0, 0.20325203239917755, 0.75, 0.0, 0.5, 0.75, 0.75, 0.25, 1.0, 1.0, 1.0, 1.0, 0.0, 0.0, 0.0, 0.5, 0.75, 0.75, 1.0, 1.0, 1.0, 0.5, 0.25, 0.75, 0.0, 0.0, 0.0, 0.0, 0.0, 0.75, 1.0, 0.25, 0.25, 0.75, 0.25, 1.0, 0.0, 0.0, 0.0, 0.5, 0.75, 0.5, 1.0, 0.0, 0.25, 0.25, 0.75, 0.75, 0.0, 0.0, 0.0, 0.25, 0.75, 0.5, 0.0, 0.0, 0.0, 0.75, 0.75, 0.75, 0.0, 0.0, 0.0, 0.75, 0.5, 0.75, 1.0, 1.0, 0.75, 0.0, 1.0, 0.5, 0.0, 0.0, 0.0, 0.0, 0.5, 1.0, 0.75, 0.5, 0.75, 0.5, 0.75, 1.0, 0.0, 0.0, 0.0, -0.20000000298023224, 0.0, 0.9545912742614746]
  当前输入噪声缩放因子（curr_input_noise_scaling_factor）: 28
  当前wq噪声缩放因子（curr_wq_noise_scaling_factor）: 14
  当前wk噪声缩放因子（curr_wk_noise_scaling_factor）: 22
  当前wv噪声缩放因子（curr_wv_noise_scaling_factor）: 18
  当前wo噪声缩放因子（curr_wo_noise_scaling_factor）: 18
  当前wffn1噪声缩放因子（curr_wffn1_noise_scaling_factor）: 22
  当前wffn2噪声缩放因子（curr_wffn2_noise_scaling_factor）: 16
  输入x概率分布（x_prob_dist）: [0.22680674493312836, 0.4026689827442169, 0.1917395442724228, 0.10892081260681152, 0.06986396759748459]
  wq概率分布（wq_prob_dist）: [0.2622032165527344, 0.32654380798339844, 0.22095760703086853, 0.11015132069587708, 0.0801439955830574]
  wk概率分布（wk_prob_dist）: [0.3782846927642822, 0.2807811498641968, 0.1500515341758728, 0.11343987286090851, 0.07744275778532028]
  wv概率分布（wv_prob_dist）: [0.09640209376811981, 0.40678703784942627, 0.2853115200996399, 0.11254087090492249, 0.09895845502614975]
  wo概率分布（wo_prob_dist）: [0.21449799835681915, 0.3666028380393982, 0.18700076639652252, 0.1257750540971756, 0.10612334311008453]
  wffn1概率分布（wffn1_prob_dist）: [0.4042767286300659, 0.24812990427017212, 0.16178783774375916, 0.11781376600265503, 0.06799180805683136]
  wffn2概率分布（wffn2_prob_dist）: [0.23747403919696808, 0.3938683569431305, 0.17768605053424835, 0.11882312595844269, 0.0721483826637268]
  评论家值（critic_value）: 1.1509243249893188
  累计成本（accumulated_cost）: 32.85
  输入噪声配置（input_noise_config）: [30, 26, 24, 24, 28, 22, 22, 22, 22, 28]
  wq噪声配置（wq_noise_config）: [18, 16, 16, 14, 14, 14, 18, 20, 16, 14]
  wk噪声配置（wk_noise_config）: [22, 22, 16, 14, 20, 20, 16, 20, 14, 22]
  wv噪声配置（wv_noise_config）: [18, 16, 18, 14, 22, 20, 20, 16, 16, 18]
  wo噪声配置（wo_noise_config）: [20, 16, 18, 22, 22, 22, 16, 16, 16, 18]
  wffn1噪声配置（wffn1_noise_config）: [18, 20, 18, 16, 16, 18, 24, 16, 20, 22]
  wffn2噪声配置（wffn2_noise_config）: [22, 18, 14, 16, 18, 16, 18, 16, 14, 16]
  当前学习率（current_lr）: 0.000020
  当前熵系数（current_entropy_coef）: 0.023334
  步奖励（step_reward）: 0.003963414634146336
  稠密奖励步（dense_reward_step）: 0.003963414634146336
  累计稠密奖励（accumulated_dense_reward）: 0.049695121951219494
  稳定性惩罚（stability_penalty）: 0.0

  全局步数（step_global）: 97966
  回合编号（episode_id）: 8163
  层索引（layer_index）: 10
  状态向量（state_vector）: [0.0, 0.0, 0.0, 0.0, 0.0, 0.0, 0.0, 0.0, 0.0, 0.0, 1.0, 0.0, -0.03382353112101555, 0.25, 1.0, 0.0, 0.5, 0.5, 0.25, 0.75, 0.19878049194812775, 0.8333333134651184, 0.0, 0.5, 0.75, 0.75, 0.25, 1.0, 1.0, 1.0, 1.0, 0.25, 0.0, 0.0, 0.5, 0.75, 0.75, 1.0, 1.0, 1.0, 0.5, 0.25, 0.75, 1.0, 0.0, 0.0, 0.0, 0.0, 0.75, 1.0, 0.25, 0.25, 0.75, 0.25, 1.0, 0.0, 0.0, 0.0, 0.5, 0.75, 0.5, 1.0, 0.0, 0.25, 0.25, 0.75, 0.75, 0.5, 0.0, 0.0, 0.25, 0.75, 0.5, 0.0, 0.0, 0.0, 0.75, 0.75, 0.75, 0.5, 0.0, 0.0, 0.75, 0.5, 0.75, 1.0, 1.0, 0.75, 0.0, 1.0, 0.5, 0.25, 0.0, 0.0, 0.0, 0.5, 1.0, 0.75, 0.5, 0.75, 0.5, 0.75, 1.0, 0.75, 0.0, 0.0, -0.20000000298023224, 0.0, 0.9545912742614746]
  当前输入噪声缩放因子（curr_input_noise_scaling_factor）: 30
  当前wq噪声缩放因子（curr_wq_noise_scaling_factor）: 14
  当前wk噪声缩放因子（curr_wk_noise_scaling_factor）: 14
  当前wv噪声缩放因子（curr_wv_noise_scaling_factor）: 18
  当前wo噪声缩放因子（curr_wo_noise_scaling_factor）: 16
  当前wffn1噪声缩放因子（curr_wffn1_noise_scaling_factor）: 22
  当前wffn2噪声缩放因子（curr_wffn2_noise_scaling_factor）: 22
  输入x概率分布（x_prob_dist）: [0.2268040031194687, 0.4026726186275482, 0.19173555076122284, 0.10892480611801147, 0.06986306607723236]
  wq概率分布（wq_prob_dist）: [0.26222699880599976, 0.3265460431575775, 0.22093720734119415, 0.11014913022518158, 0.08014056831598282]
  wk概率分布（wk_prob_dist）: [0.37826091051101685, 0.2807721793651581, 0.15007156133651733, 0.11344951391220093, 0.077445849776268]
  wv概率分布（wv_prob_dist）: [0.09641573578119278, 0.4067843556404114, 0.2853056490421295, 0.11253108084201813, 0.0989631861448288]
  wo概率分布（wo_prob_dist）: [0.2144995778799057, 0.3666353225708008, 0.186958447098732, 0.12579306960105896, 0.10611364245414734]
  wffn1概率分布（wffn1_prob_dist）: [0.4042457044124603, 0.2481338232755661, 0.1617959588766098, 0.11782131344079971, 0.06800325214862823]
  wffn2概率分布（wffn2_prob_dist）: [0.2374631017446518, 0.3938697576522827, 0.17770041525363922, 0.11882057040929794, 0.07214612513780594]
  评论家值（critic_value）: 1.1572508811950684
  累计成本（accumulated_cost）: 36.25
  输入噪声配置（input_noise_config）: [30, 26, 24, 24, 28, 22, 22, 22, 22, 28, 30]
  wq噪声配置（wq_noise_config）: [18, 16, 16, 14, 14, 14, 18, 20, 16, 14, 14]
  wk噪声配置（wk_noise_config）: [22, 22, 16, 14, 20, 20, 16, 20, 14, 22, 14]
  wv噪声配置（wv_noise_config）: [18, 16, 18, 14, 22, 20, 20, 16, 16, 18, 18]
  wo噪声配置（wo_noise_config）: [20, 16, 18, 22, 22, 22, 16, 16, 16, 18, 16]
  wffn1噪声配置（wffn1_noise_config）: [18, 20, 18, 16, 16, 18, 24, 16, 20, 22, 22]
  wffn2噪声配置（wffn2_noise_config）: [22, 18, 14, 16, 18, 16, 18, 16, 14, 16, 22]
  当前学习率（current_lr）: 0.000020
  当前熵系数（current_entropy_coef）: 0.023334
  步奖励（step_reward）: 0.004268292682926825
  稠密奖励步（dense_reward_step）: 0.004268292682926825
  累计稠密奖励（accumulated_dense_reward）: 0.05396341463414632
  稳定性惩罚（stability_penalty）: 0.0

  全局步数（step_global）: 97967
  回合编号（episode_id）: 8163
  层索引（layer_index）: 11
  状态向量（state_vector）: [0.0, 0.0, 0.0, 0.0, 0.0, 0.0, 0.0, 0.0, 0.0, 0.0, 0.0, 1.0, -0.03074866347014904, 0.0, 1.0, 1.0, 0.5, 0.75, 0.25, 0.0, 0.19623060524463654, 0.9166666865348816, 0.0, 0.5, 0.75, 0.75, 0.25, 1.0, 1.0, 1.0, 1.0, 0.25, 0.0, 0.0, 0.5, 0.75, 0.75, 1.0, 1.0, 1.0, 0.5, 0.25, 0.75, 1.0, 1.0, 0.0, 0.0, 0.0, 0.75, 1.0, 0.25, 0.25, 0.75, 0.25, 1.0, 0.0, 1.0, 0.0, 0.5, 0.75, 0.5, 1.0, 0.0, 0.25, 0.25, 0.75, 0.75, 0.5, 0.5, 0.0, 0.25, 0.75, 0.5, 0.0, 0.0, 0.0, 0.75, 0.75, 0.75, 0.5, 0.75, 0.0, 0.75, 0.5, 0.75, 1.0, 1.0, 0.75, 0.0, 1.0, 0.5, 0.25, 0.25, 0.0, 0.0, 0.5, 1.0, 0.75, 0.5, 0.75, 0.5, 0.75, 1.0, 0.75, 0.0, 0.0, -0.20000000298023224, 0.0, 0.9545912742614746]
  当前输入噪声缩放因子（curr_input_noise_scaling_factor）: 24
  当前wq噪声缩放因子（curr_wq_noise_scaling_factor）: 20
  当前wk噪声缩放因子（curr_wk_noise_scaling_factor）: 14
  当前wv噪声缩放因子（curr_wv_noise_scaling_factor）: 20
  当前wo噪声缩放因子（curr_wo_noise_scaling_factor）: 16
  当前wffn1噪声缩放因子（curr_wffn1_noise_scaling_factor）: 18
  当前wffn2噪声缩放因子（curr_wffn2_noise_scaling_factor）: 14
  输入x概率分布（x_prob_dist）: [0.22680744528770447, 0.40263721346855164, 0.1917419582605362, 0.10893940180540085, 0.06987401098012924]
  wq概率分布（wq_prob_dist）: [0.26218998432159424, 0.3265104591846466, 0.22098438441753387, 0.1101575717329979, 0.08015761524438858]
  wk概率分布（wk_prob_dist）: [0.378213107585907, 0.28079816699028015, 0.15005941689014435, 0.11346139013767242, 0.0774678885936737]
  wv概率分布（wv_prob_dist）: [0.09641561657190323, 0.40678051114082336, 0.2852799892425537, 0.11255116760730743, 0.09897271543741226]
  wo概率分布（wo_prob_dist）: [0.21450643241405487, 0.36655092239379883, 0.18702208995819092, 0.125784769654274, 0.10613580793142319]
  wffn1概率分布（wffn1_prob_dist）: [0.40421873331069946, 0.2481602281332016, 0.1618083417415619, 0.1178160160779953, 0.06799674779176712]
  wffn2概率分布（wffn2_prob_dist）: [0.23746973276138306, 0.39388343691825867, 0.17768053710460663, 0.11881347745656967, 0.07215284556150436]
  评论家值（critic_value）: 1.1692066192626953
  累计成本（accumulated_cost）: 39.4
  输入噪声配置（input_noise_config）: [30, 26, 24, 24, 28, 22, 22, 22, 22, 28, 30, 24]
  wq噪声配置（wq_noise_config）: [18, 16, 16, 14, 14, 14, 18, 20, 16, 14, 14, 20]
  wk噪声配置（wk_noise_config）: [22, 22, 16, 14, 20, 20, 16, 20, 14, 22, 14, 14]
  wv噪声配置（wv_noise_config）: [18, 16, 18, 14, 22, 20, 20, 16, 16, 18, 18, 20]
  wo噪声配置（wo_noise_config）: [20, 16, 18, 22, 22, 22, 16, 16, 16, 18, 16, 16]
  wffn1噪声配置（wffn1_noise_config）: [18, 20, 18, 16, 16, 18, 24, 16, 20, 22, 22, 18]
  wffn2噪声配置（wffn2_noise_config）: [22, 18, 14, 16, 18, 16, 18, 16, 14, 16, 22, 14]
  当前学习率（current_lr）: 0.000020
  当前熵系数（current_entropy_coef）: 0.023334
  蒙特卡洛采样数（mc_samples）: 5
  蒙特卡洛损失均值（mc_loss_mean）: 0.2896546244621277
  蒙特卡洛损失标准差（mc_loss_std）: 0.0014378302961723418
  蒙特卡洛指标1均值（mc_metric1_mean）: 0.9052631578947368
  蒙特卡洛指标1标准差（mc_metric1_std）: 0.0038436670702117043
  蒙特卡洛指标2均值（mc_metric2_mean）: 0.9036930012553194
  蒙特卡洛指标2标准差（mc_metric2_std）: 0.003981667403902323
  步奖励（step_reward）: 1.1409001679737334
  稠密奖励步（dense_reward_step）: 0.005792682926829265
  原始最终奖励（raw_final_reward）: 1.135107485046904
  最终选择分数（final_selection_score）: 1.135107485046904
  累计稠密奖励（accumulated_dense_reward）: 0.059756097560975587
  稳定性代理（stability_proxy）: 0.3859651987619321
  稳定性惩罚（stability_penalty）: -0.0

--- 回合（Episode） 8165 (回合回报（EpisodeReturn）=1.2196, 原始最终奖励（RawFinalReward）=1.1553, 稠密奖励合计（DenseRewardTotal）=0.0643) ---
  全局步数（step_global）: 97968
  回合编号（episode_id）: 8164
  层索引（layer_index）: 0
  状态向量（state_vector）: [1.0, 0.0, 0.0, 0.0, 0.0, 0.0, 0.0, 0.0, 0.0, 0.0, 0.0, 0.0, 0.0, 0.0, 0.0, 0.0, 0.0, 0.0, 0.0, 0.0, 0.0, 0.0, 0.0, 0.0, 0.0, 0.0, 0.0, 0.0, 0.0, 0.0, 0.0, 0.0, 0.0, 0.0, 0.0, 0.0, 0.0, 0.0, 0.0, 0.0, 0.0, 0.0, 0.0, 0.0, 0.0, 0.0, 0.0, 0.0, 0.0, 0.0, 0.0, 0.0, 0.0, 0.0, 0.0, 0.0, 0.0, 0.0, 0.0, 0.0, 0.0, 0.0, 0.0, 0.0, 0.0, 0.0, 0.0, 0.0, 0.0, 0.0, 0.0, 0.0, 0.0, 0.0, 0.0, 0.0, 0.0, 0.0, 0.0, 0.0, 0.0, 0.0, 0.0, 0.0, 0.0, 0.0, 0.0, 0.0, 0.0, 0.0, 0.0, 0.0, 0.0, 0.0, 0.0, 0.0, 0.0, 0.0, 0.0, 0.0, 0.0, 0.0, 0.0, 0.0, 0.0, 0.0, -0.20000000298023224, 0.0, 0.9144014716148376]
  当前输入噪声缩放因子（curr_input_noise_scaling_factor）: 28
  当前wq噪声缩放因子（curr_wq_noise_scaling_factor）: 18
  当前wk噪声缩放因子（curr_wk_noise_scaling_factor）: 14
  当前wv噪声缩放因子（curr_wv_noise_scaling_factor）: 20
  当前wo噪声缩放因子（curr_wo_noise_scaling_factor）: 14
  当前wffn1噪声缩放因子（curr_wffn1_noise_scaling_factor）: 16
  当前wffn2噪声缩放因子（curr_wffn2_noise_scaling_factor）: 14
  输入x概率分布（x_prob_dist）: [0.22749096155166626, 0.3977589011192322, 0.1924779862165451, 0.11060606688261032, 0.07166607677936554]
  wq概率分布（wq_prob_dist）: [0.26091843843460083, 0.32451939582824707, 0.22084765136241913, 0.1118527352809906, 0.08186175674200058]
  wk概率分布（wk_prob_dist）: [0.37543240189552307, 0.27906370162963867, 0.15151424705982208, 0.11489865928888321, 0.07909097522497177]
  wv概率分布（wv_prob_dist）: [0.09849312901496887, 0.40152508020401, 0.2846970856189728, 0.11440671235322952, 0.10087800770998001]
  wo概率分布（wo_prob_dist）: [0.214527428150177, 0.3634525239467621, 0.1872415840625763, 0.12712807953357697, 0.10765045881271362]
  wffn1概率分布（wffn1_prob_dist）: [0.4000891447067261, 0.24736517667770386, 0.16305606067180634, 0.11971056461334229, 0.06977908313274384]
  wffn2概率分布（wffn2_prob_dist）: [0.23760168254375458, 0.389068603515625, 0.178694486618042, 0.12063675373792648, 0.07399848103523254]
  评论家值（critic_value）: 1.1010881662368774
  累计成本（accumulated_cost）: 3.1
  输入噪声配置（input_noise_config）: [28]
  wq噪声配置（wq_noise_config）: [18]
  wk噪声配置（wk_noise_config）: [14]
  wv噪声配置（wv_noise_config）: [20]
  wo噪声配置（wo_noise_config）: [14]
  wffn1噪声配置（wffn1_noise_config）: [16]
  wffn2噪声配置（wffn2_noise_config）: [14]
  当前学习率（current_lr）: 0.000020
  当前熵系数（current_entropy_coef）: 0.023331
  步奖励（step_reward）: 0.006097560975609755
  稠密奖励步（dense_reward_step）: 0.006097560975609755
  累计稠密奖励（accumulated_dense_reward）: 0.006097560975609755
  稳定性惩罚（stability_penalty）: 0.0

  全局步数（step_global）: 97969
  回合编号（episode_id）: 8164
  层索引（layer_index）: 1
  状态向量（state_vector）: [0.0, 1.0, 0.0, 0.0, 0.0, 0.0, 0.0, 0.0, 0.0, 0.0, 0.0, 0.0, -0.0882352963089943, 0.25, 0.5, 1.0, 0.25, 1.0, 1.0, 1.0, 0.24390244483947754, 0.0833333358168602, 0.25, 0.0, 0.0, 0.0, 0.0, 0.0, 0.0, 0.0, 0.0, 0.0, 0.0, 0.0, 0.5, 0.0, 0.0, 0.0, 0.0, 0.0, 0.0, 0.0, 0.0, 0.0, 0.0, 0.0, 1.0, 0.0, 0.0, 0.0, 0.0, 0.0, 0.0, 0.0, 0.0, 0.0, 0.0, 0.0, 0.25, 0.0, 0.0, 0.0, 0.0, 0.0, 0.0, 0.0, 0.0, 0.0, 0.0, 0.0, 1.0, 0.0, 0.0, 0.0, 0.0, 0.0, 0.0, 0.0, 0.0, 0.0, 0.0, 0.0, 1.0, 0.0, 0.0, 0.0, 0.0, 0.0, 0.0, 0.0, 0.0, 0.0, 0.0, 0.0, 1.0, 0.0, 0.0, 0.0, 0.0, 0.0, 0.0, 0.0, 0.0, 0.0, 0.0, 0.0, -0.20000000298023224, 0.0, 0.9144014716148376]
  当前输入噪声缩放因子（curr_input_noise_scaling_factor）: 28
  当前wq噪声缩放因子（curr_wq_noise_scaling_factor）: 16
  当前wk噪声缩放因子（curr_wk_noise_scaling_factor）: 14
  当前wv噪声缩放因子（curr_wv_noise_scaling_factor）: 16
  当前wo噪声缩放因子（curr_wo_noise_scaling_factor）: 22
  当前wffn1噪声缩放因子（curr_wffn1_noise_scaling_factor）: 20
  当前wffn2噪声缩放因子（curr_wffn2_noise_scaling_factor）: 16
  输入x概率分布（x_prob_dist）: [0.22680649161338806, 0.4026636481285095, 0.1917356550693512, 0.1089274063706398, 0.06986674666404724]
  wq概率分布（wq_prob_dist）: [0.26221147179603577, 0.32654598355293274, 0.22095586359500885, 0.11013714224100113, 0.0801495686173439]
  wk概率分布（wk_prob_dist）: [0.3782762885093689, 0.28078120946884155, 0.15006063878536224, 0.1134379431605339, 0.0774439200758934]
  wv概率分布（wv_prob_dist）: [0.09641274809837341, 0.4068000018596649, 0.2852925956249237, 0.11252880841493607, 0.09896581619977951]
  wo概率分布（wo_prob_dist）: [0.21448729932308197, 0.36664724349975586, 0.18696624040603638, 0.12578381597995758, 0.10611540824174881]
  wffn1概率分布（wffn1_prob_dist）: [0.40424126386642456, 0.24814358353614807, 0.1617969423532486, 0.11781995743513107, 0.06799819320440292]
  wffn2概率分布（wffn2_prob_dist）: [0.23746144771575928, 0.39386412501335144, 0.17769315838813782, 0.11882459372282028, 0.072156623005867]
  评论家值（critic_value）: 1.1105316877365112
  累计成本（accumulated_cost）: 6.4
  输入噪声配置（input_noise_config）: [28, 28]
  wq噪声配置（wq_noise_config）: [18, 16]
  wk噪声配置（wk_noise_config）: [14, 14]
  wv噪声配置（wv_noise_config）: [20, 16]
  wo噪声配置（wo_noise_config）: [14, 22]
  wffn1噪声配置（wffn1_noise_config）: [16, 20]
  wffn2噪声配置（wffn2_noise_config）: [14, 16]
  当前学习率（current_lr）: 0.000020
  当前熵系数（current_entropy_coef）: 0.023331
  步奖励（step_reward）: 0.004878048780487802
  稠密奖励步（dense_reward_step）: 0.004878048780487802
  累计稠密奖励（accumulated_dense_reward）: 0.010975609756097557
  稳定性惩罚（stability_penalty）: 0.0

  全局步数（step_global）: 97970
  回合编号（episode_id）: 8164
  层索引（layer_index）: 2
  状态向量（state_vector）: [0.0, 0.0, 1.0, 0.0, 0.0, 0.0, 0.0, 0.0, 0.0, 0.0, 0.0, 0.0, -0.05882352963089943, 0.25, 0.75, 1.0, 0.75, 0.0, 0.5, 0.75, 0.2195121943950653, 0.1666666716337204, 0.25, 0.25, 0.0, 0.0, 0.0, 0.0, 0.0, 0.0, 0.0, 0.0, 0.0, 0.0, 0.5, 0.75, 0.0, 0.0, 0.0, 0.0, 0.0, 0.0, 0.0, 0.0, 0.0, 0.0, 1.0, 1.0, 0.0, 0.0, 0.0, 0.0, 0.0, 0.0, 0.0, 0.0, 0.0, 0.0, 0.25, 0.75, 0.0, 0.0, 0.0, 0.0, 0.0, 0.0, 0.0, 0.0, 0.0, 0.0, 1.0, 0.0, 0.0, 0.0, 0.0, 0.0, 0.0, 0.0, 0.0, 0.0, 0.0, 0.0, 1.0, 0.5, 0.0, 0.0, 0.0, 0.0, 0.0, 0.0, 0.0, 0.0, 0.0, 0.0, 1.0, 0.75, 0.0, 0.0, 0.0, 0.0, 0.0, 0.0, 0.0, 0.0, 0.0, 0.0, -0.20000000298023224, 0.0, 0.9144014716148376]
  当前输入噪声缩放因子（curr_input_noise_scaling_factor）: 26
  当前wq噪声缩放因子（curr_wq_noise_scaling_factor）: 14
  当前wk噪声缩放因子（curr_wk_noise_scaling_factor）: 14
  当前wv噪声缩放因子（curr_wv_noise_scaling_factor）: 20
  当前wo噪声缩放因子（curr_wo_noise_scaling_factor）: 18
  当前wffn1噪声缩放因子（curr_wffn1_noise_scaling_factor）: 18
  当前wffn2噪声缩放因子（curr_wffn2_noise_scaling_factor）: 18
  输入x概率分布（x_prob_dist）: [0.22680670022964478, 0.40271425247192383, 0.19172987341880798, 0.10890672355890274, 0.06984242796897888]
  wq概率分布（wq_prob_dist）: [0.2622204124927521, 0.32657623291015625, 0.22095519304275513, 0.11012560874223709, 0.08012259006500244]
  wk概率分布（wk_prob_dist）: [0.37831854820251465, 0.28079986572265625, 0.15003979206085205, 0.11341867595911026, 0.0774230882525444]
  wv概率分布（wv_prob_dist）: [0.09638410061597824, 0.4068584442138672, 0.285317599773407, 0.11250657588243484, 0.09893325716257095]
  wo概率分布（wo_prob_dist）: [0.21450184285640717, 0.3666727840900421, 0.1869666576385498, 0.12576119601726532, 0.10609752684831619]
  wffn1概率分布（wffn1_prob_dist）: [0.40430670976638794, 0.24816425144672394, 0.16176888346672058, 0.11778741329908371, 0.06797274947166443]
  wffn2概率分布（wffn2_prob_dist）: [0.23746290802955627, 0.39394816756248474, 0.17767469584941864, 0.1187891811132431, 0.07212501019239426]
  评论家值（critic_value）: 1.1187927722930908
  累计成本（accumulated_cost）: 9.600000000000001
  输入噪声配置（input_noise_config）: [28, 28, 26]
  wq噪声配置（wq_noise_config）: [18, 16, 14]
  wk噪声配置（wk_noise_config）: [14, 14, 14]
  wv噪声配置（wv_noise_config）: [20, 16, 20]
  wo噪声配置（wo_noise_config）: [14, 22, 18]
  wffn1噪声配置（wffn1_noise_config）: [16, 20, 18]
  wffn2噪声配置（wffn2_noise_config）: [14, 16, 18]
  当前学习率（current_lr）: 0.000020
  当前熵系数（current_entropy_coef）: 0.023331
  步奖励（step_reward）: 0.005487804878048775
  稠密奖励步（dense_reward_step）: 0.005487804878048775
  累计稠密奖励（accumulated_dense_reward）: 0.016463414634146332
  稳定性惩罚（stability_penalty）: 0.0

  全局步数（step_global）: 97971
  回合编号（episode_id）: 8164
  层索引（layer_index）: 3
  状态向量（state_vector）: [0.0, 0.0, 0.0, 1.0, 0.0, 0.0, 0.0, 0.0, 0.0, 0.0, 0.0, 0.0, -0.05882352963089943, 0.5, 1.0, 1.0, 0.25, 0.5, 0.75, 0.5, 0.2195121943950653, 0.25, 0.25, 0.25, 0.5, 0.0, 0.0, 0.0, 0.0, 0.0, 0.0, 0.0, 0.0, 0.0, 0.5, 0.75, 1.0, 0.0, 0.0, 0.0, 0.0, 0.0, 0.0, 0.0, 0.0, 0.0, 1.0, 1.0, 1.0, 0.0, 0.0, 0.0, 0.0, 0.0, 0.0, 0.0, 0.0, 0.0, 0.25, 0.75, 0.25, 0.0, 0.0, 0.0, 0.0, 0.0, 0.0, 0.0, 0.0, 0.0, 1.0, 0.0, 0.5, 0.0, 0.0, 0.0, 0.0, 0.0, 0.0, 0.0, 0.0, 0.0, 1.0, 0.5, 0.75, 0.0, 0.0, 0.0, 0.0, 0.0, 0.0, 0.0, 0.0, 0.0, 1.0, 0.75, 0.5, 0.0, 0.0, 0.0, 0.0, 0.0, 0.0, 0.0, 0.0, 0.0, -0.20000000298023224, 0.0, 0.9144014716148376]
  当前输入噪声缩放因子（curr_input_noise_scaling_factor）: 22
  当前wq噪声缩放因子（curr_wq_noise_scaling_factor）: 14
  当前wk噪声缩放因子（curr_wk_noise_scaling_factor）: 14
  当前wv噪声缩放因子（curr_wv_noise_scaling_factor）: 18
  当前wo噪声缩放因子（curr_wo_noise_scaling_factor）: 22
  当前wffn1噪声缩放因子（curr_wffn1_noise_scaling_factor）: 20
  当前wffn2噪声缩放因子（curr_wffn2_noise_scaling_factor）: 20
  输入x概率分布（x_prob_dist）: [0.22680751979351044, 0.4025491774082184, 0.19175587594509125, 0.10898182541131973, 0.069905586540699]
  wq概率分布（wq_prob_dist）: [0.26218342781066895, 0.32645419239997864, 0.22099336981773376, 0.11017971485853195, 0.0801892951130867]
  wk概率分布（wk_prob_dist）: [0.37812110781669617, 0.28079116344451904, 0.15008798241615295, 0.11349549144506454, 0.0775042399764061]
  wv概率分布（wv_prob_dist）: [0.09644119441509247, 0.40671730041503906, 0.2852576971054077, 0.11258120834827423, 0.0990026444196701]
  wo概率分布（wo_prob_dist）: [0.2145083099603653, 0.366488516330719, 0.1870330274105072, 0.12580914795398712, 0.10616093873977661]
  wffn1概率分布（wffn1_prob_dist）: [0.4041289985179901, 0.24816752970218658, 0.16183577477931976, 0.11783986538648605, 0.06802785396575928]
  wffn2概率分布（wffn2_prob_dist）: [0.23746751248836517, 0.39382249116897583, 0.17769543826580048, 0.11883289366960526, 0.07218164950609207]
  评论家值（critic_value）: 1.1248924732208252
  累计成本（accumulated_cost）: 12.850000000000001
  输入噪声配置（input_noise_config）: [28, 28, 26, 22]
  wq噪声配置（wq_noise_config）: [18, 16, 14, 14]
  wk噪声配置（wk_noise_config）: [14, 14, 14, 14]
  wv噪声配置（wv_noise_config）: [20, 16, 20, 18]
  wo噪声配置（wo_noise_config）: [14, 22, 18, 22]
  wffn1噪声配置（wffn1_noise_config）: [16, 20, 18, 20]
  wffn2噪声配置（wffn2_noise_config）: [14, 16, 18, 20]
  当前学习率（current_lr）: 0.000020
  当前熵系数（current_entropy_coef）: 0.023331
  步奖励（step_reward）: 0.005182926829268291
  稠密奖励步（dense_reward_step）: 0.005182926829268291
  累计稠密奖励（accumulated_dense_reward）: 0.021646341463414622
  稳定性惩罚（stability_penalty）: 0.0

  全局步数（step_global）: 97972
  回合编号（episode_id）: 8164
  层索引（layer_index）: 4
  状态向量（state_vector）: [0.0, 0.0, 0.0, 0.0, 1.0, 0.0, 0.0, 0.0, 0.0, 0.0, 0.0, 0.0, -0.05514705926179886, 1.0, 1.0, 1.0, 0.5, 0.0, 0.5, 0.25, 0.21646341681480408, 0.3333333432674408, 0.25, 0.25, 0.5, 1.0, 0.0, 0.0, 0.0, 0.0, 0.0, 0.0, 0.0, 0.0, 0.5, 0.75, 1.0, 1.0, 0.0, 0.0, 0.0, 0.0, 0.0, 0.0, 0.0, 0.0, 1.0, 1.0, 1.0, 1.0, 0.0, 0.0, 0.0, 0.0, 0.0, 0.0, 0.0, 0.0, 0.25, 0.75, 0.25, 0.5, 0.0, 0.0, 0.0, 0.0, 0.0, 0.0, 0.0, 0.0, 1.0, 0.0, 0.5, 0.0, 0.0, 0.0, 0.0, 0.0, 0.0, 0.0, 0.0, 0.0, 1.0, 0.5, 0.75, 0.5, 0.0, 0.0, 0.0, 0.0, 0.0, 0.0, 0.0, 0.0, 1.0, 0.75, 0.5, 0.25, 0.0, 0.0, 0.0, 0.0, 0.0, 0.0, 0.0, 0.0, -0.20000000298023224, 0.0, 0.9144014716148376]
  当前输入噪声缩放因子（curr_input_noise_scaling_factor）: 22
  当前wq噪声缩放因子（curr_wq_noise_scaling_factor）: 16
  当前wk噪声缩放因子（curr_wk_noise_scaling_factor）: 22
  当前wv噪声缩放因子（curr_wv_noise_scaling_factor）: 22
  当前wo噪声缩放因子（curr_wo_noise_scaling_factor）: 16
  当前wffn1噪声缩放因子（curr_wffn1_noise_scaling_factor）: 16
  当前wffn2噪声缩放因子（curr_wffn2_noise_scaling_factor）: 20
  输入x概率分布（x_prob_dist）: [0.22682535648345947, 0.4026273787021637, 0.19174018502235413, 0.10893647372722626, 0.06987062841653824]
  wq概率分布（wq_prob_dist）: [0.26219651103019714, 0.326541006565094, 0.22095344960689545, 0.11015797406435013, 0.08015108853578568]
  wk概率分布（wk_prob_dist）: [0.3782281279563904, 0.2807680070400238, 0.15008173882961273, 0.11345963925123215, 0.07746248692274094]
  wv概率分布（wv_prob_dist）: [0.09641929715871811, 0.406762957572937, 0.285297155380249, 0.11255129426717758, 0.09896932542324066]
  wo概率分布（wo_prob_dist）: [0.21451905369758606, 0.36656391620635986, 0.1869962066411972, 0.12578953802585602, 0.10613132268190384]
  wffn1概率分布（wffn1_prob_dist）: [0.4042230546474457, 0.24814295768737793, 0.1617908924818039, 0.11783134192228317, 0.06801173835992813]
  wffn2概率分布（wffn2_prob_dist）: [0.2374594509601593, 0.3938698172569275, 0.17770172655582428, 0.11882144957780838, 0.07214748859405518]
  评论家值（critic_value）: 1.1261241436004639
  累计成本（accumulated_cost）: 16.200000000000003
  输入噪声配置（input_noise_config）: [28, 28, 26, 22, 22]
  wq噪声配置（wq_noise_config）: [18, 16, 14, 14, 16]
  wk噪声配置（wk_noise_config）: [14, 14, 14, 14, 22]
  wv噪声配置（wv_noise_config）: [20, 16, 20, 18, 22]
  wo噪声配置（wo_noise_config）: [14, 22, 18, 22, 16]
  wffn1噪声配置（wffn1_noise_config）: [16, 20, 18, 20, 16]
  wffn2噪声配置（wffn2_noise_config）: [14, 16, 18, 20, 20]
  当前学习率（current_lr）: 0.000020
  当前熵系数（current_entropy_coef）: 0.023331
  步奖励（step_reward）: 0.004573170731707318
  稠密奖励步（dense_reward_step）: 0.004573170731707318
  累计稠密奖励（accumulated_dense_reward）: 0.02621951219512194
  稳定性惩罚（stability_penalty）: 0.0

  全局步数（step_global）: 97973
  回合编号（episode_id）: 8164
  层索引（layer_index）: 5
  状态向量（state_vector）: [0.0, 0.0, 0.0, 0.0, 0.0, 1.0, 0.0, 0.0, 0.0, 0.0, 0.0, 0.0, -0.0470588244497776, 1.0, 0.75, 0.0, 0.0, 0.75, 1.0, 0.25, 0.20975609123706818, 0.4166666567325592, 0.25, 0.25, 0.5, 1.0, 1.0, 0.0, 0.0, 0.0, 0.0, 0.0, 0.0, 0.0, 0.5, 0.75, 1.0, 1.0, 0.75, 0.0, 0.0, 0.0, 0.0, 0.0, 0.0, 0.0, 1.0, 1.0, 1.0, 1.0, 0.0, 0.0, 0.0, 0.0, 0.0, 0.0, 0.0, 0.0, 0.25, 0.75, 0.25, 0.5, 0.0, 0.0, 0.0, 0.0, 0.0, 0.0, 0.0, 0.0, 1.0, 0.0, 0.5, 0.0, 0.75, 0.0, 0.0, 0.0, 0.0, 0.0, 0.0, 0.0, 1.0, 0.5, 0.75, 0.5, 1.0, 0.0, 0.0, 0.0, 0.0, 0.0, 0.0, 0.0, 1.0, 0.75, 0.5, 0.25, 0.25, 0.0, 0.0, 0.0, 0.0, 0.0, 0.0, 0.0, -0.20000000298023224, 0.0, 0.9144014716148376]
  当前输入噪声缩放因子（curr_input_noise_scaling_factor）: 22
  当前wq噪声缩放因子（curr_wq_noise_scaling_factor）: 14
  当前wk噪声缩放因子（curr_wk_noise_scaling_factor）: 18
  当前wv噪声缩放因子（curr_wv_noise_scaling_factor）: 16
  当前wo噪声缩放因子（curr_wo_noise_scaling_factor）: 16
  当前wffn1噪声缩放因子（curr_wffn1_noise_scaling_factor）: 16
  当前wffn2噪声缩放因子（curr_wffn2_noise_scaling_factor）: 14
  输入x概率分布（x_prob_dist）: [0.22680141031742096, 0.4027114808559418, 0.1917303502559662, 0.10891088843345642, 0.06984589248895645]
  wq概率分布（wq_prob_dist）: [0.2622212767601013, 0.3265703618526459, 0.22094891965389252, 0.1101304292678833, 0.0801289901137352]
  wk概率分布（wk_prob_dist）: [0.37829238176345825, 0.28078994154930115, 0.15005330741405487, 0.11343266069889069, 0.07743164896965027]
  wv概率分布（wv_prob_dist）: [0.09639095515012741, 0.40683916211128235, 0.28530365228652954, 0.11251942068338394, 0.09894675761461258]
  wo概率分布（wo_prob_dist）: [0.21449719369411469, 0.3666556477546692, 0.18697643280029297, 0.12576895952224731, 0.10610177367925644]
  wffn1概率分布（wffn1_prob_dist）: [0.40429964661598206, 0.2481381595134735, 0.16177582740783691, 0.11780521273612976, 0.06798108667135239]
  wffn2概率分布（wffn2_prob_dist）: [0.2374613732099533, 0.3939204216003418, 0.1776813268661499, 0.11880539357662201, 0.07213146984577179]
  评论家值（critic_value）: 1.133907675743103
  累计成本（accumulated_cost）: 19.1
  输入噪声配置（input_noise_config）: [28, 28, 26, 22, 22, 22]
  wq噪声配置（wq_noise_config）: [18, 16, 14, 14, 16, 14]
  wk噪声配置（wk_noise_config）: [14, 14, 14, 14, 22, 18]
  wv噪声配置（wv_noise_config）: [20, 16, 20, 18, 22, 16]
  wo噪声配置（wo_noise_config）: [14, 22, 18, 22, 16, 16]
  wffn1噪声配置（wffn1_noise_config）: [16, 20, 18, 20, 16, 16]
  wffn2噪声配置（wffn2_noise_config）: [14, 16, 18, 20, 20, 14]
  当前学习率（current_lr）: 0.000020
  当前熵系数（current_entropy_coef）: 0.023331
  步奖励（step_reward）: 0.007317073170731707
  稠密奖励步（dense_reward_step）: 0.007317073170731707
  累计稠密奖励（accumulated_dense_reward）: 0.03353658536585365
  稳定性惩罚（stability_penalty）: 0.0

  全局步数（step_global）: 97974
  回合编号（episode_id）: 8164
  层索引（layer_index）: 6
  状态向量（state_vector）: [0.0, 0.0, 0.0, 0.0, 0.0, 0.0, 1.0, 0.0, 0.0, 0.0, 0.0, 0.0, -0.06372549384832382, 1.0, 1.0, 0.5, 0.75, 0.75, 1.0, 1.0, 0.22357723116874695, 0.5, 0.25, 0.25, 0.5, 1.0, 1.0, 1.0, 0.0, 0.0, 0.0, 0.0, 0.0, 0.0, 0.5, 0.75, 1.0, 1.0, 0.75, 1.0, 0.0, 0.0, 0.0, 0.0, 0.0, 0.0, 1.0, 1.0, 1.0, 1.0, 0.0, 0.5, 0.0, 0.0, 0.0, 0.0, 0.0, 0.0, 0.25, 0.75, 0.25, 0.5, 0.0, 0.75, 0.0, 0.0, 0.0, 0.0, 0.0, 0.0, 1.0, 0.0, 0.5, 0.0, 0.75, 0.75, 0.0, 0.0, 0.0, 0.0, 0.0, 0.0, 1.0, 0.5, 0.75, 0.5, 1.0, 1.0, 0.0, 0.0, 0.0, 0.0, 0.0, 0.0, 1.0, 0.75, 0.5, 0.25, 0.25, 1.0, 0.0, 0.0, 0.0, 0.0, 0.0, 0.0, -0.20000000298023224, 0.0, 0.9144014716148376]
  当前输入噪声缩放因子（curr_input_noise_scaling_factor）: 30
  当前wq噪声缩放因子（curr_wq_noise_scaling_factor）: 18
  当前wk噪声缩放因子（curr_wk_noise_scaling_factor）: 14
  当前wv噪声缩放因子（curr_wv_noise_scaling_factor）: 16
  当前wo噪声缩放因子（curr_wo_noise_scaling_factor）: 16
  当前wffn1噪声缩放因子（curr_wffn1_noise_scaling_factor）: 18
  当前wffn2噪声缩放因子（curr_wffn2_noise_scaling_factor）: 16
  输入x概率分布（x_prob_dist）: [0.2268180549144745, 0.4026945233345032, 0.19173432886600494, 0.10891193151473999, 0.06984112411737442]
  wq概率分布（wq_prob_dist）: [0.2622319757938385, 0.32656803727149963, 0.22094282507896423, 0.11012911796569824, 0.08012810349464417]
  wk概率分布（wk_prob_dist）: [0.3782936632633209, 0.28078457713127136, 0.15005896985530853, 0.11343109607696533, 0.07743173837661743]
  wv概率分布（wv_prob_dist）: [0.09639255702495575, 0.40683141350746155, 0.2853207588195801, 0.11251275986433029, 0.09894251823425293]
  wo概率分布（wo_prob_dist）: [0.21449953317642212, 0.3666767477989197, 0.18695782124996185, 0.12577199935913086, 0.10609382390975952]
  wffn1概率分布（wffn1_prob_dist）: [0.40430501103401184, 0.24813032150268555, 0.161781445145607, 0.11779787391424179, 0.06798526644706726]
  wffn2概率分布（wffn2_prob_dist）: [0.23746515810489655, 0.39392390847206116, 0.17769105732440948, 0.11879345029592514, 0.07212650775909424]
  评论家值（critic_value）: 1.139084815979004
  累计成本（accumulated_cost）: 22.3
  输入噪声配置（input_noise_config）: [28, 28, 26, 22, 22, 22, 30]
  wq噪声配置（wq_noise_config）: [18, 16, 14, 14, 16, 14, 18]
  wk噪声配置（wk_noise_config）: [14, 14, 14, 14, 22, 18, 14]
  wv噪声配置（wv_noise_config）: [20, 16, 20, 18, 22, 16, 16]
  wo噪声配置（wo_noise_config）: [14, 22, 18, 22, 16, 16, 16]
  wffn1噪声配置（wffn1_noise_config）: [16, 20, 18, 20, 16, 16, 18]
  wffn2噪声配置（wffn2_noise_config）: [14, 16, 18, 20, 20, 14, 16]
  当前学习率（current_lr）: 0.000020
  当前熵系数（current_entropy_coef）: 0.023331
  步奖励（step_reward）: 0.005487804878048778
  稠密奖励步（dense_reward_step）: 0.005487804878048778
  累计稠密奖励（accumulated_dense_reward）: 0.039024390243902425
  稳定性惩罚（stability_penalty）: 0.0

  全局步数（step_global）: 97975
  回合编号（episode_id）: 8164
  层索引（layer_index）: 7
  状态向量（state_vector）: [0.0, 0.0, 0.0, 0.0, 0.0, 0.0, 0.0, 1.0, 0.0, 0.0, 0.0, 0.0, -0.06302521377801895, 0.0, 0.5, 1.0, 0.75, 0.75, 0.75, 0.75, 0.2229965180158615, 0.5833333134651184, 0.25, 0.25, 0.5, 1.0, 1.0, 1.0, 0.0, 0.0, 0.0, 0.0, 0.0, 0.0, 0.5, 0.75, 1.0, 1.0, 0.75, 1.0, 0.5, 0.0, 0.0, 0.0, 0.0, 0.0, 1.0, 1.0, 1.0, 1.0, 0.0, 0.5, 1.0, 0.0, 0.0, 0.0, 0.0, 0.0, 0.25, 0.75, 0.25, 0.5, 0.0, 0.75, 0.75, 0.0, 0.0, 0.0, 0.0, 0.0, 1.0, 0.0, 0.5, 0.0, 0.75, 0.75, 0.75, 0.0, 0.0, 0.0, 0.0, 0.0, 1.0, 0.5, 0.75, 0.5, 1.0, 1.0, 0.75, 0.0, 0.0, 0.0, 0.0, 0.0, 1.0, 0.75, 0.5, 0.25, 0.25, 1.0, 0.75, 0.0, 0.0, 0.0, 0.0, 0.0, -0.20000000298023224, 0.0, 0.9144014716148376]
  当前输入噪声缩放因子（curr_input_noise_scaling_factor）: 22
  当前wq噪声缩放因子（curr_wq_noise_scaling_factor）: 18
  当前wk噪声缩放因子（curr_wk_noise_scaling_factor）: 20
  当前wv噪声缩放因子（curr_wv_noise_scaling_factor）: 16
  当前wo噪声缩放因子（curr_wo_noise_scaling_factor）: 22
  当前wffn1噪声缩放因子（curr_wffn1_noise_scaling_factor）: 16
  当前wffn2噪声缩放因子（curr_wffn2_noise_scaling_factor）: 16
  输入x概率分布（x_prob_dist）: [0.2268015444278717, 0.4027808904647827, 0.19171854853630066, 0.1088818907737732, 0.06981717050075531]
  wq概率分布（wq_prob_dist）: [0.2622472941875458, 0.3266104459762573, 0.22093962132930756, 0.11010018736124039, 0.08010245114564896]
  wk概率分布（wk_prob_dist）: [0.37837353348731995, 0.280806303024292, 0.1500266045331955, 0.11339696496725082, 0.07739663124084473]
  wv概率分布（wv_prob_dist）: [0.09636163711547852, 0.40691131353378296, 0.2853337824344635, 0.11248137056827545, 0.0989118218421936]
  wo概率分布（wo_prob_dist）: [0.21449989080429077, 0.36674439907073975, 0.18694563210010529, 0.1257467418909073, 0.10606331378221512]
  wffn1概率分布（wffn1_prob_dist）: [0.40438488125801086, 0.24814504384994507, 0.1617557853460312, 0.11776341497898102, 0.06795085966587067]
  wffn2概率分布（wffn2_prob_dist）: [0.23746265470981598, 0.39399081468582153, 0.1776675283908844, 0.11877371370792389, 0.07210535556077957]
  评论家值（critic_value）: 1.140044927597046
  累计成本（accumulated_cost）: 25.55
  输入噪声配置（input_noise_config）: [28, 28, 26, 22, 22, 22, 30, 22]
  wq噪声配置（wq_noise_config）: [18, 16, 14, 14, 16, 14, 18, 18]
  wk噪声配置（wk_noise_config）: [14, 14, 14, 14, 22, 18, 14, 20]
  wv噪声配置（wv_noise_config）: [20, 16, 20, 18, 22, 16, 16, 16]
  wo噪声配置（wo_noise_config）: [14, 22, 18, 22, 16, 16, 16, 22]
  wffn1噪声配置（wffn1_noise_config）: [16, 20, 18, 20, 16, 16, 18, 16]
  wffn2噪声配置（wffn2_noise_config）: [14, 16, 18, 20, 20, 14, 16, 16]
  当前学习率（current_lr）: 0.000020
  当前熵系数（current_entropy_coef）: 0.023331
  步奖励（step_reward）: 0.005182926829268291
  稠密奖励步（dense_reward_step）: 0.005182926829268291
  累计稠密奖励（accumulated_dense_reward）: 0.044207317073170715
  稳定性惩罚（stability_penalty）: 0.0

  全局步数（step_global）: 97976
  回合编号（episode_id）: 8164
  层索引（layer_index）: 8
  状态向量（state_vector）: [0.0, 0.0, 0.0, 0.0, 0.0, 0.0, 0.0, 0.0, 1.0, 0.0, 0.0, 0.0, -0.060661762952804565, 1.0, 0.5, 0.25, 0.75, 0.0, 1.0, 0.75, 0.22103658318519592, 0.6666666865348816, 0.25, 0.25, 0.5, 1.0, 1.0, 1.0, 0.0, 1.0, 0.0, 0.0, 0.0, 0.0, 0.5, 0.75, 1.0, 1.0, 0.75, 1.0, 0.5, 0.5, 0.0, 0.0, 0.0, 0.0, 1.0, 1.0, 1.0, 1.0, 0.0, 0.5, 1.0, 0.25, 0.0, 0.0, 0.0, 0.0, 0.25, 0.75, 0.25, 0.5, 0.0, 0.75, 0.75, 0.75, 0.0, 0.0, 0.0, 0.0, 1.0, 0.0, 0.5, 0.0, 0.75, 0.75, 0.75, 0.0, 0.0, 0.0, 0.0, 0.0, 1.0, 0.5, 0.75, 0.5, 1.0, 1.0, 0.75, 1.0, 0.0, 0.0, 0.0, 0.0, 1.0, 0.75, 0.5, 0.25, 0.25, 1.0, 0.75, 0.75, 0.0, 0.0, 0.0, 0.0, -0.20000000298023224, 0.0, 0.9144014716148376]
  当前输入噪声缩放因子（curr_input_noise_scaling_factor）: 26
  当前wq噪声缩放因子（curr_wq_noise_scaling_factor）: 16
  当前wk噪声缩放因子（curr_wk_noise_scaling_factor）: 14
  当前wv噪声缩放因子（curr_wv_noise_scaling_factor）: 18
  当前wo噪声缩放因子（curr_wo_noise_scaling_factor）: 16
  当前wffn1噪声缩放因子（curr_wffn1_noise_scaling_factor）: 16
  当前wffn2噪声缩放因子（curr_wffn2_noise_scaling_factor）: 16
  输入x概率分布（x_prob_dist）: [0.2267947494983673, 0.4027319550514221, 0.19172699749469757, 0.10890381038188934, 0.06984242796897888]
  wq概率分布（wq_prob_dist）: [0.26220810413360596, 0.32657504081726074, 0.22096647322177887, 0.11012830585241318, 0.08012206852436066]
  wk概率分布（wk_prob_dist）: [0.37830808758735657, 0.2808001637458801, 0.15003718435764313, 0.11342795938253403, 0.07742656022310257]
  wv概率分布（wv_prob_dist）: [0.09637869149446487, 0.4068577289581299, 0.28531670570373535, 0.11251182109117508, 0.098935067653656]
  wo概率分布（wo_prob_dist）: [0.21450692415237427, 0.36664605140686035, 0.1869957596063614, 0.1257539987564087, 0.10609733313322067]
  wffn1概率分布（wffn1_prob_dist）: [0.4043097496032715, 0.2481636255979538, 0.16177722811698914, 0.1177830696105957, 0.0679662823677063]
  wffn2概率分布（wffn2_prob_dist）: [0.2374722808599472, 0.3939494490623474, 0.17766469717025757, 0.11878872662782669, 0.07212481647729874]
  评论家值（critic_value）: 1.146243691444397
  累计成本（accumulated_cost）: 28.6
  输入噪声配置（input_noise_config）: [28, 28, 26, 22, 22, 22, 30, 22, 26]
  wq噪声配置（wq_noise_config）: [18, 16, 14, 14, 16, 14, 18, 18, 16]
  wk噪声配置（wk_noise_config）: [14, 14, 14, 14, 22, 18, 14, 20, 14]
  wv噪声配置（wv_noise_config）: [20, 16, 20, 18, 22, 16, 16, 16, 18]
  wo噪声配置（wo_noise_config）: [14, 22, 18, 22, 16, 16, 16, 22, 16]
  wffn1噪声配置（wffn1_noise_config）: [16, 20, 18, 20, 16, 16, 18, 16, 16]
  wffn2噪声配置（wffn2_noise_config）: [14, 16, 18, 20, 20, 14, 16, 16, 16]
  当前学习率（current_lr）: 0.000020
  当前熵系数（current_entropy_coef）: 0.023331
  步奖励（step_reward）: 0.006402439024390244
  稠密奖励步（dense_reward_step）: 0.006402439024390244
  累计稠密奖励（accumulated_dense_reward）: 0.05060975609756096
  稳定性惩罚（stability_penalty）: 0.0

  全局步数（step_global）: 97977
  回合编号（episode_id）: 8164
  层索引（layer_index）: 9
  状态向量（state_vector）: [0.0, 0.0, 0.0, 0.0, 0.0, 0.0, 0.0, 0.0, 0.0, 1.0, 0.0, 0.0, -0.06535948067903519, 0.5, 0.75, 1.0, 0.5, 0.75, 1.0, 0.75, 0.2249322533607483, 0.75, 0.25, 0.25, 0.5, 1.0, 1.0, 1.0, 0.0, 1.0, 0.5, 0.0, 0.0, 0.0, 0.5, 0.75, 1.0, 1.0, 0.75, 1.0, 0.5, 0.5, 0.75, 0.0, 0.0, 0.0, 1.0, 1.0, 1.0, 1.0, 0.0, 0.5, 1.0, 0.25, 1.0, 0.0, 0.0, 0.0, 0.25, 0.75, 0.25, 0.5, 0.0, 0.75, 0.75, 0.75, 0.5, 0.0, 0.0, 0.0, 1.0, 0.0, 0.5, 0.0, 0.75, 0.75, 0.75, 0.0, 0.75, 0.0, 0.0, 0.0, 1.0, 0.5, 0.75, 0.5, 1.0, 1.0, 0.75, 1.0, 1.0, 0.0, 0.0, 0.0, 1.0, 0.75, 0.5, 0.25, 0.25, 1.0, 0.75, 0.75, 0.75, 0.0, 0.0, 0.0, -0.20000000298023224, 0.0, 0.9144014716148376]
  当前输入噪声缩放因子（curr_input_noise_scaling_factor）: 22
  当前wq噪声缩放因子（curr_wq_noise_scaling_factor）: 22
  当前wk噪声缩放因子（curr_wk_noise_scaling_factor）: 16
  当前wv噪声缩放因子（curr_wv_noise_scaling_factor）: 22
  当前wo噪声缩放因子（curr_wo_noise_scaling_factor）: 18
  当前wffn1噪声缩放因子（curr_wffn1_noise_scaling_factor）: 18
  当前wffn2噪声缩放因子（curr_wffn2_noise_scaling_factor）: 18
  输入x概率分布（x_prob_dist）: [0.2267974317073822, 0.4027208685874939, 0.19173024594783783, 0.10890503972768784, 0.06984632462263107]
  wq概率分布（wq_prob_dist）: [0.2622099816799164, 0.32656946778297424, 0.2209635227918625, 0.11013063043355942, 0.08012635260820389]
  wk概率分布（wk_prob_dist）: [0.37830856442451477, 0.28080058097839355, 0.15003736317157745, 0.11342571675777435, 0.07742781937122345]
  wv概率分布（wv_prob_dist）: [0.0963808074593544, 0.4068448841571808, 0.28531113266944885, 0.11252261698246002, 0.09894046932458878]
  wo概率分布（wo_prob_dist）: [0.21450264751911163, 0.36662253737449646, 0.18700353801250458, 0.12576137483119965, 0.10610990971326828]
  wffn1概率分布（wffn1_prob_dist）: [0.4043146073818207, 0.24813871085643768, 0.1617783159017563, 0.117795430123806, 0.06797295808792114]
  wffn2概率分布（wffn2_prob_dist）: [0.2374725341796875, 0.39392226934432983, 0.17767180502414703, 0.11880362033843994, 0.07212983071804047]
  评论家值（critic_value）: 1.1537872552871704
  累计成本（accumulated_cost）: 32.0
  输入噪声配置（input_noise_config）: [28, 28, 26, 22, 22, 22, 30, 22, 26, 22]
  wq噪声配置（wq_noise_config）: [18, 16, 14, 14, 16, 14, 18, 18, 16, 22]
  wk噪声配置（wk_noise_config）: [14, 14, 14, 14, 22, 18, 14, 20, 14, 16]
  wv噪声配置（wv_noise_config）: [20, 16, 20, 18, 22, 16, 16, 16, 18, 22]
  wo噪声配置（wo_noise_config）: [14, 22, 18, 22, 16, 16, 16, 22, 16, 18]
  wffn1噪声配置（wffn1_noise_config）: [16, 20, 18, 20, 16, 16, 18, 16, 16, 18]
  wffn2噪声配置（wffn2_noise_config）: [14, 16, 18, 20, 20, 14, 16, 16, 16, 18]
  当前学习率（current_lr）: 0.000020
  当前熵系数（current_entropy_coef）: 0.023331
  步奖励（step_reward）: 0.004268292682926825
  稠密奖励步（dense_reward_step）: 0.004268292682926825
  累计稠密奖励（accumulated_dense_reward）: 0.054878048780487784
  稳定性惩罚（stability_penalty）: 0.0

  全局步数（step_global）: 97978
  回合编号（episode_id）: 8164
  层索引（layer_index）: 10
  状态向量（state_vector）: [0.0, 0.0, 0.0, 0.0, 0.0, 0.0, 0.0, 0.0, 0.0, 0.0, 1.0, 0.0, -0.05882352963089943, 1.0, 0.0, 0.75, 0.0, 0.5, 0.75, 0.5, 0.2195121943950653, 0.8333333134651184, 0.25, 0.25, 0.5, 1.0, 1.0, 1.0, 0.0, 1.0, 0.5, 1.0, 0.0, 0.0, 0.5, 0.75, 1.0, 1.0, 0.75, 1.0, 0.5, 0.5, 0.75, 0.0, 0.0, 0.0, 1.0, 1.0, 1.0, 1.0, 0.0, 0.5, 1.0, 0.25, 1.0, 0.75, 0.0, 0.0, 0.25, 0.75, 0.25, 0.5, 0.0, 0.75, 0.75, 0.75, 0.5, 0.0, 0.0, 0.0, 1.0, 0.0, 0.5, 0.0, 0.75, 0.75, 0.75, 0.0, 0.75, 0.5, 0.0, 0.0, 1.0, 0.5, 0.75, 0.5, 1.0, 1.0, 0.75, 1.0, 1.0, 0.75, 0.0, 0.0, 1.0, 0.75, 0.5, 0.25, 0.25, 1.0, 0.75, 0.75, 0.75, 0.5, 0.0, 0.0, -0.20000000298023224, 0.0, 0.9144014716148376]
  当前输入噪声缩放因子（curr_input_noise_scaling_factor）: 24
  当前wq噪声缩放因子（curr_wq_noise_scaling_factor）: 16
  当前wk噪声缩放因子（curr_wk_noise_scaling_factor）: 20
  当前wv噪声缩放因子（curr_wv_noise_scaling_factor）: 22
  当前wo噪声缩放因子（curr_wo_noise_scaling_factor）: 20
  当前wffn1噪声缩放因子（curr_wffn1_noise_scaling_factor）: 20
  当前wffn2噪声缩放因子（curr_wffn2_noise_scaling_factor）: 16
  输入x概率分布（x_prob_dist）: [0.22681696712970734, 0.40258628129959106, 0.19173361361026764, 0.10896604508161545, 0.06989706307649612]
  wq概率分布（wq_prob_dist）: [0.26218661665916443, 0.3264893889427185, 0.22096791863441467, 0.11017505079507828, 0.08018096536397934]
  wk概率分布（wk_prob_dist）: [0.3781963288784027, 0.28075921535491943, 0.15009698271751404, 0.11347237229347229, 0.07747510075569153]
  wv概率分布（wv_prob_dist）: [0.0964454635977745, 0.40668466687202454, 0.2853040397167206, 0.11256631463766098, 0.0989995077252388]
  wo概率分布（wo_prob_dist）: [0.21449610590934753, 0.36658531427383423, 0.18697291612625122, 0.12581363320350647, 0.10613197088241577]
  wffn1概率分布（wffn1_prob_dist）: [0.4041537046432495, 0.24814672768115997, 0.16182681918144226, 0.11784268915653229, 0.06803008168935776]
  wffn2概率分布（wffn2_prob_dist）: [0.23748309910297394, 0.3937876224517822, 0.1776999533176422, 0.11885254830121994, 0.07217682898044586]
  评论家值（critic_value）: 1.1578431129455566
  累计成本（accumulated_cost）: 35.45
  输入噪声配置（input_noise_config）: [28, 28, 26, 22, 22, 22, 30, 22, 26, 22, 24]
  wq噪声配置（wq_noise_config）: [18, 16, 14, 14, 16, 14, 18, 18, 16, 22, 16]
  wk噪声配置（wk_noise_config）: [14, 14, 14, 14, 22, 18, 14, 20, 14, 16, 20]
  wv噪声配置（wv_noise_config）: [20, 16, 20, 18, 22, 16, 16, 16, 18, 22, 22]
  wo噪声配置（wo_noise_config）: [14, 22, 18, 22, 16, 16, 16, 22, 16, 18, 20]
  wffn1噪声配置（wffn1_noise_config）: [16, 20, 18, 20, 16, 16, 18, 16, 16, 18, 20]
  wffn2噪声配置（wffn2_noise_config）: [14, 16, 18, 20, 20, 14, 16, 16, 16, 18, 16]
  当前学习率（current_lr）: 0.000020
  当前熵系数（current_entropy_coef）: 0.023331
  步奖励（step_reward）: 0.0039634146341463415
  稠密奖励步（dense_reward_step）: 0.0039634146341463415
  累计稠密奖励（accumulated_dense_reward）: 0.05884146341463413
  稳定性惩罚（stability_penalty）: 0.0

  全局步数（step_global）: 97979
  回合编号（episode_id）: 8164
  层索引（layer_index）: 11
  状态向量（state_vector）: [0.0, 0.0, 0.0, 0.0, 0.0, 0.0, 0.0, 0.0, 0.0, 0.0, 0.0, 1.0, -0.0521390363574028, 0.75, 0.75, 0.25, 0.0, 0.25, 0.5, 0.75, 0.21396896243095398, 0.9166666865348816, 0.25, 0.25, 0.5, 1.0, 1.0, 1.0, 0.0, 1.0, 0.5, 1.0, 0.75, 0.0, 0.5, 0.75, 1.0, 1.0, 0.75, 1.0, 0.5, 0.5, 0.75, 0.0, 0.75, 0.0, 1.0, 1.0, 1.0, 1.0, 0.0, 0.5, 1.0, 0.25, 1.0, 0.75, 0.25, 0.0, 0.25, 0.75, 0.25, 0.5, 0.0, 0.75, 0.75, 0.75, 0.5, 0.0, 0.0, 0.0, 1.0, 0.0, 0.5, 0.0, 0.75, 0.75, 0.75, 0.0, 0.75, 0.5, 0.25, 0.0, 1.0, 0.5, 0.75, 0.5, 1.0, 1.0, 0.75, 1.0, 1.0, 0.75, 0.5, 0.0, 1.0, 0.75, 0.5, 0.25, 0.25, 1.0, 0.75, 0.75, 0.75, 0.5, 0.75, 0.0, -0.20000000298023224, 0.0, 0.9144014716148376]
  当前输入噪声缩放因子（curr_input_noise_scaling_factor）: 28
  当前wq噪声缩放因子（curr_wq_noise_scaling_factor）: 20
  当前wk噪声缩放因子（curr_wk_noise_scaling_factor）: 14
  当前wv噪声缩放因子（curr_wv_noise_scaling_factor）: 18
  当前wo噪声缩放因子（curr_wo_noise_scaling_factor）: 14
  当前wffn1噪声缩放因子（curr_wffn1_noise_scaling_factor）: 16
  当前wffn2噪声缩放因子（curr_wffn2_noise_scaling_factor）: 18
  输入x概率分布（x_prob_dist）: [0.22680024802684784, 0.4027908742427826, 0.19171948730945587, 0.10887567698955536, 0.06981364637613297]
  wq概率分布（wq_prob_dist）: [0.26224303245544434, 0.3266145586967468, 0.22094406187534332, 0.11009930074214935, 0.08009908348321915]
  wk概率分布（wk_prob_dist）: [0.37836840748786926, 0.2808142602443695, 0.15002518892288208, 0.11339696496725082, 0.07739520072937012]
  wv概率分布（wv_prob_dist）: [0.09635933488607407, 0.4069121181964874, 0.2853284180164337, 0.11248462647199631, 0.09891552478075027]
  wo概率分布（wo_prob_dist）: [0.214494526386261, 0.36673253774642944, 0.18695813417434692, 0.12574397027492523, 0.10607084631919861]
  wffn1概率分布（wffn1_prob_dist）: [0.4043891429901123, 0.24813981354236603, 0.16175410151481628, 0.11776852607727051, 0.06794840842485428]
  wffn2概率分布（wffn2_prob_dist）: [0.23746441304683685, 0.39399003982543945, 0.17766961455345154, 0.11877363175153732, 0.07210230827331543]
  评论家值（critic_value）: 1.1719805002212524
  累计成本（accumulated_cost）: 38.650000000000006
  输入噪声配置（input_noise_config）: [28, 28, 26, 22, 22, 22, 30, 22, 26, 22, 24, 28]
  wq噪声配置（wq_noise_config）: [18, 16, 14, 14, 16, 14, 18, 18, 16, 22, 16, 20]
  wk噪声配置（wk_noise_config）: [14, 14, 14, 14, 22, 18, 14, 20, 14, 16, 20, 14]
  wv噪声配置（wv_noise_config）: [20, 16, 20, 18, 22, 16, 16, 16, 18, 22, 22, 18]
  wo噪声配置（wo_noise_config）: [14, 22, 18, 22, 16, 16, 16, 22, 16, 18, 20, 14]
  wffn1噪声配置（wffn1_noise_config）: [16, 20, 18, 20, 16, 16, 18, 16, 16, 18, 20, 16]
  wffn2噪声配置（wffn2_noise_config）: [14, 16, 18, 20, 20, 14, 16, 16, 16, 18, 16, 18]
  当前学习率（current_lr）: 0.000020
  当前熵系数（current_entropy_coef）: 0.023331
  蒙特卡洛采样数（mc_samples）: 5
  蒙特卡洛损失均值（mc_loss_mean）: 0.28762403726577757
  蒙特卡洛损失标准差（mc_loss_std）: 0.0017753461051454073
  蒙特卡洛指标1均值（mc_metric1_mean）: 0.9052631578947368
  蒙特卡洛指标1标准差（mc_metric1_std）: 0.0031383410210523463
  蒙特卡洛指标2均值（mc_metric2_mean）: 0.9037714076083724
  蒙特卡洛指标2标准差（mc_metric2_std）: 0.002951797506082147
  步奖励（step_reward）: 1.1607832608294635
  稠密奖励步（dense_reward_step）: 0.005487804878048775
  原始最终奖励（raw_final_reward）: 1.1552954559514148
  最终选择分数（final_selection_score）: 1.1552954559514148
  累计稠密奖励（accumulated_dense_reward）: 0.0643292682926829
  稳定性代理（stability_proxy）: 0.32772852634499583
  稳定性惩罚（stability_penalty）: -0.0

--- 回合（Episode） 8166 (回合回报（EpisodeReturn）=1.1911, 原始最终奖励（RawFinalReward）=1.1228, 稠密奖励合计（DenseRewardTotal）=0.0683) ---
  全局步数（step_global）: 97980
  回合编号（episode_id）: 8165
  层索引（layer_index）: 0
  状态向量（state_vector）: [1.0, 0.0, 0.0, 0.0, 0.0, 0.0, 0.0, 0.0, 0.0, 0.0, 0.0, 0.0, 0.0, 0.0, 0.0, 0.0, 0.0, 0.0, 0.0, 0.0, 0.0, 0.0, 0.0, 0.0, 0.0, 0.0, 0.0, 0.0, 0.0, 0.0, 0.0, 0.0, 0.0, 0.0, 0.0, 0.0, 0.0, 0.0, 0.0, 0.0, 0.0, 0.0, 0.0, 0.0, 0.0, 0.0, 0.0, 0.0, 0.0, 0.0, 0.0, 0.0, 0.0, 0.0, 0.0, 0.0, 0.0, 0.0, 0.0, 0.0, 0.0, 0.0, 0.0, 0.0, 0.0, 0.0, 0.0, 0.0, 0.0, 0.0, 0.0, 0.0, 0.0, 0.0, 0.0, 0.0, 0.0, 0.0, 0.0, 0.0, 0.0, 0.0, 0.0, 0.0, 0.0, 0.0, 0.0, 0.0, 0.0, 0.0, 0.0, 0.0, 0.0, 0.0, 0.0, 0.0, 0.0, 0.0, 0.0, 0.0, 0.0, 0.0, 0.0, 0.0, 0.0, 0.0, -0.20000000298023224, 0.0, 0.9298949837684631]
  当前输入噪声缩放因子（curr_input_noise_scaling_factor）: 24
  当前wq噪声缩放因子（curr_wq_noise_scaling_factor）: 18
  当前wk噪声缩放因子（curr_wk_noise_scaling_factor）: 18
  当前wv噪声缩放因子（curr_wv_noise_scaling_factor）: 16
  当前wo噪声缩放因子（curr_wo_noise_scaling_factor）: 16
  当前wffn1噪声缩放因子（curr_wffn1_noise_scaling_factor）: 18
  当前wffn2噪声缩放因子（curr_wffn2_noise_scaling_factor）: 20
  输入x概率分布（x_prob_dist）: [0.2274225801229477, 0.3994515836238861, 0.19209441542625427, 0.10998928546905518, 0.07104212790727615]
  wq概率分布（wq_prob_dist）: [0.26139795780181885, 0.3252145051956177, 0.22087416052818298, 0.1113036572933197, 0.08120971918106079]
  wk概率分布（wk_prob_dist）: [0.37660565972328186, 0.27942702174186707, 0.1510632336139679, 0.11441056430339813, 0.07849356532096863]
  wv概率分布（wv_prob_dist）: [0.09784825891256332, 0.4031592309474945, 0.28508514165878296, 0.11368414759635925, 0.10022326558828354]
  wo概率分布（wo_prob_dist）: [0.21462461352348328, 0.36446383595466614, 0.1870679259300232, 0.12667033076286316, 0.10717330873012543]
  wffn1概率分布（wffn1_prob_dist）: [0.40131470561027527, 0.24775835871696472, 0.1626628339290619, 0.11907140910625458, 0.06919267773628235]
  wffn2概率分布（wffn2_prob_dist）: [0.23764726519584656, 0.3906712830066681, 0.17843537032604218, 0.11993038654327393, 0.07331565022468567]
  评论家值（critic_value）: 1.1047028303146362
  累计成本（accumulated_cost）: 3.25
  输入噪声配置（input_noise_config）: [24]
  wq噪声配置（wq_noise_config）: [18]
  wk噪声配置（wk_noise_config）: [18]
  wv噪声配置（wv_noise_config）: [16]
  wo噪声配置（wo_noise_config）: [16]
  wffn1噪声配置（wffn1_noise_config）: [18]
  wffn2噪声配置（wffn2_noise_config）: [20]
  当前学习率（current_lr）: 0.000020
  当前熵系数（current_entropy_coef）: 0.023328
  步奖励（step_reward）: 0.005182926829268291
  稠密奖励步（dense_reward_step）: 0.005182926829268291
  累计稠密奖励（accumulated_dense_reward）: 0.005182926829268291
  稳定性惩罚（stability_penalty）: 0.0

  全局步数（step_global）: 97981
  回合编号（episode_id）: 8165
  层索引（layer_index）: 1
  状态向量（state_vector）: [0.0, 1.0, 0.0, 0.0, 0.0, 0.0, 0.0, 0.0, 0.0, 0.0, 0.0, 0.0, -0.04411764815449715, 0.75, 0.5, 0.5, 0.75, 0.75, 0.75, 0.25, 0.2073170691728592, 0.0833333358168602, 0.75, 0.0, 0.0, 0.0, 0.0, 0.0, 0.0, 0.0, 0.0, 0.0, 0.0, 0.0, 0.5, 0.0, 0.0, 0.0, 0.0, 0.0, 0.0, 0.0, 0.0, 0.0, 0.0, 0.0, 0.5, 0.0, 0.0, 0.0, 0.0, 0.0, 0.0, 0.0, 0.0, 0.0, 0.0, 0.0, 0.75, 0.0, 0.0, 0.0, 0.0, 0.0, 0.0, 0.0, 0.0, 0.0, 0.0, 0.0, 0.75, 0.0, 0.0, 0.0, 0.0, 0.0, 0.0, 0.0, 0.0, 0.0, 0.0, 0.0, 0.75, 0.0, 0.0, 0.0, 0.0, 0.0, 0.0, 0.0, 0.0, 0.0, 0.0, 0.0, 0.25, 0.0, 0.0, 0.0, 0.0, 0.0, 0.0, 0.0, 0.0, 0.0, 0.0, 0.0, -0.20000000298023224, 0.0, 0.9298949837684631]
  当前输入噪声缩放因子（curr_input_noise_scaling_factor）: 26
  当前wq噪声缩放因子（curr_wq_noise_scaling_factor）: 16
  当前wk噪声缩放因子（curr_wk_noise_scaling_factor）: 14
  当前wv噪声缩放因子（curr_wv_noise_scaling_factor）: 16
  当前wo噪声缩放因子（curr_wo_noise_scaling_factor）: 14
  当前wffn1噪声缩放因子（curr_wffn1_noise_scaling_factor）: 16
  当前wffn2噪声缩放因子（curr_wffn2_noise_scaling_factor）: 14
  输入x概率分布（x_prob_dist）: [0.22682635486125946, 0.4025212824344635, 0.19176411628723145, 0.10898053646087646, 0.06990765035152435]
  wq概率分布（wq_prob_dist）: [0.26220691204071045, 0.32646873593330383, 0.2209499329328537, 0.11017876863479614, 0.0801955908536911]
  wk概率分布（wk_prob_dist）: [0.37813544273376465, 0.28076067566871643, 0.15011200308799744, 0.11349530518054962, 0.07749655842781067]
  wv概率分布（wv_prob_dist）: [0.09646148979663849, 0.4066699147224426, 0.28527235984802246, 0.11257953196763992, 0.09901662170886993]
  wo概率分布（wo_prob_dist）: [0.21448732912540436, 0.3665469288825989, 0.18699109554290771, 0.12582698464393616, 0.10614762455224991]
  wffn1概率分布（wffn1_prob_dist）: [0.404131680727005, 0.24812717735767365, 0.1618395894765854, 0.11786123365163803, 0.06804025918245316]
  wffn2概率分布（wffn2_prob_dist）: [0.23745495080947876, 0.39377620816230774, 0.1777172088623047, 0.11885707825422287, 0.07219452410936356]
  评论家值（critic_value）: 1.110410451889038
  累计成本（accumulated_cost）: 6.15
  输入噪声配置（input_noise_config）: [24, 26]
  wq噪声配置（wq_noise_config）: [18, 16]
  wk噪声配置（wk_noise_config）: [18, 14]
  wv噪声配置（wv_noise_config）: [16, 16]
  wo噪声配置（wo_noise_config）: [16, 14]
  wffn1噪声配置（wffn1_noise_config）: [18, 16]
  wffn2噪声配置（wffn2_noise_config）: [20, 14]
  当前学习率（current_lr）: 0.000020
  当前熵系数（current_entropy_coef）: 0.023328
  步奖励（step_reward）: 0.007317073170731704
  稠密奖励步（dense_reward_step）: 0.007317073170731704
  累计稠密奖励（accumulated_dense_reward）: 0.012499999999999995
  稳定性惩罚（stability_penalty）: 0.0

  全局步数（step_global）: 97982
  回合编号（episode_id）: 8165
  层索引（layer_index）: 2
  状态向量（state_vector）: [0.0, 0.0, 1.0, 0.0, 0.0, 0.0, 0.0, 0.0, 0.0, 0.0, 0.0, 0.0, -0.09558823704719543, 0.5, 0.75, 1.0, 0.75, 1.0, 1.0, 1.0, 0.25, 0.1666666716337204, 0.75, 0.5, 0.0, 0.0, 0.0, 0.0, 0.0, 0.0, 0.0, 0.0, 0.0, 0.0, 0.5, 0.75, 0.0, 0.0, 0.0, 0.0, 0.0, 0.0, 0.0, 0.0, 0.0, 0.0, 0.5, 1.0, 0.0, 0.0, 0.0, 0.0, 0.0, 0.0, 0.0, 0.0, 0.0, 0.0, 0.75, 0.75, 0.0, 0.0, 0.0, 0.0, 0.0, 0.0, 0.0, 0.0, 0.0, 0.0, 0.75, 1.0, 0.0, 0.0, 0.0, 0.0, 0.0, 0.0, 0.0, 0.0, 0.0, 0.0, 0.75, 1.0, 0.0, 0.0, 0.0, 0.0, 0.0, 0.0, 0.0, 0.0, 0.0, 0.0, 0.25, 1.0, 0.0, 0.0, 0.0, 0.0, 0.0, 0.0, 0.0, 0.0, 0.0, 0.0, -0.20000000298023224, 0.0, 0.9298949837684631]
  当前输入噪声缩放因子（curr_input_noise_scaling_factor）: 26
  当前wq噪声缩放因子（curr_wq_noise_scaling_factor）: 14
  当前wk噪声缩放因子（curr_wk_noise_scaling_factor）: 16
  当前wv噪声缩放因子（curr_wv_noise_scaling_factor）: 18
  当前wo噪声缩放因子（curr_wo_noise_scaling_factor）: 16
  当前wffn1噪声缩放因子（curr_wffn1_noise_scaling_factor）: 18
  当前wffn2噪声缩放因子（curr_wffn2_noise_scaling_factor）: 16
  输入x概率分布（x_prob_dist）: [0.22680923342704773, 0.40267106890678406, 0.19173774123191833, 0.10892447829246521, 0.06985753029584885]
  wq概率分布（wq_prob_dist）: [0.2622109651565552, 0.3265456259250641, 0.2209627628326416, 0.11013982445001602, 0.08014088869094849]
  wk概率分布（wk_prob_dist）: [0.3782758116722107, 0.280793160200119, 0.15005184710025787, 0.11343560367822647, 0.07744351774454117]
  wv概率分布（wv_prob_dist）: [0.09640051424503326, 0.4068208336830139, 0.28530648350715637, 0.11252425611019135, 0.09894786775112152]
  wo概率分布（wo_prob_dist）: [0.2145034223794937, 0.3666318953037262, 0.18697752058506012, 0.12577641010284424, 0.10611075907945633]
  wffn1概率分布（wffn1_prob_dist）: [0.4042723774909973, 0.2481563240289688, 0.16178172826766968, 0.11780033260583878, 0.06798923760652542]
  wffn2概率分布（wffn2_prob_dist）: [0.23745909333229065, 0.3939175307750702, 0.17768017947673798, 0.11880266666412354, 0.07214057445526123]
  评论家值（critic_value）: 1.115478515625
  累计成本（accumulated_cost）: 9.25
  输入噪声配置（input_noise_config）: [24, 26, 26]
  wq噪声配置（wq_noise_config）: [18, 16, 14]
  wk噪声配置（wk_noise_config）: [18, 14, 16]
  wv噪声配置（wv_noise_config）: [16, 16, 18]
  wo噪声配置（wo_noise_config）: [16, 14, 16]
  wffn1噪声配置（wffn1_noise_config）: [18, 16, 18]
  wffn2噪声配置（wffn2_noise_config）: [20, 14, 16]
  当前学习率（current_lr）: 0.000020
  当前熵系数（current_entropy_coef）: 0.023328
  步奖励（step_reward）: 0.006097560975609755
  稠密奖励步（dense_reward_step）: 0.006097560975609755
  累计稠密奖励（accumulated_dense_reward）: 0.018597560975609752
  稳定性惩罚（stability_penalty）: 0.0

  全局步数（step_global）: 97983
  回合编号（episode_id）: 8165
  层索引（layer_index）: 3
  状态向量（state_vector）: [0.0, 0.0, 0.0, 1.0, 0.0, 0.0, 0.0, 0.0, 0.0, 0.0, 0.0, 0.0, -0.09313725680112839, 0.5, 1.0, 0.75, 0.5, 0.75, 0.75, 0.75, 0.24796748161315918, 0.25, 0.75, 0.5, 0.5, 0.0, 0.0, 0.0, 0.0, 0.0, 0.0, 0.0, 0.0, 0.0, 0.5, 0.75, 1.0, 0.0, 0.0, 0.0, 0.0, 0.0, 0.0, 0.0, 0.0, 0.0, 0.5, 1.0, 0.75, 0.0, 0.0, 0.0, 0.0, 0.0, 0.0, 0.0, 0.0, 0.0, 0.75, 0.75, 0.5, 0.0, 0.0, 0.0, 0.0, 0.0, 0.0, 0.0, 0.0, 0.0, 0.75, 1.0, 0.75, 0.0, 0.0, 0.0, 0.0, 0.0, 0.0, 0.0, 0.0, 0.0, 0.75, 1.0, 0.75, 0.0, 0.0, 0.0, 0.0, 0.0, 0.0, 0.0, 0.0, 0.0, 0.25, 1.0, 0.75, 0.0, 0.0, 0.0, 0.0, 0.0, 0.0, 0.0, 0.0, 0.0, -0.20000000298023224, 0.0, 0.9298949837684631]
  当前输入噪声缩放因子（curr_input_noise_scaling_factor）: 24
  当前wq噪声缩放因子（curr_wq_noise_scaling_factor）: 16
  当前wk噪声缩放因子（curr_wk_noise_scaling_factor）: 20
  当前wv噪声缩放因子（curr_wv_noise_scaling_factor）: 16
  当前wo噪声缩放因子（curr_wo_noise_scaling_factor）: 14
  当前wffn1噪声缩放因子（curr_wffn1_noise_scaling_factor）: 24
  当前wffn2噪声缩放因子（curr_wffn2_noise_scaling_factor）: 18
  输入x概率分布（x_prob_dist）: [0.22680488228797913, 0.4027387201786041, 0.19172431528568268, 0.1088988408446312, 0.0698331892490387]
  wq概率分布（wq_prob_dist）: [0.26223063468933105, 0.326589435338974, 0.22095245122909546, 0.11011280119419098, 0.0801146924495697]
  wk概率分布（wk_prob_dist）: [0.3783188760280609, 0.2808033525943756, 0.15004314482212067, 0.11341677606105804, 0.07741788029670715]
  wv概率分布（wv_prob_dist）: [0.09637613594532013, 0.4068801701068878, 0.28530800342559814, 0.112504743039608, 0.09893091022968292]
  wo概率分布（wo_prob_dist）: [0.21450388431549072, 0.36667925119400024, 0.1869678646326065, 0.12576034665107727, 0.10608866065740585]
  wffn1概率分布（wffn1_prob_dist）: [0.40432825684547424, 0.24814392626285553, 0.16177137196063995, 0.11778786033391953, 0.06796860694885254]
  wffn2概率分布（wffn2_prob_dist）: [0.23746120929718018, 0.39395952224731445, 0.17767301201820374, 0.11878864467144012, 0.07211759686470032]
  评论家值（critic_value）: 1.12163245677948
  累计成本（accumulated_cost）: 12.55
  输入噪声配置（input_noise_config）: [24, 26, 26, 24]
  wq噪声配置（wq_noise_config）: [18, 16, 14, 16]
  wk噪声配置（wk_noise_config）: [18, 14, 16, 20]
  wv噪声配置（wv_noise_config）: [16, 16, 18, 16]
  wo噪声配置（wo_noise_config）: [16, 14, 16, 14]
  wffn1噪声配置（wffn1_noise_config）: [18, 16, 18, 24]
  wffn2噪声配置（wffn2_noise_config）: [20, 14, 16, 18]
  当前学习率（current_lr）: 0.000020
  当前熵系数（current_entropy_coef）: 0.023328
  步奖励（step_reward）: 0.004878048780487802
  稠密奖励步（dense_reward_step）: 0.004878048780487802
  累计稠密奖励（accumulated_dense_reward）: 0.023475609756097554
  稳定性惩罚（stability_penalty）: 0.0

  全局步数（step_global）: 97984
  回合编号（episode_id）: 8165
  层索引（layer_index）: 4
  状态向量（state_vector）: [0.0, 0.0, 0.0, 0.0, 1.0, 0.0, 0.0, 0.0, 0.0, 0.0, 0.0, 0.0, -0.07720588147640228, 0.75, 0.75, 0.25, 0.75, 1.0, 0.0, 0.5, 0.23475609719753265, 0.3333333432674408, 0.75, 0.5, 0.5, 0.75, 0.0, 0.0, 0.0, 0.0, 0.0, 0.0, 0.0, 0.0, 0.5, 0.75, 1.0, 0.75, 0.0, 0.0, 0.0, 0.0, 0.0, 0.0, 0.0, 0.0, 0.5, 1.0, 0.75, 0.25, 0.0, 0.0, 0.0, 0.0, 0.0, 0.0, 0.0, 0.0, 0.75, 0.75, 0.5, 0.75, 0.0, 0.0, 0.0, 0.0, 0.0, 0.0, 0.0, 0.0, 0.75, 1.0, 0.75, 1.0, 0.0, 0.0, 0.0, 0.0, 0.0, 0.0, 0.0, 0.0, 0.75, 1.0, 0.75, 0.0, 0.0, 0.0, 0.0, 0.0, 0.0, 0.0, 0.0, 0.0, 0.25, 1.0, 0.75, 0.5, 0.0, 0.0, 0.0, 0.0, 0.0, 0.0, 0.0, 0.0, -0.20000000298023224, 0.0, 0.9298949837684631]
  当前输入噪声缩放因子（curr_input_noise_scaling_factor）: 28
  当前wq噪声缩放因子（curr_wq_noise_scaling_factor）: 16
  当前wk噪声缩放因子（curr_wk_noise_scaling_factor）: 16
  当前wv噪声缩放因子（curr_wv_noise_scaling_factor）: 22
  当前wo噪声缩放因子（curr_wo_noise_scaling_factor）: 14
  当前wffn1噪声缩放因子（curr_wffn1_noise_scaling_factor）: 16
  当前wffn2噪声缩放因子（curr_wffn2_noise_scaling_factor）: 14
  输入x概率分布（x_prob_dist）: [0.2268088459968567, 0.4026336371898651, 0.19174426794052124, 0.10893967747688293, 0.06987355649471283]
  wq概率分布（wq_prob_dist）: [0.2622022330760956, 0.32653936743736267, 0.2209502011537552, 0.11015399545431137, 0.0801541805267334]
  wk概率分布（wk_prob_dist）: [0.3782479465007782, 0.280773788690567, 0.1500677466392517, 0.11345479637384415, 0.07745571434497833]
  wv概率分布（wv_prob_dist）: [0.09642008692026138, 0.40675848722457886, 0.2853045165538788, 0.11254485696554184, 0.09897207468748093]
  wo概率分布（wo_prob_dist）: [0.2145083099603653, 0.3666010797023773, 0.18698054552078247, 0.12578868865966797, 0.10612137615680695]
  wffn1概率分布（wffn1_prob_dist）: [0.40423324704170227, 0.24814282357692719, 0.16180118918418884, 0.11781821399927139, 0.0680045485496521]
  wffn2概率分布（wffn2_prob_dist）: [0.23746618628501892, 0.39387020468711853, 0.17768731713294983, 0.11882080882787704, 0.07215552777051926]
  评论家值（critic_value）: 1.1260474920272827
  累计成本（accumulated_cost）: 15.700000000000001
  输入噪声配置（input_noise_config）: [24, 26, 26, 24, 28]
  wq噪声配置（wq_noise_config）: [18, 16, 14, 16, 16]
  wk噪声配置（wk_noise_config）: [18, 14, 16, 20, 16]
  wv噪声配置（wv_noise_config）: [16, 16, 18, 16, 22]
  wo噪声配置（wo_noise_config）: [16, 14, 16, 14, 14]
  wffn1噪声配置（wffn1_noise_config）: [18, 16, 18, 24, 16]
  wffn2噪声配置（wffn2_noise_config）: [20, 14, 16, 18, 14]
  当前学习率（current_lr）: 0.000020
  当前熵系数（current_entropy_coef）: 0.023328
  步奖励（step_reward）: 0.005792682926829267
  稠密奖励步（dense_reward_step）: 0.005792682926829267
  累计稠密奖励（accumulated_dense_reward）: 0.02926829268292682
  稳定性惩罚（stability_penalty）: 0.0

  全局步数（step_global）: 97985
  回合编号（episode_id）: 8165
  层索引（layer_index）: 5
  状态向量（state_vector）: [0.0, 0.0, 0.0, 0.0, 0.0, 1.0, 0.0, 0.0, 0.0, 0.0, 0.0, 0.0, -0.07647059112787247, 0.25, 0.75, 0.75, 0.0, 1.0, 1.0, 1.0, 0.2341463416814804, 0.4166666567325592, 0.75, 0.5, 0.5, 0.75, 0.25, 0.0, 0.0, 0.0, 0.0, 0.0, 0.0, 0.0, 0.5, 0.75, 1.0, 0.75, 0.75, 0.0, 0.0, 0.0, 0.0, 0.0, 0.0, 0.0, 0.5, 1.0, 0.75, 0.25, 0.75, 0.0, 0.0, 0.0, 0.0, 0.0, 0.0, 0.0, 0.75, 0.75, 0.5, 0.75, 0.0, 0.0, 0.0, 0.0, 0.0, 0.0, 0.0, 0.0, 0.75, 1.0, 0.75, 1.0, 1.0, 0.0, 0.0, 0.0, 0.0, 0.0, 0.0, 0.0, 0.75, 1.0, 0.75, 0.0, 1.0, 0.0, 0.0, 0.0, 0.0, 0.0, 0.0, 0.0, 0.25, 1.0, 0.75, 0.5, 1.0, 0.0, 0.0, 0.0, 0.0, 0.0, 0.0, 0.0, -0.20000000298023224, 0.0, 0.9298949837684631]
  当前输入噪声缩放因子（curr_input_noise_scaling_factor）: 26
  当前wq噪声缩放因子（curr_wq_noise_scaling_factor）: 22
  当前wk噪声缩放因子（curr_wk_noise_scaling_factor）: 16
  当前wv噪声缩放因子（curr_wv_noise_scaling_factor）: 14
  当前wo噪声缩放因子（curr_wo_noise_scaling_factor）: 18
  当前wffn1噪声缩放因子（curr_wffn1_noise_scaling_factor）: 16
  当前wffn2噪声缩放因子（curr_wffn2_noise_scaling_factor）: 22
  输入x概率分布（x_prob_dist）: [0.22680453956127167, 0.40261849761009216, 0.19174246490001678, 0.10894827544689178, 0.06988620012998581]
  wq概率分布（wq_prob_dist）: [0.2621912956237793, 0.3265119791030884, 0.22096799314022064, 0.11016231030225754, 0.08016641438007355]
  wk概率分布（wk_prob_dist）: [0.37821537256240845, 0.2807757556438446, 0.15007561445236206, 0.11346406489610672, 0.07746924459934235]
  wv概率分布（wv_prob_dist）: [0.09642632305622101, 0.4067537188529968, 0.28528502583503723, 0.11255388706922531, 0.09898102283477783]
  wo概率分布（wo_prob_dist）: [0.21450291574001312, 0.3665696680545807, 0.18699230253696442, 0.12579742074012756, 0.106137715280056]
  wffn1概率分布（wffn1_prob_dist）: [0.40418949723243713, 0.2481517642736435, 0.1618076115846634, 0.11783440411090851, 0.06801673769950867]
  wffn2概率分布（wffn2_prob_dist）: [0.2374679148197174, 0.39383581280708313, 0.17769263684749603, 0.1188352108001709, 0.07216843217611313]
  评论家值（critic_value）: 1.1304205656051636
  累计成本（accumulated_cost）: 19.05
  输入噪声配置（input_noise_config）: [24, 26, 26, 24, 28, 26]
  wq噪声配置（wq_noise_config）: [18, 16, 14, 16, 16, 22]
  wk噪声配置（wk_noise_config）: [18, 14, 16, 20, 16, 16]
  wv噪声配置（wv_noise_config）: [16, 16, 18, 16, 22, 14]
  wo噪声配置（wo_noise_config）: [16, 14, 16, 14, 14, 18]
  wffn1噪声配置（wffn1_noise_config）: [18, 16, 18, 24, 16, 16]
  wffn2噪声配置（wffn2_noise_config）: [20, 14, 16, 18, 14, 22]
  当前学习率（current_lr）: 0.000020
  当前熵系数（current_entropy_coef）: 0.023328
  步奖励（step_reward）: 0.0045731707317073125
  稠密奖励步（dense_reward_step）: 0.0045731707317073125
  累计稠密奖励（accumulated_dense_reward）: 0.033841463414634135
  稳定性惩罚（stability_penalty）: 0.0

  全局步数（step_global）: 97986
  回合编号（episode_id）: 8165
  层索引（layer_index）: 6
  状态向量（state_vector）: [0.0, 0.0, 0.0, 0.0, 0.0, 0.0, 1.0, 0.0, 0.0, 0.0, 0.0, 0.0, -0.06617647409439087, 0.5, 0.0, 0.75, 1.0, 0.5, 1.0, 0.0, 0.22560974955558777, 0.5, 0.75, 0.5, 0.5, 0.75, 0.25, 0.5, 0.0, 0.0, 0.0, 0.0, 0.0, 0.0, 0.5, 0.75, 1.0, 0.75, 0.75, 0.0, 0.0, 0.0, 0.0, 0.0, 0.0, 0.0, 0.5, 1.0, 0.75, 0.25, 0.75, 0.75, 0.0, 0.0, 0.0, 0.0, 0.0, 0.0, 0.75, 0.75, 0.5, 0.75, 0.0, 1.0, 0.0, 0.0, 0.0, 0.0, 0.0, 0.0, 0.75, 1.0, 0.75, 1.0, 1.0, 0.5, 0.0, 0.0, 0.0, 0.0, 0.0, 0.0, 0.75, 1.0, 0.75, 0.0, 1.0, 1.0, 0.0, 0.0, 0.0, 0.0, 0.0, 0.0, 0.25, 1.0, 0.75, 0.5, 1.0, 0.0, 0.0, 0.0, 0.0, 0.0, 0.0, 0.0, -0.20000000298023224, 0.0, 0.9298949837684631]
  当前输入噪声缩放因子（curr_input_noise_scaling_factor）: 22
  当前wq噪声缩放因子（curr_wq_noise_scaling_factor）: 20
  当前wk噪声缩放因子（curr_wk_noise_scaling_factor）: 14
  当前wv噪声缩放因子（curr_wv_noise_scaling_factor）: 18
  当前wo噪声缩放因子（curr_wo_noise_scaling_factor）: 22
  当前wffn1噪声缩放因子（curr_wffn1_noise_scaling_factor）: 22
  当前wffn2噪声缩放因子（curr_wffn2_noise_scaling_factor）: 14
  输入x概率分布（x_prob_dist）: [0.22681014239788055, 0.402682363986969, 0.19173108041286469, 0.10892219841480255, 0.06985427439212799]
  wq概率分布（wq_prob_dist）: [0.26221680641174316, 0.32656437158584595, 0.22094279527664185, 0.11014032363891602, 0.08013574033975601]
  wk概率分布（wk_prob_dist）: [0.37829798460006714, 0.2807745933532715, 0.15005728602409363, 0.1134343147277832, 0.07743581384420395]
  wv概率分布（wv_prob_dist）: [0.0964030846953392, 0.4067951738834381, 0.285319447517395, 0.11252592504024506, 0.09895642101764679]
  wo概率分布（wo_prob_dist）: [0.21450570225715637, 0.3666442930698395, 0.18696238100528717, 0.12577959895133972, 0.10610799491405487]
  wffn1概率分布（wffn1_prob_dist）: [0.4042801260948181, 0.24813532829284668, 0.1617860347032547, 0.11780553311109543, 0.0679929181933403]
  wffn2概率分布（wffn2_prob_dist）: [0.2374739795923233, 0.39388468861579895, 0.1776888370513916, 0.11881167441606522, 0.07214076071977615]
  评论家值（critic_value）: 1.1351935863494873
  累计成本（accumulated_cost）: 22.35
  输入噪声配置（input_noise_config）: [24, 26, 26, 24, 28, 26, 22]
  wq噪声配置（wq_noise_config）: [18, 16, 14, 16, 16, 22, 20]
  wk噪声配置（wk_noise_config）: [18, 14, 16, 20, 16, 16, 14]
  wv噪声配置（wv_noise_config）: [16, 16, 18, 16, 22, 14, 18]
  wo噪声配置（wo_noise_config）: [16, 14, 16, 14, 14, 18, 22]
  wffn1噪声配置（wffn1_noise_config）: [18, 16, 18, 24, 16, 16, 22]
  wffn2噪声配置（wffn2_noise_config）: [20, 14, 16, 18, 14, 22, 14]
  当前学习率（current_lr）: 0.000020
  当前熵系数（current_entropy_coef）: 0.023328
  步奖励（step_reward）: 0.004878048780487802
  稠密奖励步（dense_reward_step）: 0.004878048780487802
  累计稠密奖励（accumulated_dense_reward）: 0.03871951219512194
  稳定性惩罚（stability_penalty）: 0.0

  全局步数（step_global）: 97987
  回合编号（episode_id）: 8165
  层索引（layer_index）: 7
  状态向量（state_vector）: [0.0, 0.0, 0.0, 0.0, 0.0, 0.0, 0.0, 1.0, 0.0, 0.0, 0.0, 0.0, -0.06092436984181404, 1.0, 0.25, 1.0, 0.5, 0.0, 0.25, 1.0, 0.2212543487548828, 0.5833333134651184, 0.75, 0.5, 0.5, 0.75, 0.25, 0.5, 1.0, 0.0, 0.0, 0.0, 0.0, 0.0, 0.5, 0.75, 1.0, 0.75, 0.75, 0.0, 0.25, 0.0, 0.0, 0.0, 0.0, 0.0, 0.5, 1.0, 0.75, 0.25, 0.75, 0.75, 1.0, 0.0, 0.0, 0.0, 0.0, 0.0, 0.75, 0.75, 0.5, 0.75, 0.0, 1.0, 0.5, 0.0, 0.0, 0.0, 0.0, 0.0, 0.75, 1.0, 0.75, 1.0, 1.0, 0.5, 0.0, 0.0, 0.0, 0.0, 0.0, 0.0, 0.75, 1.0, 0.75, 0.0, 1.0, 1.0, 0.25, 0.0, 0.0, 0.0, 0.0, 0.0, 0.25, 1.0, 0.75, 0.5, 1.0, 0.0, 1.0, 0.0, 0.0, 0.0, 0.0, 0.0, -0.20000000298023224, 0.0, 0.9298949837684631]
  当前输入噪声缩放因子（curr_input_noise_scaling_factor）: 24
  当前wq噪声缩放因子（curr_wq_noise_scaling_factor）: 14
  当前wk噪声缩放因子（curr_wk_noise_scaling_factor）: 16
  当前wv噪声缩放因子（curr_wv_noise_scaling_factor）: 14
  当前wo噪声缩放因子（curr_wo_noise_scaling_factor）: 14
  当前wffn1噪声缩放因子（curr_wffn1_noise_scaling_factor）: 22
  当前wffn2噪声缩放因子（curr_wffn2_noise_scaling_factor）: 16
  输入x概率分布（x_prob_dist）: [0.2268047332763672, 0.4026912748813629, 0.1917325258255005, 0.10891846567392349, 0.06985300034284592]
  wq概率分布（wq_prob_dist）: [0.2622118294239044, 0.32655563950538635, 0.22096306085586548, 0.11013427376747131, 0.08013516664505005]
  wk概率分布（wk_prob_dist）: [0.3782961964607239, 0.28079479932785034, 0.15005087852478027, 0.11342482268810272, 0.077433280646801]
  wv概率分布（wv_prob_dist）: [0.0963970273733139, 0.4068208932876587, 0.2853187918663025, 0.11251743882894516, 0.09894576668739319]
  wo概率分布（wo_prob_dist）: [0.21449865400791168, 0.3666687607765198, 0.18696291744709015, 0.12577293813228607, 0.10609673708677292]
  wffn1概率分布（wffn1_prob_dist）: [0.4042777121067047, 0.24815990030765533, 0.16178752481937408, 0.11779048293828964, 0.06798438727855682]
  wffn2概率分布（wffn2_prob_dist）: [0.23747316002845764, 0.39391207695007324, 0.1776755303144455, 0.11880122125148773, 0.0721379816532135]
  评论家值（critic_value）: 1.1421170234680176
  累计成本（accumulated_cost）: 25.35
  输入噪声配置（input_noise_config）: [24, 26, 26, 24, 28, 26, 22, 24]
  wq噪声配置（wq_noise_config）: [18, 16, 14, 16, 16, 22, 20, 14]
  wk噪声配置（wk_noise_config）: [18, 14, 16, 20, 16, 16, 14, 16]
  wv噪声配置（wv_noise_config）: [16, 16, 18, 16, 22, 14, 18, 14]
  wo噪声配置（wo_noise_config）: [16, 14, 16, 14, 14, 18, 22, 14]
  wffn1噪声配置（wffn1_noise_config）: [18, 16, 18, 24, 16, 16, 22, 22]
  wffn2噪声配置（wffn2_noise_config）: [20, 14, 16, 18, 14, 22, 14, 16]
  当前学习率（current_lr）: 0.000020
  当前熵系数（current_entropy_coef）: 0.023328
  步奖励（step_reward）: 0.006707317073170728
  稠密奖励步（dense_reward_step）: 0.006707317073170728
  累计稠密奖励（accumulated_dense_reward）: 0.04542682926829267
  稳定性惩罚（stability_penalty）: 0.0

  全局步数（step_global）: 97988
  回合编号（episode_id）: 8165
  层索引（layer_index）: 8
  状态向量（state_vector）: [0.0, 0.0, 0.0, 0.0, 0.0, 0.0, 0.0, 0.0, 1.0, 0.0, 0.0, 0.0, -0.0680147036910057, 0.75, 1.0, 0.75, 1.0, 1.0, 0.25, 0.75, 0.22713415324687958, 0.6666666865348816, 0.75, 0.5, 0.5, 0.75, 0.25, 0.5, 1.0, 0.75, 0.0, 0.0, 0.0, 0.0, 0.5, 0.75, 1.0, 0.75, 0.75, 0.0, 0.25, 1.0, 0.0, 0.0, 0.0, 0.0, 0.5, 1.0, 0.75, 0.25, 0.75, 0.75, 1.0, 0.75, 0.0, 0.0, 0.0, 0.0, 0.75, 0.75, 0.5, 0.75, 0.0, 1.0, 0.5, 1.0, 0.0, 0.0, 0.0, 0.0, 0.75, 1.0, 0.75, 1.0, 1.0, 0.5, 0.0, 1.0, 0.0, 0.0, 0.0, 0.0, 0.75, 1.0, 0.75, 0.0, 1.0, 1.0, 0.25, 0.25, 0.0, 0.0, 0.0, 0.0, 0.25, 1.0, 0.75, 0.5, 1.0, 0.0, 1.0, 0.75, 0.0, 0.0, 0.0, 0.0, -0.20000000298023224, 0.0, 0.9298949837684631]
  当前输入噪声缩放因子（curr_input_noise_scaling_factor）: 24
  当前wq噪声缩放因子（curr_wq_noise_scaling_factor）: 22
  当前wk噪声缩放因子（curr_wk_noise_scaling_factor）: 18
  当前wv噪声缩放因子（curr_wv_noise_scaling_factor）: 14
  当前wo噪声缩放因子（curr_wo_noise_scaling_factor）: 20
  当前wffn1噪声缩放因子（curr_wffn1_noise_scaling_factor）: 16
  当前wffn2噪声缩放因子（curr_wffn2_noise_scaling_factor）: 18
  输入x概率分布（x_prob_dist）: [0.22680461406707764, 0.40269720554351807, 0.19172656536102295, 0.10891643911600113, 0.06985526531934738]
  wq概率分布（wq_prob_dist）: [0.2621915638446808, 0.3265659213066101, 0.22097110748291016, 0.11014074832201004, 0.08013064414262772]
  wk概率分布（wk_prob_dist）: [0.37830033898353577, 0.2807852625846863, 0.15004782378673553, 0.11343321949243546, 0.07743339240550995]
  wv概率分布（wv_prob_dist）: [0.09639495611190796, 0.40681663155555725, 0.2853170931339264, 0.11252305656671524, 0.09894832968711853]
  wo概率分布（wo_prob_dist）: [0.21450990438461304, 0.3666265606880188, 0.18698853254318237, 0.1257639229297638, 0.10611113160848618]
  wffn1概率分布（wffn1_prob_dist）: [0.4042627513408661, 0.2481624186038971, 0.16179238259792328, 0.11780010908842087, 0.06798228621482849]
  wffn2概率分布（wffn2_prob_dist）: [0.23747722804546356, 0.3939186632633209, 0.17767128348350525, 0.11879971623420715, 0.0721331238746643]
  评论家值（critic_value）: 1.1474452018737793
  累计成本（accumulated_cost）: 28.650000000000002
  输入噪声配置（input_noise_config）: [24, 26, 26, 24, 28, 26, 22, 24, 24]
  wq噪声配置（wq_noise_config）: [18, 16, 14, 16, 16, 22, 20, 14, 22]
  wk噪声配置（wk_noise_config）: [18, 14, 16, 20, 16, 16, 14, 16, 18]
  wv噪声配置（wv_noise_config）: [16, 16, 18, 16, 22, 14, 18, 14, 14]
  wo噪声配置（wo_noise_config）: [16, 14, 16, 14, 14, 18, 22, 14, 20]
  wffn1噪声配置（wffn1_noise_config）: [18, 16, 18, 24, 16, 16, 22, 22, 16]
  wffn2噪声配置（wffn2_noise_config）: [20, 14, 16, 18, 14, 22, 14, 16, 18]
  当前学习率（current_lr）: 0.000020
  当前熵系数（current_entropy_coef）: 0.023328
  步奖励（step_reward）: 0.004878048780487802
  稠密奖励步（dense_reward_step）: 0.004878048780487802
  累计稠密奖励（accumulated_dense_reward）: 0.05030487804878047
  稳定性惩罚（stability_penalty）: 0.0

  全局步数（step_global）: 97989
  回合编号（episode_id）: 8165
  层索引（layer_index）: 9
  状态向量（state_vector）: [0.0, 0.0, 0.0, 0.0, 0.0, 0.0, 0.0, 0.0, 0.0, 1.0, 0.0, 0.0, -0.06372549384832382, 0.75, 0.0, 0.5, 1.0, 0.25, 1.0, 0.5, 0.22357723116874695, 0.75, 0.75, 0.5, 0.5, 0.75, 0.25, 0.5, 1.0, 0.75, 0.75, 0.0, 0.0, 0.0, 0.5, 0.75, 1.0, 0.75, 0.75, 0.0, 0.25, 1.0, 0.0, 0.0, 0.0, 0.0, 0.5, 1.0, 0.75, 0.25, 0.75, 0.75, 1.0, 0.75, 0.5, 0.0, 0.0, 0.0, 0.75, 0.75, 0.5, 0.75, 0.0, 1.0, 0.5, 1.0, 1.0, 0.0, 0.0, 0.0, 0.75, 1.0, 0.75, 1.0, 1.0, 0.5, 0.0, 1.0, 0.25, 0.0, 0.0, 0.0, 0.75, 1.0, 0.75, 0.0, 1.0, 1.0, 0.25, 0.25, 1.0, 0.0, 0.0, 0.0, 0.25, 1.0, 0.75, 0.5, 1.0, 0.0, 1.0, 0.75, 0.5, 0.0, 0.0, 0.0, -0.20000000298023224, 0.0, 0.9298949837684631]
  当前输入噪声缩放因子（curr_input_noise_scaling_factor）: 26
  当前wq噪声缩放因子（curr_wq_noise_scaling_factor）: 14
  当前wk噪声缩放因子（curr_wk_noise_scaling_factor）: 14
  当前wv噪声缩放因子（curr_wv_noise_scaling_factor）: 18
  当前wo噪声缩放因子（curr_wo_noise_scaling_factor）: 16
  当前wffn1噪声缩放因子（curr_wffn1_noise_scaling_factor）: 16
  当前wffn2噪声缩放因子（curr_wffn2_noise_scaling_factor）: 14
  输入x概率分布（x_prob_dist）: [0.2267998903989792, 0.40265244245529175, 0.19174180924892426, 0.10893546044826508, 0.06987036764621735]
  wq概率分布（wq_prob_dist）: [0.26220178604125977, 0.3265187740325928, 0.22096942365169525, 0.11015806347131729, 0.08015195280313492]
  wk概率分布（wk_prob_dist）: [0.37823235988616943, 0.2807907462120056, 0.1500568389892578, 0.11345890909433365, 0.07746123522520065]
  wv概率分布（wv_prob_dist）: [0.09640930593013763, 0.40677663683891296, 0.2852936089038849, 0.11254990100860596, 0.09897049516439438]
  wo概率分布（wo_prob_dist）: [0.2145037055015564, 0.36655882000923157, 0.18702106177806854, 0.12578143179416656, 0.10613489151000977]
  wffn1概率分布（wffn1_prob_dist）: [0.40424731373786926, 0.2481408715248108, 0.16179807484149933, 0.11781620234251022, 0.06799749284982681]
  wffn2概率分布（wffn2_prob_dist）: [0.2374722808599472, 0.39386871457099915, 0.17768536508083344, 0.11881964653730392, 0.07215401530265808]
  评论家值（critic_value）: 1.1522846221923828
  累计成本（accumulated_cost）: 31.6
  输入噪声配置（input_noise_config）: [24, 26, 26, 24, 28, 26, 22, 24, 24, 26]
  wq噪声配置（wq_noise_config）: [18, 16, 14, 16, 16, 22, 20, 14, 22, 14]
  wk噪声配置（wk_noise_config）: [18, 14, 16, 20, 16, 16, 14, 16, 18, 14]
  wv噪声配置（wv_noise_config）: [16, 16, 18, 16, 22, 14, 18, 14, 14, 18]
  wo噪声配置（wo_noise_config）: [16, 14, 16, 14, 14, 18, 22, 14, 20, 16]
  wffn1噪声配置（wffn1_noise_config）: [18, 16, 18, 24, 16, 16, 22, 22, 16, 16]
  wffn2噪声配置（wffn2_noise_config）: [20, 14, 16, 18, 14, 22, 14, 16, 18, 14]
  当前学习率（current_lr）: 0.000020
  当前熵系数（current_entropy_coef）: 0.023328
  步奖励（step_reward）: 0.007012195121951218
  稠密奖励步（dense_reward_step）: 0.007012195121951218
  累计稠密奖励（accumulated_dense_reward）: 0.05731707317073169
  稳定性惩罚（stability_penalty）: 0.0

  全局步数（step_global）: 97990
  回合编号（episode_id）: 8165
  层索引（layer_index）: 10
  状态向量（state_vector）: [0.0, 0.0, 0.0, 0.0, 0.0, 0.0, 0.0, 0.0, 0.0, 0.0, 1.0, 0.0, -0.07058823853731155, 0.5, 1.0, 1.0, 0.5, 0.75, 1.0, 1.0, 0.22926829755306244, 0.8333333134651184, 0.75, 0.5, 0.5, 0.75, 0.25, 0.5, 1.0, 0.75, 0.75, 0.5, 0.0, 0.0, 0.5, 0.75, 1.0, 0.75, 0.75, 0.0, 0.25, 1.0, 0.0, 1.0, 0.0, 0.0, 0.5, 1.0, 0.75, 0.25, 0.75, 0.75, 1.0, 0.75, 0.5, 1.0, 0.0, 0.0, 0.75, 0.75, 0.5, 0.75, 0.0, 1.0, 0.5, 1.0, 1.0, 0.5, 0.0, 0.0, 0.75, 1.0, 0.75, 1.0, 1.0, 0.5, 0.0, 1.0, 0.25, 0.75, 0.0, 0.0, 0.75, 1.0, 0.75, 0.0, 1.0, 1.0, 0.25, 0.25, 1.0, 1.0, 0.0, 0.0, 0.25, 1.0, 0.75, 0.5, 1.0, 0.0, 1.0, 0.75, 0.5, 1.0, 0.0, 0.0, -0.20000000298023224, 0.0, 0.9298949837684631]
  当前输入噪声缩放因子（curr_input_noise_scaling_factor）: 24
  当前wq噪声缩放因子（curr_wq_noise_scaling_factor）: 16
  当前wk噪声缩放因子（curr_wk_noise_scaling_factor）: 20
  当前wv噪声缩放因子（curr_wv_noise_scaling_factor）: 20
  当前wo噪声缩放因子（curr_wo_noise_scaling_factor）: 18
  当前wffn1噪声缩放因子（curr_wffn1_noise_scaling_factor）: 20
  当前wffn2噪声缩放因子（curr_wffn2_noise_scaling_factor）: 20
  输入x概率分布（x_prob_dist）: [0.22681136429309845, 0.40267330408096313, 0.19172824919223785, 0.10892590135335922, 0.06986125558614731]
  wq概率分布（wq_prob_dist）: [0.26221323013305664, 0.32654449343681335, 0.2209530770778656, 0.11014499515295029, 0.08014418184757233]
  wk概率分布（wk_prob_dist）: [0.3782769441604614, 0.2807694971561432, 0.15006595849990845, 0.1134430542588234, 0.07744449377059937]
  wv概率分布（wv_prob_dist）: [0.09641313552856445, 0.4067910313606262, 0.2853110134601593, 0.11252697557210922, 0.09895782172679901]
  wo概率分布（wo_prob_dist）: [0.214497908949852, 0.36665183305740356, 0.18695592880249023, 0.12578676640987396, 0.10610750317573547]
  wffn1概率分布（wffn1_prob_dist）: [0.40424808859825134, 0.24813638627529144, 0.16180051863193512, 0.11781587451696396, 0.06799912452697754]
  wffn2概率分布（wffn2_prob_dist）: [0.23746635019779205, 0.3938820958137512, 0.1776934713125229, 0.1188158467411995, 0.07214215397834778]
  评论家值（critic_value）: 1.1550805568695068
  累计成本（accumulated_cost）: 35.050000000000004
  输入噪声配置（input_noise_config）: [24, 26, 26, 24, 28, 26, 22, 24, 24, 26, 24]
  wq噪声配置（wq_noise_config）: [18, 16, 14, 16, 16, 22, 20, 14, 22, 14, 16]
  wk噪声配置（wk_noise_config）: [18, 14, 16, 20, 16, 16, 14, 16, 18, 14, 20]
  wv噪声配置（wv_noise_config）: [16, 16, 18, 16, 22, 14, 18, 14, 14, 18, 20]
  wo噪声配置（wo_noise_config）: [16, 14, 16, 14, 14, 18, 22, 14, 20, 16, 18]
  wffn1噪声配置（wffn1_noise_config）: [18, 16, 18, 24, 16, 16, 22, 22, 16, 16, 20]
  wffn2噪声配置（wffn2_noise_config）: [20, 14, 16, 18, 14, 22, 14, 16, 18, 14, 20]
  当前学习率（current_lr）: 0.000020
  当前熵系数（current_entropy_coef）: 0.023328
  步奖励（step_reward）: 0.003963414634146339
  稠密奖励步（dense_reward_step）: 0.003963414634146339
  累计稠密奖励（accumulated_dense_reward）: 0.06128048780487803
  稳定性惩罚（stability_penalty）: 0.0

  全局步数（step_global）: 97991
  回合编号（episode_id）: 8165
  层索引（layer_index）: 11
  状态向量（state_vector）: [0.0, 0.0, 0.0, 0.0, 0.0, 0.0, 0.0, 0.0, 0.0, 0.0, 0.0, 1.0, -0.0628342255949974, 0.75, 0.75, 0.25, 0.25, 0.5, 0.5, 0.25, 0.2228381335735321, 0.9166666865348816, 0.75, 0.5, 0.5, 0.75, 0.25, 0.5, 1.0, 0.75, 0.75, 0.5, 0.75, 0.0, 0.5, 0.75, 1.0, 0.75, 0.75, 0.0, 0.25, 1.0, 0.0, 1.0, 0.75, 0.0, 0.5, 1.0, 0.75, 0.25, 0.75, 0.75, 1.0, 0.75, 0.5, 1.0, 0.25, 0.0, 0.75, 0.75, 0.5, 0.75, 0.0, 1.0, 0.5, 1.0, 1.0, 0.5, 0.25, 0.0, 0.75, 1.0, 0.75, 1.0, 1.0, 0.5, 0.0, 1.0, 0.25, 0.75, 0.5, 0.0, 0.75, 1.0, 0.75, 0.0, 1.0, 1.0, 0.25, 0.25, 1.0, 1.0, 0.5, 0.0, 0.25, 1.0, 0.75, 0.5, 1.0, 0.0, 1.0, 0.75, 0.5, 1.0, 0.25, 0.0, -0.20000000298023224, 0.0, 0.9298949837684631]
  当前输入噪声缩放因子（curr_input_noise_scaling_factor）: 24
  当前wq噪声缩放因子（curr_wq_noise_scaling_factor）: 14
  当前wk噪声缩放因子（curr_wk_noise_scaling_factor）: 14
  当前wv噪声缩放因子（curr_wv_noise_scaling_factor）: 18
  当前wo噪声缩放因子（curr_wo_noise_scaling_factor）: 16
  当前wffn1噪声缩放因子（curr_wffn1_noise_scaling_factor）: 18
  当前wffn2噪声缩放因子（curr_wffn2_noise_scaling_factor）: 14
  输入x概率分布（x_prob_dist）: [0.22680363059043884, 0.40277090668678284, 0.19172270596027374, 0.1088838279247284, 0.06981892883777618]
  wq概率分布（wq_prob_dist）: [0.26224491000175476, 0.3266006410121918, 0.22094300389289856, 0.11010700464248657, 0.08010444790124893]
  wk概率分布（wk_prob_dist）: [0.3783431053161621, 0.2808101177215576, 0.15003156661987305, 0.11340849846601486, 0.07740674167871475]
  wv概率分布（wv_prob_dist）: [0.0963667780160904, 0.4068959653377533, 0.2853250503540039, 0.11249210685491562, 0.09892009943723679]
  wo概率分布（wo_prob_dist）: [0.21450281143188477, 0.36670610308647156, 0.18696197867393494, 0.12575024366378784, 0.10607881098985672]
  wffn1概率分布（wffn1_prob_dist）: [0.40436863899230957, 0.2481411099433899, 0.1617596447467804, 0.11777287721633911, 0.06795772910118103]
  wffn2概率分布（wffn2_prob_dist）: [0.23746232688426971, 0.39398226141929626, 0.17767558991909027, 0.11877382546663284, 0.0721060112118721]
  评论家值（critic_value）: 1.1660747528076172
  累计成本（accumulated_cost）: 38.00000000000001
  输入噪声配置（input_noise_config）: [24, 26, 26, 24, 28, 26, 22, 24, 24, 26, 24, 24]
  wq噪声配置（wq_noise_config）: [18, 16, 14, 16, 16, 22, 20, 14, 22, 14, 16, 14]
  wk噪声配置（wk_noise_config）: [18, 14, 16, 20, 16, 16, 14, 16, 18, 14, 20, 14]
  wv噪声配置（wv_noise_config）: [16, 16, 18, 16, 22, 14, 18, 14, 14, 18, 20, 18]
  wo噪声配置（wo_noise_config）: [16, 14, 16, 14, 14, 18, 22, 14, 20, 16, 18, 16]
  wffn1噪声配置（wffn1_noise_config）: [18, 16, 18, 24, 16, 16, 22, 22, 16, 16, 20, 18]
  wffn2噪声配置（wffn2_noise_config）: [20, 14, 16, 18, 14, 22, 14, 16, 18, 14, 20, 14]
  当前学习率（current_lr）: 0.000020
  当前熵系数（current_entropy_coef）: 0.023328
  蒙特卡洛采样数（mc_samples）: 5
  蒙特卡洛损失均值（mc_loss_mean）: 0.29016320904095966
  蒙特卡洛损失标准差（mc_loss_std）: 0.005567414930112609
  蒙特卡洛指标1均值（mc_metric1_mean）: 0.9052631578947368
  蒙特卡洛指标1标准差（mc_metric1_std）: 0.0022191422176620276
  蒙特卡洛指标2均值（mc_metric2_mean）: 0.9035476782155525
  蒙特卡洛指标2标准差（mc_metric2_std）: 0.002381574953201719
  步奖励（step_reward）: 1.1298371933817124
  稠密奖励步（dense_reward_step）: 0.007012195121951215
  原始最终奖励（raw_final_reward）: 1.1228249982597611
  最终选择分数（final_selection_score）: 1.1228249982597611
  累计稠密奖励（accumulated_dense_reward）: 0.06829268292682925
  稳定性代理（stability_proxy）: 0.42367217087401476
  稳定性惩罚（stability_penalty）: -0.0

--- 回合（Episode） 8167 (回合回报（EpisodeReturn）=1.2486, 原始最终奖励（RawFinalReward）=1.1816, 稠密奖励合计（DenseRewardTotal）=0.0671) ---
  全局步数（step_global）: 97992
  回合编号（episode_id）: 8166
  层索引（layer_index）: 0
  状态向量（state_vector）: [1.0, 0.0, 0.0, 0.0, 0.0, 0.0, 0.0, 0.0, 0.0, 0.0, 0.0, 0.0, 0.0, 0.0, 0.0, 0.0, 0.0, 0.0, 0.0, 0.0, 0.0, 0.0, 0.0, 0.0, 0.0, 0.0, 0.0, 0.0, 0.0, 0.0, 0.0, 0.0, 0.0, 0.0, 0.0, 0.0, 0.0, 0.0, 0.0, 0.0, 0.0, 0.0, 0.0, 0.0, 0.0, 0.0, 0.0, 0.0, 0.0, 0.0, 0.0, 0.0, 0.0, 0.0, 0.0, 0.0, 0.0, 0.0, 0.0, 0.0, 0.0, 0.0, 0.0, 0.0, 0.0, 0.0, 0.0, 0.0, 0.0, 0.0, 0.0, 0.0, 0.0, 0.0, 0.0, 0.0, 0.0, 0.0, 0.0, 0.0, 0.0, 0.0, 0.0, 0.0, 0.0, 0.0, 0.0, 0.0, 0.0, 0.0, 0.0, 0.0, 0.0, 0.0, 0.0, 0.0, 0.0, 0.0, 0.0, 0.0, 0.0, 0.0, 0.0, 0.0, 0.0, 0.0, -0.20000000298023224, 0.0, 0.898720383644104]
  当前输入噪声缩放因子（curr_input_noise_scaling_factor）: 24
  当前wq噪声缩放因子（curr_wq_noise_scaling_factor）: 18
  当前wk噪声缩放因子（curr_wk_noise_scaling_factor）: 14
  当前wv噪声缩放因子（curr_wv_noise_scaling_factor）: 18
  当前wo噪声缩放因子（curr_wo_noise_scaling_factor）: 16
  当前wffn1噪声缩放因子（curr_wffn1_noise_scaling_factor）: 16
  当前wffn2噪声缩放因子（curr_wffn2_noise_scaling_factor）: 16
  输入x概率分布（x_prob_dist）: [0.2270946502685547, 0.400959849357605, 0.19197386503219604, 0.10949455946683884, 0.07047712802886963]
  wq概率分布（wq_prob_dist）: [0.2617765963077545, 0.32584670186042786, 0.22091923654079437, 0.1107446551322937, 0.08071275800466537]
  wk概率分布（wk_prob_dist）: [0.3773711621761322, 0.28011995553970337, 0.1505652815103531, 0.11394261568784714, 0.07800097018480301]
  wv概率分布（wv_prob_dist）: [0.09713929146528244, 0.40492695569992065, 0.28515610098838806, 0.11315972357988358, 0.0996178686618805]
  wo概率分布（wo_prob_dist）: [0.21454070508480072, 0.36548298597335815, 0.1870691180229187, 0.1262432336807251, 0.10666393488645554]
  wffn1概率分布（wffn1_prob_dist）: [0.40274837613105774, 0.24791942536830902, 0.16223880648612976, 0.11847586929798126, 0.06861751526594162]
  wffn2概率分布（wffn2_prob_dist）: [0.23754146695137024, 0.39220282435417175, 0.17807239294052124, 0.11942030489444733, 0.07276304066181183]
  评论家值（critic_value）: 1.103417992591858
  累计成本（accumulated_cost）: 3.05
  输入噪声配置（input_noise_config）: [24]
  wq噪声配置（wq_noise_config）: [18]
  wk噪声配置（wk_noise_config）: [14]
  wv噪声配置（wv_noise_config）: [18]
  wo噪声配置（wo_noise_config）: [16]
  wffn1噪声配置（wffn1_noise_config）: [16]
  wffn2噪声配置（wffn2_noise_config）: [16]
  当前学习率（current_lr）: 0.000020
  当前熵系数（current_entropy_coef）: 0.023324
  步奖励（step_reward）: 0.006402439024390244
  稠密奖励步（dense_reward_step）: 0.006402439024390244
  累计稠密奖励（accumulated_dense_reward）: 0.006402439024390244
  稳定性惩罚（stability_penalty）: 0.0

  全局步数（step_global）: 97993
  回合编号（episode_id）: 8166
  层索引（layer_index）: 1
  状态向量（state_vector）: [0.0, 1.0, 0.0, 0.0, 0.0, 0.0, 0.0, 0.0, 0.0, 0.0, 0.0, 0.0, -0.10294117778539658, 0.75, 0.5, 1.0, 0.5, 0.75, 1.0, 0.75, 0.25609755516052246, 0.0833333358168602, 0.75, 0.0, 0.0, 0.0, 0.0, 0.0, 0.0, 0.0, 0.0, 0.0, 0.0, 0.0, 0.5, 0.0, 0.0, 0.0, 0.0, 0.0, 0.0, 0.0, 0.0, 0.0, 0.0, 0.0, 1.0, 0.0, 0.0, 0.0, 0.0, 0.0, 0.0, 0.0, 0.0, 0.0, 0.0, 0.0, 0.5, 0.0, 0.0, 0.0, 0.0, 0.0, 0.0, 0.0, 0.0, 0.0, 0.0, 0.0, 0.75, 0.0, 0.0, 0.0, 0.0, 0.0, 0.0, 0.0, 0.0, 0.0, 0.0, 0.0, 1.0, 0.0, 0.0, 0.0, 0.0, 0.0, 0.0, 0.0, 0.0, 0.0, 0.0, 0.0, 0.75, 0.0, 0.0, 0.0, 0.0, 0.0, 0.0, 0.0, 0.0, 0.0, 0.0, 0.0, -0.20000000298023224, 0.0, 0.898720383644104]
  当前输入噪声缩放因子（curr_input_noise_scaling_factor）: 24
  当前wq噪声缩放因子（curr_wq_noise_scaling_factor）: 14
  当前wk噪声缩放因子（curr_wk_noise_scaling_factor）: 22
  当前wv噪声缩放因子（curr_wv_noise_scaling_factor）: 16
  当前wo噪声缩放因子（curr_wo_noise_scaling_factor）: 14
  当前wffn1噪声缩放因子（curr_wffn1_noise_scaling_factor）: 16
  当前wffn2噪声缩放因子（curr_wffn2_noise_scaling_factor）: 16
  输入x概率分布（x_prob_dist）: [0.2268057018518448, 0.4026656448841095, 0.19173769652843475, 0.10892754048109055, 0.06986333429813385]
  wq概率分布（wq_prob_dist）: [0.2622153162956238, 0.32655927538871765, 0.2209484577178955, 0.11013039946556091, 0.08014654368162155]
  wk概率分布（wk_prob_dist）: [0.3782818913459778, 0.28077825903892517, 0.1500641405582428, 0.11343658715486526, 0.07743915170431137]
  wv概率分布（wv_prob_dist）: [0.0964079424738884, 0.40680086612701416, 0.2852954566478729, 0.11252991855144501, 0.09896586835384369]
  wo概率分布（wo_prob_dist）: [0.2144901603460312, 0.3666537404060364, 0.18696638941764832, 0.12578323483467102, 0.1061064824461937]
  wffn1概率分布（wffn1_prob_dist）: [0.40425965189933777, 0.2481364756822586, 0.16179588437080383, 0.1178162470459938, 0.06799167394638062]
  wffn2概率分布（wffn2_prob_dist）: [0.2374599277973175, 0.39387720823287964, 0.17768710851669312, 0.11882275342941284, 0.0721529871225357]
  评论家值（critic_value）: 1.1127508878707886
  累计成本（accumulated_cost）: 6.1
  输入噪声配置（input_noise_config）: [24, 24]
  wq噪声配置（wq_noise_config）: [18, 14]
  wk噪声配置（wk_noise_config）: [14, 22]
  wv噪声配置（wv_noise_config）: [18, 16]
  wo噪声配置（wo_noise_config）: [16, 14]
  wffn1噪声配置（wffn1_noise_config）: [16, 16]
  wffn2噪声配置（wffn2_noise_config）: [16, 16]
  当前学习率（current_lr）: 0.000020
  当前熵系数（current_entropy_coef）: 0.023324
  步奖励（step_reward）: 0.006402439024390242
  稠密奖励步（dense_reward_step）: 0.006402439024390242
  累计稠密奖励（accumulated_dense_reward）: 0.012804878048780485
  稳定性惩罚（stability_penalty）: 0.0

  全局步数（step_global）: 97994
  回合编号（episode_id）: 8166
  层索引（layer_index）: 2
  状态向量（state_vector）: [0.0, 0.0, 1.0, 0.0, 0.0, 0.0, 0.0, 0.0, 0.0, 0.0, 0.0, 0.0, -0.10294117778539658, 0.75, 1.0, 0.0, 0.75, 1.0, 1.0, 0.75, 0.25609755516052246, 0.1666666716337204, 0.75, 0.75, 0.0, 0.0, 0.0, 0.0, 0.0, 0.0, 0.0, 0.0, 0.0, 0.0, 0.5, 1.0, 0.0, 0.0, 0.0, 0.0, 0.0, 0.0, 0.0, 0.0, 0.0, 0.0, 1.0, 0.0, 0.0, 0.0, 0.0, 0.0, 0.0, 0.0, 0.0, 0.0, 0.0, 0.0, 0.5, 0.75, 0.0, 0.0, 0.0, 0.0, 0.0, 0.0, 0.0, 0.0, 0.0, 0.0, 0.75, 1.0, 0.0, 0.0, 0.0, 0.0, 0.0, 0.0, 0.0, 0.0, 0.0, 0.0, 1.0, 1.0, 0.0, 0.0, 0.0, 0.0, 0.0, 0.0, 0.0, 0.0, 0.0, 0.0, 0.75, 0.75, 0.0, 0.0, 0.0, 0.0, 0.0, 0.0, 0.0, 0.0, 0.0, 0.0, -0.20000000298023224, 0.0, 0.898720383644104]
  当前输入噪声缩放因子（curr_input_noise_scaling_factor）: 26
  当前wq噪声缩放因子（curr_wq_noise_scaling_factor）: 20
  当前wk噪声缩放因子（curr_wk_noise_scaling_factor）: 14
  当前wv噪声缩放因子（curr_wv_noise_scaling_factor）: 18
  当前wo噪声缩放因子（curr_wo_noise_scaling_factor）: 20
  当前wffn1噪声缩放因子（curr_wffn1_noise_scaling_factor）: 24
  当前wffn2噪声缩放因子（curr_wffn2_noise_scaling_factor）: 16
  输入x概率分布（x_prob_dist）: [0.22680382430553436, 0.4027279019355774, 0.19173453748226166, 0.10890351235866547, 0.06983023136854172]
  wq概率分布（wq_prob_dist）: [0.26223692297935486, 0.326590895652771, 0.22093960642814636, 0.11011886596679688, 0.08011368662118912]
  wk概率分布（wk_prob_dist）: [0.3783150315284729, 0.2807933986186981, 0.15004247426986694, 0.1134258434176445, 0.07742323726415634]
  wv概率分布（wv_prob_dist）: [0.0963737815618515, 0.4068740904331207, 0.2853175103664398, 0.11250640451908112, 0.09892815351486206]
  wo概率分布（wo_prob_dist）: [0.2145080715417862, 0.3666631579399109, 0.18697711825370789, 0.12575426697731018, 0.10609740763902664]
  wffn1概率分布（wffn1_prob_dist）: [0.4043368995189667, 0.2481371909379959, 0.16176672279834747, 0.1177888959646225, 0.06797022372484207]
  wffn2概率分布（wffn2_prob_dist）: [0.23746232688426971, 0.3939582109451294, 0.1776851862668991, 0.1187802404165268, 0.07211403548717499]
  评论家值（critic_value）: 1.1216979026794434
  累计成本（accumulated_cost）: 9.55
  输入噪声配置（input_noise_config）: [24, 24, 26]
  wq噪声配置（wq_noise_config）: [18, 14, 20]
  wk噪声配置（wk_noise_config）: [14, 22, 14]
  wv噪声配置（wv_noise_config）: [18, 16, 18]
  wo噪声配置（wo_noise_config）: [16, 14, 20]
  wffn1噪声配置（wffn1_noise_config）: [16, 16, 24]
  wffn2噪声配置（wffn2_noise_config）: [16, 16, 16]
  当前学习率（current_lr）: 0.000020
  当前熵系数（current_entropy_coef）: 0.023324
  步奖励（step_reward）: 0.003963414634146339
  稠密奖励步（dense_reward_step）: 0.003963414634146339
  累计稠密奖励（accumulated_dense_reward）: 0.016768292682926823
  稳定性惩罚（stability_penalty）: 0.0

  全局步数（step_global）: 97995
  回合编号（episode_id）: 8166
  层索引（layer_index）: 3
  状态向量（state_vector）: [0.0, 0.0, 0.0, 1.0, 0.0, 0.0, 0.0, 0.0, 0.0, 0.0, 0.0, 0.0, -0.06372549384832382, 0.5, 0.25, 1.0, 0.5, 0.25, 0.0, 0.75, 0.22357723116874695, 0.25, 0.75, 0.75, 0.5, 0.0, 0.0, 0.0, 0.0, 0.0, 0.0, 0.0, 0.0, 0.0, 0.5, 1.0, 0.25, 0.0, 0.0, 0.0, 0.0, 0.0, 0.0, 0.0, 0.0, 0.0, 1.0, 0.0, 1.0, 0.0, 0.0, 0.0, 0.0, 0.0, 0.0, 0.0, 0.0, 0.0, 0.5, 0.75, 0.5, 0.0, 0.0, 0.0, 0.0, 0.0, 0.0, 0.0, 0.0, 0.0, 0.75, 1.0, 0.25, 0.0, 0.0, 0.0, 0.0, 0.0, 0.0, 0.0, 0.0, 0.0, 1.0, 1.0, 0.0, 0.0, 0.0, 0.0, 0.0, 0.0, 0.0, 0.0, 0.0, 0.0, 0.75, 0.75, 0.75, 0.0, 0.0, 0.0, 0.0, 0.0, 0.0, 0.0, 0.0, 0.0, -0.20000000298023224, 0.0, 0.898720383644104]
  当前输入噪声缩放因子（curr_input_noise_scaling_factor）: 24
  当前wq噪声缩放因子（curr_wq_noise_scaling_factor）: 14
  当前wk噪声缩放因子（curr_wk_noise_scaling_factor）: 18
  当前wv噪声缩放因子（curr_wv_noise_scaling_factor）: 18
  当前wo噪声缩放因子（curr_wo_noise_scaling_factor）: 18
  当前wffn1噪声缩放因子（curr_wffn1_noise_scaling_factor）: 18
  当前wffn2噪声缩放因子（curr_wffn2_noise_scaling_factor）: 16
  输入x概率分布（x_prob_dist）: [0.22681008279323578, 0.40267544984817505, 0.1917329728603363, 0.10892106592655182, 0.06986042857170105]
  wq概率分布（wq_prob_dist）: [0.26220691204071045, 0.32655540108680725, 0.22095663845539093, 0.1101410835981369, 0.08013996481895447]
  wk概率分布（wk_prob_dist）: [0.37829190492630005, 0.2807832658290863, 0.15005682408809662, 0.11343056708574295, 0.0774373859167099]
  wv概率分布（wv_prob_dist）: [0.09640882164239883, 0.4067988991737366, 0.28530794382095337, 0.11252599209547043, 0.09895835071802139]
  wo概率分布（wo_prob_dist）: [0.21449753642082214, 0.36665746569633484, 0.18695876002311707, 0.12578171491622925, 0.10610458999872208]
  wffn1概率分布（wffn1_prob_dist）: [0.40426430106163025, 0.2481401264667511, 0.16179214417934418, 0.11780966073274612, 0.06799375265836716]
  wffn2概率分布（wffn2_prob_dist）: [0.23747079074382782, 0.39388853311538696, 0.1776774376630783, 0.11881634593009949, 0.07214689999818802]
  评论家值（critic_value）: 1.1250839233398438
  累计成本（accumulated_cost）: 12.700000000000001
  输入噪声配置（input_noise_config）: [24, 24, 26, 24]
  wq噪声配置（wq_noise_config）: [18, 14, 20, 14]
  wk噪声配置（wk_noise_config）: [14, 22, 14, 18]
  wv噪声配置（wv_noise_config）: [18, 16, 18, 18]
  wo噪声配置（wo_noise_config）: [16, 14, 20, 18]
  wffn1噪声配置（wffn1_noise_config）: [16, 16, 24, 18]
  wffn2噪声配置（wffn2_noise_config）: [16, 16, 16, 16]
  当前学习率（current_lr）: 0.000020
  当前熵系数（current_entropy_coef）: 0.023324
  步奖励（step_reward）: 0.005792682926829265
  稠密奖励步（dense_reward_step）: 0.005792682926829265
  累计稠密奖励（accumulated_dense_reward）: 0.02256097560975609
  稳定性惩罚（stability_penalty）: 0.0

  全局步数（step_global）: 97996
  回合编号（episode_id）: 8166
  层索引（layer_index）: 4
  状态向量（state_vector）: [0.0, 0.0, 0.0, 0.0, 1.0, 0.0, 0.0, 0.0, 0.0, 0.0, 0.0, 0.0, -0.06617647409439087, 0.75, 1.0, 0.5, 0.5, 0.5, 0.75, 0.75, 0.22560974955558777, 0.3333333432674408, 0.75, 0.75, 0.5, 0.75, 0.0, 0.0, 0.0, 0.0, 0.0, 0.0, 0.0, 0.0, 0.5, 1.0, 0.25, 1.0, 0.0, 0.0, 0.0, 0.0, 0.0, 0.0, 0.0, 0.0, 1.0, 0.0, 1.0, 0.5, 0.0, 0.0, 0.0, 0.0, 0.0, 0.0, 0.0, 0.0, 0.5, 0.75, 0.5, 0.5, 0.0, 0.0, 0.0, 0.0, 0.0, 0.0, 0.0, 0.0, 0.75, 1.0, 0.25, 0.5, 0.0, 0.0, 0.0, 0.0, 0.0, 0.0, 0.0, 0.0, 1.0, 1.0, 0.0, 0.75, 0.0, 0.0, 0.0, 0.0, 0.0, 0.0, 0.0, 0.0, 0.75, 0.75, 0.75, 0.75, 0.0, 0.0, 0.0, 0.0, 0.0, 0.0, 0.0, 0.0, -0.20000000298023224, 0.0, 0.898720383644104]
  当前输入噪声缩放因子（curr_input_noise_scaling_factor）: 24
  当前wq噪声缩放因子（curr_wq_noise_scaling_factor）: 22
  当前wk噪声缩放因子（curr_wk_noise_scaling_factor）: 16
  当前wv噪声缩放因子（curr_wv_noise_scaling_factor）: 16
  当前wo噪声缩放因子（curr_wo_noise_scaling_factor）: 16
  当前wffn1噪声缩放因子（curr_wffn1_noise_scaling_factor）: 22
  当前wffn2噪声缩放因子（curr_wffn2_noise_scaling_factor）: 14
  输入x概率分布（x_prob_dist）: [0.2268032431602478, 0.40270301699638367, 0.19173777103424072, 0.10891268402338028, 0.06984332203865051]
  wq概率分布（wq_prob_dist）: [0.2622339129447937, 0.32657551765441895, 0.2209371030330658, 0.11012796312570572, 0.08012552559375763]
  wk概率分布（wk_prob_dist）: [0.37828734517097473, 0.2807905375957489, 0.15005481243133545, 0.11343478411436081, 0.07743248343467712]
  wv概率分布（wv_prob_dist）: [0.09639089554548264, 0.4068351089954376, 0.28530892729759216, 0.112521231174469, 0.09894386678934097]
  wo概率分布（wo_prob_dist）: [0.21450604498386383, 0.36664628982543945, 0.18697293102741241, 0.12577134370803833, 0.10610337555408478]
  wffn1概率分布（wffn1_prob_dist）: [0.40430423617362976, 0.2481309473514557, 0.16177880764007568, 0.11780130863189697, 0.06798465549945831]
  wffn2概率分布（wffn2_prob_dist）: [0.23745949566364288, 0.3939226567745209, 0.17769132554531097, 0.11879917234182358, 0.07212740182876587]
  评论家值（critic_value）: 1.1290682554244995
  累计成本（accumulated_cost）: 15.950000000000001
  输入噪声配置（input_noise_config）: [24, 24, 26, 24, 24]
  wq噪声配置（wq_noise_config）: [18, 14, 20, 14, 22]
  wk噪声配置（wk_noise_config）: [14, 22, 14, 18, 16]
  wv噪声配置（wv_noise_config）: [18, 16, 18, 18, 16]
  wo噪声配置（wo_noise_config）: [16, 14, 20, 18, 16]
  wffn1噪声配置（wffn1_noise_config）: [16, 16, 24, 18, 22]
  wffn2噪声配置（wffn2_noise_config）: [16, 16, 16, 16, 14]
  当前学习率（current_lr）: 0.000020
  当前熵系数（current_entropy_coef）: 0.023324
  步奖励（step_reward）: 0.005182926829268289
  稠密奖励步（dense_reward_step）: 0.005182926829268289
  累计稠密奖励（accumulated_dense_reward）: 0.02774390243902438
  稳定性惩罚（stability_penalty）: 0.0

  全局步数（step_global）: 97997
  回合编号（episode_id）: 8166
  层索引（layer_index）: 5
  状态向量（state_vector）: [0.0, 0.0, 0.0, 0.0, 0.0, 1.0, 0.0, 0.0, 0.0, 0.0, 0.0, 0.0, -0.061764705926179886, 0.75, 0.0, 0.75, 0.75, 0.75, 0.25, 1.0, 0.2219512164592743, 0.4166666567325592, 0.75, 0.75, 0.5, 0.75, 0.75, 0.0, 0.0, 0.0, 0.0, 0.0, 0.0, 0.0, 0.5, 1.0, 0.25, 1.0, 0.0, 0.0, 0.0, 0.0, 0.0, 0.0, 0.0, 0.0, 1.0, 0.0, 1.0, 0.5, 0.75, 0.0, 0.0, 0.0, 0.0, 0.0, 0.0, 0.0, 0.5, 0.75, 0.5, 0.5, 0.75, 0.0, 0.0, 0.0, 0.0, 0.0, 0.0, 0.0, 0.75, 1.0, 0.25, 0.5, 0.75, 0.0, 0.0, 0.0, 0.0, 0.0, 0.0, 0.0, 1.0, 1.0, 0.0, 0.75, 0.25, 0.0, 0.0, 0.0, 0.0, 0.0, 0.0, 0.0, 0.75, 0.75, 0.75, 0.75, 1.0, 0.0, 0.0, 0.0, 0.0, 0.0, 0.0, 0.0, -0.20000000298023224, 0.0, 0.898720383644104]
  当前输入噪声缩放因子（curr_input_noise_scaling_factor）: 28
  当前wq噪声缩放因子（curr_wq_noise_scaling_factor）: 16
  当前wk噪声缩放因子（curr_wk_noise_scaling_factor）: 14
  当前wv噪声缩放因子（curr_wv_noise_scaling_factor）: 16
  当前wo噪声缩放因子（curr_wo_noise_scaling_factor）: 16
  当前wffn1噪声缩放因子（curr_wffn1_noise_scaling_factor）: 16
  当前wffn2噪声缩放因子（curr_wffn2_noise_scaling_factor）: 18
  输入x概率分布（x_prob_dist）: [0.2267967164516449, 0.40272921323776245, 0.19172756373882294, 0.10890375077724457, 0.06984275579452515]
  wq概率分布（wq_prob_dist）: [0.26221784949302673, 0.3265834450721741, 0.22095325589179993, 0.11012393981218338, 0.0801214948296547]
  wk概率分布（wk_prob_dist）: [0.37833264470100403, 0.2807910144329071, 0.15004177391529083, 0.11341619491577148, 0.07741837203502655]
  wv概率分布（wv_prob_dist）: [0.09638722240924835, 0.406848281621933, 0.28531786799430847, 0.11250821501016617, 0.09893843531608582]
  wo概率分布（wo_prob_dist）: [0.21449394524097443, 0.36669254302978516, 0.18695925176143646, 0.1257627308368683, 0.10609156638383865]
  wffn1概率分布（wffn1_prob_dist）: [0.4043072760105133, 0.24814780056476593, 0.1617765724658966, 0.11779319494962692, 0.06797512620687485]
  wffn2概率分布（wffn2_prob_dist）: [0.237467959523201, 0.39392775297164917, 0.17767350375652313, 0.11880113929510117, 0.07212965935468674]
  评论家值（critic_value）: 1.1304023265838623
  累计成本（accumulated_cost）: 19.05
  输入噪声配置（input_noise_config）: [24, 24, 26, 24, 24, 28]
  wq噪声配置（wq_noise_config）: [18, 14, 20, 14, 22, 16]
  wk噪声配置（wk_noise_config）: [14, 22, 14, 18, 16, 14]
  wv噪声配置（wv_noise_config）: [18, 16, 18, 18, 16, 16]
  wo噪声配置（wo_noise_config）: [16, 14, 20, 18, 16, 16]
  wffn1噪声配置（wffn1_noise_config）: [16, 16, 24, 18, 22, 16]
  wffn2噪声配置（wffn2_noise_config）: [16, 16, 16, 16, 14, 18]
  当前学习率（current_lr）: 0.000020
  当前熵系数（current_entropy_coef）: 0.023324
  步奖励（step_reward）: 0.006097560975609755
  稠密奖励步（dense_reward_step）: 0.006097560975609755
  累计稠密奖励（accumulated_dense_reward）: 0.033841463414634135
  稳定性惩罚（stability_penalty）: 0.0

  全局步数（step_global）: 97998
  回合编号（episode_id）: 8166
  层索引（layer_index）: 6
  状态向量（state_vector）: [0.0, 0.0, 0.0, 0.0, 0.0, 0.0, 1.0, 0.0, 0.0, 0.0, 0.0, 0.0, -0.06617647409439087, 0.25, 0.75, 1.0, 0.75, 0.75, 1.0, 0.5, 0.22560974955558777, 0.5, 0.75, 0.75, 0.5, 0.75, 0.75, 0.25, 0.0, 0.0, 0.0, 0.0, 0.0, 0.0, 0.5, 1.0, 0.25, 1.0, 0.0, 0.75, 0.0, 0.0, 0.0, 0.0, 0.0, 0.0, 1.0, 0.0, 1.0, 0.5, 0.75, 1.0, 0.0, 0.0, 0.0, 0.0, 0.0, 0.0, 0.5, 0.75, 0.5, 0.5, 0.75, 0.75, 0.0, 0.0, 0.0, 0.0, 0.0, 0.0, 0.75, 1.0, 0.25, 0.5, 0.75, 0.75, 0.0, 0.0, 0.0, 0.0, 0.0, 0.0, 1.0, 1.0, 0.0, 0.75, 0.25, 1.0, 0.0, 0.0, 0.0, 0.0, 0.0, 0.0, 0.75, 0.75, 0.75, 0.75, 1.0, 0.5, 0.0, 0.0, 0.0, 0.0, 0.0, 0.0, -0.20000000298023224, 0.0, 0.898720383644104]
  当前输入噪声缩放因子（curr_input_noise_scaling_factor）: 26
  当前wq噪声缩放因子（curr_wq_noise_scaling_factor）: 20
  当前wk噪声缩放因子（curr_wk_noise_scaling_factor）: 20
  当前wv噪声缩放因子（curr_wv_noise_scaling_factor）: 18
  当前wo噪声缩放因子（curr_wo_noise_scaling_factor）: 14
  当前wffn1噪声缩放因子（curr_wffn1_noise_scaling_factor）: 18
  当前wffn2噪声缩放因子（curr_wffn2_noise_scaling_factor）: 16
  输入x概率分布（x_prob_dist）: [0.22681337594985962, 0.402659147977829, 0.1917397528886795, 0.10892848670482635, 0.06985925137996674]
  wq概率分布（wq_prob_dist）: [0.26221764087677, 0.3265570402145386, 0.22094161808490753, 0.11014355719089508, 0.08014015853404999]
  wk概率分布（wk_prob_dist）: [0.3782914876937866, 0.2807762026786804, 0.15005774796009064, 0.11343581229448318, 0.07743868231773376]
  wv概率分布（wv_prob_dist）: [0.09640083461999893, 0.40678712725639343, 0.28532707691192627, 0.11252721399068832, 0.09895766526460648]
  wo概率分布（wo_prob_dist）: [0.214507594704628, 0.36663752794265747, 0.18696774542331696, 0.12577730417251587, 0.1061098650097847]
  wffn1概率分布（wffn1_prob_dist）: [0.40428730845451355, 0.24812890589237213, 0.16178478300571442, 0.1178043857216835, 0.0679946169257164]
  wffn2概率分布（wffn2_prob_dist）: [0.2374778687953949, 0.39388149976730347, 0.17768621444702148, 0.11880936473608017, 0.07214508950710297]
  评论家值（critic_value）: 1.144063949584961
  累计成本（accumulated_cost）: 22.35
  输入噪声配置（input_noise_config）: [24, 24, 26, 24, 24, 28, 26]
  wq噪声配置（wq_noise_config）: [18, 14, 20, 14, 22, 16, 20]
  wk噪声配置（wk_noise_config）: [14, 22, 14, 18, 16, 14, 20]
  wv噪声配置（wv_noise_config）: [18, 16, 18, 18, 16, 16, 18]
  wo噪声配置（wo_noise_config）: [16, 14, 20, 18, 16, 16, 14]
  wffn1噪声配置（wffn1_noise_config）: [16, 16, 24, 18, 22, 16, 18]
  wffn2噪声配置（wffn2_noise_config）: [16, 16, 16, 16, 14, 18, 16]
  当前学习率（current_lr）: 0.000020
  当前熵系数（current_entropy_coef）: 0.023324
  步奖励（step_reward）: 0.004878048780487802
  稠密奖励步（dense_reward_step）: 0.004878048780487802
  累计稠密奖励（accumulated_dense_reward）: 0.03871951219512194
  稳定性惩罚（stability_penalty）: 0.0

  全局步数（step_global）: 97999
  回合编号（episode_id）: 8166
  层索引（layer_index）: 7
  状态向量（state_vector）: [0.0, 0.0, 0.0, 0.0, 0.0, 0.0, 0.0, 1.0, 0.0, 0.0, 0.0, 0.0, -0.06092436984181404, 0.5, 0.25, 0.25, 0.5, 1.0, 0.75, 0.75, 0.2212543487548828, 0.5833333134651184, 0.75, 0.75, 0.5, 0.75, 0.75, 0.25, 0.5, 0.0, 0.0, 0.0, 0.0, 0.0, 0.5, 1.0, 0.25, 1.0, 0.0, 0.75, 0.25, 0.0, 0.0, 0.0, 0.0, 0.0, 1.0, 0.0, 1.0, 0.5, 0.75, 1.0, 0.25, 0.0, 0.0, 0.0, 0.0, 0.0, 0.5, 0.75, 0.5, 0.5, 0.75, 0.75, 0.5, 0.0, 0.0, 0.0, 0.0, 0.0, 0.75, 1.0, 0.25, 0.5, 0.75, 0.75, 1.0, 0.0, 0.0, 0.0, 0.0, 0.0, 1.0, 1.0, 0.0, 0.75, 0.25, 1.0, 0.75, 0.0, 0.0, 0.0, 0.0, 0.0, 0.75, 0.75, 0.75, 0.75, 1.0, 0.5, 0.75, 0.0, 0.0, 0.0, 0.0, 0.0, -0.20000000298023224, 0.0, 0.898720383644104]
  当前输入噪声缩放因子（curr_input_noise_scaling_factor）: 24
  当前wq噪声缩放因子（curr_wq_noise_scaling_factor）: 18
  当前wk噪声缩放因子（curr_wk_noise_scaling_factor）: 16
  当前wv噪声缩放因子（curr_wv_noise_scaling_factor）: 14
  当前wo噪声缩放因子（curr_wo_noise_scaling_factor）: 18
  当前wffn1噪声缩放因子（curr_wffn1_noise_scaling_factor）: 24
  当前wffn2噪声缩放因子（curr_wffn2_noise_scaling_factor）: 16
  输入x概率分布（x_prob_dist）: [0.2268105298280716, 0.40259891748428345, 0.19174903631210327, 0.1089557632803917, 0.06988576799631119]
  wq概率分布（wq_prob_dist）: [0.26219937205314636, 0.3265005052089691, 0.22096706926822662, 0.11016480624675751, 0.0801682248711586]
  wk概率分布（wk_prob_dist）: [0.37820473313331604, 0.2807733118534088, 0.15008404850959778, 0.11346370726823807, 0.07747415453195572]
  wv概率分布（wv_prob_dist）: [0.09643319249153137, 0.4067302942276001, 0.28530365228652954, 0.1125529333949089, 0.0989799052476883]
  wo概率分布（wo_prob_dist）: [0.21450471878051758, 0.3665841817855835, 0.18697859346866608, 0.1258053034543991, 0.10612718760967255]
  wffn1概率分布（wffn1_prob_dist）: [0.4041847288608551, 0.2481568455696106, 0.16181811690330505, 0.11782099306583405, 0.0680193081498146]
  wffn2概率分布（wffn2_prob_dist）: [0.2374737709760666, 0.39382848143577576, 0.17769838869571686, 0.11882856488227844, 0.07217085361480713]
  评论家值（critic_value）: 1.1463223695755005
  累计成本（accumulated_cost）: 25.6
  输入噪声配置（input_noise_config）: [24, 24, 26, 24, 24, 28, 26, 24]
  wq噪声配置（wq_noise_config）: [18, 14, 20, 14, 22, 16, 20, 18]
  wk噪声配置（wk_noise_config）: [14, 22, 14, 18, 16, 14, 20, 16]
  wv噪声配置（wv_noise_config）: [18, 16, 18, 18, 16, 16, 18, 14]
  wo噪声配置（wo_noise_config）: [16, 14, 20, 18, 16, 16, 14, 18]
  wffn1噪声配置（wffn1_noise_config）: [16, 16, 24, 18, 22, 16, 18, 24]
  wffn2噪声配置（wffn2_noise_config）: [16, 16, 16, 16, 14, 18, 16, 16]
  当前学习率（current_lr）: 0.000020
  当前熵系数（current_entropy_coef）: 0.023324
  步奖励（step_reward）: 0.005182926829268289
  稠密奖励步（dense_reward_step）: 0.005182926829268289
  累计稠密奖励（accumulated_dense_reward）: 0.04390243902439023
  稳定性惩罚（stability_penalty）: 0.0

  全局步数（step_global）: 98000
  回合编号（episode_id）: 8166
  层索引（layer_index）: 8
  状态向量（state_vector）: [0.0, 0.0, 0.0, 0.0, 0.0, 0.0, 0.0, 0.0, 1.0, 0.0, 0.0, 0.0, -0.05882352963089943, 0.75, 0.5, 0.75, 1.0, 0.5, 0.0, 0.75, 0.2195121943950653, 0.6666666865348816, 0.75, 0.75, 0.5, 0.75, 0.75, 0.25, 0.5, 0.75, 0.0, 0.0, 0.0, 0.0, 0.5, 1.0, 0.25, 1.0, 0.0, 0.75, 0.25, 0.5, 0.0, 0.0, 0.0, 0.0, 1.0, 0.0, 1.0, 0.5, 0.75, 1.0, 0.25, 0.75, 0.0, 0.0, 0.0, 0.0, 0.5, 0.75, 0.5, 0.5, 0.75, 0.75, 0.5, 1.0, 0.0, 0.0, 0.0, 0.0, 0.75, 1.0, 0.25, 0.5, 0.75, 0.75, 1.0, 0.5, 0.0, 0.0, 0.0, 0.0, 1.0, 1.0, 0.0, 0.75, 0.25, 1.0, 0.75, 0.0, 0.0, 0.0, 0.0, 0.0, 0.75, 0.75, 0.75, 0.75, 1.0, 0.5, 0.75, 0.75, 0.0, 0.0, 0.0, 0.0, -0.20000000298023224, 0.0, 0.898720383644104]
  当前输入噪声缩放因子（curr_input_noise_scaling_factor）: 22
  当前wq噪声缩放因子（curr_wq_noise_scaling_factor）: 14
  当前wk噪声缩放因子（curr_wk_noise_scaling_factor）: 14
  当前wv噪声缩放因子（curr_wv_noise_scaling_factor）: 18
  当前wo噪声缩放因子（curr_wo_noise_scaling_factor）: 16
  当前wffn1噪声缩放因子（curr_wffn1_noise_scaling_factor）: 22
  当前wffn2噪声缩放因子（curr_wffn2_noise_scaling_factor）: 16
  输入x概率分布（x_prob_dist）: [0.2267959862947464, 0.40273305773735046, 0.19172945618629456, 0.10890117287635803, 0.06984034180641174]
  wq概率分布（wq_prob_dist）: [0.26221907138824463, 0.3265872597694397, 0.22094765305519104, 0.11012732982635498, 0.08011874556541443]
  wk概率分布（wk_prob_dist）: [0.37831825017929077, 0.28078708052635193, 0.15004557371139526, 0.11342868953943253, 0.07742034643888474]
  wv概率分布（wv_prob_dist）: [0.09638247638940811, 0.4068518280982971, 0.28531613945961, 0.11250989139080048, 0.09893964976072311]
  wo概率分布（wo_prob_dist）: [0.21450644731521606, 0.36665984988212585, 0.18697848916053772, 0.12575672566890717, 0.1060984805226326]
  wffn1概率分布（wffn1_prob_dist）: [0.4043087661266327, 0.24814960360527039, 0.16177557408809662, 0.11779411882162094, 0.06797198951244354]
  wffn2概率分布（wffn2_prob_dist）: [0.23746927082538605, 0.3939390778541565, 0.17767389118671417, 0.11879193037748337, 0.07212590426206589]
  评论家值（critic_value）: 1.1505818367004395
  累计成本（accumulated_cost）: 28.650000000000002
  输入噪声配置（input_noise_config）: [24, 24, 26, 24, 24, 28, 26, 24, 22]
  wq噪声配置（wq_noise_config）: [18, 14, 20, 14, 22, 16, 20, 18, 14]
  wk噪声配置（wk_noise_config）: [14, 22, 14, 18, 16, 14, 20, 16, 14]
  wv噪声配置（wv_noise_config）: [18, 16, 18, 18, 16, 16, 18, 14, 18]
  wo噪声配置（wo_noise_config）: [16, 14, 20, 18, 16, 16, 14, 18, 16]
  wffn1噪声配置（wffn1_noise_config）: [16, 16, 24, 18, 22, 16, 18, 24, 22]
  wffn2噪声配置（wffn2_noise_config）: [16, 16, 16, 16, 14, 18, 16, 16, 16]
  当前学习率（current_lr）: 0.000020
  当前熵系数（current_entropy_coef）: 0.023324
  步奖励（step_reward）: 0.006402439024390242
  稠密奖励步（dense_reward_step）: 0.006402439024390242
  累计稠密奖励（accumulated_dense_reward）: 0.05030487804878047
  稳定性惩罚（stability_penalty）: 0.0

  全局步数（step_global）: 98001
  回合编号（episode_id）: 8166
  层索引（layer_index）: 9
  状态向量（state_vector）: [0.0, 0.0, 0.0, 0.0, 0.0, 0.0, 0.0, 0.0, 0.0, 1.0, 0.0, 0.0, -0.06372549384832382, 1.0, 1.0, 1.0, 0.5, 0.75, 0.25, 0.75, 0.22357723116874695, 0.75, 0.75, 0.75, 0.5, 0.75, 0.75, 0.25, 0.5, 0.75, 1.0, 0.0, 0.0, 0.0, 0.5, 1.0, 0.25, 1.0, 0.0, 0.75, 0.25, 0.5, 1.0, 0.0, 0.0, 0.0, 1.0, 0.0, 1.0, 0.5, 0.75, 1.0, 0.25, 0.75, 1.0, 0.0, 0.0, 0.0, 0.5, 0.75, 0.5, 0.5, 0.75, 0.75, 0.5, 1.0, 0.5, 0.0, 0.0, 0.0, 0.75, 1.0, 0.25, 0.5, 0.75, 0.75, 1.0, 0.5, 0.75, 0.0, 0.0, 0.0, 1.0, 1.0, 0.0, 0.75, 0.25, 1.0, 0.75, 0.0, 0.25, 0.0, 0.0, 0.0, 0.75, 0.75, 0.75, 0.75, 1.0, 0.5, 0.75, 0.75, 0.75, 0.0, 0.0, 0.0, -0.20000000298023224, 0.0, 0.898720383644104]
  当前输入噪声缩放因子（curr_input_noise_scaling_factor）: 24
  当前wq噪声缩放因子（curr_wq_noise_scaling_factor）: 16
  当前wk噪声缩放因子（curr_wk_noise_scaling_factor）: 14
  当前wv噪声缩放因子（curr_wv_noise_scaling_factor）: 18
  当前wo噪声缩放因子（curr_wo_noise_scaling_factor）: 18
  当前wffn1噪声缩放因子（curr_wffn1_noise_scaling_factor）: 22
  当前wffn2噪声缩放因子（curr_wffn2_noise_scaling_factor）: 20
  输入x概率分布（x_prob_dist）: [0.22680173814296722, 0.40269529819488525, 0.1917361468076706, 0.10891342163085938, 0.06985339522361755]
  wq概率分布（wq_prob_dist）: [0.26221171021461487, 0.3265538513660431, 0.22096261382102966, 0.110137440264225, 0.08013438433408737]
  wk概率分布（wk_prob_dist）: [0.37829306721687317, 0.2807948589324951, 0.15004310011863708, 0.11343219876289368, 0.07743678987026215]
  wv概率分布（wv_prob_dist）: [0.09639091044664383, 0.4068227708339691, 0.28530725836753845, 0.11253028362989426, 0.09894877672195435]
  wo概率分布（wo_prob_dist）: [0.2144981473684311, 0.3666136860847473, 0.18700090050697327, 0.1257697343826294, 0.1061175987124443]
  wffn1概率分布（wffn1_prob_dist）: [0.4042918384075165, 0.24813860654830933, 0.1617848128080368, 0.11780338734388351, 0.0679813027381897]
  wffn2概率分布（wffn2_prob_dist）: [0.2374715656042099, 0.39389950037002563, 0.17768201231956482, 0.11880992352962494, 0.07213695347309113]
  评论家值（critic_value）: 1.1585197448730469
  累计成本（accumulated_cost）: 31.950000000000003
  输入噪声配置（input_noise_config）: [24, 24, 26, 24, 24, 28, 26, 24, 22, 24]
  wq噪声配置（wq_noise_config）: [18, 14, 20, 14, 22, 16, 20, 18, 14, 16]
  wk噪声配置（wk_noise_config）: [14, 22, 14, 18, 16, 14, 20, 16, 14, 14]
  wv噪声配置（wv_noise_config）: [18, 16, 18, 18, 16, 16, 18, 14, 18, 18]
  wo噪声配置（wo_noise_config）: [16, 14, 20, 18, 16, 16, 14, 18, 16, 18]
  wffn1噪声配置（wffn1_noise_config）: [16, 16, 24, 18, 22, 16, 18, 24, 22, 22]
  wffn2噪声配置（wffn2_noise_config）: [16, 16, 16, 16, 14, 18, 16, 16, 16, 20]
  当前学习率（current_lr）: 0.000020
  当前熵系数（current_entropy_coef）: 0.023324
  步奖励（step_reward）: 0.004878048780487805
  稠密奖励步（dense_reward_step）: 0.004878048780487805
  累计稠密奖励（accumulated_dense_reward）: 0.05518292682926827
  稳定性惩罚（stability_penalty）: 0.0

  全局步数（step_global）: 98002
  回合编号（episode_id）: 8166
  层索引（layer_index）: 10
  状态向量（state_vector）: [0.0, 0.0, 0.0, 0.0, 0.0, 0.0, 0.0, 0.0, 0.0, 0.0, 1.0, 0.0, -0.06029411777853966, 0.75, 0.75, 1.0, 0.5, 0.5, 0.25, 0.25, 0.2207317054271698, 0.8333333134651184, 0.75, 0.75, 0.5, 0.75, 0.75, 0.25, 0.5, 0.75, 1.0, 0.75, 0.0, 0.0, 0.5, 1.0, 0.25, 1.0, 0.0, 0.75, 0.25, 0.5, 1.0, 0.75, 0.0, 0.0, 1.0, 0.0, 1.0, 0.5, 0.75, 1.0, 0.25, 0.75, 1.0, 1.0, 0.0, 0.0, 0.5, 0.75, 0.5, 0.5, 0.75, 0.75, 0.5, 1.0, 0.5, 0.5, 0.0, 0.0, 0.75, 1.0, 0.25, 0.5, 0.75, 0.75, 1.0, 0.5, 0.75, 0.5, 0.0, 0.0, 1.0, 1.0, 0.0, 0.75, 0.25, 1.0, 0.75, 0.0, 0.25, 0.25, 0.0, 0.0, 0.75, 0.75, 0.75, 0.75, 1.0, 0.5, 0.75, 0.75, 0.75, 0.25, 0.0, 0.0, -0.20000000298023224, 0.0, 0.898720383644104]
  当前输入噪声缩放因子（curr_input_noise_scaling_factor）: 22
  当前wq噪声缩放因子（curr_wq_noise_scaling_factor）: 14
  当前wk噪声缩放因子（curr_wk_noise_scaling_factor）: 18
  当前wv噪声缩放因子（curr_wv_noise_scaling_factor）: 18
  当前wo噪声缩放因子（curr_wo_noise_scaling_factor）: 16
  当前wffn1噪声缩放因子（curr_wffn1_noise_scaling_factor）: 16
  当前wffn2噪声缩放因子（curr_wffn2_noise_scaling_factor）: 18
  输入x概率分布（x_prob_dist）: [0.2268090844154358, 0.40266457200050354, 0.19173233211040497, 0.108926922082901, 0.06986705958843231]
  wq概率分布（wq_prob_dist）: [0.2622143030166626, 0.32654979825019836, 0.22093816101551056, 0.11015143990516663, 0.08014632761478424]
  wk概率分布（wk_prob_dist）: [0.3782753348350525, 0.28076356649398804, 0.1500716656446457, 0.11344700306653976, 0.07744253426790237]
  wv概率分布（wv_prob_dist）: [0.09642014652490616, 0.4067671597003937, 0.28531572222709656, 0.11253153532743454, 0.09896542131900787]
  wo概率分布（wo_prob_dist）: [0.21449710428714752, 0.366656094789505, 0.18694891035556793, 0.12579098343849182, 0.10610688477754593]
  wffn1概率分布（wffn1_prob_dist）: [0.4042434096336365, 0.2481328397989273, 0.1617995798587799, 0.11782017350196838, 0.06800395995378494]
  wffn2概率分布（wffn2_prob_dist）: [0.23746484518051147, 0.39386412501335144, 0.17769740521907806, 0.11882364004850388, 0.07215001434087753]
  评论家值（critic_value）: 1.1644699573516846
  累计成本（accumulated_cost）: 35.0
  输入噪声配置（input_noise_config）: [24, 24, 26, 24, 24, 28, 26, 24, 22, 24, 22]
  wq噪声配置（wq_noise_config）: [18, 14, 20, 14, 22, 16, 20, 18, 14, 16, 14]
  wk噪声配置（wk_noise_config）: [14, 22, 14, 18, 16, 14, 20, 16, 14, 14, 18]
  wv噪声配置（wv_noise_config）: [18, 16, 18, 18, 16, 16, 18, 14, 18, 18, 18]
  wo噪声配置（wo_noise_config）: [16, 14, 20, 18, 16, 16, 14, 18, 16, 18, 16]
  wffn1噪声配置（wffn1_noise_config）: [16, 16, 24, 18, 22, 16, 18, 24, 22, 22, 16]
  wffn2噪声配置（wffn2_noise_config）: [16, 16, 16, 16, 14, 18, 16, 16, 16, 20, 18]
  当前学习率（current_lr）: 0.000020
  当前熵系数（current_entropy_coef）: 0.023324
  步奖励（step_reward）: 0.006402439024390242
  稠密奖励步（dense_reward_step）: 0.006402439024390242
  累计稠密奖励（accumulated_dense_reward）: 0.061585365853658515
  稳定性惩罚（stability_penalty）: 0.0

  全局步数（step_global）: 98003
  回合编号（episode_id）: 8166
  层索引（layer_index）: 11
  状态向量（state_vector）: [0.0, 0.0, 0.0, 0.0, 0.0, 0.0, 0.0, 0.0, 0.0, 0.0, 0.0, 1.0, -0.06417112052440643, 1.0, 1.0, 0.5, 0.5, 0.75, 1.0, 0.5, 0.22394677996635437, 0.9166666865348816, 0.75, 0.75, 0.5, 0.75, 0.75, 0.25, 0.5, 0.75, 1.0, 0.75, 1.0, 0.0, 0.5, 1.0, 0.25, 1.0, 0.0, 0.75, 0.25, 0.5, 1.0, 0.75, 1.0, 0.0, 1.0, 0.0, 1.0, 0.5, 0.75, 1.0, 0.25, 0.75, 1.0, 1.0, 0.5, 0.0, 0.5, 0.75, 0.5, 0.5, 0.75, 0.75, 0.5, 1.0, 0.5, 0.5, 0.5, 0.0, 0.75, 1.0, 0.25, 0.5, 0.75, 0.75, 1.0, 0.5, 0.75, 0.5, 0.75, 0.0, 1.0, 1.0, 0.0, 0.75, 0.25, 1.0, 0.75, 0.0, 0.25, 0.25, 1.0, 0.0, 0.75, 0.75, 0.75, 0.75, 1.0, 0.5, 0.75, 0.75, 0.75, 0.25, 0.5, 0.0, -0.20000000298023224, 0.0, 0.898720383644104]
  当前输入噪声缩放因子（curr_input_noise_scaling_factor）: 24
  当前wq噪声缩放因子（curr_wq_noise_scaling_factor）: 18
  当前wk噪声缩放因子（curr_wk_noise_scaling_factor）: 20
  当前wv噪声缩放因子（curr_wv_noise_scaling_factor）: 14
  当前wo噪声缩放因子（curr_wo_noise_scaling_factor）: 20
  当前wffn1噪声缩放因子（curr_wffn1_noise_scaling_factor）: 16
  当前wffn2噪声缩放因子（curr_wffn2_noise_scaling_factor）: 16
  输入x概率分布（x_prob_dist）: [0.2268253117799759, 0.40257012844085693, 0.19174779951572418, 0.10896483808755875, 0.06989195942878723]
  wq概率分布（wq_prob_dist）: [0.2621892988681793, 0.3264751732349396, 0.22097422182559967, 0.11018277704715729, 0.08017852157354355]
  wk概率分布（wk_prob_dist）: [0.37813618779182434, 0.2807760238647461, 0.15009357035160065, 0.11349799484014511, 0.07749631255865097]
  wv概率分布（wv_prob_dist）: [0.09644251316785812, 0.4067048132419586, 0.28527435660362244, 0.11257673054933548, 0.09900161623954773]
  wo概率分布（wo_prob_dist）: [0.2145145982503891, 0.36649075150489807, 0.18703198432922363, 0.12580685317516327, 0.10615584999322891]
  wffn1概率分布（wffn1_prob_dist）: [0.40415799617767334, 0.24814824759960175, 0.16182251274585724, 0.11784249544143677, 0.06802874058485031]
  wffn2概率分布（wffn2_prob_dist）: [0.23746681213378906, 0.3938247859477997, 0.1777077317237854, 0.11883007735013962, 0.07217052578926086]
  评论家值（critic_value）: 1.1723662614822388
  累计成本（accumulated_cost）: 38.2
  输入噪声配置（input_noise_config）: [24, 24, 26, 24, 24, 28, 26, 24, 22, 24, 22, 24]
  wq噪声配置（wq_noise_config）: [18, 14, 20, 14, 22, 16, 20, 18, 14, 16, 14, 18]
  wk噪声配置（wk_noise_config）: [14, 22, 14, 18, 16, 14, 20, 16, 14, 14, 18, 20]
  wv噪声配置（wv_noise_config）: [18, 16, 18, 18, 16, 16, 18, 14, 18, 18, 18, 14]
  wo噪声配置（wo_noise_config）: [16, 14, 20, 18, 16, 16, 14, 18, 16, 18, 16, 20]
  wffn1噪声配置（wffn1_noise_config）: [16, 16, 24, 18, 22, 16, 18, 24, 22, 22, 16, 16]
  wffn2噪声配置（wffn2_noise_config）: [16, 16, 16, 16, 14, 18, 16, 16, 16, 20, 18, 16]
  当前学习率（current_lr）: 0.000020
  当前熵系数（current_entropy_coef）: 0.023324
  蒙特卡洛采样数（mc_samples）: 5
  蒙特卡洛损失均值（mc_loss_mean）: 0.28881092270215347
  蒙特卡洛损失标准差（mc_loss_std）: 0.002542478798873337
  蒙特卡洛指标1均值（mc_metric1_mean）: 0.9066666666666666
  蒙特卡洛指标1标准差（mc_metric1_std）: 0.0028070175438596576
  蒙特卡洛指标2均值（mc_metric2_mean）: 0.9051237458972509
  蒙特卡洛指标2标准差（mc_metric2_std）: 0.00283756722700516
  步奖励（step_reward）: 1.1870487395846416
  稠密奖励步（dense_reward_step）: 0.005487804878048778
  原始最终奖励（raw_final_reward）: 1.181560934706593
  最终选择分数（final_selection_score）: 1.181560934706593
  累计稠密奖励（accumulated_dense_reward）: 0.0670731707317073
  稳定性代理（stability_proxy）: 0.34112764873908974
  稳定性惩罚（stability_penalty）: -0.0

--- 回合（Episode） 8168 (回合回报（EpisodeReturn）=1.1946, 原始最终奖励（RawFinalReward）=1.1229, 稠密奖励合计（DenseRewardTotal）=0.0716) ---
  全局步数（step_global）: 98004
  回合编号（episode_id）: 8167
  层索引（layer_index）: 0
  状态向量（state_vector）: [1.0, 0.0, 0.0, 0.0, 0.0, 0.0, 0.0, 0.0, 0.0, 0.0, 0.0, 0.0, 0.0, 0.0, 0.0, 0.0, 0.0, 0.0, 0.0, 0.0, 0.0, 0.0, 0.0, 0.0, 0.0, 0.0, 0.0, 0.0, 0.0, 0.0, 0.0, 0.0, 0.0, 0.0, 0.0, 0.0, 0.0, 0.0, 0.0, 0.0, 0.0, 0.0, 0.0, 0.0, 0.0, 0.0, 0.0, 0.0, 0.0, 0.0, 0.0, 0.0, 0.0, 0.0, 0.0, 0.0, 0.0, 0.0, 0.0, 0.0, 0.0, 0.0, 0.0, 0.0, 0.0, 0.0, 0.0, 0.0, 0.0, 0.0, 0.0, 0.0, 0.0, 0.0, 0.0, 0.0, 0.0, 0.0, 0.0, 0.0, 0.0, 0.0, 0.0, 0.0, 0.0, 0.0, 0.0, 0.0, 0.0, 0.0, 0.0, 0.0, 0.0, 0.0, 0.0, 0.0, 0.0, 0.0, 0.0, 0.0, 0.0, 0.0, 0.0, 0.0, 0.0, 0.0, -0.20000000298023224, 0.0, 0.9530477523803711]
  当前输入噪声缩放因子（curr_input_noise_scaling_factor）: 26
  当前wq噪声缩放因子（curr_wq_noise_scaling_factor）: 16
  当前wk噪声缩放因子（curr_wk_noise_scaling_factor）: 18
  当前wv噪声缩放因子（curr_wv_noise_scaling_factor）: 14
  当前wo噪声缩放因子（curr_wo_noise_scaling_factor）: 14
  当前wffn1噪声缩放因子（curr_wffn1_noise_scaling_factor）: 18
  当前wffn2噪声缩放因子（curr_wffn2_noise_scaling_factor）: 20
  输入x概率分布（x_prob_dist）: [0.22709186375141144, 0.40085816383361816, 0.19200463593006134, 0.10953318327665329, 0.07051212340593338]
  wq概率分布（wq_prob_dist）: [0.2617756426334381, 0.3257960081100464, 0.22089242935180664, 0.11078500747680664, 0.08075092732906342]
  wk概率分布（wk_prob_dist）: [0.37728312611579895, 0.2800832986831665, 0.15060797333717346, 0.11398157477378845, 0.07804399728775024]
  wv概率分布（wv_prob_dist）: [0.09718403965234756, 0.40482160449028015, 0.28512972593307495, 0.11320432275533676, 0.09966039657592773]
  wo概率分布（wo_prob_dist）: [0.21454983949661255, 0.3653928339481354, 0.18708771467208862, 0.1262814998626709, 0.10668811202049255]
  wffn1概率分布（wffn1_prob_dist）: [0.4027000665664673, 0.2478875070810318, 0.16224436461925507, 0.11851193755865097, 0.06865619122982025]
  wffn2概率分布（wffn2_prob_dist）: [0.23754379153251648, 0.3921009302139282, 0.17808906733989716, 0.11946312338113785, 0.0728030800819397]
  评论家值（critic_value）: 1.1059484481811523
  累计成本（accumulated_cost）: 3.1500000000000004
  输入噪声配置（input_noise_config）: [26]
  wq噪声配置（wq_noise_config）: [16]
  wk噪声配置（wk_noise_config）: [18]
  wv噪声配置（wv_noise_config）: [14]
  wo噪声配置（wo_noise_config）: [14]
  wffn1噪声配置（wffn1_noise_config）: [18]
  wffn2噪声配置（wffn2_noise_config）: [20]
  当前学习率（current_lr）: 0.000020
  当前熵系数（current_entropy_coef）: 0.023321
  步奖励（step_reward）: 0.005792682926829265
  稠密奖励步（dense_reward_step）: 0.005792682926829265
  累计稠密奖励（accumulated_dense_reward）: 0.005792682926829265
  稳定性惩罚（stability_penalty）: 0.0

  全局步数（step_global）: 98005
  回合编号（episode_id）: 8167
  层索引（layer_index）: 1
  状态向量（state_vector）: [0.0, 1.0, 0.0, 0.0, 0.0, 0.0, 0.0, 0.0, 0.0, 0.0, 0.0, 0.0, -0.07352941483259201, 0.5, 0.75, 0.5, 1.0, 1.0, 0.75, 0.25, 0.23170731961727142, 0.0833333358168602, 0.5, 0.0, 0.0, 0.0, 0.0, 0.0, 0.0, 0.0, 0.0, 0.0, 0.0, 0.0, 0.75, 0.0, 0.0, 0.0, 0.0, 0.0, 0.0, 0.0, 0.0, 0.0, 0.0, 0.0, 0.5, 0.0, 0.0, 0.0, 0.0, 0.0, 0.0, 0.0, 0.0, 0.0, 0.0, 0.0, 1.0, 0.0, 0.0, 0.0, 0.0, 0.0, 0.0, 0.0, 0.0, 0.0, 0.0, 0.0, 1.0, 0.0, 0.0, 0.0, 0.0, 0.0, 0.0, 0.0, 0.0, 0.0, 0.0, 0.0, 0.75, 0.0, 0.0, 0.0, 0.0, 0.0, 0.0, 0.0, 0.0, 0.0, 0.0, 0.0, 0.25, 0.0, 0.0, 0.0, 0.0, 0.0, 0.0, 0.0, 0.0, 0.0, 0.0, 0.0, -0.20000000298023224, 0.0, 0.9530477523803711]
  当前输入噪声缩放因子（curr_input_noise_scaling_factor）: 26
  当前wq噪声缩放因子（curr_wq_noise_scaling_factor）: 18
  当前wk噪声缩放因子（curr_wk_noise_scaling_factor）: 14
  当前wv噪声缩放因子（curr_wv_noise_scaling_factor）: 14
  当前wo噪声缩放因子（curr_wo_noise_scaling_factor）: 22
  当前wffn1噪声缩放因子（curr_wffn1_noise_scaling_factor）: 20
  当前wffn2噪声缩放因子（curr_wffn2_noise_scaling_factor）: 14
  输入x概率分布（x_prob_dist）: [0.22681842744350433, 0.402599036693573, 0.19174739718437195, 0.10895217210054398, 0.06988303363323212]
  wq概率分布（wq_prob_dist）: [0.2622087001800537, 0.32650843262672424, 0.2209591269493103, 0.11015375703573227, 0.08016998320817947]
  wk概率分布（wk_prob_dist）: [0.3781971335411072, 0.28077974915504456, 0.1500844806432724, 0.11346711218357086, 0.0774715319275856]
  wv概率分布（wv_prob_dist）: [0.09643074125051498, 0.4067489504814148, 0.28527775406837463, 0.11255420744419098, 0.0989883542060852]
  wo概率分布（wo_prob_dist）: [0.2144915610551834, 0.36658579111099243, 0.18699070811271667, 0.12580084800720215, 0.10613109171390533]
  wffn1概率分布（wffn1_prob_dist）: [0.40419819951057434, 0.2481382042169571, 0.16181622445583344, 0.11783445626497269, 0.06801290065050125]
  wffn2概率分布（wffn2_prob_dist）: [0.2374573051929474, 0.3938372731208801, 0.1777024269104004, 0.1188327819108963, 0.07217026501893997]
  评论家值（critic_value）: 1.1077287197113037
  累计成本（accumulated_cost）: 6.350000000000001
  输入噪声配置（input_noise_config）: [26, 26]
  wq噪声配置（wq_noise_config）: [16, 18]
  wk噪声配置（wk_noise_config）: [18, 14]
  wv噪声配置（wv_noise_config）: [14, 14]
  wo噪声配置（wo_noise_config）: [14, 22]
  wffn1噪声配置（wffn1_noise_config）: [18, 20]
  wffn2噪声配置（wffn2_noise_config）: [20, 14]
  当前学习率（current_lr）: 0.000020
  当前熵系数（current_entropy_coef）: 0.023321
  步奖励（step_reward）: 0.005487804878048775
  稠密奖励步（dense_reward_step）: 0.005487804878048775
  累计稠密奖励（accumulated_dense_reward）: 0.01128048780487804
  稳定性惩罚（stability_penalty）: 0.0

  全局步数（step_global）: 98006
  回合编号（episode_id）: 8167
  层索引（layer_index）: 2
  状态向量（state_vector）: [0.0, 0.0, 1.0, 0.0, 0.0, 0.0, 0.0, 0.0, 0.0, 0.0, 0.0, 0.0, -0.06617647409439087, 0.5, 0.5, 1.0, 1.0, 0.0, 0.5, 1.0, 0.22560974955558777, 0.1666666716337204, 0.5, 0.5, 0.0, 0.0, 0.0, 0.0, 0.0, 0.0, 0.0, 0.0, 0.0, 0.0, 0.75, 0.5, 0.0, 0.0, 0.0, 0.0, 0.0, 0.0, 0.0, 0.0, 0.0, 0.0, 0.5, 1.0, 0.0, 0.0, 0.0, 0.0, 0.0, 0.0, 0.0, 0.0, 0.0, 0.0, 1.0, 1.0, 0.0, 0.0, 0.0, 0.0, 0.0, 0.0, 0.0, 0.0, 0.0, 0.0, 1.0, 0.0, 0.0, 0.0, 0.0, 0.0, 0.0, 0.0, 0.0, 0.0, 0.0, 0.0, 0.75, 0.5, 0.0, 0.0, 0.0, 0.0, 0.0, 0.0, 0.0, 0.0, 0.0, 0.0, 0.25, 1.0, 0.0, 0.0, 0.0, 0.0, 0.0, 0.0, 0.0, 0.0, 0.0, 0.0, -0.20000000298023224, 0.0, 0.9530477523803711]
  当前输入噪声缩放因子（curr_input_noise_scaling_factor）: 24
  当前wq噪声缩放因子（curr_wq_noise_scaling_factor）: 16
  当前wk噪声缩放因子（curr_wk_noise_scaling_factor）: 20
  当前wv噪声缩放因子（curr_wv_noise_scaling_factor）: 18
  当前wo噪声缩放因子（curr_wo_noise_scaling_factor）: 16
  当前wffn1噪声缩放因子（curr_wffn1_noise_scaling_factor）: 16
  当前wffn2噪声缩放因子（curr_wffn2_noise_scaling_factor）: 14
  输入x概率分布（x_prob_dist）: [0.22682273387908936, 0.40262705087661743, 0.19174045324325562, 0.1089400127530098, 0.0698697492480278]
  wq概率分布（wq_prob_dist）: [0.2621957063674927, 0.3265235722064972, 0.220971941947937, 0.11015424877405167, 0.08015453070402145]
  wk概率分布（wk_prob_dist）: [0.3782326281070709, 0.28078916668891907, 0.1500629186630249, 0.11345387250185013, 0.07746139913797379]
  wv概率分布（wv_prob_dist）: [0.0964127779006958, 0.4067889451980591, 0.28529495000839233, 0.1125396192073822, 0.09896379709243774]
  wo概率分布（wo_prob_dist）: [0.2145051658153534, 0.36657845973968506, 0.1870061308145523, 0.12578007578849792, 0.10613013803958893]
  wffn1概率分布（wffn1_prob_dist）: [0.4042302072048187, 0.24816791713237762, 0.16179268062114716, 0.11781402677297592, 0.06799520552158356]
  wffn2概率分布（wffn2_prob_dist）: [0.23745974898338318, 0.39390042424201965, 0.17768630385398865, 0.11880510300397873, 0.07214844226837158]
  评论家值（critic_value）: 1.1141126155853271
  累计成本（accumulated_cost）: 9.450000000000001
  输入噪声配置（input_noise_config）: [26, 26, 24]
  wq噪声配置（wq_noise_config）: [16, 18, 16]
  wk噪声配置（wk_noise_config）: [18, 14, 20]
  wv噪声配置（wv_noise_config）: [14, 14, 18]
  wo噪声配置（wo_noise_config）: [14, 22, 16]
  wffn1噪声配置（wffn1_noise_config）: [18, 20, 16]
  wffn2噪声配置（wffn2_noise_config）: [20, 14, 14]
  当前学习率（current_lr）: 0.000020
  当前熵系数（current_entropy_coef）: 0.023321
  步奖励（step_reward）: 0.006097560975609755
  稠密奖励步（dense_reward_step）: 0.006097560975609755
  累计稠密奖励（accumulated_dense_reward）: 0.017378048780487793
  稳定性惩罚（stability_penalty）: 0.0

  全局步数（step_global）: 98007
  回合编号（episode_id）: 8167
  层索引（layer_index）: 3
  状态向量（state_vector）: [0.0, 0.0, 0.0, 1.0, 0.0, 0.0, 0.0, 0.0, 0.0, 0.0, 0.0, 0.0, -0.07352941483259201, 0.75, 0.75, 0.25, 0.5, 0.75, 1.0, 1.0, 0.23170731961727142, 0.25, 0.5, 0.5, 0.75, 0.0, 0.0, 0.0, 0.0, 0.0, 0.0, 0.0, 0.0, 0.0, 0.75, 0.5, 0.75, 0.0, 0.0, 0.0, 0.0, 0.0, 0.0, 0.0, 0.0, 0.0, 0.5, 1.0, 0.25, 0.0, 0.0, 0.0, 0.0, 0.0, 0.0, 0.0, 0.0, 0.0, 1.0, 1.0, 0.5, 0.0, 0.0, 0.0, 0.0, 0.0, 0.0, 0.0, 0.0, 0.0, 1.0, 0.0, 0.75, 0.0, 0.0, 0.0, 0.0, 0.0, 0.0, 0.0, 0.0, 0.0, 0.75, 0.5, 1.0, 0.0, 0.0, 0.0, 0.0, 0.0, 0.0, 0.0, 0.0, 0.0, 0.25, 1.0, 1.0, 0.0, 0.0, 0.0, 0.0, 0.0, 0.0, 0.0, 0.0, 0.0, -0.20000000298023224, 0.0, 0.9530477523803711]
  当前输入噪声缩放因子（curr_input_noise_scaling_factor）: 24
  当前wq噪声缩放因子（curr_wq_noise_scaling_factor）: 20
  当前wk噪声缩放因子（curr_wk_noise_scaling_factor）: 16
  当前wv噪声缩放因子（curr_wv_noise_scaling_factor）: 16
  当前wo噪声缩放因子（curr_wo_noise_scaling_factor）: 18
  当前wffn1噪声缩放因子（curr_wffn1_noise_scaling_factor）: 24
  当前wffn2噪声缩放因子（curr_wffn2_noise_scaling_factor）: 14
  输入x概率分布（x_prob_dist）: [0.22680781781673431, 0.4027394950389862, 0.19172625243663788, 0.1088971197605133, 0.0698292925953865]
  wq概率分布（wq_prob_dist）: [0.2622329294681549, 0.3265906572341919, 0.22094951570034027, 0.11011219769716263, 0.0801146849989891]
  wk概率分布（wk_prob_dist）: [0.37833139300346375, 0.28080251812934875, 0.15003874897956848, 0.11341314762830734, 0.07741419225931168]
  wv概率分布（wv_prob_dist）: [0.09637581557035446, 0.4068796932697296, 0.2853199243545532, 0.11249733716249466, 0.09892717003822327]
  wo概率分布（wo_prob_dist）: [0.21450278162956238, 0.3666946589946747, 0.1869627982378006, 0.12575677037239075, 0.1060829907655716]
  wffn1概率分布（wffn1_prob_dist）: [0.40433698892593384, 0.24814759194850922, 0.16177056729793549, 0.11778043210506439, 0.06796438246965408]
  wffn2概率分布（wffn2_prob_dist）: [0.23746173083782196, 0.3939710557460785, 0.17767208814620972, 0.11878018826246262, 0.07211488485336304]
  评论家值（critic_value）: 1.1186472177505493
  累计成本（accumulated_cost）: 12.750000000000002
  输入噪声配置（input_noise_config）: [26, 26, 24, 24]
  wq噪声配置（wq_noise_config）: [16, 18, 16, 20]
  wk噪声配置（wk_noise_config）: [18, 14, 20, 16]
  wv噪声配置（wv_noise_config）: [14, 14, 18, 16]
  wo噪声配置（wo_noise_config）: [14, 22, 16, 18]
  wffn1噪声配置（wffn1_noise_config）: [18, 20, 16, 24]
  wffn2噪声配置（wffn2_noise_config）: [20, 14, 14, 14]
  当前学习率（current_lr）: 0.000020
  当前熵系数（current_entropy_coef）: 0.023321
  步奖励（step_reward）: 0.004878048780487802
  稠密奖励步（dense_reward_step）: 0.004878048780487802
  累计稠密奖励（accumulated_dense_reward）: 0.022256097560975595
  稳定性惩罚（stability_penalty）: 0.0

  全局步数（step_global）: 98008
  回合编号（episode_id）: 8167
  层索引（layer_index）: 4
  状态向量（state_vector）: [0.0, 0.0, 0.0, 0.0, 1.0, 0.0, 0.0, 0.0, 0.0, 0.0, 0.0, 0.0, -0.0625, 0.75, 0.25, 0.75, 0.75, 0.5, 0.0, 1.0, 0.22256097197532654, 0.3333333432674408, 0.5, 0.5, 0.75, 0.75, 0.0, 0.0, 0.0, 0.0, 0.0, 0.0, 0.0, 0.0, 0.75, 0.5, 0.75, 0.25, 0.0, 0.0, 0.0, 0.0, 0.0, 0.0, 0.0, 0.0, 0.5, 1.0, 0.25, 0.75, 0.0, 0.0, 0.0, 0.0, 0.0, 0.0, 0.0, 0.0, 1.0, 1.0, 0.5, 0.75, 0.0, 0.0, 0.0, 0.0, 0.0, 0.0, 0.0, 0.0, 1.0, 0.0, 0.75, 0.5, 0.0, 0.0, 0.0, 0.0, 0.0, 0.0, 0.0, 0.0, 0.75, 0.5, 1.0, 0.0, 0.0, 0.0, 0.0, 0.0, 0.0, 0.0, 0.0, 0.0, 0.25, 1.0, 1.0, 1.0, 0.0, 0.0, 0.0, 0.0, 0.0, 0.0, 0.0, 0.0, -0.20000000298023224, 0.0, 0.9530477523803711]
  当前输入噪声缩放因子（curr_input_noise_scaling_factor）: 24
  当前wq噪声缩放因子（curr_wq_noise_scaling_factor）: 14
  当前wk噪声缩放因子（curr_wk_noise_scaling_factor）: 18
  当前wv噪声缩放因子（curr_wv_noise_scaling_factor）: 22
  当前wo噪声缩放因子（curr_wo_noise_scaling_factor）: 22
  当前wffn1噪声缩放因子（curr_wffn1_noise_scaling_factor）: 22
  当前wffn2噪声缩放因子（curr_wffn2_noise_scaling_factor）: 16
  输入x概率分布（x_prob_dist）: [0.22680655121803284, 0.40264463424682617, 0.19174332916736603, 0.1089351624250412, 0.06987027823925018]
  wq概率分布（wq_prob_dist）: [0.2622039020061493, 0.3265434801578522, 0.2209508717060089, 0.11015301942825317, 0.08014868944883347]
  wk概率分布（wk_prob_dist）: [0.3782649040222168, 0.2807772159576416, 0.1500631868839264, 0.11344544589519501, 0.0774492621421814]
  wv概率分布（wv_prob_dist）: [0.0964163988828659, 0.40677428245544434, 0.28530457615852356, 0.11253806203603745, 0.09896674752235413]
  wo概率分布（wo_prob_dist）: [0.2145078480243683, 0.36661842465400696, 0.18696916103363037, 0.12578698992729187, 0.1061175987124443]
  wffn1概率分布（wffn1_prob_dist）: [0.4042363166809082, 0.24814172089099884, 0.16179731488227844, 0.11781886965036392, 0.0680057480931282]
  wffn2概率分布（wffn2_prob_dist）: [0.23746849596500397, 0.3938712179660797, 0.17768502235412598, 0.11882191896438599, 0.07215332239866257]
  评论家值（critic_value）: 1.1244843006134033
  累计成本（accumulated_cost）: 16.200000000000003
  输入噪声配置（input_noise_config）: [26, 26, 24, 24, 24]
  wq噪声配置（wq_noise_config）: [16, 18, 16, 20, 14]
  wk噪声配置（wk_noise_config）: [18, 14, 20, 16, 18]
  wv噪声配置（wv_noise_config）: [14, 14, 18, 16, 22]
  wo噪声配置（wo_noise_config）: [14, 22, 16, 18, 22]
  wffn1噪声配置（wffn1_noise_config）: [18, 20, 16, 24, 22]
  wffn2噪声配置（wffn2_noise_config）: [20, 14, 14, 14, 16]
  当前学习率（current_lr）: 0.000020
  当前熵系数（current_entropy_coef）: 0.023321
  步奖励（step_reward）: 0.0039634146341463415
  稠密奖励步（dense_reward_step）: 0.0039634146341463415
  累计稠密奖励（accumulated_dense_reward）: 0.026219512195121936
  稳定性惩罚（stability_penalty）: 0.0

  全局步数（step_global）: 98009
  回合编号（episode_id）: 8167
  层索引（layer_index）: 5
  状态向量（state_vector）: [0.0, 0.0, 0.0, 0.0, 0.0, 1.0, 0.0, 0.0, 0.0, 0.0, 0.0, 0.0, -0.0470588244497776, 0.75, 1.0, 0.5, 0.0, 0.0, 0.25, 0.75, 0.20975609123706818, 0.4166666567325592, 0.5, 0.5, 0.75, 0.75, 0.75, 0.0, 0.0, 0.0, 0.0, 0.0, 0.0, 0.0, 0.75, 0.5, 0.75, 0.25, 1.0, 0.0, 0.0, 0.0, 0.0, 0.0, 0.0, 0.0, 0.5, 1.0, 0.25, 0.75, 0.5, 0.0, 0.0, 0.0, 0.0, 0.0, 0.0, 0.0, 1.0, 1.0, 0.5, 0.75, 0.0, 0.0, 0.0, 0.0, 0.0, 0.0, 0.0, 0.0, 1.0, 0.0, 0.75, 0.5, 0.0, 0.0, 0.0, 0.0, 0.0, 0.0, 0.0, 0.0, 0.75, 0.5, 1.0, 0.0, 0.25, 0.0, 0.0, 0.0, 0.0, 0.0, 0.0, 0.0, 0.25, 1.0, 1.0, 1.0, 0.75, 0.0, 0.0, 0.0, 0.0, 0.0, 0.0, 0.0, -0.20000000298023224, 0.0, 0.9530477523803711]
  当前输入噪声缩放因子（curr_input_noise_scaling_factor）: 24
  当前wq噪声缩放因子（curr_wq_noise_scaling_factor）: 14
  当前wk噪声缩放因子（curr_wk_noise_scaling_factor）: 14
  当前wv噪声缩放因子（curr_wv_noise_scaling_factor）: 16
  当前wo噪声缩放因子（curr_wo_noise_scaling_factor）: 16
  当前wffn1噪声缩放因子（curr_wffn1_noise_scaling_factor）: 18
  当前wffn2噪声缩放因子（curr_wffn2_noise_scaling_factor）: 20
  输入x概率分布（x_prob_dist）: [0.22680266201496124, 0.40268513560295105, 0.1917422115802765, 0.1089182049036026, 0.0698518231511116]
  wq概率分布（wq_prob_dist）: [0.26222842931747437, 0.3265666663646698, 0.22094370424747467, 0.1101287230849266, 0.08013250678777695]
  wk概率分布（wk_prob_dist）: [0.37827691435813904, 0.2807903289794922, 0.15006166696548462, 0.11343467980623245, 0.07743645459413528]
  wv概率分布（wv_prob_dist）: [0.09639613330364227, 0.4068242907524109, 0.28530219197273254, 0.11252503097057343, 0.09895234555006027]
  wo概率分布（wo_prob_dist）: [0.21449297666549683, 0.3666526675224304, 0.1869712769985199, 0.12577910721302032, 0.1061040461063385]
  wffn1概率分布（wffn1_prob_dist）: [0.4042891561985016, 0.24813489615917206, 0.16178296506404877, 0.11780786514282227, 0.06798512488603592]
  wffn2概率分布（wffn2_prob_dist）: [0.2374596744775772, 0.3939070403575897, 0.17768673598766327, 0.11880877614021301, 0.0721377581357956]
  评论家值（critic_value）: 1.134328842163086
  累计成本（accumulated_cost）: 19.250000000000004
  输入噪声配置（input_noise_config）: [26, 26, 24, 24, 24, 24]
  wq噪声配置（wq_noise_config）: [16, 18, 16, 20, 14, 14]
  wk噪声配置（wk_noise_config）: [18, 14, 20, 16, 18, 14]
  wv噪声配置（wv_noise_config）: [14, 14, 18, 16, 22, 16]
  wo噪声配置（wo_noise_config）: [14, 22, 16, 18, 22, 16]
  wffn1噪声配置（wffn1_noise_config）: [18, 20, 16, 24, 22, 18]
  wffn2噪声配置（wffn2_noise_config）: [20, 14, 14, 14, 16, 20]
  当前学习率（current_lr）: 0.000020
  当前熵系数（current_entropy_coef）: 0.023321
  步奖励（step_reward）: 0.006402439024390242
  稠密奖励步（dense_reward_step）: 0.006402439024390242
  累计稠密奖励（accumulated_dense_reward）: 0.032621951219512176
  稳定性惩罚（stability_penalty）: 0.0

  全局步数（step_global）: 98010
  回合编号（episode_id）: 8167
  层索引（layer_index）: 6
  状态向量（state_vector）: [0.0, 0.0, 0.0, 0.0, 0.0, 0.0, 1.0, 0.0, 0.0, 0.0, 0.0, 0.0, -0.05637254938483238, 0.75, 1.0, 1.0, 0.75, 0.75, 0.75, 0.25, 0.2174796760082245, 0.5, 0.5, 0.5, 0.75, 0.75, 0.75, 0.75, 0.0, 0.0, 0.0, 0.0, 0.0, 0.0, 0.75, 0.5, 0.75, 0.25, 1.0, 1.0, 0.0, 0.0, 0.0, 0.0, 0.0, 0.0, 0.5, 1.0, 0.25, 0.75, 0.5, 1.0, 0.0, 0.0, 0.0, 0.0, 0.0, 0.0, 1.0, 1.0, 0.5, 0.75, 0.0, 0.75, 0.0, 0.0, 0.0, 0.0, 0.0, 0.0, 1.0, 0.0, 0.75, 0.5, 0.0, 0.75, 0.0, 0.0, 0.0, 0.0, 0.0, 0.0, 0.75, 0.5, 1.0, 0.0, 0.25, 0.75, 0.0, 0.0, 0.0, 0.0, 0.0, 0.0, 0.25, 1.0, 1.0, 1.0, 0.75, 0.25, 0.0, 0.0, 0.0, 0.0, 0.0, 0.0, -0.20000000298023224, 0.0, 0.9530477523803711]
  当前输入噪声缩放因子（curr_input_noise_scaling_factor）: 24
  当前wq噪声缩放因子（curr_wq_noise_scaling_factor）: 16
  当前wk噪声缩放因子（curr_wk_noise_scaling_factor）: 14
  当前wv噪声缩放因子（curr_wv_noise_scaling_factor）: 14
  当前wo噪声缩放因子（curr_wo_noise_scaling_factor）: 22
  当前wffn1噪声缩放因子（curr_wffn1_noise_scaling_factor）: 16
  当前wffn2噪声缩放因子（curr_wffn2_noise_scaling_factor）: 14
  输入x概率分布（x_prob_dist）: [0.2268177717924118, 0.40269023180007935, 0.19173367321491241, 0.10891284048557281, 0.06984551250934601]
  wq概率分布（wq_prob_dist）: [0.26222267746925354, 0.3265760838985443, 0.22094234824180603, 0.11012893170118332, 0.08013004809617996]
  wk概率分布（wk_prob_dist）: [0.3783172369003296, 0.28077974915504456, 0.15005028247833252, 0.11342300474643707, 0.07742977887392044]
  wv概率分布（wv_prob_dist）: [0.09639312326908112, 0.4068247675895691, 0.285322904586792, 0.11251641064882278, 0.09894277155399323]
  wo概率分布（wo_prob_dist）: [0.21450352668762207, 0.3666693866252899, 0.18695716559886932, 0.1257701814174652, 0.1060996875166893]
  wffn1概率分布（wffn1_prob_dist）: [0.40431270003318787, 0.24812307953834534, 0.1617773324251175, 0.11780053377151489, 0.06798636168241501]
  wffn2概率分布（wffn2_prob_dist）: [0.23746736347675323, 0.3939107358455658, 0.1776891052722931, 0.11880137026309967, 0.07213142514228821]
  评论家值（critic_value）: 1.1336469650268555
  累计成本（accumulated_cost）: 22.250000000000004
  输入噪声配置（input_noise_config）: [26, 26, 24, 24, 24, 24, 24]
  wq噪声配置（wq_noise_config）: [16, 18, 16, 20, 14, 14, 16]
  wk噪声配置（wk_noise_config）: [18, 14, 20, 16, 18, 14, 14]
  wv噪声配置（wv_noise_config）: [14, 14, 18, 16, 22, 16, 14]
  wo噪声配置（wo_noise_config）: [14, 22, 16, 18, 22, 16, 22]
  wffn1噪声配置（wffn1_noise_config）: [18, 20, 16, 24, 22, 18, 16]
  wffn2噪声配置（wffn2_noise_config）: [20, 14, 14, 14, 16, 20, 14]
  当前学习率（current_lr）: 0.000020
  当前熵系数（current_entropy_coef）: 0.023321
  步奖励（step_reward）: 0.006707317073170731
  稠密奖励步（dense_reward_step）: 0.006707317073170731
  累计稠密奖励（accumulated_dense_reward）: 0.039329268292682906
  稳定性惩罚（stability_penalty）: 0.0

  全局步数（step_global）: 98011
  回合编号（episode_id）: 8167
  层索引（layer_index）: 7
  状态向量（state_vector）: [0.0, 0.0, 0.0, 0.0, 0.0, 0.0, 0.0, 1.0, 0.0, 0.0, 0.0, 0.0, -0.06512605398893356, 0.75, 0.75, 1.0, 1.0, 0.0, 1.0, 1.0, 0.22473867237567902, 0.5833333134651184, 0.5, 0.5, 0.75, 0.75, 0.75, 0.75, 0.75, 0.0, 0.0, 0.0, 0.0, 0.0, 0.75, 0.5, 0.75, 0.25, 1.0, 1.0, 0.75, 0.0, 0.0, 0.0, 0.0, 0.0, 0.5, 1.0, 0.25, 0.75, 0.5, 1.0, 1.0, 0.0, 0.0, 0.0, 0.0, 0.0, 1.0, 1.0, 0.5, 0.75, 0.0, 0.75, 1.0, 0.0, 0.0, 0.0, 0.0, 0.0, 1.0, 0.0, 0.75, 0.5, 0.0, 0.75, 0.0, 0.0, 0.0, 0.0, 0.0, 0.0, 0.75, 0.5, 1.0, 0.0, 0.25, 0.75, 1.0, 0.0, 0.0, 0.0, 0.0, 0.0, 0.25, 1.0, 1.0, 1.0, 0.75, 0.25, 1.0, 0.0, 0.0, 0.0, 0.0, 0.0, -0.20000000298023224, 0.0, 0.9530477523803711]
  当前输入噪声缩放因子（curr_input_noise_scaling_factor）: 22
  当前wq噪声缩放因子（curr_wq_noise_scaling_factor）: 16
  当前wk噪声缩放因子（curr_wk_noise_scaling_factor）: 18
  当前wv噪声缩放因子（curr_wv_noise_scaling_factor）: 16
  当前wo噪声缩放因子（curr_wo_noise_scaling_factor）: 16
  当前wffn1噪声缩放因子（curr_wffn1_noise_scaling_factor）: 20
  当前wffn2噪声缩放因子（curr_wffn2_noise_scaling_factor）: 18
  输入x概率分布（x_prob_dist）: [0.22681187093257904, 0.4027015268802643, 0.1917322725057602, 0.10891184210777283, 0.06984247267246246]
  wq概率分布（wq_prob_dist）: [0.26222655177116394, 0.32657870650291443, 0.22094246745109558, 0.11012718826532364, 0.08012508600950241]
  wk概率分布（wk_prob_dist）: [0.3783160150051117, 0.2807822823524475, 0.15005362033843994, 0.11342240869998932, 0.07742568105459213]
  wv概率分布（wv_prob_dist）: [0.09639041125774384, 0.4068331718444824, 0.2853274941444397, 0.1125100627541542, 0.09893884509801865]
  wo概率分布（wo_prob_dist）: [0.21450459957122803, 0.3666784465312958, 0.18695655465126038, 0.12576797604560852, 0.10609239339828491]
  wffn1概率分布（wffn1_prob_dist）: [0.4043061137199402, 0.2481459081172943, 0.16177643835544586, 0.11779146641492844, 0.06797998398542404]
  wffn2概率分布（wffn2_prob_dist）: [0.23747007548809052, 0.3939207196235657, 0.17768551409244537, 0.11879422515630722, 0.07212940603494644]
  评论家值（critic_value）: 1.1397936344146729
  累计成本（accumulated_cost）: 25.400000000000006
  输入噪声配置（input_noise_config）: [26, 26, 24, 24, 24, 24, 24, 22]
  wq噪声配置（wq_noise_config）: [16, 18, 16, 20, 14, 14, 16, 16]
  wk噪声配置（wk_noise_config）: [18, 14, 20, 16, 18, 14, 14, 18]
  wv噪声配置（wv_noise_config）: [14, 14, 18, 16, 22, 16, 14, 16]
  wo噪声配置（wo_noise_config）: [14, 22, 16, 18, 22, 16, 22, 16]
  wffn1噪声配置（wffn1_noise_config）: [18, 20, 16, 24, 22, 18, 16, 20]
  wffn2噪声配置（wffn2_noise_config）: [20, 14, 14, 14, 16, 20, 14, 18]
  当前学习率（current_lr）: 0.000020
  当前熵系数（current_entropy_coef）: 0.023321
  步奖励（step_reward）: 0.005792682926829265
  稠密奖励步（dense_reward_step）: 0.005792682926829265
  累计稠密奖励（accumulated_dense_reward）: 0.04512195121951217
  稳定性惩罚（stability_penalty）: 0.0

  全局步数（step_global）: 98012
  回合编号（episode_id）: 8167
  层索引（layer_index）: 8
  状态向量（state_vector）: [0.0, 0.0, 0.0, 0.0, 0.0, 0.0, 0.0, 0.0, 1.0, 0.0, 0.0, 0.0, -0.06617647409439087, 1.0, 0.75, 0.5, 0.75, 0.75, 0.5, 0.5, 0.22560974955558777, 0.6666666865348816, 0.5, 0.5, 0.75, 0.75, 0.75, 0.75, 0.75, 1.0, 0.0, 0.0, 0.0, 0.0, 0.75, 0.5, 0.75, 0.25, 1.0, 1.0, 0.75, 0.75, 0.0, 0.0, 0.0, 0.0, 0.5, 1.0, 0.25, 0.75, 0.5, 1.0, 1.0, 0.5, 0.0, 0.0, 0.0, 0.0, 1.0, 1.0, 0.5, 0.75, 0.0, 0.75, 1.0, 0.75, 0.0, 0.0, 0.0, 0.0, 1.0, 0.0, 0.75, 0.5, 0.0, 0.75, 0.0, 0.75, 0.0, 0.0, 0.0, 0.0, 0.75, 0.5, 1.0, 0.0, 0.25, 0.75, 1.0, 0.5, 0.0, 0.0, 0.0, 0.0, 0.25, 1.0, 1.0, 1.0, 0.75, 0.25, 1.0, 0.5, 0.0, 0.0, 0.0, 0.0, -0.20000000298023224, 0.0, 0.9530477523803711]
  当前输入噪声缩放因子（curr_input_noise_scaling_factor）: 24
  当前wq噪声缩放因子（curr_wq_noise_scaling_factor）: 16
  当前wk噪声缩放因子（curr_wk_noise_scaling_factor）: 18
  当前wv噪声缩放因子（curr_wv_noise_scaling_factor）: 16
  当前wo噪声缩放因子（curr_wo_noise_scaling_factor）: 14
  当前wffn1噪声缩放因子（curr_wffn1_noise_scaling_factor）: 20
  当前wffn2噪声缩放因子（curr_wffn2_noise_scaling_factor）: 14
  输入x概率分布（x_prob_dist）: [0.22679798305034637, 0.402604341506958, 0.19174593687057495, 0.10895753651857376, 0.06989417225122452]
  wq概率分布（wq_prob_dist）: [0.26216527819633484, 0.32649099826812744, 0.22098855674266815, 0.11018534004688263, 0.08016980439424515]
  wk概率分布（wk_prob_dist）: [0.3781818747520447, 0.2807754576206207, 0.1500747948884964, 0.11348419636487961, 0.0774836465716362]
  wv概率分布（wv_prob_dist）: [0.09642956405878067, 0.4067227840423584, 0.28529298305511475, 0.112566277384758, 0.09898833930492401]
  wo概率分布（wo_prob_dist）: [0.21450938284397125, 0.36650946736335754, 0.18703868985176086, 0.12579108774662018, 0.10615138709545135]
  wffn1概率分布（wffn1_prob_dist）: [0.404167115688324, 0.2481706142425537, 0.16182143986225128, 0.11782920360565186, 0.06801162660121918]
  wffn2概率分布（wffn2_prob_dist）: [0.2374802976846695, 0.3938443064689636, 0.17767956852912903, 0.11882662773132324, 0.07216917723417282]
  评论家值（critic_value）: 1.1467458009719849
  累计成本（accumulated_cost）: 28.450000000000006
  输入噪声配置（input_noise_config）: [26, 26, 24, 24, 24, 24, 24, 22, 24]
  wq噪声配置（wq_noise_config）: [16, 18, 16, 20, 14, 14, 16, 16, 16]
  wk噪声配置（wk_noise_config）: [18, 14, 20, 16, 18, 14, 14, 18, 18]
  wv噪声配置（wv_noise_config）: [14, 14, 18, 16, 22, 16, 14, 16, 16]
  wo噪声配置（wo_noise_config）: [14, 22, 16, 18, 22, 16, 22, 16, 14]
  wffn1噪声配置（wffn1_noise_config）: [18, 20, 16, 24, 22, 18, 16, 20, 20]
  wffn2噪声配置（wffn2_noise_config）: [20, 14, 14, 14, 16, 20, 14, 18, 14]
  当前学习率（current_lr）: 0.000020
  当前熵系数（current_entropy_coef）: 0.023321
  步奖励（step_reward）: 0.006402439024390242
  稠密奖励步（dense_reward_step）: 0.006402439024390242
  累计稠密奖励（accumulated_dense_reward）: 0.051524390243902415
  稳定性惩罚（stability_penalty）: 0.0

  全局步数（step_global）: 98013
  回合编号（episode_id）: 8167
  层索引（layer_index）: 9
  状态向量（state_vector）: [0.0, 0.0, 0.0, 0.0, 0.0, 0.0, 0.0, 0.0, 0.0, 1.0, 0.0, 0.0, -0.07026144117116928, 0.75, 0.75, 0.5, 0.75, 1.0, 0.5, 1.0, 0.22899729013442993, 0.75, 0.5, 0.5, 0.75, 0.75, 0.75, 0.75, 0.75, 1.0, 0.75, 0.0, 0.0, 0.0, 0.75, 0.5, 0.75, 0.25, 1.0, 1.0, 0.75, 0.75, 0.75, 0.0, 0.0, 0.0, 0.5, 1.0, 0.25, 0.75, 0.5, 1.0, 1.0, 0.5, 0.5, 0.0, 0.0, 0.0, 1.0, 1.0, 0.5, 0.75, 0.0, 0.75, 1.0, 0.75, 0.75, 0.0, 0.0, 0.0, 1.0, 0.0, 0.75, 0.5, 0.0, 0.75, 0.0, 0.75, 1.0, 0.0, 0.0, 0.0, 0.75, 0.5, 1.0, 0.0, 0.25, 0.75, 1.0, 0.5, 0.5, 0.0, 0.0, 0.0, 0.25, 1.0, 1.0, 1.0, 0.75, 0.25, 1.0, 0.5, 1.0, 0.0, 0.0, 0.0, -0.20000000298023224, 0.0, 0.9530477523803711]
  当前输入噪声缩放因子（curr_input_noise_scaling_factor）: 22
  当前wq噪声缩放因子（curr_wq_noise_scaling_factor）: 16
  当前wk噪声缩放因子（curr_wk_noise_scaling_factor）: 16
  当前wv噪声缩放因子（curr_wv_noise_scaling_factor）: 16
  当前wo噪声缩放因子（curr_wo_noise_scaling_factor）: 18
  当前wffn1噪声缩放因子（curr_wffn1_noise_scaling_factor）: 22
  当前wffn2噪声缩放因子（curr_wffn2_noise_scaling_factor）: 14
  输入x概率分布（x_prob_dist）: [0.22680559754371643, 0.4026916027069092, 0.19174154102802277, 0.10891223698854446, 0.06984899938106537]
  wq概率分布（wq_prob_dist）: [0.262227326631546, 0.32656219601631165, 0.22094106674194336, 0.1101381853222847, 0.08013127744197845]
  wk概率分布（wk_prob_dist）: [0.37830042839050293, 0.2807827591896057, 0.15004771947860718, 0.11343494802713394, 0.07743414491415024]
  wv概率分布（wv_prob_dist）: [0.09639186412096024, 0.4068164825439453, 0.28531792759895325, 0.1125267744064331, 0.09894699603319168]
  wo概率分布（wo_prob_dist）: [0.214499831199646, 0.36662814021110535, 0.1869906187057495, 0.12576758861541748, 0.10611384361982346]
  wffn1概率分布（wffn1_prob_dist）: [0.4043159484863281, 0.24811787903308868, 0.1617778241634369, 0.1178055852651596, 0.06798280775547028]
  wffn2概率分布（wffn2_prob_dist）: [0.23746727406978607, 0.39389941096305847, 0.17769299447536469, 0.11880545318126678, 0.07213485985994339]
  评论家值（critic_value）: 1.1522618532180786
  累计成本（accumulated_cost）: 31.550000000000008
  输入噪声配置（input_noise_config）: [26, 26, 24, 24, 24, 24, 24, 22, 24, 22]
  wq噪声配置（wq_noise_config）: [16, 18, 16, 20, 14, 14, 16, 16, 16, 16]
  wk噪声配置（wk_noise_config）: [18, 14, 20, 16, 18, 14, 14, 18, 18, 16]
  wv噪声配置（wv_noise_config）: [14, 14, 18, 16, 22, 16, 14, 16, 16, 16]
  wo噪声配置（wo_noise_config）: [14, 22, 16, 18, 22, 16, 22, 16, 14, 18]
  wffn1噪声配置（wffn1_noise_config）: [18, 20, 16, 24, 22, 18, 16, 20, 20, 22]
  wffn2噪声配置（wffn2_noise_config）: [20, 14, 14, 14, 16, 20, 14, 18, 14, 14]
  当前学习率（current_lr）: 0.000020
  当前熵系数（current_entropy_coef）: 0.023321
  步奖励（step_reward）: 0.006097560975609755
  稠密奖励步（dense_reward_step）: 0.006097560975609755
  累计稠密奖励（accumulated_dense_reward）: 0.05762195121951217
  稳定性惩罚（stability_penalty）: 0.0

  全局步数（step_global）: 98014
  回合编号（episode_id）: 8167
  层索引（layer_index）: 10
  状态向量（state_vector）: [0.0, 0.0, 0.0, 0.0, 0.0, 0.0, 0.0, 0.0, 0.0, 0.0, 1.0, 0.0, -0.07205882668495178, 1.0, 0.75, 0.75, 0.75, 0.5, 0.25, 1.0, 0.23048780858516693, 0.8333333134651184, 0.5, 0.5, 0.75, 0.75, 0.75, 0.75, 0.75, 1.0, 0.75, 1.0, 0.0, 0.0, 0.75, 0.5, 0.75, 0.25, 1.0, 1.0, 0.75, 0.75, 0.75, 0.75, 0.0, 0.0, 0.5, 1.0, 0.25, 0.75, 0.5, 1.0, 1.0, 0.5, 0.5, 0.75, 0.0, 0.0, 1.0, 1.0, 0.5, 0.75, 0.0, 0.75, 1.0, 0.75, 0.75, 0.75, 0.0, 0.0, 1.0, 0.0, 0.75, 0.5, 0.0, 0.75, 0.0, 0.75, 1.0, 0.5, 0.0, 0.0, 0.75, 0.5, 1.0, 0.0, 0.25, 0.75, 1.0, 0.5, 0.5, 0.25, 0.0, 0.0, 0.25, 1.0, 1.0, 1.0, 0.75, 0.25, 1.0, 0.5, 1.0, 1.0, 0.0, 0.0, -0.20000000298023224, 0.0, 0.9530477523803711]
  当前输入噪声缩放因子（curr_input_noise_scaling_factor）: 30
  当前wq噪声缩放因子（curr_wq_noise_scaling_factor）: 18
  当前wk噪声缩放因子（curr_wk_noise_scaling_factor）: 14
  当前wv噪声缩放因子（curr_wv_noise_scaling_factor）: 14
  当前wo噪声缩放因子（curr_wo_noise_scaling_factor）: 14
  当前wffn1噪声缩放因子（curr_wffn1_noise_scaling_factor）: 16
  当前wffn2噪声缩放因子（curr_wffn2_noise_scaling_factor）: 16
  输入x概率分布（x_prob_dist）: [0.22681763768196106, 0.40260350704193115, 0.191738560795784, 0.10895407944917679, 0.06988625973463058]
  wq概率分布（wq_prob_dist）: [0.2622013986110687, 0.3265029191970825, 0.22095485031604767, 0.11017105728387833, 0.08016975969076157]
  wk概率分布（wk_prob_dist）: [0.37820860743522644, 0.28075629472732544, 0.1500903069972992, 0.11347400397062302, 0.0774708017706871]
  wv概率分布（wv_prob_dist）: [0.09644009172916412, 0.406717985868454, 0.28530213236808777, 0.11255308240652084, 0.09898671507835388]
  wo概率分布（wo_prob_dist）: [0.21449600160121918, 0.36660221219062805, 0.1869705617427826, 0.1258077770471573, 0.10612339526414871]
  wffn1概率分布（wffn1_prob_dist）: [0.4041779339313507, 0.24814097583293915, 0.16182151436805725, 0.11783771961927414, 0.06802178919315338]
  wffn2概率分布（wffn2_prob_dist）: [0.23746737837791443, 0.3938295245170593, 0.17770235240459442, 0.11883585900068283, 0.07216488569974899]
  评论家值（critic_value）: 1.1547274589538574
  累计成本（accumulated_cost）: 34.60000000000001
  输入噪声配置（input_noise_config）: [26, 26, 24, 24, 24, 24, 24, 22, 24, 22, 30]
  wq噪声配置（wq_noise_config）: [16, 18, 16, 20, 14, 14, 16, 16, 16, 16, 18]
  wk噪声配置（wk_noise_config）: [18, 14, 20, 16, 18, 14, 14, 18, 18, 16, 14]
  wv噪声配置（wv_noise_config）: [14, 14, 18, 16, 22, 16, 14, 16, 16, 16, 14]
  wo噪声配置（wo_noise_config）: [14, 22, 16, 18, 22, 16, 22, 16, 14, 18, 14]
  wffn1噪声配置（wffn1_noise_config）: [18, 20, 16, 24, 22, 18, 16, 20, 20, 22, 16]
  wffn2噪声配置（wffn2_noise_config）: [20, 14, 14, 14, 16, 20, 14, 18, 14, 14, 16]
  当前学习率（current_lr）: 0.000020
  当前熵系数（current_entropy_coef）: 0.023321
  步奖励（step_reward）: 0.006402439024390244
  稠密奖励步（dense_reward_step）: 0.006402439024390244
  累计稠密奖励（accumulated_dense_reward）: 0.06402439024390241
  稳定性惩罚（stability_penalty）: 0.0

  全局步数（step_global）: 98015
  回合编号（episode_id）: 8167
  层索引（layer_index）: 11
  状态向量（state_vector）: [0.0, 0.0, 0.0, 0.0, 0.0, 0.0, 0.0, 0.0, 0.0, 0.0, 0.0, 1.0, -0.07486630976200104, 0.0, 0.5, 1.0, 1.0, 1.0, 1.0, 0.75, 0.2328159660100937, 0.9166666865348816, 0.5, 0.5, 0.75, 0.75, 0.75, 0.75, 0.75, 1.0, 0.75, 1.0, 0.0, 0.0, 0.75, 0.5, 0.75, 0.25, 1.0, 1.0, 0.75, 0.75, 0.75, 0.75, 0.5, 0.0, 0.5, 1.0, 0.25, 0.75, 0.5, 1.0, 1.0, 0.5, 0.5, 0.75, 1.0, 0.0, 1.0, 1.0, 0.5, 0.75, 0.0, 0.75, 1.0, 0.75, 0.75, 0.75, 1.0, 0.0, 1.0, 0.0, 0.75, 0.5, 0.0, 0.75, 0.0, 0.75, 1.0, 0.5, 1.0, 0.0, 0.75, 0.5, 1.0, 0.0, 0.25, 0.75, 1.0, 0.5, 0.5, 0.25, 1.0, 0.0, 0.25, 1.0, 1.0, 1.0, 0.75, 0.25, 1.0, 0.5, 1.0, 1.0, 0.75, 0.0, -0.20000000298023224, 0.0, 0.9530477523803711]
  当前输入噪声缩放因子（curr_input_noise_scaling_factor）: 24
  当前wq噪声缩放因子（curr_wq_noise_scaling_factor）: 14
  当前wk噪声缩放因子（curr_wk_noise_scaling_factor）: 14
  当前wv噪声缩放因子（curr_wv_noise_scaling_factor）: 14
  当前wo噪声缩放因子（curr_wo_noise_scaling_factor）: 18
  当前wffn1噪声缩放因子（curr_wffn1_noise_scaling_factor）: 16
  当前wffn2噪声缩放因子（curr_wffn2_noise_scaling_factor）: 14
  输入x概率分布（x_prob_dist）: [0.22681553661823273, 0.4027394950389862, 0.19172444939613342, 0.1088922992348671, 0.06982828676700592]
  wq概率分布（wq_prob_dist）: [0.2622310221195221, 0.326598584651947, 0.22093993425369263, 0.11011747270822525, 0.08011295646429062]
  wk概率分布（wk_prob_dist）: [0.37832558155059814, 0.2807932496070862, 0.1500440239906311, 0.1134197935461998, 0.07741733640432358]
  wv概率分布（wv_prob_dist）: [0.09637758880853653, 0.40686503052711487, 0.28532347083091736, 0.11250539124011993, 0.09892851859331131]
  wo概率分布（wo_prob_dist）: [0.21450726687908173, 0.36667343974113464, 0.18697138130664825, 0.12575772404670715, 0.10609020292758942]
  wffn1概率分布（wffn1_prob_dist）: [0.4043456017971039, 0.24813295900821686, 0.1617649644613266, 0.117787666618824, 0.06796883046627045]
  wffn2概率分布（wffn2_prob_dist）: [0.23746128380298615, 0.3939582407474518, 0.17768265306949615, 0.11878517270088196, 0.07211263477802277]
  评论家值（critic_value）: 1.15824556350708
  累计成本（accumulated_cost）: 37.45000000000001
  输入噪声配置（input_noise_config）: [26, 26, 24, 24, 24, 24, 24, 22, 24, 22, 30, 24]
  wq噪声配置（wq_noise_config）: [16, 18, 16, 20, 14, 14, 16, 16, 16, 16, 18, 14]
  wk噪声配置（wk_noise_config）: [18, 14, 20, 16, 18, 14, 14, 18, 18, 16, 14, 14]
  wv噪声配置（wv_noise_config）: [14, 14, 18, 16, 22, 16, 14, 16, 16, 16, 14, 14]
  wo噪声配置（wo_noise_config）: [14, 22, 16, 18, 22, 16, 22, 16, 14, 18, 14, 18]
  wffn1噪声配置（wffn1_noise_config）: [18, 20, 16, 24, 22, 18, 16, 20, 20, 22, 16, 16]
  wffn2噪声配置（wffn2_noise_config）: [20, 14, 14, 14, 16, 20, 14, 18, 14, 14, 16, 14]
  当前学习率（current_lr）: 0.000020
  当前熵系数（current_entropy_coef）: 0.023321
  蒙特卡洛采样数（mc_samples）: 5
  蒙特卡洛损失均值（mc_loss_mean）: 0.2916316092014313
  蒙特卡洛损失标准差（mc_loss_std）: 0.003573680589067466
  蒙特卡洛指标1均值（mc_metric1_mean）: 0.904561403508772
  蒙特卡洛指标1标准差（mc_metric1_std）: 0.0026257244819466335
  蒙特卡洛指标2均值（mc_metric2_mean）: 0.9030170899904453
  蒙特卡洛指标2标准差（mc_metric2_std）: 0.002511234825081427
  步奖励（step_reward）: 1.1305384142409816
  稠密奖励步（dense_reward_step）: 0.0076219512195121915
  原始最终奖励（raw_final_reward）: 1.1229164630214694
  最终选择分数（final_selection_score）: 1.1229164630214694
  累计稠密奖励（accumulated_dense_reward）: 0.0716463414634146
  稳定性代理（stability_proxy）: 0.3629433290039803
  稳定性惩罚（stability_penalty）: -0.0

--- 回合（Episode） 8169 (回合回报（EpisodeReturn）=1.2207, 原始最终奖励（RawFinalReward）=1.1479, 稠密奖励合计（DenseRewardTotal）=0.0729) ---
  全局步数（step_global）: 98016
  回合编号（episode_id）: 8168
  层索引（layer_index）: 0
  状态向量（state_vector）: [1.0, 0.0, 0.0, 0.0, 0.0, 0.0, 0.0, 0.0, 0.0, 0.0, 0.0, 0.0, 0.0, 0.0, 0.0, 0.0, 0.0, 0.0, 0.0, 0.0, 0.0, 0.0, 0.0, 0.0, 0.0, 0.0, 0.0, 0.0, 0.0, 0.0, 0.0, 0.0, 0.0, 0.0, 0.0, 0.0, 0.0, 0.0, 0.0, 0.0, 0.0, 0.0, 0.0, 0.0, 0.0, 0.0, 0.0, 0.0, 0.0, 0.0, 0.0, 0.0, 0.0, 0.0, 0.0, 0.0, 0.0, 0.0, 0.0, 0.0, 0.0, 0.0, 0.0, 0.0, 0.0, 0.0, 0.0, 0.0, 0.0, 0.0, 0.0, 0.0, 0.0, 0.0, 0.0, 0.0, 0.0, 0.0, 0.0, 0.0, 0.0, 0.0, 0.0, 0.0, 0.0, 0.0, 0.0, 0.0, 0.0, 0.0, 0.0, 0.0, 0.0, 0.0, 0.0, 0.0, 0.0, 0.0, 0.0, 0.0, 0.0, 0.0, 0.0, 0.0, 0.0, 0.0, -0.20000000298023224, 0.0, 0.9003174304962158]
  当前输入噪声缩放因子（curr_input_noise_scaling_factor）: 24
  当前wq噪声缩放因子（curr_wq_noise_scaling_factor）: 18
  当前wk噪声缩放因子（curr_wk_noise_scaling_factor）: 14
  当前wv噪声缩放因子（curr_wv_noise_scaling_factor）: 16
  当前wo噪声缩放因子（curr_wo_noise_scaling_factor）: 14
  当前wffn1噪声缩放因子（curr_wffn1_noise_scaling_factor）: 22
  当前wffn2噪声缩放因子（curr_wffn2_noise_scaling_factor）: 14
  输入x概率分布（x_prob_dist）: [0.22704589366912842, 0.40135523676872253, 0.1919226497411728, 0.10933927446603775, 0.07033693045377731]
  wq概率分布（wq_prob_dist）: [0.26187270879745483, 0.3260069787502289, 0.2209089994430542, 0.11061902344226837, 0.08059228956699371]
  wk概率分布（wk_prob_dist）: [0.3776032030582428, 0.2802402973175049, 0.15045565366744995, 0.11383484303951263, 0.07786598056554794]
  wv概率分布（wv_prob_dist）: [0.09697926044464111, 0.40533414483070374, 0.2852073609828949, 0.11300845444202423, 0.09947074949741364]
  wo概率分布（wo_prob_dist）: [0.2145228236913681, 0.3657369315624237, 0.18708936870098114, 0.126135915517807, 0.10651498287916183]
  wffn1概率分布（wffn1_prob_dist）: [0.40312284231185913, 0.24797119200229645, 0.1621125340461731, 0.11832020431756973, 0.06847324222326279]
  wffn2概率分布（wffn2_prob_dist）: [0.23753608763217926, 0.39253976941108704, 0.17799623310565948, 0.11929839849472046, 0.07262949645519257]
  评论家值（critic_value）: 1.1065599918365479
  累计成本（accumulated_cost）: 3.0500000000000003
  输入噪声配置（input_noise_config）: [24]
  wq噪声配置（wq_noise_config）: [18]
  wk噪声配置（wk_noise_config）: [14]
  wv噪声配置（wv_noise_config）: [16]
  wo噪声配置（wo_noise_config）: [14]
  wffn1噪声配置（wffn1_noise_config）: [22]
  wffn2噪声配置（wffn2_noise_config）: [14]
  当前学习率（current_lr）: 0.000020
  当前熵系数（current_entropy_coef）: 0.023318
  步奖励（step_reward）: 0.006402439024390242
  稠密奖励步（dense_reward_step）: 0.006402439024390242
  累计稠密奖励（accumulated_dense_reward）: 0.006402439024390242
  稳定性惩罚（stability_penalty）: 0.0

  全局步数（step_global）: 98017
  回合编号（episode_id）: 8168
  层索引（layer_index）: 1
  状态向量（state_vector）: [0.0, 1.0, 0.0, 0.0, 0.0, 0.0, 0.0, 0.0, 0.0, 0.0, 0.0, 0.0, -0.10294117778539658, 0.75, 0.5, 1.0, 0.75, 1.0, 0.25, 1.0, 0.25609755516052246, 0.0833333358168602, 0.75, 0.0, 0.0, 0.0, 0.0, 0.0, 0.0, 0.0, 0.0, 0.0, 0.0, 0.0, 0.5, 0.0, 0.0, 0.0, 0.0, 0.0, 0.0, 0.0, 0.0, 0.0, 0.0, 0.0, 1.0, 0.0, 0.0, 0.0, 0.0, 0.0, 0.0, 0.0, 0.0, 0.0, 0.0, 0.0, 0.75, 0.0, 0.0, 0.0, 0.0, 0.0, 0.0, 0.0, 0.0, 0.0, 0.0, 0.0, 1.0, 0.0, 0.0, 0.0, 0.0, 0.0, 0.0, 0.0, 0.0, 0.0, 0.0, 0.0, 0.25, 0.0, 0.0, 0.0, 0.0, 0.0, 0.0, 0.0, 0.0, 0.0, 0.0, 0.0, 1.0, 0.0, 0.0, 0.0, 0.0, 0.0, 0.0, 0.0, 0.0, 0.0, 0.0, 0.0, -0.20000000298023224, 0.0, 0.9003174304962158]
  当前输入噪声缩放因子（curr_input_noise_scaling_factor）: 26
  当前wq噪声缩放因子（curr_wq_noise_scaling_factor）: 16
  当前wk噪声缩放因子（curr_wk_noise_scaling_factor）: 18
  当前wv噪声缩放因子（curr_wv_noise_scaling_factor）: 16
  当前wo噪声缩放因子（curr_wo_noise_scaling_factor）: 18
  当前wffn1噪声缩放因子（curr_wffn1_noise_scaling_factor）: 18
  当前wffn2噪声缩放因子（curr_wffn2_noise_scaling_factor）: 14
  输入x概率分布（x_prob_dist）: [0.22681079804897308, 0.402577668428421, 0.19175642728805542, 0.1089610755443573, 0.06989409029483795]
  wq概率分布（wq_prob_dist）: [0.2622160315513611, 0.32651135325431824, 0.2209455519914627, 0.1101512536406517, 0.08017581701278687]
  wk概率分布（wk_prob_dist）: [0.3782009184360504, 0.2807694971561432, 0.15009576082229614, 0.11346395313739777, 0.07746988534927368]
  wv概率分布（wv_prob_dist）: [0.09643832594156265, 0.40673157572746277, 0.28526994585990906, 0.11255954951047897, 0.09900055825710297]
  wo概率分布（wo_prob_dist）: [0.21447809040546417, 0.36660346388816833, 0.18697135150432587, 0.1258164942264557, 0.10613059997558594]
  wffn1概率分布（wffn1_prob_dist）: [0.4041794240474701, 0.2481362670660019, 0.16181892156600952, 0.11784672737121582, 0.06801874190568924]
  wffn2概率分布（wffn2_prob_dist）: [0.2374514639377594, 0.39381635189056396, 0.17770013213157654, 0.11885040998458862, 0.07218171656131744]
  评论家值（critic_value）: 1.1091768741607666
  累计成本（accumulated_cost）: 6.200000000000001
  输入噪声配置（input_noise_config）: [24, 26]
  wq噪声配置（wq_noise_config）: [18, 16]
  wk噪声配置（wk_noise_config）: [14, 18]
  wv噪声配置（wv_noise_config）: [16, 16]
  wo噪声配置（wo_noise_config）: [14, 18]
  wffn1噪声配置（wffn1_noise_config）: [22, 18]
  wffn2噪声配置（wffn2_noise_config）: [14, 14]
  当前学习率（current_lr）: 0.000020
  当前熵系数（current_entropy_coef）: 0.023318
  步奖励（step_reward）: 0.005792682926829265
  稠密奖励步（dense_reward_step）: 0.005792682926829265
  累计稠密奖励（accumulated_dense_reward）: 0.012195121951219506
  稳定性惩罚（stability_penalty）: 0.0

  全局步数（step_global）: 98018
  回合编号（episode_id）: 8168
  层索引（layer_index）: 2
  状态向量（state_vector）: [0.0, 0.0, 1.0, 0.0, 0.0, 0.0, 0.0, 0.0, 0.0, 0.0, 0.0, 0.0, -0.0882352963089943, 0.5, 0.75, 0.5, 0.75, 0.5, 0.75, 1.0, 0.24390244483947754, 0.1666666716337204, 0.75, 0.5, 0.0, 0.0, 0.0, 0.0, 0.0, 0.0, 0.0, 0.0, 0.0, 0.0, 0.5, 0.75, 0.0, 0.0, 0.0, 0.0, 0.0, 0.0, 0.0, 0.0, 0.0, 0.0, 1.0, 0.5, 0.0, 0.0, 0.0, 0.0, 0.0, 0.0, 0.0, 0.0, 0.0, 0.0, 0.75, 0.75, 0.0, 0.0, 0.0, 0.0, 0.0, 0.0, 0.0, 0.0, 0.0, 0.0, 1.0, 0.5, 0.0, 0.0, 0.0, 0.0, 0.0, 0.0, 0.0, 0.0, 0.0, 0.0, 0.25, 0.75, 0.0, 0.0, 0.0, 0.0, 0.0, 0.0, 0.0, 0.0, 0.0, 0.0, 1.0, 1.0, 0.0, 0.0, 0.0, 0.0, 0.0, 0.0, 0.0, 0.0, 0.0, 0.0, -0.20000000298023224, 0.0, 0.9003174304962158]
  当前输入噪声缩放因子（curr_input_noise_scaling_factor）: 24
  当前wq噪声缩放因子（curr_wq_noise_scaling_factor）: 16
  当前wk噪声缩放因子（curr_wk_noise_scaling_factor）: 18
  当前wv噪声缩放因子（curr_wv_noise_scaling_factor）: 16
  当前wo噪声缩放因子（curr_wo_noise_scaling_factor）: 16
  当前wffn1噪声缩放因子（curr_wffn1_noise_scaling_factor）: 16
  当前wffn2噪声缩放因子（curr_wffn2_noise_scaling_factor）: 14
  输入x概率分布（x_prob_dist）: [0.22683459520339966, 0.40240055322647095, 0.19178956747055054, 0.10902823507785797, 0.06994697451591492]
  wq概率分布（wq_prob_dist）: [0.26217567920684814, 0.3263791799545288, 0.22098331153392792, 0.11022769659757614, 0.08023416996002197]
  wk概率分布（wk_prob_dist）: [0.37800994515419006, 0.28075316548347473, 0.15013548731803894, 0.11354480683803558, 0.07755650579929352]
  wv概率分布（wv_prob_dist）: [0.09649484604597092, 0.4065936803817749, 0.28525057435035706, 0.1126185730099678, 0.0990423783659935]
  wo概率分布（wo_prob_dist）: [0.21451018750667572, 0.36641043424606323, 0.18703220784664154, 0.1258530467748642, 0.10619417577981949]
  wffn1概率分布（wffn1_prob_dist）: [0.4040197432041168, 0.24816402792930603, 0.16186033189296722, 0.11787906289100647, 0.06807680428028107]
  wffn2概率分布（wffn2_prob_dist）: [0.23745106160640717, 0.39373308420181274, 0.17772932350635529, 0.11886163800954819, 0.0722249299287796]
  评论家值（critic_value）: 1.1106067895889282
  累计成本（accumulated_cost）: 9.200000000000001
  输入噪声配置（input_noise_config）: [24, 26, 24]
  wq噪声配置（wq_noise_config）: [18, 16, 16]
  wk噪声配置（wk_noise_config）: [14, 18, 18]
  wv噪声配置（wv_noise_config）: [16, 16, 16]
  wo噪声配置（wo_noise_config）: [14, 18, 16]
  wffn1噪声配置（wffn1_noise_config）: [22, 18, 16]
  wffn2噪声配置（wffn2_noise_config）: [14, 14, 14]
  当前学习率（current_lr）: 0.000020
  当前熵系数（current_entropy_coef）: 0.023318
  步奖励（step_reward）: 0.006707317073170731
  稠密奖励步（dense_reward_step）: 0.006707317073170731
  累计稠密奖励（accumulated_dense_reward）: 0.018902439024390236
  稳定性惩罚（stability_penalty）: 0.0

  全局步数（step_global）: 98019
  回合编号（episode_id）: 8168
  层索引（layer_index）: 3
  状态向量（state_vector）: [0.0, 0.0, 0.0, 1.0, 0.0, 0.0, 0.0, 0.0, 0.0, 0.0, 0.0, 0.0, -0.09803921729326248, 0.75, 0.75, 0.5, 0.75, 0.75, 1.0, 1.0, 0.2520325183868408, 0.25, 0.75, 0.5, 0.75, 0.0, 0.0, 0.0, 0.0, 0.0, 0.0, 0.0, 0.0, 0.0, 0.5, 0.75, 0.75, 0.0, 0.0, 0.0, 0.0, 0.0, 0.0, 0.0, 0.0, 0.0, 1.0, 0.5, 0.5, 0.0, 0.0, 0.0, 0.0, 0.0, 0.0, 0.0, 0.0, 0.0, 0.75, 0.75, 0.75, 0.0, 0.0, 0.0, 0.0, 0.0, 0.0, 0.0, 0.0, 0.0, 1.0, 0.5, 0.75, 0.0, 0.0, 0.0, 0.0, 0.0, 0.0, 0.0, 0.0, 0.0, 0.25, 0.75, 1.0, 0.0, 0.0, 0.0, 0.0, 0.0, 0.0, 0.0, 0.0, 0.0, 1.0, 1.0, 1.0, 0.0, 0.0, 0.0, 0.0, 0.0, 0.0, 0.0, 0.0, 0.0, -0.20000000298023224, 0.0, 0.9003174304962158]
  当前输入噪声缩放因子（curr_input_noise_scaling_factor）: 22
  当前wq噪声缩放因子（curr_wq_noise_scaling_factor）: 18
  当前wk噪声缩放因子（curr_wk_noise_scaling_factor）: 14
  当前wv噪声缩放因子（curr_wv_noise_scaling_factor）: 16
  当前wo噪声缩放因子（curr_wo_noise_scaling_factor）: 16
  当前wffn1噪声缩放因子（curr_wffn1_noise_scaling_factor）: 16
  当前wffn2噪声缩放因子（curr_wffn2_noise_scaling_factor）: 14
  输入x概率分布（x_prob_dist）: [0.22680941224098206, 0.40265923738479614, 0.19174429774284363, 0.10892945528030396, 0.06985756754875183]
  wq概率分布（wq_prob_dist）: [0.2622261941432953, 0.3265444040298462, 0.22094662487506866, 0.11014016717672348, 0.08014261722564697]
  wk概率分布（wk_prob_dist）: [0.37825334072113037, 0.2807863652706146, 0.15006601810455322, 0.11344745755195618, 0.0774468407034874]
  wv概率分布（wv_prob_dist）: [0.09640613198280334, 0.40680718421936035, 0.2853003442287445, 0.11252772808074951, 0.09895864129066467]
  wo概率分布（wo_prob_dist）: [0.21449771523475647, 0.36664271354675293, 0.1869741976261139, 0.12578080594539642, 0.10610457509756088]
  wffn1概率分布（wffn1_prob_dist）: [0.404267817735672, 0.24813500046730042, 0.16179536283016205, 0.11780998110771179, 0.06799183040857315]
  wffn2概率分布（wffn2_prob_dist）: [0.2374584674835205, 0.39390215277671814, 0.1776888370513916, 0.11880636215209961, 0.07214409857988358]
  评论家值（critic_value）: 1.1144938468933105
  累计成本（accumulated_cost）: 12.100000000000001
  输入噪声配置（input_noise_config）: [24, 26, 24, 22]
  wq噪声配置（wq_noise_config）: [18, 16, 16, 18]
  wk噪声配置（wk_noise_config）: [14, 18, 18, 14]
  wv噪声配置（wv_noise_config）: [16, 16, 16, 16]
  wo噪声配置（wo_noise_config）: [14, 18, 16, 16]
  wffn1噪声配置（wffn1_noise_config）: [22, 18, 16, 16]
  wffn2噪声配置（wffn2_noise_config）: [14, 14, 14, 14]
  当前学习率（current_lr）: 0.000020
  当前熵系数（current_entropy_coef）: 0.023318
  步奖励（step_reward）: 0.007317073170731707
  稠密奖励步（dense_reward_step）: 0.007317073170731707
  累计稠密奖励（accumulated_dense_reward）: 0.026219512195121943
  稳定性惩罚（stability_penalty）: 0.0

  全局步数（step_global）: 98020
  回合编号（episode_id）: 8168
  层索引（layer_index）: 4
  状态向量（state_vector）: [0.0, 0.0, 0.0, 0.0, 1.0, 0.0, 0.0, 0.0, 0.0, 0.0, 0.0, 0.0, -0.11029411852359772, 1.0, 0.5, 1.0, 0.75, 0.75, 1.0, 1.0, 0.2621951103210449, 0.3333333432674408, 0.75, 0.5, 0.75, 1.0, 0.0, 0.0, 0.0, 0.0, 0.0, 0.0, 0.0, 0.0, 0.5, 0.75, 0.75, 0.5, 0.0, 0.0, 0.0, 0.0, 0.0, 0.0, 0.0, 0.0, 1.0, 0.5, 0.5, 1.0, 0.0, 0.0, 0.0, 0.0, 0.0, 0.0, 0.0, 0.0, 0.75, 0.75, 0.75, 0.75, 0.0, 0.0, 0.0, 0.0, 0.0, 0.0, 0.0, 0.0, 1.0, 0.5, 0.75, 0.75, 0.0, 0.0, 0.0, 0.0, 0.0, 0.0, 0.0, 0.0, 0.25, 0.75, 1.0, 1.0, 0.0, 0.0, 0.0, 0.0, 0.0, 0.0, 0.0, 0.0, 1.0, 1.0, 1.0, 1.0, 0.0, 0.0, 0.0, 0.0, 0.0, 0.0, 0.0, 0.0, -0.20000000298023224, 0.0, 0.9003174304962158]
  当前输入噪声缩放因子（curr_input_noise_scaling_factor）: 30
  当前wq噪声缩放因子（curr_wq_noise_scaling_factor）: 14
  当前wk噪声缩放因子（curr_wk_noise_scaling_factor）: 14
  当前wv噪声缩放因子（curr_wv_noise_scaling_factor）: 16
  当前wo噪声缩放因子（curr_wo_noise_scaling_factor）: 16
  当前wffn1噪声缩放因子（curr_wffn1_noise_scaling_factor）: 18
  当前wffn2噪声缩放因子（curr_wffn2_noise_scaling_factor）: 22
  输入x概率分布（x_prob_dist）: [0.2268138974905014, 0.4026472270488739, 0.19173847138881683, 0.10893328487873077, 0.06986713409423828]
  wq概率分布（wq_prob_dist）: [0.26219478249549866, 0.32653987407684326, 0.22096160054206848, 0.1101548820734024, 0.0801488608121872]
  wk概率分布（wk_prob_dist）: [0.37823784351348877, 0.28078213334083557, 0.15006665885448456, 0.1134561151266098, 0.07745726406574249]
  wv概率分布（wv_prob_dist）: [0.09641295671463013, 0.40678098797798157, 0.2852998375892639, 0.11254241317510605, 0.09896374493837357]
  wo概率分布（wo_prob_dist）: [0.21451570093631744, 0.36657074093818665, 0.18700720369815826, 0.12578153610229492, 0.10612479597330093]
  wffn1概率分布（wffn1_prob_dist）: [0.4042358100414276, 0.24815316498279572, 0.16179461777210236, 0.11781678348779678, 0.06799960136413574]
  wffn2概率分布（wffn2_prob_dist）: [0.2374626249074936, 0.3938918709754944, 0.17768684029579163, 0.11881259083747864, 0.07214607298374176]
  评论家值（critic_value）: 1.1224759817123413
  累计成本（accumulated_cost）: 15.350000000000001
  输入噪声配置（input_noise_config）: [24, 26, 24, 22, 30]
  wq噪声配置（wq_noise_config）: [18, 16, 16, 18, 14]
  wk噪声配置（wk_noise_config）: [14, 18, 18, 14, 14]
  wv噪声配置（wv_noise_config）: [16, 16, 16, 16, 16]
  wo噪声配置（wo_noise_config）: [14, 18, 16, 16, 16]
  wffn1噪声配置（wffn1_noise_config）: [22, 18, 16, 16, 18]
  wffn2噪声配置（wffn2_noise_config）: [14, 14, 14, 14, 22]
  当前学习率（current_lr）: 0.000020
  当前熵系数（current_entropy_coef）: 0.023318
  步奖励（step_reward）: 0.005182926829268291
  稠密奖励步（dense_reward_step）: 0.005182926829268291
  累计稠密奖励（accumulated_dense_reward）: 0.03140243902439024
  稳定性惩罚（stability_penalty）: 0.0

  全局步数（step_global）: 98021
  回合编号（episode_id）: 8168
  层索引（layer_index）: 5
  状态向量（state_vector）: [0.0, 0.0, 0.0, 0.0, 0.0, 1.0, 0.0, 0.0, 0.0, 0.0, 0.0, 0.0, -0.09705882519483566, 0.0, 1.0, 1.0, 0.75, 0.75, 0.75, 0.0, 0.2512195110321045, 0.4166666567325592, 0.75, 0.5, 0.75, 1.0, 0.0, 0.0, 0.0, 0.0, 0.0, 0.0, 0.0, 0.0, 0.5, 0.75, 0.75, 0.5, 1.0, 0.0, 0.0, 0.0, 0.0, 0.0, 0.0, 0.0, 1.0, 0.5, 0.5, 1.0, 1.0, 0.0, 0.0, 0.0, 0.0, 0.0, 0.0, 0.0, 0.75, 0.75, 0.75, 0.75, 0.75, 0.0, 0.0, 0.0, 0.0, 0.0, 0.0, 0.0, 1.0, 0.5, 0.75, 0.75, 0.75, 0.0, 0.0, 0.0, 0.0, 0.0, 0.0, 0.0, 0.25, 0.75, 1.0, 1.0, 0.75, 0.0, 0.0, 0.0, 0.0, 0.0, 0.0, 0.0, 1.0, 1.0, 1.0, 1.0, 0.0, 0.0, 0.0, 0.0, 0.0, 0.0, 0.0, 0.0, -0.20000000298023224, 0.0, 0.9003174304962158]
  当前输入噪声缩放因子（curr_input_noise_scaling_factor）: 28
  当前wq噪声缩放因子（curr_wq_noise_scaling_factor）: 18
  当前wk噪声缩放因子（curr_wk_noise_scaling_factor）: 14
  当前wv噪声缩放因子（curr_wv_noise_scaling_factor）: 18
  当前wo噪声缩放因子（curr_wo_noise_scaling_factor）: 14
  当前wffn1噪声缩放因子（curr_wffn1_noise_scaling_factor）: 16
  当前wffn2噪声缩放因子（curr_wffn2_noise_scaling_factor）: 16
  输入x概率分布（x_prob_dist）: [0.22679947316646576, 0.40263018012046814, 0.1917474865913391, 0.10894554108381271, 0.06987731903791428]
  wq概率分布（wq_prob_dist）: [0.26220694184303284, 0.32652267813682556, 0.22096335887908936, 0.11014906316995621, 0.08015798032283783]
  wk概率分布（wk_prob_dist）: [0.37823086977005005, 0.2807835042476654, 0.15007057785987854, 0.11345444619655609, 0.07746061682701111]
  wv概率分布（wv_prob_dist）: [0.09641524404287338, 0.40677711367607117, 0.2852901816368103, 0.11254510283470154, 0.09897240251302719]
  wo概率分布（wo_prob_dist）: [0.21449211239814758, 0.36660993099212646, 0.18698155879974365, 0.12579360604286194, 0.10612280666828156]
  wffn1概率分布（wffn1_prob_dist）: [0.4042166471481323, 0.2481532096862793, 0.16180633008480072, 0.11782016605138779, 0.0680035725235939]
  wffn2概率分布（wffn2_prob_dist）: [0.23746614158153534, 0.3938618004322052, 0.17768622934818268, 0.11882595717906952, 0.07215987890958786]
  评论家值（critic_value）: 1.126439094543457
  累计成本（accumulated_cost）: 18.450000000000003
  输入噪声配置（input_noise_config）: [24, 26, 24, 22, 30, 28]
  wq噪声配置（wq_noise_config）: [18, 16, 16, 18, 14, 18]
  wk噪声配置（wk_noise_config）: [14, 18, 18, 14, 14, 14]
  wv噪声配置（wv_noise_config）: [16, 16, 16, 16, 16, 18]
  wo噪声配置（wo_noise_config）: [14, 18, 16, 16, 16, 14]
  wffn1噪声配置（wffn1_noise_config）: [22, 18, 16, 16, 18, 16]
  wffn2噪声配置（wffn2_noise_config）: [14, 14, 14, 14, 22, 16]
  当前学习率（current_lr）: 0.000020
  当前熵系数（current_entropy_coef）: 0.023318
  步奖励（step_reward）: 0.006097560975609755
  稠密奖励步（dense_reward_step）: 0.006097560975609755
  累计稠密奖励（accumulated_dense_reward）: 0.03749999999999999
  稳定性惩罚（stability_penalty）: 0.0

  全局步数（step_global）: 98022
  回合编号（episode_id）: 8168
  层索引（layer_index）: 6
  状态向量（state_vector）: [0.0, 0.0, 0.0, 0.0, 0.0, 0.0, 1.0, 0.0, 0.0, 0.0, 0.0, 0.0, -0.09558823704719543, 0.25, 0.5, 1.0, 0.5, 1.0, 1.0, 0.75, 0.25, 0.5, 0.75, 0.5, 0.75, 1.0, 0.0, 0.25, 0.0, 0.0, 0.0, 0.0, 0.0, 0.0, 0.5, 0.75, 0.75, 0.5, 1.0, 0.5, 0.0, 0.0, 0.0, 0.0, 0.0, 0.0, 1.0, 0.5, 0.5, 1.0, 1.0, 1.0, 0.0, 0.0, 0.0, 0.0, 0.0, 0.0, 0.75, 0.75, 0.75, 0.75, 0.75, 0.5, 0.0, 0.0, 0.0, 0.0, 0.0, 0.0, 1.0, 0.5, 0.75, 0.75, 0.75, 1.0, 0.0, 0.0, 0.0, 0.0, 0.0, 0.0, 0.25, 0.75, 1.0, 1.0, 0.75, 1.0, 0.0, 0.0, 0.0, 0.0, 0.0, 0.0, 1.0, 1.0, 1.0, 1.0, 0.0, 0.75, 0.0, 0.0, 0.0, 0.0, 0.0, 0.0, -0.20000000298023224, 0.0, 0.9003174304962158]
  当前输入噪声缩放因子（curr_input_noise_scaling_factor）: 22
  当前wq噪声缩放因子（curr_wq_noise_scaling_factor）: 16
  当前wk噪声缩放因子（curr_wk_noise_scaling_factor）: 22
  当前wv噪声缩放因子（curr_wv_noise_scaling_factor）: 14
  当前wo噪声缩放因子（curr_wo_noise_scaling_factor）: 14
  当前wffn1噪声缩放因子（curr_wffn1_noise_scaling_factor）: 16
  当前wffn2噪声缩放因子（curr_wffn2_noise_scaling_factor）: 14
  输入x概率分布（x_prob_dist）: [0.226816326379776, 0.4026663601398468, 0.19173580408096313, 0.10892365872859955, 0.06985785067081451]
  wq概率分布（wq_prob_dist）: [0.2622188627719879, 0.32655617594718933, 0.22093914449214935, 0.11014555394649506, 0.08014028519392014]
  wk概率分布（wk_prob_dist）: [0.3782771825790405, 0.28076836466789246, 0.15006648004055023, 0.11344417184591293, 0.07744381576776505]
  wv概率分布（wv_prob_dist）: [0.09640659391880035, 0.40679171681404114, 0.28531134128570557, 0.11253093183040619, 0.09895937144756317]
  wo概率分布（wo_prob_dist）: [0.21450555324554443, 0.3666249215602875, 0.18697196245193481, 0.125784233212471, 0.10611331462860107]
  wffn1概率分布（wffn1_prob_dist）: [0.40427452325820923, 0.24812713265419006, 0.16178558766841888, 0.1178147941827774, 0.06799796223640442]
  wffn2概率分布（wffn2_prob_dist）: [0.23746614158153534, 0.3938780128955841, 0.1776980310678482, 0.11881404370069504, 0.0721437856554985]
  评论家值（critic_value）: 1.1296799182891846
  累计成本（accumulated_cost）: 21.400000000000002
  输入噪声配置（input_noise_config）: [24, 26, 24, 22, 30, 28, 22]
  wq噪声配置（wq_noise_config）: [18, 16, 16, 18, 14, 18, 16]
  wk噪声配置（wk_noise_config）: [14, 18, 18, 14, 14, 14, 22]
  wv噪声配置（wv_noise_config）: [16, 16, 16, 16, 16, 18, 14]
  wo噪声配置（wo_noise_config）: [14, 18, 16, 16, 16, 14, 14]
  wffn1噪声配置（wffn1_noise_config）: [22, 18, 16, 16, 18, 16, 16]
  wffn2噪声配置（wffn2_noise_config）: [14, 14, 14, 14, 22, 16, 14]
  当前学习率（current_lr）: 0.000020
  当前熵系数（current_entropy_coef）: 0.023318
  步奖励（step_reward）: 0.007012195121951218
  稠密奖励步（dense_reward_step）: 0.007012195121951218
  累计稠密奖励（accumulated_dense_reward）: 0.04451219512195121
  稳定性惩罚（stability_penalty）: 0.0

  全局步数（step_global）: 98023
  回合编号（episode_id）: 8168
  层索引（layer_index）: 7
  状态向量（state_vector）: [0.0, 0.0, 0.0, 0.0, 0.0, 0.0, 0.0, 1.0, 0.0, 0.0, 0.0, 0.0, -0.10084033757448196, 1.0, 0.75, 0.0, 1.0, 1.0, 1.0, 1.0, 0.25435540080070496, 0.5833333134651184, 0.75, 0.5, 0.75, 1.0, 0.0, 0.25, 1.0, 0.0, 0.0, 0.0, 0.0, 0.0, 0.5, 0.75, 0.75, 0.5, 1.0, 0.5, 0.75, 0.0, 0.0, 0.0, 0.0, 0.0, 1.0, 0.5, 0.5, 1.0, 1.0, 1.0, 0.0, 0.0, 0.0, 0.0, 0.0, 0.0, 0.75, 0.75, 0.75, 0.75, 0.75, 0.5, 1.0, 0.0, 0.0, 0.0, 0.0, 0.0, 1.0, 0.5, 0.75, 0.75, 0.75, 1.0, 1.0, 0.0, 0.0, 0.0, 0.0, 0.0, 0.25, 0.75, 1.0, 1.0, 0.75, 1.0, 1.0, 0.0, 0.0, 0.0, 0.0, 0.0, 1.0, 1.0, 1.0, 1.0, 0.0, 0.75, 1.0, 0.0, 0.0, 0.0, 0.0, 0.0, -0.20000000298023224, 0.0, 0.9003174304962158]
  当前输入噪声缩放因子（curr_input_noise_scaling_factor）: 22
  当前wq噪声缩放因子（curr_wq_noise_scaling_factor）: 18
  当前wk噪声缩放因子（curr_wk_noise_scaling_factor）: 16
  当前wv噪声缩放因子（curr_wv_noise_scaling_factor）: 18
  当前wo噪声缩放因子（curr_wo_noise_scaling_factor）: 18
  当前wffn1噪声缩放因子（curr_wffn1_noise_scaling_factor）: 20
  当前wffn2噪声缩放因子（curr_wffn2_noise_scaling_factor）: 16
  输入x概率分布（x_prob_dist）: [0.2268078327178955, 0.40272918343544006, 0.19172652065753937, 0.108902707695961, 0.06983376294374466]
  wq概率分布（wq_prob_dist）: [0.26223769783973694, 0.32658320665359497, 0.2209407538175583, 0.11011979728937149, 0.0801185816526413]
  wk概率分布（wk_prob_dist）: [0.37832435965538025, 0.28078755736351013, 0.15004761517047882, 0.11342105269432068, 0.07741943746805191]
  wv概率分布（wv_prob_dist）: [0.09638442099094391, 0.40685567259788513, 0.2853238582611084, 0.11250219494104385, 0.09893389046192169]
  wo概率分布（wo_prob_dist）: [0.21449854969978333, 0.3667011857032776, 0.1869560331106186, 0.12576070427894592, 0.10608359426259995]
  wffn1概率分布（wffn1_prob_dist）: [0.40432995557785034, 0.24813741445541382, 0.16177399456501007, 0.11778660863637924, 0.06797204166650772]
  wffn2概率分布（wffn2_prob_dist）: [0.2374652922153473, 0.39393892884254456, 0.1776842623949051, 0.11878915876150131, 0.07212238013744354]
  评论家值（critic_value）: 1.13290536403656
  累计成本（accumulated_cost）: 24.6
  输入噪声配置（input_noise_config）: [24, 26, 24, 22, 30, 28, 22, 22]
  wq噪声配置（wq_noise_config）: [18, 16, 16, 18, 14, 18, 16, 18]
  wk噪声配置（wk_noise_config）: [14, 18, 18, 14, 14, 14, 22, 16]
  wv噪声配置（wv_noise_config）: [16, 16, 16, 16, 16, 18, 14, 18]
  wo噪声配置（wo_noise_config）: [14, 18, 16, 16, 16, 14, 14, 18]
  wffn1噪声配置（wffn1_noise_config）: [22, 18, 16, 16, 18, 16, 16, 20]
  wffn2噪声配置（wffn2_noise_config）: [14, 14, 14, 14, 22, 16, 14, 16]
  当前学习率（current_lr）: 0.000020
  当前熵系数（current_entropy_coef）: 0.023318
  步奖励（step_reward）: 0.005487804878048781
  稠密奖励步（dense_reward_step）: 0.005487804878048781
  累计稠密奖励（accumulated_dense_reward）: 0.04999999999999999
  稳定性惩罚（stability_penalty）: 0.0

  全局步数（step_global）: 98024
  回合编号（episode_id）: 8168
  层索引（layer_index）: 8
  状态向量（state_vector）: [0.0, 0.0, 0.0, 0.0, 0.0, 0.0, 0.0, 0.0, 1.0, 0.0, 0.0, 0.0, -0.09558823704719543, 1.0, 0.5, 0.75, 0.5, 0.5, 0.5, 0.75, 0.25, 0.6666666865348816, 0.75, 0.5, 0.75, 1.0, 0.0, 0.25, 1.0, 1.0, 0.0, 0.0, 0.0, 0.0, 0.5, 0.75, 0.75, 0.5, 1.0, 0.5, 0.75, 0.5, 0.0, 0.0, 0.0, 0.0, 1.0, 0.5, 0.5, 1.0, 1.0, 1.0, 0.0, 0.75, 0.0, 0.0, 0.0, 0.0, 0.75, 0.75, 0.75, 0.75, 0.75, 0.5, 1.0, 0.5, 0.0, 0.0, 0.0, 0.0, 1.0, 0.5, 0.75, 0.75, 0.75, 1.0, 1.0, 0.5, 0.0, 0.0, 0.0, 0.0, 0.25, 0.75, 1.0, 1.0, 0.75, 1.0, 1.0, 0.5, 0.0, 0.0, 0.0, 0.0, 1.0, 1.0, 1.0, 1.0, 0.0, 0.75, 1.0, 0.75, 0.0, 0.0, 0.0, 0.0, -0.20000000298023224, 0.0, 0.9003174304962158]
  当前输入噪声缩放因子（curr_input_noise_scaling_factor）: 26
  当前wq噪声缩放因子（curr_wq_noise_scaling_factor）: 14
  当前wk噪声缩放因子（curr_wk_noise_scaling_factor）: 16
  当前wv噪声缩放因子（curr_wv_noise_scaling_factor）: 16
  当前wo噪声缩放因子（curr_wo_noise_scaling_factor）: 16
  当前wffn1噪声缩放因子（curr_wffn1_noise_scaling_factor）: 22
  当前wffn2噪声缩放因子（curr_wffn2_noise_scaling_factor）: 18
  输入x概率分布（x_prob_dist）: [0.22680069506168365, 0.402694433927536, 0.19173164665699005, 0.10891595482826233, 0.06985723972320557]
  wq概率分布（wq_prob_dist）: [0.26220256090164185, 0.3265657424926758, 0.22095124423503876, 0.11014639586210251, 0.08013405650854111]
  wk概率分布（wk_prob_dist）: [0.3782927393913269, 0.28077471256256104, 0.150057852268219, 0.1134406104683876, 0.07743407040834427]
  wv概率分布（wv_prob_dist）: [0.09639964997768402, 0.40680086612701416, 0.28531625866889954, 0.11252749711275101, 0.09895571321249008]
  wo概率分布（wo_prob_dist）: [0.2145056575536728, 0.3666329085826874, 0.18698245286941528, 0.12576952576637268, 0.1061093732714653]
  wffn1概率分布（wffn1_prob_dist）: [0.40426746010780334, 0.24815733730793, 0.16178277134895325, 0.11780519783496857, 0.06798726320266724]
  wffn2概率分布（wffn2_prob_dist）: [0.23746982216835022, 0.3938974142074585, 0.1776815503835678, 0.11881059408187866, 0.07214068621397018]
  评论家值（critic_value）: 1.1380205154418945
  累计成本（accumulated_cost）: 27.8
  输入噪声配置（input_noise_config）: [24, 26, 24, 22, 30, 28, 22, 22, 26]
  wq噪声配置（wq_noise_config）: [18, 16, 16, 18, 14, 18, 16, 18, 14]
  wk噪声配置（wk_noise_config）: [14, 18, 18, 14, 14, 14, 22, 16, 16]
  wv噪声配置（wv_noise_config）: [16, 16, 16, 16, 16, 18, 14, 18, 16]
  wo噪声配置（wo_noise_config）: [14, 18, 16, 16, 16, 14, 14, 18, 16]
  wffn1噪声配置（wffn1_noise_config）: [22, 18, 16, 16, 18, 16, 16, 20, 22]
  wffn2噪声配置（wffn2_noise_config）: [14, 14, 14, 14, 22, 16, 14, 16, 18]
  当前学习率（current_lr）: 0.000020
  当前熵系数（current_entropy_coef）: 0.023318
  步奖励（step_reward）: 0.005487804878048778
  稠密奖励步（dense_reward_step）: 0.005487804878048778
  累计稠密奖励（accumulated_dense_reward）: 0.05548780487804877
  稳定性惩罚（stability_penalty）: 0.0

  全局步数（step_global）: 98025
  回合编号（episode_id）: 8168
  层索引（layer_index）: 9
  状态向量（state_vector）: [0.0, 0.0, 0.0, 0.0, 0.0, 0.0, 0.0, 0.0, 0.0, 1.0, 0.0, 0.0, -0.09150326997041702, 0.5, 1.0, 0.75, 0.75, 0.75, 0.25, 0.5, 0.24661245942115784, 0.75, 0.75, 0.5, 0.75, 1.0, 0.0, 0.25, 1.0, 1.0, 0.5, 0.0, 0.0, 0.0, 0.5, 0.75, 0.75, 0.5, 1.0, 0.5, 0.75, 0.5, 1.0, 0.0, 0.0, 0.0, 1.0, 0.5, 0.5, 1.0, 1.0, 1.0, 0.0, 0.75, 0.75, 0.0, 0.0, 0.0, 0.75, 0.75, 0.75, 0.75, 0.75, 0.5, 1.0, 0.5, 0.75, 0.0, 0.0, 0.0, 1.0, 0.5, 0.75, 0.75, 0.75, 1.0, 1.0, 0.5, 0.75, 0.0, 0.0, 0.0, 0.25, 0.75, 1.0, 1.0, 0.75, 1.0, 1.0, 0.5, 0.25, 0.0, 0.0, 0.0, 1.0, 1.0, 1.0, 1.0, 0.0, 0.75, 1.0, 0.75, 0.5, 0.0, 0.0, 0.0, -0.20000000298023224, 0.0, 0.9003174304962158]
  当前输入噪声缩放因子（curr_input_noise_scaling_factor）: 24
  当前wq噪声缩放因子（curr_wq_noise_scaling_factor）: 16
  当前wk噪声缩放因子（curr_wk_noise_scaling_factor）: 14
  当前wv噪声缩放因子（curr_wv_noise_scaling_factor）: 16
  当前wo噪声缩放因子（curr_wo_noise_scaling_factor）: 20
  当前wffn1噪声缩放因子（curr_wffn1_noise_scaling_factor）: 16
  当前wffn2噪声缩放因子（curr_wffn2_noise_scaling_factor）: 18
  输入x概率分布（x_prob_dist）: [0.22680793702602386, 0.402483195066452, 0.19176217913627625, 0.10900731384754181, 0.06993931531906128]
  wq概率分布（wq_prob_dist）: [0.262136846780777, 0.32640931010246277, 0.22101889550685883, 0.11021678149700165, 0.08021816611289978]
  wk概率分布（wk_prob_dist）: [0.3780895471572876, 0.28077438473701477, 0.15008869767189026, 0.11351527273654938, 0.07753212004899979]
  wv概率分布（wv_prob_dist）: [0.09647045284509659, 0.40661799907684326, 0.28526419401168823, 0.11261764913797379, 0.09902974963188171]
  wo概率分布（wo_prob_dist）: [0.21450990438461304, 0.3663925528526306, 0.1870710253715515, 0.12582722306251526, 0.10619928687810898]
  wffn1概率分布（wffn1_prob_dist）: [0.4040585458278656, 0.24817126989364624, 0.1618606001138687, 0.11785876750946045, 0.06805085390806198]
  wffn2概率分布（wffn2_prob_dist）: [0.2374919354915619, 0.39374181628227234, 0.1776908040046692, 0.11886504292488098, 0.07221045345067978]
  评论家值（critic_value）: 1.1464128494262695
  累计成本（accumulated_cost）: 30.900000000000002
  输入噪声配置（input_noise_config）: [24, 26, 24, 22, 30, 28, 22, 22, 26, 24]
  wq噪声配置（wq_noise_config）: [18, 16, 16, 18, 14, 18, 16, 18, 14, 16]
  wk噪声配置（wk_noise_config）: [14, 18, 18, 14, 14, 14, 22, 16, 16, 14]
  wv噪声配置（wv_noise_config）: [16, 16, 16, 16, 16, 18, 14, 18, 16, 16]
  wo噪声配置（wo_noise_config）: [14, 18, 16, 16, 16, 14, 14, 18, 16, 20]
  wffn1噪声配置（wffn1_noise_config）: [22, 18, 16, 16, 18, 16, 16, 20, 22, 16]
  wffn2噪声配置（wffn2_noise_config）: [14, 14, 14, 14, 22, 16, 14, 16, 18, 18]
  当前学习率（current_lr）: 0.000020
  当前熵系数（current_entropy_coef）: 0.023318
  步奖励（step_reward）: 0.006097560975609755
  稠密奖励步（dense_reward_step）: 0.006097560975609755
  累计稠密奖励（accumulated_dense_reward）: 0.06158536585365852
  稳定性惩罚（stability_penalty）: 0.0

  全局步数（step_global）: 98026
  回合编号（episode_id）: 8168
  层索引（layer_index）: 10
  状态向量（state_vector）: [0.0, 0.0, 0.0, 0.0, 0.0, 0.0, 0.0, 0.0, 0.0, 0.0, 1.0, 0.0, -0.09117647260427475, 0.75, 0.75, 1.0, 0.75, 0.25, 1.0, 0.5, 0.24634146690368652, 0.8333333134651184, 0.75, 0.5, 0.75, 1.0, 0.0, 0.25, 1.0, 1.0, 0.5, 0.75, 0.0, 0.0, 0.5, 0.75, 0.75, 0.5, 1.0, 0.5, 0.75, 0.5, 1.0, 0.75, 0.0, 0.0, 1.0, 0.5, 0.5, 1.0, 1.0, 1.0, 0.0, 0.75, 0.75, 1.0, 0.0, 0.0, 0.75, 0.75, 0.75, 0.75, 0.75, 0.5, 1.0, 0.5, 0.75, 0.75, 0.0, 0.0, 1.0, 0.5, 0.75, 0.75, 0.75, 1.0, 1.0, 0.5, 0.75, 0.25, 0.0, 0.0, 0.25, 0.75, 1.0, 1.0, 0.75, 1.0, 1.0, 0.5, 0.25, 1.0, 0.0, 0.0, 1.0, 1.0, 1.0, 1.0, 0.0, 0.75, 1.0, 0.75, 0.5, 0.5, 0.0, 0.0, -0.20000000298023224, 0.0, 0.9003174304962158]
  当前输入噪声缩放因子（curr_input_noise_scaling_factor）: 22
  当前wq噪声缩放因子（curr_wq_noise_scaling_factor）: 16
  当前wk噪声缩放因子（curr_wk_noise_scaling_factor）: 18
  当前wv噪声缩放因子（curr_wv_noise_scaling_factor）: 16
  当前wo噪声缩放因子（curr_wo_noise_scaling_factor）: 22
  当前wffn1噪声缩放因子（curr_wffn1_noise_scaling_factor）: 18
  当前wffn2噪声缩放因子（curr_wffn2_noise_scaling_factor）: 18
  输入x概率分布（x_prob_dist）: [0.22681061923503876, 0.40259361267089844, 0.19174082577228546, 0.10895911604166031, 0.06989574432373047]
  wq概率分布（wq_prob_dist）: [0.26219072937965393, 0.32649940252304077, 0.2209571897983551, 0.1101793646812439, 0.08017328381538391]
  wk概率分布（wk_prob_dist）: [0.3782119154930115, 0.2807559072971344, 0.15008868277072906, 0.11347032338380814, 0.07747319340705872]
  wv概率分布（wv_prob_dist）: [0.09644440561532974, 0.40669652819633484, 0.28530773520469666, 0.11255892366170883, 0.09899244457483292]
  wo概率分布（wo_prob_dist）: [0.2144995778799057, 0.3665907382965088, 0.18696452677249908, 0.12581227719783783, 0.10613282769918442]
  wffn1概率分布（wffn1_prob_dist）: [0.4041636884212494, 0.24814017117023468, 0.16182515025138855, 0.11784131824970245, 0.06802964955568314]
  wffn2概率分布（wffn2_prob_dist）: [0.23747481405735016, 0.39380544424057007, 0.17769818007946014, 0.11884631216526031, 0.0721752718091011]
  评论家值（critic_value）: 1.154793620109558
  累计成本（accumulated_cost）: 34.150000000000006
  输入噪声配置（input_noise_config）: [24, 26, 24, 22, 30, 28, 22, 22, 26, 24, 22]
  wq噪声配置（wq_noise_config）: [18, 16, 16, 18, 14, 18, 16, 18, 14, 16, 16]
  wk噪声配置（wk_noise_config）: [14, 18, 18, 14, 14, 14, 22, 16, 16, 14, 18]
  wv噪声配置（wv_noise_config）: [16, 16, 16, 16, 16, 18, 14, 18, 16, 16, 16]
  wo噪声配置（wo_noise_config）: [14, 18, 16, 16, 16, 14, 14, 18, 16, 20, 22]
  wffn1噪声配置（wffn1_noise_config）: [22, 18, 16, 16, 18, 16, 16, 20, 22, 16, 18]
  wffn2噪声配置（wffn2_noise_config）: [14, 14, 14, 14, 22, 16, 14, 16, 18, 18, 18]
  当前学习率（current_lr）: 0.000020
  当前熵系数（current_entropy_coef）: 0.023318
  步奖励（step_reward）: 0.005182926829268286
  稠密奖励步（dense_reward_step）: 0.005182926829268286
  累计稠密奖励（accumulated_dense_reward）: 0.0667682926829268
  稳定性惩罚（stability_penalty）: 0.0

  全局步数（step_global）: 98027
  回合编号（episode_id）: 8168
  层索引（layer_index）: 11
  状态向量（state_vector）: [0.0, 0.0, 0.0, 0.0, 0.0, 0.0, 0.0, 0.0, 0.0, 0.0, 0.0, 1.0, -0.08689839392900467, 1.0, 0.75, 0.5, 0.75, 0.0, 0.75, 0.5, 0.24279379844665527, 0.9166666865348816, 0.75, 0.5, 0.75, 1.0, 0.0, 0.25, 1.0, 1.0, 0.5, 0.75, 1.0, 0.0, 0.5, 0.75, 0.75, 0.5, 1.0, 0.5, 0.75, 0.5, 1.0, 0.75, 0.75, 0.0, 1.0, 0.5, 0.5, 1.0, 1.0, 1.0, 0.0, 0.75, 0.75, 1.0, 0.5, 0.0, 0.75, 0.75, 0.75, 0.75, 0.75, 0.5, 1.0, 0.5, 0.75, 0.75, 0.75, 0.0, 1.0, 0.5, 0.75, 0.75, 0.75, 1.0, 1.0, 0.5, 0.75, 0.25, 0.0, 0.0, 0.25, 0.75, 1.0, 1.0, 0.75, 1.0, 1.0, 0.5, 0.25, 1.0, 0.75, 0.0, 1.0, 1.0, 1.0, 1.0, 0.0, 0.75, 1.0, 0.75, 0.5, 0.5, 0.5, 0.0, -0.20000000298023224, 0.0, 0.9003174304962158]
  当前输入噪声缩放因子（curr_input_noise_scaling_factor）: 24
  当前wq噪声缩放因子（curr_wq_noise_scaling_factor）: 14
  当前wk噪声缩放因子（curr_wk_noise_scaling_factor）: 16
  当前wv噪声缩放因子（curr_wv_noise_scaling_factor）: 18
  当前wo噪声缩放因子（curr_wo_noise_scaling_factor）: 18
  当前wffn1噪声缩放因子（curr_wffn1_noise_scaling_factor）: 20
  当前wffn2噪声缩放因子（curr_wffn2_noise_scaling_factor）: 14
  输入x概率分布（x_prob_dist）: [0.22683082520961761, 0.4025683104991913, 0.19174562394618988, 0.10896414518356323, 0.06989111006259918]
  wq概率分布（wq_prob_dist）: [0.26219451427459717, 0.3264791667461395, 0.22097241878509521, 0.11017753928899765, 0.08017635345458984]
  wk概率分布（wk_prob_dist）: [0.3781508505344391, 0.28077664971351624, 0.15009327232837677, 0.11348775774240494, 0.07749146968126297]
  wv概率分布（wv_prob_dist）: [0.09644189476966858, 0.4067041277885437, 0.2852874994277954, 0.11257083714008331, 0.09899570792913437]
  wo概率分布（wo_prob_dist）: [0.2145126610994339, 0.36651745438575745, 0.18701598048210144, 0.12580649554729462, 0.10614737123250961]
  wffn1概率分布（wffn1_prob_dist）: [0.40416714549064636, 0.2481468766927719, 0.16182231903076172, 0.11783695966005325, 0.06802669912576675]
  wffn2概率分布（wffn2_prob_dist）: [0.23746870458126068, 0.39382708072662354, 0.1777055561542511, 0.11882864683866501, 0.07217002660036087]
  评论家值（critic_value）: 1.1588960886001587
  累计成本（accumulated_cost）: 37.25000000000001
  输入噪声配置（input_noise_config）: [24, 26, 24, 22, 30, 28, 22, 22, 26, 24, 22, 24]
  wq噪声配置（wq_noise_config）: [18, 16, 16, 18, 14, 18, 16, 18, 14, 16, 16, 14]
  wk噪声配置（wk_noise_config）: [14, 18, 18, 14, 14, 14, 22, 16, 16, 14, 18, 16]
  wv噪声配置（wv_noise_config）: [16, 16, 16, 16, 16, 18, 14, 18, 16, 16, 16, 18]
  wo噪声配置（wo_noise_config）: [14, 18, 16, 16, 16, 14, 14, 18, 16, 20, 22, 18]
  wffn1噪声配置（wffn1_noise_config）: [22, 18, 16, 16, 18, 16, 16, 20, 22, 16, 18, 20]
  wffn2噪声配置（wffn2_noise_config）: [14, 14, 14, 14, 22, 16, 14, 16, 18, 18, 18, 14]
  当前学习率（current_lr）: 0.000020
  当前熵系数（current_entropy_coef）: 0.023318
  蒙特卡洛采样数（mc_samples）: 5
  蒙特卡洛损失均值（mc_loss_mean）: 0.2895734965801239
  蒙特卡洛损失标准差（mc_loss_std）: 0.0025793252903550143
  蒙特卡洛指标1均值（mc_metric1_mean）: 0.9031578947368422
  蒙特卡洛指标1标准差（mc_metric1_std）: 0.0017189401703741655
  蒙特卡洛指标2均值（mc_metric2_mean）: 0.9016649614065064
  蒙特卡洛指标2标准差（mc_metric2_std）: 0.001637461784682548
  步奖励（step_reward）: 1.1539534683339132
  稠密奖励步（dense_reward_step）: 0.006097560975609755
  原始最终奖励（raw_final_reward）: 1.1478559073583035
  最终选择分数（final_selection_score）: 1.1478559073583035
  累计稠密奖励（accumulated_dense_reward）: 0.07286585365853657
  稳定性代理（stability_proxy）: 0.24732196855882202
  稳定性惩罚（stability_penalty）: -0.0

--- 回合（Episode） 8170 (回合回报（EpisodeReturn）=1.1153, 原始最终奖励（RawFinalReward）=1.0473, 稠密奖励合计（DenseRewardTotal）=0.0680) ---
  全局步数（step_global）: 98028
  回合编号（episode_id）: 8169
  层索引（layer_index）: 0
  状态向量（state_vector）: [1.0, 0.0, 0.0, 0.0, 0.0, 0.0, 0.0, 0.0, 0.0, 0.0, 0.0, 0.0, 0.0, 0.0, 0.0, 0.0, 0.0, 0.0, 0.0, 0.0, 0.0, 0.0, 0.0, 0.0, 0.0, 0.0, 0.0, 0.0, 0.0, 0.0, 0.0, 0.0, 0.0, 0.0, 0.0, 0.0, 0.0, 0.0, 0.0, 0.0, 0.0, 0.0, 0.0, 0.0, 0.0, 0.0, 0.0, 0.0, 0.0, 0.0, 0.0, 0.0, 0.0, 0.0, 0.0, 0.0, 0.0, 0.0, 0.0, 0.0, 0.0, 0.0, 0.0, 0.0, 0.0, 0.0, 0.0, 0.0, 0.0, 0.0, 0.0, 0.0, 0.0, 0.0, 0.0, 0.0, 0.0, 0.0, 0.0, 0.0, 0.0, 0.0, 0.0, 0.0, 0.0, 0.0, 0.0, 0.0, 0.0, 0.0, 0.0, 0.0, 0.0, 0.0, 0.0, 0.0, 0.0, 0.0, 0.0, 0.0, 0.0, 0.0, 0.0, 0.0, 0.0, 0.0, -0.20000000298023224, 0.0, 0.9254238605499268]
  当前输入噪声缩放因子（curr_input_noise_scaling_factor）: 30
  当前wq噪声缩放因子（curr_wq_noise_scaling_factor）: 14
  当前wk噪声缩放因子（curr_wk_noise_scaling_factor）: 16
  当前wv噪声缩放因子（curr_wv_noise_scaling_factor）: 14
  当前wo噪声缩放因子（curr_wo_noise_scaling_factor）: 20
  当前wffn1噪声缩放因子（curr_wffn1_noise_scaling_factor）: 18
  当前wffn2噪声缩放因子（curr_wffn2_noise_scaling_factor）: 18
  输入x概率分布（x_prob_dist）: [0.22717314958572388, 0.40046998858451843, 0.192042276263237, 0.10966354608535767, 0.07065107673406601]
  wq概率分布（wq_prob_dist）: [0.2616276144981384, 0.32566484808921814, 0.22091275453567505, 0.1109161451458931, 0.0808786079287529]
  wk概率分布（wk_prob_dist）: [0.37706828117370605, 0.27991360425949097, 0.150733083486557, 0.1141047477722168, 0.07818027585744858]
  wv概率分布（wv_prob_dist）: [0.09736443310976028, 0.4043648838996887, 0.2851015031337738, 0.1133485734462738, 0.0998205840587616]
  wo概率分布（wo_prob_dist）: [0.21456541121006012, 0.3651159405708313, 0.18710196018218994, 0.126388818025589, 0.10682787746191025]
  wffn1概率分布（wffn1_prob_dist）: [0.4022945165634155, 0.24786712229251862, 0.162358820438385, 0.11866994202136993, 0.06880956143140793]
  wffn2概率分布（wffn2_prob_dist）: [0.2375599592924118, 0.3917348384857178, 0.1781747192144394, 0.11958810687065125, 0.07294236123561859]
  评论家值（critic_value）: 1.1048048734664917
  累计成本（accumulated_cost）: 3.2500000000000004
  输入噪声配置（input_noise_config）: [30]
  wq噪声配置（wq_noise_config）: [14]
  wk噪声配置（wk_noise_config）: [16]
  wv噪声配置（wv_noise_config）: [14]
  wo噪声配置（wo_noise_config）: [20]
  wffn1噪声配置（wffn1_noise_config）: [18]
  wffn2噪声配置（wffn2_noise_config）: [18]
  当前学习率（current_lr）: 0.000020
  当前熵系数（current_entropy_coef）: 0.023315
  步奖励（step_reward）: 0.005182926829268289
  稠密奖励步（dense_reward_step）: 0.005182926829268289
  累计稠密奖励（accumulated_dense_reward）: 0.005182926829268289
  稳定性惩罚（stability_penalty）: 0.0

  全局步数（step_global）: 98029
  回合编号（episode_id）: 8169
  层索引（layer_index）: 1
  状态向量（state_vector）: [0.0, 1.0, 0.0, 0.0, 0.0, 0.0, 0.0, 0.0, 0.0, 0.0, 0.0, 0.0, -0.04411764815449715, 0.0, 1.0, 0.75, 1.0, 0.25, 0.75, 0.5, 0.2073170691728592, 0.0833333358168602, 0.0, 0.0, 0.0, 0.0, 0.0, 0.0, 0.0, 0.0, 0.0, 0.0, 0.0, 0.0, 1.0, 0.0, 0.0, 0.0, 0.0, 0.0, 0.0, 0.0, 0.0, 0.0, 0.0, 0.0, 0.75, 0.0, 0.0, 0.0, 0.0, 0.0, 0.0, 0.0, 0.0, 0.0, 0.0, 0.0, 1.0, 0.0, 0.0, 0.0, 0.0, 0.0, 0.0, 0.0, 0.0, 0.0, 0.0, 0.0, 0.25, 0.0, 0.0, 0.0, 0.0, 0.0, 0.0, 0.0, 0.0, 0.0, 0.0, 0.0, 0.75, 0.0, 0.0, 0.0, 0.0, 0.0, 0.0, 0.0, 0.0, 0.0, 0.0, 0.0, 0.5, 0.0, 0.0, 0.0, 0.0, 0.0, 0.0, 0.0, 0.0, 0.0, 0.0, 0.0, -0.20000000298023224, 0.0, 0.9254238605499268]
  当前输入噪声缩放因子（curr_input_noise_scaling_factor）: 24
  当前wq噪声缩放因子（curr_wq_noise_scaling_factor）: 18
  当前wk噪声缩放因子（curr_wk_noise_scaling_factor）: 14
  当前wv噪声缩放因子（curr_wv_noise_scaling_factor）: 14
  当前wo噪声缩放因子（curr_wo_noise_scaling_factor）: 14
  当前wffn1噪声缩放因子（curr_wffn1_noise_scaling_factor）: 16
  当前wffn2噪声缩放因子（curr_wffn2_noise_scaling_factor）: 14
  输入x概率分布（x_prob_dist）: [0.22681725025177002, 0.40253937244415283, 0.19174963235855103, 0.10898179560899734, 0.0699119046330452]
  wq概率分布（wq_prob_dist）: [0.2621750831604004, 0.3264559805393219, 0.22099094092845917, 0.11018193513154984, 0.08019606024026871]
  wk概率分布（wk_prob_dist）: [0.3781379163265228, 0.28077301383018494, 0.15009626746177673, 0.11349023878574371, 0.07750255614519119]
  wv概率分布（wv_prob_dist）: [0.09645255655050278, 0.4067084789276123, 0.2852526009082794, 0.11257585138082504, 0.09901057928800583]
  wo概率分布（wo_prob_dist）: [0.21449296176433563, 0.3665095567703247, 0.18701772391796112, 0.12581957876682281, 0.1061602234840393]
  wffn1概率分布（wffn1_prob_dist）: [0.4041041433811188, 0.24817436933517456, 0.16183432936668396, 0.11785387992858887, 0.06803327053785324]
  wffn2概率分布（wffn2_prob_dist）: [0.23746059834957123, 0.39379557967185974, 0.1776989996433258, 0.118851438164711, 0.07219332456588745]
  评论家值（critic_value）: 1.1104623079299927
  累计成本（accumulated_cost）: 6.1000000000000005
  输入噪声配置（input_noise_config）: [30, 24]
  wq噪声配置（wq_noise_config）: [14, 18]
  wk噪声配置（wk_noise_config）: [16, 14]
  wv噪声配置（wv_noise_config）: [14, 14]
  wo噪声配置（wo_noise_config）: [20, 14]
  wffn1噪声配置（wffn1_noise_config）: [18, 16]
  wffn2噪声配置（wffn2_noise_config）: [18, 14]
  当前学习率（current_lr）: 0.000020
  当前熵系数（current_entropy_coef）: 0.023315
  步奖励（step_reward）: 0.007621951219512194
  稠密奖励步（dense_reward_step）: 0.007621951219512194
  累计稠密奖励（accumulated_dense_reward）: 0.012804878048780482
  稳定性惩罚（stability_penalty）: 0.0

  全局步数（step_global）: 98030
  回合编号（episode_id）: 8169
  层索引（layer_index）: 2
  状态向量（state_vector）: [0.0, 0.0, 1.0, 0.0, 0.0, 0.0, 0.0, 0.0, 0.0, 0.0, 0.0, 0.0, -0.10294117778539658, 0.75, 0.5, 1.0, 1.0, 1.0, 1.0, 1.0, 0.25609755516052246, 0.1666666716337204, 0.0, 0.75, 0.0, 0.0, 0.0, 0.0, 0.0, 0.0, 0.0, 0.0, 0.0, 0.0, 1.0, 0.5, 0.0, 0.0, 0.0, 0.0, 0.0, 0.0, 0.0, 0.0, 0.0, 0.0, 0.75, 1.0, 0.0, 0.0, 0.0, 0.0, 0.0, 0.0, 0.0, 0.0, 0.0, 0.0, 1.0, 1.0, 0.0, 0.0, 0.0, 0.0, 0.0, 0.0, 0.0, 0.0, 0.0, 0.0, 0.25, 1.0, 0.0, 0.0, 0.0, 0.0, 0.0, 0.0, 0.0, 0.0, 0.0, 0.0, 0.75, 1.0, 0.0, 0.0, 0.0, 0.0, 0.0, 0.0, 0.0, 0.0, 0.0, 0.0, 0.5, 1.0, 0.0, 0.0, 0.0, 0.0, 0.0, 0.0, 0.0, 0.0, 0.0, 0.0, -0.20000000298023224, 0.0, 0.9254238605499268]
  当前输入噪声缩放因子（curr_input_noise_scaling_factor）: 24
  当前wq噪声缩放因子（curr_wq_noise_scaling_factor）: 20
  当前wk噪声缩放因子（curr_wk_noise_scaling_factor）: 22
  当前wv噪声缩放因子（curr_wv_noise_scaling_factor）: 14
  当前wo噪声缩放因子（curr_wo_noise_scaling_factor）: 20
  当前wffn1噪声缩放因子（curr_wffn1_noise_scaling_factor）: 20
  当前wffn2噪声缩放因子（curr_wffn2_noise_scaling_factor）: 14
  输入x概率分布（x_prob_dist）: [0.2268189936876297, 0.40264904499053955, 0.1917419135570526, 0.10892979055643082, 0.06986033916473389]
  wq概率分布（wq_prob_dist）: [0.2622115910053253, 0.32654666900634766, 0.2209501564502716, 0.11014735698699951, 0.08014420419931412]
  wk概率分布（wk_prob_dist）: [0.3782498240470886, 0.2807745337486267, 0.15006761252880096, 0.11345265060663223, 0.07745539397001266]
  wv概率分布（wv_prob_dist）: [0.09640756994485855, 0.4067961275577545, 0.2853030264377594, 0.11253712326288223, 0.09895610809326172]
  wo概率分布（wo_prob_dist）: [0.2145165503025055, 0.36657825112342834, 0.18699514865875244, 0.1257820427417755, 0.10612800717353821]
  wffn1概率分布（wffn1_prob_dist）: [0.40425926446914673, 0.24813993275165558, 0.16178344190120697, 0.11781711131334305, 0.0680001825094223]
  wffn2概率分布（wffn2_prob_dist）: [0.23745353519916534, 0.393900066614151, 0.17769582569599152, 0.11880766600370407, 0.07214289903640747]
  评论家值（critic_value）: 1.1117548942565918
  累计成本（accumulated_cost）: 9.450000000000001
  输入噪声配置（input_noise_config）: [30, 24, 24]
  wq噪声配置（wq_noise_config）: [14, 18, 20]
  wk噪声配置（wk_noise_config）: [16, 14, 22]
  wv噪声配置（wv_noise_config）: [14, 14, 14]
  wo噪声配置（wo_noise_config）: [20, 14, 20]
  wffn1噪声配置（wffn1_noise_config）: [18, 16, 20]
  wffn2噪声配置（wffn2_noise_config）: [18, 14, 14]
  当前学习率（current_lr）: 0.000020
  当前熵系数（current_entropy_coef）: 0.023315
  步奖励（step_reward）: 0.004573170731707315
  稠密奖励步（dense_reward_step）: 0.004573170731707315
  累计稠密奖励（accumulated_dense_reward）: 0.017378048780487796
  稳定性惩罚（stability_penalty）: 0.0

  全局步数（step_global）: 98031
  回合编号（episode_id）: 8169
  层索引（layer_index）: 3
  状态向量（state_vector）: [0.0, 0.0, 0.0, 1.0, 0.0, 0.0, 0.0, 0.0, 0.0, 0.0, 0.0, 0.0, -0.07352941483259201, 0.75, 0.25, 0.0, 1.0, 0.25, 0.5, 1.0, 0.23170731961727142, 0.25, 0.0, 0.75, 0.75, 0.0, 0.0, 0.0, 0.0, 0.0, 0.0, 0.0, 0.0, 0.0, 1.0, 0.5, 0.25, 0.0, 0.0, 0.0, 0.0, 0.0, 0.0, 0.0, 0.0, 0.0, 0.75, 1.0, 0.0, 0.0, 0.0, 0.0, 0.0, 0.0, 0.0, 0.0, 0.0, 0.0, 1.0, 1.0, 1.0, 0.0, 0.0, 0.0, 0.0, 0.0, 0.0, 0.0, 0.0, 0.0, 0.25, 1.0, 0.25, 0.0, 0.0, 0.0, 0.0, 0.0, 0.0, 0.0, 0.0, 0.0, 0.75, 1.0, 0.5, 0.0, 0.0, 0.0, 0.0, 0.0, 0.0, 0.0, 0.0, 0.0, 0.5, 1.0, 1.0, 0.0, 0.0, 0.0, 0.0, 0.0, 0.0, 0.0, 0.0, 0.0, -0.20000000298023224, 0.0, 0.9254238605499268]
  当前输入噪声缩放因子（curr_input_noise_scaling_factor）: 24
  当前wq噪声缩放因子（curr_wq_noise_scaling_factor）: 14
  当前wk噪声缩放因子（curr_wk_noise_scaling_factor）: 22
  当前wv噪声缩放因子（curr_wv_noise_scaling_factor）: 22
  当前wo噪声缩放因子（curr_wo_noise_scaling_factor）: 16
  当前wffn1噪声缩放因子（curr_wffn1_noise_scaling_factor）: 18
  当前wffn2噪声缩放因子（curr_wffn2_noise_scaling_factor）: 16
  输入x概率分布（x_prob_dist）: [0.22680717706680298, 0.40272969007492065, 0.191732257604599, 0.10889854282140732, 0.06983234733343124]
  wq概率分布（wq_prob_dist）: [0.262233704328537, 0.32658660411834717, 0.22094273567199707, 0.11012072116136551, 0.08011623471975327]
  wk概率分布（wk_prob_dist）: [0.378328412771225, 0.280799001455307, 0.1500421166419983, 0.11341521888971329, 0.07741527259349823]
  wv概率分布（wv_prob_dist）: [0.09638187289237976, 0.40686604380607605, 0.28531399369239807, 0.11250314861536026, 0.09893492609262466]
  wo概率分布（wo_prob_dist）: [0.21449412405490875, 0.366705060005188, 0.1869603991508484, 0.12575788795948029, 0.10608253628015518]
  wffn1概率分布（wffn1_prob_dist）: [0.404336541891098, 0.24813343584537506, 0.16177207231521606, 0.11778941750526428, 0.06796852499246597]
  wffn2概率分布（wffn2_prob_dist）: [0.23746201395988464, 0.393950879573822, 0.17767581343650818, 0.11879055947065353, 0.07212075591087341]
  评论家值（critic_value）: 1.1212202310562134
  累计成本（accumulated_cost）: 12.750000000000002
  输入噪声配置（input_noise_config）: [30, 24, 24, 24]
  wq噪声配置（wq_noise_config）: [14, 18, 20, 14]
  wk噪声配置（wk_noise_config）: [16, 14, 22, 22]
  wv噪声配置（wv_noise_config）: [14, 14, 14, 22]
  wo噪声配置（wo_noise_config）: [20, 14, 20, 16]
  wffn1噪声配置（wffn1_noise_config）: [18, 16, 20, 18]
  wffn2噪声配置（wffn2_noise_config）: [18, 14, 14, 16]
  当前学习率（current_lr）: 0.000020
  当前熵系数（current_entropy_coef）: 0.023315
  步奖励（step_reward）: 0.004878048780487802
  稠密奖励步（dense_reward_step）: 0.004878048780487802
  累计稠密奖励（accumulated_dense_reward）: 0.0222560975609756
  稳定性惩罚（stability_penalty）: 0.0

  全局步数（step_global）: 98032
  回合编号（episode_id）: 8169
  层索引（layer_index）: 4
  状态向量（state_vector）: [0.0, 0.0, 0.0, 0.0, 1.0, 0.0, 0.0, 0.0, 0.0, 0.0, 0.0, 0.0, -0.0625, 0.75, 1.0, 0.0, 0.0, 0.75, 0.75, 0.75, 0.22256097197532654, 0.3333333432674408, 0.0, 0.75, 0.75, 0.75, 0.0, 0.0, 0.0, 0.0, 0.0, 0.0, 0.0, 0.0, 1.0, 0.5, 0.25, 1.0, 0.0, 0.0, 0.0, 0.0, 0.0, 0.0, 0.0, 0.0, 0.75, 1.0, 0.0, 0.0, 0.0, 0.0, 0.0, 0.0, 0.0, 0.0, 0.0, 0.0, 1.0, 1.0, 1.0, 0.0, 0.0, 0.0, 0.0, 0.0, 0.0, 0.0, 0.0, 0.0, 0.25, 1.0, 0.25, 0.75, 0.0, 0.0, 0.0, 0.0, 0.0, 0.0, 0.0, 0.0, 0.75, 1.0, 0.5, 0.75, 0.0, 0.0, 0.0, 0.0, 0.0, 0.0, 0.0, 0.0, 0.5, 1.0, 1.0, 0.75, 0.0, 0.0, 0.0, 0.0, 0.0, 0.0, 0.0, 0.0, -0.20000000298023224, 0.0, 0.9254238605499268]
  当前输入噪声缩放因子（curr_input_noise_scaling_factor）: 24
  当前wq噪声缩放因子（curr_wq_noise_scaling_factor）: 16
  当前wk噪声缩放因子（curr_wk_noise_scaling_factor）: 20
  当前wv噪声缩放因子（curr_wv_noise_scaling_factor）: 22
  当前wo噪声缩放因子（curr_wo_noise_scaling_factor）: 16
  当前wffn1噪声缩放因子（curr_wffn1_noise_scaling_factor）: 16
  当前wffn2噪声缩放因子（curr_wffn2_noise_scaling_factor）: 16
  输入x概率分布（x_prob_dist）: [0.22681067883968353, 0.402682363986969, 0.19173885881900787, 0.10891880095005035, 0.06984928250312805]
  wq概率分布（wq_prob_dist）: [0.2622229754924774, 0.32656776905059814, 0.22094376385211945, 0.11013419181108475, 0.08013129979372025]
  wk概率分布（wk_prob_dist）: [0.3782642185688019, 0.2807886302471161, 0.1500624120235443, 0.1134440153837204, 0.0774407833814621]
  wv概率分布（wv_prob_dist）: [0.09639560431241989, 0.40682318806648254, 0.28530097007751465, 0.11253020912408829, 0.09894996881484985]
  wo概率分布（wo_prob_dist）: [0.21451182663440704, 0.3666098415851593, 0.1869916021823883, 0.12577234208583832, 0.10611437261104584]
  wffn1概率分布（wffn1_prob_dist）: [0.4042835831642151, 0.2481345236301422, 0.1617814004421234, 0.11781059205532074, 0.06798996776342392]
  wffn2概率分布（wffn2_prob_dist）: [0.23745691776275635, 0.3939150869846344, 0.17769372463226318, 0.11880243569612503, 0.07213177531957626]
  评论家值（critic_value）: 1.1280710697174072
  累计成本（accumulated_cost）: 16.0
  输入噪声配置（input_noise_config）: [30, 24, 24, 24, 24]
  wq噪声配置（wq_noise_config）: [14, 18, 20, 14, 16]
  wk噪声配置（wk_noise_config）: [16, 14, 22, 22, 20]
  wv噪声配置（wv_noise_config）: [14, 14, 14, 22, 22]
  wo噪声配置（wo_noise_config）: [20, 14, 20, 16, 16]
  wffn1噪声配置（wffn1_noise_config）: [18, 16, 20, 18, 16]
  wffn2噪声配置（wffn2_noise_config）: [18, 14, 14, 16, 16]
  当前学习率（current_lr）: 0.000020
  当前熵系数（current_entropy_coef）: 0.023315
  步奖励（step_reward）: 0.005182926829268294
  稠密奖励步（dense_reward_step）: 0.005182926829268294
  累计稠密奖励（accumulated_dense_reward）: 0.027439024390243892
  稳定性惩罚（stability_penalty）: 0.0

  全局步数（step_global）: 98033
  回合编号（episode_id）: 8169
  层索引（layer_index）: 5
  状态向量（state_vector）: [0.0, 0.0, 0.0, 0.0, 0.0, 1.0, 0.0, 0.0, 0.0, 0.0, 0.0, 0.0, -0.05882352963089943, 0.75, 0.75, 0.25, 0.0, 0.75, 1.0, 0.75, 0.2195121943950653, 0.4166666567325592, 0.0, 0.75, 0.75, 0.75, 0.75, 0.0, 0.0, 0.0, 0.0, 0.0, 0.0, 0.0, 1.0, 0.5, 0.25, 1.0, 0.75, 0.0, 0.0, 0.0, 0.0, 0.0, 0.0, 0.0, 0.75, 1.0, 0.0, 0.0, 0.25, 0.0, 0.0, 0.0, 0.0, 0.0, 0.0, 0.0, 1.0, 1.0, 1.0, 0.0, 0.0, 0.0, 0.0, 0.0, 0.0, 0.0, 0.0, 0.0, 0.25, 1.0, 0.25, 0.75, 0.75, 0.0, 0.0, 0.0, 0.0, 0.0, 0.0, 0.0, 0.75, 1.0, 0.5, 0.75, 1.0, 0.0, 0.0, 0.0, 0.0, 0.0, 0.0, 0.0, 0.5, 1.0, 1.0, 0.75, 0.75, 0.0, 0.0, 0.0, 0.0, 0.0, 0.0, 0.0, -0.20000000298023224, 0.0, 0.9254238605499268]
  当前输入噪声缩放因子（curr_input_noise_scaling_factor）: 24
  当前wq噪声缩放因子（curr_wq_noise_scaling_factor）: 22
  当前wk噪声缩放因子（curr_wk_noise_scaling_factor）: 14
  当前wv噪声缩放因子（curr_wv_noise_scaling_factor）: 16
  当前wo噪声缩放因子（curr_wo_noise_scaling_factor）: 18
  当前wffn1噪声缩放因子（curr_wffn1_noise_scaling_factor）: 18
  当前wffn2噪声缩放因子（curr_wffn2_noise_scaling_factor）: 16
  输入x概率分布（x_prob_dist）: [0.22679497301578522, 0.40273773670196533, 0.19173043966293335, 0.10889960080385208, 0.06983716785907745]
  wq概率分布（wq_prob_dist）: [0.262228786945343, 0.326588898897171, 0.22094498574733734, 0.11011853814125061, 0.08011873066425323]
  wk概率分布（wk_prob_dist）: [0.37831804156303406, 0.28080129623413086, 0.15004383027553558, 0.11341822147369385, 0.07741855829954147]
  wv概率分布（wv_prob_dist）: [0.09638094156980515, 0.40686383843421936, 0.2853120267391205, 0.11250748485326767, 0.09893566370010376]
  wo概率分布（wo_prob_dist）: [0.21450047194957733, 0.3666752278804779, 0.18696777522563934, 0.12576551735401154, 0.10609105229377747]
  wffn1概率分布（wffn1_prob_dist）: [0.4043259918689728, 0.24814008176326752, 0.1617700755596161, 0.11779166758060455, 0.06797216087579727]
  wffn2概率分布（wffn2_prob_dist）: [0.23746101558208466, 0.3939438462257385, 0.17767396569252014, 0.11879662424325943, 0.07212454080581665]
  评论家值（critic_value）: 1.1330331563949585
  累计成本（accumulated_cost）: 19.2
  输入噪声配置（input_noise_config）: [30, 24, 24, 24, 24, 24]
  wq噪声配置（wq_noise_config）: [14, 18, 20, 14, 16, 22]
  wk噪声配置（wk_noise_config）: [16, 14, 22, 22, 20, 14]
  wv噪声配置（wv_noise_config）: [14, 14, 14, 22, 22, 16]
  wo噪声配置（wo_noise_config）: [20, 14, 20, 16, 16, 18]
  wffn1噪声配置（wffn1_noise_config）: [18, 16, 20, 18, 16, 18]
  wffn2噪声配置（wffn2_noise_config）: [18, 14, 14, 16, 16, 16]
  当前学习率（current_lr）: 0.000020
  当前熵系数（current_entropy_coef）: 0.023315
  步奖励（step_reward）: 0.005487804878048775
  稠密奖励步（dense_reward_step）: 0.005487804878048775
  累计稠密奖励（accumulated_dense_reward）: 0.03292682926829267
  稳定性惩罚（stability_penalty）: 0.0

  全局步数（step_global）: 98034
  回合编号（episode_id）: 8169
  层索引（layer_index）: 6
  状态向量（state_vector）: [0.0, 0.0, 0.0, 0.0, 0.0, 0.0, 1.0, 0.0, 0.0, 0.0, 0.0, 0.0, -0.05882352963089943, 0.75, 0.0, 1.0, 0.75, 0.5, 0.75, 0.75, 0.2195121943950653, 0.5, 0.0, 0.75, 0.75, 0.75, 0.75, 0.75, 0.0, 0.0, 0.0, 0.0, 0.0, 0.0, 1.0, 0.5, 0.25, 1.0, 0.75, 0.0, 0.0, 0.0, 0.0, 0.0, 0.0, 0.0, 0.75, 1.0, 0.0, 0.0, 0.25, 1.0, 0.0, 0.0, 0.0, 0.0, 0.0, 0.0, 1.0, 1.0, 1.0, 0.0, 0.0, 0.75, 0.0, 0.0, 0.0, 0.0, 0.0, 0.0, 0.25, 1.0, 0.25, 0.75, 0.75, 0.5, 0.0, 0.0, 0.0, 0.0, 0.0, 0.0, 0.75, 1.0, 0.5, 0.75, 1.0, 0.75, 0.0, 0.0, 0.0, 0.0, 0.0, 0.0, 0.5, 1.0, 1.0, 0.75, 0.75, 0.75, 0.0, 0.0, 0.0, 0.0, 0.0, 0.0, -0.20000000298023224, 0.0, 0.9254238605499268]
  当前输入噪声缩放因子（curr_input_noise_scaling_factor）: 26
  当前wq噪声缩放因子（curr_wq_noise_scaling_factor）: 20
  当前wk噪声缩放因子（curr_wk_noise_scaling_factor）: 14
  当前wv噪声缩放因子（curr_wv_noise_scaling_factor）: 16
  当前wo噪声缩放因子（curr_wo_noise_scaling_factor）: 14
  当前wffn1噪声缩放因子（curr_wffn1_noise_scaling_factor）: 16
  当前wffn2噪声缩放因子（curr_wffn2_noise_scaling_factor）: 16
  输入x概率分布（x_prob_dist）: [0.22681553661823273, 0.4026992619037628, 0.19173528254032135, 0.10890926420688629, 0.06984062492847443]
  wq概率分布（wq_prob_dist）: [0.26222944259643555, 0.3265838623046875, 0.2209312915802002, 0.11013098061084747, 0.0801244005560875]
  wk概率分布（wk_prob_dist）: [0.378313809633255, 0.2807732820510864, 0.15005770325660706, 0.11342699825763702, 0.0774281844496727]
  wv概率分布（wv_prob_dist）: [0.09639273583889008, 0.40682390332221985, 0.2853242754936218, 0.11251702904701233, 0.09894216060638428]
  wo概率分布（wo_prob_dist）: [0.2145073413848877, 0.3666641414165497, 0.1869608461856842, 0.1257716864347458, 0.10609594732522964]
  wffn1概率分布（wffn1_prob_dist）: [0.4043196439743042, 0.24812215566635132, 0.16177204251289368, 0.11780038475990295, 0.06798575818538666]
  wffn2概率分布（wffn2_prob_dist）: [0.23746444284915924, 0.39391469955444336, 0.17769305408000946, 0.11879941821098328, 0.07212842255830765]
  评论家值（critic_value）: 1.137009859085083
  累计成本（accumulated_cost）: 22.25
  输入噪声配置（input_noise_config）: [30, 24, 24, 24, 24, 24, 26]
  wq噪声配置（wq_noise_config）: [14, 18, 20, 14, 16, 22, 20]
  wk噪声配置（wk_noise_config）: [16, 14, 22, 22, 20, 14, 14]
  wv噪声配置（wv_noise_config）: [14, 14, 14, 22, 22, 16, 16]
  wo噪声配置（wo_noise_config）: [20, 14, 20, 16, 16, 18, 14]
  wffn1噪声配置（wffn1_noise_config）: [18, 16, 20, 18, 16, 18, 16]
  wffn2噪声配置（wffn2_noise_config）: [18, 14, 14, 16, 16, 16, 16]
  当前学习率（current_lr）: 0.000020
  当前熵系数（current_entropy_coef）: 0.023315
  步奖励（step_reward）: 0.006402439024390244
  稠密奖励步（dense_reward_step）: 0.006402439024390244
  累计稠密奖励（accumulated_dense_reward）: 0.03932926829268291
  稳定性惩罚（stability_penalty）: 0.0

  全局步数（step_global）: 98035
  回合编号（episode_id）: 8169
  层索引（layer_index）: 7
  状态向量（state_vector）: [0.0, 0.0, 0.0, 0.0, 0.0, 0.0, 0.0, 1.0, 0.0, 0.0, 0.0, 0.0, -0.06512605398893356, 0.5, 0.25, 1.0, 0.75, 1.0, 1.0, 0.75, 0.22473867237567902, 0.5833333134651184, 0.0, 0.75, 0.75, 0.75, 0.75, 0.75, 0.5, 0.0, 0.0, 0.0, 0.0, 0.0, 1.0, 0.5, 0.25, 1.0, 0.75, 0.0, 0.25, 0.0, 0.0, 0.0, 0.0, 0.0, 0.75, 1.0, 0.0, 0.0, 0.25, 1.0, 1.0, 0.0, 0.0, 0.0, 0.0, 0.0, 1.0, 1.0, 1.0, 0.0, 0.0, 0.75, 0.75, 0.0, 0.0, 0.0, 0.0, 0.0, 0.25, 1.0, 0.25, 0.75, 0.75, 0.5, 1.0, 0.0, 0.0, 0.0, 0.0, 0.0, 0.75, 1.0, 0.5, 0.75, 1.0, 0.75, 1.0, 0.0, 0.0, 0.0, 0.0, 0.0, 0.5, 1.0, 1.0, 0.75, 0.75, 0.75, 0.75, 0.0, 0.0, 0.0, 0.0, 0.0, -0.20000000298023224, 0.0, 0.9254238605499268]
  当前输入噪声缩放因子（curr_input_noise_scaling_factor）: 26
  当前wq噪声缩放因子（curr_wq_noise_scaling_factor）: 16
  当前wk噪声缩放因子（curr_wk_noise_scaling_factor）: 18
  当前wv噪声缩放因子（curr_wv_noise_scaling_factor）: 22
  当前wo噪声缩放因子（curr_wo_noise_scaling_factor）: 16
  当前wffn1噪声缩放因子（curr_wffn1_noise_scaling_factor）: 18
  当前wffn2噪声缩放因子（curr_wffn2_noise_scaling_factor）: 14
  输入x概率分布（x_prob_dist）: [0.22680208086967468, 0.40270641446113586, 0.19172929227352142, 0.10891470313072205, 0.06984758377075195]
  wq概率分布（wq_prob_dist）: [0.26221874356269836, 0.32657086849212646, 0.22095204889774323, 0.11013048887252808, 0.08012783527374268]
  wk概率分布（wk_prob_dist）: [0.3783142864704132, 0.2807844877243042, 0.15005309879779816, 0.11342151463031769, 0.07742658257484436]
  wv概率分布（wv_prob_dist）: [0.09639500081539154, 0.406818687915802, 0.2853300869464874, 0.11251300573348999, 0.09894324094057083]
  wo概率分布（wo_prob_dist）: [0.21449436247348785, 0.3666844666004181, 0.18695497512817383, 0.12577296793460846, 0.10609319806098938]
  wffn1概率分布（wffn1_prob_dist）: [0.4042883813381195, 0.2481502741575241, 0.1617850512266159, 0.11779221892356873, 0.06798404455184937]
  wffn2概率分布（wffn2_prob_dist）: [0.23747776448726654, 0.39390021562576294, 0.17768199741840363, 0.11880477517843246, 0.07213518023490906]
  评论家值（critic_value）: 1.1428550481796265
  累计成本（accumulated_cost）: 25.5
  输入噪声配置（input_noise_config）: [30, 24, 24, 24, 24, 24, 26, 26]
  wq噪声配置（wq_noise_config）: [14, 18, 20, 14, 16, 22, 20, 16]
  wk噪声配置（wk_noise_config）: [16, 14, 22, 22, 20, 14, 14, 18]
  wv噪声配置（wv_noise_config）: [14, 14, 14, 22, 22, 16, 16, 22]
  wo噪声配置（wo_noise_config）: [20, 14, 20, 16, 16, 18, 14, 16]
  wffn1噪声配置（wffn1_noise_config）: [18, 16, 20, 18, 16, 18, 16, 18]
  wffn2噪声配置（wffn2_noise_config）: [18, 14, 14, 16, 16, 16, 16, 14]
  当前学习率（current_lr）: 0.000020
  当前熵系数（current_entropy_coef）: 0.023315
  步奖励（step_reward）: 0.005182926829268291
  稠密奖励步（dense_reward_step）: 0.005182926829268291
  累计稠密奖励（accumulated_dense_reward）: 0.044512195121951204
  稳定性惩罚（stability_penalty）: 0.0

  全局步数（step_global）: 98036
  回合编号（episode_id）: 8169
  层索引（layer_index）: 8
  状态向量（state_vector）: [0.0, 0.0, 0.0, 0.0, 0.0, 0.0, 0.0, 0.0, 1.0, 0.0, 0.0, 0.0, -0.0625, 0.5, 0.75, 0.5, 0.0, 0.75, 0.75, 1.0, 0.22256097197532654, 0.6666666865348816, 0.0, 0.75, 0.75, 0.75, 0.75, 0.75, 0.5, 0.5, 0.0, 0.0, 0.0, 0.0, 1.0, 0.5, 0.25, 1.0, 0.75, 0.0, 0.25, 0.75, 0.0, 0.0, 0.0, 0.0, 0.75, 1.0, 0.0, 0.0, 0.25, 1.0, 1.0, 0.5, 0.0, 0.0, 0.0, 0.0, 1.0, 1.0, 1.0, 0.0, 0.0, 0.75, 0.75, 0.0, 0.0, 0.0, 0.0, 0.0, 0.25, 1.0, 0.25, 0.75, 0.75, 0.5, 1.0, 0.75, 0.0, 0.0, 0.0, 0.0, 0.75, 1.0, 0.5, 0.75, 1.0, 0.75, 1.0, 0.75, 0.0, 0.0, 0.0, 0.0, 0.5, 1.0, 1.0, 0.75, 0.75, 0.75, 0.75, 1.0, 0.0, 0.0, 0.0, 0.0, -0.20000000298023224, 0.0, 0.9254238605499268]
  当前输入噪声缩放因子（curr_input_noise_scaling_factor）: 26
  当前wq噪声缩放因子（curr_wq_noise_scaling_factor）: 14
  当前wk噪声缩放因子（curr_wk_noise_scaling_factor）: 16
  当前wv噪声缩放因子（curr_wv_noise_scaling_factor）: 20
  当前wo噪声缩放因子（curr_wo_noise_scaling_factor）: 20
  当前wffn1噪声缩放因子（curr_wffn1_noise_scaling_factor）: 16
  当前wffn2噪声缩放因子（curr_wffn2_noise_scaling_factor）: 16
  输入x概率分布（x_prob_dist）: [0.2267913818359375, 0.40274009108543396, 0.19172614812850952, 0.108902208507061, 0.0698402002453804]
  wq概率分布（wq_prob_dist）: [0.2622118890285492, 0.3265745937824249, 0.2209678739309311, 0.11012587696313858, 0.0801197960972786]
  wk概率分布（wk_prob_dist）: [0.3783082962036133, 0.2808034420013428, 0.1500384658575058, 0.11342594027519226, 0.07742391526699066]
  wv概率分布（wv_prob_dist）: [0.09637675434350967, 0.4068668484687805, 0.2853124141693115, 0.11250952631235123, 0.09893447905778885]
  wo概率分布（wo_prob_dist）: [0.21450310945510864, 0.36664754152297974, 0.18699705600738525, 0.12575435638427734, 0.10609788447618484]
  wffn1概率分布（wffn1_prob_dist）: [0.40431103110313416, 0.24815577268600464, 0.1617794930934906, 0.11778845638036728, 0.06796527653932571]
  wffn2概率分布（wffn2_prob_dist）: [0.23747092485427856, 0.39395198225975037, 0.17766626179218292, 0.11878859996795654, 0.0721222385764122]
  评论家值（critic_value）: 1.1501041650772095
  累计成本（accumulated_cost）: 28.7
  输入噪声配置（input_noise_config）: [30, 24, 24, 24, 24, 24, 26, 26, 26]
  wq噪声配置（wq_noise_config）: [14, 18, 20, 14, 16, 22, 20, 16, 14]
  wk噪声配置（wk_noise_config）: [16, 14, 22, 22, 20, 14, 14, 18, 16]
  wv噪声配置（wv_noise_config）: [14, 14, 14, 22, 22, 16, 16, 22, 20]
  wo噪声配置（wo_noise_config）: [20, 14, 20, 16, 16, 18, 14, 16, 20]
  wffn1噪声配置（wffn1_noise_config）: [18, 16, 20, 18, 16, 18, 16, 18, 16]
  wffn2噪声配置（wffn2_noise_config）: [18, 14, 14, 16, 16, 16, 16, 14, 16]
  当前学习率（current_lr）: 0.000020
  当前熵系数（current_entropy_coef）: 0.023315
  步奖励（step_reward）: 0.005487804878048781
  稠密奖励步（dense_reward_step）: 0.005487804878048781
  累计稠密奖励（accumulated_dense_reward）: 0.04999999999999998
  稳定性惩罚（stability_penalty）: 0.0

  全局步数（step_global）: 98037
  回合编号（episode_id）: 8169
  层索引（layer_index）: 9
  状态向量（state_vector）: [0.0, 0.0, 0.0, 0.0, 0.0, 0.0, 0.0, 0.0, 0.0, 1.0, 0.0, 0.0, -0.06209150329232216, 0.5, 1.0, 0.75, 0.25, 0.25, 1.0, 0.75, 0.2222222238779068, 0.75, 0.0, 0.75, 0.75, 0.75, 0.75, 0.75, 0.5, 0.5, 0.5, 0.0, 0.0, 0.0, 1.0, 0.5, 0.25, 1.0, 0.75, 0.0, 0.25, 0.75, 1.0, 0.0, 0.0, 0.0, 0.75, 1.0, 0.0, 0.0, 0.25, 1.0, 1.0, 0.5, 0.75, 0.0, 0.0, 0.0, 1.0, 1.0, 1.0, 0.0, 0.0, 0.75, 0.75, 0.0, 0.25, 0.0, 0.0, 0.0, 0.25, 1.0, 0.25, 0.75, 0.75, 0.5, 1.0, 0.75, 0.25, 0.0, 0.0, 0.0, 0.75, 1.0, 0.5, 0.75, 1.0, 0.75, 1.0, 0.75, 1.0, 0.0, 0.0, 0.0, 0.5, 1.0, 1.0, 0.75, 0.75, 0.75, 0.75, 1.0, 0.75, 0.0, 0.0, 0.0, -0.20000000298023224, 0.0, 0.9254238605499268]
  当前输入噪声缩放因子（curr_input_noise_scaling_factor）: 24
  当前wq噪声缩放因子（curr_wq_noise_scaling_factor）: 18
  当前wk噪声缩放因子（curr_wk_noise_scaling_factor）: 14
  当前wv噪声缩放因子（curr_wv_noise_scaling_factor）: 16
  当前wo噪声缩放因子（curr_wo_noise_scaling_factor）: 18
  当前wffn1噪声缩放因子（curr_wffn1_noise_scaling_factor）: 18
  当前wffn2噪声缩放因子（curr_wffn2_noise_scaling_factor）: 16
  输入x概率分布（x_prob_dist）: [0.22678841650485992, 0.4027378559112549, 0.1917342245578766, 0.10889885574579239, 0.06984066218137741]
  wq概率分布（wq_prob_dist）: [0.262221097946167, 0.3265695869922638, 0.22096377611160278, 0.11012420058250427, 0.08012131601572037]
  wk概率分布（wk_prob_dist）: [0.3783230185508728, 0.28080400824546814, 0.1500297635793686, 0.11342126876115799, 0.07742193341255188]
  wv概率分布（wv_prob_dist）: [0.09637463837862015, 0.4068666100502014, 0.28530898690223694, 0.11251528561115265, 0.09893448650836945]
  wo概率分布（wo_prob_dist）: [0.2144978940486908, 0.3666408658027649, 0.18700027465820312, 0.1257546842098236, 0.10610620677471161]
  wffn1概率分布（wffn1_prob_dist）: [0.40432536602020264, 0.24814128875732422, 0.1617756336927414, 0.1177896186709404, 0.06796811521053314]
  wffn2概率分布（wffn2_prob_dist）: [0.2374723106622696, 0.39392831921577454, 0.17767548561096191, 0.1187971904873848, 0.07212665677070618]
  评论家值（critic_value）: 1.157785415649414
  累计成本（accumulated_cost）: 31.8
  输入噪声配置（input_noise_config）: [30, 24, 24, 24, 24, 24, 26, 26, 26, 24]
  wq噪声配置（wq_noise_config）: [14, 18, 20, 14, 16, 22, 20, 16, 14, 18]
  wk噪声配置（wk_noise_config）: [16, 14, 22, 22, 20, 14, 14, 18, 16, 14]
  wv噪声配置（wv_noise_config）: [14, 14, 14, 22, 22, 16, 16, 22, 20, 16]
  wo噪声配置（wo_noise_config）: [20, 14, 20, 16, 16, 18, 14, 16, 20, 18]
  wffn1噪声配置（wffn1_noise_config）: [18, 16, 20, 18, 16, 18, 16, 18, 16, 18]
  wffn2噪声配置（wffn2_noise_config）: [18, 14, 14, 16, 16, 16, 16, 14, 16, 16]
  当前学习率（current_lr）: 0.000020
  当前熵系数（current_entropy_coef）: 0.023315
  步奖励（step_reward）: 0.006097560975609751
  稠密奖励步（dense_reward_step）: 0.006097560975609751
  累计稠密奖励（accumulated_dense_reward）: 0.05609756097560974
  稳定性惩罚（stability_penalty）: 0.0

  全局步数（step_global）: 98038
  回合编号（episode_id）: 8169
  层索引（layer_index）: 10
  状态向量（state_vector）: [0.0, 0.0, 0.0, 0.0, 0.0, 0.0, 0.0, 0.0, 0.0, 0.0, 1.0, 0.0, -0.06470588594675064, 0.75, 0.5, 1.0, 0.75, 0.5, 0.75, 0.75, 0.22439023852348328, 0.8333333134651184, 0.0, 0.75, 0.75, 0.75, 0.75, 0.75, 0.5, 0.5, 0.5, 0.75, 0.0, 0.0, 1.0, 0.5, 0.25, 1.0, 0.75, 0.0, 0.25, 0.75, 1.0, 0.5, 0.0, 0.0, 0.75, 1.0, 0.0, 0.0, 0.25, 1.0, 1.0, 0.5, 0.75, 1.0, 0.0, 0.0, 1.0, 1.0, 1.0, 0.0, 0.0, 0.75, 0.75, 0.0, 0.25, 0.75, 0.0, 0.0, 0.25, 1.0, 0.25, 0.75, 0.75, 0.5, 1.0, 0.75, 0.25, 0.5, 0.0, 0.0, 0.75, 1.0, 0.5, 0.75, 1.0, 0.75, 1.0, 0.75, 1.0, 0.75, 0.0, 0.0, 0.5, 1.0, 1.0, 0.75, 0.75, 0.75, 0.75, 1.0, 0.75, 0.75, 0.0, 0.0, -0.20000000298023224, 0.0, 0.9254238605499268]
  当前输入噪声缩放因子（curr_input_noise_scaling_factor）: 24
  当前wq噪声缩放因子（curr_wq_noise_scaling_factor）: 16
  当前wk噪声缩放因子（curr_wk_noise_scaling_factor）: 14
  当前wv噪声缩放因子（curr_wv_noise_scaling_factor）: 16
  当前wo噪声缩放因子（curr_wo_noise_scaling_factor）: 16
  当前wffn1噪声缩放因子（curr_wffn1_noise_scaling_factor）: 16
  当前wffn2噪声缩放因子（curr_wffn2_noise_scaling_factor）: 20
  输入x概率分布（x_prob_dist）: [0.22681061923503876, 0.4026377499103546, 0.19173386693000793, 0.10894204676151276, 0.06987570971250534]
  wq概率分布（wq_prob_dist）: [0.26222339272499084, 0.326527863740921, 0.22093059122562408, 0.11015775054693222, 0.08016040176153183]
  wk概率分布（wk_prob_dist）: [0.3782362937927246, 0.28074634075164795, 0.15008924901485443, 0.11346860975027084, 0.07745955884456635]
  wv概率分布（wv_prob_dist）: [0.09643100202083588, 0.4067399799823761, 0.28531020879745483, 0.11254366487264633, 0.09897515177726746]
  wo概率分布（wo_prob_dist）: [0.21449926495552063, 0.36664363741874695, 0.18694724142551422, 0.12580569088459015, 0.10610412806272507]
  wffn1概率分布（wffn1_prob_dist）: [0.40423092246055603, 0.24811086058616638, 0.16181547939777374, 0.11782743036746979, 0.06801532953977585]
  wffn2概率分布（wffn2_prob_dist）: [0.23745983839035034, 0.39384594559669495, 0.1777043491601944, 0.11883193999528885, 0.07215793430805206]
  评论家值（critic_value）: 1.1683087348937988
  累计成本（accumulated_cost）: 34.85
  输入噪声配置（input_noise_config）: [30, 24, 24, 24, 24, 24, 26, 26, 26, 24, 24]
  wq噪声配置（wq_noise_config）: [14, 18, 20, 14, 16, 22, 20, 16, 14, 18, 16]
  wk噪声配置（wk_noise_config）: [16, 14, 22, 22, 20, 14, 14, 18, 16, 14, 14]
  wv噪声配置（wv_noise_config）: [14, 14, 14, 22, 22, 16, 16, 22, 20, 16, 16]
  wo噪声配置（wo_noise_config）: [20, 14, 20, 16, 16, 18, 14, 16, 20, 18, 16]
  wffn1噪声配置（wffn1_noise_config）: [18, 16, 20, 18, 16, 18, 16, 18, 16, 18, 16]
  wffn2噪声配置（wffn2_noise_config）: [18, 14, 14, 16, 16, 16, 16, 14, 16, 16, 20]
  当前学习率（current_lr）: 0.000020
  当前熵系数（current_entropy_coef）: 0.023315
  步奖励（step_reward）: 0.006402439024390244
  稠密奖励步（dense_reward_step）: 0.006402439024390244
  累计稠密奖励（accumulated_dense_reward）: 0.06249999999999998
  稳定性惩罚（stability_penalty）: 0.0

  全局步数（step_global）: 98039
  回合编号（episode_id）: 8169
  层索引（layer_index）: 11
  状态向量（state_vector）: [0.0, 0.0, 0.0, 0.0, 0.0, 0.0, 0.0, 0.0, 0.0, 0.0, 0.0, 1.0, -0.06818182021379471, 0.75, 0.75, 1.0, 0.75, 0.75, 1.0, 0.25, 0.22727273404598236, 0.9166666865348816, 0.0, 0.75, 0.75, 0.75, 0.75, 0.75, 0.5, 0.5, 0.5, 0.75, 0.75, 0.0, 1.0, 0.5, 0.25, 1.0, 0.75, 0.0, 0.25, 0.75, 1.0, 0.5, 0.75, 0.0, 0.75, 1.0, 0.0, 0.0, 0.25, 1.0, 1.0, 0.5, 0.75, 1.0, 1.0, 0.0, 1.0, 1.0, 1.0, 0.0, 0.0, 0.75, 0.75, 0.0, 0.25, 0.75, 0.75, 0.0, 0.25, 1.0, 0.25, 0.75, 0.75, 0.5, 1.0, 0.75, 0.25, 0.5, 0.75, 0.0, 0.75, 1.0, 0.5, 0.75, 1.0, 0.75, 1.0, 0.75, 1.0, 0.75, 1.0, 0.0, 0.5, 1.0, 1.0, 0.75, 0.75, 0.75, 0.75, 1.0, 0.75, 0.75, 0.25, 0.0, -0.20000000298023224, 0.0, 0.9254238605499268]
  当前输入噪声缩放因子（curr_input_noise_scaling_factor）: 24
  当前wq噪声缩放因子（curr_wq_noise_scaling_factor）: 18
  当前wk噪声缩放因子（curr_wk_noise_scaling_factor）: 18
  当前wv噪声缩放因子（curr_wv_noise_scaling_factor）: 14
  当前wo噪声缩放因子（curr_wo_noise_scaling_factor）: 16
  当前wffn1噪声缩放因子（curr_wffn1_noise_scaling_factor）: 18
  当前wffn2噪声缩放因子（curr_wffn2_noise_scaling_factor）: 20
  输入x概率分布（x_prob_dist）: [0.2268172800540924, 0.4027121961116791, 0.19172783195972443, 0.10890460759401321, 0.0698380395770073]
  wq概率分布（wq_prob_dist）: [0.26222360134124756, 0.32658150792121887, 0.22094488143920898, 0.11012755334377289, 0.0801224485039711]
  wk概率分布（wk_prob_dist）: [0.37830278277397156, 0.2807883024215698, 0.1500502973794937, 0.11342909187078476, 0.07742951810359955]
  wv概率分布（wv_prob_dist）: [0.0963863879442215, 0.4068385064601898, 0.2853223383426666, 0.11251476407051086, 0.09893795102834702]
  wo概率分布（wo_prob_dist）: [0.21450941264629364, 0.36664432287216187, 0.18697836995124817, 0.12576469779014587, 0.10610324144363403]
  wffn1概率分布（wffn1_prob_dist）: [0.4043201506137848, 0.24813203513622284, 0.16177068650722504, 0.1177976205945015, 0.06797951459884644]
  wffn2概率分布（wffn2_prob_dist）: [0.2374640852212906, 0.3939346373081207, 0.17768751084804535, 0.11879166960716248, 0.07212206721305847]
  评论家值（critic_value）: 1.1722171306610107
  累计成本（accumulated_cost）: 38.050000000000004
  输入噪声配置（input_noise_config）: [30, 24, 24, 24, 24, 24, 26, 26, 26, 24, 24, 24]
  wq噪声配置（wq_noise_config）: [14, 18, 20, 14, 16, 22, 20, 16, 14, 18, 16, 18]
  wk噪声配置（wk_noise_config）: [16, 14, 22, 22, 20, 14, 14, 18, 16, 14, 14, 18]
  wv噪声配置（wv_noise_config）: [14, 14, 14, 22, 22, 16, 16, 22, 20, 16, 16, 14]
  wo噪声配置（wo_noise_config）: [20, 14, 20, 16, 16, 18, 14, 16, 20, 18, 16, 16]
  wffn1噪声配置（wffn1_noise_config）: [18, 16, 20, 18, 16, 18, 16, 18, 16, 18, 16, 18]
  wffn2噪声配置（wffn2_noise_config）: [18, 14, 14, 16, 16, 16, 16, 14, 16, 16, 20, 20]
  当前学习率（current_lr）: 0.000020
  当前熵系数（current_entropy_coef）: 0.023315
  蒙特卡洛采样数（mc_samples）: 5
  蒙特卡洛损失均值（mc_loss_mean）: 0.2920524120330811
  蒙特卡洛损失标准差（mc_loss_std）: 0.002669201684799217
  蒙特卡洛指标1均值（mc_metric1_mean）: 0.9031578947368422
  蒙特卡洛指标1标准差（mc_metric1_std）: 0.005701079582200692
  蒙特卡洛指标2均值（mc_metric2_mean）: 0.901515131424253
  蒙特卡洛指标2标准差（mc_metric2_std）: 0.005776058042182536
  步奖励（step_reward）: 1.0527928890951643
  稠密奖励步（dense_reward_step）: 0.005487804878048778
  原始最终奖励（raw_final_reward）: 1.0473050842171157
  最终选择分数（final_selection_score）: 1.0473050842171157
  累计稠密奖励（accumulated_dense_reward）: 0.06798780487804876
  稳定性代理（stability_proxy）: 0.5894308045492684
  稳定性惩罚（stability_penalty）: -0.0

--- 回合（Episode） 8171 (回合回报（EpisodeReturn）=1.2183, 原始最终奖励（RawFinalReward）=1.1491, 稠密奖励合计（DenseRewardTotal）=0.0692) ---
  全局步数（step_global）: 98040
  回合编号（episode_id）: 8170
  层索引（layer_index）: 0
  状态向量（state_vector）: [1.0, 0.0, 0.0, 0.0, 0.0, 0.0, 0.0, 0.0, 0.0, 0.0, 0.0, 0.0, 0.0, 0.0, 0.0, 0.0, 0.0, 0.0, 0.0, 0.0, 0.0, 0.0, 0.0, 0.0, 0.0, 0.0, 0.0, 0.0, 0.0, 0.0, 0.0, 0.0, 0.0, 0.0, 0.0, 0.0, 0.0, 0.0, 0.0, 0.0, 0.0, 0.0, 0.0, 0.0, 0.0, 0.0, 0.0, 0.0, 0.0, 0.0, 0.0, 0.0, 0.0, 0.0, 0.0, 0.0, 0.0, 0.0, 0.0, 0.0, 0.0, 0.0, 0.0, 0.0, 0.0, 0.0, 0.0, 0.0, 0.0, 0.0, 0.0, 0.0, 0.0, 0.0, 0.0, 0.0, 0.0, 0.0, 0.0, 0.0, 0.0, 0.0, 0.0, 0.0, 0.0, 0.0, 0.0, 0.0, 0.0, 0.0, 0.0, 0.0, 0.0, 0.0, 0.0, 0.0, 0.0, 0.0, 0.0, 0.0, 0.0, 0.0, 0.0, 0.0, 0.0, 0.0, -0.20000000298023224, 0.0, 0.8303361535072327]
  当前输入噪声缩放因子（curr_input_noise_scaling_factor）: 26
  当前wq噪声缩放因子（curr_wq_noise_scaling_factor）: 14
  当前wk噪声缩放因子（curr_wk_noise_scaling_factor）: 16
  当前wv噪声缩放因子（curr_wv_noise_scaling_factor）: 20
  当前wo噪声缩放因子（curr_wo_noise_scaling_factor）: 16
  当前wffn1噪声缩放因子（curr_wffn1_noise_scaling_factor）: 16
  当前wffn2噪声缩放因子（curr_wffn2_noise_scaling_factor）: 16
  输入x概率分布（x_prob_dist）: [0.2271556705236435, 0.4007945656776428, 0.19198590517044067, 0.1095496118068695, 0.07051432132720947]
  wq概率分布（wq_prob_dist）: [0.2617478668689728, 0.32578733563423157, 0.22091613709926605, 0.11079178750514984, 0.08075691759586334]
  wk概率分布（wk_prob_dist）: [0.3772311806678772, 0.28008338809013367, 0.15063801407814026, 0.11399008333683014, 0.07805733382701874]
  wv概率分布（wv_prob_dist）: [0.09718940407037735, 0.4047870337963104, 0.2851402461528778, 0.11321548372507095, 0.09966785460710526]
  wo概率分布（wo_prob_dist）: [0.2145603895187378, 0.36537715792655945, 0.1870768666267395, 0.12628225982189178, 0.10670335590839386]
  wffn1概率分布（wffn1_prob_dist）: [0.4026610255241394, 0.24787276983261108, 0.16226129233837128, 0.1185336485505104, 0.06867123395204544]
  wffn2概率分布（wffn2_prob_dist）: [0.2375447154045105, 0.3921186327934265, 0.17809070646762848, 0.11945147812366486, 0.07279447466135025]
  评论家值（critic_value）: 1.1063841581344604
  累计成本（accumulated_cost）: 3.0999999999999996
  输入噪声配置（input_noise_config）: [26]
  wq噪声配置（wq_noise_config）: [14]
  wk噪声配置（wk_noise_config）: [16]
  wv噪声配置（wv_noise_config）: [20]
  wo噪声配置（wo_noise_config）: [16]
  wffn1噪声配置（wffn1_noise_config）: [16]
  wffn2噪声配置（wffn2_noise_config）: [16]
  当前学习率（current_lr）: 0.000020
  当前熵系数（current_entropy_coef）: 0.023311
  步奖励（step_reward）: 0.006097560975609757
  稠密奖励步（dense_reward_step）: 0.006097560975609757
  累计稠密奖励（accumulated_dense_reward）: 0.006097560975609757
  稳定性惩罚（stability_penalty）: 0.0

  全局步数（step_global）: 98041
  回合编号（episode_id）: 8170
  层索引（layer_index）: 1
  状态向量（state_vector）: [0.0, 1.0, 0.0, 0.0, 0.0, 0.0, 0.0, 0.0, 0.0, 0.0, 0.0, 0.0, -0.0882352963089943, 0.5, 1.0, 0.75, 0.25, 0.75, 1.0, 0.75, 0.24390244483947754, 0.0833333358168602, 0.5, 0.0, 0.0, 0.0, 0.0, 0.0, 0.0, 0.0, 0.0, 0.0, 0.0, 0.0, 1.0, 0.0, 0.0, 0.0, 0.0, 0.0, 0.0, 0.0, 0.0, 0.0, 0.0, 0.0, 0.75, 0.0, 0.0, 0.0, 0.0, 0.0, 0.0, 0.0, 0.0, 0.0, 0.0, 0.0, 0.25, 0.0, 0.0, 0.0, 0.0, 0.0, 0.0, 0.0, 0.0, 0.0, 0.0, 0.0, 0.75, 0.0, 0.0, 0.0, 0.0, 0.0, 0.0, 0.0, 0.0, 0.0, 0.0, 0.0, 1.0, 0.0, 0.0, 0.0, 0.0, 0.0, 0.0, 0.0, 0.0, 0.0, 0.0, 0.0, 0.75, 0.0, 0.0, 0.0, 0.0, 0.0, 0.0, 0.0, 0.0, 0.0, 0.0, 0.0, -0.20000000298023224, 0.0, 0.8303361535072327]
  当前输入噪声缩放因子（curr_input_noise_scaling_factor）: 24
  当前wq噪声缩放因子（curr_wq_noise_scaling_factor）: 18
  当前wk噪声缩放因子（curr_wk_noise_scaling_factor）: 20
  当前wv噪声缩放因子（curr_wv_noise_scaling_factor）: 16
  当前wo噪声缩放因子（curr_wo_noise_scaling_factor）: 20
  当前wffn1噪声缩放因子（curr_wffn1_noise_scaling_factor）: 18
  当前wffn2噪声缩放因子（curr_wffn2_noise_scaling_factor）: 16
  输入x概率分布（x_prob_dist）: [0.22679364681243896, 0.40281298756599426, 0.19171300530433655, 0.10887154191732407, 0.06980886310338974]
  wq概率分布（wq_prob_dist）: [0.26224812865257263, 0.3266266882419586, 0.22094585001468658, 0.11008666455745697, 0.08009273558855057]
  wk概率分布（wk_prob_dist）: [0.3783976137638092, 0.28081196546554565, 0.15001872181892395, 0.11338537186384201, 0.07738632708787918]
  wv概率分布（wv_prob_dist）: [0.0963498055934906, 0.4069528877735138, 0.28532183170318604, 0.11246944963932037, 0.098906010389328]
  wo概率分布（wo_prob_dist）: [0.21448595821857452, 0.3667628765106201, 0.18694856762886047, 0.1257389932870865, 0.10606355220079422]
  wffn1概率分布（wffn1_prob_dist）: [0.40439149737358093, 0.2481519728899002, 0.16174958646297455, 0.11776520311832428, 0.06794174015522003]
  wffn2概率分布（wffn2_prob_dist）: [0.23746086657047272, 0.3940039873123169, 0.17766326665878296, 0.11877196282148361, 0.07209999859333038]
  评论家值（critic_value）: 1.11605966091156
  累计成本（accumulated_cost）: 6.4
  输入噪声配置（input_noise_config）: [26, 24]
  wq噪声配置（wq_noise_config）: [14, 18]
  wk噪声配置（wk_noise_config）: [16, 20]
  wv噪声配置（wv_noise_config）: [20, 16]
  wo噪声配置（wo_noise_config）: [16, 20]
  wffn1噪声配置（wffn1_noise_config）: [16, 18]
  wffn2噪声配置（wffn2_noise_config）: [16, 16]
  当前学习率（current_lr）: 0.000020
  当前熵系数（current_entropy_coef）: 0.023311
  步奖励（step_reward）: 0.004878048780487802
  稠密奖励步（dense_reward_step）: 0.004878048780487802
  累计稠密奖励（accumulated_dense_reward）: 0.01097560975609756
  稳定性惩罚（stability_penalty）: 0.0

  全局步数（step_global）: 98042
  回合编号（episode_id）: 8170
  层索引（layer_index）: 2
  状态向量（state_vector）: [0.0, 0.0, 1.0, 0.0, 0.0, 0.0, 0.0, 0.0, 0.0, 0.0, 0.0, 0.0, -0.05882352963089943, 0.75, 0.5, 0.25, 0.75, 0.25, 0.75, 0.75, 0.2195121943950653, 0.1666666716337204, 0.5, 0.75, 0.0, 0.0, 0.0, 0.0, 0.0, 0.0, 0.0, 0.0, 0.0, 0.0, 1.0, 0.5, 0.0, 0.0, 0.0, 0.0, 0.0, 0.0, 0.0, 0.0, 0.0, 0.0, 0.75, 0.25, 0.0, 0.0, 0.0, 0.0, 0.0, 0.0, 0.0, 0.0, 0.0, 0.0, 0.25, 0.75, 0.0, 0.0, 0.0, 0.0, 0.0, 0.0, 0.0, 0.0, 0.0, 0.0, 0.75, 0.25, 0.0, 0.0, 0.0, 0.0, 0.0, 0.0, 0.0, 0.0, 0.0, 0.0, 1.0, 0.75, 0.0, 0.0, 0.0, 0.0, 0.0, 0.0, 0.0, 0.0, 0.0, 0.0, 0.75, 0.75, 0.0, 0.0, 0.0, 0.0, 0.0, 0.0, 0.0, 0.0, 0.0, 0.0, -0.20000000298023224, 0.0, 0.8303361535072327]
  当前输入噪声缩放因子（curr_input_noise_scaling_factor）: 24
  当前wq噪声缩放因子（curr_wq_noise_scaling_factor）: 20
  当前wk噪声缩放因子（curr_wk_noise_scaling_factor）: 16
  当前wv噪声缩放因子（curr_wv_noise_scaling_factor）: 16
  当前wo噪声缩放因子（curr_wo_noise_scaling_factor）: 16
  当前wffn1噪声缩放因子（curr_wffn1_noise_scaling_factor）: 16
  当前wffn2噪声缩放因子（curr_wffn2_noise_scaling_factor）: 16
  输入x概率分布（x_prob_dist）: [0.2267998456954956, 0.4026998281478882, 0.19173645973205566, 0.10891599208116531, 0.06984793394804001]
  wq概率分布（wq_prob_dist）: [0.2622259855270386, 0.3265584707260132, 0.2209516316652298, 0.11013276129961014, 0.08013112097978592]
  wk概率分布（wk_prob_dist）: [0.378277450799942, 0.2807963192462921, 0.15005077421665192, 0.11343853920698166, 0.07743696868419647]
  wv概率分布（wv_prob_dist）: [0.09638988226652145, 0.406840443611145, 0.2853078842163086, 0.1125185489654541, 0.09894324839115143]
  wo概率分布（wo_prob_dist）: [0.2145061492919922, 0.36663225293159485, 0.1869843453168869, 0.12577202916145325, 0.10610522329807281]
  wffn1概率分布（wffn1_prob_dist）: [0.4042937755584717, 0.24814777076244354, 0.16178163886070251, 0.11779524385929108, 0.06798157095909119]
  wffn2概率分布（wffn2_prob_dist）: [0.2374577820301056, 0.3939370810985565, 0.1776784509420395, 0.1187954843044281, 0.0721311941742897]
  评论家值（critic_value）: 1.1180415153503418
  累计成本（accumulated_cost）: 9.5
  输入噪声配置（input_noise_config）: [26, 24, 24]
  wq噪声配置（wq_noise_config）: [14, 18, 20]
  wk噪声配置（wk_noise_config）: [16, 20, 16]
  wv噪声配置（wv_noise_config）: [20, 16, 16]
  wo噪声配置（wo_noise_config）: [16, 20, 16]
  wffn1噪声配置（wffn1_noise_config）: [16, 18, 16]
  wffn2噪声配置（wffn2_noise_config）: [16, 16, 16]
  当前学习率（current_lr）: 0.000020
  当前熵系数（current_entropy_coef）: 0.023311
  步奖励（step_reward）: 0.006097560975609757
  稠密奖励步（dense_reward_step）: 0.006097560975609757
  累计稠密奖励（accumulated_dense_reward）: 0.01707317073170732
  稳定性惩罚（stability_penalty）: 0.0

  全局步数（step_global）: 98043
  回合编号（episode_id）: 8170
  层索引（layer_index）: 3
  状态向量（state_vector）: [0.0, 0.0, 0.0, 1.0, 0.0, 0.0, 0.0, 0.0, 0.0, 0.0, 0.0, 0.0, -0.06862745434045792, 0.75, 0.25, 0.75, 0.75, 0.75, 1.0, 0.75, 0.22764228284358978, 0.25, 0.5, 0.75, 0.75, 0.0, 0.0, 0.0, 0.0, 0.0, 0.0, 0.0, 0.0, 0.0, 1.0, 0.5, 0.25, 0.0, 0.0, 0.0, 0.0, 0.0, 0.0, 0.0, 0.0, 0.0, 0.75, 0.25, 0.75, 0.0, 0.0, 0.0, 0.0, 0.0, 0.0, 0.0, 0.0, 0.0, 0.25, 0.75, 0.75, 0.0, 0.0, 0.0, 0.0, 0.0, 0.0, 0.0, 0.0, 0.0, 0.75, 0.25, 0.75, 0.0, 0.0, 0.0, 0.0, 0.0, 0.0, 0.0, 0.0, 0.0, 1.0, 0.75, 1.0, 0.0, 0.0, 0.0, 0.0, 0.0, 0.0, 0.0, 0.0, 0.0, 0.75, 0.75, 0.75, 0.0, 0.0, 0.0, 0.0, 0.0, 0.0, 0.0, 0.0, 0.0, -0.20000000298023224, 0.0, 0.8303361535072327]
  当前输入噪声缩放因子（curr_input_noise_scaling_factor）: 26
  当前wq噪声缩放因子（curr_wq_noise_scaling_factor）: 16
  当前wk噪声缩放因子（curr_wk_noise_scaling_factor）: 14
  当前wv噪声缩放因子（curr_wv_noise_scaling_factor）: 16
  当前wo噪声缩放因子（curr_wo_noise_scaling_factor）: 16
  当前wffn1噪声缩放因子（curr_wffn1_noise_scaling_factor）: 18
  当前wffn2噪声缩放因子（curr_wffn2_noise_scaling_factor）: 16
  输入x概率分布（x_prob_dist）: [0.22679392993450165, 0.4027750492095947, 0.19172260165214539, 0.1088859885931015, 0.06982238590717316]
  wq概率分布（wq_prob_dist）: [0.26222899556159973, 0.326607346534729, 0.22095368802547455, 0.11010640114545822, 0.0801035612821579]
  wk概率分布（wk_prob_dist）: [0.3783531188964844, 0.2808130383491516, 0.15002666413784027, 0.11340245604515076, 0.07740475982427597]
  wv概率分布（wv_prob_dist）: [0.09636355936527252, 0.4069080352783203, 0.28532034158706665, 0.11249154061079025, 0.09891645610332489]
  wo概率分布（wo_prob_dist）: [0.21450482308864594, 0.366704523563385, 0.18696492910385132, 0.12574808299541473, 0.10607767105102539]
  wffn1概率分布（wffn1_prob_dist）: [0.4043600261211395, 0.24814879894256592, 0.1617620438337326, 0.11777227371931076, 0.06795686483383179]
  wffn2概率分布（wffn2_prob_dist）: [0.23746520280838013, 0.3939897418022156, 0.17766018211841583, 0.11877676099538803, 0.07210814952850342]
  评论家值（critic_value）: 1.1300688982009888
  累计成本（accumulated_cost）: 12.55
  输入噪声配置（input_noise_config）: [26, 24, 24, 26]
  wq噪声配置（wq_noise_config）: [14, 18, 20, 16]
  wk噪声配置（wk_noise_config）: [16, 20, 16, 14]
  wv噪声配置（wv_noise_config）: [20, 16, 16, 16]
  wo噪声配置（wo_noise_config）: [16, 20, 16, 16]
  wffn1噪声配置（wffn1_noise_config）: [16, 18, 16, 18]
  wffn2噪声配置（wffn2_noise_config）: [16, 16, 16, 16]
  当前学习率（current_lr）: 0.000020
  当前熵系数（current_entropy_coef）: 0.023311
  步奖励（step_reward）: 0.006402439024390242
  稠密奖励步（dense_reward_step）: 0.006402439024390242
  累计稠密奖励（accumulated_dense_reward）: 0.02347560975609756
  稳定性惩罚（stability_penalty）: 0.0

  全局步数（step_global）: 98044
  回合编号（episode_id）: 8170
  层索引（layer_index）: 4
  状态向量（state_vector）: [0.0, 0.0, 0.0, 0.0, 1.0, 0.0, 0.0, 0.0, 0.0, 0.0, 0.0, 0.0, -0.07720588147640228, 0.5, 0.75, 1.0, 0.75, 0.75, 0.75, 0.75, 0.23475609719753265, 0.3333333432674408, 0.5, 0.75, 0.75, 0.5, 0.0, 0.0, 0.0, 0.0, 0.0, 0.0, 0.0, 0.0, 1.0, 0.5, 0.25, 0.75, 0.0, 0.0, 0.0, 0.0, 0.0, 0.0, 0.0, 0.0, 0.75, 0.25, 0.75, 1.0, 0.0, 0.0, 0.0, 0.0, 0.0, 0.0, 0.0, 0.0, 0.25, 0.75, 0.75, 0.75, 0.0, 0.0, 0.0, 0.0, 0.0, 0.0, 0.0, 0.0, 0.75, 0.25, 0.75, 0.75, 0.0, 0.0, 0.0, 0.0, 0.0, 0.0, 0.0, 0.0, 1.0, 0.75, 1.0, 0.75, 0.0, 0.0, 0.0, 0.0, 0.0, 0.0, 0.0, 0.0, 0.75, 0.75, 0.75, 0.75, 0.0, 0.0, 0.0, 0.0, 0.0, 0.0, 0.0, 0.0, -0.20000000298023224, 0.0, 0.8303361535072327]
  当前输入噪声缩放因子（curr_input_noise_scaling_factor）: 24
  当前wq噪声缩放因子（curr_wq_noise_scaling_factor）: 16
  当前wk噪声缩放因子（curr_wk_noise_scaling_factor）: 16
  当前wv噪声缩放因子（curr_wv_noise_scaling_factor）: 16
  当前wo噪声缩放因子（curr_wo_noise_scaling_factor）: 20
  当前wffn1噪声缩放因子（curr_wffn1_noise_scaling_factor）: 18
  当前wffn2噪声缩放因子（curr_wffn2_noise_scaling_factor）: 14
  输入x概率分布（x_prob_dist）: [0.22680602967739105, 0.40272554755210876, 0.19172751903533936, 0.10890261083841324, 0.06983830034732819]
  wq概率分布（wq_prob_dist）: [0.26221856474876404, 0.32658907771110535, 0.220951110124588, 0.1101226955652237, 0.0801185667514801]
  wk概率分布（wk_prob_dist）: [0.3783210813999176, 0.28079211711883545, 0.15004514157772064, 0.11342152953147888, 0.07742014527320862]
  wv概率分布（wv_prob_dist）: [0.09638343006372452, 0.40684837102890015, 0.28532272577285767, 0.11251003295183182, 0.09893539547920227]
  wo概率分布（wo_prob_dist）: [0.2145058810710907, 0.3666665554046631, 0.18697474896907806, 0.12575942277908325, 0.10609333217144012]
  wffn1概率分布（wffn1_prob_dist）: [0.4043143093585968, 0.24814558029174805, 0.1617766171693802, 0.11778974533081055, 0.06797376275062561]
  wffn2概率分布（wffn2_prob_dist）: [0.2374671846628189, 0.39394134283065796, 0.1776762306690216, 0.1187925860285759, 0.07212264835834503]
  评论家值（critic_value）: 1.12617826461792
  累计成本（accumulated_cost）: 15.65
  输入噪声配置（input_noise_config）: [26, 24, 24, 26, 24]
  wq噪声配置（wq_noise_config）: [14, 18, 20, 16, 16]
  wk噪声配置（wk_noise_config）: [16, 20, 16, 14, 16]
  wv噪声配置（wv_noise_config）: [20, 16, 16, 16, 16]
  wo噪声配置（wo_noise_config）: [16, 20, 16, 16, 20]
  wffn1噪声配置（wffn1_noise_config）: [16, 18, 16, 18, 18]
  wffn2噪声配置（wffn2_noise_config）: [16, 16, 16, 16, 14]
  当前学习率（current_lr）: 0.000020
  当前熵系数（current_entropy_coef）: 0.023311
  步奖励（step_reward）: 0.006097560975609755
  稠密奖励步（dense_reward_step）: 0.006097560975609755
  累计稠密奖励（accumulated_dense_reward）: 0.029573170731707316
  稳定性惩罚（stability_penalty）: 0.0

  全局步数（step_global）: 98045
  回合编号（episode_id）: 8170
  层索引（layer_index）: 5
  状态向量（state_vector）: [0.0, 0.0, 0.0, 0.0, 0.0, 1.0, 0.0, 0.0, 0.0, 0.0, 0.0, 0.0, -0.07941176742315292, 0.75, 0.75, 0.75, 0.75, 0.25, 0.75, 1.0, 0.2365853637456894, 0.4166666567325592, 0.5, 0.75, 0.75, 0.5, 0.75, 0.0, 0.0, 0.0, 0.0, 0.0, 0.0, 0.0, 1.0, 0.5, 0.25, 0.75, 0.75, 0.0, 0.0, 0.0, 0.0, 0.0, 0.0, 0.0, 0.75, 0.25, 0.75, 1.0, 0.75, 0.0, 0.0, 0.0, 0.0, 0.0, 0.0, 0.0, 0.25, 0.75, 0.75, 0.75, 0.75, 0.0, 0.0, 0.0, 0.0, 0.0, 0.0, 0.0, 0.75, 0.25, 0.75, 0.75, 0.25, 0.0, 0.0, 0.0, 0.0, 0.0, 0.0, 0.0, 1.0, 0.75, 1.0, 0.75, 0.75, 0.0, 0.0, 0.0, 0.0, 0.0, 0.0, 0.0, 0.75, 0.75, 0.75, 0.75, 1.0, 0.0, 0.0, 0.0, 0.0, 0.0, 0.0, 0.0, -0.20000000298023224, 0.0, 0.8303361535072327]
  当前输入噪声缩放因子（curr_input_noise_scaling_factor）: 22
  当前wq噪声缩放因子（curr_wq_noise_scaling_factor）: 16
  当前wk噪声缩放因子（curr_wk_noise_scaling_factor）: 20
  当前wv噪声缩放因子（curr_wv_noise_scaling_factor）: 20
  当前wo噪声缩放因子（curr_wo_noise_scaling_factor）: 16
  当前wffn1噪声缩放因子（curr_wffn1_noise_scaling_factor）: 18
  当前wffn2噪声缩放因子（curr_wffn2_noise_scaling_factor）: 18
  输入x概率分布（x_prob_dist）: [0.22680546343326569, 0.4026382863521576, 0.19174005091190338, 0.10894040763378143, 0.0698758140206337]
  wq概率分布（wq_prob_dist）: [0.2622104585170746, 0.32653099298477173, 0.22095048427581787, 0.11015245318412781, 0.0801556184887886]
  wk概率分布（wk_prob_dist）: [0.37825194001197815, 0.2807694673538208, 0.15007777512073517, 0.11344984918832779, 0.07745099067687988]
  wv概率分布（wv_prob_dist）: [0.09642123430967331, 0.4067615270614624, 0.28529900312423706, 0.1125413104891777, 0.09897688031196594]
  wo概率分布（wo_prob_dist）: [0.2144923359155655, 0.36663514375686646, 0.18696045875549316, 0.1257960945367813, 0.10611598938703537]
  wffn1概率分布（wffn1_prob_dist）: [0.40421923995018005, 0.2481442391872406, 0.1618010550737381, 0.11782679706811905, 0.06800864636898041]
  wffn2概率分布（wffn2_prob_dist）: [0.237465038895607, 0.39384725689888, 0.17769160866737366, 0.11883386969566345, 0.07216227799654007]
  评论家值（critic_value）: 1.1306312084197998
  累计成本（accumulated_cost）: 18.900000000000002
  输入噪声配置（input_noise_config）: [26, 24, 24, 26, 24, 22]
  wq噪声配置（wq_noise_config）: [14, 18, 20, 16, 16, 16]
  wk噪声配置（wk_noise_config）: [16, 20, 16, 14, 16, 20]
  wv噪声配置（wv_noise_config）: [20, 16, 16, 16, 16, 20]
  wo噪声配置（wo_noise_config）: [16, 20, 16, 16, 20, 16]
  wffn1噪声配置（wffn1_noise_config）: [16, 18, 16, 18, 18, 18]
  wffn2噪声配置（wffn2_noise_config）: [16, 16, 16, 16, 14, 18]
  当前学习率（current_lr）: 0.000020
  当前熵系数（current_entropy_coef）: 0.023311
  步奖励（step_reward）: 0.005182926829268289
  稠密奖励步（dense_reward_step）: 0.005182926829268289
  累计稠密奖励（accumulated_dense_reward）: 0.034756097560975606
  稳定性惩罚（stability_penalty）: 0.0

  全局步数（step_global）: 98046
  回合编号（episode_id）: 8170
  层索引（layer_index）: 6
  状态向量（state_vector）: [0.0, 0.0, 0.0, 0.0, 0.0, 0.0, 1.0, 0.0, 0.0, 0.0, 0.0, 0.0, -0.07352941483259201, 1.0, 0.75, 0.25, 0.25, 0.75, 0.75, 0.5, 0.23170731961727142, 0.5, 0.5, 0.75, 0.75, 0.5, 0.75, 1.0, 0.0, 0.0, 0.0, 0.0, 0.0, 0.0, 1.0, 0.5, 0.25, 0.75, 0.75, 0.75, 0.0, 0.0, 0.0, 0.0, 0.0, 0.0, 0.75, 0.25, 0.75, 1.0, 0.75, 0.25, 0.0, 0.0, 0.0, 0.0, 0.0, 0.0, 0.25, 0.75, 0.75, 0.75, 0.75, 0.25, 0.0, 0.0, 0.0, 0.0, 0.0, 0.0, 0.75, 0.25, 0.75, 0.75, 0.25, 0.75, 0.0, 0.0, 0.0, 0.0, 0.0, 0.0, 1.0, 0.75, 1.0, 0.75, 0.75, 0.75, 0.0, 0.0, 0.0, 0.0, 0.0, 0.0, 0.75, 0.75, 0.75, 0.75, 1.0, 0.5, 0.0, 0.0, 0.0, 0.0, 0.0, 0.0, -0.20000000298023224, 0.0, 0.8303361535072327]
  当前输入噪声缩放因子（curr_input_noise_scaling_factor）: 24
  当前wq噪声缩放因子（curr_wq_noise_scaling_factor）: 18
  当前wk噪声缩放因子（curr_wk_noise_scaling_factor）: 16
  当前wv噪声缩放因子（curr_wv_noise_scaling_factor）: 14
  当前wo噪声缩放因子（curr_wo_noise_scaling_factor）: 16
  当前wffn1噪声缩放因子（curr_wffn1_noise_scaling_factor）: 20
  当前wffn2噪声缩放因子（curr_wffn2_noise_scaling_factor）: 18
  输入x概率分布（x_prob_dist）: [0.2268241047859192, 0.40263327956199646, 0.19173356890678406, 0.10894007980823517, 0.06986892223358154]
  wq概率分布（wq_prob_dist）: [0.2622101902961731, 0.3265223205089569, 0.2209601104259491, 0.11015140265226364, 0.08015598356723785]
  wk概率分布（wk_prob_dist）: [0.3782442510128021, 0.28078693151474, 0.1500682681798935, 0.1134483814239502, 0.077452152967453]
  wv概率分布（wv_prob_dist）: [0.09641440957784653, 0.40676575899124146, 0.28531187772750854, 0.11253711581230164, 0.09897089749574661]
  wo概率分布（wo_prob_dist）: [0.21450430154800415, 0.3666122257709503, 0.18697810173034668, 0.12578877806663513, 0.10611660033464432]
  wffn1概率分布（wffn1_prob_dist）: [0.4042411148548126, 0.24814705550670624, 0.1617961972951889, 0.11781256645917892, 0.06800305098295212]
  wffn2概率分布（wffn2_prob_dist）: [0.23747314512729645, 0.3938681185245514, 0.17768894135951996, 0.11881741881370544, 0.07215231657028198]
  评论家值（critic_value）: 1.136277198791504
  累计成本（accumulated_cost）: 22.050000000000004
  输入噪声配置（input_noise_config）: [26, 24, 24, 26, 24, 22, 24]
  wq噪声配置（wq_noise_config）: [14, 18, 20, 16, 16, 16, 18]
  wk噪声配置（wk_noise_config）: [16, 20, 16, 14, 16, 20, 16]
  wv噪声配置（wv_noise_config）: [20, 16, 16, 16, 16, 20, 14]
  wo噪声配置（wo_noise_config）: [16, 20, 16, 16, 20, 16, 16]
  wffn1噪声配置（wffn1_noise_config）: [16, 18, 16, 18, 18, 18, 20]
  wffn2噪声配置（wffn2_noise_config）: [16, 16, 16, 16, 14, 18, 18]
  当前学习率（current_lr）: 0.000020
  当前熵系数（current_entropy_coef）: 0.023311
  步奖励（step_reward）: 0.005792682926829265
  稠密奖励步（dense_reward_step）: 0.005792682926829265
  累计稠密奖励（accumulated_dense_reward）: 0.04054878048780487
  稳定性惩罚（stability_penalty）: 0.0

  全局步数（step_global）: 98047
  回合编号（episode_id）: 8170
  层索引（layer_index）: 7
  状态向量（state_vector）: [0.0, 0.0, 0.0, 0.0, 0.0, 0.0, 0.0, 1.0, 0.0, 0.0, 0.0, 0.0, -0.07352941483259201, 0.75, 0.5, 0.75, 1.0, 0.75, 0.5, 0.5, 0.23170731961727142, 0.5833333134651184, 0.5, 0.75, 0.75, 0.5, 0.75, 1.0, 0.75, 0.0, 0.0, 0.0, 0.0, 0.0, 1.0, 0.5, 0.25, 0.75, 0.75, 0.75, 0.5, 0.0, 0.0, 0.0, 0.0, 0.0, 0.75, 0.25, 0.75, 1.0, 0.75, 0.25, 0.75, 0.0, 0.0, 0.0, 0.0, 0.0, 0.25, 0.75, 0.75, 0.75, 0.75, 0.25, 1.0, 0.0, 0.0, 0.0, 0.0, 0.0, 0.75, 0.25, 0.75, 0.75, 0.25, 0.75, 0.75, 0.0, 0.0, 0.0, 0.0, 0.0, 1.0, 0.75, 1.0, 0.75, 0.75, 0.75, 0.5, 0.0, 0.0, 0.0, 0.0, 0.0, 0.75, 0.75, 0.75, 0.75, 1.0, 0.5, 0.5, 0.0, 0.0, 0.0, 0.0, 0.0, -0.20000000298023224, 0.0, 0.8303361535072327]
  当前输入噪声缩放因子（curr_input_noise_scaling_factor）: 24
  当前wq噪声缩放因子（curr_wq_noise_scaling_factor）: 18
  当前wk噪声缩放因子（curr_wk_noise_scaling_factor）: 16
  当前wv噪声缩放因子（curr_wv_noise_scaling_factor）: 16
  当前wo噪声缩放因子（curr_wo_noise_scaling_factor）: 16
  当前wffn1噪声缩放因子（curr_wffn1_noise_scaling_factor）: 16
  当前wffn2噪声缩放因子（curr_wffn2_noise_scaling_factor）: 16
  输入x概率分布（x_prob_dist）: [0.22680804133415222, 0.4026910066604614, 0.19172833859920502, 0.10892176628112793, 0.06985089182853699]
  wq概率分布（wq_prob_dist）: [0.2622186541557312, 0.326566219329834, 0.2209497094154358, 0.11013390868902206, 0.08013153076171875]
  wk概率分布（wk_prob_dist）: [0.3783203065395355, 0.280781090259552, 0.15005247294902802, 0.11342105269432068, 0.07742512226104736]
  wv概率分布（wv_prob_dist）: [0.09639652818441391, 0.4068002700805664, 0.28533580899238586, 0.11251762509346008, 0.09894976019859314]
  wo概率分布（wo_prob_dist）: [0.21449899673461914, 0.3666745126247406, 0.186958447098732, 0.12576983869075775, 0.10609821230173111]
  wffn1概率分布（wffn1_prob_dist）: [0.40428414940834045, 0.24815687537193298, 0.16178329288959503, 0.11779291927814484, 0.06798279285430908]
  wffn2概率分布（wffn2_prob_dist）: [0.23748426139354706, 0.39388805627822876, 0.17768417298793793, 0.11880626529455185, 0.07213723659515381]
  评论家值（critic_value）: 1.1424636840820312
  累计成本（accumulated_cost）: 25.100000000000005
  输入噪声配置（input_noise_config）: [26, 24, 24, 26, 24, 22, 24, 24]
  wq噪声配置（wq_noise_config）: [14, 18, 20, 16, 16, 16, 18, 18]
  wk噪声配置（wk_noise_config）: [16, 20, 16, 14, 16, 20, 16, 16]
  wv噪声配置（wv_noise_config）: [20, 16, 16, 16, 16, 20, 14, 16]
  wo噪声配置（wo_noise_config）: [16, 20, 16, 16, 20, 16, 16, 16]
  wffn1噪声配置（wffn1_noise_config）: [16, 18, 16, 18, 18, 18, 20, 16]
  wffn2噪声配置（wffn2_noise_config）: [16, 16, 16, 16, 14, 18, 18, 16]
  当前学习率（current_lr）: 0.000020
  当前熵系数（current_entropy_coef）: 0.023311
  步奖励（step_reward）: 0.006402439024390244
  稠密奖励步（dense_reward_step）: 0.006402439024390244
  累计稠密奖励（accumulated_dense_reward）: 0.046951219512195115
  稳定性惩罚（stability_penalty）: 0.0

  全局步数（step_global）: 98048
  回合编号（episode_id）: 8170
  层索引（layer_index）: 8
  状态向量（state_vector）: [0.0, 0.0, 0.0, 0.0, 0.0, 0.0, 0.0, 0.0, 1.0, 0.0, 0.0, 0.0, -0.07720588147640228, 0.75, 0.5, 0.75, 0.75, 0.75, 1.0, 0.75, 0.23475609719753265, 0.6666666865348816, 0.5, 0.75, 0.75, 0.5, 0.75, 1.0, 0.75, 0.75, 0.0, 0.0, 0.0, 0.0, 1.0, 0.5, 0.25, 0.75, 0.75, 0.75, 0.5, 0.5, 0.0, 0.0, 0.0, 0.0, 0.75, 0.25, 0.75, 1.0, 0.75, 0.25, 0.75, 0.75, 0.0, 0.0, 0.0, 0.0, 0.25, 0.75, 0.75, 0.75, 0.75, 0.25, 1.0, 0.75, 0.0, 0.0, 0.0, 0.0, 0.75, 0.25, 0.75, 0.75, 0.25, 0.75, 0.75, 0.75, 0.0, 0.0, 0.0, 0.0, 1.0, 0.75, 1.0, 0.75, 0.75, 0.75, 0.5, 1.0, 0.0, 0.0, 0.0, 0.0, 0.75, 0.75, 0.75, 0.75, 1.0, 0.5, 0.5, 0.75, 0.0, 0.0, 0.0, 0.0, -0.20000000298023224, 0.0, 0.8303361535072327]
  当前输入噪声缩放因子（curr_input_noise_scaling_factor）: 26
  当前wq噪声缩放因子（curr_wq_noise_scaling_factor）: 16
  当前wk噪声缩放因子（curr_wk_noise_scaling_factor）: 16
  当前wv噪声缩放因子（curr_wv_noise_scaling_factor）: 18
  当前wo噪声缩放因子（curr_wo_noise_scaling_factor）: 16
  当前wffn1噪声缩放因子（curr_wffn1_noise_scaling_factor）: 18
  当前wffn2噪声缩放因子（curr_wffn2_noise_scaling_factor）: 14
  输入x概率分布（x_prob_dist）: [0.226792111992836, 0.40275776386260986, 0.19172188639640808, 0.1088939681649208, 0.06983432173728943]
  wq概率分布（wq_prob_dist）: [0.26221802830696106, 0.32659712433815, 0.2209528535604477, 0.11012015491724014, 0.0801118016242981]
  wk概率分布（wk_prob_dist）: [0.3783513009548187, 0.2807932198047638, 0.15003207325935364, 0.11341319978237152, 0.07741015404462814]
  wv概率分布（wv_prob_dist）: [0.09637369960546494, 0.40686914324760437, 0.2853279411792755, 0.1125006452202797, 0.09892862290143967]
  wo概率分布（wo_prob_dist）: [0.21450544893741608, 0.3666836619377136, 0.18697288632392883, 0.125748872756958, 0.10608915984630585]
  wffn1概率分布（wffn1_prob_dist）: [0.40433526039123535, 0.2481529265642166, 0.16176818311214447, 0.11778093874454498, 0.06796261668205261]
  wffn2概率分布（wffn2_prob_dist）: [0.23747138679027557, 0.39395400881767273, 0.17766723036766052, 0.11878830939531326, 0.07211902737617493]
  评论家值（critic_value）: 1.1500561237335205
  累计成本（accumulated_cost）: 28.200000000000006
  输入噪声配置（input_noise_config）: [26, 24, 24, 26, 24, 22, 24, 24, 26]
  wq噪声配置（wq_noise_config）: [14, 18, 20, 16, 16, 16, 18, 18, 16]
  wk噪声配置（wk_noise_config）: [16, 20, 16, 14, 16, 20, 16, 16, 16]
  wv噪声配置（wv_noise_config）: [20, 16, 16, 16, 16, 20, 14, 16, 18]
  wo噪声配置（wo_noise_config）: [16, 20, 16, 16, 20, 16, 16, 16, 16]
  wffn1噪声配置（wffn1_noise_config）: [16, 18, 16, 18, 18, 18, 20, 16, 18]
  wffn2噪声配置（wffn2_noise_config）: [16, 16, 16, 16, 14, 18, 18, 16, 14]
  当前学习率（current_lr）: 0.000020
  当前熵系数（current_entropy_coef）: 0.023311
  步奖励（step_reward）: 0.006097560975609751
  稠密奖励步（dense_reward_step）: 0.006097560975609751
  累计稠密奖励（accumulated_dense_reward）: 0.05304878048780487
  稳定性惩罚（stability_penalty）: 0.0

  全局步数（step_global）: 98049
  回合编号（episode_id）: 8170
  层索引（layer_index）: 9
  状态向量（state_vector）: [0.0, 0.0, 0.0, 0.0, 0.0, 0.0, 0.0, 0.0, 0.0, 1.0, 0.0, 0.0, -0.0784313753247261, 0.5, 0.75, 0.75, 0.5, 0.75, 0.75, 1.0, 0.23577235639095306, 0.75, 0.5, 0.75, 0.75, 0.5, 0.75, 1.0, 0.75, 0.75, 0.5, 0.0, 0.0, 0.0, 1.0, 0.5, 0.25, 0.75, 0.75, 0.75, 0.5, 0.5, 0.75, 0.0, 0.0, 0.0, 0.75, 0.25, 0.75, 1.0, 0.75, 0.25, 0.75, 0.75, 0.75, 0.0, 0.0, 0.0, 0.25, 0.75, 0.75, 0.75, 0.75, 0.25, 1.0, 0.75, 0.5, 0.0, 0.0, 0.0, 0.75, 0.25, 0.75, 0.75, 0.25, 0.75, 0.75, 0.75, 0.75, 0.0, 0.0, 0.0, 1.0, 0.75, 1.0, 0.75, 0.75, 0.75, 0.5, 1.0, 0.75, 0.0, 0.0, 0.0, 0.75, 0.75, 0.75, 0.75, 1.0, 0.5, 0.5, 0.75, 1.0, 0.0, 0.0, 0.0, -0.20000000298023224, 0.0, 0.8303361535072327]
  当前输入噪声缩放因子（curr_input_noise_scaling_factor）: 22
  当前wq噪声缩放因子（curr_wq_noise_scaling_factor）: 16
  当前wk噪声缩放因子（curr_wk_noise_scaling_factor）: 16
  当前wv噪声缩放因子（curr_wv_noise_scaling_factor）: 16
  当前wo噪声缩放因子（curr_wo_noise_scaling_factor）: 14
  当前wffn1噪声缩放因子（curr_wffn1_noise_scaling_factor）: 16
  当前wffn2噪声缩放因子（curr_wffn2_noise_scaling_factor）: 16
  输入x概率分布（x_prob_dist）: [0.22680296003818512, 0.4026854634284973, 0.19173084199428558, 0.10892236232757568, 0.0698583573102951]
  wq概率分布（wq_prob_dist）: [0.2621990442276001, 0.3265380561351776, 0.22098127007484436, 0.11014078557491302, 0.0801408663392067]
  wk概率分布（wk_prob_dist）: [0.37826085090637207, 0.2808034420013428, 0.15004579722881317, 0.11344482749700546, 0.07744510471820831]
  wv概率分布（wv_prob_dist）: [0.0963934138417244, 0.40681612491607666, 0.2853008210659027, 0.11253498494625092, 0.09895462542772293]
  wo概率分布（wo_prob_dist）: [0.21450789272785187, 0.36657875776290894, 0.18702399730682373, 0.12576693296432495, 0.1061224639415741]
  wffn1概率分布（wffn1_prob_dist）: [0.4042682647705078, 0.2481544464826584, 0.16179487109184265, 0.11780107021331787, 0.06798135489225388]
  wffn2概率分布（wffn2_prob_dist）: [0.2374756783246994, 0.39390894770622253, 0.1776733547449112, 0.11880355328321457, 0.07213850319385529]
  评论家值（critic_value）: 1.1546180248260498
  累计成本（accumulated_cost）: 31.100000000000005
  输入噪声配置（input_noise_config）: [26, 24, 24, 26, 24, 22, 24, 24, 26, 22]
  wq噪声配置（wq_noise_config）: [14, 18, 20, 16, 16, 16, 18, 18, 16, 16]
  wk噪声配置（wk_noise_config）: [16, 20, 16, 14, 16, 20, 16, 16, 16, 16]
  wv噪声配置（wv_noise_config）: [20, 16, 16, 16, 16, 20, 14, 16, 18, 16]
  wo噪声配置（wo_noise_config）: [16, 20, 16, 16, 20, 16, 16, 16, 16, 14]
  wffn1噪声配置（wffn1_noise_config）: [16, 18, 16, 18, 18, 18, 20, 16, 18, 16]
  wffn2噪声配置（wffn2_noise_config）: [16, 16, 16, 16, 14, 18, 18, 16, 14, 16]
  当前学习率（current_lr）: 0.000020
  当前熵系数（current_entropy_coef）: 0.023311
  步奖励（step_reward）: 0.007317073170731707
  稠密奖励步（dense_reward_step）: 0.007317073170731707
  累计稠密奖励（accumulated_dense_reward）: 0.06036585365853658
  稳定性惩罚（stability_penalty）: 0.0

  全局步数（step_global）: 98050
  回合编号（episode_id）: 8170
  层索引（layer_index）: 10
  状态向量（state_vector）: [0.0, 0.0, 0.0, 0.0, 0.0, 0.0, 0.0, 0.0, 0.0, 0.0, 1.0, 0.0, -0.08529412001371384, 1.0, 0.75, 0.75, 0.75, 1.0, 1.0, 0.75, 0.24146340787410736, 0.8333333134651184, 0.5, 0.75, 0.75, 0.5, 0.75, 1.0, 0.75, 0.75, 0.5, 1.0, 0.0, 0.0, 1.0, 0.5, 0.25, 0.75, 0.75, 0.75, 0.5, 0.5, 0.75, 0.75, 0.0, 0.0, 0.75, 0.25, 0.75, 1.0, 0.75, 0.25, 0.75, 0.75, 0.75, 0.75, 0.0, 0.0, 0.25, 0.75, 0.75, 0.75, 0.75, 0.25, 1.0, 0.75, 0.5, 0.75, 0.0, 0.0, 0.75, 0.25, 0.75, 0.75, 0.25, 0.75, 0.75, 0.75, 0.75, 1.0, 0.0, 0.0, 1.0, 0.75, 1.0, 0.75, 0.75, 0.75, 0.5, 1.0, 0.75, 1.0, 0.0, 0.0, 0.75, 0.75, 0.75, 0.75, 1.0, 0.5, 0.5, 0.75, 1.0, 0.75, 0.0, 0.0, -0.20000000298023224, 0.0, 0.8303361535072327]
  当前输入噪声缩放因子（curr_input_noise_scaling_factor）: 24
  当前wq噪声缩放因子（curr_wq_noise_scaling_factor）: 22
  当前wk噪声缩放因子（curr_wk_noise_scaling_factor）: 18
  当前wv噪声缩放因子（curr_wv_noise_scaling_factor）: 18
  当前wo噪声缩放因子（curr_wo_noise_scaling_factor）: 18
  当前wffn1噪声缩放因子（curr_wffn1_noise_scaling_factor）: 16
  当前wffn2噪声缩放因子（curr_wffn2_noise_scaling_factor）: 18
  输入x概率分布（x_prob_dist）: [0.2268052101135254, 0.40268099308013916, 0.191728875041008, 0.1089249700307846, 0.06985989212989807]
  wq概率分布（wq_prob_dist）: [0.2622186839580536, 0.32655155658721924, 0.22094394266605377, 0.11014363914728165, 0.08014224469661713]
  wk概率分布（wk_prob_dist）: [0.37827014923095703, 0.28077229857444763, 0.15007011592388153, 0.11344657093286514, 0.07744091004133224]
  wv概率分布（wv_prob_dist）: [0.09641033411026001, 0.40678897500038147, 0.28531375527381897, 0.11252854019403458, 0.09895837306976318]
  wo概率分布（wo_prob_dist）: [0.2145039290189743, 0.3666471540927887, 0.18695935606956482, 0.12578856945037842, 0.10610103607177734]
  wffn1概率分布（wffn1_prob_dist）: [0.40425679087638855, 0.2481367588043213, 0.1617971956729889, 0.1178114116191864, 0.06799788028001785]
  wffn2概率分布（wffn2_prob_dist）: [0.23746845126152039, 0.3938828408718109, 0.17768970131874084, 0.1188172698020935, 0.07214166969060898]
  评论家值（critic_value）: 1.1640129089355469
  累计成本（accumulated_cost）: 34.45
  输入噪声配置（input_noise_config）: [26, 24, 24, 26, 24, 22, 24, 24, 26, 22, 24]
  wq噪声配置（wq_noise_config）: [14, 18, 20, 16, 16, 16, 18, 18, 16, 16, 22]
  wk噪声配置（wk_noise_config）: [16, 20, 16, 14, 16, 20, 16, 16, 16, 16, 18]
  wv噪声配置（wv_noise_config）: [20, 16, 16, 16, 16, 20, 14, 16, 18, 16, 18]
  wo噪声配置（wo_noise_config）: [16, 20, 16, 16, 20, 16, 16, 16, 16, 14, 18]
  wffn1噪声配置（wffn1_noise_config）: [16, 18, 16, 18, 18, 18, 20, 16, 18, 16, 16]
  wffn2噪声配置（wffn2_noise_config）: [16, 16, 16, 16, 14, 18, 18, 16, 14, 16, 18]
  当前学习率（current_lr）: 0.000020
  当前熵系数（current_entropy_coef）: 0.023311
  步奖励（step_reward）: 0.0045731707317073125
  稠密奖励步（dense_reward_step）: 0.0045731707317073125
  累计稠密奖励（accumulated_dense_reward）: 0.06493902439024389
  稳定性惩罚（stability_penalty）: 0.0

  全局步数（step_global）: 98051
  回合编号（episode_id）: 8170
  层索引（layer_index）: 11
  状态向量（state_vector）: [0.0, 0.0, 0.0, 0.0, 0.0, 0.0, 0.0, 0.0, 0.0, 0.0, 0.0, 1.0, -0.07887700200080872, 0.75, 0.0, 0.5, 0.5, 0.5, 1.0, 0.5, 0.23614190518856049, 0.9166666865348816, 0.5, 0.75, 0.75, 0.5, 0.75, 1.0, 0.75, 0.75, 0.5, 1.0, 0.75, 0.0, 1.0, 0.5, 0.25, 0.75, 0.75, 0.75, 0.5, 0.5, 0.75, 0.75, 0.0, 0.0, 0.75, 0.25, 0.75, 1.0, 0.75, 0.25, 0.75, 0.75, 0.75, 0.75, 0.5, 0.0, 0.25, 0.75, 0.75, 0.75, 0.75, 0.25, 1.0, 0.75, 0.5, 0.75, 0.5, 0.0, 0.75, 0.25, 0.75, 0.75, 0.25, 0.75, 0.75, 0.75, 0.75, 1.0, 0.5, 0.0, 1.0, 0.75, 1.0, 0.75, 0.75, 0.75, 0.5, 1.0, 0.75, 1.0, 1.0, 0.0, 0.75, 0.75, 0.75, 0.75, 1.0, 0.5, 0.5, 0.75, 1.0, 0.75, 0.5, 0.0, -0.20000000298023224, 0.0, 0.8303361535072327]
  当前输入噪声缩放因子（curr_input_noise_scaling_factor）: 30
  当前wq噪声缩放因子（curr_wq_noise_scaling_factor）: 14
  当前wk噪声缩放因子（curr_wk_noise_scaling_factor）: 16
  当前wv噪声缩放因子（curr_wv_noise_scaling_factor）: 16
  当前wo噪声缩放因子（curr_wo_noise_scaling_factor）: 18
  当前wffn1噪声缩放因子（curr_wffn1_noise_scaling_factor）: 22
  当前wffn2噪声缩放因子（curr_wffn2_noise_scaling_factor）: 20
  输入x概率分布（x_prob_dist）: [0.22681023180484772, 0.4026719629764557, 0.19173912703990936, 0.1089228168129921, 0.06985584646463394]
  wq概率分布（wq_prob_dist）: [0.26222506165504456, 0.32653817534446716, 0.22094623744487762, 0.11014965176582336, 0.08014083653688431]
  wk概率分布（wk_prob_dist）: [0.37824109196662903, 0.2807838022708893, 0.150068461894989, 0.11345546692609787, 0.0774511992931366]
  wv概率分布（wv_prob_dist）: [0.09641091525554657, 0.40678635239601135, 0.28529882431030273, 0.11253726482391357, 0.09896659106016159]
  wo概率分布（wo_prob_dist）: [0.21450500190258026, 0.36660632491111755, 0.1869884729385376, 0.12578387558460236, 0.10611631721258163]
  wffn1概率分布（wffn1_prob_dist）: [0.40426209568977356, 0.24813613295555115, 0.16178904473781586, 0.11781390756368637, 0.06799884140491486]
  wffn2概率分布（wffn2_prob_dist）: [0.23746240139007568, 0.3938843905925751, 0.17770016193389893, 0.11880950629711151, 0.07214348018169403]
  评论家值（critic_value）: 1.1741312742233276
  累计成本（accumulated_cost）: 37.85
  输入噪声配置（input_noise_config）: [26, 24, 24, 26, 24, 22, 24, 24, 26, 22, 24, 30]
  wq噪声配置（wq_noise_config）: [14, 18, 20, 16, 16, 16, 18, 18, 16, 16, 22, 14]
  wk噪声配置（wk_noise_config）: [16, 20, 16, 14, 16, 20, 16, 16, 16, 16, 18, 16]
  wv噪声配置（wv_noise_config）: [20, 16, 16, 16, 16, 20, 14, 16, 18, 16, 18, 16]
  wo噪声配置（wo_noise_config）: [16, 20, 16, 16, 20, 16, 16, 16, 16, 14, 18, 18]
  wffn1噪声配置（wffn1_noise_config）: [16, 18, 16, 18, 18, 18, 20, 16, 18, 16, 16, 22]
  wffn2噪声配置（wffn2_noise_config）: [16, 16, 16, 16, 14, 18, 18, 16, 14, 16, 18, 20]
  当前学习率（current_lr）: 0.000020
  当前熵系数（current_entropy_coef）: 0.023311
  蒙特卡洛采样数（mc_samples）: 5
  蒙特卡洛损失均值（mc_loss_mean）: 0.28725277384122216
  蒙特卡洛损失标准差（mc_loss_std）: 0.0023782845736552145
  蒙特卡洛指标1均值（mc_metric1_mean）: 0.9052631578947368
  蒙特卡洛指标1标准差（mc_metric1_std）: 0.0031383410210523463
  蒙特卡洛指标2均值（mc_metric2_mean）: 0.9037693249336236
  蒙特卡洛指标2标准差（mc_metric2_std）: 0.0031123198773304653
  步奖励（step_reward）: 1.1533410049666382
  稠密奖励步（dense_reward_step）: 0.004268292682926825
  原始最终奖励（raw_final_reward）: 1.1490727122837114
  最终选择分数（final_selection_score）: 1.1490727122837114
  累计稠密奖励（accumulated_dense_reward）: 0.06920731707317071
  稳定性代理（stability_proxy）: 0.3595393946682511
  稳定性惩罚（stability_penalty）: -0.0

--- 回合（Episode） 8172 (回合回报（EpisodeReturn）=1.2188, 原始最终奖励（RawFinalReward）=1.1530, 稠密奖励合计（DenseRewardTotal）=0.0659) ---
  全局步数（step_global）: 98052
  回合编号（episode_id）: 8171
  层索引（layer_index）: 0
  状态向量（state_vector）: [1.0, 0.0, 0.0, 0.0, 0.0, 0.0, 0.0, 0.0, 0.0, 0.0, 0.0, 0.0, 0.0, 0.0, 0.0, 0.0, 0.0, 0.0, 0.0, 0.0, 0.0, 0.0, 0.0, 0.0, 0.0, 0.0, 0.0, 0.0, 0.0, 0.0, 0.0, 0.0, 0.0, 0.0, 0.0, 0.0, 0.0, 0.0, 0.0, 0.0, 0.0, 0.0, 0.0, 0.0, 0.0, 0.0, 0.0, 0.0, 0.0, 0.0, 0.0, 0.0, 0.0, 0.0, 0.0, 0.0, 0.0, 0.0, 0.0, 0.0, 0.0, 0.0, 0.0, 0.0, 0.0, 0.0, 0.0, 0.0, 0.0, 0.0, 0.0, 0.0, 0.0, 0.0, 0.0, 0.0, 0.0, 0.0, 0.0, 0.0, 0.0, 0.0, 0.0, 0.0, 0.0, 0.0, 0.0, 0.0, 0.0, 0.0, 0.0, 0.0, 0.0, 0.0, 0.0, 0.0, 0.0, 0.0, 0.0, 0.0, 0.0, 0.0, 0.0, 0.0, 0.0, 0.0, -0.20000000298023224, 0.0, 0.9208706617355347]
  当前输入噪声缩放因子（curr_input_noise_scaling_factor）: 24
  当前wq噪声缩放因子（curr_wq_noise_scaling_factor）: 18
  当前wk噪声缩放因子（curr_wk_noise_scaling_factor）: 22
  当前wv噪声缩放因子（curr_wv_noise_scaling_factor）: 22
  当前wo噪声缩放因子（curr_wo_noise_scaling_factor）: 16
  当前wffn1噪声缩放因子（curr_wffn1_noise_scaling_factor）: 16
  当前wffn2噪声缩放因子（curr_wffn2_noise_scaling_factor）: 16
  输入x概率分布（x_prob_dist）: [0.22706639766693115, 0.4010109603404999, 0.19197550415992737, 0.10948022454977036, 0.07046695798635483]
  wq概率分布（wq_prob_dist）: [0.26180025935173035, 0.32587236166000366, 0.220899760723114, 0.11072088032960892, 0.08070670813322067]
  wk概率分布（wk_prob_dist）: [0.3774050772190094, 0.28012901544570923, 0.15055908262729645, 0.1139223501086235, 0.07798440754413605]
  wv概率分布（wv_prob_dist）: [0.09713540971279144, 0.4049670398235321, 0.28513821959495544, 0.11314397305250168, 0.09961538761854172]
  wo概率分布（wo_prob_dist）: [0.21453975141048431, 0.36553430557250977, 0.18704378604888916, 0.1262386590242386, 0.10664346069097519]
  wffn1概率分布（wffn1_prob_dist）: [0.40280625224113464, 0.24790985882282257, 0.16222181916236877, 0.11845578253269196, 0.06860624253749847]
  wffn2概率分布（wffn2_prob_dist）: [0.23753562569618225, 0.39221784472465515, 0.178059920668602, 0.11941595375537872, 0.0727706328034401]
  评论家值（critic_value）: 1.1050630807876587
  累计成本（accumulated_cost）: 3.35
  输入噪声配置（input_noise_config）: [24]
  wq噪声配置（wq_noise_config）: [18]
  wk噪声配置（wk_noise_config）: [22]
  wv噪声配置（wv_noise_config）: [22]
  wo噪声配置（wo_noise_config）: [16]
  wffn1噪声配置（wffn1_noise_config）: [16]
  wffn2噪声配置（wffn2_noise_config）: [16]
  当前学习率（current_lr）: 0.000020
  当前熵系数（current_entropy_coef）: 0.023308
  步奖励（step_reward）: 0.004573170731707315
  稠密奖励步（dense_reward_step）: 0.004573170731707315
  累计稠密奖励（accumulated_dense_reward）: 0.004573170731707315
  稳定性惩罚（stability_penalty）: 0.0

  全局步数（step_global）: 98053
  回合编号（episode_id）: 8171
  层索引（layer_index）: 1
  状态向量（state_vector）: [0.0, 1.0, 0.0, 0.0, 0.0, 0.0, 0.0, 0.0, 0.0, 0.0, 0.0, 0.0, -0.014705882407724857, 0.75, 0.5, 0.0, 0.0, 0.75, 1.0, 0.75, 0.18292683362960815, 0.0833333358168602, 0.75, 0.0, 0.0, 0.0, 0.0, 0.0, 0.0, 0.0, 0.0, 0.0, 0.0, 0.0, 0.5, 0.0, 0.0, 0.0, 0.0, 0.0, 0.0, 0.0, 0.0, 0.0, 0.0, 0.0, 0.0, 0.0, 0.0, 0.0, 0.0, 0.0, 0.0, 0.0, 0.0, 0.0, 0.0, 0.0, 0.0, 0.0, 0.0, 0.0, 0.0, 0.0, 0.0, 0.0, 0.0, 0.0, 0.0, 0.0, 0.75, 0.0, 0.0, 0.0, 0.0, 0.0, 0.0, 0.0, 0.0, 0.0, 0.0, 0.0, 1.0, 0.0, 0.0, 0.0, 0.0, 0.0, 0.0, 0.0, 0.0, 0.0, 0.0, 0.0, 0.75, 0.0, 0.0, 0.0, 0.0, 0.0, 0.0, 0.0, 0.0, 0.0, 0.0, 0.0, -0.20000000298023224, 0.0, 0.9208706617355347]
  当前输入噪声缩放因子（curr_input_noise_scaling_factor）: 22
  当前wq噪声缩放因子（curr_wq_noise_scaling_factor）: 20
  当前wk噪声缩放因子（curr_wk_noise_scaling_factor）: 14
  当前wv噪声缩放因子（curr_wv_noise_scaling_factor）: 18
  当前wo噪声缩放因子（curr_wo_noise_scaling_factor）: 16
  当前wffn1噪声缩放因子（curr_wffn1_noise_scaling_factor）: 18
  当前wffn2噪声缩放因子（curr_wffn2_noise_scaling_factor）: 14
  输入x概率分布（x_prob_dist）: [0.22679941356182098, 0.40278157591819763, 0.19171980023384094, 0.108882375061512, 0.06981687992811203]
  wq概率分布（wq_prob_dist）: [0.2622396945953369, 0.3266187310218811, 0.22094236314296722, 0.11009751260280609, 0.08010167628526688]
  wk概率分布（wk_prob_dist）: [0.3783685564994812, 0.28080466389656067, 0.1500302404165268, 0.11339856684207916, 0.07739797234535217]
  wv概率分布（wv_prob_dist）: [0.0963614359498024, 0.40691444277763367, 0.285319983959198, 0.11248597502708435, 0.09891822189092636]
  wo概率分布（wo_prob_dist）: [0.21449118852615356, 0.3667311370372772, 0.1869591623544693, 0.12574483454227448, 0.10607374459505081]
  wffn1概率分布（wffn1_prob_dist）: [0.40437614917755127, 0.24813312292099, 0.16175921261310577, 0.11777935177087784, 0.06795217841863632]
  wffn2概率分布（wffn2_prob_dist）: [0.2374619096517563, 0.3939792215824127, 0.1776701956987381, 0.11878122389316559, 0.0721074640750885]
  评论家值（critic_value）: 1.1153227090835571
  累计成本（accumulated_cost）: 6.4
  输入噪声配置（input_noise_config）: [24, 22]
  wq噪声配置（wq_noise_config）: [18, 20]
  wk噪声配置（wk_noise_config）: [22, 14]
  wv噪声配置（wv_noise_config）: [22, 18]
  wo噪声配置（wo_noise_config）: [16, 16]
  wffn1噪声配置（wffn1_noise_config）: [16, 18]
  wffn2噪声配置（wffn2_noise_config）: [16, 14]
  当前学习率（current_lr）: 0.000020
  当前熵系数（current_entropy_coef）: 0.023308
  步奖励（step_reward）: 0.006402439024390242
  稠密奖励步（dense_reward_step）: 0.006402439024390242
  累计稠密奖励（accumulated_dense_reward）: 0.010975609756097557
  稳定性惩罚（stability_penalty）: 0.0

  全局步数（step_global）: 98054
  回合编号（episode_id）: 8171
  层索引（layer_index）: 2
  状态向量（state_vector）: [0.0, 0.0, 1.0, 0.0, 0.0, 0.0, 0.0, 0.0, 0.0, 0.0, 0.0, 0.0, -0.05882352963089943, 1.0, 0.25, 1.0, 0.5, 0.75, 0.75, 1.0, 0.2195121943950653, 0.1666666716337204, 0.75, 1.0, 0.0, 0.0, 0.0, 0.0, 0.0, 0.0, 0.0, 0.0, 0.0, 0.0, 0.5, 0.25, 0.0, 0.0, 0.0, 0.0, 0.0, 0.0, 0.0, 0.0, 0.0, 0.0, 0.0, 1.0, 0.0, 0.0, 0.0, 0.0, 0.0, 0.0, 0.0, 0.0, 0.0, 0.0, 0.0, 0.5, 0.0, 0.0, 0.0, 0.0, 0.0, 0.0, 0.0, 0.0, 0.0, 0.0, 0.75, 0.75, 0.0, 0.0, 0.0, 0.0, 0.0, 0.0, 0.0, 0.0, 0.0, 0.0, 1.0, 0.75, 0.0, 0.0, 0.0, 0.0, 0.0, 0.0, 0.0, 0.0, 0.0, 0.0, 0.75, 1.0, 0.0, 0.0, 0.0, 0.0, 0.0, 0.0, 0.0, 0.0, 0.0, 0.0, -0.20000000298023224, 0.0, 0.9208706617355347]
  当前输入噪声缩放因子（curr_input_noise_scaling_factor）: 26
  当前wq噪声缩放因子（curr_wq_noise_scaling_factor）: 16
  当前wk噪声缩放因子（curr_wk_noise_scaling_factor）: 14
  当前wv噪声缩放因子（curr_wv_noise_scaling_factor）: 18
  当前wo噪声缩放因子（curr_wo_noise_scaling_factor）: 18
  当前wffn1噪声缩放因子（curr_wffn1_noise_scaling_factor）: 16
  当前wffn2噪声缩放因子（curr_wffn2_noise_scaling_factor）: 22
  输入x概率分布（x_prob_dist）: [0.22681903839111328, 0.4026225209236145, 0.19174043834209442, 0.10894331336021423, 0.06987465918064117]
  wq概率分布（wq_prob_dist）: [0.2621923089027405, 0.3265182673931122, 0.22097142040729523, 0.11015871912240982, 0.0801592767238617]
  wk概率分布（wk_prob_dist）: [0.3782339096069336, 0.28078606724739075, 0.15006616711616516, 0.11344998329877853, 0.0774637758731842]
  wv概率分布（wv_prob_dist）: [0.09641650319099426, 0.4067768454551697, 0.28529876470565796, 0.11254383623600006, 0.09896411746740341]
  wo概率分布（wo_prob_dist）: [0.2145051509141922, 0.36658957600593567, 0.18698769807815552, 0.12578965723514557, 0.10612787306308746]
  wffn1概率分布（wffn1_prob_dist）: [0.4042232632637024, 0.24815939366817474, 0.1617913544178009, 0.11781898140907288, 0.0680069550871849]
  wffn2概率分布（wffn2_prob_dist）: [0.23746028542518616, 0.39388278126716614, 0.1776847243309021, 0.11881863325834274, 0.07215359061956406]
  评论家值（critic_value）: 1.1173661947250366
  累计成本（accumulated_cost）: 9.65
  输入噪声配置（input_noise_config）: [24, 22, 26]
  wq噪声配置（wq_noise_config）: [18, 20, 16]
  wk噪声配置（wk_noise_config）: [22, 14, 14]
  wv噪声配置（wv_noise_config）: [22, 18, 18]
  wo噪声配置（wo_noise_config）: [16, 16, 18]
  wffn1噪声配置（wffn1_noise_config）: [16, 18, 16]
  wffn2噪声配置（wffn2_noise_config）: [16, 14, 22]
  当前学习率（current_lr）: 0.000020
  当前熵系数（current_entropy_coef）: 0.023308
  步奖励（step_reward）: 0.005182926829268291
  稠密奖励步（dense_reward_step）: 0.005182926829268291
  累计稠密奖励（accumulated_dense_reward）: 0.016158536585365847
  稳定性惩罚（stability_penalty）: 0.0

  全局步数（step_global）: 98055
  回合编号（episode_id）: 8171
  层索引（layer_index）: 3
  状态向量（state_vector）: [0.0, 0.0, 0.0, 1.0, 0.0, 0.0, 0.0, 0.0, 0.0, 0.0, 0.0, 0.0, -0.053921569138765335, 0.5, 0.75, 1.0, 0.5, 0.5, 1.0, 0.0, 0.21544715762138367, 0.25, 0.75, 1.0, 0.5, 0.0, 0.0, 0.0, 0.0, 0.0, 0.0, 0.0, 0.0, 0.0, 0.5, 0.25, 0.75, 0.0, 0.0, 0.0, 0.0, 0.0, 0.0, 0.0, 0.0, 0.0, 0.0, 1.0, 1.0, 0.0, 0.0, 0.0, 0.0, 0.0, 0.0, 0.0, 0.0, 0.0, 0.0, 0.5, 0.5, 0.0, 0.0, 0.0, 0.0, 0.0, 0.0, 0.0, 0.0, 0.0, 0.75, 0.75, 0.5, 0.0, 0.0, 0.0, 0.0, 0.0, 0.0, 0.0, 0.0, 0.0, 1.0, 0.75, 1.0, 0.0, 0.0, 0.0, 0.0, 0.0, 0.0, 0.0, 0.0, 0.0, 0.75, 1.0, 0.0, 0.0, 0.0, 0.0, 0.0, 0.0, 0.0, 0.0, 0.0, 0.0, -0.20000000298023224, 0.0, 0.9208706617355347]
  当前输入噪声缩放因子（curr_input_noise_scaling_factor）: 30
  当前wq噪声缩放因子（curr_wq_noise_scaling_factor）: 18
  当前wk噪声缩放因子（curr_wk_noise_scaling_factor）: 16
  当前wv噪声缩放因子（curr_wv_noise_scaling_factor）: 18
  当前wo噪声缩放因子（curr_wo_noise_scaling_factor）: 16
  当前wffn1噪声缩放因子（curr_wffn1_noise_scaling_factor）: 16
  当前wffn2噪声缩放因子（curr_wffn2_noise_scaling_factor）: 20
  输入x概率分布（x_prob_dist）: [0.22680020332336426, 0.40273356437683105, 0.19172631204128265, 0.10890334844589233, 0.06983653455972672]
  wq概率分布（wq_prob_dist）: [0.26222655177116394, 0.32658329606056213, 0.22095265984535217, 0.11011940240859985, 0.08011803030967712]
  wk概率分布（wk_prob_dist）: [0.3783177137374878, 0.2807973027229309, 0.15004417300224304, 0.11342047154903412, 0.07742033153772354]
  wv概率分布（wv_prob_dist）: [0.09638035297393799, 0.4068666100502014, 0.28531110286712646, 0.112505704164505, 0.0989362895488739]
  wo概率分布（wo_prob_dist）: [0.21450236439704895, 0.3666730523109436, 0.18697133660316467, 0.1257621794939041, 0.10609107464551926]
  wffn1概率分布（wffn1_prob_dist）: [0.40431877970695496, 0.24814575910568237, 0.16177476942539215, 0.1177908331155777, 0.06796982884407043]
  wffn2概率分布（wffn2_prob_dist）: [0.2374678999185562, 0.39394670724868774, 0.17767037451267242, 0.11879198253154755, 0.07212312519550323]
  评论家值（critic_value）: 1.1181063652038574
  累计成本（accumulated_cost）: 13.0
  输入噪声配置（input_noise_config）: [24, 22, 26, 30]
  wq噪声配置（wq_noise_config）: [18, 20, 16, 18]
  wk噪声配置（wk_noise_config）: [22, 14, 14, 16]
  wv噪声配置（wv_noise_config）: [22, 18, 18, 18]
  wo噪声配置（wo_noise_config）: [16, 16, 18, 16]
  wffn1噪声配置（wffn1_noise_config）: [16, 18, 16, 16]
  wffn2噪声配置（wffn2_noise_config）: [16, 14, 22, 20]
  当前学习率（current_lr）: 0.000020
  当前熵系数（current_entropy_coef）: 0.023308
  步奖励（step_reward）: 0.004573170731707315
  稠密奖励步（dense_reward_step）: 0.004573170731707315
  累计稠密奖励（accumulated_dense_reward）: 0.02073170731707316
  稳定性惩罚（stability_penalty）: 0.0

  全局步数（step_global）: 98056
  回合编号（episode_id）: 8171
  层索引（layer_index）: 4
  状态向量（state_vector）: [0.0, 0.0, 0.0, 0.0, 1.0, 0.0, 0.0, 0.0, 0.0, 0.0, 0.0, 0.0, -0.04411764815449715, 0.0, 0.5, 0.75, 0.5, 0.75, 1.0, 0.25, 0.2073170691728592, 0.3333333432674408, 0.75, 1.0, 0.5, 0.0, 0.0, 0.0, 0.0, 0.0, 0.0, 0.0, 0.0, 0.0, 0.5, 0.25, 0.75, 0.5, 0.0, 0.0, 0.0, 0.0, 0.0, 0.0, 0.0, 0.0, 0.0, 1.0, 1.0, 0.75, 0.0, 0.0, 0.0, 0.0, 0.0, 0.0, 0.0, 0.0, 0.0, 0.5, 0.5, 0.5, 0.0, 0.0, 0.0, 0.0, 0.0, 0.0, 0.0, 0.0, 0.75, 0.75, 0.5, 0.75, 0.0, 0.0, 0.0, 0.0, 0.0, 0.0, 0.0, 0.0, 1.0, 0.75, 1.0, 1.0, 0.0, 0.0, 0.0, 0.0, 0.0, 0.0, 0.0, 0.0, 0.75, 1.0, 0.0, 0.25, 0.0, 0.0, 0.0, 0.0, 0.0, 0.0, 0.0, 0.0, -0.20000000298023224, 0.0, 0.9208706617355347]
  当前输入噪声缩放因子（curr_input_noise_scaling_factor）: 24
  当前wq噪声缩放因子（curr_wq_noise_scaling_factor）: 16
  当前wk噪声缩放因子（curr_wk_noise_scaling_factor）: 20
  当前wv噪声缩放因子（curr_wv_noise_scaling_factor）: 16
  当前wo噪声缩放因子（curr_wo_noise_scaling_factor）: 14
  当前wffn1噪声缩放因子（curr_wffn1_noise_scaling_factor）: 18
  当前wffn2噪声缩放因子（curr_wffn2_noise_scaling_factor）: 20
  输入x概率分布（x_prob_dist）: [0.22680722177028656, 0.4027426838874817, 0.1917239874601364, 0.10889434069395065, 0.06983179599046707]
  wq概率分布（wq_prob_dist）: [0.2622273564338684, 0.32659265398979187, 0.2209467887878418, 0.11011693626642227, 0.08011622726917267]
  wk概率分布（wk_prob_dist）: [0.37833449244499207, 0.2807972729206085, 0.15003696084022522, 0.11341681331396103, 0.0774143859744072]
  wv概率分布（wv_prob_dist）: [0.09637688845396042, 0.40687257051467896, 0.2853185832500458, 0.11250290274620056, 0.09892905503511429]
  wo概率分布（wo_prob_dist）: [0.2145056128501892, 0.3666808605194092, 0.1869722306728363, 0.12575411796569824, 0.10608716309070587]
  wffn1概率分布（wffn1_prob_dist）: [0.40434011816978455, 0.24814380705356598, 0.16176572442054749, 0.11778533458709717, 0.06796497851610184]
  wffn2概率分布（wffn2_prob_dist）: [0.23746076226234436, 0.3939628601074219, 0.17767494916915894, 0.11878669261932373, 0.0721147209405899]
  评论家值（critic_value）: 1.1252251863479614
  累计成本（accumulated_cost）: 16.2
  输入噪声配置（input_noise_config）: [24, 22, 26, 30, 24]
  wq噪声配置（wq_noise_config）: [18, 20, 16, 18, 16]
  wk噪声配置（wk_noise_config）: [22, 14, 14, 16, 20]
  wv噪声配置（wv_noise_config）: [22, 18, 18, 18, 16]
  wo噪声配置（wo_noise_config）: [16, 16, 18, 16, 14]
  wffn1噪声配置（wffn1_noise_config）: [16, 18, 16, 16, 18]
  wffn2噪声配置（wffn2_noise_config）: [16, 14, 22, 20, 20]
  当前学习率（current_lr）: 0.000020
  当前熵系数（current_entropy_coef）: 0.023308
  步奖励（step_reward）: 0.005487804878048778
  稠密奖励步（dense_reward_step）: 0.005487804878048778
  累计稠密奖励（accumulated_dense_reward）: 0.02621951219512194
  稳定性惩罚（stability_penalty）: 0.0

  全局步数（step_global）: 98057
  回合编号（episode_id）: 8171
  层索引（layer_index）: 5
  状态向量（state_vector）: [0.0, 0.0, 0.0, 0.0, 0.0, 1.0, 0.0, 0.0, 0.0, 0.0, 0.0, 0.0, -0.0470588244497776, 0.75, 0.75, 0.25, 0.75, 1.0, 0.75, 0.25, 0.20975609123706818, 0.4166666567325592, 0.75, 1.0, 0.5, 0.0, 0.75, 0.0, 0.0, 0.0, 0.0, 0.0, 0.0, 0.0, 0.5, 0.25, 0.75, 0.5, 0.75, 0.0, 0.0, 0.0, 0.0, 0.0, 0.0, 0.0, 0.0, 1.0, 1.0, 0.75, 0.25, 0.0, 0.0, 0.0, 0.0, 0.0, 0.0, 0.0, 0.0, 0.5, 0.5, 0.5, 0.75, 0.0, 0.0, 0.0, 0.0, 0.0, 0.0, 0.0, 0.75, 0.75, 0.5, 0.75, 1.0, 0.0, 0.0, 0.0, 0.0, 0.0, 0.0, 0.0, 1.0, 0.75, 1.0, 1.0, 0.75, 0.0, 0.0, 0.0, 0.0, 0.0, 0.0, 0.0, 0.75, 1.0, 0.0, 0.25, 0.25, 0.0, 0.0, 0.0, 0.0, 0.0, 0.0, 0.0, -0.20000000298023224, 0.0, 0.9208706617355347]
  当前输入噪声缩放因子（curr_input_noise_scaling_factor）: 24
  当前wq噪声缩放因子（curr_wq_noise_scaling_factor）: 14
  当前wk噪声缩放因子（curr_wk_noise_scaling_factor）: 20
  当前wv噪声缩放因子（curr_wv_noise_scaling_factor）: 14
  当前wo噪声缩放因子（curr_wo_noise_scaling_factor）: 22
  当前wffn1噪声缩放因子（curr_wffn1_noise_scaling_factor）: 22
  当前wffn2噪声缩放因子（curr_wffn2_noise_scaling_factor）: 16
  输入x概率分布（x_prob_dist）: [0.22681035101413727, 0.40264570713043213, 0.19174537062644958, 0.10893378406763077, 0.06986483186483383]
  wq概率分布（wq_prob_dist）: [0.26221996545791626, 0.32654231786727905, 0.22094585001468658, 0.11014439165592194, 0.08014746755361557]
  wk概率分布（wk_prob_dist）: [0.3782479465007782, 0.28077664971351624, 0.15007483959197998, 0.11345077306032181, 0.07744982093572617]
  wv概率分布（wv_prob_dist）: [0.09641246497631073, 0.406782865524292, 0.28530359268188477, 0.1125359907746315, 0.09896508604288101]
  wo概率分布（wo_prob_dist）: [0.21450001001358032, 0.36663129925727844, 0.18696872889995575, 0.1257893443107605, 0.1061105877161026]
  wffn1概率分布（wffn1_prob_dist）: [0.4042413532733917, 0.24814094603061676, 0.16179825365543365, 0.11781696230173111, 0.06800245493650436]
  wffn2概率分布（wffn2_prob_dist）: [0.23745965957641602, 0.39387741684913635, 0.17769433557987213, 0.11881756037473679, 0.07215102016925812]
  评论家值（critic_value）: 1.1279833316802979
  累计成本（accumulated_cost）: 19.5
  输入噪声配置（input_noise_config）: [24, 22, 26, 30, 24, 24]
  wq噪声配置（wq_noise_config）: [18, 20, 16, 18, 16, 14]
  wk噪声配置（wk_noise_config）: [22, 14, 14, 16, 20, 20]
  wv噪声配置（wv_noise_config）: [22, 18, 18, 18, 16, 14]
  wo噪声配置（wo_noise_config）: [16, 16, 18, 16, 14, 22]
  wffn1噪声配置（wffn1_noise_config）: [16, 18, 16, 16, 18, 22]
  wffn2噪声配置（wffn2_noise_config）: [16, 14, 22, 20, 20, 16]
  当前学习率（current_lr）: 0.000020
  当前熵系数（current_entropy_coef）: 0.023308
  步奖励（step_reward）: 0.004878048780487802
  稠密奖励步（dense_reward_step）: 0.004878048780487802
  累计稠密奖励（accumulated_dense_reward）: 0.031097560975609742
  稳定性惩罚（stability_penalty）: 0.0

  全局步数（step_global）: 98058
  回合编号（episode_id）: 8171
  层索引（layer_index）: 6
  状态向量（state_vector）: [0.0, 0.0, 0.0, 0.0, 0.0, 0.0, 1.0, 0.0, 0.0, 0.0, 0.0, 0.0, -0.04411764815449715, 0.75, 1.0, 0.25, 1.0, 0.0, 0.25, 0.75, 0.2073170691728592, 0.5, 0.75, 1.0, 0.5, 0.0, 0.75, 0.75, 0.0, 0.0, 0.0, 0.0, 0.0, 0.0, 0.5, 0.25, 0.75, 0.5, 0.75, 1.0, 0.0, 0.0, 0.0, 0.0, 0.0, 0.0, 0.0, 1.0, 1.0, 0.75, 0.25, 0.25, 0.0, 0.0, 0.0, 0.0, 0.0, 0.0, 0.0, 0.5, 0.5, 0.5, 0.75, 1.0, 0.0, 0.0, 0.0, 0.0, 0.0, 0.0, 0.75, 0.75, 0.5, 0.75, 1.0, 0.0, 0.0, 0.0, 0.0, 0.0, 0.0, 0.0, 1.0, 0.75, 1.0, 1.0, 0.75, 0.25, 0.0, 0.0, 0.0, 0.0, 0.0, 0.0, 0.75, 1.0, 0.0, 0.25, 0.25, 0.75, 0.0, 0.0, 0.0, 0.0, 0.0, 0.0, -0.20000000298023224, 0.0, 0.9208706617355347]
  当前输入噪声缩放因子（curr_input_noise_scaling_factor）: 22
  当前wq噪声缩放因子（curr_wq_noise_scaling_factor）: 16
  当前wk噪声缩放因子（curr_wk_noise_scaling_factor）: 14
  当前wv噪声缩放因子（curr_wv_noise_scaling_factor）: 18
  当前wo噪声缩放因子（curr_wo_noise_scaling_factor）: 20
  当前wffn1噪声缩放因子（curr_wffn1_noise_scaling_factor）: 16
  当前wffn2噪声缩放因子（curr_wffn2_noise_scaling_factor）: 14
  输入x概率分布（x_prob_dist）: [0.22681398689746857, 0.4027109742164612, 0.19173340499401093, 0.1089043915271759, 0.06983727961778641]
  wq概率分布（wq_prob_dist）: [0.2622326910495758, 0.3265872597694397, 0.22093810141086578, 0.11012202501296997, 0.08011999726295471]
  wk概率分布（wk_prob_dist）: [0.3783148527145386, 0.28078722953796387, 0.15005196630954742, 0.11342222988605499, 0.07742369174957275]
  wv概率分布（wv_prob_dist）: [0.09638556838035583, 0.4068482220172882, 0.2853207588195801, 0.11250953376293182, 0.09893600642681122]
  wo概率分布（wo_prob_dist）: [0.21450401842594147, 0.36667656898498535, 0.18695753812789917, 0.12576927244663239, 0.10609263926744461]
  wffn1概率分布（wffn1_prob_dist）: [0.4043212831020355, 0.2481326311826706, 0.16177348792552948, 0.1177944764494896, 0.06797809153795242]
  wffn2概率分布（wffn2_prob_dist）: [0.2374628782272339, 0.3939342796802521, 0.17768757045269012, 0.11879265308380127, 0.07212261855602264]
  评论家值（critic_value）: 1.1334351301193237
  累计成本（accumulated_cost）: 22.5
  输入噪声配置（input_noise_config）: [24, 22, 26, 30, 24, 24, 22]
  wq噪声配置（wq_noise_config）: [18, 20, 16, 18, 16, 14, 16]
  wk噪声配置（wk_noise_config）: [22, 14, 14, 16, 20, 20, 14]
  wv噪声配置（wv_noise_config）: [22, 18, 18, 18, 16, 14, 18]
  wo噪声配置（wo_noise_config）: [16, 16, 18, 16, 14, 22, 20]
  wffn1噪声配置（wffn1_noise_config）: [16, 18, 16, 16, 18, 22, 16]
  wffn2噪声配置（wffn2_noise_config）: [16, 14, 22, 20, 20, 16, 14]
  当前学习率（current_lr）: 0.000020
  当前熵系数（current_entropy_coef）: 0.023308
  步奖励（step_reward）: 0.006707317073170731
  稠密奖励步（dense_reward_step）: 0.006707317073170731
  累计稠密奖励（accumulated_dense_reward）: 0.03780487804878047
  稳定性惩罚（stability_penalty）: 0.0

  全局步数（step_global）: 98059
  回合编号（episode_id）: 8171
  层索引（layer_index）: 7
  状态向量（state_vector）: [0.0, 0.0, 0.0, 0.0, 0.0, 0.0, 0.0, 1.0, 0.0, 0.0, 0.0, 0.0, -0.054621849209070206, 1.0, 0.75, 1.0, 0.5, 0.25, 1.0, 1.0, 0.2160278707742691, 0.5833333134651184, 0.75, 1.0, 0.5, 0.0, 0.75, 0.75, 1.0, 0.0, 0.0, 0.0, 0.0, 0.0, 0.5, 0.25, 0.75, 0.5, 0.75, 1.0, 0.75, 0.0, 0.0, 0.0, 0.0, 0.0, 0.0, 1.0, 1.0, 0.75, 0.25, 0.25, 1.0, 0.0, 0.0, 0.0, 0.0, 0.0, 0.0, 0.5, 0.5, 0.5, 0.75, 1.0, 0.5, 0.0, 0.0, 0.0, 0.0, 0.0, 0.75, 0.75, 0.5, 0.75, 1.0, 0.0, 0.25, 0.0, 0.0, 0.0, 0.0, 0.0, 1.0, 0.75, 1.0, 1.0, 0.75, 0.25, 1.0, 0.0, 0.0, 0.0, 0.0, 0.0, 0.75, 1.0, 0.0, 0.25, 0.25, 0.75, 1.0, 0.0, 0.0, 0.0, 0.0, 0.0, -0.20000000298023224, 0.0, 0.9208706617355347]
  当前输入噪声缩放因子（curr_input_noise_scaling_factor）: 22
  当前wq噪声缩放因子（curr_wq_noise_scaling_factor）: 20
  当前wk噪声缩放因子（curr_wk_noise_scaling_factor）: 16
  当前wv噪声缩放因子（curr_wv_noise_scaling_factor）: 22
  当前wo噪声缩放因子（curr_wo_noise_scaling_factor）: 14
  当前wffn1噪声缩放因子（curr_wffn1_noise_scaling_factor）: 18
  当前wffn2噪声缩放因子（curr_wffn2_noise_scaling_factor）: 18
  输入x概率分布（x_prob_dist）: [0.22679933905601501, 0.40276023745536804, 0.19172456860542297, 0.10889039933681488, 0.0698254331946373]
  wq概率分布（wq_prob_dist）: [0.26223641633987427, 0.326595664024353, 0.22094841301441193, 0.11010979861021042, 0.08010969310998917]
  wk概率分布（wk_prob_dist）: [0.37835267186164856, 0.28080111742019653, 0.15003393590450287, 0.11340603232383728, 0.07740621268749237]
  wv概率分布（wv_prob_dist）: [0.09637092798948288, 0.4068863093852997, 0.2853279709815979, 0.11249146610498428, 0.09892338514328003]
  wo概率分布（wo_prob_dist）: [0.2144954800605774, 0.3667267858982086, 0.18695245683193207, 0.1257506161928177, 0.10607466846704483]
  wffn1概率分布（wffn1_prob_dist）: [0.40434950590133667, 0.24814924597740173, 0.16176603734493256, 0.11777380108833313, 0.06796140223741531]
  wffn2概率分布（wffn2_prob_dist）: [0.23746748268604279, 0.39396440982818604, 0.17767171561717987, 0.11878159642219543, 0.0721147432923317]
  评论家值（critic_value）: 1.1410435438156128
  累计成本（accumulated_cost）: 25.75
  输入噪声配置（input_noise_config）: [24, 22, 26, 30, 24, 24, 22, 22]
  wq噪声配置（wq_noise_config）: [18, 20, 16, 18, 16, 14, 16, 20]
  wk噪声配置（wk_noise_config）: [22, 14, 14, 16, 20, 20, 14, 16]
  wv噪声配置（wv_noise_config）: [22, 18, 18, 18, 16, 14, 18, 22]
  wo噪声配置（wo_noise_config）: [16, 16, 18, 16, 14, 22, 20, 14]
  wffn1噪声配置（wffn1_noise_config）: [16, 18, 16, 16, 18, 22, 16, 18]
  wffn2噪声配置（wffn2_noise_config）: [16, 14, 22, 20, 20, 16, 14, 18]
  当前学习率（current_lr）: 0.000020
  当前熵系数（current_entropy_coef）: 0.023308
  步奖励（step_reward）: 0.005182926829268289
  稠密奖励步（dense_reward_step）: 0.005182926829268289
  累计稠密奖励（accumulated_dense_reward）: 0.04298780487804876
  稳定性惩罚（stability_penalty）: 0.0

  全局步数（step_global）: 98060
  回合编号（episode_id）: 8171
  层索引（layer_index）: 8
  状态向量（state_vector）: [0.0, 0.0, 0.0, 0.0, 0.0, 0.0, 0.0, 0.0, 1.0, 0.0, 0.0, 0.0, -0.053308822214603424, 1.0, 0.25, 0.75, 0.0, 1.0, 0.75, 0.5, 0.21493902802467346, 0.6666666865348816, 0.75, 1.0, 0.5, 0.0, 0.75, 0.75, 1.0, 1.0, 0.0, 0.0, 0.0, 0.0, 0.5, 0.25, 0.75, 0.5, 0.75, 1.0, 0.75, 0.25, 0.0, 0.0, 0.0, 0.0, 0.0, 1.0, 1.0, 0.75, 0.25, 0.25, 1.0, 0.75, 0.0, 0.0, 0.0, 0.0, 0.0, 0.5, 0.5, 0.5, 0.75, 1.0, 0.5, 0.0, 0.0, 0.0, 0.0, 0.0, 0.75, 0.75, 0.5, 0.75, 1.0, 0.0, 0.25, 1.0, 0.0, 0.0, 0.0, 0.0, 1.0, 0.75, 1.0, 1.0, 0.75, 0.25, 1.0, 0.75, 0.0, 0.0, 0.0, 0.0, 0.75, 1.0, 0.0, 0.25, 0.25, 0.75, 1.0, 0.5, 0.0, 0.0, 0.0, 0.0, -0.20000000298023224, 0.0, 0.9208706617355347]
  当前输入噪声缩放因子（curr_input_noise_scaling_factor）: 26
  当前wq噪声缩放因子（curr_wq_noise_scaling_factor）: 16
  当前wk噪声缩放因子（curr_wk_noise_scaling_factor）: 14
  当前wv噪声缩放因子（curr_wv_noise_scaling_factor）: 16
  当前wo噪声缩放因子（curr_wo_noise_scaling_factor）: 16
  当前wffn1噪声缩放因子（curr_wffn1_noise_scaling_factor）: 22
  当前wffn2噪声缩放因子（curr_wffn2_noise_scaling_factor）: 22
  输入x概率分布（x_prob_dist）: [0.22679288685321808, 0.402545690536499, 0.19174735248088837, 0.1089930459856987, 0.06992100924253464]
  wq概率分布（wq_prob_dist）: [0.26212525367736816, 0.32643017172813416, 0.22104208171367645, 0.11020120978355408, 0.08020126074552536]
  wk概率分布（wk_prob_dist）: [0.3780885934829712, 0.2807982265949249, 0.15008105337619781, 0.11351142078638077, 0.07752060890197754]
  wv概率分布（wv_prob_dist）: [0.09644106775522232, 0.4066976010799408, 0.28524965047836304, 0.1125994473695755, 0.09901220351457596]
  wo概率分布（wo_prob_dist）: [0.21452146768569946, 0.36639678478240967, 0.187098428606987, 0.1258007287979126, 0.10618257522583008]
  wffn1概率分布（wffn1_prob_dist）: [0.4040752649307251, 0.2482060194015503, 0.16185162961483002, 0.11784101277589798, 0.06802605837583542]
  wffn2概率分布（wffn2_prob_dist）: [0.23748740553855896, 0.3938228487968445, 0.17766410112380981, 0.11883756518363953, 0.07218802720308304]
  评论家值（critic_value）: 1.1470577716827393
  累计成本（accumulated_cost）: 29.05
  输入噪声配置（input_noise_config）: [24, 22, 26, 30, 24, 24, 22, 22, 26]
  wq噪声配置（wq_noise_config）: [18, 20, 16, 18, 16, 14, 16, 20, 16]
  wk噪声配置（wk_noise_config）: [22, 14, 14, 16, 20, 20, 14, 16, 14]
  wv噪声配置（wv_noise_config）: [22, 18, 18, 18, 16, 14, 18, 22, 16]
  wo噪声配置（wo_noise_config）: [16, 16, 18, 16, 14, 22, 20, 14, 16]
  wffn1噪声配置（wffn1_noise_config）: [16, 18, 16, 16, 18, 22, 16, 18, 22]
  wffn2噪声配置（wffn2_noise_config）: [16, 14, 22, 20, 20, 16, 14, 18, 22]
  当前学习率（current_lr）: 0.000020
  当前熵系数（current_entropy_coef）: 0.023308
  步奖励（step_reward）: 0.004878048780487805
  稠密奖励步（dense_reward_step）: 0.004878048780487805
  累计稠密奖励（accumulated_dense_reward）: 0.047865853658536565
  稳定性惩罚（stability_penalty）: 0.0

  全局步数（step_global）: 98061
  回合编号（episode_id）: 8171
  层索引（layer_index）: 9
  状态向量（state_vector）: [0.0, 0.0, 0.0, 0.0, 0.0, 0.0, 0.0, 0.0, 0.0, 1.0, 0.0, 0.0, -0.050653595477342606, 0.5, 0.75, 1.0, 0.75, 0.75, 0.25, 0.0, 0.21273712813854218, 0.75, 0.75, 1.0, 0.5, 0.0, 0.75, 0.75, 1.0, 1.0, 0.5, 0.0, 0.0, 0.0, 0.5, 0.25, 0.75, 0.5, 0.75, 1.0, 0.75, 0.25, 0.75, 0.0, 0.0, 0.0, 0.0, 1.0, 1.0, 0.75, 0.25, 0.25, 1.0, 0.75, 1.0, 0.0, 0.0, 0.0, 0.0, 0.5, 0.5, 0.5, 0.75, 1.0, 0.5, 0.0, 0.75, 0.0, 0.0, 0.0, 0.75, 0.75, 0.5, 0.75, 1.0, 0.0, 0.25, 1.0, 0.75, 0.0, 0.0, 0.0, 1.0, 0.75, 1.0, 1.0, 0.75, 0.25, 1.0, 0.75, 0.25, 0.0, 0.0, 0.0, 0.75, 1.0, 0.0, 0.25, 0.25, 0.75, 1.0, 0.5, 0.0, 0.0, 0.0, 0.0, -0.20000000298023224, 0.0, 0.9208706617355347]
  当前输入噪声缩放因子（curr_input_noise_scaling_factor）: 26
  当前wq噪声缩放因子（curr_wq_noise_scaling_factor）: 14
  当前wk噪声缩放因子（curr_wk_noise_scaling_factor）: 14
  当前wv噪声缩放因子（curr_wv_noise_scaling_factor）: 18
  当前wo噪声缩放因子（curr_wo_noise_scaling_factor）: 14
  当前wffn1噪声缩放因子（curr_wffn1_noise_scaling_factor）: 16
  当前wffn2噪声缩放因子（curr_wffn2_noise_scaling_factor）: 14
  输入x概率分布（x_prob_dist）: [0.22679677605628967, 0.4026748538017273, 0.1917373687028885, 0.10892567783594131, 0.06986528635025024]
  wq概率分布（wq_prob_dist）: [0.26219993829727173, 0.3265395760536194, 0.22096990048885345, 0.11014758050441742, 0.08014294505119324]
  wk概率分布（wk_prob_dist）: [0.37826937437057495, 0.2807958424091339, 0.1500472128391266, 0.11344252526760101, 0.07744508981704712]
  wv概率分布（wv_prob_dist）: [0.09639835357666016, 0.4067976176738739, 0.28530412912368774, 0.11254002153873444, 0.09895980358123779]
  wo概率分布（wo_prob_dist）: [0.2145051658153534, 0.36658382415771484, 0.18701176345348358, 0.1257745921611786, 0.10612461715936661]
  wffn1概率分布（wffn1_prob_dist）: [0.40426743030548096, 0.24814598262310028, 0.16179513931274414, 0.1178051233291626, 0.06798629462718964]
  wffn2概率分布（wffn2_prob_dist）: [0.23747684061527252, 0.3938901722431183, 0.17767226696014404, 0.11881419271230698, 0.07214652001857758]
  评论家值（critic_value）: 1.152069091796875
  累计成本（accumulated_cost）: 31.95
  输入噪声配置（input_noise_config）: [24, 22, 26, 30, 24, 24, 22, 22, 26, 26]
  wq噪声配置（wq_noise_config）: [18, 20, 16, 18, 16, 14, 16, 20, 16, 14]
  wk噪声配置（wk_noise_config）: [22, 14, 14, 16, 20, 20, 14, 16, 14, 14]
  wv噪声配置（wv_noise_config）: [22, 18, 18, 18, 16, 14, 18, 22, 16, 18]
  wo噪声配置（wo_noise_config）: [16, 16, 18, 16, 14, 22, 20, 14, 16, 14]
  wffn1噪声配置（wffn1_noise_config）: [16, 18, 16, 16, 18, 22, 16, 18, 22, 16]
  wffn2噪声配置（wffn2_noise_config）: [16, 14, 22, 20, 20, 16, 14, 18, 22, 14]
  当前学习率（current_lr）: 0.000020
  当前熵系数（current_entropy_coef）: 0.023308
  步奖励（step_reward）: 0.007317073170731707
  稠密奖励步（dense_reward_step）: 0.007317073170731707
  累计稠密奖励（accumulated_dense_reward）: 0.05518292682926827
  稳定性惩罚（stability_penalty）: 0.0

  全局步数（step_global）: 98062
  回合编号（episode_id）: 8171
  层索引（layer_index）: 10
  状态向量（state_vector）: [0.0, 0.0, 0.0, 0.0, 0.0, 0.0, 0.0, 0.0, 0.0, 0.0, 1.0, 0.0, -0.06029411777853966, 0.5, 1.0, 1.0, 0.5, 1.0, 1.0, 1.0, 0.2207317054271698, 0.8333333134651184, 0.75, 1.0, 0.5, 0.0, 0.75, 0.75, 1.0, 1.0, 0.5, 0.5, 0.0, 0.0, 0.5, 0.25, 0.75, 0.5, 0.75, 1.0, 0.75, 0.25, 0.75, 1.0, 0.0, 0.0, 0.0, 1.0, 1.0, 0.75, 0.25, 0.25, 1.0, 0.75, 1.0, 1.0, 0.0, 0.0, 0.0, 0.5, 0.5, 0.5, 0.75, 1.0, 0.5, 0.0, 0.75, 0.5, 0.0, 0.0, 0.75, 0.75, 0.5, 0.75, 1.0, 0.0, 0.25, 1.0, 0.75, 1.0, 0.0, 0.0, 1.0, 0.75, 1.0, 1.0, 0.75, 0.25, 1.0, 0.75, 0.25, 1.0, 0.0, 0.0, 0.75, 1.0, 0.0, 0.25, 0.25, 0.75, 1.0, 0.5, 0.0, 1.0, 0.0, 0.0, -0.20000000298023224, 0.0, 0.9208706617355347]
  当前输入噪声缩放因子（curr_input_noise_scaling_factor）: 24
  当前wq噪声缩放因子（curr_wq_noise_scaling_factor）: 16
  当前wk噪声缩放因子（curr_wk_noise_scaling_factor）: 22
  当前wv噪声缩放因子（curr_wv_noise_scaling_factor）: 16
  当前wo噪声缩放因子（curr_wo_noise_scaling_factor）: 20
  当前wffn1噪声缩放因子（curr_wffn1_noise_scaling_factor）: 18
  当前wffn2噪声缩放因子（curr_wffn2_noise_scaling_factor）: 20
  输入x概率分布（x_prob_dist）: [0.22681854665279388, 0.4026356637477875, 0.19173479080200195, 0.10894013941287994, 0.06987079977989197]
  wq概率分布（wq_prob_dist）: [0.26220807433128357, 0.32653144001960754, 0.2209516316652298, 0.1101546660065651, 0.0801541656255722]
  wk概率分布（wk_prob_dist）: [0.37825265526771545, 0.2807585299015045, 0.15007789433002472, 0.11345501244068146, 0.07745590060949326]
  wv概率分布（wv_prob_dist）: [0.09642406553030014, 0.4067547917366028, 0.28531453013420105, 0.1125381588935852, 0.09896843135356903]
  wo概率分布（wo_prob_dist）: [0.21449945867061615, 0.36663466691970825, 0.18695488572120667, 0.1257973462343216, 0.10611362010240555]
  wffn1概率分布（wffn1_prob_dist）: [0.40421774983406067, 0.24813643097877502, 0.16181275248527527, 0.11782226711511612, 0.06801071017980576]
  wffn2概率分布（wffn2_prob_dist）: [0.23747090995311737, 0.3938603699207306, 0.17769767343997955, 0.11882124841213226, 0.07214982062578201]
  评论家值（critic_value）: 1.1529655456542969
  累计成本（accumulated_cost）: 35.35
  输入噪声配置（input_noise_config）: [24, 22, 26, 30, 24, 24, 22, 22, 26, 26, 24]
  wq噪声配置（wq_noise_config）: [18, 20, 16, 18, 16, 14, 16, 20, 16, 14, 16]
  wk噪声配置（wk_noise_config）: [22, 14, 14, 16, 20, 20, 14, 16, 14, 14, 22]
  wv噪声配置（wv_noise_config）: [22, 18, 18, 18, 16, 14, 18, 22, 16, 18, 16]
  wo噪声配置（wo_noise_config）: [16, 16, 18, 16, 14, 22, 20, 14, 16, 14, 20]
  wffn1噪声配置（wffn1_noise_config）: [16, 18, 16, 16, 18, 22, 16, 18, 22, 16, 18]
  wffn2噪声配置（wffn2_noise_config）: [16, 14, 22, 20, 20, 16, 14, 18, 22, 14, 20]
  当前学习率（current_lr）: 0.000020
  当前熵系数（current_entropy_coef）: 0.023308
  步奖励（step_reward）: 0.004268292682926825
  稠密奖励步（dense_reward_step）: 0.004268292682926825
  累计稠密奖励（accumulated_dense_reward）: 0.0594512195121951
  稳定性惩罚（stability_penalty）: 0.0

  全局步数（step_global）: 98063
  回合编号（episode_id）: 8171
  层索引（layer_index）: 11
  状态向量（state_vector）: [0.0, 0.0, 0.0, 0.0, 0.0, 0.0, 0.0, 0.0, 0.0, 0.0, 0.0, 1.0, -0.05481283366680145, 0.75, 0.75, 0.0, 0.75, 0.25, 0.75, 0.25, 0.2161862552165985, 0.9166666865348816, 0.75, 1.0, 0.5, 0.0, 0.75, 0.75, 1.0, 1.0, 0.5, 0.5, 0.75, 0.0, 0.5, 0.25, 0.75, 0.5, 0.75, 1.0, 0.75, 0.25, 0.75, 1.0, 0.75, 0.0, 0.0, 1.0, 1.0, 0.75, 0.25, 0.25, 1.0, 0.75, 1.0, 1.0, 0.0, 0.0, 0.0, 0.5, 0.5, 0.5, 0.75, 1.0, 0.5, 0.0, 0.75, 0.5, 0.75, 0.0, 0.75, 0.75, 0.5, 0.75, 1.0, 0.0, 0.25, 1.0, 0.75, 1.0, 0.25, 0.0, 1.0, 0.75, 1.0, 1.0, 0.75, 0.25, 1.0, 0.75, 0.25, 1.0, 0.75, 0.0, 0.75, 1.0, 0.0, 0.25, 0.25, 0.75, 1.0, 0.5, 0.0, 1.0, 0.25, 0.0, -0.20000000298023224, 0.0, 0.9208706617355347]
  当前输入噪声缩放因子（curr_input_noise_scaling_factor）: 24
  当前wq噪声缩放因子（curr_wq_noise_scaling_factor）: 16
  当前wk噪声缩放因子（curr_wk_noise_scaling_factor）: 14
  当前wv噪声缩放因子（curr_wv_noise_scaling_factor）: 16
  当前wo噪声缩放因子（curr_wo_noise_scaling_factor）: 16
  当前wffn1噪声缩放因子（curr_wffn1_noise_scaling_factor）: 16
  当前wffn2噪声缩放因子（curr_wffn2_noise_scaling_factor）: 20
  输入x概率分布（x_prob_dist）: [0.22680838406085968, 0.40274012088775635, 0.19172759354114532, 0.10889429599046707, 0.06982959806919098]
  wq概率分布（wq_prob_dist）: [0.26224565505981445, 0.3265836238861084, 0.22093859314918518, 0.11011870205402374, 0.08011343330144882]
  wk概率分布（wk_prob_dist）: [0.37831515073776245, 0.2807961404323578, 0.15004754066467285, 0.11342301219701767, 0.07741816341876984]
  wv概率分布（wv_prob_dist）: [0.09638278186321259, 0.4068605899810791, 0.28531843423843384, 0.1125037893652916, 0.09893442690372467]
  wo概率分布（wo_prob_dist）: [0.214497372508049, 0.36668962240219116, 0.18696328997612, 0.1257614940404892, 0.10608821362257004]
  wffn1概率分布（wffn1_prob_dist）: [0.4043366014957428, 0.24813173711299896, 0.16176898777484894, 0.1177913248538971, 0.06797133386135101]
  wffn2概率分布（wffn2_prob_dist）: [0.23746027052402496, 0.3939465582370758, 0.17768779397010803, 0.1187875047326088, 0.07211782038211823]
  评论家值（critic_value）: 1.1585168838500977
  累计成本（accumulated_cost）: 38.4
  输入噪声配置（input_noise_config）: [24, 22, 26, 30, 24, 24, 22, 22, 26, 26, 24, 24]
  wq噪声配置（wq_noise_config）: [18, 20, 16, 18, 16, 14, 16, 20, 16, 14, 16, 16]
  wk噪声配置（wk_noise_config）: [22, 14, 14, 16, 20, 20, 14, 16, 14, 14, 22, 14]
  wv噪声配置（wv_noise_config）: [22, 18, 18, 18, 16, 14, 18, 22, 16, 18, 16, 16]
  wo噪声配置（wo_noise_config）: [16, 16, 18, 16, 14, 22, 20, 14, 16, 14, 20, 16]
  wffn1噪声配置（wffn1_noise_config）: [16, 18, 16, 16, 18, 22, 16, 18, 22, 16, 18, 16]
  wffn2噪声配置（wffn2_noise_config）: [16, 14, 22, 20, 20, 16, 14, 18, 22, 14, 20, 20]
  当前学习率（current_lr）: 0.000020
  当前熵系数（current_entropy_coef）: 0.023308
  蒙特卡洛采样数（mc_samples）: 5
  蒙特卡洛损失均值（mc_loss_mean）: 0.28935498396555587
  蒙特卡洛损失标准差（mc_loss_std）: 0.0018422054848267928
  蒙特卡洛指标1均值（mc_metric1_mean）: 0.9059649122807019
  蒙特卡洛指标1标准差（mc_metric1_std）: 0.00343788034074829
  蒙特卡洛指标2均值（mc_metric2_mean）: 0.904366011570262
  蒙特卡洛指标2标准差（mc_metric2_std）: 0.0036470442310637913
  步奖励（step_reward）: 1.1593917252119188
  稠密奖励步（dense_reward_step）: 0.006402439024390244
  原始最终奖励（raw_final_reward）: 1.1529892861875286
  最终选择分数（final_selection_score）: 1.1529892861875286
  累计稠密奖励（accumulated_dense_reward）: 0.06585365853658534
  稳定性代理（stability_proxy）: 0.3719637523599531
  稳定性惩罚（stability_penalty）: -0.0

--- 回合（Episode） 8173 (回合回报（EpisodeReturn）=1.2479, 原始最终奖励（RawFinalReward）=1.1897, 稠密奖励合计（DenseRewardTotal）=0.0582) ---
  全局步数（step_global）: 98064
  回合编号（episode_id）: 8172
  层索引（layer_index）: 0
  状态向量（state_vector）: [1.0, 0.0, 0.0, 0.0, 0.0, 0.0, 0.0, 0.0, 0.0, 0.0, 0.0, 0.0, 0.0, 0.0, 0.0, 0.0, 0.0, 0.0, 0.0, 0.0, 0.0, 0.0, 0.0, 0.0, 0.0, 0.0, 0.0, 0.0, 0.0, 0.0, 0.0, 0.0, 0.0, 0.0, 0.0, 0.0, 0.0, 0.0, 0.0, 0.0, 0.0, 0.0, 0.0, 0.0, 0.0, 0.0, 0.0, 0.0, 0.0, 0.0, 0.0, 0.0, 0.0, 0.0, 0.0, 0.0, 0.0, 0.0, 0.0, 0.0, 0.0, 0.0, 0.0, 0.0, 0.0, 0.0, 0.0, 0.0, 0.0, 0.0, 0.0, 0.0, 0.0, 0.0, 0.0, 0.0, 0.0, 0.0, 0.0, 0.0, 0.0, 0.0, 0.0, 0.0, 0.0, 0.0, 0.0, 0.0, 0.0, 0.0, 0.0, 0.0, 0.0, 0.0, 0.0, 0.0, 0.0, 0.0, 0.0, 0.0, 0.0, 0.0, 0.0, 0.0, 0.0, 0.0, -0.20000000298023224, 0.0, 0.927396833896637]
  当前输入噪声缩放因子（curr_input_noise_scaling_factor）: 22
  当前wq噪声缩放因子（curr_wq_noise_scaling_factor）: 14
  当前wk噪声缩放因子（curr_wk_noise_scaling_factor）: 16
  当前wv噪声缩放因子（curr_wv_noise_scaling_factor）: 20
  当前wo噪声缩放因子（curr_wo_noise_scaling_factor）: 16
  当前wffn1噪声缩放因子（curr_wffn1_noise_scaling_factor）: 18
  当前wffn2噪声缩放因子（curr_wffn2_noise_scaling_factor）: 20
  输入x概率分布（x_prob_dist）: [0.22714261710643768, 0.4005674421787262, 0.1920159012079239, 0.10964585840702057, 0.07062823325395584]
  wq概率分布（wq_prob_dist）: [0.2616710364818573, 0.32566389441490173, 0.22091320157051086, 0.11090610921382904, 0.08084575831890106]
  wk概率分布（wk_prob_dist）: [0.37713292241096497, 0.2799833416938782, 0.15066540241241455, 0.11407282948493958, 0.07814553380012512]
  wv概率分布（wv_prob_dist）: [0.09730681777000427, 0.40449365973472595, 0.28514543175697327, 0.11328655481338501, 0.0997675210237503]
  wo概率分布（wo_prob_dist）: [0.21456894278526306, 0.36517533659935, 0.187078595161438, 0.12638138234615326, 0.10679572820663452]
  wffn1概率分布（wffn1_prob_dist）: [0.40235257148742676, 0.24792994558811188, 0.16234233975410461, 0.11861229687929153, 0.06876280158758163]
  wffn2概率分布（wffn2_prob_dist）: [0.2375776767730713, 0.39183270931243896, 0.17815156280994415, 0.1195530965924263, 0.0728849396109581]
  评论家值（critic_value）: 1.09916353225708
  累计成本（accumulated_cost）: 3.1500000000000004
  输入噪声配置（input_noise_config）: [22]
  wq噪声配置（wq_noise_config）: [14]
  wk噪声配置（wk_noise_config）: [16]
  wv噪声配置（wv_noise_config）: [20]
  wo噪声配置（wo_noise_config）: [16]
  wffn1噪声配置（wffn1_noise_config）: [18]
  wffn2噪声配置（wffn2_noise_config）: [20]
  当前学习率（current_lr）: 0.000020
  当前熵系数（current_entropy_coef）: 0.023305
  步奖励（step_reward）: 0.005792682926829265
  稠密奖励步（dense_reward_step）: 0.005792682926829265
  累计稠密奖励（accumulated_dense_reward）: 0.005792682926829265
  稳定性惩罚（stability_penalty）: 0.0

  全局步数（step_global）: 98065
  回合编号（episode_id）: 8172
  层索引（layer_index）: 1
  状态向量（state_vector）: [0.0, 1.0, 0.0, 0.0, 0.0, 0.0, 0.0, 0.0, 0.0, 0.0, 0.0, 0.0, -0.07352941483259201, 1.0, 1.0, 0.75, 0.25, 0.75, 0.75, 0.25, 0.23170731961727142, 0.0833333358168602, 1.0, 0.0, 0.0, 0.0, 0.0, 0.0, 0.0, 0.0, 0.0, 0.0, 0.0, 0.0, 1.0, 0.0, 0.0, 0.0, 0.0, 0.0, 0.0, 0.0, 0.0, 0.0, 0.0, 0.0, 0.75, 0.0, 0.0, 0.0, 0.0, 0.0, 0.0, 0.0, 0.0, 0.0, 0.0, 0.0, 0.25, 0.0, 0.0, 0.0, 0.0, 0.0, 0.0, 0.0, 0.0, 0.0, 0.0, 0.0, 0.75, 0.0, 0.0, 0.0, 0.0, 0.0, 0.0, 0.0, 0.0, 0.0, 0.0, 0.0, 0.75, 0.0, 0.0, 0.0, 0.0, 0.0, 0.0, 0.0, 0.0, 0.0, 0.0, 0.0, 0.25, 0.0, 0.0, 0.0, 0.0, 0.0, 0.0, 0.0, 0.0, 0.0, 0.0, 0.0, -0.20000000298023224, 0.0, 0.927396833896637]
  当前输入噪声缩放因子（curr_input_noise_scaling_factor）: 24
  当前wq噪声缩放因子（curr_wq_noise_scaling_factor）: 18
  当前wk噪声缩放因子（curr_wk_noise_scaling_factor）: 20
  当前wv噪声缩放因子（curr_wv_noise_scaling_factor）: 16
  当前wo噪声缩放因子（curr_wo_noise_scaling_factor）: 18
  当前wffn1噪声缩放因子（curr_wffn1_noise_scaling_factor）: 16
  当前wffn2噪声缩放因子（curr_wffn2_noise_scaling_factor）: 16
  输入x概率分布（x_prob_dist）: [0.2268184870481491, 0.40260496735572815, 0.19174563884735107, 0.10895001143217087, 0.06988093256950378]
  wq概率分布（wq_prob_dist）: [0.2622019350528717, 0.32651156187057495, 0.2209641933441162, 0.11015497893095016, 0.08016736060380936]
  wk概率分布（wk_prob_dist）: [0.3782113194465637, 0.2807783782482147, 0.15007901191711426, 0.11345966160297394, 0.07747167348861694]
  wv概率分布（wv_prob_dist）: [0.09642576426267624, 0.40676984190940857, 0.28527775406837463, 0.11254916340112686, 0.09897740185260773]
  wo概率分布（wo_prob_dist）: [0.214497908949852, 0.36658936738967896, 0.18698298931121826, 0.125799298286438, 0.10613042116165161]
  wffn1概率分布（wffn1_prob_dist）: [0.40420302748680115, 0.24815021455287933, 0.1618041694164276, 0.11782924085855484, 0.06801342219114304]
  wffn2概率分布（wffn2_prob_dist）: [0.23745454847812653, 0.3938535451889038, 0.1777009814977646, 0.11882628500461578, 0.07216466218233109]
  评论家值（critic_value）: 1.1099933385849
  累计成本（accumulated_cost）: 6.3500000000000005
  输入噪声配置（input_noise_config）: [22, 24]
  wq噪声配置（wq_noise_config）: [14, 18]
  wk噪声配置（wk_noise_config）: [16, 20]
  wv噪声配置（wv_noise_config）: [20, 16]
  wo噪声配置（wo_noise_config）: [16, 18]
  wffn1噪声配置（wffn1_noise_config）: [18, 16]
  wffn2噪声配置（wffn2_noise_config）: [20, 16]
  当前学习率（current_lr）: 0.000020
  当前熵系数（current_entropy_coef）: 0.023305
  步奖励（step_reward）: 0.005487804878048778
  稠密奖励步（dense_reward_step）: 0.005487804878048778
  累计稠密奖励（accumulated_dense_reward）: 0.011280487804878043
  稳定性惩罚（stability_penalty）: 0.0

  全局步数（step_global）: 98066
  回合编号（episode_id）: 8172
  层索引（layer_index）: 2
  状态向量（state_vector）: [0.0, 0.0, 1.0, 0.0, 0.0, 0.0, 0.0, 0.0, 0.0, 0.0, 0.0, 0.0, -0.06617647409439087, 0.75, 0.5, 0.25, 0.75, 0.5, 1.0, 0.75, 0.22560974955558777, 0.1666666716337204, 1.0, 0.75, 0.0, 0.0, 0.0, 0.0, 0.0, 0.0, 0.0, 0.0, 0.0, 0.0, 1.0, 0.5, 0.0, 0.0, 0.0, 0.0, 0.0, 0.0, 0.0, 0.0, 0.0, 0.0, 0.75, 0.25, 0.0, 0.0, 0.0, 0.0, 0.0, 0.0, 0.0, 0.0, 0.0, 0.0, 0.25, 0.75, 0.0, 0.0, 0.0, 0.0, 0.0, 0.0, 0.0, 0.0, 0.0, 0.0, 0.75, 0.5, 0.0, 0.0, 0.0, 0.0, 0.0, 0.0, 0.0, 0.0, 0.0, 0.0, 0.75, 1.0, 0.0, 0.0, 0.0, 0.0, 0.0, 0.0, 0.0, 0.0, 0.0, 0.0, 0.25, 0.75, 0.0, 0.0, 0.0, 0.0, 0.0, 0.0, 0.0, 0.0, 0.0, 0.0, -0.20000000298023224, 0.0, 0.927396833896637]
  当前输入噪声缩放因子（curr_input_noise_scaling_factor）: 26
  当前wq噪声缩放因子（curr_wq_noise_scaling_factor）: 16
  当前wk噪声缩放因子（curr_wk_noise_scaling_factor）: 16
  当前wv噪声缩放因子（curr_wv_noise_scaling_factor）: 18
  当前wo噪声缩放因子（curr_wo_noise_scaling_factor）: 22
  当前wffn1噪声缩放因子（curr_wffn1_noise_scaling_factor）: 24
  当前wffn2噪声缩放因子（curr_wffn2_noise_scaling_factor）: 14
  输入x概率分布（x_prob_dist）: [0.2267942875623703, 0.4027339518070221, 0.19173413515090942, 0.10890287905931473, 0.06983471661806107]
  wq概率分布（wq_prob_dist）: [0.262241005897522, 0.3265753984451294, 0.22094282507896423, 0.11012168228626251, 0.08011911809444427]
  wk概率分布（wk_prob_dist）: [0.37831079959869385, 0.2808012366294861, 0.15004035830497742, 0.11342396587133408, 0.0774235650897026]
  wv概率分布（wv_prob_dist）: [0.09638018906116486, 0.40686824917793274, 0.285311758518219, 0.112505704164505, 0.09893406182527542]
  wo概率分布（wo_prob_dist）: [0.2145010083913803, 0.36667150259017944, 0.18697048723697662, 0.12576410174369812, 0.10609286278486252]
  wffn1概率分布（wffn1_prob_dist）: [0.404326856136322, 0.24814607203006744, 0.16176801919937134, 0.11778678745031357, 0.06797219067811966]
  wffn2概率分布（wffn2_prob_dist）: [0.2374560385942459, 0.39394915103912354, 0.17767953872680664, 0.11879057437181473, 0.07212475687265396]
  评论家值（critic_value）: 1.1160292625427246
  累计成本（accumulated_cost）: 9.75
  输入噪声配置（input_noise_config）: [22, 24, 26]
  wq噪声配置（wq_noise_config）: [14, 18, 16]
  wk噪声配置（wk_noise_config）: [16, 20, 16]
  wv噪声配置（wv_noise_config）: [20, 16, 18]
  wo噪声配置（wo_noise_config）: [16, 18, 22]
  wffn1噪声配置（wffn1_noise_config）: [18, 16, 24]
  wffn2噪声配置（wffn2_noise_config）: [20, 16, 14]
  当前学习率（current_lr）: 0.000020
  当前熵系数（current_entropy_coef）: 0.023305
  步奖励（step_reward）: 0.004268292682926825
  稠密奖励步（dense_reward_step）: 0.004268292682926825
  累计稠密奖励（accumulated_dense_reward）: 0.015548780487804868
  稳定性惩罚（stability_penalty）: 0.0

  全局步数（step_global）: 98067
  回合编号（episode_id）: 8172
  层索引（layer_index）: 3
  状态向量（state_vector）: [0.0, 0.0, 0.0, 1.0, 0.0, 0.0, 0.0, 0.0, 0.0, 0.0, 0.0, 0.0, -0.04411764815449715, 0.5, 0.75, 0.75, 0.5, 0.0, 0.0, 1.0, 0.2073170691728592, 0.25, 1.0, 0.75, 0.5, 0.0, 0.0, 0.0, 0.0, 0.0, 0.0, 0.0, 0.0, 0.0, 1.0, 0.5, 0.75, 0.0, 0.0, 0.0, 0.0, 0.0, 0.0, 0.0, 0.0, 0.0, 0.75, 0.25, 0.75, 0.0, 0.0, 0.0, 0.0, 0.0, 0.0, 0.0, 0.0, 0.0, 0.25, 0.75, 0.5, 0.0, 0.0, 0.0, 0.0, 0.0, 0.0, 0.0, 0.0, 0.0, 0.75, 0.5, 0.0, 0.0, 0.0, 0.0, 0.0, 0.0, 0.0, 0.0, 0.0, 0.0, 0.75, 1.0, 0.0, 0.0, 0.0, 0.0, 0.0, 0.0, 0.0, 0.0, 0.0, 0.0, 0.25, 0.75, 1.0, 0.0, 0.0, 0.0, 0.0, 0.0, 0.0, 0.0, 0.0, 0.0, -0.20000000298023224, 0.0, 0.927396833896637]
  当前输入噪声缩放因子（curr_input_noise_scaling_factor）: 24
  当前wq噪声缩放因子（curr_wq_noise_scaling_factor）: 14
  当前wk噪声缩放因子（curr_wk_noise_scaling_factor）: 14
  当前wv噪声缩放因子（curr_wv_noise_scaling_factor）: 16
  当前wo噪声缩放因子（curr_wo_noise_scaling_factor）: 22
  当前wffn1噪声缩放因子（curr_wffn1_noise_scaling_factor）: 22
  当前wffn2噪声缩放因子（curr_wffn2_noise_scaling_factor）: 18
  输入x概率分布（x_prob_dist）: [0.22680911421775818, 0.4026947319507599, 0.1917332410812378, 0.10891564935445786, 0.0698472335934639]
  wq概率分布（wq_prob_dist）: [0.26221832633018494, 0.32656314969062805, 0.22095425426959991, 0.11013305932283401, 0.0801311656832695]
  wk概率分布（wk_prob_dist）: [0.3782762289047241, 0.2807924151420593, 0.1500554084777832, 0.11343761533498764, 0.07743838429450989]
  wv概率分布（wv_prob_dist）: [0.09639398008584976, 0.40684017539024353, 0.28530001640319824, 0.11252018064260483, 0.09894562512636185]
  wo概率分布（wo_prob_dist）: [0.2145085632801056, 0.3666311204433441, 0.1869833916425705, 0.12577249109745026, 0.10610441863536835]
  wffn1概率分布（wffn1_prob_dist）: [0.40428483486175537, 0.24814535677433014, 0.16178525984287262, 0.11780039221048355, 0.06798416376113892]
  wffn2概率分布（wffn2_prob_dist）: [0.23745933175086975, 0.3939332664012909, 0.17768149077892303, 0.11879567056894302, 0.07213026285171509]
  评论家值（critic_value）: 1.1189565658569336
  累计成本（accumulated_cost）: 13.0
  输入噪声配置（input_noise_config）: [22, 24, 26, 24]
  wq噪声配置（wq_noise_config）: [14, 18, 16, 14]
  wk噪声配置（wk_noise_config）: [16, 20, 16, 14]
  wv噪声配置（wv_noise_config）: [20, 16, 18, 16]
  wo噪声配置（wo_noise_config）: [16, 18, 22, 22]
  wffn1噪声配置（wffn1_noise_config）: [18, 16, 24, 22]
  wffn2噪声配置（wffn2_noise_config）: [20, 16, 14, 18]
  当前学习率（current_lr）: 0.000020
  当前熵系数（current_entropy_coef）: 0.023305
  步奖励（step_reward）: 0.005182926829268291
  稠密奖励步（dense_reward_step）: 0.005182926829268291
  累计稠密奖励（accumulated_dense_reward）: 0.020731707317073158
  稳定性惩罚（stability_penalty）: 0.0

  全局步数（step_global）: 98068
  回合编号（episode_id）: 8172
  层索引（layer_index）: 4
  状态向量（state_vector）: [0.0, 0.0, 0.0, 0.0, 1.0, 0.0, 0.0, 0.0, 0.0, 0.0, 0.0, 0.0, -0.04411764815449715, 0.75, 1.0, 1.0, 0.75, 0.0, 0.25, 0.5, 0.2073170691728592, 0.3333333432674408, 1.0, 0.75, 0.5, 0.75, 0.0, 0.0, 0.0, 0.0, 0.0, 0.0, 0.0, 0.0, 1.0, 0.5, 0.75, 1.0, 0.0, 0.0, 0.0, 0.0, 0.0, 0.0, 0.0, 0.0, 0.75, 0.25, 0.75, 1.0, 0.0, 0.0, 0.0, 0.0, 0.0, 0.0, 0.0, 0.0, 0.25, 0.75, 0.5, 0.75, 0.0, 0.0, 0.0, 0.0, 0.0, 0.0, 0.0, 0.0, 0.75, 0.5, 0.0, 0.0, 0.0, 0.0, 0.0, 0.0, 0.0, 0.0, 0.0, 0.0, 0.75, 1.0, 0.0, 0.25, 0.0, 0.0, 0.0, 0.0, 0.0, 0.0, 0.0, 0.0, 0.25, 0.75, 1.0, 0.5, 0.0, 0.0, 0.0, 0.0, 0.0, 0.0, 0.0, 0.0, -0.20000000298023224, 0.0, 0.927396833896637]
  当前输入噪声缩放因子（curr_input_noise_scaling_factor）: 30
  当前wq噪声缩放因子（curr_wq_noise_scaling_factor）: 16
  当前wk噪声缩放因子（curr_wk_noise_scaling_factor）: 22
  当前wv噪声缩放因子（curr_wv_noise_scaling_factor）: 18
  当前wo噪声缩放因子（curr_wo_noise_scaling_factor）: 18
  当前wffn1噪声缩放因子（curr_wffn1_noise_scaling_factor）: 16
  当前wffn2噪声缩放因子（curr_wffn2_noise_scaling_factor）: 20
  输入x概率分布（x_prob_dist）: [0.22682027518749237, 0.4024736285209656, 0.1917698234319687, 0.10900352895259857, 0.06993270665407181]
  wq概率分布（wq_prob_dist）: [0.26215773820877075, 0.326450377702713, 0.22097642719745636, 0.11020810157060623, 0.08020737767219543]
  wk概率分布（wk_prob_dist）: [0.3781096041202545, 0.28075310587882996, 0.15011125802993774, 0.11350811272859573, 0.07751794904470444]
  wv概率分布（wv_prob_dist）: [0.09647652506828308, 0.4066152572631836, 0.2852727472782135, 0.11260507255792618, 0.09903044253587723]
  wo概率分布（wo_prob_dist）: [0.21451176702976227, 0.3664584755897522, 0.18701677024364471, 0.1258334368467331, 0.10617957264184952]
  wffn1概率分布（wffn1_prob_dist）: [0.40406113862991333, 0.24816030263900757, 0.1618487536907196, 0.11787117272615433, 0.06805868446826935]
  wffn2概率分布（wffn2_prob_dist）: [0.23747210204601288, 0.39374595880508423, 0.1777079999446869, 0.11886654049158096, 0.07220745086669922]
  评论家值（critic_value）: 1.126717209815979
  累计成本（accumulated_cost）: 16.5
  输入噪声配置（input_noise_config）: [22, 24, 26, 24, 30]
  wq噪声配置（wq_noise_config）: [14, 18, 16, 14, 16]
  wk噪声配置（wk_noise_config）: [16, 20, 16, 14, 22]
  wv噪声配置（wv_noise_config）: [20, 16, 18, 16, 18]
  wo噪声配置（wo_noise_config）: [16, 18, 22, 22, 18]
  wffn1噪声配置（wffn1_noise_config）: [18, 16, 24, 22, 16]
  wffn2噪声配置（wffn2_noise_config）: [20, 16, 14, 18, 20]
  当前学习率（current_lr）: 0.000020
  当前熵系数（current_entropy_coef）: 0.023305
  步奖励（step_reward）: 0.003658536585365852
  稠密奖励步（dense_reward_step）: 0.003658536585365852
  累计稠密奖励（accumulated_dense_reward）: 0.02439024390243901
  稳定性惩罚（stability_penalty）: 0.0

  全局步数（step_global）: 98069
  回合编号（episode_id）: 8172
  层索引（layer_index）: 5
  状态向量（state_vector）: [0.0, 0.0, 0.0, 0.0, 0.0, 1.0, 0.0, 0.0, 0.0, 0.0, 0.0, 0.0, -0.029411764815449715, 0.0, 0.75, 0.0, 0.5, 0.5, 1.0, 0.25, 0.19512194395065308, 0.4166666567325592, 1.0, 0.75, 0.5, 0.75, 0.0, 0.0, 0.0, 0.0, 0.0, 0.0, 0.0, 0.0, 1.0, 0.5, 0.75, 1.0, 0.75, 0.0, 0.0, 0.0, 0.0, 0.0, 0.0, 0.0, 0.75, 0.25, 0.75, 1.0, 0.0, 0.0, 0.0, 0.0, 0.0, 0.0, 0.0, 0.0, 0.25, 0.75, 0.5, 0.75, 0.5, 0.0, 0.0, 0.0, 0.0, 0.0, 0.0, 0.0, 0.75, 0.5, 0.0, 0.0, 0.5, 0.0, 0.0, 0.0, 0.0, 0.0, 0.0, 0.0, 0.75, 1.0, 0.0, 0.25, 1.0, 0.0, 0.0, 0.0, 0.0, 0.0, 0.0, 0.0, 0.25, 0.75, 1.0, 0.5, 0.25, 0.0, 0.0, 0.0, 0.0, 0.0, 0.0, 0.0, -0.20000000298023224, 0.0, 0.927396833896637]
  当前输入噪声缩放因子（curr_input_noise_scaling_factor）: 24
  当前wq噪声缩放因子（curr_wq_noise_scaling_factor）: 22
  当前wk噪声缩放因子（curr_wk_noise_scaling_factor）: 16
  当前wv噪声缩放因子（curr_wv_noise_scaling_factor）: 18
  当前wo噪声缩放因子（curr_wo_noise_scaling_factor）: 20
  当前wffn1噪声缩放因子（curr_wffn1_noise_scaling_factor）: 18
  当前wffn2噪声缩放因子（curr_wffn2_noise_scaling_factor）: 16
  输入x概率分布（x_prob_dist）: [0.22679831087589264, 0.4027464687824249, 0.19172869622707367, 0.10889492183923721, 0.06983156502246857]
  wq概率分布（wq_prob_dist）: [0.26223987340927124, 0.32659491896629333, 0.22093385457992554, 0.11011683940887451, 0.08011450618505478]
  wk概率分布（wk_prob_dist）: [0.37833020091056824, 0.28079119324684143, 0.15004366636276245, 0.11342072486877441, 0.07741426676511765]
  wv概率分布（wv_prob_dist）: [0.09638160467147827, 0.4068692922592163, 0.28531232476234436, 0.11250342428684235, 0.0989333763718605]
  wo概率分布（wo_prob_dist）: [0.21449404954910278, 0.3667014241218567, 0.1869588941335678, 0.12576071918010712, 0.106084905564785]
  wffn1概率分布（wffn1_prob_dist）: [0.40433940291404724, 0.24813057482242584, 0.16176985204219818, 0.11779133230447769, 0.06796891987323761]
  wffn2概率分布（wffn2_prob_dist）: [0.23745925724506378, 0.3939460813999176, 0.17768163979053497, 0.1187930777668953, 0.07211993634700775]
  评论家值（critic_value）: 1.1312810182571411
  累计成本（accumulated_cost）: 19.85
  输入噪声配置（input_noise_config）: [22, 24, 26, 24, 30, 24]
  wq噪声配置（wq_noise_config）: [14, 18, 16, 14, 16, 22]
  wk噪声配置（wk_noise_config）: [16, 20, 16, 14, 22, 16]
  wv噪声配置（wv_noise_config）: [20, 16, 18, 16, 18, 18]
  wo噪声配置（wo_noise_config）: [16, 18, 22, 22, 18, 20]
  wffn1噪声配置（wffn1_noise_config）: [18, 16, 24, 22, 16, 18]
  wffn2噪声配置（wffn2_noise_config）: [20, 16, 14, 18, 20, 16]
  当前学习率（current_lr）: 0.000020
  当前熵系数（current_entropy_coef）: 0.023305
  步奖励（step_reward）: 0.0045731707317073125
  稠密奖励步（dense_reward_step）: 0.0045731707317073125
  累计稠密奖励（accumulated_dense_reward）: 0.028963414634146326
  稳定性惩罚（stability_penalty）: 0.0

  全局步数（step_global）: 98070
  回合编号（episode_id）: 8172
  层索引（layer_index）: 6
  状态向量（state_vector）: [0.0, 0.0, 0.0, 0.0, 0.0, 0.0, 1.0, 0.0, 0.0, 0.0, 0.0, 0.0, -0.026960784569382668, 0.75, 0.0, 0.75, 0.5, 0.25, 0.75, 0.75, 0.19308942556381226, 0.5, 1.0, 0.75, 0.5, 0.75, 0.0, 0.75, 0.0, 0.0, 0.0, 0.0, 0.0, 0.0, 1.0, 0.5, 0.75, 1.0, 0.75, 0.0, 0.0, 0.0, 0.0, 0.0, 0.0, 0.0, 0.75, 0.25, 0.75, 1.0, 0.0, 0.75, 0.0, 0.0, 0.0, 0.0, 0.0, 0.0, 0.25, 0.75, 0.5, 0.75, 0.5, 0.5, 0.0, 0.0, 0.0, 0.0, 0.0, 0.0, 0.75, 0.5, 0.0, 0.0, 0.5, 0.25, 0.0, 0.0, 0.0, 0.0, 0.0, 0.0, 0.75, 1.0, 0.0, 0.25, 1.0, 0.75, 0.0, 0.0, 0.0, 0.0, 0.0, 0.0, 0.25, 0.75, 1.0, 0.5, 0.25, 0.75, 0.0, 0.0, 0.0, 0.0, 0.0, 0.0, -0.20000000298023224, 0.0, 0.927396833896637]
  当前输入噪声缩放因子（curr_input_noise_scaling_factor）: 28
  当前wq噪声缩放因子（curr_wq_noise_scaling_factor）: 20
  当前wk噪声缩放因子（curr_wk_noise_scaling_factor）: 20
  当前wv噪声缩放因子（curr_wv_noise_scaling_factor）: 18
  当前wo噪声缩放因子（curr_wo_noise_scaling_factor）: 20
  当前wffn1噪声缩放因子（curr_wffn1_noise_scaling_factor）: 22
  当前wffn2噪声缩放因子（curr_wffn2_noise_scaling_factor）: 18
  输入x概率分布（x_prob_dist）: [0.22680331766605377, 0.4027566909790039, 0.1917242556810379, 0.10888948291540146, 0.06982629001140594]
  wq概率分布（wq_prob_dist）: [0.2622373700141907, 0.3266039490699768, 0.22093604505062103, 0.11011258512735367, 0.08011003583669662]
  wk概率分布（wk_prob_dist）: [0.3783551752567291, 0.28079429268836975, 0.1500379592180252, 0.11340644210577011, 0.07740616053342819]
  wv概率分布（wv_prob_dist）: [0.09637406468391418, 0.40687450766563416, 0.28532660007476807, 0.11249783635139465, 0.09892699867486954]
  wo概率分布（wo_prob_dist）: [0.21449798345565796, 0.36671632528305054, 0.1869509369134903, 0.1257561445236206, 0.10607863962650299]
  wffn1概率分布（wffn1_prob_dist）: [0.40435999631881714, 0.24812939763069153, 0.16176123917102814, 0.11778330057859421, 0.06796608865261078]
  wffn2概率分布（wffn2_prob_dist）: [0.23746444284915924, 0.3939491808414459, 0.17767895758152008, 0.11879093945026398, 0.07211647182703018]
  评论家值（critic_value）: 1.1384104490280151
  累计成本（accumulated_cost）: 23.5
  输入噪声配置（input_noise_config）: [22, 24, 26, 24, 30, 24, 28]
  wq噪声配置（wq_noise_config）: [14, 18, 16, 14, 16, 22, 20]
  wk噪声配置（wk_noise_config）: [16, 20, 16, 14, 22, 16, 20]
  wv噪声配置（wv_noise_config）: [20, 16, 18, 16, 18, 18, 18]
  wo噪声配置（wo_noise_config）: [16, 18, 22, 22, 18, 20, 20]
  wffn1噪声配置（wffn1_noise_config）: [18, 16, 24, 22, 16, 18, 22]
  wffn2噪声配置（wffn2_noise_config）: [20, 16, 14, 18, 20, 16, 18]
  当前学习率（current_lr）: 0.000020
  当前熵系数（current_entropy_coef）: 0.023305
  步奖励（step_reward）: 0.002743902439024386
  稠密奖励步（dense_reward_step）: 0.002743902439024386
  累计稠密奖励（accumulated_dense_reward）: 0.03170731707317071
  稳定性惩罚（stability_penalty）: 0.0

  全局步数（step_global）: 98071
  回合编号（episode_id）: 8172
  层索引（layer_index）: 7
  状态向量（state_vector）: [0.0, 0.0, 0.0, 0.0, 0.0, 0.0, 0.0, 1.0, 0.0, 0.0, 0.0, 0.0, -0.012605042196810246, 0.25, 0.25, 0.25, 0.5, 0.25, 0.25, 0.5, 0.18118466436862946, 0.5833333134651184, 1.0, 0.75, 0.5, 0.75, 0.0, 0.75, 0.25, 0.0, 0.0, 0.0, 0.0, 0.0, 1.0, 0.5, 0.75, 1.0, 0.75, 0.0, 0.25, 0.0, 0.0, 0.0, 0.0, 0.0, 0.75, 0.25, 0.75, 1.0, 0.0, 0.75, 0.25, 0.0, 0.0, 0.0, 0.0, 0.0, 0.25, 0.75, 0.5, 0.75, 0.5, 0.5, 0.5, 0.0, 0.0, 0.0, 0.0, 0.0, 0.75, 0.5, 0.0, 0.0, 0.5, 0.25, 0.25, 0.0, 0.0, 0.0, 0.0, 0.0, 0.75, 1.0, 0.0, 0.25, 1.0, 0.75, 0.25, 0.0, 0.0, 0.0, 0.0, 0.0, 0.25, 0.75, 1.0, 0.5, 0.25, 0.75, 0.5, 0.0, 0.0, 0.0, 0.0, 0.0, -0.20000000298023224, 0.0, 0.927396833896637]
  当前输入噪声缩放因子（curr_input_noise_scaling_factor）: 24
  当前wq噪声缩放因子（curr_wq_noise_scaling_factor）: 16
  当前wk噪声缩放因子（curr_wk_noise_scaling_factor）: 14
  当前wv噪声缩放因子（curr_wv_noise_scaling_factor）: 16
  当前wo噪声缩放因子（curr_wo_noise_scaling_factor）: 16
  当前wffn1噪声缩放因子（curr_wffn1_noise_scaling_factor）: 16
  当前wffn2噪声缩放因子（curr_wffn2_noise_scaling_factor）: 16
  输入x概率分布（x_prob_dist）: [0.22681649029254913, 0.40250128507614136, 0.19176176190376282, 0.10899455845355988, 0.06992587447166443]
  wq概率分布（wq_prob_dist）: [0.2621685564517975, 0.32644084095954895, 0.2209852933883667, 0.11020011454820633, 0.08020523190498352]
  wk概率分布（wk_prob_dist）: [0.3781309425830841, 0.2807607352733612, 0.15010926127433777, 0.11349227279424667, 0.07750686258077621]
  wv概率分布（wv_prob_dist）: [0.09647522121667862, 0.406620591878891, 0.28528910875320435, 0.11258960515260696, 0.09902550280094147]
  wo概率分布（wo_prob_dist）: [0.21449458599090576, 0.36651673913002014, 0.18699155747890472, 0.1258346140384674, 0.10616253316402435]
  wffn1概率分布（wffn1_prob_dist）: [0.4040639400482178, 0.24817095696926117, 0.16185586154460907, 0.11785394698381424, 0.06805539131164551]
  wffn2概率分布（wffn2_prob_dist）: [0.23748889565467834, 0.3937331736087799, 0.17770415544509888, 0.11886367946863174, 0.07221004366874695]
  评论家值（critic_value）: 1.1466679573059082
  累计成本（accumulated_cost）: 26.45
  输入噪声配置（input_noise_config）: [22, 24, 26, 24, 30, 24, 28, 24]
  wq噪声配置（wq_noise_config）: [14, 18, 16, 14, 16, 22, 20, 16]
  wk噪声配置（wk_noise_config）: [16, 20, 16, 14, 22, 16, 20, 14]
  wv噪声配置（wv_noise_config）: [20, 16, 18, 16, 18, 18, 18, 16]
  wo噪声配置（wo_noise_config）: [16, 18, 22, 22, 18, 20, 20, 16]
  wffn1噪声配置（wffn1_noise_config）: [18, 16, 24, 22, 16, 18, 22, 16]
  wffn2噪声配置（wffn2_noise_config）: [20, 16, 14, 18, 20, 16, 18, 16]
  当前学习率（current_lr）: 0.000020
  当前熵系数（current_entropy_coef）: 0.023305
  步奖励（step_reward）: 0.0070121951219512205
  稠密奖励步（dense_reward_step）: 0.0070121951219512205
  累计稠密奖励（accumulated_dense_reward）: 0.03871951219512193
  稳定性惩罚（stability_penalty）: 0.0

  全局步数（step_global）: 98072
  回合编号（episode_id）: 8172
  层索引（layer_index）: 8
  状态向量（state_vector）: [0.0, 0.0, 0.0, 0.0, 0.0, 0.0, 0.0, 0.0, 1.0, 0.0, 0.0, 0.0, -0.02757352963089943, 0.75, 0.75, 1.0, 0.75, 0.75, 1.0, 0.75, 0.19359755516052246, 0.6666666865348816, 1.0, 0.75, 0.5, 0.75, 0.0, 0.75, 0.25, 0.75, 0.0, 0.0, 0.0, 0.0, 1.0, 0.5, 0.75, 1.0, 0.75, 0.0, 0.25, 0.75, 0.0, 0.0, 0.0, 0.0, 0.75, 0.25, 0.75, 1.0, 0.0, 0.75, 0.25, 1.0, 0.0, 0.0, 0.0, 0.0, 0.25, 0.75, 0.5, 0.75, 0.5, 0.5, 0.5, 0.75, 0.0, 0.0, 0.0, 0.0, 0.75, 0.5, 0.0, 0.0, 0.5, 0.25, 0.25, 0.75, 0.0, 0.0, 0.0, 0.0, 0.75, 1.0, 0.0, 0.25, 1.0, 0.75, 0.25, 1.0, 0.0, 0.0, 0.0, 0.0, 0.25, 0.75, 1.0, 0.5, 0.25, 0.75, 0.5, 0.75, 0.0, 0.0, 0.0, 0.0, -0.20000000298023224, 0.0, 0.927396833896637]
  当前输入噪声缩放因子（curr_input_noise_scaling_factor）: 24
  当前wq噪声缩放因子（curr_wq_noise_scaling_factor）: 22
  当前wk噪声缩放因子（curr_wk_noise_scaling_factor）: 16
  当前wv噪声缩放因子（curr_wv_noise_scaling_factor）: 20
  当前wo噪声缩放因子（curr_wo_noise_scaling_factor）: 22
  当前wffn1噪声缩放因子（curr_wffn1_noise_scaling_factor）: 18
  当前wffn2噪声缩放因子（curr_wffn2_noise_scaling_factor）: 14
  输入x概率分布（x_prob_dist）: [0.22678913176059723, 0.4027758836746216, 0.19172313809394836, 0.10888523608446121, 0.06982661038637161]
  wq概率分布（wq_prob_dist）: [0.2622276842594147, 0.32660800218582153, 0.2209465056657791, 0.11011173576116562, 0.08010608702898026]
  wk概率分布（wk_prob_dist）: [0.37837183475494385, 0.2808000445365906, 0.15002533793449402, 0.11340252310037613, 0.07740026712417603]
  wv概率分布（wv_prob_dist）: [0.09636648744344711, 0.40688520669937134, 0.28533512353897095, 0.11249316483736038, 0.09891997277736664]
  wo概率分布（wo_prob_dist）: [0.21449796855449677, 0.3667135536670685, 0.18696238100528717, 0.12574632465839386, 0.10607972741127014]
  wffn1概率分布（wffn1_prob_dist）: [0.4043574631214142, 0.2481476217508316, 0.1617622673511505, 0.11777374148368835, 0.06795892119407654]
  wffn2概率分布（wffn2_prob_dist）: [0.2374698668718338, 0.39396312832832336, 0.17766675353050232, 0.11878655105829239, 0.0721137672662735]
  评论家值（critic_value）: 1.1509093046188354
  累计成本（accumulated_cost）: 29.85
  输入噪声配置（input_noise_config）: [22, 24, 26, 24, 30, 24, 28, 24, 24]
  wq噪声配置（wq_noise_config）: [14, 18, 16, 14, 16, 22, 20, 16, 22]
  wk噪声配置（wk_noise_config）: [16, 20, 16, 14, 22, 16, 20, 14, 16]
  wv噪声配置（wv_noise_config）: [20, 16, 18, 16, 18, 18, 18, 16, 20]
  wo噪声配置（wo_noise_config）: [16, 18, 22, 22, 18, 20, 20, 16, 22]
  wffn1噪声配置（wffn1_noise_config）: [18, 16, 24, 22, 16, 18, 22, 16, 18]
  wffn2噪声配置（wffn2_noise_config）: [20, 16, 14, 18, 20, 16, 18, 16, 14]
  当前学习率（current_lr）: 0.000020
  当前熵系数（current_entropy_coef）: 0.023305
  步奖励（step_reward）: 0.004268292682926823
  稠密奖励步（dense_reward_step）: 0.004268292682926823
  累计稠密奖励（accumulated_dense_reward）: 0.04298780487804875
  稳定性惩罚（stability_penalty）: 0.0

  全局步数（step_global）: 98073
  回合编号（episode_id）: 8172
  层索引（layer_index）: 9
  状态向量（state_vector）: [0.0, 0.0, 0.0, 0.0, 0.0, 0.0, 0.0, 0.0, 0.0, 1.0, 0.0, 0.0, -0.02450980432331562, 0.75, 0.0, 0.75, 0.25, 0.0, 0.75, 1.0, 0.19105690717697144, 0.75, 1.0, 0.75, 0.5, 0.75, 0.0, 0.75, 0.25, 0.75, 0.75, 0.0, 0.0, 0.0, 1.0, 0.5, 0.75, 1.0, 0.75, 0.0, 0.25, 0.75, 0.0, 0.0, 0.0, 0.0, 0.75, 0.25, 0.75, 1.0, 0.0, 0.75, 0.25, 1.0, 0.75, 0.0, 0.0, 0.0, 0.25, 0.75, 0.5, 0.75, 0.5, 0.5, 0.5, 0.75, 0.25, 0.0, 0.0, 0.0, 0.75, 0.5, 0.0, 0.0, 0.5, 0.25, 0.25, 0.75, 0.0, 0.0, 0.0, 0.0, 0.75, 1.0, 0.0, 0.25, 1.0, 0.75, 0.25, 1.0, 0.75, 0.0, 0.0, 0.0, 0.25, 0.75, 1.0, 0.5, 0.25, 0.75, 0.5, 0.75, 1.0, 0.0, 0.0, 0.0, -0.20000000298023224, 0.0, 0.927396833896637]
  当前输入噪声缩放因子（curr_input_noise_scaling_factor）: 24
  当前wq噪声缩放因子（curr_wq_noise_scaling_factor）: 22
  当前wk噪声缩放因子（curr_wk_noise_scaling_factor）: 20
  当前wv噪声缩放因子（curr_wv_noise_scaling_factor）: 18
  当前wo噪声缩放因子（curr_wo_noise_scaling_factor）: 16
  当前wffn1噪声缩放因子（curr_wffn1_noise_scaling_factor）: 18
  当前wffn2噪声缩放因子（curr_wffn2_noise_scaling_factor）: 22
  输入x概率分布（x_prob_dist）: [0.22680337727069855, 0.402705579996109, 0.19173316657543182, 0.10891018062829971, 0.06984765082597733]
  wq概率分布（wq_prob_dist）: [0.2622200846672058, 0.3265625238418579, 0.2209554761648178, 0.110132597386837, 0.08012935519218445]
  wk概率分布（wk_prob_dist）: [0.37830546498298645, 0.280794233083725, 0.15004077553749084, 0.11342928558588028, 0.07743025571107864]
  wv概率分布（wv_prob_dist）: [0.09638483077287674, 0.40683338046073914, 0.28531453013420105, 0.1125245988368988, 0.09894268214702606]
  wo概率分布（wo_prob_dist）: [0.21450839936733246, 0.3666194975376129, 0.1869971752166748, 0.12576302886009216, 0.10611187666654587]
  wffn1概率分布（wffn1_prob_dist）: [0.40431222319602966, 0.2481338083744049, 0.16177599132061005, 0.11779826134443283, 0.06797971576452255]
  wffn2概率分布（wffn2_prob_dist）: [0.23747113347053528, 0.3939093053340912, 0.1776847392320633, 0.11880376189947128, 0.07213104516267776]
  评论家值（critic_value）: 1.1515213251113892
  累计成本（accumulated_cost）: 33.35
  输入噪声配置（input_noise_config）: [22, 24, 26, 24, 30, 24, 28, 24, 24, 24]
  wq噪声配置（wq_noise_config）: [14, 18, 16, 14, 16, 22, 20, 16, 22, 22]
  wk噪声配置（wk_noise_config）: [16, 20, 16, 14, 22, 16, 20, 14, 16, 20]
  wv噪声配置（wv_noise_config）: [20, 16, 18, 16, 18, 18, 18, 16, 20, 18]
  wo噪声配置（wo_noise_config）: [16, 18, 22, 22, 18, 20, 20, 16, 22, 16]
  wffn1噪声配置（wffn1_noise_config）: [18, 16, 24, 22, 16, 18, 22, 16, 18, 18]
  wffn2噪声配置（wffn2_noise_config）: [20, 16, 14, 18, 20, 16, 18, 16, 14, 22]
  当前学习率（current_lr）: 0.000020
  当前熵系数（current_entropy_coef）: 0.023305
  步奖励（step_reward）: 0.003658536585365852
  稠密奖励步（dense_reward_step）: 0.003658536585365852
  累计稠密奖励（accumulated_dense_reward）: 0.0466463414634146
  稳定性惩罚（stability_penalty）: 0.0

  全局步数（step_global）: 98074
  回合编号（episode_id）: 8172
  层索引（layer_index）: 10
  状态向量（state_vector）: [0.0, 0.0, 0.0, 0.0, 0.0, 0.0, 0.0, 0.0, 0.0, 0.0, 1.0, 0.0, -0.019117647781968117, 0.75, 0.0, 0.25, 0.5, 0.75, 0.75, 0.0, 0.18658536672592163, 0.8333333134651184, 1.0, 0.75, 0.5, 0.75, 0.0, 0.75, 0.25, 0.75, 0.75, 0.75, 0.0, 0.0, 1.0, 0.5, 0.75, 1.0, 0.75, 0.0, 0.25, 0.75, 0.0, 0.0, 0.0, 0.0, 0.75, 0.25, 0.75, 1.0, 0.0, 0.75, 0.25, 1.0, 0.75, 0.25, 0.0, 0.0, 0.25, 0.75, 0.5, 0.75, 0.5, 0.5, 0.5, 0.75, 0.25, 0.5, 0.0, 0.0, 0.75, 0.5, 0.0, 0.0, 0.5, 0.25, 0.25, 0.75, 0.0, 0.75, 0.0, 0.0, 0.75, 1.0, 0.0, 0.25, 1.0, 0.75, 0.25, 1.0, 0.75, 0.75, 0.0, 0.0, 0.25, 0.75, 1.0, 0.5, 0.25, 0.75, 0.5, 0.75, 1.0, 0.0, 0.0, 0.0, -0.20000000298023224, 0.0, 0.927396833896637]
  当前输入噪声缩放因子（curr_input_noise_scaling_factor）: 28
  当前wq噪声缩放因子（curr_wq_noise_scaling_factor）: 14
  当前wk噪声缩放因子（curr_wk_noise_scaling_factor）: 14
  当前wv噪声缩放因子（curr_wv_noise_scaling_factor）: 18
  当前wo噪声缩放因子（curr_wo_noise_scaling_factor）: 16
  当前wffn1噪声缩放因子（curr_wffn1_noise_scaling_factor）: 18
  当前wffn2噪声缩放因子（curr_wffn2_noise_scaling_factor）: 16
  输入x概率分布（x_prob_dist）: [0.2268122285604477, 0.4026041626930237, 0.19173754751682281, 0.10895559936761856, 0.06989046186208725]
  wq概率分布（wq_prob_dist）: [0.26220035552978516, 0.32650235295295715, 0.22095158696174622, 0.1101728156208992, 0.0801728293299675]
  wk概率分布（wk_prob_dist）: [0.37818753719329834, 0.2807554602622986, 0.15009742975234985, 0.11348161101341248, 0.07747800648212433]
  wv概率分布（wv_prob_dist）: [0.09644278883934021, 0.4067044258117676, 0.2852981984615326, 0.11256372183561325, 0.09899085015058517]
  wo概率分布（wo_prob_dist）: [0.2145066112279892, 0.3665703237056732, 0.18697918951511383, 0.1258150339126587, 0.10612879693508148]
  wffn1概率分布（wffn1_prob_dist）: [0.4041846692562103, 0.24812300503253937, 0.1618245393037796, 0.11784087866544724, 0.06802687793970108]
  wffn2概率分布（wffn2_prob_dist）: [0.2374628633260727, 0.393818199634552, 0.1777069866657257, 0.1188427209854126, 0.07216926664113998]
  评论家值（critic_value）: 1.1647660732269287
  累计成本（accumulated_cost）: 36.45
  输入噪声配置（input_noise_config）: [22, 24, 26, 24, 30, 24, 28, 24, 24, 24, 28]
  wq噪声配置（wq_noise_config）: [14, 18, 16, 14, 16, 22, 20, 16, 22, 22, 14]
  wk噪声配置（wk_noise_config）: [16, 20, 16, 14, 22, 16, 20, 14, 16, 20, 14]
  wv噪声配置（wv_noise_config）: [20, 16, 18, 16, 18, 18, 18, 16, 20, 18, 18]
  wo噪声配置（wo_noise_config）: [16, 18, 22, 22, 18, 20, 20, 16, 22, 16, 16]
  wffn1噪声配置（wffn1_noise_config）: [18, 16, 24, 22, 16, 18, 22, 16, 18, 18, 18]
  wffn2噪声配置（wffn2_noise_config）: [20, 16, 14, 18, 20, 16, 18, 16, 14, 22, 16]
  当前学习率（current_lr）: 0.000020
  当前熵系数（current_entropy_coef）: 0.023305
  步奖励（step_reward）: 0.006097560975609755
  稠密奖励步（dense_reward_step）: 0.006097560975609755
  累计稠密奖励（accumulated_dense_reward）: 0.052743902439024354
  稳定性惩罚（stability_penalty）: 0.0

  全局步数（step_global）: 98075
  回合编号（episode_id）: 8172
  层索引（layer_index）: 11
  状态向量（state_vector）: [0.0, 0.0, 0.0, 0.0, 0.0, 0.0, 0.0, 0.0, 0.0, 0.0, 0.0, 1.0, -0.025401068851351738, 0.25, 1.0, 1.0, 0.5, 0.75, 0.75, 0.75, 0.19179600477218628, 0.9166666865348816, 1.0, 0.75, 0.5, 0.75, 0.0, 0.75, 0.25, 0.75, 0.75, 0.75, 0.25, 0.0, 1.0, 0.5, 0.75, 1.0, 0.75, 0.0, 0.25, 0.75, 0.0, 0.0, 1.0, 0.0, 0.75, 0.25, 0.75, 1.0, 0.0, 0.75, 0.25, 1.0, 0.75, 0.25, 1.0, 0.0, 0.25, 0.75, 0.5, 0.75, 0.5, 0.5, 0.5, 0.75, 0.25, 0.5, 0.5, 0.0, 0.75, 0.5, 0.0, 0.0, 0.5, 0.25, 0.25, 0.75, 0.0, 0.75, 0.75, 0.0, 0.75, 1.0, 0.0, 0.25, 1.0, 0.75, 0.25, 1.0, 0.75, 0.75, 0.75, 0.0, 0.25, 0.75, 1.0, 0.5, 0.25, 0.75, 0.5, 0.75, 1.0, 0.0, 0.75, 0.0, -0.20000000298023224, 0.0, 0.927396833896637]
  当前输入噪声缩放因子（curr_input_noise_scaling_factor）: 22
  当前wq噪声缩放因子（curr_wq_noise_scaling_factor）: 18
  当前wk噪声缩放因子（curr_wk_noise_scaling_factor）: 14
  当前wv噪声缩放因子（curr_wv_noise_scaling_factor）: 18
  当前wo噪声缩放因子（curr_wo_noise_scaling_factor）: 22
  当前wffn1噪声缩放因子（curr_wffn1_noise_scaling_factor）: 18
  当前wffn2噪声缩放因子（curr_wffn2_noise_scaling_factor）: 16
  输入x概率分布（x_prob_dist）: [0.2268175333738327, 0.4026745557785034, 0.1917324960231781, 0.10892079025506973, 0.06985469907522202]
  wq概率分布（wq_prob_dist）: [0.2622072696685791, 0.32654809951782227, 0.2209686040878296, 0.11013885587453842, 0.0801372081041336]
  wk概率分布（wk_prob_dist）: [0.3782557547092438, 0.2807924747467041, 0.15006080269813538, 0.11344258487224579, 0.07744845002889633]
  wv概率分布（wv_prob_dist）: [0.0964018851518631, 0.40681102871894836, 0.28530368208885193, 0.11253058165311813, 0.09895287454128265]
  wo概率分布（wo_prob_dist）: [0.21451038122177124, 0.3665991425514221, 0.1869932860136032, 0.12577831745147705, 0.10611890256404877]
  wffn1概率分布（wffn1_prob_dist）: [0.40425795316696167, 0.2481478899717331, 0.16179391741752625, 0.11780721694231033, 0.06799306720495224]
  wffn2概率分布（wffn2_prob_dist）: [0.2374681532382965, 0.3939078152179718, 0.1776871532201767, 0.11880047619342804, 0.07213640958070755]
  评论家值（critic_value）: 1.1673041582107544
  累计成本（accumulated_cost）: 39.650000000000006
  输入噪声配置（input_noise_config）: [22, 24, 26, 24, 30, 24, 28, 24, 24, 24, 28, 22]
  wq噪声配置（wq_noise_config）: [14, 18, 16, 14, 16, 22, 20, 16, 22, 22, 14, 18]
  wk噪声配置（wk_noise_config）: [16, 20, 16, 14, 22, 16, 20, 14, 16, 20, 14, 14]
  wv噪声配置（wv_noise_config）: [20, 16, 18, 16, 18, 18, 18, 16, 20, 18, 18, 18]
  wo噪声配置（wo_noise_config）: [16, 18, 22, 22, 18, 20, 20, 16, 22, 16, 16, 22]
  wffn1噪声配置（wffn1_noise_config）: [18, 16, 24, 22, 16, 18, 22, 16, 18, 18, 18, 18]
  wffn2噪声配置（wffn2_noise_config）: [20, 16, 14, 18, 20, 16, 18, 16, 14, 22, 16, 16]
  当前学习率（current_lr）: 0.000020
  当前熵系数（current_entropy_coef）: 0.023305
  蒙特卡洛采样数（mc_samples）: 5
  蒙特卡洛损失均值（mc_loss_mean）: 0.2888620138168335
  蒙特卡洛损失标准差（mc_loss_std）: 0.002699731947186558
  蒙特卡洛指标1均值（mc_metric1_mean）: 0.9066666666666666
  蒙特卡洛指标1标准差（mc_metric1_std）: 0.0017189401703741655
  蒙特卡洛指标2均值（mc_metric2_mean）: 0.9051947671035172
  蒙特卡洛指标2标准差（mc_metric2_std）: 0.001661027623944145
  步奖励（step_reward）: 1.1951585618998684
  稠密奖励步（dense_reward_step）: 0.005487804878048778
  原始最终奖励（raw_final_reward）: 1.1896707570218197
  最终选择分数（final_selection_score）: 1.1896707570218197
  累计稠密奖励（accumulated_dense_reward）: 0.05823170731707313
  稳定性代理（stability_proxy）: 0.25332082256270283
  稳定性惩罚（stability_penalty）: -0.0

--- 回合（Episode） 8174 (回合回报（EpisodeReturn）=1.2083, 原始最终奖励（RawFinalReward）=1.1442, 稠密奖励合计（DenseRewardTotal）=0.0640) ---
  全局步数（step_global）: 98076
  回合编号（episode_id）: 8173
  层索引（layer_index）: 0
  状态向量（state_vector）: [1.0, 0.0, 0.0, 0.0, 0.0, 0.0, 0.0, 0.0, 0.0, 0.0, 0.0, 0.0, 0.0, 0.0, 0.0, 0.0, 0.0, 0.0, 0.0, 0.0, 0.0, 0.0, 0.0, 0.0, 0.0, 0.0, 0.0, 0.0, 0.0, 0.0, 0.0, 0.0, 0.0, 0.0, 0.0, 0.0, 0.0, 0.0, 0.0, 0.0, 0.0, 0.0, 0.0, 0.0, 0.0, 0.0, 0.0, 0.0, 0.0, 0.0, 0.0, 0.0, 0.0, 0.0, 0.0, 0.0, 0.0, 0.0, 0.0, 0.0, 0.0, 0.0, 0.0, 0.0, 0.0, 0.0, 0.0, 0.0, 0.0, 0.0, 0.0, 0.0, 0.0, 0.0, 0.0, 0.0, 0.0, 0.0, 0.0, 0.0, 0.0, 0.0, 0.0, 0.0, 0.0, 0.0, 0.0, 0.0, 0.0, 0.0, 0.0, 0.0, 0.0, 0.0, 0.0, 0.0, 0.0, 0.0, 0.0, 0.0, 0.0, 0.0, 0.0, 0.0, 0.0, 0.0, -0.20000000298023224, 0.0, 0.9654598832130432]
  当前输入噪声缩放因子（curr_input_noise_scaling_factor）: 22
  当前wq噪声缩放因子（curr_wq_noise_scaling_factor）: 14
  当前wk噪声缩放因子（curr_wk_noise_scaling_factor）: 14
  当前wv噪声缩放因子（curr_wv_noise_scaling_factor）: 20
  当前wo噪声缩放因子（curr_wo_noise_scaling_factor）: 16
  当前wffn1噪声缩放因子（curr_wffn1_noise_scaling_factor）: 16
  当前wffn2噪声缩放因子（curr_wffn2_noise_scaling_factor）: 20
  输入x概率分布（x_prob_dist）: [0.22732464969158173, 0.40036875009536743, 0.19199998676776886, 0.1096629872918129, 0.07064354419708252]
  wq概率分布（wq_prob_dist）: [0.2615813910961151, 0.3256564140319824, 0.22095656394958496, 0.11092261224985123, 0.0808829814195633]
  wk概率分布（wk_prob_dist）: [0.3770124912261963, 0.27990806102752686, 0.15079937875270844, 0.11410574615001678, 0.07817430794239044]
  wv概率分布（wv_prob_dist）: [0.09736555069684982, 0.404294490814209, 0.2851766049861908, 0.11332916468381882, 0.09983427077531815]
  wo概率分布（wo_prob_dist）: [0.21453753113746643, 0.3651374876499176, 0.1871323436498642, 0.1263923943042755, 0.10680020600557327]
  wffn1概率分布（wffn1_prob_dist）: [0.40226101875305176, 0.2478438764810562, 0.16238689422607422, 0.11869426816701889, 0.06881393492221832]
  wffn2概率分布（wffn2_prob_dist）: [0.23760566115379333, 0.39173218607902527, 0.17814163863658905, 0.11958637088537216, 0.0729341134428978]
  评论家值（critic_value）: 1.1055526733398438
  累计成本（accumulated_cost）: 3.0500000000000003
  输入噪声配置（input_noise_config）: [22]
  wq噪声配置（wq_noise_config）: [14]
  wk噪声配置（wk_noise_config）: [14]
  wv噪声配置（wv_noise_config）: [20]
  wo噪声配置（wo_noise_config）: [16]
  wffn1噪声配置（wffn1_noise_config）: [16]
  wffn2噪声配置（wffn2_noise_config）: [20]
  当前学习率（current_lr）: 0.000020
  当前熵系数（current_entropy_coef）: 0.023302
  步奖励（step_reward）: 0.006402439024390242
  稠密奖励步（dense_reward_step）: 0.006402439024390242
  累计稠密奖励（accumulated_dense_reward）: 0.006402439024390242
  稳定性惩罚（stability_penalty）: 0.0

  全局步数（step_global）: 98077
  回合编号（episode_id）: 8173
  层索引（layer_index）: 1
  状态向量（state_vector）: [0.0, 1.0, 0.0, 0.0, 0.0, 0.0, 0.0, 0.0, 0.0, 0.0, 0.0, 0.0, -0.10294117778539658, 1.0, 1.0, 1.0, 0.25, 0.75, 1.0, 0.25, 0.25609755516052246, 0.0833333358168602, 1.0, 0.0, 0.0, 0.0, 0.0, 0.0, 0.0, 0.0, 0.0, 0.0, 0.0, 0.0, 1.0, 0.0, 0.0, 0.0, 0.0, 0.0, 0.0, 0.0, 0.0, 0.0, 0.0, 0.0, 1.0, 0.0, 0.0, 0.0, 0.0, 0.0, 0.0, 0.0, 0.0, 0.0, 0.0, 0.0, 0.25, 0.0, 0.0, 0.0, 0.0, 0.0, 0.0, 0.0, 0.0, 0.0, 0.0, 0.0, 0.75, 0.0, 0.0, 0.0, 0.0, 0.0, 0.0, 0.0, 0.0, 0.0, 0.0, 0.0, 1.0, 0.0, 0.0, 0.0, 0.0, 0.0, 0.0, 0.0, 0.0, 0.0, 0.0, 0.0, 0.25, 0.0, 0.0, 0.0, 0.0, 0.0, 0.0, 0.0, 0.0, 0.0, 0.0, 0.0, -0.20000000298023224, 0.0, 0.9654598832130432]
  当前输入噪声缩放因子（curr_input_noise_scaling_factor）: 24
  当前wq噪声缩放因子（curr_wq_noise_scaling_factor）: 16
  当前wk噪声缩放因子（curr_wk_noise_scaling_factor）: 18
  当前wv噪声缩放因子（curr_wv_noise_scaling_factor）: 16
  当前wo噪声缩放因子（curr_wo_noise_scaling_factor）: 16
  当前wffn1噪声缩放因子（curr_wffn1_noise_scaling_factor）: 18
  当前wffn2噪声缩放因子（curr_wffn2_noise_scaling_factor）: 14
  输入x概率分布（x_prob_dist）: [0.22680388391017914, 0.40258049964904785, 0.1917543113231659, 0.10896555334329605, 0.0698956847190857]
  wq概率分布（wq_prob_dist）: [0.2621874511241913, 0.32647982239723206, 0.2209884077310562, 0.11016464233398438, 0.08017972111701965]
  wk概率分布（wk_prob_dist）: [0.3781525492668152, 0.2807963192462921, 0.15008039772510529, 0.11347977072000504, 0.07749097049236298]
  wv概率分布（wv_prob_dist）: [0.09643106907606125, 0.406755268573761, 0.2852535545825958, 0.11256790161132812, 0.09899220615625381]
  wo概率分布（wo_prob_dist）: [0.21449942886829376, 0.36651673913002014, 0.18702997267246246, 0.1258053481578827, 0.10614855587482452]
  wffn1概率分布（wffn1_prob_dist）: [0.4041587710380554, 0.2481713891029358, 0.16182143986225128, 0.11783408373594284, 0.06801427155733109]
  wffn2概率分布（wffn2_prob_dist）: [0.2374584674835205, 0.3938494026660919, 0.17768649756908417, 0.11883123219013214, 0.07217440009117126]
  评论家值（critic_value）: 1.110701560974121
  累计成本（accumulated_cost）: 6.1000000000000005
  输入噪声配置（input_noise_config）: [22, 24]
  wq噪声配置（wq_noise_config）: [14, 16]
  wk噪声配置（wk_noise_config）: [14, 18]
  wv噪声配置（wv_noise_config）: [20, 16]
  wo噪声配置（wo_noise_config）: [16, 16]
  wffn1噪声配置（wffn1_noise_config）: [16, 18]
  wffn2噪声配置（wffn2_noise_config）: [20, 14]
  当前学习率（current_lr）: 0.000020
  当前熵系数（current_entropy_coef）: 0.023302
  步奖励（step_reward）: 0.006402439024390242
  稠密奖励步（dense_reward_step）: 0.006402439024390242
  累计稠密奖励（accumulated_dense_reward）: 0.012804878048780484
  稳定性惩罚（stability_penalty）: 0.0

  全局步数（step_global）: 98078
  回合编号（episode_id）: 8173
  层索引（layer_index）: 2
  状态向量（state_vector）: [0.0, 0.0, 1.0, 0.0, 0.0, 0.0, 0.0, 0.0, 0.0, 0.0, 0.0, 0.0, -0.10294117778539658, 0.75, 0.75, 0.5, 0.75, 0.75, 0.75, 1.0, 0.25609755516052246, 0.1666666716337204, 1.0, 0.75, 0.0, 0.0, 0.0, 0.0, 0.0, 0.0, 0.0, 0.0, 0.0, 0.0, 1.0, 0.75, 0.0, 0.0, 0.0, 0.0, 0.0, 0.0, 0.0, 0.0, 0.0, 0.0, 1.0, 0.5, 0.0, 0.0, 0.0, 0.0, 0.0, 0.0, 0.0, 0.0, 0.0, 0.0, 0.25, 0.75, 0.0, 0.0, 0.0, 0.0, 0.0, 0.0, 0.0, 0.0, 0.0, 0.0, 0.75, 0.75, 0.0, 0.0, 0.0, 0.0, 0.0, 0.0, 0.0, 0.0, 0.0, 0.0, 1.0, 0.75, 0.0, 0.0, 0.0, 0.0, 0.0, 0.0, 0.0, 0.0, 0.0, 0.0, 0.25, 1.0, 0.0, 0.0, 0.0, 0.0, 0.0, 0.0, 0.0, 0.0, 0.0, 0.0, -0.20000000298023224, 0.0, 0.9654598832130432]
  当前输入噪声缩放因子（curr_input_noise_scaling_factor）: 28
  当前wq噪声缩放因子（curr_wq_noise_scaling_factor）: 22
  当前wk噪声缩放因子（curr_wk_noise_scaling_factor）: 14
  当前wv噪声缩放因子（curr_wv_noise_scaling_factor）: 20
  当前wo噪声缩放因子（curr_wo_noise_scaling_factor）: 22
  当前wffn1噪声缩放因子（curr_wffn1_noise_scaling_factor）: 20
  当前wffn2噪声缩放因子（curr_wffn2_noise_scaling_factor）: 18
  输入x概率分布（x_prob_dist）: [0.22684818506240845, 0.4023965895175934, 0.1917828619480133, 0.10902586579322815, 0.06994651257991791]
  wq概率分布（wq_prob_dist）: [0.26218265295028687, 0.326400488615036, 0.22095224261283875, 0.1102355569601059, 0.08022905886173248]
  wk概率分布（wk_prob_dist）: [0.3780396580696106, 0.28072014451026917, 0.1501419097185135, 0.11354506015777588, 0.0775531530380249]
  wv概率分布（wv_prob_dist）: [0.09649979323148727, 0.4065707325935364, 0.28526946902275085, 0.11261935532093048, 0.09904061257839203]
  wo概率分布（wo_prob_dist）: [0.2145175188779831, 0.36640065908432007, 0.1870199739933014, 0.12585584819316864, 0.10620607435703278]
  wffn1概率分布（wffn1_prob_dist）: [0.4040341079235077, 0.24814239144325256, 0.16184403002262115, 0.11789502948522568, 0.06808440387248993]
  wffn2概率分布（wffn2_prob_dist）: [0.23744887113571167, 0.39370161294937134, 0.17775319516658783, 0.11887278407812119, 0.07222357392311096]
  评论家值（critic_value）: 1.109766960144043
  累计成本（accumulated_cost）: 9.700000000000001
  输入噪声配置（input_noise_config）: [22, 24, 28]
  wq噪声配置（wq_noise_config）: [14, 16, 22]
  wk噪声配置（wk_noise_config）: [14, 18, 14]
  wv噪声配置（wv_noise_config）: [20, 16, 20]
  wo噪声配置（wo_noise_config）: [16, 16, 22]
  wffn1噪声配置（wffn1_noise_config）: [16, 18, 20]
  wffn2噪声配置（wffn2_noise_config）: [20, 14, 18]
  当前学习率（current_lr）: 0.000020
  当前熵系数（current_entropy_coef）: 0.023302
  步奖励（step_reward）: 0.003048780487804873
  稠密奖励步（dense_reward_step）: 0.003048780487804873
  累计稠密奖励（accumulated_dense_reward）: 0.015853658536585356
  稳定性惩罚（stability_penalty）: 0.0

  全局步数（step_global）: 98079
  回合编号（episode_id）: 8173
  层索引（layer_index）: 3
  状态向量（state_vector）: [0.0, 0.0, 0.0, 1.0, 0.0, 0.0, 0.0, 0.0, 0.0, 0.0, 0.0, 0.0, -0.04901960864663124, 0.25, 0.0, 1.0, 0.25, 0.0, 0.5, 0.5, 0.21138212084770203, 0.25, 1.0, 0.75, 0.25, 0.0, 0.0, 0.0, 0.0, 0.0, 0.0, 0.0, 0.0, 0.0, 1.0, 0.75, 0.0, 0.0, 0.0, 0.0, 0.0, 0.0, 0.0, 0.0, 0.0, 0.0, 1.0, 0.5, 1.0, 0.0, 0.0, 0.0, 0.0, 0.0, 0.0, 0.0, 0.0, 0.0, 0.25, 0.75, 0.25, 0.0, 0.0, 0.0, 0.0, 0.0, 0.0, 0.0, 0.0, 0.0, 0.75, 0.75, 0.0, 0.0, 0.0, 0.0, 0.0, 0.0, 0.0, 0.0, 0.0, 0.0, 1.0, 0.75, 0.5, 0.0, 0.0, 0.0, 0.0, 0.0, 0.0, 0.0, 0.0, 0.0, 0.25, 1.0, 0.5, 0.0, 0.0, 0.0, 0.0, 0.0, 0.0, 0.0, 0.0, 0.0, -0.20000000298023224, 0.0, 0.9654598832130432]
  当前输入噪声缩放因子（curr_input_noise_scaling_factor）: 30
  当前wq噪声缩放因子（curr_wq_noise_scaling_factor）: 18
  当前wk噪声缩放因子（curr_wk_noise_scaling_factor）: 16
  当前wv噪声缩放因子（curr_wv_noise_scaling_factor）: 20
  当前wo噪声缩放因子（curr_wo_noise_scaling_factor）: 22
  当前wffn1噪声缩放因子（curr_wffn1_noise_scaling_factor）: 16
  当前wffn2噪声缩放因子（curr_wffn2_noise_scaling_factor）: 14
  输入x概率分布（x_prob_dist）: [0.22681525349617004, 0.4025394320487976, 0.19175422191619873, 0.10898084193468094, 0.06991025805473328]
  wq概率分布（wq_prob_dist）: [0.2621711790561676, 0.32646772265434265, 0.22098442912101746, 0.11018975079059601, 0.08018694072961807]
  wk概率分布（wk_prob_dist）: [0.3781473636627197, 0.28077277541160583, 0.15009185671806335, 0.1134880781173706, 0.07749991863965988]
  wv概率分布（wv_prob_dist）: [0.09644857048988342, 0.4066920578479767, 0.2852743864059448, 0.11258140951395035, 0.09900348633527756]
  wo概率分布（wo_prob_dist）: [0.21451488137245178, 0.36648866534233093, 0.1870192140340805, 0.1258140206336975, 0.10616320371627808]
  wffn1概率分布（wffn1_prob_dist）: [0.40412256121635437, 0.2481696605682373, 0.16183005273342133, 0.11784574389457703, 0.06803195178508759]
  wffn2概率分布（wffn2_prob_dist）: [0.23747536540031433, 0.3938060700893402, 0.17769189178943634, 0.1188417449593544, 0.07218490540981293]
  评论家值（critic_value）: 1.1168107986450195
  累计成本（accumulated_cost）: 13.100000000000001
  输入噪声配置（input_noise_config）: [22, 24, 28, 30]
  wq噪声配置（wq_noise_config）: [14, 16, 22, 18]
  wk噪声配置（wk_noise_config）: [14, 18, 14, 16]
  wv噪声配置（wv_noise_config）: [20, 16, 20, 20]
  wo噪声配置（wo_noise_config）: [16, 16, 22, 22]
  wffn1噪声配置（wffn1_noise_config）: [16, 18, 20, 16]
  wffn2噪声配置（wffn2_noise_config）: [20, 14, 18, 14]
  当前学习率（current_lr）: 0.000020
  当前熵系数（current_entropy_coef）: 0.023302
  步奖励（step_reward）: 0.004268292682926825
  稠密奖励步（dense_reward_step）: 0.004268292682926825
  累计稠密奖励（accumulated_dense_reward）: 0.020121951219512182
  稳定性惩罚（stability_penalty）: 0.0

  全局步数（step_global）: 98080
  回合编号（episode_id）: 8173
  层索引（layer_index）: 4
  状态向量（state_vector）: [0.0, 0.0, 0.0, 0.0, 1.0, 0.0, 0.0, 0.0, 0.0, 0.0, 0.0, 0.0, -0.036764707416296005, 0.0, 0.5, 0.75, 0.25, 0.0, 1.0, 1.0, 0.20121951401233673, 0.3333333432674408, 1.0, 0.75, 0.25, 0.0, 0.0, 0.0, 0.0, 0.0, 0.0, 0.0, 0.0, 0.0, 1.0, 0.75, 0.0, 0.5, 0.0, 0.0, 0.0, 0.0, 0.0, 0.0, 0.0, 0.0, 1.0, 0.5, 1.0, 0.75, 0.0, 0.0, 0.0, 0.0, 0.0, 0.0, 0.0, 0.0, 0.25, 0.75, 0.25, 0.25, 0.0, 0.0, 0.0, 0.0, 0.0, 0.0, 0.0, 0.0, 0.75, 0.75, 0.0, 0.0, 0.0, 0.0, 0.0, 0.0, 0.0, 0.0, 0.0, 0.0, 1.0, 0.75, 0.5, 1.0, 0.0, 0.0, 0.0, 0.0, 0.0, 0.0, 0.0, 0.0, 0.25, 1.0, 0.5, 1.0, 0.0, 0.0, 0.0, 0.0, 0.0, 0.0, 0.0, 0.0, -0.20000000298023224, 0.0, 0.9654598832130432]
  当前输入噪声缩放因子（curr_input_noise_scaling_factor）: 26
  当前wq噪声缩放因子（curr_wq_noise_scaling_factor）: 16
  当前wk噪声缩放因子（curr_wk_noise_scaling_factor）: 20
  当前wv噪声缩放因子（curr_wv_noise_scaling_factor）: 20
  当前wo噪声缩放因子（curr_wo_noise_scaling_factor）: 14
  当前wffn1噪声缩放因子（curr_wffn1_noise_scaling_factor）: 24
  当前wffn2噪声缩放因子（curr_wffn2_noise_scaling_factor）: 18
  输入x概率分布（x_prob_dist）: [0.2268105298280716, 0.4026786983013153, 0.191738560795784, 0.10891743004322052, 0.06985475867986679]
  wq概率分布（wq_prob_dist）: [0.2622087299823761, 0.3265630900859833, 0.22094804048538208, 0.11014308035373688, 0.08013704419136047]
  wk概率分布（wk_prob_dist）: [0.3782716393470764, 0.28078335523605347, 0.15005627274513245, 0.11344480514526367, 0.07744389027357101]
  wv概率分布（wv_prob_dist）: [0.09640119969844818, 0.4068099856376648, 0.2853069007396698, 0.11253095418214798, 0.09895096719264984]
  wo概率分布（wo_prob_dist）: [0.21451649069786072, 0.36659562587738037, 0.18699733912944794, 0.12577404081821442, 0.10611645132303238]
  wffn1概率分布（wffn1_prob_dist）: [0.4042767584323883, 0.24814724922180176, 0.16177955269813538, 0.11780717223882675, 0.06798925250768661]
  wffn2概率分布（wffn2_prob_dist）: [0.23746131360530853, 0.3939112424850464, 0.17768634855747223, 0.11880479007959366, 0.07213623821735382]
  评论家值（critic_value）: 1.121107816696167
  累计成本（accumulated_cost）: 16.55
  输入噪声配置（input_noise_config）: [22, 24, 28, 30, 26]
  wq噪声配置（wq_noise_config）: [14, 16, 22, 18, 16]
  wk噪声配置（wk_noise_config）: [14, 18, 14, 16, 20]
  wv噪声配置（wv_noise_config）: [20, 16, 20, 20, 20]
  wo噪声配置（wo_noise_config）: [16, 16, 22, 22, 14]
  wffn1噪声配置（wffn1_noise_config）: [16, 18, 20, 16, 24]
  wffn2噪声配置（wffn2_noise_config）: [20, 14, 18, 14, 18]
  当前学习率（current_lr）: 0.000020
  当前熵系数（current_entropy_coef）: 0.023302
  步奖励（step_reward）: 0.003963414634146339
  稠密奖励步（dense_reward_step）: 0.003963414634146339
  累计稠密奖励（accumulated_dense_reward）: 0.02408536585365852
  稳定性惩罚（stability_penalty）: 0.0

  全局步数（step_global）: 98081
  回合编号（episode_id）: 8173
  层索引（layer_index）: 5
  状态向量（state_vector）: [0.0, 0.0, 0.0, 0.0, 0.0, 1.0, 0.0, 0.0, 0.0, 0.0, 0.0, 0.0, -0.026470588520169258, 0.5, 0.75, 0.25, 0.25, 1.0, 0.0, 0.5, 0.1926829218864441, 0.4166666567325592, 1.0, 0.75, 0.25, 0.0, 0.5, 0.0, 0.0, 0.0, 0.0, 0.0, 0.0, 0.0, 1.0, 0.75, 0.0, 0.5, 0.75, 0.0, 0.0, 0.0, 0.0, 0.0, 0.0, 0.0, 1.0, 0.5, 1.0, 0.75, 0.25, 0.0, 0.0, 0.0, 0.0, 0.0, 0.0, 0.0, 0.25, 0.75, 0.25, 0.25, 0.25, 0.0, 0.0, 0.0, 0.0, 0.0, 0.0, 0.0, 0.75, 0.75, 0.0, 0.0, 1.0, 0.0, 0.0, 0.0, 0.0, 0.0, 0.0, 0.0, 1.0, 0.75, 0.5, 1.0, 0.0, 0.0, 0.0, 0.0, 0.0, 0.0, 0.0, 0.0, 0.25, 1.0, 0.5, 1.0, 0.5, 0.0, 0.0, 0.0, 0.0, 0.0, 0.0, 0.0, -0.20000000298023224, 0.0, 0.9654598832130432]
  当前输入噪声缩放因子（curr_input_noise_scaling_factor）: 24
  当前wq噪声缩放因子（curr_wq_noise_scaling_factor）: 18
  当前wk噪声缩放因子（curr_wk_noise_scaling_factor）: 14
  当前wv噪声缩放因子（curr_wv_noise_scaling_factor）: 16
  当前wo噪声缩放因子（curr_wo_noise_scaling_factor）: 22
  当前wffn1噪声缩放因子（curr_wffn1_noise_scaling_factor）: 18
  当前wffn2噪声缩放因子（curr_wffn2_noise_scaling_factor）: 16
  输入x概率分布（x_prob_dist）: [0.22680459916591644, 0.40256601572036743, 0.19175368547439575, 0.10897262394428253, 0.06990312039852142]
  wq概率分布（wq_prob_dist）: [0.2621806263923645, 0.3264753222465515, 0.22097916901111603, 0.11018214374780655, 0.08018272370100021]
  wk概率分布（wk_prob_dist）: [0.3781435191631317, 0.280779093503952, 0.15008971095085144, 0.11349194496870041, 0.07749573886394501]
  wv概率分布（wv_prob_dist）: [0.09644340723752975, 0.40671104192733765, 0.2852654457092285, 0.11257722973823547, 0.09900285303592682]
  wo概率分布（wo_prob_dist）: [0.21450906991958618, 0.3664954900741577, 0.18702571094036102, 0.12581205368041992, 0.10615766048431396]
  wffn1概率分布（wffn1_prob_dist）: [0.40413928031921387, 0.2481643259525299, 0.16182856261730194, 0.11784256994724274, 0.06802526116371155]
  wffn2概率分布（wffn2_prob_dist）: [0.23746730387210846, 0.39382404088974, 0.17768780887126923, 0.11883894354104996, 0.07218188792467117]
  评论家值（critic_value）: 1.126765251159668
  累计成本（accumulated_cost）: 19.75
  输入噪声配置（input_noise_config）: [22, 24, 28, 30, 26, 24]
  wq噪声配置（wq_noise_config）: [14, 16, 22, 18, 16, 18]
  wk噪声配置（wk_noise_config）: [14, 18, 14, 16, 20, 14]
  wv噪声配置（wv_noise_config）: [20, 16, 20, 20, 20, 16]
  wo噪声配置（wo_noise_config）: [16, 16, 22, 22, 14, 22]
  wffn1噪声配置（wffn1_noise_config）: [16, 18, 20, 16, 24, 18]
  wffn2噪声配置（wffn2_noise_config）: [20, 14, 18, 14, 18, 16]
  当前学习率（current_lr）: 0.000020
  当前熵系数（current_entropy_coef）: 0.023302
  步奖励（step_reward）: 0.005487804878048775
  稠密奖励步（dense_reward_step）: 0.005487804878048775
  累计稠密奖励（accumulated_dense_reward）: 0.029573170731707295
  稳定性惩罚（stability_penalty）: 0.0

  全局步数（step_global）: 98082
  回合编号（episode_id）: 8173
  层索引（layer_index）: 6
  状态向量（state_vector）: [0.0, 0.0, 0.0, 0.0, 0.0, 0.0, 1.0, 0.0, 0.0, 0.0, 0.0, 0.0, -0.03186274692416191, 0.75, 0.5, 1.0, 0.75, 0.0, 0.75, 0.75, 0.1971544772386551, 0.5, 1.0, 0.75, 0.25, 0.0, 0.5, 0.75, 0.0, 0.0, 0.0, 0.0, 0.0, 0.0, 1.0, 0.75, 0.0, 0.5, 0.75, 0.5, 0.0, 0.0, 0.0, 0.0, 0.0, 0.0, 1.0, 0.5, 1.0, 0.75, 0.25, 1.0, 0.0, 0.0, 0.0, 0.0, 0.0, 0.0, 0.25, 0.75, 0.25, 0.25, 0.25, 0.75, 0.0, 0.0, 0.0, 0.0, 0.0, 0.0, 0.75, 0.75, 0.0, 0.0, 1.0, 0.0, 0.0, 0.0, 0.0, 0.0, 0.0, 0.0, 1.0, 0.75, 0.5, 1.0, 0.0, 0.75, 0.0, 0.0, 0.0, 0.0, 0.0, 0.0, 0.25, 1.0, 0.5, 1.0, 0.5, 0.75, 0.0, 0.0, 0.0, 0.0, 0.0, 0.0, -0.20000000298023224, 0.0, 0.9654598832130432]
  当前输入噪声缩放因子（curr_input_noise_scaling_factor）: 30
  当前wq噪声缩放因子（curr_wq_noise_scaling_factor）: 18
  当前wk噪声缩放因子（curr_wk_noise_scaling_factor）: 14
  当前wv噪声缩放因子（curr_wv_noise_scaling_factor）: 22
  当前wo噪声缩放因子（curr_wo_noise_scaling_factor）: 14
  当前wffn1噪声缩放因子（curr_wffn1_noise_scaling_factor）: 16
  当前wffn2噪声缩放因子（curr_wffn2_noise_scaling_factor）: 22
  输入x概率分布（x_prob_dist）: [0.2268216758966446, 0.40264075994491577, 0.19174161553382874, 0.10893219709396362, 0.06986376643180847]
  wq概率分布（wq_prob_dist）: [0.26221591234207153, 0.326551616191864, 0.22093574702739716, 0.1101505383849144, 0.0801461860537529]
  wk概率分布（wk_prob_dist）: [0.37826448678970337, 0.28076058626174927, 0.15007634460926056, 0.11344753950834274, 0.07745104283094406]
  wv概率分布（wv_prob_dist）: [0.09641498327255249, 0.406768262386322, 0.28531670570373535, 0.11253655701875687, 0.09896353632211685]
  wo概率分布（wo_prob_dist）: [0.2145080268383026, 0.3666211664676666, 0.18696396052837372, 0.12579017877578735, 0.1061166450381279]
  wffn1概率分布（wffn1_prob_dist）: [0.40426111221313477, 0.2481229156255722, 0.1617901772260666, 0.11782027035951614, 0.06800556182861328]
  wffn2概率分布（wffn2_prob_dist）: [0.23746387660503387, 0.3938635289669037, 0.17770329117774963, 0.11881870031356812, 0.07215059548616409]
  评论家值（critic_value）: 1.1302313804626465
  累计成本（accumulated_cost）: 23.15
  输入噪声配置（input_noise_config）: [22, 24, 28, 30, 26, 24, 30]
  wq噪声配置（wq_noise_config）: [14, 16, 22, 18, 16, 18, 18]
  wk噪声配置（wk_noise_config）: [14, 18, 14, 16, 20, 14, 14]
  wv噪声配置（wv_noise_config）: [20, 16, 20, 20, 20, 16, 22]
  wo噪声配置（wo_noise_config）: [16, 16, 22, 22, 14, 22, 14]
  wffn1噪声配置（wffn1_noise_config）: [16, 18, 20, 16, 24, 18, 16]
  wffn2噪声配置（wffn2_noise_config）: [20, 14, 18, 14, 18, 16, 22]
  当前学习率（current_lr）: 0.000020
  当前熵系数（current_entropy_coef）: 0.023302
  步奖励（step_reward）: 0.004268292682926825
  稠密奖励步（dense_reward_step）: 0.004268292682926825
  累计稠密奖励（accumulated_dense_reward）: 0.03384146341463412
  稳定性惩罚（stability_penalty）: 0.0

  全局步数（step_global）: 98083
  回合编号（episode_id）: 8173
  层索引（layer_index）: 7
  状态向量（state_vector）: [0.0, 0.0, 0.0, 0.0, 0.0, 0.0, 0.0, 1.0, 0.0, 0.0, 0.0, 0.0, -0.027310924604535103, 0.0, 0.5, 1.0, 0.0, 1.0, 1.0, 0.0, 0.19337978959083557, 0.5833333134651184, 1.0, 0.75, 0.25, 0.0, 0.5, 0.75, 0.0, 0.0, 0.0, 0.0, 0.0, 0.0, 1.0, 0.75, 0.0, 0.5, 0.75, 0.5, 0.5, 0.0, 0.0, 0.0, 0.0, 0.0, 1.0, 0.5, 1.0, 0.75, 0.25, 1.0, 1.0, 0.0, 0.0, 0.0, 0.0, 0.0, 0.25, 0.75, 0.25, 0.25, 0.25, 0.75, 0.0, 0.0, 0.0, 0.0, 0.0, 0.0, 0.75, 0.75, 0.0, 0.0, 1.0, 0.0, 1.0, 0.0, 0.0, 0.0, 0.0, 0.0, 1.0, 0.75, 0.5, 1.0, 0.0, 0.75, 1.0, 0.0, 0.0, 0.0, 0.0, 0.0, 0.25, 1.0, 0.5, 1.0, 0.5, 0.75, 0.0, 0.0, 0.0, 0.0, 0.0, 0.0, -0.20000000298023224, 0.0, 0.9654598832130432]
  当前输入噪声缩放因子（curr_input_noise_scaling_factor）: 22
  当前wq噪声缩放因子（curr_wq_noise_scaling_factor）: 18
  当前wk噪声缩放因子（curr_wk_noise_scaling_factor）: 14
  当前wv噪声缩放因子（curr_wv_noise_scaling_factor）: 18
  当前wo噪声缩放因子（curr_wo_noise_scaling_factor）: 20
  当前wffn1噪声缩放因子（curr_wffn1_noise_scaling_factor）: 16
  当前wffn2噪声缩放因子（curr_wffn2_noise_scaling_factor）: 14
  输入x概率分布（x_prob_dist）: [0.22680489718914032, 0.4026647210121155, 0.1917366087436676, 0.10893001407384872, 0.06986377388238907]
  wq概率分布（wq_prob_dist）: [0.26221492886543274, 0.32654908299446106, 0.2209455519914627, 0.110142782330513, 0.08014775067567825]
  wk概率分布（wk_prob_dist）: [0.3782772421836853, 0.28077781200408936, 0.15006253123283386, 0.11343980580568314, 0.07744254171848297]
  wv概率分布（wv_prob_dist）: [0.09640882164239883, 0.4067853093147278, 0.2853134274482727, 0.1125289797782898, 0.09896348416805267]
  wo概率分布（wo_prob_dist）: [0.21450012922286987, 0.3666379749774933, 0.18696680665016174, 0.1257847398519516, 0.10611032694578171]
  wffn1概率分布（wffn1_prob_dist）: [0.4042600095272064, 0.2481454461812973, 0.16179049015045166, 0.11780840903520584, 0.06799561530351639]
  wffn2概率分布（wffn2_prob_dist）: [0.2374712973833084, 0.3938693106174469, 0.1776888072490692, 0.11881816387176514, 0.07215243577957153]
  评论家值（critic_value）: 1.1391674280166626
  累计成本（accumulated_cost）: 26.2
  输入噪声配置（input_noise_config）: [22, 24, 28, 30, 26, 24, 30, 22]
  wq噪声配置（wq_noise_config）: [14, 16, 22, 18, 16, 18, 18, 18]
  wk噪声配置（wk_noise_config）: [14, 18, 14, 16, 20, 14, 14, 14]
  wv噪声配置（wv_noise_config）: [20, 16, 20, 20, 20, 16, 22, 18]
  wo噪声配置（wo_noise_config）: [16, 16, 22, 22, 14, 22, 14, 20]
  wffn1噪声配置（wffn1_noise_config）: [16, 18, 20, 16, 24, 18, 16, 16]
  wffn2噪声配置（wffn2_noise_config）: [20, 14, 18, 14, 18, 16, 22, 14]
  当前学习率（current_lr）: 0.000020
  当前熵系数（current_entropy_coef）: 0.023302
  步奖励（step_reward）: 0.006402439024390244
  稠密奖励步（dense_reward_step）: 0.006402439024390244
  累计稠密奖励（accumulated_dense_reward）: 0.040243902439024364
  稳定性惩罚（stability_penalty）: 0.0

  全局步数（step_global）: 98084
  回合编号（episode_id）: 8173
  层索引（layer_index）: 8
  状态向量（state_vector）: [0.0, 0.0, 0.0, 0.0, 0.0, 0.0, 0.0, 0.0, 1.0, 0.0, 0.0, 0.0, -0.036764707416296005, 1.0, 0.5, 1.0, 0.5, 0.25, 1.0, 1.0, 0.20121951401233673, 0.6666666865348816, 1.0, 0.75, 0.25, 0.0, 0.5, 0.75, 0.0, 1.0, 0.0, 0.0, 0.0, 0.0, 1.0, 0.75, 0.0, 0.5, 0.75, 0.5, 0.5, 0.5, 0.0, 0.0, 0.0, 0.0, 1.0, 0.5, 1.0, 0.75, 0.25, 1.0, 1.0, 1.0, 0.0, 0.0, 0.0, 0.0, 0.25, 0.75, 0.25, 0.25, 0.25, 0.75, 0.0, 0.5, 0.0, 0.0, 0.0, 0.0, 0.75, 0.75, 0.0, 0.0, 1.0, 0.0, 1.0, 0.25, 0.0, 0.0, 0.0, 0.0, 1.0, 0.75, 0.5, 1.0, 0.0, 0.75, 1.0, 1.0, 0.0, 0.0, 0.0, 0.0, 0.25, 1.0, 0.5, 1.0, 0.5, 0.75, 0.0, 1.0, 0.0, 0.0, 0.0, 0.0, -0.20000000298023224, 0.0, 0.9654598832130432]
  当前输入噪声缩放因子（curr_input_noise_scaling_factor）: 22
  当前wq噪声缩放因子（curr_wq_noise_scaling_factor）: 16
  当前wk噪声缩放因子（curr_wk_noise_scaling_factor）: 16
  当前wv噪声缩放因子（curr_wv_noise_scaling_factor）: 14
  当前wo噪声缩放因子（curr_wo_noise_scaling_factor）: 14
  当前wffn1噪声缩放因子（curr_wffn1_noise_scaling_factor）: 18
  当前wffn2噪声缩放因子（curr_wffn2_noise_scaling_factor）: 14
  输入x概率分布（x_prob_dist）: [0.22680021822452545, 0.4026888906955719, 0.1917308121919632, 0.10891903191804886, 0.06986106187105179]
  wq概率分布（wq_prob_dist）: [0.2621931731700897, 0.32655563950538635, 0.22096256911754608, 0.11014918982982635, 0.0801393985748291]
  wk概率分布（wk_prob_dist）: [0.3782903552055359, 0.2807760238647461, 0.15005555748939514, 0.11343952268362045, 0.077438585460186]
  wv概率分布（wv_prob_dist）: [0.09640322625637054, 0.40679463744163513, 0.2853160798549652, 0.11252843588590622, 0.09895766526460648]
  wo概率分布（wo_prob_dist）: [0.21449987590312958, 0.3666292726993561, 0.18698692321777344, 0.12577223777770996, 0.10611168295145035]
  wffn1概率分布（wffn1_prob_dist）: [0.4042593240737915, 0.24815332889556885, 0.1617904007434845, 0.11780697852373123, 0.06798994541168213]
  wffn2概率分布（wffn2_prob_dist）: [0.2374754101037979, 0.39388802647590637, 0.17767605185508728, 0.11881555616855621, 0.07214502990245819]
  评论家值（critic_value）: 1.1417646408081055
  累计成本（accumulated_cost）: 29.05
  输入噪声配置（input_noise_config）: [22, 24, 28, 30, 26, 24, 30, 22, 22]
  wq噪声配置（wq_noise_config）: [14, 16, 22, 18, 16, 18, 18, 18, 16]
  wk噪声配置（wk_noise_config）: [14, 18, 14, 16, 20, 14, 14, 14, 16]
  wv噪声配置（wv_noise_config）: [20, 16, 20, 20, 20, 16, 22, 18, 14]
  wo噪声配置（wo_noise_config）: [16, 16, 22, 22, 14, 22, 14, 20, 14]
  wffn1噪声配置（wffn1_noise_config）: [16, 18, 20, 16, 24, 18, 16, 16, 18]
  wffn2噪声配置（wffn2_noise_config）: [20, 14, 18, 14, 18, 16, 22, 14, 14]
  当前学习率（current_lr）: 0.000020
  当前熵系数（current_entropy_coef）: 0.023302
  步奖励（step_reward）: 0.0076219512195121915
  稠密奖励步（dense_reward_step）: 0.0076219512195121915
  累计稠密奖励（accumulated_dense_reward）: 0.04786585365853656
  稳定性惩罚（stability_penalty）: 0.0

  全局步数（step_global）: 98085
  回合编号（episode_id）: 8173
  层索引（layer_index）: 9
  状态向量（state_vector）: [0.0, 0.0, 0.0, 0.0, 0.0, 0.0, 0.0, 0.0, 0.0, 1.0, 0.0, 0.0, -0.050653595477342606, 1.0, 0.75, 0.75, 1.0, 1.0, 0.75, 1.0, 0.21273712813854218, 0.75, 1.0, 0.75, 0.25, 0.0, 0.5, 0.75, 0.0, 1.0, 1.0, 0.0, 0.0, 0.0, 1.0, 0.75, 0.0, 0.5, 0.75, 0.5, 0.5, 0.5, 0.75, 0.0, 0.0, 0.0, 1.0, 0.5, 1.0, 0.75, 0.25, 1.0, 1.0, 1.0, 0.75, 0.0, 0.0, 0.0, 0.25, 0.75, 0.25, 0.25, 0.25, 0.75, 0.0, 0.5, 1.0, 0.0, 0.0, 0.0, 0.75, 0.75, 0.0, 0.0, 1.0, 0.0, 1.0, 0.25, 1.0, 0.0, 0.0, 0.0, 1.0, 0.75, 0.5, 1.0, 0.0, 0.75, 1.0, 1.0, 0.75, 0.0, 0.0, 0.0, 0.25, 1.0, 0.5, 1.0, 0.5, 0.75, 0.0, 1.0, 1.0, 0.0, 0.0, 0.0, -0.20000000298023224, 0.0, 0.9654598832130432]
  当前输入噪声缩放因子（curr_input_noise_scaling_factor）: 28
  当前wq噪声缩放因子（curr_wq_noise_scaling_factor）: 18
  当前wk噪声缩放因子（curr_wk_noise_scaling_factor）: 14
  当前wv噪声缩放因子（curr_wv_noise_scaling_factor）: 20
  当前wo噪声缩放因子（curr_wo_noise_scaling_factor）: 18
  当前wffn1噪声缩放因子（curr_wffn1_noise_scaling_factor）: 20
  当前wffn2噪声缩放因子（curr_wffn2_noise_scaling_factor）: 14
  输入x概率分布（x_prob_dist）: [0.2268136739730835, 0.4026501178741455, 0.1917395442724228, 0.10892903804779053, 0.06986767053604126]
  wq概率分布（wq_prob_dist）: [0.2621990144252777, 0.326529860496521, 0.220966175198555, 0.1101546511054039, 0.08015026152133942]
  wk概率分布（wk_prob_dist）: [0.3782484531402588, 0.28078189492225647, 0.1500617116689682, 0.11345235258340836, 0.07745565474033356]
  wv概率分布（wv_prob_dist）: [0.09640873968601227, 0.4067775011062622, 0.28530097007751465, 0.1125485822558403, 0.09896417707204819]
  wo概率分布（wo_prob_dist）: [0.21450798213481903, 0.36656516790390015, 0.18701356649398804, 0.12578141689300537, 0.106131911277771]
  wffn1概率分布（wffn1_prob_dist）: [0.40424758195877075, 0.24813427031040192, 0.16179734468460083, 0.11782003194093704, 0.06800080835819244]
  wffn2概率分布（wffn2_prob_dist）: [0.23747065663337708, 0.39386317133903503, 0.1776934266090393, 0.11882251501083374, 0.07215023040771484]
  评论家值（critic_value）: 1.1409963369369507
  累计成本（accumulated_cost）: 32.35
  输入噪声配置（input_noise_config）: [22, 24, 28, 30, 26, 24, 30, 22, 22, 28]
  wq噪声配置（wq_noise_config）: [14, 16, 22, 18, 16, 18, 18, 18, 16, 18]
  wk噪声配置（wk_noise_config）: [14, 18, 14, 16, 20, 14, 14, 14, 16, 14]
  wv噪声配置（wv_noise_config）: [20, 16, 20, 20, 20, 16, 22, 18, 14, 20]
  wo噪声配置（wo_noise_config）: [16, 16, 22, 22, 14, 22, 14, 20, 14, 18]
  wffn1噪声配置（wffn1_noise_config）: [16, 18, 20, 16, 24, 18, 16, 16, 18, 20]
  wffn2噪声配置（wffn2_noise_config）: [20, 14, 18, 14, 18, 16, 22, 14, 14, 14]
  当前学习率（current_lr）: 0.000020
  当前熵系数（current_entropy_coef）: 0.023302
  步奖励（step_reward）: 0.004878048780487802
  稠密奖励步（dense_reward_step）: 0.004878048780487802
  累计稠密奖励（accumulated_dense_reward）: 0.05274390243902436
  稳定性惩罚（stability_penalty）: 0.0

  全局步数（step_global）: 98086
  回合编号（episode_id）: 8173
  层索引（layer_index）: 10
  状态向量（state_vector）: [0.0, 0.0, 0.0, 0.0, 0.0, 0.0, 0.0, 0.0, 0.0, 0.0, 1.0, 0.0, -0.04852941259741783, 0.25, 0.5, 1.0, 0.25, 0.5, 0.5, 1.0, 0.21097561717033386, 0.8333333134651184, 1.0, 0.75, 0.25, 0.0, 0.5, 0.75, 0.0, 1.0, 1.0, 0.25, 0.0, 0.0, 1.0, 0.75, 0.0, 0.5, 0.75, 0.5, 0.5, 0.5, 0.75, 0.5, 0.0, 0.0, 1.0, 0.5, 1.0, 0.75, 0.25, 1.0, 1.0, 1.0, 0.75, 1.0, 0.0, 0.0, 0.25, 0.75, 0.25, 0.25, 0.25, 0.75, 0.0, 0.5, 1.0, 0.25, 0.0, 0.0, 0.75, 0.75, 0.0, 0.0, 1.0, 0.0, 1.0, 0.25, 1.0, 0.5, 0.0, 0.0, 1.0, 0.75, 0.5, 1.0, 0.0, 0.75, 1.0, 1.0, 0.75, 0.5, 0.0, 0.0, 0.25, 1.0, 0.5, 1.0, 0.5, 0.75, 0.0, 1.0, 1.0, 1.0, 0.0, 0.0, -0.20000000298023224, 0.0, 0.9654598832130432]
  当前输入噪声缩放因子（curr_input_noise_scaling_factor）: 24
  当前wq噪声缩放因子（curr_wq_noise_scaling_factor）: 14
  当前wk噪声缩放因子（curr_wk_noise_scaling_factor）: 22
  当前wv噪声缩放因子（curr_wv_noise_scaling_factor）: 22
  当前wo噪声缩放因子（curr_wo_noise_scaling_factor）: 18
  当前wffn1噪声缩放因子（curr_wffn1_noise_scaling_factor）: 16
  当前wffn2噪声缩放因子（curr_wffn2_noise_scaling_factor）: 14
  输入x概率分布（x_prob_dist）: [0.22681912779808044, 0.40253230929374695, 0.1917511224746704, 0.10897954553365707, 0.06991793215274811]
  wq概率分布（wq_prob_dist）: [0.26219141483306885, 0.32646411657333374, 0.22094951570034027, 0.11020104587078094, 0.08019386976957321]
  wk概率分布（wk_prob_dist）: [0.3781489431858063, 0.28073403239250183, 0.15011504292488098, 0.11350197345018387, 0.07750003039836884]
  wv概率分布（wv_prob_dist）: [0.09647267311811447, 0.4066430330276489, 0.2852923274040222, 0.112576924264431, 0.09901511669158936]
  wo概率分布（wo_prob_dist）: [0.2144985795021057, 0.3665332794189453, 0.18697373569011688, 0.1258358210325241, 0.10615860670804977]
  wffn1概率分布（wffn1_prob_dist）: [0.4040880799293518, 0.2481432408094406, 0.16184452176094055, 0.11786983907222748, 0.06805426627397537]
  wffn2概率分布（wffn2_prob_dist）: [0.23747313022613525, 0.3937440812587738, 0.17772522568702698, 0.11886180937290192, 0.07219577580690384]
  评论家值（critic_value）: 1.1478686332702637
  累计成本（accumulated_cost）: 35.6
  输入噪声配置（input_noise_config）: [22, 24, 28, 30, 26, 24, 30, 22, 22, 28, 24]
  wq噪声配置（wq_noise_config）: [14, 16, 22, 18, 16, 18, 18, 18, 16, 18, 14]
  wk噪声配置（wk_noise_config）: [14, 18, 14, 16, 20, 14, 14, 14, 16, 14, 22]
  wv噪声配置（wv_noise_config）: [20, 16, 20, 20, 20, 16, 22, 18, 14, 20, 22]
  wo噪声配置（wo_noise_config）: [16, 16, 22, 22, 14, 22, 14, 20, 14, 18, 18]
  wffn1噪声配置（wffn1_noise_config）: [16, 18, 20, 16, 24, 18, 16, 16, 18, 20, 16]
  wffn2噪声配置（wffn2_noise_config）: [20, 14, 18, 14, 18, 16, 22, 14, 14, 14, 14]
  当前学习率（current_lr）: 0.000020
  当前熵系数（current_entropy_coef）: 0.023302
  步奖励（step_reward）: 0.005182926829268289
  稠密奖励步（dense_reward_step）: 0.005182926829268289
  累计稠密奖励（accumulated_dense_reward）: 0.05792682926829265
  稳定性惩罚（stability_penalty）: 0.0

  全局步数（step_global）: 98087
  回合编号（episode_id）: 8173
  层索引（layer_index）: 11
  状态向量（state_vector）: [0.0, 0.0, 0.0, 0.0, 0.0, 0.0, 0.0, 0.0, 0.0, 0.0, 0.0, 1.0, -0.048128340393304825, 0.75, 1.0, 0.0, 0.0, 0.5, 1.0, 1.0, 0.210643008351326, 0.9166666865348816, 1.0, 0.75, 0.25, 0.0, 0.5, 0.75, 0.0, 1.0, 1.0, 0.25, 0.75, 0.0, 1.0, 0.75, 0.0, 0.5, 0.75, 0.5, 0.5, 0.5, 0.75, 0.5, 1.0, 0.0, 1.0, 0.5, 1.0, 0.75, 0.25, 1.0, 1.0, 1.0, 0.75, 1.0, 0.0, 0.0, 0.25, 0.75, 0.25, 0.25, 0.25, 0.75, 0.0, 0.5, 1.0, 0.25, 0.0, 0.0, 0.75, 0.75, 0.0, 0.0, 1.0, 0.0, 1.0, 0.25, 1.0, 0.5, 0.5, 0.0, 1.0, 0.75, 0.5, 1.0, 0.0, 0.75, 1.0, 1.0, 0.75, 0.5, 1.0, 0.0, 0.25, 1.0, 0.5, 1.0, 0.5, 0.75, 0.0, 1.0, 1.0, 1.0, 1.0, 0.0, -0.20000000298023224, 0.0, 0.9654598832130432]
  当前输入噪声缩放因子（curr_input_noise_scaling_factor）: 24
  当前wq噪声缩放因子（curr_wq_noise_scaling_factor）: 14
  当前wk噪声缩放因子（curr_wk_noise_scaling_factor）: 14
  当前wv噪声缩放因子（curr_wv_noise_scaling_factor）: 16
  当前wo噪声缩放因子（curr_wo_noise_scaling_factor）: 16
  当前wffn1噪声缩放因子（curr_wffn1_noise_scaling_factor）: 18
  当前wffn2噪声缩放因子（curr_wffn2_noise_scaling_factor）: 22
  输入x概率分布（x_prob_dist）: [0.22680889070034027, 0.402724951505661, 0.19173133373260498, 0.10890040546655655, 0.0698343962430954]
  wq概率分布（wq_prob_dist）: [0.2622320353984833, 0.32657861709594727, 0.2209441363811493, 0.11012638360261917, 0.08011878281831741]
  wk概率分布（wk_prob_dist）: [0.37829163670539856, 0.28079336881637573, 0.15005145967006683, 0.11343340575695038, 0.07743020355701447]
  wv概率分布（wv_prob_dist）: [0.09638426452875137, 0.4068561792373657, 0.2853076756000519, 0.11251424252986908, 0.09893758594989777]
  wo概率分布（wo_prob_dist）: [0.21451081335544586, 0.36663541197776794, 0.18698520958423615, 0.12576408684253693, 0.10610445588827133]
  wffn1概率分布（wffn1_prob_dist）: [0.4043172001838684, 0.24813275039196014, 0.1617710441350937, 0.11779996007680893, 0.06797904521226883]
  wffn2概率分布（wffn2_prob_dist）: [0.2374597042798996, 0.3939380347728729, 0.17769308388233185, 0.11878959834575653, 0.0721195787191391]
  评论家值（critic_value）: 1.157638669013977
  累计成本（accumulated_cost）: 38.7
  输入噪声配置（input_noise_config）: [22, 24, 28, 30, 26, 24, 30, 22, 22, 28, 24, 24]
  wq噪声配置（wq_noise_config）: [14, 16, 22, 18, 16, 18, 18, 18, 16, 18, 14, 14]
  wk噪声配置（wk_noise_config）: [14, 18, 14, 16, 20, 14, 14, 14, 16, 14, 22, 14]
  wv噪声配置（wv_noise_config）: [20, 16, 20, 20, 20, 16, 22, 18, 14, 20, 22, 16]
  wo噪声配置（wo_noise_config）: [16, 16, 22, 22, 14, 22, 14, 20, 14, 18, 18, 16]
  wffn1噪声配置（wffn1_noise_config）: [16, 18, 20, 16, 24, 18, 16, 16, 18, 20, 16, 18]
  wffn2噪声配置（wffn2_noise_config）: [20, 14, 18, 14, 18, 16, 22, 14, 14, 14, 14, 22]
  当前学习率（current_lr）: 0.000020
  当前熵系数（current_entropy_coef）: 0.023302
  蒙特卡洛采样数（mc_samples）: 5
  蒙特卡洛损失均值（mc_loss_mean）: 0.28796566724777223
  蒙特卡洛损失标准差（mc_loss_std）: 0.002588862805219997
  蒙特卡洛指标1均值（mc_metric1_mean）: 0.9052631578947368
  蒙特卡洛指标1标准差（mc_metric1_std）: 0.0038436670702116636
  蒙特卡洛指标2均值（mc_metric2_mean）: 0.9037712056548418
  蒙特卡洛指标2标准差（mc_metric2_std）: 0.003782944742272884
  步奖励（step_reward）: 1.150343612942755
  稠密奖励步（dense_reward_step）: 0.006097560975609751
  原始最终奖励（raw_final_reward）: 1.1442460519671451
  最终选择分数（final_selection_score）: 1.1442460519671451
  累计稠密奖励（accumulated_dense_reward）: 0.0640243902439024
  稳定性代理（stability_proxy）: 0.42564477573768933
  稳定性惩罚（stability_penalty）: -0.0

--- 回合（Episode） 8175 (回合回报（EpisodeReturn）=1.2114, 原始最终奖励（RawFinalReward）=1.1525, 稠密奖励合计（DenseRewardTotal）=0.0588) ---
  全局步数（step_global）: 98088
  回合编号（episode_id）: 8174
  层索引（layer_index）: 0
  状态向量（state_vector）: [1.0, 0.0, 0.0, 0.0, 0.0, 0.0, 0.0, 0.0, 0.0, 0.0, 0.0, 0.0, 0.0, 0.0, 0.0, 0.0, 0.0, 0.0, 0.0, 0.0, 0.0, 0.0, 0.0, 0.0, 0.0, 0.0, 0.0, 0.0, 0.0, 0.0, 0.0, 0.0, 0.0, 0.0, 0.0, 0.0, 0.0, 0.0, 0.0, 0.0, 0.0, 0.0, 0.0, 0.0, 0.0, 0.0, 0.0, 0.0, 0.0, 0.0, 0.0, 0.0, 0.0, 0.0, 0.0, 0.0, 0.0, 0.0, 0.0, 0.0, 0.0, 0.0, 0.0, 0.0, 0.0, 0.0, 0.0, 0.0, 0.0, 0.0, 0.0, 0.0, 0.0, 0.0, 0.0, 0.0, 0.0, 0.0, 0.0, 0.0, 0.0, 0.0, 0.0, 0.0, 0.0, 0.0, 0.0, 0.0, 0.0, 0.0, 0.0, 0.0, 0.0, 0.0, 0.0, 0.0, 0.0, 0.0, 0.0, 0.0, 0.0, 0.0, 0.0, 0.0, 0.0, 0.0, -0.20000000298023224, 0.0, 0.9194139242172241]
  当前输入噪声缩放因子（curr_input_noise_scaling_factor）: 24
  当前wq噪声缩放因子（curr_wq_noise_scaling_factor）: 18
  当前wk噪声缩放因子（curr_wk_noise_scaling_factor）: 14
  当前wv噪声缩放因子（curr_wv_noise_scaling_factor）: 18
  当前wo噪声缩放因子（curr_wo_noise_scaling_factor）: 16
  当前wffn1噪声缩放因子（curr_wffn1_noise_scaling_factor）: 18
  当前wffn2噪声缩放因子（curr_wffn2_noise_scaling_factor）: 22
  输入x概率分布（x_prob_dist）: [0.2271111011505127, 0.4010937511920929, 0.19194811582565308, 0.1094188317656517, 0.07042819261550903]
  wq概率分布（wq_prob_dist）: [0.26179274916648865, 0.32590892910957336, 0.22093282639980316, 0.11070083826780319, 0.08066461980342865]
  wk概率分布（wk_prob_dist）: [0.3775080144405365, 0.2801385223865509, 0.1505308598279953, 0.11389040946960449, 0.07793215662240982]
  wv概率分布（wv_prob_dist）: [0.0970935970544815, 0.4050619900226593, 0.2851885259151459, 0.1130896508693695, 0.09956623613834381]
  wo概率分布（wo_prob_dist）: [0.21453797817230225, 0.36560243368148804, 0.18706926703453064, 0.12619812786579132, 0.10659218579530716]
  wffn1概率分布（wffn1_prob_dist）: [0.40285512804985046, 0.24795475602149963, 0.1622094213962555, 0.11841832101345062, 0.06856240332126617]
  wffn2概率分布（wffn2_prob_dist）: [0.23756733536720276, 0.392302006483078, 0.17803670465946198, 0.11937527358531952, 0.07271859794855118]
  评论家值（critic_value）: 1.1086785793304443
  累计成本（accumulated_cost）: 3.25
  输入噪声配置（input_noise_config）: [24]
  wq噪声配置（wq_noise_config）: [18]
  wk噪声配置（wk_noise_config）: [14]
  wv噪声配置（wv_noise_config）: [18]
  wo噪声配置（wo_noise_config）: [16]
  wffn1噪声配置（wffn1_noise_config）: [18]
  wffn2噪声配置（wffn2_noise_config）: [22]
  当前学习率（current_lr）: 0.000020
  当前熵系数（current_entropy_coef）: 0.023298
  步奖励（step_reward）: 0.005182926829268291
  稠密奖励步（dense_reward_step）: 0.005182926829268291
  累计稠密奖励（accumulated_dense_reward）: 0.005182926829268291
  稳定性惩罚（stability_penalty）: 0.0

  全局步数（step_global）: 98089
  回合编号（episode_id）: 8174
  层索引（layer_index）: 1
  状态向量（state_vector）: [0.0, 1.0, 0.0, 0.0, 0.0, 0.0, 0.0, 0.0, 0.0, 0.0, 0.0, 0.0, -0.04411764815449715, 0.75, 0.5, 1.0, 0.5, 0.75, 0.75, 0.0, 0.2073170691728592, 0.0833333358168602, 0.75, 0.0, 0.0, 0.0, 0.0, 0.0, 0.0, 0.0, 0.0, 0.0, 0.0, 0.0, 0.5, 0.0, 0.0, 0.0, 0.0, 0.0, 0.0, 0.0, 0.0, 0.0, 0.0, 0.0, 1.0, 0.0, 0.0, 0.0, 0.0, 0.0, 0.0, 0.0, 0.0, 0.0, 0.0, 0.0, 0.5, 0.0, 0.0, 0.0, 0.0, 0.0, 0.0, 0.0, 0.0, 0.0, 0.0, 0.0, 0.75, 0.0, 0.0, 0.0, 0.0, 0.0, 0.0, 0.0, 0.0, 0.0, 0.0, 0.0, 0.75, 0.0, 0.0, 0.0, 0.0, 0.0, 0.0, 0.0, 0.0, 0.0, 0.0, 0.0, 0.0, 0.0, 0.0, 0.0, 0.0, 0.0, 0.0, 0.0, 0.0, 0.0, 0.0, 0.0, -0.20000000298023224, 0.0, 0.9194139242172241]
  当前输入噪声缩放因子（curr_input_noise_scaling_factor）: 22
  当前wq噪声缩放因子（curr_wq_noise_scaling_factor）: 20
  当前wk噪声缩放因子（curr_wk_noise_scaling_factor）: 20
  当前wv噪声缩放因子（curr_wv_noise_scaling_factor）: 16
  当前wo噪声缩放因子（curr_wo_noise_scaling_factor）: 18
  当前wffn1噪声缩放因子（curr_wffn1_noise_scaling_factor）: 22
  当前wffn2噪声缩放因子（curr_wffn2_noise_scaling_factor）: 14
  输入x概率分布（x_prob_dist）: [0.22680556774139404, 0.40265336632728577, 0.1917402744293213, 0.108933225274086, 0.0698675736784935]
  wq概率分布（wq_prob_dist）: [0.2622182071208954, 0.32654693722724915, 0.22094807028770447, 0.11013570427894592, 0.0801510363817215]
  wk概率分布（wk_prob_dist）: [0.3782484233379364, 0.2807854115962982, 0.15007273852825165, 0.11344436556100845, 0.07744912803173065]
  wv概率分布（wv_prob_dist）: [0.09641213715076447, 0.4067925214767456, 0.285285085439682, 0.1125372052192688, 0.09897303581237793]
  wo概率分布（wo_prob_dist）: [0.21448738873004913, 0.36662590503692627, 0.18697696924209595, 0.12579314410686493, 0.10611659288406372]
  wffn1概率分布（wffn1_prob_dist）: [0.40424567461013794, 0.24813413619995117, 0.16179752349853516, 0.1178244948387146, 0.06799819320440292]
  wffn2概率分布（wffn2_prob_dist）: [0.23745416104793549, 0.393867164850235, 0.17769232392311096, 0.11882869154214859, 0.07215764373540878]
  评论家值（critic_value）: 1.1110196113586426
  累计成本（accumulated_cost）: 6.550000000000001
  输入噪声配置（input_noise_config）: [24, 22]
  wq噪声配置（wq_noise_config）: [18, 20]
  wk噪声配置（wk_noise_config）: [14, 20]
  wv噪声配置（wv_noise_config）: [18, 16]
  wo噪声配置（wo_noise_config）: [16, 18]
  wffn1噪声配置（wffn1_noise_config）: [18, 22]
  wffn2噪声配置（wffn2_noise_config）: [22, 14]
  当前学习率（current_lr）: 0.000020
  当前熵系数（current_entropy_coef）: 0.023298
  步奖励（step_reward）: 0.004878048780487802
  稠密奖励步（dense_reward_step）: 0.004878048780487802
  累计稠密奖励（accumulated_dense_reward）: 0.010060975609756093
  稳定性惩罚（stability_penalty）: 0.0

  全局步数（step_global）: 98090
  回合编号（episode_id）: 8174
  层索引（layer_index）: 2
  状态向量（state_vector）: [0.0, 0.0, 1.0, 0.0, 0.0, 0.0, 0.0, 0.0, 0.0, 0.0, 0.0, 0.0, -0.036764707416296005, 1.0, 0.25, 0.25, 0.75, 0.5, 0.25, 1.0, 0.20121951401233673, 0.1666666716337204, 0.75, 1.0, 0.0, 0.0, 0.0, 0.0, 0.0, 0.0, 0.0, 0.0, 0.0, 0.0, 0.5, 0.25, 0.0, 0.0, 0.0, 0.0, 0.0, 0.0, 0.0, 0.0, 0.0, 0.0, 1.0, 0.25, 0.0, 0.0, 0.0, 0.0, 0.0, 0.0, 0.0, 0.0, 0.0, 0.0, 0.5, 0.75, 0.0, 0.0, 0.0, 0.0, 0.0, 0.0, 0.0, 0.0, 0.0, 0.0, 0.75, 0.5, 0.0, 0.0, 0.0, 0.0, 0.0, 0.0, 0.0, 0.0, 0.0, 0.0, 0.75, 0.25, 0.0, 0.0, 0.0, 0.0, 0.0, 0.0, 0.0, 0.0, 0.0, 0.0, 0.0, 1.0, 0.0, 0.0, 0.0, 0.0, 0.0, 0.0, 0.0, 0.0, 0.0, 0.0, -0.20000000298023224, 0.0, 0.9194139242172241]
  当前输入噪声缩放因子（curr_input_noise_scaling_factor）: 30
  当前wq噪声缩放因子（curr_wq_noise_scaling_factor）: 16
  当前wk噪声缩放因子（curr_wk_noise_scaling_factor）: 18
  当前wv噪声缩放因子（curr_wv_noise_scaling_factor）: 20
  当前wo噪声缩放因子（curr_wo_noise_scaling_factor）: 16
  当前wffn1噪声缩放因子（curr_wffn1_noise_scaling_factor）: 18
  当前wffn2噪声缩放因子（curr_wffn2_noise_scaling_factor）: 16
  输入x概率分布（x_prob_dist）: [0.22681878507137299, 0.4024452269077301, 0.1917799413204193, 0.10901570320129395, 0.06994031369686127]
  wq概率分布（wq_prob_dist）: [0.26215940713882446, 0.32639750838279724, 0.22099892795085907, 0.11021977663040161, 0.08022433519363403]
  wk概率分布（wk_prob_dist）: [0.3780490756034851, 0.2807738184928894, 0.15011338889598846, 0.11352222412824631, 0.07754147797822952]
  wv概率分布（wv_prob_dist）: [0.09648331254720688, 0.40662598609924316, 0.2852518558502197, 0.11260998249053955, 0.09902887046337128]
  wo概率分布（wo_prob_dist）: [0.21450451016426086, 0.36642828583717346, 0.1870349943637848, 0.12584327161312103, 0.10618899017572403]
  wffn1概率分布（wffn1_prob_dist）: [0.4040335714817047, 0.24818995594978333, 0.16184519231319427, 0.11786732077598572, 0.06806390732526779]
  wffn2概率分布（wffn2_prob_dist）: [0.2374560534954071, 0.3937605321407318, 0.17770765721797943, 0.11885980516672134, 0.07221602648496628]
  评论家值（critic_value）: 1.1072088479995728
  累计成本（accumulated_cost）: 9.9
  输入噪声配置（input_noise_config）: [24, 22, 30]
  wq噪声配置（wq_noise_config）: [18, 20, 16]
  wk噪声配置（wk_noise_config）: [14, 20, 18]
  wv噪声配置（wv_noise_config）: [18, 16, 20]
  wo噪声配置（wo_noise_config）: [16, 18, 16]
  wffn1噪声配置（wffn1_noise_config）: [18, 22, 18]
  wffn2噪声配置（wffn2_noise_config）: [22, 14, 16]
  当前学习率（current_lr）: 0.000020
  当前熵系数（current_entropy_coef）: 0.023298
  步奖励（step_reward）: 0.004573170731707318
  稠密奖励步（dense_reward_step）: 0.004573170731707318
  累计稠密奖励（accumulated_dense_reward）: 0.01463414634146341
  稳定性惩罚（stability_penalty）: 0.0

  全局步数（step_global）: 98091
  回合编号（episode_id）: 8174
  层索引（layer_index）: 3
  状态向量（state_vector）: [0.0, 0.0, 0.0, 1.0, 0.0, 0.0, 0.0, 0.0, 0.0, 0.0, 0.0, 0.0, -0.029411764815449715, 0.0, 0.75, 0.5, 0.25, 0.75, 0.75, 0.75, 0.19512194395065308, 0.25, 0.75, 1.0, 0.0, 0.0, 0.0, 0.0, 0.0, 0.0, 0.0, 0.0, 0.0, 0.0, 0.5, 0.25, 0.75, 0.0, 0.0, 0.0, 0.0, 0.0, 0.0, 0.0, 0.0, 0.0, 1.0, 0.25, 0.5, 0.0, 0.0, 0.0, 0.0, 0.0, 0.0, 0.0, 0.0, 0.0, 0.5, 0.75, 0.25, 0.0, 0.0, 0.0, 0.0, 0.0, 0.0, 0.0, 0.0, 0.0, 0.75, 0.5, 0.75, 0.0, 0.0, 0.0, 0.0, 0.0, 0.0, 0.0, 0.0, 0.0, 0.75, 0.25, 0.75, 0.0, 0.0, 0.0, 0.0, 0.0, 0.0, 0.0, 0.0, 0.0, 0.0, 1.0, 0.75, 0.0, 0.0, 0.0, 0.0, 0.0, 0.0, 0.0, 0.0, 0.0, -0.20000000298023224, 0.0, 0.9194139242172241]
  当前输入噪声缩放因子（curr_input_noise_scaling_factor）: 26
  当前wq噪声缩放因子（curr_wq_noise_scaling_factor）: 18
  当前wk噪声缩放因子（curr_wk_noise_scaling_factor）: 14
  当前wv噪声缩放因子（curr_wv_noise_scaling_factor）: 18
  当前wo噪声缩放因子（curr_wo_noise_scaling_factor）: 14
  当前wffn1噪声缩放因子（curr_wffn1_noise_scaling_factor）: 22
  当前wffn2噪声缩放因子（curr_wffn2_noise_scaling_factor）: 18
  输入x概率分布（x_prob_dist）: [0.22682622075080872, 0.4025923013687134, 0.1917485147714615, 0.10895324498414993, 0.06987979263067245]
  wq概率分布（wq_prob_dist）: [0.26221850514411926, 0.3264980912208557, 0.2209533154964447, 0.110158771276474, 0.08017132431268692]
  wk概率分布（wk_prob_dist）: [0.37818220257759094, 0.2807730734348297, 0.1500914990901947, 0.11347748339176178, 0.07747580111026764]
  wv概率分布（wv_prob_dist）: [0.096433624625206, 0.4067438244819641, 0.2852818965911865, 0.11255568265914917, 0.09898493438959122]
  wo概率分布（wo_prob_dist）: [0.21449245512485504, 0.3665899634361267, 0.18699009716510773, 0.12580464780330658, 0.10612282902002335]
  wffn1概率分布（wffn1_prob_dist）: [0.40420690178871155, 0.24812279641628265, 0.161820188164711, 0.1178363636136055, 0.06801366060972214]
  wffn2概率分布（wffn2_prob_dist）: [0.23745277523994446, 0.3938503563404083, 0.17770618200302124, 0.11882846057415009, 0.07216217368841171]
  评论家值（critic_value）: 1.1181544065475464
  累计成本（accumulated_cost）: 13.15
  输入噪声配置（input_noise_config）: [24, 22, 30, 26]
  wq噪声配置（wq_noise_config）: [18, 20, 16, 18]
  wk噪声配置（wk_noise_config）: [14, 20, 18, 14]
  wv噪声配置（wv_noise_config）: [18, 16, 20, 18]
  wo噪声配置（wo_noise_config）: [16, 18, 16, 14]
  wffn1噪声配置（wffn1_noise_config）: [18, 22, 18, 22]
  wffn2噪声配置（wffn2_noise_config）: [22, 14, 16, 18]
  当前学习率（current_lr）: 0.000020
  当前熵系数（current_entropy_coef）: 0.023298
  步奖励（step_reward）: 0.005182926829268291
  稠密奖励步（dense_reward_step）: 0.005182926829268291
  累计稠密奖励（accumulated_dense_reward）: 0.0198170731707317
  稳定性惩罚（stability_penalty）: 0.0

  全局步数（step_global）: 98092
  回合编号（episode_id）: 8174
  层索引（layer_index）: 4
  状态向量（state_vector）: [0.0, 0.0, 0.0, 0.0, 1.0, 0.0, 0.0, 0.0, 0.0, 0.0, 0.0, 0.0, -0.033088237047195435, 0.5, 0.5, 1.0, 0.5, 1.0, 0.25, 0.5, 0.1981707364320755, 0.3333333432674408, 0.75, 1.0, 0.0, 0.5, 0.0, 0.0, 0.0, 0.0, 0.0, 0.0, 0.0, 0.0, 0.5, 0.25, 0.75, 0.5, 0.0, 0.0, 0.0, 0.0, 0.0, 0.0, 0.0, 0.0, 1.0, 0.25, 0.5, 1.0, 0.0, 0.0, 0.0, 0.0, 0.0, 0.0, 0.0, 0.0, 0.5, 0.75, 0.25, 0.5, 0.0, 0.0, 0.0, 0.0, 0.0, 0.0, 0.0, 0.0, 0.75, 0.5, 0.75, 1.0, 0.0, 0.0, 0.0, 0.0, 0.0, 0.0, 0.0, 0.0, 0.75, 0.25, 0.75, 0.25, 0.0, 0.0, 0.0, 0.0, 0.0, 0.0, 0.0, 0.0, 0.0, 1.0, 0.75, 0.5, 0.0, 0.0, 0.0, 0.0, 0.0, 0.0, 0.0, 0.0, -0.20000000298023224, 0.0, 0.9194139242172241]
  当前输入噪声缩放因子（curr_input_noise_scaling_factor）: 30
  当前wq噪声缩放因子（curr_wq_noise_scaling_factor）: 22
  当前wk噪声缩放因子（curr_wk_noise_scaling_factor）: 22
  当前wv噪声缩放因子（curr_wv_noise_scaling_factor）: 16
  当前wo噪声缩放因子（curr_wo_noise_scaling_factor）: 14
  当前wffn1噪声缩放因子（curr_wffn1_noise_scaling_factor）: 18
  当前wffn2噪声缩放因子（curr_wffn2_noise_scaling_factor）: 20
  输入x概率分布（x_prob_dist）: [0.22681847214698792, 0.40262436866760254, 0.1917395144701004, 0.10894085466861725, 0.0698767751455307]
  wq概率分布（wq_prob_dist）: [0.26219257712364197, 0.32653677463531494, 0.22095593810081482, 0.11016025394201279, 0.08015450835227966]
  wk概率分布（wk_prob_dist）: [0.3782498240470886, 0.28076764941215515, 0.15007363259792328, 0.11345194280147552, 0.07745694369077682]
  wv概率分布（wv_prob_dist）: [0.09642449021339417, 0.40674322843551636, 0.28530892729759216, 0.1125481128692627, 0.0989752858877182]
  wo概率分布（wo_prob_dist）: [0.2145092785358429, 0.3665924072265625, 0.1869802623987198, 0.12579140067100525, 0.10612669587135315]
  wffn1概率分布（wffn1_prob_dist）: [0.4042174220085144, 0.2481473684310913, 0.16180068254470825, 0.11782563477754593, 0.0680088922381401]
  wffn2概率分布（wffn2_prob_dist）: [0.23747213184833527, 0.39385294914245605, 0.17768977582454681, 0.11882725358009338, 0.07215786725282669]
  评论家值（critic_value）: 1.124265432357788
  累计成本（accumulated_cost）: 16.7
  输入噪声配置（input_noise_config）: [24, 22, 30, 26, 30]
  wq噪声配置（wq_noise_config）: [18, 20, 16, 18, 22]
  wk噪声配置（wk_noise_config）: [14, 20, 18, 14, 22]
  wv噪声配置（wv_noise_config）: [18, 16, 20, 18, 16]
  wo噪声配置（wo_noise_config）: [16, 18, 16, 14, 14]
  wffn1噪声配置（wffn1_noise_config）: [18, 22, 18, 22, 18]
  wffn2噪声配置（wffn2_noise_config）: [22, 14, 16, 18, 20]
  当前学习率（current_lr）: 0.000020
  当前熵系数（current_entropy_coef）: 0.023298
  步奖励（step_reward）: 0.0033536585365853628
  稠密奖励步（dense_reward_step）: 0.0033536585365853628
  累计稠密奖励（accumulated_dense_reward）: 0.023170731707317063
  稳定性惩罚（stability_penalty）: 0.0

  全局步数（step_global）: 98093
  回合编号（episode_id）: 8174
  层索引（layer_index）: 5
  状态向量（state_vector）: [0.0, 0.0, 0.0, 0.0, 0.0, 1.0, 0.0, 0.0, 0.0, 0.0, 0.0, 0.0, -0.01764705963432789, 0.0, 0.0, 0.0, 0.75, 1.0, 0.75, 0.25, 0.18536585569381714, 0.4166666567325592, 0.75, 1.0, 0.0, 0.5, 0.0, 0.0, 0.0, 0.0, 0.0, 0.0, 0.0, 0.0, 0.5, 0.25, 0.75, 0.5, 0.0, 0.0, 0.0, 0.0, 0.0, 0.0, 0.0, 0.0, 1.0, 0.25, 0.5, 1.0, 0.0, 0.0, 0.0, 0.0, 0.0, 0.0, 0.0, 0.0, 0.5, 0.75, 0.25, 0.5, 0.75, 0.0, 0.0, 0.0, 0.0, 0.0, 0.0, 0.0, 0.75, 0.5, 0.75, 1.0, 1.0, 0.0, 0.0, 0.0, 0.0, 0.0, 0.0, 0.0, 0.75, 0.25, 0.75, 0.25, 0.75, 0.0, 0.0, 0.0, 0.0, 0.0, 0.0, 0.0, 0.0, 1.0, 0.75, 0.5, 0.25, 0.0, 0.0, 0.0, 0.0, 0.0, 0.0, 0.0, -0.20000000298023224, 0.0, 0.9194139242172241]
  当前输入噪声缩放因子（curr_input_noise_scaling_factor）: 22
  当前wq噪声缩放因子（curr_wq_noise_scaling_factor）: 18
  当前wk噪声缩放因子（curr_wk_noise_scaling_factor）: 14
  当前wv噪声缩放因子（curr_wv_noise_scaling_factor）: 16
  当前wo噪声缩放因子（curr_wo_noise_scaling_factor）: 16
  当前wffn1噪声缩放因子（curr_wffn1_noise_scaling_factor）: 20
  当前wffn2噪声缩放因子（curr_wffn2_noise_scaling_factor）: 16
  输入x概率分布（x_prob_dist）: [0.2268074005842209, 0.4026654362678528, 0.1917402595281601, 0.10892721265554428, 0.06985967606306076]
  wq概率分布（wq_prob_dist）: [0.26223158836364746, 0.326549768447876, 0.2209356278181076, 0.11013992875814438, 0.0801430195569992]
  wk概率分布（wk_prob_dist）: [0.37826815247535706, 0.28077253699302673, 0.1500701904296875, 0.11344616860151291, 0.0774429515004158]
  wv概率分布（wv_prob_dist）: [0.0964113175868988, 0.40679293870925903, 0.2853020429611206, 0.11253084242343903, 0.09896283596754074]
  wo概率分布（wo_prob_dist）: [0.21449115872383118, 0.3666580319404602, 0.18696054816246033, 0.12578658759593964, 0.10610364377498627]
  wffn1概率分布（wffn1_prob_dist）: [0.4042670428752899, 0.2481278032064438, 0.16179277002811432, 0.11781676858663559, 0.0679955929517746]
  wffn2概率分布（wffn2_prob_dist）: [0.23745879530906677, 0.3938811123371124, 0.1776951104402542, 0.11881863325834274, 0.07214638590812683]
  评论家值（critic_value）: 1.1275660991668701
  累计成本（accumulated_cost）: 19.75
  输入噪声配置（input_noise_config）: [24, 22, 30, 26, 30, 22]
  wq噪声配置（wq_noise_config）: [18, 20, 16, 18, 22, 18]
  wk噪声配置（wk_noise_config）: [14, 20, 18, 14, 22, 14]
  wv噪声配置（wv_noise_config）: [18, 16, 20, 18, 16, 16]
  wo噪声配置（wo_noise_config）: [16, 18, 16, 14, 14, 16]
  wffn1噪声配置（wffn1_noise_config）: [18, 22, 18, 22, 18, 20]
  wffn2噪声配置（wffn2_noise_config）: [22, 14, 16, 18, 20, 16]
  当前学习率（current_lr）: 0.000020
  当前熵系数（current_entropy_coef）: 0.023298
  步奖励（step_reward）: 0.006402439024390244
  稠密奖励步（dense_reward_step）: 0.006402439024390244
  累计稠密奖励（accumulated_dense_reward）: 0.02957317073170731
  稳定性惩罚（stability_penalty）: 0.0

  全局步数（step_global）: 98094
  回合编号（episode_id）: 8174
  层索引（layer_index）: 6
  状态向量（state_vector）: [0.0, 0.0, 0.0, 0.0, 0.0, 0.0, 1.0, 0.0, 0.0, 0.0, 0.0, 0.0, -0.03186274692416191, 1.0, 0.5, 1.0, 0.75, 0.75, 0.5, 0.75, 0.1971544772386551, 0.5, 0.75, 1.0, 0.0, 0.5, 0.0, 1.0, 0.0, 0.0, 0.0, 0.0, 0.0, 0.0, 0.5, 0.25, 0.75, 0.5, 0.0, 0.5, 0.0, 0.0, 0.0, 0.0, 0.0, 0.0, 1.0, 0.25, 0.5, 1.0, 0.0, 1.0, 0.0, 0.0, 0.0, 0.0, 0.0, 0.0, 0.5, 0.75, 0.25, 0.5, 0.75, 0.75, 0.0, 0.0, 0.0, 0.0, 0.0, 0.0, 0.75, 0.5, 0.75, 1.0, 1.0, 0.75, 0.0, 0.0, 0.0, 0.0, 0.0, 0.0, 0.75, 0.25, 0.75, 0.25, 0.75, 0.5, 0.0, 0.0, 0.0, 0.0, 0.0, 0.0, 0.0, 1.0, 0.75, 0.5, 0.25, 0.75, 0.0, 0.0, 0.0, 0.0, 0.0, 0.0, -0.20000000298023224, 0.0, 0.9194139242172241]
  当前输入噪声缩放因子（curr_input_noise_scaling_factor）: 26
  当前wq噪声缩放因子（curr_wq_noise_scaling_factor）: 16
  当前wk噪声缩放因子（curr_wk_noise_scaling_factor）: 14
  当前wv噪声缩放因子（curr_wv_noise_scaling_factor）: 20
  当前wo噪声缩放因子（curr_wo_noise_scaling_factor）: 16
  当前wffn1噪声缩放因子（curr_wffn1_noise_scaling_factor）: 20
  当前wffn2噪声缩放因子（curr_wffn2_noise_scaling_factor）: 18
  输入x概率分布（x_prob_dist）: [0.22681577503681183, 0.40268298983573914, 0.19173532724380493, 0.10891617089509964, 0.06984970718622208]
  wq概率分布（wq_prob_dist）: [0.2622220516204834, 0.3265698552131653, 0.22093820571899414, 0.11013581603765488, 0.08013403415679932]
  wk概率分布（wk_prob_dist）: [0.37830686569213867, 0.28078243136405945, 0.15005667507648468, 0.11342483013868332, 0.07742922753095627]
  wv概率分布（wv_prob_dist）: [0.09640062600374222, 0.4068004786968231, 0.2853248119354248, 0.11252344399690628, 0.09895060211420059]
  wo概率分布（wo_prob_dist）: [0.21449416875839233, 0.3666742146015167, 0.18695752322673798, 0.12577709555625916, 0.10609696060419083]
  wffn1概率分布（wffn1_prob_dist）: [0.40430116653442383, 0.24813313782215118, 0.161776602268219, 0.11780115962028503, 0.06798792630434036]
  wffn2概率分布（wffn2_prob_dist）: [0.23747044801712036, 0.3938882350921631, 0.17769132554531097, 0.11881206184625626, 0.07213786989450455]
  评论家值（critic_value）: 1.1336100101470947
  累计成本（accumulated_cost）: 23.0
  输入噪声配置（input_noise_config）: [24, 22, 30, 26, 30, 22, 26]
  wq噪声配置（wq_noise_config）: [18, 20, 16, 18, 22, 18, 16]
  wk噪声配置（wk_noise_config）: [14, 20, 18, 14, 22, 14, 14]
  wv噪声配置（wv_noise_config）: [18, 16, 20, 18, 16, 16, 20]
  wo噪声配置（wo_noise_config）: [16, 18, 16, 14, 14, 16, 16]
  wffn1噪声配置（wffn1_noise_config）: [18, 22, 18, 22, 18, 20, 20]
  wffn2噪声配置（wffn2_noise_config）: [22, 14, 16, 18, 20, 16, 18]
  当前学习率（current_lr）: 0.000020
  当前熵系数（current_entropy_coef）: 0.023298
  步奖励（step_reward）: 0.005182926829268289
  稠密奖励步（dense_reward_step）: 0.005182926829268289
  累计稠密奖励（accumulated_dense_reward）: 0.0347560975609756
  稳定性惩罚（stability_penalty）: 0.0

  全局步数（step_global）: 98095
  回合编号（episode_id）: 8174
  层索引（layer_index）: 7
  状态向量（state_vector）: [0.0, 0.0, 0.0, 0.0, 0.0, 0.0, 0.0, 1.0, 0.0, 0.0, 0.0, 0.0, -0.03361344709992409, 0.5, 0.75, 1.0, 0.25, 0.75, 0.5, 0.5, 0.19860626757144928, 0.5833333134651184, 0.75, 1.0, 0.0, 0.5, 0.0, 1.0, 0.5, 0.0, 0.0, 0.0, 0.0, 0.0, 0.5, 0.25, 0.75, 0.5, 0.0, 0.5, 0.75, 0.0, 0.0, 0.0, 0.0, 0.0, 1.0, 0.25, 0.5, 1.0, 0.0, 1.0, 1.0, 0.0, 0.0, 0.0, 0.0, 0.0, 0.5, 0.75, 0.25, 0.5, 0.75, 0.75, 0.25, 0.0, 0.0, 0.0, 0.0, 0.0, 0.75, 0.5, 0.75, 1.0, 1.0, 0.75, 0.75, 0.0, 0.0, 0.0, 0.0, 0.0, 0.75, 0.25, 0.75, 0.25, 0.75, 0.5, 0.5, 0.0, 0.0, 0.0, 0.0, 0.0, 0.0, 1.0, 0.75, 0.5, 0.25, 0.75, 0.5, 0.0, 0.0, 0.0, 0.0, 0.0, -0.20000000298023224, 0.0, 0.9194139242172241]
  当前输入噪声缩放因子（curr_input_noise_scaling_factor）: 24
  当前wq噪声缩放因子（curr_wq_noise_scaling_factor）: 22
  当前wk噪声缩放因子（curr_wk_noise_scaling_factor）: 22
  当前wv噪声缩放因子（curr_wv_noise_scaling_factor）: 16
  当前wo噪声缩放因子（curr_wo_noise_scaling_factor）: 16
  当前wffn1噪声缩放因子（curr_wffn1_noise_scaling_factor）: 18
  当前wffn2噪声缩放因子（curr_wffn2_noise_scaling_factor）: 20
  输入x概率分布（x_prob_dist）: [0.22681331634521484, 0.4026056230068207, 0.19174803793430328, 0.10895175486803055, 0.06988129764795303]
  wq概率分布（wq_prob_dist）: [0.2621971070766449, 0.32651737332344055, 0.22096124291419983, 0.11016031354665756, 0.08016391843557358]
  wk概率分布（wk_prob_dist）: [0.3782367706298828, 0.28077468276023865, 0.15007458627223969, 0.11345184594392776, 0.07746215164661407]
  wv概率分布（wv_prob_dist）: [0.09642583131790161, 0.40673795342445374, 0.28531232476234436, 0.11254660040140152, 0.09897731989622116]
  wo概率分布（wo_prob_dist）: [0.21450252830982208, 0.3666020631790161, 0.18697421252727509, 0.12579570710659027, 0.10612552613019943]
  wffn1概率分布（wffn1_prob_dist）: [0.40420326590538025, 0.24816623330116272, 0.16180242598056793, 0.11781614273786545, 0.06801198422908783]
  wffn2概率分布（wffn2_prob_dist）: [0.23747698962688446, 0.39384186267852783, 0.1776898205280304, 0.11882422864437103, 0.07216706871986389]
  评论家值（critic_value）: 1.138782262802124
  累计成本（accumulated_cost）: 26.45
  输入噪声配置（input_noise_config）: [24, 22, 30, 26, 30, 22, 26, 24]
  wq噪声配置（wq_noise_config）: [18, 20, 16, 18, 22, 18, 16, 22]
  wk噪声配置（wk_noise_config）: [14, 20, 18, 14, 22, 14, 14, 22]
  wv噪声配置（wv_noise_config）: [18, 16, 20, 18, 16, 16, 20, 16]
  wo噪声配置（wo_noise_config）: [16, 18, 16, 14, 14, 16, 16, 16]
  wffn1噪声配置（wffn1_noise_config）: [18, 22, 18, 22, 18, 20, 20, 18]
  wffn2噪声配置（wffn2_noise_config）: [22, 14, 16, 18, 20, 16, 18, 20]
  当前学习率（current_lr）: 0.000020
  当前熵系数（current_entropy_coef）: 0.023298
  步奖励（step_reward）: 0.003963414634146339
  稠密奖励步（dense_reward_step）: 0.003963414634146339
  累计稠密奖励（accumulated_dense_reward）: 0.03871951219512194
  稳定性惩罚（stability_penalty）: 0.0

  全局步数（step_global）: 98096
  回合编号（episode_id）: 8174
  层索引（layer_index）: 8
  状态向量（state_vector）: [0.0, 0.0, 0.0, 0.0, 0.0, 0.0, 0.0, 0.0, 1.0, 0.0, 0.0, 0.0, -0.02757352963089943, 0.75, 0.0, 0.0, 0.75, 0.75, 0.75, 0.25, 0.19359755516052246, 0.6666666865348816, 0.75, 1.0, 0.0, 0.5, 0.0, 1.0, 0.5, 0.75, 0.0, 0.0, 0.0, 0.0, 0.5, 0.25, 0.75, 0.5, 0.0, 0.5, 0.75, 0.0, 0.0, 0.0, 0.0, 0.0, 1.0, 0.25, 0.5, 1.0, 0.0, 1.0, 1.0, 0.0, 0.0, 0.0, 0.0, 0.0, 0.5, 0.75, 0.25, 0.5, 0.75, 0.75, 0.25, 0.75, 0.0, 0.0, 0.0, 0.0, 0.75, 0.5, 0.75, 1.0, 1.0, 0.75, 0.75, 0.75, 0.0, 0.0, 0.0, 0.0, 0.75, 0.25, 0.75, 0.25, 0.75, 0.5, 0.5, 0.75, 0.0, 0.0, 0.0, 0.0, 0.0, 1.0, 0.75, 0.5, 0.25, 0.75, 0.5, 0.25, 0.0, 0.0, 0.0, 0.0, -0.20000000298023224, 0.0, 0.9194139242172241]
  当前输入噪声缩放因子（curr_input_noise_scaling_factor）: 24
  当前wq噪声缩放因子（curr_wq_noise_scaling_factor）: 18
  当前wk噪声缩放因子（curr_wk_noise_scaling_factor）: 14
  当前wv噪声缩放因子（curr_wv_noise_scaling_factor）: 16
  当前wo噪声缩放因子（curr_wo_noise_scaling_factor）: 20
  当前wffn1噪声缩放因子（curr_wffn1_noise_scaling_factor）: 22
  当前wffn2噪声缩放因子（curr_wffn2_noise_scaling_factor）: 18
  输入x概率分布（x_prob_dist）: [0.22680148482322693, 0.4026872217655182, 0.19173365831375122, 0.1089213490486145, 0.06985621154308319]
  wq概率分布（wq_prob_dist）: [0.2622072100639343, 0.3265553414821625, 0.22095701098442078, 0.1101461872458458, 0.08013425767421722]
  wk概率分布（wk_prob_dist）: [0.3782806098461151, 0.28077781200408936, 0.15005621314048767, 0.11344388872385025, 0.07744146138429642]
  wv概率分布（wv_prob_dist）: [0.09639803320169449, 0.4068097770214081, 0.2853136360645294, 0.11252559721469879, 0.09895293414592743]
  wo概率分布（wo_prob_dist）: [0.214508056640625, 0.3666118383407593, 0.1869957000017166, 0.12576833367347717, 0.10611617565155029]
  wffn1概率分布（wffn1_prob_dist）: [0.40426552295684814, 0.2481502890586853, 0.16179072856903076, 0.11780691891908646, 0.0679866299033165]
  wffn2概率分布（wffn2_prob_dist）: [0.23747162520885468, 0.3939034044742584, 0.17768117785453796, 0.11880413442850113, 0.07213965058326721]
  评论家值（critic_value）: 1.1410324573516846
  累计成本（accumulated_cost）: 29.75
  输入噪声配置（input_noise_config）: [24, 22, 30, 26, 30, 22, 26, 24, 24]
  wq噪声配置（wq_noise_config）: [18, 20, 16, 18, 22, 18, 16, 22, 18]
  wk噪声配置（wk_noise_config）: [14, 20, 18, 14, 22, 14, 14, 22, 14]
  wv噪声配置（wv_noise_config）: [18, 16, 20, 18, 16, 16, 20, 16, 16]
  wo噪声配置（wo_noise_config）: [16, 18, 16, 14, 14, 16, 16, 16, 20]
  wffn1噪声配置（wffn1_noise_config）: [18, 22, 18, 22, 18, 20, 20, 18, 22]
  wffn2噪声配置（wffn2_noise_config）: [22, 14, 16, 18, 20, 16, 18, 20, 18]
  当前学习率（current_lr）: 0.000020
  当前熵系数（current_entropy_coef）: 0.023298
  步奖励（step_reward）: 0.004878048780487799
  稠密奖励步（dense_reward_step）: 0.004878048780487799
  累计稠密奖励（accumulated_dense_reward）: 0.04359756097560974
  稳定性惩罚（stability_penalty）: 0.0

  全局步数（step_global）: 98097
  回合编号（episode_id）: 8174
  层索引（layer_index）: 9
  状态向量（state_vector）: [0.0, 0.0, 0.0, 0.0, 0.0, 0.0, 0.0, 0.0, 0.0, 1.0, 0.0, 0.0, -0.02777777798473835, 0.75, 0.5, 1.0, 0.75, 0.25, 0.25, 0.5, 0.19376693665981293, 0.75, 0.75, 1.0, 0.0, 0.5, 0.0, 1.0, 0.5, 0.75, 0.75, 0.0, 0.0, 0.0, 0.5, 0.25, 0.75, 0.5, 0.0, 0.5, 0.75, 0.0, 0.5, 0.0, 0.0, 0.0, 1.0, 0.25, 0.5, 1.0, 0.0, 1.0, 1.0, 0.0, 1.0, 0.0, 0.0, 0.0, 0.5, 0.75, 0.25, 0.5, 0.75, 0.75, 0.25, 0.75, 0.75, 0.0, 0.0, 0.0, 0.75, 0.5, 0.75, 1.0, 1.0, 0.75, 0.75, 0.75, 0.25, 0.0, 0.0, 0.0, 0.75, 0.25, 0.75, 0.25, 0.75, 0.5, 0.5, 0.75, 0.25, 0.0, 0.0, 0.0, 0.0, 1.0, 0.75, 0.5, 0.25, 0.75, 0.5, 0.25, 0.5, 0.0, 0.0, 0.0, -0.20000000298023224, 0.0, 0.9194139242172241]
  当前输入噪声缩放因子（curr_input_noise_scaling_factor）: 24
  当前wq噪声缩放因子（curr_wq_noise_scaling_factor）: 16
  当前wk噪声缩放因子（curr_wk_noise_scaling_factor）: 16
  当前wv噪声缩放因子（curr_wv_noise_scaling_factor）: 18
  当前wo噪声缩放因子（curr_wo_noise_scaling_factor）: 20
  当前wffn1噪声缩放因子（curr_wffn1_noise_scaling_factor）: 16
  当前wffn2噪声缩放因子（curr_wffn2_noise_scaling_factor）: 20
  输入x概率分布（x_prob_dist）: [0.226803719997406, 0.40266183018684387, 0.19174253940582275, 0.1089249849319458, 0.06986692547798157]
  wq概率分布（wq_prob_dist）: [0.2622029483318329, 0.3265438377857208, 0.22095774114131927, 0.11014944314956665, 0.08014608919620514]
  wk概率分布（wk_prob_dist）: [0.37828052043914795, 0.2807833254337311, 0.1500529795885086, 0.11343994736671448, 0.07744324952363968]
  wv概率分布（wv_prob_dist）: [0.0964081659913063, 0.4067738652229309, 0.28531381487846375, 0.1125396341085434, 0.09896452724933624]
  wo概率分布（wo_prob_dist）: [0.2144993245601654, 0.36661258339881897, 0.18699146807193756, 0.12577824294567108, 0.10611829906702042]
  wffn1概率分布（wffn1_prob_dist）: [0.40426692366600037, 0.248138427734375, 0.16179166734218597, 0.11780932545661926, 0.0679936483502388]
  wffn2概率分布（wffn2_prob_dist）: [0.2374774068593979, 0.39386793971061707, 0.1776794046163559, 0.11882174760103226, 0.0721534863114357]
  评论家值（critic_value）: 1.1514151096343994
  累计成本（accumulated_cost）: 33.0
  输入噪声配置（input_noise_config）: [24, 22, 30, 26, 30, 22, 26, 24, 24, 24]
  wq噪声配置（wq_noise_config）: [18, 20, 16, 18, 22, 18, 16, 22, 18, 16]
  wk噪声配置（wk_noise_config）: [14, 20, 18, 14, 22, 14, 14, 22, 14, 16]
  wv噪声配置（wv_noise_config）: [18, 16, 20, 18, 16, 16, 20, 16, 16, 18]
  wo噪声配置（wo_noise_config）: [16, 18, 16, 14, 14, 16, 16, 16, 20, 20]
  wffn1噪声配置（wffn1_noise_config）: [18, 22, 18, 22, 18, 20, 20, 18, 22, 16]
  wffn2噪声配置（wffn2_noise_config）: [22, 14, 16, 18, 20, 16, 18, 20, 18, 20]
  当前学习率（current_lr）: 0.000020
  当前熵系数（current_entropy_coef）: 0.023298
  步奖励（step_reward）: 0.005182926829268294
  稠密奖励步（dense_reward_step）: 0.005182926829268294
  累计稠密奖励（accumulated_dense_reward）: 0.04878048780487804
  稳定性惩罚（stability_penalty）: 0.0

  全局步数（step_global）: 98098
  回合编号（episode_id）: 8174
  层索引（layer_index）: 10
  状态向量（state_vector）: [0.0, 0.0, 0.0, 0.0, 0.0, 0.0, 0.0, 0.0, 0.0, 0.0, 1.0, 0.0, -0.029411764815449715, 0.75, 0.75, 0.75, 0.5, 0.25, 1.0, 0.25, 0.19512194395065308, 0.8333333134651184, 0.75, 1.0, 0.0, 0.5, 0.0, 1.0, 0.5, 0.75, 0.75, 0.75, 0.0, 0.0, 0.5, 0.25, 0.75, 0.5, 0.0, 0.5, 0.75, 0.0, 0.5, 0.75, 0.0, 0.0, 1.0, 0.25, 0.5, 1.0, 0.0, 1.0, 1.0, 0.0, 1.0, 0.75, 0.0, 0.0, 0.5, 0.75, 0.25, 0.5, 0.75, 0.75, 0.25, 0.75, 0.75, 0.5, 0.0, 0.0, 0.75, 0.5, 0.75, 1.0, 1.0, 0.75, 0.75, 0.75, 0.25, 0.25, 0.0, 0.0, 0.75, 0.25, 0.75, 0.25, 0.75, 0.5, 0.5, 0.75, 0.25, 1.0, 0.0, 0.0, 0.0, 1.0, 0.75, 0.5, 0.25, 0.75, 0.5, 0.25, 0.5, 0.25, 0.0, 0.0, -0.20000000298023224, 0.0, 0.9194139242172241]
  当前输入噪声缩放因子（curr_input_noise_scaling_factor）: 22
  当前wq噪声缩放因子（curr_wq_noise_scaling_factor）: 18
  当前wk噪声缩放因子（curr_wk_noise_scaling_factor）: 14
  当前wv噪声缩放因子（curr_wv_noise_scaling_factor）: 22
  当前wo噪声缩放因子（curr_wo_noise_scaling_factor）: 16
  当前wffn1噪声缩放因子（curr_wffn1_noise_scaling_factor）: 22
  当前wffn2噪声缩放因子（curr_wffn2_noise_scaling_factor）: 16
  输入x概率分布（x_prob_dist）: [0.2268037348985672, 0.4026794135570526, 0.1917286366224289, 0.10892413556575775, 0.06986407935619354]
  wq概率分布（wq_prob_dist）: [0.26221463084220886, 0.3265426754951477, 0.2209516018629074, 0.11014491319656372, 0.08014620840549469]
  wk概率分布（wk_prob_dist）: [0.3782697319984436, 0.28078198432922363, 0.15006524324417114, 0.1134423017501831, 0.07744072377681732]
  wv概率分布（wv_prob_dist）: [0.09641345590353012, 0.406785786151886, 0.2853090763092041, 0.11252874881029129, 0.09896289557218552]
  wo概率分布（wo_prob_dist）: [0.21450048685073853, 0.3666486144065857, 0.18695779144763947, 0.12578822672367096, 0.10610485821962357]
  wffn1概率分布（wffn1_prob_dist）: [0.40425148606300354, 0.2481381595134735, 0.1617981344461441, 0.11781300604343414, 0.0679992139339447]
  wffn2概率分布（wffn2_prob_dist）: [0.23746217787265778, 0.3938862383365631, 0.17768456041812897, 0.11881985515356064, 0.0721471905708313]
  评论家值（critic_value）: 1.157273530960083
  累计成本（accumulated_cost）: 36.25
  输入噪声配置（input_noise_config）: [24, 22, 30, 26, 30, 22, 26, 24, 24, 24, 22]
  wq噪声配置（wq_noise_config）: [18, 20, 16, 18, 22, 18, 16, 22, 18, 16, 18]
  wk噪声配置（wk_noise_config）: [14, 20, 18, 14, 22, 14, 14, 22, 14, 16, 14]
  wv噪声配置（wv_noise_config）: [18, 16, 20, 18, 16, 16, 20, 16, 16, 18, 22]
  wo噪声配置（wo_noise_config）: [16, 18, 16, 14, 14, 16, 16, 16, 20, 20, 16]
  wffn1噪声配置（wffn1_noise_config）: [18, 22, 18, 22, 18, 20, 20, 18, 22, 16, 22]
  wffn2噪声配置（wffn2_noise_config）: [22, 14, 16, 18, 20, 16, 18, 20, 18, 20, 16]
  当前学习率（current_lr）: 0.000020
  当前熵系数（current_entropy_coef）: 0.023298
  步奖励（step_reward）: 0.005182926829268289
  稠密奖励步（dense_reward_step）: 0.005182926829268289
  累计稠密奖励（accumulated_dense_reward）: 0.05396341463414633
  稳定性惩罚（stability_penalty）: 0.0

  全局步数（step_global）: 98099
  回合编号（episode_id）: 8174
  层索引（layer_index）: 11
  状态向量（state_vector）: [0.0, 0.0, 0.0, 0.0, 0.0, 0.0, 0.0, 0.0, 0.0, 0.0, 0.0, 1.0, -0.03074866347014904, 1.0, 0.5, 1.0, 0.0, 0.75, 0.25, 0.75, 0.19623060524463654, 0.9166666865348816, 0.75, 1.0, 0.0, 0.5, 0.0, 1.0, 0.5, 0.75, 0.75, 0.75, 1.0, 0.0, 0.5, 0.25, 0.75, 0.5, 0.0, 0.5, 0.75, 0.0, 0.5, 0.75, 0.5, 0.0, 1.0, 0.25, 0.5, 1.0, 0.0, 1.0, 1.0, 0.0, 1.0, 0.75, 1.0, 0.0, 0.5, 0.75, 0.25, 0.5, 0.75, 0.75, 0.25, 0.75, 0.75, 0.5, 0.0, 0.0, 0.75, 0.5, 0.75, 1.0, 1.0, 0.75, 0.75, 0.75, 0.25, 0.25, 0.75, 0.0, 0.75, 0.25, 0.75, 0.25, 0.75, 0.5, 0.5, 0.75, 0.25, 1.0, 0.25, 0.0, 0.0, 1.0, 0.75, 0.5, 0.25, 0.75, 0.5, 0.25, 0.5, 0.25, 0.75, 0.0, -0.20000000298023224, 0.0, 0.9194139242172241]
  当前输入噪声缩放因子（curr_input_noise_scaling_factor）: 30
  当前wq噪声缩放因子（curr_wq_noise_scaling_factor）: 14
  当前wk噪声缩放因子（curr_wk_noise_scaling_factor）: 16
  当前wv噪声缩放因子（curr_wv_noise_scaling_factor）: 16
  当前wo噪声缩放因子（curr_wo_noise_scaling_factor）: 18
  当前wffn1噪声缩放因子（curr_wffn1_noise_scaling_factor）: 16
  当前wffn2噪声缩放因子（curr_wffn2_noise_scaling_factor）: 22
  输入x概率分布（x_prob_dist）: [0.22680868208408356, 0.40273070335388184, 0.19172704219818115, 0.10889815539121628, 0.06983546912670135]
  wq概率分布（wq_prob_dist）: [0.26222869753837585, 0.3265804946422577, 0.22094929218292236, 0.11012043058872223, 0.08012105524539948]
  wk概率分布（wk_prob_dist）: [0.3783220052719116, 0.28080159425735474, 0.15004193782806396, 0.11341644078493118, 0.0774180069565773]
  wv概率分布（wv_prob_dist）: [0.09638234972953796, 0.4068543016910553, 0.2853184938430786, 0.11250778287649155, 0.09893704950809479]
  wo概率分布（wo_prob_dist）: [0.21449388563632965, 0.36668387055397034, 0.18696829676628113, 0.12576235830783844, 0.10609151422977448]
  wffn1概率分布（wffn1_prob_dist）: [0.4043310880661011, 0.24814032018184662, 0.16176928579807281, 0.11778884381055832, 0.06797046214342117]
  wffn2概率分布（wffn2_prob_dist）: [0.23746447265148163, 0.39393723011016846, 0.17767973244190216, 0.11879449337720871, 0.07212401181459427]
  评论家值（critic_value）: 1.1613404750823975
  累计成本（accumulated_cost）: 39.55
  输入噪声配置（input_noise_config）: [24, 22, 30, 26, 30, 22, 26, 24, 24, 24, 22, 30]
  wq噪声配置（wq_noise_config）: [18, 20, 16, 18, 22, 18, 16, 22, 18, 16, 18, 14]
  wk噪声配置（wk_noise_config）: [14, 20, 18, 14, 22, 14, 14, 22, 14, 16, 14, 16]
  wv噪声配置（wv_noise_config）: [18, 16, 20, 18, 16, 16, 20, 16, 16, 18, 22, 16]
  wo噪声配置（wo_noise_config）: [16, 18, 16, 14, 14, 16, 16, 16, 20, 20, 16, 18]
  wffn1噪声配置（wffn1_noise_config）: [18, 22, 18, 22, 18, 20, 20, 18, 22, 16, 22, 16]
  wffn2噪声配置（wffn2_noise_config）: [22, 14, 16, 18, 20, 16, 18, 20, 18, 20, 16, 22]
  当前学习率（current_lr）: 0.000020
  当前熵系数（current_entropy_coef）: 0.023298
  蒙特卡洛采样数（mc_samples）: 5
  蒙特卡洛损失均值（mc_loss_mean）: 0.2892920692761739
  蒙特卡洛损失标准差（mc_loss_std）: 0.0024467085984905676
  蒙特卡洛指标1均值（mc_metric1_mean）: 0.9059649122807019
  蒙特卡洛指标1标准差（mc_metric1_std）: 0.002625724481946634
  蒙特卡洛指标2均值（mc_metric2_mean）: 0.9044466269521771
  蒙特卡洛指标2标准差（mc_metric2_std）: 0.002557608054485263
  步奖励（step_reward）: 1.15741320380694
  稠密奖励步（dense_reward_step）: 0.004878048780487805
  原始最终奖励（raw_final_reward）: 1.1525351550264522
  最终选择分数（final_selection_score）: 1.1525351550264522
  累计稠密奖励（accumulated_dense_reward）: 0.05884146341463413
  稳定性代理（stability_proxy）: 0.31791838062176936
  稳定性惩罚（stability_penalty）: -0.0

--- 回合（Episode） 8176 (回合回报（EpisodeReturn）=1.2245, 原始最终奖励（RawFinalReward）=1.1635, 稠密奖励合计（DenseRewardTotal）=0.0610) ---
  全局步数（step_global）: 98100
  回合编号（episode_id）: 8175
  层索引（layer_index）: 0
  状态向量（state_vector）: [1.0, 0.0, 0.0, 0.0, 0.0, 0.0, 0.0, 0.0, 0.0, 0.0, 0.0, 0.0, 0.0, 0.0, 0.0, 0.0, 0.0, 0.0, 0.0, 0.0, 0.0, 0.0, 0.0, 0.0, 0.0, 0.0, 0.0, 0.0, 0.0, 0.0, 0.0, 0.0, 0.0, 0.0, 0.0, 0.0, 0.0, 0.0, 0.0, 0.0, 0.0, 0.0, 0.0, 0.0, 0.0, 0.0, 0.0, 0.0, 0.0, 0.0, 0.0, 0.0, 0.0, 0.0, 0.0, 0.0, 0.0, 0.0, 0.0, 0.0, 0.0, 0.0, 0.0, 0.0, 0.0, 0.0, 0.0, 0.0, 0.0, 0.0, 0.0, 0.0, 0.0, 0.0, 0.0, 0.0, 0.0, 0.0, 0.0, 0.0, 0.0, 0.0, 0.0, 0.0, 0.0, 0.0, 0.0, 0.0, 0.0, 0.0, 0.0, 0.0, 0.0, 0.0, 0.0, 0.0, 0.0, 0.0, 0.0, 0.0, 0.0, 0.0, 0.0, 0.0, 0.0, 0.0, -0.20000000298023224, 0.0, 0.9302053451538086]
  当前输入噪声缩放因子（curr_input_noise_scaling_factor）: 24
  当前wq噪声缩放因子（curr_wq_noise_scaling_factor）: 18
  当前wk噪声缩放因子（curr_wk_noise_scaling_factor）: 14
  当前wv噪声缩放因子（curr_wv_noise_scaling_factor）: 18
  当前wo噪声缩放因子（curr_wo_noise_scaling_factor）: 16
  当前wffn1噪声缩放因子（curr_wffn1_noise_scaling_factor）: 16
  当前wffn2噪声缩放因子（curr_wffn2_noise_scaling_factor）: 18
  输入x概率分布（x_prob_dist）: [0.2271152287721634, 0.4011516571044922, 0.19193041324615479, 0.10941257327795029, 0.07039012759923935]
  wq概率分布（wq_prob_dist）: [0.2618153989315033, 0.3259424865245819, 0.22093288600444794, 0.11067330837249756, 0.08063597232103348]
  wk概率分布（wk_prob_dist）: [0.37748298048973083, 0.280181884765625, 0.15052680671215057, 0.11388164013624191, 0.07792676985263824]
  wv概率分布（wv_prob_dist）: [0.09704472124576569, 0.40514451265335083, 0.2852058708667755, 0.11307203024625778, 0.09953279048204422]
  wo概率分布（wo_prob_dist）: [0.21455897390842438, 0.36561205983161926, 0.1870698779821396, 0.12617428600788116, 0.10658480226993561]
  wffn1概率分布（wffn1_prob_dist）: [0.40295830368995667, 0.2479357272386551, 0.1621706783771515, 0.11839313805103302, 0.06854213774204254]
  wffn2概率分布（wffn2_prob_dist）: [0.23754942417144775, 0.39244142174720764, 0.17801009118556976, 0.11932641267776489, 0.07267273217439651]
  评论家值（critic_value）: 1.1060943603515625
  累计成本（accumulated_cost）: 3.1
  输入噪声配置（input_noise_config）: [24]
  wq噪声配置（wq_noise_config）: [18]
  wk噪声配置（wk_noise_config）: [14]
  wv噪声配置（wv_noise_config）: [18]
  wo噪声配置（wo_noise_config）: [16]
  wffn1噪声配置（wffn1_noise_config）: [16]
  wffn2噪声配置（wffn2_noise_config）: [18]
  当前学习率（current_lr）: 0.000020
  当前熵系数（current_entropy_coef）: 0.023295
  步奖励（step_reward）: 0.006097560975609755
  稠密奖励步（dense_reward_step）: 0.006097560975609755
  累计稠密奖励（accumulated_dense_reward）: 0.006097560975609755
  稳定性惩罚（stability_penalty）: 0.0

  全局步数（step_global）: 98101
  回合编号（episode_id）: 8175
  层索引（layer_index）: 1
  状态向量（state_vector）: [0.0, 1.0, 0.0, 0.0, 0.0, 0.0, 0.0, 0.0, 0.0, 0.0, 0.0, 0.0, -0.0882352963089943, 0.75, 0.5, 1.0, 0.5, 0.75, 1.0, 0.5, 0.24390244483947754, 0.0833333358168602, 0.75, 0.0, 0.0, 0.0, 0.0, 0.0, 0.0, 0.0, 0.0, 0.0, 0.0, 0.0, 0.5, 0.0, 0.0, 0.0, 0.0, 0.0, 0.0, 0.0, 0.0, 0.0, 0.0, 0.0, 1.0, 0.0, 0.0, 0.0, 0.0, 0.0, 0.0, 0.0, 0.0, 0.0, 0.0, 0.0, 0.5, 0.0, 0.0, 0.0, 0.0, 0.0, 0.0, 0.0, 0.0, 0.0, 0.0, 0.0, 0.75, 0.0, 0.0, 0.0, 0.0, 0.0, 0.0, 0.0, 0.0, 0.0, 0.0, 0.0, 1.0, 0.0, 0.0, 0.0, 0.0, 0.0, 0.0, 0.0, 0.0, 0.0, 0.0, 0.0, 0.5, 0.0, 0.0, 0.0, 0.0, 0.0, 0.0, 0.0, 0.0, 0.0, 0.0, 0.0, -0.20000000298023224, 0.0, 0.9302053451538086]
  当前输入噪声缩放因子（curr_input_noise_scaling_factor）: 24
  当前wq噪声缩放因子（curr_wq_noise_scaling_factor）: 18
  当前wk噪声缩放因子（curr_wk_noise_scaling_factor）: 20
  当前wv噪声缩放因子（curr_wv_noise_scaling_factor）: 22
  当前wo噪声缩放因子（curr_wo_noise_scaling_factor）: 14
  当前wffn1噪声缩放因子（curr_wffn1_noise_scaling_factor）: 22
  当前wffn2噪声缩放因子（curr_wffn2_noise_scaling_factor）: 16
  输入x概率分布（x_prob_dist）: [0.2268255352973938, 0.4024759531021118, 0.1917637288570404, 0.10900204628705978, 0.06993274390697479]
  wq概率分布（wq_prob_dist）: [0.26216134428977966, 0.32645025849342346, 0.22097350656986237, 0.1101992279291153, 0.08021561056375504]
  wk概率分布（wk_prob_dist）: [0.37811487913131714, 0.28073883056640625, 0.15011939406394958, 0.1135101243853569, 0.07751678675413132]
  wv概率分布（wv_prob_dist）: [0.09647904336452484, 0.40662291646003723, 0.28525638580322266, 0.1126035526394844, 0.09903813898563385]
  wo概率分布（wo_prob_dist）: [0.21449114382266998, 0.36648619174957275, 0.18701289594173431, 0.12583313882350922, 0.10617662966251373]
  wffn1概率分布（wffn1_prob_dist）: [0.40406525135040283, 0.24814271926879883, 0.16185419261455536, 0.11788126081228256, 0.06805651634931564]
  wffn2概率分布（wffn2_prob_dist）: [0.23746339976787567, 0.39372482895851135, 0.17771808803081512, 0.1188778504729271, 0.07221587747335434]
  评论家值（critic_value）: 1.1102981567382812
  累计成本（accumulated_cost）: 6.5
  输入噪声配置（input_noise_config）: [24, 24]
  wq噪声配置（wq_noise_config）: [18, 18]
  wk噪声配置（wk_noise_config）: [14, 20]
  wv噪声配置（wv_noise_config）: [18, 22]
  wo噪声配置（wo_noise_config）: [16, 14]
  wffn1噪声配置（wffn1_noise_config）: [16, 22]
  wffn2噪声配置（wffn2_noise_config）: [18, 16]
  当前学习率（current_lr）: 0.000020
  当前熵系数（current_entropy_coef）: 0.023295
  步奖励（step_reward）: 0.004268292682926829
  稠密奖励步（dense_reward_step）: 0.004268292682926829
  累计稠密奖励（accumulated_dense_reward）: 0.010365853658536584
  稳定性惩罚（stability_penalty）: 0.0

  全局步数（step_global）: 98102
  回合编号（episode_id）: 8175
  层索引（layer_index）: 2
  状态向量（state_vector）: [0.0, 0.0, 1.0, 0.0, 0.0, 0.0, 0.0, 0.0, 0.0, 0.0, 0.0, 0.0, -0.04411764815449715, 0.75, 0.5, 0.25, 0.0, 1.0, 0.25, 0.75, 0.2073170691728592, 0.1666666716337204, 0.75, 0.75, 0.0, 0.0, 0.0, 0.0, 0.0, 0.0, 0.0, 0.0, 0.0, 0.0, 0.5, 0.5, 0.0, 0.0, 0.0, 0.0, 0.0, 0.0, 0.0, 0.0, 0.0, 0.0, 1.0, 0.25, 0.0, 0.0, 0.0, 0.0, 0.0, 0.0, 0.0, 0.0, 0.0, 0.0, 0.5, 0.0, 0.0, 0.0, 0.0, 0.0, 0.0, 0.0, 0.0, 0.0, 0.0, 0.0, 0.75, 1.0, 0.0, 0.0, 0.0, 0.0, 0.0, 0.0, 0.0, 0.0, 0.0, 0.0, 1.0, 0.25, 0.0, 0.0, 0.0, 0.0, 0.0, 0.0, 0.0, 0.0, 0.0, 0.0, 0.5, 0.75, 0.0, 0.0, 0.0, 0.0, 0.0, 0.0, 0.0, 0.0, 0.0, 0.0, -0.20000000298023224, 0.0, 0.9302053451538086]
  当前输入噪声缩放因子（curr_input_noise_scaling_factor）: 26
  当前wq噪声缩放因子（curr_wq_noise_scaling_factor）: 16
  当前wk噪声缩放因子（curr_wk_noise_scaling_factor）: 18
  当前wv噪声缩放因子（curr_wv_noise_scaling_factor）: 18
  当前wo噪声缩放因子（curr_wo_noise_scaling_factor）: 18
  当前wffn1噪声缩放因子（curr_wffn1_noise_scaling_factor）: 16
  当前wffn2噪声缩放因子（curr_wffn2_noise_scaling_factor）: 20
  输入x概率分布（x_prob_dist）: [0.2268105447292328, 0.4026954174041748, 0.1917363405227661, 0.10891309380531311, 0.06984452158212662]
  wq概率分布（wq_prob_dist）: [0.2622230052947998, 0.3265672028064728, 0.22095105051994324, 0.11012919992208481, 0.08012956380844116]
  wk概率分布（wk_prob_dist）: [0.37828806042671204, 0.2807968258857727, 0.150050550699234, 0.11343181878328323, 0.07743271440267563]
  wv概率分布（wv_prob_dist）: [0.09638765454292297, 0.406848281621933, 0.2853085994720459, 0.11251431703567505, 0.09894110262393951]
  wo概率分布（wo_prob_dist）: [0.21450462937355042, 0.36664271354675293, 0.1869814097881317, 0.1257665753364563, 0.10610467940568924]
  wffn1概率分布（wffn1_prob_dist）: [0.40429630875587463, 0.2481549233198166, 0.16177283227443695, 0.11779754608869553, 0.06797841191291809]
  wffn2概率分布（wffn2_prob_dist）: [0.23745571076869965, 0.393941730260849, 0.17768143117427826, 0.11879265308380127, 0.07212847471237183]
  评论家值（critic_value）: 1.1128857135772705
  累计成本（accumulated_cost）: 9.8
  输入噪声配置（input_noise_config）: [24, 24, 26]
  wq噪声配置（wq_noise_config）: [18, 18, 16]
  wk噪声配置（wk_noise_config）: [14, 20, 18]
  wv噪声配置（wv_noise_config）: [18, 22, 18]
  wo噪声配置（wo_noise_config）: [16, 14, 18]
  wffn1噪声配置（wffn1_noise_config）: [16, 22, 16]
  wffn2噪声配置（wffn2_noise_config）: [18, 16, 20]
  当前学习率（current_lr）: 0.000020
  当前熵系数（current_entropy_coef）: 0.023295
  步奖励（step_reward）: 0.004878048780487805
  稠密奖励步（dense_reward_step）: 0.004878048780487805
  累计稠密奖励（accumulated_dense_reward）: 0.01524390243902439
  稳定性惩罚（stability_penalty）: 0.0

  全局步数（step_global）: 98103
  回合编号（episode_id）: 8175
  层索引（layer_index）: 3
  状态向量（state_vector）: [0.0, 0.0, 0.0, 1.0, 0.0, 0.0, 0.0, 0.0, 0.0, 0.0, 0.0, 0.0, -0.03921568766236305, 0.5, 0.75, 0.5, 0.5, 0.5, 1.0, 0.25, 0.20325203239917755, 0.25, 0.75, 0.75, 0.5, 0.0, 0.0, 0.0, 0.0, 0.0, 0.0, 0.0, 0.0, 0.0, 0.5, 0.5, 0.75, 0.0, 0.0, 0.0, 0.0, 0.0, 0.0, 0.0, 0.0, 0.0, 1.0, 0.25, 0.5, 0.0, 0.0, 0.0, 0.0, 0.0, 0.0, 0.0, 0.0, 0.0, 0.5, 0.0, 0.5, 0.0, 0.0, 0.0, 0.0, 0.0, 0.0, 0.0, 0.0, 0.0, 0.75, 1.0, 0.5, 0.0, 0.0, 0.0, 0.0, 0.0, 0.0, 0.0, 0.0, 0.0, 1.0, 0.25, 1.0, 0.0, 0.0, 0.0, 0.0, 0.0, 0.0, 0.0, 0.0, 0.0, 0.5, 0.75, 0.25, 0.0, 0.0, 0.0, 0.0, 0.0, 0.0, 0.0, 0.0, 0.0, -0.20000000298023224, 0.0, 0.9302053451538086]
  当前输入噪声缩放因子（curr_input_noise_scaling_factor）: 26
  当前wq噪声缩放因子（curr_wq_noise_scaling_factor）: 18
  当前wk噪声缩放因子（curr_wk_noise_scaling_factor）: 14
  当前wv噪声缩放因子（curr_wv_noise_scaling_factor）: 16
  当前wo噪声缩放因子（curr_wo_noise_scaling_factor）: 18
  当前wffn1噪声缩放因子（curr_wffn1_noise_scaling_factor）: 24
  当前wffn2噪声缩放因子（curr_wffn2_noise_scaling_factor）: 16
  输入x概率分布（x_prob_dist）: [0.22680644690990448, 0.4027062654495239, 0.19173313677310944, 0.10891199856996536, 0.06984210759401321]
  wq概率分布（wq_prob_dist）: [0.26223671436309814, 0.32656630873680115, 0.22094161808490753, 0.11012688279151917, 0.0801285058259964]
  wk概率分布（wk_prob_dist）: [0.37828946113586426, 0.28078851103782654, 0.1500564068555832, 0.11343451589345932, 0.07743117958307266]
  wv概率分布（wv_prob_dist）: [0.09639352560043335, 0.40683817863464355, 0.28530776500701904, 0.11251476407051086, 0.09894576668739319]
  wo概率分布（wo_prob_dist）: [0.21449817717075348, 0.36666759848594666, 0.18696749210357666, 0.12577201426029205, 0.10609471052885056]
  wffn1概率分布（wffn1_prob_dist）: [0.40430471301078796, 0.2481304258108139, 0.16178357601165771, 0.11780008673667908, 0.06798122823238373]
  wffn2概率分布（wffn2_prob_dist）: [0.2374592423439026, 0.39392244815826416, 0.17768904566764832, 0.11879898607730865, 0.07213030755519867]
  评论家值（critic_value）: 1.1196811199188232
  累计成本（accumulated_cost）: 13.100000000000001
  输入噪声配置（input_noise_config）: [24, 24, 26, 26]
  wq噪声配置（wq_noise_config）: [18, 18, 16, 18]
  wk噪声配置（wk_noise_config）: [14, 20, 18, 14]
  wv噪声配置（wv_noise_config）: [18, 22, 18, 16]
  wo噪声配置（wo_noise_config）: [16, 14, 18, 18]
  wffn1噪声配置（wffn1_noise_config）: [16, 22, 16, 24]
  wffn2噪声配置（wffn2_noise_config）: [18, 16, 20, 16]
  当前学习率（current_lr）: 0.000020
  当前熵系数（current_entropy_coef）: 0.023295
  步奖励（step_reward）: 0.004878048780487802
  稠密奖励步（dense_reward_step）: 0.004878048780487802
  累计稠密奖励（accumulated_dense_reward）: 0.020121951219512192
  稳定性惩罚（stability_penalty）: 0.0

  全局步数（step_global）: 98104
  回合编号（episode_id）: 8175
  层索引（layer_index）: 4
  状态向量（state_vector）: [0.0, 0.0, 0.0, 0.0, 1.0, 0.0, 0.0, 0.0, 0.0, 0.0, 0.0, 0.0, -0.036764707416296005, 0.5, 0.5, 1.0, 0.75, 0.5, 0.0, 0.75, 0.20121951401233673, 0.3333333432674408, 0.75, 0.75, 0.5, 0.5, 0.0, 0.0, 0.0, 0.0, 0.0, 0.0, 0.0, 0.0, 0.5, 0.5, 0.75, 0.5, 0.0, 0.0, 0.0, 0.0, 0.0, 0.0, 0.0, 0.0, 1.0, 0.25, 0.5, 1.0, 0.0, 0.0, 0.0, 0.0, 0.0, 0.0, 0.0, 0.0, 0.5, 0.0, 0.5, 0.75, 0.0, 0.0, 0.0, 0.0, 0.0, 0.0, 0.0, 0.0, 0.75, 1.0, 0.5, 0.5, 0.0, 0.0, 0.0, 0.0, 0.0, 0.0, 0.0, 0.0, 1.0, 0.25, 1.0, 0.0, 0.0, 0.0, 0.0, 0.0, 0.0, 0.0, 0.0, 0.0, 0.5, 0.75, 0.25, 0.75, 0.0, 0.0, 0.0, 0.0, 0.0, 0.0, 0.0, 0.0, -0.20000000298023224, 0.0, 0.9302053451538086]
  当前输入噪声缩放因子（curr_input_noise_scaling_factor）: 26
  当前wq噪声缩放因子（curr_wq_noise_scaling_factor）: 22
  当前wk噪声缩放因子（curr_wk_noise_scaling_factor）: 14
  当前wv噪声缩放因子（curr_wv_noise_scaling_factor）: 18
  当前wo噪声缩放因子（curr_wo_noise_scaling_factor）: 22
  当前wffn1噪声缩放因子（curr_wffn1_noise_scaling_factor）: 16
  当前wffn2噪声缩放因子（curr_wffn2_noise_scaling_factor）: 16
  输入x概率分布（x_prob_dist）: [0.22680260241031647, 0.4027006924152374, 0.19173458218574524, 0.1089128702878952, 0.06984922289848328]
  wq概率分布（wq_prob_dist）: [0.2622201144695282, 0.3265766203403473, 0.2209412008523941, 0.11013364791870117, 0.08012840896844864]
  wk概率分布（wk_prob_dist）: [0.3783067762851715, 0.28078123927116394, 0.15005384385585785, 0.11343014240264893, 0.07742800563573837]
  wv概率分布（wv_prob_dist）: [0.09639734774827957, 0.4068208932876587, 0.28531768918037415, 0.11251676082611084, 0.09894722700119019]
  wo概率分布（wo_prob_dist）: [0.21450188755989075, 0.36666664481163025, 0.18696138262748718, 0.1257733851671219, 0.10609672963619232]
  wffn1概率分布（wffn1_prob_dist）: [0.40429240465164185, 0.2481391280889511, 0.16178520023822784, 0.11779951304197311, 0.06798382103443146]
  wffn2概率分布（wffn2_prob_dist）: [0.23746682703495026, 0.3939157724380493, 0.17767977714538574, 0.11880354583263397, 0.07213413715362549]
  评论家值（critic_value）: 1.1245964765548706
  累计成本（accumulated_cost）: 16.450000000000003
  输入噪声配置（input_noise_config）: [24, 24, 26, 26, 26]
  wq噪声配置（wq_noise_config）: [18, 18, 16, 18, 22]
  wk噪声配置（wk_noise_config）: [14, 20, 18, 14, 14]
  wv噪声配置（wv_noise_config）: [18, 22, 18, 16, 18]
  wo噪声配置（wo_noise_config）: [16, 14, 18, 18, 22]
  wffn1噪声配置（wffn1_noise_config）: [16, 22, 16, 24, 16]
  wffn2噪声配置（wffn2_noise_config）: [18, 16, 20, 16, 16]
  当前学习率（current_lr）: 0.000020
  当前熵系数（current_entropy_coef）: 0.023295
  步奖励（step_reward）: 0.0045731707317073125
  稠密奖励步（dense_reward_step）: 0.0045731707317073125
  累计稠密奖励（accumulated_dense_reward）: 0.024695121951219506
  稳定性惩罚（stability_penalty）: 0.0

  全局步数（step_global）: 98105
  回合编号（episode_id）: 8175
  层索引（layer_index）: 5
  状态向量（state_vector）: [0.0, 0.0, 0.0, 0.0, 0.0, 1.0, 0.0, 0.0, 0.0, 0.0, 0.0, 0.0, -0.03235294297337532, 0.5, 0.0, 1.0, 0.5, 0.0, 1.0, 0.75, 0.19756098091602325, 0.4166666567325592, 0.75, 0.75, 0.5, 0.5, 0.5, 0.0, 0.0, 0.0, 0.0, 0.0, 0.0, 0.0, 0.5, 0.5, 0.75, 0.5, 0.0, 0.0, 0.0, 0.0, 0.0, 0.0, 0.0, 0.0, 1.0, 0.25, 0.5, 1.0, 1.0, 0.0, 0.0, 0.0, 0.0, 0.0, 0.0, 0.0, 0.5, 0.0, 0.5, 0.75, 0.5, 0.0, 0.0, 0.0, 0.0, 0.0, 0.0, 0.0, 0.75, 1.0, 0.5, 0.5, 0.0, 0.0, 0.0, 0.0, 0.0, 0.0, 0.0, 0.0, 1.0, 0.25, 1.0, 0.0, 1.0, 0.0, 0.0, 0.0, 0.0, 0.0, 0.0, 0.0, 0.5, 0.75, 0.25, 0.75, 0.75, 0.0, 0.0, 0.0, 0.0, 0.0, 0.0, 0.0, -0.20000000298023224, 0.0, 0.9302053451538086]
  当前输入噪声缩放因子（curr_input_noise_scaling_factor）: 24
  当前wq噪声缩放因子（curr_wq_noise_scaling_factor）: 14
  当前wk噪声缩放因子（curr_wk_noise_scaling_factor）: 14
  当前wv噪声缩放因子（curr_wv_noise_scaling_factor）: 20
  当前wo噪声缩放因子（curr_wo_noise_scaling_factor）: 18
  当前wffn1噪声缩放因子（curr_wffn1_noise_scaling_factor）: 18
  当前wffn2噪声缩放因子（curr_wffn2_noise_scaling_factor）: 16
  输入x概率分布（x_prob_dist）: [0.22680695354938507, 0.4026835858821869, 0.19173391163349152, 0.10891959071159363, 0.0698559433221817]
  wq概率分布（wq_prob_dist）: [0.26221469044685364, 0.32656481862068176, 0.22094742953777313, 0.11013756692409515, 0.08013550192117691]
  wk概率分布（wk_prob_dist）: [0.3782934546470642, 0.28077563643455505, 0.15006189048290253, 0.11343389749526978, 0.07743507623672485]
  wv概率分布（wv_prob_dist）: [0.09640354663133621, 0.40680140256881714, 0.28531599044799805, 0.11252524703741074, 0.09895379096269608]
  wo概率分布（wo_prob_dist）: [0.21449759602546692, 0.3666556775569916, 0.1869616061449051, 0.12577982246875763, 0.10610530525445938]
  wffn1概率分布（wffn1_prob_dist）: [0.40426871180534363, 0.24814102053642273, 0.1617869734764099, 0.11780935525894165, 0.06799394637346268]
  wffn2概率分布（wffn2_prob_dist）: [0.23746846616268158, 0.39388543367385864, 0.17768914997577667, 0.11881519854068756, 0.07214173674583435]
  评论家值（critic_value）: 1.1280829906463623
  累计成本（accumulated_cost）: 19.550000000000004
  输入噪声配置（input_noise_config）: [24, 24, 26, 26, 26, 24]
  wq噪声配置（wq_noise_config）: [18, 18, 16, 18, 22, 14]
  wk噪声配置（wk_noise_config）: [14, 20, 18, 14, 14, 14]
  wv噪声配置（wv_noise_config）: [18, 22, 18, 16, 18, 20]
  wo噪声配置（wo_noise_config）: [16, 14, 18, 18, 22, 18]
  wffn1噪声配置（wffn1_noise_config）: [16, 22, 16, 24, 16, 18]
  wffn2噪声配置（wffn2_noise_config）: [18, 16, 20, 16, 16, 16]
  当前学习率（current_lr）: 0.000020
  当前熵系数（current_entropy_coef）: 0.023295
  步奖励（step_reward）: 0.006097560975609751
  稠密奖励步（dense_reward_step）: 0.006097560975609751
  累计稠密奖励（accumulated_dense_reward）: 0.030792682926829257
  稳定性惩罚（stability_penalty）: 0.0

  全局步数（step_global）: 98106
  回合编号（episode_id）: 8175
  层索引（layer_index）: 6
  状态向量（state_vector）: [0.0, 0.0, 0.0, 0.0, 0.0, 0.0, 1.0, 0.0, 0.0, 0.0, 0.0, 0.0, -0.0416666679084301, 0.75, 1.0, 1.0, 0.25, 0.5, 0.75, 0.75, 0.20528455078601837, 0.5, 0.75, 0.75, 0.5, 0.5, 0.5, 0.75, 0.0, 0.0, 0.0, 0.0, 0.0, 0.0, 0.5, 0.5, 0.75, 0.5, 0.0, 1.0, 0.0, 0.0, 0.0, 0.0, 0.0, 0.0, 1.0, 0.25, 0.5, 1.0, 1.0, 1.0, 0.0, 0.0, 0.0, 0.0, 0.0, 0.0, 0.5, 0.0, 0.5, 0.75, 0.5, 0.25, 0.0, 0.0, 0.0, 0.0, 0.0, 0.0, 0.75, 1.0, 0.5, 0.5, 0.0, 0.5, 0.0, 0.0, 0.0, 0.0, 0.0, 0.0, 1.0, 0.25, 1.0, 0.0, 1.0, 0.75, 0.0, 0.0, 0.0, 0.0, 0.0, 0.0, 0.5, 0.75, 0.25, 0.75, 0.75, 0.75, 0.0, 0.0, 0.0, 0.0, 0.0, 0.0, -0.20000000298023224, 0.0, 0.9302053451538086]
  当前输入噪声缩放因子（curr_input_noise_scaling_factor）: 24
  当前wq噪声缩放因子（curr_wq_noise_scaling_factor）: 14
  当前wk噪声缩放因子（curr_wk_noise_scaling_factor）: 16
  当前wv噪声缩放因子（curr_wv_noise_scaling_factor）: 18
  当前wo噪声缩放因子（curr_wo_noise_scaling_factor）: 20
  当前wffn1噪声缩放因子（curr_wffn1_noise_scaling_factor）: 16
  当前wffn2噪声缩放因子（curr_wffn2_noise_scaling_factor）: 14
  输入x概率分布（x_prob_dist）: [0.22682110965251923, 0.40268540382385254, 0.19173435866832733, 0.1089140772819519, 0.0698450356721878]
  wq概率分布（wq_prob_dist）: [0.26222357153892517, 0.3265722692012787, 0.22094212472438812, 0.11013307422399521, 0.080128975212574]
  wk概率分布（wk_prob_dist）: [0.3782922923564911, 0.2807789444923401, 0.15006160736083984, 0.11343156546354294, 0.07743558287620544]
  wv概率分布（wv_prob_dist）: [0.09639519453048706, 0.4068206548690796, 0.2853192687034607, 0.1125204861164093, 0.09894433617591858]
  wo概率分布（wo_prob_dist）: [0.21451367437839508, 0.3666386604309082, 0.1869654357433319, 0.125776007771492, 0.1061062216758728]
  wffn1概率分布（wffn1_prob_dist）: [0.40429458022117615, 0.24813343584537506, 0.16177642345428467, 0.11780430376529694, 0.0679912269115448]
  wffn2概率分布（wffn2_prob_dist）: [0.2374630570411682, 0.39391547441482544, 0.17769353091716766, 0.1187983825802803, 0.0721295103430748]
  评论家值（critic_value）: 1.135440468788147
  累计成本（accumulated_cost）: 22.600000000000005
  输入噪声配置（input_noise_config）: [24, 24, 26, 26, 26, 24, 24]
  wq噪声配置（wq_noise_config）: [18, 18, 16, 18, 22, 14, 14]
  wk噪声配置（wk_noise_config）: [14, 20, 18, 14, 14, 14, 16]
  wv噪声配置（wv_noise_config）: [18, 22, 18, 16, 18, 20, 18]
  wo噪声配置（wo_noise_config）: [16, 14, 18, 18, 22, 18, 20]
  wffn1噪声配置（wffn1_noise_config）: [16, 22, 16, 24, 16, 18, 16]
  wffn2噪声配置（wffn2_noise_config）: [18, 16, 20, 16, 16, 16, 14]
  当前学习率（current_lr）: 0.000020
  当前熵系数（current_entropy_coef）: 0.023295
  步奖励（step_reward）: 0.006402439024390244
  稠密奖励步（dense_reward_step）: 0.006402439024390244
  累计稠密奖励（accumulated_dense_reward）: 0.037195121951219504
  稳定性惩罚（stability_penalty）: 0.0

  全局步数（step_global）: 98107
  回合编号（episode_id）: 8175
  层索引（layer_index）: 7
  状态向量（state_vector）: [0.0, 0.0, 0.0, 0.0, 0.0, 0.0, 0.0, 1.0, 0.0, 0.0, 0.0, 0.0, -0.05042016878724098, 0.75, 1.0, 0.75, 0.5, 0.25, 1.0, 1.0, 0.2125435471534729, 0.5833333134651184, 0.75, 0.75, 0.5, 0.5, 0.5, 0.75, 0.75, 0.0, 0.0, 0.0, 0.0, 0.0, 0.5, 0.5, 0.75, 0.5, 0.0, 1.0, 1.0, 0.0, 0.0, 0.0, 0.0, 0.0, 1.0, 0.25, 0.5, 1.0, 1.0, 1.0, 0.75, 0.0, 0.0, 0.0, 0.0, 0.0, 0.5, 0.0, 0.5, 0.75, 0.5, 0.25, 0.5, 0.0, 0.0, 0.0, 0.0, 0.0, 0.75, 1.0, 0.5, 0.5, 0.0, 0.5, 0.25, 0.0, 0.0, 0.0, 0.0, 0.0, 1.0, 0.25, 1.0, 0.0, 1.0, 0.75, 1.0, 0.0, 0.0, 0.0, 0.0, 0.0, 0.5, 0.75, 0.25, 0.75, 0.75, 0.75, 1.0, 0.0, 0.0, 0.0, 0.0, 0.0, -0.20000000298023224, 0.0, 0.9302053451538086]
  当前输入噪声缩放因子（curr_input_noise_scaling_factor）: 26
  当前wq噪声缩放因子（curr_wq_noise_scaling_factor）: 14
  当前wk噪声缩放因子（curr_wk_noise_scaling_factor）: 18
  当前wv噪声缩放因子（curr_wv_noise_scaling_factor）: 20
  当前wo噪声缩放因子（curr_wo_noise_scaling_factor）: 14
  当前wffn1噪声缩放因子（curr_wffn1_noise_scaling_factor）: 24
  当前wffn2噪声缩放因子（curr_wffn2_noise_scaling_factor）: 20
  输入x概率分布（x_prob_dist）: [0.22680430114269257, 0.40275347232818604, 0.1917220652103424, 0.10889309644699097, 0.0698271095752716]
  wq概率分布（wq_prob_dist）: [0.262225866317749, 0.32659876346588135, 0.22095337510108948, 0.1101122796535492, 0.08010976016521454]
  wk概率分布（wk_prob_dist）: [0.3783564269542694, 0.28079754114151, 0.15003523230552673, 0.11340513825416565, 0.07740562409162521]
  wv概率分布（wv_prob_dist）: [0.09637264907360077, 0.40687882900238037, 0.28533148765563965, 0.11249212175607681, 0.09892498701810837]
  wo概率分布（wo_prob_dist）: [0.21449649333953857, 0.36672350764274597, 0.18695083260536194, 0.12575139105319977, 0.10607778280973434]
  wffn1概率分布（wffn1_prob_dist）: [0.4043346345424652, 0.24815522134304047, 0.16176895797252655, 0.11777741461992264, 0.06796377897262573]
  wffn2概率分布（wffn2_prob_dist）: [0.23747281730175018, 0.3939613401889801, 0.1776694506406784, 0.11878214031457901, 0.07211428135633469]
  评论家值（critic_value）: 1.1407334804534912
  累计成本（accumulated_cost）: 26.000000000000004
  输入噪声配置（input_noise_config）: [24, 24, 26, 26, 26, 24, 24, 26]
  wq噪声配置（wq_noise_config）: [18, 18, 16, 18, 22, 14, 14, 14]
  wk噪声配置（wk_noise_config）: [14, 20, 18, 14, 14, 14, 16, 18]
  wv噪声配置（wv_noise_config）: [18, 22, 18, 16, 18, 20, 18, 20]
  wo噪声配置（wo_noise_config）: [16, 14, 18, 18, 22, 18, 20, 14]
  wffn1噪声配置（wffn1_noise_config）: [16, 22, 16, 24, 16, 18, 16, 24]
  wffn2噪声配置（wffn2_noise_config）: [18, 16, 20, 16, 16, 16, 14, 20]
  当前学习率（current_lr）: 0.000020
  当前熵系数（current_entropy_coef）: 0.023295
  步奖励（step_reward）: 0.004268292682926829
  稠密奖励步（dense_reward_step）: 0.004268292682926829
  累计稠密奖励（accumulated_dense_reward）: 0.04146341463414633
  稳定性惩罚（stability_penalty）: 0.0

  全局步数（step_global）: 98108
  回合编号（episode_id）: 8175
  层索引（layer_index）: 8
  状态向量（state_vector）: [0.0, 0.0, 0.0, 0.0, 0.0, 0.0, 0.0, 0.0, 1.0, 0.0, 0.0, 0.0, -0.04411764815449715, 0.5, 1.0, 0.5, 0.25, 1.0, 0.0, 0.25, 0.2073170691728592, 0.6666666865348816, 0.75, 0.75, 0.5, 0.5, 0.5, 0.75, 0.75, 0.5, 0.0, 0.0, 0.0, 0.0, 0.5, 0.5, 0.75, 0.5, 0.0, 1.0, 1.0, 1.0, 0.0, 0.0, 0.0, 0.0, 1.0, 0.25, 0.5, 1.0, 1.0, 1.0, 0.75, 0.5, 0.0, 0.0, 0.0, 0.0, 0.5, 0.0, 0.5, 0.75, 0.5, 0.25, 0.5, 0.25, 0.0, 0.0, 0.0, 0.0, 0.75, 1.0, 0.5, 0.5, 0.0, 0.5, 0.25, 1.0, 0.0, 0.0, 0.0, 0.0, 1.0, 0.25, 1.0, 0.0, 1.0, 0.75, 1.0, 0.0, 0.0, 0.0, 0.0, 0.0, 0.5, 0.75, 0.25, 0.75, 0.75, 0.75, 1.0, 0.25, 0.0, 0.0, 0.0, 0.0, -0.20000000298023224, 0.0, 0.9302053451538086]
  当前输入噪声缩放因子（curr_input_noise_scaling_factor）: 24
  当前wq噪声缩放因子（curr_wq_noise_scaling_factor）: 14
  当前wk噪声缩放因子（curr_wk_noise_scaling_factor）: 22
  当前wv噪声缩放因子（curr_wv_noise_scaling_factor）: 16
  当前wo噪声缩放因子（curr_wo_noise_scaling_factor）: 16
  当前wffn1噪声缩放因子（curr_wffn1_noise_scaling_factor）: 20
  当前wffn2噪声缩放因子（curr_wffn2_noise_scaling_factor）: 16
  输入x概率分布（x_prob_dist）: [0.22678914666175842, 0.4026709496974945, 0.19173988699913025, 0.10893319547176361, 0.06986679136753082]
  wq概率分布（wq_prob_dist）: [0.2621956169605255, 0.3265256881713867, 0.22098010778427124, 0.11015328764915466, 0.08014532923698425]
  wk概率分布（wk_prob_dist）: [0.37823304533958435, 0.2807963788509369, 0.15005438029766083, 0.11345775425434113, 0.0774584487080574]
  wv概率分布（wv_prob_dist）: [0.09640245139598846, 0.4068073034286499, 0.28529059886932373, 0.1125393956899643, 0.09896028786897659]
  wo概率分布（wo_prob_dist）: [0.2145097553730011, 0.3665603697299957, 0.1870223879814148, 0.12577641010284424, 0.10613107681274414]
  wffn1概率分布（wffn1_prob_dist）: [0.40423130989074707, 0.2481687068939209, 0.16180065274238586, 0.1178085133433342, 0.06799078732728958]
  wffn2概率分布（wffn2_prob_dist）: [0.23747122287750244, 0.39390280842781067, 0.17767803370952606, 0.11880393326282501, 0.0721440464258194]
  评论家值（critic_value）: 1.146826982498169
  累计成本（accumulated_cost）: 29.200000000000003
  输入噪声配置（input_noise_config）: [24, 24, 26, 26, 26, 24, 24, 26, 24]
  wq噪声配置（wq_noise_config）: [18, 18, 16, 18, 22, 14, 14, 14, 14]
  wk噪声配置（wk_noise_config）: [14, 20, 18, 14, 14, 14, 16, 18, 22]
  wv噪声配置（wv_noise_config）: [18, 22, 18, 16, 18, 20, 18, 20, 16]
  wo噪声配置（wo_noise_config）: [16, 14, 18, 18, 22, 18, 20, 14, 16]
  wffn1噪声配置（wffn1_noise_config）: [16, 22, 16, 24, 16, 18, 16, 24, 20]
  wffn2噪声配置（wffn2_noise_config）: [18, 16, 20, 16, 16, 16, 14, 20, 16]
  当前学习率（current_lr）: 0.000020
  当前熵系数（current_entropy_coef）: 0.023295
  步奖励（step_reward）: 0.005487804878048778
  稠密奖励步（dense_reward_step）: 0.005487804878048778
  累计稠密奖励（accumulated_dense_reward）: 0.04695121951219511
  稳定性惩罚（stability_penalty）: 0.0

  全局步数（step_global）: 98109
  回合编号（episode_id）: 8175
  层索引（layer_index）: 9
  状态向量（state_vector）: [0.0, 0.0, 0.0, 0.0, 0.0, 0.0, 0.0, 0.0, 0.0, 1.0, 0.0, 0.0, -0.04575163498520851, 0.75, 1.0, 0.0, 0.75, 0.75, 0.5, 0.75, 0.20867209136486053, 0.75, 0.75, 0.75, 0.5, 0.5, 0.5, 0.75, 0.75, 0.5, 0.75, 0.0, 0.0, 0.0, 0.5, 0.5, 0.75, 0.5, 0.0, 1.0, 1.0, 1.0, 1.0, 0.0, 0.0, 0.0, 1.0, 0.25, 0.5, 1.0, 1.0, 1.0, 0.75, 0.5, 0.0, 0.0, 0.0, 0.0, 0.5, 0.0, 0.5, 0.75, 0.5, 0.25, 0.5, 0.25, 0.75, 0.0, 0.0, 0.0, 0.75, 1.0, 0.5, 0.5, 0.0, 0.5, 0.25, 1.0, 0.75, 0.0, 0.0, 0.0, 1.0, 0.25, 1.0, 0.0, 1.0, 0.75, 1.0, 0.0, 0.5, 0.0, 0.0, 0.0, 0.5, 0.75, 0.25, 0.75, 0.75, 0.75, 1.0, 0.25, 0.75, 0.0, 0.0, 0.0, -0.20000000298023224, 0.0, 0.9302053451538086]
  当前输入噪声缩放因子（curr_input_noise_scaling_factor）: 26
  当前wq噪声缩放因子（curr_wq_noise_scaling_factor）: 18
  当前wk噪声缩放因子（curr_wk_noise_scaling_factor）: 14
  当前wv噪声缩放因子（curr_wv_noise_scaling_factor）: 20
  当前wo噪声缩放因子（curr_wo_noise_scaling_factor）: 22
  当前wffn1噪声缩放因子（curr_wffn1_noise_scaling_factor）: 22
  当前wffn2噪声缩放因子（curr_wffn2_noise_scaling_factor）: 14
  输入x概率分布（x_prob_dist）: [0.2268076390028, 0.4026637375354767, 0.19174937903881073, 0.10892002284526825, 0.06985922902822495]
  wq概率分布（wq_prob_dist）: [0.26222220063209534, 0.3265555202960968, 0.22093868255615234, 0.11014717072248459, 0.0801364853978157]
  wk概率分布（wk_prob_dist）: [0.3782854974269867, 0.2807697057723999, 0.15005934238433838, 0.11344338953495026, 0.07744202762842178]
  wv概率分布（wv_prob_dist）: [0.09640194475650787, 0.40678882598876953, 0.2853132486343384, 0.11253980547189713, 0.0989561676979065]
  wo概率分布（wo_prob_dist）: [0.21449899673461914, 0.36660534143447876, 0.18699271976947784, 0.12577489018440247, 0.10612807422876358]
  wffn1概率分布（wffn1_prob_dist）: [0.4042866826057434, 0.24811002612113953, 0.16178679466247559, 0.11782112717628479, 0.06799539178609848]
  wffn2概率分布（wffn2_prob_dist）: [0.23746876418590546, 0.39386114478111267, 0.1777065098285675, 0.11881845444440842, 0.07214511930942535]
  评论家值（critic_value）: 1.1570894718170166
  累计成本（accumulated_cost）: 32.6
  输入噪声配置（input_noise_config）: [24, 24, 26, 26, 26, 24, 24, 26, 24, 26]
  wq噪声配置（wq_noise_config）: [18, 18, 16, 18, 22, 14, 14, 14, 14, 18]
  wk噪声配置（wk_noise_config）: [14, 20, 18, 14, 14, 14, 16, 18, 22, 14]
  wv噪声配置（wv_noise_config）: [18, 22, 18, 16, 18, 20, 18, 20, 16, 20]
  wo噪声配置（wo_noise_config）: [16, 14, 18, 18, 22, 18, 20, 14, 16, 22]
  wffn1噪声配置（wffn1_noise_config）: [16, 22, 16, 24, 16, 18, 16, 24, 20, 22]
  wffn2噪声配置（wffn2_noise_config）: [18, 16, 20, 16, 16, 16, 14, 20, 16, 14]
  当前学习率（current_lr）: 0.000020
  当前熵系数（current_entropy_coef）: 0.023295
  步奖励（step_reward）: 0.004268292682926829
  稠密奖励步（dense_reward_step）: 0.004268292682926829
  累计稠密奖励（accumulated_dense_reward）: 0.051219512195121934
  稳定性惩罚（stability_penalty）: 0.0

  全局步数（step_global）: 98110
  回合编号（episode_id）: 8175
  层索引（layer_index）: 10
  状态向量（state_vector）: [0.0, 0.0, 0.0, 0.0, 0.0, 0.0, 0.0, 0.0, 0.0, 0.0, 1.0, 0.0, -0.04117647185921669, 0.5, 0.5, 1.0, 0.25, 0.0, 0.25, 1.0, 0.2048780471086502, 0.8333333134651184, 0.75, 0.75, 0.5, 0.5, 0.5, 0.75, 0.75, 0.5, 0.75, 0.5, 0.0, 0.0, 0.5, 0.5, 0.75, 0.5, 0.0, 1.0, 1.0, 1.0, 1.0, 0.5, 0.0, 0.0, 1.0, 0.25, 0.5, 1.0, 1.0, 1.0, 0.75, 0.5, 0.0, 1.0, 0.0, 0.0, 0.5, 0.0, 0.5, 0.75, 0.5, 0.25, 0.5, 0.25, 0.75, 0.25, 0.0, 0.0, 0.75, 1.0, 0.5, 0.5, 0.0, 0.5, 0.25, 1.0, 0.75, 0.0, 0.0, 0.0, 1.0, 0.25, 1.0, 0.0, 1.0, 0.75, 1.0, 0.0, 0.5, 0.25, 0.0, 0.0, 0.5, 0.75, 0.25, 0.75, 0.75, 0.75, 1.0, 0.25, 0.75, 1.0, 0.0, 0.0, -0.20000000298023224, 0.0, 0.9302053451538086]
  当前输入噪声缩放因子（curr_input_noise_scaling_factor）: 22
  当前wq噪声缩放因子（curr_wq_noise_scaling_factor）: 18
  当前wk噪声缩放因子（curr_wk_noise_scaling_factor）: 20
  当前wv噪声缩放因子（curr_wv_noise_scaling_factor）: 16
  当前wo噪声缩放因子（curr_wo_noise_scaling_factor）: 16
  当前wffn1噪声缩放因子（curr_wffn1_noise_scaling_factor）: 24
  当前wffn2噪声缩放因子（curr_wffn2_noise_scaling_factor）: 14
  输入x概率分布（x_prob_dist）: [0.2268090546131134, 0.40267249941825867, 0.19172774255275726, 0.10892610251903534, 0.06986460089683533]
  wq概率分布（wq_prob_dist）: [0.262214332818985, 0.3265424072742462, 0.22095215320587158, 0.11014707386493683, 0.08014409244060516]
  wk概率分布（wk_prob_dist）: [0.37827232480049133, 0.28077682852745056, 0.150066077709198, 0.11344201117753983, 0.07744284719228745]
  wv概率分布（wv_prob_dist）: [0.09641316533088684, 0.40678414702415466, 0.28531527519226074, 0.11252807080745697, 0.09895940124988556]
  wo概率分布（wo_prob_dist）: [0.21449901163578033, 0.36664336919784546, 0.18696092069149017, 0.1257874071598053, 0.10610929131507874]
  wffn1概率分布（wffn1_prob_dist）: [0.40424448251724243, 0.2481495440006256, 0.16179630160331726, 0.11781219393014908, 0.0679975301027298]
  wffn2概率分布（wffn2_prob_dist）: [0.23746676743030548, 0.3938818871974945, 0.17769069969654083, 0.11881600320339203, 0.07214461266994476]
  评论家值（critic_value）: 1.1575927734375
  累计成本（accumulated_cost）: 35.85
  输入噪声配置（input_noise_config）: [24, 24, 26, 26, 26, 24, 24, 26, 24, 26, 22]
  wq噪声配置（wq_noise_config）: [18, 18, 16, 18, 22, 14, 14, 14, 14, 18, 18]
  wk噪声配置（wk_noise_config）: [14, 20, 18, 14, 14, 14, 16, 18, 22, 14, 20]
  wv噪声配置（wv_noise_config）: [18, 22, 18, 16, 18, 20, 18, 20, 16, 20, 16]
  wo噪声配置（wo_noise_config）: [16, 14, 18, 18, 22, 18, 20, 14, 16, 22, 16]
  wffn1噪声配置（wffn1_noise_config）: [16, 22, 16, 24, 16, 18, 16, 24, 20, 22, 24]
  wffn2噪声配置（wffn2_noise_config）: [18, 16, 20, 16, 16, 16, 14, 20, 16, 14, 14]
  当前学习率（current_lr）: 0.000020
  当前熵系数（current_entropy_coef）: 0.023295
  步奖励（step_reward）: 0.005182926829268291
  稠密奖励步（dense_reward_step）: 0.005182926829268291
  累计稠密奖励（accumulated_dense_reward）: 0.056402439024390225
  稳定性惩罚（stability_penalty）: 0.0

  全局步数（step_global）: 98111
  回合编号（episode_id）: 8175
  层索引（layer_index）: 11
  状态向量（state_vector）: [0.0, 0.0, 0.0, 0.0, 0.0, 0.0, 0.0, 0.0, 0.0, 0.0, 0.0, 1.0, -0.041443850845098495, 1.0, 0.5, 0.25, 0.75, 0.75, 0.0, 1.0, 0.20509977638721466, 0.9166666865348816, 0.75, 0.75, 0.5, 0.5, 0.5, 0.75, 0.75, 0.5, 0.75, 0.5, 1.0, 0.0, 0.5, 0.5, 0.75, 0.5, 0.0, 1.0, 1.0, 1.0, 1.0, 0.5, 0.5, 0.0, 1.0, 0.25, 0.5, 1.0, 1.0, 1.0, 0.75, 0.5, 0.0, 1.0, 0.25, 0.0, 0.5, 0.0, 0.5, 0.75, 0.5, 0.25, 0.5, 0.25, 0.75, 0.25, 0.75, 0.0, 0.75, 1.0, 0.5, 0.5, 0.0, 0.5, 0.25, 1.0, 0.75, 0.0, 0.75, 0.0, 1.0, 0.25, 1.0, 0.0, 1.0, 0.75, 1.0, 0.0, 0.5, 0.25, 0.0, 0.0, 0.5, 0.75, 0.25, 0.75, 0.75, 0.75, 1.0, 0.25, 0.75, 1.0, 1.0, 0.0, -0.20000000298023224, 0.0, 0.9302053451538086]
  当前输入噪声缩放因子（curr_input_noise_scaling_factor）: 28
  当前wq噪声缩放因子（curr_wq_noise_scaling_factor）: 18
  当前wk噪声缩放因子（curr_wk_noise_scaling_factor）: 16
  当前wv噪声缩放因子（curr_wv_noise_scaling_factor）: 18
  当前wo噪声缩放因子（curr_wo_noise_scaling_factor）: 22
  当前wffn1噪声缩放因子（curr_wffn1_noise_scaling_factor）: 16
  当前wffn2噪声缩放因子（curr_wffn2_noise_scaling_factor）: 16
  输入x概率分布（x_prob_dist）: [0.22681406140327454, 0.40267714858055115, 0.19173406064510345, 0.10892195999622345, 0.0698527917265892]
  wq概率分布（wq_prob_dist）: [0.2622227668762207, 0.32654374837875366, 0.22095535695552826, 0.11013833433389664, 0.08013981580734253]
  wk概率分布（wk_prob_dist）: [0.3782676160335541, 0.2807927131652832, 0.15005828440189362, 0.11344030499458313, 0.07744108885526657]
  wv概率分布（wv_prob_dist）: [0.0964035764336586, 0.4068015217781067, 0.2853124439716339, 0.11252571642398834, 0.09895674884319305]
  wo概率分布（wo_prob_dist）: [0.21449504792690277, 0.366647332906723, 0.18697433173656464, 0.1257784515619278, 0.10610480606555939]
  wffn1概率分布（wffn1_prob_dist）: [0.40427467226982117, 0.24814580380916595, 0.16179022192955017, 0.11779996007680893, 0.0679893046617508]
  wffn2概率分布（wffn2_prob_dist）: [0.23746909201145172, 0.39390119910240173, 0.1776873618364334, 0.1188034638762474, 0.07213885337114334]
  评论家值（critic_value）: 1.1606577634811401
  累计成本（accumulated_cost）: 39.2
  输入噪声配置（input_noise_config）: [24, 24, 26, 26, 26, 24, 24, 26, 24, 26, 22, 28]
  wq噪声配置（wq_noise_config）: [18, 18, 16, 18, 22, 14, 14, 14, 14, 18, 18, 18]
  wk噪声配置（wk_noise_config）: [14, 20, 18, 14, 14, 14, 16, 18, 22, 14, 20, 16]
  wv噪声配置（wv_noise_config）: [18, 22, 18, 16, 18, 20, 18, 20, 16, 20, 16, 18]
  wo噪声配置（wo_noise_config）: [16, 14, 18, 18, 22, 18, 20, 14, 16, 22, 16, 22]
  wffn1噪声配置（wffn1_noise_config）: [16, 22, 16, 24, 16, 18, 16, 24, 20, 22, 24, 16]
  wffn2噪声配置（wffn2_noise_config）: [18, 16, 20, 16, 16, 16, 14, 20, 16, 14, 14, 16]
  当前学习率（current_lr）: 0.000020
  当前熵系数（current_entropy_coef）: 0.023295
  蒙特卡洛采样数（mc_samples）: 5
  蒙特卡洛损失均值（mc_loss_mean）: 0.28866631388664243
  蒙特卡洛损失标准差（mc_loss_std）: 0.0017324899197627664
  蒙特卡洛指标1均值（mc_metric1_mean）: 0.9052631578947368
  蒙特卡洛指标1标准差（mc_metric1_std）: 0.0022191422176620276
  蒙特卡洛指标2均值（mc_metric2_mean）: 0.9038403461398901
  蒙特卡洛指标2标准差（mc_metric2_std）: 0.002141528715618075
  步奖励（step_reward）: 1.168099239504532
  稠密奖励步（dense_reward_step）: 0.0045731707317073125
  原始最终奖励（raw_final_reward）: 1.1635260687728246
  最终选择分数（final_selection_score）: 1.1635260687728246
  累计稠密奖励（accumulated_dense_reward）: 0.06097560975609754
  稳定性代理（stability_proxy）: 0.2538817022101196
  稳定性惩罚（stability_penalty）: -0.0

--- 回合（Episode） 8177 (回合回报（EpisodeReturn）=1.1737, 原始最终奖励（RawFinalReward）=1.1054, 稠密奖励合计（DenseRewardTotal）=0.0683) ---
  全局步数（step_global）: 98112
  回合编号（episode_id）: 8176
  层索引（layer_index）: 0
  状态向量（state_vector）: [1.0, 0.0, 0.0, 0.0, 0.0, 0.0, 0.0, 0.0, 0.0, 0.0, 0.0, 0.0, 0.0, 0.0, 0.0, 0.0, 0.0, 0.0, 0.0, 0.0, 0.0, 0.0, 0.0, 0.0, 0.0, 0.0, 0.0, 0.0, 0.0, 0.0, 0.0, 0.0, 0.0, 0.0, 0.0, 0.0, 0.0, 0.0, 0.0, 0.0, 0.0, 0.0, 0.0, 0.0, 0.0, 0.0, 0.0, 0.0, 0.0, 0.0, 0.0, 0.0, 0.0, 0.0, 0.0, 0.0, 0.0, 0.0, 0.0, 0.0, 0.0, 0.0, 0.0, 0.0, 0.0, 0.0, 0.0, 0.0, 0.0, 0.0, 0.0, 0.0, 0.0, 0.0, 0.0, 0.0, 0.0, 0.0, 0.0, 0.0, 0.0, 0.0, 0.0, 0.0, 0.0, 0.0, 0.0, 0.0, 0.0, 0.0, 0.0, 0.0, 0.0, 0.0, 0.0, 0.0, 0.0, 0.0, 0.0, 0.0, 0.0, 0.0, 0.0, 0.0, 0.0, 0.0, -0.20000000298023224, 0.0, 0.9409295916557312]
  当前输入噪声缩放因子（curr_input_noise_scaling_factor）: 22
  当前wq噪声缩放因子（curr_wq_noise_scaling_factor）: 16
  当前wk噪声缩放因子（curr_wk_noise_scaling_factor）: 14
  当前wv噪声缩放因子（curr_wv_noise_scaling_factor）: 18
  当前wo噪声缩放因子（curr_wo_noise_scaling_factor）: 16
  当前wffn1噪声缩放因子（curr_wffn1_noise_scaling_factor）: 22
  当前wffn2噪声缩放因子（curr_wffn2_noise_scaling_factor）: 22
  输入x概率分布（x_prob_dist）: [0.22729748487472534, 0.39946281909942627, 0.192229762673378, 0.10997040569782257, 0.07103951275348663]
  wq概率分布（wq_prob_dist）: [0.26143357157707214, 0.32527077198028564, 0.22080202400684357, 0.11126915365457535, 0.0812244713306427]
  wk概率分布（wk_prob_dist）: [0.37675926089286804, 0.2794812321662903, 0.15095986425876617, 0.1143416166305542, 0.07845806330442429]
  wv概率分布（wv_prob_dist）: [0.097830630838871, 0.403229296207428, 0.2850129008293152, 0.11372974514961243, 0.10019741952419281]
  wo概率分布（wo_prob_dist）: [0.21457505226135254, 0.36462461948394775, 0.1870710849761963, 0.12660875916481018, 0.10712045431137085]
  wffn1概率分布（wffn1_prob_dist）: [0.40159890055656433, 0.2476424276828766, 0.1625826507806778, 0.11903060227632523, 0.06914545595645905]
  wffn2概率分布（wffn2_prob_dist）: [0.23761329054832458, 0.39064261317253113, 0.1784418225288391, 0.11995354294776917, 0.07334872335195541]
  评论家值（critic_value）: 1.1029181480407715
  累计成本（accumulated_cost）: 3.25
  输入噪声配置（input_noise_config）: [22]
  wq噪声配置（wq_noise_config）: [16]
  wk噪声配置（wk_noise_config）: [14]
  wv噪声配置（wv_noise_config）: [18]
  wo噪声配置（wo_noise_config）: [16]
  wffn1噪声配置（wffn1_noise_config）: [22]
  wffn2噪声配置（wffn2_noise_config）: [22]
  当前学习率（current_lr）: 0.000020
  当前熵系数（current_entropy_coef）: 0.023292
  步奖励（step_reward）: 0.005182926829268291
  稠密奖励步（dense_reward_step）: 0.005182926829268291
  累计稠密奖励（accumulated_dense_reward）: 0.005182926829268291
  稳定性惩罚（stability_penalty）: 0.0

  全局步数（step_global）: 98113
  回合编号（episode_id）: 8176
  层索引（layer_index）: 1
  状态向量（state_vector）: [0.0, 1.0, 0.0, 0.0, 0.0, 0.0, 0.0, 0.0, 0.0, 0.0, 0.0, 0.0, -0.04411764815449715, 1.0, 0.75, 1.0, 0.5, 0.75, 0.25, 0.0, 0.2073170691728592, 0.0833333358168602, 1.0, 0.0, 0.0, 0.0, 0.0, 0.0, 0.0, 0.0, 0.0, 0.0, 0.0, 0.0, 0.75, 0.0, 0.0, 0.0, 0.0, 0.0, 0.0, 0.0, 0.0, 0.0, 0.0, 0.0, 1.0, 0.0, 0.0, 0.0, 0.0, 0.0, 0.0, 0.0, 0.0, 0.0, 0.0, 0.0, 0.5, 0.0, 0.0, 0.0, 0.0, 0.0, 0.0, 0.0, 0.0, 0.0, 0.0, 0.0, 0.75, 0.0, 0.0, 0.0, 0.0, 0.0, 0.0, 0.0, 0.0, 0.0, 0.0, 0.0, 0.25, 0.0, 0.0, 0.0, 0.0, 0.0, 0.0, 0.0, 0.0, 0.0, 0.0, 0.0, 0.0, 0.0, 0.0, 0.0, 0.0, 0.0, 0.0, 0.0, 0.0, 0.0, 0.0, 0.0, -0.20000000298023224, 0.0, 0.9409295916557312]
  当前输入噪声缩放因子（curr_input_noise_scaling_factor）: 26
  当前wq噪声缩放因子（curr_wq_noise_scaling_factor）: 16
  当前wk噪声缩放因子（curr_wk_noise_scaling_factor）: 14
  当前wv噪声缩放因子（curr_wv_noise_scaling_factor）: 14
  当前wo噪声缩放因子（curr_wo_noise_scaling_factor）: 22
  当前wffn1噪声缩放因子（curr_wffn1_noise_scaling_factor）: 24
  当前wffn2噪声缩放因子（curr_wffn2_noise_scaling_factor）: 16
  输入x概率分布（x_prob_dist）: [0.22683212161064148, 0.40253448486328125, 0.19175441563129425, 0.10897427052259445, 0.06990467011928558]
  wq概率分布（wq_prob_dist）: [0.2621913254261017, 0.3264709413051605, 0.22097620368003845, 0.11016853153705597, 0.08019296824932098]
  wk概率分布（wk_prob_dist）: [0.37815049290657043, 0.28077343106269836, 0.15010154247283936, 0.11348290741443634, 0.07749157398939133]
  wv概率分布（wv_prob_dist）: [0.09645137935876846, 0.4066917598247528, 0.285265177488327, 0.11257491260766983, 0.09901675581932068]
  wo概率分布（wo_prob_dist）: [0.21448743343353271, 0.36654359102249146, 0.1870051771402359, 0.12581458687782288, 0.10614929348230362]
  wffn1概率分布（wffn1_prob_dist）: [0.40414100885391235, 0.24814686179161072, 0.16183467209339142, 0.11784958839416504, 0.06802789121866226]
  wffn2概率分布（wffn2_prob_dist）: [0.23746155202388763, 0.39379823207855225, 0.17770089209079742, 0.11884805560112, 0.0721912831068039]
  评论家值（critic_value）: 1.113576889038086
  累计成本（accumulated_cost）: 6.550000000000001
  输入噪声配置（input_noise_config）: [22, 26]
  wq噪声配置（wq_noise_config）: [16, 16]
  wk噪声配置（wk_noise_config）: [14, 14]
  wv噪声配置（wv_noise_config）: [18, 14]
  wo噪声配置（wo_noise_config）: [16, 22]
  wffn1噪声配置（wffn1_noise_config）: [22, 24]
  wffn2噪声配置（wffn2_noise_config）: [22, 16]
  当前学习率（current_lr）: 0.000020
  当前熵系数（current_entropy_coef）: 0.023292
  步奖励（step_reward）: 0.004878048780487802
  稠密奖励步（dense_reward_step）: 0.004878048780487802
  累计稠密奖励（accumulated_dense_reward）: 0.010060975609756093
  稳定性惩罚（stability_penalty）: 0.0

  全局步数（step_global）: 98114
  回合编号（episode_id）: 8176
  层索引（layer_index）: 2
  状态向量（state_vector）: [0.0, 0.0, 1.0, 0.0, 0.0, 0.0, 0.0, 0.0, 0.0, 0.0, 0.0, 0.0, -0.036764707416296005, 0.5, 0.75, 1.0, 1.0, 0.0, 0.0, 0.75, 0.20121951401233673, 0.1666666716337204, 1.0, 0.5, 0.0, 0.0, 0.0, 0.0, 0.0, 0.0, 0.0, 0.0, 0.0, 0.0, 0.75, 0.75, 0.0, 0.0, 0.0, 0.0, 0.0, 0.0, 0.0, 0.0, 0.0, 0.0, 1.0, 1.0, 0.0, 0.0, 0.0, 0.0, 0.0, 0.0, 0.0, 0.0, 0.0, 0.0, 0.5, 1.0, 0.0, 0.0, 0.0, 0.0, 0.0, 0.0, 0.0, 0.0, 0.0, 0.0, 0.75, 0.0, 0.0, 0.0, 0.0, 0.0, 0.0, 0.0, 0.0, 0.0, 0.0, 0.0, 0.25, 0.0, 0.0, 0.0, 0.0, 0.0, 0.0, 0.0, 0.0, 0.0, 0.0, 0.0, 0.0, 0.75, 0.0, 0.0, 0.0, 0.0, 0.0, 0.0, 0.0, 0.0, 0.0, 0.0, -0.20000000298023224, 0.0, 0.9409295916557312]
  当前输入噪声缩放因子（curr_input_noise_scaling_factor）: 24
  当前wq噪声缩放因子（curr_wq_noise_scaling_factor）: 18
  当前wk噪声缩放因子（curr_wk_noise_scaling_factor）: 18
  当前wv噪声缩放因子（curr_wv_noise_scaling_factor）: 20
  当前wo噪声缩放因子（curr_wo_noise_scaling_factor）: 18
  当前wffn1噪声缩放因子（curr_wffn1_noise_scaling_factor）: 16
  当前wffn2噪声缩放因子（curr_wffn2_noise_scaling_factor）: 14
  输入x概率分布（x_prob_dist）: [0.22680869698524475, 0.4026566445827484, 0.1917404681444168, 0.10893101990222931, 0.06986312568187714]
  wq概率分布（wq_prob_dist）: [0.26220473647117615, 0.3265452980995178, 0.22095987200737, 0.11014597862958908, 0.08014407008886337]
  wk概率分布（wk_prob_dist）: [0.3782616853713989, 0.2807890474796295, 0.1500558853149414, 0.11344252526760101, 0.07745086401700974]
  wv概率分布（wv_prob_dist）: [0.09640546143054962, 0.4068022668361664, 0.2853037416934967, 0.1125326082110405, 0.09895595163106918]
  wo概率分布（wo_prob_dist）: [0.21450886130332947, 0.36659711599349976, 0.18698668479919434, 0.12578359246253967, 0.10612374544143677]
  wffn1概率分布（wffn1_prob_dist）: [0.40425553917884827, 0.24815525114536285, 0.16178728640079498, 0.11780774593353271, 0.06799416989088058]
  wffn2概率分布（wffn2_prob_dist）: [0.2374623566865921, 0.3939070403575897, 0.1776793897151947, 0.1188066378235817, 0.07214459031820297]
  评论家值（critic_value）: 1.1160091161727905
  累计成本（accumulated_cost）: 9.75
  输入噪声配置（input_noise_config）: [22, 26, 24]
  wq噪声配置（wq_noise_config）: [16, 16, 18]
  wk噪声配置（wk_noise_config）: [14, 14, 18]
  wv噪声配置（wv_noise_config）: [18, 14, 20]
  wo噪声配置（wo_noise_config）: [16, 22, 18]
  wffn1噪声配置（wffn1_noise_config）: [22, 24, 16]
  wffn2噪声配置（wffn2_noise_config）: [22, 16, 14]
  当前学习率（current_lr）: 0.000020
  当前熵系数（current_entropy_coef）: 0.023292
  步奖励（step_reward）: 0.005487804878048778
  稠密奖励步（dense_reward_step）: 0.005487804878048778
  累计稠密奖励（accumulated_dense_reward）: 0.015548780487804871
  稳定性惩罚（stability_penalty）: 0.0

  全局步数（step_global）: 98115
  回合编号（episode_id）: 8176
  层索引（layer_index）: 3
  状态向量（state_vector）: [0.0, 0.0, 0.0, 1.0, 0.0, 0.0, 0.0, 0.0, 0.0, 0.0, 0.0, 0.0, -0.04411764815449715, 0.75, 0.5, 0.5, 0.25, 0.5, 1.0, 1.0, 0.2073170691728592, 0.25, 1.0, 0.5, 0.75, 0.0, 0.0, 0.0, 0.0, 0.0, 0.0, 0.0, 0.0, 0.0, 0.75, 0.75, 0.5, 0.0, 0.0, 0.0, 0.0, 0.0, 0.0, 0.0, 0.0, 0.0, 1.0, 1.0, 0.5, 0.0, 0.0, 0.0, 0.0, 0.0, 0.0, 0.0, 0.0, 0.0, 0.5, 1.0, 0.25, 0.0, 0.0, 0.0, 0.0, 0.0, 0.0, 0.0, 0.0, 0.0, 0.75, 0.0, 0.5, 0.0, 0.0, 0.0, 0.0, 0.0, 0.0, 0.0, 0.0, 0.0, 0.25, 0.0, 1.0, 0.0, 0.0, 0.0, 0.0, 0.0, 0.0, 0.0, 0.0, 0.0, 0.0, 0.75, 1.0, 0.0, 0.0, 0.0, 0.0, 0.0, 0.0, 0.0, 0.0, 0.0, -0.20000000298023224, 0.0, 0.9409295916557312]
  当前输入噪声缩放因子（curr_input_noise_scaling_factor）: 26
  当前wq噪声缩放因子（curr_wq_noise_scaling_factor）: 20
  当前wk噪声缩放因子（curr_wk_noise_scaling_factor）: 18
  当前wv噪声缩放因子（curr_wv_noise_scaling_factor）: 16
  当前wo噪声缩放因子（curr_wo_noise_scaling_factor）: 16
  当前wffn1噪声缩放因子（curr_wffn1_noise_scaling_factor）: 20
  当前wffn2噪声缩放因子（curr_wffn2_noise_scaling_factor）: 16
  输入x概率分布（x_prob_dist）: [0.22680529952049255, 0.40274012088775635, 0.19172832369804382, 0.1088976338505745, 0.069828562438488]
  wq概率分布（wq_prob_dist）: [0.2622462213039398, 0.32659006118774414, 0.22093506157398224, 0.11011379957199097, 0.08011491596698761]
  wk概率分布（wk_prob_dist）: [0.3783207833766937, 0.2807953357696533, 0.15004698932170868, 0.11342145502567291, 0.07741549611091614]
  wv概率分布（wv_prob_dist）: [0.09637895226478577, 0.40687188506126404, 0.28531718254089355, 0.11250022798776627, 0.09893181174993515]
  wo概率分布（wo_prob_dist）: [0.2144998013973236, 0.36669325828552246, 0.18696244060993195, 0.12576143443584442, 0.10608309507369995]
  wffn1概率分布（wffn1_prob_dist）: [0.4043440520763397, 0.24813011288642883, 0.161768838763237, 0.11778993904590607, 0.06796704232692719]
  wffn2概率分布（wffn2_prob_dist）: [0.2374575287103653, 0.39395672082901, 0.17768290638923645, 0.11878678947687149, 0.07211606204509735]
  评论家值（critic_value）: 1.1251194477081299
  累计成本（accumulated_cost）: 13.05
  输入噪声配置（input_noise_config）: [22, 26, 24, 26]
  wq噪声配置（wq_noise_config）: [16, 16, 18, 20]
  wk噪声配置（wk_noise_config）: [14, 14, 18, 18]
  wv噪声配置（wv_noise_config）: [18, 14, 20, 16]
  wo噪声配置（wo_noise_config）: [16, 22, 18, 16]
  wffn1噪声配置（wffn1_noise_config）: [22, 24, 16, 20]
  wffn2噪声配置（wffn2_noise_config）: [22, 16, 14, 16]
  当前学习率（current_lr）: 0.000020
  当前熵系数（current_entropy_coef）: 0.023292
  步奖励（step_reward）: 0.004878048780487805
  稠密奖励步（dense_reward_step）: 0.004878048780487805
  累计稠密奖励（accumulated_dense_reward）: 0.020426829268292677
  稳定性惩罚（stability_penalty）: 0.0

  全局步数（step_global）: 98116
  回合编号（episode_id）: 8176
  层索引（layer_index）: 4
  状态向量（state_vector）: [0.0, 0.0, 0.0, 0.0, 1.0, 0.0, 0.0, 0.0, 0.0, 0.0, 0.0, 0.0, -0.040441177785396576, 0.5, 0.25, 0.5, 0.75, 0.75, 0.5, 0.75, 0.20426829159259796, 0.3333333432674408, 1.0, 0.5, 0.75, 0.5, 0.0, 0.0, 0.0, 0.0, 0.0, 0.0, 0.0, 0.0, 0.75, 0.75, 0.5, 0.25, 0.0, 0.0, 0.0, 0.0, 0.0, 0.0, 0.0, 0.0, 1.0, 1.0, 0.5, 0.5, 0.0, 0.0, 0.0, 0.0, 0.0, 0.0, 0.0, 0.0, 0.5, 1.0, 0.25, 0.75, 0.0, 0.0, 0.0, 0.0, 0.0, 0.0, 0.0, 0.0, 0.75, 0.0, 0.5, 0.75, 0.0, 0.0, 0.0, 0.0, 0.0, 0.0, 0.0, 0.0, 0.25, 0.0, 1.0, 0.5, 0.0, 0.0, 0.0, 0.0, 0.0, 0.0, 0.0, 0.0, 0.0, 0.75, 1.0, 0.75, 0.0, 0.0, 0.0, 0.0, 0.0, 0.0, 0.0, 0.0, -0.20000000298023224, 0.0, 0.9409295916557312]
  当前输入噪声缩放因子（curr_input_noise_scaling_factor）: 26
  当前wq噪声缩放因子（curr_wq_noise_scaling_factor）: 16
  当前wk噪声缩放因子（curr_wk_noise_scaling_factor）: 18
  当前wv噪声缩放因子（curr_wv_noise_scaling_factor）: 16
  当前wo噪声缩放因子（curr_wo_noise_scaling_factor）: 14
  当前wffn1噪声缩放因子（curr_wffn1_noise_scaling_factor）: 16
  当前wffn2噪声缩放因子（curr_wffn2_noise_scaling_factor）: 20
  输入x概率分布（x_prob_dist）: [0.2268049716949463, 0.402599960565567, 0.19175459444522858, 0.10895243287086487, 0.06988812237977982]
  wq概率分布（wq_prob_dist）: [0.26219573616981506, 0.3265129625797272, 0.22095148265361786, 0.11017432808876038, 0.08016543835401535]
  wk概率分布（wk_prob_dist）: [0.3781938850879669, 0.28077808022499084, 0.15008078515529633, 0.1134723350405693, 0.0774749368429184]
  wv概率分布（wv_prob_dist）: [0.09643709659576416, 0.40672820806503296, 0.28528890013694763, 0.11256298422813416, 0.09898288547992706]
  wo概率分布（wo_prob_dist）: [0.21451206505298615, 0.3665441572666168, 0.18699641525745392, 0.12580792605876923, 0.1061394065618515]
  wffn1概率分布（wffn1_prob_dist）: [0.4041873514652252, 0.24814580380916595, 0.16180993616580963, 0.11783406138420105, 0.06802277266979218]
  wffn2概率分布（wffn2_prob_dist）: [0.23745892941951752, 0.3938421607017517, 0.17769861221313477, 0.11883440613746643, 0.0721658319234848]
  评论家值（critic_value）: 1.1245710849761963
  累计成本（accumulated_cost）: 16.2
  输入噪声配置（input_noise_config）: [22, 26, 24, 26, 26]
  wq噪声配置（wq_noise_config）: [16, 16, 18, 20, 16]
  wk噪声配置（wk_noise_config）: [14, 14, 18, 18, 18]
  wv噪声配置（wv_noise_config）: [18, 14, 20, 16, 16]
  wo噪声配置（wo_noise_config）: [16, 22, 18, 16, 14]
  wffn1噪声配置（wffn1_noise_config）: [22, 24, 16, 20, 16]
  wffn2噪声配置（wffn2_noise_config）: [22, 16, 14, 16, 20]
  当前学习率（current_lr）: 0.000020
  当前熵系数（current_entropy_coef）: 0.023292
  步奖励（step_reward）: 0.005792682926829267
  稠密奖励步（dense_reward_step）: 0.005792682926829267
  累计稠密奖励（accumulated_dense_reward）: 0.026219512195121943
  稳定性惩罚（stability_penalty）: 0.0

  全局步数（step_global）: 98117
  回合编号（episode_id）: 8176
  层索引（layer_index）: 5
  状态向量（state_vector）: [0.0, 0.0, 0.0, 0.0, 0.0, 1.0, 0.0, 0.0, 0.0, 0.0, 0.0, 0.0, -0.0470588244497776, 0.5, 0.75, 0.5, 0.75, 1.0, 1.0, 0.25, 0.20975609123706818, 0.4166666567325592, 1.0, 0.5, 0.75, 0.5, 0.5, 0.0, 0.0, 0.0, 0.0, 0.0, 0.0, 0.0, 0.75, 0.75, 0.5, 0.25, 0.75, 0.0, 0.0, 0.0, 0.0, 0.0, 0.0, 0.0, 1.0, 1.0, 0.5, 0.5, 0.5, 0.0, 0.0, 0.0, 0.0, 0.0, 0.0, 0.0, 0.5, 1.0, 0.25, 0.75, 0.75, 0.0, 0.0, 0.0, 0.0, 0.0, 0.0, 0.0, 0.75, 0.0, 0.5, 0.75, 1.0, 0.0, 0.0, 0.0, 0.0, 0.0, 0.0, 0.0, 0.25, 0.0, 1.0, 0.5, 1.0, 0.0, 0.0, 0.0, 0.0, 0.0, 0.0, 0.0, 0.0, 0.75, 1.0, 0.75, 0.25, 0.0, 0.0, 0.0, 0.0, 0.0, 0.0, 0.0, -0.20000000298023224, 0.0, 0.9409295916557312]
  当前输入噪声缩放因子（curr_input_noise_scaling_factor）: 24
  当前wq噪声缩放因子（curr_wq_noise_scaling_factor）: 14
  当前wk噪声缩放因子（curr_wk_noise_scaling_factor）: 14
  当前wv噪声缩放因子（curr_wv_noise_scaling_factor）: 16
  当前wo噪声缩放因子（curr_wo_noise_scaling_factor）: 18
  当前wffn1噪声缩放因子（curr_wffn1_noise_scaling_factor）: 18
  当前wffn2噪声缩放因子（curr_wffn2_noise_scaling_factor）: 14
  输入x概率分布（x_prob_dist）: [0.2268025428056717, 0.402669757604599, 0.19174006581306458, 0.10892724990844727, 0.06986040621995926]
  wq概率分布（wq_prob_dist）: [0.2622239887714386, 0.3265480399131775, 0.22094514966011047, 0.11014068126678467, 0.08014219254255295]
  wk概率分布（wk_prob_dist）: [0.37826263904571533, 0.28078049421310425, 0.15006767213344574, 0.11344543099403381, 0.07744382321834564]
  wv概率分布（wv_prob_dist）: [0.09640970081090927, 0.4067921042442322, 0.28530505299568176, 0.11253105103969574, 0.09896209090948105]
  wo概率分布（wo_prob_dist）: [0.21449361741542816, 0.3666437566280365, 0.18696746230125427, 0.12578706443309784, 0.10610806941986084]
  wffn1概率分布（wffn1_prob_dist）: [0.40425702929496765, 0.24813921749591827, 0.16179496049880981, 0.11781217902898788, 0.06799666583538055]
  wffn2概率分布（wffn2_prob_dist）: [0.2374638319015503, 0.3938805162906647, 0.17769065499305725, 0.11881710588932037, 0.07214795798063278]
  评论家值（critic_value）: 1.130913496017456
  累计成本（accumulated_cost）: 19.15
  输入噪声配置（input_noise_config）: [22, 26, 24, 26, 26, 24]
  wq噪声配置（wq_noise_config）: [16, 16, 18, 20, 16, 14]
  wk噪声配置（wk_noise_config）: [14, 14, 18, 18, 18, 14]
  wv噪声配置（wv_noise_config）: [18, 14, 20, 16, 16, 16]
  wo噪声配置（wo_noise_config）: [16, 22, 18, 16, 14, 18]
  wffn1噪声配置（wffn1_noise_config）: [22, 24, 16, 20, 16, 18]
  wffn2噪声配置（wffn2_noise_config）: [22, 16, 14, 16, 20, 14]
  当前学习率（current_lr）: 0.000020
  当前熵系数（current_entropy_coef）: 0.023292
  步奖励（step_reward）: 0.007012195121951215
  稠密奖励步（dense_reward_step）: 0.007012195121951215
  累计稠密奖励（accumulated_dense_reward）: 0.03323170731707316
  稳定性惩罚（stability_penalty）: 0.0

  全局步数（step_global）: 98118
  回合编号（episode_id）: 8176
  层索引（layer_index）: 6
  状态向量（state_vector）: [0.0, 0.0, 0.0, 0.0, 0.0, 0.0, 1.0, 0.0, 0.0, 0.0, 0.0, 0.0, -0.061274509876966476, 0.75, 1.0, 1.0, 0.75, 0.5, 0.75, 1.0, 0.22154471278190613, 0.5, 1.0, 0.5, 0.75, 0.5, 0.5, 0.75, 0.0, 0.0, 0.0, 0.0, 0.0, 0.0, 0.75, 0.75, 0.5, 0.25, 0.75, 1.0, 0.0, 0.0, 0.0, 0.0, 0.0, 0.0, 1.0, 1.0, 0.5, 0.5, 0.5, 1.0, 0.0, 0.0, 0.0, 0.0, 0.0, 0.0, 0.5, 1.0, 0.25, 0.75, 0.75, 0.75, 0.0, 0.0, 0.0, 0.0, 0.0, 0.0, 0.75, 0.0, 0.5, 0.75, 1.0, 0.5, 0.0, 0.0, 0.0, 0.0, 0.0, 0.0, 0.25, 0.0, 1.0, 0.5, 1.0, 0.75, 0.0, 0.0, 0.0, 0.0, 0.0, 0.0, 0.0, 0.75, 1.0, 0.75, 0.25, 1.0, 0.0, 0.0, 0.0, 0.0, 0.0, 0.0, -0.20000000298023224, 0.0, 0.9409295916557312]
  当前输入噪声缩放因子（curr_input_noise_scaling_factor）: 26
  当前wq噪声缩放因子（curr_wq_noise_scaling_factor）: 22
  当前wk噪声缩放因子（curr_wk_noise_scaling_factor）: 14
  当前wv噪声缩放因子（curr_wv_noise_scaling_factor）: 20
  当前wo噪声缩放因子（curr_wo_noise_scaling_factor）: 22
  当前wffn1噪声缩放因子（curr_wffn1_noise_scaling_factor）: 18
  当前wffn2噪声缩放因子（curr_wffn2_noise_scaling_factor）: 14
  输入x概率分布（x_prob_dist）: [0.2268177568912506, 0.4026772677898407, 0.19173580408096313, 0.10891890525817871, 0.06985035538673401]
  wq概率分布（wq_prob_dist）: [0.26222559809684753, 0.32656294107437134, 0.22094212472438812, 0.11013548821210861, 0.08013377338647842]
  wk概率分布（wk_prob_dist）: [0.3782977759838104, 0.280778169631958, 0.1500590294599533, 0.11343107372522354, 0.07743394374847412]
  wv概率分布（wv_prob_dist）: [0.09639991074800491, 0.4068097472190857, 0.28532204031944275, 0.11251863837242126, 0.09894969314336777]
  wo概率分布（wo_prob_dist）: [0.21450361609458923, 0.3666641414165497, 0.1869538575410843, 0.1257776916027069, 0.10610076785087585]
  wffn1概率分布（wffn1_prob_dist）: [0.4042852818965912, 0.24813443422317505, 0.1617850810289383, 0.11780285090208054, 0.06799235194921494]
  wffn2概率分布（wffn2_prob_dist）: [0.23746827244758606, 0.39389950037002563, 0.17769192159175873, 0.11880339682102203, 0.07213693112134933]
  评论家值（critic_value）: 1.1321686506271362
  累计成本（accumulated_cost）: 22.55
  输入噪声配置（input_noise_config）: [22, 26, 24, 26, 26, 24, 26]
  wq噪声配置（wq_noise_config）: [16, 16, 18, 20, 16, 14, 22]
  wk噪声配置（wk_noise_config）: [14, 14, 18, 18, 18, 14, 14]
  wv噪声配置（wv_noise_config）: [18, 14, 20, 16, 16, 16, 20]
  wo噪声配置（wo_noise_config）: [16, 22, 18, 16, 14, 18, 22]
  wffn1噪声配置（wffn1_noise_config）: [22, 24, 16, 20, 16, 18, 18]
  wffn2噪声配置（wffn2_noise_config）: [22, 16, 14, 16, 20, 14, 14]
  当前学习率（current_lr）: 0.000020
  当前熵系数（current_entropy_coef）: 0.023292
  步奖励（step_reward）: 0.004268292682926823
  稠密奖励步（dense_reward_step）: 0.004268292682926823
  累计稠密奖励（accumulated_dense_reward）: 0.03749999999999998
  稳定性惩罚（stability_penalty）: 0.0

  全局步数（step_global）: 98119
  回合编号（episode_id）: 8176
  层索引（layer_index）: 7
  状态向量（state_vector）: [0.0, 0.0, 0.0, 0.0, 0.0, 0.0, 0.0, 1.0, 0.0, 0.0, 0.0, 0.0, -0.052521008998155594, 0.5, 0.0, 1.0, 0.25, 0.0, 0.75, 1.0, 0.2142857164144516, 0.5833333134651184, 1.0, 0.5, 0.75, 0.5, 0.5, 0.75, 0.5, 0.0, 0.0, 0.0, 0.0, 0.0, 0.75, 0.75, 0.5, 0.25, 0.75, 1.0, 0.0, 0.0, 0.0, 0.0, 0.0, 0.0, 1.0, 1.0, 0.5, 0.5, 0.5, 1.0, 1.0, 0.0, 0.0, 0.0, 0.0, 0.0, 0.5, 1.0, 0.25, 0.75, 0.75, 0.75, 0.25, 0.0, 0.0, 0.0, 0.0, 0.0, 0.75, 0.0, 0.5, 0.75, 1.0, 0.5, 0.0, 0.0, 0.0, 0.0, 0.0, 0.0, 0.25, 0.0, 1.0, 0.5, 1.0, 0.75, 0.75, 0.0, 0.0, 0.0, 0.0, 0.0, 0.0, 0.75, 1.0, 0.75, 0.25, 1.0, 1.0, 0.0, 0.0, 0.0, 0.0, 0.0, -0.20000000298023224, 0.0, 0.9409295916557312]
  当前输入噪声缩放因子（curr_input_noise_scaling_factor）: 26
  当前wq噪声缩放因子（curr_wq_noise_scaling_factor）: 20
  当前wk噪声缩放因子（curr_wk_noise_scaling_factor）: 16
  当前wv噪声缩放因子（curr_wv_noise_scaling_factor）: 18
  当前wo噪声缩放因子（curr_wo_noise_scaling_factor）: 16
  当前wffn1噪声缩放因子（curr_wffn1_noise_scaling_factor）: 16
  当前wffn2噪声缩放因子（curr_wffn2_noise_scaling_factor）: 14
  输入x概率分布（x_prob_dist）: [0.22681884467601776, 0.4026637375354767, 0.19173109531402588, 0.10892780125141144, 0.06985849887132645]
  wq概率分布（wq_prob_dist）: [0.26221489906311035, 0.326540470123291, 0.2209622710943222, 0.1101406142115593, 0.08014174550771713]
  wk概率分布（wk_prob_dist）: [0.37827369570732117, 0.2807903289794922, 0.15006090700626373, 0.11343157291412354, 0.07744351029396057]
  wv概率分布（wv_prob_dist）: [0.09640488028526306, 0.40681150555610657, 0.28531262278556824, 0.11252029240131378, 0.09895076602697372]
  wo概率分布（wo_prob_dist）: [0.21450042724609375, 0.3666413128376007, 0.18696482479572296, 0.1257816106081009, 0.10611182451248169]
  wffn1概率分布（wffn1_prob_dist）: [0.4042506217956543, 0.24817444384098053, 0.1617826670408249, 0.11780120432376862, 0.06799101829528809]
  wffn2概率分布（wffn2_prob_dist）: [0.2374666929244995, 0.39390188455581665, 0.17768914997577667, 0.1188005805015564, 0.07214169204235077]
  评论家值（critic_value）: 1.13651442527771
  累计成本（accumulated_cost）: 25.7
  输入噪声配置（input_noise_config）: [22, 26, 24, 26, 26, 24, 26, 26]
  wq噪声配置（wq_noise_config）: [16, 16, 18, 20, 16, 14, 22, 20]
  wk噪声配置（wk_noise_config）: [14, 14, 18, 18, 18, 14, 14, 16]
  wv噪声配置（wv_noise_config）: [18, 14, 20, 16, 16, 16, 20, 18]
  wo噪声配置（wo_noise_config）: [16, 22, 18, 16, 14, 18, 22, 16]
  wffn1噪声配置（wffn1_noise_config）: [22, 24, 16, 20, 16, 18, 18, 16]
  wffn2噪声配置（wffn2_noise_config）: [22, 16, 14, 16, 20, 14, 14, 14]
  当前学习率（current_lr）: 0.000020
  当前熵系数（current_entropy_coef）: 0.023292
  步奖励（step_reward）: 0.005792682926829267
  稠密奖励步（dense_reward_step）: 0.005792682926829267
  累计稠密奖励（accumulated_dense_reward）: 0.043292682926829244
  稳定性惩罚（stability_penalty）: 0.0

  全局步数（step_global）: 98120
  回合编号（episode_id）: 8176
  层索引（layer_index）: 8
  状态向量（state_vector）: [0.0, 0.0, 0.0, 0.0, 0.0, 0.0, 0.0, 0.0, 1.0, 0.0, 0.0, 0.0, -0.05514705926179886, 0.5, 0.25, 0.75, 0.5, 0.75, 1.0, 1.0, 0.21646341681480408, 0.6666666865348816, 1.0, 0.5, 0.75, 0.5, 0.5, 0.75, 0.5, 0.5, 0.0, 0.0, 0.0, 0.0, 0.75, 0.75, 0.5, 0.25, 0.75, 1.0, 0.0, 0.25, 0.0, 0.0, 0.0, 0.0, 1.0, 1.0, 0.5, 0.5, 0.5, 1.0, 1.0, 0.75, 0.0, 0.0, 0.0, 0.0, 0.5, 1.0, 0.25, 0.75, 0.75, 0.75, 0.25, 0.5, 0.0, 0.0, 0.0, 0.0, 0.75, 0.0, 0.5, 0.75, 1.0, 0.5, 0.0, 0.75, 0.0, 0.0, 0.0, 0.0, 0.25, 0.0, 1.0, 0.5, 1.0, 0.75, 0.75, 1.0, 0.0, 0.0, 0.0, 0.0, 0.0, 0.75, 1.0, 0.75, 0.25, 1.0, 1.0, 1.0, 0.0, 0.0, 0.0, 0.0, -0.20000000298023224, 0.0, 0.9409295916557312]
  当前输入噪声缩放因子（curr_input_noise_scaling_factor）: 22
  当前wq噪声缩放因子（curr_wq_noise_scaling_factor）: 22
  当前wk噪声缩放因子（curr_wk_noise_scaling_factor）: 14
  当前wv噪声缩放因子（curr_wv_noise_scaling_factor）: 18
  当前wo噪声缩放因子（curr_wo_noise_scaling_factor）: 20
  当前wffn1噪声缩放因子（curr_wffn1_noise_scaling_factor）: 16
  当前wffn2噪声缩放因子（curr_wffn2_noise_scaling_factor）: 16
  输入x概率分布（x_prob_dist）: [0.2267969250679016, 0.4026488661766052, 0.19173501431941986, 0.1089407429099083, 0.06987842917442322]
  wq概率分布（wq_prob_dist）: [0.26217156648635864, 0.3265228271484375, 0.22098694741725922, 0.11016303300857544, 0.08015564829111099]
  wk概率分布（wk_prob_dist）: [0.378240704536438, 0.2807812988758087, 0.15005947649478912, 0.11345788091421127, 0.07746060192584991]
  wv概率分布（wv_prob_dist）: [0.09641356766223907, 0.4067757725715637, 0.28529417514801025, 0.1125456765294075, 0.09897089749574661]
  wo概率分布（wo_prob_dist）: [0.2145063579082489, 0.3665653169155121, 0.187016099691391, 0.1257789134979248, 0.1061333417892456]
  wffn1概率分布（wffn1_prob_dist）: [0.40420499444007874, 0.24816839396953583, 0.16180965304374695, 0.11781754344701767, 0.0679994449019432]
  wffn2概率分布（wffn2_prob_dist）: [0.23747742176055908, 0.3938731253147125, 0.17767319083213806, 0.11881937831640244, 0.0721568912267685]
  评论家值（critic_value）: 1.1472464799880981
  累计成本（accumulated_cost）: 28.9
  输入噪声配置（input_noise_config）: [22, 26, 24, 26, 26, 24, 26, 26, 22]
  wq噪声配置（wq_noise_config）: [16, 16, 18, 20, 16, 14, 22, 20, 22]
  wk噪声配置（wk_noise_config）: [14, 14, 18, 18, 18, 14, 14, 16, 14]
  wv噪声配置（wv_noise_config）: [18, 14, 20, 16, 16, 16, 20, 18, 18]
  wo噪声配置（wo_noise_config）: [16, 22, 18, 16, 14, 18, 22, 16, 20]
  wffn1噪声配置（wffn1_noise_config）: [22, 24, 16, 20, 16, 18, 18, 16, 16]
  wffn2噪声配置（wffn2_noise_config）: [22, 16, 14, 16, 20, 14, 14, 14, 16]
  当前学习率（current_lr）: 0.000020
  当前熵系数（current_entropy_coef）: 0.023292
  步奖励（step_reward）: 0.005487804878048778
  稠密奖励步（dense_reward_step）: 0.005487804878048778
  累计稠密奖励（accumulated_dense_reward）: 0.04878048780487802
  稳定性惩罚（stability_penalty）: 0.0

  全局步数（step_global）: 98121
  回合编号（episode_id）: 8176
  层索引（layer_index）: 9
  状态向量（state_vector）: [0.0, 0.0, 0.0, 0.0, 0.0, 0.0, 0.0, 0.0, 0.0, 1.0, 0.0, 0.0, -0.0555555559694767, 1.0, 0.0, 1.0, 0.5, 0.25, 1.0, 0.75, 0.21680216491222382, 0.75, 1.0, 0.5, 0.75, 0.5, 0.5, 0.75, 0.5, 0.5, 1.0, 0.0, 0.0, 0.0, 0.75, 0.75, 0.5, 0.25, 0.75, 1.0, 0.0, 0.25, 0.0, 0.0, 0.0, 0.0, 1.0, 1.0, 0.5, 0.5, 0.5, 1.0, 1.0, 0.75, 1.0, 0.0, 0.0, 0.0, 0.5, 1.0, 0.25, 0.75, 0.75, 0.75, 0.25, 0.5, 0.5, 0.0, 0.0, 0.0, 0.75, 0.0, 0.5, 0.75, 1.0, 0.5, 0.0, 0.75, 0.25, 0.0, 0.0, 0.0, 0.25, 0.0, 1.0, 0.5, 1.0, 0.75, 0.75, 1.0, 1.0, 0.0, 0.0, 0.0, 0.0, 0.75, 1.0, 0.75, 0.25, 1.0, 1.0, 1.0, 0.75, 0.0, 0.0, 0.0, -0.20000000298023224, 0.0, 0.9409295916557312]
  当前输入噪声缩放因子（curr_input_noise_scaling_factor）: 26
  当前wq噪声缩放因子（curr_wq_noise_scaling_factor）: 18
  当前wk噪声缩放因子（curr_wk_noise_scaling_factor）: 16
  当前wv噪声缩放因子（curr_wv_noise_scaling_factor）: 14
  当前wo噪声缩放因子（curr_wo_noise_scaling_factor）: 14
  当前wffn1噪声缩放因子（curr_wffn1_noise_scaling_factor）: 18
  当前wffn2噪声缩放因子（curr_wffn2_noise_scaling_factor）: 16
  输入x概率分布（x_prob_dist）: [0.22680240869522095, 0.4026999771595001, 0.1917315274477005, 0.10891111940145493, 0.06985490769147873]
  wq概率分布（wq_prob_dist）: [0.2622007429599762, 0.32655254006385803, 0.22096982598304749, 0.11013976484537125, 0.08013712614774704]
  wk概率分布（wk_prob_dist）: [0.3782898783683777, 0.28079596161842346, 0.1500440388917923, 0.1134326383471489, 0.07743750512599945]
  wv概率分布（wv_prob_dist）: [0.0963946282863617, 0.4068184494972229, 0.28530481457710266, 0.11253095418214798, 0.09895112365484238]
  wo概率分布（wo_prob_dist）: [0.2144976407289505, 0.36661502718925476, 0.1870032101869583, 0.12576934695243835, 0.10611479729413986]
  wffn1概率分布（wffn1_prob_dist）: [0.40429043769836426, 0.2481367290019989, 0.1617841124534607, 0.11780491471290588, 0.06798375397920609]
  wffn2概率分布（wffn2_prob_dist）: [0.23747119307518005, 0.3938963711261749, 0.17767728865146637, 0.11881472915410995, 0.0721403956413269]
  评论家值（critic_value）: 1.1533042192459106
  累计成本（accumulated_cost）: 31.95
  输入噪声配置（input_noise_config）: [22, 26, 24, 26, 26, 24, 26, 26, 22, 26]
  wq噪声配置（wq_noise_config）: [16, 16, 18, 20, 16, 14, 22, 20, 22, 18]
  wk噪声配置（wk_noise_config）: [14, 14, 18, 18, 18, 14, 14, 16, 14, 16]
  wv噪声配置（wv_noise_config）: [18, 14, 20, 16, 16, 16, 20, 18, 18, 14]
  wo噪声配置（wo_noise_config）: [16, 22, 18, 16, 14, 18, 22, 16, 20, 14]
  wffn1噪声配置（wffn1_noise_config）: [22, 24, 16, 20, 16, 18, 18, 16, 16, 18]
  wffn2噪声配置（wffn2_noise_config）: [22, 16, 14, 16, 20, 14, 14, 14, 16, 16]
  当前学习率（current_lr）: 0.000020
  当前熵系数（current_entropy_coef）: 0.023292
  步奖励（step_reward）: 0.006402439024390242
  稠密奖励步（dense_reward_step）: 0.006402439024390242
  累计稠密奖励（accumulated_dense_reward）: 0.055182926829268265
  稳定性惩罚（stability_penalty）: 0.0

  全局步数（step_global）: 98122
  回合编号（episode_id）: 8176
  层索引（layer_index）: 10
  状态向量（state_vector）: [0.0, 0.0, 0.0, 0.0, 0.0, 0.0, 0.0, 0.0, 0.0, 0.0, 1.0, 0.0, -0.06029411777853966, 0.5, 0.5, 0.75, 1.0, 1.0, 0.75, 0.75, 0.2207317054271698, 0.8333333134651184, 1.0, 0.5, 0.75, 0.5, 0.5, 0.75, 0.5, 0.5, 1.0, 0.5, 0.0, 0.0, 0.75, 0.75, 0.5, 0.25, 0.75, 1.0, 0.0, 0.25, 0.0, 0.5, 0.0, 0.0, 1.0, 1.0, 0.5, 0.5, 0.5, 1.0, 1.0, 0.75, 1.0, 0.75, 0.0, 0.0, 0.5, 1.0, 0.25, 0.75, 0.75, 0.75, 0.25, 0.5, 0.5, 1.0, 0.0, 0.0, 0.75, 0.0, 0.5, 0.75, 1.0, 0.5, 0.0, 0.75, 0.25, 1.0, 0.0, 0.0, 0.25, 0.0, 1.0, 0.5, 1.0, 0.75, 0.75, 1.0, 1.0, 0.75, 0.0, 0.0, 0.0, 0.75, 1.0, 0.75, 0.25, 1.0, 1.0, 1.0, 0.75, 0.75, 0.0, 0.0, -0.20000000298023224, 0.0, 0.9409295916557312]
  当前输入噪声缩放因子（curr_input_noise_scaling_factor）: 22
  当前wq噪声缩放因子（curr_wq_noise_scaling_factor）: 16
  当前wk噪声缩放因子（curr_wk_noise_scaling_factor）: 14
  当前wv噪声缩放因子（curr_wv_noise_scaling_factor）: 18
  当前wo噪声缩放因子（curr_wo_noise_scaling_factor）: 16
  当前wffn1噪声缩放因子（curr_wffn1_noise_scaling_factor）: 16
  当前wffn2噪声缩放因子（curr_wffn2_noise_scaling_factor）: 14
  输入x概率分布（x_prob_dist）: [0.226808100938797, 0.40269023180007935, 0.19172333180904388, 0.10892130434513092, 0.06985700130462646]
  wq概率分布（wq_prob_dist）: [0.26222431659698486, 0.3265586495399475, 0.22093747556209564, 0.1101403683423996, 0.08013916015625]
  wk概率分布（wk_prob_dist）: [0.3782869875431061, 0.2807658016681671, 0.15006659924983978, 0.11344289034605026, 0.07743772864341736]
  wv概率分布（wv_prob_dist）: [0.09641021490097046, 0.40679025650024414, 0.2853188216686249, 0.1125248372554779, 0.098955899477005]
  wo概率分布（wo_prob_dist）: [0.21450099349021912, 0.36666131019592285, 0.18695224821567535, 0.12578706443309784, 0.10609841346740723]
  wffn1概率分布（wffn1_prob_dist）: [0.40426963567733765, 0.24812918901443481, 0.16179616749286652, 0.11780967563390732, 0.06799525767564774]
  wffn2概率分布（wffn2_prob_dist）: [0.23746582865715027, 0.3938820958137512, 0.177696093916893, 0.11881646513938904, 0.07213953137397766]
  评论家值（critic_value）: 1.1546838283538818
  累计成本（accumulated_cost）: 34.85
  输入噪声配置（input_noise_config）: [22, 26, 24, 26, 26, 24, 26, 26, 22, 26, 22]
  wq噪声配置（wq_noise_config）: [16, 16, 18, 20, 16, 14, 22, 20, 22, 18, 16]
  wk噪声配置（wk_noise_config）: [14, 14, 18, 18, 18, 14, 14, 16, 14, 16, 14]
  wv噪声配置（wv_noise_config）: [18, 14, 20, 16, 16, 16, 20, 18, 18, 14, 18]
  wo噪声配置（wo_noise_config）: [16, 22, 18, 16, 14, 18, 22, 16, 20, 14, 16]
  wffn1噪声配置（wffn1_noise_config）: [22, 24, 16, 20, 16, 18, 18, 16, 16, 18, 16]
  wffn2噪声配置（wffn2_noise_config）: [22, 16, 14, 16, 20, 14, 14, 14, 16, 16, 14]
  当前学习率（current_lr）: 0.000020
  当前熵系数（current_entropy_coef）: 0.023292
  步奖励（step_reward）: 0.007317073170731707
  稠密奖励步（dense_reward_step）: 0.007317073170731707
  累计稠密奖励（accumulated_dense_reward）: 0.06249999999999997
  稳定性惩罚（stability_penalty）: 0.0

  全局步数（step_global）: 98123
  回合编号（episode_id）: 8176
  层索引（layer_index）: 11
  状态向量（state_vector）: [0.0, 0.0, 0.0, 0.0, 0.0, 0.0, 0.0, 0.0, 0.0, 0.0, 0.0, 1.0, -0.06818182021379471, 1.0, 0.75, 1.0, 0.5, 0.75, 1.0, 1.0, 0.22727273404598236, 0.9166666865348816, 1.0, 0.5, 0.75, 0.5, 0.5, 0.75, 0.5, 0.5, 1.0, 0.5, 1.0, 0.0, 0.75, 0.75, 0.5, 0.25, 0.75, 1.0, 0.0, 0.25, 0.0, 0.5, 0.75, 0.0, 1.0, 1.0, 0.5, 0.5, 0.5, 1.0, 1.0, 0.75, 1.0, 0.75, 1.0, 0.0, 0.5, 1.0, 0.25, 0.75, 0.75, 0.75, 0.25, 0.5, 0.5, 1.0, 0.5, 0.0, 0.75, 0.0, 0.5, 0.75, 1.0, 0.5, 0.0, 0.75, 0.25, 1.0, 0.75, 0.0, 0.25, 0.0, 1.0, 0.5, 1.0, 0.75, 0.75, 1.0, 1.0, 0.75, 1.0, 0.0, 0.0, 0.75, 1.0, 0.75, 0.25, 1.0, 1.0, 1.0, 0.75, 0.75, 1.0, 0.0, -0.20000000298023224, 0.0, 0.9409295916557312]
  当前输入噪声缩放因子（curr_input_noise_scaling_factor）: 26
  当前wq噪声缩放因子（curr_wq_noise_scaling_factor）: 14
  当前wk噪声缩放因子（curr_wk_noise_scaling_factor）: 14
  当前wv噪声缩放因子（curr_wv_noise_scaling_factor）: 16
  当前wo噪声缩放因子（curr_wo_noise_scaling_factor）: 16
  当前wffn1噪声缩放因子（curr_wffn1_noise_scaling_factor）: 20
  当前wffn2噪声缩放因子（curr_wffn2_noise_scaling_factor）: 20
  输入x概率分布（x_prob_dist）: [0.22681914269924164, 0.4026939570903778, 0.19172678887844086, 0.10891284048557281, 0.06984727084636688]
  wq概率分布（wq_prob_dist）: [0.26220521330833435, 0.32655882835388184, 0.2209658920764923, 0.11013689637184143, 0.0801331102848053]
  wk概率分布（wk_prob_dist）: [0.3782688081264496, 0.2807958126068115, 0.15005460381507874, 0.11343847215175629, 0.07744229584932327]
  wv概率分布（wv_prob_dist）: [0.09639482945203781, 0.4068242907524109, 0.2853057086467743, 0.11252731084823608, 0.09894781559705734]
  wo概率分布（wo_prob_dist）: [0.21451260149478912, 0.3666086792945862, 0.1869978904724121, 0.12576882541179657, 0.10611192137002945]
  wffn1概率分布（wffn1_prob_dist）: [0.40428629517555237, 0.2481454461812973, 0.1617812216281891, 0.11780205368995667, 0.06798502057790756]
  wffn2概率分布（wffn2_prob_dist）: [0.23746617138385773, 0.3939266800880432, 0.17768141627311707, 0.11879695951938629, 0.0721287652850151]
  评论家值（critic_value）: 1.1646384000778198
  累计成本（accumulated_cost）: 38.0
  输入噪声配置（input_noise_config）: [22, 26, 24, 26, 26, 24, 26, 26, 22, 26, 22, 26]
  wq噪声配置（wq_noise_config）: [16, 16, 18, 20, 16, 14, 22, 20, 22, 18, 16, 14]
  wk噪声配置（wk_noise_config）: [14, 14, 18, 18, 18, 14, 14, 16, 14, 16, 14, 14]
  wv噪声配置（wv_noise_config）: [18, 14, 20, 16, 16, 16, 20, 18, 18, 14, 18, 16]
  wo噪声配置（wo_noise_config）: [16, 22, 18, 16, 14, 18, 22, 16, 20, 14, 16, 16]
  wffn1噪声配置（wffn1_noise_config）: [22, 24, 16, 20, 16, 18, 18, 16, 16, 18, 16, 20]
  wffn2噪声配置（wffn2_noise_config）: [22, 16, 14, 16, 20, 14, 14, 14, 16, 16, 14, 20]
  当前学习率（current_lr）: 0.000020
  当前熵系数（current_entropy_coef）: 0.023292
  蒙特卡洛采样数（mc_samples）: 5
  蒙特卡洛损失均值（mc_loss_mean）: 0.29249934355417884
  蒙特卡洛损失标准差（mc_loss_std）: 0.0028415440082565327
  蒙特卡洛指标1均值（mc_metric1_mean）: 0.904561403508772
  蒙特卡洛指标1标准差（mc_metric1_std）: 0.004091896066558118
  蒙特卡洛指标2均值（mc_metric2_mean）: 0.9028631882150521
  蒙特卡洛指标2标准差（mc_metric2_std）: 0.004355882611646693
  步奖励（step_reward）: 1.111182357209499
  稠密奖励步（dense_reward_step）: 0.005792682926829267
  原始最终奖励（raw_final_reward）: 1.1053896742826697
  最终选择分数（final_selection_score）: 1.1053896742826697
  累计稠密奖励（accumulated_dense_reward）: 0.06829268292682925
  稳定性代理（stability_proxy）: 0.47038844526922263
  稳定性惩罚（stability_penalty）: -0.0

--- 回合（Episode） 8178 (回合回报（EpisodeReturn）=1.1581, 原始最终奖励（RawFinalReward）=1.0849, 稠密奖励合计（DenseRewardTotal）=0.0732) ---
  全局步数（step_global）: 98124
  回合编号（episode_id）: 8177
  层索引（layer_index）: 0
  状态向量（state_vector）: [1.0, 0.0, 0.0, 0.0, 0.0, 0.0, 0.0, 0.0, 0.0, 0.0, 0.0, 0.0, 0.0, 0.0, 0.0, 0.0, 0.0, 0.0, 0.0, 0.0, 0.0, 0.0, 0.0, 0.0, 0.0, 0.0, 0.0, 0.0, 0.0, 0.0, 0.0, 0.0, 0.0, 0.0, 0.0, 0.0, 0.0, 0.0, 0.0, 0.0, 0.0, 0.0, 0.0, 0.0, 0.0, 0.0, 0.0, 0.0, 0.0, 0.0, 0.0, 0.0, 0.0, 0.0, 0.0, 0.0, 0.0, 0.0, 0.0, 0.0, 0.0, 0.0, 0.0, 0.0, 0.0, 0.0, 0.0, 0.0, 0.0, 0.0, 0.0, 0.0, 0.0, 0.0, 0.0, 0.0, 0.0, 0.0, 0.0, 0.0, 0.0, 0.0, 0.0, 0.0, 0.0, 0.0, 0.0, 0.0, 0.0, 0.0, 0.0, 0.0, 0.0, 0.0, 0.0, 0.0, 0.0, 0.0, 0.0, 0.0, 0.0, 0.0, 0.0, 0.0, 0.0, 0.0, -0.20000000298023224, 0.0, 0.8856645226478577]
  当前输入噪声缩放因子（curr_input_noise_scaling_factor）: 22
  当前wq噪声缩放因子（curr_wq_noise_scaling_factor）: 14
  当前wk噪声缩放因子（curr_wk_noise_scaling_factor）: 14
  当前wv噪声缩放因子（curr_wv_noise_scaling_factor）: 20
  当前wo噪声缩放因子（curr_wo_noise_scaling_factor）: 20
  当前wffn1噪声缩放因子（curr_wffn1_noise_scaling_factor）: 16
  当前wffn2噪声缩放因子（curr_wffn2_noise_scaling_factor）: 14
  输入x概率分布（x_prob_dist）: [0.22701424360275269, 0.40140825510025024, 0.1919250190258026, 0.10934405028820038, 0.07030840963125229]
  wq概率分布（wq_prob_dist）: [0.2619098424911499, 0.32602787017822266, 0.22090983390808105, 0.11058712750673294, 0.08056536316871643]
  wk概率分布（wk_prob_dist）: [0.3775826096534729, 0.2802978754043579, 0.15044723451137543, 0.11381354928016663, 0.07785876095294952]
  wv概率分布（wv_prob_dist）: [0.09693268686532974, 0.40543779730796814, 0.28518301248550415, 0.11300322413444519, 0.09944331645965576]
  wo概率分布（wo_prob_dist）: [0.21452897787094116, 0.3657730221748352, 0.18706350028514862, 0.1261242777109146, 0.10651015490293503]
  wffn1概率分布（wffn1_prob_dist）: [0.40320083498954773, 0.2479451596736908, 0.16209523379802704, 0.11830621212720871, 0.06845255196094513]
  wffn2概率分布（wffn2_prob_dist）: [0.23752063512802124, 0.3926340639591217, 0.1779768168926239, 0.119270920753479, 0.07259757071733475]
  评论家值（critic_value）: 1.104440450668335
  累计成本（accumulated_cost）: 3.0
  输入噪声配置（input_noise_config）: [22]
  wq噪声配置（wq_noise_config）: [14]
  wk噪声配置（wk_noise_config）: [14]
  wv噪声配置（wv_noise_config）: [20]
  wo噪声配置（wo_noise_config）: [20]
  wffn1噪声配置（wffn1_noise_config）: [16]
  wffn2噪声配置（wffn2_noise_config）: [14]
  当前学习率（current_lr）: 0.000020
  当前熵系数（current_entropy_coef）: 0.023288
  步奖励（step_reward）: 0.006707317073170731
  稠密奖励步（dense_reward_step）: 0.006707317073170731
  累计稠密奖励（accumulated_dense_reward）: 0.006707317073170731
  稳定性惩罚（stability_penalty）: 0.0

  全局步数（step_global）: 98125
  回合编号（episode_id）: 8177
  层索引（layer_index）: 1
  状态向量（state_vector）: [0.0, 1.0, 0.0, 0.0, 0.0, 0.0, 0.0, 0.0, 0.0, 0.0, 0.0, 0.0, -0.11764705926179886, 1.0, 1.0, 1.0, 0.25, 0.25, 1.0, 1.0, 0.26829269528388977, 0.0833333358168602, 1.0, 0.0, 0.0, 0.0, 0.0, 0.0, 0.0, 0.0, 0.0, 0.0, 0.0, 0.0, 1.0, 0.0, 0.0, 0.0, 0.0, 0.0, 0.0, 0.0, 0.0, 0.0, 0.0, 0.0, 1.0, 0.0, 0.0, 0.0, 0.0, 0.0, 0.0, 0.0, 0.0, 0.0, 0.0, 0.0, 0.25, 0.0, 0.0, 0.0, 0.0, 0.0, 0.0, 0.0, 0.0, 0.0, 0.0, 0.0, 0.25, 0.0, 0.0, 0.0, 0.0, 0.0, 0.0, 0.0, 0.0, 0.0, 0.0, 0.0, 1.0, 0.0, 0.0, 0.0, 0.0, 0.0, 0.0, 0.0, 0.0, 0.0, 0.0, 0.0, 1.0, 0.0, 0.0, 0.0, 0.0, 0.0, 0.0, 0.0, 0.0, 0.0, 0.0, 0.0, -0.20000000298023224, 0.0, 0.8856645226478577]
  当前输入噪声缩放因子（curr_input_noise_scaling_factor）: 26
  当前wq噪声缩放因子（curr_wq_noise_scaling_factor）: 16
  当前wk噪声缩放因子（curr_wk_noise_scaling_factor）: 14
  当前wv噪声缩放因子（curr_wv_noise_scaling_factor）: 16
  当前wo噪声缩放因子（curr_wo_noise_scaling_factor）: 16
  当前wffn1噪声缩放因子（curr_wffn1_noise_scaling_factor）: 22
  当前wffn2噪声缩放因子（curr_wffn2_noise_scaling_factor）: 14
  输入x概率分布（x_prob_dist）: [0.2268291413784027, 0.4024079740047455, 0.1917746514081955, 0.10902991890907288, 0.06995826959609985]
  wq概率分布（wq_prob_dist）: [0.2621469497680664, 0.32637882232666016, 0.22100766003131866, 0.11022357642650604, 0.08024298399686813]
  wk概率分布（wk_prob_dist）: [0.3780193626880646, 0.28075698018074036, 0.15013387799263, 0.11353490501642227, 0.0775548592209816]
  wv概率分布（wv_prob_dist）: [0.09649848937988281, 0.40659135580062866, 0.28523004055023193, 0.1126251146197319, 0.09905501455068588]
  wo概率分布（wo_prob_dist）: [0.21449467539787292, 0.3664027750492096, 0.187041237950325, 0.12585730850696564, 0.10620398074388504]
  wffn1概率分布（wffn1_prob_dist）: [0.4039820432662964, 0.2481735199689865, 0.16186901926994324, 0.11789481341838837, 0.0680805891752243]
  wffn2概率分布（wffn2_prob_dist）: [0.23746013641357422, 0.3936965763568878, 0.17771939933300018, 0.11888786405324936, 0.072236068546772]
  评论家值（critic_value）: 1.112713098526001
  累计成本（accumulated_cost）: 6.1
  输入噪声配置（input_noise_config）: [22, 26]
  wq噪声配置（wq_noise_config）: [14, 16]
  wk噪声配置（wk_noise_config）: [14, 14]
  wv噪声配置（wv_noise_config）: [20, 16]
  wo噪声配置（wo_noise_config）: [20, 16]
  wffn1噪声配置（wffn1_noise_config）: [16, 22]
  wffn2噪声配置（wffn2_noise_config）: [14, 14]
  当前学习率（current_lr）: 0.000020
  当前熵系数（current_entropy_coef）: 0.023288
  步奖励（step_reward）: 0.006097560975609755
  稠密奖励步（dense_reward_step）: 0.006097560975609755
  累计稠密奖励（accumulated_dense_reward）: 0.012804878048780485
  稳定性惩罚（stability_penalty）: 0.0

  全局步数（step_global）: 98126
  回合编号（episode_id）: 8177
  层索引（layer_index）: 2
  状态向量（state_vector）: [0.0, 0.0, 1.0, 0.0, 0.0, 0.0, 0.0, 0.0, 0.0, 0.0, 0.0, 0.0, -0.10294117778539658, 0.5, 0.75, 1.0, 0.75, 0.75, 0.25, 1.0, 0.25609755516052246, 0.1666666716337204, 1.0, 0.5, 0.0, 0.0, 0.0, 0.0, 0.0, 0.0, 0.0, 0.0, 0.0, 0.0, 1.0, 0.75, 0.0, 0.0, 0.0, 0.0, 0.0, 0.0, 0.0, 0.0, 0.0, 0.0, 1.0, 1.0, 0.0, 0.0, 0.0, 0.0, 0.0, 0.0, 0.0, 0.0, 0.0, 0.0, 0.25, 0.75, 0.0, 0.0, 0.0, 0.0, 0.0, 0.0, 0.0, 0.0, 0.0, 0.0, 0.25, 0.75, 0.0, 0.0, 0.0, 0.0, 0.0, 0.0, 0.0, 0.0, 0.0, 0.0, 1.0, 0.25, 0.0, 0.0, 0.0, 0.0, 0.0, 0.0, 0.0, 0.0, 0.0, 0.0, 1.0, 1.0, 0.0, 0.0, 0.0, 0.0, 0.0, 0.0, 0.0, 0.0, 0.0, 0.0, -0.20000000298023224, 0.0, 0.8856645226478577]
  当前输入噪声缩放因子（curr_input_noise_scaling_factor）: 28
  当前wq噪声缩放因子（curr_wq_noise_scaling_factor）: 14
  当前wk噪声缩放因子（curr_wk_noise_scaling_factor）: 18
  当前wv噪声缩放因子（curr_wv_noise_scaling_factor）: 20
  当前wo噪声缩放因子（curr_wo_noise_scaling_factor）: 14
  当前wffn1噪声缩放因子（curr_wffn1_noise_scaling_factor）: 18
  当前wffn2噪声缩放因子（curr_wffn2_noise_scaling_factor）: 14
  输入x概率分布（x_prob_dist）: [0.22682417929172516, 0.4025290012359619, 0.1917593628168106, 0.10898076742887497, 0.06990674138069153]
  wq概率分布（wq_prob_dist）: [0.2621726989746094, 0.32645806670188904, 0.22098781168460846, 0.11019106209278107, 0.08019033819437027]
  wk概率分布（wk_prob_dist）: [0.3781432807445526, 0.2807771861553192, 0.15008887648582458, 0.1134880855679512, 0.07750257104635239]
  wv概率分布（wv_prob_dist）: [0.0964476689696312, 0.4067035913467407, 0.2852790653705597, 0.11257398128509521, 0.09899576753377914]
  wo概率分布（wo_prob_dist）: [0.21450594067573547, 0.3664991855621338, 0.1870190054178238, 0.12581279873847961, 0.10616307705640793]
  wffn1概率分布（wffn1_prob_dist）: [0.404127299785614, 0.2481786459684372, 0.16182152926921844, 0.11784163862466812, 0.06803087145090103]
  wffn2概率分布（wffn2_prob_dist）: [0.23745980858802795, 0.39383283257484436, 0.17769424617290497, 0.11883039027452469, 0.07218265533447266]
  评论家值（critic_value）: 1.1168285608291626
  累计成本（accumulated_cost）: 9.25
  输入噪声配置（input_noise_config）: [22, 26, 28]
  wq噪声配置（wq_noise_config）: [14, 16, 14]
  wk噪声配置（wk_noise_config）: [14, 14, 18]
  wv噪声配置（wv_noise_config）: [20, 16, 20]
  wo噪声配置（wo_noise_config）: [20, 16, 14]
  wffn1噪声配置（wffn1_noise_config）: [16, 22, 18]
  wffn2噪声配置（wffn2_noise_config）: [14, 14, 14]
  当前学习率（current_lr）: 0.000020
  当前熵系数（current_entropy_coef）: 0.023288
  步奖励（step_reward）: 0.005792682926829265
  稠密奖励步（dense_reward_step）: 0.005792682926829265
  累计稠密奖励（accumulated_dense_reward）: 0.018597560975609752
  稳定性惩罚（stability_penalty）: 0.0

  全局步数（step_global）: 98127
  回合编号（episode_id）: 8177
  层索引（layer_index）: 3
  状态向量（state_vector）: [0.0, 0.0, 0.0, 1.0, 0.0, 0.0, 0.0, 0.0, 0.0, 0.0, 0.0, 0.0, -0.09313725680112839, 0.25, 1.0, 0.5, 0.25, 1.0, 0.75, 1.0, 0.24796748161315918, 0.25, 1.0, 0.5, 0.25, 0.0, 0.0, 0.0, 0.0, 0.0, 0.0, 0.0, 0.0, 0.0, 1.0, 0.75, 1.0, 0.0, 0.0, 0.0, 0.0, 0.0, 0.0, 0.0, 0.0, 0.0, 1.0, 1.0, 0.5, 0.0, 0.0, 0.0, 0.0, 0.0, 0.0, 0.0, 0.0, 0.0, 0.25, 0.75, 0.25, 0.0, 0.0, 0.0, 0.0, 0.0, 0.0, 0.0, 0.0, 0.0, 0.25, 0.75, 1.0, 0.0, 0.0, 0.0, 0.0, 0.0, 0.0, 0.0, 0.0, 0.0, 1.0, 0.25, 0.75, 0.0, 0.0, 0.0, 0.0, 0.0, 0.0, 0.0, 0.0, 0.0, 1.0, 1.0, 1.0, 0.0, 0.0, 0.0, 0.0, 0.0, 0.0, 0.0, 0.0, 0.0, -0.20000000298023224, 0.0, 0.8856645226478577]
  当前输入噪声缩放因子（curr_input_noise_scaling_factor）: 26
  当前wq噪声缩放因子（curr_wq_noise_scaling_factor）: 16
  当前wk噪声缩放因子（curr_wk_noise_scaling_factor）: 14
  当前wv噪声缩放因子（curr_wv_noise_scaling_factor）: 18
  当前wo噪声缩放因子（curr_wo_noise_scaling_factor）: 16
  当前wffn1噪声缩放因子（curr_wffn1_noise_scaling_factor）: 16
  当前wffn2噪声缩放因子（curr_wffn2_noise_scaling_factor）: 16
  输入x概率分布（x_prob_dist）: [0.22681821882724762, 0.4026647210121155, 0.19173617660999298, 0.10892710089683533, 0.06985370814800262]
  wq概率分布（wq_prob_dist）: [0.2622315287590027, 0.3265250325202942, 0.22096508741378784, 0.11013417690992355, 0.08014415204524994]
  wk概率分布（wk_prob_dist）: [0.378237247467041, 0.28080207109451294, 0.15006151795387268, 0.1134478971362114, 0.07745122164487839]
  wv概率分布（wv_prob_dist）: [0.09640292823314667, 0.4068203568458557, 0.28529244661331177, 0.11252810060977936, 0.09895619750022888]
  wo概率分布（wo_prob_dist）: [0.21450194716453552, 0.36661624908447266, 0.18699043989181519, 0.12577825784683228, 0.10611311346292496]
  wffn1概率分布（wffn1_prob_dist）: [0.4042659103870392, 0.24814683198928833, 0.16179409623146057, 0.11780310422182083, 0.0679900199174881]
  wffn2概率分布（wffn2_prob_dist）: [0.23745465278625488, 0.39391911029815674, 0.17769132554531097, 0.11879660189151764, 0.07213829457759857]
  评论家值（critic_value）: 1.1240776777267456
  累计成本（accumulated_cost）: 12.3
  输入噪声配置（input_noise_config）: [22, 26, 28, 26]
  wq噪声配置（wq_noise_config）: [14, 16, 14, 16]
  wk噪声配置（wk_noise_config）: [14, 14, 18, 14]
  wv噪声配置（wv_noise_config）: [20, 16, 20, 18]
  wo噪声配置（wo_noise_config）: [20, 16, 14, 16]
  wffn1噪声配置（wffn1_noise_config）: [16, 22, 18, 16]
  wffn2噪声配置（wffn2_noise_config）: [14, 14, 14, 16]
  当前学习率（current_lr）: 0.000020
  当前熵系数（current_entropy_coef）: 0.023288
  步奖励（step_reward）: 0.006402439024390244
  稠密奖励步（dense_reward_step）: 0.006402439024390244
  累计稠密奖励（accumulated_dense_reward）: 0.024999999999999994
  稳定性惩罚（stability_penalty）: 0.0

  全局步数（step_global）: 98128
  回合编号（episode_id）: 8177
  层索引（layer_index）: 4
  状态向量（state_vector）: [0.0, 0.0, 0.0, 0.0, 1.0, 0.0, 0.0, 0.0, 0.0, 0.0, 0.0, 0.0, -0.09558823704719543, 0.5, 0.75, 1.0, 0.5, 0.75, 1.0, 0.75, 0.25, 0.3333333432674408, 1.0, 0.5, 0.25, 0.5, 0.0, 0.0, 0.0, 0.0, 0.0, 0.0, 0.0, 0.0, 1.0, 0.75, 1.0, 0.75, 0.0, 0.0, 0.0, 0.0, 0.0, 0.0, 0.0, 0.0, 1.0, 1.0, 0.5, 1.0, 0.0, 0.0, 0.0, 0.0, 0.0, 0.0, 0.0, 0.0, 0.25, 0.75, 0.25, 0.5, 0.0, 0.0, 0.0, 0.0, 0.0, 0.0, 0.0, 0.0, 0.25, 0.75, 1.0, 0.75, 0.0, 0.0, 0.0, 0.0, 0.0, 0.0, 0.0, 0.0, 1.0, 0.25, 0.75, 1.0, 0.0, 0.0, 0.0, 0.0, 0.0, 0.0, 0.0, 0.0, 1.0, 1.0, 1.0, 0.75, 0.0, 0.0, 0.0, 0.0, 0.0, 0.0, 0.0, 0.0, -0.20000000298023224, 0.0, 0.8856645226478577]
  当前输入噪声缩放因子（curr_input_noise_scaling_factor）: 26
  当前wq噪声缩放因子（curr_wq_noise_scaling_factor）: 14
  当前wk噪声缩放因子（curr_wk_noise_scaling_factor）: 14
  当前wv噪声缩放因子（curr_wv_noise_scaling_factor）: 18
  当前wo噪声缩放因子（curr_wo_noise_scaling_factor）: 14
  当前wffn1噪声缩放因子（curr_wffn1_noise_scaling_factor）: 16
  当前wffn2噪声缩放因子（curr_wffn2_noise_scaling_factor）: 14
  输入x概率分布（x_prob_dist）: [0.22680489718914032, 0.4027109742164612, 0.19172868132591248, 0.1089097112417221, 0.06984572112560272]
  wq概率分布（wq_prob_dist）: [0.2622167468070984, 0.3265748620033264, 0.2209518551826477, 0.1101313978433609, 0.0801251158118248]
  wk概率分布（wk_prob_dist）: [0.378292053937912, 0.2807932496070862, 0.15005335211753845, 0.11343084275722504, 0.07743045687675476]
  wv概率分布（wv_prob_dist）: [0.09638766944408417, 0.40684425830841064, 0.28530585765838623, 0.11251983791589737, 0.09894241392612457]
  wo概率分布（wo_prob_dist）: [0.214511439204216, 0.3666359782218933, 0.18698237836360931, 0.12576770782470703, 0.10610245913267136]
  wffn1概率分布（wffn1_prob_dist）: [0.40429675579071045, 0.24814602732658386, 0.16177582740783691, 0.11780138313770294, 0.06798000633716583]
  wffn2概率分布（wffn2_prob_dist）: [0.23746153712272644, 0.3939332962036133, 0.17767882347106934, 0.11880001425743103, 0.0721263438463211]
  评论家值（critic_value）: 1.1270123720169067
  累计成本（accumulated_cost）: 15.200000000000001
  输入噪声配置（input_noise_config）: [22, 26, 28, 26, 26]
  wq噪声配置（wq_noise_config）: [14, 16, 14, 16, 14]
  wk噪声配置（wk_noise_config）: [14, 14, 18, 14, 14]
  wv噪声配置（wv_noise_config）: [20, 16, 20, 18, 18]
  wo噪声配置（wo_noise_config）: [20, 16, 14, 16, 14]
  wffn1噪声配置（wffn1_noise_config）: [16, 22, 18, 16, 16]
  wffn2噪声配置（wffn2_noise_config）: [14, 14, 14, 16, 14]
  当前学习率（current_lr）: 0.000020
  当前熵系数（current_entropy_coef）: 0.023288
  步奖励（step_reward）: 0.007317073170731707
  稠密奖励步（dense_reward_step）: 0.007317073170731707
  累计稠密奖励（accumulated_dense_reward）: 0.0323170731707317
  稳定性惩罚（stability_penalty）: 0.0

  全局步数（step_global）: 98129
  回合编号（episode_id）: 8177
  层索引（layer_index）: 5
  状态向量（state_vector）: [0.0, 0.0, 0.0, 0.0, 0.0, 1.0, 0.0, 0.0, 0.0, 0.0, 0.0, 0.0, -0.10588235408067703, 0.5, 1.0, 1.0, 0.5, 1.0, 1.0, 1.0, 0.25853657722473145, 0.4166666567325592, 1.0, 0.5, 0.25, 0.5, 0.5, 0.0, 0.0, 0.0, 0.0, 0.0, 0.0, 0.0, 1.0, 0.75, 1.0, 0.75, 1.0, 0.0, 0.0, 0.0, 0.0, 0.0, 0.0, 0.0, 1.0, 1.0, 0.5, 1.0, 1.0, 0.0, 0.0, 0.0, 0.0, 0.0, 0.0, 0.0, 0.25, 0.75, 0.25, 0.5, 0.5, 0.0, 0.0, 0.0, 0.0, 0.0, 0.0, 0.0, 0.25, 0.75, 1.0, 0.75, 1.0, 0.0, 0.0, 0.0, 0.0, 0.0, 0.0, 0.0, 1.0, 0.25, 0.75, 1.0, 1.0, 0.0, 0.0, 0.0, 0.0, 0.0, 0.0, 0.0, 1.0, 1.0, 1.0, 0.75, 1.0, 0.0, 0.0, 0.0, 0.0, 0.0, 0.0, 0.0, -0.20000000298023224, 0.0, 0.8856645226478577]
  当前输入噪声缩放因子（curr_input_noise_scaling_factor）: 28
  当前wq噪声缩放因子（curr_wq_noise_scaling_factor）: 18
  当前wk噪声缩放因子（curr_wk_noise_scaling_factor）: 18
  当前wv噪声缩放因子（curr_wv_noise_scaling_factor）: 16
  当前wo噪声缩放因子（curr_wo_noise_scaling_factor）: 14
  当前wffn1噪声缩放因子（curr_wffn1_noise_scaling_factor）: 18
  当前wffn2噪声缩放因子（curr_wffn2_noise_scaling_factor）: 14
  输入x概率分布（x_prob_dist）: [0.2268162965774536, 0.4026380479335785, 0.19173946976661682, 0.10893543809652328, 0.0698707327246666]
  wq概率分布（wq_prob_dist）: [0.26220443844795227, 0.3265397250652313, 0.22095412015914917, 0.11015109717845917, 0.08015065640211105]
  wk概率分布（wk_prob_dist）: [0.3782532215118408, 0.28076672554016113, 0.15007653832435608, 0.11344984173774719, 0.07745369523763657]
  wv概率分布（wv_prob_dist）: [0.09641558676958084, 0.4067736268043518, 0.2853020131587982, 0.11254163086414337, 0.09896710515022278]
  wo概率分布（wo_prob_dist）: [0.21450413763523102, 0.36661913990974426, 0.18696743249893188, 0.12578877806663513, 0.10612045973539352]
  wffn1概率分布（wffn1_prob_dist）: [0.4042266309261322, 0.24814029037952423, 0.16179649531841278, 0.11782689392566681, 0.06800970435142517]
  wffn2概率分布（wffn2_prob_dist）: [0.23746724426746368, 0.39385977387428284, 0.17769604921340942, 0.11882409453392029, 0.07215286046266556]
  评论家值（critic_value）: 1.1256121397018433
  累计成本（accumulated_cost）: 18.35
  输入噪声配置（input_noise_config）: [22, 26, 28, 26, 26, 28]
  wq噪声配置（wq_noise_config）: [14, 16, 14, 16, 14, 18]
  wk噪声配置（wk_noise_config）: [14, 14, 18, 14, 14, 18]
  wv噪声配置（wv_noise_config）: [20, 16, 20, 18, 18, 16]
  wo噪声配置（wo_noise_config）: [20, 16, 14, 16, 14, 14]
  wffn1噪声配置（wffn1_noise_config）: [16, 22, 18, 16, 16, 18]
  wffn2噪声配置（wffn2_noise_config）: [14, 14, 14, 16, 14, 14]
  当前学习率（current_lr）: 0.000020
  当前熵系数（current_entropy_coef）: 0.023288
  步奖励（step_reward）: 0.005792682926829265
  稠密奖励步（dense_reward_step）: 0.005792682926829265
  累计稠密奖励（accumulated_dense_reward）: 0.03810975609756097
  稳定性惩罚（stability_penalty）: 0.0

  全局步数（step_global）: 98130
  回合编号（episode_id）: 8177
  层索引（layer_index）: 6
  状态向量（state_vector）: [0.0, 0.0, 0.0, 0.0, 0.0, 0.0, 1.0, 0.0, 0.0, 0.0, 0.0, 0.0, -0.10049019753932953, 0.25, 0.5, 0.5, 0.75, 1.0, 0.75, 1.0, 0.25406503677368164, 0.5, 1.0, 0.5, 0.25, 0.5, 0.5, 0.25, 0.0, 0.0, 0.0, 0.0, 0.0, 0.0, 1.0, 0.75, 1.0, 0.75, 1.0, 0.5, 0.0, 0.0, 0.0, 0.0, 0.0, 0.0, 1.0, 1.0, 0.5, 1.0, 1.0, 0.5, 0.0, 0.0, 0.0, 0.0, 0.0, 0.0, 0.25, 0.75, 0.25, 0.5, 0.5, 0.75, 0.0, 0.0, 0.0, 0.0, 0.0, 0.0, 0.25, 0.75, 1.0, 0.75, 1.0, 1.0, 0.0, 0.0, 0.0, 0.0, 0.0, 0.0, 1.0, 0.25, 0.75, 1.0, 1.0, 0.75, 0.0, 0.0, 0.0, 0.0, 0.0, 0.0, 1.0, 1.0, 1.0, 0.75, 1.0, 1.0, 0.0, 0.0, 0.0, 0.0, 0.0, 0.0, -0.20000000298023224, 0.0, 0.8856645226478577]
  当前输入噪声缩放因子（curr_input_noise_scaling_factor）: 26
  当前wq噪声缩放因子（curr_wq_noise_scaling_factor）: 14
  当前wk噪声缩放因子（curr_wk_noise_scaling_factor）: 14
  当前wv噪声缩放因子（curr_wv_noise_scaling_factor）: 18
  当前wo噪声缩放因子（curr_wo_noise_scaling_factor）: 16
  当前wffn1噪声缩放因子（curr_wffn1_noise_scaling_factor）: 24
  当前wffn2噪声缩放因子（curr_wffn2_noise_scaling_factor）: 16
  输入x概率分布（x_prob_dist）: [0.2268255352973938, 0.4026617407798767, 0.19173485040664673, 0.10892321914434433, 0.06985463947057724]
  wq概率分布（wq_prob_dist）: [0.26223188638687134, 0.326548308134079, 0.2209366410970688, 0.11014000326395035, 0.08014312386512756]
  wk概率分布（wk_prob_dist）: [0.3782678246498108, 0.28077346086502075, 0.1500694751739502, 0.11344506591558456, 0.07744412869215012]
  wv概率分布（wv_prob_dist）: [0.09641067683696747, 0.40678951144218445, 0.28531354665756226, 0.11252635717391968, 0.09895996004343033]
  wo概率分布（wo_prob_dist）: [0.21449802815914154, 0.3666505515575409, 0.1869625598192215, 0.12578438222408295, 0.10610449314117432]
  wffn1概率分布（wffn1_prob_dist）: [0.4042832851409912, 0.24811868369579315, 0.16179095208644867, 0.11781196296215057, 0.06799516826868057]
  wffn2概率分布（wffn2_prob_dist）: [0.23746082186698914, 0.39388802647590637, 0.17770127952098846, 0.11880739778280258, 0.07214242219924927]
  评论家值（critic_value）: 1.1351419687271118
  累计成本（accumulated_cost）: 21.55
  输入噪声配置（input_noise_config）: [22, 26, 28, 26, 26, 28, 26]
  wq噪声配置（wq_noise_config）: [14, 16, 14, 16, 14, 18, 14]
  wk噪声配置（wk_noise_config）: [14, 14, 18, 14, 14, 18, 14]
  wv噪声配置（wv_noise_config）: [20, 16, 20, 18, 18, 16, 18]
  wo噪声配置（wo_noise_config）: [20, 16, 14, 16, 14, 14, 16]
  wffn1噪声配置（wffn1_noise_config）: [16, 22, 18, 16, 16, 18, 24]
  wffn2噪声配置（wffn2_noise_config）: [14, 14, 14, 16, 14, 14, 16]
  当前学习率（current_lr）: 0.000020
  当前熵系数（current_entropy_coef）: 0.023288
  步奖励（step_reward）: 0.005487804878048778
  稠密奖励步（dense_reward_step）: 0.005487804878048778
  累计稠密奖励（accumulated_dense_reward）: 0.043597560975609746
  稳定性惩罚（stability_penalty）: 0.0

  全局步数（step_global）: 98131
  回合编号（episode_id）: 8177
  层索引（layer_index）: 7
  状态向量（state_vector）: [0.0, 0.0, 0.0, 0.0, 0.0, 0.0, 0.0, 1.0, 0.0, 0.0, 0.0, 0.0, -0.09453781694173813, 0.5, 1.0, 1.0, 0.5, 0.75, 0.0, 0.75, 0.24912892282009125, 0.5833333134651184, 1.0, 0.5, 0.25, 0.5, 0.5, 0.25, 0.5, 0.0, 0.0, 0.0, 0.0, 0.0, 1.0, 0.75, 1.0, 0.75, 1.0, 0.5, 1.0, 0.0, 0.0, 0.0, 0.0, 0.0, 1.0, 1.0, 0.5, 1.0, 1.0, 0.5, 1.0, 0.0, 0.0, 0.0, 0.0, 0.0, 0.25, 0.75, 0.25, 0.5, 0.5, 0.75, 0.5, 0.0, 0.0, 0.0, 0.0, 0.0, 0.25, 0.75, 1.0, 0.75, 1.0, 1.0, 0.75, 0.0, 0.0, 0.0, 0.0, 0.0, 1.0, 0.25, 0.75, 1.0, 1.0, 0.75, 0.0, 0.0, 0.0, 0.0, 0.0, 0.0, 1.0, 1.0, 1.0, 0.75, 1.0, 1.0, 0.75, 0.0, 0.0, 0.0, 0.0, 0.0, -0.20000000298023224, 0.0, 0.8856645226478577]
  当前输入噪声缩放因子（curr_input_noise_scaling_factor）: 26
  当前wq噪声缩放因子（curr_wq_noise_scaling_factor）: 16
  当前wk噪声缩放因子（curr_wk_noise_scaling_factor）: 14
  当前wv噪声缩放因子（curr_wv_noise_scaling_factor）: 18
  当前wo噪声缩放因子（curr_wo_noise_scaling_factor）: 14
  当前wffn1噪声缩放因子（curr_wffn1_noise_scaling_factor）: 16
  当前wffn2噪声缩放因子（curr_wffn2_noise_scaling_factor）: 20
  输入x概率分布（x_prob_dist）: [0.22680149972438812, 0.4027593731880188, 0.1917245090007782, 0.1088898777961731, 0.06982472538948059]
  wq概率分布（wq_prob_dist）: [0.26223358511924744, 0.32659903168678284, 0.22094999253749847, 0.11010918766260147, 0.08010821789503098]
  wk概率分布（wk_prob_dist）: [0.37834951281547546, 0.2808012366294861, 0.15003469586372375, 0.11340592801570892, 0.07740861922502518]
  wv概率分布（wv_prob_dist）: [0.0963706448674202, 0.40688854455947876, 0.2853268086910248, 0.1124926507472992, 0.09892138093709946]
  wo概率分布（wo_prob_dist）: [0.21449871361255646, 0.3667152523994446, 0.1869533658027649, 0.12575291097164154, 0.10607977211475372]
  wffn1概率分布（wffn1_prob_dist）: [0.40434613823890686, 0.24815045297145844, 0.16176553070545197, 0.11777530610561371, 0.06796258687973022]
  wffn2概率分布（wffn2_prob_dist）: [0.2374676913022995, 0.3939686715602875, 0.17767275869846344, 0.11877846717834473, 0.07211235910654068]
  评论家值（critic_value）: 1.144731044769287
  累计成本（accumulated_cost）: 24.650000000000002
  输入噪声配置（input_noise_config）: [22, 26, 28, 26, 26, 28, 26, 26]
  wq噪声配置（wq_noise_config）: [14, 16, 14, 16, 14, 18, 14, 16]
  wk噪声配置（wk_noise_config）: [14, 14, 18, 14, 14, 18, 14, 14]
  wv噪声配置（wv_noise_config）: [20, 16, 20, 18, 18, 16, 18, 18]
  wo噪声配置（wo_noise_config）: [20, 16, 14, 16, 14, 14, 16, 14]
  wffn1噪声配置（wffn1_noise_config）: [16, 22, 18, 16, 16, 18, 24, 16]
  wffn2噪声配置（wffn2_noise_config）: [14, 14, 14, 16, 14, 14, 16, 20]
  当前学习率（current_lr）: 0.000020
  当前熵系数（current_entropy_coef）: 0.023288
  步奖励（step_reward）: 0.006097560975609755
  稠密奖励步（dense_reward_step）: 0.006097560975609755
  累计稠密奖励（accumulated_dense_reward）: 0.0496951219512195
  稳定性惩罚（stability_penalty）: 0.0

  全局步数（step_global）: 98132
  回合编号（episode_id）: 8177
  层索引（layer_index）: 8
  状态向量（state_vector）: [0.0, 0.0, 0.0, 0.0, 0.0, 0.0, 0.0, 0.0, 1.0, 0.0, 0.0, 0.0, -0.09375, 0.5, 0.75, 1.0, 0.5, 1.0, 1.0, 0.25, 0.24847561120986938, 0.6666666865348816, 1.0, 0.5, 0.25, 0.5, 0.5, 0.25, 0.5, 0.5, 0.0, 0.0, 0.0, 0.0, 1.0, 0.75, 1.0, 0.75, 1.0, 0.5, 1.0, 0.75, 0.0, 0.0, 0.0, 0.0, 1.0, 1.0, 0.5, 1.0, 1.0, 0.5, 1.0, 1.0, 0.0, 0.0, 0.0, 0.0, 0.25, 0.75, 0.25, 0.5, 0.5, 0.75, 0.5, 0.5, 0.0, 0.0, 0.0, 0.0, 0.25, 0.75, 1.0, 0.75, 1.0, 1.0, 0.75, 1.0, 0.0, 0.0, 0.0, 0.0, 1.0, 0.25, 0.75, 1.0, 1.0, 0.75, 0.0, 1.0, 0.0, 0.0, 0.0, 0.0, 1.0, 1.0, 1.0, 0.75, 1.0, 1.0, 0.75, 0.25, 0.0, 0.0, 0.0, 0.0, -0.20000000298023224, 0.0, 0.8856645226478577]
  当前输入噪声缩放因子（curr_input_noise_scaling_factor）: 24
  当前wq噪声缩放因子（curr_wq_noise_scaling_factor）: 20
  当前wk噪声缩放因子（curr_wk_noise_scaling_factor）: 14
  当前wv噪声缩放因子（curr_wv_noise_scaling_factor）: 14
  当前wo噪声缩放因子（curr_wo_noise_scaling_factor）: 14
  当前wffn1噪声缩放因子（curr_wffn1_noise_scaling_factor）: 24
  当前wffn2噪声缩放因子（curr_wffn2_noise_scaling_factor）: 18
  输入x概率分布（x_prob_dist）: [0.22679533064365387, 0.40273112058639526, 0.19172422587871552, 0.1089043915271759, 0.06984493881464005]
  wq概率分布（wq_prob_dist）: [0.262202650308609, 0.32657507061958313, 0.22096721827983856, 0.11013107746839523, 0.08012399077415466]
  wk概率分布（wk_prob_dist）: [0.37832075357437134, 0.28079208731651306, 0.1500377207994461, 0.11342422664165497, 0.07742523401975632]
  wv概率分布（wv_prob_dist）: [0.09638286381959915, 0.4068484604358673, 0.285317063331604, 0.11251381784677505, 0.09893783926963806]
  wo概率分布（wo_prob_dist）: [0.2145041823387146, 0.366646409034729, 0.1869901716709137, 0.1257561892271042, 0.10610302537679672]
  wffn1概率分布（wffn1_prob_dist）: [0.4043014347553253, 0.24815480411052704, 0.16177970170974731, 0.1177915632724762, 0.06797247380018234]
  wffn2概率分布（wffn2_prob_dist）: [0.23747266829013824, 0.3939340114593506, 0.17766901850700378, 0.11879677325487137, 0.07212750613689423]
  评论家值（critic_value）: 1.150383472442627
  累计成本（accumulated_cost）: 27.85
  输入噪声配置（input_noise_config）: [22, 26, 28, 26, 26, 28, 26, 26, 24]
  wq噪声配置（wq_noise_config）: [14, 16, 14, 16, 14, 18, 14, 16, 20]
  wk噪声配置（wk_noise_config）: [14, 14, 18, 14, 14, 18, 14, 14, 14]
  wv噪声配置（wv_noise_config）: [20, 16, 20, 18, 18, 16, 18, 18, 14]
  wo噪声配置（wo_noise_config）: [20, 16, 14, 16, 14, 14, 16, 14, 14]
  wffn1噪声配置（wffn1_noise_config）: [16, 22, 18, 16, 16, 18, 24, 16, 24]
  wffn2噪声配置（wffn2_noise_config）: [14, 14, 14, 16, 14, 14, 16, 20, 18]
  当前学习率（current_lr）: 0.000020
  当前熵系数（current_entropy_coef）: 0.023288
  步奖励（step_reward）: 0.005487804878048775
  稠密奖励步（dense_reward_step）: 0.005487804878048775
  累计稠密奖励（accumulated_dense_reward）: 0.05518292682926827
  稳定性惩罚（stability_penalty）: 0.0

  全局步数（step_global）: 98133
  回合编号（episode_id）: 8177
  层索引（layer_index）: 9
  状态向量（state_vector）: [0.0, 0.0, 0.0, 0.0, 0.0, 0.0, 0.0, 0.0, 0.0, 1.0, 0.0, 0.0, -0.08986928313970566, 0.75, 0.25, 1.0, 1.0, 1.0, 0.0, 0.5, 0.2452574521303177, 0.75, 1.0, 0.5, 0.25, 0.5, 0.5, 0.25, 0.5, 0.5, 0.75, 0.0, 0.0, 0.0, 1.0, 0.75, 1.0, 0.75, 1.0, 0.5, 1.0, 0.75, 0.25, 0.0, 0.0, 0.0, 1.0, 1.0, 0.5, 1.0, 1.0, 0.5, 1.0, 1.0, 1.0, 0.0, 0.0, 0.0, 0.25, 0.75, 0.25, 0.5, 0.5, 0.75, 0.5, 0.5, 1.0, 0.0, 0.0, 0.0, 0.25, 0.75, 1.0, 0.75, 1.0, 1.0, 0.75, 1.0, 1.0, 0.0, 0.0, 0.0, 1.0, 0.25, 0.75, 1.0, 1.0, 0.75, 0.0, 1.0, 0.0, 0.0, 0.0, 0.0, 1.0, 1.0, 1.0, 0.75, 1.0, 1.0, 0.75, 0.25, 0.5, 0.0, 0.0, 0.0, -0.20000000298023224, 0.0, 0.8856645226478577]
  当前输入噪声缩放因子（curr_input_noise_scaling_factor）: 24
  当前wq噪声缩放因子（curr_wq_noise_scaling_factor）: 18
  当前wk噪声缩放因子（curr_wk_noise_scaling_factor）: 14
  当前wv噪声缩放因子（curr_wv_noise_scaling_factor）: 16
  当前wo噪声缩放因子（curr_wo_noise_scaling_factor）: 18
  当前wffn1噪声缩放因子（curr_wffn1_noise_scaling_factor）: 22
  当前wffn2噪声缩放因子（curr_wffn2_noise_scaling_factor）: 20
  输入x概率分布（x_prob_dist）: [0.22680704295635223, 0.40246912837028503, 0.1917681246995926, 0.10901091247797012, 0.06994474679231644]
  wq概率分布（wq_prob_dist）: [0.26212790608406067, 0.32641083002090454, 0.22101549804210663, 0.11022491753101349, 0.08022085577249527]
  wk概率分布（wk_prob_dist）: [0.37806564569473267, 0.28076910972595215, 0.15009526908397675, 0.11352655291557312, 0.07754342257976532]
  wv概率分布（wv_prob_dist）: [0.09647839516401291, 0.406607061624527, 0.285247802734375, 0.11262896656990051, 0.0990377813577652]
  wo概率分布（wo_prob_dist）: [0.21452051401138306, 0.36635154485702515, 0.18708756566047668, 0.12583093345165253, 0.10620936751365662]
  wffn1概率分布（wffn1_prob_dist）: [0.4040527045726776, 0.24815745651721954, 0.1618657410144806, 0.11786922812461853, 0.06805486232042313]
  wffn2概率分布（wffn2_prob_dist）: [0.2374841719865799, 0.39374008774757385, 0.1776924729347229, 0.1188676506280899, 0.07221563160419464]
  评论家值（critic_value）: 1.1539788246154785
  累计成本（accumulated_cost）: 31.150000000000002
  输入噪声配置（input_noise_config）: [22, 26, 28, 26, 26, 28, 26, 26, 24, 24]
  wq噪声配置（wq_noise_config）: [14, 16, 14, 16, 14, 18, 14, 16, 20, 18]
  wk噪声配置（wk_noise_config）: [14, 14, 18, 14, 14, 18, 14, 14, 14, 14]
  wv噪声配置（wv_noise_config）: [20, 16, 20, 18, 18, 16, 18, 18, 14, 16]
  wo噪声配置（wo_noise_config）: [20, 16, 14, 16, 14, 14, 16, 14, 14, 18]
  wffn1噪声配置（wffn1_noise_config）: [16, 22, 18, 16, 16, 18, 24, 16, 24, 22]
  wffn2噪声配置（wffn2_noise_config）: [14, 14, 14, 16, 14, 14, 16, 20, 18, 20]
  当前学习率（current_lr）: 0.000020
  当前熵系数（current_entropy_coef）: 0.023288
  步奖励（step_reward）: 0.004878048780487799
  稠密奖励步（dense_reward_step）: 0.004878048780487799
  累计稠密奖励（accumulated_dense_reward）: 0.06006097560975607
  稳定性惩罚（stability_penalty）: 0.0

  全局步数（step_global）: 98134
  回合编号（episode_id）: 8177
  层索引（layer_index）: 10
  状态向量（state_vector）: [0.0, 0.0, 0.0, 0.0, 0.0, 0.0, 0.0, 0.0, 0.0, 0.0, 1.0, 0.0, -0.08382353186607361, 0.75, 0.5, 1.0, 0.75, 0.5, 0.25, 0.25, 0.24024389684200287, 0.8333333134651184, 1.0, 0.5, 0.25, 0.5, 0.5, 0.25, 0.5, 0.5, 0.75, 0.75, 0.0, 0.0, 1.0, 0.75, 1.0, 0.75, 1.0, 0.5, 1.0, 0.75, 0.25, 0.5, 0.0, 0.0, 1.0, 1.0, 0.5, 1.0, 1.0, 0.5, 1.0, 1.0, 1.0, 1.0, 0.0, 0.0, 0.25, 0.75, 0.25, 0.5, 0.5, 0.75, 0.5, 0.5, 1.0, 0.75, 0.0, 0.0, 0.25, 0.75, 1.0, 0.75, 1.0, 1.0, 0.75, 1.0, 1.0, 0.5, 0.0, 0.0, 1.0, 0.25, 0.75, 1.0, 1.0, 0.75, 0.0, 1.0, 0.0, 0.25, 0.0, 0.0, 1.0, 1.0, 1.0, 0.75, 1.0, 1.0, 0.75, 0.25, 0.5, 0.25, 0.0, 0.0, -0.20000000298023224, 0.0, 0.8856645226478577]
  当前输入噪声缩放因子（curr_input_noise_scaling_factor）: 22
  当前wq噪声缩放因子（curr_wq_noise_scaling_factor）: 14
  当前wk噪声缩放因子（curr_wk_noise_scaling_factor）: 14
  当前wv噪声缩放因子（curr_wv_noise_scaling_factor）: 14
  当前wo噪声缩放因子（curr_wo_noise_scaling_factor）: 16
  当前wffn1噪声缩放因子（curr_wffn1_noise_scaling_factor）: 16
  当前wffn2噪声缩放因子（curr_wffn2_noise_scaling_factor）: 18
  输入x概率分布（x_prob_dist）: [0.22680799663066864, 0.40264585614204407, 0.19173642992973328, 0.10893608629703522, 0.06987370550632477]
  wq概率分布（wq_prob_dist）: [0.26222139596939087, 0.32653340697288513, 0.2209346443414688, 0.11015792936086655, 0.08015267550945282]
  wk概率分布（wk_prob_dist）: [0.3782506287097931, 0.28076037764549255, 0.1500789374113083, 0.11345697939395905, 0.0774531215429306]
  wv概率分布（wv_prob_dist）: [0.09642653167247772, 0.4067542552947998, 0.285309761762619, 0.11253823339939117, 0.09897119551897049]
  wo概率分布（wo_prob_dist）: [0.21449926495552063, 0.36663803458213806, 0.18694967031478882, 0.12580038607120514, 0.10611270368099213]
  wffn1概率分布（wffn1_prob_dist）: [0.40422871708869934, 0.2481297105550766, 0.16180606186389923, 0.11782462894916534, 0.06801079213619232]
  wffn2概率分布（wffn2_prob_dist）: [0.23746147751808167, 0.3938528001308441, 0.17770184576511383, 0.11882717907428741, 0.0721566379070282]
  评论家值（critic_value）: 1.163575291633606
  累计成本（accumulated_cost）: 34.0
  输入噪声配置（input_noise_config）: [22, 26, 28, 26, 26, 28, 26, 26, 24, 24, 22]
  wq噪声配置（wq_noise_config）: [14, 16, 14, 16, 14, 18, 14, 16, 20, 18, 14]
  wk噪声配置（wk_noise_config）: [14, 14, 18, 14, 14, 18, 14, 14, 14, 14, 14]
  wv噪声配置（wv_noise_config）: [20, 16, 20, 18, 18, 16, 18, 18, 14, 16, 14]
  wo噪声配置（wo_noise_config）: [20, 16, 14, 16, 14, 14, 16, 14, 14, 18, 16]
  wffn1噪声配置（wffn1_noise_config）: [16, 22, 18, 16, 16, 18, 24, 16, 24, 22, 16]
  wffn2噪声配置（wffn2_noise_config）: [14, 14, 14, 16, 14, 14, 16, 20, 18, 20, 18]
  当前学习率（current_lr）: 0.000020
  当前熵系数（current_entropy_coef）: 0.023288
  步奖励（step_reward）: 0.0076219512195121915
  稠密奖励步（dense_reward_step）: 0.0076219512195121915
  累计稠密奖励（accumulated_dense_reward）: 0.06768292682926826
  稳定性惩罚（stability_penalty）: 0.0

  全局步数（step_global）: 98135
  回合编号（episode_id）: 8177
  层索引（layer_index）: 11
  状态向量（state_vector）: [0.0, 0.0, 0.0, 0.0, 0.0, 0.0, 0.0, 0.0, 0.0, 0.0, 0.0, 1.0, -0.09090909361839294, 1.0, 1.0, 1.0, 1.0, 0.75, 1.0, 0.5, 0.24611973762512207, 0.9166666865348816, 1.0, 0.5, 0.25, 0.5, 0.5, 0.25, 0.5, 0.5, 0.75, 0.75, 1.0, 0.0, 1.0, 0.75, 1.0, 0.75, 1.0, 0.5, 1.0, 0.75, 0.25, 0.5, 1.0, 0.0, 1.0, 1.0, 0.5, 1.0, 1.0, 0.5, 1.0, 1.0, 1.0, 1.0, 1.0, 0.0, 0.25, 0.75, 0.25, 0.5, 0.5, 0.75, 0.5, 0.5, 1.0, 0.75, 1.0, 0.0, 0.25, 0.75, 1.0, 0.75, 1.0, 1.0, 0.75, 1.0, 1.0, 0.5, 0.75, 0.0, 1.0, 0.25, 0.75, 1.0, 1.0, 0.75, 0.0, 1.0, 0.0, 0.25, 1.0, 0.0, 1.0, 1.0, 1.0, 0.75, 1.0, 1.0, 0.75, 0.25, 0.5, 0.25, 0.5, 0.0, -0.20000000298023224, 0.0, 0.8856645226478577]
  当前输入噪声缩放因子（curr_input_noise_scaling_factor）: 22
  当前wq噪声缩放因子（curr_wq_noise_scaling_factor）: 20
  当前wk噪声缩放因子（curr_wk_noise_scaling_factor）: 14
  当前wv噪声缩放因子（curr_wv_noise_scaling_factor）: 16
  当前wo噪声缩放因子（curr_wo_noise_scaling_factor）: 20
  当前wffn1噪声缩放因子（curr_wffn1_noise_scaling_factor）: 20
  当前wffn2噪声缩放因子（curr_wffn2_noise_scaling_factor）: 16
  输入x概率分布（x_prob_dist）: [0.22682419419288635, 0.40263432264328003, 0.1917344629764557, 0.1089397594332695, 0.06986728310585022]
  wq概率分布（wq_prob_dist）: [0.26219022274017334, 0.32652565836906433, 0.2209770232439041, 0.11015541851520538, 0.08015167713165283]
  wk概率分布（wk_prob_dist）: [0.3782196044921875, 0.2807892858982086, 0.15006797015666962, 0.1134580746293068, 0.07746503502130508]
  wv概率分布（wv_prob_dist）: [0.09641300141811371, 0.406770795583725, 0.2852989137172699, 0.11254899203777313, 0.09896833449602127]
  wo概率分布（wo_prob_dist）: [0.21451619267463684, 0.3665540814399719, 0.18701429665088654, 0.12578308582305908, 0.10613227635622025]
  wffn1概率分布（wffn1_prob_dist）: [0.404226154088974, 0.24815741181373596, 0.16179999709129333, 0.11781449615955353, 0.06800191104412079]
  wffn2概率分布（wffn2_prob_dist）: [0.23747503757476807, 0.3938847780227661, 0.17768709361553192, 0.1188080683350563, 0.07214495539665222]
  评论家值（critic_value）: 1.1658179759979248
  累计成本（accumulated_cost）: 37.2
  输入噪声配置（input_noise_config）: [22, 26, 28, 26, 26, 28, 26, 26, 24, 24, 22, 22]
  wq噪声配置（wq_noise_config）: [14, 16, 14, 16, 14, 18, 14, 16, 20, 18, 14, 20]
  wk噪声配置（wk_noise_config）: [14, 14, 18, 14, 14, 18, 14, 14, 14, 14, 14, 14]
  wv噪声配置（wv_noise_config）: [20, 16, 20, 18, 18, 16, 18, 18, 14, 16, 14, 16]
  wo噪声配置（wo_noise_config）: [20, 16, 14, 16, 14, 14, 16, 14, 14, 18, 16, 20]
  wffn1噪声配置（wffn1_noise_config）: [16, 22, 18, 16, 16, 18, 24, 16, 24, 22, 16, 20]
  wffn2噪声配置（wffn2_noise_config）: [14, 14, 14, 16, 14, 14, 16, 20, 18, 20, 18, 16]
  当前学习率（current_lr）: 0.000020
  当前熵系数（current_entropy_coef）: 0.023288
  蒙特卡洛采样数（mc_samples）: 5
  蒙特卡洛损失均值（mc_loss_mean）: 0.28995280861854555
  蒙特卡洛损失标准差（mc_loss_std）: 0.002986838900277474
  蒙特卡洛指标1均值（mc_metric1_mean）: 0.903859649122807
  蒙特卡洛指标1标准差（mc_metric1_std）: 0.005251448963893267
  蒙特卡洛指标2均值（mc_metric2_mean）: 0.9023420803515803
  蒙特卡洛指标2标准差（mc_metric2_std）: 0.005322501080609312
  步奖励（step_reward）: 1.0904306017280214
  稠密奖励步（dense_reward_step）: 0.005487804878048778
  原始最终奖励（raw_final_reward）: 1.0849427968499727
  最终选择分数（final_selection_score）: 1.0849427968499727
  累计稠密奖励（accumulated_dense_reward）: 0.07317073170731703
  稳定性代理（stability_proxy）: 0.5650328726991689
  稳定性惩罚（stability_penalty）: -0.0

