已为 1 层启用 BLB Block 4 噪声 (N=16384, fresh_softmax/V=35/25, encode_masks(sm/V/sm_v)=14/14/14, encode_wo=22, encode_ln_inv_d=20/20, rescale=[sm_mask=off, v_mask=off, sm_v_matmul=31, sm_v_mask=off, wo=off, ln_mean=31, ln_sq=31, ln_var=off])
已为 1 层启用 BLB Block 4 噪声 (N=16384, fresh_softmax/V=35/25, encode_masks(sm/V/sm_v)=14/14/14, encode_wo=22, encode_ln_inv_d=20/20, rescale=[sm_mask=off, v_mask=off, sm_v_matmul=31, sm_v_mask=off, wo=off, ln_mean=31, ln_sq=31, ln_var=off])
已为 1 层启用 BLB Block 4 噪声 (N=16384, fresh_softmax/V=35/25, encode_masks(sm/V/sm_v)=14/14/14, encode_wo=22, encode_ln_inv_d=20/20, rescale=[sm_mask=off, v_mask=off, sm_v_matmul=31, sm_v_mask=off, wo=off, ln_mean=31, ln_sq=31, ln_var=off])
已为 1 层启用 BLB Block 4 噪声 (N=16384, fresh_softmax/V=29/25, encode_masks(sm/V/sm_v)=14/14/14, encode_wo=16, encode_ln_inv_d=16/20, rescale=[sm_mask=off, v_mask=off, sm_v_matmul=23, sm_v_mask=off, wo=off, ln_mean=21, ln_sq=31, ln_var=off])
已为 1 层启用 BLB Block 4 噪声 (N=16384, fresh_softmax/V=29/25, encode_masks(sm/V/sm_v)=14/14/14, encode_wo=16, encode_ln_inv_d=16/20, rescale=[sm_mask=off, v_mask=off, sm_v_matmul=23, sm_v_mask=off, wo=off, ln_mean=21, ln_sq=31, ln_var=off])
已为 1 层启用 BLB Block 4 噪声 (N=16384, fresh_softmax/V=35/25, encode_masks(sm/V/sm_v)=14/14/14, encode_wo=22, encode_ln_inv_d=20/20, rescale=[sm_mask=off, v_mask=off, sm_v_matmul=31, sm_v_mask=off, wo=off, ln_mean=31, ln_sq=31, ln_var=off])
已为 1 层启用 BLB Block 4 噪声 (N=16384, fresh_softmax/V=35/25, encode_masks(sm/V/sm_v)=14/14/14, encode_wo=22, encode_ln_inv_d=20/20, rescale=[sm_mask=off, v_mask=off, sm_v_matmul=31, sm_v_mask=off, wo=off, ln_mean=31, ln_sq=31, ln_var=off])
已为 1 层启用 BLB Block 4 噪声 (N=16384, fresh_softmax/V=35/25, encode_masks(sm/V/sm_v)=14/14/14, encode_wo=22, encode_ln_inv_d=20/20, rescale=[sm_mask=off, v_mask=off, sm_v_matmul=31, sm_v_mask=off, wo=off, ln_mean=31, ln_sq=31, ln_var=off])
已为 1 层启用 BLB Block 4 噪声 (N=16384, fresh_softmax/V=35/25, encode_masks(sm/V/sm_v)=14/14/14, encode_wo=22, encode_ln_inv_d=20/20, rescale=[sm_mask=off, v_mask=off, sm_v_matmul=31, sm_v_mask=off, wo=off, ln_mean=31, ln_sq=31, ln_var=off])
已为 1 层启用 BLB Block 4 噪声 (N=16384, fresh_softmax/V=35/25, encode_masks(sm/V/sm_v)=14/14/14, encode_wo=22, encode_ln_inv_d=20/20, rescale=[sm_mask=off, v_mask=off, sm_v_matmul=31, sm_v_mask=off, wo=off, ln_mean=31, ln_sq=31, ln_var=off])
已为 12 层启用 BLB Block 5 噪声 (gelu_degree∈{1,1,1,1,1,4,1,1,1,1,1,1}, N=16384, fresh_inv_std/x_centered=28/28, encode_gamma/wffn1/gelu_coeff=20/22/20, rescale=[normalize=26, gamma=off, wffn1=off, gelu_powers=[(none)], gelu_coeff_muls=[29]])
已为 1 层启用 BLB Block 1 噪声 (N=16384, fresh_gelu_out=30, encode_wffn2=20, encode_inv_d=20/20, rescale=[wffn2_result=off, mean=30, square=off, var=27])
已为 1 层启用 BLB Block 1 噪声 (N=16384, fresh_gelu_out=22, encode_wffn2=14, encode_inv_d=14/14, rescale=[wffn2_result=off, mean=22, square=off, var=27])
已为 1 层启用 BLB Block 1 噪声 (N=16384, fresh_gelu_out=30, encode_wffn2=20, encode_inv_d=20/20, rescale=[wffn2_result=off, mean=30, square=off, var=27])
已为 1 层启用 BLB Block 1 噪声 (N=16384, fresh_gelu_out=30, encode_wffn2=20, encode_inv_d=20/20, rescale=[wffn2_result=off, mean=30, square=off, var=27])
已为 1 层启用 BLB Block 1 噪声 (N=16384, fresh_gelu_out=30, encode_wffn2=20, encode_inv_d=20/20, rescale=[wffn2_result=off, mean=30, square=off, var=27])
已为 1 层启用 BLB Block 1 噪声 (N=16384, fresh_gelu_out=22, encode_wffn2=14, encode_inv_d=14/14, rescale=[wffn2_result=off, mean=22, square=off, var=27])
已为 1 层启用 BLB Block 1 噪声 (N=16384, fresh_gelu_out=30, encode_wffn2=20, encode_inv_d=20/20, rescale=[wffn2_result=off, mean=30, square=off, var=27])
已为 1 层启用 BLB Block 1 噪声 (N=16384, fresh_gelu_out=22, encode_wffn2=14, encode_inv_d=14/14, rescale=[wffn2_result=off, mean=22, square=off, var=27])
已为 1 层启用 BLB Block 1 噪声 (N=16384, fresh_gelu_out=30, encode_wffn2=20, encode_inv_d=20/20, rescale=[wffn2_result=off, mean=30, square=off, var=27])
已为 1 层启用 BLB Block 1 噪声 (N=16384, fresh_gelu_out=30, encode_wffn2=20, encode_inv_d=20/20, rescale=[wffn2_result=off, mean=30, square=off, var=27])
已为 1 层启用 BLB Block 1 噪声 (N=16384, fresh_gelu_out=30, encode_wffn2=20, encode_inv_d=20/20, rescale=[wffn2_result=off, mean=30, square=off, var=27])
已为 1 层启用 BLB Block 2 噪声 (N=16384, fresh_inv_std=28, fresh_x_centered=28, encode_gamma=20, encode_wq/wk/wv=22/22/22, encode_qkt_merge_mask=15, rescale=[normalize=off, gamma=28, wk=off, wq=off, wv=off, qkt=28, merge_mask=off])
已为 1 层启用 BLB Block 2 噪声 (N=16384, fresh_inv_std=28, fresh_x_centered=28, encode_gamma=20, encode_wq/wk/wv=22/22/22, encode_qkt_merge_mask=15, rescale=[normalize=off, gamma=28, wk=off, wq=off, wv=off, qkt=28, merge_mask=off])
已为 1 层启用 BLB Block 2 噪声 (N=16384, fresh_inv_std=20, fresh_x_centered=20, encode_gamma=16, encode_wq/wk/wv=16/16/22, encode_qkt_merge_mask=15, rescale=[normalize=off, gamma=28, wk=off, wq=off, wv=off, qkt=28, merge_mask=off])
已为 1 层启用 BLB Block 2 噪声 (N=16384, fresh_inv_std=28, fresh_x_centered=28, encode_gamma=20, encode_wq/wk/wv=22/22/22, encode_qkt_merge_mask=15, rescale=[normalize=off, gamma=28, wk=off, wq=off, wv=off, qkt=28, merge_mask=off])
已为 1 层启用 BLB Block 2 噪声 (N=16384, fresh_inv_std=28, fresh_x_centered=28, encode_gamma=20, encode_wq/wk/wv=22/22/22, encode_qkt_merge_mask=15, rescale=[normalize=off, gamma=28, wk=off, wq=off, wv=off, qkt=28, merge_mask=off])
已为 1 层启用 BLB Block 2 噪声 (N=16384, fresh_inv_std=28, fresh_x_centered=28, encode_gamma=20, encode_wq/wk/wv=22/22/22, encode_qkt_merge_mask=15, rescale=[normalize=off, gamma=28, wk=off, wq=off, wv=off, qkt=28, merge_mask=off])
已为 1 层启用 BLB Block 2 噪声 (N=16384, fresh_inv_std=28, fresh_x_centered=28, encode_gamma=20, encode_wq/wk/wv=22/22/22, encode_qkt_merge_mask=15, rescale=[normalize=off, gamma=28, wk=off, wq=off, wv=off, qkt=28, merge_mask=off])
已为 1 层启用 BLB Block 2 噪声 (N=16384, fresh_inv_std=20, fresh_x_centered=20, encode_gamma=16, encode_wq/wk/wv=16/16/22, encode_qkt_merge_mask=15, rescale=[normalize=off, gamma=28, wk=off, wq=off, wv=off, qkt=28, merge_mask=off])
已为 1 层启用 BLB Block 2 噪声 (N=16384, fresh_inv_std=20, fresh_x_centered=20, encode_gamma=16, encode_wq/wk/wv=16/16/22, encode_qkt_merge_mask=15, rescale=[normalize=off, gamma=28, wk=off, wq=off, wv=off, qkt=28, merge_mask=off])
已为 1 层启用 BLB Block 2 噪声 (N=16384, fresh_inv_std=28, fresh_x_centered=28, encode_gamma=20, encode_wq/wk/wv=22/22/22, encode_qkt_merge_mask=15, rescale=[normalize=off, gamma=28, wk=off, wq=off, wv=off, qkt=28, merge_mask=off])
已为 1 层启用 BLB Block 2 噪声 (N=16384, fresh_inv_std=28, fresh_x_centered=28, encode_gamma=20, encode_wq/wk/wv=22/22/22, encode_qkt_merge_mask=15, rescale=[normalize=off, gamma=28, wk=off, wq=off, wv=off, qkt=28, merge_mask=off])
已为 1 层启用 BLB Block 2 噪声 (N=16384, fresh_inv_std=28, fresh_x_centered=28, encode_gamma=20, encode_wq/wk/wv=22/22/22, encode_qkt_merge_mask=15, rescale=[normalize=off, gamma=28, wk=off, wq=off, wv=off, qkt=28, merge_mask=off])
已为 1 层启用 BLB Block 4 噪声 (N=16384, fresh_softmax/V=35/25, encode_masks(sm/V/sm_v)=14/14/14, encode_wo=22, encode_ln_inv_d=20/20, rescale=[sm_mask=off, v_mask=off, sm_v_matmul=31, sm_v_mask=off, wo=off, ln_mean=31, ln_sq=31, ln_var=off])
已为 1 层启用 BLB Block 4 噪声 (N=16384, fresh_softmax/V=35/25, encode_masks(sm/V/sm_v)=14/14/14, encode_wo=22, encode_ln_inv_d=20/20, rescale=[sm_mask=off, v_mask=off, sm_v_matmul=31, sm_v_mask=off, wo=off, ln_mean=31, ln_sq=31, ln_var=off])
已为 1 层启用 BLB Block 4 噪声 (N=16384, fresh_softmax/V=35/25, encode_masks(sm/V/sm_v)=14/14/14, encode_wo=22, encode_ln_inv_d=20/20, rescale=[sm_mask=off, v_mask=off, sm_v_matmul=31, sm_v_mask=off, wo=off, ln_mean=31, ln_sq=31, ln_var=off])
已为 1 层启用 BLB Block 4 噪声 (N=16384, fresh_softmax/V=35/25, encode_masks(sm/V/sm_v)=14/14/14, encode_wo=22, encode_ln_inv_d=20/20, rescale=[sm_mask=off, v_mask=off, sm_v_matmul=31, sm_v_mask=off, wo=off, ln_mean=31, ln_sq=31, ln_var=off])
已为 1 层启用 BLB Block 4 噪声 (N=16384, fresh_softmax/V=35/25, encode_masks(sm/V/sm_v)=14/14/14, encode_wo=22, encode_ln_inv_d=20/20, rescale=[sm_mask=off, v_mask=off, sm_v_matmul=31, sm_v_mask=off, wo=off, ln_mean=31, ln_sq=31, ln_var=off])
已为 1 层启用 BLB Block 4 噪声 (N=16384, fresh_softmax/V=29/25, encode_masks(sm/V/sm_v)=14/14/14, encode_wo=16, encode_ln_inv_d=16/20, rescale=[sm_mask=off, v_mask=off, sm_v_matmul=23, sm_v_mask=off, wo=off, ln_mean=21, ln_sq=31, ln_var=off])
已为 1 层启用 BLB Block 4 噪声 (N=16384, fresh_softmax/V=29/25, encode_masks(sm/V/sm_v)=14/14/14, encode_wo=16, encode_ln_inv_d=16/20, rescale=[sm_mask=off, v_mask=off, sm_v_matmul=23, sm_v_mask=off, wo=off, ln_mean=21, ln_sq=31, ln_var=off])
已为 1 层启用 BLB Block 4 噪声 (N=16384, fresh_softmax/V=35/25, encode_masks(sm/V/sm_v)=14/14/14, encode_wo=22, encode_ln_inv_d=20/20, rescale=[sm_mask=off, v_mask=off, sm_v_matmul=31, sm_v_mask=off, wo=off, ln_mean=31, ln_sq=31, ln_var=off])
已为 1 层启用 BLB Block 4 噪声 (N=16384, fresh_softmax/V=35/25, encode_masks(sm/V/sm_v)=14/14/14, encode_wo=22, encode_ln_inv_d=20/20, rescale=[sm_mask=off, v_mask=off, sm_v_matmul=31, sm_v_mask=off, wo=off, ln_mean=31, ln_sq=31, ln_var=off])
已为 1 层启用 BLB Block 4 噪声 (N=16384, fresh_softmax/V=35/25, encode_masks(sm/V/sm_v)=14/14/14, encode_wo=22, encode_ln_inv_d=20/20, rescale=[sm_mask=off, v_mask=off, sm_v_matmul=31, sm_v_mask=off, wo=off, ln_mean=31, ln_sq=31, ln_var=off])
已为 1 层启用 BLB Block 4 噪声 (N=16384, fresh_softmax/V=35/25, encode_masks(sm/V/sm_v)=14/14/14, encode_wo=22, encode_ln_inv_d=20/20, rescale=[sm_mask=off, v_mask=off, sm_v_matmul=31, sm_v_mask=off, wo=off, ln_mean=31, ln_sq=31, ln_var=off])
已为 1 层启用 BLB Block 4 噪声 (N=16384, fresh_softmax/V=35/25, encode_masks(sm/V/sm_v)=14/14/14, encode_wo=22, encode_ln_inv_d=20/20, rescale=[sm_mask=off, v_mask=off, sm_v_matmul=31, sm_v_mask=off, wo=off, ln_mean=31, ln_sq=31, ln_var=off])
已为 12 层启用 BLB Block 5 噪声 (gelu_degree∈{1,1,1,1,1,4,1,1,1,1,1,1}, N=16384, fresh_inv_std/x_centered=28/28, encode_gamma/wffn1/gelu_coeff=20/22/20, rescale=[normalize=26, gamma=off, wffn1=off, gelu_powers=[(none)], gelu_coeff_muls=[29]])
已为 1 层启用 BLB Block 1 噪声 (N=16384, fresh_gelu_out=30, encode_wffn2=20, encode_inv_d=20/20, rescale=[wffn2_result=off, mean=30, square=off, var=27])
已为 1 层启用 BLB Block 1 噪声 (N=16384, fresh_gelu_out=22, encode_wffn2=14, encode_inv_d=14/14, rescale=[wffn2_result=off, mean=22, square=off, var=27])
已为 1 层启用 BLB Block 1 噪声 (N=16384, fresh_gelu_out=30, encode_wffn2=20, encode_inv_d=20/20, rescale=[wffn2_result=off, mean=30, square=off, var=27])
已为 1 层启用 BLB Block 1 噪声 (N=16384, fresh_gelu_out=30, encode_wffn2=20, encode_inv_d=20/20, rescale=[wffn2_result=off, mean=30, square=off, var=27])
已为 1 层启用 BLB Block 1 噪声 (N=16384, fresh_gelu_out=30, encode_wffn2=20, encode_inv_d=20/20, rescale=[wffn2_result=off, mean=30, square=off, var=27])
已为 1 层启用 BLB Block 1 噪声 (N=16384, fresh_gelu_out=22, encode_wffn2=14, encode_inv_d=14/14, rescale=[wffn2_result=off, mean=22, square=off, var=27])
已为 1 层启用 BLB Block 1 噪声 (N=16384, fresh_gelu_out=30, encode_wffn2=20, encode_inv_d=20/20, rescale=[wffn2_result=off, mean=30, square=off, var=27])
已为 1 层启用 BLB Block 1 噪声 (N=16384, fresh_gelu_out=22, encode_wffn2=14, encode_inv_d=14/14, rescale=[wffn2_result=off, mean=22, square=off, var=27])
已为 1 层启用 BLB Block 1 噪声 (N=16384, fresh_gelu_out=30, encode_wffn2=20, encode_inv_d=20/20, rescale=[wffn2_result=off, mean=30, square=off, var=27])
已为 1 层启用 BLB Block 1 噪声 (N=16384, fresh_gelu_out=30, encode_wffn2=20, encode_inv_d=20/20, rescale=[wffn2_result=off, mean=30, square=off, var=27])
已为 1 层启用 BLB Block 1 噪声 (N=16384, fresh_gelu_out=22, encode_wffn2=14, encode_inv_d=14/14, rescale=[wffn2_result=off, mean=22, square=off, var=27])
已为 1 层启用 BLB Block 1 噪声 (N=16384, fresh_gelu_out=30, encode_wffn2=20, encode_inv_d=20/20, rescale=[wffn2_result=off, mean=30, square=off, var=27])
已为 1 层启用 BLB Block 1 噪声 (N=16384, fresh_gelu_out=30, encode_wffn2=20, encode_inv_d=20/20, rescale=[wffn2_result=off, mean=30, square=off, var=27])
已为 1 层启用 BLB Block 1 噪声 (N=16384, fresh_gelu_out=30, encode_wffn2=20, encode_inv_d=20/20, rescale=[wffn2_result=off, mean=30, square=off, var=27])
已为 1 层启用 BLB Block 2 噪声 (N=16384, fresh_inv_std=28, fresh_x_centered=28, encode_gamma=20, encode_wq/wk/wv=22/22/22, encode_qkt_merge_mask=15, rescale=[normalize=off, gamma=28, wk=off, wq=off, wv=off, qkt=28, merge_mask=off])
已为 1 层启用 BLB Block 2 噪声 (N=16384, fresh_inv_std=28, fresh_x_centered=28, encode_gamma=20, encode_wq/wk/wv=22/22/22, encode_qkt_merge_mask=15, rescale=[normalize=off, gamma=28, wk=off, wq=off, wv=off, qkt=28, merge_mask=off])
已为 1 层启用 BLB Block 2 噪声 (N=16384, fresh_inv_std=20, fresh_x_centered=20, encode_gamma=16, encode_wq/wk/wv=16/16/22, encode_qkt_merge_mask=15, rescale=[normalize=off, gamma=28, wk=off, wq=off, wv=off, qkt=28, merge_mask=off])
已为 1 层启用 BLB Block 2 噪声 (N=16384, fresh_inv_std=28, fresh_x_centered=28, encode_gamma=20, encode_wq/wk/wv=22/22/22, encode_qkt_merge_mask=15, rescale=[normalize=off, gamma=28, wk=off, wq=off, wv=off, qkt=28, merge_mask=off])
已为 1 层启用 BLB Block 2 噪声 (N=16384, fresh_inv_std=28, fresh_x_centered=28, encode_gamma=20, encode_wq/wk/wv=22/22/22, encode_qkt_merge_mask=15, rescale=[normalize=off, gamma=28, wk=off, wq=off, wv=off, qkt=28, merge_mask=off])
已为 1 层启用 BLB Block 2 噪声 (N=16384, fresh_inv_std=28, fresh_x_centered=28, encode_gamma=20, encode_wq/wk/wv=22/22/22, encode_qkt_merge_mask=15, rescale=[normalize=off, gamma=28, wk=off, wq=off, wv=off, qkt=28, merge_mask=off])
已为 1 层启用 BLB Block 2 噪声 (N=16384, fresh_inv_std=28, fresh_x_centered=28, encode_gamma=20, encode_wq/wk/wv=22/22/22, encode_qkt_merge_mask=15, rescale=[normalize=off, gamma=28, wk=off, wq=off, wv=off, qkt=28, merge_mask=off])
已为 1 层启用 BLB Block 2 噪声 (N=16384, fresh_inv_std=20, fresh_x_centered=20, encode_gamma=16, encode_wq/wk/wv=16/16/22, encode_qkt_merge_mask=15, rescale=[normalize=off, gamma=28, wk=off, wq=off, wv=off, qkt=28, merge_mask=off])
已为 1 层启用 BLB Block 2 噪声 (N=16384, fresh_inv_std=20, fresh_x_centered=20, encode_gamma=16, encode_wq/wk/wv=16/16/22, encode_qkt_merge_mask=15, rescale=[normalize=off, gamma=28, wk=off, wq=off, wv=off, qkt=28, merge_mask=off])
已为 1 层启用 BLB Block 2 噪声 (N=16384, fresh_inv_std=28, fresh_x_centered=28, encode_gamma=20, encode_wq/wk/wv=22/22/22, encode_qkt_merge_mask=15, rescale=[normalize=off, gamma=28, wk=off, wq=off, wv=off, qkt=28, merge_mask=off])
已为 1 层启用 BLB Block 2 噪声 (N=16384, fresh_inv_std=28, fresh_x_centered=28, encode_gamma=20, encode_wq/wk/wv=22/22/22, encode_qkt_merge_mask=15, rescale=[normalize=off, gamma=28, wk=off, wq=off, wv=off, qkt=28, merge_mask=off])
已为 1 层启用 BLB Block 2 噪声 (N=16384, fresh_inv_std=28, fresh_x_centered=28, encode_gamma=20, encode_wq/wk/wv=22/22/22, encode_qkt_merge_mask=15, rescale=[normalize=off, gamma=28, wk=off, wq=off, wv=off, qkt=28, merge_mask=off])
已为 1 层启用 BLB Block 4 噪声 (N=16384, fresh_softmax/V=35/25, encode_masks(sm/V/sm_v)=14/14/14, encode_wo=22, encode_ln_inv_d=20/20, rescale=[sm_mask=off, v_mask=off, sm_v_matmul=31, sm_v_mask=off, wo=off, ln_mean=31, ln_sq=31, ln_var=off])
已为 1 层启用 BLB Block 4 噪声 (N=16384, fresh_softmax/V=35/25, encode_masks(sm/V/sm_v)=14/14/14, encode_wo=22, encode_ln_inv_d=20/20, rescale=[sm_mask=off, v_mask=off, sm_v_matmul=31, sm_v_mask=off, wo=off, ln_mean=31, ln_sq=31, ln_var=off])
已为 1 层启用 BLB Block 4 噪声 (N=16384, fresh_softmax/V=35/25, encode_masks(sm/V/sm_v)=14/14/14, encode_wo=22, encode_ln_inv_d=20/20, rescale=[sm_mask=off, v_mask=off, sm_v_matmul=31, sm_v_mask=off, wo=off, ln_mean=31, ln_sq=31, ln_var=off])
已为 1 层启用 BLB Block 4 噪声 (N=16384, fresh_softmax/V=35/25, encode_masks(sm/V/sm_v)=14/14/14, encode_wo=22, encode_ln_inv_d=20/20, rescale=[sm_mask=off, v_mask=off, sm_v_matmul=31, sm_v_mask=off, wo=off, ln_mean=31, ln_sq=31, ln_var=off])
已为 1 层启用 BLB Block 4 噪声 (N=16384, fresh_softmax/V=35/25, encode_masks(sm/V/sm_v)=14/14/14, encode_wo=22, encode_ln_inv_d=20/20, rescale=[sm_mask=off, v_mask=off, sm_v_matmul=31, sm_v_mask=off, wo=off, ln_mean=31, ln_sq=31, ln_var=off])
已为 1 层启用 BLB Block 4 噪声 (N=16384, fresh_softmax/V=29/25, encode_masks(sm/V/sm_v)=14/14/14, encode_wo=16, encode_ln_inv_d=16/20, rescale=[sm_mask=off, v_mask=off, sm_v_matmul=23, sm_v_mask=off, wo=off, ln_mean=21, ln_sq=31, ln_var=off])
已为 1 层启用 BLB Block 4 噪声 (N=16384, fresh_softmax/V=29/25, encode_masks(sm/V/sm_v)=14/14/14, encode_wo=16, encode_ln_inv_d=16/20, rescale=[sm_mask=off, v_mask=off, sm_v_matmul=23, sm_v_mask=off, wo=off, ln_mean=21, ln_sq=31, ln_var=off])
已为 1 层启用 BLB Block 4 噪声 (N=16384, fresh_softmax/V=35/25, encode_masks(sm/V/sm_v)=14/14/14, encode_wo=22, encode_ln_inv_d=20/20, rescale=[sm_mask=off, v_mask=off, sm_v_matmul=31, sm_v_mask=off, wo=off, ln_mean=31, ln_sq=31, ln_var=off])
已为 1 层启用 BLB Block 4 噪声 (N=16384, fresh_softmax/V=35/25, encode_masks(sm/V/sm_v)=14/14/14, encode_wo=22, encode_ln_inv_d=20/20, rescale=[sm_mask=off, v_mask=off, sm_v_matmul=31, sm_v_mask=off, wo=off, ln_mean=31, ln_sq=31, ln_var=off])
已为 1 层启用 BLB Block 4 噪声 (N=16384, fresh_softmax/V=35/25, encode_masks(sm/V/sm_v)=14/14/14, encode_wo=22, encode_ln_inv_d=20/20, rescale=[sm_mask=off, v_mask=off, sm_v_matmul=31, sm_v_mask=off, wo=off, ln_mean=31, ln_sq=31, ln_var=off])
已为 1 层启用 BLB Block 4 噪声 (N=16384, fresh_softmax/V=35/25, encode_masks(sm/V/sm_v)=14/14/14, encode_wo=22, encode_ln_inv_d=20/20, rescale=[sm_mask=off, v_mask=off, sm_v_matmul=31, sm_v_mask=off, wo=off, ln_mean=31, ln_sq=31, ln_var=off])
已为 1 层启用 BLB Block 4 噪声 (N=16384, fresh_softmax/V=35/25, encode_masks(sm/V/sm_v)=14/14/14, encode_wo=22, encode_ln_inv_d=20/20, rescale=[sm_mask=off, v_mask=off, sm_v_matmul=31, sm_v_mask=off, wo=off, ln_mean=31, ln_sq=31, ln_var=off])
已为 12 层启用 BLB Block 5 噪声 (gelu_degree∈{1,1,1,1,1,4,1,1,1,1,1,1}, N=16384, fresh_inv_std/x_centered=28/28, encode_gamma/wffn1/gelu_coeff=20/22/20, rescale=[normalize=26, gamma=off, wffn1=off, gelu_powers=[(none)], gelu_coeff_muls=[29]])
已为 1 层启用 BLB Block 1 噪声 (N=16384, fresh_gelu_out=30, encode_wffn2=20, encode_inv_d=20/20, rescale=[wffn2_result=off, mean=30, square=off, var=27])
已为 1 层启用 BLB Block 1 噪声 (N=16384, fresh_gelu_out=30, encode_wffn2=20, encode_inv_d=20/20, rescale=[wffn2_result=off, mean=30, square=off, var=27])
已为 1 层启用 BLB Block 1 噪声 (N=16384, fresh_gelu_out=22, encode_wffn2=14, encode_inv_d=14/14, rescale=[wffn2_result=off, mean=22, square=off, var=27])
已为 1 层启用 BLB Block 1 噪声 (N=16384, fresh_gelu_out=30, encode_wffn2=20, encode_inv_d=20/20, rescale=[wffn2_result=off, mean=30, square=off, var=27])
已为 1 层启用 BLB Block 1 噪声 (N=16384, fresh_gelu_out=22, encode_wffn2=14, encode_inv_d=14/14, rescale=[wffn2_result=off, mean=22, square=off, var=27])
已为 1 层启用 BLB Block 1 噪声 (N=16384, fresh_gelu_out=30, encode_wffn2=20, encode_inv_d=20/20, rescale=[wffn2_result=off, mean=30, square=off, var=27])
已为 1 层启用 BLB Block 1 噪声 (N=16384, fresh_gelu_out=30, encode_wffn2=20, encode_inv_d=20/20, rescale=[wffn2_result=off, mean=30, square=off, var=27])
已为 1 层启用 BLB Block 1 噪声 (N=16384, fresh_gelu_out=30, encode_wffn2=20, encode_inv_d=20/20, rescale=[wffn2_result=off, mean=30, square=off, var=27])
已为 1 层启用 BLB Block 2 噪声 (N=16384, fresh_inv_std=28, fresh_x_centered=28, encode_gamma=20, encode_wq/wk/wv=22/22/22, encode_qkt_merge_mask=15, rescale=[normalize=off, gamma=28, wk=off, wq=off, wv=off, qkt=28, merge_mask=off])
已为 1 层启用 BLB Block 2 噪声 (N=16384, fresh_inv_std=28, fresh_x_centered=28, encode_gamma=20, encode_wq/wk/wv=22/22/22, encode_qkt_merge_mask=15, rescale=[normalize=off, gamma=28, wk=off, wq=off, wv=off, qkt=28, merge_mask=off])
已为 1 层启用 BLB Block 2 噪声 (N=16384, fresh_inv_std=20, fresh_x_centered=20, encode_gamma=16, encode_wq/wk/wv=16/16/22, encode_qkt_merge_mask=15, rescale=[normalize=off, gamma=28, wk=off, wq=off, wv=off, qkt=28, merge_mask=off])
已为 1 层启用 BLB Block 2 噪声 (N=16384, fresh_inv_std=28, fresh_x_centered=28, encode_gamma=20, encode_wq/wk/wv=22/22/22, encode_qkt_merge_mask=15, rescale=[normalize=off, gamma=28, wk=off, wq=off, wv=off, qkt=28, merge_mask=off])
已为 1 层启用 BLB Block 2 噪声 (N=16384, fresh_inv_std=28, fresh_x_centered=28, encode_gamma=20, encode_wq/wk/wv=22/22/22, encode_qkt_merge_mask=15, rescale=[normalize=off, gamma=28, wk=off, wq=off, wv=off, qkt=28, merge_mask=off])
已为 1 层启用 BLB Block 2 噪声 (N=16384, fresh_inv_std=28, fresh_x_centered=28, encode_gamma=20, encode_wq/wk/wv=22/22/22, encode_qkt_merge_mask=15, rescale=[normalize=off, gamma=28, wk=off, wq=off, wv=off, qkt=28, merge_mask=off])
已为 1 层启用 BLB Block 2 噪声 (N=16384, fresh_inv_std=28, fresh_x_centered=28, encode_gamma=20, encode_wq/wk/wv=22/22/22, encode_qkt_merge_mask=15, rescale=[normalize=off, gamma=28, wk=off, wq=off, wv=off, qkt=28, merge_mask=off])
已为 1 层启用 BLB Block 2 噪声 (N=16384, fresh_inv_std=20, fresh_x_centered=20, encode_gamma=16, encode_wq/wk/wv=16/16/22, encode_qkt_merge_mask=15, rescale=[normalize=off, gamma=28, wk=off, wq=off, wv=off, qkt=28, merge_mask=off])
已为 1 层启用 BLB Block 2 噪声 (N=16384, fresh_inv_std=20, fresh_x_centered=20, encode_gamma=16, encode_wq/wk/wv=16/16/22, encode_qkt_merge_mask=15, rescale=[normalize=off, gamma=28, wk=off, wq=off, wv=off, qkt=28, merge_mask=off])
已为 1 层启用 BLB Block 2 噪声 (N=16384, fresh_inv_std=28, fresh_x_centered=28, encode_gamma=20, encode_wq/wk/wv=22/22/22, encode_qkt_merge_mask=15, rescale=[normalize=off, gamma=28, wk=off, wq=off, wv=off, qkt=28, merge_mask=off])
已为 1 层启用 BLB Block 2 噪声 (N=16384, fresh_inv_std=28, fresh_x_centered=28, encode_gamma=20, encode_wq/wk/wv=22/22/22, encode_qkt_merge_mask=15, rescale=[normalize=off, gamma=28, wk=off, wq=off, wv=off, qkt=28, merge_mask=off])
已为 1 层启用 BLB Block 2 噪声 (N=16384, fresh_inv_std=28, fresh_x_centered=28, encode_gamma=20, encode_wq/wk/wv=22/22/22, encode_qkt_merge_mask=15, rescale=[normalize=off, gamma=28, wk=off, wq=off, wv=off, qkt=28, merge_mask=off])
已为 1 层启用 BLB Block 4 噪声 (N=16384, fresh_softmax/V=35/25, encode_masks(sm/V/sm_v)=14/14/14, encode_wo=22, encode_ln_inv_d=20/20, rescale=[sm_mask=off, v_mask=off, sm_v_matmul=31, sm_v_mask=off, wo=off, ln_mean=31, ln_sq=31, ln_var=off])
已为 1 层启用 BLB Block 4 噪声 (N=16384, fresh_softmax/V=35/25, encode_masks(sm/V/sm_v)=14/14/14, encode_wo=22, encode_ln_inv_d=20/20, rescale=[sm_mask=off, v_mask=off, sm_v_matmul=31, sm_v_mask=off, wo=off, ln_mean=31, ln_sq=31, ln_var=off])
已为 1 层启用 BLB Block 4 噪声 (N=16384, fresh_softmax/V=35/25, encode_masks(sm/V/sm_v)=14/14/14, encode_wo=22, encode_ln_inv_d=20/20, rescale=[sm_mask=off, v_mask=off, sm_v_matmul=31, sm_v_mask=off, wo=off, ln_mean=31, ln_sq=31, ln_var=off])
已为 1 层启用 BLB Block 4 噪声 (N=16384, fresh_softmax/V=35/25, encode_masks(sm/V/sm_v)=14/14/14, encode_wo=22, encode_ln_inv_d=20/20, rescale=[sm_mask=off, v_mask=off, sm_v_matmul=31, sm_v_mask=off, wo=off, ln_mean=31, ln_sq=31, ln_var=off])
已为 1 层启用 BLB Block 4 噪声 (N=16384, fresh_softmax/V=35/25, encode_masks(sm/V/sm_v)=14/14/14, encode_wo=22, encode_ln_inv_d=20/20, rescale=[sm_mask=off, v_mask=off, sm_v_matmul=31, sm_v_mask=off, wo=off, ln_mean=31, ln_sq=31, ln_var=off])
已为 1 层启用 BLB Block 4 噪声 (N=16384, fresh_softmax/V=29/25, encode_masks(sm/V/sm_v)=14/14/14, encode_wo=16, encode_ln_inv_d=16/20, rescale=[sm_mask=off, v_mask=off, sm_v_matmul=23, sm_v_mask=off, wo=off, ln_mean=21, ln_sq=31, ln_var=off])
已为 1 层启用 BLB Block 4 噪声 (N=16384, fresh_softmax/V=29/25, encode_masks(sm/V/sm_v)=14/14/14, encode_wo=16, encode_ln_inv_d=16/20, rescale=[sm_mask=off, v_mask=off, sm_v_matmul=23, sm_v_mask=off, wo=off, ln_mean=21, ln_sq=31, ln_var=off])
已为 1 层启用 BLB Block 4 噪声 (N=16384, fresh_softmax/V=35/25, encode_masks(sm/V/sm_v)=14/14/14, encode_wo=22, encode_ln_inv_d=20/20, rescale=[sm_mask=off, v_mask=off, sm_v_matmul=31, sm_v_mask=off, wo=off, ln_mean=31, ln_sq=31, ln_var=off])
已为 1 层启用 BLB Block 4 噪声 (N=16384, fresh_softmax/V=35/25, encode_masks(sm/V/sm_v)=14/14/14, encode_wo=22, encode_ln_inv_d=20/20, rescale=[sm_mask=off, v_mask=off, sm_v_matmul=31, sm_v_mask=off, wo=off, ln_mean=31, ln_sq=31, ln_var=off])
已为 1 层启用 BLB Block 4 噪声 (N=16384, fresh_softmax/V=35/25, encode_masks(sm/V/sm_v)=14/14/14, encode_wo=22, encode_ln_inv_d=20/20, rescale=[sm_mask=off, v_mask=off, sm_v_matmul=31, sm_v_mask=off, wo=off, ln_mean=31, ln_sq=31, ln_var=off])
已为 1 层启用 BLB Block 4 噪声 (N=16384, fresh_softmax/V=35/25, encode_masks(sm/V/sm_v)=14/14/14, encode_wo=22, encode_ln_inv_d=20/20, rescale=[sm_mask=off, v_mask=off, sm_v_matmul=31, sm_v_mask=off, wo=off, ln_mean=31, ln_sq=31, ln_var=off])
已为 1 层启用 BLB Block 4 噪声 (N=16384, fresh_softmax/V=35/25, encode_masks(sm/V/sm_v)=14/14/14, encode_wo=22, encode_ln_inv_d=20/20, rescale=[sm_mask=off, v_mask=off, sm_v_matmul=31, sm_v_mask=off, wo=off, ln_mean=31, ln_sq=31, ln_var=off])
已为 12 层启用 BLB Block 5 噪声 (gelu_degree∈{1,1,1,1,1,4,1,1,1,1,1,1}, N=16384, fresh_inv_std/x_centered=28/28, encode_gamma/wffn1/gelu_coeff=20/22/20, rescale=[normalize=26, gamma=off, wffn1=off, gelu_powers=[(none)], gelu_coeff_muls=[29]])
已为 1 层启用 BLB Block 1 噪声 (N=16384, fresh_gelu_out=30, encode_wffn2=20, encode_inv_d=20/20, rescale=[wffn2_result=off, mean=30, square=off, var=27])
已为 1 层启用 BLB Block 1 噪声 (N=16384, fresh_gelu_out=30, encode_wffn2=20, encode_inv_d=20/20, rescale=[wffn2_result=off, mean=30, square=off, var=27])
已为 1 层启用 BLB Block 1 噪声 (N=16384, fresh_gelu_out=30, encode_wffn2=20, encode_inv_d=20/20, rescale=[wffn2_result=off, mean=30, square=off, var=27])
已为 1 层启用 BLB Block 1 噪声 (N=16384, fresh_gelu_out=30, encode_wffn2=20, encode_inv_d=20/20, rescale=[wffn2_result=off, mean=30, square=off, var=27])
已为 1 层启用 BLB Block 1 噪声 (N=16384, fresh_gelu_out=30, encode_wffn2=20, encode_inv_d=20/20, rescale=[wffn2_result=off, mean=30, square=off, var=27])已为 1 层启用 BLB Block 1 噪声 (N=16384, fresh_gelu_out=30, encode_wffn2=20, encode_inv_d=20/20, rescale=[wffn2_result=off, mean=30, square=off, var=27])
已为 1 层启用 BLB Block 1 噪声 (N=16384, fresh_gelu_out=30, encode_wffn2=20, encode_inv_d=20/20, rescale=[wffn2_result=off, mean=30, square=off, var=27])
已为 1 层启用 BLB Block 1 噪声 (N=16384, fresh_gelu_out=30, encode_wffn2=20, encode_inv_d=20/20, rescale=[wffn2_result=off, mean=30, square=off, var=27])
已为 1 层启用 BLB Block 1 噪声 (N=16384, fresh_gelu_out=30, encode_wffn2=20, encode_inv_d=20/20, rescale=[wffn2_result=off, mean=30, square=off, var=27])
已为 1 层启用 BLB Block 1 噪声 (N=16384, fresh_gelu_out=30, encode_wffn2=20, encode_inv_d=20/20, rescale=[wffn2_result=off, mean=30, square=off, var=27])
已为 1 层启用 BLB Block 1 噪声 (N=16384, fresh_gelu_out=22, encode_wffn2=14, encode_inv_d=14/14, rescale=[wffn2_result=off, mean=22, square=off, var=27])
已为 1 层启用 BLB Block 1 噪声 (N=16384, fresh_gelu_out=30, encode_wffn2=20, encode_inv_d=20/20, rescale=[wffn2_result=off, mean=30, square=off, var=27])

已为 1 层启用 BLB Block 1 噪声 (N=16384, fresh_gelu_out=22, encode_wffn2=14, encode_inv_d=14/14, rescale=[wffn2_result=off, mean=22, square=off, var=27])
已为 1 层启用 BLB Block 1 噪声 (N=16384, fresh_gelu_out=30, encode_wffn2=20, encode_inv_d=20/20, rescale=[wffn2_result=off, mean=30, square=off, var=27])
已为 1 层启用 BLB Block 1 噪声 (N=16384, fresh_gelu_out=30, encode_wffn2=20, encode_inv_d=20/20, rescale=[wffn2_result=off, mean=30, square=off, var=27])
已为 1 层启用 BLB Block 1 噪声 (N=16384, fresh_gelu_out=30, encode_wffn2=20, encode_inv_d=20/20, rescale=[wffn2_result=off, mean=30, square=off, var=27])
已为 1 层启用 BLB Block 1 噪声 (N=16384, fresh_gelu_out=30, encode_wffn2=20, encode_inv_d=20/20, rescale=[wffn2_result=off, mean=30, square=off, var=27])
已为 1 层启用 BLB Block 1 噪声 (N=16384, fresh_gelu_out=22, encode_wffn2=14, encode_inv_d=14/14, rescale=[wffn2_result=off, mean=22, square=off, var=27])
已为 1 层启用 BLB Block 2 噪声 (N=16384, fresh_inv_std=20, fresh_x_centered=20, encode_gamma=16, encode_wq/wk/wv=16/16/22, encode_qkt_merge_mask=15, rescale=[normalize=off, gamma=28, wk=off, wq=off, wv=off, qkt=28, merge_mask=off])
已为 1 层启用 BLB Block 2 噪声 (N=16384, fresh_inv_std=28, fresh_x_centered=28, encode_gamma=20, encode_wq/wk/wv=22/22/22, encode_qkt_merge_mask=15, rescale=[normalize=off, gamma=28, wk=off, wq=off, wv=off, qkt=28, merge_mask=off])
已为 1 层启用 BLB Block 2 噪声 (N=16384, fresh_inv_std=28, fresh_x_centered=28, encode_gamma=20, encode_wq/wk/wv=22/22/22, encode_qkt_merge_mask=15, rescale=[normalize=off, gamma=28, wk=off, wq=off, wv=off, qkt=28, merge_mask=off])
已为 1 层启用 BLB Block 2 噪声 (N=16384, fresh_inv_std=28, fresh_x_centered=28, encode_gamma=20, encode_wq/wk/wv=22/22/22, encode_qkt_merge_mask=15, rescale=[normalize=off, gamma=28, wk=off, wq=off, wv=off, qkt=28, merge_mask=off])
已为 1 层启用 BLB Block 2 噪声 (N=16384, fresh_inv_std=20, fresh_x_centered=20, encode_gamma=16, encode_wq/wk/wv=16/16/22, encode_qkt_merge_mask=15, rescale=[normalize=off, gamma=28, wk=off, wq=off, wv=off, qkt=28, merge_mask=off])
已为 1 层启用 BLB Block 2 噪声 (N=16384, fresh_inv_std=28, fresh_x_centered=28, encode_gamma=20, encode_wq/wk/wv=22/22/22, encode_qkt_merge_mask=15, rescale=[normalize=off, gamma=28, wk=off, wq=off, wv=off, qkt=28, merge_mask=off])
已为 1 层启用 BLB Block 2 噪声 (N=16384, fresh_inv_std=20, fresh_x_centered=20, encode_gamma=16, encode_wq/wk/wv=16/16/22, encode_qkt_merge_mask=15, rescale=[normalize=off, gamma=28, wk=off, wq=off, wv=off, qkt=28, merge_mask=off])
已为 1 层启用 BLB Block 2 噪声 (N=16384, fresh_inv_std=20, fresh_x_centered=20, encode_gamma=16, encode_wq/wk/wv=16/16/22, encode_qkt_merge_mask=15, rescale=[normalize=off, gamma=28, wk=off, wq=off, wv=off, qkt=28, merge_mask=off])
已为 1 层启用 BLB Block 2 噪声 (N=16384, fresh_inv_std=20, fresh_x_centered=20, encode_gamma=16, encode_wq/wk/wv=16/16/22, encode_qkt_merge_mask=15, rescale=[normalize=off, gamma=28, wk=off, wq=off, wv=off, qkt=28, merge_mask=off])
已为 1 层启用 BLB Block 2 噪声 (N=16384, fresh_inv_std=28, fresh_x_centered=28, encode_gamma=20, encode_wq/wk/wv=22/22/22, encode_qkt_merge_mask=15, rescale=[normalize=off, gamma=28, wk=off, wq=off, wv=off, qkt=28, merge_mask=off])
已为 1 层启用 BLB Block 2 噪声 (N=16384, fresh_inv_std=28, fresh_x_centered=28, encode_gamma=20, encode_wq/wk/wv=22/22/22, encode_qkt_merge_mask=15, rescale=[normalize=off, gamma=28, wk=off, wq=off, wv=off, qkt=28, merge_mask=off])
已为 1 层启用 BLB Block 2 噪声 (N=16384, fresh_inv_std=28, fresh_x_centered=28, encode_gamma=20, encode_wq/wk/wv=22/22/22, encode_qkt_merge_mask=15, rescale=[normalize=off, gamma=28, wk=off, wq=off, wv=off, qkt=28, merge_mask=off])
已为 1 层启用 BLB Block 4 噪声 (N=16384, fresh_softmax/V=29/25, encode_masks(sm/V/sm_v)=14/14/14, encode_wo=16, encode_ln_inv_d=16/20, rescale=[sm_mask=off, v_mask=off, sm_v_matmul=23, sm_v_mask=off, wo=off, ln_mean=21, ln_sq=31, ln_var=off])
已为 1 层启用 BLB Block 4 噪声 (N=16384, fresh_softmax/V=29/25, encode_masks(sm/V/sm_v)=14/14/14, encode_wo=16, encode_ln_inv_d=16/20, rescale=[sm_mask=off, v_mask=off, sm_v_matmul=23, sm_v_mask=off, wo=off, ln_mean=21, ln_sq=31, ln_var=off])
已为 1 层启用 BLB Block 4 噪声 (N=16384, fresh_softmax/V=35/25, encode_masks(sm/V/sm_v)=14/14/14, encode_wo=22, encode_ln_inv_d=20/20, rescale=[sm_mask=off, v_mask=off, sm_v_matmul=31, sm_v_mask=off, wo=off, ln_mean=31, ln_sq=31, ln_var=off])
已为 1 层启用 BLB Block 4 噪声 (N=16384, fresh_softmax/V=29/25, encode_masks(sm/V/sm_v)=14/14/14, encode_wo=16, encode_ln_inv_d=16/20, rescale=[sm_mask=off, v_mask=off, sm_v_matmul=23, sm_v_mask=off, wo=off, ln_mean=21, ln_sq=31, ln_var=off])
已为 1 层启用 BLB Block 4 噪声 (N=16384, fresh_softmax/V=35/25, encode_masks(sm/V/sm_v)=14/14/14, encode_wo=22, encode_ln_inv_d=20/20, rescale=[sm_mask=off, v_mask=off, sm_v_matmul=31, sm_v_mask=off, wo=off, ln_mean=31, ln_sq=31, ln_var=off])
已为 1 层启用 BLB Block 4 噪声 (N=16384, fresh_softmax/V=29/25, encode_masks(sm/V/sm_v)=14/14/14, encode_wo=16, encode_ln_inv_d=16/20, rescale=[sm_mask=off, v_mask=off, sm_v_matmul=23, sm_v_mask=off, wo=off, ln_mean=21, ln_sq=31, ln_var=off])
已为 1 层启用 BLB Block 4 噪声 (N=16384, fresh_softmax/V=35/25, encode_masks(sm/V/sm_v)=14/14/14, encode_wo=22, encode_ln_inv_d=20/20, rescale=[sm_mask=off, v_mask=off, sm_v_matmul=31, sm_v_mask=off, wo=off, ln_mean=31, ln_sq=31, ln_var=off])
已为 1 层启用 BLB Block 4 噪声 (N=16384, fresh_softmax/V=35/25, encode_masks(sm/V/sm_v)=14/14/14, encode_wo=22, encode_ln_inv_d=20/20, rescale=[sm_mask=off, v_mask=off, sm_v_matmul=31, sm_v_mask=off, wo=off, ln_mean=31, ln_sq=31, ln_var=off])
已为 1 层启用 BLB Block 4 噪声 (N=16384, fresh_softmax/V=35/25, encode_masks(sm/V/sm_v)=14/14/14, encode_wo=22, encode_ln_inv_d=20/20, rescale=[sm_mask=off, v_mask=off, sm_v_matmul=31, sm_v_mask=off, wo=off, ln_mean=31, ln_sq=31, ln_var=off])
已为 1 层启用 BLB Block 4 噪声 (N=16384, fresh_softmax/V=35/25, encode_masks(sm/V/sm_v)=14/14/14, encode_wo=22, encode_ln_inv_d=20/20, rescale=[sm_mask=off, v_mask=off, sm_v_matmul=31, sm_v_mask=off, wo=off, ln_mean=31, ln_sq=31, ln_var=off])
已为 1 层启用 BLB Block 4 噪声 (N=16384, fresh_softmax/V=35/25, encode_masks(sm/V/sm_v)=14/14/14, encode_wo=22, encode_ln_inv_d=20/20, rescale=[sm_mask=off, v_mask=off, sm_v_matmul=31, sm_v_mask=off, wo=off, ln_mean=31, ln_sq=31, ln_var=off])
已为 1 层启用 BLB Block 4 噪声 (N=16384, fresh_softmax/V=29/25, encode_masks(sm/V/sm_v)=14/14/14, encode_wo=16, encode_ln_inv_d=16/20, rescale=[sm_mask=off, v_mask=off, sm_v_matmul=23, sm_v_mask=off, wo=off, ln_mean=21, ln_sq=31, ln_var=off])
已为 12 层启用 BLB Block 5 噪声 (gelu_degree∈{1,1,1,1,1,4,1,1,1,1,1,1}, N=16384, fresh_inv_std/x_centered=28/28, encode_gamma/wffn1/gelu_coeff=20/22/20, rescale=[normalize=26, gamma=off, wffn1=off, gelu_powers=[(none)], gelu_coeff_muls=[29]])已为 1 层启用 BLB Block 1 噪声 (N=16384, fresh_gelu_out=30, encode_wffn2=20, encode_inv_d=20/20, rescale=[wffn2_result=off, mean=30, square=off, var=27])
已为 1 层启用 BLB Block 1 噪声 (N=16384, fresh_gelu_out=30, encode_wffn2=20, encode_inv_d=20/20, rescale=[wffn2_result=off, mean=30, square=off, var=27])
已为 1 层启用 BLB Block 1 噪声 (N=16384, fresh_gelu_out=30, encode_wffn2=20, encode_inv_d=20/20, rescale=[wffn2_result=off, mean=30, square=off, var=27])

已为 1 层启用 BLB Block 1 噪声 (N=16384, fresh_gelu_out=22, encode_wffn2=14, encode_inv_d=14/14, rescale=[wffn2_result=off, mean=22, square=off, var=27])
已为 1 层启用 BLB Block 2 噪声 (N=16384, fresh_inv_std=20, fresh_x_centered=20, encode_gamma=16, encode_wq/wk/wv=16/16/22, encode_qkt_merge_mask=15, rescale=[normalize=off, gamma=28, wk=off, wq=off, wv=off, qkt=28, merge_mask=off])
已为 1 层启用 BLB Block 2 噪声 (N=16384, fresh_inv_std=28, fresh_x_centered=28, encode_gamma=20, encode_wq/wk/wv=22/22/22, encode_qkt_merge_mask=15, rescale=[normalize=off, gamma=28, wk=off, wq=off, wv=off, qkt=28, merge_mask=off])
已为 1 层启用 BLB Block 2 噪声 (N=16384, fresh_inv_std=28, fresh_x_centered=28, encode_gamma=20, encode_wq/wk/wv=22/22/22, encode_qkt_merge_mask=15, rescale=[normalize=off, gamma=28, wk=off, wq=off, wv=off, qkt=28, merge_mask=off])
已为 1 层启用 BLB Block 2 噪声 (N=16384, fresh_inv_std=28, fresh_x_centered=28, encode_gamma=20, encode_wq/wk/wv=22/22/22, encode_qkt_merge_mask=15, rescale=[normalize=off, gamma=28, wk=off, wq=off, wv=off, qkt=28, merge_mask=off])
已为 1 层启用 BLB Block 2 噪声 (N=16384, fresh_inv_std=20, fresh_x_centered=20, encode_gamma=16, encode_wq/wk/wv=16/16/22, encode_qkt_merge_mask=15, rescale=[normalize=off, gamma=28, wk=off, wq=off, wv=off, qkt=28, merge_mask=off])
已为 1 层启用 BLB Block 2 噪声 (N=16384, fresh_inv_std=28, fresh_x_centered=28, encode_gamma=20, encode_wq/wk/wv=22/22/22, encode_qkt_merge_mask=15, rescale=[normalize=off, gamma=28, wk=off, wq=off, wv=off, qkt=28, merge_mask=off])
已为 1 层启用 BLB Block 2 噪声 (N=16384, fresh_inv_std=20, fresh_x_centered=20, encode_gamma=16, encode_wq/wk/wv=16/16/22, encode_qkt_merge_mask=15, rescale=[normalize=off, gamma=28, wk=off, wq=off, wv=off, qkt=28, merge_mask=off])
已为 1 层启用 BLB Block 2 噪声 (N=16384, fresh_inv_std=20, fresh_x_centered=20, encode_gamma=16, encode_wq/wk/wv=16/16/22, encode_qkt_merge_mask=15, rescale=[normalize=off, gamma=28, wk=off, wq=off, wv=off, qkt=28, merge_mask=off])
已为 1 层启用 BLB Block 2 噪声 (N=16384, fresh_inv_std=20, fresh_x_centered=20, encode_gamma=16, encode_wq/wk/wv=16/16/22, encode_qkt_merge_mask=15, rescale=[normalize=off, gamma=28, wk=off, wq=off, wv=off, qkt=28, merge_mask=off])
已为 1 层启用 BLB Block 2 噪声 (N=16384, fresh_inv_std=28, fresh_x_centered=28, encode_gamma=20, encode_wq/wk/wv=22/22/22, encode_qkt_merge_mask=15, rescale=[normalize=off, gamma=28, wk=off, wq=off, wv=off, qkt=28, merge_mask=off])
已为 1 层启用 BLB Block 2 噪声 (N=16384, fresh_inv_std=28, fresh_x_centered=28, encode_gamma=20, encode_wq/wk/wv=22/22/22, encode_qkt_merge_mask=15, rescale=[normalize=off, gamma=28, wk=off, wq=off, wv=off, qkt=28, merge_mask=off])
已为 1 层启用 BLB Block 2 噪声 (N=16384, fresh_inv_std=28, fresh_x_centered=28, encode_gamma=20, encode_wq/wk/wv=22/22/22, encode_qkt_merge_mask=15, rescale=[normalize=off, gamma=28, wk=off, wq=off, wv=off, qkt=28, merge_mask=off])
已为 1 层启用 BLB Block 4 噪声 (N=16384, fresh_softmax/V=29/25, encode_masks(sm/V/sm_v)=14/14/14, encode_wo=16, encode_ln_inv_d=16/20, rescale=[sm_mask=off, v_mask=off, sm_v_matmul=23, sm_v_mask=off, wo=off, ln_mean=21, ln_sq=31, ln_var=off])
已为 1 层启用 BLB Block 4 噪声 (N=16384, fresh_softmax/V=29/25, encode_masks(sm/V/sm_v)=14/14/14, encode_wo=16, encode_ln_inv_d=16/20, rescale=[sm_mask=off, v_mask=off, sm_v_matmul=23, sm_v_mask=off, wo=off, ln_mean=21, ln_sq=31, ln_var=off])
已为 1 层启用 BLB Block 4 噪声 (N=16384, fresh_softmax/V=35/25, encode_masks(sm/V/sm_v)=14/14/14, encode_wo=22, encode_ln_inv_d=20/20, rescale=[sm_mask=off, v_mask=off, sm_v_matmul=31, sm_v_mask=off, wo=off, ln_mean=31, ln_sq=31, ln_var=off])
已为 1 层启用 BLB Block 4 噪声 (N=16384, fresh_softmax/V=29/25, encode_masks(sm/V/sm_v)=14/14/14, encode_wo=16, encode_ln_inv_d=16/20, rescale=[sm_mask=off, v_mask=off, sm_v_matmul=23, sm_v_mask=off, wo=off, ln_mean=21, ln_sq=31, ln_var=off])
已为 1 层启用 BLB Block 4 噪声 (N=16384, fresh_softmax/V=35/25, encode_masks(sm/V/sm_v)=14/14/14, encode_wo=22, encode_ln_inv_d=20/20, rescale=[sm_mask=off, v_mask=off, sm_v_matmul=31, sm_v_mask=off, wo=off, ln_mean=31, ln_sq=31, ln_var=off])
已为 1 层启用 BLB Block 4 噪声 (N=16384, fresh_softmax/V=29/25, encode_masks(sm/V/sm_v)=14/14/14, encode_wo=16, encode_ln_inv_d=16/20, rescale=[sm_mask=off, v_mask=off, sm_v_matmul=23, sm_v_mask=off, wo=off, ln_mean=21, ln_sq=31, ln_var=off])
已为 1 层启用 BLB Block 4 噪声 (N=16384, fresh_softmax/V=35/25, encode_masks(sm/V/sm_v)=14/14/14, encode_wo=22, encode_ln_inv_d=20/20, rescale=[sm_mask=off, v_mask=off, sm_v_matmul=31, sm_v_mask=off, wo=off, ln_mean=31, ln_sq=31, ln_var=off])
已为 1 层启用 BLB Block 4 噪声 (N=16384, fresh_softmax/V=35/25, encode_masks(sm/V/sm_v)=14/14/14, encode_wo=22, encode_ln_inv_d=20/20, rescale=[sm_mask=off, v_mask=off, sm_v_matmul=31, sm_v_mask=off, wo=off, ln_mean=31, ln_sq=31, ln_var=off])
已为 1 层启用 BLB Block 4 噪声 (N=16384, fresh_softmax/V=35/25, encode_masks(sm/V/sm_v)=14/14/14, encode_wo=22, encode_ln_inv_d=20/20, rescale=[sm_mask=off, v_mask=off, sm_v_matmul=31, sm_v_mask=off, wo=off, ln_mean=31, ln_sq=31, ln_var=off])
已为 1 层启用 BLB Block 4 噪声 (N=16384, fresh_softmax/V=35/25, encode_masks(sm/V/sm_v)=14/14/14, encode_wo=22, encode_ln_inv_d=20/20, rescale=[sm_mask=off, v_mask=off, sm_v_matmul=31, sm_v_mask=off, wo=off, ln_mean=31, ln_sq=31, ln_var=off])
已为 1 层启用 BLB Block 4 噪声 (N=16384, fresh_softmax/V=35/25, encode_masks(sm/V/sm_v)=14/14/14, encode_wo=22, encode_ln_inv_d=20/20, rescale=[sm_mask=off, v_mask=off, sm_v_matmul=31, sm_v_mask=off, wo=off, ln_mean=31, ln_sq=31, ln_var=off])
已为 1 层启用 BLB Block 4 噪声 (N=16384, fresh_softmax/V=29/25, encode_masks(sm/V/sm_v)=14/14/14, encode_wo=16, encode_ln_inv_d=16/20, rescale=[sm_mask=off, v_mask=off, sm_v_matmul=23, sm_v_mask=off, wo=off, ln_mean=21, ln_sq=31, ln_var=off])
已为 12 层启用 BLB Block 5 噪声 (gelu_degree∈{1,1,1,1,1,4,1,1,1,1,1,1}, N=16384, fresh_inv_std/x_centered=28/28, encode_gamma/wffn1/gelu_coeff=20/22/20, rescale=[normalize=26, gamma=off, wffn1=off, gelu_powers=[(none)], gelu_coeff_muls=[29]])
已为 1 层启用 BLB Block 1 噪声 (N=16384, fresh_gelu_out=30, encode_wffn2=20, encode_inv_d=20/20, rescale=[wffn2_result=off, mean=30, square=off, var=27])
已为 1 层启用 BLB Block 1 噪声 (N=16384, fresh_gelu_out=30, encode_wffn2=20, encode_inv_d=20/20, rescale=[wffn2_result=off, mean=30, square=off, var=27])
已为 1 层启用 BLB Block 1 噪声 (N=16384, fresh_gelu_out=30, encode_wffn2=20, encode_inv_d=20/20, rescale=[wffn2_result=off, mean=30, square=off, var=27])
已为 1 层启用 BLB Block 1 噪声 (N=16384, fresh_gelu_out=30, encode_wffn2=20, encode_inv_d=20/20, rescale=[wffn2_result=off, mean=30, square=off, var=27])
已为 1 层启用 BLB Block 1 噪声 (N=16384, fresh_gelu_out=30, encode_wffn2=20, encode_inv_d=20/20, rescale=[wffn2_result=off, mean=30, square=off, var=27])
已为 1 层启用 BLB Block 1 噪声 (N=16384, fresh_gelu_out=22, encode_wffn2=14, encode_inv_d=14/14, rescale=[wffn2_result=off, mean=22, square=off, var=27])
已为 1 层启用 BLB Block 1 噪声 (N=16384, fresh_gelu_out=30, encode_wffn2=20, encode_inv_d=20/20, rescale=[wffn2_result=off, mean=30, square=off, var=27])
已为 1 层启用 BLB Block 1 噪声 (N=16384, fresh_gelu_out=30, encode_wffn2=20, encode_inv_d=20/20, rescale=[wffn2_result=off, mean=30, square=off, var=27])
已为 1 层启用 BLB Block 1 噪声 (N=16384, fresh_gelu_out=30, encode_wffn2=20, encode_inv_d=20/20, rescale=[wffn2_result=off, mean=30, square=off, var=27])已为 1 层启用 BLB Block 1 噪声 (N=16384, fresh_gelu_out=30, encode_wffn2=20, encode_inv_d=20/20, rescale=[wffn2_result=off, mean=30, square=off, var=27])
已为 1 层启用 BLB Block 1 噪声 (N=16384, fresh_gelu_out=30, encode_wffn2=20, encode_inv_d=20/20, rescale=[wffn2_result=off, mean=30, square=off, var=27])
已为 1 层启用 BLB Block 1 噪声 (N=16384, fresh_gelu_out=30, encode_wffn2=20, encode_inv_d=20/20, rescale=[wffn2_result=off, mean=30, square=off, var=27])
已为 1 层启用 BLB Block 1 噪声 (N=16384, fresh_gelu_out=30, encode_wffn2=20, encode_inv_d=20/20, rescale=[wffn2_result=off, mean=30, square=off, var=27])
已为 1 层启用 BLB Block 1 噪声 (N=16384, fresh_gelu_out=30, encode_wffn2=20, encode_inv_d=20/20, rescale=[wffn2_result=off, mean=30, square=off, var=27])
已为 1 层启用 BLB Block 1 噪声 (N=16384, fresh_gelu_out=22, encode_wffn2=14, encode_inv_d=14/14, rescale=[wffn2_result=off, mean=22, square=off, var=27])
已为 1 层启用 BLB Block 1 噪声 (N=16384, fresh_gelu_out=30, encode_wffn2=20, encode_inv_d=20/20, rescale=[wffn2_result=off, mean=30, square=off, var=27])
已为 1 层启用 BLB Block 1 噪声 (N=16384, fresh_gelu_out=30, encode_wffn2=20, encode_inv_d=20/20, rescale=[wffn2_result=off, mean=30, square=off, var=27])
已为 1 层启用 BLB Block 1 噪声 (N=16384, fresh_gelu_out=30, encode_wffn2=20, encode_inv_d=20/20, rescale=[wffn2_result=off, mean=30, square=off, var=27])
已为 1 层启用 BLB Block 1 噪声 (N=16384, fresh_gelu_out=30, encode_wffn2=20, encode_inv_d=20/20, rescale=[wffn2_result=off, mean=30, square=off, var=27])
已为 1 层启用 BLB Block 1 噪声 (N=16384, fresh_gelu_out=22, encode_wffn2=14, encode_inv_d=14/14, rescale=[wffn2_result=off, mean=22, square=off, var=27])
已为 1 层启用 BLB Block 2 噪声 (N=16384, fresh_inv_std=20, fresh_x_centered=20, encode_gamma=16, encode_wq/wk/wv=16/16/22, encode_qkt_merge_mask=15, rescale=[normalize=off, gamma=28, wk=off, wq=off, wv=off, qkt=28, merge_mask=off])
已为 1 层启用 BLB Block 2 噪声 (N=16384, fresh_inv_std=28, fresh_x_centered=28, encode_gamma=20, encode_wq/wk/wv=22/22/22, encode_qkt_merge_mask=15, rescale=[normalize=off, gamma=28, wk=off, wq=off, wv=off, qkt=28, merge_mask=off])
已为 1 层启用 BLB Block 2 噪声 (N=16384, fresh_inv_std=28, fresh_x_centered=28, encode_gamma=20, encode_wq/wk/wv=22/22/22, encode_qkt_merge_mask=15, rescale=[normalize=off, gamma=28, wk=off, wq=off, wv=off, qkt=28, merge_mask=off])
已为 1 层启用 BLB Block 2 噪声 (N=16384, fresh_inv_std=28, fresh_x_centered=28, encode_gamma=20, encode_wq/wk/wv=22/22/22, encode_qkt_merge_mask=15, rescale=[normalize=off, gamma=28, wk=off, wq=off, wv=off, qkt=28, merge_mask=off])
已为 1 层启用 BLB Block 2 噪声 (N=16384, fresh_inv_std=20, fresh_x_centered=20, encode_gamma=16, encode_wq/wk/wv=16/16/22, encode_qkt_merge_mask=15, rescale=[normalize=off, gamma=28, wk=off, wq=off, wv=off, qkt=28, merge_mask=off])
已为 1 层启用 BLB Block 2 噪声 (N=16384, fresh_inv_std=28, fresh_x_centered=28, encode_gamma=20, encode_wq/wk/wv=22/22/22, encode_qkt_merge_mask=15, rescale=[normalize=off, gamma=28, wk=off, wq=off, wv=off, qkt=28, merge_mask=off])
已为 1 层启用 BLB Block 2 噪声 (N=16384, fresh_inv_std=20, fresh_x_centered=20, encode_gamma=16, encode_wq/wk/wv=16/16/22, encode_qkt_merge_mask=15, rescale=[normalize=off, gamma=28, wk=off, wq=off, wv=off, qkt=28, merge_mask=off])
已为 1 层启用 BLB Block 2 噪声 (N=16384, fresh_inv_std=20, fresh_x_centered=20, encode_gamma=16, encode_wq/wk/wv=16/16/22, encode_qkt_merge_mask=15, rescale=[normalize=off, gamma=28, wk=off, wq=off, wv=off, qkt=28, merge_mask=off])
已为 1 层启用 BLB Block 2 噪声 (N=16384, fresh_inv_std=20, fresh_x_centered=20, encode_gamma=16, encode_wq/wk/wv=16/16/22, encode_qkt_merge_mask=15, rescale=[normalize=off, gamma=28, wk=off, wq=off, wv=off, qkt=28, merge_mask=off])
已为 1 层启用 BLB Block 2 噪声 (N=16384, fresh_inv_std=28, fresh_x_centered=28, encode_gamma=20, encode_wq/wk/wv=22/22/22, encode_qkt_merge_mask=15, rescale=[normalize=off, gamma=28, wk=off, wq=off, wv=off, qkt=28, merge_mask=off])
已为 1 层启用 BLB Block 2 噪声 (N=16384, fresh_inv_std=28, fresh_x_centered=28, encode_gamma=20, encode_wq/wk/wv=22/22/22, encode_qkt_merge_mask=15, rescale=[normalize=off, gamma=28, wk=off, wq=off, wv=off, qkt=28, merge_mask=off])
已为 1 层启用 BLB Block 2 噪声 (N=16384, fresh_inv_std=28, fresh_x_centered=28, encode_gamma=20, encode_wq/wk/wv=22/22/22, encode_qkt_merge_mask=15, rescale=[normalize=off, gamma=28, wk=off, wq=off, wv=off, qkt=28, merge_mask=off])
已为 1 层启用 BLB Block 4 噪声 (N=16384, fresh_softmax/V=29/25, encode_masks(sm/V/sm_v)=14/14/14, encode_wo=16, encode_ln_inv_d=16/20, rescale=[sm_mask=off, v_mask=off, sm_v_matmul=23, sm_v_mask=off, wo=off, ln_mean=21, ln_sq=31, ln_var=off])
已为 1 层启用 BLB Block 4 噪声 (N=16384, fresh_softmax/V=29/25, encode_masks(sm/V/sm_v)=14/14/14, encode_wo=16, encode_ln_inv_d=16/20, rescale=[sm_mask=off, v_mask=off, sm_v_matmul=23, sm_v_mask=off, wo=off, ln_mean=21, ln_sq=31, ln_var=off])
已为 1 层启用 BLB Block 4 噪声 (N=16384, fresh_softmax/V=35/25, encode_masks(sm/V/sm_v)=14/14/14, encode_wo=22, encode_ln_inv_d=20/20, rescale=[sm_mask=off, v_mask=off, sm_v_matmul=31, sm_v_mask=off, wo=off, ln_mean=31, ln_sq=31, ln_var=off])
已为 1 层启用 BLB Block 4 噪声 (N=16384, fresh_softmax/V=29/25, encode_masks(sm/V/sm_v)=14/14/14, encode_wo=16, encode_ln_inv_d=16/20, rescale=[sm_mask=off, v_mask=off, sm_v_matmul=23, sm_v_mask=off, wo=off, ln_mean=21, ln_sq=31, ln_var=off])
已为 1 层启用 BLB Block 4 噪声 (N=16384, fresh_softmax/V=35/25, encode_masks(sm/V/sm_v)=14/14/14, encode_wo=22, encode_ln_inv_d=20/20, rescale=[sm_mask=off, v_mask=off, sm_v_matmul=31, sm_v_mask=off, wo=off, ln_mean=31, ln_sq=31, ln_var=off])
已为 1 层启用 BLB Block 4 噪声 (N=16384, fresh_softmax/V=29/25, encode_masks(sm/V/sm_v)=14/14/14, encode_wo=16, encode_ln_inv_d=16/20, rescale=[sm_mask=off, v_mask=off, sm_v_matmul=23, sm_v_mask=off, wo=off, ln_mean=21, ln_sq=31, ln_var=off])
已为 1 层启用 BLB Block 4 噪声 (N=16384, fresh_softmax/V=35/25, encode_masks(sm/V/sm_v)=14/14/14, encode_wo=22, encode_ln_inv_d=20/20, rescale=[sm_mask=off, v_mask=off, sm_v_matmul=31, sm_v_mask=off, wo=off, ln_mean=31, ln_sq=31, ln_var=off])
已为 1 层启用 BLB Block 4 噪声 (N=16384, fresh_softmax/V=35/25, encode_masks(sm/V/sm_v)=14/14/14, encode_wo=22, encode_ln_inv_d=20/20, rescale=[sm_mask=off, v_mask=off, sm_v_matmul=31, sm_v_mask=off, wo=off, ln_mean=31, ln_sq=31, ln_var=off])
已为 1 层启用 BLB Block 4 噪声 (N=16384, fresh_softmax/V=35/25, encode_masks(sm/V/sm_v)=14/14/14, encode_wo=22, encode_ln_inv_d=20/20, rescale=[sm_mask=off, v_mask=off, sm_v_matmul=31, sm_v_mask=off, wo=off, ln_mean=31, ln_sq=31, ln_var=off])
已为 1 层启用 BLB Block 4 噪声 (N=16384, fresh_softmax/V=35/25, encode_masks(sm/V/sm_v)=14/14/14, encode_wo=22, encode_ln_inv_d=20/20, rescale=[sm_mask=off, v_mask=off, sm_v_matmul=31, sm_v_mask=off, wo=off, ln_mean=31, ln_sq=31, ln_var=off])
已为 1 层启用 BLB Block 4 噪声 (N=16384, fresh_softmax/V=35/25, encode_masks(sm/V/sm_v)=14/14/14, encode_wo=22, encode_ln_inv_d=20/20, rescale=[sm_mask=off, v_mask=off, sm_v_matmul=31, sm_v_mask=off, wo=off, ln_mean=31, ln_sq=31, ln_var=off])
已为 1 层启用 BLB Block 4 噪声 (N=16384, fresh_softmax/V=29/25, encode_masks(sm/V/sm_v)=14/14/14, encode_wo=16, encode_ln_inv_d=16/20, rescale=[sm_mask=off, v_mask=off, sm_v_matmul=23, sm_v_mask=off, wo=off, ln_mean=21, ln_sq=31, ln_var=off])
已为 12 层启用 BLB Block 5 噪声 (gelu_degree∈{1,1,1,1,1,4,1,1,1,1,1,1}, N=16384, fresh_inv_std/x_centered=28/28, encode_gamma/wffn1/gelu_coeff=20/22/20, rescale=[normalize=26, gamma=off, wffn1=off, gelu_powers=[(none)], gelu_coeff_muls=[29]])

已为 1 层启用 BLB Block 1 噪声 (N=16384, fresh_gelu_out=30, encode_wffn2=20, encode_inv_d=20/20, rescale=[wffn2_result=off, mean=30, square=off, var=27])
已为 1 层启用 BLB Block 1 噪声 (N=16384, fresh_gelu_out=22, encode_wffn2=14, encode_inv_d=14/14, rescale=[wffn2_result=off, mean=22, square=off, var=27])
已为 1 层启用 BLB Block 2 噪声 (N=16384, fresh_inv_std=20, fresh_x_centered=20, encode_gamma=16, encode_wq/wk/wv=16/16/22, encode_qkt_merge_mask=15, rescale=[normalize=off, gamma=28, wk=off, wq=off, wv=off, qkt=28, merge_mask=off])
已为 1 层启用 BLB Block 2 噪声 (N=16384, fresh_inv_std=28, fresh_x_centered=28, encode_gamma=20, encode_wq/wk/wv=22/22/22, encode_qkt_merge_mask=15, rescale=[normalize=off, gamma=28, wk=off, wq=off, wv=off, qkt=28, merge_mask=off])
已为 1 层启用 BLB Block 2 噪声 (N=16384, fresh_inv_std=28, fresh_x_centered=28, encode_gamma=20, encode_wq/wk/wv=22/22/22, encode_qkt_merge_mask=15, rescale=[normalize=off, gamma=28, wk=off, wq=off, wv=off, qkt=28, merge_mask=off])
已为 1 层启用 BLB Block 2 噪声 (N=16384, fresh_inv_std=28, fresh_x_centered=28, encode_gamma=20, encode_wq/wk/wv=22/22/22, encode_qkt_merge_mask=15, rescale=[normalize=off, gamma=28, wk=off, wq=off, wv=off, qkt=28, merge_mask=off])
已为 1 层启用 BLB Block 2 噪声 (N=16384, fresh_inv_std=20, fresh_x_centered=20, encode_gamma=16, encode_wq/wk/wv=16/16/22, encode_qkt_merge_mask=15, rescale=[normalize=off, gamma=28, wk=off, wq=off, wv=off, qkt=28, merge_mask=off])
已为 1 层启用 BLB Block 2 噪声 (N=16384, fresh_inv_std=28, fresh_x_centered=28, encode_gamma=20, encode_wq/wk/wv=22/22/22, encode_qkt_merge_mask=15, rescale=[normalize=off, gamma=28, wk=off, wq=off, wv=off, qkt=28, merge_mask=off])
已为 1 层启用 BLB Block 2 噪声 (N=16384, fresh_inv_std=20, fresh_x_centered=20, encode_gamma=16, encode_wq/wk/wv=16/16/22, encode_qkt_merge_mask=15, rescale=[normalize=off, gamma=28, wk=off, wq=off, wv=off, qkt=28, merge_mask=off])
已为 1 层启用 BLB Block 2 噪声 (N=16384, fresh_inv_std=20, fresh_x_centered=20, encode_gamma=16, encode_wq/wk/wv=16/16/22, encode_qkt_merge_mask=15, rescale=[normalize=off, gamma=28, wk=off, wq=off, wv=off, qkt=28, merge_mask=off])
已为 1 层启用 BLB Block 2 噪声 (N=16384, fresh_inv_std=20, fresh_x_centered=20, encode_gamma=16, encode_wq/wk/wv=16/16/22, encode_qkt_merge_mask=15, rescale=[normalize=off, gamma=28, wk=off, wq=off, wv=off, qkt=28, merge_mask=off])
已为 1 层启用 BLB Block 2 噪声 (N=16384, fresh_inv_std=28, fresh_x_centered=28, encode_gamma=20, encode_wq/wk/wv=22/22/22, encode_qkt_merge_mask=15, rescale=[normalize=off, gamma=28, wk=off, wq=off, wv=off, qkt=28, merge_mask=off])
已为 1 层启用 BLB Block 2 噪声 (N=16384, fresh_inv_std=28, fresh_x_centered=28, encode_gamma=20, encode_wq/wk/wv=22/22/22, encode_qkt_merge_mask=15, rescale=[normalize=off, gamma=28, wk=off, wq=off, wv=off, qkt=28, merge_mask=off])
已为 1 层启用 BLB Block 2 噪声 (N=16384, fresh_inv_std=28, fresh_x_centered=28, encode_gamma=20, encode_wq/wk/wv=22/22/22, encode_qkt_merge_mask=15, rescale=[normalize=off, gamma=28, wk=off, wq=off, wv=off, qkt=28, merge_mask=off])
已为 1 层启用 BLB Block 4 噪声 (N=16384, fresh_softmax/V=29/25, encode_masks(sm/V/sm_v)=14/14/14, encode_wo=16, encode_ln_inv_d=16/20, rescale=[sm_mask=off, v_mask=off, sm_v_matmul=23, sm_v_mask=off, wo=off, ln_mean=21, ln_sq=31, ln_var=off])
已为 1 层启用 BLB Block 4 噪声 (N=16384, fresh_softmax/V=29/25, encode_masks(sm/V/sm_v)=14/14/14, encode_wo=16, encode_ln_inv_d=16/20, rescale=[sm_mask=off, v_mask=off, sm_v_matmul=23, sm_v_mask=off, wo=off, ln_mean=21, ln_sq=31, ln_var=off])
已为 1 层启用 BLB Block 4 噪声 (N=16384, fresh_softmax/V=35/25, encode_masks(sm/V/sm_v)=14/14/14, encode_wo=22, encode_ln_inv_d=20/20, rescale=[sm_mask=off, v_mask=off, sm_v_matmul=31, sm_v_mask=off, wo=off, ln_mean=31, ln_sq=31, ln_var=off])
已为 1 层启用 BLB Block 4 噪声 (N=16384, fresh_softmax/V=29/25, encode_masks(sm/V/sm_v)=14/14/14, encode_wo=16, encode_ln_inv_d=16/20, rescale=[sm_mask=off, v_mask=off, sm_v_matmul=23, sm_v_mask=off, wo=off, ln_mean=21, ln_sq=31, ln_var=off])
已为 1 层启用 BLB Block 4 噪声 (N=16384, fresh_softmax/V=35/25, encode_masks(sm/V/sm_v)=14/14/14, encode_wo=22, encode_ln_inv_d=20/20, rescale=[sm_mask=off, v_mask=off, sm_v_matmul=31, sm_v_mask=off, wo=off, ln_mean=31, ln_sq=31, ln_var=off])
已为 1 层启用 BLB Block 4 噪声 (N=16384, fresh_softmax/V=29/25, encode_masks(sm/V/sm_v)=14/14/14, encode_wo=16, encode_ln_inv_d=16/20, rescale=[sm_mask=off, v_mask=off, sm_v_matmul=23, sm_v_mask=off, wo=off, ln_mean=21, ln_sq=31, ln_var=off])
已为 1 层启用 BLB Block 4 噪声 (N=16384, fresh_softmax/V=35/25, encode_masks(sm/V/sm_v)=14/14/14, encode_wo=22, encode_ln_inv_d=20/20, rescale=[sm_mask=off, v_mask=off, sm_v_matmul=31, sm_v_mask=off, wo=off, ln_mean=31, ln_sq=31, ln_var=off])
已为 1 层启用 BLB Block 4 噪声 (N=16384, fresh_softmax/V=35/25, encode_masks(sm/V/sm_v)=14/14/14, encode_wo=22, encode_ln_inv_d=20/20, rescale=[sm_mask=off, v_mask=off, sm_v_matmul=31, sm_v_mask=off, wo=off, ln_mean=31, ln_sq=31, ln_var=off])
已为 1 层启用 BLB Block 4 噪声 (N=16384, fresh_softmax/V=35/25, encode_masks(sm/V/sm_v)=14/14/14, encode_wo=22, encode_ln_inv_d=20/20, rescale=[sm_mask=off, v_mask=off, sm_v_matmul=31, sm_v_mask=off, wo=off, ln_mean=31, ln_sq=31, ln_var=off])
已为 1 层启用 BLB Block 4 噪声 (N=16384, fresh_softmax/V=35/25, encode_masks(sm/V/sm_v)=14/14/14, encode_wo=22, encode_ln_inv_d=20/20, rescale=[sm_mask=off, v_mask=off, sm_v_matmul=31, sm_v_mask=off, wo=off, ln_mean=31, ln_sq=31, ln_var=off])
已为 1 层启用 BLB Block 4 噪声 (N=16384, fresh_softmax/V=35/25, encode_masks(sm/V/sm_v)=14/14/14, encode_wo=22, encode_ln_inv_d=20/20, rescale=[sm_mask=off, v_mask=off, sm_v_matmul=31, sm_v_mask=off, wo=off, ln_mean=31, ln_sq=31, ln_var=off])
已为 1 层启用 BLB Block 4 噪声 (N=16384, fresh_softmax/V=29/25, encode_masks(sm/V/sm_v)=14/14/14, encode_wo=16, encode_ln_inv_d=16/20, rescale=[sm_mask=off, v_mask=off, sm_v_matmul=23, sm_v_mask=off, wo=off, ln_mean=21, ln_sq=31, ln_var=off])
已为 12 层启用 BLB Block 5 噪声 (gelu_degree∈{1,1,1,1,1,4,1,1,1,1,1,1}, N=16384, fresh_inv_std/x_centered=28/28, encode_gamma/wffn1/gelu_coeff=20/22/20, rescale=[normalize=26, gamma=off, wffn1=off, gelu_powers=[(none)], gelu_coeff_muls=[29]])
已为 1 层启用 BLB Block 1 噪声 (N=16384, fresh_gelu_out=22, encode_wffn2=14, encode_inv_d=14/14, rescale=[wffn2_result=off, mean=22, square=off, var=27])
已为 1 层启用 BLB Block 1 噪声 (N=16384, fresh_gelu_out=30, encode_wffn2=20, encode_inv_d=20/20, rescale=[wffn2_result=off, mean=30, square=off, var=27])
已为 1 层启用 BLB Block 1 噪声 (N=16384, fresh_gelu_out=22, encode_wffn2=14, encode_inv_d=14/14, rescale=[wffn2_result=off, mean=22, square=off, var=27])
已为 1 层启用 BLB Block 1 噪声 (N=16384, fresh_gelu_out=30, encode_wffn2=20, encode_inv_d=20/20, rescale=[wffn2_result=off, mean=30, square=off, var=27])
已为 1 层启用 BLB Block 1 噪声 (N=16384, fresh_gelu_out=22, encode_wffn2=14, encode_inv_d=14/14, rescale=[wffn2_result=off, mean=22, square=off, var=27])
已为 1 层启用 BLB Block 1 噪声 (N=16384, fresh_gelu_out=30, encode_wffn2=20, encode_inv_d=20/20, rescale=[wffn2_result=off, mean=30, square=off, var=27])
已为 1 层启用 BLB Block 1 噪声 (N=16384, fresh_gelu_out=30, encode_wffn2=20, encode_inv_d=20/20, rescale=[wffn2_result=off, mean=30, square=off, var=27])
已为 1 层启用 BLB Block 1 噪声 (N=16384, fresh_gelu_out=30, encode_wffn2=20, encode_inv_d=20/20, rescale=[wffn2_result=off, mean=30, square=off, var=27])
已为 1 层启用 BLB Block 1 噪声 (N=16384, fresh_gelu_out=30, encode_wffn2=20, encode_inv_d=20/20, rescale=[wffn2_result=off, mean=30, square=off, var=27])
已为 1 层启用 BLB Block 1 噪声 (N=16384, fresh_gelu_out=30, encode_wffn2=20, encode_inv_d=20/20, rescale=[wffn2_result=off, mean=30, square=off, var=27])
已为 1 层启用 BLB Block 1 噪声 (N=16384, fresh_gelu_out=22, encode_wffn2=14, encode_inv_d=14/14, rescale=[wffn2_result=off, mean=22, square=off, var=27])
已为 1 层启用 BLB Block 2 噪声 (N=16384, fresh_inv_std=28, fresh_x_centered=28, encode_gamma=20, encode_wq/wk/wv=22/22/22, encode_qkt_merge_mask=15, rescale=[normalize=off, gamma=28, wk=off, wq=off, wv=off, qkt=28, merge_mask=off])
已为 1 层启用 BLB Block 2 噪声 (N=16384, fresh_inv_std=20, fresh_x_centered=20, encode_gamma=16, encode_wq/wk/wv=16/16/22, encode_qkt_merge_mask=15, rescale=[normalize=off, gamma=28, wk=off, wq=off, wv=off, qkt=28, merge_mask=off])已为 1 层启用 BLB Block 1 噪声 (N=16384, fresh_gelu_out=22, encode_wffn2=14, encode_inv_d=14/14, rescale=[wffn2_result=off, mean=22, square=off, var=27])
已为 1 层启用 BLB Block 1 噪声 (N=16384, fresh_gelu_out=30, encode_wffn2=20, encode_inv_d=20/20, rescale=[wffn2_result=off, mean=30, square=off, var=27])
已为 1 层启用 BLB Block 1 噪声 (N=16384, fresh_gelu_out=22, encode_wffn2=14, encode_inv_d=14/14, rescale=[wffn2_result=off, mean=22, square=off, var=27])
已为 1 层启用 BLB Block 1 噪声 (N=16384, fresh_gelu_out=30, encode_wffn2=20, encode_inv_d=20/20, rescale=[wffn2_result=off, mean=30, square=off, var=27])
已为 1 层启用 BLB Block 1 噪声 (N=16384, fresh_gelu_out=22, encode_wffn2=14, encode_inv_d=14/14, rescale=[wffn2_result=off, mean=22, square=off, var=27])
已为 1 层启用 BLB Block 1 噪声 (N=16384, fresh_gelu_out=30, encode_wffn2=20, encode_inv_d=20/20, rescale=[wffn2_result=off, mean=30, square=off, var=27])
已为 1 层启用 BLB Block 1 噪声 (N=16384, fresh_gelu_out=30, encode_wffn2=20, encode_inv_d=20/20, rescale=[wffn2_result=off, mean=30, square=off, var=27])
已为 1 层启用 BLB Block 1 噪声 (N=16384, fresh_gelu_out=30, encode_wffn2=20, encode_inv_d=20/20, rescale=[wffn2_result=off, mean=30, square=off, var=27])
已为 1 层启用 BLB Block 1 噪声 (N=16384, fresh_gelu_out=30, encode_wffn2=20, encode_inv_d=20/20, rescale=[wffn2_result=off, mean=30, square=off, var=27])

已为 1 层启用 BLB Block 2 噪声 (N=16384, fresh_inv_std=28, fresh_x_centered=28, encode_gamma=20, encode_wq/wk/wv=22/22/22, encode_qkt_merge_mask=15, rescale=[normalize=off, gamma=28, wk=off, wq=off, wv=off, qkt=28, merge_mask=off])
已为 1 层启用 BLB Block 2 噪声 (N=16384, fresh_inv_std=20, fresh_x_centered=20, encode_gamma=16, encode_wq/wk/wv=16/16/22, encode_qkt_merge_mask=15, rescale=[normalize=off, gamma=28, wk=off, wq=off, wv=off, qkt=28, merge_mask=off])
已为 1 层启用 BLB Block 2 噪声 (N=16384, fresh_inv_std=28, fresh_x_centered=28, encode_gamma=20, encode_wq/wk/wv=22/22/22, encode_qkt_merge_mask=15, rescale=[normalize=off, gamma=28, wk=off, wq=off, wv=off, qkt=28, merge_mask=off])
已为 1 层启用 BLB Block 2 噪声 (N=16384, fresh_inv_std=28, fresh_x_centered=28, encode_gamma=20, encode_wq/wk/wv=22/22/22, encode_qkt_merge_mask=15, rescale=[normalize=off, gamma=28, wk=off, wq=off, wv=off, qkt=28, merge_mask=off])
已为 1 层启用 BLB Block 2 噪声 (N=16384, fresh_inv_std=20, fresh_x_centered=20, encode_gamma=16, encode_wq/wk/wv=16/16/22, encode_qkt_merge_mask=15, rescale=[normalize=off, gamma=28, wk=off, wq=off, wv=off, qkt=28, merge_mask=off])
已为 1 层启用 BLB Block 2 噪声 (N=16384, fresh_inv_std=28, fresh_x_centered=28, encode_gamma=20, encode_wq/wk/wv=22/22/22, encode_qkt_merge_mask=15, rescale=[normalize=off, gamma=28, wk=off, wq=off, wv=off, qkt=28, merge_mask=off])
已为 1 层启用 BLB Block 2 噪声 (N=16384, fresh_inv_std=28, fresh_x_centered=28, encode_gamma=20, encode_wq/wk/wv=22/22/22, encode_qkt_merge_mask=15, rescale=[normalize=off, gamma=28, wk=off, wq=off, wv=off, qkt=28, merge_mask=off])
已为 1 层启用 BLB Block 2 噪声 (N=16384, fresh_inv_std=20, fresh_x_centered=20, encode_gamma=16, encode_wq/wk/wv=16/16/22, encode_qkt_merge_mask=15, rescale=[normalize=off, gamma=28, wk=off, wq=off, wv=off, qkt=28, merge_mask=off])
已为 1 层启用 BLB Block 2 噪声 (N=16384, fresh_inv_std=28, fresh_x_centered=28, encode_gamma=20, encode_wq/wk/wv=22/22/22, encode_qkt_merge_mask=15, rescale=[normalize=off, gamma=28, wk=off, wq=off, wv=off, qkt=28, merge_mask=off])
已为 1 层启用 BLB Block 2 噪声 (N=16384, fresh_inv_std=28, fresh_x_centered=28, encode_gamma=20, encode_wq/wk/wv=22/22/22, encode_qkt_merge_mask=15, rescale=[normalize=off, gamma=28, wk=off, wq=off, wv=off, qkt=28, merge_mask=off])
已为 1 层启用 BLB Block 4 噪声 (N=16384, fresh_softmax/V=35/25, encode_masks(sm/V/sm_v)=14/14/14, encode_wo=22, encode_ln_inv_d=20/20, rescale=[sm_mask=off, v_mask=off, sm_v_matmul=31, sm_v_mask=off, wo=off, ln_mean=31, ln_sq=31, ln_var=off])
已为 1 层启用 BLB Block 4 噪声 (N=16384, fresh_softmax/V=35/25, encode_masks(sm/V/sm_v)=14/14/14, encode_wo=22, encode_ln_inv_d=20/20, rescale=[sm_mask=off, v_mask=off, sm_v_matmul=31, sm_v_mask=off, wo=off, ln_mean=31, ln_sq=31, ln_var=off])
已为 1 层启用 BLB Block 4 噪声 (N=16384, fresh_softmax/V=35/25, encode_masks(sm/V/sm_v)=14/14/14, encode_wo=22, encode_ln_inv_d=20/20, rescale=[sm_mask=off, v_mask=off, sm_v_matmul=31, sm_v_mask=off, wo=off, ln_mean=31, ln_sq=31, ln_var=off])
已为 1 层启用 BLB Block 4 噪声 (N=16384, fresh_softmax/V=29/25, encode_masks(sm/V/sm_v)=14/14/14, encode_wo=16, encode_ln_inv_d=16/20, rescale=[sm_mask=off, v_mask=off, sm_v_matmul=23, sm_v_mask=off, wo=off, ln_mean=21, ln_sq=31, ln_var=off])
已为 1 层启用 BLB Block 4 噪声 (N=16384, fresh_softmax/V=29/25, encode_masks(sm/V/sm_v)=14/14/14, encode_wo=16, encode_ln_inv_d=16/20, rescale=[sm_mask=off, v_mask=off, sm_v_matmul=23, sm_v_mask=off, wo=off, ln_mean=21, ln_sq=31, ln_var=off])
已为 1 层启用 BLB Block 4 噪声 (N=16384, fresh_softmax/V=35/25, encode_masks(sm/V/sm_v)=14/14/14, encode_wo=22, encode_ln_inv_d=20/20, rescale=[sm_mask=off, v_mask=off, sm_v_matmul=31, sm_v_mask=off, wo=off, ln_mean=31, ln_sq=31, ln_var=off])
已为 1 层启用 BLB Block 4 噪声 (N=16384, fresh_softmax/V=29/25, encode_masks(sm/V/sm_v)=14/14/14, encode_wo=16, encode_ln_inv_d=16/20, rescale=[sm_mask=off, v_mask=off, sm_v_matmul=23, sm_v_mask=off, wo=off, ln_mean=21, ln_sq=31, ln_var=off])
已为 1 层启用 BLB Block 4 噪声 (N=16384, fresh_softmax/V=29/25, encode_masks(sm/V/sm_v)=14/14/14, encode_wo=16, encode_ln_inv_d=16/20, rescale=[sm_mask=off, v_mask=off, sm_v_matmul=23, sm_v_mask=off, wo=off, ln_mean=21, ln_sq=31, ln_var=off])
已为 1 层启用 BLB Block 4 噪声 (N=16384, fresh_softmax/V=35/25, encode_masks(sm/V/sm_v)=14/14/14, encode_wo=22, encode_ln_inv_d=20/20, rescale=[sm_mask=off, v_mask=off, sm_v_matmul=31, sm_v_mask=off, wo=off, ln_mean=31, ln_sq=31, ln_var=off])
已为 1 层启用 BLB Block 4 噪声 (N=16384, fresh_softmax/V=29/25, encode_masks(sm/V/sm_v)=14/14/14, encode_wo=16, encode_ln_inv_d=16/20, rescale=[sm_mask=off, v_mask=off, sm_v_matmul=23, sm_v_mask=off, wo=off, ln_mean=21, ln_sq=31, ln_var=off])
已为 1 层启用 BLB Block 4 噪声 (N=16384, fresh_softmax/V=35/25, encode_masks(sm/V/sm_v)=14/14/14, encode_wo=22, encode_ln_inv_d=20/20, rescale=[sm_mask=off, v_mask=off, sm_v_matmul=31, sm_v_mask=off, wo=off, ln_mean=31, ln_sq=31, ln_var=off])
已为 1 层启用 BLB Block 4 噪声 (N=16384, fresh_softmax/V=35/25, encode_masks(sm/V/sm_v)=14/14/14, encode_wo=22, encode_ln_inv_d=20/20, rescale=[sm_mask=off, v_mask=off, sm_v_matmul=31, sm_v_mask=off, wo=off, ln_mean=31, ln_sq=31, ln_var=off])
已为 12 层启用 BLB Block 5 噪声 (gelu_degree∈{1,1,1,1,1,4,1,1,1,1,1,1}, N=16384, fresh_inv_std/x_centered=28/28, encode_gamma/wffn1/gelu_coeff=20/22/20, rescale=[normalize=26, gamma=off, wffn1=off, gelu_powers=[(none)], gelu_coeff_muls=[29]])
已为 1 层启用 BLB Block 1 噪声 (N=16384, fresh_gelu_out=30, encode_wffn2=20, encode_inv_d=20/20, rescale=[wffn2_result=off, mean=30, square=off, var=27])
已为 1 层启用 BLB Block 1 噪声 (N=16384, fresh_gelu_out=22, encode_wffn2=14, encode_inv_d=14/14, rescale=[wffn2_result=off, mean=22, square=off, var=27])
已为 1 层启用 BLB Block 2 噪声 (N=16384, fresh_inv_std=28, fresh_x_centered=28, encode_gamma=20, encode_wq/wk/wv=22/22/22, encode_qkt_merge_mask=15, rescale=[normalize=off, gamma=28, wk=off, wq=off, wv=off, qkt=28, merge_mask=off])
已为 1 层启用 BLB Block 2 噪声 (N=16384, fresh_inv_std=20, fresh_x_centered=20, encode_gamma=16, encode_wq/wk/wv=16/16/22, encode_qkt_merge_mask=15, rescale=[normalize=off, gamma=28, wk=off, wq=off, wv=off, qkt=28, merge_mask=off])
已为 1 层启用 BLB Block 2 噪声 (N=16384, fresh_inv_std=28, fresh_x_centered=28, encode_gamma=20, encode_wq/wk/wv=22/22/22, encode_qkt_merge_mask=15, rescale=[normalize=off, gamma=28, wk=off, wq=off, wv=off, qkt=28, merge_mask=off])
已为 1 层启用 BLB Block 2 噪声 (N=16384, fresh_inv_std=20, fresh_x_centered=20, encode_gamma=16, encode_wq/wk/wv=16/16/22, encode_qkt_merge_mask=15, rescale=[normalize=off, gamma=28, wk=off, wq=off, wv=off, qkt=28, merge_mask=off])已为 1 层启用 BLB Block 1 噪声 (N=16384, fresh_gelu_out=22, encode_wffn2=14, encode_inv_d=14/14, rescale=[wffn2_result=off, mean=22, square=off, var=27])
已为 1 层启用 BLB Block 1 噪声 (N=16384, fresh_gelu_out=30, encode_wffn2=20, encode_inv_d=20/20, rescale=[wffn2_result=off, mean=30, square=off, var=27])
已为 1 层启用 BLB Block 1 噪声 (N=16384, fresh_gelu_out=22, encode_wffn2=14, encode_inv_d=14/14, rescale=[wffn2_result=off, mean=22, square=off, var=27])

已为 1 层启用 BLB Block 2 噪声 (N=16384, fresh_inv_std=28, fresh_x_centered=28, encode_gamma=20, encode_wq/wk/wv=22/22/22, encode_qkt_merge_mask=15, rescale=[normalize=off, gamma=28, wk=off, wq=off, wv=off, qkt=28, merge_mask=off])
已为 1 层启用 BLB Block 2 噪声 (N=16384, fresh_inv_std=28, fresh_x_centered=28, encode_gamma=20, encode_wq/wk/wv=22/22/22, encode_qkt_merge_mask=15, rescale=[normalize=off, gamma=28, wk=off, wq=off, wv=off, qkt=28, merge_mask=off])
已为 1 层启用 BLB Block 2 噪声 (N=16384, fresh_inv_std=20, fresh_x_centered=20, encode_gamma=16, encode_wq/wk/wv=16/16/22, encode_qkt_merge_mask=15, rescale=[normalize=off, gamma=28, wk=off, wq=off, wv=off, qkt=28, merge_mask=off])
已为 1 层启用 BLB Block 2 噪声 (N=16384, fresh_inv_std=28, fresh_x_centered=28, encode_gamma=20, encode_wq/wk/wv=22/22/22, encode_qkt_merge_mask=15, rescale=[normalize=off, gamma=28, wk=off, wq=off, wv=off, qkt=28, merge_mask=off])
已为 1 层启用 BLB Block 2 噪声 (N=16384, fresh_inv_std=28, fresh_x_centered=28, encode_gamma=20, encode_wq/wk/wv=22/22/22, encode_qkt_merge_mask=15, rescale=[normalize=off, gamma=28, wk=off, wq=off, wv=off, qkt=28, merge_mask=off])
已为 1 层启用 BLB Block 2 噪声 (N=16384, fresh_inv_std=20, fresh_x_centered=20, encode_gamma=16, encode_wq/wk/wv=16/16/22, encode_qkt_merge_mask=15, rescale=[normalize=off, gamma=28, wk=off, wq=off, wv=off, qkt=28, merge_mask=off])
已为 1 层启用 BLB Block 2 噪声 (N=16384, fresh_inv_std=28, fresh_x_centered=28, encode_gamma=20, encode_wq/wk/wv=22/22/22, encode_qkt_merge_mask=15, rescale=[normalize=off, gamma=28, wk=off, wq=off, wv=off, qkt=28, merge_mask=off])
已为 1 层启用 BLB Block 2 噪声 (N=16384, fresh_inv_std=28, fresh_x_centered=28, encode_gamma=20, encode_wq/wk/wv=22/22/22, encode_qkt_merge_mask=15, rescale=[normalize=off, gamma=28, wk=off, wq=off, wv=off, qkt=28, merge_mask=off])
已为 1 层启用 BLB Block 4 噪声 (N=16384, fresh_softmax/V=35/25, encode_masks(sm/V/sm_v)=14/14/14, encode_wo=22, encode_ln_inv_d=20/20, rescale=[sm_mask=off, v_mask=off, sm_v_matmul=31, sm_v_mask=off, wo=off, ln_mean=31, ln_sq=31, ln_var=off])
已为 1 层启用 BLB Block 4 噪声 (N=16384, fresh_softmax/V=35/25, encode_masks(sm/V/sm_v)=14/14/14, encode_wo=22, encode_ln_inv_d=20/20, rescale=[sm_mask=off, v_mask=off, sm_v_matmul=31, sm_v_mask=off, wo=off, ln_mean=31, ln_sq=31, ln_var=off])
已为 1 层启用 BLB Block 4 噪声 (N=16384, fresh_softmax/V=35/25, encode_masks(sm/V/sm_v)=14/14/14, encode_wo=22, encode_ln_inv_d=20/20, rescale=[sm_mask=off, v_mask=off, sm_v_matmul=31, sm_v_mask=off, wo=off, ln_mean=31, ln_sq=31, ln_var=off])
已为 1 层启用 BLB Block 4 噪声 (N=16384, fresh_softmax/V=29/25, encode_masks(sm/V/sm_v)=14/14/14, encode_wo=16, encode_ln_inv_d=16/20, rescale=[sm_mask=off, v_mask=off, sm_v_matmul=23, sm_v_mask=off, wo=off, ln_mean=21, ln_sq=31, ln_var=off])
已为 1 层启用 BLB Block 4 噪声 (N=16384, fresh_softmax/V=29/25, encode_masks(sm/V/sm_v)=14/14/14, encode_wo=16, encode_ln_inv_d=16/20, rescale=[sm_mask=off, v_mask=off, sm_v_matmul=23, sm_v_mask=off, wo=off, ln_mean=21, ln_sq=31, ln_var=off])
已为 1 层启用 BLB Block 4 噪声 (N=16384, fresh_softmax/V=35/25, encode_masks(sm/V/sm_v)=14/14/14, encode_wo=22, encode_ln_inv_d=20/20, rescale=[sm_mask=off, v_mask=off, sm_v_matmul=31, sm_v_mask=off, wo=off, ln_mean=31, ln_sq=31, ln_var=off])
已为 1 层启用 BLB Block 4 噪声 (N=16384, fresh_softmax/V=29/25, encode_masks(sm/V/sm_v)=14/14/14, encode_wo=16, encode_ln_inv_d=16/20, rescale=[sm_mask=off, v_mask=off, sm_v_matmul=23, sm_v_mask=off, wo=off, ln_mean=21, ln_sq=31, ln_var=off])
已为 1 层启用 BLB Block 4 噪声 (N=16384, fresh_softmax/V=29/25, encode_masks(sm/V/sm_v)=14/14/14, encode_wo=16, encode_ln_inv_d=16/20, rescale=[sm_mask=off, v_mask=off, sm_v_matmul=23, sm_v_mask=off, wo=off, ln_mean=21, ln_sq=31, ln_var=off])
已为 1 层启用 BLB Block 4 噪声 (N=16384, fresh_softmax/V=35/25, encode_masks(sm/V/sm_v)=14/14/14, encode_wo=22, encode_ln_inv_d=20/20, rescale=[sm_mask=off, v_mask=off, sm_v_matmul=31, sm_v_mask=off, wo=off, ln_mean=31, ln_sq=31, ln_var=off])
已为 1 层启用 BLB Block 4 噪声 (N=16384, fresh_softmax/V=29/25, encode_masks(sm/V/sm_v)=14/14/14, encode_wo=16, encode_ln_inv_d=16/20, rescale=[sm_mask=off, v_mask=off, sm_v_matmul=23, sm_v_mask=off, wo=off, ln_mean=21, ln_sq=31, ln_var=off])
已为 1 层启用 BLB Block 4 噪声 (N=16384, fresh_softmax/V=35/25, encode_masks(sm/V/sm_v)=14/14/14, encode_wo=22, encode_ln_inv_d=20/20, rescale=[sm_mask=off, v_mask=off, sm_v_matmul=31, sm_v_mask=off, wo=off, ln_mean=31, ln_sq=31, ln_var=off])
已为 1 层启用 BLB Block 4 噪声 (N=16384, fresh_softmax/V=35/25, encode_masks(sm/V/sm_v)=14/14/14, encode_wo=22, encode_ln_inv_d=20/20, rescale=[sm_mask=off, v_mask=off, sm_v_matmul=31, sm_v_mask=off, wo=off, ln_mean=31, ln_sq=31, ln_var=off])
已为 12 层启用 BLB Block 5 噪声 (gelu_degree∈{1,1,1,1,1,4,1,1,1,1,1,1}, N=16384, fresh_inv_std/x_centered=28/28, encode_gamma/wffn1/gelu_coeff=20/22/20, rescale=[normalize=26, gamma=off, wffn1=off, gelu_powers=[(none)], gelu_coeff_muls=[29]])
已为 1 层启用 BLB Block 1 噪声 (N=16384, fresh_gelu_out=30, encode_wffn2=20, encode_inv_d=20/20, rescale=[wffn2_result=off, mean=30, square=off, var=27])
已为 1 层启用 BLB Block 1 噪声 (N=16384, fresh_gelu_out=22, encode_wffn2=14, encode_inv_d=14/14, rescale=[wffn2_result=off, mean=22, square=off, var=27])
已为 1 层启用 BLB Block 1 噪声 (N=16384, fresh_gelu_out=30, encode_wffn2=20, encode_inv_d=20/20, rescale=[wffn2_result=off, mean=30, square=off, var=27])
已为 1 层启用 BLB Block 1 噪声 (N=16384, fresh_gelu_out=30, encode_wffn2=20, encode_inv_d=20/20, rescale=[wffn2_result=off, mean=30, square=off, var=27])
已为 1 层启用 BLB Block 1 噪声 (N=16384, fresh_gelu_out=30, encode_wffn2=20, encode_inv_d=20/20, rescale=[wffn2_result=off, mean=30, square=off, var=27])
已为 1 层启用 BLB Block 1 噪声 (N=16384, fresh_gelu_out=30, encode_wffn2=20, encode_inv_d=20/20, rescale=[wffn2_result=off, mean=30, square=off, var=27])
已为 1 层启用 BLB Block 1 噪声 (N=16384, fresh_gelu_out=30, encode_wffn2=20, encode_inv_d=20/20, rescale=[wffn2_result=off, mean=30, square=off, var=27])
已为 1 层启用 BLB Block 1 噪声 (N=16384, fresh_gelu_out=22, encode_wffn2=14, encode_inv_d=14/14, rescale=[wffn2_result=off, mean=22, square=off, var=27])
已为 1 层启用 BLB Block 2 噪声 (N=16384, fresh_inv_std=28, fresh_x_centered=28, encode_gamma=20, encode_wq/wk/wv=22/22/22, encode_qkt_merge_mask=15, rescale=[normalize=off, gamma=28, wk=off, wq=off, wv=off, qkt=28, merge_mask=off])
已为 1 层启用 BLB Block 2 噪声 (N=16384, fresh_inv_std=20, fresh_x_centered=20, encode_gamma=16, encode_wq/wk/wv=16/16/22, encode_qkt_merge_mask=15, rescale=[normalize=off, gamma=28, wk=off, wq=off, wv=off, qkt=28, merge_mask=off])
已为 1 层启用 BLB Block 2 噪声 (N=16384, fresh_inv_std=28, fresh_x_centered=28, encode_gamma=20, encode_wq/wk/wv=22/22/22, encode_qkt_merge_mask=15, rescale=[normalize=off, gamma=28, wk=off, wq=off, wv=off, qkt=28, merge_mask=off])
已为 1 层启用 BLB Block 2 噪声 (N=16384, fresh_inv_std=20, fresh_x_centered=20, encode_gamma=16, encode_wq/wk/wv=16/16/22, encode_qkt_merge_mask=15, rescale=[normalize=off, gamma=28, wk=off, wq=off, wv=off, qkt=28, merge_mask=off])
已为 1 层启用 BLB Block 2 噪声 (N=16384, fresh_inv_std=28, fresh_x_centered=28, encode_gamma=20, encode_wq/wk/wv=22/22/22, encode_qkt_merge_mask=15, rescale=[normalize=off, gamma=28, wk=off, wq=off, wv=off, qkt=28, merge_mask=off])
已为 1 层启用 BLB Block 2 噪声 (N=16384, fresh_inv_std=28, fresh_x_centered=28, encode_gamma=20, encode_wq/wk/wv=22/22/22, encode_qkt_merge_mask=15, rescale=[normalize=off, gamma=28, wk=off, wq=off, wv=off, qkt=28, merge_mask=off])
已为 1 层启用 BLB Block 2 噪声 (N=16384, fresh_inv_std=20, fresh_x_centered=20, encode_gamma=16, encode_wq/wk/wv=16/16/22, encode_qkt_merge_mask=15, rescale=[normalize=off, gamma=28, wk=off, wq=off, wv=off, qkt=28, merge_mask=off])
已为 1 层启用 BLB Block 2 噪声 (N=16384, fresh_inv_std=28, fresh_x_centered=28, encode_gamma=20, encode_wq/wk/wv=22/22/22, encode_qkt_merge_mask=15, rescale=[normalize=off, gamma=28, wk=off, wq=off, wv=off, qkt=28, merge_mask=off])
已为 1 层启用 BLB Block 2 噪声 (N=16384, fresh_inv_std=28, fresh_x_centered=28, encode_gamma=20, encode_wq/wk/wv=22/22/22, encode_qkt_merge_mask=15, rescale=[normalize=off, gamma=28, wk=off, wq=off, wv=off, qkt=28, merge_mask=off])
已为 1 层启用 BLB Block 2 噪声 (N=16384, fresh_inv_std=20, fresh_x_centered=20, encode_gamma=16, encode_wq/wk/wv=16/16/22, encode_qkt_merge_mask=15, rescale=[normalize=off, gamma=28, wk=off, wq=off, wv=off, qkt=28, merge_mask=off])
已为 1 层启用 BLB Block 2 噪声 (N=16384, fresh_inv_std=28, fresh_x_centered=28, encode_gamma=20, encode_wq/wk/wv=22/22/22, encode_qkt_merge_mask=15, rescale=[normalize=off, gamma=28, wk=off, wq=off, wv=off, qkt=28, merge_mask=off])
已为 1 层启用 BLB Block 2 噪声 (N=16384, fresh_inv_std=28, fresh_x_centered=28, encode_gamma=20, encode_wq/wk/wv=22/22/22, encode_qkt_merge_mask=15, rescale=[normalize=off, gamma=28, wk=off, wq=off, wv=off, qkt=28, merge_mask=off])
已为 1 层启用 BLB Block 4 噪声 (N=16384, fresh_softmax/V=35/25, encode_masks(sm/V/sm_v)=14/14/14, encode_wo=22, encode_ln_inv_d=20/20, rescale=[sm_mask=off, v_mask=off, sm_v_matmul=31, sm_v_mask=off, wo=off, ln_mean=31, ln_sq=31, ln_var=off])
已为 1 层启用 BLB Block 4 噪声 (N=16384, fresh_softmax/V=35/25, encode_masks(sm/V/sm_v)=14/14/14, encode_wo=22, encode_ln_inv_d=20/20, rescale=[sm_mask=off, v_mask=off, sm_v_matmul=31, sm_v_mask=off, wo=off, ln_mean=31, ln_sq=31, ln_var=off])
已为 1 层启用 BLB Block 4 噪声 (N=16384, fresh_softmax/V=35/25, encode_masks(sm/V/sm_v)=14/14/14, encode_wo=22, encode_ln_inv_d=20/20, rescale=[sm_mask=off, v_mask=off, sm_v_matmul=31, sm_v_mask=off, wo=off, ln_mean=31, ln_sq=31, ln_var=off])
已为 1 层启用 BLB Block 4 噪声 (N=16384, fresh_softmax/V=29/25, encode_masks(sm/V/sm_v)=14/14/14, encode_wo=16, encode_ln_inv_d=16/20, rescale=[sm_mask=off, v_mask=off, sm_v_matmul=23, sm_v_mask=off, wo=off, ln_mean=21, ln_sq=31, ln_var=off])
已为 1 层启用 BLB Block 4 噪声 (N=16384, fresh_softmax/V=29/25, encode_masks(sm/V/sm_v)=14/14/14, encode_wo=16, encode_ln_inv_d=16/20, rescale=[sm_mask=off, v_mask=off, sm_v_matmul=23, sm_v_mask=off, wo=off, ln_mean=21, ln_sq=31, ln_var=off])
已为 1 层启用 BLB Block 4 噪声 (N=16384, fresh_softmax/V=35/25, encode_masks(sm/V/sm_v)=14/14/14, encode_wo=22, encode_ln_inv_d=20/20, rescale=[sm_mask=off, v_mask=off, sm_v_matmul=31, sm_v_mask=off, wo=off, ln_mean=31, ln_sq=31, ln_var=off])
已为 1 层启用 BLB Block 4 噪声 (N=16384, fresh_softmax/V=29/25, encode_masks(sm/V/sm_v)=14/14/14, encode_wo=16, encode_ln_inv_d=16/20, rescale=[sm_mask=off, v_mask=off, sm_v_matmul=23, sm_v_mask=off, wo=off, ln_mean=21, ln_sq=31, ln_var=off])
已为 1 层启用 BLB Block 4 噪声 (N=16384, fresh_softmax/V=29/25, encode_masks(sm/V/sm_v)=14/14/14, encode_wo=16, encode_ln_inv_d=16/20, rescale=[sm_mask=off, v_mask=off, sm_v_matmul=23, sm_v_mask=off, wo=off, ln_mean=21, ln_sq=31, ln_var=off])
已为 1 层启用 BLB Block 4 噪声 (N=16384, fresh_softmax/V=35/25, encode_masks(sm/V/sm_v)=14/14/14, encode_wo=22, encode_ln_inv_d=20/20, rescale=[sm_mask=off, v_mask=off, sm_v_matmul=31, sm_v_mask=off, wo=off, ln_mean=31, ln_sq=31, ln_var=off])
已为 1 层启用 BLB Block 4 噪声 (N=16384, fresh_softmax/V=29/25, encode_masks(sm/V/sm_v)=14/14/14, encode_wo=16, encode_ln_inv_d=16/20, rescale=[sm_mask=off, v_mask=off, sm_v_matmul=23, sm_v_mask=off, wo=off, ln_mean=21, ln_sq=31, ln_var=off])
已为 1 层启用 BLB Block 4 噪声 (N=16384, fresh_softmax/V=35/25, encode_masks(sm/V/sm_v)=14/14/14, encode_wo=22, encode_ln_inv_d=20/20, rescale=[sm_mask=off, v_mask=off, sm_v_matmul=31, sm_v_mask=off, wo=off, ln_mean=31, ln_sq=31, ln_var=off])
已为 1 层启用 BLB Block 4 噪声 (N=16384, fresh_softmax/V=35/25, encode_masks(sm/V/sm_v)=14/14/14, encode_wo=22, encode_ln_inv_d=20/20, rescale=[sm_mask=off, v_mask=off, sm_v_matmul=31, sm_v_mask=off, wo=off, ln_mean=31, ln_sq=31, ln_var=off])
已为 12 层启用 BLB Block 5 噪声 (gelu_degree∈{1,1,1,1,1,4,1,1,1,1,1,1}, N=16384, fresh_inv_std/x_centered=28/28, encode_gamma/wffn1/gelu_coeff=20/22/20, rescale=[normalize=26, gamma=off, wffn1=off, gelu_powers=[(none)], gelu_coeff_muls=[29]])
已为 1 层启用 BLB Block 1 噪声 (N=16384, fresh_gelu_out=22, encode_wffn2=14, encode_inv_d=14/14, rescale=[wffn2_result=off, mean=22, square=off, var=27])
已为 1 层启用 BLB Block 1 噪声 (N=16384, fresh_gelu_out=30, encode_wffn2=20, encode_inv_d=20/20, rescale=[wffn2_result=off, mean=30, square=off, var=27])
已为 1 层启用 BLB Block 1 噪声 (N=16384, fresh_gelu_out=22, encode_wffn2=14, encode_inv_d=14/14, rescale=[wffn2_result=off, mean=22, square=off, var=27])
已为 1 层启用 BLB Block 1 噪声 (N=16384, fresh_gelu_out=30, encode_wffn2=20, encode_inv_d=20/20, rescale=[wffn2_result=off, mean=30, square=off, var=27])
已为 1 层启用 BLB Block 1 噪声 (N=16384, fresh_gelu_out=22, encode_wffn2=14, encode_inv_d=14/14, rescale=[wffn2_result=off, mean=22, square=off, var=27])
已为 1 层启用 BLB Block 1 噪声 (N=16384, fresh_gelu_out=30, encode_wffn2=20, encode_inv_d=20/20, rescale=[wffn2_result=off, mean=30, square=off, var=27])
已为 1 层启用 BLB Block 1 噪声 (N=16384, fresh_gelu_out=30, encode_wffn2=20, encode_inv_d=20/20, rescale=[wffn2_result=off, mean=30, square=off, var=27])
已为 1 层启用 BLB Block 1 噪声 (N=16384, fresh_gelu_out=30, encode_wffn2=20, encode_inv_d=20/20, rescale=[wffn2_result=off, mean=30, square=off, var=27])
已为 1 层启用 BLB Block 1 噪声 (N=16384, fresh_gelu_out=30, encode_wffn2=20, encode_inv_d=20/20, rescale=[wffn2_result=off, mean=30, square=off, var=27])
已为 1 层启用 BLB Block 1 噪声 (N=16384, fresh_gelu_out=30, encode_wffn2=20, encode_inv_d=20/20, rescale=[wffn2_result=off, mean=30, square=off, var=27])
已为 1 层启用 BLB Block 1 噪声 (N=16384, fresh_gelu_out=22, encode_wffn2=14, encode_inv_d=14/14, rescale=[wffn2_result=off, mean=22, square=off, var=27])
已为 1 层启用 BLB Block 2 噪声 (N=16384, fresh_inv_std=28, fresh_x_centered=28, encode_gamma=20, encode_wq/wk/wv=22/22/22, encode_qkt_merge_mask=15, rescale=[normalize=off, gamma=28, wk=off, wq=off, wv=off, qkt=28, merge_mask=off])
已为 1 层启用 BLB Block 2 噪声 (N=16384, fresh_inv_std=20, fresh_x_centered=20, encode_gamma=16, encode_wq/wk/wv=16/16/22, encode_qkt_merge_mask=15, rescale=[normalize=off, gamma=28, wk=off, wq=off, wv=off, qkt=28, merge_mask=off])
已为 1 层启用 BLB Block 2 噪声 (N=16384, fresh_inv_std=28, fresh_x_centered=28, encode_gamma=20, encode_wq/wk/wv=22/22/22, encode_qkt_merge_mask=15, rescale=[normalize=off, gamma=28, wk=off, wq=off, wv=off, qkt=28, merge_mask=off])
已为 1 层启用 BLB Block 2 噪声 (N=16384, fresh_inv_std=20, fresh_x_centered=20, encode_gamma=16, encode_wq/wk/wv=16/16/22, encode_qkt_merge_mask=15, rescale=[normalize=off, gamma=28, wk=off, wq=off, wv=off, qkt=28, merge_mask=off])
已为 1 层启用 BLB Block 2 噪声 (N=16384, fresh_inv_std=28, fresh_x_centered=28, encode_gamma=20, encode_wq/wk/wv=22/22/22, encode_qkt_merge_mask=15, rescale=[normalize=off, gamma=28, wk=off, wq=off, wv=off, qkt=28, merge_mask=off])
已为 1 层启用 BLB Block 2 噪声 (N=16384, fresh_inv_std=28, fresh_x_centered=28, encode_gamma=20, encode_wq/wk/wv=22/22/22, encode_qkt_merge_mask=15, rescale=[normalize=off, gamma=28, wk=off, wq=off, wv=off, qkt=28, merge_mask=off])
已为 1 层启用 BLB Block 2 噪声 (N=16384, fresh_inv_std=20, fresh_x_centered=20, encode_gamma=16, encode_wq/wk/wv=16/16/22, encode_qkt_merge_mask=15, rescale=[normalize=off, gamma=28, wk=off, wq=off, wv=off, qkt=28, merge_mask=off])
已为 1 层启用 BLB Block 2 噪声 (N=16384, fresh_inv_std=28, fresh_x_centered=28, encode_gamma=20, encode_wq/wk/wv=22/22/22, encode_qkt_merge_mask=15, rescale=[normalize=off, gamma=28, wk=off, wq=off, wv=off, qkt=28, merge_mask=off])
已为 1 层启用 BLB Block 2 噪声 (N=16384, fresh_inv_std=28, fresh_x_centered=28, encode_gamma=20, encode_wq/wk/wv=22/22/22, encode_qkt_merge_mask=15, rescale=[normalize=off, gamma=28, wk=off, wq=off, wv=off, qkt=28, merge_mask=off])
已为 1 层启用 BLB Block 2 噪声 (N=16384, fresh_inv_std=20, fresh_x_centered=20, encode_gamma=16, encode_wq/wk/wv=16/16/22, encode_qkt_merge_mask=15, rescale=[normalize=off, gamma=28, wk=off, wq=off, wv=off, qkt=28, merge_mask=off])
已为 1 层启用 BLB Block 2 噪声 (N=16384, fresh_inv_std=28, fresh_x_centered=28, encode_gamma=20, encode_wq/wk/wv=22/22/22, encode_qkt_merge_mask=15, rescale=[normalize=off, gamma=28, wk=off, wq=off, wv=off, qkt=28, merge_mask=off])
已为 1 层启用 BLB Block 2 噪声 (N=16384, fresh_inv_std=28, fresh_x_centered=28, encode_gamma=20, encode_wq/wk/wv=22/22/22, encode_qkt_merge_mask=15, rescale=[normalize=off, gamma=28, wk=off, wq=off, wv=off, qkt=28, merge_mask=off])
已为 1 层启用 BLB Block 4 噪声 (N=16384, fresh_softmax/V=35/25, encode_masks(sm/V/sm_v)=14/14/14, encode_wo=22, encode_ln_inv_d=20/20, rescale=[sm_mask=off, v_mask=off, sm_v_matmul=31, sm_v_mask=off, wo=off, ln_mean=31, ln_sq=31, ln_var=off])
已为 1 层启用 BLB Block 4 噪声 (N=16384, fresh_softmax/V=35/25, encode_masks(sm/V/sm_v)=14/14/14, encode_wo=22, encode_ln_inv_d=20/20, rescale=[sm_mask=off, v_mask=off, sm_v_matmul=31, sm_v_mask=off, wo=off, ln_mean=31, ln_sq=31, ln_var=off])
已为 1 层启用 BLB Block 4 噪声 (N=16384, fresh_softmax/V=35/25, encode_masks(sm/V/sm_v)=14/14/14, encode_wo=22, encode_ln_inv_d=20/20, rescale=[sm_mask=off, v_mask=off, sm_v_matmul=31, sm_v_mask=off, wo=off, ln_mean=31, ln_sq=31, ln_var=off])
已为 1 层启用 BLB Block 4 噪声 (N=16384, fresh_softmax/V=29/25, encode_masks(sm/V/sm_v)=14/14/14, encode_wo=16, encode_ln_inv_d=16/20, rescale=[sm_mask=off, v_mask=off, sm_v_matmul=23, sm_v_mask=off, wo=off, ln_mean=21, ln_sq=31, ln_var=off])
已为 1 层启用 BLB Block 4 噪声 (N=16384, fresh_softmax/V=29/25, encode_masks(sm/V/sm_v)=14/14/14, encode_wo=16, encode_ln_inv_d=16/20, rescale=[sm_mask=off, v_mask=off, sm_v_matmul=23, sm_v_mask=off, wo=off, ln_mean=21, ln_sq=31, ln_var=off])
已为 1 层启用 BLB Block 4 噪声 (N=16384, fresh_softmax/V=35/25, encode_masks(sm/V/sm_v)=14/14/14, encode_wo=22, encode_ln_inv_d=20/20, rescale=[sm_mask=off, v_mask=off, sm_v_matmul=31, sm_v_mask=off, wo=off, ln_mean=31, ln_sq=31, ln_var=off])
已为 1 层启用 BLB Block 4 噪声 (N=16384, fresh_softmax/V=29/25, encode_masks(sm/V/sm_v)=14/14/14, encode_wo=16, encode_ln_inv_d=16/20, rescale=[sm_mask=off, v_mask=off, sm_v_matmul=23, sm_v_mask=off, wo=off, ln_mean=21, ln_sq=31, ln_var=off])
已为 1 层启用 BLB Block 4 噪声 (N=16384, fresh_softmax/V=29/25, encode_masks(sm/V/sm_v)=14/14/14, encode_wo=16, encode_ln_inv_d=16/20, rescale=[sm_mask=off, v_mask=off, sm_v_matmul=23, sm_v_mask=off, wo=off, ln_mean=21, ln_sq=31, ln_var=off])
已为 1 层启用 BLB Block 4 噪声 (N=16384, fresh_softmax/V=35/25, encode_masks(sm/V/sm_v)=14/14/14, encode_wo=22, encode_ln_inv_d=20/20, rescale=[sm_mask=off, v_mask=off, sm_v_matmul=31, sm_v_mask=off, wo=off, ln_mean=31, ln_sq=31, ln_var=off])
已为 1 层启用 BLB Block 4 噪声 (N=16384, fresh_softmax/V=29/25, encode_masks(sm/V/sm_v)=14/14/14, encode_wo=16, encode_ln_inv_d=16/20, rescale=[sm_mask=off, v_mask=off, sm_v_matmul=23, sm_v_mask=off, wo=off, ln_mean=21, ln_sq=31, ln_var=off])
已为 1 层启用 BLB Block 4 噪声 (N=16384, fresh_softmax/V=35/25, encode_masks(sm/V/sm_v)=14/14/14, encode_wo=22, encode_ln_inv_d=20/20, rescale=[sm_mask=off, v_mask=off, sm_v_matmul=31, sm_v_mask=off, wo=off, ln_mean=31, ln_sq=31, ln_var=off])
已为 1 层启用 BLB Block 4 噪声 (N=16384, fresh_softmax/V=35/25, encode_masks(sm/V/sm_v)=14/14/14, encode_wo=22, encode_ln_inv_d=20/20, rescale=[sm_mask=off, v_mask=off, sm_v_matmul=31, sm_v_mask=off, wo=off, ln_mean=31, ln_sq=31, ln_var=off])
已为 12 层启用 BLB Block 5 噪声 (gelu_degree∈{1,1,1,1,1,4,1,1,1,1,1,1}, N=16384, fresh_inv_std/x_centered=28/28, encode_gamma/wffn1/gelu_coeff=20/22/20, rescale=[normalize=26, gamma=off, wffn1=off, gelu_powers=[(none)], gelu_coeff_muls=[29]])
已为 1 层启用 BLB Block 1 噪声 (N=16384, fresh_gelu_out=22, encode_wffn2=14, encode_inv_d=14/14, rescale=[wffn2_result=off, mean=22, square=off, var=27])
已为 1 层启用 BLB Block 1 噪声 (N=16384, fresh_gelu_out=22, encode_wffn2=14, encode_inv_d=14/14, rescale=[wffn2_result=off, mean=22, square=off, var=27])
已为 1 层启用 BLB Block 1 噪声 (N=16384, fresh_gelu_out=22, encode_wffn2=14, encode_inv_d=14/14, rescale=[wffn2_result=off, mean=22, square=off, var=27])
已为 1 层启用 BLB Block 1 噪声 (N=16384, fresh_gelu_out=22, encode_wffn2=14, encode_inv_d=14/14, rescale=[wffn2_result=off, mean=22, square=off, var=27])
已为 1 层启用 BLB Block 1 噪声 (N=16384, fresh_gelu_out=30, encode_wffn2=20, encode_inv_d=20/20, rescale=[wffn2_result=off, mean=30, square=off, var=27])
已为 1 层启用 BLB Block 1 噪声 (N=16384, fresh_gelu_out=22, encode_wffn2=14, encode_inv_d=14/14, rescale=[wffn2_result=off, mean=22, square=off, var=27])
已为 1 层启用 BLB Block 1 噪声 (N=16384, fresh_gelu_out=30, encode_wffn2=20, encode_inv_d=20/20, rescale=[wffn2_result=off, mean=30, square=off, var=27])
已为 1 层启用 BLB Block 1 噪声 (N=16384, fresh_gelu_out=30, encode_wffn2=20, encode_inv_d=20/20, rescale=[wffn2_result=off, mean=30, square=off, var=27])
已为 1 层启用 BLB Block 1 噪声 (N=16384, fresh_gelu_out=30, encode_wffn2=20, encode_inv_d=20/20, rescale=[wffn2_result=off, mean=30, square=off, var=27])
已为 1 层启用 BLB Block 1 噪声 (N=16384, fresh_gelu_out=30, encode_wffn2=20, encode_inv_d=20/20, rescale=[wffn2_result=off, mean=30, square=off, var=27])
已为 1 层启用 BLB Block 1 噪声 (N=16384, fresh_gelu_out=22, encode_wffn2=14, encode_inv_d=14/14, rescale=[wffn2_result=off, mean=22, square=off, var=27])
已为 1 层启用 BLB Block 2 噪声 (N=16384, fresh_inv_std=28, fresh_x_centered=28, encode_gamma=20, encode_wq/wk/wv=22/22/22, encode_qkt_merge_mask=15, rescale=[normalize=off, gamma=28, wk=off, wq=off, wv=off, qkt=28, merge_mask=off])
已为 1 层启用 BLB Block 2 噪声 (N=16384, fresh_inv_std=20, fresh_x_centered=20, encode_gamma=16, encode_wq/wk/wv=16/16/22, encode_qkt_merge_mask=15, rescale=[normalize=off, gamma=28, wk=off, wq=off, wv=off, qkt=28, merge_mask=off])
已为 1 层启用 BLB Block 2 噪声 (N=16384, fresh_inv_std=28, fresh_x_centered=28, encode_gamma=20, encode_wq/wk/wv=22/22/22, encode_qkt_merge_mask=15, rescale=[normalize=off, gamma=28, wk=off, wq=off, wv=off, qkt=28, merge_mask=off])
已为 1 层启用 BLB Block 2 噪声 (N=16384, fresh_inv_std=20, fresh_x_centered=20, encode_gamma=16, encode_wq/wk/wv=16/16/22, encode_qkt_merge_mask=15, rescale=[normalize=off, gamma=28, wk=off, wq=off, wv=off, qkt=28, merge_mask=off])
已为 1 层启用 BLB Block 2 噪声 (N=16384, fresh_inv_std=28, fresh_x_centered=28, encode_gamma=20, encode_wq/wk/wv=22/22/22, encode_qkt_merge_mask=15, rescale=[normalize=off, gamma=28, wk=off, wq=off, wv=off, qkt=28, merge_mask=off])
已为 1 层启用 BLB Block 2 噪声 (N=16384, fresh_inv_std=28, fresh_x_centered=28, encode_gamma=20, encode_wq/wk/wv=22/22/22, encode_qkt_merge_mask=15, rescale=[normalize=off, gamma=28, wk=off, wq=off, wv=off, qkt=28, merge_mask=off])
已为 1 层启用 BLB Block 2 噪声 (N=16384, fresh_inv_std=20, fresh_x_centered=20, encode_gamma=16, encode_wq/wk/wv=16/16/22, encode_qkt_merge_mask=15, rescale=[normalize=off, gamma=28, wk=off, wq=off, wv=off, qkt=28, merge_mask=off])
已为 1 层启用 BLB Block 2 噪声 (N=16384, fresh_inv_std=20, fresh_x_centered=20, encode_gamma=16, encode_wq/wk/wv=16/16/22, encode_qkt_merge_mask=15, rescale=[normalize=off, gamma=28, wk=off, wq=off, wv=off, qkt=28, merge_mask=off])
已为 1 层启用 BLB Block 2 噪声 (N=16384, fresh_inv_std=20, fresh_x_centered=20, encode_gamma=16, encode_wq/wk/wv=16/16/22, encode_qkt_merge_mask=15, rescale=[normalize=off, gamma=28, wk=off, wq=off, wv=off, qkt=28, merge_mask=off])
已为 1 层启用 BLB Block 2 噪声 (N=16384, fresh_inv_std=28, fresh_x_centered=28, encode_gamma=20, encode_wq/wk/wv=22/22/22, encode_qkt_merge_mask=15, rescale=[normalize=off, gamma=28, wk=off, wq=off, wv=off, qkt=28, merge_mask=off])已为 1 层启用 BLB Block 1 噪声 (N=16384, fresh_gelu_out=22, encode_wffn2=14, encode_inv_d=14/14, rescale=[wffn2_result=off, mean=22, square=off, var=27])
已为 1 层启用 BLB Block 1 噪声 (N=16384, fresh_gelu_out=22, encode_wffn2=14, encode_inv_d=14/14, rescale=[wffn2_result=off, mean=22, square=off, var=27])
已为 1 层启用 BLB Block 1 噪声 (N=16384, fresh_gelu_out=22, encode_wffn2=14, encode_inv_d=14/14, rescale=[wffn2_result=off, mean=22, square=off, var=27])
已为 1 层启用 BLB Block 1 噪声 (N=16384, fresh_gelu_out=22, encode_wffn2=14, encode_inv_d=14/14, rescale=[wffn2_result=off, mean=22, square=off, var=27])
已为 1 层启用 BLB Block 1 噪声 (N=16384, fresh_gelu_out=22, encode_wffn2=14, encode_inv_d=14/14, rescale=[wffn2_result=off, mean=22, square=off, var=27])
已为 1 层启用 BLB Block 1 噪声 (N=16384, fresh_gelu_out=22, encode_wffn2=14, encode_inv_d=14/14, rescale=[wffn2_result=off, mean=22, square=off, var=27])
已为 1 层启用 BLB Block 1 噪声 (N=16384, fresh_gelu_out=22, encode_wffn2=14, encode_inv_d=14/14, rescale=[wffn2_result=off, mean=22, square=off, var=27])
已为 1 层启用 BLB Block 1 噪声 (N=16384, fresh_gelu_out=30, encode_wffn2=20, encode_inv_d=20/20, rescale=[wffn2_result=off, mean=30, square=off, var=27])
已为 1 层启用 BLB Block 1 噪声 (N=16384, fresh_gelu_out=22, encode_wffn2=14, encode_inv_d=14/14, rescale=[wffn2_result=off, mean=22, square=off, var=27])
已为 1 层启用 BLB Block 1 噪声 (N=16384, fresh_gelu_out=30, encode_wffn2=20, encode_inv_d=20/20, rescale=[wffn2_result=off, mean=30, square=off, var=27])
已为 1 层启用 BLB Block 1 噪声 (N=16384, fresh_gelu_out=30, encode_wffn2=20, encode_inv_d=20/20, rescale=[wffn2_result=off, mean=30, square=off, var=27])
已为 1 层启用 BLB Block 1 噪声 (N=16384, fresh_gelu_out=30, encode_wffn2=20, encode_inv_d=20/20, rescale=[wffn2_result=off, mean=30, square=off, var=27])
已为 1 层启用 BLB Block 1 噪声 (N=16384, fresh_gelu_out=30, encode_wffn2=20, encode_inv_d=20/20, rescale=[wffn2_result=off, mean=30, square=off, var=27])
已为 1 层启用 BLB Block 1 噪声 (N=16384, fresh_gelu_out=22, encode_wffn2=14, encode_inv_d=14/14, rescale=[wffn2_result=off, mean=22, square=off, var=27])
已为 1 层启用 BLB Block 2 噪声 (N=16384, fresh_inv_std=28, fresh_x_centered=28, encode_gamma=20, encode_wq/wk/wv=22/22/22, encode_qkt_merge_mask=15, rescale=[normalize=off, gamma=28, wk=off, wq=off, wv=off, qkt=28, merge_mask=off])
已为 1 层启用 BLB Block 2 噪声 (N=16384, fresh_inv_std=20, fresh_x_centered=20, encode_gamma=16, encode_wq/wk/wv=16/16/22, encode_qkt_merge_mask=15, rescale=[normalize=off, gamma=28, wk=off, wq=off, wv=off, qkt=28, merge_mask=off])
已为 1 层启用 BLB Block 2 噪声 (N=16384, fresh_inv_std=28, fresh_x_centered=28, encode_gamma=20, encode_wq/wk/wv=22/22/22, encode_qkt_merge_mask=15, rescale=[normalize=off, gamma=28, wk=off, wq=off, wv=off, qkt=28, merge_mask=off])
已为 1 层启用 BLB Block 2 噪声 (N=16384, fresh_inv_std=20, fresh_x_centered=20, encode_gamma=16, encode_wq/wk/wv=16/16/22, encode_qkt_merge_mask=15, rescale=[normalize=off, gamma=28, wk=off, wq=off, wv=off, qkt=28, merge_mask=off])
已为 1 层启用 BLB Block 2 噪声 (N=16384, fresh_inv_std=28, fresh_x_centered=28, encode_gamma=20, encode_wq/wk/wv=22/22/22, encode_qkt_merge_mask=15, rescale=[normalize=off, gamma=28, wk=off, wq=off, wv=off, qkt=28, merge_mask=off])
已为 1 层启用 BLB Block 2 噪声 (N=16384, fresh_inv_std=28, fresh_x_centered=28, encode_gamma=20, encode_wq/wk/wv=22/22/22, encode_qkt_merge_mask=15, rescale=[normalize=off, gamma=28, wk=off, wq=off, wv=off, qkt=28, merge_mask=off])
已为 1 层启用 BLB Block 2 噪声 (N=16384, fresh_inv_std=20, fresh_x_centered=20, encode_gamma=16, encode_wq/wk/wv=16/16/22, encode_qkt_merge_mask=15, rescale=[normalize=off, gamma=28, wk=off, wq=off, wv=off, qkt=28, merge_mask=off])
已为 1 层启用 BLB Block 2 噪声 (N=16384, fresh_inv_std=20, fresh_x_centered=20, encode_gamma=16, encode_wq/wk/wv=16/16/22, encode_qkt_merge_mask=15, rescale=[normalize=off, gamma=28, wk=off, wq=off, wv=off, qkt=28, merge_mask=off])
已为 1 层启用 BLB Block 2 噪声 (N=16384, fresh_inv_std=20, fresh_x_centered=20, encode_gamma=16, encode_wq/wk/wv=16/16/22, encode_qkt_merge_mask=15, rescale=[normalize=off, gamma=28, wk=off, wq=off, wv=off, qkt=28, merge_mask=off])
已为 1 层启用 BLB Block 2 噪声 (N=16384, fresh_inv_std=28, fresh_x_centered=28, encode_gamma=20, encode_wq/wk/wv=22/22/22, encode_qkt_merge_mask=15, rescale=[normalize=off, gamma=28, wk=off, wq=off, wv=off, qkt=28, merge_mask=off])
已为 1 层启用 BLB Block 2 噪声 (N=16384, fresh_inv_std=20, fresh_x_centered=20, encode_gamma=16, encode_wq/wk/wv=16/16/22, encode_qkt_merge_mask=15, rescale=[normalize=off, gamma=28, wk=off, wq=off, wv=off, qkt=28, merge_mask=off])
已为 1 层启用 BLB Block 2 噪声 (N=16384, fresh_inv_std=28, fresh_x_centered=28, encode_gamma=20, encode_wq/wk/wv=22/22/22, encode_qkt_merge_mask=15, rescale=[normalize=off, gamma=28, wk=off, wq=off, wv=off, qkt=28, merge_mask=off])
已为 1 层启用 BLB Block 4 噪声 (N=16384, fresh_softmax/V=35/25, encode_masks(sm/V/sm_v)=14/14/14, encode_wo=22, encode_ln_inv_d=20/20, rescale=[sm_mask=off, v_mask=off, sm_v_matmul=31, sm_v_mask=off, wo=off, ln_mean=31, ln_sq=31, ln_var=off])
已为 1 层启用 BLB Block 4 噪声 (N=16384, fresh_softmax/V=35/25, encode_masks(sm/V/sm_v)=14/14/14, encode_wo=22, encode_ln_inv_d=20/20, rescale=[sm_mask=off, v_mask=off, sm_v_matmul=31, sm_v_mask=off, wo=off, ln_mean=31, ln_sq=31, ln_var=off])
已为 1 层启用 BLB Block 4 噪声 (N=16384, fresh_softmax/V=35/25, encode_masks(sm/V/sm_v)=14/14/14, encode_wo=22, encode_ln_inv_d=20/20, rescale=[sm_mask=off, v_mask=off, sm_v_matmul=31, sm_v_mask=off, wo=off, ln_mean=31, ln_sq=31, ln_var=off])
已为 1 层启用 BLB Block 4 噪声 (N=16384, fresh_softmax/V=29/25, encode_masks(sm/V/sm_v)=14/14/14, encode_wo=16, encode_ln_inv_d=16/20, rescale=[sm_mask=off, v_mask=off, sm_v_matmul=23, sm_v_mask=off, wo=off, ln_mean=21, ln_sq=31, ln_var=off])
已为 1 层启用 BLB Block 4 噪声 (N=16384, fresh_softmax/V=29/25, encode_masks(sm/V/sm_v)=14/14/14, encode_wo=16, encode_ln_inv_d=16/20, rescale=[sm_mask=off, v_mask=off, sm_v_matmul=23, sm_v_mask=off, wo=off, ln_mean=21, ln_sq=31, ln_var=off])
已为 1 层启用 BLB Block 4 噪声 (N=16384, fresh_softmax/V=29/25, encode_masks(sm/V/sm_v)=14/14/14, encode_wo=16, encode_ln_inv_d=16/20, rescale=[sm_mask=off, v_mask=off, sm_v_matmul=23, sm_v_mask=off, wo=off, ln_mean=21, ln_sq=31, ln_var=off])
已为 1 层启用 BLB Block 4 噪声 (N=16384, fresh_softmax/V=29/25, encode_masks(sm/V/sm_v)=14/14/14, encode_wo=16, encode_ln_inv_d=16/20, rescale=[sm_mask=off, v_mask=off, sm_v_matmul=23, sm_v_mask=off, wo=off, ln_mean=21, ln_sq=31, ln_var=off])
已为 1 层启用 BLB Block 4 噪声 (N=16384, fresh_softmax/V=35/25, encode_masks(sm/V/sm_v)=14/14/14, encode_wo=22, encode_ln_inv_d=20/20, rescale=[sm_mask=off, v_mask=off, sm_v_matmul=31, sm_v_mask=off, wo=off, ln_mean=31, ln_sq=31, ln_var=off])
已为 1 层启用 BLB Block 4 噪声 (N=16384, fresh_softmax/V=29/25, encode_masks(sm/V/sm_v)=14/14/14, encode_wo=16, encode_ln_inv_d=16/20, rescale=[sm_mask=off, v_mask=off, sm_v_matmul=23, sm_v_mask=off, wo=off, ln_mean=21, ln_sq=31, ln_var=off])
已为 1 层启用 BLB Block 4 噪声 (N=16384, fresh_softmax/V=35/25, encode_masks(sm/V/sm_v)=14/14/14, encode_wo=22, encode_ln_inv_d=20/20, rescale=[sm_mask=off, v_mask=off, sm_v_matmul=31, sm_v_mask=off, wo=off, ln_mean=31, ln_sq=31, ln_var=off])
已为 1 层启用 BLB Block 4 噪声 (N=16384, fresh_softmax/V=29/25, encode_masks(sm/V/sm_v)=14/14/14, encode_wo=16, encode_ln_inv_d=16/20, rescale=[sm_mask=off, v_mask=off, sm_v_matmul=23, sm_v_mask=off, wo=off, ln_mean=21, ln_sq=31, ln_var=off])
已为 1 层启用 BLB Block 4 噪声 (N=16384, fresh_softmax/V=29/25, encode_masks(sm/V/sm_v)=14/14/14, encode_wo=16, encode_ln_inv_d=16/20, rescale=[sm_mask=off, v_mask=off, sm_v_matmul=23, sm_v_mask=off, wo=off, ln_mean=21, ln_sq=31, ln_var=off])
已为 12 层启用 BLB Block 5 噪声 (gelu_degree∈{1,1,1,1,1,4,1,1,1,1,1,1}, N=16384, fresh_inv_std/x_centered=28/28, encode_gamma/wffn1/gelu_coeff=20/22/20, rescale=[normalize=26, gamma=off, wffn1=off, gelu_powers=[(none)], gelu_coeff_muls=[29]])已为 1 层启用 BLB Block 1 噪声 (N=16384, fresh_gelu_out=22, encode_wffn2=14, encode_inv_d=14/14, rescale=[wffn2_result=off, mean=22, square=off, var=27])
已为 1 层启用 BLB Block 1 噪声 (N=16384, fresh_gelu_out=30, encode_wffn2=20, encode_inv_d=20/20, rescale=[wffn2_result=off, mean=30, square=off, var=27])
已为 1 层启用 BLB Block 1 噪声 (N=16384, fresh_gelu_out=22, encode_wffn2=14, encode_inv_d=14/14, rescale=[wffn2_result=off, mean=22, square=off, var=27])
已为 1 层启用 BLB Block 1 噪声 (N=16384, fresh_gelu_out=30, encode_wffn2=20, encode_inv_d=20/20, rescale=[wffn2_result=off, mean=30, square=off, var=27])

已为 1 层启用 BLB Block 2 噪声 (N=16384, fresh_inv_std=20, fresh_x_centered=20, encode_gamma=16, encode_wq/wk/wv=16/16/22, encode_qkt_merge_mask=15, rescale=[normalize=off, gamma=28, wk=off, wq=off, wv=off, qkt=28, merge_mask=off])
已为 1 层启用 BLB Block 2 噪声 (N=16384, fresh_inv_std=28, fresh_x_centered=28, encode_gamma=20, encode_wq/wk/wv=22/22/22, encode_qkt_merge_mask=15, rescale=[normalize=off, gamma=28, wk=off, wq=off, wv=off, qkt=28, merge_mask=off])
已为 1 层启用 BLB Block 4 噪声 (N=16384, fresh_softmax/V=35/25, encode_masks(sm/V/sm_v)=14/14/14, encode_wo=22, encode_ln_inv_d=20/20, rescale=[sm_mask=off, v_mask=off, sm_v_matmul=31, sm_v_mask=off, wo=off, ln_mean=31, ln_sq=31, ln_var=off])
已为 1 层启用 BLB Block 4 噪声 (N=16384, fresh_softmax/V=35/25, encode_masks(sm/V/sm_v)=14/14/14, encode_wo=22, encode_ln_inv_d=20/20, rescale=[sm_mask=off, v_mask=off, sm_v_matmul=31, sm_v_mask=off, wo=off, ln_mean=31, ln_sq=31, ln_var=off])
已为 1 层启用 BLB Block 4 噪声 (N=16384, fresh_softmax/V=35/25, encode_masks(sm/V/sm_v)=14/14/14, encode_wo=22, encode_ln_inv_d=20/20, rescale=[sm_mask=off, v_mask=off, sm_v_matmul=31, sm_v_mask=off, wo=off, ln_mean=31, ln_sq=31, ln_var=off])
已为 1 层启用 BLB Block 4 噪声 (N=16384, fresh_softmax/V=29/25, encode_masks(sm/V/sm_v)=14/14/14, encode_wo=16, encode_ln_inv_d=16/20, rescale=[sm_mask=off, v_mask=off, sm_v_matmul=23, sm_v_mask=off, wo=off, ln_mean=21, ln_sq=31, ln_var=off])
已为 1 层启用 BLB Block 4 噪声 (N=16384, fresh_softmax/V=29/25, encode_masks(sm/V/sm_v)=14/14/14, encode_wo=16, encode_ln_inv_d=16/20, rescale=[sm_mask=off, v_mask=off, sm_v_matmul=23, sm_v_mask=off, wo=off, ln_mean=21, ln_sq=31, ln_var=off])
已为 1 层启用 BLB Block 4 噪声 (N=16384, fresh_softmax/V=29/25, encode_masks(sm/V/sm_v)=14/14/14, encode_wo=16, encode_ln_inv_d=16/20, rescale=[sm_mask=off, v_mask=off, sm_v_matmul=23, sm_v_mask=off, wo=off, ln_mean=21, ln_sq=31, ln_var=off])
已为 1 层启用 BLB Block 4 噪声 (N=16384, fresh_softmax/V=29/25, encode_masks(sm/V/sm_v)=14/14/14, encode_wo=16, encode_ln_inv_d=16/20, rescale=[sm_mask=off, v_mask=off, sm_v_matmul=23, sm_v_mask=off, wo=off, ln_mean=21, ln_sq=31, ln_var=off])
已为 1 层启用 BLB Block 4 噪声 (N=16384, fresh_softmax/V=35/25, encode_masks(sm/V/sm_v)=14/14/14, encode_wo=22, encode_ln_inv_d=20/20, rescale=[sm_mask=off, v_mask=off, sm_v_matmul=31, sm_v_mask=off, wo=off, ln_mean=31, ln_sq=31, ln_var=off])
已为 1 层启用 BLB Block 4 噪声 (N=16384, fresh_softmax/V=29/25, encode_masks(sm/V/sm_v)=14/14/14, encode_wo=16, encode_ln_inv_d=16/20, rescale=[sm_mask=off, v_mask=off, sm_v_matmul=23, sm_v_mask=off, wo=off, ln_mean=21, ln_sq=31, ln_var=off])
已为 1 层启用 BLB Block 4 噪声 (N=16384, fresh_softmax/V=35/25, encode_masks(sm/V/sm_v)=14/14/14, encode_wo=22, encode_ln_inv_d=20/20, rescale=[sm_mask=off, v_mask=off, sm_v_matmul=31, sm_v_mask=off, wo=off, ln_mean=31, ln_sq=31, ln_var=off])
已为 1 层启用 BLB Block 4 噪声 (N=16384, fresh_softmax/V=29/25, encode_masks(sm/V/sm_v)=14/14/14, encode_wo=16, encode_ln_inv_d=16/20, rescale=[sm_mask=off, v_mask=off, sm_v_matmul=23, sm_v_mask=off, wo=off, ln_mean=21, ln_sq=31, ln_var=off])
已为 1 层启用 BLB Block 4 噪声 (N=16384, fresh_softmax/V=29/25, encode_masks(sm/V/sm_v)=14/14/14, encode_wo=16, encode_ln_inv_d=16/20, rescale=[sm_mask=off, v_mask=off, sm_v_matmul=23, sm_v_mask=off, wo=off, ln_mean=21, ln_sq=31, ln_var=off])
已为 12 层启用 BLB Block 5 噪声 (gelu_degree∈{1,1,1,1,1,4,1,1,1,1,1,1}, N=16384, fresh_inv_std/x_centered=28/28, encode_gamma/wffn1/gelu_coeff=20/22/20, rescale=[normalize=26, gamma=off, wffn1=off, gelu_powers=[(none)], gelu_coeff_muls=[29]])
已为 1 层启用 BLB Block 1 噪声 (N=16384, fresh_gelu_out=30, encode_wffn2=20, encode_inv_d=20/20, rescale=[wffn2_result=off, mean=30, square=off, var=27])
已为 1 层启用 BLB Block 1 噪声 (N=16384, fresh_gelu_out=30, encode_wffn2=20, encode_inv_d=20/20, rescale=[wffn2_result=off, mean=30, square=off, var=27])
已为 1 层启用 BLB Block 1 噪声 (N=16384, fresh_gelu_out=30, encode_wffn2=20, encode_inv_d=20/20, rescale=[wffn2_result=off, mean=30, square=off, var=27])
已为 1 层启用 BLB Block 1 噪声 (N=16384, fresh_gelu_out=22, encode_wffn2=14, encode_inv_d=14/14, rescale=[wffn2_result=off, mean=22, square=off, var=27])
已为 1 层启用 BLB Block 2 噪声 (N=16384, fresh_inv_std=28, fresh_x_centered=28, encode_gamma=20, encode_wq/wk/wv=22/22/22, encode_qkt_merge_mask=15, rescale=[normalize=off, gamma=28, wk=off, wq=off, wv=off, qkt=28, merge_mask=off])
已为 1 层启用 BLB Block 2 噪声 (N=16384, fresh_inv_std=20, fresh_x_centered=20, encode_gamma=16, encode_wq/wk/wv=16/16/22, encode_qkt_merge_mask=15, rescale=[normalize=off, gamma=28, wk=off, wq=off, wv=off, qkt=28, merge_mask=off])
已为 1 层启用 BLB Block 2 噪声 (N=16384, fresh_inv_std=28, fresh_x_centered=28, encode_gamma=20, encode_wq/wk/wv=22/22/22, encode_qkt_merge_mask=15, rescale=[normalize=off, gamma=28, wk=off, wq=off, wv=off, qkt=28, merge_mask=off])
已为 1 层启用 BLB Block 2 噪声 (N=16384, fresh_inv_std=20, fresh_x_centered=20, encode_gamma=16, encode_wq/wk/wv=16/16/22, encode_qkt_merge_mask=15, rescale=[normalize=off, gamma=28, wk=off, wq=off, wv=off, qkt=28, merge_mask=off])
已为 1 层启用 BLB Block 2 噪声 (N=16384, fresh_inv_std=28, fresh_x_centered=28, encode_gamma=20, encode_wq/wk/wv=22/22/22, encode_qkt_merge_mask=15, rescale=[normalize=off, gamma=28, wk=off, wq=off, wv=off, qkt=28, merge_mask=off])
已为 1 层启用 BLB Block 2 噪声 (N=16384, fresh_inv_std=28, fresh_x_centered=28, encode_gamma=20, encode_wq/wk/wv=22/22/22, encode_qkt_merge_mask=15, rescale=[normalize=off, gamma=28, wk=off, wq=off, wv=off, qkt=28, merge_mask=off])
已为 1 层启用 BLB Block 2 噪声 (N=16384, fresh_inv_std=20, fresh_x_centered=20, encode_gamma=16, encode_wq/wk/wv=16/16/22, encode_qkt_merge_mask=15, rescale=[normalize=off, gamma=28, wk=off, wq=off, wv=off, qkt=28, merge_mask=off])
已为 1 层启用 BLB Block 2 噪声 (N=16384, fresh_inv_std=20, fresh_x_centered=20, encode_gamma=16, encode_wq/wk/wv=16/16/22, encode_qkt_merge_mask=15, rescale=[normalize=off, gamma=28, wk=off, wq=off, wv=off, qkt=28, merge_mask=off])
已为 1 层启用 BLB Block 2 噪声 (N=16384, fresh_inv_std=20, fresh_x_centered=20, encode_gamma=16, encode_wq/wk/wv=16/16/22, encode_qkt_merge_mask=15, rescale=[normalize=off, gamma=28, wk=off, wq=off, wv=off, qkt=28, merge_mask=off])
已为 1 层启用 BLB Block 2 噪声 (N=16384, fresh_inv_std=28, fresh_x_centered=28, encode_gamma=20, encode_wq/wk/wv=22/22/22, encode_qkt_merge_mask=15, rescale=[normalize=off, gamma=28, wk=off, wq=off, wv=off, qkt=28, merge_mask=off])
已为 1 层启用 BLB Block 2 噪声 (N=16384, fresh_inv_std=20, fresh_x_centered=20, encode_gamma=16, encode_wq/wk/wv=16/16/22, encode_qkt_merge_mask=15, rescale=[normalize=off, gamma=28, wk=off, wq=off, wv=off, qkt=28, merge_mask=off])
已为 1 层启用 BLB Block 2 噪声 (N=16384, fresh_inv_std=28, fresh_x_centered=28, encode_gamma=20, encode_wq/wk/wv=22/22/22, encode_qkt_merge_mask=15, rescale=[normalize=off, gamma=28, wk=off, wq=off, wv=off, qkt=28, merge_mask=off])
已为 1 层启用 BLB Block 4 噪声 (N=16384, fresh_softmax/V=35/25, encode_masks(sm/V/sm_v)=14/14/14, encode_wo=22, encode_ln_inv_d=20/20, rescale=[sm_mask=off, v_mask=off, sm_v_matmul=31, sm_v_mask=off, wo=off, ln_mean=31, ln_sq=31, ln_var=off])
已为 1 层启用 BLB Block 4 噪声 (N=16384, fresh_softmax/V=35/25, encode_masks(sm/V/sm_v)=14/14/14, encode_wo=22, encode_ln_inv_d=20/20, rescale=[sm_mask=off, v_mask=off, sm_v_matmul=31, sm_v_mask=off, wo=off, ln_mean=31, ln_sq=31, ln_var=off])

已为 1 层启用 BLB Block 4 噪声 (N=16384, fresh_softmax/V=35/25, encode_masks(sm/V/sm_v)=14/14/14, encode_wo=22, encode_ln_inv_d=20/20, rescale=[sm_mask=off, v_mask=off, sm_v_matmul=31, sm_v_mask=off, wo=off, ln_mean=31, ln_sq=31, ln_var=off])
已为 1 层启用 BLB Block 4 噪声 (N=16384, fresh_softmax/V=29/25, encode_masks(sm/V/sm_v)=14/14/14, encode_wo=16, encode_ln_inv_d=16/20, rescale=[sm_mask=off, v_mask=off, sm_v_matmul=23, sm_v_mask=off, wo=off, ln_mean=21, ln_sq=31, ln_var=off])
已为 1 层启用 BLB Block 4 噪声 (N=16384, fresh_softmax/V=29/25, encode_masks(sm/V/sm_v)=14/14/14, encode_wo=16, encode_ln_inv_d=16/20, rescale=[sm_mask=off, v_mask=off, sm_v_matmul=23, sm_v_mask=off, wo=off, ln_mean=21, ln_sq=31, ln_var=off])
已为 1 层启用 BLB Block 4 噪声 (N=16384, fresh_softmax/V=29/25, encode_masks(sm/V/sm_v)=14/14/14, encode_wo=16, encode_ln_inv_d=16/20, rescale=[sm_mask=off, v_mask=off, sm_v_matmul=23, sm_v_mask=off, wo=off, ln_mean=21, ln_sq=31, ln_var=off])
已为 1 层启用 BLB Block 4 噪声 (N=16384, fresh_softmax/V=29/25, encode_masks(sm/V/sm_v)=14/14/14, encode_wo=16, encode_ln_inv_d=16/20, rescale=[sm_mask=off, v_mask=off, sm_v_matmul=23, sm_v_mask=off, wo=off, ln_mean=21, ln_sq=31, ln_var=off])
已为 1 层启用 BLB Block 4 噪声 (N=16384, fresh_softmax/V=35/25, encode_masks(sm/V/sm_v)=14/14/14, encode_wo=22, encode_ln_inv_d=20/20, rescale=[sm_mask=off, v_mask=off, sm_v_matmul=31, sm_v_mask=off, wo=off, ln_mean=31, ln_sq=31, ln_var=off])
已为 1 层启用 BLB Block 4 噪声 (N=16384, fresh_softmax/V=29/25, encode_masks(sm/V/sm_v)=14/14/14, encode_wo=16, encode_ln_inv_d=16/20, rescale=[sm_mask=off, v_mask=off, sm_v_matmul=23, sm_v_mask=off, wo=off, ln_mean=21, ln_sq=31, ln_var=off])
已为 1 层启用 BLB Block 4 噪声 (N=16384, fresh_softmax/V=35/25, encode_masks(sm/V/sm_v)=14/14/14, encode_wo=22, encode_ln_inv_d=20/20, rescale=[sm_mask=off, v_mask=off, sm_v_matmul=31, sm_v_mask=off, wo=off, ln_mean=31, ln_sq=31, ln_var=off])
已为 1 层启用 BLB Block 4 噪声 (N=16384, fresh_softmax/V=29/25, encode_masks(sm/V/sm_v)=14/14/14, encode_wo=16, encode_ln_inv_d=16/20, rescale=[sm_mask=off, v_mask=off, sm_v_matmul=23, sm_v_mask=off, wo=off, ln_mean=21, ln_sq=31, ln_var=off])
已为 1 层启用 BLB Block 4 噪声 (N=16384, fresh_softmax/V=29/25, encode_masks(sm/V/sm_v)=14/14/14, encode_wo=16, encode_ln_inv_d=16/20, rescale=[sm_mask=off, v_mask=off, sm_v_matmul=23, sm_v_mask=off, wo=off, ln_mean=21, ln_sq=31, ln_var=off])
已为 12 层启用 BLB Block 5 噪声 (gelu_degree∈{1,1,1,1,1,4,1,1,1,1,1,1}, N=16384, fresh_inv_std/x_centered=28/28, encode_gamma/wffn1/gelu_coeff=20/22/20, rescale=[normalize=26, gamma=off, wffn1=off, gelu_powers=[(none)], gelu_coeff_muls=[29]])
已为 1 层启用 BLB Block 1 噪声 (N=16384, fresh_gelu_out=22, encode_wffn2=14, encode_inv_d=14/14, rescale=[wffn2_result=off, mean=22, square=off, var=27])
已为 1 层启用 BLB Block 1 噪声 (N=16384, fresh_gelu_out=22, encode_wffn2=14, encode_inv_d=14/14, rescale=[wffn2_result=off, mean=22, square=off, var=27])
已为 1 层启用 BLB Block 1 噪声 (N=16384, fresh_gelu_out=22, encode_wffn2=14, encode_inv_d=14/14, rescale=[wffn2_result=off, mean=22, square=off, var=27])
已为 1 层启用 BLB Block 1 噪声 (N=16384, fresh_gelu_out=22, encode_wffn2=14, encode_inv_d=14/14, rescale=[wffn2_result=off, mean=22, square=off, var=27])
已为 1 层启用 BLB Block 1 噪声 (N=16384, fresh_gelu_out=30, encode_wffn2=20, encode_inv_d=20/20, rescale=[wffn2_result=off, mean=30, square=off, var=27])
已为 1 层启用 BLB Block 1 噪声 (N=16384, fresh_gelu_out=22, encode_wffn2=14, encode_inv_d=14/14, rescale=[wffn2_result=off, mean=22, square=off, var=27])
已为 1 层启用 BLB Block 1 噪声 (N=16384, fresh_gelu_out=30, encode_wffn2=20, encode_inv_d=20/20, rescale=[wffn2_result=off, mean=30, square=off, var=27])
已为 1 层启用 BLB Block 1 噪声 (N=16384, fresh_gelu_out=30, encode_wffn2=20, encode_inv_d=20/20, rescale=[wffn2_result=off, mean=30, square=off, var=27])
已为 1 层启用 BLB Block 1 噪声 (N=16384, fresh_gelu_out=30, encode_wffn2=20, encode_inv_d=20/20, rescale=[wffn2_result=off, mean=30, square=off, var=27])
已为 1 层启用 BLB Block 1 噪声 (N=16384, fresh_gelu_out=30, encode_wffn2=20, encode_inv_d=20/20, rescale=[wffn2_result=off, mean=30, square=off, var=27])
已为 1 层启用 BLB Block 1 噪声 (N=16384, fresh_gelu_out=22, encode_wffn2=14, encode_inv_d=14/14, rescale=[wffn2_result=off, mean=22, square=off, var=27])
已为 1 层启用 BLB Block 2 噪声 (N=16384, fresh_inv_std=28, fresh_x_centered=28, encode_gamma=20, encode_wq/wk/wv=22/22/22, encode_qkt_merge_mask=15, rescale=[normalize=off, gamma=28, wk=off, wq=off, wv=off, qkt=28, merge_mask=off])
已为 1 层启用 BLB Block 2 噪声 (N=16384, fresh_inv_std=20, fresh_x_centered=20, encode_gamma=16, encode_wq/wk/wv=16/16/22, encode_qkt_merge_mask=15, rescale=[normalize=off, gamma=28, wk=off, wq=off, wv=off, qkt=28, merge_mask=off])
已为 1 层启用 BLB Block 2 噪声 (N=16384, fresh_inv_std=28, fresh_x_centered=28, encode_gamma=20, encode_wq/wk/wv=22/22/22, encode_qkt_merge_mask=15, rescale=[normalize=off, gamma=28, wk=off, wq=off, wv=off, qkt=28, merge_mask=off])
已为 1 层启用 BLB Block 2 噪声 (N=16384, fresh_inv_std=20, fresh_x_centered=20, encode_gamma=16, encode_wq/wk/wv=16/16/22, encode_qkt_merge_mask=15, rescale=[normalize=off, gamma=28, wk=off, wq=off, wv=off, qkt=28, merge_mask=off])
已为 1 层启用 BLB Block 2 噪声 (N=16384, fresh_inv_std=28, fresh_x_centered=28, encode_gamma=20, encode_wq/wk/wv=22/22/22, encode_qkt_merge_mask=15, rescale=[normalize=off, gamma=28, wk=off, wq=off, wv=off, qkt=28, merge_mask=off])
已为 1 层启用 BLB Block 2 噪声 (N=16384, fresh_inv_std=28, fresh_x_centered=28, encode_gamma=20, encode_wq/wk/wv=22/22/22, encode_qkt_merge_mask=15, rescale=[normalize=off, gamma=28, wk=off, wq=off, wv=off, qkt=28, merge_mask=off])
已为 1 层启用 BLB Block 2 噪声 (N=16384, fresh_inv_std=20, fresh_x_centered=20, encode_gamma=16, encode_wq/wk/wv=16/16/22, encode_qkt_merge_mask=15, rescale=[normalize=off, gamma=28, wk=off, wq=off, wv=off, qkt=28, merge_mask=off])
已为 1 层启用 BLB Block 2 噪声 (N=16384, fresh_inv_std=20, fresh_x_centered=20, encode_gamma=16, encode_wq/wk/wv=16/16/22, encode_qkt_merge_mask=15, rescale=[normalize=off, gamma=28, wk=off, wq=off, wv=off, qkt=28, merge_mask=off])
已为 1 层启用 BLB Block 2 噪声 (N=16384, fresh_inv_std=20, fresh_x_centered=20, encode_gamma=16, encode_wq/wk/wv=16/16/22, encode_qkt_merge_mask=15, rescale=[normalize=off, gamma=28, wk=off, wq=off, wv=off, qkt=28, merge_mask=off])
已为 1 层启用 BLB Block 2 噪声 (N=16384, fresh_inv_std=28, fresh_x_centered=28, encode_gamma=20, encode_wq/wk/wv=22/22/22, encode_qkt_merge_mask=15, rescale=[normalize=off, gamma=28, wk=off, wq=off, wv=off, qkt=28, merge_mask=off])
已为 1 层启用 BLB Block 2 噪声 (N=16384, fresh_inv_std=20, fresh_x_centered=20, encode_gamma=16, encode_wq/wk/wv=16/16/22, encode_qkt_merge_mask=15, rescale=[normalize=off, gamma=28, wk=off, wq=off, wv=off, qkt=28, merge_mask=off])
已为 1 层启用 BLB Block 2 噪声 (N=16384, fresh_inv_std=28, fresh_x_centered=28, encode_gamma=20, encode_wq/wk/wv=22/22/22, encode_qkt_merge_mask=15, rescale=[normalize=off, gamma=28, wk=off, wq=off, wv=off, qkt=28, merge_mask=off])
已为 1 层启用 BLB Block 4 噪声 (N=16384, fresh_softmax/V=35/25, encode_masks(sm/V/sm_v)=14/14/14, encode_wo=22, encode_ln_inv_d=20/20, rescale=[sm_mask=off, v_mask=off, sm_v_matmul=31, sm_v_mask=off, wo=off, ln_mean=31, ln_sq=31, ln_var=off])
已为 1 层启用 BLB Block 4 噪声 (N=16384, fresh_softmax/V=35/25, encode_masks(sm/V/sm_v)=14/14/14, encode_wo=22, encode_ln_inv_d=20/20, rescale=[sm_mask=off, v_mask=off, sm_v_matmul=31, sm_v_mask=off, wo=off, ln_mean=31, ln_sq=31, ln_var=off])
已为 1 层启用 BLB Block 4 噪声 (N=16384, fresh_softmax/V=35/25, encode_masks(sm/V/sm_v)=14/14/14, encode_wo=22, encode_ln_inv_d=20/20, rescale=[sm_mask=off, v_mask=off, sm_v_matmul=31, sm_v_mask=off, wo=off, ln_mean=31, ln_sq=31, ln_var=off])
已为 1 层启用 BLB Block 4 噪声 (N=16384, fresh_softmax/V=29/25, encode_masks(sm/V/sm_v)=14/14/14, encode_wo=16, encode_ln_inv_d=16/20, rescale=[sm_mask=off, v_mask=off, sm_v_matmul=23, sm_v_mask=off, wo=off, ln_mean=21, ln_sq=31, ln_var=off])
已为 1 层启用 BLB Block 4 噪声 (N=16384, fresh_softmax/V=29/25, encode_masks(sm/V/sm_v)=14/14/14, encode_wo=16, encode_ln_inv_d=16/20, rescale=[sm_mask=off, v_mask=off, sm_v_matmul=23, sm_v_mask=off, wo=off, ln_mean=21, ln_sq=31, ln_var=off])
已为 1 层启用 BLB Block 4 噪声 (N=16384, fresh_softmax/V=29/25, encode_masks(sm/V/sm_v)=14/14/14, encode_wo=16, encode_ln_inv_d=16/20, rescale=[sm_mask=off, v_mask=off, sm_v_matmul=23, sm_v_mask=off, wo=off, ln_mean=21, ln_sq=31, ln_var=off])
已为 1 层启用 BLB Block 4 噪声 (N=16384, fresh_softmax/V=29/25, encode_masks(sm/V/sm_v)=14/14/14, encode_wo=16, encode_ln_inv_d=16/20, rescale=[sm_mask=off, v_mask=off, sm_v_matmul=23, sm_v_mask=off, wo=off, ln_mean=21, ln_sq=31, ln_var=off])
已为 1 层启用 BLB Block 4 噪声 (N=16384, fresh_softmax/V=35/25, encode_masks(sm/V/sm_v)=14/14/14, encode_wo=22, encode_ln_inv_d=20/20, rescale=[sm_mask=off, v_mask=off, sm_v_matmul=31, sm_v_mask=off, wo=off, ln_mean=31, ln_sq=31, ln_var=off])
已为 1 层启用 BLB Block 4 噪声 (N=16384, fresh_softmax/V=29/25, encode_masks(sm/V/sm_v)=14/14/14, encode_wo=16, encode_ln_inv_d=16/20, rescale=[sm_mask=off, v_mask=off, sm_v_matmul=23, sm_v_mask=off, wo=off, ln_mean=21, ln_sq=31, ln_var=off])
已为 1 层启用 BLB Block 4 噪声 (N=16384, fresh_softmax/V=35/25, encode_masks(sm/V/sm_v)=14/14/14, encode_wo=22, encode_ln_inv_d=20/20, rescale=[sm_mask=off, v_mask=off, sm_v_matmul=31, sm_v_mask=off, wo=off, ln_mean=31, ln_sq=31, ln_var=off])
已为 1 层启用 BLB Block 4 噪声 (N=16384, fresh_softmax/V=29/25, encode_masks(sm/V/sm_v)=14/14/14, encode_wo=16, encode_ln_inv_d=16/20, rescale=[sm_mask=off, v_mask=off, sm_v_matmul=23, sm_v_mask=off, wo=off, ln_mean=21, ln_sq=31, ln_var=off])
已为 1 层启用 BLB Block 4 噪声 (N=16384, fresh_softmax/V=29/25, encode_masks(sm/V/sm_v)=14/14/14, encode_wo=16, encode_ln_inv_d=16/20, rescale=[sm_mask=off, v_mask=off, sm_v_matmul=23, sm_v_mask=off, wo=off, ln_mean=21, ln_sq=31, ln_var=off])
已为 12 层启用 BLB Block 5 噪声 (gelu_degree∈{1,1,1,1,1,4,1,1,1,1,1,1}, N=16384, fresh_inv_std/x_centered=28/28, encode_gamma/wffn1/gelu_coeff=20/22/20, rescale=[normalize=26, gamma=off, wffn1=off, gelu_powers=[(none)], gelu_coeff_muls=[29]])
已为 1 层启用 BLB Block 1 噪声 (N=16384, fresh_gelu_out=30, encode_wffn2=20, encode_inv_d=20/20, rescale=[wffn2_result=off, mean=30, square=off, var=27])
已为 1 层启用 BLB Block 1 噪声 (N=16384, fresh_gelu_out=30, encode_wffn2=20, encode_inv_d=20/20, rescale=[wffn2_result=off, mean=30, square=off, var=27])
已为 1 层启用 BLB Block 1 噪声 (N=16384, fresh_gelu_out=30, encode_wffn2=20, encode_inv_d=20/20, rescale=[wffn2_result=off, mean=30, square=off, var=27])
已为 1 层启用 BLB Block 1 噪声 (N=16384, fresh_gelu_out=22, encode_wffn2=14, encode_inv_d=14/14, rescale=[wffn2_result=off, mean=22, square=off, var=27])
已为 1 层启用 BLB Block 1 噪声 (N=16384, fresh_gelu_out=30, encode_wffn2=20, encode_inv_d=20/20, rescale=[wffn2_result=off, mean=30, square=off, var=27])
已为 1 层启用 BLB Block 1 噪声 (N=16384, fresh_gelu_out=22, encode_wffn2=14, encode_inv_d=14/14, rescale=[wffn2_result=off, mean=22, square=off, var=27])
已为 1 层启用 BLB Block 1 噪声 (N=16384, fresh_gelu_out=30, encode_wffn2=20, encode_inv_d=20/20, rescale=[wffn2_result=off, mean=30, square=off, var=27])
已为 1 层启用 BLB Block 1 噪声 (N=16384, fresh_gelu_out=30, encode_wffn2=20, encode_inv_d=20/20, rescale=[wffn2_result=off, mean=30, square=off, var=27])
已为 1 层启用 BLB Block 1 噪声 (N=16384, fresh_gelu_out=30, encode_wffn2=20, encode_inv_d=20/20, rescale=[wffn2_result=off, mean=30, square=off, var=27])
已为 1 层启用 BLB Block 1 噪声 (N=16384, fresh_gelu_out=22, encode_wffn2=14, encode_inv_d=14/14, rescale=[wffn2_result=off, mean=22, square=off, var=27])
已为 1 层启用 BLB Block 1 噪声 (N=16384, fresh_gelu_out=30, encode_wffn2=20, encode_inv_d=20/20, rescale=[wffn2_result=off, mean=30, square=off, var=27])
已为 1 层启用 BLB Block 1 噪声 (N=16384, fresh_gelu_out=30, encode_wffn2=20, encode_inv_d=20/20, rescale=[wffn2_result=off, mean=30, square=off, var=27])
已为 1 层启用 BLB Block 1 噪声 (N=16384, fresh_gelu_out=30, encode_wffn2=20, encode_inv_d=20/20, rescale=[wffn2_result=off, mean=30, square=off, var=27])
已为 1 层启用 BLB Block 1 噪声 (N=16384, fresh_gelu_out=22, encode_wffn2=14, encode_inv_d=14/14, rescale=[wffn2_result=off, mean=22, square=off, var=27])
已为 1 层启用 BLB Block 1 噪声 (N=16384, fresh_gelu_out=30, encode_wffn2=20, encode_inv_d=20/20, rescale=[wffn2_result=off, mean=30, square=off, var=27])
已为 1 层启用 BLB Block 1 噪声 (N=16384, fresh_gelu_out=22, encode_wffn2=14, encode_inv_d=14/14, rescale=[wffn2_result=off, mean=22, square=off, var=27])
已为 1 层启用 BLB Block 1 噪声 (N=16384, fresh_gelu_out=30, encode_wffn2=20, encode_inv_d=20/20, rescale=[wffn2_result=off, mean=30, square=off, var=27])
已为 1 层启用 BLB Block 1 噪声 (N=16384, fresh_gelu_out=22, encode_wffn2=14, encode_inv_d=14/14, rescale=[wffn2_result=off, mean=22, square=off, var=27])
已为 1 层启用 BLB Block 1 噪声 (N=16384, fresh_gelu_out=30, encode_wffn2=20, encode_inv_d=20/20, rescale=[wffn2_result=off, mean=30, square=off, var=27])
已为 1 层启用 BLB Block 1 噪声 (N=16384, fresh_gelu_out=30, encode_wffn2=20, encode_inv_d=20/20, rescale=[wffn2_result=off, mean=30, square=off, var=27])
已为 1 层启用 BLB Block 1 噪声 (N=16384, fresh_gelu_out=30, encode_wffn2=20, encode_inv_d=20/20, rescale=[wffn2_result=off, mean=30, square=off, var=27])
已为 1 层启用 BLB Block 1 噪声 (N=16384, fresh_gelu_out=30, encode_wffn2=20, encode_inv_d=20/20, rescale=[wffn2_result=off, mean=30, square=off, var=27])
已为 1 层启用 BLB Block 1 噪声 (N=16384, fresh_gelu_out=30, encode_wffn2=20, encode_inv_d=20/20, rescale=[wffn2_result=off, mean=30, square=off, var=27])
已为 1 层启用 BLB Block 1 噪声 (N=16384, fresh_gelu_out=22, encode_wffn2=14, encode_inv_d=14/14, rescale=[wffn2_result=off, mean=22, square=off, var=27])
已为 1 层启用 BLB Block 2 噪声 (N=16384, fresh_inv_std=28, fresh_x_centered=28, encode_gamma=20, encode_wq/wk/wv=22/22/22, encode_qkt_merge_mask=15, rescale=[normalize=off, gamma=28, wk=off, wq=off, wv=off, qkt=28, merge_mask=off])
已为 1 层启用 BLB Block 2 噪声 (N=16384, fresh_inv_std=28, fresh_x_centered=28, encode_gamma=20, encode_wq/wk/wv=22/22/22, encode_qkt_merge_mask=15, rescale=[normalize=off, gamma=28, wk=off, wq=off, wv=off, qkt=28, merge_mask=off])
已为 1 层启用 BLB Block 2 噪声 (N=16384, fresh_inv_std=20, fresh_x_centered=20, encode_gamma=16, encode_wq/wk/wv=16/16/22, encode_qkt_merge_mask=15, rescale=[normalize=off, gamma=28, wk=off, wq=off, wv=off, qkt=28, merge_mask=off])
已为 1 层启用 BLB Block 2 噪声 (N=16384, fresh_inv_std=20, fresh_x_centered=20, encode_gamma=16, encode_wq/wk/wv=16/16/22, encode_qkt_merge_mask=15, rescale=[normalize=off, gamma=28, wk=off, wq=off, wv=off, qkt=28, merge_mask=off])
已为 1 层启用 BLB Block 2 噪声 (N=16384, fresh_inv_std=28, fresh_x_centered=28, encode_gamma=20, encode_wq/wk/wv=22/22/22, encode_qkt_merge_mask=15, rescale=[normalize=off, gamma=28, wk=off, wq=off, wv=off, qkt=28, merge_mask=off])
已为 1 层启用 BLB Block 2 噪声 (N=16384, fresh_inv_std=28, fresh_x_centered=28, encode_gamma=20, encode_wq/wk/wv=22/22/22, encode_qkt_merge_mask=15, rescale=[normalize=off, gamma=28, wk=off, wq=off, wv=off, qkt=28, merge_mask=off])
已为 1 层启用 BLB Block 2 噪声 (N=16384, fresh_inv_std=20, fresh_x_centered=20, encode_gamma=16, encode_wq/wk/wv=16/16/22, encode_qkt_merge_mask=15, rescale=[normalize=off, gamma=28, wk=off, wq=off, wv=off, qkt=28, merge_mask=off])
已为 1 层启用 BLB Block 2 噪声 (N=16384, fresh_inv_std=20, fresh_x_centered=20, encode_gamma=16, encode_wq/wk/wv=16/16/22, encode_qkt_merge_mask=15, rescale=[normalize=off, gamma=28, wk=off, wq=off, wv=off, qkt=28, merge_mask=off])
已为 1 层启用 BLB Block 2 噪声 (N=16384, fresh_inv_std=28, fresh_x_centered=28, encode_gamma=20, encode_wq/wk/wv=22/22/22, encode_qkt_merge_mask=15, rescale=[normalize=off, gamma=28, wk=off, wq=off, wv=off, qkt=28, merge_mask=off])已为 1 层启用 BLB Block 1 噪声 (N=16384, fresh_gelu_out=22, encode_wffn2=14, encode_inv_d=14/14, rescale=[wffn2_result=off, mean=22, square=off, var=27])

已为 1 层启用 BLB Block 2 噪声 (N=16384, fresh_inv_std=28, fresh_x_centered=28, encode_gamma=20, encode_wq/wk/wv=22/22/22, encode_qkt_merge_mask=15, rescale=[normalize=off, gamma=28, wk=off, wq=off, wv=off, qkt=28, merge_mask=off])
已为 1 层启用 BLB Block 2 噪声 (N=16384, fresh_inv_std=28, fresh_x_centered=28, encode_gamma=20, encode_wq/wk/wv=22/22/22, encode_qkt_merge_mask=15, rescale=[normalize=off, gamma=28, wk=off, wq=off, wv=off, qkt=28, merge_mask=off])
已为 1 层启用 BLB Block 2 噪声 (N=16384, fresh_inv_std=28, fresh_x_centered=28, encode_gamma=20, encode_wq/wk/wv=22/22/22, encode_qkt_merge_mask=15, rescale=[normalize=off, gamma=28, wk=off, wq=off, wv=off, qkt=28, merge_mask=off])
已为 1 层启用 BLB Block 4 噪声 (N=16384, fresh_softmax/V=35/25, encode_masks(sm/V/sm_v)=14/14/14, encode_wo=22, encode_ln_inv_d=20/20, rescale=[sm_mask=off, v_mask=off, sm_v_matmul=31, sm_v_mask=off, wo=off, ln_mean=31, ln_sq=31, ln_var=off])
已为 1 层启用 BLB Block 4 噪声 (N=16384, fresh_softmax/V=29/25, encode_masks(sm/V/sm_v)=14/14/14, encode_wo=16, encode_ln_inv_d=16/20, rescale=[sm_mask=off, v_mask=off, sm_v_matmul=23, sm_v_mask=off, wo=off, ln_mean=21, ln_sq=31, ln_var=off])
已为 1 层启用 BLB Block 4 噪声 (N=16384, fresh_softmax/V=29/25, encode_masks(sm/V/sm_v)=14/14/14, encode_wo=16, encode_ln_inv_d=16/20, rescale=[sm_mask=off, v_mask=off, sm_v_matmul=23, sm_v_mask=off, wo=off, ln_mean=21, ln_sq=31, ln_var=off])
已为 1 层启用 BLB Block 4 噪声 (N=16384, fresh_softmax/V=35/25, encode_masks(sm/V/sm_v)=14/14/14, encode_wo=22, encode_ln_inv_d=20/20, rescale=[sm_mask=off, v_mask=off, sm_v_matmul=31, sm_v_mask=off, wo=off, ln_mean=31, ln_sq=31, ln_var=off])
已为 1 层启用 BLB Block 4 噪声 (N=16384, fresh_softmax/V=29/25, encode_masks(sm/V/sm_v)=14/14/14, encode_wo=16, encode_ln_inv_d=16/20, rescale=[sm_mask=off, v_mask=off, sm_v_matmul=23, sm_v_mask=off, wo=off, ln_mean=21, ln_sq=31, ln_var=off])
已为 1 层启用 BLB Block 4 噪声 (N=16384, fresh_softmax/V=35/25, encode_masks(sm/V/sm_v)=14/14/14, encode_wo=22, encode_ln_inv_d=20/20, rescale=[sm_mask=off, v_mask=off, sm_v_matmul=31, sm_v_mask=off, wo=off, ln_mean=31, ln_sq=31, ln_var=off])
已为 1 层启用 BLB Block 4 噪声 (N=16384, fresh_softmax/V=35/25, encode_masks(sm/V/sm_v)=14/14/14, encode_wo=22, encode_ln_inv_d=20/20, rescale=[sm_mask=off, v_mask=off, sm_v_matmul=31, sm_v_mask=off, wo=off, ln_mean=31, ln_sq=31, ln_var=off])
已为 1 层启用 BLB Block 4 噪声 (N=16384, fresh_softmax/V=29/25, encode_masks(sm/V/sm_v)=14/14/14, encode_wo=16, encode_ln_inv_d=16/20, rescale=[sm_mask=off, v_mask=off, sm_v_matmul=23, sm_v_mask=off, wo=off, ln_mean=21, ln_sq=31, ln_var=off])
已为 1 层启用 BLB Block 4 噪声 (N=16384, fresh_softmax/V=35/25, encode_masks(sm/V/sm_v)=14/14/14, encode_wo=22, encode_ln_inv_d=20/20, rescale=[sm_mask=off, v_mask=off, sm_v_matmul=31, sm_v_mask=off, wo=off, ln_mean=31, ln_sq=31, ln_var=off])
已为 1 层启用 BLB Block 4 噪声 (N=16384, fresh_softmax/V=35/25, encode_masks(sm/V/sm_v)=14/14/14, encode_wo=22, encode_ln_inv_d=20/20, rescale=[sm_mask=off, v_mask=off, sm_v_matmul=31, sm_v_mask=off, wo=off, ln_mean=31, ln_sq=31, ln_var=off])
已为 1 层启用 BLB Block 4 噪声 (N=16384, fresh_softmax/V=29/25, encode_masks(sm/V/sm_v)=14/14/14, encode_wo=16, encode_ln_inv_d=16/20, rescale=[sm_mask=off, v_mask=off, sm_v_matmul=23, sm_v_mask=off, wo=off, ln_mean=21, ln_sq=31, ln_var=off])
已为 1 层启用 BLB Block 4 噪声 (N=16384, fresh_softmax/V=35/25, encode_masks(sm/V/sm_v)=14/14/14, encode_wo=22, encode_ln_inv_d=20/20, rescale=[sm_mask=off, v_mask=off, sm_v_matmul=31, sm_v_mask=off, wo=off, ln_mean=31, ln_sq=31, ln_var=off])
已为 12 层启用 BLB Block 5 噪声 (gelu_degree∈{1,1,1,1,1,4,1,1,1,1,1,1}, N=16384, fresh_inv_std/x_centered=22/22, encode_gamma/wffn1/gelu_coeff=14/14/16, rescale=[normalize=26, gamma=off, wffn1=off, gelu_powers=[(none)], gelu_coeff_muls=[29]])
已为 1 层启用 BLB Block 1 噪声 (N=16384, fresh_gelu_out=22, encode_wffn2=14, encode_inv_d=14/14, rescale=[wffn2_result=off, mean=22, square=off, var=27])
已为 1 层启用 BLB Block 1 噪声 (N=16384, fresh_gelu_out=30, encode_wffn2=20, encode_inv_d=20/20, rescale=[wffn2_result=off, mean=30, square=off, var=27])
已为 1 层启用 BLB Block 1 噪声 (N=16384, fresh_gelu_out=30, encode_wffn2=20, encode_inv_d=20/20, rescale=[wffn2_result=off, mean=30, square=off, var=27])
已为 1 层启用 BLB Block 1 噪声 (N=16384, fresh_gelu_out=30, encode_wffn2=20, encode_inv_d=20/20, rescale=[wffn2_result=off, mean=30, square=off, var=27])
已为 1 层启用 BLB Block 1 噪声 (N=16384, fresh_gelu_out=22, encode_wffn2=14, encode_inv_d=14/14, rescale=[wffn2_result=off, mean=22, square=off, var=27])
已为 1 层启用 BLB Block 1 噪声 (N=16384, fresh_gelu_out=30, encode_wffn2=20, encode_inv_d=20/20, rescale=[wffn2_result=off, mean=30, square=off, var=27])
已为 1 层启用 BLB Block 1 噪声 (N=16384, fresh_gelu_out=22, encode_wffn2=14, encode_inv_d=14/14, rescale=[wffn2_result=off, mean=22, square=off, var=27])
已为 1 层启用 BLB Block 1 噪声 (N=16384, fresh_gelu_out=30, encode_wffn2=20, encode_inv_d=20/20, rescale=[wffn2_result=off, mean=30, square=off, var=27])
已为 1 层启用 BLB Block 1 噪声 (N=16384, fresh_gelu_out=30, encode_wffn2=20, encode_inv_d=20/20, rescale=[wffn2_result=off, mean=30, square=off, var=27])
已为 1 层启用 BLB Block 1 噪声 (N=16384, fresh_gelu_out=30, encode_wffn2=20, encode_inv_d=20/20, rescale=[wffn2_result=off, mean=30, square=off, var=27])
已为 1 层启用 BLB Block 1 噪声 (N=16384, fresh_gelu_out=22, encode_wffn2=14, encode_inv_d=14/14, rescale=[wffn2_result=off, mean=22, square=off, var=27])
已为 1 层启用 BLB Block 2 噪声 (N=16384, fresh_inv_std=28, fresh_x_centered=28, encode_gamma=20, encode_wq/wk/wv=22/22/22, encode_qkt_merge_mask=15, rescale=[normalize=off, gamma=28, wk=off, wq=off, wv=off, qkt=28, merge_mask=off])
已为 1 层启用 BLB Block 2 噪声 (N=16384, fresh_inv_std=28, fresh_x_centered=28, encode_gamma=20, encode_wq/wk/wv=22/22/22, encode_qkt_merge_mask=15, rescale=[normalize=off, gamma=28, wk=off, wq=off, wv=off, qkt=28, merge_mask=off])
已为 1 层启用 BLB Block 2 噪声 (N=16384, fresh_inv_std=20, fresh_x_centered=20, encode_gamma=16, encode_wq/wk/wv=16/16/22, encode_qkt_merge_mask=15, rescale=[normalize=off, gamma=28, wk=off, wq=off, wv=off, qkt=28, merge_mask=off])
已为 1 层启用 BLB Block 2 噪声 (N=16384, fresh_inv_std=20, fresh_x_centered=20, encode_gamma=16, encode_wq/wk/wv=16/16/22, encode_qkt_merge_mask=15, rescale=[normalize=off, gamma=28, wk=off, wq=off, wv=off, qkt=28, merge_mask=off])
已为 1 层启用 BLB Block 2 噪声 (N=16384, fresh_inv_std=28, fresh_x_centered=28, encode_gamma=20, encode_wq/wk/wv=22/22/22, encode_qkt_merge_mask=15, rescale=[normalize=off, gamma=28, wk=off, wq=off, wv=off, qkt=28, merge_mask=off])
已为 1 层启用 BLB Block 2 噪声 (N=16384, fresh_inv_std=28, fresh_x_centered=28, encode_gamma=20, encode_wq/wk/wv=22/22/22, encode_qkt_merge_mask=15, rescale=[normalize=off, gamma=28, wk=off, wq=off, wv=off, qkt=28, merge_mask=off])
已为 1 层启用 BLB Block 2 噪声 (N=16384, fresh_inv_std=20, fresh_x_centered=20, encode_gamma=16, encode_wq/wk/wv=16/16/22, encode_qkt_merge_mask=15, rescale=[normalize=off, gamma=28, wk=off, wq=off, wv=off, qkt=28, merge_mask=off])
已为 1 层启用 BLB Block 2 噪声 (N=16384, fresh_inv_std=20, fresh_x_centered=20, encode_gamma=16, encode_wq/wk/wv=16/16/22, encode_qkt_merge_mask=15, rescale=[normalize=off, gamma=28, wk=off, wq=off, wv=off, qkt=28, merge_mask=off])
已为 1 层启用 BLB Block 2 噪声 (N=16384, fresh_inv_std=28, fresh_x_centered=28, encode_gamma=20, encode_wq/wk/wv=22/22/22, encode_qkt_merge_mask=15, rescale=[normalize=off, gamma=28, wk=off, wq=off, wv=off, qkt=28, merge_mask=off])
已为 1 层启用 BLB Block 2 噪声 (N=16384, fresh_inv_std=28, fresh_x_centered=28, encode_gamma=20, encode_wq/wk/wv=22/22/22, encode_qkt_merge_mask=15, rescale=[normalize=off, gamma=28, wk=off, wq=off, wv=off, qkt=28, merge_mask=off])
已为 1 层启用 BLB Block 2 噪声 (N=16384, fresh_inv_std=28, fresh_x_centered=28, encode_gamma=20, encode_wq/wk/wv=22/22/22, encode_qkt_merge_mask=15, rescale=[normalize=off, gamma=28, wk=off, wq=off, wv=off, qkt=28, merge_mask=off])
已为 1 层启用 BLB Block 2 噪声 (N=16384, fresh_inv_std=28, fresh_x_centered=28, encode_gamma=20, encode_wq/wk/wv=22/22/22, encode_qkt_merge_mask=15, rescale=[normalize=off, gamma=28, wk=off, wq=off, wv=off, qkt=28, merge_mask=off])
已为 1 层启用 BLB Block 4 噪声 (N=16384, fresh_softmax/V=35/25, encode_masks(sm/V/sm_v)=14/14/14, encode_wo=22, encode_ln_inv_d=20/20, rescale=[sm_mask=off, v_mask=off, sm_v_matmul=31, sm_v_mask=off, wo=off, ln_mean=31, ln_sq=31, ln_var=off])
已为 1 层启用 BLB Block 4 噪声 (N=16384, fresh_softmax/V=29/25, encode_masks(sm/V/sm_v)=14/14/14, encode_wo=16, encode_ln_inv_d=16/20, rescale=[sm_mask=off, v_mask=off, sm_v_matmul=23, sm_v_mask=off, wo=off, ln_mean=21, ln_sq=31, ln_var=off])
已为 1 层启用 BLB Block 4 噪声 (N=16384, fresh_softmax/V=29/25, encode_masks(sm/V/sm_v)=14/14/14, encode_wo=16, encode_ln_inv_d=16/20, rescale=[sm_mask=off, v_mask=off, sm_v_matmul=23, sm_v_mask=off, wo=off, ln_mean=21, ln_sq=31, ln_var=off])
已为 1 层启用 BLB Block 4 噪声 (N=16384, fresh_softmax/V=35/25, encode_masks(sm/V/sm_v)=14/14/14, encode_wo=22, encode_ln_inv_d=20/20, rescale=[sm_mask=off, v_mask=off, sm_v_matmul=31, sm_v_mask=off, wo=off, ln_mean=31, ln_sq=31, ln_var=off])
已为 1 层启用 BLB Block 4 噪声 (N=16384, fresh_softmax/V=29/25, encode_masks(sm/V/sm_v)=14/14/14, encode_wo=16, encode_ln_inv_d=16/20, rescale=[sm_mask=off, v_mask=off, sm_v_matmul=23, sm_v_mask=off, wo=off, ln_mean=21, ln_sq=31, ln_var=off])
已为 1 层启用 BLB Block 4 噪声 (N=16384, fresh_softmax/V=35/25, encode_masks(sm/V/sm_v)=14/14/14, encode_wo=22, encode_ln_inv_d=20/20, rescale=[sm_mask=off, v_mask=off, sm_v_matmul=31, sm_v_mask=off, wo=off, ln_mean=31, ln_sq=31, ln_var=off])
已为 1 层启用 BLB Block 4 噪声 (N=16384, fresh_softmax/V=35/25, encode_masks(sm/V/sm_v)=14/14/14, encode_wo=22, encode_ln_inv_d=20/20, rescale=[sm_mask=off, v_mask=off, sm_v_matmul=31, sm_v_mask=off, wo=off, ln_mean=31, ln_sq=31, ln_var=off])
已为 1 层启用 BLB Block 4 噪声 (N=16384, fresh_softmax/V=29/25, encode_masks(sm/V/sm_v)=14/14/14, encode_wo=16, encode_ln_inv_d=16/20, rescale=[sm_mask=off, v_mask=off, sm_v_matmul=23, sm_v_mask=off, wo=off, ln_mean=21, ln_sq=31, ln_var=off])
已为 1 层启用 BLB Block 4 噪声 (N=16384, fresh_softmax/V=35/25, encode_masks(sm/V/sm_v)=14/14/14, encode_wo=22, encode_ln_inv_d=20/20, rescale=[sm_mask=off, v_mask=off, sm_v_matmul=31, sm_v_mask=off, wo=off, ln_mean=31, ln_sq=31, ln_var=off])
已为 1 层启用 BLB Block 4 噪声 (N=16384, fresh_softmax/V=35/25, encode_masks(sm/V/sm_v)=14/14/14, encode_wo=22, encode_ln_inv_d=20/20, rescale=[sm_mask=off, v_mask=off, sm_v_matmul=31, sm_v_mask=off, wo=off, ln_mean=31, ln_sq=31, ln_var=off])
已为 1 层启用 BLB Block 4 噪声 (N=16384, fresh_softmax/V=29/25, encode_masks(sm/V/sm_v)=14/14/14, encode_wo=16, encode_ln_inv_d=16/20, rescale=[sm_mask=off, v_mask=off, sm_v_matmul=23, sm_v_mask=off, wo=off, ln_mean=21, ln_sq=31, ln_var=off])
已为 1 层启用 BLB Block 4 噪声 (N=16384, fresh_softmax/V=35/25, encode_masks(sm/V/sm_v)=14/14/14, encode_wo=22, encode_ln_inv_d=20/20, rescale=[sm_mask=off, v_mask=off, sm_v_matmul=31, sm_v_mask=off, wo=off, ln_mean=31, ln_sq=31, ln_var=off])
已为 12 层启用 BLB Block 5 噪声 (gelu_degree∈{1,1,1,1,1,4,1,1,1,1,1,1}, N=16384, fresh_inv_std/x_centered=22/22, encode_gamma/wffn1/gelu_coeff=14/14/16, rescale=[normalize=26, gamma=off, wffn1=off, gelu_powers=[(none)], gelu_coeff_muls=[29]])
已为 1 层启用 BLB Block 1 噪声 (N=16384, fresh_gelu_out=22, encode_wffn2=14, encode_inv_d=14/14, rescale=[wffn2_result=off, mean=22, square=off, var=27])
已为 1 层启用 BLB Block 1 噪声 (N=16384, fresh_gelu_out=30, encode_wffn2=20, encode_inv_d=20/20, rescale=[wffn2_result=off, mean=30, square=off, var=27])
已为 1 层启用 BLB Block 1 噪声 (N=16384, fresh_gelu_out=22, encode_wffn2=14, encode_inv_d=14/14, rescale=[wffn2_result=off, mean=22, square=off, var=27])
已为 1 层启用 BLB Block 2 噪声 (N=16384, fresh_inv_std=28, fresh_x_centered=28, encode_gamma=20, encode_wq/wk/wv=22/22/22, encode_qkt_merge_mask=15, rescale=[normalize=off, gamma=28, wk=off, wq=off, wv=off, qkt=28, merge_mask=off])
已为 1 层启用 BLB Block 2 噪声 (N=16384, fresh_inv_std=28, fresh_x_centered=28, encode_gamma=20, encode_wq/wk/wv=22/22/22, encode_qkt_merge_mask=15, rescale=[normalize=off, gamma=28, wk=off, wq=off, wv=off, qkt=28, merge_mask=off])
已为 1 层启用 BLB Block 2 噪声 (N=16384, fresh_inv_std=20, fresh_x_centered=20, encode_gamma=16, encode_wq/wk/wv=16/16/22, encode_qkt_merge_mask=15, rescale=[normalize=off, gamma=28, wk=off, wq=off, wv=off, qkt=28, merge_mask=off])
已为 1 层启用 BLB Block 2 噪声 (N=16384, fresh_inv_std=20, fresh_x_centered=20, encode_gamma=16, encode_wq/wk/wv=16/16/22, encode_qkt_merge_mask=15, rescale=[normalize=off, gamma=28, wk=off, wq=off, wv=off, qkt=28, merge_mask=off])
已为 1 层启用 BLB Block 2 噪声 (N=16384, fresh_inv_std=28, fresh_x_centered=28, encode_gamma=20, encode_wq/wk/wv=22/22/22, encode_qkt_merge_mask=15, rescale=[normalize=off, gamma=28, wk=off, wq=off, wv=off, qkt=28, merge_mask=off])
已为 1 层启用 BLB Block 2 噪声 (N=16384, fresh_inv_std=28, fresh_x_centered=28, encode_gamma=20, encode_wq/wk/wv=22/22/22, encode_qkt_merge_mask=15, rescale=[normalize=off, gamma=28, wk=off, wq=off, wv=off, qkt=28, merge_mask=off])
已为 1 层启用 BLB Block 2 噪声 (N=16384, fresh_inv_std=20, fresh_x_centered=20, encode_gamma=16, encode_wq/wk/wv=16/16/22, encode_qkt_merge_mask=15, rescale=[normalize=off, gamma=28, wk=off, wq=off, wv=off, qkt=28, merge_mask=off])
已为 1 层启用 BLB Block 2 噪声 (N=16384, fresh_inv_std=20, fresh_x_centered=20, encode_gamma=16, encode_wq/wk/wv=16/16/22, encode_qkt_merge_mask=15, rescale=[normalize=off, gamma=28, wk=off, wq=off, wv=off, qkt=28, merge_mask=off])
已为 1 层启用 BLB Block 2 噪声 (N=16384, fresh_inv_std=28, fresh_x_centered=28, encode_gamma=20, encode_wq/wk/wv=22/22/22, encode_qkt_merge_mask=15, rescale=[normalize=off, gamma=28, wk=off, wq=off, wv=off, qkt=28, merge_mask=off])
已为 1 层启用 BLB Block 2 噪声 (N=16384, fresh_inv_std=28, fresh_x_centered=28, encode_gamma=20, encode_wq/wk/wv=22/22/22, encode_qkt_merge_mask=15, rescale=[normalize=off, gamma=28, wk=off, wq=off, wv=off, qkt=28, merge_mask=off])
已为 1 层启用 BLB Block 2 噪声 (N=16384, fresh_inv_std=28, fresh_x_centered=28, encode_gamma=20, encode_wq/wk/wv=22/22/22, encode_qkt_merge_mask=15, rescale=[normalize=off, gamma=28, wk=off, wq=off, wv=off, qkt=28, merge_mask=off])
已为 1 层启用 BLB Block 2 噪声 (N=16384, fresh_inv_std=28, fresh_x_centered=28, encode_gamma=20, encode_wq/wk/wv=22/22/22, encode_qkt_merge_mask=15, rescale=[normalize=off, gamma=28, wk=off, wq=off, wv=off, qkt=28, merge_mask=off])
已为 1 层启用 BLB Block 4 噪声 (N=16384, fresh_softmax/V=35/25, encode_masks(sm/V/sm_v)=14/14/14, encode_wo=22, encode_ln_inv_d=20/20, rescale=[sm_mask=off, v_mask=off, sm_v_matmul=31, sm_v_mask=off, wo=off, ln_mean=31, ln_sq=31, ln_var=off])
已为 1 层启用 BLB Block 4 噪声 (N=16384, fresh_softmax/V=29/25, encode_masks(sm/V/sm_v)=14/14/14, encode_wo=16, encode_ln_inv_d=16/20, rescale=[sm_mask=off, v_mask=off, sm_v_matmul=23, sm_v_mask=off, wo=off, ln_mean=21, ln_sq=31, ln_var=off])
已为 1 层启用 BLB Block 4 噪声 (N=16384, fresh_softmax/V=29/25, encode_masks(sm/V/sm_v)=14/14/14, encode_wo=16, encode_ln_inv_d=16/20, rescale=[sm_mask=off, v_mask=off, sm_v_matmul=23, sm_v_mask=off, wo=off, ln_mean=21, ln_sq=31, ln_var=off])
已为 1 层启用 BLB Block 4 噪声 (N=16384, fresh_softmax/V=35/25, encode_masks(sm/V/sm_v)=14/14/14, encode_wo=22, encode_ln_inv_d=20/20, rescale=[sm_mask=off, v_mask=off, sm_v_matmul=31, sm_v_mask=off, wo=off, ln_mean=31, ln_sq=31, ln_var=off])
已为 1 层启用 BLB Block 4 噪声 (N=16384, fresh_softmax/V=29/25, encode_masks(sm/V/sm_v)=14/14/14, encode_wo=16, encode_ln_inv_d=16/20, rescale=[sm_mask=off, v_mask=off, sm_v_matmul=23, sm_v_mask=off, wo=off, ln_mean=21, ln_sq=31, ln_var=off])已为 1 层启用 BLB Block 1 噪声 (N=16384, fresh_gelu_out=30, encode_wffn2=20, encode_inv_d=20/20, rescale=[wffn2_result=off, mean=30, square=off, var=27])
已为 1 层启用 BLB Block 1 噪声 (N=16384, fresh_gelu_out=22, encode_wffn2=14, encode_inv_d=14/14, rescale=[wffn2_result=off, mean=22, square=off, var=27])
已为 1 层启用 BLB Block 1 噪声 (N=16384, fresh_gelu_out=30, encode_wffn2=20, encode_inv_d=20/20, rescale=[wffn2_result=off, mean=30, square=off, var=27])
已为 1 层启用 BLB Block 1 噪声 (N=16384, fresh_gelu_out=30, encode_wffn2=20, encode_inv_d=20/20, rescale=[wffn2_result=off, mean=30, square=off, var=27])
已为 1 层启用 BLB Block 1 噪声 (N=16384, fresh_gelu_out=22, encode_wffn2=14, encode_inv_d=14/14, rescale=[wffn2_result=off, mean=22, square=off, var=27])
已为 1 层启用 BLB Block 2 噪声 (N=16384, fresh_inv_std=28, fresh_x_centered=28, encode_gamma=20, encode_wq/wk/wv=22/22/22, encode_qkt_merge_mask=15, rescale=[normalize=off, gamma=28, wk=off, wq=off, wv=off, qkt=28, merge_mask=off])
已为 1 层启用 BLB Block 2 噪声 (N=16384, fresh_inv_std=28, fresh_x_centered=28, encode_gamma=20, encode_wq/wk/wv=22/22/22, encode_qkt_merge_mask=15, rescale=[normalize=off, gamma=28, wk=off, wq=off, wv=off, qkt=28, merge_mask=off])
已为 1 层启用 BLB Block 2 噪声 (N=16384, fresh_inv_std=20, fresh_x_centered=20, encode_gamma=16, encode_wq/wk/wv=16/16/22, encode_qkt_merge_mask=15, rescale=[normalize=off, gamma=28, wk=off, wq=off, wv=off, qkt=28, merge_mask=off])
已为 1 层启用 BLB Block 2 噪声 (N=16384, fresh_inv_std=20, fresh_x_centered=20, encode_gamma=16, encode_wq/wk/wv=16/16/22, encode_qkt_merge_mask=15, rescale=[normalize=off, gamma=28, wk=off, wq=off, wv=off, qkt=28, merge_mask=off])
已为 1 层启用 BLB Block 2 噪声 (N=16384, fresh_inv_std=28, fresh_x_centered=28, encode_gamma=20, encode_wq/wk/wv=22/22/22, encode_qkt_merge_mask=15, rescale=[normalize=off, gamma=28, wk=off, wq=off, wv=off, qkt=28, merge_mask=off])
已为 1 层启用 BLB Block 2 噪声 (N=16384, fresh_inv_std=28, fresh_x_centered=28, encode_gamma=20, encode_wq/wk/wv=22/22/22, encode_qkt_merge_mask=15, rescale=[normalize=off, gamma=28, wk=off, wq=off, wv=off, qkt=28, merge_mask=off])
已为 1 层启用 BLB Block 2 噪声 (N=16384, fresh_inv_std=20, fresh_x_centered=20, encode_gamma=16, encode_wq/wk/wv=16/16/22, encode_qkt_merge_mask=15, rescale=[normalize=off, gamma=28, wk=off, wq=off, wv=off, qkt=28, merge_mask=off])
已为 1 层启用 BLB Block 2 噪声 (N=16384, fresh_inv_std=20, fresh_x_centered=20, encode_gamma=16, encode_wq/wk/wv=16/16/22, encode_qkt_merge_mask=15, rescale=[normalize=off, gamma=28, wk=off, wq=off, wv=off, qkt=28, merge_mask=off])
已为 1 层启用 BLB Block 2 噪声 (N=16384, fresh_inv_std=28, fresh_x_centered=28, encode_gamma=20, encode_wq/wk/wv=22/22/22, encode_qkt_merge_mask=15, rescale=[normalize=off, gamma=28, wk=off, wq=off, wv=off, qkt=28, merge_mask=off])
已为 1 层启用 BLB Block 2 噪声 (N=16384, fresh_inv_std=28, fresh_x_centered=28, encode_gamma=20, encode_wq/wk/wv=22/22/22, encode_qkt_merge_mask=15, rescale=[normalize=off, gamma=28, wk=off, wq=off, wv=off, qkt=28, merge_mask=off])
已为 1 层启用 BLB Block 2 噪声 (N=16384, fresh_inv_std=28, fresh_x_centered=28, encode_gamma=20, encode_wq/wk/wv=22/22/22, encode_qkt_merge_mask=15, rescale=[normalize=off, gamma=28, wk=off, wq=off, wv=off, qkt=28, merge_mask=off])
已为 1 层启用 BLB Block 2 噪声 (N=16384, fresh_inv_std=28, fresh_x_centered=28, encode_gamma=20, encode_wq/wk/wv=22/22/22, encode_qkt_merge_mask=15, rescale=[normalize=off, gamma=28, wk=off, wq=off, wv=off, qkt=28, merge_mask=off])
已为 1 层启用 BLB Block 4 噪声 (N=16384, fresh_softmax/V=35/25, encode_masks(sm/V/sm_v)=14/14/14, encode_wo=22, encode_ln_inv_d=20/20, rescale=[sm_mask=off, v_mask=off, sm_v_matmul=31, sm_v_mask=off, wo=off, ln_mean=31, ln_sq=31, ln_var=off])
已为 1 层启用 BLB Block 4 噪声 (N=16384, fresh_softmax/V=29/25, encode_masks(sm/V/sm_v)=14/14/14, encode_wo=16, encode_ln_inv_d=16/20, rescale=[sm_mask=off, v_mask=off, sm_v_matmul=23, sm_v_mask=off, wo=off, ln_mean=21, ln_sq=31, ln_var=off])
已为 1 层启用 BLB Block 4 噪声 (N=16384, fresh_softmax/V=29/25, encode_masks(sm/V/sm_v)=14/14/14, encode_wo=16, encode_ln_inv_d=16/20, rescale=[sm_mask=off, v_mask=off, sm_v_matmul=23, sm_v_mask=off, wo=off, ln_mean=21, ln_sq=31, ln_var=off])
已为 1 层启用 BLB Block 4 噪声 (N=16384, fresh_softmax/V=35/25, encode_masks(sm/V/sm_v)=14/14/14, encode_wo=22, encode_ln_inv_d=20/20, rescale=[sm_mask=off, v_mask=off, sm_v_matmul=31, sm_v_mask=off, wo=off, ln_mean=31, ln_sq=31, ln_var=off])
已为 1 层启用 BLB Block 4 噪声 (N=16384, fresh_softmax/V=29/25, encode_masks(sm/V/sm_v)=14/14/14, encode_wo=16, encode_ln_inv_d=16/20, rescale=[sm_mask=off, v_mask=off, sm_v_matmul=23, sm_v_mask=off, wo=off, ln_mean=21, ln_sq=31, ln_var=off])
已为 1 层启用 BLB Block 4 噪声 (N=16384, fresh_softmax/V=35/25, encode_masks(sm/V/sm_v)=14/14/14, encode_wo=22, encode_ln_inv_d=20/20, rescale=[sm_mask=off, v_mask=off, sm_v_matmul=31, sm_v_mask=off, wo=off, ln_mean=31, ln_sq=31, ln_var=off])
已为 1 层启用 BLB Block 4 噪声 (N=16384, fresh_softmax/V=35/25, encode_masks(sm/V/sm_v)=14/14/14, encode_wo=22, encode_ln_inv_d=20/20, rescale=[sm_mask=off, v_mask=off, sm_v_matmul=31, sm_v_mask=off, wo=off, ln_mean=31, ln_sq=31, ln_var=off])
已为 1 层启用 BLB Block 4 噪声 (N=16384, fresh_softmax/V=29/25, encode_masks(sm/V/sm_v)=14/14/14, encode_wo=16, encode_ln_inv_d=16/20, rescale=[sm_mask=off, v_mask=off, sm_v_matmul=23, sm_v_mask=off, wo=off, ln_mean=21, ln_sq=31, ln_var=off])
已为 1 层启用 BLB Block 4 噪声 (N=16384, fresh_softmax/V=35/25, encode_masks(sm/V/sm_v)=14/14/14, encode_wo=22, encode_ln_inv_d=20/20, rescale=[sm_mask=off, v_mask=off, sm_v_matmul=31, sm_v_mask=off, wo=off, ln_mean=31, ln_sq=31, ln_var=off])
已为 1 层启用 BLB Block 4 噪声 (N=16384, fresh_softmax/V=35/25, encode_masks(sm/V/sm_v)=14/14/14, encode_wo=22, encode_ln_inv_d=20/20, rescale=[sm_mask=off, v_mask=off, sm_v_matmul=31, sm_v_mask=off, wo=off, ln_mean=31, ln_sq=31, ln_var=off])
已为 1 层启用 BLB Block 4 噪声 (N=16384, fresh_softmax/V=29/25, encode_masks(sm/V/sm_v)=14/14/14, encode_wo=16, encode_ln_inv_d=16/20, rescale=[sm_mask=off, v_mask=off, sm_v_matmul=23, sm_v_mask=off, wo=off, ln_mean=21, ln_sq=31, ln_var=off])
已为 1 层启用 BLB Block 4 噪声 (N=16384, fresh_softmax/V=35/25, encode_masks(sm/V/sm_v)=14/14/14, encode_wo=22, encode_ln_inv_d=20/20, rescale=[sm_mask=off, v_mask=off, sm_v_matmul=31, sm_v_mask=off, wo=off, ln_mean=31, ln_sq=31, ln_var=off])
已为 12 层启用 BLB Block 5 噪声 (gelu_degree∈{1,1,1,1,1,4,1,1,1,1,1,1}, N=16384, fresh_inv_std/x_centered=22/22, encode_gamma/wffn1/gelu_coeff=14/14/16, rescale=[normalize=26, gamma=off, wffn1=off, gelu_powers=[(none)], gelu_coeff_muls=[29]])

已为 1 层启用 BLB Block 4 噪声 (N=16384, fresh_softmax/V=35/25, encode_masks(sm/V/sm_v)=14/14/14, encode_wo=22, encode_ln_inv_d=20/20, rescale=[sm_mask=off, v_mask=off, sm_v_matmul=31, sm_v_mask=off, wo=off, ln_mean=31, ln_sq=31, ln_var=off])
已为 1 层启用 BLB Block 4 噪声 (N=16384, fresh_softmax/V=35/25, encode_masks(sm/V/sm_v)=14/14/14, encode_wo=22, encode_ln_inv_d=20/20, rescale=[sm_mask=off, v_mask=off, sm_v_matmul=31, sm_v_mask=off, wo=off, ln_mean=31, ln_sq=31, ln_var=off])
已为 1 层启用 BLB Block 4 噪声 (N=16384, fresh_softmax/V=29/25, encode_masks(sm/V/sm_v)=14/14/14, encode_wo=16, encode_ln_inv_d=16/20, rescale=[sm_mask=off, v_mask=off, sm_v_matmul=23, sm_v_mask=off, wo=off, ln_mean=21, ln_sq=31, ln_var=off])
已为 1 层启用 BLB Block 4 噪声 (N=16384, fresh_softmax/V=35/25, encode_masks(sm/V/sm_v)=14/14/14, encode_wo=22, encode_ln_inv_d=20/20, rescale=[sm_mask=off, v_mask=off, sm_v_matmul=31, sm_v_mask=off, wo=off, ln_mean=31, ln_sq=31, ln_var=off])
已为 1 层启用 BLB Block 4 噪声 (N=16384, fresh_softmax/V=35/25, encode_masks(sm/V/sm_v)=14/14/14, encode_wo=22, encode_ln_inv_d=20/20, rescale=[sm_mask=off, v_mask=off, sm_v_matmul=31, sm_v_mask=off, wo=off, ln_mean=31, ln_sq=31, ln_var=off])
已为 1 层启用 BLB Block 4 噪声 (N=16384, fresh_softmax/V=29/25, encode_masks(sm/V/sm_v)=14/14/14, encode_wo=16, encode_ln_inv_d=16/20, rescale=[sm_mask=off, v_mask=off, sm_v_matmul=23, sm_v_mask=off, wo=off, ln_mean=21, ln_sq=31, ln_var=off])
已为 1 层启用 BLB Block 4 噪声 (N=16384, fresh_softmax/V=35/25, encode_masks(sm/V/sm_v)=14/14/14, encode_wo=22, encode_ln_inv_d=20/20, rescale=[sm_mask=off, v_mask=off, sm_v_matmul=31, sm_v_mask=off, wo=off, ln_mean=31, ln_sq=31, ln_var=off])
已为 12 层启用 BLB Block 5 噪声 (gelu_degree∈{1,1,1,1,1,4,1,1,1,1,1,1}, N=16384, fresh_inv_std/x_centered=22/22, encode_gamma/wffn1/gelu_coeff=14/14/16, rescale=[normalize=26, gamma=off, wffn1=off, gelu_powers=[(none)], gelu_coeff_muls=[29]])
已为 1 层启用 BLB Block 1 噪声 (N=16384, fresh_gelu_out=30, encode_wffn2=20, encode_inv_d=20/20, rescale=[wffn2_result=off, mean=30, square=off, var=27])
已为 1 层启用 BLB Block 1 噪声 (N=16384, fresh_gelu_out=22, encode_wffn2=14, encode_inv_d=14/14, rescale=[wffn2_result=off, mean=22, square=off, var=27])
已为 1 层启用 BLB Block 1 噪声 (N=16384, fresh_gelu_out=30, encode_wffn2=20, encode_inv_d=20/20, rescale=[wffn2_result=off, mean=30, square=off, var=27])
已为 1 层启用 BLB Block 1 噪声 (N=16384, fresh_gelu_out=30, encode_wffn2=20, encode_inv_d=20/20, rescale=[wffn2_result=off, mean=30, square=off, var=27])
已为 1 层启用 BLB Block 1 噪声 (N=16384, fresh_gelu_out=30, encode_wffn2=20, encode_inv_d=20/20, rescale=[wffn2_result=off, mean=30, square=off, var=27])
已为 1 层启用 BLB Block 1 噪声 (N=16384, fresh_gelu_out=30, encode_wffn2=20, encode_inv_d=20/20, rescale=[wffn2_result=off, mean=30, square=off, var=27])
已为 1 层启用 BLB Block 1 噪声 (N=16384, fresh_gelu_out=30, encode_wffn2=20, encode_inv_d=20/20, rescale=[wffn2_result=off, mean=30, square=off, var=27])
已为 1 层启用 BLB Block 1 噪声 (N=16384, fresh_gelu_out=30, encode_wffn2=20, encode_inv_d=20/20, rescale=[wffn2_result=off, mean=30, square=off, var=27])
已为 1 层启用 BLB Block 1 噪声 (N=16384, fresh_gelu_out=30, encode_wffn2=20, encode_inv_d=20/20, rescale=[wffn2_result=off, mean=30, square=off, var=27])
已为 1 层启用 BLB Block 1 噪声 (N=16384, fresh_gelu_out=30, encode_wffn2=20, encode_inv_d=20/20, rescale=[wffn2_result=off, mean=30, square=off, var=27])
已为 1 层启用 BLB Block 1 噪声 (N=16384, fresh_gelu_out=30, encode_wffn2=20, encode_inv_d=20/20, rescale=[wffn2_result=off, mean=30, square=off, var=27])
已为 1 层启用 BLB Block 2 噪声 (N=16384, fresh_inv_std=20, fresh_x_centered=20, encode_gamma=16, encode_wq/wk/wv=16/16/22, encode_qkt_merge_mask=15, rescale=[normalize=off, gamma=28, wk=off, wq=off, wv=off, qkt=28, merge_mask=off])
已为 1 层启用 BLB Block 2 噪声 (N=16384, fresh_inv_std=28, fresh_x_centered=28, encode_gamma=20, encode_wq/wk/wv=22/22/22, encode_qkt_merge_mask=15, rescale=[normalize=off, gamma=28, wk=off, wq=off, wv=off, qkt=28, merge_mask=off])
已为 1 层启用 BLB Block 2 噪声 (N=16384, fresh_inv_std=20, fresh_x_centered=20, encode_gamma=16, encode_wq/wk/wv=16/16/22, encode_qkt_merge_mask=15, rescale=[normalize=off, gamma=28, wk=off, wq=off, wv=off, qkt=28, merge_mask=off])
已为 1 层启用 BLB Block 2 噪声 (N=16384, fresh_inv_std=28, fresh_x_centered=28, encode_gamma=20, encode_wq/wk/wv=22/22/22, encode_qkt_merge_mask=15, rescale=[normalize=off, gamma=28, wk=off, wq=off, wv=off, qkt=28, merge_mask=off])
已为 1 层启用 BLB Block 2 噪声 (N=16384, fresh_inv_std=28, fresh_x_centered=28, encode_gamma=20, encode_wq/wk/wv=22/22/22, encode_qkt_merge_mask=15, rescale=[normalize=off, gamma=28, wk=off, wq=off, wv=off, qkt=28, merge_mask=off])
已为 1 层启用 BLB Block 2 噪声 (N=16384, fresh_inv_std=20, fresh_x_centered=20, encode_gamma=16, encode_wq/wk/wv=16/16/22, encode_qkt_merge_mask=15, rescale=[normalize=off, gamma=28, wk=off, wq=off, wv=off, qkt=28, merge_mask=off])
已为 1 层启用 BLB Block 2 噪声 (N=16384, fresh_inv_std=28, fresh_x_centered=28, encode_gamma=20, encode_wq/wk/wv=22/22/22, encode_qkt_merge_mask=15, rescale=[normalize=off, gamma=28, wk=off, wq=off, wv=off, qkt=28, merge_mask=off])
已为 1 层启用 BLB Block 2 噪声 (N=16384, fresh_inv_std=28, fresh_x_centered=28, encode_gamma=20, encode_wq/wk/wv=22/22/22, encode_qkt_merge_mask=15, rescale=[normalize=off, gamma=28, wk=off, wq=off, wv=off, qkt=28, merge_mask=off])
已为 1 层启用 BLB Block 2 噪声 (N=16384, fresh_inv_std=20, fresh_x_centered=20, encode_gamma=16, encode_wq/wk/wv=16/16/22, encode_qkt_merge_mask=15, rescale=[normalize=off, gamma=28, wk=off, wq=off, wv=off, qkt=28, merge_mask=off])
已为 1 层启用 BLB Block 2 噪声 (N=16384, fresh_inv_std=28, fresh_x_centered=28, encode_gamma=20, encode_wq/wk/wv=22/22/22, encode_qkt_merge_mask=15, rescale=[normalize=off, gamma=28, wk=off, wq=off, wv=off, qkt=28, merge_mask=off])
已为 1 层启用 BLB Block 2 噪声 (N=16384, fresh_inv_std=20, fresh_x_centered=20, encode_gamma=16, encode_wq/wk/wv=16/16/22, encode_qkt_merge_mask=15, rescale=[normalize=off, gamma=28, wk=off, wq=off, wv=off, qkt=28, merge_mask=off])
已为 1 层启用 BLB Block 2 噪声 (N=16384, fresh_inv_std=28, fresh_x_centered=28, encode_gamma=20, encode_wq/wk/wv=22/22/22, encode_qkt_merge_mask=15, rescale=[normalize=off, gamma=28, wk=off, wq=off, wv=off, qkt=28, merge_mask=off])
已为 1 层启用 BLB Block 4 噪声 (N=16384, fresh_softmax/V=35/25, encode_masks(sm/V/sm_v)=14/14/14, encode_wo=22, encode_ln_inv_d=20/20, rescale=[sm_mask=off, v_mask=off, sm_v_matmul=31, sm_v_mask=off, wo=off, ln_mean=31, ln_sq=31, ln_var=off])
已为 1 层启用 BLB Block 4 噪声 (N=16384, fresh_softmax/V=35/25, encode_masks(sm/V/sm_v)=14/14/14, encode_wo=22, encode_ln_inv_d=20/20, rescale=[sm_mask=off, v_mask=off, sm_v_matmul=31, sm_v_mask=off, wo=off, ln_mean=31, ln_sq=31, ln_var=off])
已为 1 层启用 BLB Block 4 噪声 (N=16384, fresh_softmax/V=35/25, encode_masks(sm/V/sm_v)=14/14/14, encode_wo=22, encode_ln_inv_d=20/20, rescale=[sm_mask=off, v_mask=off, sm_v_matmul=31, sm_v_mask=off, wo=off, ln_mean=31, ln_sq=31, ln_var=off])
已为 1 层启用 BLB Block 4 噪声 (N=16384, fresh_softmax/V=35/25, encode_masks(sm/V/sm_v)=14/14/14, encode_wo=22, encode_ln_inv_d=20/20, rescale=[sm_mask=off, v_mask=off, sm_v_matmul=31, sm_v_mask=off, wo=off, ln_mean=31, ln_sq=31, ln_var=off])
已为 1 层启用 BLB Block 4 噪声 (N=16384, fresh_softmax/V=35/25, encode_masks(sm/V/sm_v)=14/14/14, encode_wo=22, encode_ln_inv_d=20/20, rescale=[sm_mask=off, v_mask=off, sm_v_matmul=31, sm_v_mask=off, wo=off, ln_mean=31, ln_sq=31, ln_var=off])
已为 1 层启用 BLB Block 4 噪声 (N=16384, fresh_softmax/V=29/25, encode_masks(sm/V/sm_v)=14/14/14, encode_wo=16, encode_ln_inv_d=16/20, rescale=[sm_mask=off, v_mask=off, sm_v_matmul=23, sm_v_mask=off, wo=off, ln_mean=21, ln_sq=31, ln_var=off])
已为 1 层启用 BLB Block 4 噪声 (N=16384, fresh_softmax/V=29/25, encode_masks(sm/V/sm_v)=14/14/14, encode_wo=16, encode_ln_inv_d=16/20, rescale=[sm_mask=off, v_mask=off, sm_v_matmul=23, sm_v_mask=off, wo=off, ln_mean=21, ln_sq=31, ln_var=off])
已为 1 层启用 BLB Block 4 噪声 (N=16384, fresh_softmax/V=35/25, encode_masks(sm/V/sm_v)=14/14/14, encode_wo=22, encode_ln_inv_d=20/20, rescale=[sm_mask=off, v_mask=off, sm_v_matmul=31, sm_v_mask=off, wo=off, ln_mean=31, ln_sq=31, ln_var=off])
已为 1 层启用 BLB Block 4 噪声 (N=16384, fresh_softmax/V=35/25, encode_masks(sm/V/sm_v)=14/14/14, encode_wo=22, encode_ln_inv_d=20/20, rescale=[sm_mask=off, v_mask=off, sm_v_matmul=31, sm_v_mask=off, wo=off, ln_mean=31, ln_sq=31, ln_var=off])
已为 1 层启用 BLB Block 4 噪声 (N=16384, fresh_softmax/V=35/25, encode_masks(sm/V/sm_v)=14/14/14, encode_wo=22, encode_ln_inv_d=20/20, rescale=[sm_mask=off, v_mask=off, sm_v_matmul=31, sm_v_mask=off, wo=off, ln_mean=31, ln_sq=31, ln_var=off])
已为 1 层启用 BLB Block 4 噪声 (N=16384, fresh_softmax/V=35/25, encode_masks(sm/V/sm_v)=14/14/14, encode_wo=22, encode_ln_inv_d=20/20, rescale=[sm_mask=off, v_mask=off, sm_v_matmul=31, sm_v_mask=off, wo=off, ln_mean=31, ln_sq=31, ln_var=off])
已为 1 层启用 BLB Block 4 噪声 (N=16384, fresh_softmax/V=29/25, encode_masks(sm/V/sm_v)=14/14/14, encode_wo=16, encode_ln_inv_d=16/20, rescale=[sm_mask=off, v_mask=off, sm_v_matmul=23, sm_v_mask=off, wo=off, ln_mean=21, ln_sq=31, ln_var=off])
已为 12 层启用 BLB Block 5 噪声 (gelu_degree∈{1,1,1,1,1,4,1,1,1,1,1,1}, N=16384, fresh_inv_std/x_centered=28/28, encode_gamma/wffn1/gelu_coeff=20/22/20, rescale=[normalize=26, gamma=off, wffn1=off, gelu_powers=[(none)], gelu_coeff_muls=[29]])已为 1 层启用 BLB Block 1 噪声 (N=16384, fresh_gelu_out=30, encode_wffn2=20, encode_inv_d=20/20, rescale=[wffn2_result=off, mean=30, square=off, var=27])
已为 1 层启用 BLB Block 1 噪声 (N=16384, fresh_gelu_out=22, encode_wffn2=14, encode_inv_d=14/14, rescale=[wffn2_result=off, mean=22, square=off, var=27])
已为 1 层启用 BLB Block 1 噪声 (N=16384, fresh_gelu_out=30, encode_wffn2=20, encode_inv_d=20/20, rescale=[wffn2_result=off, mean=30, square=off, var=27])
已为 1 层启用 BLB Block 1 噪声 (N=16384, fresh_gelu_out=30, encode_wffn2=20, encode_inv_d=20/20, rescale=[wffn2_result=off, mean=30, square=off, var=27])

已为 1 层启用 BLB Block 1 噪声 (N=16384, fresh_gelu_out=30, encode_wffn2=20, encode_inv_d=20/20, rescale=[wffn2_result=off, mean=30, square=off, var=27])
已为 1 层启用 BLB Block 1 噪声 (N=16384, fresh_gelu_out=30, encode_wffn2=20, encode_inv_d=20/20, rescale=[wffn2_result=off, mean=30, square=off, var=27])
已为 1 层启用 BLB Block 1 噪声 (N=16384, fresh_gelu_out=30, encode_wffn2=20, encode_inv_d=20/20, rescale=[wffn2_result=off, mean=30, square=off, var=27])
已为 1 层启用 BLB Block 1 噪声 (N=16384, fresh_gelu_out=30, encode_wffn2=20, encode_inv_d=20/20, rescale=[wffn2_result=off, mean=30, square=off, var=27])
已为 1 层启用 BLB Block 1 噪声 (N=16384, fresh_gelu_out=30, encode_wffn2=20, encode_inv_d=20/20, rescale=[wffn2_result=off, mean=30, square=off, var=27])
已为 1 层启用 BLB Block 1 噪声 (N=16384, fresh_gelu_out=22, encode_wffn2=14, encode_inv_d=14/14, rescale=[wffn2_result=off, mean=22, square=off, var=27])
已为 1 层启用 BLB Block 1 噪声 (N=16384, fresh_gelu_out=30, encode_wffn2=20, encode_inv_d=20/20, rescale=[wffn2_result=off, mean=30, square=off, var=27])
已为 1 层启用 BLB Block 1 噪声 (N=16384, fresh_gelu_out=22, encode_wffn2=14, encode_inv_d=14/14, rescale=[wffn2_result=off, mean=22, square=off, var=27])
已为 1 层启用 BLB Block 1 噪声 (N=16384, fresh_gelu_out=30, encode_wffn2=20, encode_inv_d=20/20, rescale=[wffn2_result=off, mean=30, square=off, var=27])
已为 1 层启用 BLB Block 1 噪声 (N=16384, fresh_gelu_out=30, encode_wffn2=20, encode_inv_d=20/20, rescale=[wffn2_result=off, mean=30, square=off, var=27])
已为 1 层启用 BLB Block 1 噪声 (N=16384, fresh_gelu_out=30, encode_wffn2=20, encode_inv_d=20/20, rescale=[wffn2_result=off, mean=30, square=off, var=27])
已为 1 层启用 BLB Block 1 噪声 (N=16384, fresh_gelu_out=30, encode_wffn2=20, encode_inv_d=20/20, rescale=[wffn2_result=off, mean=30, square=off, var=27])
已为 1 层启用 BLB Block 1 噪声 (N=16384, fresh_gelu_out=30, encode_wffn2=20, encode_inv_d=20/20, rescale=[wffn2_result=off, mean=30, square=off, var=27])
已为 1 层启用 BLB Block 1 噪声 (N=16384, fresh_gelu_out=30, encode_wffn2=20, encode_inv_d=20/20, rescale=[wffn2_result=off, mean=30, square=off, var=27])
已为 1 层启用 BLB Block 1 噪声 (N=16384, fresh_gelu_out=30, encode_wffn2=20, encode_inv_d=20/20, rescale=[wffn2_result=off, mean=30, square=off, var=27])
已为 1 层启用 BLB Block 1 噪声 (N=16384, fresh_gelu_out=30, encode_wffn2=20, encode_inv_d=20/20, rescale=[wffn2_result=off, mean=30, square=off, var=27])
已为 1 层启用 BLB Block 1 噪声 (N=16384, fresh_gelu_out=30, encode_wffn2=20, encode_inv_d=20/20, rescale=[wffn2_result=off, mean=30, square=off, var=27])
已为 1 层启用 BLB Block 1 噪声 (N=16384, fresh_gelu_out=30, encode_wffn2=20, encode_inv_d=20/20, rescale=[wffn2_result=off, mean=30, square=off, var=27])
已为 1 层启用 BLB Block 1 噪声 (N=16384, fresh_gelu_out=30, encode_wffn2=20, encode_inv_d=20/20, rescale=[wffn2_result=off, mean=30, square=off, var=27])
已为 1 层启用 BLB Block 1 噪声 (N=16384, fresh_gelu_out=30, encode_wffn2=20, encode_inv_d=20/20, rescale=[wffn2_result=off, mean=30, square=off, var=27])
已为 1 层启用 BLB Block 1 噪声 (N=16384, fresh_gelu_out=30, encode_wffn2=20, encode_inv_d=20/20, rescale=[wffn2_result=off, mean=30, square=off, var=27])
已为 1 层启用 BLB Block 1 噪声 (N=16384, fresh_gelu_out=30, encode_wffn2=20, encode_inv_d=20/20, rescale=[wffn2_result=off, mean=30, square=off, var=27])
已为 1 层启用 BLB Block 1 噪声 (N=16384, fresh_gelu_out=30, encode_wffn2=20, encode_inv_d=20/20, rescale=[wffn2_result=off, mean=30, square=off, var=27])
已为 1 层启用 BLB Block 2 噪声 (N=16384, fresh_inv_std=20, fresh_x_centered=20, encode_gamma=16, encode_wq/wk/wv=16/16/22, encode_qkt_merge_mask=15, rescale=[normalize=off, gamma=28, wk=off, wq=off, wv=off, qkt=28, merge_mask=off])
已为 1 层启用 BLB Block 2 噪声 (N=16384, fresh_inv_std=28, fresh_x_centered=28, encode_gamma=20, encode_wq/wk/wv=22/22/22, encode_qkt_merge_mask=15, rescale=[normalize=off, gamma=28, wk=off, wq=off, wv=off, qkt=28, merge_mask=off])
已为 1 层启用 BLB Block 2 噪声 (N=16384, fresh_inv_std=20, fresh_x_centered=20, encode_gamma=16, encode_wq/wk/wv=16/16/22, encode_qkt_merge_mask=15, rescale=[normalize=off, gamma=28, wk=off, wq=off, wv=off, qkt=28, merge_mask=off])
已为 1 层启用 BLB Block 2 噪声 (N=16384, fresh_inv_std=28, fresh_x_centered=28, encode_gamma=20, encode_wq/wk/wv=22/22/22, encode_qkt_merge_mask=15, rescale=[normalize=off, gamma=28, wk=off, wq=off, wv=off, qkt=28, merge_mask=off])
已为 1 层启用 BLB Block 2 噪声 (N=16384, fresh_inv_std=28, fresh_x_centered=28, encode_gamma=20, encode_wq/wk/wv=22/22/22, encode_qkt_merge_mask=15, rescale=[normalize=off, gamma=28, wk=off, wq=off, wv=off, qkt=28, merge_mask=off])
已为 1 层启用 BLB Block 2 噪声 (N=16384, fresh_inv_std=20, fresh_x_centered=20, encode_gamma=16, encode_wq/wk/wv=16/16/22, encode_qkt_merge_mask=15, rescale=[normalize=off, gamma=28, wk=off, wq=off, wv=off, qkt=28, merge_mask=off])
已为 1 层启用 BLB Block 2 噪声 (N=16384, fresh_inv_std=28, fresh_x_centered=28, encode_gamma=20, encode_wq/wk/wv=22/22/22, encode_qkt_merge_mask=15, rescale=[normalize=off, gamma=28, wk=off, wq=off, wv=off, qkt=28, merge_mask=off])
已为 1 层启用 BLB Block 2 噪声 (N=16384, fresh_inv_std=28, fresh_x_centered=28, encode_gamma=20, encode_wq/wk/wv=22/22/22, encode_qkt_merge_mask=15, rescale=[normalize=off, gamma=28, wk=off, wq=off, wv=off, qkt=28, merge_mask=off])
已为 1 层启用 BLB Block 2 噪声 (N=16384, fresh_inv_std=20, fresh_x_centered=20, encode_gamma=16, encode_wq/wk/wv=16/16/22, encode_qkt_merge_mask=15, rescale=[normalize=off, gamma=28, wk=off, wq=off, wv=off, qkt=28, merge_mask=off])
已为 1 层启用 BLB Block 2 噪声 (N=16384, fresh_inv_std=28, fresh_x_centered=28, encode_gamma=20, encode_wq/wk/wv=22/22/22, encode_qkt_merge_mask=15, rescale=[normalize=off, gamma=28, wk=off, wq=off, wv=off, qkt=28, merge_mask=off])
已为 1 层启用 BLB Block 2 噪声 (N=16384, fresh_inv_std=20, fresh_x_centered=20, encode_gamma=16, encode_wq/wk/wv=16/16/22, encode_qkt_merge_mask=15, rescale=[normalize=off, gamma=28, wk=off, wq=off, wv=off, qkt=28, merge_mask=off])
已为 1 层启用 BLB Block 2 噪声 (N=16384, fresh_inv_std=28, fresh_x_centered=28, encode_gamma=20, encode_wq/wk/wv=22/22/22, encode_qkt_merge_mask=15, rescale=[normalize=off, gamma=28, wk=off, wq=off, wv=off, qkt=28, merge_mask=off])
已为 1 层启用 BLB Block 4 噪声 (N=16384, fresh_softmax/V=35/25, encode_masks(sm/V/sm_v)=14/14/14, encode_wo=22, encode_ln_inv_d=20/20, rescale=[sm_mask=off, v_mask=off, sm_v_matmul=31, sm_v_mask=off, wo=off, ln_mean=31, ln_sq=31, ln_var=off])
已为 1 层启用 BLB Block 4 噪声 (N=16384, fresh_softmax/V=35/25, encode_masks(sm/V/sm_v)=14/14/14, encode_wo=22, encode_ln_inv_d=20/20, rescale=[sm_mask=off, v_mask=off, sm_v_matmul=31, sm_v_mask=off, wo=off, ln_mean=31, ln_sq=31, ln_var=off])
已为 1 层启用 BLB Block 4 噪声 (N=16384, fresh_softmax/V=35/25, encode_masks(sm/V/sm_v)=14/14/14, encode_wo=22, encode_ln_inv_d=20/20, rescale=[sm_mask=off, v_mask=off, sm_v_matmul=31, sm_v_mask=off, wo=off, ln_mean=31, ln_sq=31, ln_var=off])
已为 1 层启用 BLB Block 4 噪声 (N=16384, fresh_softmax/V=35/25, encode_masks(sm/V/sm_v)=14/14/14, encode_wo=22, encode_ln_inv_d=20/20, rescale=[sm_mask=off, v_mask=off, sm_v_matmul=31, sm_v_mask=off, wo=off, ln_mean=31, ln_sq=31, ln_var=off])已为 1 层启用 BLB Block 1 噪声 (N=16384, fresh_gelu_out=30, encode_wffn2=20, encode_inv_d=20/20, rescale=[wffn2_result=off, mean=30, square=off, var=27])
已为 1 层启用 BLB Block 1 噪声 (N=16384, fresh_gelu_out=30, encode_wffn2=20, encode_inv_d=20/20, rescale=[wffn2_result=off, mean=30, square=off, var=27])
已为 1 层启用 BLB Block 1 噪声 (N=16384, fresh_gelu_out=30, encode_wffn2=20, encode_inv_d=20/20, rescale=[wffn2_result=off, mean=30, square=off, var=27])
已为 1 层启用 BLB Block 2 噪声 (N=16384, fresh_inv_std=20, fresh_x_centered=20, encode_gamma=16, encode_wq/wk/wv=16/16/22, encode_qkt_merge_mask=15, rescale=[normalize=off, gamma=28, wk=off, wq=off, wv=off, qkt=28, merge_mask=off])
已为 1 层启用 BLB Block 2 噪声 (N=16384, fresh_inv_std=28, fresh_x_centered=28, encode_gamma=20, encode_wq/wk/wv=22/22/22, encode_qkt_merge_mask=15, rescale=[normalize=off, gamma=28, wk=off, wq=off, wv=off, qkt=28, merge_mask=off])
已为 1 层启用 BLB Block 2 噪声 (N=16384, fresh_inv_std=20, fresh_x_centered=20, encode_gamma=16, encode_wq/wk/wv=16/16/22, encode_qkt_merge_mask=15, rescale=[normalize=off, gamma=28, wk=off, wq=off, wv=off, qkt=28, merge_mask=off])
已为 1 层启用 BLB Block 2 噪声 (N=16384, fresh_inv_std=28, fresh_x_centered=28, encode_gamma=20, encode_wq/wk/wv=22/22/22, encode_qkt_merge_mask=15, rescale=[normalize=off, gamma=28, wk=off, wq=off, wv=off, qkt=28, merge_mask=off])
已为 1 层启用 BLB Block 2 噪声 (N=16384, fresh_inv_std=28, fresh_x_centered=28, encode_gamma=20, encode_wq/wk/wv=22/22/22, encode_qkt_merge_mask=15, rescale=[normalize=off, gamma=28, wk=off, wq=off, wv=off, qkt=28, merge_mask=off])
已为 1 层启用 BLB Block 2 噪声 (N=16384, fresh_inv_std=20, fresh_x_centered=20, encode_gamma=16, encode_wq/wk/wv=16/16/22, encode_qkt_merge_mask=15, rescale=[normalize=off, gamma=28, wk=off, wq=off, wv=off, qkt=28, merge_mask=off])
已为 1 层启用 BLB Block 2 噪声 (N=16384, fresh_inv_std=28, fresh_x_centered=28, encode_gamma=20, encode_wq/wk/wv=22/22/22, encode_qkt_merge_mask=15, rescale=[normalize=off, gamma=28, wk=off, wq=off, wv=off, qkt=28, merge_mask=off])
已为 1 层启用 BLB Block 2 噪声 (N=16384, fresh_inv_std=28, fresh_x_centered=28, encode_gamma=20, encode_wq/wk/wv=22/22/22, encode_qkt_merge_mask=15, rescale=[normalize=off, gamma=28, wk=off, wq=off, wv=off, qkt=28, merge_mask=off])
已为 1 层启用 BLB Block 2 噪声 (N=16384, fresh_inv_std=20, fresh_x_centered=20, encode_gamma=16, encode_wq/wk/wv=16/16/22, encode_qkt_merge_mask=15, rescale=[normalize=off, gamma=28, wk=off, wq=off, wv=off, qkt=28, merge_mask=off])
已为 1 层启用 BLB Block 2 噪声 (N=16384, fresh_inv_std=28, fresh_x_centered=28, encode_gamma=20, encode_wq/wk/wv=22/22/22, encode_qkt_merge_mask=15, rescale=[normalize=off, gamma=28, wk=off, wq=off, wv=off, qkt=28, merge_mask=off])
已为 1 层启用 BLB Block 2 噪声 (N=16384, fresh_inv_std=20, fresh_x_centered=20, encode_gamma=16, encode_wq/wk/wv=16/16/22, encode_qkt_merge_mask=15, rescale=[normalize=off, gamma=28, wk=off, wq=off, wv=off, qkt=28, merge_mask=off])
已为 1 层启用 BLB Block 2 噪声 (N=16384, fresh_inv_std=28, fresh_x_centered=28, encode_gamma=20, encode_wq/wk/wv=22/22/22, encode_qkt_merge_mask=15, rescale=[normalize=off, gamma=28, wk=off, wq=off, wv=off, qkt=28, merge_mask=off])
已为 1 层启用 BLB Block 4 噪声 (N=16384, fresh_softmax/V=35/25, encode_masks(sm/V/sm_v)=14/14/14, encode_wo=22, encode_ln_inv_d=20/20, rescale=[sm_mask=off, v_mask=off, sm_v_matmul=31, sm_v_mask=off, wo=off, ln_mean=31, ln_sq=31, ln_var=off])
已为 1 层启用 BLB Block 4 噪声 (N=16384, fresh_softmax/V=35/25, encode_masks(sm/V/sm_v)=14/14/14, encode_wo=22, encode_ln_inv_d=20/20, rescale=[sm_mask=off, v_mask=off, sm_v_matmul=31, sm_v_mask=off, wo=off, ln_mean=31, ln_sq=31, ln_var=off])
已为 1 层启用 BLB Block 4 噪声 (N=16384, fresh_softmax/V=35/25, encode_masks(sm/V/sm_v)=14/14/14, encode_wo=22, encode_ln_inv_d=20/20, rescale=[sm_mask=off, v_mask=off, sm_v_matmul=31, sm_v_mask=off, wo=off, ln_mean=31, ln_sq=31, ln_var=off])
已为 1 层启用 BLB Block 4 噪声 (N=16384, fresh_softmax/V=35/25, encode_masks(sm/V/sm_v)=14/14/14, encode_wo=22, encode_ln_inv_d=20/20, rescale=[sm_mask=off, v_mask=off, sm_v_matmul=31, sm_v_mask=off, wo=off, ln_mean=31, ln_sq=31, ln_var=off])
已为 1 层启用 BLB Block 4 噪声 (N=16384, fresh_softmax/V=35/25, encode_masks(sm/V/sm_v)=14/14/14, encode_wo=22, encode_ln_inv_d=20/20, rescale=[sm_mask=off, v_mask=off, sm_v_matmul=31, sm_v_mask=off, wo=off, ln_mean=31, ln_sq=31, ln_var=off])
已为 1 层启用 BLB Block 4 噪声 (N=16384, fresh_softmax/V=29/25, encode_masks(sm/V/sm_v)=14/14/14, encode_wo=16, encode_ln_inv_d=16/20, rescale=[sm_mask=off, v_mask=off, sm_v_matmul=23, sm_v_mask=off, wo=off, ln_mean=21, ln_sq=31, ln_var=off])
已为 1 层启用 BLB Block 4 噪声 (N=16384, fresh_softmax/V=29/25, encode_masks(sm/V/sm_v)=14/14/14, encode_wo=16, encode_ln_inv_d=16/20, rescale=[sm_mask=off, v_mask=off, sm_v_matmul=23, sm_v_mask=off, wo=off, ln_mean=21, ln_sq=31, ln_var=off])
已为 1 层启用 BLB Block 4 噪声 (N=16384, fresh_softmax/V=35/25, encode_masks(sm/V/sm_v)=14/14/14, encode_wo=22, encode_ln_inv_d=20/20, rescale=[sm_mask=off, v_mask=off, sm_v_matmul=31, sm_v_mask=off, wo=off, ln_mean=31, ln_sq=31, ln_var=off])
已为 1 层启用 BLB Block 4 噪声 (N=16384, fresh_softmax/V=35/25, encode_masks(sm/V/sm_v)=14/14/14, encode_wo=22, encode_ln_inv_d=20/20, rescale=[sm_mask=off, v_mask=off, sm_v_matmul=31, sm_v_mask=off, wo=off, ln_mean=31, ln_sq=31, ln_var=off])
已为 1 层启用 BLB Block 4 噪声 (N=16384, fresh_softmax/V=35/25, encode_masks(sm/V/sm_v)=14/14/14, encode_wo=22, encode_ln_inv_d=20/20, rescale=[sm_mask=off, v_mask=off, sm_v_matmul=31, sm_v_mask=off, wo=off, ln_mean=31, ln_sq=31, ln_var=off])
已为 1 层启用 BLB Block 4 噪声 (N=16384, fresh_softmax/V=35/25, encode_masks(sm/V/sm_v)=14/14/14, encode_wo=22, encode_ln_inv_d=20/20, rescale=[sm_mask=off, v_mask=off, sm_v_matmul=31, sm_v_mask=off, wo=off, ln_mean=31, ln_sq=31, ln_var=off])
已为 1 层启用 BLB Block 4 噪声 (N=16384, fresh_softmax/V=29/25, encode_masks(sm/V/sm_v)=14/14/14, encode_wo=16, encode_ln_inv_d=16/20, rescale=[sm_mask=off, v_mask=off, sm_v_matmul=23, sm_v_mask=off, wo=off, ln_mean=21, ln_sq=31, ln_var=off])
已为 12 层启用 BLB Block 5 噪声 (gelu_degree∈{1,1,1,1,1,4,1,1,1,1,1,1}, N=16384, fresh_inv_std/x_centered=28/28, encode_gamma/wffn1/gelu_coeff=20/22/20, rescale=[normalize=26, gamma=off, wffn1=off, gelu_powers=[(none)], gelu_coeff_muls=[29]])
已为 1 层启用 BLB Block 1 噪声 (N=16384, fresh_gelu_out=30, encode_wffn2=20, encode_inv_d=20/20, rescale=[wffn2_result=off, mean=30, square=off, var=27])
已为 1 层启用 BLB Block 1 噪声 (N=16384, fresh_gelu_out=30, encode_wffn2=20, encode_inv_d=20/20, rescale=[wffn2_result=off, mean=30, square=off, var=27])

已为 1 层启用 BLB Block 4 噪声 (N=16384, fresh_softmax/V=35/25, encode_masks(sm/V/sm_v)=14/14/14, encode_wo=22, encode_ln_inv_d=20/20, rescale=[sm_mask=off, v_mask=off, sm_v_matmul=31, sm_v_mask=off, wo=off, ln_mean=31, ln_sq=31, ln_var=off])
已为 1 层启用 BLB Block 4 噪声 (N=16384, fresh_softmax/V=29/25, encode_masks(sm/V/sm_v)=14/14/14, encode_wo=16, encode_ln_inv_d=16/20, rescale=[sm_mask=off, v_mask=off, sm_v_matmul=23, sm_v_mask=off, wo=off, ln_mean=21, ln_sq=31, ln_var=off])
已为 1 层启用 BLB Block 4 噪声 (N=16384, fresh_softmax/V=29/25, encode_masks(sm/V/sm_v)=14/14/14, encode_wo=16, encode_ln_inv_d=16/20, rescale=[sm_mask=off, v_mask=off, sm_v_matmul=23, sm_v_mask=off, wo=off, ln_mean=21, ln_sq=31, ln_var=off])
已为 1 层启用 BLB Block 4 噪声 (N=16384, fresh_softmax/V=35/25, encode_masks(sm/V/sm_v)=14/14/14, encode_wo=22, encode_ln_inv_d=20/20, rescale=[sm_mask=off, v_mask=off, sm_v_matmul=31, sm_v_mask=off, wo=off, ln_mean=31, ln_sq=31, ln_var=off])
已为 1 层启用 BLB Block 4 噪声 (N=16384, fresh_softmax/V=35/25, encode_masks(sm/V/sm_v)=14/14/14, encode_wo=22, encode_ln_inv_d=20/20, rescale=[sm_mask=off, v_mask=off, sm_v_matmul=31, sm_v_mask=off, wo=off, ln_mean=31, ln_sq=31, ln_var=off])
已为 1 层启用 BLB Block 4 噪声 (N=16384, fresh_softmax/V=35/25, encode_masks(sm/V/sm_v)=14/14/14, encode_wo=22, encode_ln_inv_d=20/20, rescale=[sm_mask=off, v_mask=off, sm_v_matmul=31, sm_v_mask=off, wo=off, ln_mean=31, ln_sq=31, ln_var=off])已为 1 层启用 BLB Block 1 噪声 (N=16384, fresh_gelu_out=30, encode_wffn2=20, encode_inv_d=20/20, rescale=[wffn2_result=off, mean=30, square=off, var=27])
已为 1 层启用 BLB Block 2 噪声 (N=16384, fresh_inv_std=20, fresh_x_centered=20, encode_gamma=16, encode_wq/wk/wv=16/16/22, encode_qkt_merge_mask=15, rescale=[normalize=off, gamma=28, wk=off, wq=off, wv=off, qkt=28, merge_mask=off])
已为 1 层启用 BLB Block 2 噪声 (N=16384, fresh_inv_std=28, fresh_x_centered=28, encode_gamma=20, encode_wq/wk/wv=22/22/22, encode_qkt_merge_mask=15, rescale=[normalize=off, gamma=28, wk=off, wq=off, wv=off, qkt=28, merge_mask=off])
已为 1 层启用 BLB Block 2 噪声 (N=16384, fresh_inv_std=20, fresh_x_centered=20, encode_gamma=16, encode_wq/wk/wv=16/16/22, encode_qkt_merge_mask=15, rescale=[normalize=off, gamma=28, wk=off, wq=off, wv=off, qkt=28, merge_mask=off])
已为 1 层启用 BLB Block 2 噪声 (N=16384, fresh_inv_std=28, fresh_x_centered=28, encode_gamma=20, encode_wq/wk/wv=22/22/22, encode_qkt_merge_mask=15, rescale=[normalize=off, gamma=28, wk=off, wq=off, wv=off, qkt=28, merge_mask=off])
已为 1 层启用 BLB Block 2 噪声 (N=16384, fresh_inv_std=28, fresh_x_centered=28, encode_gamma=20, encode_wq/wk/wv=22/22/22, encode_qkt_merge_mask=15, rescale=[normalize=off, gamma=28, wk=off, wq=off, wv=off, qkt=28, merge_mask=off])
已为 1 层启用 BLB Block 2 噪声 (N=16384, fresh_inv_std=20, fresh_x_centered=20, encode_gamma=16, encode_wq/wk/wv=16/16/22, encode_qkt_merge_mask=15, rescale=[normalize=off, gamma=28, wk=off, wq=off, wv=off, qkt=28, merge_mask=off])
已为 1 层启用 BLB Block 2 噪声 (N=16384, fresh_inv_std=28, fresh_x_centered=28, encode_gamma=20, encode_wq/wk/wv=22/22/22, encode_qkt_merge_mask=15, rescale=[normalize=off, gamma=28, wk=off, wq=off, wv=off, qkt=28, merge_mask=off])
已为 1 层启用 BLB Block 2 噪声 (N=16384, fresh_inv_std=28, fresh_x_centered=28, encode_gamma=20, encode_wq/wk/wv=22/22/22, encode_qkt_merge_mask=15, rescale=[normalize=off, gamma=28, wk=off, wq=off, wv=off, qkt=28, merge_mask=off])
已为 1 层启用 BLB Block 2 噪声 (N=16384, fresh_inv_std=20, fresh_x_centered=20, encode_gamma=16, encode_wq/wk/wv=16/16/22, encode_qkt_merge_mask=15, rescale=[normalize=off, gamma=28, wk=off, wq=off, wv=off, qkt=28, merge_mask=off])
已为 1 层启用 BLB Block 2 噪声 (N=16384, fresh_inv_std=28, fresh_x_centered=28, encode_gamma=20, encode_wq/wk/wv=22/22/22, encode_qkt_merge_mask=15, rescale=[normalize=off, gamma=28, wk=off, wq=off, wv=off, qkt=28, merge_mask=off])
已为 1 层启用 BLB Block 2 噪声 (N=16384, fresh_inv_std=20, fresh_x_centered=20, encode_gamma=16, encode_wq/wk/wv=16/16/22, encode_qkt_merge_mask=15, rescale=[normalize=off, gamma=28, wk=off, wq=off, wv=off, qkt=28, merge_mask=off])
已为 1 层启用 BLB Block 2 噪声 (N=16384, fresh_inv_std=28, fresh_x_centered=28, encode_gamma=20, encode_wq/wk/wv=22/22/22, encode_qkt_merge_mask=15, rescale=[normalize=off, gamma=28, wk=off, wq=off, wv=off, qkt=28, merge_mask=off])
已为 1 层启用 BLB Block 4 噪声 (N=16384, fresh_softmax/V=35/25, encode_masks(sm/V/sm_v)=14/14/14, encode_wo=22, encode_ln_inv_d=20/20, rescale=[sm_mask=off, v_mask=off, sm_v_matmul=31, sm_v_mask=off, wo=off, ln_mean=31, ln_sq=31, ln_var=off])
已为 1 层启用 BLB Block 4 噪声 (N=16384, fresh_softmax/V=35/25, encode_masks(sm/V/sm_v)=14/14/14, encode_wo=22, encode_ln_inv_d=20/20, rescale=[sm_mask=off, v_mask=off, sm_v_matmul=31, sm_v_mask=off, wo=off, ln_mean=31, ln_sq=31, ln_var=off])
已为 1 层启用 BLB Block 4 噪声 (N=16384, fresh_softmax/V=35/25, encode_masks(sm/V/sm_v)=14/14/14, encode_wo=22, encode_ln_inv_d=20/20, rescale=[sm_mask=off, v_mask=off, sm_v_matmul=31, sm_v_mask=off, wo=off, ln_mean=31, ln_sq=31, ln_var=off])
已为 1 层启用 BLB Block 4 噪声 (N=16384, fresh_softmax/V=35/25, encode_masks(sm/V/sm_v)=14/14/14, encode_wo=22, encode_ln_inv_d=20/20, rescale=[sm_mask=off, v_mask=off, sm_v_matmul=31, sm_v_mask=off, wo=off, ln_mean=31, ln_sq=31, ln_var=off])
已为 1 层启用 BLB Block 4 噪声 (N=16384, fresh_softmax/V=35/25, encode_masks(sm/V/sm_v)=14/14/14, encode_wo=22, encode_ln_inv_d=20/20, rescale=[sm_mask=off, v_mask=off, sm_v_matmul=31, sm_v_mask=off, wo=off, ln_mean=31, ln_sq=31, ln_var=off])
已为 1 层启用 BLB Block 4 噪声 (N=16384, fresh_softmax/V=29/25, encode_masks(sm/V/sm_v)=14/14/14, encode_wo=16, encode_ln_inv_d=16/20, rescale=[sm_mask=off, v_mask=off, sm_v_matmul=23, sm_v_mask=off, wo=off, ln_mean=21, ln_sq=31, ln_var=off])
已为 1 层启用 BLB Block 4 噪声 (N=16384, fresh_softmax/V=29/25, encode_masks(sm/V/sm_v)=14/14/14, encode_wo=16, encode_ln_inv_d=16/20, rescale=[sm_mask=off, v_mask=off, sm_v_matmul=23, sm_v_mask=off, wo=off, ln_mean=21, ln_sq=31, ln_var=off])
已为 1 层启用 BLB Block 4 噪声 (N=16384, fresh_softmax/V=35/25, encode_masks(sm/V/sm_v)=14/14/14, encode_wo=22, encode_ln_inv_d=20/20, rescale=[sm_mask=off, v_mask=off, sm_v_matmul=31, sm_v_mask=off, wo=off, ln_mean=31, ln_sq=31, ln_var=off])
已为 1 层启用 BLB Block 4 噪声 (N=16384, fresh_softmax/V=35/25, encode_masks(sm/V/sm_v)=14/14/14, encode_wo=22, encode_ln_inv_d=20/20, rescale=[sm_mask=off, v_mask=off, sm_v_matmul=31, sm_v_mask=off, wo=off, ln_mean=31, ln_sq=31, ln_var=off])
已为 1 层启用 BLB Block 4 噪声 (N=16384, fresh_softmax/V=35/25, encode_masks(sm/V/sm_v)=14/14/14, encode_wo=22, encode_ln_inv_d=20/20, rescale=[sm_mask=off, v_mask=off, sm_v_matmul=31, sm_v_mask=off, wo=off, ln_mean=31, ln_sq=31, ln_var=off])
已为 1 层启用 BLB Block 4 噪声 (N=16384, fresh_softmax/V=35/25, encode_masks(sm/V/sm_v)=14/14/14, encode_wo=22, encode_ln_inv_d=20/20, rescale=[sm_mask=off, v_mask=off, sm_v_matmul=31, sm_v_mask=off, wo=off, ln_mean=31, ln_sq=31, ln_var=off])
已为 1 层启用 BLB Block 4 噪声 (N=16384, fresh_softmax/V=29/25, encode_masks(sm/V/sm_v)=14/14/14, encode_wo=16, encode_ln_inv_d=16/20, rescale=[sm_mask=off, v_mask=off, sm_v_matmul=23, sm_v_mask=off, wo=off, ln_mean=21, ln_sq=31, ln_var=off])
已为 12 层启用 BLB Block 5 噪声 (gelu_degree∈{1,1,1,1,1,4,1,1,1,1,1,1}, N=16384, fresh_inv_std/x_centered=28/28, encode_gamma/wffn1/gelu_coeff=20/22/20, rescale=[normalize=26, gamma=off, wffn1=off, gelu_powers=[(none)], gelu_coeff_muls=[29]])

已为 1 层启用 BLB Block 4 噪声 (N=16384, fresh_softmax/V=35/25, encode_masks(sm/V/sm_v)=14/14/14, encode_wo=22, encode_ln_inv_d=20/20, rescale=[sm_mask=off, v_mask=off, sm_v_matmul=31, sm_v_mask=off, wo=off, ln_mean=31, ln_sq=31, ln_var=off])
已为 1 层启用 BLB Block 4 噪声 (N=16384, fresh_softmax/V=29/25, encode_masks(sm/V/sm_v)=14/14/14, encode_wo=16, encode_ln_inv_d=16/20, rescale=[sm_mask=off, v_mask=off, sm_v_matmul=23, sm_v_mask=off, wo=off, ln_mean=21, ln_sq=31, ln_var=off])
已为 12 层启用 BLB Block 5 噪声 (gelu_degree∈{1,1,1,1,1,4,1,1,1,1,1,1}, N=16384, fresh_inv_std/x_centered=28/28, encode_gamma/wffn1/gelu_coeff=20/22/20, rescale=[normalize=26, gamma=off, wffn1=off, gelu_powers=[(none)], gelu_coeff_muls=[29]])
已为 1 层启用 BLB Block 1 噪声 (N=16384, fresh_gelu_out=30, encode_wffn2=20, encode_inv_d=20/20, rescale=[wffn2_result=off, mean=30, square=off, var=27])
已为 1 层启用 BLB Block 1 噪声 (N=16384, fresh_gelu_out=22, encode_wffn2=14, encode_inv_d=14/14, rescale=[wffn2_result=off, mean=22, square=off, var=27])
已为 1 层启用 BLB Block 1 噪声 (N=16384, fresh_gelu_out=22, encode_wffn2=14, encode_inv_d=14/14, rescale=[wffn2_result=off, mean=22, square=off, var=27])
已为 1 层启用 BLB Block 1 噪声 (N=16384, fresh_gelu_out=30, encode_wffn2=20, encode_inv_d=20/20, rescale=[wffn2_result=off, mean=30, square=off, var=27])
已为 1 层启用 BLB Block 1 噪声 (N=16384, fresh_gelu_out=30, encode_wffn2=20, encode_inv_d=20/20, rescale=[wffn2_result=off, mean=30, square=off, var=27])
已为 1 层启用 BLB Block 1 噪声 (N=16384, fresh_gelu_out=30, encode_wffn2=20, encode_inv_d=20/20, rescale=[wffn2_result=off, mean=30, square=off, var=27])
已为 1 层启用 BLB Block 1 噪声 (N=16384, fresh_gelu_out=30, encode_wffn2=20, encode_inv_d=20/20, rescale=[wffn2_result=off, mean=30, square=off, var=27])
已为 1 层启用 BLB Block 1 噪声 (N=16384, fresh_gelu_out=30, encode_wffn2=20, encode_inv_d=20/20, rescale=[wffn2_result=off, mean=30, square=off, var=27])已为 1 层启用 BLB Block 1 噪声 (N=16384, fresh_gelu_out=30, encode_wffn2=20, encode_inv_d=20/20, rescale=[wffn2_result=off, mean=30, square=off, var=27])
已为 1 层启用 BLB Block 1 噪声 (N=16384, fresh_gelu_out=22, encode_wffn2=14, encode_inv_d=14/14, rescale=[wffn2_result=off, mean=22, square=off, var=27])
已为 1 层启用 BLB Block 1 噪声 (N=16384, fresh_gelu_out=22, encode_wffn2=14, encode_inv_d=14/14, rescale=[wffn2_result=off, mean=22, square=off, var=27])
已为 1 层启用 BLB Block 1 噪声 (N=16384, fresh_gelu_out=30, encode_wffn2=20, encode_inv_d=20/20, rescale=[wffn2_result=off, mean=30, square=off, var=27])
已为 1 层启用 BLB Block 1 噪声 (N=16384, fresh_gelu_out=30, encode_wffn2=20, encode_inv_d=20/20, rescale=[wffn2_result=off, mean=30, square=off, var=27])
已为 1 层启用 BLB Block 1 噪声 (N=16384, fresh_gelu_out=30, encode_wffn2=20, encode_inv_d=20/20, rescale=[wffn2_result=off, mean=30, square=off, var=27])
已为 1 层启用 BLB Block 1 噪声 (N=16384, fresh_gelu_out=30, encode_wffn2=20, encode_inv_d=20/20, rescale=[wffn2_result=off, mean=30, square=off, var=27])
已为 1 层启用 BLB Block 1 噪声 (N=16384, fresh_gelu_out=30, encode_wffn2=20, encode_inv_d=20/20, rescale=[wffn2_result=off, mean=30, square=off, var=27])

已为 1 层启用 BLB Block 1 噪声 (N=16384, fresh_gelu_out=30, encode_wffn2=20, encode_inv_d=20/20, rescale=[wffn2_result=off, mean=30, square=off, var=27])
已为 1 层启用 BLB Block 1 噪声 (N=16384, fresh_gelu_out=30, encode_wffn2=20, encode_inv_d=20/20, rescale=[wffn2_result=off, mean=30, square=off, var=27])
已为 1 层启用 BLB Block 1 噪声 (N=16384, fresh_gelu_out=30, encode_wffn2=20, encode_inv_d=20/20, rescale=[wffn2_result=off, mean=30, square=off, var=27])
已为 1 层启用 BLB Block 2 噪声 (N=16384, fresh_inv_std=28, fresh_x_centered=28, encode_gamma=20, encode_wq/wk/wv=22/22/22, encode_qkt_merge_mask=15, rescale=[normalize=off, gamma=28, wk=off, wq=off, wv=off, qkt=28, merge_mask=off])
已为 1 层启用 BLB Block 2 噪声 (N=16384, fresh_inv_std=20, fresh_x_centered=20, encode_gamma=16, encode_wq/wk/wv=16/16/22, encode_qkt_merge_mask=15, rescale=[normalize=off, gamma=28, wk=off, wq=off, wv=off, qkt=28, merge_mask=off])
已为 1 层启用 BLB Block 2 噪声 (N=16384, fresh_inv_std=28, fresh_x_centered=28, encode_gamma=20, encode_wq/wk/wv=22/22/22, encode_qkt_merge_mask=15, rescale=[normalize=off, gamma=28, wk=off, wq=off, wv=off, qkt=28, merge_mask=off])
已为 1 层启用 BLB Block 2 噪声 (N=16384, fresh_inv_std=28, fresh_x_centered=28, encode_gamma=20, encode_wq/wk/wv=22/22/22, encode_qkt_merge_mask=15, rescale=[normalize=off, gamma=28, wk=off, wq=off, wv=off, qkt=28, merge_mask=off])
已为 1 层启用 BLB Block 2 噪声 (N=16384, fresh_inv_std=28, fresh_x_centered=28, encode_gamma=20, encode_wq/wk/wv=22/22/22, encode_qkt_merge_mask=15, rescale=[normalize=off, gamma=28, wk=off, wq=off, wv=off, qkt=28, merge_mask=off])
已为 1 层启用 BLB Block 2 噪声 (N=16384, fresh_inv_std=20, fresh_x_centered=20, encode_gamma=16, encode_wq/wk/wv=16/16/22, encode_qkt_merge_mask=15, rescale=[normalize=off, gamma=28, wk=off, wq=off, wv=off, qkt=28, merge_mask=off])
已为 1 层启用 BLB Block 2 噪声 (N=16384, fresh_inv_std=20, fresh_x_centered=20, encode_gamma=16, encode_wq/wk/wv=16/16/22, encode_qkt_merge_mask=15, rescale=[normalize=off, gamma=28, wk=off, wq=off, wv=off, qkt=28, merge_mask=off])
已为 1 层启用 BLB Block 2 噪声 (N=16384, fresh_inv_std=20, fresh_x_centered=20, encode_gamma=16, encode_wq/wk/wv=16/16/22, encode_qkt_merge_mask=15, rescale=[normalize=off, gamma=28, wk=off, wq=off, wv=off, qkt=28, merge_mask=off])
已为 1 层启用 BLB Block 2 噪声 (N=16384, fresh_inv_std=28, fresh_x_centered=28, encode_gamma=20, encode_wq/wk/wv=22/22/22, encode_qkt_merge_mask=15, rescale=[normalize=off, gamma=28, wk=off, wq=off, wv=off, qkt=28, merge_mask=off])
已为 1 层启用 BLB Block 2 噪声 (N=16384, fresh_inv_std=20, fresh_x_centered=20, encode_gamma=16, encode_wq/wk/wv=16/16/22, encode_qkt_merge_mask=15, rescale=[normalize=off, gamma=28, wk=off, wq=off, wv=off, qkt=28, merge_mask=off])
已为 1 层启用 BLB Block 2 噪声 (N=16384, fresh_inv_std=28, fresh_x_centered=28, encode_gamma=20, encode_wq/wk/wv=22/22/22, encode_qkt_merge_mask=15, rescale=[normalize=off, gamma=28, wk=off, wq=off, wv=off, qkt=28, merge_mask=off])
已为 1 层启用 BLB Block 2 噪声 (N=16384, fresh_inv_std=28, fresh_x_centered=28, encode_gamma=20, encode_wq/wk/wv=22/22/22, encode_qkt_merge_mask=15, rescale=[normalize=off, gamma=28, wk=off, wq=off, wv=off, qkt=28, merge_mask=off])
已为 1 层启用 BLB Block 4 噪声 (N=16384, fresh_softmax/V=29/25, encode_masks(sm/V/sm_v)=14/14/14, encode_wo=16, encode_ln_inv_d=16/20, rescale=[sm_mask=off, v_mask=off, sm_v_matmul=23, sm_v_mask=off, wo=off, ln_mean=21, ln_sq=31, ln_var=off])
已为 1 层启用 BLB Block 4 噪声 (N=16384, fresh_softmax/V=29/25, encode_masks(sm/V/sm_v)=14/14/14, encode_wo=16, encode_ln_inv_d=16/20, rescale=[sm_mask=off, v_mask=off, sm_v_matmul=23, sm_v_mask=off, wo=off, ln_mean=21, ln_sq=31, ln_var=off])
已为 1 层启用 BLB Block 4 噪声 (N=16384, fresh_softmax/V=35/25, encode_masks(sm/V/sm_v)=14/14/14, encode_wo=22, encode_ln_inv_d=20/20, rescale=[sm_mask=off, v_mask=off, sm_v_matmul=31, sm_v_mask=off, wo=off, ln_mean=31, ln_sq=31, ln_var=off])
已为 1 层启用 BLB Block 4 噪声 (N=16384, fresh_softmax/V=35/25, encode_masks(sm/V/sm_v)=14/14/14, encode_wo=22, encode_ln_inv_d=20/20, rescale=[sm_mask=off, v_mask=off, sm_v_matmul=31, sm_v_mask=off, wo=off, ln_mean=31, ln_sq=31, ln_var=off])
已为 1 层启用 BLB Block 4 噪声 (N=16384, fresh_softmax/V=35/25, encode_masks(sm/V/sm_v)=14/14/14, encode_wo=22, encode_ln_inv_d=20/20, rescale=[sm_mask=off, v_mask=off, sm_v_matmul=31, sm_v_mask=off, wo=off, ln_mean=31, ln_sq=31, ln_var=off])
已为 1 层启用 BLB Block 4 噪声 (N=16384, fresh_softmax/V=35/25, encode_masks(sm/V/sm_v)=14/14/14, encode_wo=22, encode_ln_inv_d=20/20, rescale=[sm_mask=off, v_mask=off, sm_v_matmul=31, sm_v_mask=off, wo=off, ln_mean=31, ln_sq=31, ln_var=off])
已为 1 层启用 BLB Block 4 噪声 (N=16384, fresh_softmax/V=29/25, encode_masks(sm/V/sm_v)=14/14/14, encode_wo=16, encode_ln_inv_d=16/20, rescale=[sm_mask=off, v_mask=off, sm_v_matmul=23, sm_v_mask=off, wo=off, ln_mean=21, ln_sq=31, ln_var=off])
已为 1 层启用 BLB Block 4 噪声 (N=16384, fresh_softmax/V=35/25, encode_masks(sm/V/sm_v)=14/14/14, encode_wo=22, encode_ln_inv_d=20/20, rescale=[sm_mask=off, v_mask=off, sm_v_matmul=31, sm_v_mask=off, wo=off, ln_mean=31, ln_sq=31, ln_var=off])
已为 1 层启用 BLB Block 4 噪声 (N=16384, fresh_softmax/V=35/25, encode_masks(sm/V/sm_v)=14/14/14, encode_wo=22, encode_ln_inv_d=20/20, rescale=[sm_mask=off, v_mask=off, sm_v_matmul=31, sm_v_mask=off, wo=off, ln_mean=31, ln_sq=31, ln_var=off])
已为 1 层启用 BLB Block 4 噪声 (N=16384, fresh_softmax/V=29/25, encode_masks(sm/V/sm_v)=14/14/14, encode_wo=16, encode_ln_inv_d=16/20, rescale=[sm_mask=off, v_mask=off, sm_v_matmul=23, sm_v_mask=off, wo=off, ln_mean=21, ln_sq=31, ln_var=off])
已为 1 层启用 BLB Block 4 噪声 (N=16384, fresh_softmax/V=35/25, encode_masks(sm/V/sm_v)=14/14/14, encode_wo=22, encode_ln_inv_d=20/20, rescale=[sm_mask=off, v_mask=off, sm_v_matmul=31, sm_v_mask=off, wo=off, ln_mean=31, ln_sq=31, ln_var=off])
已为 1 层启用 BLB Block 4 噪声 (N=16384, fresh_softmax/V=35/25, encode_masks(sm/V/sm_v)=14/14/14, encode_wo=22, encode_ln_inv_d=20/20, rescale=[sm_mask=off, v_mask=off, sm_v_matmul=31, sm_v_mask=off, wo=off, ln_mean=31, ln_sq=31, ln_var=off])
已为 12 层启用 BLB Block 5 噪声 (gelu_degree∈{1,1,1,1,1,4,1,1,1,1,1,1}, N=16384, fresh_inv_std/x_centered=22/22, encode_gamma/wffn1/gelu_coeff=14/14/16, rescale=[normalize=26, gamma=off, wffn1=off, gelu_powers=[(none)], gelu_coeff_muls=[29]])
已为 1 层启用 BLB Block 1 噪声 (N=16384, fresh_gelu_out=30, encode_wffn2=20, encode_inv_d=20/20, rescale=[wffn2_result=off, mean=30, square=off, var=27])
已为 1 层启用 BLB Block 1 噪声 (N=16384, fresh_gelu_out=30, encode_wffn2=20, encode_inv_d=20/20, rescale=[wffn2_result=off, mean=30, square=off, var=27])
已为 1 层启用 BLB Block 1 噪声 (N=16384, fresh_gelu_out=30, encode_wffn2=20, encode_inv_d=20/20, rescale=[wffn2_result=off, mean=30, square=off, var=27])
已为 1 层启用 BLB Block 2 噪声 (N=16384, fresh_inv_std=28, fresh_x_centered=28, encode_gamma=20, encode_wq/wk/wv=22/22/22, encode_qkt_merge_mask=15, rescale=[normalize=off, gamma=28, wk=off, wq=off, wv=off, qkt=28, merge_mask=off])
已为 1 层启用 BLB Block 2 噪声 (N=16384, fresh_inv_std=20, fresh_x_centered=20, encode_gamma=16, encode_wq/wk/wv=16/16/22, encode_qkt_merge_mask=15, rescale=[normalize=off, gamma=28, wk=off, wq=off, wv=off, qkt=28, merge_mask=off])
已为 1 层启用 BLB Block 2 噪声 (N=16384, fresh_inv_std=28, fresh_x_centered=28, encode_gamma=20, encode_wq/wk/wv=22/22/22, encode_qkt_merge_mask=15, rescale=[normalize=off, gamma=28, wk=off, wq=off, wv=off, qkt=28, merge_mask=off])
已为 1 层启用 BLB Block 2 噪声 (N=16384, fresh_inv_std=28, fresh_x_centered=28, encode_gamma=20, encode_wq/wk/wv=22/22/22, encode_qkt_merge_mask=15, rescale=[normalize=off, gamma=28, wk=off, wq=off, wv=off, qkt=28, merge_mask=off])
已为 1 层启用 BLB Block 2 噪声 (N=16384, fresh_inv_std=28, fresh_x_centered=28, encode_gamma=20, encode_wq/wk/wv=22/22/22, encode_qkt_merge_mask=15, rescale=[normalize=off, gamma=28, wk=off, wq=off, wv=off, qkt=28, merge_mask=off])
已为 1 层启用 BLB Block 2 噪声 (N=16384, fresh_inv_std=20, fresh_x_centered=20, encode_gamma=16, encode_wq/wk/wv=16/16/22, encode_qkt_merge_mask=15, rescale=[normalize=off, gamma=28, wk=off, wq=off, wv=off, qkt=28, merge_mask=off])
已为 1 层启用 BLB Block 2 噪声 (N=16384, fresh_inv_std=20, fresh_x_centered=20, encode_gamma=16, encode_wq/wk/wv=16/16/22, encode_qkt_merge_mask=15, rescale=[normalize=off, gamma=28, wk=off, wq=off, wv=off, qkt=28, merge_mask=off])
已为 1 层启用 BLB Block 2 噪声 (N=16384, fresh_inv_std=20, fresh_x_centered=20, encode_gamma=16, encode_wq/wk/wv=16/16/22, encode_qkt_merge_mask=15, rescale=[normalize=off, gamma=28, wk=off, wq=off, wv=off, qkt=28, merge_mask=off])
已为 1 层启用 BLB Block 2 噪声 (N=16384, fresh_inv_std=28, fresh_x_centered=28, encode_gamma=20, encode_wq/wk/wv=22/22/22, encode_qkt_merge_mask=15, rescale=[normalize=off, gamma=28, wk=off, wq=off, wv=off, qkt=28, merge_mask=off])
已为 1 层启用 BLB Block 2 噪声 (N=16384, fresh_inv_std=20, fresh_x_centered=20, encode_gamma=16, encode_wq/wk/wv=16/16/22, encode_qkt_merge_mask=15, rescale=[normalize=off, gamma=28, wk=off, wq=off, wv=off, qkt=28, merge_mask=off])
已为 1 层启用 BLB Block 2 噪声 (N=16384, fresh_inv_std=28, fresh_x_centered=28, encode_gamma=20, encode_wq/wk/wv=22/22/22, encode_qkt_merge_mask=15, rescale=[normalize=off, gamma=28, wk=off, wq=off, wv=off, qkt=28, merge_mask=off])
已为 1 层启用 BLB Block 2 噪声 (N=16384, fresh_inv_std=28, fresh_x_centered=28, encode_gamma=20, encode_wq/wk/wv=22/22/22, encode_qkt_merge_mask=15, rescale=[normalize=off, gamma=28, wk=off, wq=off, wv=off, qkt=28, merge_mask=off])
已为 1 层启用 BLB Block 4 噪声 (N=16384, fresh_softmax/V=29/25, encode_masks(sm/V/sm_v)=14/14/14, encode_wo=16, encode_ln_inv_d=16/20, rescale=[sm_mask=off, v_mask=off, sm_v_matmul=23, sm_v_mask=off, wo=off, ln_mean=21, ln_sq=31, ln_var=off])
已为 1 层启用 BLB Block 4 噪声 (N=16384, fresh_softmax/V=29/25, encode_masks(sm/V/sm_v)=14/14/14, encode_wo=16, encode_ln_inv_d=16/20, rescale=[sm_mask=off, v_mask=off, sm_v_matmul=23, sm_v_mask=off, wo=off, ln_mean=21, ln_sq=31, ln_var=off])
已为 1 层启用 BLB Block 4 噪声 (N=16384, fresh_softmax/V=35/25, encode_masks(sm/V/sm_v)=14/14/14, encode_wo=22, encode_ln_inv_d=20/20, rescale=[sm_mask=off, v_mask=off, sm_v_matmul=31, sm_v_mask=off, wo=off, ln_mean=31, ln_sq=31, ln_var=off])
已为 1 层启用 BLB Block 4 噪声 (N=16384, fresh_softmax/V=35/25, encode_masks(sm/V/sm_v)=14/14/14, encode_wo=22, encode_ln_inv_d=20/20, rescale=[sm_mask=off, v_mask=off, sm_v_matmul=31, sm_v_mask=off, wo=off, ln_mean=31, ln_sq=31, ln_var=off])
已为 1 层启用 BLB Block 4 噪声 (N=16384, fresh_softmax/V=35/25, encode_masks(sm/V/sm_v)=14/14/14, encode_wo=22, encode_ln_inv_d=20/20, rescale=[sm_mask=off, v_mask=off, sm_v_matmul=31, sm_v_mask=off, wo=off, ln_mean=31, ln_sq=31, ln_var=off])
已为 1 层启用 BLB Block 4 噪声 (N=16384, fresh_softmax/V=35/25, encode_masks(sm/V/sm_v)=14/14/14, encode_wo=22, encode_ln_inv_d=20/20, rescale=[sm_mask=off, v_mask=off, sm_v_matmul=31, sm_v_mask=off, wo=off, ln_mean=31, ln_sq=31, ln_var=off])
已为 1 层启用 BLB Block 4 噪声 (N=16384, fresh_softmax/V=29/25, encode_masks(sm/V/sm_v)=14/14/14, encode_wo=16, encode_ln_inv_d=16/20, rescale=[sm_mask=off, v_mask=off, sm_v_matmul=23, sm_v_mask=off, wo=off, ln_mean=21, ln_sq=31, ln_var=off])
已为 1 层启用 BLB Block 4 噪声 (N=16384, fresh_softmax/V=35/25, encode_masks(sm/V/sm_v)=14/14/14, encode_wo=22, encode_ln_inv_d=20/20, rescale=[sm_mask=off, v_mask=off, sm_v_matmul=31, sm_v_mask=off, wo=off, ln_mean=31, ln_sq=31, ln_var=off])
已为 1 层启用 BLB Block 4 噪声 (N=16384, fresh_softmax/V=35/25, encode_masks(sm/V/sm_v)=14/14/14, encode_wo=22, encode_ln_inv_d=20/20, rescale=[sm_mask=off, v_mask=off, sm_v_matmul=31, sm_v_mask=off, wo=off, ln_mean=31, ln_sq=31, ln_var=off])
已为 1 层启用 BLB Block 4 噪声 (N=16384, fresh_softmax/V=29/25, encode_masks(sm/V/sm_v)=14/14/14, encode_wo=16, encode_ln_inv_d=16/20, rescale=[sm_mask=off, v_mask=off, sm_v_matmul=23, sm_v_mask=off, wo=off, ln_mean=21, ln_sq=31, ln_var=off])
已为 1 层启用 BLB Block 4 噪声 (N=16384, fresh_softmax/V=35/25, encode_masks(sm/V/sm_v)=14/14/14, encode_wo=22, encode_ln_inv_d=20/20, rescale=[sm_mask=off, v_mask=off, sm_v_matmul=31, sm_v_mask=off, wo=off, ln_mean=31, ln_sq=31, ln_var=off])
已为 1 层启用 BLB Block 4 噪声 (N=16384, fresh_softmax/V=35/25, encode_masks(sm/V/sm_v)=14/14/14, encode_wo=22, encode_ln_inv_d=20/20, rescale=[sm_mask=off, v_mask=off, sm_v_matmul=31, sm_v_mask=off, wo=off, ln_mean=31, ln_sq=31, ln_var=off])
已为 12 层启用 BLB Block 5 噪声 (gelu_degree∈{1,1,1,1,1,4,1,1,1,1,1,1}, N=16384, fresh_inv_std/x_centered=22/22, encode_gamma/wffn1/gelu_coeff=14/14/16, rescale=[normalize=26, gamma=off, wffn1=off, gelu_powers=[(none)], gelu_coeff_muls=[29]])
已为 1 层启用 BLB Block 1 噪声 (N=16384, fresh_gelu_out=30, encode_wffn2=20, encode_inv_d=20/20, rescale=[wffn2_result=off, mean=30, square=off, var=27])
已为 1 层启用 BLB Block 1 噪声 (N=16384, fresh_gelu_out=22, encode_wffn2=14, encode_inv_d=14/14, rescale=[wffn2_result=off, mean=22, square=off, var=27])
已为 1 层启用 BLB Block 1 噪声 (N=16384, fresh_gelu_out=22, encode_wffn2=14, encode_inv_d=14/14, rescale=[wffn2_result=off, mean=22, square=off, var=27])
已为 1 层启用 BLB Block 1 噪声 (N=16384, fresh_gelu_out=30, encode_wffn2=20, encode_inv_d=20/20, rescale=[wffn2_result=off, mean=30, square=off, var=27])
已为 1 层启用 BLB Block 1 噪声 (N=16384, fresh_gelu_out=30, encode_wffn2=20, encode_inv_d=20/20, rescale=[wffn2_result=off, mean=30, square=off, var=27])
已为 1 层启用 BLB Block 1 噪声 (N=16384, fresh_gelu_out=30, encode_wffn2=20, encode_inv_d=20/20, rescale=[wffn2_result=off, mean=30, square=off, var=27])
已为 1 层启用 BLB Block 1 噪声 (N=16384, fresh_gelu_out=30, encode_wffn2=20, encode_inv_d=20/20, rescale=[wffn2_result=off, mean=30, square=off, var=27])
已为 1 层启用 BLB Block 1 噪声 (N=16384, fresh_gelu_out=30, encode_wffn2=20, encode_inv_d=20/20, rescale=[wffn2_result=off, mean=30, square=off, var=27])
已为 1 层启用 BLB Block 1 噪声 (N=16384, fresh_gelu_out=30, encode_wffn2=20, encode_inv_d=20/20, rescale=[wffn2_result=off, mean=30, square=off, var=27])
已为 1 层启用 BLB Block 1 噪声 (N=16384, fresh_gelu_out=30, encode_wffn2=20, encode_inv_d=20/20, rescale=[wffn2_result=off, mean=30, square=off, var=27])
已为 1 层启用 BLB Block 1 噪声 (N=16384, fresh_gelu_out=30, encode_wffn2=20, encode_inv_d=20/20, rescale=[wffn2_result=off, mean=30, square=off, var=27])
已为 1 层启用 BLB Block 2 噪声 (N=16384, fresh_inv_std=28, fresh_x_centered=28, encode_gamma=20, encode_wq/wk/wv=22/22/22, encode_qkt_merge_mask=15, rescale=[normalize=off, gamma=28, wk=off, wq=off, wv=off, qkt=28, merge_mask=off])已为 1 层启用 BLB Block 1 噪声 (N=16384, fresh_gelu_out=30, encode_wffn2=20, encode_inv_d=20/20, rescale=[wffn2_result=off, mean=30, square=off, var=27])
已为 1 层启用 BLB Block 1 噪声 (N=16384, fresh_gelu_out=22, encode_wffn2=14, encode_inv_d=14/14, rescale=[wffn2_result=off, mean=22, square=off, var=27])
已为 1 层启用 BLB Block 1 噪声 (N=16384, fresh_gelu_out=22, encode_wffn2=14, encode_inv_d=14/14, rescale=[wffn2_result=off, mean=22, square=off, var=27])
已为 1 层启用 BLB Block 1 噪声 (N=16384, fresh_gelu_out=30, encode_wffn2=20, encode_inv_d=20/20, rescale=[wffn2_result=off, mean=30, square=off, var=27])
已为 1 层启用 BLB Block 1 噪声 (N=16384, fresh_gelu_out=30, encode_wffn2=20, encode_inv_d=20/20, rescale=[wffn2_result=off, mean=30, square=off, var=27])
已为 1 层启用 BLB Block 1 噪声 (N=16384, fresh_gelu_out=30, encode_wffn2=20, encode_inv_d=20/20, rescale=[wffn2_result=off, mean=30, square=off, var=27])
已为 1 层启用 BLB Block 1 噪声 (N=16384, fresh_gelu_out=30, encode_wffn2=20, encode_inv_d=20/20, rescale=[wffn2_result=off, mean=30, square=off, var=27])
已为 1 层启用 BLB Block 1 噪声 (N=16384, fresh_gelu_out=30, encode_wffn2=20, encode_inv_d=20/20, rescale=[wffn2_result=off, mean=30, square=off, var=27])
已为 1 层启用 BLB Block 1 噪声 (N=16384, fresh_gelu_out=30, encode_wffn2=20, encode_inv_d=20/20, rescale=[wffn2_result=off, mean=30, square=off, var=27])
已为 1 层启用 BLB Block 1 噪声 (N=16384, fresh_gelu_out=30, encode_wffn2=20, encode_inv_d=20/20, rescale=[wffn2_result=off, mean=30, square=off, var=27])
已为 1 层启用 BLB Block 1 噪声 (N=16384, fresh_gelu_out=30, encode_wffn2=20, encode_inv_d=20/20, rescale=[wffn2_result=off, mean=30, square=off, var=27])
已为 1 层启用 BLB Block 2 噪声 (N=16384, fresh_inv_std=28, fresh_x_centered=28, encode_gamma=20, encode_wq/wk/wv=22/22/22, encode_qkt_merge_mask=15, rescale=[normalize=off, gamma=28, wk=off, wq=off, wv=off, qkt=28, merge_mask=off])
已为 1 层启用 BLB Block 2 噪声 (N=16384, fresh_inv_std=20, fresh_x_centered=20, encode_gamma=16, encode_wq/wk/wv=16/16/22, encode_qkt_merge_mask=15, rescale=[normalize=off, gamma=28, wk=off, wq=off, wv=off, qkt=28, merge_mask=off])
已为 1 层启用 BLB Block 2 噪声 (N=16384, fresh_inv_std=28, fresh_x_centered=28, encode_gamma=20, encode_wq/wk/wv=22/22/22, encode_qkt_merge_mask=15, rescale=[normalize=off, gamma=28, wk=off, wq=off, wv=off, qkt=28, merge_mask=off])
已为 1 层启用 BLB Block 2 噪声 (N=16384, fresh_inv_std=28, fresh_x_centered=28, encode_gamma=20, encode_wq/wk/wv=22/22/22, encode_qkt_merge_mask=15, rescale=[normalize=off, gamma=28, wk=off, wq=off, wv=off, qkt=28, merge_mask=off])
已为 1 层启用 BLB Block 2 噪声 (N=16384, fresh_inv_std=28, fresh_x_centered=28, encode_gamma=20, encode_wq/wk/wv=22/22/22, encode_qkt_merge_mask=15, rescale=[normalize=off, gamma=28, wk=off, wq=off, wv=off, qkt=28, merge_mask=off])
已为 1 层启用 BLB Block 2 噪声 (N=16384, fresh_inv_std=20, fresh_x_centered=20, encode_gamma=16, encode_wq/wk/wv=16/16/22, encode_qkt_merge_mask=15, rescale=[normalize=off, gamma=28, wk=off, wq=off, wv=off, qkt=28, merge_mask=off])
已为 1 层启用 BLB Block 2 噪声 (N=16384, fresh_inv_std=20, fresh_x_centered=20, encode_gamma=16, encode_wq/wk/wv=16/16/22, encode_qkt_merge_mask=15, rescale=[normalize=off, gamma=28, wk=off, wq=off, wv=off, qkt=28, merge_mask=off])
已为 1 层启用 BLB Block 2 噪声 (N=16384, fresh_inv_std=20, fresh_x_centered=20, encode_gamma=16, encode_wq/wk/wv=16/16/22, encode_qkt_merge_mask=15, rescale=[normalize=off, gamma=28, wk=off, wq=off, wv=off, qkt=28, merge_mask=off])
已为 1 层启用 BLB Block 2 噪声 (N=16384, fresh_inv_std=28, fresh_x_centered=28, encode_gamma=20, encode_wq/wk/wv=22/22/22, encode_qkt_merge_mask=15, rescale=[normalize=off, gamma=28, wk=off, wq=off, wv=off, qkt=28, merge_mask=off])
已为 1 层启用 BLB Block 2 噪声 (N=16384, fresh_inv_std=20, fresh_x_centered=20, encode_gamma=16, encode_wq/wk/wv=16/16/22, encode_qkt_merge_mask=15, rescale=[normalize=off, gamma=28, wk=off, wq=off, wv=off, qkt=28, merge_mask=off])
已为 1 层启用 BLB Block 2 噪声 (N=16384, fresh_inv_std=28, fresh_x_centered=28, encode_gamma=20, encode_wq/wk/wv=22/22/22, encode_qkt_merge_mask=15, rescale=[normalize=off, gamma=28, wk=off, wq=off, wv=off, qkt=28, merge_mask=off])
已为 1 层启用 BLB Block 2 噪声 (N=16384, fresh_inv_std=28, fresh_x_centered=28, encode_gamma=20, encode_wq/wk/wv=22/22/22, encode_qkt_merge_mask=15, rescale=[normalize=off, gamma=28, wk=off, wq=off, wv=off, qkt=28, merge_mask=off])
已为 1 层启用 BLB Block 4 噪声 (N=16384, fresh_softmax/V=29/25, encode_masks(sm/V/sm_v)=14/14/14, encode_wo=16, encode_ln_inv_d=16/20, rescale=[sm_mask=off, v_mask=off, sm_v_matmul=23, sm_v_mask=off, wo=off, ln_mean=21, ln_sq=31, ln_var=off])
已为 1 层启用 BLB Block 4 噪声 (N=16384, fresh_softmax/V=29/25, encode_masks(sm/V/sm_v)=14/14/14, encode_wo=16, encode_ln_inv_d=16/20, rescale=[sm_mask=off, v_mask=off, sm_v_matmul=23, sm_v_mask=off, wo=off, ln_mean=21, ln_sq=31, ln_var=off])
已为 1 层启用 BLB Block 4 噪声 (N=16384, fresh_softmax/V=35/25, encode_masks(sm/V/sm_v)=14/14/14, encode_wo=22, encode_ln_inv_d=20/20, rescale=[sm_mask=off, v_mask=off, sm_v_matmul=31, sm_v_mask=off, wo=off, ln_mean=31, ln_sq=31, ln_var=off])
已为 1 层启用 BLB Block 4 噪声 (N=16384, fresh_softmax/V=35/25, encode_masks(sm/V/sm_v)=14/14/14, encode_wo=22, encode_ln_inv_d=20/20, rescale=[sm_mask=off, v_mask=off, sm_v_matmul=31, sm_v_mask=off, wo=off, ln_mean=31, ln_sq=31, ln_var=off])
已为 1 层启用 BLB Block 4 噪声 (N=16384, fresh_softmax/V=35/25, encode_masks(sm/V/sm_v)=14/14/14, encode_wo=22, encode_ln_inv_d=20/20, rescale=[sm_mask=off, v_mask=off, sm_v_matmul=31, sm_v_mask=off, wo=off, ln_mean=31, ln_sq=31, ln_var=off])
已为 1 层启用 BLB Block 4 噪声 (N=16384, fresh_softmax/V=35/25, encode_masks(sm/V/sm_v)=14/14/14, encode_wo=22, encode_ln_inv_d=20/20, rescale=[sm_mask=off, v_mask=off, sm_v_matmul=31, sm_v_mask=off, wo=off, ln_mean=31, ln_sq=31, ln_var=off])
已为 1 层启用 BLB Block 4 噪声 (N=16384, fresh_softmax/V=29/25, encode_masks(sm/V/sm_v)=14/14/14, encode_wo=16, encode_ln_inv_d=16/20, rescale=[sm_mask=off, v_mask=off, sm_v_matmul=23, sm_v_mask=off, wo=off, ln_mean=21, ln_sq=31, ln_var=off])
已为 1 层启用 BLB Block 4 噪声 (N=16384, fresh_softmax/V=35/25, encode_masks(sm/V/sm_v)=14/14/14, encode_wo=22, encode_ln_inv_d=20/20, rescale=[sm_mask=off, v_mask=off, sm_v_matmul=31, sm_v_mask=off, wo=off, ln_mean=31, ln_sq=31, ln_var=off])
已为 1 层启用 BLB Block 4 噪声 (N=16384, fresh_softmax/V=35/25, encode_masks(sm/V/sm_v)=14/14/14, encode_wo=22, encode_ln_inv_d=20/20, rescale=[sm_mask=off, v_mask=off, sm_v_matmul=31, sm_v_mask=off, wo=off, ln_mean=31, ln_sq=31, ln_var=off])
已为 1 层启用 BLB Block 4 噪声 (N=16384, fresh_softmax/V=29/25, encode_masks(sm/V/sm_v)=14/14/14, encode_wo=16, encode_ln_inv_d=16/20, rescale=[sm_mask=off, v_mask=off, sm_v_matmul=23, sm_v_mask=off, wo=off, ln_mean=21, ln_sq=31, ln_var=off])
已为 1 层启用 BLB Block 4 噪声 (N=16384, fresh_softmax/V=35/25, encode_masks(sm/V/sm_v)=14/14/14, encode_wo=22, encode_ln_inv_d=20/20, rescale=[sm_mask=off, v_mask=off, sm_v_matmul=31, sm_v_mask=off, wo=off, ln_mean=31, ln_sq=31, ln_var=off])
已为 1 层启用 BLB Block 4 噪声 (N=16384, fresh_softmax/V=35/25, encode_masks(sm/V/sm_v)=14/14/14, encode_wo=22, encode_ln_inv_d=20/20, rescale=[sm_mask=off, v_mask=off, sm_v_matmul=31, sm_v_mask=off, wo=off, ln_mean=31, ln_sq=31, ln_var=off])
已为 12 层启用 BLB Block 5 噪声 (gelu_degree∈{1,1,1,1,1,4,1,1,1,1,1,1}, N=16384, fresh_inv_std/x_centered=22/22, encode_gamma/wffn1/gelu_coeff=14/14/16, rescale=[normalize=26, gamma=off, wffn1=off, gelu_powers=[(none)], gelu_coeff_muls=[29]])

已为 1 层启用 BLB Block 2 噪声 (N=16384, fresh_inv_std=20, fresh_x_centered=20, encode_gamma=16, encode_wq/wk/wv=16/16/22, encode_qkt_merge_mask=15, rescale=[normalize=off, gamma=28, wk=off, wq=off, wv=off, qkt=28, merge_mask=off])
已为 1 层启用 BLB Block 2 噪声 (N=16384, fresh_inv_std=28, fresh_x_centered=28, encode_gamma=20, encode_wq/wk/wv=22/22/22, encode_qkt_merge_mask=15, rescale=[normalize=off, gamma=28, wk=off, wq=off, wv=off, qkt=28, merge_mask=off])
已为 1 层启用 BLB Block 2 噪声 (N=16384, fresh_inv_std=28, fresh_x_centered=28, encode_gamma=20, encode_wq/wk/wv=22/22/22, encode_qkt_merge_mask=15, rescale=[normalize=off, gamma=28, wk=off, wq=off, wv=off, qkt=28, merge_mask=off])
已为 1 层启用 BLB Block 2 噪声 (N=16384, fresh_inv_std=28, fresh_x_centered=28, encode_gamma=20, encode_wq/wk/wv=22/22/22, encode_qkt_merge_mask=15, rescale=[normalize=off, gamma=28, wk=off, wq=off, wv=off, qkt=28, merge_mask=off])
已为 1 层启用 BLB Block 2 噪声 (N=16384, fresh_inv_std=20, fresh_x_centered=20, encode_gamma=16, encode_wq/wk/wv=16/16/22, encode_qkt_merge_mask=15, rescale=[normalize=off, gamma=28, wk=off, wq=off, wv=off, qkt=28, merge_mask=off])
已为 1 层启用 BLB Block 2 噪声 (N=16384, fresh_inv_std=20, fresh_x_centered=20, encode_gamma=16, encode_wq/wk/wv=16/16/22, encode_qkt_merge_mask=15, rescale=[normalize=off, gamma=28, wk=off, wq=off, wv=off, qkt=28, merge_mask=off])
已为 1 层启用 BLB Block 2 噪声 (N=16384, fresh_inv_std=20, fresh_x_centered=20, encode_gamma=16, encode_wq/wk/wv=16/16/22, encode_qkt_merge_mask=15, rescale=[normalize=off, gamma=28, wk=off, wq=off, wv=off, qkt=28, merge_mask=off])
已为 1 层启用 BLB Block 2 噪声 (N=16384, fresh_inv_std=28, fresh_x_centered=28, encode_gamma=20, encode_wq/wk/wv=22/22/22, encode_qkt_merge_mask=15, rescale=[normalize=off, gamma=28, wk=off, wq=off, wv=off, qkt=28, merge_mask=off])
已为 1 层启用 BLB Block 2 噪声 (N=16384, fresh_inv_std=20, fresh_x_centered=20, encode_gamma=16, encode_wq/wk/wv=16/16/22, encode_qkt_merge_mask=15, rescale=[normalize=off, gamma=28, wk=off, wq=off, wv=off, qkt=28, merge_mask=off])
已为 1 层启用 BLB Block 2 噪声 (N=16384, fresh_inv_std=28, fresh_x_centered=28, encode_gamma=20, encode_wq/wk/wv=22/22/22, encode_qkt_merge_mask=15, rescale=[normalize=off, gamma=28, wk=off, wq=off, wv=off, qkt=28, merge_mask=off])
已为 1 层启用 BLB Block 2 噪声 (N=16384, fresh_inv_std=28, fresh_x_centered=28, encode_gamma=20, encode_wq/wk/wv=22/22/22, encode_qkt_merge_mask=15, rescale=[normalize=off, gamma=28, wk=off, wq=off, wv=off, qkt=28, merge_mask=off])
已为 1 层启用 BLB Block 4 噪声 (N=16384, fresh_softmax/V=29/25, encode_masks(sm/V/sm_v)=14/14/14, encode_wo=16, encode_ln_inv_d=16/20, rescale=[sm_mask=off, v_mask=off, sm_v_matmul=23, sm_v_mask=off, wo=off, ln_mean=21, ln_sq=31, ln_var=off])
已为 1 层启用 BLB Block 4 噪声 (N=16384, fresh_softmax/V=29/25, encode_masks(sm/V/sm_v)=14/14/14, encode_wo=16, encode_ln_inv_d=16/20, rescale=[sm_mask=off, v_mask=off, sm_v_matmul=23, sm_v_mask=off, wo=off, ln_mean=21, ln_sq=31, ln_var=off])
已为 1 层启用 BLB Block 4 噪声 (N=16384, fresh_softmax/V=35/25, encode_masks(sm/V/sm_v)=14/14/14, encode_wo=22, encode_ln_inv_d=20/20, rescale=[sm_mask=off, v_mask=off, sm_v_matmul=31, sm_v_mask=off, wo=off, ln_mean=31, ln_sq=31, ln_var=off])
已为 1 层启用 BLB Block 4 噪声 (N=16384, fresh_softmax/V=35/25, encode_masks(sm/V/sm_v)=14/14/14, encode_wo=22, encode_ln_inv_d=20/20, rescale=[sm_mask=off, v_mask=off, sm_v_matmul=31, sm_v_mask=off, wo=off, ln_mean=31, ln_sq=31, ln_var=off])
已为 1 层启用 BLB Block 4 噪声 (N=16384, fresh_softmax/V=35/25, encode_masks(sm/V/sm_v)=14/14/14, encode_wo=22, encode_ln_inv_d=20/20, rescale=[sm_mask=off, v_mask=off, sm_v_matmul=31, sm_v_mask=off, wo=off, ln_mean=31, ln_sq=31, ln_var=off])
已为 1 层启用 BLB Block 4 噪声 (N=16384, fresh_softmax/V=35/25, encode_masks(sm/V/sm_v)=14/14/14, encode_wo=22, encode_ln_inv_d=20/20, rescale=[sm_mask=off, v_mask=off, sm_v_matmul=31, sm_v_mask=off, wo=off, ln_mean=31, ln_sq=31, ln_var=off])
已为 1 层启用 BLB Block 4 噪声 (N=16384, fresh_softmax/V=29/25, encode_masks(sm/V/sm_v)=14/14/14, encode_wo=16, encode_ln_inv_d=16/20, rescale=[sm_mask=off, v_mask=off, sm_v_matmul=23, sm_v_mask=off, wo=off, ln_mean=21, ln_sq=31, ln_var=off])
已为 1 层启用 BLB Block 4 噪声 (N=16384, fresh_softmax/V=35/25, encode_masks(sm/V/sm_v)=14/14/14, encode_wo=22, encode_ln_inv_d=20/20, rescale=[sm_mask=off, v_mask=off, sm_v_matmul=31, sm_v_mask=off, wo=off, ln_mean=31, ln_sq=31, ln_var=off])
已为 1 层启用 BLB Block 4 噪声 (N=16384, fresh_softmax/V=35/25, encode_masks(sm/V/sm_v)=14/14/14, encode_wo=22, encode_ln_inv_d=20/20, rescale=[sm_mask=off, v_mask=off, sm_v_matmul=31, sm_v_mask=off, wo=off, ln_mean=31, ln_sq=31, ln_var=off])
已为 1 层启用 BLB Block 4 噪声 (N=16384, fresh_softmax/V=29/25, encode_masks(sm/V/sm_v)=14/14/14, encode_wo=16, encode_ln_inv_d=16/20, rescale=[sm_mask=off, v_mask=off, sm_v_matmul=23, sm_v_mask=off, wo=off, ln_mean=21, ln_sq=31, ln_var=off])
已为 1 层启用 BLB Block 4 噪声 (N=16384, fresh_softmax/V=35/25, encode_masks(sm/V/sm_v)=14/14/14, encode_wo=22, encode_ln_inv_d=20/20, rescale=[sm_mask=off, v_mask=off, sm_v_matmul=31, sm_v_mask=off, wo=off, ln_mean=31, ln_sq=31, ln_var=off])
已为 1 层启用 BLB Block 4 噪声 (N=16384, fresh_softmax/V=35/25, encode_masks(sm/V/sm_v)=14/14/14, encode_wo=22, encode_ln_inv_d=20/20, rescale=[sm_mask=off, v_mask=off, sm_v_matmul=31, sm_v_mask=off, wo=off, ln_mean=31, ln_sq=31, ln_var=off])
已为 12 层启用 BLB Block 5 噪声 (gelu_degree∈{1,1,1,1,1,4,1,1,1,1,1,1}, N=16384, fresh_inv_std/x_centered=22/22, encode_gamma/wffn1/gelu_coeff=14/14/16, rescale=[normalize=26, gamma=off, wffn1=off, gelu_powers=[(none)], gelu_coeff_muls=[29]])
已为 1 层启用 BLB Block 1 噪声 (N=16384, fresh_gelu_out=30, encode_wffn2=20, encode_inv_d=20/20, rescale=[wffn2_result=off, mean=30, square=off, var=27])
已为 1 层启用 BLB Block 1 噪声 (N=16384, fresh_gelu_out=22, encode_wffn2=14, encode_inv_d=14/14, rescale=[wffn2_result=off, mean=22, square=off, var=27])
已为 1 层启用 BLB Block 1 噪声 (N=16384, fresh_gelu_out=30, encode_wffn2=20, encode_inv_d=20/20, rescale=[wffn2_result=off, mean=30, square=off, var=27])
已为 1 层启用 BLB Block 1 噪声 (N=16384, fresh_gelu_out=30, encode_wffn2=20, encode_inv_d=20/20, rescale=[wffn2_result=off, mean=30, square=off, var=27])
已为 1 层启用 BLB Block 1 噪声 (N=16384, fresh_gelu_out=30, encode_wffn2=20, encode_inv_d=20/20, rescale=[wffn2_result=off, mean=30, square=off, var=27])
已为 1 层启用 BLB Block 1 噪声 (N=16384, fresh_gelu_out=22, encode_wffn2=14, encode_inv_d=14/14, rescale=[wffn2_result=off, mean=22, square=off, var=27])
已为 1 层启用 BLB Block 1 噪声 (N=16384, fresh_gelu_out=30, encode_wffn2=20, encode_inv_d=20/20, rescale=[wffn2_result=off, mean=30, square=off, var=27])
已为 1 层启用 BLB Block 1 噪声 (N=16384, fresh_gelu_out=30, encode_wffn2=20, encode_inv_d=20/20, rescale=[wffn2_result=off, mean=30, square=off, var=27])
已为 1 层启用 BLB Block 1 噪声 (N=16384, fresh_gelu_out=30, encode_wffn2=20, encode_inv_d=20/20, rescale=[wffn2_result=off, mean=30, square=off, var=27])
已为 1 层启用 BLB Block 1 噪声 (N=16384, fresh_gelu_out=30, encode_wffn2=20, encode_inv_d=20/20, rescale=[wffn2_result=off, mean=30, square=off, var=27])
已为 1 层启用 BLB Block 1 噪声 (N=16384, fresh_gelu_out=30, encode_wffn2=20, encode_inv_d=20/20, rescale=[wffn2_result=off, mean=30, square=off, var=27])
已为 1 层启用 BLB Block 2 噪声 (N=16384, fresh_inv_std=28, fresh_x_centered=28, encode_gamma=20, encode_wq/wk/wv=22/22/22, encode_qkt_merge_mask=15, rescale=[normalize=off, gamma=28, wk=off, wq=off, wv=off, qkt=28, merge_mask=off])
已为 1 层启用 BLB Block 2 噪声 (N=16384, fresh_inv_std=28, fresh_x_centered=28, encode_gamma=20, encode_wq/wk/wv=22/22/22, encode_qkt_merge_mask=15, rescale=[normalize=off, gamma=28, wk=off, wq=off, wv=off, qkt=28, merge_mask=off])
已为 1 层启用 BLB Block 2 噪声 (N=16384, fresh_inv_std=20, fresh_x_centered=20, encode_gamma=16, encode_wq/wk/wv=16/16/22, encode_qkt_merge_mask=15, rescale=[normalize=off, gamma=28, wk=off, wq=off, wv=off, qkt=28, merge_mask=off])
已为 1 层启用 BLB Block 2 噪声 (N=16384, fresh_inv_std=28, fresh_x_centered=28, encode_gamma=20, encode_wq/wk/wv=22/22/22, encode_qkt_merge_mask=15, rescale=[normalize=off, gamma=28, wk=off, wq=off, wv=off, qkt=28, merge_mask=off])
已为 1 层启用 BLB Block 2 噪声 (N=16384, fresh_inv_std=28, fresh_x_centered=28, encode_gamma=20, encode_wq/wk/wv=22/22/22, encode_qkt_merge_mask=15, rescale=[normalize=off, gamma=28, wk=off, wq=off, wv=off, qkt=28, merge_mask=off])已为 1 层启用 BLB Block 1 噪声 (N=16384, fresh_gelu_out=30, encode_wffn2=20, encode_inv_d=20/20, rescale=[wffn2_result=off, mean=30, square=off, var=27])
已为 1 层启用 BLB Block 1 噪声 (N=16384, fresh_gelu_out=22, encode_wffn2=14, encode_inv_d=14/14, rescale=[wffn2_result=off, mean=22, square=off, var=27])
已为 1 层启用 BLB Block 1 噪声 (N=16384, fresh_gelu_out=30, encode_wffn2=20, encode_inv_d=20/20, rescale=[wffn2_result=off, mean=30, square=off, var=27])
已为 1 层启用 BLB Block 1 噪声 (N=16384, fresh_gelu_out=30, encode_wffn2=20, encode_inv_d=20/20, rescale=[wffn2_result=off, mean=30, square=off, var=27])
已为 1 层启用 BLB Block 1 噪声 (N=16384, fresh_gelu_out=30, encode_wffn2=20, encode_inv_d=20/20, rescale=[wffn2_result=off, mean=30, square=off, var=27])
已为 1 层启用 BLB Block 1 噪声 (N=16384, fresh_gelu_out=22, encode_wffn2=14, encode_inv_d=14/14, rescale=[wffn2_result=off, mean=22, square=off, var=27])
已为 1 层启用 BLB Block 1 噪声 (N=16384, fresh_gelu_out=30, encode_wffn2=20, encode_inv_d=20/20, rescale=[wffn2_result=off, mean=30, square=off, var=27])
已为 1 层启用 BLB Block 1 噪声 (N=16384, fresh_gelu_out=30, encode_wffn2=20, encode_inv_d=20/20, rescale=[wffn2_result=off, mean=30, square=off, var=27])
已为 1 层启用 BLB Block 1 噪声 (N=16384, fresh_gelu_out=30, encode_wffn2=20, encode_inv_d=20/20, rescale=[wffn2_result=off, mean=30, square=off, var=27])

已为 1 层启用 BLB Block 2 噪声 (N=16384, fresh_inv_std=28, fresh_x_centered=28, encode_gamma=20, encode_wq/wk/wv=22/22/22, encode_qkt_merge_mask=15, rescale=[normalize=off, gamma=28, wk=off, wq=off, wv=off, qkt=28, merge_mask=off])
已为 1 层启用 BLB Block 2 噪声 (N=16384, fresh_inv_std=28, fresh_x_centered=28, encode_gamma=20, encode_wq/wk/wv=22/22/22, encode_qkt_merge_mask=15, rescale=[normalize=off, gamma=28, wk=off, wq=off, wv=off, qkt=28, merge_mask=off])
已为 1 层启用 BLB Block 2 噪声 (N=16384, fresh_inv_std=20, fresh_x_centered=20, encode_gamma=16, encode_wq/wk/wv=16/16/22, encode_qkt_merge_mask=15, rescale=[normalize=off, gamma=28, wk=off, wq=off, wv=off, qkt=28, merge_mask=off])
已为 1 层启用 BLB Block 2 噪声 (N=16384, fresh_inv_std=20, fresh_x_centered=20, encode_gamma=16, encode_wq/wk/wv=16/16/22, encode_qkt_merge_mask=15, rescale=[normalize=off, gamma=28, wk=off, wq=off, wv=off, qkt=28, merge_mask=off])
已为 1 层启用 BLB Block 2 噪声 (N=16384, fresh_inv_std=28, fresh_x_centered=28, encode_gamma=20, encode_wq/wk/wv=22/22/22, encode_qkt_merge_mask=15, rescale=[normalize=off, gamma=28, wk=off, wq=off, wv=off, qkt=28, merge_mask=off])
已为 1 层启用 BLB Block 2 噪声 (N=16384, fresh_inv_std=20, fresh_x_centered=20, encode_gamma=16, encode_wq/wk/wv=16/16/22, encode_qkt_merge_mask=15, rescale=[normalize=off, gamma=28, wk=off, wq=off, wv=off, qkt=28, merge_mask=off])
已为 1 层启用 BLB Block 2 噪声 (N=16384, fresh_inv_std=28, fresh_x_centered=28, encode_gamma=20, encode_wq/wk/wv=22/22/22, encode_qkt_merge_mask=15, rescale=[normalize=off, gamma=28, wk=off, wq=off, wv=off, qkt=28, merge_mask=off])
已为 1 层启用 BLB Block 4 噪声 (N=16384, fresh_softmax/V=35/25, encode_masks(sm/V/sm_v)=14/14/14, encode_wo=22, encode_ln_inv_d=20/20, rescale=[sm_mask=off, v_mask=off, sm_v_matmul=31, sm_v_mask=off, wo=off, ln_mean=31, ln_sq=31, ln_var=off])
已为 1 层启用 BLB Block 4 噪声 (N=16384, fresh_softmax/V=35/25, encode_masks(sm/V/sm_v)=14/14/14, encode_wo=22, encode_ln_inv_d=20/20, rescale=[sm_mask=off, v_mask=off, sm_v_matmul=31, sm_v_mask=off, wo=off, ln_mean=31, ln_sq=31, ln_var=off])
已为 1 层启用 BLB Block 4 噪声 (N=16384, fresh_softmax/V=35/25, encode_masks(sm/V/sm_v)=14/14/14, encode_wo=22, encode_ln_inv_d=20/20, rescale=[sm_mask=off, v_mask=off, sm_v_matmul=31, sm_v_mask=off, wo=off, ln_mean=31, ln_sq=31, ln_var=off])
已为 1 层启用 BLB Block 4 噪声 (N=16384, fresh_softmax/V=29/25, encode_masks(sm/V/sm_v)=14/14/14, encode_wo=16, encode_ln_inv_d=16/20, rescale=[sm_mask=off, v_mask=off, sm_v_matmul=23, sm_v_mask=off, wo=off, ln_mean=21, ln_sq=31, ln_var=off])
已为 1 层启用 BLB Block 4 噪声 (N=16384, fresh_softmax/V=35/25, encode_masks(sm/V/sm_v)=14/14/14, encode_wo=22, encode_ln_inv_d=20/20, rescale=[sm_mask=off, v_mask=off, sm_v_matmul=31, sm_v_mask=off, wo=off, ln_mean=31, ln_sq=31, ln_var=off])
已为 1 层启用 BLB Block 4 噪声 (N=16384, fresh_softmax/V=29/25, encode_masks(sm/V/sm_v)=14/14/14, encode_wo=16, encode_ln_inv_d=16/20, rescale=[sm_mask=off, v_mask=off, sm_v_matmul=23, sm_v_mask=off, wo=off, ln_mean=21, ln_sq=31, ln_var=off])
已为 1 层启用 BLB Block 4 噪声 (N=16384, fresh_softmax/V=35/25, encode_masks(sm/V/sm_v)=14/14/14, encode_wo=22, encode_ln_inv_d=20/20, rescale=[sm_mask=off, v_mask=off, sm_v_matmul=31, sm_v_mask=off, wo=off, ln_mean=31, ln_sq=31, ln_var=off])
已为 1 层启用 BLB Block 4 噪声 (N=16384, fresh_softmax/V=29/25, encode_masks(sm/V/sm_v)=14/14/14, encode_wo=16, encode_ln_inv_d=16/20, rescale=[sm_mask=off, v_mask=off, sm_v_matmul=23, sm_v_mask=off, wo=off, ln_mean=21, ln_sq=31, ln_var=off])
已为 1 层启用 BLB Block 4 噪声 (N=16384, fresh_softmax/V=35/25, encode_masks(sm/V/sm_v)=14/14/14, encode_wo=22, encode_ln_inv_d=20/20, rescale=[sm_mask=off, v_mask=off, sm_v_matmul=31, sm_v_mask=off, wo=off, ln_mean=31, ln_sq=31, ln_var=off])
已为 1 层启用 BLB Block 4 噪声 (N=16384, fresh_softmax/V=35/25, encode_masks(sm/V/sm_v)=14/14/14, encode_wo=22, encode_ln_inv_d=20/20, rescale=[sm_mask=off, v_mask=off, sm_v_matmul=31, sm_v_mask=off, wo=off, ln_mean=31, ln_sq=31, ln_var=off])
已为 1 层启用 BLB Block 4 噪声 (N=16384, fresh_softmax/V=35/25, encode_masks(sm/V/sm_v)=14/14/14, encode_wo=22, encode_ln_inv_d=20/20, rescale=[sm_mask=off, v_mask=off, sm_v_matmul=31, sm_v_mask=off, wo=off, ln_mean=31, ln_sq=31, ln_var=off])
已为 1 层启用 BLB Block 4 噪声 (N=16384, fresh_softmax/V=35/25, encode_masks(sm/V/sm_v)=14/14/14, encode_wo=22, encode_ln_inv_d=20/20, rescale=[sm_mask=off, v_mask=off, sm_v_matmul=31, sm_v_mask=off, wo=off, ln_mean=31, ln_sq=31, ln_var=off])
已为 12 层启用 BLB Block 5 噪声 (gelu_degree∈{1,1,1,1,1,4,1,1,1,1,1,1}, N=16384, fresh_inv_std/x_centered=22/22, encode_gamma/wffn1/gelu_coeff=14/14/16, rescale=[normalize=26, gamma=off, wffn1=off, gelu_powers=[(none)], gelu_coeff_muls=[29]])
已为 1 层启用 BLB Block 1 噪声 (N=16384, fresh_gelu_out=30, encode_wffn2=20, encode_inv_d=20/20, rescale=[wffn2_result=off, mean=30, square=off, var=27])
已为 1 层启用 BLB Block 1 噪声 (N=16384, fresh_gelu_out=30, encode_wffn2=20, encode_inv_d=20/20, rescale=[wffn2_result=off, mean=30, square=off, var=27])
已为 1 层启用 BLB Block 1 噪声 (N=16384, fresh_gelu_out=22, encode_wffn2=14, encode_inv_d=14/14, rescale=[wffn2_result=off, mean=22, square=off, var=27])
已为 1 层启用 BLB Block 1 噪声 (N=16384, fresh_gelu_out=30, encode_wffn2=20, encode_inv_d=20/20, rescale=[wffn2_result=off, mean=30, square=off, var=27])
已为 1 层启用 BLB Block 1 噪声 (N=16384, fresh_gelu_out=30, encode_wffn2=20, encode_inv_d=20/20, rescale=[wffn2_result=off, mean=30, square=off, var=27])
已为 1 层启用 BLB Block 1 噪声 (N=16384, fresh_gelu_out=30, encode_wffn2=20, encode_inv_d=20/20, rescale=[wffn2_result=off, mean=30, square=off, var=27])
已为 1 层启用 BLB Block 1 噪声 (N=16384, fresh_gelu_out=30, encode_wffn2=20, encode_inv_d=20/20, rescale=[wffn2_result=off, mean=30, square=off, var=27])
已为 1 层启用 BLB Block 2 噪声 (N=16384, fresh_inv_std=28, fresh_x_centered=28, encode_gamma=20, encode_wq/wk/wv=22/22/22, encode_qkt_merge_mask=15, rescale=[normalize=off, gamma=28, wk=off, wq=off, wv=off, qkt=28, merge_mask=off])
已为 1 层启用 BLB Block 2 噪声 (N=16384, fresh_inv_std=28, fresh_x_centered=28, encode_gamma=20, encode_wq/wk/wv=22/22/22, encode_qkt_merge_mask=15, rescale=[normalize=off, gamma=28, wk=off, wq=off, wv=off, qkt=28, merge_mask=off])
已为 1 层启用 BLB Block 2 噪声 (N=16384, fresh_inv_std=20, fresh_x_centered=20, encode_gamma=16, encode_wq/wk/wv=16/16/22, encode_qkt_merge_mask=15, rescale=[normalize=off, gamma=28, wk=off, wq=off, wv=off, qkt=28, merge_mask=off])
已为 1 层启用 BLB Block 2 噪声 (N=16384, fresh_inv_std=28, fresh_x_centered=28, encode_gamma=20, encode_wq/wk/wv=22/22/22, encode_qkt_merge_mask=15, rescale=[normalize=off, gamma=28, wk=off, wq=off, wv=off, qkt=28, merge_mask=off])
已为 1 层启用 BLB Block 2 噪声 (N=16384, fresh_inv_std=28, fresh_x_centered=28, encode_gamma=20, encode_wq/wk/wv=22/22/22, encode_qkt_merge_mask=15, rescale=[normalize=off, gamma=28, wk=off, wq=off, wv=off, qkt=28, merge_mask=off])
已为 1 层启用 BLB Block 2 噪声 (N=16384, fresh_inv_std=28, fresh_x_centered=28, encode_gamma=20, encode_wq/wk/wv=22/22/22, encode_qkt_merge_mask=15, rescale=[normalize=off, gamma=28, wk=off, wq=off, wv=off, qkt=28, merge_mask=off])
已为 1 层启用 BLB Block 2 噪声 (N=16384, fresh_inv_std=28, fresh_x_centered=28, encode_gamma=20, encode_wq/wk/wv=22/22/22, encode_qkt_merge_mask=15, rescale=[normalize=off, gamma=28, wk=off, wq=off, wv=off, qkt=28, merge_mask=off])
已为 1 层启用 BLB Block 2 噪声 (N=16384, fresh_inv_std=20, fresh_x_centered=20, encode_gamma=16, encode_wq/wk/wv=16/16/22, encode_qkt_merge_mask=15, rescale=[normalize=off, gamma=28, wk=off, wq=off, wv=off, qkt=28, merge_mask=off])
已为 1 层启用 BLB Block 2 噪声 (N=16384, fresh_inv_std=20, fresh_x_centered=20, encode_gamma=16, encode_wq/wk/wv=16/16/22, encode_qkt_merge_mask=15, rescale=[normalize=off, gamma=28, wk=off, wq=off, wv=off, qkt=28, merge_mask=off])
已为 1 层启用 BLB Block 2 噪声 (N=16384, fresh_inv_std=28, fresh_x_centered=28, encode_gamma=20, encode_wq/wk/wv=22/22/22, encode_qkt_merge_mask=15, rescale=[normalize=off, gamma=28, wk=off, wq=off, wv=off, qkt=28, merge_mask=off])
已为 1 层启用 BLB Block 2 噪声 (N=16384, fresh_inv_std=20, fresh_x_centered=20, encode_gamma=16, encode_wq/wk/wv=16/16/22, encode_qkt_merge_mask=15, rescale=[normalize=off, gamma=28, wk=off, wq=off, wv=off, qkt=28, merge_mask=off])
已为 1 层启用 BLB Block 2 噪声 (N=16384, fresh_inv_std=28, fresh_x_centered=28, encode_gamma=20, encode_wq/wk/wv=22/22/22, encode_qkt_merge_mask=15, rescale=[normalize=off, gamma=28, wk=off, wq=off, wv=off, qkt=28, merge_mask=off])
已为 1 层启用 BLB Block 4 噪声 (N=16384, fresh_softmax/V=35/25, encode_masks(sm/V/sm_v)=14/14/14, encode_wo=22, encode_ln_inv_d=20/20, rescale=[sm_mask=off, v_mask=off, sm_v_matmul=31, sm_v_mask=off, wo=off, ln_mean=31, ln_sq=31, ln_var=off])
已为 1 层启用 BLB Block 4 噪声 (N=16384, fresh_softmax/V=35/25, encode_masks(sm/V/sm_v)=14/14/14, encode_wo=22, encode_ln_inv_d=20/20, rescale=[sm_mask=off, v_mask=off, sm_v_matmul=31, sm_v_mask=off, wo=off, ln_mean=31, ln_sq=31, ln_var=off])
已为 1 层启用 BLB Block 4 噪声 (N=16384, fresh_softmax/V=35/25, encode_masks(sm/V/sm_v)=14/14/14, encode_wo=22, encode_ln_inv_d=20/20, rescale=[sm_mask=off, v_mask=off, sm_v_matmul=31, sm_v_mask=off, wo=off, ln_mean=31, ln_sq=31, ln_var=off])
已为 1 层启用 BLB Block 4 噪声 (N=16384, fresh_softmax/V=29/25, encode_masks(sm/V/sm_v)=14/14/14, encode_wo=16, encode_ln_inv_d=16/20, rescale=[sm_mask=off, v_mask=off, sm_v_matmul=23, sm_v_mask=off, wo=off, ln_mean=21, ln_sq=31, ln_var=off])
已为 1 层启用 BLB Block 4 噪声 (N=16384, fresh_softmax/V=35/25, encode_masks(sm/V/sm_v)=14/14/14, encode_wo=22, encode_ln_inv_d=20/20, rescale=[sm_mask=off, v_mask=off, sm_v_matmul=31, sm_v_mask=off, wo=off, ln_mean=31, ln_sq=31, ln_var=off])
已为 1 层启用 BLB Block 4 噪声 (N=16384, fresh_softmax/V=29/25, encode_masks(sm/V/sm_v)=14/14/14, encode_wo=16, encode_ln_inv_d=16/20, rescale=[sm_mask=off, v_mask=off, sm_v_matmul=23, sm_v_mask=off, wo=off, ln_mean=21, ln_sq=31, ln_var=off])
已为 1 层启用 BLB Block 4 噪声 (N=16384, fresh_softmax/V=35/25, encode_masks(sm/V/sm_v)=14/14/14, encode_wo=22, encode_ln_inv_d=20/20, rescale=[sm_mask=off, v_mask=off, sm_v_matmul=31, sm_v_mask=off, wo=off, ln_mean=31, ln_sq=31, ln_var=off])
已为 1 层启用 BLB Block 4 噪声 (N=16384, fresh_softmax/V=29/25, encode_masks(sm/V/sm_v)=14/14/14, encode_wo=16, encode_ln_inv_d=16/20, rescale=[sm_mask=off, v_mask=off, sm_v_matmul=23, sm_v_mask=off, wo=off, ln_mean=21, ln_sq=31, ln_var=off])
已为 1 层启用 BLB Block 4 噪声 (N=16384, fresh_softmax/V=35/25, encode_masks(sm/V/sm_v)=14/14/14, encode_wo=22, encode_ln_inv_d=20/20, rescale=[sm_mask=off, v_mask=off, sm_v_matmul=31, sm_v_mask=off, wo=off, ln_mean=31, ln_sq=31, ln_var=off])
已为 1 层启用 BLB Block 4 噪声 (N=16384, fresh_softmax/V=35/25, encode_masks(sm/V/sm_v)=14/14/14, encode_wo=22, encode_ln_inv_d=20/20, rescale=[sm_mask=off, v_mask=off, sm_v_matmul=31, sm_v_mask=off, wo=off, ln_mean=31, ln_sq=31, ln_var=off])
已为 1 层启用 BLB Block 4 噪声 (N=16384, fresh_softmax/V=35/25, encode_masks(sm/V/sm_v)=14/14/14, encode_wo=22, encode_ln_inv_d=20/20, rescale=[sm_mask=off, v_mask=off, sm_v_matmul=31, sm_v_mask=off, wo=off, ln_mean=31, ln_sq=31, ln_var=off])
已为 1 层启用 BLB Block 4 噪声 (N=16384, fresh_softmax/V=35/25, encode_masks(sm/V/sm_v)=14/14/14, encode_wo=22, encode_ln_inv_d=20/20, rescale=[sm_mask=off, v_mask=off, sm_v_matmul=31, sm_v_mask=off, wo=off, ln_mean=31, ln_sq=31, ln_var=off])
已为 12 层启用 BLB Block 5 噪声 (gelu_degree∈{1,1,1,1,1,4,1,1,1,1,1,1}, N=16384, fresh_inv_std/x_centered=22/22, encode_gamma/wffn1/gelu_coeff=14/14/16, rescale=[normalize=26, gamma=off, wffn1=off, gelu_powers=[(none)], gelu_coeff_muls=[29]])
已为 1 层启用 BLB Block 1 噪声 (N=16384, fresh_gelu_out=22, encode_wffn2=14, encode_inv_d=14/14, rescale=[wffn2_result=off, mean=22, square=off, var=27])
已为 1 层启用 BLB Block 1 噪声 (N=16384, fresh_gelu_out=30, encode_wffn2=20, encode_inv_d=20/20, rescale=[wffn2_result=off, mean=30, square=off, var=27])
已为 1 层启用 BLB Block 1 噪声 (N=16384, fresh_gelu_out=30, encode_wffn2=20, encode_inv_d=20/20, rescale=[wffn2_result=off, mean=30, square=off, var=27])
已为 1 层启用 BLB Block 1 噪声 (N=16384, fresh_gelu_out=30, encode_wffn2=20, encode_inv_d=20/20, rescale=[wffn2_result=off, mean=30, square=off, var=27])
已为 1 层启用 BLB Block 1 噪声 (N=16384, fresh_gelu_out=30, encode_wffn2=20, encode_inv_d=20/20, rescale=[wffn2_result=off, mean=30, square=off, var=27])
已为 1 层启用 BLB Block 1 噪声 (N=16384, fresh_gelu_out=30, encode_wffn2=20, encode_inv_d=20/20, rescale=[wffn2_result=off, mean=30, square=off, var=27])
已为 1 层启用 BLB Block 2 噪声 (N=16384, fresh_inv_std=28, fresh_x_centered=28, encode_gamma=20, encode_wq/wk/wv=22/22/22, encode_qkt_merge_mask=15, rescale=[normalize=off, gamma=28, wk=off, wq=off, wv=off, qkt=28, merge_mask=off])
已为 1 层启用 BLB Block 2 噪声 (N=16384, fresh_inv_std=28, fresh_x_centered=28, encode_gamma=20, encode_wq/wk/wv=22/22/22, encode_qkt_merge_mask=15, rescale=[normalize=off, gamma=28, wk=off, wq=off, wv=off, qkt=28, merge_mask=off])
已为 1 层启用 BLB Block 2 噪声 (N=16384, fresh_inv_std=20, fresh_x_centered=20, encode_gamma=16, encode_wq/wk/wv=16/16/22, encode_qkt_merge_mask=15, rescale=[normalize=off, gamma=28, wk=off, wq=off, wv=off, qkt=28, merge_mask=off])
已为 1 层启用 BLB Block 2 噪声 (N=16384, fresh_inv_std=28, fresh_x_centered=28, encode_gamma=20, encode_wq/wk/wv=22/22/22, encode_qkt_merge_mask=15, rescale=[normalize=off, gamma=28, wk=off, wq=off, wv=off, qkt=28, merge_mask=off])
已为 1 层启用 BLB Block 2 噪声 (N=16384, fresh_inv_std=28, fresh_x_centered=28, encode_gamma=20, encode_wq/wk/wv=22/22/22, encode_qkt_merge_mask=15, rescale=[normalize=off, gamma=28, wk=off, wq=off, wv=off, qkt=28, merge_mask=off])
已为 1 层启用 BLB Block 2 噪声 (N=16384, fresh_inv_std=28, fresh_x_centered=28, encode_gamma=20, encode_wq/wk/wv=22/22/22, encode_qkt_merge_mask=15, rescale=[normalize=off, gamma=28, wk=off, wq=off, wv=off, qkt=28, merge_mask=off])
已为 1 层启用 BLB Block 2 噪声 (N=16384, fresh_inv_std=28, fresh_x_centered=28, encode_gamma=20, encode_wq/wk/wv=22/22/22, encode_qkt_merge_mask=15, rescale=[normalize=off, gamma=28, wk=off, wq=off, wv=off, qkt=28, merge_mask=off])
已为 1 层启用 BLB Block 2 噪声 (N=16384, fresh_inv_std=20, fresh_x_centered=20, encode_gamma=16, encode_wq/wk/wv=16/16/22, encode_qkt_merge_mask=15, rescale=[normalize=off, gamma=28, wk=off, wq=off, wv=off, qkt=28, merge_mask=off])已为 1 层启用 BLB Block 1 噪声 (N=16384, fresh_gelu_out=30, encode_wffn2=20, encode_inv_d=20/20, rescale=[wffn2_result=off, mean=30, square=off, var=27])
已为 1 层启用 BLB Block 1 噪声 (N=16384, fresh_gelu_out=22, encode_wffn2=14, encode_inv_d=14/14, rescale=[wffn2_result=off, mean=22, square=off, var=27])
已为 1 层启用 BLB Block 1 噪声 (N=16384, fresh_gelu_out=30, encode_wffn2=20, encode_inv_d=20/20, rescale=[wffn2_result=off, mean=30, square=off, var=27])
已为 1 层启用 BLB Block 1 噪声 (N=16384, fresh_gelu_out=30, encode_wffn2=20, encode_inv_d=20/20, rescale=[wffn2_result=off, mean=30, square=off, var=27])
已为 1 层启用 BLB Block 1 噪声 (N=16384, fresh_gelu_out=30, encode_wffn2=20, encode_inv_d=20/20, rescale=[wffn2_result=off, mean=30, square=off, var=27])
已为 1 层启用 BLB Block 1 噪声 (N=16384, fresh_gelu_out=22, encode_wffn2=14, encode_inv_d=14/14, rescale=[wffn2_result=off, mean=22, square=off, var=27])
已为 1 层启用 BLB Block 1 噪声 (N=16384, fresh_gelu_out=30, encode_wffn2=20, encode_inv_d=20/20, rescale=[wffn2_result=off, mean=30, square=off, var=27])
已为 1 层启用 BLB Block 1 噪声 (N=16384, fresh_gelu_out=30, encode_wffn2=20, encode_inv_d=20/20, rescale=[wffn2_result=off, mean=30, square=off, var=27])
已为 1 层启用 BLB Block 1 噪声 (N=16384, fresh_gelu_out=30, encode_wffn2=20, encode_inv_d=20/20, rescale=[wffn2_result=off, mean=30, square=off, var=27])
已为 1 层启用 BLB Block 1 噪声 (N=16384, fresh_gelu_out=30, encode_wffn2=20, encode_inv_d=20/20, rescale=[wffn2_result=off, mean=30, square=off, var=27])
已为 1 层启用 BLB Block 1 噪声 (N=16384, fresh_gelu_out=30, encode_wffn2=20, encode_inv_d=20/20, rescale=[wffn2_result=off, mean=30, square=off, var=27])
已为 1 层启用 BLB Block 2 噪声 (N=16384, fresh_inv_std=28, fresh_x_centered=28, encode_gamma=20, encode_wq/wk/wv=22/22/22, encode_qkt_merge_mask=15, rescale=[normalize=off, gamma=28, wk=off, wq=off, wv=off, qkt=28, merge_mask=off])
已为 1 层启用 BLB Block 2 噪声 (N=16384, fresh_inv_std=28, fresh_x_centered=28, encode_gamma=20, encode_wq/wk/wv=22/22/22, encode_qkt_merge_mask=15, rescale=[normalize=off, gamma=28, wk=off, wq=off, wv=off, qkt=28, merge_mask=off])
已为 1 层启用 BLB Block 2 噪声 (N=16384, fresh_inv_std=20, fresh_x_centered=20, encode_gamma=16, encode_wq/wk/wv=16/16/22, encode_qkt_merge_mask=15, rescale=[normalize=off, gamma=28, wk=off, wq=off, wv=off, qkt=28, merge_mask=off])
已为 1 层启用 BLB Block 2 噪声 (N=16384, fresh_inv_std=28, fresh_x_centered=28, encode_gamma=20, encode_wq/wk/wv=22/22/22, encode_qkt_merge_mask=15, rescale=[normalize=off, gamma=28, wk=off, wq=off, wv=off, qkt=28, merge_mask=off])
已为 1 层启用 BLB Block 2 噪声 (N=16384, fresh_inv_std=28, fresh_x_centered=28, encode_gamma=20, encode_wq/wk/wv=22/22/22, encode_qkt_merge_mask=15, rescale=[normalize=off, gamma=28, wk=off, wq=off, wv=off, qkt=28, merge_mask=off])
已为 1 层启用 BLB Block 2 噪声 (N=16384, fresh_inv_std=28, fresh_x_centered=28, encode_gamma=20, encode_wq/wk/wv=22/22/22, encode_qkt_merge_mask=15, rescale=[normalize=off, gamma=28, wk=off, wq=off, wv=off, qkt=28, merge_mask=off])
已为 1 层启用 BLB Block 2 噪声 (N=16384, fresh_inv_std=28, fresh_x_centered=28, encode_gamma=20, encode_wq/wk/wv=22/22/22, encode_qkt_merge_mask=15, rescale=[normalize=off, gamma=28, wk=off, wq=off, wv=off, qkt=28, merge_mask=off])
已为 1 层启用 BLB Block 2 噪声 (N=16384, fresh_inv_std=20, fresh_x_centered=20, encode_gamma=16, encode_wq/wk/wv=16/16/22, encode_qkt_merge_mask=15, rescale=[normalize=off, gamma=28, wk=off, wq=off, wv=off, qkt=28, merge_mask=off])
已为 1 层启用 BLB Block 2 噪声 (N=16384, fresh_inv_std=20, fresh_x_centered=20, encode_gamma=16, encode_wq/wk/wv=16/16/22, encode_qkt_merge_mask=15, rescale=[normalize=off, gamma=28, wk=off, wq=off, wv=off, qkt=28, merge_mask=off])
已为 1 层启用 BLB Block 2 噪声 (N=16384, fresh_inv_std=28, fresh_x_centered=28, encode_gamma=20, encode_wq/wk/wv=22/22/22, encode_qkt_merge_mask=15, rescale=[normalize=off, gamma=28, wk=off, wq=off, wv=off, qkt=28, merge_mask=off])
已为 1 层启用 BLB Block 2 噪声 (N=16384, fresh_inv_std=20, fresh_x_centered=20, encode_gamma=16, encode_wq/wk/wv=16/16/22, encode_qkt_merge_mask=15, rescale=[normalize=off, gamma=28, wk=off, wq=off, wv=off, qkt=28, merge_mask=off])
已为 1 层启用 BLB Block 2 噪声 (N=16384, fresh_inv_std=28, fresh_x_centered=28, encode_gamma=20, encode_wq/wk/wv=22/22/22, encode_qkt_merge_mask=15, rescale=[normalize=off, gamma=28, wk=off, wq=off, wv=off, qkt=28, merge_mask=off])
已为 1 层启用 BLB Block 4 噪声 (N=16384, fresh_softmax/V=35/25, encode_masks(sm/V/sm_v)=14/14/14, encode_wo=22, encode_ln_inv_d=20/20, rescale=[sm_mask=off, v_mask=off, sm_v_matmul=31, sm_v_mask=off, wo=off, ln_mean=31, ln_sq=31, ln_var=off])
已为 1 层启用 BLB Block 4 噪声 (N=16384, fresh_softmax/V=35/25, encode_masks(sm/V/sm_v)=14/14/14, encode_wo=22, encode_ln_inv_d=20/20, rescale=[sm_mask=off, v_mask=off, sm_v_matmul=31, sm_v_mask=off, wo=off, ln_mean=31, ln_sq=31, ln_var=off])
已为 1 层启用 BLB Block 4 噪声 (N=16384, fresh_softmax/V=35/25, encode_masks(sm/V/sm_v)=14/14/14, encode_wo=22, encode_ln_inv_d=20/20, rescale=[sm_mask=off, v_mask=off, sm_v_matmul=31, sm_v_mask=off, wo=off, ln_mean=31, ln_sq=31, ln_var=off])
已为 1 层启用 BLB Block 4 噪声 (N=16384, fresh_softmax/V=29/25, encode_masks(sm/V/sm_v)=14/14/14, encode_wo=16, encode_ln_inv_d=16/20, rescale=[sm_mask=off, v_mask=off, sm_v_matmul=23, sm_v_mask=off, wo=off, ln_mean=21, ln_sq=31, ln_var=off])
已为 1 层启用 BLB Block 4 噪声 (N=16384, fresh_softmax/V=35/25, encode_masks(sm/V/sm_v)=14/14/14, encode_wo=22, encode_ln_inv_d=20/20, rescale=[sm_mask=off, v_mask=off, sm_v_matmul=31, sm_v_mask=off, wo=off, ln_mean=31, ln_sq=31, ln_var=off])
已为 1 层启用 BLB Block 4 噪声 (N=16384, fresh_softmax/V=29/25, encode_masks(sm/V/sm_v)=14/14/14, encode_wo=16, encode_ln_inv_d=16/20, rescale=[sm_mask=off, v_mask=off, sm_v_matmul=23, sm_v_mask=off, wo=off, ln_mean=21, ln_sq=31, ln_var=off])
已为 1 层启用 BLB Block 4 噪声 (N=16384, fresh_softmax/V=35/25, encode_masks(sm/V/sm_v)=14/14/14, encode_wo=22, encode_ln_inv_d=20/20, rescale=[sm_mask=off, v_mask=off, sm_v_matmul=31, sm_v_mask=off, wo=off, ln_mean=31, ln_sq=31, ln_var=off])
已为 1 层启用 BLB Block 4 噪声 (N=16384, fresh_softmax/V=29/25, encode_masks(sm/V/sm_v)=14/14/14, encode_wo=16, encode_ln_inv_d=16/20, rescale=[sm_mask=off, v_mask=off, sm_v_matmul=23, sm_v_mask=off, wo=off, ln_mean=21, ln_sq=31, ln_var=off])
已为 1 层启用 BLB Block 4 噪声 (N=16384, fresh_softmax/V=35/25, encode_masks(sm/V/sm_v)=14/14/14, encode_wo=22, encode_ln_inv_d=20/20, rescale=[sm_mask=off, v_mask=off, sm_v_matmul=31, sm_v_mask=off, wo=off, ln_mean=31, ln_sq=31, ln_var=off])
已为 1 层启用 BLB Block 4 噪声 (N=16384, fresh_softmax/V=35/25, encode_masks(sm/V/sm_v)=14/14/14, encode_wo=22, encode_ln_inv_d=20/20, rescale=[sm_mask=off, v_mask=off, sm_v_matmul=31, sm_v_mask=off, wo=off, ln_mean=31, ln_sq=31, ln_var=off])
已为 1 层启用 BLB Block 4 噪声 (N=16384, fresh_softmax/V=35/25, encode_masks(sm/V/sm_v)=14/14/14, encode_wo=22, encode_ln_inv_d=20/20, rescale=[sm_mask=off, v_mask=off, sm_v_matmul=31, sm_v_mask=off, wo=off, ln_mean=31, ln_sq=31, ln_var=off])
已为 1 层启用 BLB Block 4 噪声 (N=16384, fresh_softmax/V=35/25, encode_masks(sm/V/sm_v)=14/14/14, encode_wo=22, encode_ln_inv_d=20/20, rescale=[sm_mask=off, v_mask=off, sm_v_matmul=31, sm_v_mask=off, wo=off, ln_mean=31, ln_sq=31, ln_var=off])
已为 12 层启用 BLB Block 5 噪声 (gelu_degree∈{1,1,1,1,1,4,1,1,1,1,1,1}, N=16384, fresh_inv_std/x_centered=22/22, encode_gamma/wffn1/gelu_coeff=14/14/16, rescale=[normalize=26, gamma=off, wffn1=off, gelu_powers=[(none)], gelu_coeff_muls=[29]])

已为 1 层启用 BLB Block 2 噪声 (N=16384, fresh_inv_std=20, fresh_x_centered=20, encode_gamma=16, encode_wq/wk/wv=16/16/22, encode_qkt_merge_mask=15, rescale=[normalize=off, gamma=28, wk=off, wq=off, wv=off, qkt=28, merge_mask=off])
已为 1 层启用 BLB Block 2 噪声 (N=16384, fresh_inv_std=28, fresh_x_centered=28, encode_gamma=20, encode_wq/wk/wv=22/22/22, encode_qkt_merge_mask=15, rescale=[normalize=off, gamma=28, wk=off, wq=off, wv=off, qkt=28, merge_mask=off])
已为 1 层启用 BLB Block 2 噪声 (N=16384, fresh_inv_std=20, fresh_x_centered=20, encode_gamma=16, encode_wq/wk/wv=16/16/22, encode_qkt_merge_mask=15, rescale=[normalize=off, gamma=28, wk=off, wq=off, wv=off, qkt=28, merge_mask=off])
已为 1 层启用 BLB Block 2 噪声 (N=16384, fresh_inv_std=28, fresh_x_centered=28, encode_gamma=20, encode_wq/wk/wv=22/22/22, encode_qkt_merge_mask=15, rescale=[normalize=off, gamma=28, wk=off, wq=off, wv=off, qkt=28, merge_mask=off])
已为 1 层启用 BLB Block 4 噪声 (N=16384, fresh_softmax/V=35/25, encode_masks(sm/V/sm_v)=14/14/14, encode_wo=22, encode_ln_inv_d=20/20, rescale=[sm_mask=off, v_mask=off, sm_v_matmul=31, sm_v_mask=off, wo=off, ln_mean=31, ln_sq=31, ln_var=off])
已为 1 层启用 BLB Block 4 噪声 (N=16384, fresh_softmax/V=35/25, encode_masks(sm/V/sm_v)=14/14/14, encode_wo=22, encode_ln_inv_d=20/20, rescale=[sm_mask=off, v_mask=off, sm_v_matmul=31, sm_v_mask=off, wo=off, ln_mean=31, ln_sq=31, ln_var=off])
已为 1 层启用 BLB Block 4 噪声 (N=16384, fresh_softmax/V=35/25, encode_masks(sm/V/sm_v)=14/14/14, encode_wo=22, encode_ln_inv_d=20/20, rescale=[sm_mask=off, v_mask=off, sm_v_matmul=31, sm_v_mask=off, wo=off, ln_mean=31, ln_sq=31, ln_var=off])
已为 1 层启用 BLB Block 4 噪声 (N=16384, fresh_softmax/V=29/25, encode_masks(sm/V/sm_v)=14/14/14, encode_wo=16, encode_ln_inv_d=16/20, rescale=[sm_mask=off, v_mask=off, sm_v_matmul=23, sm_v_mask=off, wo=off, ln_mean=21, ln_sq=31, ln_var=off])
已为 1 层启用 BLB Block 4 噪声 (N=16384, fresh_softmax/V=35/25, encode_masks(sm/V/sm_v)=14/14/14, encode_wo=22, encode_ln_inv_d=20/20, rescale=[sm_mask=off, v_mask=off, sm_v_matmul=31, sm_v_mask=off, wo=off, ln_mean=31, ln_sq=31, ln_var=off])
已为 1 层启用 BLB Block 4 噪声 (N=16384, fresh_softmax/V=29/25, encode_masks(sm/V/sm_v)=14/14/14, encode_wo=16, encode_ln_inv_d=16/20, rescale=[sm_mask=off, v_mask=off, sm_v_matmul=23, sm_v_mask=off, wo=off, ln_mean=21, ln_sq=31, ln_var=off])
已为 1 层启用 BLB Block 4 噪声 (N=16384, fresh_softmax/V=35/25, encode_masks(sm/V/sm_v)=14/14/14, encode_wo=22, encode_ln_inv_d=20/20, rescale=[sm_mask=off, v_mask=off, sm_v_matmul=31, sm_v_mask=off, wo=off, ln_mean=31, ln_sq=31, ln_var=off])
已为 1 层启用 BLB Block 4 噪声 (N=16384, fresh_softmax/V=29/25, encode_masks(sm/V/sm_v)=14/14/14, encode_wo=16, encode_ln_inv_d=16/20, rescale=[sm_mask=off, v_mask=off, sm_v_matmul=23, sm_v_mask=off, wo=off, ln_mean=21, ln_sq=31, ln_var=off])
已为 1 层启用 BLB Block 4 噪声 (N=16384, fresh_softmax/V=35/25, encode_masks(sm/V/sm_v)=14/14/14, encode_wo=22, encode_ln_inv_d=20/20, rescale=[sm_mask=off, v_mask=off, sm_v_matmul=31, sm_v_mask=off, wo=off, ln_mean=31, ln_sq=31, ln_var=off])
已为 1 层启用 BLB Block 4 噪声 (N=16384, fresh_softmax/V=35/25, encode_masks(sm/V/sm_v)=14/14/14, encode_wo=22, encode_ln_inv_d=20/20, rescale=[sm_mask=off, v_mask=off, sm_v_matmul=31, sm_v_mask=off, wo=off, ln_mean=31, ln_sq=31, ln_var=off])
已为 1 层启用 BLB Block 4 噪声 (N=16384, fresh_softmax/V=35/25, encode_masks(sm/V/sm_v)=14/14/14, encode_wo=22, encode_ln_inv_d=20/20, rescale=[sm_mask=off, v_mask=off, sm_v_matmul=31, sm_v_mask=off, wo=off, ln_mean=31, ln_sq=31, ln_var=off])
已为 1 层启用 BLB Block 4 噪声 (N=16384, fresh_softmax/V=35/25, encode_masks(sm/V/sm_v)=14/14/14, encode_wo=22, encode_ln_inv_d=20/20, rescale=[sm_mask=off, v_mask=off, sm_v_matmul=31, sm_v_mask=off, wo=off, ln_mean=31, ln_sq=31, ln_var=off])
已为 12 层启用 BLB Block 5 噪声 (gelu_degree∈{1,1,1,1,1,4,1,1,1,1,1,1}, N=16384, fresh_inv_std/x_centered=22/22, encode_gamma/wffn1/gelu_coeff=14/14/16, rescale=[normalize=26, gamma=off, wffn1=off, gelu_powers=[(none)], gelu_coeff_muls=[29]])
已为 1 层启用 BLB Block 1 噪声 (N=16384, fresh_gelu_out=30, encode_wffn2=20, encode_inv_d=20/20, rescale=[wffn2_result=off, mean=30, square=off, var=27])
已为 1 层启用 BLB Block 1 噪声 (N=16384, fresh_gelu_out=30, encode_wffn2=20, encode_inv_d=20/20, rescale=[wffn2_result=off, mean=30, square=off, var=27])
已为 1 层启用 BLB Block 1 噪声 (N=16384, fresh_gelu_out=22, encode_wffn2=14, encode_inv_d=14/14, rescale=[wffn2_result=off, mean=22, square=off, var=27])
已为 1 层启用 BLB Block 1 噪声 (N=16384, fresh_gelu_out=30, encode_wffn2=20, encode_inv_d=20/20, rescale=[wffn2_result=off, mean=30, square=off, var=27])
已为 1 层启用 BLB Block 1 噪声 (N=16384, fresh_gelu_out=22, encode_wffn2=14, encode_inv_d=14/14, rescale=[wffn2_result=off, mean=22, square=off, var=27])
已为 1 层启用 BLB Block 1 噪声 (N=16384, fresh_gelu_out=30, encode_wffn2=20, encode_inv_d=20/20, rescale=[wffn2_result=off, mean=30, square=off, var=27])
已为 1 层启用 BLB Block 1 噪声 (N=16384, fresh_gelu_out=30, encode_wffn2=20, encode_inv_d=20/20, rescale=[wffn2_result=off, mean=30, square=off, var=27])
已为 1 层启用 BLB Block 1 噪声 (N=16384, fresh_gelu_out=30, encode_wffn2=20, encode_inv_d=20/20, rescale=[wffn2_result=off, mean=30, square=off, var=27])
已为 1 层启用 BLB Block 1 噪声 (N=16384, fresh_gelu_out=30, encode_wffn2=20, encode_inv_d=20/20, rescale=[wffn2_result=off, mean=30, square=off, var=27])
已为 1 层启用 BLB Block 1 噪声 (N=16384, fresh_gelu_out=30, encode_wffn2=20, encode_inv_d=20/20, rescale=[wffn2_result=off, mean=30, square=off, var=27])
已为 1 层启用 BLB Block 1 噪声 (N=16384, fresh_gelu_out=30, encode_wffn2=20, encode_inv_d=20/20, rescale=[wffn2_result=off, mean=30, square=off, var=27])
已为 1 层启用 BLB Block 2 噪声 (N=16384, fresh_inv_std=28, fresh_x_centered=28, encode_gamma=20, encode_wq/wk/wv=22/22/22, encode_qkt_merge_mask=15, rescale=[normalize=off, gamma=28, wk=off, wq=off, wv=off, qkt=28, merge_mask=off])
已为 1 层启用 BLB Block 2 噪声 (N=16384, fresh_inv_std=28, fresh_x_centered=28, encode_gamma=20, encode_wq/wk/wv=22/22/22, encode_qkt_merge_mask=15, rescale=[normalize=off, gamma=28, wk=off, wq=off, wv=off, qkt=28, merge_mask=off])
已为 1 层启用 BLB Block 2 噪声 (N=16384, fresh_inv_std=28, fresh_x_centered=28, encode_gamma=20, encode_wq/wk/wv=22/22/22, encode_qkt_merge_mask=15, rescale=[normalize=off, gamma=28, wk=off, wq=off, wv=off, qkt=28, merge_mask=off])
已为 1 层启用 BLB Block 2 噪声 (N=16384, fresh_inv_std=28, fresh_x_centered=28, encode_gamma=20, encode_wq/wk/wv=22/22/22, encode_qkt_merge_mask=15, rescale=[normalize=off, gamma=28, wk=off, wq=off, wv=off, qkt=28, merge_mask=off])
已为 1 层启用 BLB Block 2 噪声 (N=16384, fresh_inv_std=20, fresh_x_centered=20, encode_gamma=16, encode_wq/wk/wv=16/16/22, encode_qkt_merge_mask=15, rescale=[normalize=off, gamma=28, wk=off, wq=off, wv=off, qkt=28, merge_mask=off])
已为 1 层启用 BLB Block 2 噪声 (N=16384, fresh_inv_std=28, fresh_x_centered=28, encode_gamma=20, encode_wq/wk/wv=22/22/22, encode_qkt_merge_mask=15, rescale=[normalize=off, gamma=28, wk=off, wq=off, wv=off, qkt=28, merge_mask=off])
已为 1 层启用 BLB Block 2 噪声 (N=16384, fresh_inv_std=20, fresh_x_centered=20, encode_gamma=16, encode_wq/wk/wv=16/16/22, encode_qkt_merge_mask=15, rescale=[normalize=off, gamma=28, wk=off, wq=off, wv=off, qkt=28, merge_mask=off])
已为 1 层启用 BLB Block 2 噪声 (N=16384, fresh_inv_std=20, fresh_x_centered=20, encode_gamma=16, encode_wq/wk/wv=16/16/22, encode_qkt_merge_mask=15, rescale=[normalize=off, gamma=28, wk=off, wq=off, wv=off, qkt=28, merge_mask=off])
已为 1 层启用 BLB Block 2 噪声 (N=16384, fresh_inv_std=28, fresh_x_centered=28, encode_gamma=20, encode_wq/wk/wv=22/22/22, encode_qkt_merge_mask=15, rescale=[normalize=off, gamma=28, wk=off, wq=off, wv=off, qkt=28, merge_mask=off])
已为 1 层启用 BLB Block 2 噪声 (N=16384, fresh_inv_std=28, fresh_x_centered=28, encode_gamma=20, encode_wq/wk/wv=22/22/22, encode_qkt_merge_mask=15, rescale=[normalize=off, gamma=28, wk=off, wq=off, wv=off, qkt=28, merge_mask=off])
已为 1 层启用 BLB Block 2 噪声 (N=16384, fresh_inv_std=28, fresh_x_centered=28, encode_gamma=20, encode_wq/wk/wv=22/22/22, encode_qkt_merge_mask=15, rescale=[normalize=off, gamma=28, wk=off, wq=off, wv=off, qkt=28, merge_mask=off])
已为 1 层启用 BLB Block 2 噪声 (N=16384, fresh_inv_std=28, fresh_x_centered=28, encode_gamma=20, encode_wq/wk/wv=22/22/22, encode_qkt_merge_mask=15, rescale=[normalize=off, gamma=28, wk=off, wq=off, wv=off, qkt=28, merge_mask=off])
已为 1 层启用 BLB Block 4 噪声 (N=16384, fresh_softmax/V=35/25, encode_masks(sm/V/sm_v)=14/14/14, encode_wo=22, encode_ln_inv_d=20/20, rescale=[sm_mask=off, v_mask=off, sm_v_matmul=31, sm_v_mask=off, wo=off, ln_mean=31, ln_sq=31, ln_var=off])
已为 1 层启用 BLB Block 4 噪声 (N=16384, fresh_softmax/V=35/25, encode_masks(sm/V/sm_v)=14/14/14, encode_wo=22, encode_ln_inv_d=20/20, rescale=[sm_mask=off, v_mask=off, sm_v_matmul=31, sm_v_mask=off, wo=off, ln_mean=31, ln_sq=31, ln_var=off])
已为 1 层启用 BLB Block 4 噪声 (N=16384, fresh_softmax/V=35/25, encode_masks(sm/V/sm_v)=14/14/14, encode_wo=22, encode_ln_inv_d=20/20, rescale=[sm_mask=off, v_mask=off, sm_v_matmul=31, sm_v_mask=off, wo=off, ln_mean=31, ln_sq=31, ln_var=off])
已为 1 层启用 BLB Block 4 噪声 (N=16384, fresh_softmax/V=29/25, encode_masks(sm/V/sm_v)=14/14/14, encode_wo=16, encode_ln_inv_d=16/20, rescale=[sm_mask=off, v_mask=off, sm_v_matmul=23, sm_v_mask=off, wo=off, ln_mean=21, ln_sq=31, ln_var=off])
已为 1 层启用 BLB Block 4 噪声 (N=16384, fresh_softmax/V=29/25, encode_masks(sm/V/sm_v)=14/14/14, encode_wo=16, encode_ln_inv_d=16/20, rescale=[sm_mask=off, v_mask=off, sm_v_matmul=23, sm_v_mask=off, wo=off, ln_mean=21, ln_sq=31, ln_var=off])
已为 1 层启用 BLB Block 4 噪声 (N=16384, fresh_softmax/V=29/25, encode_masks(sm/V/sm_v)=14/14/14, encode_wo=16, encode_ln_inv_d=16/20, rescale=[sm_mask=off, v_mask=off, sm_v_matmul=23, sm_v_mask=off, wo=off, ln_mean=21, ln_sq=31, ln_var=off])
已为 1 层启用 BLB Block 4 噪声 (N=16384, fresh_softmax/V=35/25, encode_masks(sm/V/sm_v)=14/14/14, encode_wo=22, encode_ln_inv_d=20/20, rescale=[sm_mask=off, v_mask=off, sm_v_matmul=31, sm_v_mask=off, wo=off, ln_mean=31, ln_sq=31, ln_var=off])
已为 1 层启用 BLB Block 4 噪声 (N=16384, fresh_softmax/V=35/25, encode_masks(sm/V/sm_v)=14/14/14, encode_wo=22, encode_ln_inv_d=20/20, rescale=[sm_mask=off, v_mask=off, sm_v_matmul=31, sm_v_mask=off, wo=off, ln_mean=31, ln_sq=31, ln_var=off])
已为 1 层启用 BLB Block 4 噪声 (N=16384, fresh_softmax/V=35/25, encode_masks(sm/V/sm_v)=14/14/14, encode_wo=22, encode_ln_inv_d=20/20, rescale=[sm_mask=off, v_mask=off, sm_v_matmul=31, sm_v_mask=off, wo=off, ln_mean=31, ln_sq=31, ln_var=off])
已为 1 层启用 BLB Block 4 噪声 (N=16384, fresh_softmax/V=29/25, encode_masks(sm/V/sm_v)=14/14/14, encode_wo=16, encode_ln_inv_d=16/20, rescale=[sm_mask=off, v_mask=off, sm_v_matmul=23, sm_v_mask=off, wo=off, ln_mean=21, ln_sq=31, ln_var=off])
已为 1 层启用 BLB Block 4 噪声 (N=16384, fresh_softmax/V=29/25, encode_masks(sm/V/sm_v)=14/14/14, encode_wo=16, encode_ln_inv_d=16/20, rescale=[sm_mask=off, v_mask=off, sm_v_matmul=23, sm_v_mask=off, wo=off, ln_mean=21, ln_sq=31, ln_var=off])
已为 1 层启用 BLB Block 4 噪声 (N=16384, fresh_softmax/V=35/25, encode_masks(sm/V/sm_v)=14/14/14, encode_wo=22, encode_ln_inv_d=20/20, rescale=[sm_mask=off, v_mask=off, sm_v_matmul=31, sm_v_mask=off, wo=off, ln_mean=31, ln_sq=31, ln_var=off])
已为 12 层启用 BLB Block 5 噪声 (gelu_degree∈{1,1,1,1,1,4,1,1,1,1,1,1}, N=16384, fresh_inv_std/x_centered=28/28, encode_gamma/wffn1/gelu_coeff=20/22/20, rescale=[normalize=26, gamma=off, wffn1=off, gelu_powers=[(none)], gelu_coeff_muls=[29]])
已为 1 层启用 BLB Block 1 噪声 (N=16384, fresh_gelu_out=30, encode_wffn2=20, encode_inv_d=20/20, rescale=[wffn2_result=off, mean=30, square=off, var=27])
已为 1 层启用 BLB Block 1 噪声 (N=16384, fresh_gelu_out=30, encode_wffn2=20, encode_inv_d=20/20, rescale=[wffn2_result=off, mean=30, square=off, var=27])
已为 1 层启用 BLB Block 1 噪声 (N=16384, fresh_gelu_out=22, encode_wffn2=14, encode_inv_d=14/14, rescale=[wffn2_result=off, mean=22, square=off, var=27])
已为 1 层启用 BLB Block 1 噪声 (N=16384, fresh_gelu_out=30, encode_wffn2=20, encode_inv_d=20/20, rescale=[wffn2_result=off, mean=30, square=off, var=27])
已为 1 层启用 BLB Block 1 噪声 (N=16384, fresh_gelu_out=22, encode_wffn2=14, encode_inv_d=14/14, rescale=[wffn2_result=off, mean=22, square=off, var=27])
已为 1 层启用 BLB Block 1 噪声 (N=16384, fresh_gelu_out=30, encode_wffn2=20, encode_inv_d=20/20, rescale=[wffn2_result=off, mean=30, square=off, var=27])
已为 1 层启用 BLB Block 1 噪声 (N=16384, fresh_gelu_out=30, encode_wffn2=20, encode_inv_d=20/20, rescale=[wffn2_result=off, mean=30, square=off, var=27])
已为 1 层启用 BLB Block 1 噪声 (N=16384, fresh_gelu_out=30, encode_wffn2=20, encode_inv_d=20/20, rescale=[wffn2_result=off, mean=30, square=off, var=27])
已为 1 层启用 BLB Block 1 噪声 (N=16384, fresh_gelu_out=30, encode_wffn2=20, encode_inv_d=20/20, rescale=[wffn2_result=off, mean=30, square=off, var=27])
已为 1 层启用 BLB Block 1 噪声 (N=16384, fresh_gelu_out=30, encode_wffn2=20, encode_inv_d=20/20, rescale=[wffn2_result=off, mean=30, square=off, var=27])
已为 1 层启用 BLB Block 1 噪声 (N=16384, fresh_gelu_out=30, encode_wffn2=20, encode_inv_d=20/20, rescale=[wffn2_result=off, mean=30, square=off, var=27])
已为 1 层启用 BLB Block 2 噪声 (N=16384, fresh_inv_std=28, fresh_x_centered=28, encode_gamma=20, encode_wq/wk/wv=22/22/22, encode_qkt_merge_mask=15, rescale=[normalize=off, gamma=28, wk=off, wq=off, wv=off, qkt=28, merge_mask=off])
已为 1 层启用 BLB Block 2 噪声 (N=16384, fresh_inv_std=28, fresh_x_centered=28, encode_gamma=20, encode_wq/wk/wv=22/22/22, encode_qkt_merge_mask=15, rescale=[normalize=off, gamma=28, wk=off, wq=off, wv=off, qkt=28, merge_mask=off])
已为 1 层启用 BLB Block 2 噪声 (N=16384, fresh_inv_std=28, fresh_x_centered=28, encode_gamma=20, encode_wq/wk/wv=22/22/22, encode_qkt_merge_mask=15, rescale=[normalize=off, gamma=28, wk=off, wq=off, wv=off, qkt=28, merge_mask=off])
已为 1 层启用 BLB Block 2 噪声 (N=16384, fresh_inv_std=28, fresh_x_centered=28, encode_gamma=20, encode_wq/wk/wv=22/22/22, encode_qkt_merge_mask=15, rescale=[normalize=off, gamma=28, wk=off, wq=off, wv=off, qkt=28, merge_mask=off])
已为 1 层启用 BLB Block 2 噪声 (N=16384, fresh_inv_std=20, fresh_x_centered=20, encode_gamma=16, encode_wq/wk/wv=16/16/22, encode_qkt_merge_mask=15, rescale=[normalize=off, gamma=28, wk=off, wq=off, wv=off, qkt=28, merge_mask=off])
已为 1 层启用 BLB Block 2 噪声 (N=16384, fresh_inv_std=28, fresh_x_centered=28, encode_gamma=20, encode_wq/wk/wv=22/22/22, encode_qkt_merge_mask=15, rescale=[normalize=off, gamma=28, wk=off, wq=off, wv=off, qkt=28, merge_mask=off])
已为 1 层启用 BLB Block 2 噪声 (N=16384, fresh_inv_std=20, fresh_x_centered=20, encode_gamma=16, encode_wq/wk/wv=16/16/22, encode_qkt_merge_mask=15, rescale=[normalize=off, gamma=28, wk=off, wq=off, wv=off, qkt=28, merge_mask=off])
已为 1 层启用 BLB Block 2 噪声 (N=16384, fresh_inv_std=20, fresh_x_centered=20, encode_gamma=16, encode_wq/wk/wv=16/16/22, encode_qkt_merge_mask=15, rescale=[normalize=off, gamma=28, wk=off, wq=off, wv=off, qkt=28, merge_mask=off])
已为 1 层启用 BLB Block 2 噪声 (N=16384, fresh_inv_std=28, fresh_x_centered=28, encode_gamma=20, encode_wq/wk/wv=22/22/22, encode_qkt_merge_mask=15, rescale=[normalize=off, gamma=28, wk=off, wq=off, wv=off, qkt=28, merge_mask=off])
已为 1 层启用 BLB Block 2 噪声 (N=16384, fresh_inv_std=28, fresh_x_centered=28, encode_gamma=20, encode_wq/wk/wv=22/22/22, encode_qkt_merge_mask=15, rescale=[normalize=off, gamma=28, wk=off, wq=off, wv=off, qkt=28, merge_mask=off])
已为 1 层启用 BLB Block 2 噪声 (N=16384, fresh_inv_std=28, fresh_x_centered=28, encode_gamma=20, encode_wq/wk/wv=22/22/22, encode_qkt_merge_mask=15, rescale=[normalize=off, gamma=28, wk=off, wq=off, wv=off, qkt=28, merge_mask=off])
已为 1 层启用 BLB Block 2 噪声 (N=16384, fresh_inv_std=28, fresh_x_centered=28, encode_gamma=20, encode_wq/wk/wv=22/22/22, encode_qkt_merge_mask=15, rescale=[normalize=off, gamma=28, wk=off, wq=off, wv=off, qkt=28, merge_mask=off])
已为 1 层启用 BLB Block 4 噪声 (N=16384, fresh_softmax/V=35/25, encode_masks(sm/V/sm_v)=14/14/14, encode_wo=22, encode_ln_inv_d=20/20, rescale=[sm_mask=off, v_mask=off, sm_v_matmul=31, sm_v_mask=off, wo=off, ln_mean=31, ln_sq=31, ln_var=off])
已为 1 层启用 BLB Block 4 噪声 (N=16384, fresh_softmax/V=35/25, encode_masks(sm/V/sm_v)=14/14/14, encode_wo=22, encode_ln_inv_d=20/20, rescale=[sm_mask=off, v_mask=off, sm_v_matmul=31, sm_v_mask=off, wo=off, ln_mean=31, ln_sq=31, ln_var=off])已为 1 层启用 BLB Block 1 噪声 (N=16384, fresh_gelu_out=30, encode_wffn2=20, encode_inv_d=20/20, rescale=[wffn2_result=off, mean=30, square=off, var=27])
已为 1 层启用 BLB Block 1 噪声 (N=16384, fresh_gelu_out=30, encode_wffn2=20, encode_inv_d=20/20, rescale=[wffn2_result=off, mean=30, square=off, var=27])
已为 1 层启用 BLB Block 1 噪声 (N=16384, fresh_gelu_out=22, encode_wffn2=14, encode_inv_d=14/14, rescale=[wffn2_result=off, mean=22, square=off, var=27])

已为 1 层启用 BLB Block 4 噪声 (N=16384, fresh_softmax/V=35/25, encode_masks(sm/V/sm_v)=14/14/14, encode_wo=22, encode_ln_inv_d=20/20, rescale=[sm_mask=off, v_mask=off, sm_v_matmul=31, sm_v_mask=off, wo=off, ln_mean=31, ln_sq=31, ln_var=off])
已为 1 层启用 BLB Block 4 噪声 (N=16384, fresh_softmax/V=29/25, encode_masks(sm/V/sm_v)=14/14/14, encode_wo=16, encode_ln_inv_d=16/20, rescale=[sm_mask=off, v_mask=off, sm_v_matmul=23, sm_v_mask=off, wo=off, ln_mean=21, ln_sq=31, ln_var=off])
已为 1 层启用 BLB Block 4 噪声 (N=16384, fresh_softmax/V=29/25, encode_masks(sm/V/sm_v)=14/14/14, encode_wo=16, encode_ln_inv_d=16/20, rescale=[sm_mask=off, v_mask=off, sm_v_matmul=23, sm_v_mask=off, wo=off, ln_mean=21, ln_sq=31, ln_var=off])
已为 1 层启用 BLB Block 4 噪声 (N=16384, fresh_softmax/V=29/25, encode_masks(sm/V/sm_v)=14/14/14, encode_wo=16, encode_ln_inv_d=16/20, rescale=[sm_mask=off, v_mask=off, sm_v_matmul=23, sm_v_mask=off, wo=off, ln_mean=21, ln_sq=31, ln_var=off])
已为 1 层启用 BLB Block 4 噪声 (N=16384, fresh_softmax/V=35/25, encode_masks(sm/V/sm_v)=14/14/14, encode_wo=22, encode_ln_inv_d=20/20, rescale=[sm_mask=off, v_mask=off, sm_v_matmul=31, sm_v_mask=off, wo=off, ln_mean=31, ln_sq=31, ln_var=off])
已为 1 层启用 BLB Block 4 噪声 (N=16384, fresh_softmax/V=35/25, encode_masks(sm/V/sm_v)=14/14/14, encode_wo=22, encode_ln_inv_d=20/20, rescale=[sm_mask=off, v_mask=off, sm_v_matmul=31, sm_v_mask=off, wo=off, ln_mean=31, ln_sq=31, ln_var=off])
已为 1 层启用 BLB Block 4 噪声 (N=16384, fresh_softmax/V=35/25, encode_masks(sm/V/sm_v)=14/14/14, encode_wo=22, encode_ln_inv_d=20/20, rescale=[sm_mask=off, v_mask=off, sm_v_matmul=31, sm_v_mask=off, wo=off, ln_mean=31, ln_sq=31, ln_var=off])
已为 1 层启用 BLB Block 4 噪声 (N=16384, fresh_softmax/V=29/25, encode_masks(sm/V/sm_v)=14/14/14, encode_wo=16, encode_ln_inv_d=16/20, rescale=[sm_mask=off, v_mask=off, sm_v_matmul=23, sm_v_mask=off, wo=off, ln_mean=21, ln_sq=31, ln_var=off])
已为 1 层启用 BLB Block 4 噪声 (N=16384, fresh_softmax/V=29/25, encode_masks(sm/V/sm_v)=14/14/14, encode_wo=16, encode_ln_inv_d=16/20, rescale=[sm_mask=off, v_mask=off, sm_v_matmul=23, sm_v_mask=off, wo=off, ln_mean=21, ln_sq=31, ln_var=off])
已为 1 层启用 BLB Block 4 噪声 (N=16384, fresh_softmax/V=35/25, encode_masks(sm/V/sm_v)=14/14/14, encode_wo=22, encode_ln_inv_d=20/20, rescale=[sm_mask=off, v_mask=off, sm_v_matmul=31, sm_v_mask=off, wo=off, ln_mean=31, ln_sq=31, ln_var=off])
已为 12 层启用 BLB Block 5 噪声 (gelu_degree∈{1,1,1,1,1,4,1,1,1,1,1,1}, N=16384, fresh_inv_std/x_centered=28/28, encode_gamma/wffn1/gelu_coeff=20/22/20, rescale=[normalize=26, gamma=off, wffn1=off, gelu_powers=[(none)], gelu_coeff_muls=[29]])
已为 1 层启用 BLB Block 1 噪声 (N=16384, fresh_gelu_out=30, encode_wffn2=20, encode_inv_d=20/20, rescale=[wffn2_result=off, mean=30, square=off, var=27])
已为 1 层启用 BLB Block 1 噪声 (N=16384, fresh_gelu_out=30, encode_wffn2=20, encode_inv_d=20/20, rescale=[wffn2_result=off, mean=30, square=off, var=27])
已为 1 层启用 BLB Block 1 噪声 (N=16384, fresh_gelu_out=22, encode_wffn2=14, encode_inv_d=14/14, rescale=[wffn2_result=off, mean=22, square=off, var=27])
已为 1 层启用 BLB Block 1 噪声 (N=16384, fresh_gelu_out=30, encode_wffn2=20, encode_inv_d=20/20, rescale=[wffn2_result=off, mean=30, square=off, var=27])
已为 1 层启用 BLB Block 1 噪声 (N=16384, fresh_gelu_out=22, encode_wffn2=14, encode_inv_d=14/14, rescale=[wffn2_result=off, mean=22, square=off, var=27])
已为 1 层启用 BLB Block 1 噪声 (N=16384, fresh_gelu_out=30, encode_wffn2=20, encode_inv_d=20/20, rescale=[wffn2_result=off, mean=30, square=off, var=27])
已为 1 层启用 BLB Block 1 噪声 (N=16384, fresh_gelu_out=30, encode_wffn2=20, encode_inv_d=20/20, rescale=[wffn2_result=off, mean=30, square=off, var=27])
已为 1 层启用 BLB Block 1 噪声 (N=16384, fresh_gelu_out=30, encode_wffn2=20, encode_inv_d=20/20, rescale=[wffn2_result=off, mean=30, square=off, var=27])
已为 1 层启用 BLB Block 1 噪声 (N=16384, fresh_gelu_out=30, encode_wffn2=20, encode_inv_d=20/20, rescale=[wffn2_result=off, mean=30, square=off, var=27])
已为 1 层启用 BLB Block 1 噪声 (N=16384, fresh_gelu_out=30, encode_wffn2=20, encode_inv_d=20/20, rescale=[wffn2_result=off, mean=30, square=off, var=27])
已为 1 层启用 BLB Block 1 噪声 (N=16384, fresh_gelu_out=30, encode_wffn2=20, encode_inv_d=20/20, rescale=[wffn2_result=off, mean=30, square=off, var=27])
已为 1 层启用 BLB Block 2 噪声 (N=16384, fresh_inv_std=28, fresh_x_centered=28, encode_gamma=20, encode_wq/wk/wv=22/22/22, encode_qkt_merge_mask=15, rescale=[normalize=off, gamma=28, wk=off, wq=off, wv=off, qkt=28, merge_mask=off])
已为 1 层启用 BLB Block 2 噪声 (N=16384, fresh_inv_std=28, fresh_x_centered=28, encode_gamma=20, encode_wq/wk/wv=22/22/22, encode_qkt_merge_mask=15, rescale=[normalize=off, gamma=28, wk=off, wq=off, wv=off, qkt=28, merge_mask=off])
已为 1 层启用 BLB Block 2 噪声 (N=16384, fresh_inv_std=28, fresh_x_centered=28, encode_gamma=20, encode_wq/wk/wv=22/22/22, encode_qkt_merge_mask=15, rescale=[normalize=off, gamma=28, wk=off, wq=off, wv=off, qkt=28, merge_mask=off])
已为 1 层启用 BLB Block 2 噪声 (N=16384, fresh_inv_std=28, fresh_x_centered=28, encode_gamma=20, encode_wq/wk/wv=22/22/22, encode_qkt_merge_mask=15, rescale=[normalize=off, gamma=28, wk=off, wq=off, wv=off, qkt=28, merge_mask=off])
已为 1 层启用 BLB Block 2 噪声 (N=16384, fresh_inv_std=20, fresh_x_centered=20, encode_gamma=16, encode_wq/wk/wv=16/16/22, encode_qkt_merge_mask=15, rescale=[normalize=off, gamma=28, wk=off, wq=off, wv=off, qkt=28, merge_mask=off])
已为 1 层启用 BLB Block 2 噪声 (N=16384, fresh_inv_std=28, fresh_x_centered=28, encode_gamma=20, encode_wq/wk/wv=22/22/22, encode_qkt_merge_mask=15, rescale=[normalize=off, gamma=28, wk=off, wq=off, wv=off, qkt=28, merge_mask=off])
已为 1 层启用 BLB Block 2 噪声 (N=16384, fresh_inv_std=20, fresh_x_centered=20, encode_gamma=16, encode_wq/wk/wv=16/16/22, encode_qkt_merge_mask=15, rescale=[normalize=off, gamma=28, wk=off, wq=off, wv=off, qkt=28, merge_mask=off])
已为 1 层启用 BLB Block 2 噪声 (N=16384, fresh_inv_std=20, fresh_x_centered=20, encode_gamma=16, encode_wq/wk/wv=16/16/22, encode_qkt_merge_mask=15, rescale=[normalize=off, gamma=28, wk=off, wq=off, wv=off, qkt=28, merge_mask=off])
已为 1 层启用 BLB Block 2 噪声 (N=16384, fresh_inv_std=28, fresh_x_centered=28, encode_gamma=20, encode_wq/wk/wv=22/22/22, encode_qkt_merge_mask=15, rescale=[normalize=off, gamma=28, wk=off, wq=off, wv=off, qkt=28, merge_mask=off])
已为 1 层启用 BLB Block 2 噪声 (N=16384, fresh_inv_std=28, fresh_x_centered=28, encode_gamma=20, encode_wq/wk/wv=22/22/22, encode_qkt_merge_mask=15, rescale=[normalize=off, gamma=28, wk=off, wq=off, wv=off, qkt=28, merge_mask=off])
已为 1 层启用 BLB Block 2 噪声 (N=16384, fresh_inv_std=28, fresh_x_centered=28, encode_gamma=20, encode_wq/wk/wv=22/22/22, encode_qkt_merge_mask=15, rescale=[normalize=off, gamma=28, wk=off, wq=off, wv=off, qkt=28, merge_mask=off])
已为 1 层启用 BLB Block 2 噪声 (N=16384, fresh_inv_std=28, fresh_x_centered=28, encode_gamma=20, encode_wq/wk/wv=22/22/22, encode_qkt_merge_mask=15, rescale=[normalize=off, gamma=28, wk=off, wq=off, wv=off, qkt=28, merge_mask=off])
已为 1 层启用 BLB Block 4 噪声 (N=16384, fresh_softmax/V=35/25, encode_masks(sm/V/sm_v)=14/14/14, encode_wo=22, encode_ln_inv_d=20/20, rescale=[sm_mask=off, v_mask=off, sm_v_matmul=31, sm_v_mask=off, wo=off, ln_mean=31, ln_sq=31, ln_var=off])
已为 1 层启用 BLB Block 4 噪声 (N=16384, fresh_softmax/V=35/25, encode_masks(sm/V/sm_v)=14/14/14, encode_wo=22, encode_ln_inv_d=20/20, rescale=[sm_mask=off, v_mask=off, sm_v_matmul=31, sm_v_mask=off, wo=off, ln_mean=31, ln_sq=31, ln_var=off])已为 1 层启用 BLB Block 1 噪声 (N=16384, fresh_gelu_out=30, encode_wffn2=20, encode_inv_d=20/20, rescale=[wffn2_result=off, mean=30, square=off, var=27])
已为 1 层启用 BLB Block 1 噪声 (N=16384, fresh_gelu_out=22, encode_wffn2=14, encode_inv_d=14/14, rescale=[wffn2_result=off, mean=22, square=off, var=27])
已为 1 层启用 BLB Block 1 噪声 (N=16384, fresh_gelu_out=30, encode_wffn2=20, encode_inv_d=20/20, rescale=[wffn2_result=off, mean=30, square=off, var=27])
已为 1 层启用 BLB Block 1 噪声 (N=16384, fresh_gelu_out=30, encode_wffn2=20, encode_inv_d=20/20, rescale=[wffn2_result=off, mean=30, square=off, var=27])
已为 1 层启用 BLB Block 1 噪声 (N=16384, fresh_gelu_out=30, encode_wffn2=20, encode_inv_d=20/20, rescale=[wffn2_result=off, mean=30, square=off, var=27])
已为 1 层启用 BLB Block 1 噪声 (N=16384, fresh_gelu_out=30, encode_wffn2=20, encode_inv_d=20/20, rescale=[wffn2_result=off, mean=30, square=off, var=27])
已为 1 层启用 BLB Block 1 噪声 (N=16384, fresh_gelu_out=30, encode_wffn2=20, encode_inv_d=20/20, rescale=[wffn2_result=off, mean=30, square=off, var=27])
已为 1 层启用 BLB Block 1 噪声 (N=16384, fresh_gelu_out=30, encode_wffn2=20, encode_inv_d=20/20, rescale=[wffn2_result=off, mean=30, square=off, var=27])
已为 1 层启用 BLB Block 2 噪声 (N=16384, fresh_inv_std=28, fresh_x_centered=28, encode_gamma=20, encode_wq/wk/wv=22/22/22, encode_qkt_merge_mask=15, rescale=[normalize=off, gamma=28, wk=off, wq=off, wv=off, qkt=28, merge_mask=off])
已为 1 层启用 BLB Block 2 噪声 (N=16384, fresh_inv_std=28, fresh_x_centered=28, encode_gamma=20, encode_wq/wk/wv=22/22/22, encode_qkt_merge_mask=15, rescale=[normalize=off, gamma=28, wk=off, wq=off, wv=off, qkt=28, merge_mask=off])
已为 1 层启用 BLB Block 2 噪声 (N=16384, fresh_inv_std=28, fresh_x_centered=28, encode_gamma=20, encode_wq/wk/wv=22/22/22, encode_qkt_merge_mask=15, rescale=[normalize=off, gamma=28, wk=off, wq=off, wv=off, qkt=28, merge_mask=off])
已为 1 层启用 BLB Block 2 噪声 (N=16384, fresh_inv_std=28, fresh_x_centered=28, encode_gamma=20, encode_wq/wk/wv=22/22/22, encode_qkt_merge_mask=15, rescale=[normalize=off, gamma=28, wk=off, wq=off, wv=off, qkt=28, merge_mask=off])
已为 1 层启用 BLB Block 2 噪声 (N=16384, fresh_inv_std=20, fresh_x_centered=20, encode_gamma=16, encode_wq/wk/wv=16/16/22, encode_qkt_merge_mask=15, rescale=[normalize=off, gamma=28, wk=off, wq=off, wv=off, qkt=28, merge_mask=off])
已为 1 层启用 BLB Block 2 噪声 (N=16384, fresh_inv_std=28, fresh_x_centered=28, encode_gamma=20, encode_wq/wk/wv=22/22/22, encode_qkt_merge_mask=15, rescale=[normalize=off, gamma=28, wk=off, wq=off, wv=off, qkt=28, merge_mask=off])
已为 1 层启用 BLB Block 2 噪声 (N=16384, fresh_inv_std=20, fresh_x_centered=20, encode_gamma=16, encode_wq/wk/wv=16/16/22, encode_qkt_merge_mask=15, rescale=[normalize=off, gamma=28, wk=off, wq=off, wv=off, qkt=28, merge_mask=off])
已为 1 层启用 BLB Block 2 噪声 (N=16384, fresh_inv_std=20, fresh_x_centered=20, encode_gamma=16, encode_wq/wk/wv=16/16/22, encode_qkt_merge_mask=15, rescale=[normalize=off, gamma=28, wk=off, wq=off, wv=off, qkt=28, merge_mask=off])
已为 1 层启用 BLB Block 2 噪声 (N=16384, fresh_inv_std=28, fresh_x_centered=28, encode_gamma=20, encode_wq/wk/wv=22/22/22, encode_qkt_merge_mask=15, rescale=[normalize=off, gamma=28, wk=off, wq=off, wv=off, qkt=28, merge_mask=off])
已为 1 层启用 BLB Block 2 噪声 (N=16384, fresh_inv_std=28, fresh_x_centered=28, encode_gamma=20, encode_wq/wk/wv=22/22/22, encode_qkt_merge_mask=15, rescale=[normalize=off, gamma=28, wk=off, wq=off, wv=off, qkt=28, merge_mask=off])
已为 1 层启用 BLB Block 2 噪声 (N=16384, fresh_inv_std=28, fresh_x_centered=28, encode_gamma=20, encode_wq/wk/wv=22/22/22, encode_qkt_merge_mask=15, rescale=[normalize=off, gamma=28, wk=off, wq=off, wv=off, qkt=28, merge_mask=off])
已为 1 层启用 BLB Block 2 噪声 (N=16384, fresh_inv_std=28, fresh_x_centered=28, encode_gamma=20, encode_wq/wk/wv=22/22/22, encode_qkt_merge_mask=15, rescale=[normalize=off, gamma=28, wk=off, wq=off, wv=off, qkt=28, merge_mask=off])
已为 1 层启用 BLB Block 4 噪声 (N=16384, fresh_softmax/V=35/25, encode_masks(sm/V/sm_v)=14/14/14, encode_wo=22, encode_ln_inv_d=20/20, rescale=[sm_mask=off, v_mask=off, sm_v_matmul=31, sm_v_mask=off, wo=off, ln_mean=31, ln_sq=31, ln_var=off])
已为 1 层启用 BLB Block 4 噪声 (N=16384, fresh_softmax/V=35/25, encode_masks(sm/V/sm_v)=14/14/14, encode_wo=22, encode_ln_inv_d=20/20, rescale=[sm_mask=off, v_mask=off, sm_v_matmul=31, sm_v_mask=off, wo=off, ln_mean=31, ln_sq=31, ln_var=off])
已为 1 层启用 BLB Block 4 噪声 (N=16384, fresh_softmax/V=35/25, encode_masks(sm/V/sm_v)=14/14/14, encode_wo=22, encode_ln_inv_d=20/20, rescale=[sm_mask=off, v_mask=off, sm_v_matmul=31, sm_v_mask=off, wo=off, ln_mean=31, ln_sq=31, ln_var=off])
已为 1 层启用 BLB Block 4 噪声 (N=16384, fresh_softmax/V=29/25, encode_masks(sm/V/sm_v)=14/14/14, encode_wo=16, encode_ln_inv_d=16/20, rescale=[sm_mask=off, v_mask=off, sm_v_matmul=23, sm_v_mask=off, wo=off, ln_mean=21, ln_sq=31, ln_var=off])
已为 1 层启用 BLB Block 4 噪声 (N=16384, fresh_softmax/V=29/25, encode_masks(sm/V/sm_v)=14/14/14, encode_wo=16, encode_ln_inv_d=16/20, rescale=[sm_mask=off, v_mask=off, sm_v_matmul=23, sm_v_mask=off, wo=off, ln_mean=21, ln_sq=31, ln_var=off])
已为 1 层启用 BLB Block 4 噪声 (N=16384, fresh_softmax/V=29/25, encode_masks(sm/V/sm_v)=14/14/14, encode_wo=16, encode_ln_inv_d=16/20, rescale=[sm_mask=off, v_mask=off, sm_v_matmul=23, sm_v_mask=off, wo=off, ln_mean=21, ln_sq=31, ln_var=off])
已为 1 层启用 BLB Block 4 噪声 (N=16384, fresh_softmax/V=35/25, encode_masks(sm/V/sm_v)=14/14/14, encode_wo=22, encode_ln_inv_d=20/20, rescale=[sm_mask=off, v_mask=off, sm_v_matmul=31, sm_v_mask=off, wo=off, ln_mean=31, ln_sq=31, ln_var=off])
已为 1 层启用 BLB Block 4 噪声 (N=16384, fresh_softmax/V=35/25, encode_masks(sm/V/sm_v)=14/14/14, encode_wo=22, encode_ln_inv_d=20/20, rescale=[sm_mask=off, v_mask=off, sm_v_matmul=31, sm_v_mask=off, wo=off, ln_mean=31, ln_sq=31, ln_var=off])
已为 1 层启用 BLB Block 4 噪声 (N=16384, fresh_softmax/V=35/25, encode_masks(sm/V/sm_v)=14/14/14, encode_wo=22, encode_ln_inv_d=20/20, rescale=[sm_mask=off, v_mask=off, sm_v_matmul=31, sm_v_mask=off, wo=off, ln_mean=31, ln_sq=31, ln_var=off])
已为 1 层启用 BLB Block 4 噪声 (N=16384, fresh_softmax/V=29/25, encode_masks(sm/V/sm_v)=14/14/14, encode_wo=16, encode_ln_inv_d=16/20, rescale=[sm_mask=off, v_mask=off, sm_v_matmul=23, sm_v_mask=off, wo=off, ln_mean=21, ln_sq=31, ln_var=off])
已为 1 层启用 BLB Block 4 噪声 (N=16384, fresh_softmax/V=29/25, encode_masks(sm/V/sm_v)=14/14/14, encode_wo=16, encode_ln_inv_d=16/20, rescale=[sm_mask=off, v_mask=off, sm_v_matmul=23, sm_v_mask=off, wo=off, ln_mean=21, ln_sq=31, ln_var=off])
已为 1 层启用 BLB Block 4 噪声 (N=16384, fresh_softmax/V=35/25, encode_masks(sm/V/sm_v)=14/14/14, encode_wo=22, encode_ln_inv_d=20/20, rescale=[sm_mask=off, v_mask=off, sm_v_matmul=31, sm_v_mask=off, wo=off, ln_mean=31, ln_sq=31, ln_var=off])
已为 12 层启用 BLB Block 5 噪声 (gelu_degree∈{1,1,1,1,1,4,1,1,1,1,1,1}, N=16384, fresh_inv_std/x_centered=28/28, encode_gamma/wffn1/gelu_coeff=20/22/20, rescale=[normalize=26, gamma=off, wffn1=off, gelu_powers=[(none)], gelu_coeff_muls=[29]])

已为 1 层启用 BLB Block 4 噪声 (N=16384, fresh_softmax/V=35/25, encode_masks(sm/V/sm_v)=14/14/14, encode_wo=22, encode_ln_inv_d=20/20, rescale=[sm_mask=off, v_mask=off, sm_v_matmul=31, sm_v_mask=off, wo=off, ln_mean=31, ln_sq=31, ln_var=off])
已为 1 层启用 BLB Block 4 噪声 (N=16384, fresh_softmax/V=29/25, encode_masks(sm/V/sm_v)=14/14/14, encode_wo=16, encode_ln_inv_d=16/20, rescale=[sm_mask=off, v_mask=off, sm_v_matmul=23, sm_v_mask=off, wo=off, ln_mean=21, ln_sq=31, ln_var=off])
已为 1 层启用 BLB Block 4 噪声 (N=16384, fresh_softmax/V=29/25, encode_masks(sm/V/sm_v)=14/14/14, encode_wo=16, encode_ln_inv_d=16/20, rescale=[sm_mask=off, v_mask=off, sm_v_matmul=23, sm_v_mask=off, wo=off, ln_mean=21, ln_sq=31, ln_var=off])
已为 1 层启用 BLB Block 4 噪声 (N=16384, fresh_softmax/V=29/25, encode_masks(sm/V/sm_v)=14/14/14, encode_wo=16, encode_ln_inv_d=16/20, rescale=[sm_mask=off, v_mask=off, sm_v_matmul=23, sm_v_mask=off, wo=off, ln_mean=21, ln_sq=31, ln_var=off])
已为 1 层启用 BLB Block 4 噪声 (N=16384, fresh_softmax/V=35/25, encode_masks(sm/V/sm_v)=14/14/14, encode_wo=22, encode_ln_inv_d=20/20, rescale=[sm_mask=off, v_mask=off, sm_v_matmul=31, sm_v_mask=off, wo=off, ln_mean=31, ln_sq=31, ln_var=off])
已为 1 层启用 BLB Block 4 噪声 (N=16384, fresh_softmax/V=35/25, encode_masks(sm/V/sm_v)=14/14/14, encode_wo=22, encode_ln_inv_d=20/20, rescale=[sm_mask=off, v_mask=off, sm_v_matmul=31, sm_v_mask=off, wo=off, ln_mean=31, ln_sq=31, ln_var=off])
已为 1 层启用 BLB Block 4 噪声 (N=16384, fresh_softmax/V=35/25, encode_masks(sm/V/sm_v)=14/14/14, encode_wo=22, encode_ln_inv_d=20/20, rescale=[sm_mask=off, v_mask=off, sm_v_matmul=31, sm_v_mask=off, wo=off, ln_mean=31, ln_sq=31, ln_var=off])
已为 1 层启用 BLB Block 4 噪声 (N=16384, fresh_softmax/V=29/25, encode_masks(sm/V/sm_v)=14/14/14, encode_wo=16, encode_ln_inv_d=16/20, rescale=[sm_mask=off, v_mask=off, sm_v_matmul=23, sm_v_mask=off, wo=off, ln_mean=21, ln_sq=31, ln_var=off])
已为 1 层启用 BLB Block 4 噪声 (N=16384, fresh_softmax/V=29/25, encode_masks(sm/V/sm_v)=14/14/14, encode_wo=16, encode_ln_inv_d=16/20, rescale=[sm_mask=off, v_mask=off, sm_v_matmul=23, sm_v_mask=off, wo=off, ln_mean=21, ln_sq=31, ln_var=off])
已为 1 层启用 BLB Block 4 噪声 (N=16384, fresh_softmax/V=35/25, encode_masks(sm/V/sm_v)=14/14/14, encode_wo=22, encode_ln_inv_d=20/20, rescale=[sm_mask=off, v_mask=off, sm_v_matmul=31, sm_v_mask=off, wo=off, ln_mean=31, ln_sq=31, ln_var=off])
已为 12 层启用 BLB Block 5 噪声 (gelu_degree∈{1,1,1,1,1,4,1,1,1,1,1,1}, N=16384, fresh_inv_std/x_centered=28/28, encode_gamma/wffn1/gelu_coeff=20/22/20, rescale=[normalize=26, gamma=off, wffn1=off, gelu_powers=[(none)], gelu_coeff_muls=[29]])
已为 1 层启用 BLB Block 1 噪声 (N=16384, fresh_gelu_out=22, encode_wffn2=14, encode_inv_d=14/14, rescale=[wffn2_result=off, mean=22, square=off, var=27])
已为 1 层启用 BLB Block 1 噪声 (N=16384, fresh_gelu_out=22, encode_wffn2=14, encode_inv_d=14/14, rescale=[wffn2_result=off, mean=22, square=off, var=27])
已为 1 层启用 BLB Block 1 噪声 (N=16384, fresh_gelu_out=30, encode_wffn2=20, encode_inv_d=20/20, rescale=[wffn2_result=off, mean=30, square=off, var=27])
已为 1 层启用 BLB Block 1 噪声 (N=16384, fresh_gelu_out=30, encode_wffn2=20, encode_inv_d=20/20, rescale=[wffn2_result=off, mean=30, square=off, var=27])
已为 1 层启用 BLB Block 1 噪声 (N=16384, fresh_gelu_out=30, encode_wffn2=20, encode_inv_d=20/20, rescale=[wffn2_result=off, mean=30, square=off, var=27])
已为 1 层启用 BLB Block 1 噪声 (N=16384, fresh_gelu_out=22, encode_wffn2=14, encode_inv_d=14/14, rescale=[wffn2_result=off, mean=22, square=off, var=27])
已为 1 层启用 BLB Block 1 噪声 (N=16384, fresh_gelu_out=30, encode_wffn2=20, encode_inv_d=20/20, rescale=[wffn2_result=off, mean=30, square=off, var=27])
已为 1 层启用 BLB Block 1 噪声 (N=16384, fresh_gelu_out=30, encode_wffn2=20, encode_inv_d=20/20, rescale=[wffn2_result=off, mean=30, square=off, var=27])
已为 1 层启用 BLB Block 1 噪声 (N=16384, fresh_gelu_out=30, encode_wffn2=20, encode_inv_d=20/20, rescale=[wffn2_result=off, mean=30, square=off, var=27])
已为 1 层启用 BLB Block 1 噪声 (N=16384, fresh_gelu_out=22, encode_wffn2=14, encode_inv_d=14/14, rescale=[wffn2_result=off, mean=22, square=off, var=27])
已为 1 层启用 BLB Block 1 噪声 (N=16384, fresh_gelu_out=30, encode_wffn2=20, encode_inv_d=20/20, rescale=[wffn2_result=off, mean=30, square=off, var=27])
已为 1 层启用 BLB Block 2 噪声 (N=16384, fresh_inv_std=28, fresh_x_centered=28, encode_gamma=20, encode_wq/wk/wv=22/22/22, encode_qkt_merge_mask=15, rescale=[normalize=off, gamma=28, wk=off, wq=off, wv=off, qkt=28, merge_mask=off])
已为 1 层启用 BLB Block 2 噪声 (N=16384, fresh_inv_std=28, fresh_x_centered=28, encode_gamma=20, encode_wq/wk/wv=22/22/22, encode_qkt_merge_mask=15, rescale=[normalize=off, gamma=28, wk=off, wq=off, wv=off, qkt=28, merge_mask=off])
已为 1 层启用 BLB Block 2 噪声 (N=16384, fresh_inv_std=20, fresh_x_centered=20, encode_gamma=16, encode_wq/wk/wv=16/16/22, encode_qkt_merge_mask=15, rescale=[normalize=off, gamma=28, wk=off, wq=off, wv=off, qkt=28, merge_mask=off])
已为 1 层启用 BLB Block 2 噪声 (N=16384, fresh_inv_std=28, fresh_x_centered=28, encode_gamma=20, encode_wq/wk/wv=22/22/22, encode_qkt_merge_mask=15, rescale=[normalize=off, gamma=28, wk=off, wq=off, wv=off, qkt=28, merge_mask=off])
已为 1 层启用 BLB Block 2 噪声 (N=16384, fresh_inv_std=28, fresh_x_centered=28, encode_gamma=20, encode_wq/wk/wv=22/22/22, encode_qkt_merge_mask=15, rescale=[normalize=off, gamma=28, wk=off, wq=off, wv=off, qkt=28, merge_mask=off])
已为 1 层启用 BLB Block 2 噪声 (N=16384, fresh_inv_std=28, fresh_x_centered=28, encode_gamma=20, encode_wq/wk/wv=22/22/22, encode_qkt_merge_mask=15, rescale=[normalize=off, gamma=28, wk=off, wq=off, wv=off, qkt=28, merge_mask=off])
已为 1 层启用 BLB Block 2 噪声 (N=16384, fresh_inv_std=20, fresh_x_centered=20, encode_gamma=16, encode_wq/wk/wv=16/16/22, encode_qkt_merge_mask=15, rescale=[normalize=off, gamma=28, wk=off, wq=off, wv=off, qkt=28, merge_mask=off])
已为 1 层启用 BLB Block 2 噪声 (N=16384, fresh_inv_std=28, fresh_x_centered=28, encode_gamma=20, encode_wq/wk/wv=22/22/22, encode_qkt_merge_mask=15, rescale=[normalize=off, gamma=28, wk=off, wq=off, wv=off, qkt=28, merge_mask=off])
已为 1 层启用 BLB Block 2 噪声 (N=16384, fresh_inv_std=20, fresh_x_centered=20, encode_gamma=16, encode_wq/wk/wv=16/16/22, encode_qkt_merge_mask=15, rescale=[normalize=off, gamma=28, wk=off, wq=off, wv=off, qkt=28, merge_mask=off])
已为 1 层启用 BLB Block 2 噪声 (N=16384, fresh_inv_std=28, fresh_x_centered=28, encode_gamma=20, encode_wq/wk/wv=22/22/22, encode_qkt_merge_mask=15, rescale=[normalize=off, gamma=28, wk=off, wq=off, wv=off, qkt=28, merge_mask=off])
已为 1 层启用 BLB Block 2 噪声 (N=16384, fresh_inv_std=28, fresh_x_centered=28, encode_gamma=20, encode_wq/wk/wv=22/22/22, encode_qkt_merge_mask=15, rescale=[normalize=off, gamma=28, wk=off, wq=off, wv=off, qkt=28, merge_mask=off])
已为 1 层启用 BLB Block 2 噪声 (N=16384, fresh_inv_std=28, fresh_x_centered=28, encode_gamma=20, encode_wq/wk/wv=22/22/22, encode_qkt_merge_mask=15, rescale=[normalize=off, gamma=28, wk=off, wq=off, wv=off, qkt=28, merge_mask=off])
已为 1 层启用 BLB Block 4 噪声 (N=16384, fresh_softmax/V=29/25, encode_masks(sm/V/sm_v)=14/14/14, encode_wo=16, encode_ln_inv_d=16/20, rescale=[sm_mask=off, v_mask=off, sm_v_matmul=23, sm_v_mask=off, wo=off, ln_mean=21, ln_sq=31, ln_var=off])
已为 1 层启用 BLB Block 4 噪声 (N=16384, fresh_softmax/V=35/25, encode_masks(sm/V/sm_v)=14/14/14, encode_wo=22, encode_ln_inv_d=20/20, rescale=[sm_mask=off, v_mask=off, sm_v_matmul=31, sm_v_mask=off, wo=off, ln_mean=31, ln_sq=31, ln_var=off])
已为 1 层启用 BLB Block 4 噪声 (N=16384, fresh_softmax/V=35/25, encode_masks(sm/V/sm_v)=14/14/14, encode_wo=22, encode_ln_inv_d=20/20, rescale=[sm_mask=off, v_mask=off, sm_v_matmul=31, sm_v_mask=off, wo=off, ln_mean=31, ln_sq=31, ln_var=off])
已为 1 层启用 BLB Block 4 噪声 (N=16384, fresh_softmax/V=29/25, encode_masks(sm/V/sm_v)=14/14/14, encode_wo=16, encode_ln_inv_d=16/20, rescale=[sm_mask=off, v_mask=off, sm_v_matmul=23, sm_v_mask=off, wo=off, ln_mean=21, ln_sq=31, ln_var=off])
已为 1 层启用 BLB Block 4 噪声 (N=16384, fresh_softmax/V=35/25, encode_masks(sm/V/sm_v)=14/14/14, encode_wo=22, encode_ln_inv_d=20/20, rescale=[sm_mask=off, v_mask=off, sm_v_matmul=31, sm_v_mask=off, wo=off, ln_mean=31, ln_sq=31, ln_var=off])
已为 1 层启用 BLB Block 4 噪声 (N=16384, fresh_softmax/V=35/25, encode_masks(sm/V/sm_v)=14/14/14, encode_wo=22, encode_ln_inv_d=20/20, rescale=[sm_mask=off, v_mask=off, sm_v_matmul=31, sm_v_mask=off, wo=off, ln_mean=31, ln_sq=31, ln_var=off])
已为 1 层启用 BLB Block 4 噪声 (N=16384, fresh_softmax/V=35/25, encode_masks(sm/V/sm_v)=14/14/14, encode_wo=22, encode_ln_inv_d=20/20, rescale=[sm_mask=off, v_mask=off, sm_v_matmul=31, sm_v_mask=off, wo=off, ln_mean=31, ln_sq=31, ln_var=off])
已为 1 层启用 BLB Block 4 噪声 (N=16384, fresh_softmax/V=35/25, encode_masks(sm/V/sm_v)=14/14/14, encode_wo=22, encode_ln_inv_d=20/20, rescale=[sm_mask=off, v_mask=off, sm_v_matmul=31, sm_v_mask=off, wo=off, ln_mean=31, ln_sq=31, ln_var=off])
已为 1 层启用 BLB Block 4 噪声 (N=16384, fresh_softmax/V=35/25, encode_masks(sm/V/sm_v)=14/14/14, encode_wo=22, encode_ln_inv_d=20/20, rescale=[sm_mask=off, v_mask=off, sm_v_matmul=31, sm_v_mask=off, wo=off, ln_mean=31, ln_sq=31, ln_var=off])
已为 1 层启用 BLB Block 4 噪声 (N=16384, fresh_softmax/V=35/25, encode_masks(sm/V/sm_v)=14/14/14, encode_wo=22, encode_ln_inv_d=20/20, rescale=[sm_mask=off, v_mask=off, sm_v_matmul=31, sm_v_mask=off, wo=off, ln_mean=31, ln_sq=31, ln_var=off])
已为 1 层启用 BLB Block 4 噪声 (N=16384, fresh_softmax/V=35/25, encode_masks(sm/V/sm_v)=14/14/14, encode_wo=22, encode_ln_inv_d=20/20, rescale=[sm_mask=off, v_mask=off, sm_v_matmul=31, sm_v_mask=off, wo=off, ln_mean=31, ln_sq=31, ln_var=off])
已为 1 层启用 BLB Block 4 噪声 (N=16384, fresh_softmax/V=35/25, encode_masks(sm/V/sm_v)=14/14/14, encode_wo=22, encode_ln_inv_d=20/20, rescale=[sm_mask=off, v_mask=off, sm_v_matmul=31, sm_v_mask=off, wo=off, ln_mean=31, ln_sq=31, ln_var=off])
已为 12 层启用 BLB Block 5 噪声 (gelu_degree∈{1,1,1,1,1,4,1,1,1,1,1,1}, N=16384, fresh_inv_std/x_centered=22/22, encode_gamma/wffn1/gelu_coeff=14/14/16, rescale=[normalize=26, gamma=off, wffn1=off, gelu_powers=[(none)], gelu_coeff_muls=[29]])
已为 1 层启用 BLB Block 1 噪声 (N=16384, fresh_gelu_out=22, encode_wffn2=14, encode_inv_d=14/14, rescale=[wffn2_result=off, mean=22, square=off, var=27])
已为 1 层启用 BLB Block 1 噪声 (N=16384, fresh_gelu_out=22, encode_wffn2=14, encode_inv_d=14/14, rescale=[wffn2_result=off, mean=22, square=off, var=27])
已为 1 层启用 BLB Block 1 噪声 (N=16384, fresh_gelu_out=30, encode_wffn2=20, encode_inv_d=20/20, rescale=[wffn2_result=off, mean=30, square=off, var=27])
已为 1 层启用 BLB Block 1 噪声 (N=16384, fresh_gelu_out=30, encode_wffn2=20, encode_inv_d=20/20, rescale=[wffn2_result=off, mean=30, square=off, var=27])
已为 1 层启用 BLB Block 1 噪声 (N=16384, fresh_gelu_out=30, encode_wffn2=20, encode_inv_d=20/20, rescale=[wffn2_result=off, mean=30, square=off, var=27])
已为 1 层启用 BLB Block 1 噪声 (N=16384, fresh_gelu_out=22, encode_wffn2=14, encode_inv_d=14/14, rescale=[wffn2_result=off, mean=22, square=off, var=27])
已为 1 层启用 BLB Block 1 噪声 (N=16384, fresh_gelu_out=30, encode_wffn2=20, encode_inv_d=20/20, rescale=[wffn2_result=off, mean=30, square=off, var=27])
已为 1 层启用 BLB Block 1 噪声 (N=16384, fresh_gelu_out=30, encode_wffn2=20, encode_inv_d=20/20, rescale=[wffn2_result=off, mean=30, square=off, var=27])
已为 1 层启用 BLB Block 1 噪声 (N=16384, fresh_gelu_out=30, encode_wffn2=20, encode_inv_d=20/20, rescale=[wffn2_result=off, mean=30, square=off, var=27])
已为 1 层启用 BLB Block 1 噪声 (N=16384, fresh_gelu_out=22, encode_wffn2=14, encode_inv_d=14/14, rescale=[wffn2_result=off, mean=22, square=off, var=27])
已为 1 层启用 BLB Block 1 噪声 (N=16384, fresh_gelu_out=30, encode_wffn2=20, encode_inv_d=20/20, rescale=[wffn2_result=off, mean=30, square=off, var=27])
已为 1 层启用 BLB Block 2 噪声 (N=16384, fresh_inv_std=28, fresh_x_centered=28, encode_gamma=20, encode_wq/wk/wv=22/22/22, encode_qkt_merge_mask=15, rescale=[normalize=off, gamma=28, wk=off, wq=off, wv=off, qkt=28, merge_mask=off])
已为 1 层启用 BLB Block 2 噪声 (N=16384, fresh_inv_std=28, fresh_x_centered=28, encode_gamma=20, encode_wq/wk/wv=22/22/22, encode_qkt_merge_mask=15, rescale=[normalize=off, gamma=28, wk=off, wq=off, wv=off, qkt=28, merge_mask=off])
已为 1 层启用 BLB Block 2 噪声 (N=16384, fresh_inv_std=20, fresh_x_centered=20, encode_gamma=16, encode_wq/wk/wv=16/16/22, encode_qkt_merge_mask=15, rescale=[normalize=off, gamma=28, wk=off, wq=off, wv=off, qkt=28, merge_mask=off])
已为 1 层启用 BLB Block 2 噪声 (N=16384, fresh_inv_std=28, fresh_x_centered=28, encode_gamma=20, encode_wq/wk/wv=22/22/22, encode_qkt_merge_mask=15, rescale=[normalize=off, gamma=28, wk=off, wq=off, wv=off, qkt=28, merge_mask=off])
已为 1 层启用 BLB Block 2 噪声 (N=16384, fresh_inv_std=28, fresh_x_centered=28, encode_gamma=20, encode_wq/wk/wv=22/22/22, encode_qkt_merge_mask=15, rescale=[normalize=off, gamma=28, wk=off, wq=off, wv=off, qkt=28, merge_mask=off])
已为 1 层启用 BLB Block 2 噪声 (N=16384, fresh_inv_std=28, fresh_x_centered=28, encode_gamma=20, encode_wq/wk/wv=22/22/22, encode_qkt_merge_mask=15, rescale=[normalize=off, gamma=28, wk=off, wq=off, wv=off, qkt=28, merge_mask=off])
已为 1 层启用 BLB Block 2 噪声 (N=16384, fresh_inv_std=20, fresh_x_centered=20, encode_gamma=16, encode_wq/wk/wv=16/16/22, encode_qkt_merge_mask=15, rescale=[normalize=off, gamma=28, wk=off, wq=off, wv=off, qkt=28, merge_mask=off])
已为 1 层启用 BLB Block 2 噪声 (N=16384, fresh_inv_std=28, fresh_x_centered=28, encode_gamma=20, encode_wq/wk/wv=22/22/22, encode_qkt_merge_mask=15, rescale=[normalize=off, gamma=28, wk=off, wq=off, wv=off, qkt=28, merge_mask=off])
已为 1 层启用 BLB Block 2 噪声 (N=16384, fresh_inv_std=20, fresh_x_centered=20, encode_gamma=16, encode_wq/wk/wv=16/16/22, encode_qkt_merge_mask=15, rescale=[normalize=off, gamma=28, wk=off, wq=off, wv=off, qkt=28, merge_mask=off])
已为 1 层启用 BLB Block 2 噪声 (N=16384, fresh_inv_std=28, fresh_x_centered=28, encode_gamma=20, encode_wq/wk/wv=22/22/22, encode_qkt_merge_mask=15, rescale=[normalize=off, gamma=28, wk=off, wq=off, wv=off, qkt=28, merge_mask=off])
已为 1 层启用 BLB Block 2 噪声 (N=16384, fresh_inv_std=28, fresh_x_centered=28, encode_gamma=20, encode_wq/wk/wv=22/22/22, encode_qkt_merge_mask=15, rescale=[normalize=off, gamma=28, wk=off, wq=off, wv=off, qkt=28, merge_mask=off])
已为 1 层启用 BLB Block 2 噪声 (N=16384, fresh_inv_std=28, fresh_x_centered=28, encode_gamma=20, encode_wq/wk/wv=22/22/22, encode_qkt_merge_mask=15, rescale=[normalize=off, gamma=28, wk=off, wq=off, wv=off, qkt=28, merge_mask=off])
已为 1 层启用 BLB Block 4 噪声 (N=16384, fresh_softmax/V=29/25, encode_masks(sm/V/sm_v)=14/14/14, encode_wo=16, encode_ln_inv_d=16/20, rescale=[sm_mask=off, v_mask=off, sm_v_matmul=23, sm_v_mask=off, wo=off, ln_mean=21, ln_sq=31, ln_var=off])
已为 1 层启用 BLB Block 4 噪声 (N=16384, fresh_softmax/V=35/25, encode_masks(sm/V/sm_v)=14/14/14, encode_wo=22, encode_ln_inv_d=20/20, rescale=[sm_mask=off, v_mask=off, sm_v_matmul=31, sm_v_mask=off, wo=off, ln_mean=31, ln_sq=31, ln_var=off])
已为 1 层启用 BLB Block 4 噪声 (N=16384, fresh_softmax/V=35/25, encode_masks(sm/V/sm_v)=14/14/14, encode_wo=22, encode_ln_inv_d=20/20, rescale=[sm_mask=off, v_mask=off, sm_v_matmul=31, sm_v_mask=off, wo=off, ln_mean=31, ln_sq=31, ln_var=off])
已为 1 层启用 BLB Block 4 噪声 (N=16384, fresh_softmax/V=29/25, encode_masks(sm/V/sm_v)=14/14/14, encode_wo=16, encode_ln_inv_d=16/20, rescale=[sm_mask=off, v_mask=off, sm_v_matmul=23, sm_v_mask=off, wo=off, ln_mean=21, ln_sq=31, ln_var=off])
已为 1 层启用 BLB Block 4 噪声 (N=16384, fresh_softmax/V=35/25, encode_masks(sm/V/sm_v)=14/14/14, encode_wo=22, encode_ln_inv_d=20/20, rescale=[sm_mask=off, v_mask=off, sm_v_matmul=31, sm_v_mask=off, wo=off, ln_mean=31, ln_sq=31, ln_var=off])
已为 1 层启用 BLB Block 4 噪声 (N=16384, fresh_softmax/V=35/25, encode_masks(sm/V/sm_v)=14/14/14, encode_wo=22, encode_ln_inv_d=20/20, rescale=[sm_mask=off, v_mask=off, sm_v_matmul=31, sm_v_mask=off, wo=off, ln_mean=31, ln_sq=31, ln_var=off])
已为 1 层启用 BLB Block 4 噪声 (N=16384, fresh_softmax/V=35/25, encode_masks(sm/V/sm_v)=14/14/14, encode_wo=22, encode_ln_inv_d=20/20, rescale=[sm_mask=off, v_mask=off, sm_v_matmul=31, sm_v_mask=off, wo=off, ln_mean=31, ln_sq=31, ln_var=off])
已为 1 层启用 BLB Block 4 噪声 (N=16384, fresh_softmax/V=35/25, encode_masks(sm/V/sm_v)=14/14/14, encode_wo=22, encode_ln_inv_d=20/20, rescale=[sm_mask=off, v_mask=off, sm_v_matmul=31, sm_v_mask=off, wo=off, ln_mean=31, ln_sq=31, ln_var=off])
已为 1 层启用 BLB Block 4 噪声 (N=16384, fresh_softmax/V=35/25, encode_masks(sm/V/sm_v)=14/14/14, encode_wo=22, encode_ln_inv_d=20/20, rescale=[sm_mask=off, v_mask=off, sm_v_matmul=31, sm_v_mask=off, wo=off, ln_mean=31, ln_sq=31, ln_var=off])
已为 1 层启用 BLB Block 4 噪声 (N=16384, fresh_softmax/V=35/25, encode_masks(sm/V/sm_v)=14/14/14, encode_wo=22, encode_ln_inv_d=20/20, rescale=[sm_mask=off, v_mask=off, sm_v_matmul=31, sm_v_mask=off, wo=off, ln_mean=31, ln_sq=31, ln_var=off])
已为 1 层启用 BLB Block 4 噪声 (N=16384, fresh_softmax/V=35/25, encode_masks(sm/V/sm_v)=14/14/14, encode_wo=22, encode_ln_inv_d=20/20, rescale=[sm_mask=off, v_mask=off, sm_v_matmul=31, sm_v_mask=off, wo=off, ln_mean=31, ln_sq=31, ln_var=off])
已为 1 层启用 BLB Block 4 噪声 (N=16384, fresh_softmax/V=35/25, encode_masks(sm/V/sm_v)=14/14/14, encode_wo=22, encode_ln_inv_d=20/20, rescale=[sm_mask=off, v_mask=off, sm_v_matmul=31, sm_v_mask=off, wo=off, ln_mean=31, ln_sq=31, ln_var=off])
已为 12 层启用 BLB Block 5 噪声 (gelu_degree∈{1,1,1,1,1,4,1,1,1,1,1,1}, N=16384, fresh_inv_std/x_centered=22/22, encode_gamma/wffn1/gelu_coeff=14/14/16, rescale=[normalize=26, gamma=off, wffn1=off, gelu_powers=[(none)], gelu_coeff_muls=[29]])
已为 1 层启用 BLB Block 1 噪声 (N=16384, fresh_gelu_out=22, encode_wffn2=14, encode_inv_d=14/14, rescale=[wffn2_result=off, mean=22, square=off, var=27])
已为 1 层启用 BLB Block 1 噪声 (N=16384, fresh_gelu_out=22, encode_wffn2=14, encode_inv_d=14/14, rescale=[wffn2_result=off, mean=22, square=off, var=27])
已为 1 层启用 BLB Block 1 噪声 (N=16384, fresh_gelu_out=30, encode_wffn2=20, encode_inv_d=20/20, rescale=[wffn2_result=off, mean=30, square=off, var=27])
已为 1 层启用 BLB Block 1 噪声 (N=16384, fresh_gelu_out=30, encode_wffn2=20, encode_inv_d=20/20, rescale=[wffn2_result=off, mean=30, square=off, var=27])
已为 1 层启用 BLB Block 1 噪声 (N=16384, fresh_gelu_out=30, encode_wffn2=20, encode_inv_d=20/20, rescale=[wffn2_result=off, mean=30, square=off, var=27])
已为 1 层启用 BLB Block 1 噪声 (N=16384, fresh_gelu_out=22, encode_wffn2=14, encode_inv_d=14/14, rescale=[wffn2_result=off, mean=22, square=off, var=27])
已为 1 层启用 BLB Block 1 噪声 (N=16384, fresh_gelu_out=30, encode_wffn2=20, encode_inv_d=20/20, rescale=[wffn2_result=off, mean=30, square=off, var=27])
已为 1 层启用 BLB Block 1 噪声 (N=16384, fresh_gelu_out=30, encode_wffn2=20, encode_inv_d=20/20, rescale=[wffn2_result=off, mean=30, square=off, var=27])
已为 1 层启用 BLB Block 1 噪声 (N=16384, fresh_gelu_out=30, encode_wffn2=20, encode_inv_d=20/20, rescale=[wffn2_result=off, mean=30, square=off, var=27])
已为 1 层启用 BLB Block 1 噪声 (N=16384, fresh_gelu_out=22, encode_wffn2=14, encode_inv_d=14/14, rescale=[wffn2_result=off, mean=22, square=off, var=27])
已为 1 层启用 BLB Block 1 噪声 (N=16384, fresh_gelu_out=30, encode_wffn2=20, encode_inv_d=20/20, rescale=[wffn2_result=off, mean=30, square=off, var=27])
已为 1 层启用 BLB Block 2 噪声 (N=16384, fresh_inv_std=28, fresh_x_centered=28, encode_gamma=20, encode_wq/wk/wv=22/22/22, encode_qkt_merge_mask=15, rescale=[normalize=off, gamma=28, wk=off, wq=off, wv=off, qkt=28, merge_mask=off])
已为 1 层启用 BLB Block 2 噪声 (N=16384, fresh_inv_std=28, fresh_x_centered=28, encode_gamma=20, encode_wq/wk/wv=22/22/22, encode_qkt_merge_mask=15, rescale=[normalize=off, gamma=28, wk=off, wq=off, wv=off, qkt=28, merge_mask=off])
已为 1 层启用 BLB Block 2 噪声 (N=16384, fresh_inv_std=20, fresh_x_centered=20, encode_gamma=16, encode_wq/wk/wv=16/16/22, encode_qkt_merge_mask=15, rescale=[normalize=off, gamma=28, wk=off, wq=off, wv=off, qkt=28, merge_mask=off])
已为 1 层启用 BLB Block 2 噪声 (N=16384, fresh_inv_std=28, fresh_x_centered=28, encode_gamma=20, encode_wq/wk/wv=22/22/22, encode_qkt_merge_mask=15, rescale=[normalize=off, gamma=28, wk=off, wq=off, wv=off, qkt=28, merge_mask=off])
已为 1 层启用 BLB Block 2 噪声 (N=16384, fresh_inv_std=28, fresh_x_centered=28, encode_gamma=20, encode_wq/wk/wv=22/22/22, encode_qkt_merge_mask=15, rescale=[normalize=off, gamma=28, wk=off, wq=off, wv=off, qkt=28, merge_mask=off])
已为 1 层启用 BLB Block 2 噪声 (N=16384, fresh_inv_std=28, fresh_x_centered=28, encode_gamma=20, encode_wq/wk/wv=22/22/22, encode_qkt_merge_mask=15, rescale=[normalize=off, gamma=28, wk=off, wq=off, wv=off, qkt=28, merge_mask=off])
已为 1 层启用 BLB Block 2 噪声 (N=16384, fresh_inv_std=20, fresh_x_centered=20, encode_gamma=16, encode_wq/wk/wv=16/16/22, encode_qkt_merge_mask=15, rescale=[normalize=off, gamma=28, wk=off, wq=off, wv=off, qkt=28, merge_mask=off])
已为 1 层启用 BLB Block 2 噪声 (N=16384, fresh_inv_std=28, fresh_x_centered=28, encode_gamma=20, encode_wq/wk/wv=22/22/22, encode_qkt_merge_mask=15, rescale=[normalize=off, gamma=28, wk=off, wq=off, wv=off, qkt=28, merge_mask=off])
已为 1 层启用 BLB Block 2 噪声 (N=16384, fresh_inv_std=20, fresh_x_centered=20, encode_gamma=16, encode_wq/wk/wv=16/16/22, encode_qkt_merge_mask=15, rescale=[normalize=off, gamma=28, wk=off, wq=off, wv=off, qkt=28, merge_mask=off])
已为 1 层启用 BLB Block 2 噪声 (N=16384, fresh_inv_std=28, fresh_x_centered=28, encode_gamma=20, encode_wq/wk/wv=22/22/22, encode_qkt_merge_mask=15, rescale=[normalize=off, gamma=28, wk=off, wq=off, wv=off, qkt=28, merge_mask=off])
已为 1 层启用 BLB Block 2 噪声 (N=16384, fresh_inv_std=28, fresh_x_centered=28, encode_gamma=20, encode_wq/wk/wv=22/22/22, encode_qkt_merge_mask=15, rescale=[normalize=off, gamma=28, wk=off, wq=off, wv=off, qkt=28, merge_mask=off])
已为 1 层启用 BLB Block 2 噪声 (N=16384, fresh_inv_std=28, fresh_x_centered=28, encode_gamma=20, encode_wq/wk/wv=22/22/22, encode_qkt_merge_mask=15, rescale=[normalize=off, gamma=28, wk=off, wq=off, wv=off, qkt=28, merge_mask=off])
已为 1 层启用 BLB Block 4 噪声 (N=16384, fresh_softmax/V=29/25, encode_masks(sm/V/sm_v)=14/14/14, encode_wo=16, encode_ln_inv_d=16/20, rescale=[sm_mask=off, v_mask=off, sm_v_matmul=23, sm_v_mask=off, wo=off, ln_mean=21, ln_sq=31, ln_var=off])
已为 1 层启用 BLB Block 4 噪声 (N=16384, fresh_softmax/V=35/25, encode_masks(sm/V/sm_v)=14/14/14, encode_wo=22, encode_ln_inv_d=20/20, rescale=[sm_mask=off, v_mask=off, sm_v_matmul=31, sm_v_mask=off, wo=off, ln_mean=31, ln_sq=31, ln_var=off])
已为 1 层启用 BLB Block 4 噪声 (N=16384, fresh_softmax/V=35/25, encode_masks(sm/V/sm_v)=14/14/14, encode_wo=22, encode_ln_inv_d=20/20, rescale=[sm_mask=off, v_mask=off, sm_v_matmul=31, sm_v_mask=off, wo=off, ln_mean=31, ln_sq=31, ln_var=off])
已为 1 层启用 BLB Block 4 噪声 (N=16384, fresh_softmax/V=29/25, encode_masks(sm/V/sm_v)=14/14/14, encode_wo=16, encode_ln_inv_d=16/20, rescale=[sm_mask=off, v_mask=off, sm_v_matmul=23, sm_v_mask=off, wo=off, ln_mean=21, ln_sq=31, ln_var=off])
已为 1 层启用 BLB Block 4 噪声 (N=16384, fresh_softmax/V=35/25, encode_masks(sm/V/sm_v)=14/14/14, encode_wo=22, encode_ln_inv_d=20/20, rescale=[sm_mask=off, v_mask=off, sm_v_matmul=31, sm_v_mask=off, wo=off, ln_mean=31, ln_sq=31, ln_var=off])
已为 1 层启用 BLB Block 4 噪声 (N=16384, fresh_softmax/V=35/25, encode_masks(sm/V/sm_v)=14/14/14, encode_wo=22, encode_ln_inv_d=20/20, rescale=[sm_mask=off, v_mask=off, sm_v_matmul=31, sm_v_mask=off, wo=off, ln_mean=31, ln_sq=31, ln_var=off])
已为 1 层启用 BLB Block 4 噪声 (N=16384, fresh_softmax/V=35/25, encode_masks(sm/V/sm_v)=14/14/14, encode_wo=22, encode_ln_inv_d=20/20, rescale=[sm_mask=off, v_mask=off, sm_v_matmul=31, sm_v_mask=off, wo=off, ln_mean=31, ln_sq=31, ln_var=off])
已为 1 层启用 BLB Block 4 噪声 (N=16384, fresh_softmax/V=35/25, encode_masks(sm/V/sm_v)=14/14/14, encode_wo=22, encode_ln_inv_d=20/20, rescale=[sm_mask=off, v_mask=off, sm_v_matmul=31, sm_v_mask=off, wo=off, ln_mean=31, ln_sq=31, ln_var=off])
已为 1 层启用 BLB Block 4 噪声 (N=16384, fresh_softmax/V=35/25, encode_masks(sm/V/sm_v)=14/14/14, encode_wo=22, encode_ln_inv_d=20/20, rescale=[sm_mask=off, v_mask=off, sm_v_matmul=31, sm_v_mask=off, wo=off, ln_mean=31, ln_sq=31, ln_var=off])
已为 1 层启用 BLB Block 4 噪声 (N=16384, fresh_softmax/V=35/25, encode_masks(sm/V/sm_v)=14/14/14, encode_wo=22, encode_ln_inv_d=20/20, rescale=[sm_mask=off, v_mask=off, sm_v_matmul=31, sm_v_mask=off, wo=off, ln_mean=31, ln_sq=31, ln_var=off])
已为 1 层启用 BLB Block 4 噪声 (N=16384, fresh_softmax/V=35/25, encode_masks(sm/V/sm_v)=14/14/14, encode_wo=22, encode_ln_inv_d=20/20, rescale=[sm_mask=off, v_mask=off, sm_v_matmul=31, sm_v_mask=off, wo=off, ln_mean=31, ln_sq=31, ln_var=off])
已为 1 层启用 BLB Block 4 噪声 (N=16384, fresh_softmax/V=35/25, encode_masks(sm/V/sm_v)=14/14/14, encode_wo=22, encode_ln_inv_d=20/20, rescale=[sm_mask=off, v_mask=off, sm_v_matmul=31, sm_v_mask=off, wo=off, ln_mean=31, ln_sq=31, ln_var=off])
已为 12 层启用 BLB Block 5 噪声 (gelu_degree∈{1,1,1,1,1,4,1,1,1,1,1,1}, N=16384, fresh_inv_std/x_centered=22/22, encode_gamma/wffn1/gelu_coeff=14/14/16, rescale=[normalize=26, gamma=off, wffn1=off, gelu_powers=[(none)], gelu_coeff_muls=[29]])
已为 1 层启用 BLB Block 1 噪声 (N=16384, fresh_gelu_out=22, encode_wffn2=14, encode_inv_d=14/14, rescale=[wffn2_result=off, mean=22, square=off, var=27])
已为 1 层启用 BLB Block 1 噪声 (N=16384, fresh_gelu_out=22, encode_wffn2=14, encode_inv_d=14/14, rescale=[wffn2_result=off, mean=22, square=off, var=27])
已为 1 层启用 BLB Block 1 噪声 (N=16384, fresh_gelu_out=30, encode_wffn2=20, encode_inv_d=20/20, rescale=[wffn2_result=off, mean=30, square=off, var=27])
已为 1 层启用 BLB Block 1 噪声 (N=16384, fresh_gelu_out=30, encode_wffn2=20, encode_inv_d=20/20, rescale=[wffn2_result=off, mean=30, square=off, var=27])
已为 1 层启用 BLB Block 1 噪声 (N=16384, fresh_gelu_out=30, encode_wffn2=20, encode_inv_d=20/20, rescale=[wffn2_result=off, mean=30, square=off, var=27])
已为 1 层启用 BLB Block 1 噪声 (N=16384, fresh_gelu_out=22, encode_wffn2=14, encode_inv_d=14/14, rescale=[wffn2_result=off, mean=22, square=off, var=27])
已为 1 层启用 BLB Block 1 噪声 (N=16384, fresh_gelu_out=30, encode_wffn2=20, encode_inv_d=20/20, rescale=[wffn2_result=off, mean=30, square=off, var=27])
已为 1 层启用 BLB Block 1 噪声 (N=16384, fresh_gelu_out=30, encode_wffn2=20, encode_inv_d=20/20, rescale=[wffn2_result=off, mean=30, square=off, var=27])
已为 1 层启用 BLB Block 1 噪声 (N=16384, fresh_gelu_out=30, encode_wffn2=20, encode_inv_d=20/20, rescale=[wffn2_result=off, mean=30, square=off, var=27])
已为 1 层启用 BLB Block 1 噪声 (N=16384, fresh_gelu_out=22, encode_wffn2=14, encode_inv_d=14/14, rescale=[wffn2_result=off, mean=22, square=off, var=27])
已为 1 层启用 BLB Block 1 噪声 (N=16384, fresh_gelu_out=30, encode_wffn2=20, encode_inv_d=20/20, rescale=[wffn2_result=off, mean=30, square=off, var=27])
已为 1 层启用 BLB Block 2 噪声 (N=16384, fresh_inv_std=28, fresh_x_centered=28, encode_gamma=20, encode_wq/wk/wv=22/22/22, encode_qkt_merge_mask=15, rescale=[normalize=off, gamma=28, wk=off, wq=off, wv=off, qkt=28, merge_mask=off])
已为 1 层启用 BLB Block 2 噪声 (N=16384, fresh_inv_std=28, fresh_x_centered=28, encode_gamma=20, encode_wq/wk/wv=22/22/22, encode_qkt_merge_mask=15, rescale=[normalize=off, gamma=28, wk=off, wq=off, wv=off, qkt=28, merge_mask=off])
已为 1 层启用 BLB Block 2 噪声 (N=16384, fresh_inv_std=20, fresh_x_centered=20, encode_gamma=16, encode_wq/wk/wv=16/16/22, encode_qkt_merge_mask=15, rescale=[normalize=off, gamma=28, wk=off, wq=off, wv=off, qkt=28, merge_mask=off])
已为 1 层启用 BLB Block 2 噪声 (N=16384, fresh_inv_std=28, fresh_x_centered=28, encode_gamma=20, encode_wq/wk/wv=22/22/22, encode_qkt_merge_mask=15, rescale=[normalize=off, gamma=28, wk=off, wq=off, wv=off, qkt=28, merge_mask=off])
已为 1 层启用 BLB Block 2 噪声 (N=16384, fresh_inv_std=28, fresh_x_centered=28, encode_gamma=20, encode_wq/wk/wv=22/22/22, encode_qkt_merge_mask=15, rescale=[normalize=off, gamma=28, wk=off, wq=off, wv=off, qkt=28, merge_mask=off])
已为 1 层启用 BLB Block 2 噪声 (N=16384, fresh_inv_std=28, fresh_x_centered=28, encode_gamma=20, encode_wq/wk/wv=22/22/22, encode_qkt_merge_mask=15, rescale=[normalize=off, gamma=28, wk=off, wq=off, wv=off, qkt=28, merge_mask=off])
已为 1 层启用 BLB Block 2 噪声 (N=16384, fresh_inv_std=20, fresh_x_centered=20, encode_gamma=16, encode_wq/wk/wv=16/16/22, encode_qkt_merge_mask=15, rescale=[normalize=off, gamma=28, wk=off, wq=off, wv=off, qkt=28, merge_mask=off])
已为 1 层启用 BLB Block 2 噪声 (N=16384, fresh_inv_std=28, fresh_x_centered=28, encode_gamma=20, encode_wq/wk/wv=22/22/22, encode_qkt_merge_mask=15, rescale=[normalize=off, gamma=28, wk=off, wq=off, wv=off, qkt=28, merge_mask=off])
已为 1 层启用 BLB Block 2 噪声 (N=16384, fresh_inv_std=20, fresh_x_centered=20, encode_gamma=16, encode_wq/wk/wv=16/16/22, encode_qkt_merge_mask=15, rescale=[normalize=off, gamma=28, wk=off, wq=off, wv=off, qkt=28, merge_mask=off])
已为 1 层启用 BLB Block 2 噪声 (N=16384, fresh_inv_std=28, fresh_x_centered=28, encode_gamma=20, encode_wq/wk/wv=22/22/22, encode_qkt_merge_mask=15, rescale=[normalize=off, gamma=28, wk=off, wq=off, wv=off, qkt=28, merge_mask=off])
已为 1 层启用 BLB Block 2 噪声 (N=16384, fresh_inv_std=28, fresh_x_centered=28, encode_gamma=20, encode_wq/wk/wv=22/22/22, encode_qkt_merge_mask=15, rescale=[normalize=off, gamma=28, wk=off, wq=off, wv=off, qkt=28, merge_mask=off])
已为 1 层启用 BLB Block 2 噪声 (N=16384, fresh_inv_std=28, fresh_x_centered=28, encode_gamma=20, encode_wq/wk/wv=22/22/22, encode_qkt_merge_mask=15, rescale=[normalize=off, gamma=28, wk=off, wq=off, wv=off, qkt=28, merge_mask=off])
已为 1 层启用 BLB Block 4 噪声 (N=16384, fresh_softmax/V=29/25, encode_masks(sm/V/sm_v)=14/14/14, encode_wo=16, encode_ln_inv_d=16/20, rescale=[sm_mask=off, v_mask=off, sm_v_matmul=23, sm_v_mask=off, wo=off, ln_mean=21, ln_sq=31, ln_var=off])
已为 1 层启用 BLB Block 4 噪声 (N=16384, fresh_softmax/V=35/25, encode_masks(sm/V/sm_v)=14/14/14, encode_wo=22, encode_ln_inv_d=20/20, rescale=[sm_mask=off, v_mask=off, sm_v_matmul=31, sm_v_mask=off, wo=off, ln_mean=31, ln_sq=31, ln_var=off])
已为 1 层启用 BLB Block 4 噪声 (N=16384, fresh_softmax/V=35/25, encode_masks(sm/V/sm_v)=14/14/14, encode_wo=22, encode_ln_inv_d=20/20, rescale=[sm_mask=off, v_mask=off, sm_v_matmul=31, sm_v_mask=off, wo=off, ln_mean=31, ln_sq=31, ln_var=off])
已为 1 层启用 BLB Block 4 噪声 (N=16384, fresh_softmax/V=29/25, encode_masks(sm/V/sm_v)=14/14/14, encode_wo=16, encode_ln_inv_d=16/20, rescale=[sm_mask=off, v_mask=off, sm_v_matmul=23, sm_v_mask=off, wo=off, ln_mean=21, ln_sq=31, ln_var=off])
已为 1 层启用 BLB Block 4 噪声 (N=16384, fresh_softmax/V=35/25, encode_masks(sm/V/sm_v)=14/14/14, encode_wo=22, encode_ln_inv_d=20/20, rescale=[sm_mask=off, v_mask=off, sm_v_matmul=31, sm_v_mask=off, wo=off, ln_mean=31, ln_sq=31, ln_var=off])
已为 1 层启用 BLB Block 4 噪声 (N=16384, fresh_softmax/V=35/25, encode_masks(sm/V/sm_v)=14/14/14, encode_wo=22, encode_ln_inv_d=20/20, rescale=[sm_mask=off, v_mask=off, sm_v_matmul=31, sm_v_mask=off, wo=off, ln_mean=31, ln_sq=31, ln_var=off])
已为 1 层启用 BLB Block 4 噪声 (N=16384, fresh_softmax/V=35/25, encode_masks(sm/V/sm_v)=14/14/14, encode_wo=22, encode_ln_inv_d=20/20, rescale=[sm_mask=off, v_mask=off, sm_v_matmul=31, sm_v_mask=off, wo=off, ln_mean=31, ln_sq=31, ln_var=off])
已为 1 层启用 BLB Block 4 噪声 (N=16384, fresh_softmax/V=35/25, encode_masks(sm/V/sm_v)=14/14/14, encode_wo=22, encode_ln_inv_d=20/20, rescale=[sm_mask=off, v_mask=off, sm_v_matmul=31, sm_v_mask=off, wo=off, ln_mean=31, ln_sq=31, ln_var=off])
已为 1 层启用 BLB Block 4 噪声 (N=16384, fresh_softmax/V=35/25, encode_masks(sm/V/sm_v)=14/14/14, encode_wo=22, encode_ln_inv_d=20/20, rescale=[sm_mask=off, v_mask=off, sm_v_matmul=31, sm_v_mask=off, wo=off, ln_mean=31, ln_sq=31, ln_var=off])
已为 1 层启用 BLB Block 4 噪声 (N=16384, fresh_softmax/V=35/25, encode_masks(sm/V/sm_v)=14/14/14, encode_wo=22, encode_ln_inv_d=20/20, rescale=[sm_mask=off, v_mask=off, sm_v_matmul=31, sm_v_mask=off, wo=off, ln_mean=31, ln_sq=31, ln_var=off])
已为 1 层启用 BLB Block 4 噪声 (N=16384, fresh_softmax/V=35/25, encode_masks(sm/V/sm_v)=14/14/14, encode_wo=22, encode_ln_inv_d=20/20, rescale=[sm_mask=off, v_mask=off, sm_v_matmul=31, sm_v_mask=off, wo=off, ln_mean=31, ln_sq=31, ln_var=off])
已为 1 层启用 BLB Block 4 噪声 (N=16384, fresh_softmax/V=35/25, encode_masks(sm/V/sm_v)=14/14/14, encode_wo=22, encode_ln_inv_d=20/20, rescale=[sm_mask=off, v_mask=off, sm_v_matmul=31, sm_v_mask=off, wo=off, ln_mean=31, ln_sq=31, ln_var=off])
已为 12 层启用 BLB Block 5 噪声 (gelu_degree∈{1,1,1,1,1,4,1,1,1,1,1,1}, N=16384, fresh_inv_std/x_centered=22/22, encode_gamma/wffn1/gelu_coeff=14/14/16, rescale=[normalize=26, gamma=off, wffn1=off, gelu_powers=[(none)], gelu_coeff_muls=[29]])
已为 1 层启用 BLB Block 1 噪声 (N=16384, fresh_gelu_out=30, encode_wffn2=20, encode_inv_d=20/20, rescale=[wffn2_result=off, mean=30, square=off, var=27])已为 1 层启用 BLB Block 1 噪声 (N=16384, fresh_gelu_out=30, encode_wffn2=20, encode_inv_d=20/20, rescale=[wffn2_result=off, mean=30, square=off, var=27])
已为 1 层启用 BLB Block 1 噪声 (N=16384, fresh_gelu_out=30, encode_wffn2=20, encode_inv_d=20/20, rescale=[wffn2_result=off, mean=30, square=off, var=27])
已为 1 层启用 BLB Block 1 噪声 (N=16384, fresh_gelu_out=22, encode_wffn2=14, encode_inv_d=14/14, rescale=[wffn2_result=off, mean=22, square=off, var=27])
已为 1 层启用 BLB Block 1 噪声 (N=16384, fresh_gelu_out=22, encode_wffn2=14, encode_inv_d=14/14, rescale=[wffn2_result=off, mean=22, square=off, var=27])
已为 1 层启用 BLB Block 1 噪声 (N=16384, fresh_gelu_out=30, encode_wffn2=20, encode_inv_d=20/20, rescale=[wffn2_result=off, mean=30, square=off, var=27])
已为 1 层启用 BLB Block 1 噪声 (N=16384, fresh_gelu_out=30, encode_wffn2=20, encode_inv_d=20/20, rescale=[wffn2_result=off, mean=30, square=off, var=27])
已为 1 层启用 BLB Block 1 噪声 (N=16384, fresh_gelu_out=30, encode_wffn2=20, encode_inv_d=20/20, rescale=[wffn2_result=off, mean=30, square=off, var=27])

已为 1 层启用 BLB Block 1 噪声 (N=16384, fresh_gelu_out=30, encode_wffn2=20, encode_inv_d=20/20, rescale=[wffn2_result=off, mean=30, square=off, var=27])
已为 1 层启用 BLB Block 1 噪声 (N=16384, fresh_gelu_out=22, encode_wffn2=14, encode_inv_d=14/14, rescale=[wffn2_result=off, mean=22, square=off, var=27])
已为 1 层启用 BLB Block 1 噪声 (N=16384, fresh_gelu_out=22, encode_wffn2=14, encode_inv_d=14/14, rescale=[wffn2_result=off, mean=22, square=off, var=27])
已为 1 层启用 BLB Block 1 噪声 (N=16384, fresh_gelu_out=30, encode_wffn2=20, encode_inv_d=20/20, rescale=[wffn2_result=off, mean=30, square=off, var=27])
已为 1 层启用 BLB Block 1 噪声 (N=16384, fresh_gelu_out=30, encode_wffn2=20, encode_inv_d=20/20, rescale=[wffn2_result=off, mean=30, square=off, var=27])
已为 1 层启用 BLB Block 1 噪声 (N=16384, fresh_gelu_out=22, encode_wffn2=14, encode_inv_d=14/14, rescale=[wffn2_result=off, mean=22, square=off, var=27])
已为 1 层启用 BLB Block 1 噪声 (N=16384, fresh_gelu_out=22, encode_wffn2=14, encode_inv_d=14/14, rescale=[wffn2_result=off, mean=22, square=off, var=27])
已为 1 层启用 BLB Block 1 噪声 (N=16384, fresh_gelu_out=30, encode_wffn2=20, encode_inv_d=20/20, rescale=[wffn2_result=off, mean=30, square=off, var=27])
已为 1 层启用 BLB Block 1 噪声 (N=16384, fresh_gelu_out=30, encode_wffn2=20, encode_inv_d=20/20, rescale=[wffn2_result=off, mean=30, square=off, var=27])
已为 1 层启用 BLB Block 1 噪声 (N=16384, fresh_gelu_out=30, encode_wffn2=20, encode_inv_d=20/20, rescale=[wffn2_result=off, mean=30, square=off, var=27])
已为 1 层启用 BLB Block 1 噪声 (N=16384, fresh_gelu_out=30, encode_wffn2=20, encode_inv_d=20/20, rescale=[wffn2_result=off, mean=30, square=off, var=27])
已为 1 层启用 BLB Block 1 噪声 (N=16384, fresh_gelu_out=30, encode_wffn2=20, encode_inv_d=20/20, rescale=[wffn2_result=off, mean=30, square=off, var=27])
已为 1 层启用 BLB Block 1 噪声 (N=16384, fresh_gelu_out=30, encode_wffn2=20, encode_inv_d=20/20, rescale=[wffn2_result=off, mean=30, square=off, var=27])
已为 1 层启用 BLB Block 1 噪声 (N=16384, fresh_gelu_out=30, encode_wffn2=20, encode_inv_d=20/20, rescale=[wffn2_result=off, mean=30, square=off, var=27])
已为 1 层启用 BLB Block 2 噪声 (N=16384, fresh_inv_std=28, fresh_x_centered=28, encode_gamma=20, encode_wq/wk/wv=22/22/22, encode_qkt_merge_mask=15, rescale=[normalize=off, gamma=28, wk=off, wq=off, wv=off, qkt=28, merge_mask=off])
已为 1 层启用 BLB Block 2 噪声 (N=16384, fresh_inv_std=28, fresh_x_centered=28, encode_gamma=20, encode_wq/wk/wv=22/22/22, encode_qkt_merge_mask=15, rescale=[normalize=off, gamma=28, wk=off, wq=off, wv=off, qkt=28, merge_mask=off])
已为 1 层启用 BLB Block 2 噪声 (N=16384, fresh_inv_std=28, fresh_x_centered=28, encode_gamma=20, encode_wq/wk/wv=22/22/22, encode_qkt_merge_mask=15, rescale=[normalize=off, gamma=28, wk=off, wq=off, wv=off, qkt=28, merge_mask=off])
已为 1 层启用 BLB Block 2 噪声 (N=16384, fresh_inv_std=20, fresh_x_centered=20, encode_gamma=16, encode_wq/wk/wv=16/16/22, encode_qkt_merge_mask=15, rescale=[normalize=off, gamma=28, wk=off, wq=off, wv=off, qkt=28, merge_mask=off])
已为 1 层启用 BLB Block 2 噪声 (N=16384, fresh_inv_std=28, fresh_x_centered=28, encode_gamma=20, encode_wq/wk/wv=22/22/22, encode_qkt_merge_mask=15, rescale=[normalize=off, gamma=28, wk=off, wq=off, wv=off, qkt=28, merge_mask=off])
已为 1 层启用 BLB Block 2 噪声 (N=16384, fresh_inv_std=20, fresh_x_centered=20, encode_gamma=16, encode_wq/wk/wv=16/16/22, encode_qkt_merge_mask=15, rescale=[normalize=off, gamma=28, wk=off, wq=off, wv=off, qkt=28, merge_mask=off])
已为 1 层启用 BLB Block 2 噪声 (N=16384, fresh_inv_std=20, fresh_x_centered=20, encode_gamma=16, encode_wq/wk/wv=16/16/22, encode_qkt_merge_mask=15, rescale=[normalize=off, gamma=28, wk=off, wq=off, wv=off, qkt=28, merge_mask=off])
已为 1 层启用 BLB Block 2 噪声 (N=16384, fresh_inv_std=28, fresh_x_centered=28, encode_gamma=20, encode_wq/wk/wv=22/22/22, encode_qkt_merge_mask=15, rescale=[normalize=off, gamma=28, wk=off, wq=off, wv=off, qkt=28, merge_mask=off])
已为 1 层启用 BLB Block 2 噪声 (N=16384, fresh_inv_std=28, fresh_x_centered=28, encode_gamma=20, encode_wq/wk/wv=22/22/22, encode_qkt_merge_mask=15, rescale=[normalize=off, gamma=28, wk=off, wq=off, wv=off, qkt=28, merge_mask=off])
已为 1 层启用 BLB Block 2 噪声 (N=16384, fresh_inv_std=28, fresh_x_centered=28, encode_gamma=20, encode_wq/wk/wv=22/22/22, encode_qkt_merge_mask=15, rescale=[normalize=off, gamma=28, wk=off, wq=off, wv=off, qkt=28, merge_mask=off])
已为 1 层启用 BLB Block 2 噪声 (N=16384, fresh_inv_std=20, fresh_x_centered=20, encode_gamma=16, encode_wq/wk/wv=16/16/22, encode_qkt_merge_mask=15, rescale=[normalize=off, gamma=28, wk=off, wq=off, wv=off, qkt=28, merge_mask=off])
已为 1 层启用 BLB Block 2 噪声 (N=16384, fresh_inv_std=28, fresh_x_centered=28, encode_gamma=20, encode_wq/wk/wv=22/22/22, encode_qkt_merge_mask=15, rescale=[normalize=off, gamma=28, wk=off, wq=off, wv=off, qkt=28, merge_mask=off])
已为 1 层启用 BLB Block 4 噪声 (N=16384, fresh_softmax/V=29/25, encode_masks(sm/V/sm_v)=14/14/14, encode_wo=16, encode_ln_inv_d=16/20, rescale=[sm_mask=off, v_mask=off, sm_v_matmul=23, sm_v_mask=off, wo=off, ln_mean=21, ln_sq=31, ln_var=off])
已为 1 层启用 BLB Block 4 噪声 (N=16384, fresh_softmax/V=29/25, encode_masks(sm/V/sm_v)=14/14/14, encode_wo=16, encode_ln_inv_d=16/20, rescale=[sm_mask=off, v_mask=off, sm_v_matmul=23, sm_v_mask=off, wo=off, ln_mean=21, ln_sq=31, ln_var=off])
已为 1 层启用 BLB Block 4 噪声 (N=16384, fresh_softmax/V=35/25, encode_masks(sm/V/sm_v)=14/14/14, encode_wo=22, encode_ln_inv_d=20/20, rescale=[sm_mask=off, v_mask=off, sm_v_matmul=31, sm_v_mask=off, wo=off, ln_mean=31, ln_sq=31, ln_var=off])
已为 1 层启用 BLB Block 4 噪声 (N=16384, fresh_softmax/V=35/25, encode_masks(sm/V/sm_v)=14/14/14, encode_wo=22, encode_ln_inv_d=20/20, rescale=[sm_mask=off, v_mask=off, sm_v_matmul=31, sm_v_mask=off, wo=off, ln_mean=31, ln_sq=31, ln_var=off])
已为 1 层启用 BLB Block 4 噪声 (N=16384, fresh_softmax/V=35/25, encode_masks(sm/V/sm_v)=14/14/14, encode_wo=22, encode_ln_inv_d=20/20, rescale=[sm_mask=off, v_mask=off, sm_v_matmul=31, sm_v_mask=off, wo=off, ln_mean=31, ln_sq=31, ln_var=off])
已为 1 层启用 BLB Block 4 噪声 (N=16384, fresh_softmax/V=35/25, encode_masks(sm/V/sm_v)=14/14/14, encode_wo=22, encode_ln_inv_d=20/20, rescale=[sm_mask=off, v_mask=off, sm_v_matmul=31, sm_v_mask=off, wo=off, ln_mean=31, ln_sq=31, ln_var=off])
已为 1 层启用 BLB Block 4 噪声 (N=16384, fresh_softmax/V=35/25, encode_masks(sm/V/sm_v)=14/14/14, encode_wo=22, encode_ln_inv_d=20/20, rescale=[sm_mask=off, v_mask=off, sm_v_matmul=31, sm_v_mask=off, wo=off, ln_mean=31, ln_sq=31, ln_var=off])
已为 1 层启用 BLB Block 4 噪声 (N=16384, fresh_softmax/V=35/25, encode_masks(sm/V/sm_v)=14/14/14, encode_wo=22, encode_ln_inv_d=20/20, rescale=[sm_mask=off, v_mask=off, sm_v_matmul=31, sm_v_mask=off, wo=off, ln_mean=31, ln_sq=31, ln_var=off])已为 1 层启用 BLB Block 1 噪声 (N=16384, fresh_gelu_out=30, encode_wffn2=20, encode_inv_d=20/20, rescale=[wffn2_result=off, mean=30, square=off, var=27])
已为 1 层启用 BLB Block 1 噪声 (N=16384, fresh_gelu_out=30, encode_wffn2=20, encode_inv_d=20/20, rescale=[wffn2_result=off, mean=30, square=off, var=27])
已为 1 层启用 BLB Block 1 噪声 (N=16384, fresh_gelu_out=30, encode_wffn2=20, encode_inv_d=20/20, rescale=[wffn2_result=off, mean=30, square=off, var=27])
已为 1 层启用 BLB Block 1 噪声 (N=16384, fresh_gelu_out=30, encode_wffn2=20, encode_inv_d=20/20, rescale=[wffn2_result=off, mean=30, square=off, var=27])
已为 1 层启用 BLB Block 1 噪声 (N=16384, fresh_gelu_out=30, encode_wffn2=20, encode_inv_d=20/20, rescale=[wffn2_result=off, mean=30, square=off, var=27])
已为 1 层启用 BLB Block 1 噪声 (N=16384, fresh_gelu_out=30, encode_wffn2=20, encode_inv_d=20/20, rescale=[wffn2_result=off, mean=30, square=off, var=27])
已为 1 层启用 BLB Block 1 噪声 (N=16384, fresh_gelu_out=30, encode_wffn2=20, encode_inv_d=20/20, rescale=[wffn2_result=off, mean=30, square=off, var=27])

已为 1 层启用 BLB Block 4 噪声 (N=16384, fresh_softmax/V=35/25, encode_masks(sm/V/sm_v)=14/14/14, encode_wo=22, encode_ln_inv_d=20/20, rescale=[sm_mask=off, v_mask=off, sm_v_matmul=31, sm_v_mask=off, wo=off, ln_mean=31, ln_sq=31, ln_var=off])
已为 1 层启用 BLB Block 4 噪声 (N=16384, fresh_softmax/V=35/25, encode_masks(sm/V/sm_v)=14/14/14, encode_wo=22, encode_ln_inv_d=20/20, rescale=[sm_mask=off, v_mask=off, sm_v_matmul=31, sm_v_mask=off, wo=off, ln_mean=31, ln_sq=31, ln_var=off])
已为 1 层启用 BLB Block 4 噪声 (N=16384, fresh_softmax/V=29/25, encode_masks(sm/V/sm_v)=14/14/14, encode_wo=16, encode_ln_inv_d=16/20, rescale=[sm_mask=off, v_mask=off, sm_v_matmul=23, sm_v_mask=off, wo=off, ln_mean=21, ln_sq=31, ln_var=off])
已为 1 层启用 BLB Block 4 噪声 (N=16384, fresh_softmax/V=35/25, encode_masks(sm/V/sm_v)=14/14/14, encode_wo=22, encode_ln_inv_d=20/20, rescale=[sm_mask=off, v_mask=off, sm_v_matmul=31, sm_v_mask=off, wo=off, ln_mean=31, ln_sq=31, ln_var=off])
已为 12 层启用 BLB Block 5 噪声 (gelu_degree∈{1,1,1,1,1,4,1,1,1,1,1,1}, N=16384, fresh_inv_std/x_centered=28/28, encode_gamma/wffn1/gelu_coeff=20/22/20, rescale=[normalize=26, gamma=off, wffn1=off, gelu_powers=[(none)], gelu_coeff_muls=[29]])
已为 1 层启用 BLB Block 1 噪声 (N=16384, fresh_gelu_out=30, encode_wffn2=20, encode_inv_d=20/20, rescale=[wffn2_result=off, mean=30, square=off, var=27])
已为 1 层启用 BLB Block 1 噪声 (N=16384, fresh_gelu_out=30, encode_wffn2=20, encode_inv_d=20/20, rescale=[wffn2_result=off, mean=30, square=off, var=27])
已为 1 层启用 BLB Block 2 噪声 (N=16384, fresh_inv_std=28, fresh_x_centered=28, encode_gamma=20, encode_wq/wk/wv=22/22/22, encode_qkt_merge_mask=15, rescale=[normalize=off, gamma=28, wk=off, wq=off, wv=off, qkt=28, merge_mask=off])
已为 1 层启用 BLB Block 2 噪声 (N=16384, fresh_inv_std=28, fresh_x_centered=28, encode_gamma=20, encode_wq/wk/wv=22/22/22, encode_qkt_merge_mask=15, rescale=[normalize=off, gamma=28, wk=off, wq=off, wv=off, qkt=28, merge_mask=off])
已为 1 层启用 BLB Block 2 噪声 (N=16384, fresh_inv_std=28, fresh_x_centered=28, encode_gamma=20, encode_wq/wk/wv=22/22/22, encode_qkt_merge_mask=15, rescale=[normalize=off, gamma=28, wk=off, wq=off, wv=off, qkt=28, merge_mask=off])
已为 1 层启用 BLB Block 2 噪声 (N=16384, fresh_inv_std=20, fresh_x_centered=20, encode_gamma=16, encode_wq/wk/wv=16/16/22, encode_qkt_merge_mask=15, rescale=[normalize=off, gamma=28, wk=off, wq=off, wv=off, qkt=28, merge_mask=off])
已为 1 层启用 BLB Block 2 噪声 (N=16384, fresh_inv_std=28, fresh_x_centered=28, encode_gamma=20, encode_wq/wk/wv=22/22/22, encode_qkt_merge_mask=15, rescale=[normalize=off, gamma=28, wk=off, wq=off, wv=off, qkt=28, merge_mask=off])
已为 1 层启用 BLB Block 2 噪声 (N=16384, fresh_inv_std=20, fresh_x_centered=20, encode_gamma=16, encode_wq/wk/wv=16/16/22, encode_qkt_merge_mask=15, rescale=[normalize=off, gamma=28, wk=off, wq=off, wv=off, qkt=28, merge_mask=off])
已为 1 层启用 BLB Block 2 噪声 (N=16384, fresh_inv_std=20, fresh_x_centered=20, encode_gamma=16, encode_wq/wk/wv=16/16/22, encode_qkt_merge_mask=15, rescale=[normalize=off, gamma=28, wk=off, wq=off, wv=off, qkt=28, merge_mask=off])
已为 1 层启用 BLB Block 2 噪声 (N=16384, fresh_inv_std=28, fresh_x_centered=28, encode_gamma=20, encode_wq/wk/wv=22/22/22, encode_qkt_merge_mask=15, rescale=[normalize=off, gamma=28, wk=off, wq=off, wv=off, qkt=28, merge_mask=off])
已为 1 层启用 BLB Block 2 噪声 (N=16384, fresh_inv_std=28, fresh_x_centered=28, encode_gamma=20, encode_wq/wk/wv=22/22/22, encode_qkt_merge_mask=15, rescale=[normalize=off, gamma=28, wk=off, wq=off, wv=off, qkt=28, merge_mask=off])
已为 1 层启用 BLB Block 2 噪声 (N=16384, fresh_inv_std=28, fresh_x_centered=28, encode_gamma=20, encode_wq/wk/wv=22/22/22, encode_qkt_merge_mask=15, rescale=[normalize=off, gamma=28, wk=off, wq=off, wv=off, qkt=28, merge_mask=off])
已为 1 层启用 BLB Block 2 噪声 (N=16384, fresh_inv_std=20, fresh_x_centered=20, encode_gamma=16, encode_wq/wk/wv=16/16/22, encode_qkt_merge_mask=15, rescale=[normalize=off, gamma=28, wk=off, wq=off, wv=off, qkt=28, merge_mask=off])
已为 1 层启用 BLB Block 2 噪声 (N=16384, fresh_inv_std=28, fresh_x_centered=28, encode_gamma=20, encode_wq/wk/wv=22/22/22, encode_qkt_merge_mask=15, rescale=[normalize=off, gamma=28, wk=off, wq=off, wv=off, qkt=28, merge_mask=off])
已为 1 层启用 BLB Block 4 噪声 (N=16384, fresh_softmax/V=29/25, encode_masks(sm/V/sm_v)=14/14/14, encode_wo=16, encode_ln_inv_d=16/20, rescale=[sm_mask=off, v_mask=off, sm_v_matmul=23, sm_v_mask=off, wo=off, ln_mean=21, ln_sq=31, ln_var=off])
已为 1 层启用 BLB Block 4 噪声 (N=16384, fresh_softmax/V=29/25, encode_masks(sm/V/sm_v)=14/14/14, encode_wo=16, encode_ln_inv_d=16/20, rescale=[sm_mask=off, v_mask=off, sm_v_matmul=23, sm_v_mask=off, wo=off, ln_mean=21, ln_sq=31, ln_var=off])
已为 1 层启用 BLB Block 4 噪声 (N=16384, fresh_softmax/V=35/25, encode_masks(sm/V/sm_v)=14/14/14, encode_wo=22, encode_ln_inv_d=20/20, rescale=[sm_mask=off, v_mask=off, sm_v_matmul=31, sm_v_mask=off, wo=off, ln_mean=31, ln_sq=31, ln_var=off])
已为 1 层启用 BLB Block 4 噪声 (N=16384, fresh_softmax/V=35/25, encode_masks(sm/V/sm_v)=14/14/14, encode_wo=22, encode_ln_inv_d=20/20, rescale=[sm_mask=off, v_mask=off, sm_v_matmul=31, sm_v_mask=off, wo=off, ln_mean=31, ln_sq=31, ln_var=off])
已为 1 层启用 BLB Block 4 噪声 (N=16384, fresh_softmax/V=35/25, encode_masks(sm/V/sm_v)=14/14/14, encode_wo=22, encode_ln_inv_d=20/20, rescale=[sm_mask=off, v_mask=off, sm_v_matmul=31, sm_v_mask=off, wo=off, ln_mean=31, ln_sq=31, ln_var=off])
已为 1 层启用 BLB Block 4 噪声 (N=16384, fresh_softmax/V=35/25, encode_masks(sm/V/sm_v)=14/14/14, encode_wo=22, encode_ln_inv_d=20/20, rescale=[sm_mask=off, v_mask=off, sm_v_matmul=31, sm_v_mask=off, wo=off, ln_mean=31, ln_sq=31, ln_var=off])
已为 1 层启用 BLB Block 4 噪声 (N=16384, fresh_softmax/V=35/25, encode_masks(sm/V/sm_v)=14/14/14, encode_wo=22, encode_ln_inv_d=20/20, rescale=[sm_mask=off, v_mask=off, sm_v_matmul=31, sm_v_mask=off, wo=off, ln_mean=31, ln_sq=31, ln_var=off])
已为 1 层启用 BLB Block 4 噪声 (N=16384, fresh_softmax/V=35/25, encode_masks(sm/V/sm_v)=14/14/14, encode_wo=22, encode_ln_inv_d=20/20, rescale=[sm_mask=off, v_mask=off, sm_v_matmul=31, sm_v_mask=off, wo=off, ln_mean=31, ln_sq=31, ln_var=off])
已为 1 层启用 BLB Block 4 噪声 (N=16384, fresh_softmax/V=35/25, encode_masks(sm/V/sm_v)=14/14/14, encode_wo=22, encode_ln_inv_d=20/20, rescale=[sm_mask=off, v_mask=off, sm_v_matmul=31, sm_v_mask=off, wo=off, ln_mean=31, ln_sq=31, ln_var=off])
已为 1 层启用 BLB Block 4 噪声 (N=16384, fresh_softmax/V=35/25, encode_masks(sm/V/sm_v)=14/14/14, encode_wo=22, encode_ln_inv_d=20/20, rescale=[sm_mask=off, v_mask=off, sm_v_matmul=31, sm_v_mask=off, wo=off, ln_mean=31, ln_sq=31, ln_var=off])
已为 1 层启用 BLB Block 4 噪声 (N=16384, fresh_softmax/V=29/25, encode_masks(sm/V/sm_v)=14/14/14, encode_wo=16, encode_ln_inv_d=16/20, rescale=[sm_mask=off, v_mask=off, sm_v_matmul=23, sm_v_mask=off, wo=off, ln_mean=21, ln_sq=31, ln_var=off])已为 1 层启用 BLB Block 1 噪声 (N=16384, fresh_gelu_out=30, encode_wffn2=20, encode_inv_d=20/20, rescale=[wffn2_result=off, mean=30, square=off, var=27])
已为 1 层启用 BLB Block 1 噪声 (N=16384, fresh_gelu_out=30, encode_wffn2=20, encode_inv_d=20/20, rescale=[wffn2_result=off, mean=30, square=off, var=27])
已为 1 层启用 BLB Block 2 噪声 (N=16384, fresh_inv_std=28, fresh_x_centered=28, encode_gamma=20, encode_wq/wk/wv=22/22/22, encode_qkt_merge_mask=15, rescale=[normalize=off, gamma=28, wk=off, wq=off, wv=off, qkt=28, merge_mask=off])
已为 1 层启用 BLB Block 2 噪声 (N=16384, fresh_inv_std=28, fresh_x_centered=28, encode_gamma=20, encode_wq/wk/wv=22/22/22, encode_qkt_merge_mask=15, rescale=[normalize=off, gamma=28, wk=off, wq=off, wv=off, qkt=28, merge_mask=off])
已为 1 层启用 BLB Block 2 噪声 (N=16384, fresh_inv_std=28, fresh_x_centered=28, encode_gamma=20, encode_wq/wk/wv=22/22/22, encode_qkt_merge_mask=15, rescale=[normalize=off, gamma=28, wk=off, wq=off, wv=off, qkt=28, merge_mask=off])
已为 1 层启用 BLB Block 2 噪声 (N=16384, fresh_inv_std=20, fresh_x_centered=20, encode_gamma=16, encode_wq/wk/wv=16/16/22, encode_qkt_merge_mask=15, rescale=[normalize=off, gamma=28, wk=off, wq=off, wv=off, qkt=28, merge_mask=off])
已为 1 层启用 BLB Block 2 噪声 (N=16384, fresh_inv_std=28, fresh_x_centered=28, encode_gamma=20, encode_wq/wk/wv=22/22/22, encode_qkt_merge_mask=15, rescale=[normalize=off, gamma=28, wk=off, wq=off, wv=off, qkt=28, merge_mask=off])
已为 1 层启用 BLB Block 2 噪声 (N=16384, fresh_inv_std=20, fresh_x_centered=20, encode_gamma=16, encode_wq/wk/wv=16/16/22, encode_qkt_merge_mask=15, rescale=[normalize=off, gamma=28, wk=off, wq=off, wv=off, qkt=28, merge_mask=off])
已为 1 层启用 BLB Block 2 噪声 (N=16384, fresh_inv_std=20, fresh_x_centered=20, encode_gamma=16, encode_wq/wk/wv=16/16/22, encode_qkt_merge_mask=15, rescale=[normalize=off, gamma=28, wk=off, wq=off, wv=off, qkt=28, merge_mask=off])
已为 1 层启用 BLB Block 2 噪声 (N=16384, fresh_inv_std=28, fresh_x_centered=28, encode_gamma=20, encode_wq/wk/wv=22/22/22, encode_qkt_merge_mask=15, rescale=[normalize=off, gamma=28, wk=off, wq=off, wv=off, qkt=28, merge_mask=off])
已为 1 层启用 BLB Block 2 噪声 (N=16384, fresh_inv_std=28, fresh_x_centered=28, encode_gamma=20, encode_wq/wk/wv=22/22/22, encode_qkt_merge_mask=15, rescale=[normalize=off, gamma=28, wk=off, wq=off, wv=off, qkt=28, merge_mask=off])
已为 1 层启用 BLB Block 2 噪声 (N=16384, fresh_inv_std=28, fresh_x_centered=28, encode_gamma=20, encode_wq/wk/wv=22/22/22, encode_qkt_merge_mask=15, rescale=[normalize=off, gamma=28, wk=off, wq=off, wv=off, qkt=28, merge_mask=off])
已为 1 层启用 BLB Block 2 噪声 (N=16384, fresh_inv_std=20, fresh_x_centered=20, encode_gamma=16, encode_wq/wk/wv=16/16/22, encode_qkt_merge_mask=15, rescale=[normalize=off, gamma=28, wk=off, wq=off, wv=off, qkt=28, merge_mask=off])
已为 1 层启用 BLB Block 2 噪声 (N=16384, fresh_inv_std=28, fresh_x_centered=28, encode_gamma=20, encode_wq/wk/wv=22/22/22, encode_qkt_merge_mask=15, rescale=[normalize=off, gamma=28, wk=off, wq=off, wv=off, qkt=28, merge_mask=off])
已为 1 层启用 BLB Block 4 噪声 (N=16384, fresh_softmax/V=29/25, encode_masks(sm/V/sm_v)=14/14/14, encode_wo=16, encode_ln_inv_d=16/20, rescale=[sm_mask=off, v_mask=off, sm_v_matmul=23, sm_v_mask=off, wo=off, ln_mean=21, ln_sq=31, ln_var=off])
已为 1 层启用 BLB Block 4 噪声 (N=16384, fresh_softmax/V=29/25, encode_masks(sm/V/sm_v)=14/14/14, encode_wo=16, encode_ln_inv_d=16/20, rescale=[sm_mask=off, v_mask=off, sm_v_matmul=23, sm_v_mask=off, wo=off, ln_mean=21, ln_sq=31, ln_var=off])
已为 1 层启用 BLB Block 4 噪声 (N=16384, fresh_softmax/V=35/25, encode_masks(sm/V/sm_v)=14/14/14, encode_wo=22, encode_ln_inv_d=20/20, rescale=[sm_mask=off, v_mask=off, sm_v_matmul=31, sm_v_mask=off, wo=off, ln_mean=31, ln_sq=31, ln_var=off])
已为 1 层启用 BLB Block 4 噪声 (N=16384, fresh_softmax/V=35/25, encode_masks(sm/V/sm_v)=14/14/14, encode_wo=22, encode_ln_inv_d=20/20, rescale=[sm_mask=off, v_mask=off, sm_v_matmul=31, sm_v_mask=off, wo=off, ln_mean=31, ln_sq=31, ln_var=off])
已为 1 层启用 BLB Block 4 噪声 (N=16384, fresh_softmax/V=35/25, encode_masks(sm/V/sm_v)=14/14/14, encode_wo=22, encode_ln_inv_d=20/20, rescale=[sm_mask=off, v_mask=off, sm_v_matmul=31, sm_v_mask=off, wo=off, ln_mean=31, ln_sq=31, ln_var=off])
已为 1 层启用 BLB Block 4 噪声 (N=16384, fresh_softmax/V=35/25, encode_masks(sm/V/sm_v)=14/14/14, encode_wo=22, encode_ln_inv_d=20/20, rescale=[sm_mask=off, v_mask=off, sm_v_matmul=31, sm_v_mask=off, wo=off, ln_mean=31, ln_sq=31, ln_var=off])
已为 1 层启用 BLB Block 4 噪声 (N=16384, fresh_softmax/V=35/25, encode_masks(sm/V/sm_v)=14/14/14, encode_wo=22, encode_ln_inv_d=20/20, rescale=[sm_mask=off, v_mask=off, sm_v_matmul=31, sm_v_mask=off, wo=off, ln_mean=31, ln_sq=31, ln_var=off])
已为 1 层启用 BLB Block 4 噪声 (N=16384, fresh_softmax/V=35/25, encode_masks(sm/V/sm_v)=14/14/14, encode_wo=22, encode_ln_inv_d=20/20, rescale=[sm_mask=off, v_mask=off, sm_v_matmul=31, sm_v_mask=off, wo=off, ln_mean=31, ln_sq=31, ln_var=off])
已为 1 层启用 BLB Block 4 噪声 (N=16384, fresh_softmax/V=35/25, encode_masks(sm/V/sm_v)=14/14/14, encode_wo=22, encode_ln_inv_d=20/20, rescale=[sm_mask=off, v_mask=off, sm_v_matmul=31, sm_v_mask=off, wo=off, ln_mean=31, ln_sq=31, ln_var=off])
已为 1 层启用 BLB Block 4 噪声 (N=16384, fresh_softmax/V=35/25, encode_masks(sm/V/sm_v)=14/14/14, encode_wo=22, encode_ln_inv_d=20/20, rescale=[sm_mask=off, v_mask=off, sm_v_matmul=31, sm_v_mask=off, wo=off, ln_mean=31, ln_sq=31, ln_var=off])
已为 1 层启用 BLB Block 4 噪声 (N=16384, fresh_softmax/V=29/25, encode_masks(sm/V/sm_v)=14/14/14, encode_wo=16, encode_ln_inv_d=16/20, rescale=[sm_mask=off, v_mask=off, sm_v_matmul=23, sm_v_mask=off, wo=off, ln_mean=21, ln_sq=31, ln_var=off])
已为 1 层启用 BLB Block 4 噪声 (N=16384, fresh_softmax/V=35/25, encode_masks(sm/V/sm_v)=14/14/14, encode_wo=22, encode_ln_inv_d=20/20, rescale=[sm_mask=off, v_mask=off, sm_v_matmul=31, sm_v_mask=off, wo=off, ln_mean=31, ln_sq=31, ln_var=off])
已为 12 层启用 BLB Block 5 噪声 (gelu_degree∈{1,1,1,1,1,4,1,1,1,1,1,1}, N=16384, fresh_inv_std/x_centered=28/28, encode_gamma/wffn1/gelu_coeff=20/22/20, rescale=[normalize=26, gamma=off, wffn1=off, gelu_powers=[(none)], gelu_coeff_muls=[29]])

已为 1 层启用 BLB Block 4 噪声 (N=16384, fresh_softmax/V=35/25, encode_masks(sm/V/sm_v)=14/14/14, encode_wo=22, encode_ln_inv_d=20/20, rescale=[sm_mask=off, v_mask=off, sm_v_matmul=31, sm_v_mask=off, wo=off, ln_mean=31, ln_sq=31, ln_var=off])
已为 12 层启用 BLB Block 5 噪声 (gelu_degree∈{1,1,1,1,1,4,1,1,1,1,1,1}, N=16384, fresh_inv_std/x_centered=28/28, encode_gamma/wffn1/gelu_coeff=20/22/20, rescale=[normalize=26, gamma=off, wffn1=off, gelu_powers=[(none)], gelu_coeff_muls=[29]])
已为 1 层启用 BLB Block 1 噪声 (N=16384, fresh_gelu_out=30, encode_wffn2=20, encode_inv_d=20/20, rescale=[wffn2_result=off, mean=30, square=off, var=27])
已为 1 层启用 BLB Block 1 噪声 (N=16384, fresh_gelu_out=30, encode_wffn2=20, encode_inv_d=20/20, rescale=[wffn2_result=off, mean=30, square=off, var=27])
已为 1 层启用 BLB Block 1 噪声 (N=16384, fresh_gelu_out=22, encode_wffn2=14, encode_inv_d=14/14, rescale=[wffn2_result=off, mean=22, square=off, var=27])
已为 1 层启用 BLB Block 1 噪声 (N=16384, fresh_gelu_out=22, encode_wffn2=14, encode_inv_d=14/14, rescale=[wffn2_result=off, mean=22, square=off, var=27])
已为 1 层启用 BLB Block 1 噪声 (N=16384, fresh_gelu_out=30, encode_wffn2=20, encode_inv_d=20/20, rescale=[wffn2_result=off, mean=30, square=off, var=27])
已为 1 层启用 BLB Block 1 噪声 (N=16384, fresh_gelu_out=30, encode_wffn2=20, encode_inv_d=20/20, rescale=[wffn2_result=off, mean=30, square=off, var=27])
已为 1 层启用 BLB Block 1 噪声 (N=16384, fresh_gelu_out=30, encode_wffn2=20, encode_inv_d=20/20, rescale=[wffn2_result=off, mean=30, square=off, var=27])
已为 1 层启用 BLB Block 1 噪声 (N=16384, fresh_gelu_out=30, encode_wffn2=20, encode_inv_d=20/20, rescale=[wffn2_result=off, mean=30, square=off, var=27])
已为 1 层启用 BLB Block 1 噪声 (N=16384, fresh_gelu_out=30, encode_wffn2=20, encode_inv_d=20/20, rescale=[wffn2_result=off, mean=30, square=off, var=27])
已为 1 层启用 BLB Block 1 噪声 (N=16384, fresh_gelu_out=30, encode_wffn2=20, encode_inv_d=20/20, rescale=[wffn2_result=off, mean=30, square=off, var=27])
已为 1 层启用 BLB Block 1 噪声 (N=16384, fresh_gelu_out=30, encode_wffn2=20, encode_inv_d=20/20, rescale=[wffn2_result=off, mean=30, square=off, var=27])
已为 1 层启用 BLB Block 2 噪声 (N=16384, fresh_inv_std=28, fresh_x_centered=28, encode_gamma=20, encode_wq/wk/wv=22/22/22, encode_qkt_merge_mask=15, rescale=[normalize=off, gamma=28, wk=off, wq=off, wv=off, qkt=28, merge_mask=off])
已为 1 层启用 BLB Block 2 噪声 (N=16384, fresh_inv_std=28, fresh_x_centered=28, encode_gamma=20, encode_wq/wk/wv=22/22/22, encode_qkt_merge_mask=15, rescale=[normalize=off, gamma=28, wk=off, wq=off, wv=off, qkt=28, merge_mask=off])
已为 1 层启用 BLB Block 2 噪声 (N=16384, fresh_inv_std=28, fresh_x_centered=28, encode_gamma=20, encode_wq/wk/wv=22/22/22, encode_qkt_merge_mask=15, rescale=[normalize=off, gamma=28, wk=off, wq=off, wv=off, qkt=28, merge_mask=off])
已为 1 层启用 BLB Block 2 噪声 (N=16384, fresh_inv_std=20, fresh_x_centered=20, encode_gamma=16, encode_wq/wk/wv=16/16/22, encode_qkt_merge_mask=15, rescale=[normalize=off, gamma=28, wk=off, wq=off, wv=off, qkt=28, merge_mask=off])
已为 1 层启用 BLB Block 2 噪声 (N=16384, fresh_inv_std=28, fresh_x_centered=28, encode_gamma=20, encode_wq/wk/wv=22/22/22, encode_qkt_merge_mask=15, rescale=[normalize=off, gamma=28, wk=off, wq=off, wv=off, qkt=28, merge_mask=off])
已为 1 层启用 BLB Block 2 噪声 (N=16384, fresh_inv_std=20, fresh_x_centered=20, encode_gamma=16, encode_wq/wk/wv=16/16/22, encode_qkt_merge_mask=15, rescale=[normalize=off, gamma=28, wk=off, wq=off, wv=off, qkt=28, merge_mask=off])
已为 1 层启用 BLB Block 2 噪声 (N=16384, fresh_inv_std=20, fresh_x_centered=20, encode_gamma=16, encode_wq/wk/wv=16/16/22, encode_qkt_merge_mask=15, rescale=[normalize=off, gamma=28, wk=off, wq=off, wv=off, qkt=28, merge_mask=off])
已为 1 层启用 BLB Block 2 噪声 (N=16384, fresh_inv_std=28, fresh_x_centered=28, encode_gamma=20, encode_wq/wk/wv=22/22/22, encode_qkt_merge_mask=15, rescale=[normalize=off, gamma=28, wk=off, wq=off, wv=off, qkt=28, merge_mask=off])
已为 1 层启用 BLB Block 2 噪声 (N=16384, fresh_inv_std=28, fresh_x_centered=28, encode_gamma=20, encode_wq/wk/wv=22/22/22, encode_qkt_merge_mask=15, rescale=[normalize=off, gamma=28, wk=off, wq=off, wv=off, qkt=28, merge_mask=off])
已为 1 层启用 BLB Block 2 噪声 (N=16384, fresh_inv_std=28, fresh_x_centered=28, encode_gamma=20, encode_wq/wk/wv=22/22/22, encode_qkt_merge_mask=15, rescale=[normalize=off, gamma=28, wk=off, wq=off, wv=off, qkt=28, merge_mask=off])
已为 1 层启用 BLB Block 2 噪声 (N=16384, fresh_inv_std=20, fresh_x_centered=20, encode_gamma=16, encode_wq/wk/wv=16/16/22, encode_qkt_merge_mask=15, rescale=[normalize=off, gamma=28, wk=off, wq=off, wv=off, qkt=28, merge_mask=off])
已为 1 层启用 BLB Block 2 噪声 (N=16384, fresh_inv_std=28, fresh_x_centered=28, encode_gamma=20, encode_wq/wk/wv=22/22/22, encode_qkt_merge_mask=15, rescale=[normalize=off, gamma=28, wk=off, wq=off, wv=off, qkt=28, merge_mask=off])
已为 1 层启用 BLB Block 4 噪声 (N=16384, fresh_softmax/V=29/25, encode_masks(sm/V/sm_v)=14/14/14, encode_wo=16, encode_ln_inv_d=16/20, rescale=[sm_mask=off, v_mask=off, sm_v_matmul=23, sm_v_mask=off, wo=off, ln_mean=21, ln_sq=31, ln_var=off])
已为 1 层启用 BLB Block 4 噪声 (N=16384, fresh_softmax/V=29/25, encode_masks(sm/V/sm_v)=14/14/14, encode_wo=16, encode_ln_inv_d=16/20, rescale=[sm_mask=off, v_mask=off, sm_v_matmul=23, sm_v_mask=off, wo=off, ln_mean=21, ln_sq=31, ln_var=off])
已为 1 层启用 BLB Block 4 噪声 (N=16384, fresh_softmax/V=35/25, encode_masks(sm/V/sm_v)=14/14/14, encode_wo=22, encode_ln_inv_d=20/20, rescale=[sm_mask=off, v_mask=off, sm_v_matmul=31, sm_v_mask=off, wo=off, ln_mean=31, ln_sq=31, ln_var=off])
已为 1 层启用 BLB Block 4 噪声 (N=16384, fresh_softmax/V=35/25, encode_masks(sm/V/sm_v)=14/14/14, encode_wo=22, encode_ln_inv_d=20/20, rescale=[sm_mask=off, v_mask=off, sm_v_matmul=31, sm_v_mask=off, wo=off, ln_mean=31, ln_sq=31, ln_var=off])
已为 1 层启用 BLB Block 4 噪声 (N=16384, fresh_softmax/V=35/25, encode_masks(sm/V/sm_v)=14/14/14, encode_wo=22, encode_ln_inv_d=20/20, rescale=[sm_mask=off, v_mask=off, sm_v_matmul=31, sm_v_mask=off, wo=off, ln_mean=31, ln_sq=31, ln_var=off])
已为 1 层启用 BLB Block 4 噪声 (N=16384, fresh_softmax/V=35/25, encode_masks(sm/V/sm_v)=14/14/14, encode_wo=22, encode_ln_inv_d=20/20, rescale=[sm_mask=off, v_mask=off, sm_v_matmul=31, sm_v_mask=off, wo=off, ln_mean=31, ln_sq=31, ln_var=off])
已为 1 层启用 BLB Block 4 噪声 (N=16384, fresh_softmax/V=35/25, encode_masks(sm/V/sm_v)=14/14/14, encode_wo=22, encode_ln_inv_d=20/20, rescale=[sm_mask=off, v_mask=off, sm_v_matmul=31, sm_v_mask=off, wo=off, ln_mean=31, ln_sq=31, ln_var=off])
已为 1 层启用 BLB Block 4 噪声 (N=16384, fresh_softmax/V=35/25, encode_masks(sm/V/sm_v)=14/14/14, encode_wo=22, encode_ln_inv_d=20/20, rescale=[sm_mask=off, v_mask=off, sm_v_matmul=31, sm_v_mask=off, wo=off, ln_mean=31, ln_sq=31, ln_var=off])
已为 1 层启用 BLB Block 4 噪声 (N=16384, fresh_softmax/V=35/25, encode_masks(sm/V/sm_v)=14/14/14, encode_wo=22, encode_ln_inv_d=20/20, rescale=[sm_mask=off, v_mask=off, sm_v_matmul=31, sm_v_mask=off, wo=off, ln_mean=31, ln_sq=31, ln_var=off])
已为 1 层启用 BLB Block 4 噪声 (N=16384, fresh_softmax/V=35/25, encode_masks(sm/V/sm_v)=14/14/14, encode_wo=22, encode_ln_inv_d=20/20, rescale=[sm_mask=off, v_mask=off, sm_v_matmul=31, sm_v_mask=off, wo=off, ln_mean=31, ln_sq=31, ln_var=off])
已为 1 层启用 BLB Block 4 噪声 (N=16384, fresh_softmax/V=29/25, encode_masks(sm/V/sm_v)=14/14/14, encode_wo=16, encode_ln_inv_d=16/20, rescale=[sm_mask=off, v_mask=off, sm_v_matmul=23, sm_v_mask=off, wo=off, ln_mean=21, ln_sq=31, ln_var=off])
已为 1 层启用 BLB Block 4 噪声 (N=16384, fresh_softmax/V=35/25, encode_masks(sm/V/sm_v)=14/14/14, encode_wo=22, encode_ln_inv_d=20/20, rescale=[sm_mask=off, v_mask=off, sm_v_matmul=31, sm_v_mask=off, wo=off, ln_mean=31, ln_sq=31, ln_var=off])
已为 12 层启用 BLB Block 5 噪声 (gelu_degree∈{1,1,1,1,1,4,1,1,1,1,1,1}, N=16384, fresh_inv_std/x_centered=28/28, encode_gamma/wffn1/gelu_coeff=20/22/20, rescale=[normalize=26, gamma=off, wffn1=off, gelu_powers=[(none)], gelu_coeff_muls=[29]])
已为 1 层启用 BLB Block 1 噪声 (N=16384, fresh_gelu_out=30, encode_wffn2=20, encode_inv_d=20/20, rescale=[wffn2_result=off, mean=30, square=off, var=27])
已为 1 层启用 BLB Block 1 噪声 (N=16384, fresh_gelu_out=22, encode_wffn2=14, encode_inv_d=14/14, rescale=[wffn2_result=off, mean=22, square=off, var=27])
已为 1 层启用 BLB Block 1 噪声 (N=16384, fresh_gelu_out=22, encode_wffn2=14, encode_inv_d=14/14, rescale=[wffn2_result=off, mean=22, square=off, var=27])
已为 1 层启用 BLB Block 1 噪声 (N=16384, fresh_gelu_out=30, encode_wffn2=20, encode_inv_d=20/20, rescale=[wffn2_result=off, mean=30, square=off, var=27])
已为 1 层启用 BLB Block 1 噪声 (N=16384, fresh_gelu_out=30, encode_wffn2=20, encode_inv_d=20/20, rescale=[wffn2_result=off, mean=30, square=off, var=27])
已为 1 层启用 BLB Block 1 噪声 (N=16384, fresh_gelu_out=30, encode_wffn2=20, encode_inv_d=20/20, rescale=[wffn2_result=off, mean=30, square=off, var=27])
已为 1 层启用 BLB Block 1 噪声 (N=16384, fresh_gelu_out=30, encode_wffn2=20, encode_inv_d=20/20, rescale=[wffn2_result=off, mean=30, square=off, var=27])
已为 1 层启用 BLB Block 1 噪声 (N=16384, fresh_gelu_out=30, encode_wffn2=20, encode_inv_d=20/20, rescale=[wffn2_result=off, mean=30, square=off, var=27])
已为 1 层启用 BLB Block 1 噪声 (N=16384, fresh_gelu_out=22, encode_wffn2=14, encode_inv_d=14/14, rescale=[wffn2_result=off, mean=22, square=off, var=27])
已为 1 层启用 BLB Block 1 噪声 (N=16384, fresh_gelu_out=30, encode_wffn2=20, encode_inv_d=20/20, rescale=[wffn2_result=off, mean=30, square=off, var=27])
已为 1 层启用 BLB Block 1 噪声 (N=16384, fresh_gelu_out=30, encode_wffn2=20, encode_inv_d=20/20, rescale=[wffn2_result=off, mean=30, square=off, var=27])
已为 1 层启用 BLB Block 2 噪声 (N=16384, fresh_inv_std=28, fresh_x_centered=28, encode_gamma=20, encode_wq/wk/wv=22/22/22, encode_qkt_merge_mask=15, rescale=[normalize=off, gamma=28, wk=off, wq=off, wv=off, qkt=28, merge_mask=off])
已为 1 层启用 BLB Block 2 噪声 (N=16384, fresh_inv_std=20, fresh_x_centered=20, encode_gamma=16, encode_wq/wk/wv=16/16/22, encode_qkt_merge_mask=15, rescale=[normalize=off, gamma=28, wk=off, wq=off, wv=off, qkt=28, merge_mask=off])
已为 1 层启用 BLB Block 2 噪声 (N=16384, fresh_inv_std=28, fresh_x_centered=28, encode_gamma=20, encode_wq/wk/wv=22/22/22, encode_qkt_merge_mask=15, rescale=[normalize=off, gamma=28, wk=off, wq=off, wv=off, qkt=28, merge_mask=off])
已为 1 层启用 BLB Block 2 噪声 (N=16384, fresh_inv_std=28, fresh_x_centered=28, encode_gamma=20, encode_wq/wk/wv=22/22/22, encode_qkt_merge_mask=15, rescale=[normalize=off, gamma=28, wk=off, wq=off, wv=off, qkt=28, merge_mask=off])
已为 1 层启用 BLB Block 2 噪声 (N=16384, fresh_inv_std=28, fresh_x_centered=28, encode_gamma=20, encode_wq/wk/wv=22/22/22, encode_qkt_merge_mask=15, rescale=[normalize=off, gamma=28, wk=off, wq=off, wv=off, qkt=28, merge_mask=off])
已为 1 层启用 BLB Block 2 噪声 (N=16384, fresh_inv_std=28, fresh_x_centered=28, encode_gamma=20, encode_wq/wk/wv=22/22/22, encode_qkt_merge_mask=15, rescale=[normalize=off, gamma=28, wk=off, wq=off, wv=off, qkt=28, merge_mask=off])
已为 1 层启用 BLB Block 2 噪声 (N=16384, fresh_inv_std=28, fresh_x_centered=28, encode_gamma=20, encode_wq/wk/wv=22/22/22, encode_qkt_merge_mask=15, rescale=[normalize=off, gamma=28, wk=off, wq=off, wv=off, qkt=28, merge_mask=off])
已为 1 层启用 BLB Block 2 噪声 (N=16384, fresh_inv_std=20, fresh_x_centered=20, encode_gamma=16, encode_wq/wk/wv=16/16/22, encode_qkt_merge_mask=15, rescale=[normalize=off, gamma=28, wk=off, wq=off, wv=off, qkt=28, merge_mask=off])
已为 1 层启用 BLB Block 2 噪声 (N=16384, fresh_inv_std=28, fresh_x_centered=28, encode_gamma=20, encode_wq/wk/wv=22/22/22, encode_qkt_merge_mask=15, rescale=[normalize=off, gamma=28, wk=off, wq=off, wv=off, qkt=28, merge_mask=off])
已为 1 层启用 BLB Block 2 噪声 (N=16384, fresh_inv_std=28, fresh_x_centered=28, encode_gamma=20, encode_wq/wk/wv=22/22/22, encode_qkt_merge_mask=15, rescale=[normalize=off, gamma=28, wk=off, wq=off, wv=off, qkt=28, merge_mask=off])
已为 1 层启用 BLB Block 2 噪声 (N=16384, fresh_inv_std=28, fresh_x_centered=28, encode_gamma=20, encode_wq/wk/wv=22/22/22, encode_qkt_merge_mask=15, rescale=[normalize=off, gamma=28, wk=off, wq=off, wv=off, qkt=28, merge_mask=off])
已为 1 层启用 BLB Block 2 噪声 (N=16384, fresh_inv_std=28, fresh_x_centered=28, encode_gamma=20, encode_wq/wk/wv=22/22/22, encode_qkt_merge_mask=15, rescale=[normalize=off, gamma=28, wk=off, wq=off, wv=off, qkt=28, merge_mask=off])
已为 1 层启用 BLB Block 4 噪声 (N=16384, fresh_softmax/V=29/25, encode_masks(sm/V/sm_v)=14/14/14, encode_wo=16, encode_ln_inv_d=16/20, rescale=[sm_mask=off, v_mask=off, sm_v_matmul=23, sm_v_mask=off, wo=off, ln_mean=21, ln_sq=31, ln_var=off])
已为 1 层启用 BLB Block 4 噪声 (N=16384, fresh_softmax/V=35/25, encode_masks(sm/V/sm_v)=14/14/14, encode_wo=22, encode_ln_inv_d=20/20, rescale=[sm_mask=off, v_mask=off, sm_v_matmul=31, sm_v_mask=off, wo=off, ln_mean=31, ln_sq=31, ln_var=off])
已为 1 层启用 BLB Block 4 噪声 (N=16384, fresh_softmax/V=35/25, encode_masks(sm/V/sm_v)=14/14/14, encode_wo=22, encode_ln_inv_d=20/20, rescale=[sm_mask=off, v_mask=off, sm_v_matmul=31, sm_v_mask=off, wo=off, ln_mean=31, ln_sq=31, ln_var=off])
已为 1 层启用 BLB Block 4 噪声 (N=16384, fresh_softmax/V=35/25, encode_masks(sm/V/sm_v)=14/14/14, encode_wo=22, encode_ln_inv_d=20/20, rescale=[sm_mask=off, v_mask=off, sm_v_matmul=31, sm_v_mask=off, wo=off, ln_mean=31, ln_sq=31, ln_var=off])
已为 1 层启用 BLB Block 4 噪声 (N=16384, fresh_softmax/V=35/25, encode_masks(sm/V/sm_v)=14/14/14, encode_wo=22, encode_ln_inv_d=20/20, rescale=[sm_mask=off, v_mask=off, sm_v_matmul=31, sm_v_mask=off, wo=off, ln_mean=31, ln_sq=31, ln_var=off])
已为 1 层启用 BLB Block 4 噪声 (N=16384, fresh_softmax/V=29/25, encode_masks(sm/V/sm_v)=14/14/14, encode_wo=16, encode_ln_inv_d=16/20, rescale=[sm_mask=off, v_mask=off, sm_v_matmul=23, sm_v_mask=off, wo=off, ln_mean=21, ln_sq=31, ln_var=off])
已为 1 层启用 BLB Block 4 噪声 (N=16384, fresh_softmax/V=35/25, encode_masks(sm/V/sm_v)=14/14/14, encode_wo=22, encode_ln_inv_d=20/20, rescale=[sm_mask=off, v_mask=off, sm_v_matmul=31, sm_v_mask=off, wo=off, ln_mean=31, ln_sq=31, ln_var=off])
已为 1 层启用 BLB Block 4 噪声 (N=16384, fresh_softmax/V=35/25, encode_masks(sm/V/sm_v)=14/14/14, encode_wo=22, encode_ln_inv_d=20/20, rescale=[sm_mask=off, v_mask=off, sm_v_matmul=31, sm_v_mask=off, wo=off, ln_mean=31, ln_sq=31, ln_var=off])
已为 1 层启用 BLB Block 4 噪声 (N=16384, fresh_softmax/V=35/25, encode_masks(sm/V/sm_v)=14/14/14, encode_wo=22, encode_ln_inv_d=20/20, rescale=[sm_mask=off, v_mask=off, sm_v_matmul=31, sm_v_mask=off, wo=off, ln_mean=31, ln_sq=31, ln_var=off])
已为 1 层启用 BLB Block 4 噪声 (N=16384, fresh_softmax/V=35/25, encode_masks(sm/V/sm_v)=14/14/14, encode_wo=22, encode_ln_inv_d=20/20, rescale=[sm_mask=off, v_mask=off, sm_v_matmul=31, sm_v_mask=off, wo=off, ln_mean=31, ln_sq=31, ln_var=off])
已为 1 层启用 BLB Block 4 噪声 (N=16384, fresh_softmax/V=35/25, encode_masks(sm/V/sm_v)=14/14/14, encode_wo=22, encode_ln_inv_d=20/20, rescale=[sm_mask=off, v_mask=off, sm_v_matmul=31, sm_v_mask=off, wo=off, ln_mean=31, ln_sq=31, ln_var=off])
已为 1 层启用 BLB Block 4 噪声 (N=16384, fresh_softmax/V=35/25, encode_masks(sm/V/sm_v)=14/14/14, encode_wo=22, encode_ln_inv_d=20/20, rescale=[sm_mask=off, v_mask=off, sm_v_matmul=31, sm_v_mask=off, wo=off, ln_mean=31, ln_sq=31, ln_var=off])
已为 12 层启用 BLB Block 5 噪声 (gelu_degree∈{1,1,1,1,1,4,1,1,1,1,1,1}, N=16384, fresh_inv_std/x_centered=28/28, encode_gamma/wffn1/gelu_coeff=20/22/20, rescale=[normalize=26, gamma=off, wffn1=off, gelu_powers=[(none)], gelu_coeff_muls=[29]])
已为 1 层启用 BLB Block 1 噪声 (N=16384, fresh_gelu_out=30, encode_wffn2=20, encode_inv_d=20/20, rescale=[wffn2_result=off, mean=30, square=off, var=27])
已为 1 层启用 BLB Block 1 噪声 (N=16384, fresh_gelu_out=22, encode_wffn2=14, encode_inv_d=14/14, rescale=[wffn2_result=off, mean=22, square=off, var=27])
已为 1 层启用 BLB Block 1 噪声 (N=16384, fresh_gelu_out=22, encode_wffn2=14, encode_inv_d=14/14, rescale=[wffn2_result=off, mean=22, square=off, var=27])
已为 1 层启用 BLB Block 1 噪声 (N=16384, fresh_gelu_out=30, encode_wffn2=20, encode_inv_d=20/20, rescale=[wffn2_result=off, mean=30, square=off, var=27])
已为 1 层启用 BLB Block 1 噪声 (N=16384, fresh_gelu_out=30, encode_wffn2=20, encode_inv_d=20/20, rescale=[wffn2_result=off, mean=30, square=off, var=27])
已为 1 层启用 BLB Block 1 噪声 (N=16384, fresh_gelu_out=30, encode_wffn2=20, encode_inv_d=20/20, rescale=[wffn2_result=off, mean=30, square=off, var=27])
已为 1 层启用 BLB Block 1 噪声 (N=16384, fresh_gelu_out=30, encode_wffn2=20, encode_inv_d=20/20, rescale=[wffn2_result=off, mean=30, square=off, var=27])
已为 1 层启用 BLB Block 1 噪声 (N=16384, fresh_gelu_out=30, encode_wffn2=20, encode_inv_d=20/20, rescale=[wffn2_result=off, mean=30, square=off, var=27])
已为 1 层启用 BLB Block 1 噪声 (N=16384, fresh_gelu_out=22, encode_wffn2=14, encode_inv_d=14/14, rescale=[wffn2_result=off, mean=22, square=off, var=27])
已为 1 层启用 BLB Block 1 噪声 (N=16384, fresh_gelu_out=30, encode_wffn2=20, encode_inv_d=20/20, rescale=[wffn2_result=off, mean=30, square=off, var=27])
已为 1 层启用 BLB Block 1 噪声 (N=16384, fresh_gelu_out=30, encode_wffn2=20, encode_inv_d=20/20, rescale=[wffn2_result=off, mean=30, square=off, var=27])
已为 1 层启用 BLB Block 2 噪声 (N=16384, fresh_inv_std=28, fresh_x_centered=28, encode_gamma=20, encode_wq/wk/wv=22/22/22, encode_qkt_merge_mask=15, rescale=[normalize=off, gamma=28, wk=off, wq=off, wv=off, qkt=28, merge_mask=off])
已为 1 层启用 BLB Block 2 噪声 (N=16384, fresh_inv_std=20, fresh_x_centered=20, encode_gamma=16, encode_wq/wk/wv=16/16/22, encode_qkt_merge_mask=15, rescale=[normalize=off, gamma=28, wk=off, wq=off, wv=off, qkt=28, merge_mask=off])
已为 1 层启用 BLB Block 2 噪声 (N=16384, fresh_inv_std=28, fresh_x_centered=28, encode_gamma=20, encode_wq/wk/wv=22/22/22, encode_qkt_merge_mask=15, rescale=[normalize=off, gamma=28, wk=off, wq=off, wv=off, qkt=28, merge_mask=off])
已为 1 层启用 BLB Block 2 噪声 (N=16384, fresh_inv_std=28, fresh_x_centered=28, encode_gamma=20, encode_wq/wk/wv=22/22/22, encode_qkt_merge_mask=15, rescale=[normalize=off, gamma=28, wk=off, wq=off, wv=off, qkt=28, merge_mask=off])
已为 1 层启用 BLB Block 2 噪声 (N=16384, fresh_inv_std=28, fresh_x_centered=28, encode_gamma=20, encode_wq/wk/wv=22/22/22, encode_qkt_merge_mask=15, rescale=[normalize=off, gamma=28, wk=off, wq=off, wv=off, qkt=28, merge_mask=off])
已为 1 层启用 BLB Block 2 噪声 (N=16384, fresh_inv_std=28, fresh_x_centered=28, encode_gamma=20, encode_wq/wk/wv=22/22/22, encode_qkt_merge_mask=15, rescale=[normalize=off, gamma=28, wk=off, wq=off, wv=off, qkt=28, merge_mask=off])
已为 1 层启用 BLB Block 2 噪声 (N=16384, fresh_inv_std=28, fresh_x_centered=28, encode_gamma=20, encode_wq/wk/wv=22/22/22, encode_qkt_merge_mask=15, rescale=[normalize=off, gamma=28, wk=off, wq=off, wv=off, qkt=28, merge_mask=off])
已为 1 层启用 BLB Block 2 噪声 (N=16384, fresh_inv_std=20, fresh_x_centered=20, encode_gamma=16, encode_wq/wk/wv=16/16/22, encode_qkt_merge_mask=15, rescale=[normalize=off, gamma=28, wk=off, wq=off, wv=off, qkt=28, merge_mask=off])
已为 1 层启用 BLB Block 2 噪声 (N=16384, fresh_inv_std=28, fresh_x_centered=28, encode_gamma=20, encode_wq/wk/wv=22/22/22, encode_qkt_merge_mask=15, rescale=[normalize=off, gamma=28, wk=off, wq=off, wv=off, qkt=28, merge_mask=off])
已为 1 层启用 BLB Block 2 噪声 (N=16384, fresh_inv_std=28, fresh_x_centered=28, encode_gamma=20, encode_wq/wk/wv=22/22/22, encode_qkt_merge_mask=15, rescale=[normalize=off, gamma=28, wk=off, wq=off, wv=off, qkt=28, merge_mask=off])
已为 1 层启用 BLB Block 2 噪声 (N=16384, fresh_inv_std=28, fresh_x_centered=28, encode_gamma=20, encode_wq/wk/wv=22/22/22, encode_qkt_merge_mask=15, rescale=[normalize=off, gamma=28, wk=off, wq=off, wv=off, qkt=28, merge_mask=off])
已为 1 层启用 BLB Block 2 噪声 (N=16384, fresh_inv_std=28, fresh_x_centered=28, encode_gamma=20, encode_wq/wk/wv=22/22/22, encode_qkt_merge_mask=15, rescale=[normalize=off, gamma=28, wk=off, wq=off, wv=off, qkt=28, merge_mask=off])
已为 1 层启用 BLB Block 4 噪声 (N=16384, fresh_softmax/V=29/25, encode_masks(sm/V/sm_v)=14/14/14, encode_wo=16, encode_ln_inv_d=16/20, rescale=[sm_mask=off, v_mask=off, sm_v_matmul=23, sm_v_mask=off, wo=off, ln_mean=21, ln_sq=31, ln_var=off])
已为 1 层启用 BLB Block 4 噪声 (N=16384, fresh_softmax/V=35/25, encode_masks(sm/V/sm_v)=14/14/14, encode_wo=22, encode_ln_inv_d=20/20, rescale=[sm_mask=off, v_mask=off, sm_v_matmul=31, sm_v_mask=off, wo=off, ln_mean=31, ln_sq=31, ln_var=off])
已为 1 层启用 BLB Block 4 噪声 (N=16384, fresh_softmax/V=35/25, encode_masks(sm/V/sm_v)=14/14/14, encode_wo=22, encode_ln_inv_d=20/20, rescale=[sm_mask=off, v_mask=off, sm_v_matmul=31, sm_v_mask=off, wo=off, ln_mean=31, ln_sq=31, ln_var=off])
已为 1 层启用 BLB Block 4 噪声 (N=16384, fresh_softmax/V=35/25, encode_masks(sm/V/sm_v)=14/14/14, encode_wo=22, encode_ln_inv_d=20/20, rescale=[sm_mask=off, v_mask=off, sm_v_matmul=31, sm_v_mask=off, wo=off, ln_mean=31, ln_sq=31, ln_var=off])
已为 1 层启用 BLB Block 4 噪声 (N=16384, fresh_softmax/V=35/25, encode_masks(sm/V/sm_v)=14/14/14, encode_wo=22, encode_ln_inv_d=20/20, rescale=[sm_mask=off, v_mask=off, sm_v_matmul=31, sm_v_mask=off, wo=off, ln_mean=31, ln_sq=31, ln_var=off])
已为 1 层启用 BLB Block 4 噪声 (N=16384, fresh_softmax/V=29/25, encode_masks(sm/V/sm_v)=14/14/14, encode_wo=16, encode_ln_inv_d=16/20, rescale=[sm_mask=off, v_mask=off, sm_v_matmul=23, sm_v_mask=off, wo=off, ln_mean=21, ln_sq=31, ln_var=off])
已为 1 层启用 BLB Block 4 噪声 (N=16384, fresh_softmax/V=35/25, encode_masks(sm/V/sm_v)=14/14/14, encode_wo=22, encode_ln_inv_d=20/20, rescale=[sm_mask=off, v_mask=off, sm_v_matmul=31, sm_v_mask=off, wo=off, ln_mean=31, ln_sq=31, ln_var=off])
已为 1 层启用 BLB Block 4 噪声 (N=16384, fresh_softmax/V=35/25, encode_masks(sm/V/sm_v)=14/14/14, encode_wo=22, encode_ln_inv_d=20/20, rescale=[sm_mask=off, v_mask=off, sm_v_matmul=31, sm_v_mask=off, wo=off, ln_mean=31, ln_sq=31, ln_var=off])
已为 1 层启用 BLB Block 4 噪声 (N=16384, fresh_softmax/V=35/25, encode_masks(sm/V/sm_v)=14/14/14, encode_wo=22, encode_ln_inv_d=20/20, rescale=[sm_mask=off, v_mask=off, sm_v_matmul=31, sm_v_mask=off, wo=off, ln_mean=31, ln_sq=31, ln_var=off])
已为 1 层启用 BLB Block 4 噪声 (N=16384, fresh_softmax/V=35/25, encode_masks(sm/V/sm_v)=14/14/14, encode_wo=22, encode_ln_inv_d=20/20, rescale=[sm_mask=off, v_mask=off, sm_v_matmul=31, sm_v_mask=off, wo=off, ln_mean=31, ln_sq=31, ln_var=off])
已为 1 层启用 BLB Block 4 噪声 (N=16384, fresh_softmax/V=35/25, encode_masks(sm/V/sm_v)=14/14/14, encode_wo=22, encode_ln_inv_d=20/20, rescale=[sm_mask=off, v_mask=off, sm_v_matmul=31, sm_v_mask=off, wo=off, ln_mean=31, ln_sq=31, ln_var=off])
已为 1 层启用 BLB Block 4 噪声 (N=16384, fresh_softmax/V=35/25, encode_masks(sm/V/sm_v)=14/14/14, encode_wo=22, encode_ln_inv_d=20/20, rescale=[sm_mask=off, v_mask=off, sm_v_matmul=31, sm_v_mask=off, wo=off, ln_mean=31, ln_sq=31, ln_var=off])
已为 12 层启用 BLB Block 5 噪声 (gelu_degree∈{1,1,1,1,1,4,1,1,1,1,1,1}, N=16384, fresh_inv_std/x_centered=28/28, encode_gamma/wffn1/gelu_coeff=20/22/20, rescale=[normalize=26, gamma=off, wffn1=off, gelu_powers=[(none)], gelu_coeff_muls=[29]])
已为 1 层启用 BLB Block 1 噪声 (N=16384, fresh_gelu_out=30, encode_wffn2=20, encode_inv_d=20/20, rescale=[wffn2_result=off, mean=30, square=off, var=27])
已为 1 层启用 BLB Block 1 噪声 (N=16384, fresh_gelu_out=22, encode_wffn2=14, encode_inv_d=14/14, rescale=[wffn2_result=off, mean=22, square=off, var=27])
已为 1 层启用 BLB Block 1 噪声 (N=16384, fresh_gelu_out=22, encode_wffn2=14, encode_inv_d=14/14, rescale=[wffn2_result=off, mean=22, square=off, var=27])
已为 1 层启用 BLB Block 1 噪声 (N=16384, fresh_gelu_out=30, encode_wffn2=20, encode_inv_d=20/20, rescale=[wffn2_result=off, mean=30, square=off, var=27])
已为 1 层启用 BLB Block 1 噪声 (N=16384, fresh_gelu_out=30, encode_wffn2=20, encode_inv_d=20/20, rescale=[wffn2_result=off, mean=30, square=off, var=27])
已为 1 层启用 BLB Block 1 噪声 (N=16384, fresh_gelu_out=30, encode_wffn2=20, encode_inv_d=20/20, rescale=[wffn2_result=off, mean=30, square=off, var=27])
已为 1 层启用 BLB Block 1 噪声 (N=16384, fresh_gelu_out=30, encode_wffn2=20, encode_inv_d=20/20, rescale=[wffn2_result=off, mean=30, square=off, var=27])
已为 1 层启用 BLB Block 1 噪声 (N=16384, fresh_gelu_out=30, encode_wffn2=20, encode_inv_d=20/20, rescale=[wffn2_result=off, mean=30, square=off, var=27])
已为 1 层启用 BLB Block 1 噪声 (N=16384, fresh_gelu_out=22, encode_wffn2=14, encode_inv_d=14/14, rescale=[wffn2_result=off, mean=22, square=off, var=27])
已为 1 层启用 BLB Block 1 噪声 (N=16384, fresh_gelu_out=30, encode_wffn2=20, encode_inv_d=20/20, rescale=[wffn2_result=off, mean=30, square=off, var=27])
已为 1 层启用 BLB Block 1 噪声 (N=16384, fresh_gelu_out=30, encode_wffn2=20, encode_inv_d=20/20, rescale=[wffn2_result=off, mean=30, square=off, var=27])
已为 1 层启用 BLB Block 2 噪声 (N=16384, fresh_inv_std=28, fresh_x_centered=28, encode_gamma=20, encode_wq/wk/wv=22/22/22, encode_qkt_merge_mask=15, rescale=[normalize=off, gamma=28, wk=off, wq=off, wv=off, qkt=28, merge_mask=off])
已为 1 层启用 BLB Block 2 噪声 (N=16384, fresh_inv_std=20, fresh_x_centered=20, encode_gamma=16, encode_wq/wk/wv=16/16/22, encode_qkt_merge_mask=15, rescale=[normalize=off, gamma=28, wk=off, wq=off, wv=off, qkt=28, merge_mask=off])
已为 1 层启用 BLB Block 2 噪声 (N=16384, fresh_inv_std=28, fresh_x_centered=28, encode_gamma=20, encode_wq/wk/wv=22/22/22, encode_qkt_merge_mask=15, rescale=[normalize=off, gamma=28, wk=off, wq=off, wv=off, qkt=28, merge_mask=off])
已为 1 层启用 BLB Block 2 噪声 (N=16384, fresh_inv_std=28, fresh_x_centered=28, encode_gamma=20, encode_wq/wk/wv=22/22/22, encode_qkt_merge_mask=15, rescale=[normalize=off, gamma=28, wk=off, wq=off, wv=off, qkt=28, merge_mask=off])
已为 1 层启用 BLB Block 2 噪声 (N=16384, fresh_inv_std=28, fresh_x_centered=28, encode_gamma=20, encode_wq/wk/wv=22/22/22, encode_qkt_merge_mask=15, rescale=[normalize=off, gamma=28, wk=off, wq=off, wv=off, qkt=28, merge_mask=off])
已为 1 层启用 BLB Block 2 噪声 (N=16384, fresh_inv_std=28, fresh_x_centered=28, encode_gamma=20, encode_wq/wk/wv=22/22/22, encode_qkt_merge_mask=15, rescale=[normalize=off, gamma=28, wk=off, wq=off, wv=off, qkt=28, merge_mask=off])
已为 1 层启用 BLB Block 2 噪声 (N=16384, fresh_inv_std=28, fresh_x_centered=28, encode_gamma=20, encode_wq/wk/wv=22/22/22, encode_qkt_merge_mask=15, rescale=[normalize=off, gamma=28, wk=off, wq=off, wv=off, qkt=28, merge_mask=off])
已为 1 层启用 BLB Block 2 噪声 (N=16384, fresh_inv_std=20, fresh_x_centered=20, encode_gamma=16, encode_wq/wk/wv=16/16/22, encode_qkt_merge_mask=15, rescale=[normalize=off, gamma=28, wk=off, wq=off, wv=off, qkt=28, merge_mask=off])
已为 1 层启用 BLB Block 2 噪声 (N=16384, fresh_inv_std=28, fresh_x_centered=28, encode_gamma=20, encode_wq/wk/wv=22/22/22, encode_qkt_merge_mask=15, rescale=[normalize=off, gamma=28, wk=off, wq=off, wv=off, qkt=28, merge_mask=off])
已为 1 层启用 BLB Block 2 噪声 (N=16384, fresh_inv_std=28, fresh_x_centered=28, encode_gamma=20, encode_wq/wk/wv=22/22/22, encode_qkt_merge_mask=15, rescale=[normalize=off, gamma=28, wk=off, wq=off, wv=off, qkt=28, merge_mask=off])
已为 1 层启用 BLB Block 2 噪声 (N=16384, fresh_inv_std=28, fresh_x_centered=28, encode_gamma=20, encode_wq/wk/wv=22/22/22, encode_qkt_merge_mask=15, rescale=[normalize=off, gamma=28, wk=off, wq=off, wv=off, qkt=28, merge_mask=off])
已为 1 层启用 BLB Block 2 噪声 (N=16384, fresh_inv_std=28, fresh_x_centered=28, encode_gamma=20, encode_wq/wk/wv=22/22/22, encode_qkt_merge_mask=15, rescale=[normalize=off, gamma=28, wk=off, wq=off, wv=off, qkt=28, merge_mask=off])
已为 1 层启用 BLB Block 4 噪声 (N=16384, fresh_softmax/V=29/25, encode_masks(sm/V/sm_v)=14/14/14, encode_wo=16, encode_ln_inv_d=16/20, rescale=[sm_mask=off, v_mask=off, sm_v_matmul=23, sm_v_mask=off, wo=off, ln_mean=21, ln_sq=31, ln_var=off])
已为 1 层启用 BLB Block 4 噪声 (N=16384, fresh_softmax/V=35/25, encode_masks(sm/V/sm_v)=14/14/14, encode_wo=22, encode_ln_inv_d=20/20, rescale=[sm_mask=off, v_mask=off, sm_v_matmul=31, sm_v_mask=off, wo=off, ln_mean=31, ln_sq=31, ln_var=off])
已为 1 层启用 BLB Block 4 噪声 (N=16384, fresh_softmax/V=35/25, encode_masks(sm/V/sm_v)=14/14/14, encode_wo=22, encode_ln_inv_d=20/20, rescale=[sm_mask=off, v_mask=off, sm_v_matmul=31, sm_v_mask=off, wo=off, ln_mean=31, ln_sq=31, ln_var=off])
已为 1 层启用 BLB Block 4 噪声 (N=16384, fresh_softmax/V=35/25, encode_masks(sm/V/sm_v)=14/14/14, encode_wo=22, encode_ln_inv_d=20/20, rescale=[sm_mask=off, v_mask=off, sm_v_matmul=31, sm_v_mask=off, wo=off, ln_mean=31, ln_sq=31, ln_var=off])
已为 1 层启用 BLB Block 4 噪声 (N=16384, fresh_softmax/V=35/25, encode_masks(sm/V/sm_v)=14/14/14, encode_wo=22, encode_ln_inv_d=20/20, rescale=[sm_mask=off, v_mask=off, sm_v_matmul=31, sm_v_mask=off, wo=off, ln_mean=31, ln_sq=31, ln_var=off])
已为 1 层启用 BLB Block 4 噪声 (N=16384, fresh_softmax/V=29/25, encode_masks(sm/V/sm_v)=14/14/14, encode_wo=16, encode_ln_inv_d=16/20, rescale=[sm_mask=off, v_mask=off, sm_v_matmul=23, sm_v_mask=off, wo=off, ln_mean=21, ln_sq=31, ln_var=off])
已为 1 层启用 BLB Block 4 噪声 (N=16384, fresh_softmax/V=35/25, encode_masks(sm/V/sm_v)=14/14/14, encode_wo=22, encode_ln_inv_d=20/20, rescale=[sm_mask=off, v_mask=off, sm_v_matmul=31, sm_v_mask=off, wo=off, ln_mean=31, ln_sq=31, ln_var=off])
已为 1 层启用 BLB Block 4 噪声 (N=16384, fresh_softmax/V=35/25, encode_masks(sm/V/sm_v)=14/14/14, encode_wo=22, encode_ln_inv_d=20/20, rescale=[sm_mask=off, v_mask=off, sm_v_matmul=31, sm_v_mask=off, wo=off, ln_mean=31, ln_sq=31, ln_var=off])
已为 1 层启用 BLB Block 4 噪声 (N=16384, fresh_softmax/V=35/25, encode_masks(sm/V/sm_v)=14/14/14, encode_wo=22, encode_ln_inv_d=20/20, rescale=[sm_mask=off, v_mask=off, sm_v_matmul=31, sm_v_mask=off, wo=off, ln_mean=31, ln_sq=31, ln_var=off])
已为 1 层启用 BLB Block 4 噪声 (N=16384, fresh_softmax/V=35/25, encode_masks(sm/V/sm_v)=14/14/14, encode_wo=22, encode_ln_inv_d=20/20, rescale=[sm_mask=off, v_mask=off, sm_v_matmul=31, sm_v_mask=off, wo=off, ln_mean=31, ln_sq=31, ln_var=off])
已为 1 层启用 BLB Block 4 噪声 (N=16384, fresh_softmax/V=35/25, encode_masks(sm/V/sm_v)=14/14/14, encode_wo=22, encode_ln_inv_d=20/20, rescale=[sm_mask=off, v_mask=off, sm_v_matmul=31, sm_v_mask=off, wo=off, ln_mean=31, ln_sq=31, ln_var=off])
已为 1 层启用 BLB Block 4 噪声 (N=16384, fresh_softmax/V=35/25, encode_masks(sm/V/sm_v)=14/14/14, encode_wo=22, encode_ln_inv_d=20/20, rescale=[sm_mask=off, v_mask=off, sm_v_matmul=31, sm_v_mask=off, wo=off, ln_mean=31, ln_sq=31, ln_var=off])
已为 12 层启用 BLB Block 5 噪声 (gelu_degree∈{1,1,1,1,1,4,1,1,1,1,1,1}, N=16384, fresh_inv_std/x_centered=28/28, encode_gamma/wffn1/gelu_coeff=20/22/20, rescale=[normalize=26, gamma=off, wffn1=off, gelu_powers=[(none)], gelu_coeff_muls=[29]])
已为 1 层启用 BLB Block 1 噪声 (N=16384, fresh_gelu_out=30, encode_wffn2=20, encode_inv_d=20/20, rescale=[wffn2_result=off, mean=30, square=off, var=27])
已为 1 层启用 BLB Block 1 噪声 (N=16384, fresh_gelu_out=22, encode_wffn2=14, encode_inv_d=14/14, rescale=[wffn2_result=off, mean=22, square=off, var=27])
已为 1 层启用 BLB Block 1 噪声 (N=16384, fresh_gelu_out=22, encode_wffn2=14, encode_inv_d=14/14, rescale=[wffn2_result=off, mean=22, square=off, var=27])
已为 1 层启用 BLB Block 1 噪声 (N=16384, fresh_gelu_out=30, encode_wffn2=20, encode_inv_d=20/20, rescale=[wffn2_result=off, mean=30, square=off, var=27])
已为 1 层启用 BLB Block 1 噪声 (N=16384, fresh_gelu_out=30, encode_wffn2=20, encode_inv_d=20/20, rescale=[wffn2_result=off, mean=30, square=off, var=27])
已为 1 层启用 BLB Block 1 噪声 (N=16384, fresh_gelu_out=30, encode_wffn2=20, encode_inv_d=20/20, rescale=[wffn2_result=off, mean=30, square=off, var=27])
已为 1 层启用 BLB Block 1 噪声 (N=16384, fresh_gelu_out=30, encode_wffn2=20, encode_inv_d=20/20, rescale=[wffn2_result=off, mean=30, square=off, var=27])
已为 1 层启用 BLB Block 1 噪声 (N=16384, fresh_gelu_out=30, encode_wffn2=20, encode_inv_d=20/20, rescale=[wffn2_result=off, mean=30, square=off, var=27])
已为 1 层启用 BLB Block 1 噪声 (N=16384, fresh_gelu_out=22, encode_wffn2=14, encode_inv_d=14/14, rescale=[wffn2_result=off, mean=22, square=off, var=27])
已为 1 层启用 BLB Block 1 噪声 (N=16384, fresh_gelu_out=30, encode_wffn2=20, encode_inv_d=20/20, rescale=[wffn2_result=off, mean=30, square=off, var=27])
已为 1 层启用 BLB Block 1 噪声 (N=16384, fresh_gelu_out=30, encode_wffn2=20, encode_inv_d=20/20, rescale=[wffn2_result=off, mean=30, square=off, var=27])
已为 1 层启用 BLB Block 2 噪声 (N=16384, fresh_inv_std=28, fresh_x_centered=28, encode_gamma=20, encode_wq/wk/wv=22/22/22, encode_qkt_merge_mask=15, rescale=[normalize=off, gamma=28, wk=off, wq=off, wv=off, qkt=28, merge_mask=off])
已为 1 层启用 BLB Block 2 噪声 (N=16384, fresh_inv_std=20, fresh_x_centered=20, encode_gamma=16, encode_wq/wk/wv=16/16/22, encode_qkt_merge_mask=15, rescale=[normalize=off, gamma=28, wk=off, wq=off, wv=off, qkt=28, merge_mask=off])
已为 1 层启用 BLB Block 2 噪声 (N=16384, fresh_inv_std=28, fresh_x_centered=28, encode_gamma=20, encode_wq/wk/wv=22/22/22, encode_qkt_merge_mask=15, rescale=[normalize=off, gamma=28, wk=off, wq=off, wv=off, qkt=28, merge_mask=off])
已为 1 层启用 BLB Block 2 噪声 (N=16384, fresh_inv_std=28, fresh_x_centered=28, encode_gamma=20, encode_wq/wk/wv=22/22/22, encode_qkt_merge_mask=15, rescale=[normalize=off, gamma=28, wk=off, wq=off, wv=off, qkt=28, merge_mask=off])
已为 1 层启用 BLB Block 2 噪声 (N=16384, fresh_inv_std=28, fresh_x_centered=28, encode_gamma=20, encode_wq/wk/wv=22/22/22, encode_qkt_merge_mask=15, rescale=[normalize=off, gamma=28, wk=off, wq=off, wv=off, qkt=28, merge_mask=off])
已为 1 层启用 BLB Block 2 噪声 (N=16384, fresh_inv_std=28, fresh_x_centered=28, encode_gamma=20, encode_wq/wk/wv=22/22/22, encode_qkt_merge_mask=15, rescale=[normalize=off, gamma=28, wk=off, wq=off, wv=off, qkt=28, merge_mask=off])
已为 1 层启用 BLB Block 2 噪声 (N=16384, fresh_inv_std=28, fresh_x_centered=28, encode_gamma=20, encode_wq/wk/wv=22/22/22, encode_qkt_merge_mask=15, rescale=[normalize=off, gamma=28, wk=off, wq=off, wv=off, qkt=28, merge_mask=off])
已为 1 层启用 BLB Block 2 噪声 (N=16384, fresh_inv_std=20, fresh_x_centered=20, encode_gamma=16, encode_wq/wk/wv=16/16/22, encode_qkt_merge_mask=15, rescale=[normalize=off, gamma=28, wk=off, wq=off, wv=off, qkt=28, merge_mask=off])
已为 1 层启用 BLB Block 2 噪声 (N=16384, fresh_inv_std=28, fresh_x_centered=28, encode_gamma=20, encode_wq/wk/wv=22/22/22, encode_qkt_merge_mask=15, rescale=[normalize=off, gamma=28, wk=off, wq=off, wv=off, qkt=28, merge_mask=off])
已为 1 层启用 BLB Block 2 噪声 (N=16384, fresh_inv_std=28, fresh_x_centered=28, encode_gamma=20, encode_wq/wk/wv=22/22/22, encode_qkt_merge_mask=15, rescale=[normalize=off, gamma=28, wk=off, wq=off, wv=off, qkt=28, merge_mask=off])
已为 1 层启用 BLB Block 2 噪声 (N=16384, fresh_inv_std=28, fresh_x_centered=28, encode_gamma=20, encode_wq/wk/wv=22/22/22, encode_qkt_merge_mask=15, rescale=[normalize=off, gamma=28, wk=off, wq=off, wv=off, qkt=28, merge_mask=off])
已为 1 层启用 BLB Block 2 噪声 (N=16384, fresh_inv_std=28, fresh_x_centered=28, encode_gamma=20, encode_wq/wk/wv=22/22/22, encode_qkt_merge_mask=15, rescale=[normalize=off, gamma=28, wk=off, wq=off, wv=off, qkt=28, merge_mask=off])
已为 1 层启用 BLB Block 4 噪声 (N=16384, fresh_softmax/V=29/25, encode_masks(sm/V/sm_v)=14/14/14, encode_wo=16, encode_ln_inv_d=16/20, rescale=[sm_mask=off, v_mask=off, sm_v_matmul=23, sm_v_mask=off, wo=off, ln_mean=21, ln_sq=31, ln_var=off])
已为 1 层启用 BLB Block 4 噪声 (N=16384, fresh_softmax/V=35/25, encode_masks(sm/V/sm_v)=14/14/14, encode_wo=22, encode_ln_inv_d=20/20, rescale=[sm_mask=off, v_mask=off, sm_v_matmul=31, sm_v_mask=off, wo=off, ln_mean=31, ln_sq=31, ln_var=off])
已为 1 层启用 BLB Block 4 噪声 (N=16384, fresh_softmax/V=35/25, encode_masks(sm/V/sm_v)=14/14/14, encode_wo=22, encode_ln_inv_d=20/20, rescale=[sm_mask=off, v_mask=off, sm_v_matmul=31, sm_v_mask=off, wo=off, ln_mean=31, ln_sq=31, ln_var=off])
已为 1 层启用 BLB Block 4 噪声 (N=16384, fresh_softmax/V=35/25, encode_masks(sm/V/sm_v)=14/14/14, encode_wo=22, encode_ln_inv_d=20/20, rescale=[sm_mask=off, v_mask=off, sm_v_matmul=31, sm_v_mask=off, wo=off, ln_mean=31, ln_sq=31, ln_var=off])
已为 1 层启用 BLB Block 4 噪声 (N=16384, fresh_softmax/V=35/25, encode_masks(sm/V/sm_v)=14/14/14, encode_wo=22, encode_ln_inv_d=20/20, rescale=[sm_mask=off, v_mask=off, sm_v_matmul=31, sm_v_mask=off, wo=off, ln_mean=31, ln_sq=31, ln_var=off])
已为 1 层启用 BLB Block 4 噪声 (N=16384, fresh_softmax/V=29/25, encode_masks(sm/V/sm_v)=14/14/14, encode_wo=16, encode_ln_inv_d=16/20, rescale=[sm_mask=off, v_mask=off, sm_v_matmul=23, sm_v_mask=off, wo=off, ln_mean=21, ln_sq=31, ln_var=off])
已为 1 层启用 BLB Block 4 噪声 (N=16384, fresh_softmax/V=35/25, encode_masks(sm/V/sm_v)=14/14/14, encode_wo=22, encode_ln_inv_d=20/20, rescale=[sm_mask=off, v_mask=off, sm_v_matmul=31, sm_v_mask=off, wo=off, ln_mean=31, ln_sq=31, ln_var=off])
已为 1 层启用 BLB Block 4 噪声 (N=16384, fresh_softmax/V=35/25, encode_masks(sm/V/sm_v)=14/14/14, encode_wo=22, encode_ln_inv_d=20/20, rescale=[sm_mask=off, v_mask=off, sm_v_matmul=31, sm_v_mask=off, wo=off, ln_mean=31, ln_sq=31, ln_var=off])
已为 1 层启用 BLB Block 4 噪声 (N=16384, fresh_softmax/V=35/25, encode_masks(sm/V/sm_v)=14/14/14, encode_wo=22, encode_ln_inv_d=20/20, rescale=[sm_mask=off, v_mask=off, sm_v_matmul=31, sm_v_mask=off, wo=off, ln_mean=31, ln_sq=31, ln_var=off])
已为 1 层启用 BLB Block 4 噪声 (N=16384, fresh_softmax/V=35/25, encode_masks(sm/V/sm_v)=14/14/14, encode_wo=22, encode_ln_inv_d=20/20, rescale=[sm_mask=off, v_mask=off, sm_v_matmul=31, sm_v_mask=off, wo=off, ln_mean=31, ln_sq=31, ln_var=off])
已为 1 层启用 BLB Block 4 噪声 (N=16384, fresh_softmax/V=35/25, encode_masks(sm/V/sm_v)=14/14/14, encode_wo=22, encode_ln_inv_d=20/20, rescale=[sm_mask=off, v_mask=off, sm_v_matmul=31, sm_v_mask=off, wo=off, ln_mean=31, ln_sq=31, ln_var=off])
已为 1 层启用 BLB Block 4 噪声 (N=16384, fresh_softmax/V=35/25, encode_masks(sm/V/sm_v)=14/14/14, encode_wo=22, encode_ln_inv_d=20/20, rescale=[sm_mask=off, v_mask=off, sm_v_matmul=31, sm_v_mask=off, wo=off, ln_mean=31, ln_sq=31, ln_var=off])
已为 12 层启用 BLB Block 5 噪声 (gelu_degree∈{1,1,1,1,1,4,1,1,1,1,1,1}, N=16384, fresh_inv_std/x_centered=28/28, encode_gamma/wffn1/gelu_coeff=20/22/20, rescale=[normalize=26, gamma=off, wffn1=off, gelu_powers=[(none)], gelu_coeff_muls=[29]])
已为 1 层启用 BLB Block 1 噪声 (N=16384, fresh_gelu_out=22, encode_wffn2=14, encode_inv_d=14/14, rescale=[wffn2_result=off, mean=22, square=off, var=27])
已为 1 层启用 BLB Block 1 噪声 (N=16384, fresh_gelu_out=30, encode_wffn2=20, encode_inv_d=20/20, rescale=[wffn2_result=off, mean=30, square=off, var=27])
已为 1 层启用 BLB Block 1 噪声 (N=16384, fresh_gelu_out=30, encode_wffn2=20, encode_inv_d=20/20, rescale=[wffn2_result=off, mean=30, square=off, var=27])
已为 1 层启用 BLB Block 1 噪声 (N=16384, fresh_gelu_out=30, encode_wffn2=20, encode_inv_d=20/20, rescale=[wffn2_result=off, mean=30, square=off, var=27])
已为 1 层启用 BLB Block 1 噪声 (N=16384, fresh_gelu_out=22, encode_wffn2=14, encode_inv_d=14/14, rescale=[wffn2_result=off, mean=22, square=off, var=27])
已为 1 层启用 BLB Block 1 噪声 (N=16384, fresh_gelu_out=22, encode_wffn2=14, encode_inv_d=14/14, rescale=[wffn2_result=off, mean=22, square=off, var=27])
已为 1 层启用 BLB Block 1 噪声 (N=16384, fresh_gelu_out=30, encode_wffn2=20, encode_inv_d=20/20, rescale=[wffn2_result=off, mean=30, square=off, var=27])
已为 1 层启用 BLB Block 1 噪声 (N=16384, fresh_gelu_out=22, encode_wffn2=14, encode_inv_d=14/14, rescale=[wffn2_result=off, mean=22, square=off, var=27])
已为 1 层启用 BLB Block 1 噪声 (N=16384, fresh_gelu_out=22, encode_wffn2=14, encode_inv_d=14/14, rescale=[wffn2_result=off, mean=22, square=off, var=27])
已为 1 层启用 BLB Block 1 噪声 (N=16384, fresh_gelu_out=30, encode_wffn2=20, encode_inv_d=20/20, rescale=[wffn2_result=off, mean=30, square=off, var=27])
已为 1 层启用 BLB Block 1 噪声 (N=16384, fresh_gelu_out=30, encode_wffn2=20, encode_inv_d=20/20, rescale=[wffn2_result=off, mean=30, square=off, var=27])
已为 1 层启用 BLB Block 2 噪声 (N=16384, fresh_inv_std=28, fresh_x_centered=28, encode_gamma=20, encode_wq/wk/wv=22/22/22, encode_qkt_merge_mask=15, rescale=[normalize=off, gamma=28, wk=off, wq=off, wv=off, qkt=28, merge_mask=off])
已为 1 层启用 BLB Block 2 噪声 (N=16384, fresh_inv_std=28, fresh_x_centered=28, encode_gamma=20, encode_wq/wk/wv=22/22/22, encode_qkt_merge_mask=15, rescale=[normalize=off, gamma=28, wk=off, wq=off, wv=off, qkt=28, merge_mask=off])
已为 1 层启用 BLB Block 2 噪声 (N=16384, fresh_inv_std=20, fresh_x_centered=20, encode_gamma=16, encode_wq/wk/wv=16/16/22, encode_qkt_merge_mask=15, rescale=[normalize=off, gamma=28, wk=off, wq=off, wv=off, qkt=28, merge_mask=off])
已为 1 层启用 BLB Block 2 噪声 (N=16384, fresh_inv_std=20, fresh_x_centered=20, encode_gamma=16, encode_wq/wk/wv=16/16/22, encode_qkt_merge_mask=15, rescale=[normalize=off, gamma=28, wk=off, wq=off, wv=off, qkt=28, merge_mask=off])
已为 1 层启用 BLB Block 2 噪声 (N=16384, fresh_inv_std=28, fresh_x_centered=28, encode_gamma=20, encode_wq/wk/wv=22/22/22, encode_qkt_merge_mask=15, rescale=[normalize=off, gamma=28, wk=off, wq=off, wv=off, qkt=28, merge_mask=off])
已为 1 层启用 BLB Block 2 噪声 (N=16384, fresh_inv_std=28, fresh_x_centered=28, encode_gamma=20, encode_wq/wk/wv=22/22/22, encode_qkt_merge_mask=15, rescale=[normalize=off, gamma=28, wk=off, wq=off, wv=off, qkt=28, merge_mask=off])
已为 1 层启用 BLB Block 2 噪声 (N=16384, fresh_inv_std=20, fresh_x_centered=20, encode_gamma=16, encode_wq/wk/wv=16/16/22, encode_qkt_merge_mask=15, rescale=[normalize=off, gamma=28, wk=off, wq=off, wv=off, qkt=28, merge_mask=off])已为 1 层启用 BLB Block 1 噪声 (N=16384, fresh_gelu_out=22, encode_wffn2=14, encode_inv_d=14/14, rescale=[wffn2_result=off, mean=22, square=off, var=27])
已为 1 层启用 BLB Block 1 噪声 (N=16384, fresh_gelu_out=30, encode_wffn2=20, encode_inv_d=20/20, rescale=[wffn2_result=off, mean=30, square=off, var=27])
已为 1 层启用 BLB Block 1 噪声 (N=16384, fresh_gelu_out=30, encode_wffn2=20, encode_inv_d=20/20, rescale=[wffn2_result=off, mean=30, square=off, var=27])
已为 1 层启用 BLB Block 1 噪声 (N=16384, fresh_gelu_out=30, encode_wffn2=20, encode_inv_d=20/20, rescale=[wffn2_result=off, mean=30, square=off, var=27])
已为 1 层启用 BLB Block 1 噪声 (N=16384, fresh_gelu_out=22, encode_wffn2=14, encode_inv_d=14/14, rescale=[wffn2_result=off, mean=22, square=off, var=27])
已为 1 层启用 BLB Block 1 噪声 (N=16384, fresh_gelu_out=22, encode_wffn2=14, encode_inv_d=14/14, rescale=[wffn2_result=off, mean=22, square=off, var=27])
已为 1 层启用 BLB Block 1 噪声 (N=16384, fresh_gelu_out=30, encode_wffn2=20, encode_inv_d=20/20, rescale=[wffn2_result=off, mean=30, square=off, var=27])
已为 1 层启用 BLB Block 1 噪声 (N=16384, fresh_gelu_out=22, encode_wffn2=14, encode_inv_d=14/14, rescale=[wffn2_result=off, mean=22, square=off, var=27])
已为 1 层启用 BLB Block 1 噪声 (N=16384, fresh_gelu_out=22, encode_wffn2=14, encode_inv_d=14/14, rescale=[wffn2_result=off, mean=22, square=off, var=27])
已为 1 层启用 BLB Block 1 噪声 (N=16384, fresh_gelu_out=30, encode_wffn2=20, encode_inv_d=20/20, rescale=[wffn2_result=off, mean=30, square=off, var=27])
已为 1 层启用 BLB Block 1 噪声 (N=16384, fresh_gelu_out=30, encode_wffn2=20, encode_inv_d=20/20, rescale=[wffn2_result=off, mean=30, square=off, var=27])
已为 1 层启用 BLB Block 2 噪声 (N=16384, fresh_inv_std=28, fresh_x_centered=28, encode_gamma=20, encode_wq/wk/wv=22/22/22, encode_qkt_merge_mask=15, rescale=[normalize=off, gamma=28, wk=off, wq=off, wv=off, qkt=28, merge_mask=off])
已为 1 层启用 BLB Block 2 噪声 (N=16384, fresh_inv_std=28, fresh_x_centered=28, encode_gamma=20, encode_wq/wk/wv=22/22/22, encode_qkt_merge_mask=15, rescale=[normalize=off, gamma=28, wk=off, wq=off, wv=off, qkt=28, merge_mask=off])
已为 1 层启用 BLB Block 2 噪声 (N=16384, fresh_inv_std=20, fresh_x_centered=20, encode_gamma=16, encode_wq/wk/wv=16/16/22, encode_qkt_merge_mask=15, rescale=[normalize=off, gamma=28, wk=off, wq=off, wv=off, qkt=28, merge_mask=off])
已为 1 层启用 BLB Block 2 噪声 (N=16384, fresh_inv_std=20, fresh_x_centered=20, encode_gamma=16, encode_wq/wk/wv=16/16/22, encode_qkt_merge_mask=15, rescale=[normalize=off, gamma=28, wk=off, wq=off, wv=off, qkt=28, merge_mask=off])
已为 1 层启用 BLB Block 2 噪声 (N=16384, fresh_inv_std=28, fresh_x_centered=28, encode_gamma=20, encode_wq/wk/wv=22/22/22, encode_qkt_merge_mask=15, rescale=[normalize=off, gamma=28, wk=off, wq=off, wv=off, qkt=28, merge_mask=off])
已为 1 层启用 BLB Block 2 噪声 (N=16384, fresh_inv_std=28, fresh_x_centered=28, encode_gamma=20, encode_wq/wk/wv=22/22/22, encode_qkt_merge_mask=15, rescale=[normalize=off, gamma=28, wk=off, wq=off, wv=off, qkt=28, merge_mask=off])
已为 1 层启用 BLB Block 2 噪声 (N=16384, fresh_inv_std=20, fresh_x_centered=20, encode_gamma=16, encode_wq/wk/wv=16/16/22, encode_qkt_merge_mask=15, rescale=[normalize=off, gamma=28, wk=off, wq=off, wv=off, qkt=28, merge_mask=off])
已为 1 层启用 BLB Block 2 噪声 (N=16384, fresh_inv_std=20, fresh_x_centered=20, encode_gamma=16, encode_wq/wk/wv=16/16/22, encode_qkt_merge_mask=15, rescale=[normalize=off, gamma=28, wk=off, wq=off, wv=off, qkt=28, merge_mask=off])
已为 1 层启用 BLB Block 2 噪声 (N=16384, fresh_inv_std=28, fresh_x_centered=28, encode_gamma=20, encode_wq/wk/wv=22/22/22, encode_qkt_merge_mask=15, rescale=[normalize=off, gamma=28, wk=off, wq=off, wv=off, qkt=28, merge_mask=off])
已为 1 层启用 BLB Block 2 噪声 (N=16384, fresh_inv_std=28, fresh_x_centered=28, encode_gamma=20, encode_wq/wk/wv=22/22/22, encode_qkt_merge_mask=15, rescale=[normalize=off, gamma=28, wk=off, wq=off, wv=off, qkt=28, merge_mask=off])
已为 1 层启用 BLB Block 2 噪声 (N=16384, fresh_inv_std=28, fresh_x_centered=28, encode_gamma=20, encode_wq/wk/wv=22/22/22, encode_qkt_merge_mask=15, rescale=[normalize=off, gamma=28, wk=off, wq=off, wv=off, qkt=28, merge_mask=off])
已为 1 层启用 BLB Block 2 噪声 (N=16384, fresh_inv_std=28, fresh_x_centered=28, encode_gamma=20, encode_wq/wk/wv=22/22/22, encode_qkt_merge_mask=15, rescale=[normalize=off, gamma=28, wk=off, wq=off, wv=off, qkt=28, merge_mask=off])
已为 1 层启用 BLB Block 4 噪声 (N=16384, fresh_softmax/V=35/25, encode_masks(sm/V/sm_v)=14/14/14, encode_wo=22, encode_ln_inv_d=20/20, rescale=[sm_mask=off, v_mask=off, sm_v_matmul=31, sm_v_mask=off, wo=off, ln_mean=31, ln_sq=31, ln_var=off])
已为 1 层启用 BLB Block 4 噪声 (N=16384, fresh_softmax/V=35/25, encode_masks(sm/V/sm_v)=14/14/14, encode_wo=22, encode_ln_inv_d=20/20, rescale=[sm_mask=off, v_mask=off, sm_v_matmul=31, sm_v_mask=off, wo=off, ln_mean=31, ln_sq=31, ln_var=off])
已为 1 层启用 BLB Block 4 噪声 (N=16384, fresh_softmax/V=35/25, encode_masks(sm/V/sm_v)=14/14/14, encode_wo=22, encode_ln_inv_d=20/20, rescale=[sm_mask=off, v_mask=off, sm_v_matmul=31, sm_v_mask=off, wo=off, ln_mean=31, ln_sq=31, ln_var=off])
已为 1 层启用 BLB Block 4 噪声 (N=16384, fresh_softmax/V=29/25, encode_masks(sm/V/sm_v)=14/14/14, encode_wo=16, encode_ln_inv_d=16/20, rescale=[sm_mask=off, v_mask=off, sm_v_matmul=23, sm_v_mask=off, wo=off, ln_mean=21, ln_sq=31, ln_var=off])
已为 1 层启用 BLB Block 4 噪声 (N=16384, fresh_softmax/V=29/25, encode_masks(sm/V/sm_v)=14/14/14, encode_wo=16, encode_ln_inv_d=16/20, rescale=[sm_mask=off, v_mask=off, sm_v_matmul=23, sm_v_mask=off, wo=off, ln_mean=21, ln_sq=31, ln_var=off])
已为 1 层启用 BLB Block 4 噪声 (N=16384, fresh_softmax/V=29/25, encode_masks(sm/V/sm_v)=14/14/14, encode_wo=16, encode_ln_inv_d=16/20, rescale=[sm_mask=off, v_mask=off, sm_v_matmul=23, sm_v_mask=off, wo=off, ln_mean=21, ln_sq=31, ln_var=off])
已为 1 层启用 BLB Block 4 噪声 (N=16384, fresh_softmax/V=35/25, encode_masks(sm/V/sm_v)=14/14/14, encode_wo=22, encode_ln_inv_d=20/20, rescale=[sm_mask=off, v_mask=off, sm_v_matmul=31, sm_v_mask=off, wo=off, ln_mean=31, ln_sq=31, ln_var=off])
已为 1 层启用 BLB Block 4 噪声 (N=16384, fresh_softmax/V=35/25, encode_masks(sm/V/sm_v)=14/14/14, encode_wo=22, encode_ln_inv_d=20/20, rescale=[sm_mask=off, v_mask=off, sm_v_matmul=31, sm_v_mask=off, wo=off, ln_mean=31, ln_sq=31, ln_var=off])
已为 1 层启用 BLB Block 4 噪声 (N=16384, fresh_softmax/V=35/25, encode_masks(sm/V/sm_v)=14/14/14, encode_wo=22, encode_ln_inv_d=20/20, rescale=[sm_mask=off, v_mask=off, sm_v_matmul=31, sm_v_mask=off, wo=off, ln_mean=31, ln_sq=31, ln_var=off])
已为 1 层启用 BLB Block 4 噪声 (N=16384, fresh_softmax/V=35/25, encode_masks(sm/V/sm_v)=14/14/14, encode_wo=22, encode_ln_inv_d=20/20, rescale=[sm_mask=off, v_mask=off, sm_v_matmul=31, sm_v_mask=off, wo=off, ln_mean=31, ln_sq=31, ln_var=off])
已为 1 层启用 BLB Block 4 噪声 (N=16384, fresh_softmax/V=35/25, encode_masks(sm/V/sm_v)=14/14/14, encode_wo=22, encode_ln_inv_d=20/20, rescale=[sm_mask=off, v_mask=off, sm_v_matmul=31, sm_v_mask=off, wo=off, ln_mean=31, ln_sq=31, ln_var=off])
已为 1 层启用 BLB Block 4 噪声 (N=16384, fresh_softmax/V=35/25, encode_masks(sm/V/sm_v)=14/14/14, encode_wo=22, encode_ln_inv_d=20/20, rescale=[sm_mask=off, v_mask=off, sm_v_matmul=31, sm_v_mask=off, wo=off, ln_mean=31, ln_sq=31, ln_var=off])
已为 12 层启用 BLB Block 5 噪声 (gelu_degree∈{1,1,1,1,1,4,1,1,1,1,1,1}, N=16384, fresh_inv_std/x_centered=22/22, encode_gamma/wffn1/gelu_coeff=14/14/16, rescale=[normalize=26, gamma=off, wffn1=off, gelu_powers=[(none)], gelu_coeff_muls=[29]])

已为 1 层启用 BLB Block 2 噪声 (N=16384, fresh_inv_std=20, fresh_x_centered=20, encode_gamma=16, encode_wq/wk/wv=16/16/22, encode_qkt_merge_mask=15, rescale=[normalize=off, gamma=28, wk=off, wq=off, wv=off, qkt=28, merge_mask=off])
已为 1 层启用 BLB Block 2 噪声 (N=16384, fresh_inv_std=28, fresh_x_centered=28, encode_gamma=20, encode_wq/wk/wv=22/22/22, encode_qkt_merge_mask=15, rescale=[normalize=off, gamma=28, wk=off, wq=off, wv=off, qkt=28, merge_mask=off])
已为 1 层启用 BLB Block 2 噪声 (N=16384, fresh_inv_std=28, fresh_x_centered=28, encode_gamma=20, encode_wq/wk/wv=22/22/22, encode_qkt_merge_mask=15, rescale=[normalize=off, gamma=28, wk=off, wq=off, wv=off, qkt=28, merge_mask=off])
已为 1 层启用 BLB Block 2 噪声 (N=16384, fresh_inv_std=28, fresh_x_centered=28, encode_gamma=20, encode_wq/wk/wv=22/22/22, encode_qkt_merge_mask=15, rescale=[normalize=off, gamma=28, wk=off, wq=off, wv=off, qkt=28, merge_mask=off])
已为 1 层启用 BLB Block 2 噪声 (N=16384, fresh_inv_std=28, fresh_x_centered=28, encode_gamma=20, encode_wq/wk/wv=22/22/22, encode_qkt_merge_mask=15, rescale=[normalize=off, gamma=28, wk=off, wq=off, wv=off, qkt=28, merge_mask=off])
已为 1 层启用 BLB Block 4 噪声 (N=16384, fresh_softmax/V=35/25, encode_masks(sm/V/sm_v)=14/14/14, encode_wo=22, encode_ln_inv_d=20/20, rescale=[sm_mask=off, v_mask=off, sm_v_matmul=31, sm_v_mask=off, wo=off, ln_mean=31, ln_sq=31, ln_var=off])
已为 1 层启用 BLB Block 4 噪声 (N=16384, fresh_softmax/V=35/25, encode_masks(sm/V/sm_v)=14/14/14, encode_wo=22, encode_ln_inv_d=20/20, rescale=[sm_mask=off, v_mask=off, sm_v_matmul=31, sm_v_mask=off, wo=off, ln_mean=31, ln_sq=31, ln_var=off])
已为 1 层启用 BLB Block 4 噪声 (N=16384, fresh_softmax/V=35/25, encode_masks(sm/V/sm_v)=14/14/14, encode_wo=22, encode_ln_inv_d=20/20, rescale=[sm_mask=off, v_mask=off, sm_v_matmul=31, sm_v_mask=off, wo=off, ln_mean=31, ln_sq=31, ln_var=off])
已为 1 层启用 BLB Block 4 噪声 (N=16384, fresh_softmax/V=29/25, encode_masks(sm/V/sm_v)=14/14/14, encode_wo=16, encode_ln_inv_d=16/20, rescale=[sm_mask=off, v_mask=off, sm_v_matmul=23, sm_v_mask=off, wo=off, ln_mean=21, ln_sq=31, ln_var=off])
已为 1 层启用 BLB Block 4 噪声 (N=16384, fresh_softmax/V=29/25, encode_masks(sm/V/sm_v)=14/14/14, encode_wo=16, encode_ln_inv_d=16/20, rescale=[sm_mask=off, v_mask=off, sm_v_matmul=23, sm_v_mask=off, wo=off, ln_mean=21, ln_sq=31, ln_var=off])
已为 1 层启用 BLB Block 4 噪声 (N=16384, fresh_softmax/V=29/25, encode_masks(sm/V/sm_v)=14/14/14, encode_wo=16, encode_ln_inv_d=16/20, rescale=[sm_mask=off, v_mask=off, sm_v_matmul=23, sm_v_mask=off, wo=off, ln_mean=21, ln_sq=31, ln_var=off])
已为 1 层启用 BLB Block 4 噪声 (N=16384, fresh_softmax/V=35/25, encode_masks(sm/V/sm_v)=14/14/14, encode_wo=22, encode_ln_inv_d=20/20, rescale=[sm_mask=off, v_mask=off, sm_v_matmul=31, sm_v_mask=off, wo=off, ln_mean=31, ln_sq=31, ln_var=off])
已为 1 层启用 BLB Block 4 噪声 (N=16384, fresh_softmax/V=35/25, encode_masks(sm/V/sm_v)=14/14/14, encode_wo=22, encode_ln_inv_d=20/20, rescale=[sm_mask=off, v_mask=off, sm_v_matmul=31, sm_v_mask=off, wo=off, ln_mean=31, ln_sq=31, ln_var=off])
已为 1 层启用 BLB Block 4 噪声 (N=16384, fresh_softmax/V=35/25, encode_masks(sm/V/sm_v)=14/14/14, encode_wo=22, encode_ln_inv_d=20/20, rescale=[sm_mask=off, v_mask=off, sm_v_matmul=31, sm_v_mask=off, wo=off, ln_mean=31, ln_sq=31, ln_var=off])
已为 1 层启用 BLB Block 4 噪声 (N=16384, fresh_softmax/V=35/25, encode_masks(sm/V/sm_v)=14/14/14, encode_wo=22, encode_ln_inv_d=20/20, rescale=[sm_mask=off, v_mask=off, sm_v_matmul=31, sm_v_mask=off, wo=off, ln_mean=31, ln_sq=31, ln_var=off])
已为 1 层启用 BLB Block 4 噪声 (N=16384, fresh_softmax/V=35/25, encode_masks(sm/V/sm_v)=14/14/14, encode_wo=22, encode_ln_inv_d=20/20, rescale=[sm_mask=off, v_mask=off, sm_v_matmul=31, sm_v_mask=off, wo=off, ln_mean=31, ln_sq=31, ln_var=off])
已为 1 层启用 BLB Block 4 噪声 (N=16384, fresh_softmax/V=35/25, encode_masks(sm/V/sm_v)=14/14/14, encode_wo=22, encode_ln_inv_d=20/20, rescale=[sm_mask=off, v_mask=off, sm_v_matmul=31, sm_v_mask=off, wo=off, ln_mean=31, ln_sq=31, ln_var=off])
已为 12 层启用 BLB Block 5 噪声 (gelu_degree∈{1,1,1,1,1,4,1,1,1,1,1,1}, N=16384, fresh_inv_std/x_centered=22/22, encode_gamma/wffn1/gelu_coeff=14/14/16, rescale=[normalize=26, gamma=off, wffn1=off, gelu_powers=[(none)], gelu_coeff_muls=[29]])
已为 1 层启用 BLB Block 1 噪声 (N=16384, fresh_gelu_out=22, encode_wffn2=14, encode_inv_d=14/14, rescale=[wffn2_result=off, mean=22, square=off, var=27])
已为 1 层启用 BLB Block 1 噪声 (N=16384, fresh_gelu_out=30, encode_wffn2=20, encode_inv_d=20/20, rescale=[wffn2_result=off, mean=30, square=off, var=27])
已为 1 层启用 BLB Block 1 噪声 (N=16384, fresh_gelu_out=30, encode_wffn2=20, encode_inv_d=20/20, rescale=[wffn2_result=off, mean=30, square=off, var=27])
已为 1 层启用 BLB Block 1 噪声 (N=16384, fresh_gelu_out=30, encode_wffn2=20, encode_inv_d=20/20, rescale=[wffn2_result=off, mean=30, square=off, var=27])
已为 1 层启用 BLB Block 1 噪声 (N=16384, fresh_gelu_out=22, encode_wffn2=14, encode_inv_d=14/14, rescale=[wffn2_result=off, mean=22, square=off, var=27])
已为 1 层启用 BLB Block 1 噪声 (N=16384, fresh_gelu_out=22, encode_wffn2=14, encode_inv_d=14/14, rescale=[wffn2_result=off, mean=22, square=off, var=27])
已为 1 层启用 BLB Block 1 噪声 (N=16384, fresh_gelu_out=30, encode_wffn2=20, encode_inv_d=20/20, rescale=[wffn2_result=off, mean=30, square=off, var=27])
已为 1 层启用 BLB Block 1 噪声 (N=16384, fresh_gelu_out=22, encode_wffn2=14, encode_inv_d=14/14, rescale=[wffn2_result=off, mean=22, square=off, var=27])
已为 1 层启用 BLB Block 1 噪声 (N=16384, fresh_gelu_out=22, encode_wffn2=14, encode_inv_d=14/14, rescale=[wffn2_result=off, mean=22, square=off, var=27])
已为 1 层启用 BLB Block 1 噪声 (N=16384, fresh_gelu_out=30, encode_wffn2=20, encode_inv_d=20/20, rescale=[wffn2_result=off, mean=30, square=off, var=27])
已为 1 层启用 BLB Block 1 噪声 (N=16384, fresh_gelu_out=30, encode_wffn2=20, encode_inv_d=20/20, rescale=[wffn2_result=off, mean=30, square=off, var=27])
已为 1 层启用 BLB Block 2 噪声 (N=16384, fresh_inv_std=28, fresh_x_centered=28, encode_gamma=20, encode_wq/wk/wv=22/22/22, encode_qkt_merge_mask=15, rescale=[normalize=off, gamma=28, wk=off, wq=off, wv=off, qkt=28, merge_mask=off])
已为 1 层启用 BLB Block 2 噪声 (N=16384, fresh_inv_std=28, fresh_x_centered=28, encode_gamma=20, encode_wq/wk/wv=22/22/22, encode_qkt_merge_mask=15, rescale=[normalize=off, gamma=28, wk=off, wq=off, wv=off, qkt=28, merge_mask=off])
已为 1 层启用 BLB Block 2 噪声 (N=16384, fresh_inv_std=20, fresh_x_centered=20, encode_gamma=16, encode_wq/wk/wv=16/16/22, encode_qkt_merge_mask=15, rescale=[normalize=off, gamma=28, wk=off, wq=off, wv=off, qkt=28, merge_mask=off])
已为 1 层启用 BLB Block 2 噪声 (N=16384, fresh_inv_std=20, fresh_x_centered=20, encode_gamma=16, encode_wq/wk/wv=16/16/22, encode_qkt_merge_mask=15, rescale=[normalize=off, gamma=28, wk=off, wq=off, wv=off, qkt=28, merge_mask=off])
已为 1 层启用 BLB Block 2 噪声 (N=16384, fresh_inv_std=28, fresh_x_centered=28, encode_gamma=20, encode_wq/wk/wv=22/22/22, encode_qkt_merge_mask=15, rescale=[normalize=off, gamma=28, wk=off, wq=off, wv=off, qkt=28, merge_mask=off])
已为 1 层启用 BLB Block 2 噪声 (N=16384, fresh_inv_std=28, fresh_x_centered=28, encode_gamma=20, encode_wq/wk/wv=22/22/22, encode_qkt_merge_mask=15, rescale=[normalize=off, gamma=28, wk=off, wq=off, wv=off, qkt=28, merge_mask=off])
已为 1 层启用 BLB Block 2 噪声 (N=16384, fresh_inv_std=20, fresh_x_centered=20, encode_gamma=16, encode_wq/wk/wv=16/16/22, encode_qkt_merge_mask=15, rescale=[normalize=off, gamma=28, wk=off, wq=off, wv=off, qkt=28, merge_mask=off])
已为 1 层启用 BLB Block 2 噪声 (N=16384, fresh_inv_std=20, fresh_x_centered=20, encode_gamma=16, encode_wq/wk/wv=16/16/22, encode_qkt_merge_mask=15, rescale=[normalize=off, gamma=28, wk=off, wq=off, wv=off, qkt=28, merge_mask=off])
已为 1 层启用 BLB Block 2 噪声 (N=16384, fresh_inv_std=28, fresh_x_centered=28, encode_gamma=20, encode_wq/wk/wv=22/22/22, encode_qkt_merge_mask=15, rescale=[normalize=off, gamma=28, wk=off, wq=off, wv=off, qkt=28, merge_mask=off])
已为 1 层启用 BLB Block 2 噪声 (N=16384, fresh_inv_std=28, fresh_x_centered=28, encode_gamma=20, encode_wq/wk/wv=22/22/22, encode_qkt_merge_mask=15, rescale=[normalize=off, gamma=28, wk=off, wq=off, wv=off, qkt=28, merge_mask=off])
已为 1 层启用 BLB Block 2 噪声 (N=16384, fresh_inv_std=28, fresh_x_centered=28, encode_gamma=20, encode_wq/wk/wv=22/22/22, encode_qkt_merge_mask=15, rescale=[normalize=off, gamma=28, wk=off, wq=off, wv=off, qkt=28, merge_mask=off])已为 1 层启用 BLB Block 1 噪声 (N=16384, fresh_gelu_out=22, encode_wffn2=14, encode_inv_d=14/14, rescale=[wffn2_result=off, mean=22, square=off, var=27])
已为 1 层启用 BLB Block 1 噪声 (N=16384, fresh_gelu_out=30, encode_wffn2=20, encode_inv_d=20/20, rescale=[wffn2_result=off, mean=30, square=off, var=27])
已为 1 层启用 BLB Block 1 噪声 (N=16384, fresh_gelu_out=30, encode_wffn2=20, encode_inv_d=20/20, rescale=[wffn2_result=off, mean=30, square=off, var=27])
已为 1 层启用 BLB Block 1 噪声 (N=16384, fresh_gelu_out=30, encode_wffn2=20, encode_inv_d=20/20, rescale=[wffn2_result=off, mean=30, square=off, var=27])
已为 1 层启用 BLB Block 1 噪声 (N=16384, fresh_gelu_out=22, encode_wffn2=14, encode_inv_d=14/14, rescale=[wffn2_result=off, mean=22, square=off, var=27])
已为 1 层启用 BLB Block 1 噪声 (N=16384, fresh_gelu_out=22, encode_wffn2=14, encode_inv_d=14/14, rescale=[wffn2_result=off, mean=22, square=off, var=27])
已为 1 层启用 BLB Block 1 噪声 (N=16384, fresh_gelu_out=30, encode_wffn2=20, encode_inv_d=20/20, rescale=[wffn2_result=off, mean=30, square=off, var=27])
已为 1 层启用 BLB Block 1 噪声 (N=16384, fresh_gelu_out=22, encode_wffn2=14, encode_inv_d=14/14, rescale=[wffn2_result=off, mean=22, square=off, var=27])
已为 1 层启用 BLB Block 1 噪声 (N=16384, fresh_gelu_out=22, encode_wffn2=14, encode_inv_d=14/14, rescale=[wffn2_result=off, mean=22, square=off, var=27])
已为 1 层启用 BLB Block 1 噪声 (N=16384, fresh_gelu_out=30, encode_wffn2=20, encode_inv_d=20/20, rescale=[wffn2_result=off, mean=30, square=off, var=27])
已为 1 层启用 BLB Block 1 噪声 (N=16384, fresh_gelu_out=30, encode_wffn2=20, encode_inv_d=20/20, rescale=[wffn2_result=off, mean=30, square=off, var=27])
已为 1 层启用 BLB Block 2 噪声 (N=16384, fresh_inv_std=28, fresh_x_centered=28, encode_gamma=20, encode_wq/wk/wv=22/22/22, encode_qkt_merge_mask=15, rescale=[normalize=off, gamma=28, wk=off, wq=off, wv=off, qkt=28, merge_mask=off])
已为 1 层启用 BLB Block 2 噪声 (N=16384, fresh_inv_std=28, fresh_x_centered=28, encode_gamma=20, encode_wq/wk/wv=22/22/22, encode_qkt_merge_mask=15, rescale=[normalize=off, gamma=28, wk=off, wq=off, wv=off, qkt=28, merge_mask=off])
已为 1 层启用 BLB Block 2 噪声 (N=16384, fresh_inv_std=20, fresh_x_centered=20, encode_gamma=16, encode_wq/wk/wv=16/16/22, encode_qkt_merge_mask=15, rescale=[normalize=off, gamma=28, wk=off, wq=off, wv=off, qkt=28, merge_mask=off])
已为 1 层启用 BLB Block 2 噪声 (N=16384, fresh_inv_std=20, fresh_x_centered=20, encode_gamma=16, encode_wq/wk/wv=16/16/22, encode_qkt_merge_mask=15, rescale=[normalize=off, gamma=28, wk=off, wq=off, wv=off, qkt=28, merge_mask=off])
已为 1 层启用 BLB Block 2 噪声 (N=16384, fresh_inv_std=28, fresh_x_centered=28, encode_gamma=20, encode_wq/wk/wv=22/22/22, encode_qkt_merge_mask=15, rescale=[normalize=off, gamma=28, wk=off, wq=off, wv=off, qkt=28, merge_mask=off])
已为 1 层启用 BLB Block 2 噪声 (N=16384, fresh_inv_std=28, fresh_x_centered=28, encode_gamma=20, encode_wq/wk/wv=22/22/22, encode_qkt_merge_mask=15, rescale=[normalize=off, gamma=28, wk=off, wq=off, wv=off, qkt=28, merge_mask=off])
已为 1 层启用 BLB Block 2 噪声 (N=16384, fresh_inv_std=20, fresh_x_centered=20, encode_gamma=16, encode_wq/wk/wv=16/16/22, encode_qkt_merge_mask=15, rescale=[normalize=off, gamma=28, wk=off, wq=off, wv=off, qkt=28, merge_mask=off])
已为 1 层启用 BLB Block 2 噪声 (N=16384, fresh_inv_std=20, fresh_x_centered=20, encode_gamma=16, encode_wq/wk/wv=16/16/22, encode_qkt_merge_mask=15, rescale=[normalize=off, gamma=28, wk=off, wq=off, wv=off, qkt=28, merge_mask=off])
已为 1 层启用 BLB Block 2 噪声 (N=16384, fresh_inv_std=28, fresh_x_centered=28, encode_gamma=20, encode_wq/wk/wv=22/22/22, encode_qkt_merge_mask=15, rescale=[normalize=off, gamma=28, wk=off, wq=off, wv=off, qkt=28, merge_mask=off])
已为 1 层启用 BLB Block 2 噪声 (N=16384, fresh_inv_std=28, fresh_x_centered=28, encode_gamma=20, encode_wq/wk/wv=22/22/22, encode_qkt_merge_mask=15, rescale=[normalize=off, gamma=28, wk=off, wq=off, wv=off, qkt=28, merge_mask=off])
已为 1 层启用 BLB Block 2 噪声 (N=16384, fresh_inv_std=28, fresh_x_centered=28, encode_gamma=20, encode_wq/wk/wv=22/22/22, encode_qkt_merge_mask=15, rescale=[normalize=off, gamma=28, wk=off, wq=off, wv=off, qkt=28, merge_mask=off])
已为 1 层启用 BLB Block 2 噪声 (N=16384, fresh_inv_std=28, fresh_x_centered=28, encode_gamma=20, encode_wq/wk/wv=22/22/22, encode_qkt_merge_mask=15, rescale=[normalize=off, gamma=28, wk=off, wq=off, wv=off, qkt=28, merge_mask=off])
已为 1 层启用 BLB Block 4 噪声 (N=16384, fresh_softmax/V=35/25, encode_masks(sm/V/sm_v)=14/14/14, encode_wo=22, encode_ln_inv_d=20/20, rescale=[sm_mask=off, v_mask=off, sm_v_matmul=31, sm_v_mask=off, wo=off, ln_mean=31, ln_sq=31, ln_var=off])
已为 1 层启用 BLB Block 4 噪声 (N=16384, fresh_softmax/V=35/25, encode_masks(sm/V/sm_v)=14/14/14, encode_wo=22, encode_ln_inv_d=20/20, rescale=[sm_mask=off, v_mask=off, sm_v_matmul=31, sm_v_mask=off, wo=off, ln_mean=31, ln_sq=31, ln_var=off])
已为 1 层启用 BLB Block 4 噪声 (N=16384, fresh_softmax/V=35/25, encode_masks(sm/V/sm_v)=14/14/14, encode_wo=22, encode_ln_inv_d=20/20, rescale=[sm_mask=off, v_mask=off, sm_v_matmul=31, sm_v_mask=off, wo=off, ln_mean=31, ln_sq=31, ln_var=off])
已为 1 层启用 BLB Block 4 噪声 (N=16384, fresh_softmax/V=29/25, encode_masks(sm/V/sm_v)=14/14/14, encode_wo=16, encode_ln_inv_d=16/20, rescale=[sm_mask=off, v_mask=off, sm_v_matmul=23, sm_v_mask=off, wo=off, ln_mean=21, ln_sq=31, ln_var=off])
已为 1 层启用 BLB Block 4 噪声 (N=16384, fresh_softmax/V=29/25, encode_masks(sm/V/sm_v)=14/14/14, encode_wo=16, encode_ln_inv_d=16/20, rescale=[sm_mask=off, v_mask=off, sm_v_matmul=23, sm_v_mask=off, wo=off, ln_mean=21, ln_sq=31, ln_var=off])
已为 1 层启用 BLB Block 4 噪声 (N=16384, fresh_softmax/V=29/25, encode_masks(sm/V/sm_v)=14/14/14, encode_wo=16, encode_ln_inv_d=16/20, rescale=[sm_mask=off, v_mask=off, sm_v_matmul=23, sm_v_mask=off, wo=off, ln_mean=21, ln_sq=31, ln_var=off])
已为 1 层启用 BLB Block 4 噪声 (N=16384, fresh_softmax/V=35/25, encode_masks(sm/V/sm_v)=14/14/14, encode_wo=22, encode_ln_inv_d=20/20, rescale=[sm_mask=off, v_mask=off, sm_v_matmul=31, sm_v_mask=off, wo=off, ln_mean=31, ln_sq=31, ln_var=off])
已为 1 层启用 BLB Block 4 噪声 (N=16384, fresh_softmax/V=35/25, encode_masks(sm/V/sm_v)=14/14/14, encode_wo=22, encode_ln_inv_d=20/20, rescale=[sm_mask=off, v_mask=off, sm_v_matmul=31, sm_v_mask=off, wo=off, ln_mean=31, ln_sq=31, ln_var=off])
已为 1 层启用 BLB Block 4 噪声 (N=16384, fresh_softmax/V=35/25, encode_masks(sm/V/sm_v)=14/14/14, encode_wo=22, encode_ln_inv_d=20/20, rescale=[sm_mask=off, v_mask=off, sm_v_matmul=31, sm_v_mask=off, wo=off, ln_mean=31, ln_sq=31, ln_var=off])
已为 1 层启用 BLB Block 4 噪声 (N=16384, fresh_softmax/V=35/25, encode_masks(sm/V/sm_v)=14/14/14, encode_wo=22, encode_ln_inv_d=20/20, rescale=[sm_mask=off, v_mask=off, sm_v_matmul=31, sm_v_mask=off, wo=off, ln_mean=31, ln_sq=31, ln_var=off])
已为 1 层启用 BLB Block 4 噪声 (N=16384, fresh_softmax/V=35/25, encode_masks(sm/V/sm_v)=14/14/14, encode_wo=22, encode_ln_inv_d=20/20, rescale=[sm_mask=off, v_mask=off, sm_v_matmul=31, sm_v_mask=off, wo=off, ln_mean=31, ln_sq=31, ln_var=off])
已为 1 层启用 BLB Block 4 噪声 (N=16384, fresh_softmax/V=35/25, encode_masks(sm/V/sm_v)=14/14/14, encode_wo=22, encode_ln_inv_d=20/20, rescale=[sm_mask=off, v_mask=off, sm_v_matmul=31, sm_v_mask=off, wo=off, ln_mean=31, ln_sq=31, ln_var=off])
已为 12 层启用 BLB Block 5 噪声 (gelu_degree∈{1,1,1,1,1,4,1,1,1,1,1,1}, N=16384, fresh_inv_std/x_centered=22/22, encode_gamma/wffn1/gelu_coeff=14/14/16, rescale=[normalize=26, gamma=off, wffn1=off, gelu_powers=[(none)], gelu_coeff_muls=[29]])

已为 1 层启用 BLB Block 2 噪声 (N=16384, fresh_inv_std=28, fresh_x_centered=28, encode_gamma=20, encode_wq/wk/wv=22/22/22, encode_qkt_merge_mask=15, rescale=[normalize=off, gamma=28, wk=off, wq=off, wv=off, qkt=28, merge_mask=off])
已为 1 层启用 BLB Block 4 噪声 (N=16384, fresh_softmax/V=35/25, encode_masks(sm/V/sm_v)=14/14/14, encode_wo=22, encode_ln_inv_d=20/20, rescale=[sm_mask=off, v_mask=off, sm_v_matmul=31, sm_v_mask=off, wo=off, ln_mean=31, ln_sq=31, ln_var=off])
已为 1 层启用 BLB Block 4 噪声 (N=16384, fresh_softmax/V=35/25, encode_masks(sm/V/sm_v)=14/14/14, encode_wo=22, encode_ln_inv_d=20/20, rescale=[sm_mask=off, v_mask=off, sm_v_matmul=31, sm_v_mask=off, wo=off, ln_mean=31, ln_sq=31, ln_var=off])
已为 1 层启用 BLB Block 4 噪声 (N=16384, fresh_softmax/V=35/25, encode_masks(sm/V/sm_v)=14/14/14, encode_wo=22, encode_ln_inv_d=20/20, rescale=[sm_mask=off, v_mask=off, sm_v_matmul=31, sm_v_mask=off, wo=off, ln_mean=31, ln_sq=31, ln_var=off])
已为 1 层启用 BLB Block 4 噪声 (N=16384, fresh_softmax/V=29/25, encode_masks(sm/V/sm_v)=14/14/14, encode_wo=16, encode_ln_inv_d=16/20, rescale=[sm_mask=off, v_mask=off, sm_v_matmul=23, sm_v_mask=off, wo=off, ln_mean=21, ln_sq=31, ln_var=off])
已为 1 层启用 BLB Block 4 噪声 (N=16384, fresh_softmax/V=29/25, encode_masks(sm/V/sm_v)=14/14/14, encode_wo=16, encode_ln_inv_d=16/20, rescale=[sm_mask=off, v_mask=off, sm_v_matmul=23, sm_v_mask=off, wo=off, ln_mean=21, ln_sq=31, ln_var=off])
已为 1 层启用 BLB Block 4 噪声 (N=16384, fresh_softmax/V=29/25, encode_masks(sm/V/sm_v)=14/14/14, encode_wo=16, encode_ln_inv_d=16/20, rescale=[sm_mask=off, v_mask=off, sm_v_matmul=23, sm_v_mask=off, wo=off, ln_mean=21, ln_sq=31, ln_var=off])
已为 1 层启用 BLB Block 4 噪声 (N=16384, fresh_softmax/V=35/25, encode_masks(sm/V/sm_v)=14/14/14, encode_wo=22, encode_ln_inv_d=20/20, rescale=[sm_mask=off, v_mask=off, sm_v_matmul=31, sm_v_mask=off, wo=off, ln_mean=31, ln_sq=31, ln_var=off])
已为 1 层启用 BLB Block 4 噪声 (N=16384, fresh_softmax/V=35/25, encode_masks(sm/V/sm_v)=14/14/14, encode_wo=22, encode_ln_inv_d=20/20, rescale=[sm_mask=off, v_mask=off, sm_v_matmul=31, sm_v_mask=off, wo=off, ln_mean=31, ln_sq=31, ln_var=off])
已为 1 层启用 BLB Block 4 噪声 (N=16384, fresh_softmax/V=35/25, encode_masks(sm/V/sm_v)=14/14/14, encode_wo=22, encode_ln_inv_d=20/20, rescale=[sm_mask=off, v_mask=off, sm_v_matmul=31, sm_v_mask=off, wo=off, ln_mean=31, ln_sq=31, ln_var=off])
已为 1 层启用 BLB Block 4 噪声 (N=16384, fresh_softmax/V=35/25, encode_masks(sm/V/sm_v)=14/14/14, encode_wo=22, encode_ln_inv_d=20/20, rescale=[sm_mask=off, v_mask=off, sm_v_matmul=31, sm_v_mask=off, wo=off, ln_mean=31, ln_sq=31, ln_var=off])
已为 1 层启用 BLB Block 4 噪声 (N=16384, fresh_softmax/V=35/25, encode_masks(sm/V/sm_v)=14/14/14, encode_wo=22, encode_ln_inv_d=20/20, rescale=[sm_mask=off, v_mask=off, sm_v_matmul=31, sm_v_mask=off, wo=off, ln_mean=31, ln_sq=31, ln_var=off])
已为 1 层启用 BLB Block 4 噪声 (N=16384, fresh_softmax/V=35/25, encode_masks(sm/V/sm_v)=14/14/14, encode_wo=22, encode_ln_inv_d=20/20, rescale=[sm_mask=off, v_mask=off, sm_v_matmul=31, sm_v_mask=off, wo=off, ln_mean=31, ln_sq=31, ln_var=off])
已为 12 层启用 BLB Block 5 噪声 (gelu_degree∈{1,1,1,1,1,4,1,1,1,1,1,1}, N=16384, fresh_inv_std/x_centered=22/22, encode_gamma/wffn1/gelu_coeff=14/14/16, rescale=[normalize=26, gamma=off, wffn1=off, gelu_powers=[(none)], gelu_coeff_muls=[29]])
已为 1 层启用 BLB Block 1 噪声 (N=16384, fresh_gelu_out=22, encode_wffn2=14, encode_inv_d=14/14, rescale=[wffn2_result=off, mean=22, square=off, var=27])
已为 1 层启用 BLB Block 1 噪声 (N=16384, fresh_gelu_out=22, encode_wffn2=14, encode_inv_d=14/14, rescale=[wffn2_result=off, mean=22, square=off, var=27])
已为 1 层启用 BLB Block 1 噪声 (N=16384, fresh_gelu_out=22, encode_wffn2=14, encode_inv_d=14/14, rescale=[wffn2_result=off, mean=22, square=off, var=27])
已为 1 层启用 BLB Block 1 噪声 (N=16384, fresh_gelu_out=30, encode_wffn2=20, encode_inv_d=20/20, rescale=[wffn2_result=off, mean=30, square=off, var=27])
已为 1 层启用 BLB Block 1 噪声 (N=16384, fresh_gelu_out=30, encode_wffn2=20, encode_inv_d=20/20, rescale=[wffn2_result=off, mean=30, square=off, var=27])
已为 1 层启用 BLB Block 1 噪声 (N=16384, fresh_gelu_out=22, encode_wffn2=14, encode_inv_d=14/14, rescale=[wffn2_result=off, mean=22, square=off, var=27])
已为 1 层启用 BLB Block 1 噪声 (N=16384, fresh_gelu_out=30, encode_wffn2=20, encode_inv_d=20/20, rescale=[wffn2_result=off, mean=30, square=off, var=27])
已为 1 层启用 BLB Block 1 噪声 (N=16384, fresh_gelu_out=22, encode_wffn2=14, encode_inv_d=14/14, rescale=[wffn2_result=off, mean=22, square=off, var=27])
已为 1 层启用 BLB Block 1 噪声 (N=16384, fresh_gelu_out=22, encode_wffn2=14, encode_inv_d=14/14, rescale=[wffn2_result=off, mean=22, square=off, var=27])
已为 1 层启用 BLB Block 1 噪声 (N=16384, fresh_gelu_out=30, encode_wffn2=20, encode_inv_d=20/20, rescale=[wffn2_result=off, mean=30, square=off, var=27])
已为 1 层启用 BLB Block 1 噪声 (N=16384, fresh_gelu_out=30, encode_wffn2=20, encode_inv_d=20/20, rescale=[wffn2_result=off, mean=30, square=off, var=27])
已为 1 层启用 BLB Block 2 噪声 (N=16384, fresh_inv_std=28, fresh_x_centered=28, encode_gamma=20, encode_wq/wk/wv=22/22/22, encode_qkt_merge_mask=15, rescale=[normalize=off, gamma=28, wk=off, wq=off, wv=off, qkt=28, merge_mask=off])
已为 1 层启用 BLB Block 2 噪声 (N=16384, fresh_inv_std=28, fresh_x_centered=28, encode_gamma=20, encode_wq/wk/wv=22/22/22, encode_qkt_merge_mask=15, rescale=[normalize=off, gamma=28, wk=off, wq=off, wv=off, qkt=28, merge_mask=off])
已为 1 层启用 BLB Block 2 噪声 (N=16384, fresh_inv_std=20, fresh_x_centered=20, encode_gamma=16, encode_wq/wk/wv=16/16/22, encode_qkt_merge_mask=15, rescale=[normalize=off, gamma=28, wk=off, wq=off, wv=off, qkt=28, merge_mask=off])
已为 1 层启用 BLB Block 2 噪声 (N=16384, fresh_inv_std=28, fresh_x_centered=28, encode_gamma=20, encode_wq/wk/wv=22/22/22, encode_qkt_merge_mask=15, rescale=[normalize=off, gamma=28, wk=off, wq=off, wv=off, qkt=28, merge_mask=off])
已为 1 层启用 BLB Block 2 噪声 (N=16384, fresh_inv_std=28, fresh_x_centered=28, encode_gamma=20, encode_wq/wk/wv=22/22/22, encode_qkt_merge_mask=15, rescale=[normalize=off, gamma=28, wk=off, wq=off, wv=off, qkt=28, merge_mask=off])
已为 1 层启用 BLB Block 2 噪声 (N=16384, fresh_inv_std=28, fresh_x_centered=28, encode_gamma=20, encode_wq/wk/wv=22/22/22, encode_qkt_merge_mask=15, rescale=[normalize=off, gamma=28, wk=off, wq=off, wv=off, qkt=28, merge_mask=off])
已为 1 层启用 BLB Block 2 噪声 (N=16384, fresh_inv_std=20, fresh_x_centered=20, encode_gamma=16, encode_wq/wk/wv=16/16/22, encode_qkt_merge_mask=15, rescale=[normalize=off, gamma=28, wk=off, wq=off, wv=off, qkt=28, merge_mask=off])
已为 1 层启用 BLB Block 2 噪声 (N=16384, fresh_inv_std=20, fresh_x_centered=20, encode_gamma=16, encode_wq/wk/wv=16/16/22, encode_qkt_merge_mask=15, rescale=[normalize=off, gamma=28, wk=off, wq=off, wv=off, qkt=28, merge_mask=off])
已为 1 层启用 BLB Block 2 噪声 (N=16384, fresh_inv_std=20, fresh_x_centered=20, encode_gamma=16, encode_wq/wk/wv=16/16/22, encode_qkt_merge_mask=15, rescale=[normalize=off, gamma=28, wk=off, wq=off, wv=off, qkt=28, merge_mask=off])
已为 1 层启用 BLB Block 2 噪声 (N=16384, fresh_inv_std=28, fresh_x_centered=28, encode_gamma=20, encode_wq/wk/wv=22/22/22, encode_qkt_merge_mask=15, rescale=[normalize=off, gamma=28, wk=off, wq=off, wv=off, qkt=28, merge_mask=off])
已为 1 层启用 BLB Block 2 噪声 (N=16384, fresh_inv_std=28, fresh_x_centered=28, encode_gamma=20, encode_wq/wk/wv=22/22/22, encode_qkt_merge_mask=15, rescale=[normalize=off, gamma=28, wk=off, wq=off, wv=off, qkt=28, merge_mask=off])
已为 1 层启用 BLB Block 2 噪声 (N=16384, fresh_inv_std=28, fresh_x_centered=28, encode_gamma=20, encode_wq/wk/wv=22/22/22, encode_qkt_merge_mask=15, rescale=[normalize=off, gamma=28, wk=off, wq=off, wv=off, qkt=28, merge_mask=off])
已为 1 层启用 BLB Block 4 噪声 (N=16384, fresh_softmax/V=35/25, encode_masks(sm/V/sm_v)=14/14/14, encode_wo=22, encode_ln_inv_d=20/20, rescale=[sm_mask=off, v_mask=off, sm_v_matmul=31, sm_v_mask=off, wo=off, ln_mean=31, ln_sq=31, ln_var=off])
已为 1 层启用 BLB Block 4 噪声 (N=16384, fresh_softmax/V=29/25, encode_masks(sm/V/sm_v)=14/14/14, encode_wo=16, encode_ln_inv_d=16/20, rescale=[sm_mask=off, v_mask=off, sm_v_matmul=23, sm_v_mask=off, wo=off, ln_mean=21, ln_sq=31, ln_var=off])
已为 1 层启用 BLB Block 4 噪声 (N=16384, fresh_softmax/V=29/25, encode_masks(sm/V/sm_v)=14/14/14, encode_wo=16, encode_ln_inv_d=16/20, rescale=[sm_mask=off, v_mask=off, sm_v_matmul=23, sm_v_mask=off, wo=off, ln_mean=21, ln_sq=31, ln_var=off])
已为 1 层启用 BLB Block 4 噪声 (N=16384, fresh_softmax/V=35/25, encode_masks(sm/V/sm_v)=14/14/14, encode_wo=22, encode_ln_inv_d=20/20, rescale=[sm_mask=off, v_mask=off, sm_v_matmul=31, sm_v_mask=off, wo=off, ln_mean=31, ln_sq=31, ln_var=off])
已为 1 层启用 BLB Block 4 噪声 (N=16384, fresh_softmax/V=35/25, encode_masks(sm/V/sm_v)=14/14/14, encode_wo=22, encode_ln_inv_d=20/20, rescale=[sm_mask=off, v_mask=off, sm_v_matmul=31, sm_v_mask=off, wo=off, ln_mean=31, ln_sq=31, ln_var=off])
已为 1 层启用 BLB Block 4 噪声 (N=16384, fresh_softmax/V=35/25, encode_masks(sm/V/sm_v)=14/14/14, encode_wo=22, encode_ln_inv_d=20/20, rescale=[sm_mask=off, v_mask=off, sm_v_matmul=31, sm_v_mask=off, wo=off, ln_mean=31, ln_sq=31, ln_var=off])
已为 1 层启用 BLB Block 4 噪声 (N=16384, fresh_softmax/V=29/25, encode_masks(sm/V/sm_v)=14/14/14, encode_wo=16, encode_ln_inv_d=16/20, rescale=[sm_mask=off, v_mask=off, sm_v_matmul=23, sm_v_mask=off, wo=off, ln_mean=21, ln_sq=31, ln_var=off])
已为 1 层启用 BLB Block 4 噪声 (N=16384, fresh_softmax/V=35/25, encode_masks(sm/V/sm_v)=14/14/14, encode_wo=22, encode_ln_inv_d=20/20, rescale=[sm_mask=off, v_mask=off, sm_v_matmul=31, sm_v_mask=off, wo=off, ln_mean=31, ln_sq=31, ln_var=off])
已为 1 层启用 BLB Block 4 噪声 (N=16384, fresh_softmax/V=35/25, encode_masks(sm/V/sm_v)=14/14/14, encode_wo=22, encode_ln_inv_d=20/20, rescale=[sm_mask=off, v_mask=off, sm_v_matmul=31, sm_v_mask=off, wo=off, ln_mean=31, ln_sq=31, ln_var=off])
已为 1 层启用 BLB Block 4 噪声 (N=16384, fresh_softmax/V=35/25, encode_masks(sm/V/sm_v)=14/14/14, encode_wo=22, encode_ln_inv_d=20/20, rescale=[sm_mask=off, v_mask=off, sm_v_matmul=31, sm_v_mask=off, wo=off, ln_mean=31, ln_sq=31, ln_var=off])
已为 1 层启用 BLB Block 4 噪声 (N=16384, fresh_softmax/V=29/25, encode_masks(sm/V/sm_v)=14/14/14, encode_wo=16, encode_ln_inv_d=16/20, rescale=[sm_mask=off, v_mask=off, sm_v_matmul=23, sm_v_mask=off, wo=off, ln_mean=21, ln_sq=31, ln_var=off])
已为 1 层启用 BLB Block 4 噪声 (N=16384, fresh_softmax/V=35/25, encode_masks(sm/V/sm_v)=14/14/14, encode_wo=22, encode_ln_inv_d=20/20, rescale=[sm_mask=off, v_mask=off, sm_v_matmul=31, sm_v_mask=off, wo=off, ln_mean=31, ln_sq=31, ln_var=off])
已为 12 层启用 BLB Block 5 噪声 (gelu_degree∈{1,1,1,1,1,4,1,1,1,1,1,1}, N=16384, fresh_inv_std/x_centered=28/28, encode_gamma/wffn1/gelu_coeff=20/22/20, rescale=[normalize=26, gamma=off, wffn1=off, gelu_powers=[(none)], gelu_coeff_muls=[29]])
已为 1 层启用 BLB Block 1 噪声 (N=16384, fresh_gelu_out=22, encode_wffn2=14, encode_inv_d=14/14, rescale=[wffn2_result=off, mean=22, square=off, var=27])
已为 1 层启用 BLB Block 1 噪声 (N=16384, fresh_gelu_out=22, encode_wffn2=14, encode_inv_d=14/14, rescale=[wffn2_result=off, mean=22, square=off, var=27])
已为 1 层启用 BLB Block 1 噪声 (N=16384, fresh_gelu_out=22, encode_wffn2=14, encode_inv_d=14/14, rescale=[wffn2_result=off, mean=22, square=off, var=27])
已为 1 层启用 BLB Block 1 噪声 (N=16384, fresh_gelu_out=30, encode_wffn2=20, encode_inv_d=20/20, rescale=[wffn2_result=off, mean=30, square=off, var=27])
已为 1 层启用 BLB Block 1 噪声 (N=16384, fresh_gelu_out=30, encode_wffn2=20, encode_inv_d=20/20, rescale=[wffn2_result=off, mean=30, square=off, var=27])
已为 1 层启用 BLB Block 1 噪声 (N=16384, fresh_gelu_out=22, encode_wffn2=14, encode_inv_d=14/14, rescale=[wffn2_result=off, mean=22, square=off, var=27])
已为 1 层启用 BLB Block 1 噪声 (N=16384, fresh_gelu_out=30, encode_wffn2=20, encode_inv_d=20/20, rescale=[wffn2_result=off, mean=30, square=off, var=27])
已为 1 层启用 BLB Block 1 噪声 (N=16384, fresh_gelu_out=22, encode_wffn2=14, encode_inv_d=14/14, rescale=[wffn2_result=off, mean=22, square=off, var=27])
已为 1 层启用 BLB Block 1 噪声 (N=16384, fresh_gelu_out=22, encode_wffn2=14, encode_inv_d=14/14, rescale=[wffn2_result=off, mean=22, square=off, var=27])
已为 1 层启用 BLB Block 1 噪声 (N=16384, fresh_gelu_out=30, encode_wffn2=20, encode_inv_d=20/20, rescale=[wffn2_result=off, mean=30, square=off, var=27])
已为 1 层启用 BLB Block 1 噪声 (N=16384, fresh_gelu_out=30, encode_wffn2=20, encode_inv_d=20/20, rescale=[wffn2_result=off, mean=30, square=off, var=27])
已为 1 层启用 BLB Block 2 噪声 (N=16384, fresh_inv_std=28, fresh_x_centered=28, encode_gamma=20, encode_wq/wk/wv=22/22/22, encode_qkt_merge_mask=15, rescale=[normalize=off, gamma=28, wk=off, wq=off, wv=off, qkt=28, merge_mask=off])
已为 1 层启用 BLB Block 2 噪声 (N=16384, fresh_inv_std=28, fresh_x_centered=28, encode_gamma=20, encode_wq/wk/wv=22/22/22, encode_qkt_merge_mask=15, rescale=[normalize=off, gamma=28, wk=off, wq=off, wv=off, qkt=28, merge_mask=off])
已为 1 层启用 BLB Block 2 噪声 (N=16384, fresh_inv_std=20, fresh_x_centered=20, encode_gamma=16, encode_wq/wk/wv=16/16/22, encode_qkt_merge_mask=15, rescale=[normalize=off, gamma=28, wk=off, wq=off, wv=off, qkt=28, merge_mask=off])
已为 1 层启用 BLB Block 2 噪声 (N=16384, fresh_inv_std=28, fresh_x_centered=28, encode_gamma=20, encode_wq/wk/wv=22/22/22, encode_qkt_merge_mask=15, rescale=[normalize=off, gamma=28, wk=off, wq=off, wv=off, qkt=28, merge_mask=off])
已为 1 层启用 BLB Block 2 噪声 (N=16384, fresh_inv_std=28, fresh_x_centered=28, encode_gamma=20, encode_wq/wk/wv=22/22/22, encode_qkt_merge_mask=15, rescale=[normalize=off, gamma=28, wk=off, wq=off, wv=off, qkt=28, merge_mask=off])
已为 1 层启用 BLB Block 2 噪声 (N=16384, fresh_inv_std=28, fresh_x_centered=28, encode_gamma=20, encode_wq/wk/wv=22/22/22, encode_qkt_merge_mask=15, rescale=[normalize=off, gamma=28, wk=off, wq=off, wv=off, qkt=28, merge_mask=off])
已为 1 层启用 BLB Block 2 噪声 (N=16384, fresh_inv_std=20, fresh_x_centered=20, encode_gamma=16, encode_wq/wk/wv=16/16/22, encode_qkt_merge_mask=15, rescale=[normalize=off, gamma=28, wk=off, wq=off, wv=off, qkt=28, merge_mask=off])
已为 1 层启用 BLB Block 2 噪声 (N=16384, fresh_inv_std=20, fresh_x_centered=20, encode_gamma=16, encode_wq/wk/wv=16/16/22, encode_qkt_merge_mask=15, rescale=[normalize=off, gamma=28, wk=off, wq=off, wv=off, qkt=28, merge_mask=off])
已为 1 层启用 BLB Block 2 噪声 (N=16384, fresh_inv_std=20, fresh_x_centered=20, encode_gamma=16, encode_wq/wk/wv=16/16/22, encode_qkt_merge_mask=15, rescale=[normalize=off, gamma=28, wk=off, wq=off, wv=off, qkt=28, merge_mask=off])
已为 1 层启用 BLB Block 2 噪声 (N=16384, fresh_inv_std=28, fresh_x_centered=28, encode_gamma=20, encode_wq/wk/wv=22/22/22, encode_qkt_merge_mask=15, rescale=[normalize=off, gamma=28, wk=off, wq=off, wv=off, qkt=28, merge_mask=off])
已为 1 层启用 BLB Block 2 噪声 (N=16384, fresh_inv_std=28, fresh_x_centered=28, encode_gamma=20, encode_wq/wk/wv=22/22/22, encode_qkt_merge_mask=15, rescale=[normalize=off, gamma=28, wk=off, wq=off, wv=off, qkt=28, merge_mask=off])
已为 1 层启用 BLB Block 2 噪声 (N=16384, fresh_inv_std=28, fresh_x_centered=28, encode_gamma=20, encode_wq/wk/wv=22/22/22, encode_qkt_merge_mask=15, rescale=[normalize=off, gamma=28, wk=off, wq=off, wv=off, qkt=28, merge_mask=off])
已为 1 层启用 BLB Block 4 噪声 (N=16384, fresh_softmax/V=35/25, encode_masks(sm/V/sm_v)=14/14/14, encode_wo=22, encode_ln_inv_d=20/20, rescale=[sm_mask=off, v_mask=off, sm_v_matmul=31, sm_v_mask=off, wo=off, ln_mean=31, ln_sq=31, ln_var=off])
已为 1 层启用 BLB Block 4 噪声 (N=16384, fresh_softmax/V=29/25, encode_masks(sm/V/sm_v)=14/14/14, encode_wo=16, encode_ln_inv_d=16/20, rescale=[sm_mask=off, v_mask=off, sm_v_matmul=23, sm_v_mask=off, wo=off, ln_mean=21, ln_sq=31, ln_var=off])
已为 1 层启用 BLB Block 4 噪声 (N=16384, fresh_softmax/V=29/25, encode_masks(sm/V/sm_v)=14/14/14, encode_wo=16, encode_ln_inv_d=16/20, rescale=[sm_mask=off, v_mask=off, sm_v_matmul=23, sm_v_mask=off, wo=off, ln_mean=21, ln_sq=31, ln_var=off])
已为 1 层启用 BLB Block 4 噪声 (N=16384, fresh_softmax/V=35/25, encode_masks(sm/V/sm_v)=14/14/14, encode_wo=22, encode_ln_inv_d=20/20, rescale=[sm_mask=off, v_mask=off, sm_v_matmul=31, sm_v_mask=off, wo=off, ln_mean=31, ln_sq=31, ln_var=off])
已为 1 层启用 BLB Block 4 噪声 (N=16384, fresh_softmax/V=35/25, encode_masks(sm/V/sm_v)=14/14/14, encode_wo=22, encode_ln_inv_d=20/20, rescale=[sm_mask=off, v_mask=off, sm_v_matmul=31, sm_v_mask=off, wo=off, ln_mean=31, ln_sq=31, ln_var=off])
已为 1 层启用 BLB Block 4 噪声 (N=16384, fresh_softmax/V=35/25, encode_masks(sm/V/sm_v)=14/14/14, encode_wo=22, encode_ln_inv_d=20/20, rescale=[sm_mask=off, v_mask=off, sm_v_matmul=31, sm_v_mask=off, wo=off, ln_mean=31, ln_sq=31, ln_var=off])
已为 1 层启用 BLB Block 4 噪声 (N=16384, fresh_softmax/V=29/25, encode_masks(sm/V/sm_v)=14/14/14, encode_wo=16, encode_ln_inv_d=16/20, rescale=[sm_mask=off, v_mask=off, sm_v_matmul=23, sm_v_mask=off, wo=off, ln_mean=21, ln_sq=31, ln_var=off])
已为 1 层启用 BLB Block 4 噪声 (N=16384, fresh_softmax/V=35/25, encode_masks(sm/V/sm_v)=14/14/14, encode_wo=22, encode_ln_inv_d=20/20, rescale=[sm_mask=off, v_mask=off, sm_v_matmul=31, sm_v_mask=off, wo=off, ln_mean=31, ln_sq=31, ln_var=off])
已为 1 层启用 BLB Block 4 噪声 (N=16384, fresh_softmax/V=35/25, encode_masks(sm/V/sm_v)=14/14/14, encode_wo=22, encode_ln_inv_d=20/20, rescale=[sm_mask=off, v_mask=off, sm_v_matmul=31, sm_v_mask=off, wo=off, ln_mean=31, ln_sq=31, ln_var=off])
已为 1 层启用 BLB Block 4 噪声 (N=16384, fresh_softmax/V=35/25, encode_masks(sm/V/sm_v)=14/14/14, encode_wo=22, encode_ln_inv_d=20/20, rescale=[sm_mask=off, v_mask=off, sm_v_matmul=31, sm_v_mask=off, wo=off, ln_mean=31, ln_sq=31, ln_var=off])
已为 1 层启用 BLB Block 4 噪声 (N=16384, fresh_softmax/V=29/25, encode_masks(sm/V/sm_v)=14/14/14, encode_wo=16, encode_ln_inv_d=16/20, rescale=[sm_mask=off, v_mask=off, sm_v_matmul=23, sm_v_mask=off, wo=off, ln_mean=21, ln_sq=31, ln_var=off])
已为 1 层启用 BLB Block 4 噪声 (N=16384, fresh_softmax/V=35/25, encode_masks(sm/V/sm_v)=14/14/14, encode_wo=22, encode_ln_inv_d=20/20, rescale=[sm_mask=off, v_mask=off, sm_v_matmul=31, sm_v_mask=off, wo=off, ln_mean=31, ln_sq=31, ln_var=off])
已为 12 层启用 BLB Block 5 噪声 (gelu_degree∈{1,1,1,1,1,4,1,1,1,1,1,1}, N=16384, fresh_inv_std/x_centered=28/28, encode_gamma/wffn1/gelu_coeff=20/22/20, rescale=[normalize=26, gamma=off, wffn1=off, gelu_powers=[(none)], gelu_coeff_muls=[29]])
已为 1 层启用 BLB Block 1 噪声 (N=16384, fresh_gelu_out=22, encode_wffn2=14, encode_inv_d=14/14, rescale=[wffn2_result=off, mean=22, square=off, var=27])
已为 1 层启用 BLB Block 1 噪声 (N=16384, fresh_gelu_out=22, encode_wffn2=14, encode_inv_d=14/14, rescale=[wffn2_result=off, mean=22, square=off, var=27])
已为 1 层启用 BLB Block 1 噪声 (N=16384, fresh_gelu_out=22, encode_wffn2=14, encode_inv_d=14/14, rescale=[wffn2_result=off, mean=22, square=off, var=27])
已为 1 层启用 BLB Block 1 噪声 (N=16384, fresh_gelu_out=30, encode_wffn2=20, encode_inv_d=20/20, rescale=[wffn2_result=off, mean=30, square=off, var=27])
已为 1 层启用 BLB Block 1 噪声 (N=16384, fresh_gelu_out=30, encode_wffn2=20, encode_inv_d=20/20, rescale=[wffn2_result=off, mean=30, square=off, var=27])
已为 1 层启用 BLB Block 1 噪声 (N=16384, fresh_gelu_out=22, encode_wffn2=14, encode_inv_d=14/14, rescale=[wffn2_result=off, mean=22, square=off, var=27])
已为 1 层启用 BLB Block 1 噪声 (N=16384, fresh_gelu_out=30, encode_wffn2=20, encode_inv_d=20/20, rescale=[wffn2_result=off, mean=30, square=off, var=27])
已为 1 层启用 BLB Block 1 噪声 (N=16384, fresh_gelu_out=22, encode_wffn2=14, encode_inv_d=14/14, rescale=[wffn2_result=off, mean=22, square=off, var=27])
已为 1 层启用 BLB Block 1 噪声 (N=16384, fresh_gelu_out=22, encode_wffn2=14, encode_inv_d=14/14, rescale=[wffn2_result=off, mean=22, square=off, var=27])
已为 1 层启用 BLB Block 1 噪声 (N=16384, fresh_gelu_out=30, encode_wffn2=20, encode_inv_d=20/20, rescale=[wffn2_result=off, mean=30, square=off, var=27])
已为 1 层启用 BLB Block 1 噪声 (N=16384, fresh_gelu_out=30, encode_wffn2=20, encode_inv_d=20/20, rescale=[wffn2_result=off, mean=30, square=off, var=27])
已为 1 层启用 BLB Block 2 噪声 (N=16384, fresh_inv_std=28, fresh_x_centered=28, encode_gamma=20, encode_wq/wk/wv=22/22/22, encode_qkt_merge_mask=15, rescale=[normalize=off, gamma=28, wk=off, wq=off, wv=off, qkt=28, merge_mask=off])
已为 1 层启用 BLB Block 2 噪声 (N=16384, fresh_inv_std=28, fresh_x_centered=28, encode_gamma=20, encode_wq/wk/wv=22/22/22, encode_qkt_merge_mask=15, rescale=[normalize=off, gamma=28, wk=off, wq=off, wv=off, qkt=28, merge_mask=off])
已为 1 层启用 BLB Block 2 噪声 (N=16384, fresh_inv_std=20, fresh_x_centered=20, encode_gamma=16, encode_wq/wk/wv=16/16/22, encode_qkt_merge_mask=15, rescale=[normalize=off, gamma=28, wk=off, wq=off, wv=off, qkt=28, merge_mask=off])
已为 1 层启用 BLB Block 2 噪声 (N=16384, fresh_inv_std=28, fresh_x_centered=28, encode_gamma=20, encode_wq/wk/wv=22/22/22, encode_qkt_merge_mask=15, rescale=[normalize=off, gamma=28, wk=off, wq=off, wv=off, qkt=28, merge_mask=off])
已为 1 层启用 BLB Block 2 噪声 (N=16384, fresh_inv_std=28, fresh_x_centered=28, encode_gamma=20, encode_wq/wk/wv=22/22/22, encode_qkt_merge_mask=15, rescale=[normalize=off, gamma=28, wk=off, wq=off, wv=off, qkt=28, merge_mask=off])
已为 1 层启用 BLB Block 2 噪声 (N=16384, fresh_inv_std=28, fresh_x_centered=28, encode_gamma=20, encode_wq/wk/wv=22/22/22, encode_qkt_merge_mask=15, rescale=[normalize=off, gamma=28, wk=off, wq=off, wv=off, qkt=28, merge_mask=off])
已为 1 层启用 BLB Block 2 噪声 (N=16384, fresh_inv_std=20, fresh_x_centered=20, encode_gamma=16, encode_wq/wk/wv=16/16/22, encode_qkt_merge_mask=15, rescale=[normalize=off, gamma=28, wk=off, wq=off, wv=off, qkt=28, merge_mask=off])
已为 1 层启用 BLB Block 2 噪声 (N=16384, fresh_inv_std=20, fresh_x_centered=20, encode_gamma=16, encode_wq/wk/wv=16/16/22, encode_qkt_merge_mask=15, rescale=[normalize=off, gamma=28, wk=off, wq=off, wv=off, qkt=28, merge_mask=off])
已为 1 层启用 BLB Block 2 噪声 (N=16384, fresh_inv_std=20, fresh_x_centered=20, encode_gamma=16, encode_wq/wk/wv=16/16/22, encode_qkt_merge_mask=15, rescale=[normalize=off, gamma=28, wk=off, wq=off, wv=off, qkt=28, merge_mask=off])
已为 1 层启用 BLB Block 2 噪声 (N=16384, fresh_inv_std=28, fresh_x_centered=28, encode_gamma=20, encode_wq/wk/wv=22/22/22, encode_qkt_merge_mask=15, rescale=[normalize=off, gamma=28, wk=off, wq=off, wv=off, qkt=28, merge_mask=off])
已为 1 层启用 BLB Block 2 噪声 (N=16384, fresh_inv_std=28, fresh_x_centered=28, encode_gamma=20, encode_wq/wk/wv=22/22/22, encode_qkt_merge_mask=15, rescale=[normalize=off, gamma=28, wk=off, wq=off, wv=off, qkt=28, merge_mask=off])
已为 1 层启用 BLB Block 2 噪声 (N=16384, fresh_inv_std=28, fresh_x_centered=28, encode_gamma=20, encode_wq/wk/wv=22/22/22, encode_qkt_merge_mask=15, rescale=[normalize=off, gamma=28, wk=off, wq=off, wv=off, qkt=28, merge_mask=off])
已为 1 层启用 BLB Block 4 噪声 (N=16384, fresh_softmax/V=35/25, encode_masks(sm/V/sm_v)=14/14/14, encode_wo=22, encode_ln_inv_d=20/20, rescale=[sm_mask=off, v_mask=off, sm_v_matmul=31, sm_v_mask=off, wo=off, ln_mean=31, ln_sq=31, ln_var=off])
已为 1 层启用 BLB Block 4 噪声 (N=16384, fresh_softmax/V=29/25, encode_masks(sm/V/sm_v)=14/14/14, encode_wo=16, encode_ln_inv_d=16/20, rescale=[sm_mask=off, v_mask=off, sm_v_matmul=23, sm_v_mask=off, wo=off, ln_mean=21, ln_sq=31, ln_var=off])
已为 1 层启用 BLB Block 4 噪声 (N=16384, fresh_softmax/V=29/25, encode_masks(sm/V/sm_v)=14/14/14, encode_wo=16, encode_ln_inv_d=16/20, rescale=[sm_mask=off, v_mask=off, sm_v_matmul=23, sm_v_mask=off, wo=off, ln_mean=21, ln_sq=31, ln_var=off])
已为 1 层启用 BLB Block 4 噪声 (N=16384, fresh_softmax/V=35/25, encode_masks(sm/V/sm_v)=14/14/14, encode_wo=22, encode_ln_inv_d=20/20, rescale=[sm_mask=off, v_mask=off, sm_v_matmul=31, sm_v_mask=off, wo=off, ln_mean=31, ln_sq=31, ln_var=off])
已为 1 层启用 BLB Block 4 噪声 (N=16384, fresh_softmax/V=35/25, encode_masks(sm/V/sm_v)=14/14/14, encode_wo=22, encode_ln_inv_d=20/20, rescale=[sm_mask=off, v_mask=off, sm_v_matmul=31, sm_v_mask=off, wo=off, ln_mean=31, ln_sq=31, ln_var=off])
已为 1 层启用 BLB Block 4 噪声 (N=16384, fresh_softmax/V=35/25, encode_masks(sm/V/sm_v)=14/14/14, encode_wo=22, encode_ln_inv_d=20/20, rescale=[sm_mask=off, v_mask=off, sm_v_matmul=31, sm_v_mask=off, wo=off, ln_mean=31, ln_sq=31, ln_var=off])
已为 1 层启用 BLB Block 4 噪声 (N=16384, fresh_softmax/V=29/25, encode_masks(sm/V/sm_v)=14/14/14, encode_wo=16, encode_ln_inv_d=16/20, rescale=[sm_mask=off, v_mask=off, sm_v_matmul=23, sm_v_mask=off, wo=off, ln_mean=21, ln_sq=31, ln_var=off])
已为 1 层启用 BLB Block 4 噪声 (N=16384, fresh_softmax/V=35/25, encode_masks(sm/V/sm_v)=14/14/14, encode_wo=22, encode_ln_inv_d=20/20, rescale=[sm_mask=off, v_mask=off, sm_v_matmul=31, sm_v_mask=off, wo=off, ln_mean=31, ln_sq=31, ln_var=off])
已为 1 层启用 BLB Block 4 噪声 (N=16384, fresh_softmax/V=35/25, encode_masks(sm/V/sm_v)=14/14/14, encode_wo=22, encode_ln_inv_d=20/20, rescale=[sm_mask=off, v_mask=off, sm_v_matmul=31, sm_v_mask=off, wo=off, ln_mean=31, ln_sq=31, ln_var=off])
已为 1 层启用 BLB Block 4 噪声 (N=16384, fresh_softmax/V=35/25, encode_masks(sm/V/sm_v)=14/14/14, encode_wo=22, encode_ln_inv_d=20/20, rescale=[sm_mask=off, v_mask=off, sm_v_matmul=31, sm_v_mask=off, wo=off, ln_mean=31, ln_sq=31, ln_var=off])
已为 1 层启用 BLB Block 4 噪声 (N=16384, fresh_softmax/V=29/25, encode_masks(sm/V/sm_v)=14/14/14, encode_wo=16, encode_ln_inv_d=16/20, rescale=[sm_mask=off, v_mask=off, sm_v_matmul=23, sm_v_mask=off, wo=off, ln_mean=21, ln_sq=31, ln_var=off])
已为 1 层启用 BLB Block 4 噪声 (N=16384, fresh_softmax/V=35/25, encode_masks(sm/V/sm_v)=14/14/14, encode_wo=22, encode_ln_inv_d=20/20, rescale=[sm_mask=off, v_mask=off, sm_v_matmul=31, sm_v_mask=off, wo=off, ln_mean=31, ln_sq=31, ln_var=off])
已为 12 层启用 BLB Block 5 噪声 (gelu_degree∈{1,1,1,1,1,4,1,1,1,1,1,1}, N=16384, fresh_inv_std/x_centered=28/28, encode_gamma/wffn1/gelu_coeff=20/22/20, rescale=[normalize=26, gamma=off, wffn1=off, gelu_powers=[(none)], gelu_coeff_muls=[29]])
已为 1 层启用 BLB Block 1 噪声 (N=16384, fresh_gelu_out=22, encode_wffn2=14, encode_inv_d=14/14, rescale=[wffn2_result=off, mean=22, square=off, var=27])
已为 1 层启用 BLB Block 1 噪声 (N=16384, fresh_gelu_out=22, encode_wffn2=14, encode_inv_d=14/14, rescale=[wffn2_result=off, mean=22, square=off, var=27])
已为 1 层启用 BLB Block 1 噪声 (N=16384, fresh_gelu_out=22, encode_wffn2=14, encode_inv_d=14/14, rescale=[wffn2_result=off, mean=22, square=off, var=27])
已为 1 层启用 BLB Block 1 噪声 (N=16384, fresh_gelu_out=30, encode_wffn2=20, encode_inv_d=20/20, rescale=[wffn2_result=off, mean=30, square=off, var=27])
已为 1 层启用 BLB Block 1 噪声 (N=16384, fresh_gelu_out=30, encode_wffn2=20, encode_inv_d=20/20, rescale=[wffn2_result=off, mean=30, square=off, var=27])
已为 1 层启用 BLB Block 1 噪声 (N=16384, fresh_gelu_out=22, encode_wffn2=14, encode_inv_d=14/14, rescale=[wffn2_result=off, mean=22, square=off, var=27])
已为 1 层启用 BLB Block 1 噪声 (N=16384, fresh_gelu_out=30, encode_wffn2=20, encode_inv_d=20/20, rescale=[wffn2_result=off, mean=30, square=off, var=27])
已为 1 层启用 BLB Block 1 噪声 (N=16384, fresh_gelu_out=22, encode_wffn2=14, encode_inv_d=14/14, rescale=[wffn2_result=off, mean=22, square=off, var=27])
已为 1 层启用 BLB Block 1 噪声 (N=16384, fresh_gelu_out=22, encode_wffn2=14, encode_inv_d=14/14, rescale=[wffn2_result=off, mean=22, square=off, var=27])
已为 1 层启用 BLB Block 1 噪声 (N=16384, fresh_gelu_out=30, encode_wffn2=20, encode_inv_d=20/20, rescale=[wffn2_result=off, mean=30, square=off, var=27])
已为 1 层启用 BLB Block 1 噪声 (N=16384, fresh_gelu_out=30, encode_wffn2=20, encode_inv_d=20/20, rescale=[wffn2_result=off, mean=30, square=off, var=27])
已为 1 层启用 BLB Block 2 噪声 (N=16384, fresh_inv_std=28, fresh_x_centered=28, encode_gamma=20, encode_wq/wk/wv=22/22/22, encode_qkt_merge_mask=15, rescale=[normalize=off, gamma=28, wk=off, wq=off, wv=off, qkt=28, merge_mask=off])
已为 1 层启用 BLB Block 2 噪声 (N=16384, fresh_inv_std=28, fresh_x_centered=28, encode_gamma=20, encode_wq/wk/wv=22/22/22, encode_qkt_merge_mask=15, rescale=[normalize=off, gamma=28, wk=off, wq=off, wv=off, qkt=28, merge_mask=off])
已为 1 层启用 BLB Block 2 噪声 (N=16384, fresh_inv_std=20, fresh_x_centered=20, encode_gamma=16, encode_wq/wk/wv=16/16/22, encode_qkt_merge_mask=15, rescale=[normalize=off, gamma=28, wk=off, wq=off, wv=off, qkt=28, merge_mask=off])
已为 1 层启用 BLB Block 2 噪声 (N=16384, fresh_inv_std=28, fresh_x_centered=28, encode_gamma=20, encode_wq/wk/wv=22/22/22, encode_qkt_merge_mask=15, rescale=[normalize=off, gamma=28, wk=off, wq=off, wv=off, qkt=28, merge_mask=off])
已为 1 层启用 BLB Block 2 噪声 (N=16384, fresh_inv_std=28, fresh_x_centered=28, encode_gamma=20, encode_wq/wk/wv=22/22/22, encode_qkt_merge_mask=15, rescale=[normalize=off, gamma=28, wk=off, wq=off, wv=off, qkt=28, merge_mask=off])
已为 1 层启用 BLB Block 2 噪声 (N=16384, fresh_inv_std=28, fresh_x_centered=28, encode_gamma=20, encode_wq/wk/wv=22/22/22, encode_qkt_merge_mask=15, rescale=[normalize=off, gamma=28, wk=off, wq=off, wv=off, qkt=28, merge_mask=off])
已为 1 层启用 BLB Block 2 噪声 (N=16384, fresh_inv_std=20, fresh_x_centered=20, encode_gamma=16, encode_wq/wk/wv=16/16/22, encode_qkt_merge_mask=15, rescale=[normalize=off, gamma=28, wk=off, wq=off, wv=off, qkt=28, merge_mask=off])
已为 1 层启用 BLB Block 2 噪声 (N=16384, fresh_inv_std=20, fresh_x_centered=20, encode_gamma=16, encode_wq/wk/wv=16/16/22, encode_qkt_merge_mask=15, rescale=[normalize=off, gamma=28, wk=off, wq=off, wv=off, qkt=28, merge_mask=off])
已为 1 层启用 BLB Block 2 噪声 (N=16384, fresh_inv_std=20, fresh_x_centered=20, encode_gamma=16, encode_wq/wk/wv=16/16/22, encode_qkt_merge_mask=15, rescale=[normalize=off, gamma=28, wk=off, wq=off, wv=off, qkt=28, merge_mask=off])
已为 1 层启用 BLB Block 2 噪声 (N=16384, fresh_inv_std=28, fresh_x_centered=28, encode_gamma=20, encode_wq/wk/wv=22/22/22, encode_qkt_merge_mask=15, rescale=[normalize=off, gamma=28, wk=off, wq=off, wv=off, qkt=28, merge_mask=off])
已为 1 层启用 BLB Block 2 噪声 (N=16384, fresh_inv_std=28, fresh_x_centered=28, encode_gamma=20, encode_wq/wk/wv=22/22/22, encode_qkt_merge_mask=15, rescale=[normalize=off, gamma=28, wk=off, wq=off, wv=off, qkt=28, merge_mask=off])
已为 1 层启用 BLB Block 2 噪声 (N=16384, fresh_inv_std=28, fresh_x_centered=28, encode_gamma=20, encode_wq/wk/wv=22/22/22, encode_qkt_merge_mask=15, rescale=[normalize=off, gamma=28, wk=off, wq=off, wv=off, qkt=28, merge_mask=off])
已为 1 层启用 BLB Block 4 噪声 (N=16384, fresh_softmax/V=35/25, encode_masks(sm/V/sm_v)=14/14/14, encode_wo=22, encode_ln_inv_d=20/20, rescale=[sm_mask=off, v_mask=off, sm_v_matmul=31, sm_v_mask=off, wo=off, ln_mean=31, ln_sq=31, ln_var=off])
已为 1 层启用 BLB Block 4 噪声 (N=16384, fresh_softmax/V=29/25, encode_masks(sm/V/sm_v)=14/14/14, encode_wo=16, encode_ln_inv_d=16/20, rescale=[sm_mask=off, v_mask=off, sm_v_matmul=23, sm_v_mask=off, wo=off, ln_mean=21, ln_sq=31, ln_var=off])
已为 1 层启用 BLB Block 4 噪声 (N=16384, fresh_softmax/V=29/25, encode_masks(sm/V/sm_v)=14/14/14, encode_wo=16, encode_ln_inv_d=16/20, rescale=[sm_mask=off, v_mask=off, sm_v_matmul=23, sm_v_mask=off, wo=off, ln_mean=21, ln_sq=31, ln_var=off])
已为 1 层启用 BLB Block 4 噪声 (N=16384, fresh_softmax/V=35/25, encode_masks(sm/V/sm_v)=14/14/14, encode_wo=22, encode_ln_inv_d=20/20, rescale=[sm_mask=off, v_mask=off, sm_v_matmul=31, sm_v_mask=off, wo=off, ln_mean=31, ln_sq=31, ln_var=off])
已为 1 层启用 BLB Block 4 噪声 (N=16384, fresh_softmax/V=35/25, encode_masks(sm/V/sm_v)=14/14/14, encode_wo=22, encode_ln_inv_d=20/20, rescale=[sm_mask=off, v_mask=off, sm_v_matmul=31, sm_v_mask=off, wo=off, ln_mean=31, ln_sq=31, ln_var=off])
已为 1 层启用 BLB Block 4 噪声 (N=16384, fresh_softmax/V=35/25, encode_masks(sm/V/sm_v)=14/14/14, encode_wo=22, encode_ln_inv_d=20/20, rescale=[sm_mask=off, v_mask=off, sm_v_matmul=31, sm_v_mask=off, wo=off, ln_mean=31, ln_sq=31, ln_var=off])
已为 1 层启用 BLB Block 4 噪声 (N=16384, fresh_softmax/V=29/25, encode_masks(sm/V/sm_v)=14/14/14, encode_wo=16, encode_ln_inv_d=16/20, rescale=[sm_mask=off, v_mask=off, sm_v_matmul=23, sm_v_mask=off, wo=off, ln_mean=21, ln_sq=31, ln_var=off])
已为 1 层启用 BLB Block 4 噪声 (N=16384, fresh_softmax/V=35/25, encode_masks(sm/V/sm_v)=14/14/14, encode_wo=22, encode_ln_inv_d=20/20, rescale=[sm_mask=off, v_mask=off, sm_v_matmul=31, sm_v_mask=off, wo=off, ln_mean=31, ln_sq=31, ln_var=off])
已为 1 层启用 BLB Block 4 噪声 (N=16384, fresh_softmax/V=35/25, encode_masks(sm/V/sm_v)=14/14/14, encode_wo=22, encode_ln_inv_d=20/20, rescale=[sm_mask=off, v_mask=off, sm_v_matmul=31, sm_v_mask=off, wo=off, ln_mean=31, ln_sq=31, ln_var=off])
已为 1 层启用 BLB Block 4 噪声 (N=16384, fresh_softmax/V=35/25, encode_masks(sm/V/sm_v)=14/14/14, encode_wo=22, encode_ln_inv_d=20/20, rescale=[sm_mask=off, v_mask=off, sm_v_matmul=31, sm_v_mask=off, wo=off, ln_mean=31, ln_sq=31, ln_var=off])
已为 1 层启用 BLB Block 4 噪声 (N=16384, fresh_softmax/V=29/25, encode_masks(sm/V/sm_v)=14/14/14, encode_wo=16, encode_ln_inv_d=16/20, rescale=[sm_mask=off, v_mask=off, sm_v_matmul=23, sm_v_mask=off, wo=off, ln_mean=21, ln_sq=31, ln_var=off])
已为 1 层启用 BLB Block 4 噪声 (N=16384, fresh_softmax/V=35/25, encode_masks(sm/V/sm_v)=14/14/14, encode_wo=22, encode_ln_inv_d=20/20, rescale=[sm_mask=off, v_mask=off, sm_v_matmul=31, sm_v_mask=off, wo=off, ln_mean=31, ln_sq=31, ln_var=off])
已为 12 层启用 BLB Block 5 噪声 (gelu_degree∈{1,1,1,1,1,4,1,1,1,1,1,1}, N=16384, fresh_inv_std/x_centered=28/28, encode_gamma/wffn1/gelu_coeff=20/22/20, rescale=[normalize=26, gamma=off, wffn1=off, gelu_powers=[(none)], gelu_coeff_muls=[29]])
已为 1 层启用 BLB Block 1 噪声 (N=16384, fresh_gelu_out=30, encode_wffn2=20, encode_inv_d=20/20, rescale=[wffn2_result=off, mean=30, square=off, var=27])
已为 1 层启用 BLB Block 1 噪声 (N=16384, fresh_gelu_out=30, encode_wffn2=20, encode_inv_d=20/20, rescale=[wffn2_result=off, mean=30, square=off, var=27])
已为 1 层启用 BLB Block 1 噪声 (N=16384, fresh_gelu_out=30, encode_wffn2=20, encode_inv_d=20/20, rescale=[wffn2_result=off, mean=30, square=off, var=27])
已为 1 层启用 BLB Block 1 噪声 (N=16384, fresh_gelu_out=30, encode_wffn2=20, encode_inv_d=20/20, rescale=[wffn2_result=off, mean=30, square=off, var=27])
已为 1 层启用 BLB Block 1 噪声 (N=16384, fresh_gelu_out=30, encode_wffn2=20, encode_inv_d=20/20, rescale=[wffn2_result=off, mean=30, square=off, var=27])
已为 1 层启用 BLB Block 1 噪声 (N=16384, fresh_gelu_out=30, encode_wffn2=20, encode_inv_d=20/20, rescale=[wffn2_result=off, mean=30, square=off, var=27])
已为 1 层启用 BLB Block 1 噪声 (N=16384, fresh_gelu_out=30, encode_wffn2=20, encode_inv_d=20/20, rescale=[wffn2_result=off, mean=30, square=off, var=27])
已为 1 层启用 BLB Block 1 噪声 (N=16384, fresh_gelu_out=30, encode_wffn2=20, encode_inv_d=20/20, rescale=[wffn2_result=off, mean=30, square=off, var=27])
已为 1 层启用 BLB Block 1 噪声 (N=16384, fresh_gelu_out=30, encode_wffn2=20, encode_inv_d=20/20, rescale=[wffn2_result=off, mean=30, square=off, var=27])
已为 1 层启用 BLB Block 1 噪声 (N=16384, fresh_gelu_out=30, encode_wffn2=20, encode_inv_d=20/20, rescale=[wffn2_result=off, mean=30, square=off, var=27])
已为 1 层启用 BLB Block 1 噪声 (N=16384, fresh_gelu_out=22, encode_wffn2=14, encode_inv_d=14/14, rescale=[wffn2_result=off, mean=22, square=off, var=27])
已为 1 层启用 BLB Block 2 噪声 (N=16384, fresh_inv_std=28, fresh_x_centered=28, encode_gamma=20, encode_wq/wk/wv=22/22/22, encode_qkt_merge_mask=15, rescale=[normalize=off, gamma=28, wk=off, wq=off, wv=off, qkt=28, merge_mask=off])
已为 1 层启用 BLB Block 2 噪声 (N=16384, fresh_inv_std=28, fresh_x_centered=28, encode_gamma=20, encode_wq/wk/wv=22/22/22, encode_qkt_merge_mask=15, rescale=[normalize=off, gamma=28, wk=off, wq=off, wv=off, qkt=28, merge_mask=off])
已为 1 层启用 BLB Block 2 噪声 (N=16384, fresh_inv_std=20, fresh_x_centered=20, encode_gamma=16, encode_wq/wk/wv=16/16/22, encode_qkt_merge_mask=15, rescale=[normalize=off, gamma=28, wk=off, wq=off, wv=off, qkt=28, merge_mask=off])
已为 1 层启用 BLB Block 2 噪声 (N=16384, fresh_inv_std=20, fresh_x_centered=20, encode_gamma=16, encode_wq/wk/wv=16/16/22, encode_qkt_merge_mask=15, rescale=[normalize=off, gamma=28, wk=off, wq=off, wv=off, qkt=28, merge_mask=off])
已为 1 层启用 BLB Block 2 噪声 (N=16384, fresh_inv_std=28, fresh_x_centered=28, encode_gamma=20, encode_wq/wk/wv=22/22/22, encode_qkt_merge_mask=15, rescale=[normalize=off, gamma=28, wk=off, wq=off, wv=off, qkt=28, merge_mask=off])
已为 1 层启用 BLB Block 2 噪声 (N=16384, fresh_inv_std=28, fresh_x_centered=28, encode_gamma=20, encode_wq/wk/wv=22/22/22, encode_qkt_merge_mask=15, rescale=[normalize=off, gamma=28, wk=off, wq=off, wv=off, qkt=28, merge_mask=off])
已为 1 层启用 BLB Block 2 噪声 (N=16384, fresh_inv_std=20, fresh_x_centered=20, encode_gamma=16, encode_wq/wk/wv=16/16/22, encode_qkt_merge_mask=15, rescale=[normalize=off, gamma=28, wk=off, wq=off, wv=off, qkt=28, merge_mask=off])
已为 1 层启用 BLB Block 2 噪声 (N=16384, fresh_inv_std=28, fresh_x_centered=28, encode_gamma=20, encode_wq/wk/wv=22/22/22, encode_qkt_merge_mask=15, rescale=[normalize=off, gamma=28, wk=off, wq=off, wv=off, qkt=28, merge_mask=off])
已为 1 层启用 BLB Block 2 噪声 (N=16384, fresh_inv_std=28, fresh_x_centered=28, encode_gamma=20, encode_wq/wk/wv=22/22/22, encode_qkt_merge_mask=15, rescale=[normalize=off, gamma=28, wk=off, wq=off, wv=off, qkt=28, merge_mask=off])
已为 1 层启用 BLB Block 2 噪声 (N=16384, fresh_inv_std=20, fresh_x_centered=20, encode_gamma=16, encode_wq/wk/wv=16/16/22, encode_qkt_merge_mask=15, rescale=[normalize=off, gamma=28, wk=off, wq=off, wv=off, qkt=28, merge_mask=off])
已为 1 层启用 BLB Block 2 噪声 (N=16384, fresh_inv_std=28, fresh_x_centered=28, encode_gamma=20, encode_wq/wk/wv=22/22/22, encode_qkt_merge_mask=15, rescale=[normalize=off, gamma=28, wk=off, wq=off, wv=off, qkt=28, merge_mask=off])
已为 1 层启用 BLB Block 2 噪声 (N=16384, fresh_inv_std=28, fresh_x_centered=28, encode_gamma=20, encode_wq/wk/wv=22/22/22, encode_qkt_merge_mask=15, rescale=[normalize=off, gamma=28, wk=off, wq=off, wv=off, qkt=28, merge_mask=off])
已为 1 层启用 BLB Block 4 噪声 (N=16384, fresh_softmax/V=35/25, encode_masks(sm/V/sm_v)=14/14/14, encode_wo=22, encode_ln_inv_d=20/20, rescale=[sm_mask=off, v_mask=off, sm_v_matmul=31, sm_v_mask=off, wo=off, ln_mean=31, ln_sq=31, ln_var=off])
已为 1 层启用 BLB Block 4 噪声 (N=16384, fresh_softmax/V=29/25, encode_masks(sm/V/sm_v)=14/14/14, encode_wo=16, encode_ln_inv_d=16/20, rescale=[sm_mask=off, v_mask=off, sm_v_matmul=23, sm_v_mask=off, wo=off, ln_mean=21, ln_sq=31, ln_var=off])
已为 1 层启用 BLB Block 4 噪声 (N=16384, fresh_softmax/V=35/25, encode_masks(sm/V/sm_v)=14/14/14, encode_wo=22, encode_ln_inv_d=20/20, rescale=[sm_mask=off, v_mask=off, sm_v_matmul=31, sm_v_mask=off, wo=off, ln_mean=31, ln_sq=31, ln_var=off])
已为 1 层启用 BLB Block 4 噪声 (N=16384, fresh_softmax/V=29/25, encode_masks(sm/V/sm_v)=14/14/14, encode_wo=16, encode_ln_inv_d=16/20, rescale=[sm_mask=off, v_mask=off, sm_v_matmul=23, sm_v_mask=off, wo=off, ln_mean=21, ln_sq=31, ln_var=off])
已为 1 层启用 BLB Block 4 噪声 (N=16384, fresh_softmax/V=29/25, encode_masks(sm/V/sm_v)=14/14/14, encode_wo=16, encode_ln_inv_d=16/20, rescale=[sm_mask=off, v_mask=off, sm_v_matmul=23, sm_v_mask=off, wo=off, ln_mean=21, ln_sq=31, ln_var=off])
已为 1 层启用 BLB Block 4 噪声 (N=16384, fresh_softmax/V=35/25, encode_masks(sm/V/sm_v)=14/14/14, encode_wo=22, encode_ln_inv_d=20/20, rescale=[sm_mask=off, v_mask=off, sm_v_matmul=31, sm_v_mask=off, wo=off, ln_mean=31, ln_sq=31, ln_var=off])
已为 1 层启用 BLB Block 4 噪声 (N=16384, fresh_softmax/V=29/25, encode_masks(sm/V/sm_v)=14/14/14, encode_wo=16, encode_ln_inv_d=16/20, rescale=[sm_mask=off, v_mask=off, sm_v_matmul=23, sm_v_mask=off, wo=off, ln_mean=21, ln_sq=31, ln_var=off])
已为 1 层启用 BLB Block 4 噪声 (N=16384, fresh_softmax/V=35/25, encode_masks(sm/V/sm_v)=14/14/14, encode_wo=22, encode_ln_inv_d=20/20, rescale=[sm_mask=off, v_mask=off, sm_v_matmul=31, sm_v_mask=off, wo=off, ln_mean=31, ln_sq=31, ln_var=off])
已为 1 层启用 BLB Block 4 噪声 (N=16384, fresh_softmax/V=35/25, encode_masks(sm/V/sm_v)=14/14/14, encode_wo=22, encode_ln_inv_d=20/20, rescale=[sm_mask=off, v_mask=off, sm_v_matmul=31, sm_v_mask=off, wo=off, ln_mean=31, ln_sq=31, ln_var=off])
已为 1 层启用 BLB Block 4 噪声 (N=16384, fresh_softmax/V=35/25, encode_masks(sm/V/sm_v)=14/14/14, encode_wo=22, encode_ln_inv_d=20/20, rescale=[sm_mask=off, v_mask=off, sm_v_matmul=31, sm_v_mask=off, wo=off, ln_mean=31, ln_sq=31, ln_var=off])
已为 1 层启用 BLB Block 4 噪声 (N=16384, fresh_softmax/V=35/25, encode_masks(sm/V/sm_v)=14/14/14, encode_wo=22, encode_ln_inv_d=20/20, rescale=[sm_mask=off, v_mask=off, sm_v_matmul=31, sm_v_mask=off, wo=off, ln_mean=31, ln_sq=31, ln_var=off])
已为 1 层启用 BLB Block 4 噪声 (N=16384, fresh_softmax/V=35/25, encode_masks(sm/V/sm_v)=14/14/14, encode_wo=22, encode_ln_inv_d=20/20, rescale=[sm_mask=off, v_mask=off, sm_v_matmul=31, sm_v_mask=off, wo=off, ln_mean=31, ln_sq=31, ln_var=off])
已为 12 层启用 BLB Block 5 噪声 (gelu_degree∈{1,1,1,1,1,4,1,1,1,1,1,1}, N=16384, fresh_inv_std/x_centered=28/28, encode_gamma/wffn1/gelu_coeff=20/22/20, rescale=[normalize=26, gamma=off, wffn1=off, gelu_powers=[(none)], gelu_coeff_muls=[29]])
已为 1 层启用 BLB Block 1 噪声 (N=16384, fresh_gelu_out=30, encode_wffn2=20, encode_inv_d=20/20, rescale=[wffn2_result=off, mean=30, square=off, var=27])
已为 1 层启用 BLB Block 1 噪声 (N=16384, fresh_gelu_out=30, encode_wffn2=20, encode_inv_d=20/20, rescale=[wffn2_result=off, mean=30, square=off, var=27])
已为 1 层启用 BLB Block 1 噪声 (N=16384, fresh_gelu_out=30, encode_wffn2=20, encode_inv_d=20/20, rescale=[wffn2_result=off, mean=30, square=off, var=27])
已为 1 层启用 BLB Block 1 噪声 (N=16384, fresh_gelu_out=30, encode_wffn2=20, encode_inv_d=20/20, rescale=[wffn2_result=off, mean=30, square=off, var=27])
已为 1 层启用 BLB Block 1 噪声 (N=16384, fresh_gelu_out=30, encode_wffn2=20, encode_inv_d=20/20, rescale=[wffn2_result=off, mean=30, square=off, var=27])
已为 1 层启用 BLB Block 1 噪声 (N=16384, fresh_gelu_out=30, encode_wffn2=20, encode_inv_d=20/20, rescale=[wffn2_result=off, mean=30, square=off, var=27])
已为 1 层启用 BLB Block 1 噪声 (N=16384, fresh_gelu_out=30, encode_wffn2=20, encode_inv_d=20/20, rescale=[wffn2_result=off, mean=30, square=off, var=27])
已为 1 层启用 BLB Block 1 噪声 (N=16384, fresh_gelu_out=30, encode_wffn2=20, encode_inv_d=20/20, rescale=[wffn2_result=off, mean=30, square=off, var=27])
已为 1 层启用 BLB Block 1 噪声 (N=16384, fresh_gelu_out=30, encode_wffn2=20, encode_inv_d=20/20, rescale=[wffn2_result=off, mean=30, square=off, var=27])
已为 1 层启用 BLB Block 1 噪声 (N=16384, fresh_gelu_out=30, encode_wffn2=20, encode_inv_d=20/20, rescale=[wffn2_result=off, mean=30, square=off, var=27])
已为 1 层启用 BLB Block 1 噪声 (N=16384, fresh_gelu_out=22, encode_wffn2=14, encode_inv_d=14/14, rescale=[wffn2_result=off, mean=22, square=off, var=27])
已为 1 层启用 BLB Block 2 噪声 (N=16384, fresh_inv_std=28, fresh_x_centered=28, encode_gamma=20, encode_wq/wk/wv=22/22/22, encode_qkt_merge_mask=15, rescale=[normalize=off, gamma=28, wk=off, wq=off, wv=off, qkt=28, merge_mask=off])
已为 1 层启用 BLB Block 2 噪声 (N=16384, fresh_inv_std=28, fresh_x_centered=28, encode_gamma=20, encode_wq/wk/wv=22/22/22, encode_qkt_merge_mask=15, rescale=[normalize=off, gamma=28, wk=off, wq=off, wv=off, qkt=28, merge_mask=off])
已为 1 层启用 BLB Block 2 噪声 (N=16384, fresh_inv_std=20, fresh_x_centered=20, encode_gamma=16, encode_wq/wk/wv=16/16/22, encode_qkt_merge_mask=15, rescale=[normalize=off, gamma=28, wk=off, wq=off, wv=off, qkt=28, merge_mask=off])
已为 1 层启用 BLB Block 2 噪声 (N=16384, fresh_inv_std=20, fresh_x_centered=20, encode_gamma=16, encode_wq/wk/wv=16/16/22, encode_qkt_merge_mask=15, rescale=[normalize=off, gamma=28, wk=off, wq=off, wv=off, qkt=28, merge_mask=off])
已为 1 层启用 BLB Block 2 噪声 (N=16384, fresh_inv_std=28, fresh_x_centered=28, encode_gamma=20, encode_wq/wk/wv=22/22/22, encode_qkt_merge_mask=15, rescale=[normalize=off, gamma=28, wk=off, wq=off, wv=off, qkt=28, merge_mask=off])
已为 1 层启用 BLB Block 2 噪声 (N=16384, fresh_inv_std=28, fresh_x_centered=28, encode_gamma=20, encode_wq/wk/wv=22/22/22, encode_qkt_merge_mask=15, rescale=[normalize=off, gamma=28, wk=off, wq=off, wv=off, qkt=28, merge_mask=off])
已为 1 层启用 BLB Block 2 噪声 (N=16384, fresh_inv_std=20, fresh_x_centered=20, encode_gamma=16, encode_wq/wk/wv=16/16/22, encode_qkt_merge_mask=15, rescale=[normalize=off, gamma=28, wk=off, wq=off, wv=off, qkt=28, merge_mask=off])
已为 1 层启用 BLB Block 2 噪声 (N=16384, fresh_inv_std=28, fresh_x_centered=28, encode_gamma=20, encode_wq/wk/wv=22/22/22, encode_qkt_merge_mask=15, rescale=[normalize=off, gamma=28, wk=off, wq=off, wv=off, qkt=28, merge_mask=off])
已为 1 层启用 BLB Block 2 噪声 (N=16384, fresh_inv_std=28, fresh_x_centered=28, encode_gamma=20, encode_wq/wk/wv=22/22/22, encode_qkt_merge_mask=15, rescale=[normalize=off, gamma=28, wk=off, wq=off, wv=off, qkt=28, merge_mask=off])
已为 1 层启用 BLB Block 2 噪声 (N=16384, fresh_inv_std=20, fresh_x_centered=20, encode_gamma=16, encode_wq/wk/wv=16/16/22, encode_qkt_merge_mask=15, rescale=[normalize=off, gamma=28, wk=off, wq=off, wv=off, qkt=28, merge_mask=off])
已为 1 层启用 BLB Block 2 噪声 (N=16384, fresh_inv_std=28, fresh_x_centered=28, encode_gamma=20, encode_wq/wk/wv=22/22/22, encode_qkt_merge_mask=15, rescale=[normalize=off, gamma=28, wk=off, wq=off, wv=off, qkt=28, merge_mask=off])
已为 1 层启用 BLB Block 2 噪声 (N=16384, fresh_inv_std=28, fresh_x_centered=28, encode_gamma=20, encode_wq/wk/wv=22/22/22, encode_qkt_merge_mask=15, rescale=[normalize=off, gamma=28, wk=off, wq=off, wv=off, qkt=28, merge_mask=off])
已为 1 层启用 BLB Block 4 噪声 (N=16384, fresh_softmax/V=35/25, encode_masks(sm/V/sm_v)=14/14/14, encode_wo=22, encode_ln_inv_d=20/20, rescale=[sm_mask=off, v_mask=off, sm_v_matmul=31, sm_v_mask=off, wo=off, ln_mean=31, ln_sq=31, ln_var=off])
已为 1 层启用 BLB Block 4 噪声 (N=16384, fresh_softmax/V=29/25, encode_masks(sm/V/sm_v)=14/14/14, encode_wo=16, encode_ln_inv_d=16/20, rescale=[sm_mask=off, v_mask=off, sm_v_matmul=23, sm_v_mask=off, wo=off, ln_mean=21, ln_sq=31, ln_var=off])
已为 1 层启用 BLB Block 4 噪声 (N=16384, fresh_softmax/V=35/25, encode_masks(sm/V/sm_v)=14/14/14, encode_wo=22, encode_ln_inv_d=20/20, rescale=[sm_mask=off, v_mask=off, sm_v_matmul=31, sm_v_mask=off, wo=off, ln_mean=31, ln_sq=31, ln_var=off])
已为 1 层启用 BLB Block 4 噪声 (N=16384, fresh_softmax/V=29/25, encode_masks(sm/V/sm_v)=14/14/14, encode_wo=16, encode_ln_inv_d=16/20, rescale=[sm_mask=off, v_mask=off, sm_v_matmul=23, sm_v_mask=off, wo=off, ln_mean=21, ln_sq=31, ln_var=off])
已为 1 层启用 BLB Block 4 噪声 (N=16384, fresh_softmax/V=29/25, encode_masks(sm/V/sm_v)=14/14/14, encode_wo=16, encode_ln_inv_d=16/20, rescale=[sm_mask=off, v_mask=off, sm_v_matmul=23, sm_v_mask=off, wo=off, ln_mean=21, ln_sq=31, ln_var=off])
已为 1 层启用 BLB Block 4 噪声 (N=16384, fresh_softmax/V=35/25, encode_masks(sm/V/sm_v)=14/14/14, encode_wo=22, encode_ln_inv_d=20/20, rescale=[sm_mask=off, v_mask=off, sm_v_matmul=31, sm_v_mask=off, wo=off, ln_mean=31, ln_sq=31, ln_var=off])
已为 1 层启用 BLB Block 4 噪声 (N=16384, fresh_softmax/V=29/25, encode_masks(sm/V/sm_v)=14/14/14, encode_wo=16, encode_ln_inv_d=16/20, rescale=[sm_mask=off, v_mask=off, sm_v_matmul=23, sm_v_mask=off, wo=off, ln_mean=21, ln_sq=31, ln_var=off])
已为 1 层启用 BLB Block 4 噪声 (N=16384, fresh_softmax/V=35/25, encode_masks(sm/V/sm_v)=14/14/14, encode_wo=22, encode_ln_inv_d=20/20, rescale=[sm_mask=off, v_mask=off, sm_v_matmul=31, sm_v_mask=off, wo=off, ln_mean=31, ln_sq=31, ln_var=off])
已为 1 层启用 BLB Block 4 噪声 (N=16384, fresh_softmax/V=35/25, encode_masks(sm/V/sm_v)=14/14/14, encode_wo=22, encode_ln_inv_d=20/20, rescale=[sm_mask=off, v_mask=off, sm_v_matmul=31, sm_v_mask=off, wo=off, ln_mean=31, ln_sq=31, ln_var=off])
已为 1 层启用 BLB Block 4 噪声 (N=16384, fresh_softmax/V=35/25, encode_masks(sm/V/sm_v)=14/14/14, encode_wo=22, encode_ln_inv_d=20/20, rescale=[sm_mask=off, v_mask=off, sm_v_matmul=31, sm_v_mask=off, wo=off, ln_mean=31, ln_sq=31, ln_var=off])
已为 1 层启用 BLB Block 4 噪声 (N=16384, fresh_softmax/V=35/25, encode_masks(sm/V/sm_v)=14/14/14, encode_wo=22, encode_ln_inv_d=20/20, rescale=[sm_mask=off, v_mask=off, sm_v_matmul=31, sm_v_mask=off, wo=off, ln_mean=31, ln_sq=31, ln_var=off])
已为 1 层启用 BLB Block 4 噪声 (N=16384, fresh_softmax/V=35/25, encode_masks(sm/V/sm_v)=14/14/14, encode_wo=22, encode_ln_inv_d=20/20, rescale=[sm_mask=off, v_mask=off, sm_v_matmul=31, sm_v_mask=off, wo=off, ln_mean=31, ln_sq=31, ln_var=off])
已为 12 层启用 BLB Block 5 噪声 (gelu_degree∈{1,1,1,1,1,4,1,1,1,1,1,1}, N=16384, fresh_inv_std/x_centered=28/28, encode_gamma/wffn1/gelu_coeff=20/22/20, rescale=[normalize=26, gamma=off, wffn1=off, gelu_powers=[(none)], gelu_coeff_muls=[29]])
已为 1 层启用 BLB Block 1 噪声 (N=16384, fresh_gelu_out=30, encode_wffn2=20, encode_inv_d=20/20, rescale=[wffn2_result=off, mean=30, square=off, var=27])
已为 1 层启用 BLB Block 1 噪声 (N=16384, fresh_gelu_out=30, encode_wffn2=20, encode_inv_d=20/20, rescale=[wffn2_result=off, mean=30, square=off, var=27])
已为 1 层启用 BLB Block 1 噪声 (N=16384, fresh_gelu_out=30, encode_wffn2=20, encode_inv_d=20/20, rescale=[wffn2_result=off, mean=30, square=off, var=27])
已为 1 层启用 BLB Block 1 噪声 (N=16384, fresh_gelu_out=30, encode_wffn2=20, encode_inv_d=20/20, rescale=[wffn2_result=off, mean=30, square=off, var=27])
已为 1 层启用 BLB Block 1 噪声 (N=16384, fresh_gelu_out=30, encode_wffn2=20, encode_inv_d=20/20, rescale=[wffn2_result=off, mean=30, square=off, var=27])
已为 1 层启用 BLB Block 1 噪声 (N=16384, fresh_gelu_out=30, encode_wffn2=20, encode_inv_d=20/20, rescale=[wffn2_result=off, mean=30, square=off, var=27])
已为 1 层启用 BLB Block 1 噪声 (N=16384, fresh_gelu_out=30, encode_wffn2=20, encode_inv_d=20/20, rescale=[wffn2_result=off, mean=30, square=off, var=27])
已为 1 层启用 BLB Block 1 噪声 (N=16384, fresh_gelu_out=30, encode_wffn2=20, encode_inv_d=20/20, rescale=[wffn2_result=off, mean=30, square=off, var=27])
已为 1 层启用 BLB Block 1 噪声 (N=16384, fresh_gelu_out=30, encode_wffn2=20, encode_inv_d=20/20, rescale=[wffn2_result=off, mean=30, square=off, var=27])
已为 1 层启用 BLB Block 1 噪声 (N=16384, fresh_gelu_out=30, encode_wffn2=20, encode_inv_d=20/20, rescale=[wffn2_result=off, mean=30, square=off, var=27])
已为 1 层启用 BLB Block 1 噪声 (N=16384, fresh_gelu_out=30, encode_wffn2=20, encode_inv_d=20/20, rescale=[wffn2_result=off, mean=30, square=off, var=27])
已为 1 层启用 BLB Block 1 噪声 (N=16384, fresh_gelu_out=30, encode_wffn2=20, encode_inv_d=20/20, rescale=[wffn2_result=off, mean=30, square=off, var=27])
已为 1 层启用 BLB Block 1 噪声 (N=16384, fresh_gelu_out=22, encode_wffn2=14, encode_inv_d=14/14, rescale=[wffn2_result=off, mean=22, square=off, var=27])
已为 1 层启用 BLB Block 2 噪声 (N=16384, fresh_inv_std=28, fresh_x_centered=28, encode_gamma=20, encode_wq/wk/wv=22/22/22, encode_qkt_merge_mask=15, rescale=[normalize=off, gamma=28, wk=off, wq=off, wv=off, qkt=28, merge_mask=off])
已为 1 层启用 BLB Block 2 噪声 (N=16384, fresh_inv_std=28, fresh_x_centered=28, encode_gamma=20, encode_wq/wk/wv=22/22/22, encode_qkt_merge_mask=15, rescale=[normalize=off, gamma=28, wk=off, wq=off, wv=off, qkt=28, merge_mask=off])
已为 1 层启用 BLB Block 2 噪声 (N=16384, fresh_inv_std=20, fresh_x_centered=20, encode_gamma=16, encode_wq/wk/wv=16/16/22, encode_qkt_merge_mask=15, rescale=[normalize=off, gamma=28, wk=off, wq=off, wv=off, qkt=28, merge_mask=off])
已为 1 层启用 BLB Block 2 噪声 (N=16384, fresh_inv_std=20, fresh_x_centered=20, encode_gamma=16, encode_wq/wk/wv=16/16/22, encode_qkt_merge_mask=15, rescale=[normalize=off, gamma=28, wk=off, wq=off, wv=off, qkt=28, merge_mask=off])
已为 1 层启用 BLB Block 2 噪声 (N=16384, fresh_inv_std=28, fresh_x_centered=28, encode_gamma=20, encode_wq/wk/wv=22/22/22, encode_qkt_merge_mask=15, rescale=[normalize=off, gamma=28, wk=off, wq=off, wv=off, qkt=28, merge_mask=off])
已为 1 层启用 BLB Block 2 噪声 (N=16384, fresh_inv_std=28, fresh_x_centered=28, encode_gamma=20, encode_wq/wk/wv=22/22/22, encode_qkt_merge_mask=15, rescale=[normalize=off, gamma=28, wk=off, wq=off, wv=off, qkt=28, merge_mask=off])
已为 1 层启用 BLB Block 2 噪声 (N=16384, fresh_inv_std=20, fresh_x_centered=20, encode_gamma=16, encode_wq/wk/wv=16/16/22, encode_qkt_merge_mask=15, rescale=[normalize=off, gamma=28, wk=off, wq=off, wv=off, qkt=28, merge_mask=off])
已为 1 层启用 BLB Block 2 噪声 (N=16384, fresh_inv_std=28, fresh_x_centered=28, encode_gamma=20, encode_wq/wk/wv=22/22/22, encode_qkt_merge_mask=15, rescale=[normalize=off, gamma=28, wk=off, wq=off, wv=off, qkt=28, merge_mask=off])
已为 1 层启用 BLB Block 2 噪声 (N=16384, fresh_inv_std=28, fresh_x_centered=28, encode_gamma=20, encode_wq/wk/wv=22/22/22, encode_qkt_merge_mask=15, rescale=[normalize=off, gamma=28, wk=off, wq=off, wv=off, qkt=28, merge_mask=off])
已为 1 层启用 BLB Block 2 噪声 (N=16384, fresh_inv_std=20, fresh_x_centered=20, encode_gamma=16, encode_wq/wk/wv=16/16/22, encode_qkt_merge_mask=15, rescale=[normalize=off, gamma=28, wk=off, wq=off, wv=off, qkt=28, merge_mask=off])
已为 1 层启用 BLB Block 2 噪声 (N=16384, fresh_inv_std=28, fresh_x_centered=28, encode_gamma=20, encode_wq/wk/wv=22/22/22, encode_qkt_merge_mask=15, rescale=[normalize=off, gamma=28, wk=off, wq=off, wv=off, qkt=28, merge_mask=off])
已为 1 层启用 BLB Block 2 噪声 (N=16384, fresh_inv_std=28, fresh_x_centered=28, encode_gamma=20, encode_wq/wk/wv=22/22/22, encode_qkt_merge_mask=15, rescale=[normalize=off, gamma=28, wk=off, wq=off, wv=off, qkt=28, merge_mask=off])
已为 1 层启用 BLB Block 4 噪声 (N=16384, fresh_softmax/V=35/25, encode_masks(sm/V/sm_v)=14/14/14, encode_wo=22, encode_ln_inv_d=20/20, rescale=[sm_mask=off, v_mask=off, sm_v_matmul=31, sm_v_mask=off, wo=off, ln_mean=31, ln_sq=31, ln_var=off])
已为 1 层启用 BLB Block 4 噪声 (N=16384, fresh_softmax/V=29/25, encode_masks(sm/V/sm_v)=14/14/14, encode_wo=16, encode_ln_inv_d=16/20, rescale=[sm_mask=off, v_mask=off, sm_v_matmul=23, sm_v_mask=off, wo=off, ln_mean=21, ln_sq=31, ln_var=off])
已为 1 层启用 BLB Block 4 噪声 (N=16384, fresh_softmax/V=35/25, encode_masks(sm/V/sm_v)=14/14/14, encode_wo=22, encode_ln_inv_d=20/20, rescale=[sm_mask=off, v_mask=off, sm_v_matmul=31, sm_v_mask=off, wo=off, ln_mean=31, ln_sq=31, ln_var=off])
已为 1 层启用 BLB Block 4 噪声 (N=16384, fresh_softmax/V=29/25, encode_masks(sm/V/sm_v)=14/14/14, encode_wo=16, encode_ln_inv_d=16/20, rescale=[sm_mask=off, v_mask=off, sm_v_matmul=23, sm_v_mask=off, wo=off, ln_mean=21, ln_sq=31, ln_var=off])
已为 1 层启用 BLB Block 4 噪声 (N=16384, fresh_softmax/V=29/25, encode_masks(sm/V/sm_v)=14/14/14, encode_wo=16, encode_ln_inv_d=16/20, rescale=[sm_mask=off, v_mask=off, sm_v_matmul=23, sm_v_mask=off, wo=off, ln_mean=21, ln_sq=31, ln_var=off])
已为 1 层启用 BLB Block 4 噪声 (N=16384, fresh_softmax/V=35/25, encode_masks(sm/V/sm_v)=14/14/14, encode_wo=22, encode_ln_inv_d=20/20, rescale=[sm_mask=off, v_mask=off, sm_v_matmul=31, sm_v_mask=off, wo=off, ln_mean=31, ln_sq=31, ln_var=off])
已为 1 层启用 BLB Block 4 噪声 (N=16384, fresh_softmax/V=29/25, encode_masks(sm/V/sm_v)=14/14/14, encode_wo=16, encode_ln_inv_d=16/20, rescale=[sm_mask=off, v_mask=off, sm_v_matmul=23, sm_v_mask=off, wo=off, ln_mean=21, ln_sq=31, ln_var=off])
已为 1 层启用 BLB Block 4 噪声 (N=16384, fresh_softmax/V=35/25, encode_masks(sm/V/sm_v)=14/14/14, encode_wo=22, encode_ln_inv_d=20/20, rescale=[sm_mask=off, v_mask=off, sm_v_matmul=31, sm_v_mask=off, wo=off, ln_mean=31, ln_sq=31, ln_var=off])
已为 1 层启用 BLB Block 4 噪声 (N=16384, fresh_softmax/V=35/25, encode_masks(sm/V/sm_v)=14/14/14, encode_wo=22, encode_ln_inv_d=20/20, rescale=[sm_mask=off, v_mask=off, sm_v_matmul=31, sm_v_mask=off, wo=off, ln_mean=31, ln_sq=31, ln_var=off])
已为 1 层启用 BLB Block 4 噪声 (N=16384, fresh_softmax/V=35/25, encode_masks(sm/V/sm_v)=14/14/14, encode_wo=22, encode_ln_inv_d=20/20, rescale=[sm_mask=off, v_mask=off, sm_v_matmul=31, sm_v_mask=off, wo=off, ln_mean=31, ln_sq=31, ln_var=off])
已为 1 层启用 BLB Block 4 噪声 (N=16384, fresh_softmax/V=35/25, encode_masks(sm/V/sm_v)=14/14/14, encode_wo=22, encode_ln_inv_d=20/20, rescale=[sm_mask=off, v_mask=off, sm_v_matmul=31, sm_v_mask=off, wo=off, ln_mean=31, ln_sq=31, ln_var=off])
已为 1 层启用 BLB Block 4 噪声 (N=16384, fresh_softmax/V=35/25, encode_masks(sm/V/sm_v)=14/14/14, encode_wo=22, encode_ln_inv_d=20/20, rescale=[sm_mask=off, v_mask=off, sm_v_matmul=31, sm_v_mask=off, wo=off, ln_mean=31, ln_sq=31, ln_var=off])
已为 12 层启用 BLB Block 5 噪声 (gelu_degree∈{1,1,1,1,1,4,1,1,1,1,1,1}, N=16384, fresh_inv_std/x_centered=28/28, encode_gamma/wffn1/gelu_coeff=20/22/20, rescale=[normalize=26, gamma=off, wffn1=off, gelu_powers=[(none)], gelu_coeff_muls=[29]])已为 1 层启用 BLB Block 1 噪声 (N=16384, fresh_gelu_out=30, encode_wffn2=20, encode_inv_d=20/20, rescale=[wffn2_result=off, mean=30, square=off, var=27])
已为 1 层启用 BLB Block 1 噪声 (N=16384, fresh_gelu_out=30, encode_wffn2=20, encode_inv_d=20/20, rescale=[wffn2_result=off, mean=30, square=off, var=27])
已为 1 层启用 BLB Block 1 噪声 (N=16384, fresh_gelu_out=30, encode_wffn2=20, encode_inv_d=20/20, rescale=[wffn2_result=off, mean=30, square=off, var=27])
已为 1 层启用 BLB Block 1 噪声 (N=16384, fresh_gelu_out=30, encode_wffn2=20, encode_inv_d=20/20, rescale=[wffn2_result=off, mean=30, square=off, var=27])
已为 1 层启用 BLB Block 1 噪声 (N=16384, fresh_gelu_out=30, encode_wffn2=20, encode_inv_d=20/20, rescale=[wffn2_result=off, mean=30, square=off, var=27])
已为 1 层启用 BLB Block 1 噪声 (N=16384, fresh_gelu_out=30, encode_wffn2=20, encode_inv_d=20/20, rescale=[wffn2_result=off, mean=30, square=off, var=27])
已为 1 层启用 BLB Block 1 噪声 (N=16384, fresh_gelu_out=30, encode_wffn2=20, encode_inv_d=20/20, rescale=[wffn2_result=off, mean=30, square=off, var=27])
已为 1 层启用 BLB Block 1 噪声 (N=16384, fresh_gelu_out=30, encode_wffn2=20, encode_inv_d=20/20, rescale=[wffn2_result=off, mean=30, square=off, var=27])
已为 1 层启用 BLB Block 1 噪声 (N=16384, fresh_gelu_out=22, encode_wffn2=14, encode_inv_d=14/14, rescale=[wffn2_result=off, mean=22, square=off, var=27])
已为 1 层启用 BLB Block 2 噪声 (N=16384, fresh_inv_std=28, fresh_x_centered=28, encode_gamma=20, encode_wq/wk/wv=22/22/22, encode_qkt_merge_mask=15, rescale=[normalize=off, gamma=28, wk=off, wq=off, wv=off, qkt=28, merge_mask=off])
已为 1 层启用 BLB Block 2 噪声 (N=16384, fresh_inv_std=28, fresh_x_centered=28, encode_gamma=20, encode_wq/wk/wv=22/22/22, encode_qkt_merge_mask=15, rescale=[normalize=off, gamma=28, wk=off, wq=off, wv=off, qkt=28, merge_mask=off])
已为 1 层启用 BLB Block 2 噪声 (N=16384, fresh_inv_std=20, fresh_x_centered=20, encode_gamma=16, encode_wq/wk/wv=16/16/22, encode_qkt_merge_mask=15, rescale=[normalize=off, gamma=28, wk=off, wq=off, wv=off, qkt=28, merge_mask=off])
已为 1 层启用 BLB Block 2 噪声 (N=16384, fresh_inv_std=20, fresh_x_centered=20, encode_gamma=16, encode_wq/wk/wv=16/16/22, encode_qkt_merge_mask=15, rescale=[normalize=off, gamma=28, wk=off, wq=off, wv=off, qkt=28, merge_mask=off])
已为 1 层启用 BLB Block 2 噪声 (N=16384, fresh_inv_std=28, fresh_x_centered=28, encode_gamma=20, encode_wq/wk/wv=22/22/22, encode_qkt_merge_mask=15, rescale=[normalize=off, gamma=28, wk=off, wq=off, wv=off, qkt=28, merge_mask=off])
已为 1 层启用 BLB Block 2 噪声 (N=16384, fresh_inv_std=28, fresh_x_centered=28, encode_gamma=20, encode_wq/wk/wv=22/22/22, encode_qkt_merge_mask=15, rescale=[normalize=off, gamma=28, wk=off, wq=off, wv=off, qkt=28, merge_mask=off])
已为 1 层启用 BLB Block 2 噪声 (N=16384, fresh_inv_std=20, fresh_x_centered=20, encode_gamma=16, encode_wq/wk/wv=16/16/22, encode_qkt_merge_mask=15, rescale=[normalize=off, gamma=28, wk=off, wq=off, wv=off, qkt=28, merge_mask=off])
已为 1 层启用 BLB Block 2 噪声 (N=16384, fresh_inv_std=28, fresh_x_centered=28, encode_gamma=20, encode_wq/wk/wv=22/22/22, encode_qkt_merge_mask=15, rescale=[normalize=off, gamma=28, wk=off, wq=off, wv=off, qkt=28, merge_mask=off])
已为 1 层启用 BLB Block 2 噪声 (N=16384, fresh_inv_std=28, fresh_x_centered=28, encode_gamma=20, encode_wq/wk/wv=22/22/22, encode_qkt_merge_mask=15, rescale=[normalize=off, gamma=28, wk=off, wq=off, wv=off, qkt=28, merge_mask=off])
已为 1 层启用 BLB Block 2 噪声 (N=16384, fresh_inv_std=20, fresh_x_centered=20, encode_gamma=16, encode_wq/wk/wv=16/16/22, encode_qkt_merge_mask=15, rescale=[normalize=off, gamma=28, wk=off, wq=off, wv=off, qkt=28, merge_mask=off])
已为 1 层启用 BLB Block 2 噪声 (N=16384, fresh_inv_std=28, fresh_x_centered=28, encode_gamma=20, encode_wq/wk/wv=22/22/22, encode_qkt_merge_mask=15, rescale=[normalize=off, gamma=28, wk=off, wq=off, wv=off, qkt=28, merge_mask=off])
已为 1 层启用 BLB Block 2 噪声 (N=16384, fresh_inv_std=28, fresh_x_centered=28, encode_gamma=20, encode_wq/wk/wv=22/22/22, encode_qkt_merge_mask=15, rescale=[normalize=off, gamma=28, wk=off, wq=off, wv=off, qkt=28, merge_mask=off])
已为 1 层启用 BLB Block 4 噪声 (N=16384, fresh_softmax/V=35/25, encode_masks(sm/V/sm_v)=14/14/14, encode_wo=22, encode_ln_inv_d=20/20, rescale=[sm_mask=off, v_mask=off, sm_v_matmul=31, sm_v_mask=off, wo=off, ln_mean=31, ln_sq=31, ln_var=off])
已为 1 层启用 BLB Block 4 噪声 (N=16384, fresh_softmax/V=29/25, encode_masks(sm/V/sm_v)=14/14/14, encode_wo=16, encode_ln_inv_d=16/20, rescale=[sm_mask=off, v_mask=off, sm_v_matmul=23, sm_v_mask=off, wo=off, ln_mean=21, ln_sq=31, ln_var=off])
已为 1 层启用 BLB Block 4 噪声 (N=16384, fresh_softmax/V=35/25, encode_masks(sm/V/sm_v)=14/14/14, encode_wo=22, encode_ln_inv_d=20/20, rescale=[sm_mask=off, v_mask=off, sm_v_matmul=31, sm_v_mask=off, wo=off, ln_mean=31, ln_sq=31, ln_var=off])
已为 1 层启用 BLB Block 4 噪声 (N=16384, fresh_softmax/V=29/25, encode_masks(sm/V/sm_v)=14/14/14, encode_wo=16, encode_ln_inv_d=16/20, rescale=[sm_mask=off, v_mask=off, sm_v_matmul=23, sm_v_mask=off, wo=off, ln_mean=21, ln_sq=31, ln_var=off])
已为 1 层启用 BLB Block 4 噪声 (N=16384, fresh_softmax/V=29/25, encode_masks(sm/V/sm_v)=14/14/14, encode_wo=16, encode_ln_inv_d=16/20, rescale=[sm_mask=off, v_mask=off, sm_v_matmul=23, sm_v_mask=off, wo=off, ln_mean=21, ln_sq=31, ln_var=off])
已为 1 层启用 BLB Block 4 噪声 (N=16384, fresh_softmax/V=35/25, encode_masks(sm/V/sm_v)=14/14/14, encode_wo=22, encode_ln_inv_d=20/20, rescale=[sm_mask=off, v_mask=off, sm_v_matmul=31, sm_v_mask=off, wo=off, ln_mean=31, ln_sq=31, ln_var=off])
已为 1 层启用 BLB Block 4 噪声 (N=16384, fresh_softmax/V=29/25, encode_masks(sm/V/sm_v)=14/14/14, encode_wo=16, encode_ln_inv_d=16/20, rescale=[sm_mask=off, v_mask=off, sm_v_matmul=23, sm_v_mask=off, wo=off, ln_mean=21, ln_sq=31, ln_var=off])
已为 1 层启用 BLB Block 4 噪声 (N=16384, fresh_softmax/V=35/25, encode_masks(sm/V/sm_v)=14/14/14, encode_wo=22, encode_ln_inv_d=20/20, rescale=[sm_mask=off, v_mask=off, sm_v_matmul=31, sm_v_mask=off, wo=off, ln_mean=31, ln_sq=31, ln_var=off])
已为 1 层启用 BLB Block 4 噪声 (N=16384, fresh_softmax/V=35/25, encode_masks(sm/V/sm_v)=14/14/14, encode_wo=22, encode_ln_inv_d=20/20, rescale=[sm_mask=off, v_mask=off, sm_v_matmul=31, sm_v_mask=off, wo=off, ln_mean=31, ln_sq=31, ln_var=off])
已为 1 层启用 BLB Block 4 噪声 (N=16384, fresh_softmax/V=35/25, encode_masks(sm/V/sm_v)=14/14/14, encode_wo=22, encode_ln_inv_d=20/20, rescale=[sm_mask=off, v_mask=off, sm_v_matmul=31, sm_v_mask=off, wo=off, ln_mean=31, ln_sq=31, ln_var=off])
已为 1 层启用 BLB Block 4 噪声 (N=16384, fresh_softmax/V=35/25, encode_masks(sm/V/sm_v)=14/14/14, encode_wo=22, encode_ln_inv_d=20/20, rescale=[sm_mask=off, v_mask=off, sm_v_matmul=31, sm_v_mask=off, wo=off, ln_mean=31, ln_sq=31, ln_var=off])
已为 1 层启用 BLB Block 4 噪声 (N=16384, fresh_softmax/V=35/25, encode_masks(sm/V/sm_v)=14/14/14, encode_wo=22, encode_ln_inv_d=20/20, rescale=[sm_mask=off, v_mask=off, sm_v_matmul=31, sm_v_mask=off, wo=off, ln_mean=31, ln_sq=31, ln_var=off])
已为 12 层启用 BLB Block 5 噪声 (gelu_degree∈{1,1,1,1,1,4,1,1,1,1,1,1}, N=16384, fresh_inv_std/x_centered=28/28, encode_gamma/wffn1/gelu_coeff=20/22/20, rescale=[normalize=26, gamma=off, wffn1=off, gelu_powers=[(none)], gelu_coeff_muls=[29]])

已为 1 层启用 BLB Block 1 噪声 (N=16384, fresh_gelu_out=30, encode_wffn2=20, encode_inv_d=20/20, rescale=[wffn2_result=off, mean=30, square=off, var=27])
已为 1 层启用 BLB Block 1 噪声 (N=16384, fresh_gelu_out=30, encode_wffn2=20, encode_inv_d=20/20, rescale=[wffn2_result=off, mean=30, square=off, var=27])
已为 1 层启用 BLB Block 1 噪声 (N=16384, fresh_gelu_out=22, encode_wffn2=14, encode_inv_d=14/14, rescale=[wffn2_result=off, mean=22, square=off, var=27])
已为 1 层启用 BLB Block 1 噪声 (N=16384, fresh_gelu_out=30, encode_wffn2=20, encode_inv_d=20/20, rescale=[wffn2_result=off, mean=30, square=off, var=27])
已为 1 层启用 BLB Block 1 噪声 (N=16384, fresh_gelu_out=30, encode_wffn2=20, encode_inv_d=20/20, rescale=[wffn2_result=off, mean=30, square=off, var=27])
已为 1 层启用 BLB Block 1 噪声 (N=16384, fresh_gelu_out=22, encode_wffn2=14, encode_inv_d=14/14, rescale=[wffn2_result=off, mean=22, square=off, var=27])
已为 1 层启用 BLB Block 1 噪声 (N=16384, fresh_gelu_out=30, encode_wffn2=20, encode_inv_d=20/20, rescale=[wffn2_result=off, mean=30, square=off, var=27])
已为 1 层启用 BLB Block 1 噪声 (N=16384, fresh_gelu_out=22, encode_wffn2=14, encode_inv_d=14/14, rescale=[wffn2_result=off, mean=22, square=off, var=27])
已为 1 层启用 BLB Block 1 噪声 (N=16384, fresh_gelu_out=22, encode_wffn2=14, encode_inv_d=14/14, rescale=[wffn2_result=off, mean=22, square=off, var=27])
已为 1 层启用 BLB Block 1 噪声 (N=16384, fresh_gelu_out=30, encode_wffn2=20, encode_inv_d=20/20, rescale=[wffn2_result=off, mean=30, square=off, var=27])
已为 1 层启用 BLB Block 1 噪声 (N=16384, fresh_gelu_out=22, encode_wffn2=14, encode_inv_d=14/14, rescale=[wffn2_result=off, mean=22, square=off, var=27])
已为 1 层启用 BLB Block 2 噪声 (N=16384, fresh_inv_std=20, fresh_x_centered=20, encode_gamma=16, encode_wq/wk/wv=16/16/22, encode_qkt_merge_mask=15, rescale=[normalize=off, gamma=28, wk=off, wq=off, wv=off, qkt=28, merge_mask=off])
已为 1 层启用 BLB Block 2 噪声 (N=16384, fresh_inv_std=28, fresh_x_centered=28, encode_gamma=20, encode_wq/wk/wv=22/22/22, encode_qkt_merge_mask=15, rescale=[normalize=off, gamma=28, wk=off, wq=off, wv=off, qkt=28, merge_mask=off])
已为 1 层启用 BLB Block 2 噪声 (N=16384, fresh_inv_std=28, fresh_x_centered=28, encode_gamma=20, encode_wq/wk/wv=22/22/22, encode_qkt_merge_mask=15, rescale=[normalize=off, gamma=28, wk=off, wq=off, wv=off, qkt=28, merge_mask=off])
已为 1 层启用 BLB Block 2 噪声 (N=16384, fresh_inv_std=28, fresh_x_centered=28, encode_gamma=20, encode_wq/wk/wv=22/22/22, encode_qkt_merge_mask=15, rescale=[normalize=off, gamma=28, wk=off, wq=off, wv=off, qkt=28, merge_mask=off])
已为 1 层启用 BLB Block 2 噪声 (N=16384, fresh_inv_std=28, fresh_x_centered=28, encode_gamma=20, encode_wq/wk/wv=22/22/22, encode_qkt_merge_mask=15, rescale=[normalize=off, gamma=28, wk=off, wq=off, wv=off, qkt=28, merge_mask=off])
已为 1 层启用 BLB Block 2 噪声 (N=16384, fresh_inv_std=28, fresh_x_centered=28, encode_gamma=20, encode_wq/wk/wv=22/22/22, encode_qkt_merge_mask=15, rescale=[normalize=off, gamma=28, wk=off, wq=off, wv=off, qkt=28, merge_mask=off])
已为 1 层启用 BLB Block 2 噪声 (N=16384, fresh_inv_std=28, fresh_x_centered=28, encode_gamma=20, encode_wq/wk/wv=22/22/22, encode_qkt_merge_mask=15, rescale=[normalize=off, gamma=28, wk=off, wq=off, wv=off, qkt=28, merge_mask=off])
已为 1 层启用 BLB Block 2 噪声 (N=16384, fresh_inv_std=28, fresh_x_centered=28, encode_gamma=20, encode_wq/wk/wv=22/22/22, encode_qkt_merge_mask=15, rescale=[normalize=off, gamma=28, wk=off, wq=off, wv=off, qkt=28, merge_mask=off])
已为 1 层启用 BLB Block 2 噪声 (N=16384, fresh_inv_std=28, fresh_x_centered=28, encode_gamma=20, encode_wq/wk/wv=22/22/22, encode_qkt_merge_mask=15, rescale=[normalize=off, gamma=28, wk=off, wq=off, wv=off, qkt=28, merge_mask=off])
已为 1 层启用 BLB Block 2 噪声 (N=16384, fresh_inv_std=20, fresh_x_centered=20, encode_gamma=16, encode_wq/wk/wv=16/16/22, encode_qkt_merge_mask=15, rescale=[normalize=off, gamma=28, wk=off, wq=off, wv=off, qkt=28, merge_mask=off])
已为 1 层启用 BLB Block 2 噪声 (N=16384, fresh_inv_std=28, fresh_x_centered=28, encode_gamma=20, encode_wq/wk/wv=22/22/22, encode_qkt_merge_mask=15, rescale=[normalize=off, gamma=28, wk=off, wq=off, wv=off, qkt=28, merge_mask=off])
已为 1 层启用 BLB Block 2 噪声 (N=16384, fresh_inv_std=28, fresh_x_centered=28, encode_gamma=20, encode_wq/wk/wv=22/22/22, encode_qkt_merge_mask=15, rescale=[normalize=off, gamma=28, wk=off, wq=off, wv=off, qkt=28, merge_mask=off])
已为 1 层启用 BLB Block 4 噪声 (N=16384, fresh_softmax/V=35/25, encode_masks(sm/V/sm_v)=14/14/14, encode_wo=22, encode_ln_inv_d=20/20, rescale=[sm_mask=off, v_mask=off, sm_v_matmul=31, sm_v_mask=off, wo=off, ln_mean=31, ln_sq=31, ln_var=off])
已为 1 层启用 BLB Block 4 噪声 (N=16384, fresh_softmax/V=29/25, encode_masks(sm/V/sm_v)=14/14/14, encode_wo=16, encode_ln_inv_d=16/20, rescale=[sm_mask=off, v_mask=off, sm_v_matmul=23, sm_v_mask=off, wo=off, ln_mean=21, ln_sq=31, ln_var=off])
已为 1 层启用 BLB Block 4 噪声 (N=16384, fresh_softmax/V=35/25, encode_masks(sm/V/sm_v)=14/14/14, encode_wo=22, encode_ln_inv_d=20/20, rescale=[sm_mask=off, v_mask=off, sm_v_matmul=31, sm_v_mask=off, wo=off, ln_mean=31, ln_sq=31, ln_var=off])
已为 1 层启用 BLB Block 4 噪声 (N=16384, fresh_softmax/V=29/25, encode_masks(sm/V/sm_v)=14/14/14, encode_wo=16, encode_ln_inv_d=16/20, rescale=[sm_mask=off, v_mask=off, sm_v_matmul=23, sm_v_mask=off, wo=off, ln_mean=21, ln_sq=31, ln_var=off])
已为 1 层启用 BLB Block 4 噪声 (N=16384, fresh_softmax/V=29/25, encode_masks(sm/V/sm_v)=14/14/14, encode_wo=16, encode_ln_inv_d=16/20, rescale=[sm_mask=off, v_mask=off, sm_v_matmul=23, sm_v_mask=off, wo=off, ln_mean=21, ln_sq=31, ln_var=off])
已为 1 层启用 BLB Block 4 噪声 (N=16384, fresh_softmax/V=35/25, encode_masks(sm/V/sm_v)=14/14/14, encode_wo=22, encode_ln_inv_d=20/20, rescale=[sm_mask=off, v_mask=off, sm_v_matmul=31, sm_v_mask=off, wo=off, ln_mean=31, ln_sq=31, ln_var=off])
已为 1 层启用 BLB Block 4 噪声 (N=16384, fresh_softmax/V=29/25, encode_masks(sm/V/sm_v)=14/14/14, encode_wo=16, encode_ln_inv_d=16/20, rescale=[sm_mask=off, v_mask=off, sm_v_matmul=23, sm_v_mask=off, wo=off, ln_mean=21, ln_sq=31, ln_var=off])
已为 1 层启用 BLB Block 4 噪声 (N=16384, fresh_softmax/V=35/25, encode_masks(sm/V/sm_v)=14/14/14, encode_wo=22, encode_ln_inv_d=20/20, rescale=[sm_mask=off, v_mask=off, sm_v_matmul=31, sm_v_mask=off, wo=off, ln_mean=31, ln_sq=31, ln_var=off])
已为 1 层启用 BLB Block 4 噪声 (N=16384, fresh_softmax/V=35/25, encode_masks(sm/V/sm_v)=14/14/14, encode_wo=22, encode_ln_inv_d=20/20, rescale=[sm_mask=off, v_mask=off, sm_v_matmul=31, sm_v_mask=off, wo=off, ln_mean=31, ln_sq=31, ln_var=off])
已为 1 层启用 BLB Block 4 噪声 (N=16384, fresh_softmax/V=35/25, encode_masks(sm/V/sm_v)=14/14/14, encode_wo=22, encode_ln_inv_d=20/20, rescale=[sm_mask=off, v_mask=off, sm_v_matmul=31, sm_v_mask=off, wo=off, ln_mean=31, ln_sq=31, ln_var=off])
已为 1 层启用 BLB Block 4 噪声 (N=16384, fresh_softmax/V=35/25, encode_masks(sm/V/sm_v)=14/14/14, encode_wo=22, encode_ln_inv_d=20/20, rescale=[sm_mask=off, v_mask=off, sm_v_matmul=31, sm_v_mask=off, wo=off, ln_mean=31, ln_sq=31, ln_var=off])
已为 1 层启用 BLB Block 4 噪声 (N=16384, fresh_softmax/V=35/25, encode_masks(sm/V/sm_v)=14/14/14, encode_wo=22, encode_ln_inv_d=20/20, rescale=[sm_mask=off, v_mask=off, sm_v_matmul=31, sm_v_mask=off, wo=off, ln_mean=31, ln_sq=31, ln_var=off])
已为 12 层启用 BLB Block 5 噪声 (gelu_degree∈{1,1,1,1,1,4,1,1,1,1,1,1}, N=16384, fresh_inv_std/x_centered=28/28, encode_gamma/wffn1/gelu_coeff=20/22/20, rescale=[normalize=26, gamma=off, wffn1=off, gelu_powers=[(none)], gelu_coeff_muls=[29]])
已为 1 层启用 BLB Block 1 噪声 (N=16384, fresh_gelu_out=30, encode_wffn2=20, encode_inv_d=20/20, rescale=[wffn2_result=off, mean=30, square=off, var=27])
已为 1 层启用 BLB Block 1 噪声 (N=16384, fresh_gelu_out=30, encode_wffn2=20, encode_inv_d=20/20, rescale=[wffn2_result=off, mean=30, square=off, var=27])
已为 1 层启用 BLB Block 1 噪声 (N=16384, fresh_gelu_out=22, encode_wffn2=14, encode_inv_d=14/14, rescale=[wffn2_result=off, mean=22, square=off, var=27])
已为 1 层启用 BLB Block 1 噪声 (N=16384, fresh_gelu_out=30, encode_wffn2=20, encode_inv_d=20/20, rescale=[wffn2_result=off, mean=30, square=off, var=27])
已为 1 层启用 BLB Block 1 噪声 (N=16384, fresh_gelu_out=30, encode_wffn2=20, encode_inv_d=20/20, rescale=[wffn2_result=off, mean=30, square=off, var=27])
已为 1 层启用 BLB Block 1 噪声 (N=16384, fresh_gelu_out=22, encode_wffn2=14, encode_inv_d=14/14, rescale=[wffn2_result=off, mean=22, square=off, var=27])已为 1 层启用 BLB Block 1 噪声 (N=16384, fresh_gelu_out=30, encode_wffn2=20, encode_inv_d=20/20, rescale=[wffn2_result=off, mean=30, square=off, var=27])
已为 1 层启用 BLB Block 1 噪声 (N=16384, fresh_gelu_out=30, encode_wffn2=20, encode_inv_d=20/20, rescale=[wffn2_result=off, mean=30, square=off, var=27])

已为 1 层启用 BLB Block 1 噪声 (N=16384, fresh_gelu_out=30, encode_wffn2=20, encode_inv_d=20/20, rescale=[wffn2_result=off, mean=30, square=off, var=27])
已为 1 层启用 BLB Block 1 噪声 (N=16384, fresh_gelu_out=30, encode_wffn2=20, encode_inv_d=20/20, rescale=[wffn2_result=off, mean=30, square=off, var=27])
已为 1 层启用 BLB Block 1 噪声 (N=16384, fresh_gelu_out=22, encode_wffn2=14, encode_inv_d=14/14, rescale=[wffn2_result=off, mean=22, square=off, var=27])
已为 1 层启用 BLB Block 1 噪声 (N=16384, fresh_gelu_out=30, encode_wffn2=20, encode_inv_d=20/20, rescale=[wffn2_result=off, mean=30, square=off, var=27])
已为 1 层启用 BLB Block 1 噪声 (N=16384, fresh_gelu_out=22, encode_wffn2=14, encode_inv_d=14/14, rescale=[wffn2_result=off, mean=22, square=off, var=27])
已为 1 层启用 BLB Block 1 噪声 (N=16384, fresh_gelu_out=30, encode_wffn2=20, encode_inv_d=20/20, rescale=[wffn2_result=off, mean=30, square=off, var=27])
已为 1 层启用 BLB Block 1 噪声 (N=16384, fresh_gelu_out=22, encode_wffn2=14, encode_inv_d=14/14, rescale=[wffn2_result=off, mean=22, square=off, var=27])
已为 1 层启用 BLB Block 1 噪声 (N=16384, fresh_gelu_out=22, encode_wffn2=14, encode_inv_d=14/14, rescale=[wffn2_result=off, mean=22, square=off, var=27])
已为 1 层启用 BLB Block 1 噪声 (N=16384, fresh_gelu_out=30, encode_wffn2=20, encode_inv_d=20/20, rescale=[wffn2_result=off, mean=30, square=off, var=27])
已为 1 层启用 BLB Block 1 噪声 (N=16384, fresh_gelu_out=22, encode_wffn2=14, encode_inv_d=14/14, rescale=[wffn2_result=off, mean=22, square=off, var=27])
已为 1 层启用 BLB Block 1 噪声 (N=16384, fresh_gelu_out=22, encode_wffn2=14, encode_inv_d=14/14, rescale=[wffn2_result=off, mean=22, square=off, var=27])
已为 1 层启用 BLB Block 2 噪声 (N=16384, fresh_inv_std=20, fresh_x_centered=20, encode_gamma=16, encode_wq/wk/wv=16/16/22, encode_qkt_merge_mask=15, rescale=[normalize=off, gamma=28, wk=off, wq=off, wv=off, qkt=28, merge_mask=off])
已为 1 层启用 BLB Block 2 噪声 (N=16384, fresh_inv_std=28, fresh_x_centered=28, encode_gamma=20, encode_wq/wk/wv=22/22/22, encode_qkt_merge_mask=15, rescale=[normalize=off, gamma=28, wk=off, wq=off, wv=off, qkt=28, merge_mask=off])
已为 1 层启用 BLB Block 2 噪声 (N=16384, fresh_inv_std=28, fresh_x_centered=28, encode_gamma=20, encode_wq/wk/wv=22/22/22, encode_qkt_merge_mask=15, rescale=[normalize=off, gamma=28, wk=off, wq=off, wv=off, qkt=28, merge_mask=off])
已为 1 层启用 BLB Block 2 噪声 (N=16384, fresh_inv_std=28, fresh_x_centered=28, encode_gamma=20, encode_wq/wk/wv=22/22/22, encode_qkt_merge_mask=15, rescale=[normalize=off, gamma=28, wk=off, wq=off, wv=off, qkt=28, merge_mask=off])
已为 1 层启用 BLB Block 2 噪声 (N=16384, fresh_inv_std=28, fresh_x_centered=28, encode_gamma=20, encode_wq/wk/wv=22/22/22, encode_qkt_merge_mask=15, rescale=[normalize=off, gamma=28, wk=off, wq=off, wv=off, qkt=28, merge_mask=off])
已为 1 层启用 BLB Block 2 噪声 (N=16384, fresh_inv_std=28, fresh_x_centered=28, encode_gamma=20, encode_wq/wk/wv=22/22/22, encode_qkt_merge_mask=15, rescale=[normalize=off, gamma=28, wk=off, wq=off, wv=off, qkt=28, merge_mask=off])
已为 1 层启用 BLB Block 2 噪声 (N=16384, fresh_inv_std=28, fresh_x_centered=28, encode_gamma=20, encode_wq/wk/wv=22/22/22, encode_qkt_merge_mask=15, rescale=[normalize=off, gamma=28, wk=off, wq=off, wv=off, qkt=28, merge_mask=off])
已为 1 层启用 BLB Block 2 噪声 (N=16384, fresh_inv_std=28, fresh_x_centered=28, encode_gamma=20, encode_wq/wk/wv=22/22/22, encode_qkt_merge_mask=15, rescale=[normalize=off, gamma=28, wk=off, wq=off, wv=off, qkt=28, merge_mask=off])
已为 1 层启用 BLB Block 2 噪声 (N=16384, fresh_inv_std=28, fresh_x_centered=28, encode_gamma=20, encode_wq/wk/wv=22/22/22, encode_qkt_merge_mask=15, rescale=[normalize=off, gamma=28, wk=off, wq=off, wv=off, qkt=28, merge_mask=off])
已为 1 层启用 BLB Block 2 噪声 (N=16384, fresh_inv_std=20, fresh_x_centered=20, encode_gamma=16, encode_wq/wk/wv=16/16/22, encode_qkt_merge_mask=15, rescale=[normalize=off, gamma=28, wk=off, wq=off, wv=off, qkt=28, merge_mask=off])
已为 1 层启用 BLB Block 2 噪声 (N=16384, fresh_inv_std=28, fresh_x_centered=28, encode_gamma=20, encode_wq/wk/wv=22/22/22, encode_qkt_merge_mask=15, rescale=[normalize=off, gamma=28, wk=off, wq=off, wv=off, qkt=28, merge_mask=off])
已为 1 层启用 BLB Block 2 噪声 (N=16384, fresh_inv_std=28, fresh_x_centered=28, encode_gamma=20, encode_wq/wk/wv=22/22/22, encode_qkt_merge_mask=15, rescale=[normalize=off, gamma=28, wk=off, wq=off, wv=off, qkt=28, merge_mask=off])
已为 1 层启用 BLB Block 4 噪声 (N=16384, fresh_softmax/V=35/25, encode_masks(sm/V/sm_v)=14/14/14, encode_wo=22, encode_ln_inv_d=20/20, rescale=[sm_mask=off, v_mask=off, sm_v_matmul=31, sm_v_mask=off, wo=off, ln_mean=31, ln_sq=31, ln_var=off])
已为 1 层启用 BLB Block 4 噪声 (N=16384, fresh_softmax/V=29/25, encode_masks(sm/V/sm_v)=14/14/14, encode_wo=16, encode_ln_inv_d=16/20, rescale=[sm_mask=off, v_mask=off, sm_v_matmul=23, sm_v_mask=off, wo=off, ln_mean=21, ln_sq=31, ln_var=off])
已为 1 层启用 BLB Block 4 噪声 (N=16384, fresh_softmax/V=35/25, encode_masks(sm/V/sm_v)=14/14/14, encode_wo=22, encode_ln_inv_d=20/20, rescale=[sm_mask=off, v_mask=off, sm_v_matmul=31, sm_v_mask=off, wo=off, ln_mean=31, ln_sq=31, ln_var=off])
已为 1 层启用 BLB Block 4 噪声 (N=16384, fresh_softmax/V=29/25, encode_masks(sm/V/sm_v)=14/14/14, encode_wo=16, encode_ln_inv_d=16/20, rescale=[sm_mask=off, v_mask=off, sm_v_matmul=23, sm_v_mask=off, wo=off, ln_mean=21, ln_sq=31, ln_var=off])
已为 1 层启用 BLB Block 4 噪声 (N=16384, fresh_softmax/V=29/25, encode_masks(sm/V/sm_v)=14/14/14, encode_wo=16, encode_ln_inv_d=16/20, rescale=[sm_mask=off, v_mask=off, sm_v_matmul=23, sm_v_mask=off, wo=off, ln_mean=21, ln_sq=31, ln_var=off])
已为 1 层启用 BLB Block 4 噪声 (N=16384, fresh_softmax/V=35/25, encode_masks(sm/V/sm_v)=14/14/14, encode_wo=22, encode_ln_inv_d=20/20, rescale=[sm_mask=off, v_mask=off, sm_v_matmul=31, sm_v_mask=off, wo=off, ln_mean=31, ln_sq=31, ln_var=off])
已为 1 层启用 BLB Block 4 噪声 (N=16384, fresh_softmax/V=29/25, encode_masks(sm/V/sm_v)=14/14/14, encode_wo=16, encode_ln_inv_d=16/20, rescale=[sm_mask=off, v_mask=off, sm_v_matmul=23, sm_v_mask=off, wo=off, ln_mean=21, ln_sq=31, ln_var=off])
已为 1 层启用 BLB Block 4 噪声 (N=16384, fresh_softmax/V=35/25, encode_masks(sm/V/sm_v)=14/14/14, encode_wo=22, encode_ln_inv_d=20/20, rescale=[sm_mask=off, v_mask=off, sm_v_matmul=31, sm_v_mask=off, wo=off, ln_mean=31, ln_sq=31, ln_var=off])
已为 1 层启用 BLB Block 4 噪声 (N=16384, fresh_softmax/V=35/25, encode_masks(sm/V/sm_v)=14/14/14, encode_wo=22, encode_ln_inv_d=20/20, rescale=[sm_mask=off, v_mask=off, sm_v_matmul=31, sm_v_mask=off, wo=off, ln_mean=31, ln_sq=31, ln_var=off])
已为 1 层启用 BLB Block 4 噪声 (N=16384, fresh_softmax/V=35/25, encode_masks(sm/V/sm_v)=14/14/14, encode_wo=22, encode_ln_inv_d=20/20, rescale=[sm_mask=off, v_mask=off, sm_v_matmul=31, sm_v_mask=off, wo=off, ln_mean=31, ln_sq=31, ln_var=off])
已为 1 层启用 BLB Block 4 噪声 (N=16384, fresh_softmax/V=35/25, encode_masks(sm/V/sm_v)=14/14/14, encode_wo=22, encode_ln_inv_d=20/20, rescale=[sm_mask=off, v_mask=off, sm_v_matmul=31, sm_v_mask=off, wo=off, ln_mean=31, ln_sq=31, ln_var=off])
已为 1 层启用 BLB Block 4 噪声 (N=16384, fresh_softmax/V=35/25, encode_masks(sm/V/sm_v)=14/14/14, encode_wo=22, encode_ln_inv_d=20/20, rescale=[sm_mask=off, v_mask=off, sm_v_matmul=31, sm_v_mask=off, wo=off, ln_mean=31, ln_sq=31, ln_var=off])
已为 12 层启用 BLB Block 5 噪声 (gelu_degree∈{1,1,1,1,1,4,1,1,1,1,1,1}, N=16384, fresh_inv_std/x_centered=28/28, encode_gamma/wffn1/gelu_coeff=20/22/20, rescale=[normalize=26, gamma=off, wffn1=off, gelu_powers=[(none)], gelu_coeff_muls=[29]])已为 1 层启用 BLB Block 1 噪声 (N=16384, fresh_gelu_out=22, encode_wffn2=14, encode_inv_d=14/14, rescale=[wffn2_result=off, mean=22, square=off, var=27])
已为 1 层启用 BLB Block 1 噪声 (N=16384, fresh_gelu_out=30, encode_wffn2=20, encode_inv_d=20/20, rescale=[wffn2_result=off, mean=30, square=off, var=27])
已为 1 层启用 BLB Block 1 噪声 (N=16384, fresh_gelu_out=22, encode_wffn2=14, encode_inv_d=14/14, rescale=[wffn2_result=off, mean=22, square=off, var=27])
已为 1 层启用 BLB Block 2 噪声 (N=16384, fresh_inv_std=20, fresh_x_centered=20, encode_gamma=16, encode_wq/wk/wv=16/16/22, encode_qkt_merge_mask=15, rescale=[normalize=off, gamma=28, wk=off, wq=off, wv=off, qkt=28, merge_mask=off])
已为 1 层启用 BLB Block 2 噪声 (N=16384, fresh_inv_std=28, fresh_x_centered=28, encode_gamma=20, encode_wq/wk/wv=22/22/22, encode_qkt_merge_mask=15, rescale=[normalize=off, gamma=28, wk=off, wq=off, wv=off, qkt=28, merge_mask=off])
已为 1 层启用 BLB Block 2 噪声 (N=16384, fresh_inv_std=28, fresh_x_centered=28, encode_gamma=20, encode_wq/wk/wv=22/22/22, encode_qkt_merge_mask=15, rescale=[normalize=off, gamma=28, wk=off, wq=off, wv=off, qkt=28, merge_mask=off])
已为 1 层启用 BLB Block 2 噪声 (N=16384, fresh_inv_std=28, fresh_x_centered=28, encode_gamma=20, encode_wq/wk/wv=22/22/22, encode_qkt_merge_mask=15, rescale=[normalize=off, gamma=28, wk=off, wq=off, wv=off, qkt=28, merge_mask=off])
已为 1 层启用 BLB Block 2 噪声 (N=16384, fresh_inv_std=28, fresh_x_centered=28, encode_gamma=20, encode_wq/wk/wv=22/22/22, encode_qkt_merge_mask=15, rescale=[normalize=off, gamma=28, wk=off, wq=off, wv=off, qkt=28, merge_mask=off])
已为 1 层启用 BLB Block 2 噪声 (N=16384, fresh_inv_std=28, fresh_x_centered=28, encode_gamma=20, encode_wq/wk/wv=22/22/22, encode_qkt_merge_mask=15, rescale=[normalize=off, gamma=28, wk=off, wq=off, wv=off, qkt=28, merge_mask=off])
已为 1 层启用 BLB Block 2 噪声 (N=16384, fresh_inv_std=28, fresh_x_centered=28, encode_gamma=20, encode_wq/wk/wv=22/22/22, encode_qkt_merge_mask=15, rescale=[normalize=off, gamma=28, wk=off, wq=off, wv=off, qkt=28, merge_mask=off])
已为 1 层启用 BLB Block 2 噪声 (N=16384, fresh_inv_std=28, fresh_x_centered=28, encode_gamma=20, encode_wq/wk/wv=22/22/22, encode_qkt_merge_mask=15, rescale=[normalize=off, gamma=28, wk=off, wq=off, wv=off, qkt=28, merge_mask=off])
已为 1 层启用 BLB Block 2 噪声 (N=16384, fresh_inv_std=28, fresh_x_centered=28, encode_gamma=20, encode_wq/wk/wv=22/22/22, encode_qkt_merge_mask=15, rescale=[normalize=off, gamma=28, wk=off, wq=off, wv=off, qkt=28, merge_mask=off])
已为 1 层启用 BLB Block 2 噪声 (N=16384, fresh_inv_std=20, fresh_x_centered=20, encode_gamma=16, encode_wq/wk/wv=16/16/22, encode_qkt_merge_mask=15, rescale=[normalize=off, gamma=28, wk=off, wq=off, wv=off, qkt=28, merge_mask=off])
已为 1 层启用 BLB Block 2 噪声 (N=16384, fresh_inv_std=28, fresh_x_centered=28, encode_gamma=20, encode_wq/wk/wv=22/22/22, encode_qkt_merge_mask=15, rescale=[normalize=off, gamma=28, wk=off, wq=off, wv=off, qkt=28, merge_mask=off])
已为 1 层启用 BLB Block 2 噪声 (N=16384, fresh_inv_std=28, fresh_x_centered=28, encode_gamma=20, encode_wq/wk/wv=22/22/22, encode_qkt_merge_mask=15, rescale=[normalize=off, gamma=28, wk=off, wq=off, wv=off, qkt=28, merge_mask=off])
已为 1 层启用 BLB Block 4 噪声 (N=16384, fresh_softmax/V=35/25, encode_masks(sm/V/sm_v)=14/14/14, encode_wo=22, encode_ln_inv_d=20/20, rescale=[sm_mask=off, v_mask=off, sm_v_matmul=31, sm_v_mask=off, wo=off, ln_mean=31, ln_sq=31, ln_var=off])
已为 1 层启用 BLB Block 4 噪声 (N=16384, fresh_softmax/V=29/25, encode_masks(sm/V/sm_v)=14/14/14, encode_wo=16, encode_ln_inv_d=16/20, rescale=[sm_mask=off, v_mask=off, sm_v_matmul=23, sm_v_mask=off, wo=off, ln_mean=21, ln_sq=31, ln_var=off])
已为 1 层启用 BLB Block 4 噪声 (N=16384, fresh_softmax/V=35/25, encode_masks(sm/V/sm_v)=14/14/14, encode_wo=22, encode_ln_inv_d=20/20, rescale=[sm_mask=off, v_mask=off, sm_v_matmul=31, sm_v_mask=off, wo=off, ln_mean=31, ln_sq=31, ln_var=off])
已为 1 层启用 BLB Block 4 噪声 (N=16384, fresh_softmax/V=29/25, encode_masks(sm/V/sm_v)=14/14/14, encode_wo=16, encode_ln_inv_d=16/20, rescale=[sm_mask=off, v_mask=off, sm_v_matmul=23, sm_v_mask=off, wo=off, ln_mean=21, ln_sq=31, ln_var=off])
已为 1 层启用 BLB Block 4 噪声 (N=16384, fresh_softmax/V=29/25, encode_masks(sm/V/sm_v)=14/14/14, encode_wo=16, encode_ln_inv_d=16/20, rescale=[sm_mask=off, v_mask=off, sm_v_matmul=23, sm_v_mask=off, wo=off, ln_mean=21, ln_sq=31, ln_var=off])
已为 1 层启用 BLB Block 4 噪声 (N=16384, fresh_softmax/V=35/25, encode_masks(sm/V/sm_v)=14/14/14, encode_wo=22, encode_ln_inv_d=20/20, rescale=[sm_mask=off, v_mask=off, sm_v_matmul=31, sm_v_mask=off, wo=off, ln_mean=31, ln_sq=31, ln_var=off])
已为 1 层启用 BLB Block 4 噪声 (N=16384, fresh_softmax/V=29/25, encode_masks(sm/V/sm_v)=14/14/14, encode_wo=16, encode_ln_inv_d=16/20, rescale=[sm_mask=off, v_mask=off, sm_v_matmul=23, sm_v_mask=off, wo=off, ln_mean=21, ln_sq=31, ln_var=off])
已为 1 层启用 BLB Block 4 噪声 (N=16384, fresh_softmax/V=35/25, encode_masks(sm/V/sm_v)=14/14/14, encode_wo=22, encode_ln_inv_d=20/20, rescale=[sm_mask=off, v_mask=off, sm_v_matmul=31, sm_v_mask=off, wo=off, ln_mean=31, ln_sq=31, ln_var=off])
已为 1 层启用 BLB Block 4 噪声 (N=16384, fresh_softmax/V=35/25, encode_masks(sm/V/sm_v)=14/14/14, encode_wo=22, encode_ln_inv_d=20/20, rescale=[sm_mask=off, v_mask=off, sm_v_matmul=31, sm_v_mask=off, wo=off, ln_mean=31, ln_sq=31, ln_var=off])
已为 1 层启用 BLB Block 4 噪声 (N=16384, fresh_softmax/V=35/25, encode_masks(sm/V/sm_v)=14/14/14, encode_wo=22, encode_ln_inv_d=20/20, rescale=[sm_mask=off, v_mask=off, sm_v_matmul=31, sm_v_mask=off, wo=off, ln_mean=31, ln_sq=31, ln_var=off])
已为 1 层启用 BLB Block 4 噪声 (N=16384, fresh_softmax/V=35/25, encode_masks(sm/V/sm_v)=14/14/14, encode_wo=22, encode_ln_inv_d=20/20, rescale=[sm_mask=off, v_mask=off, sm_v_matmul=31, sm_v_mask=off, wo=off, ln_mean=31, ln_sq=31, ln_var=off])
已为 1 层启用 BLB Block 4 噪声 (N=16384, fresh_softmax/V=35/25, encode_masks(sm/V/sm_v)=14/14/14, encode_wo=22, encode_ln_inv_d=20/20, rescale=[sm_mask=off, v_mask=off, sm_v_matmul=31, sm_v_mask=off, wo=off, ln_mean=31, ln_sq=31, ln_var=off])
已为 12 层启用 BLB Block 5 噪声 (gelu_degree∈{1,1,1,1,1,4,1,1,1,1,1,1}, N=16384, fresh_inv_std/x_centered=28/28, encode_gamma/wffn1/gelu_coeff=20/22/20, rescale=[normalize=26, gamma=off, wffn1=off, gelu_powers=[(none)], gelu_coeff_muls=[29]])

已为 1 层启用 BLB Block 1 噪声 (N=16384, fresh_gelu_out=30, encode_wffn2=20, encode_inv_d=20/20, rescale=[wffn2_result=off, mean=30, square=off, var=27])
已为 1 层启用 BLB Block 1 噪声 (N=16384, fresh_gelu_out=30, encode_wffn2=20, encode_inv_d=20/20, rescale=[wffn2_result=off, mean=30, square=off, var=27])
已为 1 层启用 BLB Block 1 噪声 (N=16384, fresh_gelu_out=22, encode_wffn2=14, encode_inv_d=14/14, rescale=[wffn2_result=off, mean=22, square=off, var=27])
已为 1 层启用 BLB Block 1 噪声 (N=16384, fresh_gelu_out=30, encode_wffn2=20, encode_inv_d=20/20, rescale=[wffn2_result=off, mean=30, square=off, var=27])
已为 1 层启用 BLB Block 1 噪声 (N=16384, fresh_gelu_out=30, encode_wffn2=20, encode_inv_d=20/20, rescale=[wffn2_result=off, mean=30, square=off, var=27])
已为 1 层启用 BLB Block 1 噪声 (N=16384, fresh_gelu_out=22, encode_wffn2=14, encode_inv_d=14/14, rescale=[wffn2_result=off, mean=22, square=off, var=27])
已为 1 层启用 BLB Block 1 噪声 (N=16384, fresh_gelu_out=30, encode_wffn2=20, encode_inv_d=20/20, rescale=[wffn2_result=off, mean=30, square=off, var=27])
已为 1 层启用 BLB Block 1 噪声 (N=16384, fresh_gelu_out=22, encode_wffn2=14, encode_inv_d=14/14, rescale=[wffn2_result=off, mean=22, square=off, var=27])
已为 1 层启用 BLB Block 1 噪声 (N=16384, fresh_gelu_out=22, encode_wffn2=14, encode_inv_d=14/14, rescale=[wffn2_result=off, mean=22, square=off, var=27])
已为 1 层启用 BLB Block 1 噪声 (N=16384, fresh_gelu_out=30, encode_wffn2=20, encode_inv_d=20/20, rescale=[wffn2_result=off, mean=30, square=off, var=27])
已为 1 层启用 BLB Block 1 噪声 (N=16384, fresh_gelu_out=22, encode_wffn2=14, encode_inv_d=14/14, rescale=[wffn2_result=off, mean=22, square=off, var=27])
已为 1 层启用 BLB Block 2 噪声 (N=16384, fresh_inv_std=20, fresh_x_centered=20, encode_gamma=16, encode_wq/wk/wv=16/16/22, encode_qkt_merge_mask=15, rescale=[normalize=off, gamma=28, wk=off, wq=off, wv=off, qkt=28, merge_mask=off])
已为 1 层启用 BLB Block 2 噪声 (N=16384, fresh_inv_std=28, fresh_x_centered=28, encode_gamma=20, encode_wq/wk/wv=22/22/22, encode_qkt_merge_mask=15, rescale=[normalize=off, gamma=28, wk=off, wq=off, wv=off, qkt=28, merge_mask=off])
已为 1 层启用 BLB Block 2 噪声 (N=16384, fresh_inv_std=28, fresh_x_centered=28, encode_gamma=20, encode_wq/wk/wv=22/22/22, encode_qkt_merge_mask=15, rescale=[normalize=off, gamma=28, wk=off, wq=off, wv=off, qkt=28, merge_mask=off])
已为 1 层启用 BLB Block 2 噪声 (N=16384, fresh_inv_std=28, fresh_x_centered=28, encode_gamma=20, encode_wq/wk/wv=22/22/22, encode_qkt_merge_mask=15, rescale=[normalize=off, gamma=28, wk=off, wq=off, wv=off, qkt=28, merge_mask=off])
已为 1 层启用 BLB Block 2 噪声 (N=16384, fresh_inv_std=28, fresh_x_centered=28, encode_gamma=20, encode_wq/wk/wv=22/22/22, encode_qkt_merge_mask=15, rescale=[normalize=off, gamma=28, wk=off, wq=off, wv=off, qkt=28, merge_mask=off])
已为 1 层启用 BLB Block 2 噪声 (N=16384, fresh_inv_std=28, fresh_x_centered=28, encode_gamma=20, encode_wq/wk/wv=22/22/22, encode_qkt_merge_mask=15, rescale=[normalize=off, gamma=28, wk=off, wq=off, wv=off, qkt=28, merge_mask=off])
已为 1 层启用 BLB Block 2 噪声 (N=16384, fresh_inv_std=28, fresh_x_centered=28, encode_gamma=20, encode_wq/wk/wv=22/22/22, encode_qkt_merge_mask=15, rescale=[normalize=off, gamma=28, wk=off, wq=off, wv=off, qkt=28, merge_mask=off])
已为 1 层启用 BLB Block 2 噪声 (N=16384, fresh_inv_std=28, fresh_x_centered=28, encode_gamma=20, encode_wq/wk/wv=22/22/22, encode_qkt_merge_mask=15, rescale=[normalize=off, gamma=28, wk=off, wq=off, wv=off, qkt=28, merge_mask=off])
已为 1 层启用 BLB Block 2 噪声 (N=16384, fresh_inv_std=28, fresh_x_centered=28, encode_gamma=20, encode_wq/wk/wv=22/22/22, encode_qkt_merge_mask=15, rescale=[normalize=off, gamma=28, wk=off, wq=off, wv=off, qkt=28, merge_mask=off])
已为 1 层启用 BLB Block 2 噪声 (N=16384, fresh_inv_std=20, fresh_x_centered=20, encode_gamma=16, encode_wq/wk/wv=16/16/22, encode_qkt_merge_mask=15, rescale=[normalize=off, gamma=28, wk=off, wq=off, wv=off, qkt=28, merge_mask=off])
已为 1 层启用 BLB Block 2 噪声 (N=16384, fresh_inv_std=28, fresh_x_centered=28, encode_gamma=20, encode_wq/wk/wv=22/22/22, encode_qkt_merge_mask=15, rescale=[normalize=off, gamma=28, wk=off, wq=off, wv=off, qkt=28, merge_mask=off])
已为 1 层启用 BLB Block 2 噪声 (N=16384, fresh_inv_std=28, fresh_x_centered=28, encode_gamma=20, encode_wq/wk/wv=22/22/22, encode_qkt_merge_mask=15, rescale=[normalize=off, gamma=28, wk=off, wq=off, wv=off, qkt=28, merge_mask=off])
已为 1 层启用 BLB Block 4 噪声 (N=16384, fresh_softmax/V=35/25, encode_masks(sm/V/sm_v)=14/14/14, encode_wo=22, encode_ln_inv_d=20/20, rescale=[sm_mask=off, v_mask=off, sm_v_matmul=31, sm_v_mask=off, wo=off, ln_mean=31, ln_sq=31, ln_var=off])
已为 1 层启用 BLB Block 4 噪声 (N=16384, fresh_softmax/V=29/25, encode_masks(sm/V/sm_v)=14/14/14, encode_wo=16, encode_ln_inv_d=16/20, rescale=[sm_mask=off, v_mask=off, sm_v_matmul=23, sm_v_mask=off, wo=off, ln_mean=21, ln_sq=31, ln_var=off])
已为 1 层启用 BLB Block 4 噪声 (N=16384, fresh_softmax/V=35/25, encode_masks(sm/V/sm_v)=14/14/14, encode_wo=22, encode_ln_inv_d=20/20, rescale=[sm_mask=off, v_mask=off, sm_v_matmul=31, sm_v_mask=off, wo=off, ln_mean=31, ln_sq=31, ln_var=off])
已为 1 层启用 BLB Block 4 噪声 (N=16384, fresh_softmax/V=29/25, encode_masks(sm/V/sm_v)=14/14/14, encode_wo=16, encode_ln_inv_d=16/20, rescale=[sm_mask=off, v_mask=off, sm_v_matmul=23, sm_v_mask=off, wo=off, ln_mean=21, ln_sq=31, ln_var=off])
已为 1 层启用 BLB Block 4 噪声 (N=16384, fresh_softmax/V=29/25, encode_masks(sm/V/sm_v)=14/14/14, encode_wo=16, encode_ln_inv_d=16/20, rescale=[sm_mask=off, v_mask=off, sm_v_matmul=23, sm_v_mask=off, wo=off, ln_mean=21, ln_sq=31, ln_var=off])
已为 1 层启用 BLB Block 4 噪声 (N=16384, fresh_softmax/V=35/25, encode_masks(sm/V/sm_v)=14/14/14, encode_wo=22, encode_ln_inv_d=20/20, rescale=[sm_mask=off, v_mask=off, sm_v_matmul=31, sm_v_mask=off, wo=off, ln_mean=31, ln_sq=31, ln_var=off])
已为 1 层启用 BLB Block 4 噪声 (N=16384, fresh_softmax/V=29/25, encode_masks(sm/V/sm_v)=14/14/14, encode_wo=16, encode_ln_inv_d=16/20, rescale=[sm_mask=off, v_mask=off, sm_v_matmul=23, sm_v_mask=off, wo=off, ln_mean=21, ln_sq=31, ln_var=off])
已为 1 层启用 BLB Block 4 噪声 (N=16384, fresh_softmax/V=35/25, encode_masks(sm/V/sm_v)=14/14/14, encode_wo=22, encode_ln_inv_d=20/20, rescale=[sm_mask=off, v_mask=off, sm_v_matmul=31, sm_v_mask=off, wo=off, ln_mean=31, ln_sq=31, ln_var=off])
已为 1 层启用 BLB Block 4 噪声 (N=16384, fresh_softmax/V=35/25, encode_masks(sm/V/sm_v)=14/14/14, encode_wo=22, encode_ln_inv_d=20/20, rescale=[sm_mask=off, v_mask=off, sm_v_matmul=31, sm_v_mask=off, wo=off, ln_mean=31, ln_sq=31, ln_var=off])
已为 1 层启用 BLB Block 4 噪声 (N=16384, fresh_softmax/V=35/25, encode_masks(sm/V/sm_v)=14/14/14, encode_wo=22, encode_ln_inv_d=20/20, rescale=[sm_mask=off, v_mask=off, sm_v_matmul=31, sm_v_mask=off, wo=off, ln_mean=31, ln_sq=31, ln_var=off])
已为 1 层启用 BLB Block 4 噪声 (N=16384, fresh_softmax/V=35/25, encode_masks(sm/V/sm_v)=14/14/14, encode_wo=22, encode_ln_inv_d=20/20, rescale=[sm_mask=off, v_mask=off, sm_v_matmul=31, sm_v_mask=off, wo=off, ln_mean=31, ln_sq=31, ln_var=off])
已为 1 层启用 BLB Block 4 噪声 (N=16384, fresh_softmax/V=35/25, encode_masks(sm/V/sm_v)=14/14/14, encode_wo=22, encode_ln_inv_d=20/20, rescale=[sm_mask=off, v_mask=off, sm_v_matmul=31, sm_v_mask=off, wo=off, ln_mean=31, ln_sq=31, ln_var=off])
已为 12 层启用 BLB Block 5 噪声 (gelu_degree∈{1,1,1,1,1,4,1,1,1,1,1,1}, N=16384, fresh_inv_std/x_centered=28/28, encode_gamma/wffn1/gelu_coeff=20/22/20, rescale=[normalize=26, gamma=off, wffn1=off, gelu_powers=[(none)], gelu_coeff_muls=[29]])
已为 1 层启用 BLB Block 1 噪声 (N=16384, fresh_gelu_out=22, encode_wffn2=14, encode_inv_d=14/14, rescale=[wffn2_result=off, mean=22, square=off, var=27])
已为 1 层启用 BLB Block 1 噪声 (N=16384, fresh_gelu_out=22, encode_wffn2=14, encode_inv_d=14/14, rescale=[wffn2_result=off, mean=22, square=off, var=27])
已为 1 层启用 BLB Block 1 噪声 (N=16384, fresh_gelu_out=22, encode_wffn2=14, encode_inv_d=14/14, rescale=[wffn2_result=off, mean=22, square=off, var=27])
已为 1 层启用 BLB Block 1 噪声 (N=16384, fresh_gelu_out=22, encode_wffn2=14, encode_inv_d=14/14, rescale=[wffn2_result=off, mean=22, square=off, var=27])
已为 1 层启用 BLB Block 1 噪声 (N=16384, fresh_gelu_out=22, encode_wffn2=14, encode_inv_d=14/14, rescale=[wffn2_result=off, mean=22, square=off, var=27])
已为 1 层启用 BLB Block 1 噪声 (N=16384, fresh_gelu_out=30, encode_wffn2=20, encode_inv_d=20/20, rescale=[wffn2_result=off, mean=30, square=off, var=27])
已为 1 层启用 BLB Block 1 噪声 (N=16384, fresh_gelu_out=30, encode_wffn2=20, encode_inv_d=20/20, rescale=[wffn2_result=off, mean=30, square=off, var=27])
已为 1 层启用 BLB Block 1 噪声 (N=16384, fresh_gelu_out=30, encode_wffn2=20, encode_inv_d=20/20, rescale=[wffn2_result=off, mean=30, square=off, var=27])
已为 1 层启用 BLB Block 1 噪声 (N=16384, fresh_gelu_out=30, encode_wffn2=20, encode_inv_d=20/20, rescale=[wffn2_result=off, mean=30, square=off, var=27])
已为 1 层启用 BLB Block 1 噪声 (N=16384, fresh_gelu_out=30, encode_wffn2=20, encode_inv_d=20/20, rescale=[wffn2_result=off, mean=30, square=off, var=27])
已为 1 层启用 BLB Block 1 噪声 (N=16384, fresh_gelu_out=30, encode_wffn2=20, encode_inv_d=20/20, rescale=[wffn2_result=off, mean=30, square=off, var=27])
已为 1 层启用 BLB Block 2 噪声 (N=16384, fresh_inv_std=20, fresh_x_centered=20, encode_gamma=16, encode_wq/wk/wv=16/16/22, encode_qkt_merge_mask=15, rescale=[normalize=off, gamma=28, wk=off, wq=off, wv=off, qkt=28, merge_mask=off])已为 1 层启用 BLB Block 1 噪声 (N=16384, fresh_gelu_out=22, encode_wffn2=14, encode_inv_d=14/14, rescale=[wffn2_result=off, mean=22, square=off, var=27])

已为 1 层启用 BLB Block 2 噪声 (N=16384, fresh_inv_std=20, fresh_x_centered=20, encode_gamma=16, encode_wq/wk/wv=16/16/22, encode_qkt_merge_mask=15, rescale=[normalize=off, gamma=28, wk=off, wq=off, wv=off, qkt=28, merge_mask=off])
已为 1 层启用 BLB Block 2 噪声 (N=16384, fresh_inv_std=28, fresh_x_centered=28, encode_gamma=20, encode_wq/wk/wv=22/22/22, encode_qkt_merge_mask=15, rescale=[normalize=off, gamma=28, wk=off, wq=off, wv=off, qkt=28, merge_mask=off])
已为 1 层启用 BLB Block 2 噪声 (N=16384, fresh_inv_std=28, fresh_x_centered=28, encode_gamma=20, encode_wq/wk/wv=22/22/22, encode_qkt_merge_mask=15, rescale=[normalize=off, gamma=28, wk=off, wq=off, wv=off, qkt=28, merge_mask=off])
已为 1 层启用 BLB Block 2 噪声 (N=16384, fresh_inv_std=28, fresh_x_centered=28, encode_gamma=20, encode_wq/wk/wv=22/22/22, encode_qkt_merge_mask=15, rescale=[normalize=off, gamma=28, wk=off, wq=off, wv=off, qkt=28, merge_mask=off])
已为 1 层启用 BLB Block 2 噪声 (N=16384, fresh_inv_std=20, fresh_x_centered=20, encode_gamma=16, encode_wq/wk/wv=16/16/22, encode_qkt_merge_mask=15, rescale=[normalize=off, gamma=28, wk=off, wq=off, wv=off, qkt=28, merge_mask=off])
已为 1 层启用 BLB Block 2 噪声 (N=16384, fresh_inv_std=28, fresh_x_centered=28, encode_gamma=20, encode_wq/wk/wv=22/22/22, encode_qkt_merge_mask=15, rescale=[normalize=off, gamma=28, wk=off, wq=off, wv=off, qkt=28, merge_mask=off])
已为 1 层启用 BLB Block 2 噪声 (N=16384, fresh_inv_std=20, fresh_x_centered=20, encode_gamma=16, encode_wq/wk/wv=16/16/22, encode_qkt_merge_mask=15, rescale=[normalize=off, gamma=28, wk=off, wq=off, wv=off, qkt=28, merge_mask=off])
已为 1 层启用 BLB Block 2 噪声 (N=16384, fresh_inv_std=28, fresh_x_centered=28, encode_gamma=20, encode_wq/wk/wv=22/22/22, encode_qkt_merge_mask=15, rescale=[normalize=off, gamma=28, wk=off, wq=off, wv=off, qkt=28, merge_mask=off])
已为 1 层启用 BLB Block 2 噪声 (N=16384, fresh_inv_std=20, fresh_x_centered=20, encode_gamma=16, encode_wq/wk/wv=16/16/22, encode_qkt_merge_mask=15, rescale=[normalize=off, gamma=28, wk=off, wq=off, wv=off, qkt=28, merge_mask=off])
已为 1 层启用 BLB Block 2 噪声 (N=16384, fresh_inv_std=28, fresh_x_centered=28, encode_gamma=20, encode_wq/wk/wv=22/22/22, encode_qkt_merge_mask=15, rescale=[normalize=off, gamma=28, wk=off, wq=off, wv=off, qkt=28, merge_mask=off])
已为 1 层启用 BLB Block 2 噪声 (N=16384, fresh_inv_std=28, fresh_x_centered=28, encode_gamma=20, encode_wq/wk/wv=22/22/22, encode_qkt_merge_mask=15, rescale=[normalize=off, gamma=28, wk=off, wq=off, wv=off, qkt=28, merge_mask=off])
已为 1 层启用 BLB Block 4 噪声 (N=16384, fresh_softmax/V=29/25, encode_masks(sm/V/sm_v)=14/14/14, encode_wo=16, encode_ln_inv_d=16/20, rescale=[sm_mask=off, v_mask=off, sm_v_matmul=23, sm_v_mask=off, wo=off, ln_mean=21, ln_sq=31, ln_var=off])
已为 1 层启用 BLB Block 4 噪声 (N=16384, fresh_softmax/V=35/25, encode_masks(sm/V/sm_v)=14/14/14, encode_wo=22, encode_ln_inv_d=20/20, rescale=[sm_mask=off, v_mask=off, sm_v_matmul=31, sm_v_mask=off, wo=off, ln_mean=31, ln_sq=31, ln_var=off])
已为 1 层启用 BLB Block 4 噪声 (N=16384, fresh_softmax/V=35/25, encode_masks(sm/V/sm_v)=14/14/14, encode_wo=22, encode_ln_inv_d=20/20, rescale=[sm_mask=off, v_mask=off, sm_v_matmul=31, sm_v_mask=off, wo=off, ln_mean=31, ln_sq=31, ln_var=off])
已为 1 层启用 BLB Block 4 噪声 (N=16384, fresh_softmax/V=29/25, encode_masks(sm/V/sm_v)=14/14/14, encode_wo=16, encode_ln_inv_d=16/20, rescale=[sm_mask=off, v_mask=off, sm_v_matmul=23, sm_v_mask=off, wo=off, ln_mean=21, ln_sq=31, ln_var=off])
已为 1 层启用 BLB Block 4 噪声 (N=16384, fresh_softmax/V=29/25, encode_masks(sm/V/sm_v)=14/14/14, encode_wo=16, encode_ln_inv_d=16/20, rescale=[sm_mask=off, v_mask=off, sm_v_matmul=23, sm_v_mask=off, wo=off, ln_mean=21, ln_sq=31, ln_var=off])
已为 1 层启用 BLB Block 4 噪声 (N=16384, fresh_softmax/V=35/25, encode_masks(sm/V/sm_v)=14/14/14, encode_wo=22, encode_ln_inv_d=20/20, rescale=[sm_mask=off, v_mask=off, sm_v_matmul=31, sm_v_mask=off, wo=off, ln_mean=31, ln_sq=31, ln_var=off])
已为 1 层启用 BLB Block 4 噪声 (N=16384, fresh_softmax/V=35/25, encode_masks(sm/V/sm_v)=14/14/14, encode_wo=22, encode_ln_inv_d=20/20, rescale=[sm_mask=off, v_mask=off, sm_v_matmul=31, sm_v_mask=off, wo=off, ln_mean=31, ln_sq=31, ln_var=off])
已为 1 层启用 BLB Block 4 噪声 (N=16384, fresh_softmax/V=35/25, encode_masks(sm/V/sm_v)=14/14/14, encode_wo=22, encode_ln_inv_d=20/20, rescale=[sm_mask=off, v_mask=off, sm_v_matmul=31, sm_v_mask=off, wo=off, ln_mean=31, ln_sq=31, ln_var=off])
已为 1 层启用 BLB Block 4 噪声 (N=16384, fresh_softmax/V=29/25, encode_masks(sm/V/sm_v)=14/14/14, encode_wo=16, encode_ln_inv_d=16/20, rescale=[sm_mask=off, v_mask=off, sm_v_matmul=23, sm_v_mask=off, wo=off, ln_mean=21, ln_sq=31, ln_var=off])
已为 1 层启用 BLB Block 4 噪声 (N=16384, fresh_softmax/V=35/25, encode_masks(sm/V/sm_v)=14/14/14, encode_wo=22, encode_ln_inv_d=20/20, rescale=[sm_mask=off, v_mask=off, sm_v_matmul=31, sm_v_mask=off, wo=off, ln_mean=31, ln_sq=31, ln_var=off])
已为 1 层启用 BLB Block 4 噪声 (N=16384, fresh_softmax/V=29/25, encode_masks(sm/V/sm_v)=14/14/14, encode_wo=16, encode_ln_inv_d=16/20, rescale=[sm_mask=off, v_mask=off, sm_v_matmul=23, sm_v_mask=off, wo=off, ln_mean=21, ln_sq=31, ln_var=off])
已为 1 层启用 BLB Block 4 噪声 (N=16384, fresh_softmax/V=29/25, encode_masks(sm/V/sm_v)=14/14/14, encode_wo=16, encode_ln_inv_d=16/20, rescale=[sm_mask=off, v_mask=off, sm_v_matmul=23, sm_v_mask=off, wo=off, ln_mean=21, ln_sq=31, ln_var=off])
已为 12 层启用 BLB Block 5 噪声 (gelu_degree∈{1,1,1,1,1,4,1,1,1,1,1,1}, N=16384, fresh_inv_std/x_centered=22/22, encode_gamma/wffn1/gelu_coeff=14/14/16, rescale=[normalize=26, gamma=off, wffn1=off, gelu_powers=[(none)], gelu_coeff_muls=[29]])
已为 1 层启用 BLB Block 1 噪声 (N=16384, fresh_gelu_out=22, encode_wffn2=14, encode_inv_d=14/14, rescale=[wffn2_result=off, mean=22, square=off, var=27])
已为 1 层启用 BLB Block 1 噪声 (N=16384, fresh_gelu_out=22, encode_wffn2=14, encode_inv_d=14/14, rescale=[wffn2_result=off, mean=22, square=off, var=27])
已为 1 层启用 BLB Block 1 噪声 (N=16384, fresh_gelu_out=22, encode_wffn2=14, encode_inv_d=14/14, rescale=[wffn2_result=off, mean=22, square=off, var=27])
已为 1 层启用 BLB Block 1 噪声 (N=16384, fresh_gelu_out=22, encode_wffn2=14, encode_inv_d=14/14, rescale=[wffn2_result=off, mean=22, square=off, var=27])
已为 1 层启用 BLB Block 1 噪声 (N=16384, fresh_gelu_out=30, encode_wffn2=20, encode_inv_d=20/20, rescale=[wffn2_result=off, mean=30, square=off, var=27])
已为 1 层启用 BLB Block 1 噪声 (N=16384, fresh_gelu_out=30, encode_wffn2=20, encode_inv_d=20/20, rescale=[wffn2_result=off, mean=30, square=off, var=27])
已为 1 层启用 BLB Block 1 噪声 (N=16384, fresh_gelu_out=30, encode_wffn2=20, encode_inv_d=20/20, rescale=[wffn2_result=off, mean=30, square=off, var=27])
已为 1 层启用 BLB Block 1 噪声 (N=16384, fresh_gelu_out=30, encode_wffn2=20, encode_inv_d=20/20, rescale=[wffn2_result=off, mean=30, square=off, var=27])
已为 1 层启用 BLB Block 1 噪声 (N=16384, fresh_gelu_out=30, encode_wffn2=20, encode_inv_d=20/20, rescale=[wffn2_result=off, mean=30, square=off, var=27])
已为 1 层启用 BLB Block 1 噪声 (N=16384, fresh_gelu_out=30, encode_wffn2=20, encode_inv_d=20/20, rescale=[wffn2_result=off, mean=30, square=off, var=27])
已为 1 层启用 BLB Block 2 噪声 (N=16384, fresh_inv_std=20, fresh_x_centered=20, encode_gamma=16, encode_wq/wk/wv=16/16/22, encode_qkt_merge_mask=15, rescale=[normalize=off, gamma=28, wk=off, wq=off, wv=off, qkt=28, merge_mask=off])
已为 1 层启用 BLB Block 2 噪声 (N=16384, fresh_inv_std=20, fresh_x_centered=20, encode_gamma=16, encode_wq/wk/wv=16/16/22, encode_qkt_merge_mask=15, rescale=[normalize=off, gamma=28, wk=off, wq=off, wv=off, qkt=28, merge_mask=off])
已为 1 层启用 BLB Block 2 噪声 (N=16384, fresh_inv_std=28, fresh_x_centered=28, encode_gamma=20, encode_wq/wk/wv=22/22/22, encode_qkt_merge_mask=15, rescale=[normalize=off, gamma=28, wk=off, wq=off, wv=off, qkt=28, merge_mask=off])已为 1 层启用 BLB Block 1 噪声 (N=16384, fresh_gelu_out=22, encode_wffn2=14, encode_inv_d=14/14, rescale=[wffn2_result=off, mean=22, square=off, var=27])
已为 1 层启用 BLB Block 1 噪声 (N=16384, fresh_gelu_out=22, encode_wffn2=14, encode_inv_d=14/14, rescale=[wffn2_result=off, mean=22, square=off, var=27])
已为 1 层启用 BLB Block 1 噪声 (N=16384, fresh_gelu_out=22, encode_wffn2=14, encode_inv_d=14/14, rescale=[wffn2_result=off, mean=22, square=off, var=27])
已为 1 层启用 BLB Block 1 噪声 (N=16384, fresh_gelu_out=22, encode_wffn2=14, encode_inv_d=14/14, rescale=[wffn2_result=off, mean=22, square=off, var=27])
已为 1 层启用 BLB Block 1 噪声 (N=16384, fresh_gelu_out=22, encode_wffn2=14, encode_inv_d=14/14, rescale=[wffn2_result=off, mean=22, square=off, var=27])

已为 1 层启用 BLB Block 2 噪声 (N=16384, fresh_inv_std=28, fresh_x_centered=28, encode_gamma=20, encode_wq/wk/wv=22/22/22, encode_qkt_merge_mask=15, rescale=[normalize=off, gamma=28, wk=off, wq=off, wv=off, qkt=28, merge_mask=off])
已为 1 层启用 BLB Block 2 噪声 (N=16384, fresh_inv_std=28, fresh_x_centered=28, encode_gamma=20, encode_wq/wk/wv=22/22/22, encode_qkt_merge_mask=15, rescale=[normalize=off, gamma=28, wk=off, wq=off, wv=off, qkt=28, merge_mask=off])
已为 1 层启用 BLB Block 2 噪声 (N=16384, fresh_inv_std=20, fresh_x_centered=20, encode_gamma=16, encode_wq/wk/wv=16/16/22, encode_qkt_merge_mask=15, rescale=[normalize=off, gamma=28, wk=off, wq=off, wv=off, qkt=28, merge_mask=off])
已为 1 层启用 BLB Block 2 噪声 (N=16384, fresh_inv_std=28, fresh_x_centered=28, encode_gamma=20, encode_wq/wk/wv=22/22/22, encode_qkt_merge_mask=15, rescale=[normalize=off, gamma=28, wk=off, wq=off, wv=off, qkt=28, merge_mask=off])
已为 1 层启用 BLB Block 2 噪声 (N=16384, fresh_inv_std=20, fresh_x_centered=20, encode_gamma=16, encode_wq/wk/wv=16/16/22, encode_qkt_merge_mask=15, rescale=[normalize=off, gamma=28, wk=off, wq=off, wv=off, qkt=28, merge_mask=off])
已为 1 层启用 BLB Block 2 噪声 (N=16384, fresh_inv_std=28, fresh_x_centered=28, encode_gamma=20, encode_wq/wk/wv=22/22/22, encode_qkt_merge_mask=15, rescale=[normalize=off, gamma=28, wk=off, wq=off, wv=off, qkt=28, merge_mask=off])
已为 1 层启用 BLB Block 2 噪声 (N=16384, fresh_inv_std=20, fresh_x_centered=20, encode_gamma=16, encode_wq/wk/wv=16/16/22, encode_qkt_merge_mask=15, rescale=[normalize=off, gamma=28, wk=off, wq=off, wv=off, qkt=28, merge_mask=off])
已为 1 层启用 BLB Block 2 噪声 (N=16384, fresh_inv_std=28, fresh_x_centered=28, encode_gamma=20, encode_wq/wk/wv=22/22/22, encode_qkt_merge_mask=15, rescale=[normalize=off, gamma=28, wk=off, wq=off, wv=off, qkt=28, merge_mask=off])
已为 1 层启用 BLB Block 2 噪声 (N=16384, fresh_inv_std=28, fresh_x_centered=28, encode_gamma=20, encode_wq/wk/wv=22/22/22, encode_qkt_merge_mask=15, rescale=[normalize=off, gamma=28, wk=off, wq=off, wv=off, qkt=28, merge_mask=off])
已为 1 层启用 BLB Block 4 噪声 (N=16384, fresh_softmax/V=29/25, encode_masks(sm/V/sm_v)=14/14/14, encode_wo=16, encode_ln_inv_d=16/20, rescale=[sm_mask=off, v_mask=off, sm_v_matmul=23, sm_v_mask=off, wo=off, ln_mean=21, ln_sq=31, ln_var=off])
已为 1 层启用 BLB Block 4 噪声 (N=16384, fresh_softmax/V=35/25, encode_masks(sm/V/sm_v)=14/14/14, encode_wo=22, encode_ln_inv_d=20/20, rescale=[sm_mask=off, v_mask=off, sm_v_matmul=31, sm_v_mask=off, wo=off, ln_mean=31, ln_sq=31, ln_var=off])
已为 1 层启用 BLB Block 4 噪声 (N=16384, fresh_softmax/V=35/25, encode_masks(sm/V/sm_v)=14/14/14, encode_wo=22, encode_ln_inv_d=20/20, rescale=[sm_mask=off, v_mask=off, sm_v_matmul=31, sm_v_mask=off, wo=off, ln_mean=31, ln_sq=31, ln_var=off])
已为 1 层启用 BLB Block 4 噪声 (N=16384, fresh_softmax/V=29/25, encode_masks(sm/V/sm_v)=14/14/14, encode_wo=16, encode_ln_inv_d=16/20, rescale=[sm_mask=off, v_mask=off, sm_v_matmul=23, sm_v_mask=off, wo=off, ln_mean=21, ln_sq=31, ln_var=off])
已为 1 层启用 BLB Block 4 噪声 (N=16384, fresh_softmax/V=29/25, encode_masks(sm/V/sm_v)=14/14/14, encode_wo=16, encode_ln_inv_d=16/20, rescale=[sm_mask=off, v_mask=off, sm_v_matmul=23, sm_v_mask=off, wo=off, ln_mean=21, ln_sq=31, ln_var=off])
已为 1 层启用 BLB Block 4 噪声 (N=16384, fresh_softmax/V=35/25, encode_masks(sm/V/sm_v)=14/14/14, encode_wo=22, encode_ln_inv_d=20/20, rescale=[sm_mask=off, v_mask=off, sm_v_matmul=31, sm_v_mask=off, wo=off, ln_mean=31, ln_sq=31, ln_var=off])
已为 1 层启用 BLB Block 4 噪声 (N=16384, fresh_softmax/V=35/25, encode_masks(sm/V/sm_v)=14/14/14, encode_wo=22, encode_ln_inv_d=20/20, rescale=[sm_mask=off, v_mask=off, sm_v_matmul=31, sm_v_mask=off, wo=off, ln_mean=31, ln_sq=31, ln_var=off])
已为 1 层启用 BLB Block 4 噪声 (N=16384, fresh_softmax/V=35/25, encode_masks(sm/V/sm_v)=14/14/14, encode_wo=22, encode_ln_inv_d=20/20, rescale=[sm_mask=off, v_mask=off, sm_v_matmul=31, sm_v_mask=off, wo=off, ln_mean=31, ln_sq=31, ln_var=off])
已为 1 层启用 BLB Block 4 噪声 (N=16384, fresh_softmax/V=29/25, encode_masks(sm/V/sm_v)=14/14/14, encode_wo=16, encode_ln_inv_d=16/20, rescale=[sm_mask=off, v_mask=off, sm_v_matmul=23, sm_v_mask=off, wo=off, ln_mean=21, ln_sq=31, ln_var=off])
已为 1 层启用 BLB Block 4 噪声 (N=16384, fresh_softmax/V=35/25, encode_masks(sm/V/sm_v)=14/14/14, encode_wo=22, encode_ln_inv_d=20/20, rescale=[sm_mask=off, v_mask=off, sm_v_matmul=31, sm_v_mask=off, wo=off, ln_mean=31, ln_sq=31, ln_var=off])
已为 1 层启用 BLB Block 4 噪声 (N=16384, fresh_softmax/V=29/25, encode_masks(sm/V/sm_v)=14/14/14, encode_wo=16, encode_ln_inv_d=16/20, rescale=[sm_mask=off, v_mask=off, sm_v_matmul=23, sm_v_mask=off, wo=off, ln_mean=21, ln_sq=31, ln_var=off])
已为 1 层启用 BLB Block 4 噪声 (N=16384, fresh_softmax/V=29/25, encode_masks(sm/V/sm_v)=14/14/14, encode_wo=16, encode_ln_inv_d=16/20, rescale=[sm_mask=off, v_mask=off, sm_v_matmul=23, sm_v_mask=off, wo=off, ln_mean=21, ln_sq=31, ln_var=off])
已为 12 层启用 BLB Block 5 噪声 (gelu_degree∈{1,1,1,1,1,4,1,1,1,1,1,1}, N=16384, fresh_inv_std/x_centered=22/22, encode_gamma/wffn1/gelu_coeff=14/14/16, rescale=[normalize=26, gamma=off, wffn1=off, gelu_powers=[(none)], gelu_coeff_muls=[29]])
已为 1 层启用 BLB Block 1 噪声 (N=16384, fresh_gelu_out=30, encode_wffn2=20, encode_inv_d=20/20, rescale=[wffn2_result=off, mean=30, square=off, var=27])
已为 1 层启用 BLB Block 1 噪声 (N=16384, fresh_gelu_out=30, encode_wffn2=20, encode_inv_d=20/20, rescale=[wffn2_result=off, mean=30, square=off, var=27])
已为 1 层启用 BLB Block 1 噪声 (N=16384, fresh_gelu_out=30, encode_wffn2=20, encode_inv_d=20/20, rescale=[wffn2_result=off, mean=30, square=off, var=27])
已为 1 层启用 BLB Block 1 噪声 (N=16384, fresh_gelu_out=30, encode_wffn2=20, encode_inv_d=20/20, rescale=[wffn2_result=off, mean=30, square=off, var=27])
已为 1 层启用 BLB Block 1 噪声 (N=16384, fresh_gelu_out=30, encode_wffn2=20, encode_inv_d=20/20, rescale=[wffn2_result=off, mean=30, square=off, var=27])
已为 1 层启用 BLB Block 1 噪声 (N=16384, fresh_gelu_out=30, encode_wffn2=20, encode_inv_d=20/20, rescale=[wffn2_result=off, mean=30, square=off, var=27])
已为 1 层启用 BLB Block 2 噪声 (N=16384, fresh_inv_std=20, fresh_x_centered=20, encode_gamma=16, encode_wq/wk/wv=16/16/22, encode_qkt_merge_mask=15, rescale=[normalize=off, gamma=28, wk=off, wq=off, wv=off, qkt=28, merge_mask=off])
已为 1 层启用 BLB Block 2 噪声 (N=16384, fresh_inv_std=20, fresh_x_centered=20, encode_gamma=16, encode_wq/wk/wv=16/16/22, encode_qkt_merge_mask=15, rescale=[normalize=off, gamma=28, wk=off, wq=off, wv=off, qkt=28, merge_mask=off])
已为 1 层启用 BLB Block 2 噪声 (N=16384, fresh_inv_std=28, fresh_x_centered=28, encode_gamma=20, encode_wq/wk/wv=22/22/22, encode_qkt_merge_mask=15, rescale=[normalize=off, gamma=28, wk=off, wq=off, wv=off, qkt=28, merge_mask=off])
已为 1 层启用 BLB Block 2 噪声 (N=16384, fresh_inv_std=28, fresh_x_centered=28, encode_gamma=20, encode_wq/wk/wv=22/22/22, encode_qkt_merge_mask=15, rescale=[normalize=off, gamma=28, wk=off, wq=off, wv=off, qkt=28, merge_mask=off])
已为 1 层启用 BLB Block 2 噪声 (N=16384, fresh_inv_std=28, fresh_x_centered=28, encode_gamma=20, encode_wq/wk/wv=22/22/22, encode_qkt_merge_mask=15, rescale=[normalize=off, gamma=28, wk=off, wq=off, wv=off, qkt=28, merge_mask=off])已为 1 层启用 BLB Block 1 噪声 (N=16384, fresh_gelu_out=22, encode_wffn2=14, encode_inv_d=14/14, rescale=[wffn2_result=off, mean=22, square=off, var=27])
已为 1 层启用 BLB Block 1 噪声 (N=16384, fresh_gelu_out=22, encode_wffn2=14, encode_inv_d=14/14, rescale=[wffn2_result=off, mean=22, square=off, var=27])
已为 1 层启用 BLB Block 1 噪声 (N=16384, fresh_gelu_out=22, encode_wffn2=14, encode_inv_d=14/14, rescale=[wffn2_result=off, mean=22, square=off, var=27])
已为 1 层启用 BLB Block 1 噪声 (N=16384, fresh_gelu_out=22, encode_wffn2=14, encode_inv_d=14/14, rescale=[wffn2_result=off, mean=22, square=off, var=27])
已为 1 层启用 BLB Block 1 噪声 (N=16384, fresh_gelu_out=22, encode_wffn2=14, encode_inv_d=14/14, rescale=[wffn2_result=off, mean=22, square=off, var=27])
已为 1 层启用 BLB Block 1 噪声 (N=16384, fresh_gelu_out=30, encode_wffn2=20, encode_inv_d=20/20, rescale=[wffn2_result=off, mean=30, square=off, var=27])
已为 1 层启用 BLB Block 1 噪声 (N=16384, fresh_gelu_out=30, encode_wffn2=20, encode_inv_d=20/20, rescale=[wffn2_result=off, mean=30, square=off, var=27])
已为 1 层启用 BLB Block 1 噪声 (N=16384, fresh_gelu_out=30, encode_wffn2=20, encode_inv_d=20/20, rescale=[wffn2_result=off, mean=30, square=off, var=27])
已为 1 层启用 BLB Block 1 噪声 (N=16384, fresh_gelu_out=30, encode_wffn2=20, encode_inv_d=20/20, rescale=[wffn2_result=off, mean=30, square=off, var=27])
已为 1 层启用 BLB Block 1 噪声 (N=16384, fresh_gelu_out=30, encode_wffn2=20, encode_inv_d=20/20, rescale=[wffn2_result=off, mean=30, square=off, var=27])
已为 1 层启用 BLB Block 1 噪声 (N=16384, fresh_gelu_out=30, encode_wffn2=20, encode_inv_d=20/20, rescale=[wffn2_result=off, mean=30, square=off, var=27])
已为 1 层启用 BLB Block 2 噪声 (N=16384, fresh_inv_std=20, fresh_x_centered=20, encode_gamma=16, encode_wq/wk/wv=16/16/22, encode_qkt_merge_mask=15, rescale=[normalize=off, gamma=28, wk=off, wq=off, wv=off, qkt=28, merge_mask=off])
已为 1 层启用 BLB Block 2 噪声 (N=16384, fresh_inv_std=20, fresh_x_centered=20, encode_gamma=16, encode_wq/wk/wv=16/16/22, encode_qkt_merge_mask=15, rescale=[normalize=off, gamma=28, wk=off, wq=off, wv=off, qkt=28, merge_mask=off])
已为 1 层启用 BLB Block 2 噪声 (N=16384, fresh_inv_std=28, fresh_x_centered=28, encode_gamma=20, encode_wq/wk/wv=22/22/22, encode_qkt_merge_mask=15, rescale=[normalize=off, gamma=28, wk=off, wq=off, wv=off, qkt=28, merge_mask=off])
已为 1 层启用 BLB Block 2 噪声 (N=16384, fresh_inv_std=28, fresh_x_centered=28, encode_gamma=20, encode_wq/wk/wv=22/22/22, encode_qkt_merge_mask=15, rescale=[normalize=off, gamma=28, wk=off, wq=off, wv=off, qkt=28, merge_mask=off])
已为 1 层启用 BLB Block 2 噪声 (N=16384, fresh_inv_std=28, fresh_x_centered=28, encode_gamma=20, encode_wq/wk/wv=22/22/22, encode_qkt_merge_mask=15, rescale=[normalize=off, gamma=28, wk=off, wq=off, wv=off, qkt=28, merge_mask=off])
已为 1 层启用 BLB Block 2 噪声 (N=16384, fresh_inv_std=20, fresh_x_centered=20, encode_gamma=16, encode_wq/wk/wv=16/16/22, encode_qkt_merge_mask=15, rescale=[normalize=off, gamma=28, wk=off, wq=off, wv=off, qkt=28, merge_mask=off])
已为 1 层启用 BLB Block 2 噪声 (N=16384, fresh_inv_std=28, fresh_x_centered=28, encode_gamma=20, encode_wq/wk/wv=22/22/22, encode_qkt_merge_mask=15, rescale=[normalize=off, gamma=28, wk=off, wq=off, wv=off, qkt=28, merge_mask=off])
已为 1 层启用 BLB Block 2 噪声 (N=16384, fresh_inv_std=20, fresh_x_centered=20, encode_gamma=16, encode_wq/wk/wv=16/16/22, encode_qkt_merge_mask=15, rescale=[normalize=off, gamma=28, wk=off, wq=off, wv=off, qkt=28, merge_mask=off])
已为 1 层启用 BLB Block 2 噪声 (N=16384, fresh_inv_std=28, fresh_x_centered=28, encode_gamma=20, encode_wq/wk/wv=22/22/22, encode_qkt_merge_mask=15, rescale=[normalize=off, gamma=28, wk=off, wq=off, wv=off, qkt=28, merge_mask=off])
已为 1 层启用 BLB Block 2 噪声 (N=16384, fresh_inv_std=20, fresh_x_centered=20, encode_gamma=16, encode_wq/wk/wv=16/16/22, encode_qkt_merge_mask=15, rescale=[normalize=off, gamma=28, wk=off, wq=off, wv=off, qkt=28, merge_mask=off])
已为 1 层启用 BLB Block 2 噪声 (N=16384, fresh_inv_std=28, fresh_x_centered=28, encode_gamma=20, encode_wq/wk/wv=22/22/22, encode_qkt_merge_mask=15, rescale=[normalize=off, gamma=28, wk=off, wq=off, wv=off, qkt=28, merge_mask=off])
已为 1 层启用 BLB Block 2 噪声 (N=16384, fresh_inv_std=28, fresh_x_centered=28, encode_gamma=20, encode_wq/wk/wv=22/22/22, encode_qkt_merge_mask=15, rescale=[normalize=off, gamma=28, wk=off, wq=off, wv=off, qkt=28, merge_mask=off])
已为 1 层启用 BLB Block 4 噪声 (N=16384, fresh_softmax/V=29/25, encode_masks(sm/V/sm_v)=14/14/14, encode_wo=16, encode_ln_inv_d=16/20, rescale=[sm_mask=off, v_mask=off, sm_v_matmul=23, sm_v_mask=off, wo=off, ln_mean=21, ln_sq=31, ln_var=off])
已为 1 层启用 BLB Block 4 噪声 (N=16384, fresh_softmax/V=35/25, encode_masks(sm/V/sm_v)=14/14/14, encode_wo=22, encode_ln_inv_d=20/20, rescale=[sm_mask=off, v_mask=off, sm_v_matmul=31, sm_v_mask=off, wo=off, ln_mean=31, ln_sq=31, ln_var=off])
已为 1 层启用 BLB Block 4 噪声 (N=16384, fresh_softmax/V=35/25, encode_masks(sm/V/sm_v)=14/14/14, encode_wo=22, encode_ln_inv_d=20/20, rescale=[sm_mask=off, v_mask=off, sm_v_matmul=31, sm_v_mask=off, wo=off, ln_mean=31, ln_sq=31, ln_var=off])
已为 1 层启用 BLB Block 4 噪声 (N=16384, fresh_softmax/V=29/25, encode_masks(sm/V/sm_v)=14/14/14, encode_wo=16, encode_ln_inv_d=16/20, rescale=[sm_mask=off, v_mask=off, sm_v_matmul=23, sm_v_mask=off, wo=off, ln_mean=21, ln_sq=31, ln_var=off])
已为 1 层启用 BLB Block 4 噪声 (N=16384, fresh_softmax/V=29/25, encode_masks(sm/V/sm_v)=14/14/14, encode_wo=16, encode_ln_inv_d=16/20, rescale=[sm_mask=off, v_mask=off, sm_v_matmul=23, sm_v_mask=off, wo=off, ln_mean=21, ln_sq=31, ln_var=off])
已为 1 层启用 BLB Block 4 噪声 (N=16384, fresh_softmax/V=35/25, encode_masks(sm/V/sm_v)=14/14/14, encode_wo=22, encode_ln_inv_d=20/20, rescale=[sm_mask=off, v_mask=off, sm_v_matmul=31, sm_v_mask=off, wo=off, ln_mean=31, ln_sq=31, ln_var=off])
已为 1 层启用 BLB Block 4 噪声 (N=16384, fresh_softmax/V=35/25, encode_masks(sm/V/sm_v)=14/14/14, encode_wo=22, encode_ln_inv_d=20/20, rescale=[sm_mask=off, v_mask=off, sm_v_matmul=31, sm_v_mask=off, wo=off, ln_mean=31, ln_sq=31, ln_var=off])
已为 1 层启用 BLB Block 4 噪声 (N=16384, fresh_softmax/V=35/25, encode_masks(sm/V/sm_v)=14/14/14, encode_wo=22, encode_ln_inv_d=20/20, rescale=[sm_mask=off, v_mask=off, sm_v_matmul=31, sm_v_mask=off, wo=off, ln_mean=31, ln_sq=31, ln_var=off])
已为 1 层启用 BLB Block 4 噪声 (N=16384, fresh_softmax/V=29/25, encode_masks(sm/V/sm_v)=14/14/14, encode_wo=16, encode_ln_inv_d=16/20, rescale=[sm_mask=off, v_mask=off, sm_v_matmul=23, sm_v_mask=off, wo=off, ln_mean=21, ln_sq=31, ln_var=off])
已为 1 层启用 BLB Block 4 噪声 (N=16384, fresh_softmax/V=35/25, encode_masks(sm/V/sm_v)=14/14/14, encode_wo=22, encode_ln_inv_d=20/20, rescale=[sm_mask=off, v_mask=off, sm_v_matmul=31, sm_v_mask=off, wo=off, ln_mean=31, ln_sq=31, ln_var=off])
已为 1 层启用 BLB Block 4 噪声 (N=16384, fresh_softmax/V=29/25, encode_masks(sm/V/sm_v)=14/14/14, encode_wo=16, encode_ln_inv_d=16/20, rescale=[sm_mask=off, v_mask=off, sm_v_matmul=23, sm_v_mask=off, wo=off, ln_mean=21, ln_sq=31, ln_var=off])
已为 1 层启用 BLB Block 4 噪声 (N=16384, fresh_softmax/V=29/25, encode_masks(sm/V/sm_v)=14/14/14, encode_wo=16, encode_ln_inv_d=16/20, rescale=[sm_mask=off, v_mask=off, sm_v_matmul=23, sm_v_mask=off, wo=off, ln_mean=21, ln_sq=31, ln_var=off])
已为 12 层启用 BLB Block 5 噪声 (gelu_degree∈{1,1,1,1,1,4,1,1,1,1,1,1}, N=16384, fresh_inv_std/x_centered=22/22, encode_gamma/wffn1/gelu_coeff=14/14/16, rescale=[normalize=26, gamma=off, wffn1=off, gelu_powers=[(none)], gelu_coeff_muls=[29]])

已为 1 层启用 BLB Block 2 噪声 (N=16384, fresh_inv_std=20, fresh_x_centered=20, encode_gamma=16, encode_wq/wk/wv=16/16/22, encode_qkt_merge_mask=15, rescale=[normalize=off, gamma=28, wk=off, wq=off, wv=off, qkt=28, merge_mask=off])
已为 1 层启用 BLB Block 2 噪声 (N=16384, fresh_inv_std=28, fresh_x_centered=28, encode_gamma=20, encode_wq/wk/wv=22/22/22, encode_qkt_merge_mask=15, rescale=[normalize=off, gamma=28, wk=off, wq=off, wv=off, qkt=28, merge_mask=off])
已为 1 层启用 BLB Block 2 噪声 (N=16384, fresh_inv_std=20, fresh_x_centered=20, encode_gamma=16, encode_wq/wk/wv=16/16/22, encode_qkt_merge_mask=15, rescale=[normalize=off, gamma=28, wk=off, wq=off, wv=off, qkt=28, merge_mask=off])
已为 1 层启用 BLB Block 2 噪声 (N=16384, fresh_inv_std=28, fresh_x_centered=28, encode_gamma=20, encode_wq/wk/wv=22/22/22, encode_qkt_merge_mask=15, rescale=[normalize=off, gamma=28, wk=off, wq=off, wv=off, qkt=28, merge_mask=off])
已为 1 层启用 BLB Block 2 噪声 (N=16384, fresh_inv_std=20, fresh_x_centered=20, encode_gamma=16, encode_wq/wk/wv=16/16/22, encode_qkt_merge_mask=15, rescale=[normalize=off, gamma=28, wk=off, wq=off, wv=off, qkt=28, merge_mask=off])
已为 1 层启用 BLB Block 2 噪声 (N=16384, fresh_inv_std=28, fresh_x_centered=28, encode_gamma=20, encode_wq/wk/wv=22/22/22, encode_qkt_merge_mask=15, rescale=[normalize=off, gamma=28, wk=off, wq=off, wv=off, qkt=28, merge_mask=off])
已为 1 层启用 BLB Block 2 噪声 (N=16384, fresh_inv_std=28, fresh_x_centered=28, encode_gamma=20, encode_wq/wk/wv=22/22/22, encode_qkt_merge_mask=15, rescale=[normalize=off, gamma=28, wk=off, wq=off, wv=off, qkt=28, merge_mask=off])
已为 1 层启用 BLB Block 4 噪声 (N=16384, fresh_softmax/V=29/25, encode_masks(sm/V/sm_v)=14/14/14, encode_wo=16, encode_ln_inv_d=16/20, rescale=[sm_mask=off, v_mask=off, sm_v_matmul=23, sm_v_mask=off, wo=off, ln_mean=21, ln_sq=31, ln_var=off])
已为 1 层启用 BLB Block 4 噪声 (N=16384, fresh_softmax/V=35/25, encode_masks(sm/V/sm_v)=14/14/14, encode_wo=22, encode_ln_inv_d=20/20, rescale=[sm_mask=off, v_mask=off, sm_v_matmul=31, sm_v_mask=off, wo=off, ln_mean=31, ln_sq=31, ln_var=off])
已为 1 层启用 BLB Block 4 噪声 (N=16384, fresh_softmax/V=35/25, encode_masks(sm/V/sm_v)=14/14/14, encode_wo=22, encode_ln_inv_d=20/20, rescale=[sm_mask=off, v_mask=off, sm_v_matmul=31, sm_v_mask=off, wo=off, ln_mean=31, ln_sq=31, ln_var=off])
已为 1 层启用 BLB Block 4 噪声 (N=16384, fresh_softmax/V=29/25, encode_masks(sm/V/sm_v)=14/14/14, encode_wo=16, encode_ln_inv_d=16/20, rescale=[sm_mask=off, v_mask=off, sm_v_matmul=23, sm_v_mask=off, wo=off, ln_mean=21, ln_sq=31, ln_var=off])
已为 1 层启用 BLB Block 4 噪声 (N=16384, fresh_softmax/V=29/25, encode_masks(sm/V/sm_v)=14/14/14, encode_wo=16, encode_ln_inv_d=16/20, rescale=[sm_mask=off, v_mask=off, sm_v_matmul=23, sm_v_mask=off, wo=off, ln_mean=21, ln_sq=31, ln_var=off])
已为 1 层启用 BLB Block 4 噪声 (N=16384, fresh_softmax/V=35/25, encode_masks(sm/V/sm_v)=14/14/14, encode_wo=22, encode_ln_inv_d=20/20, rescale=[sm_mask=off, v_mask=off, sm_v_matmul=31, sm_v_mask=off, wo=off, ln_mean=31, ln_sq=31, ln_var=off])
已为 1 层启用 BLB Block 4 噪声 (N=16384, fresh_softmax/V=35/25, encode_masks(sm/V/sm_v)=14/14/14, encode_wo=22, encode_ln_inv_d=20/20, rescale=[sm_mask=off, v_mask=off, sm_v_matmul=31, sm_v_mask=off, wo=off, ln_mean=31, ln_sq=31, ln_var=off])
已为 1 层启用 BLB Block 4 噪声 (N=16384, fresh_softmax/V=35/25, encode_masks(sm/V/sm_v)=14/14/14, encode_wo=22, encode_ln_inv_d=20/20, rescale=[sm_mask=off, v_mask=off, sm_v_matmul=31, sm_v_mask=off, wo=off, ln_mean=31, ln_sq=31, ln_var=off])
已为 1 层启用 BLB Block 4 噪声 (N=16384, fresh_softmax/V=29/25, encode_masks(sm/V/sm_v)=14/14/14, encode_wo=16, encode_ln_inv_d=16/20, rescale=[sm_mask=off, v_mask=off, sm_v_matmul=23, sm_v_mask=off, wo=off, ln_mean=21, ln_sq=31, ln_var=off])
已为 1 层启用 BLB Block 4 噪声 (N=16384, fresh_softmax/V=35/25, encode_masks(sm/V/sm_v)=14/14/14, encode_wo=22, encode_ln_inv_d=20/20, rescale=[sm_mask=off, v_mask=off, sm_v_matmul=31, sm_v_mask=off, wo=off, ln_mean=31, ln_sq=31, ln_var=off])
已为 1 层启用 BLB Block 4 噪声 (N=16384, fresh_softmax/V=29/25, encode_masks(sm/V/sm_v)=14/14/14, encode_wo=16, encode_ln_inv_d=16/20, rescale=[sm_mask=off, v_mask=off, sm_v_matmul=23, sm_v_mask=off, wo=off, ln_mean=21, ln_sq=31, ln_var=off])
已为 1 层启用 BLB Block 4 噪声 (N=16384, fresh_softmax/V=29/25, encode_masks(sm/V/sm_v)=14/14/14, encode_wo=16, encode_ln_inv_d=16/20, rescale=[sm_mask=off, v_mask=off, sm_v_matmul=23, sm_v_mask=off, wo=off, ln_mean=21, ln_sq=31, ln_var=off])
已为 12 层启用 BLB Block 5 噪声 (gelu_degree∈{1,1,1,1,1,4,1,1,1,1,1,1}, N=16384, fresh_inv_std/x_centered=22/22, encode_gamma/wffn1/gelu_coeff=14/14/16, rescale=[normalize=26, gamma=off, wffn1=off, gelu_powers=[(none)], gelu_coeff_muls=[29]])
  [checkpoint] 已保存 · 回合 600 → Parting Chapter/stage2/bert base mrpc/progress/blb_stage2_rl_checkpoint_live.pt  ·  forbidden_action_mask=empty  ·  static_invalid_level_mask=disabled  ·  empirical_invalid_level_mask=disabled
  [diag] 诊断摘要已刷新 → Parting Chapter/stage2/bert base mrpc/progress/diagnostics/diagnostics_summary.md

  PPO 窗口摘要 · 截至回合（through episode） 600  ·  时间 2026-06-05 15:52:05
    窗口 N=60 回合 ·  平均回报 mean return=-7.2968 (min=-7.3869, max=-7.1870)  ·  平均终局 mean terminal=-5.0000
    平均 valid steps=47.00/47  ·  平均 invalid=0.00  ·  当前 rank-best reward=+39.7372  ·  rank_key=[3.0, 2480.0, 14.0, 1.5593220338983045, 380.0, 42.07264133221358, 39.73719386291553]
    policy_loss=-0.0144  ·  value_loss=+0.0001  ·  entropy=+2.4255  ·  clip_fraction=0.183  ·  ent_coef=0.01733
    approx_kl=0.02252  ·  kl_stop=False  ·  entropy_recovery=0.00000  ·  return_norm=(-0.278, 8.052)
    LR=0.000249  ·  lr_scale=1.244  ·  更新序号 update#10  ·  PPO 样本数=2820
  ────
  · BLB Stage-2 噪声 RL 进度 · 回合 600 / 600
  · [██████████████████████████████] 100.0%
  · 训练期 rank-best 得分: +39.7372
  · 已用时: 27m45s    预计剩余: 0m00s    预计完成: 2026-06-05 15:52:05    PPO 更新: 10 次
  ────
  * 详细诊断 final flush → Parting Chapter/stage2/bert base mrpc/details/noise_ppo_step_info_361-720.txt

════════════════════════════════════════════════════════════════════
  PPO 训练结束（Sequential PPO training completed）
════════════════════════════════════════════════════════════════════
  ────
  · 总耗时（elapsed）：27m45s
  · 完成回合数：600（计划 600）
  · PPO 更新次数：10
  · 最近 10 回合 invalid 率：0.0%
  · 训练期 rank-best reward：+39.7372
  · 训练期最优 best_action vec 已确定（写入 result['blb_v3_best_action_vec']，下游 final-eval 会安装该动作）
  ────
  * 诊断目录已完成 → Parting Chapter/stage2/bert base mrpc/progress/diagnostics
  * 诊断汇总 → Parting Chapter/stage2/bert base mrpc/progress/diagnostics/diagnostics_summary.md
  * 手动 final-eval 可调用：
      bash Paean/run_final_eval.sh --preset mrpc-final-eval-only --action-config Parting Chapter/stage2/bert base mrpc/progress/diagnostics/best_action_vec.json
  * 基线动作可读说明 → Parting Chapter/stage2/bert base mrpc/progress/blb_stage2_baseline_action_full.md
  * 最优动作可读说明 → Parting Chapter/stage2/bert base mrpc/progress/blb_stage2_best_action_full.md
  * 最终训练报告 → Parting Chapter/stage2/bert base mrpc/progress/blb_stage2_report.md
  * 已登记到 experiments/registry.jsonl（run_id=bert base mrpc）
  * 训练曲线 PNG → Parting Chapter/stage2/bert base mrpc/progress/blb_stage2_training_curve.png
已替换 11 层的GELU函数（GELU function）
已替换 1 层的GELU函数（GELU function）
已替换 12 层的Softmax函数（Softmax function）
已替换 11 层的GELU函数（GELU function）
已替换 1 层的GELU函数（GELU function）
已替换 12 层的Softmax函数（Softmax function）

[信息] 统一最终评估已跳过（--skip-final-eval）。

配置评估完成（Configuration evaluation finished）。
100%|██████████| 1/1 [27:54<00:00, 1674.86s/it]
已替换 11 层的GELU函数（GELU function）
已替换 1 层的GELU函数（GELU function）
已替换 12 层的Softmax函数（Softmax function）
Round 0, Final evaluation loss: 0.3462543785572052

 If there's a warning about missing keys above, please disregard :)
1.20, alloc 0.01, bootstrap 0.00, allgathers 0.00, topo 0.31, graphs 0.00, connections 0.01, rest 0.01)
I28ca072f1200a01074:1382603:1382822 [0] NCCL INFO ncclCommInitAll comm 0x4a2db8e0 rank 0 nranks 4 cudaDev 0 nvmlDev 0 busId 1000 commId 0x52c0a90e98e673e7 - Init COMPLETE
I28ca072f1200a01074:1382603:1382822 [0] NCCL INFO Init timings - ncclCommInitAll: rank 0 nranks 4 total 1.53 (kernels 1.20, alloc 0.01, bootstrap 0.00, allgathers 0.00, topo 0.20, graphs 0.11, connections 0.01, rest 0.00)
I28ca072f1200a01074:1382603:1382836 [2] NCCL INFO Channel 00 : 2[2] -> 3[3] via SHM/direct/direct
I28ca072f1200a01074:1382603:1382837 [1] NCCL INFO Channel 00 : 1[1] -> 2[2] via SHM/direct/direct
I28ca072f1200a01074:1382603:1382835 [3] NCCL INFO Channel 00 : 3[3] -> 0[0] via SHM/direct/direct
I28ca072f1200a01074:1382603:1382836 [2] NCCL INFO Channel 01 : 2[2] -> 3[3] via SHM/direct/direct
I28ca072f1200a01074:1382603:1382838 [0] NCCL INFO Channel 00 : 0[0] -> 1[1] via SHM/direct/direct
I28ca072f1200a01074:1382603:1382837 [1] NCCL INFO Channel 01 : 1[1] -> 2[2] via SHM/direct/direct
I28ca072f1200a01074:1382603:1382835 [3] NCCL INFO Channel 01 : 3[3] -> 0[0] via SHM/direct/direct
I28ca072f1200a01074:1382603:1382836 [2] NCCL INFO Channel 02 : 2[2] -> 3[3] via SHM/direct/direct
I28ca072f1200a01074:1382603:1382838 [0] NCCL INFO Channel 01 : 0[0] -> 1[1] via SHM/direct/direct
I28ca072f1200a01074:1382603:1382837 [1] NCCL INFO Channel 02 : 1[1] -> 2[2] via SHM/direct/direct
I28ca072f1200a01074:1382603:1382835 [3] NCCL INFO Channel 02 : 3[3] -> 0[0] via SHM/direct/direct
I28ca072f1200a01074:1382603:1382836 [2] NCCL INFO Channel 03 : 2[2] -> 3[3] via SHM/direct/direct
I28ca072f1200a01074:1382603:1382838 [0] NCCL INFO Channel 02 : 0[0] -> 1[1] via SHM/direct/direct
I28ca072f1200a01074:1382603:1382837 [1] NCCL INFO Channel 03 : 1[1] -> 2[2] via SHM/direct/direct
I28ca072f1200a01074:1382603:1382835 [3] NCCL INFO Channel 03 : 3[3] -> 0[0] via SHM/direct/direct
I28ca072f1200a01074:1382603:1382838 [0] NCCL INFO Channel 03 : 0[0] -> 1[1] via SHM/direct/direct
I28ca072f1200a01074:1382603:1382835 [3] NCCL INFO Connected all rings, use ring PXN 0 GDR 1
I28ca072f1200a01074:1382603:1382836 [2] NCCL INFO Connected all rings, use ring PXN 0 GDR 1
I28ca072f1200a01074:1382603:1382837 [1] NCCL INFO Connected all rings, use ring PXN 0 GDR 1
I28ca072f1200a01074:1382603:1382838 [0] NCCL INFO Connected all rings, use ring PXN 0 GDR 1
