sha256	bytes	type	original_path	archive_path	category
c9bd17b845d529746a07f5bb66e0546b08676e295e674e0d1a94b9efdff6e6d2	126149	file	/hy-tmp/RFR_stage2_presets_2dbc2934/rl_training_data_points/stage2/bert-base/mrpc/stage2_hml_real_smoke_6f5ea845_20260728_013011_persistent_rl_bert-base_mrpc_s1t0.001_s2t0.001_s2st2.0__20260727T173132425076Z__pid335479/manifest.json	hy-tmp/RFR_stage2_presets_2dbc2934/rl_training_data_points/stage2/bert-base/mrpc/stage2_hml_real_smoke_6f5ea845_20260728_013011_persistent_rl_bert-base_mrpc_s1t0.001_s2t0.001_s2st2.0__20260727T173132425076Z__pid335479/manifest.json	git_worktree_extra
5d21bd70f08690592acdffc7d93032a88cd62546b3fcc69adb438df9838fbb8e	47099	file	/hy-tmp/RFR_stage2_presets_2dbc2934/rl_training_data_points/stage2/bert-base/mrpc/stage2_hml_real_smoke_6f5ea845_20260728_013011_persistent_rl_bert-base_mrpc_s1t0.001_s2t0.001_s2st2.0__20260727T173132425076Z__pid335479/summary.json	hy-tmp/RFR_stage2_presets_2dbc2934/rl_training_data_points/stage2/bert-base/mrpc/stage2_hml_real_smoke_6f5ea845_20260728_013011_persistent_rl_bert-base_mrpc_s1t0.001_s2t0.001_s2st2.0__20260727T173132425076Z__pid335479/summary.json	git_worktree_extra
5c58ae9c28ca56ff31aca80cdcdb28ba9727c1e670a68177c549cdb26acab4db	1844690	file	/hy-tmp/RFR_stage2_presets_2dbc2934/rl_training_data_points/stage2/bert-base/mrpc/stage2_hml_real_smoke_6f5ea845_20260728_013220_persistent_rl_bert-base_mrpc_s1t0.001_s2t0.001_s2st2.0__20260727T173341964239Z__pid336959/episodes.jsonl	hy-tmp/RFR_stage2_presets_2dbc2934/rl_training_data_points/stage2/bert-base/mrpc/stage2_hml_real_smoke_6f5ea845_20260728_013220_persistent_rl_bert-base_mrpc_s1t0.001_s2t0.001_s2st2.0__20260727T173341964239Z__pid336959/episodes.jsonl	git_worktree_extra
4ff173e99c006e497b62cc7adbe76c7442918124f795b510d73f62d639f9c57a	126149	file	/hy-tmp/RFR_stage2_presets_2dbc2934/rl_training_data_points/stage2/bert-base/mrpc/stage2_hml_real_smoke_6f5ea845_20260728_013220_persistent_rl_bert-base_mrpc_s1t0.001_s2t0.001_s2st2.0__20260727T173341964239Z__pid336959/manifest.json	hy-tmp/RFR_stage2_presets_2dbc2934/rl_training_data_points/stage2/bert-base/mrpc/stage2_hml_real_smoke_6f5ea845_20260728_013220_persistent_rl_bert-base_mrpc_s1t0.001_s2t0.001_s2st2.0__20260727T173341964239Z__pid336959/manifest.json	git_worktree_extra
033e84236e92dae03e90f0a432fdb9ae4e9d36a919d168a5205db8aed7749b25	4725	file	/hy-tmp/RFR_stage2_presets_2dbc2934/rl_training_data_points/stage2/bert-base/mrpc/stage2_hml_real_smoke_6f5ea845_20260728_013220_persistent_rl_bert-base_mrpc_s1t0.001_s2t0.001_s2st2.0__20260727T173341964239Z__pid336959/ppo_updates.jsonl	hy-tmp/RFR_stage2_presets_2dbc2934/rl_training_data_points/stage2/bert-base/mrpc/stage2_hml_real_smoke_6f5ea845_20260728_013220_persistent_rl_bert-base_mrpc_s1t0.001_s2t0.001_s2st2.0__20260727T173341964239Z__pid336959/ppo_updates.jsonl	git_worktree_extra
1b6e84adf413b5392d305c4f3301786b9cb467af3b94a1341c21897552f68edf	45694	file	/hy-tmp/RFR_stage2_presets_2dbc2934/rl_training_data_points/stage2/bert-base/mrpc/stage2_hml_real_smoke_6f5ea845_20260728_013220_persistent_rl_bert-base_mrpc_s1t0.001_s2t0.001_s2st2.0__20260727T173341964239Z__pid336959/summary.json	hy-tmp/RFR_stage2_presets_2dbc2934/rl_training_data_points/stage2/bert-base/mrpc/stage2_hml_real_smoke_6f5ea845_20260728_013220_persistent_rl_bert-base_mrpc_s1t0.001_s2t0.001_s2st2.0__20260727T173341964239Z__pid336959/summary.json	git_worktree_extra
f9b27f39a6249d7e3ba5d5ed33f60976c55160bedeb98cb39057ce7487b739c0	199	file	/hy-tmp/Reinforcement-For-Robustness/Parting Chapter/persistent/rl/bert-large/mrpc/.s1t0.001_s2t0.001_s2st2.0__ab_exact_batch4_05b6863e_20260725_201609.stage2_rl.lock	hy-tmp/Reinforcement-For-Robustness/Parting Chapter/persistent/rl/bert-large/mrpc/.s1t0.001_s2t0.001_s2st2.0__ab_exact_batch4_05b6863e_20260725_201609.stage2_rl.lock	git_worktree_extra
44c06e843cec402fd2d25bab52c617eb77104bd9e9988ba21b403c458505d130	199	file	/hy-tmp/Reinforcement-For-Robustness/Parting Chapter/persistent/rl/bert-large/mrpc/.s1t0.001_s2t0.001_s2st2.0__ab_exact_batch4_edgefix_201611d2_20260725_213710.stage2_rl.lock	hy-tmp/Reinforcement-For-Robustness/Parting Chapter/persistent/rl/bert-large/mrpc/.s1t0.001_s2t0.001_s2st2.0__ab_exact_batch4_edgefix_201611d2_20260725_213710.stage2_rl.lock	git_worktree_extra
b2a9551e0a48447f86d54799480628075f63696265eedfd85c83aea9ad1a657a	199	file	/hy-tmp/Reinforcement-For-Robustness/Parting Chapter/persistent/rl/bert-large/mrpc/.s1t0.001_s2t0.001_s2st2.0__ab_exact_control_b1_05b6863e_20260725_201609.stage2_rl.lock	hy-tmp/Reinforcement-For-Robustness/Parting Chapter/persistent/rl/bert-large/mrpc/.s1t0.001_s2t0.001_s2st2.0__ab_exact_control_b1_05b6863e_20260725_201609.stage2_rl.lock	git_worktree_extra
f4e4f8d6f6931b82a74411f0fffe4cde5e12b6cf38b97141a7dcb00e7f0198d8	199	file	/hy-tmp/Reinforcement-For-Robustness/Parting Chapter/persistent/rl/bert-large/mrpc/.s1t0.001_s2t0.001_s2st2.0__large_stage1best_diag_thread120_seed20260725.stage2_rl.lock	hy-tmp/Reinforcement-For-Robustness/Parting Chapter/persistent/rl/bert-large/mrpc/.s1t0.001_s2t0.001_s2st2.0__large_stage1best_diag_thread120_seed20260725.stage2_rl.lock	git_worktree_extra
e3b0c44298fc1c149afbf4c8996fb92427ae41e4649b934ca495991b7852b855	0	file	/hy-tmp/Reinforcement-For-Robustness/Parting Chapter/persistent/rl/bert-large/mrpc/.s1t0.001_s2t0.001_s2st2.0__large_stage1best_diag_thread20_seed20260725.stage2_rl.lock	hy-tmp/Reinforcement-For-Robustness/Parting Chapter/persistent/rl/bert-large/mrpc/.s1t0.001_s2t0.001_s2st2.0__large_stage1best_diag_thread20_seed20260725.stage2_rl.lock	git_worktree_extra
253a1059e5a0ac831498a17a74fbce5f2c1afbc09852ca8c6a266a3ca91a8a7d	198	file	/hy-tmp/Reinforcement-For-Robustness/Parting Chapter/persistent/rl/bert-large/mrpc/.s1t0.001_s2t0.001_s2st2.0__large_stage1best_small_gtrxl_full_4gpu_e1a1bba9_seed20260725.stage2_rl.lock	hy-tmp/Reinforcement-For-Robustness/Parting Chapter/persistent/rl/bert-large/mrpc/.s1t0.001_s2t0.001_s2st2.0__large_stage1best_small_gtrxl_full_4gpu_e1a1bba9_seed20260725.stage2_rl.lock	git_worktree_extra
b3f8321a163afc74b953e394682869da8a8dd556434321af43b3d8924e95cd90	198	file	/hy-tmp/Reinforcement-For-Robustness/Parting Chapter/persistent/rl/bert-large/mrpc/.s1t0.001_s2t0.001_s2st2.0__large_stage1best_small_gtrxl_full_seed20260725.stage2_rl.lock	hy-tmp/Reinforcement-For-Robustness/Parting Chapter/persistent/rl/bert-large/mrpc/.s1t0.001_s2t0.001_s2st2.0__large_stage1best_small_gtrxl_full_seed20260725.stage2_rl.lock	git_worktree_extra
667eb642356d621ebeaec3eba658779ef92e9f5b10ce711ddef7c744fab4dbba	6	file	/hy-tmp/Reinforcement-For-Robustness/Parting Chapter/persistent/rl/bert-large/mrpc/LATEST_PID	hy-tmp/Reinforcement-For-Robustness/Parting Chapter/persistent/rl/bert-large/mrpc/LATEST_PID	git_worktree_extra
b0c97b2b05d16584250099cfbdf591533c42ad0f2168d35e9b10cdd4c7260c60	118	file	/hy-tmp/Reinforcement-For-Robustness/Parting Chapter/persistent/rl/bert-large/mrpc/LATEST_RUN_DIR	hy-tmp/Reinforcement-For-Robustness/Parting Chapter/persistent/rl/bert-large/mrpc/LATEST_RUN_DIR	git_worktree_extra
93add458d365131621aa0b184e9697594e47df463059defbeec8a43228530977	213	file	/hy-tmp/Reinforcement-For-Robustness/Parting Chapter/persistent/rl/bert-large/mrpc/s1t0.001_s2t0.001_s2st2.0__ab_exact_batch4_05b6863e_20260725_201609/best_policy/constraint_metadata.json	hy-tmp/Reinforcement-For-Robustness/Parting Chapter/persistent/rl/bert-large/mrpc/s1t0.001_s2t0.001_s2st2.0__ab_exact_batch4_05b6863e_20260725_201609/best_policy/constraint_metadata.json	git_worktree_extra
4ce1bfa6727ad826152f1f1ccf127956ad92e9c5f1f90ac0034e54a4a39aaa82	15899	file	/hy-tmp/Reinforcement-For-Robustness/Parting Chapter/persistent/rl/bert-large/mrpc/s1t0.001_s2t0.001_s2st2.0__ab_exact_batch4_05b6863e_20260725_201609/logs/ab_batch4_final.log	hy-tmp/Reinforcement-For-Robustness/Parting Chapter/persistent/rl/bert-large/mrpc/s1t0.001_s2t0.001_s2st2.0__ab_exact_batch4_05b6863e_20260725_201609/logs/ab_batch4_final.log	git_worktree_extra
132f25cbca970509fcd413faa8171d4b34b0039b0326a9d2475c825a6dee247e	34329	file	/hy-tmp/Reinforcement-For-Robustness/Parting Chapter/persistent/rl/bert-large/mrpc/s1t0.001_s2t0.001_s2st2.0__ab_exact_batch4_05b6863e_20260725_201609/logs/stage2_large_mrpc_stage1best_small_150k_e1a1bba9.log	hy-tmp/Reinforcement-For-Robustness/Parting Chapter/persistent/rl/bert-large/mrpc/s1t0.001_s2t0.001_s2st2.0__ab_exact_batch4_05b6863e_20260725_201609/logs/stage2_large_mrpc_stage1best_small_150k_e1a1bba9.log	git_worktree_extra
92dbf4e56a606e91d960dafcdb453238cc3aa1e3037911575cc9368e51c0b75b	830	file	/hy-tmp/Reinforcement-For-Robustness/Parting Chapter/persistent/rl/bert-large/mrpc/s1t0.001_s2t0.001_s2st2.0__ab_exact_batch4_05b6863e_20260725_201609/metadata.json	hy-tmp/Reinforcement-For-Robustness/Parting Chapter/persistent/rl/bert-large/mrpc/s1t0.001_s2t0.001_s2st2.0__ab_exact_batch4_05b6863e_20260725_201609/metadata.json	git_worktree_extra
06b5d168035dca6676935790b819e3dafa9ca62efd1921dd7c79e4dc6dc09494	3166	file	/hy-tmp/Reinforcement-For-Robustness/Parting Chapter/persistent/rl/bert-large/mrpc/s1t0.001_s2t0.001_s2st2.0__ab_exact_batch4_05b6863e_20260725_201609/stage1/pruning_search_log.txt	hy-tmp/Reinforcement-For-Robustness/Parting Chapter/persistent/rl/bert-large/mrpc/s1t0.001_s2t0.001_s2st2.0__ab_exact_batch4_05b6863e_20260725_201609/stage1/pruning_search_log.txt	git_worktree_extra
b2d4c2e53414c304cb8dea7856c41fb863eddac160295d3c22e5fcf52c20b43b	1198	file	/hy-tmp/Reinforcement-For-Robustness/Parting Chapter/persistent/rl/bert-large/mrpc/s1t0.001_s2t0.001_s2st2.0__ab_exact_batch4_05b6863e_20260725_201609/stage2_noise/progress/blb_stage2_live_summary.md	hy-tmp/Reinforcement-For-Robustness/Parting Chapter/persistent/rl/bert-large/mrpc/s1t0.001_s2t0.001_s2st2.0__ab_exact_batch4_05b6863e_20260725_201609/stage2_noise/progress/blb_stage2_live_summary.md	git_worktree_extra
bd99ac08e69655a887d41876dd36b133cacc92d93ff8974d8770123d79e470c7	8379328	file	/hy-tmp/Reinforcement-For-Robustness/Parting Chapter/persistent/rl/bert-large/mrpc/s1t0.001_s2t0.001_s2st2.0__ab_exact_batch4_05b6863e_20260725_201609/stage2_noise/progress/blb_stage2_rl_checkpoint_live.pt	hy-tmp/Reinforcement-For-Robustness/Parting Chapter/persistent/rl/bert-large/mrpc/s1t0.001_s2t0.001_s2st2.0__ab_exact_batch4_05b6863e_20260725_201609/stage2_noise/progress/blb_stage2_rl_checkpoint_live.pt	git_worktree_extra
b9052779237560878bd3cbd0820e98383b02ccae84b07f21eeb1c273b85b1219	296999	file	/hy-tmp/Reinforcement-For-Robustness/Parting Chapter/persistent/rl/bert-large/mrpc/s1t0.001_s2t0.001_s2st2.0__ab_exact_batch4_05b6863e_20260725_201609/stage2_noise/progress/blb_stage2_status.json	hy-tmp/Reinforcement-For-Robustness/Parting Chapter/persistent/rl/bert-large/mrpc/s1t0.001_s2t0.001_s2st2.0__ab_exact_batch4_05b6863e_20260725_201609/stage2_noise/progress/blb_stage2_status.json	git_worktree_extra
85c3fd3c95c175de14197e403ca55ce6368cff72603873fd37e3b5a6e4f581b9	545600	file	/hy-tmp/Reinforcement-For-Robustness/Parting Chapter/persistent/rl/bert-large/mrpc/s1t0.001_s2t0.001_s2st2.0__ab_exact_batch4_05b6863e_20260725_201609/stage2_noise/progress/blb_stage2_training_curve.npz	hy-tmp/Reinforcement-For-Robustness/Parting Chapter/persistent/rl/bert-large/mrpc/s1t0.001_s2t0.001_s2st2.0__ab_exact_batch4_05b6863e_20260725_201609/stage2_noise/progress/blb_stage2_training_curve.npz	git_worktree_extra
f0190b5017bea171de13b9ac1bc3a7f6454533129a39dcd7877a3b2086134495	133289472	file	/hy-tmp/Reinforcement-For-Robustness/Parting Chapter/persistent/rl/bert-large/mrpc/s1t0.001_s2t0.001_s2st2.0__ab_exact_batch4_05b6863e_20260725_201609/stage2_noise/progress/candidate_store.jsonl	hy-tmp/Reinforcement-For-Robustness/Parting Chapter/persistent/rl/bert-large/mrpc/s1t0.001_s2t0.001_s2st2.0__ab_exact_batch4_05b6863e_20260725_201609/stage2_noise/progress/candidate_store.jsonl	git_worktree_extra
5e3a3b2677733f3d366cbeba15e214de6069824ac00bcb5bcf3df84d086a2c4b	897802	file	/hy-tmp/Reinforcement-For-Robustness/Parting Chapter/persistent/rl/bert-large/mrpc/s1t0.001_s2t0.001_s2st2.0__ab_exact_batch4_05b6863e_20260725_201609/stage2_noise/progress/diagnostics/action_histogram.npz	hy-tmp/Reinforcement-For-Robustness/Parting Chapter/persistent/rl/bert-large/mrpc/s1t0.001_s2t0.001_s2st2.0__ab_exact_batch4_05b6863e_20260725_201609/stage2_noise/progress/diagnostics/action_histogram.npz	git_worktree_extra
2b8afdd79c9e086a664a819f2b783b19da6bf7a55eee5a033af55017dd7ac4e7	1177927	file	/hy-tmp/Reinforcement-For-Robustness/Parting Chapter/persistent/rl/bert-large/mrpc/s1t0.001_s2t0.001_s2st2.0__ab_exact_batch4_05b6863e_20260725_201609/stage2_noise/progress/diagnostics/baseline_action_vec.json	hy-tmp/Reinforcement-For-Robustness/Parting Chapter/persistent/rl/bert-large/mrpc/s1t0.001_s2t0.001_s2st2.0__ab_exact_batch4_05b6863e_20260725_201609/stage2_noise/progress/diagnostics/baseline_action_vec.json	git_worktree_extra
9f4f42e0a80b8a45c6aa0163911d2473035a394ae083752aec2ee93098ef9d62	1279622	file	/hy-tmp/Reinforcement-For-Robustness/Parting Chapter/persistent/rl/bert-large/mrpc/s1t0.001_s2t0.001_s2st2.0__ab_exact_batch4_05b6863e_20260725_201609/stage2_noise/progress/diagnostics/best_action_vec.json	hy-tmp/Reinforcement-For-Robustness/Parting Chapter/persistent/rl/bert-large/mrpc/s1t0.001_s2t0.001_s2st2.0__ab_exact_batch4_05b6863e_20260725_201609/stage2_noise/progress/diagnostics/best_action_vec.json	git_worktree_extra
0ef5cc1ef59a8fc224a2367a8c0e03e1989505ca3146af0767d7ed96685a2299	2386	file	/hy-tmp/Reinforcement-For-Robustness/Parting Chapter/persistent/rl/bert-large/mrpc/s1t0.001_s2t0.001_s2st2.0__ab_exact_batch4_05b6863e_20260725_201609/stage2_noise/progress/diagnostics/blb_stage2_health.log	hy-tmp/Reinforcement-For-Robustness/Parting Chapter/persistent/rl/bert-large/mrpc/s1t0.001_s2t0.001_s2st2.0__ab_exact_batch4_05b6863e_20260725_201609/stage2_noise/progress/diagnostics/blb_stage2_health.log	git_worktree_extra
7b1d455850f91fefe0910a975dd4938a10a7ae7f9728d3c0bf689d482d088d6b	37434	file	/hy-tmp/Reinforcement-For-Robustness/Parting Chapter/persistent/rl/bert-large/mrpc/s1t0.001_s2t0.001_s2st2.0__ab_exact_batch4_05b6863e_20260725_201609/stage2_noise/progress/diagnostics/diagnostics_summary.md	hy-tmp/Reinforcement-For-Robustness/Parting Chapter/persistent/rl/bert-large/mrpc/s1t0.001_s2t0.001_s2st2.0__ab_exact_batch4_05b6863e_20260725_201609/stage2_noise/progress/diagnostics/diagnostics_summary.md	git_worktree_extra
76b0f1149d1b25e46588547f671699f595bb945611e050d6349c9fb916272196	188581207	file	/hy-tmp/Reinforcement-For-Robustness/Parting Chapter/persistent/rl/bert-large/mrpc/s1t0.001_s2t0.001_s2st2.0__ab_exact_batch4_05b6863e_20260725_201609/stage2_noise/progress/diagnostics/episodes.jsonl	hy-tmp/Reinforcement-For-Robustness/Parting Chapter/persistent/rl/bert-large/mrpc/s1t0.001_s2t0.001_s2st2.0__ab_exact_batch4_05b6863e_20260725_201609/stage2_noise/progress/diagnostics/episodes.jsonl	git_worktree_extra
44136fa355b3678a1146ad16f7e8649e94fb4fc21fe77e8310c060f61caaff8a	2	file	/hy-tmp/Reinforcement-For-Robustness/Parting Chapter/persistent/rl/bert-large/mrpc/s1t0.001_s2t0.001_s2st2.0__ab_exact_batch4_05b6863e_20260725_201609/stage2_noise/progress/diagnostics/first_invalid_counts.json	hy-tmp/Reinforcement-For-Robustness/Parting Chapter/persistent/rl/bert-large/mrpc/s1t0.001_s2t0.001_s2st2.0__ab_exact_batch4_05b6863e_20260725_201609/stage2_noise/progress/diagnostics/first_invalid_counts.json	git_worktree_extra
9f67f75fecb3d16e000e32f601009740f504e8982d34d9ace35e0e56ef35b9ea	4253	file	/hy-tmp/Reinforcement-For-Robustness/Parting Chapter/persistent/rl/bert-large/mrpc/s1t0.001_s2t0.001_s2st2.0__ab_exact_batch4_05b6863e_20260725_201609/stage2_noise/progress/diagnostics/pareto_frontier.html	hy-tmp/Reinforcement-For-Robustness/Parting Chapter/persistent/rl/bert-large/mrpc/s1t0.001_s2t0.001_s2st2.0__ab_exact_batch4_05b6863e_20260725_201609/stage2_noise/progress/diagnostics/pareto_frontier.html	git_worktree_extra
7364a7d688fd4b3a11f12ed3f9279fcece29811169881bdb34f1d50fe45ec7dc	7472692	file	/hy-tmp/Reinforcement-For-Robustness/Parting Chapter/persistent/rl/bert-large/mrpc/s1t0.001_s2t0.001_s2st2.0__ab_exact_batch4_05b6863e_20260725_201609/stage2_noise/progress/diagnostics/pareto_frontier.json	hy-tmp/Reinforcement-For-Robustness/Parting Chapter/persistent/rl/bert-large/mrpc/s1t0.001_s2t0.001_s2st2.0__ab_exact_batch4_05b6863e_20260725_201609/stage2_noise/progress/diagnostics/pareto_frontier.json	git_worktree_extra
785cd56d1a2baec68fd11ca0a898e333188e7f3a9b0268c3846957f13ebad1ed	4099444	file	/hy-tmp/Reinforcement-For-Robustness/Parting Chapter/persistent/rl/bert-large/mrpc/s1t0.001_s2t0.001_s2st2.0__ab_exact_batch4_05b6863e_20260725_201609/stage2_noise/progress/diagnostics/pareto_frontier.jsonl	hy-tmp/Reinforcement-For-Robustness/Parting Chapter/persistent/rl/bert-large/mrpc/s1t0.001_s2t0.001_s2st2.0__ab_exact_batch4_05b6863e_20260725_201609/stage2_noise/progress/diagnostics/pareto_frontier.jsonl	git_worktree_extra
b9642018f5abcd71f723ed3cfa5c3c58b32b12876aaa381ffcae10adffb02651	11754214	file	/hy-tmp/Reinforcement-For-Robustness/Parting Chapter/persistent/rl/bert-large/mrpc/s1t0.001_s2t0.001_s2st2.0__ab_exact_batch4_05b6863e_20260725_201609/stage2_noise/progress/diagnostics/ppo_updates.jsonl	hy-tmp/Reinforcement-For-Robustness/Parting Chapter/persistent/rl/bert-large/mrpc/s1t0.001_s2t0.001_s2st2.0__ab_exact_batch4_05b6863e_20260725_201609/stage2_noise/progress/diagnostics/ppo_updates.jsonl	git_worktree_extra
0ff93773f9f691323b8028d83cb67547f12a216628cd34e8fd3a52a96774f6e1	16366023	file	/hy-tmp/Reinforcement-For-Robustness/Parting Chapter/persistent/rl/bert-large/mrpc/s1t0.001_s2t0.001_s2st2.0__ab_exact_batch4_05b6863e_20260725_201609/stage2_noise/progress/diagnostics/top_candidates.jsonl	hy-tmp/Reinforcement-For-Robustness/Parting Chapter/persistent/rl/bert-large/mrpc/s1t0.001_s2t0.001_s2st2.0__ab_exact_batch4_05b6863e_20260725_201609/stage2_noise/progress/diagnostics/top_candidates.jsonl	git_worktree_extra
f6a95087497eb855d334b3dda7141915afe1dd79fc6b01e692eac0524d961943	334374	file	/hy-tmp/Reinforcement-For-Robustness/Parting Chapter/persistent/rl/bert-large/mrpc/s1t0.001_s2t0.001_s2st2.0__ab_exact_batch4_05b6863e_20260725_201609/stage2_noise/progress/layerwise_run_manifest.json	hy-tmp/Reinforcement-For-Robustness/Parting Chapter/persistent/rl/bert-large/mrpc/s1t0.001_s2t0.001_s2st2.0__ab_exact_batch4_05b6863e_20260725_201609/stage2_noise/progress/layerwise_run_manifest.json	git_worktree_extra
5ac66a03f1643994842209cf60aadd30373fbbc80ff9c42a9458c6d2d641c561	374344	file	/hy-tmp/Reinforcement-For-Robustness/Parting Chapter/persistent/rl/bert-large/mrpc/s1t0.001_s2t0.001_s2st2.0__ab_exact_batch4_05b6863e_20260725_201609/stage2_noise/progress/layerwise_summary.json	hy-tmp/Reinforcement-For-Robustness/Parting Chapter/persistent/rl/bert-large/mrpc/s1t0.001_s2t0.001_s2st2.0__ab_exact_batch4_05b6863e_20260725_201609/stage2_noise/progress/layerwise_summary.json	git_worktree_extra
c675d13482e1bc9233c1f3d4f94c585b42f73e8ba6de1c62e4a7f3458c3b415e	8375168	file	/hy-tmp/Reinforcement-For-Robustness/Parting Chapter/persistent/rl/bert-large/mrpc/s1t0.001_s2t0.001_s2st2.0__ab_exact_batch4_05b6863e_20260725_201609/stage2_noise/progress/pause_snapshots/20260725_184659/blb_stage2_rl_checkpoint_live.pt	hy-tmp/Reinforcement-For-Robustness/Parting Chapter/persistent/rl/bert-large/mrpc/s1t0.001_s2t0.001_s2st2.0__ab_exact_batch4_05b6863e_20260725_201609/stage2_noise/progress/pause_snapshots/20260725_184659/blb_stage2_rl_checkpoint_live.pt	git_worktree_extra
65e9fe380665fe622f42f878ea6c6821e9206102e217cd3de27753ff30bfd922	293579	file	/hy-tmp/Reinforcement-For-Robustness/Parting Chapter/persistent/rl/bert-large/mrpc/s1t0.001_s2t0.001_s2st2.0__ab_exact_batch4_05b6863e_20260725_201609/stage2_noise/progress/pause_snapshots/20260725_184659/blb_stage2_status.json	hy-tmp/Reinforcement-For-Robustness/Parting Chapter/persistent/rl/bert-large/mrpc/s1t0.001_s2t0.001_s2st2.0__ab_exact_batch4_05b6863e_20260725_201609/stage2_noise/progress/pause_snapshots/20260725_184659/blb_stage2_status.json	git_worktree_extra
38cf4a299e1b18fc78c788873ee5d16792de0dde94e3515cb4a57027f9894b41	287	file	/hy-tmp/Reinforcement-For-Robustness/Parting Chapter/persistent/rl/bert-large/mrpc/s1t0.001_s2t0.001_s2st2.0__ab_exact_batch4_05b6863e_20260725_201609/stage2_noise/progress/pause_snapshots/20260725_184659/checkpoint.sha256	hy-tmp/Reinforcement-For-Robustness/Parting Chapter/persistent/rl/bert-large/mrpc/s1t0.001_s2t0.001_s2st2.0__ab_exact_batch4_05b6863e_20260725_201609/stage2_noise/progress/pause_snapshots/20260725_184659/checkpoint.sha256	git_worktree_extra
3756f3ed995a017cfeb63966cd388b7a91fed5f1197d62c00cf20d616cb5b04e	77	file	/hy-tmp/Reinforcement-For-Robustness/Parting Chapter/persistent/rl/bert-large/mrpc/s1t0.001_s2t0.001_s2st2.0__ab_exact_batch4_05b6863e_20260725_201609/stage2_noise/progress/pause_snapshots/20260725_184659/checkpoint.stat	hy-tmp/Reinforcement-For-Robustness/Parting Chapter/persistent/rl/bert-large/mrpc/s1t0.001_s2t0.001_s2st2.0__ab_exact_batch4_05b6863e_20260725_201609/stage2_noise/progress/pause_snapshots/20260725_184659/checkpoint.stat	git_worktree_extra
889e155da732dde248d8d7453c236bed8dfc7dbad35aed7ece3c5dee7ad7d8d5	90126	file	/hy-tmp/Reinforcement-For-Robustness/Parting Chapter/persistent/rl/bert-large/mrpc/s1t0.001_s2t0.001_s2st2.0__ab_exact_batch4_05b6863e_20260725_201609/stage2_noise/progress/pause_snapshots/20260725_184659/layerwise_run_manifest.json	hy-tmp/Reinforcement-For-Robustness/Parting Chapter/persistent/rl/bert-large/mrpc/s1t0.001_s2t0.001_s2st2.0__ab_exact_batch4_05b6863e_20260725_201609/stage2_noise/progress/pause_snapshots/20260725_184659/layerwise_run_manifest.json	git_worktree_extra
ecc15a3cf724852f1ded7c62a582de3d9f981e9a71d4cc77aa3e4f46efcb5f67	168	file	/hy-tmp/Reinforcement-For-Robustness/Parting Chapter/persistent/rl/bert-large/mrpc/s1t0.001_s2t0.001_s2st2.0__ab_exact_batch4_05b6863e_20260725_201609/stage2_noise/progress/pause_snapshots/20260725_184659/rl_data_points_run_id.txt	hy-tmp/Reinforcement-For-Robustness/Parting Chapter/persistent/rl/bert-large/mrpc/s1t0.001_s2t0.001_s2st2.0__ab_exact_batch4_05b6863e_20260725_201609/stage2_noise/progress/pause_snapshots/20260725_184659/rl_data_points_run_id.txt	git_worktree_extra
561ffd2f8a351391796fcd9e8832a3483c48452471c5c9884e4efc9b778e2802	969	file	/hy-tmp/Reinforcement-For-Robustness/Parting Chapter/persistent/rl/bert-large/mrpc/s1t0.001_s2t0.001_s2st2.0__ab_exact_batch4_05b6863e_20260725_201609/stage2_noise/progress/pause_snapshots/20260725_184659/stop_record.txt	hy-tmp/Reinforcement-For-Robustness/Parting Chapter/persistent/rl/bert-large/mrpc/s1t0.001_s2t0.001_s2st2.0__ab_exact_batch4_05b6863e_20260725_201609/stage2_noise/progress/pause_snapshots/20260725_184659/stop_record.txt	git_worktree_extra
533bb0fb23c8616605b45a11928fec7d2ff54cb3edd9df71093615de7d755c58	57	file	/hy-tmp/Reinforcement-For-Robustness/Parting Chapter/persistent/rl/bert-large/mrpc/s1t0.001_s2t0.001_s2st2.0__ab_exact_batch4_05b6863e_20260725_201609/stage2_noise/progress/rl_data_points_run_id.txt	hy-tmp/Reinforcement-For-Robustness/Parting Chapter/persistent/rl/bert-large/mrpc/s1t0.001_s2t0.001_s2st2.0__ab_exact_batch4_05b6863e_20260725_201609/stage2_noise/progress/rl_data_points_run_id.txt	git_worktree_extra
7bb9018a0cc7cc1bd7477730c898947db72d52391b6f970292cf18ef54369cab	11655	file	/hy-tmp/Reinforcement-For-Robustness/Parting Chapter/persistent/rl/bert-large/mrpc/s1t0.001_s2t0.001_s2st2.0__ab_exact_batch4_05b6863e_20260725_201609/stage2_noise/pruning_search_log.txt	hy-tmp/Reinforcement-For-Robustness/Parting Chapter/persistent/rl/bert-large/mrpc/s1t0.001_s2t0.001_s2st2.0__ab_exact_batch4_05b6863e_20260725_201609/stage2_noise/pruning_search_log.txt	git_worktree_extra
93add458d365131621aa0b184e9697594e47df463059defbeec8a43228530977	213	file	/hy-tmp/Reinforcement-For-Robustness/Parting Chapter/persistent/rl/bert-large/mrpc/s1t0.001_s2t0.001_s2st2.0__ab_exact_batch4_edgefix_201611d2_20260725_213710/best_policy/constraint_metadata.json	hy-tmp/Reinforcement-For-Robustness/Parting Chapter/persistent/rl/bert-large/mrpc/s1t0.001_s2t0.001_s2st2.0__ab_exact_batch4_edgefix_201611d2_20260725_213710/best_policy/constraint_metadata.json	git_worktree_extra
82c6116e40373ab224065c6a4fabc86d18249f68d2b4720a469bcc6e5d5a39c3	15947	file	/hy-tmp/Reinforcement-For-Robustness/Parting Chapter/persistent/rl/bert-large/mrpc/s1t0.001_s2t0.001_s2st2.0__ab_exact_batch4_edgefix_201611d2_20260725_213710/logs/ab_edgefix_final.log	hy-tmp/Reinforcement-For-Robustness/Parting Chapter/persistent/rl/bert-large/mrpc/s1t0.001_s2t0.001_s2st2.0__ab_exact_batch4_edgefix_201611d2_20260725_213710/logs/ab_edgefix_final.log	git_worktree_extra
132f25cbca970509fcd413faa8171d4b34b0039b0326a9d2475c825a6dee247e	34329	file	/hy-tmp/Reinforcement-For-Robustness/Parting Chapter/persistent/rl/bert-large/mrpc/s1t0.001_s2t0.001_s2st2.0__ab_exact_batch4_edgefix_201611d2_20260725_213710/logs/stage2_large_mrpc_stage1best_small_150k_e1a1bba9.log	hy-tmp/Reinforcement-For-Robustness/Parting Chapter/persistent/rl/bert-large/mrpc/s1t0.001_s2t0.001_s2st2.0__ab_exact_batch4_edgefix_201611d2_20260725_213710/logs/stage2_large_mrpc_stage1best_small_150k_e1a1bba9.log	git_worktree_extra
0c1c6fe4804e4fdebc02f18d3a3b42313bc7f34fa230370b6283a99c3dfae6bd	830	file	/hy-tmp/Reinforcement-For-Robustness/Parting Chapter/persistent/rl/bert-large/mrpc/s1t0.001_s2t0.001_s2st2.0__ab_exact_batch4_edgefix_201611d2_20260725_213710/metadata.json	hy-tmp/Reinforcement-For-Robustness/Parting Chapter/persistent/rl/bert-large/mrpc/s1t0.001_s2t0.001_s2st2.0__ab_exact_batch4_edgefix_201611d2_20260725_213710/metadata.json	git_worktree_extra
36ba78fa02398c886d5811ce0abe44898f0b5c73043dd29c0e4d714814cd83e6	6	file	/hy-tmp/Reinforcement-For-Robustness/Parting Chapter/persistent/rl/bert-large/mrpc/s1t0.001_s2t0.001_s2st2.0__ab_exact_batch4_edgefix_201611d2_20260725_213710/rl.pid	hy-tmp/Reinforcement-For-Robustness/Parting Chapter/persistent/rl/bert-large/mrpc/s1t0.001_s2t0.001_s2st2.0__ab_exact_batch4_edgefix_201611d2_20260725_213710/rl.pid	git_worktree_extra
36ba78fa02398c886d5811ce0abe44898f0b5c73043dd29c0e4d714814cd83e6	6	file	/hy-tmp/Reinforcement-For-Robustness/Parting Chapter/persistent/rl/bert-large/mrpc/s1t0.001_s2t0.001_s2st2.0__ab_exact_batch4_edgefix_201611d2_20260725_213710/run.pid	hy-tmp/Reinforcement-For-Robustness/Parting Chapter/persistent/rl/bert-large/mrpc/s1t0.001_s2t0.001_s2st2.0__ab_exact_batch4_edgefix_201611d2_20260725_213710/run.pid	git_worktree_extra
327a826e0f81fc6bc65e4e9d4ae5a91eca538d97d007d55988c0669ef130856d	3174	file	/hy-tmp/Reinforcement-For-Robustness/Parting Chapter/persistent/rl/bert-large/mrpc/s1t0.001_s2t0.001_s2st2.0__ab_exact_batch4_edgefix_201611d2_20260725_213710/stage1/pruning_search_log.txt	hy-tmp/Reinforcement-For-Robustness/Parting Chapter/persistent/rl/bert-large/mrpc/s1t0.001_s2t0.001_s2st2.0__ab_exact_batch4_edgefix_201611d2_20260725_213710/stage1/pruning_search_log.txt	git_worktree_extra
22e8f522a0566a5850c6ff3a8341de8ccdf297fed0f96f4db1bcf93f22be711c	1206	file	/hy-tmp/Reinforcement-For-Robustness/Parting Chapter/persistent/rl/bert-large/mrpc/s1t0.001_s2t0.001_s2st2.0__ab_exact_batch4_edgefix_201611d2_20260725_213710/stage2_noise/progress/blb_stage2_live_summary.md	hy-tmp/Reinforcement-For-Robustness/Parting Chapter/persistent/rl/bert-large/mrpc/s1t0.001_s2t0.001_s2st2.0__ab_exact_batch4_edgefix_201611d2_20260725_213710/stage2_noise/progress/blb_stage2_live_summary.md	git_worktree_extra
a5e575a7c6015db871fb7e69cb51f7e32d2aa202f6a9f7b83c287dc147ed8f5d	8379392	file	/hy-tmp/Reinforcement-For-Robustness/Parting Chapter/persistent/rl/bert-large/mrpc/s1t0.001_s2t0.001_s2st2.0__ab_exact_batch4_edgefix_201611d2_20260725_213710/stage2_noise/progress/blb_stage2_rl_checkpoint_live.pt	hy-tmp/Reinforcement-For-Robustness/Parting Chapter/persistent/rl/bert-large/mrpc/s1t0.001_s2t0.001_s2st2.0__ab_exact_batch4_edgefix_201611d2_20260725_213710/stage2_noise/progress/blb_stage2_rl_checkpoint_live.pt	git_worktree_extra
c628242d8a880c2418e0d748a4355c578cf9143aab8e600c6f235b1484de4175	297007	file	/hy-tmp/Reinforcement-For-Robustness/Parting Chapter/persistent/rl/bert-large/mrpc/s1t0.001_s2t0.001_s2st2.0__ab_exact_batch4_edgefix_201611d2_20260725_213710/stage2_noise/progress/blb_stage2_status.json	hy-tmp/Reinforcement-For-Robustness/Parting Chapter/persistent/rl/bert-large/mrpc/s1t0.001_s2t0.001_s2st2.0__ab_exact_batch4_edgefix_201611d2_20260725_213710/stage2_noise/progress/blb_stage2_status.json	git_worktree_extra
85c3fd3c95c175de14197e403ca55ce6368cff72603873fd37e3b5a6e4f581b9	545600	file	/hy-tmp/Reinforcement-For-Robustness/Parting Chapter/persistent/rl/bert-large/mrpc/s1t0.001_s2t0.001_s2st2.0__ab_exact_batch4_edgefix_201611d2_20260725_213710/stage2_noise/progress/blb_stage2_training_curve.npz	hy-tmp/Reinforcement-For-Robustness/Parting Chapter/persistent/rl/bert-large/mrpc/s1t0.001_s2t0.001_s2st2.0__ab_exact_batch4_edgefix_201611d2_20260725_213710/stage2_noise/progress/blb_stage2_training_curve.npz	git_worktree_extra
de86dca93a31ced3a06b8bd1b5af115cf4fdfd3a20ce393c2a57bb0f847e7481	133289472	file	/hy-tmp/Reinforcement-For-Robustness/Parting Chapter/persistent/rl/bert-large/mrpc/s1t0.001_s2t0.001_s2st2.0__ab_exact_batch4_edgefix_201611d2_20260725_213710/stage2_noise/progress/candidate_store.jsonl	hy-tmp/Reinforcement-For-Robustness/Parting Chapter/persistent/rl/bert-large/mrpc/s1t0.001_s2t0.001_s2st2.0__ab_exact_batch4_edgefix_201611d2_20260725_213710/stage2_noise/progress/candidate_store.jsonl	git_worktree_extra
5e3a3b2677733f3d366cbeba15e214de6069824ac00bcb5bcf3df84d086a2c4b	897802	file	/hy-tmp/Reinforcement-For-Robustness/Parting Chapter/persistent/rl/bert-large/mrpc/s1t0.001_s2t0.001_s2st2.0__ab_exact_batch4_edgefix_201611d2_20260725_213710/stage2_noise/progress/diagnostics/action_histogram.npz	hy-tmp/Reinforcement-For-Robustness/Parting Chapter/persistent/rl/bert-large/mrpc/s1t0.001_s2t0.001_s2st2.0__ab_exact_batch4_edgefix_201611d2_20260725_213710/stage2_noise/progress/diagnostics/action_histogram.npz	git_worktree_extra
2b8afdd79c9e086a664a819f2b783b19da6bf7a55eee5a033af55017dd7ac4e7	1177927	file	/hy-tmp/Reinforcement-For-Robustness/Parting Chapter/persistent/rl/bert-large/mrpc/s1t0.001_s2t0.001_s2st2.0__ab_exact_batch4_edgefix_201611d2_20260725_213710/stage2_noise/progress/diagnostics/baseline_action_vec.json	hy-tmp/Reinforcement-For-Robustness/Parting Chapter/persistent/rl/bert-large/mrpc/s1t0.001_s2t0.001_s2st2.0__ab_exact_batch4_edgefix_201611d2_20260725_213710/stage2_noise/progress/diagnostics/baseline_action_vec.json	git_worktree_extra
d26fea4e608472651e6e9d8b82140e218f72f12bbf1d35af64a3d4b5461680a5	1279622	file	/hy-tmp/Reinforcement-For-Robustness/Parting Chapter/persistent/rl/bert-large/mrpc/s1t0.001_s2t0.001_s2st2.0__ab_exact_batch4_edgefix_201611d2_20260725_213710/stage2_noise/progress/diagnostics/best_action_vec.json	hy-tmp/Reinforcement-For-Robustness/Parting Chapter/persistent/rl/bert-large/mrpc/s1t0.001_s2t0.001_s2st2.0__ab_exact_batch4_edgefix_201611d2_20260725_213710/stage2_noise/progress/diagnostics/best_action_vec.json	git_worktree_extra
92e32b28c4d2d06fb67f52572e99c0678f6abcfd10253205729283d94a5faa6a	2386	file	/hy-tmp/Reinforcement-For-Robustness/Parting Chapter/persistent/rl/bert-large/mrpc/s1t0.001_s2t0.001_s2st2.0__ab_exact_batch4_edgefix_201611d2_20260725_213710/stage2_noise/progress/diagnostics/blb_stage2_health.log	hy-tmp/Reinforcement-For-Robustness/Parting Chapter/persistent/rl/bert-large/mrpc/s1t0.001_s2t0.001_s2st2.0__ab_exact_batch4_edgefix_201611d2_20260725_213710/stage2_noise/progress/diagnostics/blb_stage2_health.log	git_worktree_extra
1ac91652b384c0270cf84ae9fb25a9411581e7ab9d454b02d64ca389cedb5bee	37442	file	/hy-tmp/Reinforcement-For-Robustness/Parting Chapter/persistent/rl/bert-large/mrpc/s1t0.001_s2t0.001_s2st2.0__ab_exact_batch4_edgefix_201611d2_20260725_213710/stage2_noise/progress/diagnostics/diagnostics_summary.md	hy-tmp/Reinforcement-For-Robustness/Parting Chapter/persistent/rl/bert-large/mrpc/s1t0.001_s2t0.001_s2st2.0__ab_exact_batch4_edgefix_201611d2_20260725_213710/stage2_noise/progress/diagnostics/diagnostics_summary.md	git_worktree_extra
bb7b15ac4be72f678d221a2afbef941bf758f861dda3c363680e8d2e1dcd6744	188581189	file	/hy-tmp/Reinforcement-For-Robustness/Parting Chapter/persistent/rl/bert-large/mrpc/s1t0.001_s2t0.001_s2st2.0__ab_exact_batch4_edgefix_201611d2_20260725_213710/stage2_noise/progress/diagnostics/episodes.jsonl	hy-tmp/Reinforcement-For-Robustness/Parting Chapter/persistent/rl/bert-large/mrpc/s1t0.001_s2t0.001_s2st2.0__ab_exact_batch4_edgefix_201611d2_20260725_213710/stage2_noise/progress/diagnostics/episodes.jsonl	git_worktree_extra
44136fa355b3678a1146ad16f7e8649e94fb4fc21fe77e8310c060f61caaff8a	2	file	/hy-tmp/Reinforcement-For-Robustness/Parting Chapter/persistent/rl/bert-large/mrpc/s1t0.001_s2t0.001_s2st2.0__ab_exact_batch4_edgefix_201611d2_20260725_213710/stage2_noise/progress/diagnostics/first_invalid_counts.json	hy-tmp/Reinforcement-For-Robustness/Parting Chapter/persistent/rl/bert-large/mrpc/s1t0.001_s2t0.001_s2st2.0__ab_exact_batch4_edgefix_201611d2_20260725_213710/stage2_noise/progress/diagnostics/first_invalid_counts.json	git_worktree_extra
9f67f75fecb3d16e000e32f601009740f504e8982d34d9ace35e0e56ef35b9ea	4253	file	/hy-tmp/Reinforcement-For-Robustness/Parting Chapter/persistent/rl/bert-large/mrpc/s1t0.001_s2t0.001_s2st2.0__ab_exact_batch4_edgefix_201611d2_20260725_213710/stage2_noise/progress/diagnostics/pareto_frontier.html	hy-tmp/Reinforcement-For-Robustness/Parting Chapter/persistent/rl/bert-large/mrpc/s1t0.001_s2t0.001_s2st2.0__ab_exact_batch4_edgefix_201611d2_20260725_213710/stage2_noise/progress/diagnostics/pareto_frontier.html	git_worktree_extra
7e5e3cc43d4228639db25b597c2f33ea535bf91ee4cacb55f83efcc5a78497d9	7472692	file	/hy-tmp/Reinforcement-For-Robustness/Parting Chapter/persistent/rl/bert-large/mrpc/s1t0.001_s2t0.001_s2st2.0__ab_exact_batch4_edgefix_201611d2_20260725_213710/stage2_noise/progress/diagnostics/pareto_frontier.json	hy-tmp/Reinforcement-For-Robustness/Parting Chapter/persistent/rl/bert-large/mrpc/s1t0.001_s2t0.001_s2st2.0__ab_exact_batch4_edgefix_201611d2_20260725_213710/stage2_noise/progress/diagnostics/pareto_frontier.json	git_worktree_extra
785cd56d1a2baec68fd11ca0a898e333188e7f3a9b0268c3846957f13ebad1ed	4099444	file	/hy-tmp/Reinforcement-For-Robustness/Parting Chapter/persistent/rl/bert-large/mrpc/s1t0.001_s2t0.001_s2st2.0__ab_exact_batch4_edgefix_201611d2_20260725_213710/stage2_noise/progress/diagnostics/pareto_frontier.jsonl	hy-tmp/Reinforcement-For-Robustness/Parting Chapter/persistent/rl/bert-large/mrpc/s1t0.001_s2t0.001_s2st2.0__ab_exact_batch4_edgefix_201611d2_20260725_213710/stage2_noise/progress/diagnostics/pareto_frontier.jsonl	git_worktree_extra
59e4c9bc795ab8a4013171ce1ef962dd9e11c77a88007a3b8d35020651da128b	11754213	file	/hy-tmp/Reinforcement-For-Robustness/Parting Chapter/persistent/rl/bert-large/mrpc/s1t0.001_s2t0.001_s2st2.0__ab_exact_batch4_edgefix_201611d2_20260725_213710/stage2_noise/progress/diagnostics/ppo_updates.jsonl	hy-tmp/Reinforcement-For-Robustness/Parting Chapter/persistent/rl/bert-large/mrpc/s1t0.001_s2t0.001_s2st2.0__ab_exact_batch4_edgefix_201611d2_20260725_213710/stage2_noise/progress/diagnostics/ppo_updates.jsonl	git_worktree_extra
0ff93773f9f691323b8028d83cb67547f12a216628cd34e8fd3a52a96774f6e1	16366023	file	/hy-tmp/Reinforcement-For-Robustness/Parting Chapter/persistent/rl/bert-large/mrpc/s1t0.001_s2t0.001_s2st2.0__ab_exact_batch4_edgefix_201611d2_20260725_213710/stage2_noise/progress/diagnostics/top_candidates.jsonl	hy-tmp/Reinforcement-For-Robustness/Parting Chapter/persistent/rl/bert-large/mrpc/s1t0.001_s2t0.001_s2st2.0__ab_exact_batch4_edgefix_201611d2_20260725_213710/stage2_noise/progress/diagnostics/top_candidates.jsonl	git_worktree_extra
eea5bd83387b6fe77a021d81de94eccabefeb3937251c882cd655a9245ca917e	334374	file	/hy-tmp/Reinforcement-For-Robustness/Parting Chapter/persistent/rl/bert-large/mrpc/s1t0.001_s2t0.001_s2st2.0__ab_exact_batch4_edgefix_201611d2_20260725_213710/stage2_noise/progress/layerwise_run_manifest.json	hy-tmp/Reinforcement-For-Robustness/Parting Chapter/persistent/rl/bert-large/mrpc/s1t0.001_s2t0.001_s2st2.0__ab_exact_batch4_edgefix_201611d2_20260725_213710/stage2_noise/progress/layerwise_run_manifest.json	git_worktree_extra
36277c7564d013dc2c69b408d34deb71bdd81c763a6ab1d7a35b70c8ff211d80	374368	file	/hy-tmp/Reinforcement-For-Robustness/Parting Chapter/persistent/rl/bert-large/mrpc/s1t0.001_s2t0.001_s2st2.0__ab_exact_batch4_edgefix_201611d2_20260725_213710/stage2_noise/progress/layerwise_summary.json	hy-tmp/Reinforcement-For-Robustness/Parting Chapter/persistent/rl/bert-large/mrpc/s1t0.001_s2t0.001_s2st2.0__ab_exact_batch4_edgefix_201611d2_20260725_213710/stage2_noise/progress/layerwise_summary.json	git_worktree_extra
c675d13482e1bc9233c1f3d4f94c585b42f73e8ba6de1c62e4a7f3458c3b415e	8375168	file	/hy-tmp/Reinforcement-For-Robustness/Parting Chapter/persistent/rl/bert-large/mrpc/s1t0.001_s2t0.001_s2st2.0__ab_exact_batch4_edgefix_201611d2_20260725_213710/stage2_noise/progress/pause_snapshots/20260725_184659/blb_stage2_rl_checkpoint_live.pt	hy-tmp/Reinforcement-For-Robustness/Parting Chapter/persistent/rl/bert-large/mrpc/s1t0.001_s2t0.001_s2st2.0__ab_exact_batch4_edgefix_201611d2_20260725_213710/stage2_noise/progress/pause_snapshots/20260725_184659/blb_stage2_rl_checkpoint_live.pt	git_worktree_extra
65e9fe380665fe622f42f878ea6c6821e9206102e217cd3de27753ff30bfd922	293579	file	/hy-tmp/Reinforcement-For-Robustness/Parting Chapter/persistent/rl/bert-large/mrpc/s1t0.001_s2t0.001_s2st2.0__ab_exact_batch4_edgefix_201611d2_20260725_213710/stage2_noise/progress/pause_snapshots/20260725_184659/blb_stage2_status.json	hy-tmp/Reinforcement-For-Robustness/Parting Chapter/persistent/rl/bert-large/mrpc/s1t0.001_s2t0.001_s2st2.0__ab_exact_batch4_edgefix_201611d2_20260725_213710/stage2_noise/progress/pause_snapshots/20260725_184659/blb_stage2_status.json	git_worktree_extra
38cf4a299e1b18fc78c788873ee5d16792de0dde94e3515cb4a57027f9894b41	287	file	/hy-tmp/Reinforcement-For-Robustness/Parting Chapter/persistent/rl/bert-large/mrpc/s1t0.001_s2t0.001_s2st2.0__ab_exact_batch4_edgefix_201611d2_20260725_213710/stage2_noise/progress/pause_snapshots/20260725_184659/checkpoint.sha256	hy-tmp/Reinforcement-For-Robustness/Parting Chapter/persistent/rl/bert-large/mrpc/s1t0.001_s2t0.001_s2st2.0__ab_exact_batch4_edgefix_201611d2_20260725_213710/stage2_noise/progress/pause_snapshots/20260725_184659/checkpoint.sha256	git_worktree_extra
3756f3ed995a017cfeb63966cd388b7a91fed5f1197d62c00cf20d616cb5b04e	77	file	/hy-tmp/Reinforcement-For-Robustness/Parting Chapter/persistent/rl/bert-large/mrpc/s1t0.001_s2t0.001_s2st2.0__ab_exact_batch4_edgefix_201611d2_20260725_213710/stage2_noise/progress/pause_snapshots/20260725_184659/checkpoint.stat	hy-tmp/Reinforcement-For-Robustness/Parting Chapter/persistent/rl/bert-large/mrpc/s1t0.001_s2t0.001_s2st2.0__ab_exact_batch4_edgefix_201611d2_20260725_213710/stage2_noise/progress/pause_snapshots/20260725_184659/checkpoint.stat	git_worktree_extra
889e155da732dde248d8d7453c236bed8dfc7dbad35aed7ece3c5dee7ad7d8d5	90126	file	/hy-tmp/Reinforcement-For-Robustness/Parting Chapter/persistent/rl/bert-large/mrpc/s1t0.001_s2t0.001_s2st2.0__ab_exact_batch4_edgefix_201611d2_20260725_213710/stage2_noise/progress/pause_snapshots/20260725_184659/layerwise_run_manifest.json	hy-tmp/Reinforcement-For-Robustness/Parting Chapter/persistent/rl/bert-large/mrpc/s1t0.001_s2t0.001_s2st2.0__ab_exact_batch4_edgefix_201611d2_20260725_213710/stage2_noise/progress/pause_snapshots/20260725_184659/layerwise_run_manifest.json	git_worktree_extra
ecc15a3cf724852f1ded7c62a582de3d9f981e9a71d4cc77aa3e4f46efcb5f67	168	file	/hy-tmp/Reinforcement-For-Robustness/Parting Chapter/persistent/rl/bert-large/mrpc/s1t0.001_s2t0.001_s2st2.0__ab_exact_batch4_edgefix_201611d2_20260725_213710/stage2_noise/progress/pause_snapshots/20260725_184659/rl_data_points_run_id.txt	hy-tmp/Reinforcement-For-Robustness/Parting Chapter/persistent/rl/bert-large/mrpc/s1t0.001_s2t0.001_s2st2.0__ab_exact_batch4_edgefix_201611d2_20260725_213710/stage2_noise/progress/pause_snapshots/20260725_184659/rl_data_points_run_id.txt	git_worktree_extra
561ffd2f8a351391796fcd9e8832a3483c48452471c5c9884e4efc9b778e2802	969	file	/hy-tmp/Reinforcement-For-Robustness/Parting Chapter/persistent/rl/bert-large/mrpc/s1t0.001_s2t0.001_s2st2.0__ab_exact_batch4_edgefix_201611d2_20260725_213710/stage2_noise/progress/pause_snapshots/20260725_184659/stop_record.txt	hy-tmp/Reinforcement-For-Robustness/Parting Chapter/persistent/rl/bert-large/mrpc/s1t0.001_s2t0.001_s2st2.0__ab_exact_batch4_edgefix_201611d2_20260725_213710/stage2_noise/progress/pause_snapshots/20260725_184659/stop_record.txt	git_worktree_extra
fc0bf0d8dff26b12e854843c6df8753eb2717d3ef367d1985ac3b13a5c7ed0db	65	file	/hy-tmp/Reinforcement-For-Robustness/Parting Chapter/persistent/rl/bert-large/mrpc/s1t0.001_s2t0.001_s2st2.0__ab_exact_batch4_edgefix_201611d2_20260725_213710/stage2_noise/progress/rl_data_points_run_id.txt	hy-tmp/Reinforcement-For-Robustness/Parting Chapter/persistent/rl/bert-large/mrpc/s1t0.001_s2t0.001_s2st2.0__ab_exact_batch4_edgefix_201611d2_20260725_213710/stage2_noise/progress/rl_data_points_run_id.txt	git_worktree_extra
32bc796fced0b6be225f7b9fdcd76dd65e18bc908bc7dd5ecf36c127d096f01f	11695	file	/hy-tmp/Reinforcement-For-Robustness/Parting Chapter/persistent/rl/bert-large/mrpc/s1t0.001_s2t0.001_s2st2.0__ab_exact_batch4_edgefix_201611d2_20260725_213710/stage2_noise/pruning_search_log.txt	hy-tmp/Reinforcement-For-Robustness/Parting Chapter/persistent/rl/bert-large/mrpc/s1t0.001_s2t0.001_s2st2.0__ab_exact_batch4_edgefix_201611d2_20260725_213710/stage2_noise/pruning_search_log.txt	git_worktree_extra
93add458d365131621aa0b184e9697594e47df463059defbeec8a43228530977	213	file	/hy-tmp/Reinforcement-For-Robustness/Parting Chapter/persistent/rl/bert-large/mrpc/s1t0.001_s2t0.001_s2st2.0__ab_exact_control_b1_05b6863e_20260725_201609/best_policy/constraint_metadata.json	hy-tmp/Reinforcement-For-Robustness/Parting Chapter/persistent/rl/bert-large/mrpc/s1t0.001_s2t0.001_s2st2.0__ab_exact_control_b1_05b6863e_20260725_201609/best_policy/constraint_metadata.json	git_worktree_extra
e9d5df0cd138c848ab82c14d34f2bd4be2aa72ec718a70faed6c857164c9a1dd	3776	file	/hy-tmp/Reinforcement-For-Robustness/Parting Chapter/persistent/rl/bert-large/mrpc/s1t0.001_s2t0.001_s2st2.0__ab_exact_control_b1_05b6863e_20260725_201609/logs/ab_control.log	hy-tmp/Reinforcement-For-Robustness/Parting Chapter/persistent/rl/bert-large/mrpc/s1t0.001_s2t0.001_s2st2.0__ab_exact_control_b1_05b6863e_20260725_201609/logs/ab_control.log	git_worktree_extra
9d42f92e9e0f414afa9b640d5b8aff1fcc1ba93e9e484ee9ddafe27d5976704b	32944	file	/hy-tmp/Reinforcement-For-Robustness/Parting Chapter/persistent/rl/bert-large/mrpc/s1t0.001_s2t0.001_s2st2.0__ab_exact_control_b1_05b6863e_20260725_201609/logs/ab_control_final.log	hy-tmp/Reinforcement-For-Robustness/Parting Chapter/persistent/rl/bert-large/mrpc/s1t0.001_s2t0.001_s2st2.0__ab_exact_control_b1_05b6863e_20260725_201609/logs/ab_control_final.log	git_worktree_extra
359a52f902d549a7bdb714d011e2828a6ef009a3fb75fa4a89cc84254d6b97ae	6618	file	/hy-tmp/Reinforcement-For-Robustness/Parting Chapter/persistent/rl/bert-large/mrpc/s1t0.001_s2t0.001_s2st2.0__ab_exact_control_b1_05b6863e_20260725_201609/logs/ab_control_offline.log	hy-tmp/Reinforcement-For-Robustness/Parting Chapter/persistent/rl/bert-large/mrpc/s1t0.001_s2t0.001_s2st2.0__ab_exact_control_b1_05b6863e_20260725_201609/logs/ab_control_offline.log	git_worktree_extra
48fec5212c7ec261d36b310aecae29ee3b3e1135e555d0c3af054599fb5d5a53	38990	file	/hy-tmp/Reinforcement-For-Robustness/Parting Chapter/persistent/rl/bert-large/mrpc/s1t0.001_s2t0.001_s2st2.0__ab_exact_control_b1_05b6863e_20260725_201609/logs/ab_control_offline2.log	hy-tmp/Reinforcement-For-Robustness/Parting Chapter/persistent/rl/bert-large/mrpc/s1t0.001_s2t0.001_s2st2.0__ab_exact_control_b1_05b6863e_20260725_201609/logs/ab_control_offline2.log	git_worktree_extra
132f25cbca970509fcd413faa8171d4b34b0039b0326a9d2475c825a6dee247e	34329	file	/hy-tmp/Reinforcement-For-Robustness/Parting Chapter/persistent/rl/bert-large/mrpc/s1t0.001_s2t0.001_s2st2.0__ab_exact_control_b1_05b6863e_20260725_201609/logs/stage2_large_mrpc_stage1best_small_150k_e1a1bba9.log	hy-tmp/Reinforcement-For-Robustness/Parting Chapter/persistent/rl/bert-large/mrpc/s1t0.001_s2t0.001_s2st2.0__ab_exact_control_b1_05b6863e_20260725_201609/logs/stage2_large_mrpc_stage1best_small_150k_e1a1bba9.log	git_worktree_extra
f6c02a74451fbfe0ef99326263d078919accb03ef8b5e9e1bdccd0276d72729c	830	file	/hy-tmp/Reinforcement-For-Robustness/Parting Chapter/persistent/rl/bert-large/mrpc/s1t0.001_s2t0.001_s2st2.0__ab_exact_control_b1_05b6863e_20260725_201609/metadata.json	hy-tmp/Reinforcement-For-Robustness/Parting Chapter/persistent/rl/bert-large/mrpc/s1t0.001_s2t0.001_s2st2.0__ab_exact_control_b1_05b6863e_20260725_201609/metadata.json	git_worktree_extra
667eb642356d621ebeaec3eba658779ef92e9f5b10ce711ddef7c744fab4dbba	6	file	/hy-tmp/Reinforcement-For-Robustness/Parting Chapter/persistent/rl/bert-large/mrpc/s1t0.001_s2t0.001_s2st2.0__ab_exact_control_b1_05b6863e_20260725_201609/rl.pid	hy-tmp/Reinforcement-For-Robustness/Parting Chapter/persistent/rl/bert-large/mrpc/s1t0.001_s2t0.001_s2st2.0__ab_exact_control_b1_05b6863e_20260725_201609/rl.pid	git_worktree_extra
667eb642356d621ebeaec3eba658779ef92e9f5b10ce711ddef7c744fab4dbba	6	file	/hy-tmp/Reinforcement-For-Robustness/Parting Chapter/persistent/rl/bert-large/mrpc/s1t0.001_s2t0.001_s2st2.0__ab_exact_control_b1_05b6863e_20260725_201609/run.pid	hy-tmp/Reinforcement-For-Robustness/Parting Chapter/persistent/rl/bert-large/mrpc/s1t0.001_s2t0.001_s2st2.0__ab_exact_control_b1_05b6863e_20260725_201609/run.pid	git_worktree_extra
00bda49936292d2ab5d08ec3b5d34f8c1df8a6a364b2624c2b95e129ad73a1fb	4775	file	/hy-tmp/Reinforcement-For-Robustness/Parting Chapter/persistent/rl/bert-large/mrpc/s1t0.001_s2t0.001_s2st2.0__ab_exact_control_b1_05b6863e_20260725_201609/stage1/pruning_search_log.txt	hy-tmp/Reinforcement-For-Robustness/Parting Chapter/persistent/rl/bert-large/mrpc/s1t0.001_s2t0.001_s2st2.0__ab_exact_control_b1_05b6863e_20260725_201609/stage1/pruning_search_log.txt	git_worktree_extra
b5493c40b8bc72ba8995d31561c97612e8166427b9e819737df593826557df0b	1202	file	/hy-tmp/Reinforcement-For-Robustness/Parting Chapter/persistent/rl/bert-large/mrpc/s1t0.001_s2t0.001_s2st2.0__ab_exact_control_b1_05b6863e_20260725_201609/stage2_noise/progress/blb_stage2_live_summary.md	hy-tmp/Reinforcement-For-Robustness/Parting Chapter/persistent/rl/bert-large/mrpc/s1t0.001_s2t0.001_s2st2.0__ab_exact_control_b1_05b6863e_20260725_201609/stage2_noise/progress/blb_stage2_live_summary.md	git_worktree_extra
4e4fef93bcb7c75006020da8b3e39cba0fd0b8f506251156c890e11665e46bbe	8379328	file	/hy-tmp/Reinforcement-For-Robustness/Parting Chapter/persistent/rl/bert-large/mrpc/s1t0.001_s2t0.001_s2st2.0__ab_exact_control_b1_05b6863e_20260725_201609/stage2_noise/progress/blb_stage2_rl_checkpoint_live.pt	hy-tmp/Reinforcement-For-Robustness/Parting Chapter/persistent/rl/bert-large/mrpc/s1t0.001_s2t0.001_s2st2.0__ab_exact_control_b1_05b6863e_20260725_201609/stage2_noise/progress/blb_stage2_rl_checkpoint_live.pt	git_worktree_extra
b0d176499f82dc9cc81a9e39000d8433450f4ce709b8c4813f23b94d6213b623	297003	file	/hy-tmp/Reinforcement-For-Robustness/Parting Chapter/persistent/rl/bert-large/mrpc/s1t0.001_s2t0.001_s2st2.0__ab_exact_control_b1_05b6863e_20260725_201609/stage2_noise/progress/blb_stage2_status.json	hy-tmp/Reinforcement-For-Robustness/Parting Chapter/persistent/rl/bert-large/mrpc/s1t0.001_s2t0.001_s2st2.0__ab_exact_control_b1_05b6863e_20260725_201609/stage2_noise/progress/blb_stage2_status.json	git_worktree_extra
85c3fd3c95c175de14197e403ca55ce6368cff72603873fd37e3b5a6e4f581b9	545600	file	/hy-tmp/Reinforcement-For-Robustness/Parting Chapter/persistent/rl/bert-large/mrpc/s1t0.001_s2t0.001_s2st2.0__ab_exact_control_b1_05b6863e_20260725_201609/stage2_noise/progress/blb_stage2_training_curve.npz	hy-tmp/Reinforcement-For-Robustness/Parting Chapter/persistent/rl/bert-large/mrpc/s1t0.001_s2t0.001_s2st2.0__ab_exact_control_b1_05b6863e_20260725_201609/stage2_noise/progress/blb_stage2_training_curve.npz	git_worktree_extra
64236b22af85d1150c38ded6ba1cb2aabbed01842c66719e43e783082d9ffd00	133289472	file	/hy-tmp/Reinforcement-For-Robustness/Parting Chapter/persistent/rl/bert-large/mrpc/s1t0.001_s2t0.001_s2st2.0__ab_exact_control_b1_05b6863e_20260725_201609/stage2_noise/progress/candidate_store.jsonl	hy-tmp/Reinforcement-For-Robustness/Parting Chapter/persistent/rl/bert-large/mrpc/s1t0.001_s2t0.001_s2st2.0__ab_exact_control_b1_05b6863e_20260725_201609/stage2_noise/progress/candidate_store.jsonl	git_worktree_extra
5e3a3b2677733f3d366cbeba15e214de6069824ac00bcb5bcf3df84d086a2c4b	897802	file	/hy-tmp/Reinforcement-For-Robustness/Parting Chapter/persistent/rl/bert-large/mrpc/s1t0.001_s2t0.001_s2st2.0__ab_exact_control_b1_05b6863e_20260725_201609/stage2_noise/progress/diagnostics/action_histogram.npz	hy-tmp/Reinforcement-For-Robustness/Parting Chapter/persistent/rl/bert-large/mrpc/s1t0.001_s2t0.001_s2st2.0__ab_exact_control_b1_05b6863e_20260725_201609/stage2_noise/progress/diagnostics/action_histogram.npz	git_worktree_extra
2b8afdd79c9e086a664a819f2b783b19da6bf7a55eee5a033af55017dd7ac4e7	1177927	file	/hy-tmp/Reinforcement-For-Robustness/Parting Chapter/persistent/rl/bert-large/mrpc/s1t0.001_s2t0.001_s2st2.0__ab_exact_control_b1_05b6863e_20260725_201609/stage2_noise/progress/diagnostics/baseline_action_vec.json	hy-tmp/Reinforcement-For-Robustness/Parting Chapter/persistent/rl/bert-large/mrpc/s1t0.001_s2t0.001_s2st2.0__ab_exact_control_b1_05b6863e_20260725_201609/stage2_noise/progress/diagnostics/baseline_action_vec.json	git_worktree_extra
2938e3b732f187f99d27f79797e2f32f7c06a660d429ee338bc45e4c68cf4bab	1279622	file	/hy-tmp/Reinforcement-For-Robustness/Parting Chapter/persistent/rl/bert-large/mrpc/s1t0.001_s2t0.001_s2st2.0__ab_exact_control_b1_05b6863e_20260725_201609/stage2_noise/progress/diagnostics/best_action_vec.json	hy-tmp/Reinforcement-For-Robustness/Parting Chapter/persistent/rl/bert-large/mrpc/s1t0.001_s2t0.001_s2st2.0__ab_exact_control_b1_05b6863e_20260725_201609/stage2_noise/progress/diagnostics/best_action_vec.json	git_worktree_extra
b6ec62bfda321d253cdadcbb514d113eef64b86d5b0fb1b96d77adff187a41e5	2386	file	/hy-tmp/Reinforcement-For-Robustness/Parting Chapter/persistent/rl/bert-large/mrpc/s1t0.001_s2t0.001_s2st2.0__ab_exact_control_b1_05b6863e_20260725_201609/stage2_noise/progress/diagnostics/blb_stage2_health.log	hy-tmp/Reinforcement-For-Robustness/Parting Chapter/persistent/rl/bert-large/mrpc/s1t0.001_s2t0.001_s2st2.0__ab_exact_control_b1_05b6863e_20260725_201609/stage2_noise/progress/diagnostics/blb_stage2_health.log	git_worktree_extra
e8f3d00d9b0197748574b185402679895d11d765e9ac7a1064a0308593693338	37438	file	/hy-tmp/Reinforcement-For-Robustness/Parting Chapter/persistent/rl/bert-large/mrpc/s1t0.001_s2t0.001_s2st2.0__ab_exact_control_b1_05b6863e_20260725_201609/stage2_noise/progress/diagnostics/diagnostics_summary.md	hy-tmp/Reinforcement-For-Robustness/Parting Chapter/persistent/rl/bert-large/mrpc/s1t0.001_s2t0.001_s2st2.0__ab_exact_control_b1_05b6863e_20260725_201609/stage2_noise/progress/diagnostics/diagnostics_summary.md	git_worktree_extra
481080885370412b007cc2e7f1dc2dcd148b8ee31c542074a855ed8edc5a6f98	188582021	file	/hy-tmp/Reinforcement-For-Robustness/Parting Chapter/persistent/rl/bert-large/mrpc/s1t0.001_s2t0.001_s2st2.0__ab_exact_control_b1_05b6863e_20260725_201609/stage2_noise/progress/diagnostics/episodes.jsonl	hy-tmp/Reinforcement-For-Robustness/Parting Chapter/persistent/rl/bert-large/mrpc/s1t0.001_s2t0.001_s2st2.0__ab_exact_control_b1_05b6863e_20260725_201609/stage2_noise/progress/diagnostics/episodes.jsonl	git_worktree_extra
44136fa355b3678a1146ad16f7e8649e94fb4fc21fe77e8310c060f61caaff8a	2	file	/hy-tmp/Reinforcement-For-Robustness/Parting Chapter/persistent/rl/bert-large/mrpc/s1t0.001_s2t0.001_s2st2.0__ab_exact_control_b1_05b6863e_20260725_201609/stage2_noise/progress/diagnostics/first_invalid_counts.json	hy-tmp/Reinforcement-For-Robustness/Parting Chapter/persistent/rl/bert-large/mrpc/s1t0.001_s2t0.001_s2st2.0__ab_exact_control_b1_05b6863e_20260725_201609/stage2_noise/progress/diagnostics/first_invalid_counts.json	git_worktree_extra
9f67f75fecb3d16e000e32f601009740f504e8982d34d9ace35e0e56ef35b9ea	4253	file	/hy-tmp/Reinforcement-For-Robustness/Parting Chapter/persistent/rl/bert-large/mrpc/s1t0.001_s2t0.001_s2st2.0__ab_exact_control_b1_05b6863e_20260725_201609/stage2_noise/progress/diagnostics/pareto_frontier.html	hy-tmp/Reinforcement-For-Robustness/Parting Chapter/persistent/rl/bert-large/mrpc/s1t0.001_s2t0.001_s2st2.0__ab_exact_control_b1_05b6863e_20260725_201609/stage2_noise/progress/diagnostics/pareto_frontier.html	git_worktree_extra
ec45f3339093a9a4a9ef4249ed18c2cc35ab422f6141959981bf433f3b953c6e	7472692	file	/hy-tmp/Reinforcement-For-Robustness/Parting Chapter/persistent/rl/bert-large/mrpc/s1t0.001_s2t0.001_s2st2.0__ab_exact_control_b1_05b6863e_20260725_201609/stage2_noise/progress/diagnostics/pareto_frontier.json	hy-tmp/Reinforcement-For-Robustness/Parting Chapter/persistent/rl/bert-large/mrpc/s1t0.001_s2t0.001_s2st2.0__ab_exact_control_b1_05b6863e_20260725_201609/stage2_noise/progress/diagnostics/pareto_frontier.json	git_worktree_extra
785cd56d1a2baec68fd11ca0a898e333188e7f3a9b0268c3846957f13ebad1ed	4099444	file	/hy-tmp/Reinforcement-For-Robustness/Parting Chapter/persistent/rl/bert-large/mrpc/s1t0.001_s2t0.001_s2st2.0__ab_exact_control_b1_05b6863e_20260725_201609/stage2_noise/progress/diagnostics/pareto_frontier.jsonl	hy-tmp/Reinforcement-For-Robustness/Parting Chapter/persistent/rl/bert-large/mrpc/s1t0.001_s2t0.001_s2st2.0__ab_exact_control_b1_05b6863e_20260725_201609/stage2_noise/progress/diagnostics/pareto_frontier.jsonl	git_worktree_extra
a1a2c39b5b754fc76c8dafdba331a76a3ed06c00c343c31c46d04ffc9f3b99b3	11754212	file	/hy-tmp/Reinforcement-For-Robustness/Parting Chapter/persistent/rl/bert-large/mrpc/s1t0.001_s2t0.001_s2st2.0__ab_exact_control_b1_05b6863e_20260725_201609/stage2_noise/progress/diagnostics/ppo_updates.jsonl	hy-tmp/Reinforcement-For-Robustness/Parting Chapter/persistent/rl/bert-large/mrpc/s1t0.001_s2t0.001_s2st2.0__ab_exact_control_b1_05b6863e_20260725_201609/stage2_noise/progress/diagnostics/ppo_updates.jsonl	git_worktree_extra
0ff93773f9f691323b8028d83cb67547f12a216628cd34e8fd3a52a96774f6e1	16366023	file	/hy-tmp/Reinforcement-For-Robustness/Parting Chapter/persistent/rl/bert-large/mrpc/s1t0.001_s2t0.001_s2st2.0__ab_exact_control_b1_05b6863e_20260725_201609/stage2_noise/progress/diagnostics/top_candidates.jsonl	hy-tmp/Reinforcement-For-Robustness/Parting Chapter/persistent/rl/bert-large/mrpc/s1t0.001_s2t0.001_s2st2.0__ab_exact_control_b1_05b6863e_20260725_201609/stage2_noise/progress/diagnostics/top_candidates.jsonl	git_worktree_extra
89ebbbc67ce368df408201812d62b68d4e3d4d9e563926e2795aaba83fcb747e	334374	file	/hy-tmp/Reinforcement-For-Robustness/Parting Chapter/persistent/rl/bert-large/mrpc/s1t0.001_s2t0.001_s2st2.0__ab_exact_control_b1_05b6863e_20260725_201609/stage2_noise/progress/layerwise_run_manifest.json	hy-tmp/Reinforcement-For-Robustness/Parting Chapter/persistent/rl/bert-large/mrpc/s1t0.001_s2t0.001_s2st2.0__ab_exact_control_b1_05b6863e_20260725_201609/stage2_noise/progress/layerwise_run_manifest.json	git_worktree_extra
6512afb5c26fe8736efa95106311e073533c1a619c26990a44dddee7c71bb51f	374356	file	/hy-tmp/Reinforcement-For-Robustness/Parting Chapter/persistent/rl/bert-large/mrpc/s1t0.001_s2t0.001_s2st2.0__ab_exact_control_b1_05b6863e_20260725_201609/stage2_noise/progress/layerwise_summary.json	hy-tmp/Reinforcement-For-Robustness/Parting Chapter/persistent/rl/bert-large/mrpc/s1t0.001_s2t0.001_s2st2.0__ab_exact_control_b1_05b6863e_20260725_201609/stage2_noise/progress/layerwise_summary.json	git_worktree_extra
c675d13482e1bc9233c1f3d4f94c585b42f73e8ba6de1c62e4a7f3458c3b415e	8375168	file	/hy-tmp/Reinforcement-For-Robustness/Parting Chapter/persistent/rl/bert-large/mrpc/s1t0.001_s2t0.001_s2st2.0__ab_exact_control_b1_05b6863e_20260725_201609/stage2_noise/progress/pause_snapshots/20260725_184659/blb_stage2_rl_checkpoint_live.pt	hy-tmp/Reinforcement-For-Robustness/Parting Chapter/persistent/rl/bert-large/mrpc/s1t0.001_s2t0.001_s2st2.0__ab_exact_control_b1_05b6863e_20260725_201609/stage2_noise/progress/pause_snapshots/20260725_184659/blb_stage2_rl_checkpoint_live.pt	git_worktree_extra
65e9fe380665fe622f42f878ea6c6821e9206102e217cd3de27753ff30bfd922	293579	file	/hy-tmp/Reinforcement-For-Robustness/Parting Chapter/persistent/rl/bert-large/mrpc/s1t0.001_s2t0.001_s2st2.0__ab_exact_control_b1_05b6863e_20260725_201609/stage2_noise/progress/pause_snapshots/20260725_184659/blb_stage2_status.json	hy-tmp/Reinforcement-For-Robustness/Parting Chapter/persistent/rl/bert-large/mrpc/s1t0.001_s2t0.001_s2st2.0__ab_exact_control_b1_05b6863e_20260725_201609/stage2_noise/progress/pause_snapshots/20260725_184659/blb_stage2_status.json	git_worktree_extra
38cf4a299e1b18fc78c788873ee5d16792de0dde94e3515cb4a57027f9894b41	287	file	/hy-tmp/Reinforcement-For-Robustness/Parting Chapter/persistent/rl/bert-large/mrpc/s1t0.001_s2t0.001_s2st2.0__ab_exact_control_b1_05b6863e_20260725_201609/stage2_noise/progress/pause_snapshots/20260725_184659/checkpoint.sha256	hy-tmp/Reinforcement-For-Robustness/Parting Chapter/persistent/rl/bert-large/mrpc/s1t0.001_s2t0.001_s2st2.0__ab_exact_control_b1_05b6863e_20260725_201609/stage2_noise/progress/pause_snapshots/20260725_184659/checkpoint.sha256	git_worktree_extra
3756f3ed995a017cfeb63966cd388b7a91fed5f1197d62c00cf20d616cb5b04e	77	file	/hy-tmp/Reinforcement-For-Robustness/Parting Chapter/persistent/rl/bert-large/mrpc/s1t0.001_s2t0.001_s2st2.0__ab_exact_control_b1_05b6863e_20260725_201609/stage2_noise/progress/pause_snapshots/20260725_184659/checkpoint.stat	hy-tmp/Reinforcement-For-Robustness/Parting Chapter/persistent/rl/bert-large/mrpc/s1t0.001_s2t0.001_s2st2.0__ab_exact_control_b1_05b6863e_20260725_201609/stage2_noise/progress/pause_snapshots/20260725_184659/checkpoint.stat	git_worktree_extra
889e155da732dde248d8d7453c236bed8dfc7dbad35aed7ece3c5dee7ad7d8d5	90126	file	/hy-tmp/Reinforcement-For-Robustness/Parting Chapter/persistent/rl/bert-large/mrpc/s1t0.001_s2t0.001_s2st2.0__ab_exact_control_b1_05b6863e_20260725_201609/stage2_noise/progress/pause_snapshots/20260725_184659/layerwise_run_manifest.json	hy-tmp/Reinforcement-For-Robustness/Parting Chapter/persistent/rl/bert-large/mrpc/s1t0.001_s2t0.001_s2st2.0__ab_exact_control_b1_05b6863e_20260725_201609/stage2_noise/progress/pause_snapshots/20260725_184659/layerwise_run_manifest.json	git_worktree_extra
ecc15a3cf724852f1ded7c62a582de3d9f981e9a71d4cc77aa3e4f46efcb5f67	168	file	/hy-tmp/Reinforcement-For-Robustness/Parting Chapter/persistent/rl/bert-large/mrpc/s1t0.001_s2t0.001_s2st2.0__ab_exact_control_b1_05b6863e_20260725_201609/stage2_noise/progress/pause_snapshots/20260725_184659/rl_data_points_run_id.txt	hy-tmp/Reinforcement-For-Robustness/Parting Chapter/persistent/rl/bert-large/mrpc/s1t0.001_s2t0.001_s2st2.0__ab_exact_control_b1_05b6863e_20260725_201609/stage2_noise/progress/pause_snapshots/20260725_184659/rl_data_points_run_id.txt	git_worktree_extra
561ffd2f8a351391796fcd9e8832a3483c48452471c5c9884e4efc9b778e2802	969	file	/hy-tmp/Reinforcement-For-Robustness/Parting Chapter/persistent/rl/bert-large/mrpc/s1t0.001_s2t0.001_s2st2.0__ab_exact_control_b1_05b6863e_20260725_201609/stage2_noise/progress/pause_snapshots/20260725_184659/stop_record.txt	hy-tmp/Reinforcement-For-Robustness/Parting Chapter/persistent/rl/bert-large/mrpc/s1t0.001_s2t0.001_s2st2.0__ab_exact_control_b1_05b6863e_20260725_201609/stage2_noise/progress/pause_snapshots/20260725_184659/stop_record.txt	git_worktree_extra
1a8d121e1d85d6fe4e2666b2867d8ceba91fd1e35dabcbefc5499d0a7199df6d	61	file	/hy-tmp/Reinforcement-For-Robustness/Parting Chapter/persistent/rl/bert-large/mrpc/s1t0.001_s2t0.001_s2st2.0__ab_exact_control_b1_05b6863e_20260725_201609/stage2_noise/progress/rl_data_points_run_id.txt	hy-tmp/Reinforcement-For-Robustness/Parting Chapter/persistent/rl/bert-large/mrpc/s1t0.001_s2t0.001_s2st2.0__ab_exact_control_b1_05b6863e_20260725_201609/stage2_noise/progress/rl_data_points_run_id.txt	git_worktree_extra
ed330d8cad53a91f1ae9ce6b502089eaf4b9fc1979bacf8bf83a5ec061ec0213	17115	file	/hy-tmp/Reinforcement-For-Robustness/Parting Chapter/persistent/rl/bert-large/mrpc/s1t0.001_s2t0.001_s2st2.0__ab_exact_control_b1_05b6863e_20260725_201609/stage2_noise/pruning_search_log.txt	hy-tmp/Reinforcement-For-Robustness/Parting Chapter/persistent/rl/bert-large/mrpc/s1t0.001_s2t0.001_s2st2.0__ab_exact_control_b1_05b6863e_20260725_201609/stage2_noise/pruning_search_log.txt	git_worktree_extra
a9e7279db96eb5515b65b573928dd57026f7292b0a3dbf19bc0a710803734cdd	7092	file	/hy-tmp/Reinforcement-For-Robustness/Parting Chapter/persistent/rl/bert-large/mrpc/s1t0.001_s2t0.001_s2st2.0__large_stage1best_diag_thread120_seed20260725/logs/error_summary.txt	hy-tmp/Reinforcement-For-Robustness/Parting Chapter/persistent/rl/bert-large/mrpc/s1t0.001_s2t0.001_s2st2.0__large_stage1best_diag_thread120_seed20260725/logs/error_summary.txt	git_worktree_extra
d20be9f7cb3c33fa8b566b553aee80d73208951a1537cd864d8ab306850a038c	36473	file	/hy-tmp/Reinforcement-For-Robustness/Parting Chapter/persistent/rl/bert-large/mrpc/s1t0.001_s2t0.001_s2st2.0__large_stage1best_diag_thread120_seed20260725/logs/stage2_large_mrpc_diag_thread120.log	hy-tmp/Reinforcement-For-Robustness/Parting Chapter/persistent/rl/bert-large/mrpc/s1t0.001_s2t0.001_s2st2.0__large_stage1best_diag_thread120_seed20260725/logs/stage2_large_mrpc_diag_thread120.log	git_worktree_extra
5af48d69e3fd6d783f3d68b6093d0f68e3355c473e4247bebb0dc9bd986d608b	673	file	/hy-tmp/Reinforcement-For-Robustness/Parting Chapter/persistent/rl/bert-large/mrpc/s1t0.001_s2t0.001_s2st2.0__large_stage1best_diag_thread120_seed20260725/metadata.json	hy-tmp/Reinforcement-For-Robustness/Parting Chapter/persistent/rl/bert-large/mrpc/s1t0.001_s2t0.001_s2st2.0__large_stage1best_diag_thread120_seed20260725/metadata.json	git_worktree_extra
4dfb129ec905660f718fc7ea292d0c97a1e7bebeba51914209f30fef531efccb	6	file	/hy-tmp/Reinforcement-For-Robustness/Parting Chapter/persistent/rl/bert-large/mrpc/s1t0.001_s2t0.001_s2st2.0__large_stage1best_diag_thread120_seed20260725/rl.pid	hy-tmp/Reinforcement-For-Robustness/Parting Chapter/persistent/rl/bert-large/mrpc/s1t0.001_s2t0.001_s2st2.0__large_stage1best_diag_thread120_seed20260725/rl.pid	git_worktree_extra
4dfb129ec905660f718fc7ea292d0c97a1e7bebeba51914209f30fef531efccb	6	file	/hy-tmp/Reinforcement-For-Robustness/Parting Chapter/persistent/rl/bert-large/mrpc/s1t0.001_s2t0.001_s2st2.0__large_stage1best_diag_thread120_seed20260725/run.pid	hy-tmp/Reinforcement-For-Robustness/Parting Chapter/persistent/rl/bert-large/mrpc/s1t0.001_s2t0.001_s2st2.0__large_stage1best_diag_thread120_seed20260725/run.pid	git_worktree_extra
f3a3da1781946d37ae6d046b13f0eb50ab79792e4f5aad9472d371267455c7d0	1484	file	/hy-tmp/Reinforcement-For-Robustness/Parting Chapter/persistent/rl/bert-large/mrpc/s1t0.001_s2t0.001_s2st2.0__large_stage1best_diag_thread120_seed20260725/stage1/pruning_search_log.txt	hy-tmp/Reinforcement-For-Robustness/Parting Chapter/persistent/rl/bert-large/mrpc/s1t0.001_s2t0.001_s2st2.0__large_stage1best_diag_thread120_seed20260725/stage1/pruning_search_log.txt	git_worktree_extra
9af25402f7eb0d44325bc788bf560dc203d7a83baab1976f2a2b373d65add627	888	file	/hy-tmp/Reinforcement-For-Robustness/Parting Chapter/persistent/rl/bert-large/mrpc/s1t0.001_s2t0.001_s2st2.0__large_stage1best_diag_thread120_seed20260725/stage2_noise/progress/blb_stage2_live_summary.md	hy-tmp/Reinforcement-For-Robustness/Parting Chapter/persistent/rl/bert-large/mrpc/s1t0.001_s2t0.001_s2st2.0__large_stage1best_diag_thread120_seed20260725/stage2_noise/progress/blb_stage2_live_summary.md	git_worktree_extra
58cb6add5e64b3fdbd0eaae2b6171e07b0ac9bc2fafeebb356b32777eeefe9af	2783379	file	/hy-tmp/Reinforcement-For-Robustness/Parting Chapter/persistent/rl/bert-large/mrpc/s1t0.001_s2t0.001_s2st2.0__large_stage1best_diag_thread120_seed20260725/stage2_noise/progress/blb_stage2_rl_checkpoint_live.pt	hy-tmp/Reinforcement-For-Robustness/Parting Chapter/persistent/rl/bert-large/mrpc/s1t0.001_s2t0.001_s2st2.0__large_stage1best_diag_thread120_seed20260725/stage2_noise/progress/blb_stage2_rl_checkpoint_live.pt	git_worktree_extra
3dec7c9027591a46ab5db6dd4e68fbf412b9090e1a0417de3c6d9607ed869d1f	4147	file	/hy-tmp/Reinforcement-For-Robustness/Parting Chapter/persistent/rl/bert-large/mrpc/s1t0.001_s2t0.001_s2st2.0__large_stage1best_diag_thread120_seed20260725/stage2_noise/progress/blb_stage2_status.json	hy-tmp/Reinforcement-For-Robustness/Parting Chapter/persistent/rl/bert-large/mrpc/s1t0.001_s2t0.001_s2st2.0__large_stage1best_diag_thread120_seed20260725/stage2_noise/progress/blb_stage2_status.json	git_worktree_extra
1408477a50d6b4fc7b388267e216b265ea4206ee329cabc6a07b396401ff15bb	4336846	file	/hy-tmp/Reinforcement-For-Robustness/Parting Chapter/persistent/rl/bert-large/mrpc/s1t0.001_s2t0.001_s2st2.0__large_stage1best_diag_thread120_seed20260725/stage2_noise/progress/candidate_store.jsonl	hy-tmp/Reinforcement-For-Robustness/Parting Chapter/persistent/rl/bert-large/mrpc/s1t0.001_s2t0.001_s2st2.0__large_stage1best_diag_thread120_seed20260725/stage2_noise/progress/candidate_store.jsonl	git_worktree_extra
5afa049538a6967d379b8aa390e21e3b8a865c98626f3c3f67abc645faff5250	897802	file	/hy-tmp/Reinforcement-For-Robustness/Parting Chapter/persistent/rl/bert-large/mrpc/s1t0.001_s2t0.001_s2st2.0__large_stage1best_diag_thread120_seed20260725/stage2_noise/progress/diagnostics/action_histogram.npz	hy-tmp/Reinforcement-For-Robustness/Parting Chapter/persistent/rl/bert-large/mrpc/s1t0.001_s2t0.001_s2st2.0__large_stage1best_diag_thread120_seed20260725/stage2_noise/progress/diagnostics/action_histogram.npz	git_worktree_extra
2b8afdd79c9e086a664a819f2b783b19da6bf7a55eee5a033af55017dd7ac4e7	1177927	file	/hy-tmp/Reinforcement-For-Robustness/Parting Chapter/persistent/rl/bert-large/mrpc/s1t0.001_s2t0.001_s2st2.0__large_stage1best_diag_thread120_seed20260725/stage2_noise/progress/diagnostics/baseline_action_vec.json	hy-tmp/Reinforcement-For-Robustness/Parting Chapter/persistent/rl/bert-large/mrpc/s1t0.001_s2t0.001_s2st2.0__large_stage1best_diag_thread120_seed20260725/stage2_noise/progress/diagnostics/baseline_action_vec.json	git_worktree_extra
d4d081871b4d572e6ebfee3d3dee507b46672f04ff6c8130ff5f27cc78b7d3d9	1280263	file	/hy-tmp/Reinforcement-For-Robustness/Parting Chapter/persistent/rl/bert-large/mrpc/s1t0.001_s2t0.001_s2st2.0__large_stage1best_diag_thread120_seed20260725/stage2_noise/progress/diagnostics/best_action_vec.json	hy-tmp/Reinforcement-For-Robustness/Parting Chapter/persistent/rl/bert-large/mrpc/s1t0.001_s2t0.001_s2st2.0__large_stage1best_diag_thread120_seed20260725/stage2_noise/progress/diagnostics/best_action_vec.json	git_worktree_extra
9d79f99a765c69f4080fd6d2576563a0a65c7a9bd7fbd9b655c1291bf38b0800	123	file	/hy-tmp/Reinforcement-For-Robustness/Parting Chapter/persistent/rl/bert-large/mrpc/s1t0.001_s2t0.001_s2st2.0__large_stage1best_diag_thread120_seed20260725/stage2_noise/progress/diagnostics/blb_stage2_health.log	hy-tmp/Reinforcement-For-Robustness/Parting Chapter/persistent/rl/bert-large/mrpc/s1t0.001_s2t0.001_s2st2.0__large_stage1best_diag_thread120_seed20260725/stage2_noise/progress/diagnostics/blb_stage2_health.log	git_worktree_extra
3e1b0e01382a06b0c73c9852bdba2f6f4d9dd20512e1d19e125b86e7abc968ca	35361	file	/hy-tmp/Reinforcement-For-Robustness/Parting Chapter/persistent/rl/bert-large/mrpc/s1t0.001_s2t0.001_s2st2.0__large_stage1best_diag_thread120_seed20260725/stage2_noise/progress/diagnostics/diagnostics_summary.md	hy-tmp/Reinforcement-For-Robustness/Parting Chapter/persistent/rl/bert-large/mrpc/s1t0.001_s2t0.001_s2st2.0__large_stage1best_diag_thread120_seed20260725/stage2_noise/progress/diagnostics/diagnostics_summary.md	git_worktree_extra
7fe3b810af0ba115e489400e05884c4127901afc45263e4d06255203d09233ea	1991957	file	/hy-tmp/Reinforcement-For-Robustness/Parting Chapter/persistent/rl/bert-large/mrpc/s1t0.001_s2t0.001_s2st2.0__large_stage1best_diag_thread120_seed20260725/stage2_noise/progress/diagnostics/episodes.jsonl	hy-tmp/Reinforcement-For-Robustness/Parting Chapter/persistent/rl/bert-large/mrpc/s1t0.001_s2t0.001_s2st2.0__large_stage1best_diag_thread120_seed20260725/stage2_noise/progress/diagnostics/episodes.jsonl	git_worktree_extra
44136fa355b3678a1146ad16f7e8649e94fb4fc21fe77e8310c060f61caaff8a	2	file	/hy-tmp/Reinforcement-For-Robustness/Parting Chapter/persistent/rl/bert-large/mrpc/s1t0.001_s2t0.001_s2st2.0__large_stage1best_diag_thread120_seed20260725/stage2_noise/progress/diagnostics/first_invalid_counts.json	hy-tmp/Reinforcement-For-Robustness/Parting Chapter/persistent/rl/bert-large/mrpc/s1t0.001_s2t0.001_s2st2.0__large_stage1best_diag_thread120_seed20260725/stage2_noise/progress/diagnostics/first_invalid_counts.json	git_worktree_extra
b7c12799df459a71843ca9465a07a1b10ab85bacae8350a9f8553a6793454f6e	3313	file	/hy-tmp/Reinforcement-For-Robustness/Parting Chapter/persistent/rl/bert-large/mrpc/s1t0.001_s2t0.001_s2st2.0__large_stage1best_diag_thread120_seed20260725/stage2_noise/progress/diagnostics/pareto_frontier.html	hy-tmp/Reinforcement-For-Robustness/Parting Chapter/persistent/rl/bert-large/mrpc/s1t0.001_s2t0.001_s2st2.0__large_stage1best_diag_thread120_seed20260725/stage2_noise/progress/diagnostics/pareto_frontier.html	git_worktree_extra
9dfd6ad49017f2b24a7a3a220442374f0636f3d9083644a7c74d8e4fd41c81b8	4505458	file	/hy-tmp/Reinforcement-For-Robustness/Parting Chapter/persistent/rl/bert-large/mrpc/s1t0.001_s2t0.001_s2st2.0__large_stage1best_diag_thread120_seed20260725/stage2_noise/progress/diagnostics/pareto_frontier.json	hy-tmp/Reinforcement-For-Robustness/Parting Chapter/persistent/rl/bert-large/mrpc/s1t0.001_s2t0.001_s2st2.0__large_stage1best_diag_thread120_seed20260725/stage2_noise/progress/diagnostics/pareto_frontier.json	git_worktree_extra
ea2cb36b02bec9f89efb81a14d66954c8e7205848cf29374ba6d7e567d8c096d	2461780	file	/hy-tmp/Reinforcement-For-Robustness/Parting Chapter/persistent/rl/bert-large/mrpc/s1t0.001_s2t0.001_s2st2.0__large_stage1best_diag_thread120_seed20260725/stage2_noise/progress/diagnostics/pareto_frontier.jsonl	hy-tmp/Reinforcement-For-Robustness/Parting Chapter/persistent/rl/bert-large/mrpc/s1t0.001_s2t0.001_s2st2.0__large_stage1best_diag_thread120_seed20260725/stage2_noise/progress/diagnostics/pareto_frontier.jsonl	git_worktree_extra
4fa40f2f8560d984b8b68f40dc92e2c5516b7f0cf758c6a6d2961f5202c8e7ca	68897	file	/hy-tmp/Reinforcement-For-Robustness/Parting Chapter/persistent/rl/bert-large/mrpc/s1t0.001_s2t0.001_s2st2.0__large_stage1best_diag_thread120_seed20260725/stage2_noise/progress/diagnostics/ppo_updates.jsonl	hy-tmp/Reinforcement-For-Robustness/Parting Chapter/persistent/rl/bert-large/mrpc/s1t0.001_s2t0.001_s2st2.0__large_stage1best_diag_thread120_seed20260725/stage2_noise/progress/diagnostics/ppo_updates.jsonl	git_worktree_extra
e4d54e94bc79cac6408efa2a54498ee27ff3b1d7eb3d4301ee4d0c4da554a196	16369500	file	/hy-tmp/Reinforcement-For-Robustness/Parting Chapter/persistent/rl/bert-large/mrpc/s1t0.001_s2t0.001_s2st2.0__large_stage1best_diag_thread120_seed20260725/stage2_noise/progress/diagnostics/top_candidates.jsonl	hy-tmp/Reinforcement-For-Robustness/Parting Chapter/persistent/rl/bert-large/mrpc/s1t0.001_s2t0.001_s2st2.0__large_stage1best_diag_thread120_seed20260725/stage2_noise/progress/diagnostics/top_candidates.jsonl	git_worktree_extra
a83d22979e7b9ff241f3b495530e0fefd03d3db1c9d20785f87a40c90b73116f	216133	file	/hy-tmp/Reinforcement-For-Robustness/Parting Chapter/persistent/rl/bert-large/mrpc/s1t0.001_s2t0.001_s2st2.0__large_stage1best_diag_thread120_seed20260725/stage2_noise/progress/layerwise_run_manifest.json	hy-tmp/Reinforcement-For-Robustness/Parting Chapter/persistent/rl/bert-large/mrpc/s1t0.001_s2t0.001_s2st2.0__large_stage1best_diag_thread120_seed20260725/stage2_noise/progress/layerwise_run_manifest.json	git_worktree_extra
3c057957c9759730ba765aa1899865aeb99cf1bd4a930bf02e94828310adc6c4	152	file	/hy-tmp/Reinforcement-For-Robustness/Parting Chapter/persistent/rl/bert-large/mrpc/s1t0.001_s2t0.001_s2st2.0__large_stage1best_diag_thread120_seed20260725/stage2_noise/progress/rl_data_points_run_id.txt	hy-tmp/Reinforcement-For-Robustness/Parting Chapter/persistent/rl/bert-large/mrpc/s1t0.001_s2t0.001_s2st2.0__large_stage1best_diag_thread120_seed20260725/stage2_noise/progress/rl_data_points_run_id.txt	git_worktree_extra
5d1e9d73c00f39bd566bbb1725b5eb69a8199fcf80d07d1435ddf40b2019f890	5704	file	/hy-tmp/Reinforcement-For-Robustness/Parting Chapter/persistent/rl/bert-large/mrpc/s1t0.001_s2t0.001_s2st2.0__large_stage1best_diag_thread120_seed20260725/stage2_noise/pruning_search_log.txt	hy-tmp/Reinforcement-For-Robustness/Parting Chapter/persistent/rl/bert-large/mrpc/s1t0.001_s2t0.001_s2st2.0__large_stage1best_diag_thread120_seed20260725/stage2_noise/pruning_search_log.txt	git_worktree_extra
eed679297961b98714ba8d196fdf8a1d6c67dc05eceb9d8f780fe4f8a16bf080	4141	file	/hy-tmp/Reinforcement-For-Robustness/Parting Chapter/persistent/rl/bert-large/mrpc/s1t0.001_s2t0.001_s2st2.0__large_stage1best_diag_thread20_seed20260725/logs/error_summary.txt	hy-tmp/Reinforcement-For-Robustness/Parting Chapter/persistent/rl/bert-large/mrpc/s1t0.001_s2t0.001_s2st2.0__large_stage1best_diag_thread20_seed20260725/logs/error_summary.txt	git_worktree_extra
8ea680d4eff2c54d737184841ab1d6c0d49d8921cd8d58a21973a053124ad76c	8419	file	/hy-tmp/Reinforcement-For-Robustness/Parting Chapter/persistent/rl/bert-large/mrpc/s1t0.001_s2t0.001_s2st2.0__large_stage1best_diag_thread20_seed20260725/logs/stage2_large_mrpc_diag_thread20.log	hy-tmp/Reinforcement-For-Robustness/Parting Chapter/persistent/rl/bert-large/mrpc/s1t0.001_s2t0.001_s2st2.0__large_stage1best_diag_thread20_seed20260725/logs/stage2_large_mrpc_diag_thread20.log	git_worktree_extra
4a9c752b64096c7043690db248d8f22035d3cfce6e35706000b6f8a8d69a3efb	677	file	/hy-tmp/Reinforcement-For-Robustness/Parting Chapter/persistent/rl/bert-large/mrpc/s1t0.001_s2t0.001_s2st2.0__large_stage1best_diag_thread20_seed20260725/metadata.json	hy-tmp/Reinforcement-For-Robustness/Parting Chapter/persistent/rl/bert-large/mrpc/s1t0.001_s2t0.001_s2st2.0__large_stage1best_diag_thread20_seed20260725/metadata.json	git_worktree_extra
98c26a3db399374338d6968a60e808ad3d39c9169b611249c858dcdcf8a9c3cf	6	file	/hy-tmp/Reinforcement-For-Robustness/Parting Chapter/persistent/rl/bert-large/mrpc/s1t0.001_s2t0.001_s2st2.0__large_stage1best_diag_thread20_seed20260725/rl.pid	hy-tmp/Reinforcement-For-Robustness/Parting Chapter/persistent/rl/bert-large/mrpc/s1t0.001_s2t0.001_s2st2.0__large_stage1best_diag_thread20_seed20260725/rl.pid	git_worktree_extra
98c26a3db399374338d6968a60e808ad3d39c9169b611249c858dcdcf8a9c3cf	6	file	/hy-tmp/Reinforcement-For-Robustness/Parting Chapter/persistent/rl/bert-large/mrpc/s1t0.001_s2t0.001_s2st2.0__large_stage1best_diag_thread20_seed20260725/run.pid	hy-tmp/Reinforcement-For-Robustness/Parting Chapter/persistent/rl/bert-large/mrpc/s1t0.001_s2t0.001_s2st2.0__large_stage1best_diag_thread20_seed20260725/run.pid	git_worktree_extra
180225bd56cca4f6f3513a105e7c192982d3e135b001ccc95f8164724d7f57c7	553	file	/hy-tmp/Reinforcement-For-Robustness/Parting Chapter/persistent/rl/bert-large/mrpc/s1t0.001_s2t0.001_s2st2.0__large_stage1best_diag_thread20_seed20260725/stage1/pruning_search_log.txt	hy-tmp/Reinforcement-For-Robustness/Parting Chapter/persistent/rl/bert-large/mrpc/s1t0.001_s2t0.001_s2st2.0__large_stage1best_diag_thread20_seed20260725/stage1/pruning_search_log.txt	git_worktree_extra
132f25cbca970509fcd413faa8171d4b34b0039b0326a9d2475c825a6dee247e	34329	file	/hy-tmp/Reinforcement-For-Robustness/Parting Chapter/persistent/rl/bert-large/mrpc/s1t0.001_s2t0.001_s2st2.0__large_stage1best_small_gtrxl_full_4gpu_e1a1bba9_seed20260725/logs/stage2_large_mrpc_stage1best_small_150k_e1a1bba9.log	hy-tmp/Reinforcement-For-Robustness/Parting Chapter/persistent/rl/bert-large/mrpc/s1t0.001_s2t0.001_s2st2.0__large_stage1best_small_gtrxl_full_4gpu_e1a1bba9_seed20260725/logs/stage2_large_mrpc_stage1best_small_150k_e1a1bba9.log	git_worktree_extra
d3955a72e477fe8d444dd73e1fe25e0af70d8b61511b60ff1fc0fb0e49794814	673	file	/hy-tmp/Reinforcement-For-Robustness/Parting Chapter/persistent/rl/bert-large/mrpc/s1t0.001_s2t0.001_s2st2.0__large_stage1best_small_gtrxl_full_4gpu_e1a1bba9_seed20260725/metadata.json	hy-tmp/Reinforcement-For-Robustness/Parting Chapter/persistent/rl/bert-large/mrpc/s1t0.001_s2t0.001_s2st2.0__large_stage1best_small_gtrxl_full_4gpu_e1a1bba9_seed20260725/metadata.json	git_worktree_extra
36ba78fa02398c886d5811ce0abe44898f0b5c73043dd29c0e4d714814cd83e6	6	file	/hy-tmp/Reinforcement-For-Robustness/Parting Chapter/persistent/rl/bert-large/mrpc/s1t0.001_s2t0.001_s2st2.0__large_stage1best_small_gtrxl_full_4gpu_e1a1bba9_seed20260725/rl.pid	hy-tmp/Reinforcement-For-Robustness/Parting Chapter/persistent/rl/bert-large/mrpc/s1t0.001_s2t0.001_s2st2.0__large_stage1best_small_gtrxl_full_4gpu_e1a1bba9_seed20260725/rl.pid	git_worktree_extra
36ba78fa02398c886d5811ce0abe44898f0b5c73043dd29c0e4d714814cd83e6	6	file	/hy-tmp/Reinforcement-For-Robustness/Parting Chapter/persistent/rl/bert-large/mrpc/s1t0.001_s2t0.001_s2st2.0__large_stage1best_small_gtrxl_full_4gpu_e1a1bba9_seed20260725/run.pid	hy-tmp/Reinforcement-For-Robustness/Parting Chapter/persistent/rl/bert-large/mrpc/s1t0.001_s2t0.001_s2st2.0__large_stage1best_small_gtrxl_full_4gpu_e1a1bba9_seed20260725/run.pid	git_worktree_extra
7752990bf4cda418440fcb8a7bbabe535dba3c757ad1e7d38a018bb5585b0715	1503	file	/hy-tmp/Reinforcement-For-Robustness/Parting Chapter/persistent/rl/bert-large/mrpc/s1t0.001_s2t0.001_s2st2.0__large_stage1best_small_gtrxl_full_4gpu_e1a1bba9_seed20260725/stage1/pruning_search_log.txt	hy-tmp/Reinforcement-For-Robustness/Parting Chapter/persistent/rl/bert-large/mrpc/s1t0.001_s2t0.001_s2st2.0__large_stage1best_small_gtrxl_full_4gpu_e1a1bba9_seed20260725/stage1/pruning_search_log.txt	git_worktree_extra
cab91567ee38c69410555d9c0f3ce9db22d9a6507c59ee4c02fd640e309a4d1c	1236	file	/hy-tmp/Reinforcement-For-Robustness/Parting Chapter/persistent/rl/bert-large/mrpc/s1t0.001_s2t0.001_s2st2.0__large_stage1best_small_gtrxl_full_4gpu_e1a1bba9_seed20260725/stage2_noise/progress/blb_stage2_live_summary.md	hy-tmp/Reinforcement-For-Robustness/Parting Chapter/persistent/rl/bert-large/mrpc/s1t0.001_s2t0.001_s2st2.0__large_stage1best_small_gtrxl_full_4gpu_e1a1bba9_seed20260725/stage2_noise/progress/blb_stage2_live_summary.md	git_worktree_extra
c675d13482e1bc9233c1f3d4f94c585b42f73e8ba6de1c62e4a7f3458c3b415e	8375168	file	/hy-tmp/Reinforcement-For-Robustness/Parting Chapter/persistent/rl/bert-large/mrpc/s1t0.001_s2t0.001_s2st2.0__large_stage1best_small_gtrxl_full_4gpu_e1a1bba9_seed20260725/stage2_noise/progress/blb_stage2_rl_checkpoint_live.pt	hy-tmp/Reinforcement-For-Robustness/Parting Chapter/persistent/rl/bert-large/mrpc/s1t0.001_s2t0.001_s2st2.0__large_stage1best_small_gtrxl_full_4gpu_e1a1bba9_seed20260725/stage2_noise/progress/blb_stage2_rl_checkpoint_live.pt	git_worktree_extra
65e9fe380665fe622f42f878ea6c6821e9206102e217cd3de27753ff30bfd922	293579	file	/hy-tmp/Reinforcement-For-Robustness/Parting Chapter/persistent/rl/bert-large/mrpc/s1t0.001_s2t0.001_s2st2.0__large_stage1best_small_gtrxl_full_4gpu_e1a1bba9_seed20260725/stage2_noise/progress/blb_stage2_status.json	hy-tmp/Reinforcement-For-Robustness/Parting Chapter/persistent/rl/bert-large/mrpc/s1t0.001_s2t0.001_s2st2.0__large_stage1best_small_gtrxl_full_4gpu_e1a1bba9_seed20260725/stage2_noise/progress/blb_stage2_status.json	git_worktree_extra
71d6dcf8495fd70781bcb6b22edff20956523be15e2f16ad1e6dee52d54dc0aa	129085589	file	/hy-tmp/Reinforcement-For-Robustness/Parting Chapter/persistent/rl/bert-large/mrpc/s1t0.001_s2t0.001_s2st2.0__large_stage1best_small_gtrxl_full_4gpu_e1a1bba9_seed20260725/stage2_noise/progress/candidate_store.jsonl	hy-tmp/Reinforcement-For-Robustness/Parting Chapter/persistent/rl/bert-large/mrpc/s1t0.001_s2t0.001_s2st2.0__large_stage1best_small_gtrxl_full_4gpu_e1a1bba9_seed20260725/stage2_noise/progress/candidate_store.jsonl	git_worktree_extra
6ed4d7fc6ec5e8e3c4e7feafc03b9d2c90bde8d8d80094634f8e22bf3bc528bb	897802	file	/hy-tmp/Reinforcement-For-Robustness/Parting Chapter/persistent/rl/bert-large/mrpc/s1t0.001_s2t0.001_s2st2.0__large_stage1best_small_gtrxl_full_4gpu_e1a1bba9_seed20260725/stage2_noise/progress/diagnostics/action_histogram.npz	hy-tmp/Reinforcement-For-Robustness/Parting Chapter/persistent/rl/bert-large/mrpc/s1t0.001_s2t0.001_s2st2.0__large_stage1best_small_gtrxl_full_4gpu_e1a1bba9_seed20260725/stage2_noise/progress/diagnostics/action_histogram.npz	git_worktree_extra
2b8afdd79c9e086a664a819f2b783b19da6bf7a55eee5a033af55017dd7ac4e7	1177927	file	/hy-tmp/Reinforcement-For-Robustness/Parting Chapter/persistent/rl/bert-large/mrpc/s1t0.001_s2t0.001_s2st2.0__large_stage1best_small_gtrxl_full_4gpu_e1a1bba9_seed20260725/stage2_noise/progress/diagnostics/baseline_action_vec.json	hy-tmp/Reinforcement-For-Robustness/Parting Chapter/persistent/rl/bert-large/mrpc/s1t0.001_s2t0.001_s2st2.0__large_stage1best_small_gtrxl_full_4gpu_e1a1bba9_seed20260725/stage2_noise/progress/diagnostics/baseline_action_vec.json	git_worktree_extra
bf7cb609fd723c5d9a5e198b90467486f94a7749fe1090121d1aefcc9b7a6906	1279624	file	/hy-tmp/Reinforcement-For-Robustness/Parting Chapter/persistent/rl/bert-large/mrpc/s1t0.001_s2t0.001_s2st2.0__large_stage1best_small_gtrxl_full_4gpu_e1a1bba9_seed20260725/stage2_noise/progress/diagnostics/best_action_vec.json	hy-tmp/Reinforcement-For-Robustness/Parting Chapter/persistent/rl/bert-large/mrpc/s1t0.001_s2t0.001_s2st2.0__large_stage1best_small_gtrxl_full_4gpu_e1a1bba9_seed20260725/stage2_noise/progress/diagnostics/best_action_vec.json	git_worktree_extra
4727b822c17d88f095a6f4a7e8b04c6c0f919c6f27b2b247e86128d6e70bdaef	2261	file	/hy-tmp/Reinforcement-For-Robustness/Parting Chapter/persistent/rl/bert-large/mrpc/s1t0.001_s2t0.001_s2st2.0__large_stage1best_small_gtrxl_full_4gpu_e1a1bba9_seed20260725/stage2_noise/progress/diagnostics/blb_stage2_health.log	hy-tmp/Reinforcement-For-Robustness/Parting Chapter/persistent/rl/bert-large/mrpc/s1t0.001_s2t0.001_s2st2.0__large_stage1best_small_gtrxl_full_4gpu_e1a1bba9_seed20260725/stage2_noise/progress/diagnostics/blb_stage2_health.log	git_worktree_extra
cb3015bc716f128f51888226c3131797235779bc4ba9f5610ee067541943aec1	37457	file	/hy-tmp/Reinforcement-For-Robustness/Parting Chapter/persistent/rl/bert-large/mrpc/s1t0.001_s2t0.001_s2st2.0__large_stage1best_small_gtrxl_full_4gpu_e1a1bba9_seed20260725/stage2_noise/progress/diagnostics/diagnostics_summary.md	hy-tmp/Reinforcement-For-Robustness/Parting Chapter/persistent/rl/bert-large/mrpc/s1t0.001_s2t0.001_s2st2.0__large_stage1best_small_gtrxl_full_4gpu_e1a1bba9_seed20260725/stage2_noise/progress/diagnostics/diagnostics_summary.md	git_worktree_extra
47df9cf457e9e2c0db9c8f41a33b1f7e650c0afd4fd9b3725f6f2b4dd0ca523b	182945475	file	/hy-tmp/Reinforcement-For-Robustness/Parting Chapter/persistent/rl/bert-large/mrpc/s1t0.001_s2t0.001_s2st2.0__large_stage1best_small_gtrxl_full_4gpu_e1a1bba9_seed20260725/stage2_noise/progress/diagnostics/episodes.jsonl	hy-tmp/Reinforcement-For-Robustness/Parting Chapter/persistent/rl/bert-large/mrpc/s1t0.001_s2t0.001_s2st2.0__large_stage1best_small_gtrxl_full_4gpu_e1a1bba9_seed20260725/stage2_noise/progress/diagnostics/episodes.jsonl	git_worktree_extra
44136fa355b3678a1146ad16f7e8649e94fb4fc21fe77e8310c060f61caaff8a	2	file	/hy-tmp/Reinforcement-For-Robustness/Parting Chapter/persistent/rl/bert-large/mrpc/s1t0.001_s2t0.001_s2st2.0__large_stage1best_small_gtrxl_full_4gpu_e1a1bba9_seed20260725/stage2_noise/progress/diagnostics/first_invalid_counts.json	hy-tmp/Reinforcement-For-Robustness/Parting Chapter/persistent/rl/bert-large/mrpc/s1t0.001_s2t0.001_s2st2.0__large_stage1best_small_gtrxl_full_4gpu_e1a1bba9_seed20260725/stage2_noise/progress/diagnostics/first_invalid_counts.json	git_worktree_extra
9f67f75fecb3d16e000e32f601009740f504e8982d34d9ace35e0e56ef35b9ea	4253	file	/hy-tmp/Reinforcement-For-Robustness/Parting Chapter/persistent/rl/bert-large/mrpc/s1t0.001_s2t0.001_s2st2.0__large_stage1best_small_gtrxl_full_4gpu_e1a1bba9_seed20260725/stage2_noise/progress/diagnostics/pareto_frontier.html	hy-tmp/Reinforcement-For-Robustness/Parting Chapter/persistent/rl/bert-large/mrpc/s1t0.001_s2t0.001_s2st2.0__large_stage1best_small_gtrxl_full_4gpu_e1a1bba9_seed20260725/stage2_noise/progress/diagnostics/pareto_frontier.html	git_worktree_extra
51a18b306dd2b630bb1a9acdfc48c7e769491d59a1030360e86869f4145bca8e	7472694	file	/hy-tmp/Reinforcement-For-Robustness/Parting Chapter/persistent/rl/bert-large/mrpc/s1t0.001_s2t0.001_s2st2.0__large_stage1best_small_gtrxl_full_4gpu_e1a1bba9_seed20260725/stage2_noise/progress/diagnostics/pareto_frontier.json	hy-tmp/Reinforcement-For-Robustness/Parting Chapter/persistent/rl/bert-large/mrpc/s1t0.001_s2t0.001_s2st2.0__large_stage1best_small_gtrxl_full_4gpu_e1a1bba9_seed20260725/stage2_noise/progress/diagnostics/pareto_frontier.json	git_worktree_extra
785cd56d1a2baec68fd11ca0a898e333188e7f3a9b0268c3846957f13ebad1ed	4099444	file	/hy-tmp/Reinforcement-For-Robustness/Parting Chapter/persistent/rl/bert-large/mrpc/s1t0.001_s2t0.001_s2st2.0__large_stage1best_small_gtrxl_full_4gpu_e1a1bba9_seed20260725/stage2_noise/progress/diagnostics/pareto_frontier.jsonl	hy-tmp/Reinforcement-For-Robustness/Parting Chapter/persistent/rl/bert-large/mrpc/s1t0.001_s2t0.001_s2st2.0__large_stage1best_small_gtrxl_full_4gpu_e1a1bba9_seed20260725/stage2_noise/progress/diagnostics/pareto_frontier.jsonl	git_worktree_extra
33600b339ba8bc6b075ee0af7b4b3d9109190576f76ee8e4fb5abc1a5804442b	11367689	file	/hy-tmp/Reinforcement-For-Robustness/Parting Chapter/persistent/rl/bert-large/mrpc/s1t0.001_s2t0.001_s2st2.0__large_stage1best_small_gtrxl_full_4gpu_e1a1bba9_seed20260725/stage2_noise/progress/diagnostics/ppo_updates.jsonl	hy-tmp/Reinforcement-For-Robustness/Parting Chapter/persistent/rl/bert-large/mrpc/s1t0.001_s2t0.001_s2st2.0__large_stage1best_small_gtrxl_full_4gpu_e1a1bba9_seed20260725/stage2_noise/progress/diagnostics/ppo_updates.jsonl	git_worktree_extra
0ff93773f9f691323b8028d83cb67547f12a216628cd34e8fd3a52a96774f6e1	16366023	file	/hy-tmp/Reinforcement-For-Robustness/Parting Chapter/persistent/rl/bert-large/mrpc/s1t0.001_s2t0.001_s2st2.0__large_stage1best_small_gtrxl_full_4gpu_e1a1bba9_seed20260725/stage2_noise/progress/diagnostics/top_candidates.jsonl	hy-tmp/Reinforcement-For-Robustness/Parting Chapter/persistent/rl/bert-large/mrpc/s1t0.001_s2t0.001_s2st2.0__large_stage1best_small_gtrxl_full_4gpu_e1a1bba9_seed20260725/stage2_noise/progress/diagnostics/top_candidates.jsonl	git_worktree_extra
889e155da732dde248d8d7453c236bed8dfc7dbad35aed7ece3c5dee7ad7d8d5	90126	file	/hy-tmp/Reinforcement-For-Robustness/Parting Chapter/persistent/rl/bert-large/mrpc/s1t0.001_s2t0.001_s2st2.0__large_stage1best_small_gtrxl_full_4gpu_e1a1bba9_seed20260725/stage2_noise/progress/layerwise_run_manifest.json	hy-tmp/Reinforcement-For-Robustness/Parting Chapter/persistent/rl/bert-large/mrpc/s1t0.001_s2t0.001_s2st2.0__large_stage1best_small_gtrxl_full_4gpu_e1a1bba9_seed20260725/stage2_noise/progress/layerwise_run_manifest.json	git_worktree_extra
c675d13482e1bc9233c1f3d4f94c585b42f73e8ba6de1c62e4a7f3458c3b415e	8375168	file	/hy-tmp/Reinforcement-For-Robustness/Parting Chapter/persistent/rl/bert-large/mrpc/s1t0.001_s2t0.001_s2st2.0__large_stage1best_small_gtrxl_full_4gpu_e1a1bba9_seed20260725/stage2_noise/progress/pause_snapshots/20260725_184659/blb_stage2_rl_checkpoint_live.pt	hy-tmp/Reinforcement-For-Robustness/Parting Chapter/persistent/rl/bert-large/mrpc/s1t0.001_s2t0.001_s2st2.0__large_stage1best_small_gtrxl_full_4gpu_e1a1bba9_seed20260725/stage2_noise/progress/pause_snapshots/20260725_184659/blb_stage2_rl_checkpoint_live.pt	git_worktree_extra
65e9fe380665fe622f42f878ea6c6821e9206102e217cd3de27753ff30bfd922	293579	file	/hy-tmp/Reinforcement-For-Robustness/Parting Chapter/persistent/rl/bert-large/mrpc/s1t0.001_s2t0.001_s2st2.0__large_stage1best_small_gtrxl_full_4gpu_e1a1bba9_seed20260725/stage2_noise/progress/pause_snapshots/20260725_184659/blb_stage2_status.json	hy-tmp/Reinforcement-For-Robustness/Parting Chapter/persistent/rl/bert-large/mrpc/s1t0.001_s2t0.001_s2st2.0__large_stage1best_small_gtrxl_full_4gpu_e1a1bba9_seed20260725/stage2_noise/progress/pause_snapshots/20260725_184659/blb_stage2_status.json	git_worktree_extra
38cf4a299e1b18fc78c788873ee5d16792de0dde94e3515cb4a57027f9894b41	287	file	/hy-tmp/Reinforcement-For-Robustness/Parting Chapter/persistent/rl/bert-large/mrpc/s1t0.001_s2t0.001_s2st2.0__large_stage1best_small_gtrxl_full_4gpu_e1a1bba9_seed20260725/stage2_noise/progress/pause_snapshots/20260725_184659/checkpoint.sha256	hy-tmp/Reinforcement-For-Robustness/Parting Chapter/persistent/rl/bert-large/mrpc/s1t0.001_s2t0.001_s2st2.0__large_stage1best_small_gtrxl_full_4gpu_e1a1bba9_seed20260725/stage2_noise/progress/pause_snapshots/20260725_184659/checkpoint.sha256	git_worktree_extra
3756f3ed995a017cfeb63966cd388b7a91fed5f1197d62c00cf20d616cb5b04e	77	file	/hy-tmp/Reinforcement-For-Robustness/Parting Chapter/persistent/rl/bert-large/mrpc/s1t0.001_s2t0.001_s2st2.0__large_stage1best_small_gtrxl_full_4gpu_e1a1bba9_seed20260725/stage2_noise/progress/pause_snapshots/20260725_184659/checkpoint.stat	hy-tmp/Reinforcement-For-Robustness/Parting Chapter/persistent/rl/bert-large/mrpc/s1t0.001_s2t0.001_s2st2.0__large_stage1best_small_gtrxl_full_4gpu_e1a1bba9_seed20260725/stage2_noise/progress/pause_snapshots/20260725_184659/checkpoint.stat	git_worktree_extra
889e155da732dde248d8d7453c236bed8dfc7dbad35aed7ece3c5dee7ad7d8d5	90126	file	/hy-tmp/Reinforcement-For-Robustness/Parting Chapter/persistent/rl/bert-large/mrpc/s1t0.001_s2t0.001_s2st2.0__large_stage1best_small_gtrxl_full_4gpu_e1a1bba9_seed20260725/stage2_noise/progress/pause_snapshots/20260725_184659/layerwise_run_manifest.json	hy-tmp/Reinforcement-For-Robustness/Parting Chapter/persistent/rl/bert-large/mrpc/s1t0.001_s2t0.001_s2st2.0__large_stage1best_small_gtrxl_full_4gpu_e1a1bba9_seed20260725/stage2_noise/progress/pause_snapshots/20260725_184659/layerwise_run_manifest.json	git_worktree_extra
ecc15a3cf724852f1ded7c62a582de3d9f981e9a71d4cc77aa3e4f46efcb5f67	168	file	/hy-tmp/Reinforcement-For-Robustness/Parting Chapter/persistent/rl/bert-large/mrpc/s1t0.001_s2t0.001_s2st2.0__large_stage1best_small_gtrxl_full_4gpu_e1a1bba9_seed20260725/stage2_noise/progress/pause_snapshots/20260725_184659/rl_data_points_run_id.txt	hy-tmp/Reinforcement-For-Robustness/Parting Chapter/persistent/rl/bert-large/mrpc/s1t0.001_s2t0.001_s2st2.0__large_stage1best_small_gtrxl_full_4gpu_e1a1bba9_seed20260725/stage2_noise/progress/pause_snapshots/20260725_184659/rl_data_points_run_id.txt	git_worktree_extra
561ffd2f8a351391796fcd9e8832a3483c48452471c5c9884e4efc9b778e2802	969	file	/hy-tmp/Reinforcement-For-Robustness/Parting Chapter/persistent/rl/bert-large/mrpc/s1t0.001_s2t0.001_s2st2.0__large_stage1best_small_gtrxl_full_4gpu_e1a1bba9_seed20260725/stage2_noise/progress/pause_snapshots/20260725_184659/stop_record.txt	hy-tmp/Reinforcement-For-Robustness/Parting Chapter/persistent/rl/bert-large/mrpc/s1t0.001_s2t0.001_s2st2.0__large_stage1best_small_gtrxl_full_4gpu_e1a1bba9_seed20260725/stage2_noise/progress/pause_snapshots/20260725_184659/stop_record.txt	git_worktree_extra
ecc15a3cf724852f1ded7c62a582de3d9f981e9a71d4cc77aa3e4f46efcb5f67	168	file	/hy-tmp/Reinforcement-For-Robustness/Parting Chapter/persistent/rl/bert-large/mrpc/s1t0.001_s2t0.001_s2st2.0__large_stage1best_small_gtrxl_full_4gpu_e1a1bba9_seed20260725/stage2_noise/progress/rl_data_points_run_id.txt	hy-tmp/Reinforcement-For-Robustness/Parting Chapter/persistent/rl/bert-large/mrpc/s1t0.001_s2t0.001_s2st2.0__large_stage1best_small_gtrxl_full_4gpu_e1a1bba9_seed20260725/stage2_noise/progress/rl_data_points_run_id.txt	git_worktree_extra
a9f7319f3e9fa8616323be5e8e84b86bf1afb86f56a950606d7605c6e4118e5a	5827	file	/hy-tmp/Reinforcement-For-Robustness/Parting Chapter/persistent/rl/bert-large/mrpc/s1t0.001_s2t0.001_s2st2.0__large_stage1best_small_gtrxl_full_4gpu_e1a1bba9_seed20260725/stage2_noise/pruning_search_log.txt	hy-tmp/Reinforcement-For-Robustness/Parting Chapter/persistent/rl/bert-large/mrpc/s1t0.001_s2t0.001_s2st2.0__large_stage1best_small_gtrxl_full_4gpu_e1a1bba9_seed20260725/stage2_noise/pruning_search_log.txt	git_worktree_extra
94ba0b5006ea733819eae6fe6a143209bacc30fd3b7d72b89687c5e31de747b2	43843	file	/hy-tmp/Reinforcement-For-Robustness/Parting Chapter/persistent/rl/bert-large/mrpc/s1t0.001_s2t0.001_s2st2.0__large_stage1best_small_gtrxl_full_seed20260725/logs/stage2_large_mrpc_stage1best_small_150k.log	hy-tmp/Reinforcement-For-Robustness/Parting Chapter/persistent/rl/bert-large/mrpc/s1t0.001_s2t0.001_s2st2.0__large_stage1best_small_gtrxl_full_seed20260725/logs/stage2_large_mrpc_stage1best_small_150k.log	git_worktree_extra
41e9c47f609569da8488ea79e43d629c9e2b48c68dbb2e962326e3fef10de1fc	673	file	/hy-tmp/Reinforcement-For-Robustness/Parting Chapter/persistent/rl/bert-large/mrpc/s1t0.001_s2t0.001_s2st2.0__large_stage1best_small_gtrxl_full_seed20260725/metadata.json	hy-tmp/Reinforcement-For-Robustness/Parting Chapter/persistent/rl/bert-large/mrpc/s1t0.001_s2t0.001_s2st2.0__large_stage1best_small_gtrxl_full_seed20260725/metadata.json	git_worktree_extra
e8618f48847b0254b32a13711df6133b34cf440bd15e7dba38a63282ab5d8474	6	file	/hy-tmp/Reinforcement-For-Robustness/Parting Chapter/persistent/rl/bert-large/mrpc/s1t0.001_s2t0.001_s2st2.0__large_stage1best_small_gtrxl_full_seed20260725/rl.pid	hy-tmp/Reinforcement-For-Robustness/Parting Chapter/persistent/rl/bert-large/mrpc/s1t0.001_s2t0.001_s2st2.0__large_stage1best_small_gtrxl_full_seed20260725/rl.pid	git_worktree_extra
e8618f48847b0254b32a13711df6133b34cf440bd15e7dba38a63282ab5d8474	6	file	/hy-tmp/Reinforcement-For-Robustness/Parting Chapter/persistent/rl/bert-large/mrpc/s1t0.001_s2t0.001_s2st2.0__large_stage1best_small_gtrxl_full_seed20260725/run.pid	hy-tmp/Reinforcement-For-Robustness/Parting Chapter/persistent/rl/bert-large/mrpc/s1t0.001_s2t0.001_s2st2.0__large_stage1best_small_gtrxl_full_seed20260725/run.pid	git_worktree_extra
21cd50b6d744c9694e15ae8f1f03a0afed82a2697ea3bc84b7784ccbee14efa5	1489	file	/hy-tmp/Reinforcement-For-Robustness/Parting Chapter/persistent/rl/bert-large/mrpc/s1t0.001_s2t0.001_s2st2.0__large_stage1best_small_gtrxl_full_seed20260725/stage1/pruning_search_log.txt	hy-tmp/Reinforcement-For-Robustness/Parting Chapter/persistent/rl/bert-large/mrpc/s1t0.001_s2t0.001_s2st2.0__large_stage1best_small_gtrxl_full_seed20260725/stage1/pruning_search_log.txt	git_worktree_extra
ea253fd3771df9a2276b5863e87ae858d3f79832534b0950b86de6e71ecb0231	889	file	/hy-tmp/Reinforcement-For-Robustness/Parting Chapter/persistent/rl/bert-large/mrpc/s1t0.001_s2t0.001_s2st2.0__large_stage1best_small_gtrxl_full_seed20260725/stage2_noise/progress/blb_stage2_live_summary.md	hy-tmp/Reinforcement-For-Robustness/Parting Chapter/persistent/rl/bert-large/mrpc/s1t0.001_s2t0.001_s2st2.0__large_stage1best_small_gtrxl_full_seed20260725/stage2_noise/progress/blb_stage2_live_summary.md	git_worktree_extra
0da5f74d528712ca6498af5e523b4a926fdd3b626bad960eb18fc4a01fbed5cb	2783657	file	/hy-tmp/Reinforcement-For-Robustness/Parting Chapter/persistent/rl/bert-large/mrpc/s1t0.001_s2t0.001_s2st2.0__large_stage1best_small_gtrxl_full_seed20260725/stage2_noise/progress/blb_stage2_rl_checkpoint_live.pt	hy-tmp/Reinforcement-For-Robustness/Parting Chapter/persistent/rl/bert-large/mrpc/s1t0.001_s2t0.001_s2st2.0__large_stage1best_small_gtrxl_full_seed20260725/stage2_noise/progress/blb_stage2_rl_checkpoint_live.pt	git_worktree_extra
6adc1b254acc6b74cbbd0d20fe46f9ffa17ff1b22e421b2cc46db20c9777c24e	2116	file	/hy-tmp/Reinforcement-For-Robustness/Parting Chapter/persistent/rl/bert-large/mrpc/s1t0.001_s2t0.001_s2st2.0__large_stage1best_small_gtrxl_full_seed20260725/stage2_noise/progress/blb_stage2_status.json	hy-tmp/Reinforcement-For-Robustness/Parting Chapter/persistent/rl/bert-large/mrpc/s1t0.001_s2t0.001_s2st2.0__large_stage1best_small_gtrxl_full_seed20260725/stage2_noise/progress/blb_stage2_status.json	git_worktree_extra
ee2011a9f4facb91884a392412377d57102f8d5cd1692011eaa2ced2bf69c540	1146944	file	/hy-tmp/Reinforcement-For-Robustness/Parting Chapter/persistent/rl/bert-large/mrpc/s1t0.001_s2t0.001_s2st2.0__large_stage1best_small_gtrxl_full_seed20260725/stage2_noise/progress/candidate_store.jsonl	hy-tmp/Reinforcement-For-Robustness/Parting Chapter/persistent/rl/bert-large/mrpc/s1t0.001_s2t0.001_s2st2.0__large_stage1best_small_gtrxl_full_seed20260725/stage2_noise/progress/candidate_store.jsonl	git_worktree_extra
55a690b6cdc6f43421c4e505288547b84fd8eacc9a01618cf645f3962ff691ff	897802	file	/hy-tmp/Reinforcement-For-Robustness/Parting Chapter/persistent/rl/bert-large/mrpc/s1t0.001_s2t0.001_s2st2.0__large_stage1best_small_gtrxl_full_seed20260725/stage2_noise/progress/diagnostics/action_histogram.npz	hy-tmp/Reinforcement-For-Robustness/Parting Chapter/persistent/rl/bert-large/mrpc/s1t0.001_s2t0.001_s2st2.0__large_stage1best_small_gtrxl_full_seed20260725/stage2_noise/progress/diagnostics/action_histogram.npz	git_worktree_extra
2b8afdd79c9e086a664a819f2b783b19da6bf7a55eee5a033af55017dd7ac4e7	1177927	file	/hy-tmp/Reinforcement-For-Robustness/Parting Chapter/persistent/rl/bert-large/mrpc/s1t0.001_s2t0.001_s2st2.0__large_stage1best_small_gtrxl_full_seed20260725/stage2_noise/progress/diagnostics/baseline_action_vec.json	hy-tmp/Reinforcement-For-Robustness/Parting Chapter/persistent/rl/bert-large/mrpc/s1t0.001_s2t0.001_s2st2.0__large_stage1best_small_gtrxl_full_seed20260725/stage2_noise/progress/diagnostics/baseline_action_vec.json	git_worktree_extra
7bbcbd9ba6343579f24975c492e907c4718708c8736117443584f5e5ba3303d7	1279285	file	/hy-tmp/Reinforcement-For-Robustness/Parting Chapter/persistent/rl/bert-large/mrpc/s1t0.001_s2t0.001_s2st2.0__large_stage1best_small_gtrxl_full_seed20260725/stage2_noise/progress/diagnostics/best_action_vec.json	hy-tmp/Reinforcement-For-Robustness/Parting Chapter/persistent/rl/bert-large/mrpc/s1t0.001_s2t0.001_s2st2.0__large_stage1best_small_gtrxl_full_seed20260725/stage2_noise/progress/diagnostics/best_action_vec.json	git_worktree_extra
13589daeb9f2028c7154257f2cfa0cd22c46d83eb8da061d7fb07d280a27faba	118	file	/hy-tmp/Reinforcement-For-Robustness/Parting Chapter/persistent/rl/bert-large/mrpc/s1t0.001_s2t0.001_s2st2.0__large_stage1best_small_gtrxl_full_seed20260725/stage2_noise/progress/diagnostics/blb_stage2_health.log	hy-tmp/Reinforcement-For-Robustness/Parting Chapter/persistent/rl/bert-large/mrpc/s1t0.001_s2t0.001_s2st2.0__large_stage1best_small_gtrxl_full_seed20260725/stage2_noise/progress/diagnostics/blb_stage2_health.log	git_worktree_extra
c4971440d411cd934f9f98dd3afd01a4358eeae35cb788e6c8af99c0f65e2096	34733	file	/hy-tmp/Reinforcement-For-Robustness/Parting Chapter/persistent/rl/bert-large/mrpc/s1t0.001_s2t0.001_s2st2.0__large_stage1best_small_gtrxl_full_seed20260725/stage2_noise/progress/diagnostics/diagnostics_summary.md	hy-tmp/Reinforcement-For-Robustness/Parting Chapter/persistent/rl/bert-large/mrpc/s1t0.001_s2t0.001_s2st2.0__large_stage1best_small_gtrxl_full_seed20260725/stage2_noise/progress/diagnostics/diagnostics_summary.md	git_worktree_extra
e03fa7875dce0b209d3f2cb0e6a9b96c4e4eb35cf52baafe2ce5c13ef4321895	249202	file	/hy-tmp/Reinforcement-For-Robustness/Parting Chapter/persistent/rl/bert-large/mrpc/s1t0.001_s2t0.001_s2st2.0__large_stage1best_small_gtrxl_full_seed20260725/stage2_noise/progress/diagnostics/episodes.jsonl	hy-tmp/Reinforcement-For-Robustness/Parting Chapter/persistent/rl/bert-large/mrpc/s1t0.001_s2t0.001_s2st2.0__large_stage1best_small_gtrxl_full_seed20260725/stage2_noise/progress/diagnostics/episodes.jsonl	git_worktree_extra
44136fa355b3678a1146ad16f7e8649e94fb4fc21fe77e8310c060f61caaff8a	2	file	/hy-tmp/Reinforcement-For-Robustness/Parting Chapter/persistent/rl/bert-large/mrpc/s1t0.001_s2t0.001_s2st2.0__large_stage1best_small_gtrxl_full_seed20260725/stage2_noise/progress/diagnostics/first_invalid_counts.json	hy-tmp/Reinforcement-For-Robustness/Parting Chapter/persistent/rl/bert-large/mrpc/s1t0.001_s2t0.001_s2st2.0__large_stage1best_small_gtrxl_full_seed20260725/stage2_noise/progress/diagnostics/first_invalid_counts.json	git_worktree_extra
108b1eca65d1d908229444df9f86058ce89c169d637d4344fefe9cb309013ff1	2844	file	/hy-tmp/Reinforcement-For-Robustness/Parting Chapter/persistent/rl/bert-large/mrpc/s1t0.001_s2t0.001_s2st2.0__large_stage1best_small_gtrxl_full_seed20260725/stage2_noise/progress/diagnostics/pareto_frontier.html	hy-tmp/Reinforcement-For-Robustness/Parting Chapter/persistent/rl/bert-large/mrpc/s1t0.001_s2t0.001_s2st2.0__large_stage1best_small_gtrxl_full_seed20260725/stage2_noise/progress/diagnostics/pareto_frontier.html	git_worktree_extra
1a15fd7cebaa77482095f294f15735ba4a1863198a4633ed4a8cf6b381433696	3014510	file	/hy-tmp/Reinforcement-For-Robustness/Parting Chapter/persistent/rl/bert-large/mrpc/s1t0.001_s2t0.001_s2st2.0__large_stage1best_small_gtrxl_full_seed20260725/stage2_noise/progress/diagnostics/pareto_frontier.json	hy-tmp/Reinforcement-For-Robustness/Parting Chapter/persistent/rl/bert-large/mrpc/s1t0.001_s2t0.001_s2st2.0__large_stage1best_small_gtrxl_full_seed20260725/stage2_noise/progress/diagnostics/pareto_frontier.json	git_worktree_extra
f77276ff535eafe20b709086a2dc649eb51e49907ec5bfafa2e347aab1608e83	1638261	file	/hy-tmp/Reinforcement-For-Robustness/Parting Chapter/persistent/rl/bert-large/mrpc/s1t0.001_s2t0.001_s2st2.0__large_stage1best_small_gtrxl_full_seed20260725/stage2_noise/progress/diagnostics/pareto_frontier.jsonl	hy-tmp/Reinforcement-For-Robustness/Parting Chapter/persistent/rl/bert-large/mrpc/s1t0.001_s2t0.001_s2st2.0__large_stage1best_small_gtrxl_full_seed20260725/stage2_noise/progress/diagnostics/pareto_frontier.jsonl	git_worktree_extra
c538a8c43023fb8aa84b178ee59d810e4c730ac4bb01e888246220ce47577aac	12258710	file	/hy-tmp/Reinforcement-For-Robustness/Parting Chapter/persistent/rl/bert-large/mrpc/s1t0.001_s2t0.001_s2st2.0__large_stage1best_small_gtrxl_full_seed20260725/stage2_noise/progress/diagnostics/top_candidates.jsonl	hy-tmp/Reinforcement-For-Robustness/Parting Chapter/persistent/rl/bert-large/mrpc/s1t0.001_s2t0.001_s2st2.0__large_stage1best_small_gtrxl_full_seed20260725/stage2_noise/progress/diagnostics/top_candidates.jsonl	git_worktree_extra
1301e18c80f668972f4436d4444be024e7d1b880aeb40f1f1d7ddeb95e0d3aea	90285	file	/hy-tmp/Reinforcement-For-Robustness/Parting Chapter/persistent/rl/bert-large/mrpc/s1t0.001_s2t0.001_s2st2.0__large_stage1best_small_gtrxl_full_seed20260725/stage2_noise/progress/layerwise_run_manifest.json	hy-tmp/Reinforcement-For-Robustness/Parting Chapter/persistent/rl/bert-large/mrpc/s1t0.001_s2t0.001_s2st2.0__large_stage1best_small_gtrxl_full_seed20260725/stage2_noise/progress/layerwise_run_manifest.json	git_worktree_extra
18f8756e3c2a0ace0caa7773c24bc0e0003f48f56f5bd9f68154fdfe0e0d4a97	154	file	/hy-tmp/Reinforcement-For-Robustness/Parting Chapter/persistent/rl/bert-large/mrpc/s1t0.001_s2t0.001_s2st2.0__large_stage1best_small_gtrxl_full_seed20260725/stage2_noise/progress/rl_data_points_run_id.txt	hy-tmp/Reinforcement-For-Robustness/Parting Chapter/persistent/rl/bert-large/mrpc/s1t0.001_s2t0.001_s2st2.0__large_stage1best_small_gtrxl_full_seed20260725/stage2_noise/progress/rl_data_points_run_id.txt	git_worktree_extra
f9fc5683f5554268a9607ad0bc6448547ed150001b07448d306bfbae82a75b52	5843	file	/hy-tmp/Reinforcement-For-Robustness/Parting Chapter/persistent/rl/bert-large/mrpc/s1t0.001_s2t0.001_s2st2.0__large_stage1best_small_gtrxl_full_seed20260725/stage2_noise/pruning_search_log.txt	hy-tmp/Reinforcement-For-Robustness/Parting Chapter/persistent/rl/bert-large/mrpc/s1t0.001_s2t0.001_s2st2.0__large_stage1best_small_gtrxl_full_seed20260725/stage2_noise/pruning_search_log.txt	git_worktree_extra
44d49daaa4b584b5d09171af66916e4f7dff9e8bcfff083ba135913d50920a83	1999620	file	/hy-tmp/Reinforcement-For-Robustness/rl_training_data_points/stage2/bert-large/mrpc_large/Parting_Chapter_persistent_rl_bert-large_mrpc_s1t0.001_s2t0.001_s2st2.0__large_stage1best_diag_thread120_seed20260725__20260724T195138487575Z__pid27699/episodes.jsonl	hy-tmp/Reinforcement-For-Robustness/rl_training_data_points/stage2/bert-large/mrpc_large/Parting_Chapter_persistent_rl_bert-large_mrpc_s1t0.001_s2t0.001_s2st2.0__large_stage1best_diag_thread120_seed20260725__20260724T195138487575Z__pid27699/episodes.jsonl	git_worktree_extra
2d78085bd579cfd0829811be1ab6ef7b38928083468936925eca1e2ea62780d2	125606	file	/hy-tmp/Reinforcement-For-Robustness/rl_training_data_points/stage2/bert-large/mrpc_large/Parting_Chapter_persistent_rl_bert-large_mrpc_s1t0.001_s2t0.001_s2st2.0__large_stage1best_diag_thread120_seed20260725__20260724T195138487575Z__pid27699/manifest.json	hy-tmp/Reinforcement-For-Robustness/rl_training_data_points/stage2/bert-large/mrpc_large/Parting_Chapter_persistent_rl_bert-large_mrpc_s1t0.001_s2t0.001_s2st2.0__large_stage1best_diag_thread120_seed20260725__20260724T195138487575Z__pid27699/manifest.json	git_worktree_extra
c1d7f8160bc44f9f627e1448c439bc6d8765edf933b604705a831f50bd8b18d6	68897	file	/hy-tmp/Reinforcement-For-Robustness/rl_training_data_points/stage2/bert-large/mrpc_large/Parting_Chapter_persistent_rl_bert-large_mrpc_s1t0.001_s2t0.001_s2st2.0__large_stage1best_diag_thread120_seed20260725__20260724T195138487575Z__pid27699/ppo_updates.jsonl	hy-tmp/Reinforcement-For-Robustness/rl_training_data_points/stage2/bert-large/mrpc_large/Parting_Chapter_persistent_rl_bert-large_mrpc_s1t0.001_s2t0.001_s2st2.0__large_stage1best_diag_thread120_seed20260725__20260724T195138487575Z__pid27699/ppo_updates.jsonl	git_worktree_extra
34f5c9c2496706019c2176309914dc54fcc14fc485cbc61b05b0d8678e02444f	62065	file	/hy-tmp/Reinforcement-For-Robustness/rl_training_data_points/stage2/bert-large/mrpc_large/Parting_Chapter_persistent_rl_bert-large_mrpc_s1t0.001_s2t0.001_s2st2.0__large_stage1best_diag_thread120_seed20260725__20260724T195138487575Z__pid27699/summary.json	hy-tmp/Reinforcement-For-Robustness/rl_training_data_points/stage2/bert-large/mrpc_large/Parting_Chapter_persistent_rl_bert-large_mrpc_s1t0.001_s2t0.001_s2st2.0__large_stage1best_diag_thread120_seed20260725__20260724T195138487575Z__pid27699/summary.json	git_worktree_extra
718cbdf18ef44454e7e8fe42bdf8411e741ab8cfc5a6a1202e2e2db4485a6d1c	183635183	file	/hy-tmp/Reinforcement-For-Robustness/rl_training_data_points/stage2/bert-large/mrpc_large/Parting_Chapter_persistent_rl_bert-large_mrpc_s1t0.001_s2t0.001_s2st2.0__large_stage1best_small_gtrxl_full_4gpu_e1a1bba9_seed20260725__20260724T202803075856Z__pid31443/episodes.jsonl	hy-tmp/Reinforcement-For-Robustness/rl_training_data_points/stage2/bert-large/mrpc_large/Parting_Chapter_persistent_rl_bert-large_mrpc_s1t0.001_s2t0.001_s2st2.0__large_stage1best_small_gtrxl_full_4gpu_e1a1bba9_seed20260725__20260724T202803075856Z__pid31443/episodes.jsonl	git_worktree_extra
0305ac8973d6c9b79cf6317f9d9252b633d1e3430938a90d83e56fbe7f81ab6e	125756	file	/hy-tmp/Reinforcement-For-Robustness/rl_training_data_points/stage2/bert-large/mrpc_large/Parting_Chapter_persistent_rl_bert-large_mrpc_s1t0.001_s2t0.001_s2st2.0__large_stage1best_small_gtrxl_full_4gpu_e1a1bba9_seed20260725__20260724T202803075856Z__pid31443/manifest.json	hy-tmp/Reinforcement-For-Robustness/rl_training_data_points/stage2/bert-large/mrpc_large/Parting_Chapter_persistent_rl_bert-large_mrpc_s1t0.001_s2t0.001_s2st2.0__large_stage1best_small_gtrxl_full_4gpu_e1a1bba9_seed20260725__20260724T202803075856Z__pid31443/manifest.json	git_worktree_extra
0f9900bc752216641f6cc5465beb89a1b2997ed54a8541576ead4ea307af4b8c	11367689	file	/hy-tmp/Reinforcement-For-Robustness/rl_training_data_points/stage2/bert-large/mrpc_large/Parting_Chapter_persistent_rl_bert-large_mrpc_s1t0.001_s2t0.001_s2st2.0__large_stage1best_small_gtrxl_full_4gpu_e1a1bba9_seed20260725__20260724T202803075856Z__pid31443/ppo_updates.jsonl	hy-tmp/Reinforcement-For-Robustness/rl_training_data_points/stage2/bert-large/mrpc_large/Parting_Chapter_persistent_rl_bert-large_mrpc_s1t0.001_s2t0.001_s2st2.0__large_stage1best_small_gtrxl_full_4gpu_e1a1bba9_seed20260725__20260724T202803075856Z__pid31443/ppo_updates.jsonl	git_worktree_extra
4aaf572c98455bc67082be04f45ffc0655e46f6a175a53fc4cc8461e102397d8	250148	file	/hy-tmp/Reinforcement-For-Robustness/rl_training_data_points/stage2/bert-large/mrpc_large/Parting_Chapter_persistent_rl_bert-large_mrpc_s1t0.001_s2t0.001_s2st2.0__large_stage1best_small_gtrxl_full_seed20260725__20260724T192726859619Z__pid25923/episodes.jsonl	hy-tmp/Reinforcement-For-Robustness/rl_training_data_points/stage2/bert-large/mrpc_large/Parting_Chapter_persistent_rl_bert-large_mrpc_s1t0.001_s2t0.001_s2st2.0__large_stage1best_small_gtrxl_full_seed20260725__20260724T192726859619Z__pid25923/episodes.jsonl	git_worktree_extra
27429f9fe02555f2eacb2c0e21e4330b89e704ff37cdfe361b8a88e9b2e86709	125630	file	/hy-tmp/Reinforcement-For-Robustness/rl_training_data_points/stage2/bert-large/mrpc_large/Parting_Chapter_persistent_rl_bert-large_mrpc_s1t0.001_s2t0.001_s2st2.0__large_stage1best_small_gtrxl_full_seed20260725__20260724T192726859619Z__pid25923/manifest.json	hy-tmp/Reinforcement-For-Robustness/rl_training_data_points/stage2/bert-large/mrpc_large/Parting_Chapter_persistent_rl_bert-large_mrpc_s1t0.001_s2t0.001_s2st2.0__large_stage1best_small_gtrxl_full_seed20260725__20260724T192726859619Z__pid25923/manifest.json	git_worktree_extra
28f1201fded5f2a13dc9e9d82eb2f0a13572ba435eb0eb3689b5ca1e15ba4d58	62287	file	/hy-tmp/Reinforcement-For-Robustness/rl_training_data_points/stage2/bert-large/mrpc_large/Parting_Chapter_persistent_rl_bert-large_mrpc_s1t0.001_s2t0.001_s2st2.0__large_stage1best_small_gtrxl_full_seed20260725__20260724T192726859619Z__pid25923/summary.json	hy-tmp/Reinforcement-For-Robustness/rl_training_data_points/stage2/bert-large/mrpc_large/Parting_Chapter_persistent_rl_bert-large_mrpc_s1t0.001_s2t0.001_s2st2.0__large_stage1best_small_gtrxl_full_seed20260725__20260724T192726859619Z__pid25923/summary.json	git_worktree_extra
e46514a326cdbfe97ab8f20ab193275b46231eca5434ff3b0effd77a92590847	189292083	file	/hy-tmp/Reinforcement-For-Robustness/rl_training_data_points/stage2/bert-large/mrpc_large/ab_exact_batch4_05b6863e_20260725_201609__source_ep10920/episodes.jsonl	hy-tmp/Reinforcement-For-Robustness/rl_training_data_points/stage2/bert-large/mrpc_large/ab_exact_batch4_05b6863e_20260725_201609__source_ep10920/episodes.jsonl	git_worktree_extra
13e68970aae0f65306d4e50aa78d98b9fe4ad2550263542275dd6d15164e88a6	125392	file	/hy-tmp/Reinforcement-For-Robustness/rl_training_data_points/stage2/bert-large/mrpc_large/ab_exact_batch4_05b6863e_20260725_201609__source_ep10920/manifest.json	hy-tmp/Reinforcement-For-Robustness/rl_training_data_points/stage2/bert-large/mrpc_large/ab_exact_batch4_05b6863e_20260725_201609__source_ep10920/manifest.json	git_worktree_extra
fe585c9b43e74ade6bfa255530cd3af843622c60e2a019aefa97bb81716b0686	11754214	file	/hy-tmp/Reinforcement-For-Robustness/rl_training_data_points/stage2/bert-large/mrpc_large/ab_exact_batch4_05b6863e_20260725_201609__source_ep10920/ppo_updates.jsonl	hy-tmp/Reinforcement-For-Robustness/rl_training_data_points/stage2/bert-large/mrpc_large/ab_exact_batch4_05b6863e_20260725_201609__source_ep10920/ppo_updates.jsonl	git_worktree_extra
5ac66a03f1643994842209cf60aadd30373fbbc80ff9c42a9458c6d2d641c561	374344	file	/hy-tmp/Reinforcement-For-Robustness/rl_training_data_points/stage2/bert-large/mrpc_large/ab_exact_batch4_05b6863e_20260725_201609__source_ep10920/summary.json	hy-tmp/Reinforcement-For-Robustness/rl_training_data_points/stage2/bert-large/mrpc_large/ab_exact_batch4_05b6863e_20260725_201609__source_ep10920/summary.json	git_worktree_extra
5bef199780f75db8d7e002beffd6c98a0756d060bbeb98489608ebb43de16b05	189292065	file	/hy-tmp/Reinforcement-For-Robustness/rl_training_data_points/stage2/bert-large/mrpc_large/ab_exact_batch4_edgefix_201611d2_20260725_213710__source_ep10920/episodes.jsonl	hy-tmp/Reinforcement-For-Robustness/rl_training_data_points/stage2/bert-large/mrpc_large/ab_exact_batch4_edgefix_201611d2_20260725_213710__source_ep10920/episodes.jsonl	git_worktree_extra
93132bafb2da5e922de9f69b7d82d816f15481c9bb4f49985b00e205c45a6741	125464	file	/hy-tmp/Reinforcement-For-Robustness/rl_training_data_points/stage2/bert-large/mrpc_large/ab_exact_batch4_edgefix_201611d2_20260725_213710__source_ep10920/manifest.json	hy-tmp/Reinforcement-For-Robustness/rl_training_data_points/stage2/bert-large/mrpc_large/ab_exact_batch4_edgefix_201611d2_20260725_213710__source_ep10920/manifest.json	git_worktree_extra
76e103f8878631b9d86b2c145f7a9cae5049b32e26c9493e54a3d1bc91206796	11754213	file	/hy-tmp/Reinforcement-For-Robustness/rl_training_data_points/stage2/bert-large/mrpc_large/ab_exact_batch4_edgefix_201611d2_20260725_213710__source_ep10920/ppo_updates.jsonl	hy-tmp/Reinforcement-For-Robustness/rl_training_data_points/stage2/bert-large/mrpc_large/ab_exact_batch4_edgefix_201611d2_20260725_213710__source_ep10920/ppo_updates.jsonl	git_worktree_extra
36277c7564d013dc2c69b408d34deb71bdd81c763a6ab1d7a35b70c8ff211d80	374368	file	/hy-tmp/Reinforcement-For-Robustness/rl_training_data_points/stage2/bert-large/mrpc_large/ab_exact_batch4_edgefix_201611d2_20260725_213710__source_ep10920/summary.json	hy-tmp/Reinforcement-For-Robustness/rl_training_data_points/stage2/bert-large/mrpc_large/ab_exact_batch4_edgefix_201611d2_20260725_213710__source_ep10920/summary.json	git_worktree_extra
01ed1588efd6f44aee3c0a3a9c1b52676bebaec1c178feddfb72498fc1f55211	189292897	file	/hy-tmp/Reinforcement-For-Robustness/rl_training_data_points/stage2/bert-large/mrpc_large/ab_exact_control_b1_05b6863e_20260725_201609__source_ep10920/episodes.jsonl	hy-tmp/Reinforcement-For-Robustness/rl_training_data_points/stage2/bert-large/mrpc_large/ab_exact_control_b1_05b6863e_20260725_201609__source_ep10920/episodes.jsonl	git_worktree_extra
7587e8458c318faf2d1a586c1a2930ac34dae14aa59f82f1b74a6dcf3316e66e	125428	file	/hy-tmp/Reinforcement-For-Robustness/rl_training_data_points/stage2/bert-large/mrpc_large/ab_exact_control_b1_05b6863e_20260725_201609__source_ep10920/manifest.json	hy-tmp/Reinforcement-For-Robustness/rl_training_data_points/stage2/bert-large/mrpc_large/ab_exact_control_b1_05b6863e_20260725_201609__source_ep10920/manifest.json	git_worktree_extra
b476aaa7143156ef369f4ff424801aec50e87a458878897c5d14d2c807321fb9	11754212	file	/hy-tmp/Reinforcement-For-Robustness/rl_training_data_points/stage2/bert-large/mrpc_large/ab_exact_control_b1_05b6863e_20260725_201609__source_ep10920/ppo_updates.jsonl	hy-tmp/Reinforcement-For-Robustness/rl_training_data_points/stage2/bert-large/mrpc_large/ab_exact_control_b1_05b6863e_20260725_201609__source_ep10920/ppo_updates.jsonl	git_worktree_extra
6512afb5c26fe8736efa95106311e073533c1a619c26990a44dddee7c71bb51f	374356	file	/hy-tmp/Reinforcement-For-Robustness/rl_training_data_points/stage2/bert-large/mrpc_large/ab_exact_control_b1_05b6863e_20260725_201609__source_ep10920/summary.json	hy-tmp/Reinforcement-For-Robustness/rl_training_data_points/stage2/bert-large/mrpc_large/ab_exact_control_b1_05b6863e_20260725_201609__source_ep10920/summary.json	git_worktree_extra
32019c1de210370d37d36b0e7711572493444cc62cf7eb5e9901f1a2d383f857	518	file	/hy-tmp/aggregate_cuda_visibility_3690b0bb/logs/elastic_gpu_health_events.jsonl	hy-tmp/aggregate_cuda_visibility_3690b0bb/logs/elastic_gpu_health_events.jsonl	external_artifact
6775d5a9bfdb44061850eff79e82be80fbb5daa309f23b05b489a8b513eb9e09	457813	file	/hy-tmp/aggregate_failed15_2eab194c.log	hy-tmp/aggregate_failed15_2eab194c.log	external_artifact
79557207096fd0558f39abaf14f6522db18dea585b4cb48b67acc8d4ce6523a0	518	file	/hy-tmp/aggregate_failed15_2eab194c/logs/elastic_gpu_health_events.jsonl	hy-tmp/aggregate_failed15_2eab194c/logs/elastic_gpu_health_events.jsonl	external_artifact
38534bfced07c19a9ae25beecba40483296d2afd3a3aec21f06cc97a09f1dcc0	518	file	/hy-tmp/aggregate_focused_2194a956/logs/elastic_gpu_health_events.jsonl	hy-tmp/aggregate_focused_2194a956/logs/elastic_gpu_health_events.jsonl	external_artifact
e4b97fa592fb92619914cdaba27bdbe9a28d94ce3a8c6de1a946c8d5ae076696	518	file	/hy-tmp/aggregate_focused_4c31d9cc/logs/elastic_gpu_health_events.jsonl	hy-tmp/aggregate_focused_4c31d9cc/logs/elastic_gpu_health_events.jsonl	external_artifact
c11e8f73cffe27574f7227fd7564c533a6fce6c7d687ef6bbd0ba52f04ed213b	31025	file	/hy-tmp/aggregate_full_unittest_1d06466c.log	hy-tmp/aggregate_full_unittest_1d06466c.log	external_artifact
41dac60d04aad4f8ac6f724252f22caa2f1d5dbc4a127396f0242d6c203da49c	518	file	/hy-tmp/aggregate_full_unittest_1d06466c/logs/elastic_gpu_health_events.jsonl	hy-tmp/aggregate_full_unittest_1d06466c/logs/elastic_gpu_health_events.jsonl	external_artifact
eb80988a18cd7e471d8dd8e001458f9b11ca154ecdf214f2d47da4a6eb4551e9	500279	file	/hy-tmp/aggregate_full_unittest_4c31d9cc.log	hy-tmp/aggregate_full_unittest_4c31d9cc.log	external_artifact
7bfe55a312702398a83e8ce301fa8fae86de99a3360e3c070429b59086ad4082	518	file	/hy-tmp/aggregate_full_unittest_4c31d9cc/logs/elastic_gpu_health_events.jsonl	hy-tmp/aggregate_full_unittest_4c31d9cc/logs/elastic_gpu_health_events.jsonl	external_artifact
2aee371841f2a83957a30e89028295c63d882dd9965d492ce97e2523893e134d	518	file	/hy-tmp/aggregate_full_unittest_4c31d9cc_logged/logs/elastic_gpu_health_events.jsonl	hy-tmp/aggregate_full_unittest_4c31d9cc_logged/logs/elastic_gpu_health_events.jsonl	external_artifact
317ae28aa8f98ce15201a15f0f8dd85aba9587f8300457158fd2c2c26b73c808	31025	file	/hy-tmp/aggregate_full_unittest_a6bc2f74.log	hy-tmp/aggregate_full_unittest_a6bc2f74.log	external_artifact
76a5c2b86e1736b4e3a6889a8e280bde1eb11cf7791ff3a8f2e5abbb026a854a	518	file	/hy-tmp/aggregate_full_unittest_a6bc2f74/logs/elastic_gpu_health_events.jsonl	hy-tmp/aggregate_full_unittest_a6bc2f74/logs/elastic_gpu_health_events.jsonl	external_artifact
4bfc412d8424a74808807fd68e21904a854f6abdcffb787ee64eea7b171f48e3	31025	file	/hy-tmp/aggregate_full_unittest_ea6d475d.log	hy-tmp/aggregate_full_unittest_ea6d475d.log	external_artifact
9a94af8aebd1815e5565b5b4029c0a52da4b623b5055a6a7bd50909c0aea1f41	518	file	/hy-tmp/aggregate_horizon_3690b0bb/logs/elastic_gpu_health_events.jsonl	hy-tmp/aggregate_horizon_3690b0bb/logs/elastic_gpu_health_events.jsonl	external_artifact
c5b44c59c4fe6221d7d7589bbb575456be4b98efb0430ec689c884adc0560335	518	file	/hy-tmp/aggregate_real_replan_a6bc2f74/logs/elastic_gpu_health_events.jsonl	hy-tmp/aggregate_real_replan_a6bc2f74/logs/elastic_gpu_health_events.jsonl	external_artifact
6f3db9a61f7ec45efdd522172306fd5a8a97fe58ff806758fd659371e665d8ad	518	file	/hy-tmp/aggregate_regression_fix2_e5dec1fe/logs/elastic_gpu_health_events.jsonl	hy-tmp/aggregate_regression_fix2_e5dec1fe/logs/elastic_gpu_health_events.jsonl	external_artifact
faa8be67ae6984a2b2c7addbe519d0dcc697048878264a3d0fe5746498dd3766	518	file	/hy-tmp/aggregate_regression_fix3_4c31d9cc/logs/elastic_gpu_health_events.jsonl	hy-tmp/aggregate_regression_fix3_4c31d9cc/logs/elastic_gpu_health_events.jsonl	external_artifact
854aca3039e24b42613e16c081060d32c2274a7e9155ff84842417b9203b9e35	518	file	/hy-tmp/aggregate_regression_fix_303ece2d/logs/elastic_gpu_health_events.jsonl	hy-tmp/aggregate_regression_fix_303ece2d/logs/elastic_gpu_health_events.jsonl	external_artifact
583ac5a24a9f29f287e611c97e56813873be57348fc608d3b96ce72809194e00	25359	file	/hy-tmp/all_agents_integration_ee94c28f_20260724_150900.tar.gz	hy-tmp/all_agents_integration_ee94c28f_20260724_150900.tar.gz	external_artifact
338a4a6358a5fd270b8e7a23d758c51bcf0246182de764b4eb061ffd7486bf72	1294	file	/hy-tmp/all_agents_integration_ee94c28f_20260724_150900/aggregate_failures.txt	hy-tmp/all_agents_integration_ee94c28f_20260724_150900/aggregate_failures.txt	external_artifact
7a267181cf703541811bbc934006e40078daabe7276130cf9053baa62cec0645	86058	file	/hy-tmp/all_agents_integration_ee94c28f_20260724_150900/baseline_broad_blb.log	hy-tmp/all_agents_integration_ee94c28f_20260724_150900/baseline_broad_blb.log	external_artifact
4355a46b19d348dc2f57c046f8ef63d4538ebb936000f3c9ee954a27460dd865	2	file	/hy-tmp/all_agents_integration_ee94c28f_20260724_150900/baseline_broad_blb.rc	hy-tmp/all_agents_integration_ee94c28f_20260724_150900/baseline_broad_blb.rc	external_artifact
84507b81ee9406cc77536cfcd7a255c70239a578f3c8f23f96366e8f148450be	18431	file	/hy-tmp/all_agents_integration_ee94c28f_20260724_150900/baseline_failure_subset.log	hy-tmp/all_agents_integration_ee94c28f_20260724_150900/baseline_failure_subset.log	external_artifact
4355a46b19d348dc2f57c046f8ef63d4538ebb936000f3c9ee954a27460dd865	2	file	/hy-tmp/all_agents_integration_ee94c28f_20260724_150900/baseline_failure_subset.rc	hy-tmp/all_agents_integration_ee94c28f_20260724_150900/baseline_failure_subset.rc	external_artifact
338a4a6358a5fd270b8e7a23d758c51bcf0246182de764b4eb061ffd7486bf72	1294	file	/hy-tmp/all_agents_integration_ee94c28f_20260724_150900/baseline_failures.txt	hy-tmp/all_agents_integration_ee94c28f_20260724_150900/baseline_failures.txt	external_artifact
19e042247b69cd586d0fd3078a74e5c91d902f00c6916421c4fe464b1b82344d	86060	file	/hy-tmp/all_agents_integration_ee94c28f_20260724_150900/broad_blb.log	hy-tmp/all_agents_integration_ee94c28f_20260724_150900/broad_blb.log	external_artifact
4355a46b19d348dc2f57c046f8ef63d4538ebb936000f3c9ee954a27460dd865	2	file	/hy-tmp/all_agents_integration_ee94c28f_20260724_150900/broad_blb.rc	hy-tmp/all_agents_integration_ee94c28f_20260724_150900/broad_blb.rc	external_artifact
ab2edaecf9f5772d603c60e08cfc775e6633af58eca77bbe51c28b32ad03a601	105	file	/hy-tmp/all_agents_integration_ee94c28f_20260724_150900/bundle.sha256	hy-tmp/all_agents_integration_ee94c28f_20260724_150900/bundle.sha256	external_artifact
e3b0c44298fc1c149afbf4c8996fb92427ae41e4649b934ca495991b7852b855	0	file	/hy-tmp/all_agents_integration_ee94c28f_20260724_150900/failure_set.diff	hy-tmp/all_agents_integration_ee94c28f_20260724_150900/failure_set.diff	external_artifact
c99b6863064bc4fb5fd3f0b76435b0049714d97b2f0ada6845c34ccf9b2edef6	22	file	/hy-tmp/all_agents_integration_ee94c28f_20260724_150900/failure_set.status	hy-tmp/all_agents_integration_ee94c28f_20260724_150900/failure_set.status	external_artifact
4471df944e70cfb238433fb9758bc5329f99de3e3bed17fc25b6ef8697e3fa18	486	file	/hy-tmp/all_agents_integration_ee94c28f_20260724_150900/gpu_inventory.csv	hy-tmp/all_agents_integration_ee94c28f_20260724_150900/gpu_inventory.csv	external_artifact
e59c2e62a8bfadb5a1280ae1a4fa4c46fae4d8626f8e893b70be794ffbb3d096	66373	file	/hy-tmp/all_agents_integration_ee94c28f_20260724_150900/runtime_focused.log	hy-tmp/all_agents_integration_ee94c28f_20260724_150900/runtime_focused.log	external_artifact
4355a46b19d348dc2f57c046f8ef63d4538ebb936000f3c9ee954a27460dd865	2	file	/hy-tmp/all_agents_integration_ee94c28f_20260724_150900/runtime_focused.rc	hy-tmp/all_agents_integration_ee94c28f_20260724_150900/runtime_focused.rc	external_artifact
29dcb20d42687096e5ee6847f4df43b39a09ce49d66690a477a7ff979539ec6b	1305	file	/hy-tmp/all_agents_integration_ee94c28f_20260724_150900/runtime_focused_uuid.log	hy-tmp/all_agents_integration_ee94c28f_20260724_150900/runtime_focused_uuid.log	external_artifact
9a271f2a916b0b6ee6cecb2426f0b3206ef074578be55d9bc94f6f3fe3ab86aa	2	file	/hy-tmp/all_agents_integration_ee94c28f_20260724_150900/runtime_focused_uuid.rc	hy-tmp/all_agents_integration_ee94c28f_20260724_150900/runtime_focused_uuid.rc	external_artifact
8791e4b6a375fd0112cdbc6f78a95ae73a809fc83975a79dbec0f353c32b1ace	184	file	/hy-tmp/all_agents_integration_ee94c28f_20260724_150900/source_state.txt	hy-tmp/all_agents_integration_ee94c28f_20260724_150900/source_state.txt	external_artifact
6de996b8aa700457260484896592328842ba68301b5fb780eca24e310bf58579	99	file	/hy-tmp/all_agents_integration_ee94c28f_20260724_150900/targeted.log	hy-tmp/all_agents_integration_ee94c28f_20260724_150900/targeted.log	external_artifact
9a271f2a916b0b6ee6cecb2426f0b3206ef074578be55d9bc94f6f3fe3ab86aa	2	file	/hy-tmp/all_agents_integration_ee94c28f_20260724_150900/targeted.rc	hy-tmp/all_agents_integration_ee94c28f_20260724_150900/targeted.rc	external_artifact
583ac5a24a9f29f287e611c97e56813873be57348fc608d3b96ce72809194e00	25359	file	/hy-tmp/all_agents_integration_ee94c28f_20260724_150900_compact.tar.gz	hy-tmp/all_agents_integration_ee94c28f_20260724_150900_compact.tar.gz	external_artifact
1072bc6f89fe863b6d20f5a3bf54f3d811057191594d7e69a57e57e34c0629f1	484499	file	/hy-tmp/diff_premerge_823108bd.log	hy-tmp/diff_premerge_823108bd.log	external_artifact
952d1a230868780afb21fccd8a5257c12de49a7d48d9cb25253873617f6d1255	482819	file	/hy-tmp/diff_upstream_efc7e105.log	hy-tmp/diff_upstream_efc7e105.log	external_artifact
6ffee86156571480f5d95692fafc07898e2c0a3e9de24edaf6e346178fb319b9	518	file	/hy-tmp/elastic-comparator-green-a3248425/logs/elastic_gpu_health_events.jsonl	hy-tmp/elastic-comparator-green-a3248425/logs/elastic_gpu_health_events.jsonl	external_artifact
72f439db5fd142fbd20870b03e3b1d61b27ad2aa02ed9c04b39bf4f07cdce8e6	518	file	/hy-tmp/elastic-comparator-red-41184e91/logs/elastic_gpu_health_events.jsonl	hy-tmp/elastic-comparator-red-41184e91/logs/elastic_gpu_health_events.jsonl	external_artifact
90e54c4111feb2a32aab45b1edf71612522364c268e4772cdd25d891922de211	458858	file	/hy-tmp/elastic-rl-full-regression-adb5a80e-20260726_203144/pytest.log	hy-tmp/elastic-rl-full-regression-adb5a80e-20260726_203144/pytest.log	external_artifact
8b3a03855a6f3ff0dedaf12c31076ce958163e277024b58b044e4da54d7f8d53	518	file	/hy-tmp/elastic-rl-full-regression-adb5a80e-20260726_203144/supervisor/logs/elastic_gpu_health_events.jsonl	hy-tmp/elastic-rl-full-regression-adb5a80e-20260726_203144/supervisor/logs/elastic_gpu_health_events.jsonl	external_artifact
1dc510b99b2f5046e485cce67ecf6ed894f60e8007ae5f6e70545f406a555bf6	518	file	/hy-tmp/elastic-stage1-rng-green-2e63f1ee/logs/elastic_gpu_health_events.jsonl	hy-tmp/elastic-stage1-rng-green-2e63f1ee/logs/elastic_gpu_health_events.jsonl	external_artifact
310ba6e4781f2e9e7bff6ecfab03dd811e054ce7122948db8875e611bbbbaef7	518	file	/hy-tmp/elastic-stage1-rng-red-26621709/logs/elastic_gpu_health_events.jsonl	hy-tmp/elastic-stage1-rng-red-26621709/logs/elastic_gpu_health_events.jsonl	external_artifact
5e3f0aca7c1e5638ffeaa6864dbf248e78455d9355db2eedde757ab76d1d21a7	518	file	/hy-tmp/elastic_focused_e2deff1a/logs/elastic_gpu_health_events.jsonl	hy-tmp/elastic_focused_e2deff1a/logs/elastic_gpu_health_events.jsonl	external_artifact
be2ccde846db41423ebe37cb3cd5205b25097ee1248ad2581e958c5c0b6cae7d	518	file	/hy-tmp/elastic_green_boundary_e2deff1a/logs/elastic_gpu_health_events.jsonl	hy-tmp/elastic_green_boundary_e2deff1a/logs/elastic_gpu_health_events.jsonl	external_artifact
c3d78b9a5993c880eb1c6348e452c049f205270eaedf8f9daec7a4f73b0a5d42	518	file	/hy-tmp/elastic_green_speedup_823108bd/logs/elastic_gpu_health_events.jsonl	hy-tmp/elastic_green_speedup_823108bd/logs/elastic_gpu_health_events.jsonl	external_artifact
2967d6eb7955e8df8ec1671d0f8e161e3020f41425a0de452c477a0a9fca2580	518	file	/hy-tmp/elastic_red_boundary_2339e6c9/logs/elastic_gpu_health_events.jsonl	hy-tmp/elastic_red_boundary_2339e6c9/logs/elastic_gpu_health_events.jsonl	external_artifact
228dfc7c8c73abf5147b810ad900b14c2625a718804730350587cd3679c965a8	518	file	/hy-tmp/elastic_red_speedup_4b9b3a91/logs/elastic_gpu_health_events.jsonl	hy-tmp/elastic_red_speedup_4b9b3a91/logs/elastic_gpu_health_events.jsonl	external_artifact
7c5a838af5d69dd0510fe1c6651877ecbe6bf1ec40f50b2823d143f11f712482	79	file	/hy-tmp/elastic_rl_gpu_20260726/LATEST_STAGE2_1V4	hy-tmp/elastic_rl_gpu_20260726/LATEST_STAGE2_1V4	external_artifact
dbe969dddb7cc8cb9fd66bc0bd08a42cfd6b1ac8d3908b2b9101290dcaf205a8	627	file	/hy-tmp/elastic_rl_gpu_20260726/comparator_audit/exact_control_vs_edgefix_no_structured_823108bd.json	hy-tmp/elastic_rl_gpu_20260726/comparator_audit/exact_control_vs_edgefix_no_structured_823108bd.json	external_artifact
16f6b4a684176fdda22d6eed4ab43eacb0d967fdb3fdd299886cdf7f9a74a333	10301	file	/hy-tmp/elastic_rl_gpu_20260726/comparator_audit/exact_control_vs_edgefix_no_structured_e2deff1a.json	hy-tmp/elastic_rl_gpu_20260726/comparator_audit/exact_control_vs_edgefix_no_structured_e2deff1a.json	external_artifact
7fc45f8939cd88fc446ba62f71f6fe8ca252738cf3c56fc23f4ff3be4739387e	518	file	/hy-tmp/elastic_rl_gpu_20260726/comparator_audit/logs/elastic_gpu_health_events.jsonl	hy-tmp/elastic_rl_gpu_20260726/comparator_audit/logs/elastic_gpu_health_events.jsonl	external_artifact
5bbbcc709d57565ee901127fcfeb4e688a1d60b0713f195dcae9c0099e82df6d	7	file	/hy-tmp/elastic_rl_gpu_20260726/comparator_audit/pid	hy-tmp/elastic_rl_gpu_20260726/comparator_audit/pid	external_artifact
b5982dbd26a3999d46aaf07fb1f6a0d5317d2b6665a2f7f4be60979b340b4d89	282	file	/hy-tmp/elastic_rl_gpu_20260726/comparator_audit/stdout.log	hy-tmp/elastic_rl_gpu_20260726/comparator_audit/stdout.log	external_artifact
8223090abd9c0244abd31baf14ec82cff197011cea52fb5c58b5210afcb7210f	2290	file	/hy-tmp/elastic_rl_gpu_20260726/elastic_scaling_1_2_4_bankbatch_1f24cdfa.json	hy-tmp/elastic_rl_gpu_20260726/elastic_scaling_1_2_4_bankbatch_1f24cdfa.json	external_artifact
1a05ed42f80431609784414ecb05aaf553477c26cf76d49a1e78ff7ed6395818	6512	file	/hy-tmp/elastic_rl_gpu_20260726/final_evidence_2af7bd55.tar.gz	hy-tmp/elastic_rl_gpu_20260726/final_evidence_2af7bd55.tar.gz	external_artifact
d87e2d6bb4301ac6d0effcce97c918b987a00fa19fef05c20944ff10196c72b1	912	file	/hy-tmp/elastic_rl_gpu_20260726/final_evidence_2af7bd55/SHA256SUMS	hy-tmp/elastic_rl_gpu_20260726/final_evidence_2af7bd55/SHA256SUMS	external_artifact
7d163e7fa2db204aba2723b35c7fdfdcc0d0bf78242948c2a871c93708931fef	1036	file	/hy-tmp/elastic_rl_gpu_20260726/final_evidence_2af7bd55/fault_health_events.jsonl	hy-tmp/elastic_rl_gpu_20260726/final_evidence_2af7bd55/fault_health_events.jsonl	external_artifact
def5f3ab33e4970d4e2dd015c7bb3ce06d92ea1d052dede9ed9f4e7299d93406	456	file	/hy-tmp/elastic_rl_gpu_20260726/final_evidence_2af7bd55/fault_injection.json	hy-tmp/elastic_rl_gpu_20260726/final_evidence_2af7bd55/fault_injection.json	external_artifact
9068c9bd0e8cc79af810e88d4e0b104bc33db0c95d72cfa79c08b9915cdf4a25	2106	file	/hy-tmp/elastic_rl_gpu_20260726/final_evidence_2af7bd55/fault_run_verdict.txt	hy-tmp/elastic_rl_gpu_20260726/final_evidence_2af7bd55/fault_run_verdict.txt	external_artifact
69924d3e762614fde0b7eb8e765bc4135fa782e10a90513281088098d62cb97f	2791	file	/hy-tmp/elastic_rl_gpu_20260726/final_evidence_2af7bd55/fault_tolerance_summary.json	hy-tmp/elastic_rl_gpu_20260726/final_evidence_2af7bd55/fault_tolerance_summary.json	external_artifact
515f005e8b87863e019b985059da07e0d3e0162f048e44a0bab7444e22b2c806	249	file	/hy-tmp/elastic_rl_gpu_20260726/final_evidence_2af7bd55/focused_unittest.log	hy-tmp/elastic_rl_gpu_20260726/final_evidence_2af7bd55/focused_unittest.log	external_artifact
8aefaf807b2d41e06e97899c3c1ca9f3dacfcfebdbb20bd0821439216b62b7fc	31028	file	/hy-tmp/elastic_rl_gpu_20260726/final_evidence_2af7bd55/full_unittest.log	hy-tmp/elastic_rl_gpu_20260726/final_evidence_2af7bd55/full_unittest.log	external_artifact
83f94e129d30bc5ffe8164576c4301319ffb23dde3f72dd925737cede6168d1d	1610	file	/hy-tmp/elastic_rl_gpu_20260726/final_evidence_2af7bd55/pre_terminal_fix_health_events.jsonl	hy-tmp/elastic_rl_gpu_20260726/final_evidence_2af7bd55/pre_terminal_fix_health_events.jsonl	external_artifact
b818b8dc4bdd095e0823e3fadd90f8331a2fc3ee776f32f2f5b2e335da452e3c	1813	file	/hy-tmp/elastic_rl_gpu_20260726/final_evidence_2af7bd55/scaling_1v2_verdict.txt	hy-tmp/elastic_rl_gpu_20260726/final_evidence_2af7bd55/scaling_1v2_verdict.txt	external_artifact
c7c2bae17fecf8192a372273303732b90f3d48ac55e3799a8c4b47bdb4f9031d	2111	file	/hy-tmp/elastic_rl_gpu_20260726/final_evidence_2af7bd55/scaling_1v4_verdict.txt	hy-tmp/elastic_rl_gpu_20260726/final_evidence_2af7bd55/scaling_1v4_verdict.txt	external_artifact
030d4d227a97eaf174ee601cd040180fc076377c6667d0781f1c84e722a98cfa	627	file	/hy-tmp/elastic_rl_gpu_20260726/final_evidence_2af7bd55/strict_fault_equivalence.json	hy-tmp/elastic_rl_gpu_20260726/final_evidence_2af7bd55/strict_fault_equivalence.json	external_artifact
636e8c2a11ff34bb337211ffe21059dc35922681858facfd1d9f9879715456d1	41	file	/hy-tmp/elastic_rl_gpu_20260726/stage2_1v2_blarge_170_bankbatch_1f24cdfa_20260727_072638/HEAD.txt	hy-tmp/elastic_rl_gpu_20260726/stage2_1v2_blarge_170_bankbatch_1f24cdfa_20260727_072638/HEAD.txt	external_artifact
272e7844cb2a74ff63de6a595087d74ffb015d5223072b144640b942357a9ff9	3054	file	/hy-tmp/elastic_rl_gpu_20260726/stage2_1v2_blarge_170_bankbatch_1f24cdfa_20260727_072638/effective_commands.txt	hy-tmp/elastic_rl_gpu_20260726/stage2_1v2_blarge_170_bankbatch_1f24cdfa_20260727_072638/effective_commands.txt	external_artifact
eddca69336f0175d39574407f0aced5c936fbbdbdcda038803a1d13fb5bb9c1a	46	file	/hy-tmp/elastic_rl_gpu_20260726/stage2_1v2_blarge_170_bankbatch_1f24cdfa_20260727_072638/git_status_short.txt	hy-tmp/elastic_rl_gpu_20260726/stage2_1v2_blarge_170_bankbatch_1f24cdfa_20260727_072638/git_status_short.txt	external_artifact
64023d4f5506deda4bb6beb992f9104c0c481db08afdb37e1a09039770f1e584	339	file	/hy-tmp/elastic_rl_gpu_20260726/stage2_1v2_blarge_170_bankbatch_1f24cdfa_20260727_072638/gpu_inventory_pre.csv	hy-tmp/elastic_rl_gpu_20260726/stage2_1v2_blarge_170_bankbatch_1f24cdfa_20260727_072638/gpu_inventory_pre.csv	external_artifact
57ba8a36ae8799779e8e8d99df2e18e24a4021e1e42bfca4a80a9157b6c07416	2878005	file	/hy-tmp/elastic_rl_gpu_20260726/stage2_1v2_blarge_170_bankbatch_1f24cdfa_20260727_072638/many_episodes.jsonl	hy-tmp/elastic_rl_gpu_20260726/stage2_1v2_blarge_170_bankbatch_1f24cdfa_20260727_072638/many_episodes.jsonl	external_artifact
0793a80f414df8eaff371279641decf38ef3a3a318bad6c913d03710fd41d786	2251	file	/hy-tmp/elastic_rl_gpu_20260726/stage2_1v2_blarge_170_bankbatch_1f24cdfa_20260727_072638/many_gpu_utilization.json	hy-tmp/elastic_rl_gpu_20260726/stage2_1v2_blarge_170_bankbatch_1f24cdfa_20260727_072638/many_gpu_utilization.json	external_artifact
f182f7e4679527b715cc627c5a9cf850f811fcb76caea968c35e569a11fc191a	1243	file	/hy-tmp/elastic_rl_gpu_20260726/stage2_1v2_blarge_170_bankbatch_1f24cdfa_20260727_072638/many_gpu_utilization.md	hy-tmp/elastic_rl_gpu_20260726/stage2_1v2_blarge_170_bankbatch_1f24cdfa_20260727_072638/many_gpu_utilization.md	external_artifact
e9e9f6e8f04950af5dc8ecfb6dd95b385c19d383f9691bb52dfaee651de36907	7442	file	/hy-tmp/elastic_rl_gpu_20260726/stage2_1v2_blarge_170_bankbatch_1f24cdfa_20260727_072638/many_launch.log	hy-tmp/elastic_rl_gpu_20260726/stage2_1v2_blarge_170_bankbatch_1f24cdfa_20260727_072638/many_launch.log	external_artifact
c051dfc9f4e2a2f80820af4de021344b47c039f1316608d41d11b0869f62f75f	597530	file	/hy-tmp/elastic_rl_gpu_20260726/stage2_1v2_blarge_170_bankbatch_1f24cdfa_20260727_072638/many_nvidia_smi.csv	hy-tmp/elastic_rl_gpu_20260726/stage2_1v2_blarge_170_bankbatch_1f24cdfa_20260727_072638/many_nvidia_smi.csv	external_artifact
e09465c9efafc6722ef9cfc6b9e417f3171e9094cc5cd6bc7dfd38a585e2ccfe	236760	file	/hy-tmp/elastic_rl_gpu_20260726/stage2_1v2_blarge_170_bankbatch_1f24cdfa_20260727_072638/many_ppo_updates.jsonl	hy-tmp/elastic_rl_gpu_20260726/stage2_1v2_blarge_170_bankbatch_1f24cdfa_20260727_072638/many_ppo_updates.jsonl	external_artifact
bbea4fc9465ef09b1df8abda31962bae043354d3309a7bb51a7148ebe60567ce	5	file	/hy-tmp/elastic_rl_gpu_20260726/stage2_1v2_blarge_170_bankbatch_1f24cdfa_20260727_072638/many_wall_seconds.txt	hy-tmp/elastic_rl_gpu_20260726/stage2_1v2_blarge_170_bankbatch_1f24cdfa_20260727_072638/many_wall_seconds.txt	external_artifact
d31738ade79790ecf22c2ce7f90f049dc17888cbceac667efb4912f6371939d3	2876720	file	/hy-tmp/elastic_rl_gpu_20260726/stage2_1v2_blarge_170_bankbatch_1f24cdfa_20260727_072638/one_episodes.jsonl	hy-tmp/elastic_rl_gpu_20260726/stage2_1v2_blarge_170_bankbatch_1f24cdfa_20260727_072638/one_episodes.jsonl	external_artifact
60afc4ebb79fd370efb8c6b9d9e22e670a1277c4a3d1967fd4ab6d780b987efb	1998	file	/hy-tmp/elastic_rl_gpu_20260726/stage2_1v2_blarge_170_bankbatch_1f24cdfa_20260727_072638/one_gpu_utilization.json	hy-tmp/elastic_rl_gpu_20260726/stage2_1v2_blarge_170_bankbatch_1f24cdfa_20260727_072638/one_gpu_utilization.json	external_artifact
32caec7f6e44ddc25b662ad49576658706fabdcd78c45021647d1db3c0be068f	1121	file	/hy-tmp/elastic_rl_gpu_20260726/stage2_1v2_blarge_170_bankbatch_1f24cdfa_20260727_072638/one_gpu_utilization.md	hy-tmp/elastic_rl_gpu_20260726/stage2_1v2_blarge_170_bankbatch_1f24cdfa_20260727_072638/one_gpu_utilization.md	external_artifact
398eea22c92dea0b4653c7b5c338c59e04316087fd0c96afc77ec90c57fa52a3	7427	file	/hy-tmp/elastic_rl_gpu_20260726/stage2_1v2_blarge_170_bankbatch_1f24cdfa_20260727_072638/one_launch.log	hy-tmp/elastic_rl_gpu_20260726/stage2_1v2_blarge_170_bankbatch_1f24cdfa_20260727_072638/one_launch.log	external_artifact
8fe6582557e708422a0552442a7414b3f12ae58066dcf246f1ce8fe84ab9afc5	1123924	file	/hy-tmp/elastic_rl_gpu_20260726/stage2_1v2_blarge_170_bankbatch_1f24cdfa_20260727_072638/one_nvidia_smi.csv	hy-tmp/elastic_rl_gpu_20260726/stage2_1v2_blarge_170_bankbatch_1f24cdfa_20260727_072638/one_nvidia_smi.csv	external_artifact
3e62db70d2dceeb4a735ef0500a29486aa0013deb0a67d1a5e6017d9d5dffa08	236760	file	/hy-tmp/elastic_rl_gpu_20260726/stage2_1v2_blarge_170_bankbatch_1f24cdfa_20260727_072638/one_ppo_updates.jsonl	hy-tmp/elastic_rl_gpu_20260726/stage2_1v2_blarge_170_bankbatch_1f24cdfa_20260727_072638/one_ppo_updates.jsonl	external_artifact
9dea2e72dfb7aa9ecefcd29a6c85db115a6a6d27e54b223106cf645354ed0479	5	file	/hy-tmp/elastic_rl_gpu_20260726/stage2_1v2_blarge_170_bankbatch_1f24cdfa_20260727_072638/one_wall_seconds.txt	hy-tmp/elastic_rl_gpu_20260726/stage2_1v2_blarge_170_bankbatch_1f24cdfa_20260727_072638/one_wall_seconds.txt	external_artifact
0efd0b53595e1c52887d1b5929970dddfff9a661ed7c973e5f7a5596a2ada498	200	file	/hy-tmp/elastic_rl_gpu_20260726/stage2_1v2_blarge_170_bankbatch_1f24cdfa_20260727_072638/persistent_many/rl/bert-large/mrpc/.s1t0.001_s2t0.001_s2st2.0.stage2_rl.lock	hy-tmp/elastic_rl_gpu_20260726/stage2_1v2_blarge_170_bankbatch_1f24cdfa_20260727_072638/persistent_many/rl/bert-large/mrpc/.s1t0.001_s2t0.001_s2st2.0.stage2_rl.lock	external_artifact
038433f950928671688ba83adfdac9d27cbc9f86351c0a191af07f73b474e6d7	7	file	/hy-tmp/elastic_rl_gpu_20260726/stage2_1v2_blarge_170_bankbatch_1f24cdfa_20260727_072638/persistent_many/rl/bert-large/mrpc/LATEST_PID	hy-tmp/elastic_rl_gpu_20260726/stage2_1v2_blarge_170_bankbatch_1f24cdfa_20260727_072638/persistent_many/rl/bert-large/mrpc/LATEST_PID	external_artifact
fb24b04c34c186d660215f65dafc95663a7261cdf92250c643bdf54a22d84b74	150	file	/hy-tmp/elastic_rl_gpu_20260726/stage2_1v2_blarge_170_bankbatch_1f24cdfa_20260727_072638/persistent_many/rl/bert-large/mrpc/LATEST_RUN_DIR	hy-tmp/elastic_rl_gpu_20260726/stage2_1v2_blarge_170_bankbatch_1f24cdfa_20260727_072638/persistent_many/rl/bert-large/mrpc/LATEST_RUN_DIR	external_artifact
93add458d365131621aa0b184e9697594e47df463059defbeec8a43228530977	213	file	/hy-tmp/elastic_rl_gpu_20260726/stage2_1v2_blarge_170_bankbatch_1f24cdfa_20260727_072638/persistent_many/rl/bert-large/mrpc/s1t0.001_s2t0.001_s2st2.0/best_policy/constraint_metadata.json	hy-tmp/elastic_rl_gpu_20260726/stage2_1v2_blarge_170_bankbatch_1f24cdfa_20260727_072638/persistent_many/rl/bert-large/mrpc/s1t0.001_s2t0.001_s2st2.0/best_policy/constraint_metadata.json	external_artifact
fdc1574878ae65273c81da6811160faa25f35de79b0c30ba3a4194b1c5af0ba8	21948	file	/hy-tmp/elastic_rl_gpu_20260726/stage2_1v2_blarge_170_bankbatch_1f24cdfa_20260727_072638/persistent_many/rl/bert-large/mrpc/s1t0.001_s2t0.001_s2st2.0/logs/blb_stage2_rl.log	hy-tmp/elastic_rl_gpu_20260726/stage2_1v2_blarge_170_bankbatch_1f24cdfa_20260727_072638/persistent_many/rl/bert-large/mrpc/s1t0.001_s2t0.001_s2st2.0/logs/blb_stage2_rl.log	external_artifact
bd64966d12b68ed1940e5758eea016b5471d82bba359087bc2e50b574c029b50	413	file	/hy-tmp/elastic_rl_gpu_20260726/stage2_1v2_blarge_170_bankbatch_1f24cdfa_20260727_072638/persistent_many/rl/bert-large/mrpc/s1t0.001_s2t0.001_s2st2.0/logs/elastic_gpu_health_events.jsonl	hy-tmp/elastic_rl_gpu_20260726/stage2_1v2_blarge_170_bankbatch_1f24cdfa_20260727_072638/persistent_many/rl/bert-large/mrpc/s1t0.001_s2t0.001_s2st2.0/logs/elastic_gpu_health_events.jsonl	external_artifact
a2f5bbdd1fc2d77f9bb80e942ebda82cb5e662a2ad781a2c45818ba8c8525835	826	file	/hy-tmp/elastic_rl_gpu_20260726/stage2_1v2_blarge_170_bankbatch_1f24cdfa_20260727_072638/persistent_many/rl/bert-large/mrpc/s1t0.001_s2t0.001_s2st2.0/metadata.json	hy-tmp/elastic_rl_gpu_20260726/stage2_1v2_blarge_170_bankbatch_1f24cdfa_20260727_072638/persistent_many/rl/bert-large/mrpc/s1t0.001_s2t0.001_s2st2.0/metadata.json	external_artifact
038433f950928671688ba83adfdac9d27cbc9f86351c0a191af07f73b474e6d7	7	file	/hy-tmp/elastic_rl_gpu_20260726/stage2_1v2_blarge_170_bankbatch_1f24cdfa_20260727_072638/persistent_many/rl/bert-large/mrpc/s1t0.001_s2t0.001_s2st2.0/rl.pid	hy-tmp/elastic_rl_gpu_20260726/stage2_1v2_blarge_170_bankbatch_1f24cdfa_20260727_072638/persistent_many/rl/bert-large/mrpc/s1t0.001_s2t0.001_s2st2.0/rl.pid	external_artifact
038433f950928671688ba83adfdac9d27cbc9f86351c0a191af07f73b474e6d7	7	file	/hy-tmp/elastic_rl_gpu_20260726/stage2_1v2_blarge_170_bankbatch_1f24cdfa_20260727_072638/persistent_many/rl/bert-large/mrpc/s1t0.001_s2t0.001_s2st2.0/run.pid	hy-tmp/elastic_rl_gpu_20260726/stage2_1v2_blarge_170_bankbatch_1f24cdfa_20260727_072638/persistent_many/rl/bert-large/mrpc/s1t0.001_s2t0.001_s2st2.0/run.pid	external_artifact
dc536e82b5d461b7e0b39c6f490958facf8f4d36d779937962ed26ec392c29b9	1573	file	/hy-tmp/elastic_rl_gpu_20260726/stage2_1v2_blarge_170_bankbatch_1f24cdfa_20260727_072638/persistent_many/rl/bert-large/mrpc/s1t0.001_s2t0.001_s2st2.0/stage1/pruning_search_log.txt	hy-tmp/elastic_rl_gpu_20260726/stage2_1v2_blarge_170_bankbatch_1f24cdfa_20260727_072638/persistent_many/rl/bert-large/mrpc/s1t0.001_s2t0.001_s2st2.0/stage1/pruning_search_log.txt	external_artifact
b4eeed5d7ee7a5c3b3845f459b5e93d31b727fc1019c0df7bc6c262ee41107bd	1133	file	/hy-tmp/elastic_rl_gpu_20260726/stage2_1v2_blarge_170_bankbatch_1f24cdfa_20260727_072638/persistent_many/rl/bert-large/mrpc/s1t0.001_s2t0.001_s2st2.0/stage2_noise/progress/blb_stage2_live_summary.md	hy-tmp/elastic_rl_gpu_20260726/stage2_1v2_blarge_170_bankbatch_1f24cdfa_20260727_072638/persistent_many/rl/bert-large/mrpc/s1t0.001_s2t0.001_s2st2.0/stage2_noise/progress/blb_stage2_live_summary.md	external_artifact
eaa4a78e744698b6fa2a8f4f9b776f693ad4c52aa2351d4d55d9c84417a9b003	8378770	file	/hy-tmp/elastic_rl_gpu_20260726/stage2_1v2_blarge_170_bankbatch_1f24cdfa_20260727_072638/persistent_many/rl/bert-large/mrpc/s1t0.001_s2t0.001_s2st2.0/stage2_noise/progress/blb_stage2_rl_checkpoint_live.pt	hy-tmp/elastic_rl_gpu_20260726/stage2_1v2_blarge_170_bankbatch_1f24cdfa_20260727_072638/persistent_many/rl/bert-large/mrpc/s1t0.001_s2t0.001_s2st2.0/stage2_noise/progress/blb_stage2_rl_checkpoint_live.pt	external_artifact
64efa179ca7194be425f58acc45c8b8e5fb68260e81b7fdb12e4ea919e8349f4	303582	file	/hy-tmp/elastic_rl_gpu_20260726/stage2_1v2_blarge_170_bankbatch_1f24cdfa_20260727_072638/persistent_many/rl/bert-large/mrpc/s1t0.001_s2t0.001_s2st2.0/stage2_noise/progress/blb_stage2_status.json	hy-tmp/elastic_rl_gpu_20260726/stage2_1v2_blarge_170_bankbatch_1f24cdfa_20260727_072638/persistent_many/rl/bert-large/mrpc/s1t0.001_s2t0.001_s2st2.0/stage2_noise/progress/blb_stage2_status.json	external_artifact
a5075429ea93aa7f0cc17e78cce347b6c24fc1c4ffec49b10ad801722bec4817	10848	file	/hy-tmp/elastic_rl_gpu_20260726/stage2_1v2_blarge_170_bankbatch_1f24cdfa_20260727_072638/persistent_many/rl/bert-large/mrpc/s1t0.001_s2t0.001_s2st2.0/stage2_noise/progress/blb_stage2_training_curve.npz	hy-tmp/elastic_rl_gpu_20260726/stage2_1v2_blarge_170_bankbatch_1f24cdfa_20260727_072638/persistent_many/rl/bert-large/mrpc/s1t0.001_s2t0.001_s2st2.0/stage2_noise/progress/blb_stage2_training_curve.npz	external_artifact
19d6f0f4a992ba9abdc8d380665b1e0a06de5a4a95502993e7121fa66b0932db	11875257	file	/hy-tmp/elastic_rl_gpu_20260726/stage2_1v2_blarge_170_bankbatch_1f24cdfa_20260727_072638/persistent_many/rl/bert-large/mrpc/s1t0.001_s2t0.001_s2st2.0/stage2_noise/progress/candidate_store.jsonl	hy-tmp/elastic_rl_gpu_20260726/stage2_1v2_blarge_170_bankbatch_1f24cdfa_20260727_072638/persistent_many/rl/bert-large/mrpc/s1t0.001_s2t0.001_s2st2.0/stage2_noise/progress/candidate_store.jsonl	external_artifact
551b280d73f1d4ef561195ab39f390bbdb19a26518e6c9225b2981bcde0e7231	897802	file	/hy-tmp/elastic_rl_gpu_20260726/stage2_1v2_blarge_170_bankbatch_1f24cdfa_20260727_072638/persistent_many/rl/bert-large/mrpc/s1t0.001_s2t0.001_s2st2.0/stage2_noise/progress/diagnostics/action_histogram.npz	hy-tmp/elastic_rl_gpu_20260726/stage2_1v2_blarge_170_bankbatch_1f24cdfa_20260727_072638/persistent_many/rl/bert-large/mrpc/s1t0.001_s2t0.001_s2st2.0/stage2_noise/progress/diagnostics/action_histogram.npz	external_artifact
2ff9e22b824022e5d8b6ad754b6106baf165949c96d59bdb39696a7347f29567	1174524	file	/hy-tmp/elastic_rl_gpu_20260726/stage2_1v2_blarge_170_bankbatch_1f24cdfa_20260727_072638/persistent_many/rl/bert-large/mrpc/s1t0.001_s2t0.001_s2st2.0/stage2_noise/progress/diagnostics/baseline_action_vec.json	hy-tmp/elastic_rl_gpu_20260726/stage2_1v2_blarge_170_bankbatch_1f24cdfa_20260727_072638/persistent_many/rl/bert-large/mrpc/s1t0.001_s2t0.001_s2st2.0/stage2_noise/progress/diagnostics/baseline_action_vec.json	external_artifact
a55525b3f7b8db55e4372c3d6ab353a6226eac9b414ae3c64906166cefb1b382	1273168	file	/hy-tmp/elastic_rl_gpu_20260726/stage2_1v2_blarge_170_bankbatch_1f24cdfa_20260727_072638/persistent_many/rl/bert-large/mrpc/s1t0.001_s2t0.001_s2st2.0/stage2_noise/progress/diagnostics/best_action_vec.json	hy-tmp/elastic_rl_gpu_20260726/stage2_1v2_blarge_170_bankbatch_1f24cdfa_20260727_072638/persistent_many/rl/bert-large/mrpc/s1t0.001_s2t0.001_s2st2.0/stage2_noise/progress/diagnostics/best_action_vec.json	external_artifact
9a6eddaeaa7c72a1c49e3b22fa613fee6364b9a0d5fe890c2937a98ef096ccc5	123	file	/hy-tmp/elastic_rl_gpu_20260726/stage2_1v2_blarge_170_bankbatch_1f24cdfa_20260727_072638/persistent_many/rl/bert-large/mrpc/s1t0.001_s2t0.001_s2st2.0/stage2_noise/progress/diagnostics/blb_stage2_health.log	hy-tmp/elastic_rl_gpu_20260726/stage2_1v2_blarge_170_bankbatch_1f24cdfa_20260727_072638/persistent_many/rl/bert-large/mrpc/s1t0.001_s2t0.001_s2st2.0/stage2_noise/progress/diagnostics/blb_stage2_health.log	external_artifact
b4a9beec20c904eda5d5681f06bb658c42c4074ec63389fbf0d559720878931c	35641	file	/hy-tmp/elastic_rl_gpu_20260726/stage2_1v2_blarge_170_bankbatch_1f24cdfa_20260727_072638/persistent_many/rl/bert-large/mrpc/s1t0.001_s2t0.001_s2st2.0/stage2_noise/progress/diagnostics/diagnostics_summary.md	hy-tmp/elastic_rl_gpu_20260726/stage2_1v2_blarge_170_bankbatch_1f24cdfa_20260727_072638/persistent_many/rl/bert-large/mrpc/s1t0.001_s2t0.001_s2st2.0/stage2_noise/progress/diagnostics/diagnostics_summary.md	external_artifact
57ba8a36ae8799779e8e8d99df2e18e24a4021e1e42bfca4a80a9157b6c07416	2878005	file	/hy-tmp/elastic_rl_gpu_20260726/stage2_1v2_blarge_170_bankbatch_1f24cdfa_20260727_072638/persistent_many/rl/bert-large/mrpc/s1t0.001_s2t0.001_s2st2.0/stage2_noise/progress/diagnostics/episodes.jsonl	hy-tmp/elastic_rl_gpu_20260726/stage2_1v2_blarge_170_bankbatch_1f24cdfa_20260727_072638/persistent_many/rl/bert-large/mrpc/s1t0.001_s2t0.001_s2st2.0/stage2_noise/progress/diagnostics/episodes.jsonl	external_artifact
44136fa355b3678a1146ad16f7e8649e94fb4fc21fe77e8310c060f61caaff8a	2	file	/hy-tmp/elastic_rl_gpu_20260726/stage2_1v2_blarge_170_bankbatch_1f24cdfa_20260727_072638/persistent_many/rl/bert-large/mrpc/s1t0.001_s2t0.001_s2st2.0/stage2_noise/progress/diagnostics/first_invalid_counts.json	hy-tmp/elastic_rl_gpu_20260726/stage2_1v2_blarge_170_bankbatch_1f24cdfa_20260727_072638/persistent_many/rl/bert-large/mrpc/s1t0.001_s2t0.001_s2st2.0/stage2_noise/progress/diagnostics/first_invalid_counts.json	external_artifact
4a4bcb235e02abee1f43f215c09b226f2b23f83d58ab8cae6a5f39d2e7e65e92	3790	file	/hy-tmp/elastic_rl_gpu_20260726/stage2_1v2_blarge_170_bankbatch_1f24cdfa_20260727_072638/persistent_many/rl/bert-large/mrpc/s1t0.001_s2t0.001_s2st2.0/stage2_noise/progress/diagnostics/pareto_frontier.html	hy-tmp/elastic_rl_gpu_20260726/stage2_1v2_blarge_170_bankbatch_1f24cdfa_20260727_072638/persistent_many/rl/bert-large/mrpc/s1t0.001_s2t0.001_s2st2.0/stage2_noise/progress/diagnostics/pareto_frontier.html	external_artifact
3815fc6ada48e1a7f5bf52bfd6d6ca0f064b21ada8823db4e960bac679944043	5961253	file	/hy-tmp/elastic_rl_gpu_20260726/stage2_1v2_blarge_170_bankbatch_1f24cdfa_20260727_072638/persistent_many/rl/bert-large/mrpc/s1t0.001_s2t0.001_s2st2.0/stage2_noise/progress/diagnostics/pareto_frontier.json	hy-tmp/elastic_rl_gpu_20260726/stage2_1v2_blarge_170_bankbatch_1f24cdfa_20260727_072638/persistent_many/rl/bert-large/mrpc/s1t0.001_s2t0.001_s2st2.0/stage2_noise/progress/diagnostics/pareto_frontier.json	external_artifact
4668f3d2911dd77c52fdc9ac48361094e98adaa0597d6a7889f14de2bbd5e5e4	3259852	file	/hy-tmp/elastic_rl_gpu_20260726/stage2_1v2_blarge_170_bankbatch_1f24cdfa_20260727_072638/persistent_many/rl/bert-large/mrpc/s1t0.001_s2t0.001_s2st2.0/stage2_noise/progress/diagnostics/pareto_frontier.jsonl	hy-tmp/elastic_rl_gpu_20260726/stage2_1v2_blarge_170_bankbatch_1f24cdfa_20260727_072638/persistent_many/rl/bert-large/mrpc/s1t0.001_s2t0.001_s2st2.0/stage2_noise/progress/diagnostics/pareto_frontier.jsonl	external_artifact
e09465c9efafc6722ef9cfc6b9e417f3171e9094cc5cd6bc7dfd38a585e2ccfe	236760	file	/hy-tmp/elastic_rl_gpu_20260726/stage2_1v2_blarge_170_bankbatch_1f24cdfa_20260727_072638/persistent_many/rl/bert-large/mrpc/s1t0.001_s2t0.001_s2st2.0/stage2_noise/progress/diagnostics/ppo_updates.jsonl	hy-tmp/elastic_rl_gpu_20260726/stage2_1v2_blarge_170_bankbatch_1f24cdfa_20260727_072638/persistent_many/rl/bert-large/mrpc/s1t0.001_s2t0.001_s2st2.0/stage2_noise/progress/diagnostics/ppo_updates.jsonl	external_artifact
144b26c3d0889cf7573b5b936e89a3e8cb5ac48dc5a11b59766920f3a623169a	16251999	file	/hy-tmp/elastic_rl_gpu_20260726/stage2_1v2_blarge_170_bankbatch_1f24cdfa_20260727_072638/persistent_many/rl/bert-large/mrpc/s1t0.001_s2t0.001_s2st2.0/stage2_noise/progress/diagnostics/top_candidates.jsonl	hy-tmp/elastic_rl_gpu_20260726/stage2_1v2_blarge_170_bankbatch_1f24cdfa_20260727_072638/persistent_many/rl/bert-large/mrpc/s1t0.001_s2t0.001_s2st2.0/stage2_noise/progress/diagnostics/top_candidates.jsonl	external_artifact
f147e7404f34fed8fc79ec386126f59f9f78161f4f52a950e5e4794ad4b7f47f	341185	file	/hy-tmp/elastic_rl_gpu_20260726/stage2_1v2_blarge_170_bankbatch_1f24cdfa_20260727_072638/persistent_many/rl/bert-large/mrpc/s1t0.001_s2t0.001_s2st2.0/stage2_noise/progress/layerwise_run_manifest.json	hy-tmp/elastic_rl_gpu_20260726/stage2_1v2_blarge_170_bankbatch_1f24cdfa_20260727_072638/persistent_many/rl/bert-large/mrpc/s1t0.001_s2t0.001_s2st2.0/stage2_noise/progress/layerwise_run_manifest.json	external_artifact
fca755bb7daba1a98acf061e8ff3b4d3754762afeea442d384856ce27eb91572	383434	file	/hy-tmp/elastic_rl_gpu_20260726/stage2_1v2_blarge_170_bankbatch_1f24cdfa_20260727_072638/persistent_many/rl/bert-large/mrpc/s1t0.001_s2t0.001_s2st2.0/stage2_noise/progress/layerwise_summary.json	hy-tmp/elastic_rl_gpu_20260726/stage2_1v2_blarge_170_bankbatch_1f24cdfa_20260727_072638/persistent_many/rl/bert-large/mrpc/s1t0.001_s2t0.001_s2st2.0/stage2_noise/progress/layerwise_summary.json	external_artifact
3cb7128d99caa382b5b87ea8099d33bcea59c2ea6f5b582fac33cf780afd1475	177	file	/hy-tmp/elastic_rl_gpu_20260726/stage2_1v2_blarge_170_bankbatch_1f24cdfa_20260727_072638/persistent_many/rl/bert-large/mrpc/s1t0.001_s2t0.001_s2st2.0/stage2_noise/progress/rl_data_points_run_id.txt	hy-tmp/elastic_rl_gpu_20260726/stage2_1v2_blarge_170_bankbatch_1f24cdfa_20260727_072638/persistent_many/rl/bert-large/mrpc/s1t0.001_s2t0.001_s2st2.0/stage2_noise/progress/rl_data_points_run_id.txt	external_artifact
b5a8698df6ae13beaad6bcad60c86746dad324e6eee7d31685afee8d76052fee	5922	file	/hy-tmp/elastic_rl_gpu_20260726/stage2_1v2_blarge_170_bankbatch_1f24cdfa_20260727_072638/persistent_many/rl/bert-large/mrpc/s1t0.001_s2t0.001_s2st2.0/stage2_noise/pruning_search_log.txt	hy-tmp/elastic_rl_gpu_20260726/stage2_1v2_blarge_170_bankbatch_1f24cdfa_20260727_072638/persistent_many/rl/bert-large/mrpc/s1t0.001_s2t0.001_s2st2.0/stage2_noise/pruning_search_log.txt	external_artifact
0e0b98a1d0fc55451a46406835d1656ee0ab7323779b8519c2b4f1b5460adad5	367	file	/hy-tmp/elastic_rl_gpu_20260726/stage2_1v2_blarge_170_bankbatch_1f24cdfa_20260727_072638/runs.jsonl	hy-tmp/elastic_rl_gpu_20260726/stage2_1v2_blarge_170_bankbatch_1f24cdfa_20260727_072638/runs.jsonl	external_artifact
249b9cfccf1652f6e77e73317bad0c85b62a136c3057f0f6c7312d3a97f628ad	76	symlink	/hy-tmp/elastic_rl_gpu_20260726/stage2_1v2_blarge_170_bankbatch_1f24cdfa_20260727_072638/stage1/record	hy-tmp/elastic_rl_gpu_20260726/stage2_1v2_blarge_170_bankbatch_1f24cdfa_20260727_072638/stage1/record	external_artifact
b818b8dc4bdd095e0823e3fadd90f8331a2fc3ee776f32f2f5b2e335da452e3c	1813	file	/hy-tmp/elastic_rl_gpu_20260726/stage2_1v2_blarge_170_bankbatch_1f24cdfa_20260727_072638/stage2_ngpu_gate_verdict.txt	hy-tmp/elastic_rl_gpu_20260726/stage2_1v2_blarge_170_bankbatch_1f24cdfa_20260727_072638/stage2_ngpu_gate_verdict.txt	external_artifact
1d00e6d4dddee42a80e01505916b6345453c1c0629f33a634b19d3838d3acb59	14245	file	/hy-tmp/elastic_rl_gpu_20260726/stage2_1v2_blarge_170_bankbatch_1f24cdfa_20260727_072638/stage2_ngpu_speed_ab_stdout.log	hy-tmp/elastic_rl_gpu_20260726/stage2_1v2_blarge_170_bankbatch_1f24cdfa_20260727_072638/stage2_ngpu_speed_ab_stdout.log	external_artifact
0b3742e9a43a351b6a8390bfb48a3194ca5bcd3988e688e18701b4cf3dae610a	609	file	/hy-tmp/elastic_rl_gpu_20260726/stage2_1v2_blarge_170_bankbatch_1f24cdfa_20260727_072638/strict_scientific_equivalence.json	hy-tmp/elastic_rl_gpu_20260726/stage2_1v2_blarge_170_bankbatch_1f24cdfa_20260727_072638/strict_scientific_equivalence.json	external_artifact
ca466a342ceecd07937524ecd525a3ae9d12fd56ec1f4d18defe7fde5a52d356	14267	file	/hy-tmp/elastic_rl_gpu_20260726/stage2_1v2_blarge_170_bankbatch_1f24cdfa_20260727_072638_wrapper.nohup.log	hy-tmp/elastic_rl_gpu_20260726/stage2_1v2_blarge_170_bankbatch_1f24cdfa_20260727_072638_wrapper.nohup.log	external_artifact
8f5dca07ccaa2dcaf6e3b9aa086065cef2daea391065462b96537e985191521e	41	file	/hy-tmp/elastic_rl_gpu_20260726/stage2_1v3_blarge_170_bankbatch_7a9e1ce7_20260727_130450/HEAD.txt	hy-tmp/elastic_rl_gpu_20260726/stage2_1v3_blarge_170_bankbatch_7a9e1ce7_20260727_130450/HEAD.txt	external_artifact
f094fb05945d826335168e0baa75f1e591eb642c77bb8cf50b41f0d9fab53ec1	3060	file	/hy-tmp/elastic_rl_gpu_20260726/stage2_1v3_blarge_170_bankbatch_7a9e1ce7_20260727_130450/effective_commands.txt	hy-tmp/elastic_rl_gpu_20260726/stage2_1v3_blarge_170_bankbatch_7a9e1ce7_20260727_130450/effective_commands.txt	external_artifact
eddca69336f0175d39574407f0aced5c936fbbdbdcda038803a1d13fb5bb9c1a	46	file	/hy-tmp/elastic_rl_gpu_20260726/stage2_1v3_blarge_170_bankbatch_7a9e1ce7_20260727_130450/git_status_short.txt	hy-tmp/elastic_rl_gpu_20260726/stage2_1v3_blarge_170_bankbatch_7a9e1ce7_20260727_130450/git_status_short.txt	external_artifact
64023d4f5506deda4bb6beb992f9104c0c481db08afdb37e1a09039770f1e584	339	file	/hy-tmp/elastic_rl_gpu_20260726/stage2_1v3_blarge_170_bankbatch_7a9e1ce7_20260727_130450/gpu_inventory_pre.csv	hy-tmp/elastic_rl_gpu_20260726/stage2_1v3_blarge_170_bankbatch_7a9e1ce7_20260727_130450/gpu_inventory_pre.csv	external_artifact
0fc7090e84f6dda4d9e675c9487c1f9c0901fd25b56daf503d345c66c8c77752	2880698	file	/hy-tmp/elastic_rl_gpu_20260726/stage2_1v3_blarge_170_bankbatch_7a9e1ce7_20260727_130450/many_episodes.jsonl	hy-tmp/elastic_rl_gpu_20260726/stage2_1v3_blarge_170_bankbatch_7a9e1ce7_20260727_130450/many_episodes.jsonl	external_artifact
3bdbef2c6ebaf57456187e972ce8e0b5c79c9ffeea366ea7a71e3273ad3bad75	2524	file	/hy-tmp/elastic_rl_gpu_20260726/stage2_1v3_blarge_170_bankbatch_7a9e1ce7_20260727_130450/many_gpu_utilization.json	hy-tmp/elastic_rl_gpu_20260726/stage2_1v3_blarge_170_bankbatch_7a9e1ce7_20260727_130450/many_gpu_utilization.json	external_artifact
f5b63e7373807ddf3ce737d3200aa76a0a6636619ed7bf24a48da60d20efa751	1367	file	/hy-tmp/elastic_rl_gpu_20260726/stage2_1v3_blarge_170_bankbatch_7a9e1ce7_20260727_130450/many_gpu_utilization.md	hy-tmp/elastic_rl_gpu_20260726/stage2_1v3_blarge_170_bankbatch_7a9e1ce7_20260727_130450/many_gpu_utilization.md	external_artifact
fb952cd1ee7edf6eb4f902be96f62d302fb505e9b3f67cbb53f5621c10bbfa40	7447	file	/hy-tmp/elastic_rl_gpu_20260726/stage2_1v3_blarge_170_bankbatch_7a9e1ce7_20260727_130450/many_launch.log	hy-tmp/elastic_rl_gpu_20260726/stage2_1v3_blarge_170_bankbatch_7a9e1ce7_20260727_130450/many_launch.log	external_artifact
92707707bcbad4376ae544fa0a670b2e85fe0686d00dc5d02d6401042c863097	419381	file	/hy-tmp/elastic_rl_gpu_20260726/stage2_1v3_blarge_170_bankbatch_7a9e1ce7_20260727_130450/many_nvidia_smi.csv	hy-tmp/elastic_rl_gpu_20260726/stage2_1v3_blarge_170_bankbatch_7a9e1ce7_20260727_130450/many_nvidia_smi.csv	external_artifact
8671c9cabe84f54c4a2b9bc503bad36310a13dad77bae470e3314d23bd79da86	236761	file	/hy-tmp/elastic_rl_gpu_20260726/stage2_1v3_blarge_170_bankbatch_7a9e1ce7_20260727_130450/many_ppo_updates.jsonl	hy-tmp/elastic_rl_gpu_20260726/stage2_1v3_blarge_170_bankbatch_7a9e1ce7_20260727_130450/many_ppo_updates.jsonl	external_artifact
6fc246c1cdce5266f19b32fc4caceee462bd7dc59f5d9afa8f8941b05d544c90	5	file	/hy-tmp/elastic_rl_gpu_20260726/stage2_1v3_blarge_170_bankbatch_7a9e1ce7_20260727_130450/many_wall_seconds.txt	hy-tmp/elastic_rl_gpu_20260726/stage2_1v3_blarge_170_bankbatch_7a9e1ce7_20260727_130450/many_wall_seconds.txt	external_artifact
d31738ade79790ecf22c2ce7f90f049dc17888cbceac667efb4912f6371939d3	2876720	file	/hy-tmp/elastic_rl_gpu_20260726/stage2_1v3_blarge_170_bankbatch_7a9e1ce7_20260727_130450/one_episodes.jsonl	hy-tmp/elastic_rl_gpu_20260726/stage2_1v3_blarge_170_bankbatch_7a9e1ce7_20260727_130450/one_episodes.jsonl	external_artifact
60afc4ebb79fd370efb8c6b9d9e22e670a1277c4a3d1967fd4ab6d780b987efb	1998	file	/hy-tmp/elastic_rl_gpu_20260726/stage2_1v3_blarge_170_bankbatch_7a9e1ce7_20260727_130450/one_gpu_utilization.json	hy-tmp/elastic_rl_gpu_20260726/stage2_1v3_blarge_170_bankbatch_7a9e1ce7_20260727_130450/one_gpu_utilization.json	external_artifact
32caec7f6e44ddc25b662ad49576658706fabdcd78c45021647d1db3c0be068f	1121	file	/hy-tmp/elastic_rl_gpu_20260726/stage2_1v3_blarge_170_bankbatch_7a9e1ce7_20260727_130450/one_gpu_utilization.md	hy-tmp/elastic_rl_gpu_20260726/stage2_1v3_blarge_170_bankbatch_7a9e1ce7_20260727_130450/one_gpu_utilization.md	external_artifact
398eea22c92dea0b4653c7b5c338c59e04316087fd0c96afc77ec90c57fa52a3	7427	file	/hy-tmp/elastic_rl_gpu_20260726/stage2_1v3_blarge_170_bankbatch_7a9e1ce7_20260727_130450/one_launch.log	hy-tmp/elastic_rl_gpu_20260726/stage2_1v3_blarge_170_bankbatch_7a9e1ce7_20260727_130450/one_launch.log	external_artifact
8fe6582557e708422a0552442a7414b3f12ae58066dcf246f1ce8fe84ab9afc5	1123924	file	/hy-tmp/elastic_rl_gpu_20260726/stage2_1v3_blarge_170_bankbatch_7a9e1ce7_20260727_130450/one_nvidia_smi.csv	hy-tmp/elastic_rl_gpu_20260726/stage2_1v3_blarge_170_bankbatch_7a9e1ce7_20260727_130450/one_nvidia_smi.csv	external_artifact
3e62db70d2dceeb4a735ef0500a29486aa0013deb0a67d1a5e6017d9d5dffa08	236760	file	/hy-tmp/elastic_rl_gpu_20260726/stage2_1v3_blarge_170_bankbatch_7a9e1ce7_20260727_130450/one_ppo_updates.jsonl	hy-tmp/elastic_rl_gpu_20260726/stage2_1v3_blarge_170_bankbatch_7a9e1ce7_20260727_130450/one_ppo_updates.jsonl	external_artifact
9dea2e72dfb7aa9ecefcd29a6c85db115a6a6d27e54b223106cf645354ed0479	5	file	/hy-tmp/elastic_rl_gpu_20260726/stage2_1v3_blarge_170_bankbatch_7a9e1ce7_20260727_130450/one_wall_seconds.txt	hy-tmp/elastic_rl_gpu_20260726/stage2_1v3_blarge_170_bankbatch_7a9e1ce7_20260727_130450/one_wall_seconds.txt	external_artifact
7bfa4462f088b13464b017ef08643ac887292abe0b12e34876fb48217a1f79c9	200	file	/hy-tmp/elastic_rl_gpu_20260726/stage2_1v3_blarge_170_bankbatch_7a9e1ce7_20260727_130450/persistent_many/rl/bert-large/mrpc/.s1t0.001_s2t0.001_s2st2.0.stage2_rl.lock	hy-tmp/elastic_rl_gpu_20260726/stage2_1v3_blarge_170_bankbatch_7a9e1ce7_20260727_130450/persistent_many/rl/bert-large/mrpc/.s1t0.001_s2t0.001_s2st2.0.stage2_rl.lock	external_artifact
2a877bb57496431692d4d0f125e1bcf3470092584e6ff364f64fba8152c89640	7	file	/hy-tmp/elastic_rl_gpu_20260726/stage2_1v3_blarge_170_bankbatch_7a9e1ce7_20260727_130450/persistent_many/rl/bert-large/mrpc/LATEST_PID	hy-tmp/elastic_rl_gpu_20260726/stage2_1v3_blarge_170_bankbatch_7a9e1ce7_20260727_130450/persistent_many/rl/bert-large/mrpc/LATEST_PID	external_artifact
e4414d8aed057b879beb16201b07d06ee7a2fccfee4246c93ba7a5549a8e344a	150	file	/hy-tmp/elastic_rl_gpu_20260726/stage2_1v3_blarge_170_bankbatch_7a9e1ce7_20260727_130450/persistent_many/rl/bert-large/mrpc/LATEST_RUN_DIR	hy-tmp/elastic_rl_gpu_20260726/stage2_1v3_blarge_170_bankbatch_7a9e1ce7_20260727_130450/persistent_many/rl/bert-large/mrpc/LATEST_RUN_DIR	external_artifact
93add458d365131621aa0b184e9697594e47df463059defbeec8a43228530977	213	file	/hy-tmp/elastic_rl_gpu_20260726/stage2_1v3_blarge_170_bankbatch_7a9e1ce7_20260727_130450/persistent_many/rl/bert-large/mrpc/s1t0.001_s2t0.001_s2st2.0/best_policy/constraint_metadata.json	hy-tmp/elastic_rl_gpu_20260726/stage2_1v3_blarge_170_bankbatch_7a9e1ce7_20260727_130450/persistent_many/rl/bert-large/mrpc/s1t0.001_s2t0.001_s2st2.0/best_policy/constraint_metadata.json	external_artifact
461c4ffc2a7a88f594a4fe796622ef25c475a66151b790a2f2638a6966e4eec9	28850	file	/hy-tmp/elastic_rl_gpu_20260726/stage2_1v3_blarge_170_bankbatch_7a9e1ce7_20260727_130450/persistent_many/rl/bert-large/mrpc/s1t0.001_s2t0.001_s2st2.0/logs/blb_stage2_rl.log	hy-tmp/elastic_rl_gpu_20260726/stage2_1v3_blarge_170_bankbatch_7a9e1ce7_20260727_130450/persistent_many/rl/bert-large/mrpc/s1t0.001_s2t0.001_s2st2.0/logs/blb_stage2_rl.log	external_artifact
959b04fda1cae75c619c35ebfe244a276de0fb71a5e9666412ad267dded08d45	464	file	/hy-tmp/elastic_rl_gpu_20260726/stage2_1v3_blarge_170_bankbatch_7a9e1ce7_20260727_130450/persistent_many/rl/bert-large/mrpc/s1t0.001_s2t0.001_s2st2.0/logs/elastic_gpu_health_events.jsonl	hy-tmp/elastic_rl_gpu_20260726/stage2_1v3_blarge_170_bankbatch_7a9e1ce7_20260727_130450/persistent_many/rl/bert-large/mrpc/s1t0.001_s2t0.001_s2st2.0/logs/elastic_gpu_health_events.jsonl	external_artifact
d0f69b9b5d8b8a9a45df6aff772aeda91e65e62f9892423a0e30aa5d0e0c63f0	826	file	/hy-tmp/elastic_rl_gpu_20260726/stage2_1v3_blarge_170_bankbatch_7a9e1ce7_20260727_130450/persistent_many/rl/bert-large/mrpc/s1t0.001_s2t0.001_s2st2.0/metadata.json	hy-tmp/elastic_rl_gpu_20260726/stage2_1v3_blarge_170_bankbatch_7a9e1ce7_20260727_130450/persistent_many/rl/bert-large/mrpc/s1t0.001_s2t0.001_s2st2.0/metadata.json	external_artifact
2a877bb57496431692d4d0f125e1bcf3470092584e6ff364f64fba8152c89640	7	file	/hy-tmp/elastic_rl_gpu_20260726/stage2_1v3_blarge_170_bankbatch_7a9e1ce7_20260727_130450/persistent_many/rl/bert-large/mrpc/s1t0.001_s2t0.001_s2st2.0/rl.pid	hy-tmp/elastic_rl_gpu_20260726/stage2_1v3_blarge_170_bankbatch_7a9e1ce7_20260727_130450/persistent_many/rl/bert-large/mrpc/s1t0.001_s2t0.001_s2st2.0/rl.pid	external_artifact
2a877bb57496431692d4d0f125e1bcf3470092584e6ff364f64fba8152c89640	7	file	/hy-tmp/elastic_rl_gpu_20260726/stage2_1v3_blarge_170_bankbatch_7a9e1ce7_20260727_130450/persistent_many/rl/bert-large/mrpc/s1t0.001_s2t0.001_s2st2.0/run.pid	hy-tmp/elastic_rl_gpu_20260726/stage2_1v3_blarge_170_bankbatch_7a9e1ce7_20260727_130450/persistent_many/rl/bert-large/mrpc/s1t0.001_s2t0.001_s2st2.0/run.pid	external_artifact
2042ccd97e69a398adc9f49ae57f403fbf1aff06b0f36dbbc9b06bd1c5f19052	1573	file	/hy-tmp/elastic_rl_gpu_20260726/stage2_1v3_blarge_170_bankbatch_7a9e1ce7_20260727_130450/persistent_many/rl/bert-large/mrpc/s1t0.001_s2t0.001_s2st2.0/stage1/pruning_search_log.txt	hy-tmp/elastic_rl_gpu_20260726/stage2_1v3_blarge_170_bankbatch_7a9e1ce7_20260727_130450/persistent_many/rl/bert-large/mrpc/s1t0.001_s2t0.001_s2st2.0/stage1/pruning_search_log.txt	external_artifact
ce4ea855ce9d48d71fb68edef3cd7807127093088d39a4bb3f0a4751dd51f24a	1133	file	/hy-tmp/elastic_rl_gpu_20260726/stage2_1v3_blarge_170_bankbatch_7a9e1ce7_20260727_130450/persistent_many/rl/bert-large/mrpc/s1t0.001_s2t0.001_s2st2.0/stage2_noise/progress/blb_stage2_live_summary.md	hy-tmp/elastic_rl_gpu_20260726/stage2_1v3_blarge_170_bankbatch_7a9e1ce7_20260727_130450/persistent_many/rl/bert-large/mrpc/s1t0.001_s2t0.001_s2st2.0/stage2_noise/progress/blb_stage2_live_summary.md	external_artifact
d6cfa0e14c82fb6822b050e2ad0d91172b5c258cf44b75ef89f8053a92eac2ee	8379049	file	/hy-tmp/elastic_rl_gpu_20260726/stage2_1v3_blarge_170_bankbatch_7a9e1ce7_20260727_130450/persistent_many/rl/bert-large/mrpc/s1t0.001_s2t0.001_s2st2.0/stage2_noise/progress/blb_stage2_rl_checkpoint_live.pt	hy-tmp/elastic_rl_gpu_20260726/stage2_1v3_blarge_170_bankbatch_7a9e1ce7_20260727_130450/persistent_many/rl/bert-large/mrpc/s1t0.001_s2t0.001_s2st2.0/stage2_noise/progress/blb_stage2_rl_checkpoint_live.pt	external_artifact
cb53e9440037a1a5ff45d705a71dc872096725a140f512d3dfa3275e47a8475d	303582	file	/hy-tmp/elastic_rl_gpu_20260726/stage2_1v3_blarge_170_bankbatch_7a9e1ce7_20260727_130450/persistent_many/rl/bert-large/mrpc/s1t0.001_s2t0.001_s2st2.0/stage2_noise/progress/blb_stage2_status.json	hy-tmp/elastic_rl_gpu_20260726/stage2_1v3_blarge_170_bankbatch_7a9e1ce7_20260727_130450/persistent_many/rl/bert-large/mrpc/s1t0.001_s2t0.001_s2st2.0/stage2_noise/progress/blb_stage2_status.json	external_artifact
a5075429ea93aa7f0cc17e78cce347b6c24fc1c4ffec49b10ad801722bec4817	10848	file	/hy-tmp/elastic_rl_gpu_20260726/stage2_1v3_blarge_170_bankbatch_7a9e1ce7_20260727_130450/persistent_many/rl/bert-large/mrpc/s1t0.001_s2t0.001_s2st2.0/stage2_noise/progress/blb_stage2_training_curve.npz	hy-tmp/elastic_rl_gpu_20260726/stage2_1v3_blarge_170_bankbatch_7a9e1ce7_20260727_130450/persistent_many/rl/bert-large/mrpc/s1t0.001_s2t0.001_s2st2.0/stage2_noise/progress/blb_stage2_training_curve.npz	external_artifact
cc8e31f06920ddf61f18e8e91d1061f7d3168449a7a5955afc41bf6fab4241d2	11875257	file	/hy-tmp/elastic_rl_gpu_20260726/stage2_1v3_blarge_170_bankbatch_7a9e1ce7_20260727_130450/persistent_many/rl/bert-large/mrpc/s1t0.001_s2t0.001_s2st2.0/stage2_noise/progress/candidate_store.jsonl	hy-tmp/elastic_rl_gpu_20260726/stage2_1v3_blarge_170_bankbatch_7a9e1ce7_20260727_130450/persistent_many/rl/bert-large/mrpc/s1t0.001_s2t0.001_s2st2.0/stage2_noise/progress/candidate_store.jsonl	external_artifact
551b280d73f1d4ef561195ab39f390bbdb19a26518e6c9225b2981bcde0e7231	897802	file	/hy-tmp/elastic_rl_gpu_20260726/stage2_1v3_blarge_170_bankbatch_7a9e1ce7_20260727_130450/persistent_many/rl/bert-large/mrpc/s1t0.001_s2t0.001_s2st2.0/stage2_noise/progress/diagnostics/action_histogram.npz	hy-tmp/elastic_rl_gpu_20260726/stage2_1v3_blarge_170_bankbatch_7a9e1ce7_20260727_130450/persistent_many/rl/bert-large/mrpc/s1t0.001_s2t0.001_s2st2.0/stage2_noise/progress/diagnostics/action_histogram.npz	external_artifact
2ff9e22b824022e5d8b6ad754b6106baf165949c96d59bdb39696a7347f29567	1174524	file	/hy-tmp/elastic_rl_gpu_20260726/stage2_1v3_blarge_170_bankbatch_7a9e1ce7_20260727_130450/persistent_many/rl/bert-large/mrpc/s1t0.001_s2t0.001_s2st2.0/stage2_noise/progress/diagnostics/baseline_action_vec.json	hy-tmp/elastic_rl_gpu_20260726/stage2_1v3_blarge_170_bankbatch_7a9e1ce7_20260727_130450/persistent_many/rl/bert-large/mrpc/s1t0.001_s2t0.001_s2st2.0/stage2_noise/progress/diagnostics/baseline_action_vec.json	external_artifact
3916aa384244a0d0d2a13d51d95bf87eae5a7f2cc9bb4ac85f53010a62ea7d64	1273168	file	/hy-tmp/elastic_rl_gpu_20260726/stage2_1v3_blarge_170_bankbatch_7a9e1ce7_20260727_130450/persistent_many/rl/bert-large/mrpc/s1t0.001_s2t0.001_s2st2.0/stage2_noise/progress/diagnostics/best_action_vec.json	hy-tmp/elastic_rl_gpu_20260726/stage2_1v3_blarge_170_bankbatch_7a9e1ce7_20260727_130450/persistent_many/rl/bert-large/mrpc/s1t0.001_s2t0.001_s2st2.0/stage2_noise/progress/diagnostics/best_action_vec.json	external_artifact
e40ca7ce15f949ea090ce73e2b00df7816454691358c5f9e128bd7e6c8faa23e	123	file	/hy-tmp/elastic_rl_gpu_20260726/stage2_1v3_blarge_170_bankbatch_7a9e1ce7_20260727_130450/persistent_many/rl/bert-large/mrpc/s1t0.001_s2t0.001_s2st2.0/stage2_noise/progress/diagnostics/blb_stage2_health.log	hy-tmp/elastic_rl_gpu_20260726/stage2_1v3_blarge_170_bankbatch_7a9e1ce7_20260727_130450/persistent_many/rl/bert-large/mrpc/s1t0.001_s2t0.001_s2st2.0/stage2_noise/progress/diagnostics/blb_stage2_health.log	external_artifact
9ca6cf59b3d99443db2b8f0638c075f939dfd9204db8d2d4b26d5ee028df1a7b	35639	file	/hy-tmp/elastic_rl_gpu_20260726/stage2_1v3_blarge_170_bankbatch_7a9e1ce7_20260727_130450/persistent_many/rl/bert-large/mrpc/s1t0.001_s2t0.001_s2st2.0/stage2_noise/progress/diagnostics/diagnostics_summary.md	hy-tmp/elastic_rl_gpu_20260726/stage2_1v3_blarge_170_bankbatch_7a9e1ce7_20260727_130450/persistent_many/rl/bert-large/mrpc/s1t0.001_s2t0.001_s2st2.0/stage2_noise/progress/diagnostics/diagnostics_summary.md	external_artifact
0fc7090e84f6dda4d9e675c9487c1f9c0901fd25b56daf503d345c66c8c77752	2880698	file	/hy-tmp/elastic_rl_gpu_20260726/stage2_1v3_blarge_170_bankbatch_7a9e1ce7_20260727_130450/persistent_many/rl/bert-large/mrpc/s1t0.001_s2t0.001_s2st2.0/stage2_noise/progress/diagnostics/episodes.jsonl	hy-tmp/elastic_rl_gpu_20260726/stage2_1v3_blarge_170_bankbatch_7a9e1ce7_20260727_130450/persistent_many/rl/bert-large/mrpc/s1t0.001_s2t0.001_s2st2.0/stage2_noise/progress/diagnostics/episodes.jsonl	external_artifact
44136fa355b3678a1146ad16f7e8649e94fb4fc21fe77e8310c060f61caaff8a	2	file	/hy-tmp/elastic_rl_gpu_20260726/stage2_1v3_blarge_170_bankbatch_7a9e1ce7_20260727_130450/persistent_many/rl/bert-large/mrpc/s1t0.001_s2t0.001_s2st2.0/stage2_noise/progress/diagnostics/first_invalid_counts.json	hy-tmp/elastic_rl_gpu_20260726/stage2_1v3_blarge_170_bankbatch_7a9e1ce7_20260727_130450/persistent_many/rl/bert-large/mrpc/s1t0.001_s2t0.001_s2st2.0/stage2_noise/progress/diagnostics/first_invalid_counts.json	external_artifact
4a4bcb235e02abee1f43f215c09b226f2b23f83d58ab8cae6a5f39d2e7e65e92	3790	file	/hy-tmp/elastic_rl_gpu_20260726/stage2_1v3_blarge_170_bankbatch_7a9e1ce7_20260727_130450/persistent_many/rl/bert-large/mrpc/s1t0.001_s2t0.001_s2st2.0/stage2_noise/progress/diagnostics/pareto_frontier.html	hy-tmp/elastic_rl_gpu_20260726/stage2_1v3_blarge_170_bankbatch_7a9e1ce7_20260727_130450/persistent_many/rl/bert-large/mrpc/s1t0.001_s2t0.001_s2st2.0/stage2_noise/progress/diagnostics/pareto_frontier.html	external_artifact
26ff78597233c7c8993b5aca06921701b10340e54ba898fad9fc697584c6c6ef	5961253	file	/hy-tmp/elastic_rl_gpu_20260726/stage2_1v3_blarge_170_bankbatch_7a9e1ce7_20260727_130450/persistent_many/rl/bert-large/mrpc/s1t0.001_s2t0.001_s2st2.0/stage2_noise/progress/diagnostics/pareto_frontier.json	hy-tmp/elastic_rl_gpu_20260726/stage2_1v3_blarge_170_bankbatch_7a9e1ce7_20260727_130450/persistent_many/rl/bert-large/mrpc/s1t0.001_s2t0.001_s2st2.0/stage2_noise/progress/diagnostics/pareto_frontier.json	external_artifact
4668f3d2911dd77c52fdc9ac48361094e98adaa0597d6a7889f14de2bbd5e5e4	3259852	file	/hy-tmp/elastic_rl_gpu_20260726/stage2_1v3_blarge_170_bankbatch_7a9e1ce7_20260727_130450/persistent_many/rl/bert-large/mrpc/s1t0.001_s2t0.001_s2st2.0/stage2_noise/progress/diagnostics/pareto_frontier.jsonl	hy-tmp/elastic_rl_gpu_20260726/stage2_1v3_blarge_170_bankbatch_7a9e1ce7_20260727_130450/persistent_many/rl/bert-large/mrpc/s1t0.001_s2t0.001_s2st2.0/stage2_noise/progress/diagnostics/pareto_frontier.jsonl	external_artifact
8671c9cabe84f54c4a2b9bc503bad36310a13dad77bae470e3314d23bd79da86	236761	file	/hy-tmp/elastic_rl_gpu_20260726/stage2_1v3_blarge_170_bankbatch_7a9e1ce7_20260727_130450/persistent_many/rl/bert-large/mrpc/s1t0.001_s2t0.001_s2st2.0/stage2_noise/progress/diagnostics/ppo_updates.jsonl	hy-tmp/elastic_rl_gpu_20260726/stage2_1v3_blarge_170_bankbatch_7a9e1ce7_20260727_130450/persistent_many/rl/bert-large/mrpc/s1t0.001_s2t0.001_s2st2.0/stage2_noise/progress/diagnostics/ppo_updates.jsonl	external_artifact
144b26c3d0889cf7573b5b936e89a3e8cb5ac48dc5a11b59766920f3a623169a	16251999	file	/hy-tmp/elastic_rl_gpu_20260726/stage2_1v3_blarge_170_bankbatch_7a9e1ce7_20260727_130450/persistent_many/rl/bert-large/mrpc/s1t0.001_s2t0.001_s2st2.0/stage2_noise/progress/diagnostics/top_candidates.jsonl	hy-tmp/elastic_rl_gpu_20260726/stage2_1v3_blarge_170_bankbatch_7a9e1ce7_20260727_130450/persistent_many/rl/bert-large/mrpc/s1t0.001_s2t0.001_s2st2.0/stage2_noise/progress/diagnostics/top_candidates.jsonl	external_artifact
07c2e2350fab591ffc40c9b7440d4f38b220bd6c0e99d2a79d6d0d2b1594bc25	341185	file	/hy-tmp/elastic_rl_gpu_20260726/stage2_1v3_blarge_170_bankbatch_7a9e1ce7_20260727_130450/persistent_many/rl/bert-large/mrpc/s1t0.001_s2t0.001_s2st2.0/stage2_noise/progress/layerwise_run_manifest.json	hy-tmp/elastic_rl_gpu_20260726/stage2_1v3_blarge_170_bankbatch_7a9e1ce7_20260727_130450/persistent_many/rl/bert-large/mrpc/s1t0.001_s2t0.001_s2st2.0/stage2_noise/progress/layerwise_run_manifest.json	external_artifact
9762637e11c35b17c5ba21f58da3d5c567194470a6b72beed1300d990274835a	383434	file	/hy-tmp/elastic_rl_gpu_20260726/stage2_1v3_blarge_170_bankbatch_7a9e1ce7_20260727_130450/persistent_many/rl/bert-large/mrpc/s1t0.001_s2t0.001_s2st2.0/stage2_noise/progress/layerwise_summary.json	hy-tmp/elastic_rl_gpu_20260726/stage2_1v3_blarge_170_bankbatch_7a9e1ce7_20260727_130450/persistent_many/rl/bert-large/mrpc/s1t0.001_s2t0.001_s2st2.0/stage2_noise/progress/layerwise_summary.json	external_artifact
e27cf24be842a717c93b94087a76c142b65bb497ca29f987bb961f746a579049	177	file	/hy-tmp/elastic_rl_gpu_20260726/stage2_1v3_blarge_170_bankbatch_7a9e1ce7_20260727_130450/persistent_many/rl/bert-large/mrpc/s1t0.001_s2t0.001_s2st2.0/stage2_noise/progress/rl_data_points_run_id.txt	hy-tmp/elastic_rl_gpu_20260726/stage2_1v3_blarge_170_bankbatch_7a9e1ce7_20260727_130450/persistent_many/rl/bert-large/mrpc/s1t0.001_s2t0.001_s2st2.0/stage2_noise/progress/rl_data_points_run_id.txt	external_artifact
a05e53d660d30fe5772c1bd06c6bd7cb47db0adcbdeb1032c5e9aed6c9d64877	6009	file	/hy-tmp/elastic_rl_gpu_20260726/stage2_1v3_blarge_170_bankbatch_7a9e1ce7_20260727_130450/persistent_many/rl/bert-large/mrpc/s1t0.001_s2t0.001_s2st2.0/stage2_noise/pruning_search_log.txt	hy-tmp/elastic_rl_gpu_20260726/stage2_1v3_blarge_170_bankbatch_7a9e1ce7_20260727_130450/persistent_many/rl/bert-large/mrpc/s1t0.001_s2t0.001_s2st2.0/stage2_noise/pruning_search_log.txt	external_artifact
5aebaf50718414fcf03707e68c2aa3591b4ed0e74224a45b3b878f11815491e3	369	file	/hy-tmp/elastic_rl_gpu_20260726/stage2_1v3_blarge_170_bankbatch_7a9e1ce7_20260727_130450/runs.jsonl	hy-tmp/elastic_rl_gpu_20260726/stage2_1v3_blarge_170_bankbatch_7a9e1ce7_20260727_130450/runs.jsonl	external_artifact
249b9cfccf1652f6e77e73317bad0c85b62a136c3057f0f6c7312d3a97f628ad	76	symlink	/hy-tmp/elastic_rl_gpu_20260726/stage2_1v3_blarge_170_bankbatch_7a9e1ce7_20260727_130450/stage1/record	hy-tmp/elastic_rl_gpu_20260726/stage2_1v3_blarge_170_bankbatch_7a9e1ce7_20260727_130450/stage1/record	external_artifact
5201bd9f7a03eb5143587c2b07615abbf7fbc5a50e75fd0cdbd22736557df1f6	1961	file	/hy-tmp/elastic_rl_gpu_20260726/stage2_1v3_blarge_170_bankbatch_7a9e1ce7_20260727_130450/stage2_ngpu_gate_verdict.txt	hy-tmp/elastic_rl_gpu_20260726/stage2_1v3_blarge_170_bankbatch_7a9e1ce7_20260727_130450/stage2_ngpu_gate_verdict.txt	external_artifact
8900a1da53a4753757408ebd313666d1eee90d84d81d5776aa68acfa84f04488	14410	file	/hy-tmp/elastic_rl_gpu_20260726/stage2_1v3_blarge_170_bankbatch_7a9e1ce7_20260727_130450/stage2_ngpu_speed_ab_stdout.log	hy-tmp/elastic_rl_gpu_20260726/stage2_1v3_blarge_170_bankbatch_7a9e1ce7_20260727_130450/stage2_ngpu_speed_ab_stdout.log	external_artifact
d2b857dab8b226d63164cf3273c9435f8db5d9cb56f3f1c5c916dc5eac59a1ef	627	file	/hy-tmp/elastic_rl_gpu_20260726/stage2_1v3_blarge_170_bankbatch_7a9e1ce7_20260727_130450/strict_3gpu_equivalence.json	hy-tmp/elastic_rl_gpu_20260726/stage2_1v3_blarge_170_bankbatch_7a9e1ce7_20260727_130450/strict_3gpu_equivalence.json	external_artifact
f33dd879bdd6f3546c39dac5919f0c26895a48a8ad328ea1cf4b871402d52079	14432	file	/hy-tmp/elastic_rl_gpu_20260726/stage2_1v3_blarge_170_bankbatch_7a9e1ce7_20260727_130450_wrapper.nohup.log	hy-tmp/elastic_rl_gpu_20260726/stage2_1v3_blarge_170_bankbatch_7a9e1ce7_20260727_130450_wrapper.nohup.log	external_artifact
c21c7940423a6e8fec1aa159682982f503e08956c7cb08f675672919ab72ac1b	41	file	/hy-tmp/elastic_rl_gpu_20260726/stage2_1v4_blarge_120_1d06466c_20260727_010609/HEAD.txt	hy-tmp/elastic_rl_gpu_20260726/stage2_1v4_blarge_120_1d06466c_20260727_010609/HEAD.txt	external_artifact
b621e29e72c64cdd02509e9ee35ca51f319511fe75b57beb8069569693146a5c	3046	file	/hy-tmp/elastic_rl_gpu_20260726/stage2_1v4_blarge_120_1d06466c_20260727_010609/effective_commands.txt	hy-tmp/elastic_rl_gpu_20260726/stage2_1v4_blarge_120_1d06466c_20260727_010609/effective_commands.txt	external_artifact
eddca69336f0175d39574407f0aced5c936fbbdbdcda038803a1d13fb5bb9c1a	46	file	/hy-tmp/elastic_rl_gpu_20260726/stage2_1v4_blarge_120_1d06466c_20260727_010609/git_status_short.txt	hy-tmp/elastic_rl_gpu_20260726/stage2_1v4_blarge_120_1d06466c_20260727_010609/git_status_short.txt	external_artifact
64023d4f5506deda4bb6beb992f9104c0c481db08afdb37e1a09039770f1e584	339	file	/hy-tmp/elastic_rl_gpu_20260726/stage2_1v4_blarge_120_1d06466c_20260727_010609/gpu_inventory_pre.csv	hy-tmp/elastic_rl_gpu_20260726/stage2_1v4_blarge_120_1d06466c_20260727_010609/gpu_inventory_pre.csv	external_artifact
36162e10db05212596c3d2485c02501f5f1a5e58afedb667fc9e00ead120a635	212	file	/hy-tmp/elastic_rl_gpu_20260726/stage2_1v4_blarge_120_1d06466c_20260727_010609/one_launch.log	hy-tmp/elastic_rl_gpu_20260726/stage2_1v4_blarge_120_1d06466c_20260727_010609/one_launch.log	external_artifact
8695775b63f783b8bd225ff2507a6fa78793d8f81c7a358cf53e92fd95094374	366	file	/hy-tmp/elastic_rl_gpu_20260726/stage2_1v4_blarge_120_1d06466c_20260727_010609/one_nvidia_smi.csv	hy-tmp/elastic_rl_gpu_20260726/stage2_1v4_blarge_120_1d06466c_20260727_010609/one_nvidia_smi.csv	external_artifact
9a271f2a916b0b6ee6cecb2426f0b3206ef074578be55d9bc94f6f3fe3ab86aa	2	file	/hy-tmp/elastic_rl_gpu_20260726/stage2_1v4_blarge_120_1d06466c_20260727_010609/one_wall_seconds.txt	hy-tmp/elastic_rl_gpu_20260726/stage2_1v4_blarge_120_1d06466c_20260727_010609/one_wall_seconds.txt	external_artifact
fd0ea6d8b47f70db560e780a015bd0e2826d2065e5cc2567e0c9f41f61165672	91	file	/hy-tmp/elastic_rl_gpu_20260726/stage2_1v4_blarge_120_1d06466c_20260727_010609/runs.jsonl	hy-tmp/elastic_rl_gpu_20260726/stage2_1v4_blarge_120_1d06466c_20260727_010609/runs.jsonl	external_artifact
249b9cfccf1652f6e77e73317bad0c85b62a136c3057f0f6c7312d3a97f628ad	76	symlink	/hy-tmp/elastic_rl_gpu_20260726/stage2_1v4_blarge_120_1d06466c_20260727_010609/stage1/record	hy-tmp/elastic_rl_gpu_20260726/stage2_1v4_blarge_120_1d06466c_20260727_010609/stage1/record	external_artifact
380801c1b461420f5f17869dc45224790860f2d447e319382cbeaa3ccb5be2f2	4434	file	/hy-tmp/elastic_rl_gpu_20260726/stage2_1v4_blarge_120_1d06466c_20260727_010609/stage2_ngpu_speed_ab_stdout.log	hy-tmp/elastic_rl_gpu_20260726/stage2_1v4_blarge_120_1d06466c_20260727_010609/stage2_ngpu_speed_ab_stdout.log	external_artifact
583329fb02620773cbbefc54559ac13581c62a4a2de4311b33cd7fb9f5cdf238	4456	file	/hy-tmp/elastic_rl_gpu_20260726/stage2_1v4_blarge_120_1d06466c_20260727_010609_wrapper.nohup.log	hy-tmp/elastic_rl_gpu_20260726/stage2_1v4_blarge_120_1d06466c_20260727_010609_wrapper.nohup.log	external_artifact
c21c7940423a6e8fec1aa159682982f503e08956c7cb08f675672919ab72ac1b	41	file	/hy-tmp/elastic_rl_gpu_20260726/stage2_1v4_blarge_170_1d06466c_20260727_010651/HEAD.txt	hy-tmp/elastic_rl_gpu_20260726/stage2_1v4_blarge_170_1d06466c_20260727_010651/HEAD.txt	external_artifact
9dcb05a0af933703fcacad7b8e264d8803b4df94613f032d443c78290ad0c81f	3046	file	/hy-tmp/elastic_rl_gpu_20260726/stage2_1v4_blarge_170_1d06466c_20260727_010651/effective_commands.txt	hy-tmp/elastic_rl_gpu_20260726/stage2_1v4_blarge_170_1d06466c_20260727_010651/effective_commands.txt	external_artifact
eddca69336f0175d39574407f0aced5c936fbbdbdcda038803a1d13fb5bb9c1a	46	file	/hy-tmp/elastic_rl_gpu_20260726/stage2_1v4_blarge_170_1d06466c_20260727_010651/git_status_short.txt	hy-tmp/elastic_rl_gpu_20260726/stage2_1v4_blarge_170_1d06466c_20260727_010651/git_status_short.txt	external_artifact
64023d4f5506deda4bb6beb992f9104c0c481db08afdb37e1a09039770f1e584	339	file	/hy-tmp/elastic_rl_gpu_20260726/stage2_1v4_blarge_170_1d06466c_20260727_010651/gpu_inventory_pre.csv	hy-tmp/elastic_rl_gpu_20260726/stage2_1v4_blarge_170_1d06466c_20260727_010651/gpu_inventory_pre.csv	external_artifact
754426005a4219171693d4d0163d88d9f41a8bcb5fa6df009e312c1d70a896e8	2883246	file	/hy-tmp/elastic_rl_gpu_20260726/stage2_1v4_blarge_170_1d06466c_20260727_010651/many_episodes.jsonl	hy-tmp/elastic_rl_gpu_20260726/stage2_1v4_blarge_170_1d06466c_20260727_010651/many_episodes.jsonl	external_artifact
15c06bbe243230db24921c78259e5f822060ca03957061e43c4b6ee07e0fb8c8	2772	file	/hy-tmp/elastic_rl_gpu_20260726/stage2_1v4_blarge_170_1d06466c_20260727_010651/many_gpu_utilization.json	hy-tmp/elastic_rl_gpu_20260726/stage2_1v4_blarge_170_1d06466c_20260727_010651/many_gpu_utilization.json	external_artifact
52a548f1663c05782743707832b3c76aee2ad6991712c7363f00249c27acec8b	1427	file	/hy-tmp/elastic_rl_gpu_20260726/stage2_1v4_blarge_170_1d06466c_20260727_010651/many_gpu_utilization.md	hy-tmp/elastic_rl_gpu_20260726/stage2_1v4_blarge_170_1d06466c_20260727_010651/many_gpu_utilization.md	external_artifact
9a3351045b2f508a5bd55688ec01f767550b138970a4f09782cc90572bfd2419	7352	file	/hy-tmp/elastic_rl_gpu_20260726/stage2_1v4_blarge_170_1d06466c_20260727_010651/many_launch.log	hy-tmp/elastic_rl_gpu_20260726/stage2_1v4_blarge_170_1d06466c_20260727_010651/many_launch.log	external_artifact
89618cad7ef8066bc1afce4225fa138b93a055bb9649340567c10a9696b61056	427886	file	/hy-tmp/elastic_rl_gpu_20260726/stage2_1v4_blarge_170_1d06466c_20260727_010651/many_nvidia_smi.csv	hy-tmp/elastic_rl_gpu_20260726/stage2_1v4_blarge_170_1d06466c_20260727_010651/many_nvidia_smi.csv	external_artifact
827c62987d752786c24021fbb2084c3f92e8f0ed298ec54aa1e83a01bf86d389	236762	file	/hy-tmp/elastic_rl_gpu_20260726/stage2_1v4_blarge_170_1d06466c_20260727_010651/many_ppo_updates.jsonl	hy-tmp/elastic_rl_gpu_20260726/stage2_1v4_blarge_170_1d06466c_20260727_010651/many_ppo_updates.jsonl	external_artifact
46a36ad490c6620254a0a77af4f97c59b54365250b47f97940e5717c7b5956ff	5	file	/hy-tmp/elastic_rl_gpu_20260726/stage2_1v4_blarge_170_1d06466c_20260727_010651/many_wall_seconds.txt	hy-tmp/elastic_rl_gpu_20260726/stage2_1v4_blarge_170_1d06466c_20260727_010651/many_wall_seconds.txt	external_artifact
360eb4e1bee4146c445aa972ca09a667066fa7eb5433c1ad6f12f074953829c8	2876729	file	/hy-tmp/elastic_rl_gpu_20260726/stage2_1v4_blarge_170_1d06466c_20260727_010651/one_episodes.jsonl	hy-tmp/elastic_rl_gpu_20260726/stage2_1v4_blarge_170_1d06466c_20260727_010651/one_episodes.jsonl	external_artifact
03e121adf3dfba4a91d55a1018ad2fded03fdb669cfb8a3c26151a77920048e1	1997	file	/hy-tmp/elastic_rl_gpu_20260726/stage2_1v4_blarge_170_1d06466c_20260727_010651/one_gpu_utilization.json	hy-tmp/elastic_rl_gpu_20260726/stage2_1v4_blarge_170_1d06466c_20260727_010651/one_gpu_utilization.json	external_artifact
f70bb440ce434e2ab2799133184c43d7dbb195d7265ec93ee3556cc914cc9dda	1120	file	/hy-tmp/elastic_rl_gpu_20260726/stage2_1v4_blarge_170_1d06466c_20260727_010651/one_gpu_utilization.md	hy-tmp/elastic_rl_gpu_20260726/stage2_1v4_blarge_170_1d06466c_20260727_010651/one_gpu_utilization.md	external_artifact
ae5bacd39beb09985d4f19a97c2c8a0649d26a15c4788abda2caed2473bf306e	7327	file	/hy-tmp/elastic_rl_gpu_20260726/stage2_1v4_blarge_170_1d06466c_20260727_010651/one_launch.log	hy-tmp/elastic_rl_gpu_20260726/stage2_1v4_blarge_170_1d06466c_20260727_010651/one_launch.log	external_artifact
81dfcff6d9d21494366232c3bab0d8d96fa5ca73a616dfbb21c45b0183115618	1125155	file	/hy-tmp/elastic_rl_gpu_20260726/stage2_1v4_blarge_170_1d06466c_20260727_010651/one_nvidia_smi.csv	hy-tmp/elastic_rl_gpu_20260726/stage2_1v4_blarge_170_1d06466c_20260727_010651/one_nvidia_smi.csv	external_artifact
720e54e0ff4dd32f8843270b52525e209b2f344b7db14b8dac37b3dd3f78483a	236760	file	/hy-tmp/elastic_rl_gpu_20260726/stage2_1v4_blarge_170_1d06466c_20260727_010651/one_ppo_updates.jsonl	hy-tmp/elastic_rl_gpu_20260726/stage2_1v4_blarge_170_1d06466c_20260727_010651/one_ppo_updates.jsonl	external_artifact
de937c98d63a849d8020efdbeff64cb1ec934f375af68cbb8901fd911596b33f	5	file	/hy-tmp/elastic_rl_gpu_20260726/stage2_1v4_blarge_170_1d06466c_20260727_010651/one_wall_seconds.txt	hy-tmp/elastic_rl_gpu_20260726/stage2_1v4_blarge_170_1d06466c_20260727_010651/one_wall_seconds.txt	external_artifact
67d222f352829fe19404676d33d3238ba168762ed2e0497f4c2c768bcc9e8774	200	file	/hy-tmp/elastic_rl_gpu_20260726/stage2_1v4_blarge_170_1d06466c_20260727_010651/persistent_many/rl/bert-large/mrpc/.s1t0.001_s2t0.001_s2st2.0.stage2_rl.lock	hy-tmp/elastic_rl_gpu_20260726/stage2_1v4_blarge_170_1d06466c_20260727_010651/persistent_many/rl/bert-large/mrpc/.s1t0.001_s2t0.001_s2st2.0.stage2_rl.lock	external_artifact
0feeb6e02c0e70246d6202d39e95214aeca9ccedd245afdb2ef012e4d2b67b69	7	file	/hy-tmp/elastic_rl_gpu_20260726/stage2_1v4_blarge_170_1d06466c_20260727_010651/persistent_many/rl/bert-large/mrpc/LATEST_PID	hy-tmp/elastic_rl_gpu_20260726/stage2_1v4_blarge_170_1d06466c_20260727_010651/persistent_many/rl/bert-large/mrpc/LATEST_PID	external_artifact
60ee049ecd856ba5ecae8f383efe13bef91d7fa093feb028cdfce663d613ac88	140	file	/hy-tmp/elastic_rl_gpu_20260726/stage2_1v4_blarge_170_1d06466c_20260727_010651/persistent_many/rl/bert-large/mrpc/LATEST_RUN_DIR	hy-tmp/elastic_rl_gpu_20260726/stage2_1v4_blarge_170_1d06466c_20260727_010651/persistent_many/rl/bert-large/mrpc/LATEST_RUN_DIR	external_artifact
93add458d365131621aa0b184e9697594e47df463059defbeec8a43228530977	213	file	/hy-tmp/elastic_rl_gpu_20260726/stage2_1v4_blarge_170_1d06466c_20260727_010651/persistent_many/rl/bert-large/mrpc/s1t0.001_s2t0.001_s2st2.0/best_policy/constraint_metadata.json	hy-tmp/elastic_rl_gpu_20260726/stage2_1v4_blarge_170_1d06466c_20260727_010651/persistent_many/rl/bert-large/mrpc/s1t0.001_s2t0.001_s2st2.0/best_policy/constraint_metadata.json	external_artifact
fdc5aad89756cf99c3e5c3aaba7c26e6e0b3228f7b6023a600e9c11dbf2b23fb	32885	file	/hy-tmp/elastic_rl_gpu_20260726/stage2_1v4_blarge_170_1d06466c_20260727_010651/persistent_many/rl/bert-large/mrpc/s1t0.001_s2t0.001_s2st2.0/logs/blb_stage2_rl.log	hy-tmp/elastic_rl_gpu_20260726/stage2_1v4_blarge_170_1d06466c_20260727_010651/persistent_many/rl/bert-large/mrpc/s1t0.001_s2t0.001_s2st2.0/logs/blb_stage2_rl.log	external_artifact
31b65c298733a2670a38fa8d64758dce7eaea514063e68e9106f3c740c6456f9	515	file	/hy-tmp/elastic_rl_gpu_20260726/stage2_1v4_blarge_170_1d06466c_20260727_010651/persistent_many/rl/bert-large/mrpc/s1t0.001_s2t0.001_s2st2.0/logs/elastic_gpu_health_events.jsonl	hy-tmp/elastic_rl_gpu_20260726/stage2_1v4_blarge_170_1d06466c_20260727_010651/persistent_many/rl/bert-large/mrpc/s1t0.001_s2t0.001_s2st2.0/logs/elastic_gpu_health_events.jsonl	external_artifact
f078eb5f5eaf2b4a97862c4ecd23a47da72953d274e4d8a34f7cc697fbb42655	826	file	/hy-tmp/elastic_rl_gpu_20260726/stage2_1v4_blarge_170_1d06466c_20260727_010651/persistent_many/rl/bert-large/mrpc/s1t0.001_s2t0.001_s2st2.0/metadata.json	hy-tmp/elastic_rl_gpu_20260726/stage2_1v4_blarge_170_1d06466c_20260727_010651/persistent_many/rl/bert-large/mrpc/s1t0.001_s2t0.001_s2st2.0/metadata.json	external_artifact
0feeb6e02c0e70246d6202d39e95214aeca9ccedd245afdb2ef012e4d2b67b69	7	file	/hy-tmp/elastic_rl_gpu_20260726/stage2_1v4_blarge_170_1d06466c_20260727_010651/persistent_many/rl/bert-large/mrpc/s1t0.001_s2t0.001_s2st2.0/rl.pid	hy-tmp/elastic_rl_gpu_20260726/stage2_1v4_blarge_170_1d06466c_20260727_010651/persistent_many/rl/bert-large/mrpc/s1t0.001_s2t0.001_s2st2.0/rl.pid	external_artifact
0feeb6e02c0e70246d6202d39e95214aeca9ccedd245afdb2ef012e4d2b67b69	7	file	/hy-tmp/elastic_rl_gpu_20260726/stage2_1v4_blarge_170_1d06466c_20260727_010651/persistent_many/rl/bert-large/mrpc/s1t0.001_s2t0.001_s2st2.0/run.pid	hy-tmp/elastic_rl_gpu_20260726/stage2_1v4_blarge_170_1d06466c_20260727_010651/persistent_many/rl/bert-large/mrpc/s1t0.001_s2t0.001_s2st2.0/run.pid	external_artifact
29c2ef892c18d724a05fc46233ca9214bc6671852b1b7e0fc4f5d07b51dfaecd	1563	file	/hy-tmp/elastic_rl_gpu_20260726/stage2_1v4_blarge_170_1d06466c_20260727_010651/persistent_many/rl/bert-large/mrpc/s1t0.001_s2t0.001_s2st2.0/stage1/pruning_search_log.txt	hy-tmp/elastic_rl_gpu_20260726/stage2_1v4_blarge_170_1d06466c_20260727_010651/persistent_many/rl/bert-large/mrpc/s1t0.001_s2t0.001_s2st2.0/stage1/pruning_search_log.txt	external_artifact
50aaf493bbd24e366842e98d9f959ef4e22a070f9fdd0e21905cceac215aec80	1133	file	/hy-tmp/elastic_rl_gpu_20260726/stage2_1v4_blarge_170_1d06466c_20260727_010651/persistent_many/rl/bert-large/mrpc/s1t0.001_s2t0.001_s2st2.0/stage2_noise/progress/blb_stage2_live_summary.md	hy-tmp/elastic_rl_gpu_20260726/stage2_1v4_blarge_170_1d06466c_20260727_010651/persistent_many/rl/bert-large/mrpc/s1t0.001_s2t0.001_s2st2.0/stage2_noise/progress/blb_stage2_live_summary.md	external_artifact
0b73867568965118c37bd0e6af6c4aca54a11dd1fc879a66f2257cbd98c1bc71	8379328	file	/hy-tmp/elastic_rl_gpu_20260726/stage2_1v4_blarge_170_1d06466c_20260727_010651/persistent_many/rl/bert-large/mrpc/s1t0.001_s2t0.001_s2st2.0/stage2_noise/progress/blb_stage2_rl_checkpoint_live.pt	hy-tmp/elastic_rl_gpu_20260726/stage2_1v4_blarge_170_1d06466c_20260727_010651/persistent_many/rl/bert-large/mrpc/s1t0.001_s2t0.001_s2st2.0/stage2_noise/progress/blb_stage2_rl_checkpoint_live.pt	external_artifact
dbfcdad46a3f34828aabd1215821fad9543311a02359719bbc7797db3d7dc936	303582	file	/hy-tmp/elastic_rl_gpu_20260726/stage2_1v4_blarge_170_1d06466c_20260727_010651/persistent_many/rl/bert-large/mrpc/s1t0.001_s2t0.001_s2st2.0/stage2_noise/progress/blb_stage2_status.json	hy-tmp/elastic_rl_gpu_20260726/stage2_1v4_blarge_170_1d06466c_20260727_010651/persistent_many/rl/bert-large/mrpc/s1t0.001_s2t0.001_s2st2.0/stage2_noise/progress/blb_stage2_status.json	external_artifact
a5075429ea93aa7f0cc17e78cce347b6c24fc1c4ffec49b10ad801722bec4817	10848	file	/hy-tmp/elastic_rl_gpu_20260726/stage2_1v4_blarge_170_1d06466c_20260727_010651/persistent_many/rl/bert-large/mrpc/s1t0.001_s2t0.001_s2st2.0/stage2_noise/progress/blb_stage2_training_curve.npz	hy-tmp/elastic_rl_gpu_20260726/stage2_1v4_blarge_170_1d06466c_20260727_010651/persistent_many/rl/bert-large/mrpc/s1t0.001_s2t0.001_s2st2.0/stage2_noise/progress/blb_stage2_training_curve.npz	external_artifact
0540188d14a8fc3f831b2e316ca91209bd36441d0efe65ec51150445428a586c	11875257	file	/hy-tmp/elastic_rl_gpu_20260726/stage2_1v4_blarge_170_1d06466c_20260727_010651/persistent_many/rl/bert-large/mrpc/s1t0.001_s2t0.001_s2st2.0/stage2_noise/progress/candidate_store.jsonl	hy-tmp/elastic_rl_gpu_20260726/stage2_1v4_blarge_170_1d06466c_20260727_010651/persistent_many/rl/bert-large/mrpc/s1t0.001_s2t0.001_s2st2.0/stage2_noise/progress/candidate_store.jsonl	external_artifact
551b280d73f1d4ef561195ab39f390bbdb19a26518e6c9225b2981bcde0e7231	897802	file	/hy-tmp/elastic_rl_gpu_20260726/stage2_1v4_blarge_170_1d06466c_20260727_010651/persistent_many/rl/bert-large/mrpc/s1t0.001_s2t0.001_s2st2.0/stage2_noise/progress/diagnostics/action_histogram.npz	hy-tmp/elastic_rl_gpu_20260726/stage2_1v4_blarge_170_1d06466c_20260727_010651/persistent_many/rl/bert-large/mrpc/s1t0.001_s2t0.001_s2st2.0/stage2_noise/progress/diagnostics/action_histogram.npz	external_artifact
2ff9e22b824022e5d8b6ad754b6106baf165949c96d59bdb39696a7347f29567	1174524	file	/hy-tmp/elastic_rl_gpu_20260726/stage2_1v4_blarge_170_1d06466c_20260727_010651/persistent_many/rl/bert-large/mrpc/s1t0.001_s2t0.001_s2st2.0/stage2_noise/progress/diagnostics/baseline_action_vec.json	hy-tmp/elastic_rl_gpu_20260726/stage2_1v4_blarge_170_1d06466c_20260727_010651/persistent_many/rl/bert-large/mrpc/s1t0.001_s2t0.001_s2st2.0/stage2_noise/progress/diagnostics/baseline_action_vec.json	external_artifact
b56caf71e747ccd2a3b35efc514733fdd04dbdaf0ba999394141bb5433fcb1cb	1273168	file	/hy-tmp/elastic_rl_gpu_20260726/stage2_1v4_blarge_170_1d06466c_20260727_010651/persistent_many/rl/bert-large/mrpc/s1t0.001_s2t0.001_s2st2.0/stage2_noise/progress/diagnostics/best_action_vec.json	hy-tmp/elastic_rl_gpu_20260726/stage2_1v4_blarge_170_1d06466c_20260727_010651/persistent_many/rl/bert-large/mrpc/s1t0.001_s2t0.001_s2st2.0/stage2_noise/progress/diagnostics/best_action_vec.json	external_artifact
8d60ece153170f506b194fd596e0855c52ea2eec943046e0dee074d60ee5838b	123	file	/hy-tmp/elastic_rl_gpu_20260726/stage2_1v4_blarge_170_1d06466c_20260727_010651/persistent_many/rl/bert-large/mrpc/s1t0.001_s2t0.001_s2st2.0/stage2_noise/progress/diagnostics/blb_stage2_health.log	hy-tmp/elastic_rl_gpu_20260726/stage2_1v4_blarge_170_1d06466c_20260727_010651/persistent_many/rl/bert-large/mrpc/s1t0.001_s2t0.001_s2st2.0/stage2_noise/progress/diagnostics/blb_stage2_health.log	external_artifact
c693ca3623f7b848c938d40961cb996ecdd4e00db8f0628ac2078c4f09b92a54	35629	file	/hy-tmp/elastic_rl_gpu_20260726/stage2_1v4_blarge_170_1d06466c_20260727_010651/persistent_many/rl/bert-large/mrpc/s1t0.001_s2t0.001_s2st2.0/stage2_noise/progress/diagnostics/diagnostics_summary.md	hy-tmp/elastic_rl_gpu_20260726/stage2_1v4_blarge_170_1d06466c_20260727_010651/persistent_many/rl/bert-large/mrpc/s1t0.001_s2t0.001_s2st2.0/stage2_noise/progress/diagnostics/diagnostics_summary.md	external_artifact
754426005a4219171693d4d0163d88d9f41a8bcb5fa6df009e312c1d70a896e8	2883246	file	/hy-tmp/elastic_rl_gpu_20260726/stage2_1v4_blarge_170_1d06466c_20260727_010651/persistent_many/rl/bert-large/mrpc/s1t0.001_s2t0.001_s2st2.0/stage2_noise/progress/diagnostics/episodes.jsonl	hy-tmp/elastic_rl_gpu_20260726/stage2_1v4_blarge_170_1d06466c_20260727_010651/persistent_many/rl/bert-large/mrpc/s1t0.001_s2t0.001_s2st2.0/stage2_noise/progress/diagnostics/episodes.jsonl	external_artifact
44136fa355b3678a1146ad16f7e8649e94fb4fc21fe77e8310c060f61caaff8a	2	file	/hy-tmp/elastic_rl_gpu_20260726/stage2_1v4_blarge_170_1d06466c_20260727_010651/persistent_many/rl/bert-large/mrpc/s1t0.001_s2t0.001_s2st2.0/stage2_noise/progress/diagnostics/first_invalid_counts.json	hy-tmp/elastic_rl_gpu_20260726/stage2_1v4_blarge_170_1d06466c_20260727_010651/persistent_many/rl/bert-large/mrpc/s1t0.001_s2t0.001_s2st2.0/stage2_noise/progress/diagnostics/first_invalid_counts.json	external_artifact
4a4bcb235e02abee1f43f215c09b226f2b23f83d58ab8cae6a5f39d2e7e65e92	3790	file	/hy-tmp/elastic_rl_gpu_20260726/stage2_1v4_blarge_170_1d06466c_20260727_010651/persistent_many/rl/bert-large/mrpc/s1t0.001_s2t0.001_s2st2.0/stage2_noise/progress/diagnostics/pareto_frontier.html	hy-tmp/elastic_rl_gpu_20260726/stage2_1v4_blarge_170_1d06466c_20260727_010651/persistent_many/rl/bert-large/mrpc/s1t0.001_s2t0.001_s2st2.0/stage2_noise/progress/diagnostics/pareto_frontier.html	external_artifact
c539547ee86c1f70113ded67b3b120b6e0521f4927c9ca8eb4722063c779c1e9	5961253	file	/hy-tmp/elastic_rl_gpu_20260726/stage2_1v4_blarge_170_1d06466c_20260727_010651/persistent_many/rl/bert-large/mrpc/s1t0.001_s2t0.001_s2st2.0/stage2_noise/progress/diagnostics/pareto_frontier.json	hy-tmp/elastic_rl_gpu_20260726/stage2_1v4_blarge_170_1d06466c_20260727_010651/persistent_many/rl/bert-large/mrpc/s1t0.001_s2t0.001_s2st2.0/stage2_noise/progress/diagnostics/pareto_frontier.json	external_artifact
4668f3d2911dd77c52fdc9ac48361094e98adaa0597d6a7889f14de2bbd5e5e4	3259852	file	/hy-tmp/elastic_rl_gpu_20260726/stage2_1v4_blarge_170_1d06466c_20260727_010651/persistent_many/rl/bert-large/mrpc/s1t0.001_s2t0.001_s2st2.0/stage2_noise/progress/diagnostics/pareto_frontier.jsonl	hy-tmp/elastic_rl_gpu_20260726/stage2_1v4_blarge_170_1d06466c_20260727_010651/persistent_many/rl/bert-large/mrpc/s1t0.001_s2t0.001_s2st2.0/stage2_noise/progress/diagnostics/pareto_frontier.jsonl	external_artifact
827c62987d752786c24021fbb2084c3f92e8f0ed298ec54aa1e83a01bf86d389	236762	file	/hy-tmp/elastic_rl_gpu_20260726/stage2_1v4_blarge_170_1d06466c_20260727_010651/persistent_many/rl/bert-large/mrpc/s1t0.001_s2t0.001_s2st2.0/stage2_noise/progress/diagnostics/ppo_updates.jsonl	hy-tmp/elastic_rl_gpu_20260726/stage2_1v4_blarge_170_1d06466c_20260727_010651/persistent_many/rl/bert-large/mrpc/s1t0.001_s2t0.001_s2st2.0/stage2_noise/progress/diagnostics/ppo_updates.jsonl	external_artifact
144b26c3d0889cf7573b5b936e89a3e8cb5ac48dc5a11b59766920f3a623169a	16251999	file	/hy-tmp/elastic_rl_gpu_20260726/stage2_1v4_blarge_170_1d06466c_20260727_010651/persistent_many/rl/bert-large/mrpc/s1t0.001_s2t0.001_s2st2.0/stage2_noise/progress/diagnostics/top_candidates.jsonl	hy-tmp/elastic_rl_gpu_20260726/stage2_1v4_blarge_170_1d06466c_20260727_010651/persistent_many/rl/bert-large/mrpc/s1t0.001_s2t0.001_s2st2.0/stage2_noise/progress/diagnostics/top_candidates.jsonl	external_artifact
1dbe0e0b79c8673b68097403a8954971e1ffbdf593aacbc5de118d9952189c71	341185	file	/hy-tmp/elastic_rl_gpu_20260726/stage2_1v4_blarge_170_1d06466c_20260727_010651/persistent_many/rl/bert-large/mrpc/s1t0.001_s2t0.001_s2st2.0/stage2_noise/progress/layerwise_run_manifest.json	hy-tmp/elastic_rl_gpu_20260726/stage2_1v4_blarge_170_1d06466c_20260727_010651/persistent_many/rl/bert-large/mrpc/s1t0.001_s2t0.001_s2st2.0/stage2_noise/progress/layerwise_run_manifest.json	external_artifact
ec183eb4e96c598464fa56fd1fe543a8096ace78b4fdc4d70f543026160706ab	383404	file	/hy-tmp/elastic_rl_gpu_20260726/stage2_1v4_blarge_170_1d06466c_20260727_010651/persistent_many/rl/bert-large/mrpc/s1t0.001_s2t0.001_s2st2.0/stage2_noise/progress/layerwise_summary.json	hy-tmp/elastic_rl_gpu_20260726/stage2_1v4_blarge_170_1d06466c_20260727_010651/persistent_many/rl/bert-large/mrpc/s1t0.001_s2t0.001_s2st2.0/stage2_noise/progress/layerwise_summary.json	external_artifact
45c2bbaa38923aec35a00947a95d54a446474f197fb4dbd9b2294ed850142803	167	file	/hy-tmp/elastic_rl_gpu_20260726/stage2_1v4_blarge_170_1d06466c_20260727_010651/persistent_many/rl/bert-large/mrpc/s1t0.001_s2t0.001_s2st2.0/stage2_noise/progress/rl_data_points_run_id.txt	hy-tmp/elastic_rl_gpu_20260726/stage2_1v4_blarge_170_1d06466c_20260727_010651/persistent_many/rl/bert-large/mrpc/s1t0.001_s2t0.001_s2st2.0/stage2_noise/progress/rl_data_points_run_id.txt	external_artifact
ca4587ef8e1216e220b8508feb7a3dbd47e7e7044f62bc1d6b3ec157a1dd0e18	6046	file	/hy-tmp/elastic_rl_gpu_20260726/stage2_1v4_blarge_170_1d06466c_20260727_010651/persistent_many/rl/bert-large/mrpc/s1t0.001_s2t0.001_s2st2.0/stage2_noise/pruning_search_log.txt	hy-tmp/elastic_rl_gpu_20260726/stage2_1v4_blarge_170_1d06466c_20260727_010651/persistent_many/rl/bert-large/mrpc/s1t0.001_s2t0.001_s2st2.0/stage2_noise/pruning_search_log.txt	external_artifact
ca46a2526590e713594ae2829b6106077a1fe1e16698078743d992df37414407	199	file	/hy-tmp/elastic_rl_gpu_20260726/stage2_1v4_blarge_170_1d06466c_20260727_010651/persistent_one/rl/bert-large/mrpc/.s1t0.001_s2t0.001_s2st2.0.stage2_rl.lock	hy-tmp/elastic_rl_gpu_20260726/stage2_1v4_blarge_170_1d06466c_20260727_010651/persistent_one/rl/bert-large/mrpc/.s1t0.001_s2t0.001_s2st2.0.stage2_rl.lock	external_artifact
59b7544dafba1b63eef10d706359893fe17b60a487a2de33f30c71fd0224c2ba	7	file	/hy-tmp/elastic_rl_gpu_20260726/stage2_1v4_blarge_170_1d06466c_20260727_010651/persistent_one/rl/bert-large/mrpc/LATEST_PID	hy-tmp/elastic_rl_gpu_20260726/stage2_1v4_blarge_170_1d06466c_20260727_010651/persistent_one/rl/bert-large/mrpc/LATEST_PID	external_artifact
b7435a3ed018e57e45455b0fd6742c848ed3aa0f03f6b051a18814d19f74f3a5	139	file	/hy-tmp/elastic_rl_gpu_20260726/stage2_1v4_blarge_170_1d06466c_20260727_010651/persistent_one/rl/bert-large/mrpc/LATEST_RUN_DIR	hy-tmp/elastic_rl_gpu_20260726/stage2_1v4_blarge_170_1d06466c_20260727_010651/persistent_one/rl/bert-large/mrpc/LATEST_RUN_DIR	external_artifact
93add458d365131621aa0b184e9697594e47df463059defbeec8a43228530977	213	file	/hy-tmp/elastic_rl_gpu_20260726/stage2_1v4_blarge_170_1d06466c_20260727_010651/persistent_one/rl/bert-large/mrpc/s1t0.001_s2t0.001_s2st2.0/best_policy/constraint_metadata.json	hy-tmp/elastic_rl_gpu_20260726/stage2_1v4_blarge_170_1d06466c_20260727_010651/persistent_one/rl/bert-large/mrpc/s1t0.001_s2t0.001_s2st2.0/best_policy/constraint_metadata.json	external_artifact
fbeb8bd9dabe37f25d3145abcb42c90b387d35fa86e43ebbf218ce217613ea31	14974	file	/hy-tmp/elastic_rl_gpu_20260726/stage2_1v4_blarge_170_1d06466c_20260727_010651/persistent_one/rl/bert-large/mrpc/s1t0.001_s2t0.001_s2st2.0/logs/blb_stage2_rl.log	hy-tmp/elastic_rl_gpu_20260726/stage2_1v4_blarge_170_1d06466c_20260727_010651/persistent_one/rl/bert-large/mrpc/s1t0.001_s2t0.001_s2st2.0/logs/blb_stage2_rl.log	external_artifact
c38b99fa4eb87200b87d45ff805c82f26c534131470c103abb2313d69692bc38	362	file	/hy-tmp/elastic_rl_gpu_20260726/stage2_1v4_blarge_170_1d06466c_20260727_010651/persistent_one/rl/bert-large/mrpc/s1t0.001_s2t0.001_s2st2.0/logs/elastic_gpu_health_events.jsonl	hy-tmp/elastic_rl_gpu_20260726/stage2_1v4_blarge_170_1d06466c_20260727_010651/persistent_one/rl/bert-large/mrpc/s1t0.001_s2t0.001_s2st2.0/logs/elastic_gpu_health_events.jsonl	external_artifact
cec1ea172a91d4a90b402a1590a46ff7dc84e9b15d0aff2f93e21293be45b8f4	826	file	/hy-tmp/elastic_rl_gpu_20260726/stage2_1v4_blarge_170_1d06466c_20260727_010651/persistent_one/rl/bert-large/mrpc/s1t0.001_s2t0.001_s2st2.0/metadata.json	hy-tmp/elastic_rl_gpu_20260726/stage2_1v4_blarge_170_1d06466c_20260727_010651/persistent_one/rl/bert-large/mrpc/s1t0.001_s2t0.001_s2st2.0/metadata.json	external_artifact
59b7544dafba1b63eef10d706359893fe17b60a487a2de33f30c71fd0224c2ba	7	file	/hy-tmp/elastic_rl_gpu_20260726/stage2_1v4_blarge_170_1d06466c_20260727_010651/persistent_one/rl/bert-large/mrpc/s1t0.001_s2t0.001_s2st2.0/rl.pid	hy-tmp/elastic_rl_gpu_20260726/stage2_1v4_blarge_170_1d06466c_20260727_010651/persistent_one/rl/bert-large/mrpc/s1t0.001_s2t0.001_s2st2.0/rl.pid	external_artifact
59b7544dafba1b63eef10d706359893fe17b60a487a2de33f30c71fd0224c2ba	7	file	/hy-tmp/elastic_rl_gpu_20260726/stage2_1v4_blarge_170_1d06466c_20260727_010651/persistent_one/rl/bert-large/mrpc/s1t0.001_s2t0.001_s2st2.0/run.pid	hy-tmp/elastic_rl_gpu_20260726/stage2_1v4_blarge_170_1d06466c_20260727_010651/persistent_one/rl/bert-large/mrpc/s1t0.001_s2t0.001_s2st2.0/run.pid	external_artifact
47b14a1760880f9c7770f0a2c08388570ad70aaf069792668ea618f3e4abdef1	1562	file	/hy-tmp/elastic_rl_gpu_20260726/stage2_1v4_blarge_170_1d06466c_20260727_010651/persistent_one/rl/bert-large/mrpc/s1t0.001_s2t0.001_s2st2.0/stage1/pruning_search_log.txt	hy-tmp/elastic_rl_gpu_20260726/stage2_1v4_blarge_170_1d06466c_20260727_010651/persistent_one/rl/bert-large/mrpc/s1t0.001_s2t0.001_s2st2.0/stage1/pruning_search_log.txt	external_artifact
de1873548fdb73a271ab58565d61238beba77dc6458e5e02e4c103669461c4ae	1133	file	/hy-tmp/elastic_rl_gpu_20260726/stage2_1v4_blarge_170_1d06466c_20260727_010651/persistent_one/rl/bert-large/mrpc/s1t0.001_s2t0.001_s2st2.0/stage2_noise/progress/blb_stage2_live_summary.md	hy-tmp/elastic_rl_gpu_20260726/stage2_1v4_blarge_170_1d06466c_20260727_010651/persistent_one/rl/bert-large/mrpc/s1t0.001_s2t0.001_s2st2.0/stage2_noise/progress/blb_stage2_live_summary.md	external_artifact
f5e1ff647b3e0234bad6a8411a1e6fc6f1dc003f8df328270f680ef3dc18bbfe	8378427	file	/hy-tmp/elastic_rl_gpu_20260726/stage2_1v4_blarge_170_1d06466c_20260727_010651/persistent_one/rl/bert-large/mrpc/s1t0.001_s2t0.001_s2st2.0/stage2_noise/progress/blb_stage2_rl_checkpoint_live.pt	hy-tmp/elastic_rl_gpu_20260726/stage2_1v4_blarge_170_1d06466c_20260727_010651/persistent_one/rl/bert-large/mrpc/s1t0.001_s2t0.001_s2st2.0/stage2_noise/progress/blb_stage2_rl_checkpoint_live.pt	external_artifact
f5e053be231f0618ad93157b13f984b32e220b179f557f26dcf13fb1ba439d77	303582	file	/hy-tmp/elastic_rl_gpu_20260726/stage2_1v4_blarge_170_1d06466c_20260727_010651/persistent_one/rl/bert-large/mrpc/s1t0.001_s2t0.001_s2st2.0/stage2_noise/progress/blb_stage2_status.json	hy-tmp/elastic_rl_gpu_20260726/stage2_1v4_blarge_170_1d06466c_20260727_010651/persistent_one/rl/bert-large/mrpc/s1t0.001_s2t0.001_s2st2.0/stage2_noise/progress/blb_stage2_status.json	external_artifact
a5075429ea93aa7f0cc17e78cce347b6c24fc1c4ffec49b10ad801722bec4817	10848	file	/hy-tmp/elastic_rl_gpu_20260726/stage2_1v4_blarge_170_1d06466c_20260727_010651/persistent_one/rl/bert-large/mrpc/s1t0.001_s2t0.001_s2st2.0/stage2_noise/progress/blb_stage2_training_curve.npz	hy-tmp/elastic_rl_gpu_20260726/stage2_1v4_blarge_170_1d06466c_20260727_010651/persistent_one/rl/bert-large/mrpc/s1t0.001_s2t0.001_s2st2.0/stage2_noise/progress/blb_stage2_training_curve.npz	external_artifact
5150135ee1e6ddd4087371f85c9118448c90d5b4f4083d68d5209e7ebeadbdca	11875257	file	/hy-tmp/elastic_rl_gpu_20260726/stage2_1v4_blarge_170_1d06466c_20260727_010651/persistent_one/rl/bert-large/mrpc/s1t0.001_s2t0.001_s2st2.0/stage2_noise/progress/candidate_store.jsonl	hy-tmp/elastic_rl_gpu_20260726/stage2_1v4_blarge_170_1d06466c_20260727_010651/persistent_one/rl/bert-large/mrpc/s1t0.001_s2t0.001_s2st2.0/stage2_noise/progress/candidate_store.jsonl	external_artifact
551b280d73f1d4ef561195ab39f390bbdb19a26518e6c9225b2981bcde0e7231	897802	file	/hy-tmp/elastic_rl_gpu_20260726/stage2_1v4_blarge_170_1d06466c_20260727_010651/persistent_one/rl/bert-large/mrpc/s1t0.001_s2t0.001_s2st2.0/stage2_noise/progress/diagnostics/action_histogram.npz	hy-tmp/elastic_rl_gpu_20260726/stage2_1v4_blarge_170_1d06466c_20260727_010651/persistent_one/rl/bert-large/mrpc/s1t0.001_s2t0.001_s2st2.0/stage2_noise/progress/diagnostics/action_histogram.npz	external_artifact
2ff9e22b824022e5d8b6ad754b6106baf165949c96d59bdb39696a7347f29567	1174524	file	/hy-tmp/elastic_rl_gpu_20260726/stage2_1v4_blarge_170_1d06466c_20260727_010651/persistent_one/rl/bert-large/mrpc/s1t0.001_s2t0.001_s2st2.0/stage2_noise/progress/diagnostics/baseline_action_vec.json	hy-tmp/elastic_rl_gpu_20260726/stage2_1v4_blarge_170_1d06466c_20260727_010651/persistent_one/rl/bert-large/mrpc/s1t0.001_s2t0.001_s2st2.0/stage2_noise/progress/diagnostics/baseline_action_vec.json	external_artifact
0c8d841114db6ee769ea0d344ca3af23a9251398c2d89dce189216c61d9ceb79	1273168	file	/hy-tmp/elastic_rl_gpu_20260726/stage2_1v4_blarge_170_1d06466c_20260727_010651/persistent_one/rl/bert-large/mrpc/s1t0.001_s2t0.001_s2st2.0/stage2_noise/progress/diagnostics/best_action_vec.json	hy-tmp/elastic_rl_gpu_20260726/stage2_1v4_blarge_170_1d06466c_20260727_010651/persistent_one/rl/bert-large/mrpc/s1t0.001_s2t0.001_s2st2.0/stage2_noise/progress/diagnostics/best_action_vec.json	external_artifact
f60dd7ee245e45f5d2951d390f49dfc6fe63b5ee16aa6cebfebdea9135f14c63	123	file	/hy-tmp/elastic_rl_gpu_20260726/stage2_1v4_blarge_170_1d06466c_20260727_010651/persistent_one/rl/bert-large/mrpc/s1t0.001_s2t0.001_s2st2.0/stage2_noise/progress/diagnostics/blb_stage2_health.log	hy-tmp/elastic_rl_gpu_20260726/stage2_1v4_blarge_170_1d06466c_20260727_010651/persistent_one/rl/bert-large/mrpc/s1t0.001_s2t0.001_s2st2.0/stage2_noise/progress/diagnostics/blb_stage2_health.log	external_artifact
96aabf738162749499612038d53f3acc0e1ebc4ee3c12fc0a7eb6e52f9cfe7bd	35630	file	/hy-tmp/elastic_rl_gpu_20260726/stage2_1v4_blarge_170_1d06466c_20260727_010651/persistent_one/rl/bert-large/mrpc/s1t0.001_s2t0.001_s2st2.0/stage2_noise/progress/diagnostics/diagnostics_summary.md	hy-tmp/elastic_rl_gpu_20260726/stage2_1v4_blarge_170_1d06466c_20260727_010651/persistent_one/rl/bert-large/mrpc/s1t0.001_s2t0.001_s2st2.0/stage2_noise/progress/diagnostics/diagnostics_summary.md	external_artifact
360eb4e1bee4146c445aa972ca09a667066fa7eb5433c1ad6f12f074953829c8	2876729	file	/hy-tmp/elastic_rl_gpu_20260726/stage2_1v4_blarge_170_1d06466c_20260727_010651/persistent_one/rl/bert-large/mrpc/s1t0.001_s2t0.001_s2st2.0/stage2_noise/progress/diagnostics/episodes.jsonl	hy-tmp/elastic_rl_gpu_20260726/stage2_1v4_blarge_170_1d06466c_20260727_010651/persistent_one/rl/bert-large/mrpc/s1t0.001_s2t0.001_s2st2.0/stage2_noise/progress/diagnostics/episodes.jsonl	external_artifact
44136fa355b3678a1146ad16f7e8649e94fb4fc21fe77e8310c060f61caaff8a	2	file	/hy-tmp/elastic_rl_gpu_20260726/stage2_1v4_blarge_170_1d06466c_20260727_010651/persistent_one/rl/bert-large/mrpc/s1t0.001_s2t0.001_s2st2.0/stage2_noise/progress/diagnostics/first_invalid_counts.json	hy-tmp/elastic_rl_gpu_20260726/stage2_1v4_blarge_170_1d06466c_20260727_010651/persistent_one/rl/bert-large/mrpc/s1t0.001_s2t0.001_s2st2.0/stage2_noise/progress/diagnostics/first_invalid_counts.json	external_artifact
4a4bcb235e02abee1f43f215c09b226f2b23f83d58ab8cae6a5f39d2e7e65e92	3790	file	/hy-tmp/elastic_rl_gpu_20260726/stage2_1v4_blarge_170_1d06466c_20260727_010651/persistent_one/rl/bert-large/mrpc/s1t0.001_s2t0.001_s2st2.0/stage2_noise/progress/diagnostics/pareto_frontier.html	hy-tmp/elastic_rl_gpu_20260726/stage2_1v4_blarge_170_1d06466c_20260727_010651/persistent_one/rl/bert-large/mrpc/s1t0.001_s2t0.001_s2st2.0/stage2_noise/progress/diagnostics/pareto_frontier.html	external_artifact
e2bfdee4a2db476f4bd833c384a124667efffd8f0de061bbd21ea47aab3f97e0	5961253	file	/hy-tmp/elastic_rl_gpu_20260726/stage2_1v4_blarge_170_1d06466c_20260727_010651/persistent_one/rl/bert-large/mrpc/s1t0.001_s2t0.001_s2st2.0/stage2_noise/progress/diagnostics/pareto_frontier.json	hy-tmp/elastic_rl_gpu_20260726/stage2_1v4_blarge_170_1d06466c_20260727_010651/persistent_one/rl/bert-large/mrpc/s1t0.001_s2t0.001_s2st2.0/stage2_noise/progress/diagnostics/pareto_frontier.json	external_artifact
4668f3d2911dd77c52fdc9ac48361094e98adaa0597d6a7889f14de2bbd5e5e4	3259852	file	/hy-tmp/elastic_rl_gpu_20260726/stage2_1v4_blarge_170_1d06466c_20260727_010651/persistent_one/rl/bert-large/mrpc/s1t0.001_s2t0.001_s2st2.0/stage2_noise/progress/diagnostics/pareto_frontier.jsonl	hy-tmp/elastic_rl_gpu_20260726/stage2_1v4_blarge_170_1d06466c_20260727_010651/persistent_one/rl/bert-large/mrpc/s1t0.001_s2t0.001_s2st2.0/stage2_noise/progress/diagnostics/pareto_frontier.jsonl	external_artifact
720e54e0ff4dd32f8843270b52525e209b2f344b7db14b8dac37b3dd3f78483a	236760	file	/hy-tmp/elastic_rl_gpu_20260726/stage2_1v4_blarge_170_1d06466c_20260727_010651/persistent_one/rl/bert-large/mrpc/s1t0.001_s2t0.001_s2st2.0/stage2_noise/progress/diagnostics/ppo_updates.jsonl	hy-tmp/elastic_rl_gpu_20260726/stage2_1v4_blarge_170_1d06466c_20260727_010651/persistent_one/rl/bert-large/mrpc/s1t0.001_s2t0.001_s2st2.0/stage2_noise/progress/diagnostics/ppo_updates.jsonl	external_artifact
144b26c3d0889cf7573b5b936e89a3e8cb5ac48dc5a11b59766920f3a623169a	16251999	file	/hy-tmp/elastic_rl_gpu_20260726/stage2_1v4_blarge_170_1d06466c_20260727_010651/persistent_one/rl/bert-large/mrpc/s1t0.001_s2t0.001_s2st2.0/stage2_noise/progress/diagnostics/top_candidates.jsonl	hy-tmp/elastic_rl_gpu_20260726/stage2_1v4_blarge_170_1d06466c_20260727_010651/persistent_one/rl/bert-large/mrpc/s1t0.001_s2t0.001_s2st2.0/stage2_noise/progress/diagnostics/top_candidates.jsonl	external_artifact
a65d2ee0667ba0eab78c6ae2484c96622c63c7d90020388b89faed0822d40ce1	341185	file	/hy-tmp/elastic_rl_gpu_20260726/stage2_1v4_blarge_170_1d06466c_20260727_010651/persistent_one/rl/bert-large/mrpc/s1t0.001_s2t0.001_s2st2.0/stage2_noise/progress/layerwise_run_manifest.json	hy-tmp/elastic_rl_gpu_20260726/stage2_1v4_blarge_170_1d06466c_20260727_010651/persistent_one/rl/bert-large/mrpc/s1t0.001_s2t0.001_s2st2.0/stage2_noise/progress/layerwise_run_manifest.json	external_artifact
76d60b266f89c7334fd5d2b1bcd9a8665a02f6b873acca410134e658e309a8e9	383401	file	/hy-tmp/elastic_rl_gpu_20260726/stage2_1v4_blarge_170_1d06466c_20260727_010651/persistent_one/rl/bert-large/mrpc/s1t0.001_s2t0.001_s2st2.0/stage2_noise/progress/layerwise_summary.json	hy-tmp/elastic_rl_gpu_20260726/stage2_1v4_blarge_170_1d06466c_20260727_010651/persistent_one/rl/bert-large/mrpc/s1t0.001_s2t0.001_s2st2.0/stage2_noise/progress/layerwise_summary.json	external_artifact
7758c8a019814de735568a137679d982e7a1edbd410a3bcc326e4d485c71e364	166	file	/hy-tmp/elastic_rl_gpu_20260726/stage2_1v4_blarge_170_1d06466c_20260727_010651/persistent_one/rl/bert-large/mrpc/s1t0.001_s2t0.001_s2st2.0/stage2_noise/progress/rl_data_points_run_id.txt	hy-tmp/elastic_rl_gpu_20260726/stage2_1v4_blarge_170_1d06466c_20260727_010651/persistent_one/rl/bert-large/mrpc/s1t0.001_s2t0.001_s2st2.0/stage2_noise/progress/rl_data_points_run_id.txt	external_artifact
8189a47a2c09fa043d56ac728d292c083d0e651be2d584bb1adc73200b7129c9	5499	file	/hy-tmp/elastic_rl_gpu_20260726/stage2_1v4_blarge_170_1d06466c_20260727_010651/persistent_one/rl/bert-large/mrpc/s1t0.001_s2t0.001_s2st2.0/stage2_noise/pruning_search_log.txt	hy-tmp/elastic_rl_gpu_20260726/stage2_1v4_blarge_170_1d06466c_20260727_010651/persistent_one/rl/bert-large/mrpc/s1t0.001_s2t0.001_s2st2.0/stage2_noise/pruning_search_log.txt	external_artifact
c1785ba2b1d942a1c58441cb3425a77465905eae910f6407ceee3fee5fffc7d3	195	file	/hy-tmp/elastic_rl_gpu_20260726/stage2_1v4_blarge_170_1d06466c_20260727_010651/runs.jsonl	hy-tmp/elastic_rl_gpu_20260726/stage2_1v4_blarge_170_1d06466c_20260727_010651/runs.jsonl	external_artifact
249b9cfccf1652f6e77e73317bad0c85b62a136c3057f0f6c7312d3a97f628ad	76	symlink	/hy-tmp/elastic_rl_gpu_20260726/stage2_1v4_blarge_170_1d06466c_20260727_010651/stage1/record	hy-tmp/elastic_rl_gpu_20260726/stage2_1v4_blarge_170_1d06466c_20260727_010651/stage1/record	external_artifact
f8196c55b0dd7819c38e7d437649fc15f1a7d3636f451d5ae5166203a5e9294d	2153	file	/hy-tmp/elastic_rl_gpu_20260726/stage2_1v4_blarge_170_1d06466c_20260727_010651/stage2_ngpu_gate_verdict.txt	hy-tmp/elastic_rl_gpu_20260726/stage2_1v4_blarge_170_1d06466c_20260727_010651/stage2_ngpu_gate_verdict.txt	external_artifact
e599ed2b3deb5a47727d8afd9562fb33797a852ca57e7701ad29f8954c5dffb3	22024	file	/hy-tmp/elastic_rl_gpu_20260726/stage2_1v4_blarge_170_1d06466c_20260727_010651/stage2_ngpu_speed_ab_stdout.log	hy-tmp/elastic_rl_gpu_20260726/stage2_1v4_blarge_170_1d06466c_20260727_010651/stage2_ngpu_speed_ab_stdout.log	external_artifact
9713e79b7ab750d483d7d74bcbb9ed168f7a9b74bdd52a3f8dc035024ff6c04e	22046	file	/hy-tmp/elastic_rl_gpu_20260726/stage2_1v4_blarge_170_1d06466c_20260727_010651_wrapper.nohup.log	hy-tmp/elastic_rl_gpu_20260726/stage2_1v4_blarge_170_1d06466c_20260727_010651_wrapper.nohup.log	external_artifact
6f4618deb1cb08b9699dc65dd5d56b13c2768c87d7dfd6f7e96a09c3bdba23e6	41	file	/hy-tmp/elastic_rl_gpu_20260726/stage2_1v4_blarge_170_bankbatch_ea6d475d_20260727_041644/HEAD.txt	hy-tmp/elastic_rl_gpu_20260726/stage2_1v4_blarge_170_bankbatch_ea6d475d_20260727_041644/HEAD.txt	external_artifact
db11cf37ec8bc59a8120b91d4224416f881de7fa951fe5999fa6622a7bd2a90c	3066	file	/hy-tmp/elastic_rl_gpu_20260726/stage2_1v4_blarge_170_bankbatch_ea6d475d_20260727_041644/effective_commands.txt	hy-tmp/elastic_rl_gpu_20260726/stage2_1v4_blarge_170_bankbatch_ea6d475d_20260727_041644/effective_commands.txt	external_artifact
eddca69336f0175d39574407f0aced5c936fbbdbdcda038803a1d13fb5bb9c1a	46	file	/hy-tmp/elastic_rl_gpu_20260726/stage2_1v4_blarge_170_bankbatch_ea6d475d_20260727_041644/git_status_short.txt	hy-tmp/elastic_rl_gpu_20260726/stage2_1v4_blarge_170_bankbatch_ea6d475d_20260727_041644/git_status_short.txt	external_artifact
64023d4f5506deda4bb6beb992f9104c0c481db08afdb37e1a09039770f1e584	339	file	/hy-tmp/elastic_rl_gpu_20260726/stage2_1v4_blarge_170_bankbatch_ea6d475d_20260727_041644/gpu_inventory_pre.csv	hy-tmp/elastic_rl_gpu_20260726/stage2_1v4_blarge_170_bankbatch_ea6d475d_20260727_041644/gpu_inventory_pre.csv	external_artifact
8cab4f36054f7e8e85d8db30873fe2326d5f4e55429b6e9bd08ec44817e63f46	2883311	file	/hy-tmp/elastic_rl_gpu_20260726/stage2_1v4_blarge_170_bankbatch_ea6d475d_20260727_041644/many_episodes.jsonl	hy-tmp/elastic_rl_gpu_20260726/stage2_1v4_blarge_170_bankbatch_ea6d475d_20260727_041644/many_episodes.jsonl	external_artifact
d79e0ac21c61cd77af6762f5c05ad16b34efdb05341ef68b7895cfbfffd32e7d	2758	file	/hy-tmp/elastic_rl_gpu_20260726/stage2_1v4_blarge_170_bankbatch_ea6d475d_20260727_041644/many_gpu_utilization.json	hy-tmp/elastic_rl_gpu_20260726/stage2_1v4_blarge_170_bankbatch_ea6d475d_20260727_041644/many_gpu_utilization.json	external_artifact
bde99a584d9549ed82fa8523ac6b11fdf96e4ee0c581bb5449ceb72fdd13e203	1416	file	/hy-tmp/elastic_rl_gpu_20260726/stage2_1v4_blarge_170_bankbatch_ea6d475d_20260727_041644/many_gpu_utilization.md	hy-tmp/elastic_rl_gpu_20260726/stage2_1v4_blarge_170_bankbatch_ea6d475d_20260727_041644/many_gpu_utilization.md	external_artifact
a8c74fbd2ee51c86b7d67ea8ee48ce2517bbf4cc2c88efea73bf9d025962bc4f	7452	file	/hy-tmp/elastic_rl_gpu_20260726/stage2_1v4_blarge_170_bankbatch_ea6d475d_20260727_041644/many_launch.log	hy-tmp/elastic_rl_gpu_20260726/stage2_1v4_blarge_170_bankbatch_ea6d475d_20260727_041644/many_launch.log	external_artifact
adf1eeb25d82c356f929e11bd838143b64a45921211a442fd333913658cdce80	335510	file	/hy-tmp/elastic_rl_gpu_20260726/stage2_1v4_blarge_170_bankbatch_ea6d475d_20260727_041644/many_nvidia_smi.csv	hy-tmp/elastic_rl_gpu_20260726/stage2_1v4_blarge_170_bankbatch_ea6d475d_20260727_041644/many_nvidia_smi.csv	external_artifact
be45fc9454ee253b978224efe920a1026f9f14a7347a3cb96a8cb2b42fd39be3	236761	file	/hy-tmp/elastic_rl_gpu_20260726/stage2_1v4_blarge_170_bankbatch_ea6d475d_20260727_041644/many_ppo_updates.jsonl	hy-tmp/elastic_rl_gpu_20260726/stage2_1v4_blarge_170_bankbatch_ea6d475d_20260727_041644/many_ppo_updates.jsonl	external_artifact
7c2080d60f435da7a968e7fb84699e07ba71c321c53c2f20ac4865c780ba590c	5	file	/hy-tmp/elastic_rl_gpu_20260726/stage2_1v4_blarge_170_bankbatch_ea6d475d_20260727_041644/many_wall_seconds.txt	hy-tmp/elastic_rl_gpu_20260726/stage2_1v4_blarge_170_bankbatch_ea6d475d_20260727_041644/many_wall_seconds.txt	external_artifact
86c2cb11ec8cb094f46e3b05c1fe7924dbe6884da8766bfa18dc138f7e3bfaa8	598	file	/hy-tmp/elastic_rl_gpu_20260726/stage2_1v4_blarge_170_bankbatch_ea6d475d_20260727_041644/old_vs_new_one_strict_scientific_equivalence.json	hy-tmp/elastic_rl_gpu_20260726/stage2_1v4_blarge_170_bankbatch_ea6d475d_20260727_041644/old_vs_new_one_strict_scientific_equivalence.json	external_artifact
d31738ade79790ecf22c2ce7f90f049dc17888cbceac667efb4912f6371939d3	2876720	file	/hy-tmp/elastic_rl_gpu_20260726/stage2_1v4_blarge_170_bankbatch_ea6d475d_20260727_041644/one_episodes.jsonl	hy-tmp/elastic_rl_gpu_20260726/stage2_1v4_blarge_170_bankbatch_ea6d475d_20260727_041644/one_episodes.jsonl	external_artifact
60afc4ebb79fd370efb8c6b9d9e22e670a1277c4a3d1967fd4ab6d780b987efb	1998	file	/hy-tmp/elastic_rl_gpu_20260726/stage2_1v4_blarge_170_bankbatch_ea6d475d_20260727_041644/one_gpu_utilization.json	hy-tmp/elastic_rl_gpu_20260726/stage2_1v4_blarge_170_bankbatch_ea6d475d_20260727_041644/one_gpu_utilization.json	external_artifact
32caec7f6e44ddc25b662ad49576658706fabdcd78c45021647d1db3c0be068f	1121	file	/hy-tmp/elastic_rl_gpu_20260726/stage2_1v4_blarge_170_bankbatch_ea6d475d_20260727_041644/one_gpu_utilization.md	hy-tmp/elastic_rl_gpu_20260726/stage2_1v4_blarge_170_bankbatch_ea6d475d_20260727_041644/one_gpu_utilization.md	external_artifact
398eea22c92dea0b4653c7b5c338c59e04316087fd0c96afc77ec90c57fa52a3	7427	file	/hy-tmp/elastic_rl_gpu_20260726/stage2_1v4_blarge_170_bankbatch_ea6d475d_20260727_041644/one_launch.log	hy-tmp/elastic_rl_gpu_20260726/stage2_1v4_blarge_170_bankbatch_ea6d475d_20260727_041644/one_launch.log	external_artifact
8fe6582557e708422a0552442a7414b3f12ae58066dcf246f1ce8fe84ab9afc5	1123924	file	/hy-tmp/elastic_rl_gpu_20260726/stage2_1v4_blarge_170_bankbatch_ea6d475d_20260727_041644/one_nvidia_smi.csv	hy-tmp/elastic_rl_gpu_20260726/stage2_1v4_blarge_170_bankbatch_ea6d475d_20260727_041644/one_nvidia_smi.csv	external_artifact
3e62db70d2dceeb4a735ef0500a29486aa0013deb0a67d1a5e6017d9d5dffa08	236760	file	/hy-tmp/elastic_rl_gpu_20260726/stage2_1v4_blarge_170_bankbatch_ea6d475d_20260727_041644/one_ppo_updates.jsonl	hy-tmp/elastic_rl_gpu_20260726/stage2_1v4_blarge_170_bankbatch_ea6d475d_20260727_041644/one_ppo_updates.jsonl	external_artifact
9dea2e72dfb7aa9ecefcd29a6c85db115a6a6d27e54b223106cf645354ed0479	5	file	/hy-tmp/elastic_rl_gpu_20260726/stage2_1v4_blarge_170_bankbatch_ea6d475d_20260727_041644/one_wall_seconds.txt	hy-tmp/elastic_rl_gpu_20260726/stage2_1v4_blarge_170_bankbatch_ea6d475d_20260727_041644/one_wall_seconds.txt	external_artifact
25c072de9d40b3d4f068aec694002f6fa777f89d5769cdb0003cbd6171147f1e	200	file	/hy-tmp/elastic_rl_gpu_20260726/stage2_1v4_blarge_170_bankbatch_ea6d475d_20260727_041644/persistent_many/rl/bert-large/mrpc/.s1t0.001_s2t0.001_s2st2.0.stage2_rl.lock	hy-tmp/elastic_rl_gpu_20260726/stage2_1v4_blarge_170_bankbatch_ea6d475d_20260727_041644/persistent_many/rl/bert-large/mrpc/.s1t0.001_s2t0.001_s2st2.0.stage2_rl.lock	external_artifact
d62e218221b7c6f971588362b7bec3a4baad3b6bd2b48fdc556d37448c1fb048	7	file	/hy-tmp/elastic_rl_gpu_20260726/stage2_1v4_blarge_170_bankbatch_ea6d475d_20260727_041644/persistent_many/rl/bert-large/mrpc/LATEST_PID	hy-tmp/elastic_rl_gpu_20260726/stage2_1v4_blarge_170_bankbatch_ea6d475d_20260727_041644/persistent_many/rl/bert-large/mrpc/LATEST_PID	external_artifact
b349e6bf6c6c8f3984df9d56f9325c3c8cffa1f9e48c849b68a7117cac2f04a4	150	file	/hy-tmp/elastic_rl_gpu_20260726/stage2_1v4_blarge_170_bankbatch_ea6d475d_20260727_041644/persistent_many/rl/bert-large/mrpc/LATEST_RUN_DIR	hy-tmp/elastic_rl_gpu_20260726/stage2_1v4_blarge_170_bankbatch_ea6d475d_20260727_041644/persistent_many/rl/bert-large/mrpc/LATEST_RUN_DIR	external_artifact
93add458d365131621aa0b184e9697594e47df463059defbeec8a43228530977	213	file	/hy-tmp/elastic_rl_gpu_20260726/stage2_1v4_blarge_170_bankbatch_ea6d475d_20260727_041644/persistent_many/rl/bert-large/mrpc/s1t0.001_s2t0.001_s2st2.0/best_policy/constraint_metadata.json	hy-tmp/elastic_rl_gpu_20260726/stage2_1v4_blarge_170_bankbatch_ea6d475d_20260727_041644/persistent_many/rl/bert-large/mrpc/s1t0.001_s2t0.001_s2st2.0/best_policy/constraint_metadata.json	external_artifact
02d934380982983242df72ac38d5996a58710db88d3273eee7600c8fe746fed9	32938	file	/hy-tmp/elastic_rl_gpu_20260726/stage2_1v4_blarge_170_bankbatch_ea6d475d_20260727_041644/persistent_many/rl/bert-large/mrpc/s1t0.001_s2t0.001_s2st2.0/logs/blb_stage2_rl.log	hy-tmp/elastic_rl_gpu_20260726/stage2_1v4_blarge_170_bankbatch_ea6d475d_20260727_041644/persistent_many/rl/bert-large/mrpc/s1t0.001_s2t0.001_s2st2.0/logs/blb_stage2_rl.log	external_artifact
8e5b777ffaaf33146a425edf9381c6346f007dadc9f284a06e5732a280681843	515	file	/hy-tmp/elastic_rl_gpu_20260726/stage2_1v4_blarge_170_bankbatch_ea6d475d_20260727_041644/persistent_many/rl/bert-large/mrpc/s1t0.001_s2t0.001_s2st2.0/logs/elastic_gpu_health_events.jsonl	hy-tmp/elastic_rl_gpu_20260726/stage2_1v4_blarge_170_bankbatch_ea6d475d_20260727_041644/persistent_many/rl/bert-large/mrpc/s1t0.001_s2t0.001_s2st2.0/logs/elastic_gpu_health_events.jsonl	external_artifact
5e48a62b645abfaa40853dc78488ec9fce6ad8f2655b8bd98c1ee60cf5ab3fa5	826	file	/hy-tmp/elastic_rl_gpu_20260726/stage2_1v4_blarge_170_bankbatch_ea6d475d_20260727_041644/persistent_many/rl/bert-large/mrpc/s1t0.001_s2t0.001_s2st2.0/metadata.json	hy-tmp/elastic_rl_gpu_20260726/stage2_1v4_blarge_170_bankbatch_ea6d475d_20260727_041644/persistent_many/rl/bert-large/mrpc/s1t0.001_s2t0.001_s2st2.0/metadata.json	external_artifact
d62e218221b7c6f971588362b7bec3a4baad3b6bd2b48fdc556d37448c1fb048	7	file	/hy-tmp/elastic_rl_gpu_20260726/stage2_1v4_blarge_170_bankbatch_ea6d475d_20260727_041644/persistent_many/rl/bert-large/mrpc/s1t0.001_s2t0.001_s2st2.0/rl.pid	hy-tmp/elastic_rl_gpu_20260726/stage2_1v4_blarge_170_bankbatch_ea6d475d_20260727_041644/persistent_many/rl/bert-large/mrpc/s1t0.001_s2t0.001_s2st2.0/rl.pid	external_artifact
d62e218221b7c6f971588362b7bec3a4baad3b6bd2b48fdc556d37448c1fb048	7	file	/hy-tmp/elastic_rl_gpu_20260726/stage2_1v4_blarge_170_bankbatch_ea6d475d_20260727_041644/persistent_many/rl/bert-large/mrpc/s1t0.001_s2t0.001_s2st2.0/run.pid	hy-tmp/elastic_rl_gpu_20260726/stage2_1v4_blarge_170_bankbatch_ea6d475d_20260727_041644/persistent_many/rl/bert-large/mrpc/s1t0.001_s2t0.001_s2st2.0/run.pid	external_artifact
fd22206c7cdaa4a4a06bf06f392d3098077496feddc13cd894864ef4e9fc9f97	1573	file	/hy-tmp/elastic_rl_gpu_20260726/stage2_1v4_blarge_170_bankbatch_ea6d475d_20260727_041644/persistent_many/rl/bert-large/mrpc/s1t0.001_s2t0.001_s2st2.0/stage1/pruning_search_log.txt	hy-tmp/elastic_rl_gpu_20260726/stage2_1v4_blarge_170_bankbatch_ea6d475d_20260727_041644/persistent_many/rl/bert-large/mrpc/s1t0.001_s2t0.001_s2st2.0/stage1/pruning_search_log.txt	external_artifact
5634cdf3e71b65d6c439edc5ffa7cd0fb6a297b176d4be662df9c39592c0a248	1133	file	/hy-tmp/elastic_rl_gpu_20260726/stage2_1v4_blarge_170_bankbatch_ea6d475d_20260727_041644/persistent_many/rl/bert-large/mrpc/s1t0.001_s2t0.001_s2st2.0/stage2_noise/progress/blb_stage2_live_summary.md	hy-tmp/elastic_rl_gpu_20260726/stage2_1v4_blarge_170_bankbatch_ea6d475d_20260727_041644/persistent_many/rl/bert-large/mrpc/s1t0.001_s2t0.001_s2st2.0/stage2_noise/progress/blb_stage2_live_summary.md	external_artifact
cd11b41fbfb644e4e93c1c3bf6a3e2239c72901eefba6dd57b75c467f4ce9c70	8379328	file	/hy-tmp/elastic_rl_gpu_20260726/stage2_1v4_blarge_170_bankbatch_ea6d475d_20260727_041644/persistent_many/rl/bert-large/mrpc/s1t0.001_s2t0.001_s2st2.0/stage2_noise/progress/blb_stage2_rl_checkpoint_live.pt	hy-tmp/elastic_rl_gpu_20260726/stage2_1v4_blarge_170_bankbatch_ea6d475d_20260727_041644/persistent_many/rl/bert-large/mrpc/s1t0.001_s2t0.001_s2st2.0/stage2_noise/progress/blb_stage2_rl_checkpoint_live.pt	external_artifact
562bfc5d78e7a95e5e8a97506f84274f6ed67c46864ddaf9ec87f49546db10ad	303582	file	/hy-tmp/elastic_rl_gpu_20260726/stage2_1v4_blarge_170_bankbatch_ea6d475d_20260727_041644/persistent_many/rl/bert-large/mrpc/s1t0.001_s2t0.001_s2st2.0/stage2_noise/progress/blb_stage2_status.json	hy-tmp/elastic_rl_gpu_20260726/stage2_1v4_blarge_170_bankbatch_ea6d475d_20260727_041644/persistent_many/rl/bert-large/mrpc/s1t0.001_s2t0.001_s2st2.0/stage2_noise/progress/blb_stage2_status.json	external_artifact
a5075429ea93aa7f0cc17e78cce347b6c24fc1c4ffec49b10ad801722bec4817	10848	file	/hy-tmp/elastic_rl_gpu_20260726/stage2_1v4_blarge_170_bankbatch_ea6d475d_20260727_041644/persistent_many/rl/bert-large/mrpc/s1t0.001_s2t0.001_s2st2.0/stage2_noise/progress/blb_stage2_training_curve.npz	hy-tmp/elastic_rl_gpu_20260726/stage2_1v4_blarge_170_bankbatch_ea6d475d_20260727_041644/persistent_many/rl/bert-large/mrpc/s1t0.001_s2t0.001_s2st2.0/stage2_noise/progress/blb_stage2_training_curve.npz	external_artifact
b5f53c3193a74cdb4f9055cc12ea2dd5d03db94da7100e95bffc3553151c5caa	11875257	file	/hy-tmp/elastic_rl_gpu_20260726/stage2_1v4_blarge_170_bankbatch_ea6d475d_20260727_041644/persistent_many/rl/bert-large/mrpc/s1t0.001_s2t0.001_s2st2.0/stage2_noise/progress/candidate_store.jsonl	hy-tmp/elastic_rl_gpu_20260726/stage2_1v4_blarge_170_bankbatch_ea6d475d_20260727_041644/persistent_many/rl/bert-large/mrpc/s1t0.001_s2t0.001_s2st2.0/stage2_noise/progress/candidate_store.jsonl	external_artifact
551b280d73f1d4ef561195ab39f390bbdb19a26518e6c9225b2981bcde0e7231	897802	file	/hy-tmp/elastic_rl_gpu_20260726/stage2_1v4_blarge_170_bankbatch_ea6d475d_20260727_041644/persistent_many/rl/bert-large/mrpc/s1t0.001_s2t0.001_s2st2.0/stage2_noise/progress/diagnostics/action_histogram.npz	hy-tmp/elastic_rl_gpu_20260726/stage2_1v4_blarge_170_bankbatch_ea6d475d_20260727_041644/persistent_many/rl/bert-large/mrpc/s1t0.001_s2t0.001_s2st2.0/stage2_noise/progress/diagnostics/action_histogram.npz	external_artifact
2ff9e22b824022e5d8b6ad754b6106baf165949c96d59bdb39696a7347f29567	1174524	file	/hy-tmp/elastic_rl_gpu_20260726/stage2_1v4_blarge_170_bankbatch_ea6d475d_20260727_041644/persistent_many/rl/bert-large/mrpc/s1t0.001_s2t0.001_s2st2.0/stage2_noise/progress/diagnostics/baseline_action_vec.json	hy-tmp/elastic_rl_gpu_20260726/stage2_1v4_blarge_170_bankbatch_ea6d475d_20260727_041644/persistent_many/rl/bert-large/mrpc/s1t0.001_s2t0.001_s2st2.0/stage2_noise/progress/diagnostics/baseline_action_vec.json	external_artifact
154cdf2b61a8afd48484e07afede766678dffeac02628a5854d06c6e7350adfc	1273168	file	/hy-tmp/elastic_rl_gpu_20260726/stage2_1v4_blarge_170_bankbatch_ea6d475d_20260727_041644/persistent_many/rl/bert-large/mrpc/s1t0.001_s2t0.001_s2st2.0/stage2_noise/progress/diagnostics/best_action_vec.json	hy-tmp/elastic_rl_gpu_20260726/stage2_1v4_blarge_170_bankbatch_ea6d475d_20260727_041644/persistent_many/rl/bert-large/mrpc/s1t0.001_s2t0.001_s2st2.0/stage2_noise/progress/diagnostics/best_action_vec.json	external_artifact
6f3f9fcdb895e214f28081ee75fd2f2189245879d08041b5e74ca7cea14d4e38	123	file	/hy-tmp/elastic_rl_gpu_20260726/stage2_1v4_blarge_170_bankbatch_ea6d475d_20260727_041644/persistent_many/rl/bert-large/mrpc/s1t0.001_s2t0.001_s2st2.0/stage2_noise/progress/diagnostics/blb_stage2_health.log	hy-tmp/elastic_rl_gpu_20260726/stage2_1v4_blarge_170_bankbatch_ea6d475d_20260727_041644/persistent_many/rl/bert-large/mrpc/s1t0.001_s2t0.001_s2st2.0/stage2_noise/progress/diagnostics/blb_stage2_health.log	external_artifact
9813b44b647606fcfb7366e9219e10f038a8f7b7e24d51abd40443d27512202c	35639	file	/hy-tmp/elastic_rl_gpu_20260726/stage2_1v4_blarge_170_bankbatch_ea6d475d_20260727_041644/persistent_many/rl/bert-large/mrpc/s1t0.001_s2t0.001_s2st2.0/stage2_noise/progress/diagnostics/diagnostics_summary.md	hy-tmp/elastic_rl_gpu_20260726/stage2_1v4_blarge_170_bankbatch_ea6d475d_20260727_041644/persistent_many/rl/bert-large/mrpc/s1t0.001_s2t0.001_s2st2.0/stage2_noise/progress/diagnostics/diagnostics_summary.md	external_artifact
8cab4f36054f7e8e85d8db30873fe2326d5f4e55429b6e9bd08ec44817e63f46	2883311	file	/hy-tmp/elastic_rl_gpu_20260726/stage2_1v4_blarge_170_bankbatch_ea6d475d_20260727_041644/persistent_many/rl/bert-large/mrpc/s1t0.001_s2t0.001_s2st2.0/stage2_noise/progress/diagnostics/episodes.jsonl	hy-tmp/elastic_rl_gpu_20260726/stage2_1v4_blarge_170_bankbatch_ea6d475d_20260727_041644/persistent_many/rl/bert-large/mrpc/s1t0.001_s2t0.001_s2st2.0/stage2_noise/progress/diagnostics/episodes.jsonl	external_artifact
44136fa355b3678a1146ad16f7e8649e94fb4fc21fe77e8310c060f61caaff8a	2	file	/hy-tmp/elastic_rl_gpu_20260726/stage2_1v4_blarge_170_bankbatch_ea6d475d_20260727_041644/persistent_many/rl/bert-large/mrpc/s1t0.001_s2t0.001_s2st2.0/stage2_noise/progress/diagnostics/first_invalid_counts.json	hy-tmp/elastic_rl_gpu_20260726/stage2_1v4_blarge_170_bankbatch_ea6d475d_20260727_041644/persistent_many/rl/bert-large/mrpc/s1t0.001_s2t0.001_s2st2.0/stage2_noise/progress/diagnostics/first_invalid_counts.json	external_artifact
4a4bcb235e02abee1f43f215c09b226f2b23f83d58ab8cae6a5f39d2e7e65e92	3790	file	/hy-tmp/elastic_rl_gpu_20260726/stage2_1v4_blarge_170_bankbatch_ea6d475d_20260727_041644/persistent_many/rl/bert-large/mrpc/s1t0.001_s2t0.001_s2st2.0/stage2_noise/progress/diagnostics/pareto_frontier.html	hy-tmp/elastic_rl_gpu_20260726/stage2_1v4_blarge_170_bankbatch_ea6d475d_20260727_041644/persistent_many/rl/bert-large/mrpc/s1t0.001_s2t0.001_s2st2.0/stage2_noise/progress/diagnostics/pareto_frontier.html	external_artifact
22083ffdbc9e9bb7ea8bcab9c4afe3048c4675980b7cc9654124ce80330322ba	5961253	file	/hy-tmp/elastic_rl_gpu_20260726/stage2_1v4_blarge_170_bankbatch_ea6d475d_20260727_041644/persistent_many/rl/bert-large/mrpc/s1t0.001_s2t0.001_s2st2.0/stage2_noise/progress/diagnostics/pareto_frontier.json	hy-tmp/elastic_rl_gpu_20260726/stage2_1v4_blarge_170_bankbatch_ea6d475d_20260727_041644/persistent_many/rl/bert-large/mrpc/s1t0.001_s2t0.001_s2st2.0/stage2_noise/progress/diagnostics/pareto_frontier.json	external_artifact
4668f3d2911dd77c52fdc9ac48361094e98adaa0597d6a7889f14de2bbd5e5e4	3259852	file	/hy-tmp/elastic_rl_gpu_20260726/stage2_1v4_blarge_170_bankbatch_ea6d475d_20260727_041644/persistent_many/rl/bert-large/mrpc/s1t0.001_s2t0.001_s2st2.0/stage2_noise/progress/diagnostics/pareto_frontier.jsonl	hy-tmp/elastic_rl_gpu_20260726/stage2_1v4_blarge_170_bankbatch_ea6d475d_20260727_041644/persistent_many/rl/bert-large/mrpc/s1t0.001_s2t0.001_s2st2.0/stage2_noise/progress/diagnostics/pareto_frontier.jsonl	external_artifact
be45fc9454ee253b978224efe920a1026f9f14a7347a3cb96a8cb2b42fd39be3	236761	file	/hy-tmp/elastic_rl_gpu_20260726/stage2_1v4_blarge_170_bankbatch_ea6d475d_20260727_041644/persistent_many/rl/bert-large/mrpc/s1t0.001_s2t0.001_s2st2.0/stage2_noise/progress/diagnostics/ppo_updates.jsonl	hy-tmp/elastic_rl_gpu_20260726/stage2_1v4_blarge_170_bankbatch_ea6d475d_20260727_041644/persistent_many/rl/bert-large/mrpc/s1t0.001_s2t0.001_s2st2.0/stage2_noise/progress/diagnostics/ppo_updates.jsonl	external_artifact
144b26c3d0889cf7573b5b936e89a3e8cb5ac48dc5a11b59766920f3a623169a	16251999	file	/hy-tmp/elastic_rl_gpu_20260726/stage2_1v4_blarge_170_bankbatch_ea6d475d_20260727_041644/persistent_many/rl/bert-large/mrpc/s1t0.001_s2t0.001_s2st2.0/stage2_noise/progress/diagnostics/top_candidates.jsonl	hy-tmp/elastic_rl_gpu_20260726/stage2_1v4_blarge_170_bankbatch_ea6d475d_20260727_041644/persistent_many/rl/bert-large/mrpc/s1t0.001_s2t0.001_s2st2.0/stage2_noise/progress/diagnostics/top_candidates.jsonl	external_artifact
051773d603e8dca9b29e71a6ce6b2d3696c3ce1ea27684c35e7749770d943a95	341185	file	/hy-tmp/elastic_rl_gpu_20260726/stage2_1v4_blarge_170_bankbatch_ea6d475d_20260727_041644/persistent_many/rl/bert-large/mrpc/s1t0.001_s2t0.001_s2st2.0/stage2_noise/progress/layerwise_run_manifest.json	hy-tmp/elastic_rl_gpu_20260726/stage2_1v4_blarge_170_bankbatch_ea6d475d_20260727_041644/persistent_many/rl/bert-large/mrpc/s1t0.001_s2t0.001_s2st2.0/stage2_noise/progress/layerwise_run_manifest.json	external_artifact
f185bcc74a9537edd3cf478fd326b0c6cbd667f8074211d130f400792544335a	383434	file	/hy-tmp/elastic_rl_gpu_20260726/stage2_1v4_blarge_170_bankbatch_ea6d475d_20260727_041644/persistent_many/rl/bert-large/mrpc/s1t0.001_s2t0.001_s2st2.0/stage2_noise/progress/layerwise_summary.json	hy-tmp/elastic_rl_gpu_20260726/stage2_1v4_blarge_170_bankbatch_ea6d475d_20260727_041644/persistent_many/rl/bert-large/mrpc/s1t0.001_s2t0.001_s2st2.0/stage2_noise/progress/layerwise_summary.json	external_artifact
78486280b97c54a65b377a56e3d772e394a10c68b1c3ba6e99e7b25307a0bc18	177	file	/hy-tmp/elastic_rl_gpu_20260726/stage2_1v4_blarge_170_bankbatch_ea6d475d_20260727_041644/persistent_many/rl/bert-large/mrpc/s1t0.001_s2t0.001_s2st2.0/stage2_noise/progress/rl_data_points_run_id.txt	hy-tmp/elastic_rl_gpu_20260726/stage2_1v4_blarge_170_bankbatch_ea6d475d_20260727_041644/persistent_many/rl/bert-large/mrpc/s1t0.001_s2t0.001_s2st2.0/stage2_noise/progress/rl_data_points_run_id.txt	external_artifact
b7809092edb9fd949d720cf750e1c80b6351cf002f261d95bafc40bf2e55b361	6096	file	/hy-tmp/elastic_rl_gpu_20260726/stage2_1v4_blarge_170_bankbatch_ea6d475d_20260727_041644/persistent_many/rl/bert-large/mrpc/s1t0.001_s2t0.001_s2st2.0/stage2_noise/pruning_search_log.txt	hy-tmp/elastic_rl_gpu_20260726/stage2_1v4_blarge_170_bankbatch_ea6d475d_20260727_041644/persistent_many/rl/bert-large/mrpc/s1t0.001_s2t0.001_s2st2.0/stage2_noise/pruning_search_log.txt	external_artifact
b8aa7040d7ff92a6e722d68e857fdec4a3ba0bdb03899971f8f48b8fd668a169	200	file	/hy-tmp/elastic_rl_gpu_20260726/stage2_1v4_blarge_170_bankbatch_ea6d475d_20260727_041644/persistent_one/rl/bert-large/mrpc/.s1t0.001_s2t0.001_s2st2.0.stage2_rl.lock	hy-tmp/elastic_rl_gpu_20260726/stage2_1v4_blarge_170_bankbatch_ea6d475d_20260727_041644/persistent_one/rl/bert-large/mrpc/.s1t0.001_s2t0.001_s2st2.0.stage2_rl.lock	external_artifact
bef59730a97849c2c1562ba1957afe94a41e1ed4fed91551d822e8e5b896858b	7	file	/hy-tmp/elastic_rl_gpu_20260726/stage2_1v4_blarge_170_bankbatch_ea6d475d_20260727_041644/persistent_one/rl/bert-large/mrpc/LATEST_PID	hy-tmp/elastic_rl_gpu_20260726/stage2_1v4_blarge_170_bankbatch_ea6d475d_20260727_041644/persistent_one/rl/bert-large/mrpc/LATEST_PID	external_artifact
8c80d08a82d6bdb330574b9f8615eb5557440f6bcb1db68623846845b403cb04	149	file	/hy-tmp/elastic_rl_gpu_20260726/stage2_1v4_blarge_170_bankbatch_ea6d475d_20260727_041644/persistent_one/rl/bert-large/mrpc/LATEST_RUN_DIR	hy-tmp/elastic_rl_gpu_20260726/stage2_1v4_blarge_170_bankbatch_ea6d475d_20260727_041644/persistent_one/rl/bert-large/mrpc/LATEST_RUN_DIR	external_artifact
93add458d365131621aa0b184e9697594e47df463059defbeec8a43228530977	213	file	/hy-tmp/elastic_rl_gpu_20260726/stage2_1v4_blarge_170_bankbatch_ea6d475d_20260727_041644/persistent_one/rl/bert-large/mrpc/s1t0.001_s2t0.001_s2st2.0/best_policy/constraint_metadata.json	hy-tmp/elastic_rl_gpu_20260726/stage2_1v4_blarge_170_bankbatch_ea6d475d_20260727_041644/persistent_one/rl/bert-large/mrpc/s1t0.001_s2t0.001_s2st2.0/best_policy/constraint_metadata.json	external_artifact
498498468629013b6c5bac503e415199499abcb47993c2521d347c393c1aae7e	15024	file	/hy-tmp/elastic_rl_gpu_20260726/stage2_1v4_blarge_170_bankbatch_ea6d475d_20260727_041644/persistent_one/rl/bert-large/mrpc/s1t0.001_s2t0.001_s2st2.0/logs/blb_stage2_rl.log	hy-tmp/elastic_rl_gpu_20260726/stage2_1v4_blarge_170_bankbatch_ea6d475d_20260727_041644/persistent_one/rl/bert-large/mrpc/s1t0.001_s2t0.001_s2st2.0/logs/blb_stage2_rl.log	external_artifact
b872f773c2253cf291032b9d850868386c96df9cc680791c7ee9b01080c698a8	362	file	/hy-tmp/elastic_rl_gpu_20260726/stage2_1v4_blarge_170_bankbatch_ea6d475d_20260727_041644/persistent_one/rl/bert-large/mrpc/s1t0.001_s2t0.001_s2st2.0/logs/elastic_gpu_health_events.jsonl	hy-tmp/elastic_rl_gpu_20260726/stage2_1v4_blarge_170_bankbatch_ea6d475d_20260727_041644/persistent_one/rl/bert-large/mrpc/s1t0.001_s2t0.001_s2st2.0/logs/elastic_gpu_health_events.jsonl	external_artifact
de52def6cd6a410f3924d7ea226fa748894fa0b58c10a4de8c439aeed2b0e578	826	file	/hy-tmp/elastic_rl_gpu_20260726/stage2_1v4_blarge_170_bankbatch_ea6d475d_20260727_041644/persistent_one/rl/bert-large/mrpc/s1t0.001_s2t0.001_s2st2.0/metadata.json	hy-tmp/elastic_rl_gpu_20260726/stage2_1v4_blarge_170_bankbatch_ea6d475d_20260727_041644/persistent_one/rl/bert-large/mrpc/s1t0.001_s2t0.001_s2st2.0/metadata.json	external_artifact
bef59730a97849c2c1562ba1957afe94a41e1ed4fed91551d822e8e5b896858b	7	file	/hy-tmp/elastic_rl_gpu_20260726/stage2_1v4_blarge_170_bankbatch_ea6d475d_20260727_041644/persistent_one/rl/bert-large/mrpc/s1t0.001_s2t0.001_s2st2.0/rl.pid	hy-tmp/elastic_rl_gpu_20260726/stage2_1v4_blarge_170_bankbatch_ea6d475d_20260727_041644/persistent_one/rl/bert-large/mrpc/s1t0.001_s2t0.001_s2st2.0/rl.pid	external_artifact
bef59730a97849c2c1562ba1957afe94a41e1ed4fed91551d822e8e5b896858b	7	file	/hy-tmp/elastic_rl_gpu_20260726/stage2_1v4_blarge_170_bankbatch_ea6d475d_20260727_041644/persistent_one/rl/bert-large/mrpc/s1t0.001_s2t0.001_s2st2.0/run.pid	hy-tmp/elastic_rl_gpu_20260726/stage2_1v4_blarge_170_bankbatch_ea6d475d_20260727_041644/persistent_one/rl/bert-large/mrpc/s1t0.001_s2t0.001_s2st2.0/run.pid	external_artifact
5a9b89b16b8bbef768900d369bb90f3012f1aa443e2d59cd9c4caeceb5c6d060	1572	file	/hy-tmp/elastic_rl_gpu_20260726/stage2_1v4_blarge_170_bankbatch_ea6d475d_20260727_041644/persistent_one/rl/bert-large/mrpc/s1t0.001_s2t0.001_s2st2.0/stage1/pruning_search_log.txt	hy-tmp/elastic_rl_gpu_20260726/stage2_1v4_blarge_170_bankbatch_ea6d475d_20260727_041644/persistent_one/rl/bert-large/mrpc/s1t0.001_s2t0.001_s2st2.0/stage1/pruning_search_log.txt	external_artifact
942685d8bce4cec70a2081cd3e79f745ae59592f9ba0eb82f11310a7d5600ef5	1133	file	/hy-tmp/elastic_rl_gpu_20260726/stage2_1v4_blarge_170_bankbatch_ea6d475d_20260727_041644/persistent_one/rl/bert-large/mrpc/s1t0.001_s2t0.001_s2st2.0/stage2_noise/progress/blb_stage2_live_summary.md	hy-tmp/elastic_rl_gpu_20260726/stage2_1v4_blarge_170_bankbatch_ea6d475d_20260727_041644/persistent_one/rl/bert-large/mrpc/s1t0.001_s2t0.001_s2st2.0/stage2_noise/progress/blb_stage2_live_summary.md	external_artifact
0183b8ea5b53f33e7f20804981550687f45d46294671a48174711d701dcf1384	8378427	file	/hy-tmp/elastic_rl_gpu_20260726/stage2_1v4_blarge_170_bankbatch_ea6d475d_20260727_041644/persistent_one/rl/bert-large/mrpc/s1t0.001_s2t0.001_s2st2.0/stage2_noise/progress/blb_stage2_rl_checkpoint_live.pt	hy-tmp/elastic_rl_gpu_20260726/stage2_1v4_blarge_170_bankbatch_ea6d475d_20260727_041644/persistent_one/rl/bert-large/mrpc/s1t0.001_s2t0.001_s2st2.0/stage2_noise/progress/blb_stage2_rl_checkpoint_live.pt	external_artifact
93e368975eb97a808dc65df7ba808c9e9ccd9a9ebeed196787bfa1ec14b7feb1	303582	file	/hy-tmp/elastic_rl_gpu_20260726/stage2_1v4_blarge_170_bankbatch_ea6d475d_20260727_041644/persistent_one/rl/bert-large/mrpc/s1t0.001_s2t0.001_s2st2.0/stage2_noise/progress/blb_stage2_status.json	hy-tmp/elastic_rl_gpu_20260726/stage2_1v4_blarge_170_bankbatch_ea6d475d_20260727_041644/persistent_one/rl/bert-large/mrpc/s1t0.001_s2t0.001_s2st2.0/stage2_noise/progress/blb_stage2_status.json	external_artifact
a5075429ea93aa7f0cc17e78cce347b6c24fc1c4ffec49b10ad801722bec4817	10848	file	/hy-tmp/elastic_rl_gpu_20260726/stage2_1v4_blarge_170_bankbatch_ea6d475d_20260727_041644/persistent_one/rl/bert-large/mrpc/s1t0.001_s2t0.001_s2st2.0/stage2_noise/progress/blb_stage2_training_curve.npz	hy-tmp/elastic_rl_gpu_20260726/stage2_1v4_blarge_170_bankbatch_ea6d475d_20260727_041644/persistent_one/rl/bert-large/mrpc/s1t0.001_s2t0.001_s2st2.0/stage2_noise/progress/blb_stage2_training_curve.npz	external_artifact
2793d72cca59a83bbebeb9152bdf868f7ae83746fac9cc844371b002bd84f124	11875257	file	/hy-tmp/elastic_rl_gpu_20260726/stage2_1v4_blarge_170_bankbatch_ea6d475d_20260727_041644/persistent_one/rl/bert-large/mrpc/s1t0.001_s2t0.001_s2st2.0/stage2_noise/progress/candidate_store.jsonl	hy-tmp/elastic_rl_gpu_20260726/stage2_1v4_blarge_170_bankbatch_ea6d475d_20260727_041644/persistent_one/rl/bert-large/mrpc/s1t0.001_s2t0.001_s2st2.0/stage2_noise/progress/candidate_store.jsonl	external_artifact
551b280d73f1d4ef561195ab39f390bbdb19a26518e6c9225b2981bcde0e7231	897802	file	/hy-tmp/elastic_rl_gpu_20260726/stage2_1v4_blarge_170_bankbatch_ea6d475d_20260727_041644/persistent_one/rl/bert-large/mrpc/s1t0.001_s2t0.001_s2st2.0/stage2_noise/progress/diagnostics/action_histogram.npz	hy-tmp/elastic_rl_gpu_20260726/stage2_1v4_blarge_170_bankbatch_ea6d475d_20260727_041644/persistent_one/rl/bert-large/mrpc/s1t0.001_s2t0.001_s2st2.0/stage2_noise/progress/diagnostics/action_histogram.npz	external_artifact
2ff9e22b824022e5d8b6ad754b6106baf165949c96d59bdb39696a7347f29567	1174524	file	/hy-tmp/elastic_rl_gpu_20260726/stage2_1v4_blarge_170_bankbatch_ea6d475d_20260727_041644/persistent_one/rl/bert-large/mrpc/s1t0.001_s2t0.001_s2st2.0/stage2_noise/progress/diagnostics/baseline_action_vec.json	hy-tmp/elastic_rl_gpu_20260726/stage2_1v4_blarge_170_bankbatch_ea6d475d_20260727_041644/persistent_one/rl/bert-large/mrpc/s1t0.001_s2t0.001_s2st2.0/stage2_noise/progress/diagnostics/baseline_action_vec.json	external_artifact
cc4590c88a65c8abd11dcc6e0a467ec739c836aad3bd90e4f0a5f869c456bc6f	1273168	file	/hy-tmp/elastic_rl_gpu_20260726/stage2_1v4_blarge_170_bankbatch_ea6d475d_20260727_041644/persistent_one/rl/bert-large/mrpc/s1t0.001_s2t0.001_s2st2.0/stage2_noise/progress/diagnostics/best_action_vec.json	hy-tmp/elastic_rl_gpu_20260726/stage2_1v4_blarge_170_bankbatch_ea6d475d_20260727_041644/persistent_one/rl/bert-large/mrpc/s1t0.001_s2t0.001_s2st2.0/stage2_noise/progress/diagnostics/best_action_vec.json	external_artifact
2fdd8ce27765c04a75c7e76f2d35e493b6c2f0acfc99a6b90009cc9347760282	123	file	/hy-tmp/elastic_rl_gpu_20260726/stage2_1v4_blarge_170_bankbatch_ea6d475d_20260727_041644/persistent_one/rl/bert-large/mrpc/s1t0.001_s2t0.001_s2st2.0/stage2_noise/progress/diagnostics/blb_stage2_health.log	hy-tmp/elastic_rl_gpu_20260726/stage2_1v4_blarge_170_bankbatch_ea6d475d_20260727_041644/persistent_one/rl/bert-large/mrpc/s1t0.001_s2t0.001_s2st2.0/stage2_noise/progress/diagnostics/blb_stage2_health.log	external_artifact
c793dff90488dba139ed92408ff6e45c9f7af4042457b531a1af0dd82c10030a	35640	file	/hy-tmp/elastic_rl_gpu_20260726/stage2_1v4_blarge_170_bankbatch_ea6d475d_20260727_041644/persistent_one/rl/bert-large/mrpc/s1t0.001_s2t0.001_s2st2.0/stage2_noise/progress/diagnostics/diagnostics_summary.md	hy-tmp/elastic_rl_gpu_20260726/stage2_1v4_blarge_170_bankbatch_ea6d475d_20260727_041644/persistent_one/rl/bert-large/mrpc/s1t0.001_s2t0.001_s2st2.0/stage2_noise/progress/diagnostics/diagnostics_summary.md	external_artifact
d31738ade79790ecf22c2ce7f90f049dc17888cbceac667efb4912f6371939d3	2876720	file	/hy-tmp/elastic_rl_gpu_20260726/stage2_1v4_blarge_170_bankbatch_ea6d475d_20260727_041644/persistent_one/rl/bert-large/mrpc/s1t0.001_s2t0.001_s2st2.0/stage2_noise/progress/diagnostics/episodes.jsonl	hy-tmp/elastic_rl_gpu_20260726/stage2_1v4_blarge_170_bankbatch_ea6d475d_20260727_041644/persistent_one/rl/bert-large/mrpc/s1t0.001_s2t0.001_s2st2.0/stage2_noise/progress/diagnostics/episodes.jsonl	external_artifact
44136fa355b3678a1146ad16f7e8649e94fb4fc21fe77e8310c060f61caaff8a	2	file	/hy-tmp/elastic_rl_gpu_20260726/stage2_1v4_blarge_170_bankbatch_ea6d475d_20260727_041644/persistent_one/rl/bert-large/mrpc/s1t0.001_s2t0.001_s2st2.0/stage2_noise/progress/diagnostics/first_invalid_counts.json	hy-tmp/elastic_rl_gpu_20260726/stage2_1v4_blarge_170_bankbatch_ea6d475d_20260727_041644/persistent_one/rl/bert-large/mrpc/s1t0.001_s2t0.001_s2st2.0/stage2_noise/progress/diagnostics/first_invalid_counts.json	external_artifact
4a4bcb235e02abee1f43f215c09b226f2b23f83d58ab8cae6a5f39d2e7e65e92	3790	file	/hy-tmp/elastic_rl_gpu_20260726/stage2_1v4_blarge_170_bankbatch_ea6d475d_20260727_041644/persistent_one/rl/bert-large/mrpc/s1t0.001_s2t0.001_s2st2.0/stage2_noise/progress/diagnostics/pareto_frontier.html	hy-tmp/elastic_rl_gpu_20260726/stage2_1v4_blarge_170_bankbatch_ea6d475d_20260727_041644/persistent_one/rl/bert-large/mrpc/s1t0.001_s2t0.001_s2st2.0/stage2_noise/progress/diagnostics/pareto_frontier.html	external_artifact
f0d8207e1a547d319c7eff7f545fb0e86139b50033fde63546c86f05a4a9ae33	5961253	file	/hy-tmp/elastic_rl_gpu_20260726/stage2_1v4_blarge_170_bankbatch_ea6d475d_20260727_041644/persistent_one/rl/bert-large/mrpc/s1t0.001_s2t0.001_s2st2.0/stage2_noise/progress/diagnostics/pareto_frontier.json	hy-tmp/elastic_rl_gpu_20260726/stage2_1v4_blarge_170_bankbatch_ea6d475d_20260727_041644/persistent_one/rl/bert-large/mrpc/s1t0.001_s2t0.001_s2st2.0/stage2_noise/progress/diagnostics/pareto_frontier.json	external_artifact
4668f3d2911dd77c52fdc9ac48361094e98adaa0597d6a7889f14de2bbd5e5e4	3259852	file	/hy-tmp/elastic_rl_gpu_20260726/stage2_1v4_blarge_170_bankbatch_ea6d475d_20260727_041644/persistent_one/rl/bert-large/mrpc/s1t0.001_s2t0.001_s2st2.0/stage2_noise/progress/diagnostics/pareto_frontier.jsonl	hy-tmp/elastic_rl_gpu_20260726/stage2_1v4_blarge_170_bankbatch_ea6d475d_20260727_041644/persistent_one/rl/bert-large/mrpc/s1t0.001_s2t0.001_s2st2.0/stage2_noise/progress/diagnostics/pareto_frontier.jsonl	external_artifact
3e62db70d2dceeb4a735ef0500a29486aa0013deb0a67d1a5e6017d9d5dffa08	236760	file	/hy-tmp/elastic_rl_gpu_20260726/stage2_1v4_blarge_170_bankbatch_ea6d475d_20260727_041644/persistent_one/rl/bert-large/mrpc/s1t0.001_s2t0.001_s2st2.0/stage2_noise/progress/diagnostics/ppo_updates.jsonl	hy-tmp/elastic_rl_gpu_20260726/stage2_1v4_blarge_170_bankbatch_ea6d475d_20260727_041644/persistent_one/rl/bert-large/mrpc/s1t0.001_s2t0.001_s2st2.0/stage2_noise/progress/diagnostics/ppo_updates.jsonl	external_artifact
144b26c3d0889cf7573b5b936e89a3e8cb5ac48dc5a11b59766920f3a623169a	16251999	file	/hy-tmp/elastic_rl_gpu_20260726/stage2_1v4_blarge_170_bankbatch_ea6d475d_20260727_041644/persistent_one/rl/bert-large/mrpc/s1t0.001_s2t0.001_s2st2.0/stage2_noise/progress/diagnostics/top_candidates.jsonl	hy-tmp/elastic_rl_gpu_20260726/stage2_1v4_blarge_170_bankbatch_ea6d475d_20260727_041644/persistent_one/rl/bert-large/mrpc/s1t0.001_s2t0.001_s2st2.0/stage2_noise/progress/diagnostics/top_candidates.jsonl	external_artifact
1f3307070739183454eb1b9883d4431e7df60a1730a1dbcb84926e211f04e940	341185	file	/hy-tmp/elastic_rl_gpu_20260726/stage2_1v4_blarge_170_bankbatch_ea6d475d_20260727_041644/persistent_one/rl/bert-large/mrpc/s1t0.001_s2t0.001_s2st2.0/stage2_noise/progress/layerwise_run_manifest.json	hy-tmp/elastic_rl_gpu_20260726/stage2_1v4_blarge_170_bankbatch_ea6d475d_20260727_041644/persistent_one/rl/bert-large/mrpc/s1t0.001_s2t0.001_s2st2.0/stage2_noise/progress/layerwise_run_manifest.json	external_artifact
4a7c827fbe940b436876e60ea5598708d16f248342ffcc6d5ce875bee1993dca	383431	file	/hy-tmp/elastic_rl_gpu_20260726/stage2_1v4_blarge_170_bankbatch_ea6d475d_20260727_041644/persistent_one/rl/bert-large/mrpc/s1t0.001_s2t0.001_s2st2.0/stage2_noise/progress/layerwise_summary.json	hy-tmp/elastic_rl_gpu_20260726/stage2_1v4_blarge_170_bankbatch_ea6d475d_20260727_041644/persistent_one/rl/bert-large/mrpc/s1t0.001_s2t0.001_s2st2.0/stage2_noise/progress/layerwise_summary.json	external_artifact
eb28719371c068c394d8910d6254ebe8f18e6717fca98436300a4657617b5926	176	file	/hy-tmp/elastic_rl_gpu_20260726/stage2_1v4_blarge_170_bankbatch_ea6d475d_20260727_041644/persistent_one/rl/bert-large/mrpc/s1t0.001_s2t0.001_s2st2.0/stage2_noise/progress/rl_data_points_run_id.txt	hy-tmp/elastic_rl_gpu_20260726/stage2_1v4_blarge_170_bankbatch_ea6d475d_20260727_041644/persistent_one/rl/bert-large/mrpc/s1t0.001_s2t0.001_s2st2.0/stage2_noise/progress/rl_data_points_run_id.txt	external_artifact
a0fd46d039f8b7ffd369bb3150025c57846dc44a7f70543b1830364daaf2a112	5549	file	/hy-tmp/elastic_rl_gpu_20260726/stage2_1v4_blarge_170_bankbatch_ea6d475d_20260727_041644/persistent_one/rl/bert-large/mrpc/s1t0.001_s2t0.001_s2st2.0/stage2_noise/pruning_search_log.txt	hy-tmp/elastic_rl_gpu_20260726/stage2_1v4_blarge_170_bankbatch_ea6d475d_20260727_041644/persistent_one/rl/bert-large/mrpc/s1t0.001_s2t0.001_s2st2.0/stage2_noise/pruning_search_log.txt	external_artifact
3feda98bffe868725fbb5c2d93473c4fcef3fb9a9779e1abd0e933117187eea3	195	file	/hy-tmp/elastic_rl_gpu_20260726/stage2_1v4_blarge_170_bankbatch_ea6d475d_20260727_041644/runs.jsonl	hy-tmp/elastic_rl_gpu_20260726/stage2_1v4_blarge_170_bankbatch_ea6d475d_20260727_041644/runs.jsonl	external_artifact
249b9cfccf1652f6e77e73317bad0c85b62a136c3057f0f6c7312d3a97f628ad	76	symlink	/hy-tmp/elastic_rl_gpu_20260726/stage2_1v4_blarge_170_bankbatch_ea6d475d_20260727_041644/stage1/record	hy-tmp/elastic_rl_gpu_20260726/stage2_1v4_blarge_170_bankbatch_ea6d475d_20260727_041644/stage1/record	external_artifact
c7c2bae17fecf8192a372273303732b90f3d48ac55e3799a8c4b47bdb4f9031d	2111	file	/hy-tmp/elastic_rl_gpu_20260726/stage2_1v4_blarge_170_bankbatch_ea6d475d_20260727_041644/stage2_ngpu_gate_verdict.txt	hy-tmp/elastic_rl_gpu_20260726/stage2_1v4_blarge_170_bankbatch_ea6d475d_20260727_041644/stage2_ngpu_gate_verdict.txt	external_artifact
b70317eb6ecfd2a87e95fb27e545ec81da78b27da72e709ef28a2f0fcf8546c5	22418	file	/hy-tmp/elastic_rl_gpu_20260726/stage2_1v4_blarge_170_bankbatch_ea6d475d_20260727_041644/stage2_ngpu_speed_ab_stdout.log	hy-tmp/elastic_rl_gpu_20260726/stage2_1v4_blarge_170_bankbatch_ea6d475d_20260727_041644/stage2_ngpu_speed_ab_stdout.log	external_artifact
e22adeaedcfae64f1653fb8f2378b4a493b8a6d5c7d37efd032541906ad06aa8	609	file	/hy-tmp/elastic_rl_gpu_20260726/stage2_1v4_blarge_170_bankbatch_ea6d475d_20260727_041644/strict_scientific_equivalence.json	hy-tmp/elastic_rl_gpu_20260726/stage2_1v4_blarge_170_bankbatch_ea6d475d_20260727_041644/strict_scientific_equivalence.json	external_artifact
88c65d58e24e738414cca1bdcda6b93e163be34fa2bf6bee6cafa40aab142ec0	22440	file	/hy-tmp/elastic_rl_gpu_20260726/stage2_1v4_blarge_170_bankbatch_ea6d475d_20260727_041644_wrapper.nohup.log	hy-tmp/elastic_rl_gpu_20260726/stage2_1v4_blarge_170_bankbatch_ea6d475d_20260727_041644_wrapper.nohup.log	external_artifact
c21c7940423a6e8fec1aa159682982f503e08956c7cb08f675672919ab72ac1b	41	file	/hy-tmp/elastic_rl_gpu_20260726/stage2_1v4_blarge_360_1d06466c_20260727_005321/HEAD.txt	hy-tmp/elastic_rl_gpu_20260726/stage2_1v4_blarge_360_1d06466c_20260727_005321/HEAD.txt	external_artifact
17712bb8f12450db67984415b52524c442fbf080719c5d44b6817101e2842a5c	3046	file	/hy-tmp/elastic_rl_gpu_20260726/stage2_1v4_blarge_360_1d06466c_20260727_005321/effective_commands.txt	hy-tmp/elastic_rl_gpu_20260726/stage2_1v4_blarge_360_1d06466c_20260727_005321/effective_commands.txt	external_artifact
e3b0c44298fc1c149afbf4c8996fb92427ae41e4649b934ca495991b7852b855	0	file	/hy-tmp/elastic_rl_gpu_20260726/stage2_1v4_blarge_360_1d06466c_20260727_005321/git_status_short.txt	hy-tmp/elastic_rl_gpu_20260726/stage2_1v4_blarge_360_1d06466c_20260727_005321/git_status_short.txt	external_artifact
64023d4f5506deda4bb6beb992f9104c0c481db08afdb37e1a09039770f1e584	339	file	/hy-tmp/elastic_rl_gpu_20260726/stage2_1v4_blarge_360_1d06466c_20260727_005321/gpu_inventory_pre.csv	hy-tmp/elastic_rl_gpu_20260726/stage2_1v4_blarge_360_1d06466c_20260727_005321/gpu_inventory_pre.csv	external_artifact
e3b0c44298fc1c149afbf4c8996fb92427ae41e4649b934ca495991b7852b855	0	file	/hy-tmp/elastic_rl_gpu_20260726/stage2_1v4_blarge_360_1d06466c_20260727_005321/one_episodes.jsonl	hy-tmp/elastic_rl_gpu_20260726/stage2_1v4_blarge_360_1d06466c_20260727_005321/one_episodes.jsonl	external_artifact
6c80ae038252ca4b01ff8226a8f3d87960d84ab3a22c30a9a51ef7411f62badc	7327	file	/hy-tmp/elastic_rl_gpu_20260726/stage2_1v4_blarge_360_1d06466c_20260727_005321/one_launch.log	hy-tmp/elastic_rl_gpu_20260726/stage2_1v4_blarge_360_1d06466c_20260727_005321/one_launch.log	external_artifact
3487a3cc3be94feb019f208b8c508e9c04c4dd3224d6ee94a4ff1e7a68be3376	107331	file	/hy-tmp/elastic_rl_gpu_20260726/stage2_1v4_blarge_360_1d06466c_20260727_005321/one_nvidia_smi.csv	hy-tmp/elastic_rl_gpu_20260726/stage2_1v4_blarge_360_1d06466c_20260727_005321/one_nvidia_smi.csv	external_artifact
98c31ce64a398c398659b4cff18b7341a39852642ea933f0acad43ed6b3dacd2	4	file	/hy-tmp/elastic_rl_gpu_20260726/stage2_1v4_blarge_360_1d06466c_20260727_005321/one_wall_seconds.txt	hy-tmp/elastic_rl_gpu_20260726/stage2_1v4_blarge_360_1d06466c_20260727_005321/one_wall_seconds.txt	external_artifact
72b08f130d25709dfe3cd94df2186798edd77715b88e6b374012b28acd0c47ee	199	file	/hy-tmp/elastic_rl_gpu_20260726/stage2_1v4_blarge_360_1d06466c_20260727_005321/persistent_one/rl/bert-large/mrpc/.s1t0.001_s2t0.001_s2st2.0.stage2_rl.lock	hy-tmp/elastic_rl_gpu_20260726/stage2_1v4_blarge_360_1d06466c_20260727_005321/persistent_one/rl/bert-large/mrpc/.s1t0.001_s2t0.001_s2st2.0.stage2_rl.lock	external_artifact
706df53d675e9f0a86c04cba720801d06b265bf6826aae0fa8edccd0f608818c	7	file	/hy-tmp/elastic_rl_gpu_20260726/stage2_1v4_blarge_360_1d06466c_20260727_005321/persistent_one/rl/bert-large/mrpc/LATEST_PID	hy-tmp/elastic_rl_gpu_20260726/stage2_1v4_blarge_360_1d06466c_20260727_005321/persistent_one/rl/bert-large/mrpc/LATEST_PID	external_artifact
52de4f355f7d75cb33b62ed7fe525b8441bfc514f755f9d6e8a064617234a7f9	139	file	/hy-tmp/elastic_rl_gpu_20260726/stage2_1v4_blarge_360_1d06466c_20260727_005321/persistent_one/rl/bert-large/mrpc/LATEST_RUN_DIR	hy-tmp/elastic_rl_gpu_20260726/stage2_1v4_blarge_360_1d06466c_20260727_005321/persistent_one/rl/bert-large/mrpc/LATEST_RUN_DIR	external_artifact
84162d7936e781e26093a82875db2b61cd994731fabe8dddfd35a3f387c68180	14542	file	/hy-tmp/elastic_rl_gpu_20260726/stage2_1v4_blarge_360_1d06466c_20260727_005321/persistent_one/rl/bert-large/mrpc/s1t0.001_s2t0.001_s2st2.0/logs/blb_stage2_rl.log	hy-tmp/elastic_rl_gpu_20260726/stage2_1v4_blarge_360_1d06466c_20260727_005321/persistent_one/rl/bert-large/mrpc/s1t0.001_s2t0.001_s2st2.0/logs/blb_stage2_rl.log	external_artifact
61a468d0f2d75fcd03f108aeef66010eb038429ee4ec90b06b91fab3cdcb4bc1	364	file	/hy-tmp/elastic_rl_gpu_20260726/stage2_1v4_blarge_360_1d06466c_20260727_005321/persistent_one/rl/bert-large/mrpc/s1t0.001_s2t0.001_s2st2.0/logs/elastic_gpu_health_events.jsonl	hy-tmp/elastic_rl_gpu_20260726/stage2_1v4_blarge_360_1d06466c_20260727_005321/persistent_one/rl/bert-large/mrpc/s1t0.001_s2t0.001_s2st2.0/logs/elastic_gpu_health_events.jsonl	external_artifact
c7ee7f6bcb5346ebaa7d938082f24aac24d3b7bbaa11fe2a4a1906fd77eec41f	673	file	/hy-tmp/elastic_rl_gpu_20260726/stage2_1v4_blarge_360_1d06466c_20260727_005321/persistent_one/rl/bert-large/mrpc/s1t0.001_s2t0.001_s2st2.0/metadata.json	hy-tmp/elastic_rl_gpu_20260726/stage2_1v4_blarge_360_1d06466c_20260727_005321/persistent_one/rl/bert-large/mrpc/s1t0.001_s2t0.001_s2st2.0/metadata.json	external_artifact
706df53d675e9f0a86c04cba720801d06b265bf6826aae0fa8edccd0f608818c	7	file	/hy-tmp/elastic_rl_gpu_20260726/stage2_1v4_blarge_360_1d06466c_20260727_005321/persistent_one/rl/bert-large/mrpc/s1t0.001_s2t0.001_s2st2.0/rl.pid	hy-tmp/elastic_rl_gpu_20260726/stage2_1v4_blarge_360_1d06466c_20260727_005321/persistent_one/rl/bert-large/mrpc/s1t0.001_s2t0.001_s2st2.0/rl.pid	external_artifact
706df53d675e9f0a86c04cba720801d06b265bf6826aae0fa8edccd0f608818c	7	file	/hy-tmp/elastic_rl_gpu_20260726/stage2_1v4_blarge_360_1d06466c_20260727_005321/persistent_one/rl/bert-large/mrpc/s1t0.001_s2t0.001_s2st2.0/run.pid	hy-tmp/elastic_rl_gpu_20260726/stage2_1v4_blarge_360_1d06466c_20260727_005321/persistent_one/rl/bert-large/mrpc/s1t0.001_s2t0.001_s2st2.0/run.pid	external_artifact
38cc7e4a23794edd7c14442aabb4cdf6c44ceb6ae458faaceaec0c8ce5cc70e6	1500	file	/hy-tmp/elastic_rl_gpu_20260726/stage2_1v4_blarge_360_1d06466c_20260727_005321/persistent_one/rl/bert-large/mrpc/s1t0.001_s2t0.001_s2st2.0/stage1/pruning_search_log.txt	hy-tmp/elastic_rl_gpu_20260726/stage2_1v4_blarge_360_1d06466c_20260727_005321/persistent_one/rl/bert-large/mrpc/s1t0.001_s2t0.001_s2st2.0/stage1/pruning_search_log.txt	external_artifact
3f276c9a467660d74c0c65972af79159249b029043ffa8491929ad66c450fcfe	858	file	/hy-tmp/elastic_rl_gpu_20260726/stage2_1v4_blarge_360_1d06466c_20260727_005321/persistent_one/rl/bert-large/mrpc/s1t0.001_s2t0.001_s2st2.0/stage2_noise/progress/blb_stage2_live_summary.md	hy-tmp/elastic_rl_gpu_20260726/stage2_1v4_blarge_360_1d06466c_20260727_005321/persistent_one/rl/bert-large/mrpc/s1t0.001_s2t0.001_s2st2.0/stage2_noise/progress/blb_stage2_live_summary.md	external_artifact
5a12eb3b93f7ea5ede2392bcca99d6f324bc39faa76898f651e37173a00953d3	2782673	file	/hy-tmp/elastic_rl_gpu_20260726/stage2_1v4_blarge_360_1d06466c_20260727_005321/persistent_one/rl/bert-large/mrpc/s1t0.001_s2t0.001_s2st2.0/stage2_noise/progress/blb_stage2_rl_checkpoint_live.pt	hy-tmp/elastic_rl_gpu_20260726/stage2_1v4_blarge_360_1d06466c_20260727_005321/persistent_one/rl/bert-large/mrpc/s1t0.001_s2t0.001_s2st2.0/stage2_noise/progress/blb_stage2_rl_checkpoint_live.pt	external_artifact
ef4eb67af400db1cfaf34b86f677404d9118837e8425f98d7c296d42a2606fda	983	file	/hy-tmp/elastic_rl_gpu_20260726/stage2_1v4_blarge_360_1d06466c_20260727_005321/persistent_one/rl/bert-large/mrpc/s1t0.001_s2t0.001_s2st2.0/stage2_noise/progress/blb_stage2_status.json	hy-tmp/elastic_rl_gpu_20260726/stage2_1v4_blarge_360_1d06466c_20260727_005321/persistent_one/rl/bert-large/mrpc/s1t0.001_s2t0.001_s2st2.0/stage2_noise/progress/blb_stage2_status.json	external_artifact
b59b30870dfb6fe426e557da2f8c5cf8ccae27d57526b2efa04d0f35aa8fff19	637633	file	/hy-tmp/elastic_rl_gpu_20260726/stage2_1v4_blarge_360_1d06466c_20260727_005321/persistent_one/rl/bert-large/mrpc/s1t0.001_s2t0.001_s2st2.0/stage2_noise/progress/candidate_store.jsonl	hy-tmp/elastic_rl_gpu_20260726/stage2_1v4_blarge_360_1d06466c_20260727_005321/persistent_one/rl/bert-large/mrpc/s1t0.001_s2t0.001_s2st2.0/stage2_noise/progress/candidate_store.jsonl	external_artifact
2ff9e22b824022e5d8b6ad754b6106baf165949c96d59bdb39696a7347f29567	1174524	file	/hy-tmp/elastic_rl_gpu_20260726/stage2_1v4_blarge_360_1d06466c_20260727_005321/persistent_one/rl/bert-large/mrpc/s1t0.001_s2t0.001_s2st2.0/stage2_noise/progress/diagnostics/baseline_action_vec.json	hy-tmp/elastic_rl_gpu_20260726/stage2_1v4_blarge_360_1d06466c_20260727_005321/persistent_one/rl/bert-large/mrpc/s1t0.001_s2t0.001_s2st2.0/stage2_noise/progress/diagnostics/baseline_action_vec.json	external_artifact
e3b0c44298fc1c149afbf4c8996fb92427ae41e4649b934ca495991b7852b855	0	file	/hy-tmp/elastic_rl_gpu_20260726/stage2_1v4_blarge_360_1d06466c_20260727_005321/persistent_one/rl/bert-large/mrpc/s1t0.001_s2t0.001_s2st2.0/stage2_noise/progress/diagnostics/episodes.jsonl	hy-tmp/elastic_rl_gpu_20260726/stage2_1v4_blarge_360_1d06466c_20260727_005321/persistent_one/rl/bert-large/mrpc/s1t0.001_s2t0.001_s2st2.0/stage2_noise/progress/diagnostics/episodes.jsonl	external_artifact
93ec210effeab718da4d24d53b2be188acc1ee64eb4d194e30c7d3be0c666ac2	90115	file	/hy-tmp/elastic_rl_gpu_20260726/stage2_1v4_blarge_360_1d06466c_20260727_005321/persistent_one/rl/bert-large/mrpc/s1t0.001_s2t0.001_s2st2.0/stage2_noise/progress/layerwise_run_manifest.json	hy-tmp/elastic_rl_gpu_20260726/stage2_1v4_blarge_360_1d06466c_20260727_005321/persistent_one/rl/bert-large/mrpc/s1t0.001_s2t0.001_s2st2.0/stage2_noise/progress/layerwise_run_manifest.json	external_artifact
9f696099b02c5635587e492a1e3a7ebf4d6472b294f51c56092c403ebe05a10b	166	file	/hy-tmp/elastic_rl_gpu_20260726/stage2_1v4_blarge_360_1d06466c_20260727_005321/persistent_one/rl/bert-large/mrpc/s1t0.001_s2t0.001_s2st2.0/stage2_noise/progress/rl_data_points_run_id.txt	hy-tmp/elastic_rl_gpu_20260726/stage2_1v4_blarge_360_1d06466c_20260727_005321/persistent_one/rl/bert-large/mrpc/s1t0.001_s2t0.001_s2st2.0/stage2_noise/progress/rl_data_points_run_id.txt	external_artifact
488ec8cd68a16d3ec338523ace50eef209193ac6cf8a193eb936b369c07b72e2	5319	file	/hy-tmp/elastic_rl_gpu_20260726/stage2_1v4_blarge_360_1d06466c_20260727_005321/persistent_one/rl/bert-large/mrpc/s1t0.001_s2t0.001_s2st2.0/stage2_noise/pruning_search_log.txt	hy-tmp/elastic_rl_gpu_20260726/stage2_1v4_blarge_360_1d06466c_20260727_005321/persistent_one/rl/bert-large/mrpc/s1t0.001_s2t0.001_s2st2.0/stage2_noise/pruning_search_log.txt	external_artifact
25cf007fee7cbcc0ba1a974f2549c515a2014fea0865159626115dc77cd1d010	93	file	/hy-tmp/elastic_rl_gpu_20260726/stage2_1v4_blarge_360_1d06466c_20260727_005321/runs.jsonl	hy-tmp/elastic_rl_gpu_20260726/stage2_1v4_blarge_360_1d06466c_20260727_005321/runs.jsonl	external_artifact
249b9cfccf1652f6e77e73317bad0c85b62a136c3057f0f6c7312d3a97f628ad	76	symlink	/hy-tmp/elastic_rl_gpu_20260726/stage2_1v4_blarge_360_1d06466c_20260727_005321/stage1/record	hy-tmp/elastic_rl_gpu_20260726/stage2_1v4_blarge_360_1d06466c_20260727_005321/stage1/record	external_artifact
6a9ebbf960144ec61ba9e98e954b2d8702d1ed1a89aa85aeb5b4fb672cfca5df	11686	file	/hy-tmp/elastic_rl_gpu_20260726/stage2_1v4_blarge_360_1d06466c_20260727_005321/stage2_ngpu_speed_ab_stdout.log	hy-tmp/elastic_rl_gpu_20260726/stage2_1v4_blarge_360_1d06466c_20260727_005321/stage2_ngpu_speed_ab_stdout.log	external_artifact
582ca874ae61d4c00d4ceda6de67a96bfbb7150d76fbd090fcfae8a1515d4c41	11708	file	/hy-tmp/elastic_rl_gpu_20260726/stage2_1v4_blarge_360_1d06466c_20260727_005321_wrapper.nohup.log	hy-tmp/elastic_rl_gpu_20260726/stage2_1v4_blarge_360_1d06466c_20260727_005321_wrapper.nohup.log	external_artifact
4f85b69d66a6250d4b4e4ce48beba6e8659739c45beb14964efce6a02fc7f6c2	41	file	/hy-tmp/elastic_rl_gpu_20260726/stage2_1v4_blarge_360_543cba88_20260726_215213/HEAD.txt	hy-tmp/elastic_rl_gpu_20260726/stage2_1v4_blarge_360_543cba88_20260726_215213/HEAD.txt	external_artifact
82b19d8071c5dd607714f278fd0ca127aafa049c1e39724e7c26c422cf6dd9c4	3046	file	/hy-tmp/elastic_rl_gpu_20260726/stage2_1v4_blarge_360_543cba88_20260726_215213/effective_commands.txt	hy-tmp/elastic_rl_gpu_20260726/stage2_1v4_blarge_360_543cba88_20260726_215213/effective_commands.txt	external_artifact
e3b0c44298fc1c149afbf4c8996fb92427ae41e4649b934ca495991b7852b855	0	file	/hy-tmp/elastic_rl_gpu_20260726/stage2_1v4_blarge_360_543cba88_20260726_215213/git_status_short.txt	hy-tmp/elastic_rl_gpu_20260726/stage2_1v4_blarge_360_543cba88_20260726_215213/git_status_short.txt	external_artifact
64023d4f5506deda4bb6beb992f9104c0c481db08afdb37e1a09039770f1e584	339	file	/hy-tmp/elastic_rl_gpu_20260726/stage2_1v4_blarge_360_543cba88_20260726_215213/gpu_inventory_pre.csv	hy-tmp/elastic_rl_gpu_20260726/stage2_1v4_blarge_360_543cba88_20260726_215213/gpu_inventory_pre.csv	external_artifact
11f69339dc478c3f92de1d76c2fb09ddb69e9f2477e18f887cbdccd378c3e696	11501	file	/hy-tmp/elastic_rl_gpu_20260726/stage2_1v4_blarge_360_543cba88_20260726_215213/nohup.log	hy-tmp/elastic_rl_gpu_20260726/stage2_1v4_blarge_360_543cba88_20260726_215213/nohup.log	external_artifact
933a07ff806a6cc966f4fe407073e59cce08c5ef2b434090f2ac8a4afca478a1	7327	file	/hy-tmp/elastic_rl_gpu_20260726/stage2_1v4_blarge_360_543cba88_20260726_215213/one_launch.log	hy-tmp/elastic_rl_gpu_20260726/stage2_1v4_blarge_360_543cba88_20260726_215213/one_launch.log	external_artifact
9128a460fee3ed17dcee3e1c4e67620d45f4a81acd754116e239d6457fa73c85	7782	file	/hy-tmp/elastic_rl_gpu_20260726/stage2_1v4_blarge_360_543cba88_20260726_215213/one_nvidia_smi.csv	hy-tmp/elastic_rl_gpu_20260726/stage2_1v4_blarge_360_543cba88_20260726_215213/one_nvidia_smi.csv	external_artifact
9e62e6489fcc4bc58be7cb23e74d25cbfcc3732c1f70e8c37f12a756d1db9381	3	file	/hy-tmp/elastic_rl_gpu_20260726/stage2_1v4_blarge_360_543cba88_20260726_215213/one_wall_seconds.txt	hy-tmp/elastic_rl_gpu_20260726/stage2_1v4_blarge_360_543cba88_20260726_215213/one_wall_seconds.txt	external_artifact
e3b0c44298fc1c149afbf4c8996fb92427ae41e4649b934ca495991b7852b855	0	file	/hy-tmp/elastic_rl_gpu_20260726/stage2_1v4_blarge_360_543cba88_20260726_215213/persistent_one/rl/bert-large/mrpc/.s1t0.001_s2t0.001_s2st2.0.stage2_rl.lock	hy-tmp/elastic_rl_gpu_20260726/stage2_1v4_blarge_360_543cba88_20260726_215213/persistent_one/rl/bert-large/mrpc/.s1t0.001_s2t0.001_s2st2.0.stage2_rl.lock	external_artifact
0ff148490e13bd2d7d40b3eeb2e9c1ec7d0e49e03d9118066647c228625b94ad	7	file	/hy-tmp/elastic_rl_gpu_20260726/stage2_1v4_blarge_360_543cba88_20260726_215213/persistent_one/rl/bert-large/mrpc/LATEST_PID	hy-tmp/elastic_rl_gpu_20260726/stage2_1v4_blarge_360_543cba88_20260726_215213/persistent_one/rl/bert-large/mrpc/LATEST_PID	external_artifact
32af572df73a8e8a13b5e6cd6c8bd9bb0783cb5364d51e0f2aa92e1461f43583	139	file	/hy-tmp/elastic_rl_gpu_20260726/stage2_1v4_blarge_360_543cba88_20260726_215213/persistent_one/rl/bert-large/mrpc/LATEST_RUN_DIR	hy-tmp/elastic_rl_gpu_20260726/stage2_1v4_blarge_360_543cba88_20260726_215213/persistent_one/rl/bert-large/mrpc/LATEST_RUN_DIR	external_artifact
732896528b4bf83ba038ad8193a6cd4426d52197b280d97d61f6c4cda38a2edf	14398	file	/hy-tmp/elastic_rl_gpu_20260726/stage2_1v4_blarge_360_543cba88_20260726_215213/persistent_one/rl/bert-large/mrpc/s1t0.001_s2t0.001_s2st2.0/logs/blb_stage2_rl.log	hy-tmp/elastic_rl_gpu_20260726/stage2_1v4_blarge_360_543cba88_20260726_215213/persistent_one/rl/bert-large/mrpc/s1t0.001_s2t0.001_s2st2.0/logs/blb_stage2_rl.log	external_artifact
ce01304e9b1e30b651eb7afc4a96232fecdd164854819e4eea16b9bcf77872d8	362	file	/hy-tmp/elastic_rl_gpu_20260726/stage2_1v4_blarge_360_543cba88_20260726_215213/persistent_one/rl/bert-large/mrpc/s1t0.001_s2t0.001_s2st2.0/logs/elastic_gpu_health_events.jsonl	hy-tmp/elastic_rl_gpu_20260726/stage2_1v4_blarge_360_543cba88_20260726_215213/persistent_one/rl/bert-large/mrpc/s1t0.001_s2t0.001_s2st2.0/logs/elastic_gpu_health_events.jsonl	external_artifact
8f79752044f8f2e266f74d0fa66fdd5c81cdb3b7c7ed176b753d10be1c921409	5871	file	/hy-tmp/elastic_rl_gpu_20260726/stage2_1v4_blarge_360_543cba88_20260726_215213/persistent_one/rl/bert-large/mrpc/s1t0.001_s2t0.001_s2st2.0/logs/error_summary.txt	hy-tmp/elastic_rl_gpu_20260726/stage2_1v4_blarge_360_543cba88_20260726_215213/persistent_one/rl/bert-large/mrpc/s1t0.001_s2t0.001_s2st2.0/logs/error_summary.txt	external_artifact
5f5785e1d68da3bbef969d2153508a37cb7d2c50152c4d59720f86b942748170	673	file	/hy-tmp/elastic_rl_gpu_20260726/stage2_1v4_blarge_360_543cba88_20260726_215213/persistent_one/rl/bert-large/mrpc/s1t0.001_s2t0.001_s2st2.0/metadata.json	hy-tmp/elastic_rl_gpu_20260726/stage2_1v4_blarge_360_543cba88_20260726_215213/persistent_one/rl/bert-large/mrpc/s1t0.001_s2t0.001_s2st2.0/metadata.json	external_artifact
0ff148490e13bd2d7d40b3eeb2e9c1ec7d0e49e03d9118066647c228625b94ad	7	file	/hy-tmp/elastic_rl_gpu_20260726/stage2_1v4_blarge_360_543cba88_20260726_215213/persistent_one/rl/bert-large/mrpc/s1t0.001_s2t0.001_s2st2.0/rl.pid	hy-tmp/elastic_rl_gpu_20260726/stage2_1v4_blarge_360_543cba88_20260726_215213/persistent_one/rl/bert-large/mrpc/s1t0.001_s2t0.001_s2st2.0/rl.pid	external_artifact
0ff148490e13bd2d7d40b3eeb2e9c1ec7d0e49e03d9118066647c228625b94ad	7	file	/hy-tmp/elastic_rl_gpu_20260726/stage2_1v4_blarge_360_543cba88_20260726_215213/persistent_one/rl/bert-large/mrpc/s1t0.001_s2t0.001_s2st2.0/run.pid	hy-tmp/elastic_rl_gpu_20260726/stage2_1v4_blarge_360_543cba88_20260726_215213/persistent_one/rl/bert-large/mrpc/s1t0.001_s2t0.001_s2st2.0/run.pid	external_artifact
0b0bddc3b33c743081a05a1d55d59ee108c01b83b3daa2a844a3443c8efe59bf	1500	file	/hy-tmp/elastic_rl_gpu_20260726/stage2_1v4_blarge_360_543cba88_20260726_215213/persistent_one/rl/bert-large/mrpc/s1t0.001_s2t0.001_s2st2.0/stage1/pruning_search_log.txt	hy-tmp/elastic_rl_gpu_20260726/stage2_1v4_blarge_360_543cba88_20260726_215213/persistent_one/rl/bert-large/mrpc/s1t0.001_s2t0.001_s2st2.0/stage1/pruning_search_log.txt	external_artifact
c8ac7731053534aa2234c6feb9ff4f1fb7e7cc1f081010d8d13770c7d88bb52f	830	file	/hy-tmp/elastic_rl_gpu_20260726/stage2_1v4_blarge_360_543cba88_20260726_215213/persistent_one/rl/bert-large/mrpc/s1t0.001_s2t0.001_s2st2.0/stage2_noise/pruning_search_log.txt	hy-tmp/elastic_rl_gpu_20260726/stage2_1v4_blarge_360_543cba88_20260726_215213/persistent_one/rl/bert-large/mrpc/s1t0.001_s2t0.001_s2st2.0/stage2_noise/pruning_search_log.txt	external_artifact
5833b9f3e79744eda503deaf39fd00606eb0f4f06d42a42326caacbaa0cf892d	92	file	/hy-tmp/elastic_rl_gpu_20260726/stage2_1v4_blarge_360_543cba88_20260726_215213/runs.jsonl	hy-tmp/elastic_rl_gpu_20260726/stage2_1v4_blarge_360_543cba88_20260726_215213/runs.jsonl	external_artifact
249b9cfccf1652f6e77e73317bad0c85b62a136c3057f0f6c7312d3a97f628ad	76	symlink	/hy-tmp/elastic_rl_gpu_20260726/stage2_1v4_blarge_360_543cba88_20260726_215213/stage1/record	hy-tmp/elastic_rl_gpu_20260726/stage2_1v4_blarge_360_543cba88_20260726_215213/stage1/record	external_artifact
df87e5d9c5629a8d9cb1cca70df5bc6c1729c098226830028e36dc83e94cd34c	11479	file	/hy-tmp/elastic_rl_gpu_20260726/stage2_1v4_blarge_360_543cba88_20260726_215213/stage2_ngpu_speed_ab_stdout.log	hy-tmp/elastic_rl_gpu_20260726/stage2_1v4_blarge_360_543cba88_20260726_215213/stage2_ngpu_speed_ab_stdout.log	external_artifact
e9663fa1af8b8cc3756b11c70edbf58b767491366d5a018aa2744dff5d7f620a	7	file	/hy-tmp/elastic_rl_gpu_20260726/stage2_1v4_blarge_360_543cba88_20260726_215213/wrapper.pid	hy-tmp/elastic_rl_gpu_20260726/stage2_1v4_blarge_360_543cba88_20260726_215213/wrapper.pid	external_artifact
c11e00dcba4072f055d3303342b7b351c7d4064644e854495e5f29fd57f1c0db	7	file	/hy-tmp/elastic_rl_gpu_20260726/stage2_1v4_blarge_360_823108bd_20260726_235247.pid	hy-tmp/elastic_rl_gpu_20260726/stage2_1v4_blarge_360_823108bd_20260726_235247.pid	external_artifact
a94bfa0f491fa7d76d58f70507d7106bc83ce8a785c700e376f4a187b763a491	41	file	/hy-tmp/elastic_rl_gpu_20260726/stage2_1v4_blarge_360_823108bd_20260726_235247/HEAD.txt	hy-tmp/elastic_rl_gpu_20260726/stage2_1v4_blarge_360_823108bd_20260726_235247/HEAD.txt	external_artifact
f50da3fe30323990d277d86e929d53e0781815ec2672faf9b3f6c6f63a0417cb	125722	file	/hy-tmp/elastic_rl_gpu_20260726/stage2_1v4_blarge_360_823108bd_20260726_235247/aborted_zero_episode_structured/elastic_rl_gpu_20260726_stage2_1v4_blarge_360_823108bd_20260726_235247_persistent_one_rl_bert-large_mrpc_s1t0.001_s2t0.001_s2st2.0__20260726T155848640658Z__pid149221/manifest.json	hy-tmp/elastic_rl_gpu_20260726/stage2_1v4_blarge_360_823108bd_20260726_235247/aborted_zero_episode_structured/elastic_rl_gpu_20260726_stage2_1v4_blarge_360_823108bd_20260726_235247_persistent_one_rl_bert-large_mrpc_s1t0.001_s2t0.001_s2st2.0__20260726T155848640658Z__pid149221/manifest.json	external_artifact
7a4d4cf8c54d116d4dd1b8408c363749e76e3d230dab1d90d588440bb4ed7f78	3046	file	/hy-tmp/elastic_rl_gpu_20260726/stage2_1v4_blarge_360_823108bd_20260726_235247/effective_commands.txt	hy-tmp/elastic_rl_gpu_20260726/stage2_1v4_blarge_360_823108bd_20260726_235247/effective_commands.txt	external_artifact
e3b0c44298fc1c149afbf4c8996fb92427ae41e4649b934ca495991b7852b855	0	file	/hy-tmp/elastic_rl_gpu_20260726/stage2_1v4_blarge_360_823108bd_20260726_235247/git_status_short.txt	hy-tmp/elastic_rl_gpu_20260726/stage2_1v4_blarge_360_823108bd_20260726_235247/git_status_short.txt	external_artifact
64023d4f5506deda4bb6beb992f9104c0c481db08afdb37e1a09039770f1e584	339	file	/hy-tmp/elastic_rl_gpu_20260726/stage2_1v4_blarge_360_823108bd_20260726_235247/gpu_inventory_pre.csv	hy-tmp/elastic_rl_gpu_20260726/stage2_1v4_blarge_360_823108bd_20260726_235247/gpu_inventory_pre.csv	external_artifact
4a51e91bbbfe4eb5c68a07ee205c1bc5ff8baa8b97078b2ff4a999f1eb7d61fd	7327	file	/hy-tmp/elastic_rl_gpu_20260726/stage2_1v4_blarge_360_823108bd_20260726_235247/one_launch.log	hy-tmp/elastic_rl_gpu_20260726/stage2_1v4_blarge_360_823108bd_20260726_235247/one_launch.log	external_artifact
ebd59cb1c5984170351b9da002029ff398de2d7aa1193ba282539014e65e0438	62720	file	/hy-tmp/elastic_rl_gpu_20260726/stage2_1v4_blarge_360_823108bd_20260726_235247/one_nvidia_smi.csv	hy-tmp/elastic_rl_gpu_20260726/stage2_1v4_blarge_360_823108bd_20260726_235247/one_nvidia_smi.csv	external_artifact
fbbf5b737f1f0e112e0837e74de759b61f8a8e3ff5b0df8b570ace436989430e	4	file	/hy-tmp/elastic_rl_gpu_20260726/stage2_1v4_blarge_360_823108bd_20260726_235247/one_wall_seconds.txt	hy-tmp/elastic_rl_gpu_20260726/stage2_1v4_blarge_360_823108bd_20260726_235247/one_wall_seconds.txt	external_artifact
9bba921730fee2575d6631579fabc95deed96bc75914a8296ffb738b33638c29	199	file	/hy-tmp/elastic_rl_gpu_20260726/stage2_1v4_blarge_360_823108bd_20260726_235247/persistent_one/rl/bert-large/mrpc/.s1t0.001_s2t0.001_s2st2.0.stage2_rl.lock	hy-tmp/elastic_rl_gpu_20260726/stage2_1v4_blarge_360_823108bd_20260726_235247/persistent_one/rl/bert-large/mrpc/.s1t0.001_s2t0.001_s2st2.0.stage2_rl.lock	external_artifact
da6dbb465fe9d1bf65a68bbf383209257c7417ed2df9238d6cc7044a8f7015f3	7	file	/hy-tmp/elastic_rl_gpu_20260726/stage2_1v4_blarge_360_823108bd_20260726_235247/persistent_one/rl/bert-large/mrpc/LATEST_PID	hy-tmp/elastic_rl_gpu_20260726/stage2_1v4_blarge_360_823108bd_20260726_235247/persistent_one/rl/bert-large/mrpc/LATEST_PID	external_artifact
ecbf26113ef4b8dc5c585be1bf9f075ca962382bb3e2042c544be03234316573	139	file	/hy-tmp/elastic_rl_gpu_20260726/stage2_1v4_blarge_360_823108bd_20260726_235247/persistent_one/rl/bert-large/mrpc/LATEST_RUN_DIR	hy-tmp/elastic_rl_gpu_20260726/stage2_1v4_blarge_360_823108bd_20260726_235247/persistent_one/rl/bert-large/mrpc/LATEST_RUN_DIR	external_artifact
628aecb1ba34c34da79d02f8ca6fc914342d3018efb6425c995660a695ffb4a5	14542	file	/hy-tmp/elastic_rl_gpu_20260726/stage2_1v4_blarge_360_823108bd_20260726_235247/persistent_one/rl/bert-large/mrpc/s1t0.001_s2t0.001_s2st2.0/logs/blb_stage2_rl.log	hy-tmp/elastic_rl_gpu_20260726/stage2_1v4_blarge_360_823108bd_20260726_235247/persistent_one/rl/bert-large/mrpc/s1t0.001_s2t0.001_s2st2.0/logs/blb_stage2_rl.log	external_artifact
894ffbe6e4842be2f374d7b2467f66a80c7f4cdfefbb839e43f284ab0c6b0709	364	file	/hy-tmp/elastic_rl_gpu_20260726/stage2_1v4_blarge_360_823108bd_20260726_235247/persistent_one/rl/bert-large/mrpc/s1t0.001_s2t0.001_s2st2.0/logs/elastic_gpu_health_events.jsonl	hy-tmp/elastic_rl_gpu_20260726/stage2_1v4_blarge_360_823108bd_20260726_235247/persistent_one/rl/bert-large/mrpc/s1t0.001_s2t0.001_s2st2.0/logs/elastic_gpu_health_events.jsonl	external_artifact
2d0ae254b30685f1ff8aacdb22cbbb223a416aefc6868c355a618162adc1a1db	673	file	/hy-tmp/elastic_rl_gpu_20260726/stage2_1v4_blarge_360_823108bd_20260726_235247/persistent_one/rl/bert-large/mrpc/s1t0.001_s2t0.001_s2st2.0/metadata.json	hy-tmp/elastic_rl_gpu_20260726/stage2_1v4_blarge_360_823108bd_20260726_235247/persistent_one/rl/bert-large/mrpc/s1t0.001_s2t0.001_s2st2.0/metadata.json	external_artifact
da6dbb465fe9d1bf65a68bbf383209257c7417ed2df9238d6cc7044a8f7015f3	7	file	/hy-tmp/elastic_rl_gpu_20260726/stage2_1v4_blarge_360_823108bd_20260726_235247/persistent_one/rl/bert-large/mrpc/s1t0.001_s2t0.001_s2st2.0/rl.pid	hy-tmp/elastic_rl_gpu_20260726/stage2_1v4_blarge_360_823108bd_20260726_235247/persistent_one/rl/bert-large/mrpc/s1t0.001_s2t0.001_s2st2.0/rl.pid	external_artifact
da6dbb465fe9d1bf65a68bbf383209257c7417ed2df9238d6cc7044a8f7015f3	7	file	/hy-tmp/elastic_rl_gpu_20260726/stage2_1v4_blarge_360_823108bd_20260726_235247/persistent_one/rl/bert-large/mrpc/s1t0.001_s2t0.001_s2st2.0/run.pid	hy-tmp/elastic_rl_gpu_20260726/stage2_1v4_blarge_360_823108bd_20260726_235247/persistent_one/rl/bert-large/mrpc/s1t0.001_s2t0.001_s2st2.0/run.pid	external_artifact
ebb11039e37405489b6ed586e551a7db192a7ea1151d074477c734bdc3aa8272	1500	file	/hy-tmp/elastic_rl_gpu_20260726/stage2_1v4_blarge_360_823108bd_20260726_235247/persistent_one/rl/bert-large/mrpc/s1t0.001_s2t0.001_s2st2.0/stage1/pruning_search_log.txt	hy-tmp/elastic_rl_gpu_20260726/stage2_1v4_blarge_360_823108bd_20260726_235247/persistent_one/rl/bert-large/mrpc/s1t0.001_s2t0.001_s2st2.0/stage1/pruning_search_log.txt	external_artifact
6afbc881cbbb95aab769311ed913f54db9f7e38e309886c762980d02296bf7bb	858	file	/hy-tmp/elastic_rl_gpu_20260726/stage2_1v4_blarge_360_823108bd_20260726_235247/persistent_one/rl/bert-large/mrpc/s1t0.001_s2t0.001_s2st2.0/stage2_noise/progress/blb_stage2_live_summary.md	hy-tmp/elastic_rl_gpu_20260726/stage2_1v4_blarge_360_823108bd_20260726_235247/persistent_one/rl/bert-large/mrpc/s1t0.001_s2t0.001_s2st2.0/stage2_noise/progress/blb_stage2_live_summary.md	external_artifact
c2210ee32d20dcfed03c88a7a88b9b046d17dd9d105fe13cf85224da036ab8b8	2782673	file	/hy-tmp/elastic_rl_gpu_20260726/stage2_1v4_blarge_360_823108bd_20260726_235247/persistent_one/rl/bert-large/mrpc/s1t0.001_s2t0.001_s2st2.0/stage2_noise/progress/blb_stage2_rl_checkpoint_live.pt	hy-tmp/elastic_rl_gpu_20260726/stage2_1v4_blarge_360_823108bd_20260726_235247/persistent_one/rl/bert-large/mrpc/s1t0.001_s2t0.001_s2st2.0/stage2_noise/progress/blb_stage2_rl_checkpoint_live.pt	external_artifact
5623f422d2d88893cbffa215406f492d4515022f8b91b4de1ee1ef233af6efa4	983	file	/hy-tmp/elastic_rl_gpu_20260726/stage2_1v4_blarge_360_823108bd_20260726_235247/persistent_one/rl/bert-large/mrpc/s1t0.001_s2t0.001_s2st2.0/stage2_noise/progress/blb_stage2_status.json	hy-tmp/elastic_rl_gpu_20260726/stage2_1v4_blarge_360_823108bd_20260726_235247/persistent_one/rl/bert-large/mrpc/s1t0.001_s2t0.001_s2st2.0/stage2_noise/progress/blb_stage2_status.json	external_artifact
feaecf1c4edd59cb7f27a43f5582344c77c43b2ea7634672d434d34d4c2fb6b7	80010	file	/hy-tmp/elastic_rl_gpu_20260726/stage2_1v4_blarge_360_823108bd_20260726_235247/persistent_one/rl/bert-large/mrpc/s1t0.001_s2t0.001_s2st2.0/stage2_noise/progress/candidate_store.jsonl	hy-tmp/elastic_rl_gpu_20260726/stage2_1v4_blarge_360_823108bd_20260726_235247/persistent_one/rl/bert-large/mrpc/s1t0.001_s2t0.001_s2st2.0/stage2_noise/progress/candidate_store.jsonl	external_artifact
e85b1553d586ef0aed1abf9b662daebeeacc7bf0e5353508a7d188dc6a0ca55d	1175075	file	/hy-tmp/elastic_rl_gpu_20260726/stage2_1v4_blarge_360_823108bd_20260726_235247/persistent_one/rl/bert-large/mrpc/s1t0.001_s2t0.001_s2st2.0/stage2_noise/progress/diagnostics/baseline_action_vec.json	hy-tmp/elastic_rl_gpu_20260726/stage2_1v4_blarge_360_823108bd_20260726_235247/persistent_one/rl/bert-large/mrpc/s1t0.001_s2t0.001_s2st2.0/stage2_noise/progress/diagnostics/baseline_action_vec.json	external_artifact
8b6bdadce5445bcc9c63c7b1afff49903d8878818ff541a380fd03cb844563d1	90085	file	/hy-tmp/elastic_rl_gpu_20260726/stage2_1v4_blarge_360_823108bd_20260726_235247/persistent_one/rl/bert-large/mrpc/s1t0.001_s2t0.001_s2st2.0/stage2_noise/progress/layerwise_run_manifest.json	hy-tmp/elastic_rl_gpu_20260726/stage2_1v4_blarge_360_823108bd_20260726_235247/persistent_one/rl/bert-large/mrpc/s1t0.001_s2t0.001_s2st2.0/stage2_noise/progress/layerwise_run_manifest.json	external_artifact
510c92c105720077cd5a587c37e4081abcfc14a7f4c66e78de88776cf5bcef08	166	file	/hy-tmp/elastic_rl_gpu_20260726/stage2_1v4_blarge_360_823108bd_20260726_235247/persistent_one/rl/bert-large/mrpc/s1t0.001_s2t0.001_s2st2.0/stage2_noise/progress/rl_data_points_run_id.txt	hy-tmp/elastic_rl_gpu_20260726/stage2_1v4_blarge_360_823108bd_20260726_235247/persistent_one/rl/bert-large/mrpc/s1t0.001_s2t0.001_s2st2.0/stage2_noise/progress/rl_data_points_run_id.txt	external_artifact
0df20dea018a936ac6a1dad174ce72daac03a0f9184b7d557548b367e5ee8a9e	5319	file	/hy-tmp/elastic_rl_gpu_20260726/stage2_1v4_blarge_360_823108bd_20260726_235247/persistent_one/rl/bert-large/mrpc/s1t0.001_s2t0.001_s2st2.0/stage2_noise/pruning_search_log.txt	hy-tmp/elastic_rl_gpu_20260726/stage2_1v4_blarge_360_823108bd_20260726_235247/persistent_one/rl/bert-large/mrpc/s1t0.001_s2t0.001_s2st2.0/stage2_noise/pruning_search_log.txt	external_artifact
51a96bb955a710f68b4ea0d9f9177aecd4bf4041e836c7358655cac08b1fb8c7	93	file	/hy-tmp/elastic_rl_gpu_20260726/stage2_1v4_blarge_360_823108bd_20260726_235247/runs.jsonl	hy-tmp/elastic_rl_gpu_20260726/stage2_1v4_blarge_360_823108bd_20260726_235247/runs.jsonl	external_artifact
249b9cfccf1652f6e77e73317bad0c85b62a136c3057f0f6c7312d3a97f628ad	76	symlink	/hy-tmp/elastic_rl_gpu_20260726/stage2_1v4_blarge_360_823108bd_20260726_235247/stage1/record	hy-tmp/elastic_rl_gpu_20260726/stage2_1v4_blarge_360_823108bd_20260726_235247/stage1/record	external_artifact
942ce7bdcf3fdc2c97dd5da09c2d2cb7bc1050643b947d1385ab434e41ee086b	11479	file	/hy-tmp/elastic_rl_gpu_20260726/stage2_1v4_blarge_360_823108bd_20260726_235247/stage2_ngpu_speed_ab_stdout.log	hy-tmp/elastic_rl_gpu_20260726/stage2_1v4_blarge_360_823108bd_20260726_235247/stage2_ngpu_speed_ab_stdout.log	external_artifact
30c88764c9cb8bbe719d31c4592b90e9c3b969a943fa3a82522d08ded2b40d8c	11501	file	/hy-tmp/elastic_rl_gpu_20260726/stage2_1v4_blarge_360_823108bd_20260726_235247_wrapper.nohup.log	hy-tmp/elastic_rl_gpu_20260726/stage2_1v4_blarge_360_823108bd_20260726_235247_wrapper.nohup.log	external_artifact
636e8c2a11ff34bb337211ffe21059dc35922681858facfd1d9f9879715456d1	41	file	/hy-tmp/elastic_rl_gpu_20260726/stage2_replica_fault_blarge_170_1f24cdfa_20260727_083806/HEAD.txt	hy-tmp/elastic_rl_gpu_20260726/stage2_replica_fault_blarge_170_1f24cdfa_20260727_083806/HEAD.txt	external_artifact
2e873e3f2143818a0965d227bf12652c5dbf469cf91362f398b5cc7b82e7b193	3066	file	/hy-tmp/elastic_rl_gpu_20260726/stage2_replica_fault_blarge_170_1f24cdfa_20260727_083806/effective_commands.txt	hy-tmp/elastic_rl_gpu_20260726/stage2_replica_fault_blarge_170_1f24cdfa_20260727_083806/effective_commands.txt	external_artifact
d6dc29393b04e415deb5ae56e972fbdaf9c815fde7354e9824082d127152a2b9	452	file	/hy-tmp/elastic_rl_gpu_20260726/stage2_replica_fault_blarge_170_1f24cdfa_20260727_083806/fault_injection.json	hy-tmp/elastic_rl_gpu_20260726/stage2_replica_fault_blarge_170_1f24cdfa_20260727_083806/fault_injection.json	external_artifact
eddca69336f0175d39574407f0aced5c936fbbdbdcda038803a1d13fb5bb9c1a	46	file	/hy-tmp/elastic_rl_gpu_20260726/stage2_replica_fault_blarge_170_1f24cdfa_20260727_083806/git_status_short.txt	hy-tmp/elastic_rl_gpu_20260726/stage2_replica_fault_blarge_170_1f24cdfa_20260727_083806/git_status_short.txt	external_artifact
64023d4f5506deda4bb6beb992f9104c0c481db08afdb37e1a09039770f1e584	339	file	/hy-tmp/elastic_rl_gpu_20260726/stage2_replica_fault_blarge_170_1f24cdfa_20260727_083806/gpu_inventory_pre.csv	hy-tmp/elastic_rl_gpu_20260726/stage2_replica_fault_blarge_170_1f24cdfa_20260727_083806/gpu_inventory_pre.csv	external_artifact
54d2e6c1bafa2d0100126abe862ea9330ee967380e5d8d05141ff791f4dbb86e	2881232	file	/hy-tmp/elastic_rl_gpu_20260726/stage2_replica_fault_blarge_170_1f24cdfa_20260727_083806/many_episodes.jsonl	hy-tmp/elastic_rl_gpu_20260726/stage2_replica_fault_blarge_170_1f24cdfa_20260727_083806/many_episodes.jsonl	external_artifact
49f3e75ff6fdf065b27fb6c435d2392d2d287e81140c2331c948e7d9ac689b0e	2940	file	/hy-tmp/elastic_rl_gpu_20260726/stage2_replica_fault_blarge_170_1f24cdfa_20260727_083806/many_gpu_utilization.json	hy-tmp/elastic_rl_gpu_20260726/stage2_replica_fault_blarge_170_1f24cdfa_20260727_083806/many_gpu_utilization.json	external_artifact
cfc96cded6d1c0b1bde0ef9c141c6e89900334f003b8a7f83990ad1880453c04	1422	file	/hy-tmp/elastic_rl_gpu_20260726/stage2_replica_fault_blarge_170_1f24cdfa_20260727_083806/many_gpu_utilization.md	hy-tmp/elastic_rl_gpu_20260726/stage2_replica_fault_blarge_170_1f24cdfa_20260727_083806/many_gpu_utilization.md	external_artifact
b14a3a99ea3ca8c2ec694f2e309082e1e06e76fd86aed11b92962b9b2aa2ec5c	7452	file	/hy-tmp/elastic_rl_gpu_20260726/stage2_replica_fault_blarge_170_1f24cdfa_20260727_083806/many_launch.log	hy-tmp/elastic_rl_gpu_20260726/stage2_replica_fault_blarge_170_1f24cdfa_20260727_083806/many_launch.log	external_artifact
9a8dcf12e82be966232d63736d708666e8f71150c88004d3b095170184045cb4	451796	file	/hy-tmp/elastic_rl_gpu_20260726/stage2_replica_fault_blarge_170_1f24cdfa_20260727_083806/many_nvidia_smi.csv	hy-tmp/elastic_rl_gpu_20260726/stage2_replica_fault_blarge_170_1f24cdfa_20260727_083806/many_nvidia_smi.csv	external_artifact
1f8b539e0d087265865af08b07382a650d404da8570e3bb194b70c014eb9c0d8	236760	file	/hy-tmp/elastic_rl_gpu_20260726/stage2_replica_fault_blarge_170_1f24cdfa_20260727_083806/many_ppo_updates.jsonl	hy-tmp/elastic_rl_gpu_20260726/stage2_replica_fault_blarge_170_1f24cdfa_20260727_083806/many_ppo_updates.jsonl	external_artifact
628edfb9c1808f339fd28e1dba10564b4159da8645b28327bf31c20014c779dc	5	file	/hy-tmp/elastic_rl_gpu_20260726/stage2_replica_fault_blarge_170_1f24cdfa_20260727_083806/many_wall_seconds.txt	hy-tmp/elastic_rl_gpu_20260726/stage2_replica_fault_blarge_170_1f24cdfa_20260727_083806/many_wall_seconds.txt	external_artifact
d31738ade79790ecf22c2ce7f90f049dc17888cbceac667efb4912f6371939d3	2876720	file	/hy-tmp/elastic_rl_gpu_20260726/stage2_replica_fault_blarge_170_1f24cdfa_20260727_083806/one_episodes.jsonl	hy-tmp/elastic_rl_gpu_20260726/stage2_replica_fault_blarge_170_1f24cdfa_20260727_083806/one_episodes.jsonl	external_artifact
60afc4ebb79fd370efb8c6b9d9e22e670a1277c4a3d1967fd4ab6d780b987efb	1998	file	/hy-tmp/elastic_rl_gpu_20260726/stage2_replica_fault_blarge_170_1f24cdfa_20260727_083806/one_gpu_utilization.json	hy-tmp/elastic_rl_gpu_20260726/stage2_replica_fault_blarge_170_1f24cdfa_20260727_083806/one_gpu_utilization.json	external_artifact
32caec7f6e44ddc25b662ad49576658706fabdcd78c45021647d1db3c0be068f	1121	file	/hy-tmp/elastic_rl_gpu_20260726/stage2_replica_fault_blarge_170_1f24cdfa_20260727_083806/one_gpu_utilization.md	hy-tmp/elastic_rl_gpu_20260726/stage2_replica_fault_blarge_170_1f24cdfa_20260727_083806/one_gpu_utilization.md	external_artifact
398eea22c92dea0b4653c7b5c338c59e04316087fd0c96afc77ec90c57fa52a3	7427	file	/hy-tmp/elastic_rl_gpu_20260726/stage2_replica_fault_blarge_170_1f24cdfa_20260727_083806/one_launch.log	hy-tmp/elastic_rl_gpu_20260726/stage2_replica_fault_blarge_170_1f24cdfa_20260727_083806/one_launch.log	external_artifact
8fe6582557e708422a0552442a7414b3f12ae58066dcf246f1ce8fe84ab9afc5	1123924	file	/hy-tmp/elastic_rl_gpu_20260726/stage2_replica_fault_blarge_170_1f24cdfa_20260727_083806/one_nvidia_smi.csv	hy-tmp/elastic_rl_gpu_20260726/stage2_replica_fault_blarge_170_1f24cdfa_20260727_083806/one_nvidia_smi.csv	external_artifact
3e62db70d2dceeb4a735ef0500a29486aa0013deb0a67d1a5e6017d9d5dffa08	236760	file	/hy-tmp/elastic_rl_gpu_20260726/stage2_replica_fault_blarge_170_1f24cdfa_20260727_083806/one_ppo_updates.jsonl	hy-tmp/elastic_rl_gpu_20260726/stage2_replica_fault_blarge_170_1f24cdfa_20260727_083806/one_ppo_updates.jsonl	external_artifact
9dea2e72dfb7aa9ecefcd29a6c85db115a6a6d27e54b223106cf645354ed0479	5	file	/hy-tmp/elastic_rl_gpu_20260726/stage2_replica_fault_blarge_170_1f24cdfa_20260727_083806/one_wall_seconds.txt	hy-tmp/elastic_rl_gpu_20260726/stage2_replica_fault_blarge_170_1f24cdfa_20260727_083806/one_wall_seconds.txt	external_artifact
a8887517c85be920f4565547f24d44c9efddf653725aca591697a56452e48c13	200	file	/hy-tmp/elastic_rl_gpu_20260726/stage2_replica_fault_blarge_170_1f24cdfa_20260727_083806/persistent_many/rl/bert-large/mrpc/.s1t0.001_s2t0.001_s2st2.0.stage2_rl.lock	hy-tmp/elastic_rl_gpu_20260726/stage2_replica_fault_blarge_170_1f24cdfa_20260727_083806/persistent_many/rl/bert-large/mrpc/.s1t0.001_s2t0.001_s2st2.0.stage2_rl.lock	external_artifact
fc4281cf6a69cc3325325849284f4c1dcfe6326798b5c05af3c66333097fb89e	7	file	/hy-tmp/elastic_rl_gpu_20260726/stage2_replica_fault_blarge_170_1f24cdfa_20260727_083806/persistent_many/rl/bert-large/mrpc/LATEST_PID	hy-tmp/elastic_rl_gpu_20260726/stage2_replica_fault_blarge_170_1f24cdfa_20260727_083806/persistent_many/rl/bert-large/mrpc/LATEST_PID	external_artifact
f600945d9f71828e2758906682203623490a1ea05d6921699a9aba3aa20febc3	150	file	/hy-tmp/elastic_rl_gpu_20260726/stage2_replica_fault_blarge_170_1f24cdfa_20260727_083806/persistent_many/rl/bert-large/mrpc/LATEST_RUN_DIR	hy-tmp/elastic_rl_gpu_20260726/stage2_replica_fault_blarge_170_1f24cdfa_20260727_083806/persistent_many/rl/bert-large/mrpc/LATEST_RUN_DIR	external_artifact
93add458d365131621aa0b184e9697594e47df463059defbeec8a43228530977	213	file	/hy-tmp/elastic_rl_gpu_20260726/stage2_replica_fault_blarge_170_1f24cdfa_20260727_083806/persistent_many/rl/bert-large/mrpc/s1t0.001_s2t0.001_s2st2.0/best_policy/constraint_metadata.json	hy-tmp/elastic_rl_gpu_20260726/stage2_replica_fault_blarge_170_1f24cdfa_20260727_083806/persistent_many/rl/bert-large/mrpc/s1t0.001_s2t0.001_s2st2.0/best_policy/constraint_metadata.json	external_artifact
e0eac5bca39d5fb733fcea5d22858e6d45127521907d1fcca2a584bd1d0caba7	94361	file	/hy-tmp/elastic_rl_gpu_20260726/stage2_replica_fault_blarge_170_1f24cdfa_20260727_083806/persistent_many/rl/bert-large/mrpc/s1t0.001_s2t0.001_s2st2.0/logs/blb_stage2_rl.log	hy-tmp/elastic_rl_gpu_20260726/stage2_replica_fault_blarge_170_1f24cdfa_20260727_083806/persistent_many/rl/bert-large/mrpc/s1t0.001_s2t0.001_s2st2.0/logs/blb_stage2_rl.log	external_artifact
83f94e129d30bc5ffe8164576c4301319ffb23dde3f72dd925737cede6168d1d	1610	file	/hy-tmp/elastic_rl_gpu_20260726/stage2_replica_fault_blarge_170_1f24cdfa_20260727_083806/persistent_many/rl/bert-large/mrpc/s1t0.001_s2t0.001_s2st2.0/logs/elastic_gpu_health_events.jsonl	hy-tmp/elastic_rl_gpu_20260726/stage2_replica_fault_blarge_170_1f24cdfa_20260727_083806/persistent_many/rl/bert-large/mrpc/s1t0.001_s2t0.001_s2st2.0/logs/elastic_gpu_health_events.jsonl	external_artifact
17726d7fedf9f7479f723d2bb30b9278f11598d2079eccdbc35902e89d4e1629	826	file	/hy-tmp/elastic_rl_gpu_20260726/stage2_replica_fault_blarge_170_1f24cdfa_20260727_083806/persistent_many/rl/bert-large/mrpc/s1t0.001_s2t0.001_s2st2.0/metadata.json	hy-tmp/elastic_rl_gpu_20260726/stage2_replica_fault_blarge_170_1f24cdfa_20260727_083806/persistent_many/rl/bert-large/mrpc/s1t0.001_s2t0.001_s2st2.0/metadata.json	external_artifact
fc4281cf6a69cc3325325849284f4c1dcfe6326798b5c05af3c66333097fb89e	7	file	/hy-tmp/elastic_rl_gpu_20260726/stage2_replica_fault_blarge_170_1f24cdfa_20260727_083806/persistent_many/rl/bert-large/mrpc/s1t0.001_s2t0.001_s2st2.0/rl.pid	hy-tmp/elastic_rl_gpu_20260726/stage2_replica_fault_blarge_170_1f24cdfa_20260727_083806/persistent_many/rl/bert-large/mrpc/s1t0.001_s2t0.001_s2st2.0/rl.pid	external_artifact
fc4281cf6a69cc3325325849284f4c1dcfe6326798b5c05af3c66333097fb89e	7	file	/hy-tmp/elastic_rl_gpu_20260726/stage2_replica_fault_blarge_170_1f24cdfa_20260727_083806/persistent_many/rl/bert-large/mrpc/s1t0.001_s2t0.001_s2st2.0/run.pid	hy-tmp/elastic_rl_gpu_20260726/stage2_replica_fault_blarge_170_1f24cdfa_20260727_083806/persistent_many/rl/bert-large/mrpc/s1t0.001_s2t0.001_s2st2.0/run.pid	external_artifact
131f55aef251b43b016858b12987b1d42ac162306cba05e1a7ae7c402aa0b4e8	4833	file	/hy-tmp/elastic_rl_gpu_20260726/stage2_replica_fault_blarge_170_1f24cdfa_20260727_083806/persistent_many/rl/bert-large/mrpc/s1t0.001_s2t0.001_s2st2.0/stage1/pruning_search_log.txt	hy-tmp/elastic_rl_gpu_20260726/stage2_replica_fault_blarge_170_1f24cdfa_20260727_083806/persistent_many/rl/bert-large/mrpc/s1t0.001_s2t0.001_s2st2.0/stage1/pruning_search_log.txt	external_artifact
90cf426f376b3f5e4501cff715a70a60ad0ca71d6419d06213528a3d05df5cad	839	file	/hy-tmp/elastic_rl_gpu_20260726/stage2_replica_fault_blarge_170_1f24cdfa_20260727_083806/persistent_many/rl/bert-large/mrpc/s1t0.001_s2t0.001_s2st2.0/stage2_noise/progress/blb_stage2_live_summary.md	hy-tmp/elastic_rl_gpu_20260726/stage2_replica_fault_blarge_170_1f24cdfa_20260727_083806/persistent_many/rl/bert-large/mrpc/s1t0.001_s2t0.001_s2st2.0/stage2_noise/progress/blb_stage2_live_summary.md	external_artifact
43bdd827df48f4639ad3362031a3fd7bb02b8b096f3afa4c5e4f5358a29c52ca	8382016	file	/hy-tmp/elastic_rl_gpu_20260726/stage2_replica_fault_blarge_170_1f24cdfa_20260727_083806/persistent_many/rl/bert-large/mrpc/s1t0.001_s2t0.001_s2st2.0/stage2_noise/progress/blb_stage2_rl_checkpoint_live.pt	hy-tmp/elastic_rl_gpu_20260726/stage2_replica_fault_blarge_170_1f24cdfa_20260727_083806/persistent_many/rl/bert-large/mrpc/s1t0.001_s2t0.001_s2st2.0/stage2_noise/progress/blb_stage2_rl_checkpoint_live.pt	external_artifact
0b5570ac3cf2d1d5ef3dbe8addc3fe54e36831783922fd8c8d46b9e33dc21b52	964	file	/hy-tmp/elastic_rl_gpu_20260726/stage2_replica_fault_blarge_170_1f24cdfa_20260727_083806/persistent_many/rl/bert-large/mrpc/s1t0.001_s2t0.001_s2st2.0/stage2_noise/progress/blb_stage2_status.json	hy-tmp/elastic_rl_gpu_20260726/stage2_replica_fault_blarge_170_1f24cdfa_20260727_083806/persistent_many/rl/bert-large/mrpc/s1t0.001_s2t0.001_s2st2.0/stage2_noise/progress/blb_stage2_status.json	external_artifact
a5075429ea93aa7f0cc17e78cce347b6c24fc1c4ffec49b10ad801722bec4817	10848	file	/hy-tmp/elastic_rl_gpu_20260726/stage2_replica_fault_blarge_170_1f24cdfa_20260727_083806/persistent_many/rl/bert-large/mrpc/s1t0.001_s2t0.001_s2st2.0/stage2_noise/progress/blb_stage2_training_curve.npz	hy-tmp/elastic_rl_gpu_20260726/stage2_replica_fault_blarge_170_1f24cdfa_20260727_083806/persistent_many/rl/bert-large/mrpc/s1t0.001_s2t0.001_s2st2.0/stage2_noise/progress/blb_stage2_training_curve.npz	external_artifact
877295611c3a72204149ac119330eb2cbbeb91777bbc3aab2b50a74e011c976b	11875257	file	/hy-tmp/elastic_rl_gpu_20260726/stage2_replica_fault_blarge_170_1f24cdfa_20260727_083806/persistent_many/rl/bert-large/mrpc/s1t0.001_s2t0.001_s2st2.0/stage2_noise/progress/candidate_store.jsonl	hy-tmp/elastic_rl_gpu_20260726/stage2_replica_fault_blarge_170_1f24cdfa_20260727_083806/persistent_many/rl/bert-large/mrpc/s1t0.001_s2t0.001_s2st2.0/stage2_noise/progress/candidate_store.jsonl	external_artifact
551b280d73f1d4ef561195ab39f390bbdb19a26518e6c9225b2981bcde0e7231	897802	file	/hy-tmp/elastic_rl_gpu_20260726/stage2_replica_fault_blarge_170_1f24cdfa_20260727_083806/persistent_many/rl/bert-large/mrpc/s1t0.001_s2t0.001_s2st2.0/stage2_noise/progress/diagnostics/action_histogram.npz	hy-tmp/elastic_rl_gpu_20260726/stage2_replica_fault_blarge_170_1f24cdfa_20260727_083806/persistent_many/rl/bert-large/mrpc/s1t0.001_s2t0.001_s2st2.0/stage2_noise/progress/diagnostics/action_histogram.npz	external_artifact
2ff9e22b824022e5d8b6ad754b6106baf165949c96d59bdb39696a7347f29567	1174524	file	/hy-tmp/elastic_rl_gpu_20260726/stage2_replica_fault_blarge_170_1f24cdfa_20260727_083806/persistent_many/rl/bert-large/mrpc/s1t0.001_s2t0.001_s2st2.0/stage2_noise/progress/diagnostics/baseline_action_vec.json	hy-tmp/elastic_rl_gpu_20260726/stage2_replica_fault_blarge_170_1f24cdfa_20260727_083806/persistent_many/rl/bert-large/mrpc/s1t0.001_s2t0.001_s2st2.0/stage2_noise/progress/diagnostics/baseline_action_vec.json	external_artifact
36b4f9655111f52371afc63eb2bf5043d6e77f033b6134dfa6b2ae8d28a988e0	1273168	file	/hy-tmp/elastic_rl_gpu_20260726/stage2_replica_fault_blarge_170_1f24cdfa_20260727_083806/persistent_many/rl/bert-large/mrpc/s1t0.001_s2t0.001_s2st2.0/stage2_noise/progress/diagnostics/best_action_vec.json	hy-tmp/elastic_rl_gpu_20260726/stage2_replica_fault_blarge_170_1f24cdfa_20260727_083806/persistent_many/rl/bert-large/mrpc/s1t0.001_s2t0.001_s2st2.0/stage2_noise/progress/diagnostics/best_action_vec.json	external_artifact
fa15e4cfebd99b2496e56768e0eba1a2622b3d007547455e6ba86f81a0c9e6bd	368	file	/hy-tmp/elastic_rl_gpu_20260726/stage2_replica_fault_blarge_170_1f24cdfa_20260727_083806/persistent_many/rl/bert-large/mrpc/s1t0.001_s2t0.001_s2st2.0/stage2_noise/progress/diagnostics/blb_stage2_health.log	hy-tmp/elastic_rl_gpu_20260726/stage2_replica_fault_blarge_170_1f24cdfa_20260727_083806/persistent_many/rl/bert-large/mrpc/s1t0.001_s2t0.001_s2st2.0/stage2_noise/progress/diagnostics/blb_stage2_health.log	external_artifact
c1e4450d43124d1db17034431888506b6f0afb15cfa5474d085db9bcb98d4bc7	35638	file	/hy-tmp/elastic_rl_gpu_20260726/stage2_replica_fault_blarge_170_1f24cdfa_20260727_083806/persistent_many/rl/bert-large/mrpc/s1t0.001_s2t0.001_s2st2.0/stage2_noise/progress/diagnostics/diagnostics_summary.md	hy-tmp/elastic_rl_gpu_20260726/stage2_replica_fault_blarge_170_1f24cdfa_20260727_083806/persistent_many/rl/bert-large/mrpc/s1t0.001_s2t0.001_s2st2.0/stage2_noise/progress/diagnostics/diagnostics_summary.md	external_artifact
54d2e6c1bafa2d0100126abe862ea9330ee967380e5d8d05141ff791f4dbb86e	2881232	file	/hy-tmp/elastic_rl_gpu_20260726/stage2_replica_fault_blarge_170_1f24cdfa_20260727_083806/persistent_many/rl/bert-large/mrpc/s1t0.001_s2t0.001_s2st2.0/stage2_noise/progress/diagnostics/episodes.jsonl	hy-tmp/elastic_rl_gpu_20260726/stage2_replica_fault_blarge_170_1f24cdfa_20260727_083806/persistent_many/rl/bert-large/mrpc/s1t0.001_s2t0.001_s2st2.0/stage2_noise/progress/diagnostics/episodes.jsonl	external_artifact
44136fa355b3678a1146ad16f7e8649e94fb4fc21fe77e8310c060f61caaff8a	2	file	/hy-tmp/elastic_rl_gpu_20260726/stage2_replica_fault_blarge_170_1f24cdfa_20260727_083806/persistent_many/rl/bert-large/mrpc/s1t0.001_s2t0.001_s2st2.0/stage2_noise/progress/diagnostics/first_invalid_counts.json	hy-tmp/elastic_rl_gpu_20260726/stage2_replica_fault_blarge_170_1f24cdfa_20260727_083806/persistent_many/rl/bert-large/mrpc/s1t0.001_s2t0.001_s2st2.0/stage2_noise/progress/diagnostics/first_invalid_counts.json	external_artifact
4a4bcb235e02abee1f43f215c09b226f2b23f83d58ab8cae6a5f39d2e7e65e92	3790	file	/hy-tmp/elastic_rl_gpu_20260726/stage2_replica_fault_blarge_170_1f24cdfa_20260727_083806/persistent_many/rl/bert-large/mrpc/s1t0.001_s2t0.001_s2st2.0/stage2_noise/progress/diagnostics/pareto_frontier.html	hy-tmp/elastic_rl_gpu_20260726/stage2_replica_fault_blarge_170_1f24cdfa_20260727_083806/persistent_many/rl/bert-large/mrpc/s1t0.001_s2t0.001_s2st2.0/stage2_noise/progress/diagnostics/pareto_frontier.html	external_artifact
0d9e8938886f4f518056aaf79306c4b12c8c49e4f35d6e1903bef148be411a9d	5961253	file	/hy-tmp/elastic_rl_gpu_20260726/stage2_replica_fault_blarge_170_1f24cdfa_20260727_083806/persistent_many/rl/bert-large/mrpc/s1t0.001_s2t0.001_s2st2.0/stage2_noise/progress/diagnostics/pareto_frontier.json	hy-tmp/elastic_rl_gpu_20260726/stage2_replica_fault_blarge_170_1f24cdfa_20260727_083806/persistent_many/rl/bert-large/mrpc/s1t0.001_s2t0.001_s2st2.0/stage2_noise/progress/diagnostics/pareto_frontier.json	external_artifact
4668f3d2911dd77c52fdc9ac48361094e98adaa0597d6a7889f14de2bbd5e5e4	3259852	file	/hy-tmp/elastic_rl_gpu_20260726/stage2_replica_fault_blarge_170_1f24cdfa_20260727_083806/persistent_many/rl/bert-large/mrpc/s1t0.001_s2t0.001_s2st2.0/stage2_noise/progress/diagnostics/pareto_frontier.jsonl	hy-tmp/elastic_rl_gpu_20260726/stage2_replica_fault_blarge_170_1f24cdfa_20260727_083806/persistent_many/rl/bert-large/mrpc/s1t0.001_s2t0.001_s2st2.0/stage2_noise/progress/diagnostics/pareto_frontier.jsonl	external_artifact
1f8b539e0d087265865af08b07382a650d404da8570e3bb194b70c014eb9c0d8	236760	file	/hy-tmp/elastic_rl_gpu_20260726/stage2_replica_fault_blarge_170_1f24cdfa_20260727_083806/persistent_many/rl/bert-large/mrpc/s1t0.001_s2t0.001_s2st2.0/stage2_noise/progress/diagnostics/ppo_updates.jsonl	hy-tmp/elastic_rl_gpu_20260726/stage2_replica_fault_blarge_170_1f24cdfa_20260727_083806/persistent_many/rl/bert-large/mrpc/s1t0.001_s2t0.001_s2st2.0/stage2_noise/progress/diagnostics/ppo_updates.jsonl	external_artifact
144b26c3d0889cf7573b5b936e89a3e8cb5ac48dc5a11b59766920f3a623169a	16251999	file	/hy-tmp/elastic_rl_gpu_20260726/stage2_replica_fault_blarge_170_1f24cdfa_20260727_083806/persistent_many/rl/bert-large/mrpc/s1t0.001_s2t0.001_s2st2.0/stage2_noise/progress/diagnostics/top_candidates.jsonl	hy-tmp/elastic_rl_gpu_20260726/stage2_replica_fault_blarge_170_1f24cdfa_20260727_083806/persistent_many/rl/bert-large/mrpc/s1t0.001_s2t0.001_s2st2.0/stage2_noise/progress/diagnostics/top_candidates.jsonl	external_artifact
f9754c4db959f0228f580863ecf8d1962937f68787c822f624bfb42855bf9377	341185	file	/hy-tmp/elastic_rl_gpu_20260726/stage2_replica_fault_blarge_170_1f24cdfa_20260727_083806/persistent_many/rl/bert-large/mrpc/s1t0.001_s2t0.001_s2st2.0/stage2_noise/progress/layerwise_run_manifest.json	hy-tmp/elastic_rl_gpu_20260726/stage2_replica_fault_blarge_170_1f24cdfa_20260727_083806/persistent_many/rl/bert-large/mrpc/s1t0.001_s2t0.001_s2st2.0/stage2_noise/progress/layerwise_run_manifest.json	external_artifact
1b56077de84f0d2b9f88263cea6269576d27d59d311ed8952d7058f1d252942c	383434	file	/hy-tmp/elastic_rl_gpu_20260726/stage2_replica_fault_blarge_170_1f24cdfa_20260727_083806/persistent_many/rl/bert-large/mrpc/s1t0.001_s2t0.001_s2st2.0/stage2_noise/progress/layerwise_summary.json	hy-tmp/elastic_rl_gpu_20260726/stage2_replica_fault_blarge_170_1f24cdfa_20260727_083806/persistent_many/rl/bert-large/mrpc/s1t0.001_s2t0.001_s2st2.0/stage2_noise/progress/layerwise_summary.json	external_artifact
255e1449792f1f738f7c6101918228efa97c454139d791fcd4f16bef56319073	177	file	/hy-tmp/elastic_rl_gpu_20260726/stage2_replica_fault_blarge_170_1f24cdfa_20260727_083806/persistent_many/rl/bert-large/mrpc/s1t0.001_s2t0.001_s2st2.0/stage2_noise/progress/rl_data_points_run_id.txt	hy-tmp/elastic_rl_gpu_20260726/stage2_replica_fault_blarge_170_1f24cdfa_20260727_083806/persistent_many/rl/bert-large/mrpc/s1t0.001_s2t0.001_s2st2.0/stage2_noise/progress/rl_data_points_run_id.txt	external_artifact
7df31b7b64fc57bcd89fb0f395acf5a9f8b9261a1382b83b4688389cee3ce1d2	17865	file	/hy-tmp/elastic_rl_gpu_20260726/stage2_replica_fault_blarge_170_1f24cdfa_20260727_083806/persistent_many/rl/bert-large/mrpc/s1t0.001_s2t0.001_s2st2.0/stage2_noise/pruning_search_log.txt	hy-tmp/elastic_rl_gpu_20260726/stage2_replica_fault_blarge_170_1f24cdfa_20260727_083806/persistent_many/rl/bert-large/mrpc/s1t0.001_s2t0.001_s2st2.0/stage2_noise/pruning_search_log.txt	external_artifact
bd5e3834b3f8fee609c3264d9585873a75f5733a81dd0998355dc0e58b0755cc	371	file	/hy-tmp/elastic_rl_gpu_20260726/stage2_replica_fault_blarge_170_1f24cdfa_20260727_083806/runs.jsonl	hy-tmp/elastic_rl_gpu_20260726/stage2_replica_fault_blarge_170_1f24cdfa_20260727_083806/runs.jsonl	external_artifact
249b9cfccf1652f6e77e73317bad0c85b62a136c3057f0f6c7312d3a97f628ad	76	symlink	/hy-tmp/elastic_rl_gpu_20260726/stage2_replica_fault_blarge_170_1f24cdfa_20260727_083806/stage1/record	hy-tmp/elastic_rl_gpu_20260726/stage2_replica_fault_blarge_170_1f24cdfa_20260727_083806/stage1/record	external_artifact
1d5dcd49e09b8fd72577be8ab9462f17985e0a9ae853c26a1a49fcdaadb4aeba	2338	file	/hy-tmp/elastic_rl_gpu_20260726/stage2_replica_fault_blarge_170_1f24cdfa_20260727_083806/stage2_ngpu_gate_verdict.txt	hy-tmp/elastic_rl_gpu_20260726/stage2_replica_fault_blarge_170_1f24cdfa_20260727_083806/stage2_ngpu_gate_verdict.txt	external_artifact
11f7dd34b410c694faa2d911bf48c3f395fd76eb3466132d7c025b8478d8dfd4	14648	file	/hy-tmp/elastic_rl_gpu_20260726/stage2_replica_fault_blarge_170_1f24cdfa_20260727_083806/stage2_ngpu_speed_ab_stdout.log	hy-tmp/elastic_rl_gpu_20260726/stage2_replica_fault_blarge_170_1f24cdfa_20260727_083806/stage2_ngpu_speed_ab_stdout.log	external_artifact
6860f7addb91369b8535bd8f181a122c6bbac1b43756bc9fc058d8f157caf07a	955	file	/hy-tmp/elastic_rl_gpu_20260726/stage2_replica_fault_blarge_170_1f24cdfa_20260727_083806/strict_fault_equivalence.json	hy-tmp/elastic_rl_gpu_20260726/stage2_replica_fault_blarge_170_1f24cdfa_20260727_083806/strict_fault_equivalence.json	external_artifact
40ba3e5d34b484d2d2bf6d5b9bf1d2213022de18d4f88ccd8fe4a4ddaacfb677	14670	file	/hy-tmp/elastic_rl_gpu_20260726/stage2_replica_fault_blarge_170_1f24cdfa_20260727_083806_wrapper.nohup.log	hy-tmp/elastic_rl_gpu_20260726/stage2_replica_fault_blarge_170_1f24cdfa_20260727_083806_wrapper.nohup.log	external_artifact
9ac4fce441f84026f9b3a61b6050d282c3e51e8fe6790fb18b02530bec21d281	41	file	/hy-tmp/elastic_rl_gpu_20260726/stage2_replica_fault_blarge_170_6e8d1cfc_20260727_095907/HEAD.txt	hy-tmp/elastic_rl_gpu_20260726/stage2_replica_fault_blarge_170_6e8d1cfc_20260727_095907/HEAD.txt	external_artifact
203465b201ea50714bd57f44a9373b2a5e009e69fe8981b12c7c9251bef872a1	3066	file	/hy-tmp/elastic_rl_gpu_20260726/stage2_replica_fault_blarge_170_6e8d1cfc_20260727_095907/effective_commands.txt	hy-tmp/elastic_rl_gpu_20260726/stage2_replica_fault_blarge_170_6e8d1cfc_20260727_095907/effective_commands.txt	external_artifact
def5f3ab33e4970d4e2dd015c7bb3ce06d92ea1d052dede9ed9f4e7299d93406	456	file	/hy-tmp/elastic_rl_gpu_20260726/stage2_replica_fault_blarge_170_6e8d1cfc_20260727_095907/fault_injection.json	hy-tmp/elastic_rl_gpu_20260726/stage2_replica_fault_blarge_170_6e8d1cfc_20260727_095907/fault_injection.json	external_artifact
eddca69336f0175d39574407f0aced5c936fbbdbdcda038803a1d13fb5bb9c1a	46	file	/hy-tmp/elastic_rl_gpu_20260726/stage2_replica_fault_blarge_170_6e8d1cfc_20260727_095907/git_status_short.txt	hy-tmp/elastic_rl_gpu_20260726/stage2_replica_fault_blarge_170_6e8d1cfc_20260727_095907/git_status_short.txt	external_artifact
64023d4f5506deda4bb6beb992f9104c0c481db08afdb37e1a09039770f1e584	339	file	/hy-tmp/elastic_rl_gpu_20260726/stage2_replica_fault_blarge_170_6e8d1cfc_20260727_095907/gpu_inventory_pre.csv	hy-tmp/elastic_rl_gpu_20260726/stage2_replica_fault_blarge_170_6e8d1cfc_20260727_095907/gpu_inventory_pre.csv	external_artifact
e7c5101a1f167a345a3303270e8c7150b95aadaeebc946e4d38ac0485a828c83	2881147	file	/hy-tmp/elastic_rl_gpu_20260726/stage2_replica_fault_blarge_170_6e8d1cfc_20260727_095907/many_episodes.jsonl	hy-tmp/elastic_rl_gpu_20260726/stage2_replica_fault_blarge_170_6e8d1cfc_20260727_095907/many_episodes.jsonl	external_artifact
1e86a3d3d35af53104d7b02288764dfff0c57c30ae16ab35999b2e29e10c9db1	2943	file	/hy-tmp/elastic_rl_gpu_20260726/stage2_replica_fault_blarge_170_6e8d1cfc_20260727_095907/many_gpu_utilization.json	hy-tmp/elastic_rl_gpu_20260726/stage2_replica_fault_blarge_170_6e8d1cfc_20260727_095907/many_gpu_utilization.json	external_artifact
c35ec8a18e947b3ee781f8336c891d9c3396160699e8088df78ac706d8f36607	1423	file	/hy-tmp/elastic_rl_gpu_20260726/stage2_replica_fault_blarge_170_6e8d1cfc_20260727_095907/many_gpu_utilization.md	hy-tmp/elastic_rl_gpu_20260726/stage2_replica_fault_blarge_170_6e8d1cfc_20260727_095907/many_gpu_utilization.md	external_artifact
58b9c1041146e9ee994f61bf6769116d326daf4757734eb50ad59bfe722bf31b	7452	file	/hy-tmp/elastic_rl_gpu_20260726/stage2_replica_fault_blarge_170_6e8d1cfc_20260727_095907/many_launch.log	hy-tmp/elastic_rl_gpu_20260726/stage2_replica_fault_blarge_170_6e8d1cfc_20260727_095907/many_launch.log	external_artifact
05ead430f4e39133aed5cb31ec055ad5af0ed63de970a7d1db7c82208bfe7c41	428634	file	/hy-tmp/elastic_rl_gpu_20260726/stage2_replica_fault_blarge_170_6e8d1cfc_20260727_095907/many_nvidia_smi.csv	hy-tmp/elastic_rl_gpu_20260726/stage2_replica_fault_blarge_170_6e8d1cfc_20260727_095907/many_nvidia_smi.csv	external_artifact
c63c34e47140952289c8d723e57457a4cf4ae2e71813dc83d408016e12648da7	236762	file	/hy-tmp/elastic_rl_gpu_20260726/stage2_replica_fault_blarge_170_6e8d1cfc_20260727_095907/many_ppo_updates.jsonl	hy-tmp/elastic_rl_gpu_20260726/stage2_replica_fault_blarge_170_6e8d1cfc_20260727_095907/many_ppo_updates.jsonl	external_artifact
8817dd880282fa3d160de44116f597413b3b566be8c6c4ab896ae23db5e4e7e6	5	file	/hy-tmp/elastic_rl_gpu_20260726/stage2_replica_fault_blarge_170_6e8d1cfc_20260727_095907/many_wall_seconds.txt	hy-tmp/elastic_rl_gpu_20260726/stage2_replica_fault_blarge_170_6e8d1cfc_20260727_095907/many_wall_seconds.txt	external_artifact
d31738ade79790ecf22c2ce7f90f049dc17888cbceac667efb4912f6371939d3	2876720	file	/hy-tmp/elastic_rl_gpu_20260726/stage2_replica_fault_blarge_170_6e8d1cfc_20260727_095907/one_episodes.jsonl	hy-tmp/elastic_rl_gpu_20260726/stage2_replica_fault_blarge_170_6e8d1cfc_20260727_095907/one_episodes.jsonl	external_artifact
60afc4ebb79fd370efb8c6b9d9e22e670a1277c4a3d1967fd4ab6d780b987efb	1998	file	/hy-tmp/elastic_rl_gpu_20260726/stage2_replica_fault_blarge_170_6e8d1cfc_20260727_095907/one_gpu_utilization.json	hy-tmp/elastic_rl_gpu_20260726/stage2_replica_fault_blarge_170_6e8d1cfc_20260727_095907/one_gpu_utilization.json	external_artifact
32caec7f6e44ddc25b662ad49576658706fabdcd78c45021647d1db3c0be068f	1121	file	/hy-tmp/elastic_rl_gpu_20260726/stage2_replica_fault_blarge_170_6e8d1cfc_20260727_095907/one_gpu_utilization.md	hy-tmp/elastic_rl_gpu_20260726/stage2_replica_fault_blarge_170_6e8d1cfc_20260727_095907/one_gpu_utilization.md	external_artifact
398eea22c92dea0b4653c7b5c338c59e04316087fd0c96afc77ec90c57fa52a3	7427	file	/hy-tmp/elastic_rl_gpu_20260726/stage2_replica_fault_blarge_170_6e8d1cfc_20260727_095907/one_launch.log	hy-tmp/elastic_rl_gpu_20260726/stage2_replica_fault_blarge_170_6e8d1cfc_20260727_095907/one_launch.log	external_artifact
8fe6582557e708422a0552442a7414b3f12ae58066dcf246f1ce8fe84ab9afc5	1123924	file	/hy-tmp/elastic_rl_gpu_20260726/stage2_replica_fault_blarge_170_6e8d1cfc_20260727_095907/one_nvidia_smi.csv	hy-tmp/elastic_rl_gpu_20260726/stage2_replica_fault_blarge_170_6e8d1cfc_20260727_095907/one_nvidia_smi.csv	external_artifact
3e62db70d2dceeb4a735ef0500a29486aa0013deb0a67d1a5e6017d9d5dffa08	236760	file	/hy-tmp/elastic_rl_gpu_20260726/stage2_replica_fault_blarge_170_6e8d1cfc_20260727_095907/one_ppo_updates.jsonl	hy-tmp/elastic_rl_gpu_20260726/stage2_replica_fault_blarge_170_6e8d1cfc_20260727_095907/one_ppo_updates.jsonl	external_artifact
9dea2e72dfb7aa9ecefcd29a6c85db115a6a6d27e54b223106cf645354ed0479	5	file	/hy-tmp/elastic_rl_gpu_20260726/stage2_replica_fault_blarge_170_6e8d1cfc_20260727_095907/one_wall_seconds.txt	hy-tmp/elastic_rl_gpu_20260726/stage2_replica_fault_blarge_170_6e8d1cfc_20260727_095907/one_wall_seconds.txt	external_artifact
360ff2433f5be1712b7f7ca1f3155aab8421b86f3c9a159f028a27bcca42730e	200	file	/hy-tmp/elastic_rl_gpu_20260726/stage2_replica_fault_blarge_170_6e8d1cfc_20260727_095907/persistent_many/rl/bert-large/mrpc/.s1t0.001_s2t0.001_s2st2.0.stage2_rl.lock	hy-tmp/elastic_rl_gpu_20260726/stage2_replica_fault_blarge_170_6e8d1cfc_20260727_095907/persistent_many/rl/bert-large/mrpc/.s1t0.001_s2t0.001_s2st2.0.stage2_rl.lock	external_artifact
b790646d26c9550fcdfea462a507a94cff8f5833bc09330637d90fd5586de160	7	file	/hy-tmp/elastic_rl_gpu_20260726/stage2_replica_fault_blarge_170_6e8d1cfc_20260727_095907/persistent_many/rl/bert-large/mrpc/LATEST_PID	hy-tmp/elastic_rl_gpu_20260726/stage2_replica_fault_blarge_170_6e8d1cfc_20260727_095907/persistent_many/rl/bert-large/mrpc/LATEST_PID	external_artifact
cc3ec3d1a26e3a538b9030f8abccc8f48ea76fb3eaac4508d5536672f6e5b1ec	150	file	/hy-tmp/elastic_rl_gpu_20260726/stage2_replica_fault_blarge_170_6e8d1cfc_20260727_095907/persistent_many/rl/bert-large/mrpc/LATEST_RUN_DIR	hy-tmp/elastic_rl_gpu_20260726/stage2_replica_fault_blarge_170_6e8d1cfc_20260727_095907/persistent_many/rl/bert-large/mrpc/LATEST_RUN_DIR	external_artifact
93add458d365131621aa0b184e9697594e47df463059defbeec8a43228530977	213	file	/hy-tmp/elastic_rl_gpu_20260726/stage2_replica_fault_blarge_170_6e8d1cfc_20260727_095907/persistent_many/rl/bert-large/mrpc/s1t0.001_s2t0.001_s2st2.0/best_policy/constraint_metadata.json	hy-tmp/elastic_rl_gpu_20260726/stage2_replica_fault_blarge_170_6e8d1cfc_20260727_095907/persistent_many/rl/bert-large/mrpc/s1t0.001_s2t0.001_s2st2.0/best_policy/constraint_metadata.json	external_artifact
5649de2e5a369f7a9411cd8ad4d5d18e17842322ee38bd2ccb1911bf925c4d73	61612	file	/hy-tmp/elastic_rl_gpu_20260726/stage2_replica_fault_blarge_170_6e8d1cfc_20260727_095907/persistent_many/rl/bert-large/mrpc/s1t0.001_s2t0.001_s2st2.0/logs/blb_stage2_rl.log	hy-tmp/elastic_rl_gpu_20260726/stage2_replica_fault_blarge_170_6e8d1cfc_20260727_095907/persistent_many/rl/bert-large/mrpc/s1t0.001_s2t0.001_s2st2.0/logs/blb_stage2_rl.log	external_artifact
7d163e7fa2db204aba2723b35c7fdfdcc0d0bf78242948c2a871c93708931fef	1036	file	/hy-tmp/elastic_rl_gpu_20260726/stage2_replica_fault_blarge_170_6e8d1cfc_20260727_095907/persistent_many/rl/bert-large/mrpc/s1t0.001_s2t0.001_s2st2.0/logs/elastic_gpu_health_events.jsonl	hy-tmp/elastic_rl_gpu_20260726/stage2_replica_fault_blarge_170_6e8d1cfc_20260727_095907/persistent_many/rl/bert-large/mrpc/s1t0.001_s2t0.001_s2st2.0/logs/elastic_gpu_health_events.jsonl	external_artifact
4c2f74c65302d55c06845947e0f0880f2594d170bab8dfa574bb0b302a6ce268	826	file	/hy-tmp/elastic_rl_gpu_20260726/stage2_replica_fault_blarge_170_6e8d1cfc_20260727_095907/persistent_many/rl/bert-large/mrpc/s1t0.001_s2t0.001_s2st2.0/metadata.json	hy-tmp/elastic_rl_gpu_20260726/stage2_replica_fault_blarge_170_6e8d1cfc_20260727_095907/persistent_many/rl/bert-large/mrpc/s1t0.001_s2t0.001_s2st2.0/metadata.json	external_artifact
b790646d26c9550fcdfea462a507a94cff8f5833bc09330637d90fd5586de160	7	file	/hy-tmp/elastic_rl_gpu_20260726/stage2_replica_fault_blarge_170_6e8d1cfc_20260727_095907/persistent_many/rl/bert-large/mrpc/s1t0.001_s2t0.001_s2st2.0/rl.pid	hy-tmp/elastic_rl_gpu_20260726/stage2_replica_fault_blarge_170_6e8d1cfc_20260727_095907/persistent_many/rl/bert-large/mrpc/s1t0.001_s2t0.001_s2st2.0/rl.pid	external_artifact
b790646d26c9550fcdfea462a507a94cff8f5833bc09330637d90fd5586de160	7	file	/hy-tmp/elastic_rl_gpu_20260726/stage2_replica_fault_blarge_170_6e8d1cfc_20260727_095907/persistent_many/rl/bert-large/mrpc/s1t0.001_s2t0.001_s2st2.0/run.pid	hy-tmp/elastic_rl_gpu_20260726/stage2_replica_fault_blarge_170_6e8d1cfc_20260727_095907/persistent_many/rl/bert-large/mrpc/s1t0.001_s2t0.001_s2st2.0/run.pid	external_artifact
ac1cfa30b15e704655759b19eb0b66f4e93d1b6c46b8a05aea84b0ae329fd4fa	3203	file	/hy-tmp/elastic_rl_gpu_20260726/stage2_replica_fault_blarge_170_6e8d1cfc_20260727_095907/persistent_many/rl/bert-large/mrpc/s1t0.001_s2t0.001_s2st2.0/stage1/pruning_search_log.txt	hy-tmp/elastic_rl_gpu_20260726/stage2_replica_fault_blarge_170_6e8d1cfc_20260727_095907/persistent_many/rl/bert-large/mrpc/s1t0.001_s2t0.001_s2st2.0/stage1/pruning_search_log.txt	external_artifact
3b76defa4af3886c8918862c8d0851f944609fceca964e7859b92375173bafd6	1132	file	/hy-tmp/elastic_rl_gpu_20260726/stage2_replica_fault_blarge_170_6e8d1cfc_20260727_095907/persistent_many/rl/bert-large/mrpc/s1t0.001_s2t0.001_s2st2.0/stage2_noise/progress/blb_stage2_live_summary.md	hy-tmp/elastic_rl_gpu_20260726/stage2_replica_fault_blarge_170_6e8d1cfc_20260727_095907/persistent_many/rl/bert-large/mrpc/s1t0.001_s2t0.001_s2st2.0/stage2_noise/progress/blb_stage2_live_summary.md	external_artifact
10f38e292cc51233d96761e0a2d9e58463c04f6fadb74f87faac0341a80f0578	8382144	file	/hy-tmp/elastic_rl_gpu_20260726/stage2_replica_fault_blarge_170_6e8d1cfc_20260727_095907/persistent_many/rl/bert-large/mrpc/s1t0.001_s2t0.001_s2st2.0/stage2_noise/progress/blb_stage2_rl_checkpoint_live.pt	hy-tmp/elastic_rl_gpu_20260726/stage2_replica_fault_blarge_170_6e8d1cfc_20260727_095907/persistent_many/rl/bert-large/mrpc/s1t0.001_s2t0.001_s2st2.0/stage2_noise/progress/blb_stage2_rl_checkpoint_live.pt	external_artifact
75ee82ab8ad736109e549d4281e9d5a5c32897d09a1a43e01a2d5de4c74a85ee	302681	file	/hy-tmp/elastic_rl_gpu_20260726/stage2_replica_fault_blarge_170_6e8d1cfc_20260727_095907/persistent_many/rl/bert-large/mrpc/s1t0.001_s2t0.001_s2st2.0/stage2_noise/progress/blb_stage2_status.json	hy-tmp/elastic_rl_gpu_20260726/stage2_replica_fault_blarge_170_6e8d1cfc_20260727_095907/persistent_many/rl/bert-large/mrpc/s1t0.001_s2t0.001_s2st2.0/stage2_noise/progress/blb_stage2_status.json	external_artifact
a5075429ea93aa7f0cc17e78cce347b6c24fc1c4ffec49b10ad801722bec4817	10848	file	/hy-tmp/elastic_rl_gpu_20260726/stage2_replica_fault_blarge_170_6e8d1cfc_20260727_095907/persistent_many/rl/bert-large/mrpc/s1t0.001_s2t0.001_s2st2.0/stage2_noise/progress/blb_stage2_training_curve.npz	hy-tmp/elastic_rl_gpu_20260726/stage2_replica_fault_blarge_170_6e8d1cfc_20260727_095907/persistent_many/rl/bert-large/mrpc/s1t0.001_s2t0.001_s2st2.0/stage2_noise/progress/blb_stage2_training_curve.npz	external_artifact
6722f8da6b0b288080423d4d763ffcc55736c3982ccbb9f86b975597e47739ec	11875257	file	/hy-tmp/elastic_rl_gpu_20260726/stage2_replica_fault_blarge_170_6e8d1cfc_20260727_095907/persistent_many/rl/bert-large/mrpc/s1t0.001_s2t0.001_s2st2.0/stage2_noise/progress/candidate_store.jsonl	hy-tmp/elastic_rl_gpu_20260726/stage2_replica_fault_blarge_170_6e8d1cfc_20260727_095907/persistent_many/rl/bert-large/mrpc/s1t0.001_s2t0.001_s2st2.0/stage2_noise/progress/candidate_store.jsonl	external_artifact
551b280d73f1d4ef561195ab39f390bbdb19a26518e6c9225b2981bcde0e7231	897802	file	/hy-tmp/elastic_rl_gpu_20260726/stage2_replica_fault_blarge_170_6e8d1cfc_20260727_095907/persistent_many/rl/bert-large/mrpc/s1t0.001_s2t0.001_s2st2.0/stage2_noise/progress/diagnostics/action_histogram.npz	hy-tmp/elastic_rl_gpu_20260726/stage2_replica_fault_blarge_170_6e8d1cfc_20260727_095907/persistent_many/rl/bert-large/mrpc/s1t0.001_s2t0.001_s2st2.0/stage2_noise/progress/diagnostics/action_histogram.npz	external_artifact
2ff9e22b824022e5d8b6ad754b6106baf165949c96d59bdb39696a7347f29567	1174524	file	/hy-tmp/elastic_rl_gpu_20260726/stage2_replica_fault_blarge_170_6e8d1cfc_20260727_095907/persistent_many/rl/bert-large/mrpc/s1t0.001_s2t0.001_s2st2.0/stage2_noise/progress/diagnostics/baseline_action_vec.json	hy-tmp/elastic_rl_gpu_20260726/stage2_replica_fault_blarge_170_6e8d1cfc_20260727_095907/persistent_many/rl/bert-large/mrpc/s1t0.001_s2t0.001_s2st2.0/stage2_noise/progress/diagnostics/baseline_action_vec.json	external_artifact
050ef621c8d13245594e98cba9e08c176716059f7947f85b0a09ed2e5a46dc19	1273168	file	/hy-tmp/elastic_rl_gpu_20260726/stage2_replica_fault_blarge_170_6e8d1cfc_20260727_095907/persistent_many/rl/bert-large/mrpc/s1t0.001_s2t0.001_s2st2.0/stage2_noise/progress/diagnostics/best_action_vec.json	hy-tmp/elastic_rl_gpu_20260726/stage2_replica_fault_blarge_170_6e8d1cfc_20260727_095907/persistent_many/rl/bert-large/mrpc/s1t0.001_s2t0.001_s2st2.0/stage2_noise/progress/diagnostics/best_action_vec.json	external_artifact
6916f66a0fc039f324f1ce69b9d6ac14d614b41b9ed094797e9e3fd04c78e10b	245	file	/hy-tmp/elastic_rl_gpu_20260726/stage2_replica_fault_blarge_170_6e8d1cfc_20260727_095907/persistent_many/rl/bert-large/mrpc/s1t0.001_s2t0.001_s2st2.0/stage2_noise/progress/diagnostics/blb_stage2_health.log	hy-tmp/elastic_rl_gpu_20260726/stage2_replica_fault_blarge_170_6e8d1cfc_20260727_095907/persistent_many/rl/bert-large/mrpc/s1t0.001_s2t0.001_s2st2.0/stage2_noise/progress/diagnostics/blb_stage2_health.log	external_artifact
cf6610fc891484e3740994548a1c06ad7bc96e94b6bc5ac7465731141dd9e0e8	35639	file	/hy-tmp/elastic_rl_gpu_20260726/stage2_replica_fault_blarge_170_6e8d1cfc_20260727_095907/persistent_many/rl/bert-large/mrpc/s1t0.001_s2t0.001_s2st2.0/stage2_noise/progress/diagnostics/diagnostics_summary.md	hy-tmp/elastic_rl_gpu_20260726/stage2_replica_fault_blarge_170_6e8d1cfc_20260727_095907/persistent_many/rl/bert-large/mrpc/s1t0.001_s2t0.001_s2st2.0/stage2_noise/progress/diagnostics/diagnostics_summary.md	external_artifact
e7c5101a1f167a345a3303270e8c7150b95aadaeebc946e4d38ac0485a828c83	2881147	file	/hy-tmp/elastic_rl_gpu_20260726/stage2_replica_fault_blarge_170_6e8d1cfc_20260727_095907/persistent_many/rl/bert-large/mrpc/s1t0.001_s2t0.001_s2st2.0/stage2_noise/progress/diagnostics/episodes.jsonl	hy-tmp/elastic_rl_gpu_20260726/stage2_replica_fault_blarge_170_6e8d1cfc_20260727_095907/persistent_many/rl/bert-large/mrpc/s1t0.001_s2t0.001_s2st2.0/stage2_noise/progress/diagnostics/episodes.jsonl	external_artifact
44136fa355b3678a1146ad16f7e8649e94fb4fc21fe77e8310c060f61caaff8a	2	file	/hy-tmp/elastic_rl_gpu_20260726/stage2_replica_fault_blarge_170_6e8d1cfc_20260727_095907/persistent_many/rl/bert-large/mrpc/s1t0.001_s2t0.001_s2st2.0/stage2_noise/progress/diagnostics/first_invalid_counts.json	hy-tmp/elastic_rl_gpu_20260726/stage2_replica_fault_blarge_170_6e8d1cfc_20260727_095907/persistent_many/rl/bert-large/mrpc/s1t0.001_s2t0.001_s2st2.0/stage2_noise/progress/diagnostics/first_invalid_counts.json	external_artifact
4a4bcb235e02abee1f43f215c09b226f2b23f83d58ab8cae6a5f39d2e7e65e92	3790	file	/hy-tmp/elastic_rl_gpu_20260726/stage2_replica_fault_blarge_170_6e8d1cfc_20260727_095907/persistent_many/rl/bert-large/mrpc/s1t0.001_s2t0.001_s2st2.0/stage2_noise/progress/diagnostics/pareto_frontier.html	hy-tmp/elastic_rl_gpu_20260726/stage2_replica_fault_blarge_170_6e8d1cfc_20260727_095907/persistent_many/rl/bert-large/mrpc/s1t0.001_s2t0.001_s2st2.0/stage2_noise/progress/diagnostics/pareto_frontier.html	external_artifact
aef402c87f3f77061e1b17341a03918d505a7fb76a1559fdfe21cc0093ee8701	5961253	file	/hy-tmp/elastic_rl_gpu_20260726/stage2_replica_fault_blarge_170_6e8d1cfc_20260727_095907/persistent_many/rl/bert-large/mrpc/s1t0.001_s2t0.001_s2st2.0/stage2_noise/progress/diagnostics/pareto_frontier.json	hy-tmp/elastic_rl_gpu_20260726/stage2_replica_fault_blarge_170_6e8d1cfc_20260727_095907/persistent_many/rl/bert-large/mrpc/s1t0.001_s2t0.001_s2st2.0/stage2_noise/progress/diagnostics/pareto_frontier.json	external_artifact
4668f3d2911dd77c52fdc9ac48361094e98adaa0597d6a7889f14de2bbd5e5e4	3259852	file	/hy-tmp/elastic_rl_gpu_20260726/stage2_replica_fault_blarge_170_6e8d1cfc_20260727_095907/persistent_many/rl/bert-large/mrpc/s1t0.001_s2t0.001_s2st2.0/stage2_noise/progress/diagnostics/pareto_frontier.jsonl	hy-tmp/elastic_rl_gpu_20260726/stage2_replica_fault_blarge_170_6e8d1cfc_20260727_095907/persistent_many/rl/bert-large/mrpc/s1t0.001_s2t0.001_s2st2.0/stage2_noise/progress/diagnostics/pareto_frontier.jsonl	external_artifact
c63c34e47140952289c8d723e57457a4cf4ae2e71813dc83d408016e12648da7	236762	file	/hy-tmp/elastic_rl_gpu_20260726/stage2_replica_fault_blarge_170_6e8d1cfc_20260727_095907/persistent_many/rl/bert-large/mrpc/s1t0.001_s2t0.001_s2st2.0/stage2_noise/progress/diagnostics/ppo_updates.jsonl	hy-tmp/elastic_rl_gpu_20260726/stage2_replica_fault_blarge_170_6e8d1cfc_20260727_095907/persistent_many/rl/bert-large/mrpc/s1t0.001_s2t0.001_s2st2.0/stage2_noise/progress/diagnostics/ppo_updates.jsonl	external_artifact
144b26c3d0889cf7573b5b936e89a3e8cb5ac48dc5a11b59766920f3a623169a	16251999	file	/hy-tmp/elastic_rl_gpu_20260726/stage2_replica_fault_blarge_170_6e8d1cfc_20260727_095907/persistent_many/rl/bert-large/mrpc/s1t0.001_s2t0.001_s2st2.0/stage2_noise/progress/diagnostics/top_candidates.jsonl	hy-tmp/elastic_rl_gpu_20260726/stage2_replica_fault_blarge_170_6e8d1cfc_20260727_095907/persistent_many/rl/bert-large/mrpc/s1t0.001_s2t0.001_s2st2.0/stage2_noise/progress/diagnostics/top_candidates.jsonl	external_artifact
e1c711b159c05095b62ad2ab41dbaf7413379061f78a8800ec76e8e38958e555	341185	file	/hy-tmp/elastic_rl_gpu_20260726/stage2_replica_fault_blarge_170_6e8d1cfc_20260727_095907/persistent_many/rl/bert-large/mrpc/s1t0.001_s2t0.001_s2st2.0/stage2_noise/progress/layerwise_run_manifest.json	hy-tmp/elastic_rl_gpu_20260726/stage2_replica_fault_blarge_170_6e8d1cfc_20260727_095907/persistent_many/rl/bert-large/mrpc/s1t0.001_s2t0.001_s2st2.0/stage2_noise/progress/layerwise_run_manifest.json	external_artifact
c464e3d8c5b9875938b8e5d1a739df51421deffffbccf2c3d5e3a7e330119fab	383434	file	/hy-tmp/elastic_rl_gpu_20260726/stage2_replica_fault_blarge_170_6e8d1cfc_20260727_095907/persistent_many/rl/bert-large/mrpc/s1t0.001_s2t0.001_s2st2.0/stage2_noise/progress/layerwise_summary.json	hy-tmp/elastic_rl_gpu_20260726/stage2_replica_fault_blarge_170_6e8d1cfc_20260727_095907/persistent_many/rl/bert-large/mrpc/s1t0.001_s2t0.001_s2st2.0/stage2_noise/progress/layerwise_summary.json	external_artifact
5019ee387e9e06150a03402a3018e2d47998d672335cb9d52983187a506bfc82	177	file	/hy-tmp/elastic_rl_gpu_20260726/stage2_replica_fault_blarge_170_6e8d1cfc_20260727_095907/persistent_many/rl/bert-large/mrpc/s1t0.001_s2t0.001_s2st2.0/stage2_noise/progress/rl_data_points_run_id.txt	hy-tmp/elastic_rl_gpu_20260726/stage2_replica_fault_blarge_170_6e8d1cfc_20260727_095907/persistent_many/rl/bert-large/mrpc/s1t0.001_s2t0.001_s2st2.0/stage2_noise/progress/rl_data_points_run_id.txt	external_artifact
b1d1655a5d6d9dd1aa70e1333182b10d8ab0fd89e89ba9538870c6ab922aab09	11937	file	/hy-tmp/elastic_rl_gpu_20260726/stage2_replica_fault_blarge_170_6e8d1cfc_20260727_095907/persistent_many/rl/bert-large/mrpc/s1t0.001_s2t0.001_s2st2.0/stage2_noise/pruning_search_log.txt	hy-tmp/elastic_rl_gpu_20260726/stage2_replica_fault_blarge_170_6e8d1cfc_20260727_095907/persistent_many/rl/bert-large/mrpc/s1t0.001_s2t0.001_s2st2.0/stage2_noise/pruning_search_log.txt	external_artifact
acbf5230e32462ab9cd18d91cd2143fb0a9a6fb843f2d54bf857cfa575523373	371	file	/hy-tmp/elastic_rl_gpu_20260726/stage2_replica_fault_blarge_170_6e8d1cfc_20260727_095907/runs.jsonl	hy-tmp/elastic_rl_gpu_20260726/stage2_replica_fault_blarge_170_6e8d1cfc_20260727_095907/runs.jsonl	external_artifact
249b9cfccf1652f6e77e73317bad0c85b62a136c3057f0f6c7312d3a97f628ad	76	symlink	/hy-tmp/elastic_rl_gpu_20260726/stage2_replica_fault_blarge_170_6e8d1cfc_20260727_095907/stage1/record	hy-tmp/elastic_rl_gpu_20260726/stage2_replica_fault_blarge_170_6e8d1cfc_20260727_095907/stage1/record	external_artifact
9068c9bd0e8cc79af810e88d4e0b104bc33db0c95d72cfa79c08b9915cdf4a25	2106	file	/hy-tmp/elastic_rl_gpu_20260726/stage2_replica_fault_blarge_170_6e8d1cfc_20260727_095907/stage2_ngpu_gate_verdict.txt	hy-tmp/elastic_rl_gpu_20260726/stage2_replica_fault_blarge_170_6e8d1cfc_20260727_095907/stage2_ngpu_gate_verdict.txt	external_artifact
b89c0dce397c3111c72d8dec1d74a1430838f585c8783266f19cc028fb49c3ef	14572	file	/hy-tmp/elastic_rl_gpu_20260726/stage2_replica_fault_blarge_170_6e8d1cfc_20260727_095907/stage2_ngpu_speed_ab_stdout.log	hy-tmp/elastic_rl_gpu_20260726/stage2_replica_fault_blarge_170_6e8d1cfc_20260727_095907/stage2_ngpu_speed_ab_stdout.log	external_artifact
030d4d227a97eaf174ee601cd040180fc076377c6667d0781f1c84e722a98cfa	627	file	/hy-tmp/elastic_rl_gpu_20260726/stage2_replica_fault_blarge_170_6e8d1cfc_20260727_095907/strict_fault_equivalence.json	hy-tmp/elastic_rl_gpu_20260726/stage2_replica_fault_blarge_170_6e8d1cfc_20260727_095907/strict_fault_equivalence.json	external_artifact
234d84d5a12decfb9a4d4235e1cde70d852963dae7df3bbb5ec413191d3779b7	14594	file	/hy-tmp/elastic_rl_gpu_20260726/stage2_replica_fault_blarge_170_6e8d1cfc_20260727_095907/wrapper.log	hy-tmp/elastic_rl_gpu_20260726/stage2_replica_fault_blarge_170_6e8d1cfc_20260727_095907/wrapper.log	external_artifact
7fdd879fba006921779b6c9d61f8a7a023102915d0e9e840202c28c28be23b2d	518	file	/hy-tmp/launcher_background_test_1d06466c/logs/elastic_gpu_health_events.jsonl	hy-tmp/launcher_background_test_1d06466c/logs/elastic_gpu_health_events.jsonl	external_artifact
c6eed030ebdcef6b14566066c5a0f88c68bb8e7984dc82ebacf537f8328a1ea3	518	file	/hy-tmp/model-aware-ab-green-543cba88/logs/elastic_gpu_health_events.jsonl	hy-tmp/model-aware-ab-green-543cba88/logs/elastic_gpu_health_events.jsonl	external_artifact
5f4b897a5d758d2b3c7cd11a68c6264bdcee9d693b9b5c2f0c436c783830079b	518	file	/hy-tmp/model-aware-ab-red-6262b94d/logs/elastic_gpu_health_events.jsonl	hy-tmp/model-aware-ab-red-6262b94d/logs/elastic_gpu_health_events.jsonl	external_artifact
925a5c2061f3ab13ffe2682402a2e482d9cff910f7bf00732280e02f75dfe6f8	615	file	/hy-tmp/rfr-10073311.bundle	hy-tmp/rfr-10073311.bundle	external_artifact
76d5186a82cc6313777392550be3487c5440ffabd328ddd52530fc59bfc95a19	2113	file	/hy-tmp/rfr-132854f7.bundle	hy-tmp/rfr-132854f7.bundle	external_artifact
5d6b220c22ebe0e9c3831577f3f0c7967306883a6622ccc86ac2aee182802ccf	1793	file	/hy-tmp/rfr-227cda32.bundle	hy-tmp/rfr-227cda32.bundle	external_artifact
3e1c8c24a2f934f3b3ca41fcac600237f4b4f02325f89f10ed483738ed0d8a9e	1074	file	/hy-tmp/rfr-5f2ae54a.bundle	hy-tmp/rfr-5f2ae54a.bundle	external_artifact
e5cfc44564f066c5d413897e987d0713e90075e22a9b5026d63cf9f1c5526863	2163	file	/hy-tmp/rfr-78158c23.bundle	hy-tmp/rfr-78158c23.bundle	external_artifact
fff99a0f13adbec90b02017192fb60a6b19b89f3b9a49f7bb47aa5a7b22dbdec	620	file	/hy-tmp/rfr-7cb3ce05.bundle	hy-tmp/rfr-7cb3ce05.bundle	external_artifact
77f4160ffdf60c95f5765da3c5638fda94549fe7aff846fd3fb1c3b1d8462462	2430	file	/hy-tmp/rfr-8d197a10.bundle	hy-tmp/rfr-8d197a10.bundle	external_artifact
f8a8f0bfa0f7547709d2f7e026213610e92613962906bd17a44e13131d35d81a	1127	file	/hy-tmp/rfr-adb5a80e.bundle	hy-tmp/rfr-adb5a80e.bundle	external_artifact
9ec4659fe79bb1ea888dbec17a28abcb84f7c681743f813a4a45361d69bbb7f3	19469	file	/hy-tmp/rfr-all-agents-d74b695d.bundle	hy-tmp/rfr-all-agents-d74b695d.bundle	external_artifact
e2eb92ab94f48c1371ea4a74481a09f70dd4e0be19691c7f8ab42adcca9300db	414754	file	/hy-tmp/rfr-all-agents-ee94c28f.bundle	hy-tmp/rfr-all-agents-ee94c28f.bundle	external_artifact
e44c68f6bc4d8a0c3657e5b038e215187aa2b9775f7713868dc4dd86399895ed	2129	file	/hy-tmp/rfr-b9c24d60.bundle	hy-tmp/rfr-b9c24d60.bundle	external_artifact
80949c1cc97a74f9f21e67a3904f285c0e8579b86bcd6d9decb1042b7b2050c3	778	file	/hy-tmp/rfr-b9cbec2e.bundle	hy-tmp/rfr-b9cbec2e.bundle	external_artifact
f41c1a12b1603c95fab1f67fd3880eeb4557402f8d28be1e96ca203aae91159f	1439	file	/hy-tmp/rfr-c1f452f9.bundle	hy-tmp/rfr-c1f452f9.bundle	external_artifact
951dffd4fdb3052c8662af175cd7df00a9dac0ebcf4eade4810e5b5cf5add104	1762	file	/hy-tmp/rfr-c4ab99a3.bundle	hy-tmp/rfr-c4ab99a3.bundle	external_artifact
dcc274cedd8cccc004cd06b0baf3f29717fa193621ffe34425597328f8d02abe	1502	file	/hy-tmp/rfr-cc97b133.bundle	hy-tmp/rfr-cc97b133.bundle	external_artifact
047a521e4acb7cc9f90cd3e856979a493c6c52e964224433d3f23dd8e8fd7710	1327	file	/hy-tmp/rfr-elastic-0601e311-red-20260726.bundle	hy-tmp/rfr-elastic-0601e311-red-20260726.bundle	external_artifact
bb066b528c034a392a25d4c8fe247112486a6033025d3902ae6fe975856082f5	838	file	/hy-tmp/rfr-elastic-1d06466c.bundle	hy-tmp/rfr-elastic-1d06466c.bundle	external_artifact
c6376145eff3f1c514ba3c94a49c4de0b5c32b1876f760881940b24944c6fbc1	655	file	/hy-tmp/rfr-elastic-1f24cdfa-incremental.bundle	hy-tmp/rfr-elastic-1f24cdfa-incremental.bundle	external_artifact
4eceaaf877d3a9227f7b81d49bdcfe8922a219516873828831b67dcc2e8440f3	5018	file	/hy-tmp/rfr-elastic-1f32a793.bundle	hy-tmp/rfr-elastic-1f32a793.bundle	external_artifact
5aa6d2bbc16280aad1cebfcf32d6394c6b98ad1ee1c8a591f21deeb831e9a675	1666	file	/hy-tmp/rfr-elastic-48dde76e-20260726.bundle	hy-tmp/rfr-elastic-48dde76e-20260726.bundle	external_artifact
e2c48557e9fbc6850f3f8d2976c11a26f38bf74daba735fac150071bc2ef5669	1220	file	/hy-tmp/rfr-elastic-4db36592-20260726.bundle	hy-tmp/rfr-elastic-4db36592-20260726.bundle	external_artifact
56986d54f85d86085718fea7d65136bccc29e931a1b80181e17b5e5cbac2e917	731	file	/hy-tmp/rfr-elastic-52b159cb-red-20260726.bundle	hy-tmp/rfr-elastic-52b159cb-red-20260726.bundle	external_artifact
4ee9893ac987ebd861f836447a29d8b6e1b9ff897a11a217cd9a94f56db05195	1210	file	/hy-tmp/rfr-elastic-77d8a007-20260726.bundle	hy-tmp/rfr-elastic-77d8a007-20260726.bundle	external_artifact
99eed50cd86db5b8bf42d99b940a26c6f508a6a242a768a265fee0e1792bc5d2	3515	file	/hy-tmp/rfr-elastic-7d7befe6-incremental.bundle	hy-tmp/rfr-elastic-7d7befe6-incremental.bundle	external_artifact
19ae8e8ba241a0b991af3a9c1e07dfcb852ce086ecadabbfc1a7e0444ead30f0	781	file	/hy-tmp/rfr-elastic-92cdd410-incremental.bundle	hy-tmp/rfr-elastic-92cdd410-incremental.bundle	external_artifact
bd08c463b0755d875c228a7b624478cf8223d4656a5bd862cc349285acc06864	31950	file	/hy-tmp/rfr-elastic-aggregate-823108bd-2194a956.bundle	hy-tmp/rfr-elastic-aggregate-823108bd-2194a956.bundle	external_artifact
06a39ac8d8d92ba60e97d18c3b333c8eb39fe039d8e44efad567f7de7ca506cf	5343	file	/hy-tmp/rfr-elastic-comparator-green-a3248425-v1.bundle	hy-tmp/rfr-elastic-comparator-green-a3248425-v1.bundle	external_artifact
249b8098854530ea5c7340ca911b67b180adcbf46a907977c5e94001d86e5da7	2282	file	/hy-tmp/rfr-elastic-comparator-red-41184e91-v1.bundle	hy-tmp/rfr-elastic-comparator-red-41184e91-v1.bundle	external_artifact
7ae2be1c1f735d842f6ba8aadabdd4b344f6797b4ee1f820b30d2282ac853477	907	file	/hy-tmp/rfr-elastic-fix-2339e6c9-e2deff1a-v1.bundle	hy-tmp/rfr-elastic-fix-2339e6c9-e2deff1a-v1.bundle	external_artifact
2e47549dbddf350ecfc43753bafd7aa899db3cca845ac2aabc781e70ddd56770	606	file	/hy-tmp/rfr-elastic-fix-speedup-4b9b3a91-823108bd.bundle	hy-tmp/rfr-elastic-fix-speedup-4b9b3a91-823108bd.bundle	external_artifact
c58b82eda0312f043f15b5c1b0c91587477f76d2f08574f87a2c437f13676447	6158	file	/hy-tmp/rfr-elastic-red-543cba88-2339e6c9-v1.bundle	hy-tmp/rfr-elastic-red-543cba88-2339e6c9-v1.bundle	external_artifact
011737933f94a14712bd0e801a43f99f2b7b89bbcfb599efa1375a6f8a3d6d83	583	file	/hy-tmp/rfr-elastic-red-speedup-e2deff1a-4b9b3a91.bundle	hy-tmp/rfr-elastic-red-speedup-e2deff1a-4b9b3a91.bundle	external_artifact
f95ef0b96f60f3016fbb8f4c2278787f62386a04c352c1806bdc43a7f4fe409d	2888880	file	/hy-tmp/rfr-elastic-rl-gpu-scheduling-20260726/rl_training_data_points/stage2/bert-large/mrpc_large/elastic_rl_gpu_20260726_stage2_1v2_blarge_170_bankbatch_1f24cdfa_20260727_072638_persistent_many_rl_bert-large_mrpc_s1t0.001_s2t0.001_s2st2.0__20260726T233106478479Z__pid261293/episodes.jsonl	hy-tmp/rfr-elastic-rl-gpu-scheduling-20260726/rl_training_data_points/stage2/bert-large/mrpc_large/elastic_rl_gpu_20260726_stage2_1v2_blarge_170_bankbatch_1f24cdfa_20260727_072638_persistent_many_rl_bert-large_mrpc_s1t0.001_s2t0.001_s2st2.0__20260726T233106478479Z__pid261293/episodes.jsonl	git_worktree_extra
847148a5cec020ead3ad59cb5dccf8bc6e8297bb9e5dd14b56df03891dc6c2d5	125870	file	/hy-tmp/rfr-elastic-rl-gpu-scheduling-20260726/rl_training_data_points/stage2/bert-large/mrpc_large/elastic_rl_gpu_20260726_stage2_1v2_blarge_170_bankbatch_1f24cdfa_20260727_072638_persistent_many_rl_bert-large_mrpc_s1t0.001_s2t0.001_s2st2.0__20260726T233106478479Z__pid261293/manifest.json	hy-tmp/rfr-elastic-rl-gpu-scheduling-20260726/rl_training_data_points/stage2/bert-large/mrpc_large/elastic_rl_gpu_20260726_stage2_1v2_blarge_170_bankbatch_1f24cdfa_20260727_072638_persistent_many_rl_bert-large_mrpc_s1t0.001_s2t0.001_s2st2.0__20260726T233106478479Z__pid261293/manifest.json	git_worktree_extra
24ac38f5279e038aa7cad6b922a009e2aad6dccdef97619d2b640e12b377c87e	236760	file	/hy-tmp/rfr-elastic-rl-gpu-scheduling-20260726/rl_training_data_points/stage2/bert-large/mrpc_large/elastic_rl_gpu_20260726_stage2_1v2_blarge_170_bankbatch_1f24cdfa_20260727_072638_persistent_many_rl_bert-large_mrpc_s1t0.001_s2t0.001_s2st2.0__20260726T233106478479Z__pid261293/ppo_updates.jsonl	hy-tmp/rfr-elastic-rl-gpu-scheduling-20260726/rl_training_data_points/stage2/bert-large/mrpc_large/elastic_rl_gpu_20260726_stage2_1v2_blarge_170_bankbatch_1f24cdfa_20260727_072638_persistent_many_rl_bert-large_mrpc_s1t0.001_s2t0.001_s2st2.0__20260726T233106478479Z__pid261293/ppo_updates.jsonl	git_worktree_extra
fca755bb7daba1a98acf061e8ff3b4d3754762afeea442d384856ce27eb91572	383434	file	/hy-tmp/rfr-elastic-rl-gpu-scheduling-20260726/rl_training_data_points/stage2/bert-large/mrpc_large/elastic_rl_gpu_20260726_stage2_1v2_blarge_170_bankbatch_1f24cdfa_20260727_072638_persistent_many_rl_bert-large_mrpc_s1t0.001_s2t0.001_s2st2.0__20260726T233106478479Z__pid261293/summary.json	hy-tmp/rfr-elastic-rl-gpu-scheduling-20260726/rl_training_data_points/stage2/bert-large/mrpc_large/elastic_rl_gpu_20260726_stage2_1v2_blarge_170_bankbatch_1f24cdfa_20260727_072638_persistent_many_rl_bert-large_mrpc_s1t0.001_s2t0.001_s2st2.0__20260726T233106478479Z__pid261293/summary.json	git_worktree_extra
3c430a3fc76cc9598ab555147280e7be775609cb5533d754c8d487787cd7bd82	2891573	file	/hy-tmp/rfr-elastic-rl-gpu-scheduling-20260726/rl_training_data_points/stage2/bert-large/mrpc_large/elastic_rl_gpu_20260726_stage2_1v3_blarge_170_bankbatch_7a9e1ce7_20260727_130450_persistent_many_rl_bert-large_mrpc_s1t0.001_s2t0.001_s2st2.0__20260727T050814977330Z__pid309074/episodes.jsonl	hy-tmp/rfr-elastic-rl-gpu-scheduling-20260726/rl_training_data_points/stage2/bert-large/mrpc_large/elastic_rl_gpu_20260726_stage2_1v3_blarge_170_bankbatch_7a9e1ce7_20260727_130450_persistent_many_rl_bert-large_mrpc_s1t0.001_s2t0.001_s2st2.0__20260727T050814977330Z__pid309074/episodes.jsonl	git_worktree_extra
bbf2ffdb644f72ada981b20907740b3bd6133777ea2a46c34b575c19c25ade7f	125870	file	/hy-tmp/rfr-elastic-rl-gpu-scheduling-20260726/rl_training_data_points/stage2/bert-large/mrpc_large/elastic_rl_gpu_20260726_stage2_1v3_blarge_170_bankbatch_7a9e1ce7_20260727_130450_persistent_many_rl_bert-large_mrpc_s1t0.001_s2t0.001_s2st2.0__20260727T050814977330Z__pid309074/manifest.json	hy-tmp/rfr-elastic-rl-gpu-scheduling-20260726/rl_training_data_points/stage2/bert-large/mrpc_large/elastic_rl_gpu_20260726_stage2_1v3_blarge_170_bankbatch_7a9e1ce7_20260727_130450_persistent_many_rl_bert-large_mrpc_s1t0.001_s2t0.001_s2st2.0__20260727T050814977330Z__pid309074/manifest.json	git_worktree_extra
63d8384096e2f4e8b45c5b104d4401eb65dcb5044e63b09804e4ecae16b65574	236761	file	/hy-tmp/rfr-elastic-rl-gpu-scheduling-20260726/rl_training_data_points/stage2/bert-large/mrpc_large/elastic_rl_gpu_20260726_stage2_1v3_blarge_170_bankbatch_7a9e1ce7_20260727_130450_persistent_many_rl_bert-large_mrpc_s1t0.001_s2t0.001_s2st2.0__20260727T050814977330Z__pid309074/ppo_updates.jsonl	hy-tmp/rfr-elastic-rl-gpu-scheduling-20260726/rl_training_data_points/stage2/bert-large/mrpc_large/elastic_rl_gpu_20260726_stage2_1v3_blarge_170_bankbatch_7a9e1ce7_20260727_130450_persistent_many_rl_bert-large_mrpc_s1t0.001_s2t0.001_s2st2.0__20260727T050814977330Z__pid309074/ppo_updates.jsonl	git_worktree_extra
9762637e11c35b17c5ba21f58da3d5c567194470a6b72beed1300d990274835a	383434	file	/hy-tmp/rfr-elastic-rl-gpu-scheduling-20260726/rl_training_data_points/stage2/bert-large/mrpc_large/elastic_rl_gpu_20260726_stage2_1v3_blarge_170_bankbatch_7a9e1ce7_20260727_130450_persistent_many_rl_bert-large_mrpc_s1t0.001_s2t0.001_s2st2.0__20260727T050814977330Z__pid309074/summary.json	hy-tmp/rfr-elastic-rl-gpu-scheduling-20260726/rl_training_data_points/stage2/bert-large/mrpc_large/elastic_rl_gpu_20260726_stage2_1v3_blarge_170_bankbatch_7a9e1ce7_20260727_130450_persistent_many_rl_bert-large_mrpc_s1t0.001_s2t0.001_s2st2.0__20260727T050814977330Z__pid309074/summary.json	git_worktree_extra
c4fbdde3ff38571c3c36dcfed7e4aa9c97d35a4b8d7d9a57e70b9bcf71ddbabf	2894121	file	/hy-tmp/rfr-elastic-rl-gpu-scheduling-20260726/rl_training_data_points/stage2/bert-large/mrpc_large/elastic_rl_gpu_20260726_stage2_1v4_blarge_170_1d06466c_20260727_010651_persistent_many_rl_bert-large_mrpc_s1t0.001_s2t0.001_s2st2.0__20260726T191616034171Z__pid222363/episodes.jsonl	hy-tmp/rfr-elastic-rl-gpu-scheduling-20260726/rl_training_data_points/stage2/bert-large/mrpc_large/elastic_rl_gpu_20260726_stage2_1v4_blarge_170_1d06466c_20260727_010651_persistent_many_rl_bert-large_mrpc_s1t0.001_s2t0.001_s2st2.0__20260726T191616034171Z__pid222363/episodes.jsonl	git_worktree_extra
c6da8b1f15e4e0fd52cbba2b525e6c533d3f1334262e1f8995a3eed3c81eac76	125780	file	/hy-tmp/rfr-elastic-rl-gpu-scheduling-20260726/rl_training_data_points/stage2/bert-large/mrpc_large/elastic_rl_gpu_20260726_stage2_1v4_blarge_170_1d06466c_20260727_010651_persistent_many_rl_bert-large_mrpc_s1t0.001_s2t0.001_s2st2.0__20260726T191616034171Z__pid222363/manifest.json	hy-tmp/rfr-elastic-rl-gpu-scheduling-20260726/rl_training_data_points/stage2/bert-large/mrpc_large/elastic_rl_gpu_20260726_stage2_1v4_blarge_170_1d06466c_20260727_010651_persistent_many_rl_bert-large_mrpc_s1t0.001_s2t0.001_s2st2.0__20260726T191616034171Z__pid222363/manifest.json	git_worktree_extra
82d4d50ed27cb2e996657d9a0206d9bc1f2a85cf3acb5600b5bc7089194596d8	236762	file	/hy-tmp/rfr-elastic-rl-gpu-scheduling-20260726/rl_training_data_points/stage2/bert-large/mrpc_large/elastic_rl_gpu_20260726_stage2_1v4_blarge_170_1d06466c_20260727_010651_persistent_many_rl_bert-large_mrpc_s1t0.001_s2t0.001_s2st2.0__20260726T191616034171Z__pid222363/ppo_updates.jsonl	hy-tmp/rfr-elastic-rl-gpu-scheduling-20260726/rl_training_data_points/stage2/bert-large/mrpc_large/elastic_rl_gpu_20260726_stage2_1v4_blarge_170_1d06466c_20260727_010651_persistent_many_rl_bert-large_mrpc_s1t0.001_s2t0.001_s2st2.0__20260726T191616034171Z__pid222363/ppo_updates.jsonl	git_worktree_extra
ec183eb4e96c598464fa56fd1fe543a8096ace78b4fdc4d70f543026160706ab	383404	file	/hy-tmp/rfr-elastic-rl-gpu-scheduling-20260726/rl_training_data_points/stage2/bert-large/mrpc_large/elastic_rl_gpu_20260726_stage2_1v4_blarge_170_1d06466c_20260727_010651_persistent_many_rl_bert-large_mrpc_s1t0.001_s2t0.001_s2st2.0__20260726T191616034171Z__pid222363/summary.json	hy-tmp/rfr-elastic-rl-gpu-scheduling-20260726/rl_training_data_points/stage2/bert-large/mrpc_large/elastic_rl_gpu_20260726_stage2_1v4_blarge_170_1d06466c_20260727_010651_persistent_many_rl_bert-large_mrpc_s1t0.001_s2t0.001_s2st2.0__20260726T191616034171Z__pid222363/summary.json	git_worktree_extra
0a01d6dfa2774095217782bd3386a9be96ae274017a61602394cfd0ed256f2b4	2887604	file	/hy-tmp/rfr-elastic-rl-gpu-scheduling-20260726/rl_training_data_points/stage2/bert-large/mrpc_large/elastic_rl_gpu_20260726_stage2_1v4_blarge_170_1d06466c_20260727_010651_persistent_one_rl_bert-large_mrpc_s1t0.001_s2t0.001_s2st2.0__20260726T171300301165Z__pid209161/episodes.jsonl	hy-tmp/rfr-elastic-rl-gpu-scheduling-20260726/rl_training_data_points/stage2/bert-large/mrpc_large/elastic_rl_gpu_20260726_stage2_1v4_blarge_170_1d06466c_20260727_010651_persistent_one_rl_bert-large_mrpc_s1t0.001_s2t0.001_s2st2.0__20260726T171300301165Z__pid209161/episodes.jsonl	git_worktree_extra
1a3b961a33271d18393efd03c0be188a015b940583b6901c160c4ec86dcca24c	125771	file	/hy-tmp/rfr-elastic-rl-gpu-scheduling-20260726/rl_training_data_points/stage2/bert-large/mrpc_large/elastic_rl_gpu_20260726_stage2_1v4_blarge_170_1d06466c_20260727_010651_persistent_one_rl_bert-large_mrpc_s1t0.001_s2t0.001_s2st2.0__20260726T171300301165Z__pid209161/manifest.json	hy-tmp/rfr-elastic-rl-gpu-scheduling-20260726/rl_training_data_points/stage2/bert-large/mrpc_large/elastic_rl_gpu_20260726_stage2_1v4_blarge_170_1d06466c_20260727_010651_persistent_one_rl_bert-large_mrpc_s1t0.001_s2t0.001_s2st2.0__20260726T171300301165Z__pid209161/manifest.json	git_worktree_extra
e7a9235b5b7470f6ebbd4f89ffdefecdcc683a9195e821d268ae54276de2cc7f	236760	file	/hy-tmp/rfr-elastic-rl-gpu-scheduling-20260726/rl_training_data_points/stage2/bert-large/mrpc_large/elastic_rl_gpu_20260726_stage2_1v4_blarge_170_1d06466c_20260727_010651_persistent_one_rl_bert-large_mrpc_s1t0.001_s2t0.001_s2st2.0__20260726T171300301165Z__pid209161/ppo_updates.jsonl	hy-tmp/rfr-elastic-rl-gpu-scheduling-20260726/rl_training_data_points/stage2/bert-large/mrpc_large/elastic_rl_gpu_20260726_stage2_1v4_blarge_170_1d06466c_20260727_010651_persistent_one_rl_bert-large_mrpc_s1t0.001_s2t0.001_s2st2.0__20260726T171300301165Z__pid209161/ppo_updates.jsonl	git_worktree_extra
76d60b266f89c7334fd5d2b1bcd9a8665a02f6b873acca410134e658e309a8e9	383401	file	/hy-tmp/rfr-elastic-rl-gpu-scheduling-20260726/rl_training_data_points/stage2/bert-large/mrpc_large/elastic_rl_gpu_20260726_stage2_1v4_blarge_170_1d06466c_20260727_010651_persistent_one_rl_bert-large_mrpc_s1t0.001_s2t0.001_s2st2.0__20260726T171300301165Z__pid209161/summary.json	hy-tmp/rfr-elastic-rl-gpu-scheduling-20260726/rl_training_data_points/stage2/bert-large/mrpc_large/elastic_rl_gpu_20260726_stage2_1v4_blarge_170_1d06466c_20260727_010651_persistent_one_rl_bert-large_mrpc_s1t0.001_s2t0.001_s2st2.0__20260726T171300301165Z__pid209161/summary.json	git_worktree_extra
bf268ae5c3b79e46d5bbb3cfdce9f2fb938716df844d1d0987be7386ecc990b4	2894186	file	/hy-tmp/rfr-elastic-rl-gpu-scheduling-20260726/rl_training_data_points/stage2/bert-large/mrpc_large/elastic_rl_gpu_20260726_stage2_1v4_blarge_170_bankbatch_ea6d475d_20260727_041644_persistent_many_rl_bert-large_mrpc_s1t0.001_s2t0.001_s2st2.0__20260726T222551555884Z__pid255209/episodes.jsonl	hy-tmp/rfr-elastic-rl-gpu-scheduling-20260726/rl_training_data_points/stage2/bert-large/mrpc_large/elastic_rl_gpu_20260726_stage2_1v4_blarge_170_bankbatch_ea6d475d_20260727_041644_persistent_many_rl_bert-large_mrpc_s1t0.001_s2t0.001_s2st2.0__20260726T222551555884Z__pid255209/episodes.jsonl	git_worktree_extra
405b46d2382110891db2277a06485aeaffd4408daa84f71bd4bb517b4eed705b	125870	file	/hy-tmp/rfr-elastic-rl-gpu-scheduling-20260726/rl_training_data_points/stage2/bert-large/mrpc_large/elastic_rl_gpu_20260726_stage2_1v4_blarge_170_bankbatch_ea6d475d_20260727_041644_persistent_many_rl_bert-large_mrpc_s1t0.001_s2t0.001_s2st2.0__20260726T222551555884Z__pid255209/manifest.json	hy-tmp/rfr-elastic-rl-gpu-scheduling-20260726/rl_training_data_points/stage2/bert-large/mrpc_large/elastic_rl_gpu_20260726_stage2_1v4_blarge_170_bankbatch_ea6d475d_20260727_041644_persistent_many_rl_bert-large_mrpc_s1t0.001_s2t0.001_s2st2.0__20260726T222551555884Z__pid255209/manifest.json	git_worktree_extra
8a011add93ca2a48420a7bc74c1b7f7ec34e40e9bd199b1fedba22c74bed67be	236761	file	/hy-tmp/rfr-elastic-rl-gpu-scheduling-20260726/rl_training_data_points/stage2/bert-large/mrpc_large/elastic_rl_gpu_20260726_stage2_1v4_blarge_170_bankbatch_ea6d475d_20260727_041644_persistent_many_rl_bert-large_mrpc_s1t0.001_s2t0.001_s2st2.0__20260726T222551555884Z__pid255209/ppo_updates.jsonl	hy-tmp/rfr-elastic-rl-gpu-scheduling-20260726/rl_training_data_points/stage2/bert-large/mrpc_large/elastic_rl_gpu_20260726_stage2_1v4_blarge_170_bankbatch_ea6d475d_20260727_041644_persistent_many_rl_bert-large_mrpc_s1t0.001_s2t0.001_s2st2.0__20260726T222551555884Z__pid255209/ppo_updates.jsonl	git_worktree_extra
f185bcc74a9537edd3cf478fd326b0c6cbd667f8074211d130f400792544335a	383434	file	/hy-tmp/rfr-elastic-rl-gpu-scheduling-20260726/rl_training_data_points/stage2/bert-large/mrpc_large/elastic_rl_gpu_20260726_stage2_1v4_blarge_170_bankbatch_ea6d475d_20260727_041644_persistent_many_rl_bert-large_mrpc_s1t0.001_s2t0.001_s2st2.0__20260726T222551555884Z__pid255209/summary.json	hy-tmp/rfr-elastic-rl-gpu-scheduling-20260726/rl_training_data_points/stage2/bert-large/mrpc_large/elastic_rl_gpu_20260726_stage2_1v4_blarge_170_bankbatch_ea6d475d_20260727_041644_persistent_many_rl_bert-large_mrpc_s1t0.001_s2t0.001_s2st2.0__20260726T222551555884Z__pid255209/summary.json	git_worktree_extra
b8276af260bf79fd0283f7ff88a3313bb336abcf6a4e88c79f41423eb21de77e	2887595	file	/hy-tmp/rfr-elastic-rl-gpu-scheduling-20260726/rl_training_data_points/stage2/bert-large/mrpc_large/elastic_rl_gpu_20260726_stage2_1v4_blarge_170_bankbatch_ea6d475d_20260727_041644_persistent_one_rl_bert-large_mrpc_s1t0.001_s2t0.001_s2st2.0__20260726T202244584713Z__pid241708/episodes.jsonl	hy-tmp/rfr-elastic-rl-gpu-scheduling-20260726/rl_training_data_points/stage2/bert-large/mrpc_large/elastic_rl_gpu_20260726_stage2_1v4_blarge_170_bankbatch_ea6d475d_20260727_041644_persistent_one_rl_bert-large_mrpc_s1t0.001_s2t0.001_s2st2.0__20260726T202244584713Z__pid241708/episodes.jsonl	git_worktree_extra
464bd77870a9494398091ce0dc4ec0ef0938ff7549870b6d3c16760e5b0fdafa	125861	file	/hy-tmp/rfr-elastic-rl-gpu-scheduling-20260726/rl_training_data_points/stage2/bert-large/mrpc_large/elastic_rl_gpu_20260726_stage2_1v4_blarge_170_bankbatch_ea6d475d_20260727_041644_persistent_one_rl_bert-large_mrpc_s1t0.001_s2t0.001_s2st2.0__20260726T202244584713Z__pid241708/manifest.json	hy-tmp/rfr-elastic-rl-gpu-scheduling-20260726/rl_training_data_points/stage2/bert-large/mrpc_large/elastic_rl_gpu_20260726_stage2_1v4_blarge_170_bankbatch_ea6d475d_20260727_041644_persistent_one_rl_bert-large_mrpc_s1t0.001_s2t0.001_s2st2.0__20260726T202244584713Z__pid241708/manifest.json	git_worktree_extra
3c6e7b5ec30d81e63a835204a98a20f4048fb347c27f835ff04f309efc774cba	236760	file	/hy-tmp/rfr-elastic-rl-gpu-scheduling-20260726/rl_training_data_points/stage2/bert-large/mrpc_large/elastic_rl_gpu_20260726_stage2_1v4_blarge_170_bankbatch_ea6d475d_20260727_041644_persistent_one_rl_bert-large_mrpc_s1t0.001_s2t0.001_s2st2.0__20260726T202244584713Z__pid241708/ppo_updates.jsonl	hy-tmp/rfr-elastic-rl-gpu-scheduling-20260726/rl_training_data_points/stage2/bert-large/mrpc_large/elastic_rl_gpu_20260726_stage2_1v4_blarge_170_bankbatch_ea6d475d_20260727_041644_persistent_one_rl_bert-large_mrpc_s1t0.001_s2t0.001_s2st2.0__20260726T202244584713Z__pid241708/ppo_updates.jsonl	git_worktree_extra
4a7c827fbe940b436876e60ea5598708d16f248342ffcc6d5ce875bee1993dca	383431	file	/hy-tmp/rfr-elastic-rl-gpu-scheduling-20260726/rl_training_data_points/stage2/bert-large/mrpc_large/elastic_rl_gpu_20260726_stage2_1v4_blarge_170_bankbatch_ea6d475d_20260727_041644_persistent_one_rl_bert-large_mrpc_s1t0.001_s2t0.001_s2st2.0__20260726T202244584713Z__pid241708/summary.json	hy-tmp/rfr-elastic-rl-gpu-scheduling-20260726/rl_training_data_points/stage2/bert-large/mrpc_large/elastic_rl_gpu_20260726_stage2_1v4_blarge_170_bankbatch_ea6d475d_20260727_041644_persistent_one_rl_bert-large_mrpc_s1t0.001_s2t0.001_s2st2.0__20260726T202244584713Z__pid241708/summary.json	git_worktree_extra
e3b0c44298fc1c149afbf4c8996fb92427ae41e4649b934ca495991b7852b855	0	file	/hy-tmp/rfr-elastic-rl-gpu-scheduling-20260726/rl_training_data_points/stage2/bert-large/mrpc_large/elastic_rl_gpu_20260726_stage2_1v4_blarge_360_1d06466c_20260727_005321_persistent_one_rl_bert-large_mrpc_s1t0.001_s2t0.001_s2st2.0__20260726T165931000410Z__pid206488/episodes.jsonl	hy-tmp/rfr-elastic-rl-gpu-scheduling-20260726/rl_training_data_points/stage2/bert-large/mrpc_large/elastic_rl_gpu_20260726_stage2_1v4_blarge_360_1d06466c_20260727_005321_persistent_one_rl_bert-large_mrpc_s1t0.001_s2t0.001_s2st2.0__20260726T165931000410Z__pid206488/episodes.jsonl	git_worktree_extra
f3270c77ee034025c20f9bb72f74a10448a670b8ad8bc44c62ad32312616984f	125771	file	/hy-tmp/rfr-elastic-rl-gpu-scheduling-20260726/rl_training_data_points/stage2/bert-large/mrpc_large/elastic_rl_gpu_20260726_stage2_1v4_blarge_360_1d06466c_20260727_005321_persistent_one_rl_bert-large_mrpc_s1t0.001_s2t0.001_s2st2.0__20260726T165931000410Z__pid206488/manifest.json	hy-tmp/rfr-elastic-rl-gpu-scheduling-20260726/rl_training_data_points/stage2/bert-large/mrpc_large/elastic_rl_gpu_20260726_stage2_1v4_blarge_360_1d06466c_20260727_005321_persistent_one_rl_bert-large_mrpc_s1t0.001_s2t0.001_s2st2.0__20260726T165931000410Z__pid206488/manifest.json	git_worktree_extra
dc2e19edcfa86605f110ef2d2283c10d65924a56fc360191b9e771ed0044dd6f	2892107	file	/hy-tmp/rfr-elastic-rl-gpu-scheduling-20260726/rl_training_data_points/stage2/bert-large/mrpc_large/elastic_rl_gpu_20260726_stage2_replica_fault_blarge_170_1f24cdfa_20260727_083806_persistent_many_rl_bert-large_mrpc_s1t0.001_s2t0.001_s2st2.0__20260727T004129499457Z__pid268841/episodes.jsonl	hy-tmp/rfr-elastic-rl-gpu-scheduling-20260726/rl_training_data_points/stage2/bert-large/mrpc_large/elastic_rl_gpu_20260726_stage2_replica_fault_blarge_170_1f24cdfa_20260727_083806_persistent_many_rl_bert-large_mrpc_s1t0.001_s2t0.001_s2st2.0__20260727T004129499457Z__pid268841/episodes.jsonl	git_worktree_extra
babbf4fec49a17ffa4240dd0ee6b54542f69ef620e83fe988c0f5070c78689d0	125870	file	/hy-tmp/rfr-elastic-rl-gpu-scheduling-20260726/rl_training_data_points/stage2/bert-large/mrpc_large/elastic_rl_gpu_20260726_stage2_replica_fault_blarge_170_1f24cdfa_20260727_083806_persistent_many_rl_bert-large_mrpc_s1t0.001_s2t0.001_s2st2.0__20260727T004129499457Z__pid268841/manifest.json	hy-tmp/rfr-elastic-rl-gpu-scheduling-20260726/rl_training_data_points/stage2/bert-large/mrpc_large/elastic_rl_gpu_20260726_stage2_replica_fault_blarge_170_1f24cdfa_20260727_083806_persistent_many_rl_bert-large_mrpc_s1t0.001_s2t0.001_s2st2.0__20260727T004129499457Z__pid268841/manifest.json	git_worktree_extra
45f5d3c05603f3703692bf32fe290c9318566138e4a9151f70d66c712d3979d5	236760	file	/hy-tmp/rfr-elastic-rl-gpu-scheduling-20260726/rl_training_data_points/stage2/bert-large/mrpc_large/elastic_rl_gpu_20260726_stage2_replica_fault_blarge_170_1f24cdfa_20260727_083806_persistent_many_rl_bert-large_mrpc_s1t0.001_s2t0.001_s2st2.0__20260727T004129499457Z__pid268841/ppo_updates.jsonl	hy-tmp/rfr-elastic-rl-gpu-scheduling-20260726/rl_training_data_points/stage2/bert-large/mrpc_large/elastic_rl_gpu_20260726_stage2_replica_fault_blarge_170_1f24cdfa_20260727_083806_persistent_many_rl_bert-large_mrpc_s1t0.001_s2t0.001_s2st2.0__20260727T004129499457Z__pid268841/ppo_updates.jsonl	git_worktree_extra
1b56077de84f0d2b9f88263cea6269576d27d59d311ed8952d7058f1d252942c	383434	file	/hy-tmp/rfr-elastic-rl-gpu-scheduling-20260726/rl_training_data_points/stage2/bert-large/mrpc_large/elastic_rl_gpu_20260726_stage2_replica_fault_blarge_170_1f24cdfa_20260727_083806_persistent_many_rl_bert-large_mrpc_s1t0.001_s2t0.001_s2st2.0__20260727T004129499457Z__pid268841/summary.json	hy-tmp/rfr-elastic-rl-gpu-scheduling-20260726/rl_training_data_points/stage2/bert-large/mrpc_large/elastic_rl_gpu_20260726_stage2_replica_fault_blarge_170_1f24cdfa_20260727_083806_persistent_many_rl_bert-large_mrpc_s1t0.001_s2t0.001_s2st2.0__20260727T004129499457Z__pid268841/summary.json	git_worktree_extra
9f1a68030abda025cfed4acdda6c0fd37853c5dc60b68cd9c31b8a87ce2cad58	2892022	file	/hy-tmp/rfr-elastic-rl-gpu-scheduling-20260726/rl_training_data_points/stage2/bert-large/mrpc_large/elastic_rl_gpu_20260726_stage2_replica_fault_blarge_170_6e8d1cfc_20260727_095907_persistent_many_rl_bert-large_mrpc_s1t0.001_s2t0.001_s2st2.0__20260727T020201476590Z__pid275817/episodes.jsonl	hy-tmp/rfr-elastic-rl-gpu-scheduling-20260726/rl_training_data_points/stage2/bert-large/mrpc_large/elastic_rl_gpu_20260726_stage2_replica_fault_blarge_170_6e8d1cfc_20260727_095907_persistent_many_rl_bert-large_mrpc_s1t0.001_s2t0.001_s2st2.0__20260727T020201476590Z__pid275817/episodes.jsonl	git_worktree_extra
ea15f348b12099a80680d909b290142e889c60227016a73b31bd58cb5b3d8895	125870	file	/hy-tmp/rfr-elastic-rl-gpu-scheduling-20260726/rl_training_data_points/stage2/bert-large/mrpc_large/elastic_rl_gpu_20260726_stage2_replica_fault_blarge_170_6e8d1cfc_20260727_095907_persistent_many_rl_bert-large_mrpc_s1t0.001_s2t0.001_s2st2.0__20260727T020201476590Z__pid275817/manifest.json	hy-tmp/rfr-elastic-rl-gpu-scheduling-20260726/rl_training_data_points/stage2/bert-large/mrpc_large/elastic_rl_gpu_20260726_stage2_replica_fault_blarge_170_6e8d1cfc_20260727_095907_persistent_many_rl_bert-large_mrpc_s1t0.001_s2t0.001_s2st2.0__20260727T020201476590Z__pid275817/manifest.json	git_worktree_extra
c304d7eeb534b9c0e041fd11046960c8441438215e2ec17792a299050e70a387	236762	file	/hy-tmp/rfr-elastic-rl-gpu-scheduling-20260726/rl_training_data_points/stage2/bert-large/mrpc_large/elastic_rl_gpu_20260726_stage2_replica_fault_blarge_170_6e8d1cfc_20260727_095907_persistent_many_rl_bert-large_mrpc_s1t0.001_s2t0.001_s2st2.0__20260727T020201476590Z__pid275817/ppo_updates.jsonl	hy-tmp/rfr-elastic-rl-gpu-scheduling-20260726/rl_training_data_points/stage2/bert-large/mrpc_large/elastic_rl_gpu_20260726_stage2_replica_fault_blarge_170_6e8d1cfc_20260727_095907_persistent_many_rl_bert-large_mrpc_s1t0.001_s2t0.001_s2st2.0__20260727T020201476590Z__pid275817/ppo_updates.jsonl	git_worktree_extra
c464e3d8c5b9875938b8e5d1a739df51421deffffbccf2c3d5e3a7e330119fab	383434	file	/hy-tmp/rfr-elastic-rl-gpu-scheduling-20260726/rl_training_data_points/stage2/bert-large/mrpc_large/elastic_rl_gpu_20260726_stage2_replica_fault_blarge_170_6e8d1cfc_20260727_095907_persistent_many_rl_bert-large_mrpc_s1t0.001_s2t0.001_s2st2.0__20260727T020201476590Z__pid275817/summary.json	hy-tmp/rfr-elastic-rl-gpu-scheduling-20260726/rl_training_data_points/stage2/bert-large/mrpc_large/elastic_rl_gpu_20260726_stage2_replica_fault_blarge_170_6e8d1cfc_20260727_095907_persistent_many_rl_bert-large_mrpc_s1t0.001_s2t0.001_s2st2.0__20260727T020201476590Z__pid275817/summary.json	git_worktree_extra
70f6466ba2e0cd3163c7ac3330547fc12ab31cd02d49d6a2593ac232ab50d822	1252	file	/hy-tmp/rfr-elastic-testfix-2194a956-303ece2d.bundle	hy-tmp/rfr-elastic-testfix-2194a956-303ece2d.bundle	external_artifact
26fb9e56ddb164173f142e3c72fdc2c348856958edfd76d3fc51d8afcd5e1304	615	file	/hy-tmp/rfr-elastic-testfix2-303ece2d-e5dec1fe.bundle	hy-tmp/rfr-elastic-testfix2-303ece2d-e5dec1fe.bundle	external_artifact
d64c0856a9372dde30a29f25462f220a13409f9239b2a3caac858e57e68e4536	594	file	/hy-tmp/rfr-elastic-testfix3-e5dec1fe-4c31d9cc.bundle	hy-tmp/rfr-elastic-testfix3-e5dec1fe-4c31d9cc.bundle	external_artifact
997a8c05ce22f2d2765ada4d1321bb1a3110bb77e3a5e2683d5e79bd573e0031	990	file	/hy-tmp/rfr-fc3654fc.bundle	hy-tmp/rfr-fc3654fc.bundle	external_artifact
4249d235d66f8f34228db9670f7ee15b15ce3a9c605990329e228481236b9ab3	1929	file	/hy-tmp/rfr-final-marker-142d59fe.bundle	hy-tmp/rfr-final-marker-142d59fe.bundle	external_artifact
fe3861592da59092941e3cb90ec10b027c620c4a5a709cae91686aa5d01cd0f0	730	file	/hy-tmp/rfr-model-aware-ab-green-543cba88-v1.bundle	hy-tmp/rfr-model-aware-ab-green-543cba88-v1.bundle	external_artifact
0f03164c26411ba617b6a568608e2cdd3eee52b17eaa16cf0c058a322673c38d	781	file	/hy-tmp/rfr-model-aware-ab-red-6262b94d-v1.bundle	hy-tmp/rfr-model-aware-ab-red-6262b94d-v1.bundle	external_artifact
27c31e46eda8dded7b962611596437a783dd1072ba90edde5556802b1d85174a	52571	file	/hy-tmp/rfr-protocol-accc27d6.bundle	hy-tmp/rfr-protocol-accc27d6.bundle	external_artifact
ca6876cbf47f699090996fb9d31af91c36bc1c6cc5981d8abec0098ad8b1e274	355193	file	/hy-tmp/rfr-rl-opt-709cc8d4-20260724.bundle	hy-tmp/rfr-rl-opt-709cc8d4-20260724.bundle	external_artifact
22d931d458779497ba6f5dae9ab3dfb80f1c244404a4229451bcb6d557902197	1023	file	/hy-tmp/rfr-scaling-verdict-red-34cc5612-v1.bundle	hy-tmp/rfr-scaling-verdict-red-34cc5612-v1.bundle	external_artifact
35886a04c264019b2c8ec04032c64b33b648ebc1dd3859b1e24e83c82ae49fb5	2266	file	/hy-tmp/rfr-stage1-rng-green-2e63f1ee-v1.bundle	hy-tmp/rfr-stage1-rng-green-2e63f1ee-v1.bundle	external_artifact
53c314dbb1ff50dc377b2f153bfcca235f5f69e1ac8e3aa836c8e79030d3a534	1558	file	/hy-tmp/rfr-stage1-rng-red-26621709-v1.bundle	hy-tmp/rfr-stage1-rng-red-26621709-v1.bundle	external_artifact
1a7d53c17d67071a0833c43c79ff00058cb313d8ed0d70af8ff37e945a081a57	40267	file	/hy-tmp/rfr-stage2-runtime-06207d44.bundle	hy-tmp/rfr-stage2-runtime-06207d44.bundle	external_artifact
ddd3e3c9b4323377876282f1761033739ff83dd2815c021dbf05e039f4b713cc	709	file	/hy-tmp/rfr-stage2-runtime-158bce13.bundle	hy-tmp/rfr-stage2-runtime-158bce13.bundle	external_artifact
b2bec608d7579e330b1517c54ece23f952d871cffee8f99546d93514206b1afd	2445	file	/hy-tmp/rfr-stage2-runtime-2356a58f.bundle	hy-tmp/rfr-stage2-runtime-2356a58f.bundle	external_artifact
e015b136a0162e1c7a5f4904177efcb953ca93710be0938053480b00f8f70def	55664	file	/hy-tmp/rfr-stage2-runtime-3cb3597d.bundle	hy-tmp/rfr-stage2-runtime-3cb3597d.bundle	external_artifact
21ba4701a58ce8041392ed6fd6433dab72a8084cbfcf6153c1e671ea236b1e4b	694	file	/hy-tmp/rfr-stage2-runtime-43045ba7.bundle	hy-tmp/rfr-stage2-runtime-43045ba7.bundle	external_artifact
a0f749c4153ed6321719c5748c4cd2efd0cde41b2b78c3fc18313e5589f276e2	1198	file	/hy-tmp/rfr-stage2-runtime-89ef87cc.bundle	hy-tmp/rfr-stage2-runtime-89ef87cc.bundle	external_artifact
828faff057cb09a82691fe1eaf1779a479e23ebd97805dd60b68dac1a6dcae61	9863	file	/hy-tmp/rfr_232c92e5_from_27ce6006.bundle	hy-tmp/rfr_232c92e5_from_27ce6006.bundle	external_artifact
1a5abcdbacc5f2cadf54b567c83f5db3d9f74d16f41f98832498506cea2e2828	59407	file	/hy-tmp/rfr_27ce6006_from_709cc8d4.bundle	hy-tmp/rfr_27ce6006_from_709cc8d4.bundle	external_artifact
d8f9d6c7ab868c8fb177d502d6f978a339857b63bee4b886d6af3c7fc0fa6f89	916	file	/hy-tmp/rfr_b7ce0bfd_20260727.bundle	hy-tmp/rfr_b7ce0bfd_20260727.bundle	external_artifact
d262bc93260e8a883283f9e51aaf5b3e0edf0555db171a6541de52336867af4e	518	file	/hy-tmp/rfr_blb_contract_77d8a007/logs/elastic_gpu_health_events.jsonl	hy-tmp/rfr_blb_contract_77d8a007/logs/elastic_gpu_health_events.jsonl	external_artifact
0ddfbafdd1e42040cfa11db294e2a1dd6c8d4cb6b6938838521afe30c5e2a044	518	file	/hy-tmp/rfr_blb_contract_77d8a007b/logs/elastic_gpu_health_events.jsonl	hy-tmp/rfr_blb_contract_77d8a007b/logs/elastic_gpu_health_events.jsonl	external_artifact
9860cda48ef4c15c6b7f1f59e1bcfadabd3f06590bd5ffc4c7d3833c209bafb1	4016	file	/hy-tmp/rfr_e1a1bba9_incremental.bundle	hy-tmp/rfr_e1a1bba9_incremental.bundle	external_artifact
e1b4abca076b76d375137d104e24df5968e615e4094c70030d7376cd9af5fe5f	1278	file	/hy-tmp/rfr_exact_probe_final_0a9102ce_v1.bundle	hy-tmp/rfr_exact_probe_final_0a9102ce_v1.bundle	external_artifact
cddcef7a80ceefa7a1a2fed0f549c62ca01a3a1049afc564434143837f1c8d35	518	file	/hy-tmp/rfr_layerwise_green_4db36592/logs/elastic_gpu_health_events.jsonl	hy-tmp/rfr_layerwise_green_4db36592/logs/elastic_gpu_health_events.jsonl	external_artifact
f78cfd0e83198224cd6f92d91b0d0bd1badeae2556c7b793c5ffe124c3d8ea78	518	file	/hy-tmp/rfr_layerwise_red_0601e311/logs/elastic_gpu_health_events.jsonl	hy-tmp/rfr_layerwise_red_0601e311/logs/elastic_gpu_health_events.jsonl	external_artifact
db2b902d194c46bcba5fae1d65d1421df2cf612a4b148b9d08a1555162098706	518	file	/hy-tmp/rfr_layerwise_suite_4db36592/logs/elastic_gpu_health_events.jsonl	hy-tmp/rfr_layerwise_suite_4db36592/logs/elastic_gpu_health_events.jsonl	external_artifact
7a2f50050b8cada8be7f6e1ed778d570e26510d6342b6f6531b173c27b318177	22466	file	/hy-tmp/rfr_requirements_install.log	hy-tmp/rfr_requirements_install.log	external_artifact
3942fae94fc21866bef08debf73b9a89982faad866dc5aea79b66cde1e758021	67836	file	/hy-tmp/rfr_stage1best_large_889c9803.bundle	hy-tmp/rfr_stage1best_large_889c9803.bundle	external_artifact
84ed8fe9c1a39f67b6d9eb6017a2a9d3ce21f094032fcca3902003b446d73861	3081	file	/hy-tmp/rfr_stage2_21group_2450ebac_incremental.bundle	hy-tmp/rfr_stage2_21group_2450ebac_incremental.bundle	external_artifact
384b42f3a14b62ee093c31c15dc78e9f04083a70a0af0375663dfbf099cd6565	5317	file	/hy-tmp/rfr_stage2_27group_6ca65e22_incremental.bundle	hy-tmp/rfr_stage2_27group_6ca65e22_incremental.bundle	external_artifact
db3de83c8188b944e52c48ea38210a6e91afae300bebf334c2d1121c59595c11	518	file	/hy-tmp/rfr_uuid_visibility_77d8a007/logs/elastic_gpu_health_events.jsonl	hy-tmp/rfr_uuid_visibility_77d8a007/logs/elastic_gpu_health_events.jsonl	external_artifact
3fe8139fe544d4ee6b280306c9c1e6b010408b49423531d80fd2bc30faf04d43	54581	file	/hy-tmp/rl-noise-fastpath-6ed9eb10.bundle	hy-tmp/rl-noise-fastpath-6ed9eb10.bundle	external_artifact
d453b935b855bb03de612dd15550369e9f9ac1a1dd3196884e095111a214c22d	20789	file	/hy-tmp/rl-opt-evidence-39abb31b.bundle	hy-tmp/rl-opt-evidence-39abb31b.bundle	external_artifact
3e465dadccb47b4c98ca485a072e158367d28eff40489b56fce4497459331787	112271	file	/hy-tmp/rl-opt-stage1-revert-ede0896a.bundle	hy-tmp/rl-opt-stage1-revert-ede0896a.bundle	external_artifact
405aee7dc8ce1f204d85ac865f6eb688d7b2325208b8c662d148ba02f34f3177	3051	file	/hy-tmp/rl_end_to_end_runtime_optimization_evidence_20260724/final_vs_aggregate/many_gpu_utilization.json	hy-tmp/rl_end_to_end_runtime_optimization_evidence_20260724/final_vs_aggregate/many_gpu_utilization.json	external_artifact
2cb86d5564dbf64ef4f609af6a19ac6444df841181d097b2eeea42b01ebfecb0	106211	file	/hy-tmp/rl_end_to_end_runtime_optimization_evidence_20260724/final_vs_aggregate/many_ppo_updates.jsonl	hy-tmp/rl_end_to_end_runtime_optimization_evidence_20260724/final_vs_aggregate/many_ppo_updates.jsonl	external_artifact
daac118eb32e8b601372264b7267bfcb587bd62ee3d1ea2bb2fa5844dbb1ac53	4	file	/hy-tmp/rl_end_to_end_runtime_optimization_evidence_20260724/final_vs_aggregate/many_wall_seconds.txt	hy-tmp/rl_end_to_end_runtime_optimization_evidence_20260724/final_vs_aggregate/many_wall_seconds.txt	external_artifact
9adf37b290485e0a34ec89b189fb4c0188527525fa2a148d70a7348d4640c310	3046	file	/hy-tmp/rl_end_to_end_runtime_optimization_evidence_20260724/final_vs_aggregate/one_gpu_utilization.json	hy-tmp/rl_end_to_end_runtime_optimization_evidence_20260724/final_vs_aggregate/one_gpu_utilization.json	external_artifact
4baea5eb8e537f0a6a9c11ebfbf3d3b95885588d7cfd0910257b0f5a648844d5	106210	file	/hy-tmp/rl_end_to_end_runtime_optimization_evidence_20260724/final_vs_aggregate/one_ppo_updates.jsonl	hy-tmp/rl_end_to_end_runtime_optimization_evidence_20260724/final_vs_aggregate/one_ppo_updates.jsonl	external_artifact
17d114c55411d17a47f12cf4bfa0c4073256ac45294b53466fb3ecf593ac7c53	4	file	/hy-tmp/rl_end_to_end_runtime_optimization_evidence_20260724/final_vs_aggregate/one_wall_seconds.txt	hy-tmp/rl_end_to_end_runtime_optimization_evidence_20260724/final_vs_aggregate/one_wall_seconds.txt	external_artifact
ec3758d850275f015edb90a7ce25003372cadffd87438f9c0c8abd30dddacf2a	2869	file	/hy-tmp/rl_end_to_end_runtime_optimization_evidence_20260724/final_vs_aggregate/stage2_ngpu_gate_verdict.txt	hy-tmp/rl_end_to_end_runtime_optimization_evidence_20260724/final_vs_aggregate/stage2_ngpu_gate_verdict.txt	external_artifact
38c01c6afd185f5c9bf153fe388e9225dd93d5b896b2d1211e55003a0c1dec38	319	file	/hy-tmp/rl_end_to_end_runtime_optimization_evidence_20260724/git_provenance.txt	hy-tmp/rl_end_to_end_runtime_optimization_evidence_20260724/git_provenance.txt	external_artifact
ec076c2ca69feae2d79d26be9be3d592c950b42683b6f415346179adc96b0905	3052	file	/hy-tmp/rl_end_to_end_runtime_optimization_evidence_20260724/noise_fastpath/many_gpu_utilization.json	hy-tmp/rl_end_to_end_runtime_optimization_evidence_20260724/noise_fastpath/many_gpu_utilization.json	external_artifact
4c87dec0900395ad7043bdda03f1a6196e558bb4ed50d3a15c75be87348b4cb6	106210	file	/hy-tmp/rl_end_to_end_runtime_optimization_evidence_20260724/noise_fastpath/many_ppo_updates.jsonl	hy-tmp/rl_end_to_end_runtime_optimization_evidence_20260724/noise_fastpath/many_ppo_updates.jsonl	external_artifact
5d94ef1d04a57469912deb42e29ecee5168b983c775efa906cb9268596ba9f84	4	file	/hy-tmp/rl_end_to_end_runtime_optimization_evidence_20260724/noise_fastpath/many_wall_seconds.txt	hy-tmp/rl_end_to_end_runtime_optimization_evidence_20260724/noise_fastpath/many_wall_seconds.txt	external_artifact
9adf37b290485e0a34ec89b189fb4c0188527525fa2a148d70a7348d4640c310	3046	file	/hy-tmp/rl_end_to_end_runtime_optimization_evidence_20260724/noise_fastpath/one_gpu_utilization.json	hy-tmp/rl_end_to_end_runtime_optimization_evidence_20260724/noise_fastpath/one_gpu_utilization.json	external_artifact
4baea5eb8e537f0a6a9c11ebfbf3d3b95885588d7cfd0910257b0f5a648844d5	106210	file	/hy-tmp/rl_end_to_end_runtime_optimization_evidence_20260724/noise_fastpath/one_ppo_updates.jsonl	hy-tmp/rl_end_to_end_runtime_optimization_evidence_20260724/noise_fastpath/one_ppo_updates.jsonl	external_artifact
17d114c55411d17a47f12cf4bfa0c4073256ac45294b53466fb3ecf593ac7c53	4	file	/hy-tmp/rl_end_to_end_runtime_optimization_evidence_20260724/noise_fastpath/one_wall_seconds.txt	hy-tmp/rl_end_to_end_runtime_optimization_evidence_20260724/noise_fastpath/one_wall_seconds.txt	external_artifact
b3acbbaf354e34fd20bb308cdc52742b851023b367ce9cd7fc7f8a44a9d922d0	2839	file	/hy-tmp/rl_end_to_end_runtime_optimization_evidence_20260724/noise_fastpath/stage2_ngpu_gate_verdict.txt	hy-tmp/rl_end_to_end_runtime_optimization_evidence_20260724/noise_fastpath/stage2_ngpu_gate_verdict.txt	external_artifact
dea657ae854ff785de7df035caaeef94b5dcb2b4c500c8b8f2c66dff7cc09bda	842	file	/hy-tmp/rl_end_to_end_runtime_optimization_evidence_20260724/raw_artifact_line_counts.txt	hy-tmp/rl_end_to_end_runtime_optimization_evidence_20260724/raw_artifact_line_counts.txt	external_artifact
93ead5f11706624d309217927c1514487c79a1a110db185e6f0fc2337bcea5ed	1292	file	/hy-tmp/rl_end_to_end_runtime_optimization_evidence_20260724/raw_artifact_sha256.txt	hy-tmp/rl_end_to_end_runtime_optimization_evidence_20260724/raw_artifact_sha256.txt	external_artifact
d9ac1f47d00697aab5f5f09b9c701e907d6c884b802a40d5bbcfe60ab4df3306	80826	file	/hy-tmp/rl_end_to_end_runtime_optimization_evidence_20260724/stage1_rejected/baseline_stage1_rl.log	hy-tmp/rl_end_to_end_runtime_optimization_evidence_20260724/stage1_rejected/baseline_stage1_rl.log	external_artifact
56b40727ad1f23e45e80afd645f047041632546cb2dbd8bdcb738339f115fd0c	10	file	/hy-tmp/rl_end_to_end_runtime_optimization_evidence_20260724/stage1_rejected/baseline_wall_seconds.txt	hy-tmp/rl_end_to_end_runtime_optimization_evidence_20260724/stage1_rejected/baseline_wall_seconds.txt	external_artifact
89ec0dc0066a8b5f7147b281e7bed151afc130c535a26a042d0c595a6ade0b6b	80836	file	/hy-tmp/rl_end_to_end_runtime_optimization_evidence_20260724/stage1_rejected/device_batches_stage1_rl.log	hy-tmp/rl_end_to_end_runtime_optimization_evidence_20260724/stage1_rejected/device_batches_stage1_rl.log	external_artifact
d5613e406e93aed69c6b421b88fbcfd1c8d95e01e84ca4693d361bfc9f8810ed	10	file	/hy-tmp/rl_end_to_end_runtime_optimization_evidence_20260724/stage1_rejected/device_batches_wall_seconds.txt	hy-tmp/rl_end_to_end_runtime_optimization_evidence_20260724/stage1_rejected/device_batches_wall_seconds.txt	external_artifact
9589454440b1f3501ccffbd56e4864f8f967482945b28b8360d5d78afc921e22	41	file	/hy-tmp/rl_opt_current_1v5_709cc8d4_180_20260724_164047/HEAD.txt	hy-tmp/rl_opt_current_1v5_709cc8d4_180_20260724_164047/HEAD.txt	external_artifact
01c7f5ba879b2b22cd77a89d4c2e4a12486e010f36d99c5b10fd9e97808f5a7d	2956	file	/hy-tmp/rl_opt_current_1v5_709cc8d4_180_20260724_164047/effective_commands.txt	hy-tmp/rl_opt_current_1v5_709cc8d4_180_20260724_164047/effective_commands.txt	external_artifact
e3b0c44298fc1c149afbf4c8996fb92427ae41e4649b934ca495991b7852b855	0	file	/hy-tmp/rl_opt_current_1v5_709cc8d4_180_20260724_164047/git_status_short.txt	hy-tmp/rl_opt_current_1v5_709cc8d4_180_20260724_164047/git_status_short.txt	external_artifact
7219d06767e9cfa15af43d3240267824471dbf084db69580b36c48d2c87e56f5	322	file	/hy-tmp/rl_opt_current_1v5_709cc8d4_180_20260724_164047/gpu_inventory_pre.csv	hy-tmp/rl_opt_current_1v5_709cc8d4_180_20260724_164047/gpu_inventory_pre.csv	external_artifact
c15f6ccfdd445a4dab76957c990d7043c0c5511aebd0e90e148da4648dabf779	2190091	file	/hy-tmp/rl_opt_current_1v5_709cc8d4_180_20260724_164047/many_episodes.jsonl	hy-tmp/rl_opt_current_1v5_709cc8d4_180_20260724_164047/many_episodes.jsonl	external_artifact
c8a9f2ea65203c613a509b4d7b32b0e5f5e00dc9a34fd7728c8f9c2f4d919828	3050	file	/hy-tmp/rl_opt_current_1v5_709cc8d4_180_20260724_164047/many_gpu_utilization.json	hy-tmp/rl_opt_current_1v5_709cc8d4_180_20260724_164047/many_gpu_utilization.json	external_artifact
2ec3db3c93f260a5de60122d801814bff5e1c9a648818d66510c4d97cb4f50a6	1689	file	/hy-tmp/rl_opt_current_1v5_709cc8d4_180_20260724_164047/many_gpu_utilization.md	hy-tmp/rl_opt_current_1v5_709cc8d4_180_20260724_164047/many_gpu_utilization.md	external_artifact
2455f2a4125675eabb2c30b8841e8e7a288a338340b518e70620e35a19df7b98	6570	file	/hy-tmp/rl_opt_current_1v5_709cc8d4_180_20260724_164047/many_launch.log	hy-tmp/rl_opt_current_1v5_709cc8d4_180_20260724_164047/many_launch.log	external_artifact
026714a055889599177a900018a9e16f7b6ab6b66680b3afd04b8478cc1358cc	108830	file	/hy-tmp/rl_opt_current_1v5_709cc8d4_180_20260724_164047/many_nvidia_smi.csv	hy-tmp/rl_opt_current_1v5_709cc8d4_180_20260724_164047/many_nvidia_smi.csv	external_artifact
022d4dd698c355a7feeda8f1c87f42b0017cdae39c16c81c861decbc53f741bb	106210	file	/hy-tmp/rl_opt_current_1v5_709cc8d4_180_20260724_164047/many_ppo_updates.jsonl	hy-tmp/rl_opt_current_1v5_709cc8d4_180_20260724_164047/many_ppo_updates.jsonl	external_artifact
17d114c55411d17a47f12cf4bfa0c4073256ac45294b53466fb3ecf593ac7c53	4	file	/hy-tmp/rl_opt_current_1v5_709cc8d4_180_20260724_164047/many_wall_seconds.txt	hy-tmp/rl_opt_current_1v5_709cc8d4_180_20260724_164047/many_wall_seconds.txt	external_artifact
64d7c155adef265214187d83e1f0d46e01527b4a5d2881d7d219065d0bdd79c4	2180055	file	/hy-tmp/rl_opt_current_1v5_709cc8d4_180_20260724_164047/one_episodes.jsonl	hy-tmp/rl_opt_current_1v5_709cc8d4_180_20260724_164047/one_episodes.jsonl	external_artifact
58ce823654a81db3c9e29f4eb40ed2901e9d12d4c18d5213ff5e622543603d35	2269	file	/hy-tmp/rl_opt_current_1v5_709cc8d4_180_20260724_164047/one_gpu_utilization.json	hy-tmp/rl_opt_current_1v5_709cc8d4_180_20260724_164047/one_gpu_utilization.json	external_artifact
38f3601b24d9dc21e1a4ff617b9293ac6302c51fc10d2d50a2233d2fb12a5632	1317	file	/hy-tmp/rl_opt_current_1v5_709cc8d4_180_20260724_164047/one_gpu_utilization.md	hy-tmp/rl_opt_current_1v5_709cc8d4_180_20260724_164047/one_gpu_utilization.md	external_artifact
d509f8a9fdc535de3960cf34bbec613a5c765e410b2e3b2f866ca9a1d0193f3e	6541	file	/hy-tmp/rl_opt_current_1v5_709cc8d4_180_20260724_164047/one_launch.log	hy-tmp/rl_opt_current_1v5_709cc8d4_180_20260724_164047/one_launch.log	external_artifact
77d3eff5d401a91f9fdc787cd1201f23db3d05f6f4fa98d51b5d2dd3d75b0659	417655	file	/hy-tmp/rl_opt_current_1v5_709cc8d4_180_20260724_164047/one_nvidia_smi.csv	hy-tmp/rl_opt_current_1v5_709cc8d4_180_20260724_164047/one_nvidia_smi.csv	external_artifact
bfb22c73df29d64c804891bc604a5866c34631103e160db2c640428debbaab56	106209	file	/hy-tmp/rl_opt_current_1v5_709cc8d4_180_20260724_164047/one_ppo_updates.jsonl	hy-tmp/rl_opt_current_1v5_709cc8d4_180_20260724_164047/one_ppo_updates.jsonl	external_artifact
a0105311c47cdc36086fb89f65704198e5b64961c2057c6d8cbf7c70d6816bac	5	file	/hy-tmp/rl_opt_current_1v5_709cc8d4_180_20260724_164047/one_wall_seconds.txt	hy-tmp/rl_opt_current_1v5_709cc8d4_180_20260724_164047/one_wall_seconds.txt	external_artifact
4a20573aba29bf2e02369740e973bd645d8259e65313b2ca3d3578edfe651eb6	198	file	/hy-tmp/rl_opt_current_1v5_709cc8d4_180_20260724_164047/persistent_many/rl/bert-base/mrpc/.s1t0.001_s2t0.001_s2st2.0.stage2_rl.lock	hy-tmp/rl_opt_current_1v5_709cc8d4_180_20260724_164047/persistent_many/rl/bert-base/mrpc/.s1t0.001_s2t0.001_s2st2.0.stage2_rl.lock	external_artifact
3efba437599104b6586327e8ce4d6daa8d0d1af331047f871254b5d281c85977	5	file	/hy-tmp/rl_opt_current_1v5_709cc8d4_180_20260724_164047/persistent_many/rl/bert-base/mrpc/LATEST_PID	hy-tmp/rl_opt_current_1v5_709cc8d4_180_20260724_164047/persistent_many/rl/bert-base/mrpc/LATEST_PID	external_artifact
3d3fde674635a241c38725eed476c833286469b918d16772d6878fd3cb099000	116	file	/hy-tmp/rl_opt_current_1v5_709cc8d4_180_20260724_164047/persistent_many/rl/bert-base/mrpc/LATEST_RUN_DIR	hy-tmp/rl_opt_current_1v5_709cc8d4_180_20260724_164047/persistent_many/rl/bert-base/mrpc/LATEST_RUN_DIR	external_artifact
93add458d365131621aa0b184e9697594e47df463059defbeec8a43228530977	213	file	/hy-tmp/rl_opt_current_1v5_709cc8d4_180_20260724_164047/persistent_many/rl/bert-base/mrpc/s1t0.001_s2t0.001_s2st2.0/best_policy/constraint_metadata.json	hy-tmp/rl_opt_current_1v5_709cc8d4_180_20260724_164047/persistent_many/rl/bert-base/mrpc/s1t0.001_s2t0.001_s2st2.0/best_policy/constraint_metadata.json	external_artifact
5f3adb0a1599e469422c1ea2e57848d3b6a2e01940adff6e1dd797e312809011	45136	file	/hy-tmp/rl_opt_current_1v5_709cc8d4_180_20260724_164047/persistent_many/rl/bert-base/mrpc/s1t0.001_s2t0.001_s2st2.0/logs/blb_stage2_rl.log	hy-tmp/rl_opt_current_1v5_709cc8d4_180_20260724_164047/persistent_many/rl/bert-base/mrpc/s1t0.001_s2t0.001_s2st2.0/logs/blb_stage2_rl.log	external_artifact
eb12b827f24396328fe8cc39df446943dfef19f4afd1e041f986d59c43413cd5	825	file	/hy-tmp/rl_opt_current_1v5_709cc8d4_180_20260724_164047/persistent_many/rl/bert-base/mrpc/s1t0.001_s2t0.001_s2st2.0/metadata.json	hy-tmp/rl_opt_current_1v5_709cc8d4_180_20260724_164047/persistent_many/rl/bert-base/mrpc/s1t0.001_s2t0.001_s2st2.0/metadata.json	external_artifact
3efba437599104b6586327e8ce4d6daa8d0d1af331047f871254b5d281c85977	5	file	/hy-tmp/rl_opt_current_1v5_709cc8d4_180_20260724_164047/persistent_many/rl/bert-base/mrpc/s1t0.001_s2t0.001_s2st2.0/rl.pid	hy-tmp/rl_opt_current_1v5_709cc8d4_180_20260724_164047/persistent_many/rl/bert-base/mrpc/s1t0.001_s2t0.001_s2st2.0/rl.pid	external_artifact
3efba437599104b6586327e8ce4d6daa8d0d1af331047f871254b5d281c85977	5	file	/hy-tmp/rl_opt_current_1v5_709cc8d4_180_20260724_164047/persistent_many/rl/bert-base/mrpc/s1t0.001_s2t0.001_s2st2.0/run.pid	hy-tmp/rl_opt_current_1v5_709cc8d4_180_20260724_164047/persistent_many/rl/bert-base/mrpc/s1t0.001_s2t0.001_s2st2.0/run.pid	external_artifact
11fc05563e6de902e18b634c4a286059474346004e033ad58686ff997c6e58fd	1467	file	/hy-tmp/rl_opt_current_1v5_709cc8d4_180_20260724_164047/persistent_many/rl/bert-base/mrpc/s1t0.001_s2t0.001_s2st2.0/stage1/pruning_search_log.txt	hy-tmp/rl_opt_current_1v5_709cc8d4_180_20260724_164047/persistent_many/rl/bert-base/mrpc/s1t0.001_s2t0.001_s2st2.0/stage1/pruning_search_log.txt	external_artifact
80bd6af42f457e7c30cf2277f5eb4cff74811df91b5cbb5ca1aebc2c5832f68f	1124	file	/hy-tmp/rl_opt_current_1v5_709cc8d4_180_20260724_164047/persistent_many/rl/bert-base/mrpc/s1t0.001_s2t0.001_s2st2.0/stage2_noise/progress/blb_stage2_live_summary.md	hy-tmp/rl_opt_current_1v5_709cc8d4_180_20260724_164047/persistent_many/rl/bert-base/mrpc/s1t0.001_s2t0.001_s2st2.0/stage2_noise/progress/blb_stage2_live_summary.md	external_artifact
8549053e7b18466089c221f9b39baa650aa32ea370814a7ea58c6eeb2e352aae	8322327	file	/hy-tmp/rl_opt_current_1v5_709cc8d4_180_20260724_164047/persistent_many/rl/bert-base/mrpc/s1t0.001_s2t0.001_s2st2.0/stage2_noise/progress/blb_stage2_rl_checkpoint_live.pt	hy-tmp/rl_opt_current_1v5_709cc8d4_180_20260724_164047/persistent_many/rl/bert-base/mrpc/s1t0.001_s2t0.001_s2st2.0/stage2_noise/progress/blb_stage2_rl_checkpoint_live.pt	external_artifact
840fdfad9fcc984a02f09281ef63be280d29bc4fd8a48e60a991692dbc115394	100026	file	/hy-tmp/rl_opt_current_1v5_709cc8d4_180_20260724_164047/persistent_many/rl/bert-base/mrpc/s1t0.001_s2t0.001_s2st2.0/stage2_noise/progress/blb_stage2_status.json	hy-tmp/rl_opt_current_1v5_709cc8d4_180_20260724_164047/persistent_many/rl/bert-base/mrpc/s1t0.001_s2t0.001_s2st2.0/stage2_noise/progress/blb_stage2_status.json	external_artifact
3c368977282fa7168b8031f7099371cb41e5470193a7c701d7a44f218fde96e0	11328	file	/hy-tmp/rl_opt_current_1v5_709cc8d4_180_20260724_164047/persistent_many/rl/bert-base/mrpc/s1t0.001_s2t0.001_s2st2.0/stage2_noise/progress/blb_stage2_training_curve.npz	hy-tmp/rl_opt_current_1v5_709cc8d4_180_20260724_164047/persistent_many/rl/bert-base/mrpc/s1t0.001_s2t0.001_s2st2.0/stage2_noise/progress/blb_stage2_training_curve.npz	external_artifact
6dbcf9bd9b23ae94d2b7af9c513cacc001dd21b29e3cdcd7a34feafa95421bac	3165739	file	/hy-tmp/rl_opt_current_1v5_709cc8d4_180_20260724_164047/persistent_many/rl/bert-base/mrpc/s1t0.001_s2t0.001_s2st2.0/stage2_noise/progress/candidate_store.jsonl	hy-tmp/rl_opt_current_1v5_709cc8d4_180_20260724_164047/persistent_many/rl/bert-base/mrpc/s1t0.001_s2t0.001_s2st2.0/stage2_noise/progress/candidate_store.jsonl	external_artifact
86071a4e45fd1465ed5f780efb0b2b7f0125a8dd6c9f5fa3fafdddc714f55e15	449290	file	/hy-tmp/rl_opt_current_1v5_709cc8d4_180_20260724_164047/persistent_many/rl/bert-base/mrpc/s1t0.001_s2t0.001_s2st2.0/stage2_noise/progress/diagnostics/action_histogram.npz	hy-tmp/rl_opt_current_1v5_709cc8d4_180_20260724_164047/persistent_many/rl/bert-base/mrpc/s1t0.001_s2t0.001_s2st2.0/stage2_noise/progress/diagnostics/action_histogram.npz	external_artifact
b0c8bc47d038538f7259b8f2c032a803186f2d698f09c7853a65d45cb6f4c5ad	587066	file	/hy-tmp/rl_opt_current_1v5_709cc8d4_180_20260724_164047/persistent_many/rl/bert-base/mrpc/s1t0.001_s2t0.001_s2st2.0/stage2_noise/progress/diagnostics/baseline_action_vec.json	hy-tmp/rl_opt_current_1v5_709cc8d4_180_20260724_164047/persistent_many/rl/bert-base/mrpc/s1t0.001_s2t0.001_s2st2.0/stage2_noise/progress/diagnostics/baseline_action_vec.json	external_artifact
2bde8004a027d651f929082c21a33bc2efb707323ca67e38ab040ee899e29641	655055	file	/hy-tmp/rl_opt_current_1v5_709cc8d4_180_20260724_164047/persistent_many/rl/bert-base/mrpc/s1t0.001_s2t0.001_s2st2.0/stage2_noise/progress/diagnostics/best_action_vec.json	hy-tmp/rl_opt_current_1v5_709cc8d4_180_20260724_164047/persistent_many/rl/bert-base/mrpc/s1t0.001_s2t0.001_s2st2.0/stage2_noise/progress/diagnostics/best_action_vec.json	external_artifact
e5584466e6589aa0d01b1812aa54130c85988ca5e24f94e4fbbf5a4dca73dfb3	246	file	/hy-tmp/rl_opt_current_1v5_709cc8d4_180_20260724_164047/persistent_many/rl/bert-base/mrpc/s1t0.001_s2t0.001_s2st2.0/stage2_noise/progress/diagnostics/blb_stage2_health.log	hy-tmp/rl_opt_current_1v5_709cc8d4_180_20260724_164047/persistent_many/rl/bert-base/mrpc/s1t0.001_s2t0.001_s2st2.0/stage2_noise/progress/diagnostics/blb_stage2_health.log	external_artifact
69954c4fdc5d6a91d7d73bf747bda20e9b1ff97ecbf65fb584291856694982e9	34615	file	/hy-tmp/rl_opt_current_1v5_709cc8d4_180_20260724_164047/persistent_many/rl/bert-base/mrpc/s1t0.001_s2t0.001_s2st2.0/stage2_noise/progress/diagnostics/diagnostics_summary.md	hy-tmp/rl_opt_current_1v5_709cc8d4_180_20260724_164047/persistent_many/rl/bert-base/mrpc/s1t0.001_s2t0.001_s2st2.0/stage2_noise/progress/diagnostics/diagnostics_summary.md	external_artifact
c15f6ccfdd445a4dab76957c990d7043c0c5511aebd0e90e148da4648dabf779	2190091	file	/hy-tmp/rl_opt_current_1v5_709cc8d4_180_20260724_164047/persistent_many/rl/bert-base/mrpc/s1t0.001_s2t0.001_s2st2.0/stage2_noise/progress/diagnostics/episodes.jsonl	hy-tmp/rl_opt_current_1v5_709cc8d4_180_20260724_164047/persistent_many/rl/bert-base/mrpc/s1t0.001_s2t0.001_s2st2.0/stage2_noise/progress/diagnostics/episodes.jsonl	external_artifact
44136fa355b3678a1146ad16f7e8649e94fb4fc21fe77e8310c060f61caaff8a	2	file	/hy-tmp/rl_opt_current_1v5_709cc8d4_180_20260724_164047/persistent_many/rl/bert-base/mrpc/s1t0.001_s2t0.001_s2st2.0/stage2_noise/progress/diagnostics/first_invalid_counts.json	hy-tmp/rl_opt_current_1v5_709cc8d4_180_20260724_164047/persistent_many/rl/bert-base/mrpc/s1t0.001_s2t0.001_s2st2.0/stage2_noise/progress/diagnostics/first_invalid_counts.json	external_artifact
f0fb1eb886e491af25e943929d25df74083f5896a85c6dae5194e0283ff8bf96	3780	file	/hy-tmp/rl_opt_current_1v5_709cc8d4_180_20260724_164047/persistent_many/rl/bert-base/mrpc/s1t0.001_s2t0.001_s2st2.0/stage2_noise/progress/diagnostics/pareto_frontier.html	hy-tmp/rl_opt_current_1v5_709cc8d4_180_20260724_164047/persistent_many/rl/bert-base/mrpc/s1t0.001_s2t0.001_s2st2.0/stage2_noise/progress/diagnostics/pareto_frontier.html	external_artifact
36dd0aba4bfd055dce8f3e1243da07e1833d6b5bc1ade499f1ea028ef93de970	2985766	file	/hy-tmp/rl_opt_current_1v5_709cc8d4_180_20260724_164047/persistent_many/rl/bert-base/mrpc/s1t0.001_s2t0.001_s2st2.0/stage2_noise/progress/diagnostics/pareto_frontier.json	hy-tmp/rl_opt_current_1v5_709cc8d4_180_20260724_164047/persistent_many/rl/bert-base/mrpc/s1t0.001_s2t0.001_s2st2.0/stage2_noise/progress/diagnostics/pareto_frontier.json	external_artifact
b9d4f021d9c89b471231ce38fad7f0a285893827a596d10e6433035af510c7c6	1618405	file	/hy-tmp/rl_opt_current_1v5_709cc8d4_180_20260724_164047/persistent_many/rl/bert-base/mrpc/s1t0.001_s2t0.001_s2st2.0/stage2_noise/progress/diagnostics/pareto_frontier.jsonl	hy-tmp/rl_opt_current_1v5_709cc8d4_180_20260724_164047/persistent_many/rl/bert-base/mrpc/s1t0.001_s2t0.001_s2st2.0/stage2_noise/progress/diagnostics/pareto_frontier.jsonl	external_artifact
022d4dd698c355a7feeda8f1c87f42b0017cdae39c16c81c861decbc53f741bb	106210	file	/hy-tmp/rl_opt_current_1v5_709cc8d4_180_20260724_164047/persistent_many/rl/bert-base/mrpc/s1t0.001_s2t0.001_s2st2.0/stage2_noise/progress/diagnostics/ppo_updates.jsonl	hy-tmp/rl_opt_current_1v5_709cc8d4_180_20260724_164047/persistent_many/rl/bert-base/mrpc/s1t0.001_s2t0.001_s2st2.0/stage2_noise/progress/diagnostics/ppo_updates.jsonl	external_artifact
e1db53718ac4545620ab928ccffc5dda5bea3eaa8dba799e3d53387aa102f3fd	8061745	file	/hy-tmp/rl_opt_current_1v5_709cc8d4_180_20260724_164047/persistent_many/rl/bert-base/mrpc/s1t0.001_s2t0.001_s2st2.0/stage2_noise/progress/diagnostics/top_candidates.jsonl	hy-tmp/rl_opt_current_1v5_709cc8d4_180_20260724_164047/persistent_many/rl/bert-base/mrpc/s1t0.001_s2t0.001_s2st2.0/stage2_noise/progress/diagnostics/top_candidates.jsonl	external_artifact
c3ed2f1ce02b2cbafe968e1eee0f55421bdc1ba984c482b6942dbf198491af1f	165417	file	/hy-tmp/rl_opt_current_1v5_709cc8d4_180_20260724_164047/persistent_many/rl/bert-base/mrpc/s1t0.001_s2t0.001_s2st2.0/stage2_noise/progress/layerwise_run_manifest.json	hy-tmp/rl_opt_current_1v5_709cc8d4_180_20260724_164047/persistent_many/rl/bert-base/mrpc/s1t0.001_s2t0.001_s2st2.0/stage2_noise/progress/layerwise_run_manifest.json	external_artifact
5c2bb6f98dbfc094961c1155a1fc64a29c9f6a1576980bdd9ac9791ea36bb446	175533	file	/hy-tmp/rl_opt_current_1v5_709cc8d4_180_20260724_164047/persistent_many/rl/bert-base/mrpc/s1t0.001_s2t0.001_s2st2.0/stage2_noise/progress/layerwise_summary.json	hy-tmp/rl_opt_current_1v5_709cc8d4_180_20260724_164047/persistent_many/rl/bert-base/mrpc/s1t0.001_s2t0.001_s2st2.0/stage2_noise/progress/layerwise_summary.json	external_artifact
94fa595b3a4408c39b112cfe9ad0c17709f8e390b5458da4ade2583e0a6b7e46	141	file	/hy-tmp/rl_opt_current_1v5_709cc8d4_180_20260724_164047/persistent_many/rl/bert-base/mrpc/s1t0.001_s2t0.001_s2st2.0/stage2_noise/progress/rl_data_points_run_id.txt	hy-tmp/rl_opt_current_1v5_709cc8d4_180_20260724_164047/persistent_many/rl/bert-base/mrpc/s1t0.001_s2t0.001_s2st2.0/stage2_noise/progress/rl_data_points_run_id.txt	external_artifact
1a6ec2a97d368167f4e1b66a8f217e90596db555970e19459820c817f5acdf8d	5779	file	/hy-tmp/rl_opt_current_1v5_709cc8d4_180_20260724_164047/persistent_many/rl/bert-base/mrpc/s1t0.001_s2t0.001_s2st2.0/stage2_noise/pruning_search_log.txt	hy-tmp/rl_opt_current_1v5_709cc8d4_180_20260724_164047/persistent_many/rl/bert-base/mrpc/s1t0.001_s2t0.001_s2st2.0/stage2_noise/pruning_search_log.txt	external_artifact
392ff5a25a64b7717e24c54cab6e2fb68f3166fd0f930a06b9ec91fab45d3e3f	198	file	/hy-tmp/rl_opt_current_1v5_709cc8d4_180_20260724_164047/persistent_one/rl/bert-base/mrpc/.s1t0.001_s2t0.001_s2st2.0.stage2_rl.lock	hy-tmp/rl_opt_current_1v5_709cc8d4_180_20260724_164047/persistent_one/rl/bert-base/mrpc/.s1t0.001_s2t0.001_s2st2.0.stage2_rl.lock	external_artifact
44d5c2790e0f064a072fa8bb11367ca1bc696b0f8d1fcfade09ef422e156955e	5	file	/hy-tmp/rl_opt_current_1v5_709cc8d4_180_20260724_164047/persistent_one/rl/bert-base/mrpc/LATEST_PID	hy-tmp/rl_opt_current_1v5_709cc8d4_180_20260724_164047/persistent_one/rl/bert-base/mrpc/LATEST_PID	external_artifact
08c15d7d021542d9277065e74569c48916756f89241aba0db25c9dabccd7a1b2	115	file	/hy-tmp/rl_opt_current_1v5_709cc8d4_180_20260724_164047/persistent_one/rl/bert-base/mrpc/LATEST_RUN_DIR	hy-tmp/rl_opt_current_1v5_709cc8d4_180_20260724_164047/persistent_one/rl/bert-base/mrpc/LATEST_RUN_DIR	external_artifact
93add458d365131621aa0b184e9697594e47df463059defbeec8a43228530977	213	file	/hy-tmp/rl_opt_current_1v5_709cc8d4_180_20260724_164047/persistent_one/rl/bert-base/mrpc/s1t0.001_s2t0.001_s2st2.0/best_policy/constraint_metadata.json	hy-tmp/rl_opt_current_1v5_709cc8d4_180_20260724_164047/persistent_one/rl/bert-base/mrpc/s1t0.001_s2t0.001_s2st2.0/best_policy/constraint_metadata.json	external_artifact
16656103cfc28b3b839e0041f122bcef0a7c4bd5c501000bb27f27b19db6d59a	16299	file	/hy-tmp/rl_opt_current_1v5_709cc8d4_180_20260724_164047/persistent_one/rl/bert-base/mrpc/s1t0.001_s2t0.001_s2st2.0/logs/blb_stage2_rl.log	hy-tmp/rl_opt_current_1v5_709cc8d4_180_20260724_164047/persistent_one/rl/bert-base/mrpc/s1t0.001_s2t0.001_s2st2.0/logs/blb_stage2_rl.log	external_artifact
c4e8d0d747459c4102dfef4d17735eafc512246b5e6f158aebcf3d0f9652c224	825	file	/hy-tmp/rl_opt_current_1v5_709cc8d4_180_20260724_164047/persistent_one/rl/bert-base/mrpc/s1t0.001_s2t0.001_s2st2.0/metadata.json	hy-tmp/rl_opt_current_1v5_709cc8d4_180_20260724_164047/persistent_one/rl/bert-base/mrpc/s1t0.001_s2t0.001_s2st2.0/metadata.json	external_artifact
44d5c2790e0f064a072fa8bb11367ca1bc696b0f8d1fcfade09ef422e156955e	5	file	/hy-tmp/rl_opt_current_1v5_709cc8d4_180_20260724_164047/persistent_one/rl/bert-base/mrpc/s1t0.001_s2t0.001_s2st2.0/rl.pid	hy-tmp/rl_opt_current_1v5_709cc8d4_180_20260724_164047/persistent_one/rl/bert-base/mrpc/s1t0.001_s2t0.001_s2st2.0/rl.pid	external_artifact
44d5c2790e0f064a072fa8bb11367ca1bc696b0f8d1fcfade09ef422e156955e	5	file	/hy-tmp/rl_opt_current_1v5_709cc8d4_180_20260724_164047/persistent_one/rl/bert-base/mrpc/s1t0.001_s2t0.001_s2st2.0/run.pid	hy-tmp/rl_opt_current_1v5_709cc8d4_180_20260724_164047/persistent_one/rl/bert-base/mrpc/s1t0.001_s2t0.001_s2st2.0/run.pid	external_artifact
0ca1b89c9ab6dccddfc3e11ba32a77f2057cbdb594acf116b25b1410ba54d1e6	1466	file	/hy-tmp/rl_opt_current_1v5_709cc8d4_180_20260724_164047/persistent_one/rl/bert-base/mrpc/s1t0.001_s2t0.001_s2st2.0/stage1/pruning_search_log.txt	hy-tmp/rl_opt_current_1v5_709cc8d4_180_20260724_164047/persistent_one/rl/bert-base/mrpc/s1t0.001_s2t0.001_s2st2.0/stage1/pruning_search_log.txt	external_artifact
b9f800f201abddb2ed0b742f2df213e3b17c3482754ddf486a014d1c16b4fd20	1125	file	/hy-tmp/rl_opt_current_1v5_709cc8d4_180_20260724_164047/persistent_one/rl/bert-base/mrpc/s1t0.001_s2t0.001_s2st2.0/stage2_noise/progress/blb_stage2_live_summary.md	hy-tmp/rl_opt_current_1v5_709cc8d4_180_20260724_164047/persistent_one/rl/bert-base/mrpc/s1t0.001_s2t0.001_s2st2.0/stage2_noise/progress/blb_stage2_live_summary.md	external_artifact
12be6d87973fe5d95050232648f11001027f6d5c05ce958c0c45daa3e1bfabd7	8321147	file	/hy-tmp/rl_opt_current_1v5_709cc8d4_180_20260724_164047/persistent_one/rl/bert-base/mrpc/s1t0.001_s2t0.001_s2st2.0/stage2_noise/progress/blb_stage2_rl_checkpoint_live.pt	hy-tmp/rl_opt_current_1v5_709cc8d4_180_20260724_164047/persistent_one/rl/bert-base/mrpc/s1t0.001_s2t0.001_s2st2.0/stage2_noise/progress/blb_stage2_rl_checkpoint_live.pt	external_artifact
dc3229b707f58ad4febc6bf3df5799f6daf18cd5d85afde976df7a45339d91d5	100026	file	/hy-tmp/rl_opt_current_1v5_709cc8d4_180_20260724_164047/persistent_one/rl/bert-base/mrpc/s1t0.001_s2t0.001_s2st2.0/stage2_noise/progress/blb_stage2_status.json	hy-tmp/rl_opt_current_1v5_709cc8d4_180_20260724_164047/persistent_one/rl/bert-base/mrpc/s1t0.001_s2t0.001_s2st2.0/stage2_noise/progress/blb_stage2_status.json	external_artifact
3c368977282fa7168b8031f7099371cb41e5470193a7c701d7a44f218fde96e0	11328	file	/hy-tmp/rl_opt_current_1v5_709cc8d4_180_20260724_164047/persistent_one/rl/bert-base/mrpc/s1t0.001_s2t0.001_s2st2.0/stage2_noise/progress/blb_stage2_training_curve.npz	hy-tmp/rl_opt_current_1v5_709cc8d4_180_20260724_164047/persistent_one/rl/bert-base/mrpc/s1t0.001_s2t0.001_s2st2.0/stage2_noise/progress/blb_stage2_training_curve.npz	external_artifact
eb9de7578df75485c97c5b4d346729c1265c37b950fd1a92f41ca6b3f9a0b2cf	3165739	file	/hy-tmp/rl_opt_current_1v5_709cc8d4_180_20260724_164047/persistent_one/rl/bert-base/mrpc/s1t0.001_s2t0.001_s2st2.0/stage2_noise/progress/candidate_store.jsonl	hy-tmp/rl_opt_current_1v5_709cc8d4_180_20260724_164047/persistent_one/rl/bert-base/mrpc/s1t0.001_s2t0.001_s2st2.0/stage2_noise/progress/candidate_store.jsonl	external_artifact
86071a4e45fd1465ed5f780efb0b2b7f0125a8dd6c9f5fa3fafdddc714f55e15	449290	file	/hy-tmp/rl_opt_current_1v5_709cc8d4_180_20260724_164047/persistent_one/rl/bert-base/mrpc/s1t0.001_s2t0.001_s2st2.0/stage2_noise/progress/diagnostics/action_histogram.npz	hy-tmp/rl_opt_current_1v5_709cc8d4_180_20260724_164047/persistent_one/rl/bert-base/mrpc/s1t0.001_s2t0.001_s2st2.0/stage2_noise/progress/diagnostics/action_histogram.npz	external_artifact
b0c8bc47d038538f7259b8f2c032a803186f2d698f09c7853a65d45cb6f4c5ad	587066	file	/hy-tmp/rl_opt_current_1v5_709cc8d4_180_20260724_164047/persistent_one/rl/bert-base/mrpc/s1t0.001_s2t0.001_s2st2.0/stage2_noise/progress/diagnostics/baseline_action_vec.json	hy-tmp/rl_opt_current_1v5_709cc8d4_180_20260724_164047/persistent_one/rl/bert-base/mrpc/s1t0.001_s2t0.001_s2st2.0/stage2_noise/progress/diagnostics/baseline_action_vec.json	external_artifact
da7e8a914dee7d8c51ed87fe5441ce2316aa5f13113e2bd4be1baf75440ccc1c	655055	file	/hy-tmp/rl_opt_current_1v5_709cc8d4_180_20260724_164047/persistent_one/rl/bert-base/mrpc/s1t0.001_s2t0.001_s2st2.0/stage2_noise/progress/diagnostics/best_action_vec.json	hy-tmp/rl_opt_current_1v5_709cc8d4_180_20260724_164047/persistent_one/rl/bert-base/mrpc/s1t0.001_s2t0.001_s2st2.0/stage2_noise/progress/diagnostics/best_action_vec.json	external_artifact
788d5897215add8b5d4bab15e152b6ef611ff144d9db036b8e4ac5655341beaa	246	file	/hy-tmp/rl_opt_current_1v5_709cc8d4_180_20260724_164047/persistent_one/rl/bert-base/mrpc/s1t0.001_s2t0.001_s2st2.0/stage2_noise/progress/diagnostics/blb_stage2_health.log	hy-tmp/rl_opt_current_1v5_709cc8d4_180_20260724_164047/persistent_one/rl/bert-base/mrpc/s1t0.001_s2t0.001_s2st2.0/stage2_noise/progress/diagnostics/blb_stage2_health.log	external_artifact
6a90284787783f474e4ffd7ffc96ca72fbe22422fa14610e887c3a6c078d07ca	34615	file	/hy-tmp/rl_opt_current_1v5_709cc8d4_180_20260724_164047/persistent_one/rl/bert-base/mrpc/s1t0.001_s2t0.001_s2st2.0/stage2_noise/progress/diagnostics/diagnostics_summary.md	hy-tmp/rl_opt_current_1v5_709cc8d4_180_20260724_164047/persistent_one/rl/bert-base/mrpc/s1t0.001_s2t0.001_s2st2.0/stage2_noise/progress/diagnostics/diagnostics_summary.md	external_artifact
64d7c155adef265214187d83e1f0d46e01527b4a5d2881d7d219065d0bdd79c4	2180055	file	/hy-tmp/rl_opt_current_1v5_709cc8d4_180_20260724_164047/persistent_one/rl/bert-base/mrpc/s1t0.001_s2t0.001_s2st2.0/stage2_noise/progress/diagnostics/episodes.jsonl	hy-tmp/rl_opt_current_1v5_709cc8d4_180_20260724_164047/persistent_one/rl/bert-base/mrpc/s1t0.001_s2t0.001_s2st2.0/stage2_noise/progress/diagnostics/episodes.jsonl	external_artifact
44136fa355b3678a1146ad16f7e8649e94fb4fc21fe77e8310c060f61caaff8a	2	file	/hy-tmp/rl_opt_current_1v5_709cc8d4_180_20260724_164047/persistent_one/rl/bert-base/mrpc/s1t0.001_s2t0.001_s2st2.0/stage2_noise/progress/diagnostics/first_invalid_counts.json	hy-tmp/rl_opt_current_1v5_709cc8d4_180_20260724_164047/persistent_one/rl/bert-base/mrpc/s1t0.001_s2t0.001_s2st2.0/stage2_noise/progress/diagnostics/first_invalid_counts.json	external_artifact
f0fb1eb886e491af25e943929d25df74083f5896a85c6dae5194e0283ff8bf96	3780	file	/hy-tmp/rl_opt_current_1v5_709cc8d4_180_20260724_164047/persistent_one/rl/bert-base/mrpc/s1t0.001_s2t0.001_s2st2.0/stage2_noise/progress/diagnostics/pareto_frontier.html	hy-tmp/rl_opt_current_1v5_709cc8d4_180_20260724_164047/persistent_one/rl/bert-base/mrpc/s1t0.001_s2t0.001_s2st2.0/stage2_noise/progress/diagnostics/pareto_frontier.html	external_artifact
39db5a83c73ea4abbe4e9d40556904f2a9bc0ff793a2c57c62d4e8846a47d6dd	2985766	file	/hy-tmp/rl_opt_current_1v5_709cc8d4_180_20260724_164047/persistent_one/rl/bert-base/mrpc/s1t0.001_s2t0.001_s2st2.0/stage2_noise/progress/diagnostics/pareto_frontier.json	hy-tmp/rl_opt_current_1v5_709cc8d4_180_20260724_164047/persistent_one/rl/bert-base/mrpc/s1t0.001_s2t0.001_s2st2.0/stage2_noise/progress/diagnostics/pareto_frontier.json	external_artifact
b9d4f021d9c89b471231ce38fad7f0a285893827a596d10e6433035af510c7c6	1618405	file	/hy-tmp/rl_opt_current_1v5_709cc8d4_180_20260724_164047/persistent_one/rl/bert-base/mrpc/s1t0.001_s2t0.001_s2st2.0/stage2_noise/progress/diagnostics/pareto_frontier.jsonl	hy-tmp/rl_opt_current_1v5_709cc8d4_180_20260724_164047/persistent_one/rl/bert-base/mrpc/s1t0.001_s2t0.001_s2st2.0/stage2_noise/progress/diagnostics/pareto_frontier.jsonl	external_artifact
bfb22c73df29d64c804891bc604a5866c34631103e160db2c640428debbaab56	106209	file	/hy-tmp/rl_opt_current_1v5_709cc8d4_180_20260724_164047/persistent_one/rl/bert-base/mrpc/s1t0.001_s2t0.001_s2st2.0/stage2_noise/progress/diagnostics/ppo_updates.jsonl	hy-tmp/rl_opt_current_1v5_709cc8d4_180_20260724_164047/persistent_one/rl/bert-base/mrpc/s1t0.001_s2t0.001_s2st2.0/stage2_noise/progress/diagnostics/ppo_updates.jsonl	external_artifact
e1db53718ac4545620ab928ccffc5dda5bea3eaa8dba799e3d53387aa102f3fd	8061745	file	/hy-tmp/rl_opt_current_1v5_709cc8d4_180_20260724_164047/persistent_one/rl/bert-base/mrpc/s1t0.001_s2t0.001_s2st2.0/stage2_noise/progress/diagnostics/top_candidates.jsonl	hy-tmp/rl_opt_current_1v5_709cc8d4_180_20260724_164047/persistent_one/rl/bert-base/mrpc/s1t0.001_s2t0.001_s2st2.0/stage2_noise/progress/diagnostics/top_candidates.jsonl	external_artifact
1244400fd1a2b92009ddd1f0c86f3a65542a435ded18fefe8cd635e4ab650000	165417	file	/hy-tmp/rl_opt_current_1v5_709cc8d4_180_20260724_164047/persistent_one/rl/bert-base/mrpc/s1t0.001_s2t0.001_s2st2.0/stage2_noise/progress/layerwise_run_manifest.json	hy-tmp/rl_opt_current_1v5_709cc8d4_180_20260724_164047/persistent_one/rl/bert-base/mrpc/s1t0.001_s2t0.001_s2st2.0/stage2_noise/progress/layerwise_run_manifest.json	external_artifact
5db8bb623216b0a81835f2df0cdb13c9753ffec51856658126952bc7b20838cd	175530	file	/hy-tmp/rl_opt_current_1v5_709cc8d4_180_20260724_164047/persistent_one/rl/bert-base/mrpc/s1t0.001_s2t0.001_s2st2.0/stage2_noise/progress/layerwise_summary.json	hy-tmp/rl_opt_current_1v5_709cc8d4_180_20260724_164047/persistent_one/rl/bert-base/mrpc/s1t0.001_s2t0.001_s2st2.0/stage2_noise/progress/layerwise_summary.json	external_artifact
71f9883f10d0af187121925c94d22d46ba31e658c24f461395eb43fda3d53034	140	file	/hy-tmp/rl_opt_current_1v5_709cc8d4_180_20260724_164047/persistent_one/rl/bert-base/mrpc/s1t0.001_s2t0.001_s2st2.0/stage2_noise/progress/rl_data_points_run_id.txt	hy-tmp/rl_opt_current_1v5_709cc8d4_180_20260724_164047/persistent_one/rl/bert-base/mrpc/s1t0.001_s2t0.001_s2st2.0/stage2_noise/progress/rl_data_points_run_id.txt	external_artifact
19fea02255ca06ec5db836ac1d49ce5f8ee1d2c3558b5d6bb75e52fd684b4ee5	5153	file	/hy-tmp/rl_opt_current_1v5_709cc8d4_180_20260724_164047/persistent_one/rl/bert-base/mrpc/s1t0.001_s2t0.001_s2st2.0/stage2_noise/pruning_search_log.txt	hy-tmp/rl_opt_current_1v5_709cc8d4_180_20260724_164047/persistent_one/rl/bert-base/mrpc/s1t0.001_s2t0.001_s2st2.0/stage2_noise/pruning_search_log.txt	external_artifact
e0aba553ce006ee7487da4d3a67c5abc8f1a7172151582882e5d2267bf63f526	196	file	/hy-tmp/rl_opt_current_1v5_709cc8d4_180_20260724_164047/runs.jsonl	hy-tmp/rl_opt_current_1v5_709cc8d4_180_20260724_164047/runs.jsonl	external_artifact
880d2fbb315ed19f1f06d2145b48edbbdc13dac9c433fa657973644fc7a383d6	66	symlink	/hy-tmp/rl_opt_current_1v5_709cc8d4_180_20260724_164047/stage1/record	hy-tmp/rl_opt_current_1v5_709cc8d4_180_20260724_164047/stage1/record	external_artifact
d2894bf452213a78430bef96e1c2ecf6179bcd313eb8080b7e48ddd995ff5149	2267	file	/hy-tmp/rl_opt_current_1v5_709cc8d4_180_20260724_164047/stage2_ngpu_gate_verdict.txt	hy-tmp/rl_opt_current_1v5_709cc8d4_180_20260724_164047/stage2_ngpu_gate_verdict.txt	external_artifact
dc07c6f7bc2968650a80515595e4546116e6ee3d1f46e375eed62a93210ac349	20412	file	/hy-tmp/rl_opt_current_1v5_709cc8d4_180_20260724_164047/stage2_ngpu_speed_ab_stdout.log	hy-tmp/rl_opt_current_1v5_709cc8d4_180_20260724_164047/stage2_ngpu_speed_ab_stdout.log	external_artifact
9589454440b1f3501ccffbd56e4864f8f967482945b28b8360d5d78afc921e22	41	file	/hy-tmp/rl_opt_current_1v5_709cc8d4_20260724_164003/HEAD.txt	hy-tmp/rl_opt_current_1v5_709cc8d4_20260724_164003/HEAD.txt	external_artifact
e26bc20eae42cb2fd7bc60d5faf67e5c2976c4972ab8c91a9d25420767783693	2948	file	/hy-tmp/rl_opt_current_1v5_709cc8d4_20260724_164003/effective_commands.txt	hy-tmp/rl_opt_current_1v5_709cc8d4_20260724_164003/effective_commands.txt	external_artifact
e3b0c44298fc1c149afbf4c8996fb92427ae41e4649b934ca495991b7852b855	0	file	/hy-tmp/rl_opt_current_1v5_709cc8d4_20260724_164003/git_status_short.txt	hy-tmp/rl_opt_current_1v5_709cc8d4_20260724_164003/git_status_short.txt	external_artifact
7219d06767e9cfa15af43d3240267824471dbf084db69580b36c48d2c87e56f5	322	file	/hy-tmp/rl_opt_current_1v5_709cc8d4_20260724_164003/gpu_inventory_pre.csv	hy-tmp/rl_opt_current_1v5_709cc8d4_20260724_164003/gpu_inventory_pre.csv	external_artifact
3f9e772ac079cd84c487030fb9a183280a163121bcbce766a02cf17c0377a144	202	file	/hy-tmp/rl_opt_current_1v5_709cc8d4_20260724_164003/one_launch.log	hy-tmp/rl_opt_current_1v5_709cc8d4_20260724_164003/one_launch.log	external_artifact
d5b3212ac0f6d9e4ed30c8d009ebebed3f208ef778d8cfe383509bc13c8fe57f	347	file	/hy-tmp/rl_opt_current_1v5_709cc8d4_20260724_164003/one_nvidia_smi.csv	hy-tmp/rl_opt_current_1v5_709cc8d4_20260724_164003/one_nvidia_smi.csv	external_artifact
4355a46b19d348dc2f57c046f8ef63d4538ebb936000f3c9ee954a27460dd865	2	file	/hy-tmp/rl_opt_current_1v5_709cc8d4_20260724_164003/one_wall_seconds.txt	hy-tmp/rl_opt_current_1v5_709cc8d4_20260724_164003/one_wall_seconds.txt	external_artifact
134c8b783b500b0a7dd0352bfbafb59bc79b76568be81f943f40c9b7e7b076c6	91	file	/hy-tmp/rl_opt_current_1v5_709cc8d4_20260724_164003/runs.jsonl	hy-tmp/rl_opt_current_1v5_709cc8d4_20260724_164003/runs.jsonl	external_artifact
880d2fbb315ed19f1f06d2145b48edbbdc13dac9c433fa657973644fc7a383d6	66	symlink	/hy-tmp/rl_opt_current_1v5_709cc8d4_20260724_164003/stage1/record	hy-tmp/rl_opt_current_1v5_709cc8d4_20260724_164003/stage1/record	external_artifact
ecede61d920904fb196e0da3737ffb3b7f0950b11b3aeb785d7be779a2fd92b7	4193	file	/hy-tmp/rl_opt_current_1v5_709cc8d4_20260724_164003/stage2_ngpu_speed_ab_stdout.log	hy-tmp/rl_opt_current_1v5_709cc8d4_20260724_164003/stage2_ngpu_speed_ab_stdout.log	external_artifact
ef68153e1cda1814f86ea3e46da53b2600110d5ed841e0420d0f9f2f9516da78	41	file	/hy-tmp/rl_opt_final_vs_aggregate_accc27d6_180_20260724_230532/HEAD.txt	hy-tmp/rl_opt_final_vs_aggregate_accc27d6_180_20260724_230532/HEAD.txt	external_artifact
dd91eca7e7bb91a6de6acaa854bc332109ec5817848891346f9000a74f56bcf6	2996	file	/hy-tmp/rl_opt_final_vs_aggregate_accc27d6_180_20260724_230532/effective_commands.txt	hy-tmp/rl_opt_final_vs_aggregate_accc27d6_180_20260724_230532/effective_commands.txt	external_artifact
e3b0c44298fc1c149afbf4c8996fb92427ae41e4649b934ca495991b7852b855	0	file	/hy-tmp/rl_opt_final_vs_aggregate_accc27d6_180_20260724_230532/git_status_short.txt	hy-tmp/rl_opt_final_vs_aggregate_accc27d6_180_20260724_230532/git_status_short.txt	external_artifact
7219d06767e9cfa15af43d3240267824471dbf084db69580b36c48d2c87e56f5	322	file	/hy-tmp/rl_opt_final_vs_aggregate_accc27d6_180_20260724_230532/gpu_inventory_pre.csv	hy-tmp/rl_opt_final_vs_aggregate_accc27d6_180_20260724_230532/gpu_inventory_pre.csv	external_artifact
49a4efa20cc95ac5df8f8886b2925f9854b19c6604eaf1f8d8016f932fb041d9	2190102	file	/hy-tmp/rl_opt_final_vs_aggregate_accc27d6_180_20260724_230532/many_episodes.jsonl	hy-tmp/rl_opt_final_vs_aggregate_accc27d6_180_20260724_230532/many_episodes.jsonl	external_artifact
76e44a01fbc3732835e74f5512e528de6cb8b5c965d0a737507777dbe518935e	3052	file	/hy-tmp/rl_opt_final_vs_aggregate_accc27d6_180_20260724_230532/many_gpu_utilization.json	hy-tmp/rl_opt_final_vs_aggregate_accc27d6_180_20260724_230532/many_gpu_utilization.json	external_artifact
b044c063b1e98fe92262313b12184251f9488ddb9a148a13194ee50fee593828	1691	file	/hy-tmp/rl_opt_final_vs_aggregate_accc27d6_180_20260724_230532/many_gpu_utilization.md	hy-tmp/rl_opt_final_vs_aggregate_accc27d6_180_20260724_230532/many_gpu_utilization.md	external_artifact
1e4a2b7bb4555f4d01327f3ebbf4be78ac109fcf158ea14f028d2ecc04b04980	6628	file	/hy-tmp/rl_opt_final_vs_aggregate_accc27d6_180_20260724_230532/many_launch.log	hy-tmp/rl_opt_final_vs_aggregate_accc27d6_180_20260724_230532/many_launch.log	external_artifact
9b319d594fdd47cc7810d71bcd4c50c4255194dacedb0b56a5ca0b0883d2c38d	56958	file	/hy-tmp/rl_opt_final_vs_aggregate_accc27d6_180_20260724_230532/many_nvidia_smi.csv	hy-tmp/rl_opt_final_vs_aggregate_accc27d6_180_20260724_230532/many_nvidia_smi.csv	external_artifact
800730fb662e52c9ab728f36574ca51a0371fb94c22f63dba6b74facdd2af2e3	106210	file	/hy-tmp/rl_opt_final_vs_aggregate_accc27d6_180_20260724_230532/many_ppo_updates.jsonl	hy-tmp/rl_opt_final_vs_aggregate_accc27d6_180_20260724_230532/many_ppo_updates.jsonl	external_artifact
9cc6ce83098a2d1c852b990cedc63220f77a3e4cac7e605949da8fde0e4a3191	4	file	/hy-tmp/rl_opt_final_vs_aggregate_accc27d6_180_20260724_230532/many_wall_seconds.txt	hy-tmp/rl_opt_final_vs_aggregate_accc27d6_180_20260724_230532/many_wall_seconds.txt	external_artifact
55cf4a2f7d2c51894a68e25cd5e75c0e5adb6db4311d279713371019e1e98c81	2190105	file	/hy-tmp/rl_opt_final_vs_aggregate_accc27d6_180_20260724_230532/one_episodes.jsonl	hy-tmp/rl_opt_final_vs_aggregate_accc27d6_180_20260724_230532/one_episodes.jsonl	external_artifact
9adf37b290485e0a34ec89b189fb4c0188527525fa2a148d70a7348d4640c310	3046	file	/hy-tmp/rl_opt_final_vs_aggregate_accc27d6_180_20260724_230532/one_gpu_utilization.json	hy-tmp/rl_opt_final_vs_aggregate_accc27d6_180_20260724_230532/one_gpu_utilization.json	external_artifact
87039b71547636955e66adc8652b60eb2b33c1339631b418c665b21f2a0624a5	1685	file	/hy-tmp/rl_opt_final_vs_aggregate_accc27d6_180_20260724_230532/one_gpu_utilization.md	hy-tmp/rl_opt_final_vs_aggregate_accc27d6_180_20260724_230532/one_gpu_utilization.md	external_artifact
4e2f5e3c61ce25a0d01dec2b834a829df5e346f0da4328efbcac5d6d53b7bc10	6644	file	/hy-tmp/rl_opt_final_vs_aggregate_accc27d6_180_20260724_230532/one_launch.log	hy-tmp/rl_opt_final_vs_aggregate_accc27d6_180_20260724_230532/one_launch.log	external_artifact
6332eff1008502a5a1ce9e01c312b871f037ffddb8f48d4fdf4b0eb54d9dd657	54196	file	/hy-tmp/rl_opt_final_vs_aggregate_accc27d6_180_20260724_230532/one_nvidia_smi.csv	hy-tmp/rl_opt_final_vs_aggregate_accc27d6_180_20260724_230532/one_nvidia_smi.csv	external_artifact
4baea5eb8e537f0a6a9c11ebfbf3d3b95885588d7cfd0910257b0f5a648844d5	106210	file	/hy-tmp/rl_opt_final_vs_aggregate_accc27d6_180_20260724_230532/one_ppo_updates.jsonl	hy-tmp/rl_opt_final_vs_aggregate_accc27d6_180_20260724_230532/one_ppo_updates.jsonl	external_artifact
17d114c55411d17a47f12cf4bfa0c4073256ac45294b53466fb3ecf593ac7c53	4	file	/hy-tmp/rl_opt_final_vs_aggregate_accc27d6_180_20260724_230532/one_wall_seconds.txt	hy-tmp/rl_opt_final_vs_aggregate_accc27d6_180_20260724_230532/one_wall_seconds.txt	external_artifact
034896d5c9435691bcd7775dd4f4e5f1a6be68aefbd01feefefb00f3dc6f7cbc	199	file	/hy-tmp/rl_opt_final_vs_aggregate_accc27d6_180_20260724_230532/persistent_many/rl/bert-base/mrpc/.s1t0.001_s2t0.001_s2st2.0.stage2_rl.lock	hy-tmp/rl_opt_final_vs_aggregate_accc27d6_180_20260724_230532/persistent_many/rl/bert-base/mrpc/.s1t0.001_s2t0.001_s2st2.0.stage2_rl.lock	external_artifact
2bb24bccd4df55fc00bdb22ef028145e31091ace7ae100ae36f7bf2bdf188d26	6	file	/hy-tmp/rl_opt_final_vs_aggregate_accc27d6_180_20260724_230532/persistent_many/rl/bert-base/mrpc/LATEST_PID	hy-tmp/rl_opt_final_vs_aggregate_accc27d6_180_20260724_230532/persistent_many/rl/bert-base/mrpc/LATEST_PID	external_artifact
913ae8b59c8a61dc4c8b3af3afe376bffe1fc40a4c30334b39b9c3364fdcaa21	123	file	/hy-tmp/rl_opt_final_vs_aggregate_accc27d6_180_20260724_230532/persistent_many/rl/bert-base/mrpc/LATEST_RUN_DIR	hy-tmp/rl_opt_final_vs_aggregate_accc27d6_180_20260724_230532/persistent_many/rl/bert-base/mrpc/LATEST_RUN_DIR	external_artifact
93add458d365131621aa0b184e9697594e47df463059defbeec8a43228530977	213	file	/hy-tmp/rl_opt_final_vs_aggregate_accc27d6_180_20260724_230532/persistent_many/rl/bert-base/mrpc/s1t0.001_s2t0.001_s2st2.0/best_policy/constraint_metadata.json	hy-tmp/rl_opt_final_vs_aggregate_accc27d6_180_20260724_230532/persistent_many/rl/bert-base/mrpc/s1t0.001_s2t0.001_s2st2.0/best_policy/constraint_metadata.json	external_artifact
0500ab7a6c10ec74dee91625ae974fff5fe8504d0add881892a518eea3277e1c	45619	file	/hy-tmp/rl_opt_final_vs_aggregate_accc27d6_180_20260724_230532/persistent_many/rl/bert-base/mrpc/s1t0.001_s2t0.001_s2st2.0/logs/blb_stage2_rl.log	hy-tmp/rl_opt_final_vs_aggregate_accc27d6_180_20260724_230532/persistent_many/rl/bert-base/mrpc/s1t0.001_s2t0.001_s2st2.0/logs/blb_stage2_rl.log	external_artifact
afb8e63786c48b1864e1d92bdbd520ac843443292ce3cf87e3d8a0d75fef7a27	825	file	/hy-tmp/rl_opt_final_vs_aggregate_accc27d6_180_20260724_230532/persistent_many/rl/bert-base/mrpc/s1t0.001_s2t0.001_s2st2.0/metadata.json	hy-tmp/rl_opt_final_vs_aggregate_accc27d6_180_20260724_230532/persistent_many/rl/bert-base/mrpc/s1t0.001_s2t0.001_s2st2.0/metadata.json	external_artifact
2bb24bccd4df55fc00bdb22ef028145e31091ace7ae100ae36f7bf2bdf188d26	6	file	/hy-tmp/rl_opt_final_vs_aggregate_accc27d6_180_20260724_230532/persistent_many/rl/bert-base/mrpc/s1t0.001_s2t0.001_s2st2.0/rl.pid	hy-tmp/rl_opt_final_vs_aggregate_accc27d6_180_20260724_230532/persistent_many/rl/bert-base/mrpc/s1t0.001_s2t0.001_s2st2.0/rl.pid	external_artifact
2bb24bccd4df55fc00bdb22ef028145e31091ace7ae100ae36f7bf2bdf188d26	6	file	/hy-tmp/rl_opt_final_vs_aggregate_accc27d6_180_20260724_230532/persistent_many/rl/bert-base/mrpc/s1t0.001_s2t0.001_s2st2.0/run.pid	hy-tmp/rl_opt_final_vs_aggregate_accc27d6_180_20260724_230532/persistent_many/rl/bert-base/mrpc/s1t0.001_s2t0.001_s2st2.0/run.pid	external_artifact
d05ab9b5775cfcd4ecfcc64adba9cee1f2cf5ecc26adac8b3eb6e62b519f7ab7	1474	file	/hy-tmp/rl_opt_final_vs_aggregate_accc27d6_180_20260724_230532/persistent_many/rl/bert-base/mrpc/s1t0.001_s2t0.001_s2st2.0/stage1/pruning_search_log.txt	hy-tmp/rl_opt_final_vs_aggregate_accc27d6_180_20260724_230532/persistent_many/rl/bert-base/mrpc/s1t0.001_s2t0.001_s2st2.0/stage1/pruning_search_log.txt	external_artifact
e4fb1088f05ba0124082744321679999635ef6853a37b27193228f66ebaeca07	1124	file	/hy-tmp/rl_opt_final_vs_aggregate_accc27d6_180_20260724_230532/persistent_many/rl/bert-base/mrpc/s1t0.001_s2t0.001_s2st2.0/stage2_noise/progress/blb_stage2_live_summary.md	hy-tmp/rl_opt_final_vs_aggregate_accc27d6_180_20260724_230532/persistent_many/rl/bert-base/mrpc/s1t0.001_s2t0.001_s2st2.0/stage2_noise/progress/blb_stage2_live_summary.md	external_artifact
114852eee81b947ad4bc7d49b29424f572e396d6fd0def66cb04fee31d8e3900	8322327	file	/hy-tmp/rl_opt_final_vs_aggregate_accc27d6_180_20260724_230532/persistent_many/rl/bert-base/mrpc/s1t0.001_s2t0.001_s2st2.0/stage2_noise/progress/blb_stage2_rl_checkpoint_live.pt	hy-tmp/rl_opt_final_vs_aggregate_accc27d6_180_20260724_230532/persistent_many/rl/bert-base/mrpc/s1t0.001_s2t0.001_s2st2.0/stage2_noise/progress/blb_stage2_rl_checkpoint_live.pt	external_artifact
41edd42e5dcc72e477fc73ed0f8a0b16011dbec07a1c2a2bc0b11d12c4b8b64f	100026	file	/hy-tmp/rl_opt_final_vs_aggregate_accc27d6_180_20260724_230532/persistent_many/rl/bert-base/mrpc/s1t0.001_s2t0.001_s2st2.0/stage2_noise/progress/blb_stage2_status.json	hy-tmp/rl_opt_final_vs_aggregate_accc27d6_180_20260724_230532/persistent_many/rl/bert-base/mrpc/s1t0.001_s2t0.001_s2st2.0/stage2_noise/progress/blb_stage2_status.json	external_artifact
3c368977282fa7168b8031f7099371cb41e5470193a7c701d7a44f218fde96e0	11328	file	/hy-tmp/rl_opt_final_vs_aggregate_accc27d6_180_20260724_230532/persistent_many/rl/bert-base/mrpc/s1t0.001_s2t0.001_s2st2.0/stage2_noise/progress/blb_stage2_training_curve.npz	hy-tmp/rl_opt_final_vs_aggregate_accc27d6_180_20260724_230532/persistent_many/rl/bert-base/mrpc/s1t0.001_s2t0.001_s2st2.0/stage2_noise/progress/blb_stage2_training_curve.npz	external_artifact
903559320f4581d38739b2cadda83aac46fb73f17266eab20715906539bcd1ad	3165725	file	/hy-tmp/rl_opt_final_vs_aggregate_accc27d6_180_20260724_230532/persistent_many/rl/bert-base/mrpc/s1t0.001_s2t0.001_s2st2.0/stage2_noise/progress/candidate_store.jsonl	hy-tmp/rl_opt_final_vs_aggregate_accc27d6_180_20260724_230532/persistent_many/rl/bert-base/mrpc/s1t0.001_s2t0.001_s2st2.0/stage2_noise/progress/candidate_store.jsonl	external_artifact
86071a4e45fd1465ed5f780efb0b2b7f0125a8dd6c9f5fa3fafdddc714f55e15	449290	file	/hy-tmp/rl_opt_final_vs_aggregate_accc27d6_180_20260724_230532/persistent_many/rl/bert-base/mrpc/s1t0.001_s2t0.001_s2st2.0/stage2_noise/progress/diagnostics/action_histogram.npz	hy-tmp/rl_opt_final_vs_aggregate_accc27d6_180_20260724_230532/persistent_many/rl/bert-base/mrpc/s1t0.001_s2t0.001_s2st2.0/stage2_noise/progress/diagnostics/action_histogram.npz	external_artifact
b0c8bc47d038538f7259b8f2c032a803186f2d698f09c7853a65d45cb6f4c5ad	587066	file	/hy-tmp/rl_opt_final_vs_aggregate_accc27d6_180_20260724_230532/persistent_many/rl/bert-base/mrpc/s1t0.001_s2t0.001_s2st2.0/stage2_noise/progress/diagnostics/baseline_action_vec.json	hy-tmp/rl_opt_final_vs_aggregate_accc27d6_180_20260724_230532/persistent_many/rl/bert-base/mrpc/s1t0.001_s2t0.001_s2st2.0/stage2_noise/progress/diagnostics/baseline_action_vec.json	external_artifact
ac16761afb8e050242c7c053bb8bef8106ee80a9852fa4c52c0f6edf04e9e307	655055	file	/hy-tmp/rl_opt_final_vs_aggregate_accc27d6_180_20260724_230532/persistent_many/rl/bert-base/mrpc/s1t0.001_s2t0.001_s2st2.0/stage2_noise/progress/diagnostics/best_action_vec.json	hy-tmp/rl_opt_final_vs_aggregate_accc27d6_180_20260724_230532/persistent_many/rl/bert-base/mrpc/s1t0.001_s2t0.001_s2st2.0/stage2_noise/progress/diagnostics/best_action_vec.json	external_artifact
38f6d5243383901151814d5d3fdb32367b55e006c60de4ab3205767a866da7c5	123	file	/hy-tmp/rl_opt_final_vs_aggregate_accc27d6_180_20260724_230532/persistent_many/rl/bert-base/mrpc/s1t0.001_s2t0.001_s2st2.0/stage2_noise/progress/diagnostics/blb_stage2_health.log	hy-tmp/rl_opt_final_vs_aggregate_accc27d6_180_20260724_230532/persistent_many/rl/bert-base/mrpc/s1t0.001_s2t0.001_s2st2.0/stage2_noise/progress/diagnostics/blb_stage2_health.log	external_artifact
ed40dd4d02bad74ed98ba855c3e09a3a3e2255dad1b69529181ee19b8820160d	34622	file	/hy-tmp/rl_opt_final_vs_aggregate_accc27d6_180_20260724_230532/persistent_many/rl/bert-base/mrpc/s1t0.001_s2t0.001_s2st2.0/stage2_noise/progress/diagnostics/diagnostics_summary.md	hy-tmp/rl_opt_final_vs_aggregate_accc27d6_180_20260724_230532/persistent_many/rl/bert-base/mrpc/s1t0.001_s2t0.001_s2st2.0/stage2_noise/progress/diagnostics/diagnostics_summary.md	external_artifact
49a4efa20cc95ac5df8f8886b2925f9854b19c6604eaf1f8d8016f932fb041d9	2190102	file	/hy-tmp/rl_opt_final_vs_aggregate_accc27d6_180_20260724_230532/persistent_many/rl/bert-base/mrpc/s1t0.001_s2t0.001_s2st2.0/stage2_noise/progress/diagnostics/episodes.jsonl	hy-tmp/rl_opt_final_vs_aggregate_accc27d6_180_20260724_230532/persistent_many/rl/bert-base/mrpc/s1t0.001_s2t0.001_s2st2.0/stage2_noise/progress/diagnostics/episodes.jsonl	external_artifact
44136fa355b3678a1146ad16f7e8649e94fb4fc21fe77e8310c060f61caaff8a	2	file	/hy-tmp/rl_opt_final_vs_aggregate_accc27d6_180_20260724_230532/persistent_many/rl/bert-base/mrpc/s1t0.001_s2t0.001_s2st2.0/stage2_noise/progress/diagnostics/first_invalid_counts.json	hy-tmp/rl_opt_final_vs_aggregate_accc27d6_180_20260724_230532/persistent_many/rl/bert-base/mrpc/s1t0.001_s2t0.001_s2st2.0/stage2_noise/progress/diagnostics/first_invalid_counts.json	external_artifact
f0fb1eb886e491af25e943929d25df74083f5896a85c6dae5194e0283ff8bf96	3780	file	/hy-tmp/rl_opt_final_vs_aggregate_accc27d6_180_20260724_230532/persistent_many/rl/bert-base/mrpc/s1t0.001_s2t0.001_s2st2.0/stage2_noise/progress/diagnostics/pareto_frontier.html	hy-tmp/rl_opt_final_vs_aggregate_accc27d6_180_20260724_230532/persistent_many/rl/bert-base/mrpc/s1t0.001_s2t0.001_s2st2.0/stage2_noise/progress/diagnostics/pareto_frontier.html	external_artifact
75c7cdf2ac68472c84c41ce870fad4fd9f4394cef04d3171e7e9e66ee84a0749	2985766	file	/hy-tmp/rl_opt_final_vs_aggregate_accc27d6_180_20260724_230532/persistent_many/rl/bert-base/mrpc/s1t0.001_s2t0.001_s2st2.0/stage2_noise/progress/diagnostics/pareto_frontier.json	hy-tmp/rl_opt_final_vs_aggregate_accc27d6_180_20260724_230532/persistent_many/rl/bert-base/mrpc/s1t0.001_s2t0.001_s2st2.0/stage2_noise/progress/diagnostics/pareto_frontier.json	external_artifact
b9d4f021d9c89b471231ce38fad7f0a285893827a596d10e6433035af510c7c6	1618405	file	/hy-tmp/rl_opt_final_vs_aggregate_accc27d6_180_20260724_230532/persistent_many/rl/bert-base/mrpc/s1t0.001_s2t0.001_s2st2.0/stage2_noise/progress/diagnostics/pareto_frontier.jsonl	hy-tmp/rl_opt_final_vs_aggregate_accc27d6_180_20260724_230532/persistent_many/rl/bert-base/mrpc/s1t0.001_s2t0.001_s2st2.0/stage2_noise/progress/diagnostics/pareto_frontier.jsonl	external_artifact
800730fb662e52c9ab728f36574ca51a0371fb94c22f63dba6b74facdd2af2e3	106210	file	/hy-tmp/rl_opt_final_vs_aggregate_accc27d6_180_20260724_230532/persistent_many/rl/bert-base/mrpc/s1t0.001_s2t0.001_s2st2.0/stage2_noise/progress/diagnostics/ppo_updates.jsonl	hy-tmp/rl_opt_final_vs_aggregate_accc27d6_180_20260724_230532/persistent_many/rl/bert-base/mrpc/s1t0.001_s2t0.001_s2st2.0/stage2_noise/progress/diagnostics/ppo_updates.jsonl	external_artifact
e1db53718ac4545620ab928ccffc5dda5bea3eaa8dba799e3d53387aa102f3fd	8061745	file	/hy-tmp/rl_opt_final_vs_aggregate_accc27d6_180_20260724_230532/persistent_many/rl/bert-base/mrpc/s1t0.001_s2t0.001_s2st2.0/stage2_noise/progress/diagnostics/top_candidates.jsonl	hy-tmp/rl_opt_final_vs_aggregate_accc27d6_180_20260724_230532/persistent_many/rl/bert-base/mrpc/s1t0.001_s2t0.001_s2st2.0/stage2_noise/progress/diagnostics/top_candidates.jsonl	external_artifact
2ac31fa2c18d34ca3b27411d9114bad854f2f11827273a7a60509db24cba014f	165410	file	/hy-tmp/rl_opt_final_vs_aggregate_accc27d6_180_20260724_230532/persistent_many/rl/bert-base/mrpc/s1t0.001_s2t0.001_s2st2.0/stage2_noise/progress/layerwise_run_manifest.json	hy-tmp/rl_opt_final_vs_aggregate_accc27d6_180_20260724_230532/persistent_many/rl/bert-base/mrpc/s1t0.001_s2t0.001_s2st2.0/stage2_noise/progress/layerwise_run_manifest.json	external_artifact
ceb179da1c8e0a374d753916fd590acececd309e6b361b92cda5e7dea2eaacc1	175548	file	/hy-tmp/rl_opt_final_vs_aggregate_accc27d6_180_20260724_230532/persistent_many/rl/bert-base/mrpc/s1t0.001_s2t0.001_s2st2.0/stage2_noise/progress/layerwise_summary.json	hy-tmp/rl_opt_final_vs_aggregate_accc27d6_180_20260724_230532/persistent_many/rl/bert-base/mrpc/s1t0.001_s2t0.001_s2st2.0/stage2_noise/progress/layerwise_summary.json	external_artifact
1e49bf22cb39048e86f0f11dfd4096636a7fccccf2a9461aa693f18c9fcd1378	149	file	/hy-tmp/rl_opt_final_vs_aggregate_accc27d6_180_20260724_230532/persistent_many/rl/bert-base/mrpc/s1t0.001_s2t0.001_s2st2.0/stage2_noise/progress/rl_data_points_run_id.txt	hy-tmp/rl_opt_final_vs_aggregate_accc27d6_180_20260724_230532/persistent_many/rl/bert-base/mrpc/s1t0.001_s2t0.001_s2st2.0/stage2_noise/progress/rl_data_points_run_id.txt	external_artifact
da56ab6077db432134b289378290207fb6a6354a5eb4d75be38178b5c098bb4c	5798	file	/hy-tmp/rl_opt_final_vs_aggregate_accc27d6_180_20260724_230532/persistent_many/rl/bert-base/mrpc/s1t0.001_s2t0.001_s2st2.0/stage2_noise/pruning_search_log.txt	hy-tmp/rl_opt_final_vs_aggregate_accc27d6_180_20260724_230532/persistent_many/rl/bert-base/mrpc/s1t0.001_s2t0.001_s2st2.0/stage2_noise/pruning_search_log.txt	external_artifact
1d3568d15cdf110c37d3d95141598d55c2b224bf783ab13474ad8540567c3cb2	292	file	/hy-tmp/rl_opt_final_vs_aggregate_accc27d6_180_20260724_230532/runs.jsonl	hy-tmp/rl_opt_final_vs_aggregate_accc27d6_180_20260724_230532/runs.jsonl	external_artifact
880d2fbb315ed19f1f06d2145b48edbbdc13dac9c433fa657973644fc7a383d6	66	symlink	/hy-tmp/rl_opt_final_vs_aggregate_accc27d6_180_20260724_230532/stage1/record	hy-tmp/rl_opt_final_vs_aggregate_accc27d6_180_20260724_230532/stage1/record	external_artifact
9faed1d664b0e68cdad15e006489eeb42ffb409961fb28907ff8fa3153595097	12263	file	/hy-tmp/rl_opt_final_vs_aggregate_accc27d6_180_20260724_230532/stage2_ngpu_gate_verdict.txt	hy-tmp/rl_opt_final_vs_aggregate_accc27d6_180_20260724_230532/stage2_ngpu_gate_verdict.txt	external_artifact
a4d62793eeb2f49399104ef3a912e4c306d0a79ccf4316a1dc98b123da573187	23492	file	/hy-tmp/rl_opt_final_vs_aggregate_accc27d6_180_20260724_230532/stage2_ngpu_speed_ab_stdout.log	hy-tmp/rl_opt_final_vs_aggregate_accc27d6_180_20260724_230532/stage2_ngpu_speed_ab_stdout.log	external_artifact
ef68153e1cda1814f86ea3e46da53b2600110d5ed841e0420d0f9f2f9516da78	41	file	/hy-tmp/rl_opt_final_vs_aggregate_same_path_accc27d6_180_20260724_231550/HEAD.txt	hy-tmp/rl_opt_final_vs_aggregate_same_path_accc27d6_180_20260724_231550/HEAD.txt	external_artifact
35111f2c0eeff010d21ad6d85e97ded2a29426f875fc9d00265b656a3122d901	3016	file	/hy-tmp/rl_opt_final_vs_aggregate_same_path_accc27d6_180_20260724_231550/effective_commands.txt	hy-tmp/rl_opt_final_vs_aggregate_same_path_accc27d6_180_20260724_231550/effective_commands.txt	external_artifact
e2c6ea5a668ff1301e77549236c1f0155667ec755fb7f67a7876ed6abb9deb80	987	file	/hy-tmp/rl_opt_final_vs_aggregate_same_path_accc27d6_180_20260724_231550/git_status_short.txt	hy-tmp/rl_opt_final_vs_aggregate_same_path_accc27d6_180_20260724_231550/git_status_short.txt	external_artifact
7219d06767e9cfa15af43d3240267824471dbf084db69580b36c48d2c87e56f5	322	file	/hy-tmp/rl_opt_final_vs_aggregate_same_path_accc27d6_180_20260724_231550/gpu_inventory_pre.csv	hy-tmp/rl_opt_final_vs_aggregate_same_path_accc27d6_180_20260724_231550/gpu_inventory_pre.csv	external_artifact
129e81a017524a4a26b84a892d0c1485ce547e6b546cd45d71833af6e35267cd	2190094	file	/hy-tmp/rl_opt_final_vs_aggregate_same_path_accc27d6_180_20260724_231550/many_episodes.jsonl	hy-tmp/rl_opt_final_vs_aggregate_same_path_accc27d6_180_20260724_231550/many_episodes.jsonl	external_artifact
405aee7dc8ce1f204d85ac865f6eb688d7b2325208b8c662d148ba02f34f3177	3051	file	/hy-tmp/rl_opt_final_vs_aggregate_same_path_accc27d6_180_20260724_231550/many_gpu_utilization.json	hy-tmp/rl_opt_final_vs_aggregate_same_path_accc27d6_180_20260724_231550/many_gpu_utilization.json	external_artifact
ba3df56e6917eebca45e1807a8a1637c095b097f37ad3f1aa35ff56f89733297	1690	file	/hy-tmp/rl_opt_final_vs_aggregate_same_path_accc27d6_180_20260724_231550/many_gpu_utilization.md	hy-tmp/rl_opt_final_vs_aggregate_same_path_accc27d6_180_20260724_231550/many_gpu_utilization.md	external_artifact
9610a99138123407bc8b4bf2d4d787f145bc47512be1683c582f5e617487aa89	6725	file	/hy-tmp/rl_opt_final_vs_aggregate_same_path_accc27d6_180_20260724_231550/many_launch.log	hy-tmp/rl_opt_final_vs_aggregate_same_path_accc27d6_180_20260724_231550/many_launch.log	external_artifact
bfcca988dd665eee0a5e4d815c23e705a60de79ea92d65a60ab587d4e7f4b14b	56661	file	/hy-tmp/rl_opt_final_vs_aggregate_same_path_accc27d6_180_20260724_231550/many_nvidia_smi.csv	hy-tmp/rl_opt_final_vs_aggregate_same_path_accc27d6_180_20260724_231550/many_nvidia_smi.csv	external_artifact
2cb86d5564dbf64ef4f609af6a19ac6444df841181d097b2eeea42b01ebfecb0	106211	file	/hy-tmp/rl_opt_final_vs_aggregate_same_path_accc27d6_180_20260724_231550/many_ppo_updates.jsonl	hy-tmp/rl_opt_final_vs_aggregate_same_path_accc27d6_180_20260724_231550/many_ppo_updates.jsonl	external_artifact
daac118eb32e8b601372264b7267bfcb587bd62ee3d1ea2bb2fa5844dbb1ac53	4	file	/hy-tmp/rl_opt_final_vs_aggregate_same_path_accc27d6_180_20260724_231550/many_wall_seconds.txt	hy-tmp/rl_opt_final_vs_aggregate_same_path_accc27d6_180_20260724_231550/many_wall_seconds.txt	external_artifact
55cf4a2f7d2c51894a68e25cd5e75c0e5adb6db4311d279713371019e1e98c81	2190105	file	/hy-tmp/rl_opt_final_vs_aggregate_same_path_accc27d6_180_20260724_231550/one_episodes.jsonl	hy-tmp/rl_opt_final_vs_aggregate_same_path_accc27d6_180_20260724_231550/one_episodes.jsonl	external_artifact
9adf37b290485e0a34ec89b189fb4c0188527525fa2a148d70a7348d4640c310	3046	file	/hy-tmp/rl_opt_final_vs_aggregate_same_path_accc27d6_180_20260724_231550/one_gpu_utilization.json	hy-tmp/rl_opt_final_vs_aggregate_same_path_accc27d6_180_20260724_231550/one_gpu_utilization.json	external_artifact
87039b71547636955e66adc8652b60eb2b33c1339631b418c665b21f2a0624a5	1685	file	/hy-tmp/rl_opt_final_vs_aggregate_same_path_accc27d6_180_20260724_231550/one_gpu_utilization.md	hy-tmp/rl_opt_final_vs_aggregate_same_path_accc27d6_180_20260724_231550/one_gpu_utilization.md	external_artifact
4e2f5e3c61ce25a0d01dec2b834a829df5e346f0da4328efbcac5d6d53b7bc10	6644	file	/hy-tmp/rl_opt_final_vs_aggregate_same_path_accc27d6_180_20260724_231550/one_launch.log	hy-tmp/rl_opt_final_vs_aggregate_same_path_accc27d6_180_20260724_231550/one_launch.log	external_artifact
6332eff1008502a5a1ce9e01c312b871f037ffddb8f48d4fdf4b0eb54d9dd657	54196	file	/hy-tmp/rl_opt_final_vs_aggregate_same_path_accc27d6_180_20260724_231550/one_nvidia_smi.csv	hy-tmp/rl_opt_final_vs_aggregate_same_path_accc27d6_180_20260724_231550/one_nvidia_smi.csv	external_artifact
4baea5eb8e537f0a6a9c11ebfbf3d3b95885588d7cfd0910257b0f5a648844d5	106210	file	/hy-tmp/rl_opt_final_vs_aggregate_same_path_accc27d6_180_20260724_231550/one_ppo_updates.jsonl	hy-tmp/rl_opt_final_vs_aggregate_same_path_accc27d6_180_20260724_231550/one_ppo_updates.jsonl	external_artifact
17d114c55411d17a47f12cf4bfa0c4073256ac45294b53466fb3ecf593ac7c53	4	file	/hy-tmp/rl_opt_final_vs_aggregate_same_path_accc27d6_180_20260724_231550/one_wall_seconds.txt	hy-tmp/rl_opt_final_vs_aggregate_same_path_accc27d6_180_20260724_231550/one_wall_seconds.txt	external_artifact
0bbc91be13582133f9e463707b17291d848080f644787ab3461de0cac20ae9d7	199	file	/hy-tmp/rl_opt_final_vs_aggregate_same_path_accc27d6_180_20260724_231550/persistent_many/rl/bert-base/mrpc/.s1t0.001_s2t0.001_s2st2.0.stage2_rl.lock	hy-tmp/rl_opt_final_vs_aggregate_same_path_accc27d6_180_20260724_231550/persistent_many/rl/bert-base/mrpc/.s1t0.001_s2t0.001_s2st2.0.stage2_rl.lock	external_artifact
41af3bc7f1e88cd98f546e40d8e6e58cff1eecb1850efe725a83761c2801005a	6	file	/hy-tmp/rl_opt_final_vs_aggregate_same_path_accc27d6_180_20260724_231550/persistent_many/rl/bert-base/mrpc/LATEST_PID	hy-tmp/rl_opt_final_vs_aggregate_same_path_accc27d6_180_20260724_231550/persistent_many/rl/bert-base/mrpc/LATEST_PID	external_artifact
dd9065522532c504a7e17d1fe5b75c40894bb8edfa4987024bf6827f0026cb8b	133	file	/hy-tmp/rl_opt_final_vs_aggregate_same_path_accc27d6_180_20260724_231550/persistent_many/rl/bert-base/mrpc/LATEST_RUN_DIR	hy-tmp/rl_opt_final_vs_aggregate_same_path_accc27d6_180_20260724_231550/persistent_many/rl/bert-base/mrpc/LATEST_RUN_DIR	external_artifact
93add458d365131621aa0b184e9697594e47df463059defbeec8a43228530977	213	file	/hy-tmp/rl_opt_final_vs_aggregate_same_path_accc27d6_180_20260724_231550/persistent_many/rl/bert-base/mrpc/s1t0.001_s2t0.001_s2st2.0/best_policy/constraint_metadata.json	hy-tmp/rl_opt_final_vs_aggregate_same_path_accc27d6_180_20260724_231550/persistent_many/rl/bert-base/mrpc/s1t0.001_s2t0.001_s2st2.0/best_policy/constraint_metadata.json	external_artifact
b894de6fa6ba3350558be0c1a77ccccec6a533a9e297cd0ba36dd588e7c762e6	45687	file	/hy-tmp/rl_opt_final_vs_aggregate_same_path_accc27d6_180_20260724_231550/persistent_many/rl/bert-base/mrpc/s1t0.001_s2t0.001_s2st2.0/logs/blb_stage2_rl.log	hy-tmp/rl_opt_final_vs_aggregate_same_path_accc27d6_180_20260724_231550/persistent_many/rl/bert-base/mrpc/s1t0.001_s2t0.001_s2st2.0/logs/blb_stage2_rl.log	external_artifact
2484e48e73301752fa160874388e1b985c2516122118074bbfa2d88f2f44c9c6	825	file	/hy-tmp/rl_opt_final_vs_aggregate_same_path_accc27d6_180_20260724_231550/persistent_many/rl/bert-base/mrpc/s1t0.001_s2t0.001_s2st2.0/metadata.json	hy-tmp/rl_opt_final_vs_aggregate_same_path_accc27d6_180_20260724_231550/persistent_many/rl/bert-base/mrpc/s1t0.001_s2t0.001_s2st2.0/metadata.json	external_artifact
41af3bc7f1e88cd98f546e40d8e6e58cff1eecb1850efe725a83761c2801005a	6	file	/hy-tmp/rl_opt_final_vs_aggregate_same_path_accc27d6_180_20260724_231550/persistent_many/rl/bert-base/mrpc/s1t0.001_s2t0.001_s2st2.0/rl.pid	hy-tmp/rl_opt_final_vs_aggregate_same_path_accc27d6_180_20260724_231550/persistent_many/rl/bert-base/mrpc/s1t0.001_s2t0.001_s2st2.0/rl.pid	external_artifact
41af3bc7f1e88cd98f546e40d8e6e58cff1eecb1850efe725a83761c2801005a	6	file	/hy-tmp/rl_opt_final_vs_aggregate_same_path_accc27d6_180_20260724_231550/persistent_many/rl/bert-base/mrpc/s1t0.001_s2t0.001_s2st2.0/run.pid	hy-tmp/rl_opt_final_vs_aggregate_same_path_accc27d6_180_20260724_231550/persistent_many/rl/bert-base/mrpc/s1t0.001_s2t0.001_s2st2.0/run.pid	external_artifact
cbc2a26f4fc675910363284ad51491bb76ea42139f86a3cbf7202a5871b588d8	1484	file	/hy-tmp/rl_opt_final_vs_aggregate_same_path_accc27d6_180_20260724_231550/persistent_many/rl/bert-base/mrpc/s1t0.001_s2t0.001_s2st2.0/stage1/pruning_search_log.txt	hy-tmp/rl_opt_final_vs_aggregate_same_path_accc27d6_180_20260724_231550/persistent_many/rl/bert-base/mrpc/s1t0.001_s2t0.001_s2st2.0/stage1/pruning_search_log.txt	external_artifact
920e31fe741d35b12b879f4e8d15d84d4c55a2c9718c853153c7b897d83b2504	1124	file	/hy-tmp/rl_opt_final_vs_aggregate_same_path_accc27d6_180_20260724_231550/persistent_many/rl/bert-base/mrpc/s1t0.001_s2t0.001_s2st2.0/stage2_noise/progress/blb_stage2_live_summary.md	hy-tmp/rl_opt_final_vs_aggregate_same_path_accc27d6_180_20260724_231550/persistent_many/rl/bert-base/mrpc/s1t0.001_s2t0.001_s2st2.0/stage2_noise/progress/blb_stage2_live_summary.md	external_artifact
e8cfcdf7397eda3e87b4cbba5e63b8254802f52ac380eb83a7fb956595972ae3	8322327	file	/hy-tmp/rl_opt_final_vs_aggregate_same_path_accc27d6_180_20260724_231550/persistent_many/rl/bert-base/mrpc/s1t0.001_s2t0.001_s2st2.0/stage2_noise/progress/blb_stage2_rl_checkpoint_live.pt	hy-tmp/rl_opt_final_vs_aggregate_same_path_accc27d6_180_20260724_231550/persistent_many/rl/bert-base/mrpc/s1t0.001_s2t0.001_s2st2.0/stage2_noise/progress/blb_stage2_rl_checkpoint_live.pt	external_artifact
daa98cfaa69fa61712ceb3e7a0165300748811cf7ce89d642127cb0d7ebcf25b	100026	file	/hy-tmp/rl_opt_final_vs_aggregate_same_path_accc27d6_180_20260724_231550/persistent_many/rl/bert-base/mrpc/s1t0.001_s2t0.001_s2st2.0/stage2_noise/progress/blb_stage2_status.json	hy-tmp/rl_opt_final_vs_aggregate_same_path_accc27d6_180_20260724_231550/persistent_many/rl/bert-base/mrpc/s1t0.001_s2t0.001_s2st2.0/stage2_noise/progress/blb_stage2_status.json	external_artifact
3c368977282fa7168b8031f7099371cb41e5470193a7c701d7a44f218fde96e0	11328	file	/hy-tmp/rl_opt_final_vs_aggregate_same_path_accc27d6_180_20260724_231550/persistent_many/rl/bert-base/mrpc/s1t0.001_s2t0.001_s2st2.0/stage2_noise/progress/blb_stage2_training_curve.npz	hy-tmp/rl_opt_final_vs_aggregate_same_path_accc27d6_180_20260724_231550/persistent_many/rl/bert-base/mrpc/s1t0.001_s2t0.001_s2st2.0/stage2_noise/progress/blb_stage2_training_curve.npz	external_artifact
53945a42721846d941e1e30b8c6204cb8d02071868ad553a2ef5410710bc3637	3165739	file	/hy-tmp/rl_opt_final_vs_aggregate_same_path_accc27d6_180_20260724_231550/persistent_many/rl/bert-base/mrpc/s1t0.001_s2t0.001_s2st2.0/stage2_noise/progress/candidate_store.jsonl	hy-tmp/rl_opt_final_vs_aggregate_same_path_accc27d6_180_20260724_231550/persistent_many/rl/bert-base/mrpc/s1t0.001_s2t0.001_s2st2.0/stage2_noise/progress/candidate_store.jsonl	external_artifact
86071a4e45fd1465ed5f780efb0b2b7f0125a8dd6c9f5fa3fafdddc714f55e15	449290	file	/hy-tmp/rl_opt_final_vs_aggregate_same_path_accc27d6_180_20260724_231550/persistent_many/rl/bert-base/mrpc/s1t0.001_s2t0.001_s2st2.0/stage2_noise/progress/diagnostics/action_histogram.npz	hy-tmp/rl_opt_final_vs_aggregate_same_path_accc27d6_180_20260724_231550/persistent_many/rl/bert-base/mrpc/s1t0.001_s2t0.001_s2st2.0/stage2_noise/progress/diagnostics/action_histogram.npz	external_artifact
b0c8bc47d038538f7259b8f2c032a803186f2d698f09c7853a65d45cb6f4c5ad	587066	file	/hy-tmp/rl_opt_final_vs_aggregate_same_path_accc27d6_180_20260724_231550/persistent_many/rl/bert-base/mrpc/s1t0.001_s2t0.001_s2st2.0/stage2_noise/progress/diagnostics/baseline_action_vec.json	hy-tmp/rl_opt_final_vs_aggregate_same_path_accc27d6_180_20260724_231550/persistent_many/rl/bert-base/mrpc/s1t0.001_s2t0.001_s2st2.0/stage2_noise/progress/diagnostics/baseline_action_vec.json	external_artifact
5ddefdd15bbc313a911f8b50c7b021c3ca9888ba62cff124a0258f8bf1899650	655055	file	/hy-tmp/rl_opt_final_vs_aggregate_same_path_accc27d6_180_20260724_231550/persistent_many/rl/bert-base/mrpc/s1t0.001_s2t0.001_s2st2.0/stage2_noise/progress/diagnostics/best_action_vec.json	hy-tmp/rl_opt_final_vs_aggregate_same_path_accc27d6_180_20260724_231550/persistent_many/rl/bert-base/mrpc/s1t0.001_s2t0.001_s2st2.0/stage2_noise/progress/diagnostics/best_action_vec.json	external_artifact
8c28e2d774121505ecbe969dfab495fcae3768342d9008d7dd34cecaae21a448	123	file	/hy-tmp/rl_opt_final_vs_aggregate_same_path_accc27d6_180_20260724_231550/persistent_many/rl/bert-base/mrpc/s1t0.001_s2t0.001_s2st2.0/stage2_noise/progress/diagnostics/blb_stage2_health.log	hy-tmp/rl_opt_final_vs_aggregate_same_path_accc27d6_180_20260724_231550/persistent_many/rl/bert-base/mrpc/s1t0.001_s2t0.001_s2st2.0/stage2_noise/progress/diagnostics/blb_stage2_health.log	external_artifact
d5abc37e7b94a2553f71b1dbaff870531001d924421fd360e4cb160d03f6cccb	34632	file	/hy-tmp/rl_opt_final_vs_aggregate_same_path_accc27d6_180_20260724_231550/persistent_many/rl/bert-base/mrpc/s1t0.001_s2t0.001_s2st2.0/stage2_noise/progress/diagnostics/diagnostics_summary.md	hy-tmp/rl_opt_final_vs_aggregate_same_path_accc27d6_180_20260724_231550/persistent_many/rl/bert-base/mrpc/s1t0.001_s2t0.001_s2st2.0/stage2_noise/progress/diagnostics/diagnostics_summary.md	external_artifact
129e81a017524a4a26b84a892d0c1485ce547e6b546cd45d71833af6e35267cd	2190094	file	/hy-tmp/rl_opt_final_vs_aggregate_same_path_accc27d6_180_20260724_231550/persistent_many/rl/bert-base/mrpc/s1t0.001_s2t0.001_s2st2.0/stage2_noise/progress/diagnostics/episodes.jsonl	hy-tmp/rl_opt_final_vs_aggregate_same_path_accc27d6_180_20260724_231550/persistent_many/rl/bert-base/mrpc/s1t0.001_s2t0.001_s2st2.0/stage2_noise/progress/diagnostics/episodes.jsonl	external_artifact
44136fa355b3678a1146ad16f7e8649e94fb4fc21fe77e8310c060f61caaff8a	2	file	/hy-tmp/rl_opt_final_vs_aggregate_same_path_accc27d6_180_20260724_231550/persistent_many/rl/bert-base/mrpc/s1t0.001_s2t0.001_s2st2.0/stage2_noise/progress/diagnostics/first_invalid_counts.json	hy-tmp/rl_opt_final_vs_aggregate_same_path_accc27d6_180_20260724_231550/persistent_many/rl/bert-base/mrpc/s1t0.001_s2t0.001_s2st2.0/stage2_noise/progress/diagnostics/first_invalid_counts.json	external_artifact
f0fb1eb886e491af25e943929d25df74083f5896a85c6dae5194e0283ff8bf96	3780	file	/hy-tmp/rl_opt_final_vs_aggregate_same_path_accc27d6_180_20260724_231550/persistent_many/rl/bert-base/mrpc/s1t0.001_s2t0.001_s2st2.0/stage2_noise/progress/diagnostics/pareto_frontier.html	hy-tmp/rl_opt_final_vs_aggregate_same_path_accc27d6_180_20260724_231550/persistent_many/rl/bert-base/mrpc/s1t0.001_s2t0.001_s2st2.0/stage2_noise/progress/diagnostics/pareto_frontier.html	external_artifact
fc0abb42662e71fe545f55885ff015dc9206116993fde88f1742b05a4c10b6e3	2985766	file	/hy-tmp/rl_opt_final_vs_aggregate_same_path_accc27d6_180_20260724_231550/persistent_many/rl/bert-base/mrpc/s1t0.001_s2t0.001_s2st2.0/stage2_noise/progress/diagnostics/pareto_frontier.json	hy-tmp/rl_opt_final_vs_aggregate_same_path_accc27d6_180_20260724_231550/persistent_many/rl/bert-base/mrpc/s1t0.001_s2t0.001_s2st2.0/stage2_noise/progress/diagnostics/pareto_frontier.json	external_artifact
b9d4f021d9c89b471231ce38fad7f0a285893827a596d10e6433035af510c7c6	1618405	file	/hy-tmp/rl_opt_final_vs_aggregate_same_path_accc27d6_180_20260724_231550/persistent_many/rl/bert-base/mrpc/s1t0.001_s2t0.001_s2st2.0/stage2_noise/progress/diagnostics/pareto_frontier.jsonl	hy-tmp/rl_opt_final_vs_aggregate_same_path_accc27d6_180_20260724_231550/persistent_many/rl/bert-base/mrpc/s1t0.001_s2t0.001_s2st2.0/stage2_noise/progress/diagnostics/pareto_frontier.jsonl	external_artifact
2cb86d5564dbf64ef4f609af6a19ac6444df841181d097b2eeea42b01ebfecb0	106211	file	/hy-tmp/rl_opt_final_vs_aggregate_same_path_accc27d6_180_20260724_231550/persistent_many/rl/bert-base/mrpc/s1t0.001_s2t0.001_s2st2.0/stage2_noise/progress/diagnostics/ppo_updates.jsonl	hy-tmp/rl_opt_final_vs_aggregate_same_path_accc27d6_180_20260724_231550/persistent_many/rl/bert-base/mrpc/s1t0.001_s2t0.001_s2st2.0/stage2_noise/progress/diagnostics/ppo_updates.jsonl	external_artifact
e1db53718ac4545620ab928ccffc5dda5bea3eaa8dba799e3d53387aa102f3fd	8061745	file	/hy-tmp/rl_opt_final_vs_aggregate_same_path_accc27d6_180_20260724_231550/persistent_many/rl/bert-base/mrpc/s1t0.001_s2t0.001_s2st2.0/stage2_noise/progress/diagnostics/top_candidates.jsonl	hy-tmp/rl_opt_final_vs_aggregate_same_path_accc27d6_180_20260724_231550/persistent_many/rl/bert-base/mrpc/s1t0.001_s2t0.001_s2st2.0/stage2_noise/progress/diagnostics/top_candidates.jsonl	external_artifact
af5e77e5a837847ed22d5257c9e3e39ffa5cf8deb59c98c97988c40a56eadaa6	165417	file	/hy-tmp/rl_opt_final_vs_aggregate_same_path_accc27d6_180_20260724_231550/persistent_many/rl/bert-base/mrpc/s1t0.001_s2t0.001_s2st2.0/stage2_noise/progress/layerwise_run_manifest.json	hy-tmp/rl_opt_final_vs_aggregate_same_path_accc27d6_180_20260724_231550/persistent_many/rl/bert-base/mrpc/s1t0.001_s2t0.001_s2st2.0/stage2_noise/progress/layerwise_run_manifest.json	external_artifact
dc3375730b80339b3af179e833fa7e4399f44b45589f93f65eace37122985d7a	175585	file	/hy-tmp/rl_opt_final_vs_aggregate_same_path_accc27d6_180_20260724_231550/persistent_many/rl/bert-base/mrpc/s1t0.001_s2t0.001_s2st2.0/stage2_noise/progress/layerwise_summary.json	hy-tmp/rl_opt_final_vs_aggregate_same_path_accc27d6_180_20260724_231550/persistent_many/rl/bert-base/mrpc/s1t0.001_s2t0.001_s2st2.0/stage2_noise/progress/layerwise_summary.json	external_artifact
5c5c688e88a1e3aeb9d9cafdb95ab8a226309b1211f572fefe923f7f43aaa2fe	159	file	/hy-tmp/rl_opt_final_vs_aggregate_same_path_accc27d6_180_20260724_231550/persistent_many/rl/bert-base/mrpc/s1t0.001_s2t0.001_s2st2.0/stage2_noise/progress/rl_data_points_run_id.txt	hy-tmp/rl_opt_final_vs_aggregate_same_path_accc27d6_180_20260724_231550/persistent_many/rl/bert-base/mrpc/s1t0.001_s2t0.001_s2st2.0/stage2_noise/progress/rl_data_points_run_id.txt	external_artifact
7208b462ba12b174940703a9f3cb3ba1c3ab6ab12d0823bc3471e64bc8a0abe3	5869	file	/hy-tmp/rl_opt_final_vs_aggregate_same_path_accc27d6_180_20260724_231550/persistent_many/rl/bert-base/mrpc/s1t0.001_s2t0.001_s2st2.0/stage2_noise/pruning_search_log.txt	hy-tmp/rl_opt_final_vs_aggregate_same_path_accc27d6_180_20260724_231550/persistent_many/rl/bert-base/mrpc/s1t0.001_s2t0.001_s2st2.0/stage2_noise/pruning_search_log.txt	external_artifact
a277cc41e98e2de04d57df466bf2db434504220989814d318be48cc3826deddb	292	file	/hy-tmp/rl_opt_final_vs_aggregate_same_path_accc27d6_180_20260724_231550/runs.jsonl	hy-tmp/rl_opt_final_vs_aggregate_same_path_accc27d6_180_20260724_231550/runs.jsonl	external_artifact
880d2fbb315ed19f1f06d2145b48edbbdc13dac9c433fa657973644fc7a383d6	66	symlink	/hy-tmp/rl_opt_final_vs_aggregate_same_path_accc27d6_180_20260724_231550/stage1/record	hy-tmp/rl_opt_final_vs_aggregate_same_path_accc27d6_180_20260724_231550/stage1/record	external_artifact
ec3758d850275f015edb90a7ce25003372cadffd87438f9c0c8abd30dddacf2a	2869	file	/hy-tmp/rl_opt_final_vs_aggregate_same_path_accc27d6_180_20260724_231550/stage2_ngpu_gate_verdict.txt	hy-tmp/rl_opt_final_vs_aggregate_same_path_accc27d6_180_20260724_231550/stage2_ngpu_gate_verdict.txt	external_artifact
46989d1fc647e3517a9dc92eb8891e3f7077f4c765821b3b586b5bdfdd1000a0	14395	file	/hy-tmp/rl_opt_final_vs_aggregate_same_path_accc27d6_180_20260724_231550/stage2_ngpu_speed_ab_stdout.log	hy-tmp/rl_opt_final_vs_aggregate_same_path_accc27d6_180_20260724_231550/stage2_ngpu_speed_ab_stdout.log	external_artifact
75208e188d91fef4b837b47c7dfeeb5a17f757798e42a39c21dac4b4dfd2fc16	2189970	file	/hy-tmp/rl_opt_noise_add_off_baseline_709cc8d4_180/off_episodes.jsonl	hy-tmp/rl_opt_noise_add_off_baseline_709cc8d4_180/off_episodes.jsonl	external_artifact
0ea294650dd72ea6ad3bd849321e23337cd02885ad273fb50839ee29387aae77	6590	file	/hy-tmp/rl_opt_noise_add_off_baseline_709cc8d4_180/off_launch.log	hy-tmp/rl_opt_noise_add_off_baseline_709cc8d4_180/off_launch.log	external_artifact
c1edaaba388c455ed743fa03081abd345160ab6017858db88ad7f885ab6625b8	106203	file	/hy-tmp/rl_opt_noise_add_off_baseline_709cc8d4_180/off_ppo_updates.jsonl	hy-tmp/rl_opt_noise_add_off_baseline_709cc8d4_180/off_ppo_updates.jsonl	external_artifact
17d114c55411d17a47f12cf4bfa0c4073256ac45294b53466fb3ecf593ac7c53	4	file	/hy-tmp/rl_opt_noise_add_off_baseline_709cc8d4_180/off_wall_seconds.txt	hy-tmp/rl_opt_noise_add_off_baseline_709cc8d4_180/off_wall_seconds.txt	external_artifact
e1a7438d2dad11242d71d3ebeb226dcbe62fa4eaa23413e79da84ceac9bda7ae	101406	file	/hy-tmp/rl_opt_noise_add_off_baseline_709cc8d4_180/one_nvidia_smi.csv	hy-tmp/rl_opt_noise_add_off_baseline_709cc8d4_180/one_nvidia_smi.csv	external_artifact
55cf4a2f7d2c51894a68e25cd5e75c0e5adb6db4311d279713371019e1e98c81	2190105	file	/hy-tmp/rl_opt_noise_add_on_baseline_6ed9eb10_180/on_episodes.jsonl	hy-tmp/rl_opt_noise_add_on_baseline_6ed9eb10_180/on_episodes.jsonl	external_artifact
4e2f5e3c61ce25a0d01dec2b834a829df5e346f0da4328efbcac5d6d53b7bc10	6644	file	/hy-tmp/rl_opt_noise_add_on_baseline_6ed9eb10_180/on_launch.log	hy-tmp/rl_opt_noise_add_on_baseline_6ed9eb10_180/on_launch.log	external_artifact
4baea5eb8e537f0a6a9c11ebfbf3d3b95885588d7cfd0910257b0f5a648844d5	106210	file	/hy-tmp/rl_opt_noise_add_on_baseline_6ed9eb10_180/on_ppo_updates.jsonl	hy-tmp/rl_opt_noise_add_on_baseline_6ed9eb10_180/on_ppo_updates.jsonl	external_artifact
17d114c55411d17a47f12cf4bfa0c4073256ac45294b53466fb3ecf593ac7c53	4	file	/hy-tmp/rl_opt_noise_add_on_baseline_6ed9eb10_180/on_wall_seconds.txt	hy-tmp/rl_opt_noise_add_on_baseline_6ed9eb10_180/on_wall_seconds.txt	external_artifact
6332eff1008502a5a1ce9e01c312b871f037ffddb8f48d4fdf4b0eb54d9dd657	54196	file	/hy-tmp/rl_opt_noise_add_on_baseline_6ed9eb10_180/one_nvidia_smi.csv	hy-tmp/rl_opt_noise_add_on_baseline_6ed9eb10_180/one_nvidia_smi.csv	external_artifact
30728a36999a75631b5d0b78e43e374ee4b84d04180eb802ce0e9dd469aac459	41	file	/hy-tmp/rl_opt_noise_add_on_vs_off_6ed9eb10_180_20260724_224833/HEAD.txt	hy-tmp/rl_opt_noise_add_on_vs_off_6ed9eb10_180_20260724_224833/HEAD.txt	external_artifact
92a11e025156d1a3f31d73a5a1bc12af3052425408218e81d206b3dd28e1b0eb	2998	file	/hy-tmp/rl_opt_noise_add_on_vs_off_6ed9eb10_180_20260724_224833/effective_commands.txt	hy-tmp/rl_opt_noise_add_on_vs_off_6ed9eb10_180_20260724_224833/effective_commands.txt	external_artifact
bdbcef36df03e25259e0220bbee57595ffe13f0115acc5b3f2eaa0686b958e83	575	file	/hy-tmp/rl_opt_noise_add_on_vs_off_6ed9eb10_180_20260724_224833/git_status_short.txt	hy-tmp/rl_opt_noise_add_on_vs_off_6ed9eb10_180_20260724_224833/git_status_short.txt	external_artifact
7219d06767e9cfa15af43d3240267824471dbf084db69580b36c48d2c87e56f5	322	file	/hy-tmp/rl_opt_noise_add_on_vs_off_6ed9eb10_180_20260724_224833/gpu_inventory_pre.csv	hy-tmp/rl_opt_noise_add_on_vs_off_6ed9eb10_180_20260724_224833/gpu_inventory_pre.csv	external_artifact
55cf4a2f7d2c51894a68e25cd5e75c0e5adb6db4311d279713371019e1e98c81	2190105	file	/hy-tmp/rl_opt_noise_add_on_vs_off_6ed9eb10_180_20260724_224833/many_episodes.jsonl	hy-tmp/rl_opt_noise_add_on_vs_off_6ed9eb10_180_20260724_224833/many_episodes.jsonl	external_artifact
9adf37b290485e0a34ec89b189fb4c0188527525fa2a148d70a7348d4640c310	3046	file	/hy-tmp/rl_opt_noise_add_on_vs_off_6ed9eb10_180_20260724_224833/many_gpu_utilization.json	hy-tmp/rl_opt_noise_add_on_vs_off_6ed9eb10_180_20260724_224833/many_gpu_utilization.json	external_artifact
87039b71547636955e66adc8652b60eb2b33c1339631b418c665b21f2a0624a5	1685	file	/hy-tmp/rl_opt_noise_add_on_vs_off_6ed9eb10_180_20260724_224833/many_gpu_utilization.md	hy-tmp/rl_opt_noise_add_on_vs_off_6ed9eb10_180_20260724_224833/many_gpu_utilization.md	external_artifact
4e2f5e3c61ce25a0d01dec2b834a829df5e346f0da4328efbcac5d6d53b7bc10	6644	file	/hy-tmp/rl_opt_noise_add_on_vs_off_6ed9eb10_180_20260724_224833/many_launch.log	hy-tmp/rl_opt_noise_add_on_vs_off_6ed9eb10_180_20260724_224833/many_launch.log	external_artifact
6332eff1008502a5a1ce9e01c312b871f037ffddb8f48d4fdf4b0eb54d9dd657	54196	file	/hy-tmp/rl_opt_noise_add_on_vs_off_6ed9eb10_180_20260724_224833/many_nvidia_smi.csv	hy-tmp/rl_opt_noise_add_on_vs_off_6ed9eb10_180_20260724_224833/many_nvidia_smi.csv	external_artifact
4baea5eb8e537f0a6a9c11ebfbf3d3b95885588d7cfd0910257b0f5a648844d5	106210	file	/hy-tmp/rl_opt_noise_add_on_vs_off_6ed9eb10_180_20260724_224833/many_ppo_updates.jsonl	hy-tmp/rl_opt_noise_add_on_vs_off_6ed9eb10_180_20260724_224833/many_ppo_updates.jsonl	external_artifact
17d114c55411d17a47f12cf4bfa0c4073256ac45294b53466fb3ecf593ac7c53	4	file	/hy-tmp/rl_opt_noise_add_on_vs_off_6ed9eb10_180_20260724_224833/many_wall_seconds.txt	hy-tmp/rl_opt_noise_add_on_vs_off_6ed9eb10_180_20260724_224833/many_wall_seconds.txt	external_artifact
75208e188d91fef4b837b47c7dfeeb5a17f757798e42a39c21dac4b4dfd2fc16	2189970	file	/hy-tmp/rl_opt_noise_add_on_vs_off_6ed9eb10_180_20260724_224833/one_episodes.jsonl	hy-tmp/rl_opt_noise_add_on_vs_off_6ed9eb10_180_20260724_224833/one_episodes.jsonl	external_artifact
3696dad14075bbef88499901bf07ab748e09da0deb4c5e4f19e39fc11f1fd1aa	3045	file	/hy-tmp/rl_opt_noise_add_on_vs_off_6ed9eb10_180_20260724_224833/one_gpu_utilization.json	hy-tmp/rl_opt_noise_add_on_vs_off_6ed9eb10_180_20260724_224833/one_gpu_utilization.json	external_artifact
c16bcfa43dc3e14bfe66a77b230668e570f4050c21aee474215a1b621ab82eee	1685	file	/hy-tmp/rl_opt_noise_add_on_vs_off_6ed9eb10_180_20260724_224833/one_gpu_utilization.md	hy-tmp/rl_opt_noise_add_on_vs_off_6ed9eb10_180_20260724_224833/one_gpu_utilization.md	external_artifact
0ea294650dd72ea6ad3bd849321e23337cd02885ad273fb50839ee29387aae77	6590	file	/hy-tmp/rl_opt_noise_add_on_vs_off_6ed9eb10_180_20260724_224833/one_launch.log	hy-tmp/rl_opt_noise_add_on_vs_off_6ed9eb10_180_20260724_224833/one_launch.log	external_artifact
e1a7438d2dad11242d71d3ebeb226dcbe62fa4eaa23413e79da84ceac9bda7ae	101406	file	/hy-tmp/rl_opt_noise_add_on_vs_off_6ed9eb10_180_20260724_224833/one_nvidia_smi.csv	hy-tmp/rl_opt_noise_add_on_vs_off_6ed9eb10_180_20260724_224833/one_nvidia_smi.csv	external_artifact
c1edaaba388c455ed743fa03081abd345160ab6017858db88ad7f885ab6625b8	106203	file	/hy-tmp/rl_opt_noise_add_on_vs_off_6ed9eb10_180_20260724_224833/one_ppo_updates.jsonl	hy-tmp/rl_opt_noise_add_on_vs_off_6ed9eb10_180_20260724_224833/one_ppo_updates.jsonl	external_artifact
17d114c55411d17a47f12cf4bfa0c4073256ac45294b53466fb3ecf593ac7c53	4	file	/hy-tmp/rl_opt_noise_add_on_vs_off_6ed9eb10_180_20260724_224833/one_wall_seconds.txt	hy-tmp/rl_opt_noise_add_on_vs_off_6ed9eb10_180_20260724_224833/one_wall_seconds.txt	external_artifact
07ea00ddec7cb41c743eaad268f3fcb31e6db1d56d192b7d6fb78d902e6c958f	199	file	/hy-tmp/rl_opt_noise_add_on_vs_off_6ed9eb10_180_20260724_224833/persistent_many/rl/bert-base/mrpc/.s1t0.001_s2t0.001_s2st2.0.stage2_rl.lock	hy-tmp/rl_opt_noise_add_on_vs_off_6ed9eb10_180_20260724_224833/persistent_many/rl/bert-base/mrpc/.s1t0.001_s2t0.001_s2st2.0.stage2_rl.lock	external_artifact
262bc38a79fcea4889cd2908b177f73b739a8d33096c42551a0a9bf2da13f574	6	file	/hy-tmp/rl_opt_noise_add_on_vs_off_6ed9eb10_180_20260724_224833/persistent_many/rl/bert-base/mrpc/LATEST_PID	hy-tmp/rl_opt_noise_add_on_vs_off_6ed9eb10_180_20260724_224833/persistent_many/rl/bert-base/mrpc/LATEST_PID	external_artifact
d4f8a96635523fb7cba473398197612b1753566baba7be6108eecc0176c63ef7	124	file	/hy-tmp/rl_opt_noise_add_on_vs_off_6ed9eb10_180_20260724_224833/persistent_many/rl/bert-base/mrpc/LATEST_RUN_DIR	hy-tmp/rl_opt_noise_add_on_vs_off_6ed9eb10_180_20260724_224833/persistent_many/rl/bert-base/mrpc/LATEST_RUN_DIR	external_artifact
93add458d365131621aa0b184e9697594e47df463059defbeec8a43228530977	213	file	/hy-tmp/rl_opt_noise_add_on_vs_off_6ed9eb10_180_20260724_224833/persistent_many/rl/bert-base/mrpc/s1t0.001_s2t0.001_s2st2.0/best_policy/constraint_metadata.json	hy-tmp/rl_opt_noise_add_on_vs_off_6ed9eb10_180_20260724_224833/persistent_many/rl/bert-base/mrpc/s1t0.001_s2t0.001_s2st2.0/best_policy/constraint_metadata.json	external_artifact
fc841f6d304f607baa0ae19e7b851ce72df839d531cb00e9ddfe4207b5a390f1	45713	file	/hy-tmp/rl_opt_noise_add_on_vs_off_6ed9eb10_180_20260724_224833/persistent_many/rl/bert-base/mrpc/s1t0.001_s2t0.001_s2st2.0/logs/blb_stage2_rl.log	hy-tmp/rl_opt_noise_add_on_vs_off_6ed9eb10_180_20260724_224833/persistent_many/rl/bert-base/mrpc/s1t0.001_s2t0.001_s2st2.0/logs/blb_stage2_rl.log	external_artifact
1950cec67389340cd5084abe13a7fa73080b615f448b998bdbdba92217fec1a3	825	file	/hy-tmp/rl_opt_noise_add_on_vs_off_6ed9eb10_180_20260724_224833/persistent_many/rl/bert-base/mrpc/s1t0.001_s2t0.001_s2st2.0/metadata.json	hy-tmp/rl_opt_noise_add_on_vs_off_6ed9eb10_180_20260724_224833/persistent_many/rl/bert-base/mrpc/s1t0.001_s2t0.001_s2st2.0/metadata.json	external_artifact
262bc38a79fcea4889cd2908b177f73b739a8d33096c42551a0a9bf2da13f574	6	file	/hy-tmp/rl_opt_noise_add_on_vs_off_6ed9eb10_180_20260724_224833/persistent_many/rl/bert-base/mrpc/s1t0.001_s2t0.001_s2st2.0/rl.pid	hy-tmp/rl_opt_noise_add_on_vs_off_6ed9eb10_180_20260724_224833/persistent_many/rl/bert-base/mrpc/s1t0.001_s2t0.001_s2st2.0/rl.pid	external_artifact
262bc38a79fcea4889cd2908b177f73b739a8d33096c42551a0a9bf2da13f574	6	file	/hy-tmp/rl_opt_noise_add_on_vs_off_6ed9eb10_180_20260724_224833/persistent_many/rl/bert-base/mrpc/s1t0.001_s2t0.001_s2st2.0/run.pid	hy-tmp/rl_opt_noise_add_on_vs_off_6ed9eb10_180_20260724_224833/persistent_many/rl/bert-base/mrpc/s1t0.001_s2t0.001_s2st2.0/run.pid	external_artifact
cc7a79a57cd9041cb0bb70a62062aebc87d65566ffaa7ce9baeecb9f0f52ec5a	1475	file	/hy-tmp/rl_opt_noise_add_on_vs_off_6ed9eb10_180_20260724_224833/persistent_many/rl/bert-base/mrpc/s1t0.001_s2t0.001_s2st2.0/stage1/pruning_search_log.txt	hy-tmp/rl_opt_noise_add_on_vs_off_6ed9eb10_180_20260724_224833/persistent_many/rl/bert-base/mrpc/s1t0.001_s2t0.001_s2st2.0/stage1/pruning_search_log.txt	external_artifact
a3aa07c0380cc3eb45125f943a59d4b5653ee01456757e4afb066b97e30fc4b0	1124	file	/hy-tmp/rl_opt_noise_add_on_vs_off_6ed9eb10_180_20260724_224833/persistent_many/rl/bert-base/mrpc/s1t0.001_s2t0.001_s2st2.0/stage2_noise/progress/blb_stage2_live_summary.md	hy-tmp/rl_opt_noise_add_on_vs_off_6ed9eb10_180_20260724_224833/persistent_many/rl/bert-base/mrpc/s1t0.001_s2t0.001_s2st2.0/stage2_noise/progress/blb_stage2_live_summary.md	external_artifact
57ee64f20cdaa1a86617fb7354e2c54bb0c9d40e0f02bf14d063fd01c37e6f57	8322327	file	/hy-tmp/rl_opt_noise_add_on_vs_off_6ed9eb10_180_20260724_224833/persistent_many/rl/bert-base/mrpc/s1t0.001_s2t0.001_s2st2.0/stage2_noise/progress/blb_stage2_rl_checkpoint_live.pt	hy-tmp/rl_opt_noise_add_on_vs_off_6ed9eb10_180_20260724_224833/persistent_many/rl/bert-base/mrpc/s1t0.001_s2t0.001_s2st2.0/stage2_noise/progress/blb_stage2_rl_checkpoint_live.pt	external_artifact
cca334136bb3342b2a9072c923a9c1ebaa27844fa86f01df332fcf0a1de02737	100026	file	/hy-tmp/rl_opt_noise_add_on_vs_off_6ed9eb10_180_20260724_224833/persistent_many/rl/bert-base/mrpc/s1t0.001_s2t0.001_s2st2.0/stage2_noise/progress/blb_stage2_status.json	hy-tmp/rl_opt_noise_add_on_vs_off_6ed9eb10_180_20260724_224833/persistent_many/rl/bert-base/mrpc/s1t0.001_s2t0.001_s2st2.0/stage2_noise/progress/blb_stage2_status.json	external_artifact
3c368977282fa7168b8031f7099371cb41e5470193a7c701d7a44f218fde96e0	11328	file	/hy-tmp/rl_opt_noise_add_on_vs_off_6ed9eb10_180_20260724_224833/persistent_many/rl/bert-base/mrpc/s1t0.001_s2t0.001_s2st2.0/stage2_noise/progress/blb_stage2_training_curve.npz	hy-tmp/rl_opt_noise_add_on_vs_off_6ed9eb10_180_20260724_224833/persistent_many/rl/bert-base/mrpc/s1t0.001_s2t0.001_s2st2.0/stage2_noise/progress/blb_stage2_training_curve.npz	external_artifact
5a16a932e6ec739c8c7b7da36b3c0a0f759cce9847cf9215c65a88ab72ec44b5	3165739	file	/hy-tmp/rl_opt_noise_add_on_vs_off_6ed9eb10_180_20260724_224833/persistent_many/rl/bert-base/mrpc/s1t0.001_s2t0.001_s2st2.0/stage2_noise/progress/candidate_store.jsonl	hy-tmp/rl_opt_noise_add_on_vs_off_6ed9eb10_180_20260724_224833/persistent_many/rl/bert-base/mrpc/s1t0.001_s2t0.001_s2st2.0/stage2_noise/progress/candidate_store.jsonl	external_artifact
86071a4e45fd1465ed5f780efb0b2b7f0125a8dd6c9f5fa3fafdddc714f55e15	449290	file	/hy-tmp/rl_opt_noise_add_on_vs_off_6ed9eb10_180_20260724_224833/persistent_many/rl/bert-base/mrpc/s1t0.001_s2t0.001_s2st2.0/stage2_noise/progress/diagnostics/action_histogram.npz	hy-tmp/rl_opt_noise_add_on_vs_off_6ed9eb10_180_20260724_224833/persistent_many/rl/bert-base/mrpc/s1t0.001_s2t0.001_s2st2.0/stage2_noise/progress/diagnostics/action_histogram.npz	external_artifact
b0c8bc47d038538f7259b8f2c032a803186f2d698f09c7853a65d45cb6f4c5ad	587066	file	/hy-tmp/rl_opt_noise_add_on_vs_off_6ed9eb10_180_20260724_224833/persistent_many/rl/bert-base/mrpc/s1t0.001_s2t0.001_s2st2.0/stage2_noise/progress/diagnostics/baseline_action_vec.json	hy-tmp/rl_opt_noise_add_on_vs_off_6ed9eb10_180_20260724_224833/persistent_many/rl/bert-base/mrpc/s1t0.001_s2t0.001_s2st2.0/stage2_noise/progress/diagnostics/baseline_action_vec.json	external_artifact
b0ccf44b5a0821523e1dc994a6bade64282e842b4e719c01875cbb288e06b622	655055	file	/hy-tmp/rl_opt_noise_add_on_vs_off_6ed9eb10_180_20260724_224833/persistent_many/rl/bert-base/mrpc/s1t0.001_s2t0.001_s2st2.0/stage2_noise/progress/diagnostics/best_action_vec.json	hy-tmp/rl_opt_noise_add_on_vs_off_6ed9eb10_180_20260724_224833/persistent_many/rl/bert-base/mrpc/s1t0.001_s2t0.001_s2st2.0/stage2_noise/progress/diagnostics/best_action_vec.json	external_artifact
2bbd08e3f3271a2fa7e7fa5bb16c6a6224fcb1741aebe4fe14a6b2bba3e2ba65	123	file	/hy-tmp/rl_opt_noise_add_on_vs_off_6ed9eb10_180_20260724_224833/persistent_many/rl/bert-base/mrpc/s1t0.001_s2t0.001_s2st2.0/stage2_noise/progress/diagnostics/blb_stage2_health.log	hy-tmp/rl_opt_noise_add_on_vs_off_6ed9eb10_180_20260724_224833/persistent_many/rl/bert-base/mrpc/s1t0.001_s2t0.001_s2st2.0/stage2_noise/progress/diagnostics/blb_stage2_health.log	external_artifact
9df68531d63b2f16b03d2770a8d51c0ecb0f6080c7423ce3784afc76cdd7afa5	34623	file	/hy-tmp/rl_opt_noise_add_on_vs_off_6ed9eb10_180_20260724_224833/persistent_many/rl/bert-base/mrpc/s1t0.001_s2t0.001_s2st2.0/stage2_noise/progress/diagnostics/diagnostics_summary.md	hy-tmp/rl_opt_noise_add_on_vs_off_6ed9eb10_180_20260724_224833/persistent_many/rl/bert-base/mrpc/s1t0.001_s2t0.001_s2st2.0/stage2_noise/progress/diagnostics/diagnostics_summary.md	external_artifact
55cf4a2f7d2c51894a68e25cd5e75c0e5adb6db4311d279713371019e1e98c81	2190105	file	/hy-tmp/rl_opt_noise_add_on_vs_off_6ed9eb10_180_20260724_224833/persistent_many/rl/bert-base/mrpc/s1t0.001_s2t0.001_s2st2.0/stage2_noise/progress/diagnostics/episodes.jsonl	hy-tmp/rl_opt_noise_add_on_vs_off_6ed9eb10_180_20260724_224833/persistent_many/rl/bert-base/mrpc/s1t0.001_s2t0.001_s2st2.0/stage2_noise/progress/diagnostics/episodes.jsonl	external_artifact
44136fa355b3678a1146ad16f7e8649e94fb4fc21fe77e8310c060f61caaff8a	2	file	/hy-tmp/rl_opt_noise_add_on_vs_off_6ed9eb10_180_20260724_224833/persistent_many/rl/bert-base/mrpc/s1t0.001_s2t0.001_s2st2.0/stage2_noise/progress/diagnostics/first_invalid_counts.json	hy-tmp/rl_opt_noise_add_on_vs_off_6ed9eb10_180_20260724_224833/persistent_many/rl/bert-base/mrpc/s1t0.001_s2t0.001_s2st2.0/stage2_noise/progress/diagnostics/first_invalid_counts.json	external_artifact
f0fb1eb886e491af25e943929d25df74083f5896a85c6dae5194e0283ff8bf96	3780	file	/hy-tmp/rl_opt_noise_add_on_vs_off_6ed9eb10_180_20260724_224833/persistent_many/rl/bert-base/mrpc/s1t0.001_s2t0.001_s2st2.0/stage2_noise/progress/diagnostics/pareto_frontier.html	hy-tmp/rl_opt_noise_add_on_vs_off_6ed9eb10_180_20260724_224833/persistent_many/rl/bert-base/mrpc/s1t0.001_s2t0.001_s2st2.0/stage2_noise/progress/diagnostics/pareto_frontier.html	external_artifact
ed0ee730e054a2df2bd2d63810564748db2f9adfcfe01519169e0a7c3898517f	2985766	file	/hy-tmp/rl_opt_noise_add_on_vs_off_6ed9eb10_180_20260724_224833/persistent_many/rl/bert-base/mrpc/s1t0.001_s2t0.001_s2st2.0/stage2_noise/progress/diagnostics/pareto_frontier.json	hy-tmp/rl_opt_noise_add_on_vs_off_6ed9eb10_180_20260724_224833/persistent_many/rl/bert-base/mrpc/s1t0.001_s2t0.001_s2st2.0/stage2_noise/progress/diagnostics/pareto_frontier.json	external_artifact
b9d4f021d9c89b471231ce38fad7f0a285893827a596d10e6433035af510c7c6	1618405	file	/hy-tmp/rl_opt_noise_add_on_vs_off_6ed9eb10_180_20260724_224833/persistent_many/rl/bert-base/mrpc/s1t0.001_s2t0.001_s2st2.0/stage2_noise/progress/diagnostics/pareto_frontier.jsonl	hy-tmp/rl_opt_noise_add_on_vs_off_6ed9eb10_180_20260724_224833/persistent_many/rl/bert-base/mrpc/s1t0.001_s2t0.001_s2st2.0/stage2_noise/progress/diagnostics/pareto_frontier.jsonl	external_artifact
4baea5eb8e537f0a6a9c11ebfbf3d3b95885588d7cfd0910257b0f5a648844d5	106210	file	/hy-tmp/rl_opt_noise_add_on_vs_off_6ed9eb10_180_20260724_224833/persistent_many/rl/bert-base/mrpc/s1t0.001_s2t0.001_s2st2.0/stage2_noise/progress/diagnostics/ppo_updates.jsonl	hy-tmp/rl_opt_noise_add_on_vs_off_6ed9eb10_180_20260724_224833/persistent_many/rl/bert-base/mrpc/s1t0.001_s2t0.001_s2st2.0/stage2_noise/progress/diagnostics/ppo_updates.jsonl	external_artifact
e1db53718ac4545620ab928ccffc5dda5bea3eaa8dba799e3d53387aa102f3fd	8061745	file	/hy-tmp/rl_opt_noise_add_on_vs_off_6ed9eb10_180_20260724_224833/persistent_many/rl/bert-base/mrpc/s1t0.001_s2t0.001_s2st2.0/stage2_noise/progress/diagnostics/top_candidates.jsonl	hy-tmp/rl_opt_noise_add_on_vs_off_6ed9eb10_180_20260724_224833/persistent_many/rl/bert-base/mrpc/s1t0.001_s2t0.001_s2st2.0/stage2_noise/progress/diagnostics/top_candidates.jsonl	external_artifact
e1d067710aa9be1d838f4abb3100d276b6cfddf3b678a0391740939c468505d5	165417	file	/hy-tmp/rl_opt_noise_add_on_vs_off_6ed9eb10_180_20260724_224833/persistent_many/rl/bert-base/mrpc/s1t0.001_s2t0.001_s2st2.0/stage2_noise/progress/layerwise_run_manifest.json	hy-tmp/rl_opt_noise_add_on_vs_off_6ed9eb10_180_20260724_224833/persistent_many/rl/bert-base/mrpc/s1t0.001_s2t0.001_s2st2.0/stage2_noise/progress/layerwise_run_manifest.json	external_artifact
90edc1a67e897843fd15b4d1998588d556fc8a5241992db905011d8f8e0345b1	175558	file	/hy-tmp/rl_opt_noise_add_on_vs_off_6ed9eb10_180_20260724_224833/persistent_many/rl/bert-base/mrpc/s1t0.001_s2t0.001_s2st2.0/stage2_noise/progress/layerwise_summary.json	hy-tmp/rl_opt_noise_add_on_vs_off_6ed9eb10_180_20260724_224833/persistent_many/rl/bert-base/mrpc/s1t0.001_s2t0.001_s2st2.0/stage2_noise/progress/layerwise_summary.json	external_artifact
4ff886dc48f28f2ad757ac9ea5807afdd1ba445ce59926f5dfd5961202d4aafe	150	file	/hy-tmp/rl_opt_noise_add_on_vs_off_6ed9eb10_180_20260724_224833/persistent_many/rl/bert-base/mrpc/s1t0.001_s2t0.001_s2st2.0/stage2_noise/progress/rl_data_points_run_id.txt	hy-tmp/rl_opt_noise_add_on_vs_off_6ed9eb10_180_20260724_224833/persistent_many/rl/bert-base/mrpc/s1t0.001_s2t0.001_s2st2.0/stage2_noise/progress/rl_data_points_run_id.txt	external_artifact
90ad72faf7d24ec8f645ffdc234ad2280b499e2bc29a01c19a4da090338304cd	5824	file	/hy-tmp/rl_opt_noise_add_on_vs_off_6ed9eb10_180_20260724_224833/persistent_many/rl/bert-base/mrpc/s1t0.001_s2t0.001_s2st2.0/stage2_noise/pruning_search_log.txt	hy-tmp/rl_opt_noise_add_on_vs_off_6ed9eb10_180_20260724_224833/persistent_many/rl/bert-base/mrpc/s1t0.001_s2t0.001_s2st2.0/stage2_noise/pruning_search_log.txt	external_artifact
51c2d62bce8264f72da60c032538b2efe8a311697dcb44660b9e5f85f56c8645	296	file	/hy-tmp/rl_opt_noise_add_on_vs_off_6ed9eb10_180_20260724_224833/runs.jsonl	hy-tmp/rl_opt_noise_add_on_vs_off_6ed9eb10_180_20260724_224833/runs.jsonl	external_artifact
880d2fbb315ed19f1f06d2145b48edbbdc13dac9c433fa657973644fc7a383d6	66	symlink	/hy-tmp/rl_opt_noise_add_on_vs_off_6ed9eb10_180_20260724_224833/stage1/record	hy-tmp/rl_opt_noise_add_on_vs_off_6ed9eb10_180_20260724_224833/stage1/record	external_artifact
a1535a364e71c75eaadda096a37c8d9453321ab1e0043557fa46baf0f6780538	8409	file	/hy-tmp/rl_opt_noise_add_on_vs_off_6ed9eb10_180_20260724_224833/stage2_ngpu_gate_verdict.txt	hy-tmp/rl_opt_noise_add_on_vs_off_6ed9eb10_180_20260724_224833/stage2_ngpu_gate_verdict.txt	external_artifact
141883db9c8046a438937da1a866b247b66f29a5303b543d3db4ed4ace84b832	19662	file	/hy-tmp/rl_opt_noise_add_on_vs_off_6ed9eb10_180_20260724_224833/stage2_ngpu_speed_ab_stdout.log	hy-tmp/rl_opt_noise_add_on_vs_off_6ed9eb10_180_20260724_224833/stage2_ngpu_speed_ab_stdout.log	external_artifact
30728a36999a75631b5d0b78e43e374ee4b84d04180eb802ce0e9dd469aac459	41	file	/hy-tmp/rl_opt_noise_add_same_commit_on_vs_off_6ed9eb10_180_20260724_225617/HEAD.txt	hy-tmp/rl_opt_noise_add_same_commit_on_vs_off_6ed9eb10_180_20260724_225617/HEAD.txt	external_artifact
d9e556c52cf8301f539ab262f558d00e04047e82439081806b2ce2b9235c4bf6	3022	file	/hy-tmp/rl_opt_noise_add_same_commit_on_vs_off_6ed9eb10_180_20260724_225617/effective_commands.txt	hy-tmp/rl_opt_noise_add_same_commit_on_vs_off_6ed9eb10_180_20260724_225617/effective_commands.txt	external_artifact
8de7416bf00cafebefb1111f38e346f280ddf913750d458df9739216a30d07b5	775	file	/hy-tmp/rl_opt_noise_add_same_commit_on_vs_off_6ed9eb10_180_20260724_225617/git_status_short.txt	hy-tmp/rl_opt_noise_add_same_commit_on_vs_off_6ed9eb10_180_20260724_225617/git_status_short.txt	external_artifact
7219d06767e9cfa15af43d3240267824471dbf084db69580b36c48d2c87e56f5	322	file	/hy-tmp/rl_opt_noise_add_same_commit_on_vs_off_6ed9eb10_180_20260724_225617/gpu_inventory_pre.csv	hy-tmp/rl_opt_noise_add_same_commit_on_vs_off_6ed9eb10_180_20260724_225617/gpu_inventory_pre.csv	external_artifact
a7075ced5e1ffcac1d6ff68180c429305a5067e2e00cfe3876ae9c990fc38f92	2190087	file	/hy-tmp/rl_opt_noise_add_same_commit_on_vs_off_6ed9eb10_180_20260724_225617/many_episodes.jsonl	hy-tmp/rl_opt_noise_add_same_commit_on_vs_off_6ed9eb10_180_20260724_225617/many_episodes.jsonl	external_artifact
ec076c2ca69feae2d79d26be9be3d592c950b42683b6f415346179adc96b0905	3052	file	/hy-tmp/rl_opt_noise_add_same_commit_on_vs_off_6ed9eb10_180_20260724_225617/many_gpu_utilization.json	hy-tmp/rl_opt_noise_add_same_commit_on_vs_off_6ed9eb10_180_20260724_225617/many_gpu_utilization.json	external_artifact
c2c1643dfdbcd8431c21d90d43607d5ff33c7729eecaa73d5d8a936f491a52a7	1691	file	/hy-tmp/rl_opt_noise_add_same_commit_on_vs_off_6ed9eb10_180_20260724_225617/many_gpu_utilization.md	hy-tmp/rl_opt_noise_add_same_commit_on_vs_off_6ed9eb10_180_20260724_225617/many_gpu_utilization.md	external_artifact
d2869a0473801b046bf59a5859437b02659cb0ddb0437adc09e85991c509ef1d	6752	file	/hy-tmp/rl_opt_noise_add_same_commit_on_vs_off_6ed9eb10_180_20260724_225617/many_launch.log	hy-tmp/rl_opt_noise_add_same_commit_on_vs_off_6ed9eb10_180_20260724_225617/many_launch.log	external_artifact
17a077c3f4778217e86ddb31354c7eecd152dafadcc667443b77fc9a903a2d0d	55845	file	/hy-tmp/rl_opt_noise_add_same_commit_on_vs_off_6ed9eb10_180_20260724_225617/many_nvidia_smi.csv	hy-tmp/rl_opt_noise_add_same_commit_on_vs_off_6ed9eb10_180_20260724_225617/many_nvidia_smi.csv	external_artifact
4c87dec0900395ad7043bdda03f1a6196e558bb4ed50d3a15c75be87348b4cb6	106210	file	/hy-tmp/rl_opt_noise_add_same_commit_on_vs_off_6ed9eb10_180_20260724_225617/many_ppo_updates.jsonl	hy-tmp/rl_opt_noise_add_same_commit_on_vs_off_6ed9eb10_180_20260724_225617/many_ppo_updates.jsonl	external_artifact
5d94ef1d04a57469912deb42e29ecee5168b983c775efa906cb9268596ba9f84	4	file	/hy-tmp/rl_opt_noise_add_same_commit_on_vs_off_6ed9eb10_180_20260724_225617/many_wall_seconds.txt	hy-tmp/rl_opt_noise_add_same_commit_on_vs_off_6ed9eb10_180_20260724_225617/many_wall_seconds.txt	external_artifact
55cf4a2f7d2c51894a68e25cd5e75c0e5adb6db4311d279713371019e1e98c81	2190105	file	/hy-tmp/rl_opt_noise_add_same_commit_on_vs_off_6ed9eb10_180_20260724_225617/one_episodes.jsonl	hy-tmp/rl_opt_noise_add_same_commit_on_vs_off_6ed9eb10_180_20260724_225617/one_episodes.jsonl	external_artifact
9adf37b290485e0a34ec89b189fb4c0188527525fa2a148d70a7348d4640c310	3046	file	/hy-tmp/rl_opt_noise_add_same_commit_on_vs_off_6ed9eb10_180_20260724_225617/one_gpu_utilization.json	hy-tmp/rl_opt_noise_add_same_commit_on_vs_off_6ed9eb10_180_20260724_225617/one_gpu_utilization.json	external_artifact
87039b71547636955e66adc8652b60eb2b33c1339631b418c665b21f2a0624a5	1685	file	/hy-tmp/rl_opt_noise_add_same_commit_on_vs_off_6ed9eb10_180_20260724_225617/one_gpu_utilization.md	hy-tmp/rl_opt_noise_add_same_commit_on_vs_off_6ed9eb10_180_20260724_225617/one_gpu_utilization.md	external_artifact
4e2f5e3c61ce25a0d01dec2b834a829df5e346f0da4328efbcac5d6d53b7bc10	6644	file	/hy-tmp/rl_opt_noise_add_same_commit_on_vs_off_6ed9eb10_180_20260724_225617/one_launch.log	hy-tmp/rl_opt_noise_add_same_commit_on_vs_off_6ed9eb10_180_20260724_225617/one_launch.log	external_artifact
6332eff1008502a5a1ce9e01c312b871f037ffddb8f48d4fdf4b0eb54d9dd657	54196	file	/hy-tmp/rl_opt_noise_add_same_commit_on_vs_off_6ed9eb10_180_20260724_225617/one_nvidia_smi.csv	hy-tmp/rl_opt_noise_add_same_commit_on_vs_off_6ed9eb10_180_20260724_225617/one_nvidia_smi.csv	external_artifact
4baea5eb8e537f0a6a9c11ebfbf3d3b95885588d7cfd0910257b0f5a648844d5	106210	file	/hy-tmp/rl_opt_noise_add_same_commit_on_vs_off_6ed9eb10_180_20260724_225617/one_ppo_updates.jsonl	hy-tmp/rl_opt_noise_add_same_commit_on_vs_off_6ed9eb10_180_20260724_225617/one_ppo_updates.jsonl	external_artifact
17d114c55411d17a47f12cf4bfa0c4073256ac45294b53466fb3ecf593ac7c53	4	file	/hy-tmp/rl_opt_noise_add_same_commit_on_vs_off_6ed9eb10_180_20260724_225617/one_wall_seconds.txt	hy-tmp/rl_opt_noise_add_same_commit_on_vs_off_6ed9eb10_180_20260724_225617/one_wall_seconds.txt	external_artifact
2fdd65c95a9e9ae90be8579b62fc22763d485baf952634ad784a5f220c50ef67	199	file	/hy-tmp/rl_opt_noise_add_same_commit_on_vs_off_6ed9eb10_180_20260724_225617/persistent_many/rl/bert-base/mrpc/.s1t0.001_s2t0.001_s2st2.0.stage2_rl.lock	hy-tmp/rl_opt_noise_add_same_commit_on_vs_off_6ed9eb10_180_20260724_225617/persistent_many/rl/bert-base/mrpc/.s1t0.001_s2t0.001_s2st2.0.stage2_rl.lock	external_artifact
5636592965aa41c4dee7bff13ee721d3c33239f97399ebe17bfa105c6101f9c5	6	file	/hy-tmp/rl_opt_noise_add_same_commit_on_vs_off_6ed9eb10_180_20260724_225617/persistent_many/rl/bert-base/mrpc/LATEST_PID	hy-tmp/rl_opt_noise_add_same_commit_on_vs_off_6ed9eb10_180_20260724_225617/persistent_many/rl/bert-base/mrpc/LATEST_PID	external_artifact
c44f7265286aa05e0722c67b815f8d919b0db7aa4df935182f7a407ec39b457c	136	file	/hy-tmp/rl_opt_noise_add_same_commit_on_vs_off_6ed9eb10_180_20260724_225617/persistent_many/rl/bert-base/mrpc/LATEST_RUN_DIR	hy-tmp/rl_opt_noise_add_same_commit_on_vs_off_6ed9eb10_180_20260724_225617/persistent_many/rl/bert-base/mrpc/LATEST_RUN_DIR	external_artifact
93add458d365131621aa0b184e9697594e47df463059defbeec8a43228530977	213	file	/hy-tmp/rl_opt_noise_add_same_commit_on_vs_off_6ed9eb10_180_20260724_225617/persistent_many/rl/bert-base/mrpc/s1t0.001_s2t0.001_s2st2.0/best_policy/constraint_metadata.json	hy-tmp/rl_opt_noise_add_same_commit_on_vs_off_6ed9eb10_180_20260724_225617/persistent_many/rl/bert-base/mrpc/s1t0.001_s2t0.001_s2st2.0/best_policy/constraint_metadata.json	external_artifact
e0d17be1df1bc33e4a3b3d099354512c008a77a25be69afebbc83a42ba66303c	45707	file	/hy-tmp/rl_opt_noise_add_same_commit_on_vs_off_6ed9eb10_180_20260724_225617/persistent_many/rl/bert-base/mrpc/s1t0.001_s2t0.001_s2st2.0/logs/blb_stage2_rl.log	hy-tmp/rl_opt_noise_add_same_commit_on_vs_off_6ed9eb10_180_20260724_225617/persistent_many/rl/bert-base/mrpc/s1t0.001_s2t0.001_s2st2.0/logs/blb_stage2_rl.log	external_artifact
51a98c25076a5cade48dbd8f29c75e781aa500df4a664a12bccaad479ea93ec4	825	file	/hy-tmp/rl_opt_noise_add_same_commit_on_vs_off_6ed9eb10_180_20260724_225617/persistent_many/rl/bert-base/mrpc/s1t0.001_s2t0.001_s2st2.0/metadata.json	hy-tmp/rl_opt_noise_add_same_commit_on_vs_off_6ed9eb10_180_20260724_225617/persistent_many/rl/bert-base/mrpc/s1t0.001_s2t0.001_s2st2.0/metadata.json	external_artifact
5636592965aa41c4dee7bff13ee721d3c33239f97399ebe17bfa105c6101f9c5	6	file	/hy-tmp/rl_opt_noise_add_same_commit_on_vs_off_6ed9eb10_180_20260724_225617/persistent_many/rl/bert-base/mrpc/s1t0.001_s2t0.001_s2st2.0/rl.pid	hy-tmp/rl_opt_noise_add_same_commit_on_vs_off_6ed9eb10_180_20260724_225617/persistent_many/rl/bert-base/mrpc/s1t0.001_s2t0.001_s2st2.0/rl.pid	external_artifact
5636592965aa41c4dee7bff13ee721d3c33239f97399ebe17bfa105c6101f9c5	6	file	/hy-tmp/rl_opt_noise_add_same_commit_on_vs_off_6ed9eb10_180_20260724_225617/persistent_many/rl/bert-base/mrpc/s1t0.001_s2t0.001_s2st2.0/run.pid	hy-tmp/rl_opt_noise_add_same_commit_on_vs_off_6ed9eb10_180_20260724_225617/persistent_many/rl/bert-base/mrpc/s1t0.001_s2t0.001_s2st2.0/run.pid	external_artifact
dbeed0135e22c05a9dac0b7c18feed5b06c4b26d0809f3d8b09856af8a764fb5	1487	file	/hy-tmp/rl_opt_noise_add_same_commit_on_vs_off_6ed9eb10_180_20260724_225617/persistent_many/rl/bert-base/mrpc/s1t0.001_s2t0.001_s2st2.0/stage1/pruning_search_log.txt	hy-tmp/rl_opt_noise_add_same_commit_on_vs_off_6ed9eb10_180_20260724_225617/persistent_many/rl/bert-base/mrpc/s1t0.001_s2t0.001_s2st2.0/stage1/pruning_search_log.txt	external_artifact
eae2183843352e6213598b47251fd6195df457b31ae187c2c92a8ca38ded9459	1124	file	/hy-tmp/rl_opt_noise_add_same_commit_on_vs_off_6ed9eb10_180_20260724_225617/persistent_many/rl/bert-base/mrpc/s1t0.001_s2t0.001_s2st2.0/stage2_noise/progress/blb_stage2_live_summary.md	hy-tmp/rl_opt_noise_add_same_commit_on_vs_off_6ed9eb10_180_20260724_225617/persistent_many/rl/bert-base/mrpc/s1t0.001_s2t0.001_s2st2.0/stage2_noise/progress/blb_stage2_live_summary.md	external_artifact
1ab52c98c0b599e3b90a2d3d5fda9fa1e6d2cb4f407becb5be15ab1240855472	8322327	file	/hy-tmp/rl_opt_noise_add_same_commit_on_vs_off_6ed9eb10_180_20260724_225617/persistent_many/rl/bert-base/mrpc/s1t0.001_s2t0.001_s2st2.0/stage2_noise/progress/blb_stage2_rl_checkpoint_live.pt	hy-tmp/rl_opt_noise_add_same_commit_on_vs_off_6ed9eb10_180_20260724_225617/persistent_many/rl/bert-base/mrpc/s1t0.001_s2t0.001_s2st2.0/stage2_noise/progress/blb_stage2_rl_checkpoint_live.pt	external_artifact
bb0f2acc3fbb99f8288c520eda1b24c89f0d41c3cd5a2010f0d5b721786778e3	100024	file	/hy-tmp/rl_opt_noise_add_same_commit_on_vs_off_6ed9eb10_180_20260724_225617/persistent_many/rl/bert-base/mrpc/s1t0.001_s2t0.001_s2st2.0/stage2_noise/progress/blb_stage2_status.json	hy-tmp/rl_opt_noise_add_same_commit_on_vs_off_6ed9eb10_180_20260724_225617/persistent_many/rl/bert-base/mrpc/s1t0.001_s2t0.001_s2st2.0/stage2_noise/progress/blb_stage2_status.json	external_artifact
3c368977282fa7168b8031f7099371cb41e5470193a7c701d7a44f218fde96e0	11328	file	/hy-tmp/rl_opt_noise_add_same_commit_on_vs_off_6ed9eb10_180_20260724_225617/persistent_many/rl/bert-base/mrpc/s1t0.001_s2t0.001_s2st2.0/stage2_noise/progress/blb_stage2_training_curve.npz	hy-tmp/rl_opt_noise_add_same_commit_on_vs_off_6ed9eb10_180_20260724_225617/persistent_many/rl/bert-base/mrpc/s1t0.001_s2t0.001_s2st2.0/stage2_noise/progress/blb_stage2_training_curve.npz	external_artifact
1fb44b33bf2d4fc3e0144c044543a7b00a9f8cf50d4c978ec64b7f8544b6e19f	3165739	file	/hy-tmp/rl_opt_noise_add_same_commit_on_vs_off_6ed9eb10_180_20260724_225617/persistent_many/rl/bert-base/mrpc/s1t0.001_s2t0.001_s2st2.0/stage2_noise/progress/candidate_store.jsonl	hy-tmp/rl_opt_noise_add_same_commit_on_vs_off_6ed9eb10_180_20260724_225617/persistent_many/rl/bert-base/mrpc/s1t0.001_s2t0.001_s2st2.0/stage2_noise/progress/candidate_store.jsonl	external_artifact
86071a4e45fd1465ed5f780efb0b2b7f0125a8dd6c9f5fa3fafdddc714f55e15	449290	file	/hy-tmp/rl_opt_noise_add_same_commit_on_vs_off_6ed9eb10_180_20260724_225617/persistent_many/rl/bert-base/mrpc/s1t0.001_s2t0.001_s2st2.0/stage2_noise/progress/diagnostics/action_histogram.npz	hy-tmp/rl_opt_noise_add_same_commit_on_vs_off_6ed9eb10_180_20260724_225617/persistent_many/rl/bert-base/mrpc/s1t0.001_s2t0.001_s2st2.0/stage2_noise/progress/diagnostics/action_histogram.npz	external_artifact
b0c8bc47d038538f7259b8f2c032a803186f2d698f09c7853a65d45cb6f4c5ad	587066	file	/hy-tmp/rl_opt_noise_add_same_commit_on_vs_off_6ed9eb10_180_20260724_225617/persistent_many/rl/bert-base/mrpc/s1t0.001_s2t0.001_s2st2.0/stage2_noise/progress/diagnostics/baseline_action_vec.json	hy-tmp/rl_opt_noise_add_same_commit_on_vs_off_6ed9eb10_180_20260724_225617/persistent_many/rl/bert-base/mrpc/s1t0.001_s2t0.001_s2st2.0/stage2_noise/progress/diagnostics/baseline_action_vec.json	external_artifact
14303e239b5a0df4ca12ad98997c6d62f41e3cedfbc15fa594247ad802ae89b3	655055	file	/hy-tmp/rl_opt_noise_add_same_commit_on_vs_off_6ed9eb10_180_20260724_225617/persistent_many/rl/bert-base/mrpc/s1t0.001_s2t0.001_s2st2.0/stage2_noise/progress/diagnostics/best_action_vec.json	hy-tmp/rl_opt_noise_add_same_commit_on_vs_off_6ed9eb10_180_20260724_225617/persistent_many/rl/bert-base/mrpc/s1t0.001_s2t0.001_s2st2.0/stage2_noise/progress/diagnostics/best_action_vec.json	external_artifact
6c444af8c90fe658bce20ae9fc297c98b369b008e7fcc5a8c27ac604753a37fb	123	file	/hy-tmp/rl_opt_noise_add_same_commit_on_vs_off_6ed9eb10_180_20260724_225617/persistent_many/rl/bert-base/mrpc/s1t0.001_s2t0.001_s2st2.0/stage2_noise/progress/diagnostics/blb_stage2_health.log	hy-tmp/rl_opt_noise_add_same_commit_on_vs_off_6ed9eb10_180_20260724_225617/persistent_many/rl/bert-base/mrpc/s1t0.001_s2t0.001_s2st2.0/stage2_noise/progress/diagnostics/blb_stage2_health.log	external_artifact
f452d2dec495fc2f8fc1ec6f9de78c7b9542dd702b04d0006e9293c7b7e86471	34635	file	/hy-tmp/rl_opt_noise_add_same_commit_on_vs_off_6ed9eb10_180_20260724_225617/persistent_many/rl/bert-base/mrpc/s1t0.001_s2t0.001_s2st2.0/stage2_noise/progress/diagnostics/diagnostics_summary.md	hy-tmp/rl_opt_noise_add_same_commit_on_vs_off_6ed9eb10_180_20260724_225617/persistent_many/rl/bert-base/mrpc/s1t0.001_s2t0.001_s2st2.0/stage2_noise/progress/diagnostics/diagnostics_summary.md	external_artifact
a7075ced5e1ffcac1d6ff68180c429305a5067e2e00cfe3876ae9c990fc38f92	2190087	file	/hy-tmp/rl_opt_noise_add_same_commit_on_vs_off_6ed9eb10_180_20260724_225617/persistent_many/rl/bert-base/mrpc/s1t0.001_s2t0.001_s2st2.0/stage2_noise/progress/diagnostics/episodes.jsonl	hy-tmp/rl_opt_noise_add_same_commit_on_vs_off_6ed9eb10_180_20260724_225617/persistent_many/rl/bert-base/mrpc/s1t0.001_s2t0.001_s2st2.0/stage2_noise/progress/diagnostics/episodes.jsonl	external_artifact
44136fa355b3678a1146ad16f7e8649e94fb4fc21fe77e8310c060f61caaff8a	2	file	/hy-tmp/rl_opt_noise_add_same_commit_on_vs_off_6ed9eb10_180_20260724_225617/persistent_many/rl/bert-base/mrpc/s1t0.001_s2t0.001_s2st2.0/stage2_noise/progress/diagnostics/first_invalid_counts.json	hy-tmp/rl_opt_noise_add_same_commit_on_vs_off_6ed9eb10_180_20260724_225617/persistent_many/rl/bert-base/mrpc/s1t0.001_s2t0.001_s2st2.0/stage2_noise/progress/diagnostics/first_invalid_counts.json	external_artifact
f0fb1eb886e491af25e943929d25df74083f5896a85c6dae5194e0283ff8bf96	3780	file	/hy-tmp/rl_opt_noise_add_same_commit_on_vs_off_6ed9eb10_180_20260724_225617/persistent_many/rl/bert-base/mrpc/s1t0.001_s2t0.001_s2st2.0/stage2_noise/progress/diagnostics/pareto_frontier.html	hy-tmp/rl_opt_noise_add_same_commit_on_vs_off_6ed9eb10_180_20260724_225617/persistent_many/rl/bert-base/mrpc/s1t0.001_s2t0.001_s2st2.0/stage2_noise/progress/diagnostics/pareto_frontier.html	external_artifact
ab6564b6854307ce0b18a6410b334c0623d6881357bbfa339a9046aa2d47a2f9	2985766	file	/hy-tmp/rl_opt_noise_add_same_commit_on_vs_off_6ed9eb10_180_20260724_225617/persistent_many/rl/bert-base/mrpc/s1t0.001_s2t0.001_s2st2.0/stage2_noise/progress/diagnostics/pareto_frontier.json	hy-tmp/rl_opt_noise_add_same_commit_on_vs_off_6ed9eb10_180_20260724_225617/persistent_many/rl/bert-base/mrpc/s1t0.001_s2t0.001_s2st2.0/stage2_noise/progress/diagnostics/pareto_frontier.json	external_artifact
b9d4f021d9c89b471231ce38fad7f0a285893827a596d10e6433035af510c7c6	1618405	file	/hy-tmp/rl_opt_noise_add_same_commit_on_vs_off_6ed9eb10_180_20260724_225617/persistent_many/rl/bert-base/mrpc/s1t0.001_s2t0.001_s2st2.0/stage2_noise/progress/diagnostics/pareto_frontier.jsonl	hy-tmp/rl_opt_noise_add_same_commit_on_vs_off_6ed9eb10_180_20260724_225617/persistent_many/rl/bert-base/mrpc/s1t0.001_s2t0.001_s2st2.0/stage2_noise/progress/diagnostics/pareto_frontier.jsonl	external_artifact
4c87dec0900395ad7043bdda03f1a6196e558bb4ed50d3a15c75be87348b4cb6	106210	file	/hy-tmp/rl_opt_noise_add_same_commit_on_vs_off_6ed9eb10_180_20260724_225617/persistent_many/rl/bert-base/mrpc/s1t0.001_s2t0.001_s2st2.0/stage2_noise/progress/diagnostics/ppo_updates.jsonl	hy-tmp/rl_opt_noise_add_same_commit_on_vs_off_6ed9eb10_180_20260724_225617/persistent_many/rl/bert-base/mrpc/s1t0.001_s2t0.001_s2st2.0/stage2_noise/progress/diagnostics/ppo_updates.jsonl	external_artifact
e1db53718ac4545620ab928ccffc5dda5bea3eaa8dba799e3d53387aa102f3fd	8061745	file	/hy-tmp/rl_opt_noise_add_same_commit_on_vs_off_6ed9eb10_180_20260724_225617/persistent_many/rl/bert-base/mrpc/s1t0.001_s2t0.001_s2st2.0/stage2_noise/progress/diagnostics/top_candidates.jsonl	hy-tmp/rl_opt_noise_add_same_commit_on_vs_off_6ed9eb10_180_20260724_225617/persistent_many/rl/bert-base/mrpc/s1t0.001_s2t0.001_s2st2.0/stage2_noise/progress/diagnostics/top_candidates.jsonl	external_artifact
3db95ef6bc5e70b7dfea117249602e61e5f33600adf166ae2808254f759e2c36	165417	file	/hy-tmp/rl_opt_noise_add_same_commit_on_vs_off_6ed9eb10_180_20260724_225617/persistent_many/rl/bert-base/mrpc/s1t0.001_s2t0.001_s2st2.0/stage2_noise/progress/layerwise_run_manifest.json	hy-tmp/rl_opt_noise_add_same_commit_on_vs_off_6ed9eb10_180_20260724_225617/persistent_many/rl/bert-base/mrpc/s1t0.001_s2t0.001_s2st2.0/stage2_noise/progress/layerwise_run_manifest.json	external_artifact
648330575db1aed529f24a6afa2d98aff5493ad26d970ff87b94fd26b71ed004	175594	file	/hy-tmp/rl_opt_noise_add_same_commit_on_vs_off_6ed9eb10_180_20260724_225617/persistent_many/rl/bert-base/mrpc/s1t0.001_s2t0.001_s2st2.0/stage2_noise/progress/layerwise_summary.json	hy-tmp/rl_opt_noise_add_same_commit_on_vs_off_6ed9eb10_180_20260724_225617/persistent_many/rl/bert-base/mrpc/s1t0.001_s2t0.001_s2st2.0/stage2_noise/progress/layerwise_summary.json	external_artifact
82595476fd78236860614baf903314bcadb5bfe50c2aaab315eb702621e77899	162	file	/hy-tmp/rl_opt_noise_add_same_commit_on_vs_off_6ed9eb10_180_20260724_225617/persistent_many/rl/bert-base/mrpc/s1t0.001_s2t0.001_s2st2.0/stage2_noise/progress/rl_data_points_run_id.txt	hy-tmp/rl_opt_noise_add_same_commit_on_vs_off_6ed9eb10_180_20260724_225617/persistent_many/rl/bert-base/mrpc/s1t0.001_s2t0.001_s2st2.0/stage2_noise/progress/rl_data_points_run_id.txt	external_artifact
a39c8994c58afd10530c79eae56797ea757a8bdd4811852a52bf1a425b756ac6	5884	file	/hy-tmp/rl_opt_noise_add_same_commit_on_vs_off_6ed9eb10_180_20260724_225617/persistent_many/rl/bert-base/mrpc/s1t0.001_s2t0.001_s2st2.0/stage2_noise/pruning_search_log.txt	hy-tmp/rl_opt_noise_add_same_commit_on_vs_off_6ed9eb10_180_20260724_225617/persistent_many/rl/bert-base/mrpc/s1t0.001_s2t0.001_s2st2.0/stage2_noise/pruning_search_log.txt	external_artifact
dc4ca2ba2c65e24803dd7807d14557c7fc838516fa3967cdcffa6ede1d15e956	292	file	/hy-tmp/rl_opt_noise_add_same_commit_on_vs_off_6ed9eb10_180_20260724_225617/runs.jsonl	hy-tmp/rl_opt_noise_add_same_commit_on_vs_off_6ed9eb10_180_20260724_225617/runs.jsonl	external_artifact
880d2fbb315ed19f1f06d2145b48edbbdc13dac9c433fa657973644fc7a383d6	66	symlink	/hy-tmp/rl_opt_noise_add_same_commit_on_vs_off_6ed9eb10_180_20260724_225617/stage1/record	hy-tmp/rl_opt_noise_add_same_commit_on_vs_off_6ed9eb10_180_20260724_225617/stage1/record	external_artifact
b3acbbaf354e34fd20bb308cdc52742b851023b367ce9cd7fc7f8a44a9d922d0	2839	file	/hy-tmp/rl_opt_noise_add_same_commit_on_vs_off_6ed9eb10_180_20260724_225617/stage2_ngpu_gate_verdict.txt	hy-tmp/rl_opt_noise_add_same_commit_on_vs_off_6ed9eb10_180_20260724_225617/stage2_ngpu_gate_verdict.txt	external_artifact
d06b57348a3ecfbe40073642d40c3d4a319e56727c917608b5ee62a0fe8e1415	14413	file	/hy-tmp/rl_opt_noise_add_same_commit_on_vs_off_6ed9eb10_180_20260724_225617/stage2_ngpu_speed_ab_stdout.log	hy-tmp/rl_opt_noise_add_same_commit_on_vs_off_6ed9eb10_180_20260724_225617/stage2_ngpu_speed_ab_stdout.log	external_artifact
88428b3bbda25c1a22885acb65ccec6bd97dfcd1eee7c74dd937046ff39ccc0c	103572	file	/hy-tmp/rl_opt_runtime_data_points_20260724/stage1/bert-base/mrpc/stage1_device_batch_baseline_accc27d6_170_valid_20260724_232805_stage1_bert_base_mrpc__20260724T152819057579Z__pid20720/episodes.jsonl	hy-tmp/rl_opt_runtime_data_points_20260724/stage1/bert-base/mrpc/stage1_device_batch_baseline_accc27d6_170_valid_20260724_232805_stage1_bert_base_mrpc__20260724T152819057579Z__pid20720/episodes.jsonl	external_artifact
b2ff7219898b2b103ba7ea8d94a3092ec0942f9620538ae9b7426de0dd43255f	2228	file	/hy-tmp/rl_opt_runtime_data_points_20260724/stage1/bert-base/mrpc/stage1_device_batch_baseline_accc27d6_170_valid_20260724_232805_stage1_bert_base_mrpc__20260724T152819057579Z__pid20720/manifest.json	hy-tmp/rl_opt_runtime_data_points_20260724/stage1/bert-base/mrpc/stage1_device_batch_baseline_accc27d6_170_valid_20260724_232805_stage1_bert_base_mrpc__20260724T152819057579Z__pid20720/manifest.json	external_artifact
b3ac5d4f98c00de23a271123364b2819320d68c2f201f12673ebb0961c3b187f	1045	file	/hy-tmp/rl_opt_runtime_data_points_20260724/stage1/bert-base/mrpc/stage1_device_batch_baseline_accc27d6_170_valid_20260724_232805_stage1_bert_base_mrpc__20260724T152819057579Z__pid20720/ppo_updates.jsonl	hy-tmp/rl_opt_runtime_data_points_20260724/stage1/bert-base/mrpc/stage1_device_batch_baseline_accc27d6_170_valid_20260724_232805_stage1_bert_base_mrpc__20260724T152819057579Z__pid20720/ppo_updates.jsonl	external_artifact
d3f09939b626d253013d56ab4d7698170ca70dc23e7723f71d6594528e5972d5	1603365	file	/hy-tmp/rl_opt_runtime_data_points_20260724/stage1/bert-base/mrpc/stage1_device_batch_baseline_accc27d6_170_valid_20260724_232805_stage1_bert_base_mrpc__20260724T152819057579Z__pid20720/steps.jsonl	hy-tmp/rl_opt_runtime_data_points_20260724/stage1/bert-base/mrpc/stage1_device_batch_baseline_accc27d6_170_valid_20260724_232805_stage1_bert_base_mrpc__20260724T152819057579Z__pid20720/steps.jsonl	external_artifact
ef2314aa5fd32068ec5879e61607e92936f4133db85a70e142e0bfe37afd53ac	595	file	/hy-tmp/rl_opt_runtime_data_points_20260724/stage1/bert-base/mrpc/stage1_device_batch_baseline_accc27d6_170_valid_20260724_232805_stage1_bert_base_mrpc__20260724T152819057579Z__pid20720/summary.json	hy-tmp/rl_opt_runtime_data_points_20260724/stage1/bert-base/mrpc/stage1_device_batch_baseline_accc27d6_170_valid_20260724_232805_stage1_bert_base_mrpc__20260724T152819057579Z__pid20720/summary.json	external_artifact
88428b3bbda25c1a22885acb65ccec6bd97dfcd1eee7c74dd937046ff39ccc0c	103572	file	/hy-tmp/rl_opt_runtime_data_points_20260724/stage1/bert-base/mrpc/stage1_device_batch_optimized_6ed9eb10_170_valid_20260724_232954_stage1_bert_base_mrpc__20260724T153008312791Z__pid21322/episodes.jsonl	hy-tmp/rl_opt_runtime_data_points_20260724/stage1/bert-base/mrpc/stage1_device_batch_optimized_6ed9eb10_170_valid_20260724_232954_stage1_bert_base_mrpc__20260724T153008312791Z__pid21322/episodes.jsonl	external_artifact
669ed7eb0b05aeaebfe8fdfe763e013d9d16db84ea8ef5ef7ca162073c09186b	2233	file	/hy-tmp/rl_opt_runtime_data_points_20260724/stage1/bert-base/mrpc/stage1_device_batch_optimized_6ed9eb10_170_valid_20260724_232954_stage1_bert_base_mrpc__20260724T153008312791Z__pid21322/manifest.json	hy-tmp/rl_opt_runtime_data_points_20260724/stage1/bert-base/mrpc/stage1_device_batch_optimized_6ed9eb10_170_valid_20260724_232954_stage1_bert_base_mrpc__20260724T153008312791Z__pid21322/manifest.json	external_artifact
5c03c9b189970ef0e5d01a42ff661230386ec0199ae416fc354d838a19f77445	1042	file	/hy-tmp/rl_opt_runtime_data_points_20260724/stage1/bert-base/mrpc/stage1_device_batch_optimized_6ed9eb10_170_valid_20260724_232954_stage1_bert_base_mrpc__20260724T153008312791Z__pid21322/ppo_updates.jsonl	hy-tmp/rl_opt_runtime_data_points_20260724/stage1/bert-base/mrpc/stage1_device_batch_optimized_6ed9eb10_170_valid_20260724_232954_stage1_bert_base_mrpc__20260724T153008312791Z__pid21322/ppo_updates.jsonl	external_artifact
d3f09939b626d253013d56ab4d7698170ca70dc23e7723f71d6594528e5972d5	1603365	file	/hy-tmp/rl_opt_runtime_data_points_20260724/stage1/bert-base/mrpc/stage1_device_batch_optimized_6ed9eb10_170_valid_20260724_232954_stage1_bert_base_mrpc__20260724T153008312791Z__pid21322/steps.jsonl	hy-tmp/rl_opt_runtime_data_points_20260724/stage1/bert-base/mrpc/stage1_device_batch_optimized_6ed9eb10_170_valid_20260724_232954_stage1_bert_base_mrpc__20260724T153008312791Z__pid21322/steps.jsonl	external_artifact
ef2314aa5fd32068ec5879e61607e92936f4133db85a70e142e0bfe37afd53ac	595	file	/hy-tmp/rl_opt_runtime_data_points_20260724/stage1/bert-base/mrpc/stage1_device_batch_optimized_6ed9eb10_170_valid_20260724_232954_stage1_bert_base_mrpc__20260724T153008312791Z__pid21322/summary.json	hy-tmp/rl_opt_runtime_data_points_20260724/stage1/bert-base/mrpc/stage1_device_batch_optimized_6ed9eb10_170_valid_20260724_232954_stage1_bert_base_mrpc__20260724T153008312791Z__pid21322/summary.json	external_artifact
1a71f65e30b0407c6261b26890056a4f8ec8b5a148f6dda933d2cdf77d9481f7	2201608	file	/hy-tmp/rl_opt_runtime_data_points_20260724/stage2/bert-base/mrpc/rl_opt_current_1v5_709cc8d4_180_20260724_164047_persistent_many_rl_bert-base_mrpc_s1t0.001_s2t0.001_s2st2.0__20260724T090812785196Z__pid7970/episodes.jsonl	hy-tmp/rl_opt_runtime_data_points_20260724/stage2/bert-base/mrpc/rl_opt_current_1v5_709cc8d4_180_20260724_164047_persistent_many_rl_bert-base_mrpc_s1t0.001_s2t0.001_s2st2.0__20260724T090812785196Z__pid7970/episodes.jsonl	external_artifact
366efd6f3d34168e0ca6b357a14a42013c72e474de01587c075754d7e86ad676	125462	file	/hy-tmp/rl_opt_runtime_data_points_20260724/stage2/bert-base/mrpc/rl_opt_current_1v5_709cc8d4_180_20260724_164047_persistent_many_rl_bert-base_mrpc_s1t0.001_s2t0.001_s2st2.0__20260724T090812785196Z__pid7970/manifest.json	hy-tmp/rl_opt_runtime_data_points_20260724/stage2/bert-base/mrpc/rl_opt_current_1v5_709cc8d4_180_20260724_164047_persistent_many_rl_bert-base_mrpc_s1t0.001_s2t0.001_s2st2.0__20260724T090812785196Z__pid7970/manifest.json	external_artifact
2975d29c004f78c388918f848b34c022655ac0d3f2174c65a37cba8c6a92878e	106210	file	/hy-tmp/rl_opt_runtime_data_points_20260724/stage2/bert-base/mrpc/rl_opt_current_1v5_709cc8d4_180_20260724_164047_persistent_many_rl_bert-base_mrpc_s1t0.001_s2t0.001_s2st2.0__20260724T090812785196Z__pid7970/ppo_updates.jsonl	hy-tmp/rl_opt_runtime_data_points_20260724/stage2/bert-base/mrpc/rl_opt_current_1v5_709cc8d4_180_20260724_164047_persistent_many_rl_bert-base_mrpc_s1t0.001_s2t0.001_s2st2.0__20260724T090812785196Z__pid7970/ppo_updates.jsonl	external_artifact
5c2bb6f98dbfc094961c1155a1fc64a29c9f6a1576980bdd9ac9791ea36bb446	175533	file	/hy-tmp/rl_opt_runtime_data_points_20260724/stage2/bert-base/mrpc/rl_opt_current_1v5_709cc8d4_180_20260724_164047_persistent_many_rl_bert-base_mrpc_s1t0.001_s2t0.001_s2st2.0__20260724T090812785196Z__pid7970/summary.json	hy-tmp/rl_opt_runtime_data_points_20260724/stage2/bert-base/mrpc/rl_opt_current_1v5_709cc8d4_180_20260724_164047_persistent_many_rl_bert-base_mrpc_s1t0.001_s2t0.001_s2st2.0__20260724T090812785196Z__pid7970/summary.json	external_artifact
77d89e035573a419a9f4ab578dcc9f725b84b4ba20062fd78c90f6e488a41831	2191572	file	/hy-tmp/rl_opt_runtime_data_points_20260724/stage2/bert-base/mrpc/rl_opt_current_1v5_709cc8d4_180_20260724_164047_persistent_one_rl_bert-base_mrpc_s1t0.001_s2t0.001_s2st2.0__20260724T084335219263Z__pid2216/episodes.jsonl	hy-tmp/rl_opt_runtime_data_points_20260724/stage2/bert-base/mrpc/rl_opt_current_1v5_709cc8d4_180_20260724_164047_persistent_one_rl_bert-base_mrpc_s1t0.001_s2t0.001_s2st2.0__20260724T084335219263Z__pid2216/episodes.jsonl	external_artifact
29be2ee2a6b17c1cf6a2e0eef25277295c5b0bd044f6ef22be09f0e43a37811b	125453	file	/hy-tmp/rl_opt_runtime_data_points_20260724/stage2/bert-base/mrpc/rl_opt_current_1v5_709cc8d4_180_20260724_164047_persistent_one_rl_bert-base_mrpc_s1t0.001_s2t0.001_s2st2.0__20260724T084335219263Z__pid2216/manifest.json	hy-tmp/rl_opt_runtime_data_points_20260724/stage2/bert-base/mrpc/rl_opt_current_1v5_709cc8d4_180_20260724_164047_persistent_one_rl_bert-base_mrpc_s1t0.001_s2t0.001_s2st2.0__20260724T084335219263Z__pid2216/manifest.json	external_artifact
e9cdb6eb9b17a766cbea23de3c70eec6c4ce59290feca12f061548edf6378116	106209	file	/hy-tmp/rl_opt_runtime_data_points_20260724/stage2/bert-base/mrpc/rl_opt_current_1v5_709cc8d4_180_20260724_164047_persistent_one_rl_bert-base_mrpc_s1t0.001_s2t0.001_s2st2.0__20260724T084335219263Z__pid2216/ppo_updates.jsonl	hy-tmp/rl_opt_runtime_data_points_20260724/stage2/bert-base/mrpc/rl_opt_current_1v5_709cc8d4_180_20260724_164047_persistent_one_rl_bert-base_mrpc_s1t0.001_s2t0.001_s2st2.0__20260724T084335219263Z__pid2216/ppo_updates.jsonl	external_artifact
5db8bb623216b0a81835f2df0cdb13c9753ffec51856658126952bc7b20838cd	175530	file	/hy-tmp/rl_opt_runtime_data_points_20260724/stage2/bert-base/mrpc/rl_opt_current_1v5_709cc8d4_180_20260724_164047_persistent_one_rl_bert-base_mrpc_s1t0.001_s2t0.001_s2st2.0__20260724T084335219263Z__pid2216/summary.json	hy-tmp/rl_opt_runtime_data_points_20260724/stage2/bert-base/mrpc/rl_opt_current_1v5_709cc8d4_180_20260724_164047_persistent_one_rl_bert-base_mrpc_s1t0.001_s2t0.001_s2st2.0__20260724T084335219263Z__pid2216/summary.json	external_artifact
e584f45da2e6bba0a10f3ebdfbf2cad7c247e83a36252e1a308b524c7e8d6c82	2201611	file	/hy-tmp/rl_opt_runtime_data_points_20260724/stage2/bert-base/mrpc/rl_opt_final_vs_aggregate_same_path_accc27d6_180_20260724_231550_persistent_many_rl_bert-base_mrpc_s1t0.001_s2t0.001_s2st2.0__20260724T151655088195Z__pid18940/episodes.jsonl	hy-tmp/rl_opt_runtime_data_points_20260724/stage2/bert-base/mrpc/rl_opt_final_vs_aggregate_same_path_accc27d6_180_20260724_231550_persistent_many_rl_bert-base_mrpc_s1t0.001_s2t0.001_s2st2.0__20260724T151655088195Z__pid18940/episodes.jsonl	external_artifact
418486507714104c9251ee4c829ab4bcd0dac2a7047b57757166cdbe54314f77	125617	file	/hy-tmp/rl_opt_runtime_data_points_20260724/stage2/bert-base/mrpc/rl_opt_final_vs_aggregate_same_path_accc27d6_180_20260724_231550_persistent_many_rl_bert-base_mrpc_s1t0.001_s2t0.001_s2st2.0__20260724T151655088195Z__pid18940/manifest.json	hy-tmp/rl_opt_runtime_data_points_20260724/stage2/bert-base/mrpc/rl_opt_final_vs_aggregate_same_path_accc27d6_180_20260724_231550_persistent_many_rl_bert-base_mrpc_s1t0.001_s2t0.001_s2st2.0__20260724T151655088195Z__pid18940/manifest.json	external_artifact
18795ab6ac846c6562d9ef299bf0e96f0a0aa2a438db67226e886cfd24a82654	106211	file	/hy-tmp/rl_opt_runtime_data_points_20260724/stage2/bert-base/mrpc/rl_opt_final_vs_aggregate_same_path_accc27d6_180_20260724_231550_persistent_many_rl_bert-base_mrpc_s1t0.001_s2t0.001_s2st2.0__20260724T151655088195Z__pid18940/ppo_updates.jsonl	hy-tmp/rl_opt_runtime_data_points_20260724/stage2/bert-base/mrpc/rl_opt_final_vs_aggregate_same_path_accc27d6_180_20260724_231550_persistent_many_rl_bert-base_mrpc_s1t0.001_s2t0.001_s2st2.0__20260724T151655088195Z__pid18940/ppo_updates.jsonl	external_artifact
dc3375730b80339b3af179e833fa7e4399f44b45589f93f65eace37122985d7a	175585	file	/hy-tmp/rl_opt_runtime_data_points_20260724/stage2/bert-base/mrpc/rl_opt_final_vs_aggregate_same_path_accc27d6_180_20260724_231550_persistent_many_rl_bert-base_mrpc_s1t0.001_s2t0.001_s2st2.0__20260724T151655088195Z__pid18940/summary.json	hy-tmp/rl_opt_runtime_data_points_20260724/stage2/bert-base/mrpc/rl_opt_final_vs_aggregate_same_path_accc27d6_180_20260724_231550_persistent_many_rl_bert-base_mrpc_s1t0.001_s2t0.001_s2st2.0__20260724T151655088195Z__pid18940/summary.json	external_artifact
3c08ad71d7db0eee542966d92fc35064f422345daa486115dd4c8c155245c778	2201622	file	/hy-tmp/rl_opt_runtime_data_points_20260724/stage2/bert-base/mrpc/rl_opt_noise_add_on_vs_off_6ed9eb10_180_20260724_224833_persistent_many_rl_bert-base_mrpc_s1t0.001_s2t0.001_s2st2.0__20260724T144934073487Z__pid14188/episodes.jsonl	hy-tmp/rl_opt_runtime_data_points_20260724/stage2/bert-base/mrpc/rl_opt_noise_add_on_vs_off_6ed9eb10_180_20260724_224833_persistent_many_rl_bert-base_mrpc_s1t0.001_s2t0.001_s2st2.0__20260724T144934073487Z__pid14188/episodes.jsonl	external_artifact
c566e0922eeb36ac31d1d7a3d08d46893f5101eec7a048fa1b79bfe1d263a8b4	125536	file	/hy-tmp/rl_opt_runtime_data_points_20260724/stage2/bert-base/mrpc/rl_opt_noise_add_on_vs_off_6ed9eb10_180_20260724_224833_persistent_many_rl_bert-base_mrpc_s1t0.001_s2t0.001_s2st2.0__20260724T144934073487Z__pid14188/manifest.json	hy-tmp/rl_opt_runtime_data_points_20260724/stage2/bert-base/mrpc/rl_opt_noise_add_on_vs_off_6ed9eb10_180_20260724_224833_persistent_many_rl_bert-base_mrpc_s1t0.001_s2t0.001_s2st2.0__20260724T144934073487Z__pid14188/manifest.json	external_artifact
a94700a40c84369daf62803cbf37742989edb02acb6b20feae31e856e593c1c7	106210	file	/hy-tmp/rl_opt_runtime_data_points_20260724/stage2/bert-base/mrpc/rl_opt_noise_add_on_vs_off_6ed9eb10_180_20260724_224833_persistent_many_rl_bert-base_mrpc_s1t0.001_s2t0.001_s2st2.0__20260724T144934073487Z__pid14188/ppo_updates.jsonl	hy-tmp/rl_opt_runtime_data_points_20260724/stage2/bert-base/mrpc/rl_opt_noise_add_on_vs_off_6ed9eb10_180_20260724_224833_persistent_many_rl_bert-base_mrpc_s1t0.001_s2t0.001_s2st2.0__20260724T144934073487Z__pid14188/ppo_updates.jsonl	external_artifact
90edc1a67e897843fd15b4d1998588d556fc8a5241992db905011d8f8e0345b1	175558	file	/hy-tmp/rl_opt_runtime_data_points_20260724/stage2/bert-base/mrpc/rl_opt_noise_add_on_vs_off_6ed9eb10_180_20260724_224833_persistent_many_rl_bert-base_mrpc_s1t0.001_s2t0.001_s2st2.0__20260724T144934073487Z__pid14188/summary.json	hy-tmp/rl_opt_runtime_data_points_20260724/stage2/bert-base/mrpc/rl_opt_noise_add_on_vs_off_6ed9eb10_180_20260724_224833_persistent_many_rl_bert-base_mrpc_s1t0.001_s2t0.001_s2st2.0__20260724T144934073487Z__pid14188/summary.json	external_artifact
88586fda69524fab94747b5f31730ce4c6d8243f3bac944b57c3dcd0ad3d2fb4	2201604	file	/hy-tmp/rl_opt_runtime_data_points_20260724/stage2/bert-base/mrpc/rl_opt_noise_add_same_commit_on_vs_off_6ed9eb10_180_20260724_225617_persistent_many_rl_bert-base_mrpc_s1t0.001_s2t0.001_s2st2.0__20260724T145718390859Z__pid15763/episodes.jsonl	hy-tmp/rl_opt_runtime_data_points_20260724/stage2/bert-base/mrpc/rl_opt_noise_add_same_commit_on_vs_off_6ed9eb10_180_20260724_225617_persistent_many_rl_bert-base_mrpc_s1t0.001_s2t0.001_s2st2.0__20260724T145718390859Z__pid15763/episodes.jsonl	external_artifact
90775a3ae0b7ccf05fe1f84d2c14b91ebcb516308fbaa4efa69911fc68dbac4d	125644	file	/hy-tmp/rl_opt_runtime_data_points_20260724/stage2/bert-base/mrpc/rl_opt_noise_add_same_commit_on_vs_off_6ed9eb10_180_20260724_225617_persistent_many_rl_bert-base_mrpc_s1t0.001_s2t0.001_s2st2.0__20260724T145718390859Z__pid15763/manifest.json	hy-tmp/rl_opt_runtime_data_points_20260724/stage2/bert-base/mrpc/rl_opt_noise_add_same_commit_on_vs_off_6ed9eb10_180_20260724_225617_persistent_many_rl_bert-base_mrpc_s1t0.001_s2t0.001_s2st2.0__20260724T145718390859Z__pid15763/manifest.json	external_artifact
72c68a94bbd786b96e8d9cb7a684094cc9836718f30ef1be756f2b1c31886fca	106210	file	/hy-tmp/rl_opt_runtime_data_points_20260724/stage2/bert-base/mrpc/rl_opt_noise_add_same_commit_on_vs_off_6ed9eb10_180_20260724_225617_persistent_many_rl_bert-base_mrpc_s1t0.001_s2t0.001_s2st2.0__20260724T145718390859Z__pid15763/ppo_updates.jsonl	hy-tmp/rl_opt_runtime_data_points_20260724/stage2/bert-base/mrpc/rl_opt_noise_add_same_commit_on_vs_off_6ed9eb10_180_20260724_225617_persistent_many_rl_bert-base_mrpc_s1t0.001_s2t0.001_s2st2.0__20260724T145718390859Z__pid15763/ppo_updates.jsonl	external_artifact
648330575db1aed529f24a6afa2d98aff5493ad26d970ff87b94fd26b71ed004	175594	file	/hy-tmp/rl_opt_runtime_data_points_20260724/stage2/bert-base/mrpc/rl_opt_noise_add_same_commit_on_vs_off_6ed9eb10_180_20260724_225617_persistent_many_rl_bert-base_mrpc_s1t0.001_s2t0.001_s2st2.0__20260724T145718390859Z__pid15763/summary.json	hy-tmp/rl_opt_runtime_data_points_20260724/stage2/bert-base/mrpc/rl_opt_noise_add_same_commit_on_vs_off_6ed9eb10_180_20260724_225617_persistent_many_rl_bert-base_mrpc_s1t0.001_s2t0.001_s2st2.0__20260724T145718390859Z__pid15763/summary.json	external_artifact
20bcf04c8684f7c213e30d7f4812c0cb4ce58a1a1d1323e6bbc100702a708871	2201487	file	/hy-tmp/rl_opt_runtime_data_points_20260724/stage2/bert-base/mrpc/rl_opt_workspace_off_709cc8d4_180_20260724_171632_persistent_many_rl_bert-base_mrpc_s1t0.001_s2t0.001_s2st2.0__20260724T091726493344Z__pid10005/episodes.jsonl	hy-tmp/rl_opt_runtime_data_points_20260724/stage2/bert-base/mrpc/rl_opt_workspace_off_709cc8d4_180_20260724_171632_persistent_many_rl_bert-base_mrpc_s1t0.001_s2t0.001_s2st2.0__20260724T091726493344Z__pid10005/episodes.jsonl	external_artifact
8d3eb7d60e7146c87596ea805fbb377cbfd38e091230fcbd7024e7e35617a297	125482	file	/hy-tmp/rl_opt_runtime_data_points_20260724/stage2/bert-base/mrpc/rl_opt_workspace_off_709cc8d4_180_20260724_171632_persistent_many_rl_bert-base_mrpc_s1t0.001_s2t0.001_s2st2.0__20260724T091726493344Z__pid10005/manifest.json	hy-tmp/rl_opt_runtime_data_points_20260724/stage2/bert-base/mrpc/rl_opt_workspace_off_709cc8d4_180_20260724_171632_persistent_many_rl_bert-base_mrpc_s1t0.001_s2t0.001_s2st2.0__20260724T091726493344Z__pid10005/manifest.json	external_artifact
004620ec52c59e3ba6b43e7bdb924d2de196324fbb94e5160c9d394bbc2a381d	106203	file	/hy-tmp/rl_opt_runtime_data_points_20260724/stage2/bert-base/mrpc/rl_opt_workspace_off_709cc8d4_180_20260724_171632_persistent_many_rl_bert-base_mrpc_s1t0.001_s2t0.001_s2st2.0__20260724T091726493344Z__pid10005/ppo_updates.jsonl	hy-tmp/rl_opt_runtime_data_points_20260724/stage2/bert-base/mrpc/rl_opt_workspace_off_709cc8d4_180_20260724_171632_persistent_many_rl_bert-base_mrpc_s1t0.001_s2t0.001_s2st2.0__20260724T091726493344Z__pid10005/ppo_updates.jsonl	external_artifact
b1c1553a65240ece2486948456984945d7895a6afff41f3000596af9c3c51369	175540	file	/hy-tmp/rl_opt_runtime_data_points_20260724/stage2/bert-base/mrpc/rl_opt_workspace_off_709cc8d4_180_20260724_171632_persistent_many_rl_bert-base_mrpc_s1t0.001_s2t0.001_s2st2.0__20260724T091726493344Z__pid10005/summary.json	hy-tmp/rl_opt_runtime_data_points_20260724/stage2/bert-base/mrpc/rl_opt_workspace_off_709cc8d4_180_20260724_171632_persistent_many_rl_bert-base_mrpc_s1t0.001_s2t0.001_s2st2.0__20260724T091726493344Z__pid10005/summary.json	external_artifact
297d0019bca2e4058c71c2a415157beead356d65e18012ebaa3d56797c82d303	2201619	file	/hy-tmp/rl_opt_runtime_data_points_20260724/temp_baseline_worktree/stage2/bert-base/mrpc/rl_opt_final_vs_aggregate_accc27d6_180_20260724_230532_persistent_many_rl_bert-base_mrpc_s1t0.001_s2t0.001_s2st2.0__20260724T150635157800Z__pid17318/episodes.jsonl	hy-tmp/rl_opt_runtime_data_points_20260724/temp_baseline_worktree/stage2/bert-base/mrpc/rl_opt_final_vs_aggregate_accc27d6_180_20260724_230532_persistent_many_rl_bert-base_mrpc_s1t0.001_s2t0.001_s2st2.0__20260724T150635157800Z__pid17318/episodes.jsonl	external_artifact
8f9241d0b1af41be102095d2a4410980494d7c6cb9a5bc9f16fd78810e165f58	125520	file	/hy-tmp/rl_opt_runtime_data_points_20260724/temp_baseline_worktree/stage2/bert-base/mrpc/rl_opt_final_vs_aggregate_accc27d6_180_20260724_230532_persistent_many_rl_bert-base_mrpc_s1t0.001_s2t0.001_s2st2.0__20260724T150635157800Z__pid17318/manifest.json	hy-tmp/rl_opt_runtime_data_points_20260724/temp_baseline_worktree/stage2/bert-base/mrpc/rl_opt_final_vs_aggregate_accc27d6_180_20260724_230532_persistent_many_rl_bert-base_mrpc_s1t0.001_s2t0.001_s2st2.0__20260724T150635157800Z__pid17318/manifest.json	external_artifact
7224e7602f56cedec550055c3776f3463f86f15c7b878472920e9bc9e559a225	106210	file	/hy-tmp/rl_opt_runtime_data_points_20260724/temp_baseline_worktree/stage2/bert-base/mrpc/rl_opt_final_vs_aggregate_accc27d6_180_20260724_230532_persistent_many_rl_bert-base_mrpc_s1t0.001_s2t0.001_s2st2.0__20260724T150635157800Z__pid17318/ppo_updates.jsonl	hy-tmp/rl_opt_runtime_data_points_20260724/temp_baseline_worktree/stage2/bert-base/mrpc/rl_opt_final_vs_aggregate_accc27d6_180_20260724_230532_persistent_many_rl_bert-base_mrpc_s1t0.001_s2t0.001_s2st2.0__20260724T150635157800Z__pid17318/ppo_updates.jsonl	external_artifact
ceb179da1c8e0a374d753916fd590acececd309e6b361b92cda5e7dea2eaacc1	175548	file	/hy-tmp/rl_opt_runtime_data_points_20260724/temp_baseline_worktree/stage2/bert-base/mrpc/rl_opt_final_vs_aggregate_accc27d6_180_20260724_230532_persistent_many_rl_bert-base_mrpc_s1t0.001_s2t0.001_s2st2.0__20260724T150635157800Z__pid17318/summary.json	hy-tmp/rl_opt_runtime_data_points_20260724/temp_baseline_worktree/stage2/bert-base/mrpc/rl_opt_final_vs_aggregate_accc27d6_180_20260724_230532_persistent_many_rl_bert-base_mrpc_s1t0.001_s2t0.001_s2st2.0__20260724T150635157800Z__pid17318/summary.json	external_artifact
9589454440b1f3501ccffbd56e4864f8f967482945b28b8360d5d78afc921e22	41	file	/hy-tmp/rl_opt_workspace_off_709cc8d4_180_20260724_171632/HEAD.txt	hy-tmp/rl_opt_workspace_off_709cc8d4_180_20260724_171632/HEAD.txt	external_artifact
09f8a7de35fbebad333cfe20b11fceb8018a94c1c3c5d9f9ffcc8fd0a52a4aef	2960	file	/hy-tmp/rl_opt_workspace_off_709cc8d4_180_20260724_171632/effective_commands.txt	hy-tmp/rl_opt_workspace_off_709cc8d4_180_20260724_171632/effective_commands.txt	external_artifact
463e71763f91b9999112e1ff471391f226df5dc69cf03c07d07b4744d5f29447	381	file	/hy-tmp/rl_opt_workspace_off_709cc8d4_180_20260724_171632/git_status_short.txt	hy-tmp/rl_opt_workspace_off_709cc8d4_180_20260724_171632/git_status_short.txt	external_artifact
7219d06767e9cfa15af43d3240267824471dbf084db69580b36c48d2c87e56f5	322	file	/hy-tmp/rl_opt_workspace_off_709cc8d4_180_20260724_171632/gpu_inventory_pre.csv	hy-tmp/rl_opt_workspace_off_709cc8d4_180_20260724_171632/gpu_inventory_pre.csv	external_artifact
75208e188d91fef4b837b47c7dfeeb5a17f757798e42a39c21dac4b4dfd2fc16	2189970	file	/hy-tmp/rl_opt_workspace_off_709cc8d4_180_20260724_171632/many_episodes.jsonl	hy-tmp/rl_opt_workspace_off_709cc8d4_180_20260724_171632/many_episodes.jsonl	external_artifact
3696dad14075bbef88499901bf07ab748e09da0deb4c5e4f19e39fc11f1fd1aa	3045	file	/hy-tmp/rl_opt_workspace_off_709cc8d4_180_20260724_171632/many_gpu_utilization.json	hy-tmp/rl_opt_workspace_off_709cc8d4_180_20260724_171632/many_gpu_utilization.json	external_artifact
c16bcfa43dc3e14bfe66a77b230668e570f4050c21aee474215a1b621ab82eee	1685	file	/hy-tmp/rl_opt_workspace_off_709cc8d4_180_20260724_171632/many_gpu_utilization.md	hy-tmp/rl_opt_workspace_off_709cc8d4_180_20260724_171632/many_gpu_utilization.md	external_artifact
0ea294650dd72ea6ad3bd849321e23337cd02885ad273fb50839ee29387aae77	6590	file	/hy-tmp/rl_opt_workspace_off_709cc8d4_180_20260724_171632/many_launch.log	hy-tmp/rl_opt_workspace_off_709cc8d4_180_20260724_171632/many_launch.log	external_artifact
e1a7438d2dad11242d71d3ebeb226dcbe62fa4eaa23413e79da84ceac9bda7ae	101406	file	/hy-tmp/rl_opt_workspace_off_709cc8d4_180_20260724_171632/many_nvidia_smi.csv	hy-tmp/rl_opt_workspace_off_709cc8d4_180_20260724_171632/many_nvidia_smi.csv	external_artifact
c1edaaba388c455ed743fa03081abd345160ab6017858db88ad7f885ab6625b8	106203	file	/hy-tmp/rl_opt_workspace_off_709cc8d4_180_20260724_171632/many_ppo_updates.jsonl	hy-tmp/rl_opt_workspace_off_709cc8d4_180_20260724_171632/many_ppo_updates.jsonl	external_artifact
17d114c55411d17a47f12cf4bfa0c4073256ac45294b53466fb3ecf593ac7c53	4	file	/hy-tmp/rl_opt_workspace_off_709cc8d4_180_20260724_171632/many_wall_seconds.txt	hy-tmp/rl_opt_workspace_off_709cc8d4_180_20260724_171632/many_wall_seconds.txt	external_artifact
64d7c155adef265214187d83e1f0d46e01527b4a5d2881d7d219065d0bdd79c4	2180055	file	/hy-tmp/rl_opt_workspace_off_709cc8d4_180_20260724_171632/one_episodes.jsonl	hy-tmp/rl_opt_workspace_off_709cc8d4_180_20260724_171632/one_episodes.jsonl	external_artifact
58ce823654a81db3c9e29f4eb40ed2901e9d12d4c18d5213ff5e622543603d35	2269	file	/hy-tmp/rl_opt_workspace_off_709cc8d4_180_20260724_171632/one_gpu_utilization.json	hy-tmp/rl_opt_workspace_off_709cc8d4_180_20260724_171632/one_gpu_utilization.json	external_artifact
38f3601b24d9dc21e1a4ff617b9293ac6302c51fc10d2d50a2233d2fb12a5632	1317	file	/hy-tmp/rl_opt_workspace_off_709cc8d4_180_20260724_171632/one_gpu_utilization.md	hy-tmp/rl_opt_workspace_off_709cc8d4_180_20260724_171632/one_gpu_utilization.md	external_artifact
d509f8a9fdc535de3960cf34bbec613a5c765e410b2e3b2f866ca9a1d0193f3e	6541	file	/hy-tmp/rl_opt_workspace_off_709cc8d4_180_20260724_171632/one_launch.log	hy-tmp/rl_opt_workspace_off_709cc8d4_180_20260724_171632/one_launch.log	external_artifact
77d3eff5d401a91f9fdc787cd1201f23db3d05f6f4fa98d51b5d2dd3d75b0659	417655	file	/hy-tmp/rl_opt_workspace_off_709cc8d4_180_20260724_171632/one_nvidia_smi.csv	hy-tmp/rl_opt_workspace_off_709cc8d4_180_20260724_171632/one_nvidia_smi.csv	external_artifact
bfb22c73df29d64c804891bc604a5866c34631103e160db2c640428debbaab56	106209	file	/hy-tmp/rl_opt_workspace_off_709cc8d4_180_20260724_171632/one_ppo_updates.jsonl	hy-tmp/rl_opt_workspace_off_709cc8d4_180_20260724_171632/one_ppo_updates.jsonl	external_artifact
a0105311c47cdc36086fb89f65704198e5b64961c2057c6d8cbf7c70d6816bac	5	file	/hy-tmp/rl_opt_workspace_off_709cc8d4_180_20260724_171632/one_wall_seconds.txt	hy-tmp/rl_opt_workspace_off_709cc8d4_180_20260724_171632/one_wall_seconds.txt	external_artifact
edfc17092f103c812e6e2e87dd9b517988879dd7798e246988b78481cd3eb3a4	199	file	/hy-tmp/rl_opt_workspace_off_709cc8d4_180_20260724_171632/persistent_many/rl/bert-base/mrpc/.s1t0.001_s2t0.001_s2st2.0.stage2_rl.lock	hy-tmp/rl_opt_workspace_off_709cc8d4_180_20260724_171632/persistent_many/rl/bert-base/mrpc/.s1t0.001_s2t0.001_s2st2.0.stage2_rl.lock	external_artifact
be924e20a99f316b79871d4530ba481bb3cc2a00cd478dfce390c2dc8e6f0dac	6	file	/hy-tmp/rl_opt_workspace_off_709cc8d4_180_20260724_171632/persistent_many/rl/bert-base/mrpc/LATEST_PID	hy-tmp/rl_opt_workspace_off_709cc8d4_180_20260724_171632/persistent_many/rl/bert-base/mrpc/LATEST_PID	external_artifact
42f52a67665927f07559abc408ddaa9f1e769d78d8e9c113791a3fb9dbb5e2d5	118	file	/hy-tmp/rl_opt_workspace_off_709cc8d4_180_20260724_171632/persistent_many/rl/bert-base/mrpc/LATEST_RUN_DIR	hy-tmp/rl_opt_workspace_off_709cc8d4_180_20260724_171632/persistent_many/rl/bert-base/mrpc/LATEST_RUN_DIR	external_artifact
93add458d365131621aa0b184e9697594e47df463059defbeec8a43228530977	213	file	/hy-tmp/rl_opt_workspace_off_709cc8d4_180_20260724_171632/persistent_many/rl/bert-base/mrpc/s1t0.001_s2t0.001_s2st2.0/best_policy/constraint_metadata.json	hy-tmp/rl_opt_workspace_off_709cc8d4_180_20260724_171632/persistent_many/rl/bert-base/mrpc/s1t0.001_s2t0.001_s2st2.0/best_policy/constraint_metadata.json	external_artifact
519e285de6fb549576a2dbe89946844708ee54332e5d3906c7ed83f71f193669	45616	file	/hy-tmp/rl_opt_workspace_off_709cc8d4_180_20260724_171632/persistent_many/rl/bert-base/mrpc/s1t0.001_s2t0.001_s2st2.0/logs/blb_stage2_rl.log	hy-tmp/rl_opt_workspace_off_709cc8d4_180_20260724_171632/persistent_many/rl/bert-base/mrpc/s1t0.001_s2t0.001_s2st2.0/logs/blb_stage2_rl.log	external_artifact
22cfa829a616e6826a6848fa0a0947f690aea4ca9a9bf852592fb0df7b3cd2a0	825	file	/hy-tmp/rl_opt_workspace_off_709cc8d4_180_20260724_171632/persistent_many/rl/bert-base/mrpc/s1t0.001_s2t0.001_s2st2.0/metadata.json	hy-tmp/rl_opt_workspace_off_709cc8d4_180_20260724_171632/persistent_many/rl/bert-base/mrpc/s1t0.001_s2t0.001_s2st2.0/metadata.json	external_artifact
be924e20a99f316b79871d4530ba481bb3cc2a00cd478dfce390c2dc8e6f0dac	6	file	/hy-tmp/rl_opt_workspace_off_709cc8d4_180_20260724_171632/persistent_many/rl/bert-base/mrpc/s1t0.001_s2t0.001_s2st2.0/rl.pid	hy-tmp/rl_opt_workspace_off_709cc8d4_180_20260724_171632/persistent_many/rl/bert-base/mrpc/s1t0.001_s2t0.001_s2st2.0/rl.pid	external_artifact
be924e20a99f316b79871d4530ba481bb3cc2a00cd478dfce390c2dc8e6f0dac	6	file	/hy-tmp/rl_opt_workspace_off_709cc8d4_180_20260724_171632/persistent_many/rl/bert-base/mrpc/s1t0.001_s2t0.001_s2st2.0/run.pid	hy-tmp/rl_opt_workspace_off_709cc8d4_180_20260724_171632/persistent_many/rl/bert-base/mrpc/s1t0.001_s2t0.001_s2st2.0/run.pid	external_artifact
9e0ef3de16d9ebf407c58b697994a6b97b7f45de7539f6f887800f7d7bd524b8	1469	file	/hy-tmp/rl_opt_workspace_off_709cc8d4_180_20260724_171632/persistent_many/rl/bert-base/mrpc/s1t0.001_s2t0.001_s2st2.0/stage1/pruning_search_log.txt	hy-tmp/rl_opt_workspace_off_709cc8d4_180_20260724_171632/persistent_many/rl/bert-base/mrpc/s1t0.001_s2t0.001_s2st2.0/stage1/pruning_search_log.txt	external_artifact
e7966202738538d732ead7b7269364aabb9a94e5c11b8d4c724f36e7fc43238e	1125	file	/hy-tmp/rl_opt_workspace_off_709cc8d4_180_20260724_171632/persistent_many/rl/bert-base/mrpc/s1t0.001_s2t0.001_s2st2.0/stage2_noise/progress/blb_stage2_live_summary.md	hy-tmp/rl_opt_workspace_off_709cc8d4_180_20260724_171632/persistent_many/rl/bert-base/mrpc/s1t0.001_s2t0.001_s2st2.0/stage2_noise/progress/blb_stage2_live_summary.md	external_artifact
aa8acb689f8301f9f97165873cb4fdfd714b65be4c3b585fc05396d42c4ed636	8322327	file	/hy-tmp/rl_opt_workspace_off_709cc8d4_180_20260724_171632/persistent_many/rl/bert-base/mrpc/s1t0.001_s2t0.001_s2st2.0/stage2_noise/progress/blb_stage2_rl_checkpoint_live.pt	hy-tmp/rl_opt_workspace_off_709cc8d4_180_20260724_171632/persistent_many/rl/bert-base/mrpc/s1t0.001_s2t0.001_s2st2.0/stage2_noise/progress/blb_stage2_rl_checkpoint_live.pt	external_artifact
61dcb039543bf20236c7908aa1833689d692518eab866235ff30e5477ce919c7	100025	file	/hy-tmp/rl_opt_workspace_off_709cc8d4_180_20260724_171632/persistent_many/rl/bert-base/mrpc/s1t0.001_s2t0.001_s2st2.0/stage2_noise/progress/blb_stage2_status.json	hy-tmp/rl_opt_workspace_off_709cc8d4_180_20260724_171632/persistent_many/rl/bert-base/mrpc/s1t0.001_s2t0.001_s2st2.0/stage2_noise/progress/blb_stage2_status.json	external_artifact
125fd5d16b793ef781ff79fe46dee2946110be22e938db29ebe1881a8f656ca6	11328	file	/hy-tmp/rl_opt_workspace_off_709cc8d4_180_20260724_171632/persistent_many/rl/bert-base/mrpc/s1t0.001_s2t0.001_s2st2.0/stage2_noise/progress/blb_stage2_training_curve.npz	hy-tmp/rl_opt_workspace_off_709cc8d4_180_20260724_171632/persistent_many/rl/bert-base/mrpc/s1t0.001_s2t0.001_s2st2.0/stage2_noise/progress/blb_stage2_training_curve.npz	external_artifact
e7b05feef735caf4a7d602e58ccf1b9992505d13b168bd5af087e6d624cf3c40	3165669	file	/hy-tmp/rl_opt_workspace_off_709cc8d4_180_20260724_171632/persistent_many/rl/bert-base/mrpc/s1t0.001_s2t0.001_s2st2.0/stage2_noise/progress/candidate_store.jsonl	hy-tmp/rl_opt_workspace_off_709cc8d4_180_20260724_171632/persistent_many/rl/bert-base/mrpc/s1t0.001_s2t0.001_s2st2.0/stage2_noise/progress/candidate_store.jsonl	external_artifact
94aa08343ce37752f9eee2a10652893cce44fc85b9b818b93c0cd2303ebe0a60	449290	file	/hy-tmp/rl_opt_workspace_off_709cc8d4_180_20260724_171632/persistent_many/rl/bert-base/mrpc/s1t0.001_s2t0.001_s2st2.0/stage2_noise/progress/diagnostics/action_histogram.npz	hy-tmp/rl_opt_workspace_off_709cc8d4_180_20260724_171632/persistent_many/rl/bert-base/mrpc/s1t0.001_s2t0.001_s2st2.0/stage2_noise/progress/diagnostics/action_histogram.npz	external_artifact
b0c8bc47d038538f7259b8f2c032a803186f2d698f09c7853a65d45cb6f4c5ad	587066	file	/hy-tmp/rl_opt_workspace_off_709cc8d4_180_20260724_171632/persistent_many/rl/bert-base/mrpc/s1t0.001_s2t0.001_s2st2.0/stage2_noise/progress/diagnostics/baseline_action_vec.json	hy-tmp/rl_opt_workspace_off_709cc8d4_180_20260724_171632/persistent_many/rl/bert-base/mrpc/s1t0.001_s2t0.001_s2st2.0/stage2_noise/progress/diagnostics/baseline_action_vec.json	external_artifact
de2a96a22f3e28d03a9f72fd32d0d5a2da46d4b1d2f22c0bd16fb329eff02b97	655055	file	/hy-tmp/rl_opt_workspace_off_709cc8d4_180_20260724_171632/persistent_many/rl/bert-base/mrpc/s1t0.001_s2t0.001_s2st2.0/stage2_noise/progress/diagnostics/best_action_vec.json	hy-tmp/rl_opt_workspace_off_709cc8d4_180_20260724_171632/persistent_many/rl/bert-base/mrpc/s1t0.001_s2t0.001_s2st2.0/stage2_noise/progress/diagnostics/best_action_vec.json	external_artifact
ee83098c3e11fad58dba348d90ebc688765bc45fefe622077ef7a545aa0160da	246	file	/hy-tmp/rl_opt_workspace_off_709cc8d4_180_20260724_171632/persistent_many/rl/bert-base/mrpc/s1t0.001_s2t0.001_s2st2.0/stage2_noise/progress/diagnostics/blb_stage2_health.log	hy-tmp/rl_opt_workspace_off_709cc8d4_180_20260724_171632/persistent_many/rl/bert-base/mrpc/s1t0.001_s2t0.001_s2st2.0/stage2_noise/progress/diagnostics/blb_stage2_health.log	external_artifact
80c08596ae8e99d576226d19679477f18b574666c09569b87dc67760110320c1	34618	file	/hy-tmp/rl_opt_workspace_off_709cc8d4_180_20260724_171632/persistent_many/rl/bert-base/mrpc/s1t0.001_s2t0.001_s2st2.0/stage2_noise/progress/diagnostics/diagnostics_summary.md	hy-tmp/rl_opt_workspace_off_709cc8d4_180_20260724_171632/persistent_many/rl/bert-base/mrpc/s1t0.001_s2t0.001_s2st2.0/stage2_noise/progress/diagnostics/diagnostics_summary.md	external_artifact
75208e188d91fef4b837b47c7dfeeb5a17f757798e42a39c21dac4b4dfd2fc16	2189970	file	/hy-tmp/rl_opt_workspace_off_709cc8d4_180_20260724_171632/persistent_many/rl/bert-base/mrpc/s1t0.001_s2t0.001_s2st2.0/stage2_noise/progress/diagnostics/episodes.jsonl	hy-tmp/rl_opt_workspace_off_709cc8d4_180_20260724_171632/persistent_many/rl/bert-base/mrpc/s1t0.001_s2t0.001_s2st2.0/stage2_noise/progress/diagnostics/episodes.jsonl	external_artifact
44136fa355b3678a1146ad16f7e8649e94fb4fc21fe77e8310c060f61caaff8a	2	file	/hy-tmp/rl_opt_workspace_off_709cc8d4_180_20260724_171632/persistent_many/rl/bert-base/mrpc/s1t0.001_s2t0.001_s2st2.0/stage2_noise/progress/diagnostics/first_invalid_counts.json	hy-tmp/rl_opt_workspace_off_709cc8d4_180_20260724_171632/persistent_many/rl/bert-base/mrpc/s1t0.001_s2t0.001_s2st2.0/stage2_noise/progress/diagnostics/first_invalid_counts.json	external_artifact
f0fb1eb886e491af25e943929d25df74083f5896a85c6dae5194e0283ff8bf96	3780	file	/hy-tmp/rl_opt_workspace_off_709cc8d4_180_20260724_171632/persistent_many/rl/bert-base/mrpc/s1t0.001_s2t0.001_s2st2.0/stage2_noise/progress/diagnostics/pareto_frontier.html	hy-tmp/rl_opt_workspace_off_709cc8d4_180_20260724_171632/persistent_many/rl/bert-base/mrpc/s1t0.001_s2t0.001_s2st2.0/stage2_noise/progress/diagnostics/pareto_frontier.html	external_artifact
53392557aad4b340086022e2543f7c5f181eb059047b7b550f5d4f201d761f81	2985766	file	/hy-tmp/rl_opt_workspace_off_709cc8d4_180_20260724_171632/persistent_many/rl/bert-base/mrpc/s1t0.001_s2t0.001_s2st2.0/stage2_noise/progress/diagnostics/pareto_frontier.json	hy-tmp/rl_opt_workspace_off_709cc8d4_180_20260724_171632/persistent_many/rl/bert-base/mrpc/s1t0.001_s2t0.001_s2st2.0/stage2_noise/progress/diagnostics/pareto_frontier.json	external_artifact
b9d4f021d9c89b471231ce38fad7f0a285893827a596d10e6433035af510c7c6	1618405	file	/hy-tmp/rl_opt_workspace_off_709cc8d4_180_20260724_171632/persistent_many/rl/bert-base/mrpc/s1t0.001_s2t0.001_s2st2.0/stage2_noise/progress/diagnostics/pareto_frontier.jsonl	hy-tmp/rl_opt_workspace_off_709cc8d4_180_20260724_171632/persistent_many/rl/bert-base/mrpc/s1t0.001_s2t0.001_s2st2.0/stage2_noise/progress/diagnostics/pareto_frontier.jsonl	external_artifact
c1edaaba388c455ed743fa03081abd345160ab6017858db88ad7f885ab6625b8	106203	file	/hy-tmp/rl_opt_workspace_off_709cc8d4_180_20260724_171632/persistent_many/rl/bert-base/mrpc/s1t0.001_s2t0.001_s2st2.0/stage2_noise/progress/diagnostics/ppo_updates.jsonl	hy-tmp/rl_opt_workspace_off_709cc8d4_180_20260724_171632/persistent_many/rl/bert-base/mrpc/s1t0.001_s2t0.001_s2st2.0/stage2_noise/progress/diagnostics/ppo_updates.jsonl	external_artifact
05f79287b3592a06e9acbcc0a5ad10a7a3f0a4b6e7d3f329065243e43e85176c	8061630	file	/hy-tmp/rl_opt_workspace_off_709cc8d4_180_20260724_171632/persistent_many/rl/bert-base/mrpc/s1t0.001_s2t0.001_s2st2.0/stage2_noise/progress/diagnostics/top_candidates.jsonl	hy-tmp/rl_opt_workspace_off_709cc8d4_180_20260724_171632/persistent_many/rl/bert-base/mrpc/s1t0.001_s2t0.001_s2st2.0/stage2_noise/progress/diagnostics/top_candidates.jsonl	external_artifact
c4ffc33e6993537f6ef907973db1acf0a6c617c95a33ba0ab6a375ffbaf5915b	165417	file	/hy-tmp/rl_opt_workspace_off_709cc8d4_180_20260724_171632/persistent_many/rl/bert-base/mrpc/s1t0.001_s2t0.001_s2st2.0/stage2_noise/progress/layerwise_run_manifest.json	hy-tmp/rl_opt_workspace_off_709cc8d4_180_20260724_171632/persistent_many/rl/bert-base/mrpc/s1t0.001_s2t0.001_s2st2.0/stage2_noise/progress/layerwise_run_manifest.json	external_artifact
b1c1553a65240ece2486948456984945d7895a6afff41f3000596af9c3c51369	175540	file	/hy-tmp/rl_opt_workspace_off_709cc8d4_180_20260724_171632/persistent_many/rl/bert-base/mrpc/s1t0.001_s2t0.001_s2st2.0/stage2_noise/progress/layerwise_summary.json	hy-tmp/rl_opt_workspace_off_709cc8d4_180_20260724_171632/persistent_many/rl/bert-base/mrpc/s1t0.001_s2t0.001_s2st2.0/stage2_noise/progress/layerwise_summary.json	external_artifact
c184127d6fa9dfb165b02c6476b0fe852f1c9f1e076d29696738b662f847bc25	144	file	/hy-tmp/rl_opt_workspace_off_709cc8d4_180_20260724_171632/persistent_many/rl/bert-base/mrpc/s1t0.001_s2t0.001_s2st2.0/stage2_noise/progress/rl_data_points_run_id.txt	hy-tmp/rl_opt_workspace_off_709cc8d4_180_20260724_171632/persistent_many/rl/bert-base/mrpc/s1t0.001_s2t0.001_s2st2.0/stage2_noise/progress/rl_data_points_run_id.txt	external_artifact
653fb151ff8b793327fd2700b039544fe6952104026a76a9815f3bfad4f59c1d	5794	file	/hy-tmp/rl_opt_workspace_off_709cc8d4_180_20260724_171632/persistent_many/rl/bert-base/mrpc/s1t0.001_s2t0.001_s2st2.0/stage2_noise/pruning_search_log.txt	hy-tmp/rl_opt_workspace_off_709cc8d4_180_20260724_171632/persistent_many/rl/bert-base/mrpc/s1t0.001_s2t0.001_s2st2.0/stage2_noise/pruning_search_log.txt	external_artifact
fe05694a45acffb137ea647946727ad14881cb35eb4ea75339756ea78de1d2c2	306	file	/hy-tmp/rl_opt_workspace_off_709cc8d4_180_20260724_171632/runs.jsonl	hy-tmp/rl_opt_workspace_off_709cc8d4_180_20260724_171632/runs.jsonl	external_artifact
880d2fbb315ed19f1f06d2145b48edbbdc13dac9c433fa657973644fc7a383d6	66	symlink	/hy-tmp/rl_opt_workspace_off_709cc8d4_180_20260724_171632/stage1/record	hy-tmp/rl_opt_workspace_off_709cc8d4_180_20260724_171632/stage1/record	external_artifact
867a157881b15b995b30b6388869422bed6c178079d80a63ce416aa7210de72e	7807	file	/hy-tmp/rl_opt_workspace_off_709cc8d4_180_20260724_171632/stage2_ngpu_gate_verdict.txt	hy-tmp/rl_opt_workspace_off_709cc8d4_180_20260724_171632/stage2_ngpu_gate_verdict.txt	external_artifact
4d0aafe31787abebe956f977e2423e98a55456d1fa3bbdfed388a3bd44d7a504	18942	file	/hy-tmp/rl_opt_workspace_off_709cc8d4_180_20260724_171632/stage2_ngpu_speed_ab_stdout.log	hy-tmp/rl_opt_workspace_off_709cc8d4_180_20260724_171632/stage2_ngpu_speed_ab_stdout.log	external_artifact
3ad882ba756053f1a052c2a06ee7da37db02373f600dcb22cd802a17c50b4546	518	file	/hy-tmp/stage1-boundary-green-c4ab99a3/logs/elastic_gpu_health_events.jsonl	hy-tmp/stage1-boundary-green-c4ab99a3/logs/elastic_gpu_health_events.jsonl	external_artifact
860c581daf3d8f2736ea9cfb7c0f89da629e5b3c88e3fa36ebfc5ac735c6e298	518	file	/hy-tmp/stage1-boundary-red-c1f452f9/logs/elastic_gpu_health_events.jsonl	hy-tmp/stage1-boundary-red-c1f452f9/logs/elastic_gpu_health_events.jsonl	external_artifact
1d411e5cc87e6970ec8892a49e2e6f2f8b898a34e3250a4d238b5a35e3a58eb1	121	file	/hy-tmp/stage1-elastic-tests-7cb3ce05-20260726_200522/pytest.log	hy-tmp/stage1-elastic-tests-7cb3ce05-20260726_200522/pytest.log	external_artifact
de75ebcad6d4d6bad4f445fe789d350acb125731b71d1a559d043c2a1d8c6f8b	518	file	/hy-tmp/stage1-elastic-tests-7cb3ce05-20260726_200522/supervisor/logs/elastic_gpu_health_events.jsonl	hy-tmp/stage1-elastic-tests-7cb3ce05-20260726_200522/supervisor/logs/elastic_gpu_health_events.jsonl	external_artifact
b92e753269bb0fba246a933bb611b2430e085fda8fb78e0e84815a8bb93e4540	518	file	/hy-tmp/stage1-transaction-green-227cda32/logs/elastic_gpu_health_events.jsonl	hy-tmp/stage1-transaction-green-227cda32/logs/elastic_gpu_health_events.jsonl	external_artifact
2c255e305013f904e826046153ed002d37ae14253967f20b99769b5e9c29590c	518	file	/hy-tmp/stage1-transaction-red-78158c23/logs/elastic_gpu_health_events.jsonl	hy-tmp/stage1-transaction-red-78158c23/logs/elastic_gpu_health_events.jsonl	external_artifact
3597e326c1ff4dbf129d8f23a9510c266917be996c5706e9db59961778c71a31	21	file	/hy-tmp/stage1_device_batch_baseline_accc27d6_120_20260724_232418/end.txt	hy-tmp/stage1_device_batch_baseline_accc27d6_120_20260724_232418/end.txt	external_artifact
24b2ff65d6fdcb2c0fc775daa1bc0b0fa992e2dbdfe31b8153917af959bc65dd	176	file	/hy-tmp/stage1_device_batch_baseline_accc27d6_120_20260724_232418/launch.log	hy-tmp/stage1_device_batch_baseline_accc27d6_120_20260724_232418/launch.log	external_artifact
4355a46b19d348dc2f57c046f8ef63d4538ebb936000f3c9ee954a27460dd865	2	file	/hy-tmp/stage1_device_batch_baseline_accc27d6_120_20260724_232418/launcher_rc.txt	hy-tmp/stage1_device_batch_baseline_accc27d6_120_20260724_232418/launcher_rc.txt	external_artifact
e741c08eab5f6762cc4ec32ec5b077ffaf38b732313bb94b1b9bbcdc931ac067	21	file	/hy-tmp/stage1_device_batch_baseline_accc27d6_120_20260724_232418/start.txt	hy-tmp/stage1_device_batch_baseline_accc27d6_120_20260724_232418/start.txt	external_artifact
01ba4719c80b6fe911b091a7c05124b64eeece964e09c058ef8f9805daca546b	1	file	/hy-tmp/stage1_device_batch_baseline_accc27d6_120_20260724_232418/training_pid.txt	hy-tmp/stage1_device_batch_baseline_accc27d6_120_20260724_232418/training_pid.txt	external_artifact
6db4fd852498bd745ed0f06b60d44bd6873a22bc7c66403a0e7dd12e52c35949	9	file	/hy-tmp/stage1_device_batch_baseline_accc27d6_120_20260724_232418/wall_seconds.txt	hy-tmp/stage1_device_batch_baseline_accc27d6_120_20260724_232418/wall_seconds.txt	external_artifact
152304ac17f01ec12b149ff4c860bd25283d1495a1a683e4145aa86db888f164	21	file	/hy-tmp/stage1_device_batch_baseline_accc27d6_170_20260724_232435/end.txt	hy-tmp/stage1_device_batch_baseline_accc27d6_170_20260724_232435/end.txt	external_artifact
2803db980b5edbafba77bf7e51212b5501469096dd7405ff008e8ecea0d9a2d1	5979	file	/hy-tmp/stage1_device_batch_baseline_accc27d6_170_20260724_232435/launch.log	hy-tmp/stage1_device_batch_baseline_accc27d6_170_20260724_232435/launch.log	external_artifact
9a271f2a916b0b6ee6cecb2426f0b3206ef074578be55d9bc94f6f3fe3ab86aa	2	file	/hy-tmp/stage1_device_batch_baseline_accc27d6_170_20260724_232435/launcher_rc.txt	hy-tmp/stage1_device_batch_baseline_accc27d6_170_20260724_232435/launcher_rc.txt	external_artifact
d7e3e5d698caaaa21d2a4b74b5d52f90bfe1d588520cdb72144f85445f46b2ef	6	file	/hy-tmp/stage1_device_batch_baseline_accc27d6_170_20260724_232435/stage1/LATEST_PID	hy-tmp/stage1_device_batch_baseline_accc27d6_170_20260724_232435/stage1/LATEST_PID	external_artifact
9a588ec1d300177e0e8dbc1809160c5954ba5a71c39beff19cb4fb138eb85bc3	88	file	/hy-tmp/stage1_device_batch_baseline_accc27d6_170_20260724_232435/stage1/LATEST_RUN_DIR	hy-tmp/stage1_device_batch_baseline_accc27d6_170_20260724_232435/stage1/LATEST_RUN_DIR	external_artifact
36ba8e63bd15616553dfc992f943997648929f51abcfba18ca2267c367a00239	5382	file	/hy-tmp/stage1_device_batch_baseline_accc27d6_170_20260724_232435/stage1/bert base mrpc/logs/stage1_rl.log	hy-tmp/stage1_device_batch_baseline_accc27d6_170_20260724_232435/stage1/bert base mrpc/logs/stage1_rl.log	external_artifact
fff54235925774e5d94730877e017c097f6766418a9fb17fa09bf95026e0d8d9	672	file	/hy-tmp/stage1_device_batch_baseline_accc27d6_170_20260724_232435/stage1/bert base mrpc/metadata.json	hy-tmp/stage1_device_batch_baseline_accc27d6_170_20260724_232435/stage1/bert base mrpc/metadata.json	external_artifact
d7e3e5d698caaaa21d2a4b74b5d52f90bfe1d588520cdb72144f85445f46b2ef	6	file	/hy-tmp/stage1_device_batch_baseline_accc27d6_170_20260724_232435/stage1/bert base mrpc/rl.pid	hy-tmp/stage1_device_batch_baseline_accc27d6_170_20260724_232435/stage1/bert base mrpc/rl.pid	external_artifact
d7e3e5d698caaaa21d2a4b74b5d52f90bfe1d588520cdb72144f85445f46b2ef	6	file	/hy-tmp/stage1_device_batch_baseline_accc27d6_170_20260724_232435/stage1/bert base mrpc/run.pid	hy-tmp/stage1_device_batch_baseline_accc27d6_170_20260724_232435/stage1/bert base mrpc/run.pid	external_artifact
ba77a7fa242b4e679deaf42d5bdd0e3280eec746b5f0aab4f579746a99272cf8	21	file	/hy-tmp/stage1_device_batch_baseline_accc27d6_170_20260724_232435/start.txt	hy-tmp/stage1_device_batch_baseline_accc27d6_170_20260724_232435/start.txt	external_artifact
d7e3e5d698caaaa21d2a4b74b5d52f90bfe1d588520cdb72144f85445f46b2ef	6	file	/hy-tmp/stage1_device_batch_baseline_accc27d6_170_20260724_232435/training_pid.txt	hy-tmp/stage1_device_batch_baseline_accc27d6_170_20260724_232435/training_pid.txt	external_artifact
af7704639e640646af98b8d2ac05390bd25d3a230478eed8a733c7b0290669fb	11	file	/hy-tmp/stage1_device_batch_baseline_accc27d6_170_20260724_232435/wall_seconds.txt	hy-tmp/stage1_device_batch_baseline_accc27d6_170_20260724_232435/wall_seconds.txt	external_artifact
b2f158d34f2d09bdf310e01831cf8ee0d37332ecb390a2bd630aef3e4749756b	21	file	/hy-tmp/stage1_device_batch_baseline_accc27d6_170_valid_20260724_232805/end.txt	hy-tmp/stage1_device_batch_baseline_accc27d6_170_valid_20260724_232805/end.txt	external_artifact
c10c480522e59a1f53acd1613440dc014fc24745440eee34f5c573b355426a61	6033	file	/hy-tmp/stage1_device_batch_baseline_accc27d6_170_valid_20260724_232805/launch.log	hy-tmp/stage1_device_batch_baseline_accc27d6_170_valid_20260724_232805/launch.log	external_artifact
9a271f2a916b0b6ee6cecb2426f0b3206ef074578be55d9bc94f6f3fe3ab86aa	2	file	/hy-tmp/stage1_device_batch_baseline_accc27d6_170_valid_20260724_232805/launcher_rc.txt	hy-tmp/stage1_device_batch_baseline_accc27d6_170_valid_20260724_232805/launcher_rc.txt	external_artifact
c03c0bdc619bfb9fe4f2288ad5ce541c60d708b941edc4b71ef8a26e9e73fe13	6	file	/hy-tmp/stage1_device_batch_baseline_accc27d6_170_valid_20260724_232805/stage1/LATEST_PID	hy-tmp/stage1_device_batch_baseline_accc27d6_170_valid_20260724_232805/stage1/LATEST_PID	external_artifact
7f952012200dea8d9c6fc8097422950724afdc1bb50966619d9772afd8e215a4	94	file	/hy-tmp/stage1_device_batch_baseline_accc27d6_170_valid_20260724_232805/stage1/LATEST_RUN_DIR	hy-tmp/stage1_device_batch_baseline_accc27d6_170_valid_20260724_232805/stage1/LATEST_RUN_DIR	external_artifact
86c63af0bfed2a06e7f1347b7e5bc2cf580a1fde0ccbf9df0beb56eb1059e750	273	file	/hy-tmp/stage1_device_batch_baseline_accc27d6_170_valid_20260724_232805/stage1/bert base mrpc/COMPLETED	hy-tmp/stage1_device_batch_baseline_accc27d6_170_valid_20260724_232805/stage1/bert base mrpc/COMPLETED	external_artifact
5f513bf20393753708749b6a32c2900cb617c51cf5c44a9d7ffa229b22a03acf	210	file	/hy-tmp/stage1_device_batch_baseline_accc27d6_170_valid_20260724_232805/stage1/bert base mrpc/best_policy/constraint_metadata.json	hy-tmp/stage1_device_batch_baseline_accc27d6_170_valid_20260724_232805/stage1/bert base mrpc/best_policy/constraint_metadata.json	external_artifact
f45a9564dcf06c6afc48a84cca79ec30135b96902ba87b7290eefce6acfcaa09	1080167	file	/hy-tmp/stage1_device_batch_baseline_accc27d6_170_valid_20260724_232805/stage1/bert base mrpc/best_policy/stage1_policy.pt	hy-tmp/stage1_device_batch_baseline_accc27d6_170_valid_20260724_232805/stage1/bert base mrpc/best_policy/stage1_policy.pt	external_artifact
bbb6c8415d5e281340357be985ee3d4603f4846c007dfe0cf51fc6a085376ec9	1836497	file	/hy-tmp/stage1_device_batch_baseline_accc27d6_170_valid_20260724_232805/stage1/bert base mrpc/details/ppo_step_info_1-360.txt	hy-tmp/stage1_device_batch_baseline_accc27d6_170_valid_20260724_232805/stage1/bert base mrpc/details/ppo_step_info_1-360.txt	external_artifact
d9ac1f47d00697aab5f5f09b9c701e907d6c884b802a40d5bbcfe60ab4df3306	80826	file	/hy-tmp/stage1_device_batch_baseline_accc27d6_170_valid_20260724_232805/stage1/bert base mrpc/logs/stage1_rl.log	hy-tmp/stage1_device_batch_baseline_accc27d6_170_valid_20260724_232805/stage1/bert base mrpc/logs/stage1_rl.log	external_artifact
ea478dae03bd2b192ba489698a89096695f4de531678d99c8e3d31d289a9f58a	938	file	/hy-tmp/stage1_device_batch_baseline_accc27d6_170_valid_20260724_232805/stage1/bert base mrpc/metadata.json	hy-tmp/stage1_device_batch_baseline_accc27d6_170_valid_20260724_232805/stage1/bert base mrpc/metadata.json	external_artifact
5b345b59f13e0463a2fd3d53e8463229a86fbc07f4e3e42e36092c34059c6442	40662	file	/hy-tmp/stage1_device_batch_baseline_accc27d6_170_valid_20260724_232805/stage1/bert base mrpc/ppo_entropy_curve.png	hy-tmp/stage1_device_batch_baseline_accc27d6_170_valid_20260724_232805/stage1/bert base mrpc/ppo_entropy_curve.png	external_artifact
e4c479d1943d088a9404f2c9f529bf5313e174673239c80f2a9bb9550e717900	520887	file	/hy-tmp/stage1_device_batch_baseline_accc27d6_170_valid_20260724_232805/stage1/bert base mrpc/ppo_training_curve.png	hy-tmp/stage1_device_batch_baseline_accc27d6_170_valid_20260724_232805/stage1/bert base mrpc/ppo_training_curve.png	external_artifact
732d6dc2ea7cf49424887a837d856971cffdd6cf279bdd6245bd76586ade3b30	2486	file	/hy-tmp/stage1_device_batch_baseline_accc27d6_170_valid_20260724_232805/stage1/bert base mrpc/pruning_search_log.txt	hy-tmp/stage1_device_batch_baseline_accc27d6_170_valid_20260724_232805/stage1/bert base mrpc/pruning_search_log.txt	external_artifact
c03c0bdc619bfb9fe4f2288ad5ce541c60d708b941edc4b71ef8a26e9e73fe13	6	file	/hy-tmp/stage1_device_batch_baseline_accc27d6_170_valid_20260724_232805/stage1/bert base mrpc/rl.pid	hy-tmp/stage1_device_batch_baseline_accc27d6_170_valid_20260724_232805/stage1/bert base mrpc/rl.pid	external_artifact
c03c0bdc619bfb9fe4f2288ad5ce541c60d708b941edc4b71ef8a26e9e73fe13	6	file	/hy-tmp/stage1_device_batch_baseline_accc27d6_170_valid_20260724_232805/stage1/bert base mrpc/run.pid	hy-tmp/stage1_device_batch_baseline_accc27d6_170_valid_20260724_232805/stage1/bert base mrpc/run.pid	external_artifact
028918d7b0ddf62249f9d6fa60b9bf293d93b34fea053593ada445d1337c6aed	107130	file	/hy-tmp/stage1_device_batch_baseline_accc27d6_170_valid_20260724_232805/stage1/bert base mrpc/stage1_metric_curve.png	hy-tmp/stage1_device_batch_baseline_accc27d6_170_valid_20260724_232805/stage1/bert base mrpc/stage1_metric_curve.png	external_artifact
f45a9564dcf06c6afc48a84cca79ec30135b96902ba87b7290eefce6acfcaa09	1080167	file	/hy-tmp/stage1_device_batch_baseline_accc27d6_170_valid_20260724_232805/stage1/bert base mrpc/stage1_policy.pt	hy-tmp/stage1_device_batch_baseline_accc27d6_170_valid_20260724_232805/stage1/bert base mrpc/stage1_policy.pt	external_artifact
abfa51dc10e36ee6cde249a7d364e7019a4dcb67a792351e8000145a93a814e7	3263903	file	/hy-tmp/stage1_device_batch_baseline_accc27d6_170_valid_20260724_232805/stage1/bert base mrpc/stage1_rl_checkpoint.pt	hy-tmp/stage1_device_batch_baseline_accc27d6_170_valid_20260724_232805/stage1/bert base mrpc/stage1_rl_checkpoint.pt	external_artifact
5f03ce188d9b0dae14ba45a16460fafaffbbf50d17878a1844db3c8a79f7bf09	356	file	/hy-tmp/stage1_device_batch_baseline_accc27d6_170_valid_20260724_232805/stage1/record/bert base mrpc 1 20260724/final_config.json	hy-tmp/stage1_device_batch_baseline_accc27d6_170_valid_20260724_232805/stage1/record/bert base mrpc 1 20260724/final_config.json	external_artifact
873e128745f99c10a6df66f138201deedbd3d94e60bda1518f530e43ab23f674	355	file	/hy-tmp/stage1_device_batch_baseline_accc27d6_170_valid_20260724_232805/stage1/record/bert base mrpc 1 20260724/final_eval.json	hy-tmp/stage1_device_batch_baseline_accc27d6_170_valid_20260724_232805/stage1/record/bert base mrpc 1 20260724/final_eval.json	external_artifact
7207c73ba6c58010c986408b1d534c626a890d5db92afe0198aadf1462d2add7	172	file	/hy-tmp/stage1_device_batch_baseline_accc27d6_170_valid_20260724_232805/stage1/record/bert base mrpc 1 20260724/metadata.json	hy-tmp/stage1_device_batch_baseline_accc27d6_170_valid_20260724_232805/stage1/record/bert base mrpc 1 20260724/metadata.json	external_artifact
5b345b59f13e0463a2fd3d53e8463229a86fbc07f4e3e42e36092c34059c6442	40662	file	/hy-tmp/stage1_device_batch_baseline_accc27d6_170_valid_20260724_232805/stage1/record/bert base mrpc 1 20260724/ppo_entropy_curve.png	hy-tmp/stage1_device_batch_baseline_accc27d6_170_valid_20260724_232805/stage1/record/bert base mrpc 1 20260724/ppo_entropy_curve.png	external_artifact
e4c479d1943d088a9404f2c9f529bf5313e174673239c80f2a9bb9550e717900	520887	file	/hy-tmp/stage1_device_batch_baseline_accc27d6_170_valid_20260724_232805/stage1/record/bert base mrpc 1 20260724/ppo_training_curve.png	hy-tmp/stage1_device_batch_baseline_accc27d6_170_valid_20260724_232805/stage1/record/bert base mrpc 1 20260724/ppo_training_curve.png	external_artifact
d98b8295418bc9b0bd4948b7825e8026237e581759ea4f909d8f6db33dfdf589	306	file	/hy-tmp/stage1_device_batch_baseline_accc27d6_170_valid_20260724_232805/stage1/record/bert base mrpc 1 20260724/report.md	hy-tmp/stage1_device_batch_baseline_accc27d6_170_valid_20260724_232805/stage1/record/bert base mrpc 1 20260724/report.md	external_artifact
028918d7b0ddf62249f9d6fa60b9bf293d93b34fea053593ada445d1337c6aed	107130	file	/hy-tmp/stage1_device_batch_baseline_accc27d6_170_valid_20260724_232805/stage1/record/bert base mrpc 1 20260724/stage1_metric_curve.png	hy-tmp/stage1_device_batch_baseline_accc27d6_170_valid_20260724_232805/stage1/record/bert base mrpc 1 20260724/stage1_metric_curve.png	external_artifact
3064a92f9e3041e8a45f96558cdb31a7dafff9140d55bb366cde6b9ded6894a9	21	file	/hy-tmp/stage1_device_batch_baseline_accc27d6_170_valid_20260724_232805/start.txt	hy-tmp/stage1_device_batch_baseline_accc27d6_170_valid_20260724_232805/start.txt	external_artifact
c03c0bdc619bfb9fe4f2288ad5ce541c60d708b941edc4b71ef8a26e9e73fe13	6	file	/hy-tmp/stage1_device_batch_baseline_accc27d6_170_valid_20260724_232805/training_pid.txt	hy-tmp/stage1_device_batch_baseline_accc27d6_170_valid_20260724_232805/training_pid.txt	external_artifact
56b40727ad1f23e45e80afd645f047041632546cb2dbd8bdcb738339f115fd0c	10	file	/hy-tmp/stage1_device_batch_baseline_accc27d6_170_valid_20260724_232805/wall_seconds.txt	hy-tmp/stage1_device_batch_baseline_accc27d6_170_valid_20260724_232805/wall_seconds.txt	external_artifact
ade3a91f81f4ec0e12ef2fb1e7ee7e47d06572e75652902d10dd4547ccc09577	21	file	/hy-tmp/stage1_device_batch_optimized_6ed9eb10_170_valid_20260724_232954/end.txt	hy-tmp/stage1_device_batch_optimized_6ed9eb10_170_valid_20260724_232954/end.txt	external_artifact
ded00f32ff9a82cd66460dd4328fb700b4d4d988f3e2f1f5d4798b725069dd3f	6042	file	/hy-tmp/stage1_device_batch_optimized_6ed9eb10_170_valid_20260724_232954/launch.log	hy-tmp/stage1_device_batch_optimized_6ed9eb10_170_valid_20260724_232954/launch.log	external_artifact
9a271f2a916b0b6ee6cecb2426f0b3206ef074578be55d9bc94f6f3fe3ab86aa	2	file	/hy-tmp/stage1_device_batch_optimized_6ed9eb10_170_valid_20260724_232954/launcher_rc.txt	hy-tmp/stage1_device_batch_optimized_6ed9eb10_170_valid_20260724_232954/launcher_rc.txt	external_artifact
fb653e9c8388a90a22071b04a712dc7f879916441358afa6f2f97f92d0c0752f	6	file	/hy-tmp/stage1_device_batch_optimized_6ed9eb10_170_valid_20260724_232954/stage1/LATEST_PID	hy-tmp/stage1_device_batch_optimized_6ed9eb10_170_valid_20260724_232954/stage1/LATEST_PID	external_artifact
020325e97a6b377d73aa530bd899a475264b63cbcb8721ff4730ddd316426ab6	95	file	/hy-tmp/stage1_device_batch_optimized_6ed9eb10_170_valid_20260724_232954/stage1/LATEST_RUN_DIR	hy-tmp/stage1_device_batch_optimized_6ed9eb10_170_valid_20260724_232954/stage1/LATEST_RUN_DIR	external_artifact
686c65c369ef0f9a35ffd171cf188d06895c631a1f673e9c5b7c04457407fbec	274	file	/hy-tmp/stage1_device_batch_optimized_6ed9eb10_170_valid_20260724_232954/stage1/bert base mrpc/COMPLETED	hy-tmp/stage1_device_batch_optimized_6ed9eb10_170_valid_20260724_232954/stage1/bert base mrpc/COMPLETED	external_artifact
5f513bf20393753708749b6a32c2900cb617c51cf5c44a9d7ffa229b22a03acf	210	file	/hy-tmp/stage1_device_batch_optimized_6ed9eb10_170_valid_20260724_232954/stage1/bert base mrpc/best_policy/constraint_metadata.json	hy-tmp/stage1_device_batch_optimized_6ed9eb10_170_valid_20260724_232954/stage1/bert base mrpc/best_policy/constraint_metadata.json	external_artifact
f45a9564dcf06c6afc48a84cca79ec30135b96902ba87b7290eefce6acfcaa09	1080167	file	/hy-tmp/stage1_device_batch_optimized_6ed9eb10_170_valid_20260724_232954/stage1/bert base mrpc/best_policy/stage1_policy.pt	hy-tmp/stage1_device_batch_optimized_6ed9eb10_170_valid_20260724_232954/stage1/bert base mrpc/best_policy/stage1_policy.pt	external_artifact
bbb6c8415d5e281340357be985ee3d4603f4846c007dfe0cf51fc6a085376ec9	1836497	file	/hy-tmp/stage1_device_batch_optimized_6ed9eb10_170_valid_20260724_232954/stage1/bert base mrpc/details/ppo_step_info_1-360.txt	hy-tmp/stage1_device_batch_optimized_6ed9eb10_170_valid_20260724_232954/stage1/bert base mrpc/details/ppo_step_info_1-360.txt	external_artifact
89ec0dc0066a8b5f7147b281e7bed151afc130c535a26a042d0c595a6ade0b6b	80836	file	/hy-tmp/stage1_device_batch_optimized_6ed9eb10_170_valid_20260724_232954/stage1/bert base mrpc/logs/stage1_rl.log	hy-tmp/stage1_device_batch_optimized_6ed9eb10_170_valid_20260724_232954/stage1/bert base mrpc/logs/stage1_rl.log	external_artifact
673c7d4aa0d8e992cbf2d0d4ff38bbca1ad38fd6ea0b0460152798686c7da5c4	938	file	/hy-tmp/stage1_device_batch_optimized_6ed9eb10_170_valid_20260724_232954/stage1/bert base mrpc/metadata.json	hy-tmp/stage1_device_batch_optimized_6ed9eb10_170_valid_20260724_232954/stage1/bert base mrpc/metadata.json	external_artifact
5b345b59f13e0463a2fd3d53e8463229a86fbc07f4e3e42e36092c34059c6442	40662	file	/hy-tmp/stage1_device_batch_optimized_6ed9eb10_170_valid_20260724_232954/stage1/bert base mrpc/ppo_entropy_curve.png	hy-tmp/stage1_device_batch_optimized_6ed9eb10_170_valid_20260724_232954/stage1/bert base mrpc/ppo_entropy_curve.png	external_artifact
e4c479d1943d088a9404f2c9f529bf5313e174673239c80f2a9bb9550e717900	520887	file	/hy-tmp/stage1_device_batch_optimized_6ed9eb10_170_valid_20260724_232954/stage1/bert base mrpc/ppo_training_curve.png	hy-tmp/stage1_device_batch_optimized_6ed9eb10_170_valid_20260724_232954/stage1/bert base mrpc/ppo_training_curve.png	external_artifact
305692e1633945ece7922859d08cdb679888990237702b3e035e7674fd08d58f	2492	file	/hy-tmp/stage1_device_batch_optimized_6ed9eb10_170_valid_20260724_232954/stage1/bert base mrpc/pruning_search_log.txt	hy-tmp/stage1_device_batch_optimized_6ed9eb10_170_valid_20260724_232954/stage1/bert base mrpc/pruning_search_log.txt	external_artifact
fb653e9c8388a90a22071b04a712dc7f879916441358afa6f2f97f92d0c0752f	6	file	/hy-tmp/stage1_device_batch_optimized_6ed9eb10_170_valid_20260724_232954/stage1/bert base mrpc/rl.pid	hy-tmp/stage1_device_batch_optimized_6ed9eb10_170_valid_20260724_232954/stage1/bert base mrpc/rl.pid	external_artifact
fb653e9c8388a90a22071b04a712dc7f879916441358afa6f2f97f92d0c0752f	6	file	/hy-tmp/stage1_device_batch_optimized_6ed9eb10_170_valid_20260724_232954/stage1/bert base mrpc/run.pid	hy-tmp/stage1_device_batch_optimized_6ed9eb10_170_valid_20260724_232954/stage1/bert base mrpc/run.pid	external_artifact
028918d7b0ddf62249f9d6fa60b9bf293d93b34fea053593ada445d1337c6aed	107130	file	/hy-tmp/stage1_device_batch_optimized_6ed9eb10_170_valid_20260724_232954/stage1/bert base mrpc/stage1_metric_curve.png	hy-tmp/stage1_device_batch_optimized_6ed9eb10_170_valid_20260724_232954/stage1/bert base mrpc/stage1_metric_curve.png	external_artifact
f45a9564dcf06c6afc48a84cca79ec30135b96902ba87b7290eefce6acfcaa09	1080167	file	/hy-tmp/stage1_device_batch_optimized_6ed9eb10_170_valid_20260724_232954/stage1/bert base mrpc/stage1_policy.pt	hy-tmp/stage1_device_batch_optimized_6ed9eb10_170_valid_20260724_232954/stage1/bert base mrpc/stage1_policy.pt	external_artifact
abfa51dc10e36ee6cde249a7d364e7019a4dcb67a792351e8000145a93a814e7	3263903	file	/hy-tmp/stage1_device_batch_optimized_6ed9eb10_170_valid_20260724_232954/stage1/bert base mrpc/stage1_rl_checkpoint.pt	hy-tmp/stage1_device_batch_optimized_6ed9eb10_170_valid_20260724_232954/stage1/bert base mrpc/stage1_rl_checkpoint.pt	external_artifact
5f03ce188d9b0dae14ba45a16460fafaffbbf50d17878a1844db3c8a79f7bf09	356	file	/hy-tmp/stage1_device_batch_optimized_6ed9eb10_170_valid_20260724_232954/stage1/record/bert base mrpc 1 20260724/final_config.json	hy-tmp/stage1_device_batch_optimized_6ed9eb10_170_valid_20260724_232954/stage1/record/bert base mrpc 1 20260724/final_config.json	external_artifact
873e128745f99c10a6df66f138201deedbd3d94e60bda1518f530e43ab23f674	355	file	/hy-tmp/stage1_device_batch_optimized_6ed9eb10_170_valid_20260724_232954/stage1/record/bert base mrpc 1 20260724/final_eval.json	hy-tmp/stage1_device_batch_optimized_6ed9eb10_170_valid_20260724_232954/stage1/record/bert base mrpc 1 20260724/final_eval.json	external_artifact
7f1d1fb4885a1a7a3ddcf78e20268bfa74a741650b836e8855177148073dd116	172	file	/hy-tmp/stage1_device_batch_optimized_6ed9eb10_170_valid_20260724_232954/stage1/record/bert base mrpc 1 20260724/metadata.json	hy-tmp/stage1_device_batch_optimized_6ed9eb10_170_valid_20260724_232954/stage1/record/bert base mrpc 1 20260724/metadata.json	external_artifact
5b345b59f13e0463a2fd3d53e8463229a86fbc07f4e3e42e36092c34059c6442	40662	file	/hy-tmp/stage1_device_batch_optimized_6ed9eb10_170_valid_20260724_232954/stage1/record/bert base mrpc 1 20260724/ppo_entropy_curve.png	hy-tmp/stage1_device_batch_optimized_6ed9eb10_170_valid_20260724_232954/stage1/record/bert base mrpc 1 20260724/ppo_entropy_curve.png	external_artifact
e4c479d1943d088a9404f2c9f529bf5313e174673239c80f2a9bb9550e717900	520887	file	/hy-tmp/stage1_device_batch_optimized_6ed9eb10_170_valid_20260724_232954/stage1/record/bert base mrpc 1 20260724/ppo_training_curve.png	hy-tmp/stage1_device_batch_optimized_6ed9eb10_170_valid_20260724_232954/stage1/record/bert base mrpc 1 20260724/ppo_training_curve.png	external_artifact
d98b8295418bc9b0bd4948b7825e8026237e581759ea4f909d8f6db33dfdf589	306	file	/hy-tmp/stage1_device_batch_optimized_6ed9eb10_170_valid_20260724_232954/stage1/record/bert base mrpc 1 20260724/report.md	hy-tmp/stage1_device_batch_optimized_6ed9eb10_170_valid_20260724_232954/stage1/record/bert base mrpc 1 20260724/report.md	external_artifact
028918d7b0ddf62249f9d6fa60b9bf293d93b34fea053593ada445d1337c6aed	107130	file	/hy-tmp/stage1_device_batch_optimized_6ed9eb10_170_valid_20260724_232954/stage1/record/bert base mrpc 1 20260724/stage1_metric_curve.png	hy-tmp/stage1_device_batch_optimized_6ed9eb10_170_valid_20260724_232954/stage1/record/bert base mrpc 1 20260724/stage1_metric_curve.png	external_artifact
63b67f5d14f870d28f20cd8425d9fbb019815325addc00d2cfe898d296f6a6d5	21	file	/hy-tmp/stage1_device_batch_optimized_6ed9eb10_170_valid_20260724_232954/start.txt	hy-tmp/stage1_device_batch_optimized_6ed9eb10_170_valid_20260724_232954/start.txt	external_artifact
fb653e9c8388a90a22071b04a712dc7f879916441358afa6f2f97f92d0c0752f	6	file	/hy-tmp/stage1_device_batch_optimized_6ed9eb10_170_valid_20260724_232954/training_pid.txt	hy-tmp/stage1_device_batch_optimized_6ed9eb10_170_valid_20260724_232954/training_pid.txt	external_artifact
d5613e406e93aed69c6b421b88fbcfd1c8d95e01e84ca4693d361bfc9f8810ed	10	file	/hy-tmp/stage1_device_batch_optimized_6ed9eb10_170_valid_20260724_232954/wall_seconds.txt	hy-tmp/stage1_device_batch_optimized_6ed9eb10_170_valid_20260724_232954/wall_seconds.txt	external_artifact
3c4cfdcae3a9f9a6b134a7987cc9474ecbbd9612bd4f03a5cf7e263fed21e3ec	518	file	/hy-tmp/stage2-handoff-green-adb5a80e/logs/elastic_gpu_health_events.jsonl	hy-tmp/stage2-handoff-green-adb5a80e/logs/elastic_gpu_health_events.jsonl	external_artifact
b64fb5b64af6e04674b81e84be41938d5b7b46de75f0c36aaa8b17e4ed3c4de9	518	file	/hy-tmp/stage2-handoff-red-5f2ae54a/logs/elastic_gpu_health_events.jsonl	hy-tmp/stage2-handoff-red-5f2ae54a/logs/elastic_gpu_health_events.jsonl	external_artifact
7ddd89f058a4d795d6ecabc268d627116a7a8661d54e8ee1f706698c50d8b685	518	file	/hy-tmp/stage2-handoff-red2-10073311/logs/elastic_gpu_health_events.jsonl	hy-tmp/stage2-handoff-red2-10073311/logs/elastic_gpu_health_events.jsonl	external_artifact
9b3c6258cfbaac691b7c73fa047da47a14b7fde8d252e0d79dd4c4cae22c97fd	563	file	/hy-tmp/stage2_18_group_precision_stability_20260727_213546/aggregate.log	hy-tmp/stage2_18_group_precision_stability_20260727_213546/aggregate.log	external_artifact
9a271f2a916b0b6ee6cecb2426f0b3206ef074578be55d9bc94f6f3fe3ab86aa	2	file	/hy-tmp/stage2_18_group_precision_stability_20260727_213546/aggregate.rc	hy-tmp/stage2_18_group_precision_stability_20260727_213546/aggregate.rc	external_artifact
1d739b9ffa881e1187c70474a3e80c97083bcafde84fa90cdc1615c86350baed	70881	file	/hy-tmp/stage2_18_group_precision_stability_20260727_213546/aggregate/stage2_18_group_precision_stability.html	hy-tmp/stage2_18_group_precision_stability_20260727_213546/aggregate/stage2_18_group_precision_stability.html	external_artifact
bbe74b777dc14507fc57836d431db0ba1f87f3047d6119b487f3c298d1cae21c	352803	file	/hy-tmp/stage2_18_group_precision_stability_20260727_213546/aggregate/stage2_18_group_precision_stability.json	hy-tmp/stage2_18_group_precision_stability_20260727_213546/aggregate/stage2_18_group_precision_stability.json	external_artifact
30c78916977f9c8bad0cde67519bd604bf12b697771df337ff6bcbc798a374f4	688	file	/hy-tmp/stage2_18_group_precision_stability_20260727_213546/events.log	hy-tmp/stage2_18_group_precision_stability_20260727_213546/events.log	external_artifact
f931750701c4bb12aff09f98a14d2654dffb72898892f80dfeec904ba2e5c15b	145	file	/hy-tmp/stage2_18_group_precision_stability_20260727_213546/manifest.txt	hy-tmp/stage2_18_group_precision_stability_20260727_213546/manifest.txt	external_artifact
9a271f2a916b0b6ee6cecb2426f0b3206ef074578be55d9bc94f6f3fe3ab86aa	2	file	/hy-tmp/stage2_18_group_precision_stability_20260727_213546/seed_20260721.gpu	hy-tmp/stage2_18_group_precision_stability_20260727_213546/seed_20260721.gpu	external_artifact
5c76913ce51dc54a2e745336abf5ac1eac89fae7b2afbaa71d18f11d97274ac1	4493	file	/hy-tmp/stage2_18_group_precision_stability_20260727_213546/seed_20260721.log	hy-tmp/stage2_18_group_precision_stability_20260727_213546/seed_20260721.log	external_artifact
ff25759e7b92d97110af2f85c7f45e586b3fb35b1ed53c02ceacef68d021ae80	7	file	/hy-tmp/stage2_18_group_precision_stability_20260727_213546/seed_20260721.pid	hy-tmp/stage2_18_group_precision_stability_20260727_213546/seed_20260721.pid	external_artifact
9a271f2a916b0b6ee6cecb2426f0b3206ef074578be55d9bc94f6f3fe3ab86aa	2	file	/hy-tmp/stage2_18_group_precision_stability_20260727_213546/seed_20260721.rc	hy-tmp/stage2_18_group_precision_stability_20260727_213546/seed_20260721.rc	external_artifact
062b41526432cb265dfdf3726e125776fc2324ddac9fccf4e52900518fcb6843	600036	file	/hy-tmp/stage2_18_group_precision_stability_20260727_213546/seed_20260721/precision_stability_grid_seed_result.json	hy-tmp/stage2_18_group_precision_stability_20260727_213546/seed_20260721/precision_stability_grid_seed_result.json	external_artifact
6a8206b9e1116f3df16e51344003d8cb00661b33b681c9953dcedd8cbf1a6424	1243	file	/hy-tmp/stage2_18_group_precision_stability_20260727_213546/seed_20260721/resolver_layout/stage1/record/bert large mrpc 1 20260725/final_config.json	hy-tmp/stage2_18_group_precision_stability_20260727_213546/seed_20260721/resolver_layout/stage1/record/bert large mrpc 1 20260725/final_config.json	external_artifact
b56c2f170f999437a30563567f2a5d02beb7da7ad7b4fe15c1e33e1c8ebaf575	1617	file	/hy-tmp/stage2_18_group_precision_stability_20260727_213546/seed_20260721/resolver_layout/stage1/record/bert large mrpc 1 20260725/final_eval.json	hy-tmp/stage2_18_group_precision_stability_20260727_213546/seed_20260721/resolver_layout/stage1/record/bert large mrpc 1 20260725/final_eval.json	external_artifact
e5c760bef0fce43f52360cc546a95725f6dad33f8ca8789aef3b98e41128023a	801	file	/hy-tmp/stage2_18_group_precision_stability_20260727_213546/seed_20260721/resolver_layout/stage1/record/bert large mrpc 1 20260725/metadata.json	hy-tmp/stage2_18_group_precision_stability_20260727_213546/seed_20260721/resolver_layout/stage1/record/bert large mrpc 1 20260725/metadata.json	external_artifact
6e2e448da82821d318807e50006a1ac7bac768730c55687e0892bf20255743a5	1117	file	/hy-tmp/stage2_18_group_precision_stability_20260727_213546/seed_20260721/resolver_layout/stage1/record/bert large mrpc 1 20260725/report.md	hy-tmp/stage2_18_group_precision_stability_20260727_213546/seed_20260721/resolver_layout/stage1/record/bert large mrpc 1 20260725/report.md	external_artifact
fe602e990ef68ebbea14f952d7cdd6956e4b13520cda0ebc77474e7e8fa85667	616	file	/hy-tmp/stage2_18_group_precision_stability_20260727_213546/seed_20260721/resolver_layout/stage2/bert large mrpc/pruning_search_log.txt	hy-tmp/stage2_18_group_precision_stability_20260727_213546/seed_20260721/resolver_layout/stage2/bert large mrpc/pruning_search_log.txt	external_artifact
4355a46b19d348dc2f57c046f8ef63d4538ebb936000f3c9ee954a27460dd865	2	file	/hy-tmp/stage2_18_group_precision_stability_20260727_213546/seed_20261721.gpu	hy-tmp/stage2_18_group_precision_stability_20260727_213546/seed_20261721.gpu	external_artifact
11d3fb6c138f7eb6c04ca6a1207ab74fd3ddd2327314e950a3ca780c8425d2e2	4493	file	/hy-tmp/stage2_18_group_precision_stability_20260727_213546/seed_20261721.log	hy-tmp/stage2_18_group_precision_stability_20260727_213546/seed_20261721.log	external_artifact
f07b2d1e0da8ffdaae3c6b5ddd44a34502b159d676042746bb2942d6f325d9c9	7	file	/hy-tmp/stage2_18_group_precision_stability_20260727_213546/seed_20261721.pid	hy-tmp/stage2_18_group_precision_stability_20260727_213546/seed_20261721.pid	external_artifact
9a271f2a916b0b6ee6cecb2426f0b3206ef074578be55d9bc94f6f3fe3ab86aa	2	file	/hy-tmp/stage2_18_group_precision_stability_20260727_213546/seed_20261721.rc	hy-tmp/stage2_18_group_precision_stability_20260727_213546/seed_20261721.rc	external_artifact
660e3a9788b4946b7e8a37deba025f2cdc49b2d0a4c77152cea30fc3e8b10f7e	600032	file	/hy-tmp/stage2_18_group_precision_stability_20260727_213546/seed_20261721/precision_stability_grid_seed_result.json	hy-tmp/stage2_18_group_precision_stability_20260727_213546/seed_20261721/precision_stability_grid_seed_result.json	external_artifact
6a8206b9e1116f3df16e51344003d8cb00661b33b681c9953dcedd8cbf1a6424	1243	file	/hy-tmp/stage2_18_group_precision_stability_20260727_213546/seed_20261721/resolver_layout/stage1/record/bert large mrpc 1 20260725/final_config.json	hy-tmp/stage2_18_group_precision_stability_20260727_213546/seed_20261721/resolver_layout/stage1/record/bert large mrpc 1 20260725/final_config.json	external_artifact
b56c2f170f999437a30563567f2a5d02beb7da7ad7b4fe15c1e33e1c8ebaf575	1617	file	/hy-tmp/stage2_18_group_precision_stability_20260727_213546/seed_20261721/resolver_layout/stage1/record/bert large mrpc 1 20260725/final_eval.json	hy-tmp/stage2_18_group_precision_stability_20260727_213546/seed_20261721/resolver_layout/stage1/record/bert large mrpc 1 20260725/final_eval.json	external_artifact
e5c760bef0fce43f52360cc546a95725f6dad33f8ca8789aef3b98e41128023a	801	file	/hy-tmp/stage2_18_group_precision_stability_20260727_213546/seed_20261721/resolver_layout/stage1/record/bert large mrpc 1 20260725/metadata.json	hy-tmp/stage2_18_group_precision_stability_20260727_213546/seed_20261721/resolver_layout/stage1/record/bert large mrpc 1 20260725/metadata.json	external_artifact
6e2e448da82821d318807e50006a1ac7bac768730c55687e0892bf20255743a5	1117	file	/hy-tmp/stage2_18_group_precision_stability_20260727_213546/seed_20261721/resolver_layout/stage1/record/bert large mrpc 1 20260725/report.md	hy-tmp/stage2_18_group_precision_stability_20260727_213546/seed_20261721/resolver_layout/stage1/record/bert large mrpc 1 20260725/report.md	external_artifact
aa3701ada0571a705c4e91f0f5a32d1ea94f9ff36a079c30f8ec6fe27fd0e331	616	file	/hy-tmp/stage2_18_group_precision_stability_20260727_213546/seed_20261721/resolver_layout/stage2/bert large mrpc/pruning_search_log.txt	hy-tmp/stage2_18_group_precision_stability_20260727_213546/seed_20261721/resolver_layout/stage2/bert large mrpc/pruning_search_log.txt	external_artifact
53c234e5e8472b6ac51c1ae1cab3fe06fad053beb8ebfd8977b010655bfdd3c3	2	file	/hy-tmp/stage2_18_group_precision_stability_20260727_213546/seed_20262721.gpu	hy-tmp/stage2_18_group_precision_stability_20260727_213546/seed_20262721.gpu	external_artifact
e02fcbc1a1184671c3ef766dd2d8fd796721011c5da5e3948716a87375e6ae5e	4493	file	/hy-tmp/stage2_18_group_precision_stability_20260727_213546/seed_20262721.log	hy-tmp/stage2_18_group_precision_stability_20260727_213546/seed_20262721.log	external_artifact
d635efe54709a00c5dd0e4797747144c977f7d40f4d63b34e5ccbe4b6b0228a4	7	file	/hy-tmp/stage2_18_group_precision_stability_20260727_213546/seed_20262721.pid	hy-tmp/stage2_18_group_precision_stability_20260727_213546/seed_20262721.pid	external_artifact
9a271f2a916b0b6ee6cecb2426f0b3206ef074578be55d9bc94f6f3fe3ab86aa	2	file	/hy-tmp/stage2_18_group_precision_stability_20260727_213546/seed_20262721.rc	hy-tmp/stage2_18_group_precision_stability_20260727_213546/seed_20262721.rc	external_artifact
0f852e60f74bec83ac4dbfae19b646dd4ca5476a4816ba6dd13476f7cd4a121e	599994	file	/hy-tmp/stage2_18_group_precision_stability_20260727_213546/seed_20262721/precision_stability_grid_seed_result.json	hy-tmp/stage2_18_group_precision_stability_20260727_213546/seed_20262721/precision_stability_grid_seed_result.json	external_artifact
6a8206b9e1116f3df16e51344003d8cb00661b33b681c9953dcedd8cbf1a6424	1243	file	/hy-tmp/stage2_18_group_precision_stability_20260727_213546/seed_20262721/resolver_layout/stage1/record/bert large mrpc 1 20260725/final_config.json	hy-tmp/stage2_18_group_precision_stability_20260727_213546/seed_20262721/resolver_layout/stage1/record/bert large mrpc 1 20260725/final_config.json	external_artifact
b56c2f170f999437a30563567f2a5d02beb7da7ad7b4fe15c1e33e1c8ebaf575	1617	file	/hy-tmp/stage2_18_group_precision_stability_20260727_213546/seed_20262721/resolver_layout/stage1/record/bert large mrpc 1 20260725/final_eval.json	hy-tmp/stage2_18_group_precision_stability_20260727_213546/seed_20262721/resolver_layout/stage1/record/bert large mrpc 1 20260725/final_eval.json	external_artifact
e5c760bef0fce43f52360cc546a95725f6dad33f8ca8789aef3b98e41128023a	801	file	/hy-tmp/stage2_18_group_precision_stability_20260727_213546/seed_20262721/resolver_layout/stage1/record/bert large mrpc 1 20260725/metadata.json	hy-tmp/stage2_18_group_precision_stability_20260727_213546/seed_20262721/resolver_layout/stage1/record/bert large mrpc 1 20260725/metadata.json	external_artifact
6e2e448da82821d318807e50006a1ac7bac768730c55687e0892bf20255743a5	1117	file	/hy-tmp/stage2_18_group_precision_stability_20260727_213546/seed_20262721/resolver_layout/stage1/record/bert large mrpc 1 20260725/report.md	hy-tmp/stage2_18_group_precision_stability_20260727_213546/seed_20262721/resolver_layout/stage1/record/bert large mrpc 1 20260725/report.md	external_artifact
49f4048073062b42e197db520f8d29ed1bb2e9704cb4899841f3f01d025a6c3c	616	file	/hy-tmp/stage2_18_group_precision_stability_20260727_213546/seed_20262721/resolver_layout/stage2/bert large mrpc/pruning_search_log.txt	hy-tmp/stage2_18_group_precision_stability_20260727_213546/seed_20262721/resolver_layout/stage2/bert large mrpc/pruning_search_log.txt	external_artifact
1121cfccd5913f0a63fec40a6ffd44ea64f9dc135c66634ba001d10bcf4302a2	2	file	/hy-tmp/stage2_18_group_precision_stability_20260727_213546/seed_20263721.gpu	hy-tmp/stage2_18_group_precision_stability_20260727_213546/seed_20263721.gpu	external_artifact
05e56e72a201702ac7bc5c7ee46235fe5120c34e4a0c3e982ee675333a3defbb	4493	file	/hy-tmp/stage2_18_group_precision_stability_20260727_213546/seed_20263721.log	hy-tmp/stage2_18_group_precision_stability_20260727_213546/seed_20263721.log	external_artifact
96870a01a67a5ff0c00d0db327c2e8d867438059a7bdfcb94ac5d4ad549411f2	7	file	/hy-tmp/stage2_18_group_precision_stability_20260727_213546/seed_20263721.pid	hy-tmp/stage2_18_group_precision_stability_20260727_213546/seed_20263721.pid	external_artifact
9a271f2a916b0b6ee6cecb2426f0b3206ef074578be55d9bc94f6f3fe3ab86aa	2	file	/hy-tmp/stage2_18_group_precision_stability_20260727_213546/seed_20263721.rc	hy-tmp/stage2_18_group_precision_stability_20260727_213546/seed_20263721.rc	external_artifact
d92de2716aeccbb7174a8939d08e99a9071d66c14fa18ec61c3df11f3a981f81	599972	file	/hy-tmp/stage2_18_group_precision_stability_20260727_213546/seed_20263721/precision_stability_grid_seed_result.json	hy-tmp/stage2_18_group_precision_stability_20260727_213546/seed_20263721/precision_stability_grid_seed_result.json	external_artifact
6a8206b9e1116f3df16e51344003d8cb00661b33b681c9953dcedd8cbf1a6424	1243	file	/hy-tmp/stage2_18_group_precision_stability_20260727_213546/seed_20263721/resolver_layout/stage1/record/bert large mrpc 1 20260725/final_config.json	hy-tmp/stage2_18_group_precision_stability_20260727_213546/seed_20263721/resolver_layout/stage1/record/bert large mrpc 1 20260725/final_config.json	external_artifact
b56c2f170f999437a30563567f2a5d02beb7da7ad7b4fe15c1e33e1c8ebaf575	1617	file	/hy-tmp/stage2_18_group_precision_stability_20260727_213546/seed_20263721/resolver_layout/stage1/record/bert large mrpc 1 20260725/final_eval.json	hy-tmp/stage2_18_group_precision_stability_20260727_213546/seed_20263721/resolver_layout/stage1/record/bert large mrpc 1 20260725/final_eval.json	external_artifact
e5c760bef0fce43f52360cc546a95725f6dad33f8ca8789aef3b98e41128023a	801	file	/hy-tmp/stage2_18_group_precision_stability_20260727_213546/seed_20263721/resolver_layout/stage1/record/bert large mrpc 1 20260725/metadata.json	hy-tmp/stage2_18_group_precision_stability_20260727_213546/seed_20263721/resolver_layout/stage1/record/bert large mrpc 1 20260725/metadata.json	external_artifact
6e2e448da82821d318807e50006a1ac7bac768730c55687e0892bf20255743a5	1117	file	/hy-tmp/stage2_18_group_precision_stability_20260727_213546/seed_20263721/resolver_layout/stage1/record/bert large mrpc 1 20260725/report.md	hy-tmp/stage2_18_group_precision_stability_20260727_213546/seed_20263721/resolver_layout/stage1/record/bert large mrpc 1 20260725/report.md	external_artifact
96d2fb60ea412114f29e0b731c277eaae9c0926f2da8e99fff3421412c1a678c	616	file	/hy-tmp/stage2_18_group_precision_stability_20260727_213546/seed_20263721/resolver_layout/stage2/bert large mrpc/pruning_search_log.txt	hy-tmp/stage2_18_group_precision_stability_20260727_213546/seed_20263721/resolver_layout/stage2/bert large mrpc/pruning_search_log.txt	external_artifact
9a271f2a916b0b6ee6cecb2426f0b3206ef074578be55d9bc94f6f3fe3ab86aa	2	file	/hy-tmp/stage2_18_group_precision_stability_20260727_213546/seed_20264721.gpu	hy-tmp/stage2_18_group_precision_stability_20260727_213546/seed_20264721.gpu	external_artifact
b00f9e5e47f1a05a702479aa62153235ff6b1c3d37c51a2afcd7c4e151a673e6	4493	file	/hy-tmp/stage2_18_group_precision_stability_20260727_213546/seed_20264721.log	hy-tmp/stage2_18_group_precision_stability_20260727_213546/seed_20264721.log	external_artifact
260faf807854691513c20d32d8faa3aca0d7f98d5afcf6557c45b66430b2c9ea	7	file	/hy-tmp/stage2_18_group_precision_stability_20260727_213546/seed_20264721.pid	hy-tmp/stage2_18_group_precision_stability_20260727_213546/seed_20264721.pid	external_artifact
9a271f2a916b0b6ee6cecb2426f0b3206ef074578be55d9bc94f6f3fe3ab86aa	2	file	/hy-tmp/stage2_18_group_precision_stability_20260727_213546/seed_20264721.rc	hy-tmp/stage2_18_group_precision_stability_20260727_213546/seed_20264721.rc	external_artifact
a00be74476a275a025c2d80106bd8b315aad7e93aec8aa8eaa4aba0fc97542a8	599885	file	/hy-tmp/stage2_18_group_precision_stability_20260727_213546/seed_20264721/precision_stability_grid_seed_result.json	hy-tmp/stage2_18_group_precision_stability_20260727_213546/seed_20264721/precision_stability_grid_seed_result.json	external_artifact
6a8206b9e1116f3df16e51344003d8cb00661b33b681c9953dcedd8cbf1a6424	1243	file	/hy-tmp/stage2_18_group_precision_stability_20260727_213546/seed_20264721/resolver_layout/stage1/record/bert large mrpc 1 20260725/final_config.json	hy-tmp/stage2_18_group_precision_stability_20260727_213546/seed_20264721/resolver_layout/stage1/record/bert large mrpc 1 20260725/final_config.json	external_artifact
b56c2f170f999437a30563567f2a5d02beb7da7ad7b4fe15c1e33e1c8ebaf575	1617	file	/hy-tmp/stage2_18_group_precision_stability_20260727_213546/seed_20264721/resolver_layout/stage1/record/bert large mrpc 1 20260725/final_eval.json	hy-tmp/stage2_18_group_precision_stability_20260727_213546/seed_20264721/resolver_layout/stage1/record/bert large mrpc 1 20260725/final_eval.json	external_artifact
e5c760bef0fce43f52360cc546a95725f6dad33f8ca8789aef3b98e41128023a	801	file	/hy-tmp/stage2_18_group_precision_stability_20260727_213546/seed_20264721/resolver_layout/stage1/record/bert large mrpc 1 20260725/metadata.json	hy-tmp/stage2_18_group_precision_stability_20260727_213546/seed_20264721/resolver_layout/stage1/record/bert large mrpc 1 20260725/metadata.json	external_artifact
6e2e448da82821d318807e50006a1ac7bac768730c55687e0892bf20255743a5	1117	file	/hy-tmp/stage2_18_group_precision_stability_20260727_213546/seed_20264721/resolver_layout/stage1/record/bert large mrpc 1 20260725/report.md	hy-tmp/stage2_18_group_precision_stability_20260727_213546/seed_20264721/resolver_layout/stage1/record/bert large mrpc 1 20260725/report.md	external_artifact
f5475515e3a4203dad1073a2df27a753d94e2561aeb3a35c58280da16838fa6e	616	file	/hy-tmp/stage2_18_group_precision_stability_20260727_213546/seed_20264721/resolver_layout/stage2/bert large mrpc/pruning_search_log.txt	hy-tmp/stage2_18_group_precision_stability_20260727_213546/seed_20264721/resolver_layout/stage2/bert large mrpc/pruning_search_log.txt	external_artifact
37a40f08d8548dba289b9b0bb35bcf63b359f6d37ee86044ebc6b6da080b9ec1	9	file	/hy-tmp/stage2_18_group_precision_stability_20260727_213546/status.txt	hy-tmp/stage2_18_group_precision_stability_20260727_213546/status.txt	external_artifact
1c9e9533a1d54dc7021dff81fc90b9363880cf8b8777055b457c8f1f771f0890	2660	file	/hy-tmp/stage2_18_group_precision_stability_20260727_213546/supervise.sh	hy-tmp/stage2_18_group_precision_stability_20260727_213546/supervise.sh	external_artifact
e3b0c44298fc1c149afbf4c8996fb92427ae41e4649b934ca495991b7852b855	0	file	/hy-tmp/stage2_18_group_precision_stability_20260727_213546/supervisor.log	hy-tmp/stage2_18_group_precision_stability_20260727_213546/supervisor.log	external_artifact
e800dbf8f20d695c446645aaf6076808244c6f0de6fe72af7d58ffa60de6ce27	7	file	/hy-tmp/stage2_18_group_precision_stability_20260727_213546/supervisor.pid	hy-tmp/stage2_18_group_precision_stability_20260727_213546/supervisor.pid	external_artifact
8b288ba584e6bb3a1125b96b698f75ed95a319005887df489fe25339c2e1bb6b	608	file	/hy-tmp/stage2_21_group_precision_stability_20260727_232919/aggregate.log	hy-tmp/stage2_21_group_precision_stability_20260727_232919/aggregate.log	external_artifact
9a271f2a916b0b6ee6cecb2426f0b3206ef074578be55d9bc94f6f3fe3ab86aa	2	file	/hy-tmp/stage2_21_group_precision_stability_20260727_232919/aggregate.rc	hy-tmp/stage2_21_group_precision_stability_20260727_232919/aggregate.rc	external_artifact
de3fa7d3b4f7f6c0d9e448dc2fe4e3215b3bf8947c266b3d0957b0b0b83be485	81649	file	/hy-tmp/stage2_21_group_precision_stability_20260727_232919/aggregate/stage2_21_group_precision_stability.html	hy-tmp/stage2_21_group_precision_stability_20260727_232919/aggregate/stage2_21_group_precision_stability.html	external_artifact
9174c86b722673afb45bb0f0d4b5b2c8f416e4e3f34da3cc8d8df66840f5775f	411325	file	/hy-tmp/stage2_21_group_precision_stability_20260727_232919/aggregate/stage2_21_group_precision_stability.json	hy-tmp/stage2_21_group_precision_stability_20260727_232919/aggregate/stage2_21_group_precision_stability.json	external_artifact
bf2dee2fc5433f7a8bcfbd9b5e8bc66615aacc80448589f16aed201d26ae3bd1	688	file	/hy-tmp/stage2_21_group_precision_stability_20260727_232919/events.log	hy-tmp/stage2_21_group_precision_stability_20260727_232919/events.log	external_artifact
802b7121bcabe9f73e7b38e518213b59b327e05ec073bdaaccebbb8772e5c1b8	145	file	/hy-tmp/stage2_21_group_precision_stability_20260727_232919/manifest.txt	hy-tmp/stage2_21_group_precision_stability_20260727_232919/manifest.txt	external_artifact
9a271f2a916b0b6ee6cecb2426f0b3206ef074578be55d9bc94f6f3fe3ab86aa	2	file	/hy-tmp/stage2_21_group_precision_stability_20260727_232919/seed_20260721.gpu	hy-tmp/stage2_21_group_precision_stability_20260727_232919/seed_20260721.gpu	external_artifact
78be3c19f4b497889b5d6621b25eba12b3a5cd8f9265b8fa192aa747ef25b95e	4979	file	/hy-tmp/stage2_21_group_precision_stability_20260727_232919/seed_20260721.log	hy-tmp/stage2_21_group_precision_stability_20260727_232919/seed_20260721.log	external_artifact
23ae20bafe12ccbd18a51e52dc3286a668cd4a7ae2d4707ac81a08f449eda905	7	file	/hy-tmp/stage2_21_group_precision_stability_20260727_232919/seed_20260721.pid	hy-tmp/stage2_21_group_precision_stability_20260727_232919/seed_20260721.pid	external_artifact
9a271f2a916b0b6ee6cecb2426f0b3206ef074578be55d9bc94f6f3fe3ab86aa	2	file	/hy-tmp/stage2_21_group_precision_stability_20260727_232919/seed_20260721.rc	hy-tmp/stage2_21_group_precision_stability_20260727_232919/seed_20260721.rc	external_artifact
28622f4149b503c685d91dc740a92b28d52c285d5eb0826b49ee93a7fdba5f55	699732	file	/hy-tmp/stage2_21_group_precision_stability_20260727_232919/seed_20260721/precision_stability_grid_seed_result.json	hy-tmp/stage2_21_group_precision_stability_20260727_232919/seed_20260721/precision_stability_grid_seed_result.json	external_artifact
6a8206b9e1116f3df16e51344003d8cb00661b33b681c9953dcedd8cbf1a6424	1243	file	/hy-tmp/stage2_21_group_precision_stability_20260727_232919/seed_20260721/resolver_layout/stage1/record/bert large mrpc 1 20260725/final_config.json	hy-tmp/stage2_21_group_precision_stability_20260727_232919/seed_20260721/resolver_layout/stage1/record/bert large mrpc 1 20260725/final_config.json	external_artifact
b56c2f170f999437a30563567f2a5d02beb7da7ad7b4fe15c1e33e1c8ebaf575	1617	file	/hy-tmp/stage2_21_group_precision_stability_20260727_232919/seed_20260721/resolver_layout/stage1/record/bert large mrpc 1 20260725/final_eval.json	hy-tmp/stage2_21_group_precision_stability_20260727_232919/seed_20260721/resolver_layout/stage1/record/bert large mrpc 1 20260725/final_eval.json	external_artifact
e5c760bef0fce43f52360cc546a95725f6dad33f8ca8789aef3b98e41128023a	801	file	/hy-tmp/stage2_21_group_precision_stability_20260727_232919/seed_20260721/resolver_layout/stage1/record/bert large mrpc 1 20260725/metadata.json	hy-tmp/stage2_21_group_precision_stability_20260727_232919/seed_20260721/resolver_layout/stage1/record/bert large mrpc 1 20260725/metadata.json	external_artifact
6e2e448da82821d318807e50006a1ac7bac768730c55687e0892bf20255743a5	1117	file	/hy-tmp/stage2_21_group_precision_stability_20260727_232919/seed_20260721/resolver_layout/stage1/record/bert large mrpc 1 20260725/report.md	hy-tmp/stage2_21_group_precision_stability_20260727_232919/seed_20260721/resolver_layout/stage1/record/bert large mrpc 1 20260725/report.md	external_artifact
6c8d9edbc2091fc81ab33536a7baab2c523ff8fa8498e698ef356cb7928bbf46	616	file	/hy-tmp/stage2_21_group_precision_stability_20260727_232919/seed_20260721/resolver_layout/stage2/bert large mrpc/pruning_search_log.txt	hy-tmp/stage2_21_group_precision_stability_20260727_232919/seed_20260721/resolver_layout/stage2/bert large mrpc/pruning_search_log.txt	external_artifact
4355a46b19d348dc2f57c046f8ef63d4538ebb936000f3c9ee954a27460dd865	2	file	/hy-tmp/stage2_21_group_precision_stability_20260727_232919/seed_20261721.gpu	hy-tmp/stage2_21_group_precision_stability_20260727_232919/seed_20261721.gpu	external_artifact
9cade9d967033098f152ab15ff2b610532ea32a023a3805b3235fced6aba6382	4979	file	/hy-tmp/stage2_21_group_precision_stability_20260727_232919/seed_20261721.log	hy-tmp/stage2_21_group_precision_stability_20260727_232919/seed_20261721.log	external_artifact
522764c89581298389d8eb4d55119d21b889475d186fe030708e99af975201a7	7	file	/hy-tmp/stage2_21_group_precision_stability_20260727_232919/seed_20261721.pid	hy-tmp/stage2_21_group_precision_stability_20260727_232919/seed_20261721.pid	external_artifact
9a271f2a916b0b6ee6cecb2426f0b3206ef074578be55d9bc94f6f3fe3ab86aa	2	file	/hy-tmp/stage2_21_group_precision_stability_20260727_232919/seed_20261721.rc	hy-tmp/stage2_21_group_precision_stability_20260727_232919/seed_20261721.rc	external_artifact
888333bfeb06ed07a47dc73a5653d1583112b84ee1121adec8f74cd0f4d9a9cf	699735	file	/hy-tmp/stage2_21_group_precision_stability_20260727_232919/seed_20261721/precision_stability_grid_seed_result.json	hy-tmp/stage2_21_group_precision_stability_20260727_232919/seed_20261721/precision_stability_grid_seed_result.json	external_artifact
6a8206b9e1116f3df16e51344003d8cb00661b33b681c9953dcedd8cbf1a6424	1243	file	/hy-tmp/stage2_21_group_precision_stability_20260727_232919/seed_20261721/resolver_layout/stage1/record/bert large mrpc 1 20260725/final_config.json	hy-tmp/stage2_21_group_precision_stability_20260727_232919/seed_20261721/resolver_layout/stage1/record/bert large mrpc 1 20260725/final_config.json	external_artifact
b56c2f170f999437a30563567f2a5d02beb7da7ad7b4fe15c1e33e1c8ebaf575	1617	file	/hy-tmp/stage2_21_group_precision_stability_20260727_232919/seed_20261721/resolver_layout/stage1/record/bert large mrpc 1 20260725/final_eval.json	hy-tmp/stage2_21_group_precision_stability_20260727_232919/seed_20261721/resolver_layout/stage1/record/bert large mrpc 1 20260725/final_eval.json	external_artifact
e5c760bef0fce43f52360cc546a95725f6dad33f8ca8789aef3b98e41128023a	801	file	/hy-tmp/stage2_21_group_precision_stability_20260727_232919/seed_20261721/resolver_layout/stage1/record/bert large mrpc 1 20260725/metadata.json	hy-tmp/stage2_21_group_precision_stability_20260727_232919/seed_20261721/resolver_layout/stage1/record/bert large mrpc 1 20260725/metadata.json	external_artifact
6e2e448da82821d318807e50006a1ac7bac768730c55687e0892bf20255743a5	1117	file	/hy-tmp/stage2_21_group_precision_stability_20260727_232919/seed_20261721/resolver_layout/stage1/record/bert large mrpc 1 20260725/report.md	hy-tmp/stage2_21_group_precision_stability_20260727_232919/seed_20261721/resolver_layout/stage1/record/bert large mrpc 1 20260725/report.md	external_artifact
9d9de792e242dab57b567bb1454d499ff8af828203ded64437d68b88d31e1e04	616	file	/hy-tmp/stage2_21_group_precision_stability_20260727_232919/seed_20261721/resolver_layout/stage2/bert large mrpc/pruning_search_log.txt	hy-tmp/stage2_21_group_precision_stability_20260727_232919/seed_20261721/resolver_layout/stage2/bert large mrpc/pruning_search_log.txt	external_artifact
53c234e5e8472b6ac51c1ae1cab3fe06fad053beb8ebfd8977b010655bfdd3c3	2	file	/hy-tmp/stage2_21_group_precision_stability_20260727_232919/seed_20262721.gpu	hy-tmp/stage2_21_group_precision_stability_20260727_232919/seed_20262721.gpu	external_artifact
1a0fc2a9e7122d0927dfbfe6dcc56385319b39642bff565eff0bd062b9f65d5e	4979	file	/hy-tmp/stage2_21_group_precision_stability_20260727_232919/seed_20262721.log	hy-tmp/stage2_21_group_precision_stability_20260727_232919/seed_20262721.log	external_artifact
09ada347bfddc31b635d732359382f2a93515f21ec4f9558fddcd7039633414d	7	file	/hy-tmp/stage2_21_group_precision_stability_20260727_232919/seed_20262721.pid	hy-tmp/stage2_21_group_precision_stability_20260727_232919/seed_20262721.pid	external_artifact
9a271f2a916b0b6ee6cecb2426f0b3206ef074578be55d9bc94f6f3fe3ab86aa	2	file	/hy-tmp/stage2_21_group_precision_stability_20260727_232919/seed_20262721.rc	hy-tmp/stage2_21_group_precision_stability_20260727_232919/seed_20262721.rc	external_artifact
7cb674e80d17eb34cc52f092b1cdc3874808799cea334b18d3b038bbd5fe8c7f	699675	file	/hy-tmp/stage2_21_group_precision_stability_20260727_232919/seed_20262721/precision_stability_grid_seed_result.json	hy-tmp/stage2_21_group_precision_stability_20260727_232919/seed_20262721/precision_stability_grid_seed_result.json	external_artifact
6a8206b9e1116f3df16e51344003d8cb00661b33b681c9953dcedd8cbf1a6424	1243	file	/hy-tmp/stage2_21_group_precision_stability_20260727_232919/seed_20262721/resolver_layout/stage1/record/bert large mrpc 1 20260725/final_config.json	hy-tmp/stage2_21_group_precision_stability_20260727_232919/seed_20262721/resolver_layout/stage1/record/bert large mrpc 1 20260725/final_config.json	external_artifact
b56c2f170f999437a30563567f2a5d02beb7da7ad7b4fe15c1e33e1c8ebaf575	1617	file	/hy-tmp/stage2_21_group_precision_stability_20260727_232919/seed_20262721/resolver_layout/stage1/record/bert large mrpc 1 20260725/final_eval.json	hy-tmp/stage2_21_group_precision_stability_20260727_232919/seed_20262721/resolver_layout/stage1/record/bert large mrpc 1 20260725/final_eval.json	external_artifact
e5c760bef0fce43f52360cc546a95725f6dad33f8ca8789aef3b98e41128023a	801	file	/hy-tmp/stage2_21_group_precision_stability_20260727_232919/seed_20262721/resolver_layout/stage1/record/bert large mrpc 1 20260725/metadata.json	hy-tmp/stage2_21_group_precision_stability_20260727_232919/seed_20262721/resolver_layout/stage1/record/bert large mrpc 1 20260725/metadata.json	external_artifact
6e2e448da82821d318807e50006a1ac7bac768730c55687e0892bf20255743a5	1117	file	/hy-tmp/stage2_21_group_precision_stability_20260727_232919/seed_20262721/resolver_layout/stage1/record/bert large mrpc 1 20260725/report.md	hy-tmp/stage2_21_group_precision_stability_20260727_232919/seed_20262721/resolver_layout/stage1/record/bert large mrpc 1 20260725/report.md	external_artifact
7014ef8f2f5f0aaad8726b395671cd08529e4597a0567316e2cbfd404d91ecee	616	file	/hy-tmp/stage2_21_group_precision_stability_20260727_232919/seed_20262721/resolver_layout/stage2/bert large mrpc/pruning_search_log.txt	hy-tmp/stage2_21_group_precision_stability_20260727_232919/seed_20262721/resolver_layout/stage2/bert large mrpc/pruning_search_log.txt	external_artifact
1121cfccd5913f0a63fec40a6ffd44ea64f9dc135c66634ba001d10bcf4302a2	2	file	/hy-tmp/stage2_21_group_precision_stability_20260727_232919/seed_20263721.gpu	hy-tmp/stage2_21_group_precision_stability_20260727_232919/seed_20263721.gpu	external_artifact
2385bab49733fa9c3c2a7aa28a383214b4e08130b3f830d7abeb1c043c7b3643	4979	file	/hy-tmp/stage2_21_group_precision_stability_20260727_232919/seed_20263721.log	hy-tmp/stage2_21_group_precision_stability_20260727_232919/seed_20263721.log	external_artifact
5d937519ec2ba77a78eeeb1ea2107c6945b422ccab802c0e0664d7d2c93f7205	7	file	/hy-tmp/stage2_21_group_precision_stability_20260727_232919/seed_20263721.pid	hy-tmp/stage2_21_group_precision_stability_20260727_232919/seed_20263721.pid	external_artifact
9a271f2a916b0b6ee6cecb2426f0b3206ef074578be55d9bc94f6f3fe3ab86aa	2	file	/hy-tmp/stage2_21_group_precision_stability_20260727_232919/seed_20263721.rc	hy-tmp/stage2_21_group_precision_stability_20260727_232919/seed_20263721.rc	external_artifact
d66d4700a2389202876f8e3ee997045f41d11b9740f24f07a4b0ee9febfa873b	699639	file	/hy-tmp/stage2_21_group_precision_stability_20260727_232919/seed_20263721/precision_stability_grid_seed_result.json	hy-tmp/stage2_21_group_precision_stability_20260727_232919/seed_20263721/precision_stability_grid_seed_result.json	external_artifact
6a8206b9e1116f3df16e51344003d8cb00661b33b681c9953dcedd8cbf1a6424	1243	file	/hy-tmp/stage2_21_group_precision_stability_20260727_232919/seed_20263721/resolver_layout/stage1/record/bert large mrpc 1 20260725/final_config.json	hy-tmp/stage2_21_group_precision_stability_20260727_232919/seed_20263721/resolver_layout/stage1/record/bert large mrpc 1 20260725/final_config.json	external_artifact
b56c2f170f999437a30563567f2a5d02beb7da7ad7b4fe15c1e33e1c8ebaf575	1617	file	/hy-tmp/stage2_21_group_precision_stability_20260727_232919/seed_20263721/resolver_layout/stage1/record/bert large mrpc 1 20260725/final_eval.json	hy-tmp/stage2_21_group_precision_stability_20260727_232919/seed_20263721/resolver_layout/stage1/record/bert large mrpc 1 20260725/final_eval.json	external_artifact
e5c760bef0fce43f52360cc546a95725f6dad33f8ca8789aef3b98e41128023a	801	file	/hy-tmp/stage2_21_group_precision_stability_20260727_232919/seed_20263721/resolver_layout/stage1/record/bert large mrpc 1 20260725/metadata.json	hy-tmp/stage2_21_group_precision_stability_20260727_232919/seed_20263721/resolver_layout/stage1/record/bert large mrpc 1 20260725/metadata.json	external_artifact
6e2e448da82821d318807e50006a1ac7bac768730c55687e0892bf20255743a5	1117	file	/hy-tmp/stage2_21_group_precision_stability_20260727_232919/seed_20263721/resolver_layout/stage1/record/bert large mrpc 1 20260725/report.md	hy-tmp/stage2_21_group_precision_stability_20260727_232919/seed_20263721/resolver_layout/stage1/record/bert large mrpc 1 20260725/report.md	external_artifact
936b7310de8552472c6c46c19ff6c1dd6eaf861a0e9fa991fc34307a44837ee6	616	file	/hy-tmp/stage2_21_group_precision_stability_20260727_232919/seed_20263721/resolver_layout/stage2/bert large mrpc/pruning_search_log.txt	hy-tmp/stage2_21_group_precision_stability_20260727_232919/seed_20263721/resolver_layout/stage2/bert large mrpc/pruning_search_log.txt	external_artifact
9a271f2a916b0b6ee6cecb2426f0b3206ef074578be55d9bc94f6f3fe3ab86aa	2	file	/hy-tmp/stage2_21_group_precision_stability_20260727_232919/seed_20264721.gpu	hy-tmp/stage2_21_group_precision_stability_20260727_232919/seed_20264721.gpu	external_artifact
945de638d9e2c67062685571784b17e4b218043f593d7c9e10de8584dab55781	4979	file	/hy-tmp/stage2_21_group_precision_stability_20260727_232919/seed_20264721.log	hy-tmp/stage2_21_group_precision_stability_20260727_232919/seed_20264721.log	external_artifact
97d3b39c2c5f94877b8030b2aa82cc6d3d85e90d3667c30c166497f73a04e8f3	7	file	/hy-tmp/stage2_21_group_precision_stability_20260727_232919/seed_20264721.pid	hy-tmp/stage2_21_group_precision_stability_20260727_232919/seed_20264721.pid	external_artifact
9a271f2a916b0b6ee6cecb2426f0b3206ef074578be55d9bc94f6f3fe3ab86aa	2	file	/hy-tmp/stage2_21_group_precision_stability_20260727_232919/seed_20264721.rc	hy-tmp/stage2_21_group_precision_stability_20260727_232919/seed_20264721.rc	external_artifact
0d1a9a0812cc0562ab5e94c659055e9362e35d2a3dd382d7ab9e91380d4e1fc2	699553	file	/hy-tmp/stage2_21_group_precision_stability_20260727_232919/seed_20264721/precision_stability_grid_seed_result.json	hy-tmp/stage2_21_group_precision_stability_20260727_232919/seed_20264721/precision_stability_grid_seed_result.json	external_artifact
6a8206b9e1116f3df16e51344003d8cb00661b33b681c9953dcedd8cbf1a6424	1243	file	/hy-tmp/stage2_21_group_precision_stability_20260727_232919/seed_20264721/resolver_layout/stage1/record/bert large mrpc 1 20260725/final_config.json	hy-tmp/stage2_21_group_precision_stability_20260727_232919/seed_20264721/resolver_layout/stage1/record/bert large mrpc 1 20260725/final_config.json	external_artifact
b56c2f170f999437a30563567f2a5d02beb7da7ad7b4fe15c1e33e1c8ebaf575	1617	file	/hy-tmp/stage2_21_group_precision_stability_20260727_232919/seed_20264721/resolver_layout/stage1/record/bert large mrpc 1 20260725/final_eval.json	hy-tmp/stage2_21_group_precision_stability_20260727_232919/seed_20264721/resolver_layout/stage1/record/bert large mrpc 1 20260725/final_eval.json	external_artifact
e5c760bef0fce43f52360cc546a95725f6dad33f8ca8789aef3b98e41128023a	801	file	/hy-tmp/stage2_21_group_precision_stability_20260727_232919/seed_20264721/resolver_layout/stage1/record/bert large mrpc 1 20260725/metadata.json	hy-tmp/stage2_21_group_precision_stability_20260727_232919/seed_20264721/resolver_layout/stage1/record/bert large mrpc 1 20260725/metadata.json	external_artifact
6e2e448da82821d318807e50006a1ac7bac768730c55687e0892bf20255743a5	1117	file	/hy-tmp/stage2_21_group_precision_stability_20260727_232919/seed_20264721/resolver_layout/stage1/record/bert large mrpc 1 20260725/report.md	hy-tmp/stage2_21_group_precision_stability_20260727_232919/seed_20264721/resolver_layout/stage1/record/bert large mrpc 1 20260725/report.md	external_artifact
d992a4c0297604d23e994e87fcf9241280170b8fa3dabb0dd5e9900a605b8a94	616	file	/hy-tmp/stage2_21_group_precision_stability_20260727_232919/seed_20264721/resolver_layout/stage2/bert large mrpc/pruning_search_log.txt	hy-tmp/stage2_21_group_precision_stability_20260727_232919/seed_20264721/resolver_layout/stage2/bert large mrpc/pruning_search_log.txt	external_artifact
37a40f08d8548dba289b9b0bb35bcf63b359f6d37ee86044ebc6b6da080b9ec1	9	file	/hy-tmp/stage2_21_group_precision_stability_20260727_232919/status.txt	hy-tmp/stage2_21_group_precision_stability_20260727_232919/status.txt	external_artifact
1c9e9533a1d54dc7021dff81fc90b9363880cf8b8777055b457c8f1f771f0890	2660	file	/hy-tmp/stage2_21_group_precision_stability_20260727_232919/supervise.sh	hy-tmp/stage2_21_group_precision_stability_20260727_232919/supervise.sh	external_artifact
e3b0c44298fc1c149afbf4c8996fb92427ae41e4649b934ca495991b7852b855	0	file	/hy-tmp/stage2_21_group_precision_stability_20260727_232919/supervisor.log	hy-tmp/stage2_21_group_precision_stability_20260727_232919/supervisor.log	external_artifact
10c844b4506685f8f180fc59d52488dbd5cb27ffa69a187bb8efb68e7c1ba822	7	file	/hy-tmp/stage2_21_group_precision_stability_20260727_232919/supervisor.pid	hy-tmp/stage2_21_group_precision_stability_20260727_232919/supervisor.pid	external_artifact
d685e5f1545d8425712aa95bef8c63e05df115dd263626dbf72731a13c73ec74	794	file	/hy-tmp/stage2_27_group_precision_stability_20260727_234158/aggregate.log	hy-tmp/stage2_27_group_precision_stability_20260727_234158/aggregate.log	external_artifact
9a271f2a916b0b6ee6cecb2426f0b3206ef074578be55d9bc94f6f3fe3ab86aa	2	file	/hy-tmp/stage2_27_group_precision_stability_20260727_234158/aggregate.rc	hy-tmp/stage2_27_group_precision_stability_20260727_234158/aggregate.rc	external_artifact
49dfa73ce50fde4aef3e9f29b3d33ca273255960da55252776bfe9b8d067490e	106304	file	/hy-tmp/stage2_27_group_precision_stability_20260727_234158/aggregate/stage2_27_group_precision_stability.html	hy-tmp/stage2_27_group_precision_stability_20260727_234158/aggregate/stage2_27_group_precision_stability.html	external_artifact
076efbe8281771fbd2b2d7b0643c99e568e349c3665c420aa857fc91cd416282	559329	file	/hy-tmp/stage2_27_group_precision_stability_20260727_234158/aggregate/stage2_27_group_precision_stability.json	hy-tmp/stage2_27_group_precision_stability_20260727_234158/aggregate/stage2_27_group_precision_stability.json	external_artifact
b323b739faaa8f05bd4a52d69a960c40fa80c0dde93bde9b3115f27e7da85cc4	688	file	/hy-tmp/stage2_27_group_precision_stability_20260727_234158/events.log	hy-tmp/stage2_27_group_precision_stability_20260727_234158/events.log	external_artifact
1a4fa8f9c335ac76ba872044fd311211be6aa37e6eeab09c7645f3d47958ef82	145	file	/hy-tmp/stage2_27_group_precision_stability_20260727_234158/manifest.txt	hy-tmp/stage2_27_group_precision_stability_20260727_234158/manifest.txt	external_artifact
9a271f2a916b0b6ee6cecb2426f0b3206ef074578be55d9bc94f6f3fe3ab86aa	2	file	/hy-tmp/stage2_27_group_precision_stability_20260727_234158/seed_20260721.gpu	hy-tmp/stage2_27_group_precision_stability_20260727_234158/seed_20260721.gpu	external_artifact
fddf16e1eb230787f89b429b30fa69ea3ae9c3ce5f667bca8360c97a9cb6f6a6	6776	file	/hy-tmp/stage2_27_group_precision_stability_20260727_234158/seed_20260721.log	hy-tmp/stage2_27_group_precision_stability_20260727_234158/seed_20260721.log	external_artifact
2bc7a940ea79309912ea292e1f3911d996d8c93832483a4bb0d6596b24d41ec5	7	file	/hy-tmp/stage2_27_group_precision_stability_20260727_234158/seed_20260721.pid	hy-tmp/stage2_27_group_precision_stability_20260727_234158/seed_20260721.pid	external_artifact
9a271f2a916b0b6ee6cecb2426f0b3206ef074578be55d9bc94f6f3fe3ab86aa	2	file	/hy-tmp/stage2_27_group_precision_stability_20260727_234158/seed_20260721.rc	hy-tmp/stage2_27_group_precision_stability_20260727_234158/seed_20260721.rc	external_artifact
a3f886251f265d3fbae3226b7de671c6216aa847ae55c9036710806d2c451ca1	929736	file	/hy-tmp/stage2_27_group_precision_stability_20260727_234158/seed_20260721/precision_stability_grid_seed_result.json	hy-tmp/stage2_27_group_precision_stability_20260727_234158/seed_20260721/precision_stability_grid_seed_result.json	external_artifact
6a8206b9e1116f3df16e51344003d8cb00661b33b681c9953dcedd8cbf1a6424	1243	file	/hy-tmp/stage2_27_group_precision_stability_20260727_234158/seed_20260721/resolver_layout/stage1/record/bert large mrpc 1 20260725/final_config.json	hy-tmp/stage2_27_group_precision_stability_20260727_234158/seed_20260721/resolver_layout/stage1/record/bert large mrpc 1 20260725/final_config.json	external_artifact
b56c2f170f999437a30563567f2a5d02beb7da7ad7b4fe15c1e33e1c8ebaf575	1617	file	/hy-tmp/stage2_27_group_precision_stability_20260727_234158/seed_20260721/resolver_layout/stage1/record/bert large mrpc 1 20260725/final_eval.json	hy-tmp/stage2_27_group_precision_stability_20260727_234158/seed_20260721/resolver_layout/stage1/record/bert large mrpc 1 20260725/final_eval.json	external_artifact
e5c760bef0fce43f52360cc546a95725f6dad33f8ca8789aef3b98e41128023a	801	file	/hy-tmp/stage2_27_group_precision_stability_20260727_234158/seed_20260721/resolver_layout/stage1/record/bert large mrpc 1 20260725/metadata.json	hy-tmp/stage2_27_group_precision_stability_20260727_234158/seed_20260721/resolver_layout/stage1/record/bert large mrpc 1 20260725/metadata.json	external_artifact
6e2e448da82821d318807e50006a1ac7bac768730c55687e0892bf20255743a5	1117	file	/hy-tmp/stage2_27_group_precision_stability_20260727_234158/seed_20260721/resolver_layout/stage1/record/bert large mrpc 1 20260725/report.md	hy-tmp/stage2_27_group_precision_stability_20260727_234158/seed_20260721/resolver_layout/stage1/record/bert large mrpc 1 20260725/report.md	external_artifact
05b3390a0e20f020330c8321a42c9c2f4ac884cd2caf240fdc95dafc193e3532	616	file	/hy-tmp/stage2_27_group_precision_stability_20260727_234158/seed_20260721/resolver_layout/stage2/bert large mrpc/pruning_search_log.txt	hy-tmp/stage2_27_group_precision_stability_20260727_234158/seed_20260721/resolver_layout/stage2/bert large mrpc/pruning_search_log.txt	external_artifact
4355a46b19d348dc2f57c046f8ef63d4538ebb936000f3c9ee954a27460dd865	2	file	/hy-tmp/stage2_27_group_precision_stability_20260727_234158/seed_20261721.gpu	hy-tmp/stage2_27_group_precision_stability_20260727_234158/seed_20261721.gpu	external_artifact
d504af8ed9f5b8c92697ec64d65a4beab45b4892d3bd08e1c42be47f96391058	6776	file	/hy-tmp/stage2_27_group_precision_stability_20260727_234158/seed_20261721.log	hy-tmp/stage2_27_group_precision_stability_20260727_234158/seed_20261721.log	external_artifact
5a4820c37030692f6602ea5bed89e803fe6ff0b9df1856ff23fdad6455135a9b	7	file	/hy-tmp/stage2_27_group_precision_stability_20260727_234158/seed_20261721.pid	hy-tmp/stage2_27_group_precision_stability_20260727_234158/seed_20261721.pid	external_artifact
9a271f2a916b0b6ee6cecb2426f0b3206ef074578be55d9bc94f6f3fe3ab86aa	2	file	/hy-tmp/stage2_27_group_precision_stability_20260727_234158/seed_20261721.rc	hy-tmp/stage2_27_group_precision_stability_20260727_234158/seed_20261721.rc	external_artifact
6c7773f7a9c10268ab8274ff1bfcf340b3f87dd75a1cd77d5a80adc3dfb5d0fd	929803	file	/hy-tmp/stage2_27_group_precision_stability_20260727_234158/seed_20261721/precision_stability_grid_seed_result.json	hy-tmp/stage2_27_group_precision_stability_20260727_234158/seed_20261721/precision_stability_grid_seed_result.json	external_artifact
6a8206b9e1116f3df16e51344003d8cb00661b33b681c9953dcedd8cbf1a6424	1243	file	/hy-tmp/stage2_27_group_precision_stability_20260727_234158/seed_20261721/resolver_layout/stage1/record/bert large mrpc 1 20260725/final_config.json	hy-tmp/stage2_27_group_precision_stability_20260727_234158/seed_20261721/resolver_layout/stage1/record/bert large mrpc 1 20260725/final_config.json	external_artifact
b56c2f170f999437a30563567f2a5d02beb7da7ad7b4fe15c1e33e1c8ebaf575	1617	file	/hy-tmp/stage2_27_group_precision_stability_20260727_234158/seed_20261721/resolver_layout/stage1/record/bert large mrpc 1 20260725/final_eval.json	hy-tmp/stage2_27_group_precision_stability_20260727_234158/seed_20261721/resolver_layout/stage1/record/bert large mrpc 1 20260725/final_eval.json	external_artifact
e5c760bef0fce43f52360cc546a95725f6dad33f8ca8789aef3b98e41128023a	801	file	/hy-tmp/stage2_27_group_precision_stability_20260727_234158/seed_20261721/resolver_layout/stage1/record/bert large mrpc 1 20260725/metadata.json	hy-tmp/stage2_27_group_precision_stability_20260727_234158/seed_20261721/resolver_layout/stage1/record/bert large mrpc 1 20260725/metadata.json	external_artifact
6e2e448da82821d318807e50006a1ac7bac768730c55687e0892bf20255743a5	1117	file	/hy-tmp/stage2_27_group_precision_stability_20260727_234158/seed_20261721/resolver_layout/stage1/record/bert large mrpc 1 20260725/report.md	hy-tmp/stage2_27_group_precision_stability_20260727_234158/seed_20261721/resolver_layout/stage1/record/bert large mrpc 1 20260725/report.md	external_artifact
c8279ac35437e63099bb8ee92724c738eb83aa9f2a5e5c46d9e39d3faf352004	616	file	/hy-tmp/stage2_27_group_precision_stability_20260727_234158/seed_20261721/resolver_layout/stage2/bert large mrpc/pruning_search_log.txt	hy-tmp/stage2_27_group_precision_stability_20260727_234158/seed_20261721/resolver_layout/stage2/bert large mrpc/pruning_search_log.txt	external_artifact
53c234e5e8472b6ac51c1ae1cab3fe06fad053beb8ebfd8977b010655bfdd3c3	2	file	/hy-tmp/stage2_27_group_precision_stability_20260727_234158/seed_20262721.gpu	hy-tmp/stage2_27_group_precision_stability_20260727_234158/seed_20262721.gpu	external_artifact
b02f01b995fa8d35d867544a2892ad11304bed7dc6e25276c174fb731765356c	6776	file	/hy-tmp/stage2_27_group_precision_stability_20260727_234158/seed_20262721.log	hy-tmp/stage2_27_group_precision_stability_20260727_234158/seed_20262721.log	external_artifact
df96f36aee0d135e01dcb9f12ece07088083b67168c56f89254e927c1f08cebf	7	file	/hy-tmp/stage2_27_group_precision_stability_20260727_234158/seed_20262721.pid	hy-tmp/stage2_27_group_precision_stability_20260727_234158/seed_20262721.pid	external_artifact
9a271f2a916b0b6ee6cecb2426f0b3206ef074578be55d9bc94f6f3fe3ab86aa	2	file	/hy-tmp/stage2_27_group_precision_stability_20260727_234158/seed_20262721.rc	hy-tmp/stage2_27_group_precision_stability_20260727_234158/seed_20262721.rc	external_artifact
0b7f8ae798ff6cc0714974c3b3bb8aee0c8859b67eb7bca39635366690342163	929730	file	/hy-tmp/stage2_27_group_precision_stability_20260727_234158/seed_20262721/precision_stability_grid_seed_result.json	hy-tmp/stage2_27_group_precision_stability_20260727_234158/seed_20262721/precision_stability_grid_seed_result.json	external_artifact
6a8206b9e1116f3df16e51344003d8cb00661b33b681c9953dcedd8cbf1a6424	1243	file	/hy-tmp/stage2_27_group_precision_stability_20260727_234158/seed_20262721/resolver_layout/stage1/record/bert large mrpc 1 20260725/final_config.json	hy-tmp/stage2_27_group_precision_stability_20260727_234158/seed_20262721/resolver_layout/stage1/record/bert large mrpc 1 20260725/final_config.json	external_artifact
b56c2f170f999437a30563567f2a5d02beb7da7ad7b4fe15c1e33e1c8ebaf575	1617	file	/hy-tmp/stage2_27_group_precision_stability_20260727_234158/seed_20262721/resolver_layout/stage1/record/bert large mrpc 1 20260725/final_eval.json	hy-tmp/stage2_27_group_precision_stability_20260727_234158/seed_20262721/resolver_layout/stage1/record/bert large mrpc 1 20260725/final_eval.json	external_artifact
e5c760bef0fce43f52360cc546a95725f6dad33f8ca8789aef3b98e41128023a	801	file	/hy-tmp/stage2_27_group_precision_stability_20260727_234158/seed_20262721/resolver_layout/stage1/record/bert large mrpc 1 20260725/metadata.json	hy-tmp/stage2_27_group_precision_stability_20260727_234158/seed_20262721/resolver_layout/stage1/record/bert large mrpc 1 20260725/metadata.json	external_artifact
6e2e448da82821d318807e50006a1ac7bac768730c55687e0892bf20255743a5	1117	file	/hy-tmp/stage2_27_group_precision_stability_20260727_234158/seed_20262721/resolver_layout/stage1/record/bert large mrpc 1 20260725/report.md	hy-tmp/stage2_27_group_precision_stability_20260727_234158/seed_20262721/resolver_layout/stage1/record/bert large mrpc 1 20260725/report.md	external_artifact
a0aeb7c290a960f11e52caf287cc2986f64d9d5496d77e456692c6ee34784cba	616	file	/hy-tmp/stage2_27_group_precision_stability_20260727_234158/seed_20262721/resolver_layout/stage2/bert large mrpc/pruning_search_log.txt	hy-tmp/stage2_27_group_precision_stability_20260727_234158/seed_20262721/resolver_layout/stage2/bert large mrpc/pruning_search_log.txt	external_artifact
1121cfccd5913f0a63fec40a6ffd44ea64f9dc135c66634ba001d10bcf4302a2	2	file	/hy-tmp/stage2_27_group_precision_stability_20260727_234158/seed_20263721.gpu	hy-tmp/stage2_27_group_precision_stability_20260727_234158/seed_20263721.gpu	external_artifact
1467e18e28de44b227830c6a82b0978c17d416eb76ac44555d96bfd6f3ce89a2	6776	file	/hy-tmp/stage2_27_group_precision_stability_20260727_234158/seed_20263721.log	hy-tmp/stage2_27_group_precision_stability_20260727_234158/seed_20263721.log	external_artifact
18b21b4897845a589f35815dd808e8a91c7b174c19370a2c537dbf58e01f12c2	7	file	/hy-tmp/stage2_27_group_precision_stability_20260727_234158/seed_20263721.pid	hy-tmp/stage2_27_group_precision_stability_20260727_234158/seed_20263721.pid	external_artifact
9a271f2a916b0b6ee6cecb2426f0b3206ef074578be55d9bc94f6f3fe3ab86aa	2	file	/hy-tmp/stage2_27_group_precision_stability_20260727_234158/seed_20263721.rc	hy-tmp/stage2_27_group_precision_stability_20260727_234158/seed_20263721.rc	external_artifact
c5d8d70d13df85a5d973e15ad92e4f21029f4b5601ad556339ca823acfdbf846	929720	file	/hy-tmp/stage2_27_group_precision_stability_20260727_234158/seed_20263721/precision_stability_grid_seed_result.json	hy-tmp/stage2_27_group_precision_stability_20260727_234158/seed_20263721/precision_stability_grid_seed_result.json	external_artifact
6a8206b9e1116f3df16e51344003d8cb00661b33b681c9953dcedd8cbf1a6424	1243	file	/hy-tmp/stage2_27_group_precision_stability_20260727_234158/seed_20263721/resolver_layout/stage1/record/bert large mrpc 1 20260725/final_config.json	hy-tmp/stage2_27_group_precision_stability_20260727_234158/seed_20263721/resolver_layout/stage1/record/bert large mrpc 1 20260725/final_config.json	external_artifact
b56c2f170f999437a30563567f2a5d02beb7da7ad7b4fe15c1e33e1c8ebaf575	1617	file	/hy-tmp/stage2_27_group_precision_stability_20260727_234158/seed_20263721/resolver_layout/stage1/record/bert large mrpc 1 20260725/final_eval.json	hy-tmp/stage2_27_group_precision_stability_20260727_234158/seed_20263721/resolver_layout/stage1/record/bert large mrpc 1 20260725/final_eval.json	external_artifact
e5c760bef0fce43f52360cc546a95725f6dad33f8ca8789aef3b98e41128023a	801	file	/hy-tmp/stage2_27_group_precision_stability_20260727_234158/seed_20263721/resolver_layout/stage1/record/bert large mrpc 1 20260725/metadata.json	hy-tmp/stage2_27_group_precision_stability_20260727_234158/seed_20263721/resolver_layout/stage1/record/bert large mrpc 1 20260725/metadata.json	external_artifact
6e2e448da82821d318807e50006a1ac7bac768730c55687e0892bf20255743a5	1117	file	/hy-tmp/stage2_27_group_precision_stability_20260727_234158/seed_20263721/resolver_layout/stage1/record/bert large mrpc 1 20260725/report.md	hy-tmp/stage2_27_group_precision_stability_20260727_234158/seed_20263721/resolver_layout/stage1/record/bert large mrpc 1 20260725/report.md	external_artifact
e230cc6a5c8484e5600ee8119b93410cd5e6648ff9b25fc6c25814368b2da895	616	file	/hy-tmp/stage2_27_group_precision_stability_20260727_234158/seed_20263721/resolver_layout/stage2/bert large mrpc/pruning_search_log.txt	hy-tmp/stage2_27_group_precision_stability_20260727_234158/seed_20263721/resolver_layout/stage2/bert large mrpc/pruning_search_log.txt	external_artifact
9a271f2a916b0b6ee6cecb2426f0b3206ef074578be55d9bc94f6f3fe3ab86aa	2	file	/hy-tmp/stage2_27_group_precision_stability_20260727_234158/seed_20264721.gpu	hy-tmp/stage2_27_group_precision_stability_20260727_234158/seed_20264721.gpu	external_artifact
ff3fd1cdb258830c68d686b4c788a4561f124e1e27c282ceae17b90e3e893ead	6776	file	/hy-tmp/stage2_27_group_precision_stability_20260727_234158/seed_20264721.log	hy-tmp/stage2_27_group_precision_stability_20260727_234158/seed_20264721.log	external_artifact
5c782da9860a87640b921a654ba71be33c020766c8428261960dbb0c059a0d12	7	file	/hy-tmp/stage2_27_group_precision_stability_20260727_234158/seed_20264721.pid	hy-tmp/stage2_27_group_precision_stability_20260727_234158/seed_20264721.pid	external_artifact
9a271f2a916b0b6ee6cecb2426f0b3206ef074578be55d9bc94f6f3fe3ab86aa	2	file	/hy-tmp/stage2_27_group_precision_stability_20260727_234158/seed_20264721.rc	hy-tmp/stage2_27_group_precision_stability_20260727_234158/seed_20264721.rc	external_artifact
324f618b643f308a75b320238f6e60283affdc598b66991ddb2df72ebaf0820f	929571	file	/hy-tmp/stage2_27_group_precision_stability_20260727_234158/seed_20264721/precision_stability_grid_seed_result.json	hy-tmp/stage2_27_group_precision_stability_20260727_234158/seed_20264721/precision_stability_grid_seed_result.json	external_artifact
6a8206b9e1116f3df16e51344003d8cb00661b33b681c9953dcedd8cbf1a6424	1243	file	/hy-tmp/stage2_27_group_precision_stability_20260727_234158/seed_20264721/resolver_layout/stage1/record/bert large mrpc 1 20260725/final_config.json	hy-tmp/stage2_27_group_precision_stability_20260727_234158/seed_20264721/resolver_layout/stage1/record/bert large mrpc 1 20260725/final_config.json	external_artifact
b56c2f170f999437a30563567f2a5d02beb7da7ad7b4fe15c1e33e1c8ebaf575	1617	file	/hy-tmp/stage2_27_group_precision_stability_20260727_234158/seed_20264721/resolver_layout/stage1/record/bert large mrpc 1 20260725/final_eval.json	hy-tmp/stage2_27_group_precision_stability_20260727_234158/seed_20264721/resolver_layout/stage1/record/bert large mrpc 1 20260725/final_eval.json	external_artifact
e5c760bef0fce43f52360cc546a95725f6dad33f8ca8789aef3b98e41128023a	801	file	/hy-tmp/stage2_27_group_precision_stability_20260727_234158/seed_20264721/resolver_layout/stage1/record/bert large mrpc 1 20260725/metadata.json	hy-tmp/stage2_27_group_precision_stability_20260727_234158/seed_20264721/resolver_layout/stage1/record/bert large mrpc 1 20260725/metadata.json	external_artifact
6e2e448da82821d318807e50006a1ac7bac768730c55687e0892bf20255743a5	1117	file	/hy-tmp/stage2_27_group_precision_stability_20260727_234158/seed_20264721/resolver_layout/stage1/record/bert large mrpc 1 20260725/report.md	hy-tmp/stage2_27_group_precision_stability_20260727_234158/seed_20264721/resolver_layout/stage1/record/bert large mrpc 1 20260725/report.md	external_artifact
4269c209ab859cc6eb16eaeabc8c486e2685a9ed60a9b4fb57a94f2f195da81e	616	file	/hy-tmp/stage2_27_group_precision_stability_20260727_234158/seed_20264721/resolver_layout/stage2/bert large mrpc/pruning_search_log.txt	hy-tmp/stage2_27_group_precision_stability_20260727_234158/seed_20264721/resolver_layout/stage2/bert large mrpc/pruning_search_log.txt	external_artifact
37a40f08d8548dba289b9b0bb35bcf63b359f6d37ee86044ebc6b6da080b9ec1	9	file	/hy-tmp/stage2_27_group_precision_stability_20260727_234158/status.txt	hy-tmp/stage2_27_group_precision_stability_20260727_234158/status.txt	external_artifact
1c9e9533a1d54dc7021dff81fc90b9363880cf8b8777055b457c8f1f771f0890	2660	file	/hy-tmp/stage2_27_group_precision_stability_20260727_234158/supervise.sh	hy-tmp/stage2_27_group_precision_stability_20260727_234158/supervise.sh	external_artifact
e3b0c44298fc1c149afbf4c8996fb92427ae41e4649b934ca495991b7852b855	0	file	/hy-tmp/stage2_27_group_precision_stability_20260727_234158/supervisor.log	hy-tmp/stage2_27_group_precision_stability_20260727_234158/supervisor.log	external_artifact
98f8b2aa41c4361b621c2154674f261b8c9f823573fbaed46a8aeb7c5fd3de1b	7	file	/hy-tmp/stage2_27_group_precision_stability_20260727_234158/supervisor.pid	hy-tmp/stage2_27_group_precision_stability_20260727_234158/supervisor.pid	external_artifact
cdebbc23bb42cd5b0b0c06a5a86053f1d0dd9b301bc8979f708cac9c998241f7	6	file	/hy-tmp/stage2_exact_probe_ab_20260725_201609/batch.pid	hy-tmp/stage2_exact_probe_ab_20260725_201609/batch.pid	external_artifact
3cc8515e5f481210805abd4c4a36328b16e85ae3299a3c89d9d9bae074dbddf8	3771	file	/hy-tmp/stage2_exact_probe_ab_20260725_201609/batch_argv.json	hy-tmp/stage2_exact_probe_ab_20260725_201609/batch_argv.json	external_artifact
aecb622f8ea5317c0d3ce167ab3ca4e5a72cb1e46afbde920190fec712741f31	6037168	file	/hy-tmp/stage2_exact_probe_ab_20260725_201609/batch_episodes_10920_11279.jsonl	hy-tmp/stage2_exact_probe_ab_20260725_201609/batch_episodes_10920_11279.jsonl	external_artifact
a98d8467d6f68df34e654092d54b1b32d8174b6af34a85e279f79e94e6088499	2009724	file	/hy-tmp/stage2_exact_probe_ab_20260725_201609/batch_first120.jsonl	hy-tmp/stage2_exact_probe_ab_20260725_201609/batch_first120.jsonl	external_artifact
2bfff41bda0762e96d15085fb6b988de67790b2677a46182980d522bd0c9f2b8	4025682	file	/hy-tmp/stage2_exact_probe_ab_20260725_201609/batch_first240.jsonl	hy-tmp/stage2_exact_probe_ab_20260725_201609/batch_first240.jsonl	external_artifact
e6b8ac3b7d89b0625c6b5f682c806905e044f33bc1d8f77000b0a9f033021508	1071527	file	/hy-tmp/stage2_exact_probe_ab_20260725_201609/batch_first64.jsonl	hy-tmp/stage2_exact_probe_ab_20260725_201609/batch_first64.jsonl	external_artifact
e762036849b9edf3acbd5524ad2ed61e6865999d6fbb0690b4e01424a1631e38	6	file	/hy-tmp/stage2_exact_probe_ab_20260725_201609/batch_gpu_sampler.pid	hy-tmp/stage2_exact_probe_ab_20260725_201609/batch_gpu_sampler.pid	external_artifact
aa7cb31ca5126c1462248a23c5bebed935f9159706f580e5713c1df8d83bdaa3	169455	file	/hy-tmp/stage2_exact_probe_ab_20260725_201609/batch_gpu_samples.csv	hy-tmp/stage2_exact_probe_ab_20260725_201609/batch_gpu_samples.csv	external_artifact
25c20998031317bc60f455482972c6581f526e032735dfce6bb2ed681d00ce65	128177	file	/hy-tmp/stage2_exact_probe_ab_20260725_201609/batch_ppo92.jsonl	hy-tmp/stage2_exact_probe_ab_20260725_201609/batch_ppo92.jsonl	external_artifact
ee1a8cfa350fad97212f1aea7065ab9351e97f97c0065f0f18de20d1421f6757	256338	file	/hy-tmp/stage2_exact_probe_ab_20260725_201609/batch_ppo92_93.jsonl	hy-tmp/stage2_exact_probe_ab_20260725_201609/batch_ppo92_93.jsonl	external_artifact
f41f19de74907826fd725cbba72a3ac52f29a43ba88206cea6f22197d9bbdfe8	386525	file	/hy-tmp/stage2_exact_probe_ab_20260725_201609/batch_ppo_92_94.jsonl	hy-tmp/stage2_exact_probe_ab_20260725_201609/batch_ppo_92_94.jsonl	external_artifact
50ab924600999f71dc68e865779f1dd58144c862fad4f81719ce0e70884f7840	19	file	/hy-tmp/stage2_exact_probe_ab_20260725_201609/batch_train_wall.txt	hy-tmp/stage2_exact_probe_ab_20260725_201609/batch_train_wall.txt	external_artifact
c8f60f4853eec67ac929fb71d40bbf885d92d0da773b12462b097be33eb4217f	6	file	/hy-tmp/stage2_exact_probe_ab_20260725_201609/batch_watcher.pid	hy-tmp/stage2_exact_probe_ab_20260725_201609/batch_watcher.pid	external_artifact
56be8e9c10c3ae745a6a499a23c323a2be82334c20bd92d6138570331e69dd71	21	file	/hy-tmp/stage2_exact_probe_ab_20260725_201609/batch_wrapper_end.txt	hy-tmp/stage2_exact_probe_ab_20260725_201609/batch_wrapper_end.txt	external_artifact
a2871a311fb5796651249eaf3a25694ba52c16314c6803a6efb90b12d6d386cd	21	file	/hy-tmp/stage2_exact_probe_ab_20260725_201609/batch_wrapper_start.txt	hy-tmp/stage2_exact_probe_ab_20260725_201609/batch_wrapper_start.txt	external_artifact
29ed08d4357f73be4771889240355e5fcd90a39f7caab945c6fc7beed30c673b	1419	file	/hy-tmp/stage2_exact_probe_ab_20260725_201609/benchmark_summary.json	hy-tmp/stage2_exact_probe_ab_20260725_201609/benchmark_summary.json	external_artifact
dc77558f5f2476d07779e155250b83ba1bcd20819afaf3b34be8fcaf79fb5067	106	file	/hy-tmp/stage2_exact_probe_ab_20260725_201609/candidate_store_compare.txt	hy-tmp/stage2_exact_probe_ab_20260725_201609/candidate_store_compare.txt	external_artifact
7670b5c28307fe39a6a98c516c415cb05d22b7ed153ff6644149ff85507eb043	168	file	/hy-tmp/stage2_exact_probe_ab_20260725_201609/checkpoint_compare.txt	hy-tmp/stage2_exact_probe_ab_20260725_201609/checkpoint_compare.txt	external_artifact
7670b5c28307fe39a6a98c516c415cb05d22b7ed153ff6644149ff85507eb043	168	file	/hy-tmp/stage2_exact_probe_ab_20260725_201609/checkpoint_compare_pre_edge_fix.txt	hy-tmp/stage2_exact_probe_ab_20260725_201609/checkpoint_compare_pre_edge_fix.txt	external_artifact
667eb642356d621ebeaec3eba658779ef92e9f5b10ce711ddef7c744fab4dbba	6	file	/hy-tmp/stage2_exact_probe_ab_20260725_201609/control.pid	hy-tmp/stage2_exact_probe_ab_20260725_201609/control.pid	external_artifact
c25f68f887db925fd9ed88a831fa400f12869c8ea22a671071a35741b17b1c9f	2932	file	/hy-tmp/stage2_exact_probe_ab_20260725_201609/control_argv.txt	hy-tmp/stage2_exact_probe_ab_20260725_201609/control_argv.txt	external_artifact
35fc022754dfd06b497fe3908fb77419cef0b499348837c8018d6c55bc45b528	301	file	/hy-tmp/stage2_exact_probe_ab_20260725_201609/control_env.txt	hy-tmp/stage2_exact_probe_ab_20260725_201609/control_env.txt	external_artifact
fd339f36176db09d1059cd0b0e2ad20cdda34b911b9a1b7165bb3768f9bd06b9	6037982	file	/hy-tmp/stage2_exact_probe_ab_20260725_201609/control_episodes_10920_11279.jsonl	hy-tmp/stage2_exact_probe_ab_20260725_201609/control_episodes_10920_11279.jsonl	external_artifact
716afe2d12e2824242c804cec132433a3d549309981176754cc19423f6f6e1a1	2009985	file	/hy-tmp/stage2_exact_probe_ab_20260725_201609/control_first120.jsonl	hy-tmp/stage2_exact_probe_ab_20260725_201609/control_first120.jsonl	external_artifact
24516e1d681a42700ae0b24a35912121e9a513a4fae48f949e765415653b5cc9	4026200	file	/hy-tmp/stage2_exact_probe_ab_20260725_201609/control_first240.jsonl	hy-tmp/stage2_exact_probe_ab_20260725_201609/control_first240.jsonl	external_artifact
7cf23ad8ee59b3cc27d35806124dbe093f85e39a6c0328885c57dd88c85bd9b1	1071665	file	/hy-tmp/stage2_exact_probe_ab_20260725_201609/control_first64.jsonl	hy-tmp/stage2_exact_probe_ab_20260725_201609/control_first64.jsonl	external_artifact
00427ae9a630fa62118ff9f0276d35409a4a450db69a91a2bf523030f95f565b	6	file	/hy-tmp/stage2_exact_probe_ab_20260725_201609/control_gpu_sampler.pid	hy-tmp/stage2_exact_probe_ab_20260725_201609/control_gpu_sampler.pid	external_artifact
6c2d3485d1c32f9b91297115a38e64576a9b24baaefc1efab3e552f89d15fbb9	1023	file	/hy-tmp/stage2_exact_probe_ab_20260725_201609/control_gpu_samples.csv	hy-tmp/stage2_exact_probe_ab_20260725_201609/control_gpu_samples.csv	external_artifact
f4d473f4febba09bdcb0c80edf95be059a708d1633d46985570712ef8ec44de8	69646	file	/hy-tmp/stage2_exact_probe_ab_20260725_201609/control_gpu_samples_v2.csv	hy-tmp/stage2_exact_probe_ab_20260725_201609/control_gpu_samples_v2.csv	external_artifact
5cc8c90c1bb9900bbbe5a82c306249496abe1d04bfc7e495ed293b4a86d63b25	7116	file	/hy-tmp/stage2_exact_probe_ab_20260725_201609/control_launcher_final_stdout.txt	hy-tmp/stage2_exact_probe_ab_20260725_201609/control_launcher_final_stdout.txt	external_artifact
247360b4fd20495c1be29ba77593a2269d1a2678286ae6267e5ca6bca697b775	7128	file	/hy-tmp/stage2_exact_probe_ab_20260725_201609/control_launcher_offline2_stdout.txt	hy-tmp/stage2_exact_probe_ab_20260725_201609/control_launcher_offline2_stdout.txt	external_artifact
2d59f2fd5daf23e82670ca34be900fdedc9f5e18d4a8103fda4761f493b228a8	7126	file	/hy-tmp/stage2_exact_probe_ab_20260725_201609/control_launcher_offline_stdout.txt	hy-tmp/stage2_exact_probe_ab_20260725_201609/control_launcher_offline_stdout.txt	external_artifact
f0d1b6a1e6c53be7ac29c6a8f0a7357c8fe9d4baf87f682ba1b9548c728779b8	7110	file	/hy-tmp/stage2_exact_probe_ab_20260725_201609/control_launcher_stdout.txt	hy-tmp/stage2_exact_probe_ab_20260725_201609/control_launcher_stdout.txt	external_artifact
a68beeb8f1cdb8ac3b5904617fed4927eb9ab6c50b191fe7fbddd62d691ec1fc	128174	file	/hy-tmp/stage2_exact_probe_ab_20260725_201609/control_ppo92.jsonl	hy-tmp/stage2_exact_probe_ab_20260725_201609/control_ppo92.jsonl	external_artifact
ad298176d2ee7dff6fcb3e57fcb5f8284eca03362e5abdd6daafbc517affd150	256336	file	/hy-tmp/stage2_exact_probe_ab_20260725_201609/control_ppo92_93.jsonl	hy-tmp/stage2_exact_probe_ab_20260725_201609/control_ppo92_93.jsonl	external_artifact
42394ce6d200e97fd3f5b1784095efd01e338e5c4f91ef39a147523b2d7a5002	386523	file	/hy-tmp/stage2_exact_probe_ab_20260725_201609/control_ppo_92_94.jsonl	hy-tmp/stage2_exact_probe_ab_20260725_201609/control_ppo_92_94.jsonl	external_artifact
48b7c12d83eca8872f9389f1ef61edc1b7bbe6bd4dcda6f53af9e72064263de5	19	file	/hy-tmp/stage2_exact_probe_ab_20260725_201609/control_train_wall.txt	hy-tmp/stage2_exact_probe_ab_20260725_201609/control_train_wall.txt	external_artifact
d8cd26ce9b25bccc649ae42701ce01ec00be8511d230c0fe0e6e1124124ff9d6	6	file	/hy-tmp/stage2_exact_probe_ab_20260725_201609/control_watcher.pid	hy-tmp/stage2_exact_probe_ab_20260725_201609/control_watcher.pid	external_artifact
ef2b394fd76daff1ca5991bfa9a877022d7e7bf96e46d6ffd12352dc0819e681	21	file	/hy-tmp/stage2_exact_probe_ab_20260725_201609/control_wrapper_end.txt	hy-tmp/stage2_exact_probe_ab_20260725_201609/control_wrapper_end.txt	external_artifact
44bfb990edcc27c157d27f8a6d0daf0d5aa880e9d77f2e54fa1ca49fe2ca622e	21	file	/hy-tmp/stage2_exact_probe_ab_20260725_201609/control_wrapper_start.txt	hy-tmp/stage2_exact_probe_ab_20260725_201609/control_wrapper_start.txt	external_artifact
eb94d2296265c56e5ab89dc25633122c753dcdf301f959c2214b151b30da1f10	6	file	/hy-tmp/stage2_exact_probe_ab_20260725_201609/edgefix.pid	hy-tmp/stage2_exact_probe_ab_20260725_201609/edgefix.pid	external_artifact
f01996a9ade224a61b3e2ede22a41c7bd5b1567b6cf7f05445f998bbec4cc50b	3787	file	/hy-tmp/stage2_exact_probe_ab_20260725_201609/edgefix_argv.json	hy-tmp/stage2_exact_probe_ab_20260725_201609/edgefix_argv.json	external_artifact
65605ff6e5401d130dce7476ca2e9212162223865cd67fc34c60a66f03e25c72	6037150	file	/hy-tmp/stage2_exact_probe_ab_20260725_201609/edgefix_episodes_10920_11279.jsonl	hy-tmp/stage2_exact_probe_ab_20260725_201609/edgefix_episodes_10920_11279.jsonl	external_artifact
daca092649d33bd69de1f992f3ea6c917163a12fa9d6de99c640c71bfc7eb562	2009680	file	/hy-tmp/stage2_exact_probe_ab_20260725_201609/edgefix_first120.jsonl	hy-tmp/stage2_exact_probe_ab_20260725_201609/edgefix_first120.jsonl	external_artifact
d1c2b6003c99af41f1519a4a381623de1740a6a3ffa8b26a0b0e8c3d05f8c183	2546	file	/hy-tmp/stage2_exact_probe_ab_20260725_201609/edgefix_first120_verdict.txt	hy-tmp/stage2_exact_probe_ab_20260725_201609/edgefix_first120_verdict.txt	external_artifact
be727aa790b57f29d5801fab631672e4a8b54460ca8838cd75e9d584093eb238	4025618	file	/hy-tmp/stage2_exact_probe_ab_20260725_201609/edgefix_first240.jsonl	hy-tmp/stage2_exact_probe_ab_20260725_201609/edgefix_first240.jsonl	external_artifact
f5014fcfb3def072eea4b565d6379878bc0a234608795f9740d5a35da8a22587	2539	file	/hy-tmp/stage2_exact_probe_ab_20260725_201609/edgefix_first240_verdict.txt	hy-tmp/stage2_exact_probe_ab_20260725_201609/edgefix_first240_verdict.txt	external_artifact
041fe0e55aa8141cc8ec717ed3b0f4cb80db1b89898ebd055e0d2c0fb137cbfa	1071502	file	/hy-tmp/stage2_exact_probe_ab_20260725_201609/edgefix_first64.jsonl	hy-tmp/stage2_exact_probe_ab_20260725_201609/edgefix_first64.jsonl	external_artifact
47ac99aa27136cafe479e2fab4d9f5b35324cfcb556fc043ff5e0ca2efa76c88	2516	file	/hy-tmp/stage2_exact_probe_ab_20260725_201609/edgefix_first64_verdict.txt	hy-tmp/stage2_exact_probe_ab_20260725_201609/edgefix_first64_verdict.txt	external_artifact
c56f456720ca684ee43b59467ac2f7af79c863c781f9a2324fa0f0ad7ac07c1d	6	file	/hy-tmp/stage2_exact_probe_ab_20260725_201609/edgefix_gpu_sampler.pid	hy-tmp/stage2_exact_probe_ab_20260725_201609/edgefix_gpu_sampler.pid	external_artifact
a1eb22a3d78ae2aa1c9c0350b8c7faa8e209730416777bc01249d7873ad6cbcf	170675	file	/hy-tmp/stage2_exact_probe_ab_20260725_201609/edgefix_gpu_samples.csv	hy-tmp/stage2_exact_probe_ab_20260725_201609/edgefix_gpu_samples.csv	external_artifact
fad97663958a49986147d50bb4c6baba7b9d92ba6b877ed87bd4f016d5e8a223	298	file	/hy-tmp/stage2_exact_probe_ab_20260725_201609/edgefix_paths.env	hy-tmp/stage2_exact_probe_ab_20260725_201609/edgefix_paths.env	external_artifact
04c638b9e60cc842b92fa978ead30f16957bf9cd219d823f17778c36593ad86d	128176	file	/hy-tmp/stage2_exact_probe_ab_20260725_201609/edgefix_ppo92.jsonl	hy-tmp/stage2_exact_probe_ab_20260725_201609/edgefix_ppo92.jsonl	external_artifact
a6a8abd251f2e911e7db3afed88a1dc21de6186d5cc6f84762b4f923a9907fee	256337	file	/hy-tmp/stage2_exact_probe_ab_20260725_201609/edgefix_ppo92_93.jsonl	hy-tmp/stage2_exact_probe_ab_20260725_201609/edgefix_ppo92_93.jsonl	external_artifact
07aad054ea81b514504c0233ca3dae5d9e695ef1c7bcd888d20bdf97eea5442f	386524	file	/hy-tmp/stage2_exact_probe_ab_20260725_201609/edgefix_ppo_92_94.jsonl	hy-tmp/stage2_exact_probe_ab_20260725_201609/edgefix_ppo_92_94.jsonl	external_artifact
e8ff3d7682f0a93375594884baa8e69696e4e150cc7ffa94b406b7e0dc535e12	19	file	/hy-tmp/stage2_exact_probe_ab_20260725_201609/edgefix_train_wall.txt	hy-tmp/stage2_exact_probe_ab_20260725_201609/edgefix_train_wall.txt	external_artifact
3218501b40c8559ba104c10d6c501418d1dc0eeeeb4ba48cc7038cd47aa4718a	6	file	/hy-tmp/stage2_exact_probe_ab_20260725_201609/edgefix_watcher.pid	hy-tmp/stage2_exact_probe_ab_20260725_201609/edgefix_watcher.pid	external_artifact
adb30e45f37bdec304c040c9c84a15becba91a57595ce2e4b982074a706a5bc8	21	file	/hy-tmp/stage2_exact_probe_ab_20260725_201609/edgefix_wrapper_end.txt	hy-tmp/stage2_exact_probe_ab_20260725_201609/edgefix_wrapper_end.txt	external_artifact
7d34fc0253ad7c9f53c2a74b25e689803086224bc13ffe1732c5ce541a9b3bc4	21	file	/hy-tmp/stage2_exact_probe_ab_20260725_201609/edgefix_wrapper_start.txt	hy-tmp/stage2_exact_probe_ab_20260725_201609/edgefix_wrapper_start.txt	external_artifact
a2b8f20699046bb470a9200c91b1f1fe3ac51f6394f9bf41b725790e29dc868f	874812	file	/hy-tmp/stage2_exact_probe_ab_20260725_201609/final_evidence_201611d2.tar.gz	hy-tmp/stage2_exact_probe_ab_20260725_201609/final_evidence_201611d2.tar.gz	external_artifact
166b9bd0cf78823bbb0572ece6128775b7385f679f268550c4d993e7d3381332	1720	file	/hy-tmp/stage2_exact_probe_ab_20260725_201609/final_evidence_201611d2/SHA256SUMS	hy-tmp/stage2_exact_probe_ab_20260725_201609/final_evidence_201611d2/SHA256SUMS	external_artifact
29ed08d4357f73be4771889240355e5fcd90a39f7caab945c6fc7beed30c673b	1419	file	/hy-tmp/stage2_exact_probe_ab_20260725_201609/final_evidence_201611d2/benchmark_summary.json	hy-tmp/stage2_exact_probe_ab_20260725_201609/final_evidence_201611d2/benchmark_summary.json	external_artifact
1f68296cad152f21a4c8463a6d2456f5e98a90abe3f140db72da6ca154ef571d	639	file	/hy-tmp/stage2_exact_probe_ab_20260725_201609/final_evidence_201611d2/broad_regression_context.txt	hy-tmp/stage2_exact_probe_ab_20260725_201609/final_evidence_201611d2/broad_regression_context.txt	external_artifact
dc77558f5f2476d07779e155250b83ba1bcd20819afaf3b34be8fcaf79fb5067	106	file	/hy-tmp/stage2_exact_probe_ab_20260725_201609/final_evidence_201611d2/candidate_store_compare.txt	hy-tmp/stage2_exact_probe_ab_20260725_201609/final_evidence_201611d2/candidate_store_compare.txt	external_artifact
7670b5c28307fe39a6a98c516c415cb05d22b7ed153ff6644149ff85507eb043	168	file	/hy-tmp/stage2_exact_probe_ab_20260725_201609/final_evidence_201611d2/checkpoint_compare.txt	hy-tmp/stage2_exact_probe_ab_20260725_201609/final_evidence_201611d2/checkpoint_compare.txt	external_artifact
c25f68f887db925fd9ed88a831fa400f12869c8ea22a671071a35741b17b1c9f	2932	file	/hy-tmp/stage2_exact_probe_ab_20260725_201609/final_evidence_201611d2/control_argv.txt	hy-tmp/stage2_exact_probe_ab_20260725_201609/final_evidence_201611d2/control_argv.txt	external_artifact
35fc022754dfd06b497fe3908fb77419cef0b499348837c8018d6c55bc45b528	301	file	/hy-tmp/stage2_exact_probe_ab_20260725_201609/final_evidence_201611d2/control_env.txt	hy-tmp/stage2_exact_probe_ab_20260725_201609/final_evidence_201611d2/control_env.txt	external_artifact
6ff160d8ee52bd6219b2121198cb700b2de7e47070b33dd8b464e9bb0d39111f	401406	file	/hy-tmp/stage2_exact_probe_ab_20260725_201609/final_evidence_201611d2/control_episodes_10920_11279.jsonl.gz	hy-tmp/stage2_exact_probe_ab_20260725_201609/final_evidence_201611d2/control_episodes_10920_11279.jsonl.gz	external_artifact
84413ae71787dc6efadd5b06804deba8c605809dbfa8d8e33b844e85a8829598	35713	file	/hy-tmp/stage2_exact_probe_ab_20260725_201609/final_evidence_201611d2/control_ppo_92_94.jsonl.gz	hy-tmp/stage2_exact_probe_ab_20260725_201609/final_evidence_201611d2/control_ppo_92_94.jsonl.gz	external_artifact
48b7c12d83eca8872f9389f1ef61edc1b7bbe6bd4dcda6f53af9e72064263de5	19	file	/hy-tmp/stage2_exact_probe_ab_20260725_201609/final_evidence_201611d2/control_train_wall.txt	hy-tmp/stage2_exact_probe_ab_20260725_201609/final_evidence_201611d2/control_train_wall.txt	external_artifact
f01996a9ade224a61b3e2ede22a41c7bd5b1567b6cf7f05445f998bbec4cc50b	3787	file	/hy-tmp/stage2_exact_probe_ab_20260725_201609/final_evidence_201611d2/edgefix_argv.json	hy-tmp/stage2_exact_probe_ab_20260725_201609/final_evidence_201611d2/edgefix_argv.json	external_artifact
635e3c8397a583141041d715fa93d1d27109f60ba49c5b0c3016be1b242db0d2	396022	file	/hy-tmp/stage2_exact_probe_ab_20260725_201609/final_evidence_201611d2/edgefix_episodes_10920_11279.jsonl.gz	hy-tmp/stage2_exact_probe_ab_20260725_201609/final_evidence_201611d2/edgefix_episodes_10920_11279.jsonl.gz	external_artifact
70cb3c530f94bda13084dc34eb35ea9e01903b2d2bf1d1d8bfb471bad22aed20	35717	file	/hy-tmp/stage2_exact_probe_ab_20260725_201609/final_evidence_201611d2/edgefix_ppo_92_94.jsonl.gz	hy-tmp/stage2_exact_probe_ab_20260725_201609/final_evidence_201611d2/edgefix_ppo_92_94.jsonl.gz	external_artifact
e8ff3d7682f0a93375594884baa8e69696e4e150cc7ffa94b406b7e0dc535e12	19	file	/hy-tmp/stage2_exact_probe_ab_20260725_201609/final_evidence_201611d2/edgefix_train_wall.txt	hy-tmp/stage2_exact_probe_ab_20260725_201609/final_evidence_201611d2/edgefix_train_wall.txt	external_artifact
1924987a394ae6f120270c560eb17f2905d12f4c24873062ceaa9d6e51e1afb5	2546	file	/hy-tmp/stage2_exact_probe_ab_20260725_201609/final_evidence_201611d2/final_verdict.txt	hy-tmp/stage2_exact_probe_ab_20260725_201609/final_evidence_201611d2/final_verdict.txt	external_artifact
31f8810a91552cb7465aa15376fb4fd9d13aa203fa687c5fe1f6611bf10b31d7	940	file	/hy-tmp/stage2_exact_probe_ab_20260725_201609/final_evidence_201611d2/gpu_utilization_summary.txt	hy-tmp/stage2_exact_probe_ab_20260725_201609/final_evidence_201611d2/gpu_utilization_summary.txt	external_artifact
47b4e29a17663a41fce22a77d1edf356ca849a3c064f56203f890e23dfa43aa0	129	file	/hy-tmp/stage2_exact_probe_ab_20260725_201609/final_evidence_201611d2/process_wall_summary.txt	hy-tmp/stage2_exact_probe_ab_20260725_201609/final_evidence_201611d2/process_wall_summary.txt	external_artifact
133f05d44fbab662f10a56b3b6a23ec3a8d798478af872b0afab4f36746c98f8	316	file	/hy-tmp/stage2_exact_probe_ab_20260725_201609/final_evidence_201611d2/source_commits.txt	hy-tmp/stage2_exact_probe_ab_20260725_201609/final_evidence_201611d2/source_commits.txt	external_artifact
a826f85b7fd280d50581a151a7aff0923aac7b1543ef0de7c5b9674ea18cd9d9	172	file	/hy-tmp/stage2_exact_probe_ab_20260725_201609/final_evidence_201611d2/tests_related_73.log	hy-tmp/stage2_exact_probe_ab_20260725_201609/final_evidence_201611d2/tests_related_73.log	external_artifact
66361dc64c6573236a8fa40eef016c5577970976c8956990f2bb0ce9d19f33ac	19	file	/hy-tmp/stage2_exact_probe_ab_20260725_201609/final_evidence_201611d2/tests_related_status.txt	hy-tmp/stage2_exact_probe_ab_20260725_201609/final_evidence_201611d2/tests_related_status.txt	external_artifact
1924987a394ae6f120270c560eb17f2905d12f4c24873062ceaa9d6e51e1afb5	2546	file	/hy-tmp/stage2_exact_probe_ab_20260725_201609/final_verdict.txt	hy-tmp/stage2_exact_probe_ab_20260725_201609/final_verdict.txt	external_artifact
d8aa506fb4370d62ba5b9857db80525af52110560f67599c7424f137a7e9249f	2538	file	/hy-tmp/stage2_exact_probe_ab_20260725_201609/first120_verdict.txt	hy-tmp/stage2_exact_probe_ab_20260725_201609/first120_verdict.txt	external_artifact
aa5eb45d68e0945e23ce65335090f632c5891dc99a9b790d50986a7158e0c7e4	2539	file	/hy-tmp/stage2_exact_probe_ab_20260725_201609/first240_verdict.txt	hy-tmp/stage2_exact_probe_ab_20260725_201609/first240_verdict.txt	external_artifact
58dcad5838747b48680ad4f51dda803f2a2953d8f1ab36a97084ccfb71c06a7d	2524	file	/hy-tmp/stage2_exact_probe_ab_20260725_201609/first64_verdict.txt	hy-tmp/stage2_exact_probe_ab_20260725_201609/first64_verdict.txt	external_artifact
31f8810a91552cb7465aa15376fb4fd9d13aa203fa687c5fe1f6611bf10b31d7	940	file	/hy-tmp/stage2_exact_probe_ab_20260725_201609/gpu_utilization_summary.txt	hy-tmp/stage2_exact_probe_ab_20260725_201609/gpu_utilization_summary.txt	external_artifact
164d1c125ad51f0355e98f154b9a8ef80da970a4f7973aa8f3a066781dc927ec	855	file	/hy-tmp/stage2_exact_probe_ab_20260725_201609/paths.env	hy-tmp/stage2_exact_probe_ab_20260725_201609/paths.env	external_artifact
47b4e29a17663a41fce22a77d1edf356ca849a3c064f56203f890e23dfa43aa0	129	file	/hy-tmp/stage2_exact_probe_ab_20260725_201609/process_wall_summary.txt	hy-tmp/stage2_exact_probe_ab_20260725_201609/process_wall_summary.txt	external_artifact
5e456739fbf0cb9d17e043f20ee2feae8bbc0a7a22034418f425cdb0da3661ab	255	file	/hy-tmp/stage2_exact_probe_ab_20260725_201609/source_checkpoint.sha256	hy-tmp/stage2_exact_probe_ab_20260725_201609/source_checkpoint.sha256	external_artifact
126d1f2a6c5c4917a5c21f3977991ed342ba506e879f383c7a0e405da40ffd25	106	file	/hy-tmp/stage2_exact_probe_ab_20260725_201609/source_git.txt	hy-tmp/stage2_exact_probe_ab_20260725_201609/source_git.txt	external_artifact
a826f85b7fd280d50581a151a7aff0923aac7b1543ef0de7c5b9674ea18cd9d9	172	file	/hy-tmp/stage2_exact_probe_ab_20260725_201609/tests_related_73.log	hy-tmp/stage2_exact_probe_ab_20260725_201609/tests_related_73.log	external_artifact
66361dc64c6573236a8fa40eef016c5577970976c8956990f2bb0ce9d19f33ac	19	file	/hy-tmp/stage2_exact_probe_ab_20260725_201609/tests_related_status.txt	hy-tmp/stage2_exact_probe_ab_20260725_201609/tests_related_status.txt	external_artifact
f79a39c0f487446493bea6f60966bc0e1636524e9d9f259cada83a9ca00af6f4	2554	file	/hy-tmp/stage2_exact_probe_ab_20260725_201609/verdict_pre_edge_fix.txt	hy-tmp/stage2_exact_probe_ab_20260725_201609/verdict_pre_edge_fix.txt	external_artifact
4735a8976d27662ac287f8759e1409b8a7dfb3c4309cfc551b579083b010c330	61163	file	/hy-tmp/stage2_four_corner_precision_stability_20260726_010038/__pycache__/driver.cpython-311.pyc	hy-tmp/stage2_four_corner_precision_stability_20260726_010038/__pycache__/driver.cpython-311.pyc	external_artifact
091e695121301ba5fffdf686b2a260d803bb84f8264a6833fc0ab2de030beb2d	18220	file	/hy-tmp/stage2_four_corner_precision_stability_20260726_010038/aggregate/stage2_four_corner_precision_stability.html	hy-tmp/stage2_four_corner_precision_stability_20260726_010038/aggregate/stage2_four_corner_precision_stability.html	external_artifact
7272b74edffc51860ed03dff566939e0b64856a9df8469addb5b963445917ef9	62253	file	/hy-tmp/stage2_four_corner_precision_stability_20260726_010038/aggregate/stage2_four_corner_precision_stability.json	hy-tmp/stage2_four_corner_precision_stability_20260726_010038/aggregate/stage2_four_corner_precision_stability.json	external_artifact
a1bfafac65d7657e64d069715e03a680dea1f83f45d19fa6fa350fe91da069be	40325	file	/hy-tmp/stage2_four_corner_precision_stability_20260726_010038/driver.py	hy-tmp/stage2_four_corner_precision_stability_20260726_010038/driver.py	external_artifact
e12f2d5e809c676a7ad9e594ee0024d126d48ff85aa75b51e5e95ee4dca50670	1553	file	/hy-tmp/stage2_four_corner_precision_stability_20260726_010038/seed_20260721.log	hy-tmp/stage2_four_corner_precision_stability_20260726_010038/seed_20260721.log	external_artifact
16255b151c8d2a420b3c8dd775f133dc733bd2b1763a7589241f932a54d446df	55904	file	/hy-tmp/stage2_four_corner_precision_stability_20260726_010038/seed_20260721/four_corner_seed_result.json	hy-tmp/stage2_four_corner_precision_stability_20260726_010038/seed_20260721/four_corner_seed_result.json	external_artifact
6a8206b9e1116f3df16e51344003d8cb00661b33b681c9953dcedd8cbf1a6424	1243	file	/hy-tmp/stage2_four_corner_precision_stability_20260726_010038/seed_20260721/resolver_layout/stage1/record/bert large mrpc 1 20260725/final_config.json	hy-tmp/stage2_four_corner_precision_stability_20260726_010038/seed_20260721/resolver_layout/stage1/record/bert large mrpc 1 20260725/final_config.json	external_artifact
b56c2f170f999437a30563567f2a5d02beb7da7ad7b4fe15c1e33e1c8ebaf575	1617	file	/hy-tmp/stage2_four_corner_precision_stability_20260726_010038/seed_20260721/resolver_layout/stage1/record/bert large mrpc 1 20260725/final_eval.json	hy-tmp/stage2_four_corner_precision_stability_20260726_010038/seed_20260721/resolver_layout/stage1/record/bert large mrpc 1 20260725/final_eval.json	external_artifact
e5c760bef0fce43f52360cc546a95725f6dad33f8ca8789aef3b98e41128023a	801	file	/hy-tmp/stage2_four_corner_precision_stability_20260726_010038/seed_20260721/resolver_layout/stage1/record/bert large mrpc 1 20260725/metadata.json	hy-tmp/stage2_four_corner_precision_stability_20260726_010038/seed_20260721/resolver_layout/stage1/record/bert large mrpc 1 20260725/metadata.json	external_artifact
6e2e448da82821d318807e50006a1ac7bac768730c55687e0892bf20255743a5	1117	file	/hy-tmp/stage2_four_corner_precision_stability_20260726_010038/seed_20260721/resolver_layout/stage1/record/bert large mrpc 1 20260725/report.md	hy-tmp/stage2_four_corner_precision_stability_20260726_010038/seed_20260721/resolver_layout/stage1/record/bert large mrpc 1 20260725/report.md	external_artifact
fa390ea17a4d74bde7cca29c55e1e9e0d5153736a393dfb81ea968c83f2bec14	619	file	/hy-tmp/stage2_four_corner_precision_stability_20260726_010038/seed_20260721/resolver_layout/stage2/bert large mrpc/pruning_search_log.txt	hy-tmp/stage2_four_corner_precision_stability_20260726_010038/seed_20260721/resolver_layout/stage2/bert large mrpc/pruning_search_log.txt	external_artifact
0ec0299b794f6945c99ad335d6e33c0e92cac0bdabe0fbb1b20cd69139833356	2827	file	/hy-tmp/stage2_four_corner_precision_stability_20260726_010038/seed_20261721.log	hy-tmp/stage2_four_corner_precision_stability_20260726_010038/seed_20261721.log	external_artifact
9a271f2a916b0b6ee6cecb2426f0b3206ef074578be55d9bc94f6f3fe3ab86aa	2	file	/hy-tmp/stage2_four_corner_precision_stability_20260726_010038/seed_20261721.rc	hy-tmp/stage2_four_corner_precision_stability_20260726_010038/seed_20261721.rc	external_artifact
881b0d96b2ac01f0d20c0301ad80ecd4a78133f589a4abf6471f89ee02fdc7cd	55902	file	/hy-tmp/stage2_four_corner_precision_stability_20260726_010038/seed_20261721/four_corner_seed_result.json	hy-tmp/stage2_four_corner_precision_stability_20260726_010038/seed_20261721/four_corner_seed_result.json	external_artifact
6a8206b9e1116f3df16e51344003d8cb00661b33b681c9953dcedd8cbf1a6424	1243	file	/hy-tmp/stage2_four_corner_precision_stability_20260726_010038/seed_20261721/resolver_layout/stage1/record/bert large mrpc 1 20260725/final_config.json	hy-tmp/stage2_four_corner_precision_stability_20260726_010038/seed_20261721/resolver_layout/stage1/record/bert large mrpc 1 20260725/final_config.json	external_artifact
b56c2f170f999437a30563567f2a5d02beb7da7ad7b4fe15c1e33e1c8ebaf575	1617	file	/hy-tmp/stage2_four_corner_precision_stability_20260726_010038/seed_20261721/resolver_layout/stage1/record/bert large mrpc 1 20260725/final_eval.json	hy-tmp/stage2_four_corner_precision_stability_20260726_010038/seed_20261721/resolver_layout/stage1/record/bert large mrpc 1 20260725/final_eval.json	external_artifact
e5c760bef0fce43f52360cc546a95725f6dad33f8ca8789aef3b98e41128023a	801	file	/hy-tmp/stage2_four_corner_precision_stability_20260726_010038/seed_20261721/resolver_layout/stage1/record/bert large mrpc 1 20260725/metadata.json	hy-tmp/stage2_four_corner_precision_stability_20260726_010038/seed_20261721/resolver_layout/stage1/record/bert large mrpc 1 20260725/metadata.json	external_artifact
6e2e448da82821d318807e50006a1ac7bac768730c55687e0892bf20255743a5	1117	file	/hy-tmp/stage2_four_corner_precision_stability_20260726_010038/seed_20261721/resolver_layout/stage1/record/bert large mrpc 1 20260725/report.md	hy-tmp/stage2_four_corner_precision_stability_20260726_010038/seed_20261721/resolver_layout/stage1/record/bert large mrpc 1 20260725/report.md	external_artifact
19b3b9360d35983a36a076add95be6d60cf6139edb4d43925aeae8ecc14b149c	619	file	/hy-tmp/stage2_four_corner_precision_stability_20260726_010038/seed_20261721/resolver_layout/stage2/bert large mrpc/pruning_search_log.txt	hy-tmp/stage2_four_corner_precision_stability_20260726_010038/seed_20261721/resolver_layout/stage2/bert large mrpc/pruning_search_log.txt	external_artifact
cf6ed6eb64c9d6134502b8faf3ee41a80d2a0f1a10472bc17b5d23ef7bb916fe	2829	file	/hy-tmp/stage2_four_corner_precision_stability_20260726_010038/seed_20262721.log	hy-tmp/stage2_four_corner_precision_stability_20260726_010038/seed_20262721.log	external_artifact
9a271f2a916b0b6ee6cecb2426f0b3206ef074578be55d9bc94f6f3fe3ab86aa	2	file	/hy-tmp/stage2_four_corner_precision_stability_20260726_010038/seed_20262721.rc	hy-tmp/stage2_four_corner_precision_stability_20260726_010038/seed_20262721.rc	external_artifact
7fe9aacd1f85b7400f6954fb845413d32a671eb40dad41d92d112b0dcc7ca5ce	55919	file	/hy-tmp/stage2_four_corner_precision_stability_20260726_010038/seed_20262721/four_corner_seed_result.json	hy-tmp/stage2_four_corner_precision_stability_20260726_010038/seed_20262721/four_corner_seed_result.json	external_artifact
6a8206b9e1116f3df16e51344003d8cb00661b33b681c9953dcedd8cbf1a6424	1243	file	/hy-tmp/stage2_four_corner_precision_stability_20260726_010038/seed_20262721/resolver_layout/stage1/record/bert large mrpc 1 20260725/final_config.json	hy-tmp/stage2_four_corner_precision_stability_20260726_010038/seed_20262721/resolver_layout/stage1/record/bert large mrpc 1 20260725/final_config.json	external_artifact
b56c2f170f999437a30563567f2a5d02beb7da7ad7b4fe15c1e33e1c8ebaf575	1617	file	/hy-tmp/stage2_four_corner_precision_stability_20260726_010038/seed_20262721/resolver_layout/stage1/record/bert large mrpc 1 20260725/final_eval.json	hy-tmp/stage2_four_corner_precision_stability_20260726_010038/seed_20262721/resolver_layout/stage1/record/bert large mrpc 1 20260725/final_eval.json	external_artifact
e5c760bef0fce43f52360cc546a95725f6dad33f8ca8789aef3b98e41128023a	801	file	/hy-tmp/stage2_four_corner_precision_stability_20260726_010038/seed_20262721/resolver_layout/stage1/record/bert large mrpc 1 20260725/metadata.json	hy-tmp/stage2_four_corner_precision_stability_20260726_010038/seed_20262721/resolver_layout/stage1/record/bert large mrpc 1 20260725/metadata.json	external_artifact
6e2e448da82821d318807e50006a1ac7bac768730c55687e0892bf20255743a5	1117	file	/hy-tmp/stage2_four_corner_precision_stability_20260726_010038/seed_20262721/resolver_layout/stage1/record/bert large mrpc 1 20260725/report.md	hy-tmp/stage2_four_corner_precision_stability_20260726_010038/seed_20262721/resolver_layout/stage1/record/bert large mrpc 1 20260725/report.md	external_artifact
55bb38d66a50cf1085b7efd1f7cef7bb690ad6898a2503dfd27b36e4ba158f3a	619	file	/hy-tmp/stage2_four_corner_precision_stability_20260726_010038/seed_20262721/resolver_layout/stage2/bert large mrpc/pruning_search_log.txt	hy-tmp/stage2_four_corner_precision_stability_20260726_010038/seed_20262721/resolver_layout/stage2/bert large mrpc/pruning_search_log.txt	external_artifact
4a756e3872bdf1d926d8b37391d0b1a0f8e83c6ca5e1b262781d88cb9fafa1ea	2829	file	/hy-tmp/stage2_four_corner_precision_stability_20260726_010038/seed_20263721.log	hy-tmp/stage2_four_corner_precision_stability_20260726_010038/seed_20263721.log	external_artifact
9a271f2a916b0b6ee6cecb2426f0b3206ef074578be55d9bc94f6f3fe3ab86aa	2	file	/hy-tmp/stage2_four_corner_precision_stability_20260726_010038/seed_20263721.rc	hy-tmp/stage2_four_corner_precision_stability_20260726_010038/seed_20263721.rc	external_artifact
699684d5d951799f1d0c2805485d68c7aef7aeed6069c9c85177eafe6e0419e5	55913	file	/hy-tmp/stage2_four_corner_precision_stability_20260726_010038/seed_20263721/four_corner_seed_result.json	hy-tmp/stage2_four_corner_precision_stability_20260726_010038/seed_20263721/four_corner_seed_result.json	external_artifact
6a8206b9e1116f3df16e51344003d8cb00661b33b681c9953dcedd8cbf1a6424	1243	file	/hy-tmp/stage2_four_corner_precision_stability_20260726_010038/seed_20263721/resolver_layout/stage1/record/bert large mrpc 1 20260725/final_config.json	hy-tmp/stage2_four_corner_precision_stability_20260726_010038/seed_20263721/resolver_layout/stage1/record/bert large mrpc 1 20260725/final_config.json	external_artifact
b56c2f170f999437a30563567f2a5d02beb7da7ad7b4fe15c1e33e1c8ebaf575	1617	file	/hy-tmp/stage2_four_corner_precision_stability_20260726_010038/seed_20263721/resolver_layout/stage1/record/bert large mrpc 1 20260725/final_eval.json	hy-tmp/stage2_four_corner_precision_stability_20260726_010038/seed_20263721/resolver_layout/stage1/record/bert large mrpc 1 20260725/final_eval.json	external_artifact
e5c760bef0fce43f52360cc546a95725f6dad33f8ca8789aef3b98e41128023a	801	file	/hy-tmp/stage2_four_corner_precision_stability_20260726_010038/seed_20263721/resolver_layout/stage1/record/bert large mrpc 1 20260725/metadata.json	hy-tmp/stage2_four_corner_precision_stability_20260726_010038/seed_20263721/resolver_layout/stage1/record/bert large mrpc 1 20260725/metadata.json	external_artifact
6e2e448da82821d318807e50006a1ac7bac768730c55687e0892bf20255743a5	1117	file	/hy-tmp/stage2_four_corner_precision_stability_20260726_010038/seed_20263721/resolver_layout/stage1/record/bert large mrpc 1 20260725/report.md	hy-tmp/stage2_four_corner_precision_stability_20260726_010038/seed_20263721/resolver_layout/stage1/record/bert large mrpc 1 20260725/report.md	external_artifact
15d30d67c767caeb08bdd67c8d4d145234a6320c8f1da74d25163051a6fd41c1	619	file	/hy-tmp/stage2_four_corner_precision_stability_20260726_010038/seed_20263721/resolver_layout/stage2/bert large mrpc/pruning_search_log.txt	hy-tmp/stage2_four_corner_precision_stability_20260726_010038/seed_20263721/resolver_layout/stage2/bert large mrpc/pruning_search_log.txt	external_artifact
8fce492224830f9a9a2a63585eaf1062dc67d724d6f6da2cf320a30bac48271e	2827	file	/hy-tmp/stage2_four_corner_precision_stability_20260726_010038/seed_20264721.log	hy-tmp/stage2_four_corner_precision_stability_20260726_010038/seed_20264721.log	external_artifact
9a271f2a916b0b6ee6cecb2426f0b3206ef074578be55d9bc94f6f3fe3ab86aa	2	file	/hy-tmp/stage2_four_corner_precision_stability_20260726_010038/seed_20264721.rc	hy-tmp/stage2_four_corner_precision_stability_20260726_010038/seed_20264721.rc	external_artifact
304ed60efcbe8d6128334e54092fc3bd8e6c858e2e9bc61c7cf216b540778ba8	55904	file	/hy-tmp/stage2_four_corner_precision_stability_20260726_010038/seed_20264721/four_corner_seed_result.json	hy-tmp/stage2_four_corner_precision_stability_20260726_010038/seed_20264721/four_corner_seed_result.json	external_artifact
6a8206b9e1116f3df16e51344003d8cb00661b33b681c9953dcedd8cbf1a6424	1243	file	/hy-tmp/stage2_four_corner_precision_stability_20260726_010038/seed_20264721/resolver_layout/stage1/record/bert large mrpc 1 20260725/final_config.json	hy-tmp/stage2_four_corner_precision_stability_20260726_010038/seed_20264721/resolver_layout/stage1/record/bert large mrpc 1 20260725/final_config.json	external_artifact
b56c2f170f999437a30563567f2a5d02beb7da7ad7b4fe15c1e33e1c8ebaf575	1617	file	/hy-tmp/stage2_four_corner_precision_stability_20260726_010038/seed_20264721/resolver_layout/stage1/record/bert large mrpc 1 20260725/final_eval.json	hy-tmp/stage2_four_corner_precision_stability_20260726_010038/seed_20264721/resolver_layout/stage1/record/bert large mrpc 1 20260725/final_eval.json	external_artifact
e5c760bef0fce43f52360cc546a95725f6dad33f8ca8789aef3b98e41128023a	801	file	/hy-tmp/stage2_four_corner_precision_stability_20260726_010038/seed_20264721/resolver_layout/stage1/record/bert large mrpc 1 20260725/metadata.json	hy-tmp/stage2_four_corner_precision_stability_20260726_010038/seed_20264721/resolver_layout/stage1/record/bert large mrpc 1 20260725/metadata.json	external_artifact
6e2e448da82821d318807e50006a1ac7bac768730c55687e0892bf20255743a5	1117	file	/hy-tmp/stage2_four_corner_precision_stability_20260726_010038/seed_20264721/resolver_layout/stage1/record/bert large mrpc 1 20260725/report.md	hy-tmp/stage2_four_corner_precision_stability_20260726_010038/seed_20264721/resolver_layout/stage1/record/bert large mrpc 1 20260725/report.md	external_artifact
6c44dfc5555bf35c4e2cce0fccefd34a85599682ea3cf61d0ffff37e8a2127ac	619	file	/hy-tmp/stage2_four_corner_precision_stability_20260726_010038/seed_20264721/resolver_layout/stage2/bert large mrpc/pruning_search_log.txt	hy-tmp/stage2_four_corner_precision_stability_20260726_010038/seed_20264721/resolver_layout/stage2/bert large mrpc/pruning_search_log.txt	external_artifact
5b8f6a2bbd88624de720ccc246b88f4434f61e3a419d83323ab24cb03f6da594	40510	file	/hy-tmp/stage2_four_corner_precision_stability_20260726_010038/stage2_four_corner_precision_stability_20260726_010038_raw.tar.gz	hy-tmp/stage2_four_corner_precision_stability_20260726_010038/stage2_four_corner_precision_stability_20260726_010038_raw.tar.gz	external_artifact
45769722615218fd19ce9400d60134a4c3b5101fba32abc0ccfc7baf97755fca	201	file	/hy-tmp/stage2_hml_real_smoke_6f5ea845_20260728_012824/launch.log	hy-tmp/stage2_hml_real_smoke_6f5ea845_20260728_012824/launch.log	external_artifact
d48beb65850591ea23a74ee9172389031891f0c26cfb801e3b39b3998ecf9118	7214	file	/hy-tmp/stage2_hml_real_smoke_6f5ea845_20260728_012842/launch.log	hy-tmp/stage2_hml_real_smoke_6f5ea845_20260728_012842/launch.log	external_artifact
e3b0c44298fc1c149afbf4c8996fb92427ae41e4649b934ca495991b7852b855	0	file	/hy-tmp/stage2_hml_real_smoke_6f5ea845_20260728_012842/persistent/rl/bert-base/mrpc/.s1t0.001_s2t0.001_s2st2.0.stage2_rl.lock	hy-tmp/stage2_hml_real_smoke_6f5ea845_20260728_012842/persistent/rl/bert-base/mrpc/.s1t0.001_s2t0.001_s2st2.0.stage2_rl.lock	external_artifact
f6257710941bddd9ac7346629ab7de0ac188250b0b962e5395b8a512465be23e	7	file	/hy-tmp/stage2_hml_real_smoke_6f5ea845_20260728_012842/persistent/rl/bert-base/mrpc/LATEST_PID	hy-tmp/stage2_hml_real_smoke_6f5ea845_20260728_012842/persistent/rl/bert-base/mrpc/LATEST_PID	external_artifact
e8a03c2cc9f89a5b029f1a2728e71abc90995610dd11f62edf59fa7843836f3b	110	file	/hy-tmp/stage2_hml_real_smoke_6f5ea845_20260728_012842/persistent/rl/bert-base/mrpc/LATEST_RUN_DIR	hy-tmp/stage2_hml_real_smoke_6f5ea845_20260728_012842/persistent/rl/bert-base/mrpc/LATEST_RUN_DIR	external_artifact
4ee511e0f967b5c7f6288dab685e4617006f980d5eaeab9197caa27d9ffbf557	7895	file	/hy-tmp/stage2_hml_real_smoke_6f5ea845_20260728_012842/persistent/rl/bert-base/mrpc/s1t0.001_s2t0.001_s2st2.0/logs/blb_stage2_rl.log	hy-tmp/stage2_hml_real_smoke_6f5ea845_20260728_012842/persistent/rl/bert-base/mrpc/s1t0.001_s2t0.001_s2st2.0/logs/blb_stage2_rl.log	external_artifact
ae707b02cf4283e882f7be41040cd046dc7ff06234ebdfc92aecb04081176e5f	9228	file	/hy-tmp/stage2_hml_real_smoke_6f5ea845_20260728_012842/persistent/rl/bert-base/mrpc/s1t0.001_s2t0.001_s2st2.0/logs/error_summary.txt	hy-tmp/stage2_hml_real_smoke_6f5ea845_20260728_012842/persistent/rl/bert-base/mrpc/s1t0.001_s2t0.001_s2st2.0/logs/error_summary.txt	external_artifact
3a6e31074c57e4bc226012aa90a63fc5465e07d5cdd73f8366ca640fc2ee4f4e	675	file	/hy-tmp/stage2_hml_real_smoke_6f5ea845_20260728_012842/persistent/rl/bert-base/mrpc/s1t0.001_s2t0.001_s2st2.0/metadata.json	hy-tmp/stage2_hml_real_smoke_6f5ea845_20260728_012842/persistent/rl/bert-base/mrpc/s1t0.001_s2t0.001_s2st2.0/metadata.json	external_artifact
f6257710941bddd9ac7346629ab7de0ac188250b0b962e5395b8a512465be23e	7	file	/hy-tmp/stage2_hml_real_smoke_6f5ea845_20260728_012842/persistent/rl/bert-base/mrpc/s1t0.001_s2t0.001_s2st2.0/rl.pid	hy-tmp/stage2_hml_real_smoke_6f5ea845_20260728_012842/persistent/rl/bert-base/mrpc/s1t0.001_s2t0.001_s2st2.0/rl.pid	external_artifact
f6257710941bddd9ac7346629ab7de0ac188250b0b962e5395b8a512465be23e	7	file	/hy-tmp/stage2_hml_real_smoke_6f5ea845_20260728_012842/persistent/rl/bert-base/mrpc/s1t0.001_s2t0.001_s2st2.0/run.pid	hy-tmp/stage2_hml_real_smoke_6f5ea845_20260728_012842/persistent/rl/bert-base/mrpc/s1t0.001_s2t0.001_s2st2.0/run.pid	external_artifact
84ba7d8e4edca17bc3b15e2e7ab1303904bea5e6087fb451525532a39efac92e	7022	file	/hy-tmp/stage2_hml_real_smoke_6f5ea845_20260728_012911/launch.log	hy-tmp/stage2_hml_real_smoke_6f5ea845_20260728_012911/launch.log	external_artifact
4b1a8eea802b79314f576c14173b0a91363b01d7e817c0c0da91dd8d3c00ad51	137	file	/hy-tmp/stage2_hml_real_smoke_6f5ea845_20260728_012911/persistent/rl/bert-base/mrpc/.s1t0.001_s2t0.001_s2st2.0.stage2_rl.lock	hy-tmp/stage2_hml_real_smoke_6f5ea845_20260728_012911/persistent/rl/bert-base/mrpc/.s1t0.001_s2t0.001_s2st2.0.stage2_rl.lock	external_artifact
af4c5898a56753dbe38af93d358ea05e7316bf18983992c54a89802e0d0f50bf	7	file	/hy-tmp/stage2_hml_real_smoke_6f5ea845_20260728_012911/persistent/rl/bert-base/mrpc/LATEST_PID	hy-tmp/stage2_hml_real_smoke_6f5ea845_20260728_012911/persistent/rl/bert-base/mrpc/LATEST_PID	external_artifact
4fb57a6992f8bb92869d0a8f1d31b3a7487624e10c89930954f311da3b7368a9	110	file	/hy-tmp/stage2_hml_real_smoke_6f5ea845_20260728_012911/persistent/rl/bert-base/mrpc/LATEST_RUN_DIR	hy-tmp/stage2_hml_real_smoke_6f5ea845_20260728_012911/persistent/rl/bert-base/mrpc/LATEST_RUN_DIR	external_artifact
6158e402d644b5d8e782825787d3214cd6a10a8c9eec18ca9521366cab5acf76	33182	file	/hy-tmp/stage2_hml_real_smoke_6f5ea845_20260728_012911/persistent/rl/bert-base/mrpc/s1t0.001_s2t0.001_s2st2.0/logs/blb_stage2_rl.log	hy-tmp/stage2_hml_real_smoke_6f5ea845_20260728_012911/persistent/rl/bert-base/mrpc/s1t0.001_s2t0.001_s2st2.0/logs/blb_stage2_rl.log	external_artifact
63fe50977cdf2750235e208bacde17d62e4e1ebf3ac57e44f683db2ef8dfeb52	6209	file	/hy-tmp/stage2_hml_real_smoke_6f5ea845_20260728_012911/persistent/rl/bert-base/mrpc/s1t0.001_s2t0.001_s2st2.0/logs/error_summary.txt	hy-tmp/stage2_hml_real_smoke_6f5ea845_20260728_012911/persistent/rl/bert-base/mrpc/s1t0.001_s2t0.001_s2st2.0/logs/error_summary.txt	external_artifact
95fce58e27a83f9a77531a56e0661768f35be618c32caff2c921bfeffd891da4	671	file	/hy-tmp/stage2_hml_real_smoke_6f5ea845_20260728_012911/persistent/rl/bert-base/mrpc/s1t0.001_s2t0.001_s2st2.0/metadata.json	hy-tmp/stage2_hml_real_smoke_6f5ea845_20260728_012911/persistent/rl/bert-base/mrpc/s1t0.001_s2t0.001_s2st2.0/metadata.json	external_artifact
af4c5898a56753dbe38af93d358ea05e7316bf18983992c54a89802e0d0f50bf	7	file	/hy-tmp/stage2_hml_real_smoke_6f5ea845_20260728_012911/persistent/rl/bert-base/mrpc/s1t0.001_s2t0.001_s2st2.0/rl.pid	hy-tmp/stage2_hml_real_smoke_6f5ea845_20260728_012911/persistent/rl/bert-base/mrpc/s1t0.001_s2t0.001_s2st2.0/rl.pid	external_artifact
af4c5898a56753dbe38af93d358ea05e7316bf18983992c54a89802e0d0f50bf	7	file	/hy-tmp/stage2_hml_real_smoke_6f5ea845_20260728_012911/persistent/rl/bert-base/mrpc/s1t0.001_s2t0.001_s2st2.0/run.pid	hy-tmp/stage2_hml_real_smoke_6f5ea845_20260728_012911/persistent/rl/bert-base/mrpc/s1t0.001_s2t0.001_s2st2.0/run.pid	external_artifact
8e8069e192469f788d39c3cbff60b066ecd0687965ac8692513ccc85b34546f2	1399	file	/hy-tmp/stage2_hml_real_smoke_6f5ea845_20260728_012911/persistent/rl/bert-base/mrpc/s1t0.001_s2t0.001_s2st2.0/stage1/pruning_search_log.txt	hy-tmp/stage2_hml_real_smoke_6f5ea845_20260728_012911/persistent/rl/bert-base/mrpc/s1t0.001_s2t0.001_s2st2.0/stage1/pruning_search_log.txt	external_artifact
feed7a87790d793b134b64c2011fac6fb224ac48cbb703ebbbb38cfa1c556f79	853	file	/hy-tmp/stage2_hml_real_smoke_6f5ea845_20260728_012911/persistent/rl/bert-base/mrpc/s1t0.001_s2t0.001_s2st2.0/stage2_noise/progress/blb_stage2_live_summary.md	hy-tmp/stage2_hml_real_smoke_6f5ea845_20260728_012911/persistent/rl/bert-base/mrpc/s1t0.001_s2t0.001_s2st2.0/stage2_noise/progress/blb_stage2_live_summary.md	external_artifact
bbac09b5ca81e20e5ad22089f795ebdf4f080c1a16b11bf3252a1fcfb75c3a84	976	file	/hy-tmp/stage2_hml_real_smoke_6f5ea845_20260728_012911/persistent/rl/bert-base/mrpc/s1t0.001_s2t0.001_s2st2.0/stage2_noise/progress/blb_stage2_status.json	hy-tmp/stage2_hml_real_smoke_6f5ea845_20260728_012911/persistent/rl/bert-base/mrpc/s1t0.001_s2t0.001_s2st2.0/stage2_noise/progress/blb_stage2_status.json	external_artifact
f58378df6be46f8a823420443ba81cae1b99cfb41c737048d30ae5d7f9fb9d83	3155	file	/hy-tmp/stage2_hml_real_smoke_6f5ea845_20260728_012911/persistent/rl/bert-base/mrpc/s1t0.001_s2t0.001_s2st2.0/stage2_noise/pruning_search_log.txt	hy-tmp/stage2_hml_real_smoke_6f5ea845_20260728_012911/persistent/rl/bert-base/mrpc/s1t0.001_s2t0.001_s2st2.0/stage2_noise/pruning_search_log.txt	external_artifact
63a6070d809f1a67962895602a294c148cf49177570b46b867de0cf0d4023550	7022	file	/hy-tmp/stage2_hml_real_smoke_6f5ea845_20260728_013011/launch.log	hy-tmp/stage2_hml_real_smoke_6f5ea845_20260728_013011/launch.log	external_artifact
c937930d08e2928ad668cb88b0dca597f95c52cace1eef21aeb49e085163b245	200	file	/hy-tmp/stage2_hml_real_smoke_6f5ea845_20260728_013011/persistent/rl/bert-base/mrpc/.s1t0.001_s2t0.001_s2st2.0.stage2_rl.lock	hy-tmp/stage2_hml_real_smoke_6f5ea845_20260728_013011/persistent/rl/bert-base/mrpc/.s1t0.001_s2t0.001_s2st2.0.stage2_rl.lock	external_artifact
9c16cb8e2c83be332ba2408cd0a19014bff6cf628120a5c912fca41708fd56be	7	file	/hy-tmp/stage2_hml_real_smoke_6f5ea845_20260728_013011/persistent/rl/bert-base/mrpc/LATEST_PID	hy-tmp/stage2_hml_real_smoke_6f5ea845_20260728_013011/persistent/rl/bert-base/mrpc/LATEST_PID	external_artifact
bc1f94840632383b4b0707d9530b429a089bf48051b3fa20e0911df14e1b3f4c	110	file	/hy-tmp/stage2_hml_real_smoke_6f5ea845_20260728_013011/persistent/rl/bert-base/mrpc/LATEST_RUN_DIR	hy-tmp/stage2_hml_real_smoke_6f5ea845_20260728_013011/persistent/rl/bert-base/mrpc/LATEST_RUN_DIR	external_artifact
55f0ba0d47be61b99e67f276d759c21c961d654b7e124f1954c70e0883c2f46c	36717	file	/hy-tmp/stage2_hml_real_smoke_6f5ea845_20260728_013011/persistent/rl/bert-base/mrpc/s1t0.001_s2t0.001_s2st2.0/logs/blb_stage2_rl.log	hy-tmp/stage2_hml_real_smoke_6f5ea845_20260728_013011/persistent/rl/bert-base/mrpc/s1t0.001_s2t0.001_s2st2.0/logs/blb_stage2_rl.log	external_artifact
84b26fc5f0b3413fe50e788b85cb1e83ef44782f341f53009b976b58a1061ac0	7061	file	/hy-tmp/stage2_hml_real_smoke_6f5ea845_20260728_013011/persistent/rl/bert-base/mrpc/s1t0.001_s2t0.001_s2st2.0/logs/error_summary.txt	hy-tmp/stage2_hml_real_smoke_6f5ea845_20260728_013011/persistent/rl/bert-base/mrpc/s1t0.001_s2t0.001_s2st2.0/logs/error_summary.txt	external_artifact
0bdea83177a8285fbf308d7425d4d0e821a98e6bfaad52bd4f20ca7233b9ae5b	671	file	/hy-tmp/stage2_hml_real_smoke_6f5ea845_20260728_013011/persistent/rl/bert-base/mrpc/s1t0.001_s2t0.001_s2st2.0/metadata.json	hy-tmp/stage2_hml_real_smoke_6f5ea845_20260728_013011/persistent/rl/bert-base/mrpc/s1t0.001_s2t0.001_s2st2.0/metadata.json	external_artifact
9c16cb8e2c83be332ba2408cd0a19014bff6cf628120a5c912fca41708fd56be	7	file	/hy-tmp/stage2_hml_real_smoke_6f5ea845_20260728_013011/persistent/rl/bert-base/mrpc/s1t0.001_s2t0.001_s2st2.0/rl.pid	hy-tmp/stage2_hml_real_smoke_6f5ea845_20260728_013011/persistent/rl/bert-base/mrpc/s1t0.001_s2t0.001_s2st2.0/rl.pid	external_artifact
9c16cb8e2c83be332ba2408cd0a19014bff6cf628120a5c912fca41708fd56be	7	file	/hy-tmp/stage2_hml_real_smoke_6f5ea845_20260728_013011/persistent/rl/bert-base/mrpc/s1t0.001_s2t0.001_s2st2.0/run.pid	hy-tmp/stage2_hml_real_smoke_6f5ea845_20260728_013011/persistent/rl/bert-base/mrpc/s1t0.001_s2t0.001_s2st2.0/run.pid	external_artifact
1295c9fa28825e7292e8ed3403d6641fb3a29c7e8294f7a5a6907a5659477382	1399	file	/hy-tmp/stage2_hml_real_smoke_6f5ea845_20260728_013011/persistent/rl/bert-base/mrpc/s1t0.001_s2t0.001_s2st2.0/stage1/pruning_search_log.txt	hy-tmp/stage2_hml_real_smoke_6f5ea845_20260728_013011/persistent/rl/bert-base/mrpc/s1t0.001_s2t0.001_s2st2.0/stage1/pruning_search_log.txt	external_artifact
62b239463c006dffff996c905c8cf5d25f82094a831ce8ab0e05b20a74fc8e87	818	file	/hy-tmp/stage2_hml_real_smoke_6f5ea845_20260728_013011/persistent/rl/bert-base/mrpc/s1t0.001_s2t0.001_s2st2.0/stage2_noise/progress/blb_stage2_live_summary.md	hy-tmp/stage2_hml_real_smoke_6f5ea845_20260728_013011/persistent/rl/bert-base/mrpc/s1t0.001_s2t0.001_s2st2.0/stage2_noise/progress/blb_stage2_live_summary.md	external_artifact
f1bbc85d58f486be5c0eefae7006354522f89eb75d70ed569d5f7d0e299e4793	2832703	file	/hy-tmp/stage2_hml_real_smoke_6f5ea845_20260728_013011/persistent/rl/bert-base/mrpc/s1t0.001_s2t0.001_s2st2.0/stage2_noise/progress/blb_stage2_rl_checkpoint_live.pt	hy-tmp/stage2_hml_real_smoke_6f5ea845_20260728_013011/persistent/rl/bert-base/mrpc/s1t0.001_s2t0.001_s2st2.0/stage2_noise/progress/blb_stage2_rl_checkpoint_live.pt	external_artifact
fb37e1820c37b1e1721d74ea5db4f2a668e35f19355c210d972033ccfeb3b708	942	file	/hy-tmp/stage2_hml_real_smoke_6f5ea845_20260728_013011/persistent/rl/bert-base/mrpc/s1t0.001_s2t0.001_s2st2.0/stage2_noise/progress/blb_stage2_status.json	hy-tmp/stage2_hml_real_smoke_6f5ea845_20260728_013011/persistent/rl/bert-base/mrpc/s1t0.001_s2t0.001_s2st2.0/stage2_noise/progress/blb_stage2_status.json	external_artifact
8f2831bc039f6abab2bea8a9b59bcdd72820fe2d65b048f2b929c68663084c51	449290	file	/hy-tmp/stage2_hml_real_smoke_6f5ea845_20260728_013011/persistent/rl/bert-base/mrpc/s1t0.001_s2t0.001_s2st2.0/stage2_noise/progress/diagnostics/action_histogram.npz	hy-tmp/stage2_hml_real_smoke_6f5ea845_20260728_013011/persistent/rl/bert-base/mrpc/s1t0.001_s2t0.001_s2st2.0/stage2_noise/progress/diagnostics/action_histogram.npz	external_artifact
553f38508fa16f0445fdc3703112dd9264621c5ce13d9727ed0975ee63a843ec	587839	file	/hy-tmp/stage2_hml_real_smoke_6f5ea845_20260728_013011/persistent/rl/bert-base/mrpc/s1t0.001_s2t0.001_s2st2.0/stage2_noise/progress/diagnostics/baseline_action_vec.json	hy-tmp/stage2_hml_real_smoke_6f5ea845_20260728_013011/persistent/rl/bert-base/mrpc/s1t0.001_s2t0.001_s2st2.0/stage2_noise/progress/diagnostics/baseline_action_vec.json	external_artifact
44136fa355b3678a1146ad16f7e8649e94fb4fc21fe77e8310c060f61caaff8a	2	file	/hy-tmp/stage2_hml_real_smoke_6f5ea845_20260728_013011/persistent/rl/bert-base/mrpc/s1t0.001_s2t0.001_s2st2.0/stage2_noise/progress/diagnostics/first_invalid_counts.json	hy-tmp/stage2_hml_real_smoke_6f5ea845_20260728_013011/persistent/rl/bert-base/mrpc/s1t0.001_s2t0.001_s2st2.0/stage2_noise/progress/diagnostics/first_invalid_counts.json	external_artifact
80cdcef13e7cf2359554e5446b87f153d62e691dc2642a2188877f70b041e857	1904	file	/hy-tmp/stage2_hml_real_smoke_6f5ea845_20260728_013011/persistent/rl/bert-base/mrpc/s1t0.001_s2t0.001_s2st2.0/stage2_noise/progress/diagnostics/pareto_frontier.html	hy-tmp/stage2_hml_real_smoke_6f5ea845_20260728_013011/persistent/rl/bert-base/mrpc/s1t0.001_s2t0.001_s2st2.0/stage2_noise/progress/diagnostics/pareto_frontier.html	external_artifact
e01cd7321c5ff7ff32ca42f6ed5bbfe34d0a56a85bb976e92474e6f874d6891c	46770	file	/hy-tmp/stage2_hml_real_smoke_6f5ea845_20260728_013011/persistent/rl/bert-base/mrpc/s1t0.001_s2t0.001_s2st2.0/stage2_noise/progress/diagnostics/pareto_frontier.json	hy-tmp/stage2_hml_real_smoke_6f5ea845_20260728_013011/persistent/rl/bert-base/mrpc/s1t0.001_s2t0.001_s2st2.0/stage2_noise/progress/diagnostics/pareto_frontier.json	external_artifact
e3b0c44298fc1c149afbf4c8996fb92427ae41e4649b934ca495991b7852b855	0	file	/hy-tmp/stage2_hml_real_smoke_6f5ea845_20260728_013011/persistent/rl/bert-base/mrpc/s1t0.001_s2t0.001_s2st2.0/stage2_noise/progress/diagnostics/pareto_frontier.jsonl	hy-tmp/stage2_hml_real_smoke_6f5ea845_20260728_013011/persistent/rl/bert-base/mrpc/s1t0.001_s2t0.001_s2st2.0/stage2_noise/progress/diagnostics/pareto_frontier.jsonl	external_artifact
e3b0c44298fc1c149afbf4c8996fb92427ae41e4649b934ca495991b7852b855	0	file	/hy-tmp/stage2_hml_real_smoke_6f5ea845_20260728_013011/persistent/rl/bert-base/mrpc/s1t0.001_s2t0.001_s2st2.0/stage2_noise/progress/diagnostics/top_candidates.jsonl	hy-tmp/stage2_hml_real_smoke_6f5ea845_20260728_013011/persistent/rl/bert-base/mrpc/s1t0.001_s2t0.001_s2st2.0/stage2_noise/progress/diagnostics/top_candidates.jsonl	external_artifact
41c0288e0c710e59b1d30cc3f230b9d69e00d5f3da077a430f573ac1f579eea3	91380	file	/hy-tmp/stage2_hml_real_smoke_6f5ea845_20260728_013011/persistent/rl/bert-base/mrpc/s1t0.001_s2t0.001_s2st2.0/stage2_noise/progress/layerwise_run_manifest.json	hy-tmp/stage2_hml_real_smoke_6f5ea845_20260728_013011/persistent/rl/bert-base/mrpc/s1t0.001_s2t0.001_s2st2.0/stage2_noise/progress/layerwise_run_manifest.json	external_artifact
4adf6705fc1029abe2afd3b5fa2c5a9e70cf2c60adbf7cf71011dc7ef907c3c9	137	file	/hy-tmp/stage2_hml_real_smoke_6f5ea845_20260728_013011/persistent/rl/bert-base/mrpc/s1t0.001_s2t0.001_s2st2.0/stage2_noise/progress/rl_data_points_run_id.txt	hy-tmp/stage2_hml_real_smoke_6f5ea845_20260728_013011/persistent/rl/bert-base/mrpc/s1t0.001_s2t0.001_s2st2.0/stage2_noise/progress/rl_data_points_run_id.txt	external_artifact
37502ddaa81718f970dca5b02e2630879d2651ebe31fe8a878c0e31ae1c1bf7f	5710	file	/hy-tmp/stage2_hml_real_smoke_6f5ea845_20260728_013011/persistent/rl/bert-base/mrpc/s1t0.001_s2t0.001_s2st2.0/stage2_noise/pruning_search_log.txt	hy-tmp/stage2_hml_real_smoke_6f5ea845_20260728_013011/persistent/rl/bert-base/mrpc/s1t0.001_s2t0.001_s2st2.0/stage2_noise/pruning_search_log.txt	external_artifact
785a344b8e694bc0ba562708cd47cd8dc7488d24d671a49aa0ebc0ee3b7be44e	7022	file	/hy-tmp/stage2_hml_real_smoke_6f5ea845_20260728_013220/launch.log	hy-tmp/stage2_hml_real_smoke_6f5ea845_20260728_013220/launch.log	external_artifact
2609e09d65852ee48ae533296c618bff0b015c2b6e66ad0894a56f1f1e8700e8	200	file	/hy-tmp/stage2_hml_real_smoke_6f5ea845_20260728_013220/persistent/rl/bert-base/mrpc/.s1t0.001_s2t0.001_s2st2.0.stage2_rl.lock	hy-tmp/stage2_hml_real_smoke_6f5ea845_20260728_013220/persistent/rl/bert-base/mrpc/.s1t0.001_s2t0.001_s2st2.0.stage2_rl.lock	external_artifact
7283850dfe764b536b1a83e3b1c4de28441127b441a59f99ab91fa3011080e38	7	file	/hy-tmp/stage2_hml_real_smoke_6f5ea845_20260728_013220/persistent/rl/bert-base/mrpc/LATEST_PID	hy-tmp/stage2_hml_real_smoke_6f5ea845_20260728_013220/persistent/rl/bert-base/mrpc/LATEST_PID	external_artifact
e8f0c3deaa6268cbe63644833590ae4b10cd181dfca4e4ea528c9e0c329ab23e	110	file	/hy-tmp/stage2_hml_real_smoke_6f5ea845_20260728_013220/persistent/rl/bert-base/mrpc/LATEST_RUN_DIR	hy-tmp/stage2_hml_real_smoke_6f5ea845_20260728_013220/persistent/rl/bert-base/mrpc/LATEST_RUN_DIR	external_artifact
f76bb539caa4f0b842eb229b2809b84057454deb3bc22e3a2efc5cbfbf1ad9c5	260	file	/hy-tmp/stage2_hml_real_smoke_6f5ea845_20260728_013220/persistent/rl/bert-base/mrpc/s1t0.001_s2t0.001_s2st2.0/best_policy/constraint_metadata.json	hy-tmp/stage2_hml_real_smoke_6f5ea845_20260728_013220/persistent/rl/bert-base/mrpc/s1t0.001_s2t0.001_s2st2.0/best_policy/constraint_metadata.json	external_artifact
2bed16a5895069a2da40884f382565f9b4f7786047bc67e8b80ccf51d01bf103	32762	file	/hy-tmp/stage2_hml_real_smoke_6f5ea845_20260728_013220/persistent/rl/bert-base/mrpc/s1t0.001_s2t0.001_s2st2.0/logs/blb_stage2_rl.log	hy-tmp/stage2_hml_real_smoke_6f5ea845_20260728_013220/persistent/rl/bert-base/mrpc/s1t0.001_s2t0.001_s2st2.0/logs/blb_stage2_rl.log	external_artifact
52287c9e06574e6d0a90a67643b1691c3996ced773c26a1e5ec39d6df6fcb965	824	file	/hy-tmp/stage2_hml_real_smoke_6f5ea845_20260728_013220/persistent/rl/bert-base/mrpc/s1t0.001_s2t0.001_s2st2.0/metadata.json	hy-tmp/stage2_hml_real_smoke_6f5ea845_20260728_013220/persistent/rl/bert-base/mrpc/s1t0.001_s2t0.001_s2st2.0/metadata.json	external_artifact
7283850dfe764b536b1a83e3b1c4de28441127b441a59f99ab91fa3011080e38	7	file	/hy-tmp/stage2_hml_real_smoke_6f5ea845_20260728_013220/persistent/rl/bert-base/mrpc/s1t0.001_s2t0.001_s2st2.0/rl.pid	hy-tmp/stage2_hml_real_smoke_6f5ea845_20260728_013220/persistent/rl/bert-base/mrpc/s1t0.001_s2t0.001_s2st2.0/rl.pid	external_artifact
7283850dfe764b536b1a83e3b1c4de28441127b441a59f99ab91fa3011080e38	7	file	/hy-tmp/stage2_hml_real_smoke_6f5ea845_20260728_013220/persistent/rl/bert-base/mrpc/s1t0.001_s2t0.001_s2st2.0/run.pid	hy-tmp/stage2_hml_real_smoke_6f5ea845_20260728_013220/persistent/rl/bert-base/mrpc/s1t0.001_s2t0.001_s2st2.0/run.pid	external_artifact
3767d0a361bcdb234d4355dc4f6eb7ad8dfb1147a2f236c4753e77a659d2f3f3	1461	file	/hy-tmp/stage2_hml_real_smoke_6f5ea845_20260728_013220/persistent/rl/bert-base/mrpc/s1t0.001_s2t0.001_s2st2.0/stage1/pruning_search_log.txt	hy-tmp/stage2_hml_real_smoke_6f5ea845_20260728_013220/persistent/rl/bert-base/mrpc/s1t0.001_s2t0.001_s2st2.0/stage1/pruning_search_log.txt	external_artifact
055c6e1c29775988052eed105686f0031aaa348723364591d0e45d51f561414d	1123	file	/hy-tmp/stage2_hml_real_smoke_6f5ea845_20260728_013220/persistent/rl/bert-base/mrpc/s1t0.001_s2t0.001_s2st2.0/stage2_noise/progress/blb_stage2_live_summary.md	hy-tmp/stage2_hml_real_smoke_6f5ea845_20260728_013220/persistent/rl/bert-base/mrpc/s1t0.001_s2t0.001_s2st2.0/stage2_noise/progress/blb_stage2_live_summary.md	external_artifact
20470ffd8016130be38388834585f4d8848ad3a514272f82bdd710320c4d95fd	8435832	file	/hy-tmp/stage2_hml_real_smoke_6f5ea845_20260728_013220/persistent/rl/bert-base/mrpc/s1t0.001_s2t0.001_s2st2.0/stage2_noise/progress/blb_stage2_rl_checkpoint_live.pt	hy-tmp/stage2_hml_real_smoke_6f5ea845_20260728_013220/persistent/rl/bert-base/mrpc/s1t0.001_s2t0.001_s2st2.0/stage2_noise/progress/blb_stage2_rl_checkpoint_live.pt	external_artifact
7acf3b52e653d4047203cb90e2ab8304254efb46441ddfc660062b4ea4e8fd21	5616	file	/hy-tmp/stage2_hml_real_smoke_6f5ea845_20260728_013220/persistent/rl/bert-base/mrpc/s1t0.001_s2t0.001_s2st2.0/stage2_noise/progress/blb_stage2_status.json	hy-tmp/stage2_hml_real_smoke_6f5ea845_20260728_013220/persistent/rl/bert-base/mrpc/s1t0.001_s2t0.001_s2st2.0/stage2_noise/progress/blb_stage2_status.json	external_artifact
3826e3bf13067ec370df45ffaf0d2ad1518a66108e0b15e8c13fd0775a632431	10848	file	/hy-tmp/stage2_hml_real_smoke_6f5ea845_20260728_013220/persistent/rl/bert-base/mrpc/s1t0.001_s2t0.001_s2st2.0/stage2_noise/progress/blb_stage2_training_curve.npz	hy-tmp/stage2_hml_real_smoke_6f5ea845_20260728_013220/persistent/rl/bert-base/mrpc/s1t0.001_s2t0.001_s2st2.0/stage2_noise/progress/blb_stage2_training_curve.npz	external_artifact
e723b53c6178c1ec7c44f4dea1639fa5adc8401fdfb09e29b4ff2c542660c7a3	14712729	file	/hy-tmp/stage2_hml_real_smoke_6f5ea845_20260728_013220/persistent/rl/bert-base/mrpc/s1t0.001_s2t0.001_s2st2.0/stage2_noise/progress/candidate_store.jsonl	hy-tmp/stage2_hml_real_smoke_6f5ea845_20260728_013220/persistent/rl/bert-base/mrpc/s1t0.001_s2t0.001_s2st2.0/stage2_noise/progress/candidate_store.jsonl	external_artifact
a85ec3b33e75dcf9d2bd34bf4a8b9c2f7912c8e6a6dee4e243153ffc5303b86d	449290	file	/hy-tmp/stage2_hml_real_smoke_6f5ea845_20260728_013220/persistent/rl/bert-base/mrpc/s1t0.001_s2t0.001_s2st2.0/stage2_noise/progress/diagnostics/action_histogram.npz	hy-tmp/stage2_hml_real_smoke_6f5ea845_20260728_013220/persistent/rl/bert-base/mrpc/s1t0.001_s2t0.001_s2st2.0/stage2_noise/progress/diagnostics/action_histogram.npz	external_artifact
553f38508fa16f0445fdc3703112dd9264621c5ce13d9727ed0975ee63a843ec	587839	file	/hy-tmp/stage2_hml_real_smoke_6f5ea845_20260728_013220/persistent/rl/bert-base/mrpc/s1t0.001_s2t0.001_s2st2.0/stage2_noise/progress/diagnostics/baseline_action_vec.json	hy-tmp/stage2_hml_real_smoke_6f5ea845_20260728_013220/persistent/rl/bert-base/mrpc/s1t0.001_s2t0.001_s2st2.0/stage2_noise/progress/diagnostics/baseline_action_vec.json	external_artifact
f02b3af3259b0fabcc9b9a787b5774eacb9f9011c2c1c8f23b334aa364f85778	122	file	/hy-tmp/stage2_hml_real_smoke_6f5ea845_20260728_013220/persistent/rl/bert-base/mrpc/s1t0.001_s2t0.001_s2st2.0/stage2_noise/progress/diagnostics/blb_stage2_health.log	hy-tmp/stage2_hml_real_smoke_6f5ea845_20260728_013220/persistent/rl/bert-base/mrpc/s1t0.001_s2t0.001_s2st2.0/stage2_noise/progress/diagnostics/blb_stage2_health.log	external_artifact
5f5cbb656eb952cb29c2b79b98376370fab3b6fb9a656398cdcff3c17347e343	35575	file	/hy-tmp/stage2_hml_real_smoke_6f5ea845_20260728_013220/persistent/rl/bert-base/mrpc/s1t0.001_s2t0.001_s2st2.0/stage2_noise/progress/diagnostics/diagnostics_summary.md	hy-tmp/stage2_hml_real_smoke_6f5ea845_20260728_013220/persistent/rl/bert-base/mrpc/s1t0.001_s2t0.001_s2st2.0/stage2_noise/progress/diagnostics/diagnostics_summary.md	external_artifact
dca3f7e60b6c3e483ea84073374250d1f25e82447ac2c9e11195df6be31ee103	1833815	file	/hy-tmp/stage2_hml_real_smoke_6f5ea845_20260728_013220/persistent/rl/bert-base/mrpc/s1t0.001_s2t0.001_s2st2.0/stage2_noise/progress/diagnostics/episodes.jsonl	hy-tmp/stage2_hml_real_smoke_6f5ea845_20260728_013220/persistent/rl/bert-base/mrpc/s1t0.001_s2t0.001_s2st2.0/stage2_noise/progress/diagnostics/episodes.jsonl	external_artifact
44136fa355b3678a1146ad16f7e8649e94fb4fc21fe77e8310c060f61caaff8a	2	file	/hy-tmp/stage2_hml_real_smoke_6f5ea845_20260728_013220/persistent/rl/bert-base/mrpc/s1t0.001_s2t0.001_s2st2.0/stage2_noise/progress/diagnostics/first_invalid_counts.json	hy-tmp/stage2_hml_real_smoke_6f5ea845_20260728_013220/persistent/rl/bert-base/mrpc/s1t0.001_s2t0.001_s2st2.0/stage2_noise/progress/diagnostics/first_invalid_counts.json	external_artifact
08012aac73309ad9b2491cc71522a0376b7de3399060c34a1db4d30a688dcfc8	3308	file	/hy-tmp/stage2_hml_real_smoke_6f5ea845_20260728_013220/persistent/rl/bert-base/mrpc/s1t0.001_s2t0.001_s2st2.0/stage2_noise/progress/diagnostics/pareto_frontier.html	hy-tmp/stage2_hml_real_smoke_6f5ea845_20260728_013220/persistent/rl/bert-base/mrpc/s1t0.001_s2t0.001_s2st2.0/stage2_noise/progress/diagnostics/pareto_frontier.html	external_artifact
29ad2d6737add2fe0d65a6e8d0bb8a98664c99dfc8c3c724364702a27236d39f	2270995	file	/hy-tmp/stage2_hml_real_smoke_6f5ea845_20260728_013220/persistent/rl/bert-base/mrpc/s1t0.001_s2t0.001_s2st2.0/stage2_noise/progress/diagnostics/pareto_frontier.json	hy-tmp/stage2_hml_real_smoke_6f5ea845_20260728_013220/persistent/rl/bert-base/mrpc/s1t0.001_s2t0.001_s2st2.0/stage2_noise/progress/diagnostics/pareto_frontier.json	external_artifact
ebb30f26ca151cbbd8fcd529800eb2228429e94c755fe197c5625abd6464a3af	1223012	file	/hy-tmp/stage2_hml_real_smoke_6f5ea845_20260728_013220/persistent/rl/bert-base/mrpc/s1t0.001_s2t0.001_s2st2.0/stage2_noise/progress/diagnostics/pareto_frontier.jsonl	hy-tmp/stage2_hml_real_smoke_6f5ea845_20260728_013220/persistent/rl/bert-base/mrpc/s1t0.001_s2t0.001_s2st2.0/stage2_noise/progress/diagnostics/pareto_frontier.jsonl	external_artifact
5868732694712dc6a4c036d11c2342dd54aedb6225878913fdff138b8474736b	4725	file	/hy-tmp/stage2_hml_real_smoke_6f5ea845_20260728_013220/persistent/rl/bert-base/mrpc/s1t0.001_s2t0.001_s2st2.0/stage2_noise/progress/diagnostics/ppo_updates.jsonl	hy-tmp/stage2_hml_real_smoke_6f5ea845_20260728_013220/persistent/rl/bert-base/mrpc/s1t0.001_s2t0.001_s2st2.0/stage2_noise/progress/diagnostics/ppo_updates.jsonl	external_artifact
557d5efa2ed3c4edf4672c70de6a221551560e88220170cb782561e464e70e41	8136608	file	/hy-tmp/stage2_hml_real_smoke_6f5ea845_20260728_013220/persistent/rl/bert-base/mrpc/s1t0.001_s2t0.001_s2st2.0/stage2_noise/progress/diagnostics/top_candidates.jsonl	hy-tmp/stage2_hml_real_smoke_6f5ea845_20260728_013220/persistent/rl/bert-base/mrpc/s1t0.001_s2t0.001_s2st2.0/stage2_noise/progress/diagnostics/top_candidates.jsonl	external_artifact
9a523bde3fa23b89be514b52cbe0305de7b7c4aa968c14af9bf5abf2c435ea0a	91396	file	/hy-tmp/stage2_hml_real_smoke_6f5ea845_20260728_013220/persistent/rl/bert-base/mrpc/s1t0.001_s2t0.001_s2st2.0/stage2_noise/progress/layerwise_run_manifest.json	hy-tmp/stage2_hml_real_smoke_6f5ea845_20260728_013220/persistent/rl/bert-base/mrpc/s1t0.001_s2t0.001_s2st2.0/stage2_noise/progress/layerwise_run_manifest.json	external_artifact
1b6e84adf413b5392d305c4f3301786b9cb467af3b94a1341c21897552f68edf	45694	file	/hy-tmp/stage2_hml_real_smoke_6f5ea845_20260728_013220/persistent/rl/bert-base/mrpc/s1t0.001_s2t0.001_s2st2.0/stage2_noise/progress/layerwise_summary.json	hy-tmp/stage2_hml_real_smoke_6f5ea845_20260728_013220/persistent/rl/bert-base/mrpc/s1t0.001_s2t0.001_s2st2.0/stage2_noise/progress/layerwise_summary.json	external_artifact
c134050a2528e4456969aab37e1cccf4fc0999b785527963be5e7908ae901d1f	137	file	/hy-tmp/stage2_hml_real_smoke_6f5ea845_20260728_013220/persistent/rl/bert-base/mrpc/s1t0.001_s2t0.001_s2st2.0/stage2_noise/progress/rl_data_points_run_id.txt	hy-tmp/stage2_hml_real_smoke_6f5ea845_20260728_013220/persistent/rl/bert-base/mrpc/s1t0.001_s2t0.001_s2st2.0/stage2_noise/progress/rl_data_points_run_id.txt	external_artifact
97c8e3b3ff3d055fea968096241785b6f4500e3e2aaa692bfb7576a584b11def	5753	file	/hy-tmp/stage2_hml_real_smoke_6f5ea845_20260728_013220/persistent/rl/bert-base/mrpc/s1t0.001_s2t0.001_s2st2.0/stage2_noise/pruning_search_log.txt	hy-tmp/stage2_hml_real_smoke_6f5ea845_20260728_013220/persistent/rl/bert-base/mrpc/s1t0.001_s2t0.001_s2st2.0/stage2_noise/pruning_search_log.txt	external_artifact
215ab6d2825fdc0c11bc3fed2f4c3ce5d82c86ec2d863f2420ad167b5b6118c8	6952	file	/hy-tmp/stage2_hml_real_smoke_6f5ea845_20260728_013220/real_chain_audit.json	hy-tmp/stage2_hml_real_smoke_6f5ea845_20260728_013220/real_chain_audit.json	external_artifact
2621e7c2e5e3859b42ff8ca20992f33f58782121a0e4c5965536c705ffc079b2	55	file	/hy-tmp/stage2_hml_real_smoke_latest	hy-tmp/stage2_hml_real_smoke_latest	external_artifact
00e6227609a3b4fd36a880b3cb24b3acbe3744da907df96a2bc59d214750079a	89635	file	/hy-tmp/stage2_k6_k7_gate_74c5bda4_20260727_214945/focused.log	hy-tmp/stage2_k6_k7_gate_74c5bda4_20260727_214945/focused.log	external_artifact
f39cc109e2565f25fcdd6be3a7fb53c3e883a07cf1e7f25ad9e7c5391bdadd19	89635	file	/hy-tmp/stage2_k6_k7_gate_74c5bda4_20260727_214945/focused_b7ce0bfd.log	hy-tmp/stage2_k6_k7_gate_74c5bda4_20260727_214945/focused_b7ce0bfd.log	external_artifact
2a748da5ba868911804c6ab66994e0aaf36e999a139fcee80c116d761c4fdd83	8207	file	/hy-tmp/stage2_k6_k7_gate_74c5bda4_20260727_214945/gate_summary.json	hy-tmp/stage2_k6_k7_gate_74c5bda4_20260727_214945/gate_summary.json	external_artifact
f8bf929a9ec0d87e14b65a444d72e39ad60ec08276b260f86c3258e05d47248d	213	file	/hy-tmp/stage2_k6_k7_gate_74c5bda4_20260727_214945/paean/mrpc/rl/k6-k7-production-gate-b7ce0bfd/best_policy/constraint_metadata.json	hy-tmp/stage2_k6_k7_gate_74c5bda4_20260727_214945/paean/mrpc/rl/k6-k7-production-gate-b7ce0bfd/best_policy/constraint_metadata.json	external_artifact
5cb94a69f675429796ca2849ffb208fb5510b44e2f71231b2fb457865b61e40f	91323	file	/hy-tmp/stage2_k6_k7_gate_74c5bda4_20260727_214945/paean/mrpc/rl/k6-k7-production-gate-b7ce0bfd/final_eval/blb_action_final_eval_report_mrpc.md	hy-tmp/stage2_k6_k7_gate_74c5bda4_20260727_214945/paean/mrpc/rl/k6-k7-production-gate-b7ce0bfd/final_eval/blb_action_final_eval_report_mrpc.md	external_artifact
75665fcf120b672299138bd583e5f256971ba3d6cb8f8a26fcde102f039df9db	472765	file	/hy-tmp/stage2_k6_k7_gate_74c5bda4_20260727_214945/paean/mrpc/rl/k6-k7-production-gate-b7ce0bfd/final_eval/blb_action_final_eval_results_mrpc.json	hy-tmp/stage2_k6_k7_gate_74c5bda4_20260727_214945/paean/mrpc/rl/k6-k7-production-gate-b7ce0bfd/final_eval/blb_action_final_eval_results_mrpc.json	external_artifact
46044e45d475b409645209c8583618681899d66912b68fa928299d8063247ad2	1445	file	/hy-tmp/stage2_k6_k7_gate_74c5bda4_20260727_214945/paean/mrpc/rl/k6-k7-production-gate-b7ce0bfd/stage1/pruning_search_log.txt	hy-tmp/stage2_k6_k7_gate_74c5bda4_20260727_214945/paean/mrpc/rl/k6-k7-production-gate-b7ce0bfd/stage1/pruning_search_log.txt	external_artifact
8c22f1c8ccbc635044d728fec7b117f07c6717cfe15a3ebb089ac9d6001de8e1	1933	file	/hy-tmp/stage2_k6_k7_gate_74c5bda4_20260727_214945/paean/mrpc/rl/k6-k7-production-gate-b7ce0bfd/stage2_noise/pruning_search_log.txt	hy-tmp/stage2_k6_k7_gate_74c5bda4_20260727_214945/paean/mrpc/rl/k6-k7-production-gate-b7ce0bfd/stage2_noise/pruning_search_log.txt	external_artifact
b8e80c4be560307b4ad4fd78648370914e557024c05a9bede9708bc311c7b615	3395	file	/hy-tmp/stage2_k6_k7_gate_74c5bda4_20260727_214945/paean/mrpc/rl/k6-k7-production-gate-json/logs/error_summary.txt	hy-tmp/stage2_k6_k7_gate_74c5bda4_20260727_214945/paean/mrpc/rl/k6-k7-production-gate-json/logs/error_summary.txt	external_artifact
369173fcf1fd5b463046ed650a23e07df3d8432c83be04d912d2049ac8bacb4e	533	file	/hy-tmp/stage2_k6_k7_gate_74c5bda4_20260727_214945/paean/mrpc/rl/k6-k7-production-gate-json/stage1/pruning_search_log.txt	hy-tmp/stage2_k6_k7_gate_74c5bda4_20260727_214945/paean/mrpc/rl/k6-k7-production-gate-json/stage1/pruning_search_log.txt	external_artifact
caeed7f4cd00c2abf0ed404c0d16ae500c4134ad99719b6e0af877c684441ac7	3451	file	/hy-tmp/stage2_k6_k7_gate_74c5bda4_20260727_214945/paean/mrpc/rl/k6-k7-production-gate/logs/error_summary.txt	hy-tmp/stage2_k6_k7_gate_74c5bda4_20260727_214945/paean/mrpc/rl/k6-k7-production-gate/logs/error_summary.txt	external_artifact
6d0f7269071a5c7b68d1410b615cb20bd2f04dcc5d150df956c27c1e8bc59c26	528	file	/hy-tmp/stage2_k6_k7_gate_74c5bda4_20260727_214945/paean/mrpc/rl/k6-k7-production-gate/stage1/pruning_search_log.txt	hy-tmp/stage2_k6_k7_gate_74c5bda4_20260727_214945/paean/mrpc/rl/k6-k7-production-gate/stage1/pruning_search_log.txt	external_artifact
f3c50aee1b466f96bca86127dc5d0b3b8f22917f0c8c96d295d3fa46728797cc	1236	file	/hy-tmp/stage2_k6_k7_gate_74c5bda4_20260727_214945/paean_contract_after_fix.log	hy-tmp/stage2_k6_k7_gate_74c5bda4_20260727_214945/paean_contract_after_fix.log	external_artifact
ff0f862ec6e4fef6c1026fcba6de7c23cb83e4836a00ba80c2dd9c009d21815c	2894	file	/hy-tmp/stage2_k6_k7_gate_74c5bda4_20260727_214945/paean_dry_run.log	hy-tmp/stage2_k6_k7_gate_74c5bda4_20260727_214945/paean_dry_run.log	external_artifact
34293b7f00819b3035f664b8b5c86d8bb3e86fc37d667440445e8edbd0ceccfb	11981	file	/hy-tmp/stage2_k6_k7_gate_74c5bda4_20260727_214945/paean_k6_k7.log	hy-tmp/stage2_k6_k7_gate_74c5bda4_20260727_214945/paean_k6_k7.log	external_artifact
74e24b5ac524bd4aac58818748ba60406f8ae7e1fabb8ea231e6e9d667fd81f9	14837	file	/hy-tmp/stage2_k6_k7_gate_74c5bda4_20260727_214945/paean_k6_k7_b7ce0bfd.log	hy-tmp/stage2_k6_k7_gate_74c5bda4_20260727_214945/paean_k6_k7_b7ce0bfd.log	external_artifact
5bb1c811e9de5e974f7d2856a5497f1528476c7b217ea27924a03a4fe58e7c11	11861	file	/hy-tmp/stage2_k6_k7_gate_74c5bda4_20260727_214945/paean_k6_k7_json.log	hy-tmp/stage2_k6_k7_gate_74c5bda4_20260727_214945/paean_k6_k7_json.log	external_artifact
e211fb4ab05989dbd350a7e53a2909b4f51f3d5bafa852285407c31d64818caf	12229	file	/hy-tmp/stage2_k6_k7_gate_74c5bda4_20260727_214945/paean_result_excerpt.txt	hy-tmp/stage2_k6_k7_gate_74c5bda4_20260727_214945/paean_result_excerpt.txt	external_artifact
ccdcc36db0dbe8897782730239968248589f05b9ce9028037f59febf9d014b97	30721	file	/hy-tmp/stage2_k6_k7_gate_74c5bda4_20260727_214945/shared_paths.log	hy-tmp/stage2_k6_k7_gate_74c5bda4_20260727_214945/shared_paths.log	external_artifact
b066dad6f2fef250aedfa72cf4fc78343b01044a3a0288aabdfd23cbc97296ef	24911	file	/hy-tmp/stage2_k6_k7_gate_74c5bda4_20260727_214945/shared_paths_b7ce0bfd.log	hy-tmp/stage2_k6_k7_gate_74c5bda4_20260727_214945/shared_paths_b7ce0bfd.log	external_artifact
40724a17562a7dda970e70fffea8c3959027004d7c6f9e2c1f281f2b119c3464	20929	file	/hy-tmp/stage2_k6_k7_gate_74c5bda4_20260727_214945/shared_paths_gpu0123.log	hy-tmp/stage2_k6_k7_gate_74c5bda4_20260727_214945/shared_paths_gpu0123.log	external_artifact
a1e4067b62d8a9317d4fbd18a10f9345739048b55e49f5fca420c6350ce90701	43530	file	/hy-tmp/stage2_k6_k7_gate_74c5bda4_20260727_214945/stage2_k6_k7_gate_compact.tar.gz	hy-tmp/stage2_k6_k7_gate_74c5bda4_20260727_214945/stage2_k6_k7_gate_compact.tar.gz	external_artifact
f958a6aad562472834f75349eb23d755a288cf852b84203096dffb1c34c544fa	40826	file	/hy-tmp/stage2_precision_presets_gate_2dbc2934_20260728_011929/gate.log	hy-tmp/stage2_precision_presets_gate_2dbc2934_20260728_011929/gate.log	external_artifact
5be81b51a9d41885d1a3ea9af5bf57453939e28ce6e3086701bd7e7c7aae593a	14737	file	/hy-tmp/stage2_precision_presets_gate_2dbc2934_20260728_011929/gate_final.log	hy-tmp/stage2_precision_presets_gate_2dbc2934_20260728_011929/gate_final.log	external_artifact
e1b10b516585300c42c36f628b08aeb9507d822ca9a020608b1922f88e83af11	1033568	file	/hy-tmp/stage2_precision_presets_gate_2dbc2934_20260728_011929/gate_rerun.log	hy-tmp/stage2_precision_presets_gate_2dbc2934_20260728_011929/gate_rerun.log	external_artifact
f42fc119caf54700c473a7febe05999d1addf741825d97ee346dd8c7b887abe0	12	file	/hy-tmp/stage2_precision_presets_gate_2dbc2934_20260728_011929/status.txt	hy-tmp/stage2_precision_presets_gate_2dbc2934_20260728_011929/status.txt	external_artifact
bc2f2927ade97ab8e0e3d15ebbfe067f751a3579ed0268a3f85951d4d8904fff	18	file	/hy-tmp/stage2_precision_presets_gate_2dbc2934_20260728_011929/status_final.txt	hy-tmp/stage2_precision_presets_gate_2dbc2934_20260728_011929/status_final.txt	external_artifact
29140e4fa196f5346fc2105d02434d265a21442d7d1c9f5e1edceb5fe257aa07	18	file	/hy-tmp/stage2_precision_presets_gate_2dbc2934_20260728_011929/status_rerun.txt	hy-tmp/stage2_precision_presets_gate_2dbc2934_20260728_011929/status_rerun.txt	external_artifact
5ab801b50b403f128213918c9275ec325554e94f86a2a3c2094092029a227f5a	63	file	/hy-tmp/stage2_precision_presets_gate_latest	hy-tmp/stage2_precision_presets_gate_latest	external_artifact
c1dc2f30797720203ca5c21a385f16c90c894afb5679a9eb78377f76911a5e27	1036	file	/hy-tmp/test-elastic-stage2-suite-fc3654fc/logs/elastic_gpu_health_events.jsonl	hy-tmp/test-elastic-stage2-suite-fc3654fc/logs/elastic_gpu_health_events.jsonl	external_artifact
4c795bf8f1b2402e0aa31f437ca6ddebfd73cf610be5797b2532c02b805cb0ee	545	file	/hy-tmp/test-elastic-stage2-suite-fc3654fc/pytest.log	hy-tmp/test-elastic-stage2-suite-fc3654fc/pytest.log	external_artifact
4d5ae0ba430332135f4070c808525ce4945ea7198736aeda7fa141b678c702a5	518	file	/hy-tmp/test-stage1-elastic-green-8d197a10/logs/elastic_gpu_health_events.jsonl	hy-tmp/test-stage1-elastic-green-8d197a10/logs/elastic_gpu_health_events.jsonl	external_artifact
8c41a085a78b0853160d488b02f2505870856899f5fd3ceb78458a0c6dce6659	518	file	/hy-tmp/test-stage1-elastic-red-132854f7/logs/elastic_gpu_health_events.jsonl	hy-tmp/test-stage1-elastic-red-132854f7/logs/elastic_gpu_health_events.jsonl	external_artifact
69958d6bcf5f143b6ad3829c152cef018393b9675ed64a85778fe38a0eaa32c5	518	file	/hy-tmp/test-stage2-learner-green-fc3654fc/logs/elastic_gpu_health_events.jsonl	hy-tmp/test-stage2-learner-green-fc3654fc/logs/elastic_gpu_health_events.jsonl	external_artifact
7a789ffa58cb3b9febc82b2109d8c02ab99210b738bb9b3d4cdb7193960d440f	518	file	/hy-tmp/test-stage2-learner-red-b9cbec2e/logs/elastic_gpu_health_events.jsonl	hy-tmp/test-stage2-learner-red-b9cbec2e/logs/elastic_gpu_health_events.jsonl	external_artifact
41c760c4e459cf034d6fe16db38b34a6b43812b725a98a8aa940fc8b9d8cb2b1	518	file	/hy-tmp/test-stage2-rng-green-b9c24d60/logs/elastic_gpu_health_events.jsonl	hy-tmp/test-stage2-rng-green-b9c24d60/logs/elastic_gpu_health_events.jsonl	external_artifact
1e6c26e83a93ab91a3b43baea2442d7496f0deeb3859e86dca64965b7ec0e162	518	file	/hy-tmp/test-stage2-rng-red-cc97b133/logs/elastic_gpu_health_events.jsonl	hy-tmp/test-stage2-rng-red-cc97b133/logs/elastic_gpu_health_events.jsonl	external_artifact
