timestamp,gpu_idx,util_pct,mem_used_mib
2026/05/24 08:52:33.567, 0, 0, 1
2026/05/24 08:52:33.568, 1, 0, 1
2026/05/24 08:52:33.569, 2, 0, 1
2026/05/24 08:52:33.571, 3, 0, 1
2026/05/24 08:52:48.658, 0, 0, 866
2026/05/24 08:52:48.660, 1, 0, 4
2026/05/24 08:52:48.661, 2, 0, 4
2026/05/24 08:52:48.662, 3, 0, 4
2026/05/24 08:53:03.847, 0, 0, 10380
2026/05/24 08:53:03.849, 1, 0, 10088
2026/05/24 08:53:03.850, 2, 0, 10088
2026/05/24 08:53:03.851, 3, 0, 10088
2026/05/24 08:53:18.937, 0, 1, 10392
2026/05/24 08:53:18.939, 1, 0, 10088
2026/05/24 08:53:18.941, 2, 0, 10088
2026/05/24 08:53:18.942, 3, 0, 10088
2026/05/24 08:53:34.028, 0, 9, 10392
2026/05/24 08:53:34.031, 1, 0, 10088
2026/05/24 08:53:34.033, 2, 0, 10088
2026/05/24 08:53:34.034, 3, 0, 10088
2026/05/24 08:53:49.168, 0, 100, 10488
2026/05/24 08:53:49.171, 1, 99, 10088
2026/05/24 08:53:49.173, 2, 100, 10088
2026/05/24 08:53:49.175, 3, 0, 10088
2026/05/24 08:54:04.271, 0, 100, 10488
2026/05/24 08:54:04.274, 1, 100, 10088
2026/05/24 08:54:04.275, 2, 0, 10088
2026/05/24 08:54:04.276, 3, 0, 10088
2026/05/24 08:54:19.361, 0, 6, 10488
2026/05/24 08:54:19.363, 1, 0, 10088
2026/05/24 08:54:19.364, 2, 0, 10088
2026/05/24 08:54:19.366, 3, 0, 10088
2026/05/24 08:54:34.602, 0, 100, 10488
2026/05/24 08:54:34.606, 1, 100, 10088
2026/05/24 08:54:34.610, 2, 100, 10088
2026/05/24 08:54:34.613, 3, 0, 10088
2026/05/24 08:54:49.789, 0, 100, 10488
2026/05/24 08:54:49.791, 1, 100, 10088
2026/05/24 08:54:49.792, 2, 42, 10088
2026/05/24 08:54:49.794, 3, 0, 10088
2026/05/24 08:55:04.894, 0, 13, 10488
2026/05/24 08:55:04.896, 1, 0, 10088
2026/05/24 08:55:04.897, 2, 0, 10088
2026/05/24 08:55:04.899, 3, 0, 10088
2026/05/24 08:55:20.006, 0, 100, 10490
2026/05/24 08:55:20.010, 1, 0, 10088
2026/05/24 08:55:20.013, 2, 0, 10088
2026/05/24 08:55:20.016, 3, 0, 10088
2026/05/24 08:55:35.110, 0, 9, 10490
2026/05/24 08:55:35.112, 1, 0, 10088
2026/05/24 08:55:35.113, 2, 0, 10088
2026/05/24 08:55:35.114, 3, 0, 10088
2026/05/24 08:55:50.227, 0, 100, 10490
2026/05/24 08:55:50.230, 1, 75, 10088
2026/05/24 08:55:50.234, 2, 100, 10088
2026/05/24 08:55:50.237, 3, 64, 10088
2026/05/24 08:56:05.362, 0, 100, 10490
2026/05/24 08:56:05.366, 1, 100, 10088
2026/05/24 08:56:05.369, 2, 100, 10088
2026/05/24 08:56:05.372, 3, 0, 10088
2026/05/24 08:56:20.485, 0, 100, 10490
2026/05/24 08:56:20.487, 1, 100, 10088
2026/05/24 08:56:20.488, 2, 92, 10088
2026/05/24 08:56:20.490, 3, 100, 10088
2026/05/24 08:56:35.590, 0, 14, 10490
2026/05/24 08:56:35.592, 1, 0, 10088
2026/05/24 08:56:35.593, 2, 0, 10088
2026/05/24 08:56:35.595, 3, 0, 10088
2026/05/24 08:56:50.677, 0, 5, 10490
2026/05/24 08:56:50.679, 1, 0, 10088
2026/05/24 08:56:50.681, 2, 0, 10088
2026/05/24 08:56:50.682, 3, 0, 10088
2026/05/24 08:57:05.839, 0, 100, 10490
2026/05/24 08:57:05.843, 1, 100, 10088
2026/05/24 08:57:05.846, 2, 100, 10088
2026/05/24 08:57:05.852, 3, 100, 10088
2026/05/24 08:57:20.960, 0, 100, 10490
2026/05/24 08:57:20.964, 1, 100, 10088
2026/05/24 08:57:20.968, 2, 0, 10088
2026/05/24 08:57:20.969, 3, 0, 10088
2026/05/24 08:57:36.088, 0, 0, 10490
2026/05/24 08:57:36.092, 1, 0, 10088
2026/05/24 08:57:36.095, 2, 0, 10088
2026/05/24 08:57:36.098, 3, 0, 10088
2026/05/24 08:57:51.363, 0, 57, 10490
2026/05/24 08:57:51.366, 1, 100, 10088
2026/05/24 08:57:51.368, 2, 0, 10088
2026/05/24 08:57:51.371, 3, 0, 10088
2026/05/24 08:58:06.523, 0, 9, 10490
2026/05/24 08:58:06.525, 1, 0, 10088
2026/05/24 08:58:06.526, 2, 0, 10088
2026/05/24 08:58:06.528, 3, 0, 10088
2026/05/24 08:58:21.613, 0, 8, 10490
2026/05/24 08:58:21.615, 1, 0, 10088
2026/05/24 08:58:21.616, 2, 0, 10088
2026/05/24 08:58:21.618, 3, 0, 10088
2026/05/24 08:58:36.744, 0, 9, 10490
2026/05/24 08:58:36.748, 1, 0, 10088
2026/05/24 08:58:36.751, 2, 0, 10088
2026/05/24 08:58:36.754, 3, 0, 10088
2026/05/24 08:58:51.940, 0, 100, 10490
2026/05/24 08:58:51.944, 1, 0, 10088
2026/05/24 08:58:51.945, 2, 0, 10088
2026/05/24 08:58:51.946, 3, 0, 10088
2026/05/24 08:59:07.220, 0, 3, 10490
2026/05/24 08:59:07.222, 1, 0, 10088
2026/05/24 08:59:07.223, 2, 0, 10088
2026/05/24 08:59:07.224, 3, 0, 10088
2026/05/24 08:59:22.306, 0, 13, 10490
2026/05/24 08:59:22.308, 1, 0, 10088
2026/05/24 08:59:22.309, 2, 0, 10088
2026/05/24 08:59:22.311, 3, 0, 10088
2026/05/24 08:59:37.605, 0, 7, 10490
2026/05/24 08:59:37.607, 1, 0, 10088
2026/05/24 08:59:37.609, 2, 0, 10088
2026/05/24 08:59:37.610, 3, 0, 10088
2026/05/24 08:59:52.693, 0, 8, 10490
2026/05/24 08:59:52.695, 1, 0, 10088
2026/05/24 08:59:52.696, 2, 0, 10088
2026/05/24 08:59:52.698, 3, 0, 10088
2026/05/24 09:00:07.807, 0, 4, 10490
2026/05/24 09:00:07.811, 1, 0, 10088
2026/05/24 09:00:07.814, 2, 0, 10088
2026/05/24 09:00:07.817, 3, 100, 10088
2026/05/24 09:00:23.383, 0, 15, 10490
2026/05/24 09:00:23.387, 1, 0, 10088
2026/05/24 09:00:23.390, 2, 9, 10088
2026/05/24 09:00:23.393, 3, 0, 10088
2026/05/24 09:00:38.498, 0, 13, 10490
2026/05/24 09:00:38.500, 1, 0, 10088
2026/05/24 09:00:38.502, 2, 0, 10088
2026/05/24 09:00:38.503, 3, 0, 10088
2026/05/24 09:00:53.590, 0, 8, 10490
2026/05/24 09:00:53.593, 1, 0, 10088
2026/05/24 09:00:53.596, 2, 0, 10088
2026/05/24 09:00:53.630, 3, 0, 10088
2026/05/24 09:01:08.721, 0, 8, 10490
2026/05/24 09:01:08.723, 1, 0, 10088
2026/05/24 09:01:08.725, 2, 0, 10088
2026/05/24 09:01:08.726, 3, 0, 10088
2026/05/24 09:01:23.947, 0, 6, 10490
2026/05/24 09:01:23.949, 1, 0, 10088
2026/05/24 09:01:23.950, 2, 0, 10088
2026/05/24 09:01:23.952, 3, 0, 10088
2026/05/24 09:01:39.047, 0, 100, 10490
2026/05/24 09:01:39.050, 1, 100, 10088
2026/05/24 09:01:39.053, 2, 100, 10088
2026/05/24 09:01:39.056, 3, 100, 10088
2026/05/24 09:01:54.170, 0, 13, 10490
2026/05/24 09:01:54.173, 1, 0, 10088
2026/05/24 09:01:54.174, 2, 0, 10088
2026/05/24 09:01:54.176, 3, 0, 10088
2026/05/24 09:02:09.310, 0, 9, 10490
2026/05/24 09:02:09.314, 1, 0, 10088
2026/05/24 09:02:09.316, 2, 0, 10088
2026/05/24 09:02:09.318, 3, 0, 10088
2026/05/24 09:02:24.636, 0, 55, 10490
2026/05/24 09:02:24.639, 1, 0, 10088
2026/05/24 09:02:24.642, 2, 100, 10088
2026/05/24 09:02:24.644, 3, 0, 10088
2026/05/24 09:02:39.733, 0, 2, 10490
2026/05/24 09:02:39.735, 1, 51, 10088
2026/05/24 09:02:39.736, 2, 0, 10088
2026/05/24 09:02:39.738, 3, 100, 10088
2026/05/24 09:02:54.845, 0, 100, 10490
2026/05/24 09:02:54.847, 1, 100, 10088
2026/05/24 09:02:54.849, 2, 42, 10088
2026/05/24 09:02:54.850, 3, 0, 10088
2026/05/24 09:03:09.933, 0, 11, 10490
2026/05/24 09:03:09.936, 1, 0, 10088
2026/05/24 09:03:09.937, 2, 0, 10088
2026/05/24 09:03:09.938, 3, 0, 10088
2026/05/24 09:03:25.109, 0, 6, 10490
2026/05/24 09:03:25.111, 1, 0, 10088
2026/05/24 09:03:25.112, 2, 0, 10088
2026/05/24 09:03:25.114, 3, 0, 10088
2026/05/24 09:03:40.242, 0, 9, 10490
2026/05/24 09:03:40.246, 1, 0, 10088
2026/05/24 09:03:40.249, 2, 100, 10088
2026/05/24 09:03:40.252, 3, 0, 10088
2026/05/24 09:03:55.498, 0, 100, 10490
2026/05/24 09:03:55.499, 1, 100, 10088
2026/05/24 09:03:55.500, 2, 100, 10088
2026/05/24 09:03:55.501, 3, 100, 10088
2026/05/24 09:04:10.581, 0, 9, 10490
2026/05/24 09:04:10.583, 1, 0, 10088
2026/05/24 09:04:10.585, 2, 0, 10088
2026/05/24 09:04:10.586, 3, 0, 10088
2026/05/24 09:04:25.892, 0, 4, 10490
2026/05/24 09:04:25.894, 1, 0, 10088
2026/05/24 09:04:25.895, 2, 0, 10088
2026/05/24 09:04:25.896, 3, 0, 10088
2026/05/24 09:04:41.058, 0, 4, 10490
2026/05/24 09:04:41.060, 1, 0, 10088
2026/05/24 09:04:41.061, 2, 0, 10088
2026/05/24 09:04:41.062, 3, 0, 10088
2026/05/24 09:04:56.145, 0, 9, 10490
2026/05/24 09:04:56.147, 1, 0, 10088
2026/05/24 09:04:56.148, 2, 100, 10088
2026/05/24 09:04:56.150, 3, 0, 10088
2026/05/24 09:05:11.233, 0, 9, 10490
2026/05/24 09:05:11.235, 1, 0, 10088
2026/05/24 09:05:11.236, 2, 0, 10088
2026/05/24 09:05:11.238, 3, 0, 10088
2026/05/24 09:05:26.616, 0, 15, 10490
2026/05/24 09:05:26.618, 1, 0, 10088
2026/05/24 09:05:26.619, 2, 0, 10088
2026/05/24 09:05:26.620, 3, 0, 10088
2026/05/24 09:05:41.941, 0, 10, 10490
2026/05/24 09:05:41.944, 1, 100, 10088
2026/05/24 09:05:41.948, 2, 0, 10088
2026/05/24 09:05:41.952, 3, 100, 10088
2026/05/24 09:05:57.397, 0, 5, 10490
2026/05/24 09:05:57.400, 1, 0, 10088
2026/05/24 09:05:57.401, 2, 0, 10088
2026/05/24 09:05:57.402, 3, 0, 10088
2026/05/24 09:06:12.485, 0, 87, 10490
2026/05/24 09:06:12.487, 1, 100, 10088
2026/05/24 09:06:12.488, 2, 0, 10088
2026/05/24 09:06:12.490, 3, 100, 10088
2026/05/24 09:06:27.619, 0, 19, 10490
2026/05/24 09:06:27.623, 1, 0, 10088
2026/05/24 09:06:27.625, 2, 100, 10088
2026/05/24 09:06:27.628, 3, 20, 10088
2026/05/24 09:06:42.778, 0, 15, 10490
2026/05/24 09:06:42.780, 1, 0, 10088
2026/05/24 09:06:42.782, 2, 0, 10088
2026/05/24 09:06:42.783, 3, 0, 10088
2026/05/24 09:06:57.882, 0, 100, 10490
2026/05/24 09:06:57.884, 1, 100, 10088
2026/05/24 09:06:57.885, 2, 0, 10088
2026/05/24 09:06:57.887, 3, 0, 10088
2026/05/24 09:07:12.977, 0, 9, 10490
2026/05/24 09:07:12.982, 1, 100, 10088
2026/05/24 09:07:12.987, 2, 100, 10088
2026/05/24 09:07:12.990, 3, 100, 10088
2026/05/24 09:07:28.081, 0, 9, 10490
2026/05/24 09:07:28.083, 1, 0, 10088
2026/05/24 09:07:28.084, 2, 80, 10088
2026/05/24 09:07:28.086, 3, 0, 10088
2026/05/24 09:07:43.444, 0, 0, 10490
2026/05/24 09:07:43.446, 1, 0, 10088
2026/05/24 09:07:43.447, 2, 0, 10088
2026/05/24 09:07:43.448, 3, 0, 10088
2026/05/24 09:07:58.565, 0, 16, 10490
2026/05/24 09:07:58.568, 1, 0, 10088
2026/05/24 09:07:58.569, 2, 0, 10088
2026/05/24 09:07:58.570, 3, 0, 10088
2026/05/24 09:08:13.653, 0, 100, 10490
2026/05/24 09:08:13.655, 1, 100, 10088
2026/05/24 09:08:13.657, 2, 100, 10088
2026/05/24 09:08:13.658, 3, 100, 10088
2026/05/24 09:08:28.741, 0, 100, 10490
2026/05/24 09:08:28.743, 1, 100, 10088
2026/05/24 09:08:28.745, 2, 100, 10088
2026/05/24 09:08:28.746, 3, 100, 10088
2026/05/24 09:08:44.119, 0, 2, 10490
2026/05/24 09:08:44.121, 1, 0, 10088
2026/05/24 09:08:44.122, 2, 0, 10088
2026/05/24 09:08:44.123, 3, 0, 10088
2026/05/24 09:08:59.378, 0, 16, 10490
2026/05/24 09:08:59.380, 1, 0, 10088
2026/05/24 09:08:59.381, 2, 0, 10088
2026/05/24 09:08:59.383, 3, 0, 10088
2026/05/24 09:09:14.484, 0, 100, 10490
2026/05/24 09:09:14.486, 1, 100, 10088
2026/05/24 09:09:14.488, 2, 100, 10088
2026/05/24 09:09:14.489, 3, 100, 10088
2026/05/24 09:09:29.574, 0, 100, 10490
2026/05/24 09:09:29.576, 1, 100, 10088
2026/05/24 09:09:29.577, 2, 100, 10088
2026/05/24 09:09:29.578, 3, 100, 10088
2026/05/24 09:09:44.786, 0, 0, 10490
2026/05/24 09:09:45.053, 1, 0, 10088
2026/05/24 09:09:45.054, 2, 0, 10088
2026/05/24 09:09:45.055, 3, 0, 10088
2026/05/24 09:10:00.224, 0, 9, 10490
2026/05/24 09:10:00.226, 1, 0, 10088
2026/05/24 09:10:00.227, 2, 0, 10088
2026/05/24 09:10:00.228, 3, 0, 10088
2026/05/24 09:10:15.309, 0, 10, 10490
2026/05/24 09:10:15.311, 1, 0, 10088
2026/05/24 09:10:15.313, 2, 0, 10088
2026/05/24 09:10:15.314, 3, 0, 10088
2026/05/24 09:10:30.397, 0, 9, 10490
2026/05/24 09:10:30.399, 1, 0, 10088
2026/05/24 09:10:30.401, 2, 0, 10088
2026/05/24 09:10:30.402, 3, 0, 10088
2026/05/24 09:10:45.487, 0, 0, 10490
2026/05/24 09:10:45.489, 1, 0, 10088
2026/05/24 09:10:45.490, 2, 0, 10088
2026/05/24 09:10:45.492, 3, 0, 10088
2026/05/24 09:11:00.706, 0, 100, 10490
2026/05/24 09:11:00.708, 1, 100, 10088
2026/05/24 09:11:00.710, 2, 0, 10088
2026/05/24 09:11:00.711, 3, 100, 10088
2026/05/24 09:11:15.809, 0, 10, 10490
2026/05/24 09:11:15.813, 1, 0, 10088
2026/05/24 09:11:15.816, 2, 100, 10088
2026/05/24 09:11:15.819, 3, 100, 10088
2026/05/24 09:11:30.914, 0, 9, 10490
2026/05/24 09:11:30.916, 1, 0, 10088
2026/05/24 09:11:30.917, 2, 0, 10088
2026/05/24 09:11:30.918, 3, 0, 10088
2026/05/24 09:11:46.025, 0, 100, 10490
2026/05/24 09:11:46.029, 1, 100, 10088
2026/05/24 09:11:46.033, 2, 100, 10088
2026/05/24 09:11:46.036, 3, 100, 10088
2026/05/24 09:12:01.210, 0, 7, 10490
2026/05/24 09:12:01.212, 1, 0, 10088
2026/05/24 09:12:01.213, 2, 0, 10088
2026/05/24 09:12:01.214, 3, 0, 10088
2026/05/24 09:12:16.439, 0, 9, 10490
2026/05/24 09:12:16.443, 1, 0, 10088
2026/05/24 09:12:16.447, 2, 0, 10088
2026/05/24 09:12:16.449, 3, 0, 10088
2026/05/24 09:12:31.562, 0, 13, 10490
2026/05/24 09:12:31.564, 1, 0, 10088
2026/05/24 09:12:31.565, 2, 0, 10088
2026/05/24 09:12:31.567, 3, 0, 10088
2026/05/24 09:12:46.658, 0, 95, 10490
2026/05/24 09:12:46.662, 1, 20, 10088
2026/05/24 09:12:46.664, 2, 60, 10088
2026/05/24 09:12:46.666, 3, 0, 10088
2026/05/24 09:13:01.825, 0, 5, 10490
2026/05/24 09:13:01.827, 1, 69, 10088
2026/05/24 09:13:01.828, 2, 0, 10088
2026/05/24 09:13:01.830, 3, 0, 10088
2026/05/24 09:13:16.913, 0, 9, 10490
2026/05/24 09:13:16.915, 1, 0, 10088
2026/05/24 09:13:16.917, 2, 0, 10088
2026/05/24 09:13:16.918, 3, 0, 10088
2026/05/24 09:13:32.028, 0, 0, 1
2026/05/24 09:13:32.030, 1, 0, 1
2026/05/24 09:13:32.032, 2, 0, 1
2026/05/24 09:13:32.033, 3, 0, 1
2026/05/24 09:13:47.158, 0, 0, 1
2026/05/24 09:13:47.160, 1, 0, 1
2026/05/24 09:13:47.162, 2, 0, 1
2026/05/24 09:13:47.163, 3, 0, 1
2026/05/24 09:14:02.350, 0, 0, 866
2026/05/24 09:14:02.351, 1, 0, 4
2026/05/24 09:14:02.353, 2, 0, 4
2026/05/24 09:14:02.354, 3, 0, 4
2026/05/24 09:14:17.437, 0, 0, 10380
2026/05/24 09:14:17.439, 1, 0, 10088
2026/05/24 09:14:17.441, 2, 0, 10088
2026/05/24 09:14:17.442, 3, 0, 10088
2026/05/24 09:14:32.545, 0, 9, 10392
2026/05/24 09:14:32.547, 1, 0, 10088
2026/05/24 09:14:32.548, 2, 0, 10088
2026/05/24 09:14:32.550, 3, 0, 10088
2026/05/24 09:14:47.636, 0, 5, 10392
2026/05/24 09:14:47.638, 1, 0, 10088
2026/05/24 09:14:47.640, 2, 0, 10088
2026/05/24 09:14:47.642, 3, 0, 10088
2026/05/24 09:15:02.791, 0, 12, 10480
2026/05/24 09:15:02.794, 1, 0, 10088
2026/05/24 09:15:02.795, 2, 0, 10088
2026/05/24 09:15:02.797, 3, 0, 10088
2026/05/24 09:15:17.885, 0, 6, 10488
2026/05/24 09:15:17.889, 1, 0, 10088
2026/05/24 09:15:17.892, 2, 0, 10088
2026/05/24 09:15:17.894, 3, 0, 10088
2026/05/24 09:15:32.997, 0, 9, 10488
2026/05/24 09:15:32.999, 1, 0, 10088
2026/05/24 09:15:33.000, 2, 0, 10088
2026/05/24 09:15:33.001, 3, 0, 10088
2026/05/24 09:15:48.098, 0, 9, 10488
2026/05/24 09:15:48.100, 1, 0, 10088
2026/05/24 09:15:48.101, 2, 0, 10088
2026/05/24 09:15:48.102, 3, 0, 10088
2026/05/24 09:16:03.285, 0, 10, 10488
2026/05/24 09:16:03.288, 1, 0, 10088
2026/05/24 09:16:03.289, 2, 0, 10088
2026/05/24 09:16:03.290, 3, 0, 10088
2026/05/24 09:16:18.530, 0, 14, 10490
2026/05/24 09:16:18.532, 1, 0, 10088
2026/05/24 09:16:18.533, 2, 0, 10088
2026/05/24 09:16:18.535, 3, 0, 10088
2026/05/24 09:16:33.632, 0, 10, 10490
2026/05/24 09:16:33.636, 1, 0, 10088
2026/05/24 09:16:33.638, 2, 0, 10088
2026/05/24 09:16:33.639, 3, 0, 10088
2026/05/24 09:16:48.756, 0, 100, 10490
2026/05/24 09:16:48.758, 1, 0, 10088
2026/05/24 09:16:48.760, 2, 0, 10088
2026/05/24 09:16:48.761, 3, 0, 10088
2026/05/24 09:17:03.892, 0, 2, 10490
2026/05/24 09:17:03.896, 1, 0, 10088
2026/05/24 09:17:03.897, 2, 0, 10088
2026/05/24 09:17:03.898, 3, 0, 10088
2026/05/24 09:17:19.443, 0, 4, 10490
2026/05/24 09:17:19.446, 1, 0, 10088
2026/05/24 09:17:19.447, 2, 0, 10088
2026/05/24 09:17:19.449, 3, 0, 10088
2026/05/24 09:17:34.697, 0, 7, 10490
2026/05/24 09:17:34.699, 1, 0, 10088
2026/05/24 09:17:34.700, 2, 0, 10088
2026/05/24 09:17:34.702, 3, 0, 10088
2026/05/24 09:17:49.785, 0, 100, 10490
2026/05/24 09:17:49.787, 1, 0, 10088
2026/05/24 09:17:49.788, 2, 0, 10088
2026/05/24 09:17:49.790, 3, 0, 10088
2026/05/24 09:18:04.934, 0, 100, 10490
2026/05/24 09:18:04.936, 1, 100, 10088
2026/05/24 09:18:04.937, 2, 100, 10088
2026/05/24 09:18:04.938, 3, 0, 10088
2026/05/24 09:18:20.035, 0, 9, 10490
2026/05/24 09:18:20.038, 1, 100, 10088
2026/05/24 09:18:20.042, 2, 0, 10088
2026/05/24 09:18:20.043, 3, 0, 10088
2026/05/24 09:18:35.134, 0, 13, 10490
2026/05/24 09:18:35.137, 1, 0, 10088
2026/05/24 09:18:35.138, 2, 0, 10088
2026/05/24 09:18:35.139, 3, 0, 10088
2026/05/24 09:18:50.456, 0, 4, 10490
2026/05/24 09:18:50.458, 1, 0, 10088
2026/05/24 09:18:50.459, 2, 0, 10088
2026/05/24 09:18:50.460, 3, 0, 10088
2026/05/24 09:19:05.626, 0, 8, 10490
2026/05/24 09:19:05.628, 1, 0, 10088
2026/05/24 09:19:05.629, 2, 0, 10088
2026/05/24 09:19:05.630, 3, 0, 10088
2026/05/24 09:19:20.715, 0, 9, 10490
2026/05/24 09:19:20.719, 1, 0, 10088
2026/05/24 09:19:20.721, 2, 0, 10088
2026/05/24 09:19:20.722, 3, 0, 10088
2026/05/24 09:19:35.841, 0, 100, 10490
2026/05/24 09:19:35.845, 1, 100, 10088
2026/05/24 09:19:35.848, 2, 0, 10088
2026/05/24 09:19:35.851, 3, 0, 10088
2026/05/24 09:19:50.962, 0, 13, 10490
2026/05/24 09:19:50.964, 1, 0, 10088
2026/05/24 09:19:50.966, 2, 0, 10088
2026/05/24 09:19:50.967, 3, 0, 10088
2026/05/24 09:20:06.142, 0, 2, 10490
2026/05/24 09:20:06.144, 1, 0, 10088
2026/05/24 09:20:06.145, 2, 0, 10088
2026/05/24 09:20:06.147, 3, 0, 10088
2026/05/24 09:20:21.532, 0, 5, 10490
2026/05/24 09:20:21.534, 1, 0, 10088
2026/05/24 09:20:21.535, 2, 0, 10088
2026/05/24 09:20:21.536, 3, 0, 10088
2026/05/24 09:20:36.863, 0, 0, 10490
2026/05/24 09:20:36.865, 1, 0, 10088
2026/05/24 09:20:36.866, 2, 0, 10088
2026/05/24 09:20:36.867, 3, 100, 10088
2026/05/24 09:20:52.224, 0, 12, 10490
2026/05/24 09:20:52.226, 1, 0, 10088
2026/05/24 09:20:52.227, 2, 57, 10088
2026/05/24 09:20:52.228, 3, 0, 10088
2026/05/24 09:21:07.313, 0, 100, 10490
2026/05/24 09:21:07.317, 1, 0, 10088
2026/05/24 09:21:07.318, 2, 0, 10088
2026/05/24 09:21:07.319, 3, 0, 10088
2026/05/24 09:21:22.406, 0, 100, 10490
2026/05/24 09:21:22.408, 1, 100, 10088
2026/05/24 09:21:22.409, 2, 100, 10088
2026/05/24 09:21:22.411, 3, 0, 10088
2026/05/24 09:21:37.493, 0, 100, 10490
2026/05/24 09:21:37.495, 1, 0, 10088
2026/05/24 09:21:37.497, 2, 0, 10088
2026/05/24 09:21:37.498, 3, 0, 10088
2026/05/24 09:21:52.607, 0, 100, 10490
2026/05/24 09:21:52.612, 1, 100, 10088
2026/05/24 09:21:52.615, 2, 100, 10088
2026/05/24 09:21:52.617, 3, 0, 10088
2026/05/24 09:22:07.903, 0, 17, 10490
2026/05/24 09:22:07.905, 1, 0, 10088
2026/05/24 09:22:07.907, 2, 0, 10088
2026/05/24 09:22:07.908, 3, 0, 10088
2026/05/24 09:22:23.075, 0, 100, 10490
2026/05/24 09:22:23.077, 1, 0, 10088
2026/05/24 09:22:23.078, 2, 100, 10088
2026/05/24 09:22:23.080, 3, 0, 10088
2026/05/24 09:22:38.162, 0, 9, 10490
2026/05/24 09:22:38.164, 1, 0, 10088
2026/05/24 09:22:38.166, 2, 0, 10088
2026/05/24 09:22:38.167, 3, 0, 10088
2026/05/24 09:22:53.305, 0, 100, 10490
2026/05/24 09:22:53.309, 1, 100, 10088
2026/05/24 09:22:53.312, 2, 0, 10088
2026/05/24 09:22:53.315, 3, 0, 10088
2026/05/24 09:23:08.435, 0, 16, 10490
2026/05/24 09:23:08.437, 1, 0, 10088
2026/05/24 09:23:08.438, 2, 0, 10088
2026/05/24 09:23:08.440, 3, 0, 10088
2026/05/24 09:23:23.525, 0, 9, 10490
2026/05/24 09:23:23.527, 1, 0, 10088
2026/05/24 09:23:23.528, 2, 0, 10088
2026/05/24 09:23:23.530, 3, 0, 10088
2026/05/24 09:23:38.702, 0, 10, 10490
2026/05/24 09:23:38.704, 1, 0, 10088
2026/05/24 09:23:38.705, 2, 0, 10088
2026/05/24 09:23:38.706, 3, 0, 10088
2026/05/24 09:23:53.985, 0, 8, 10490
2026/05/24 09:23:53.987, 1, 0, 10088
2026/05/24 09:23:53.989, 2, 0, 10088
2026/05/24 09:23:53.990, 3, 0, 10088
2026/05/24 09:24:09.098, 0, 100, 10490
2026/05/24 09:24:09.102, 1, 40, 10088
2026/05/24 09:24:09.105, 2, 100, 10088
2026/05/24 09:24:09.108, 3, 100, 10088
2026/05/24 09:24:24.222, 0, 13, 10490
2026/05/24 09:24:24.224, 1, 0, 10088
2026/05/24 09:24:24.225, 2, 0, 10088
2026/05/24 09:24:24.227, 3, 0, 10088
2026/05/24 09:24:39.310, 0, 9, 10490
2026/05/24 09:24:39.312, 1, 0, 10088
2026/05/24 09:24:39.314, 2, 0, 10088
2026/05/24 09:24:39.315, 3, 0, 10088
2026/05/24 09:24:54.467, 0, 61, 10490
2026/05/24 09:24:54.471, 1, 100, 10088
2026/05/24 09:24:54.473, 2, 100, 10088
2026/05/24 09:24:54.476, 3, 0, 10088
2026/05/24 09:25:09.577, 0, 9, 10490
2026/05/24 09:25:09.579, 1, 0, 10088
2026/05/24 09:25:09.581, 2, 0, 10088
2026/05/24 09:25:09.582, 3, 0, 10088
2026/05/24 09:25:24.814, 0, 14, 10490
2026/05/24 09:25:24.816, 1, 0, 10088
2026/05/24 09:25:24.817, 2, 0, 10088
2026/05/24 09:25:24.819, 3, 0, 10088
2026/05/24 09:25:39.951, 0, 100, 10490
2026/05/24 09:25:39.953, 1, 100, 10088
2026/05/24 09:25:39.954, 2, 100, 10088
2026/05/24 09:25:39.955, 3, 37, 10088
2026/05/24 09:25:55.054, 0, 100, 10490
2026/05/24 09:25:55.056, 1, 100, 10088
2026/05/24 09:25:55.057, 2, 100, 10088
2026/05/24 09:25:55.058, 3, 0, 10088
2026/05/24 09:26:10.162, 0, 100, 10490
2026/05/24 09:26:10.165, 1, 100, 10088
2026/05/24 09:26:10.167, 2, 62, 10088
2026/05/24 09:26:10.169, 3, 100, 10088
2026/05/24 09:26:25.257, 0, 4, 10490
2026/05/24 09:26:25.259, 1, 0, 10088
2026/05/24 09:26:25.261, 2, 0, 10088
2026/05/24 09:26:25.262, 3, 0, 10088
2026/05/24 09:26:40.362, 0, 14, 10490
2026/05/24 09:26:40.364, 1, 0, 10088
2026/05/24 09:26:40.365, 2, 0, 10088
2026/05/24 09:26:40.367, 3, 0, 10088
2026/05/24 09:26:55.543, 0, 6, 10490
2026/05/24 09:26:55.545, 1, 0, 10088
2026/05/24 09:26:55.546, 2, 0, 10088
2026/05/24 09:26:55.547, 3, 0, 10088
2026/05/24 09:27:10.717, 0, 9, 10490
2026/05/24 09:27:10.854, 1, 77, 10088
2026/05/24 09:27:10.855, 2, 0, 10088
2026/05/24 09:27:10.856, 3, 0, 10088
2026/05/24 09:27:25.926, 0, 100, 10490
2026/05/24 09:27:25.928, 1, 100, 10088
2026/05/24 09:27:25.929, 2, 100, 10088
2026/05/24 09:27:25.930, 3, 100, 10088
2026/05/24 09:27:41.030, 0, 100, 10490
2026/05/24 09:27:41.032, 1, 100, 10088
2026/05/24 09:27:41.033, 2, 100, 10088
2026/05/24 09:27:41.035, 3, 0, 10088
2026/05/24 09:27:56.135, 0, 15, 10490
2026/05/24 09:27:56.137, 1, 0, 10088
2026/05/24 09:27:56.139, 2, 0, 10088
2026/05/24 09:27:56.140, 3, 0, 10088
2026/05/24 09:28:11.227, 0, 10, 10490
2026/05/24 09:28:11.229, 1, 0, 10088
2026/05/24 09:28:11.230, 2, 0, 10088
2026/05/24 09:28:11.231, 3, 0, 10088
2026/05/24 09:28:26.417, 0, 5, 10490
2026/05/24 09:28:26.419, 1, 0, 10088
2026/05/24 09:28:26.420, 2, 0, 10088
2026/05/24 09:28:26.421, 3, 0, 10088
2026/05/24 09:28:41.744, 0, 8, 10490
2026/05/24 09:28:41.746, 1, 0, 10088
2026/05/24 09:28:41.747, 2, 0, 10088
2026/05/24 09:28:41.749, 3, 0, 10088
2026/05/24 09:28:56.843, 0, 65, 10490
2026/05/24 09:28:56.845, 1, 100, 10088
2026/05/24 09:28:56.847, 2, 0, 10088
2026/05/24 09:28:56.848, 3, 0, 10088
2026/05/24 09:29:11.960, 0, 9, 10490
2026/05/24 09:29:11.964, 1, 0, 10088
2026/05/24 09:29:11.968, 2, 0, 10088
2026/05/24 09:29:11.970, 3, 0, 10088
2026/05/24 09:29:27.061, 0, 9, 10490
2026/05/24 09:29:27.063, 1, 0, 10088
2026/05/24 09:29:27.065, 2, 0, 10088
2026/05/24 09:29:27.066, 3, 0, 10088
2026/05/24 09:29:42.149, 0, 3, 10490
2026/05/24 09:29:42.151, 1, 0, 10088
2026/05/24 09:29:42.153, 2, 0, 10088
2026/05/24 09:29:42.154, 3, 0, 10088
2026/05/24 09:29:57.348, 0, 0, 10490
2026/05/24 09:29:57.350, 1, 0, 10088
2026/05/24 09:29:57.351, 2, 100, 10088
2026/05/24 09:29:57.352, 3, 0, 10088
2026/05/24 09:30:12.609, 0, 14, 10490
2026/05/24 09:30:12.612, 1, 0, 10088
2026/05/24 09:30:12.613, 2, 0, 10088
2026/05/24 09:30:12.614, 3, 0, 10088
2026/05/24 09:30:27.748, 0, 7, 10490
2026/05/24 09:30:27.751, 1, 0, 10088
2026/05/24 09:30:27.754, 2, 100, 10088
2026/05/24 09:30:27.757, 3, 0, 10088
2026/05/24 09:30:42.877, 0, 4, 10490
2026/05/24 09:30:42.881, 1, 0, 10088
2026/05/24 09:30:42.884, 2, 0, 10088
2026/05/24 09:30:42.886, 3, 0, 10088
2026/05/24 09:30:57.982, 0, 6, 10490
2026/05/24 09:30:57.984, 1, 0, 10088
2026/05/24 09:30:57.985, 2, 0, 10088
2026/05/24 09:30:57.986, 3, 0, 10088
2026/05/24 09:31:13.069, 0, 7, 10490
2026/05/24 09:31:13.071, 1, 0, 10088
2026/05/24 09:31:13.073, 2, 0, 10088
2026/05/24 09:31:13.074, 3, 0, 10088
2026/05/24 09:31:28.561, 0, 0, 10490
2026/05/24 09:31:28.563, 1, 0, 10088
2026/05/24 09:31:28.565, 2, 0, 10088
2026/05/24 09:31:28.566, 3, 0, 10088
2026/05/24 09:31:43.669, 0, 8, 10490
2026/05/24 09:31:43.671, 1, 0, 10088
2026/05/24 09:31:43.672, 2, 0, 10088
2026/05/24 09:31:43.674, 3, 0, 10088
2026/05/24 09:31:58.758, 0, 5, 10490
2026/05/24 09:31:58.760, 1, 0, 10088
2026/05/24 09:31:58.762, 2, 0, 10088
2026/05/24 09:31:58.763, 3, 0, 10088
2026/05/24 09:32:13.846, 0, 4, 10490
2026/05/24 09:32:13.848, 1, 0, 10088
2026/05/24 09:32:13.849, 2, 0, 10088
2026/05/24 09:32:13.851, 3, 52, 10088
2026/05/24 09:32:29.112, 0, 100, 10490
2026/05/24 09:32:29.116, 1, 100, 10088
2026/05/24 09:32:29.232, 2, 41, 10088
2026/05/24 09:32:29.235, 3, 100, 10088
2026/05/24 09:32:44.333, 0, 8, 10490
2026/05/24 09:32:44.335, 1, 0, 10088
2026/05/24 09:32:44.337, 2, 0, 10088
2026/05/24 09:32:44.338, 3, 0, 10088
2026/05/24 09:32:59.465, 0, 9, 10490
2026/05/24 09:32:59.469, 1, 0, 10088
2026/05/24 09:32:59.472, 2, 0, 10088
2026/05/24 09:32:59.476, 3, 0, 10088
2026/05/24 09:33:14.582, 0, 1, 10490
2026/05/24 09:33:14.584, 1, 0, 10088
2026/05/24 09:33:14.585, 2, 0, 10088
2026/05/24 09:33:14.586, 3, 100, 10088
2026/05/24 09:33:29.741, 0, 0, 10490
2026/05/24 09:33:29.745, 1, 0, 10088
2026/05/24 09:33:29.748, 2, 100, 10088
2026/05/24 09:33:29.751, 3, 0, 10088
2026/05/24 09:33:44.862, 0, 12, 10490
2026/05/24 09:33:44.864, 1, 0, 10088
2026/05/24 09:33:44.866, 2, 0, 10088
2026/05/24 09:33:44.867, 3, 0, 10088
2026/05/24 09:33:59.979, 0, 10, 10490
2026/05/24 09:33:59.982, 1, 0, 10088
2026/05/24 09:33:59.985, 2, 0, 10088
2026/05/24 09:33:59.989, 3, 0, 10088
2026/05/24 09:34:15.192, 0, 9, 10490
2026/05/24 09:34:15.195, 1, 100, 10088
2026/05/24 09:34:15.197, 2, 0, 10088
2026/05/24 09:34:15.200, 3, 100, 10088
2026/05/24 09:34:30.579, 0, 4, 10490
2026/05/24 09:34:30.581, 1, 0, 10088
2026/05/24 09:34:30.582, 2, 0, 10088
2026/05/24 09:34:30.583, 3, 0, 10088
2026/05/24 09:34:45.693, 0, 9, 10490
2026/05/24 09:34:45.695, 1, 0, 10088
2026/05/24 09:34:45.696, 2, 0, 10088
2026/05/24 09:34:45.698, 3, 0, 10088
2026/05/24 09:35:00.798, 0, 12, 10490
2026/05/24 09:35:00.801, 1, 0, 10088
2026/05/24 09:35:00.802, 2, 0, 10088
2026/05/24 09:35:00.803, 3, 0, 10088
2026/05/24 09:35:15.889, 0, 6, 10490
2026/05/24 09:35:15.891, 1, 0, 10088
2026/05/24 09:35:15.892, 2, 0, 10088
2026/05/24 09:35:15.894, 3, 0, 10088
2026/05/24 09:35:30.997, 0, 0, 10490
2026/05/24 09:35:30.999, 1, 0, 10088
2026/05/24 09:35:31.001, 2, 0, 10088
2026/05/24 09:35:31.002, 3, 0, 10088
2026/05/24 09:35:46.116, 0, 100, 10490
2026/05/24 09:35:46.118, 1, 100, 10088
2026/05/24 09:35:46.119, 2, 0, 10088
2026/05/24 09:35:46.120, 3, 0, 10088
2026/05/24 09:36:01.283, 0, 100, 10490
2026/05/24 09:36:01.285, 1, 100, 10088
2026/05/24 09:36:01.286, 2, 98, 10088
2026/05/24 09:36:01.287, 3, 100, 10088
2026/05/24 09:36:16.386, 0, 13, 10490
2026/05/24 09:36:16.388, 1, 0, 10088
2026/05/24 09:36:16.389, 2, 0, 10088
2026/05/24 09:36:16.391, 3, 0, 10088
2026/05/24 09:36:31.578, 0, 5, 10490
2026/05/24 09:36:31.580, 1, 0, 10088
2026/05/24 09:36:31.581, 2, 0, 10088
2026/05/24 09:36:31.582, 3, 0, 10088
2026/05/24 09:36:46.823, 0, 9, 10490
2026/05/24 09:36:46.825, 1, 0, 10088
2026/05/24 09:36:46.826, 2, 0, 10088
2026/05/24 09:36:46.827, 3, 0, 10088
2026/05/24 09:37:01.910, 0, 9, 10490
2026/05/24 09:37:01.912, 1, 0, 10088
2026/05/24 09:37:01.913, 2, 0, 10088
2026/05/24 09:37:01.915, 3, 0, 10088
2026/05/24 09:37:17.063, 0, 100, 10490
2026/05/24 09:37:17.067, 1, 100, 10088
2026/05/24 09:37:17.071, 2, 86, 10088
2026/05/24 09:37:17.075, 3, 100, 10088
2026/05/24 09:37:32.238, 0, 14, 10490
2026/05/24 09:37:32.241, 1, 0, 10088
2026/05/24 09:37:32.242, 2, 0, 10088
2026/05/24 09:37:32.243, 3, 0, 10088
2026/05/24 09:37:47.401, 0, 9, 10490
2026/05/24 09:37:47.403, 1, 0, 10088
2026/05/24 09:37:47.404, 2, 0, 10088
2026/05/24 09:37:47.406, 3, 0, 10088
2026/05/24 09:38:02.619, 0, 7, 10490
2026/05/24 09:38:02.621, 1, 0, 10088
2026/05/24 09:38:02.622, 2, 0, 10088
2026/05/24 09:38:02.623, 3, 0, 10088
2026/05/24 09:38:17.889, 0, 1, 10490
2026/05/24 09:38:17.892, 1, 0, 10088
2026/05/24 09:38:17.895, 2, 0, 10088
2026/05/24 09:38:17.897, 3, 0, 10088
2026/05/24 09:38:33.005, 0, 37, 10490
2026/05/24 09:38:33.009, 1, 0, 10088
2026/05/24 09:38:33.012, 2, 100, 10088
2026/05/24 09:38:33.016, 3, 0, 10088
2026/05/24 09:38:48.109, 0, 13, 10490
2026/05/24 09:38:48.111, 1, 0, 10088
2026/05/24 09:38:48.113, 2, 0, 10088
2026/05/24 09:38:48.114, 3, 0, 10088
2026/05/24 09:39:03.227, 0, 3, 10490
2026/05/24 09:39:03.230, 1, 100, 10088
2026/05/24 09:39:03.232, 2, 100, 10088
2026/05/24 09:39:03.233, 3, 100, 10088
2026/05/24 09:39:18.317, 0, 9, 10490
2026/05/24 09:39:18.319, 1, 0, 10088
2026/05/24 09:39:18.320, 2, 100, 10088
2026/05/24 09:39:18.322, 3, 0, 10088
2026/05/24 09:39:33.542, 0, 0, 10490
2026/05/24 09:39:33.544, 1, 0, 10088
2026/05/24 09:39:33.545, 2, 0, 10088
2026/05/24 09:39:33.546, 3, 0, 10088
2026/05/24 09:39:48.752, 0, 13, 10490
2026/05/24 09:39:48.754, 1, 0, 10088
2026/05/24 09:39:48.755, 2, 0, 10088
2026/05/24 09:39:48.757, 3, 0, 10088
2026/05/24 09:40:03.894, 0, 100, 10490
2026/05/24 09:40:03.896, 1, 100, 10088
2026/05/24 09:40:03.897, 2, 100, 10088
2026/05/24 09:40:03.898, 3, 100, 10088
2026/05/24 09:40:18.989, 0, 100, 10490
2026/05/24 09:40:18.991, 1, 100, 10088
2026/05/24 09:40:18.992, 2, 0, 10088
2026/05/24 09:40:18.994, 3, 100, 10088
2026/05/24 09:40:34.097, 0, 9, 10490
2026/05/24 09:40:34.099, 1, 0, 10088
2026/05/24 09:40:34.100, 2, 0, 10088
2026/05/24 09:40:34.102, 3, 0, 10088
2026/05/24 09:40:49.205, 0, 9, 10490
2026/05/24 09:40:49.207, 1, 0, 10088
2026/05/24 09:40:49.209, 2, 0, 10088
2026/05/24 09:40:49.210, 3, 0, 10088
2026/05/24 09:41:04.310, 0, 14, 10490
2026/05/24 09:41:04.312, 1, 0, 10088
2026/05/24 09:41:04.314, 2, 0, 10088
2026/05/24 09:41:04.315, 3, 0, 10088
2026/05/24 09:41:19.633, 0, 3, 10490
2026/05/24 09:41:19.635, 1, 0, 10088
2026/05/24 09:41:19.637, 2, 0, 10088
2026/05/24 09:41:19.638, 3, 0, 10088
2026/05/24 09:41:34.801, 0, 9, 10490
2026/05/24 09:41:34.803, 1, 0, 10088
2026/05/24 09:41:34.805, 2, 0, 10088
2026/05/24 09:41:34.806, 3, 0, 10088
2026/05/24 09:41:49.889, 0, 9, 10490
2026/05/24 09:41:49.891, 1, 12, 10088
2026/05/24 09:41:49.893, 2, 0, 10088
2026/05/24 09:41:49.894, 3, 77, 10088
2026/05/24 09:42:04.978, 0, 8, 10490
2026/05/24 09:42:04.980, 1, 0, 10088
2026/05/24 09:42:04.981, 2, 0, 10088
2026/05/24 09:42:04.982, 3, 0, 10088
2026/05/24 09:42:20.082, 0, 13, 10490
2026/05/24 09:42:20.084, 1, 0, 10088
2026/05/24 09:42:20.086, 2, 0, 10088
2026/05/24 09:42:20.087, 3, 0, 10088
2026/05/24 09:42:35.237, 0, 100, 10490
2026/05/24 09:42:35.239, 1, 0, 10088
2026/05/24 09:42:35.241, 2, 89, 10088
2026/05/24 09:42:35.242, 3, 0, 10088
2026/05/24 09:42:50.325, 0, 9, 10490
2026/05/24 09:42:50.327, 1, 0, 10088
2026/05/24 09:42:50.328, 2, 100, 10088
2026/05/24 09:42:50.330, 3, 0, 10088
2026/05/24 09:43:05.402, 0, 6, 10490
2026/05/24 09:43:05.404, 1, 0, 10088
2026/05/24 09:43:05.405, 2, 100, 10088
2026/05/24 09:43:05.406, 3, 0, 10088
2026/05/24 09:43:20.486, 0, 100, 10490
2026/05/24 09:43:20.488, 1, 100, 10088
2026/05/24 09:43:20.490, 2, 0, 10088
2026/05/24 09:43:20.491, 3, 100, 10088
2026/05/24 09:43:35.677, 0, 2, 10490
2026/05/24 09:43:35.680, 1, 0, 10088
2026/05/24 09:43:35.681, 2, 0, 10088
2026/05/24 09:43:35.682, 3, 0, 10088
2026/05/24 09:43:50.754, 0, 9, 10490
2026/05/24 09:43:50.755, 1, 0, 10088
2026/05/24 09:43:50.756, 2, 0, 10088
2026/05/24 09:43:50.757, 3, 0, 10088
2026/05/24 09:44:05.941, 0, 100, 10490
2026/05/24 09:44:05.943, 1, 100, 10088
2026/05/24 09:44:05.945, 2, 100, 10088
2026/05/24 09:44:05.946, 3, 100, 10088
2026/05/24 09:44:21.023, 0, 100, 10490
2026/05/24 09:44:21.025, 1, 100, 10088
2026/05/24 09:44:21.026, 2, 100, 10088
2026/05/24 09:44:21.027, 3, 100, 10088
2026/05/24 09:44:36.314, 0, 9, 10490
2026/05/24 09:44:36.316, 1, 0, 10088
2026/05/24 09:44:36.318, 2, 0, 10088
2026/05/24 09:44:36.319, 3, 0, 10088
2026/05/24 09:44:51.405, 0, 9, 10490
2026/05/24 09:44:51.407, 1, 0, 10088
2026/05/24 09:44:51.408, 2, 0, 10088
2026/05/24 09:44:51.410, 3, 0, 10088
2026/05/24 09:45:06.543, 0, 9, 10490
2026/05/24 09:45:06.547, 1, 0, 10088
2026/05/24 09:45:06.551, 2, 0, 10088
2026/05/24 09:45:06.554, 3, 0, 10088
2026/05/24 09:45:21.649, 0, 9, 10490
2026/05/24 09:45:21.651, 1, 0, 10088
2026/05/24 09:45:21.652, 2, 0, 10088
2026/05/24 09:45:21.654, 3, 0, 10088
2026/05/24 09:45:36.825, 0, 7, 10490
2026/05/24 09:45:36.828, 1, 0, 10088
2026/05/24 09:45:36.829, 2, 0, 10088
2026/05/24 09:45:36.830, 3, 0, 10088
2026/05/24 09:45:51.930, 0, 13, 10490
2026/05/24 09:45:51.932, 1, 0, 10088
2026/05/24 09:45:51.934, 2, 0, 10088
2026/05/24 09:45:51.935, 3, 0, 10088
2026/05/24 09:46:07.027, 0, 67, 10490
2026/05/24 09:46:07.032, 1, 100, 10088
2026/05/24 09:46:07.035, 2, 100, 10088
2026/05/24 09:46:07.038, 3, 100, 10088
2026/05/24 09:46:22.177, 0, 9, 10490
2026/05/24 09:46:22.181, 1, 0, 10088
2026/05/24 09:46:22.184, 2, 0, 10088
2026/05/24 09:46:22.188, 3, 100, 10088
2026/05/24 09:46:37.811, 0, 100, 10490
2026/05/24 09:46:37.815, 1, 100, 10088
2026/05/24 09:46:37.816, 2, 100, 10088
2026/05/24 09:46:37.818, 3, 100, 10088
2026/05/24 09:46:53.349, 0, 44, 10490
2026/05/24 09:46:53.351, 1, 23, 10088
2026/05/24 09:46:53.353, 2, 0, 10088
2026/05/24 09:46:53.356, 3, 98, 10088
2026/05/24 09:47:08.446, 0, 0, 10490
2026/05/24 09:47:08.448, 1, 0, 10088
2026/05/24 09:47:08.449, 2, 0, 10088
2026/05/24 09:47:08.451, 3, 0, 10088
2026/05/24 09:47:23.537, 0, 8, 10490
2026/05/24 09:47:23.539, 1, 0, 10088
2026/05/24 09:47:23.541, 2, 0, 10088
2026/05/24 09:47:23.542, 3, 0, 10088
2026/05/24 09:47:38.691, 0, 9, 10490
2026/05/24 09:47:38.695, 1, 0, 10088
2026/05/24 09:47:38.698, 2, 0, 10088
2026/05/24 09:47:38.700, 3, 0, 10088
2026/05/24 09:47:53.841, 0, 7, 10490
2026/05/24 09:47:53.843, 1, 0, 10088
2026/05/24 09:47:53.844, 2, 0, 10088
2026/05/24 09:47:53.846, 3, 0, 10088
2026/05/24 09:48:08.966, 0, 14, 10490
2026/05/24 09:48:08.968, 1, 0, 10088
2026/05/24 09:48:08.969, 2, 0, 10088
2026/05/24 09:48:08.971, 3, 0, 10088
2026/05/24 09:48:24.065, 0, 5, 10490
2026/05/24 09:48:24.069, 1, 0, 10088
2026/05/24 09:48:24.072, 2, 100, 10088
2026/05/24 09:48:24.074, 3, 0, 10088
2026/05/24 09:48:39.174, 0, 9, 10490
2026/05/24 09:48:39.178, 1, 0, 10088
2026/05/24 09:48:39.179, 2, 0, 10088
2026/05/24 09:48:39.183, 3, 100, 10088
2026/05/24 09:48:54.281, 0, 68, 10490
2026/05/24 09:48:54.283, 1, 0, 10088
2026/05/24 09:48:54.284, 2, 100, 10088
2026/05/24 09:48:54.286, 3, 0, 10088
2026/05/24 09:49:09.441, 0, 8, 10490
2026/05/24 09:49:09.443, 1, 0, 10088
2026/05/24 09:49:09.445, 2, 0, 10088
2026/05/24 09:49:09.446, 3, 0, 10088
2026/05/24 09:49:24.550, 0, 13, 10490
2026/05/24 09:49:24.552, 1, 0, 10088
2026/05/24 09:49:24.553, 2, 0, 10088
2026/05/24 09:49:24.554, 3, 0, 10088
2026/05/24 09:49:39.657, 0, 9, 10490
2026/05/24 09:49:39.659, 1, 0, 10088
2026/05/24 09:49:39.660, 2, 0, 10088
2026/05/24 09:49:39.662, 3, 0, 10088
2026/05/24 09:49:54.754, 0, 10, 10490
2026/05/24 09:49:54.758, 1, 0, 10088
2026/05/24 09:49:54.762, 2, 0, 10088
2026/05/24 09:49:54.765, 3, 0, 10088
2026/05/24 09:50:09.997, 0, 2, 10490
2026/05/24 09:50:09.999, 1, 0, 10088
2026/05/24 09:50:10.000, 2, 0, 10088
2026/05/24 09:50:10.002, 3, 100, 10088
2026/05/24 09:50:25.086, 0, 8, 10490
2026/05/24 09:50:25.089, 1, 0, 10088
2026/05/24 09:50:25.090, 2, 0, 10088
2026/05/24 09:50:25.091, 3, 0, 10088
2026/05/24 09:50:40.188, 0, 13, 10490
2026/05/24 09:50:40.190, 1, 0, 10088
2026/05/24 09:50:40.191, 2, 0, 10088
2026/05/24 09:50:40.192, 3, 0, 10088
2026/05/24 09:50:55.273, 0, 0, 10490
2026/05/24 09:50:55.276, 1, 0, 10088
2026/05/24 09:50:55.278, 2, 0, 10088
2026/05/24 09:50:55.279, 3, 0, 10088
2026/05/24 09:51:10.386, 0, 0, 10490
2026/05/24 09:51:10.387, 1, 60, 10088
2026/05/24 09:51:10.388, 2, 100, 10088
2026/05/24 09:51:10.389, 3, 100, 10088
2026/05/24 09:51:25.586, 0, 8, 10490
2026/05/24 09:51:25.588, 1, 0, 10088
2026/05/24 09:51:25.589, 2, 0, 10088
2026/05/24 09:51:25.590, 3, 0, 10088
2026/05/24 09:51:40.709, 0, 6, 10490
2026/05/24 09:51:40.711, 1, 0, 10088
2026/05/24 09:51:40.713, 2, 0, 10088
2026/05/24 09:51:40.714, 3, 0, 10088
2026/05/24 09:51:55.871, 0, 100, 10490
2026/05/24 09:51:55.873, 1, 100, 10088
2026/05/24 09:51:55.875, 2, 100, 10088
2026/05/24 09:51:55.876, 3, 100, 10088
2026/05/24 09:52:10.961, 0, 6, 10490
2026/05/24 09:52:10.964, 1, 0, 10088
2026/05/24 09:52:10.965, 2, 0, 10088
2026/05/24 09:52:10.966, 3, 0, 10088
2026/05/24 09:52:26.113, 0, 8, 10490
2026/05/24 09:52:26.115, 1, 0, 10088
2026/05/24 09:52:26.116, 2, 0, 10088
2026/05/24 09:52:26.118, 3, 0, 10088
2026/05/24 09:52:41.417, 0, 100, 10490
2026/05/24 09:52:41.420, 1, 100, 10088
2026/05/24 09:52:41.423, 2, 0, 10088
2026/05/24 09:52:41.425, 3, 100, 10088
2026/05/24 09:52:56.554, 0, 14, 10490
2026/05/24 09:52:56.556, 1, 0, 10088
2026/05/24 09:52:56.557, 2, 0, 10088
2026/05/24 09:52:56.559, 3, 0, 10088
2026/05/24 09:53:11.641, 0, 9, 10490
2026/05/24 09:53:11.643, 1, 0, 10088
2026/05/24 09:53:11.644, 2, 0, 10088
2026/05/24 09:53:11.646, 3, 0, 10088
2026/05/24 09:53:26.729, 0, 9, 10490
2026/05/24 09:53:26.731, 1, 0, 10088
2026/05/24 09:53:26.733, 2, 0, 10088
2026/05/24 09:53:26.734, 3, 0, 10088
2026/05/24 09:53:42.082, 0, 1, 10490
2026/05/24 09:53:42.085, 1, 0, 10088
2026/05/24 09:53:42.086, 2, 0, 10088
2026/05/24 09:53:42.087, 3, 0, 10088
2026/05/24 09:53:57.190, 0, 12, 10490
2026/05/24 09:53:57.192, 1, 0, 10088
2026/05/24 09:53:57.194, 2, 0, 10088
2026/05/24 09:53:57.195, 3, 0, 10088
2026/05/24 09:54:12.282, 0, 100, 10490
2026/05/24 09:54:12.284, 1, 100, 10088
2026/05/24 09:54:12.285, 2, 100, 10088
2026/05/24 09:54:12.286, 3, 0, 10088
2026/05/24 09:54:27.370, 0, 3, 10490
2026/05/24 09:54:27.372, 1, 0, 10088
2026/05/24 09:54:27.373, 2, 0, 10088
2026/05/24 09:54:27.374, 3, 0, 10088
2026/05/24 09:54:42.529, 0, 4, 10490
2026/05/24 09:54:42.531, 1, 0, 10088
2026/05/24 09:54:42.532, 2, 100, 10088
2026/05/24 09:54:42.533, 3, 0, 10088
2026/05/24 09:54:57.617, 0, 9, 10490
2026/05/24 09:54:57.619, 1, 0, 10088
2026/05/24 09:54:57.620, 2, 0, 10088
2026/05/24 09:54:57.622, 3, 0, 10088
2026/05/24 09:55:12.722, 0, 11, 10490
2026/05/24 09:55:12.724, 1, 0, 10088
2026/05/24 09:55:12.726, 2, 0, 10088
2026/05/24 09:55:12.727, 3, 0, 10088
2026/05/24 09:55:27.813, 0, 9, 10490
2026/05/24 09:55:27.815, 1, 0, 10088
2026/05/24 09:55:27.817, 2, 0, 10088
2026/05/24 09:55:27.818, 3, 0, 10088
2026/05/24 09:55:43.030, 0, 2, 10490
2026/05/24 09:55:43.033, 1, 0, 10088
2026/05/24 09:55:43.037, 2, 0, 10088
2026/05/24 09:55:43.041, 3, 0, 10088
2026/05/24 09:55:58.257, 0, 9, 10490
2026/05/24 09:55:58.259, 1, 0, 10088
2026/05/24 09:55:58.261, 2, 0, 10088
2026/05/24 09:55:58.262, 3, 0, 10088
2026/05/24 09:56:13.351, 0, 8, 10490
2026/05/24 09:56:13.355, 1, 100, 10088
2026/05/24 09:56:13.358, 2, 93, 10088
2026/05/24 09:56:13.361, 3, 100, 10088
2026/05/24 09:56:28.497, 0, 7, 10490
2026/05/24 09:56:28.499, 1, 0, 10088
2026/05/24 09:56:28.500, 2, 0, 10088
2026/05/24 09:56:28.501, 3, 0, 10088
2026/05/24 09:56:43.659, 0, 100, 10490
2026/05/24 09:56:43.662, 1, 100, 10088
2026/05/24 09:56:43.665, 2, 100, 10088
2026/05/24 09:56:43.668, 3, 100, 10088
2026/05/24 09:56:58.769, 0, 1, 10490
2026/05/24 09:56:58.771, 1, 0, 10088
2026/05/24 09:56:58.772, 2, 0, 10088
2026/05/24 09:56:58.774, 3, 0, 10088
2026/05/24 09:57:14.050, 0, 5, 10490
2026/05/24 09:57:14.052, 1, 0, 10088
2026/05/24 09:57:14.053, 2, 0, 10088
2026/05/24 09:57:14.054, 3, 0, 10088
2026/05/24 09:57:29.177, 0, 13, 10490
2026/05/24 09:57:29.180, 1, 0, 10088
2026/05/24 09:57:29.181, 2, 0, 10088
2026/05/24 09:57:29.182, 3, 0, 10088
2026/05/24 09:57:44.341, 0, 100, 10490
2026/05/24 09:57:44.343, 1, 0, 10088
2026/05/24 09:57:44.344, 2, 100, 10088
2026/05/24 09:57:44.346, 3, 0, 10088
2026/05/24 09:57:59.429, 0, 4, 10490
2026/05/24 09:57:59.431, 1, 0, 10088
2026/05/24 09:57:59.432, 2, 100, 10088
2026/05/24 09:57:59.434, 3, 0, 10088
2026/05/24 09:58:14.593, 0, 100, 10490
2026/05/24 09:58:14.596, 1, 100, 10088
2026/05/24 09:58:14.673, 2, 100, 10088
2026/05/24 09:58:14.675, 3, 100, 10088
2026/05/24 09:58:29.858, 0, 100, 10490
2026/05/24 09:58:29.860, 1, 100, 10088
2026/05/24 09:58:29.861, 2, 100, 10088
2026/05/24 09:58:29.862, 3, 100, 10088
2026/05/24 09:58:45.117, 0, 7, 10490
2026/05/24 09:58:45.119, 1, 0, 10088
2026/05/24 09:58:45.120, 2, 0, 10088
2026/05/24 09:58:45.122, 3, 0, 10088
2026/05/24 09:59:00.294, 0, 9, 10490
2026/05/24 09:59:00.298, 1, 0, 10088
2026/05/24 09:59:00.301, 2, 0, 10088
2026/05/24 09:59:00.305, 3, 100, 10088
2026/05/24 09:59:15.402, 0, 4, 10490
2026/05/24 09:59:15.404, 1, 100, 10088
2026/05/24 09:59:15.405, 2, 100, 10088
2026/05/24 09:59:15.406, 3, 100, 10088
2026/05/24 09:59:30.497, 0, 26, 10490
2026/05/24 09:59:30.499, 1, 91, 10088
2026/05/24 09:59:30.501, 2, 100, 10088
2026/05/24 09:59:30.502, 3, 100, 10088
2026/05/24 09:59:45.602, 0, 13, 10490
2026/05/24 09:59:45.605, 1, 0, 10088
2026/05/24 09:59:45.606, 2, 0, 10088
2026/05/24 09:59:45.607, 3, 0, 10088
2026/05/24 10:00:00.705, 0, 5, 10490
2026/05/24 10:00:00.707, 1, 0, 10088
2026/05/24 10:00:00.708, 2, 0, 10088
2026/05/24 10:00:00.710, 3, 0, 10088
2026/05/24 10:00:15.868, 0, 100, 10490
2026/05/24 10:00:15.872, 1, 41, 10088
2026/05/24 10:00:15.874, 2, 100, 10088
2026/05/24 10:00:15.878, 3, 0, 10088
2026/05/24 10:00:30.985, 0, 100, 10490
2026/05/24 10:00:30.989, 1, 88, 10088
2026/05/24 10:00:30.992, 2, 100, 10088
2026/05/24 10:00:30.995, 3, 0, 10088
2026/05/24 10:00:46.101, 0, 9, 10490
2026/05/24 10:00:46.105, 1, 0, 10088
2026/05/24 10:00:46.108, 2, 0, 10088
2026/05/24 10:00:46.112, 3, 0, 10088
2026/05/24 10:01:01.250, 0, 10, 10490
2026/05/24 10:01:01.253, 1, 0, 10088
2026/05/24 10:01:01.254, 2, 0, 10088
2026/05/24 10:01:01.353, 3, 0, 10088
2026/05/24 10:01:16.526, 0, 4, 10490
2026/05/24 10:01:16.528, 1, 0, 10088
2026/05/24 10:01:16.529, 2, 100, 10088
2026/05/24 10:01:16.530, 3, 0, 10088
2026/05/24 10:01:31.613, 0, 8, 10490
2026/05/24 10:01:31.615, 1, 0, 10088
2026/05/24 10:01:31.616, 2, 0, 10088
2026/05/24 10:01:31.618, 3, 0, 10088
2026/05/24 10:01:46.718, 0, 51, 10490
2026/05/24 10:01:46.720, 1, 100, 10088
2026/05/24 10:01:46.721, 2, 0, 10088
2026/05/24 10:01:46.723, 3, 100, 10088
2026/05/24 10:02:01.930, 0, 2, 10490
2026/05/24 10:02:01.933, 1, 0, 10088
2026/05/24 10:02:01.934, 2, 0, 10088
2026/05/24 10:02:01.935, 3, 0, 10088
2026/05/24 10:02:17.026, 0, 100, 10490
2026/05/24 10:02:17.085, 1, 100, 10088
2026/05/24 10:02:17.088, 2, 100, 10088
2026/05/24 10:02:17.091, 3, 1, 10088
2026/05/24 10:02:32.258, 0, 9, 10490
2026/05/24 10:02:32.261, 1, 0, 10088
2026/05/24 10:02:32.264, 2, 0, 10088
2026/05/24 10:02:32.266, 3, 100, 10088
2026/05/24 10:02:47.377, 0, 8, 10490
2026/05/24 10:02:47.380, 1, 0, 10088
2026/05/24 10:02:47.381, 2, 0, 10088
2026/05/24 10:02:47.383, 3, 0, 10088
2026/05/24 10:03:02.465, 0, 9, 10490
2026/05/24 10:03:02.467, 1, 0, 10088
2026/05/24 10:03:02.469, 2, 0, 10088
2026/05/24 10:03:02.470, 3, 0, 10088
2026/05/24 10:03:17.705, 0, 0, 10490
2026/05/24 10:03:17.707, 1, 0, 10088
2026/05/24 10:03:17.708, 2, 0, 10088
2026/05/24 10:03:17.709, 3, 0, 10088
2026/05/24 10:03:32.789, 0, 6, 10490
2026/05/24 10:03:32.791, 1, 0, 10088
2026/05/24 10:03:32.792, 2, 0, 10088
2026/05/24 10:03:32.794, 3, 0, 10088
2026/05/24 10:03:48.097, 0, 100, 10490
2026/05/24 10:03:48.099, 1, 100, 10088
2026/05/24 10:03:48.101, 2, 100, 10088
2026/05/24 10:03:48.102, 3, 98, 10088
2026/05/24 10:04:03.357, 0, 8, 10490
2026/05/24 10:04:03.361, 1, 0, 10088
2026/05/24 10:04:03.364, 2, 0, 10088
2026/05/24 10:04:03.367, 3, 37, 10088
2026/05/24 10:04:18.461, 0, 9, 10490
2026/05/24 10:04:18.463, 1, 0, 10088
2026/05/24 10:04:18.464, 2, 0, 10088
2026/05/24 10:04:18.466, 3, 0, 10088
2026/05/24 10:04:33.566, 0, 13, 10490
2026/05/24 10:04:33.568, 1, 0, 10088
2026/05/24 10:04:33.569, 2, 0, 10088
2026/05/24 10:04:33.571, 3, 0, 10088
2026/05/24 10:04:48.709, 0, 100, 10490
2026/05/24 10:04:48.713, 1, 100, 10088
2026/05/24 10:04:48.716, 2, 100, 10088
2026/05/24 10:04:48.719, 3, 100, 10088
2026/05/24 10:05:03.959, 0, 100, 10490
2026/05/24 10:05:03.962, 1, 100, 10088
2026/05/24 10:05:03.965, 2, 100, 10088
2026/05/24 10:05:03.968, 3, 40, 10088
2026/05/24 10:05:19.169, 0, 5, 10490
2026/05/24 10:05:19.171, 1, 0, 10088
2026/05/24 10:05:19.172, 2, 0, 10088
2026/05/24 10:05:19.173, 3, 0, 10088
2026/05/24 10:05:34.282, 0, 8, 10490
2026/05/24 10:05:34.286, 1, 0, 10088
2026/05/24 10:05:34.288, 2, 0, 10088
2026/05/24 10:05:34.291, 3, 100, 10088
2026/05/24 10:05:49.459, 0, 13, 10490
2026/05/24 10:05:49.461, 1, 0, 10088
2026/05/24 10:05:49.462, 2, 0, 10088
2026/05/24 10:05:49.464, 3, 0, 10088
2026/05/24 10:06:04.616, 0, 100, 10490
2026/05/24 10:06:04.620, 1, 100, 10088
2026/05/24 10:06:04.623, 2, 0, 10088
2026/05/24 10:06:04.626, 3, 94, 10088
2026/05/24 10:06:19.795, 0, 100, 10490
2026/05/24 10:06:19.800, 1, 93, 10088
2026/05/24 10:06:19.804, 2, 100, 10088
2026/05/24 10:06:19.806, 3, 0, 10088
2026/05/24 10:06:34.897, 0, 5, 10490
2026/05/24 10:06:34.899, 1, 0, 10088
2026/05/24 10:06:34.901, 2, 0, 10088
2026/05/24 10:06:34.902, 3, 0, 10088
2026/05/24 10:06:50.206, 0, 100, 10490
2026/05/24 10:06:50.208, 1, 100, 10088
2026/05/24 10:06:50.209, 2, 100, 10088
2026/05/24 10:06:50.210, 3, 100, 10088
2026/05/24 10:07:05.541, 0, 3, 10490
2026/05/24 10:07:05.543, 1, 0, 10088
2026/05/24 10:07:05.544, 2, 0, 10088
2026/05/24 10:07:05.545, 3, 0, 10088
2026/05/24 10:07:20.625, 0, 9, 10490
2026/05/24 10:07:20.627, 1, 0, 10088
2026/05/24 10:07:20.629, 2, 100, 10088
2026/05/24 10:07:20.630, 3, 0, 10088
2026/05/24 10:07:35.745, 0, 100, 10490
2026/05/24 10:07:35.749, 1, 100, 10088
2026/05/24 10:07:35.753, 2, 100, 10088
2026/05/24 10:07:35.756, 3, 100, 10088
2026/05/24 10:07:50.888, 0, 52, 10490
2026/05/24 10:07:50.892, 1, 43, 10088
2026/05/24 10:07:50.894, 2, 100, 10088
2026/05/24 10:07:50.897, 3, 0, 10088
2026/05/24 10:08:06.010, 0, 5, 10490
2026/05/24 10:08:06.012, 1, 0, 10088
2026/05/24 10:08:06.014, 2, 0, 10088
2026/05/24 10:08:06.015, 3, 0, 10088
2026/05/24 10:08:21.146, 0, 100, 10490
2026/05/24 10:08:21.147, 1, 100, 10088
2026/05/24 10:08:21.149, 2, 63, 10088
2026/05/24 10:08:21.150, 3, 100, 10088
2026/05/24 10:08:36.469, 0, 8, 10490
2026/05/24 10:08:36.471, 1, 0, 10088
2026/05/24 10:08:36.472, 2, 0, 10088
2026/05/24 10:08:36.474, 3, 0, 10088
2026/05/24 10:08:51.666, 0, 70, 10490
2026/05/24 10:08:51.668, 1, 100, 10088
2026/05/24 10:08:51.669, 2, 0, 10088
2026/05/24 10:08:51.670, 3, 100, 10088
2026/05/24 10:09:06.830, 0, 100, 10490
2026/05/24 10:09:06.834, 1, 100, 10088
2026/05/24 10:09:06.837, 2, 100, 10088
2026/05/24 10:09:06.840, 3, 98, 10088
2026/05/24 10:09:21.950, 0, 7, 10490
2026/05/24 10:09:21.952, 1, 0, 10088
2026/05/24 10:09:21.953, 2, 0, 10088
2026/05/24 10:09:21.955, 3, 0, 10088
2026/05/24 10:09:37.037, 0, 8, 10490
2026/05/24 10:09:37.039, 1, 0, 10088
2026/05/24 10:09:37.041, 2, 0, 10088
2026/05/24 10:09:37.042, 3, 0, 10088
2026/05/24 10:09:52.184, 0, 3, 10490
2026/05/24 10:09:52.187, 1, 0, 10088
2026/05/24 10:09:52.189, 2, 97, 10088
2026/05/24 10:09:52.191, 3, 0, 10088
2026/05/24 10:10:07.342, 0, 100, 10490
2026/05/24 10:10:07.346, 1, 100, 10088
2026/05/24 10:10:07.350, 2, 100, 10088
2026/05/24 10:10:07.353, 3, 84, 10088
2026/05/24 10:10:22.669, 0, 8, 10490
2026/05/24 10:10:22.671, 1, 0, 10088
2026/05/24 10:10:22.771, 2, 0, 10088
2026/05/24 10:10:22.772, 3, 0, 10088
2026/05/24 10:10:37.878, 0, 13, 10490
2026/05/24 10:10:37.880, 1, 0, 10088
2026/05/24 10:10:37.881, 2, 0, 10088
2026/05/24 10:10:37.883, 3, 0, 10088
2026/05/24 10:10:53.005, 0, 100, 10490
2026/05/24 10:10:53.007, 1, 100, 10088
2026/05/24 10:10:53.009, 2, 100, 10088
2026/05/24 10:10:53.010, 3, 100, 10088
2026/05/24 10:11:08.093, 0, 8, 10490
2026/05/24 10:11:08.095, 1, 0, 10088
2026/05/24 10:11:08.097, 2, 0, 10088
2026/05/24 10:11:08.098, 3, 0, 10088
2026/05/24 10:11:23.201, 0, 1, 10490
2026/05/24 10:11:23.203, 1, 0, 10088
2026/05/24 10:11:23.205, 2, 0, 10088
2026/05/24 10:11:23.206, 3, 0, 10088
2026/05/24 10:11:38.376, 0, 8, 10490
2026/05/24 10:11:38.378, 1, 0, 10088
2026/05/24 10:11:38.379, 2, 0, 10088
2026/05/24 10:11:38.380, 3, 0, 10088
2026/05/24 10:11:53.931, 0, 100, 10490
2026/05/24 10:11:53.932, 1, 100, 10088
2026/05/24 10:11:53.933, 2, 100, 10088
2026/05/24 10:11:53.934, 3, 100, 10088
2026/05/24 10:12:09.013, 0, 2, 10490
2026/05/24 10:12:09.015, 1, 100, 10088
2026/05/24 10:12:09.017, 2, 0, 10088
2026/05/24 10:12:09.018, 3, 100, 10088
2026/05/24 10:12:24.171, 0, 9, 10490
2026/05/24 10:12:24.174, 1, 0, 10088
2026/05/24 10:12:24.177, 2, 0, 10088
2026/05/24 10:12:24.180, 3, 0, 10088
2026/05/24 10:12:39.338, 0, 9, 10490
2026/05/24 10:12:39.340, 1, 0, 10088
2026/05/24 10:12:39.341, 2, 0, 10088
2026/05/24 10:12:39.343, 3, 0, 10088
2026/05/24 10:12:54.443, 0, 5, 10490
2026/05/24 10:12:54.445, 1, 0, 10088
2026/05/24 10:12:54.447, 2, 0, 10088
2026/05/24 10:12:54.448, 3, 0, 10088
2026/05/24 10:13:09.691, 0, 10, 10490
2026/05/24 10:13:09.693, 1, 0, 10088
2026/05/24 10:13:09.694, 2, 0, 10088
2026/05/24 10:13:09.696, 3, 0, 10088
2026/05/24 10:13:24.822, 0, 0, 10490
2026/05/24 10:13:24.824, 1, 0, 10088
2026/05/24 10:13:24.825, 2, 0, 10088
2026/05/24 10:13:24.826, 3, 23, 10088
2026/05/24 10:13:40.090, 0, 8, 10490
2026/05/24 10:13:40.092, 1, 0, 10088
2026/05/24 10:13:40.093, 2, 0, 10088
2026/05/24 10:13:40.094, 3, 0, 10088
2026/05/24 10:13:55.225, 0, 4, 10490
2026/05/24 10:13:55.227, 1, 47, 10088
2026/05/24 10:13:55.228, 2, 0, 10088
2026/05/24 10:13:55.230, 3, 100, 10088
2026/05/24 10:14:10.349, 0, 13, 10490
2026/05/24 10:14:10.351, 1, 0, 10088
2026/05/24 10:14:10.353, 2, 0, 10088
2026/05/24 10:14:10.354, 3, 0, 10088
2026/05/24 10:14:25.437, 0, 8, 10490
2026/05/24 10:14:25.439, 1, 0, 10088
2026/05/24 10:14:25.441, 2, 0, 10088
2026/05/24 10:14:25.442, 3, 0, 10088
2026/05/24 10:14:40.525, 0, 5, 10490
2026/05/24 10:14:40.527, 1, 0, 10088
2026/05/24 10:14:40.529, 2, 0, 10088
2026/05/24 10:14:40.530, 3, 0, 10088
2026/05/24 10:14:55.789, 0, 6, 10490
2026/05/24 10:14:55.793, 1, 100, 10088
2026/05/24 10:14:55.795, 2, 0, 10088
2026/05/24 10:14:55.797, 3, 84, 10088
2026/05/24 10:15:11.133, 0, 100, 10490
2026/05/24 10:15:11.136, 1, 76, 10088
2026/05/24 10:15:11.139, 2, 100, 10088
2026/05/24 10:15:11.141, 3, 0, 10088
2026/05/24 10:15:26.254, 0, 14, 10490
2026/05/24 10:15:26.256, 1, 0, 10088
2026/05/24 10:15:26.257, 2, 0, 10088
2026/05/24 10:15:26.258, 3, 0, 10088
2026/05/24 10:15:41.429, 0, 9, 10490
2026/05/24 10:15:41.433, 1, 0, 10088
2026/05/24 10:15:41.435, 2, 0, 10088
2026/05/24 10:15:41.438, 3, 100, 10088
2026/05/24 10:15:56.598, 0, 3, 10490
2026/05/24 10:15:56.600, 1, 0, 10088
2026/05/24 10:15:56.601, 2, 100, 10088
2026/05/24 10:15:56.602, 3, 0, 10088
2026/05/24 10:16:11.685, 0, 5, 10490
2026/05/24 10:16:11.687, 1, 0, 10088
2026/05/24 10:16:11.689, 2, 0, 10088
2026/05/24 10:16:11.690, 3, 0, 10088
2026/05/24 10:16:26.894, 0, 14, 10490
2026/05/24 10:16:26.896, 1, 0, 10088
2026/05/24 10:16:26.897, 2, 0, 10088
2026/05/24 10:16:26.899, 3, 0, 10088
2026/05/24 10:16:42.078, 0, 100, 10490
2026/05/24 10:16:42.080, 1, 100, 10088
2026/05/24 10:16:42.081, 2, 100, 10088
2026/05/24 10:16:42.082, 3, 100, 10088
2026/05/24 10:16:57.233, 0, 0, 10490
2026/05/24 10:16:57.235, 1, 0, 10088
2026/05/24 10:16:57.237, 2, 0, 10088
2026/05/24 10:16:57.238, 3, 0, 10088
2026/05/24 10:17:12.321, 0, 9, 10490
2026/05/24 10:17:12.323, 1, 0, 10088
2026/05/24 10:17:12.325, 2, 0, 10088
2026/05/24 10:17:12.326, 3, 0, 10088
2026/05/24 10:17:27.409, 0, 8, 10490
2026/05/24 10:17:27.411, 1, 0, 10088
2026/05/24 10:17:27.412, 2, 0, 10088
2026/05/24 10:17:27.414, 3, 0, 10088
2026/05/24 10:17:42.515, 0, 14, 10490
2026/05/24 10:17:42.518, 1, 0, 10088
2026/05/24 10:17:42.519, 2, 0, 10088
2026/05/24 10:17:42.520, 3, 0, 10088
2026/05/24 10:17:57.605, 0, 59, 10490
2026/05/24 10:17:57.607, 1, 100, 10088
2026/05/24 10:17:57.608, 2, 100, 10088
2026/05/24 10:17:57.610, 3, 100, 10088
2026/05/24 10:18:12.980, 0, 1, 10490
2026/05/24 10:18:12.982, 1, 0, 10088
2026/05/24 10:18:12.983, 2, 0, 10088
2026/05/24 10:18:12.984, 3, 0, 10088
2026/05/24 10:18:28.069, 0, 9, 10490
2026/05/24 10:18:28.071, 1, 0, 10088
2026/05/24 10:18:28.073, 2, 0, 10088
2026/05/24 10:18:28.074, 3, 0, 10088
2026/05/24 10:18:43.174, 0, 14, 10490
2026/05/24 10:18:43.176, 1, 0, 10088
2026/05/24 10:18:43.177, 2, 0, 10088
2026/05/24 10:18:43.179, 3, 0, 10088
2026/05/24 10:18:58.290, 0, 3, 10490
2026/05/24 10:18:58.294, 1, 0, 10088
2026/05/24 10:18:58.297, 2, 100, 10088
2026/05/24 10:18:58.300, 3, 0, 10088
2026/05/24 10:19:13.592, 0, 5, 10490
2026/05/24 10:19:13.594, 1, 0, 10088
2026/05/24 10:19:13.595, 2, 0, 10088
2026/05/24 10:19:13.596, 3, 0, 10088
2026/05/24 10:19:28.681, 0, 8, 10490
2026/05/24 10:19:28.683, 1, 0, 10088
2026/05/24 10:19:28.685, 2, 100, 10088
2026/05/24 10:19:28.686, 3, 0, 10088
2026/05/24 10:19:43.825, 0, 82, 10490
2026/05/24 10:19:43.827, 1, 100, 10088
2026/05/24 10:19:43.829, 2, 6, 10088
2026/05/24 10:19:43.830, 3, 100, 10088
2026/05/24 10:19:58.949, 0, 14, 10490
2026/05/24 10:19:58.951, 1, 0, 10088
2026/05/24 10:19:58.953, 2, 0, 10088
2026/05/24 10:19:58.954, 3, 0, 10088
2026/05/24 10:20:14.299, 0, 4, 10490
2026/05/24 10:20:14.301, 1, 0, 10088
2026/05/24 10:20:14.302, 2, 0, 10088
2026/05/24 10:20:14.303, 3, 0, 10088
2026/05/24 10:20:29.389, 0, 9, 10490
2026/05/24 10:20:29.391, 1, 0, 10088
2026/05/24 10:20:29.393, 2, 0, 10088
2026/05/24 10:20:29.394, 3, 0, 10088
2026/05/24 10:20:44.490, 0, 10, 10490
2026/05/24 10:20:44.493, 1, 0, 10088
2026/05/24 10:20:44.496, 2, 0, 10088
2026/05/24 10:20:44.499, 3, 100, 10088
2026/05/24 10:20:59.614, 0, 13, 10490
2026/05/24 10:20:59.616, 1, 0, 10088
2026/05/24 10:20:59.618, 2, 0, 10088
2026/05/24 10:20:59.619, 3, 0, 10088
2026/05/24 10:21:14.904, 0, 3, 10490
2026/05/24 10:21:14.906, 1, 0, 10088
2026/05/24 10:21:14.907, 2, 0, 10088
2026/05/24 10:21:14.908, 3, 0, 10088
2026/05/24 10:21:30.176, 0, 100, 10490
2026/05/24 10:21:30.178, 1, 100, 10088
2026/05/24 10:21:30.179, 2, 100, 10088
2026/05/24 10:21:30.180, 3, 100, 10088
2026/05/24 10:21:45.265, 0, 100, 10490
2026/05/24 10:21:45.267, 1, 100, 10088
2026/05/24 10:21:45.269, 2, 100, 10088
2026/05/24 10:21:45.270, 3, 100, 10088
2026/05/24 10:22:00.426, 0, 100, 10490
2026/05/24 10:22:00.428, 1, 100, 10088
2026/05/24 10:22:00.429, 2, 100, 10088
2026/05/24 10:22:00.431, 3, 51, 10088
2026/05/24 10:22:15.535, 0, 4, 10490
2026/05/24 10:22:15.537, 1, 0, 10088
2026/05/24 10:22:15.538, 2, 0, 10088
2026/05/24 10:22:15.539, 3, 0, 10088
2026/05/24 10:22:31.029, 0, 100, 10490
2026/05/24 10:22:31.031, 1, 100, 10088
2026/05/24 10:22:31.031, 2, 100, 10088
2026/05/24 10:22:31.032, 3, 100, 10088
2026/05/24 10:22:46.182, 0, 9, 10490
2026/05/24 10:22:46.185, 1, 0, 10088
2026/05/24 10:22:46.189, 2, 0, 10088
2026/05/24 10:22:46.192, 3, 0, 10088
2026/05/24 10:23:01.285, 0, 9, 10490
2026/05/24 10:23:01.287, 1, 0, 10088
2026/05/24 10:23:01.288, 2, 0, 10088
2026/05/24 10:23:01.290, 3, 0, 10088
2026/05/24 10:23:16.373, 0, 0, 10490
2026/05/24 10:23:16.375, 1, 0, 10088
2026/05/24 10:23:16.376, 2, 0, 10088
2026/05/24 10:23:16.378, 3, 0, 10088
2026/05/24 10:23:31.707, 0, 12, 10490
2026/05/24 10:23:31.709, 1, 0, 10088
2026/05/24 10:23:31.710, 2, 0, 10088
2026/05/24 10:23:31.712, 3, 0, 10088
2026/05/24 10:23:46.814, 0, 100, 10490
2026/05/24 10:23:46.816, 1, 100, 10088
2026/05/24 10:23:46.817, 2, 100, 10088
2026/05/24 10:23:46.818, 3, 100, 10088
2026/05/24 10:24:01.905, 0, 4, 10490
2026/05/24 10:24:01.907, 1, 100, 10088
2026/05/24 10:24:01.909, 2, 0, 10088
2026/05/24 10:24:01.910, 3, 100, 10088
2026/05/24 10:24:17.048, 0, 100, 10490
2026/05/24 10:24:17.051, 1, 100, 10088
2026/05/24 10:24:17.055, 2, 100, 10088
2026/05/24 10:24:17.058, 3, 100, 10088
2026/05/24 10:24:32.454, 0, 5, 10490
2026/05/24 10:24:32.456, 1, 0, 10088
2026/05/24 10:24:32.544, 2, 0, 10088
2026/05/24 10:24:32.546, 3, 0, 10088
2026/05/24 10:24:47.722, 0, 100, 10490
2026/05/24 10:24:47.726, 1, 100, 10088
2026/05/24 10:24:47.729, 2, 0, 10088
2026/05/24 10:24:47.730, 3, 100, 10088
2026/05/24 10:25:02.850, 0, 100, 10490
2026/05/24 10:25:02.854, 1, 100, 10088
2026/05/24 10:25:02.857, 2, 100, 10088
2026/05/24 10:25:02.859, 3, 98, 10088
2026/05/24 10:25:18.069, 0, 100, 10490
2026/05/24 10:25:18.073, 1, 100, 10088
2026/05/24 10:25:18.076, 2, 100, 10088
2026/05/24 10:25:18.079, 3, 100, 10088
2026/05/24 10:25:33.297, 0, 5, 10490
2026/05/24 10:25:33.299, 1, 0, 10088
2026/05/24 10:25:33.300, 2, 0, 10088
2026/05/24 10:25:33.301, 3, 0, 10088
2026/05/24 10:25:48.614, 0, 14, 10490
2026/05/24 10:25:48.616, 1, 0, 10088
2026/05/24 10:25:48.618, 2, 0, 10088
2026/05/24 10:25:48.619, 3, 0, 10088
2026/05/24 10:26:03.841, 0, 8, 10490
2026/05/24 10:26:03.843, 1, 0, 10088
2026/05/24 10:26:03.845, 2, 0, 10088
2026/05/24 10:26:03.846, 3, 0, 10088
2026/05/24 10:26:18.986, 0, 100, 10490
2026/05/24 10:26:18.988, 1, 100, 10088
2026/05/24 10:26:18.989, 2, 100, 10088
2026/05/24 10:26:18.991, 3, 100, 10088
2026/05/24 10:26:34.093, 0, 9, 10490
2026/05/24 10:26:34.095, 1, 0, 10088
2026/05/24 10:26:34.097, 2, 0, 10088
2026/05/24 10:26:34.098, 3, 0, 10088
2026/05/24 10:26:49.374, 0, 7, 10490
2026/05/24 10:26:49.376, 1, 0, 10088
2026/05/24 10:26:49.377, 2, 0, 10088
2026/05/24 10:26:49.379, 3, 0, 10088
2026/05/24 10:27:04.465, 0, 100, 10490
2026/05/24 10:27:04.467, 1, 100, 10088
2026/05/24 10:27:04.469, 2, 100, 10088
2026/05/24 10:27:04.470, 3, 0, 10088
2026/05/24 10:27:19.554, 0, 75, 10490
2026/05/24 10:27:19.556, 1, 0, 10088
2026/05/24 10:27:19.558, 2, 0, 10088
2026/05/24 10:27:19.559, 3, 0, 10088
2026/05/24 10:27:34.662, 0, 9, 10490
2026/05/24 10:27:34.664, 1, 0, 10088
2026/05/24 10:27:34.666, 2, 0, 10088
2026/05/24 10:27:34.667, 3, 0, 10088
2026/05/24 10:27:49.861, 0, 2, 10490
2026/05/24 10:27:49.863, 1, 0, 10088
2026/05/24 10:27:49.864, 2, 0, 10088
2026/05/24 10:27:49.865, 3, 0, 10088
2026/05/24 10:28:04.966, 0, 13, 10490
2026/05/24 10:28:04.968, 1, 0, 10088
2026/05/24 10:28:04.969, 2, 0, 10088
2026/05/24 10:28:04.971, 3, 0, 10088
2026/05/24 10:28:20.070, 0, 8, 10490
2026/05/24 10:28:20.072, 1, 0, 10088
2026/05/24 10:28:20.073, 2, 0, 10088
2026/05/24 10:28:20.074, 3, 0, 10088
2026/05/24 10:28:35.178, 0, 9, 10490
2026/05/24 10:28:35.180, 1, 0, 10088
2026/05/24 10:28:35.181, 2, 0, 10088
2026/05/24 10:28:35.182, 3, 0, 10088
2026/05/24 10:28:50.497, 0, 0, 10490
2026/05/24 10:28:50.499, 1, 0, 10088
2026/05/24 10:28:50.500, 2, 0, 10088
2026/05/24 10:28:50.501, 3, 0, 10088
2026/05/24 10:29:05.690, 0, 100, 10490
2026/05/24 10:29:05.694, 1, 100, 10088
2026/05/24 10:29:05.696, 2, 0, 10088
2026/05/24 10:29:05.699, 3, 100, 10088
2026/05/24 10:29:20.867, 0, 9, 10490
2026/05/24 10:29:20.869, 1, 0, 10088
2026/05/24 10:29:20.870, 2, 0, 10088
2026/05/24 10:29:20.871, 3, 0, 10088
2026/05/24 10:29:35.958, 0, 8, 10490
2026/05/24 10:29:35.960, 1, 0, 10088
2026/05/24 10:29:35.962, 2, 0, 10088
2026/05/24 10:29:35.963, 3, 0, 10088
2026/05/24 10:29:51.353, 0, 100, 10490
2026/05/24 10:29:51.354, 1, 100, 10088
2026/05/24 10:29:51.355, 2, 100, 10088
2026/05/24 10:29:51.356, 3, 100, 10088
2026/05/24 10:30:06.650, 0, 9, 10490
2026/05/24 10:30:06.652, 1, 0, 10088
2026/05/24 10:30:06.653, 2, 0, 10088
2026/05/24 10:30:06.654, 3, 0, 10088
2026/05/24 10:30:21.738, 0, 13, 10490
2026/05/24 10:30:21.740, 1, 0, 10088
2026/05/24 10:30:21.742, 2, 0, 10088
2026/05/24 10:30:21.743, 3, 0, 10088
2026/05/24 10:30:36.907, 0, 100, 10490
2026/05/24 10:30:36.910, 1, 100, 10088
2026/05/24 10:30:36.912, 2, 100, 10088
2026/05/24 10:30:36.915, 3, 84, 10088
2026/05/24 10:30:52.009, 0, 8, 10490
2026/05/24 10:30:52.011, 1, 0, 10088
2026/05/24 10:30:52.013, 2, 0, 10088
2026/05/24 10:30:52.014, 3, 0, 10088
2026/05/24 10:31:07.097, 0, 9, 10490
2026/05/24 10:31:07.099, 1, 0, 10088
2026/05/24 10:31:07.101, 2, 0, 10088
2026/05/24 10:31:07.102, 3, 0, 10088
2026/05/24 10:31:22.426, 0, 14, 10490
2026/05/24 10:31:22.429, 1, 0, 10088
2026/05/24 10:31:22.432, 2, 96, 10088
2026/05/24 10:31:22.434, 3, 100, 10088
2026/05/24 10:31:37.799, 0, 9, 10490
2026/05/24 10:31:37.801, 1, 0, 10088
2026/05/24 10:31:37.802, 2, 0, 10088
2026/05/24 10:31:37.803, 3, 0, 10088
2026/05/24 10:31:52.905, 0, 8, 10490
2026/05/24 10:31:52.907, 1, 0, 10088
2026/05/24 10:31:52.909, 2, 0, 10088
2026/05/24 10:31:52.910, 3, 0, 10088
2026/05/24 10:32:07.994, 0, 100, 10490
2026/05/24 10:32:07.996, 1, 100, 10088
2026/05/24 10:32:07.997, 2, 0, 10088
2026/05/24 10:32:07.998, 3, 100, 10088
2026/05/24 10:32:23.081, 0, 9, 10490
2026/05/24 10:32:23.084, 1, 0, 10088
2026/05/24 10:32:23.085, 2, 0, 10088
2026/05/24 10:32:23.086, 3, 0, 10088
2026/05/24 10:32:38.212, 0, 100, 10490
2026/05/24 10:32:38.216, 1, 100, 10088
2026/05/24 10:32:38.220, 2, 76, 10088
2026/05/24 10:32:38.223, 3, 100, 10088
2026/05/24 10:32:53.334, 0, 12, 10490
2026/05/24 10:32:53.336, 1, 0, 10088
2026/05/24 10:32:53.338, 2, 0, 10088
2026/05/24 10:32:53.339, 3, 0, 10088
2026/05/24 10:33:08.845, 0, 0, 10490
2026/05/24 10:33:08.847, 1, 13, 10088
2026/05/24 10:33:08.848, 2, 0, 10088
2026/05/24 10:33:08.849, 3, 100, 10088
2026/05/24 10:33:23.989, 0, 98, 10490
2026/05/24 10:33:23.993, 1, 90, 10088
2026/05/24 10:33:23.996, 2, 100, 10088
2026/05/24 10:33:23.999, 3, 0, 10088
2026/05/24 10:33:39.097, 0, 9, 10490
2026/05/24 10:33:39.099, 1, 0, 10088
2026/05/24 10:33:39.101, 2, 0, 10088
2026/05/24 10:33:39.102, 3, 0, 10088
2026/05/24 10:33:54.211, 0, 18, 10490
2026/05/24 10:33:54.215, 1, 0, 10088
2026/05/24 10:33:54.217, 2, 100, 10088
2026/05/24 10:33:54.219, 3, 0, 10088
2026/05/24 10:34:09.334, 0, 14, 10490
2026/05/24 10:34:09.336, 1, 0, 10088
2026/05/24 10:34:09.338, 2, 0, 10088
2026/05/24 10:34:09.339, 3, 0, 10088
2026/05/24 10:34:24.428, 0, 100, 10490
2026/05/24 10:34:24.432, 1, 76, 10088
2026/05/24 10:34:24.435, 2, 100, 10088
2026/05/24 10:34:24.437, 3, 22, 10088
2026/05/24 10:34:39.597, 0, 2, 10490
2026/05/24 10:34:39.599, 1, 64, 10088
2026/05/24 10:34:39.600, 2, 0, 10088
2026/05/24 10:34:39.602, 3, 0, 10088
2026/05/24 10:34:54.721, 0, 4, 10490
2026/05/24 10:34:54.723, 1, 0, 10088
2026/05/24 10:34:54.724, 2, 0, 10088
2026/05/24 10:34:54.726, 3, 0, 10088
2026/05/24 10:35:09.975, 0, 100, 10490
2026/05/24 10:35:09.978, 1, 100, 10088
2026/05/24 10:35:09.981, 2, 100, 10088
2026/05/24 10:35:09.983, 3, 100, 10088
2026/05/24 10:35:25.098, 0, 8, 10490
2026/05/24 10:35:25.101, 1, 0, 10088
2026/05/24 10:35:25.102, 2, 0, 10088
2026/05/24 10:35:25.103, 3, 0, 10088
2026/05/24 10:35:40.215, 0, 23, 10490
2026/05/24 10:35:40.219, 1, 0, 10088
2026/05/24 10:35:40.222, 2, 100, 10088
2026/05/24 10:35:40.225, 3, 0, 10088
2026/05/24 10:35:55.342, 0, 62, 10490
2026/05/24 10:35:55.344, 1, 75, 10088
2026/05/24 10:35:55.345, 2, 0, 10088
2026/05/24 10:35:55.346, 3, 100, 10088
2026/05/24 10:36:10.466, 0, 100, 10490
2026/05/24 10:36:10.468, 1, 100, 10088
2026/05/24 10:36:10.469, 2, 11, 10088
2026/05/24 10:36:10.470, 3, 0, 10088
2026/05/24 10:36:25.598, 0, 9, 10490
2026/05/24 10:36:25.599, 1, 0, 10088
2026/05/24 10:36:25.600, 2, 0, 10088
2026/05/24 10:36:25.602, 3, 0, 10088
2026/05/24 10:36:40.702, 0, 13, 10490
2026/05/24 10:36:40.704, 1, 0, 10088
2026/05/24 10:36:40.706, 2, 0, 10088
2026/05/24 10:36:40.707, 3, 0, 10088
2026/05/24 10:36:55.804, 0, 100, 10490
2026/05/24 10:36:55.807, 1, 100, 10088
2026/05/24 10:36:55.810, 2, 100, 10088
2026/05/24 10:36:55.812, 3, 100, 10088
2026/05/24 10:37:10.909, 0, 9, 10490
2026/05/24 10:37:10.911, 1, 0, 10088
2026/05/24 10:37:10.913, 2, 0, 10088
2026/05/24 10:37:10.914, 3, 0, 10088
2026/05/24 10:37:26.037, 0, 9, 10490
2026/05/24 10:37:26.039, 1, 0, 10088
2026/05/24 10:37:26.040, 2, 0, 10088
2026/05/24 10:37:26.042, 3, 0, 10088
2026/05/24 10:37:41.142, 0, 9, 10490
2026/05/24 10:37:41.144, 1, 0, 10088
2026/05/24 10:37:41.145, 2, 0, 10088
2026/05/24 10:37:41.146, 3, 0, 10088
2026/05/24 10:37:56.270, 0, 14, 10490
2026/05/24 10:37:56.273, 1, 0, 10088
2026/05/24 10:37:56.274, 2, 0, 10088
2026/05/24 10:37:56.275, 3, 0, 10088
2026/05/24 10:38:11.420, 0, 1, 10490
2026/05/24 10:38:11.423, 1, 0, 10088
2026/05/24 10:38:11.467, 2, 0, 10088
2026/05/24 10:38:11.470, 3, 0, 10088
2026/05/24 10:38:26.672, 0, 8, 10490
2026/05/24 10:38:26.674, 1, 0, 10088
2026/05/24 10:38:26.675, 2, 0, 10088
2026/05/24 10:38:26.676, 3, 0, 10088
2026/05/24 10:38:41.840, 0, 100, 10490
2026/05/24 10:38:41.844, 1, 100, 10088
2026/05/24 10:38:41.849, 2, 100, 10088
2026/05/24 10:38:41.934, 3, 100, 10088
2026/05/24 10:38:57.086, 0, 100, 10490
2026/05/24 10:38:57.090, 1, 100, 10088
2026/05/24 10:38:57.093, 2, 100, 10088
2026/05/24 10:38:57.096, 3, 100, 10088
2026/05/24 10:39:12.210, 0, 11, 10490
2026/05/24 10:39:12.212, 1, 0, 10088
2026/05/24 10:39:12.214, 2, 0, 10088
2026/05/24 10:39:12.215, 3, 0, 10088
2026/05/24 10:39:27.345, 0, 0, 10490
2026/05/24 10:39:27.347, 1, 0, 10088
2026/05/24 10:39:27.348, 2, 0, 10088
2026/05/24 10:39:27.350, 3, 100, 10088
2026/05/24 10:39:42.478, 0, 71, 10490
2026/05/24 10:39:42.484, 1, 21, 10088
2026/05/24 10:39:42.487, 2, 100, 10088
2026/05/24 10:39:42.491, 3, 0, 10088
2026/05/24 10:39:57.625, 0, 8, 10490
2026/05/24 10:39:57.627, 1, 0, 10088
2026/05/24 10:39:57.629, 2, 0, 10088
2026/05/24 10:39:57.630, 3, 0, 10088
2026/05/24 10:40:12.713, 0, 5, 10490
2026/05/24 10:40:12.715, 1, 0, 10088
2026/05/24 10:40:12.717, 2, 0, 10088
2026/05/24 10:40:12.718, 3, 0, 10088
2026/05/24 10:40:27.838, 0, 14, 10490
2026/05/24 10:40:27.840, 1, 0, 10088
2026/05/24 10:40:27.841, 2, 0, 10088
2026/05/24 10:40:27.843, 3, 0, 10088
2026/05/24 10:40:43.077, 0, 8, 10490
2026/05/24 10:40:43.080, 1, 0, 10088
2026/05/24 10:40:43.081, 2, 0, 10088
2026/05/24 10:40:43.082, 3, 0, 10088
2026/05/24 10:40:58.166, 0, 8, 10490
2026/05/24 10:40:58.168, 1, 0, 10088
2026/05/24 10:40:58.169, 2, 0, 10088
2026/05/24 10:40:58.170, 3, 0, 10088
2026/05/24 10:41:13.309, 0, 71, 10490
2026/05/24 10:41:13.311, 1, 100, 10088
2026/05/24 10:41:13.313, 2, 100, 10088
2026/05/24 10:41:13.314, 3, 100, 10088
2026/05/24 10:41:28.686, 0, 0, 10490
2026/05/24 10:41:28.688, 1, 0, 10088
2026/05/24 10:41:28.689, 2, 0, 10088
2026/05/24 10:41:28.690, 3, 0, 10088
2026/05/24 10:41:43.764, 0, 14, 10490
2026/05/24 10:41:43.766, 1, 0, 10088
2026/05/24 10:41:43.767, 2, 0, 10088
2026/05/24 10:41:43.768, 3, 0, 10088
2026/05/24 10:41:58.903, 0, 100, 10490
2026/05/24 10:41:58.908, 1, 100, 10088
2026/05/24 10:41:58.911, 2, 100, 10088
2026/05/24 10:41:58.914, 3, 100, 10088
2026/05/24 10:42:14.064, 0, 10, 10490
2026/05/24 10:42:14.066, 1, 0, 10088
2026/05/24 10:42:14.067, 2, 0, 10088
2026/05/24 10:42:14.068, 3, 0, 10088
2026/05/24 10:42:29.273, 0, 8, 10490
2026/05/24 10:42:29.275, 1, 0, 10088
2026/05/24 10:42:29.276, 2, 0, 10088
2026/05/24 10:42:29.277, 3, 0, 10088
2026/05/24 10:42:45.003, 0, 69, 10490
2026/05/24 10:42:45.007, 1, 100, 10088
2026/05/24 10:42:45.010, 2, 0, 10088
2026/05/24 10:42:45.014, 3, 100, 10088
2026/05/24 10:43:00.145, 0, 13, 10490
2026/05/24 10:43:00.147, 1, 0, 10088
2026/05/24 10:43:00.148, 2, 0, 10088
2026/05/24 10:43:00.150, 3, 0, 10088
2026/05/24 10:43:15.253, 0, 9, 10490
2026/05/24 10:43:15.255, 1, 0, 10088
2026/05/24 10:43:15.256, 2, 0, 10088
2026/05/24 10:43:15.258, 3, 67, 10088
2026/05/24 10:43:30.341, 0, 61, 10490
2026/05/24 10:43:30.343, 1, 100, 10088
2026/05/24 10:43:30.345, 2, 0, 10088
2026/05/24 10:43:30.346, 3, 100, 10088
2026/05/24 10:43:45.441, 0, 100, 10490
2026/05/24 10:43:45.445, 1, 100, 10088
2026/05/24 10:43:45.448, 2, 59, 10088
2026/05/24 10:43:45.451, 3, 100, 10088
2026/05/24 10:44:00.559, 0, 100, 10490
2026/05/24 10:44:00.563, 1, 98, 10088
2026/05/24 10:44:00.565, 2, 100, 10088
2026/05/24 10:44:00.567, 3, 100, 10088
2026/05/24 10:44:15.758, 0, 36, 10490
2026/05/24 10:44:15.809, 1, 24, 10088
2026/05/24 10:44:15.810, 2, 100, 10088
2026/05/24 10:44:15.812, 3, 100, 10088
2026/05/24 10:44:30.978, 0, 10, 10490
2026/05/24 10:44:30.981, 1, 0, 10088
2026/05/24 10:44:30.982, 2, 0, 10088
2026/05/24 10:44:30.983, 3, 0, 10088
2026/05/24 10:44:46.069, 0, 2, 10490
2026/05/24 10:44:46.071, 1, 29, 10088
2026/05/24 10:44:46.073, 2, 0, 10088
2026/05/24 10:44:46.074, 3, 100, 10088
2026/05/24 10:45:01.245, 0, 100, 10490
2026/05/24 10:45:01.247, 1, 100, 10088
2026/05/24 10:45:01.249, 2, 100, 10088
2026/05/24 10:45:01.250, 3, 100, 10088
2026/05/24 10:45:16.340, 0, 100, 10490
2026/05/24 10:45:16.344, 1, 100, 10088
2026/05/24 10:45:16.348, 2, 100, 10088
2026/05/24 10:45:16.351, 3, 100, 10088
2026/05/24 10:45:31.445, 0, 43, 10490
2026/05/24 10:45:31.447, 1, 100, 10088
2026/05/24 10:45:31.449, 2, 25, 10088
2026/05/24 10:45:31.450, 3, 100, 10088
2026/05/24 10:45:46.602, 0, 0, 10490
2026/05/24 10:45:46.604, 1, 0, 10088
2026/05/24 10:45:46.605, 2, 0, 10088
2026/05/24 10:45:46.607, 3, 0, 10088
2026/05/24 10:46:02.062, 0, 100, 10490
2026/05/24 10:46:02.066, 1, 100, 10088
2026/05/24 10:46:02.070, 2, 38, 10088
2026/05/24 10:46:02.073, 3, 100, 10088
2026/05/24 10:46:17.210, 0, 100, 10490
2026/05/24 10:46:17.213, 1, 61, 10088
2026/05/24 10:46:17.214, 2, 100, 10088
2026/05/24 10:46:17.218, 3, 100, 10088
2026/05/24 10:46:32.324, 0, 100, 10490
2026/05/24 10:46:32.328, 1, 100, 10088
2026/05/24 10:46:32.330, 2, 100, 10088
2026/05/24 10:46:32.334, 3, 100, 10088
2026/05/24 10:46:47.429, 0, 100, 10490
2026/05/24 10:46:47.431, 1, 100, 10088
2026/05/24 10:46:47.432, 2, 61, 10088
2026/05/24 10:46:47.434, 3, 100, 10088
2026/05/24 10:47:02.518, 0, 100, 10490
2026/05/24 10:47:02.520, 1, 100, 10088
2026/05/24 10:47:02.521, 2, 100, 10088
2026/05/24 10:47:02.522, 3, 67, 10088
2026/05/24 10:47:17.626, 0, 16, 10490
2026/05/24 10:47:17.628, 1, 0, 10088
2026/05/24 10:47:17.629, 2, 0, 10088
2026/05/24 10:47:17.630, 3, 0, 10088
2026/05/24 10:47:32.841, 0, 0, 10490
2026/05/24 10:47:32.843, 1, 0, 10088
2026/05/24 10:47:32.845, 2, 0, 10088
2026/05/24 10:47:32.846, 3, 0, 10088
2026/05/24 10:47:48.118, 0, 100, 10490
2026/05/24 10:47:48.122, 1, 100, 10088
2026/05/24 10:47:48.125, 2, 100, 10088
2026/05/24 10:47:48.128, 3, 61, 10088
2026/05/24 10:48:03.226, 0, 100, 10490
2026/05/24 10:48:03.228, 1, 100, 10088
2026/05/24 10:48:03.229, 2, 100, 10088
2026/05/24 10:48:03.231, 3, 100, 10088
2026/05/24 10:48:18.330, 0, 6, 10490
2026/05/24 10:48:18.332, 1, 0, 10088
2026/05/24 10:48:18.333, 2, 0, 10088
2026/05/24 10:48:18.335, 3, 100, 10088
2026/05/24 10:48:33.432, 0, 100, 10490
2026/05/24 10:48:33.436, 1, 86, 10088
2026/05/24 10:48:33.440, 2, 100, 10088
2026/05/24 10:48:33.443, 3, 0, 10088
2026/05/24 10:48:48.581, 0, 0, 10490
2026/05/24 10:48:48.583, 1, 0, 10088
2026/05/24 10:48:48.584, 2, 0, 10088
2026/05/24 10:48:48.586, 3, 0, 10088
2026/05/24 10:49:03.690, 0, 100, 10490
2026/05/24 10:49:03.692, 1, 100, 10088
2026/05/24 10:49:03.693, 2, 0, 10088
2026/05/24 10:49:03.694, 3, 0, 10088
2026/05/24 10:49:18.777, 0, 8, 10490
2026/05/24 10:49:18.779, 1, 0, 10088
2026/05/24 10:49:18.781, 2, 0, 10088
2026/05/24 10:49:18.782, 3, 0, 10088
2026/05/24 10:49:33.904, 0, 100, 10490
2026/05/24 10:49:33.908, 1, 100, 10088
2026/05/24 10:49:33.911, 2, 0, 10088
2026/05/24 10:49:33.915, 3, 100, 10088
2026/05/24 10:49:49.164, 0, 2, 10490
2026/05/24 10:49:49.166, 1, 0, 10088
2026/05/24 10:49:49.168, 2, 0, 10088
2026/05/24 10:49:49.169, 3, 0, 10088
2026/05/24 10:50:04.270, 0, 13, 10490
2026/05/24 10:50:04.272, 1, 0, 10088
2026/05/24 10:50:04.273, 2, 0, 10088
2026/05/24 10:50:04.275, 3, 0, 10088
2026/05/24 10:50:19.426, 0, 100, 10490
2026/05/24 10:50:19.430, 1, 72, 10088
2026/05/24 10:50:19.433, 2, 100, 10088
2026/05/24 10:50:19.436, 3, 100, 10088
2026/05/24 10:50:34.548, 0, 10, 10490
2026/05/24 10:50:34.551, 1, 0, 10088
2026/05/24 10:50:34.555, 2, 0, 10088
2026/05/24 10:50:34.558, 3, 0, 10088
2026/05/24 10:50:49.662, 0, 1, 10490
2026/05/24 10:50:49.666, 1, 0, 10088
2026/05/24 10:50:49.669, 2, 85, 10088
2026/05/24 10:50:49.672, 3, 100, 10088
2026/05/24 10:51:04.793, 0, 9, 10490
2026/05/24 10:51:04.796, 1, 100, 10088
2026/05/24 10:51:04.800, 2, 0, 10088
2026/05/24 10:51:04.803, 3, 99, 10088
2026/05/24 10:51:19.905, 0, 100, 10490
2026/05/24 10:51:19.907, 1, 100, 10088
2026/05/24 10:51:19.909, 2, 71, 10088
2026/05/24 10:51:19.912, 3, 100, 10088
2026/05/24 10:51:34.997, 0, 9, 10490
2026/05/24 10:51:34.999, 1, 0, 10088
2026/05/24 10:51:35.001, 2, 0, 10088
2026/05/24 10:51:35.002, 3, 0, 10088
2026/05/24 10:51:50.328, 0, 100, 10490
2026/05/24 10:51:50.333, 1, 100, 10088
2026/05/24 10:51:50.336, 2, 100, 10088
2026/05/24 10:51:50.340, 3, 100, 10088
2026/05/24 10:52:05.617, 0, 9, 10490
2026/05/24 10:52:05.619, 1, 0, 10088
2026/05/24 10:52:05.620, 2, 0, 10088
2026/05/24 10:52:05.621, 3, 0, 10088
2026/05/24 10:52:20.803, 0, 9, 10490
2026/05/24 10:52:20.807, 1, 100, 10088
2026/05/24 10:52:20.810, 2, 0, 10088
2026/05/24 10:52:20.813, 3, 98, 10088
2026/05/24 10:52:36.038, 0, 100, 10490
2026/05/24 10:52:36.042, 1, 100, 10088
2026/05/24 10:52:36.046, 2, 100, 10088
2026/05/24 10:52:36.049, 3, 100, 10088
2026/05/24 10:52:51.162, 0, 15, 10490
2026/05/24 10:52:51.164, 1, 0, 10088
2026/05/24 10:52:51.165, 2, 0, 10088
2026/05/24 10:52:51.167, 3, 0, 10088
2026/05/24 10:53:06.535, 0, 100, 10490
2026/05/24 10:53:06.540, 1, 100, 10088
2026/05/24 10:53:06.543, 2, 93, 10088
2026/05/24 10:53:06.546, 3, 100, 10088
2026/05/24 10:53:21.826, 0, 100, 10490
2026/05/24 10:53:21.830, 1, 100, 10088
2026/05/24 10:53:21.833, 2, 100, 10088
2026/05/24 10:53:21.836, 3, 69, 10088
2026/05/24 10:53:36.974, 0, 41, 10490
2026/05/24 10:53:36.978, 1, 100, 10088
2026/05/24 10:53:36.980, 2, 100, 10088
2026/05/24 10:53:36.982, 3, 100, 10088
2026/05/24 10:53:52.131, 0, 10, 10490
2026/05/24 10:53:52.133, 1, 0, 10088
2026/05/24 10:53:52.134, 2, 0, 10088
2026/05/24 10:53:52.135, 3, 0, 10088
2026/05/24 10:54:07.300, 0, 4, 10490
2026/05/24 10:54:07.302, 1, 0, 10088
2026/05/24 10:54:07.303, 2, 0, 10088
2026/05/24 10:54:07.304, 3, 0, 10088
2026/05/24 10:54:22.685, 0, 14, 10490
2026/05/24 10:54:22.687, 1, 0, 10088
2026/05/24 10:54:22.688, 2, 0, 10088
2026/05/24 10:54:22.690, 3, 0, 10088
2026/05/24 10:54:37.793, 0, 100, 10490
2026/05/24 10:54:37.795, 1, 0, 10088
2026/05/24 10:54:37.796, 2, 100, 10088
2026/05/24 10:54:37.797, 3, 0, 10088
2026/05/24 10:54:52.889, 0, 100, 10490
2026/05/24 10:54:52.893, 1, 100, 10088
2026/05/24 10:54:52.895, 2, 0, 10088
2026/05/24 10:54:52.898, 3, 100, 10088
2026/05/24 10:55:07.989, 0, 8, 10490
2026/05/24 10:55:07.991, 1, 0, 10088
2026/05/24 10:55:07.992, 2, 0, 10088
2026/05/24 10:55:07.994, 3, 0, 10088
2026/05/24 10:55:23.262, 0, 100, 10490
2026/05/24 10:55:23.264, 1, 100, 10088
2026/05/24 10:55:23.265, 2, 100, 10088
2026/05/24 10:55:23.266, 3, 100, 10088
2026/05/24 10:55:38.349, 0, 9, 10490
2026/05/24 10:55:38.351, 1, 0, 10088
2026/05/24 10:55:38.352, 2, 0, 10088
2026/05/24 10:55:38.354, 3, 0, 10088
2026/05/24 10:55:53.474, 0, 13, 10490
2026/05/24 10:55:53.476, 1, 0, 10088
2026/05/24 10:55:53.477, 2, 0, 10088
2026/05/24 10:55:53.478, 3, 0, 10088
2026/05/24 10:56:08.686, 0, 100, 10490
2026/05/24 10:56:08.690, 1, 100, 10088
2026/05/24 10:56:08.691, 2, 100, 10088
2026/05/24 10:56:08.694, 3, 100, 10088
2026/05/24 10:56:23.940, 0, 100, 10490
2026/05/24 10:56:23.944, 1, 51, 10088
2026/05/24 10:56:23.946, 2, 100, 10088
2026/05/24 10:56:23.949, 3, 100, 10088
2026/05/24 10:56:39.062, 0, 8, 10490
2026/05/24 10:56:39.064, 1, 85, 10088
2026/05/24 10:56:39.065, 2, 0, 10088
2026/05/24 10:56:39.067, 3, 100, 10088
2026/05/24 10:56:54.159, 0, 100, 10490
2026/05/24 10:56:54.163, 1, 46, 10088
2026/05/24 10:56:54.166, 2, 100, 10088
2026/05/24 10:56:54.169, 3, 0, 10088
2026/05/24 10:57:09.265, 0, 5, 10490
2026/05/24 10:57:09.267, 1, 0, 10088
2026/05/24 10:57:09.269, 2, 0, 10088
2026/05/24 10:57:09.270, 3, 0, 10088
2026/05/24 10:57:24.689, 0, 2, 10490
2026/05/24 10:57:24.691, 1, 0, 10088
2026/05/24 10:57:24.693, 2, 0, 10088
2026/05/24 10:57:24.694, 3, 0, 10088
2026/05/24 10:57:39.959, 0, 100, 10490
2026/05/24 10:57:39.963, 1, 100, 10088
2026/05/24 10:57:39.966, 2, 0, 10088
2026/05/24 10:57:39.969, 3, 100, 10088
2026/05/24 10:57:55.184, 0, 100, 10490
2026/05/24 10:57:55.190, 1, 100, 10088
2026/05/24 10:57:55.193, 2, 70, 10088
2026/05/24 10:57:55.196, 3, 100, 10088
2026/05/24 10:58:10.290, 0, 9, 10490
2026/05/24 10:58:10.292, 1, 0, 10088
2026/05/24 10:58:10.293, 2, 0, 10088
2026/05/24 10:58:10.294, 3, 0, 10088
2026/05/24 10:58:25.517, 0, 1, 10490
2026/05/24 10:58:25.519, 1, 0, 10088
2026/05/24 10:58:25.520, 2, 0, 10088
2026/05/24 10:58:25.521, 3, 0, 10088
2026/05/24 10:58:41.030, 0, 11, 10490
2026/05/24 10:58:41.033, 1, 14, 10088
2026/05/24 10:58:41.036, 2, 100, 10088
2026/05/24 10:58:41.039, 3, 0, 10088
2026/05/24 10:58:56.317, 0, 100, 10490
2026/05/24 10:58:56.321, 1, 100, 10088
2026/05/24 10:58:56.324, 2, 100, 10088
2026/05/24 10:58:56.327, 3, 100, 10088
2026/05/24 10:59:11.442, 0, 14, 10490
2026/05/24 10:59:11.444, 1, 0, 10088
2026/05/24 10:59:11.446, 2, 0, 10088
2026/05/24 10:59:11.447, 3, 0, 10088
2026/05/24 10:59:26.529, 0, 100, 10490
2026/05/24 10:59:26.531, 1, 100, 10088
2026/05/24 10:59:26.533, 2, 100, 10088
2026/05/24 10:59:26.534, 3, 100, 10088
2026/05/24 10:59:41.863, 0, 9, 10490
2026/05/24 10:59:41.865, 1, 0, 10088
2026/05/24 10:59:41.866, 2, 0, 10088
2026/05/24 10:59:41.867, 3, 0, 10088
2026/05/24 10:59:56.956, 0, 100, 10490
2026/05/24 10:59:56.960, 1, 100, 10088
2026/05/24 10:59:56.964, 2, 100, 10088
2026/05/24 10:59:56.967, 3, 100, 10088
2026/05/24 11:00:12.091, 0, 100, 10490
2026/05/24 11:00:12.096, 1, 100, 10088
2026/05/24 11:00:12.099, 2, 100, 10088
2026/05/24 11:00:12.102, 3, 100, 10088
2026/05/24 11:00:27.201, 0, 100, 10490
2026/05/24 11:00:27.205, 1, 100, 10088
2026/05/24 11:00:27.209, 2, 100, 10088
2026/05/24 11:00:27.212, 3, 94, 10088
2026/05/24 11:00:42.542, 0, 2, 10490
2026/05/24 11:00:42.544, 1, 0, 10088
2026/05/24 11:00:42.546, 2, 0, 10088
2026/05/24 11:00:42.547, 3, 0, 10088
2026/05/24 11:00:57.872, 0, 9, 10490
2026/05/24 11:00:57.873, 1, 0, 10088
2026/05/24 11:00:57.874, 2, 0, 10088
2026/05/24 11:00:57.875, 3, 0, 10088
2026/05/24 11:01:13.101, 0, 0, 10490
2026/05/24 11:01:13.103, 1, 0, 10088
2026/05/24 11:01:13.105, 2, 0, 10088
2026/05/24 11:01:13.106, 3, 0, 10088
2026/05/24 11:01:28.228, 0, 100, 10490
2026/05/24 11:01:28.230, 1, 100, 10088
2026/05/24 11:01:28.231, 2, 100, 10088
2026/05/24 11:01:28.232, 3, 100, 10088
2026/05/24 11:01:43.318, 0, 9, 10490
2026/05/24 11:01:43.320, 1, 0, 10088
2026/05/24 11:01:43.321, 2, 0, 10088
2026/05/24 11:01:43.322, 3, 0, 10088
2026/05/24 11:01:58.466, 0, 100, 10490
2026/05/24 11:01:58.471, 1, 100, 10088
2026/05/24 11:01:58.475, 2, 88, 10088
2026/05/24 11:01:58.478, 3, 0, 10088
2026/05/24 11:02:14.223, 0, 5, 10490
2026/05/24 11:02:14.225, 1, 0, 10088
2026/05/24 11:02:14.226, 2, 0, 10088
2026/05/24 11:02:14.227, 3, 0, 10088
2026/05/24 11:02:29.318, 0, 100, 10490
2026/05/24 11:02:29.322, 1, 100, 10088
2026/05/24 11:02:29.324, 2, 100, 10088
2026/05/24 11:02:29.328, 3, 0, 10088
2026/05/24 11:02:44.434, 0, 75, 10490
2026/05/24 11:02:44.438, 1, 36, 10088
2026/05/24 11:02:44.441, 2, 100, 10088
2026/05/24 11:02:44.444, 3, 0, 10088
2026/05/24 11:02:59.541, 0, 9, 10490
2026/05/24 11:02:59.543, 1, 0, 10088
2026/05/24 11:02:59.545, 2, 0, 10088
2026/05/24 11:02:59.546, 3, 0, 10088
2026/05/24 11:03:14.646, 0, 4, 10490
2026/05/24 11:03:14.648, 1, 0, 10088
2026/05/24 11:03:14.649, 2, 0, 10088
2026/05/24 11:03:14.650, 3, 0, 10088
2026/05/24 11:03:29.790, 0, 8, 10490
2026/05/24 11:03:29.795, 1, 0, 10088
2026/05/24 11:03:29.798, 2, 0, 10088
2026/05/24 11:03:29.801, 3, 100, 10088
2026/05/24 11:03:44.958, 0, 14, 10490
2026/05/24 11:03:44.961, 1, 0, 10088
2026/05/24 11:03:44.962, 2, 0, 10088
2026/05/24 11:03:44.963, 3, 0, 10088
2026/05/24 11:04:00.095, 0, 9, 10490
2026/05/24 11:04:00.097, 1, 0, 10088
2026/05/24 11:04:00.098, 2, 0, 10088
2026/05/24 11:04:00.100, 3, 0, 10088
2026/05/24 11:04:15.540, 0, 5, 10490
2026/05/24 11:04:15.542, 1, 0, 10088
2026/05/24 11:04:15.543, 2, 0, 10088
2026/05/24 11:04:15.545, 3, 0, 10088
2026/05/24 11:04:31.017, 0, 100, 10490
2026/05/24 11:04:31.020, 1, 100, 10088
2026/05/24 11:04:31.023, 2, 100, 10088
2026/05/24 11:04:31.028, 3, 100, 10088
2026/05/24 11:04:46.126, 0, 9, 10490
2026/05/24 11:04:46.128, 1, 0, 10088
2026/05/24 11:04:46.129, 2, 0, 10088
2026/05/24 11:04:46.130, 3, 0, 10088
2026/05/24 11:05:01.238, 0, 100, 10490
2026/05/24 11:05:01.241, 1, 100, 10088
2026/05/24 11:05:01.244, 2, 100, 10088
2026/05/24 11:05:01.247, 3, 100, 10088
2026/05/24 11:05:16.362, 0, 14, 10490
2026/05/24 11:05:16.364, 1, 0, 10088
2026/05/24 11:05:16.366, 2, 0, 10088
2026/05/24 11:05:16.367, 3, 0, 10088
2026/05/24 11:05:31.895, 0, 48, 10490
2026/05/24 11:05:31.897, 1, 100, 10088
2026/05/24 11:05:31.898, 2, 100, 10088
2026/05/24 11:05:31.899, 3, 100, 10088
2026/05/24 11:05:47.012, 0, 100, 10490
2026/05/24 11:05:47.016, 1, 100, 10088
2026/05/24 11:05:47.020, 2, 100, 10088
2026/05/24 11:05:47.023, 3, 100, 10088
2026/05/24 11:06:02.216, 0, 100, 10490
2026/05/24 11:06:02.220, 1, 100, 10088
2026/05/24 11:06:02.222, 2, 100, 10088
2026/05/24 11:06:02.225, 3, 100, 10088
2026/05/24 11:06:17.373, 0, 100, 10490
2026/05/24 11:06:17.376, 1, 100, 10088
2026/05/24 11:06:17.379, 2, 92, 10088
2026/05/24 11:06:17.382, 3, 100, 10088
2026/05/24 11:06:32.767, 0, 4, 10490
2026/05/24 11:06:32.769, 1, 0, 10088
2026/05/24 11:06:32.770, 2, 0, 10088
2026/05/24 11:06:32.928, 3, 0, 10088
2026/05/24 11:06:48.018, 0, 100, 10490
2026/05/24 11:06:48.021, 1, 100, 10088
2026/05/24 11:06:48.023, 2, 100, 10088
2026/05/24 11:06:48.027, 3, 72, 10088
2026/05/24 11:07:03.146, 0, 84, 10490
2026/05/24 11:07:03.149, 1, 100, 10088
2026/05/24 11:07:03.152, 2, 100, 10088
2026/05/24 11:07:03.155, 3, 100, 10088
2026/05/24 11:07:18.253, 0, 9, 10490
2026/05/24 11:07:18.255, 1, 0, 10088
2026/05/24 11:07:18.256, 2, 0, 10088
2026/05/24 11:07:18.258, 3, 0, 10088
2026/05/24 11:07:33.341, 0, 9, 10490
2026/05/24 11:07:33.343, 1, 0, 10088
2026/05/24 11:07:33.344, 2, 0, 10088
2026/05/24 11:07:33.346, 3, 0, 10088
2026/05/24 11:07:48.542, 0, 6, 10490
2026/05/24 11:07:48.686, 1, 0, 10088
2026/05/24 11:07:48.687, 2, 0, 10088
2026/05/24 11:07:48.688, 3, 0, 10088
2026/05/24 11:08:03.854, 0, 76, 10490
2026/05/24 11:08:04.119, 1, 100, 10088
2026/05/24 11:08:04.120, 2, 86, 10088
2026/05/24 11:08:04.121, 3, 100, 10088
2026/05/24 11:08:19.202, 0, 9, 10490
2026/05/24 11:08:19.204, 1, 0, 10088
2026/05/24 11:08:19.206, 2, 0, 10088
2026/05/24 11:08:19.207, 3, 0, 10088
2026/05/24 11:08:34.359, 0, 100, 10490
2026/05/24 11:08:34.363, 1, 100, 10088
2026/05/24 11:08:34.366, 2, 100, 10088
2026/05/24 11:08:34.369, 3, 100, 10088
2026/05/24 11:08:49.465, 0, 9, 10490
2026/05/24 11:08:49.467, 1, 0, 10088
2026/05/24 11:08:49.469, 2, 0, 10088
2026/05/24 11:08:49.470, 3, 0, 10088
2026/05/24 11:09:04.609, 0, 5, 10490
2026/05/24 11:09:04.611, 1, 0, 10088
2026/05/24 11:09:04.613, 2, 0, 10088
2026/05/24 11:09:04.614, 3, 0, 10088
2026/05/24 11:09:19.801, 0, 100, 10490
2026/05/24 11:09:19.803, 1, 100, 10088
2026/05/24 11:09:19.804, 2, 100, 10088
2026/05/24 11:09:19.806, 3, 0, 10088
2026/05/24 11:09:34.906, 0, 100, 10490
2026/05/24 11:09:34.908, 1, 100, 10088
2026/05/24 11:09:34.909, 2, 100, 10088
2026/05/24 11:09:34.911, 3, 0, 10088
2026/05/24 11:09:50.010, 0, 9, 10490
2026/05/24 11:09:50.012, 1, 0, 10088
2026/05/24 11:09:50.014, 2, 0, 10088
2026/05/24 11:09:50.015, 3, 0, 10088
2026/05/24 11:10:05.097, 0, 8, 10490
2026/05/24 11:10:05.099, 1, 0, 10088
2026/05/24 11:10:05.101, 2, 0, 10088
2026/05/24 11:10:05.102, 3, 0, 10088
2026/05/24 11:10:20.462, 0, 100, 10490
2026/05/24 11:10:20.466, 1, 100, 10088
2026/05/24 11:10:20.469, 2, 100, 10088
2026/05/24 11:10:20.472, 3, 100, 10088
2026/05/24 11:10:35.717, 0, 76, 10490
2026/05/24 11:10:35.721, 1, 100, 10088
2026/05/24 11:10:35.724, 2, 100, 10088
2026/05/24 11:10:35.727, 3, 100, 10088
2026/05/24 11:10:50.874, 0, 6, 10490
2026/05/24 11:10:50.878, 1, 0, 10088
2026/05/24 11:10:50.880, 2, 0, 10088
2026/05/24 11:10:50.883, 3, 87, 10088
2026/05/24 11:11:06.025, 0, 9, 10490
2026/05/24 11:11:06.027, 1, 0, 10088
2026/05/24 11:11:06.029, 2, 0, 10088
2026/05/24 11:11:06.030, 3, 0, 10088
2026/05/24 11:11:21.117, 0, 5, 10490
2026/05/24 11:11:21.120, 1, 0, 10088
2026/05/24 11:11:21.121, 2, 0, 10088
2026/05/24 11:11:21.122, 3, 0, 10088
2026/05/24 11:11:36.205, 0, 9, 10490
2026/05/24 11:11:36.207, 1, 0, 10088
2026/05/24 11:11:36.209, 2, 0, 10088
2026/05/24 11:11:36.210, 3, 0, 10088
2026/05/24 11:11:51.454, 0, 100, 10490
2026/05/24 11:11:51.457, 1, 75, 10088
2026/05/24 11:11:51.460, 2, 100, 10088
2026/05/24 11:11:51.464, 3, 0, 10088
2026/05/24 11:12:06.607, 0, 100, 10490
2026/05/24 11:12:06.610, 1, 88, 10088
2026/05/24 11:12:06.613, 2, 100, 10088
2026/05/24 11:12:06.615, 3, 100, 10088
2026/05/24 11:12:21.943, 0, 100, 10490
2026/05/24 11:12:21.946, 1, 100, 10088
2026/05/24 11:12:21.949, 2, 72, 10088
2026/05/24 11:12:21.952, 3, 0, 10088
2026/05/24 11:12:37.086, 0, 3, 10490
2026/05/24 11:12:37.088, 1, 0, 10088
2026/05/24 11:12:37.089, 2, 100, 10088
2026/05/24 11:12:37.090, 3, 15, 10088
2026/05/24 11:12:52.177, 0, 10, 10490
2026/05/24 11:12:52.180, 1, 0, 10088
2026/05/24 11:12:52.181, 2, 0, 10088
2026/05/24 11:12:52.182, 3, 0, 10088
2026/05/24 11:13:07.265, 0, 9, 10490
2026/05/24 11:13:07.267, 1, 0, 10088
2026/05/24 11:13:07.269, 2, 0, 10088
2026/05/24 11:13:07.270, 3, 0, 10088
2026/05/24 11:13:22.402, 0, 91, 10490
2026/05/24 11:13:22.406, 1, 67, 10088
2026/05/24 11:13:22.409, 2, 100, 10088
2026/05/24 11:13:22.412, 3, 0, 10088
2026/05/24 11:13:37.519, 0, 100, 10490
2026/05/24 11:13:37.522, 1, 57, 10088
2026/05/24 11:13:37.525, 2, 100, 10088
2026/05/24 11:13:37.527, 3, 100, 10088
2026/05/24 11:13:52.777, 0, 100, 10490
2026/05/24 11:13:52.779, 1, 100, 10088
2026/05/24 11:13:52.781, 2, 100, 10088
2026/05/24 11:13:52.782, 3, 100, 10088
2026/05/24 11:14:07.970, 0, 6, 10490
2026/05/24 11:14:07.973, 1, 0, 10088
2026/05/24 11:14:07.974, 2, 0, 10088
2026/05/24 11:14:07.975, 3, 0, 10088
2026/05/24 11:14:23.061, 0, 100, 10490
2026/05/24 11:14:23.063, 1, 0, 10088
2026/05/24 11:14:23.065, 2, 100, 10088
2026/05/24 11:14:23.066, 3, 0, 10088
2026/05/24 11:14:38.150, 0, 4, 10490
2026/05/24 11:14:38.152, 1, 100, 10088
2026/05/24 11:14:38.153, 2, 100, 10088
2026/05/24 11:14:38.154, 3, 100, 10088
2026/05/24 11:14:53.250, 0, 35, 10490
2026/05/24 11:14:53.252, 1, 100, 10088
2026/05/24 11:14:53.253, 2, 96, 10088
2026/05/24 11:14:53.255, 3, 100, 10088
2026/05/24 11:15:08.762, 0, 67, 10490
2026/05/24 11:15:08.765, 1, 100, 10088
2026/05/24 11:15:08.768, 2, 100, 10088
2026/05/24 11:15:08.769, 3, 100, 10088
2026/05/24 11:15:23.898, 0, 100, 10490
2026/05/24 11:15:23.901, 1, 100, 10088
2026/05/24 11:15:23.902, 2, 69, 10088
2026/05/24 11:15:23.903, 3, 0, 10088
2026/05/24 11:15:39.006, 0, 9, 10490
2026/05/24 11:15:39.008, 1, 0, 10088
2026/05/24 11:15:39.009, 2, 0, 10088
2026/05/24 11:15:39.010, 3, 0, 10088
2026/05/24 11:15:54.095, 0, 9, 10490
2026/05/24 11:15:54.097, 1, 0, 10088
2026/05/24 11:15:54.098, 2, 0, 10088
2026/05/24 11:15:54.099, 3, 0, 10088
2026/05/24 11:16:09.285, 0, 7, 10490
2026/05/24 11:16:09.287, 1, 0, 10088
2026/05/24 11:16:09.289, 2, 0, 10088
2026/05/24 11:16:09.290, 3, 0, 10088
2026/05/24 11:16:24.365, 0, 100, 10490
2026/05/24 11:16:24.367, 1, 100, 10088
2026/05/24 11:16:24.368, 2, 100, 10088
2026/05/24 11:16:24.369, 3, 100, 10088
2026/05/24 11:16:39.459, 0, 100, 10490
2026/05/24 11:16:39.463, 1, 100, 10088
2026/05/24 11:16:39.466, 2, 100, 10088
2026/05/24 11:16:39.467, 3, 100, 10088
2026/05/24 11:16:54.566, 0, 15, 10490
2026/05/24 11:16:54.568, 1, 0, 10088
2026/05/24 11:16:54.569, 2, 0, 10088
2026/05/24 11:16:54.570, 3, 0, 10088
2026/05/24 11:17:09.789, 0, 100, 10490
2026/05/24 11:17:09.791, 1, 100, 10088
2026/05/24 11:17:09.792, 2, 100, 10088
2026/05/24 11:17:09.794, 3, 100, 10088
2026/05/24 11:17:24.933, 0, 100, 10490
2026/05/24 11:17:24.936, 1, 100, 10088
2026/05/24 11:17:24.940, 2, 100, 10088
2026/05/24 11:17:24.943, 3, 100, 10088
2026/05/24 11:17:40.121, 0, 9, 10490
2026/05/24 11:17:40.123, 1, 0, 10088
2026/05/24 11:17:40.124, 2, 0, 10088
2026/05/24 11:17:40.126, 3, 0, 10088
2026/05/24 11:17:55.278, 0, 9, 10490
2026/05/24 11:17:55.280, 1, 0, 10088
2026/05/24 11:17:55.281, 2, 0, 10088
2026/05/24 11:17:55.282, 3, 0, 10088
2026/05/24 11:18:10.526, 0, 100, 10490
2026/05/24 11:18:10.528, 1, 100, 10088
2026/05/24 11:18:10.530, 2, 100, 10088
2026/05/24 11:18:10.531, 3, 100, 10088
2026/05/24 11:18:25.723, 0, 11, 10490
2026/05/24 11:18:25.725, 1, 8, 10088
2026/05/24 11:18:25.726, 2, 0, 10088
2026/05/24 11:18:25.728, 3, 100, 10088
2026/05/24 11:18:40.944, 0, 9, 10490
2026/05/24 11:18:40.947, 1, 0, 10088
2026/05/24 11:18:40.950, 2, 0, 10088
2026/05/24 11:18:40.953, 3, 100, 10088
2026/05/24 11:18:56.103, 0, 100, 10490
2026/05/24 11:18:56.107, 1, 61, 10088
2026/05/24 11:18:56.109, 2, 100, 10088
2026/05/24 11:18:56.112, 3, 87, 10088
2026/05/24 11:19:11.215, 0, 100, 10490
2026/05/24 11:19:11.220, 1, 100, 10088
2026/05/24 11:19:11.224, 2, 100, 10088
2026/05/24 11:19:11.227, 3, 100, 10088
2026/05/24 11:19:26.574, 0, 6, 10490
2026/05/24 11:19:26.578, 1, 0, 10088
2026/05/24 11:19:26.582, 2, 100, 10088
2026/05/24 11:19:26.585, 3, 0, 10088
2026/05/24 11:19:41.777, 0, 96, 10490
2026/05/24 11:19:41.779, 1, 100, 10088
2026/05/24 11:19:41.780, 2, 0, 10088
2026/05/24 11:19:41.782, 3, 100, 10088
2026/05/24 11:19:56.876, 0, 13, 10490
2026/05/24 11:19:56.878, 1, 0, 10088
2026/05/24 11:19:56.879, 2, 0, 10088
2026/05/24 11:19:56.880, 3, 0, 10088
2026/05/24 11:20:12.033, 0, 100, 10490
2026/05/24 11:20:12.037, 1, 100, 10088
2026/05/24 11:20:12.040, 2, 100, 10088
2026/05/24 11:20:12.043, 3, 100, 10088
2026/05/24 11:20:27.137, 0, 9, 10490
2026/05/24 11:20:27.139, 1, 0, 10088
2026/05/24 11:20:27.140, 2, 0, 10088
2026/05/24 11:20:27.142, 3, 0, 10088
2026/05/24 11:20:42.470, 0, 2, 10490
2026/05/24 11:20:42.472, 1, 0, 10088
2026/05/24 11:20:42.473, 2, 0, 10088
2026/05/24 11:20:42.475, 3, 0, 10088
2026/05/24 11:20:57.861, 0, 100, 10490
2026/05/24 11:20:57.865, 1, 100, 10088
2026/05/24 11:20:57.868, 2, 100, 10088
2026/05/24 11:20:57.871, 3, 81, 10088
2026/05/24 11:21:13.515, 0, 100, 10490
2026/05/24 11:21:13.518, 1, 100, 10088
2026/05/24 11:21:13.522, 2, 100, 10088
2026/05/24 11:21:13.525, 3, 100, 10088
2026/05/24 11:21:28.634, 0, 12, 10490
2026/05/24 11:21:28.636, 1, 0, 10088
2026/05/24 11:21:28.638, 2, 0, 10088
2026/05/24 11:21:28.639, 3, 0, 10088
2026/05/24 11:21:43.731, 0, 2, 10490
2026/05/24 11:21:43.734, 1, 0, 10088
2026/05/24 11:21:43.738, 2, 93, 10088
2026/05/24 11:21:43.741, 3, 0, 10088
2026/05/24 11:21:58.833, 0, 9, 10490
2026/05/24 11:21:58.836, 1, 0, 10088
2026/05/24 11:21:58.837, 2, 0, 10088
2026/05/24 11:21:58.838, 3, 0, 10088
2026/05/24 11:22:14.033, 0, 0, 10490
2026/05/24 11:22:14.037, 1, 100, 10088
2026/05/24 11:22:14.073, 2, 0, 10088
2026/05/24 11:22:14.075, 3, 100, 10088
2026/05/24 11:22:29.297, 0, 100, 10490
2026/05/24 11:22:29.301, 1, 100, 10088
2026/05/24 11:22:29.304, 2, 71, 10088
2026/05/24 11:22:29.307, 3, 100, 10088
2026/05/24 11:22:44.409, 0, 100, 10490
2026/05/24 11:22:44.413, 1, 100, 10088
2026/05/24 11:22:44.416, 2, 100, 10088
2026/05/24 11:22:44.418, 3, 100, 10088
2026/05/24 11:22:59.529, 0, 9, 10490
2026/05/24 11:22:59.531, 1, 0, 10088
2026/05/24 11:22:59.533, 2, 0, 10088
2026/05/24 11:22:59.534, 3, 0, 10088
2026/05/24 11:23:14.617, 0, 9, 10490
2026/05/24 11:23:14.619, 1, 0, 10088
2026/05/24 11:23:14.620, 2, 0, 10088
2026/05/24 11:23:14.622, 3, 0, 10088
2026/05/24 11:23:29.758, 0, 3, 10490
2026/05/24 11:23:29.760, 1, 0, 10088
2026/05/24 11:23:29.761, 2, 0, 10088
2026/05/24 11:23:29.762, 3, 0, 10088
2026/05/24 11:23:44.870, 0, 100, 10490
2026/05/24 11:23:44.874, 1, 100, 10088
2026/05/24 11:23:44.878, 2, 100, 10088
2026/05/24 11:23:44.880, 3, 100, 10088
2026/05/24 11:24:00.028, 0, 9, 10490
2026/05/24 11:24:00.032, 1, 0, 10088
2026/05/24 11:24:00.035, 2, 0, 10088
2026/05/24 11:24:00.039, 3, 100, 10088
2026/05/24 11:24:15.169, 0, 8, 10490
2026/05/24 11:24:15.171, 1, 0, 10088
2026/05/24 11:24:15.173, 2, 0, 10088
2026/05/24 11:24:15.174, 3, 0, 10088
2026/05/24 11:24:30.426, 0, 19, 10490
2026/05/24 11:24:30.428, 1, 0, 10088
2026/05/24 11:24:30.429, 2, 0, 10088
2026/05/24 11:24:30.430, 3, 0, 10088
2026/05/24 11:24:45.522, 0, 100, 10490
2026/05/24 11:24:45.526, 1, 100, 10088
2026/05/24 11:24:45.529, 2, 100, 10088
2026/05/24 11:24:45.532, 3, 99, 10088
2026/05/24 11:25:00.633, 0, 3, 10490
2026/05/24 11:25:00.637, 1, 0, 10088
2026/05/24 11:25:00.640, 2, 69, 10088
2026/05/24 11:25:00.643, 3, 0, 10088
2026/05/24 11:25:15.741, 0, 8, 10490
2026/05/24 11:25:15.743, 1, 0, 10088
2026/05/24 11:25:15.745, 2, 0, 10088
2026/05/24 11:25:15.746, 3, 0, 10088
2026/05/24 11:25:30.847, 0, 7, 10490
2026/05/24 11:25:30.849, 1, 0, 10088
2026/05/24 11:25:30.852, 2, 0, 10088
2026/05/24 11:25:30.855, 3, 0, 10088
2026/05/24 11:25:45.994, 0, 8, 10490
2026/05/24 11:25:45.998, 1, 0, 10088
2026/05/24 11:25:46.001, 2, 0, 10088
2026/05/24 11:25:46.005, 3, 100, 10088
2026/05/24 11:26:01.102, 0, 12, 10490
2026/05/24 11:26:01.104, 1, 0, 10088
2026/05/24 11:26:01.105, 2, 0, 10088
2026/05/24 11:26:01.107, 3, 0, 10088
2026/05/24 11:26:16.189, 0, 7, 10490
2026/05/24 11:26:16.191, 1, 7, 10088
2026/05/24 11:26:16.193, 2, 100, 10088
2026/05/24 11:26:16.194, 3, 100, 10088
2026/05/24 11:26:31.345, 0, 66, 10490
2026/05/24 11:26:31.349, 1, 100, 10088
2026/05/24 11:26:31.352, 2, 79, 10088
2026/05/24 11:26:31.354, 3, 100, 10088
2026/05/24 11:26:46.501, 0, 0, 10490
2026/05/24 11:26:46.503, 1, 19, 10088
2026/05/24 11:26:46.506, 2, 0, 10088
2026/05/24 11:26:46.647, 3, 100, 10088
2026/05/24 11:27:01.776, 0, 100, 10490
2026/05/24 11:27:01.779, 1, 100, 10088
2026/05/24 11:27:01.782, 2, 100, 10088
2026/05/24 11:27:01.784, 3, 100, 10088
2026/05/24 11:27:16.921, 0, 13, 10490
2026/05/24 11:27:16.923, 1, 0, 10088
2026/05/24 11:27:16.925, 2, 0, 10088
2026/05/24 11:27:16.926, 3, 0, 10088
2026/05/24 11:27:32.050, 0, 37, 10490
2026/05/24 11:27:32.053, 1, 31, 10088
2026/05/24 11:27:32.054, 2, 100, 10088
2026/05/24 11:27:32.055, 3, 100, 10088
2026/05/24 11:27:47.353, 0, 100, 10490
2026/05/24 11:27:47.355, 1, 100, 10088
2026/05/24 11:27:47.356, 2, 100, 10088
2026/05/24 11:27:47.357, 3, 100, 10088
2026/05/24 11:28:02.529, 0, 9, 10490
2026/05/24 11:28:02.531, 1, 0, 10088
2026/05/24 11:28:02.532, 2, 0, 10088
2026/05/24 11:28:02.533, 3, 0, 10088
2026/05/24 11:28:17.618, 0, 8, 10490
2026/05/24 11:28:17.620, 1, 0, 10088
2026/05/24 11:28:17.622, 2, 0, 10088
2026/05/24 11:28:17.623, 3, 0, 10088
2026/05/24 11:28:32.709, 0, 9, 10490
2026/05/24 11:28:32.711, 1, 0, 10088
2026/05/24 11:28:32.713, 2, 0, 10088
2026/05/24 11:28:32.714, 3, 0, 10088
2026/05/24 11:28:47.809, 0, 14, 10490
2026/05/24 11:28:47.812, 1, 0, 10088
2026/05/24 11:28:47.813, 2, 0, 10088
2026/05/24 11:28:47.815, 3, 0, 10088
2026/05/24 11:29:03.651, 0, 100, 10490
2026/05/24 11:29:03.653, 1, 100, 10088
2026/05/24 11:29:03.654, 2, 100, 10088
2026/05/24 11:29:03.655, 3, 100, 10088
2026/05/24 11:29:18.737, 0, 9, 10490
2026/05/24 11:29:18.739, 1, 0, 10088
2026/05/24 11:29:18.741, 2, 0, 10088
2026/05/24 11:29:18.742, 3, 0, 10088
2026/05/24 11:29:33.835, 0, 91, 10490
2026/05/24 11:29:33.839, 1, 100, 10088
2026/05/24 11:29:33.841, 2, 100, 10088
2026/05/24 11:29:33.844, 3, 100, 10088
2026/05/24 11:29:49.005, 0, 100, 10490
2026/05/24 11:29:49.008, 1, 100, 10088
2026/05/24 11:29:49.011, 2, 100, 10088
2026/05/24 11:29:49.014, 3, 100, 10088
2026/05/24 11:30:04.339, 0, 5, 10490
2026/05/24 11:30:04.341, 1, 0, 10088
2026/05/24 11:30:04.343, 2, 0, 10088
2026/05/24 11:30:04.344, 3, 0, 10088
2026/05/24 11:30:19.446, 0, 14, 10490
2026/05/24 11:30:19.449, 1, 0, 10088
2026/05/24 11:30:19.450, 2, 0, 10088
2026/05/24 11:30:19.451, 3, 0, 10088
2026/05/24 11:30:34.562, 0, 7, 10490
2026/05/24 11:30:34.566, 1, 0, 10088
2026/05/24 11:30:34.570, 2, 60, 10088
2026/05/24 11:30:34.573, 3, 0, 10088
2026/05/24 11:30:49.677, 0, 7, 10490
2026/05/24 11:30:49.679, 1, 0, 10088
2026/05/24 11:30:49.680, 2, 0, 10088
2026/05/24 11:30:49.682, 3, 0, 10088
2026/05/24 11:31:05.119, 0, 0, 10490
2026/05/24 11:31:05.121, 1, 0, 10088
2026/05/24 11:31:05.122, 2, 0, 10088
2026/05/24 11:31:05.123, 3, 0, 10088
2026/05/24 11:31:20.205, 0, 9, 10490
2026/05/24 11:31:20.207, 1, 0, 10088
2026/05/24 11:31:20.208, 2, 0, 10088
2026/05/24 11:31:20.210, 3, 0, 10088
2026/05/24 11:31:35.373, 0, 100, 10490
2026/05/24 11:31:35.377, 1, 100, 10088
2026/05/24 11:31:35.380, 2, 98, 10088
2026/05/24 11:31:35.383, 3, 100, 10088
2026/05/24 11:31:50.502, 0, 13, 10490
2026/05/24 11:31:50.504, 1, 0, 10088
2026/05/24 11:31:50.506, 2, 0, 10088
2026/05/24 11:31:50.507, 3, 0, 10088
2026/05/24 11:32:05.617, 0, 0, 10490
2026/05/24 11:32:05.620, 1, 69, 10088
2026/05/24 11:32:05.623, 2, 100, 10088
2026/05/24 11:32:05.626, 3, 98, 10088
2026/05/24 11:32:21.185, 0, 100, 10490
2026/05/24 11:32:21.188, 1, 100, 10088
2026/05/24 11:32:21.191, 2, 100, 10088
2026/05/24 11:32:21.193, 3, 100, 10088
2026/05/24 11:32:36.444, 0, 100, 10490
2026/05/24 11:32:36.450, 1, 100, 10088
2026/05/24 11:32:36.453, 2, 100, 10088
2026/05/24 11:32:36.457, 3, 0, 10088
2026/05/24 11:32:51.592, 0, 74, 10490
2026/05/24 11:32:51.596, 1, 100, 10088
2026/05/24 11:32:51.599, 2, 100, 10088
2026/05/24 11:32:51.602, 3, 100, 10088
2026/05/24 11:33:06.698, 0, 9, 10490
2026/05/24 11:33:06.700, 1, 0, 10088
2026/05/24 11:33:06.701, 2, 0, 10088
2026/05/24 11:33:06.702, 3, 0, 10088
2026/05/24 11:33:21.841, 0, 4, 10490
2026/05/24 11:33:21.843, 1, 0, 10088
2026/05/24 11:33:21.845, 2, 0, 10088
2026/05/24 11:33:21.846, 3, 0, 10088
2026/05/24 11:33:37.029, 0, 9, 10490
2026/05/24 11:33:37.031, 1, 0, 10088
2026/05/24 11:33:37.033, 2, 0, 10088
2026/05/24 11:33:37.034, 3, 0, 10088
2026/05/24 11:33:52.118, 0, 8, 10490
2026/05/24 11:33:52.120, 1, 0, 10088
2026/05/24 11:33:52.122, 2, 0, 10088
2026/05/24 11:33:52.123, 3, 0, 10088
2026/05/24 11:34:07.252, 0, 100, 10490
2026/05/24 11:34:07.256, 1, 100, 10088
2026/05/24 11:34:07.259, 2, 100, 10088
2026/05/24 11:34:07.262, 3, 79, 10088
2026/05/24 11:34:22.507, 0, 100, 10490
2026/05/24 11:34:22.510, 1, 100, 10088
2026/05/24 11:34:22.513, 2, 100, 10088
2026/05/24 11:34:22.515, 3, 100, 10088
2026/05/24 11:34:37.785, 0, 100, 10490
2026/05/24 11:34:37.787, 1, 100, 10088
2026/05/24 11:34:37.789, 2, 100, 10088
2026/05/24 11:34:37.790, 3, 100, 10088
2026/05/24 11:34:52.890, 0, 100, 10490
2026/05/24 11:34:52.892, 1, 100, 10088
2026/05/24 11:34:52.893, 2, 100, 10088
2026/05/24 11:34:52.894, 3, 100, 10088
2026/05/24 11:35:07.978, 0, 9, 10490
2026/05/24 11:35:07.980, 1, 0, 10088
2026/05/24 11:35:07.981, 2, 0, 10088
2026/05/24 11:35:07.982, 3, 0, 10088
2026/05/24 11:35:23.458, 0, 0, 10490
2026/05/24 11:35:23.460, 1, 0, 10088
2026/05/24 11:35:23.461, 2, 0, 10088
2026/05/24 11:35:23.462, 3, 0, 10088
2026/05/24 11:35:38.617, 0, 8, 10490
2026/05/24 11:35:38.619, 1, 0, 10088
2026/05/24 11:35:38.621, 2, 0, 10088
2026/05/24 11:35:38.622, 3, 0, 10088
2026/05/24 11:35:53.731, 0, 100, 10490
2026/05/24 11:35:53.735, 1, 100, 10088
2026/05/24 11:35:53.738, 2, 56, 10088
2026/05/24 11:35:53.741, 3, 100, 10088
2026/05/24 11:36:08.876, 0, 100, 10490
2026/05/24 11:36:08.880, 1, 100, 10088
2026/05/24 11:36:08.884, 2, 100, 10088
2026/05/24 11:36:08.888, 3, 100, 10088
2026/05/24 11:36:23.982, 0, 7, 10490
2026/05/24 11:36:23.984, 1, 0, 10088
2026/05/24 11:36:23.985, 2, 0, 10088
2026/05/24 11:36:23.987, 3, 0, 10088
2026/05/24 11:36:39.106, 0, 14, 10490
2026/05/24 11:36:39.108, 1, 0, 10088
2026/05/24 11:36:39.110, 2, 0, 10088
2026/05/24 11:36:39.111, 3, 0, 10088
2026/05/24 11:36:54.193, 0, 9, 10490
2026/05/24 11:36:54.195, 1, 0, 10088
2026/05/24 11:36:54.196, 2, 0, 10088
2026/05/24 11:36:54.198, 3, 0, 10088
2026/05/24 11:37:09.314, 0, 100, 10490
2026/05/24 11:37:09.317, 1, 100, 10088
2026/05/24 11:37:09.320, 2, 100, 10088
2026/05/24 11:37:09.323, 3, 100, 10088
2026/05/24 11:37:24.526, 0, 75, 10490
2026/05/24 11:37:24.528, 1, 100, 10088
2026/05/24 11:37:24.529, 2, 0, 10088
2026/05/24 11:37:24.531, 3, 100, 10088
2026/05/24 11:37:39.656, 0, 100, 10490
2026/05/24 11:37:39.658, 1, 100, 10088
2026/05/24 11:37:39.659, 2, 100, 10088
2026/05/24 11:37:39.661, 3, 100, 10088
2026/05/24 11:37:54.812, 0, 30, 10490
2026/05/24 11:37:54.815, 1, 69, 10088
2026/05/24 11:37:54.818, 2, 100, 10088
2026/05/24 11:37:54.822, 3, 100, 10088
2026/05/24 11:38:09.942, 0, 13, 10490
2026/05/24 11:38:09.944, 1, 0, 10088
2026/05/24 11:38:09.946, 2, 0, 10088
2026/05/24 11:38:09.947, 3, 0, 10088
2026/05/24 11:38:25.033, 0, 4, 10490
2026/05/24 11:38:25.035, 1, 0, 10088
2026/05/24 11:38:25.036, 2, 0, 10088
2026/05/24 11:38:25.038, 3, 0, 10088
2026/05/24 11:38:40.413, 0, 0, 10490
2026/05/24 11:38:40.416, 1, 0, 10088
2026/05/24 11:38:40.417, 2, 0, 10088
2026/05/24 11:38:40.418, 3, 0, 10088
2026/05/24 11:38:55.502, 0, 8, 10490
2026/05/24 11:38:55.504, 1, 0, 10088
2026/05/24 11:38:55.505, 2, 0, 10088
2026/05/24 11:38:55.506, 3, 0, 10088
2026/05/24 11:39:10.589, 0, 6, 10490
2026/05/24 11:39:10.591, 1, 0, 10088
2026/05/24 11:39:10.593, 2, 0, 10088
2026/05/24 11:39:10.594, 3, 0, 10088
2026/05/24 11:39:25.677, 0, 1, 10490
2026/05/24 11:39:25.679, 1, 100, 10088
2026/05/24 11:39:25.681, 2, 0, 10088
2026/05/24 11:39:25.682, 3, 100, 10088
2026/05/24 11:39:40.900, 0, 9, 10490
2026/05/24 11:39:40.902, 1, 100, 10088
2026/05/24 11:39:40.903, 2, 0, 10088
2026/05/24 11:39:40.905, 3, 100, 10088
2026/05/24 11:39:56.182, 0, 9, 10490
2026/05/24 11:39:56.184, 1, 0, 10088
2026/05/24 11:39:56.185, 2, 0, 10088
2026/05/24 11:39:56.187, 3, 0, 10088
2026/05/24 11:40:11.269, 0, 9, 10490
2026/05/24 11:40:11.271, 1, 0, 10088
2026/05/24 11:40:11.272, 2, 0, 10088
2026/05/24 11:40:11.274, 3, 0, 10088
2026/05/24 11:40:26.357, 0, 8, 10490
2026/05/24 11:40:26.361, 1, 0, 10088
2026/05/24 11:40:26.363, 2, 0, 10088
2026/05/24 11:40:26.366, 3, 0, 10088
2026/05/24 11:40:41.757, 0, 5, 10490
2026/05/24 11:40:41.761, 1, 11, 10088
2026/05/24 11:40:41.764, 2, 43, 10088
2026/05/24 11:40:41.767, 3, 0, 10088
2026/05/24 11:40:57.025, 0, 100, 10490
2026/05/24 11:40:57.031, 1, 85, 10088
2026/05/24 11:40:57.034, 2, 100, 10088
2026/05/24 11:40:57.035, 3, 0, 10088
2026/05/24 11:41:12.146, 0, 13, 10490
2026/05/24 11:41:12.149, 1, 0, 10088
2026/05/24 11:41:12.150, 2, 0, 10088
2026/05/24 11:41:12.151, 3, 0, 10088
2026/05/24 11:41:27.254, 0, 4, 10490
2026/05/24 11:41:27.256, 1, 0, 10088
2026/05/24 11:41:27.257, 2, 0, 10088
2026/05/24 11:41:27.258, 3, 0, 10088
2026/05/24 11:41:42.401, 0, 6, 10490
2026/05/24 11:41:42.403, 1, 0, 10088
2026/05/24 11:41:42.404, 2, 100, 10088
2026/05/24 11:41:42.406, 3, 0, 10088
2026/05/24 11:41:57.506, 0, 8, 10490
2026/05/24 11:41:57.508, 1, 0, 10088
2026/05/24 11:41:57.509, 2, 0, 10088
2026/05/24 11:41:57.510, 3, 0, 10088
2026/05/24 11:42:12.612, 0, 100, 10490
2026/05/24 11:42:12.615, 1, 100, 10088
2026/05/24 11:42:12.616, 2, 100, 10088
2026/05/24 11:42:12.617, 3, 100, 10088
2026/05/24 11:42:27.718, 0, 100, 10490
2026/05/24 11:42:27.722, 1, 100, 10088
2026/05/24 11:42:27.724, 2, 100, 10088
2026/05/24 11:42:27.727, 3, 0, 10088
2026/05/24 11:42:43.246, 0, 12, 10490
2026/05/24 11:42:43.248, 1, 0, 10088
2026/05/24 11:42:43.250, 2, 0, 10088
2026/05/24 11:42:43.251, 3, 0, 10088
2026/05/24 11:42:58.340, 0, 100, 10490
2026/05/24 11:42:58.344, 1, 100, 10088
2026/05/24 11:42:58.346, 2, 100, 10088
2026/05/24 11:42:58.348, 3, 100, 10088
2026/05/24 11:43:13.468, 0, 68, 10490
2026/05/24 11:43:13.472, 1, 100, 10088
2026/05/24 11:43:13.475, 2, 100, 10088
2026/05/24 11:43:13.478, 3, 100, 10088
2026/05/24 11:43:28.595, 0, 100, 10490
2026/05/24 11:43:28.599, 1, 100, 10088
2026/05/24 11:43:28.602, 2, 100, 10088
2026/05/24 11:43:28.606, 3, 100, 10088
2026/05/24 11:43:43.821, 0, 0, 10490
2026/05/24 11:43:43.823, 1, 0, 10088
2026/05/24 11:43:43.824, 2, 0, 10088
2026/05/24 11:43:43.825, 3, 0, 10088
2026/05/24 11:43:58.978, 0, 87, 10490
2026/05/24 11:43:58.983, 1, 100, 10088
2026/05/24 11:43:58.985, 2, 11, 10088
2026/05/24 11:43:58.988, 3, 100, 10088
2026/05/24 11:44:14.082, 0, 14, 10490
2026/05/24 11:44:14.084, 1, 0, 10088
2026/05/24 11:44:14.086, 2, 0, 10088
2026/05/24 11:44:14.087, 3, 0, 10088
2026/05/24 11:44:29.275, 0, 100, 10490
2026/05/24 11:44:29.278, 1, 100, 10088
2026/05/24 11:44:29.281, 2, 100, 10088
2026/05/24 11:44:29.284, 3, 100, 10088
2026/05/24 11:44:44.451, 0, 100, 10490
2026/05/24 11:44:44.455, 1, 100, 10088
2026/05/24 11:44:44.457, 2, 0, 10088
2026/05/24 11:44:44.461, 3, 0, 10088
2026/05/24 11:44:59.608, 0, 3, 10490
2026/05/24 11:44:59.613, 1, 0, 10088
2026/05/24 11:44:59.616, 2, 52, 10088
2026/05/24 11:44:59.619, 3, 0, 10088
2026/05/24 11:45:14.709, 0, 0, 10490
2026/05/24 11:45:14.711, 1, 0, 10088
2026/05/24 11:45:14.713, 2, 0, 10088
2026/05/24 11:45:14.714, 3, 0, 10088
2026/05/24 11:45:30.074, 0, 100, 10490
2026/05/24 11:45:30.075, 1, 100, 10088
2026/05/24 11:45:30.076, 2, 100, 10088
2026/05/24 11:45:30.077, 3, 100, 10088
2026/05/24 11:45:45.179, 0, 12, 10490
2026/05/24 11:45:45.181, 1, 0, 10088
2026/05/24 11:45:45.182, 2, 0, 10088
2026/05/24 11:45:45.184, 3, 0, 10088
2026/05/24 11:46:00.319, 0, 100, 10490
2026/05/24 11:46:00.323, 1, 100, 10088
2026/05/24 11:46:00.326, 2, 100, 10088
2026/05/24 11:46:00.329, 3, 100, 10088
2026/05/24 11:46:15.465, 0, 74, 10490
2026/05/24 11:46:15.469, 1, 100, 10088
2026/05/24 11:46:15.472, 2, 100, 10088
2026/05/24 11:46:15.476, 3, 100, 10088
2026/05/24 11:46:30.698, 0, 100, 10490
2026/05/24 11:46:30.702, 1, 100, 10088
2026/05/24 11:46:30.705, 2, 100, 10088
2026/05/24 11:46:30.708, 3, 0, 10088
2026/05/24 11:46:46.073, 0, 100, 10490
2026/05/24 11:46:46.076, 1, 100, 10088
2026/05/24 11:46:46.079, 2, 100, 10088
2026/05/24 11:46:46.081, 3, 100, 10088
2026/05/24 11:47:01.576, 0, 96, 10490
2026/05/24 11:47:01.580, 1, 100, 10088
2026/05/24 11:47:01.582, 2, 22, 10088
2026/05/24 11:47:01.585, 3, 66, 10088
2026/05/24 11:47:16.694, 0, 13, 10490
2026/05/24 11:47:16.696, 1, 0, 10088
2026/05/24 11:47:16.697, 2, 0, 10088
2026/05/24 11:47:16.699, 3, 0, 10088
2026/05/24 11:47:31.781, 0, 9, 10490
2026/05/24 11:47:31.783, 1, 0, 10088
2026/05/24 11:47:31.785, 2, 0, 10088
2026/05/24 11:47:31.786, 3, 0, 10088
2026/05/24 11:47:46.886, 0, 8, 10490
2026/05/24 11:47:46.888, 1, 0, 10088
2026/05/24 11:47:46.889, 2, 0, 10088
2026/05/24 11:47:46.890, 3, 0, 10088
2026/05/24 11:48:02.177, 0, 100, 10490
2026/05/24 11:48:02.179, 1, 100, 10088
2026/05/24 11:48:02.181, 2, 100, 10088
2026/05/24 11:48:02.182, 3, 0, 10088
2026/05/24 11:48:17.358, 0, 87, 10490
2026/05/24 11:48:17.362, 1, 57, 10088
2026/05/24 11:48:17.365, 2, 100, 10088
2026/05/24 11:48:17.369, 3, 100, 10088
2026/05/24 11:48:32.572, 0, 100, 10490
2026/05/24 11:48:32.576, 1, 88, 10088
2026/05/24 11:48:32.579, 2, 100, 10088
2026/05/24 11:48:32.582, 3, 100, 10088
2026/05/24 11:48:47.701, 0, 13, 10490
2026/05/24 11:48:47.704, 1, 0, 10088
2026/05/24 11:48:47.705, 2, 0, 10088
2026/05/24 11:48:47.706, 3, 0, 10088
2026/05/24 11:49:03.023, 0, 73, 10490
2026/05/24 11:49:03.026, 1, 70, 10088
2026/05/24 11:49:03.029, 2, 100, 10088
2026/05/24 11:49:03.031, 3, 100, 10088
2026/05/24 11:49:18.187, 0, 100, 10490
2026/05/24 11:49:18.192, 1, 100, 10088
2026/05/24 11:49:18.196, 2, 100, 10088
2026/05/24 11:49:18.199, 3, 100, 10088
2026/05/24 11:49:33.301, 0, 9, 10490
2026/05/24 11:49:33.305, 1, 0, 10088
2026/05/24 11:49:33.308, 2, 0, 10088
2026/05/24 11:49:33.311, 3, 100, 10088
2026/05/24 11:49:48.405, 0, 100, 10490
2026/05/24 11:49:48.407, 1, 0, 10088
2026/05/24 11:49:48.408, 2, 100, 10088
2026/05/24 11:49:48.409, 3, 0, 10088
2026/05/24 11:50:03.545, 0, 6, 10490
2026/05/24 11:50:03.547, 1, 0, 10088
2026/05/24 11:50:03.548, 2, 0, 10088
2026/05/24 11:50:03.549, 3, 0, 10088
2026/05/24 11:50:18.650, 0, 13, 10490
2026/05/24 11:50:18.652, 1, 0, 10088
2026/05/24 11:50:18.653, 2, 0, 10088
2026/05/24 11:50:18.654, 3, 0, 10088
2026/05/24 11:50:33.746, 0, 100, 10490
2026/05/24 11:50:33.749, 1, 100, 10088
2026/05/24 11:50:33.752, 2, 100, 10088
2026/05/24 11:50:33.755, 3, 93, 10088
2026/05/24 11:50:48.882, 0, 56, 10490
2026/05/24 11:50:48.886, 1, 0, 10088
2026/05/24 11:50:48.889, 2, 100, 10088
2026/05/24 11:50:48.892, 3, 0, 10088
2026/05/24 11:51:04.009, 0, 0, 10490
2026/05/24 11:51:04.011, 1, 0, 10088
2026/05/24 11:51:04.012, 2, 0, 10088
2026/05/24 11:51:04.014, 3, 0, 10088
2026/05/24 11:51:19.132, 0, 100, 10490
2026/05/24 11:51:19.136, 1, 100, 10088
2026/05/24 11:51:19.139, 2, 100, 10088
2026/05/24 11:51:19.142, 3, 100, 10088
2026/05/24 11:51:34.345, 0, 100, 10490
2026/05/24 11:51:34.347, 1, 0, 10088
2026/05/24 11:51:34.349, 2, 100, 10088
2026/05/24 11:51:34.350, 3, 0, 10088
2026/05/24 11:51:49.435, 0, 14, 10490
2026/05/24 11:51:49.437, 1, 0, 10088
2026/05/24 11:51:49.439, 2, 0, 10088
2026/05/24 11:51:49.440, 3, 0, 10088
2026/05/24 11:52:04.791, 0, 34, 10490
2026/05/24 11:52:04.793, 1, 89, 10088
2026/05/24 11:52:04.794, 2, 0, 10088
2026/05/24 11:52:04.795, 3, 100, 10088
2026/05/24 11:52:19.897, 0, 3, 10490
2026/05/24 11:52:19.899, 1, 59, 10088
2026/05/24 11:52:19.901, 2, 0, 10088
2026/05/24 11:52:19.902, 3, 100, 10088
2026/05/24 11:52:35.055, 0, 100, 10490
2026/05/24 11:52:35.060, 1, 100, 10088
2026/05/24 11:52:35.063, 2, 100, 10088
2026/05/24 11:52:35.066, 3, 74, 10088
2026/05/24 11:52:50.153, 0, 9, 10490
2026/05/24 11:52:50.155, 1, 0, 10088
2026/05/24 11:52:50.157, 2, 0, 10088
2026/05/24 11:52:50.158, 3, 0, 10088
2026/05/24 11:53:05.315, 0, 100, 10490
2026/05/24 11:53:05.317, 1, 100, 10088
2026/05/24 11:53:05.320, 2, 100, 10088
2026/05/24 11:53:05.322, 3, 60, 10088
2026/05/24 11:53:20.430, 0, 11, 10490
2026/05/24 11:53:20.432, 1, 0, 10088
2026/05/24 11:53:20.434, 2, 0, 10088
2026/05/24 11:53:20.435, 3, 0, 10088
2026/05/24 11:53:35.872, 0, 90, 10490
2026/05/24 11:53:35.875, 1, 100, 10088
2026/05/24 11:53:35.879, 2, 100, 10088
2026/05/24 11:53:35.882, 3, 63, 10088
2026/05/24 11:53:51.412, 0, 100, 10490
2026/05/24 11:53:51.416, 1, 0, 10088
2026/05/24 11:53:51.418, 2, 100, 10088
2026/05/24 11:53:51.421, 3, 28, 10088
2026/05/24 11:54:06.766, 0, 100, 10490
2026/05/24 11:54:06.767, 1, 100, 10088
2026/05/24 11:54:06.768, 2, 100, 10088
2026/05/24 11:54:06.769, 3, 100, 10088
2026/05/24 11:54:21.850, 0, 100, 10490
2026/05/24 11:54:21.852, 1, 100, 10088
2026/05/24 11:54:21.854, 2, 100, 10088
2026/05/24 11:54:21.855, 3, 100, 10088
2026/05/24 11:54:36.941, 0, 100, 10490
2026/05/24 11:54:36.944, 1, 100, 10088
2026/05/24 11:54:36.945, 2, 100, 10088
2026/05/24 11:54:36.946, 3, 100, 10088
2026/05/24 11:54:52.029, 0, 4, 10490
2026/05/24 11:54:52.031, 1, 0, 10088
2026/05/24 11:54:52.033, 2, 0, 10088
2026/05/24 11:54:52.034, 3, 0, 10088
2026/05/24 11:55:07.138, 0, 2, 10490
2026/05/24 11:55:07.140, 1, 0, 10088
2026/05/24 11:55:07.141, 2, 0, 10088
2026/05/24 11:55:07.142, 3, 0, 10088
2026/05/24 11:55:22.299, 0, 100, 10490
2026/05/24 11:55:22.302, 1, 100, 10088
2026/05/24 11:55:22.306, 2, 100, 10088
2026/05/24 11:55:22.309, 3, 100, 10088
2026/05/24 11:55:37.436, 0, 9, 10490
2026/05/24 11:55:37.440, 1, 100, 10088
2026/05/24 11:55:37.443, 2, 0, 10088
2026/05/24 11:55:37.446, 3, 100, 10088
2026/05/24 11:55:52.610, 0, 100, 10490
2026/05/24 11:55:52.612, 1, 100, 10088
2026/05/24 11:55:52.614, 2, 53, 10088
2026/05/24 11:55:52.615, 3, 100, 10088
2026/05/24 11:56:07.737, 0, 6, 10490
2026/05/24 11:56:07.739, 1, 0, 10088
2026/05/24 11:56:07.741, 2, 0, 10088
2026/05/24 11:56:07.742, 3, 0, 10088
2026/05/24 11:56:23.007, 0, 100, 10490
2026/05/24 11:56:23.009, 1, 100, 10088
2026/05/24 11:56:23.010, 2, 100, 10088
2026/05/24 11:56:23.011, 3, 100, 10088
2026/05/24 11:56:38.120, 0, 81, 10490
2026/05/24 11:56:38.123, 1, 80, 10088
2026/05/24 11:56:38.124, 2, 100, 10088
2026/05/24 11:56:38.127, 3, 100, 10088
2026/05/24 11:56:53.222, 0, 100, 10490
2026/05/24 11:56:53.224, 1, 100, 10088
2026/05/24 11:56:53.225, 2, 100, 10088
2026/05/24 11:56:53.226, 3, 0, 10088
2026/05/24 11:57:08.318, 0, 3, 10490
2026/05/24 11:57:08.322, 1, 0, 10088
2026/05/24 11:57:08.326, 2, 0, 10088
2026/05/24 11:57:08.329, 3, 100, 10088
2026/05/24 11:57:23.445, 0, 100, 10490
2026/05/24 11:57:23.447, 1, 0, 10088
2026/05/24 11:57:23.448, 2, 50, 10088
2026/05/24 11:57:23.450, 3, 0, 10088
2026/05/24 11:57:38.615, 0, 8, 10490
2026/05/24 11:57:38.618, 1, 0, 10088
2026/05/24 11:57:38.619, 2, 0, 10088
2026/05/24 11:57:38.620, 3, 0, 10088
2026/05/24 11:57:53.712, 0, 60, 10490
2026/05/24 11:57:53.717, 1, 100, 10088
2026/05/24 11:57:53.720, 2, 70, 10088
2026/05/24 11:57:53.723, 3, 100, 10088
2026/05/24 11:58:08.937, 0, 100, 10490
2026/05/24 11:58:08.940, 1, 0, 10088
2026/05/24 11:58:08.943, 2, 100, 10088
2026/05/24 11:58:08.946, 3, 0, 10088
2026/05/24 11:58:24.106, 0, 2, 10490
2026/05/24 11:58:24.108, 1, 0, 10088
2026/05/24 11:58:24.109, 2, 0, 10088
2026/05/24 11:58:24.110, 3, 0, 10088
2026/05/24 11:58:39.263, 0, 74, 10490
2026/05/24 11:58:39.268, 1, 77, 10088
2026/05/24 11:58:39.271, 2, 100, 10088
2026/05/24 11:58:39.387, 3, 100, 10088
2026/05/24 11:58:54.666, 0, 100, 10490
2026/05/24 11:58:54.670, 1, 100, 10088
2026/05/24 11:58:54.673, 2, 100, 10088
2026/05/24 11:58:54.676, 3, 65, 10088
2026/05/24 11:59:09.790, 0, 8, 10490
2026/05/24 11:59:09.792, 1, 0, 10088
2026/05/24 11:59:09.794, 2, 0, 10088
2026/05/24 11:59:09.795, 3, 0, 10088
2026/05/24 11:59:24.877, 0, 9, 10490
2026/05/24 11:59:24.879, 1, 0, 10088
2026/05/24 11:59:24.881, 2, 0, 10088
2026/05/24 11:59:24.882, 3, 0, 10088
2026/05/24 11:59:40.009, 0, 100, 10490
2026/05/24 11:59:40.013, 1, 100, 10088
2026/05/24 11:59:40.016, 2, 100, 10088
2026/05/24 11:59:40.019, 3, 100, 10088
2026/05/24 11:59:55.176, 0, 100, 10490
2026/05/24 11:59:55.180, 1, 66, 10088
2026/05/24 11:59:55.182, 2, 100, 10088
2026/05/24 11:59:55.185, 3, 100, 10088
2026/05/24 12:00:10.330, 0, 100, 10490
2026/05/24 12:00:10.334, 1, 100, 10088
2026/05/24 12:00:10.338, 2, 100, 10088
2026/05/24 12:00:10.340, 3, 100, 10088
2026/05/24 12:00:25.608, 0, 0, 10490
2026/05/24 12:00:25.610, 1, 0, 10088
2026/05/24 12:00:25.611, 2, 0, 10088
2026/05/24 12:00:25.613, 3, 99, 10088
2026/05/24 12:00:40.698, 0, 13, 10490
2026/05/24 12:00:40.700, 1, 0, 10088
2026/05/24 12:00:40.701, 2, 0, 10088
2026/05/24 12:00:40.703, 3, 0, 10088
2026/05/24 12:00:55.826, 0, 100, 10490
2026/05/24 12:00:55.830, 1, 100, 10088
2026/05/24 12:00:55.832, 2, 100, 10088
2026/05/24 12:00:55.835, 3, 90, 10088
2026/05/24 12:01:10.933, 0, 9, 10490
2026/05/24 12:01:10.935, 1, 0, 10088
2026/05/24 12:01:10.937, 2, 0, 10088
2026/05/24 12:01:10.938, 3, 0, 10088
2026/05/24 12:01:26.057, 0, 0, 10490
2026/05/24 12:01:26.059, 1, 0, 10088
2026/05/24 12:01:26.061, 2, 0, 10088
2026/05/24 12:01:26.062, 3, 0, 10088
2026/05/24 12:01:41.355, 0, 3, 10490
2026/05/24 12:01:41.357, 1, 0, 10088
2026/05/24 12:01:41.358, 2, 0, 10088
2026/05/24 12:01:41.359, 3, 0, 10088
2026/05/24 12:01:56.731, 0, 100, 10490
2026/05/24 12:01:56.734, 1, 100, 10088
2026/05/24 12:01:56.737, 2, 100, 10088
2026/05/24 12:01:56.739, 3, 100, 10088
2026/05/24 12:02:12.034, 0, 13, 10490
2026/05/24 12:02:12.036, 1, 0, 10088
2026/05/24 12:02:12.038, 2, 0, 10088
2026/05/24 12:02:12.039, 3, 0, 10088
2026/05/24 12:02:27.154, 0, 8, 10490
2026/05/24 12:02:27.158, 1, 0, 10088
2026/05/24 12:02:27.160, 2, 0, 10088
2026/05/24 12:02:27.163, 3, 0, 10088
2026/05/24 12:02:42.287, 0, 100, 10490
2026/05/24 12:02:42.289, 1, 100, 10088
2026/05/24 12:02:42.290, 2, 100, 10088
2026/05/24 12:02:42.291, 3, 0, 10088
2026/05/24 12:02:57.397, 0, 9, 10490
2026/05/24 12:02:57.399, 1, 0, 10088
2026/05/24 12:02:57.400, 2, 0, 10088
2026/05/24 12:02:57.402, 3, 0, 10088
2026/05/24 12:03:12.569, 0, 100, 10490
2026/05/24 12:03:12.572, 1, 100, 10088
2026/05/24 12:03:12.575, 2, 0, 10088
2026/05/24 12:03:12.578, 3, 100, 10088
2026/05/24 12:03:27.901, 0, 13, 10490
2026/05/24 12:03:27.903, 1, 0, 10088
2026/05/24 12:03:27.904, 2, 0, 10088
2026/05/24 12:03:27.905, 3, 0, 10088
2026/05/24 12:03:43.297, 0, 100, 10490
2026/05/24 12:03:43.299, 1, 100, 10088
2026/05/24 12:03:43.300, 2, 100, 10088
2026/05/24 12:03:43.300, 3, 100, 10088
2026/05/24 12:03:58.406, 0, 62, 10490
2026/05/24 12:03:58.408, 1, 82, 10088
2026/05/24 12:03:58.410, 2, 100, 10088
2026/05/24 12:03:58.411, 3, 100, 10088
2026/05/24 12:04:13.497, 0, 100, 10490
2026/05/24 12:04:13.499, 1, 0, 10088
2026/05/24 12:04:13.500, 2, 100, 10088
2026/05/24 12:04:13.502, 3, 0, 10088
2026/05/24 12:04:28.609, 0, 100, 10490
2026/05/24 12:04:28.612, 1, 100, 10088
2026/05/24 12:04:28.615, 2, 100, 10088
2026/05/24 12:04:28.618, 3, 100, 10088
2026/05/24 12:04:43.729, 0, 5, 10490
2026/05/24 12:04:43.731, 1, 0, 10088
2026/05/24 12:04:43.732, 2, 0, 10088
2026/05/24 12:04:43.734, 3, 0, 10088
2026/05/24 12:04:58.818, 0, 18, 10490
2026/05/24 12:04:58.820, 1, 0, 10088
2026/05/24 12:04:58.821, 2, 0, 10088
2026/05/24 12:04:58.822, 3, 0, 10088
2026/05/24 12:05:14.033, 0, 2, 10490
2026/05/24 12:05:14.035, 1, 0, 10088
2026/05/24 12:05:14.130, 2, 0, 10088
2026/05/24 12:05:14.131, 3, 0, 10088
2026/05/24 12:05:29.469, 0, 100, 10490
2026/05/24 12:05:29.473, 1, 100, 10088
2026/05/24 12:05:29.476, 2, 28, 10088
2026/05/24 12:05:29.479, 3, 100, 10088
2026/05/24 12:05:44.574, 0, 8, 10490
2026/05/24 12:05:44.576, 1, 0, 10088
2026/05/24 12:05:44.577, 2, 0, 10088
2026/05/24 12:05:44.578, 3, 0, 10088
2026/05/24 12:05:59.713, 0, 100, 10490
2026/05/24 12:05:59.717, 1, 93, 10088
2026/05/24 12:05:59.720, 2, 100, 10088
2026/05/24 12:05:59.723, 3, 100, 10088
2026/05/24 12:06:14.822, 0, 100, 10490
2026/05/24 12:06:14.824, 1, 100, 10088
2026/05/24 12:06:14.825, 2, 100, 10088
2026/05/24 12:06:14.826, 3, 100, 10088
2026/05/24 12:06:30.162, 0, 14, 10490
2026/05/24 12:06:30.164, 1, 0, 10088
2026/05/24 12:06:30.165, 2, 0, 10088
2026/05/24 12:06:30.166, 3, 0, 10088
2026/05/24 12:06:45.259, 0, 70, 10490
2026/05/24 12:06:45.264, 1, 100, 10088
2026/05/24 12:06:45.267, 2, 86, 10088
2026/05/24 12:06:45.270, 3, 100, 10088
2026/05/24 12:07:00.379, 0, 100, 10490
2026/05/24 12:07:00.383, 1, 100, 10088
2026/05/24 12:07:00.386, 2, 100, 10088
2026/05/24 12:07:00.389, 3, 100, 10088
2026/05/24 12:07:15.485, 0, 0, 10490
2026/05/24 12:07:15.487, 1, 0, 10088
2026/05/24 12:07:15.489, 2, 0, 10088
2026/05/24 12:07:15.490, 3, 0, 10088
2026/05/24 12:07:30.649, 0, 8, 10490
2026/05/24 12:07:30.651, 1, 0, 10088
2026/05/24 12:07:30.653, 2, 100, 10088
2026/05/24 12:07:30.654, 3, 0, 10088
2026/05/24 12:07:45.826, 0, 13, 10490
2026/05/24 12:07:45.829, 1, 0, 10088
2026/05/24 12:07:45.830, 2, 0, 10088
2026/05/24 12:07:45.831, 3, 0, 10088
2026/05/24 12:08:00.981, 0, 100, 10490
2026/05/24 12:08:00.985, 1, 100, 10088
2026/05/24 12:08:00.989, 2, 100, 10088
2026/05/24 12:08:00.992, 3, 100, 10088
2026/05/24 12:08:16.160, 0, 44, 10490
2026/05/24 12:08:16.164, 1, 0, 10088
2026/05/24 12:08:16.168, 2, 100, 10088
2026/05/24 12:08:16.172, 3, 0, 10088
2026/05/24 12:08:31.694, 0, 65, 10490
2026/05/24 12:08:31.698, 1, 100, 10088
2026/05/24 12:08:31.700, 2, 36, 10088
2026/05/24 12:08:31.703, 3, 0, 10088
2026/05/24 12:08:46.962, 0, 100, 10490
2026/05/24 12:08:46.964, 1, 100, 10088
2026/05/24 12:08:46.965, 2, 50, 10088
2026/05/24 12:08:46.966, 3, 100, 10088
2026/05/24 12:09:02.050, 0, 100, 10490
2026/05/24 12:09:02.052, 1, 100, 10088
2026/05/24 12:09:02.053, 2, 100, 10088
2026/05/24 12:09:02.054, 3, 100, 10088
2026/05/24 12:09:17.201, 0, 13, 10490
2026/05/24 12:09:17.204, 1, 0, 10088
2026/05/24 12:09:17.205, 2, 0, 10088
2026/05/24 12:09:17.206, 3, 0, 10088
2026/05/24 12:09:32.464, 0, 41, 10490
2026/05/24 12:09:32.466, 1, 13, 10088
2026/05/24 12:09:32.468, 2, 100, 10088
2026/05/24 12:09:32.469, 3, 100, 10088
2026/05/24 12:09:47.625, 0, 4, 10490
2026/05/24 12:09:47.627, 1, 0, 10088
2026/05/24 12:09:47.629, 2, 0, 10088
2026/05/24 12:09:47.630, 3, 0, 10088
2026/05/24 12:10:02.714, 0, 8, 10490
2026/05/24 12:10:02.716, 1, 0, 10088
2026/05/24 12:10:02.717, 2, 0, 10088
2026/05/24 12:10:02.718, 3, 0, 10088
2026/05/24 12:10:17.988, 0, 100, 10490
2026/05/24 12:10:17.992, 1, 100, 10088
2026/05/24 12:10:17.995, 2, 100, 10088
2026/05/24 12:10:17.998, 3, 100, 10088
2026/05/24 12:10:33.093, 0, 3, 10490
2026/05/24 12:10:33.095, 1, 0, 10088
2026/05/24 12:10:33.097, 2, 0, 10088
2026/05/24 12:10:33.098, 3, 0, 10088
2026/05/24 12:10:48.275, 0, 13, 10490
2026/05/24 12:10:48.277, 1, 0, 10088
2026/05/24 12:10:48.278, 2, 0, 10088
2026/05/24 12:10:48.279, 3, 0, 10088
2026/05/24 12:11:03.420, 0, 100, 10490
2026/05/24 12:11:03.424, 1, 100, 10088
2026/05/24 12:11:03.427, 2, 100, 10088
2026/05/24 12:11:03.429, 3, 100, 10088
2026/05/24 12:11:18.638, 0, 100, 10490
2026/05/24 12:11:18.641, 1, 0, 10088
2026/05/24 12:11:18.644, 2, 0, 10088
2026/05/24 12:11:18.647, 3, 0, 10088
2026/05/24 12:11:33.798, 0, 9, 10490
2026/05/24 12:11:33.800, 1, 0, 10088
2026/05/24 12:11:33.801, 2, 0, 10088
2026/05/24 12:11:33.802, 3, 0, 10088
2026/05/24 12:11:48.951, 0, 100, 10490
2026/05/24 12:11:48.954, 1, 100, 10088
2026/05/24 12:11:48.956, 2, 100, 10088
2026/05/24 12:11:48.959, 3, 100, 10088
2026/05/24 12:12:04.057, 0, 100, 10490
2026/05/24 12:12:04.061, 1, 52, 10088
2026/05/24 12:12:04.064, 2, 100, 10088
2026/05/24 12:12:04.068, 3, 100, 10088
2026/05/24 12:12:19.182, 0, 16, 10490
2026/05/24 12:12:19.184, 1, 0, 10088
2026/05/24 12:12:19.185, 2, 0, 10088
2026/05/24 12:12:19.187, 3, 0, 10088
2026/05/24 12:12:34.286, 0, 100, 10490
2026/05/24 12:12:34.288, 1, 48, 10088
2026/05/24 12:12:34.289, 2, 100, 10088
2026/05/24 12:12:34.290, 3, 93, 10088
2026/05/24 12:12:49.381, 0, 4, 10490
2026/05/24 12:12:49.385, 1, 0, 10088
2026/05/24 12:12:49.389, 2, 39, 10088
2026/05/24 12:12:49.391, 3, 100, 10088
2026/05/24 12:13:04.485, 0, 9, 10490
2026/05/24 12:13:04.487, 1, 0, 10088
2026/05/24 12:13:04.488, 2, 0, 10088
2026/05/24 12:13:04.489, 3, 0, 10088
2026/05/24 12:13:19.573, 0, 8, 10490
2026/05/24 12:13:19.575, 1, 0, 10088
2026/05/24 12:13:19.577, 2, 0, 10088
2026/05/24 12:13:19.578, 3, 0, 10088
2026/05/24 12:13:34.678, 0, 16, 10490
2026/05/24 12:13:34.680, 1, 0, 10088
2026/05/24 12:13:34.681, 2, 0, 10088
2026/05/24 12:13:34.682, 3, 0, 10088
2026/05/24 12:13:50.070, 0, 29, 10490
2026/05/24 12:13:50.073, 1, 88, 10088
2026/05/24 12:13:50.076, 2, 33, 10088
2026/05/24 12:13:50.080, 3, 100, 10088
2026/05/24 12:14:05.169, 0, 100, 10490
2026/05/24 12:14:05.171, 1, 100, 10088
2026/05/24 12:14:05.173, 2, 69, 10088
2026/05/24 12:14:05.174, 3, 100, 10088
2026/05/24 12:14:20.302, 0, 3, 10490
2026/05/24 12:14:20.305, 1, 0, 10088
2026/05/24 12:14:20.306, 2, 97, 10088
2026/05/24 12:14:20.309, 3, 0, 10088
2026/05/24 12:14:35.401, 0, 3, 10490
2026/05/24 12:14:35.403, 1, 0, 10088
2026/05/24 12:14:35.405, 2, 0, 10088
2026/05/24 12:14:35.406, 3, 0, 10088
2026/05/24 12:14:50.541, 0, 9, 10490
2026/05/24 12:14:50.543, 1, 0, 10088
2026/05/24 12:14:50.545, 2, 0, 10088
2026/05/24 12:14:50.546, 3, 0, 10088
2026/05/24 12:15:05.618, 0, 18, 10490
2026/05/24 12:15:05.620, 1, 0, 10088
2026/05/24 12:15:05.621, 2, 0, 10088
2026/05/24 12:15:05.622, 3, 0, 10088
2026/05/24 12:15:20.701, 0, 9, 10490
2026/05/24 12:15:20.703, 1, 0, 10088
2026/05/24 12:15:20.704, 2, 0, 10088
2026/05/24 12:15:20.706, 3, 0, 10088
2026/05/24 12:15:35.863, 0, 98, 10490
2026/05/24 12:15:35.866, 1, 0, 10088
2026/05/24 12:15:35.868, 2, 62, 10088
2026/05/24 12:15:35.870, 3, 100, 10088
2026/05/24 12:15:51.369, 0, 8, 10490
2026/05/24 12:15:51.371, 1, 0, 10088
2026/05/24 12:15:51.372, 2, 0, 10088
2026/05/24 12:15:51.373, 3, 0, 10088
2026/05/24 12:16:06.453, 0, 6, 10490
2026/05/24 12:16:06.455, 1, 0, 10088
2026/05/24 12:16:06.456, 2, 0, 10088
2026/05/24 12:16:06.458, 3, 0, 10088
2026/05/24 12:16:21.541, 0, 9, 10490
2026/05/24 12:16:21.543, 1, 0, 10088
2026/05/24 12:16:21.544, 2, 0, 10088
2026/05/24 12:16:21.546, 3, 0, 10088
2026/05/24 12:16:36.630, 0, 10, 10490
2026/05/24 12:16:36.632, 1, 0, 10088
2026/05/24 12:16:36.634, 2, 0, 10088
2026/05/24 12:16:36.635, 3, 0, 10088
2026/05/24 12:16:51.881, 0, 0, 10490
2026/05/24 12:16:51.883, 1, 0, 10088
2026/05/24 12:16:51.884, 2, 0, 10088
2026/05/24 12:16:51.885, 3, 0, 10088
2026/05/24 12:17:07.146, 0, 100, 10490
2026/05/24 12:17:07.149, 1, 100, 10088
2026/05/24 12:17:07.152, 2, 100, 10088
2026/05/24 12:17:07.156, 3, 100, 10088
2026/05/24 12:17:22.274, 0, 100, 10490
2026/05/24 12:17:22.278, 1, 100, 10088
2026/05/24 12:17:22.281, 2, 100, 10088
2026/05/24 12:17:22.285, 3, 0, 10088
2026/05/24 12:17:37.388, 0, 9, 10490
2026/05/24 12:17:37.390, 1, 0, 10088
2026/05/24 12:17:37.391, 2, 0, 10088
2026/05/24 12:17:37.392, 3, 0, 10088
2026/05/24 12:17:52.494, 0, 17, 10490
2026/05/24 12:17:52.496, 1, 0, 10088
2026/05/24 12:17:52.498, 2, 0, 10088
2026/05/24 12:17:52.499, 3, 0, 10088
2026/05/24 12:18:07.872, 0, 0, 10490
2026/05/24 12:18:07.875, 1, 0, 10088
2026/05/24 12:18:07.876, 2, 0, 10088
2026/05/24 12:18:07.877, 3, 0, 10088
2026/05/24 12:18:23.219, 0, 100, 10490
2026/05/24 12:18:23.225, 1, 100, 10088
2026/05/24 12:18:23.227, 2, 82, 10088
2026/05/24 12:18:23.230, 3, 100, 10088
2026/05/24 12:18:38.341, 0, 18, 10490
2026/05/24 12:18:38.343, 1, 100, 10088
2026/05/24 12:18:38.344, 2, 0, 10088
2026/05/24 12:18:38.346, 3, 100, 10088
2026/05/24 12:18:53.474, 0, 9, 10490
2026/05/24 12:18:53.479, 1, 0, 10088
2026/05/24 12:18:53.482, 2, 0, 10088
2026/05/24 12:18:53.485, 3, 0, 10088
2026/05/24 12:19:08.732, 0, 0, 10490
2026/05/24 12:19:08.734, 1, 0, 10088
2026/05/24 12:19:08.735, 2, 0, 10088
2026/05/24 12:19:08.736, 3, 0, 10088
2026/05/24 12:19:23.817, 0, 12, 10490
2026/05/24 12:19:23.820, 1, 0, 10088
2026/05/24 12:19:23.821, 2, 0, 10088
2026/05/24 12:19:23.822, 3, 0, 10088
2026/05/24 12:19:39.101, 0, 100, 10490
2026/05/24 12:19:39.105, 1, 100, 10088
2026/05/24 12:19:39.108, 2, 100, 10088
2026/05/24 12:19:39.111, 3, 100, 10088
2026/05/24 12:19:54.230, 0, 100, 10490
2026/05/24 12:19:54.234, 1, 100, 10088
2026/05/24 12:19:54.237, 2, 100, 10088
2026/05/24 12:19:54.240, 3, 97, 10088
2026/05/24 12:20:09.406, 0, 4, 10490
2026/05/24 12:20:09.408, 1, 0, 10088
2026/05/24 12:20:09.410, 2, 0, 10088
2026/05/24 12:20:09.411, 3, 0, 10088
2026/05/24 12:20:24.631, 0, 100, 10490
2026/05/24 12:20:24.633, 1, 0, 10088
2026/05/24 12:20:24.634, 2, 100, 10088
2026/05/24 12:20:24.636, 3, 0, 10088
2026/05/24 12:20:39.738, 0, 3, 10490
2026/05/24 12:20:39.740, 1, 0, 10088
2026/05/24 12:20:39.741, 2, 100, 10088
2026/05/24 12:20:39.742, 3, 100, 10088
2026/05/24 12:20:54.869, 0, 14, 10490
2026/05/24 12:20:54.871, 1, 0, 10088
2026/05/24 12:20:54.873, 2, 0, 10088
2026/05/24 12:20:54.874, 3, 0, 10088
2026/05/24 12:21:09.967, 0, 5, 10490
2026/05/24 12:21:09.971, 1, 0, 10088
2026/05/24 12:21:09.972, 2, 0, 10088
2026/05/24 12:21:09.976, 3, 0, 10088
2026/05/24 12:21:25.133, 0, 3, 10490
2026/05/24 12:21:25.135, 1, 0, 10088
2026/05/24 12:21:25.137, 2, 0, 10088
2026/05/24 12:21:25.138, 3, 0, 10088
2026/05/24 12:21:40.627, 0, 8, 10490
2026/05/24 12:21:40.629, 1, 0, 10088
2026/05/24 12:21:40.630, 2, 0, 10088
2026/05/24 12:21:40.631, 3, 0, 10088
2026/05/24 12:21:55.714, 0, 9, 10490
2026/05/24 12:21:55.716, 1, 0, 10088
2026/05/24 12:21:55.717, 2, 0, 10088
2026/05/24 12:21:55.718, 3, 0, 10088
2026/05/24 12:22:10.801, 0, 5, 10490
2026/05/24 12:22:10.803, 1, 35, 10088
2026/05/24 12:22:10.805, 2, 0, 10088
2026/05/24 12:22:10.806, 3, 100, 10088
2026/05/24 12:22:25.910, 0, 8, 10490
2026/05/24 12:22:25.912, 1, 0, 10088
2026/05/24 12:22:25.914, 2, 0, 10088
2026/05/24 12:22:25.915, 3, 0, 10088
2026/05/24 12:22:41.037, 0, 8, 10490
2026/05/24 12:22:41.039, 1, 0, 10088
2026/05/24 12:22:41.040, 2, 0, 10088
2026/05/24 12:22:41.042, 3, 0, 10088
2026/05/24 12:22:56.170, 0, 100, 10490
2026/05/24 12:22:56.172, 1, 34, 10088
2026/05/24 12:22:56.176, 2, 100, 10088
2026/05/24 12:22:56.179, 3, 100, 10088
2026/05/24 12:23:11.309, 0, 10, 10490
2026/05/24 12:23:11.313, 1, 0, 10088
2026/05/24 12:23:11.318, 2, 0, 10088
2026/05/24 12:23:11.321, 3, 0, 10088
2026/05/24 12:23:26.560, 0, 5, 10490
2026/05/24 12:23:26.564, 1, 0, 10088
2026/05/24 12:23:26.568, 2, 0, 10088
2026/05/24 12:23:26.571, 3, 0, 10088
2026/05/24 12:23:41.955, 0, 0, 10490
2026/05/24 12:23:41.957, 1, 0, 10088
2026/05/24 12:23:41.958, 2, 0, 10088
2026/05/24 12:23:41.959, 3, 0, 10088
2026/05/24 12:23:57.207, 0, 100, 10490
2026/05/24 12:23:57.211, 1, 100, 10088
2026/05/24 12:23:57.214, 2, 100, 10088
2026/05/24 12:23:57.216, 3, 86, 10088
2026/05/24 12:24:12.323, 0, 6, 10490
2026/05/24 12:24:12.327, 1, 0, 10088
2026/05/24 12:24:12.330, 2, 0, 10088
2026/05/24 12:24:12.333, 3, 0, 10088
2026/05/24 12:24:27.425, 0, 74, 10490
2026/05/24 12:24:27.427, 1, 100, 10088
2026/05/24 12:24:27.428, 2, 74, 10088
2026/05/24 12:24:27.430, 3, 100, 10088
2026/05/24 12:24:42.605, 0, 5, 10490
2026/05/24 12:24:42.607, 1, 0, 10088
2026/05/24 12:24:42.608, 2, 0, 10088
2026/05/24 12:24:42.610, 3, 0, 10088
2026/05/24 12:24:57.849, 0, 8, 10490
2026/05/24 12:24:57.851, 1, 0, 10088
2026/05/24 12:24:57.853, 2, 0, 10088
2026/05/24 12:24:57.854, 3, 0, 10088
2026/05/24 12:25:12.946, 0, 100, 10490
2026/05/24 12:25:12.949, 1, 100, 10088
2026/05/24 12:25:12.950, 2, 100, 10088
2026/05/24 12:25:12.951, 3, 100, 10088
2026/05/24 12:25:28.077, 0, 9, 10490
2026/05/24 12:25:28.079, 1, 0, 10088
2026/05/24 12:25:28.081, 2, 0, 10088
2026/05/24 12:25:28.082, 3, 0, 10088
2026/05/24 12:25:43.210, 0, 4, 10490
2026/05/24 12:25:43.212, 1, 0, 10088
2026/05/24 12:25:43.213, 2, 0, 10088
2026/05/24 12:25:43.214, 3, 0, 10088
2026/05/24 12:25:58.347, 0, 100, 10490
2026/05/24 12:25:58.351, 1, 100, 10088
2026/05/24 12:25:58.355, 2, 100, 10088
2026/05/24 12:25:58.358, 3, 100, 10088
2026/05/24 12:26:13.457, 0, 100, 10490
2026/05/24 12:26:13.459, 1, 100, 10088
2026/05/24 12:26:13.461, 2, 100, 10088
2026/05/24 12:26:13.462, 3, 0, 10088
2026/05/24 12:26:28.579, 0, 9, 10490
2026/05/24 12:26:28.583, 1, 0, 10088
2026/05/24 12:26:28.586, 2, 0, 10088
2026/05/24 12:26:28.589, 3, 96, 10088
2026/05/24 12:26:43.690, 0, 12, 10490
2026/05/24 12:26:43.692, 1, 0, 10088
2026/05/24 12:26:43.693, 2, 0, 10088
2026/05/24 12:26:43.695, 3, 0, 10088
2026/05/24 12:26:58.778, 0, 8, 10490
2026/05/24 12:26:58.780, 1, 0, 10088
2026/05/24 12:26:58.781, 2, 100, 10088
2026/05/24 12:26:58.782, 3, 0, 10088
2026/05/24 12:27:13.903, 0, 6, 10490
2026/05/24 12:27:13.907, 1, 100, 10088
2026/05/24 12:27:13.910, 2, 76, 10088
2026/05/24 12:27:13.914, 3, 100, 10088
2026/05/24 12:27:29.009, 0, 8, 10490
2026/05/24 12:27:29.011, 1, 0, 10088
2026/05/24 12:27:29.013, 2, 0, 10088
2026/05/24 12:27:29.014, 3, 0, 10088
2026/05/24 12:27:44.114, 0, 0, 10490
2026/05/24 12:27:44.116, 1, 0, 10088
2026/05/24 12:27:44.117, 2, 0, 10088
2026/05/24 12:27:44.119, 3, 0, 10088
2026/05/24 12:27:59.465, 0, 44, 10490
2026/05/24 12:27:59.469, 1, 1, 10088
2026/05/24 12:27:59.471, 2, 100, 10088
2026/05/24 12:27:59.474, 3, 0, 10088
2026/05/24 12:28:14.561, 0, 8, 10490
2026/05/24 12:28:14.563, 1, 0, 10088
2026/05/24 12:28:14.565, 2, 0, 10088
2026/05/24 12:28:14.566, 3, 0, 10088
2026/05/24 12:28:29.682, 0, 9, 10490
2026/05/24 12:28:29.686, 1, 100, 10088
2026/05/24 12:28:29.689, 2, 0, 10088
2026/05/24 12:28:29.691, 3, 100, 10088
2026/05/24 12:28:44.785, 0, 9, 10490
2026/05/24 12:28:44.787, 1, 0, 10088
2026/05/24 12:28:44.789, 2, 0, 10088
2026/05/24 12:28:44.790, 3, 0, 10088
2026/05/24 12:28:59.949, 0, 2, 10490
2026/05/24 12:28:59.951, 1, 0, 10088
2026/05/24 12:28:59.953, 2, 0, 10088
2026/05/24 12:28:59.954, 3, 0, 10088
2026/05/24 12:29:15.083, 0, 5, 10490
2026/05/24 12:29:15.122, 1, 0, 10088
2026/05/24 12:29:15.124, 2, 0, 10088
2026/05/24 12:29:15.127, 3, 0, 10088
2026/05/24 12:29:30.273, 0, 13, 10490
2026/05/24 12:29:30.275, 1, 0, 10088
2026/05/24 12:29:30.277, 2, 0, 10088
2026/05/24 12:29:30.278, 3, 0, 10088
2026/05/24 12:29:45.362, 0, 5, 10490
2026/05/24 12:29:45.364, 1, 0, 10088
2026/05/24 12:29:45.365, 2, 0, 10088
2026/05/24 12:29:45.367, 3, 0, 10088
2026/05/24 12:30:00.535, 0, 100, 10490
2026/05/24 12:30:00.538, 1, 100, 10088
2026/05/24 12:30:00.541, 2, 100, 10088
2026/05/24 12:30:00.543, 3, 100, 10088
2026/05/24 12:30:15.693, 0, 9, 10490
2026/05/24 12:30:15.695, 1, 0, 10088
2026/05/24 12:30:15.697, 2, 0, 10088
2026/05/24 12:30:15.698, 3, 0, 10088
2026/05/24 12:30:30.781, 0, 100, 10490
2026/05/24 12:30:30.783, 1, 64, 10088
2026/05/24 12:30:30.785, 2, 100, 10088
2026/05/24 12:30:30.786, 3, 100, 10088
2026/05/24 12:30:45.869, 0, 9, 10490
2026/05/24 12:30:45.871, 1, 0, 10088
2026/05/24 12:30:45.872, 2, 0, 10088
2026/05/24 12:30:45.874, 3, 0, 10088
2026/05/24 12:31:01.170, 0, 10, 10490
2026/05/24 12:31:01.172, 1, 0, 10088
2026/05/24 12:31:01.174, 2, 0, 10088
2026/05/24 12:31:01.175, 3, 0, 10088
2026/05/24 12:31:16.355, 0, 9, 10490
2026/05/24 12:31:16.357, 1, 0, 10088
2026/05/24 12:31:16.358, 2, 0, 10088
2026/05/24 12:31:16.359, 3, 0, 10088
2026/05/24 12:31:31.467, 0, 100, 10490
2026/05/24 12:31:31.471, 1, 100, 10088
2026/05/24 12:31:31.474, 2, 100, 10088
2026/05/24 12:31:31.477, 3, 100, 10088
2026/05/24 12:31:46.589, 0, 100, 10490
2026/05/24 12:31:46.591, 1, 100, 10088
2026/05/24 12:31:46.592, 2, 100, 10088
2026/05/24 12:31:46.593, 3, 0, 10088
2026/05/24 12:32:01.677, 0, 9, 10490
2026/05/24 12:32:01.679, 1, 0, 10088
2026/05/24 12:32:01.681, 2, 0, 10088
2026/05/24 12:32:01.682, 3, 0, 10088
2026/05/24 12:32:16.782, 0, 100, 10490
2026/05/24 12:32:16.784, 1, 0, 10088
2026/05/24 12:32:16.785, 2, 100, 10088
2026/05/24 12:32:16.787, 3, 0, 10088
2026/05/24 12:32:31.869, 0, 4, 10490
2026/05/24 12:32:31.871, 1, 0, 10088
2026/05/24 12:32:31.872, 2, 0, 10088
2026/05/24 12:32:31.874, 3, 0, 10088
2026/05/24 12:32:47.016, 0, 3, 10490
2026/05/24 12:32:47.018, 1, 0, 10088
2026/05/24 12:32:47.019, 2, 0, 10088
2026/05/24 12:32:47.021, 3, 0, 10088
2026/05/24 12:33:02.105, 0, 9, 10490
2026/05/24 12:33:02.107, 1, 0, 10088
2026/05/24 12:33:02.109, 2, 0, 10088
2026/05/24 12:33:02.110, 3, 0, 10088
2026/05/24 12:33:17.263, 0, 100, 10490
2026/05/24 12:33:17.267, 1, 97, 10088
2026/05/24 12:33:17.270, 2, 100, 10088
2026/05/24 12:33:17.274, 3, 0, 10088
2026/05/24 12:33:32.384, 0, 2, 10490
2026/05/24 12:33:32.387, 1, 0, 10088
2026/05/24 12:33:32.389, 2, 86, 10088
2026/05/24 12:33:32.392, 3, 0, 10088
2026/05/24 12:33:47.489, 0, 0, 10490
2026/05/24 12:33:47.492, 1, 0, 10088
2026/05/24 12:33:47.493, 2, 0, 10088
2026/05/24 12:33:47.494, 3, 0, 10088
2026/05/24 12:34:02.735, 0, 1, 10490
2026/05/24 12:34:02.737, 1, 0, 10088
2026/05/24 12:34:02.738, 2, 0, 10088
2026/05/24 12:34:02.740, 3, 0, 10088
2026/05/24 12:34:17.912, 0, 5, 10490
2026/05/24 12:34:17.914, 1, 0, 10088
2026/05/24 12:34:17.915, 2, 0, 10088
2026/05/24 12:34:17.916, 3, 0, 10088
2026/05/24 12:34:32.997, 0, 9, 10490
2026/05/24 12:34:32.999, 1, 0, 10088
2026/05/24 12:34:33.001, 2, 0, 10088
2026/05/24 12:34:33.002, 3, 0, 10088
2026/05/24 12:34:48.142, 0, 100, 10490
2026/05/24 12:34:48.146, 1, 100, 10088
2026/05/24 12:34:48.150, 2, 100, 10088
2026/05/24 12:34:48.153, 3, 0, 10088
2026/05/24 12:35:03.249, 0, 10, 10490
2026/05/24 12:35:03.251, 1, 0, 10088
2026/05/24 12:35:03.253, 2, 0, 10088
2026/05/24 12:35:03.254, 3, 0, 10088
2026/05/24 12:35:18.422, 0, 0, 10490
2026/05/24 12:35:18.424, 1, 0, 10088
2026/05/24 12:35:18.425, 2, 0, 10088
2026/05/24 12:35:18.427, 3, 0, 10088
2026/05/24 12:35:33.554, 0, 16, 10490
2026/05/24 12:35:33.588, 1, 100, 10088
2026/05/24 12:35:33.591, 2, 38, 10088
2026/05/24 12:35:33.595, 3, 100, 10088
2026/05/24 12:35:48.810, 0, 100, 10490
2026/05/24 12:35:48.812, 1, 0, 10088
2026/05/24 12:35:48.813, 2, 100, 10088
2026/05/24 12:35:48.814, 3, 0, 10088
2026/05/24 12:36:03.919, 0, 62, 10490
2026/05/24 12:36:03.924, 1, 12, 10088
2026/05/24 12:36:03.927, 2, 100, 10088
2026/05/24 12:36:03.930, 3, 100, 10088
2026/05/24 12:36:19.029, 0, 9, 10490
2026/05/24 12:36:19.031, 1, 0, 10088
2026/05/24 12:36:19.033, 2, 0, 10088
2026/05/24 12:36:19.034, 3, 100, 10088
2026/05/24 12:36:34.141, 0, 100, 10490
2026/05/24 12:36:34.145, 1, 100, 10088
2026/05/24 12:36:34.147, 2, 100, 10088
2026/05/24 12:36:34.150, 3, 100, 10088
2026/05/24 12:36:49.270, 0, 1, 10490
2026/05/24 12:36:49.272, 1, 0, 10088
2026/05/24 12:36:49.274, 2, 0, 10088
2026/05/24 12:36:49.275, 3, 0, 10088
2026/05/24 12:37:04.357, 0, 8, 10490
2026/05/24 12:37:04.359, 1, 0, 10088
2026/05/24 12:37:04.361, 2, 0, 10088
2026/05/24 12:37:04.362, 3, 0, 10088
2026/05/24 12:37:19.496, 0, 100, 10490
2026/05/24 12:37:19.500, 1, 100, 10088
2026/05/24 12:37:19.503, 2, 100, 10088
2026/05/24 12:37:19.506, 3, 100, 10088
2026/05/24 12:37:34.601, 0, 9, 10490
2026/05/24 12:37:34.603, 1, 0, 10088
2026/05/24 12:37:34.605, 2, 0, 10088
2026/05/24 12:37:34.606, 3, 0, 10088
2026/05/24 12:37:49.858, 0, 100, 10490
2026/05/24 12:37:49.862, 1, 31, 10088
2026/05/24 12:37:49.865, 2, 100, 10088
2026/05/24 12:37:49.868, 3, 31, 10088
2026/05/24 12:38:05.012, 0, 9, 10490
2026/05/24 12:38:05.016, 1, 0, 10088
2026/05/24 12:38:05.019, 2, 1, 10088
2026/05/24 12:38:05.021, 3, 0, 10088
2026/05/24 12:38:20.117, 0, 4, 10490
2026/05/24 12:38:20.119, 1, 0, 10088
2026/05/24 12:38:20.121, 2, 0, 10088
2026/05/24 12:38:20.122, 3, 0, 10088
2026/05/24 12:38:35.293, 0, 9, 10490
2026/05/24 12:38:35.296, 1, 0, 10088
2026/05/24 12:38:35.297, 2, 0, 10088
2026/05/24 12:38:35.298, 3, 0, 10088
2026/05/24 12:38:50.547, 0, 85, 10490
2026/05/24 12:38:50.549, 1, 100, 10088
2026/05/24 12:38:50.552, 2, 87, 10088
2026/05/24 12:38:50.554, 3, 100, 10088
2026/05/24 12:39:05.928, 0, 27, 10490
2026/05/24 12:39:05.931, 1, 0, 10088
2026/05/24 12:39:05.934, 2, 22, 10088
2026/05/24 12:39:05.937, 3, 100, 10088
2026/05/24 12:39:21.208, 0, 87, 10490
2026/05/24 12:39:21.212, 1, 100, 10088
2026/05/24 12:39:21.215, 2, 70, 10088
2026/05/24 12:39:21.218, 3, 100, 10088
2026/05/24 12:39:36.330, 0, 13, 10490
2026/05/24 12:39:36.332, 1, 0, 10088
2026/05/24 12:39:36.333, 2, 0, 10088
2026/05/24 12:39:36.335, 3, 0, 10088
2026/05/24 12:39:51.460, 0, 8, 10490
2026/05/24 12:39:51.464, 1, 0, 10088
2026/05/24 12:39:51.467, 2, 0, 10088
2026/05/24 12:39:51.470, 3, 0, 10088
2026/05/24 12:40:06.761, 0, 100, 10490
2026/05/24 12:40:06.763, 1, 100, 10088
2026/05/24 12:40:06.764, 2, 100, 10088
2026/05/24 12:40:06.766, 3, 0, 10088
2026/05/24 12:40:21.849, 0, 100, 10490
2026/05/24 12:40:21.851, 1, 0, 10088
2026/05/24 12:40:21.852, 2, 100, 10088
2026/05/24 12:40:21.854, 3, 0, 10088
2026/05/24 12:40:36.954, 0, 9, 10490
2026/05/24 12:40:36.956, 1, 0, 10088
2026/05/24 12:40:36.958, 2, 0, 10088
2026/05/24 12:40:36.959, 3, 0, 10088
2026/05/24 12:40:52.058, 0, 14, 10490
2026/05/24 12:40:52.060, 1, 0, 10088
2026/05/24 12:40:52.061, 2, 0, 10088
2026/05/24 12:40:52.063, 3, 0, 10088
2026/05/24 12:41:07.219, 0, 100, 10490
2026/05/24 12:41:07.221, 1, 100, 10088
2026/05/24 12:41:07.222, 2, 100, 10088
2026/05/24 12:41:07.223, 3, 100, 10088
2026/05/24 12:41:22.309, 0, 100, 10490
2026/05/24 12:41:22.311, 1, 100, 10088
2026/05/24 12:41:22.312, 2, 62, 10088
2026/05/24 12:41:22.313, 3, 100, 10088
2026/05/24 12:41:37.455, 0, 100, 10490
2026/05/24 12:41:37.458, 1, 100, 10088
2026/05/24 12:41:37.461, 2, 100, 10088
2026/05/24 12:41:37.464, 3, 0, 10088
2026/05/24 12:41:52.561, 0, 8, 10490
2026/05/24 12:41:52.563, 1, 0, 10088
2026/05/24 12:41:52.564, 2, 0, 10088
2026/05/24 12:41:52.565, 3, 0, 10088
2026/05/24 12:42:07.721, 0, 1, 10490
2026/05/24 12:42:07.723, 1, 0, 10088
2026/05/24 12:42:07.725, 2, 0, 10088
2026/05/24 12:42:07.726, 3, 0, 10088
2026/05/24 12:42:22.933, 0, 0, 10490
2026/05/24 12:42:22.936, 1, 0, 10088
2026/05/24 12:42:22.937, 2, 0, 10088
2026/05/24 12:42:22.938, 3, 0, 10088
2026/05/24 12:42:38.021, 0, 10, 10490
2026/05/24 12:42:38.023, 1, 0, 10088
2026/05/24 12:42:38.025, 2, 0, 10088
2026/05/24 12:42:38.026, 3, 0, 10088
2026/05/24 12:42:53.110, 0, 8, 10490
2026/05/24 12:42:53.112, 1, 0, 10088
2026/05/24 12:42:53.113, 2, 0, 10088
2026/05/24 12:42:53.114, 3, 0, 10088
2026/05/24 12:43:08.198, 0, 89, 10490
2026/05/24 12:43:08.200, 1, 100, 10088
2026/05/24 12:43:08.201, 2, 18, 10088
2026/05/24 12:43:08.202, 3, 100, 10088
2026/05/24 12:43:23.285, 0, 9, 10490
2026/05/24 12:43:23.287, 1, 0, 10088
2026/05/24 12:43:23.288, 2, 0, 10088
2026/05/24 12:43:23.290, 3, 0, 10088
2026/05/24 12:43:38.395, 0, 0, 10490
2026/05/24 12:43:38.397, 1, 34, 10088
2026/05/24 12:43:38.398, 2, 0, 10088
2026/05/24 12:43:38.400, 3, 100, 10088
2026/05/24 12:43:53.505, 0, 9, 10490
2026/05/24 12:43:53.509, 1, 0, 10088
2026/05/24 12:43:53.512, 2, 0, 10088
2026/05/24 12:43:53.515, 3, 0, 10088
2026/05/24 12:44:08.650, 0, 100, 10490
2026/05/24 12:44:08.734, 1, 100, 10088
2026/05/24 12:44:08.736, 2, 100, 10088
2026/05/24 12:44:08.739, 3, 100, 10088
2026/05/24 12:44:23.837, 0, 0, 10490
2026/05/24 12:44:23.839, 1, 0, 10088
2026/05/24 12:44:23.840, 2, 0, 10088
2026/05/24 12:44:23.842, 3, 0, 10088
2026/05/24 12:44:39.350, 0, 100, 10490
2026/05/24 12:44:39.353, 1, 95, 10088
2026/05/24 12:44:39.355, 2, 100, 10088
2026/05/24 12:44:39.358, 3, 100, 10088
2026/05/24 12:44:54.491, 0, 100, 10490
2026/05/24 12:44:54.495, 1, 100, 10088
2026/05/24 12:44:54.498, 2, 100, 10088
2026/05/24 12:44:54.501, 3, 82, 10088
2026/05/24 12:45:09.663, 0, 100, 10490
2026/05/24 12:45:09.665, 1, 87, 10088
2026/05/24 12:45:09.667, 2, 100, 10088
2026/05/24 12:45:09.668, 3, 100, 10088
2026/05/24 12:45:24.753, 0, 2, 10490
2026/05/24 12:45:24.755, 1, 0, 10088
2026/05/24 12:45:24.757, 2, 0, 10088
2026/05/24 12:45:24.758, 3, 0, 10088
2026/05/24 12:45:39.928, 0, 4, 10490
2026/05/24 12:45:39.930, 1, 0, 10088
2026/05/24 12:45:39.931, 2, 0, 10088
2026/05/24 12:45:39.983, 3, 0, 10088
2026/05/24 12:45:55.354, 0, 100, 10490
2026/05/24 12:45:55.358, 1, 100, 10088
2026/05/24 12:45:55.361, 2, 100, 10088
2026/05/24 12:45:55.364, 3, 86, 10088
2026/05/24 12:46:10.482, 0, 9, 10490
2026/05/24 12:46:10.484, 1, 0, 10088
2026/05/24 12:46:10.485, 2, 0, 10088
2026/05/24 12:46:10.486, 3, 0, 10088
2026/05/24 12:46:25.566, 0, 100, 10490
2026/05/24 12:46:25.567, 1, 100, 10088
2026/05/24 12:46:25.568, 2, 100, 10088
2026/05/24 12:46:25.569, 3, 100, 10088
2026/05/24 12:46:40.669, 0, 7, 10490
2026/05/24 12:46:40.672, 1, 0, 10088
2026/05/24 12:46:40.673, 2, 0, 10088
2026/05/24 12:46:40.674, 3, 0, 10088
2026/05/24 12:46:55.858, 0, 100, 10490
2026/05/24 12:46:55.860, 1, 0, 10088
2026/05/24 12:46:55.861, 2, 100, 10088
2026/05/24 12:46:55.862, 3, 0, 10088
2026/05/24 12:47:10.992, 0, 86, 10490
2026/05/24 12:47:10.995, 1, 90, 10088
2026/05/24 12:47:10.998, 2, 81, 10088
2026/05/24 12:47:11.001, 3, 100, 10088
2026/05/24 12:47:26.236, 0, 100, 10490
2026/05/24 12:47:26.241, 1, 100, 10088
2026/05/24 12:47:26.244, 2, 100, 10088
2026/05/24 12:47:26.247, 3, 100, 10088
2026/05/24 12:47:41.337, 0, 8, 10490
2026/05/24 12:47:41.339, 1, 0, 10088
2026/05/24 12:47:41.341, 2, 0, 10088
2026/05/24 12:47:41.342, 3, 0, 10088
2026/05/24 12:47:56.548, 0, 100, 10490
2026/05/24 12:47:56.553, 1, 67, 10088
2026/05/24 12:47:56.556, 2, 100, 10088
2026/05/24 12:47:56.757, 3, 100, 10088
2026/05/24 12:48:11.926, 0, 10, 10490
2026/05/24 12:48:11.928, 1, 0, 10088
2026/05/24 12:48:11.930, 2, 0, 10088
2026/05/24 12:48:11.931, 3, 0, 10088
2026/05/24 12:48:27.059, 0, 100, 10490
2026/05/24 12:48:27.063, 1, 100, 10088
2026/05/24 12:48:27.067, 2, 100, 10088
2026/05/24 12:48:27.070, 3, 100, 10088
2026/05/24 12:48:42.227, 0, 62, 10490
2026/05/24 12:48:42.231, 1, 100, 10088
2026/05/24 12:48:42.234, 2, 100, 10088
2026/05/24 12:48:42.237, 3, 100, 10088
2026/05/24 12:48:57.357, 0, 1, 10490
2026/05/24 12:48:57.359, 1, 0, 10088
2026/05/24 12:48:57.360, 2, 0, 10088
2026/05/24 12:48:57.362, 3, 0, 10088
2026/05/24 12:49:12.445, 0, 84, 10490
2026/05/24 12:49:12.447, 1, 100, 10088
2026/05/24 12:49:12.449, 2, 16, 10088
2026/05/24 12:49:12.450, 3, 100, 10088
2026/05/24 12:49:27.561, 0, 100, 10490
2026/05/24 12:49:27.563, 1, 100, 10088
2026/05/24 12:49:27.565, 2, 100, 10088
2026/05/24 12:49:27.567, 3, 44, 10088
2026/05/24 12:49:42.714, 0, 0, 10490
2026/05/24 12:49:42.717, 1, 67, 10088
2026/05/24 12:49:42.720, 2, 0, 10088
2026/05/24 12:49:42.723, 3, 100, 10088
2026/05/24 12:49:57.837, 0, 70, 10490
2026/05/24 12:49:57.841, 1, 20, 10088
2026/05/24 12:49:57.844, 2, 100, 10088
2026/05/24 12:49:57.847, 3, 100, 10088
2026/05/24 12:50:13.070, 0, 2, 10490
2026/05/24 12:50:13.072, 1, 0, 10088
2026/05/24 12:50:13.073, 2, 0, 10088
2026/05/24 12:50:13.075, 3, 0, 10088
2026/05/24 12:50:28.199, 0, 100, 10490
2026/05/24 12:50:28.203, 1, 100, 10088
2026/05/24 12:50:28.206, 2, 100, 10088
2026/05/24 12:50:28.209, 3, 100, 10088
2026/05/24 12:50:43.388, 0, 100, 10490
2026/05/24 12:50:43.392, 1, 100, 10088
2026/05/24 12:50:43.395, 2, 100, 10088
2026/05/24 12:50:43.397, 3, 50, 10088
2026/05/24 12:50:58.571, 0, 18, 10490
2026/05/24 12:50:58.573, 1, 0, 10088
2026/05/24 12:50:58.575, 2, 0, 10088
2026/05/24 12:50:58.576, 3, 0, 10088
2026/05/24 12:51:14.032, 0, 83, 10490
2026/05/24 12:51:14.034, 1, 100, 10088
2026/05/24 12:51:14.036, 2, 100, 10088
2026/05/24 12:51:14.218, 3, 100, 10088
2026/05/24 12:51:29.291, 0, 60, 10490
2026/05/24 12:51:29.293, 1, 100, 10088
2026/05/24 12:51:29.294, 2, 0, 10088
2026/05/24 12:51:29.295, 3, 100, 10088
2026/05/24 12:51:44.422, 0, 100, 10490
2026/05/24 12:51:44.427, 1, 81, 10088
2026/05/24 12:51:44.430, 2, 100, 10088
2026/05/24 12:51:44.432, 3, 0, 10088
2026/05/24 12:51:59.554, 0, 9, 10490
2026/05/24 12:51:59.557, 1, 0, 10088
2026/05/24 12:51:59.560, 2, 0, 10088
2026/05/24 12:51:59.564, 3, 0, 10088
2026/05/24 12:52:14.837, 0, 10, 10490
2026/05/24 12:52:14.839, 1, 0, 10088
2026/05/24 12:52:14.840, 2, 0, 10088
2026/05/24 12:52:14.841, 3, 0, 10088
2026/05/24 12:52:29.958, 0, 44, 10490
2026/05/24 12:52:29.960, 1, 100, 10088
2026/05/24 12:52:29.961, 2, 100, 10088
2026/05/24 12:52:29.962, 3, 100, 10088
2026/05/24 12:52:45.054, 0, 100, 10490
2026/05/24 12:52:45.058, 1, 100, 10088
2026/05/24 12:52:45.061, 2, 100, 10088
2026/05/24 12:52:45.064, 3, 100, 10088
2026/05/24 12:53:00.177, 0, 100, 10490
2026/05/24 12:53:00.179, 1, 100, 10088
2026/05/24 12:53:00.181, 2, 44, 10088
2026/05/24 12:53:00.182, 3, 100, 10088
2026/05/24 12:53:15.337, 0, 2, 10490
2026/05/24 12:53:15.339, 1, 0, 10088
2026/05/24 12:53:15.341, 2, 0, 10088
2026/05/24 12:53:15.342, 3, 0, 10088
2026/05/24 12:53:30.977, 0, 100, 10490
2026/05/24 12:53:30.979, 1, 0, 10088
2026/05/24 12:53:30.980, 2, 100, 10088
2026/05/24 12:53:30.981, 3, 100, 10088
2026/05/24 12:53:46.078, 0, 13, 10490
2026/05/24 12:53:46.080, 1, 0, 10088
2026/05/24 12:53:46.081, 2, 0, 10088
2026/05/24 12:53:46.083, 3, 0, 10088
2026/05/24 12:54:01.221, 0, 74, 10490
2026/05/24 12:54:01.224, 1, 82, 10088
2026/05/24 12:54:01.228, 2, 100, 10088
2026/05/24 12:54:01.230, 3, 0, 10088
2026/05/24 12:54:16.352, 0, 10, 10490
2026/05/24 12:54:16.356, 1, 0, 10088
2026/05/24 12:54:16.359, 2, 0, 10088
2026/05/24 12:54:16.363, 3, 0, 10088
2026/05/24 12:54:31.497, 0, 100, 10490
2026/05/24 12:54:31.500, 1, 100, 10088
2026/05/24 12:54:31.502, 2, 100, 10088
2026/05/24 12:54:31.504, 3, 100, 10088
2026/05/24 12:54:46.790, 0, 100, 10490
2026/05/24 12:54:46.792, 1, 100, 10088
2026/05/24 12:54:46.793, 2, 100, 10088
2026/05/24 12:54:46.794, 3, 44, 10088
2026/05/24 12:55:01.877, 0, 6, 10490
2026/05/24 12:55:01.879, 1, 0, 10088
2026/05/24 12:55:01.880, 2, 0, 10088
2026/05/24 12:55:01.882, 3, 0, 10088
2026/05/24 12:55:16.982, 0, 0, 10490
2026/05/24 12:55:16.984, 1, 0, 10088
2026/05/24 12:55:16.986, 2, 0, 10088
2026/05/24 12:55:16.987, 3, 0, 10088
2026/05/24 12:55:32.285, 0, 86, 10490
2026/05/24 12:55:32.286, 1, 100, 10088
2026/05/24 12:55:32.288, 2, 20, 10088
2026/05/24 12:55:32.289, 3, 100, 10088
2026/05/24 12:55:47.369, 0, 9, 10490
2026/05/24 12:55:47.371, 1, 0, 10088
2026/05/24 12:55:47.372, 2, 0, 10088
2026/05/24 12:55:47.374, 3, 0, 10088
2026/05/24 12:56:02.531, 0, 100, 10490
2026/05/24 12:56:02.535, 1, 100, 10088
2026/05/24 12:56:02.538, 2, 100, 10088
2026/05/24 12:56:02.543, 3, 100, 10088
2026/05/24 12:56:17.691, 0, 100, 10490
2026/05/24 12:56:17.695, 1, 100, 10088
2026/05/24 12:56:17.698, 2, 100, 10088
2026/05/24 12:56:17.701, 3, 91, 10088
2026/05/24 12:56:32.858, 0, 0, 10490
2026/05/24 12:56:32.860, 1, 0, 10088
2026/05/24 12:56:32.861, 2, 0, 10088
2026/05/24 12:56:32.862, 3, 0, 10088
2026/05/24 12:56:47.945, 0, 10, 10490
2026/05/24 12:56:47.948, 1, 0, 10088
2026/05/24 12:56:47.950, 2, 0, 10088
2026/05/24 12:56:47.951, 3, 0, 10088
2026/05/24 12:57:03.035, 0, 75, 10490
2026/05/24 12:57:03.038, 1, 100, 10088
2026/05/24 12:57:03.040, 2, 98, 10088
2026/05/24 12:57:03.043, 3, 100, 10088
2026/05/24 12:57:18.177, 0, 100, 10490
2026/05/24 12:57:18.180, 1, 100, 10088
2026/05/24 12:57:18.181, 2, 59, 10088
2026/05/24 12:57:18.182, 3, 0, 10088
2026/05/24 12:57:33.266, 0, 5, 10490
2026/05/24 12:57:33.268, 1, 0, 10088
2026/05/24 12:57:33.269, 2, 0, 10088
2026/05/24 12:57:33.270, 3, 0, 10088
2026/05/24 12:57:48.356, 0, 100, 10490
2026/05/24 12:57:48.359, 1, 100, 10088
2026/05/24 12:57:48.362, 2, 100, 10088
2026/05/24 12:57:48.366, 3, 100, 10088
2026/05/24 12:58:03.474, 0, 13, 10490
2026/05/24 12:58:03.476, 1, 0, 10088
2026/05/24 12:58:03.477, 2, 0, 10088
2026/05/24 12:58:03.479, 3, 0, 10088
2026/05/24 12:58:18.581, 0, 9, 10490
2026/05/24 12:58:18.583, 1, 0, 10088
2026/05/24 12:58:18.584, 2, 0, 10088
2026/05/24 12:58:18.586, 3, 33, 10088
2026/05/24 12:58:33.709, 0, 3, 10490
2026/05/24 12:58:33.711, 1, 0, 10088
2026/05/24 12:58:33.712, 2, 0, 10088
2026/05/24 12:58:33.714, 3, 0, 10088
2026/05/24 12:58:48.841, 0, 100, 10490
2026/05/24 12:58:48.845, 1, 100, 10088
2026/05/24 12:58:48.848, 2, 100, 10088
2026/05/24 12:58:48.852, 3, 65, 10088
2026/05/24 12:59:04.006, 0, 100, 10490
2026/05/24 12:59:04.008, 1, 0, 10088
2026/05/24 12:59:04.009, 2, 100, 10088
2026/05/24 12:59:04.010, 3, 100, 10088
2026/05/24 12:59:19.093, 0, 9, 10490
2026/05/24 12:59:19.095, 1, 0, 10088
2026/05/24 12:59:19.096, 2, 0, 10088
2026/05/24 12:59:19.098, 3, 0, 10088
2026/05/24 12:59:34.217, 0, 17, 10490
2026/05/24 12:59:34.220, 1, 0, 10088
2026/05/24 12:59:34.221, 2, 0, 10088
2026/05/24 12:59:34.222, 3, 0, 10088
2026/05/24 12:59:49.305, 0, 9, 10490
2026/05/24 12:59:49.307, 1, 0, 10088
2026/05/24 12:59:49.309, 2, 0, 10088
2026/05/24 12:59:49.310, 3, 0, 10088
2026/05/24 13:00:04.397, 0, 100, 10490
2026/05/24 13:00:04.399, 1, 100, 10088
2026/05/24 13:00:04.401, 2, 100, 10088
2026/05/24 13:00:04.402, 3, 100, 10088
2026/05/24 13:00:19.485, 0, 9, 10490
2026/05/24 13:00:19.487, 1, 0, 10088
2026/05/24 13:00:19.489, 2, 0, 10088
2026/05/24 13:00:19.490, 3, 0, 10088
2026/05/24 13:00:34.573, 0, 8, 10490
2026/05/24 13:00:34.575, 1, 0, 10088
2026/05/24 13:00:34.577, 2, 0, 10088
2026/05/24 13:00:34.578, 3, 0, 10088
2026/05/24 13:00:49.744, 0, 100, 10490
2026/05/24 13:00:49.748, 1, 100, 10088
2026/05/24 13:00:49.751, 2, 100, 10088
2026/05/24 13:00:49.754, 3, 100, 10088
2026/05/24 13:01:04.866, 0, 12, 10490
2026/05/24 13:01:04.868, 1, 0, 10088
2026/05/24 13:01:04.870, 2, 0, 10088
2026/05/24 13:01:04.871, 3, 0, 10088
2026/05/24 13:01:20.170, 0, 100, 10490
2026/05/24 13:01:20.175, 1, 100, 10088
2026/05/24 13:01:20.178, 2, 100, 10088
2026/05/24 13:01:20.181, 3, 100, 10088
2026/05/24 13:01:35.652, 0, 100, 10490
2026/05/24 13:01:35.656, 1, 100, 10088
2026/05/24 13:01:35.658, 2, 100, 10088
2026/05/24 13:01:35.661, 3, 100, 10088
2026/05/24 13:01:51.080, 0, 100, 10490
2026/05/24 13:01:51.084, 1, 100, 10088
2026/05/24 13:01:51.086, 2, 100, 10088
2026/05/24 13:01:51.089, 3, 100, 10088
2026/05/24 13:02:06.186, 0, 100, 10490
2026/05/24 13:02:06.190, 1, 100, 10088
2026/05/24 13:02:06.193, 2, 100, 10088
2026/05/24 13:02:06.196, 3, 100, 10088
2026/05/24 13:02:21.352, 0, 80, 10490
2026/05/24 13:02:21.357, 1, 0, 10088
2026/05/24 13:02:21.360, 2, 100, 10088
2026/05/24 13:02:21.363, 3, 0, 10088
2026/05/24 13:02:36.474, 0, 16, 10490
2026/05/24 13:02:36.476, 1, 0, 10088
2026/05/24 13:02:36.478, 2, 0, 10088
2026/05/24 13:02:36.479, 3, 0, 10088
2026/05/24 13:02:51.877, 0, 9, 10490
2026/05/24 13:02:51.879, 1, 0, 10088
2026/05/24 13:02:51.880, 2, 0, 10088
2026/05/24 13:02:51.881, 3, 0, 10088
2026/05/24 13:03:07.177, 0, 100, 10490
2026/05/24 13:03:07.181, 1, 0, 10088
2026/05/24 13:03:07.185, 2, 100, 10088
2026/05/24 13:03:07.188, 3, 0, 10088
2026/05/24 13:03:22.323, 0, 9, 10490
2026/05/24 13:03:22.325, 1, 0, 10088
2026/05/24 13:03:22.326, 2, 0, 10088
2026/05/24 13:03:22.327, 3, 0, 10088
2026/05/24 13:03:37.426, 0, 10, 10490
2026/05/24 13:03:37.428, 1, 0, 10088
2026/05/24 13:03:37.429, 2, 0, 10088
2026/05/24 13:03:37.430, 3, 0, 10088
2026/05/24 13:03:52.826, 0, 100, 10490
2026/05/24 13:03:52.830, 1, 100, 10088
2026/05/24 13:03:52.834, 2, 100, 10088
2026/05/24 13:03:52.836, 3, 0, 10088
2026/05/24 13:04:07.929, 0, 14, 10490
2026/05/24 13:04:07.931, 1, 0, 10088
2026/05/24 13:04:07.933, 2, 0, 10088
2026/05/24 13:04:07.934, 3, 0, 10088
2026/05/24 13:04:23.051, 0, 50, 10490
2026/05/24 13:04:23.053, 1, 100, 10088
2026/05/24 13:04:23.054, 2, 57, 10088
2026/05/24 13:04:23.055, 3, 100, 10088
2026/05/24 13:04:38.137, 0, 5, 10490
2026/05/24 13:04:38.139, 1, 0, 10088
2026/05/24 13:04:38.141, 2, 0, 10088
2026/05/24 13:04:38.142, 3, 0, 10088
2026/05/24 13:04:53.332, 0, 9, 10490
2026/05/24 13:04:53.334, 1, 0, 10088
2026/05/24 13:04:53.336, 2, 0, 10088
2026/05/24 13:04:53.337, 3, 0, 10088
2026/05/24 13:05:08.509, 0, 100, 10490
2026/05/24 13:05:08.511, 1, 100, 10088
2026/05/24 13:05:08.695, 2, 100, 10088
2026/05/24 13:05:08.697, 3, 100, 10088
2026/05/24 13:05:23.794, 0, 14, 10490
2026/05/24 13:05:23.796, 1, 0, 10088
2026/05/24 13:05:23.797, 2, 0, 10088
2026/05/24 13:05:23.799, 3, 0, 10088
2026/05/24 13:05:38.888, 0, 10, 10490
2026/05/24 13:05:38.893, 1, 0, 10088
2026/05/24 13:05:38.896, 2, 0, 10088
2026/05/24 13:05:38.899, 3, 100, 10088
2026/05/24 13:05:53.993, 0, 6, 10490
2026/05/24 13:05:53.995, 1, 65, 10088
2026/05/24 13:05:53.997, 2, 0, 10088
2026/05/24 13:05:53.998, 3, 0, 10088
2026/05/24 13:06:09.087, 0, 41, 10490
2026/05/24 13:06:09.091, 1, 100, 10088
2026/05/24 13:06:09.094, 2, 84, 10088
2026/05/24 13:06:09.097, 3, 100, 10088
2026/05/24 13:06:24.419, 0, 100, 10490
2026/05/24 13:06:24.421, 1, 100, 10088
2026/05/24 13:06:24.423, 2, 100, 10088
2026/05/24 13:06:24.424, 3, 100, 10088
2026/05/24 13:06:39.561, 0, 3, 10490
2026/05/24 13:06:39.564, 1, 0, 10088
2026/05/24 13:06:39.565, 2, 0, 10088
2026/05/24 13:06:39.566, 3, 19, 10088
2026/05/24 13:06:54.886, 0, 14, 10490
2026/05/24 13:06:54.888, 1, 0, 10088
2026/05/24 13:06:54.889, 2, 0, 10088
2026/05/24 13:06:54.891, 3, 0, 10088
2026/05/24 13:07:09.967, 0, 100, 10490
2026/05/24 13:07:09.969, 1, 100, 10088
2026/05/24 13:07:09.970, 2, 100, 10088
2026/05/24 13:07:09.971, 3, 0, 10088
2026/05/24 13:07:25.064, 0, 4, 10490
2026/05/24 13:07:25.068, 1, 100, 10088
2026/05/24 13:07:25.071, 2, 0, 10088
2026/05/24 13:07:25.073, 3, 100, 10088
2026/05/24 13:07:40.206, 0, 100, 10490
2026/05/24 13:07:40.210, 1, 94, 10088
2026/05/24 13:07:40.213, 2, 100, 10088
2026/05/24 13:07:40.217, 3, 0, 10088
2026/05/24 13:07:55.645, 0, 89, 10490
2026/05/24 13:07:55.647, 1, 71, 10088
2026/05/24 13:07:55.651, 2, 62, 10088
2026/05/24 13:07:55.653, 3, 100, 10088
2026/05/24 13:08:10.766, 0, 14, 10490
2026/05/24 13:08:10.768, 1, 0, 10088
2026/05/24 13:08:10.769, 2, 0, 10088
2026/05/24 13:08:10.771, 3, 0, 10088
2026/05/24 13:08:25.934, 0, 10, 10490
2026/05/24 13:08:25.938, 1, 0, 10088
2026/05/24 13:08:25.942, 2, 0, 10088
2026/05/24 13:08:25.946, 3, 100, 10088
2026/05/24 13:08:41.054, 0, 43, 10490
2026/05/24 13:08:41.056, 1, 93, 10088
2026/05/24 13:08:41.057, 2, 99, 10088
2026/05/24 13:08:41.059, 3, 100, 10088
2026/05/24 13:08:56.206, 0, 0, 10490
2026/05/24 13:08:56.207, 1, 0, 10088
2026/05/24 13:08:56.209, 2, 0, 10088
2026/05/24 13:08:56.210, 3, 0, 10088
2026/05/24 13:09:11.293, 0, 8, 10490
2026/05/24 13:09:11.295, 1, 0, 10088
2026/05/24 13:09:11.297, 2, 0, 10088
2026/05/24 13:09:11.298, 3, 0, 10088
2026/05/24 13:09:26.401, 0, 9, 10490
2026/05/24 13:09:26.403, 1, 0, 10088
2026/05/24 13:09:26.404, 2, 0, 10088
2026/05/24 13:09:26.406, 3, 0, 10088
2026/05/24 13:09:41.501, 0, 14, 10490
2026/05/24 13:09:41.503, 1, 0, 10088
2026/05/24 13:09:41.504, 2, 0, 10088
2026/05/24 13:09:41.505, 3, 0, 10088
2026/05/24 13:09:56.619, 0, 100, 10490
2026/05/24 13:09:56.623, 1, 100, 10088
2026/05/24 13:09:56.625, 2, 100, 10088
2026/05/24 13:09:56.628, 3, 12, 10088
2026/05/24 13:10:11.729, 0, 9, 10490
2026/05/24 13:10:11.731, 1, 0, 10088
2026/05/24 13:10:11.732, 2, 0, 10088
2026/05/24 13:10:11.734, 3, 12, 10088
2026/05/24 13:10:26.817, 0, 100, 10490
2026/05/24 13:10:26.819, 1, 100, 10088
2026/05/24 13:10:26.821, 2, 100, 10088
2026/05/24 13:10:26.822, 3, 100, 10088
2026/05/24 13:10:41.906, 0, 100, 10490
2026/05/24 13:10:41.908, 1, 100, 10088
2026/05/24 13:10:41.909, 2, 100, 10088
2026/05/24 13:10:41.910, 3, 0, 10088
2026/05/24 13:10:57.010, 0, 17, 10490
2026/05/24 13:10:57.012, 1, 0, 10088
2026/05/24 13:10:57.013, 2, 0, 10088
2026/05/24 13:10:57.015, 3, 0, 10088
2026/05/24 13:11:12.205, 0, 100, 10490
2026/05/24 13:11:12.207, 1, 100, 10088
2026/05/24 13:11:12.210, 2, 100, 10088
2026/05/24 13:11:12.212, 3, 69, 10088
2026/05/24 13:11:27.358, 0, 100, 10490
2026/05/24 13:11:27.362, 1, 100, 10088
2026/05/24 13:11:27.366, 2, 100, 10088
2026/05/24 13:11:27.369, 3, 100, 10088
2026/05/24 13:11:42.666, 0, 9, 10490
2026/05/24 13:11:42.668, 1, 0, 10088
2026/05/24 13:11:42.669, 2, 0, 10088
2026/05/24 13:11:42.670, 3, 0, 10088
2026/05/24 13:11:57.777, 0, 100, 10490
2026/05/24 13:11:57.781, 1, 100, 10088
2026/05/24 13:11:57.785, 2, 100, 10088
2026/05/24 13:11:57.788, 3, 100, 10088
2026/05/24 13:12:13.020, 0, 100, 10490
2026/05/24 13:12:13.023, 1, 100, 10088
2026/05/24 13:12:13.025, 2, 100, 10088
2026/05/24 13:12:13.027, 3, 100, 10088
2026/05/24 13:12:28.209, 0, 12, 10490
2026/05/24 13:12:28.211, 1, 0, 10088
2026/05/24 13:12:28.213, 2, 0, 10088
2026/05/24 13:12:28.214, 3, 0, 10088
2026/05/24 13:12:43.306, 0, 100, 10490
2026/05/24 13:12:43.309, 1, 100, 10088
2026/05/24 13:12:43.310, 2, 100, 10088
2026/05/24 13:12:43.314, 3, 100, 10088
2026/05/24 13:12:58.589, 0, 1, 10490
2026/05/24 13:12:58.591, 1, 0, 10088
2026/05/24 13:12:58.592, 2, 0, 10088
2026/05/24 13:12:58.593, 3, 0, 10088
2026/05/24 13:13:13.929, 0, 100, 10490
2026/05/24 13:13:13.932, 1, 71, 10088
2026/05/24 13:13:13.936, 2, 100, 10088
2026/05/24 13:13:13.939, 3, 100, 10088
2026/05/24 13:13:29.067, 0, 5, 10490
2026/05/24 13:13:29.070, 1, 0, 10088
2026/05/24 13:13:29.073, 2, 0, 10088
2026/05/24 13:13:29.075, 3, 0, 10088
2026/05/24 13:13:44.195, 0, 100, 10490
2026/05/24 13:13:44.199, 1, 100, 10088
2026/05/24 13:13:44.289, 2, 100, 10088
2026/05/24 13:13:44.292, 3, 98, 10088
2026/05/24 13:13:59.433, 0, 10, 10490
2026/05/24 13:13:59.435, 1, 0, 10088
2026/05/24 13:13:59.436, 2, 0, 10088
2026/05/24 13:13:59.438, 3, 0, 10088
2026/05/24 13:14:14.510, 0, 1, 10490
2026/05/24 13:14:14.511, 1, 100, 10088
2026/05/24 13:14:14.512, 2, 0, 10088
2026/05/24 13:14:14.513, 3, 100, 10088
2026/05/24 13:14:29.684, 0, 0, 10490
2026/05/24 13:14:29.688, 1, 0, 10088
2026/05/24 13:14:29.691, 2, 0, 10088
2026/05/24 13:14:29.694, 3, 0, 10088
2026/05/24 13:14:45.142, 0, 100, 10490
2026/05/24 13:14:45.146, 1, 100, 10088
2026/05/24 13:14:45.148, 2, 100, 10088
2026/05/24 13:14:45.151, 3, 100, 10088
2026/05/24 13:15:00.317, 0, 8, 10490
2026/05/24 13:15:00.319, 1, 0, 10088
2026/05/24 13:15:00.320, 2, 0, 10088
2026/05/24 13:15:00.322, 3, 0, 10088
2026/05/24 13:15:15.430, 0, 100, 10490
2026/05/24 13:15:15.435, 1, 81, 10088
2026/05/24 13:15:15.438, 2, 100, 10088
2026/05/24 13:15:15.442, 3, 100, 10088
2026/05/24 13:15:30.538, 0, 13, 10490
2026/05/24 13:15:30.540, 1, 0, 10088
2026/05/24 13:15:30.541, 2, 0, 10088
2026/05/24 13:15:30.542, 3, 0, 10088
2026/05/24 13:15:45.663, 0, 9, 10490
2026/05/24 13:15:45.668, 1, 0, 10088
2026/05/24 13:15:45.671, 2, 0, 10088
2026/05/24 13:15:45.674, 3, 0, 10088
2026/05/24 13:16:00.789, 0, 100, 10490
2026/05/24 13:16:00.793, 1, 100, 10088
2026/05/24 13:16:00.797, 2, 100, 10088
2026/05/24 13:16:00.800, 3, 82, 10088
2026/05/24 13:16:15.964, 0, 5, 10490
2026/05/24 13:16:15.966, 1, 0, 10088
2026/05/24 13:16:15.967, 2, 0, 10088
2026/05/24 13:16:15.968, 3, 0, 10088
2026/05/24 13:16:31.158, 0, 95, 10490
2026/05/24 13:16:31.160, 1, 0, 10088
2026/05/24 13:16:31.161, 2, 100, 10088
2026/05/24 13:16:31.162, 3, 0, 10088
2026/05/24 13:16:46.266, 0, 12, 10490
2026/05/24 13:16:46.268, 1, 0, 10088
2026/05/24 13:16:46.270, 2, 0, 10088
2026/05/24 13:16:46.271, 3, 0, 10088
2026/05/24 13:17:01.409, 0, 100, 10490
2026/05/24 13:17:01.413, 1, 100, 10088
2026/05/24 13:17:01.416, 2, 100, 10088
2026/05/24 13:17:01.420, 3, 0, 10088
2026/05/24 13:17:16.513, 0, 14, 10490
2026/05/24 13:17:16.515, 1, 100, 10088
2026/05/24 13:17:16.517, 2, 0, 10088
2026/05/24 13:17:16.518, 3, 100, 10088
2026/05/24 13:17:31.601, 0, 8, 10490
2026/05/24 13:17:31.603, 1, 0, 10088
2026/05/24 13:17:31.604, 2, 0, 10088
2026/05/24 13:17:31.606, 3, 0, 10088
2026/05/24 13:17:46.707, 0, 0, 10490
2026/05/24 13:17:46.709, 1, 0, 10088
2026/05/24 13:17:46.710, 2, 0, 10088
2026/05/24 13:17:46.711, 3, 0, 10088
2026/05/24 13:18:02.130, 0, 61, 10490
2026/05/24 13:18:02.132, 1, 100, 10088
2026/05/24 13:18:02.135, 2, 86, 10088
2026/05/24 13:18:02.138, 3, 100, 10088
2026/05/24 13:18:17.434, 0, 10, 10490
2026/05/24 13:18:17.437, 1, 0, 10088
2026/05/24 13:18:17.438, 2, 0, 10088
2026/05/24 13:18:17.440, 3, 0, 10088
2026/05/24 13:18:32.684, 0, 9, 10490
2026/05/24 13:18:32.688, 1, 0, 10088
2026/05/24 13:18:32.691, 2, 0, 10088
2026/05/24 13:18:32.696, 3, 0, 10088
2026/05/24 13:18:47.801, 0, 100, 10490
2026/05/24 13:18:47.803, 1, 100, 10088
2026/05/24 13:18:47.806, 2, 100, 10088
2026/05/24 13:18:47.809, 3, 0, 10088
2026/05/24 13:19:02.905, 0, 8, 10490
2026/05/24 13:19:02.907, 1, 0, 10088
2026/05/24 13:19:02.909, 2, 0, 10088
2026/05/24 13:19:02.910, 3, 0, 10088
2026/05/24 13:19:18.027, 0, 100, 10490
2026/05/24 13:19:18.029, 1, 78, 10088
2026/05/24 13:19:18.030, 2, 100, 10088
2026/05/24 13:19:18.031, 3, 100, 10088
2026/05/24 13:19:33.407, 0, 0, 10490
2026/05/24 13:19:33.410, 1, 0, 10088
2026/05/24 13:19:33.411, 2, 0, 10088
2026/05/24 13:19:33.412, 3, 0, 10088
2026/05/24 13:19:48.693, 0, 8, 10490
2026/05/24 13:19:48.695, 1, 0, 10088
2026/05/24 13:19:48.697, 2, 0, 10088
2026/05/24 13:19:48.698, 3, 0, 10088
2026/05/24 13:20:03.798, 0, 10, 10490
2026/05/24 13:20:03.801, 1, 0, 10088
2026/05/24 13:20:03.804, 2, 0, 10088
2026/05/24 13:20:03.808, 3, 0, 10088
2026/05/24 13:20:18.918, 0, 8, 10490
2026/05/24 13:20:18.920, 1, 0, 10088
2026/05/24 13:20:18.921, 2, 0, 10088
2026/05/24 13:20:18.922, 3, 0, 10088
2026/05/24 13:20:34.058, 0, 0, 10490
2026/05/24 13:20:34.060, 1, 0, 10088
2026/05/24 13:20:34.061, 2, 0, 10088
2026/05/24 13:20:34.062, 3, 0, 10088
2026/05/24 13:20:49.145, 0, 9, 10490
2026/05/24 13:20:49.147, 1, 0, 10088
2026/05/24 13:20:49.148, 2, 0, 10088
2026/05/24 13:20:49.149, 3, 0, 10088
2026/05/24 13:21:04.234, 0, 3, 10490
2026/05/24 13:21:04.237, 1, 0, 10088
2026/05/24 13:21:04.238, 2, 0, 10088
2026/05/24 13:21:04.239, 3, 0, 10088
2026/05/24 13:21:19.321, 0, 9, 10490
2026/05/24 13:21:19.323, 1, 0, 10088
2026/05/24 13:21:19.324, 2, 0, 10088
2026/05/24 13:21:19.326, 3, 0, 10088
2026/05/24 13:21:34.501, 0, 0, 10490
2026/05/24 13:21:34.503, 1, 0, 10088
2026/05/24 13:21:34.504, 2, 0, 10088
2026/05/24 13:21:34.505, 3, 0, 10088
2026/05/24 13:21:49.593, 0, 100, 10490
2026/05/24 13:21:49.597, 1, 100, 10088
2026/05/24 13:21:49.600, 2, 100, 10088
2026/05/24 13:21:49.602, 3, 90, 10088
2026/05/24 13:22:04.704, 0, 100, 10490
2026/05/24 13:22:04.706, 1, 100, 10088
2026/05/24 13:22:04.707, 2, 100, 10088
2026/05/24 13:22:04.708, 3, 100, 10088
2026/05/24 13:22:19.866, 0, 5, 10490
2026/05/24 13:22:19.870, 1, 0, 10088
2026/05/24 13:22:19.873, 2, 0, 10088
2026/05/24 13:22:19.876, 3, 0, 10088
2026/05/24 13:22:35.030, 0, 2, 10490
2026/05/24 13:22:35.032, 1, 0, 10088
2026/05/24 13:22:35.033, 2, 0, 10088
2026/05/24 13:22:35.034, 3, 0, 10088
2026/05/24 13:22:50.240, 0, 9, 10490
2026/05/24 13:22:50.242, 1, 0, 10088
2026/05/24 13:22:50.244, 2, 0, 10088
2026/05/24 13:22:50.245, 3, 0, 10088
2026/05/24 13:23:05.339, 0, 100, 10490
2026/05/24 13:23:05.343, 1, 100, 10088
2026/05/24 13:23:05.345, 2, 100, 10088
2026/05/24 13:23:05.348, 3, 100, 10088
2026/05/24 13:23:20.453, 0, 10, 10490
2026/05/24 13:23:20.456, 1, 0, 10088
2026/05/24 13:23:20.457, 2, 0, 10088
2026/05/24 13:23:20.458, 3, 0, 10088
2026/05/24 13:23:35.535, 0, 0, 10490
2026/05/24 13:23:35.537, 1, 0, 10088
2026/05/24 13:23:35.538, 2, 0, 10088
2026/05/24 13:23:35.539, 3, 0, 10088
2026/05/24 13:23:50.755, 0, 13, 10490
2026/05/24 13:23:50.757, 1, 0, 10088
2026/05/24 13:23:50.758, 2, 0, 10088
2026/05/24 13:23:50.759, 3, 0, 10088
2026/05/24 13:24:05.874, 0, 100, 10490
2026/05/24 13:24:05.876, 1, 100, 10088
2026/05/24 13:24:05.877, 2, 100, 10088
2026/05/24 13:24:05.879, 3, 62, 10088
2026/05/24 13:24:20.976, 0, 100, 10490
2026/05/24 13:24:20.980, 1, 100, 10088
2026/05/24 13:24:20.983, 2, 100, 10088
2026/05/24 13:24:20.986, 3, 100, 10088
2026/05/24 13:24:36.289, 0, 100, 10490
2026/05/24 13:24:36.292, 1, 100, 10088
2026/05/24 13:24:36.295, 2, 0, 10088
2026/05/24 13:24:36.297, 3, 100, 10088
2026/05/24 13:24:51.532, 0, 100, 10490
2026/05/24 13:24:51.536, 1, 100, 10088
2026/05/24 13:24:51.539, 2, 100, 10088
2026/05/24 13:24:51.542, 3, 100, 10088
2026/05/24 13:25:06.637, 0, 5, 10490
2026/05/24 13:25:06.639, 1, 0, 10088
2026/05/24 13:25:06.641, 2, 0, 10088
2026/05/24 13:25:06.642, 3, 0, 10088
2026/05/24 13:25:21.742, 0, 14, 10490
2026/05/24 13:25:21.744, 1, 0, 10088
2026/05/24 13:25:21.746, 2, 0, 10088
2026/05/24 13:25:21.747, 3, 0, 10088
2026/05/24 13:25:36.870, 0, 6, 10490
2026/05/24 13:25:36.874, 1, 0, 10088
2026/05/24 13:25:36.877, 2, 0, 10088
2026/05/24 13:25:36.881, 3, 0, 10088
2026/05/24 13:25:52.301, 0, 0, 10490
2026/05/24 13:25:52.303, 1, 0, 10088
2026/05/24 13:25:52.304, 2, 0, 10088
2026/05/24 13:25:52.306, 3, 0, 10088
2026/05/24 13:26:07.385, 0, 8, 10490
2026/05/24 13:26:07.387, 1, 0, 10088
2026/05/24 13:26:07.389, 2, 0, 10088
2026/05/24 13:26:07.390, 3, 0, 10088
2026/05/24 13:26:22.473, 0, 9, 10490
2026/05/24 13:26:22.475, 1, 0, 10088
2026/05/24 13:26:22.476, 2, 0, 10088
2026/05/24 13:26:22.478, 3, 0, 10088
2026/05/24 13:26:37.562, 0, 13, 10490
2026/05/24 13:26:37.564, 1, 0, 10088
2026/05/24 13:26:37.566, 2, 0, 10088
2026/05/24 13:26:37.567, 3, 0, 10088
2026/05/24 13:26:52.841, 0, 1, 10490
2026/05/24 13:26:52.843, 1, 0, 10088
2026/05/24 13:26:52.844, 2, 0, 10088
2026/05/24 13:26:52.845, 3, 0, 10088
2026/05/24 13:27:07.929, 0, 9, 10490
2026/05/24 13:27:07.931, 1, 0, 10088
2026/05/24 13:27:07.932, 2, 0, 10088
2026/05/24 13:27:07.934, 3, 0, 10088
2026/05/24 13:27:23.061, 0, 12, 10490
2026/05/24 13:27:23.064, 1, 0, 10088
2026/05/24 13:27:23.067, 2, 0, 10088
2026/05/24 13:27:23.069, 3, 100, 10088
2026/05/24 13:27:38.161, 0, 100, 10490
2026/05/24 13:27:38.163, 1, 100, 10088
2026/05/24 13:27:38.164, 2, 100, 10088
2026/05/24 13:27:38.166, 3, 0, 10088
2026/05/24 13:27:53.384, 0, 2, 10490
2026/05/24 13:27:53.386, 1, 0, 10088
2026/05/24 13:27:53.387, 2, 0, 10088
2026/05/24 13:27:53.389, 3, 0, 10088
2026/05/24 13:28:08.582, 0, 13, 10490
2026/05/24 13:28:08.584, 1, 0, 10088
2026/05/24 13:28:08.586, 2, 0, 10088
2026/05/24 13:28:08.587, 3, 0, 10088
2026/05/24 13:28:23.730, 0, 100, 10490
2026/05/24 13:28:23.734, 1, 100, 10088
2026/05/24 13:28:23.738, 2, 100, 10088
2026/05/24 13:28:23.741, 3, 97, 10088
2026/05/24 13:28:38.882, 0, 6, 10490
2026/05/24 13:28:38.884, 1, 0, 10088
2026/05/24 13:28:38.885, 2, 0, 10088
2026/05/24 13:28:38.887, 3, 55, 10088
2026/05/24 13:28:54.033, 0, 0, 10490
2026/05/24 13:28:54.037, 1, 0, 10088
2026/05/24 13:28:54.039, 2, 0, 10088
2026/05/24 13:28:54.042, 3, 68, 10088
2026/05/24 13:29:09.317, 0, 9, 10490
2026/05/24 13:29:09.319, 1, 0, 10088
2026/05/24 13:29:09.320, 2, 0, 10088
2026/05/24 13:29:09.322, 3, 0, 10088
2026/05/24 13:29:24.435, 0, 100, 10490
2026/05/24 13:29:24.439, 1, 100, 10088
2026/05/24 13:29:24.443, 2, 100, 10088
2026/05/24 13:29:24.446, 3, 100, 10088
2026/05/24 13:29:39.577, 0, 13, 10490
2026/05/24 13:29:39.580, 1, 0, 10088
2026/05/24 13:29:39.581, 2, 0, 10088
2026/05/24 13:29:39.582, 3, 0, 10088
2026/05/24 13:29:54.672, 0, 0, 10490
2026/05/24 13:29:54.674, 1, 0, 10088
2026/05/24 13:29:54.675, 2, 0, 10088
2026/05/24 13:29:54.676, 3, 0, 10088
2026/05/24 13:30:09.767, 0, 100, 10490
2026/05/24 13:30:09.770, 1, 100, 10088
2026/05/24 13:30:09.773, 2, 100, 10088
2026/05/24 13:30:09.776, 3, 100, 10088
2026/05/24 13:30:24.922, 0, 10, 10490
2026/05/24 13:30:24.926, 1, 0, 10088
2026/05/24 13:30:24.928, 2, 0, 10088
2026/05/24 13:30:24.932, 3, 0, 10088
2026/05/24 13:30:40.219, 0, 100, 10490
2026/05/24 13:30:40.223, 1, 100, 10088
2026/05/24 13:30:40.226, 2, 100, 10088
2026/05/24 13:30:40.229, 3, 100, 10088
2026/05/24 13:30:55.457, 0, 3, 10490
2026/05/24 13:30:55.459, 1, 0, 10088
2026/05/24 13:30:55.461, 2, 0, 10088
2026/05/24 13:30:55.462, 3, 0, 10088
2026/05/24 13:31:10.550, 0, 100, 10490
2026/05/24 13:31:10.552, 1, 100, 10088
2026/05/24 13:31:10.553, 2, 100, 10088
2026/05/24 13:31:10.555, 3, 100, 10088
2026/05/24 13:31:25.747, 0, 100, 10490
2026/05/24 13:31:25.749, 1, 100, 10088
2026/05/24 13:31:25.750, 2, 100, 10088
2026/05/24 13:31:25.751, 3, 100, 10088
2026/05/24 13:31:40.870, 0, 74, 10490
2026/05/24 13:31:40.874, 1, 68, 10088
2026/05/24 13:31:40.877, 2, 33, 10088
2026/05/24 13:31:40.881, 3, 100, 10088
2026/05/24 13:31:56.000, 0, 3, 10490
2026/05/24 13:31:56.004, 1, 0, 10088
2026/05/24 13:31:56.007, 2, 0, 10088
2026/05/24 13:31:56.010, 3, 0, 10088
2026/05/24 13:32:11.318, 0, 15, 10490
2026/05/24 13:32:11.320, 1, 0, 10088
2026/05/24 13:32:11.321, 2, 0, 10088
2026/05/24 13:32:11.323, 3, 0, 10088
2026/05/24 13:32:26.433, 0, 100, 10490
2026/05/24 13:32:26.437, 1, 100, 10088
2026/05/24 13:32:26.440, 2, 100, 10088
2026/05/24 13:32:26.444, 3, 100, 10088
2026/05/24 13:32:41.584, 0, 9, 10490
2026/05/24 13:32:41.586, 1, 0, 10088
2026/05/24 13:32:41.587, 2, 0, 10088
2026/05/24 13:32:41.588, 3, 0, 10088
2026/05/24 13:32:56.689, 0, 100, 10490
2026/05/24 13:32:56.691, 1, 100, 10088
2026/05/24 13:32:56.692, 2, 100, 10088
2026/05/24 13:32:56.694, 3, 100, 10088
2026/05/24 13:33:11.777, 0, 0, 10490
2026/05/24 13:33:11.779, 1, 0, 10088
2026/05/24 13:33:11.781, 2, 0, 10088
2026/05/24 13:33:11.782, 3, 0, 10088
2026/05/24 13:33:26.865, 0, 9, 10490
2026/05/24 13:33:26.867, 1, 0, 10088
2026/05/24 13:33:26.869, 2, 0, 10088
2026/05/24 13:33:26.870, 3, 12, 10088
2026/05/24 13:33:41.954, 0, 14, 10490
2026/05/24 13:33:41.957, 1, 0, 10088
2026/05/24 13:33:41.958, 2, 0, 10088
2026/05/24 13:33:41.959, 3, 0, 10088
2026/05/24 13:33:57.065, 0, 0, 10490
2026/05/24 13:33:57.067, 1, 97, 10088
2026/05/24 13:33:57.068, 2, 0, 10088
2026/05/24 13:33:57.070, 3, 0, 10088
2026/05/24 13:34:12.405, 0, 0, 10490
2026/05/24 13:34:12.407, 1, 0, 10088
2026/05/24 13:34:12.408, 2, 0, 10088
2026/05/24 13:34:12.409, 3, 0, 10088
2026/05/24 13:34:27.519, 0, 77, 10490
2026/05/24 13:34:27.523, 1, 0, 10088
2026/05/24 13:34:27.526, 2, 90, 10088
2026/05/24 13:34:27.529, 3, 0, 10088
2026/05/24 13:34:42.627, 0, 100, 10490
2026/05/24 13:34:42.629, 1, 100, 10088
2026/05/24 13:34:42.630, 2, 100, 10088
2026/05/24 13:34:42.631, 3, 100, 10088
2026/05/24 13:34:57.742, 0, 100, 10490
2026/05/24 13:34:57.744, 1, 100, 10088
2026/05/24 13:34:57.745, 2, 100, 10088
2026/05/24 13:34:57.747, 3, 100, 10088
2026/05/24 13:35:12.866, 0, 14, 10490
2026/05/24 13:35:12.868, 1, 0, 10088
2026/05/24 13:35:12.870, 2, 0, 10088
2026/05/24 13:35:12.871, 3, 0, 10088
2026/05/24 13:35:27.982, 0, 100, 10490
2026/05/24 13:35:27.987, 1, 100, 10088
2026/05/24 13:35:27.991, 2, 100, 10088
2026/05/24 13:35:27.993, 3, 100, 10088
2026/05/24 13:35:43.116, 0, 100, 10490
2026/05/24 13:35:43.120, 1, 100, 10088
2026/05/24 13:35:43.123, 2, 100, 10088
2026/05/24 13:35:43.127, 3, 100, 10088
2026/05/24 13:35:58.217, 0, 77, 10490
2026/05/24 13:35:58.219, 1, 100, 10088
2026/05/24 13:35:58.221, 2, 91, 10088
2026/05/24 13:35:58.222, 3, 85, 10088
2026/05/24 13:36:13.350, 0, 9, 10490
2026/05/24 13:36:13.352, 1, 0, 10088
2026/05/24 13:36:13.353, 2, 0, 10088
2026/05/24 13:36:13.354, 3, 0, 10088
2026/05/24 13:36:28.451, 0, 100, 10490
2026/05/24 13:36:28.455, 1, 100, 10088
2026/05/24 13:36:28.458, 2, 100, 10088
2026/05/24 13:36:28.460, 3, 51, 10088
2026/05/24 13:36:43.557, 0, 7, 10490
2026/05/24 13:36:43.559, 1, 0, 10088
2026/05/24 13:36:43.561, 2, 0, 10088
2026/05/24 13:36:43.562, 3, 0, 10088
2026/05/24 13:36:58.689, 0, 100, 10490
2026/05/24 13:36:58.693, 1, 100, 10088
2026/05/24 13:36:58.696, 2, 100, 10088
2026/05/24 13:36:58.699, 3, 100, 10088
2026/05/24 13:37:13.793, 0, 2, 10490
2026/05/24 13:37:13.795, 1, 0, 10088
2026/05/24 13:37:13.797, 2, 0, 10088
2026/05/24 13:37:13.798, 3, 0, 10088
2026/05/24 13:37:28.954, 0, 8, 10490
2026/05/24 13:37:28.956, 1, 0, 10088
2026/05/24 13:37:29.087, 2, 0, 10088
2026/05/24 13:37:29.089, 3, 0, 10088
2026/05/24 13:37:44.170, 0, 5, 10490
2026/05/24 13:37:44.172, 1, 0, 10088
2026/05/24 13:37:44.173, 2, 0, 10088
2026/05/24 13:37:44.174, 3, 0, 10088
2026/05/24 13:37:59.274, 0, 14, 10490
2026/05/24 13:37:59.277, 1, 0, 10088
2026/05/24 13:37:59.278, 2, 0, 10088
2026/05/24 13:37:59.279, 3, 0, 10088
2026/05/24 13:38:14.365, 0, 3, 10490
2026/05/24 13:38:14.367, 1, 0, 10088
2026/05/24 13:38:14.368, 2, 0, 10088
2026/05/24 13:38:14.370, 3, 0, 10088
2026/05/24 13:38:29.454, 0, 0, 10490
2026/05/24 13:38:29.456, 1, 0, 10088
2026/05/24 13:38:29.458, 2, 0, 10088
2026/05/24 13:38:29.459, 3, 0, 10088
2026/05/24 13:38:44.661, 0, 6, 10490
2026/05/24 13:38:44.662, 1, 0, 10088
2026/05/24 13:38:44.663, 2, 0, 10088
2026/05/24 13:38:44.664, 3, 0, 10088
2026/05/24 13:39:00.033, 0, 100, 10490
2026/05/24 13:39:00.038, 1, 100, 10088
2026/05/24 13:39:00.154, 2, 100, 10088
2026/05/24 13:39:00.156, 3, 72, 10088
2026/05/24 13:39:15.327, 0, 100, 10490
2026/05/24 13:39:15.331, 1, 100, 10088
2026/05/24 13:39:15.334, 2, 100, 10088
2026/05/24 13:39:15.336, 3, 100, 10088
2026/05/24 13:39:30.540, 0, 2, 10490
2026/05/24 13:39:30.544, 1, 0, 10088
2026/05/24 13:39:30.548, 2, 94, 10088
2026/05/24 13:39:30.552, 3, 0, 10088
2026/05/24 13:39:45.688, 0, 100, 10490
2026/05/24 13:39:45.692, 1, 100, 10088
2026/05/24 13:39:45.696, 2, 100, 10088
2026/05/24 13:39:45.700, 3, 100, 10088
2026/05/24 13:40:00.833, 0, 100, 10490
2026/05/24 13:40:00.837, 1, 100, 10088
2026/05/24 13:40:00.840, 2, 100, 10088
2026/05/24 13:40:00.843, 3, 100, 10088
2026/05/24 13:40:15.957, 0, 0, 10490
2026/05/24 13:40:15.959, 1, 0, 10088
2026/05/24 13:40:15.961, 2, 0, 10088
2026/05/24 13:40:15.962, 3, 0, 10088
2026/05/24 13:40:31.236, 0, 100, 10490
2026/05/24 13:40:31.241, 1, 100, 10088
2026/05/24 13:40:31.245, 2, 100, 10088
2026/05/24 13:40:31.249, 3, 100, 10088
2026/05/24 13:40:46.406, 0, 13, 10490
2026/05/24 13:40:46.408, 1, 0, 10088
2026/05/24 13:40:46.410, 2, 0, 10088
2026/05/24 13:40:46.411, 3, 0, 10088
2026/05/24 13:41:01.493, 0, 6, 10490
2026/05/24 13:41:01.495, 1, 0, 10088
2026/05/24 13:41:01.497, 2, 0, 10088
2026/05/24 13:41:01.498, 3, 0, 10088
2026/05/24 13:41:16.618, 0, 100, 10490
2026/05/24 13:41:16.620, 1, 100, 10088
2026/05/24 13:41:16.621, 2, 100, 10088
2026/05/24 13:41:16.623, 3, 100, 10088
2026/05/24 13:41:31.715, 0, 100, 10490
2026/05/24 13:41:31.719, 1, 100, 10088
2026/05/24 13:41:31.723, 2, 100, 10088
2026/05/24 13:41:31.727, 3, 100, 10088
2026/05/24 13:41:46.886, 0, 69, 10490
2026/05/24 13:41:46.890, 1, 100, 10088
2026/05/24 13:41:46.893, 2, 100, 10088
2026/05/24 13:41:46.896, 3, 100, 10088
2026/05/24 13:42:02.201, 0, 7, 10490
2026/05/24 13:42:02.203, 1, 0, 10088
2026/05/24 13:42:02.204, 2, 0, 10088
2026/05/24 13:42:02.206, 3, 0, 10088
2026/05/24 13:42:17.490, 0, 2, 10490
2026/05/24 13:42:17.492, 1, 0, 10088
2026/05/24 13:42:17.493, 2, 0, 10088
2026/05/24 13:42:17.495, 3, 0, 10088
2026/05/24 13:42:32.577, 0, 9, 10490
2026/05/24 13:42:32.579, 1, 0, 10088
2026/05/24 13:42:32.581, 2, 0, 10088
2026/05/24 13:42:32.582, 3, 0, 10088
2026/05/24 13:42:47.692, 0, 100, 10490
2026/05/24 13:42:47.696, 1, 100, 10088
2026/05/24 13:42:47.699, 2, 100, 10088
2026/05/24 13:42:47.702, 3, 100, 10088
2026/05/24 13:43:02.805, 0, 100, 10490
2026/05/24 13:43:02.810, 1, 100, 10088
2026/05/24 13:43:02.812, 2, 100, 10088
2026/05/24 13:43:02.815, 3, 100, 10088
2026/05/24 13:43:18.110, 0, 6, 10490
2026/05/24 13:43:18.112, 1, 0, 10088
2026/05/24 13:43:18.113, 2, 0, 10088
2026/05/24 13:43:18.115, 3, 0, 10088
2026/05/24 13:43:33.197, 0, 4, 10490
2026/05/24 13:43:33.199, 1, 0, 10088
2026/05/24 13:43:33.201, 2, 0, 10088
2026/05/24 13:43:33.202, 3, 0, 10088
2026/05/24 13:43:48.326, 0, 14, 10490
2026/05/24 13:43:48.328, 1, 0, 10088
2026/05/24 13:43:48.329, 2, 0, 10088
2026/05/24 13:43:48.331, 3, 0, 10088
2026/05/24 13:44:03.413, 0, 1, 10490
2026/05/24 13:44:03.415, 1, 0, 10088
2026/05/24 13:44:03.417, 2, 0, 10088
2026/05/24 13:44:03.418, 3, 0, 10088
2026/05/24 13:44:18.599, 0, 3, 10490
2026/05/24 13:44:18.601, 1, 0, 10088
2026/05/24 13:44:18.602, 2, 0, 10088
2026/05/24 13:44:18.603, 3, 0, 10088
2026/05/24 13:44:33.682, 0, 100, 10490
2026/05/24 13:44:33.684, 1, 100, 10088
2026/05/24 13:44:33.685, 2, 100, 10088
2026/05/24 13:44:33.686, 3, 100, 10088
2026/05/24 13:44:48.800, 0, 100, 10490
2026/05/24 13:44:48.806, 1, 97, 10088
2026/05/24 13:44:48.809, 2, 100, 10088
2026/05/24 13:44:48.812, 3, 0, 10088
2026/05/24 13:45:03.901, 0, 9, 10490
2026/05/24 13:45:03.903, 1, 0, 10088
2026/05/24 13:45:03.905, 2, 0, 10088
2026/05/24 13:45:03.906, 3, 0, 10088
2026/05/24 13:45:19.249, 0, 14, 10490
2026/05/24 13:45:19.251, 1, 0, 10088
2026/05/24 13:45:19.253, 2, 0, 10088
2026/05/24 13:45:19.254, 3, 0, 10088
2026/05/24 13:45:34.337, 0, 100, 10490
2026/05/24 13:45:34.339, 1, 86, 10088
2026/05/24 13:45:34.341, 2, 82, 10088
2026/05/24 13:45:34.342, 3, 100, 10088
2026/05/24 13:45:49.425, 0, 9, 10490
2026/05/24 13:45:49.427, 1, 0, 10088
2026/05/24 13:45:49.428, 2, 0, 10088
2026/05/24 13:45:49.430, 3, 0, 10088
2026/05/24 13:46:04.613, 0, 100, 10490
2026/05/24 13:46:04.615, 1, 100, 10088
2026/05/24 13:46:04.616, 2, 100, 10088
2026/05/24 13:46:04.617, 3, 100, 10088
2026/05/24 13:46:19.758, 0, 2, 10490
2026/05/24 13:46:19.760, 1, 0, 10088
2026/05/24 13:46:19.761, 2, 0, 10088
2026/05/24 13:46:19.763, 3, 0, 10088
2026/05/24 13:46:34.845, 0, 100, 10490
2026/05/24 13:46:34.847, 1, 100, 10088
2026/05/24 13:46:34.849, 2, 100, 10088
2026/05/24 13:46:34.850, 3, 100, 10088
2026/05/24 13:46:49.934, 0, 14, 10490
2026/05/24 13:46:49.936, 1, 0, 10088
2026/05/24 13:46:49.937, 2, 0, 10088
2026/05/24 13:46:49.938, 3, 0, 10088
2026/05/24 13:47:05.081, 0, 9, 10490
2026/05/24 13:47:05.085, 1, 0, 10088
2026/05/24 13:47:05.088, 2, 0, 10088
2026/05/24 13:47:05.091, 3, 0, 10088
2026/05/24 13:47:20.371, 0, 6, 10490
2026/05/24 13:47:20.372, 1, 0, 10088
2026/05/24 13:47:20.373, 2, 0, 10088
2026/05/24 13:47:20.374, 3, 0, 10088
2026/05/24 13:47:35.454, 0, 9, 10490
2026/05/24 13:47:35.456, 1, 0, 10088
2026/05/24 13:47:35.457, 2, 0, 10088
2026/05/24 13:47:35.458, 3, 0, 10088
2026/05/24 13:47:50.536, 0, 8, 10490
2026/05/24 13:47:50.539, 1, 0, 10088
2026/05/24 13:47:50.540, 2, 0, 10088
2026/05/24 13:47:50.541, 3, 100, 10088
2026/05/24 13:48:05.714, 0, 100, 10490
2026/05/24 13:48:05.718, 1, 100, 10088
2026/05/24 13:48:05.721, 2, 100, 10088
2026/05/24 13:48:05.724, 3, 0, 10088
2026/05/24 13:48:20.890, 0, 8, 10490
2026/05/24 13:48:20.892, 1, 0, 10088
2026/05/24 13:48:20.893, 2, 0, 10088
2026/05/24 13:48:20.894, 3, 0, 10088
2026/05/24 13:48:35.977, 0, 9, 10490
2026/05/24 13:48:35.979, 1, 0, 10088
2026/05/24 13:48:35.981, 2, 0, 10088
2026/05/24 13:48:35.982, 3, 100, 10088
2026/05/24 13:48:51.077, 0, 100, 10490
2026/05/24 13:48:51.080, 1, 79, 10088
2026/05/24 13:48:51.083, 2, 100, 10088
2026/05/24 13:48:51.086, 3, 0, 10088
2026/05/24 13:49:06.314, 0, 10, 10490
2026/05/24 13:49:06.318, 1, 0, 10088
2026/05/24 13:49:06.322, 2, 0, 10088
2026/05/24 13:49:06.325, 3, 100, 10088
2026/05/24 13:49:21.461, 0, 100, 10490
2026/05/24 13:49:21.463, 1, 0, 10088
2026/05/24 13:49:21.465, 2, 100, 10088
2026/05/24 13:49:21.466, 3, 0, 10088
2026/05/24 13:49:36.550, 0, 14, 10490
2026/05/24 13:49:36.552, 1, 0, 10088
2026/05/24 13:49:36.553, 2, 0, 10088
2026/05/24 13:49:36.554, 3, 0, 10088
2026/05/24 13:49:51.920, 0, 100, 10490
2026/05/24 13:49:51.922, 1, 52, 10088
2026/05/24 13:49:51.923, 2, 100, 10088
2026/05/24 13:49:51.924, 3, 100, 10088
2026/05/24 13:50:07.264, 0, 100, 10490
2026/05/24 13:50:07.266, 1, 100, 10088
2026/05/24 13:50:07.266, 2, 100, 10088
2026/05/24 13:50:07.267, 3, 0, 10088
2026/05/24 13:50:22.573, 0, 0, 10490
2026/05/24 13:50:22.575, 1, 0, 10088
2026/05/24 13:50:22.577, 2, 0, 10088
2026/05/24 13:50:22.578, 3, 0, 10088
2026/05/24 13:50:37.808, 0, 100, 10490
2026/05/24 13:50:37.810, 1, 100, 10088
2026/05/24 13:50:37.811, 2, 100, 10088
2026/05/24 13:50:37.813, 3, 100, 10088
2026/05/24 13:50:52.979, 0, 100, 10490
2026/05/24 13:50:52.983, 1, 100, 10088
2026/05/24 13:50:52.986, 2, 100, 10088
2026/05/24 13:50:52.989, 3, 100, 10088
2026/05/24 13:51:08.197, 0, 13, 10490
2026/05/24 13:51:08.199, 1, 0, 10088
2026/05/24 13:51:08.200, 2, 0, 10088
2026/05/24 13:51:08.202, 3, 0, 10088
2026/05/24 13:51:23.286, 0, 9, 10490
2026/05/24 13:51:23.288, 1, 0, 10088
2026/05/24 13:51:23.290, 2, 0, 10088
2026/05/24 13:51:23.291, 3, 0, 10088
2026/05/24 13:51:38.460, 0, 100, 10490
2026/05/24 13:51:38.464, 1, 100, 10088
2026/05/24 13:51:38.467, 2, 83, 10088
2026/05/24 13:51:38.470, 3, 100, 10088
2026/05/24 13:51:53.825, 0, 100, 10490
2026/05/24 13:51:53.828, 1, 100, 10088
2026/05/24 13:51:53.831, 2, 100, 10088
2026/05/24 13:51:53.834, 3, 99, 10088
2026/05/24 13:52:08.925, 0, 100, 10490
2026/05/24 13:52:08.927, 1, 100, 10088
2026/05/24 13:52:08.929, 2, 100, 10088
2026/05/24 13:52:08.930, 3, 100, 10088
2026/05/24 13:52:24.018, 0, 100, 10490
2026/05/24 13:52:24.020, 1, 100, 10088
2026/05/24 13:52:24.021, 2, 100, 10088
2026/05/24 13:52:24.022, 3, 100, 10088
2026/05/24 13:52:39.122, 0, 8, 10490
2026/05/24 13:52:39.124, 1, 0, 10088
2026/05/24 13:52:39.125, 2, 0, 10088
2026/05/24 13:52:39.126, 3, 0, 10088
2026/05/24 13:52:54.245, 0, 7, 10490
2026/05/24 13:52:54.247, 1, 0, 10088
2026/05/24 13:52:54.248, 2, 0, 10088
2026/05/24 13:52:54.250, 3, 0, 10088
2026/05/24 13:53:09.358, 0, 100, 10490
2026/05/24 13:53:09.362, 1, 100, 10088
2026/05/24 13:53:09.365, 2, 100, 10088
2026/05/24 13:53:09.368, 3, 79, 10088
2026/05/24 13:53:24.553, 0, 2, 10490
2026/05/24 13:53:24.623, 1, 0, 10088
2026/05/24 13:53:24.624, 2, 0, 10088
2026/05/24 13:53:24.625, 3, 100, 10088
2026/05/24 13:53:39.698, 0, 6, 10490
2026/05/24 13:53:39.699, 1, 0, 10088
2026/05/24 13:53:39.700, 2, 0, 10088
2026/05/24 13:53:39.701, 3, 0, 10088
2026/05/24 13:53:54.803, 0, 14, 10490
2026/05/24 13:53:54.805, 1, 0, 10088
2026/05/24 13:53:54.806, 2, 0, 10088
2026/05/24 13:53:54.808, 3, 0, 10088
2026/05/24 13:54:10.012, 0, 100, 10490
2026/05/24 13:54:10.016, 1, 100, 10088
2026/05/24 13:54:10.019, 2, 100, 10088
2026/05/24 13:54:10.023, 3, 100, 10088
2026/05/24 13:54:25.117, 0, 9, 10490
2026/05/24 13:54:25.119, 1, 0, 10088
2026/05/24 13:54:25.121, 2, 0, 10088
2026/05/24 13:54:25.122, 3, 15, 10088
2026/05/24 13:54:40.269, 0, 56, 10490
2026/05/24 13:54:40.271, 1, 100, 10088
2026/05/24 13:54:40.273, 2, 0, 10088
2026/05/24 13:54:40.274, 3, 0, 10088
2026/05/24 13:54:55.573, 0, 2, 10490
2026/05/24 13:54:55.575, 1, 0, 10088
2026/05/24 13:54:55.576, 2, 0, 10088
2026/05/24 13:54:55.577, 3, 0, 10088
2026/05/24 13:55:10.844, 0, 100, 10490
2026/05/24 13:55:10.848, 1, 100, 10088
2026/05/24 13:55:10.851, 2, 72, 10088
2026/05/24 13:55:10.854, 3, 100, 10088
2026/05/24 13:55:25.970, 0, 13, 10490
2026/05/24 13:55:25.972, 1, 0, 10088
2026/05/24 13:55:25.973, 2, 0, 10088
2026/05/24 13:55:25.975, 3, 0, 10088
2026/05/24 13:55:41.138, 0, 54, 10490
2026/05/24 13:55:41.142, 1, 86, 10088
2026/05/24 13:55:41.146, 2, 9, 10088
2026/05/24 13:55:41.148, 3, 0, 10088
2026/05/24 13:55:56.288, 0, 9, 10490
2026/05/24 13:55:56.293, 1, 0, 10088
2026/05/24 13:55:56.296, 2, 0, 10088
2026/05/24 13:55:56.361, 3, 0, 10088
2026/05/24 13:56:11.505, 0, 0, 10490
2026/05/24 13:56:11.507, 1, 0, 10088
2026/05/24 13:56:11.508, 2, 0, 10088
2026/05/24 13:56:11.510, 3, 0, 10088
2026/05/24 13:56:26.714, 0, 7, 10490
2026/05/24 13:56:26.716, 1, 0, 10088
2026/05/24 13:56:26.717, 2, 0, 10088
2026/05/24 13:56:26.718, 3, 0, 10088
2026/05/24 13:56:41.937, 0, 1, 10490
2026/05/24 13:56:41.939, 1, 0, 10088
2026/05/24 13:56:41.941, 2, 0, 10088
2026/05/24 13:56:41.942, 3, 0, 10088
2026/05/24 13:56:57.042, 0, 13, 10490
2026/05/24 13:56:57.044, 1, 0, 10088
2026/05/24 13:56:57.045, 2, 0, 10088
2026/05/24 13:56:57.047, 3, 0, 10088
2026/05/24 13:57:12.228, 0, 100, 10490
2026/05/24 13:57:12.231, 1, 100, 10088
2026/05/24 13:57:12.234, 2, 100, 10088
2026/05/24 13:57:12.237, 3, 100, 10088
2026/05/24 13:57:27.343, 0, 63, 10490
2026/05/24 13:57:27.346, 1, 100, 10088
2026/05/24 13:57:27.350, 2, 54, 10088
2026/05/24 13:57:27.353, 3, 100, 10088
2026/05/24 13:57:42.578, 0, 100, 10490
2026/05/24 13:57:42.581, 1, 100, 10088
2026/05/24 13:57:42.584, 2, 100, 10088
2026/05/24 13:57:42.587, 3, 100, 10088
2026/05/24 13:57:57.798, 0, 8, 10490
2026/05/24 13:57:57.804, 1, 0, 10088
2026/05/24 13:57:57.808, 2, 0, 10088
2026/05/24 13:57:58.000, 3, 0, 10088
2026/05/24 13:58:13.245, 0, 9, 10490
2026/05/24 13:58:13.247, 1, 0, 10088
2026/05/24 13:58:13.248, 2, 0, 10088
2026/05/24 13:58:13.250, 3, 0, 10088
2026/05/24 13:58:28.370, 0, 13, 10490
2026/05/24 13:58:28.372, 1, 0, 10088
2026/05/24 13:58:28.374, 2, 0, 10088
2026/05/24 13:58:28.375, 3, 0, 10088
2026/05/24 13:58:43.508, 0, 6, 10490
2026/05/24 13:58:43.511, 1, 100, 10088
2026/05/24 13:58:43.514, 2, 0, 10088
2026/05/24 13:58:43.518, 3, 100, 10088
2026/05/24 13:58:58.613, 0, 6, 10490
2026/05/24 13:58:58.615, 1, 0, 10088
2026/05/24 13:58:58.617, 2, 0, 10088
2026/05/24 13:58:58.618, 3, 0, 10088
2026/05/24 13:59:13.714, 0, 100, 10490
2026/05/24 13:59:13.719, 1, 100, 10088
2026/05/24 13:59:13.722, 2, 100, 10088
2026/05/24 13:59:13.725, 3, 100, 10088
2026/05/24 13:59:28.821, 0, 100, 10490
2026/05/24 13:59:28.823, 1, 100, 10088
2026/05/24 13:59:28.825, 2, 100, 10088
2026/05/24 13:59:28.826, 3, 100, 10088
2026/05/24 13:59:43.945, 0, 9, 10490
2026/05/24 13:59:43.947, 1, 0, 10088
2026/05/24 13:59:43.949, 2, 0, 10088
2026/05/24 13:59:43.950, 3, 0, 10088
2026/05/24 13:59:59.248, 0, 1, 10490
2026/05/24 13:59:59.250, 1, 0, 10088
2026/05/24 13:59:59.251, 2, 0, 10088
2026/05/24 13:59:59.252, 3, 0, 10088
2026/05/24 14:00:14.357, 0, 9, 10490
2026/05/24 14:00:14.359, 1, 0, 10088
2026/05/24 14:00:14.360, 2, 0, 10088
2026/05/24 14:00:14.362, 3, 0, 10088
2026/05/24 14:00:29.499, 0, 8, 10490
2026/05/24 14:00:29.503, 1, 100, 10088
2026/05/24 14:00:29.506, 2, 0, 10088
2026/05/24 14:00:29.510, 3, 100, 10088
2026/05/24 14:00:44.613, 0, 6, 10490
2026/05/24 14:00:44.616, 1, 89, 10088
2026/05/24 14:00:44.619, 2, 0, 10088
2026/05/24 14:00:44.622, 3, 0, 10088
2026/05/24 14:00:59.893, 0, 8, 10490
2026/05/24 14:00:59.895, 1, 0, 10088
2026/05/24 14:00:59.897, 2, 0, 10088
2026/05/24 14:00:59.898, 3, 0, 10088
2026/05/24 14:01:15.237, 0, 12, 10490
2026/05/24 14:01:15.239, 1, 0, 10088
2026/05/24 14:01:15.240, 2, 0, 10088
2026/05/24 14:01:15.241, 3, 0, 10088
2026/05/24 14:01:30.368, 0, 10, 10490
2026/05/24 14:01:30.372, 1, 0, 10088
2026/05/24 14:01:30.375, 2, 0, 10088
2026/05/24 14:01:30.379, 3, 98, 10088
2026/05/24 14:01:45.518, 0, 9, 10490
2026/05/24 14:01:45.522, 1, 86, 10088
2026/05/24 14:01:45.603, 2, 0, 10088
2026/05/24 14:01:45.606, 3, 0, 10088
2026/05/24 14:02:00.697, 0, 10, 10490
2026/05/24 14:02:00.699, 1, 0, 10088
2026/05/24 14:02:00.701, 2, 0, 10088
2026/05/24 14:02:00.702, 3, 0, 10088
2026/05/24 14:02:15.930, 0, 9, 10490
2026/05/24 14:02:15.932, 1, 0, 10088
2026/05/24 14:02:15.933, 2, 0, 10088
2026/05/24 14:02:15.934, 3, 0, 10088
2026/05/24 14:02:31.025, 0, 100, 10490
2026/05/24 14:02:31.029, 1, 100, 10088
2026/05/24 14:02:31.032, 2, 100, 10088
2026/05/24 14:02:31.035, 3, 0, 10088
2026/05/24 14:02:46.154, 0, 13, 10490
2026/05/24 14:02:46.156, 1, 0, 10088
2026/05/24 14:02:46.158, 2, 0, 10088
2026/05/24 14:02:46.159, 3, 0, 10088
2026/05/24 14:03:01.420, 0, 100, 10490
2026/05/24 14:03:01.424, 1, 47, 10088
2026/05/24 14:03:01.427, 2, 100, 10088
2026/05/24 14:03:01.428, 3, 100, 10088
2026/05/24 14:03:16.581, 0, 100, 10490
2026/05/24 14:03:16.583, 1, 0, 10088
2026/05/24 14:03:16.585, 2, 100, 10088
2026/05/24 14:03:16.586, 3, 69, 10088
2026/05/24 14:03:31.669, 0, 9, 10490
2026/05/24 14:03:31.671, 1, 0, 10088
2026/05/24 14:03:31.673, 2, 0, 10088
2026/05/24 14:03:31.674, 3, 0, 10088
2026/05/24 14:03:46.757, 0, 9, 10490
2026/05/24 14:03:46.759, 1, 0, 10088
2026/05/24 14:03:46.760, 2, 0, 10088
2026/05/24 14:03:46.762, 3, 0, 10088
2026/05/24 14:04:01.931, 0, 33, 10490
2026/05/24 14:04:01.935, 1, 0, 10088
2026/05/24 14:04:01.937, 2, 0, 10088
2026/05/24 14:04:01.941, 3, 0, 10088
2026/05/24 14:04:17.193, 0, 9, 10490
2026/05/24 14:04:17.196, 1, 0, 10088
2026/05/24 14:04:17.197, 2, 0, 10088
2026/05/24 14:04:17.198, 3, 0, 10088
2026/05/24 14:04:32.281, 0, 100, 10490
2026/05/24 14:04:32.283, 1, 100, 10088
2026/05/24 14:04:32.285, 2, 100, 10088
2026/05/24 14:04:32.286, 3, 100, 10088
2026/05/24 14:04:47.369, 0, 100, 10490
2026/05/24 14:04:47.371, 1, 100, 10088
2026/05/24 14:04:47.373, 2, 100, 10088
2026/05/24 14:04:47.374, 3, 0, 10088
2026/05/24 14:05:02.478, 0, 7, 10490
2026/05/24 14:05:02.480, 1, 0, 10088
2026/05/24 14:05:02.481, 2, 0, 10088
2026/05/24 14:05:02.482, 3, 0, 10088
2026/05/24 14:05:17.693, 0, 4, 10490
2026/05/24 14:05:17.695, 1, 0, 10088
2026/05/24 14:05:17.696, 2, 0, 10088
2026/05/24 14:05:17.697, 3, 0, 10088
2026/05/24 14:05:32.786, 0, 100, 10490
2026/05/24 14:05:32.789, 1, 100, 10088
2026/05/24 14:05:32.791, 2, 100, 10088
2026/05/24 14:05:32.794, 3, 100, 10088
2026/05/24 14:05:47.889, 0, 13, 10490
2026/05/24 14:05:47.892, 1, 0, 10088
2026/05/24 14:05:47.893, 2, 0, 10088
2026/05/24 14:05:47.894, 3, 0, 10088
2026/05/24 14:06:02.977, 0, 9, 10490
2026/05/24 14:06:02.979, 1, 0, 10088
2026/05/24 14:06:02.981, 2, 0, 10088
2026/05/24 14:06:02.982, 3, 0, 10088
2026/05/24 14:06:18.187, 0, 91, 10490
2026/05/24 14:06:18.345, 1, 100, 10088
2026/05/24 14:06:18.347, 2, 62, 10088
2026/05/24 14:06:18.350, 3, 100, 10088
2026/05/24 14:06:33.476, 0, 0, 10490
2026/05/24 14:06:33.479, 1, 0, 10088
2026/05/24 14:06:33.482, 2, 0, 10088
2026/05/24 14:06:33.485, 3, 100, 10088
2026/05/24 14:06:48.699, 0, 5, 10490
2026/05/24 14:06:48.701, 1, 0, 10088
2026/05/24 14:06:48.703, 2, 0, 10088
2026/05/24 14:06:48.704, 3, 0, 10088
2026/05/24 14:07:03.869, 0, 14, 10490
2026/05/24 14:07:03.871, 1, 0, 10088
2026/05/24 14:07:03.873, 2, 0, 10088
2026/05/24 14:07:03.874, 3, 0, 10088
2026/05/24 14:07:19.013, 0, 5, 10490
2026/05/24 14:07:19.015, 1, 0, 10088
2026/05/24 14:07:19.017, 2, 0, 10088
2026/05/24 14:07:19.018, 3, 0, 10088
2026/05/24 14:07:34.126, 0, 100, 10490
2026/05/24 14:07:34.130, 1, 100, 10088
2026/05/24 14:07:34.134, 2, 100, 10088
2026/05/24 14:07:34.137, 3, 100, 10088
2026/05/24 14:07:49.322, 0, 100, 10490
2026/05/24 14:07:49.326, 1, 89, 10088
2026/05/24 14:07:49.329, 2, 100, 10088
2026/05/24 14:07:49.332, 3, 0, 10088
2026/05/24 14:08:04.513, 0, 9, 10490
2026/05/24 14:08:04.517, 1, 0, 10088
2026/05/24 14:08:04.521, 2, 0, 10088
2026/05/24 14:08:04.523, 3, 100, 10088
2026/05/24 14:08:19.689, 0, 8, 10490
2026/05/24 14:08:19.691, 1, 0, 10088
2026/05/24 14:08:19.693, 2, 0, 10088
2026/05/24 14:08:19.694, 3, 0, 10088
2026/05/24 14:08:34.901, 0, 17, 10490
2026/05/24 14:08:34.904, 1, 0, 10088
2026/05/24 14:08:34.905, 2, 0, 10088
2026/05/24 14:08:34.906, 3, 0, 10088
2026/05/24 14:08:50.031, 0, 100, 10490
2026/05/24 14:08:50.035, 1, 100, 10088
2026/05/24 14:08:50.036, 2, 100, 10088
2026/05/24 14:08:50.040, 3, 70, 10088
2026/05/24 14:09:05.138, 0, 100, 10490
2026/05/24 14:09:05.140, 1, 100, 10088
2026/05/24 14:09:05.141, 2, 100, 10088
2026/05/24 14:09:05.142, 3, 100, 10088
2026/05/24 14:09:20.347, 0, 78, 10490
2026/05/24 14:09:20.351, 1, 100, 10088
2026/05/24 14:09:20.354, 2, 21, 10088
2026/05/24 14:09:20.415, 3, 100, 10088
2026/05/24 14:09:35.638, 0, 100, 10490
2026/05/24 14:09:35.640, 1, 0, 10088
2026/05/24 14:09:35.641, 2, 100, 10088
2026/05/24 14:09:35.642, 3, 0, 10088
2026/05/24 14:09:50.721, 0, 9, 10490
2026/05/24 14:09:50.723, 1, 0, 10088
2026/05/24 14:09:50.724, 2, 0, 10088
2026/05/24 14:09:50.726, 3, 0, 10088
2026/05/24 14:10:05.834, 0, 13, 10490
2026/05/24 14:10:05.836, 1, 0, 10088
2026/05/24 14:10:05.838, 2, 0, 10088
2026/05/24 14:10:05.839, 3, 0, 10088
2026/05/24 14:10:21.014, 0, 2, 10490
2026/05/24 14:10:21.016, 1, 0, 10088
2026/05/24 14:10:21.058, 2, 0, 10088
2026/05/24 14:10:21.059, 3, 0, 10088
2026/05/24 14:10:36.242, 0, 9, 10490
2026/05/24 14:10:36.244, 1, 0, 10088
2026/05/24 14:10:36.245, 2, 0, 10088
2026/05/24 14:10:36.247, 3, 0, 10088
2026/05/24 14:10:51.394, 0, 10, 10490
2026/05/24 14:10:51.398, 1, 0, 10088
2026/05/24 14:10:51.401, 2, 0, 10088
2026/05/24 14:10:51.403, 3, 100, 10088
2026/05/24 14:11:06.510, 0, 9, 10490
2026/05/24 14:11:06.514, 1, 0, 10088
2026/05/24 14:11:06.517, 2, 0, 10088
2026/05/24 14:11:06.521, 3, 100, 10088
2026/05/24 14:11:21.638, 0, 1, 10490
2026/05/24 14:11:21.640, 1, 0, 10088
2026/05/24 14:11:21.641, 2, 0, 10088
2026/05/24 14:11:21.643, 3, 0, 10088
2026/05/24 14:11:36.897, 0, 100, 10490
2026/05/24 14:11:36.901, 1, 100, 10088
2026/05/24 14:11:36.905, 2, 100, 10088
2026/05/24 14:11:36.908, 3, 100, 10088
2026/05/24 14:11:52.011, 0, 100, 10490
2026/05/24 14:11:52.013, 1, 100, 10088
2026/05/24 14:11:52.015, 2, 100, 10088
2026/05/24 14:11:52.016, 3, 100, 10088
2026/05/24 14:12:07.134, 0, 100, 10490
2026/05/24 14:12:07.136, 1, 100, 10088
2026/05/24 14:12:07.137, 2, 100, 10088
2026/05/24 14:12:07.138, 3, 85, 10088
2026/05/24 14:12:22.221, 0, 10, 10490
2026/05/24 14:12:22.223, 1, 0, 10088
2026/05/24 14:12:22.225, 2, 0, 10088
2026/05/24 14:12:22.226, 3, 0, 10088
2026/05/24 14:12:37.692, 0, 100, 10490
2026/05/24 14:12:37.695, 1, 59, 10088
2026/05/24 14:12:37.698, 2, 100, 10088
2026/05/24 14:12:37.700, 3, 100, 10088
2026/05/24 14:12:53.060, 0, 1, 10490
2026/05/24 14:12:53.062, 1, 0, 10088
2026/05/24 14:12:53.063, 2, 0, 10088
2026/05/24 14:12:53.065, 3, 0, 10088
2026/05/24 14:13:08.350, 0, 0, 10490
2026/05/24 14:13:08.352, 1, 0, 10088
2026/05/24 14:13:08.353, 2, 0, 10088
2026/05/24 14:13:08.354, 3, 0, 10088
2026/05/24 14:13:23.526, 0, 100, 10490
2026/05/24 14:13:23.530, 1, 100, 10088
2026/05/24 14:13:23.533, 2, 100, 10088
2026/05/24 14:13:23.536, 3, 100, 10088
2026/05/24 14:13:38.629, 0, 6, 10490
2026/05/24 14:13:38.631, 1, 0, 10088
2026/05/24 14:13:38.633, 2, 0, 10088
2026/05/24 14:13:38.634, 3, 0, 10088
2026/05/24 14:13:53.727, 0, 10, 10490
2026/05/24 14:13:53.731, 1, 100, 10088
2026/05/24 14:13:53.734, 2, 100, 10088
2026/05/24 14:13:53.737, 3, 0, 10088
2026/05/24 14:14:08.846, 0, 14, 10490
2026/05/24 14:14:08.848, 1, 0, 10088
2026/05/24 14:14:08.849, 2, 0, 10088
2026/05/24 14:14:08.851, 3, 0, 10088
2026/05/24 14:14:24.230, 0, 100, 10490
2026/05/24 14:14:24.235, 1, 67, 10088
2026/05/24 14:14:24.351, 2, 99, 10088
2026/05/24 14:14:24.354, 3, 0, 10088
2026/05/24 14:14:39.471, 0, 9, 10490
2026/05/24 14:14:39.475, 1, 0, 10088
2026/05/24 14:14:39.478, 2, 0, 10088
2026/05/24 14:14:39.481, 3, 90, 10088
2026/05/24 14:14:54.597, 0, 8, 10490
2026/05/24 14:14:54.599, 1, 0, 10088
2026/05/24 14:14:54.600, 2, 0, 10088
2026/05/24 14:14:54.602, 3, 0, 10088
2026/05/24 14:15:09.685, 0, 0, 10490
2026/05/24 14:15:09.687, 1, 0, 10088
2026/05/24 14:15:09.689, 2, 0, 10088
2026/05/24 14:15:09.690, 3, 0, 10088
2026/05/24 14:15:25.071, 0, 7, 10490
2026/05/24 14:15:25.073, 1, 0, 10088
2026/05/24 14:15:25.075, 2, 0, 10088
2026/05/24 14:15:25.076, 3, 0, 10088
2026/05/24 14:15:40.294, 0, 9, 10490
2026/05/24 14:15:40.296, 1, 0, 10088
2026/05/24 14:15:40.297, 2, 0, 10088
2026/05/24 14:15:40.299, 3, 0, 10088
2026/05/24 14:15:55.480, 0, 9, 10490
2026/05/24 14:15:55.485, 1, 0, 10088
2026/05/24 14:15:55.489, 2, 0, 10088
2026/05/24 14:15:55.492, 3, 100, 10088
2026/05/24 14:16:10.585, 0, 9, 10490
2026/05/24 14:16:10.587, 1, 0, 10088
2026/05/24 14:16:10.589, 2, 0, 10088
2026/05/24 14:16:10.590, 3, 0, 10088
2026/05/24 14:16:25.715, 0, 0, 10490
2026/05/24 14:16:25.719, 1, 1, 10088
2026/05/24 14:16:25.722, 2, 0, 10088
2026/05/24 14:16:25.725, 3, 85, 10088
2026/05/24 14:16:40.994, 0, 100, 10490
2026/05/24 14:16:40.998, 1, 100, 10088
2026/05/24 14:16:41.001, 2, 100, 10088
2026/05/24 14:16:41.004, 3, 100, 10088
2026/05/24 14:16:56.118, 0, 16, 10490
2026/05/24 14:16:56.120, 1, 0, 10088
2026/05/24 14:16:56.121, 2, 0, 10088
2026/05/24 14:16:56.123, 3, 0, 10088
2026/05/24 14:17:11.236, 0, 58, 10490
2026/05/24 14:17:11.240, 1, 65, 10088
2026/05/24 14:17:11.243, 2, 90, 10088
2026/05/24 14:17:11.246, 3, 100, 10088
2026/05/24 14:17:26.359, 0, 100, 10490
2026/05/24 14:17:26.361, 1, 100, 10088
2026/05/24 14:17:26.362, 2, 100, 10088
2026/05/24 14:17:26.363, 3, 27, 10088
2026/05/24 14:17:41.516, 0, 100, 10490
2026/05/24 14:17:41.521, 1, 21, 10088
2026/05/24 14:17:41.523, 2, 82, 10088
2026/05/24 14:17:41.526, 3, 100, 10088
2026/05/24 14:17:56.820, 0, 0, 10490
2026/05/24 14:17:56.822, 1, 1, 10088
2026/05/24 14:17:56.823, 2, 0, 10088
2026/05/24 14:17:56.823, 3, 100, 10088
2026/05/24 14:18:12.037, 0, 100, 10490
2026/05/24 14:18:12.041, 1, 100, 10088
2026/05/24 14:18:12.043, 2, 100, 10088
2026/05/24 14:18:12.046, 3, 85, 10088
2026/05/24 14:18:27.162, 0, 15, 10490
2026/05/24 14:18:27.165, 1, 0, 10088
2026/05/24 14:18:27.166, 2, 0, 10088
2026/05/24 14:18:27.167, 3, 0, 10088
2026/05/24 14:18:42.313, 0, 1, 10490
2026/05/24 14:18:42.315, 1, 0, 10088
2026/05/24 14:18:42.316, 2, 0, 10088
2026/05/24 14:18:42.318, 3, 0, 10088
2026/05/24 14:18:57.445, 0, 100, 10490
2026/05/24 14:18:57.447, 1, 100, 10088
2026/05/24 14:18:57.448, 2, 100, 10088
2026/05/24 14:18:57.449, 3, 95, 10088
2026/05/24 14:19:12.533, 0, 8, 10490
2026/05/24 14:19:12.535, 1, 0, 10088
2026/05/24 14:19:12.536, 2, 0, 10088
2026/05/24 14:19:12.538, 3, 0, 10088
2026/05/24 14:19:27.641, 0, 100, 10490
2026/05/24 14:19:27.643, 1, 100, 10088
2026/05/24 14:19:27.644, 2, 100, 10088
2026/05/24 14:19:27.646, 3, 100, 10088
2026/05/24 14:19:42.784, 0, 100, 10490
2026/05/24 14:19:42.788, 1, 96, 10088
2026/05/24 14:19:42.791, 2, 100, 10088
2026/05/24 14:19:42.793, 3, 100, 10088
2026/05/24 14:19:58.138, 0, 10, 10490
2026/05/24 14:19:58.141, 1, 0, 10088
2026/05/24 14:19:58.142, 2, 0, 10088
2026/05/24 14:19:58.143, 3, 0, 10088
2026/05/24 14:20:13.374, 0, 100, 10490
2026/05/24 14:20:13.376, 1, 100, 10088
2026/05/24 14:20:13.377, 2, 100, 10088
2026/05/24 14:20:13.378, 3, 100, 10088
2026/05/24 14:20:28.546, 0, 10, 10490
2026/05/24 14:20:28.550, 1, 0, 10088
2026/05/24 14:20:28.553, 2, 0, 10088
2026/05/24 14:20:28.558, 3, 100, 10088
2026/05/24 14:20:43.741, 0, 5, 10490
2026/05/24 14:20:43.743, 1, 0, 10088
2026/05/24 14:20:43.744, 2, 0, 10088
2026/05/24 14:20:43.746, 3, 0, 10088
2026/05/24 14:20:58.830, 0, 8, 10490
2026/05/24 14:20:58.832, 1, 0, 10088
2026/05/24 14:20:58.833, 2, 0, 10088
2026/05/24 14:20:58.835, 3, 0, 10088
2026/05/24 14:21:14.022, 0, 2, 10490
2026/05/24 14:21:14.024, 1, 0, 10088
2026/05/24 14:21:14.025, 2, 0, 10088
2026/05/24 14:21:14.026, 3, 0, 10088
2026/05/24 14:21:29.146, 0, 14, 10490
2026/05/24 14:21:29.148, 1, 0, 10088
2026/05/24 14:21:29.149, 2, 0, 10088
2026/05/24 14:21:29.151, 3, 0, 10088
2026/05/24 14:21:44.313, 0, 100, 10490
2026/05/24 14:21:44.317, 1, 100, 10088
2026/05/24 14:21:44.320, 2, 100, 10088
2026/05/24 14:21:44.323, 3, 83, 10088
2026/05/24 14:21:59.560, 0, 54, 10490
2026/05/24 14:21:59.564, 1, 0, 10088
2026/05/24 14:21:59.567, 2, 81, 10088
2026/05/24 14:21:59.570, 3, 0, 10088
2026/05/24 14:22:14.666, 0, 8, 10490
2026/05/24 14:22:14.668, 1, 0, 10088
2026/05/24 14:22:14.669, 2, 0, 10088
2026/05/24 14:22:14.671, 3, 0, 10088
2026/05/24 14:22:29.753, 0, 3, 10490
2026/05/24 14:22:29.755, 1, 0, 10088
2026/05/24 14:22:29.756, 2, 0, 10088
2026/05/24 14:22:29.758, 3, 0, 10088
2026/05/24 14:22:45.086, 0, 100, 10490
2026/05/24 14:22:45.088, 1, 100, 10088
2026/05/24 14:22:45.089, 2, 100, 10088
2026/05/24 14:22:45.090, 3, 100, 10088
2026/05/24 14:23:00.240, 0, 16, 10490
2026/05/24 14:23:00.249, 1, 0, 10088
2026/05/24 14:23:00.250, 2, 0, 10088
2026/05/24 14:23:00.251, 3, 0, 10088
2026/05/24 14:23:15.333, 0, 2, 10490
2026/05/24 14:23:15.335, 1, 100, 10088
2026/05/24 14:23:15.337, 2, 0, 10088
2026/05/24 14:23:15.338, 3, 100, 10088
2026/05/24 14:23:30.487, 0, 100, 10490
2026/05/24 14:23:30.489, 1, 100, 10088
2026/05/24 14:23:30.490, 2, 100, 10088
2026/05/24 14:23:30.491, 3, 0, 10088
2026/05/24 14:23:45.596, 0, 86, 10490
2026/05/24 14:23:45.600, 1, 0, 10088
2026/05/24 14:23:45.604, 2, 90, 10088
2026/05/24 14:23:45.607, 3, 100, 10088
2026/05/24 14:24:00.713, 0, 0, 10490
2026/05/24 14:24:00.717, 1, 100, 10088
2026/05/24 14:24:00.720, 2, 93, 10088
2026/05/24 14:24:00.724, 3, 100, 10088
2026/05/24 14:24:15.863, 0, 100, 10490
2026/05/24 14:24:15.867, 1, 100, 10088
2026/05/24 14:24:15.870, 2, 100, 10088
2026/05/24 14:24:15.872, 3, 100, 10088
2026/05/24 14:24:30.977, 0, 14, 10490
2026/05/24 14:24:30.980, 1, 0, 10088
2026/05/24 14:24:30.981, 2, 0, 10088
2026/05/24 14:24:30.982, 3, 0, 10088
2026/05/24 14:24:46.075, 0, 100, 10490
2026/05/24 14:24:46.079, 1, 100, 10088
2026/05/24 14:24:46.083, 2, 100, 10088
2026/05/24 14:24:46.086, 3, 100, 10088
2026/05/24 14:25:01.189, 0, 10, 10490
2026/05/24 14:25:01.192, 1, 0, 10088
2026/05/24 14:25:01.195, 2, 0, 10088
2026/05/24 14:25:01.199, 3, 0, 10088
2026/05/24 14:25:16.293, 0, 8, 10490
2026/05/24 14:25:16.295, 1, 0, 10088
2026/05/24 14:25:16.297, 2, 0, 10088
2026/05/24 14:25:16.298, 3, 0, 10088
2026/05/24 14:25:31.405, 0, 9, 10490
2026/05/24 14:25:31.407, 1, 0, 10088
2026/05/24 14:25:31.408, 2, 0, 10088
2026/05/24 14:25:31.410, 3, 0, 10088
2026/05/24 14:25:46.554, 0, 4, 10490
2026/05/24 14:25:46.560, 1, 0, 10088
2026/05/24 14:25:46.563, 2, 0, 10088
2026/05/24 14:25:46.567, 3, 30, 10088
2026/05/24 14:26:01.889, 0, 0, 10490
2026/05/24 14:26:01.891, 1, 0, 10088
2026/05/24 14:26:01.892, 2, 0, 10088
2026/05/24 14:26:01.894, 3, 0, 10088
2026/05/24 14:26:17.107, 0, 100, 10490
2026/05/24 14:26:17.111, 1, 100, 10088
2026/05/24 14:26:17.114, 2, 100, 10088
2026/05/24 14:26:17.117, 3, 100, 10088
2026/05/24 14:26:32.236, 0, 100, 10490
2026/05/24 14:26:32.239, 1, 100, 10088
2026/05/24 14:26:32.242, 2, 100, 10088
2026/05/24 14:26:32.244, 3, 65, 10088
2026/05/24 14:26:47.337, 0, 7, 10490
2026/05/24 14:26:47.339, 1, 0, 10088
2026/05/24 14:26:47.340, 2, 0, 10088
2026/05/24 14:26:47.342, 3, 0, 10088
2026/05/24 14:27:02.522, 0, 4, 10490
2026/05/24 14:27:02.523, 1, 0, 10088
2026/05/24 14:27:02.524, 2, 0, 10088
2026/05/24 14:27:02.525, 3, 0, 10088
2026/05/24 14:27:17.622, 0, 14, 10490
2026/05/24 14:27:17.624, 1, 0, 10088
2026/05/24 14:27:17.626, 2, 0, 10088
2026/05/24 14:27:17.627, 3, 0, 10088
2026/05/24 14:27:32.732, 0, 100, 10490
2026/05/24 14:27:32.737, 1, 100, 10088
2026/05/24 14:27:32.741, 2, 100, 10088
2026/05/24 14:27:32.744, 3, 100, 10088
2026/05/24 14:27:47.837, 0, 9, 10490
2026/05/24 14:27:47.839, 1, 0, 10088
2026/05/24 14:27:47.841, 2, 0, 10088
2026/05/24 14:27:47.842, 3, 0, 10088
2026/05/24 14:28:02.993, 0, 4, 10490
2026/05/24 14:28:02.995, 1, 0, 10088
2026/05/24 14:28:02.997, 2, 0, 10088
2026/05/24 14:28:02.998, 3, 0, 10088
2026/05/24 14:28:18.086, 0, 100, 10490
2026/05/24 14:28:18.088, 1, 100, 10088
2026/05/24 14:28:18.089, 2, 100, 10088
2026/05/24 14:28:18.090, 3, 100, 10088
2026/05/24 14:28:33.184, 0, 100, 10490
2026/05/24 14:28:33.187, 1, 100, 10088
2026/05/24 14:28:33.189, 2, 100, 10088
2026/05/24 14:28:33.192, 3, 100, 10088
2026/05/24 14:28:48.321, 0, 6, 10490
2026/05/24 14:28:48.324, 1, 0, 10088
2026/05/24 14:28:48.325, 2, 0, 10088
2026/05/24 14:28:48.326, 3, 0, 10088
2026/05/24 14:29:03.449, 0, 3, 10490
2026/05/24 14:29:03.451, 1, 0, 10088
2026/05/24 14:29:03.453, 2, 0, 10088
2026/05/24 14:29:03.454, 3, 0, 10088
2026/05/24 14:29:18.546, 0, 100, 10490
2026/05/24 14:29:18.550, 1, 100, 10088
2026/05/24 14:29:18.554, 2, 100, 10088
2026/05/24 14:29:18.557, 3, 100, 10088
2026/05/24 14:29:33.651, 0, 100, 10490
2026/05/24 14:29:33.655, 1, 75, 10088
2026/05/24 14:29:33.658, 2, 100, 10088
2026/05/24 14:29:33.662, 3, 100, 10088
2026/05/24 14:29:48.758, 0, 61, 10490
2026/05/24 14:29:48.760, 1, 100, 10088
2026/05/24 14:29:48.761, 2, 100, 10088
2026/05/24 14:29:48.762, 3, 0, 10088
2026/05/24 14:30:03.918, 0, 0, 10490
2026/05/24 14:30:03.920, 1, 0, 10088
2026/05/24 14:30:03.921, 2, 0, 10088
2026/05/24 14:30:03.922, 3, 0, 10088
2026/05/24 14:30:19.015, 0, 100, 10490
2026/05/24 14:30:19.026, 1, 100, 10088
2026/05/24 14:30:19.029, 2, 100, 10088
2026/05/24 14:30:19.032, 3, 100, 10088
2026/05/24 14:30:34.246, 0, 44, 10490
2026/05/24 14:30:34.248, 1, 100, 10088
2026/05/24 14:30:34.249, 2, 90, 10088
2026/05/24 14:30:34.250, 3, 100, 10088
2026/05/24 14:30:49.400, 0, 100, 10490
2026/05/24 14:30:49.404, 1, 100, 10088
2026/05/24 14:30:49.408, 2, 80, 10088
2026/05/24 14:30:49.411, 3, 100, 10088
2026/05/24 14:31:04.658, 0, 100, 10490
2026/05/24 14:31:04.662, 1, 100, 10088
2026/05/24 14:31:04.665, 2, 100, 10088
2026/05/24 14:31:04.668, 3, 100, 10088
2026/05/24 14:31:19.834, 0, 100, 10490
2026/05/24 14:31:19.836, 1, 5, 10088
2026/05/24 14:31:19.838, 2, 100, 10088
2026/05/24 14:31:19.839, 3, 100, 10088
2026/05/24 14:31:34.999, 0, 100, 10490
2026/05/24 14:31:35.004, 1, 100, 10088
2026/05/24 14:31:35.007, 2, 100, 10088
2026/05/24 14:31:35.010, 3, 100, 10088
2026/05/24 14:31:50.175, 0, 12, 10490
2026/05/24 14:31:50.177, 1, 0, 10088
2026/05/24 14:31:50.178, 2, 0, 10088
2026/05/24 14:31:50.180, 3, 0, 10088
2026/05/24 14:32:05.348, 0, 100, 10490
2026/05/24 14:32:05.350, 1, 95, 10088
2026/05/24 14:32:05.353, 2, 100, 10088
2026/05/24 14:32:05.354, 3, 93, 10088
2026/05/24 14:32:20.851, 0, 8, 10490
2026/05/24 14:32:20.855, 1, 10, 10088
2026/05/24 14:32:20.858, 2, 0, 10088
2026/05/24 14:32:20.860, 3, 0, 10088
2026/05/24 14:32:35.965, 0, 100, 10490
2026/05/24 14:32:35.968, 1, 100, 10088
2026/05/24 14:32:35.971, 2, 100, 10088
2026/05/24 14:32:35.975, 3, 100, 10088
2026/05/24 14:32:51.122, 0, 100, 10490
2026/05/24 14:32:51.127, 1, 100, 10088
2026/05/24 14:32:51.130, 2, 100, 10088
2026/05/24 14:32:51.133, 3, 96, 10088
2026/05/24 14:33:06.274, 0, 100, 10490
2026/05/24 14:33:06.277, 1, 100, 10088
2026/05/24 14:33:06.280, 2, 100, 10088
2026/05/24 14:33:06.283, 3, 0, 10088
2026/05/24 14:33:21.426, 0, 13, 10490
2026/05/24 14:33:21.428, 1, 0, 10088
2026/05/24 14:33:21.429, 2, 0, 10088
2026/05/24 14:33:21.431, 3, 0, 10088
2026/05/24 14:33:36.522, 0, 0, 10490
2026/05/24 14:33:36.525, 1, 0, 10088
2026/05/24 14:33:36.530, 2, 0, 10088
2026/05/24 14:33:36.578, 3, 0, 10088
2026/05/24 14:33:51.786, 0, 73, 10490
2026/05/24 14:33:51.788, 1, 100, 10088
2026/05/24 14:33:51.789, 2, 69, 10088
2026/05/24 14:33:51.790, 3, 100, 10088
2026/05/24 14:34:07.133, 0, 0, 10490
2026/05/24 14:34:07.135, 1, 0, 10088
2026/05/24 14:34:07.137, 2, 0, 10088
2026/05/24 14:34:07.138, 3, 0, 10088
2026/05/24 14:34:22.248, 0, 100, 10490
2026/05/24 14:34:22.252, 1, 100, 10088
2026/05/24 14:34:22.254, 2, 100, 10088
2026/05/24 14:34:22.257, 3, 100, 10088
2026/05/24 14:34:37.391, 0, 14, 10490
2026/05/24 14:34:37.393, 1, 0, 10088
2026/05/24 14:34:37.394, 2, 0, 10088
2026/05/24 14:34:37.396, 3, 0, 10088
2026/05/24 14:34:52.466, 0, 7, 10490
2026/05/24 14:34:52.467, 1, 0, 10088
2026/05/24 14:34:52.468, 2, 0, 10088
2026/05/24 14:34:52.469, 3, 0, 10088
2026/05/24 14:35:07.557, 0, 100, 10490
2026/05/24 14:35:07.561, 1, 100, 10088
2026/05/24 14:35:07.565, 2, 100, 10088
2026/05/24 14:35:07.568, 3, 100, 10088
2026/05/24 14:35:22.685, 0, 5, 10490
2026/05/24 14:35:22.687, 1, 0, 10088
2026/05/24 14:35:22.689, 2, 0, 10088
2026/05/24 14:35:22.690, 3, 0, 10088
2026/05/24 14:35:37.833, 0, 8, 10490
2026/05/24 14:35:37.835, 1, 0, 10088
2026/05/24 14:35:37.836, 2, 0, 10088
2026/05/24 14:35:37.838, 3, 0, 10088
2026/05/24 14:35:53.048, 0, 5, 10490
2026/05/24 14:35:53.050, 1, 100, 10088
2026/05/24 14:35:53.051, 2, 42, 10088
2026/05/24 14:35:53.052, 3, 100, 10088
2026/05/24 14:36:08.225, 0, 14, 10490
2026/05/24 14:36:08.228, 1, 0, 10088
2026/05/24 14:36:08.229, 2, 0, 10088
2026/05/24 14:36:08.230, 3, 0, 10088
2026/05/24 14:36:23.356, 0, 100, 10490
2026/05/24 14:36:23.359, 1, 100, 10088
2026/05/24 14:36:23.362, 2, 100, 10088
2026/05/24 14:36:23.364, 3, 100, 10088
2026/05/24 14:36:38.552, 0, 8, 10490
2026/05/24 14:36:38.554, 1, 0, 10088
2026/05/24 14:36:38.555, 2, 0, 10088
2026/05/24 14:36:38.556, 3, 0, 10088
2026/05/24 14:36:53.673, 0, 2, 10490
2026/05/24 14:36:53.675, 1, 0, 10088
2026/05/24 14:36:53.677, 2, 0, 10088
2026/05/24 14:36:53.678, 3, 0, 10088
2026/05/24 14:37:08.868, 0, 100, 10490
2026/05/24 14:37:08.872, 1, 100, 10088
2026/05/24 14:37:08.874, 2, 100, 10088
2026/05/24 14:37:08.876, 3, 100, 10088
2026/05/24 14:37:23.979, 0, 100, 10490
2026/05/24 14:37:23.984, 1, 100, 10088
2026/05/24 14:37:23.986, 2, 100, 10088
2026/05/24 14:37:23.990, 3, 68, 10088
2026/05/24 14:37:39.110, 0, 5, 10490
2026/05/24 14:37:39.112, 1, 0, 10088
2026/05/24 14:37:39.114, 2, 0, 10088
2026/05/24 14:37:39.115, 3, 0, 10088
2026/05/24 14:37:54.221, 0, 8, 10490
2026/05/24 14:37:54.223, 1, 0, 10088
2026/05/24 14:37:54.225, 2, 0, 10088
2026/05/24 14:37:54.226, 3, 0, 10088
2026/05/24 14:38:09.310, 0, 1, 10490
2026/05/24 14:38:09.312, 1, 0, 10088
2026/05/24 14:38:09.313, 2, 0, 10088
2026/05/24 14:38:09.314, 3, 0, 10088
2026/05/24 14:38:24.828, 0, 100, 10490
2026/05/24 14:38:24.832, 1, 100, 10088
2026/05/24 14:38:24.835, 2, 100, 10088
2026/05/24 14:38:24.838, 3, 15, 10088
2026/05/24 14:38:39.960, 0, 100, 10490
2026/05/24 14:38:39.964, 1, 100, 10088
2026/05/24 14:38:39.967, 2, 100, 10088
2026/05/24 14:38:39.970, 3, 100, 10088
2026/05/24 14:38:55.082, 0, 13, 10490
2026/05/24 14:38:55.084, 1, 0, 10088
2026/05/24 14:38:55.085, 2, 0, 10088
2026/05/24 14:38:55.087, 3, 0, 10088
2026/05/24 14:39:10.181, 0, 100, 10490
2026/05/24 14:39:10.185, 1, 100, 10088
2026/05/24 14:39:10.187, 2, 100, 10088
2026/05/24 14:39:10.190, 3, 100, 10088
2026/05/24 14:39:25.329, 0, 8, 10490
2026/05/24 14:39:25.331, 1, 0, 10088
2026/05/24 14:39:25.333, 2, 0, 10088
2026/05/24 14:39:25.334, 3, 0, 10088
2026/05/24 14:39:40.434, 0, 8, 10490
2026/05/24 14:39:40.436, 1, 0, 10088
2026/05/24 14:39:40.437, 2, 0, 10088
2026/05/24 14:39:40.438, 3, 0, 10088
2026/05/24 14:39:55.549, 0, 58, 10490
2026/05/24 14:39:55.553, 1, 100, 10088
2026/05/24 14:39:55.556, 2, 45, 10088
2026/05/24 14:39:55.559, 3, 100, 10088
2026/05/24 14:40:10.653, 0, 0, 10490
2026/05/24 14:40:10.655, 1, 0, 10088
2026/05/24 14:40:10.657, 2, 0, 10088
2026/05/24 14:40:10.658, 3, 0, 10088
2026/05/24 14:40:25.988, 0, 0, 10490
2026/05/24 14:40:25.989, 1, 0, 10088
2026/05/24 14:40:25.990, 2, 0, 10088
2026/05/24 14:40:25.991, 3, 0, 10088
2026/05/24 14:40:41.090, 0, 14, 10490
2026/05/24 14:40:41.092, 1, 0, 10088
2026/05/24 14:40:41.094, 2, 0, 10088
2026/05/24 14:40:41.095, 3, 0, 10088
2026/05/24 14:40:56.201, 0, 100, 10490
2026/05/24 14:40:56.205, 1, 100, 10088
2026/05/24 14:40:56.209, 2, 100, 10088
2026/05/24 14:40:56.212, 3, 100, 10088
2026/05/24 14:41:11.313, 0, 100, 10490
2026/05/24 14:41:11.317, 1, 100, 10088
2026/05/24 14:41:11.320, 2, 100, 10088
2026/05/24 14:41:11.322, 3, 100, 10088
2026/05/24 14:41:26.469, 0, 6, 10490
2026/05/24 14:41:26.471, 1, 0, 10088
2026/05/24 14:41:26.472, 2, 0, 10088
2026/05/24 14:41:26.474, 3, 0, 10088
2026/05/24 14:41:41.724, 0, 100, 10490
2026/05/24 14:41:41.728, 1, 100, 10088
2026/05/24 14:41:41.733, 2, 100, 10088
2026/05/24 14:41:41.736, 3, 100, 10088
2026/05/24 14:41:56.847, 0, 14, 10490
2026/05/24 14:41:56.849, 1, 0, 10088
2026/05/24 14:41:56.850, 2, 0, 10088
2026/05/24 14:41:56.851, 3, 0, 10088
2026/05/24 14:42:11.977, 0, 9, 10490
2026/05/24 14:42:11.979, 1, 0, 10088
2026/05/24 14:42:11.980, 2, 0, 10088
2026/05/24 14:42:11.982, 3, 0, 10088
2026/05/24 14:42:27.270, 0, 100, 10490
2026/05/24 14:42:27.275, 1, 100, 10088
2026/05/24 14:42:27.278, 2, 100, 10088
2026/05/24 14:42:27.281, 3, 100, 10088
2026/05/24 14:42:42.373, 0, 8, 10490
2026/05/24 14:42:42.375, 1, 0, 10088
2026/05/24 14:42:42.377, 2, 0, 10088
2026/05/24 14:42:42.378, 3, 0, 10088
2026/05/24 14:42:57.505, 0, 100, 10490
2026/05/24 14:42:57.507, 1, 100, 10088
2026/05/24 14:42:57.508, 2, 100, 10088
2026/05/24 14:42:57.510, 3, 69, 10088
2026/05/24 14:43:12.618, 0, 9, 10490
2026/05/24 14:43:12.622, 1, 0, 10088
2026/05/24 14:43:12.626, 2, 0, 10088
2026/05/24 14:43:12.629, 3, 0, 10088
2026/05/24 14:43:27.790, 0, 14, 10490
2026/05/24 14:43:27.938, 1, 0, 10088
2026/05/24 14:43:27.939, 2, 0, 10088
2026/05/24 14:43:27.940, 3, 0, 10088
2026/05/24 14:43:43.283, 0, 100, 10490
2026/05/24 14:43:43.285, 1, 100, 10088
2026/05/24 14:43:43.286, 2, 100, 10088
2026/05/24 14:43:43.287, 3, 100, 10088
2026/05/24 14:43:58.551, 0, 9, 10490
2026/05/24 14:43:58.556, 1, 0, 10088
2026/05/24 14:43:58.559, 2, 0, 10088
2026/05/24 14:43:58.561, 3, 0, 10088
2026/05/24 14:44:13.686, 0, 46, 10490
2026/05/24 14:44:13.690, 1, 100, 10088
2026/05/24 14:44:13.692, 2, 73, 10088
2026/05/24 14:44:13.695, 3, 100, 10088
2026/05/24 14:44:28.793, 0, 0, 10490
2026/05/24 14:44:28.795, 1, 0, 10088
2026/05/24 14:44:28.796, 2, 0, 10088
2026/05/24 14:44:28.798, 3, 0, 10088
2026/05/24 14:44:43.926, 0, 14, 10490
2026/05/24 14:44:43.928, 1, 0, 10088
2026/05/24 14:44:43.930, 2, 0, 10088
2026/05/24 14:44:43.931, 3, 0, 10088
2026/05/24 14:44:59.013, 0, 100, 10490
2026/05/24 14:44:59.015, 1, 0, 10088
2026/05/24 14:44:59.016, 2, 0, 10088
2026/05/24 14:44:59.018, 3, 0, 10088
2026/05/24 14:45:14.143, 0, 100, 10490
2026/05/24 14:45:14.146, 1, 100, 10088
2026/05/24 14:45:14.148, 2, 100, 10088
2026/05/24 14:45:14.151, 3, 100, 10088
2026/05/24 14:45:29.285, 0, 2, 10490
2026/05/24 14:45:29.287, 1, 0, 10088
2026/05/24 14:45:29.288, 2, 0, 10088
2026/05/24 14:45:29.290, 3, 0, 10088
2026/05/24 14:45:44.536, 0, 100, 10490
2026/05/24 14:45:44.540, 1, 100, 10088
2026/05/24 14:45:44.543, 2, 100, 10088
2026/05/24 14:45:44.546, 3, 100, 10088
2026/05/24 14:45:59.641, 0, 8, 10490
2026/05/24 14:45:59.643, 1, 0, 10088
2026/05/24 14:45:59.645, 2, 0, 10088
2026/05/24 14:45:59.646, 3, 100, 10088
2026/05/24 14:46:14.746, 0, 13, 10490
2026/05/24 14:46:14.748, 1, 0, 10088
2026/05/24 14:46:14.749, 2, 0, 10088
2026/05/24 14:46:14.751, 3, 0, 10088
2026/05/24 14:46:29.833, 0, 5, 10490
2026/05/24 14:46:29.835, 1, 0, 10088
2026/05/24 14:46:29.836, 2, 0, 10088
2026/05/24 14:46:29.838, 3, 0, 10088
2026/05/24 14:46:45.002, 0, 100, 10490
2026/05/24 14:46:45.004, 1, 0, 10088
2026/05/24 14:46:45.005, 2, 0, 10088
2026/05/24 14:46:45.006, 3, 0, 10088
2026/05/24 14:47:00.085, 0, 9, 10490
2026/05/24 14:47:00.087, 1, 0, 10088
2026/05/24 14:47:00.089, 2, 0, 10088
2026/05/24 14:47:00.090, 3, 0, 10088
2026/05/24 14:47:15.198, 0, 100, 10490
2026/05/24 14:47:15.202, 1, 100, 10088
2026/05/24 14:47:15.205, 2, 100, 10088
2026/05/24 14:47:15.209, 3, 100, 10088
2026/05/24 14:47:30.301, 0, 7, 10490
2026/05/24 14:47:30.303, 1, 0, 10088
2026/05/24 14:47:30.304, 2, 0, 10088
2026/05/24 14:47:30.306, 3, 0, 10088
2026/05/24 14:47:45.695, 0, 6, 10490
2026/05/24 14:47:45.697, 1, 0, 10088
2026/05/24 14:47:45.698, 2, 0, 10088
2026/05/24 14:47:45.699, 3, 0, 10088
2026/05/24 14:48:00.830, 0, 100, 10490
2026/05/24 14:48:00.834, 1, 100, 10088
2026/05/24 14:48:00.837, 2, 100, 10088
2026/05/24 14:48:00.840, 3, 100, 10088
2026/05/24 14:48:16.035, 0, 100, 10490
2026/05/24 14:48:16.037, 1, 89, 10088
2026/05/24 14:48:16.038, 2, 0, 10088
2026/05/24 14:48:16.039, 3, 100, 10088
2026/05/24 14:48:31.122, 0, 9, 10490
2026/05/24 14:48:31.124, 1, 0, 10088
2026/05/24 14:48:31.125, 2, 0, 10088
2026/05/24 14:48:31.127, 3, 0, 10088
2026/05/24 14:48:46.302, 0, 100, 10490
2026/05/24 14:48:46.303, 1, 100, 10088
2026/05/24 14:48:46.304, 2, 100, 10088
2026/05/24 14:48:46.305, 3, 100, 10088
2026/05/24 14:49:01.402, 0, 15, 10490
2026/05/24 14:49:01.404, 1, 0, 10088
2026/05/24 14:49:01.405, 2, 0, 10088
2026/05/24 14:49:01.406, 3, 0, 10088
2026/05/24 14:49:16.493, 0, 100, 10490
2026/05/24 14:49:16.495, 1, 100, 10088
2026/05/24 14:49:16.496, 2, 100, 10088
2026/05/24 14:49:16.498, 3, 100, 10088
2026/05/24 14:49:31.582, 0, 0, 10490
2026/05/24 14:49:31.584, 1, 0, 10088
2026/05/24 14:49:31.586, 2, 0, 10088
2026/05/24 14:49:31.587, 3, 0, 10088
2026/05/24 14:49:46.669, 0, 100, 10490
2026/05/24 14:49:46.671, 1, 100, 10088
2026/05/24 14:49:46.673, 2, 100, 10088
2026/05/24 14:49:46.674, 3, 100, 10088
2026/05/24 14:50:01.757, 0, 100, 10490
2026/05/24 14:50:01.759, 1, 100, 10088
2026/05/24 14:50:01.760, 2, 100, 10088
2026/05/24 14:50:01.762, 3, 0, 10088
2026/05/24 14:50:17.019, 0, 10, 10490
2026/05/24 14:50:17.023, 1, 100, 10088
2026/05/24 14:50:17.026, 2, 100, 10088
2026/05/24 14:50:17.029, 3, 100, 10088
2026/05/24 14:50:32.126, 0, 13, 10490
2026/05/24 14:50:32.128, 1, 0, 10088
2026/05/24 14:50:32.129, 2, 0, 10088
2026/05/24 14:50:32.130, 3, 0, 10088
2026/05/24 14:50:47.213, 0, 9, 10490
2026/05/24 14:50:47.215, 1, 0, 10088
2026/05/24 14:50:47.217, 2, 0, 10088
2026/05/24 14:50:47.218, 3, 0, 10088
2026/05/24 14:51:02.301, 0, 9, 10490
2026/05/24 14:51:02.303, 1, 0, 10088
2026/05/24 14:51:02.305, 2, 0, 10088
2026/05/24 14:51:02.306, 3, 0, 10088
2026/05/24 14:51:17.468, 0, 10, 10490
2026/05/24 14:51:17.471, 1, 0, 10088
2026/05/24 14:51:17.472, 2, 0, 10088
2026/05/24 14:51:17.475, 3, 0, 10088
2026/05/24 14:51:32.629, 0, 7, 10490
2026/05/24 14:51:32.631, 1, 0, 10088
2026/05/24 14:51:32.632, 2, 0, 10088
2026/05/24 14:51:32.634, 3, 0, 10088
2026/05/24 14:51:47.724, 0, 100, 10490
2026/05/24 14:51:47.728, 1, 100, 10088
2026/05/24 14:51:47.731, 2, 100, 10088
2026/05/24 14:51:47.735, 3, 100, 10088
2026/05/24 14:52:02.846, 0, 14, 10490
2026/05/24 14:52:02.848, 1, 0, 10088
2026/05/24 14:52:02.849, 2, 0, 10088
2026/05/24 14:52:02.851, 3, 0, 10088
2026/05/24 14:52:17.959, 0, 100, 10490
2026/05/24 14:52:17.963, 1, 100, 10088
2026/05/24 14:52:17.966, 2, 100, 10088
2026/05/24 14:52:17.969, 3, 100, 10088
2026/05/24 14:52:33.098, 0, 1, 10490
2026/05/24 14:52:33.100, 1, 0, 10088
2026/05/24 14:52:33.101, 2, 0, 10088
2026/05/24 14:52:33.102, 3, 0, 10088
2026/05/24 14:52:48.194, 0, 100, 10490
2026/05/24 14:52:48.198, 1, 100, 10088
2026/05/24 14:52:48.201, 2, 100, 10088
2026/05/24 14:52:48.204, 3, 73, 10088
2026/05/24 14:53:03.328, 0, 50, 10490
2026/05/24 14:53:03.332, 1, 81, 10088
2026/05/24 14:53:03.335, 2, 7, 10088
2026/05/24 14:53:03.338, 3, 0, 10088
2026/05/24 14:53:18.549, 0, 0, 10490
2026/05/24 14:53:18.553, 1, 100, 10088
2026/05/24 14:53:18.556, 2, 38, 10088
2026/05/24 14:53:18.560, 3, 100, 10088
2026/05/24 14:53:34.111, 0, 0, 10490
2026/05/24 14:53:34.113, 1, 0, 10088
2026/05/24 14:53:34.115, 2, 0, 10088
2026/05/24 14:53:34.116, 3, 0, 10088
2026/05/24 14:53:49.229, 0, 80, 10490
2026/05/24 14:53:49.231, 1, 100, 10088
2026/05/24 14:53:49.233, 2, 100, 10088
2026/05/24 14:53:49.234, 3, 100, 10088
2026/05/24 14:54:04.332, 0, 55, 10490
2026/05/24 14:54:04.336, 1, 100, 10088
2026/05/24 14:54:04.339, 2, 100, 10088
2026/05/24 14:54:04.342, 3, 100, 10088
2026/05/24 14:54:19.457, 0, 100, 10490
2026/05/24 14:54:19.459, 1, 100, 10088
2026/05/24 14:54:19.460, 2, 100, 10088
2026/05/24 14:54:19.462, 3, 100, 10088
2026/05/24 14:54:34.606, 0, 6, 10490
2026/05/24 14:54:34.608, 1, 0, 10088
2026/05/24 14:54:34.609, 2, 0, 10088
2026/05/24 14:54:34.610, 3, 0, 10088
2026/05/24 14:54:49.714, 0, 14, 10490
2026/05/24 14:54:49.716, 1, 0, 10088
2026/05/24 14:54:49.717, 2, 0, 10088
2026/05/24 14:54:49.719, 3, 0, 10088
2026/05/24 14:55:04.814, 0, 100, 10490
2026/05/24 14:55:04.821, 1, 96, 10088
2026/05/24 14:55:04.824, 2, 100, 10088
2026/05/24 14:55:04.827, 3, 100, 10088
2026/05/24 14:55:19.925, 0, 9, 10490
2026/05/24 14:55:19.927, 1, 0, 10088
2026/05/24 14:55:19.928, 2, 0, 10088
2026/05/24 14:55:19.930, 3, 0, 10088
2026/05/24 14:55:35.318, 0, 2, 10490
2026/05/24 14:55:35.320, 1, 0, 10088
2026/05/24 14:55:35.321, 2, 0, 10088
2026/05/24 14:55:35.322, 3, 0, 10088
2026/05/24 14:55:50.503, 0, 9, 10490
2026/05/24 14:55:50.507, 1, 0, 10088
2026/05/24 14:55:50.508, 2, 0, 10088
2026/05/24 14:55:50.509, 3, 0, 10088
2026/05/24 14:56:05.686, 0, 100, 10490
2026/05/24 14:56:05.688, 1, 100, 10088
2026/05/24 14:56:05.689, 2, 100, 10088
2026/05/24 14:56:05.691, 3, 100, 10088
2026/05/24 14:56:20.773, 0, 9, 10490
2026/05/24 14:56:20.775, 1, 0, 10088
2026/05/24 14:56:20.776, 2, 0, 10088
2026/05/24 14:56:20.778, 3, 0, 10088
2026/05/24 14:56:35.937, 0, 2, 10490
2026/05/24 14:56:35.939, 1, 0, 10088
2026/05/24 14:56:35.940, 2, 0, 10088
2026/05/24 14:56:35.942, 3, 0, 10088
2026/05/24 14:56:51.025, 0, 100, 10490
2026/05/24 14:56:51.027, 1, 0, 10088
2026/05/24 14:56:51.029, 2, 100, 10088
2026/05/24 14:56:51.030, 3, 0, 10088
2026/05/24 14:57:06.121, 0, 9, 10490
2026/05/24 14:57:06.125, 1, 100, 10088
2026/05/24 14:57:06.127, 2, 100, 10088
2026/05/24 14:57:06.130, 3, 0, 10088
2026/05/24 14:57:21.241, 0, 9, 10490
2026/05/24 14:57:21.243, 1, 0, 10088
2026/05/24 14:57:21.245, 2, 0, 10088
2026/05/24 14:57:21.246, 3, 0, 10088
2026/05/24 14:57:36.346, 0, 3, 10490
2026/05/24 14:57:36.348, 1, 0, 10088
2026/05/24 14:57:36.349, 2, 0, 10088
2026/05/24 14:57:36.351, 3, 0, 10088
2026/05/24 14:57:51.635, 0, 7, 10490
2026/05/24 14:57:51.636, 1, 0, 10088
2026/05/24 14:57:51.638, 2, 0, 10088
2026/05/24 14:57:51.639, 3, 0, 10088
2026/05/24 14:58:07.151, 0, 0, 10490
2026/05/24 14:58:07.153, 1, 0, 10088
2026/05/24 14:58:07.154, 2, 0, 10088
2026/05/24 14:58:07.155, 3, 100, 10088
2026/05/24 14:58:22.285, 0, 100, 10490
2026/05/24 14:58:22.289, 1, 100, 10088
2026/05/24 14:58:22.292, 2, 100, 10088
2026/05/24 14:58:22.295, 3, 100, 10088
2026/05/24 14:58:37.389, 0, 67, 10490
2026/05/24 14:58:37.391, 1, 100, 10088
2026/05/24 14:58:37.392, 2, 100, 10088
2026/05/24 14:58:37.394, 3, 100, 10088
2026/05/24 14:58:52.478, 0, 0, 10490
2026/05/24 14:58:52.480, 1, 0, 10088
2026/05/24 14:58:52.481, 2, 0, 10088
2026/05/24 14:58:52.482, 3, 0, 10088
2026/05/24 14:59:07.566, 0, 14, 10490
2026/05/24 14:59:07.568, 1, 0, 10088
2026/05/24 14:59:07.569, 2, 0, 10088
2026/05/24 14:59:07.571, 3, 0, 10088
2026/05/24 14:59:22.868, 0, 100, 10490
2026/05/24 14:59:22.870, 1, 100, 10088
2026/05/24 14:59:22.871, 2, 100, 10088
2026/05/24 14:59:22.872, 3, 0, 10088
2026/05/24 14:59:38.221, 0, 29, 10490
2026/05/24 14:59:38.224, 1, 65, 10088
2026/05/24 14:59:38.226, 2, 77, 10088
2026/05/24 14:59:38.229, 3, 100, 10088
2026/05/24 14:59:53.321, 0, 8, 10490
2026/05/24 14:59:53.323, 1, 0, 10088
2026/05/24 14:59:53.324, 2, 0, 10088
2026/05/24 14:59:53.326, 3, 0, 10088
2026/05/24 15:00:08.519, 0, 7, 10490
2026/05/24 15:00:08.522, 1, 0, 10088
2026/05/24 15:00:08.525, 2, 0, 10088
2026/05/24 15:00:08.528, 3, 0, 10088
2026/05/24 15:00:23.691, 0, 14, 10490
2026/05/24 15:00:23.693, 1, 0, 10088
2026/05/24 15:00:23.695, 2, 0, 10088
2026/05/24 15:00:23.696, 3, 0, 10088
2026/05/24 15:00:38.850, 0, 0, 10490
2026/05/24 15:00:38.852, 1, 0, 10088
2026/05/24 15:00:38.854, 2, 0, 10088
2026/05/24 15:00:38.855, 3, 0, 10088
2026/05/24 15:00:53.988, 0, 9, 10490
2026/05/24 15:00:53.990, 1, 0, 10088
2026/05/24 15:00:53.992, 2, 0, 10088
2026/05/24 15:00:53.993, 3, 0, 10088
2026/05/24 15:01:09.133, 0, 9, 10490
2026/05/24 15:01:09.137, 1, 100, 10088
2026/05/24 15:01:09.140, 2, 100, 10088
2026/05/24 15:01:09.143, 3, 100, 10088
2026/05/24 15:01:24.237, 0, 8, 10490
2026/05/24 15:01:24.239, 1, 0, 10088
2026/05/24 15:01:24.241, 2, 0, 10088
2026/05/24 15:01:24.242, 3, 100, 10088
2026/05/24 15:01:39.421, 0, 3, 10490
2026/05/24 15:01:39.518, 1, 0, 10088
2026/05/24 15:01:39.519, 2, 0, 10088
2026/05/24 15:01:39.520, 3, 0, 10088
2026/05/24 15:01:54.622, 0, 14, 10490
2026/05/24 15:01:54.624, 1, 0, 10088
2026/05/24 15:01:54.626, 2, 0, 10088
2026/05/24 15:01:54.627, 3, 0, 10088
2026/05/24 15:02:09.776, 0, 100, 10490
2026/05/24 15:02:09.780, 1, 100, 10088
2026/05/24 15:02:09.783, 2, 100, 10088
2026/05/24 15:02:09.785, 3, 100, 10088
2026/05/24 15:02:24.937, 0, 100, 10490
2026/05/24 15:02:24.941, 1, 16, 10088
2026/05/24 15:02:24.944, 2, 97, 10088
2026/05/24 15:02:24.947, 3, 100, 10088
2026/05/24 15:02:40.225, 0, 5, 10490
2026/05/24 15:02:40.227, 1, 0, 10088
2026/05/24 15:02:40.228, 2, 0, 10088
2026/05/24 15:02:40.229, 3, 0, 10088
2026/05/24 15:02:55.324, 0, 100, 10490
2026/05/24 15:02:55.327, 1, 100, 10088
2026/05/24 15:02:55.328, 2, 100, 10088
2026/05/24 15:02:55.329, 3, 100, 10088
2026/05/24 15:03:10.430, 0, 14, 10490
2026/05/24 15:03:10.432, 1, 0, 10088
2026/05/24 15:03:10.433, 2, 0, 10088
2026/05/24 15:03:10.435, 3, 0, 10088
2026/05/24 15:03:25.539, 0, 100, 10490
2026/05/24 15:03:25.543, 1, 100, 10088
2026/05/24 15:03:25.546, 2, 100, 10088
2026/05/24 15:03:25.550, 3, 44, 10088
2026/05/24 15:03:40.881, 0, 2, 10490
2026/05/24 15:03:40.883, 1, 0, 10088
2026/05/24 15:03:40.884, 2, 0, 10088
2026/05/24 15:03:40.885, 3, 0, 10088
2026/05/24 15:03:56.013, 0, 9, 10490
2026/05/24 15:03:56.017, 1, 0, 10088
2026/05/24 15:03:56.019, 2, 0, 10088
2026/05/24 15:03:56.022, 3, 0, 10088
2026/05/24 15:04:11.285, 0, 100, 10490
2026/05/24 15:04:11.288, 1, 100, 10088
2026/05/24 15:04:11.290, 2, 100, 10088
2026/05/24 15:04:11.294, 3, 100, 10088
2026/05/24 15:04:26.389, 0, 10, 10490
2026/05/24 15:04:26.391, 1, 0, 10088
2026/05/24 15:04:26.393, 2, 0, 10088
2026/05/24 15:04:26.394, 3, 0, 10088
2026/05/24 15:04:41.642, 0, 11, 10490
2026/05/24 15:04:41.644, 1, 0, 10088
2026/05/24 15:04:41.645, 2, 0, 10088
2026/05/24 15:04:41.647, 3, 0, 10088
2026/05/24 15:04:56.868, 0, 8, 10490
2026/05/24 15:04:56.870, 1, 0, 10088
2026/05/24 15:04:56.871, 2, 0, 10088
2026/05/24 15:04:56.873, 3, 0, 10088
2026/05/24 15:05:11.966, 0, 100, 10490
2026/05/24 15:05:11.970, 1, 100, 10088
2026/05/24 15:05:11.974, 2, 100, 10088
2026/05/24 15:05:11.978, 3, 96, 10088
2026/05/24 15:05:27.105, 0, 10, 10490
2026/05/24 15:05:27.109, 1, 100, 10088
2026/05/24 15:05:27.112, 2, 0, 10088
2026/05/24 15:05:27.115, 3, 100, 10088
2026/05/24 15:05:42.229, 0, 9, 10490
2026/05/24 15:05:42.231, 1, 0, 10088
2026/05/24 15:05:42.233, 2, 0, 10088
2026/05/24 15:05:42.234, 3, 0, 10088
2026/05/24 15:05:57.502, 0, 8, 10490
2026/05/24 15:05:57.504, 1, 0, 10088
2026/05/24 15:05:57.505, 2, 0, 10088
2026/05/24 15:05:57.507, 3, 0, 10088
2026/05/24 15:06:12.606, 0, 9, 10490
2026/05/24 15:06:12.608, 1, 0, 10088
2026/05/24 15:06:12.609, 2, 0, 10088
2026/05/24 15:06:12.610, 3, 0, 10088
2026/05/24 15:06:27.710, 0, 100, 10490
2026/05/24 15:06:27.715, 1, 71, 10088
2026/05/24 15:06:27.719, 2, 96, 10088
2026/05/24 15:06:27.721, 3, 0, 10088
2026/05/24 15:06:42.813, 0, 100, 10490
2026/05/24 15:06:42.815, 1, 100, 10088
2026/05/24 15:06:42.817, 2, 100, 10088
2026/05/24 15:06:42.818, 3, 100, 10088
2026/05/24 15:06:57.957, 0, 0, 10490
2026/05/24 15:06:57.959, 1, 0, 10088
2026/05/24 15:06:57.961, 2, 0, 10088
2026/05/24 15:06:57.962, 3, 0, 10088
2026/05/24 15:07:13.083, 0, 10, 10490
2026/05/24 15:07:13.086, 1, 0, 10088
2026/05/24 15:07:13.089, 2, 0, 10088
2026/05/24 15:07:13.093, 3, 100, 10088
2026/05/24 15:07:28.206, 0, 14, 10490
2026/05/24 15:07:28.208, 1, 0, 10088
2026/05/24 15:07:28.209, 2, 0, 10088
2026/05/24 15:07:28.211, 3, 0, 10088
2026/05/24 15:07:43.325, 0, 100, 10490
2026/05/24 15:07:43.328, 1, 100, 10088
2026/05/24 15:07:43.331, 2, 100, 10088
2026/05/24 15:07:43.333, 3, 100, 10088
2026/05/24 15:07:58.632, 0, 2, 10490
2026/05/24 15:07:58.634, 1, 0, 10088
2026/05/24 15:07:58.635, 2, 0, 10088
2026/05/24 15:07:58.636, 3, 0, 10088
2026/05/24 15:08:13.730, 0, 100, 10490
2026/05/24 15:08:13.734, 1, 100, 10088
2026/05/24 15:08:13.737, 2, 100, 10088
2026/05/24 15:08:13.740, 3, 71, 10088
2026/05/24 15:08:28.854, 0, 100, 10490
2026/05/24 15:08:28.858, 1, 100, 10088
2026/05/24 15:08:28.861, 2, 100, 10088
2026/05/24 15:08:28.865, 3, 100, 10088
2026/05/24 15:08:43.957, 0, 9, 10490
2026/05/24 15:08:43.959, 1, 0, 10088
2026/05/24 15:08:43.961, 2, 0, 10088
2026/05/24 15:08:43.962, 3, 0, 10088
2026/05/24 15:08:59.070, 0, 13, 10490
2026/05/24 15:08:59.072, 1, 0, 10088
2026/05/24 15:08:59.073, 2, 0, 10088
2026/05/24 15:08:59.075, 3, 0, 10088
2026/05/24 15:09:14.333, 0, 1, 10490
2026/05/24 15:09:14.335, 1, 0, 10088
2026/05/24 15:09:14.336, 2, 0, 10088
2026/05/24 15:09:14.338, 3, 23, 10088
2026/05/24 15:09:29.731, 0, 100, 10490
2026/05/24 15:09:29.734, 1, 100, 10088
2026/05/24 15:09:29.737, 2, 100, 10088
2026/05/24 15:09:29.740, 3, 100, 10088
2026/05/24 15:09:45.018, 0, 100, 10490
2026/05/24 15:09:45.020, 1, 62, 10088
2026/05/24 15:09:45.021, 2, 100, 10088
2026/05/24 15:09:45.022, 3, 100, 10088
2026/05/24 15:10:00.105, 0, 8, 10490
2026/05/24 15:10:00.107, 1, 0, 10088
2026/05/24 15:10:00.109, 2, 0, 10088
2026/05/24 15:10:00.110, 3, 0, 10088
2026/05/24 15:10:15.193, 0, 12, 10490
2026/05/24 15:10:15.196, 1, 0, 10088
2026/05/24 15:10:15.197, 2, 0, 10088
2026/05/24 15:10:15.199, 3, 0, 10088
2026/05/24 15:10:30.333, 0, 84, 10490
2026/05/24 15:10:30.335, 1, 100, 10088
2026/05/24 15:10:30.340, 2, 100, 10088
2026/05/24 15:10:30.343, 3, 100, 10088
2026/05/24 15:10:45.473, 0, 5, 10490
2026/05/24 15:10:45.475, 1, 0, 10088
2026/05/24 15:10:45.477, 2, 0, 10088
2026/05/24 15:10:45.478, 3, 0, 10088
2026/05/24 15:11:00.942, 0, 10, 10490
2026/05/24 15:11:00.946, 1, 0, 10088
2026/05/24 15:11:00.949, 2, 0, 10088
2026/05/24 15:11:00.952, 3, 22, 10088
2026/05/24 15:11:16.129, 0, 8, 10490
2026/05/24 15:11:16.133, 1, 0, 10088
2026/05/24 15:11:16.138, 2, 0, 10088
2026/05/24 15:11:16.141, 3, 100, 10088
2026/05/24 15:11:31.397, 0, 9, 10490
2026/05/24 15:11:31.399, 1, 0, 10088
2026/05/24 15:11:31.400, 2, 0, 10088
2026/05/24 15:11:31.402, 3, 0, 10088
2026/05/24 15:11:46.506, 0, 13, 10490
2026/05/24 15:11:46.508, 1, 0, 10088
2026/05/24 15:11:46.510, 2, 0, 10088
2026/05/24 15:11:46.511, 3, 0, 10088
2026/05/24 15:12:01.853, 0, 0, 10490
2026/05/24 15:12:01.855, 1, 0, 10088
2026/05/24 15:12:01.856, 2, 0, 10088
2026/05/24 15:12:01.857, 3, 0, 10088
2026/05/24 15:12:17.141, 0, 100, 10490
2026/05/24 15:12:17.143, 1, 100, 10088
2026/05/24 15:12:17.145, 2, 100, 10088
2026/05/24 15:12:17.146, 3, 100, 10088
2026/05/24 15:12:32.258, 0, 10, 10490
2026/05/24 15:12:32.263, 1, 100, 10088
2026/05/24 15:12:32.266, 2, 100, 10088
2026/05/24 15:12:32.269, 3, 100, 10088
2026/05/24 15:12:47.385, 0, 9, 10490
2026/05/24 15:12:47.387, 1, 0, 10088
2026/05/24 15:12:47.388, 2, 0, 10088
2026/05/24 15:12:47.390, 3, 14, 10088
2026/05/24 15:13:02.494, 0, 11, 10490
2026/05/24 15:13:02.496, 1, 0, 10088
2026/05/24 15:13:02.497, 2, 0, 10088
2026/05/24 15:13:02.499, 3, 0, 10088
2026/05/24 15:13:17.629, 0, 3, 10490
2026/05/24 15:13:17.631, 1, 0, 10088
2026/05/24 15:13:17.632, 2, 0, 10088
2026/05/24 15:13:17.634, 3, 0, 10088
2026/05/24 15:13:32.718, 0, 8, 10490
2026/05/24 15:13:32.720, 1, 0, 10088
2026/05/24 15:13:32.721, 2, 0, 10088
2026/05/24 15:13:32.722, 3, 0, 10088
2026/05/24 15:13:47.831, 0, 9, 10490
2026/05/24 15:13:47.835, 1, 0, 10088
2026/05/24 15:13:47.838, 2, 0, 10088
2026/05/24 15:13:47.841, 3, 0, 10088
2026/05/24 15:14:02.980, 0, 100, 10490
2026/05/24 15:14:02.984, 1, 100, 10088
2026/05/24 15:14:02.988, 2, 93, 10088
2026/05/24 15:14:02.990, 3, 57, 10088
2026/05/24 15:14:18.206, 0, 100, 10490
2026/05/24 15:14:18.208, 1, 0, 10088
2026/05/24 15:14:18.209, 2, 100, 10088
2026/05/24 15:14:18.211, 3, 100, 10088
2026/05/24 15:14:33.354, 0, 100, 10490
2026/05/24 15:14:33.357, 1, 100, 10088
2026/05/24 15:14:33.360, 2, 100, 10088
2026/05/24 15:14:33.361, 3, 100, 10088
2026/05/24 15:14:48.462, 0, 6, 10490
2026/05/24 15:14:48.464, 1, 0, 10088
2026/05/24 15:14:48.465, 2, 0, 10088
2026/05/24 15:14:48.467, 3, 0, 10088
2026/05/24 15:15:03.632, 0, 100, 10490
2026/05/24 15:15:03.636, 1, 100, 10088
2026/05/24 15:15:03.639, 2, 100, 10088
2026/05/24 15:15:03.642, 3, 92, 10088
2026/05/24 15:15:18.741, 0, 1, 10490
2026/05/24 15:15:18.743, 1, 0, 10088
2026/05/24 15:15:18.744, 2, 0, 10088
2026/05/24 15:15:18.746, 3, 94, 10088
2026/05/24 15:15:33.866, 0, 8, 10490
2026/05/24 15:15:33.868, 1, 0, 10088
2026/05/24 15:15:33.869, 2, 0, 10088
2026/05/24 15:15:33.870, 3, 0, 10088
2026/05/24 15:15:48.973, 0, 13, 10490
2026/05/24 15:15:48.976, 1, 0, 10088
2026/05/24 15:15:48.977, 2, 0, 10088
2026/05/24 15:15:48.978, 3, 0, 10088
2026/05/24 15:16:04.078, 0, 8, 10490
2026/05/24 15:16:04.080, 1, 0, 10088
2026/05/24 15:16:04.081, 2, 0, 10088
2026/05/24 15:16:04.082, 3, 0, 10088
2026/05/24 15:16:19.485, 0, 90, 10490
2026/05/24 15:16:19.489, 1, 100, 10088
2026/05/24 15:16:19.492, 2, 100, 10088
2026/05/24 15:16:19.496, 3, 98, 10088
2026/05/24 15:16:34.751, 0, 100, 10490
2026/05/24 15:16:34.884, 1, 100, 10088
2026/05/24 15:16:34.887, 2, 100, 10088
2026/05/24 15:16:34.890, 3, 100, 10088
2026/05/24 15:16:50.038, 0, 9, 10490
2026/05/24 15:16:50.042, 1, 0, 10088
2026/05/24 15:16:50.045, 2, 0, 10088
2026/05/24 15:16:50.048, 3, 100, 10088
2026/05/24 15:17:05.287, 0, 8, 10490
2026/05/24 15:17:05.292, 1, 100, 10088
2026/05/24 15:17:05.295, 2, 100, 10088
2026/05/24 15:17:05.298, 3, 0, 10088
2026/05/24 15:17:20.390, 0, 9, 10490
2026/05/24 15:17:20.392, 1, 0, 10088
2026/05/24 15:17:20.393, 2, 0, 10088
2026/05/24 15:17:20.394, 3, 0, 10088
2026/05/24 15:17:35.780, 0, 100, 10490
2026/05/24 15:17:35.783, 1, 100, 10088
2026/05/24 15:17:35.788, 2, 100, 10088
2026/05/24 15:17:35.792, 3, 100, 10088
2026/05/24 15:17:51.247, 0, 100, 10490
2026/05/24 15:17:51.251, 1, 100, 10088
2026/05/24 15:17:51.254, 2, 100, 10088
2026/05/24 15:17:51.258, 3, 100, 10088
2026/05/24 15:18:06.367, 0, 100, 10490
2026/05/24 15:18:06.371, 1, 100, 10088
2026/05/24 15:18:06.374, 2, 100, 10088
2026/05/24 15:18:06.377, 3, 100, 10088
2026/05/24 15:18:21.470, 0, 9, 10490
2026/05/24 15:18:21.472, 1, 0, 10088
2026/05/24 15:18:21.473, 2, 0, 10088
2026/05/24 15:18:21.475, 3, 0, 10088
2026/05/24 15:18:36.583, 0, 7, 10490
2026/05/24 15:18:36.585, 1, 0, 10088
2026/05/24 15:18:36.586, 2, 0, 10088
2026/05/24 15:18:36.588, 3, 0, 10088
2026/05/24 15:18:52.026, 0, 100, 10490
2026/05/24 15:18:52.030, 1, 2, 10088
2026/05/24 15:18:52.033, 2, 1, 10088
2026/05/24 15:18:52.037, 3, 0, 10088
2026/05/24 15:19:07.131, 0, 9, 10490
2026/05/24 15:19:07.134, 1, 0, 10088
2026/05/24 15:19:07.137, 2, 0, 10088
2026/05/24 15:19:07.140, 3, 0, 10088
2026/05/24 15:19:22.298, 0, 10, 10490
2026/05/24 15:19:22.302, 1, 100, 10088
2026/05/24 15:19:22.305, 2, 100, 10088
2026/05/24 15:19:22.308, 3, 100, 10088
2026/05/24 15:19:37.430, 0, 100, 10490
2026/05/24 15:19:37.433, 1, 100, 10088
2026/05/24 15:19:37.437, 2, 100, 10088
2026/05/24 15:19:37.440, 3, 0, 10088
2026/05/24 15:19:52.590, 0, 5, 10490
2026/05/24 15:19:52.592, 1, 0, 10088
2026/05/24 15:19:52.593, 2, 0, 10088
2026/05/24 15:19:52.595, 3, 0, 10088
2026/05/24 15:20:07.707, 0, 100, 10490
2026/05/24 15:20:07.711, 1, 100, 10088
2026/05/24 15:20:07.713, 2, 100, 10088
2026/05/24 15:20:07.717, 3, 100, 10088
2026/05/24 15:20:22.857, 0, 8, 10490
2026/05/24 15:20:22.913, 1, 0, 10088
2026/05/24 15:20:22.915, 2, 0, 10088
2026/05/24 15:20:22.918, 3, 0, 10088
2026/05/24 15:20:38.074, 0, 0, 10490
2026/05/24 15:20:38.079, 1, 0, 10088
2026/05/24 15:20:38.083, 2, 0, 10088
2026/05/24 15:20:38.086, 3, 100, 10088
2026/05/24 15:20:53.269, 0, 100, 10490
2026/05/24 15:20:53.271, 1, 0, 10088
2026/05/24 15:20:53.272, 2, 100, 10088
2026/05/24 15:20:53.273, 3, 0, 10088
2026/05/24 15:21:08.347, 0, 2, 10490
2026/05/24 15:21:08.349, 1, 0, 10088
2026/05/24 15:21:08.350, 2, 0, 10088
2026/05/24 15:21:08.351, 3, 0, 10088
2026/05/24 15:21:23.444, 0, 14, 10490
2026/05/24 15:21:23.446, 1, 0, 10088
2026/05/24 15:21:23.448, 2, 0, 10088
2026/05/24 15:21:23.449, 3, 0, 10088
2026/05/24 15:21:38.550, 0, 9, 10490
2026/05/24 15:21:38.552, 1, 0, 10088
2026/05/24 15:21:38.553, 2, 0, 10088
2026/05/24 15:21:38.554, 3, 0, 10088
2026/05/24 15:21:53.881, 0, 100, 10490
2026/05/24 15:21:53.883, 1, 100, 10088
2026/05/24 15:21:53.884, 2, 100, 10088
2026/05/24 15:21:53.885, 3, 100, 10088
2026/05/24 15:22:08.969, 0, 100, 10490
2026/05/24 15:22:08.971, 1, 100, 10088
2026/05/24 15:22:08.973, 2, 100, 10088
2026/05/24 15:22:08.974, 3, 100, 10088
2026/05/24 15:22:24.162, 0, 9, 10490
2026/05/24 15:22:24.166, 1, 0, 10088
2026/05/24 15:22:24.169, 2, 0, 10088
2026/05/24 15:22:24.172, 3, 100, 10088
2026/05/24 15:22:39.380, 0, 17, 10490
2026/05/24 15:22:39.382, 1, 0, 10088
2026/05/24 15:22:39.383, 2, 0, 10088
2026/05/24 15:22:39.385, 3, 100, 10088
2026/05/24 15:22:54.735, 0, 100, 10490
2026/05/24 15:22:54.738, 1, 100, 10088
2026/05/24 15:22:54.741, 2, 100, 10088
2026/05/24 15:22:54.744, 3, 13, 10088
2026/05/24 15:23:09.857, 0, 8, 10490
2026/05/24 15:23:09.859, 1, 0, 10088
2026/05/24 15:23:09.860, 2, 0, 10088
2026/05/24 15:23:09.862, 3, 0, 10088
2026/05/24 15:23:25.111, 0, 100, 10490
2026/05/24 15:23:25.115, 1, 100, 10088
2026/05/24 15:23:25.118, 2, 100, 10088
2026/05/24 15:23:25.120, 3, 100, 10088
2026/05/24 15:23:40.307, 0, 100, 10490
2026/05/24 15:23:40.310, 1, 100, 10088
2026/05/24 15:23:40.313, 2, 100, 10088
2026/05/24 15:23:40.316, 3, 100, 10088
2026/05/24 15:23:55.621, 0, 1, 10490
2026/05/24 15:23:55.624, 1, 88, 10088
2026/05/24 15:23:55.625, 2, 0, 10088
2026/05/24 15:23:55.626, 3, 100, 10088
2026/05/24 15:24:10.758, 0, 14, 10490
2026/05/24 15:24:10.760, 1, 0, 10088
2026/05/24 15:24:10.761, 2, 0, 10088
2026/05/24 15:24:10.763, 3, 0, 10088
2026/05/24 15:24:25.986, 0, 8, 10490
2026/05/24 15:24:25.990, 1, 0, 10088
2026/05/24 15:24:25.992, 2, 0, 10088
2026/05/24 15:24:25.995, 3, 0, 10088
2026/05/24 15:24:41.154, 0, 100, 10490
2026/05/24 15:24:41.158, 1, 100, 10088
2026/05/24 15:24:41.161, 2, 100, 10088
2026/05/24 15:24:41.164, 3, 100, 10088
2026/05/24 15:24:56.262, 0, 61, 10490
2026/05/24 15:24:56.264, 1, 25, 10088
2026/05/24 15:24:56.265, 2, 51, 10088
2026/05/24 15:24:56.266, 3, 100, 10088
2026/05/24 15:25:11.548, 0, 100, 10490
2026/05/24 15:25:11.552, 1, 100, 10088
2026/05/24 15:25:11.554, 2, 100, 10088
2026/05/24 15:25:11.558, 3, 100, 10088
2026/05/24 15:25:26.686, 0, 14, 10490
2026/05/24 15:25:26.688, 1, 0, 10088
2026/05/24 15:25:26.689, 2, 0, 10088
2026/05/24 15:25:26.691, 3, 0, 10088
2026/05/24 15:25:41.773, 0, 9, 10490
2026/05/24 15:25:41.776, 1, 0, 10088
2026/05/24 15:25:41.777, 2, 0, 10088
2026/05/24 15:25:41.778, 3, 0, 10088
2026/05/24 15:25:56.872, 0, 6, 10490
2026/05/24 15:25:56.874, 1, 0, 10088
2026/05/24 15:25:56.875, 2, 0, 10088
2026/05/24 15:25:56.877, 3, 0, 10088
2026/05/24 15:26:12.431, 0, 0, 10490
2026/05/24 15:26:12.432, 1, 0, 10088
2026/05/24 15:26:12.433, 2, 0, 10088
2026/05/24 15:26:12.434, 3, 0, 10088
2026/05/24 15:26:27.542, 0, 100, 10490
2026/05/24 15:26:27.546, 1, 12, 10088
2026/05/24 15:26:27.550, 2, 0, 10088
2026/05/24 15:26:27.553, 3, 0, 10088
2026/05/24 15:26:42.676, 0, 100, 10490
2026/05/24 15:26:42.680, 1, 89, 10088
2026/05/24 15:26:42.684, 2, 0, 10088
2026/05/24 15:26:42.687, 3, 0, 10088
2026/05/24 15:26:57.946, 0, 14, 10490
2026/05/24 15:26:57.948, 1, 0, 10088
2026/05/24 15:26:57.949, 2, 0, 10088
2026/05/24 15:26:57.950, 3, 0, 10088
2026/05/24 15:27:13.294, 0, 100, 10490
2026/05/24 15:27:13.296, 1, 100, 10088
2026/05/24 15:27:13.299, 2, 100, 10088
2026/05/24 15:27:13.301, 3, 0, 10088
2026/05/24 15:27:28.601, 0, 9, 10490
2026/05/24 15:27:28.603, 1, 0, 10088
2026/05/24 15:27:28.604, 2, 0, 10088
2026/05/24 15:27:28.606, 3, 0, 10088
2026/05/24 15:27:43.709, 0, 9, 10490
2026/05/24 15:27:43.711, 1, 0, 10088
2026/05/24 15:27:43.713, 2, 0, 10088
2026/05/24 15:27:43.714, 3, 0, 10088
2026/05/24 15:27:58.843, 0, 4, 10490
2026/05/24 15:27:58.847, 1, 0, 10088
2026/05/24 15:27:58.850, 2, 0, 10088
2026/05/24 15:27:58.854, 3, 0, 10088
2026/05/24 15:28:14.006, 0, 0, 10490
2026/05/24 15:28:14.008, 1, 0, 10088
2026/05/24 15:28:14.009, 2, 0, 10088
2026/05/24 15:28:14.011, 3, 0, 10088
2026/05/24 15:28:29.430, 0, 100, 10490
2026/05/24 15:28:29.432, 1, 100, 10088
2026/05/24 15:28:29.433, 2, 26, 10088
2026/05/24 15:28:29.434, 3, 100, 10088
2026/05/24 15:28:44.522, 0, 8, 10490
2026/05/24 15:28:44.524, 1, 0, 10088
2026/05/24 15:28:44.525, 2, 0, 10088
2026/05/24 15:28:44.526, 3, 0, 10088
2026/05/24 15:28:59.609, 0, 4, 10490
2026/05/24 15:28:59.611, 1, 0, 10088
2026/05/24 15:28:59.612, 2, 16, 10088
2026/05/24 15:28:59.614, 3, 100, 10088
2026/05/24 15:29:14.695, 0, 2, 10490
2026/05/24 15:29:14.697, 1, 0, 10088
2026/05/24 15:29:14.698, 2, 0, 10088
2026/05/24 15:29:14.699, 3, 0, 10088
2026/05/24 15:29:29.927, 0, 4, 10490
2026/05/24 15:29:29.930, 1, 0, 10088
2026/05/24 15:29:29.933, 2, 0, 10088
2026/05/24 15:29:29.936, 3, 0, 10088
2026/05/24 15:29:45.158, 0, 9, 10490
2026/05/24 15:29:45.160, 1, 0, 10088
2026/05/24 15:29:45.161, 2, 0, 10088
2026/05/24 15:29:45.163, 3, 0, 10088
2026/05/24 15:30:00.276, 0, 9, 10490
2026/05/24 15:30:00.278, 1, 0, 10088
2026/05/24 15:30:00.279, 2, 0, 10088
2026/05/24 15:30:00.280, 3, 0, 10088
2026/05/24 15:30:15.381, 0, 100, 10490
2026/05/24 15:30:15.383, 1, 0, 10088
2026/05/24 15:30:15.384, 2, 0, 10088
2026/05/24 15:30:15.385, 3, 49, 10088
2026/05/24 15:30:30.515, 0, 4, 10490
2026/05/24 15:30:30.519, 1, 0, 10088
2026/05/24 15:30:30.522, 2, 0, 10088
2026/05/24 15:30:30.525, 3, 0, 10088
2026/05/24 15:30:45.781, 0, 2, 10490
2026/05/24 15:30:45.783, 1, 0, 10088
2026/05/24 15:30:45.784, 2, 0, 10088
2026/05/24 15:30:45.786, 3, 0, 10088
2026/05/24 15:31:00.950, 0, 11, 10490
2026/05/24 15:31:00.952, 1, 0, 10088
2026/05/24 15:31:00.953, 2, 0, 10088
2026/05/24 15:31:00.955, 3, 0, 10088
2026/05/24 15:31:16.037, 0, 9, 10490
2026/05/24 15:31:16.039, 1, 0, 10088
2026/05/24 15:31:16.040, 2, 0, 10088
2026/05/24 15:31:16.042, 3, 27, 10088
2026/05/24 15:31:31.134, 0, 69, 10490
2026/05/24 15:31:31.137, 1, 100, 10088
2026/05/24 15:31:31.140, 2, 98, 10088
2026/05/24 15:31:31.143, 3, 100, 10088
2026/05/24 15:31:46.306, 0, 86, 10490
2026/05/24 15:31:46.308, 1, 48, 10088
2026/05/24 15:31:46.309, 2, 33, 10088
2026/05/24 15:31:46.311, 3, 100, 10088
2026/05/24 15:32:01.405, 0, 9, 10490
2026/05/24 15:32:01.407, 1, 0, 10088
2026/05/24 15:32:01.408, 2, 0, 10088
2026/05/24 15:32:01.410, 3, 0, 10088
2026/05/24 15:32:16.518, 0, 2, 10490
2026/05/24 15:32:16.519, 1, 11, 10088
2026/05/24 15:32:16.521, 2, 29, 10088
2026/05/24 15:32:16.522, 3, 100, 10088
2026/05/24 15:32:31.706, 0, 3, 10490
2026/05/24 15:32:31.708, 1, 0, 10088
2026/05/24 15:32:31.709, 2, 0, 10088
2026/05/24 15:32:31.710, 3, 0, 10088
2026/05/24 15:32:46.941, 0, 100, 10490
2026/05/24 15:32:46.943, 1, 100, 10088
2026/05/24 15:32:46.945, 2, 100, 10088
2026/05/24 15:32:46.948, 3, 98, 10088
2026/05/24 15:33:02.094, 0, 100, 10490
2026/05/24 15:33:02.096, 1, 100, 10088
2026/05/24 15:33:02.097, 2, 100, 10088
2026/05/24 15:33:02.099, 3, 100, 10088
2026/05/24 15:33:17.238, 0, 4, 10490
2026/05/24 15:33:17.241, 1, 0, 10088
2026/05/24 15:33:17.244, 2, 0, 10088
2026/05/24 15:33:17.247, 3, 100, 10088
2026/05/24 15:33:32.461, 0, 100, 10490
2026/05/24 15:33:32.464, 1, 100, 10088
2026/05/24 15:33:32.467, 2, 100, 10088
2026/05/24 15:33:32.469, 3, 100, 10088
2026/05/24 15:33:47.582, 0, 13, 10490
2026/05/24 15:33:47.584, 1, 0, 10088
2026/05/24 15:33:47.586, 2, 0, 10088
2026/05/24 15:33:47.587, 3, 0, 10088
2026/05/24 15:34:02.910, 0, 100, 10490
2026/05/24 15:34:02.915, 1, 23, 10088
2026/05/24 15:34:02.918, 2, 1, 10088
2026/05/24 15:34:02.921, 3, 88, 10088
2026/05/24 15:34:18.280, 0, 100, 10490
2026/05/24 15:34:18.283, 1, 100, 10088
2026/05/24 15:34:18.286, 2, 100, 10088
2026/05/24 15:34:18.289, 3, 100, 10088
2026/05/24 15:34:33.421, 0, 100, 10490
2026/05/24 15:34:33.424, 1, 28, 10088
2026/05/24 15:34:33.425, 2, 0, 10088
2026/05/24 15:34:33.426, 3, 100, 10088
2026/05/24 15:34:48.677, 0, 100, 10490
2026/05/24 15:34:48.681, 1, 100, 10088
2026/05/24 15:34:48.684, 2, 100, 10088
2026/05/24 15:34:48.687, 3, 100, 10088
2026/05/24 15:35:03.797, 0, 100, 10490
2026/05/24 15:35:03.801, 1, 100, 10088
2026/05/24 15:35:03.804, 2, 100, 10088
2026/05/24 15:35:03.807, 3, 100, 10088
2026/05/24 15:35:18.918, 0, 14, 10490
2026/05/24 15:35:18.920, 1, 0, 10088
2026/05/24 15:35:18.921, 2, 0, 10088
2026/05/24 15:35:18.923, 3, 0, 10088
2026/05/24 15:35:34.005, 0, 100, 10490
2026/05/24 15:35:34.007, 1, 100, 10088
2026/05/24 15:35:34.008, 2, 100, 10088
2026/05/24 15:35:34.010, 3, 100, 10088
2026/05/24 15:35:49.330, 0, 100, 10490
2026/05/24 15:35:49.334, 1, 100, 10088
2026/05/24 15:35:49.337, 2, 100, 10088
2026/05/24 15:35:49.340, 3, 50, 10088
2026/05/24 15:36:04.896, 0, 100, 10490
2026/05/24 15:36:04.900, 1, 100, 10088
2026/05/24 15:36:04.904, 2, 100, 10088
2026/05/24 15:36:04.907, 3, 0, 10088
2026/05/24 15:36:20.211, 0, 100, 10490
2026/05/24 15:36:20.213, 1, 100, 10088
2026/05/24 15:36:20.214, 2, 89, 10088
2026/05/24 15:36:20.217, 3, 100, 10088
2026/05/24 15:36:35.474, 0, 12, 10490
2026/05/24 15:36:35.476, 1, 0, 10088
2026/05/24 15:36:35.478, 2, 0, 10088
2026/05/24 15:36:35.479, 3, 0, 10088
2026/05/24 15:36:50.617, 0, 100, 10490
2026/05/24 15:36:50.621, 1, 83, 10088
2026/05/24 15:36:50.624, 2, 100, 10088
2026/05/24 15:36:50.628, 3, 100, 10088
2026/05/24 15:37:05.919, 0, 10, 10490
2026/05/24 15:37:05.923, 1, 0, 10088
2026/05/24 15:37:05.926, 2, 0, 10088
2026/05/24 15:37:05.931, 3, 0, 10088
2026/05/24 15:37:21.025, 0, 10, 10490
2026/05/24 15:37:21.027, 1, 0, 10088
2026/05/24 15:37:21.029, 2, 0, 10088
2026/05/24 15:37:21.030, 3, 0, 10088
2026/05/24 15:37:36.113, 0, 3, 10490
2026/05/24 15:37:36.115, 1, 0, 10088
2026/05/24 15:37:36.117, 2, 0, 10088
2026/05/24 15:37:36.118, 3, 0, 10088
2026/05/24 15:37:51.297, 0, 21, 10490
2026/05/24 15:37:51.299, 1, 100, 10088
2026/05/24 15:37:51.300, 2, 75, 10088
2026/05/24 15:37:51.302, 3, 0, 10088
2026/05/24 15:38:06.502, 0, 14, 10490
2026/05/24 15:38:06.504, 1, 0, 10088
2026/05/24 15:38:06.506, 2, 0, 10088
2026/05/24 15:38:06.507, 3, 0, 10088
2026/05/24 15:38:21.676, 0, 100, 10490
2026/05/24 15:38:21.679, 1, 100, 10088
2026/05/24 15:38:21.683, 2, 100, 10088
2026/05/24 15:38:21.686, 3, 0, 10088
2026/05/24 15:38:36.794, 0, 9, 10490
2026/05/24 15:38:36.796, 1, 0, 10088
2026/05/24 15:38:36.797, 2, 0, 10088
2026/05/24 15:38:36.798, 3, 0, 10088
2026/05/24 15:38:52.104, 0, 0, 10490
2026/05/24 15:38:52.106, 1, 0, 10088
2026/05/24 15:38:52.107, 2, 0, 10088
2026/05/24 15:38:52.108, 3, 0, 10088
2026/05/24 15:39:07.190, 0, 7, 10490
2026/05/24 15:39:07.192, 1, 15, 10088
2026/05/24 15:39:07.193, 2, 0, 10088
2026/05/24 15:39:07.194, 3, 0, 10088
2026/05/24 15:39:22.282, 0, 16, 10490
2026/05/24 15:39:22.284, 1, 0, 10088
2026/05/24 15:39:22.285, 2, 0, 10088
2026/05/24 15:39:22.287, 3, 0, 10088
2026/05/24 15:39:37.437, 0, 10, 10490
2026/05/24 15:39:37.440, 1, 100, 10088
2026/05/24 15:39:37.443, 2, 100, 10088
2026/05/24 15:39:37.446, 3, 0, 10088
2026/05/24 15:39:52.614, 0, 0, 10490
2026/05/24 15:39:52.616, 1, 0, 10088
2026/05/24 15:39:52.617, 2, 0, 10088
2026/05/24 15:39:52.619, 3, 0, 10088
2026/05/24 15:40:07.841, 0, 6, 10490
2026/05/24 15:40:07.843, 1, 29, 10088
2026/05/24 15:40:07.845, 2, 73, 10088
2026/05/24 15:40:07.846, 3, 100, 10088
2026/05/24 15:40:22.929, 0, 5, 10490
2026/05/24 15:40:22.931, 1, 0, 10088
2026/05/24 15:40:22.933, 2, 0, 10088
2026/05/24 15:40:22.934, 3, 66, 10088
2026/05/24 15:40:38.058, 0, 75, 10490
2026/05/24 15:40:38.062, 1, 100, 10088
2026/05/24 15:40:38.065, 2, 100, 10088
2026/05/24 15:40:38.067, 3, 100, 10088
2026/05/24 15:40:53.363, 0, 13, 10490
2026/05/24 15:40:53.365, 1, 0, 10088
2026/05/24 15:40:53.367, 2, 0, 10088
2026/05/24 15:40:53.368, 3, 0, 10088
2026/05/24 15:41:08.870, 0, 100, 10490
2026/05/24 15:41:08.872, 1, 100, 10088
2026/05/24 15:41:08.873, 2, 100, 10088
2026/05/24 15:41:08.874, 3, 100, 10088
2026/05/24 15:41:23.957, 0, 9, 10490
2026/05/24 15:41:23.959, 1, 0, 10088
2026/05/24 15:41:23.961, 2, 0, 10088
2026/05/24 15:41:23.962, 3, 0, 10088
2026/05/24 15:41:39.146, 0, 100, 10490
2026/05/24 15:41:39.150, 1, 100, 10088
2026/05/24 15:41:39.154, 2, 100, 10088
2026/05/24 15:41:39.157, 3, 0, 10088
2026/05/24 15:41:54.249, 0, 0, 10490
2026/05/24 15:41:54.251, 1, 0, 10088
2026/05/24 15:41:54.253, 2, 0, 10088
2026/05/24 15:41:54.254, 3, 0, 10088
2026/05/24 15:42:09.604, 0, 4, 10490
2026/05/24 15:42:09.606, 1, 0, 10088
2026/05/24 15:42:09.607, 2, 0, 10088
2026/05/24 15:42:09.608, 3, 0, 10088
2026/05/24 15:42:24.710, 0, 14, 10490
2026/05/24 15:42:24.712, 1, 0, 10088
2026/05/24 15:42:24.714, 2, 0, 10088
2026/05/24 15:42:24.715, 3, 0, 10088
2026/05/24 15:42:39.806, 0, 100, 10490
2026/05/24 15:42:39.810, 1, 100, 10088
2026/05/24 15:42:39.812, 2, 100, 10088
2026/05/24 15:42:39.815, 3, 100, 10088
2026/05/24 15:42:54.913, 0, 1, 10490
2026/05/24 15:42:54.915, 1, 0, 10088
2026/05/24 15:42:54.917, 2, 0, 10088
2026/05/24 15:42:54.918, 3, 0, 10088
2026/05/24 15:43:10.089, 0, 4, 10490
2026/05/24 15:43:10.092, 1, 0, 10088
2026/05/24 15:43:10.095, 2, 0, 10088
2026/05/24 15:43:10.098, 3, 100, 10088
2026/05/24 15:43:25.346, 0, 9, 10490
2026/05/24 15:43:25.350, 1, 0, 10088
2026/05/24 15:43:25.352, 2, 0, 10088
2026/05/24 15:43:25.356, 3, 92, 10088
2026/05/24 15:43:40.571, 0, 100, 10490
2026/05/24 15:43:40.575, 1, 100, 10088
2026/05/24 15:43:40.578, 2, 100, 10088
2026/05/24 15:43:40.581, 3, 49, 10088
2026/05/24 15:43:55.678, 0, 9, 10490
2026/05/24 15:43:55.680, 1, 0, 10088
2026/05/24 15:43:55.682, 2, 0, 10088
2026/05/24 15:43:55.683, 3, 0, 10088
2026/05/24 15:44:10.824, 0, 6, 10490
2026/05/24 15:44:10.826, 1, 0, 10088
2026/05/24 15:44:10.827, 2, 0, 10088
2026/05/24 15:44:10.828, 3, 0, 10088
2026/05/24 15:44:26.460, 0, 100, 10490
2026/05/24 15:44:26.555, 1, 0, 10088
2026/05/24 15:44:26.557, 2, 100, 10088
2026/05/24 15:44:26.559, 3, 100, 10088
2026/05/24 15:44:41.717, 0, 3, 10490
2026/05/24 15:44:41.719, 1, 0, 10088
2026/05/24 15:44:41.721, 2, 0, 10088
2026/05/24 15:44:41.722, 3, 0, 10088
2026/05/24 15:44:56.822, 0, 9, 10490
2026/05/24 15:44:56.824, 1, 0, 10088
2026/05/24 15:44:56.825, 2, 0, 10088
2026/05/24 15:44:56.826, 3, 0, 10088
2026/05/24 15:45:11.926, 0, 14, 10490
2026/05/24 15:45:11.928, 1, 0, 10088
2026/05/24 15:45:11.929, 2, 0, 10088
2026/05/24 15:45:11.931, 3, 0, 10088
2026/05/24 15:45:27.014, 0, 9, 10490
2026/05/24 15:45:27.016, 1, 0, 10088
2026/05/24 15:45:27.017, 2, 0, 10088
2026/05/24 15:45:27.018, 3, 29, 10088
2026/05/24 15:45:42.158, 0, 100, 10490
2026/05/24 15:45:42.160, 1, 100, 10088
2026/05/24 15:45:42.161, 2, 100, 10088
2026/05/24 15:45:42.162, 3, 0, 10088
2026/05/24 15:45:57.508, 0, 0, 10490
2026/05/24 15:45:57.510, 1, 0, 10088
2026/05/24 15:45:57.511, 2, 0, 10088
2026/05/24 15:45:57.512, 3, 0, 10088
2026/05/24 15:46:13.048, 0, 100, 10490
2026/05/24 15:46:13.051, 1, 100, 10088
2026/05/24 15:46:13.226, 2, 100, 10088
2026/05/24 15:46:13.227, 3, 81, 10088
2026/05/24 15:46:28.350, 0, 26, 10490
2026/05/24 15:46:28.354, 1, 0, 10088
2026/05/24 15:46:28.356, 2, 0, 10088
2026/05/24 15:46:28.359, 3, 100, 10088
2026/05/24 15:46:43.715, 0, 9, 10490
2026/05/24 15:46:43.723, 1, 0, 10088
2026/05/24 15:46:43.724, 2, 0, 10088
2026/05/24 15:46:43.725, 3, 0, 10088
2026/05/24 15:46:58.810, 0, 9, 10490
2026/05/24 15:46:58.813, 1, 0, 10088
2026/05/24 15:46:58.815, 2, 0, 10088
2026/05/24 15:46:58.819, 3, 0, 10088
2026/05/24 15:47:14.006, 0, 93, 10490
2026/05/24 15:47:14.009, 1, 100, 10088
2026/05/24 15:47:14.011, 2, 100, 10088
2026/05/24 15:47:14.015, 3, 100, 10088
2026/05/24 15:47:29.109, 0, 10, 10490
2026/05/24 15:47:29.111, 1, 0, 10088
2026/05/24 15:47:29.113, 2, 0, 10088
2026/05/24 15:47:29.114, 3, 0, 10088
2026/05/24 15:47:44.197, 0, 3, 10490
2026/05/24 15:47:44.199, 1, 0, 10088
2026/05/24 15:47:44.201, 2, 0, 10088
2026/05/24 15:47:44.202, 3, 0, 10088
2026/05/24 15:47:59.639, 0, 0, 10490
2026/05/24 15:47:59.641, 1, 0, 10088
2026/05/24 15:47:59.642, 2, 0, 10088
2026/05/24 15:47:59.643, 3, 0, 10088
2026/05/24 15:48:14.923, 0, 100, 10490
2026/05/24 15:48:14.926, 1, 100, 10088
2026/05/24 15:48:14.930, 2, 100, 10088
2026/05/24 15:48:14.933, 3, 100, 10088
2026/05/24 15:48:30.187, 0, 100, 10490
2026/05/24 15:48:30.191, 1, 100, 10088
2026/05/24 15:48:30.194, 2, 100, 10088
2026/05/24 15:48:30.197, 3, 100, 10088
2026/05/24 15:48:45.289, 0, 9, 10490
2026/05/24 15:48:45.291, 1, 0, 10088
2026/05/24 15:48:45.292, 2, 0, 10088
2026/05/24 15:48:45.294, 3, 0, 10088
2026/05/24 15:49:00.474, 0, 10, 10490
2026/05/24 15:49:00.477, 1, 0, 10088
2026/05/24 15:49:00.480, 2, 0, 10088
2026/05/24 15:49:00.483, 3, 100, 10088
2026/05/24 15:49:15.704, 0, 100, 10490
2026/05/24 15:49:15.708, 1, 100, 10088
2026/05/24 15:49:15.711, 2, 100, 10088
2026/05/24 15:49:15.714, 3, 100, 10088
2026/05/24 15:49:30.822, 0, 18, 10490
2026/05/24 15:49:30.824, 1, 0, 10088
2026/05/24 15:49:30.825, 2, 0, 10088
2026/05/24 15:49:30.826, 3, 0, 10088
2026/05/24 15:49:46.003, 0, 58, 10490
2026/05/24 15:49:46.006, 1, 100, 10088
2026/05/24 15:49:46.009, 2, 100, 10088
2026/05/24 15:49:46.012, 3, 100, 10088
2026/05/24 15:50:01.110, 0, 9, 10490
2026/05/24 15:50:01.112, 1, 0, 10088
2026/05/24 15:50:01.113, 2, 0, 10088
2026/05/24 15:50:01.114, 3, 0, 10088
2026/05/24 15:50:16.197, 0, 9, 10490
2026/05/24 15:50:16.199, 1, 0, 10088
2026/05/24 15:50:16.200, 2, 0, 10088
2026/05/24 15:50:16.202, 3, 0, 10088
2026/05/24 15:50:31.302, 0, 9, 10490
2026/05/24 15:50:31.304, 1, 0, 10088
2026/05/24 15:50:31.305, 2, 0, 10088
2026/05/24 15:50:31.306, 3, 0, 10088
2026/05/24 15:50:46.450, 0, 6, 10490
2026/05/24 15:50:46.454, 1, 0, 10088
2026/05/24 15:50:46.457, 2, 0, 10088
2026/05/24 15:50:46.461, 3, 100, 10088
2026/05/24 15:51:01.582, 0, 17, 10490
2026/05/24 15:51:01.585, 1, 0, 10088
2026/05/24 15:51:01.586, 2, 0, 10088
2026/05/24 15:51:01.587, 3, 0, 10088
2026/05/24 15:51:16.889, 0, 1, 10490
2026/05/24 15:51:16.891, 1, 0, 10088
2026/05/24 15:51:16.893, 2, 0, 10088
2026/05/24 15:51:16.894, 3, 100, 10088
2026/05/24 15:51:31.984, 0, 100, 10490
2026/05/24 15:51:31.988, 1, 100, 10088
2026/05/24 15:51:31.991, 2, 100, 10088
2026/05/24 15:51:31.994, 3, 100, 10088
2026/05/24 15:51:47.089, 0, 100, 10490
2026/05/24 15:51:47.091, 1, 100, 10088
2026/05/24 15:51:47.093, 2, 100, 10088
2026/05/24 15:51:47.094, 3, 100, 10088
2026/05/24 15:52:02.218, 0, 100, 10490
2026/05/24 15:52:02.220, 1, 100, 10088
2026/05/24 15:52:02.222, 2, 100, 10088
2026/05/24 15:52:02.223, 3, 77, 10088
2026/05/24 15:52:17.348, 0, 100, 10490
2026/05/24 15:52:17.354, 1, 63, 10088
2026/05/24 15:52:17.358, 2, 44, 10088
2026/05/24 15:52:17.361, 3, 100, 10088
2026/05/24 15:52:32.453, 0, 2, 10490
2026/05/24 15:52:32.455, 1, 0, 10088
2026/05/24 15:52:32.457, 2, 0, 10088
2026/05/24 15:52:32.458, 3, 0, 10088
2026/05/24 15:52:47.924, 0, 0, 10490
2026/05/24 15:52:47.926, 1, 0, 10088
2026/05/24 15:52:47.927, 2, 0, 10088
2026/05/24 15:52:47.929, 3, 0, 10088
2026/05/24 15:53:03.214, 0, 3, 10490
2026/05/24 15:53:03.216, 1, 0, 10088
2026/05/24 15:53:03.218, 2, 0, 10088
2026/05/24 15:53:03.219, 3, 0, 10088
2026/05/24 15:53:18.339, 0, 19, 10490
2026/05/24 15:53:18.343, 1, 0, 10088
2026/05/24 15:53:18.346, 2, 0, 10088
2026/05/24 15:53:18.349, 3, 0, 10088
2026/05/24 15:53:33.437, 0, 9, 10490
2026/05/24 15:53:33.440, 1, 0, 10088
2026/05/24 15:53:33.441, 2, 0, 10088
2026/05/24 15:53:33.442, 3, 0, 10088
2026/05/24 15:53:48.561, 0, 3, 10490
2026/05/24 15:53:48.564, 1, 0, 10088
2026/05/24 15:53:48.565, 2, 0, 10088
2026/05/24 15:53:48.566, 3, 0, 10088
2026/05/24 15:54:03.709, 0, 49, 10490
2026/05/24 15:54:03.713, 1, 100, 10088
2026/05/24 15:54:03.715, 2, 100, 10088
2026/05/24 15:54:03.719, 3, 36, 10088
2026/05/24 15:54:18.838, 0, 100, 10490
2026/05/24 15:54:18.842, 1, 100, 10088
2026/05/24 15:54:18.845, 2, 100, 10088
2026/05/24 15:54:18.848, 3, 100, 10088
2026/05/24 15:54:33.972, 0, 6, 10490
2026/05/24 15:54:33.975, 1, 0, 10088
2026/05/24 15:54:33.978, 2, 0, 10088
2026/05/24 15:54:33.981, 3, 0, 10088
2026/05/24 15:54:49.112, 0, 100, 10490
2026/05/24 15:54:49.116, 1, 100, 10088
2026/05/24 15:54:49.119, 2, 100, 10088
2026/05/24 15:54:49.122, 3, 0, 10088
2026/05/24 15:55:04.529, 0, 100, 10490
2026/05/24 15:55:04.532, 1, 100, 10088
2026/05/24 15:55:04.534, 2, 100, 10088
2026/05/24 15:55:04.537, 3, 61, 10088
2026/05/24 15:55:19.861, 0, 1, 10490
2026/05/24 15:55:19.863, 1, 0, 10088
2026/05/24 15:55:19.864, 2, 0, 10088
2026/05/24 15:55:19.865, 3, 0, 10088
2026/05/24 15:55:35.010, 0, 100, 10490
2026/05/24 15:55:35.014, 1, 100, 10088
2026/05/24 15:55:35.017, 2, 100, 10088
2026/05/24 15:55:35.020, 3, 0, 10088
2026/05/24 15:55:50.162, 0, 67, 10490
2026/05/24 15:55:50.167, 1, 100, 10088
2026/05/24 15:55:50.170, 2, 100, 10088
2026/05/24 15:55:50.173, 3, 100, 10088
2026/05/24 15:56:05.342, 0, 1, 10490
2026/05/24 15:56:05.344, 1, 0, 10088
2026/05/24 15:56:05.345, 2, 0, 10088
2026/05/24 15:56:05.346, 3, 0, 10088
2026/05/24 15:56:20.526, 0, 100, 10490
2026/05/24 15:56:20.528, 1, 100, 10088
2026/05/24 15:56:20.529, 2, 100, 10088
2026/05/24 15:56:20.531, 3, 0, 10088
2026/05/24 15:56:35.654, 0, 50, 10490
2026/05/24 15:56:35.657, 1, 0, 10088
2026/05/24 15:56:35.658, 2, 0, 10088
2026/05/24 15:56:35.659, 3, 0, 10088
2026/05/24 15:56:50.746, 0, 10, 10490
2026/05/24 15:56:50.748, 1, 0, 10088
2026/05/24 15:56:50.749, 2, 0, 10088
2026/05/24 15:56:50.751, 3, 0, 10088
2026/05/24 15:57:05.837, 0, 9, 10490
2026/05/24 15:57:05.839, 1, 0, 10088
2026/05/24 15:57:05.841, 2, 0, 10088
2026/05/24 15:57:05.842, 3, 0, 10088
2026/05/24 15:57:21.036, 0, 2, 10490
2026/05/24 15:57:21.038, 1, 0, 10088
2026/05/24 15:57:21.039, 2, 0, 10088
2026/05/24 15:57:21.040, 3, 0, 10088
2026/05/24 15:57:36.125, 0, 9, 10490
2026/05/24 15:57:36.127, 1, 0, 10088
2026/05/24 15:57:36.129, 2, 0, 10088
2026/05/24 15:57:36.130, 3, 100, 10088
2026/05/24 15:57:51.260, 0, 100, 10490
2026/05/24 15:57:51.264, 1, 100, 10088
2026/05/24 15:57:51.268, 2, 100, 10088
2026/05/24 15:57:51.272, 3, 100, 10088
2026/05/24 15:58:06.382, 0, 19, 10490
2026/05/24 15:58:06.384, 1, 0, 10088
2026/05/24 15:58:06.385, 2, 0, 10088
2026/05/24 15:58:06.387, 3, 0, 10088
2026/05/24 15:58:21.509, 0, 2, 10490
2026/05/24 15:58:21.511, 1, 0, 10088
2026/05/24 15:58:21.512, 2, 0, 10088
2026/05/24 15:58:21.514, 3, 0, 10088
2026/05/24 15:58:36.618, 0, 100, 10490
2026/05/24 15:58:36.620, 1, 0, 10088
2026/05/24 15:58:36.621, 2, 0, 10088
2026/05/24 15:58:36.622, 3, 100, 10088
2026/05/24 15:58:51.731, 0, 76, 10490
2026/05/24 15:58:51.735, 1, 1, 10088
2026/05/24 15:58:51.738, 2, 0, 10088
2026/05/24 15:58:51.741, 3, 0, 10088
2026/05/24 15:59:06.931, 0, 100, 10490
2026/05/24 15:59:06.936, 1, 100, 10088
2026/05/24 15:59:06.939, 2, 100, 10088
2026/05/24 15:59:06.942, 3, 100, 10088
2026/05/24 15:59:22.293, 0, 100, 10490
2026/05/24 15:59:22.295, 1, 100, 10088
2026/05/24 15:59:22.296, 2, 100, 10088
2026/05/24 15:59:22.297, 3, 100, 10088
2026/05/24 15:59:37.425, 0, 8, 10490
2026/05/24 15:59:37.427, 1, 0, 10088
2026/05/24 15:59:37.429, 2, 0, 10088
2026/05/24 15:59:37.430, 3, 0, 10088
2026/05/24 15:59:52.513, 0, 8, 10490
2026/05/24 15:59:52.515, 1, 0, 10088
2026/05/24 15:59:52.517, 2, 0, 10088
2026/05/24 15:59:52.518, 3, 0, 10088
2026/05/24 16:00:07.640, 0, 7, 10490
2026/05/24 16:00:07.644, 1, 100, 10088
2026/05/24 16:00:07.647, 2, 100, 10088
2026/05/24 16:00:07.650, 3, 100, 10088
2026/05/24 16:00:22.797, 0, 8, 10490
2026/05/24 16:00:22.799, 1, 0, 10088
2026/05/24 16:00:22.801, 2, 0, 10088
2026/05/24 16:00:22.802, 3, 0, 10088
2026/05/24 16:00:37.912, 0, 100, 10490
2026/05/24 16:00:37.915, 1, 100, 10088
2026/05/24 16:00:37.918, 2, 100, 10088
2026/05/24 16:00:37.922, 3, 100, 10088
2026/05/24 16:00:53.034, 0, 19, 10490
2026/05/24 16:00:53.036, 1, 0, 10088
2026/05/24 16:00:53.038, 2, 0, 10088
2026/05/24 16:00:53.039, 3, 0, 10088
2026/05/24 16:01:08.121, 0, 9, 10490
2026/05/24 16:01:08.123, 1, 0, 10088
2026/05/24 16:01:08.125, 2, 0, 10088
2026/05/24 16:01:08.126, 3, 0, 10088
2026/05/24 16:01:23.584, 0, 100, 10490
2026/05/24 16:01:23.586, 1, 100, 10088
2026/05/24 16:01:23.587, 2, 100, 10088
2026/05/24 16:01:23.588, 3, 0, 10088
2026/05/24 16:01:38.772, 0, 0, 10490
2026/05/24 16:01:38.774, 1, 0, 10088
2026/05/24 16:01:38.776, 2, 0, 10088
2026/05/24 16:01:38.777, 3, 0, 10088
2026/05/24 16:01:53.861, 0, 10, 10490
2026/05/24 16:01:53.863, 1, 0, 10088
2026/05/24 16:01:53.865, 2, 0, 10088
2026/05/24 16:01:53.866, 3, 0, 10088
2026/05/24 16:02:09.007, 0, 100, 10490
2026/05/24 16:02:09.011, 1, 100, 10088
2026/05/24 16:02:09.014, 2, 100, 10088
2026/05/24 16:02:09.017, 3, 88, 10088
2026/05/24 16:02:24.130, 0, 5, 10490
2026/05/24 16:02:24.132, 1, 0, 10088
2026/05/24 16:02:24.134, 2, 0, 10088
2026/05/24 16:02:24.135, 3, 0, 10088
2026/05/24 16:02:39.405, 0, 5, 10490
2026/05/24 16:02:39.409, 1, 0, 10088
2026/05/24 16:02:39.412, 2, 0, 10088
2026/05/24 16:02:39.414, 3, 86, 10088
2026/05/24 16:02:54.538, 0, 100, 10490
2026/05/24 16:02:54.542, 1, 100, 10088
2026/05/24 16:02:54.545, 2, 100, 10088
2026/05/24 16:02:54.548, 3, 100, 10088
2026/05/24 16:03:09.654, 0, 10, 10490
2026/05/24 16:03:09.659, 1, 100, 10088
2026/05/24 16:03:09.662, 2, 100, 10088
2026/05/24 16:03:09.666, 3, 100, 10088
2026/05/24 16:03:24.761, 0, 9, 10490
2026/05/24 16:03:24.763, 1, 0, 10088
2026/05/24 16:03:24.765, 2, 0, 10088
2026/05/24 16:03:24.766, 3, 0, 10088
2026/05/24 16:03:40.051, 0, 9, 10490
2026/05/24 16:03:40.053, 1, 0, 10088
2026/05/24 16:03:40.054, 2, 0, 10088
2026/05/24 16:03:40.055, 3, 0, 10088
2026/05/24 16:03:55.137, 0, 100, 10490
2026/05/24 16:03:55.139, 1, 100, 10088
2026/05/24 16:03:55.141, 2, 100, 10088
2026/05/24 16:03:55.142, 3, 100, 10088
2026/05/24 16:04:10.224, 0, 100, 10490
2026/05/24 16:04:10.225, 1, 100, 10088
2026/05/24 16:04:10.227, 2, 100, 10088
2026/05/24 16:04:10.228, 3, 100, 10088
2026/05/24 16:04:25.310, 0, 10, 10490
2026/05/24 16:04:25.313, 1, 0, 10088
2026/05/24 16:04:25.314, 2, 0, 10088
2026/05/24 16:04:25.315, 3, 0, 10088
2026/05/24 16:04:40.465, 0, 3, 10490
2026/05/24 16:04:40.467, 1, 0, 10088
2026/05/24 16:04:40.469, 2, 0, 10088
2026/05/24 16:04:40.470, 3, 0, 10088
2026/05/24 16:04:55.554, 0, 9, 10490
2026/05/24 16:04:55.556, 1, 77, 10088
2026/05/24 16:04:55.557, 2, 7, 10088
2026/05/24 16:04:55.559, 3, 0, 10088
2026/05/24 16:05:10.723, 0, 11, 10490
2026/05/24 16:05:10.726, 1, 0, 10088
2026/05/24 16:05:10.727, 2, 0, 10088
2026/05/24 16:05:10.728, 3, 0, 10088
2026/05/24 16:05:25.879, 0, 3, 10490
2026/05/24 16:05:25.883, 1, 0, 10088
2026/05/24 16:05:25.886, 2, 0, 10088
2026/05/24 16:05:25.889, 3, 0, 10088
2026/05/24 16:05:40.989, 0, 3, 10490
2026/05/24 16:05:40.991, 1, 0, 10088
2026/05/24 16:05:40.992, 2, 0, 10088
2026/05/24 16:05:40.994, 3, 0, 10088
2026/05/24 16:05:56.104, 0, 9, 10490
2026/05/24 16:05:56.108, 1, 0, 10088
2026/05/24 16:05:56.111, 2, 0, 10088
2026/05/24 16:05:56.114, 3, 0, 10088
2026/05/24 16:06:11.209, 0, 100, 10490
2026/05/24 16:06:11.211, 1, 100, 10088
2026/05/24 16:06:11.212, 2, 100, 10088
2026/05/24 16:06:11.214, 3, 100, 10088
2026/05/24 16:06:26.297, 0, 4, 10490
2026/05/24 16:06:26.299, 1, 0, 10088
2026/05/24 16:06:26.301, 2, 0, 10088
2026/05/24 16:06:26.302, 3, 0, 10088
2026/05/24 16:06:41.406, 0, 14, 10490
2026/05/24 16:06:41.408, 1, 0, 10088
2026/05/24 16:06:41.410, 2, 0, 10088
2026/05/24 16:06:41.411, 3, 0, 10088
2026/05/24 16:06:56.513, 0, 100, 10490
2026/05/24 16:06:56.515, 1, 100, 10088
2026/05/24 16:06:56.516, 2, 100, 10088
2026/05/24 16:06:56.518, 3, 0, 10088
2026/05/24 16:07:11.690, 0, 34, 10490
2026/05/24 16:07:11.694, 1, 100, 10088
2026/05/24 16:07:11.697, 2, 100, 10088
2026/05/24 16:07:11.701, 3, 100, 10088
2026/05/24 16:07:26.977, 0, 100, 10490
2026/05/24 16:07:26.981, 1, 100, 10088
2026/05/24 16:07:26.984, 2, 100, 10088
2026/05/24 16:07:26.987, 3, 21, 10088
2026/05/24 16:07:42.263, 0, 89, 10490
2026/05/24 16:07:42.267, 1, 0, 10088
2026/05/24 16:07:42.270, 2, 81, 10088
2026/05/24 16:07:42.274, 3, 0, 10088
2026/05/24 16:07:57.429, 0, 10, 10490
2026/05/24 16:07:57.431, 1, 0, 10088
2026/05/24 16:07:57.433, 2, 0, 10088
2026/05/24 16:07:57.434, 3, 0, 10088
2026/05/24 16:08:12.519, 0, 9, 10490
2026/05/24 16:08:12.521, 1, 0, 10088
2026/05/24 16:08:12.522, 2, 0, 10088
2026/05/24 16:08:12.524, 3, 0, 10088
2026/05/24 16:08:27.670, 0, 0, 10490
2026/05/24 16:08:27.675, 1, 3, 10088
2026/05/24 16:08:27.678, 2, 0, 10088
2026/05/24 16:08:27.679, 3, 0, 10088
2026/05/24 16:08:42.773, 0, 100, 10490
2026/05/24 16:08:42.776, 1, 100, 10088
2026/05/24 16:08:42.780, 2, 100, 10088
2026/05/24 16:08:42.783, 3, 100, 10088
2026/05/24 16:08:57.926, 0, 100, 10490
2026/05/24 16:08:57.928, 1, 100, 10088
2026/05/24 16:08:57.930, 2, 100, 10088
2026/05/24 16:08:57.931, 3, 100, 10088
2026/05/24 16:09:13.154, 0, 100, 10490
2026/05/24 16:09:13.157, 1, 100, 10088
2026/05/24 16:09:13.160, 2, 100, 10088
2026/05/24 16:09:13.163, 3, 100, 10088
2026/05/24 16:09:28.326, 0, 14, 10490
2026/05/24 16:09:28.328, 1, 0, 10088
2026/05/24 16:09:28.329, 2, 0, 10088
2026/05/24 16:09:28.331, 3, 0, 10088
2026/05/24 16:09:43.443, 0, 6, 10490
2026/05/24 16:09:43.446, 1, 0, 10088
2026/05/24 16:09:43.449, 2, 0, 10088
2026/05/24 16:09:43.452, 3, 100, 10088
2026/05/24 16:09:58.576, 0, 100, 10490
2026/05/24 16:09:58.580, 1, 83, 10088
2026/05/24 16:09:58.583, 2, 53, 10088
2026/05/24 16:09:58.586, 3, 100, 10088
2026/05/24 16:10:14.260, 0, 100, 10490
2026/05/24 16:10:14.263, 1, 3, 10088
2026/05/24 16:10:14.266, 2, 0, 10088
2026/05/24 16:10:14.270, 3, 100, 10088
2026/05/24 16:10:29.370, 0, 100, 10490
2026/05/24 16:10:29.373, 1, 66, 10088
2026/05/24 16:10:29.376, 2, 82, 10088
2026/05/24 16:10:29.379, 3, 100, 10088
2026/05/24 16:10:44.483, 0, 100, 10490
2026/05/24 16:10:44.486, 1, 0, 10088
2026/05/24 16:10:44.489, 2, 0, 10088
2026/05/24 16:10:44.492, 3, 0, 10088
2026/05/24 16:10:59.602, 0, 14, 10490
2026/05/24 16:10:59.604, 1, 0, 10088
2026/05/24 16:10:59.606, 2, 0, 10088
2026/05/24 16:10:59.607, 3, 0, 10088
2026/05/24 16:11:14.933, 0, 4, 10490
2026/05/24 16:11:14.935, 1, 0, 10088
2026/05/24 16:11:14.936, 2, 0, 10088
2026/05/24 16:11:14.938, 3, 0, 10088
2026/05/24 16:11:30.021, 0, 9, 10490
2026/05/24 16:11:30.023, 1, 0, 10088
2026/05/24 16:11:30.024, 2, 0, 10088
2026/05/24 16:11:30.026, 3, 0, 10088
2026/05/24 16:11:45.177, 0, 100, 10490
2026/05/24 16:11:45.181, 1, 100, 10088
2026/05/24 16:11:45.183, 2, 100, 10088
2026/05/24 16:11:45.187, 3, 100, 10088
2026/05/24 16:12:00.375, 0, 100, 10490
2026/05/24 16:12:00.379, 1, 100, 10088
2026/05/24 16:12:00.382, 2, 100, 10088
2026/05/24 16:12:00.385, 3, 0, 10088
2026/05/24 16:12:15.510, 0, 0, 10490
2026/05/24 16:12:15.512, 1, 0, 10088
2026/05/24 16:12:15.513, 2, 0, 10088
2026/05/24 16:12:15.514, 3, 0, 10088
2026/05/24 16:12:30.687, 0, 100, 10490
2026/05/24 16:12:30.691, 1, 100, 10088
2026/05/24 16:12:30.695, 2, 100, 10088
2026/05/24 16:12:30.699, 3, 100, 10088
2026/05/24 16:12:45.801, 0, 9, 10490
2026/05/24 16:12:45.805, 1, 100, 10088
2026/05/24 16:12:45.808, 2, 100, 10088
2026/05/24 16:12:45.811, 3, 0, 10088
2026/05/24 16:13:00.910, 0, 100, 10490
2026/05/24 16:13:00.913, 1, 100, 10088
2026/05/24 16:13:00.916, 2, 0, 10088
2026/05/24 16:13:00.917, 3, 0, 10088
2026/05/24 16:13:16.024, 0, 100, 10490
2026/05/24 16:13:16.026, 1, 100, 10088
2026/05/24 16:13:16.027, 2, 100, 10088
2026/05/24 16:13:16.028, 3, 100, 10088
2026/05/24 16:13:31.354, 0, 4, 10490
2026/05/24 16:13:31.356, 1, 0, 10088
2026/05/24 16:13:31.358, 2, 0, 10088
2026/05/24 16:13:31.359, 3, 100, 10088
2026/05/24 16:13:46.462, 0, 13, 10490
2026/05/24 16:13:46.464, 1, 0, 10088
2026/05/24 16:13:46.466, 2, 0, 10088
2026/05/24 16:13:46.467, 3, 0, 10088
2026/05/24 16:14:01.579, 0, 66, 10490
2026/05/24 16:14:01.582, 1, 100, 10088
2026/05/24 16:14:01.583, 2, 100, 10088
2026/05/24 16:14:01.586, 3, 100, 10088
2026/05/24 16:14:16.725, 0, 4, 10490
2026/05/24 16:14:16.728, 1, 100, 10088
2026/05/24 16:14:16.732, 2, 100, 10088
2026/05/24 16:14:16.736, 3, 0, 10088
2026/05/24 16:14:31.971, 0, 6, 10490
2026/05/24 16:14:31.973, 1, 0, 10088
2026/05/24 16:14:31.975, 2, 0, 10088
2026/05/24 16:14:31.976, 3, 0, 10088
2026/05/24 16:14:47.342, 0, 9, 10490
2026/05/24 16:14:47.344, 1, 60, 10088
2026/05/24 16:14:47.345, 2, 0, 10088
2026/05/24 16:14:47.347, 3, 0, 10088
2026/05/24 16:15:02.556, 0, 9, 10490
2026/05/24 16:15:02.558, 1, 0, 10088
2026/05/24 16:15:02.560, 2, 0, 10088
2026/05/24 16:15:02.561, 3, 0, 10088
2026/05/24 16:15:17.704, 0, 10, 10490
2026/05/24 16:15:17.707, 1, 0, 10088
2026/05/24 16:15:17.711, 2, 0, 10088
2026/05/24 16:15:17.713, 3, 0, 10088
2026/05/24 16:15:32.838, 0, 4, 10490
2026/05/24 16:15:32.842, 1, 61, 10088
2026/05/24 16:15:32.847, 2, 78, 10088
2026/05/24 16:15:32.850, 3, 0, 10088
2026/05/24 16:15:48.153, 0, 0, 10490
2026/05/24 16:15:48.155, 1, 0, 10088
2026/05/24 16:15:48.157, 2, 0, 10088
2026/05/24 16:15:48.158, 3, 0, 10088
2026/05/24 16:16:03.290, 0, 100, 10490
2026/05/24 16:16:03.294, 1, 100, 10088
2026/05/24 16:16:03.297, 2, 100, 10088
2026/05/24 16:16:03.301, 3, 100, 10088
2026/05/24 16:16:18.406, 0, 100, 10490
2026/05/24 16:16:18.410, 1, 100, 10088
2026/05/24 16:16:18.413, 2, 100, 10088
2026/05/24 16:16:18.416, 3, 0, 10088
2026/05/24 16:16:33.534, 0, 4, 10490
2026/05/24 16:16:33.536, 1, 0, 10088
2026/05/24 16:16:33.538, 2, 0, 10088
2026/05/24 16:16:33.539, 3, 0, 10088
2026/05/24 16:16:49.007, 0, 1, 10490
2026/05/24 16:16:49.009, 1, 0, 10088
2026/05/24 16:16:49.010, 2, 0, 10088
2026/05/24 16:16:49.012, 3, 0, 10088
2026/05/24 16:17:04.100, 0, 100, 10490
2026/05/24 16:17:04.105, 1, 100, 10088
2026/05/24 16:17:04.108, 2, 100, 10088
2026/05/24 16:17:04.111, 3, 100, 10088
2026/05/24 16:17:19.213, 0, 100, 10490
2026/05/24 16:17:19.216, 1, 100, 10088
2026/05/24 16:17:19.217, 2, 100, 10088
2026/05/24 16:17:19.218, 3, 0, 10088
2026/05/24 16:17:34.301, 0, 9, 10490
2026/05/24 16:17:34.303, 1, 0, 10088
2026/05/24 16:17:34.305, 2, 0, 10088
2026/05/24 16:17:34.306, 3, 0, 10088
2026/05/24 16:17:49.470, 0, 1, 10490
2026/05/24 16:17:49.472, 1, 0, 10088
2026/05/24 16:17:49.473, 2, 0, 10088
2026/05/24 16:17:49.474, 3, 0, 10088
2026/05/24 16:18:04.566, 0, 19, 10490
2026/05/24 16:18:04.569, 1, 0, 10088
2026/05/24 16:18:04.570, 2, 0, 10088
2026/05/24 16:18:04.571, 3, 0, 10088
2026/05/24 16:18:19.657, 0, 100, 10490
2026/05/24 16:18:19.659, 1, 100, 10088
2026/05/24 16:18:19.661, 2, 100, 10088
2026/05/24 16:18:19.662, 3, 0, 10088
2026/05/24 16:18:34.737, 0, 0, 10490
2026/05/24 16:18:34.739, 1, 0, 10088
2026/05/24 16:18:34.740, 2, 0, 10088
2026/05/24 16:18:34.741, 3, 0, 10088
2026/05/24 16:18:50.100, 0, 3, 10490
2026/05/24 16:18:50.101, 1, 100, 10088
2026/05/24 16:18:50.102, 2, 42, 10088
2026/05/24 16:18:50.103, 3, 100, 10088
2026/05/24 16:19:05.231, 0, 100, 10490
2026/05/24 16:19:05.235, 1, 67, 10088
2026/05/24 16:19:05.238, 2, 100, 10088
2026/05/24 16:19:05.242, 3, 100, 10088
2026/05/24 16:19:20.337, 0, 9, 10490
2026/05/24 16:19:20.339, 1, 0, 10088
2026/05/24 16:19:20.341, 2, 0, 10088
2026/05/24 16:19:20.342, 3, 0, 10088
2026/05/24 16:19:35.446, 0, 14, 10490
2026/05/24 16:19:35.448, 1, 0, 10088
2026/05/24 16:19:35.450, 2, 0, 10088
2026/05/24 16:19:35.451, 3, 0, 10088
2026/05/24 16:19:50.742, 0, 5, 10490
2026/05/24 16:19:50.746, 1, 0, 10088
2026/05/24 16:19:50.750, 2, 0, 10088
2026/05/24 16:19:50.753, 3, 0, 10088
2026/05/24 16:20:06.115, 0, 52, 10490
2026/05/24 16:20:06.118, 1, 100, 10088
2026/05/24 16:20:06.120, 2, 100, 10088
2026/05/24 16:20:06.123, 3, 100, 10088
2026/05/24 16:20:21.213, 0, 62, 10490
2026/05/24 16:20:21.215, 1, 100, 10088
2026/05/24 16:20:21.217, 2, 100, 10088
2026/05/24 16:20:21.218, 3, 100, 10088
2026/05/24 16:20:36.370, 0, 100, 10490
2026/05/24 16:20:36.374, 1, 100, 10088
2026/05/24 16:20:36.377, 2, 100, 10088
2026/05/24 16:20:36.381, 3, 95, 10088
2026/05/24 16:20:51.523, 0, 18, 10490
2026/05/24 16:20:51.526, 1, 100, 10088
2026/05/24 16:20:51.528, 2, 100, 10088
2026/05/24 16:20:51.531, 3, 100, 10088
2026/05/24 16:21:06.768, 0, 14, 10490
2026/05/24 16:21:06.770, 1, 0, 10088
2026/05/24 16:21:06.771, 2, 0, 10088
2026/05/24 16:21:06.772, 3, 0, 10088
2026/05/24 16:21:21.877, 0, 9, 10490
2026/05/24 16:21:21.879, 1, 0, 10088
2026/05/24 16:21:21.881, 2, 0, 10088
2026/05/24 16:21:21.882, 3, 0, 10088
2026/05/24 16:21:36.965, 0, 9, 10490
2026/05/24 16:21:36.967, 1, 0, 10088
2026/05/24 16:21:36.969, 2, 0, 10088
2026/05/24 16:21:36.970, 3, 0, 10088
2026/05/24 16:21:52.054, 0, 9, 10490
2026/05/24 16:21:52.056, 1, 0, 10088
2026/05/24 16:21:52.057, 2, 0, 10088
2026/05/24 16:21:52.058, 3, 0, 10088
2026/05/24 16:22:07.218, 0, 3, 10490
2026/05/24 16:22:07.220, 1, 0, 10088
2026/05/24 16:22:07.221, 2, 0, 10088
2026/05/24 16:22:07.222, 3, 0, 10088
2026/05/24 16:22:22.322, 0, 7, 10490
2026/05/24 16:22:22.324, 1, 0, 10088
2026/05/24 16:22:22.326, 2, 0, 10088
2026/05/24 16:22:22.327, 3, 0, 10088
2026/05/24 16:22:37.410, 0, 7, 10490
2026/05/24 16:22:37.412, 1, 0, 10088
2026/05/24 16:22:37.413, 2, 0, 10088
2026/05/24 16:22:37.414, 3, 0, 10088
2026/05/24 16:22:52.497, 0, 9, 10490
2026/05/24 16:22:52.499, 1, 0, 10088
2026/05/24 16:22:52.501, 2, 0, 10088
2026/05/24 16:22:52.502, 3, 0, 10088
2026/05/24 16:23:07.670, 0, 100, 10490
2026/05/24 16:23:07.672, 1, 40, 10088
2026/05/24 16:23:07.673, 2, 100, 10088
2026/05/24 16:23:07.674, 3, 100, 10088
2026/05/24 16:23:22.786, 0, 43, 10490
2026/05/24 16:23:22.789, 1, 0, 10088
2026/05/24 16:23:22.791, 2, 0, 10088
2026/05/24 16:23:22.795, 3, 100, 10088
2026/05/24 16:23:38.105, 0, 100, 10490
2026/05/24 16:23:38.109, 1, 100, 10088
2026/05/24 16:23:38.112, 2, 100, 10088
2026/05/24 16:23:38.116, 3, 0, 10088
2026/05/24 16:23:53.250, 0, 13, 10490
2026/05/24 16:23:53.253, 1, 0, 10088
2026/05/24 16:23:53.254, 2, 0, 10088
2026/05/24 16:23:53.255, 3, 0, 10088
2026/05/24 16:24:08.341, 0, 8, 10490
2026/05/24 16:24:08.343, 1, 0, 10088
2026/05/24 16:24:08.344, 2, 0, 10088
2026/05/24 16:24:08.346, 3, 0, 10088
2026/05/24 16:24:23.459, 0, 2, 10490
2026/05/24 16:24:23.463, 1, 0, 10088
2026/05/24 16:24:23.467, 2, 0, 10088
2026/05/24 16:24:23.470, 3, 0, 10088
2026/05/24 16:24:38.762, 0, 72, 10490
2026/05/24 16:24:38.765, 1, 100, 10088
2026/05/24 16:24:38.767, 2, 100, 10088
2026/05/24 16:24:38.770, 3, 100, 10088
2026/05/24 16:24:54.080, 0, 3, 10490
2026/05/24 16:24:54.082, 1, 0, 10088
2026/05/24 16:24:54.083, 2, 0, 10088
2026/05/24 16:24:54.084, 3, 0, 10088
2026/05/24 16:25:09.186, 0, 12, 10490
2026/05/24 16:25:09.188, 1, 0, 10088
2026/05/24 16:25:09.189, 2, 0, 10088
2026/05/24 16:25:09.190, 3, 0, 10088
2026/05/24 16:25:24.315, 0, 100, 10490
2026/05/24 16:25:24.319, 1, 0, 10088
2026/05/24 16:25:24.323, 2, 0, 10088
2026/05/24 16:25:24.325, 3, 0, 10088
2026/05/24 16:25:39.415, 0, 100, 10490
2026/05/24 16:25:39.417, 1, 100, 10088
2026/05/24 16:25:39.418, 2, 100, 10088
2026/05/24 16:25:39.419, 3, 47, 10088
2026/05/24 16:25:54.666, 0, 100, 10490
2026/05/24 16:25:54.668, 1, 100, 10088
2026/05/24 16:25:54.669, 2, 100, 10088
2026/05/24 16:25:54.670, 3, 100, 10088
2026/05/24 16:26:09.830, 0, 9, 10490
2026/05/24 16:26:09.832, 1, 0, 10088
2026/05/24 16:26:09.833, 2, 0, 10088
2026/05/24 16:26:09.834, 3, 0, 10088
2026/05/24 16:26:24.953, 0, 100, 10490
2026/05/24 16:26:24.955, 1, 0, 10088
2026/05/24 16:26:24.957, 2, 0, 10088
2026/05/24 16:26:24.958, 3, 0, 10088
2026/05/24 16:26:40.078, 0, 13, 10490
2026/05/24 16:26:40.080, 1, 0, 10088
2026/05/24 16:26:40.081, 2, 0, 10088
2026/05/24 16:26:40.083, 3, 0, 10088
2026/05/24 16:26:55.205, 0, 100, 10490
2026/05/24 16:26:55.207, 1, 100, 10088
2026/05/24 16:26:55.209, 2, 100, 10088
2026/05/24 16:26:55.210, 3, 100, 10088
2026/05/24 16:27:10.314, 0, 9, 10490
2026/05/24 16:27:10.316, 1, 0, 10088
2026/05/24 16:27:10.317, 2, 0, 10088
2026/05/24 16:27:10.318, 3, 0, 10088
2026/05/24 16:27:25.401, 0, 4, 10490
2026/05/24 16:27:25.403, 1, 52, 10088
2026/05/24 16:27:25.405, 2, 84, 10088
2026/05/24 16:27:25.406, 3, 100, 10088
2026/05/24 16:27:40.490, 0, 9, 10490
2026/05/24 16:27:40.492, 1, 0, 10088
2026/05/24 16:27:40.494, 2, 0, 10088
2026/05/24 16:27:40.495, 3, 0, 10088
2026/05/24 16:27:55.598, 0, 7, 10490
2026/05/24 16:27:55.600, 1, 0, 10088
2026/05/24 16:27:55.601, 2, 0, 10088
2026/05/24 16:27:55.602, 3, 0, 10088
2026/05/24 16:28:10.969, 0, 11, 10490
2026/05/24 16:28:10.972, 1, 0, 10088
2026/05/24 16:28:10.973, 2, 0, 10088
2026/05/24 16:28:10.974, 3, 0, 10088
2026/05/24 16:28:26.057, 0, 9, 10490
2026/05/24 16:28:26.059, 1, 1, 10088
2026/05/24 16:28:26.061, 2, 36, 10088
2026/05/24 16:28:26.062, 3, 100, 10088
2026/05/24 16:28:41.155, 0, 100, 10490
2026/05/24 16:28:41.159, 1, 100, 10088
2026/05/24 16:28:41.162, 2, 100, 10088
2026/05/24 16:28:41.164, 3, 100, 10088
2026/05/24 16:28:56.261, 0, 4, 10490
2026/05/24 16:28:56.263, 1, 0, 10088
2026/05/24 16:28:56.265, 2, 0, 10088
2026/05/24 16:28:56.266, 3, 0, 10088
2026/05/24 16:29:11.619, 0, 100, 10490
2026/05/24 16:29:11.623, 1, 100, 10088
2026/05/24 16:29:11.627, 2, 100, 10088
2026/05/24 16:29:11.630, 3, 88, 10088
2026/05/24 16:29:26.742, 0, 13, 10490
2026/05/24 16:29:26.744, 1, 0, 10088
2026/05/24 16:29:26.745, 2, 0, 10088
2026/05/24 16:29:26.747, 3, 0, 10088
2026/05/24 16:29:41.853, 0, 6, 10490
2026/05/24 16:29:41.855, 1, 0, 10088
2026/05/24 16:29:41.856, 2, 0, 10088
2026/05/24 16:29:41.858, 3, 0, 10088
2026/05/24 16:29:56.974, 0, 55, 10490
2026/05/24 16:29:56.978, 1, 100, 10088
2026/05/24 16:29:56.980, 2, 100, 10088
2026/05/24 16:29:56.981, 3, 66, 10088
2026/05/24 16:30:12.073, 0, 1, 10490
2026/05/24 16:30:12.075, 1, 0, 10088
2026/05/24 16:30:12.076, 2, 0, 10088
2026/05/24 16:30:12.078, 3, 0, 10088
2026/05/24 16:30:27.170, 0, 100, 10490
2026/05/24 16:30:27.174, 1, 32, 10088
2026/05/24 16:30:27.177, 2, 96, 10088
2026/05/24 16:30:27.180, 3, 100, 10088
2026/05/24 16:30:42.292, 0, 100, 10490
2026/05/24 16:30:42.297, 1, 100, 10088
2026/05/24 16:30:42.300, 2, 100, 10088
2026/05/24 16:30:42.303, 3, 0, 10088
2026/05/24 16:30:57.418, 0, 14, 10490
2026/05/24 16:30:57.420, 1, 0, 10088
2026/05/24 16:30:57.421, 2, 0, 10088
2026/05/24 16:30:57.423, 3, 0, 10088
2026/05/24 16:31:12.545, 0, 16, 10490
2026/05/24 16:31:12.547, 1, 100, 10088
2026/05/24 16:31:12.549, 2, 100, 10088
2026/05/24 16:31:12.550, 3, 100, 10088
2026/05/24 16:31:27.633, 0, 100, 10490
2026/05/24 16:31:27.635, 1, 100, 10088
2026/05/24 16:31:27.637, 2, 100, 10088
2026/05/24 16:31:27.638, 3, 0, 10088
2026/05/24 16:31:42.762, 0, 100, 10490
2026/05/24 16:31:42.764, 1, 98, 10088
2026/05/24 16:31:42.765, 2, 83, 10088
2026/05/24 16:31:42.767, 3, 100, 10088
2026/05/24 16:31:57.849, 0, 9, 10490
2026/05/24 16:31:57.851, 1, 0, 10088
2026/05/24 16:31:57.853, 2, 0, 10088
2026/05/24 16:31:57.854, 3, 0, 10088
2026/05/24 16:32:13.524, 0, 0, 10490
2026/05/24 16:32:13.528, 1, 0, 10088
2026/05/24 16:32:13.532, 2, 0, 10088
2026/05/24 16:32:13.533, 3, 0, 10088
2026/05/24 16:32:28.948, 0, 14, 10490
2026/05/24 16:32:28.950, 1, 0, 10088
2026/05/24 16:32:28.951, 2, 0, 10088
2026/05/24 16:32:28.952, 3, 0, 10088
2026/05/24 16:32:44.164, 0, 100, 10490
2026/05/24 16:32:44.166, 1, 100, 10088
2026/05/24 16:32:44.167, 2, 100, 10088
2026/05/24 16:32:44.168, 3, 0, 10088
2026/05/24 16:32:59.314, 0, 100, 10490
2026/05/24 16:32:59.318, 1, 94, 10088
2026/05/24 16:32:59.321, 2, 96, 10088
2026/05/24 16:32:59.323, 3, 0, 10088
2026/05/24 16:33:14.649, 0, 100, 10490
2026/05/24 16:33:14.653, 1, 0, 10088
2026/05/24 16:33:14.656, 2, 34, 10088
2026/05/24 16:33:14.659, 3, 100, 10088
2026/05/24 16:33:29.801, 0, 0, 10490
2026/05/24 16:33:29.803, 1, 0, 10088
2026/05/24 16:33:29.805, 2, 0, 10088
2026/05/24 16:33:29.806, 3, 0, 10088
2026/05/24 16:33:45.201, 0, 13, 10490
2026/05/24 16:33:45.203, 1, 0, 10088
2026/05/24 16:33:45.204, 2, 0, 10088
2026/05/24 16:33:45.205, 3, 0, 10088
2026/05/24 16:34:00.394, 0, 100, 10490
2026/05/24 16:34:00.397, 1, 100, 10088
2026/05/24 16:34:00.398, 2, 100, 10088
2026/05/24 16:34:00.400, 3, 100, 10088
2026/05/24 16:34:15.552, 0, 0, 10490
2026/05/24 16:34:15.579, 1, 100, 10088
2026/05/24 16:34:15.582, 2, 100, 10088
2026/05/24 16:34:15.585, 3, 100, 10088
2026/05/24 16:34:30.699, 0, 100, 10490
2026/05/24 16:34:30.701, 1, 97, 10088
2026/05/24 16:34:30.702, 2, 95, 10088
2026/05/24 16:34:30.703, 3, 92, 10088
2026/05/24 16:34:45.865, 0, 9, 10490
2026/05/24 16:34:45.867, 1, 0, 10088
2026/05/24 16:34:45.868, 2, 0, 10088
2026/05/24 16:34:45.870, 3, 0, 10088
2026/05/24 16:35:00.993, 0, 12, 10490
2026/05/24 16:35:00.995, 1, 0, 10088
2026/05/24 16:35:00.997, 2, 0, 10088
2026/05/24 16:35:00.998, 3, 0, 10088
2026/05/24 16:35:16.161, 0, 100, 10490
2026/05/24 16:35:16.165, 1, 92, 10088
2026/05/24 16:35:16.168, 2, 0, 10088
2026/05/24 16:35:16.171, 3, 0, 10088
2026/05/24 16:35:31.266, 0, 9, 10490
2026/05/24 16:35:31.270, 1, 0, 10088
2026/05/24 16:35:31.273, 2, 0, 10088
2026/05/24 16:35:31.274, 3, 0, 10088
2026/05/24 16:35:46.421, 0, 9, 10490
2026/05/24 16:35:46.423, 1, 0, 10088
2026/05/24 16:35:46.424, 2, 0, 10088
2026/05/24 16:35:46.425, 3, 83, 10088
2026/05/24 16:36:01.505, 0, 9, 10490
2026/05/24 16:36:01.507, 1, 0, 10088
2026/05/24 16:36:01.509, 2, 0, 10088
2026/05/24 16:36:01.510, 3, 100, 10088
2026/05/24 16:36:16.593, 0, 9, 10490
2026/05/24 16:36:16.595, 1, 0, 10088
2026/05/24 16:36:16.597, 2, 0, 10088
2026/05/24 16:36:16.598, 3, 0, 10088
2026/05/24 16:36:31.710, 0, 3, 10490
2026/05/24 16:36:31.712, 1, 0, 10088
2026/05/24 16:36:31.713, 2, 0, 10088
2026/05/24 16:36:31.714, 3, 0, 10088
2026/05/24 16:36:47.026, 0, 9, 10490
2026/05/24 16:36:47.028, 1, 0, 10088
2026/05/24 16:36:47.030, 2, 0, 10088
2026/05/24 16:36:47.031, 3, 0, 10088
2026/05/24 16:37:02.114, 0, 7, 10490
2026/05/24 16:37:02.116, 1, 9, 10088
2026/05/24 16:37:02.117, 2, 0, 10088
2026/05/24 16:37:02.118, 3, 100, 10088
2026/05/24 16:37:17.268, 0, 100, 10490
2026/05/24 16:37:17.272, 1, 97, 10088
2026/05/24 16:37:17.275, 2, 100, 10088
2026/05/24 16:37:17.276, 3, 0, 10088
2026/05/24 16:37:32.375, 0, 0, 10490
2026/05/24 16:37:32.380, 1, 85, 10088
2026/05/24 16:37:32.382, 2, 18, 10088
2026/05/24 16:37:32.386, 3, 100, 10088
2026/05/24 16:37:47.498, 0, 100, 10490
2026/05/24 16:37:47.500, 1, 100, 10088
2026/05/24 16:37:47.501, 2, 100, 10088
2026/05/24 16:37:47.502, 3, 80, 10088
2026/05/24 16:38:02.597, 0, 10, 10490
2026/05/24 16:38:02.599, 1, 0, 10088
2026/05/24 16:38:02.601, 2, 0, 10088
2026/05/24 16:38:02.602, 3, 0, 10088
2026/05/24 16:38:17.685, 0, 9, 10490
2026/05/24 16:38:17.687, 1, 0, 10088
2026/05/24 16:38:17.689, 2, 0, 10088
2026/05/24 16:38:17.690, 3, 0, 10088
2026/05/24 16:38:32.906, 0, 100, 10490
2026/05/24 16:38:33.012, 1, 73, 10088
2026/05/24 16:38:33.015, 2, 35, 10088
2026/05/24 16:38:33.019, 3, 0, 10088
2026/05/24 16:38:48.347, 0, 7, 10490
2026/05/24 16:38:48.348, 1, 0, 10088
2026/05/24 16:38:48.349, 2, 0, 10088
2026/05/24 16:38:48.350, 3, 12, 10088
2026/05/24 16:39:03.450, 0, 100, 10490
2026/05/24 16:39:03.455, 1, 100, 10088
2026/05/24 16:39:03.456, 2, 100, 10088
2026/05/24 16:39:03.460, 3, 100, 10088
2026/05/24 16:39:18.574, 0, 13, 10490
2026/05/24 16:39:18.576, 1, 0, 10088
2026/05/24 16:39:18.578, 2, 0, 10088
2026/05/24 16:39:18.579, 3, 0, 10088
2026/05/24 16:39:33.665, 0, 4, 10490
2026/05/24 16:39:33.667, 1, 0, 10088
2026/05/24 16:39:33.669, 2, 0, 10088
2026/05/24 16:39:33.670, 3, 0, 10088
2026/05/24 16:39:48.858, 0, 74, 10490
2026/05/24 16:39:48.860, 1, 100, 10088
2026/05/24 16:39:48.862, 2, 100, 10088
2026/05/24 16:39:48.863, 3, 0, 10088
2026/05/24 16:40:04.086, 0, 100, 10490
2026/05/24 16:40:04.090, 1, 100, 10088
2026/05/24 16:40:04.093, 2, 100, 10088
2026/05/24 16:40:04.096, 3, 100, 10088
2026/05/24 16:40:19.260, 0, 4, 10490
2026/05/24 16:40:19.264, 1, 0, 10088
2026/05/24 16:40:19.267, 2, 0, 10088
2026/05/24 16:40:19.270, 3, 0, 10088
2026/05/24 16:40:34.371, 0, 12, 10490
2026/05/24 16:40:34.374, 1, 0, 10088
2026/05/24 16:40:34.375, 2, 0, 10088
2026/05/24 16:40:34.376, 3, 0, 10088
2026/05/24 16:40:49.510, 0, 100, 10490
2026/05/24 16:40:49.512, 1, 100, 10088
2026/05/24 16:40:49.513, 2, 100, 10088
2026/05/24 16:40:49.514, 3, 100, 10088
2026/05/24 16:41:04.597, 0, 100, 10490
2026/05/24 16:41:04.599, 1, 100, 10088
2026/05/24 16:41:04.600, 2, 100, 10088
2026/05/24 16:41:04.602, 3, 100, 10088
2026/05/24 16:41:19.734, 0, 8, 10490
2026/05/24 16:41:19.738, 1, 0, 10088
2026/05/24 16:41:19.741, 2, 0, 10088
2026/05/24 16:41:19.742, 3, 0, 10088
2026/05/24 16:41:34.915, 0, 28, 10490
2026/05/24 16:41:34.918, 1, 100, 10088
2026/05/24 16:41:34.921, 2, 100, 10088
2026/05/24 16:41:34.924, 3, 100, 10088
2026/05/24 16:41:50.164, 0, 1, 10490
2026/05/24 16:41:50.165, 1, 0, 10088
2026/05/24 16:41:50.166, 2, 0, 10088
2026/05/24 16:41:50.167, 3, 0, 10088
2026/05/24 16:42:05.266, 0, 13, 10490
2026/05/24 16:42:05.268, 1, 0, 10088
2026/05/24 16:42:05.269, 2, 0, 10088
2026/05/24 16:42:05.270, 3, 0, 10088
2026/05/24 16:42:20.404, 0, 100, 10490
2026/05/24 16:42:20.409, 1, 100, 10088
2026/05/24 16:42:20.412, 2, 100, 10088
2026/05/24 16:42:20.414, 3, 100, 10088
2026/05/24 16:42:35.605, 0, 9, 10490
2026/05/24 16:42:35.608, 1, 0, 10088
2026/05/24 16:42:35.609, 2, 0, 10088
2026/05/24 16:42:35.610, 3, 0, 10088
2026/05/24 16:42:50.840, 0, 100, 10490
2026/05/24 16:42:50.842, 1, 100, 10088
2026/05/24 16:42:50.843, 2, 100, 10088
2026/05/24 16:42:50.844, 3, 0, 10088
2026/05/24 16:43:05.933, 0, 51, 10490
2026/05/24 16:43:05.937, 1, 100, 10088
2026/05/24 16:43:05.940, 2, 100, 10088
2026/05/24 16:43:05.944, 3, 100, 10088
2026/05/24 16:43:21.088, 0, 16, 10490
2026/05/24 16:43:21.090, 1, 0, 10088
2026/05/24 16:43:21.092, 2, 0, 10088
2026/05/24 16:43:21.093, 3, 0, 10088
2026/05/24 16:43:36.181, 0, 100, 10490
2026/05/24 16:43:36.186, 1, 100, 10088
2026/05/24 16:43:36.189, 2, 100, 10088
2026/05/24 16:43:36.244, 3, 100, 10088
2026/05/24 16:43:51.443, 0, 100, 10490
2026/05/24 16:43:51.446, 1, 100, 10088
2026/05/24 16:43:51.449, 2, 100, 10088
2026/05/24 16:43:51.451, 3, 100, 10088
2026/05/24 16:44:07.005, 0, 100, 10490
2026/05/24 16:44:07.008, 1, 69, 10088
2026/05/24 16:44:07.009, 2, 2, 10088
2026/05/24 16:44:07.010, 3, 100, 10088
2026/05/24 16:44:22.293, 0, 5, 10490
2026/05/24 16:44:22.295, 1, 0, 10088
2026/05/24 16:44:22.297, 2, 0, 10088
2026/05/24 16:44:22.298, 3, 0, 10088
2026/05/24 16:44:37.381, 0, 9, 10490
2026/05/24 16:44:37.383, 1, 0, 10088
2026/05/24 16:44:37.384, 2, 0, 10088
2026/05/24 16:44:37.386, 3, 0, 10088
2026/05/24 16:44:52.490, 0, 4, 10490
2026/05/24 16:44:52.492, 1, 0, 10088
2026/05/24 16:44:52.493, 2, 0, 10088
2026/05/24 16:44:52.495, 3, 0, 10088
2026/05/24 16:45:07.790, 0, 5, 10490
2026/05/24 16:45:07.792, 1, 0, 10088
2026/05/24 16:45:07.793, 2, 0, 10088
2026/05/24 16:45:07.794, 3, 0, 10088
2026/05/24 16:45:22.920, 0, 100, 10490
2026/05/24 16:45:22.922, 1, 97, 10088
2026/05/24 16:45:22.923, 2, 51, 10088
2026/05/24 16:45:22.924, 3, 100, 10088
2026/05/24 16:45:38.012, 0, 10, 10490
2026/05/24 16:45:38.017, 1, 100, 10088
2026/05/24 16:45:38.020, 2, 0, 10088
2026/05/24 16:45:38.021, 3, 0, 10088
2026/05/24 16:45:53.136, 0, 100, 10490
2026/05/24 16:45:53.139, 1, 100, 10088
2026/05/24 16:45:53.142, 2, 100, 10088
2026/05/24 16:45:53.145, 3, 100, 10088
2026/05/24 16:46:08.258, 0, 11, 10490
2026/05/24 16:46:08.260, 1, 0, 10088
2026/05/24 16:46:08.261, 2, 0, 10088
2026/05/24 16:46:08.263, 3, 0, 10088
2026/05/24 16:46:23.357, 0, 2, 10490
2026/05/24 16:46:23.360, 1, 72, 10088
2026/05/24 16:46:23.361, 2, 77, 10088
2026/05/24 16:46:23.362, 3, 100, 10088
2026/05/24 16:46:38.658, 0, 100, 10490
2026/05/24 16:46:38.663, 1, 100, 10088
2026/05/24 16:46:38.666, 2, 100, 10088
2026/05/24 16:46:38.669, 3, 100, 10088
2026/05/24 16:46:53.793, 0, 100, 10490
2026/05/24 16:46:53.795, 1, 100, 10088
2026/05/24 16:46:53.797, 2, 100, 10088
2026/05/24 16:46:53.798, 3, 0, 10088
2026/05/24 16:47:08.881, 0, 9, 10490
2026/05/24 16:47:08.886, 1, 0, 10088
2026/05/24 16:47:08.889, 2, 0, 10088
2026/05/24 16:47:08.890, 3, 0, 10088
2026/05/24 16:47:23.996, 0, 7, 10490
2026/05/24 16:47:23.997, 1, 0, 10088
2026/05/24 16:47:23.999, 2, 0, 10088
2026/05/24 16:47:24.000, 3, 0, 10088
2026/05/24 16:47:39.122, 0, 9, 10490
2026/05/24 16:47:39.124, 1, 0, 10088
2026/05/24 16:47:39.125, 2, 0, 10088
2026/05/24 16:47:39.127, 3, 0, 10088
2026/05/24 16:47:54.513, 0, 2, 10490
2026/05/24 16:47:54.515, 1, 0, 10088
2026/05/24 16:47:54.517, 2, 0, 10088
2026/05/24 16:47:54.518, 3, 0, 10088
2026/05/24 16:48:09.768, 0, 100, 10490
2026/05/24 16:48:09.769, 1, 100, 10088
2026/05/24 16:48:09.770, 2, 100, 10088
2026/05/24 16:48:09.771, 3, 0, 10088
2026/05/24 16:48:24.881, 0, 100, 10490
2026/05/24 16:48:24.883, 1, 100, 10088
2026/05/24 16:48:24.885, 2, 100, 10088
2026/05/24 16:48:24.886, 3, 0, 10088
2026/05/24 16:48:39.969, 0, 100, 10490
2026/05/24 16:48:39.971, 1, 100, 10088
2026/05/24 16:48:39.973, 2, 100, 10088
2026/05/24 16:48:39.974, 3, 100, 10088
2026/05/24 16:48:55.164, 0, 100, 10490
2026/05/24 16:48:55.169, 1, 100, 10088
2026/05/24 16:48:55.172, 2, 100, 10088
2026/05/24 16:48:55.175, 3, 100, 10088
2026/05/24 16:49:10.373, 0, 9, 10490
2026/05/24 16:49:10.375, 1, 0, 10088
2026/05/24 16:49:10.376, 2, 0, 10088
2026/05/24 16:49:10.377, 3, 0, 10088
2026/05/24 16:49:25.587, 0, 0, 10490
2026/05/24 16:49:25.589, 1, 30, 10088
2026/05/24 16:49:25.590, 2, 66, 10088
2026/05/24 16:49:25.591, 3, 100, 10088
2026/05/24 16:49:40.875, 0, 9, 10490
2026/05/24 16:49:40.877, 1, 0, 10088
2026/05/24 16:49:40.878, 2, 0, 10088
2026/05/24 16:49:40.879, 3, 0, 10088
2026/05/24 16:49:55.968, 0, 65, 10490
2026/05/24 16:49:55.970, 1, 100, 10088
2026/05/24 16:49:55.974, 2, 100, 10088
2026/05/24 16:49:55.976, 3, 100, 10088
2026/05/24 16:50:11.065, 0, 9, 10490
2026/05/24 16:50:11.067, 1, 0, 10088
2026/05/24 16:50:11.068, 2, 0, 10088
2026/05/24 16:50:11.069, 3, 0, 10088
2026/05/24 16:50:26.150, 0, 11, 10490
2026/05/24 16:50:26.152, 1, 0, 10088
2026/05/24 16:50:26.153, 2, 0, 10088
2026/05/24 16:50:26.154, 3, 0, 10088
2026/05/24 16:50:41.237, 0, 8, 10490
2026/05/24 16:50:41.239, 1, 0, 10088
2026/05/24 16:50:41.241, 2, 0, 10088
2026/05/24 16:50:41.242, 3, 0, 10088
2026/05/24 16:50:56.374, 0, 100, 10490
2026/05/24 16:50:56.378, 1, 100, 10088
2026/05/24 16:50:56.381, 2, 100, 10088
2026/05/24 16:50:56.384, 3, 100, 10088
2026/05/24 16:51:11.610, 0, 27, 10490
2026/05/24 16:51:11.717, 1, 0, 10088
2026/05/24 16:51:11.720, 2, 0, 10088
2026/05/24 16:51:11.724, 3, 100, 10088
2026/05/24 16:51:27.029, 0, 100, 10490
2026/05/24 16:51:27.031, 1, 100, 10088
2026/05/24 16:51:27.033, 2, 0, 10088
2026/05/24 16:51:27.034, 3, 0, 10088
2026/05/24 16:51:42.134, 0, 6, 10490
2026/05/24 16:51:42.136, 1, 0, 10088
2026/05/24 16:51:42.137, 2, 0, 10088
2026/05/24 16:51:42.138, 3, 0, 10088
2026/05/24 16:51:57.307, 0, 100, 10490
2026/05/24 16:51:57.311, 1, 41, 10088
2026/05/24 16:51:57.314, 2, 97, 10088
2026/05/24 16:51:57.317, 3, 0, 10088
2026/05/24 16:52:12.428, 0, 100, 10490
2026/05/24 16:52:12.430, 1, 100, 10088
2026/05/24 16:52:12.431, 2, 100, 10088
2026/05/24 16:52:12.433, 3, 100, 10088
2026/05/24 16:52:27.729, 0, 4, 10490
2026/05/24 16:52:27.731, 1, 0, 10088
2026/05/24 16:52:27.732, 2, 0, 10088
2026/05/24 16:52:27.733, 3, 0, 10088
2026/05/24 16:52:42.813, 0, 9, 10490
2026/05/24 16:52:42.815, 1, 0, 10088
2026/05/24 16:52:42.817, 2, 0, 10088
2026/05/24 16:52:42.818, 3, 0, 10088
2026/05/24 16:52:57.941, 0, 100, 10490
2026/05/24 16:52:57.943, 1, 100, 10088
2026/05/24 16:52:57.945, 2, 100, 10088
2026/05/24 16:52:57.946, 3, 100, 10088
2026/05/24 16:53:13.065, 0, 14, 10490
2026/05/24 16:53:13.067, 1, 0, 10088
2026/05/24 16:53:13.069, 2, 0, 10088
2026/05/24 16:53:13.070, 3, 0, 10088
2026/05/24 16:53:28.343, 0, 100, 10490
2026/05/24 16:53:28.347, 1, 34, 10088
2026/05/24 16:53:28.352, 2, 0, 10088
2026/05/24 16:53:28.355, 3, 100, 10088
2026/05/24 16:53:43.449, 0, 9, 10490
2026/05/24 16:53:43.451, 1, 0, 10088
2026/05/24 16:53:43.453, 2, 0, 10088
2026/05/24 16:53:43.454, 3, 0, 10088
2026/05/24 16:53:58.537, 0, 9, 10490
2026/05/24 16:53:58.539, 1, 0, 10088
2026/05/24 16:53:58.541, 2, 0, 10088
2026/05/24 16:53:58.542, 3, 0, 10088
2026/05/24 16:54:13.692, 0, 100, 10490
2026/05/24 16:54:13.694, 1, 100, 10088
2026/05/24 16:54:13.695, 2, 100, 10088
2026/05/24 16:54:13.697, 3, 100, 10088
2026/05/24 16:54:28.802, 0, 12, 10490
2026/05/24 16:54:28.804, 1, 0, 10088
2026/05/24 16:54:28.805, 2, 0, 10088
2026/05/24 16:54:28.807, 3, 0, 10088
2026/05/24 16:54:44.138, 0, 10, 10490
2026/05/24 16:54:44.142, 1, 96, 10088
2026/05/24 16:54:44.146, 2, 100, 10088
2026/05/24 16:54:44.149, 3, 0, 10088
2026/05/24 16:54:59.241, 0, 0, 10490
2026/05/24 16:54:59.243, 1, 0, 10088
2026/05/24 16:54:59.245, 2, 0, 10088
2026/05/24 16:54:59.246, 3, 0, 10088
2026/05/24 16:55:14.374, 0, 100, 10490
2026/05/24 16:55:14.378, 1, 100, 10088
2026/05/24 16:55:14.380, 2, 100, 10088
2026/05/24 16:55:14.382, 3, 0, 10088
2026/05/24 16:55:29.469, 0, 100, 10490
2026/05/24 16:55:29.471, 1, 100, 10088
2026/05/24 16:55:29.473, 2, 100, 10088
2026/05/24 16:55:29.474, 3, 100, 10088
2026/05/24 16:55:44.577, 0, 9, 10490
2026/05/24 16:55:44.579, 1, 0, 10088
2026/05/24 16:55:44.580, 2, 0, 10088
2026/05/24 16:55:44.582, 3, 0, 10088
2026/05/24 16:55:59.909, 0, 19, 10490
2026/05/24 16:55:59.911, 1, 0, 10088
2026/05/24 16:55:59.912, 2, 0, 10088
2026/05/24 16:55:59.913, 3, 0, 10088
2026/05/24 16:56:15.205, 0, 100, 10490
2026/05/24 16:56:15.209, 1, 100, 10088
2026/05/24 16:56:15.212, 2, 54, 10088
2026/05/24 16:56:15.215, 3, 39, 10088
2026/05/24 16:56:30.313, 0, 14, 10490
2026/05/24 16:56:30.315, 1, 0, 10088
2026/05/24 16:56:30.317, 2, 0, 10088
2026/05/24 16:56:30.318, 3, 0, 10088
2026/05/24 16:56:45.400, 0, 9, 10490
2026/05/24 16:56:45.402, 1, 0, 10088
2026/05/24 16:56:45.403, 2, 0, 10088
2026/05/24 16:56:45.405, 3, 0, 10088
2026/05/24 16:57:00.597, 0, 100, 10490
2026/05/24 16:57:00.601, 1, 100, 10088
2026/05/24 16:57:00.603, 2, 100, 10088
2026/05/24 16:57:00.605, 3, 100, 10088
2026/05/24 16:57:15.718, 0, 13, 10490
2026/05/24 16:57:15.720, 1, 0, 10088
2026/05/24 16:57:15.721, 2, 0, 10088
2026/05/24 16:57:15.723, 3, 0, 10088
2026/05/24 16:57:30.807, 0, 0, 10490
2026/05/24 16:57:30.809, 1, 0, 10088
2026/05/24 16:57:30.811, 2, 0, 10088
2026/05/24 16:57:30.813, 3, 0, 10088
2026/05/24 16:57:46.122, 0, 100, 10490
2026/05/24 16:57:46.123, 1, 0, 10088
2026/05/24 16:57:46.125, 2, 0, 10088
2026/05/24 16:57:46.126, 3, 0, 10088
2026/05/24 16:58:01.209, 0, 9, 10490
2026/05/24 16:58:01.211, 1, 0, 10088
2026/05/24 16:58:01.212, 2, 0, 10088
2026/05/24 16:58:01.213, 3, 0, 10088
2026/05/24 16:58:16.297, 0, 9, 10490
2026/05/24 16:58:16.299, 1, 0, 10088
2026/05/24 16:58:16.301, 2, 0, 10088
2026/05/24 16:58:16.302, 3, 0, 10088
2026/05/24 16:58:31.381, 0, 6, 10490
2026/05/24 16:58:31.383, 1, 0, 10088
2026/05/24 16:58:31.384, 2, 0, 10088
2026/05/24 16:58:31.385, 3, 0, 10088
2026/05/24 16:58:46.781, 0, 0, 10490
2026/05/24 16:58:46.783, 1, 0, 10088
2026/05/24 16:58:46.785, 2, 0, 10088
2026/05/24 16:58:46.786, 3, 0, 10088
2026/05/24 16:59:01.879, 0, 100, 10490
2026/05/24 16:59:01.883, 1, 83, 10088
2026/05/24 16:59:01.886, 2, 100, 10088
2026/05/24 16:59:01.890, 3, 100, 10088
2026/05/24 16:59:17.029, 0, 100, 10490
2026/05/24 16:59:17.033, 1, 93, 10088
2026/05/24 16:59:17.036, 2, 100, 10088
2026/05/24 16:59:17.038, 3, 100, 10088
2026/05/24 16:59:32.160, 0, 100, 10490
2026/05/24 16:59:32.164, 1, 100, 10088
2026/05/24 16:59:32.167, 2, 100, 10088
2026/05/24 16:59:32.171, 3, 100, 10088
2026/05/24 16:59:47.429, 0, 0, 10490
2026/05/24 16:59:47.433, 1, 0, 10088
2026/05/24 16:59:47.436, 2, 0, 10088
2026/05/24 16:59:47.438, 3, 0, 10088
2026/05/24 17:00:02.529, 0, 9, 10490
2026/05/24 17:00:02.531, 1, 0, 10088
2026/05/24 17:00:02.532, 2, 0, 10088
2026/05/24 17:00:02.534, 3, 0, 10088
2026/05/24 17:00:17.642, 0, 14, 10490
2026/05/24 17:00:17.645, 1, 0, 10088
2026/05/24 17:00:17.646, 2, 0, 10088
2026/05/24 17:00:17.647, 3, 0, 10088
2026/05/24 17:00:32.763, 0, 100, 10490
2026/05/24 17:00:32.767, 1, 100, 10088
2026/05/24 17:00:32.770, 2, 100, 10088
2026/05/24 17:00:32.773, 3, 0, 10088
2026/05/24 17:00:48.015, 0, 100, 10490
2026/05/24 17:00:48.019, 1, 0, 10088
2026/05/24 17:00:48.022, 2, 0, 10088
2026/05/24 17:00:48.026, 3, 100, 10088
2026/05/24 17:01:03.254, 0, 9, 10490
2026/05/24 17:01:03.256, 1, 0, 10088
2026/05/24 17:01:03.257, 2, 0, 10088
2026/05/24 17:01:03.258, 3, 0, 10088
2026/05/24 17:01:18.485, 0, 100, 10490
2026/05/24 17:01:18.488, 1, 100, 10088
2026/05/24 17:01:18.491, 2, 100, 10088
2026/05/24 17:01:18.494, 3, 0, 10088
2026/05/24 17:01:33.598, 0, 14, 10490
2026/05/24 17:01:33.600, 1, 0, 10088
2026/05/24 17:01:33.601, 2, 0, 10088
2026/05/24 17:01:33.603, 3, 0, 10088
2026/05/24 17:01:48.733, 0, 6, 10490
2026/05/24 17:01:48.736, 1, 0, 10088
2026/05/24 17:01:48.739, 2, 0, 10088
2026/05/24 17:01:48.742, 3, 0, 10088
2026/05/24 17:02:03.918, 0, 0, 10490
2026/05/24 17:02:03.920, 1, 80, 10088
2026/05/24 17:02:03.922, 2, 100, 10088
2026/05/24 17:02:03.923, 3, 0, 10088
2026/05/24 17:02:19.189, 0, 100, 10490
2026/05/24 17:02:19.193, 1, 100, 10088
2026/05/24 17:02:19.197, 2, 100, 10088
2026/05/24 17:02:19.201, 3, 100, 10088
2026/05/24 17:02:34.301, 0, 100, 10490
2026/05/24 17:02:34.305, 1, 100, 10088
2026/05/24 17:02:34.308, 2, 100, 10088
2026/05/24 17:02:34.311, 3, 100, 10088
2026/05/24 17:02:49.405, 0, 8, 10490
2026/05/24 17:02:49.407, 1, 0, 10088
2026/05/24 17:02:49.409, 2, 0, 10088
2026/05/24 17:02:49.410, 3, 0, 10088
2026/05/24 17:03:04.816, 0, 14, 10490
2026/05/24 17:03:04.818, 1, 0, 10088
2026/05/24 17:03:04.819, 2, 0, 10088
2026/05/24 17:03:04.820, 3, 0, 10088
2026/05/24 17:03:19.902, 0, 9, 10490
2026/05/24 17:03:19.904, 1, 0, 10088
2026/05/24 17:03:19.905, 2, 0, 10088
2026/05/24 17:03:19.907, 3, 0, 10088
2026/05/24 17:03:34.993, 0, 9, 10490
2026/05/24 17:03:34.997, 1, 0, 10088
2026/05/24 17:03:35.000, 2, 0, 10088
2026/05/24 17:03:35.002, 3, 100, 10088
2026/05/24 17:03:50.185, 0, 6, 10490
2026/05/24 17:03:50.189, 1, 100, 10088
2026/05/24 17:03:50.193, 2, 100, 10088
2026/05/24 17:03:50.195, 3, 100, 10088
2026/05/24 17:04:05.407, 0, 6, 10490
2026/05/24 17:04:05.409, 1, 0, 10088
2026/05/24 17:04:05.411, 2, 0, 10088
2026/05/24 17:04:05.412, 3, 0, 10088
2026/05/24 17:04:20.725, 0, 4, 10490
2026/05/24 17:04:20.728, 1, 0, 10088
2026/05/24 17:04:20.729, 2, 0, 10088
2026/05/24 17:04:20.730, 3, 0, 10088
2026/05/24 17:04:35.859, 0, 8, 10490
2026/05/24 17:04:35.862, 1, 0, 10088
2026/05/24 17:04:35.901, 2, 0, 10088
2026/05/24 17:04:35.904, 3, 100, 10088
2026/05/24 17:04:51.056, 0, 100, 10490
2026/05/24 17:04:51.058, 1, 100, 10088
2026/05/24 17:04:51.059, 2, 100, 10088
2026/05/24 17:04:51.060, 3, 0, 10088
2026/05/24 17:05:06.251, 0, 6, 10490
2026/05/24 17:05:06.256, 1, 100, 10088
2026/05/24 17:05:06.258, 2, 100, 10088
2026/05/24 17:05:06.261, 3, 0, 10088
2026/05/24 17:05:21.364, 0, 100, 10490
2026/05/24 17:05:21.367, 1, 100, 10088
2026/05/24 17:05:21.372, 2, 100, 10088
2026/05/24 17:05:21.375, 3, 0, 10088
2026/05/24 17:05:36.517, 0, 10, 10490
2026/05/24 17:05:36.606, 1, 0, 10088
2026/05/24 17:05:36.609, 2, 0, 10088
2026/05/24 17:05:36.610, 3, 0, 10088
2026/05/24 17:05:51.990, 0, 16, 10490
2026/05/24 17:05:51.992, 1, 0, 10088
2026/05/24 17:05:51.993, 2, 0, 10088
2026/05/24 17:05:51.995, 3, 0, 10088
2026/05/24 17:06:07.103, 0, 10, 10490
2026/05/24 17:06:07.107, 1, 0, 10088
2026/05/24 17:06:07.110, 2, 0, 10088
2026/05/24 17:06:07.113, 3, 97, 10088
2026/05/24 17:06:22.209, 0, 9, 10490
2026/05/24 17:06:22.211, 1, 0, 10088
2026/05/24 17:06:22.213, 2, 0, 10088
2026/05/24 17:06:22.214, 3, 0, 10088
2026/05/24 17:06:37.315, 0, 7, 10490
2026/05/24 17:06:37.319, 1, 100, 10088
2026/05/24 17:06:37.322, 2, 100, 10088
2026/05/24 17:06:37.325, 3, 100, 10088
2026/05/24 17:06:52.441, 0, 7, 10490
2026/05/24 17:06:52.443, 1, 0, 10088
2026/05/24 17:06:52.445, 2, 0, 10088
2026/05/24 17:06:52.446, 3, 0, 10088
2026/05/24 17:07:07.546, 0, 0, 10490
2026/05/24 17:07:07.548, 1, 100, 10088
2026/05/24 17:07:07.549, 2, 100, 10088
2026/05/24 17:07:07.550, 3, 100, 10088
2026/05/24 17:07:22.838, 0, 14, 10490
2026/05/24 17:07:22.840, 1, 0, 10088
2026/05/24 17:07:22.841, 2, 0, 10088
2026/05/24 17:07:22.843, 3, 0, 10088
2026/05/24 17:07:37.929, 0, 9, 10490
2026/05/24 17:07:37.931, 1, 0, 10088
2026/05/24 17:07:37.933, 2, 0, 10088
2026/05/24 17:07:37.934, 3, 0, 10088
2026/05/24 17:07:53.113, 0, 100, 10490
2026/05/24 17:07:53.115, 1, 0, 10088
2026/05/24 17:07:53.118, 2, 0, 10088
2026/05/24 17:07:53.120, 3, 100, 10088
2026/05/24 17:08:08.233, 0, 9, 10490
2026/05/24 17:08:08.235, 1, 0, 10088
2026/05/24 17:08:08.236, 2, 0, 10088
2026/05/24 17:08:08.237, 3, 0, 10088
2026/05/24 17:08:23.489, 0, 100, 10490
2026/05/24 17:08:23.493, 1, 100, 10088
2026/05/24 17:08:23.496, 2, 100, 10088
2026/05/24 17:08:23.499, 3, 0, 10088
2026/05/24 17:08:38.610, 0, 14, 10490
2026/05/24 17:08:38.612, 1, 0, 10088
2026/05/24 17:08:38.614, 2, 0, 10088
2026/05/24 17:08:38.615, 3, 0, 10088
2026/05/24 17:08:53.697, 0, 9, 10490
2026/05/24 17:08:53.699, 1, 0, 10088
2026/05/24 17:08:53.701, 2, 0, 10088
2026/05/24 17:08:53.702, 3, 0, 10088
2026/05/24 17:09:08.888, 0, 100, 10490
2026/05/24 17:09:08.892, 1, 100, 10088
2026/05/24 17:09:08.895, 2, 100, 10088
2026/05/24 17:09:08.898, 3, 100, 10088
2026/05/24 17:09:24.170, 0, 100, 10490
2026/05/24 17:09:24.175, 1, 100, 10088
2026/05/24 17:09:24.178, 2, 100, 10088
2026/05/24 17:09:24.180, 3, 100, 10088
2026/05/24 17:09:39.333, 0, 9, 10490
2026/05/24 17:09:39.336, 1, 100, 10088
2026/05/24 17:09:39.339, 2, 100, 10088
2026/05/24 17:09:39.342, 3, 100, 10088
2026/05/24 17:09:54.530, 0, 8, 10490
2026/05/24 17:09:54.532, 1, 0, 10088
2026/05/24 17:09:54.533, 2, 0, 10088
2026/05/24 17:09:54.535, 3, 0, 10088
2026/05/24 17:10:09.634, 0, 12, 10490
2026/05/24 17:10:09.636, 1, 0, 10088
2026/05/24 17:10:09.637, 2, 0, 10088
2026/05/24 17:10:09.638, 3, 0, 10088
2026/05/24 17:10:24.769, 0, 5, 10490
2026/05/24 17:10:24.772, 1, 0, 10088
2026/05/24 17:10:24.774, 2, 0, 10088
2026/05/24 17:10:24.777, 3, 0, 10088
2026/05/24 17:10:40.116, 0, 100, 10490
2026/05/24 17:10:40.120, 1, 100, 10088
2026/05/24 17:10:40.123, 2, 100, 10088
2026/05/24 17:10:40.126, 3, 0, 10088
2026/05/24 17:10:55.233, 0, 100, 10490
2026/05/24 17:10:55.237, 1, 100, 10088
2026/05/24 17:10:55.239, 2, 100, 10088
2026/05/24 17:10:55.242, 3, 100, 10088
2026/05/24 17:11:10.489, 0, 49, 10490
2026/05/24 17:11:10.493, 1, 100, 10088
2026/05/24 17:11:10.496, 2, 100, 10088
2026/05/24 17:11:10.497, 3, 100, 10088
2026/05/24 17:11:25.596, 0, 13, 10490
2026/05/24 17:11:25.598, 1, 22, 10088
2026/05/24 17:11:25.599, 2, 100, 10088
2026/05/24 17:11:25.600, 3, 100, 10088
2026/05/24 17:11:40.855, 0, 100, 10490
2026/05/24 17:11:41.008, 1, 100, 10088
2026/05/24 17:11:41.009, 2, 100, 10088
2026/05/24 17:11:41.010, 3, 0, 10088
2026/05/24 17:11:56.125, 0, 9, 10490
2026/05/24 17:11:56.127, 1, 0, 10088
2026/05/24 17:11:56.128, 2, 0, 10088
2026/05/24 17:11:56.129, 3, 0, 10088
2026/05/24 17:12:11.226, 0, 9, 10490
2026/05/24 17:12:11.230, 1, 100, 10088
2026/05/24 17:12:11.233, 2, 100, 10088
2026/05/24 17:12:11.236, 3, 100, 10088
2026/05/24 17:12:26.329, 0, 1, 10490
2026/05/24 17:12:26.331, 1, 0, 10088
2026/05/24 17:12:26.333, 2, 0, 10088
2026/05/24 17:12:26.334, 3, 0, 10088
2026/05/24 17:12:41.650, 0, 8, 10490
2026/05/24 17:12:41.651, 1, 0, 10088
2026/05/24 17:12:41.652, 2, 0, 10088
2026/05/24 17:12:41.653, 3, 0, 10088
2026/05/24 17:12:56.766, 0, 5, 10490
2026/05/24 17:12:56.768, 1, 0, 10088
2026/05/24 17:12:56.769, 2, 0, 10088
2026/05/24 17:12:56.771, 3, 0, 10088
2026/05/24 17:13:11.863, 0, 100, 10490
2026/05/24 17:13:11.866, 1, 100, 10088
2026/05/24 17:13:11.869, 2, 100, 10088
2026/05/24 17:13:11.872, 3, 50, 10088
2026/05/24 17:13:26.992, 0, 9, 10490
2026/05/24 17:13:26.995, 1, 0, 10088
2026/05/24 17:13:26.998, 2, 0, 10088
2026/05/24 17:13:27.002, 3, 100, 10088
2026/05/24 17:13:42.119, 0, 0, 10490
2026/05/24 17:13:42.123, 1, 0, 10088
2026/05/24 17:13:42.126, 2, 0, 10088
2026/05/24 17:13:42.129, 3, 0, 10088
2026/05/24 17:13:57.258, 0, 100, 10490
2026/05/24 17:13:57.260, 1, 0, 10088
2026/05/24 17:13:57.261, 2, 0, 10088
2026/05/24 17:13:57.262, 3, 0, 10088
2026/05/24 17:14:12.362, 0, 100, 10490
2026/05/24 17:14:12.364, 1, 29, 10088
2026/05/24 17:14:12.365, 2, 0, 10088
2026/05/24 17:14:12.367, 3, 100, 10088
2026/05/24 17:14:27.449, 0, 4, 10490
2026/05/24 17:14:27.451, 1, 0, 10088
2026/05/24 17:14:27.453, 2, 0, 10088
2026/05/24 17:14:27.454, 3, 0, 10088
2026/05/24 17:14:42.537, 0, 0, 10490
2026/05/24 17:14:42.539, 1, 0, 10088
2026/05/24 17:14:42.540, 2, 0, 10088
2026/05/24 17:14:42.542, 3, 0, 10088
2026/05/24 17:14:57.845, 0, 8, 10490
2026/05/24 17:14:57.847, 1, 0, 10088
2026/05/24 17:14:57.848, 2, 0, 10088
2026/05/24 17:14:57.850, 3, 0, 10088
2026/05/24 17:15:12.985, 0, 9, 10490
2026/05/24 17:15:12.987, 1, 0, 10088
2026/05/24 17:15:12.989, 2, 0, 10088
2026/05/24 17:15:12.990, 3, 0, 10088
2026/05/24 17:15:28.089, 0, 33, 10490
2026/05/24 17:15:28.091, 1, 100, 10088
2026/05/24 17:15:28.092, 2, 100, 10088
2026/05/24 17:15:28.094, 3, 0, 10088
2026/05/24 17:15:43.213, 0, 11, 10490
2026/05/24 17:15:43.216, 1, 0, 10088
2026/05/24 17:15:43.217, 2, 0, 10088
2026/05/24 17:15:43.219, 3, 0, 10088
2026/05/24 17:15:58.645, 0, 82, 10490
2026/05/24 17:15:58.649, 1, 100, 10088
2026/05/24 17:15:58.651, 2, 100, 10088
2026/05/24 17:15:58.654, 3, 63, 10088
2026/05/24 17:16:13.838, 0, 100, 10490
2026/05/24 17:16:13.841, 1, 100, 10088
2026/05/24 17:16:13.844, 2, 100, 10088
2026/05/24 17:16:13.847, 3, 0, 10088
2026/05/24 17:16:28.965, 0, 100, 10490
2026/05/24 17:16:28.969, 1, 100, 10088
2026/05/24 17:16:28.973, 2, 100, 10088
2026/05/24 17:16:28.976, 3, 100, 10088
2026/05/24 17:16:44.099, 0, 10, 10490
2026/05/24 17:16:44.103, 1, 0, 10088
2026/05/24 17:16:44.107, 2, 0, 10088
2026/05/24 17:16:44.109, 3, 0, 10088
2026/05/24 17:16:59.386, 0, 100, 10490
2026/05/24 17:16:59.388, 1, 6, 10088
2026/05/24 17:16:59.389, 2, 49, 10088
2026/05/24 17:16:59.391, 3, 100, 10088
2026/05/24 17:17:14.494, 0, 13, 10490
2026/05/24 17:17:14.496, 1, 0, 10088
2026/05/24 17:17:14.498, 2, 0, 10088
2026/05/24 17:17:14.499, 3, 0, 10088
2026/05/24 17:17:29.602, 0, 9, 10490
2026/05/24 17:17:29.604, 1, 0, 10088
2026/05/24 17:17:29.605, 2, 0, 10088
2026/05/24 17:17:29.607, 3, 0, 10088
2026/05/24 17:17:44.763, 0, 100, 10490
2026/05/24 17:17:44.765, 1, 100, 10088
2026/05/24 17:17:44.766, 2, 100, 10088
2026/05/24 17:17:44.767, 3, 100, 10088
2026/05/24 17:18:00.091, 0, 1, 10490
2026/05/24 17:18:00.092, 1, 0, 10088
2026/05/24 17:18:00.093, 2, 0, 10088
2026/05/24 17:18:00.094, 3, 0, 10088
2026/05/24 17:18:15.173, 0, 100, 10490
2026/05/24 17:18:15.175, 1, 100, 10088
2026/05/24 17:18:15.176, 2, 100, 10088
2026/05/24 17:18:15.178, 3, 0, 10088
2026/05/24 17:18:30.278, 0, 27, 10490
2026/05/24 17:18:30.281, 1, 0, 10088
2026/05/24 17:18:30.282, 2, 0, 10088
2026/05/24 17:18:30.283, 3, 0, 10088
2026/05/24 17:18:45.374, 0, 0, 10490
2026/05/24 17:18:45.378, 1, 100, 10088
2026/05/24 17:18:45.382, 2, 0, 10088
2026/05/24 17:18:45.383, 3, 0, 10088
2026/05/24 17:19:00.687, 0, 68, 10490
2026/05/24 17:19:00.691, 1, 100, 10088
2026/05/24 17:19:00.694, 2, 86, 10088
2026/05/24 17:19:00.697, 3, 0, 10088
2026/05/24 17:19:15.818, 0, 100, 10490
2026/05/24 17:19:15.823, 1, 100, 10088
2026/05/24 17:19:15.825, 2, 100, 10088
2026/05/24 17:19:15.828, 3, 100, 10088
2026/05/24 17:19:30.933, 0, 100, 10490
2026/05/24 17:19:30.935, 1, 100, 10088
2026/05/24 17:19:30.936, 2, 100, 10088
2026/05/24 17:19:30.938, 3, 100, 10088
2026/05/24 17:19:46.057, 0, 100, 10490
2026/05/24 17:19:46.061, 1, 95, 10088
2026/05/24 17:19:46.064, 2, 97, 10088
2026/05/24 17:19:46.066, 3, 0, 10088
2026/05/24 17:20:01.202, 0, 14, 10490
2026/05/24 17:20:01.204, 1, 0, 10088
2026/05/24 17:20:01.206, 2, 0, 10088
2026/05/24 17:20:01.207, 3, 0, 10088
2026/05/24 17:20:16.297, 0, 18, 10490
2026/05/24 17:20:16.301, 1, 100, 10088
2026/05/24 17:20:16.304, 2, 100, 10088
2026/05/24 17:20:16.307, 3, 100, 10088
2026/05/24 17:20:31.450, 0, 0, 10490
2026/05/24 17:20:31.452, 1, 0, 10088
2026/05/24 17:20:31.453, 2, 0, 10088
2026/05/24 17:20:31.454, 3, 0, 10088
2026/05/24 17:20:46.562, 0, 66, 10490
2026/05/24 17:20:46.565, 1, 51, 10088
2026/05/24 17:20:46.567, 2, 92, 10088
2026/05/24 17:20:46.570, 3, 100, 10088
2026/05/24 17:21:01.780, 0, 100, 10490
2026/05/24 17:21:01.784, 1, 100, 10088
2026/05/24 17:21:01.787, 2, 100, 10088
2026/05/24 17:21:01.790, 3, 100, 10088
2026/05/24 17:21:16.898, 0, 9, 10490
2026/05/24 17:21:16.900, 1, 0, 10088
2026/05/24 17:21:16.901, 2, 82, 10088
2026/05/24 17:21:16.902, 3, 88, 10088
2026/05/24 17:21:32.003, 0, 0, 10490
2026/05/24 17:21:32.005, 1, 0, 10088
2026/05/24 17:21:32.007, 2, 0, 10088
2026/05/24 17:21:32.008, 3, 0, 10088
2026/05/24 17:21:47.210, 0, 9, 10490
2026/05/24 17:21:47.212, 1, 0, 10088
2026/05/24 17:21:47.213, 2, 0, 10088
2026/05/24 17:21:47.214, 3, 0, 10088
2026/05/24 17:22:02.297, 0, 100, 10490
2026/05/24 17:22:02.299, 1, 100, 10088
2026/05/24 17:22:02.300, 2, 0, 10088
2026/05/24 17:22:02.302, 3, 26, 10088
2026/05/24 17:22:17.421, 0, 9, 10490
2026/05/24 17:22:17.423, 1, 0, 10088
2026/05/24 17:22:17.424, 2, 0, 10088
2026/05/24 17:22:17.426, 3, 0, 10088
2026/05/24 17:22:32.559, 0, 100, 10490
2026/05/24 17:22:32.562, 1, 100, 10088
2026/05/24 17:22:32.565, 2, 100, 10088
2026/05/24 17:22:32.568, 3, 100, 10088
2026/05/24 17:22:48.025, 0, 9, 10490
2026/05/24 17:22:48.027, 1, 0, 10088
2026/05/24 17:22:48.028, 2, 0, 10088
2026/05/24 17:22:48.030, 3, 0, 10088
2026/05/24 17:23:03.133, 0, 9, 10490
2026/05/24 17:23:03.135, 1, 0, 10088
2026/05/24 17:23:03.136, 2, 0, 10088
2026/05/24 17:23:03.138, 3, 0, 10088
2026/05/24 17:23:18.253, 0, 6, 10490
2026/05/24 17:23:18.255, 1, 56, 10088
2026/05/24 17:23:18.256, 2, 0, 10088
2026/05/24 17:23:18.258, 3, 0, 10088
2026/05/24 17:23:33.365, 0, 100, 10490
2026/05/24 17:23:33.367, 1, 0, 10088
2026/05/24 17:23:33.369, 2, 0, 10088
2026/05/24 17:23:33.370, 3, 0, 10088
2026/05/24 17:23:48.525, 0, 5, 10490
2026/05/24 17:23:48.527, 1, 0, 10088
2026/05/24 17:23:48.529, 2, 0, 10088
2026/05/24 17:23:48.530, 3, 0, 10088
2026/05/24 17:24:03.630, 0, 12, 10490
2026/05/24 17:24:03.632, 1, 0, 10088
2026/05/24 17:24:03.633, 2, 0, 10088
2026/05/24 17:24:03.635, 3, 0, 10088
2026/05/24 17:24:18.727, 0, 37, 10490
2026/05/24 17:24:18.730, 1, 0, 10088
2026/05/24 17:24:18.734, 2, 0, 10088
2026/05/24 17:24:18.737, 3, 0, 10088
2026/05/24 17:24:33.861, 0, 1, 10490
2026/05/24 17:24:33.865, 1, 0, 10088
2026/05/24 17:24:33.869, 2, 0, 10088
2026/05/24 17:24:33.872, 3, 0, 10088
2026/05/24 17:24:49.144, 0, 10, 10490
2026/05/24 17:24:49.148, 1, 0, 10088
2026/05/24 17:24:49.151, 2, 0, 10088
2026/05/24 17:24:49.154, 3, 0, 10088
2026/05/24 17:25:04.249, 0, 9, 10490
2026/05/24 17:25:04.251, 1, 0, 10088
2026/05/24 17:25:04.253, 2, 0, 10088
2026/05/24 17:25:04.254, 3, 0, 10088
2026/05/24 17:25:19.348, 0, 100, 10490
2026/05/24 17:25:19.350, 1, 60, 10088
2026/05/24 17:25:19.352, 2, 100, 10088
2026/05/24 17:25:19.353, 3, 100, 10088
2026/05/24 17:25:34.438, 0, 1, 10490
2026/05/24 17:25:34.440, 1, 0, 10088
2026/05/24 17:25:34.441, 2, 0, 10088
2026/05/24 17:25:34.443, 3, 0, 10088
2026/05/24 17:25:49.774, 0, 100, 10490
2026/05/24 17:25:49.776, 1, 100, 10088
2026/05/24 17:25:49.777, 2, 100, 10088
2026/05/24 17:25:49.779, 3, 100, 10088
2026/05/24 17:26:04.862, 0, 9, 10490
2026/05/24 17:26:04.864, 1, 0, 10088
2026/05/24 17:26:04.865, 2, 0, 10088
2026/05/24 17:26:04.866, 3, 0, 10088
2026/05/24 17:26:20.025, 0, 100, 10490
2026/05/24 17:26:20.030, 1, 100, 10088
2026/05/24 17:26:20.033, 2, 100, 10088
2026/05/24 17:26:20.036, 3, 81, 10088
2026/05/24 17:26:35.159, 0, 2, 10490
2026/05/24 17:26:35.163, 1, 0, 10088
2026/05/24 17:26:35.166, 2, 0, 10088
2026/05/24 17:26:35.171, 3, 100, 10088
2026/05/24 17:26:50.590, 0, 0, 10490
2026/05/24 17:26:50.592, 1, 74, 10088
2026/05/24 17:26:50.593, 2, 100, 10088
2026/05/24 17:26:50.594, 3, 0, 10088
2026/05/24 17:27:05.824, 0, 0, 10490
2026/05/24 17:27:05.827, 1, 41, 10088
2026/05/24 17:27:05.829, 2, 84, 10088
2026/05/24 17:27:05.832, 3, 100, 10088
2026/05/24 17:27:21.077, 0, 0, 10490
2026/05/24 17:27:21.079, 1, 0, 10088
2026/05/24 17:27:21.081, 2, 0, 10088
2026/05/24 17:27:21.082, 3, 0, 10088
2026/05/24 17:27:36.198, 0, 27, 10490
2026/05/24 17:27:36.202, 1, 0, 10088
2026/05/24 17:27:36.205, 2, 0, 10088
2026/05/24 17:27:36.207, 3, 100, 10088
2026/05/24 17:27:51.335, 0, 9, 10490
2026/05/24 17:27:51.338, 1, 0, 10088
2026/05/24 17:27:51.342, 2, 100, 10088
2026/05/24 17:27:51.344, 3, 51, 10088
2026/05/24 17:28:06.458, 0, 2, 10490
2026/05/24 17:28:06.460, 1, 0, 10088
2026/05/24 17:28:06.461, 2, 0, 10088
2026/05/24 17:28:06.462, 3, 0, 10088
2026/05/24 17:28:21.692, 0, 12, 10490
2026/05/24 17:28:21.694, 1, 0, 10088
2026/05/24 17:28:21.695, 2, 0, 10088
2026/05/24 17:28:21.696, 3, 0, 10088
2026/05/24 17:28:36.848, 0, 8, 10490
2026/05/24 17:28:36.850, 1, 0, 10088
2026/05/24 17:28:36.852, 2, 0, 10088
2026/05/24 17:28:36.853, 3, 0, 10088
2026/05/24 17:28:51.966, 0, 100, 10490
2026/05/24 17:28:51.970, 1, 100, 10088
2026/05/24 17:28:51.972, 2, 100, 10088
2026/05/24 17:28:51.975, 3, 100, 10088
2026/05/24 17:29:07.125, 0, 100, 10490
2026/05/24 17:29:07.129, 1, 100, 10088
2026/05/24 17:29:07.132, 2, 100, 10088
2026/05/24 17:29:07.136, 3, 100, 10088
2026/05/24 17:29:22.319, 0, 100, 10490
2026/05/24 17:29:22.321, 1, 100, 10088
2026/05/24 17:29:22.322, 2, 100, 10088
2026/05/24 17:29:22.324, 3, 100, 10088
2026/05/24 17:29:37.452, 0, 9, 10490
2026/05/24 17:29:37.456, 1, 100, 10088
2026/05/24 17:29:37.459, 2, 100, 10088
2026/05/24 17:29:37.462, 3, 0, 10088
2026/05/24 17:29:52.630, 0, 19, 10490
2026/05/24 17:29:52.632, 1, 0, 10088
2026/05/24 17:29:52.633, 2, 0, 10088
2026/05/24 17:29:52.634, 3, 0, 10088
2026/05/24 17:30:07.743, 0, 100, 10490
2026/05/24 17:30:07.747, 1, 0, 10088
2026/05/24 17:30:07.750, 2, 28, 10088
2026/05/24 17:30:07.753, 3, 100, 10088
2026/05/24 17:30:22.877, 0, 0, 10490
2026/05/24 17:30:22.879, 1, 0, 10088
2026/05/24 17:30:22.881, 2, 0, 10088
2026/05/24 17:30:22.882, 3, 0, 10088
2026/05/24 17:30:37.990, 0, 10, 10490
2026/05/24 17:30:37.994, 1, 0, 10088
2026/05/24 17:30:37.997, 2, 0, 10088
2026/05/24 17:30:38.000, 3, 0, 10088
2026/05/24 17:30:53.093, 0, 100, 10490
2026/05/24 17:30:53.095, 1, 100, 10088
2026/05/24 17:30:53.096, 2, 100, 10088
2026/05/24 17:30:53.098, 3, 0, 10088
2026/05/24 17:31:08.197, 0, 9, 10490
2026/05/24 17:31:08.199, 1, 0, 10088
2026/05/24 17:31:08.201, 2, 0, 10088
2026/05/24 17:31:08.202, 3, 0, 10088
2026/05/24 17:31:23.343, 0, 7, 10490
2026/05/24 17:31:23.345, 1, 0, 10088
2026/05/24 17:31:23.347, 2, 0, 10088
2026/05/24 17:31:23.348, 3, 0, 10088
2026/05/24 17:31:38.489, 0, 5, 10490
2026/05/24 17:31:38.491, 1, 0, 10088
2026/05/24 17:31:38.492, 2, 0, 10088
2026/05/24 17:31:38.494, 3, 0, 10088
2026/05/24 17:31:53.802, 0, 0, 10490
2026/05/24 17:31:53.804, 1, 0, 10088
2026/05/24 17:31:53.805, 2, 26, 10088
2026/05/24 17:31:53.806, 3, 100, 10088
2026/05/24 17:32:09.076, 0, 100, 10490
2026/05/24 17:32:09.080, 1, 100, 10088
2026/05/24 17:32:09.083, 2, 71, 10088
2026/05/24 17:32:09.086, 3, 0, 10088
2026/05/24 17:32:24.171, 0, 100, 10490
2026/05/24 17:32:24.173, 1, 100, 10088
2026/05/24 17:32:24.174, 2, 100, 10088
2026/05/24 17:32:24.175, 3, 100, 10088
2026/05/24 17:32:39.293, 0, 100, 10490
2026/05/24 17:32:39.295, 1, 100, 10088
2026/05/24 17:32:39.297, 2, 100, 10088
2026/05/24 17:32:39.298, 3, 0, 10088
2026/05/24 17:32:54.389, 0, 4, 10490
2026/05/24 17:32:54.391, 1, 0, 10088
2026/05/24 17:32:54.392, 2, 0, 10088
2026/05/24 17:32:54.393, 3, 0, 10088
2026/05/24 17:33:09.562, 0, 4, 10490
2026/05/24 17:33:09.564, 1, 0, 10088
2026/05/24 17:33:09.565, 2, 0, 10088
2026/05/24 17:33:09.567, 3, 0, 10088
2026/05/24 17:33:24.653, 0, 3, 10490
2026/05/24 17:33:24.655, 1, 0, 10088
2026/05/24 17:33:24.656, 2, 0, 10088
2026/05/24 17:33:24.658, 3, 0, 10088
2026/05/24 17:33:39.763, 0, 2, 10490
2026/05/24 17:33:39.768, 1, 0, 10088
2026/05/24 17:33:39.771, 2, 0, 10088
2026/05/24 17:33:39.774, 3, 0, 10088
2026/05/24 17:33:54.897, 0, 9, 10490
2026/05/24 17:33:54.900, 1, 0, 10088
2026/05/24 17:33:54.901, 2, 0, 10088
2026/05/24 17:33:54.902, 3, 0, 10088
2026/05/24 17:34:10.002, 0, 14, 10490
2026/05/24 17:34:10.004, 1, 0, 10088
2026/05/24 17:34:10.006, 2, 0, 10088
2026/05/24 17:34:10.007, 3, 0, 10088
2026/05/24 17:34:25.137, 0, 100, 10490
2026/05/24 17:34:25.140, 1, 100, 10088
2026/05/24 17:34:25.143, 2, 0, 10088
2026/05/24 17:34:25.146, 3, 94, 10088
2026/05/24 17:34:40.311, 0, 3, 10490
2026/05/24 17:34:40.313, 1, 0, 10088
2026/05/24 17:34:40.314, 2, 0, 10088
2026/05/24 17:34:40.315, 3, 0, 10088
2026/05/24 17:34:55.507, 0, 100, 10490
2026/05/24 17:34:55.509, 1, 0, 10088
2026/05/24 17:34:55.509, 2, 0, 10088
2026/05/24 17:34:55.510, 3, 100, 10088
2026/05/24 17:35:10.669, 0, 9, 10490
2026/05/24 17:35:10.671, 1, 0, 10088
2026/05/24 17:35:10.673, 2, 0, 10088
2026/05/24 17:35:10.674, 3, 0, 10088
2026/05/24 17:35:25.778, 0, 13, 10490
2026/05/24 17:35:25.780, 1, 0, 10088
2026/05/24 17:35:25.781, 2, 0, 10088
2026/05/24 17:35:25.783, 3, 0, 10088
2026/05/24 17:35:40.899, 0, 74, 10490
2026/05/24 17:35:40.903, 1, 100, 10088
2026/05/24 17:35:40.907, 2, 100, 10088
2026/05/24 17:35:40.910, 3, 0, 10088
2026/05/24 17:35:56.101, 0, 100, 10490
2026/05/24 17:35:56.103, 1, 96, 10088
2026/05/24 17:35:56.105, 2, 88, 10088
2026/05/24 17:35:56.108, 3, 0, 10088
2026/05/24 17:36:11.425, 0, 100, 10490
2026/05/24 17:36:11.427, 1, 100, 10088
2026/05/24 17:36:11.429, 2, 0, 10088
2026/05/24 17:36:11.430, 3, 100, 10088
2026/05/24 17:36:26.624, 0, 0, 10490
2026/05/24 17:36:26.626, 1, 0, 10088
2026/05/24 17:36:26.627, 2, 0, 10088
2026/05/24 17:36:26.628, 3, 0, 10088
2026/05/24 17:36:41.726, 0, 14, 10490
2026/05/24 17:36:41.728, 1, 0, 10088
2026/05/24 17:36:41.730, 2, 0, 10088
2026/05/24 17:36:41.731, 3, 0, 10088
2026/05/24 17:36:56.833, 0, 100, 10490
2026/05/24 17:36:56.835, 1, 100, 10088
2026/05/24 17:36:56.837, 2, 100, 10088
2026/05/24 17:36:56.838, 3, 100, 10088
2026/05/24 17:37:11.921, 0, 8, 10490
2026/05/24 17:37:11.923, 1, 0, 10088
2026/05/24 17:37:11.924, 2, 0, 10088
2026/05/24 17:37:11.926, 3, 0, 10088
2026/05/24 17:37:27.526, 0, 100, 10490
2026/05/24 17:37:27.528, 1, 0, 10088
2026/05/24 17:37:27.529, 2, 0, 10088
2026/05/24 17:37:27.530, 3, 0, 10088
2026/05/24 17:37:42.622, 0, 100, 10490
2026/05/24 17:37:42.626, 1, 100, 10088
2026/05/24 17:37:42.629, 2, 100, 10088
2026/05/24 17:37:42.632, 3, 99, 10088
2026/05/24 17:37:57.958, 0, 4, 10490
2026/05/24 17:37:57.960, 1, 95, 10088
2026/05/24 17:37:57.961, 2, 100, 10088
2026/05/24 17:37:57.962, 3, 100, 10088
2026/05/24 17:38:13.046, 0, 14, 10490
2026/05/24 17:38:13.048, 1, 0, 10088
2026/05/24 17:38:13.049, 2, 0, 10088
2026/05/24 17:38:13.051, 3, 0, 10088
2026/05/24 17:38:28.181, 0, 100, 10490
2026/05/24 17:38:28.184, 1, 100, 10088
2026/05/24 17:38:28.185, 2, 0, 10088
2026/05/24 17:38:28.186, 3, 0, 10088
2026/05/24 17:38:43.277, 0, 100, 10490
2026/05/24 17:38:43.281, 1, 78, 10088
2026/05/24 17:38:43.284, 2, 0, 10088
2026/05/24 17:38:43.288, 3, 0, 10088
2026/05/24 17:38:58.461, 0, 8, 10490
2026/05/24 17:38:58.463, 1, 0, 10088
2026/05/24 17:38:58.464, 2, 0, 10088
2026/05/24 17:38:58.465, 3, 0, 10088
2026/05/24 17:39:13.597, 0, 10, 10490
2026/05/24 17:39:13.602, 1, 100, 10088
2026/05/24 17:39:13.606, 2, 100, 10088
2026/05/24 17:39:13.608, 3, 100, 10088
2026/05/24 17:39:28.714, 0, 12, 10490
2026/05/24 17:39:28.716, 1, 0, 10088
2026/05/24 17:39:28.717, 2, 0, 10088
2026/05/24 17:39:28.719, 3, 0, 10088
2026/05/24 17:39:43.940, 0, 4, 10490
2026/05/24 17:39:43.942, 1, 0, 10088
2026/05/24 17:39:43.944, 2, 0, 10088
2026/05/24 17:39:43.945, 3, 0, 10088
2026/05/24 17:39:59.186, 0, 9, 10490
2026/05/24 17:39:59.188, 1, 0, 10088
2026/05/24 17:39:59.189, 2, 0, 10088
2026/05/24 17:39:59.190, 3, 0, 10088
2026/05/24 17:40:14.273, 0, 9, 10490
2026/05/24 17:40:14.275, 1, 0, 10088
2026/05/24 17:40:14.276, 2, 0, 10088
2026/05/24 17:40:14.278, 3, 0, 10088
2026/05/24 17:40:29.400, 0, 70, 10490
2026/05/24 17:40:29.404, 1, 0, 10088
2026/05/24 17:40:29.407, 2, 100, 10088
2026/05/24 17:40:29.411, 3, 100, 10088
2026/05/24 17:40:44.586, 0, 13, 10490
2026/05/24 17:40:44.588, 1, 0, 10088
2026/05/24 17:40:44.589, 2, 0, 10088
2026/05/24 17:40:44.591, 3, 0, 10088
2026/05/24 17:40:59.710, 0, 100, 10490
2026/05/24 17:40:59.711, 1, 100, 10088
2026/05/24 17:40:59.713, 2, 100, 10088
2026/05/24 17:40:59.714, 3, 100, 10088
2026/05/24 17:41:14.839, 0, 100, 10490
2026/05/24 17:41:14.907, 1, 100, 10088
2026/05/24 17:41:14.910, 2, 100, 10088
2026/05/24 17:41:14.913, 3, 0, 10088
2026/05/24 17:41:30.085, 0, 7, 10490
2026/05/24 17:41:30.087, 1, 0, 10088
2026/05/24 17:41:30.088, 2, 0, 10088
2026/05/24 17:41:30.090, 3, 100, 10088
2026/05/24 17:41:45.235, 0, 0, 10490
2026/05/24 17:41:45.237, 1, 0, 10088
2026/05/24 17:41:45.238, 2, 0, 10088
2026/05/24 17:41:45.239, 3, 0, 10088
2026/05/24 17:42:00.322, 0, 100, 10490
2026/05/24 17:42:00.325, 1, 100, 10088
2026/05/24 17:42:00.329, 2, 100, 10088
2026/05/24 17:42:00.332, 3, 100, 10088
2026/05/24 17:42:15.429, 0, 13, 10490
2026/05/24 17:42:15.431, 1, 0, 10088
2026/05/24 17:42:15.433, 2, 0, 10088
2026/05/24 17:42:15.434, 3, 0, 10088
2026/05/24 17:42:30.517, 0, 9, 10490
2026/05/24 17:42:30.519, 1, 0, 10088
2026/05/24 17:42:30.521, 2, 0, 10088
2026/05/24 17:42:30.522, 3, 0, 10088
2026/05/24 17:42:45.605, 0, 3, 10490
2026/05/24 17:42:45.607, 1, 0, 10088
2026/05/24 17:42:45.609, 2, 0, 10088
2026/05/24 17:42:45.610, 3, 0, 10088
2026/05/24 17:43:00.962, 0, 2, 10490
2026/05/24 17:43:00.963, 1, 78, 10088
2026/05/24 17:43:00.964, 2, 100, 10088
2026/05/24 17:43:00.965, 3, 100, 10088
2026/05/24 17:43:16.075, 0, 100, 10490
2026/05/24 17:43:16.079, 1, 100, 10088
2026/05/24 17:43:16.083, 2, 100, 10088
2026/05/24 17:43:16.086, 3, 0, 10088
2026/05/24 17:43:31.198, 0, 14, 10490
2026/05/24 17:43:31.200, 1, 0, 10088
2026/05/24 17:43:31.202, 2, 0, 10088
2026/05/24 17:43:31.203, 3, 0, 10088
2026/05/24 17:43:46.358, 0, 6, 10490
2026/05/24 17:43:46.360, 1, 0, 10088
2026/05/24 17:43:46.361, 2, 0, 10088
2026/05/24 17:43:46.362, 3, 0, 10088
2026/05/24 17:44:01.466, 0, 6, 10490
2026/05/24 17:44:01.468, 1, 0, 10088
2026/05/24 17:44:01.469, 2, 0, 10088
2026/05/24 17:44:01.470, 3, 0, 10088
2026/05/24 17:44:16.567, 0, 64, 10490
2026/05/24 17:44:16.571, 1, 100, 10088
2026/05/24 17:44:16.573, 2, 100, 10088
2026/05/24 17:44:16.575, 3, 100, 10088
2026/05/24 17:44:31.681, 0, 100, 10490
2026/05/24 17:44:31.685, 1, 65, 10088
2026/05/24 17:44:31.689, 2, 0, 10088
2026/05/24 17:44:31.693, 3, 0, 10088
2026/05/24 17:44:46.785, 0, 9, 10490
2026/05/24 17:44:46.787, 1, 0, 10088
2026/05/24 17:44:46.789, 2, 0, 10088
2026/05/24 17:44:46.790, 3, 0, 10088
2026/05/24 17:45:01.926, 0, 7, 10490
2026/05/24 17:45:01.928, 1, 0, 10088
2026/05/24 17:45:01.929, 2, 0, 10088
2026/05/24 17:45:01.930, 3, 0, 10088
2026/05/24 17:45:17.013, 0, 100, 10490
2026/05/24 17:45:17.015, 1, 100, 10088
2026/05/24 17:45:17.017, 2, 100, 10088
2026/05/24 17:45:17.018, 3, 100, 10088
2026/05/24 17:45:32.115, 0, 65, 10490
2026/05/24 17:45:32.119, 1, 100, 10088
2026/05/24 17:45:32.122, 2, 0, 10088
2026/05/24 17:45:32.125, 3, 0, 10088
2026/05/24 17:45:47.247, 0, 7, 10490
2026/05/24 17:45:47.251, 1, 0, 10088
2026/05/24 17:45:47.255, 2, 0, 10088
2026/05/24 17:45:47.259, 3, 100, 10088
2026/05/24 17:46:02.365, 0, 7, 10490
2026/05/24 17:46:02.367, 1, 0, 10088
2026/05/24 17:46:02.368, 2, 0, 10088
2026/05/24 17:46:02.370, 3, 0, 10088
2026/05/24 17:46:17.730, 0, 3, 10490
2026/05/24 17:46:17.732, 1, 0, 10088
2026/05/24 17:46:17.886, 2, 0, 10088
2026/05/24 17:46:17.887, 3, 0, 10088
2026/05/24 17:46:33.005, 0, 100, 10490
2026/05/24 17:46:33.008, 1, 100, 10088
2026/05/24 17:46:33.011, 2, 100, 10088
2026/05/24 17:46:33.014, 3, 73, 10088
2026/05/24 17:46:48.119, 0, 10, 10490
2026/05/24 17:46:48.123, 1, 0, 10088
2026/05/24 17:46:48.126, 2, 0, 10088
2026/05/24 17:46:48.129, 3, 0, 10088
2026/05/24 17:47:03.225, 0, 9, 10490
2026/05/24 17:47:03.227, 1, 0, 10088
2026/05/24 17:47:03.229, 2, 0, 10088
2026/05/24 17:47:03.230, 3, 0, 10088
2026/05/24 17:47:18.313, 0, 3, 10490
2026/05/24 17:47:18.315, 1, 0, 10088
2026/05/24 17:47:18.316, 2, 0, 10088
2026/05/24 17:47:18.318, 3, 0, 10088
2026/05/24 17:47:33.409, 0, 100, 10490
2026/05/24 17:47:33.413, 1, 100, 10088
2026/05/24 17:47:33.415, 2, 100, 10088
2026/05/24 17:47:33.416, 3, 100, 10088
2026/05/24 17:47:48.554, 0, 13, 10490
2026/05/24 17:47:48.556, 1, 0, 10088
2026/05/24 17:47:48.557, 2, 0, 10088
2026/05/24 17:47:48.559, 3, 0, 10088
2026/05/24 17:48:03.666, 0, 0, 10490
2026/05/24 17:48:03.668, 1, 0, 10088
2026/05/24 17:48:03.669, 2, 0, 10088
2026/05/24 17:48:03.670, 3, 0, 10088
2026/05/24 17:48:18.786, 0, 0, 10490
2026/05/24 17:48:18.790, 1, 71, 10088
2026/05/24 17:48:18.793, 2, 85, 10088
2026/05/24 17:48:18.796, 3, 0, 10088
2026/05/24 17:48:33.893, 0, 9, 10490
2026/05/24 17:48:33.895, 1, 0, 10088
2026/05/24 17:48:33.897, 2, 0, 10088
2026/05/24 17:48:33.898, 3, 0, 10088
2026/05/24 17:48:49.027, 0, 100, 10490
2026/05/24 17:48:49.029, 1, 100, 10088
2026/05/24 17:48:49.030, 2, 100, 10088
2026/05/24 17:48:49.032, 3, 0, 10088
2026/05/24 17:49:04.134, 0, 13, 10490
2026/05/24 17:49:04.136, 1, 0, 10088
2026/05/24 17:49:04.137, 2, 0, 10088
2026/05/24 17:49:04.138, 3, 0, 10088
2026/05/24 17:49:19.277, 0, 8, 10490
2026/05/24 17:49:19.280, 1, 0, 10088
2026/05/24 17:49:19.281, 2, 0, 10088
2026/05/24 17:49:19.282, 3, 0, 10088
2026/05/24 17:49:34.373, 0, 100, 10490
2026/05/24 17:49:34.377, 1, 100, 10088
2026/05/24 17:49:34.381, 2, 100, 10088
2026/05/24 17:49:34.384, 3, 100, 10088
2026/05/24 17:49:49.477, 0, 100, 10490
2026/05/24 17:49:49.479, 1, 100, 10088
2026/05/24 17:49:49.480, 2, 100, 10088
2026/05/24 17:49:49.482, 3, 0, 10088
2026/05/24 17:50:04.565, 0, 100, 10490
2026/05/24 17:50:04.567, 1, 100, 10088
2026/05/24 17:50:04.569, 2, 0, 10088
2026/05/24 17:50:04.570, 3, 0, 10088
2026/05/24 17:50:19.897, 0, 5, 10490
2026/05/24 17:50:19.900, 1, 0, 10088
2026/05/24 17:50:19.901, 2, 0, 10088
2026/05/24 17:50:19.903, 3, 0, 10088
2026/05/24 17:50:35.004, 0, 100, 10490
2026/05/24 17:50:35.007, 1, 100, 10088
2026/05/24 17:50:35.010, 2, 100, 10088
2026/05/24 17:50:35.014, 3, 0, 10088
2026/05/24 17:50:50.129, 0, 100, 10490
2026/05/24 17:50:50.131, 1, 0, 10088
2026/05/24 17:50:50.133, 2, 0, 10088
2026/05/24 17:50:50.134, 3, 0, 10088
2026/05/24 17:51:05.217, 0, 8, 10490
2026/05/24 17:51:05.219, 1, 0, 10088
2026/05/24 17:51:05.221, 2, 0, 10088
2026/05/24 17:51:05.222, 3, 0, 10088
2026/05/24 17:51:20.414, 0, 3, 10490
2026/05/24 17:51:20.416, 1, 0, 10088
2026/05/24 17:51:20.417, 2, 0, 10088
2026/05/24 17:51:20.418, 3, 0, 10088
2026/05/24 17:51:35.698, 0, 5, 10490
2026/05/24 17:51:35.701, 1, 100, 10088
2026/05/24 17:51:35.704, 2, 100, 10088
2026/05/24 17:51:35.707, 3, 100, 10088
2026/05/24 17:51:50.806, 0, 9, 10490
2026/05/24 17:51:50.808, 1, 0, 10088
2026/05/24 17:51:50.809, 2, 0, 10088
2026/05/24 17:51:50.810, 3, 0, 10088
2026/05/24 17:52:05.893, 0, 4, 10490
2026/05/24 17:52:05.895, 1, 0, 10088
2026/05/24 17:52:05.897, 2, 0, 10088
2026/05/24 17:52:05.898, 3, 0, 10088
2026/05/24 17:52:21.041, 0, 7, 10490
2026/05/24 17:52:21.043, 1, 0, 10088
2026/05/24 17:52:21.045, 2, 0, 10088
2026/05/24 17:52:21.046, 3, 0, 10088
2026/05/24 17:52:36.129, 0, 8, 10490
2026/05/24 17:52:36.131, 1, 0, 10088
2026/05/24 17:52:36.133, 2, 0, 10088
2026/05/24 17:52:36.134, 3, 0, 10088
2026/05/24 17:52:51.217, 0, 100, 10490
2026/05/24 17:52:51.219, 1, 100, 10088
2026/05/24 17:52:51.220, 2, 100, 10088
2026/05/24 17:52:51.222, 3, 100, 10088
2026/05/24 17:53:06.402, 0, 0, 10490
2026/05/24 17:53:06.404, 1, 0, 10088
2026/05/24 17:53:06.406, 2, 0, 10088
2026/05/24 17:53:06.407, 3, 0, 10088
2026/05/24 17:53:22.042, 0, 100, 10490
2026/05/24 17:53:22.045, 1, 100, 10088
2026/05/24 17:53:22.048, 2, 100, 10088
2026/05/24 17:53:22.050, 3, 92, 10088
2026/05/24 17:53:37.245, 0, 100, 10490
2026/05/24 17:53:37.247, 1, 100, 10088
2026/05/24 17:53:37.249, 2, 100, 10088
2026/05/24 17:53:37.250, 3, 100, 10088
2026/05/24 17:53:52.458, 0, 100, 10490
2026/05/24 17:53:52.460, 1, 100, 10088
2026/05/24 17:53:52.461, 2, 100, 10088
2026/05/24 17:53:52.462, 3, 0, 10088
2026/05/24 17:54:07.573, 0, 9, 10490
2026/05/24 17:54:07.575, 1, 0, 10088
2026/05/24 17:54:07.576, 2, 0, 10088
2026/05/24 17:54:07.577, 3, 0, 10088
2026/05/24 17:54:22.704, 0, 100, 10490
2026/05/24 17:54:22.708, 1, 100, 10088
2026/05/24 17:54:22.711, 2, 100, 10088
2026/05/24 17:54:22.715, 3, 100, 10088
2026/05/24 17:54:38.231, 0, 11, 10490
2026/05/24 17:54:38.233, 1, 0, 10088
2026/05/24 17:54:38.234, 2, 0, 10088
2026/05/24 17:54:38.236, 3, 0, 10088
2026/05/24 17:54:53.414, 0, 100, 10490
2026/05/24 17:54:53.489, 1, 100, 10088
2026/05/24 17:54:53.493, 2, 100, 10088
2026/05/24 17:54:53.496, 3, 70, 10088
2026/05/24 17:55:08.645, 0, 9, 10490
2026/05/24 17:55:08.649, 1, 100, 10088
2026/05/24 17:55:08.652, 2, 100, 10088
2026/05/24 17:55:08.655, 3, 0, 10088
2026/05/24 17:55:23.768, 0, 100, 10490
2026/05/24 17:55:23.772, 1, 100, 10088
2026/05/24 17:55:23.774, 2, 100, 10088
2026/05/24 17:55:23.777, 3, 85, 10088
2026/05/24 17:55:39.141, 0, 6, 10490
2026/05/24 17:55:39.143, 1, 0, 10088
2026/05/24 17:55:39.144, 2, 0, 10088
2026/05/24 17:55:39.146, 3, 0, 10088
2026/05/24 17:55:54.322, 0, 9, 10490
2026/05/24 17:55:54.325, 1, 0, 10088
2026/05/24 17:55:54.326, 2, 0, 10088
2026/05/24 17:55:54.327, 3, 0, 10088
2026/05/24 17:56:09.433, 0, 6, 10490
2026/05/24 17:56:09.435, 1, 0, 10088
2026/05/24 17:56:09.436, 2, 0, 10088
2026/05/24 17:56:09.438, 3, 0, 10088
2026/05/24 17:56:24.569, 0, 10, 10490
2026/05/24 17:56:24.571, 1, 0, 10088
2026/05/24 17:56:24.573, 2, 0, 10088
2026/05/24 17:56:24.574, 3, 0, 10088
2026/05/24 17:56:39.718, 0, 100, 10490
2026/05/24 17:56:39.720, 1, 0, 10088
2026/05/24 17:56:39.721, 2, 0, 10088
2026/05/24 17:56:39.722, 3, 0, 10088
2026/05/24 17:56:54.874, 0, 100, 10490
2026/05/24 17:56:54.878, 1, 100, 10088
2026/05/24 17:56:54.881, 2, 100, 10088
2026/05/24 17:56:54.884, 3, 100, 10088
2026/05/24 17:57:09.987, 0, 100, 10490
2026/05/24 17:57:09.991, 1, 100, 10088
2026/05/24 17:57:09.994, 2, 100, 10088
2026/05/24 17:57:09.997, 3, 0, 10088
2026/05/24 17:57:25.093, 0, 14, 10490
2026/05/24 17:57:25.095, 1, 0, 10088
2026/05/24 17:57:25.097, 2, 0, 10088
2026/05/24 17:57:25.098, 3, 0, 10088
2026/05/24 17:57:40.269, 0, 1, 10490
2026/05/24 17:57:40.272, 1, 0, 10088
2026/05/24 17:57:40.273, 2, 0, 10088
2026/05/24 17:57:40.394, 3, 0, 10088
2026/05/24 17:57:55.474, 0, 9, 10490
2026/05/24 17:57:55.476, 1, 0, 10088
2026/05/24 17:57:55.477, 2, 0, 10088
2026/05/24 17:57:55.478, 3, 0, 10088
2026/05/24 17:58:10.561, 0, 9, 10490
2026/05/24 17:58:10.563, 1, 0, 10088
2026/05/24 17:58:10.564, 2, 0, 10088
2026/05/24 17:58:10.566, 3, 0, 10088
2026/05/24 17:58:25.723, 0, 100, 10490
2026/05/24 17:58:25.727, 1, 100, 10088
2026/05/24 17:58:25.730, 2, 100, 10088
2026/05/24 17:58:25.734, 3, 100, 10088
2026/05/24 17:58:40.844, 0, 10, 10490
2026/05/24 17:58:40.846, 1, 0, 10088
2026/05/24 17:58:40.847, 2, 0, 10088
2026/05/24 17:58:40.848, 3, 0, 10088
2026/05/24 17:58:55.929, 0, 9, 10490
2026/05/24 17:58:55.931, 1, 0, 10088
2026/05/24 17:58:55.933, 2, 0, 10088
2026/05/24 17:58:55.934, 3, 0, 10088
2026/05/24 17:59:11.063, 0, 100, 10490
2026/05/24 17:59:11.067, 1, 100, 10088
2026/05/24 17:59:11.070, 2, 100, 10088
2026/05/24 17:59:11.074, 3, 95, 10088
2026/05/24 17:59:26.201, 0, 100, 10490
2026/05/24 17:59:26.203, 1, 100, 10088
2026/05/24 17:59:26.205, 2, 100, 10088
2026/05/24 17:59:26.206, 3, 72, 10088
2026/05/24 17:59:41.289, 0, 40, 10490
2026/05/24 17:59:41.291, 1, 100, 10088
2026/05/24 17:59:41.293, 2, 100, 10088
2026/05/24 17:59:41.294, 3, 100, 10088
2026/05/24 17:59:56.381, 0, 9, 10490
2026/05/24 17:59:56.383, 1, 0, 10088
2026/05/24 17:59:56.384, 2, 0, 10088
2026/05/24 17:59:56.386, 3, 0, 10088
2026/05/24 18:00:11.486, 0, 19, 10490
2026/05/24 18:00:11.488, 1, 0, 10088
2026/05/24 18:00:11.489, 2, 0, 10088
2026/05/24 18:00:11.491, 3, 0, 10088
2026/05/24 18:00:26.686, 0, 82, 10490
2026/05/24 18:00:26.688, 1, 0, 10088
2026/05/24 18:00:26.689, 2, 0, 10088
2026/05/24 18:00:26.689, 3, 0, 10088
2026/05/24 18:00:41.825, 0, 3, 10490
2026/05/24 18:00:41.827, 1, 0, 10088
2026/05/24 18:00:41.828, 2, 0, 10088
2026/05/24 18:00:41.830, 3, 0, 10088
2026/05/24 18:00:56.913, 0, 9, 10490
2026/05/24 18:00:56.915, 1, 0, 10088
2026/05/24 18:00:56.917, 2, 0, 10088
2026/05/24 18:00:56.918, 3, 0, 10088
2026/05/24 18:01:12.018, 0, 100, 10490
2026/05/24 18:01:12.021, 1, 100, 10088
2026/05/24 18:01:12.023, 2, 100, 10088
2026/05/24 18:01:12.024, 3, 100, 10088
2026/05/24 18:01:27.123, 0, 13, 10490
2026/05/24 18:01:27.125, 1, 0, 10088
2026/05/24 18:01:27.126, 2, 0, 10088
2026/05/24 18:01:27.128, 3, 0, 10088
2026/05/24 18:01:42.269, 0, 9, 10490
2026/05/24 18:01:42.271, 1, 0, 10088
2026/05/24 18:01:42.273, 2, 0, 10088
2026/05/24 18:01:42.274, 3, 0, 10088
2026/05/24 18:01:57.387, 0, 0, 10490
2026/05/24 18:01:57.389, 1, 0, 10088
2026/05/24 18:01:57.392, 2, 0, 10088
2026/05/24 18:01:57.394, 3, 100, 10088
2026/05/24 18:02:12.517, 0, 9, 10490
2026/05/24 18:02:12.519, 1, 0, 10088
2026/05/24 18:02:12.520, 2, 0, 10088
2026/05/24 18:02:12.522, 3, 0, 10088
2026/05/24 18:02:27.605, 0, 8, 10490
2026/05/24 18:02:27.607, 1, 0, 10088
2026/05/24 18:02:27.609, 2, 0, 10088
2026/05/24 18:02:27.610, 3, 0, 10088
2026/05/24 18:02:42.700, 0, 81, 10490
2026/05/24 18:02:42.702, 1, 100, 10088
2026/05/24 18:02:42.704, 2, 100, 10088
2026/05/24 18:02:42.705, 3, 100, 10088
2026/05/24 18:02:57.810, 0, 13, 10490
2026/05/24 18:02:57.812, 1, 0, 10088
2026/05/24 18:02:57.813, 2, 0, 10088
2026/05/24 18:02:57.815, 3, 0, 10088
2026/05/24 18:03:12.959, 0, 100, 10490
2026/05/24 18:03:12.962, 1, 100, 10088
2026/05/24 18:03:12.963, 2, 100, 10088
2026/05/24 18:03:12.966, 3, 100, 10088
2026/05/24 18:03:28.085, 0, 1, 10490
2026/05/24 18:03:28.087, 1, 0, 10088
2026/05/24 18:03:28.089, 2, 0, 10088
2026/05/24 18:03:28.090, 3, 10, 10088
2026/05/24 18:03:43.426, 0, 6, 10490
2026/05/24 18:03:43.428, 1, 0, 10088
2026/05/24 18:03:43.429, 2, 0, 10088
2026/05/24 18:03:43.430, 3, 0, 10088
2026/05/24 18:03:58.929, 0, 3, 10490
2026/05/24 18:03:58.931, 1, 0, 10088
2026/05/24 18:03:58.932, 2, 0, 10088
2026/05/24 18:03:58.934, 3, 100, 10088
2026/05/24 18:04:14.202, 0, 13, 10490
2026/05/24 18:04:14.205, 1, 0, 10088
2026/05/24 18:04:14.206, 2, 0, 10088
2026/05/24 18:04:14.207, 3, 0, 10088
2026/05/24 18:04:29.314, 0, 100, 10490
2026/05/24 18:04:29.319, 1, 100, 10088
2026/05/24 18:04:29.322, 2, 93, 10088
2026/05/24 18:04:29.325, 3, 100, 10088
2026/05/24 18:04:44.431, 0, 83, 10490
2026/05/24 18:04:44.435, 1, 0, 10088
2026/05/24 18:04:44.437, 2, 0, 10088
2026/05/24 18:04:44.438, 3, 0, 10088
2026/05/24 18:04:59.542, 0, 9, 10490
2026/05/24 18:04:59.546, 1, 0, 10088
2026/05/24 18:04:59.549, 2, 0, 10088
2026/05/24 18:04:59.552, 3, 82, 10088
2026/05/24 18:05:14.780, 0, 0, 10490
2026/05/24 18:05:14.782, 1, 0, 10088
2026/05/24 18:05:14.783, 2, 0, 10088
2026/05/24 18:05:14.785, 3, 0, 10088
2026/05/24 18:05:29.995, 0, 4, 10490
2026/05/24 18:05:29.997, 1, 0, 10088
2026/05/24 18:05:29.998, 2, 0, 10088
2026/05/24 18:05:29.999, 3, 0, 10088
2026/05/24 18:05:45.081, 0, 4, 10490
2026/05/24 18:05:45.083, 1, 0, 10088
2026/05/24 18:05:45.085, 2, 0, 10088
2026/05/24 18:05:45.086, 3, 0, 10088
2026/05/24 18:06:00.185, 0, 100, 10490
2026/05/24 18:06:00.190, 1, 100, 10088
2026/05/24 18:06:00.194, 2, 46, 10088
2026/05/24 18:06:00.197, 3, 0, 10088
2026/05/24 18:06:15.289, 0, 9, 10490
2026/05/24 18:06:15.291, 1, 0, 10088
2026/05/24 18:06:15.292, 2, 0, 10088
2026/05/24 18:06:15.294, 3, 0, 10088
2026/05/24 18:06:30.377, 0, 100, 10490
2026/05/24 18:06:30.379, 1, 100, 10088
2026/05/24 18:06:30.380, 2, 100, 10088
2026/05/24 18:06:30.382, 3, 0, 10088
2026/05/24 18:06:45.597, 0, 50, 10490
2026/05/24 18:06:45.759, 1, 5, 10088
2026/05/24 18:06:45.761, 2, 100, 10088
2026/05/24 18:06:45.762, 3, 100, 10088
2026/05/24 18:07:00.894, 0, 1, 10490
2026/05/24 18:07:00.896, 1, 0, 10088
2026/05/24 18:07:00.898, 2, 0, 10088
2026/05/24 18:07:00.899, 3, 0, 10088
2026/05/24 18:07:16.159, 0, 100, 10490
2026/05/24 18:07:16.162, 1, 100, 10088
2026/05/24 18:07:16.165, 2, 60, 10088
2026/05/24 18:07:16.168, 3, 100, 10088
2026/05/24 18:07:31.265, 0, 9, 10490
2026/05/24 18:07:31.267, 1, 0, 10088
2026/05/24 18:07:31.268, 2, 0, 10088
2026/05/24 18:07:31.270, 3, 0, 10088
2026/05/24 18:07:46.354, 0, 8, 10490
2026/05/24 18:07:46.356, 1, 0, 10088
2026/05/24 18:07:46.357, 2, 0, 10088
2026/05/24 18:07:46.358, 3, 0, 10088
2026/05/24 18:08:01.533, 0, 100, 10490
2026/05/24 18:08:01.537, 1, 100, 10088
2026/05/24 18:08:01.540, 2, 100, 10088
2026/05/24 18:08:01.543, 3, 100, 10088
2026/05/24 18:08:16.711, 0, 5, 10490
2026/05/24 18:08:16.713, 1, 0, 10088
2026/05/24 18:08:16.715, 2, 0, 10088
2026/05/24 18:08:16.716, 3, 0, 10088
2026/05/24 18:08:31.992, 0, 100, 10490
2026/05/24 18:08:32.044, 1, 36, 10088
2026/05/24 18:08:32.047, 2, 18, 10088
2026/05/24 18:08:32.050, 3, 7, 10088
2026/05/24 18:08:47.217, 0, 7, 10490
2026/05/24 18:08:47.219, 1, 0, 10088
2026/05/24 18:08:47.220, 2, 0, 10088
2026/05/24 18:08:47.222, 3, 0, 10088
2026/05/24 18:09:02.349, 0, 100, 10490
2026/05/24 18:09:02.359, 1, 100, 10088
2026/05/24 18:09:02.361, 2, 100, 10088
2026/05/24 18:09:02.363, 3, 3, 10088
2026/05/24 18:09:17.494, 0, 100, 10490
2026/05/24 18:09:17.498, 1, 100, 10088
2026/05/24 18:09:17.500, 2, 100, 10088
2026/05/24 18:09:17.504, 3, 98, 10088
2026/05/24 18:09:32.611, 0, 5, 10490
2026/05/24 18:09:32.615, 1, 0, 10088
2026/05/24 18:09:32.619, 2, 0, 10088
2026/05/24 18:09:32.622, 3, 100, 10088
2026/05/24 18:09:47.730, 0, 13, 10490
2026/05/24 18:09:47.732, 1, 0, 10088
2026/05/24 18:09:47.734, 2, 0, 10088
2026/05/24 18:09:47.735, 3, 0, 10088
2026/05/24 18:10:02.821, 0, 5, 10490
2026/05/24 18:10:02.823, 1, 0, 10088
2026/05/24 18:10:02.825, 2, 0, 10088
2026/05/24 18:10:02.826, 3, 0, 10088
2026/05/24 18:10:18.317, 0, 100, 10490
2026/05/24 18:10:18.320, 1, 100, 10088
2026/05/24 18:10:18.322, 2, 100, 10088
2026/05/24 18:10:18.324, 3, 27, 10088
2026/05/24 18:10:33.461, 0, 8, 10490
2026/05/24 18:10:33.463, 1, 0, 10088
2026/05/24 18:10:33.465, 2, 0, 10088
2026/05/24 18:10:33.466, 3, 0, 10088
2026/05/24 18:10:48.570, 0, 100, 10490
2026/05/24 18:10:48.572, 1, 100, 10088
2026/05/24 18:10:48.573, 2, 100, 10088
2026/05/24 18:10:48.574, 3, 0, 10088
2026/05/24 18:11:03.658, 0, 6, 10490
2026/05/24 18:11:03.660, 1, 0, 10088
2026/05/24 18:11:03.661, 2, 0, 10088
2026/05/24 18:11:03.663, 3, 0, 10088
2026/05/24 18:11:18.746, 0, 9, 10490
2026/05/24 18:11:18.748, 1, 0, 10088
2026/05/24 18:11:18.749, 2, 0, 10088
2026/05/24 18:11:18.751, 3, 0, 10088
2026/05/24 18:11:33.938, 0, 3, 10490
2026/05/24 18:11:33.941, 1, 100, 10088
2026/05/24 18:11:33.944, 2, 100, 10088
2026/05/24 18:11:33.947, 3, 100, 10088
2026/05/24 18:11:49.230, 0, 4, 10490
2026/05/24 18:11:49.231, 1, 0, 10088
2026/05/24 18:11:49.232, 2, 0, 10088
2026/05/24 18:11:49.233, 3, 0, 10088
2026/05/24 18:12:04.498, 0, 100, 10490
2026/05/24 18:12:04.501, 1, 100, 10088
2026/05/24 18:12:04.503, 2, 100, 10088
2026/05/24 18:12:04.506, 3, 100, 10088
2026/05/24 18:12:19.601, 0, 100, 10490
2026/05/24 18:12:19.603, 1, 100, 10088
2026/05/24 18:12:19.604, 2, 100, 10088
2026/05/24 18:12:19.606, 3, 0, 10088
2026/05/24 18:12:34.706, 0, 13, 10490
2026/05/24 18:12:34.708, 1, 0, 10088
2026/05/24 18:12:34.709, 2, 0, 10088
2026/05/24 18:12:34.710, 3, 0, 10088
2026/05/24 18:12:49.793, 0, 100, 10490
2026/05/24 18:12:49.795, 1, 0, 10088
2026/05/24 18:12:49.797, 2, 0, 10088
2026/05/24 18:12:49.798, 3, 0, 10088
2026/05/24 18:13:04.927, 0, 100, 10490
2026/05/24 18:13:04.930, 1, 100, 10088
2026/05/24 18:13:04.933, 2, 100, 10088
2026/05/24 18:13:04.936, 3, 0, 10088
2026/05/24 18:13:20.255, 0, 65, 10490
2026/05/24 18:13:20.258, 1, 100, 10088
2026/05/24 18:13:20.261, 2, 100, 10088
2026/05/24 18:13:20.264, 3, 100, 10088
2026/05/24 18:13:35.447, 0, 100, 10490
2026/05/24 18:13:35.451, 1, 100, 10088
2026/05/24 18:13:35.454, 2, 0, 10088
2026/05/24 18:13:35.457, 3, 100, 10088
2026/05/24 18:13:50.685, 0, 9, 10490
2026/05/24 18:13:50.689, 1, 0, 10088
2026/05/24 18:13:50.692, 2, 0, 10088
2026/05/24 18:13:50.695, 3, 100, 10088
2026/05/24 18:14:05.793, 0, 13, 10490
2026/05/24 18:14:05.795, 1, 0, 10088
2026/05/24 18:14:05.797, 2, 0, 10088
2026/05/24 18:14:05.798, 3, 0, 10088
2026/05/24 18:14:20.937, 0, 100, 10490
2026/05/24 18:14:20.939, 1, 100, 10088
2026/05/24 18:14:20.941, 2, 100, 10088
2026/05/24 18:14:20.944, 3, 14, 10088
2026/05/24 18:14:36.232, 0, 9, 10490
2026/05/24 18:14:36.234, 1, 0, 10088
2026/05/24 18:14:36.235, 2, 0, 10088
2026/05/24 18:14:36.236, 3, 0, 10088
2026/05/24 18:14:51.322, 0, 3, 10490
2026/05/24 18:14:51.324, 1, 100, 10088
2026/05/24 18:14:51.325, 2, 100, 10088
2026/05/24 18:14:51.326, 3, 100, 10088
2026/05/24 18:15:06.475, 0, 3, 10490
2026/05/24 18:15:06.478, 1, 0, 10088
2026/05/24 18:15:06.480, 2, 0, 10088
2026/05/24 18:15:06.482, 3, 0, 10088
2026/05/24 18:15:21.594, 0, 4, 10490
2026/05/24 18:15:21.596, 1, 0, 10088
2026/05/24 18:15:21.598, 2, 0, 10088
2026/05/24 18:15:21.599, 3, 0, 10088
2026/05/24 18:15:37.103, 0, 100, 10490
2026/05/24 18:15:37.106, 1, 100, 10088
2026/05/24 18:15:37.109, 2, 100, 10088
2026/05/24 18:15:37.112, 3, 94, 10088
2026/05/24 18:15:52.246, 0, 100, 10490
2026/05/24 18:15:52.248, 1, 100, 10088
2026/05/24 18:15:52.249, 2, 100, 10088
2026/05/24 18:15:52.250, 3, 100, 10088
2026/05/24 18:16:07.333, 0, 8, 10490
2026/05/24 18:16:07.335, 1, 0, 10088
2026/05/24 18:16:07.337, 2, 0, 10088
2026/05/24 18:16:07.338, 3, 0, 10088
2026/05/24 18:16:22.449, 0, 100, 10490
2026/05/24 18:16:22.453, 1, 80, 10088
2026/05/24 18:16:22.456, 2, 0, 10088
2026/05/24 18:16:22.459, 3, 100, 10088
2026/05/24 18:16:37.650, 0, 7, 10490
2026/05/24 18:16:37.653, 1, 0, 10088
2026/05/24 18:16:37.654, 2, 0, 10088
2026/05/24 18:16:37.655, 3, 0, 10088
2026/05/24 18:16:52.737, 0, 9, 10490
2026/05/24 18:16:52.740, 1, 0, 10088
2026/05/24 18:16:52.741, 2, 0, 10088
2026/05/24 18:16:52.742, 3, 0, 10088
2026/05/24 18:17:07.825, 0, 100, 10490
2026/05/24 18:17:07.827, 1, 0, 10088
2026/05/24 18:17:07.829, 2, 0, 10088
2026/05/24 18:17:07.830, 3, 0, 10088
2026/05/24 18:17:22.913, 0, 100, 10490
2026/05/24 18:17:22.915, 1, 0, 10088
2026/05/24 18:17:22.917, 2, 65, 10088
2026/05/24 18:17:22.918, 3, 0, 10088
2026/05/24 18:17:38.048, 0, 100, 10490
2026/05/24 18:17:38.052, 1, 93, 10088
2026/05/24 18:17:38.054, 2, 0, 10088
2026/05/24 18:17:38.057, 3, 0, 10088
2026/05/24 18:17:53.170, 0, 17, 10490
2026/05/24 18:17:53.172, 1, 0, 10088
2026/05/24 18:17:53.174, 2, 0, 10088
2026/05/24 18:17:53.175, 3, 0, 10088
2026/05/24 18:18:08.246, 0, 6, 10490
2026/05/24 18:18:08.247, 1, 0, 10088
2026/05/24 18:18:08.248, 2, 0, 10088
2026/05/24 18:18:08.249, 3, 100, 10088
2026/05/24 18:18:23.397, 0, 100, 10490
2026/05/24 18:18:23.399, 1, 100, 10088
2026/05/24 18:18:23.401, 2, 100, 10088
2026/05/24 18:18:23.402, 3, 100, 10088
2026/05/24 18:18:38.710, 0, 100, 10490
2026/05/24 18:18:38.712, 1, 100, 10088
2026/05/24 18:18:38.713, 2, 100, 10088
2026/05/24 18:18:38.714, 3, 100, 10088
2026/05/24 18:18:53.822, 0, 100, 10490
2026/05/24 18:18:53.826, 1, 100, 10088
2026/05/24 18:18:53.829, 2, 100, 10088
2026/05/24 18:18:53.832, 3, 100, 10088
2026/05/24 18:19:08.929, 0, 100, 10490
2026/05/24 18:19:08.931, 1, 0, 10088
2026/05/24 18:19:08.933, 2, 0, 10088
2026/05/24 18:19:08.934, 3, 100, 10088
2026/05/24 18:19:24.034, 0, 11, 10490
2026/05/24 18:19:24.036, 1, 0, 10088
2026/05/24 18:19:24.037, 2, 0, 10088
2026/05/24 18:19:24.038, 3, 0, 10088
2026/05/24 18:19:39.183, 0, 100, 10490
2026/05/24 18:19:39.187, 1, 100, 10088
2026/05/24 18:19:39.190, 2, 100, 10088
2026/05/24 18:19:39.194, 3, 96, 10088
2026/05/24 18:19:54.400, 0, 9, 10490
2026/05/24 18:19:54.404, 1, 0, 10088
2026/05/24 18:19:54.407, 2, 0, 10088
2026/05/24 18:19:54.409, 3, 0, 10088
2026/05/24 18:20:09.544, 0, 100, 10490
2026/05/24 18:20:09.549, 1, 0, 10088
2026/05/24 18:20:09.552, 2, 0, 10088
2026/05/24 18:20:09.554, 3, 0, 10088
2026/05/24 18:20:24.725, 0, 49, 10490
2026/05/24 18:20:24.729, 1, 0, 10088
2026/05/24 18:20:24.732, 2, 0, 10088
2026/05/24 18:20:24.734, 3, 0, 10088
2026/05/24 18:20:39.989, 0, 2, 10490
2026/05/24 18:20:39.991, 1, 0, 10088
2026/05/24 18:20:39.993, 2, 0, 10088
2026/05/24 18:20:39.994, 3, 0, 10088
2026/05/24 18:20:55.083, 0, 14, 10490
2026/05/24 18:20:55.085, 1, 100, 10088
2026/05/24 18:20:55.086, 2, 100, 10088
2026/05/24 18:20:55.087, 3, 0, 10088
2026/05/24 18:21:10.169, 0, 8, 10490
2026/05/24 18:21:10.171, 1, 20, 10088
2026/05/24 18:21:10.173, 2, 100, 10088
2026/05/24 18:21:10.174, 3, 0, 10088
2026/05/24 18:21:25.274, 0, 9, 10490
2026/05/24 18:21:25.276, 1, 0, 10088
2026/05/24 18:21:25.277, 2, 0, 10088
2026/05/24 18:21:25.278, 3, 0, 10088
2026/05/24 18:21:40.361, 0, 9, 10490
2026/05/24 18:21:40.363, 1, 0, 10088
2026/05/24 18:21:40.365, 2, 0, 10088
2026/05/24 18:21:40.366, 3, 0, 10088
2026/05/24 18:21:55.450, 0, 10, 10490
2026/05/24 18:21:55.452, 1, 0, 10088
2026/05/24 18:21:55.453, 2, 0, 10088
2026/05/24 18:21:55.455, 3, 0, 10088
2026/05/24 18:22:10.551, 0, 4, 10490
2026/05/24 18:22:10.555, 1, 0, 10088
2026/05/24 18:22:10.559, 2, 0, 10088
2026/05/24 18:22:10.563, 3, 100, 10088
2026/05/24 18:22:25.733, 0, 100, 10490
2026/05/24 18:22:25.735, 1, 100, 10088
2026/05/24 18:22:25.737, 2, 100, 10088
2026/05/24 18:22:25.738, 3, 100, 10088
2026/05/24 18:22:41.096, 0, 100, 10490
2026/05/24 18:22:41.099, 1, 100, 10088
2026/05/24 18:22:41.101, 2, 100, 10088
2026/05/24 18:22:41.103, 3, 10, 10088
2026/05/24 18:22:56.418, 0, 8, 10490
2026/05/24 18:22:56.420, 1, 0, 10088
2026/05/24 18:22:56.421, 2, 42, 10088
2026/05/24 18:22:56.422, 3, 100, 10088
2026/05/24 18:23:11.550, 0, 14, 10490
2026/05/24 18:23:11.552, 1, 0, 10088
2026/05/24 18:23:11.554, 2, 0, 10088
2026/05/24 18:23:11.555, 3, 0, 10088
2026/05/24 18:23:26.673, 0, 10, 10490
2026/05/24 18:23:26.677, 1, 0, 10088
2026/05/24 18:23:26.680, 2, 0, 10088
2026/05/24 18:23:26.684, 3, 100, 10088
2026/05/24 18:23:41.769, 0, 1, 10490
2026/05/24 18:23:41.771, 1, 0, 10088
2026/05/24 18:23:41.772, 2, 0, 10088
2026/05/24 18:23:41.773, 3, 0, 10088
2026/05/24 18:23:57.120, 0, 99, 10490
2026/05/24 18:23:57.124, 1, 0, 10088
2026/05/24 18:23:57.127, 2, 0, 10088
2026/05/24 18:23:57.131, 3, 0, 10088
2026/05/24 18:24:12.250, 0, 100, 10490
2026/05/24 18:24:12.253, 1, 100, 10088
2026/05/24 18:24:12.257, 2, 100, 10088
2026/05/24 18:24:12.259, 3, 0, 10088
2026/05/24 18:24:27.513, 0, 13, 10490
2026/05/24 18:24:27.516, 1, 0, 10088
2026/05/24 18:24:27.517, 2, 0, 10088
2026/05/24 18:24:27.518, 3, 0, 10088
2026/05/24 18:24:42.630, 0, 3, 10490
2026/05/24 18:24:42.632, 1, 0, 10088
2026/05/24 18:24:42.633, 2, 100, 10088
2026/05/24 18:24:42.634, 3, 0, 10088
2026/05/24 18:24:57.765, 0, 9, 10490
2026/05/24 18:24:57.767, 1, 0, 10088
2026/05/24 18:24:57.768, 2, 0, 10088
2026/05/24 18:24:57.770, 3, 0, 10088
2026/05/24 18:25:12.854, 0, 100, 10490
2026/05/24 18:25:12.856, 1, 100, 10088
2026/05/24 18:25:12.857, 2, 0, 10088
2026/05/24 18:25:12.858, 3, 0, 10088
2026/05/24 18:25:27.941, 0, 100, 10490
2026/05/24 18:25:27.943, 1, 0, 10088
2026/05/24 18:25:27.945, 2, 0, 10088
2026/05/24 18:25:27.946, 3, 0, 10088
2026/05/24 18:25:43.050, 0, 13, 10490
2026/05/24 18:25:43.052, 1, 0, 10088
2026/05/24 18:25:43.054, 2, 0, 10088
2026/05/24 18:25:43.055, 3, 0, 10088
2026/05/24 18:25:58.211, 0, 100, 10490
2026/05/24 18:25:58.214, 1, 84, 10088
2026/05/24 18:25:58.217, 2, 24, 10088
2026/05/24 18:25:58.220, 3, 100, 10088
2026/05/24 18:26:13.334, 0, 9, 10490
2026/05/24 18:26:13.336, 1, 0, 10088
2026/05/24 18:26:13.337, 2, 0, 10088
2026/05/24 18:26:13.338, 3, 0, 10088
2026/05/24 18:26:28.421, 0, 9, 10490
2026/05/24 18:26:28.424, 1, 0, 10088
2026/05/24 18:26:28.425, 2, 0, 10088
2026/05/24 18:26:28.426, 3, 0, 10088
2026/05/24 18:26:43.509, 0, 24, 10490
2026/05/24 18:26:43.511, 1, 100, 10088
2026/05/24 18:26:43.512, 2, 100, 10088
2026/05/24 18:26:43.514, 3, 100, 10088
2026/05/24 18:26:58.694, 0, 9, 10490
2026/05/24 18:26:58.696, 1, 0, 10088
2026/05/24 18:26:58.697, 2, 0, 10088
2026/05/24 18:26:58.698, 3, 0, 10088
2026/05/24 18:27:13.818, 0, 13, 10490
2026/05/24 18:27:13.820, 1, 0, 10088
2026/05/24 18:27:13.821, 2, 0, 10088
2026/05/24 18:27:13.822, 3, 0, 10088
2026/05/24 18:27:28.915, 0, 100, 10490
2026/05/24 18:27:28.919, 1, 100, 10088
2026/05/24 18:27:28.922, 2, 100, 10088
2026/05/24 18:27:28.925, 3, 70, 10088
2026/05/24 18:27:44.018, 0, 100, 10490
2026/05/24 18:27:44.020, 1, 100, 10088
2026/05/24 18:27:44.021, 2, 100, 10088
2026/05/24 18:27:44.022, 3, 100, 10088
2026/05/24 18:27:59.530, 0, 100, 10490
2026/05/24 18:27:59.533, 1, 100, 10088
2026/05/24 18:27:59.536, 2, 100, 10088
2026/05/24 18:27:59.539, 3, 95, 10088
2026/05/24 18:28:14.694, 0, 100, 10490
2026/05/24 18:28:14.696, 1, 100, 10088
2026/05/24 18:28:14.697, 2, 100, 10088
2026/05/24 18:28:14.698, 3, 0, 10088
2026/05/24 18:28:29.870, 0, 16, 10490
2026/05/24 18:28:29.872, 1, 0, 10088
2026/05/24 18:28:29.873, 2, 0, 10088
2026/05/24 18:28:29.875, 3, 0, 10088
2026/05/24 18:28:45.007, 0, 8, 10490
2026/05/24 18:28:45.009, 1, 0, 10088
2026/05/24 18:28:45.010, 2, 0, 10088
2026/05/24 18:28:45.011, 3, 0, 10088
2026/05/24 18:29:00.094, 0, 0, 10490
2026/05/24 18:29:00.096, 1, 0, 10088
2026/05/24 18:29:00.098, 2, 0, 10088
2026/05/24 18:29:00.099, 3, 0, 10088
2026/05/24 18:29:15.208, 0, 100, 10490
2026/05/24 18:29:15.212, 1, 100, 10088
2026/05/24 18:29:15.215, 2, 100, 10088
2026/05/24 18:29:15.216, 3, 12, 10088
2026/05/24 18:29:30.421, 0, 0, 10490
2026/05/24 18:29:30.422, 1, 0, 10088
2026/05/24 18:29:30.423, 2, 0, 10088
2026/05/24 18:29:30.424, 3, 0, 10088
2026/05/24 18:29:45.541, 0, 13, 10490
2026/05/24 18:29:45.543, 1, 0, 10088
2026/05/24 18:29:45.545, 2, 0, 10088
2026/05/24 18:29:45.546, 3, 0, 10088
2026/05/24 18:30:00.669, 0, 100, 10490
2026/05/24 18:30:00.673, 1, 67, 10088
2026/05/24 18:30:00.676, 2, 56, 10088
2026/05/24 18:30:00.680, 3, 100, 10088
2026/05/24 18:30:15.799, 0, 9, 10490
2026/05/24 18:30:15.802, 1, 0, 10088
2026/05/24 18:30:15.805, 2, 0, 10088
2026/05/24 18:30:15.808, 3, 0, 10088
2026/05/24 18:30:30.949, 0, 100, 10490
2026/05/24 18:30:30.951, 1, 0, 10088
2026/05/24 18:30:30.953, 2, 0, 10088
2026/05/24 18:30:30.954, 3, 100, 10088
2026/05/24 18:30:46.046, 0, 9, 10490
2026/05/24 18:30:46.049, 1, 100, 10088
2026/05/24 18:30:46.053, 2, 100, 10088
2026/05/24 18:30:46.255, 3, 0, 10088
2026/05/24 18:31:01.345, 0, 8, 10490
2026/05/24 18:31:01.347, 1, 0, 10088
2026/05/24 18:31:01.349, 2, 0, 10088
2026/05/24 18:31:01.350, 3, 0, 10088
2026/05/24 18:31:16.450, 0, 14, 10490
2026/05/24 18:31:16.452, 1, 0, 10088
2026/05/24 18:31:16.453, 2, 0, 10088
2026/05/24 18:31:16.455, 3, 0, 10088
2026/05/24 18:31:31.557, 0, 5, 10490
2026/05/24 18:31:31.559, 1, 0, 10088
2026/05/24 18:31:31.561, 2, 0, 10088
2026/05/24 18:31:31.562, 3, 0, 10088
2026/05/24 18:31:46.678, 0, 8, 10490
2026/05/24 18:31:46.680, 1, 0, 10088
2026/05/24 18:31:46.681, 2, 0, 10088
2026/05/24 18:31:46.682, 3, 0, 10088
2026/05/24 18:32:01.774, 0, 87, 10490
2026/05/24 18:32:01.778, 1, 100, 10088
2026/05/24 18:32:01.781, 2, 100, 10088
2026/05/24 18:32:01.784, 3, 100, 10088
2026/05/24 18:32:16.867, 0, 100, 10490
2026/05/24 18:32:16.869, 1, 100, 10088
2026/05/24 18:32:16.870, 2, 0, 10088
2026/05/24 18:32:16.871, 3, 100, 10088
2026/05/24 18:32:32.070, 0, 0, 10490
2026/05/24 18:32:32.072, 1, 0, 10088
2026/05/24 18:32:32.074, 2, 0, 10088
2026/05/24 18:32:32.075, 3, 0, 10088
2026/05/24 18:32:47.169, 0, 5, 10490
2026/05/24 18:32:47.171, 1, 0, 10088
2026/05/24 18:32:47.273, 2, 0, 10088
2026/05/24 18:32:47.274, 3, 0, 10088
2026/05/24 18:33:02.357, 0, 9, 10490
2026/05/24 18:33:02.359, 1, 0, 10088
2026/05/24 18:33:02.361, 2, 16, 10088
2026/05/24 18:33:02.362, 3, 100, 10088
2026/05/24 18:33:17.462, 0, 8, 10490
2026/05/24 18:33:17.464, 1, 0, 10088
2026/05/24 18:33:17.465, 2, 0, 10088
2026/05/24 18:33:17.466, 3, 0, 10088
2026/05/24 18:33:32.550, 0, 2, 10490
2026/05/24 18:33:32.559, 1, 0, 10088
2026/05/24 18:33:32.560, 2, 0, 10088
2026/05/24 18:33:32.562, 3, 0, 10088
2026/05/24 18:33:47.731, 0, 9, 10490
2026/05/24 18:33:47.733, 1, 0, 10088
2026/05/24 18:33:47.735, 2, 0, 10088
2026/05/24 18:33:47.736, 3, 0, 10088
2026/05/24 18:34:02.838, 0, 13, 10490
2026/05/24 18:34:02.840, 1, 0, 10088
2026/05/24 18:34:02.842, 2, 0, 10088
2026/05/24 18:34:02.843, 3, 0, 10088
2026/05/24 18:34:17.958, 0, 100, 10490
2026/05/24 18:34:17.960, 1, 53, 10088
2026/05/24 18:34:17.961, 2, 100, 10088
2026/05/24 18:34:17.962, 3, 0, 10088
2026/05/24 18:34:33.113, 0, 4, 10490
2026/05/24 18:34:33.115, 1, 0, 10088
2026/05/24 18:34:33.116, 2, 0, 10088
2026/05/24 18:34:33.118, 3, 0, 10088
2026/05/24 18:34:48.379, 0, 8, 10490
2026/05/24 18:34:48.381, 1, 0, 10088
2026/05/24 18:34:48.383, 2, 0, 10088
2026/05/24 18:34:48.384, 3, 0, 10088
2026/05/24 18:35:03.514, 0, 100, 10490
2026/05/24 18:35:03.518, 1, 100, 10088
2026/05/24 18:35:03.522, 2, 100, 10088
2026/05/24 18:35:03.525, 3, 0, 10088
2026/05/24 18:35:18.638, 0, 14, 10490
2026/05/24 18:35:18.640, 1, 0, 10088
2026/05/24 18:35:18.641, 2, 0, 10088
2026/05/24 18:35:18.643, 3, 0, 10088
2026/05/24 18:35:33.742, 0, 4, 10490
2026/05/24 18:35:33.744, 1, 0, 10088
2026/05/24 18:35:33.745, 2, 0, 10088
2026/05/24 18:35:33.747, 3, 0, 10088
2026/05/24 18:35:49.103, 0, 100, 10490
2026/05/24 18:35:49.105, 1, 3, 10088
2026/05/24 18:35:49.106, 2, 100, 10088
2026/05/24 18:35:49.108, 3, 100, 10088
2026/05/24 18:36:04.401, 0, 7, 10490
2026/05/24 18:36:04.403, 1, 0, 10088
2026/05/24 18:36:04.404, 2, 0, 10088
2026/05/24 18:36:04.405, 3, 0, 10088
2026/05/24 18:36:19.522, 0, 100, 10490
2026/05/24 18:36:19.524, 1, 100, 10088
2026/05/24 18:36:19.525, 2, 100, 10088
2026/05/24 18:36:19.526, 3, 100, 10088
2026/05/24 18:36:34.645, 0, 13, 10490
2026/05/24 18:36:34.647, 1, 0, 10088
2026/05/24 18:36:34.649, 2, 0, 10088
2026/05/24 18:36:34.650, 3, 0, 10088
2026/05/24 18:36:49.790, 0, 9, 10490
2026/05/24 18:36:49.794, 1, 0, 10088
2026/05/24 18:36:49.796, 2, 0, 10088
2026/05/24 18:36:49.799, 3, 100, 10088
2026/05/24 18:37:04.966, 0, 9, 10490
2026/05/24 18:37:04.968, 1, 0, 10088
2026/05/24 18:37:04.969, 2, 0, 10088
2026/05/24 18:37:04.970, 3, 0, 10088
2026/05/24 18:37:20.109, 0, 100, 10490
2026/05/24 18:37:20.112, 1, 100, 10088
2026/05/24 18:37:20.115, 2, 100, 10088
2026/05/24 18:37:20.118, 3, 100, 10088
2026/05/24 18:37:35.411, 0, 100, 10490
2026/05/24 18:37:35.413, 1, 100, 10088
2026/05/24 18:37:35.414, 2, 100, 10088
2026/05/24 18:37:35.415, 3, 100, 10088
2026/05/24 18:37:50.561, 0, 6, 10490
2026/05/24 18:37:50.564, 1, 0, 10088
2026/05/24 18:37:50.565, 2, 0, 10088
2026/05/24 18:37:50.566, 3, 0, 10088
2026/05/24 18:38:05.655, 0, 9, 10490
2026/05/24 18:38:05.659, 1, 0, 10088
2026/05/24 18:38:05.664, 2, 0, 10088
2026/05/24 18:38:05.665, 3, 0, 10088
2026/05/24 18:38:20.854, 0, 100, 10490
2026/05/24 18:38:20.855, 1, 100, 10088
2026/05/24 18:38:20.856, 2, 68, 10088
2026/05/24 18:38:20.857, 3, 100, 10088
2026/05/24 18:38:35.985, 0, 100, 10490
2026/05/24 18:38:35.988, 1, 100, 10088
2026/05/24 18:38:35.991, 2, 100, 10088
2026/05/24 18:38:35.993, 3, 100, 10088
2026/05/24 18:38:51.209, 0, 9, 10490
2026/05/24 18:38:51.211, 1, 47, 10088
2026/05/24 18:38:51.213, 2, 100, 10088
2026/05/24 18:38:51.214, 3, 100, 10088
2026/05/24 18:39:06.297, 0, 9, 10490
2026/05/24 18:39:06.299, 1, 0, 10088
2026/05/24 18:39:06.301, 2, 0, 10088
2026/05/24 18:39:06.302, 3, 0, 10088
2026/05/24 18:39:21.402, 0, 13, 10490
2026/05/24 18:39:21.404, 1, 0, 10088
2026/05/24 18:39:21.405, 2, 0, 10088
2026/05/24 18:39:21.407, 3, 0, 10088
2026/05/24 18:39:36.759, 0, 6, 10490
2026/05/24 18:39:36.761, 1, 0, 10088
2026/05/24 18:39:36.762, 2, 0, 10088
2026/05/24 18:39:36.763, 3, 0, 10088
2026/05/24 18:39:51.927, 0, 9, 10490
2026/05/24 18:39:51.930, 1, 0, 10088
2026/05/24 18:39:51.932, 2, 100, 10088
2026/05/24 18:39:51.935, 3, 100, 10088
2026/05/24 18:40:07.036, 0, 9, 10490
2026/05/24 18:40:07.039, 1, 100, 10088
2026/05/24 18:40:07.042, 2, 100, 10088
2026/05/24 18:40:07.045, 3, 0, 10088
2026/05/24 18:40:22.154, 0, 9, 10490
2026/05/24 18:40:22.156, 1, 0, 10088
2026/05/24 18:40:22.157, 2, 0, 10088
2026/05/24 18:40:22.158, 3, 0, 10088
2026/05/24 18:40:37.282, 0, 11, 10490
2026/05/24 18:40:37.284, 1, 0, 10088
2026/05/24 18:40:37.285, 2, 0, 10088
2026/05/24 18:40:37.286, 3, 0, 10088
2026/05/24 18:40:52.591, 0, 10, 10490
2026/05/24 18:40:52.595, 1, 0, 10088
2026/05/24 18:40:52.597, 2, 0, 10088
2026/05/24 18:40:52.600, 3, 0, 10088
2026/05/24 18:41:07.693, 0, 7, 10490
2026/05/24 18:41:07.695, 1, 3, 10088
2026/05/24 18:41:07.697, 2, 64, 10088
2026/05/24 18:41:07.698, 3, 0, 10088
2026/05/24 18:41:22.801, 0, 2, 10490
2026/05/24 18:41:22.803, 1, 100, 10088
2026/05/24 18:41:22.804, 2, 100, 10088
2026/05/24 18:41:22.806, 3, 0, 10088
2026/05/24 18:41:37.901, 0, 9, 10490
2026/05/24 18:41:37.905, 1, 0, 10088
2026/05/24 18:41:37.908, 2, 0, 10088
2026/05/24 18:41:37.910, 3, 0, 10088
2026/05/24 18:41:53.018, 0, 16, 10490
2026/05/24 18:41:53.020, 1, 0, 10088
2026/05/24 18:41:53.022, 2, 0, 10088
2026/05/24 18:41:53.023, 3, 0, 10088
2026/05/24 18:42:08.105, 0, 62, 10490
2026/05/24 18:42:08.107, 1, 0, 10088
2026/05/24 18:42:08.108, 2, 0, 10088
2026/05/24 18:42:08.110, 3, 0, 10088
2026/05/24 18:42:23.454, 0, 100, 10490
2026/05/24 18:42:23.458, 1, 72, 10088
2026/05/24 18:42:23.461, 2, 13, 10088
2026/05/24 18:42:23.464, 3, 0, 10088
2026/05/24 18:42:38.601, 0, 5, 10490
2026/05/24 18:42:38.603, 1, 0, 10088
2026/05/24 18:42:38.605, 2, 0, 10088
2026/05/24 18:42:38.606, 3, 100, 10088
2026/05/24 18:42:53.737, 0, 100, 10490
2026/05/24 18:42:53.801, 1, 100, 10088
2026/05/24 18:42:53.805, 2, 100, 10088
2026/05/24 18:42:53.807, 3, 85, 10088
2026/05/24 18:43:08.926, 0, 16, 10490
2026/05/24 18:43:08.928, 1, 0, 10088
2026/05/24 18:43:08.929, 2, 0, 10088
2026/05/24 18:43:08.931, 3, 0, 10088
2026/05/24 18:43:24.056, 0, 9, 10490
2026/05/24 18:43:24.058, 1, 0, 10088
2026/05/24 18:43:24.060, 2, 0, 10088
2026/05/24 18:43:24.061, 3, 0, 10088
2026/05/24 18:43:39.173, 0, 60, 10490
2026/05/24 18:43:39.175, 1, 100, 10088
2026/05/24 18:43:39.176, 2, 100, 10088
2026/05/24 18:43:39.178, 3, 100, 10088
2026/05/24 18:43:54.394, 0, 1, 10490
2026/05/24 18:43:54.396, 1, 0, 10088
2026/05/24 18:43:54.564, 2, 0, 10088
2026/05/24 18:43:54.565, 3, 0, 10088
2026/05/24 18:44:09.661, 0, 8, 10490
2026/05/24 18:44:09.663, 1, 0, 10088
2026/05/24 18:44:09.665, 2, 0, 10088
2026/05/24 18:44:09.666, 3, 0, 10088
2026/05/24 18:44:24.759, 0, 100, 10490
2026/05/24 18:44:24.762, 1, 100, 10088
2026/05/24 18:44:24.766, 2, 42, 10088
2026/05/24 18:44:24.769, 3, 100, 10088
2026/05/24 18:44:39.891, 0, 10, 10490
2026/05/24 18:44:39.895, 1, 0, 10088
2026/05/24 18:44:39.899, 2, 0, 10088
2026/05/24 18:44:39.902, 3, 100, 10088
2026/05/24 18:44:55.044, 0, 8, 10490
2026/05/24 18:44:55.047, 1, 0, 10088
2026/05/24 18:44:55.049, 2, 1, 10088
2026/05/24 18:44:55.052, 3, 0, 10088
2026/05/24 18:45:10.245, 0, 100, 10490
2026/05/24 18:45:10.247, 1, 100, 10088
2026/05/24 18:45:10.249, 2, 100, 10088
2026/05/24 18:45:10.253, 3, 100, 10088
2026/05/24 18:45:25.589, 0, 100, 10490
2026/05/24 18:45:25.592, 1, 100, 10088
2026/05/24 18:45:25.597, 2, 100, 10088
2026/05/24 18:45:25.600, 3, 100, 10088
2026/05/24 18:45:40.729, 0, 5, 10490
2026/05/24 18:45:40.731, 1, 72, 10088
2026/05/24 18:45:40.733, 2, 100, 10088
2026/05/24 18:45:40.734, 3, 0, 10088
2026/05/24 18:45:55.834, 0, 11, 10490
2026/05/24 18:45:55.837, 1, 0, 10088
2026/05/24 18:45:55.838, 2, 0, 10088
2026/05/24 18:45:55.839, 3, 0, 10088
2026/05/24 18:46:10.954, 0, 100, 10490
2026/05/24 18:46:10.958, 1, 0, 10088
2026/05/24 18:46:10.960, 2, 100, 10088
2026/05/24 18:46:10.963, 3, 100, 10088
2026/05/24 18:46:26.053, 0, 7, 10490
2026/05/24 18:46:26.055, 1, 0, 10088
2026/05/24 18:46:26.057, 2, 0, 10088
2026/05/24 18:46:26.058, 3, 0, 10088
2026/05/24 18:46:41.401, 0, 0, 10490
2026/05/24 18:46:41.403, 1, 0, 10088
2026/05/24 18:46:41.405, 2, 0, 10088
2026/05/24 18:46:41.406, 3, 0, 10088
2026/05/24 18:46:56.490, 0, 9, 10490
2026/05/24 18:46:56.492, 1, 0, 10088
2026/05/24 18:46:56.493, 2, 0, 10088
2026/05/24 18:46:56.494, 3, 0, 10088
2026/05/24 18:47:11.578, 0, 8, 10490
2026/05/24 18:47:11.580, 1, 0, 10088
2026/05/24 18:47:11.582, 2, 0, 10088
2026/05/24 18:47:11.583, 3, 0, 10088
2026/05/24 18:47:26.676, 0, 69, 10490
2026/05/24 18:47:26.680, 1, 0, 10088
2026/05/24 18:47:26.682, 2, 0, 10088
2026/05/24 18:47:26.686, 3, 0, 10088
2026/05/24 18:47:41.906, 0, 7, 10490
2026/05/24 18:47:41.908, 1, 0, 10088
2026/05/24 18:47:41.909, 2, 0, 10088
2026/05/24 18:47:42.065, 3, 0, 10088
2026/05/24 18:47:57.143, 0, 0, 10490
2026/05/24 18:47:57.147, 1, 100, 10088
2026/05/24 18:47:57.150, 2, 100, 10088
2026/05/24 18:47:57.155, 3, 100, 10088
2026/05/24 18:48:12.249, 0, 8, 10490
2026/05/24 18:48:12.251, 1, 0, 10088
2026/05/24 18:48:12.253, 2, 0, 10088
2026/05/24 18:48:12.254, 3, 0, 10088
2026/05/24 18:48:27.358, 0, 13, 10490
2026/05/24 18:48:27.360, 1, 0, 10088
2026/05/24 18:48:27.361, 2, 0, 10088
2026/05/24 18:48:27.363, 3, 0, 10088
2026/05/24 18:48:42.526, 0, 4, 10490
2026/05/24 18:48:42.528, 1, 0, 10088
2026/05/24 18:48:42.529, 2, 0, 10088
2026/05/24 18:48:42.531, 3, 0, 10088
2026/05/24 18:48:57.847, 0, 9, 10490
2026/05/24 18:48:57.849, 1, 0, 10088
2026/05/24 18:48:57.851, 2, 0, 10088
2026/05/24 18:48:57.852, 3, 0, 10088
2026/05/24 18:49:12.937, 0, 0, 10490
2026/05/24 18:49:12.940, 1, 0, 10088
2026/05/24 18:49:12.941, 2, 0, 10088
2026/05/24 18:49:12.942, 3, 0, 10088
2026/05/24 18:49:28.070, 0, 100, 10490
2026/05/24 18:49:28.072, 1, 85, 10088
2026/05/24 18:49:28.073, 2, 100, 10088
2026/05/24 18:49:28.075, 3, 100, 10088
2026/05/24 18:49:43.199, 0, 12, 10490
2026/05/24 18:49:43.201, 1, 0, 10088
2026/05/24 18:49:43.202, 2, 0, 10088
2026/05/24 18:49:43.203, 3, 0, 10088
2026/05/24 18:49:58.587, 0, 100, 10490
2026/05/24 18:49:58.591, 1, 100, 10088
2026/05/24 18:49:58.595, 2, 100, 10088
2026/05/24 18:49:58.599, 3, 0, 10088
2026/05/24 18:50:13.880, 0, 9, 10490
2026/05/24 18:50:13.882, 1, 0, 10088
2026/05/24 18:50:13.883, 2, 0, 10088
2026/05/24 18:50:13.884, 3, 0, 10088
2026/05/24 18:50:28.965, 0, 8, 10490
2026/05/24 18:50:28.967, 1, 0, 10088
2026/05/24 18:50:28.969, 2, 0, 10088
2026/05/24 18:50:28.970, 3, 0, 10088
2026/05/24 18:50:44.160, 0, 4, 10490
2026/05/24 18:50:44.162, 1, 0, 10088
2026/05/24 18:50:44.163, 2, 0, 10088
2026/05/24 18:50:44.164, 3, 0, 10088
2026/05/24 18:50:59.270, 0, 13, 10490
2026/05/24 18:50:59.272, 1, 0, 10088
2026/05/24 18:50:59.273, 2, 0, 10088
2026/05/24 18:50:59.275, 3, 0, 10088
2026/05/24 18:51:14.468, 0, 2, 10490
2026/05/24 18:51:14.470, 1, 0, 10088
2026/05/24 18:51:14.472, 2, 66, 10088
2026/05/24 18:51:14.473, 3, 100, 10088
2026/05/24 18:51:29.573, 0, 9, 10490
2026/05/24 18:51:29.575, 1, 0, 10088
2026/05/24 18:51:29.577, 2, 0, 10088
2026/05/24 18:51:29.578, 3, 0, 10088
2026/05/24 18:51:44.662, 0, 9, 10490
2026/05/24 18:51:44.664, 1, 0, 10088
2026/05/24 18:51:44.665, 2, 0, 10088
2026/05/24 18:51:44.666, 3, 0, 10088
2026/05/24 18:51:59.798, 0, 2, 10490
2026/05/24 18:51:59.802, 1, 0, 10088
2026/05/24 18:51:59.806, 2, 0, 10088
2026/05/24 18:51:59.809, 3, 94, 10088
2026/05/24 18:52:15.326, 0, 86, 10490
2026/05/24 18:52:15.328, 1, 100, 10088
2026/05/24 18:52:15.329, 2, 100, 10088
2026/05/24 18:52:15.330, 3, 100, 10088
2026/05/24 18:52:30.409, 0, 9, 10490
2026/05/24 18:52:30.411, 1, 0, 10088
2026/05/24 18:52:30.413, 2, 0, 10088
2026/05/24 18:52:30.414, 3, 0, 10088
2026/05/24 18:52:45.497, 0, 9, 10490
2026/05/24 18:52:45.499, 1, 0, 10088
2026/05/24 18:52:45.501, 2, 5, 10088
2026/05/24 18:52:45.502, 3, 100, 10088
2026/05/24 18:53:00.614, 0, 10, 10490
2026/05/24 18:53:00.616, 1, 0, 10088
2026/05/24 18:53:00.617, 2, 0, 10088
2026/05/24 18:53:00.618, 3, 0, 10088
2026/05/24 18:53:15.701, 0, 7, 10490
2026/05/24 18:53:15.703, 1, 0, 10088
2026/05/24 18:53:15.704, 2, 0, 10088
2026/05/24 18:53:15.706, 3, 0, 10088
2026/05/24 18:53:30.840, 0, 100, 10490
2026/05/24 18:53:30.841, 1, 100, 10088
2026/05/24 18:53:30.842, 2, 100, 10088
2026/05/24 18:53:30.843, 3, 28, 10088
2026/05/24 18:53:45.942, 0, 14, 10490
2026/05/24 18:53:45.944, 1, 0, 10088
2026/05/24 18:53:45.946, 2, 0, 10088
2026/05/24 18:53:45.947, 3, 0, 10088
2026/05/24 18:54:01.033, 0, 9, 10490
2026/05/24 18:54:01.035, 1, 0, 10088
2026/05/24 18:54:01.037, 2, 0, 10088
2026/05/24 18:54:01.038, 3, 0, 10088
2026/05/24 18:54:16.186, 0, 61, 10490
2026/05/24 18:54:16.188, 1, 88, 10088
2026/05/24 18:54:16.189, 2, 100, 10088
2026/05/24 18:54:16.190, 3, 100, 10088
2026/05/24 18:54:31.333, 0, 6, 10490
2026/05/24 18:54:31.335, 1, 0, 10088
2026/05/24 18:54:31.337, 2, 0, 10088
2026/05/24 18:54:31.338, 3, 0, 10088
2026/05/24 18:54:46.481, 0, 100, 10490
2026/05/24 18:54:46.487, 1, 100, 10088
2026/05/24 18:54:46.490, 2, 55, 10088
2026/05/24 18:54:46.493, 3, 0, 10088
2026/05/24 18:55:01.655, 0, 14, 10490
2026/05/24 18:55:01.657, 1, 0, 10088
2026/05/24 18:55:01.658, 2, 0, 10088
2026/05/24 18:55:01.659, 3, 0, 10088
2026/05/24 18:55:16.746, 0, 4, 10490
2026/05/24 18:55:16.748, 1, 0, 10088
2026/05/24 18:55:16.749, 2, 0, 10088
2026/05/24 18:55:16.750, 3, 0, 10088
2026/05/24 18:55:32.156, 0, 8, 10490
2026/05/24 18:55:32.158, 1, 0, 10088
2026/05/24 18:55:32.159, 2, 0, 10088
2026/05/24 18:55:32.160, 3, 0, 10088
2026/05/24 18:55:47.290, 0, 9, 10490
2026/05/24 18:55:47.292, 1, 0, 10088
2026/05/24 18:55:47.293, 2, 0, 10088
2026/05/24 18:55:47.294, 3, 0, 10088
2026/05/24 18:56:02.469, 0, 100, 10490
2026/05/24 18:56:02.473, 1, 87, 10088
2026/05/24 18:56:02.537, 2, 0, 10088
2026/05/24 18:56:02.540, 3, 0, 10088
2026/05/24 18:56:17.658, 0, 15, 10490
2026/05/24 18:56:17.660, 1, 0, 10088
2026/05/24 18:56:17.662, 2, 0, 10088
2026/05/24 18:56:17.663, 3, 0, 10088
2026/05/24 18:56:32.935, 0, 2, 10490
2026/05/24 18:56:32.937, 1, 0, 10088
2026/05/24 18:56:32.938, 2, 0, 10088
2026/05/24 18:56:32.939, 3, 0, 10088
2026/05/24 18:56:48.116, 0, 9, 10490
2026/05/24 18:56:48.123, 1, 0, 10088
2026/05/24 18:56:48.124, 2, 0, 10088
2026/05/24 18:56:48.125, 3, 0, 10088
2026/05/24 18:57:03.226, 0, 9, 10490
2026/05/24 18:57:03.228, 1, 0, 10088
2026/05/24 18:57:03.229, 2, 0, 10088
2026/05/24 18:57:03.230, 3, 0, 10088
2026/05/24 18:57:18.314, 0, 10, 10490
2026/05/24 18:57:18.316, 1, 0, 10088
2026/05/24 18:57:18.317, 2, 0, 10088
2026/05/24 18:57:18.318, 3, 0, 10088
2026/05/24 18:57:33.641, 0, 100, 10490
2026/05/24 18:57:33.644, 1, 100, 10088
2026/05/24 18:57:33.645, 2, 0, 10088
2026/05/24 18:57:33.646, 3, 100, 10088
2026/05/24 18:57:48.977, 0, 10, 10490
2026/05/24 18:57:48.979, 1, 0, 10088
2026/05/24 18:57:48.980, 2, 0, 10088
2026/05/24 18:57:48.982, 3, 0, 10088
2026/05/24 18:58:04.066, 0, 9, 10490
2026/05/24 18:58:04.068, 1, 0, 10088
2026/05/24 18:58:04.069, 2, 0, 10088
2026/05/24 18:58:04.070, 3, 0, 10088
2026/05/24 18:58:19.153, 0, 7, 10490
2026/05/24 18:58:19.156, 1, 0, 10088
2026/05/24 18:58:19.157, 2, 0, 10088
2026/05/24 18:58:19.158, 3, 0, 10088
2026/05/24 18:58:34.321, 0, 100, 10490
2026/05/24 18:58:34.325, 1, 100, 10088
2026/05/24 18:58:34.328, 2, 0, 10088
2026/05/24 18:58:34.332, 3, 0, 10088
2026/05/24 18:58:49.457, 0, 100, 10490
2026/05/24 18:58:49.460, 1, 100, 10088
2026/05/24 18:58:49.462, 2, 100, 10088
2026/05/24 18:58:49.465, 3, 0, 10088
2026/05/24 18:59:04.557, 0, 10, 10490
2026/05/24 18:59:04.559, 1, 0, 10088
2026/05/24 18:59:04.561, 2, 0, 10088
2026/05/24 18:59:04.562, 3, 0, 10088
2026/05/24 18:59:19.687, 0, 7, 10490
2026/05/24 18:59:19.691, 1, 0, 10088
2026/05/24 18:59:19.694, 2, 0, 10088
2026/05/24 18:59:19.698, 3, 0, 10088
2026/05/24 18:59:34.865, 0, 100, 10490
2026/05/24 18:59:34.869, 1, 100, 10088
2026/05/24 18:59:34.958, 2, 69, 10088
2026/05/24 18:59:34.960, 3, 100, 10088
2026/05/24 18:59:50.045, 0, 100, 10490
2026/05/24 18:59:50.047, 1, 100, 10088
2026/05/24 18:59:50.049, 2, 100, 10088
2026/05/24 18:59:50.050, 3, 0, 10088
2026/05/24 19:00:05.271, 0, 74, 10490
2026/05/24 19:00:05.275, 1, 0, 10088
2026/05/24 19:00:05.278, 2, 0, 10088
2026/05/24 19:00:05.281, 3, 71, 10088
2026/05/24 19:00:20.593, 0, 11, 10490
2026/05/24 19:00:20.596, 1, 0, 10088
2026/05/24 19:00:20.597, 2, 0, 10088
2026/05/24 19:00:20.598, 3, 0, 10088
2026/05/24 19:00:36.002, 0, 100, 10490
2026/05/24 19:00:36.004, 1, 69, 10088
2026/05/24 19:00:36.006, 2, 65, 10088
2026/05/24 19:00:36.009, 3, 100, 10088
2026/05/24 19:00:51.093, 0, 9, 10490
2026/05/24 19:00:51.095, 1, 0, 10088
2026/05/24 19:00:51.097, 2, 0, 10088
2026/05/24 19:00:51.098, 3, 0, 10088
2026/05/24 19:01:06.182, 0, 0, 10490
2026/05/24 19:01:06.184, 1, 0, 10088
2026/05/24 19:01:06.185, 2, 0, 10088
2026/05/24 19:01:06.187, 3, 0, 10088
2026/05/24 19:01:21.367, 0, 7, 10490
2026/05/24 19:01:21.369, 1, 0, 10088
2026/05/24 19:01:21.370, 2, 0, 10088
2026/05/24 19:01:21.371, 3, 0, 10088
2026/05/24 19:01:36.453, 0, 2, 10490
2026/05/24 19:01:36.455, 1, 33, 10088
2026/05/24 19:01:36.457, 2, 100, 10088
2026/05/24 19:01:36.458, 3, 100, 10088
2026/05/24 19:01:51.578, 0, 14, 10490
2026/05/24 19:01:51.580, 1, 0, 10088
2026/05/24 19:01:51.581, 2, 0, 10088
2026/05/24 19:01:51.582, 3, 0, 10088
2026/05/24 19:02:06.790, 0, 4, 10490
2026/05/24 19:02:06.792, 1, 0, 10088
2026/05/24 19:02:06.793, 2, 0, 10088
2026/05/24 19:02:06.794, 3, 0, 10088
2026/05/24 19:02:21.877, 0, 100, 10490
2026/05/24 19:02:21.879, 1, 100, 10088
2026/05/24 19:02:21.881, 2, 100, 10088
2026/05/24 19:02:21.882, 3, 0, 10088
2026/05/24 19:02:36.995, 0, 100, 10490
2026/05/24 19:02:36.998, 1, 100, 10088
2026/05/24 19:02:37.001, 2, 100, 10088
2026/05/24 19:02:37.004, 3, 100, 10088
2026/05/24 19:02:52.101, 0, 9, 10490
2026/05/24 19:02:52.103, 1, 0, 10088
2026/05/24 19:02:52.105, 2, 0, 10088
2026/05/24 19:02:52.106, 3, 0, 10088
2026/05/24 19:03:07.190, 0, 54, 10490
2026/05/24 19:03:07.192, 1, 100, 10088
2026/05/24 19:03:07.193, 2, 0, 10088
2026/05/24 19:03:07.194, 3, 0, 10088
2026/05/24 19:03:22.333, 0, 10, 10490
2026/05/24 19:03:22.335, 1, 0, 10088
2026/05/24 19:03:22.336, 2, 0, 10088
2026/05/24 19:03:22.338, 3, 0, 10088
2026/05/24 19:03:37.421, 0, 100, 10490
2026/05/24 19:03:37.425, 1, 100, 10088
2026/05/24 19:03:37.427, 2, 100, 10088
2026/05/24 19:03:37.431, 3, 100, 10088
2026/05/24 19:03:52.573, 0, 59, 10490
2026/05/24 19:03:52.577, 1, 100, 10088
2026/05/24 19:03:52.580, 2, 100, 10088
2026/05/24 19:03:52.583, 3, 0, 10088
2026/05/24 19:04:07.725, 0, 100, 10490
2026/05/24 19:04:07.728, 1, 100, 10088
2026/05/24 19:04:07.786, 2, 100, 10088
2026/05/24 19:04:07.788, 3, 100, 10088
2026/05/24 19:04:22.980, 0, 2, 10490
2026/05/24 19:04:22.981, 1, 0, 10088
2026/05/24 19:04:22.982, 2, 0, 10088
2026/05/24 19:04:22.983, 3, 0, 10088
2026/05/24 19:04:38.125, 0, 14, 10490
2026/05/24 19:04:38.127, 1, 0, 10088
2026/05/24 19:04:38.129, 2, 0, 10088
2026/05/24 19:04:38.130, 3, 0, 10088
2026/05/24 19:04:53.223, 0, 100, 10490
2026/05/24 19:04:53.226, 1, 100, 10088
2026/05/24 19:04:53.230, 2, 100, 10088
2026/05/24 19:04:53.233, 3, 100, 10088
2026/05/24 19:05:08.340, 0, 2, 10490
2026/05/24 19:05:08.344, 1, 100, 10088
2026/05/24 19:05:08.347, 2, 100, 10088
2026/05/24 19:05:08.349, 3, 100, 10088
2026/05/24 19:05:23.497, 0, 8, 10490
2026/05/24 19:05:23.499, 1, 0, 10088
2026/05/24 19:05:23.500, 2, 0, 10088
2026/05/24 19:05:23.502, 3, 100, 10088
2026/05/24 19:05:38.706, 0, 100, 10490
2026/05/24 19:05:38.710, 1, 19, 10088
2026/05/24 19:05:38.713, 2, 0, 10088
2026/05/24 19:05:38.717, 3, 0, 10088
2026/05/24 19:05:53.826, 0, 11, 10490
2026/05/24 19:05:53.828, 1, 0, 10088
2026/05/24 19:05:53.830, 2, 0, 10088
2026/05/24 19:05:53.831, 3, 0, 10088
2026/05/24 19:06:08.917, 0, 79, 10490
2026/05/24 19:06:08.919, 1, 100, 10088
2026/05/24 19:06:08.921, 2, 100, 10088
2026/05/24 19:06:08.922, 3, 0, 10088
2026/05/24 19:06:24.273, 0, 0, 10490
2026/05/24 19:06:24.275, 1, 0, 10088
2026/05/24 19:06:24.276, 2, 0, 10088
2026/05/24 19:06:24.277, 3, 0, 10088
2026/05/24 19:06:39.357, 0, 100, 10490
2026/05/24 19:06:39.359, 1, 0, 10088
2026/05/24 19:06:39.360, 2, 0, 10088
2026/05/24 19:06:39.362, 3, 0, 10088
2026/05/24 19:06:54.504, 0, 74, 10490
2026/05/24 19:06:54.506, 1, 100, 10088
2026/05/24 19:06:54.510, 2, 100, 10088
2026/05/24 19:06:54.513, 3, 0, 10088
2026/05/24 19:07:09.618, 0, 100, 10490
2026/05/24 19:07:09.620, 1, 100, 10088
2026/05/24 19:07:09.623, 2, 100, 10088
2026/05/24 19:07:09.626, 3, 100, 10088
2026/05/24 19:07:24.769, 0, 7, 10490
2026/05/24 19:07:24.771, 1, 0, 10088
2026/05/24 19:07:24.772, 2, 0, 10088
2026/05/24 19:07:24.774, 3, 0, 10088
2026/05/24 19:07:39.858, 0, 5, 10490
2026/05/24 19:07:39.860, 1, 100, 10088
2026/05/24 19:07:39.861, 2, 100, 10088
2026/05/24 19:07:39.862, 3, 0, 10088
2026/05/24 19:07:54.946, 0, 9, 10490
2026/05/24 19:07:54.948, 1, 0, 10088
2026/05/24 19:07:54.950, 2, 0, 10088
2026/05/24 19:07:54.951, 3, 0, 10088
2026/05/24 19:08:10.091, 0, 9, 10490
2026/05/24 19:08:10.094, 1, 0, 10088
2026/05/24 19:08:10.097, 2, 0, 10088
2026/05/24 19:08:10.100, 3, 100, 10088
2026/05/24 19:08:25.269, 0, 3, 10490
2026/05/24 19:08:25.271, 1, 0, 10088
2026/05/24 19:08:25.273, 2, 0, 10088
2026/05/24 19:08:25.274, 3, 0, 10088
2026/05/24 19:08:40.474, 0, 14, 10490
2026/05/24 19:08:40.476, 1, 0, 10088
2026/05/24 19:08:40.478, 2, 0, 10088
2026/05/24 19:08:40.479, 3, 0, 10088
2026/05/24 19:08:55.573, 0, 87, 10490
2026/05/24 19:08:55.577, 1, 0, 10088
2026/05/24 19:08:55.579, 2, 0, 10088
2026/05/24 19:08:55.582, 3, 0, 10088
2026/05/24 19:09:10.695, 0, 100, 10490
2026/05/24 19:09:10.698, 1, 100, 10088
2026/05/24 19:09:10.700, 2, 100, 10088
2026/05/24 19:09:10.701, 3, 100, 10088
2026/05/24 19:09:25.900, 0, 6, 10490
2026/05/24 19:09:25.902, 1, 0, 10088
2026/05/24 19:09:25.903, 2, 0, 10088
2026/05/24 19:09:25.904, 3, 0, 10088
2026/05/24 19:09:40.989, 0, 9, 10490
2026/05/24 19:09:40.991, 1, 0, 10088
2026/05/24 19:09:40.992, 2, 17, 10088
2026/05/24 19:09:40.993, 3, 0, 10088
2026/05/24 19:09:56.090, 0, 15, 10490
2026/05/24 19:09:56.092, 1, 0, 10088
2026/05/24 19:09:56.093, 2, 0, 10088
2026/05/24 19:09:56.095, 3, 0, 10088
2026/05/24 19:10:11.278, 0, 9, 10490
2026/05/24 19:10:11.321, 1, 100, 10088
2026/05/24 19:10:11.325, 2, 100, 10088
2026/05/24 19:10:11.328, 3, 0, 10088
2026/05/24 19:10:26.498, 0, 6, 10490
2026/05/24 19:10:26.500, 1, 0, 10088
2026/05/24 19:10:26.501, 2, 66, 10088
2026/05/24 19:10:26.502, 3, 100, 10088
2026/05/24 19:10:41.624, 0, 100, 10490
2026/05/24 19:10:41.630, 1, 100, 10088
2026/05/24 19:10:41.633, 2, 0, 10088
2026/05/24 19:10:41.635, 3, 0, 10088
2026/05/24 19:10:56.725, 0, 9, 10490
2026/05/24 19:10:56.727, 1, 0, 10088
2026/05/24 19:10:56.728, 2, 0, 10088
2026/05/24 19:10:56.730, 3, 0, 10088
2026/05/24 19:11:12.003, 0, 10, 10490
2026/05/24 19:11:12.007, 1, 0, 10088
2026/05/24 19:11:12.010, 2, 0, 10088
2026/05/24 19:11:12.014, 3, 100, 10088
2026/05/24 19:11:27.221, 0, 9, 10490
2026/05/24 19:11:27.223, 1, 0, 10088
2026/05/24 19:11:27.224, 2, 0, 10088
2026/05/24 19:11:27.225, 3, 0, 10088
2026/05/24 19:11:42.958, 0, 89, 10490
2026/05/24 19:11:42.961, 1, 94, 10088
2026/05/24 19:11:42.964, 2, 100, 10088
2026/05/24 19:11:42.967, 3, 51, 10088
2026/05/24 19:11:58.070, 0, 44, 10490
2026/05/24 19:11:58.074, 1, 0, 10088
2026/05/24 19:11:58.077, 2, 0, 10088
2026/05/24 19:11:58.080, 3, 100, 10088
2026/05/24 19:12:13.181, 0, 100, 10490
2026/05/24 19:12:13.184, 1, 100, 10088
2026/05/24 19:12:13.185, 2, 0, 10088
2026/05/24 19:12:13.187, 3, 0, 10088
2026/05/24 19:12:28.269, 0, 2, 10490
2026/05/24 19:12:28.271, 1, 0, 10088
2026/05/24 19:12:28.273, 2, 0, 10088
2026/05/24 19:12:28.274, 3, 0, 10088
2026/05/24 19:12:43.522, 0, 10, 10490
2026/05/24 19:12:43.524, 1, 0, 10088
2026/05/24 19:12:43.526, 2, 0, 10088
2026/05/24 19:12:43.527, 3, 0, 10088
2026/05/24 19:12:58.609, 0, 9, 10490
2026/05/24 19:12:58.611, 1, 0, 10088
2026/05/24 19:12:58.613, 2, 0, 10088
2026/05/24 19:12:58.614, 3, 100, 10088
2026/05/24 19:13:13.697, 0, 9, 10490
2026/05/24 19:13:13.699, 1, 0, 10088
2026/05/24 19:13:13.701, 2, 0, 10088
2026/05/24 19:13:13.702, 3, 0, 10088
2026/05/24 19:13:28.786, 0, 8, 10490
2026/05/24 19:13:28.788, 1, 0, 10088
2026/05/24 19:13:28.789, 2, 100, 10088
2026/05/24 19:13:28.790, 3, 100, 10088
2026/05/24 19:13:43.873, 0, 1, 10490
2026/05/24 19:13:43.970, 1, 0, 10088
2026/05/24 19:13:43.971, 2, 0, 10088
2026/05/24 19:13:43.972, 3, 0, 10088
2026/05/24 19:13:59.074, 0, 12, 10490
2026/05/24 19:13:59.076, 1, 0, 10088
2026/05/24 19:13:59.077, 2, 0, 10088
2026/05/24 19:13:59.078, 3, 0, 10088
2026/05/24 19:14:14.241, 0, 10, 10490
2026/05/24 19:14:14.245, 1, 0, 10088
2026/05/24 19:14:14.248, 2, 100, 10088
2026/05/24 19:14:14.252, 3, 0, 10088
2026/05/24 19:14:29.341, 0, 4, 10490
2026/05/24 19:14:29.343, 1, 0, 10088
2026/05/24 19:14:29.345, 2, 0, 10088
2026/05/24 19:14:29.346, 3, 0, 10088
2026/05/24 19:14:44.491, 0, 3, 10490
2026/05/24 19:14:44.493, 1, 0, 10088
2026/05/24 19:14:44.494, 2, 29, 10088
2026/05/24 19:14:44.495, 3, 100, 10088
2026/05/24 19:14:59.601, 0, 4, 10490
2026/05/24 19:14:59.603, 1, 0, 10088
2026/05/24 19:14:59.606, 2, 0, 10088
2026/05/24 19:14:59.609, 3, 0, 10088
2026/05/24 19:15:14.758, 0, 3, 10490
2026/05/24 19:15:14.813, 1, 0, 10088
2026/05/24 19:15:14.815, 2, 0, 10088
2026/05/24 19:15:14.818, 3, 0, 10088
2026/05/24 19:15:29.982, 0, 16, 10490
2026/05/24 19:15:29.984, 1, 0, 10088
2026/05/24 19:15:29.986, 2, 0, 10088
2026/05/24 19:15:29.987, 3, 0, 10088
2026/05/24 19:15:45.089, 0, 100, 10490
2026/05/24 19:15:45.091, 1, 100, 10088
2026/05/24 19:15:45.092, 2, 100, 10088
2026/05/24 19:15:45.094, 3, 0, 10088
2026/05/24 19:16:00.178, 0, 0, 10490
2026/05/24 19:16:00.180, 1, 0, 10088
2026/05/24 19:16:00.181, 2, 0, 10088
2026/05/24 19:16:00.182, 3, 0, 10088
2026/05/24 19:16:15.335, 0, 100, 10490
2026/05/24 19:16:15.339, 1, 72, 10088
2026/05/24 19:16:15.341, 2, 100, 10088
2026/05/24 19:16:15.344, 3, 100, 10088
2026/05/24 19:16:30.441, 0, 100, 10490
2026/05/24 19:16:30.443, 1, 0, 10088
2026/05/24 19:16:30.445, 2, 0, 10088
2026/05/24 19:16:30.446, 3, 100, 10088
2026/05/24 19:16:45.529, 0, 13, 10490
2026/05/24 19:16:45.532, 1, 0, 10088
2026/05/24 19:16:45.533, 2, 0, 10088
2026/05/24 19:16:45.534, 3, 0, 10088
2026/05/24 19:17:00.687, 0, 100, 10490
2026/05/24 19:17:00.692, 1, 100, 10088
2026/05/24 19:17:00.695, 2, 100, 10088
2026/05/24 19:17:00.698, 3, 12, 10088
2026/05/24 19:17:15.787, 0, 100, 10490
2026/05/24 19:17:15.789, 1, 100, 10088
2026/05/24 19:17:15.790, 2, 92, 10088
2026/05/24 19:17:15.791, 3, 100, 10088
2026/05/24 19:17:30.953, 0, 1, 10490
2026/05/24 19:17:30.955, 1, 0, 10088
2026/05/24 19:17:30.957, 2, 0, 10088
2026/05/24 19:17:30.958, 3, 0, 10088
2026/05/24 19:17:46.041, 0, 9, 10490
2026/05/24 19:17:46.043, 1, 0, 10088
2026/05/24 19:17:46.045, 2, 44, 10088
2026/05/24 19:17:46.046, 3, 0, 10088
2026/05/24 19:18:01.205, 0, 13, 10490
2026/05/24 19:18:01.207, 1, 0, 10088
2026/05/24 19:18:01.209, 2, 0, 10088
2026/05/24 19:18:01.210, 3, 0, 10088
2026/05/24 19:18:16.294, 0, 100, 10490
2026/05/24 19:18:16.296, 1, 86, 10088
2026/05/24 19:18:16.297, 2, 64, 10088
2026/05/24 19:18:16.299, 3, 100, 10088
2026/05/24 19:18:31.422, 0, 9, 10490
2026/05/24 19:18:31.424, 1, 0, 10088
2026/05/24 19:18:31.425, 2, 0, 10088
2026/05/24 19:18:31.427, 3, 0, 10088
2026/05/24 19:18:46.514, 0, 100, 10490
2026/05/24 19:18:46.518, 1, 98, 10088
2026/05/24 19:18:46.521, 2, 0, 10088
2026/05/24 19:18:46.522, 3, 0, 10088
2026/05/24 19:19:01.612, 0, 100, 10490
2026/05/24 19:19:01.614, 1, 100, 10088
2026/05/24 19:19:01.615, 2, 100, 10088
2026/05/24 19:19:01.617, 3, 100, 10088
2026/05/24 19:19:16.722, 0, 9, 10490
2026/05/24 19:19:16.724, 1, 0, 10088
2026/05/24 19:19:16.725, 2, 0, 10088
2026/05/24 19:19:16.726, 3, 0, 10088
2026/05/24 19:19:31.895, 0, 4, 10490
2026/05/24 19:19:31.897, 1, 0, 10088
2026/05/24 19:19:31.899, 2, 0, 10088
2026/05/24 19:19:31.900, 3, 0, 10088
2026/05/24 19:19:46.985, 0, 9, 10490
2026/05/24 19:19:46.987, 1, 0, 10088
2026/05/24 19:19:46.989, 2, 0, 10088
2026/05/24 19:19:46.990, 3, 0, 10088
2026/05/24 19:20:02.083, 0, 42, 10490
2026/05/24 19:20:02.087, 1, 91, 10088
2026/05/24 19:20:02.090, 2, 100, 10088
2026/05/24 19:20:02.093, 3, 100, 10088
2026/05/24 19:20:17.202, 0, 18, 10490
2026/05/24 19:20:17.204, 1, 100, 10088
2026/05/24 19:20:17.205, 2, 100, 10088
2026/05/24 19:20:17.206, 3, 0, 10088
2026/05/24 19:20:32.377, 0, 0, 10490
2026/05/24 19:20:32.379, 1, 0, 10088
2026/05/24 19:20:32.380, 2, 0, 10088
2026/05/24 19:20:32.382, 3, 0, 10088
2026/05/24 19:20:47.486, 0, 13, 10490
2026/05/24 19:20:47.488, 1, 0, 10088
2026/05/24 19:20:47.489, 2, 0, 10088
2026/05/24 19:20:47.491, 3, 0, 10088
2026/05/24 19:21:03.042, 0, 100, 10490
2026/05/24 19:21:03.045, 1, 100, 10088
2026/05/24 19:21:03.047, 2, 68, 10088
2026/05/24 19:21:03.051, 3, 100, 10088
2026/05/24 19:21:18.218, 0, 100, 10490
2026/05/24 19:21:18.222, 1, 100, 10088
2026/05/24 19:21:18.225, 2, 100, 10088
2026/05/24 19:21:18.228, 3, 2, 10088
2026/05/24 19:21:33.362, 0, 9, 10490
2026/05/24 19:21:33.364, 1, 0, 10088
2026/05/24 19:21:33.365, 2, 0, 10088
2026/05/24 19:21:33.366, 3, 0, 10088
2026/05/24 19:21:48.470, 0, 100, 10490
2026/05/24 19:21:48.475, 1, 100, 10088
2026/05/24 19:21:48.478, 2, 64, 10088
2026/05/24 19:21:48.481, 3, 0, 10088
2026/05/24 19:22:03.590, 0, 13, 10490
2026/05/24 19:22:03.592, 1, 0, 10088
2026/05/24 19:22:03.593, 2, 0, 10088
2026/05/24 19:22:03.595, 3, 0, 10088
2026/05/24 19:22:18.678, 0, 2, 10490
2026/05/24 19:22:18.680, 1, 0, 10088
2026/05/24 19:22:18.681, 2, 0, 10088
2026/05/24 19:22:18.682, 3, 0, 10088
2026/05/24 19:22:33.969, 0, 100, 10490
2026/05/24 19:22:33.971, 1, 100, 10088
2026/05/24 19:22:33.972, 2, 100, 10088
2026/05/24 19:22:33.974, 3, 0, 10088
2026/05/24 19:22:49.046, 0, 0, 10490
2026/05/24 19:22:49.047, 1, 0, 10088
2026/05/24 19:22:49.048, 2, 0, 10088
2026/05/24 19:22:49.049, 3, 0, 10088
2026/05/24 19:23:04.155, 0, 64, 10490
2026/05/24 19:23:04.158, 1, 100, 10088
2026/05/24 19:23:04.161, 2, 100, 10088
2026/05/24 19:23:04.164, 3, 100, 10088
2026/05/24 19:23:19.275, 0, 13, 10490
2026/05/24 19:23:19.277, 1, 0, 10088
2026/05/24 19:23:19.278, 2, 0, 10088
2026/05/24 19:23:19.279, 3, 0, 10088
2026/05/24 19:23:34.539, 0, 100, 10490
2026/05/24 19:23:34.541, 1, 100, 10088
2026/05/24 19:23:34.628, 2, 50, 10088
2026/05/24 19:23:34.632, 3, 0, 10088
2026/05/24 19:23:49.786, 0, 9, 10490
2026/05/24 19:23:49.788, 1, 0, 10088
2026/05/24 19:23:49.789, 2, 0, 10088
2026/05/24 19:23:49.791, 3, 0, 10088
2026/05/24 19:24:04.919, 0, 100, 10490
2026/05/24 19:24:04.923, 1, 99, 10088
2026/05/24 19:24:04.926, 2, 0, 10088
2026/05/24 19:24:04.928, 3, 0, 10088
2026/05/24 19:24:20.011, 0, 9, 10490
2026/05/24 19:24:20.013, 1, 0, 10088
2026/05/24 19:24:20.014, 2, 0, 10088
2026/05/24 19:24:20.015, 3, 0, 10088
2026/05/24 19:24:35.129, 0, 9, 10490
2026/05/24 19:24:35.131, 1, 0, 10088
2026/05/24 19:24:35.132, 2, 0, 10088
2026/05/24 19:24:35.133, 3, 0, 10088
2026/05/24 19:24:50.443, 0, 100, 10490
2026/05/24 19:24:50.445, 1, 0, 10088
2026/05/24 19:24:50.446, 2, 0, 10088
2026/05/24 19:24:50.448, 3, 93, 10088
2026/05/24 19:25:05.555, 0, 100, 10490
2026/05/24 19:25:05.558, 1, 100, 10088
2026/05/24 19:25:05.561, 2, 55, 10088
2026/05/24 19:25:05.565, 3, 0, 10088
2026/05/24 19:25:20.661, 0, 9, 10490
2026/05/24 19:25:20.663, 1, 0, 10088
2026/05/24 19:25:20.664, 2, 56, 10088
2026/05/24 19:25:20.665, 3, 100, 10088
2026/05/24 19:25:35.743, 0, 10, 10490
2026/05/24 19:25:35.745, 1, 0, 10088
2026/05/24 19:25:35.746, 2, 0, 10088
2026/05/24 19:25:35.747, 3, 0, 10088
2026/05/24 19:25:50.954, 0, 9, 10490
2026/05/24 19:25:50.956, 1, 0, 10088
2026/05/24 19:25:50.957, 2, 0, 10088
2026/05/24 19:25:50.958, 3, 0, 10088
2026/05/24 19:26:06.154, 0, 14, 10490
2026/05/24 19:26:06.156, 1, 0, 10088
2026/05/24 19:26:06.157, 2, 0, 10088
2026/05/24 19:26:06.158, 3, 0, 10088
2026/05/24 19:26:21.237, 0, 9, 10490
2026/05/24 19:26:21.239, 1, 0, 10088
2026/05/24 19:26:21.240, 2, 0, 10088
2026/05/24 19:26:21.241, 3, 0, 10088
2026/05/24 19:26:36.327, 0, 6, 10490
2026/05/24 19:26:36.331, 1, 0, 10088
2026/05/24 19:26:36.334, 2, 0, 10088
2026/05/24 19:26:36.336, 3, 0, 10088
2026/05/24 19:26:51.816, 0, 100, 10490
2026/05/24 19:26:51.818, 1, 100, 10088
2026/05/24 19:26:51.819, 2, 100, 10088
2026/05/24 19:26:51.820, 3, 100, 10088
2026/05/24 19:27:07.048, 0, 8, 10490
2026/05/24 19:27:07.052, 1, 0, 10088
2026/05/24 19:27:07.055, 2, 0, 10088
2026/05/24 19:27:07.058, 3, 0, 10088
2026/05/24 19:27:22.227, 0, 8, 10490
2026/05/24 19:27:22.229, 1, 0, 10088
2026/05/24 19:27:22.230, 2, 0, 10088
2026/05/24 19:27:22.232, 3, 0, 10088
2026/05/24 19:27:37.334, 0, 4, 10490
2026/05/24 19:27:37.336, 1, 0, 10088
2026/05/24 19:27:37.337, 2, 0, 10088
2026/05/24 19:27:37.338, 3, 0, 10088
2026/05/24 19:27:52.627, 0, 27, 10490
2026/05/24 19:27:52.631, 1, 100, 10088
2026/05/24 19:27:52.633, 2, 89, 10088
2026/05/24 19:27:52.636, 3, 0, 10088
2026/05/24 19:28:07.740, 0, 100, 10490
2026/05/24 19:28:07.744, 1, 100, 10088
2026/05/24 19:28:07.746, 2, 100, 10088
2026/05/24 19:28:07.749, 3, 0, 10088
2026/05/24 19:28:22.850, 0, 100, 10490
2026/05/24 19:28:22.854, 1, 100, 10088
2026/05/24 19:28:22.859, 2, 13, 10088
2026/05/24 19:28:22.862, 3, 0, 10088
2026/05/24 19:28:37.970, 0, 13, 10490
2026/05/24 19:28:37.972, 1, 0, 10088
2026/05/24 19:28:37.973, 2, 0, 10088
2026/05/24 19:28:37.975, 3, 0, 10088
2026/05/24 19:28:53.328, 0, 6, 10490
2026/05/24 19:28:53.330, 1, 0, 10088
2026/05/24 19:28:53.331, 2, 0, 10088
2026/05/24 19:28:53.332, 3, 0, 10088
2026/05/24 19:29:08.618, 0, 100, 10490
2026/05/24 19:29:08.622, 1, 46, 10088
2026/05/24 19:29:08.625, 2, 78, 10088
2026/05/24 19:29:08.629, 3, 100, 10088
2026/05/24 19:29:23.826, 0, 63, 10490
2026/05/24 19:29:23.828, 1, 100, 10088
2026/05/24 19:29:23.829, 2, 100, 10088
2026/05/24 19:29:23.830, 3, 100, 10088
2026/05/24 19:29:38.914, 0, 3, 10490
2026/05/24 19:29:38.916, 1, 0, 10088
2026/05/24 19:29:38.917, 2, 0, 10088
2026/05/24 19:29:38.919, 3, 0, 10088
2026/05/24 19:29:54.123, 0, 100, 10490
2026/05/24 19:29:54.125, 1, 100, 10088
2026/05/24 19:29:54.127, 2, 100, 10088
2026/05/24 19:29:54.130, 3, 100, 10088
2026/05/24 19:30:09.238, 0, 13, 10490
2026/05/24 19:30:09.240, 1, 0, 10088
2026/05/24 19:30:09.242, 2, 0, 10088
2026/05/24 19:30:09.243, 3, 0, 10088
2026/05/24 19:30:24.367, 0, 0, 10490
2026/05/24 19:30:24.370, 1, 3, 10088
2026/05/24 19:30:24.373, 2, 100, 10088
2026/05/24 19:30:24.375, 3, 27, 10088
2026/05/24 19:30:39.505, 0, 100, 10490
2026/05/24 19:30:39.507, 1, 0, 10088
2026/05/24 19:30:39.508, 2, 0, 10088
2026/05/24 19:30:39.510, 3, 0, 10088
2026/05/24 19:30:54.594, 0, 100, 10490
2026/05/24 19:30:54.596, 1, 0, 10088
2026/05/24 19:30:54.597, 2, 100, 10088
2026/05/24 19:30:54.599, 3, 100, 10088
2026/05/24 19:31:09.681, 0, 9, 10490
2026/05/24 19:31:09.683, 1, 0, 10088
2026/05/24 19:31:09.685, 2, 0, 10088
2026/05/24 19:31:09.686, 3, 0, 10088
2026/05/24 19:31:24.786, 0, 16, 10490
2026/05/24 19:31:24.788, 1, 0, 10088
2026/05/24 19:31:24.789, 2, 0, 10088
2026/05/24 19:31:24.791, 3, 0, 10088
2026/05/24 19:31:39.918, 0, 4, 10490
2026/05/24 19:31:39.920, 1, 0, 10088
2026/05/24 19:31:39.921, 2, 0, 10088
2026/05/24 19:31:39.922, 3, 0, 10088
2026/05/24 19:31:55.273, 0, 9, 10490
2026/05/24 19:31:55.275, 1, 0, 10088
2026/05/24 19:31:55.277, 2, 0, 10088
2026/05/24 19:31:55.278, 3, 0, 10088
2026/05/24 19:32:10.361, 0, 100, 10490
2026/05/24 19:32:10.363, 1, 100, 10088
2026/05/24 19:32:10.364, 2, 0, 10088
2026/05/24 19:32:10.366, 3, 0, 10088
2026/05/24 19:32:25.533, 0, 10, 10490
2026/05/24 19:32:25.565, 1, 100, 10088
2026/05/24 19:32:25.568, 2, 100, 10088
2026/05/24 19:32:25.571, 3, 0, 10088
2026/05/24 19:32:40.680, 0, 13, 10490
2026/05/24 19:32:40.682, 1, 0, 10088
2026/05/24 19:32:40.683, 2, 0, 10088
2026/05/24 19:32:40.684, 3, 0, 10088
2026/05/24 19:32:55.841, 0, 5, 10490
2026/05/24 19:32:55.843, 1, 0, 10088
2026/05/24 19:32:55.845, 2, 0, 10088
2026/05/24 19:32:55.846, 3, 0, 10088
2026/05/24 19:33:10.969, 0, 100, 10490
2026/05/24 19:33:10.973, 1, 100, 10088
2026/05/24 19:33:10.976, 2, 100, 10088
2026/05/24 19:33:10.979, 3, 100, 10088
2026/05/24 19:33:26.138, 0, 9, 10490
2026/05/24 19:33:26.141, 1, 0, 10088
2026/05/24 19:33:26.144, 2, 0, 10088
2026/05/24 19:33:26.147, 3, 97, 10088
2026/05/24 19:33:41.432, 0, 2, 10490
2026/05/24 19:33:41.436, 1, 0, 10088
2026/05/24 19:33:41.438, 2, 27, 10088
2026/05/24 19:33:41.441, 3, 100, 10088
2026/05/24 19:33:56.589, 0, 13, 10490
2026/05/24 19:33:56.592, 1, 0, 10088
2026/05/24 19:33:56.593, 2, 0, 10088
2026/05/24 19:33:56.594, 3, 0, 10088
2026/05/24 19:34:11.694, 0, 100, 10490
2026/05/24 19:34:11.696, 1, 100, 10088
2026/05/24 19:34:11.697, 2, 100, 10088
2026/05/24 19:34:11.698, 3, 0, 10088
2026/05/24 19:34:26.781, 0, 9, 10490
2026/05/24 19:34:26.783, 1, 0, 10088
2026/05/24 19:34:26.784, 2, 0, 10088
2026/05/24 19:34:26.786, 3, 0, 10088
2026/05/24 19:34:41.869, 0, 8, 10490
2026/05/24 19:34:41.871, 1, 0, 10088
2026/05/24 19:34:41.873, 2, 0, 10088
2026/05/24 19:34:41.874, 3, 0, 10088
2026/05/24 19:34:57.236, 0, 0, 10490
2026/05/24 19:34:57.239, 1, 90, 10088
2026/05/24 19:34:57.243, 2, 100, 10088
2026/05/24 19:34:57.246, 3, 100, 10088
2026/05/24 19:35:12.359, 0, 14, 10490
2026/05/24 19:35:12.361, 1, 0, 10088
2026/05/24 19:35:12.362, 2, 0, 10088
2026/05/24 19:35:12.364, 3, 0, 10088
2026/05/24 19:35:27.449, 0, 9, 10490
2026/05/24 19:35:27.451, 1, 0, 10088
2026/05/24 19:35:27.453, 2, 0, 10088
2026/05/24 19:35:27.454, 3, 0, 10088
2026/05/24 19:35:42.537, 0, 1, 10490
2026/05/24 19:35:42.539, 1, 0, 10088
2026/05/24 19:35:42.541, 2, 0, 10088
2026/05/24 19:35:42.542, 3, 0, 10088
2026/05/24 19:35:57.717, 0, 0, 10490
2026/05/24 19:35:57.719, 1, 0, 10088
2026/05/24 19:35:57.721, 2, 0, 10088
2026/05/24 19:35:57.722, 3, 0, 10088
2026/05/24 19:36:12.805, 0, 9, 10490
2026/05/24 19:36:12.807, 1, 0, 10088
2026/05/24 19:36:12.809, 2, 0, 10088
2026/05/24 19:36:12.810, 3, 0, 10088
2026/05/24 19:36:27.942, 0, 13, 10490
2026/05/24 19:36:27.944, 1, 0, 10088
2026/05/24 19:36:27.946, 2, 0, 10088
2026/05/24 19:36:27.947, 3, 0, 10088
2026/05/24 19:36:43.033, 0, 15, 10490
2026/05/24 19:36:43.035, 1, 100, 10088
2026/05/24 19:36:43.037, 2, 100, 10088
2026/05/24 19:36:43.038, 3, 100, 10088
2026/05/24 19:36:58.366, 0, 6, 10490
2026/05/24 19:36:58.369, 1, 0, 10088
2026/05/24 19:36:58.370, 2, 0, 10088
2026/05/24 19:36:58.371, 3, 0, 10088
2026/05/24 19:37:13.462, 0, 100, 10490
2026/05/24 19:37:13.466, 1, 100, 10088
2026/05/24 19:37:13.469, 2, 64, 10088
2026/05/24 19:37:13.472, 3, 100, 10088
2026/05/24 19:37:28.569, 0, 8, 10490
2026/05/24 19:37:28.571, 1, 0, 10088
2026/05/24 19:37:28.573, 2, 0, 10088
2026/05/24 19:37:28.574, 3, 0, 10088
2026/05/24 19:37:43.673, 0, 9, 10490
2026/05/24 19:37:43.675, 1, 0, 10088
2026/05/24 19:37:43.677, 2, 0, 10088
2026/05/24 19:37:43.678, 3, 0, 10088
2026/05/24 19:37:58.854, 0, 4, 10490
2026/05/24 19:37:58.943, 1, 0, 10088
2026/05/24 19:37:58.944, 2, 0, 10088
2026/05/24 19:37:58.946, 3, 0, 10088
2026/05/24 19:38:14.109, 0, 100, 10490
2026/05/24 19:38:14.111, 1, 100, 10088
2026/05/24 19:38:14.113, 2, 100, 10088
2026/05/24 19:38:14.114, 3, 100, 10088
2026/05/24 19:38:29.227, 0, 67, 10490
2026/05/24 19:38:29.231, 1, 67, 10088
2026/05/24 19:38:29.234, 2, 0, 10088
2026/05/24 19:38:29.238, 3, 100, 10088
2026/05/24 19:38:44.357, 0, 0, 10490
2026/05/24 19:38:44.361, 1, 47, 10088
2026/05/24 19:38:44.364, 2, 100, 10088
2026/05/24 19:38:44.366, 3, 91, 10088
2026/05/24 19:38:59.477, 0, 8, 10490
2026/05/24 19:38:59.479, 1, 0, 10088
2026/05/24 19:38:59.481, 2, 0, 10088
2026/05/24 19:38:59.482, 3, 0, 10088
2026/05/24 19:39:14.582, 0, 14, 10490
2026/05/24 19:39:14.584, 1, 0, 10088
2026/05/24 19:39:14.585, 2, 0, 10088
2026/05/24 19:39:14.587, 3, 0, 10088
2026/05/24 19:39:29.679, 0, 9, 10490
2026/05/24 19:39:29.683, 1, 100, 10088
2026/05/24 19:39:29.686, 2, 94, 10088
2026/05/24 19:39:29.689, 3, 0, 10088
2026/05/24 19:39:44.782, 0, 9, 10490
2026/05/24 19:39:44.784, 1, 0, 10088
2026/05/24 19:39:44.785, 2, 0, 10088
2026/05/24 19:39:44.786, 3, 100, 10088
2026/05/24 19:39:59.965, 0, 0, 10490
2026/05/24 19:39:59.967, 1, 0, 10088
2026/05/24 19:39:59.969, 2, 0, 10088
2026/05/24 19:39:59.970, 3, 0, 10088
2026/05/24 19:40:15.173, 0, 9, 10490
2026/05/24 19:40:15.175, 1, 0, 10088
2026/05/24 19:40:15.176, 2, 0, 10088
2026/05/24 19:40:15.178, 3, 0, 10088
2026/05/24 19:40:30.282, 0, 12, 10490
2026/05/24 19:40:30.284, 1, 0, 10088
2026/05/24 19:40:30.285, 2, 0, 10088
2026/05/24 19:40:30.287, 3, 0, 10088
2026/05/24 19:40:45.374, 0, 100, 10490
2026/05/24 19:40:45.378, 1, 98, 10088
2026/05/24 19:40:45.381, 2, 0, 10088
2026/05/24 19:40:45.383, 3, 0, 10088
2026/05/24 19:41:00.739, 0, 71, 10490
2026/05/24 19:41:00.743, 1, 68, 10088
2026/05/24 19:41:00.747, 2, 100, 10088
2026/05/24 19:41:00.751, 3, 100, 10088
2026/05/24 19:41:15.875, 0, 100, 10490
2026/05/24 19:41:15.879, 1, 100, 10088
2026/05/24 19:41:15.881, 2, 100, 10088
2026/05/24 19:41:15.885, 3, 100, 10088
2026/05/24 19:41:30.991, 0, 65, 10490
2026/05/24 19:41:30.995, 1, 100, 10088
2026/05/24 19:41:30.997, 2, 100, 10088
2026/05/24 19:41:31.000, 3, 0, 10088
2026/05/24 19:41:46.114, 0, 14, 10490
2026/05/24 19:41:46.116, 1, 0, 10088
2026/05/24 19:41:46.118, 2, 0, 10088
2026/05/24 19:41:46.119, 3, 0, 10088
2026/05/24 19:42:01.436, 0, 1, 10490
2026/05/24 19:42:01.438, 1, 0, 10088
2026/05/24 19:42:01.439, 2, 0, 10088
2026/05/24 19:42:01.441, 3, 0, 10088
2026/05/24 19:42:16.525, 0, 9, 10490
2026/05/24 19:42:16.527, 1, 0, 10088
2026/05/24 19:42:16.528, 2, 0, 10088
2026/05/24 19:42:16.530, 3, 0, 10088
2026/05/24 19:42:31.667, 0, 100, 10490
2026/05/24 19:42:31.671, 1, 100, 10088
2026/05/24 19:42:31.674, 2, 100, 10088
2026/05/24 19:42:31.677, 3, 0, 10088
2026/05/24 19:42:46.773, 0, 9, 10490
2026/05/24 19:42:46.775, 1, 0, 10088
2026/05/24 19:42:46.777, 2, 0, 10088
2026/05/24 19:42:46.778, 3, 0, 10088
2026/05/24 19:43:01.878, 0, 23, 10490
2026/05/24 19:43:01.880, 1, 0, 10088
2026/05/24 19:43:01.881, 2, 0, 10088
2026/05/24 19:43:01.883, 3, 0, 10088
2026/05/24 19:43:17.030, 0, 4, 10490
2026/05/24 19:43:17.032, 1, 0, 10088
2026/05/24 19:43:17.034, 2, 0, 10088
2026/05/24 19:43:17.035, 3, 0, 10088
2026/05/24 19:43:32.137, 0, 0, 10490
2026/05/24 19:43:32.139, 1, 0, 10088
2026/05/24 19:43:32.140, 2, 0, 10088
2026/05/24 19:43:32.142, 3, 0, 10088
2026/05/24 19:43:47.257, 0, 100, 10490
2026/05/24 19:43:47.261, 1, 100, 10088
2026/05/24 19:43:47.264, 2, 100, 10088
2026/05/24 19:43:47.267, 3, 0, 10088
2026/05/24 19:44:02.361, 0, 9, 10490
2026/05/24 19:44:02.363, 1, 0, 10088
2026/05/24 19:44:02.364, 2, 0, 10088
2026/05/24 19:44:02.366, 3, 0, 10088
2026/05/24 19:44:17.470, 0, 5, 10490
2026/05/24 19:44:17.472, 1, 0, 10088
2026/05/24 19:44:17.473, 2, 0, 10088
2026/05/24 19:44:17.475, 3, 0, 10088
2026/05/24 19:44:32.757, 0, 1, 10490
2026/05/24 19:44:32.759, 1, 0, 10088
2026/05/24 19:44:32.761, 2, 100, 10088
2026/05/24 19:44:32.762, 3, 0, 10088
2026/05/24 19:44:47.855, 0, 100, 10490
2026/05/24 19:44:47.860, 1, 82, 10088
2026/05/24 19:44:47.863, 2, 69, 10088
2026/05/24 19:44:47.866, 3, 100, 10088
2026/05/24 19:45:02.966, 0, 10, 10490
2026/05/24 19:45:02.969, 1, 0, 10088
2026/05/24 19:45:02.972, 2, 0, 10088
2026/05/24 19:45:02.974, 3, 0, 10088
2026/05/24 19:45:18.080, 0, 100, 10490
2026/05/24 19:45:18.082, 1, 100, 10088
2026/05/24 19:45:18.084, 2, 100, 10088
2026/05/24 19:45:18.085, 3, 100, 10088
2026/05/24 19:45:33.520, 0, 100, 10490
2026/05/24 19:45:33.522, 1, 100, 10088
2026/05/24 19:45:33.523, 2, 0, 10088
2026/05/24 19:45:33.524, 3, 0, 10088
2026/05/24 19:45:48.605, 0, 100, 10490
2026/05/24 19:45:48.607, 1, 0, 10088
2026/05/24 19:45:48.608, 2, 0, 10088
2026/05/24 19:45:48.610, 3, 0, 10088
2026/05/24 19:46:03.726, 0, 100, 10490
2026/05/24 19:46:03.728, 1, 0, 10088
2026/05/24 19:46:03.730, 2, 100, 10088
2026/05/24 19:46:03.731, 3, 100, 10088
2026/05/24 19:46:18.823, 0, 0, 10490
2026/05/24 19:46:18.828, 1, 32, 10088
2026/05/24 19:46:18.831, 2, 42, 10088
2026/05/24 19:46:18.867, 3, 100, 10088
2026/05/24 19:46:34.254, 0, 100, 10490
2026/05/24 19:46:34.257, 1, 100, 10088
2026/05/24 19:46:34.259, 2, 100, 10088
2026/05/24 19:46:34.260, 3, 100, 10088
2026/05/24 19:46:49.763, 0, 0, 10490
2026/05/24 19:46:49.765, 1, 0, 10088
2026/05/24 19:46:49.767, 2, 0, 10088
2026/05/24 19:46:49.768, 3, 0, 10088
2026/05/24 19:47:04.870, 0, 14, 10490
2026/05/24 19:47:04.873, 1, 0, 10088
2026/05/24 19:47:04.874, 2, 0, 10088
2026/05/24 19:47:04.875, 3, 0, 10088
2026/05/24 19:47:19.981, 0, 4, 10490
2026/05/24 19:47:19.983, 1, 0, 10088
2026/05/24 19:47:19.984, 2, 0, 10088
2026/05/24 19:47:19.986, 3, 0, 10088
2026/05/24 19:47:35.069, 0, 9, 10490
2026/05/24 19:47:35.071, 1, 0, 10088
2026/05/24 19:47:35.073, 2, 0, 10088
2026/05/24 19:47:35.074, 3, 0, 10088
2026/05/24 19:47:50.158, 0, 8, 10490
2026/05/24 19:47:50.160, 1, 0, 10088
2026/05/24 19:47:50.161, 2, 0, 10088
2026/05/24 19:47:50.163, 3, 0, 10088
2026/05/24 19:48:05.246, 0, 1, 10490
2026/05/24 19:48:05.248, 1, 0, 10088
2026/05/24 19:48:05.249, 2, 55, 10088
2026/05/24 19:48:05.251, 3, 0, 10088
2026/05/24 19:48:20.416, 0, 13, 10490
2026/05/24 19:48:20.419, 1, 0, 10088
2026/05/24 19:48:20.420, 2, 0, 10088
2026/05/24 19:48:20.421, 3, 0, 10088
2026/05/24 19:48:35.505, 0, 100, 10490
2026/05/24 19:48:35.507, 1, 100, 10088
2026/05/24 19:48:35.508, 2, 0, 10088
2026/05/24 19:48:35.510, 3, 0, 10088
2026/05/24 19:48:50.593, 0, 71, 10490
2026/05/24 19:48:50.595, 1, 100, 10088
2026/05/24 19:48:50.597, 2, 0, 10088
2026/05/24 19:48:50.598, 3, 0, 10088
2026/05/24 19:49:05.780, 0, 100, 10490
2026/05/24 19:49:05.784, 1, 84, 10088
2026/05/24 19:49:05.788, 2, 100, 10088
2026/05/24 19:49:05.791, 3, 0, 10088
2026/05/24 19:49:20.912, 0, 2, 10490
2026/05/24 19:49:20.915, 1, 100, 10088
2026/05/24 19:49:20.917, 2, 66, 10088
2026/05/24 19:49:20.920, 3, 100, 10088
2026/05/24 19:49:36.054, 0, 14, 10490
2026/05/24 19:49:36.056, 1, 0, 10088
2026/05/24 19:49:36.057, 2, 0, 10088
2026/05/24 19:49:36.058, 3, 100, 10088
2026/05/24 19:49:51.165, 0, 10, 10490
2026/05/24 19:49:51.168, 1, 0, 10088
2026/05/24 19:49:51.171, 2, 0, 10088
2026/05/24 19:49:51.173, 3, 100, 10088
2026/05/24 19:50:06.287, 0, 100, 10490
2026/05/24 19:50:06.289, 1, 100, 10088
2026/05/24 19:50:06.291, 2, 100, 10088
2026/05/24 19:50:06.292, 3, 100, 10088
2026/05/24 19:50:21.473, 0, 1, 10490
2026/05/24 19:50:21.475, 1, 0, 10088
2026/05/24 19:50:21.477, 2, 0, 10088
2026/05/24 19:50:21.478, 3, 0, 10088
2026/05/24 19:50:36.563, 0, 100, 10490
2026/05/24 19:50:36.567, 1, 72, 10088
2026/05/24 19:50:36.570, 2, 100, 10088
2026/05/24 19:50:36.573, 3, 100, 10088
2026/05/24 19:50:51.793, 0, 9, 10490
2026/05/24 19:50:51.795, 1, 0, 10088
2026/05/24 19:50:51.797, 2, 0, 10088
2026/05/24 19:50:51.798, 3, 0, 10088
2026/05/24 19:51:06.882, 0, 9, 10490
2026/05/24 19:51:06.884, 1, 0, 10088
2026/05/24 19:51:06.885, 2, 0, 10088
2026/05/24 19:51:06.886, 3, 0, 10088
2026/05/24 19:51:21.970, 0, 4, 10490
2026/05/24 19:51:21.972, 1, 0, 10088
2026/05/24 19:51:21.973, 2, 0, 10088
2026/05/24 19:51:21.974, 3, 0, 10088
2026/05/24 19:51:37.102, 0, 65, 10490
2026/05/24 19:51:37.113, 1, 100, 10088
2026/05/24 19:51:37.116, 2, 100, 10088
2026/05/24 19:51:37.119, 3, 0, 10088
2026/05/24 19:51:52.288, 0, 100, 10490
2026/05/24 19:51:52.292, 1, 100, 10088
2026/05/24 19:51:52.296, 2, 1, 10088
2026/05/24 19:51:52.299, 3, 0, 10088
2026/05/24 19:52:07.390, 0, 100, 10490
2026/05/24 19:52:07.393, 1, 100, 10088
2026/05/24 19:52:07.394, 2, 100, 10088
2026/05/24 19:52:07.395, 3, 88, 10088
2026/05/24 19:52:22.477, 0, 4, 10490
2026/05/24 19:52:22.479, 1, 0, 10088
2026/05/24 19:52:22.480, 2, 0, 10088
2026/05/24 19:52:22.482, 3, 0, 10088
2026/05/24 19:52:37.857, 0, 4, 10490
2026/05/24 19:52:37.859, 1, 0, 10088
2026/05/24 19:52:37.860, 2, 0, 10088
2026/05/24 19:52:37.861, 3, 0, 10088
2026/05/24 19:52:52.989, 0, 0, 10490
2026/05/24 19:52:52.991, 1, 0, 10088
2026/05/24 19:52:52.993, 2, 0, 10088
2026/05/24 19:52:52.994, 3, 0, 10088
2026/05/24 19:53:08.177, 0, 8, 10490
2026/05/24 19:53:08.179, 1, 0, 10088
2026/05/24 19:53:08.180, 2, 0, 10088
2026/05/24 19:53:08.182, 3, 0, 10088
2026/05/24 19:53:23.357, 0, 100, 10490
2026/05/24 19:53:23.361, 1, 100, 10088
2026/05/24 19:53:23.364, 2, 100, 10088
2026/05/24 19:53:23.367, 3, 100, 10088
2026/05/24 19:53:38.482, 0, 13, 10490
2026/05/24 19:53:38.484, 1, 0, 10088
2026/05/24 19:53:38.485, 2, 0, 10088
2026/05/24 19:53:38.487, 3, 0, 10088
2026/05/24 19:53:53.585, 0, 100, 10490
2026/05/24 19:53:53.587, 1, 100, 10088
2026/05/24 19:53:53.589, 2, 0, 10088
2026/05/24 19:53:53.590, 3, 0, 10088
2026/05/24 19:54:08.683, 0, 9, 10490
2026/05/24 19:54:08.687, 1, 100, 10088
2026/05/24 19:54:08.690, 2, 100, 10088
2026/05/24 19:54:08.695, 3, 0, 10088
2026/05/24 19:54:24.047, 0, 100, 10490
2026/05/24 19:54:24.049, 1, 100, 10088
2026/05/24 19:54:24.051, 2, 100, 10088
2026/05/24 19:54:24.052, 3, 52, 10088
2026/05/24 19:54:39.301, 0, 9, 10490
2026/05/24 19:54:39.303, 1, 0, 10088
2026/05/24 19:54:39.305, 2, 0, 10088
2026/05/24 19:54:39.306, 3, 0, 10088
2026/05/24 19:54:54.406, 0, 13, 10490
2026/05/24 19:54:54.408, 1, 0, 10088
2026/05/24 19:54:54.410, 2, 0, 10088
2026/05/24 19:54:54.411, 3, 0, 10088
2026/05/24 19:55:09.531, 0, 8, 10490
2026/05/24 19:55:09.533, 1, 0, 10088
2026/05/24 19:55:09.535, 2, 0, 10088
2026/05/24 19:55:09.536, 3, 0, 10088
2026/05/24 19:55:24.638, 0, 6, 10490
2026/05/24 19:55:24.640, 1, 0, 10088
2026/05/24 19:55:24.641, 2, 0, 10088
2026/05/24 19:55:24.642, 3, 0, 10088
2026/05/24 19:55:39.969, 0, 0, 10490
2026/05/24 19:55:39.971, 1, 0, 10088
2026/05/24 19:55:39.972, 2, 0, 10088
2026/05/24 19:55:39.973, 3, 0, 10088
2026/05/24 19:55:55.110, 0, 100, 10490
2026/05/24 19:55:55.112, 1, 100, 10088
2026/05/24 19:55:55.113, 2, 100, 10088
2026/05/24 19:55:55.114, 3, 100, 10088
2026/05/24 19:56:10.221, 0, 41, 10490
2026/05/24 19:56:10.225, 1, 100, 10088
2026/05/24 19:56:10.228, 2, 100, 10088
2026/05/24 19:56:10.231, 3, 100, 10088
2026/05/24 19:56:25.325, 0, 4, 10490
2026/05/24 19:56:25.327, 1, 0, 10088
2026/05/24 19:56:25.329, 2, 0, 10088
2026/05/24 19:56:25.330, 3, 0, 10088
2026/05/24 19:56:40.829, 0, 7, 10490
2026/05/24 19:56:40.831, 1, 100, 10088
2026/05/24 19:56:40.832, 2, 100, 10088
2026/05/24 19:56:40.834, 3, 100, 10088
2026/05/24 19:56:55.917, 0, 9, 10490
2026/05/24 19:56:55.919, 1, 0, 10088
2026/05/24 19:56:55.921, 2, 0, 10088
2026/05/24 19:56:55.922, 3, 0, 10088
2026/05/24 19:57:11.067, 0, 100, 10490
2026/05/24 19:57:11.071, 1, 100, 10088
2026/05/24 19:57:11.074, 2, 100, 10088
2026/05/24 19:57:11.078, 3, 0, 10088
2026/05/24 19:57:26.186, 0, 9, 10490
2026/05/24 19:57:26.188, 1, 0, 10088
2026/05/24 19:57:26.189, 2, 0, 10088
2026/05/24 19:57:26.190, 3, 0, 10088
2026/05/24 19:57:41.525, 0, 0, 10490
2026/05/24 19:57:41.527, 1, 0, 10088
2026/05/24 19:57:41.528, 2, 0, 10088
2026/05/24 19:57:41.529, 3, 0, 10088
2026/05/24 19:57:56.626, 0, 9, 10490
2026/05/24 19:57:56.628, 1, 0, 10088
2026/05/24 19:57:56.629, 2, 0, 10088
2026/05/24 19:57:56.630, 3, 0, 10088
2026/05/24 19:58:11.713, 0, 3, 10490
2026/05/24 19:58:11.715, 1, 0, 10088
2026/05/24 19:58:11.717, 2, 0, 10088
2026/05/24 19:58:11.718, 3, 0, 10088
2026/05/24 19:58:26.790, 0, 0, 10490
2026/05/24 19:58:26.791, 1, 0, 10088
2026/05/24 19:58:26.792, 2, 0, 10088
2026/05/24 19:58:26.793, 3, 0, 10088
2026/05/24 19:58:41.991, 0, 8, 10490
2026/05/24 19:58:41.992, 1, 0, 10088
2026/05/24 19:58:41.993, 2, 0, 10088
2026/05/24 19:58:41.994, 3, 0, 10088
2026/05/24 19:58:57.090, 0, 13, 10490
2026/05/24 19:58:57.092, 1, 0, 10088
2026/05/24 19:58:57.093, 2, 0, 10088
2026/05/24 19:58:57.095, 3, 0, 10088
2026/05/24 19:59:12.178, 0, 100, 10490
2026/05/24 19:59:12.180, 1, 100, 10088
2026/05/24 19:59:12.181, 2, 100, 10088
2026/05/24 19:59:12.182, 3, 100, 10088
2026/05/24 19:59:27.265, 0, 6, 10490
2026/05/24 19:59:27.267, 1, 0, 10088
2026/05/24 19:59:27.269, 2, 0, 10088
2026/05/24 19:59:27.270, 3, 0, 10088
2026/05/24 19:59:42.462, 0, 0, 10490
2026/05/24 19:59:42.464, 1, 0, 10088
2026/05/24 19:59:42.465, 2, 45, 10088
2026/05/24 19:59:42.466, 3, 0, 10088
2026/05/24 19:59:57.549, 0, 100, 10490
2026/05/24 19:59:57.552, 1, 100, 10088
2026/05/24 19:59:57.555, 2, 83, 10088
2026/05/24 19:59:57.558, 3, 100, 10088
2026/05/24 20:00:12.670, 0, 12, 10490
2026/05/24 20:00:12.672, 1, 0, 10088
2026/05/24 20:00:12.673, 2, 0, 10088
2026/05/24 20:00:12.675, 3, 0, 10088
2026/05/24 20:00:27.781, 0, 9, 10490
2026/05/24 20:00:27.785, 1, 100, 10088
2026/05/24 20:00:27.788, 2, 100, 10088
2026/05/24 20:00:27.791, 3, 100, 10088
2026/05/24 20:00:43.202, 0, 5, 10490
2026/05/24 20:00:43.204, 1, 0, 10088
2026/05/24 20:00:43.205, 2, 0, 10088
2026/05/24 20:00:43.206, 3, 0, 10088
2026/05/24 20:00:58.529, 0, 51, 10490
2026/05/24 20:00:58.533, 1, 2, 10088
2026/05/24 20:00:58.537, 2, 100, 10088
2026/05/24 20:00:58.540, 3, 100, 10088
2026/05/24 20:01:13.861, 0, 100, 10490
2026/05/24 20:01:13.865, 1, 100, 10088
2026/05/24 20:01:13.870, 2, 100, 10088
2026/05/24 20:01:13.873, 3, 54, 10088
2026/05/24 20:01:29.017, 0, 9, 10490
2026/05/24 20:01:29.019, 1, 24, 10088
2026/05/24 20:01:29.020, 2, 100, 10088
2026/05/24 20:01:29.022, 3, 100, 10088
2026/05/24 20:01:44.106, 0, 8, 10490
2026/05/24 20:01:44.108, 1, 0, 10088
2026/05/24 20:01:44.109, 2, 0, 10088
2026/05/24 20:01:44.111, 3, 0, 10088
2026/05/24 20:01:59.234, 0, 100, 10490
2026/05/24 20:01:59.237, 1, 37, 10088
2026/05/24 20:01:59.240, 2, 100, 10088
2026/05/24 20:01:59.244, 3, 100, 10088
2026/05/24 20:02:14.341, 0, 6, 10490
2026/05/24 20:02:14.343, 1, 0, 10088
2026/05/24 20:02:14.345, 2, 0, 10088
2026/05/24 20:02:14.346, 3, 0, 10088
2026/05/24 20:02:29.505, 0, 1, 10490
2026/05/24 20:02:29.507, 1, 0, 10088
2026/05/24 20:02:29.508, 2, 0, 10088
2026/05/24 20:02:29.510, 3, 0, 10088
2026/05/24 20:02:44.634, 0, 56, 10490
2026/05/24 20:02:44.635, 1, 100, 10088
2026/05/24 20:02:44.637, 2, 0, 10088
2026/05/24 20:02:44.638, 3, 0, 10088
2026/05/24 20:02:59.742, 0, 14, 10490
2026/05/24 20:02:59.744, 1, 0, 10088
2026/05/24 20:02:59.745, 2, 0, 10088
2026/05/24 20:02:59.747, 3, 0, 10088
2026/05/24 20:03:14.835, 0, 10, 10490
2026/05/24 20:03:14.839, 1, 100, 10088
2026/05/24 20:03:14.841, 2, 100, 10088
2026/05/24 20:03:14.844, 3, 0, 10088
2026/05/24 20:03:29.937, 0, 9, 10490
2026/05/24 20:03:29.939, 1, 0, 10088
2026/05/24 20:03:29.941, 2, 0, 10088
2026/05/24 20:03:29.942, 3, 0, 10088
2026/05/24 20:03:45.042, 0, 9, 10490
2026/05/24 20:03:45.044, 1, 0, 10088
2026/05/24 20:03:45.045, 2, 0, 10088
2026/05/24 20:03:45.047, 3, 0, 10088
2026/05/24 20:04:00.165, 0, 1, 10490
2026/05/24 20:04:00.169, 1, 0, 10088
2026/05/24 20:04:00.172, 2, 100, 10088
2026/05/24 20:04:00.175, 3, 100, 10088
2026/05/24 20:04:15.477, 0, 4, 10490
2026/05/24 20:04:15.479, 1, 0, 10088
2026/05/24 20:04:15.481, 2, 0, 10088
2026/05/24 20:04:15.482, 3, 0, 10088
2026/05/24 20:04:30.609, 0, 81, 10490
2026/05/24 20:04:30.611, 1, 100, 10088
2026/05/24 20:04:30.613, 2, 0, 10088
2026/05/24 20:04:30.614, 3, 0, 10088
2026/05/24 20:04:45.697, 0, 8, 10490
2026/05/24 20:04:45.699, 1, 0, 10088
2026/05/24 20:04:45.701, 2, 0, 10088
2026/05/24 20:04:45.702, 3, 0, 10088
2026/05/24 20:05:00.809, 0, 3, 10490
2026/05/24 20:05:00.811, 1, 100, 10088
2026/05/24 20:05:00.813, 2, 100, 10088
2026/05/24 20:05:00.814, 3, 100, 10088
2026/05/24 20:05:15.970, 0, 100, 10490
2026/05/24 20:05:15.973, 1, 5, 10088
2026/05/24 20:05:15.975, 2, 0, 10088
2026/05/24 20:05:15.977, 3, 0, 10088
2026/05/24 20:05:31.106, 0, 8, 10490
2026/05/24 20:05:31.108, 1, 0, 10088
2026/05/24 20:05:31.109, 2, 0, 10088
2026/05/24 20:05:31.110, 3, 0, 10088
2026/05/24 20:05:46.385, 0, 4, 10490
2026/05/24 20:05:46.388, 1, 0, 10088
2026/05/24 20:05:46.389, 2, 0, 10088
2026/05/24 20:05:46.391, 3, 0, 10088
2026/05/24 20:06:01.477, 0, 74, 10490
2026/05/24 20:06:01.479, 1, 100, 10088
2026/05/24 20:06:01.480, 2, 100, 10088
2026/05/24 20:06:01.482, 3, 0, 10088
2026/05/24 20:06:16.581, 0, 100, 10490
2026/05/24 20:06:16.583, 1, 100, 10088
2026/05/24 20:06:16.585, 2, 87, 10088
2026/05/24 20:06:16.586, 3, 100, 10088
2026/05/24 20:06:31.669, 0, 1, 10490
2026/05/24 20:06:31.671, 1, 0, 10088
2026/05/24 20:06:31.673, 2, 0, 10088
2026/05/24 20:06:31.674, 3, 0, 10088
2026/05/24 20:06:46.992, 0, 100, 10490
2026/05/24 20:06:46.995, 1, 100, 10088
2026/05/24 20:06:46.998, 2, 100, 10088
2026/05/24 20:06:47.000, 3, 0, 10088
2026/05/24 20:07:02.106, 0, 6, 10490
2026/05/24 20:07:02.108, 1, 0, 10088
2026/05/24 20:07:02.109, 2, 0, 10088
2026/05/24 20:07:02.111, 3, 0, 10088
2026/05/24 20:07:17.210, 0, 9, 10490
2026/05/24 20:07:17.212, 1, 0, 10088
2026/05/24 20:07:17.213, 2, 0, 10088
2026/05/24 20:07:17.214, 3, 0, 10088
2026/05/24 20:07:32.315, 0, 100, 10490
2026/05/24 20:07:32.319, 1, 100, 10088
2026/05/24 20:07:32.323, 2, 99, 10088
2026/05/24 20:07:32.326, 3, 0, 10088
2026/05/24 20:07:47.649, 0, 0, 10490
2026/05/24 20:07:47.652, 1, 0, 10088
2026/05/24 20:07:47.653, 2, 0, 10088
2026/05/24 20:07:47.654, 3, 0, 10088
2026/05/24 20:08:02.806, 0, 9, 10490
2026/05/24 20:08:02.810, 1, 100, 10088
2026/05/24 20:08:02.813, 2, 22, 10088
2026/05/24 20:08:02.816, 3, 0, 10088
2026/05/24 20:08:17.926, 0, 17, 10490
2026/05/24 20:08:17.928, 1, 0, 10088
2026/05/24 20:08:17.929, 2, 0, 10088
2026/05/24 20:08:17.931, 3, 0, 10088
2026/05/24 20:08:33.013, 0, 8, 10490
2026/05/24 20:08:33.015, 1, 0, 10088
2026/05/24 20:08:33.016, 2, 0, 10088
2026/05/24 20:08:33.018, 3, 0, 10088
2026/05/24 20:08:48.367, 0, 5, 10490
2026/05/24 20:08:48.369, 1, 52, 10088
2026/05/24 20:08:48.370, 2, 100, 10088
2026/05/24 20:08:48.371, 3, 0, 10088
2026/05/24 20:09:03.462, 0, 100, 10490
2026/05/24 20:09:03.466, 1, 72, 10088
2026/05/24 20:09:03.470, 2, 100, 10088
2026/05/24 20:09:03.473, 3, 100, 10088
2026/05/24 20:09:18.578, 0, 7, 10490
2026/05/24 20:09:18.582, 1, 0, 10088
2026/05/24 20:09:18.585, 2, 0, 10088
2026/05/24 20:09:18.588, 3, 0, 10088
2026/05/24 20:09:33.682, 0, 13, 10490
2026/05/24 20:09:33.684, 1, 0, 10088
2026/05/24 20:09:33.685, 2, 0, 10088
2026/05/24 20:09:33.687, 3, 0, 10088
2026/05/24 20:09:48.838, 0, 4, 10490
2026/05/24 20:09:48.840, 1, 0, 10088
2026/05/24 20:09:48.841, 2, 0, 10088
2026/05/24 20:09:48.842, 3, 0, 10088
2026/05/24 20:10:03.933, 0, 9, 10490
2026/05/24 20:10:03.936, 1, 100, 10088
2026/05/24 20:10:03.939, 2, 100, 10088
2026/05/24 20:10:03.943, 3, 0, 10088
2026/05/24 20:10:19.033, 0, 9, 10490
2026/05/24 20:10:19.035, 1, 7, 10088
2026/05/24 20:10:19.036, 2, 100, 10088
2026/05/24 20:10:19.038, 3, 100, 10088
2026/05/24 20:10:34.138, 0, 8, 10490
2026/05/24 20:10:34.140, 1, 0, 10088
2026/05/24 20:10:34.141, 2, 0, 10088
2026/05/24 20:10:34.142, 3, 0, 10088
2026/05/24 20:10:49.418, 0, 11, 10490
2026/05/24 20:10:49.421, 1, 0, 10088
2026/05/24 20:10:49.422, 2, 0, 10088
2026/05/24 20:10:49.423, 3, 0, 10088
2026/05/24 20:11:04.605, 0, 100, 10490
2026/05/24 20:11:04.610, 1, 100, 10088
2026/05/24 20:11:04.613, 2, 100, 10088
2026/05/24 20:11:04.616, 3, 67, 10088
2026/05/24 20:11:19.990, 0, 100, 10490
2026/05/24 20:11:19.993, 1, 100, 10088
2026/05/24 20:11:19.995, 2, 0, 10088
2026/05/24 20:11:19.997, 3, 0, 10088
2026/05/24 20:11:35.086, 0, 8, 10490
2026/05/24 20:11:35.088, 1, 0, 10088
2026/05/24 20:11:35.089, 2, 0, 10088
2026/05/24 20:11:35.091, 3, 100, 10088
2026/05/24 20:11:50.167, 0, 0, 10490
2026/05/24 20:11:50.169, 1, 0, 10088
2026/05/24 20:11:50.170, 2, 0, 10088
2026/05/24 20:11:50.171, 3, 0, 10088
2026/05/24 20:12:05.427, 0, 12, 10490
2026/05/24 20:12:05.429, 1, 0, 10088
2026/05/24 20:12:05.431, 2, 0, 10088
2026/05/24 20:12:05.432, 3, 0, 10088
2026/05/24 20:12:20.526, 0, 10, 10490
2026/05/24 20:12:20.530, 1, 0, 10088
2026/05/24 20:12:20.533, 2, 0, 10088
2026/05/24 20:12:20.537, 3, 100, 10088
2026/05/24 20:12:35.660, 0, 9, 10490
2026/05/24 20:12:35.664, 1, 0, 10088
2026/05/24 20:12:35.667, 2, 97, 10088
2026/05/24 20:12:35.670, 3, 0, 10088
2026/05/24 20:12:50.762, 0, 100, 10490
2026/05/24 20:12:50.764, 1, 100, 10088
2026/05/24 20:12:50.765, 2, 0, 10088
2026/05/24 20:12:50.766, 3, 0, 10088
2026/05/24 20:13:05.849, 0, 9, 10490
2026/05/24 20:13:05.851, 1, 0, 10088
2026/05/24 20:13:05.853, 2, 0, 10088
2026/05/24 20:13:05.854, 3, 0, 10088
2026/05/24 20:13:21.004, 0, 100, 10490
2026/05/24 20:13:21.008, 1, 100, 10088
2026/05/24 20:13:21.012, 2, 0, 10088
2026/05/24 20:13:21.014, 3, 0, 10088
2026/05/24 20:13:36.122, 0, 13, 10490
2026/05/24 20:13:36.124, 1, 0, 10088
2026/05/24 20:13:36.126, 2, 0, 10088
2026/05/24 20:13:36.127, 3, 0, 10088
2026/05/24 20:13:51.399, 0, 100, 10490
2026/05/24 20:13:51.401, 1, 100, 10088
2026/05/24 20:13:51.402, 2, 100, 10088
2026/05/24 20:13:51.403, 3, 0, 10088
2026/05/24 20:14:06.550, 0, 9, 10490
2026/05/24 20:14:06.551, 1, 0, 10088
2026/05/24 20:14:06.552, 2, 0, 10088
2026/05/24 20:14:06.553, 3, 0, 10088
2026/05/24 20:14:21.639, 0, 8, 10490
2026/05/24 20:14:21.644, 1, 0, 10088
2026/05/24 20:14:21.647, 2, 100, 10088
2026/05/24 20:14:21.650, 3, 0, 10088
2026/05/24 20:14:36.741, 0, 5, 10490
2026/05/24 20:14:36.743, 1, 0, 10088
2026/05/24 20:14:36.745, 2, 0, 10088
2026/05/24 20:14:36.746, 3, 0, 10088
2026/05/24 20:14:51.846, 0, 10, 10490
2026/05/24 20:14:51.848, 1, 0, 10088
2026/05/24 20:14:51.849, 2, 0, 10088
2026/05/24 20:14:51.851, 3, 0, 10088
2026/05/24 20:15:07.033, 0, 4, 10490
2026/05/24 20:15:07.035, 1, 0, 10088
2026/05/24 20:15:07.037, 2, 0, 10088
2026/05/24 20:15:07.038, 3, 0, 10088
2026/05/24 20:15:22.121, 0, 9, 10490
2026/05/24 20:15:22.123, 1, 0, 10088
2026/05/24 20:15:22.124, 2, 38, 10088
2026/05/24 20:15:22.126, 3, 0, 10088
2026/05/24 20:15:37.209, 0, 7, 10490
2026/05/24 20:15:37.211, 1, 0, 10088
2026/05/24 20:15:37.212, 2, 100, 10088
2026/05/24 20:15:37.214, 3, 100, 10088
2026/05/24 20:15:52.356, 0, 100, 10490
2026/05/24 20:15:52.360, 1, 100, 10088
2026/05/24 20:15:52.363, 2, 100, 10088
2026/05/24 20:15:52.366, 3, 100, 10088
2026/05/24 20:16:07.490, 0, 14, 10490
2026/05/24 20:16:07.492, 1, 0, 10088
2026/05/24 20:16:07.493, 2, 0, 10088
2026/05/24 20:16:07.494, 3, 0, 10088
2026/05/24 20:16:22.577, 0, 9, 10490
2026/05/24 20:16:22.579, 1, 0, 10088
2026/05/24 20:16:22.580, 2, 55, 10088
2026/05/24 20:16:22.582, 3, 0, 10088
2026/05/24 20:16:37.665, 0, 100, 10490
2026/05/24 20:16:37.667, 1, 100, 10088
2026/05/24 20:16:37.669, 2, 0, 10088
2026/05/24 20:16:37.670, 3, 0, 10088
2026/05/24 20:16:52.786, 0, 100, 10490
2026/05/24 20:16:52.788, 1, 0, 10088
2026/05/24 20:16:52.790, 2, 100, 10088
2026/05/24 20:16:52.793, 3, 100, 10088
2026/05/24 20:17:08.070, 0, 0, 10490
2026/05/24 20:17:08.074, 1, 100, 10088
2026/05/24 20:17:08.078, 2, 100, 10088
2026/05/24 20:17:08.081, 3, 100, 10088
2026/05/24 20:17:23.194, 0, 13, 10490
2026/05/24 20:17:23.196, 1, 0, 10088
2026/05/24 20:17:23.198, 2, 0, 10088
2026/05/24 20:17:23.199, 3, 0, 10088
2026/05/24 20:17:38.285, 0, 9, 10490
2026/05/24 20:17:38.287, 1, 0, 10088
2026/05/24 20:17:38.288, 2, 0, 10088
2026/05/24 20:17:38.289, 3, 0, 10088
2026/05/24 20:17:53.441, 0, 9, 10490
2026/05/24 20:17:53.446, 1, 0, 10088
2026/05/24 20:17:53.449, 2, 0, 10088
2026/05/24 20:17:53.450, 3, 0, 10088
2026/05/24 20:18:08.537, 0, 100, 10490
2026/05/24 20:18:08.539, 1, 100, 10088
2026/05/24 20:18:08.541, 2, 100, 10088
2026/05/24 20:18:08.542, 3, 0, 10088
2026/05/24 20:18:24.013, 0, 0, 10490
2026/05/24 20:18:24.015, 1, 0, 10088
2026/05/24 20:18:24.017, 2, 100, 10088
2026/05/24 20:18:24.018, 3, 100, 10088
2026/05/24 20:18:39.189, 0, 1, 10490
2026/05/24 20:18:39.191, 1, 0, 10088
2026/05/24 20:18:39.192, 2, 0, 10088
2026/05/24 20:18:39.194, 3, 0, 10088
2026/05/24 20:18:54.294, 0, 100, 10490
2026/05/24 20:18:54.298, 1, 100, 10088
2026/05/24 20:18:54.302, 2, 69, 10088
2026/05/24 20:18:54.306, 3, 100, 10088
2026/05/24 20:19:09.417, 0, 9, 10490
2026/05/24 20:19:09.422, 1, 0, 10088
2026/05/24 20:19:09.425, 2, 0, 10088
2026/05/24 20:19:09.426, 3, 0, 10088
2026/05/24 20:19:24.531, 0, 100, 10490
2026/05/24 20:19:24.536, 1, 100, 10088
2026/05/24 20:19:24.539, 2, 1, 10088
2026/05/24 20:19:24.541, 3, 0, 10088
2026/05/24 20:19:39.645, 0, 41, 10490
2026/05/24 20:19:39.648, 1, 0, 10088
2026/05/24 20:19:39.651, 2, 0, 10088
2026/05/24 20:19:39.654, 3, 100, 10088
2026/05/24 20:19:54.776, 0, 3, 10490
2026/05/24 20:19:54.778, 1, 0, 10088
2026/05/24 20:19:54.780, 2, 0, 10088
2026/05/24 20:19:54.781, 3, 0, 10088
2026/05/24 20:20:09.871, 0, 8, 10490
2026/05/24 20:20:09.875, 1, 0, 10088
2026/05/24 20:20:09.878, 2, 0, 10088
2026/05/24 20:20:09.879, 3, 0, 10088
2026/05/24 20:20:25.038, 0, 100, 10490
2026/05/24 20:20:25.043, 1, 100, 10088
2026/05/24 20:20:25.046, 2, 16, 10088
2026/05/24 20:20:25.050, 3, 0, 10088
2026/05/24 20:20:40.186, 0, 9, 10490
2026/05/24 20:20:40.188, 1, 0, 10088
2026/05/24 20:20:40.189, 2, 0, 10088
2026/05/24 20:20:40.191, 3, 0, 10088
2026/05/24 20:20:55.273, 0, 0, 10490
2026/05/24 20:20:55.275, 1, 0, 10088
2026/05/24 20:20:55.277, 2, 0, 10088
2026/05/24 20:20:55.278, 3, 0, 10088
2026/05/24 20:21:10.378, 0, 14, 10490
2026/05/24 20:21:10.380, 1, 0, 10088
2026/05/24 20:21:10.381, 2, 0, 10088
2026/05/24 20:21:10.383, 3, 0, 10088
2026/05/24 20:21:25.485, 0, 100, 10490
2026/05/24 20:21:25.489, 1, 100, 10088
2026/05/24 20:21:25.492, 2, 31, 10088
2026/05/24 20:21:25.496, 3, 100, 10088
2026/05/24 20:21:40.589, 0, 8, 10490
2026/05/24 20:21:40.591, 1, 0, 10088
2026/05/24 20:21:40.592, 2, 0, 10088
2026/05/24 20:21:40.594, 3, 0, 10088
2026/05/24 20:21:55.725, 0, 6, 10490
2026/05/24 20:21:55.735, 1, 0, 10088
2026/05/24 20:21:55.737, 2, 0, 10088
2026/05/24 20:21:55.738, 3, 0, 10088
2026/05/24 20:22:10.821, 0, 100, 10490
2026/05/24 20:22:10.823, 1, 100, 10088
2026/05/24 20:22:10.825, 2, 0, 10088
2026/05/24 20:22:10.826, 3, 0, 10088
2026/05/24 20:22:25.930, 0, 13, 10490
2026/05/24 20:22:25.933, 1, 0, 10088
2026/05/24 20:22:25.934, 2, 0, 10088
2026/05/24 20:22:25.935, 3, 0, 10088
2026/05/24 20:22:41.057, 0, 8, 10490
2026/05/24 20:22:41.060, 1, 100, 10088
2026/05/24 20:22:41.063, 2, 100, 10088
2026/05/24 20:22:41.067, 3, 0, 10088
2026/05/24 20:22:56.166, 0, 62, 10490
2026/05/24 20:22:56.170, 1, 0, 10088
2026/05/24 20:22:56.173, 2, 0, 10088
2026/05/24 20:22:56.176, 3, 0, 10088
2026/05/24 20:23:11.313, 0, 6, 10490
2026/05/24 20:23:11.315, 1, 0, 10088
2026/05/24 20:23:11.316, 2, 0, 10088
2026/05/24 20:23:11.318, 3, 0, 10088
2026/05/24 20:23:26.402, 0, 8, 10490
2026/05/24 20:23:26.404, 1, 0, 10088
2026/05/24 20:23:26.405, 2, 0, 10088
2026/05/24 20:23:26.407, 3, 0, 10088
2026/05/24 20:23:41.479, 0, 12, 10490
2026/05/24 20:23:41.481, 1, 0, 10088
2026/05/24 20:23:41.482, 2, 100, 10088
2026/05/24 20:23:41.483, 3, 0, 10088
2026/05/24 20:23:56.570, 0, 9, 10490
2026/05/24 20:23:56.572, 1, 0, 10088
2026/05/24 20:23:56.574, 2, 0, 10088
2026/05/24 20:23:56.575, 3, 0, 10088
2026/05/24 20:24:11.705, 0, 100, 10490
2026/05/24 20:24:11.707, 1, 100, 10088
2026/05/24 20:24:11.708, 2, 100, 10088
2026/05/24 20:24:11.710, 3, 100, 10088
2026/05/24 20:24:26.793, 0, 3, 10490
2026/05/24 20:24:26.795, 1, 0, 10088
2026/05/24 20:24:26.797, 2, 0, 10088
2026/05/24 20:24:26.798, 3, 0, 10088
2026/05/24 20:24:42.207, 0, 100, 10490
2026/05/24 20:24:42.211, 1, 83, 10088
2026/05/24 20:24:42.214, 2, 0, 10088
2026/05/24 20:24:42.217, 3, 0, 10088
2026/05/24 20:24:57.662, 0, 6, 10490
2026/05/24 20:24:57.664, 1, 0, 10088
2026/05/24 20:24:57.665, 2, 0, 10088
2026/05/24 20:24:57.667, 3, 0, 10088
2026/05/24 20:25:12.759, 0, 34, 10490
2026/05/24 20:25:12.764, 1, 100, 10088
2026/05/24 20:25:12.767, 2, 100, 10088
2026/05/24 20:25:12.770, 3, 100, 10088
2026/05/24 20:25:27.890, 0, 9, 10490
2026/05/24 20:25:27.894, 1, 0, 10088
2026/05/24 20:25:27.895, 2, 0, 10088
2026/05/24 20:25:27.897, 3, 0, 10088
2026/05/24 20:25:42.994, 0, 3, 10490
2026/05/24 20:25:42.996, 1, 0, 10088
2026/05/24 20:25:42.997, 2, 0, 10088
2026/05/24 20:25:42.998, 3, 0, 10088
2026/05/24 20:25:58.081, 0, 7, 10490
2026/05/24 20:25:58.083, 1, 0, 10088
2026/05/24 20:25:58.085, 2, 0, 10088
2026/05/24 20:25:58.086, 3, 0, 10088
2026/05/24 20:26:13.465, 0, 0, 10490
2026/05/24 20:26:13.467, 1, 0, 10088
2026/05/24 20:26:13.468, 2, 0, 10088
2026/05/24 20:26:13.469, 3, 0, 10088
2026/05/24 20:26:28.550, 0, 9, 10490
2026/05/24 20:26:28.554, 1, 0, 10088
2026/05/24 20:26:28.555, 2, 0, 10088
2026/05/24 20:26:28.557, 3, 0, 10088
2026/05/24 20:26:43.643, 0, 9, 10490
2026/05/24 20:26:43.647, 1, 0, 10088
2026/05/24 20:26:43.648, 2, 0, 10088
2026/05/24 20:26:43.650, 3, 0, 10088
2026/05/24 20:26:58.754, 0, 6, 10490
2026/05/24 20:26:58.757, 1, 0, 10088
2026/05/24 20:26:58.761, 2, 0, 10088
2026/05/24 20:26:58.762, 3, 0, 10088
2026/05/24 20:27:14.106, 0, 100, 10490
2026/05/24 20:27:14.110, 1, 100, 10088
2026/05/24 20:27:14.113, 2, 72, 10088
2026/05/24 20:27:14.117, 3, 100, 10088
2026/05/24 20:27:29.226, 0, 12, 10490
2026/05/24 20:27:29.228, 1, 0, 10088
2026/05/24 20:27:29.229, 2, 0, 10088
2026/05/24 20:27:29.230, 3, 0, 10088
2026/05/24 20:27:44.319, 0, 100, 10490
2026/05/24 20:27:44.321, 1, 100, 10088
2026/05/24 20:27:44.322, 2, 100, 10088
2026/05/24 20:27:44.323, 3, 97, 10088
2026/05/24 20:27:59.427, 0, 8, 10490
2026/05/24 20:27:59.429, 1, 0, 10088
2026/05/24 20:27:59.430, 2, 0, 10088
2026/05/24 20:27:59.431, 3, 0, 10088
2026/05/24 20:28:14.557, 0, 100, 10490
2026/05/24 20:28:14.559, 1, 100, 10088
2026/05/24 20:28:14.560, 2, 100, 10088
2026/05/24 20:28:14.561, 3, 63, 10088
2026/05/24 20:28:29.707, 0, 9, 10490
2026/05/24 20:28:29.710, 1, 0, 10088
2026/05/24 20:28:29.712, 2, 0, 10088
2026/05/24 20:28:29.714, 3, 87, 10088
2026/05/24 20:28:44.822, 0, 13, 10490
2026/05/24 20:28:44.824, 1, 0, 10088
2026/05/24 20:28:44.825, 2, 0, 10088
2026/05/24 20:28:44.827, 3, 0, 10088
2026/05/24 20:28:59.910, 0, 100, 10490
2026/05/24 20:28:59.912, 1, 100, 10088
2026/05/24 20:28:59.913, 2, 100, 10088
2026/05/24 20:28:59.915, 3, 100, 10088
2026/05/24 20:29:15.043, 0, 100, 10490
2026/05/24 20:29:15.047, 1, 100, 10088
2026/05/24 20:29:15.051, 2, 0, 10088
2026/05/24 20:29:15.053, 3, 100, 10088
2026/05/24 20:29:30.177, 0, 4, 10490
2026/05/24 20:29:30.179, 1, 0, 10088
2026/05/24 20:29:30.181, 2, 0, 10088
2026/05/24 20:29:30.182, 3, 0, 10088
2026/05/24 20:29:45.286, 0, 8, 10490
2026/05/24 20:29:45.288, 1, 0, 10088
2026/05/24 20:29:45.290, 2, 0, 10088
2026/05/24 20:29:45.291, 3, 0, 10088
2026/05/24 20:30:00.362, 0, 100, 10490
2026/05/24 20:30:00.363, 1, 100, 10088
2026/05/24 20:30:00.364, 2, 100, 10088
2026/05/24 20:30:00.365, 3, 98, 10088
2026/05/24 20:30:15.481, 0, 14, 10490
2026/05/24 20:30:15.483, 1, 0, 10088
2026/05/24 20:30:15.485, 2, 0, 10088
2026/05/24 20:30:15.486, 3, 0, 10088
2026/05/24 20:30:30.569, 0, 10, 10490
2026/05/24 20:30:30.571, 1, 0, 10088
2026/05/24 20:30:30.573, 2, 0, 10088
2026/05/24 20:30:30.574, 3, 0, 10088
2026/05/24 20:30:45.704, 0, 5, 10490
2026/05/24 20:30:45.708, 1, 0, 10088
2026/05/24 20:30:45.711, 2, 0, 10088
2026/05/24 20:30:45.714, 3, 0, 10088
2026/05/24 20:31:00.837, 0, 9, 10490
2026/05/24 20:31:00.840, 1, 0, 10088
2026/05/24 20:31:00.841, 2, 0, 10088
2026/05/24 20:31:00.842, 3, 0, 10088
2026/05/24 20:31:15.925, 0, 9, 10490
2026/05/24 20:31:15.927, 1, 0, 10088
2026/05/24 20:31:15.928, 2, 0, 10088
2026/05/24 20:31:15.930, 3, 0, 10088
2026/05/24 20:31:31.058, 0, 14, 10490
2026/05/24 20:31:31.061, 1, 0, 10088
2026/05/24 20:31:31.062, 2, 0, 10088
2026/05/24 20:31:31.064, 3, 0, 10088
2026/05/24 20:31:46.185, 0, 100, 10490
2026/05/24 20:31:46.188, 1, 100, 10088
2026/05/24 20:31:46.191, 2, 94, 10088
2026/05/24 20:31:46.195, 3, 0, 10088
2026/05/24 20:32:01.328, 0, 10, 10490
2026/05/24 20:32:01.332, 1, 0, 10088
2026/05/24 20:32:01.334, 2, 0, 10088
2026/05/24 20:32:01.336, 3, 0, 10088
2026/05/24 20:32:16.466, 0, 7, 10490
2026/05/24 20:32:16.468, 1, 0, 10088
2026/05/24 20:32:16.469, 2, 0, 10088
2026/05/24 20:32:16.470, 3, 0, 10088
2026/05/24 20:32:31.666, 0, 1, 10490
2026/05/24 20:32:31.668, 1, 0, 10088
2026/05/24 20:32:31.669, 2, 0, 10088
2026/05/24 20:32:31.670, 3, 0, 10088
2026/05/24 20:32:47.045, 0, 14, 10490
2026/05/24 20:32:47.048, 1, 0, 10088
2026/05/24 20:32:47.049, 2, 0, 10088
2026/05/24 20:32:47.050, 3, 0, 10088
2026/05/24 20:33:02.134, 0, 100, 10490
2026/05/24 20:33:02.136, 1, 46, 10088
2026/05/24 20:33:02.137, 2, 100, 10088
2026/05/24 20:33:02.138, 3, 100, 10088
2026/05/24 20:33:17.221, 0, 2, 10490
2026/05/24 20:33:17.223, 1, 35, 10088
2026/05/24 20:33:17.224, 2, 100, 10088
2026/05/24 20:33:17.226, 3, 100, 10088
2026/05/24 20:33:32.326, 0, 9, 10490
2026/05/24 20:33:32.328, 1, 0, 10088
2026/05/24 20:33:32.329, 2, 0, 10088
2026/05/24 20:33:32.331, 3, 0, 10088
2026/05/24 20:33:47.401, 0, 8, 10490
2026/05/24 20:33:47.403, 1, 0, 10088
2026/05/24 20:33:47.404, 2, 0, 10088
2026/05/24 20:33:47.405, 3, 0, 10088
2026/05/24 20:34:02.602, 0, 7, 10490
2026/05/24 20:34:02.604, 1, 0, 10088
2026/05/24 20:34:02.605, 2, 0, 10088
2026/05/24 20:34:02.606, 3, 0, 10088
2026/05/24 20:34:17.937, 0, 10, 10490
2026/05/24 20:34:17.940, 1, 0, 10088
2026/05/24 20:34:17.943, 2, 100, 10088
2026/05/24 20:34:17.945, 3, 0, 10088
2026/05/24 20:34:33.103, 0, 100, 10490
2026/05/24 20:34:33.107, 1, 100, 10088
2026/05/24 20:34:33.111, 2, 100, 10088
2026/05/24 20:34:33.114, 3, 67, 10088
2026/05/24 20:34:48.209, 0, 9, 10490
2026/05/24 20:34:48.211, 1, 0, 10088
2026/05/24 20:34:48.212, 2, 0, 10088
2026/05/24 20:34:48.214, 3, 0, 10088
2026/05/24 20:35:03.379, 0, 100, 10490
2026/05/24 20:35:03.383, 1, 98, 10088
2026/05/24 20:35:03.386, 2, 0, 10088
2026/05/24 20:35:03.389, 3, 0, 10088
2026/05/24 20:35:18.806, 0, 2, 10490
2026/05/24 20:35:18.808, 1, 0, 10088
2026/05/24 20:35:18.809, 2, 0, 10088
2026/05/24 20:35:18.810, 3, 0, 10088
2026/05/24 20:35:33.906, 0, 14, 10490
2026/05/24 20:35:33.913, 1, 0, 10088
2026/05/24 20:35:33.914, 2, 0, 10088
2026/05/24 20:35:33.916, 3, 0, 10088
2026/05/24 20:35:49.054, 0, 9, 10490
2026/05/24 20:35:49.058, 1, 100, 10088
2026/05/24 20:35:49.106, 2, 0, 10088
2026/05/24 20:35:49.109, 3, 0, 10088
2026/05/24 20:36:04.197, 0, 8, 10490
2026/05/24 20:36:04.199, 1, 0, 10088
2026/05/24 20:36:04.200, 2, 28, 10088
2026/05/24 20:36:04.202, 3, 100, 10088
2026/05/24 20:36:19.285, 0, 5, 10490
2026/05/24 20:36:19.287, 1, 0, 10088
2026/05/24 20:36:19.289, 2, 0, 10088
2026/05/24 20:36:19.290, 3, 0, 10088
2026/05/24 20:36:34.393, 0, 100, 10490
2026/05/24 20:36:34.395, 1, 100, 10088
2026/05/24 20:36:34.396, 2, 100, 10088
2026/05/24 20:36:34.397, 3, 0, 10088
2026/05/24 20:36:49.551, 0, 13, 10490
2026/05/24 20:36:49.553, 1, 0, 10088
2026/05/24 20:36:49.554, 2, 0, 10088
2026/05/24 20:36:49.555, 3, 0, 10088
2026/05/24 20:37:04.642, 0, 9, 10490
2026/05/24 20:37:04.644, 1, 0, 10088
2026/05/24 20:37:04.646, 2, 0, 10088
2026/05/24 20:37:04.647, 3, 0, 10088
2026/05/24 20:37:19.909, 0, 0, 10490
2026/05/24 20:37:19.914, 1, 0, 10088
2026/05/24 20:37:19.916, 2, 62, 10088
2026/05/24 20:37:19.919, 3, 0, 10088
2026/05/24 20:37:35.009, 0, 9, 10490
2026/05/24 20:37:35.011, 1, 0, 10088
2026/05/24 20:37:35.013, 2, 0, 10088
2026/05/24 20:37:35.014, 3, 0, 10088
2026/05/24 20:37:50.117, 0, 9, 10490
2026/05/24 20:37:50.119, 1, 0, 10088
2026/05/24 20:37:50.121, 2, 0, 10088
2026/05/24 20:37:50.122, 3, 0, 10088
2026/05/24 20:38:05.222, 0, 13, 10490
2026/05/24 20:38:05.224, 1, 0, 10088
2026/05/24 20:38:05.226, 2, 0, 10088
2026/05/24 20:38:05.227, 3, 0, 10088
2026/05/24 20:38:20.368, 0, 100, 10490
2026/05/24 20:38:20.372, 1, 100, 10088
2026/05/24 20:38:20.375, 2, 100, 10088
2026/05/24 20:38:20.378, 3, 100, 10088
2026/05/24 20:38:35.473, 0, 9, 10490
2026/05/24 20:38:35.475, 1, 0, 10088
2026/05/24 20:38:35.477, 2, 0, 10088
2026/05/24 20:38:35.478, 3, 0, 10088
2026/05/24 20:38:50.593, 0, 4, 10490
2026/05/24 20:38:50.595, 1, 0, 10088
2026/05/24 20:38:50.596, 2, 100, 10088
2026/05/24 20:38:50.598, 3, 0, 10088
2026/05/24 20:39:05.688, 0, 9, 10490
2026/05/24 20:39:05.692, 1, 0, 10088
2026/05/24 20:39:05.695, 2, 0, 10088
2026/05/24 20:39:05.698, 3, 0, 10088
2026/05/24 20:39:20.798, 0, 9, 10490
2026/05/24 20:39:20.802, 1, 0, 10088
2026/05/24 20:39:20.805, 2, 0, 10088
2026/05/24 20:39:20.808, 3, 100, 10088
2026/05/24 20:39:35.926, 0, 10, 10490
2026/05/24 20:39:35.928, 1, 0, 10088
2026/05/24 20:39:35.930, 2, 0, 10088
2026/05/24 20:39:35.931, 3, 0, 10088
2026/05/24 20:39:51.088, 0, 9, 10490
2026/05/24 20:39:51.091, 1, 0, 10088
2026/05/24 20:39:51.095, 2, 0, 10088
2026/05/24 20:39:51.098, 3, 0, 10088
2026/05/24 20:40:06.405, 0, 9, 10490
2026/05/24 20:40:06.407, 1, 0, 10088
2026/05/24 20:40:06.408, 2, 0, 10088
2026/05/24 20:40:06.411, 3, 0, 10088
2026/05/24 20:40:21.494, 0, 9, 10490
2026/05/24 20:40:21.496, 1, 0, 10088
2026/05/24 20:40:21.497, 2, 0, 10088
2026/05/24 20:40:21.498, 3, 0, 10088
2026/05/24 20:40:36.581, 0, 10, 10490
2026/05/24 20:40:36.583, 1, 0, 10088
2026/05/24 20:40:36.585, 2, 0, 10088
2026/05/24 20:40:36.586, 3, 0, 10088
2026/05/24 20:40:51.850, 0, 12, 10490
2026/05/24 20:40:51.852, 1, 0, 10088
2026/05/24 20:40:51.853, 2, 0, 10088
2026/05/24 20:40:51.855, 3, 0, 10088
2026/05/24 20:41:07.006, 0, 9, 10490
2026/05/24 20:41:07.011, 1, 0, 10088
2026/05/24 20:41:07.013, 2, 100, 10088
2026/05/24 20:41:07.016, 3, 0, 10088
2026/05/24 20:41:22.109, 0, 8, 10490
2026/05/24 20:41:22.111, 1, 0, 10088
2026/05/24 20:41:22.113, 2, 0, 10088
2026/05/24 20:41:22.114, 3, 0, 10088
2026/05/24 20:41:37.197, 0, 100, 10490
2026/05/24 20:41:37.199, 1, 0, 10088
2026/05/24 20:41:37.200, 2, 62, 10088
2026/05/24 20:41:37.202, 3, 100, 10088
2026/05/24 20:41:52.306, 0, 9, 10490
2026/05/24 20:41:52.308, 1, 0, 10088
2026/05/24 20:41:52.310, 2, 0, 10088
2026/05/24 20:41:52.311, 3, 0, 10088
2026/05/24 20:42:07.525, 0, 1, 10490
2026/05/24 20:42:07.527, 1, 0, 10088
2026/05/24 20:42:07.682, 2, 0, 10088
2026/05/24 20:42:07.683, 3, 0, 10088
2026/05/24 20:42:22.789, 0, 10, 10490
2026/05/24 20:42:22.793, 1, 0, 10088
2026/05/24 20:42:22.797, 2, 0, 10088
2026/05/24 20:42:22.800, 3, 100, 10088
2026/05/24 20:42:37.923, 0, 100, 10490
2026/05/24 20:42:37.927, 1, 100, 10088
2026/05/24 20:42:37.929, 2, 60, 10088
2026/05/24 20:42:37.932, 3, 0, 10088
2026/05/24 20:42:53.077, 0, 3, 10490
2026/05/24 20:42:53.079, 1, 0, 10088
2026/05/24 20:42:53.081, 2, 0, 10088
2026/05/24 20:42:53.082, 3, 0, 10088
2026/05/24 20:43:08.165, 0, 8, 10490
2026/05/24 20:43:08.168, 1, 0, 10088
2026/05/24 20:43:08.169, 2, 0, 10088
2026/05/24 20:43:08.170, 3, 0, 10088
2026/05/24 20:43:23.262, 0, 100, 10490
2026/05/24 20:43:23.266, 1, 100, 10088
2026/05/24 20:43:23.269, 2, 100, 10088
2026/05/24 20:43:23.273, 3, 100, 10088
2026/05/24 20:43:38.366, 0, 13, 10490
2026/05/24 20:43:38.368, 1, 0, 10088
2026/05/24 20:43:38.369, 2, 0, 10088
2026/05/24 20:43:38.370, 3, 0, 10088
2026/05/24 20:43:53.464, 0, 100, 10490
2026/05/24 20:43:53.468, 1, 57, 10088
2026/05/24 20:43:53.471, 2, 100, 10088
2026/05/24 20:43:53.473, 3, 100, 10088
2026/05/24 20:44:08.593, 0, 2, 10490
2026/05/24 20:44:08.595, 1, 0, 10088
2026/05/24 20:44:08.596, 2, 0, 10088
2026/05/24 20:44:08.598, 3, 0, 10088
2026/05/24 20:44:23.690, 0, 100, 10490
2026/05/24 20:44:23.694, 1, 100, 10088
2026/05/24 20:44:23.696, 2, 73, 10088
2026/05/24 20:44:23.699, 3, 100, 10088
2026/05/24 20:44:38.807, 0, 100, 10490
2026/05/24 20:44:38.811, 1, 100, 10088
2026/05/24 20:44:38.814, 2, 100, 10088
2026/05/24 20:44:38.817, 3, 100, 10088
2026/05/24 20:44:53.966, 0, 17, 10490
2026/05/24 20:44:53.968, 1, 0, 10088
2026/05/24 20:44:53.970, 2, 0, 10088
2026/05/24 20:44:53.971, 3, 0, 10088
2026/05/24 20:45:09.261, 0, 5, 10490
2026/05/24 20:45:09.263, 1, 0, 10088
2026/05/24 20:45:09.264, 2, 0, 10088
2026/05/24 20:45:09.265, 3, 0, 10088
2026/05/24 20:45:24.345, 0, 9, 10490
2026/05/24 20:45:24.347, 1, 0, 10088
2026/05/24 20:45:24.349, 2, 0, 10088
2026/05/24 20:45:24.350, 3, 0, 10088
2026/05/24 20:45:39.451, 0, 8, 10490
2026/05/24 20:45:39.453, 1, 0, 10088
2026/05/24 20:45:39.454, 2, 0, 10088
2026/05/24 20:45:39.456, 3, 0, 10088
2026/05/24 20:45:54.538, 0, 9, 10490
2026/05/24 20:45:54.540, 1, 0, 10088
2026/05/24 20:45:54.541, 2, 0, 10088
2026/05/24 20:45:54.542, 3, 0, 10088
2026/05/24 20:46:09.698, 0, 3, 10490
2026/05/24 20:46:09.700, 1, 0, 10088
2026/05/24 20:46:09.702, 2, 0, 10088
2026/05/24 20:46:09.703, 3, 0, 10088
2026/05/24 20:46:24.828, 0, 100, 10490
2026/05/24 20:46:24.831, 1, 0, 10088
2026/05/24 20:46:24.833, 2, 0, 10088
2026/05/24 20:46:24.834, 3, 0, 10088
2026/05/24 20:46:39.927, 0, 2, 10490
2026/05/24 20:46:39.931, 1, 0, 10088
2026/05/24 20:46:39.935, 2, 100, 10088
2026/05/24 20:46:39.937, 3, 0, 10088
2026/05/24 20:46:55.071, 0, 100, 10490
2026/05/24 20:46:55.074, 1, 76, 10088
2026/05/24 20:46:55.077, 2, 100, 10088
2026/05/24 20:46:55.082, 3, 0, 10088
2026/05/24 20:47:10.395, 0, 1, 10490
2026/05/24 20:47:10.397, 1, 0, 10088
2026/05/24 20:47:10.399, 2, 0, 10088
2026/05/24 20:47:10.400, 3, 0, 10088
2026/05/24 20:47:25.502, 0, 14, 10490
2026/05/24 20:47:25.504, 1, 0, 10088
2026/05/24 20:47:25.505, 2, 0, 10088
2026/05/24 20:47:25.507, 3, 0, 10088
2026/05/24 20:47:40.624, 0, 100, 10490
2026/05/24 20:47:40.628, 1, 100, 10088
2026/05/24 20:47:40.631, 2, 0, 10088
2026/05/24 20:47:40.634, 3, 100, 10088
2026/05/24 20:47:55.832, 0, 100, 10490
2026/05/24 20:47:55.834, 1, 100, 10088
2026/05/24 20:47:55.836, 2, 74, 10088
2026/05/24 20:47:55.838, 3, 100, 10088
2026/05/24 20:48:10.953, 0, 3, 10490
2026/05/24 20:48:10.955, 1, 0, 10088
2026/05/24 20:48:10.956, 2, 0, 10088
2026/05/24 20:48:10.958, 3, 0, 10088
2026/05/24 20:48:26.399, 0, 4, 10490
2026/05/24 20:48:26.401, 1, 0, 10088
2026/05/24 20:48:26.402, 2, 0, 10088
2026/05/24 20:48:26.403, 3, 0, 10088
2026/05/24 20:48:41.503, 0, 11, 10490
2026/05/24 20:48:41.506, 1, 0, 10088
2026/05/24 20:48:41.507, 2, 0, 10088
2026/05/24 20:48:41.509, 3, 0, 10088
2026/05/24 20:48:56.618, 0, 66, 10490
2026/05/24 20:48:56.657, 1, 100, 10088
2026/05/24 20:48:56.660, 2, 100, 10088
2026/05/24 20:48:56.663, 3, 100, 10088
2026/05/24 20:49:11.768, 0, 100, 10490
2026/05/24 20:49:11.770, 1, 100, 10088
2026/05/24 20:49:11.771, 2, 45, 10088
2026/05/24 20:49:11.773, 3, 100, 10088
2026/05/24 20:49:27.274, 0, 100, 10490
2026/05/24 20:49:27.276, 1, 100, 10088
2026/05/24 20:49:27.279, 2, 100, 10088
2026/05/24 20:49:27.282, 3, 28, 10088
2026/05/24 20:49:42.394, 0, 8, 10490
2026/05/24 20:49:42.396, 1, 0, 10088
2026/05/24 20:49:42.398, 2, 0, 10088
2026/05/24 20:49:42.399, 3, 0, 10088
2026/05/24 20:49:57.555, 0, 13, 10490
2026/05/24 20:49:57.558, 1, 0, 10088
2026/05/24 20:49:57.559, 2, 0, 10088
2026/05/24 20:49:57.560, 3, 0, 10088
2026/05/24 20:50:12.654, 0, 100, 10490
2026/05/24 20:50:12.657, 1, 100, 10088
2026/05/24 20:50:12.660, 2, 0, 10088
2026/05/24 20:50:12.662, 3, 100, 10088
2026/05/24 20:50:27.846, 0, 0, 10490
2026/05/24 20:50:27.848, 1, 0, 10088
2026/05/24 20:50:27.849, 2, 24, 10088
2026/05/24 20:50:27.851, 3, 0, 10088
2026/05/24 20:50:42.940, 0, 98, 10490
2026/05/24 20:50:42.945, 1, 0, 10088
2026/05/24 20:50:42.948, 2, 100, 10088
2026/05/24 20:50:42.951, 3, 0, 10088
2026/05/24 20:50:58.074, 0, 100, 10490
2026/05/24 20:50:58.077, 1, 100, 10088
2026/05/24 20:50:58.079, 2, 100, 10088
2026/05/24 20:50:58.082, 3, 100, 10088
2026/05/24 20:51:13.174, 0, 13, 10490
2026/05/24 20:51:13.176, 1, 0, 10088
2026/05/24 20:51:13.177, 2, 0, 10088
2026/05/24 20:51:13.178, 3, 0, 10088
2026/05/24 20:51:28.357, 0, 0, 10490
2026/05/24 20:51:28.359, 1, 38, 10088
2026/05/24 20:51:28.361, 2, 100, 10088
2026/05/24 20:51:28.518, 3, 0, 10088
2026/05/24 20:51:43.795, 0, 8, 10490
2026/05/24 20:51:43.797, 1, 0, 10088
2026/05/24 20:51:43.798, 2, 0, 10088
2026/05/24 20:51:43.799, 3, 0, 10088
2026/05/24 20:51:58.933, 0, 100, 10490
2026/05/24 20:51:58.937, 1, 100, 10088
2026/05/24 20:51:58.940, 2, 1, 10088
2026/05/24 20:51:58.943, 3, 0, 10088
2026/05/24 20:52:14.046, 0, 100, 10490
2026/05/24 20:52:14.050, 1, 45, 10088
2026/05/24 20:52:14.053, 2, 0, 10088
2026/05/24 20:52:14.054, 3, 0, 10088
2026/05/24 20:52:29.191, 0, 7, 10490
2026/05/24 20:52:29.195, 1, 100, 10088
2026/05/24 20:52:29.199, 2, 100, 10088
2026/05/24 20:52:29.203, 3, 0, 10088
2026/05/24 20:52:44.474, 0, 1, 10490
2026/05/24 20:52:44.476, 1, 0, 10088
2026/05/24 20:52:44.478, 2, 0, 10088
2026/05/24 20:52:44.479, 3, 0, 10088
2026/05/24 20:52:59.594, 0, 100, 10490
2026/05/24 20:52:59.598, 1, 100, 10088
2026/05/24 20:52:59.601, 2, 94, 10088
2026/05/24 20:52:59.604, 3, 0, 10088
2026/05/24 20:53:14.747, 0, 10, 10490
2026/05/24 20:53:14.751, 1, 0, 10088
2026/05/24 20:53:14.754, 2, 0, 10088
2026/05/24 20:53:14.799, 3, 0, 10088
2026/05/24 20:53:29.937, 0, 6, 10490
2026/05/24 20:53:29.942, 1, 0, 10088
2026/05/24 20:53:29.945, 2, 0, 10088
2026/05/24 20:53:29.948, 3, 0, 10088
2026/05/24 20:53:45.134, 0, 9, 10490
2026/05/24 20:53:45.136, 1, 0, 10088
2026/05/24 20:53:45.137, 2, 0, 10088
2026/05/24 20:53:45.139, 3, 0, 10088
2026/05/24 20:54:00.238, 0, 14, 10490
2026/05/24 20:54:00.240, 1, 0, 10088
2026/05/24 20:54:00.241, 2, 0, 10088
2026/05/24 20:54:00.242, 3, 0, 10088
2026/05/24 20:54:15.325, 0, 9, 10490
2026/05/24 20:54:15.327, 1, 0, 10088
2026/05/24 20:54:15.329, 2, 0, 10088
2026/05/24 20:54:15.330, 3, 0, 10088
2026/05/24 20:54:30.413, 0, 9, 10490
2026/05/24 20:54:30.415, 1, 0, 10088
2026/05/24 20:54:30.417, 2, 0, 10088
2026/05/24 20:54:30.418, 3, 0, 10088
2026/05/24 20:54:45.593, 0, 4, 10490
2026/05/24 20:54:45.595, 1, 0, 10088
2026/05/24 20:54:45.596, 2, 0, 10088
2026/05/24 20:54:45.597, 3, 0, 10088
2026/05/24 20:55:00.741, 0, 1, 10490
2026/05/24 20:55:00.743, 1, 0, 10088
2026/05/24 20:55:00.745, 2, 0, 10088
2026/05/24 20:55:00.746, 3, 0, 10088
2026/05/24 20:55:15.846, 0, 16, 10490
2026/05/24 20:55:15.848, 1, 0, 10088
2026/05/24 20:55:15.850, 2, 0, 10088
2026/05/24 20:55:15.851, 3, 0, 10088
2026/05/24 20:55:30.935, 0, 100, 10490
2026/05/24 20:55:30.937, 1, 100, 10088
2026/05/24 20:55:30.938, 2, 0, 10088
2026/05/24 20:55:30.940, 3, 0, 10088
2026/05/24 20:55:46.025, 0, 100, 10490
2026/05/24 20:55:46.027, 1, 100, 10088
2026/05/24 20:55:46.028, 2, 0, 10088
2026/05/24 20:55:46.030, 3, 0, 10088
2026/05/24 20:56:01.598, 0, 100, 10490
2026/05/24 20:56:01.602, 1, 8, 10088
2026/05/24 20:56:01.604, 2, 100, 10088
2026/05/24 20:56:01.606, 3, 0, 10088
2026/05/24 20:56:16.817, 0, 9, 10490
2026/05/24 20:56:16.819, 1, 0, 10088
2026/05/24 20:56:16.820, 2, 0, 10088
2026/05/24 20:56:16.822, 3, 0, 10088
2026/05/24 20:56:31.922, 0, 14, 10490
2026/05/24 20:56:31.924, 1, 0, 10088
2026/05/24 20:56:31.925, 2, 0, 10088
2026/05/24 20:56:31.927, 3, 0, 10088
2026/05/24 20:56:47.078, 0, 100, 10490
2026/05/24 20:56:47.081, 1, 68, 10088
2026/05/24 20:56:47.084, 2, 100, 10088
2026/05/24 20:56:47.087, 3, 100, 10088
2026/05/24 20:57:02.261, 0, 2, 10490
2026/05/24 20:57:02.263, 1, 0, 10088
2026/05/24 20:57:02.265, 2, 0, 10088
2026/05/24 20:57:02.266, 3, 0, 10088
2026/05/24 20:57:17.499, 0, 100, 10490
2026/05/24 20:57:17.501, 1, 100, 10088
2026/05/24 20:57:17.502, 2, 100, 10088
2026/05/24 20:57:17.503, 3, 100, 10088
2026/05/24 20:57:32.589, 0, 8, 10490
2026/05/24 20:57:32.591, 1, 0, 10088
2026/05/24 20:57:32.593, 2, 0, 10088
2026/05/24 20:57:32.594, 3, 0, 10088
2026/05/24 20:57:47.713, 0, 9, 10490
2026/05/24 20:57:47.715, 1, 0, 10088
2026/05/24 20:57:47.717, 2, 0, 10088
2026/05/24 20:57:47.718, 3, 0, 10088
2026/05/24 20:58:02.818, 0, 12, 10490
2026/05/24 20:58:02.820, 1, 0, 10088
2026/05/24 20:58:02.822, 2, 0, 10088
2026/05/24 20:58:02.823, 3, 0, 10088
2026/05/24 20:58:18.021, 0, 3, 10490
2026/05/24 20:58:18.023, 1, 0, 10088
2026/05/24 20:58:18.025, 2, 0, 10088
2026/05/24 20:58:18.026, 3, 0, 10088
2026/05/24 20:58:33.126, 0, 8, 10490
2026/05/24 20:58:33.128, 1, 60, 10088
2026/05/24 20:58:33.129, 2, 0, 10088
2026/05/24 20:58:33.130, 3, 0, 10088
2026/05/24 20:58:48.219, 0, 9, 10490
2026/05/24 20:58:48.222, 1, 100, 10088
2026/05/24 20:58:48.226, 2, 0, 10088
2026/05/24 20:58:48.227, 3, 0, 10088
2026/05/24 20:59:03.359, 0, 100, 10490
2026/05/24 20:59:03.363, 1, 100, 10088
2026/05/24 20:59:03.366, 2, 100, 10088
2026/05/24 20:59:03.368, 3, 91, 10088
2026/05/24 20:59:18.473, 0, 11, 10490
2026/05/24 20:59:18.476, 1, 0, 10088
2026/05/24 20:59:18.477, 2, 0, 10088
2026/05/24 20:59:18.478, 3, 0, 10088
2026/05/24 20:59:33.959, 0, 3, 10490
2026/05/24 20:59:33.960, 1, 0, 10088
2026/05/24 20:59:33.961, 2, 0, 10088
2026/05/24 20:59:33.962, 3, 0, 10088
2026/05/24 20:59:49.238, 0, 100, 10490
2026/05/24 20:59:49.239, 1, 0, 10088
2026/05/24 20:59:49.240, 2, 0, 10088
2026/05/24 20:59:49.242, 3, 0, 10088
2026/05/24 21:00:04.618, 0, 0, 10490
2026/05/24 21:00:04.620, 1, 0, 10088
2026/05/24 21:00:04.622, 2, 0, 10088
2026/05/24 21:00:04.623, 3, 20, 10088
2026/05/24 21:00:19.822, 0, 12, 10490
2026/05/24 21:00:19.824, 1, 0, 10088
2026/05/24 21:00:19.825, 2, 0, 10088
2026/05/24 21:00:19.826, 3, 0, 10088
2026/05/24 21:00:35.003, 0, 10, 10490
2026/05/24 21:00:35.006, 1, 0, 10088
2026/05/24 21:00:35.009, 2, 100, 10088
2026/05/24 21:00:35.012, 3, 0, 10088
2026/05/24 21:00:50.118, 0, 100, 10490
2026/05/24 21:00:50.122, 1, 100, 10088
2026/05/24 21:00:50.125, 2, 100, 10088
2026/05/24 21:00:50.128, 3, 69, 10088
2026/05/24 21:01:05.232, 0, 10, 10490
2026/05/24 21:01:05.236, 1, 0, 10088
2026/05/24 21:01:05.239, 2, 100, 10088
2026/05/24 21:01:05.242, 3, 0, 10088
2026/05/24 21:01:20.354, 0, 0, 10490
2026/05/24 21:01:20.356, 1, 0, 10088
2026/05/24 21:01:20.357, 2, 0, 10088
2026/05/24 21:01:20.359, 3, 0, 10088
2026/05/24 21:01:35.477, 0, 5, 10490
2026/05/24 21:01:35.479, 1, 0, 10088
2026/05/24 21:01:35.480, 2, 0, 10088
2026/05/24 21:01:35.482, 3, 0, 10088
2026/05/24 21:01:50.602, 0, 4, 10490
2026/05/24 21:01:50.604, 1, 0, 10088
2026/05/24 21:01:50.605, 2, 0, 10088
2026/05/24 21:01:50.607, 3, 0, 10088
2026/05/24 21:02:05.689, 0, 9, 10490
2026/05/24 21:02:05.691, 1, 0, 10088
2026/05/24 21:02:05.692, 2, 0, 10088
2026/05/24 21:02:05.694, 3, 0, 10088
2026/05/24 21:02:20.830, 0, 100, 10490
2026/05/24 21:02:20.833, 1, 0, 10088
2026/05/24 21:02:20.836, 2, 0, 10088
2026/05/24 21:02:20.839, 3, 100, 10088
2026/05/24 21:02:35.942, 0, 9, 10490
2026/05/24 21:02:35.945, 1, 0, 10088
2026/05/24 21:02:35.948, 2, 0, 10088
2026/05/24 21:02:35.951, 3, 0, 10088
2026/05/24 21:02:51.081, 0, 6, 10490
2026/05/24 21:02:51.083, 1, 0, 10088
2026/05/24 21:02:51.085, 2, 0, 10088
2026/05/24 21:02:51.086, 3, 0, 10088
2026/05/24 21:03:06.385, 0, 13, 10490
2026/05/24 21:03:06.387, 1, 0, 10088
2026/05/24 21:03:06.388, 2, 0, 10088
2026/05/24 21:03:06.389, 3, 0, 10088
2026/05/24 21:03:21.469, 0, 8, 10490
2026/05/24 21:03:21.471, 1, 0, 10088
2026/05/24 21:03:21.473, 2, 0, 10088
2026/05/24 21:03:21.474, 3, 85, 10088
2026/05/24 21:03:36.584, 0, 100, 10490
2026/05/24 21:03:36.588, 1, 67, 10088
2026/05/24 21:03:36.591, 2, 100, 10088
2026/05/24 21:03:36.594, 3, 0, 10088
2026/05/24 21:03:51.766, 0, 1, 10490
2026/05/24 21:03:51.770, 1, 100, 10088
2026/05/24 21:03:51.773, 2, 100, 10088
2026/05/24 21:03:51.776, 3, 100, 10088
2026/05/24 21:04:06.933, 0, 9, 10490
2026/05/24 21:04:06.936, 1, 0, 10088
2026/05/24 21:04:06.937, 2, 0, 10088
2026/05/24 21:04:06.938, 3, 0, 10088
2026/05/24 21:04:22.022, 0, 9, 10490
2026/05/24 21:04:22.024, 1, 0, 10088
2026/05/24 21:04:22.025, 2, 0, 10088
2026/05/24 21:04:22.027, 3, 0, 10088
2026/05/24 21:04:37.127, 0, 13, 10490
2026/05/24 21:04:37.129, 1, 0, 10088
2026/05/24 21:04:37.131, 2, 0, 10088
2026/05/24 21:04:37.132, 3, 0, 10088
2026/05/24 21:04:52.379, 0, 0, 10490
2026/05/24 21:04:52.384, 1, 100, 10088
2026/05/24 21:04:52.386, 2, 64, 10088
2026/05/24 21:04:52.390, 3, 0, 10088
2026/05/24 21:05:07.485, 0, 100, 10490
2026/05/24 21:05:07.491, 1, 100, 10088
2026/05/24 21:05:07.494, 2, 0, 10088
2026/05/24 21:05:07.495, 3, 0, 10088
2026/05/24 21:05:22.581, 0, 6, 10490
2026/05/24 21:05:22.583, 1, 100, 10088
2026/05/24 21:05:22.585, 2, 100, 10088
2026/05/24 21:05:22.586, 3, 100, 10088
2026/05/24 21:05:37.669, 0, 9, 10490
2026/05/24 21:05:37.671, 1, 0, 10088
2026/05/24 21:05:37.672, 2, 0, 10088
2026/05/24 21:05:37.674, 3, 0, 10088
2026/05/24 21:05:52.752, 0, 19, 10490
2026/05/24 21:05:52.754, 1, 0, 10088
2026/05/24 21:05:52.755, 2, 0, 10088
2026/05/24 21:05:52.756, 3, 0, 10088
2026/05/24 21:06:07.895, 0, 100, 10490
2026/05/24 21:06:07.897, 1, 100, 10088
2026/05/24 21:06:07.899, 2, 92, 10088
2026/05/24 21:06:07.900, 3, 100, 10088
2026/05/24 21:06:23.089, 0, 100, 10490
2026/05/24 21:06:23.091, 1, 100, 10088
2026/05/24 21:06:23.093, 2, 0, 10088
2026/05/24 21:06:23.094, 3, 0, 10088
2026/05/24 21:06:38.347, 0, 100, 10490
2026/05/24 21:06:38.351, 1, 100, 10088
2026/05/24 21:06:38.355, 2, 100, 10088
2026/05/24 21:06:38.360, 3, 100, 10088
2026/05/24 21:06:53.453, 0, 9, 10490
2026/05/24 21:06:53.455, 1, 0, 10088
2026/05/24 21:06:53.457, 2, 0, 10088
2026/05/24 21:06:53.458, 3, 0, 10088
2026/05/24 21:07:08.562, 0, 14, 10490
2026/05/24 21:07:08.564, 1, 0, 10088
2026/05/24 21:07:08.566, 2, 0, 10088
2026/05/24 21:07:08.567, 3, 0, 10088
2026/05/24 21:07:23.649, 0, 9, 10490
2026/05/24 21:07:23.651, 1, 0, 10088
2026/05/24 21:07:23.652, 2, 0, 10088
2026/05/24 21:07:23.654, 3, 0, 10088
2026/05/24 21:07:38.778, 0, 4, 10490
2026/05/24 21:07:38.780, 1, 0, 10088
2026/05/24 21:07:38.781, 2, 0, 10088
2026/05/24 21:07:38.782, 3, 0, 10088
2026/05/24 21:07:53.953, 0, 4, 10490
2026/05/24 21:07:53.955, 1, 0, 10088
2026/05/24 21:07:53.956, 2, 0, 10088
2026/05/24 21:07:53.958, 3, 0, 10088
2026/05/24 21:08:09.050, 0, 65, 10490
2026/05/24 21:08:09.054, 1, 100, 10088
2026/05/24 21:08:09.057, 2, 100, 10088
2026/05/24 21:08:09.060, 3, 100, 10088
2026/05/24 21:08:24.157, 0, 14, 10490
2026/05/24 21:08:24.159, 1, 0, 10088
2026/05/24 21:08:24.160, 2, 0, 10088
2026/05/24 21:08:24.162, 3, 0, 10088
2026/05/24 21:08:39.271, 0, 10, 10490
2026/05/24 21:08:39.275, 1, 0, 10088
2026/05/24 21:08:39.279, 2, 0, 10088
2026/05/24 21:08:39.281, 3, 0, 10088
2026/05/24 21:08:54.384, 0, 100, 10490
2026/05/24 21:08:54.387, 1, 100, 10088
2026/05/24 21:08:54.390, 2, 100, 10088
2026/05/24 21:08:54.393, 3, 94, 10088
2026/05/24 21:09:09.485, 0, 10, 10490
2026/05/24 21:09:09.487, 1, 0, 10088
2026/05/24 21:09:09.489, 2, 0, 10088
2026/05/24 21:09:09.490, 3, 0, 10088
2026/05/24 21:09:24.669, 0, 4, 10490
2026/05/24 21:09:24.671, 1, 0, 10088
2026/05/24 21:09:24.673, 2, 0, 10088
2026/05/24 21:09:24.674, 3, 0, 10088
2026/05/24 21:09:39.882, 0, 14, 10490
2026/05/24 21:09:39.884, 1, 0, 10088
2026/05/24 21:09:39.885, 2, 0, 10088
2026/05/24 21:09:39.887, 3, 0, 10088
2026/05/24 21:09:55.009, 0, 6, 10490
2026/05/24 21:09:55.011, 1, 0, 10088
2026/05/24 21:09:55.013, 2, 0, 10088
2026/05/24 21:09:55.014, 3, 0, 10088
2026/05/24 21:10:10.152, 0, 2, 10490
2026/05/24 21:10:10.156, 1, 0, 10088
2026/05/24 21:10:10.159, 2, 100, 10088
2026/05/24 21:10:10.163, 3, 0, 10088
2026/05/24 21:10:25.285, 0, 2, 10490
2026/05/24 21:10:25.287, 1, 48, 10088
2026/05/24 21:10:25.289, 2, 0, 10088
2026/05/24 21:10:25.290, 3, 0, 10088
2026/05/24 21:10:40.373, 0, 100, 10490
2026/05/24 21:10:40.375, 1, 0, 10088
2026/05/24 21:10:40.377, 2, 0, 10088
2026/05/24 21:10:40.378, 3, 100, 10088
2026/05/24 21:10:55.462, 0, 14, 10490
2026/05/24 21:10:55.465, 1, 0, 10088
2026/05/24 21:10:55.466, 2, 0, 10088
2026/05/24 21:10:55.467, 3, 0, 10088
2026/05/24 21:11:10.614, 0, 6, 10490
2026/05/24 21:11:10.616, 1, 0, 10088
2026/05/24 21:11:10.617, 2, 0, 10088
2026/05/24 21:11:10.618, 3, 0, 10088
2026/05/24 21:11:25.925, 0, 8, 10490
2026/05/24 21:11:25.927, 1, 0, 10088
2026/05/24 21:11:25.928, 2, 0, 10088
2026/05/24 21:11:25.929, 3, 0, 10088
2026/05/24 21:11:41.033, 0, 9, 10490
2026/05/24 21:11:41.035, 1, 0, 10088
2026/05/24 21:11:41.037, 2, 0, 10088
2026/05/24 21:11:41.038, 3, 0, 10088
2026/05/24 21:11:56.121, 0, 100, 10490
2026/05/24 21:11:56.123, 1, 100, 10088
2026/05/24 21:11:56.125, 2, 0, 10088
2026/05/24 21:11:56.126, 3, 0, 10088
2026/05/24 21:12:11.226, 0, 0, 10490
2026/05/24 21:12:11.228, 1, 0, 10088
2026/05/24 21:12:11.229, 2, 0, 10088
2026/05/24 21:12:11.230, 3, 0, 10088
2026/05/24 21:12:26.453, 0, 13, 10490
2026/05/24 21:12:26.456, 1, 0, 10088
2026/05/24 21:12:26.576, 2, 0, 10088
2026/05/24 21:12:26.577, 3, 0, 10088
2026/05/24 21:12:41.661, 0, 9, 10490
2026/05/24 21:12:41.663, 1, 0, 10088
2026/05/24 21:12:41.665, 2, 0, 10088
2026/05/24 21:12:41.666, 3, 0, 10088
2026/05/24 21:12:56.758, 0, 100, 10490
2026/05/24 21:12:56.762, 1, 100, 10088
2026/05/24 21:12:56.773, 2, 100, 10088
2026/05/24 21:12:56.777, 3, 75, 10088
2026/05/24 21:13:11.889, 0, 4, 10490
2026/05/24 21:13:11.891, 1, 0, 10088
2026/05/24 21:13:11.893, 2, 0, 10088
2026/05/24 21:13:11.894, 3, 0, 10088
2026/05/24 21:13:27.092, 0, 9, 10490
2026/05/24 21:13:27.094, 1, 0, 10088
2026/05/24 21:13:27.096, 2, 17, 10088
2026/05/24 21:13:27.097, 3, 0, 10088
2026/05/24 21:13:42.182, 0, 13, 10490
2026/05/24 21:13:42.184, 1, 0, 10088
2026/05/24 21:13:42.186, 2, 0, 10088
2026/05/24 21:13:42.187, 3, 0, 10088
2026/05/24 21:13:57.277, 0, 100, 10490
2026/05/24 21:13:57.279, 1, 97, 10088
2026/05/24 21:13:57.281, 2, 100, 10088
2026/05/24 21:13:57.282, 3, 0, 10088
2026/05/24 21:14:12.427, 0, 100, 10490
2026/05/24 21:14:12.431, 1, 100, 10088
2026/05/24 21:14:12.433, 2, 100, 10088
2026/05/24 21:14:12.435, 3, 100, 10088
2026/05/24 21:14:27.722, 0, 6, 10490
2026/05/24 21:14:27.724, 1, 0, 10088
2026/05/24 21:14:27.725, 2, 0, 10088
2026/05/24 21:14:27.726, 3, 0, 10088
2026/05/24 21:14:42.805, 0, 9, 10490
2026/05/24 21:14:42.807, 1, 0, 10088
2026/05/24 21:14:42.809, 2, 0, 10088
2026/05/24 21:14:42.810, 3, 0, 10088
2026/05/24 21:14:57.918, 0, 16, 10490
2026/05/24 21:14:57.920, 1, 0, 10088
2026/05/24 21:14:57.921, 2, 0, 10088
2026/05/24 21:14:57.923, 3, 0, 10088
2026/05/24 21:15:13.011, 0, 100, 10490
2026/05/24 21:15:13.015, 1, 90, 10088
2026/05/24 21:15:13.018, 2, 0, 10088
2026/05/24 21:15:13.020, 3, 0, 10088
2026/05/24 21:15:28.193, 0, 100, 10490
2026/05/24 21:15:28.195, 1, 100, 10088
2026/05/24 21:15:28.197, 2, 0, 10088
2026/05/24 21:15:28.198, 3, 0, 10088
2026/05/24 21:15:43.281, 0, 8, 10490
2026/05/24 21:15:43.283, 1, 100, 10088
2026/05/24 21:15:43.285, 2, 0, 10088
2026/05/24 21:15:43.286, 3, 0, 10088
2026/05/24 21:15:58.357, 0, 8, 10490
2026/05/24 21:15:58.359, 1, 0, 10088
2026/05/24 21:15:58.360, 2, 0, 10088
2026/05/24 21:15:58.361, 3, 0, 10088
2026/05/24 21:16:13.458, 0, 0, 10490
2026/05/24 21:16:13.460, 1, 0, 10088
2026/05/24 21:16:13.462, 2, 0, 10088
2026/05/24 21:16:13.463, 3, 0, 10088
2026/05/24 21:16:28.917, 0, 56, 10490
2026/05/24 21:16:28.920, 1, 49, 10088
2026/05/24 21:16:28.922, 2, 0, 10088
2026/05/24 21:16:28.925, 3, 0, 10088
2026/05/24 21:16:44.136, 0, 100, 10490
2026/05/24 21:16:44.140, 1, 100, 10088
2026/05/24 21:16:44.143, 2, 100, 10088
2026/05/24 21:16:44.146, 3, 100, 10088
2026/05/24 21:16:59.245, 0, 9, 10490
2026/05/24 21:16:59.247, 1, 0, 10088
2026/05/24 21:16:59.249, 2, 0, 10088
2026/05/24 21:16:59.250, 3, 0, 10088
2026/05/24 21:17:14.333, 0, 9, 10490
2026/05/24 21:17:14.335, 1, 0, 10088
2026/05/24 21:17:14.337, 2, 0, 10088
2026/05/24 21:17:14.338, 3, 0, 10088
2026/05/24 21:17:29.602, 0, 0, 10490
2026/05/24 21:17:29.604, 1, 0, 10088
2026/05/24 21:17:29.606, 2, 0, 10088
2026/05/24 21:17:29.607, 3, 0, 10088
2026/05/24 21:17:44.789, 0, 8, 10490
2026/05/24 21:17:44.791, 1, 0, 10088
2026/05/24 21:17:44.793, 2, 0, 10088
2026/05/24 21:17:44.794, 3, 0, 10088
2026/05/24 21:17:59.878, 0, 25, 10490
2026/05/24 21:17:59.880, 1, 100, 10088
2026/05/24 21:17:59.881, 2, 100, 10088
2026/05/24 21:17:59.882, 3, 0, 10088
2026/05/24 21:18:15.064, 0, 100, 10490
2026/05/24 21:18:15.067, 1, 0, 10088
2026/05/24 21:18:15.071, 2, 0, 10088
2026/05/24 21:18:15.073, 3, 100, 10088
2026/05/24 21:18:30.223, 0, 1, 10490
2026/05/24 21:18:30.225, 1, 0, 10088
2026/05/24 21:18:30.226, 2, 0, 10088
2026/05/24 21:18:30.227, 3, 0, 10088
2026/05/24 21:18:45.310, 0, 100, 10490
2026/05/24 21:18:45.312, 1, 100, 10088
2026/05/24 21:18:45.313, 2, 0, 10088
2026/05/24 21:18:45.314, 3, 88, 10088
2026/05/24 21:19:00.468, 0, 9, 10490
2026/05/24 21:19:00.473, 1, 91, 10088
2026/05/24 21:19:00.477, 2, 0, 10088
2026/05/24 21:19:00.479, 3, 0, 10088
2026/05/24 21:19:15.579, 0, 96, 10490
2026/05/24 21:19:15.581, 1, 0, 10088
2026/05/24 21:19:15.582, 2, 0, 10088
2026/05/24 21:19:15.583, 3, 0, 10088
2026/05/24 21:19:30.665, 0, 9, 10490
2026/05/24 21:19:30.667, 1, 0, 10088
2026/05/24 21:19:30.669, 2, 0, 10088
2026/05/24 21:19:30.670, 3, 0, 10088
2026/05/24 21:19:45.753, 0, 0, 10490
2026/05/24 21:19:45.755, 1, 0, 10088
2026/05/24 21:19:45.756, 2, 0, 10088
2026/05/24 21:19:45.758, 3, 0, 10088
2026/05/24 21:20:00.858, 0, 14, 10490
2026/05/24 21:20:00.860, 1, 0, 10088
2026/05/24 21:20:00.861, 2, 0, 10088
2026/05/24 21:20:00.862, 3, 0, 10088
2026/05/24 21:20:15.946, 0, 8, 10490
2026/05/24 21:20:15.948, 1, 100, 10088
2026/05/24 21:20:15.949, 2, 100, 10088
2026/05/24 21:20:15.951, 3, 0, 10088
2026/05/24 21:20:31.091, 0, 51, 10490
2026/05/24 21:20:31.094, 1, 0, 10088
2026/05/24 21:20:31.097, 2, 0, 10088
2026/05/24 21:20:31.101, 3, 0, 10088
2026/05/24 21:20:46.397, 0, 4, 10490
2026/05/24 21:20:46.399, 1, 0, 10088
2026/05/24 21:20:46.400, 2, 0, 10088
2026/05/24 21:20:46.402, 3, 0, 10088
2026/05/24 21:21:01.502, 0, 9, 10490
2026/05/24 21:21:01.504, 1, 0, 10088
2026/05/24 21:21:01.505, 2, 0, 10088
2026/05/24 21:21:01.506, 3, 0, 10088
2026/05/24 21:21:16.606, 0, 13, 10490
2026/05/24 21:21:16.608, 1, 0, 10088
2026/05/24 21:21:16.609, 2, 0, 10088
2026/05/24 21:21:16.611, 3, 0, 10088
2026/05/24 21:21:31.731, 0, 100, 10490
2026/05/24 21:21:31.735, 1, 100, 10088
2026/05/24 21:21:31.738, 2, 78, 10088
2026/05/24 21:21:31.741, 3, 0, 10088
2026/05/24 21:21:46.834, 0, 10, 10490
2026/05/24 21:21:46.836, 1, 0, 10088
2026/05/24 21:21:46.837, 2, 0, 10088
2026/05/24 21:21:46.838, 3, 0, 10088
2026/05/24 21:22:01.969, 0, 9, 10490
2026/05/24 21:22:01.971, 1, 0, 10088
2026/05/24 21:22:01.973, 2, 0, 10088
2026/05/24 21:22:01.975, 3, 0, 10088
2026/05/24 21:22:17.078, 0, 100, 10490
2026/05/24 21:22:17.083, 1, 100, 10088
2026/05/24 21:22:17.086, 2, 0, 10088
2026/05/24 21:22:17.089, 3, 0, 10088
2026/05/24 21:22:32.206, 0, 100, 10490
2026/05/24 21:22:32.208, 1, 100, 10088
2026/05/24 21:22:32.209, 2, 0, 10088
2026/05/24 21:22:32.211, 3, 0, 10088
2026/05/24 21:22:47.331, 0, 9, 10490
2026/05/24 21:22:47.333, 1, 0, 10088
2026/05/24 21:22:47.335, 2, 0, 10088
2026/05/24 21:22:47.336, 3, 0, 10088
2026/05/24 21:23:02.422, 0, 100, 10490
2026/05/24 21:23:02.424, 1, 100, 10088
2026/05/24 21:23:02.425, 2, 0, 10088
2026/05/24 21:23:02.426, 3, 100, 10088
2026/05/24 21:23:17.514, 0, 100, 10490
2026/05/24 21:23:17.516, 1, 83, 10088
2026/05/24 21:23:17.517, 2, 100, 10088
2026/05/24 21:23:17.518, 3, 100, 10088
2026/05/24 21:23:32.602, 0, 6, 10490
2026/05/24 21:23:32.604, 1, 0, 10088
2026/05/24 21:23:32.605, 2, 0, 10088
2026/05/24 21:23:32.606, 3, 0, 10088
2026/05/24 21:23:47.689, 0, 9, 10490
2026/05/24 21:23:47.691, 1, 0, 10088
2026/05/24 21:23:47.693, 2, 0, 10088
2026/05/24 21:23:47.694, 3, 0, 10088
2026/05/24 21:24:02.921, 0, 13, 10490
2026/05/24 21:24:02.924, 1, 0, 10088
2026/05/24 21:24:02.925, 2, 0, 10088
2026/05/24 21:24:02.926, 3, 0, 10088
2026/05/24 21:24:18.177, 0, 100, 10490
2026/05/24 21:24:18.181, 1, 100, 10088
2026/05/24 21:24:18.183, 2, 100, 10088
2026/05/24 21:24:18.186, 3, 100, 10088
2026/05/24 21:24:33.281, 0, 100, 10490
2026/05/24 21:24:33.283, 1, 100, 10088
2026/05/24 21:24:33.284, 2, 0, 10088
2026/05/24 21:24:33.286, 3, 0, 10088
2026/05/24 21:24:48.369, 0, 100, 10490
2026/05/24 21:24:48.371, 1, 100, 10088
2026/05/24 21:24:48.373, 2, 0, 10088
2026/05/24 21:24:48.374, 3, 0, 10088
2026/05/24 21:25:03.554, 0, 100, 10490
2026/05/24 21:25:03.557, 1, 70, 10088
2026/05/24 21:25:03.559, 2, 0, 10088
2026/05/24 21:25:03.562, 3, 100, 10088
2026/05/24 21:25:18.653, 0, 9, 10490
2026/05/24 21:25:18.655, 1, 0, 10088
2026/05/24 21:25:18.657, 2, 0, 10088
2026/05/24 21:25:18.658, 3, 0, 10088
2026/05/24 21:25:33.796, 0, 100, 10490
2026/05/24 21:25:33.799, 1, 100, 10088
2026/05/24 21:25:33.801, 2, 100, 10088
2026/05/24 21:25:33.804, 3, 0, 10088
2026/05/24 21:25:48.975, 0, 2, 10490
2026/05/24 21:25:48.977, 1, 0, 10088
2026/05/24 21:25:48.979, 2, 0, 10088
2026/05/24 21:25:48.980, 3, 0, 10088
2026/05/24 21:26:04.309, 0, 100, 10490
2026/05/24 21:26:04.311, 1, 100, 10088
2026/05/24 21:26:04.312, 2, 0, 10088
2026/05/24 21:26:04.313, 3, 0, 10088
2026/05/24 21:26:19.410, 0, 12, 10490
2026/05/24 21:26:19.412, 1, 0, 10088
2026/05/24 21:26:19.413, 2, 0, 10088
2026/05/24 21:26:19.414, 3, 0, 10088
2026/05/24 21:26:34.548, 0, 9, 10490
2026/05/24 21:26:34.552, 1, 100, 10088
2026/05/24 21:26:34.555, 2, 92, 10088
2026/05/24 21:26:34.558, 3, 0, 10088
2026/05/24 21:26:49.653, 0, 9, 10490
2026/05/24 21:26:49.655, 1, 0, 10088
2026/05/24 21:26:49.657, 2, 100, 10088
2026/05/24 21:26:49.658, 3, 100, 10088
2026/05/24 21:27:04.970, 0, 1, 10490
2026/05/24 21:27:04.972, 1, 0, 10088
2026/05/24 21:27:04.973, 2, 100, 10088
2026/05/24 21:27:04.974, 3, 0, 10088
2026/05/24 21:27:20.074, 0, 9, 10490
2026/05/24 21:27:20.076, 1, 0, 10088
2026/05/24 21:27:20.077, 2, 0, 10088
2026/05/24 21:27:20.079, 3, 0, 10088
2026/05/24 21:27:35.197, 0, 100, 10490
2026/05/24 21:27:35.200, 1, 88, 10088
2026/05/24 21:27:35.203, 2, 0, 10088
2026/05/24 21:27:35.205, 3, 0, 10088
2026/05/24 21:27:50.318, 0, 0, 10490
2026/05/24 21:27:50.320, 1, 0, 10088
2026/05/24 21:27:50.322, 2, 0, 10088
2026/05/24 21:27:50.323, 3, 0, 10088
2026/05/24 21:28:05.821, 0, 100, 10490
2026/05/24 21:28:05.824, 1, 100, 10088
2026/05/24 21:28:05.826, 2, 98, 10088
2026/05/24 21:28:05.828, 3, 0, 10088
2026/05/24 21:28:21.042, 0, 1, 10490
2026/05/24 21:28:21.044, 1, 0, 10088
2026/05/24 21:28:21.045, 2, 0, 10088
2026/05/24 21:28:21.046, 3, 0, 10088
2026/05/24 21:28:36.328, 0, 100, 10490
2026/05/24 21:28:36.331, 1, 100, 10088
2026/05/24 21:28:36.334, 2, 100, 10088
2026/05/24 21:28:36.335, 3, 100, 10088
2026/05/24 21:28:51.414, 0, 14, 10490
2026/05/24 21:28:51.416, 1, 0, 10088
2026/05/24 21:28:51.417, 2, 0, 10088
2026/05/24 21:28:51.419, 3, 0, 10088
2026/05/24 21:29:06.501, 0, 9, 10490
2026/05/24 21:29:06.503, 1, 0, 10088
2026/05/24 21:29:06.504, 2, 0, 10088
2026/05/24 21:29:06.506, 3, 0, 10088
2026/05/24 21:29:21.589, 0, 0, 10490
2026/05/24 21:29:21.591, 1, 0, 10088
2026/05/24 21:29:21.593, 2, 0, 10088
2026/05/24 21:29:21.594, 3, 0, 10088
2026/05/24 21:29:36.746, 0, 4, 10490
2026/05/24 21:29:36.748, 1, 100, 10088
2026/05/24 21:29:36.750, 2, 100, 10088
2026/05/24 21:29:36.751, 3, 100, 10088
2026/05/24 21:29:51.909, 0, 3, 10490
2026/05/24 21:29:51.911, 1, 0, 10088
2026/05/24 21:29:51.913, 2, 0, 10088
2026/05/24 21:29:51.914, 3, 0, 10088
2026/05/24 21:30:07.156, 0, 0, 10490
2026/05/24 21:30:07.158, 1, 0, 10088
2026/05/24 21:30:07.160, 2, 0, 10088
2026/05/24 21:30:07.161, 3, 0, 10088
2026/05/24 21:30:22.246, 0, 5, 10490
2026/05/24 21:30:22.248, 1, 0, 10088
2026/05/24 21:30:22.250, 2, 0, 10088
2026/05/24 21:30:22.251, 3, 0, 10088
2026/05/24 21:30:37.363, 0, 8, 10490
2026/05/24 21:30:37.367, 1, 0, 10088
2026/05/24 21:30:37.371, 2, 31, 10088
2026/05/24 21:30:37.374, 3, 0, 10088
2026/05/24 21:30:52.466, 0, 100, 10490
2026/05/24 21:30:52.468, 1, 100, 10088
2026/05/24 21:30:52.469, 2, 100, 10088
2026/05/24 21:30:52.470, 3, 0, 10088
2026/05/24 21:31:07.631, 0, 93, 10490
2026/05/24 21:31:07.635, 1, 100, 10088
2026/05/24 21:31:07.637, 2, 100, 10088
2026/05/24 21:31:07.641, 3, 0, 10088
2026/05/24 21:31:22.755, 0, 7, 10490
2026/05/24 21:31:22.757, 1, 0, 10088
2026/05/24 21:31:22.758, 2, 0, 10088
2026/05/24 21:31:22.759, 3, 16, 10088
2026/05/24 21:31:38.269, 0, 100, 10490
2026/05/24 21:31:38.271, 1, 100, 10088
2026/05/24 21:31:38.272, 2, 84, 10088
2026/05/24 21:31:38.274, 3, 100, 10088
2026/05/24 21:31:53.441, 0, 2, 10490
2026/05/24 21:31:53.443, 1, 100, 10088
2026/05/24 21:31:53.445, 2, 0, 10088
2026/05/24 21:31:53.446, 3, 0, 10088
2026/05/24 21:32:08.530, 0, 9, 10490
2026/05/24 21:32:08.533, 1, 100, 10088
2026/05/24 21:32:08.536, 2, 100, 10088
2026/05/24 21:32:08.539, 3, 0, 10088
2026/05/24 21:32:23.644, 0, 100, 10490
2026/05/24 21:32:23.646, 1, 58, 10088
2026/05/24 21:32:23.647, 2, 100, 10088
2026/05/24 21:32:23.648, 3, 100, 10088
2026/05/24 21:32:38.746, 0, 15, 10490
2026/05/24 21:32:38.748, 1, 0, 10088
2026/05/24 21:32:38.749, 2, 0, 10088
2026/05/24 21:32:38.750, 3, 0, 10088
2026/05/24 21:32:53.885, 0, 5, 10490
2026/05/24 21:32:53.887, 1, 0, 10088
2026/05/24 21:32:53.889, 2, 0, 10088
2026/05/24 21:32:53.890, 3, 0, 10088
2026/05/24 21:33:09.385, 0, 6, 10490
2026/05/24 21:33:09.387, 1, 0, 10088
2026/05/24 21:33:09.388, 2, 0, 10088
2026/05/24 21:33:09.389, 3, 0, 10088
2026/05/24 21:33:24.494, 0, 5, 10490
2026/05/24 21:33:24.496, 1, 0, 10088
2026/05/24 21:33:24.497, 2, 0, 10088
2026/05/24 21:33:24.498, 3, 0, 10088
2026/05/24 21:33:39.620, 0, 100, 10490
2026/05/24 21:33:39.624, 1, 100, 10088
2026/05/24 21:33:39.627, 2, 7, 10088
2026/05/24 21:33:39.630, 3, 0, 10088
2026/05/24 21:33:54.765, 0, 12, 10490
2026/05/24 21:33:54.768, 1, 0, 10088
2026/05/24 21:33:54.769, 2, 0, 10088
2026/05/24 21:33:54.770, 3, 0, 10088
2026/05/24 21:34:09.855, 0, 100, 10490
2026/05/24 21:34:09.858, 1, 100, 10088
2026/05/24 21:34:09.862, 2, 100, 10088
2026/05/24 21:34:09.865, 3, 0, 10088
2026/05/24 21:34:24.997, 0, 5, 10490
2026/05/24 21:34:24.999, 1, 0, 10088
2026/05/24 21:34:25.001, 2, 0, 10088
2026/05/24 21:34:25.002, 3, 0, 10088
2026/05/24 21:34:40.109, 0, 100, 10490
2026/05/24 21:34:40.114, 1, 0, 10088
2026/05/24 21:34:40.117, 2, 0, 10088
2026/05/24 21:34:40.120, 3, 94, 10088
2026/05/24 21:34:55.582, 0, 87, 10490
2026/05/24 21:34:55.583, 1, 100, 10088
2026/05/24 21:34:55.584, 2, 0, 10088
2026/05/24 21:34:55.585, 3, 0, 10088
2026/05/24 21:35:10.730, 0, 1, 10490
2026/05/24 21:35:10.733, 1, 0, 10088
2026/05/24 21:35:10.734, 2, 0, 10088
2026/05/24 21:35:10.735, 3, 0, 10088
2026/05/24 21:35:25.954, 0, 100, 10490
2026/05/24 21:35:25.958, 1, 100, 10088
2026/05/24 21:35:25.961, 2, 0, 10088
2026/05/24 21:35:25.962, 3, 0, 10088
2026/05/24 21:35:41.141, 0, 100, 10490
2026/05/24 21:35:41.144, 1, 100, 10088
2026/05/24 21:35:41.147, 2, 93, 10088
2026/05/24 21:35:41.150, 3, 0, 10088
2026/05/24 21:35:56.379, 0, 100, 10490
2026/05/24 21:35:56.382, 1, 100, 10088
2026/05/24 21:35:56.384, 2, 100, 10088
2026/05/24 21:35:56.388, 3, 25, 10088
2026/05/24 21:36:11.534, 0, 10, 10490
2026/05/24 21:36:11.538, 1, 95, 10088
2026/05/24 21:36:11.541, 2, 0, 10088
2026/05/24 21:36:11.544, 3, 0, 10088
2026/05/24 21:36:26.646, 0, 0, 10490
2026/05/24 21:36:26.649, 1, 0, 10088
2026/05/24 21:36:26.650, 2, 0, 10088
2026/05/24 21:36:26.651, 3, 0, 10088
2026/05/24 21:36:41.948, 0, 100, 10490
2026/05/24 21:36:41.950, 1, 100, 10088
2026/05/24 21:36:41.951, 2, 100, 10088
2026/05/24 21:36:41.953, 3, 0, 10088
2026/05/24 21:36:57.062, 0, 100, 10490
2026/05/24 21:36:57.066, 1, 0, 10088
2026/05/24 21:36:57.069, 2, 0, 10088
2026/05/24 21:36:57.073, 3, 0, 10088
2026/05/24 21:37:12.165, 0, 9, 10490
2026/05/24 21:37:12.167, 1, 0, 10088
2026/05/24 21:37:12.169, 2, 0, 10088
2026/05/24 21:37:12.170, 3, 0, 10088
2026/05/24 21:37:27.297, 0, 100, 10490
2026/05/24 21:37:27.301, 1, 100, 10088
2026/05/24 21:37:27.304, 2, 86, 10088
2026/05/24 21:37:27.307, 3, 100, 10088
2026/05/24 21:37:42.441, 0, 14, 10490
2026/05/24 21:37:42.444, 1, 0, 10088
2026/05/24 21:37:42.445, 2, 0, 10088
2026/05/24 21:37:42.446, 3, 0, 10088
2026/05/24 21:37:57.628, 0, 2, 10490
2026/05/24 21:37:57.632, 1, 0, 10088
2026/05/24 21:37:57.635, 2, 0, 10088
2026/05/24 21:37:57.638, 3, 0, 10088
2026/05/24 21:38:12.900, 0, 5, 10490
2026/05/24 21:38:12.902, 1, 0, 10088
2026/05/24 21:38:12.903, 2, 0, 10088
2026/05/24 21:38:12.904, 3, 0, 10088
2026/05/24 21:38:28.161, 0, 44, 10490
2026/05/24 21:38:28.165, 1, 0, 10088
2026/05/24 21:38:28.168, 2, 0, 10088
2026/05/24 21:38:28.171, 3, 100, 10088
2026/05/24 21:38:43.265, 0, 100, 10490
2026/05/24 21:38:43.267, 1, 100, 10088
2026/05/24 21:38:43.269, 2, 100, 10088
2026/05/24 21:38:43.270, 3, 0, 10088
2026/05/24 21:38:58.377, 0, 100, 10490
2026/05/24 21:38:58.379, 1, 100, 10088
2026/05/24 21:38:58.380, 2, 0, 10088
2026/05/24 21:38:58.382, 3, 0, 10088
2026/05/24 21:39:13.472, 0, 14, 10490
2026/05/24 21:39:13.474, 1, 0, 10088
2026/05/24 21:39:13.475, 2, 0, 10088
2026/05/24 21:39:13.476, 3, 0, 10088
2026/05/24 21:39:28.558, 0, 4, 10490
2026/05/24 21:39:28.560, 1, 0, 10088
2026/05/24 21:39:28.561, 2, 0, 10088
2026/05/24 21:39:28.562, 3, 0, 10088
2026/05/24 21:39:43.817, 0, 4, 10490
2026/05/24 21:39:43.819, 1, 0, 10088
2026/05/24 21:39:43.821, 2, 0, 10088
2026/05/24 21:39:43.822, 3, 0, 10088
2026/05/24 21:39:58.988, 0, 3, 10490
2026/05/24 21:39:58.990, 1, 25, 10088
2026/05/24 21:39:58.991, 2, 100, 10088
2026/05/24 21:39:58.993, 3, 0, 10088
2026/05/24 21:40:14.148, 0, 100, 10490
2026/05/24 21:40:14.153, 1, 100, 10088
2026/05/24 21:40:14.155, 2, 98, 10088
2026/05/24 21:40:14.159, 3, 100, 10088
2026/05/24 21:40:29.270, 0, 14, 10490
2026/05/24 21:40:29.272, 1, 0, 10088
2026/05/24 21:40:29.273, 2, 0, 10088
2026/05/24 21:40:29.275, 3, 0, 10088
2026/05/24 21:40:44.357, 0, 9, 10490
2026/05/24 21:40:44.359, 1, 0, 10088
2026/05/24 21:40:44.360, 2, 0, 10088
2026/05/24 21:40:44.362, 3, 0, 10088
2026/05/24 21:40:59.478, 0, 9, 10490
2026/05/24 21:40:59.481, 1, 0, 10088
2026/05/24 21:40:59.484, 2, 97, 10088
2026/05/24 21:40:59.487, 3, 0, 10088
2026/05/24 21:41:14.662, 0, 29, 10490
2026/05/24 21:41:14.664, 1, 100, 10088
2026/05/24 21:41:14.666, 2, 100, 10088
2026/05/24 21:41:14.670, 3, 0, 10088
2026/05/24 21:41:29.914, 0, 4, 10490
2026/05/24 21:41:29.916, 1, 0, 10088
2026/05/24 21:41:29.917, 2, 0, 10088
2026/05/24 21:41:29.918, 3, 0, 10088
2026/05/24 21:41:45.018, 0, 13, 10490
2026/05/24 21:41:45.020, 1, 0, 10088
2026/05/24 21:41:45.022, 2, 0, 10088
2026/05/24 21:41:45.023, 3, 0, 10088
2026/05/24 21:42:00.173, 0, 21, 10490
2026/05/24 21:42:00.177, 1, 0, 10088
2026/05/24 21:42:00.181, 2, 0, 10088
2026/05/24 21:42:00.184, 3, 0, 10088
2026/05/24 21:42:15.277, 0, 9, 10490
2026/05/24 21:42:15.279, 1, 0, 10088
2026/05/24 21:42:15.280, 2, 100, 10088
2026/05/24 21:42:15.281, 3, 0, 10088
2026/05/24 21:42:30.361, 0, 8, 10490
2026/05/24 21:42:30.363, 1, 0, 10088
2026/05/24 21:42:30.365, 2, 0, 10088
2026/05/24 21:42:30.366, 3, 0, 10088
2026/05/24 21:42:45.740, 0, 0, 10490
2026/05/24 21:42:45.742, 1, 0, 10088
2026/05/24 21:42:45.743, 2, 0, 10088
2026/05/24 21:42:45.744, 3, 0, 10088
2026/05/24 21:43:00.836, 0, 10, 10490
2026/05/24 21:43:00.838, 1, 0, 10088
2026/05/24 21:43:00.840, 2, 0, 10088
2026/05/24 21:43:00.841, 3, 0, 10088
2026/05/24 21:43:15.935, 0, 100, 10490
2026/05/24 21:43:15.939, 1, 100, 10088
2026/05/24 21:43:15.942, 2, 100, 10088
2026/05/24 21:43:15.946, 3, 70, 10088
2026/05/24 21:43:31.042, 0, 9, 10490
2026/05/24 21:43:31.044, 1, 6, 10088
2026/05/24 21:43:31.045, 2, 0, 10088
2026/05/24 21:43:31.046, 3, 0, 10088
2026/05/24 21:43:46.147, 0, 100, 10490
2026/05/24 21:43:46.152, 1, 100, 10088
2026/05/24 21:43:46.155, 2, 0, 10088
2026/05/24 21:43:46.158, 3, 0, 10088
2026/05/24 21:44:01.249, 0, 9, 10490
2026/05/24 21:44:01.251, 1, 0, 10088
2026/05/24 21:44:01.253, 2, 0, 10088
2026/05/24 21:44:01.254, 3, 0, 10088
2026/05/24 21:44:16.354, 0, 0, 10490
2026/05/24 21:44:16.357, 1, 0, 10088
2026/05/24 21:44:16.358, 2, 0, 10088
2026/05/24 21:44:16.359, 3, 0, 10088
2026/05/24 21:44:31.534, 0, 100, 10490
2026/05/24 21:44:31.535, 1, 100, 10088
2026/05/24 21:44:31.536, 2, 0, 10088
2026/05/24 21:44:31.537, 3, 100, 10088
2026/05/24 21:44:46.678, 0, 100, 10490
2026/05/24 21:44:46.681, 1, 100, 10088
2026/05/24 21:44:46.685, 2, 100, 10088
2026/05/24 21:44:46.688, 3, 55, 10088
2026/05/24 21:45:01.905, 0, 9, 10490
2026/05/24 21:45:01.907, 1, 0, 10088
2026/05/24 21:45:01.909, 2, 0, 10088
2026/05/24 21:45:01.910, 3, 100, 10088
2026/05/24 21:45:17.050, 0, 100, 10490
2026/05/24 21:45:17.056, 1, 100, 10088
2026/05/24 21:45:17.059, 2, 100, 10088
2026/05/24 21:45:17.062, 3, 100, 10088
2026/05/24 21:45:32.170, 0, 6, 10490
2026/05/24 21:45:32.172, 1, 0, 10088
2026/05/24 21:45:32.173, 2, 0, 10088
2026/05/24 21:45:32.175, 3, 0, 10088
2026/05/24 21:45:47.249, 0, 8, 10490
2026/05/24 21:45:47.251, 1, 0, 10088
2026/05/24 21:45:47.252, 2, 100, 10088
2026/05/24 21:45:47.253, 3, 0, 10088
2026/05/24 21:46:02.629, 0, 3, 10490
2026/05/24 21:46:02.633, 1, 100, 10088
2026/05/24 21:46:02.635, 2, 99, 10088
2026/05/24 21:46:02.638, 3, 0, 10088
2026/05/24 21:46:17.756, 0, 100, 10490
2026/05/24 21:46:17.761, 1, 100, 10088
2026/05/24 21:46:17.764, 2, 99, 10088
2026/05/24 21:46:17.767, 3, 0, 10088
2026/05/24 21:46:33.026, 0, 100, 10490
2026/05/24 21:46:33.030, 1, 100, 10088
2026/05/24 21:46:33.034, 2, 0, 10088
2026/05/24 21:46:33.035, 3, 0, 10088
2026/05/24 21:46:48.142, 0, 13, 10490
2026/05/24 21:46:48.144, 1, 0, 10088
2026/05/24 21:46:48.146, 2, 0, 10088
2026/05/24 21:46:48.147, 3, 0, 10088
2026/05/24 21:47:03.233, 0, 10, 10490
2026/05/24 21:47:03.235, 1, 0, 10088
2026/05/24 21:47:03.237, 2, 0, 10088
2026/05/24 21:47:03.238, 3, 0, 10088
2026/05/24 21:47:18.321, 0, 9, 10490
2026/05/24 21:47:18.323, 1, 0, 10088
2026/05/24 21:47:18.324, 2, 0, 10088
2026/05/24 21:47:18.326, 3, 0, 10088
2026/05/24 21:47:33.469, 0, 100, 10490
2026/05/24 21:47:33.471, 1, 100, 10088
2026/05/24 21:47:33.473, 2, 0, 10088
2026/05/24 21:47:33.474, 3, 0, 10088
2026/05/24 21:47:48.557, 0, 8, 10490
2026/05/24 21:47:48.559, 1, 0, 10088
2026/05/24 21:47:48.561, 2, 0, 10088
2026/05/24 21:47:48.562, 3, 0, 10088
2026/05/24 21:48:03.662, 0, 16, 10490
2026/05/24 21:48:03.664, 1, 0, 10088
2026/05/24 21:48:03.666, 2, 0, 10088
2026/05/24 21:48:03.667, 3, 0, 10088
2026/05/24 21:48:18.755, 0, 100, 10490
2026/05/24 21:48:18.757, 1, 100, 10088
2026/05/24 21:48:18.758, 2, 100, 10088
2026/05/24 21:48:18.760, 3, 0, 10088
2026/05/24 21:48:33.975, 0, 9, 10490
2026/05/24 21:48:33.977, 1, 0, 10088
2026/05/24 21:48:33.978, 2, 0, 10088
2026/05/24 21:48:33.979, 3, 16, 10088
2026/05/24 21:48:49.105, 0, 4, 10490
2026/05/24 21:48:49.107, 1, 100, 10088
2026/05/24 21:48:49.108, 2, 100, 10088
2026/05/24 21:48:49.109, 3, 0, 10088
2026/05/24 21:49:04.360, 0, 9, 10490
2026/05/24 21:49:04.364, 1, 0, 10088
2026/05/24 21:49:04.367, 2, 100, 10088
2026/05/24 21:49:04.371, 3, 95, 10088
2026/05/24 21:49:19.482, 0, 13, 10490
2026/05/24 21:49:19.484, 1, 0, 10088
2026/05/24 21:49:19.485, 2, 0, 10088
2026/05/24 21:49:19.487, 3, 0, 10088
2026/05/24 21:49:34.887, 0, 0, 10490
2026/05/24 21:49:34.891, 1, 36, 10088
2026/05/24 21:49:34.894, 2, 100, 10088
2026/05/24 21:49:34.898, 3, 100, 10088
2026/05/24 21:49:50.188, 0, 5, 10490
2026/05/24 21:49:50.190, 1, 0, 10088
2026/05/24 21:49:50.191, 2, 0, 10088
2026/05/24 21:49:50.193, 3, 0, 10088
2026/05/24 21:50:05.276, 0, 100, 10490
2026/05/24 21:50:05.279, 1, 100, 10088
2026/05/24 21:50:05.282, 2, 100, 10088
2026/05/24 21:50:05.351, 3, 100, 10088
2026/05/24 21:50:20.442, 0, 9, 10490
2026/05/24 21:50:20.444, 1, 0, 10088
2026/05/24 21:50:20.446, 2, 0, 10088
2026/05/24 21:50:20.447, 3, 0, 10088
2026/05/24 21:50:35.550, 0, 8, 10490
2026/05/24 21:50:35.552, 1, 0, 10088
2026/05/24 21:50:35.554, 2, 0, 10088
2026/05/24 21:50:35.555, 3, 0, 10088
2026/05/24 21:50:50.755, 0, 0, 10490
2026/05/24 21:50:50.758, 1, 0, 10088
2026/05/24 21:50:50.759, 2, 0, 10088
2026/05/24 21:50:50.760, 3, 0, 10088
2026/05/24 21:51:05.845, 0, 8, 10490
2026/05/24 21:51:05.847, 1, 0, 10088
2026/05/24 21:51:05.848, 2, 0, 10088
2026/05/24 21:51:05.850, 3, 0, 10088
2026/05/24 21:51:21.010, 0, 68, 10490
2026/05/24 21:51:21.014, 1, 100, 10088
2026/05/24 21:51:21.017, 2, 100, 10088
2026/05/24 21:51:21.020, 3, 100, 10088
2026/05/24 21:51:36.146, 0, 5, 10490
2026/05/24 21:51:36.150, 1, 0, 10088
2026/05/24 21:51:36.151, 2, 0, 10088
2026/05/24 21:51:36.154, 3, 97, 10088
2026/05/24 21:51:51.294, 0, 5, 10490
2026/05/24 21:51:51.296, 1, 0, 10088
2026/05/24 21:51:51.297, 2, 0, 10088
2026/05/24 21:51:51.298, 3, 0, 10088
2026/05/24 21:52:06.455, 0, 100, 10490
2026/05/24 21:52:06.459, 1, 100, 10088
2026/05/24 21:52:06.462, 2, 100, 10088
2026/05/24 21:52:06.466, 3, 100, 10088
2026/05/24 21:52:21.562, 0, 9, 10490
2026/05/24 21:52:21.565, 1, 0, 10088
2026/05/24 21:52:21.566, 2, 0, 10088
2026/05/24 21:52:21.567, 3, 0, 10088
2026/05/24 21:52:36.689, 0, 8, 10490
2026/05/24 21:52:36.691, 1, 0, 10088
2026/05/24 21:52:36.693, 2, 0, 10088
2026/05/24 21:52:36.694, 3, 0, 10088
2026/05/24 21:52:51.857, 0, 100, 10490
2026/05/24 21:52:51.858, 1, 0, 10088
2026/05/24 21:52:51.859, 2, 0, 10088
2026/05/24 21:52:51.860, 3, 0, 10088
2026/05/24 21:53:06.941, 0, 9, 10490
2026/05/24 21:53:06.943, 1, 0, 10088
2026/05/24 21:53:06.944, 2, 0, 10088
2026/05/24 21:53:06.946, 3, 0, 10088
2026/05/24 21:53:22.050, 0, 14, 10490
2026/05/24 21:53:22.052, 1, 0, 10088
2026/05/24 21:53:22.053, 2, 0, 10088
2026/05/24 21:53:22.055, 3, 0, 10088
2026/05/24 21:53:37.218, 0, 100, 10490
2026/05/24 21:53:37.221, 1, 100, 10088
2026/05/24 21:53:37.225, 2, 100, 10088
2026/05/24 21:53:37.228, 3, 94, 10088
2026/05/24 21:53:52.385, 0, 6, 10490
2026/05/24 21:53:52.387, 1, 0, 10088
2026/05/24 21:53:52.389, 2, 0, 10088
2026/05/24 21:53:52.390, 3, 0, 10088
2026/05/24 21:54:07.473, 0, 9, 10490
2026/05/24 21:54:07.475, 1, 0, 10088
2026/05/24 21:54:07.477, 2, 0, 10088
2026/05/24 21:54:07.478, 3, 0, 10088
2026/05/24 21:54:22.562, 0, 100, 10490
2026/05/24 21:54:22.564, 1, 100, 10088
2026/05/24 21:54:22.565, 2, 1, 10088
2026/05/24 21:54:22.566, 3, 100, 10088
2026/05/24 21:54:37.667, 0, 14, 10490
2026/05/24 21:54:37.669, 1, 0, 10088
2026/05/24 21:54:37.670, 2, 0, 10088
2026/05/24 21:54:37.672, 3, 0, 10088
2026/05/24 21:54:52.810, 0, 0, 10490
2026/05/24 21:54:52.814, 1, 69, 10088
2026/05/24 21:54:52.817, 2, 0, 10088
2026/05/24 21:54:52.820, 3, 0, 10088
2026/05/24 21:55:07.920, 0, 0, 10490
2026/05/24 21:55:07.922, 1, 0, 10088
2026/05/24 21:55:07.923, 2, 0, 10088
2026/05/24 21:55:07.923, 3, 0, 10088
2026/05/24 21:55:23.050, 0, 100, 10490
2026/05/24 21:55:23.054, 1, 45, 10088
2026/05/24 21:55:23.057, 2, 0, 10088
2026/05/24 21:55:23.060, 3, 0, 10088
2026/05/24 21:55:38.167, 0, 27, 10490
2026/05/24 21:55:38.171, 1, 100, 10088
2026/05/24 21:55:38.174, 2, 100, 10088
2026/05/24 21:55:38.177, 3, 100, 10088
2026/05/24 21:55:53.318, 0, 0, 10490
2026/05/24 21:55:53.320, 1, 0, 10088
2026/05/24 21:55:53.322, 2, 0, 10088
2026/05/24 21:55:53.323, 3, 0, 10088
2026/05/24 21:56:08.613, 0, 8, 10490
2026/05/24 21:56:08.615, 1, 0, 10088
2026/05/24 21:56:08.616, 2, 0, 10088
2026/05/24 21:56:08.617, 3, 0, 10088
2026/05/24 21:56:23.697, 0, 9, 10490
2026/05/24 21:56:23.699, 1, 0, 10088
2026/05/24 21:56:23.700, 2, 0, 10088
2026/05/24 21:56:23.702, 3, 0, 10088
2026/05/24 21:56:38.808, 0, 9, 10490
2026/05/24 21:56:38.812, 1, 100, 10088
2026/05/24 21:56:38.816, 2, 89, 10088
2026/05/24 21:56:38.819, 3, 0, 10088
2026/05/24 21:56:53.913, 0, 7, 10490
2026/05/24 21:56:53.915, 1, 0, 10088
2026/05/24 21:56:53.917, 2, 0, 10088
2026/05/24 21:56:53.918, 3, 0, 10088
2026/05/24 21:57:09.082, 0, 0, 10490
2026/05/24 21:57:09.084, 1, 0, 10088
2026/05/24 21:57:09.086, 2, 0, 10088
2026/05/24 21:57:09.087, 3, 0, 10088
2026/05/24 21:57:24.403, 0, 100, 10490
2026/05/24 21:57:24.407, 1, 40, 10088
2026/05/24 21:57:24.460, 2, 100, 10088
2026/05/24 21:57:24.463, 3, 100, 10088
2026/05/24 21:57:39.649, 0, 8, 10490
2026/05/24 21:57:39.652, 1, 0, 10088
2026/05/24 21:57:39.655, 2, 0, 10088
2026/05/24 21:57:39.658, 3, 0, 10088
2026/05/24 21:57:54.793, 0, 5, 10490
2026/05/24 21:57:54.795, 1, 0, 10088
2026/05/24 21:57:54.796, 2, 0, 10088
2026/05/24 21:57:54.798, 3, 0, 10088
2026/05/24 21:58:09.918, 0, 6, 10490
2026/05/24 21:58:09.920, 1, 0, 10088
2026/05/24 21:58:09.922, 2, 0, 10088
2026/05/24 21:58:09.923, 3, 0, 10088
2026/05/24 21:58:25.011, 0, 100, 10490
2026/05/24 21:58:25.014, 1, 100, 10088
2026/05/24 21:58:25.016, 2, 100, 10088
2026/05/24 21:58:25.019, 3, 0, 10088
2026/05/24 21:58:40.121, 0, 100, 10490
2026/05/24 21:58:40.125, 1, 89, 10088
2026/05/24 21:58:40.128, 2, 0, 10088
2026/05/24 21:58:40.129, 3, 0, 10088
2026/05/24 21:58:55.237, 0, 100, 10490
2026/05/24 21:58:55.240, 1, 100, 10088
2026/05/24 21:58:55.241, 2, 100, 10088
2026/05/24 21:58:55.242, 3, 100, 10088
2026/05/24 21:59:10.386, 0, 3, 10490
2026/05/24 21:59:10.390, 1, 0, 10088
2026/05/24 21:59:10.393, 2, 0, 10088
2026/05/24 21:59:10.396, 3, 0, 10088
2026/05/24 21:59:25.773, 0, 9, 10490
2026/05/24 21:59:25.775, 1, 0, 10088
2026/05/24 21:59:25.777, 2, 0, 10088
2026/05/24 21:59:25.778, 3, 0, 10088
2026/05/24 21:59:40.879, 0, 10, 10490
2026/05/24 21:59:40.881, 1, 0, 10088
2026/05/24 21:59:40.882, 2, 0, 10088
2026/05/24 21:59:40.883, 3, 0, 10088
2026/05/24 21:59:55.966, 0, 9, 10490
2026/05/24 21:59:55.968, 1, 0, 10088
2026/05/24 21:59:55.970, 2, 0, 10088
2026/05/24 21:59:55.971, 3, 0, 10088
2026/05/24 22:00:11.053, 0, 9, 10490
2026/05/24 22:00:11.055, 1, 0, 10088
2026/05/24 22:00:11.057, 2, 0, 10088
2026/05/24 22:00:11.058, 3, 0, 10088
2026/05/24 22:00:26.258, 0, 0, 10490
2026/05/24 22:00:26.260, 1, 0, 10088
2026/05/24 22:00:26.262, 2, 100, 10088
2026/05/24 22:00:26.263, 3, 0, 10088
2026/05/24 22:00:41.626, 0, 100, 10490
2026/05/24 22:00:41.627, 1, 98, 10088
2026/05/24 22:00:41.628, 2, 0, 10088
2026/05/24 22:00:41.629, 3, 0, 10088
2026/05/24 22:00:56.712, 0, 9, 10490
2026/05/24 22:00:56.714, 1, 0, 10088
2026/05/24 22:00:56.715, 2, 0, 10088
2026/05/24 22:00:56.717, 3, 0, 10088
2026/05/24 22:01:11.872, 0, 100, 10490
2026/05/24 22:01:11.877, 1, 100, 10088
2026/05/24 22:01:11.881, 2, 100, 10088
2026/05/24 22:01:11.885, 3, 100, 10088
2026/05/24 22:01:26.994, 0, 100, 10490
2026/05/24 22:01:26.996, 1, 100, 10088
2026/05/24 22:01:26.997, 2, 100, 10088
2026/05/24 22:01:26.999, 3, 0, 10088
2026/05/24 22:01:42.090, 0, 100, 10490
2026/05/24 22:01:42.093, 1, 100, 10088
2026/05/24 22:01:42.096, 2, 100, 10088
2026/05/24 22:01:42.099, 3, 0, 10088
2026/05/24 22:01:57.199, 0, 5, 10490
2026/05/24 22:01:57.201, 1, 0, 10088
2026/05/24 22:01:57.203, 2, 0, 10088
2026/05/24 22:01:57.204, 3, 0, 10088
2026/05/24 22:02:12.309, 0, 9, 10490
2026/05/24 22:02:12.311, 1, 33, 10088
2026/05/24 22:02:12.312, 2, 100, 10088
2026/05/24 22:02:12.314, 3, 0, 10088
2026/05/24 22:02:27.397, 0, 9, 10490
2026/05/24 22:02:27.399, 1, 0, 10088
2026/05/24 22:02:27.400, 2, 0, 10088
2026/05/24 22:02:27.402, 3, 0, 10088
2026/05/24 22:02:42.563, 0, 100, 10490
2026/05/24 22:02:42.567, 1, 0, 10088
2026/05/24 22:02:42.570, 2, 100, 10088
2026/05/24 22:02:42.574, 3, 100, 10088
2026/05/24 22:02:57.675, 0, 100, 10490
2026/05/24 22:02:57.677, 1, 100, 10088
2026/05/24 22:02:57.678, 2, 99, 10088
2026/05/24 22:02:57.679, 3, 100, 10088
2026/05/24 22:03:12.772, 0, 100, 10490
2026/05/24 22:03:12.775, 1, 0, 10088
2026/05/24 22:03:12.776, 2, 0, 10088
2026/05/24 22:03:12.777, 3, 0, 10088
2026/05/24 22:03:27.858, 0, 10, 10490
2026/05/24 22:03:27.860, 1, 0, 10088
2026/05/24 22:03:27.861, 2, 0, 10088
2026/05/24 22:03:27.863, 3, 0, 10088
2026/05/24 22:03:42.970, 0, 8, 10490
2026/05/24 22:03:42.972, 1, 0, 10088
2026/05/24 22:03:42.973, 2, 0, 10088
2026/05/24 22:03:42.974, 3, 0, 10088
2026/05/24 22:03:58.117, 0, 0, 10490
2026/05/24 22:03:58.119, 1, 0, 10088
2026/05/24 22:03:58.120, 2, 0, 10088
2026/05/24 22:03:58.121, 3, 0, 10088
2026/05/24 22:04:13.237, 0, 9, 10490
2026/05/24 22:04:13.239, 1, 0, 10088
2026/05/24 22:04:13.241, 2, 0, 10088
2026/05/24 22:04:13.242, 3, 0, 10088
2026/05/24 22:04:28.319, 0, 16, 10490
2026/05/24 22:04:28.321, 1, 0, 10088
2026/05/24 22:04:28.323, 2, 0, 10088
2026/05/24 22:04:28.324, 3, 0, 10088
2026/05/24 22:04:43.405, 0, 8, 10490
2026/05/24 22:04:43.407, 1, 0, 10088
2026/05/24 22:04:43.408, 2, 0, 10088
2026/05/24 22:04:43.410, 3, 0, 10088
2026/05/24 22:04:58.570, 0, 6, 10490
2026/05/24 22:04:58.572, 1, 0, 10088
2026/05/24 22:04:58.573, 2, 0, 10088
2026/05/24 22:04:58.575, 3, 0, 10088
2026/05/24 22:05:13.757, 0, 10, 10490
2026/05/24 22:05:13.761, 1, 100, 10088
2026/05/24 22:05:13.811, 2, 100, 10088
2026/05/24 22:05:13.815, 3, 0, 10088
2026/05/24 22:05:28.954, 0, 100, 10490
2026/05/24 22:05:28.957, 1, 100, 10088
2026/05/24 22:05:28.959, 2, 100, 10088
2026/05/24 22:05:28.962, 3, 71, 10088
2026/05/24 22:05:44.098, 0, 16, 10490
2026/05/24 22:05:44.100, 1, 0, 10088
2026/05/24 22:05:44.101, 2, 0, 10088
2026/05/24 22:05:44.102, 3, 0, 10088
2026/05/24 22:05:59.262, 0, 4, 10490
2026/05/24 22:05:59.265, 1, 0, 10088
2026/05/24 22:05:59.266, 2, 0, 10088
2026/05/24 22:05:59.267, 3, 0, 10088
2026/05/24 22:06:14.353, 0, 8, 10490
2026/05/24 22:06:14.355, 1, 0, 10088
2026/05/24 22:06:14.357, 2, 0, 10088
2026/05/24 22:06:14.358, 3, 0, 10088
2026/05/24 22:06:29.474, 0, 100, 10490
2026/05/24 22:06:29.478, 1, 100, 10088
2026/05/24 22:06:29.482, 2, 0, 10088
2026/05/24 22:06:29.483, 3, 0, 10088
2026/05/24 22:06:44.573, 0, 100, 10490
2026/05/24 22:06:44.575, 1, 100, 10088
2026/05/24 22:06:44.576, 2, 0, 10088
2026/05/24 22:06:44.578, 3, 100, 10088
2026/05/24 22:06:59.730, 0, 19, 10490
2026/05/24 22:06:59.732, 1, 0, 10088
2026/05/24 22:06:59.733, 2, 0, 10088
2026/05/24 22:06:59.735, 3, 0, 10088
2026/05/24 22:07:14.851, 0, 100, 10490
2026/05/24 22:07:14.853, 1, 100, 10088
2026/05/24 22:07:14.855, 2, 100, 10088
2026/05/24 22:07:14.857, 3, 100, 10088
2026/05/24 22:07:29.945, 0, 100, 10490
2026/05/24 22:07:29.947, 1, 0, 10088
2026/05/24 22:07:29.949, 2, 0, 10088
2026/05/24 22:07:29.950, 3, 0, 10088
2026/05/24 22:07:45.053, 0, 9, 10490
2026/05/24 22:07:45.055, 1, 0, 10088
2026/05/24 22:07:45.056, 2, 0, 10088
2026/05/24 22:07:45.058, 3, 0, 10088
2026/05/24 22:08:00.169, 0, 100, 10490
2026/05/24 22:08:00.172, 1, 100, 10088
2026/05/24 22:08:00.175, 2, 99, 10088
2026/05/24 22:08:00.178, 3, 0, 10088
2026/05/24 22:08:15.290, 0, 14, 10490
2026/05/24 22:08:15.292, 1, 0, 10088
2026/05/24 22:08:15.293, 2, 0, 10088
2026/05/24 22:08:15.295, 3, 0, 10088
2026/05/24 22:08:30.406, 0, 51, 10490
2026/05/24 22:08:30.408, 1, 100, 10088
2026/05/24 22:08:30.409, 2, 100, 10088
2026/05/24 22:08:30.411, 3, 0, 10088
2026/05/24 22:08:45.493, 0, 8, 10490
2026/05/24 22:08:45.495, 1, 0, 10088
2026/05/24 22:08:45.496, 2, 25, 10088
2026/05/24 22:08:45.498, 3, 0, 10088
2026/05/24 22:09:00.654, 0, 10, 10490
2026/05/24 22:09:00.657, 1, 0, 10088
2026/05/24 22:09:00.660, 2, 100, 10088
2026/05/24 22:09:00.663, 3, 48, 10088
2026/05/24 22:09:15.797, 0, 100, 10490
2026/05/24 22:09:15.799, 1, 100, 10088
2026/05/24 22:09:15.800, 2, 0, 10088
2026/05/24 22:09:15.801, 3, 34, 10088
2026/05/24 22:09:30.920, 0, 6, 10490
2026/05/24 22:09:30.922, 1, 0, 10088
2026/05/24 22:09:30.923, 2, 0, 10088
2026/05/24 22:09:30.924, 3, 0, 10088
2026/05/24 22:09:46.200, 0, 4, 10490
2026/05/24 22:09:46.203, 1, 0, 10088
2026/05/24 22:09:46.204, 2, 0, 10088
2026/05/24 22:09:46.205, 3, 0, 10088
2026/05/24 22:10:01.300, 0, 100, 10490
2026/05/24 22:10:01.303, 1, 100, 10088
2026/05/24 22:10:01.305, 2, 100, 10088
2026/05/24 22:10:01.307, 3, 100, 10088
2026/05/24 22:10:16.402, 0, 88, 10490
2026/05/24 22:10:16.406, 1, 0, 10088
2026/05/24 22:10:16.409, 2, 0, 10088
2026/05/24 22:10:16.411, 3, 0, 10088
2026/05/24 22:10:31.546, 0, 100, 10490
2026/05/24 22:10:31.550, 1, 0, 10088
2026/05/24 22:10:31.553, 2, 100, 10088
2026/05/24 22:10:31.557, 3, 100, 10088
2026/05/24 22:10:46.727, 0, 13, 10490
2026/05/24 22:10:46.729, 1, 0, 10088
2026/05/24 22:10:46.731, 2, 0, 10088
2026/05/24 22:10:46.732, 3, 0, 10088
2026/05/24 22:11:01.914, 0, 100, 10490
2026/05/24 22:11:01.918, 1, 0, 10088
2026/05/24 22:11:01.922, 2, 100, 10088
2026/05/24 22:11:01.925, 3, 0, 10088
2026/05/24 22:11:17.079, 0, 89, 10490
2026/05/24 22:11:17.081, 1, 100, 10088
2026/05/24 22:11:17.083, 2, 100, 10088
2026/05/24 22:11:17.084, 3, 100, 10088
2026/05/24 22:11:32.169, 0, 9, 10490
2026/05/24 22:11:32.171, 1, 0, 10088
2026/05/24 22:11:32.173, 2, 0, 10088
2026/05/24 22:11:32.174, 3, 0, 10088
2026/05/24 22:11:47.257, 0, 8, 10490
2026/05/24 22:11:47.259, 1, 0, 10088
2026/05/24 22:11:47.261, 2, 0, 10088
2026/05/24 22:11:47.262, 3, 0, 10088
2026/05/24 22:12:02.362, 0, 13, 10490
2026/05/24 22:12:02.364, 1, 0, 10088
2026/05/24 22:12:02.366, 2, 0, 10088
2026/05/24 22:12:02.367, 3, 0, 10088
2026/05/24 22:12:17.453, 0, 9, 10490
2026/05/24 22:12:17.455, 1, 0, 10088
2026/05/24 22:12:17.457, 2, 0, 10088
2026/05/24 22:12:17.458, 3, 0, 10088
2026/05/24 22:12:32.543, 0, 9, 10490
2026/05/24 22:12:32.545, 1, 0, 10088
2026/05/24 22:12:32.546, 2, 0, 10088
2026/05/24 22:12:32.548, 3, 0, 10088
2026/05/24 22:12:47.784, 0, 7, 10490
2026/05/24 22:12:47.785, 1, 0, 10088
2026/05/24 22:12:47.786, 2, 0, 10088
2026/05/24 22:12:47.787, 3, 0, 10088
2026/05/24 22:13:03.051, 0, 0, 10490
2026/05/24 22:13:03.052, 1, 0, 10088
2026/05/24 22:13:03.053, 2, 0, 10088
2026/05/24 22:13:03.054, 3, 100, 10088
2026/05/24 22:13:18.150, 0, 14, 10490
2026/05/24 22:13:18.152, 1, 0, 10088
2026/05/24 22:13:18.154, 2, 0, 10088
2026/05/24 22:13:18.155, 3, 0, 10088
2026/05/24 22:13:33.279, 0, 100, 10490
2026/05/24 22:13:33.283, 1, 100, 10088
2026/05/24 22:13:33.286, 2, 0, 10088
2026/05/24 22:13:33.289, 3, 100, 10088
2026/05/24 22:13:48.382, 0, 3, 10490
2026/05/24 22:13:48.384, 1, 0, 10088
2026/05/24 22:13:48.385, 2, 0, 10088
2026/05/24 22:13:48.386, 3, 0, 10088
2026/05/24 22:14:03.561, 0, 100, 10490
2026/05/24 22:14:03.563, 1, 100, 10088
2026/05/24 22:14:03.565, 2, 0, 10088
2026/05/24 22:14:03.566, 3, 0, 10088
2026/05/24 22:14:18.854, 0, 9, 10490
2026/05/24 22:14:18.856, 1, 0, 10088
2026/05/24 22:14:18.857, 2, 0, 10088
2026/05/24 22:14:18.858, 3, 0, 10088
2026/05/24 22:14:33.958, 0, 16, 10490
2026/05/24 22:14:33.961, 1, 0, 10088
2026/05/24 22:14:33.962, 2, 0, 10088
2026/05/24 22:14:33.963, 3, 0, 10088
2026/05/24 22:14:49.069, 0, 9, 10490
2026/05/24 22:14:49.071, 1, 0, 10088
2026/05/24 22:14:49.073, 2, 53, 10088
2026/05/24 22:14:49.074, 3, 0, 10088
2026/05/24 22:15:04.697, 0, 26, 10490
2026/05/24 22:15:04.700, 1, 0, 10088
2026/05/24 22:15:04.703, 2, 100, 10088
2026/05/24 22:15:04.705, 3, 100, 10088
2026/05/24 22:15:19.874, 0, 9, 10490
2026/05/24 22:15:19.878, 1, 100, 10088
2026/05/24 22:15:19.881, 2, 0, 10088
2026/05/24 22:15:19.885, 3, 0, 10088
2026/05/24 22:15:34.973, 0, 9, 10490
2026/05/24 22:15:34.975, 1, 0, 10088
2026/05/24 22:15:34.976, 2, 0, 10088
2026/05/24 22:15:34.978, 3, 0, 10088
2026/05/24 22:15:50.061, 0, 9, 10490
2026/05/24 22:15:50.064, 1, 0, 10088
2026/05/24 22:15:50.065, 2, 0, 10088
2026/05/24 22:15:50.066, 3, 0, 10088
2026/05/24 22:16:05.491, 0, 1, 10490
2026/05/24 22:16:05.493, 1, 0, 10088
2026/05/24 22:16:05.495, 2, 0, 10088
2026/05/24 22:16:05.496, 3, 0, 10088
2026/05/24 22:16:20.581, 0, 100, 10490
2026/05/24 22:16:20.583, 1, 100, 10088
2026/05/24 22:16:20.584, 2, 0, 10088
2026/05/24 22:16:20.586, 3, 0, 10088
2026/05/24 22:16:35.760, 0, 9, 10490
2026/05/24 22:16:35.764, 1, 0, 10088
2026/05/24 22:16:35.767, 2, 100, 10088
2026/05/24 22:16:35.771, 3, 0, 10088
2026/05/24 22:16:50.866, 0, 9, 10490
2026/05/24 22:16:50.868, 1, 0, 10088
2026/05/24 22:16:50.870, 2, 0, 10088
2026/05/24 22:16:50.871, 3, 0, 10088
2026/05/24 22:17:05.986, 0, 0, 10490
2026/05/24 22:17:05.988, 1, 0, 10088
2026/05/24 22:17:05.990, 2, 0, 10088
2026/05/24 22:17:05.991, 3, 0, 10088
2026/05/24 22:17:21.379, 0, 51, 10490
2026/05/24 22:17:21.382, 1, 0, 10088
2026/05/24 22:17:21.386, 2, 0, 10088
2026/05/24 22:17:21.387, 3, 0, 10088
2026/05/24 22:17:36.478, 0, 100, 10490
2026/05/24 22:17:36.483, 1, 29, 10088
2026/05/24 22:17:36.486, 2, 0, 10088
2026/05/24 22:17:36.487, 3, 0, 10088
2026/05/24 22:17:51.593, 0, 9, 10490
2026/05/24 22:17:51.595, 1, 0, 10088
2026/05/24 22:17:51.597, 2, 0, 10088
2026/05/24 22:17:51.598, 3, 0, 10088
2026/05/24 22:18:06.719, 0, 6, 10490
2026/05/24 22:18:06.723, 1, 0, 10088
2026/05/24 22:18:06.726, 2, 100, 10088
2026/05/24 22:18:06.728, 3, 0, 10088
2026/05/24 22:18:22.071, 0, 11, 10490
2026/05/24 22:18:22.073, 1, 0, 10088
2026/05/24 22:18:22.075, 2, 0, 10088
2026/05/24 22:18:22.076, 3, 0, 10088
2026/05/24 22:18:37.178, 0, 100, 10490
2026/05/24 22:18:37.180, 1, 100, 10088
2026/05/24 22:18:37.181, 2, 100, 10088
2026/05/24 22:18:37.182, 3, 96, 10088
2026/05/24 22:18:52.265, 0, 8, 10490
2026/05/24 22:18:52.267, 1, 0, 10088
2026/05/24 22:18:52.269, 2, 0, 10088
2026/05/24 22:18:52.270, 3, 0, 10088
2026/05/24 22:19:07.361, 0, 100, 10490
2026/05/24 22:19:07.363, 1, 0, 10088
2026/05/24 22:19:07.366, 2, 0, 10088
2026/05/24 22:19:07.369, 3, 0, 10088
2026/05/24 22:19:22.582, 0, 5, 10490
2026/05/24 22:19:22.584, 1, 0, 10088
2026/05/24 22:19:22.586, 2, 0, 10088
2026/05/24 22:19:22.587, 3, 0, 10088
2026/05/24 22:19:37.812, 0, 13, 10490
2026/05/24 22:19:37.814, 1, 0, 10088
2026/05/24 22:19:37.815, 2, 0, 10088
2026/05/24 22:19:37.816, 3, 0, 10088
2026/05/24 22:19:52.898, 0, 100, 10490
2026/05/24 22:19:52.900, 1, 0, 10088
2026/05/24 22:19:52.901, 2, 0, 10088
2026/05/24 22:19:52.903, 3, 0, 10088
2026/05/24 22:20:08.030, 0, 9, 10490
2026/05/24 22:20:08.034, 1, 100, 10088
2026/05/24 22:20:08.037, 2, 0, 10088
2026/05/24 22:20:08.038, 3, 0, 10088
2026/05/24 22:20:23.145, 0, 3, 10490
2026/05/24 22:20:23.147, 1, 100, 10088
2026/05/24 22:20:23.149, 2, 100, 10088
2026/05/24 22:20:23.150, 3, 0, 10088
2026/05/24 22:20:38.233, 0, 9, 10490
2026/05/24 22:20:38.235, 1, 0, 10088
2026/05/24 22:20:38.237, 2, 0, 10088
2026/05/24 22:20:38.238, 3, 0, 10088
2026/05/24 22:20:53.510, 0, 8, 10490
2026/05/24 22:20:53.513, 1, 0, 10088
2026/05/24 22:20:53.514, 2, 0, 10088
2026/05/24 22:20:53.515, 3, 0, 10088
2026/05/24 22:21:08.665, 0, 9, 10490
2026/05/24 22:21:08.667, 1, 0, 10088
2026/05/24 22:21:08.669, 2, 0, 10088
2026/05/24 22:21:08.672, 3, 0, 10088
2026/05/24 22:21:23.765, 0, 100, 10490
2026/05/24 22:21:23.767, 1, 100, 10088
2026/05/24 22:21:23.769, 2, 59, 10088
2026/05/24 22:21:23.770, 3, 100, 10088
2026/05/24 22:21:38.853, 0, 4, 10490
2026/05/24 22:21:38.855, 1, 100, 10088
2026/05/24 22:21:38.857, 2, 0, 10088
2026/05/24 22:21:38.858, 3, 0, 10088
2026/05/24 22:21:53.942, 0, 100, 10490
2026/05/24 22:21:53.944, 1, 4, 10088
2026/05/24 22:21:53.945, 2, 0, 10088
2026/05/24 22:21:53.947, 3, 0, 10088
2026/05/24 22:22:09.062, 0, 12, 10490
2026/05/24 22:22:09.064, 1, 0, 10088
2026/05/24 22:22:09.065, 2, 0, 10088
2026/05/24 22:22:09.067, 3, 0, 10088
2026/05/24 22:22:24.149, 0, 9, 10490
2026/05/24 22:22:24.151, 1, 0, 10088
2026/05/24 22:22:24.153, 2, 0, 10088
2026/05/24 22:22:24.154, 3, 0, 10088
2026/05/24 22:22:39.237, 0, 5, 10490
2026/05/24 22:22:39.239, 1, 0, 10088
2026/05/24 22:22:39.241, 2, 98, 10088
2026/05/24 22:22:39.242, 3, 100, 10088
2026/05/24 22:22:54.325, 0, 8, 10490
2026/05/24 22:22:54.327, 1, 0, 10088
2026/05/24 22:22:54.328, 2, 0, 10088
2026/05/24 22:22:54.330, 3, 0, 10088
2026/05/24 22:23:09.452, 0, 100, 10490
2026/05/24 22:23:09.455, 1, 64, 10088
2026/05/24 22:23:09.457, 2, 100, 10088
2026/05/24 22:23:09.460, 3, 100, 10088
2026/05/24 22:23:24.590, 0, 12, 10490
2026/05/24 22:23:24.592, 1, 0, 10088
2026/05/24 22:23:24.593, 2, 0, 10088
2026/05/24 22:23:24.595, 3, 0, 10088
2026/05/24 22:23:39.694, 0, 100, 10490
2026/05/24 22:23:39.699, 1, 100, 10088
2026/05/24 22:23:39.702, 2, 100, 10088
2026/05/24 22:23:39.705, 3, 70, 10088
2026/05/24 22:23:54.934, 0, 9, 10490
2026/05/24 22:23:54.937, 1, 100, 10088
2026/05/24 22:23:54.940, 2, 0, 10088
2026/05/24 22:23:54.941, 3, 0, 10088
2026/05/24 22:24:10.059, 0, 4, 10490
2026/05/24 22:24:10.063, 1, 0, 10088
2026/05/24 22:24:10.067, 2, 0, 10088
2026/05/24 22:24:10.070, 3, 0, 10088
2026/05/24 22:24:25.178, 0, 12, 10490
2026/05/24 22:24:25.181, 1, 0, 10088
2026/05/24 22:24:25.182, 2, 66, 10088
2026/05/24 22:24:25.183, 3, 0, 10088
2026/05/24 22:24:40.321, 0, 6, 10490
2026/05/24 22:24:40.324, 1, 0, 10088
2026/05/24 22:24:40.327, 2, 0, 10088
2026/05/24 22:24:40.331, 3, 97, 10088
2026/05/24 22:24:55.425, 0, 10, 10490
2026/05/24 22:24:55.427, 1, 0, 10088
2026/05/24 22:24:55.429, 2, 0, 10088
2026/05/24 22:24:55.430, 3, 0, 10088
2026/05/24 22:25:10.766, 0, 100, 10490
2026/05/24 22:25:10.768, 1, 100, 10088
2026/05/24 22:25:10.769, 2, 100, 10088
2026/05/24 22:25:10.770, 3, 0, 10088
2026/05/24 22:25:25.879, 0, 9, 10490
2026/05/24 22:25:25.883, 1, 0, 10088
2026/05/24 22:25:25.886, 2, 100, 10088
2026/05/24 22:25:25.889, 3, 0, 10088
2026/05/24 22:25:41.222, 0, 13, 10490
2026/05/24 22:25:41.224, 1, 0, 10088
2026/05/24 22:25:41.226, 2, 0, 10088
2026/05/24 22:25:41.227, 3, 0, 10088
2026/05/24 22:25:56.314, 0, 9, 10490
2026/05/24 22:25:56.316, 1, 0, 10088
2026/05/24 22:25:56.318, 2, 0, 10088
2026/05/24 22:25:56.319, 3, 0, 10088
2026/05/24 22:26:11.429, 0, 0, 10490
2026/05/24 22:26:11.431, 1, 0, 10088
2026/05/24 22:26:11.433, 2, 0, 10088
2026/05/24 22:26:11.434, 3, 0, 10088
2026/05/24 22:26:26.517, 0, 9, 10490
2026/05/24 22:26:26.519, 1, 0, 10088
2026/05/24 22:26:26.520, 2, 0, 10088
2026/05/24 22:26:26.522, 3, 0, 10088
2026/05/24 22:26:41.658, 0, 100, 10490
2026/05/24 22:26:41.661, 1, 100, 10088
2026/05/24 22:26:41.664, 2, 100, 10088
2026/05/24 22:26:41.667, 3, 100, 10088
2026/05/24 22:26:56.847, 0, 14, 10490
2026/05/24 22:26:56.849, 1, 0, 10088
2026/05/24 22:26:56.850, 2, 0, 10088
2026/05/24 22:26:56.851, 3, 0, 10088
2026/05/24 22:27:12.035, 0, 4, 10490
2026/05/24 22:27:12.037, 1, 0, 10088
2026/05/24 22:27:12.038, 2, 0, 10088
2026/05/24 22:27:12.040, 3, 0, 10088
2026/05/24 22:27:27.197, 0, 5, 10490
2026/05/24 22:27:27.199, 1, 0, 10088
2026/05/24 22:27:27.200, 2, 0, 10088
2026/05/24 22:27:27.202, 3, 0, 10088
2026/05/24 22:27:42.285, 0, 7, 10490
2026/05/24 22:27:42.287, 1, 0, 10088
2026/05/24 22:27:42.288, 2, 0, 10088
2026/05/24 22:27:42.290, 3, 0, 10088
2026/05/24 22:27:57.394, 0, 100, 10490
2026/05/24 22:27:57.396, 1, 100, 10088
2026/05/24 22:27:57.397, 2, 100, 10088
2026/05/24 22:27:57.398, 3, 0, 10088
2026/05/24 22:28:12.502, 0, 5, 10490
2026/05/24 22:28:12.504, 1, 0, 10088
2026/05/24 22:28:12.505, 2, 0, 10088
2026/05/24 22:28:12.507, 3, 0, 10088
2026/05/24 22:28:27.662, 0, 8, 10490
2026/05/24 22:28:27.664, 1, 0, 10088
2026/05/24 22:28:27.665, 2, 0, 10088
2026/05/24 22:28:27.666, 3, 0, 10088
2026/05/24 22:28:42.749, 0, 100, 10490
2026/05/24 22:28:42.751, 1, 100, 10088
2026/05/24 22:28:42.752, 2, 0, 10088
2026/05/24 22:28:42.754, 3, 0, 10088
2026/05/24 22:28:57.837, 0, 100, 10490
2026/05/24 22:28:57.839, 1, 100, 10088
2026/05/24 22:28:57.841, 2, 100, 10088
2026/05/24 22:28:57.842, 3, 100, 10088
2026/05/24 22:29:12.955, 0, 85, 10490
2026/05/24 22:29:12.959, 1, 65, 10088
2026/05/24 22:29:12.962, 2, 100, 10088
2026/05/24 22:29:12.965, 3, 100, 10088
2026/05/24 22:29:28.066, 0, 13, 10490
2026/05/24 22:29:28.068, 1, 0, 10088
2026/05/24 22:29:28.069, 2, 0, 10088
2026/05/24 22:29:28.071, 3, 0, 10088
2026/05/24 22:29:43.183, 0, 9, 10490
2026/05/24 22:29:43.186, 1, 100, 10088
2026/05/24 22:29:43.190, 2, 0, 10088
2026/05/24 22:29:43.191, 3, 0, 10088
2026/05/24 22:29:58.282, 0, 94, 10490
2026/05/24 22:29:58.284, 1, 100, 10088
2026/05/24 22:29:58.285, 2, 100, 10088
2026/05/24 22:29:58.287, 3, 0, 10088
2026/05/24 22:30:13.454, 0, 6, 10490
2026/05/24 22:30:13.456, 1, 0, 10088
2026/05/24 22:30:13.457, 2, 0, 10088
2026/05/24 22:30:13.458, 3, 0, 10088
2026/05/24 22:30:28.706, 0, 13, 10490
2026/05/24 22:30:28.708, 1, 0, 10088
2026/05/24 22:30:28.709, 2, 0, 10088
2026/05/24 22:30:28.711, 3, 0, 10088
2026/05/24 22:30:43.878, 0, 100, 10490
2026/05/24 22:30:43.882, 1, 0, 10088
2026/05/24 22:30:43.885, 2, 0, 10088
2026/05/24 22:30:43.887, 3, 0, 10088
2026/05/24 22:30:58.997, 0, 9, 10490
2026/05/24 22:30:58.999, 1, 0, 10088
2026/05/24 22:30:59.000, 2, 0, 10088
2026/05/24 22:30:59.002, 3, 0, 10088
2026/05/24 22:31:14.111, 0, 9, 10490
2026/05/24 22:31:14.115, 1, 100, 10088
2026/05/24 22:31:14.118, 2, 0, 10088
2026/05/24 22:31:14.119, 3, 0, 10088
2026/05/24 22:31:29.210, 0, 10, 10490
2026/05/24 22:31:29.212, 1, 0, 10088
2026/05/24 22:31:29.213, 2, 0, 10088
2026/05/24 22:31:29.214, 3, 0, 10088
2026/05/24 22:31:44.375, 0, 3, 10490
2026/05/24 22:31:44.377, 1, 0, 10088
2026/05/24 22:31:44.378, 2, 0, 10088
2026/05/24 22:31:44.379, 3, 0, 10088
2026/05/24 22:31:59.625, 0, 99, 10490
2026/05/24 22:31:59.627, 1, 100, 10088
2026/05/24 22:31:59.629, 2, 100, 10088
2026/05/24 22:31:59.630, 3, 0, 10088
2026/05/24 22:32:14.714, 0, 100, 10490
2026/05/24 22:32:14.716, 1, 100, 10088
2026/05/24 22:32:14.717, 2, 0, 10088
2026/05/24 22:32:14.718, 3, 0, 10088
2026/05/24 22:32:29.860, 0, 9, 10490
2026/05/24 22:32:29.863, 1, 0, 10088
2026/05/24 22:32:29.865, 2, 0, 10088
2026/05/24 22:32:29.866, 3, 0, 10088
2026/05/24 22:32:45.182, 0, 2, 10490
2026/05/24 22:32:45.184, 1, 0, 10088
2026/05/24 22:32:45.186, 2, 0, 10088
2026/05/24 22:32:45.187, 3, 0, 10088
2026/05/24 22:33:00.272, 0, 10, 10490
2026/05/24 22:33:00.274, 1, 0, 10088
2026/05/24 22:33:00.275, 2, 0, 10088
2026/05/24 22:33:00.277, 3, 0, 10088
2026/05/24 22:33:15.401, 0, 8, 10490
2026/05/24 22:33:15.404, 1, 0, 10088
2026/05/24 22:33:15.405, 2, 0, 10088
2026/05/24 22:33:15.406, 3, 0, 10088
2026/05/24 22:33:30.497, 0, 100, 10490
2026/05/24 22:33:30.500, 1, 100, 10088
2026/05/24 22:33:30.502, 2, 100, 10088
2026/05/24 22:33:30.505, 3, 0, 10088
2026/05/24 22:33:45.838, 0, 100, 10490
2026/05/24 22:33:45.842, 1, 0, 10088
2026/05/24 22:33:45.844, 2, 100, 10088
2026/05/24 22:33:45.847, 3, 96, 10088
2026/05/24 22:34:00.945, 0, 8, 10490
2026/05/24 22:34:00.947, 1, 0, 10088
2026/05/24 22:34:00.948, 2, 0, 10088
2026/05/24 22:34:00.950, 3, 0, 10088
2026/05/24 22:34:16.034, 0, 9, 10490
2026/05/24 22:34:16.036, 1, 0, 10088
2026/05/24 22:34:16.038, 2, 0, 10088
2026/05/24 22:34:16.039, 3, 0, 10088
2026/05/24 22:34:31.125, 0, 100, 10490
2026/05/24 22:34:31.127, 1, 0, 10088
2026/05/24 22:34:31.129, 2, 0, 10088
2026/05/24 22:34:31.130, 3, 0, 10088
2026/05/24 22:34:46.350, 0, 1, 10490
2026/05/24 22:34:46.352, 1, 0, 10088
2026/05/24 22:34:46.353, 2, 0, 10088
2026/05/24 22:34:46.354, 3, 0, 10088
2026/05/24 22:35:01.471, 0, 100, 10490
2026/05/24 22:35:01.596, 1, 100, 10088
2026/05/24 22:35:01.599, 2, 100, 10088
2026/05/24 22:35:01.601, 3, 100, 10088
2026/05/24 22:35:16.710, 0, 18, 10490
2026/05/24 22:35:16.712, 1, 0, 10088
2026/05/24 22:35:16.713, 2, 0, 10088
2026/05/24 22:35:16.715, 3, 0, 10088
2026/05/24 22:35:31.823, 0, 9, 10490
2026/05/24 22:35:31.826, 1, 0, 10088
2026/05/24 22:35:31.829, 2, 0, 10088
2026/05/24 22:35:31.832, 3, 0, 10088
2026/05/24 22:35:47.002, 0, 0, 10490
2026/05/24 22:35:47.004, 1, 0, 10088
2026/05/24 22:35:47.005, 2, 0, 10088
2026/05/24 22:35:47.006, 3, 0, 10088
2026/05/24 22:36:02.124, 0, 9, 10490
2026/05/24 22:36:02.126, 1, 100, 10088
2026/05/24 22:36:02.129, 2, 0, 10088
2026/05/24 22:36:02.290, 3, 0, 10088
2026/05/24 22:36:17.396, 0, 100, 10490
2026/05/24 22:36:17.399, 1, 100, 10088
2026/05/24 22:36:17.401, 2, 95, 10088
2026/05/24 22:36:17.404, 3, 100, 10088
2026/05/24 22:36:32.514, 0, 14, 10490
2026/05/24 22:36:32.516, 1, 0, 10088
2026/05/24 22:36:32.517, 2, 0, 10088
2026/05/24 22:36:32.519, 3, 0, 10088
2026/05/24 22:36:47.603, 0, 1, 10490
2026/05/24 22:36:47.605, 1, 0, 10088
2026/05/24 22:36:47.606, 2, 0, 10088
2026/05/24 22:36:47.607, 3, 0, 10088
2026/05/24 22:37:02.927, 0, 9, 10490
2026/05/24 22:37:02.930, 1, 0, 10088
2026/05/24 22:37:02.932, 2, 100, 10088
2026/05/24 22:37:02.935, 3, 0, 10088
2026/05/24 22:37:18.021, 0, 8, 10490
2026/05/24 22:37:18.023, 1, 0, 10088
2026/05/24 22:37:18.025, 2, 0, 10088
2026/05/24 22:37:18.026, 3, 0, 10088
2026/05/24 22:37:33.170, 0, 100, 10490
2026/05/24 22:37:33.175, 1, 100, 10088
2026/05/24 22:37:33.179, 2, 100, 10088
2026/05/24 22:37:33.182, 3, 1, 10088
2026/05/24 22:37:48.308, 0, 13, 10490
2026/05/24 22:37:48.310, 1, 0, 10088
2026/05/24 22:37:48.311, 2, 0, 10088
2026/05/24 22:37:48.313, 3, 0, 10088
2026/05/24 22:38:03.397, 0, 4, 10490
2026/05/24 22:38:03.399, 1, 98, 10088
2026/05/24 22:38:03.400, 2, 100, 10088
2026/05/24 22:38:03.402, 3, 0, 10088
2026/05/24 22:38:18.485, 0, 2, 10490
2026/05/24 22:38:18.488, 1, 100, 10088
2026/05/24 22:38:18.489, 2, 100, 10088
2026/05/24 22:38:18.490, 3, 0, 10088
2026/05/24 22:38:33.673, 0, 100, 10490
2026/05/24 22:38:33.803, 1, 100, 10088
2026/05/24 22:38:33.805, 2, 82, 10088
2026/05/24 22:38:33.806, 3, 0, 10088
2026/05/24 22:38:48.885, 0, 100, 10490
2026/05/24 22:38:48.887, 1, 100, 10088
2026/05/24 22:38:48.889, 2, 0, 10088
2026/05/24 22:38:48.890, 3, 100, 10088
2026/05/24 22:39:03.990, 0, 13, 10490
2026/05/24 22:39:03.992, 1, 0, 10088
2026/05/24 22:39:03.994, 2, 0, 10088
2026/05/24 22:39:03.995, 3, 0, 10088
2026/05/24 22:39:19.156, 0, 9, 10490
2026/05/24 22:39:19.161, 1, 98, 10088
2026/05/24 22:39:19.164, 2, 0, 10088
2026/05/24 22:39:19.167, 3, 0, 10088
2026/05/24 22:39:34.273, 0, 9, 10490
2026/05/24 22:39:34.275, 1, 0, 10088
2026/05/24 22:39:34.277, 2, 100, 10088
2026/05/24 22:39:34.278, 3, 0, 10088
2026/05/24 22:39:49.393, 0, 9, 10490
2026/05/24 22:39:49.395, 1, 0, 10088
2026/05/24 22:39:49.397, 2, 0, 10088
2026/05/24 22:39:49.398, 3, 0, 10088
2026/05/24 22:40:04.562, 0, 3, 10490
2026/05/24 22:40:04.758, 1, 0, 10088
2026/05/24 22:40:04.919, 2, 0, 10088
2026/05/24 22:40:04.920, 3, 0, 10088
2026/05/24 22:40:20.018, 0, 15, 10490
2026/05/24 22:40:20.020, 1, 0, 10088
2026/05/24 22:40:20.021, 2, 0, 10088
2026/05/24 22:40:20.023, 3, 0, 10088
2026/05/24 22:40:35.110, 0, 10, 10490
2026/05/24 22:40:35.113, 1, 100, 10088
2026/05/24 22:40:35.116, 2, 0, 10088
2026/05/24 22:40:35.118, 3, 0, 10088
2026/05/24 22:40:50.206, 0, 2, 10490
2026/05/24 22:40:50.208, 1, 0, 10088
2026/05/24 22:40:50.209, 2, 0, 10088
2026/05/24 22:40:50.210, 3, 0, 10088
2026/05/24 22:41:05.401, 0, 8, 10490
2026/05/24 22:41:05.403, 1, 0, 10088
2026/05/24 22:41:05.404, 2, 0, 10088
2026/05/24 22:41:05.406, 3, 0, 10088
2026/05/24 22:41:20.586, 0, 100, 10490
2026/05/24 22:41:20.587, 1, 100, 10088
2026/05/24 22:41:20.589, 2, 100, 10088
2026/05/24 22:41:20.590, 3, 0, 10088
2026/05/24 22:41:35.691, 0, 14, 10490
2026/05/24 22:41:35.693, 1, 0, 10088
2026/05/24 22:41:35.694, 2, 0, 10088
2026/05/24 22:41:35.696, 3, 0, 10088
2026/05/24 22:41:50.782, 0, 9, 10490
2026/05/24 22:41:50.784, 1, 0, 10088
2026/05/24 22:41:50.785, 2, 0, 10088
2026/05/24 22:41:50.787, 3, 0, 10088
2026/05/24 22:42:05.869, 0, 0, 10490
2026/05/24 22:42:05.872, 1, 0, 10088
2026/05/24 22:42:05.873, 2, 0, 10088
2026/05/24 22:42:05.874, 3, 0, 10088
2026/05/24 22:42:21.113, 0, 9, 10490
2026/05/24 22:42:21.115, 1, 0, 10088
2026/05/24 22:42:21.116, 2, 0, 10088
2026/05/24 22:42:21.118, 3, 0, 10088
2026/05/24 22:42:36.213, 0, 4, 10490
2026/05/24 22:42:36.215, 1, 0, 10088
2026/05/24 22:42:36.216, 2, 0, 10088
2026/05/24 22:42:36.217, 3, 0, 10088
2026/05/24 22:42:51.301, 0, 9, 10490
2026/05/24 22:42:51.303, 1, 0, 10088
2026/05/24 22:42:51.304, 2, 0, 10088
2026/05/24 22:42:51.306, 3, 0, 10088
2026/05/24 22:43:06.529, 0, 57, 10490
2026/05/24 22:43:06.532, 1, 100, 10088
2026/05/24 22:43:06.533, 2, 0, 10088
2026/05/24 22:43:06.627, 3, 0, 10088
2026/05/24 22:43:21.825, 0, 100, 10490
2026/05/24 22:43:21.829, 1, 100, 10088
2026/05/24 22:43:21.831, 2, 100, 10088
2026/05/24 22:43:21.833, 3, 0, 10088
2026/05/24 22:43:37.099, 0, 100, 10490
2026/05/24 22:43:37.101, 1, 0, 10088
2026/05/24 22:43:37.102, 2, 0, 10088
2026/05/24 22:43:37.103, 3, 0, 10088
2026/05/24 22:43:52.204, 0, 14, 10490
2026/05/24 22:43:52.206, 1, 0, 10088
2026/05/24 22:43:52.207, 2, 0, 10088
2026/05/24 22:43:52.209, 3, 0, 10088
2026/05/24 22:44:07.293, 0, 100, 10490
2026/05/24 22:44:07.295, 1, 0, 10088
2026/05/24 22:44:07.297, 2, 100, 10088
2026/05/24 22:44:07.298, 3, 0, 10088
2026/05/24 22:44:22.381, 0, 6, 10490
2026/05/24 22:44:22.383, 1, 0, 10088
2026/05/24 22:44:22.385, 2, 0, 10088
2026/05/24 22:44:22.386, 3, 0, 10088
2026/05/24 22:44:37.592, 0, 6, 10490
2026/05/24 22:44:37.594, 1, 0, 10088
2026/05/24 22:44:37.595, 2, 0, 10088
2026/05/24 22:44:37.596, 3, 0, 10088
2026/05/24 22:44:52.884, 0, 13, 10490
2026/05/24 22:44:52.886, 1, 0, 10088
2026/05/24 22:44:52.887, 2, 0, 10088
2026/05/24 22:44:52.888, 3, 0, 10088
2026/05/24 22:45:07.970, 0, 9, 10490
2026/05/24 22:45:07.972, 1, 0, 10088
2026/05/24 22:45:07.974, 2, 0, 10088
2026/05/24 22:45:07.975, 3, 0, 10088
2026/05/24 22:45:23.063, 0, 100, 10490
2026/05/24 22:45:23.065, 1, 1, 10088
2026/05/24 22:45:23.067, 2, 0, 10088
2026/05/24 22:45:23.068, 3, 0, 10088
2026/05/24 22:45:38.153, 0, 9, 10490
2026/05/24 22:45:38.155, 1, 0, 10088
2026/05/24 22:45:38.157, 2, 0, 10088
2026/05/24 22:45:38.158, 3, 0, 10088
2026/05/24 22:45:53.327, 0, 100, 10490
2026/05/24 22:45:53.331, 1, 0, 10088
2026/05/24 22:45:53.334, 2, 0, 10088
2026/05/24 22:45:53.336, 3, 0, 10088
2026/05/24 22:46:08.501, 0, 0, 10490
2026/05/24 22:46:08.504, 1, 0, 10088
2026/05/24 22:46:08.604, 2, 0, 10088
2026/05/24 22:46:08.605, 3, 0, 10088
2026/05/24 22:46:23.689, 0, 9, 10490
2026/05/24 22:46:23.691, 1, 100, 10088
2026/05/24 22:46:23.693, 2, 100, 10088
2026/05/24 22:46:23.694, 3, 0, 10088
2026/05/24 22:46:38.778, 0, 89, 10490
2026/05/24 22:46:38.780, 1, 100, 10088
2026/05/24 22:46:38.781, 2, 0, 10088
2026/05/24 22:46:38.783, 3, 0, 10088
2026/05/24 22:46:53.865, 0, 5, 10490
2026/05/24 22:46:53.867, 1, 0, 10088
2026/05/24 22:46:53.869, 2, 0, 10088
2026/05/24 22:46:53.870, 3, 0, 10088
2026/05/24 22:47:09.045, 0, 8, 10490
2026/05/24 22:47:09.047, 1, 0, 10088
2026/05/24 22:47:09.048, 2, 0, 10088
2026/05/24 22:47:09.049, 3, 0, 10088
2026/05/24 22:47:24.150, 0, 17, 10490
2026/05/24 22:47:24.152, 1, 0, 10088
2026/05/24 22:47:24.154, 2, 0, 10088
2026/05/24 22:47:24.155, 3, 0, 10088
2026/05/24 22:47:39.327, 0, 4, 10490
2026/05/24 22:47:39.331, 1, 0, 10088
2026/05/24 22:47:39.335, 2, 0, 10088
2026/05/24 22:47:39.339, 3, 0, 10088
2026/05/24 22:47:54.446, 0, 10, 10490
2026/05/24 22:47:54.448, 1, 0, 10088
2026/05/24 22:47:54.449, 2, 0, 10088
2026/05/24 22:47:54.451, 3, 0, 10088
2026/05/24 22:48:09.764, 0, 3, 10490
2026/05/24 22:48:09.766, 1, 0, 10088
2026/05/24 22:48:09.768, 2, 0, 10088
2026/05/24 22:48:09.769, 3, 0, 10088
2026/05/24 22:48:24.853, 0, 22, 10490
2026/05/24 22:48:24.856, 1, 0, 10088
2026/05/24 22:48:24.857, 2, 0, 10088
2026/05/24 22:48:24.858, 3, 0, 10088
2026/05/24 22:48:40.005, 0, 9, 10490
2026/05/24 22:48:40.009, 1, 0, 10088
2026/05/24 22:48:40.012, 2, 100, 10088
2026/05/24 22:48:40.015, 3, 0, 10088
2026/05/24 22:48:55.145, 0, 9, 10490
2026/05/24 22:48:55.147, 1, 0, 10088
2026/05/24 22:48:55.149, 2, 0, 10088
2026/05/24 22:48:55.150, 3, 0, 10088
2026/05/24 22:49:10.236, 0, 0, 10490
2026/05/24 22:49:10.240, 1, 0, 10088
2026/05/24 22:49:10.241, 2, 0, 10088
2026/05/24 22:49:10.242, 3, 0, 10088
2026/05/24 22:49:25.329, 0, 97, 10490
2026/05/24 22:49:25.331, 1, 0, 10088
2026/05/24 22:49:25.333, 2, 0, 10088
2026/05/24 22:49:25.334, 3, 0, 10088
2026/05/24 22:49:40.483, 0, 13, 10490
2026/05/24 22:49:40.485, 1, 0, 10088
2026/05/24 22:49:40.486, 2, 0, 10088
2026/05/24 22:49:40.488, 3, 0, 10088
2026/05/24 22:49:55.590, 0, 8, 10490
2026/05/24 22:49:55.592, 1, 0, 10088
2026/05/24 22:49:55.593, 2, 0, 10088
2026/05/24 22:49:55.594, 3, 0, 10088
2026/05/24 22:50:10.686, 0, 100, 10490
2026/05/24 22:50:10.690, 1, 100, 10088
2026/05/24 22:50:10.692, 2, 0, 10088
2026/05/24 22:50:10.696, 3, 100, 10088
2026/05/24 22:50:25.792, 0, 9, 10490
2026/05/24 22:50:25.796, 1, 0, 10088
2026/05/24 22:50:25.797, 2, 0, 10088
2026/05/24 22:50:25.799, 3, 0, 10088
2026/05/24 22:50:40.885, 0, 9, 10490
2026/05/24 22:50:40.887, 1, 0, 10088
2026/05/24 22:50:40.889, 2, 0, 10088
2026/05/24 22:50:40.890, 3, 0, 10088
2026/05/24 22:50:55.990, 0, 9, 10490
2026/05/24 22:50:55.992, 1, 0, 10088
2026/05/24 22:50:55.993, 2, 0, 10088
2026/05/24 22:50:55.994, 3, 0, 10088
2026/05/24 22:51:11.173, 0, 9, 10490
2026/05/24 22:51:11.175, 1, 0, 10088
2026/05/24 22:51:11.176, 2, 0, 10088
2026/05/24 22:51:11.177, 3, 0, 10088
2026/05/24 22:51:26.257, 0, 100, 10490
2026/05/24 22:51:26.259, 1, 0, 10088
2026/05/24 22:51:26.261, 2, 82, 10088
2026/05/24 22:51:26.262, 3, 100, 10088
2026/05/24 22:51:41.377, 0, 69, 10490
2026/05/24 22:51:41.379, 1, 100, 10088
2026/05/24 22:51:41.381, 2, 100, 10088
2026/05/24 22:51:41.382, 3, 0, 10088
2026/05/24 22:51:56.482, 0, 14, 10490
2026/05/24 22:51:56.484, 1, 0, 10088
2026/05/24 22:51:56.485, 2, 0, 10088
2026/05/24 22:51:56.487, 3, 0, 10088
2026/05/24 22:52:11.613, 0, 100, 10490
2026/05/24 22:52:11.617, 1, 100, 10088
2026/05/24 22:52:11.620, 2, 0, 10088
2026/05/24 22:52:11.623, 3, 0, 10088
2026/05/24 22:52:26.718, 0, 3, 10490
2026/05/24 22:52:26.721, 1, 0, 10088
2026/05/24 22:52:26.724, 2, 0, 10088
2026/05/24 22:52:26.725, 3, 0, 10088
2026/05/24 22:52:41.814, 0, 100, 10490
2026/05/24 22:52:41.816, 1, 100, 10088
2026/05/24 22:52:41.817, 2, 82, 10088
2026/05/24 22:52:41.818, 3, 100, 10088
2026/05/24 22:52:56.902, 0, 100, 10490
2026/05/24 22:52:56.904, 1, 100, 10088
2026/05/24 22:52:56.905, 2, 0, 10088
2026/05/24 22:52:56.906, 3, 0, 10088
2026/05/24 22:53:12.006, 0, 14, 10490
2026/05/24 22:53:12.008, 1, 0, 10088
2026/05/24 22:53:12.010, 2, 0, 10088
2026/05/24 22:53:12.011, 3, 0, 10088
2026/05/24 22:53:27.110, 0, 9, 10490
2026/05/24 22:53:27.112, 1, 0, 10088
2026/05/24 22:53:27.113, 2, 0, 10088
2026/05/24 22:53:27.115, 3, 0, 10088
2026/05/24 22:53:42.198, 0, 0, 10490
2026/05/24 22:53:42.200, 1, 0, 10088
2026/05/24 22:53:42.202, 2, 0, 10088
2026/05/24 22:53:42.203, 3, 0, 10088
2026/05/24 22:53:57.413, 0, 100, 10490
2026/05/24 22:53:57.416, 1, 100, 10088
2026/05/24 22:53:57.419, 2, 100, 10088
2026/05/24 22:53:57.423, 3, 0, 10088
2026/05/24 22:54:12.771, 0, 100, 10490
2026/05/24 22:54:12.775, 1, 97, 10088
2026/05/24 22:54:12.921, 2, 0, 10088
2026/05/24 22:54:12.922, 3, 0, 10088
2026/05/24 22:54:28.022, 0, 13, 10490
2026/05/24 22:54:28.024, 1, 0, 10088
2026/05/24 22:54:28.025, 2, 0, 10088
2026/05/24 22:54:28.027, 3, 0, 10088
2026/05/24 22:54:43.109, 0, 8, 10490
2026/05/24 22:54:43.111, 1, 27, 10088
2026/05/24 22:54:43.113, 2, 0, 10088
2026/05/24 22:54:43.114, 3, 0, 10088
2026/05/24 22:54:58.197, 0, 7, 10490
2026/05/24 22:54:58.199, 1, 0, 10088
2026/05/24 22:54:58.200, 2, 0, 10088
2026/05/24 22:54:58.202, 3, 0, 10088
2026/05/24 22:55:13.382, 0, 100, 10490
2026/05/24 22:55:13.383, 1, 0, 10088
2026/05/24 22:55:13.384, 2, 100, 10088
2026/05/24 22:55:13.385, 3, 0, 10088
2026/05/24 22:55:28.478, 0, 100, 10490
2026/05/24 22:55:28.480, 1, 100, 10088
2026/05/24 22:55:28.481, 2, 100, 10088
2026/05/24 22:55:28.482, 3, 0, 10088
2026/05/24 22:55:43.566, 0, 10, 10490
2026/05/24 22:55:43.568, 1, 0, 10088
2026/05/24 22:55:43.570, 2, 0, 10088
2026/05/24 22:55:43.571, 3, 0, 10088
2026/05/24 22:55:58.657, 0, 8, 10490
2026/05/24 22:55:58.659, 1, 0, 10088
2026/05/24 22:55:58.661, 2, 0, 10088
2026/05/24 22:55:58.662, 3, 0, 10088
2026/05/24 22:56:13.841, 0, 6, 10490
2026/05/24 22:56:13.843, 1, 0, 10088
2026/05/24 22:56:13.845, 2, 0, 10088
2026/05/24 22:56:13.846, 3, 0, 10088
2026/05/24 22:56:28.946, 0, 9, 10490
2026/05/24 22:56:28.948, 1, 0, 10088
2026/05/24 22:56:28.949, 2, 0, 10088
2026/05/24 22:56:28.950, 3, 0, 10088
2026/05/24 22:56:44.034, 0, 13, 10490
2026/05/24 22:56:44.036, 1, 0, 10088
2026/05/24 22:56:44.037, 2, 0, 10088
2026/05/24 22:56:44.038, 3, 0, 10088
2026/05/24 22:56:59.168, 0, 100, 10490
2026/05/24 22:56:59.170, 1, 24, 10088
2026/05/24 22:56:59.172, 2, 100, 10088
2026/05/24 22:56:59.174, 3, 0, 10088
2026/05/24 22:57:14.290, 0, 100, 10490
2026/05/24 22:57:14.292, 1, 0, 10088
2026/05/24 22:57:14.293, 2, 0, 10088
2026/05/24 22:57:14.294, 3, 0, 10088
2026/05/24 22:57:29.402, 0, 100, 10490
2026/05/24 22:57:29.404, 1, 0, 10088
2026/05/24 22:57:29.405, 2, 0, 10088
2026/05/24 22:57:29.406, 3, 0, 10088
2026/05/24 22:57:44.514, 0, 100, 10490
2026/05/24 22:57:44.518, 1, 100, 10088
2026/05/24 22:57:44.521, 2, 0, 10088
2026/05/24 22:57:44.524, 3, 100, 10088
2026/05/24 22:57:59.653, 0, 13, 10490
2026/05/24 22:57:59.656, 1, 0, 10088
2026/05/24 22:57:59.657, 2, 0, 10088
2026/05/24 22:57:59.658, 3, 0, 10088
2026/05/24 22:58:14.762, 0, 5, 10490
2026/05/24 22:58:14.764, 1, 0, 10088
2026/05/24 22:58:14.765, 2, 0, 10088
2026/05/24 22:58:14.766, 3, 0, 10088
2026/05/24 22:58:29.849, 0, 8, 10490
2026/05/24 22:58:29.851, 1, 0, 10088
2026/05/24 22:58:29.852, 2, 0, 10088
2026/05/24 22:58:29.854, 3, 0, 10088
2026/05/24 22:58:44.965, 0, 7, 10490
2026/05/24 22:58:44.967, 1, 0, 10088
2026/05/24 22:58:44.968, 2, 0, 10088
2026/05/24 22:58:44.970, 3, 0, 10088
2026/05/24 22:59:00.053, 0, 7, 10490
2026/05/24 22:59:00.055, 1, 0, 10088
2026/05/24 22:59:00.057, 2, 0, 10088
2026/05/24 22:59:00.058, 3, 0, 10088
2026/05/24 22:59:15.189, 0, 1, 10490
2026/05/24 22:59:15.191, 1, 0, 10088
2026/05/24 22:59:15.192, 2, 0, 10088
2026/05/24 22:59:15.193, 3, 0, 10088
2026/05/24 22:59:30.297, 0, 100, 10490
2026/05/24 22:59:30.299, 1, 0, 10088
2026/05/24 22:59:30.300, 2, 0, 10088
2026/05/24 22:59:30.302, 3, 0, 10088
2026/05/24 22:59:45.428, 0, 9, 10490
2026/05/24 22:59:45.432, 1, 9, 10088
2026/05/24 22:59:45.436, 2, 0, 10088
2026/05/24 22:59:45.437, 3, 0, 10088
2026/05/24 23:00:00.525, 0, 9, 10490
2026/05/24 23:00:00.527, 1, 0, 10088
2026/05/24 23:00:00.529, 2, 0, 10088
2026/05/24 23:00:00.530, 3, 0, 10088
2026/05/24 23:00:15.718, 0, 14, 10490
2026/05/24 23:00:15.720, 1, 0, 10088
2026/05/24 23:00:15.721, 2, 0, 10088
2026/05/24 23:00:15.723, 3, 0, 10088
2026/05/24 23:00:30.831, 0, 100, 10490
2026/05/24 23:00:30.835, 1, 100, 10088
2026/05/24 23:00:30.838, 2, 96, 10088
2026/05/24 23:00:30.842, 3, 0, 10088
2026/05/24 23:00:46.140, 0, 9, 10490
2026/05/24 23:00:46.143, 1, 0, 10088
2026/05/24 23:00:46.147, 2, 100, 10088
2026/05/24 23:00:46.150, 3, 0, 10088
2026/05/24 23:01:01.273, 0, 100, 10490
2026/05/24 23:01:01.275, 1, 0, 10088
2026/05/24 23:01:01.276, 2, 0, 10088
2026/05/24 23:01:01.278, 3, 100, 10088
2026/05/24 23:01:16.369, 0, 0, 10490
2026/05/24 23:01:16.373, 1, 100, 10088
2026/05/24 23:01:16.377, 2, 0, 10088
2026/05/24 23:01:16.380, 3, 0, 10088
2026/05/24 23:01:31.616, 0, 4, 10490
2026/05/24 23:01:31.618, 1, 0, 10088
2026/05/24 23:01:31.619, 2, 0, 10088
2026/05/24 23:01:31.620, 3, 0, 10088
2026/05/24 23:01:46.771, 0, 100, 10490
2026/05/24 23:01:46.776, 1, 100, 10088
2026/05/24 23:01:46.779, 2, 33, 10088
2026/05/24 23:01:46.782, 3, 100, 10088
2026/05/24 23:02:01.893, 0, 8, 10490
2026/05/24 23:02:01.895, 1, 0, 10088
2026/05/24 23:02:01.896, 2, 0, 10088
2026/05/24 23:02:01.898, 3, 0, 10088
2026/05/24 23:02:17.008, 0, 100, 10490
2026/05/24 23:02:17.011, 1, 100, 10088
2026/05/24 23:02:17.014, 2, 100, 10088
2026/05/24 23:02:17.017, 3, 100, 10088
2026/05/24 23:02:32.553, 0, 98, 10490
2026/05/24 23:02:32.557, 1, 72, 10088
2026/05/24 23:02:32.649, 2, 100, 10088
2026/05/24 23:02:32.651, 3, 100, 10088
2026/05/24 23:02:47.766, 0, 14, 10490
2026/05/24 23:02:47.768, 1, 0, 10088
2026/05/24 23:02:47.769, 2, 0, 10088
2026/05/24 23:02:47.771, 3, 0, 10088
2026/05/24 23:03:02.935, 0, 3, 10490
2026/05/24 23:03:02.939, 1, 0, 10088
2026/05/24 23:03:02.942, 2, 100, 10088
2026/05/24 23:03:02.946, 3, 94, 10088
2026/05/24 23:03:18.041, 0, 9, 10490
2026/05/24 23:03:18.043, 1, 0, 10088
2026/05/24 23:03:18.045, 2, 0, 10088
2026/05/24 23:03:18.046, 3, 0, 10088
2026/05/24 23:03:33.280, 0, 8, 10490
2026/05/24 23:03:33.282, 1, 0, 10088
2026/05/24 23:03:33.283, 2, 0, 10088
2026/05/24 23:03:33.285, 3, 0, 10088
2026/05/24 23:03:48.397, 0, 100, 10490
2026/05/24 23:03:48.399, 1, 0, 10088
2026/05/24 23:03:48.401, 2, 100, 10088
2026/05/24 23:03:48.402, 3, 100, 10088
2026/05/24 23:04:03.521, 0, 14, 10490
2026/05/24 23:04:03.524, 1, 0, 10088
2026/05/24 23:04:03.525, 2, 0, 10088
2026/05/24 23:04:03.526, 3, 0, 10088
2026/05/24 23:04:18.679, 0, 100, 10490
2026/05/24 23:04:18.683, 1, 100, 10088
2026/05/24 23:04:18.686, 2, 0, 10088
2026/05/24 23:04:18.689, 3, 100, 10088
2026/05/24 23:04:33.869, 0, 3, 10490
2026/05/24 23:04:33.872, 1, 0, 10088
2026/05/24 23:04:33.905, 2, 98, 10088
2026/05/24 23:04:33.909, 3, 0, 10088
2026/05/24 23:04:49.002, 0, 9, 10490
2026/05/24 23:04:49.004, 1, 0, 10088
2026/05/24 23:04:49.005, 2, 0, 10088
2026/05/24 23:04:49.006, 3, 0, 10088
2026/05/24 23:05:04.089, 0, 9, 10490
2026/05/24 23:05:04.091, 1, 0, 10088
2026/05/24 23:05:04.092, 2, 0, 10088
2026/05/24 23:05:04.094, 3, 0, 10088
2026/05/24 23:05:19.194, 0, 14, 10490
2026/05/24 23:05:19.197, 1, 0, 10088
2026/05/24 23:05:19.198, 2, 0, 10088
2026/05/24 23:05:19.199, 3, 0, 10088
2026/05/24 23:05:34.484, 0, 100, 10490
2026/05/24 23:05:34.488, 1, 100, 10088
2026/05/24 23:05:34.492, 2, 0, 10088
2026/05/24 23:05:34.493, 3, 0, 10088
2026/05/24 23:05:49.629, 0, 8, 10490
2026/05/24 23:05:49.631, 1, 0, 10088
2026/05/24 23:05:49.633, 2, 0, 10088
2026/05/24 23:05:49.634, 3, 0, 10088
2026/05/24 23:06:04.813, 0, 9, 10490
2026/05/24 23:06:04.815, 1, 0, 10088
2026/05/24 23:06:04.817, 2, 0, 10088
2026/05/24 23:06:04.818, 3, 0, 10088
2026/05/24 23:06:19.964, 0, 3, 10490
2026/05/24 23:06:19.967, 1, 0, 10088
2026/05/24 23:06:19.970, 2, 100, 10088
2026/05/24 23:06:19.973, 3, 0, 10088
2026/05/24 23:06:35.106, 0, 10, 10490
2026/05/24 23:06:35.108, 1, 0, 10088
2026/05/24 23:06:35.109, 2, 0, 10088
2026/05/24 23:06:35.111, 3, 0, 10088
2026/05/24 23:06:50.270, 0, 9, 10490
2026/05/24 23:06:50.272, 1, 0, 10088
2026/05/24 23:06:50.273, 2, 0, 10088
2026/05/24 23:06:50.274, 3, 0, 10088
2026/05/24 23:07:05.374, 0, 100, 10490
2026/05/24 23:07:05.376, 1, 0, 10088
2026/05/24 23:07:05.377, 2, 0, 10088
2026/05/24 23:07:05.378, 3, 0, 10088
2026/05/24 23:07:20.491, 0, 100, 10490
2026/05/24 23:07:20.495, 1, 100, 10088
2026/05/24 23:07:20.498, 2, 100, 10088
2026/05/24 23:07:20.501, 3, 100, 10088
2026/05/24 23:07:35.766, 0, 100, 10490
2026/05/24 23:07:35.769, 1, 10, 10088
2026/05/24 23:07:35.772, 2, 0, 10088
2026/05/24 23:07:35.775, 3, 100, 10088
2026/05/24 23:07:51.110, 0, 9, 10490
2026/05/24 23:07:51.112, 1, 0, 10088
2026/05/24 23:07:51.113, 2, 0, 10088
2026/05/24 23:07:51.115, 3, 0, 10088
2026/05/24 23:08:06.218, 0, 1, 10490
2026/05/24 23:08:06.220, 1, 100, 10088
2026/05/24 23:08:06.221, 2, 0, 10088
2026/05/24 23:08:06.222, 3, 0, 10088
2026/05/24 23:08:21.350, 0, 100, 10490
2026/05/24 23:08:21.354, 1, 100, 10088
2026/05/24 23:08:21.357, 2, 38, 10088
2026/05/24 23:08:21.361, 3, 0, 10088
2026/05/24 23:08:36.454, 0, 1, 10490
2026/05/24 23:08:36.458, 1, 0, 10088
2026/05/24 23:08:36.459, 2, 0, 10088
2026/05/24 23:08:36.460, 3, 0, 10088
2026/05/24 23:08:51.757, 0, 100, 10490
2026/05/24 23:08:51.759, 1, 100, 10088
2026/05/24 23:08:51.760, 2, 100, 10088
2026/05/24 23:08:51.761, 3, 40, 10088
2026/05/24 23:09:06.841, 0, 100, 10490
2026/05/24 23:09:06.843, 1, 100, 10088
2026/05/24 23:09:06.845, 2, 100, 10088
2026/05/24 23:09:06.846, 3, 100, 10088
2026/05/24 23:09:21.951, 0, 10, 10490
2026/05/24 23:09:21.955, 1, 0, 10088
2026/05/24 23:09:21.957, 2, 0, 10088
2026/05/24 23:09:21.958, 3, 0, 10088
2026/05/24 23:09:37.098, 0, 29, 10490
2026/05/24 23:09:37.102, 1, 0, 10088
2026/05/24 23:09:37.105, 2, 100, 10088
2026/05/24 23:09:37.109, 3, 0, 10088
2026/05/24 23:09:52.451, 0, 100, 10490
2026/05/24 23:09:52.453, 1, 100, 10088
2026/05/24 23:09:52.454, 2, 0, 10088
2026/05/24 23:09:52.455, 3, 0, 10088
2026/05/24 23:10:07.538, 0, 13, 10490
2026/05/24 23:10:07.540, 1, 0, 10088
2026/05/24 23:10:07.542, 2, 0, 10088
2026/05/24 23:10:07.543, 3, 0, 10088
2026/05/24 23:10:22.646, 0, 9, 10490
2026/05/24 23:10:22.648, 1, 0, 10088
2026/05/24 23:10:22.650, 2, 0, 10088
2026/05/24 23:10:22.651, 3, 0, 10088
2026/05/24 23:10:37.773, 0, 9, 10490
2026/05/24 23:10:37.775, 1, 0, 10088
2026/05/24 23:10:37.776, 2, 0, 10088
2026/05/24 23:10:37.778, 3, 0, 10088
2026/05/24 23:10:52.885, 0, 2, 10490
2026/05/24 23:10:52.887, 1, 0, 10088
2026/05/24 23:10:52.888, 2, 0, 10088
2026/05/24 23:10:52.890, 3, 0, 10088
2026/05/24 23:11:07.973, 0, 8, 10490
2026/05/24 23:11:07.975, 1, 0, 10088
2026/05/24 23:11:07.977, 2, 0, 10088
2026/05/24 23:11:07.978, 3, 0, 10088
2026/05/24 23:11:23.078, 0, 13, 10490
2026/05/24 23:11:23.080, 1, 0, 10088
2026/05/24 23:11:23.081, 2, 0, 10088
2026/05/24 23:11:23.083, 3, 0, 10088
2026/05/24 23:11:38.190, 0, 100, 10490
2026/05/24 23:11:38.192, 1, 47, 10088
2026/05/24 23:11:38.196, 2, 100, 10088
2026/05/24 23:11:38.197, 3, 100, 10088
2026/05/24 23:11:53.381, 0, 9, 10490
2026/05/24 23:11:53.383, 1, 0, 10088
2026/05/24 23:11:53.384, 2, 0, 10088
2026/05/24 23:11:53.386, 3, 0, 10088
2026/05/24 23:12:08.623, 0, 100, 10490
2026/05/24 23:12:08.627, 1, 54, 10088
2026/05/24 23:12:08.630, 2, 0, 10088
2026/05/24 23:12:08.632, 3, 0, 10088
2026/05/24 23:12:23.792, 0, 100, 10490
2026/05/24 23:12:23.796, 1, 100, 10088
2026/05/24 23:12:23.799, 2, 0, 10088
2026/05/24 23:12:23.803, 3, 100, 10088
2026/05/24 23:12:38.950, 0, 10, 10490
2026/05/24 23:12:38.952, 1, 0, 10088
2026/05/24 23:12:38.954, 2, 0, 10088
2026/05/24 23:12:38.955, 3, 0, 10088
2026/05/24 23:12:54.148, 0, 100, 10490
2026/05/24 23:12:54.152, 1, 100, 10088
2026/05/24 23:12:54.156, 2, 100, 10088
2026/05/24 23:12:54.160, 3, 100, 10088
2026/05/24 23:13:09.257, 0, 7, 10490
2026/05/24 23:13:09.259, 1, 0, 10088
2026/05/24 23:13:09.261, 2, 0, 10088
2026/05/24 23:13:09.262, 3, 0, 10088
2026/05/24 23:13:24.449, 0, 100, 10490
2026/05/24 23:13:24.451, 1, 0, 10088
2026/05/24 23:13:24.452, 2, 100, 10088
2026/05/24 23:13:24.454, 3, 100, 10088
2026/05/24 23:13:39.558, 0, 12, 10490
2026/05/24 23:13:39.560, 1, 0, 10088
2026/05/24 23:13:39.561, 2, 0, 10088
2026/05/24 23:13:39.562, 3, 53, 10088
2026/05/24 23:13:54.982, 0, 100, 10490
2026/05/24 23:13:54.986, 1, 100, 10088
2026/05/24 23:13:54.989, 2, 100, 10088
2026/05/24 23:13:54.992, 3, 0, 10088
2026/05/24 23:14:10.209, 0, 8, 10490
2026/05/24 23:14:10.299, 1, 0, 10088
2026/05/24 23:14:10.300, 2, 0, 10088
2026/05/24 23:14:10.302, 3, 0, 10088
2026/05/24 23:14:25.385, 0, 100, 10490
2026/05/24 23:14:25.387, 1, 0, 10088
2026/05/24 23:14:25.389, 2, 100, 10088
2026/05/24 23:14:25.390, 3, 100, 10088
2026/05/24 23:14:40.475, 0, 5, 10490
2026/05/24 23:14:40.479, 1, 0, 10088
2026/05/24 23:14:40.480, 2, 0, 10088
2026/05/24 23:14:40.481, 3, 0, 10088
2026/05/24 23:14:55.591, 0, 16, 10490
2026/05/24 23:14:55.593, 1, 0, 10088
2026/05/24 23:14:55.595, 2, 0, 10088
2026/05/24 23:14:55.596, 3, 0, 10088
2026/05/24 23:15:10.804, 0, 4, 10490
2026/05/24 23:15:10.807, 1, 0, 10088
2026/05/24 23:15:10.810, 2, 0, 10088
2026/05/24 23:15:10.812, 3, 0, 10088
2026/05/24 23:15:25.919, 0, 5, 10490
2026/05/24 23:15:25.921, 1, 0, 10088
2026/05/24 23:15:25.922, 2, 0, 10088
2026/05/24 23:15:25.923, 3, 0, 10088
2026/05/24 23:15:41.045, 0, 100, 10490
2026/05/24 23:15:41.049, 1, 84, 10088
2026/05/24 23:15:41.052, 2, 100, 10088
2026/05/24 23:15:41.055, 3, 0, 10088
2026/05/24 23:15:56.150, 0, 5, 10490
2026/05/24 23:15:56.152, 1, 0, 10088
2026/05/24 23:15:56.153, 2, 0, 10088
2026/05/24 23:15:56.154, 3, 0, 10088
2026/05/24 23:16:11.310, 0, 14, 10490
2026/05/24 23:16:11.312, 1, 0, 10088
2026/05/24 23:16:11.313, 2, 0, 10088
2026/05/24 23:16:11.315, 3, 0, 10088
2026/05/24 23:16:26.541, 0, 78, 10490
2026/05/24 23:16:26.543, 1, 100, 10088
2026/05/24 23:16:26.544, 2, 100, 10088
2026/05/24 23:16:26.545, 3, 100, 10088
2026/05/24 23:16:41.706, 0, 100, 10490
2026/05/24 23:16:41.710, 1, 100, 10088
2026/05/24 23:16:41.713, 2, 100, 10088
2026/05/24 23:16:41.716, 3, 100, 10088
2026/05/24 23:16:56.829, 0, 2, 10490
2026/05/24 23:16:56.831, 1, 0, 10088
2026/05/24 23:16:56.833, 2, 0, 10088
2026/05/24 23:16:56.834, 3, 0, 10088
2026/05/24 23:17:12.120, 0, 100, 10490
2026/05/24 23:17:12.123, 1, 100, 10088
2026/05/24 23:17:12.126, 2, 100, 10088
2026/05/24 23:17:12.128, 3, 100, 10088
2026/05/24 23:17:27.238, 0, 12, 10490
2026/05/24 23:17:27.240, 1, 0, 10088
2026/05/24 23:17:27.241, 2, 0, 10088
2026/05/24 23:17:27.242, 3, 0, 10088
2026/05/24 23:17:42.351, 0, 10, 10490
2026/05/24 23:17:42.355, 1, 0, 10088
2026/05/24 23:17:42.358, 2, 0, 10088
2026/05/24 23:17:42.362, 3, 0, 10088
2026/05/24 23:17:57.453, 0, 2, 10490
2026/05/24 23:17:57.455, 1, 0, 10088
2026/05/24 23:17:57.457, 2, 0, 10088
2026/05/24 23:17:57.458, 3, 0, 10088
2026/05/24 23:18:12.637, 0, 1, 10490
2026/05/24 23:18:12.639, 1, 0, 10088
2026/05/24 23:18:12.812, 2, 0, 10088
2026/05/24 23:18:12.813, 3, 0, 10088
2026/05/24 23:18:27.903, 0, 100, 10490
2026/05/24 23:18:27.907, 1, 100, 10088
2026/05/24 23:18:27.910, 2, 100, 10088
2026/05/24 23:18:27.912, 3, 100, 10088
2026/05/24 23:18:43.013, 0, 5, 10490
2026/05/24 23:18:43.017, 1, 0, 10088
2026/05/24 23:18:43.020, 2, 0, 10088
2026/05/24 23:18:43.021, 3, 0, 10088
2026/05/24 23:18:58.138, 0, 13, 10490
2026/05/24 23:18:58.140, 1, 0, 10088
2026/05/24 23:18:58.142, 2, 0, 10088
2026/05/24 23:18:58.143, 3, 0, 10088
2026/05/24 23:19:13.229, 0, 9, 10490
2026/05/24 23:19:13.232, 1, 0, 10088
2026/05/24 23:19:13.233, 2, 0, 10088
2026/05/24 23:19:13.234, 3, 0, 10088
2026/05/24 23:19:28.361, 0, 2, 10490
2026/05/24 23:19:28.363, 1, 0, 10088
2026/05/24 23:19:28.365, 2, 0, 10088
2026/05/24 23:19:28.366, 3, 0, 10088
2026/05/24 23:19:43.638, 0, 4, 10490
2026/05/24 23:19:43.640, 1, 0, 10088
2026/05/24 23:19:43.641, 2, 0, 10088
2026/05/24 23:19:43.642, 3, 0, 10088
2026/05/24 23:19:58.945, 0, 10, 10490
2026/05/24 23:19:58.947, 1, 0, 10088
2026/05/24 23:19:58.949, 2, 0, 10088
2026/05/24 23:19:58.950, 3, 0, 10088
2026/05/24 23:20:14.102, 0, 100, 10490
2026/05/24 23:20:14.104, 1, 100, 10088
2026/05/24 23:20:14.105, 2, 0, 10088
2026/05/24 23:20:14.106, 3, 0, 10088
2026/05/24 23:20:29.218, 0, 35, 10490
2026/05/24 23:20:29.221, 1, 0, 10088
2026/05/24 23:20:29.225, 2, 100, 10088
2026/05/24 23:20:29.228, 3, 0, 10088
2026/05/24 23:20:44.347, 0, 100, 10490
2026/05/24 23:20:44.351, 1, 100, 10088
2026/05/24 23:20:44.354, 2, 100, 10088
2026/05/24 23:20:44.357, 3, 0, 10088
2026/05/24 23:20:59.631, 0, 100, 10490
2026/05/24 23:20:59.637, 1, 100, 10088
2026/05/24 23:20:59.640, 2, 0, 10088
2026/05/24 23:20:59.641, 3, 0, 10088
2026/05/24 23:21:14.754, 0, 0, 10490
2026/05/24 23:21:14.756, 1, 0, 10088
2026/05/24 23:21:14.757, 2, 0, 10088
2026/05/24 23:21:14.758, 3, 0, 10088
2026/05/24 23:21:30.086, 0, 0, 10490
2026/05/24 23:21:30.090, 1, 0, 10088
2026/05/24 23:21:30.091, 2, 100, 10088
2026/05/24 23:21:30.094, 3, 0, 10088
2026/05/24 23:21:45.209, 0, 100, 10490
2026/05/24 23:21:45.213, 1, 100, 10088
2026/05/24 23:21:45.216, 2, 100, 10088
2026/05/24 23:21:45.219, 3, 0, 10088
2026/05/24 23:22:00.474, 0, 9, 10490
2026/05/24 23:22:00.478, 1, 100, 10088
2026/05/24 23:22:00.480, 2, 0, 10088
2026/05/24 23:22:00.482, 3, 0, 10088
2026/05/24 23:22:15.569, 0, 9, 10490
2026/05/24 23:22:15.571, 1, 0, 10088
2026/05/24 23:22:15.573, 2, 0, 10088
2026/05/24 23:22:15.575, 3, 0, 10088
2026/05/24 23:22:30.670, 0, 14, 10490
2026/05/24 23:22:30.672, 1, 0, 10088
2026/05/24 23:22:30.673, 2, 0, 10088
2026/05/24 23:22:30.674, 3, 0, 10088
2026/05/24 23:22:45.890, 0, 100, 10490
2026/05/24 23:22:45.988, 1, 100, 10088
2026/05/24 23:22:45.990, 2, 27, 10088
2026/05/24 23:22:45.991, 3, 0, 10088
2026/05/24 23:23:01.572, 0, 100, 10490
2026/05/24 23:23:01.575, 1, 33, 10088
2026/05/24 23:23:01.578, 2, 41, 10088
2026/05/24 23:23:01.580, 3, 0, 10088
2026/05/24 23:23:17.084, 0, 100, 10490
2026/05/24 23:23:17.087, 1, 99, 10088
2026/05/24 23:23:17.089, 2, 100, 10088
2026/05/24 23:23:17.092, 3, 0, 10088
2026/05/24 23:23:32.769, 0, 100, 10490
2026/05/24 23:23:32.773, 1, 100, 10088
2026/05/24 23:23:32.775, 2, 0, 10088
2026/05/24 23:23:32.778, 3, 100, 10088
2026/05/24 23:23:47.890, 0, 5, 10490
2026/05/24 23:23:47.892, 1, 0, 10088
2026/05/24 23:23:47.894, 2, 0, 10088
2026/05/24 23:23:47.895, 3, 0, 10088
2026/05/24 23:24:03.009, 0, 100, 10490
2026/05/24 23:24:03.011, 1, 100, 10088
2026/05/24 23:24:03.012, 2, 71, 10088
2026/05/24 23:24:03.014, 3, 100, 10088
2026/05/24 23:24:18.122, 0, 18, 10490
2026/05/24 23:24:18.126, 1, 0, 10088
2026/05/24 23:24:18.128, 2, 100, 10088
2026/05/24 23:24:18.132, 3, 0, 10088
2026/05/24 23:24:33.282, 0, 9, 10490
2026/05/24 23:24:33.284, 1, 0, 10088
2026/05/24 23:24:33.285, 2, 0, 10088
2026/05/24 23:24:33.286, 3, 0, 10088
2026/05/24 23:24:48.378, 0, 0, 10490
2026/05/24 23:24:48.413, 1, 92, 10088
2026/05/24 23:24:48.417, 2, 100, 10088
2026/05/24 23:24:48.419, 3, 23, 10088
2026/05/24 23:25:03.623, 0, 2, 10490
2026/05/24 23:25:03.626, 1, 0, 10088
2026/05/24 23:25:03.627, 2, 0, 10088
2026/05/24 23:25:03.628, 3, 0, 10088
2026/05/24 23:25:18.740, 0, 100, 10490
2026/05/24 23:25:18.744, 1, 100, 10088
2026/05/24 23:25:18.747, 2, 91, 10088
2026/05/24 23:25:18.751, 3, 100, 10088
2026/05/24 23:25:33.849, 0, 43, 10490
2026/05/24 23:25:33.851, 1, 100, 10088
2026/05/24 23:25:33.853, 2, 100, 10088
2026/05/24 23:25:33.854, 3, 0, 10088
2026/05/24 23:25:49.009, 0, 100, 10490
2026/05/24 23:25:49.013, 1, 96, 10088
2026/05/24 23:25:49.015, 2, 0, 10088
2026/05/24 23:25:49.018, 3, 0, 10088
2026/05/24 23:26:04.114, 0, 9, 10490
2026/05/24 23:26:04.118, 1, 0, 10088
2026/05/24 23:26:04.121, 2, 0, 10088
2026/05/24 23:26:04.122, 3, 0, 10088
2026/05/24 23:26:19.226, 0, 7, 10490
2026/05/24 23:26:19.228, 1, 0, 10088
2026/05/24 23:26:19.229, 2, 0, 10088
2026/05/24 23:26:19.231, 3, 0, 10088
2026/05/24 23:26:34.558, 0, 0, 10490
2026/05/24 23:26:34.560, 1, 0, 10088
2026/05/24 23:26:34.560, 2, 0, 10088
2026/05/24 23:26:34.561, 3, 0, 10088
2026/05/24 23:26:49.817, 0, 3, 10490
2026/05/24 23:26:49.819, 1, 0, 10088
2026/05/24 23:26:49.820, 2, 0, 10088
2026/05/24 23:26:49.822, 3, 0, 10088
2026/05/24 23:27:04.922, 0, 6, 10490
2026/05/24 23:27:04.924, 1, 100, 10088
2026/05/24 23:27:04.925, 2, 100, 10088
2026/05/24 23:27:04.926, 3, 0, 10088
2026/05/24 23:27:20.063, 0, 100, 10490
2026/05/24 23:27:20.067, 1, 74, 10088
2026/05/24 23:27:20.070, 2, 100, 10088
2026/05/24 23:27:20.073, 3, 100, 10088
2026/05/24 23:27:35.186, 0, 13, 10490
2026/05/24 23:27:35.188, 1, 0, 10088
2026/05/24 23:27:35.190, 2, 0, 10088
2026/05/24 23:27:35.191, 3, 0, 10088
2026/05/24 23:27:50.279, 0, 2, 10490
2026/05/24 23:27:50.281, 1, 0, 10088
2026/05/24 23:27:50.282, 2, 0, 10088
2026/05/24 23:27:50.284, 3, 0, 10088
2026/05/24 23:28:05.646, 0, 6, 10490
2026/05/24 23:28:05.648, 1, 0, 10088
2026/05/24 23:28:05.649, 2, 0, 10088
2026/05/24 23:28:05.650, 3, 0, 10088
2026/05/24 23:28:20.773, 0, 4, 10490
2026/05/24 23:28:20.775, 1, 0, 10088
2026/05/24 23:28:20.777, 2, 0, 10088
2026/05/24 23:28:20.778, 3, 0, 10088
2026/05/24 23:28:36.024, 0, 100, 10490
2026/05/24 23:28:36.026, 1, 100, 10088
2026/05/24 23:28:36.027, 2, 61, 10088
2026/05/24 23:28:36.028, 3, 100, 10088
2026/05/24 23:28:51.154, 0, 13, 10490
2026/05/24 23:28:51.156, 1, 0, 10088
2026/05/24 23:28:51.157, 2, 0, 10088
2026/05/24 23:28:51.158, 3, 0, 10088
2026/05/24 23:29:06.243, 0, 9, 10490
2026/05/24 23:29:06.245, 1, 0, 10088
2026/05/24 23:29:06.246, 2, 0, 10088
2026/05/24 23:29:06.247, 3, 0, 10088
2026/05/24 23:29:21.397, 0, 9, 10490
2026/05/24 23:29:21.399, 1, 1, 10088
2026/05/24 23:29:21.400, 2, 0, 10088
2026/05/24 23:29:21.402, 3, 0, 10088
2026/05/24 23:29:36.485, 0, 3, 10490
2026/05/24 23:29:36.487, 1, 0, 10088
2026/05/24 23:29:36.489, 2, 0, 10088
2026/05/24 23:29:36.490, 3, 0, 10088
2026/05/24 23:29:51.603, 0, 9, 10490
2026/05/24 23:29:51.607, 1, 100, 10088
2026/05/24 23:29:51.610, 2, 92, 10088
2026/05/24 23:29:51.613, 3, 0, 10088
2026/05/24 23:30:06.718, 0, 16, 10490
2026/05/24 23:30:06.720, 1, 0, 10088
2026/05/24 23:30:06.722, 2, 0, 10088
2026/05/24 23:30:06.723, 3, 0, 10088
2026/05/24 23:30:22.241, 0, 100, 10490
2026/05/24 23:30:22.245, 1, 96, 10088
2026/05/24 23:30:22.248, 2, 0, 10088
2026/05/24 23:30:22.249, 3, 0, 10088
2026/05/24 23:30:37.337, 0, 100, 10490
2026/05/24 23:30:37.339, 1, 100, 10088
2026/05/24 23:30:37.341, 2, 0, 10088
2026/05/24 23:30:37.342, 3, 100, 10088
2026/05/24 23:30:52.445, 0, 100, 10490
2026/05/24 23:30:52.447, 1, 89, 10088
2026/05/24 23:30:52.448, 2, 100, 10088
2026/05/24 23:30:52.450, 3, 0, 10088
2026/05/24 23:31:07.550, 0, 14, 10490
2026/05/24 23:31:07.552, 1, 0, 10088
2026/05/24 23:31:07.554, 2, 0, 10088
2026/05/24 23:31:07.555, 3, 0, 10088
2026/05/24 23:31:22.710, 0, 4, 10490
2026/05/24 23:31:22.712, 1, 0, 10088
2026/05/24 23:31:22.713, 2, 0, 10088
2026/05/24 23:31:22.715, 3, 0, 10088
2026/05/24 23:31:37.797, 0, 9, 10490
2026/05/24 23:31:37.799, 1, 0, 10088
2026/05/24 23:31:37.801, 2, 0, 10088
2026/05/24 23:31:37.802, 3, 0, 10088
2026/05/24 23:31:52.885, 0, 8, 10490
2026/05/24 23:31:52.887, 1, 0, 10088
2026/05/24 23:31:52.888, 2, 0, 10088
2026/05/24 23:31:52.890, 3, 0, 10088
2026/05/24 23:32:08.042, 0, 100, 10490
2026/05/24 23:32:08.046, 1, 100, 10088
2026/05/24 23:32:08.049, 2, 0, 10088
2026/05/24 23:32:08.050, 3, 0, 10088
2026/05/24 23:32:23.162, 0, 13, 10490
2026/05/24 23:32:23.164, 1, 0, 10088
2026/05/24 23:32:23.165, 2, 0, 10088
2026/05/24 23:32:23.167, 3, 0, 10088
2026/05/24 23:32:38.263, 0, 8, 10490
2026/05/24 23:32:38.267, 1, 0, 10088
2026/05/24 23:32:38.270, 2, 0, 10088
2026/05/24 23:32:38.274, 3, 0, 10088
2026/05/24 23:32:53.369, 0, 24, 10490
2026/05/24 23:32:53.371, 1, 100, 10088
2026/05/24 23:32:53.373, 2, 0, 10088
2026/05/24 23:32:53.374, 3, 0, 10088
2026/05/24 23:33:08.457, 0, 100, 10490
2026/05/24 23:33:08.459, 1, 100, 10088
2026/05/24 23:33:08.461, 2, 0, 10088
2026/05/24 23:33:08.462, 3, 0, 10088
2026/05/24 23:33:23.638, 0, 6, 10490
2026/05/24 23:33:23.640, 1, 0, 10088
2026/05/24 23:33:23.641, 2, 0, 10088
2026/05/24 23:33:23.642, 3, 0, 10088
2026/05/24 23:33:38.762, 0, 16, 10490
2026/05/24 23:33:38.764, 1, 0, 10088
2026/05/24 23:33:38.765, 2, 0, 10088
2026/05/24 23:33:38.767, 3, 0, 10088
2026/05/24 23:33:53.874, 0, 100, 10490
2026/05/24 23:33:53.876, 1, 100, 10088
2026/05/24 23:33:53.877, 2, 100, 10088
2026/05/24 23:33:53.878, 3, 100, 10088
2026/05/24 23:34:08.961, 0, 8, 10490
2026/05/24 23:34:08.963, 1, 0, 10088
2026/05/24 23:34:08.965, 2, 0, 10088
2026/05/24 23:34:08.966, 3, 0, 10088
2026/05/24 23:34:24.057, 0, 2, 10490
2026/05/24 23:34:24.061, 1, 0, 10088
2026/05/24 23:34:24.064, 2, 0, 10088
2026/05/24 23:34:24.066, 3, 0, 10088
2026/05/24 23:34:39.408, 0, 3, 10490
2026/05/24 23:34:39.409, 1, 0, 10088
2026/05/24 23:34:39.410, 2, 0, 10088
2026/05/24 23:34:39.411, 3, 0, 10088
2026/05/24 23:34:54.657, 0, 16, 10490
2026/05/24 23:34:54.660, 1, 0, 10088
2026/05/24 23:34:54.661, 2, 0, 10088
2026/05/24 23:34:54.662, 3, 0, 10088
2026/05/24 23:35:09.754, 0, 34, 10490
2026/05/24 23:35:09.757, 1, 0, 10088
2026/05/24 23:35:09.760, 2, 0, 10088
2026/05/24 23:35:09.763, 3, 0, 10088
2026/05/24 23:35:24.857, 0, 6, 10490
2026/05/24 23:35:24.860, 1, 0, 10088
2026/05/24 23:35:24.863, 2, 0, 10088
2026/05/24 23:35:24.864, 3, 0, 10088
2026/05/24 23:35:39.974, 0, 9, 10490
2026/05/24 23:35:39.976, 1, 0, 10088
2026/05/24 23:35:39.977, 2, 0, 10088
2026/05/24 23:35:39.979, 3, 0, 10088
2026/05/24 23:35:55.063, 0, 3, 10490
2026/05/24 23:35:55.065, 1, 0, 10088
2026/05/24 23:35:55.066, 2, 0, 10088
2026/05/24 23:35:55.067, 3, 0, 10088
2026/05/24 23:36:10.268, 0, 0, 10490
2026/05/24 23:36:10.271, 1, 0, 10088
2026/05/24 23:36:10.272, 2, 0, 10088
2026/05/24 23:36:10.273, 3, 0, 10088
2026/05/24 23:36:25.517, 0, 100, 10490
2026/05/24 23:36:25.519, 1, 100, 10088
2026/05/24 23:36:25.520, 2, 0, 10088
2026/05/24 23:36:25.521, 3, 0, 10088
2026/05/24 23:36:40.670, 0, 100, 10490
2026/05/24 23:36:40.675, 1, 100, 10088
2026/05/24 23:36:40.678, 2, 0, 10088
2026/05/24 23:36:40.681, 3, 0, 10088
2026/05/24 23:36:55.801, 0, 30, 10490
2026/05/24 23:36:55.805, 1, 0, 10088
2026/05/24 23:36:55.808, 2, 0, 10088
2026/05/24 23:36:55.809, 3, 0, 10088
2026/05/24 23:37:10.901, 0, 9, 10490
2026/05/24 23:37:10.903, 1, 0, 10088
2026/05/24 23:37:10.904, 2, 0, 10088
2026/05/24 23:37:10.906, 3, 0, 10088
2026/05/24 23:37:25.990, 0, 12, 10490
2026/05/24 23:37:25.992, 1, 0, 10088
2026/05/24 23:37:25.993, 2, 0, 10088
2026/05/24 23:37:25.995, 3, 0, 10088
2026/05/24 23:37:41.414, 0, 6, 10490
2026/05/24 23:37:41.572, 1, 0, 10088
2026/05/24 23:37:41.573, 2, 0, 10088
2026/05/24 23:37:41.574, 3, 0, 10088
2026/05/24 23:37:56.706, 0, 5, 10490
2026/05/24 23:37:56.708, 1, 0, 10088
2026/05/24 23:37:56.709, 2, 0, 10088
2026/05/24 23:37:56.710, 3, 0, 10088
2026/05/24 23:38:11.800, 0, 100, 10490
2026/05/24 23:38:11.804, 1, 100, 10088
2026/05/24 23:38:11.807, 2, 0, 10088
2026/05/24 23:38:11.811, 3, 100, 10088
2026/05/24 23:38:26.905, 0, 9, 10490
2026/05/24 23:38:26.907, 1, 0, 10088
2026/05/24 23:38:26.908, 2, 0, 10088
2026/05/24 23:38:26.910, 3, 0, 10088
2026/05/24 23:38:42.011, 0, 13, 10490
2026/05/24 23:38:42.013, 1, 0, 10088
2026/05/24 23:38:42.015, 2, 0, 10088
2026/05/24 23:38:42.016, 3, 0, 10088
2026/05/24 23:38:57.123, 0, 10, 10490
2026/05/24 23:38:57.127, 1, 0, 10088
2026/05/24 23:38:57.130, 2, 0, 10088
2026/05/24 23:38:57.133, 3, 0, 10088
2026/05/24 23:39:12.301, 0, 7, 10490
2026/05/24 23:39:12.303, 1, 0, 10088
2026/05/24 23:39:12.305, 2, 0, 10088
2026/05/24 23:39:12.306, 3, 0, 10088
2026/05/24 23:39:27.398, 0, 100, 10490
2026/05/24 23:39:27.402, 1, 0, 10088
2026/05/24 23:39:27.405, 2, 100, 10088
2026/05/24 23:39:27.408, 3, 100, 10088
2026/05/24 23:39:42.615, 0, 7, 10490
2026/05/24 23:39:42.618, 1, 100, 10088
2026/05/24 23:39:42.622, 2, 100, 10088
2026/05/24 23:39:42.625, 3, 0, 10088
2026/05/24 23:39:57.734, 0, 100, 10490
2026/05/24 23:39:57.736, 1, 0, 10088
2026/05/24 23:39:57.737, 2, 0, 10088
2026/05/24 23:39:57.739, 3, 0, 10088
2026/05/24 23:40:12.988, 0, 3, 10490
2026/05/24 23:40:12.990, 1, 0, 10088
2026/05/24 23:40:12.991, 2, 0, 10088
2026/05/24 23:40:12.993, 3, 0, 10088
2026/05/24 23:40:28.239, 0, 100, 10490
2026/05/24 23:40:28.241, 1, 100, 10088
2026/05/24 23:40:28.242, 2, 100, 10088
2026/05/24 23:40:28.243, 3, 100, 10088
2026/05/24 23:40:43.336, 0, 10, 10490
2026/05/24 23:40:43.340, 1, 0, 10088
2026/05/24 23:40:43.344, 2, 100, 10088
2026/05/24 23:40:43.347, 3, 0, 10088
2026/05/24 23:40:58.437, 0, 9, 10490
2026/05/24 23:40:58.439, 1, 0, 10088
2026/05/24 23:40:58.441, 2, 0, 10088
2026/05/24 23:40:58.442, 3, 0, 10088
2026/05/24 23:41:13.542, 0, 94, 10490
2026/05/24 23:41:13.544, 1, 100, 10088
2026/05/24 23:41:13.545, 2, 0, 10088
2026/05/24 23:41:13.547, 3, 49, 10088
2026/05/24 23:41:28.656, 0, 10, 10490
2026/05/24 23:41:28.659, 1, 100, 10088
2026/05/24 23:41:28.662, 2, 0, 10088
2026/05/24 23:41:28.663, 3, 0, 10088
2026/05/24 23:41:43.758, 0, 100, 10490
2026/05/24 23:41:43.760, 1, 0, 10088
2026/05/24 23:41:43.761, 2, 0, 10088
2026/05/24 23:41:43.762, 3, 0, 10088
2026/05/24 23:41:58.845, 0, 9, 10490
2026/05/24 23:41:58.847, 1, 0, 10088
2026/05/24 23:41:58.849, 2, 0, 10088
2026/05/24 23:41:58.850, 3, 0, 10088
2026/05/24 23:42:14.066, 0, 3, 10490
2026/05/24 23:42:14.068, 1, 100, 10088
2026/05/24 23:42:14.069, 2, 0, 10088
2026/05/24 23:42:14.070, 3, 0, 10088
2026/05/24 23:42:29.506, 0, 100, 10490
2026/05/24 23:42:29.508, 1, 0, 10088
2026/05/24 23:42:29.509, 2, 100, 10088
2026/05/24 23:42:29.511, 3, 0, 10088
2026/05/24 23:42:44.593, 0, 14, 10490
2026/05/24 23:42:44.595, 1, 0, 10088
2026/05/24 23:42:44.597, 2, 0, 10088
2026/05/24 23:42:44.598, 3, 0, 10088
2026/05/24 23:42:59.715, 0, 100, 10490
2026/05/24 23:42:59.718, 1, 100, 10088
2026/05/24 23:42:59.720, 2, 0, 10088
2026/05/24 23:42:59.723, 3, 0, 10088
2026/05/24 23:43:15.241, 0, 100, 10490
2026/05/24 23:43:15.243, 1, 100, 10088
2026/05/24 23:43:15.244, 2, 0, 10088
2026/05/24 23:43:15.245, 3, 100, 10088
2026/05/24 23:43:30.620, 0, 0, 10490
2026/05/24 23:43:30.622, 1, 0, 10088
2026/05/24 23:43:30.623, 2, 0, 10088
2026/05/24 23:43:30.624, 3, 0, 10088
2026/05/24 23:43:45.705, 0, 8, 10490
2026/05/24 23:43:45.707, 1, 0, 10088
2026/05/24 23:43:45.709, 2, 0, 10088
2026/05/24 23:43:45.710, 3, 0, 10088
2026/05/24 23:44:00.814, 0, 14, 10490
2026/05/24 23:44:00.816, 1, 0, 10088
2026/05/24 23:44:00.817, 2, 0, 10088
2026/05/24 23:44:00.818, 3, 0, 10088
2026/05/24 23:44:15.909, 0, 100, 10490
2026/05/24 23:44:15.912, 1, 100, 10088
2026/05/24 23:44:15.915, 2, 0, 10088
2026/05/24 23:44:15.919, 3, 0, 10088
2026/05/24 23:44:31.245, 0, 6, 10490
2026/05/24 23:44:31.247, 1, 0, 10088
2026/05/24 23:44:31.249, 2, 0, 10088
2026/05/24 23:44:31.250, 3, 0, 10088
2026/05/24 23:44:46.333, 0, 9, 10490
2026/05/24 23:44:46.335, 1, 0, 10088
2026/05/24 23:44:46.336, 2, 0, 10088
2026/05/24 23:44:46.338, 3, 0, 10088
2026/05/24 23:45:01.421, 0, 9, 10490
2026/05/24 23:45:01.423, 1, 0, 10088
2026/05/24 23:45:01.425, 2, 0, 10088
2026/05/24 23:45:01.426, 3, 0, 10088
2026/05/24 23:45:16.553, 0, 8, 10490
2026/05/24 23:45:16.556, 1, 0, 10088
2026/05/24 23:45:16.557, 2, 0, 10088
2026/05/24 23:45:16.558, 3, 0, 10088
2026/05/24 23:45:31.686, 0, 100, 10490
2026/05/24 23:45:31.688, 1, 13, 10088
2026/05/24 23:45:31.689, 2, 0, 10088
2026/05/24 23:45:31.691, 3, 0, 10088
2026/05/24 23:45:46.793, 0, 9, 10490
2026/05/24 23:45:46.795, 1, 0, 10088
2026/05/24 23:45:46.796, 2, 0, 10088
2026/05/24 23:45:46.797, 3, 0, 10088
2026/05/24 23:46:01.881, 0, 8, 10490
2026/05/24 23:46:01.883, 1, 0, 10088
2026/05/24 23:46:01.885, 2, 0, 10088
2026/05/24 23:46:01.886, 3, 0, 10088
2026/05/24 23:46:16.986, 0, 12, 10490
2026/05/24 23:46:16.988, 1, 0, 10088
2026/05/24 23:46:16.989, 2, 0, 10088
2026/05/24 23:46:16.991, 3, 0, 10088
2026/05/24 23:46:32.184, 0, 3, 10490
2026/05/24 23:46:32.186, 1, 0, 10088
2026/05/24 23:46:32.187, 2, 0, 10088
2026/05/24 23:46:32.189, 3, 0, 10088
2026/05/24 23:46:47.278, 0, 100, 10490
2026/05/24 23:46:47.282, 1, 0, 10088
2026/05/24 23:46:47.284, 2, 0, 10088
2026/05/24 23:46:47.286, 3, 0, 10088
2026/05/24 23:47:02.375, 0, 100, 10490
2026/05/24 23:47:02.377, 1, 100, 10088
2026/05/24 23:47:02.379, 2, 100, 10088
2026/05/24 23:47:02.380, 3, 0, 10088
2026/05/24 23:47:17.477, 0, 10, 10490
2026/05/24 23:47:17.482, 1, 0, 10088
2026/05/24 23:47:17.485, 2, 0, 10088
2026/05/24 23:47:17.487, 3, 0, 10088
2026/05/24 23:47:32.657, 0, 0, 10490
2026/05/24 23:47:32.659, 1, 0, 10088
2026/05/24 23:47:32.661, 2, 0, 10088
2026/05/24 23:47:32.662, 3, 0, 10088
2026/05/24 23:47:47.766, 0, 9, 10490
2026/05/24 23:47:47.768, 1, 0, 10088
2026/05/24 23:47:47.769, 2, 0, 10088
2026/05/24 23:47:47.771, 3, 0, 10088
2026/05/24 23:48:02.866, 0, 100, 10490
2026/05/24 23:48:02.870, 1, 100, 10088
2026/05/24 23:48:02.873, 2, 0, 10088
2026/05/24 23:48:02.876, 3, 0, 10088
2026/05/24 23:48:17.997, 0, 100, 10490
2026/05/24 23:48:18.001, 1, 100, 10088
2026/05/24 23:48:18.004, 2, 0, 10088
2026/05/24 23:48:18.007, 3, 0, 10088
2026/05/24 23:48:33.242, 0, 5, 10490
2026/05/24 23:48:33.244, 1, 0, 10088
2026/05/24 23:48:33.246, 2, 0, 10088
2026/05/24 23:48:33.247, 3, 0, 10088
2026/05/24 23:48:48.350, 0, 9, 10490
2026/05/24 23:48:48.352, 1, 0, 10088
2026/05/24 23:48:48.353, 2, 0, 10088
2026/05/24 23:48:48.355, 3, 0, 10088
2026/05/24 23:49:03.478, 0, 4, 10490
2026/05/24 23:49:03.482, 1, 0, 10088
2026/05/24 23:49:03.485, 2, 0, 10088
2026/05/24 23:49:03.486, 3, 0, 10088
2026/05/24 23:49:18.594, 0, 9, 10490
2026/05/24 23:49:18.596, 1, 0, 10088
2026/05/24 23:49:18.597, 2, 0, 10088
2026/05/24 23:49:18.598, 3, 0, 10088
2026/05/24 23:49:33.786, 0, 5, 10490
2026/05/24 23:49:33.788, 1, 0, 10088
2026/05/24 23:49:33.789, 2, 0, 10088
2026/05/24 23:49:33.790, 3, 0, 10088
2026/05/24 23:49:48.874, 0, 62, 10490
2026/05/24 23:49:48.876, 1, 100, 10088
2026/05/24 23:49:48.877, 2, 100, 10088
2026/05/24 23:49:48.878, 3, 100, 10088
2026/05/24 23:50:03.978, 0, 14, 10490
2026/05/24 23:50:03.980, 1, 0, 10088
2026/05/24 23:50:03.981, 2, 0, 10088
2026/05/24 23:50:03.983, 3, 0, 10088
2026/05/24 23:50:19.086, 0, 9, 10490
2026/05/24 23:50:19.088, 1, 0, 10088
2026/05/24 23:50:19.089, 2, 92, 10088
2026/05/24 23:50:19.090, 3, 0, 10088
2026/05/24 23:50:34.585, 0, 2, 10490
2026/05/24 23:50:34.587, 1, 0, 10088
2026/05/24 23:50:34.588, 2, 0, 10088
2026/05/24 23:50:34.589, 3, 0, 10088
2026/05/24 23:50:49.674, 0, 100, 10490
2026/05/24 23:50:49.676, 1, 0, 10088
2026/05/24 23:50:49.677, 2, 0, 10088
2026/05/24 23:50:49.679, 3, 0, 10088
2026/05/24 23:51:04.753, 0, 100, 10490
2026/05/24 23:51:04.755, 1, 100, 10088
2026/05/24 23:51:04.756, 2, 100, 10088
2026/05/24 23:51:04.757, 3, 0, 10088
2026/05/24 23:51:19.873, 0, 14, 10490
2026/05/24 23:51:19.876, 1, 0, 10088
2026/05/24 23:51:19.877, 2, 0, 10088
2026/05/24 23:51:19.878, 3, 0, 10088
2026/05/24 23:51:35.026, 0, 100, 10490
2026/05/24 23:51:35.030, 1, 86, 10088
2026/05/24 23:51:35.034, 2, 0, 10088
2026/05/24 23:51:35.037, 3, 0, 10088
2026/05/24 23:51:50.171, 0, 100, 10490
2026/05/24 23:51:50.176, 1, 100, 10088
2026/05/24 23:51:50.179, 2, 78, 10088
2026/05/24 23:51:50.180, 3, 100, 10088
2026/05/24 23:52:05.289, 0, 4, 10490
2026/05/24 23:52:05.292, 1, 0, 10088
2026/05/24 23:52:05.293, 2, 0, 10088
2026/05/24 23:52:05.294, 3, 0, 10088
2026/05/24 23:52:20.701, 0, 100, 10490
2026/05/24 23:52:20.704, 1, 100, 10088
2026/05/24 23:52:20.707, 2, 59, 10088
2026/05/24 23:52:20.710, 3, 0, 10088
2026/05/24 23:52:35.934, 0, 11, 10490
2026/05/24 23:52:35.936, 1, 0, 10088
2026/05/24 23:52:35.938, 2, 0, 10088
2026/05/24 23:52:35.939, 3, 0, 10088
2026/05/24 23:52:51.041, 0, 9, 10490
2026/05/24 23:52:51.043, 1, 0, 10088
2026/05/24 23:52:51.044, 2, 75, 10088
2026/05/24 23:52:51.046, 3, 0, 10088
2026/05/24 23:53:06.129, 0, 7, 10490
2026/05/24 23:53:06.131, 1, 100, 10088
2026/05/24 23:53:06.133, 2, 100, 10088
2026/05/24 23:53:06.134, 3, 0, 10088
2026/05/24 23:53:21.217, 0, 100, 10490
2026/05/24 23:53:21.219, 1, 100, 10088
2026/05/24 23:53:21.221, 2, 100, 10088
2026/05/24 23:53:21.222, 3, 0, 10088
2026/05/24 23:53:36.323, 0, 7, 10490
2026/05/24 23:53:36.326, 1, 0, 10088
2026/05/24 23:53:36.327, 2, 0, 10088
2026/05/24 23:53:36.328, 3, 0, 10088
2026/05/24 23:53:51.718, 0, 100, 10490
2026/05/24 23:53:51.720, 1, 100, 10088
2026/05/24 23:53:51.723, 2, 100, 10088
2026/05/24 23:53:51.727, 3, 0, 10088
2026/05/24 23:54:07.225, 0, 100, 10490
2026/05/24 23:54:07.227, 1, 100, 10088
2026/05/24 23:54:07.228, 2, 0, 10088
2026/05/24 23:54:07.229, 3, 0, 10088
2026/05/24 23:54:22.309, 0, 8, 10490
2026/05/24 23:54:22.311, 1, 0, 10088
2026/05/24 23:54:22.313, 2, 0, 10088
2026/05/24 23:54:22.314, 3, 0, 10088
2026/05/24 23:54:37.397, 0, 4, 10490
2026/05/24 23:54:37.399, 1, 100, 10088
2026/05/24 23:54:37.400, 2, 0, 10088
2026/05/24 23:54:37.402, 3, 0, 10088
2026/05/24 23:54:52.502, 0, 13, 10490
2026/05/24 23:54:52.504, 1, 0, 10088
2026/05/24 23:54:52.506, 2, 0, 10088
2026/05/24 23:54:52.507, 3, 0, 10088
2026/05/24 23:55:07.589, 0, 0, 10490
2026/05/24 23:55:07.591, 1, 0, 10088
2026/05/24 23:55:07.593, 2, 0, 10088
2026/05/24 23:55:07.594, 3, 0, 10088
2026/05/24 23:55:22.677, 0, 100, 10490
2026/05/24 23:55:22.679, 1, 100, 10088
2026/05/24 23:55:22.681, 2, 0, 10088
2026/05/24 23:55:22.682, 3, 0, 10088
2026/05/24 23:55:37.889, 0, 8, 10490
2026/05/24 23:55:37.891, 1, 0, 10088
2026/05/24 23:55:37.892, 2, 0, 10088
2026/05/24 23:55:37.894, 3, 0, 10088
2026/05/24 23:55:52.978, 0, 100, 10490
2026/05/24 23:55:52.980, 1, 100, 10088
2026/05/24 23:55:52.985, 2, 100, 10088
2026/05/24 23:55:52.987, 3, 0, 10088
2026/05/24 23:56:08.098, 0, 6, 10490
2026/05/24 23:56:08.100, 1, 0, 10088
2026/05/24 23:56:08.101, 2, 0, 10088
2026/05/24 23:56:08.103, 3, 0, 10088
2026/05/24 23:56:23.230, 0, 100, 10490
2026/05/24 23:56:23.232, 1, 0, 10088
2026/05/24 23:56:23.233, 2, 0, 10088
2026/05/24 23:56:23.234, 3, 0, 10088
2026/05/24 23:56:38.326, 0, 100, 10490
2026/05/24 23:56:38.329, 1, 97, 10088
2026/05/24 23:56:38.332, 2, 100, 10088
2026/05/24 23:56:38.335, 3, 100, 10088
2026/05/24 23:56:53.456, 0, 100, 10490
2026/05/24 23:56:53.460, 1, 95, 10088
2026/05/24 23:56:53.463, 2, 76, 10088
2026/05/24 23:56:53.467, 3, 100, 10088
2026/05/24 23:57:08.728, 0, 8, 10490
2026/05/24 23:57:08.730, 1, 0, 10088
2026/05/24 23:57:08.732, 2, 0, 10088
2026/05/24 23:57:08.733, 3, 0, 10088
2026/05/24 23:57:23.857, 0, 14, 10490
2026/05/24 23:57:23.859, 1, 0, 10088
2026/05/24 23:57:23.861, 2, 0, 10088
2026/05/24 23:57:23.862, 3, 0, 10088
2026/05/24 23:57:38.974, 0, 100, 10490
2026/05/24 23:57:38.978, 1, 100, 10088
2026/05/24 23:57:38.981, 2, 0, 10088
2026/05/24 23:57:38.985, 3, 100, 10088
2026/05/24 23:57:54.103, 0, 100, 10490
2026/05/24 23:57:54.107, 1, 0, 10088
2026/05/24 23:57:54.110, 2, 0, 10088
2026/05/24 23:57:54.111, 3, 0, 10088
2026/05/24 23:58:09.207, 0, 0, 10490
2026/05/24 23:58:09.211, 1, 0, 10088
2026/05/24 23:58:09.213, 2, 0, 10088
2026/05/24 23:58:09.216, 3, 0, 10088
2026/05/24 23:58:24.609, 0, 1, 10490
2026/05/24 23:58:24.611, 1, 0, 10088
2026/05/24 23:58:24.612, 2, 0, 10088
2026/05/24 23:58:24.614, 3, 0, 10088
2026/05/24 23:58:39.831, 0, 14, 10490
2026/05/24 23:58:39.833, 1, 0, 10088
2026/05/24 23:58:39.834, 2, 0, 10088
2026/05/24 23:58:39.835, 3, 0, 10088
2026/05/24 23:58:54.918, 0, 100, 10490
2026/05/24 23:58:54.920, 1, 0, 10088
2026/05/24 23:58:54.921, 2, 0, 10088
2026/05/24 23:58:54.922, 3, 0, 10088
2026/05/24 23:59:10.022, 0, 10, 10490
2026/05/24 23:59:10.024, 1, 0, 10088
2026/05/24 23:59:10.025, 2, 0, 10088
2026/05/24 23:59:10.027, 3, 0, 10088
2026/05/24 23:59:25.109, 0, 6, 10490
2026/05/24 23:59:25.111, 1, 0, 10088
2026/05/24 23:59:25.112, 2, 0, 10088
2026/05/24 23:59:25.114, 3, 0, 10088
2026/05/24 23:59:40.314, 0, 13, 10490
2026/05/24 23:59:40.316, 1, 0, 10088
2026/05/24 23:59:40.317, 2, 0, 10088
2026/05/24 23:59:40.319, 3, 0, 10088
2026/05/24 23:59:55.438, 0, 9, 10490
2026/05/24 23:59:55.440, 1, 0, 10088
2026/05/24 23:59:55.441, 2, 0, 10088
2026/05/24 23:59:55.442, 3, 0, 10088
2026/05/25 00:00:10.525, 0, 100, 10490
2026/05/25 00:00:10.527, 1, 100, 10088
2026/05/25 00:00:10.529, 2, 100, 10088
2026/05/25 00:00:10.530, 3, 100, 10088
2026/05/25 00:00:25.633, 0, 100, 10490
2026/05/25 00:00:25.635, 1, 39, 10088
2026/05/25 00:00:25.637, 2, 100, 10088
2026/05/25 00:00:25.640, 3, 100, 10088
2026/05/25 00:00:40.944, 0, 100, 10490
2026/05/25 00:00:40.948, 1, 100, 10088
2026/05/25 00:00:40.951, 2, 100, 10088
2026/05/25 00:00:40.954, 3, 100, 10088
2026/05/25 00:00:56.070, 0, 14, 10490
2026/05/25 00:00:56.072, 1, 0, 10088
2026/05/25 00:00:56.074, 2, 0, 10088
2026/05/25 00:00:56.075, 3, 0, 10088
2026/05/25 00:01:11.202, 0, 11, 10490
2026/05/25 00:01:11.205, 1, 0, 10088
2026/05/25 00:01:11.208, 2, 0, 10088
2026/05/25 00:01:11.211, 3, 0, 10088
2026/05/25 00:01:26.309, 0, 8, 10490
2026/05/25 00:01:26.311, 1, 0, 10088
2026/05/25 00:01:26.313, 2, 0, 10088
2026/05/25 00:01:26.314, 3, 0, 10088
2026/05/25 00:01:41.477, 0, 8, 10490
2026/05/25 00:01:41.479, 1, 0, 10088
2026/05/25 00:01:41.481, 2, 0, 10088
2026/05/25 00:01:41.607, 3, 0, 10088
2026/05/25 00:01:56.706, 0, 8, 10490
2026/05/25 00:01:56.708, 1, 0, 10088
2026/05/25 00:01:56.709, 2, 0, 10088
2026/05/25 00:01:56.710, 3, 0, 10088
2026/05/25 00:02:11.858, 0, 13, 10490
2026/05/25 00:02:11.860, 1, 0, 10088
2026/05/25 00:02:11.861, 2, 0, 10088
2026/05/25 00:02:11.863, 3, 0, 10088
2026/05/25 00:02:26.945, 0, 3, 10490
2026/05/25 00:02:26.947, 1, 0, 10088
2026/05/25 00:02:26.949, 2, 0, 10088
2026/05/25 00:02:26.950, 3, 0, 10088
2026/05/25 00:02:42.125, 0, 8, 10490
2026/05/25 00:02:42.127, 1, 0, 10088
2026/05/25 00:02:42.129, 2, 0, 10088
2026/05/25 00:02:42.130, 3, 0, 10088
2026/05/25 00:02:57.329, 0, 9, 10490
2026/05/25 00:02:57.331, 1, 0, 10088
2026/05/25 00:02:57.333, 2, 0, 10088
2026/05/25 00:02:57.334, 3, 0, 10088
2026/05/25 00:03:12.422, 0, 12, 10490
2026/05/25 00:03:12.424, 1, 0, 10088
2026/05/25 00:03:12.425, 2, 0, 10088
2026/05/25 00:03:12.427, 3, 0, 10088
2026/05/25 00:03:27.535, 0, 0, 10490
2026/05/25 00:03:27.538, 1, 0, 10088
2026/05/25 00:03:27.541, 2, 0, 10088
2026/05/25 00:03:27.542, 3, 0, 10088
2026/05/25 00:03:42.749, 0, 9, 10490
2026/05/25 00:03:42.752, 1, 98, 10088
2026/05/25 00:03:42.754, 2, 100, 10088
2026/05/25 00:03:42.757, 3, 0, 10088
2026/05/25 00:03:57.849, 0, 100, 10490
2026/05/25 00:03:57.851, 1, 0, 10088
2026/05/25 00:03:57.853, 2, 90, 10088
2026/05/25 00:03:57.854, 3, 0, 10088
2026/05/25 00:04:12.961, 0, 26, 10490
2026/05/25 00:04:12.963, 1, 100, 10088
2026/05/25 00:04:12.965, 2, 100, 10088
2026/05/25 00:04:12.966, 3, 0, 10088
2026/05/25 00:04:28.067, 0, 14, 10490
2026/05/25 00:04:28.069, 1, 0, 10088
2026/05/25 00:04:28.071, 2, 0, 10088
2026/05/25 00:04:28.072, 3, 0, 10088
2026/05/25 00:04:43.157, 0, 6, 10490
2026/05/25 00:04:43.159, 1, 0, 10088
2026/05/25 00:04:43.161, 2, 0, 10088
2026/05/25 00:04:43.162, 3, 0, 10088
2026/05/25 00:04:58.353, 0, 3, 10490
2026/05/25 00:04:58.355, 1, 0, 10088
2026/05/25 00:04:58.356, 2, 0, 10088
2026/05/25 00:04:58.358, 3, 0, 10088
2026/05/25 00:05:13.603, 0, 72, 10490
2026/05/25 00:05:13.605, 1, 100, 10088
2026/05/25 00:05:13.607, 2, 0, 10088
2026/05/25 00:05:13.608, 3, 0, 10088
2026/05/25 00:05:28.713, 0, 100, 10490
2026/05/25 00:05:28.715, 1, 100, 10088
2026/05/25 00:05:28.716, 2, 40, 10088
2026/05/25 00:05:28.718, 3, 0, 10088
2026/05/25 00:05:43.839, 0, 14, 10490
2026/05/25 00:05:43.841, 1, 0, 10088
2026/05/25 00:05:43.842, 2, 0, 10088
2026/05/25 00:05:43.844, 3, 0, 10088
2026/05/25 00:05:58.953, 0, 9, 10490
2026/05/25 00:05:58.955, 1, 0, 10088
2026/05/25 00:05:58.956, 2, 0, 10088
2026/05/25 00:05:58.958, 3, 0, 10088
2026/05/25 00:06:14.099, 0, 78, 10490
2026/05/25 00:06:14.104, 1, 100, 10088
2026/05/25 00:06:14.106, 2, 100, 10088
2026/05/25 00:06:14.110, 3, 89, 10088
2026/05/25 00:06:29.205, 0, 100, 10490
2026/05/25 00:06:29.207, 1, 0, 10088
2026/05/25 00:06:29.209, 2, 0, 10088
2026/05/25 00:06:29.210, 3, 0, 10088
2026/05/25 00:06:44.462, 0, 14, 10490
2026/05/25 00:06:44.464, 1, 0, 10088
2026/05/25 00:06:44.465, 2, 0, 10088
2026/05/25 00:06:44.467, 3, 0, 10088
2026/05/25 00:06:59.558, 0, 100, 10490
2026/05/25 00:06:59.561, 1, 100, 10088
2026/05/25 00:06:59.562, 2, 100, 10088
2026/05/25 00:06:59.563, 3, 100, 10088
2026/05/25 00:07:14.742, 0, 100, 10490
2026/05/25 00:07:14.746, 1, 100, 10088
2026/05/25 00:07:14.749, 2, 100, 10088
2026/05/25 00:07:14.752, 3, 0, 10088
2026/05/25 00:07:29.870, 0, 100, 10490
2026/05/25 00:07:29.872, 1, 17, 10088
2026/05/25 00:07:29.873, 2, 100, 10088
2026/05/25 00:07:29.874, 3, 0, 10088
2026/05/25 00:07:44.984, 0, 1, 10490
2026/05/25 00:07:44.988, 1, 0, 10088
2026/05/25 00:07:44.991, 2, 0, 10088
2026/05/25 00:07:44.995, 3, 0, 10088
2026/05/25 00:08:00.106, 0, 21, 10490
2026/05/25 00:08:00.108, 1, 0, 10088
2026/05/25 00:08:00.109, 2, 0, 10088
2026/05/25 00:08:00.110, 3, 0, 10088
2026/05/25 00:08:15.221, 0, 100, 10490
2026/05/25 00:08:15.224, 1, 95, 10088
2026/05/25 00:08:15.227, 2, 0, 10088
2026/05/25 00:08:15.230, 3, 100, 10088
2026/05/25 00:08:30.332, 0, 100, 10490
2026/05/25 00:08:30.335, 1, 100, 10088
2026/05/25 00:08:30.338, 2, 0, 10088
2026/05/25 00:08:30.341, 3, 0, 10088
2026/05/25 00:08:45.437, 0, 8, 10490
2026/05/25 00:08:45.439, 1, 0, 10088
2026/05/25 00:08:45.441, 2, 0, 10088
2026/05/25 00:08:45.442, 3, 0, 10088
2026/05/25 00:09:00.552, 0, 6, 10490
2026/05/25 00:09:00.556, 1, 0, 10088
2026/05/25 00:09:00.559, 2, 100, 10088
2026/05/25 00:09:00.563, 3, 0, 10088
2026/05/25 00:09:15.670, 0, 14, 10490
2026/05/25 00:09:15.672, 1, 0, 10088
2026/05/25 00:09:15.673, 2, 0, 10088
2026/05/25 00:09:15.675, 3, 0, 10088
2026/05/25 00:09:30.793, 0, 2, 10490
2026/05/25 00:09:30.795, 1, 0, 10088
2026/05/25 00:09:30.797, 2, 0, 10088
2026/05/25 00:09:30.798, 3, 0, 10088
2026/05/25 00:09:45.901, 0, 8, 10490
2026/05/25 00:09:45.904, 1, 0, 10088
2026/05/25 00:09:45.905, 2, 0, 10088
2026/05/25 00:09:45.906, 3, 0, 10088
2026/05/25 00:10:00.989, 0, 9, 10490
2026/05/25 00:10:00.991, 1, 0, 10088
2026/05/25 00:10:00.992, 2, 0, 10088
2026/05/25 00:10:00.994, 3, 0, 10088
2026/05/25 00:10:16.142, 0, 100, 10490
2026/05/25 00:10:16.145, 1, 100, 10088
2026/05/25 00:10:16.149, 2, 100, 10088
2026/05/25 00:10:16.152, 3, 100, 10088
2026/05/25 00:10:31.245, 0, 9, 10490
2026/05/25 00:10:31.247, 1, 0, 10088
2026/05/25 00:10:31.249, 2, 0, 10088
2026/05/25 00:10:31.250, 3, 0, 10088
2026/05/25 00:10:46.333, 0, 70, 10490
2026/05/25 00:10:46.335, 1, 100, 10088
2026/05/25 00:10:46.336, 2, 100, 10088
2026/05/25 00:10:46.338, 3, 0, 10088
2026/05/25 00:11:01.682, 0, 100, 10490
2026/05/25 00:11:01.684, 1, 0, 10088
2026/05/25 00:11:01.685, 2, 0, 10088
2026/05/25 00:11:01.686, 3, 0, 10088
2026/05/25 00:11:17.026, 0, 9, 10490
2026/05/25 00:11:17.030, 1, 100, 10088
2026/05/25 00:11:17.033, 2, 100, 10088
2026/05/25 00:11:17.233, 3, 100, 10088
2026/05/25 00:11:32.523, 0, 13, 10490
2026/05/25 00:11:32.525, 1, 0, 10088
2026/05/25 00:11:32.526, 2, 0, 10088
2026/05/25 00:11:32.528, 3, 0, 10088
2026/05/25 00:11:47.641, 0, 100, 10490
2026/05/25 00:11:47.645, 1, 100, 10088
2026/05/25 00:11:47.648, 2, 100, 10088
2026/05/25 00:11:47.651, 3, 0, 10088
2026/05/25 00:12:02.766, 0, 9, 10490
2026/05/25 00:12:02.768, 1, 0, 10088
2026/05/25 00:12:02.769, 2, 0, 10088
2026/05/25 00:12:02.770, 3, 0, 10088
2026/05/25 00:12:17.861, 0, 7, 10490
2026/05/25 00:12:17.864, 1, 0, 10088
2026/05/25 00:12:17.866, 2, 0, 10088
2026/05/25 00:12:17.869, 3, 0, 10088
2026/05/25 00:12:33.147, 0, 100, 10490
2026/05/25 00:12:33.151, 1, 100, 10088
2026/05/25 00:12:33.153, 2, 100, 10088
2026/05/25 00:12:33.156, 3, 100, 10088
2026/05/25 00:12:48.286, 0, 0, 10490
2026/05/25 00:12:48.288, 1, 0, 10088
2026/05/25 00:12:48.289, 2, 0, 10088
2026/05/25 00:12:48.291, 3, 0, 10088
2026/05/25 00:13:03.420, 0, 100, 10490
2026/05/25 00:13:03.424, 1, 100, 10088
2026/05/25 00:13:03.427, 2, 15, 10088
2026/05/25 00:13:03.513, 3, 100, 10088
2026/05/25 00:13:18.613, 0, 6, 10490
2026/05/25 00:13:18.615, 1, 0, 10088
2026/05/25 00:13:18.617, 2, 0, 10088
2026/05/25 00:13:18.618, 3, 0, 10088
2026/05/25 00:13:33.703, 0, 5, 10490
2026/05/25 00:13:33.705, 1, 0, 10088
2026/05/25 00:13:33.706, 2, 0, 10088
2026/05/25 00:13:33.707, 3, 0, 10088
2026/05/25 00:13:48.882, 0, 9, 10490
2026/05/25 00:13:48.885, 1, 100, 10088
2026/05/25 00:13:48.888, 2, 11, 10088
2026/05/25 00:13:48.891, 3, 0, 10088
2026/05/25 00:14:04.010, 0, 62, 10490
2026/05/25 00:14:04.012, 1, 0, 10088
2026/05/25 00:14:04.013, 2, 0, 10088
2026/05/25 00:14:04.014, 3, 100, 10088
2026/05/25 00:14:19.120, 0, 6, 10490
2026/05/25 00:14:19.125, 1, 0, 10088
2026/05/25 00:14:19.128, 2, 0, 10088
2026/05/25 00:14:19.131, 3, 0, 10088
2026/05/25 00:14:34.217, 0, 4, 10490
2026/05/25 00:14:34.219, 1, 0, 10088
2026/05/25 00:14:34.221, 2, 0, 10088
2026/05/25 00:14:34.222, 3, 0, 10088
2026/05/25 00:14:49.790, 0, 79, 10490
2026/05/25 00:14:49.794, 1, 100, 10088
2026/05/25 00:14:49.796, 2, 100, 10088
2026/05/25 00:14:49.799, 3, 100, 10088
2026/05/25 00:15:04.898, 0, 7, 10490
2026/05/25 00:15:04.902, 1, 100, 10088
2026/05/25 00:15:04.905, 2, 0, 10088
2026/05/25 00:15:04.906, 3, 0, 10088
2026/05/25 00:15:20.014, 0, 17, 10490
2026/05/25 00:15:20.017, 1, 0, 10088
2026/05/25 00:15:20.018, 2, 0, 10088
2026/05/25 00:15:20.019, 3, 0, 10088
2026/05/25 00:15:35.101, 0, 10, 10490
2026/05/25 00:15:35.103, 1, 0, 10088
2026/05/25 00:15:35.105, 2, 0, 10088
2026/05/25 00:15:35.106, 3, 0, 10088
2026/05/25 00:15:50.277, 0, 3, 10490
2026/05/25 00:15:50.279, 1, 0, 10088
2026/05/25 00:15:50.281, 2, 0, 10088
2026/05/25 00:15:50.282, 3, 0, 10088
2026/05/25 00:16:05.493, 0, 8, 10490
2026/05/25 00:16:05.495, 1, 0, 10088
2026/05/25 00:16:05.496, 2, 0, 10088
2026/05/25 00:16:05.498, 3, 0, 10088
2026/05/25 00:16:20.582, 0, 100, 10490
2026/05/25 00:16:20.584, 1, 100, 10088
2026/05/25 00:16:20.585, 2, 100, 10088
2026/05/25 00:16:20.586, 3, 100, 10088
2026/05/25 00:16:35.686, 0, 17, 10490
2026/05/25 00:16:35.688, 1, 0, 10088
2026/05/25 00:16:35.690, 2, 0, 10088
2026/05/25 00:16:35.691, 3, 0, 10088
2026/05/25 00:16:51.215, 0, 0, 10490
2026/05/25 00:16:51.217, 1, 100, 10088
2026/05/25 00:16:51.218, 2, 100, 10088
2026/05/25 00:16:51.219, 3, 0, 10088
2026/05/25 00:17:06.359, 0, 100, 10490
2026/05/25 00:17:06.362, 1, 100, 10088
2026/05/25 00:17:06.365, 2, 0, 10088
2026/05/25 00:17:06.368, 3, 100, 10088
2026/05/25 00:17:21.474, 0, 100, 10490
2026/05/25 00:17:21.478, 1, 100, 10088
2026/05/25 00:17:21.480, 2, 100, 10088
2026/05/25 00:17:21.483, 3, 0, 10088
2026/05/25 00:17:36.582, 0, 10, 10490
2026/05/25 00:17:36.584, 1, 0, 10088
2026/05/25 00:17:36.585, 2, 0, 10088
2026/05/25 00:17:36.586, 3, 0, 10088
2026/05/25 00:17:51.767, 0, 15, 10490
2026/05/25 00:17:51.769, 1, 0, 10088
2026/05/25 00:17:51.770, 2, 0, 10088
2026/05/25 00:17:51.772, 3, 0, 10088
2026/05/25 00:18:06.863, 0, 8, 10490
2026/05/25 00:18:06.873, 1, 100, 10088
2026/05/25 00:18:06.876, 2, 0, 10088
2026/05/25 00:18:06.877, 3, 0, 10088
2026/05/25 00:18:21.970, 0, 8, 10490
2026/05/25 00:18:21.972, 1, 0, 10088
2026/05/25 00:18:21.973, 2, 0, 10088
2026/05/25 00:18:21.974, 3, 0, 10088
2026/05/25 00:18:37.071, 0, 9, 10490
2026/05/25 00:18:37.075, 1, 100, 10088
2026/05/25 00:18:37.078, 2, 0, 10088
2026/05/25 00:18:37.081, 3, 100, 10088
2026/05/25 00:18:52.249, 0, 4, 10490
2026/05/25 00:18:52.251, 1, 0, 10088
2026/05/25 00:18:52.252, 2, 0, 10088
2026/05/25 00:18:52.254, 3, 0, 10088
2026/05/25 00:19:07.338, 0, 13, 10490
2026/05/25 00:19:07.340, 1, 0, 10088
2026/05/25 00:19:07.341, 2, 0, 10088
2026/05/25 00:19:07.343, 3, 0, 10088
2026/05/25 00:19:22.434, 0, 10, 10490
2026/05/25 00:19:22.438, 1, 0, 10088
2026/05/25 00:19:22.441, 2, 0, 10088
2026/05/25 00:19:22.443, 3, 0, 10088
2026/05/25 00:19:37.575, 0, 9, 10490
2026/05/25 00:19:37.579, 1, 0, 10088
2026/05/25 00:19:37.582, 2, 0, 10088
2026/05/25 00:19:37.585, 3, 0, 10088
2026/05/25 00:19:52.839, 0, 0, 10490
2026/05/25 00:19:52.841, 1, 0, 10088
2026/05/25 00:19:52.842, 2, 0, 10088
2026/05/25 00:19:52.844, 3, 0, 10088
2026/05/25 00:20:07.929, 0, 100, 10490
2026/05/25 00:20:07.931, 1, 0, 10088
2026/05/25 00:20:07.933, 2, 0, 10088
2026/05/25 00:20:07.934, 3, 0, 10088
2026/05/25 00:20:23.018, 0, 14, 10490
2026/05/25 00:20:23.020, 1, 0, 10088
2026/05/25 00:20:23.021, 2, 0, 10088
2026/05/25 00:20:23.023, 3, 0, 10088
2026/05/25 00:20:38.125, 0, 10, 10490
2026/05/25 00:20:38.127, 1, 0, 10088
2026/05/25 00:20:38.129, 2, 0, 10088
2026/05/25 00:20:38.130, 3, 0, 10088
2026/05/25 00:20:53.296, 0, 1, 10490
2026/05/25 00:20:53.298, 1, 0, 10088
2026/05/25 00:20:53.299, 2, 0, 10088
2026/05/25 00:20:53.300, 3, 0, 10088
2026/05/25 00:21:08.382, 0, 9, 10490
2026/05/25 00:21:08.384, 1, 0, 10088
2026/05/25 00:21:08.385, 2, 0, 10088
2026/05/25 00:21:08.386, 3, 0, 10088
2026/05/25 00:21:23.492, 0, 5, 10490
2026/05/25 00:21:23.494, 1, 0, 10088
2026/05/25 00:21:23.495, 2, 0, 10088
2026/05/25 00:21:23.497, 3, 0, 10088
2026/05/25 00:21:38.598, 0, 13, 10490
2026/05/25 00:21:38.600, 1, 0, 10088
2026/05/25 00:21:38.602, 2, 0, 10088
2026/05/25 00:21:38.603, 3, 0, 10088
2026/05/25 00:21:54.020, 0, 100, 10490
2026/05/25 00:21:54.024, 1, 100, 10088
2026/05/25 00:21:54.026, 2, 100, 10088
2026/05/25 00:21:54.029, 3, 100, 10088
2026/05/25 00:22:09.449, 0, 8, 10490
2026/05/25 00:22:09.451, 1, 0, 10088
2026/05/25 00:22:09.452, 2, 0, 10088
2026/05/25 00:22:09.453, 3, 0, 10088
2026/05/25 00:22:24.629, 0, 100, 10490
2026/05/25 00:22:24.633, 1, 100, 10088
2026/05/25 00:22:24.636, 2, 100, 10088
2026/05/25 00:22:24.639, 3, 100, 10088
2026/05/25 00:22:39.783, 0, 100, 10490
2026/05/25 00:22:39.785, 1, 100, 10088
2026/05/25 00:22:39.786, 2, 100, 10088
2026/05/25 00:22:39.787, 3, 100, 10088
2026/05/25 00:22:54.894, 0, 9, 10490
2026/05/25 00:22:54.896, 1, 0, 10088
2026/05/25 00:22:54.897, 2, 0, 10088
2026/05/25 00:22:54.899, 3, 0, 10088
2026/05/25 00:23:10.375, 0, 87, 10490
2026/05/25 00:23:10.378, 1, 97, 10088
2026/05/25 00:23:10.382, 2, 0, 10088
2026/05/25 00:23:10.384, 3, 0, 10088
2026/05/25 00:23:25.633, 0, 8, 10490
2026/05/25 00:23:25.635, 1, 0, 10088
2026/05/25 00:23:25.637, 2, 0, 10088
2026/05/25 00:23:25.638, 3, 0, 10088
2026/05/25 00:23:40.755, 0, 8, 10490
2026/05/25 00:23:40.759, 1, 0, 10088
2026/05/25 00:23:40.762, 2, 0, 10088
2026/05/25 00:23:40.763, 3, 0, 10088
2026/05/25 00:23:55.880, 0, 9, 10490
2026/05/25 00:23:55.884, 1, 0, 10088
2026/05/25 00:23:55.887, 2, 0, 10088
2026/05/25 00:23:55.890, 3, 0, 10088
2026/05/25 00:24:11.025, 0, 13, 10490
2026/05/25 00:24:11.028, 1, 0, 10088
2026/05/25 00:24:11.029, 2, 0, 10088
2026/05/25 00:24:11.030, 3, 0, 10088
2026/05/25 00:24:26.113, 0, 61, 10490
2026/05/25 00:24:26.116, 1, 100, 10088
2026/05/25 00:24:26.117, 2, 100, 10088
2026/05/25 00:24:26.118, 3, 100, 10088
2026/05/25 00:24:41.422, 0, 22, 10490
2026/05/25 00:24:41.423, 1, 100, 10088
2026/05/25 00:24:41.425, 2, 100, 10088
2026/05/25 00:24:41.426, 3, 0, 10088
2026/05/25 00:24:56.512, 0, 0, 10490
2026/05/25 00:24:56.516, 1, 0, 10088
2026/05/25 00:24:56.519, 2, 100, 10088
2026/05/25 00:24:56.522, 3, 0, 10088
2026/05/25 00:25:11.638, 0, 100, 10490
2026/05/25 00:25:11.640, 1, 100, 10088
2026/05/25 00:25:11.640, 2, 100, 10088
2026/05/25 00:25:11.641, 3, 0, 10088
2026/05/25 00:25:26.747, 0, 14, 10490
2026/05/25 00:25:26.749, 1, 0, 10088
2026/05/25 00:25:26.751, 2, 0, 10088
2026/05/25 00:25:26.752, 3, 0, 10088
2026/05/25 00:25:41.837, 0, 3, 10490
2026/05/25 00:25:41.839, 1, 0, 10088
2026/05/25 00:25:41.841, 2, 0, 10088
2026/05/25 00:25:41.842, 3, 0, 10088
2026/05/25 00:25:57.033, 0, 8, 10490
2026/05/25 00:25:57.035, 1, 0, 10088
2026/05/25 00:25:57.037, 2, 0, 10088
2026/05/25 00:25:57.038, 3, 0, 10088
2026/05/25 00:26:12.325, 0, 100, 10490
2026/05/25 00:26:12.329, 1, 100, 10088
2026/05/25 00:26:12.332, 2, 100, 10088
2026/05/25 00:26:12.335, 3, 100, 10088
2026/05/25 00:26:27.477, 0, 100, 10490
2026/05/25 00:26:27.481, 1, 0, 10088
2026/05/25 00:26:27.484, 2, 100, 10088
2026/05/25 00:26:27.487, 3, 0, 10088
2026/05/25 00:26:42.583, 0, 14, 10490
2026/05/25 00:26:42.585, 1, 0, 10088
2026/05/25 00:26:42.586, 2, 0, 10088
2026/05/25 00:26:42.587, 3, 0, 10088
2026/05/25 00:26:57.932, 0, 4, 10490
2026/05/25 00:26:57.933, 1, 0, 10088
2026/05/25 00:26:57.934, 2, 0, 10088
2026/05/25 00:26:57.936, 3, 0, 10088
2026/05/25 00:27:13.017, 0, 9, 10490
2026/05/25 00:27:13.019, 1, 0, 10088
2026/05/25 00:27:13.091, 2, 0, 10088
2026/05/25 00:27:13.092, 3, 0, 10088
2026/05/25 00:27:28.253, 0, 100, 10490
2026/05/25 00:27:28.258, 1, 0, 10088
2026/05/25 00:27:28.259, 2, 0, 10088
2026/05/25 00:27:28.260, 3, 0, 10088
2026/05/25 00:27:43.381, 0, 14, 10490
2026/05/25 00:27:43.384, 1, 0, 10088
2026/05/25 00:27:43.385, 2, 0, 10088
2026/05/25 00:27:43.386, 3, 0, 10088
2026/05/25 00:27:58.469, 0, 9, 10490
2026/05/25 00:27:58.471, 1, 0, 10088
2026/05/25 00:27:58.473, 2, 0, 10088
2026/05/25 00:27:58.474, 3, 0, 10088
2026/05/25 00:28:13.557, 0, 0, 10490
2026/05/25 00:28:13.559, 1, 0, 10088
2026/05/25 00:28:13.561, 2, 0, 10088
2026/05/25 00:28:13.562, 3, 0, 10088
2026/05/25 00:28:28.662, 0, 8, 10490
2026/05/25 00:28:28.664, 1, 0, 10088
2026/05/25 00:28:28.665, 2, 0, 10088
2026/05/25 00:28:28.667, 3, 0, 10088
2026/05/25 00:28:43.750, 0, 9, 10490
2026/05/25 00:28:43.752, 1, 0, 10088
2026/05/25 00:28:43.754, 2, 0, 10088
2026/05/25 00:28:43.755, 3, 0, 10088
2026/05/25 00:28:58.858, 0, 4, 10490
2026/05/25 00:28:58.861, 1, 0, 10088
2026/05/25 00:28:58.862, 2, 0, 10088
2026/05/25 00:28:58.863, 3, 0, 10088
2026/05/25 00:29:14.059, 0, 9, 10490
2026/05/25 00:29:14.069, 1, 0, 10088
2026/05/25 00:29:14.070, 2, 0, 10088
2026/05/25 00:29:14.072, 3, 0, 10088
2026/05/25 00:29:29.200, 0, 100, 10490
2026/05/25 00:29:29.202, 1, 0, 10088
2026/05/25 00:29:29.203, 2, 0, 10088
2026/05/25 00:29:29.205, 3, 0, 10088
2026/05/25 00:29:44.307, 0, 6, 10490
2026/05/25 00:29:44.309, 1, 0, 10088
2026/05/25 00:29:44.310, 2, 0, 10088
2026/05/25 00:29:44.311, 3, 0, 10088
2026/05/25 00:29:59.469, 0, 9, 10490
2026/05/25 00:29:59.471, 1, 0, 10088
2026/05/25 00:29:59.473, 2, 0, 10088
2026/05/25 00:29:59.474, 3, 0, 10088
2026/05/25 00:30:14.739, 0, 10, 10490
2026/05/25 00:30:14.741, 1, 0, 10088
2026/05/25 00:30:14.742, 2, 0, 10088
2026/05/25 00:30:14.744, 3, 0, 10088
2026/05/25 00:30:29.846, 0, 9, 10490
2026/05/25 00:30:29.848, 1, 0, 10088
2026/05/25 00:30:29.849, 2, 0, 10088
2026/05/25 00:30:29.850, 3, 0, 10088
2026/05/25 00:30:44.982, 0, 7, 10490
2026/05/25 00:30:44.986, 1, 100, 10088
2026/05/25 00:30:44.989, 2, 0, 10088
2026/05/25 00:30:44.991, 3, 0, 10088
2026/05/25 00:31:00.093, 0, 7, 10490
2026/05/25 00:31:00.097, 1, 0, 10088
2026/05/25 00:31:00.100, 2, 0, 10088
2026/05/25 00:31:00.101, 3, 0, 10088
2026/05/25 00:31:15.206, 0, 13, 10490
2026/05/25 00:31:15.209, 1, 0, 10088
2026/05/25 00:31:15.210, 2, 0, 10088
2026/05/25 00:31:15.211, 3, 0, 10088
2026/05/25 00:31:30.298, 0, 9, 10490
2026/05/25 00:31:30.300, 1, 0, 10088
2026/05/25 00:31:30.302, 2, 0, 10088
2026/05/25 00:31:30.303, 3, 0, 10088
2026/05/25 00:31:45.408, 0, 100, 10490
2026/05/25 00:31:45.413, 1, 100, 10088
2026/05/25 00:31:45.416, 2, 0, 10088
2026/05/25 00:31:45.420, 3, 0, 10088
2026/05/25 00:32:00.526, 0, 100, 10490
2026/05/25 00:32:00.528, 1, 100, 10088
2026/05/25 00:32:00.529, 2, 0, 10088
2026/05/25 00:32:00.530, 3, 100, 10088
2026/05/25 00:32:15.697, 0, 2, 10490
2026/05/25 00:32:15.699, 1, 0, 10088
2026/05/25 00:32:15.701, 2, 0, 10088
2026/05/25 00:32:15.702, 3, 0, 10088
2026/05/25 00:32:31.191, 0, 8, 10490
2026/05/25 00:32:31.194, 1, 0, 10088
2026/05/25 00:32:31.195, 2, 0, 10088
2026/05/25 00:32:31.196, 3, 0, 10088
2026/05/25 00:32:46.281, 0, 4, 10490
2026/05/25 00:32:46.283, 1, 100, 10088
2026/05/25 00:32:46.285, 2, 100, 10088
2026/05/25 00:32:46.286, 3, 48, 10088
2026/05/25 00:33:01.372, 0, 100, 10490
2026/05/25 00:33:01.378, 1, 100, 10088
2026/05/25 00:33:01.380, 2, 0, 10088
2026/05/25 00:33:01.382, 3, 0, 10088
2026/05/25 00:33:16.465, 0, 9, 10490
2026/05/25 00:33:16.467, 1, 0, 10088
2026/05/25 00:33:16.469, 2, 0, 10088
2026/05/25 00:33:16.470, 3, 0, 10088
2026/05/25 00:33:31.553, 0, 9, 10490
2026/05/25 00:33:31.555, 1, 0, 10088
2026/05/25 00:33:31.557, 2, 0, 10088
2026/05/25 00:33:31.558, 3, 0, 10088
2026/05/25 00:33:46.690, 0, 1, 10490
2026/05/25 00:33:46.692, 1, 0, 10088
2026/05/25 00:33:46.693, 2, 0, 10088
2026/05/25 00:33:46.694, 3, 0, 10088
2026/05/25 00:34:01.858, 0, 9, 10490
2026/05/25 00:34:01.860, 1, 40, 10088
2026/05/25 00:34:01.861, 2, 0, 10088
2026/05/25 00:34:01.862, 3, 0, 10088
2026/05/25 00:34:16.945, 0, 9, 10490
2026/05/25 00:34:16.948, 1, 0, 10088
2026/05/25 00:34:16.949, 2, 0, 10088
2026/05/25 00:34:16.950, 3, 0, 10088
2026/05/25 00:34:32.033, 0, 9, 10490
2026/05/25 00:34:32.035, 1, 0, 10088
2026/05/25 00:34:32.037, 2, 0, 10088
2026/05/25 00:34:32.038, 3, 0, 10088
2026/05/25 00:34:47.198, 0, 100, 10490
2026/05/25 00:34:47.200, 1, 100, 10088
2026/05/25 00:34:47.201, 2, 0, 10088
2026/05/25 00:34:47.203, 3, 0, 10088
2026/05/25 00:35:02.302, 0, 14, 10490
2026/05/25 00:35:02.304, 1, 0, 10088
2026/05/25 00:35:02.305, 2, 0, 10088
2026/05/25 00:35:02.307, 3, 0, 10088
2026/05/25 00:35:17.576, 0, 0, 10490
2026/05/25 00:35:17.578, 1, 0, 10088
2026/05/25 00:35:17.580, 2, 0, 10088
2026/05/25 00:35:17.581, 3, 0, 10088
2026/05/25 00:35:32.666, 0, 9, 10490
2026/05/25 00:35:32.668, 1, 44, 10088
2026/05/25 00:35:32.669, 2, 0, 10088
2026/05/25 00:35:32.670, 3, 0, 10088
2026/05/25 00:35:47.754, 0, 100, 10490
2026/05/25 00:35:47.756, 1, 100, 10088
2026/05/25 00:35:47.757, 2, 0, 10088
2026/05/25 00:35:47.759, 3, 0, 10088
2026/05/25 00:36:02.843, 0, 12, 10490
2026/05/25 00:36:02.845, 1, 0, 10088
2026/05/25 00:36:02.846, 2, 0, 10088
2026/05/25 00:36:02.847, 3, 0, 10088
2026/05/25 00:36:17.934, 0, 100, 10490
2026/05/25 00:36:17.936, 1, 100, 10088
2026/05/25 00:36:17.938, 2, 100, 10088
2026/05/25 00:36:17.939, 3, 0, 10088
2026/05/25 00:36:33.249, 0, 9, 10490
2026/05/25 00:36:33.251, 1, 21, 10088
2026/05/25 00:36:33.253, 2, 100, 10088
2026/05/25 00:36:33.254, 3, 0, 10088
2026/05/25 00:36:48.343, 0, 100, 10490
2026/05/25 00:36:48.347, 1, 100, 10088
2026/05/25 00:36:48.351, 2, 0, 10088
2026/05/25 00:36:48.354, 3, 0, 10088
2026/05/25 00:37:03.445, 0, 9, 10490
2026/05/25 00:37:03.447, 1, 0, 10088
2026/05/25 00:37:03.449, 2, 0, 10088
2026/05/25 00:37:03.450, 3, 0, 10088
2026/05/25 00:37:18.606, 0, 1, 10490
2026/05/25 00:37:18.702, 1, 0, 10088
2026/05/25 00:37:18.703, 2, 0, 10088
2026/05/25 00:37:18.704, 3, 0, 10088
2026/05/25 00:37:33.790, 0, 9, 10490
2026/05/25 00:37:33.792, 1, 0, 10088
2026/05/25 00:37:33.794, 2, 0, 10088
2026/05/25 00:37:33.795, 3, 0, 10088
2026/05/25 00:37:48.975, 0, 8, 10490
2026/05/25 00:37:48.978, 1, 0, 10088
2026/05/25 00:37:48.981, 2, 0, 10088
2026/05/25 00:37:48.982, 3, 0, 10088
2026/05/25 00:38:04.071, 0, 9, 10490
2026/05/25 00:38:04.073, 1, 0, 10088
2026/05/25 00:38:04.074, 2, 0, 10088
2026/05/25 00:38:04.076, 3, 0, 10088
2026/05/25 00:38:19.233, 0, 0, 10490
2026/05/25 00:38:19.235, 1, 0, 10088
2026/05/25 00:38:19.237, 2, 0, 10088
2026/05/25 00:38:19.238, 3, 0, 10088
2026/05/25 00:38:34.341, 0, 4, 10490
2026/05/25 00:38:34.343, 1, 0, 10088
2026/05/25 00:38:34.345, 2, 0, 10088
2026/05/25 00:38:34.346, 3, 0, 10088
2026/05/25 00:38:49.474, 0, 10, 10490
2026/05/25 00:38:49.478, 1, 0, 10088
2026/05/25 00:38:49.480, 2, 0, 10088
2026/05/25 00:38:49.484, 3, 0, 10088
2026/05/25 00:39:04.673, 0, 9, 10490
2026/05/25 00:39:04.675, 1, 0, 10088
2026/05/25 00:39:04.677, 2, 0, 10088
2026/05/25 00:39:04.678, 3, 0, 10088
2026/05/25 00:39:19.891, 0, 2, 10490
2026/05/25 00:39:19.896, 1, 0, 10088
2026/05/25 00:39:19.899, 2, 0, 10088
2026/05/25 00:39:19.903, 3, 0, 10088
2026/05/25 00:39:35.126, 0, 29, 10490
2026/05/25 00:39:35.128, 1, 0, 10088
2026/05/25 00:39:35.130, 2, 0, 10088
2026/05/25 00:39:35.131, 3, 0, 10088
2026/05/25 00:39:50.242, 0, 9, 10490
2026/05/25 00:39:50.246, 1, 0, 10088
2026/05/25 00:39:50.249, 2, 0, 10088
2026/05/25 00:39:50.253, 3, 0, 10088
2026/05/25 00:40:05.412, 0, 100, 10490
2026/05/25 00:40:05.416, 1, 100, 10088
2026/05/25 00:40:05.419, 2, 91, 10088
2026/05/25 00:40:05.422, 3, 0, 10088
2026/05/25 00:40:20.579, 0, 6, 10490
2026/05/25 00:40:20.581, 1, 0, 10088
2026/05/25 00:40:20.582, 2, 0, 10088
2026/05/25 00:40:20.583, 3, 0, 10088
2026/05/25 00:40:35.788, 0, 9, 10490
2026/05/25 00:40:35.790, 1, 0, 10088
2026/05/25 00:40:35.791, 2, 0, 10088
2026/05/25 00:40:35.792, 3, 0, 10088
2026/05/25 00:40:50.950, 0, 14, 10490
2026/05/25 00:40:50.952, 1, 0, 10088
2026/05/25 00:40:50.953, 2, 0, 10088
2026/05/25 00:40:50.955, 3, 0, 10088
2026/05/25 00:41:06.083, 0, 9, 10490
2026/05/25 00:41:06.087, 1, 100, 10088
2026/05/25 00:41:06.089, 2, 0, 10088
2026/05/25 00:41:06.092, 3, 0, 10088
2026/05/25 00:41:21.189, 0, 8, 10490
2026/05/25 00:41:21.191, 1, 0, 10088
2026/05/25 00:41:21.192, 2, 0, 10088
2026/05/25 00:41:21.194, 3, 0, 10088
2026/05/25 00:41:36.301, 0, 5, 10490
2026/05/25 00:41:36.303, 1, 0, 10088
2026/05/25 00:41:36.304, 2, 0, 10088
2026/05/25 00:41:36.306, 3, 0, 10088
2026/05/25 00:41:51.433, 0, 8, 10490
2026/05/25 00:41:51.435, 1, 0, 10088
2026/05/25 00:41:51.437, 2, 0, 10088
2026/05/25 00:41:51.438, 3, 0, 10088
2026/05/25 00:42:06.726, 0, 9, 10490
2026/05/25 00:42:06.728, 1, 0, 10088
2026/05/25 00:42:06.729, 2, 0, 10088
2026/05/25 00:42:06.730, 3, 0, 10088
2026/05/25 00:42:21.814, 0, 8, 10490
2026/05/25 00:42:21.816, 1, 0, 10088
2026/05/25 00:42:21.817, 2, 0, 10088
2026/05/25 00:42:21.818, 3, 0, 10088
2026/05/25 00:42:36.902, 0, 100, 10490
2026/05/25 00:42:36.904, 1, 100, 10088
2026/05/25 00:42:36.905, 2, 100, 10088
2026/05/25 00:42:36.906, 3, 0, 10088
2026/05/25 00:42:52.006, 0, 9, 10490
2026/05/25 00:42:52.008, 1, 0, 10088
2026/05/25 00:42:52.010, 2, 0, 10088
2026/05/25 00:42:52.011, 3, 0, 10088
2026/05/25 00:43:07.093, 0, 4, 10490
2026/05/25 00:43:07.095, 1, 0, 10088
2026/05/25 00:43:07.097, 2, 0, 10088
2026/05/25 00:43:07.098, 3, 0, 10088
2026/05/25 00:43:22.405, 0, 0, 10490
2026/05/25 00:43:22.408, 1, 0, 10088
2026/05/25 00:43:22.409, 2, 0, 10088
2026/05/25 00:43:22.410, 3, 0, 10088
2026/05/25 00:43:37.652, 0, 100, 10490
2026/05/25 00:43:37.655, 1, 100, 10088
2026/05/25 00:43:37.657, 2, 25, 10088
2026/05/25 00:43:37.660, 3, 100, 10088
2026/05/25 00:43:52.838, 0, 9, 10490
2026/05/25 00:43:52.840, 1, 73, 10088
2026/05/25 00:43:52.841, 2, 0, 10088
2026/05/25 00:43:52.842, 3, 0, 10088
2026/05/25 00:44:07.926, 0, 8, 10490
2026/05/25 00:44:07.928, 1, 0, 10088
2026/05/25 00:44:07.930, 2, 0, 10088
2026/05/25 00:44:07.931, 3, 0, 10088
2026/05/25 00:44:23.013, 0, 9, 10490
2026/05/25 00:44:23.016, 1, 0, 10088
2026/05/25 00:44:23.017, 2, 0, 10088
2026/05/25 00:44:23.018, 3, 0, 10088
2026/05/25 00:44:38.103, 0, 1, 10490
2026/05/25 00:44:38.105, 1, 0, 10088
2026/05/25 00:44:38.106, 2, 0, 10088
2026/05/25 00:44:38.108, 3, 0, 10088
2026/05/25 00:44:53.497, 0, 4, 10490
2026/05/25 00:44:53.499, 1, 0, 10088
2026/05/25 00:44:53.500, 2, 0, 10088
2026/05/25 00:44:53.501, 3, 0, 10088
2026/05/25 00:45:08.683, 0, 3, 10490
2026/05/25 00:45:08.685, 1, 0, 10088
2026/05/25 00:45:08.686, 2, 0, 10088
2026/05/25 00:45:08.687, 3, 0, 10088
2026/05/25 00:45:23.786, 0, 8, 10490
2026/05/25 00:45:23.788, 1, 0, 10088
2026/05/25 00:45:23.789, 2, 0, 10088
2026/05/25 00:45:23.791, 3, 0, 10088
2026/05/25 00:45:38.890, 0, 13, 10490
2026/05/25 00:45:38.892, 1, 0, 10088
2026/05/25 00:45:38.893, 2, 0, 10088
2026/05/25 00:45:38.895, 3, 0, 10088
2026/05/25 00:45:53.998, 0, 100, 10490
2026/05/25 00:45:54.000, 1, 100, 10088
2026/05/25 00:45:54.002, 2, 0, 10088
2026/05/25 00:45:54.003, 3, 0, 10088
2026/05/25 00:46:09.138, 0, 100, 10490
2026/05/25 00:46:09.142, 1, 100, 10088
2026/05/25 00:46:09.145, 2, 100, 10088
2026/05/25 00:46:09.149, 3, 97, 10088
2026/05/25 00:46:24.245, 0, 3, 10490
2026/05/25 00:46:24.247, 1, 0, 10088
2026/05/25 00:46:24.249, 2, 0, 10088
2026/05/25 00:46:24.250, 3, 0, 10088
2026/05/25 00:46:39.363, 0, 100, 10490
2026/05/25 00:46:39.367, 1, 0, 10088
2026/05/25 00:46:39.368, 2, 0, 10088
2026/05/25 00:46:39.370, 3, 0, 10088
2026/05/25 00:46:54.474, 0, 13, 10490
2026/05/25 00:46:54.476, 1, 0, 10088
2026/05/25 00:46:54.477, 2, 0, 10088
2026/05/25 00:46:54.478, 3, 0, 10088
2026/05/25 00:47:09.598, 0, 100, 10490
2026/05/25 00:47:09.601, 1, 100, 10088
2026/05/25 00:47:09.604, 2, 100, 10088
2026/05/25 00:47:09.608, 3, 0, 10088
2026/05/25 00:47:24.689, 0, 2, 10490
2026/05/25 00:47:24.691, 1, 0, 10088
2026/05/25 00:47:24.692, 2, 0, 10088
2026/05/25 00:47:24.693, 3, 0, 10088
2026/05/25 00:47:39.785, 0, 100, 10490
2026/05/25 00:47:39.787, 1, 100, 10088
2026/05/25 00:47:39.789, 2, 100, 10088
2026/05/25 00:47:39.790, 3, 100, 10088
2026/05/25 00:47:54.873, 0, 8, 10490
2026/05/25 00:47:54.875, 1, 0, 10088
2026/05/25 00:47:54.877, 2, 0, 10088
2026/05/25 00:47:54.878, 3, 0, 10088
2026/05/25 00:48:09.982, 0, 16, 10490
2026/05/25 00:48:09.985, 1, 0, 10088
2026/05/25 00:48:09.986, 2, 0, 10088
2026/05/25 00:48:09.987, 3, 0, 10088
2026/05/25 00:48:25.094, 0, 9, 10490
2026/05/25 00:48:25.096, 1, 0, 10088
2026/05/25 00:48:25.097, 2, 0, 10088
2026/05/25 00:48:25.098, 3, 0, 10088
2026/05/25 00:48:40.343, 0, 100, 10490
2026/05/25 00:48:40.347, 1, 55, 10088
2026/05/25 00:48:40.351, 2, 0, 10088
2026/05/25 00:48:40.352, 3, 0, 10088
2026/05/25 00:48:55.553, 0, 9, 10490
2026/05/25 00:48:55.555, 1, 0, 10088
2026/05/25 00:48:55.556, 2, 0, 10088
2026/05/25 00:48:55.558, 3, 0, 10088
2026/05/25 00:49:10.689, 0, 10, 10490
2026/05/25 00:49:10.693, 1, 0, 10088
2026/05/25 00:49:10.696, 2, 85, 10088
2026/05/25 00:49:10.700, 3, 0, 10088
2026/05/25 00:49:25.814, 0, 11, 10490
2026/05/25 00:49:25.817, 1, 0, 10088
2026/05/25 00:49:25.818, 2, 0, 10088
2026/05/25 00:49:25.819, 3, 0, 10088
2026/05/25 00:49:41.380, 0, 100, 10490
2026/05/25 00:49:41.383, 1, 70, 10088
2026/05/25 00:49:41.386, 2, 100, 10088
2026/05/25 00:49:41.388, 3, 10, 10088
2026/05/25 00:49:56.955, 0, 9, 10490
2026/05/25 00:49:56.959, 1, 0, 10088
2026/05/25 00:49:56.963, 2, 100, 10088
2026/05/25 00:49:56.967, 3, 0, 10088
2026/05/25 00:50:12.081, 0, 65, 10490
2026/05/25 00:50:12.083, 1, 100, 10088
2026/05/25 00:50:12.085, 2, 0, 10088
2026/05/25 00:50:12.086, 3, 100, 10088
2026/05/25 00:50:27.169, 0, 100, 10490
2026/05/25 00:50:27.171, 1, 0, 10088
2026/05/25 00:50:27.173, 2, 100, 10088
2026/05/25 00:50:27.174, 3, 0, 10088
2026/05/25 00:50:42.278, 0, 14, 10490
2026/05/25 00:50:42.280, 1, 0, 10088
2026/05/25 00:50:42.281, 2, 0, 10088
2026/05/25 00:50:42.283, 3, 0, 10088
2026/05/25 00:50:57.372, 0, 100, 10490
2026/05/25 00:50:57.375, 1, 0, 10088
2026/05/25 00:50:57.378, 2, 0, 10088
2026/05/25 00:50:57.430, 3, 0, 10088
2026/05/25 00:51:12.619, 0, 4, 10490
2026/05/25 00:51:12.620, 1, 0, 10088
2026/05/25 00:51:12.621, 2, 100, 10088
2026/05/25 00:51:12.622, 3, 0, 10088
2026/05/25 00:51:27.743, 0, 8, 10490
2026/05/25 00:51:27.747, 1, 0, 10088
2026/05/25 00:51:27.748, 2, 100, 10088
2026/05/25 00:51:27.752, 3, 0, 10088
2026/05/25 00:51:42.858, 0, 14, 10490
2026/05/25 00:51:42.860, 1, 0, 10088
2026/05/25 00:51:42.861, 2, 0, 10088
2026/05/25 00:51:42.863, 3, 0, 10088
2026/05/25 00:51:57.945, 0, 5, 10490
2026/05/25 00:51:57.947, 1, 0, 10088
2026/05/25 00:51:57.949, 2, 0, 10088
2026/05/25 00:51:57.950, 3, 0, 10088
2026/05/25 00:52:13.106, 0, 9, 10490
2026/05/25 00:52:13.108, 1, 0, 10088
2026/05/25 00:52:13.109, 2, 0, 10088
2026/05/25 00:52:13.110, 3, 0, 10088
2026/05/25 00:52:28.187, 0, 70, 10490
2026/05/25 00:52:28.189, 1, 0, 10088
2026/05/25 00:52:28.190, 2, 0, 10088
2026/05/25 00:52:28.191, 3, 100, 10088
2026/05/25 00:52:43.279, 0, 9, 10490
2026/05/25 00:52:43.283, 1, 100, 10088
2026/05/25 00:52:43.287, 2, 0, 10088
2026/05/25 00:52:43.288, 3, 0, 10088
2026/05/25 00:52:58.384, 0, 14, 10490
2026/05/25 00:52:58.386, 1, 0, 10088
2026/05/25 00:52:58.388, 2, 0, 10088
2026/05/25 00:52:58.389, 3, 0, 10088
2026/05/25 00:53:13.790, 0, 51, 10490
2026/05/25 00:53:13.792, 1, 100, 10088
2026/05/25 00:53:13.793, 2, 0, 10088
2026/05/25 00:53:13.795, 3, 100, 10088
2026/05/25 00:53:29.105, 0, 9, 10490
2026/05/25 00:53:29.107, 1, 0, 10088
2026/05/25 00:53:29.109, 2, 0, 10088
2026/05/25 00:53:29.110, 3, 0, 10088
2026/05/25 00:53:44.310, 0, 29, 10490
2026/05/25 00:53:44.312, 1, 100, 10088
2026/05/25 00:53:44.314, 2, 0, 10088
2026/05/25 00:53:44.315, 3, 0, 10088
2026/05/25 00:53:59.398, 0, 10, 10490
2026/05/25 00:53:59.400, 1, 0, 10088
2026/05/25 00:53:59.401, 2, 0, 10088
2026/05/25 00:53:59.403, 3, 0, 10088
2026/05/25 00:54:14.487, 0, 14, 10490
2026/05/25 00:54:14.489, 1, 0, 10088
2026/05/25 00:54:14.490, 2, 0, 10088
2026/05/25 00:54:14.492, 3, 0, 10088
2026/05/25 00:54:29.578, 0, 9, 10490
2026/05/25 00:54:29.580, 1, 0, 10088
2026/05/25 00:54:29.680, 2, 0, 10088
2026/05/25 00:54:29.681, 3, 0, 10088
2026/05/25 00:54:44.770, 0, 100, 10490
2026/05/25 00:54:44.772, 1, 100, 10088
2026/05/25 00:54:44.773, 2, 0, 10088
2026/05/25 00:54:44.774, 3, 100, 10088
2026/05/25 00:54:59.869, 0, 9, 10490
2026/05/25 00:54:59.873, 1, 0, 10088
2026/05/25 00:54:59.877, 2, 0, 10088
2026/05/25 00:54:59.881, 3, 0, 10088
2026/05/25 00:55:15.022, 0, 9, 10490
2026/05/25 00:55:15.024, 1, 0, 10088
2026/05/25 00:55:15.025, 2, 0, 10088
2026/05/25 00:55:15.026, 3, 0, 10088
2026/05/25 00:55:30.324, 0, 14, 10490
2026/05/25 00:55:30.326, 1, 0, 10088
2026/05/25 00:55:30.328, 2, 0, 10088
2026/05/25 00:55:30.329, 3, 0, 10088
2026/05/25 00:55:45.431, 0, 9, 10490
2026/05/25 00:55:45.433, 1, 0, 10088
2026/05/25 00:55:45.434, 2, 0, 10088
2026/05/25 00:55:45.435, 3, 0, 10088
2026/05/25 00:56:00.521, 0, 5, 10490
2026/05/25 00:56:00.523, 1, 0, 10088
2026/05/25 00:56:00.524, 2, 0, 10088
2026/05/25 00:56:00.526, 3, 0, 10088
2026/05/25 00:56:15.610, 0, 5, 10490
2026/05/25 00:56:15.612, 1, 0, 10088
2026/05/25 00:56:15.614, 2, 0, 10088
2026/05/25 00:56:15.615, 3, 0, 10088
2026/05/25 00:56:30.944, 0, 100, 10490
2026/05/25 00:56:30.946, 1, 100, 10088
2026/05/25 00:56:30.947, 2, 100, 10088
2026/05/25 00:56:30.948, 3, 100, 10088
2026/05/25 00:56:46.030, 0, 10, 10490
2026/05/25 00:56:46.032, 1, 0, 10088
2026/05/25 00:56:46.033, 2, 0, 10088
2026/05/25 00:56:46.035, 3, 0, 10088
2026/05/25 00:57:01.177, 0, 100, 10490
2026/05/25 00:57:01.180, 1, 100, 10088
2026/05/25 00:57:01.183, 2, 100, 10088
2026/05/25 00:57:01.187, 3, 0, 10088
2026/05/25 00:57:16.280, 0, 100, 10490
2026/05/25 00:57:16.283, 1, 82, 10088
2026/05/25 00:57:16.285, 2, 100, 10088
2026/05/25 00:57:16.288, 3, 0, 10088
2026/05/25 00:57:31.499, 0, 6, 10490
2026/05/25 00:57:31.501, 1, 0, 10088
2026/05/25 00:57:31.502, 2, 100, 10088
2026/05/25 00:57:31.503, 3, 0, 10088
2026/05/25 00:57:46.646, 0, 100, 10490
2026/05/25 00:57:46.648, 1, 100, 10088
2026/05/25 00:57:46.649, 2, 97, 10088
2026/05/25 00:57:46.651, 3, 0, 10088
2026/05/25 00:58:01.734, 0, 9, 10490
2026/05/25 00:58:01.736, 1, 0, 10088
2026/05/25 00:58:01.737, 2, 0, 10088
2026/05/25 00:58:01.739, 3, 0, 10088
2026/05/25 00:58:16.825, 0, 0, 10490
2026/05/25 00:58:16.827, 1, 0, 10088
2026/05/25 00:58:16.829, 2, 0, 10088
2026/05/25 00:58:16.830, 3, 0, 10088
2026/05/25 00:58:32.103, 0, 9, 10490
2026/05/25 00:58:32.105, 1, 0, 10088
2026/05/25 00:58:32.107, 2, 0, 10088
2026/05/25 00:58:32.108, 3, 0, 10088
2026/05/25 00:58:47.194, 0, 9, 10490
2026/05/25 00:58:47.196, 1, 0, 10088
2026/05/25 00:58:47.197, 2, 0, 10088
2026/05/25 00:58:47.198, 3, 0, 10088
2026/05/25 00:59:02.298, 0, 100, 10490
2026/05/25 00:59:02.300, 1, 0, 10088
2026/05/25 00:59:02.301, 2, 0, 10088
2026/05/25 00:59:02.303, 3, 0, 10088
2026/05/25 00:59:17.477, 0, 89, 10490
2026/05/25 00:59:17.481, 1, 0, 10088
2026/05/25 00:59:17.484, 2, 0, 10088
2026/05/25 00:59:17.487, 3, 0, 10088
2026/05/25 00:59:32.780, 0, 2, 10490
2026/05/25 00:59:32.782, 1, 0, 10088
2026/05/25 00:59:32.783, 2, 0, 10088
2026/05/25 00:59:32.784, 3, 0, 10088
2026/05/25 00:59:47.909, 0, 100, 10490
2026/05/25 00:59:47.911, 1, 100, 10088
2026/05/25 00:59:47.913, 2, 0, 10088
2026/05/25 00:59:47.914, 3, 0, 10088
2026/05/25 01:00:03.070, 0, 100, 10490
2026/05/25 01:00:03.074, 1, 100, 10088
2026/05/25 01:00:03.077, 2, 0, 10088
2026/05/25 01:00:03.081, 3, 0, 10088
2026/05/25 01:00:18.251, 0, 5, 10490
2026/05/25 01:00:18.255, 1, 0, 10088
2026/05/25 01:00:18.259, 2, 0, 10088
2026/05/25 01:00:18.260, 3, 0, 10088
2026/05/25 01:00:33.418, 0, 1, 10490
2026/05/25 01:00:33.420, 1, 0, 10088
2026/05/25 01:00:33.422, 2, 0, 10088
2026/05/25 01:00:33.423, 3, 0, 10088
2026/05/25 01:00:48.582, 0, 8, 10490
2026/05/25 01:00:48.584, 1, 0, 10088
2026/05/25 01:00:48.585, 2, 0, 10088
2026/05/25 01:00:48.587, 3, 0, 10088
2026/05/25 01:01:03.683, 0, 100, 10490
2026/05/25 01:01:03.688, 1, 100, 10088
2026/05/25 01:01:03.689, 2, 100, 10088
2026/05/25 01:01:03.693, 3, 20, 10088
2026/05/25 01:01:18.820, 0, 9, 10490
2026/05/25 01:01:18.824, 1, 0, 10088
2026/05/25 01:01:18.827, 2, 66, 10088
2026/05/25 01:01:18.831, 3, 0, 10088
2026/05/25 01:01:33.942, 0, 14, 10490
2026/05/25 01:01:33.944, 1, 0, 10088
2026/05/25 01:01:33.946, 2, 0, 10088
2026/05/25 01:01:33.947, 3, 0, 10088
2026/05/25 01:01:49.042, 0, 9, 10490
2026/05/25 01:01:49.044, 1, 0, 10088
2026/05/25 01:01:49.045, 2, 0, 10088
2026/05/25 01:01:49.047, 3, 0, 10088
2026/05/25 01:02:04.147, 0, 68, 10490
2026/05/25 01:02:04.152, 1, 100, 10088
2026/05/25 01:02:04.155, 2, 100, 10088
2026/05/25 01:02:04.158, 3, 68, 10088
2026/05/25 01:02:19.264, 0, 7, 10490
2026/05/25 01:02:19.268, 1, 100, 10088
2026/05/25 01:02:19.270, 2, 100, 10088
2026/05/25 01:02:19.274, 3, 0, 10088
2026/05/25 01:02:34.615, 0, 100, 10490
2026/05/25 01:02:34.618, 1, 24, 10088
2026/05/25 01:02:34.621, 2, 0, 10088
2026/05/25 01:02:34.623, 3, 100, 10088
2026/05/25 01:02:49.878, 0, 10, 10490
2026/05/25 01:02:49.880, 1, 0, 10088
2026/05/25 01:02:49.881, 2, 0, 10088
2026/05/25 01:02:49.883, 3, 0, 10088
2026/05/25 01:03:05.154, 0, 100, 10490
2026/05/25 01:03:05.158, 1, 100, 10088
2026/05/25 01:03:05.162, 2, 0, 10088
2026/05/25 01:03:05.174, 3, 0, 10088
2026/05/25 01:03:20.311, 0, 8, 10490
2026/05/25 01:03:20.315, 1, 100, 10088
2026/05/25 01:03:20.317, 2, 0, 10088
2026/05/25 01:03:20.319, 3, 0, 10088
2026/05/25 01:03:35.439, 0, 10, 10490
2026/05/25 01:03:35.444, 1, 100, 10088
2026/05/25 01:03:35.446, 2, 0, 10088
2026/05/25 01:03:35.449, 3, 0, 10088
2026/05/25 01:03:50.558, 0, 8, 10490
2026/05/25 01:03:50.560, 1, 0, 10088
2026/05/25 01:03:50.562, 2, 100, 10088
2026/05/25 01:03:50.563, 3, 0, 10088
2026/05/25 01:04:05.846, 0, 0, 10490
2026/05/25 01:04:05.848, 1, 0, 10088
2026/05/25 01:04:05.849, 2, 0, 10088
2026/05/25 01:04:05.850, 3, 0, 10088
2026/05/25 01:04:20.971, 0, 100, 10490
2026/05/25 01:04:20.974, 1, 100, 10088
2026/05/25 01:04:20.977, 2, 100, 10088
2026/05/25 01:04:20.981, 3, 58, 10088
2026/05/25 01:04:36.120, 0, 100, 10490
2026/05/25 01:04:36.122, 1, 100, 10088
2026/05/25 01:04:36.125, 2, 100, 10088
2026/05/25 01:04:36.129, 3, 0, 10088
2026/05/25 01:04:51.350, 0, 8, 10490
2026/05/25 01:04:51.353, 1, 97, 10088
2026/05/25 01:04:51.357, 2, 0, 10088
2026/05/25 01:04:51.358, 3, 0, 10088
2026/05/25 01:05:06.669, 0, 21, 10490
2026/05/25 01:05:06.671, 1, 100, 10088
2026/05/25 01:05:06.672, 2, 100, 10088
2026/05/25 01:05:06.673, 3, 100, 10088
2026/05/25 01:05:21.754, 0, 14, 10490
2026/05/25 01:05:21.756, 1, 0, 10088
2026/05/25 01:05:21.758, 2, 0, 10088
2026/05/25 01:05:21.759, 3, 0, 10088
2026/05/25 01:05:36.900, 0, 100, 10490
2026/05/25 01:05:36.903, 1, 100, 10088
2026/05/25 01:05:36.906, 2, 100, 10088
2026/05/25 01:05:36.908, 3, 0, 10088
2026/05/25 01:05:52.081, 0, 10, 10490
2026/05/25 01:05:52.085, 1, 0, 10088
2026/05/25 01:05:52.088, 2, 90, 10088
2026/05/25 01:05:52.091, 3, 0, 10088
2026/05/25 01:06:07.189, 0, 4, 10490
2026/05/25 01:06:07.192, 1, 0, 10088
2026/05/25 01:06:07.193, 2, 0, 10088
2026/05/25 01:06:07.194, 3, 0, 10088
2026/05/25 01:06:22.277, 0, 7, 10490
2026/05/25 01:06:22.279, 1, 0, 10088
2026/05/25 01:06:22.281, 2, 0, 10088
2026/05/25 01:06:22.282, 3, 0, 10088
2026/05/25 01:06:37.382, 0, 14, 10490
2026/05/25 01:06:37.384, 1, 0, 10088
2026/05/25 01:06:37.385, 2, 0, 10088
2026/05/25 01:06:37.387, 3, 0, 10088
2026/05/25 01:06:52.512, 0, 100, 10490
2026/05/25 01:06:52.516, 1, 100, 10088
2026/05/25 01:06:52.519, 2, 0, 10088
2026/05/25 01:06:52.524, 3, 0, 10088
2026/05/25 01:07:07.613, 0, 9, 10490
2026/05/25 01:07:07.616, 1, 0, 10088
2026/05/25 01:07:07.617, 2, 0, 10088
2026/05/25 01:07:07.618, 3, 0, 10088
2026/05/25 01:07:22.743, 0, 1, 10490
2026/05/25 01:07:22.748, 1, 0, 10088
2026/05/25 01:07:22.752, 2, 0, 10088
2026/05/25 01:07:22.755, 3, 0, 10088
2026/05/25 01:07:38.068, 0, 21, 10490
2026/05/25 01:07:38.070, 1, 100, 10088
2026/05/25 01:07:38.071, 2, 0, 10088
2026/05/25 01:07:38.072, 3, 100, 10088
2026/05/25 01:07:53.153, 0, 9, 10490
2026/05/25 01:07:53.155, 1, 0, 10088
2026/05/25 01:07:53.157, 2, 0, 10088
2026/05/25 01:07:53.158, 3, 0, 10088
2026/05/25 01:08:08.279, 0, 3, 10490
2026/05/25 01:08:08.281, 1, 100, 10088
2026/05/25 01:08:08.283, 2, 0, 10088
2026/05/25 01:08:08.284, 3, 0, 10088
2026/05/25 01:08:23.374, 0, 9, 10490
2026/05/25 01:08:23.376, 1, 0, 10088
2026/05/25 01:08:23.378, 2, 0, 10088
2026/05/25 01:08:23.379, 3, 0, 10088
2026/05/25 01:08:38.740, 0, 0, 10490
2026/05/25 01:08:38.742, 1, 0, 10088
2026/05/25 01:08:38.743, 2, 0, 10088
2026/05/25 01:08:38.744, 3, 0, 10088
2026/05/25 01:08:53.839, 0, 100, 10490
2026/05/25 01:08:53.844, 1, 100, 10088
2026/05/25 01:08:53.847, 2, 100, 10088
2026/05/25 01:08:53.850, 3, 100, 10088
2026/05/25 01:09:08.949, 0, 9, 10490
2026/05/25 01:09:08.954, 1, 0, 10088
2026/05/25 01:09:08.956, 2, 0, 10088
2026/05/25 01:09:08.957, 3, 0, 10088
2026/05/25 01:09:24.081, 0, 6, 10490
2026/05/25 01:09:24.083, 1, 0, 10088
2026/05/25 01:09:24.085, 2, 0, 10088
2026/05/25 01:09:24.086, 3, 0, 10088
2026/05/25 01:09:39.665, 0, 0, 10490
2026/05/25 01:09:39.667, 1, 100, 10088
2026/05/25 01:09:39.668, 2, 100, 10088
2026/05/25 01:09:39.669, 3, 0, 10088
2026/05/25 01:09:54.901, 0, 9, 10490
2026/05/25 01:09:54.904, 1, 0, 10088
2026/05/25 01:09:54.905, 2, 0, 10088
2026/05/25 01:09:54.906, 3, 0, 10088
2026/05/25 01:10:10.006, 0, 17, 10490
2026/05/25 01:10:10.008, 1, 0, 10088
2026/05/25 01:10:10.009, 2, 0, 10088
2026/05/25 01:10:10.010, 3, 0, 10088
2026/05/25 01:10:25.095, 0, 9, 10490
2026/05/25 01:10:25.097, 1, 0, 10088
2026/05/25 01:10:25.098, 2, 0, 10088
2026/05/25 01:10:25.099, 3, 0, 10088
2026/05/25 01:10:40.185, 0, 6, 10490
2026/05/25 01:10:40.187, 1, 68, 10088
2026/05/25 01:10:40.188, 2, 0, 10088
2026/05/25 01:10:40.190, 3, 0, 10088
2026/05/25 01:10:55.370, 0, 6, 10490
2026/05/25 01:10:55.372, 1, 0, 10088
2026/05/25 01:10:55.373, 2, 0, 10088
2026/05/25 01:10:55.374, 3, 0, 10088
2026/05/25 01:11:10.466, 0, 100, 10490
2026/05/25 01:11:10.469, 1, 100, 10088
2026/05/25 01:11:10.470, 2, 96, 10088
2026/05/25 01:11:10.473, 3, 100, 10088
2026/05/25 01:11:25.561, 0, 13, 10490
2026/05/25 01:11:25.563, 1, 0, 10088
2026/05/25 01:11:25.564, 2, 0, 10088
2026/05/25 01:11:25.566, 3, 0, 10088
2026/05/25 01:11:40.649, 0, 10, 10490
2026/05/25 01:11:40.651, 1, 0, 10088
2026/05/25 01:11:40.653, 2, 0, 10088
2026/05/25 01:11:40.654, 3, 0, 10088
2026/05/25 01:11:56.011, 0, 4, 10490
2026/05/25 01:11:56.012, 1, 0, 10088
2026/05/25 01:11:56.013, 2, 0, 10088
2026/05/25 01:11:56.014, 3, 0, 10088
2026/05/25 01:12:11.115, 0, 6, 10490
2026/05/25 01:12:11.118, 1, 0, 10088
2026/05/25 01:12:11.121, 2, 0, 10088
2026/05/25 01:12:11.122, 3, 0, 10088
2026/05/25 01:12:26.201, 0, 9, 10490
2026/05/25 01:12:26.203, 1, 5, 10088
2026/05/25 01:12:26.204, 2, 0, 10088
2026/05/25 01:12:26.205, 3, 0, 10088
2026/05/25 01:12:41.306, 0, 14, 10490
2026/05/25 01:12:41.308, 1, 0, 10088
2026/05/25 01:12:41.310, 2, 0, 10088
2026/05/25 01:12:41.311, 3, 0, 10088
2026/05/25 01:12:56.643, 0, 2, 10490
2026/05/25 01:12:56.645, 1, 0, 10088
2026/05/25 01:12:56.646, 2, 0, 10088
2026/05/25 01:12:56.647, 3, 0, 10088
2026/05/25 01:13:11.791, 0, 100, 10490
2026/05/25 01:13:11.793, 1, 100, 10088
2026/05/25 01:13:11.794, 2, 0, 10088
2026/05/25 01:13:11.795, 3, 0, 10088
2026/05/25 01:13:26.889, 0, 9, 10490
2026/05/25 01:13:26.893, 1, 0, 10088
2026/05/25 01:13:26.896, 2, 100, 10088
2026/05/25 01:13:26.900, 3, 0, 10088
2026/05/25 01:13:41.994, 0, 10, 10490
2026/05/25 01:13:41.996, 1, 0, 10088
2026/05/25 01:13:41.997, 2, 0, 10088
2026/05/25 01:13:41.999, 3, 0, 10088
2026/05/25 01:13:57.253, 0, 1, 10490
2026/05/25 01:13:57.255, 1, 0, 10088
2026/05/25 01:13:57.256, 2, 0, 10088
2026/05/25 01:13:57.258, 3, 0, 10088
2026/05/25 01:14:12.627, 0, 3, 10490
2026/05/25 01:14:12.629, 1, 0, 10088
2026/05/25 01:14:12.630, 2, 0, 10088
2026/05/25 01:14:12.631, 3, 0, 10088
2026/05/25 01:14:27.754, 0, 100, 10490
2026/05/25 01:14:27.758, 1, 100, 10088
2026/05/25 01:14:27.762, 2, 0, 10088
2026/05/25 01:14:27.763, 3, 0, 10088
2026/05/25 01:14:42.853, 0, 0, 10490
2026/05/25 01:14:42.855, 1, 0, 10088
2026/05/25 01:14:42.856, 2, 0, 10088
2026/05/25 01:14:42.858, 3, 0, 10088
2026/05/25 01:14:57.950, 0, 71, 10490
2026/05/25 01:14:57.955, 1, 100, 10088
2026/05/25 01:14:57.958, 2, 100, 10088
2026/05/25 01:14:57.961, 3, 0, 10088
2026/05/25 01:15:13.057, 0, 4, 10490
2026/05/25 01:15:13.059, 1, 0, 10088
2026/05/25 01:15:13.061, 2, 0, 10088
2026/05/25 01:15:13.062, 3, 0, 10088
2026/05/25 01:15:28.192, 0, 0, 10490
2026/05/25 01:15:28.195, 1, 0, 10088
2026/05/25 01:15:28.196, 2, 0, 10088
2026/05/25 01:15:28.198, 3, 0, 10088
2026/05/25 01:15:43.365, 0, 1, 10490
2026/05/25 01:15:43.367, 1, 0, 10088
2026/05/25 01:15:43.368, 2, 0, 10088
2026/05/25 01:15:43.370, 3, 0, 10088
2026/05/25 01:15:58.856, 0, 24, 10490
2026/05/25 01:15:58.858, 1, 100, 10088
2026/05/25 01:15:58.859, 2, 0, 10088
2026/05/25 01:15:58.860, 3, 100, 10088
2026/05/25 01:16:13.948, 0, 100, 10490
2026/05/25 01:16:13.952, 1, 100, 10088
2026/05/25 01:16:13.956, 2, 100, 10088
2026/05/25 01:16:13.959, 3, 98, 10088
2026/05/25 01:16:29.078, 0, 13, 10490
2026/05/25 01:16:29.080, 1, 0, 10088
2026/05/25 01:16:29.081, 2, 0, 10088
2026/05/25 01:16:29.083, 3, 0, 10088
2026/05/25 01:16:44.199, 0, 0, 10490
2026/05/25 01:16:44.204, 1, 0, 10088
2026/05/25 01:16:44.208, 2, 100, 10088
2026/05/25 01:16:44.210, 3, 0, 10088
2026/05/25 01:16:59.309, 0, 9, 10490
2026/05/25 01:16:59.311, 1, 0, 10088
2026/05/25 01:16:59.313, 2, 0, 10088
2026/05/25 01:16:59.314, 3, 0, 10088
2026/05/25 01:17:14.397, 0, 100, 10490
2026/05/25 01:17:14.399, 1, 0, 10088
2026/05/25 01:17:14.401, 2, 0, 10088
2026/05/25 01:17:14.402, 3, 0, 10088
2026/05/25 01:17:29.502, 0, 13, 10490
2026/05/25 01:17:29.504, 1, 0, 10088
2026/05/25 01:17:29.505, 2, 0, 10088
2026/05/25 01:17:29.507, 3, 0, 10088
2026/05/25 01:17:44.592, 0, 7, 10490
2026/05/25 01:17:44.594, 1, 0, 10088
2026/05/25 01:17:44.596, 2, 0, 10088
2026/05/25 01:17:44.598, 3, 0, 10088
2026/05/25 01:17:59.972, 0, 9, 10490
2026/05/25 01:17:59.974, 1, 0, 10088
2026/05/25 01:17:59.976, 2, 0, 10088
2026/05/25 01:17:59.977, 3, 0, 10088
2026/05/25 01:18:15.061, 0, 8, 10490
2026/05/25 01:18:15.063, 1, 0, 10088
2026/05/25 01:18:15.065, 2, 0, 10088
2026/05/25 01:18:15.066, 3, 0, 10088
2026/05/25 01:18:30.149, 0, 8, 10490
2026/05/25 01:18:30.151, 1, 0, 10088
2026/05/25 01:18:30.153, 2, 0, 10088
2026/05/25 01:18:30.154, 3, 0, 10088
2026/05/25 01:18:45.276, 0, 13, 10490
2026/05/25 01:18:45.278, 1, 0, 10088
2026/05/25 01:18:45.279, 2, 0, 10088
2026/05/25 01:18:45.281, 3, 0, 10088
2026/05/25 01:19:00.542, 0, 9, 10490
2026/05/25 01:19:00.544, 1, 0, 10088
2026/05/25 01:19:00.545, 2, 0, 10088
2026/05/25 01:19:00.547, 3, 0, 10088
2026/05/25 01:19:15.668, 0, 8, 10490
2026/05/25 01:19:15.670, 1, 0, 10088
2026/05/25 01:19:15.671, 2, 0, 10088
2026/05/25 01:19:15.672, 3, 0, 10088
2026/05/25 01:19:30.779, 0, 100, 10490
2026/05/25 01:19:30.782, 1, 100, 10088
2026/05/25 01:19:30.785, 2, 0, 10088
2026/05/25 01:19:30.787, 3, 0, 10088
2026/05/25 01:19:45.899, 0, 5, 10490
2026/05/25 01:19:45.903, 1, 0, 10088
2026/05/25 01:19:45.904, 2, 0, 10088
2026/05/25 01:19:45.906, 3, 0, 10088
2026/05/25 01:20:01.086, 0, 8, 10490
2026/05/25 01:20:01.088, 1, 0, 10088
2026/05/25 01:20:01.089, 2, 0, 10088
2026/05/25 01:20:01.090, 3, 0, 10088
2026/05/25 01:20:16.169, 0, 8, 10490
2026/05/25 01:20:16.171, 1, 0, 10088
2026/05/25 01:20:16.172, 2, 0, 10088
2026/05/25 01:20:16.173, 3, 0, 10088
2026/05/25 01:20:31.289, 0, 100, 10490
2026/05/25 01:20:31.291, 1, 100, 10088
2026/05/25 01:20:31.293, 2, 0, 10088
2026/05/25 01:20:31.294, 3, 0, 10088
2026/05/25 01:20:46.407, 0, 22, 10490
2026/05/25 01:20:46.409, 1, 100, 10088
2026/05/25 01:20:46.412, 2, 100, 10088
2026/05/25 01:20:46.415, 3, 0, 10088
2026/05/25 01:21:01.702, 0, 8, 10490
2026/05/25 01:21:01.705, 1, 0, 10088
2026/05/25 01:21:01.706, 2, 0, 10088
2026/05/25 01:21:01.707, 3, 0, 10088
2026/05/25 01:21:16.794, 0, 9, 10490
2026/05/25 01:21:16.796, 1, 0, 10088
2026/05/25 01:21:16.798, 2, 0, 10088
2026/05/25 01:21:16.799, 3, 0, 10088
2026/05/25 01:21:31.905, 0, 9, 10490
2026/05/25 01:21:31.907, 1, 0, 10088
2026/05/25 01:21:31.909, 2, 0, 10088
2026/05/25 01:21:31.910, 3, 0, 10088
2026/05/25 01:21:47.019, 0, 9, 10490
2026/05/25 01:21:47.021, 1, 0, 10088
2026/05/25 01:21:47.022, 2, 0, 10088
2026/05/25 01:21:47.023, 3, 0, 10088
2026/05/25 01:22:02.210, 0, 2, 10490
2026/05/25 01:22:02.212, 1, 0, 10088
2026/05/25 01:22:02.213, 2, 0, 10088
2026/05/25 01:22:02.214, 3, 0, 10088
2026/05/25 01:22:17.494, 0, 14, 10490
2026/05/25 01:22:17.496, 1, 0, 10088
2026/05/25 01:22:17.497, 2, 0, 10088
2026/05/25 01:22:17.498, 3, 0, 10088
2026/05/25 01:22:32.577, 0, 8, 10490
2026/05/25 01:22:32.579, 1, 0, 10088
2026/05/25 01:22:32.580, 2, 0, 10088
2026/05/25 01:22:32.582, 3, 0, 10088
2026/05/25 01:22:47.665, 0, 9, 10490
2026/05/25 01:22:47.667, 1, 0, 10088
2026/05/25 01:22:47.669, 2, 0, 10088
2026/05/25 01:22:47.670, 3, 0, 10088
2026/05/25 01:23:02.791, 0, 10, 10490
2026/05/25 01:23:02.794, 1, 0, 10088
2026/05/25 01:23:02.798, 2, 0, 10088
2026/05/25 01:23:02.800, 3, 0, 10088
2026/05/25 01:23:17.981, 0, 4, 10490
2026/05/25 01:23:17.983, 1, 0, 10088
2026/05/25 01:23:17.985, 2, 0, 10088
2026/05/25 01:23:17.986, 3, 0, 10088
2026/05/25 01:23:33.086, 0, 13, 10490
2026/05/25 01:23:33.088, 1, 0, 10088
2026/05/25 01:23:33.089, 2, 0, 10088
2026/05/25 01:23:33.091, 3, 0, 10088
2026/05/25 01:23:48.192, 0, 100, 10490
2026/05/25 01:23:48.196, 1, 0, 10088
2026/05/25 01:23:48.200, 2, 100, 10088
2026/05/25 01:23:48.202, 3, 99, 10088
2026/05/25 01:24:03.321, 0, 7, 10490
2026/05/25 01:24:03.325, 1, 0, 10088
2026/05/25 01:24:03.328, 2, 0, 10088
2026/05/25 01:24:03.331, 3, 0, 10088
2026/05/25 01:24:18.559, 0, 0, 10490
2026/05/25 01:24:18.561, 1, 0, 10088
2026/05/25 01:24:18.562, 2, 0, 10088
2026/05/25 01:24:18.563, 3, 0, 10088
2026/05/25 01:24:33.649, 0, 100, 10490
2026/05/25 01:24:33.651, 1, 0, 10088
2026/05/25 01:24:33.653, 2, 31, 10088
2026/05/25 01:24:33.654, 3, 0, 10088
2026/05/25 01:24:48.754, 0, 13, 10490
2026/05/25 01:24:48.756, 1, 0, 10088
2026/05/25 01:24:48.758, 2, 0, 10088
2026/05/25 01:24:48.759, 3, 0, 10088
2026/05/25 01:25:03.914, 0, 100, 10490
2026/05/25 01:25:03.916, 1, 100, 10088
2026/05/25 01:25:03.917, 2, 100, 10088
2026/05/25 01:25:03.918, 3, 0, 10088
2026/05/25 01:25:19.292, 0, 52, 10490
2026/05/25 01:25:19.295, 1, 100, 10088
2026/05/25 01:25:19.298, 2, 66, 10088
2026/05/25 01:25:19.300, 3, 0, 10088
2026/05/25 01:25:34.411, 0, 9, 10490
2026/05/25 01:25:34.416, 1, 99, 10088
2026/05/25 01:25:34.419, 2, 0, 10088
2026/05/25 01:25:34.420, 3, 0, 10088
2026/05/25 01:25:49.511, 0, 100, 10490
2026/05/25 01:25:49.513, 1, 0, 10088
2026/05/25 01:25:49.514, 2, 0, 10088
2026/05/25 01:25:49.515, 3, 0, 10088
2026/05/25 01:26:04.618, 0, 14, 10490
2026/05/25 01:26:04.620, 1, 0, 10088
2026/05/25 01:26:04.621, 2, 0, 10088
2026/05/25 01:26:04.623, 3, 0, 10088
2026/05/25 01:26:19.919, 0, 1, 10490
2026/05/25 01:26:19.921, 1, 100, 10088
2026/05/25 01:26:19.922, 2, 0, 10088
2026/05/25 01:26:19.923, 3, 0, 10088
2026/05/25 01:26:35.262, 0, 9, 10490
2026/05/25 01:26:35.264, 1, 0, 10088
2026/05/25 01:26:35.265, 2, 0, 10088
2026/05/25 01:26:35.266, 3, 0, 10088
2026/05/25 01:26:50.372, 0, 100, 10490
2026/05/25 01:26:50.378, 1, 0, 10088
2026/05/25 01:26:50.381, 2, 100, 10088
2026/05/25 01:26:50.385, 3, 0, 10088
2026/05/25 01:27:05.473, 0, 100, 10490
2026/05/25 01:27:05.475, 1, 0, 10088
2026/05/25 01:27:05.476, 2, 100, 10088
2026/05/25 01:27:05.478, 3, 100, 10088
2026/05/25 01:27:20.578, 0, 13, 10490
2026/05/25 01:27:20.580, 1, 0, 10088
2026/05/25 01:27:20.582, 2, 0, 10088
2026/05/25 01:27:20.583, 3, 0, 10088
2026/05/25 01:27:35.746, 0, 1, 10490
2026/05/25 01:27:35.748, 1, 100, 10088
2026/05/25 01:27:35.749, 2, 100, 10088
2026/05/25 01:27:35.750, 3, 26, 10088
2026/05/25 01:27:51.025, 0, 100, 10490
2026/05/25 01:27:51.027, 1, 100, 10088
2026/05/25 01:27:51.029, 2, 100, 10088
2026/05/25 01:27:51.030, 3, 0, 10088
2026/05/25 01:28:06.114, 0, 8, 10490
2026/05/25 01:28:06.116, 1, 100, 10088
2026/05/25 01:28:06.117, 2, 0, 10088
2026/05/25 01:28:06.118, 3, 78, 10088
2026/05/25 01:28:21.218, 0, 0, 10490
2026/05/25 01:28:21.220, 1, 0, 10088
2026/05/25 01:28:21.221, 2, 0, 10088
2026/05/25 01:28:21.223, 3, 0, 10088
2026/05/25 01:28:36.497, 0, 9, 10490
2026/05/25 01:28:36.499, 1, 0, 10088
2026/05/25 01:28:36.501, 2, 0, 10088
2026/05/25 01:28:36.502, 3, 0, 10088
2026/05/25 01:28:51.586, 0, 100, 10490
2026/05/25 01:28:51.588, 1, 100, 10088
2026/05/25 01:28:51.589, 2, 0, 10088
2026/05/25 01:28:51.590, 3, 0, 10088
2026/05/25 01:29:06.708, 0, 100, 10490
2026/05/25 01:29:06.712, 1, 100, 10088
2026/05/25 01:29:06.715, 2, 0, 10088
2026/05/25 01:29:06.718, 3, 0, 10088
2026/05/25 01:29:21.866, 0, 100, 10490
2026/05/25 01:29:21.869, 1, 53, 10088
2026/05/25 01:29:21.872, 2, 0, 10088
2026/05/25 01:29:21.875, 3, 0, 10088
2026/05/25 01:29:37.166, 0, 0, 10490
2026/05/25 01:29:37.168, 1, 0, 10088
2026/05/25 01:29:37.169, 2, 0, 10088
2026/05/25 01:29:37.171, 3, 0, 10088
2026/05/25 01:29:52.315, 0, 78, 10490
2026/05/25 01:29:52.319, 1, 0, 10088
2026/05/25 01:29:52.323, 2, 0, 10088
2026/05/25 01:29:52.325, 3, 0, 10088
2026/05/25 01:30:07.439, 0, 60, 10490
2026/05/25 01:30:07.441, 1, 100, 10088
2026/05/25 01:30:07.443, 2, 100, 10088
2026/05/25 01:30:07.447, 3, 0, 10088
2026/05/25 01:30:22.541, 0, 4, 10490
2026/05/25 01:30:22.543, 1, 0, 10088
2026/05/25 01:30:22.545, 2, 0, 10088
2026/05/25 01:30:22.546, 3, 0, 10088
2026/05/25 01:30:37.673, 0, 9, 10490
2026/05/25 01:30:37.675, 1, 0, 10088
2026/05/25 01:30:37.677, 2, 0, 10088
2026/05/25 01:30:37.678, 3, 0, 10088
2026/05/25 01:30:52.778, 0, 13, 10490
2026/05/25 01:30:52.780, 1, 0, 10088
2026/05/25 01:30:52.781, 2, 0, 10088
2026/05/25 01:30:52.783, 3, 0, 10088
2026/05/25 01:31:07.912, 0, 55, 10490
2026/05/25 01:31:07.916, 1, 0, 10088
2026/05/25 01:31:07.919, 2, 100, 10088
2026/05/25 01:31:07.920, 3, 0, 10088
2026/05/25 01:31:23.009, 0, 9, 10490
2026/05/25 01:31:23.011, 1, 70, 10088
2026/05/25 01:31:23.013, 2, 0, 10088
2026/05/25 01:31:23.014, 3, 0, 10088
2026/05/25 01:31:38.169, 0, 2, 10490
2026/05/25 01:31:38.171, 1, 100, 10088
2026/05/25 01:31:38.173, 2, 0, 10088
2026/05/25 01:31:38.174, 3, 100, 10088
2026/05/25 01:31:53.333, 0, 100, 10490
2026/05/25 01:31:53.337, 1, 100, 10088
2026/05/25 01:31:53.340, 2, 100, 10088
2026/05/25 01:31:53.344, 3, 100, 10088
2026/05/25 01:32:08.531, 0, 9, 10490
2026/05/25 01:32:08.535, 1, 100, 10088
2026/05/25 01:32:08.538, 2, 0, 10088
2026/05/25 01:32:08.542, 3, 0, 10088
2026/05/25 01:32:23.654, 0, 1, 10490
2026/05/25 01:32:23.656, 1, 0, 10088
2026/05/25 01:32:23.658, 2, 0, 10088
2026/05/25 01:32:23.659, 3, 0, 10088
2026/05/25 01:32:38.809, 0, 0, 10490
2026/05/25 01:32:38.811, 1, 100, 10088
2026/05/25 01:32:38.812, 2, 100, 10088
2026/05/25 01:32:38.814, 3, 100, 10088
2026/05/25 01:32:53.906, 0, 100, 10490
2026/05/25 01:32:53.910, 1, 95, 10088
2026/05/25 01:32:53.913, 2, 0, 10088
2026/05/25 01:32:53.916, 3, 98, 10088
2026/05/25 01:33:09.013, 0, 100, 10490
2026/05/25 01:33:09.015, 1, 0, 10088
2026/05/25 01:33:09.016, 2, 0, 10088
2026/05/25 01:33:09.018, 3, 0, 10088
2026/05/25 01:33:24.122, 0, 19, 10490
2026/05/25 01:33:24.124, 1, 0, 10088
2026/05/25 01:33:24.125, 2, 0, 10088
2026/05/25 01:33:24.127, 3, 0, 10088
2026/05/25 01:33:39.298, 0, 9, 10490
2026/05/25 01:33:39.300, 1, 0, 10088
2026/05/25 01:33:39.302, 2, 0, 10088
2026/05/25 01:33:39.303, 3, 0, 10088
2026/05/25 01:33:54.566, 0, 9, 10490
2026/05/25 01:33:54.568, 1, 0, 10088
2026/05/25 01:33:54.570, 2, 0, 10088
2026/05/25 01:33:54.571, 3, 0, 10088
2026/05/25 01:34:09.669, 0, 100, 10490
2026/05/25 01:34:09.671, 1, 100, 10088
2026/05/25 01:34:09.672, 2, 100, 10088
2026/05/25 01:34:09.674, 3, 0, 10088
2026/05/25 01:34:24.768, 0, 100, 10490
2026/05/25 01:34:24.772, 1, 100, 10088
2026/05/25 01:34:24.774, 2, 100, 10088
2026/05/25 01:34:24.777, 3, 23, 10088
2026/05/25 01:34:39.942, 0, 3, 10490
2026/05/25 01:34:39.944, 1, 0, 10088
2026/05/25 01:34:39.946, 2, 0, 10088
2026/05/25 01:34:39.947, 3, 0, 10088
2026/05/25 01:34:55.030, 0, 8, 10490
2026/05/25 01:34:55.032, 1, 0, 10088
2026/05/25 01:34:55.033, 2, 0, 10088
2026/05/25 01:34:55.034, 3, 0, 10088
2026/05/25 01:35:10.138, 0, 5, 10490
2026/05/25 01:35:10.141, 1, 0, 10088
2026/05/25 01:35:10.142, 2, 0, 10088
2026/05/25 01:35:10.143, 3, 0, 10088
2026/05/25 01:35:25.229, 0, 9, 10490
2026/05/25 01:35:25.231, 1, 0, 10088
2026/05/25 01:35:25.233, 2, 0, 10088
2026/05/25 01:35:25.234, 3, 0, 10088
2026/05/25 01:35:40.591, 0, 5, 10490
2026/05/25 01:35:40.593, 1, 0, 10088
2026/05/25 01:35:40.595, 2, 0, 10088
2026/05/25 01:35:40.596, 3, 0, 10088
2026/05/25 01:35:55.718, 0, 16, 10490
2026/05/25 01:35:55.720, 1, 0, 10088
2026/05/25 01:35:55.721, 2, 0, 10088
2026/05/25 01:35:55.723, 3, 0, 10088
2026/05/25 01:36:10.824, 0, 100, 10490
2026/05/25 01:36:10.826, 1, 100, 10088
2026/05/25 01:36:10.828, 2, 93, 10088
2026/05/25 01:36:10.829, 3, 100, 10088
2026/05/25 01:36:25.918, 0, 100, 10490
2026/05/25 01:36:25.922, 1, 100, 10088
2026/05/25 01:36:25.926, 2, 0, 10088
2026/05/25 01:36:25.927, 3, 0, 10088
2026/05/25 01:36:41.218, 0, 100, 10490
2026/05/25 01:36:41.221, 1, 100, 10088
2026/05/25 01:36:41.224, 2, 26, 10088
2026/05/25 01:36:41.227, 3, 0, 10088
2026/05/25 01:36:56.334, 0, 13, 10490
2026/05/25 01:36:56.336, 1, 0, 10088
2026/05/25 01:36:56.338, 2, 0, 10088
2026/05/25 01:36:56.339, 3, 0, 10088
2026/05/25 01:37:11.444, 0, 9, 10490
2026/05/25 01:37:11.448, 1, 0, 10088
2026/05/25 01:37:11.450, 2, 0, 10088
2026/05/25 01:37:11.451, 3, 0, 10088
2026/05/25 01:37:26.537, 0, 100, 10490
2026/05/25 01:37:26.539, 1, 0, 10088
2026/05/25 01:37:26.540, 2, 0, 10088
2026/05/25 01:37:26.542, 3, 0, 10088
2026/05/25 01:37:41.639, 0, 100, 10490
2026/05/25 01:37:41.642, 1, 100, 10088
2026/05/25 01:37:41.644, 2, 100, 10088
2026/05/25 01:37:41.647, 3, 100, 10088
2026/05/25 01:37:56.792, 0, 35, 10490
2026/05/25 01:37:56.797, 1, 0, 10088
2026/05/25 01:37:56.800, 2, 0, 10088
2026/05/25 01:37:56.802, 3, 0, 10088
2026/05/25 01:38:11.934, 0, 11, 10490
2026/05/25 01:38:11.936, 1, 0, 10088
2026/05/25 01:38:11.938, 2, 0, 10088
2026/05/25 01:38:11.939, 3, 0, 10088
2026/05/25 01:38:27.029, 0, 8, 10490
2026/05/25 01:38:27.030, 1, 0, 10088
2026/05/25 01:38:27.031, 2, 0, 10088
2026/05/25 01:38:27.032, 3, 0, 10088
2026/05/25 01:38:42.113, 0, 9, 10490
2026/05/25 01:38:42.115, 1, 0, 10088
2026/05/25 01:38:42.116, 2, 0, 10088
2026/05/25 01:38:42.118, 3, 0, 10088
2026/05/25 01:38:57.201, 0, 0, 10490
2026/05/25 01:38:57.203, 1, 0, 10088
2026/05/25 01:38:57.205, 2, 0, 10088
2026/05/25 01:38:57.206, 3, 0, 10088
2026/05/25 01:39:12.324, 0, 0, 10490
2026/05/25 01:39:12.326, 1, 100, 10088
2026/05/25 01:39:12.327, 2, 0, 10088
2026/05/25 01:39:12.328, 3, 100, 10088
2026/05/25 01:39:27.781, 0, 0, 10490
2026/05/25 01:39:27.782, 1, 0, 10088
2026/05/25 01:39:27.783, 2, 0, 10088
2026/05/25 01:39:27.784, 3, 0, 10088
2026/05/25 01:39:43.205, 0, 100, 10490
2026/05/25 01:39:43.206, 1, 100, 10088
2026/05/25 01:39:43.207, 2, 100, 10088
2026/05/25 01:39:43.208, 3, 100, 10088
2026/05/25 01:39:58.289, 0, 9, 10490
2026/05/25 01:39:58.291, 1, 0, 10088
2026/05/25 01:39:58.293, 2, 0, 10088
2026/05/25 01:39:58.294, 3, 0, 10088
2026/05/25 01:40:13.389, 0, 9, 10490
2026/05/25 01:40:13.393, 1, 0, 10088
2026/05/25 01:40:13.396, 2, 0, 10088
2026/05/25 01:40:13.400, 3, 0, 10088
2026/05/25 01:40:28.506, 0, 13, 10490
2026/05/25 01:40:28.508, 1, 0, 10088
2026/05/25 01:40:28.509, 2, 0, 10088
2026/05/25 01:40:28.511, 3, 0, 10088
2026/05/25 01:40:43.593, 0, 100, 10490
2026/05/25 01:40:43.595, 1, 0, 10088
2026/05/25 01:40:43.597, 2, 56, 10088
2026/05/25 01:40:43.598, 3, 100, 10088
2026/05/25 01:40:58.681, 0, 3, 10490
2026/05/25 01:40:58.683, 1, 0, 10088
2026/05/25 01:40:58.685, 2, 0, 10088
2026/05/25 01:40:58.686, 3, 0, 10088
2026/05/25 01:41:13.889, 0, 6, 10490
2026/05/25 01:41:13.890, 1, 0, 10088
2026/05/25 01:41:13.891, 2, 0, 10088
2026/05/25 01:41:13.892, 3, 0, 10088
2026/05/25 01:41:29.000, 0, 9, 10490
2026/05/25 01:41:29.004, 1, 0, 10088
2026/05/25 01:41:29.008, 2, 91, 10088
2026/05/25 01:41:29.011, 3, 0, 10088
2026/05/25 01:41:44.122, 0, 13, 10490
2026/05/25 01:41:44.125, 1, 0, 10088
2026/05/25 01:41:44.126, 2, 0, 10088
2026/05/25 01:41:44.127, 3, 0, 10088
2026/05/25 01:41:59.213, 0, 8, 10490
2026/05/25 01:41:59.215, 1, 0, 10088
2026/05/25 01:41:59.217, 2, 0, 10088
2026/05/25 01:41:59.218, 3, 0, 10088
2026/05/25 01:42:14.322, 0, 9, 10490
2026/05/25 01:42:14.324, 1, 0, 10088
2026/05/25 01:42:14.326, 2, 0, 10088
2026/05/25 01:42:14.327, 3, 0, 10088
2026/05/25 01:42:29.615, 0, 100, 10490
2026/05/25 01:42:29.617, 1, 0, 10088
2026/05/25 01:42:29.618, 2, 0, 10088
2026/05/25 01:42:29.619, 3, 0, 10088
2026/05/25 01:42:44.929, 0, 0, 10490
2026/05/25 01:42:44.931, 1, 0, 10088
2026/05/25 01:42:44.933, 2, 0, 10088
2026/05/25 01:42:44.934, 3, 0, 10088
2026/05/25 01:43:00.018, 0, 14, 10490
2026/05/25 01:43:00.020, 1, 0, 10088
2026/05/25 01:43:00.022, 2, 0, 10088
2026/05/25 01:43:00.023, 3, 0, 10088
2026/05/25 01:43:15.161, 0, 8, 10490
2026/05/25 01:43:15.164, 1, 0, 10088
2026/05/25 01:43:15.165, 2, 0, 10088
2026/05/25 01:43:15.166, 3, 0, 10088
2026/05/25 01:43:30.289, 0, 50, 10490
2026/05/25 01:43:30.292, 1, 0, 10088
2026/05/25 01:43:30.296, 2, 100, 10088
2026/05/25 01:43:30.299, 3, 0, 10088
2026/05/25 01:43:45.441, 0, 9, 10490
2026/05/25 01:43:45.445, 1, 0, 10088
2026/05/25 01:43:45.449, 2, 0, 10088
2026/05/25 01:43:45.452, 3, 0, 10088
2026/05/25 01:44:00.650, 0, 0, 10490
2026/05/25 01:44:00.653, 1, 0, 10088
2026/05/25 01:44:00.654, 2, 0, 10088
2026/05/25 01:44:00.655, 3, 0, 10088
2026/05/25 01:44:15.848, 0, 8, 10490
2026/05/25 01:44:15.850, 1, 0, 10088
2026/05/25 01:44:15.852, 2, 0, 10088
2026/05/25 01:44:15.853, 3, 0, 10088
2026/05/25 01:44:30.956, 0, 100, 10490
2026/05/25 01:44:30.958, 1, 100, 10088
2026/05/25 01:44:30.959, 2, 0, 10088
2026/05/25 01:44:30.961, 3, 0, 10088
2026/05/25 01:44:46.046, 0, 10, 10490
2026/05/25 01:44:46.048, 1, 0, 10088
2026/05/25 01:44:46.049, 2, 0, 10088
2026/05/25 01:44:46.050, 3, 0, 10088
2026/05/25 01:45:01.153, 0, 4, 10490
2026/05/25 01:45:01.155, 1, 0, 10088
2026/05/25 01:45:01.156, 2, 0, 10088
2026/05/25 01:45:01.158, 3, 0, 10088
2026/05/25 01:45:16.538, 0, 13, 10490
2026/05/25 01:45:16.540, 1, 0, 10088
2026/05/25 01:45:16.541, 2, 0, 10088
2026/05/25 01:45:16.543, 3, 0, 10088
2026/05/25 01:45:31.648, 0, 8, 10490
2026/05/25 01:45:31.652, 1, 100, 10088
2026/05/25 01:45:31.655, 2, 0, 10088
2026/05/25 01:45:31.658, 3, 0, 10088
2026/05/25 01:45:46.745, 0, 100, 10490
2026/05/25 01:45:46.747, 1, 0, 10088
2026/05/25 01:45:46.749, 2, 100, 10088
2026/05/25 01:45:46.750, 3, 0, 10088
2026/05/25 01:46:01.833, 0, 10, 10490
2026/05/25 01:46:01.835, 1, 0, 10088
2026/05/25 01:46:01.837, 2, 0, 10088
2026/05/25 01:46:01.838, 3, 0, 10088
2026/05/25 01:46:17.131, 0, 100, 10490
2026/05/25 01:46:17.133, 1, 100, 10088
2026/05/25 01:46:17.134, 2, 27, 10088
2026/05/25 01:46:17.135, 3, 0, 10088
2026/05/25 01:46:32.218, 0, 19, 10490
2026/05/25 01:46:32.220, 1, 0, 10088
2026/05/25 01:46:32.222, 2, 0, 10088
2026/05/25 01:46:32.223, 3, 0, 10088
2026/05/25 01:46:47.359, 0, 10, 10490
2026/05/25 01:46:47.364, 1, 0, 10088
2026/05/25 01:46:47.367, 2, 0, 10088
2026/05/25 01:46:47.369, 3, 0, 10088
2026/05/25 01:47:02.477, 0, 5, 10490
2026/05/25 01:47:02.479, 1, 0, 10088
2026/05/25 01:47:02.481, 2, 0, 10088
2026/05/25 01:47:02.482, 3, 0, 10088
2026/05/25 01:47:17.806, 0, 100, 10490
2026/05/25 01:47:17.810, 1, 74, 10088
2026/05/25 01:47:17.813, 2, 100, 10088
2026/05/25 01:47:17.816, 3, 100, 10088
2026/05/25 01:47:32.930, 0, 14, 10490
2026/05/25 01:47:32.932, 1, 0, 10088
2026/05/25 01:47:32.934, 2, 0, 10088
2026/05/25 01:47:32.935, 3, 0, 10088
2026/05/25 01:47:48.079, 0, 100, 10490
2026/05/25 01:47:48.082, 1, 100, 10088
2026/05/25 01:47:48.086, 2, 94, 10088
2026/05/25 01:47:48.089, 3, 0, 10088
2026/05/25 01:48:03.211, 0, 100, 10490
2026/05/25 01:48:03.214, 1, 100, 10088
2026/05/25 01:48:03.218, 2, 100, 10088
2026/05/25 01:48:03.221, 3, 0, 10088
2026/05/25 01:48:18.469, 0, 0, 10490
2026/05/25 01:48:18.471, 1, 0, 10088
2026/05/25 01:48:18.472, 2, 0, 10088
2026/05/25 01:48:18.474, 3, 0, 10088
2026/05/25 01:48:33.558, 0, 100, 10490
2026/05/25 01:48:33.560, 1, 100, 10088
2026/05/25 01:48:33.561, 2, 100, 10088
2026/05/25 01:48:33.562, 3, 0, 10088
2026/05/25 01:48:48.646, 0, 13, 10490
2026/05/25 01:48:48.649, 1, 0, 10088
2026/05/25 01:48:48.650, 2, 0, 10088
2026/05/25 01:48:48.651, 3, 0, 10088
2026/05/25 01:49:03.795, 0, 6, 10490
2026/05/25 01:49:03.799, 1, 100, 10088
2026/05/25 01:49:03.803, 2, 0, 10088
2026/05/25 01:49:03.805, 3, 0, 10088
2026/05/25 01:49:19.098, 0, 100, 10490
2026/05/25 01:49:19.101, 1, 100, 10088
2026/05/25 01:49:19.104, 2, 98, 10088
2026/05/25 01:49:19.107, 3, 0, 10088
2026/05/25 01:49:34.236, 0, 100, 10490
2026/05/25 01:49:34.241, 1, 0, 10088
2026/05/25 01:49:34.244, 2, 0, 10088
2026/05/25 01:49:34.245, 3, 0, 10088
2026/05/25 01:49:49.377, 0, 100, 10490
2026/05/25 01:49:49.381, 1, 100, 10088
2026/05/25 01:49:49.384, 2, 100, 10088
2026/05/25 01:49:49.387, 3, 100, 10088
2026/05/25 01:50:04.498, 0, 13, 10490
2026/05/25 01:50:04.500, 1, 0, 10088
2026/05/25 01:50:04.501, 2, 0, 10088
2026/05/25 01:50:04.502, 3, 0, 10088
2026/05/25 01:50:19.605, 0, 10, 10490
2026/05/25 01:50:19.609, 1, 100, 10088
2026/05/25 01:50:19.612, 2, 0, 10088
2026/05/25 01:50:19.614, 3, 0, 10088
2026/05/25 01:50:34.718, 0, 100, 10490
2026/05/25 01:50:34.720, 1, 0, 10088
2026/05/25 01:50:34.721, 2, 26, 10088
2026/05/25 01:50:34.722, 3, 0, 10088
2026/05/25 01:50:49.857, 0, 7, 10490
2026/05/25 01:50:49.859, 1, 0, 10088
2026/05/25 01:50:49.861, 2, 0, 10088
2026/05/25 01:50:49.862, 3, 0, 10088
2026/05/25 01:51:04.962, 0, 13, 10490
2026/05/25 01:51:04.964, 1, 0, 10088
2026/05/25 01:51:04.965, 2, 0, 10088
2026/05/25 01:51:04.967, 3, 0, 10088
2026/05/25 01:51:20.052, 0, 9, 10490
2026/05/25 01:51:20.054, 1, 0, 10088
2026/05/25 01:51:20.055, 2, 0, 10088
2026/05/25 01:51:20.057, 3, 0, 10088
2026/05/25 01:51:35.158, 0, 0, 10490
2026/05/25 01:51:35.160, 1, 0, 10088
2026/05/25 01:51:35.161, 2, 0, 10088
2026/05/25 01:51:35.162, 3, 0, 10088
2026/05/25 01:51:50.298, 0, 100, 10490
2026/05/25 01:51:50.301, 1, 100, 10088
2026/05/25 01:51:50.304, 2, 100, 10088
2026/05/25 01:51:50.308, 3, 0, 10088
2026/05/25 01:52:05.553, 0, 100, 10490
2026/05/25 01:52:05.555, 1, 0, 10088
2026/05/25 01:52:05.557, 2, 0, 10088
2026/05/25 01:52:05.558, 3, 0, 10088
2026/05/25 01:52:20.658, 0, 14, 10490
2026/05/25 01:52:20.660, 1, 0, 10088
2026/05/25 01:52:20.662, 2, 0, 10088
2026/05/25 01:52:20.663, 3, 0, 10088
2026/05/25 01:52:35.825, 0, 10, 10490
2026/05/25 01:52:35.829, 1, 0, 10088
2026/05/25 01:52:35.830, 2, 0, 10088
2026/05/25 01:52:35.832, 3, 0, 10088
2026/05/25 01:52:50.917, 0, 6, 10490
2026/05/25 01:52:50.919, 1, 0, 10088
2026/05/25 01:52:50.921, 2, 0, 10088
2026/05/25 01:52:50.922, 3, 0, 10088
2026/05/25 01:53:06.238, 0, 5, 10490
2026/05/25 01:53:06.240, 1, 0, 10088
2026/05/25 01:53:06.242, 2, 0, 10088
2026/05/25 01:53:06.243, 3, 0, 10088
2026/05/25 01:53:21.346, 0, 6, 10490
2026/05/25 01:53:21.348, 1, 100, 10088
2026/05/25 01:53:21.349, 2, 0, 10088
2026/05/25 01:53:21.350, 3, 0, 10088
2026/05/25 01:53:36.505, 0, 13, 10490
2026/05/25 01:53:36.507, 1, 0, 10088
2026/05/25 01:53:36.509, 2, 0, 10088
2026/05/25 01:53:36.510, 3, 0, 10088
2026/05/25 01:53:51.631, 0, 9, 10490
2026/05/25 01:53:51.633, 1, 0, 10088
2026/05/25 01:53:51.634, 2, 0, 10088
2026/05/25 01:53:51.635, 3, 0, 10088
2026/05/25 01:54:06.745, 0, 4, 10490
2026/05/25 01:54:06.747, 1, 0, 10088
2026/05/25 01:54:06.748, 2, 0, 10088
2026/05/25 01:54:06.750, 3, 0, 10088
2026/05/25 01:54:21.834, 0, 100, 10490
2026/05/25 01:54:21.836, 1, 100, 10088
2026/05/25 01:54:21.837, 2, 100, 10088
2026/05/25 01:54:21.838, 3, 0, 10088
2026/05/25 01:54:36.973, 0, 64, 10490
2026/05/25 01:54:36.978, 1, 100, 10088
2026/05/25 01:54:36.981, 2, 100, 10088
2026/05/25 01:54:36.985, 3, 0, 10088
2026/05/25 01:54:52.143, 0, 9, 10490
2026/05/25 01:54:52.145, 1, 0, 10088
2026/05/25 01:54:52.146, 2, 0, 10088
2026/05/25 01:54:52.147, 3, 0, 10088
2026/05/25 01:55:07.309, 0, 6, 10490
2026/05/25 01:55:07.311, 1, 0, 10088
2026/05/25 01:55:07.312, 2, 0, 10088
2026/05/25 01:55:07.314, 3, 0, 10088
2026/05/25 01:55:22.465, 0, 8, 10490
2026/05/25 01:55:22.468, 1, 0, 10088
2026/05/25 01:55:22.471, 2, 0, 10088
2026/05/25 01:55:22.472, 3, 0, 10088
2026/05/25 01:55:37.593, 0, 9, 10490
2026/05/25 01:55:37.595, 1, 0, 10088
2026/05/25 01:55:37.596, 2, 0, 10088
2026/05/25 01:55:37.598, 3, 0, 10088
2026/05/25 01:55:52.699, 0, 13, 10490
2026/05/25 01:55:52.701, 1, 0, 10088
2026/05/25 01:55:52.702, 2, 0, 10088
2026/05/25 01:55:52.704, 3, 0, 10088
2026/05/25 01:56:08.389, 0, 100, 10490
2026/05/25 01:56:08.392, 1, 100, 10088
2026/05/25 01:56:08.395, 2, 100, 10088
2026/05/25 01:56:08.398, 3, 100, 10088
2026/05/25 01:56:23.503, 0, 100, 10490
2026/05/25 01:56:23.506, 1, 100, 10088
2026/05/25 01:56:23.510, 2, 100, 10088
2026/05/25 01:56:23.513, 3, 0, 10088
2026/05/25 01:56:38.630, 0, 9, 10490
2026/05/25 01:56:38.632, 1, 0, 10088
2026/05/25 01:56:38.633, 2, 0, 10088
2026/05/25 01:56:38.634, 3, 0, 10088
2026/05/25 01:56:53.734, 0, 9, 10490
2026/05/25 01:56:53.736, 1, 0, 10088
2026/05/25 01:56:53.737, 2, 0, 10088
2026/05/25 01:56:53.739, 3, 0, 10088
2026/05/25 01:57:08.838, 0, 13, 10490
2026/05/25 01:57:08.840, 1, 0, 10088
2026/05/25 01:57:08.841, 2, 0, 10088
2026/05/25 01:57:08.843, 3, 0, 10088
2026/05/25 01:57:24.215, 0, 100, 10490
2026/05/25 01:57:24.218, 1, 100, 10088
2026/05/25 01:57:24.219, 2, 0, 10088
2026/05/25 01:57:24.220, 3, 0, 10088
2026/05/25 01:57:39.314, 0, 100, 10490
2026/05/25 01:57:39.318, 1, 100, 10088
2026/05/25 01:57:39.321, 2, 100, 10088
2026/05/25 01:57:39.324, 3, 0, 10088
2026/05/25 01:57:54.462, 0, 100, 10490
2026/05/25 01:57:54.466, 1, 24, 10088
2026/05/25 01:57:54.469, 2, 100, 10088
2026/05/25 01:57:54.472, 3, 87, 10088
2026/05/25 01:58:09.605, 0, 5, 10490
2026/05/25 01:58:09.607, 1, 0, 10088
2026/05/25 01:58:09.609, 2, 0, 10088
2026/05/25 01:58:09.610, 3, 0, 10088
2026/05/25 01:58:24.713, 0, 6, 10490
2026/05/25 01:58:24.716, 1, 0, 10088
2026/05/25 01:58:24.717, 2, 0, 10088
2026/05/25 01:58:24.718, 3, 0, 10088
2026/05/25 01:58:39.974, 0, 100, 10490
2026/05/25 01:58:39.979, 1, 0, 10088
2026/05/25 01:58:39.983, 2, 85, 10088
2026/05/25 01:58:39.985, 3, 100, 10088
2026/05/25 01:58:55.329, 0, 100, 10490
2026/05/25 01:58:55.332, 1, 0, 10088
2026/05/25 01:58:55.501, 2, 50, 10088
2026/05/25 01:58:55.505, 3, 0, 10088
2026/05/25 01:59:10.598, 0, 9, 10490
2026/05/25 01:59:10.600, 1, 0, 10088
2026/05/25 01:59:10.601, 2, 0, 10088
2026/05/25 01:59:10.603, 3, 0, 10088
2026/05/25 01:59:25.685, 0, 8, 10490
2026/05/25 01:59:25.687, 1, 0, 10088
2026/05/25 01:59:25.689, 2, 0, 10088
2026/05/25 01:59:25.690, 3, 0, 10088
2026/05/25 01:59:40.790, 0, 13, 10490
2026/05/25 01:59:40.792, 1, 0, 10088
2026/05/25 01:59:40.794, 2, 0, 10088
2026/05/25 01:59:40.795, 3, 0, 10088
2026/05/25 01:59:55.882, 0, 9, 10490
2026/05/25 01:59:55.884, 1, 0, 10088
2026/05/25 01:59:55.885, 2, 0, 10088
2026/05/25 01:59:55.886, 3, 0, 10088
2026/05/25 02:00:11.007, 0, 100, 10490
2026/05/25 02:00:11.010, 1, 0, 10088
2026/05/25 02:00:11.012, 2, 0, 10088
2026/05/25 02:00:11.013, 3, 0, 10088
2026/05/25 02:00:26.214, 0, 0, 10490
2026/05/25 02:00:26.218, 1, 0, 10088
2026/05/25 02:00:26.321, 2, 91, 10088
2026/05/25 02:00:26.324, 3, 0, 10088
2026/05/25 02:00:41.682, 0, 9, 10490
2026/05/25 02:00:41.684, 1, 0, 10088
2026/05/25 02:00:41.685, 2, 0, 10088
2026/05/25 02:00:41.687, 3, 0, 10088
2026/05/25 02:00:56.769, 0, 18, 10490
2026/05/25 02:00:56.771, 1, 0, 10088
2026/05/25 02:00:56.773, 2, 0, 10088
2026/05/25 02:00:56.774, 3, 0, 10088
2026/05/25 02:01:11.896, 0, 10, 10490
2026/05/25 02:01:11.900, 1, 100, 10088
2026/05/25 02:01:11.903, 2, 0, 10088
2026/05/25 02:01:11.907, 3, 100, 10088
2026/05/25 02:01:27.048, 0, 9, 10490
2026/05/25 02:01:27.052, 1, 0, 10088
2026/05/25 02:01:27.054, 2, 0, 10088
2026/05/25 02:01:27.057, 3, 0, 10088
2026/05/25 02:01:42.235, 0, 10, 10490
2026/05/25 02:01:42.237, 1, 0, 10088
2026/05/25 02:01:42.238, 2, 0, 10088
2026/05/25 02:01:42.239, 3, 0, 10088
2026/05/25 02:01:57.470, 0, 9, 10490
2026/05/25 02:01:57.473, 1, 0, 10088
2026/05/25 02:01:57.474, 2, 0, 10088
2026/05/25 02:01:57.475, 3, 0, 10088
2026/05/25 02:02:12.579, 0, 4, 10490
2026/05/25 02:02:12.581, 1, 0, 10088
2026/05/25 02:02:12.582, 2, 0, 10088
2026/05/25 02:02:12.583, 3, 0, 10088
2026/05/25 02:02:27.692, 0, 100, 10490
2026/05/25 02:02:27.695, 1, 100, 10088
2026/05/25 02:02:27.699, 2, 0, 10088
2026/05/25 02:02:27.702, 3, 0, 10088
2026/05/25 02:02:42.797, 0, 100, 10490
2026/05/25 02:02:42.799, 1, 0, 10088
2026/05/25 02:02:42.801, 2, 0, 10088
2026/05/25 02:02:42.802, 3, 0, 10088
2026/05/25 02:02:57.885, 0, 0, 10490
2026/05/25 02:02:57.887, 1, 0, 10088
2026/05/25 02:02:57.889, 2, 0, 10088
2026/05/25 02:02:57.890, 3, 0, 10088
2026/05/25 02:03:13.219, 0, 1, 10490
2026/05/25 02:03:13.221, 1, 0, 10088
2026/05/25 02:03:13.222, 2, 0, 10088
2026/05/25 02:03:13.223, 3, 0, 10088
2026/05/25 02:03:28.331, 0, 100, 10490
2026/05/25 02:03:28.333, 1, 100, 10088
2026/05/25 02:03:28.334, 2, 0, 10088
2026/05/25 02:03:28.336, 3, 0, 10088
2026/05/25 02:03:43.470, 0, 100, 10490
2026/05/25 02:03:43.472, 1, 0, 10088
2026/05/25 02:03:43.473, 2, 0, 10088
2026/05/25 02:03:43.475, 3, 0, 10088
2026/05/25 02:03:58.582, 0, 8, 10490
2026/05/25 02:03:58.584, 1, 0, 10088
2026/05/25 02:03:58.585, 2, 0, 10088
2026/05/25 02:03:58.587, 3, 0, 10088
2026/05/25 02:04:13.730, 0, 56, 10490
2026/05/25 02:04:13.732, 1, 0, 10088
2026/05/25 02:04:13.733, 2, 100, 10088
2026/05/25 02:04:13.880, 3, 0, 10088
2026/05/25 02:04:28.993, 0, 13, 10490
2026/05/25 02:04:28.995, 1, 0, 10088
2026/05/25 02:04:28.996, 2, 0, 10088
2026/05/25 02:04:28.997, 3, 0, 10088
2026/05/25 02:04:44.098, 0, 7, 10490
2026/05/25 02:04:44.100, 1, 100, 10088
2026/05/25 02:04:44.101, 2, 100, 10088
2026/05/25 02:04:44.102, 3, 0, 10088
2026/05/25 02:04:59.202, 0, 8, 10490
2026/05/25 02:04:59.204, 1, 0, 10088
2026/05/25 02:04:59.205, 2, 0, 10088
2026/05/25 02:04:59.206, 3, 0, 10088
2026/05/25 02:05:14.458, 0, 100, 10490
2026/05/25 02:05:14.462, 1, 85, 10088
2026/05/25 02:05:14.464, 2, 100, 10088
2026/05/25 02:05:14.468, 3, 27, 10088
2026/05/25 02:05:29.830, 0, 9, 10490
2026/05/25 02:05:29.832, 1, 0, 10088
2026/05/25 02:05:29.834, 2, 0, 10088
2026/05/25 02:05:29.835, 3, 0, 10088
2026/05/25 02:05:44.918, 0, 16, 10490
2026/05/25 02:05:44.920, 1, 0, 10088
2026/05/25 02:05:44.922, 2, 0, 10088
2026/05/25 02:05:44.923, 3, 0, 10088
2026/05/25 02:06:00.006, 0, 10, 10490
2026/05/25 02:06:00.008, 1, 0, 10088
2026/05/25 02:06:00.009, 2, 0, 10088
2026/05/25 02:06:00.011, 3, 0, 10088
2026/05/25 02:06:15.097, 0, 3, 10490
2026/05/25 02:06:15.099, 1, 0, 10088
2026/05/25 02:06:15.101, 2, 0, 10088
2026/05/25 02:06:15.102, 3, 0, 10088
2026/05/25 02:06:30.354, 0, 100, 10490
2026/05/25 02:06:30.357, 1, 100, 10088
2026/05/25 02:06:30.360, 2, 0, 10088
2026/05/25 02:06:30.462, 3, 0, 10088
2026/05/25 02:06:45.609, 0, 100, 10490
2026/05/25 02:06:45.614, 1, 100, 10088
2026/05/25 02:06:45.616, 2, 100, 10088
2026/05/25 02:06:45.619, 3, 100, 10088
2026/05/25 02:07:00.714, 0, 10, 10490
2026/05/25 02:07:00.716, 1, 0, 10088
2026/05/25 02:07:00.718, 2, 0, 10088
2026/05/25 02:07:00.719, 3, 0, 10088
2026/05/25 02:07:15.802, 0, 3, 10490
2026/05/25 02:07:15.804, 1, 0, 10088
2026/05/25 02:07:15.806, 2, 0, 10088
2026/05/25 02:07:15.807, 3, 0, 10088
2026/05/25 02:07:31.188, 0, 2, 10490
2026/05/25 02:07:31.190, 1, 0, 10088
2026/05/25 02:07:31.191, 2, 0, 10088
2026/05/25 02:07:31.193, 3, 0, 10088
2026/05/25 02:07:46.281, 0, 100, 10490
2026/05/25 02:07:46.283, 1, 100, 10088
2026/05/25 02:07:46.284, 2, 100, 10088
2026/05/25 02:07:46.286, 3, 100, 10088
2026/05/25 02:08:01.390, 0, 13, 10490
2026/05/25 02:08:01.392, 1, 0, 10088
2026/05/25 02:08:01.393, 2, 0, 10088
2026/05/25 02:08:01.395, 3, 0, 10088
2026/05/25 02:08:16.482, 0, 7, 10490
2026/05/25 02:08:16.484, 1, 0, 10088
2026/05/25 02:08:16.486, 2, 0, 10088
2026/05/25 02:08:16.487, 3, 0, 10088
2026/05/25 02:08:31.781, 0, 1, 10490
2026/05/25 02:08:31.784, 1, 0, 10088
2026/05/25 02:08:31.785, 2, 0, 10088
2026/05/25 02:08:31.786, 3, 0, 10088
2026/05/25 02:08:46.869, 0, 8, 10490
2026/05/25 02:08:46.871, 1, 0, 10088
2026/05/25 02:08:46.872, 2, 0, 10088
2026/05/25 02:08:46.874, 3, 0, 10088
2026/05/25 02:09:01.958, 0, 100, 10490
2026/05/25 02:09:01.960, 1, 0, 10088
2026/05/25 02:09:01.962, 2, 100, 10088
2026/05/25 02:09:01.963, 3, 0, 10088
2026/05/25 02:09:17.066, 0, 13, 10490
2026/05/25 02:09:17.068, 1, 0, 10088
2026/05/25 02:09:17.070, 2, 0, 10088
2026/05/25 02:09:17.071, 3, 0, 10088
2026/05/25 02:09:32.290, 0, 7, 10490
2026/05/25 02:09:32.292, 1, 0, 10088
2026/05/25 02:09:32.293, 2, 0, 10088
2026/05/25 02:09:32.294, 3, 0, 10088
2026/05/25 02:09:47.373, 0, 9, 10490
2026/05/25 02:09:47.375, 1, 0, 10088
2026/05/25 02:09:47.377, 2, 0, 10088
2026/05/25 02:09:47.378, 3, 0, 10088
2026/05/25 02:10:02.461, 0, 100, 10490
2026/05/25 02:10:02.463, 1, 0, 10088
2026/05/25 02:10:02.465, 2, 0, 10088
2026/05/25 02:10:02.466, 3, 0, 10088
2026/05/25 02:10:17.549, 0, 1, 10490
2026/05/25 02:10:17.551, 1, 0, 10088
2026/05/25 02:10:17.553, 2, 0, 10088
2026/05/25 02:10:17.554, 3, 0, 10088
2026/05/25 02:10:32.737, 0, 13, 10490
2026/05/25 02:10:32.740, 1, 0, 10088
2026/05/25 02:10:32.741, 2, 0, 10088
2026/05/25 02:10:32.742, 3, 0, 10088
2026/05/25 02:10:47.825, 0, 100, 10490
2026/05/25 02:10:47.827, 1, 0, 10088
2026/05/25 02:10:47.829, 2, 0, 10088
2026/05/25 02:10:47.830, 3, 0, 10088
2026/05/25 02:11:02.914, 0, 9, 10490
2026/05/25 02:11:02.916, 1, 0, 10088
2026/05/25 02:11:02.918, 2, 0, 10088
2026/05/25 02:11:02.919, 3, 0, 10088
2026/05/25 02:11:18.005, 0, 97, 10490
2026/05/25 02:11:18.007, 1, 0, 10088
2026/05/25 02:11:18.008, 2, 92, 10088
2026/05/25 02:11:18.010, 3, 0, 10088
2026/05/25 02:11:33.185, 0, 4, 10490
2026/05/25 02:11:33.187, 1, 0, 10088
2026/05/25 02:11:33.188, 2, 100, 10088
2026/05/25 02:11:33.188, 3, 0, 10088
2026/05/25 02:11:48.304, 0, 12, 10490
2026/05/25 02:11:48.306, 1, 0, 10088
2026/05/25 02:11:48.307, 2, 0, 10088
2026/05/25 02:11:48.309, 3, 0, 10088
2026/05/25 02:12:03.390, 0, 9, 10490
2026/05/25 02:12:03.392, 1, 0, 10088
2026/05/25 02:12:03.393, 2, 0, 10088
2026/05/25 02:12:03.394, 3, 0, 10088
2026/05/25 02:12:18.498, 0, 9, 10490
2026/05/25 02:12:18.500, 1, 0, 10088
2026/05/25 02:12:18.501, 2, 0, 10088
2026/05/25 02:12:18.502, 3, 0, 10088
2026/05/25 02:12:33.701, 0, 9, 10490
2026/05/25 02:12:33.703, 1, 0, 10088
2026/05/25 02:12:33.704, 2, 0, 10088
2026/05/25 02:12:33.705, 3, 0, 10088
2026/05/25 02:12:48.929, 0, 9, 10490
2026/05/25 02:12:48.931, 1, 0, 10088
2026/05/25 02:12:48.932, 2, 0, 10088
2026/05/25 02:12:48.934, 3, 0, 10088
2026/05/25 02:13:04.038, 0, 14, 10490
2026/05/25 02:13:04.040, 1, 0, 10088
2026/05/25 02:13:04.042, 2, 0, 10088
2026/05/25 02:13:04.043, 3, 0, 10088
2026/05/25 02:13:19.129, 0, 5, 10490
2026/05/25 02:13:19.131, 1, 0, 10088
2026/05/25 02:13:19.133, 2, 0, 10088
2026/05/25 02:13:19.134, 3, 0, 10088
2026/05/25 02:13:34.364, 0, 100, 10490
2026/05/25 02:13:34.365, 1, 100, 10088
2026/05/25 02:13:34.366, 2, 10, 10088
2026/05/25 02:13:34.367, 3, 100, 10088
2026/05/25 02:13:49.581, 0, 7, 10490
2026/05/25 02:13:49.583, 1, 0, 10088
2026/05/25 02:13:49.585, 2, 0, 10088
2026/05/25 02:13:49.586, 3, 0, 10088
2026/05/25 02:14:04.669, 0, 19, 10490
2026/05/25 02:14:04.672, 1, 0, 10088
2026/05/25 02:14:04.673, 2, 0, 10088
2026/05/25 02:14:04.674, 3, 0, 10088
2026/05/25 02:14:19.760, 0, 8, 10490
2026/05/25 02:14:19.762, 1, 0, 10088
2026/05/25 02:14:19.763, 2, 0, 10088
2026/05/25 02:14:19.764, 3, 0, 10088
2026/05/25 02:14:34.953, 0, 0, 10490
2026/05/25 02:14:34.955, 1, 100, 10088
2026/05/25 02:14:34.958, 2, 100, 10088
2026/05/25 02:14:34.961, 3, 0, 10088
2026/05/25 02:14:50.105, 0, 1, 10490
2026/05/25 02:14:50.107, 1, 0, 10088
2026/05/25 02:14:50.108, 2, 0, 10088
2026/05/25 02:14:50.110, 3, 0, 10088
2026/05/25 02:15:05.213, 0, 9, 10490
2026/05/25 02:15:05.215, 1, 0, 10088
2026/05/25 02:15:05.217, 2, 0, 10088
2026/05/25 02:15:05.218, 3, 0, 10088
2026/05/25 02:15:20.318, 0, 13, 10490
2026/05/25 02:15:20.320, 1, 0, 10088
2026/05/25 02:15:20.321, 2, 0, 10088
2026/05/25 02:15:20.322, 3, 0, 10088
2026/05/25 02:15:35.451, 0, 100, 10490
2026/05/25 02:15:35.453, 1, 100, 10088
2026/05/25 02:15:35.454, 2, 100, 10088
2026/05/25 02:15:35.455, 3, 100, 10088
2026/05/25 02:15:50.563, 0, 100, 10490
2026/05/25 02:15:50.565, 1, 100, 10088
2026/05/25 02:15:50.568, 2, 0, 10088
2026/05/25 02:15:50.571, 3, 0, 10088
2026/05/25 02:16:05.902, 0, 8, 10490
2026/05/25 02:16:05.904, 1, 0, 10088
2026/05/25 02:16:05.905, 2, 0, 10088
2026/05/25 02:16:05.906, 3, 0, 10088
2026/05/25 02:16:21.075, 0, 13, 10490
2026/05/25 02:16:21.077, 1, 0, 10088
2026/05/25 02:16:21.078, 2, 0, 10088
2026/05/25 02:16:21.080, 3, 0, 10088
2026/05/25 02:16:36.167, 0, 9, 10490
2026/05/25 02:16:36.169, 1, 0, 10088
2026/05/25 02:16:36.171, 2, 0, 10088
2026/05/25 02:16:36.172, 3, 0, 10088
2026/05/25 02:16:51.257, 0, 5, 10490
2026/05/25 02:16:51.259, 1, 0, 10088
2026/05/25 02:16:51.261, 2, 0, 10088
2026/05/25 02:16:51.263, 3, 0, 10088
2026/05/25 02:17:06.350, 0, 100, 10490
2026/05/25 02:17:06.352, 1, 100, 10088
2026/05/25 02:17:06.353, 2, 100, 10088
2026/05/25 02:17:06.354, 3, 100, 10088
2026/05/25 02:17:21.462, 0, 9, 10490
2026/05/25 02:17:21.466, 1, 0, 10088
2026/05/25 02:17:21.469, 2, 0, 10088
2026/05/25 02:17:21.472, 3, 0, 10088
2026/05/25 02:17:36.622, 0, 13, 10490
2026/05/25 02:17:36.624, 1, 0, 10088
2026/05/25 02:17:36.625, 2, 0, 10088
2026/05/25 02:17:36.627, 3, 0, 10088
2026/05/25 02:17:51.714, 0, 4, 10490
2026/05/25 02:17:51.718, 1, 0, 10088
2026/05/25 02:17:51.721, 2, 100, 10088
2026/05/25 02:17:51.785, 3, 0, 10088
2026/05/25 02:18:07.020, 0, 8, 10490
2026/05/25 02:18:07.022, 1, 0, 10088
2026/05/25 02:18:07.023, 2, 0, 10088
2026/05/25 02:18:07.024, 3, 0, 10088
2026/05/25 02:18:22.209, 0, 9, 10490
2026/05/25 02:18:22.211, 1, 31, 10088
2026/05/25 02:18:22.213, 2, 100, 10088
2026/05/25 02:18:22.214, 3, 0, 10088
2026/05/25 02:18:37.373, 0, 100, 10490
2026/05/25 02:18:37.376, 1, 96, 10088
2026/05/25 02:18:37.379, 2, 100, 10088
2026/05/25 02:18:37.381, 3, 0, 10088
2026/05/25 02:18:52.486, 0, 14, 10490
2026/05/25 02:18:52.488, 1, 0, 10088
2026/05/25 02:18:52.490, 2, 0, 10088
2026/05/25 02:18:52.491, 3, 0, 10088
2026/05/25 02:19:07.616, 0, 9, 10490
2026/05/25 02:19:07.619, 1, 0, 10088
2026/05/25 02:19:07.622, 2, 0, 10088
2026/05/25 02:19:07.625, 3, 0, 10088
2026/05/25 02:19:22.721, 0, 4, 10490
2026/05/25 02:19:22.723, 1, 0, 10088
2026/05/25 02:19:22.725, 2, 0, 10088
2026/05/25 02:19:22.726, 3, 0, 10088
2026/05/25 02:19:38.021, 0, 9, 10490
2026/05/25 02:19:38.023, 1, 0, 10088
2026/05/25 02:19:38.024, 2, 0, 10088
2026/05/25 02:19:38.026, 3, 0, 10088
2026/05/25 02:19:53.225, 0, 7, 10490
2026/05/25 02:19:53.227, 1, 0, 10088
2026/05/25 02:19:53.228, 2, 0, 10088
2026/05/25 02:19:53.230, 3, 0, 10088
2026/05/25 02:20:08.450, 0, 6, 10490
2026/05/25 02:20:08.453, 1, 0, 10088
2026/05/25 02:20:08.454, 2, 0, 10088
2026/05/25 02:20:08.455, 3, 0, 10088
2026/05/25 02:20:23.582, 0, 100, 10490
2026/05/25 02:20:23.586, 1, 0, 10088
2026/05/25 02:20:23.587, 2, 0, 10088
2026/05/25 02:20:23.588, 3, 0, 10088
2026/05/25 02:20:38.703, 0, 100, 10490
2026/05/25 02:20:38.706, 1, 100, 10088
2026/05/25 02:20:38.709, 2, 100, 10088
2026/05/25 02:20:38.712, 3, 100, 10088
2026/05/25 02:20:53.862, 0, 0, 10490
2026/05/25 02:20:53.865, 1, 100, 10088
2026/05/25 02:20:53.869, 2, 0, 10088
2026/05/25 02:20:53.870, 3, 0, 10088
2026/05/25 02:21:08.989, 0, 9, 10490
2026/05/25 02:21:08.991, 1, 0, 10088
2026/05/25 02:21:08.993, 2, 0, 10088
2026/05/25 02:21:08.994, 3, 0, 10088
2026/05/25 02:21:24.213, 0, 5, 10490
2026/05/25 02:21:24.215, 1, 0, 10088
2026/05/25 02:21:24.217, 2, 0, 10088
2026/05/25 02:21:24.218, 3, 0, 10088
2026/05/25 02:21:39.337, 0, 9, 10490
2026/05/25 02:21:39.339, 1, 26, 10088
2026/05/25 02:21:39.341, 2, 0, 10088
2026/05/25 02:21:39.342, 3, 0, 10088
2026/05/25 02:21:54.445, 0, 1, 10490
2026/05/25 02:21:54.447, 1, 100, 10088
2026/05/25 02:21:54.448, 2, 0, 10088
2026/05/25 02:21:54.450, 3, 0, 10088
2026/05/25 02:22:09.657, 0, 100, 10490
2026/05/25 02:22:09.660, 1, 100, 10088
2026/05/25 02:22:09.662, 2, 100, 10088
2026/05/25 02:22:09.712, 3, 0, 10088
2026/05/25 02:22:24.809, 0, 9, 10490
2026/05/25 02:22:24.811, 1, 0, 10088
2026/05/25 02:22:24.812, 2, 0, 10088
2026/05/25 02:22:24.813, 3, 0, 10088
2026/05/25 02:22:40.175, 0, 100, 10490
2026/05/25 02:22:40.177, 1, 100, 10088
2026/05/25 02:22:40.178, 2, 0, 10088
2026/05/25 02:22:40.179, 3, 0, 10088
2026/05/25 02:22:55.374, 0, 3, 10490
2026/05/25 02:22:55.376, 1, 0, 10088
2026/05/25 02:22:55.377, 2, 0, 10088
2026/05/25 02:22:55.378, 3, 0, 10088
2026/05/25 02:23:10.481, 0, 100, 10490
2026/05/25 02:23:10.490, 1, 100, 10088
2026/05/25 02:23:10.492, 2, 100, 10088
2026/05/25 02:23:10.496, 3, 100, 10088
2026/05/25 02:23:25.773, 0, 100, 10490
2026/05/25 02:23:25.775, 1, 100, 10088
2026/05/25 02:23:25.777, 2, 100, 10088
2026/05/25 02:23:25.778, 3, 100, 10088
2026/05/25 02:23:40.878, 0, 19, 10490
2026/05/25 02:23:40.880, 1, 0, 10088
2026/05/25 02:23:40.881, 2, 0, 10088
2026/05/25 02:23:40.883, 3, 0, 10088
2026/05/25 02:23:55.985, 0, 8, 10490
2026/05/25 02:23:55.989, 1, 0, 10088
2026/05/25 02:23:55.992, 2, 0, 10088
2026/05/25 02:23:55.993, 3, 0, 10088
2026/05/25 02:24:11.085, 0, 1, 10490
2026/05/25 02:24:11.087, 1, 0, 10088
2026/05/25 02:24:11.089, 2, 0, 10088
2026/05/25 02:24:11.090, 3, 0, 10088
2026/05/25 02:24:26.473, 0, 5, 10490
2026/05/25 02:24:26.475, 1, 0, 10088
2026/05/25 02:24:26.476, 2, 0, 10088
2026/05/25 02:24:26.478, 3, 0, 10088
2026/05/25 02:24:41.978, 0, 26, 10490
2026/05/25 02:24:41.981, 1, 100, 10088
2026/05/25 02:24:41.984, 2, 100, 10088
2026/05/25 02:24:41.987, 3, 100, 10088
2026/05/25 02:24:57.197, 0, 14, 10490
2026/05/25 02:24:57.200, 1, 0, 10088
2026/05/25 02:24:57.201, 2, 0, 10088
2026/05/25 02:24:57.202, 3, 0, 10088
2026/05/25 02:25:12.285, 0, 9, 10490
2026/05/25 02:25:12.287, 1, 0, 10088
2026/05/25 02:25:12.288, 2, 0, 10088
2026/05/25 02:25:12.290, 3, 0, 10088
2026/05/25 02:25:27.466, 0, 100, 10490
2026/05/25 02:25:27.469, 1, 65, 10088
2026/05/25 02:25:27.471, 2, 100, 10088
2026/05/25 02:25:27.473, 3, 0, 10088
2026/05/25 02:25:42.581, 0, 100, 10490
2026/05/25 02:25:42.583, 1, 100, 10088
2026/05/25 02:25:42.584, 2, 94, 10088
2026/05/25 02:25:42.586, 3, 100, 10088
2026/05/25 02:25:57.686, 0, 7, 10490
2026/05/25 02:25:57.688, 1, 0, 10088
2026/05/25 02:25:57.689, 2, 0, 10088
2026/05/25 02:25:57.690, 3, 0, 10088
2026/05/25 02:26:13.006, 0, 14, 10490
2026/05/25 02:26:13.008, 1, 0, 10088
2026/05/25 02:26:13.009, 2, 0, 10088
2026/05/25 02:26:13.011, 3, 0, 10088
2026/05/25 02:26:28.114, 0, 8, 10490
2026/05/25 02:26:28.120, 1, 0, 10088
2026/05/25 02:26:28.121, 2, 0, 10088
2026/05/25 02:26:28.122, 3, 0, 10088
2026/05/25 02:26:43.206, 0, 8, 10490
2026/05/25 02:26:43.208, 1, 0, 10088
2026/05/25 02:26:43.210, 2, 0, 10088
2026/05/25 02:26:43.211, 3, 0, 10088
2026/05/25 02:26:58.297, 0, 5, 10490
2026/05/25 02:26:58.299, 1, 0, 10088
2026/05/25 02:26:58.300, 2, 0, 10088
2026/05/25 02:26:58.301, 3, 0, 10088
2026/05/25 02:27:13.406, 0, 12, 10490
2026/05/25 02:27:13.408, 1, 0, 10088
2026/05/25 02:27:13.409, 2, 0, 10088
2026/05/25 02:27:13.411, 3, 0, 10088
2026/05/25 02:27:28.529, 0, 9, 10490
2026/05/25 02:27:28.531, 1, 0, 10088
2026/05/25 02:27:28.532, 2, 0, 10088
2026/05/25 02:27:28.533, 3, 0, 10088
2026/05/25 02:27:43.715, 0, 2, 10490
2026/05/25 02:27:43.717, 1, 0, 10088
2026/05/25 02:27:43.718, 2, 0, 10088
2026/05/25 02:27:43.719, 3, 0, 10088
2026/05/25 02:27:58.809, 0, 8, 10490
2026/05/25 02:27:58.811, 1, 0, 10088
2026/05/25 02:27:58.812, 2, 0, 10088
2026/05/25 02:27:58.814, 3, 0, 10088
2026/05/25 02:28:13.939, 0, 100, 10490
2026/05/25 02:28:13.943, 1, 100, 10088
2026/05/25 02:28:13.946, 2, 100, 10088
2026/05/25 02:28:13.949, 3, 100, 10088
2026/05/25 02:28:29.045, 0, 9, 10490
2026/05/25 02:28:29.047, 1, 0, 10088
2026/05/25 02:28:29.049, 2, 0, 10088
2026/05/25 02:28:29.050, 3, 0, 10088
2026/05/25 02:28:44.134, 0, 7, 10490
2026/05/25 02:28:44.136, 1, 0, 10088
2026/05/25 02:28:44.137, 2, 0, 10088
2026/05/25 02:28:44.139, 3, 0, 10088
2026/05/25 02:28:59.299, 0, 4, 10490
2026/05/25 02:28:59.301, 1, 0, 10088
2026/05/25 02:28:59.303, 2, 0, 10088
2026/05/25 02:28:59.304, 3, 0, 10088
2026/05/25 02:29:14.410, 0, 9, 10490
2026/05/25 02:29:14.412, 1, 0, 10088
2026/05/25 02:29:14.414, 2, 0, 10088
2026/05/25 02:29:14.415, 3, 0, 10088
2026/05/25 02:29:29.497, 0, 10, 10490
2026/05/25 02:29:29.499, 1, 0, 10088
2026/05/25 02:29:29.501, 2, 0, 10088
2026/05/25 02:29:29.502, 3, 0, 10088
2026/05/25 02:29:44.725, 0, 2, 10490
2026/05/25 02:29:44.727, 1, 4, 10088
2026/05/25 02:29:44.728, 2, 0, 10088
2026/05/25 02:29:44.729, 3, 0, 10088
2026/05/25 02:29:59.919, 0, 10, 10490
2026/05/25 02:29:59.921, 1, 0, 10088
2026/05/25 02:29:59.922, 2, 0, 10088
2026/05/25 02:29:59.923, 3, 0, 10088
2026/05/25 02:30:15.005, 0, 100, 10490
2026/05/25 02:30:15.007, 1, 0, 10088
2026/05/25 02:30:15.009, 2, 100, 10088
2026/05/25 02:30:15.010, 3, 0, 10088
2026/05/25 02:30:30.110, 0, 33, 10490
2026/05/25 02:30:30.112, 1, 0, 10088
2026/05/25 02:30:30.113, 2, 40, 10088
2026/05/25 02:30:30.114, 3, 0, 10088
2026/05/25 02:30:45.198, 0, 4, 10490
2026/05/25 02:30:45.200, 1, 0, 10088
2026/05/25 02:30:45.202, 2, 96, 10088
2026/05/25 02:30:45.203, 3, 0, 10088
2026/05/25 02:31:00.396, 0, 14, 10490
2026/05/25 02:31:00.398, 1, 0, 10088
2026/05/25 02:31:00.400, 2, 0, 10088
2026/05/25 02:31:00.401, 3, 0, 10088
2026/05/25 02:31:15.504, 0, 100, 10490
2026/05/25 02:31:15.508, 1, 100, 10088
2026/05/25 02:31:15.511, 2, 100, 10088
2026/05/25 02:31:15.514, 3, 100, 10088
2026/05/25 02:31:30.668, 0, 9, 10490
2026/05/25 02:31:30.672, 1, 0, 10088
2026/05/25 02:31:30.673, 2, 0, 10088
2026/05/25 02:31:30.676, 3, 0, 10088
2026/05/25 02:31:45.934, 0, 100, 10490
2026/05/25 02:31:45.937, 1, 21, 10088
2026/05/25 02:31:45.940, 2, 100, 10088
2026/05/25 02:31:45.942, 3, 98, 10088
2026/05/25 02:32:01.038, 0, 9, 10490
2026/05/25 02:32:01.040, 1, 0, 10088
2026/05/25 02:32:01.041, 2, 0, 10088
2026/05/25 02:32:01.042, 3, 0, 10088
2026/05/25 02:32:16.128, 0, 100, 10490
2026/05/25 02:32:16.130, 1, 100, 10088
2026/05/25 02:32:16.131, 2, 100, 10088
2026/05/25 02:32:16.133, 3, 100, 10088
2026/05/25 02:32:31.333, 0, 2, 10490
2026/05/25 02:32:31.335, 1, 0, 10088
2026/05/25 02:32:31.337, 2, 0, 10088
2026/05/25 02:32:31.338, 3, 0, 10088
2026/05/25 02:32:46.641, 0, 100, 10490
2026/05/25 02:32:46.643, 1, 0, 10088
2026/05/25 02:32:46.644, 2, 0, 10088
2026/05/25 02:32:46.646, 3, 0, 10088
2026/05/25 02:33:01.730, 0, 100, 10490
2026/05/25 02:33:01.732, 1, 100, 10088
2026/05/25 02:33:01.733, 2, 89, 10088
2026/05/25 02:33:01.734, 3, 100, 10088
2026/05/25 02:33:16.878, 0, 9, 10490
2026/05/25 02:33:16.882, 1, 0, 10088
2026/05/25 02:33:16.885, 2, 0, 10088
2026/05/25 02:33:16.888, 3, 0, 10088
2026/05/25 02:33:32.039, 0, 18, 10490
2026/05/25 02:33:32.041, 1, 0, 10088
2026/05/25 02:33:32.043, 2, 0, 10088
2026/05/25 02:33:32.044, 3, 0, 10088
2026/05/25 02:33:47.191, 0, 100, 10490
2026/05/25 02:33:47.195, 1, 100, 10088
2026/05/25 02:33:47.198, 2, 100, 10088
2026/05/25 02:33:47.201, 3, 100, 10088
2026/05/25 02:34:02.382, 0, 4, 10490
2026/05/25 02:34:02.384, 1, 0, 10088
2026/05/25 02:34:02.385, 2, 0, 10088
2026/05/25 02:34:02.386, 3, 0, 10088
2026/05/25 02:34:17.469, 0, 8, 10490
2026/05/25 02:34:17.472, 1, 0, 10088
2026/05/25 02:34:17.473, 2, 0, 10088
2026/05/25 02:34:17.474, 3, 0, 10088
2026/05/25 02:34:32.558, 0, 8, 10490
2026/05/25 02:34:32.560, 1, 0, 10088
2026/05/25 02:34:32.561, 2, 0, 10088
2026/05/25 02:34:32.562, 3, 0, 10088
2026/05/25 02:34:47.685, 0, 16, 10490
2026/05/25 02:34:47.688, 1, 0, 10088
2026/05/25 02:34:47.689, 2, 0, 10088
2026/05/25 02:34:47.690, 3, 0, 10088
2026/05/25 02:35:02.976, 0, 1, 10490
2026/05/25 02:35:02.978, 1, 0, 10088
2026/05/25 02:35:02.979, 2, 0, 10088
2026/05/25 02:35:02.981, 3, 0, 10088
2026/05/25 02:35:18.101, 0, 52, 10490
2026/05/25 02:35:18.103, 1, 0, 10088
2026/05/25 02:35:18.105, 2, 0, 10088
2026/05/25 02:35:18.106, 3, 0, 10088
2026/05/25 02:35:33.224, 0, 100, 10490
2026/05/25 02:35:33.226, 1, 0, 10088
2026/05/25 02:35:33.227, 2, 100, 10088
2026/05/25 02:35:33.228, 3, 0, 10088
2026/05/25 02:35:48.330, 0, 8, 10490
2026/05/25 02:35:48.332, 1, 0, 10088
2026/05/25 02:35:48.333, 2, 0, 10088
2026/05/25 02:35:48.334, 3, 0, 10088
2026/05/25 02:36:03.699, 0, 5, 10490
2026/05/25 02:36:03.701, 1, 0, 10088
2026/05/25 02:36:03.702, 2, 0, 10088
2026/05/25 02:36:03.703, 3, 0, 10088
2026/05/25 02:36:18.785, 0, 3, 10490
2026/05/25 02:36:18.787, 1, 2, 10088
2026/05/25 02:36:18.789, 2, 0, 10088
2026/05/25 02:36:18.790, 3, 0, 10088
2026/05/25 02:36:33.873, 0, 100, 10490
2026/05/25 02:36:33.875, 1, 100, 10088
2026/05/25 02:36:33.877, 2, 100, 10088
2026/05/25 02:36:33.878, 3, 100, 10088
2026/05/25 02:36:48.961, 0, 5, 10490
2026/05/25 02:36:48.963, 1, 0, 10088
2026/05/25 02:36:48.965, 2, 0, 10088
2026/05/25 02:36:48.966, 3, 0, 10088
2026/05/25 02:37:04.327, 0, 0, 10490
2026/05/25 02:37:04.329, 1, 0, 10088
2026/05/25 02:37:04.330, 2, 0, 10088
2026/05/25 02:37:04.330, 3, 0, 10088
2026/05/25 02:37:19.426, 0, 16, 10490
2026/05/25 02:37:19.428, 1, 0, 10088
2026/05/25 02:37:19.430, 2, 0, 10088
2026/05/25 02:37:19.431, 3, 0, 10088
2026/05/25 02:37:34.582, 0, 100, 10490
2026/05/25 02:37:34.585, 1, 100, 10088
2026/05/25 02:37:34.586, 2, 0, 10088
2026/05/25 02:37:34.589, 3, 0, 10088
2026/05/25 02:37:49.702, 0, 6, 10490
2026/05/25 02:37:49.704, 1, 0, 10088
2026/05/25 02:37:49.705, 2, 0, 10088
2026/05/25 02:37:49.706, 3, 0, 10088
2026/05/25 02:38:05.008, 0, 7, 10490
2026/05/25 02:38:05.009, 1, 0, 10088
2026/05/25 02:38:05.010, 2, 0, 10088
2026/05/25 02:38:05.011, 3, 0, 10088
2026/05/25 02:38:20.114, 0, 13, 10490
2026/05/25 02:38:20.116, 1, 0, 10088
2026/05/25 02:38:20.117, 2, 0, 10088
2026/05/25 02:38:20.119, 3, 0, 10088
2026/05/25 02:38:35.202, 0, 100, 10490
2026/05/25 02:38:35.204, 1, 85, 10088
2026/05/25 02:38:35.205, 2, 100, 10088
2026/05/25 02:38:35.206, 3, 74, 10088
2026/05/25 02:38:50.289, 0, 9, 10490
2026/05/25 02:38:50.294, 1, 0, 10088
2026/05/25 02:38:50.297, 2, 0, 10088
2026/05/25 02:38:50.300, 3, 0, 10088
2026/05/25 02:39:05.473, 0, 2, 10490
2026/05/25 02:39:05.475, 1, 0, 10088
2026/05/25 02:39:05.476, 2, 0, 10088
2026/05/25 02:39:05.477, 3, 0, 10088
2026/05/25 02:39:20.605, 0, 8, 10490
2026/05/25 02:39:20.607, 1, 100, 10088
2026/05/25 02:39:20.609, 2, 0, 10088
2026/05/25 02:39:20.610, 3, 0, 10088
2026/05/25 02:39:35.710, 0, 13, 10490
2026/05/25 02:39:35.712, 1, 0, 10088
2026/05/25 02:39:35.713, 2, 0, 10088
2026/05/25 02:39:35.714, 3, 0, 10088
2026/05/25 02:39:50.800, 0, 10, 10490
2026/05/25 02:39:50.803, 1, 0, 10088
2026/05/25 02:39:50.804, 2, 0, 10088
2026/05/25 02:39:50.806, 3, 0, 10088
2026/05/25 02:40:05.893, 0, 100, 10490
2026/05/25 02:40:05.895, 1, 100, 10088
2026/05/25 02:40:05.897, 2, 98, 10088
2026/05/25 02:40:05.898, 3, 0, 10088
2026/05/25 02:40:21.093, 0, 8, 10490
2026/05/25 02:40:21.096, 1, 0, 10088
2026/05/25 02:40:21.097, 2, 0, 10088
2026/05/25 02:40:21.186, 3, 0, 10088
2026/05/25 02:40:36.269, 0, 9, 10490
2026/05/25 02:40:36.271, 1, 0, 10088
2026/05/25 02:40:36.273, 2, 0, 10088
2026/05/25 02:40:36.274, 3, 0, 10088
2026/05/25 02:40:51.375, 0, 14, 10490
2026/05/25 02:40:51.377, 1, 0, 10088
2026/05/25 02:40:51.378, 2, 0, 10088
2026/05/25 02:40:51.380, 3, 0, 10088
2026/05/25 02:41:06.487, 0, 7, 10490
2026/05/25 02:41:06.489, 1, 0, 10088
2026/05/25 02:41:06.490, 2, 0, 10088
2026/05/25 02:41:06.491, 3, 0, 10088
2026/05/25 02:41:21.986, 0, 100, 10490
2026/05/25 02:41:21.988, 1, 98, 10088
2026/05/25 02:41:21.989, 2, 100, 10088
2026/05/25 02:41:21.990, 3, 0, 10088
2026/05/25 02:41:37.126, 0, 100, 10490
2026/05/25 02:41:37.128, 1, 100, 10088
2026/05/25 02:41:37.129, 2, 100, 10088
2026/05/25 02:41:37.130, 3, 0, 10088
2026/05/25 02:41:52.295, 0, 100, 10490
2026/05/25 02:41:52.299, 1, 88, 10088
2026/05/25 02:41:52.302, 2, 0, 10088
2026/05/25 02:41:52.306, 3, 0, 10088
2026/05/25 02:42:07.414, 0, 15, 10490
2026/05/25 02:42:07.417, 1, 0, 10088
2026/05/25 02:42:07.418, 2, 0, 10088
2026/05/25 02:42:07.419, 3, 0, 10088
2026/05/25 02:42:23.156, 0, 0, 10490
2026/05/25 02:42:23.159, 1, 100, 10088
2026/05/25 02:42:23.161, 2, 0, 10088
2026/05/25 02:42:23.162, 3, 0, 10088
2026/05/25 02:42:38.239, 0, 100, 10490
2026/05/25 02:42:38.241, 1, 100, 10088
2026/05/25 02:42:38.242, 2, 100, 10088
2026/05/25 02:42:38.243, 3, 100, 10088
2026/05/25 02:42:53.325, 0, 8, 10490
2026/05/25 02:42:53.327, 1, 0, 10088
2026/05/25 02:42:53.329, 2, 0, 10088
2026/05/25 02:42:53.330, 3, 0, 10088
2026/05/25 02:43:08.413, 0, 9, 10490
2026/05/25 02:43:08.415, 1, 0, 10088
2026/05/25 02:43:08.417, 2, 0, 10088
2026/05/25 02:43:08.418, 3, 0, 10088
2026/05/25 02:43:23.643, 0, 5, 10490
2026/05/25 02:43:23.645, 1, 0, 10088
2026/05/25 02:43:23.646, 2, 0, 10088
2026/05/25 02:43:23.647, 3, 0, 10088
2026/05/25 02:43:38.726, 0, 100, 10490
2026/05/25 02:43:38.728, 1, 100, 10088
2026/05/25 02:43:38.729, 2, 100, 10088
2026/05/25 02:43:38.730, 3, 100, 10088
2026/05/25 02:43:53.861, 0, 16, 10490
2026/05/25 02:43:53.865, 1, 100, 10088
2026/05/25 02:43:53.868, 2, 100, 10088
2026/05/25 02:43:53.872, 3, 0, 10088
2026/05/25 02:44:09.013, 0, 9, 10490
2026/05/25 02:44:09.016, 1, 0, 10088
2026/05/25 02:44:09.017, 2, 0, 10088
2026/05/25 02:44:09.018, 3, 0, 10088
2026/05/25 02:44:24.310, 0, 100, 10490
2026/05/25 02:44:24.311, 1, 100, 10088
2026/05/25 02:44:24.312, 2, 0, 10088
2026/05/25 02:44:24.313, 3, 0, 10088
2026/05/25 02:44:39.623, 0, 14, 10490
2026/05/25 02:44:39.625, 1, 0, 10088
2026/05/25 02:44:39.748, 2, 0, 10088
2026/05/25 02:44:39.749, 3, 0, 10088
2026/05/25 02:44:54.883, 0, 100, 10490
2026/05/25 02:44:54.887, 1, 100, 10088
2026/05/25 02:44:54.890, 2, 0, 10088
2026/05/25 02:44:54.893, 3, 0, 10088
2026/05/25 02:45:09.996, 0, 100, 10490
2026/05/25 02:45:09.998, 1, 100, 10088
2026/05/25 02:45:09.999, 2, 0, 10088
2026/05/25 02:45:10.000, 3, 0, 10088
2026/05/25 02:45:25.082, 0, 0, 10490
2026/05/25 02:45:25.084, 1, 0, 10088
2026/05/25 02:45:25.085, 2, 0, 10088
2026/05/25 02:45:25.087, 3, 0, 10088
2026/05/25 02:45:40.457, 0, 13, 10490
2026/05/25 02:45:40.460, 1, 0, 10088
2026/05/25 02:45:40.461, 2, 0, 10088
2026/05/25 02:45:40.462, 3, 0, 10088
2026/05/25 02:45:55.564, 0, 9, 10490
2026/05/25 02:45:55.566, 1, 0, 10088
2026/05/25 02:45:55.567, 2, 0, 10088
2026/05/25 02:45:55.569, 3, 0, 10088
2026/05/25 02:46:10.662, 0, 9, 10490
2026/05/25 02:46:10.666, 1, 0, 10088
2026/05/25 02:46:10.668, 2, 0, 10088
2026/05/25 02:46:10.671, 3, 0, 10088
2026/05/25 02:46:25.819, 0, 100, 10490
2026/05/25 02:46:25.823, 1, 0, 10088
2026/05/25 02:46:25.824, 2, 0, 10088
2026/05/25 02:46:25.867, 3, 0, 10088
2026/05/25 02:46:40.954, 0, 3, 10490
2026/05/25 02:46:40.956, 1, 100, 10088
2026/05/25 02:46:40.958, 2, 0, 10088
2026/05/25 02:46:40.959, 3, 100, 10088
2026/05/25 02:46:56.066, 0, 19, 10490
2026/05/25 02:46:56.068, 1, 0, 10088
2026/05/25 02:46:56.069, 2, 0, 10088
2026/05/25 02:46:56.070, 3, 0, 10088
2026/05/25 02:47:11.157, 0, 9, 10490
2026/05/25 02:47:11.159, 1, 0, 10088
2026/05/25 02:47:11.160, 2, 0, 10088
2026/05/25 02:47:11.162, 3, 0, 10088
2026/05/25 02:47:26.358, 0, 9, 10490
2026/05/25 02:47:26.360, 1, 0, 10088
2026/05/25 02:47:26.362, 2, 100, 10088
2026/05/25 02:47:26.363, 3, 0, 10088
2026/05/25 02:47:41.516, 0, 100, 10490
2026/05/25 02:47:41.519, 1, 100, 10088
2026/05/25 02:47:41.522, 2, 100, 10088
2026/05/25 02:47:41.524, 3, 0, 10088
2026/05/25 02:47:56.634, 0, 9, 10490
2026/05/25 02:47:56.636, 1, 0, 10088
2026/05/25 02:47:56.637, 2, 0, 10088
2026/05/25 02:47:56.639, 3, 0, 10088
2026/05/25 02:48:11.827, 0, 6, 10490
2026/05/25 02:48:11.830, 1, 0, 10088
2026/05/25 02:48:11.831, 2, 0, 10088
2026/05/25 02:48:11.832, 3, 0, 10088
2026/05/25 02:48:26.919, 0, 4, 10490
2026/05/25 02:48:26.921, 1, 0, 10088
2026/05/25 02:48:26.923, 2, 0, 10088
2026/05/25 02:48:26.924, 3, 0, 10088
2026/05/25 02:48:42.198, 0, 100, 10490
2026/05/25 02:48:42.202, 1, 0, 10088
2026/05/25 02:48:42.204, 2, 100, 10088
2026/05/25 02:48:42.207, 3, 0, 10088
2026/05/25 02:48:57.309, 0, 9, 10490
2026/05/25 02:48:57.312, 1, 0, 10088
2026/05/25 02:48:57.314, 2, 0, 10088
2026/05/25 02:48:57.315, 3, 0, 10088
2026/05/25 02:49:12.401, 0, 6, 10490
2026/05/25 02:49:12.403, 1, 0, 10088
2026/05/25 02:49:12.404, 2, 100, 10088
2026/05/25 02:49:12.406, 3, 0, 10088
2026/05/25 02:49:27.506, 0, 10, 10490
2026/05/25 02:49:27.508, 1, 0, 10088
2026/05/25 02:49:27.509, 2, 0, 10088
2026/05/25 02:49:27.510, 3, 0, 10088
2026/05/25 02:49:42.594, 0, 9, 10490
2026/05/25 02:49:42.595, 1, 0, 10088
2026/05/25 02:49:42.597, 2, 0, 10088
2026/05/25 02:49:42.598, 3, 29, 10088
2026/05/25 02:49:57.744, 0, 9, 10490
2026/05/25 02:49:57.748, 1, 0, 10088
2026/05/25 02:49:57.749, 2, 0, 10088
2026/05/25 02:49:57.751, 3, 0, 10088
2026/05/25 02:50:12.876, 0, 100, 10490
2026/05/25 02:50:12.880, 1, 100, 10088
2026/05/25 02:50:12.883, 2, 100, 10088
2026/05/25 02:50:12.886, 3, 100, 10088
2026/05/25 02:50:28.198, 0, 100, 10490
2026/05/25 02:50:28.200, 1, 0, 10088
2026/05/25 02:50:28.202, 2, 100, 10088
2026/05/25 02:50:28.203, 3, 0, 10088
2026/05/25 02:50:43.302, 0, 13, 10490
2026/05/25 02:50:43.304, 1, 0, 10088
2026/05/25 02:50:43.305, 2, 0, 10088
2026/05/25 02:50:43.307, 3, 0, 10088
2026/05/25 02:50:58.418, 0, 9, 10490
2026/05/25 02:50:58.420, 1, 0, 10088
2026/05/25 02:50:58.421, 2, 0, 10088
2026/05/25 02:50:58.422, 3, 0, 10088
2026/05/25 02:51:13.543, 0, 6, 10490
2026/05/25 02:51:13.548, 1, 0, 10088
2026/05/25 02:51:13.551, 2, 100, 10088
2026/05/25 02:51:13.554, 3, 0, 10088
2026/05/25 02:51:28.645, 0, 8, 10490
2026/05/25 02:51:28.647, 1, 0, 10088
2026/05/25 02:51:28.649, 2, 0, 10088
2026/05/25 02:51:28.650, 3, 0, 10088
2026/05/25 02:51:43.745, 0, 6, 10490
2026/05/25 02:51:43.747, 1, 0, 10088
2026/05/25 02:51:43.748, 2, 0, 10088
2026/05/25 02:51:43.750, 3, 0, 10088
2026/05/25 02:51:58.918, 0, 12, 10490
2026/05/25 02:51:58.920, 1, 0, 10088
2026/05/25 02:51:58.921, 2, 0, 10088
2026/05/25 02:51:58.922, 3, 0, 10088
2026/05/25 02:52:14.011, 0, 100, 10490
2026/05/25 02:52:14.013, 1, 76, 10088
2026/05/25 02:52:14.014, 2, 100, 10088
2026/05/25 02:52:14.016, 3, 96, 10088
2026/05/25 02:52:29.097, 0, 100, 10490
2026/05/25 02:52:29.099, 1, 0, 10088
2026/05/25 02:52:29.101, 2, 100, 10088
2026/05/25 02:52:29.102, 3, 0, 10088
2026/05/25 02:52:44.255, 0, 100, 10490
2026/05/25 02:52:44.258, 1, 100, 10088
2026/05/25 02:52:44.262, 2, 100, 10088
2026/05/25 02:52:44.265, 3, 100, 10088
2026/05/25 02:52:59.357, 0, 0, 10490
2026/05/25 02:52:59.359, 1, 0, 10088
2026/05/25 02:52:59.361, 2, 0, 10088
2026/05/25 02:52:59.362, 3, 0, 10088
2026/05/25 02:53:14.618, 0, 6, 10490
2026/05/25 02:53:14.620, 1, 0, 10088
2026/05/25 02:53:14.622, 2, 0, 10088
2026/05/25 02:53:14.623, 3, 0, 10088
2026/05/25 02:53:29.924, 0, 100, 10490
2026/05/25 02:53:29.926, 1, 100, 10088
2026/05/25 02:53:29.927, 2, 100, 10088
2026/05/25 02:53:29.928, 3, 75, 10088
2026/05/25 02:53:45.086, 0, 100, 10490
2026/05/25 02:53:45.092, 1, 98, 10088
2026/05/25 02:53:45.095, 2, 100, 10088
2026/05/25 02:53:45.098, 3, 0, 10088
2026/05/25 02:54:00.218, 0, 5, 10490
2026/05/25 02:54:00.223, 1, 100, 10088
2026/05/25 02:54:00.226, 2, 0, 10088
2026/05/25 02:54:00.230, 3, 0, 10088
2026/05/25 02:54:15.321, 0, 67, 10490
2026/05/25 02:54:15.323, 1, 100, 10088
2026/05/25 02:54:15.325, 2, 100, 10088
2026/05/25 02:54:15.326, 3, 100, 10088
2026/05/25 02:54:30.426, 0, 13, 10490
2026/05/25 02:54:30.428, 1, 0, 10088
2026/05/25 02:54:30.429, 2, 0, 10088
2026/05/25 02:54:30.430, 3, 0, 10088
2026/05/25 02:54:45.514, 0, 0, 10490
2026/05/25 02:54:45.516, 1, 0, 10088
2026/05/25 02:54:45.517, 2, 0, 10088
2026/05/25 02:54:45.518, 3, 0, 10088
2026/05/25 02:55:01.171, 0, 100, 10490
2026/05/25 02:55:01.173, 1, 0, 10088
2026/05/25 02:55:01.174, 2, 0, 10088
2026/05/25 02:55:01.175, 3, 0, 10088
2026/05/25 02:55:16.509, 0, 2, 10490
2026/05/25 02:55:16.510, 1, 0, 10088
2026/05/25 02:55:16.511, 2, 0, 10088
2026/05/25 02:55:16.512, 3, 0, 10088
2026/05/25 02:55:31.593, 0, 14, 10490
2026/05/25 02:55:31.596, 1, 0, 10088
2026/05/25 02:55:31.597, 2, 0, 10088
2026/05/25 02:55:31.598, 3, 0, 10088
2026/05/25 02:55:46.725, 0, 100, 10490
2026/05/25 02:55:46.729, 1, 85, 10088
2026/05/25 02:55:46.732, 2, 100, 10088
2026/05/25 02:55:46.734, 3, 94, 10088
2026/05/25 02:56:01.864, 0, 100, 10490
2026/05/25 02:56:01.868, 1, 0, 10088
2026/05/25 02:56:01.869, 2, 0, 10088
2026/05/25 02:56:01.871, 3, 0, 10088
2026/05/25 02:56:17.084, 0, 100, 10490
2026/05/25 02:56:17.144, 1, 100, 10088
2026/05/25 02:56:17.147, 2, 0, 10088
2026/05/25 02:56:17.149, 3, 95, 10088
2026/05/25 02:56:32.356, 0, 5, 10490
2026/05/25 02:56:32.360, 1, 100, 10088
2026/05/25 02:56:32.363, 2, 0, 10088
2026/05/25 02:56:32.366, 3, 100, 10088
2026/05/25 02:56:47.680, 0, 5, 10490
2026/05/25 02:56:47.682, 1, 0, 10088
2026/05/25 02:56:47.683, 2, 0, 10088
2026/05/25 02:56:47.684, 3, 0, 10088
2026/05/25 02:57:02.972, 0, 9, 10490
2026/05/25 02:57:02.974, 1, 0, 10088
2026/05/25 02:57:02.976, 2, 0, 10088
2026/05/25 02:57:02.977, 3, 0, 10088
2026/05/25 02:57:18.081, 0, 100, 10490
2026/05/25 02:57:18.085, 1, 87, 10088
2026/05/25 02:57:18.088, 2, 100, 10088
2026/05/25 02:57:18.092, 3, 0, 10088
2026/05/25 02:57:33.194, 0, 100, 10490
2026/05/25 02:57:33.196, 1, 77, 10088
2026/05/25 02:57:33.197, 2, 100, 10088
2026/05/25 02:57:33.198, 3, 100, 10088
2026/05/25 02:57:48.310, 0, 9, 10490
2026/05/25 02:57:48.313, 1, 100, 10088
2026/05/25 02:57:48.316, 2, 0, 10088
2026/05/25 02:57:48.320, 3, 100, 10088
2026/05/25 02:58:03.453, 0, 14, 10490
2026/05/25 02:58:03.456, 1, 0, 10088
2026/05/25 02:58:03.457, 2, 0, 10088
2026/05/25 02:58:03.458, 3, 0, 10088
2026/05/25 02:58:18.614, 0, 0, 10490
2026/05/25 02:58:18.616, 1, 0, 10088
2026/05/25 02:58:18.617, 2, 0, 10088
2026/05/25 02:58:18.618, 3, 0, 10088
2026/05/25 02:58:33.902, 0, 7, 10490
2026/05/25 02:58:33.906, 1, 0, 10088
2026/05/25 02:58:34.104, 2, 0, 10088
2026/05/25 02:58:34.105, 3, 0, 10088
2026/05/25 02:58:49.189, 0, 9, 10490
2026/05/25 02:58:49.191, 1, 0, 10088
2026/05/25 02:58:49.193, 2, 0, 10088
2026/05/25 02:58:49.194, 3, 0, 10088
2026/05/25 02:59:04.302, 0, 9, 10490
2026/05/25 02:59:04.305, 1, 0, 10088
2026/05/25 02:59:04.306, 2, 0, 10088
2026/05/25 02:59:04.307, 3, 0, 10088
2026/05/25 02:59:19.413, 0, 9, 10490
2026/05/25 02:59:19.415, 1, 0, 10088
2026/05/25 02:59:19.417, 2, 0, 10088
2026/05/25 02:59:19.419, 3, 0, 10088
2026/05/25 02:59:34.515, 0, 68, 10490
2026/05/25 02:59:34.519, 1, 0, 10088
2026/05/25 02:59:34.523, 2, 0, 10088
2026/05/25 02:59:34.526, 3, 0, 10088
2026/05/25 02:59:49.638, 0, 9, 10490
2026/05/25 02:59:49.640, 1, 0, 10088
2026/05/25 02:59:49.641, 2, 0, 10088
2026/05/25 02:59:49.643, 3, 0, 10088
2026/05/25 03:00:04.725, 0, 100, 10490
2026/05/25 03:00:04.727, 1, 0, 10088
2026/05/25 03:00:04.728, 2, 0, 10088
2026/05/25 03:00:04.730, 3, 0, 10088
2026/05/25 03:00:19.830, 0, 15, 10490
2026/05/25 03:00:19.832, 1, 0, 10088
2026/05/25 03:00:19.833, 2, 0, 10088
2026/05/25 03:00:19.835, 3, 0, 10088
2026/05/25 03:00:35.014, 0, 5, 10490
2026/05/25 03:00:35.016, 1, 0, 10088
2026/05/25 03:00:35.017, 2, 0, 10088
2026/05/25 03:00:35.018, 3, 0, 10088
2026/05/25 03:00:50.426, 0, 100, 10490
2026/05/25 03:00:50.428, 1, 100, 10088
2026/05/25 03:00:50.430, 2, 0, 10088
2026/05/25 03:00:50.431, 3, 0, 10088
2026/05/25 03:01:05.513, 0, 9, 10490
2026/05/25 03:01:05.515, 1, 0, 10088
2026/05/25 03:01:05.517, 2, 0, 10088
2026/05/25 03:01:05.518, 3, 0, 10088
2026/05/25 03:01:20.602, 0, 6, 10490
2026/05/25 03:01:20.604, 1, 0, 10088
2026/05/25 03:01:20.606, 2, 0, 10088
2026/05/25 03:01:20.607, 3, 0, 10088
2026/05/25 03:01:35.711, 0, 2, 10490
2026/05/25 03:01:35.713, 1, 0, 10088
2026/05/25 03:01:35.714, 2, 0, 10088
2026/05/25 03:01:35.715, 3, 0, 10088
2026/05/25 03:01:50.929, 0, 9, 10490
2026/05/25 03:01:50.931, 1, 0, 10088
2026/05/25 03:01:50.932, 2, 0, 10088
2026/05/25 03:01:50.933, 3, 0, 10088
2026/05/25 03:02:06.035, 0, 100, 10490
2026/05/25 03:02:06.037, 1, 0, 10088
2026/05/25 03:02:06.039, 2, 0, 10088
2026/05/25 03:02:06.040, 3, 0, 10088
2026/05/25 03:02:21.141, 0, 8, 10490
2026/05/25 03:02:21.143, 1, 0, 10088
2026/05/25 03:02:21.144, 2, 0, 10088
2026/05/25 03:02:21.146, 3, 0, 10088
2026/05/25 03:02:36.274, 0, 7, 10490
2026/05/25 03:02:36.278, 1, 0, 10088
2026/05/25 03:02:36.281, 2, 0, 10088
2026/05/25 03:02:36.285, 3, 0, 10088
2026/05/25 03:02:51.576, 0, 0, 10490
2026/05/25 03:02:51.578, 1, 0, 10088
2026/05/25 03:02:51.579, 2, 0, 10088
2026/05/25 03:02:51.580, 3, 0, 10088
2026/05/25 03:03:06.677, 0, 9, 10490
2026/05/25 03:03:06.679, 1, 0, 10088
2026/05/25 03:03:06.681, 2, 0, 10088
2026/05/25 03:03:06.682, 3, 0, 10088
2026/05/25 03:03:21.808, 0, 10, 10490
2026/05/25 03:03:21.812, 1, 0, 10088
2026/05/25 03:03:21.814, 2, 0, 10088
2026/05/25 03:03:21.818, 3, 0, 10088
2026/05/25 03:03:36.909, 0, 0, 10490
2026/05/25 03:03:36.912, 1, 0, 10088
2026/05/25 03:03:36.913, 2, 0, 10088
2026/05/25 03:03:36.914, 3, 0, 10088
2026/05/25 03:03:52.275, 0, 11, 10490
2026/05/25 03:03:52.277, 1, 0, 10088
2026/05/25 03:03:52.278, 2, 0, 10088
2026/05/25 03:03:52.279, 3, 0, 10088
2026/05/25 03:04:07.380, 0, 100, 10490
2026/05/25 03:04:07.382, 1, 100, 10088
2026/05/25 03:04:07.384, 2, 0, 10088
2026/05/25 03:04:07.385, 3, 0, 10088
2026/05/25 03:04:22.469, 0, 8, 10490
2026/05/25 03:04:22.471, 1, 100, 10088
2026/05/25 03:04:22.473, 2, 100, 10088
2026/05/25 03:04:22.474, 3, 100, 10088
2026/05/25 03:04:37.557, 0, 9, 10490
2026/05/25 03:04:37.559, 1, 0, 10088
2026/05/25 03:04:37.561, 2, 0, 10088
2026/05/25 03:04:37.562, 3, 0, 10088
2026/05/25 03:04:52.762, 0, 4, 10490
2026/05/25 03:04:52.764, 1, 0, 10088
2026/05/25 03:04:52.765, 2, 0, 10088
2026/05/25 03:04:52.766, 3, 0, 10088
2026/05/25 03:05:08.010, 0, 14, 10490
2026/05/25 03:05:08.012, 1, 0, 10088
2026/05/25 03:05:08.014, 2, 0, 10088
2026/05/25 03:05:08.015, 3, 0, 10088
2026/05/25 03:05:23.097, 0, 100, 10490
2026/05/25 03:05:23.099, 1, 100, 10088
2026/05/25 03:05:23.101, 2, 100, 10088
2026/05/25 03:05:23.102, 3, 100, 10088
2026/05/25 03:05:38.193, 0, 3, 10490
2026/05/25 03:05:38.197, 1, 100, 10088
2026/05/25 03:05:38.201, 2, 96, 10088
2026/05/25 03:05:38.205, 3, 100, 10088
2026/05/25 03:05:53.302, 0, 4, 10490
2026/05/25 03:05:53.306, 1, 0, 10088
2026/05/25 03:05:53.309, 2, 0, 10088
2026/05/25 03:05:53.311, 3, 0, 10088
2026/05/25 03:06:08.766, 0, 100, 10490
2026/05/25 03:06:08.768, 1, 100, 10088
2026/05/25 03:06:08.769, 2, 100, 10088
2026/05/25 03:06:08.771, 3, 100, 10088
2026/05/25 03:06:23.871, 0, 14, 10490
2026/05/25 03:06:23.873, 1, 0, 10088
2026/05/25 03:06:23.874, 2, 0, 10088
2026/05/25 03:06:23.875, 3, 0, 10088
2026/05/25 03:06:38.963, 0, 100, 10490
2026/05/25 03:06:39.017, 1, 97, 10088
2026/05/25 03:06:39.020, 2, 100, 10088
2026/05/25 03:06:39.022, 3, 0, 10088
2026/05/25 03:06:54.106, 0, 100, 10490
2026/05/25 03:06:54.108, 1, 100, 10088
2026/05/25 03:06:54.109, 2, 100, 10088
2026/05/25 03:06:54.111, 3, 0, 10088
2026/05/25 03:07:09.390, 0, 1, 10490
2026/05/25 03:07:09.526, 1, 0, 10088
2026/05/25 03:07:09.527, 2, 0, 10088
2026/05/25 03:07:09.528, 3, 0, 10088
2026/05/25 03:07:24.780, 0, 12, 10490
2026/05/25 03:07:24.782, 1, 0, 10088
2026/05/25 03:07:24.784, 2, 0, 10088
2026/05/25 03:07:24.785, 3, 0, 10088
2026/05/25 03:07:39.952, 0, 100, 10490
2026/05/25 03:07:39.955, 1, 100, 10088
2026/05/25 03:07:39.958, 2, 100, 10088
2026/05/25 03:07:39.961, 3, 0, 10088
2026/05/25 03:07:55.059, 0, 100, 10490
2026/05/25 03:07:55.061, 1, 100, 10088
2026/05/25 03:07:55.062, 2, 100, 10088
2026/05/25 03:07:55.063, 3, 0, 10088
2026/05/25 03:08:10.164, 0, 8, 10490
2026/05/25 03:08:10.168, 1, 0, 10088
2026/05/25 03:08:10.171, 2, 0, 10088
2026/05/25 03:08:10.174, 3, 0, 10088
2026/05/25 03:08:25.469, 0, 9, 10490
2026/05/25 03:08:25.471, 1, 0, 10088
2026/05/25 03:08:25.472, 2, 0, 10088
2026/05/25 03:08:25.473, 3, 0, 10088
2026/05/25 03:08:40.582, 0, 13, 10490
2026/05/25 03:08:40.584, 1, 0, 10088
2026/05/25 03:08:40.585, 2, 0, 10088
2026/05/25 03:08:40.587, 3, 0, 10088
2026/05/25 03:08:55.734, 0, 9, 10490
2026/05/25 03:08:55.738, 1, 0, 10088
2026/05/25 03:08:55.742, 2, 0, 10088
2026/05/25 03:08:55.744, 3, 0, 10088
2026/05/25 03:09:10.842, 0, 100, 10490
2026/05/25 03:09:10.845, 1, 100, 10088
2026/05/25 03:09:10.848, 2, 100, 10088
2026/05/25 03:09:10.851, 3, 100, 10088
2026/05/25 03:09:25.945, 0, 5, 10490
2026/05/25 03:09:25.947, 1, 0, 10088
2026/05/25 03:09:25.949, 2, 0, 10088
2026/05/25 03:09:25.950, 3, 0, 10088
2026/05/25 03:09:41.057, 0, 1, 10490
2026/05/25 03:09:41.059, 1, 0, 10088
2026/05/25 03:09:41.061, 2, 0, 10088
2026/05/25 03:09:41.062, 3, 0, 10088
2026/05/25 03:09:56.162, 0, 13, 10490
2026/05/25 03:09:56.164, 1, 0, 10088
2026/05/25 03:09:56.165, 2, 0, 10088
2026/05/25 03:09:56.167, 3, 0, 10088
2026/05/25 03:10:11.258, 0, 9, 10490
2026/05/25 03:10:11.262, 1, 50, 10088
2026/05/25 03:10:11.266, 2, 0, 10088
2026/05/25 03:10:11.269, 3, 0, 10088
2026/05/25 03:10:26.361, 0, 8, 10490
2026/05/25 03:10:26.363, 1, 0, 10088
2026/05/25 03:10:26.365, 2, 0, 10088
2026/05/25 03:10:26.366, 3, 0, 10088
2026/05/25 03:10:41.470, 0, 9, 10490
2026/05/25 03:10:41.472, 1, 0, 10088
2026/05/25 03:10:41.473, 2, 0, 10088
2026/05/25 03:10:41.474, 3, 0, 10088
2026/05/25 03:10:56.558, 0, 9, 10490
2026/05/25 03:10:56.560, 1, 0, 10088
2026/05/25 03:10:56.562, 2, 0, 10088
2026/05/25 03:10:56.563, 3, 0, 10088
2026/05/25 03:11:11.728, 0, 3, 10490
2026/05/25 03:11:11.730, 1, 0, 10088
2026/05/25 03:11:11.732, 2, 0, 10088
2026/05/25 03:11:11.733, 3, 0, 10088
2026/05/25 03:11:27.129, 0, 100, 10490
2026/05/25 03:11:27.130, 1, 100, 10088
2026/05/25 03:11:27.131, 2, 100, 10088
2026/05/25 03:11:27.132, 3, 100, 10088
2026/05/25 03:11:42.301, 0, 5, 10490
2026/05/25 03:11:42.303, 1, 0, 10088
2026/05/25 03:11:42.304, 2, 0, 10088
2026/05/25 03:11:42.306, 3, 0, 10088
2026/05/25 03:11:57.434, 0, 9, 10490
2026/05/25 03:11:57.436, 1, 0, 10088
2026/05/25 03:11:57.437, 2, 0, 10088
2026/05/25 03:11:57.438, 3, 0, 10088
2026/05/25 03:12:12.522, 0, 9, 10490
2026/05/25 03:12:12.524, 1, 0, 10088
2026/05/25 03:12:12.525, 2, 0, 10088
2026/05/25 03:12:12.527, 3, 0, 10088
2026/05/25 03:12:27.627, 0, 14, 10490
2026/05/25 03:12:27.629, 1, 0, 10088
2026/05/25 03:12:27.630, 2, 0, 10088
2026/05/25 03:12:27.632, 3, 0, 10088
2026/05/25 03:12:42.800, 0, 4, 10490
2026/05/25 03:12:42.802, 1, 0, 10088
2026/05/25 03:12:42.803, 2, 0, 10088
2026/05/25 03:12:42.804, 3, 0, 10088
2026/05/25 03:12:57.962, 0, 100, 10490
2026/05/25 03:12:57.966, 1, 30, 10088
2026/05/25 03:12:57.970, 2, 100, 10088
2026/05/25 03:12:57.973, 3, 0, 10088
2026/05/25 03:13:13.065, 0, 9, 10490
2026/05/25 03:13:13.067, 1, 0, 10088
2026/05/25 03:13:13.069, 2, 0, 10088
2026/05/25 03:13:13.070, 3, 0, 10088
2026/05/25 03:13:28.189, 0, 14, 10490
2026/05/25 03:13:28.191, 1, 0, 10088
2026/05/25 03:13:28.193, 2, 0, 10088
2026/05/25 03:13:28.194, 3, 0, 10088
2026/05/25 03:13:43.357, 0, 100, 10490
2026/05/25 03:13:43.359, 1, 0, 10088
2026/05/25 03:13:43.361, 2, 93, 10088
2026/05/25 03:13:43.362, 3, 0, 10088
2026/05/25 03:13:58.562, 0, 4, 10490
2026/05/25 03:13:58.566, 1, 0, 10088
2026/05/25 03:13:58.570, 2, 0, 10088
2026/05/25 03:13:58.571, 3, 0, 10088
2026/05/25 03:14:13.747, 0, 100, 10490
2026/05/25 03:14:13.750, 1, 100, 10088
2026/05/25 03:14:13.753, 2, 100, 10088
2026/05/25 03:14:13.755, 3, 100, 10088
2026/05/25 03:14:28.869, 0, 100, 10490
2026/05/25 03:14:28.871, 1, 100, 10088
2026/05/25 03:14:28.872, 2, 100, 10088
2026/05/25 03:14:28.873, 3, 100, 10088
2026/05/25 03:14:43.994, 0, 1, 10490
2026/05/25 03:14:43.996, 1, 0, 10088
2026/05/25 03:14:43.997, 2, 0, 10088
2026/05/25 03:14:43.999, 3, 0, 10088
2026/05/25 03:14:59.082, 0, 13, 10490
2026/05/25 03:14:59.084, 1, 0, 10088
2026/05/25 03:14:59.085, 2, 0, 10088
2026/05/25 03:14:59.087, 3, 0, 10088
2026/05/25 03:15:14.187, 0, 9, 10490
2026/05/25 03:15:14.191, 1, 0, 10088
2026/05/25 03:15:14.194, 2, 0, 10088
2026/05/25 03:15:14.195, 3, 0, 10088
2026/05/25 03:15:29.285, 0, 8, 10490
2026/05/25 03:15:29.287, 1, 0, 10088
2026/05/25 03:15:29.288, 2, 0, 10088
2026/05/25 03:15:29.290, 3, 0, 10088
2026/05/25 03:15:44.466, 0, 6, 10490
2026/05/25 03:15:44.468, 1, 0, 10088
2026/05/25 03:15:44.470, 2, 0, 10088
2026/05/25 03:15:44.471, 3, 0, 10088
2026/05/25 03:15:59.666, 0, 12, 10490
2026/05/25 03:15:59.668, 1, 0, 10088
2026/05/25 03:15:59.669, 2, 0, 10088
2026/05/25 03:15:59.671, 3, 0, 10088
2026/05/25 03:16:14.759, 0, 100, 10490
2026/05/25 03:16:14.762, 1, 100, 10088
2026/05/25 03:16:14.765, 2, 0, 10088
2026/05/25 03:16:14.767, 3, 0, 10088
2026/05/25 03:16:29.906, 0, 100, 10490
2026/05/25 03:16:29.910, 1, 33, 10088
2026/05/25 03:16:29.913, 2, 100, 10088
2026/05/25 03:16:29.917, 3, 0, 10088
2026/05/25 03:16:45.106, 0, 5, 10490
2026/05/25 03:16:45.107, 1, 0, 10088
2026/05/25 03:16:45.108, 2, 0, 10088
2026/05/25 03:16:45.109, 3, 0, 10088
2026/05/25 03:17:00.197, 0, 9, 10490
2026/05/25 03:17:00.200, 1, 0, 10088
2026/05/25 03:17:00.204, 2, 0, 10088
2026/05/25 03:17:00.207, 3, 0, 10088
2026/05/25 03:17:15.322, 0, 14, 10490
2026/05/25 03:17:15.324, 1, 0, 10088
2026/05/25 03:17:15.326, 2, 0, 10088
2026/05/25 03:17:15.327, 3, 0, 10088
2026/05/25 03:17:30.410, 0, 8, 10490
2026/05/25 03:17:30.412, 1, 0, 10088
2026/05/25 03:17:30.414, 2, 0, 10088
2026/05/25 03:17:30.415, 3, 0, 10088
2026/05/25 03:17:45.715, 0, 1, 10490
2026/05/25 03:17:45.717, 1, 0, 10088
2026/05/25 03:17:45.718, 2, 0, 10088
2026/05/25 03:17:45.719, 3, 0, 10088
2026/05/25 03:18:00.838, 0, 7, 10490
2026/05/25 03:18:00.840, 1, 0, 10088
2026/05/25 03:18:00.841, 2, 0, 10088
2026/05/25 03:18:00.842, 3, 0, 10088
2026/05/25 03:18:16.003, 0, 100, 10490
2026/05/25 03:18:16.007, 1, 100, 10088
2026/05/25 03:18:16.011, 2, 100, 10088
2026/05/25 03:18:16.014, 3, 0, 10088
2026/05/25 03:18:31.185, 0, 10, 10490
2026/05/25 03:18:31.187, 1, 0, 10088
2026/05/25 03:18:31.188, 2, 0, 10088
2026/05/25 03:18:31.190, 3, 0, 10088
2026/05/25 03:18:46.294, 0, 8, 10490
2026/05/25 03:18:46.296, 1, 0, 10088
2026/05/25 03:18:46.297, 2, 0, 10088
2026/05/25 03:18:46.299, 3, 0, 10088
2026/05/25 03:19:01.535, 0, 100, 10490
2026/05/25 03:19:01.537, 1, 0, 10088
2026/05/25 03:19:01.539, 2, 0, 10088
2026/05/25 03:19:01.540, 3, 0, 10088
2026/05/25 03:19:16.625, 0, 3, 10490
2026/05/25 03:19:16.627, 1, 100, 10088
2026/05/25 03:19:16.629, 2, 100, 10088
2026/05/25 03:19:16.630, 3, 100, 10088
2026/05/25 03:19:31.796, 0, 100, 10490
2026/05/25 03:19:31.865, 1, 0, 10088
2026/05/25 03:19:31.868, 2, 0, 10088
2026/05/25 03:19:31.869, 3, 0, 10088
2026/05/25 03:19:46.998, 0, 14, 10490
2026/05/25 03:19:47.000, 1, 0, 10088
2026/05/25 03:19:47.001, 2, 0, 10088
2026/05/25 03:19:47.003, 3, 0, 10088
2026/05/25 03:20:02.149, 0, 0, 10490
2026/05/25 03:20:02.151, 1, 0, 10088
2026/05/25 03:20:02.153, 2, 0, 10088
2026/05/25 03:20:02.154, 3, 0, 10088
2026/05/25 03:20:17.237, 0, 100, 10490
2026/05/25 03:20:17.239, 1, 100, 10088
2026/05/25 03:20:17.241, 2, 0, 10088
2026/05/25 03:20:17.242, 3, 0, 10088
2026/05/25 03:20:32.335, 0, 100, 10490
2026/05/25 03:20:32.337, 1, 100, 10088
2026/05/25 03:20:32.340, 2, 0, 10088
2026/05/25 03:20:32.343, 3, 100, 10088
2026/05/25 03:20:47.441, 0, 0, 10490
2026/05/25 03:20:47.443, 1, 0, 10088
2026/05/25 03:20:47.445, 2, 0, 10088
2026/05/25 03:20:47.446, 3, 0, 10088
2026/05/25 03:21:02.593, 0, 14, 10490
2026/05/25 03:21:02.596, 1, 0, 10088
2026/05/25 03:21:02.597, 2, 0, 10088
2026/05/25 03:21:02.598, 3, 0, 10088
2026/05/25 03:21:17.681, 0, 3, 10490
2026/05/25 03:21:17.683, 1, 100, 10088
2026/05/25 03:21:17.685, 2, 0, 10088
2026/05/25 03:21:17.686, 3, 0, 10088
2026/05/25 03:21:32.819, 0, 100, 10490
2026/05/25 03:21:32.823, 1, 100, 10088
2026/05/25 03:21:32.827, 2, 100, 10088
2026/05/25 03:21:32.831, 3, 0, 10088
2026/05/25 03:21:47.942, 0, 8, 10490
2026/05/25 03:21:47.944, 1, 0, 10088
2026/05/25 03:21:47.945, 2, 0, 10088
2026/05/25 03:21:47.947, 3, 0, 10088
2026/05/25 03:22:03.299, 0, 6, 10490
2026/05/25 03:22:03.301, 1, 0, 10088
2026/05/25 03:22:03.302, 2, 0, 10088
2026/05/25 03:22:03.303, 3, 0, 10088
2026/05/25 03:22:18.431, 0, 100, 10490
2026/05/25 03:22:18.435, 1, 100, 10088
2026/05/25 03:22:18.438, 2, 100, 10088
2026/05/25 03:22:18.440, 3, 0, 10088
2026/05/25 03:22:33.666, 0, 4, 10490
2026/05/25 03:22:33.668, 1, 100, 10088
2026/05/25 03:22:33.669, 2, 0, 10088
2026/05/25 03:22:33.670, 3, 0, 10088
2026/05/25 03:22:48.794, 0, 10, 10490
2026/05/25 03:22:48.796, 1, 0, 10088
2026/05/25 03:22:48.797, 2, 0, 10088
2026/05/25 03:22:48.798, 3, 0, 10088
2026/05/25 03:23:03.925, 0, 100, 10490
2026/05/25 03:23:03.929, 1, 100, 10088
2026/05/25 03:23:03.932, 2, 0, 10088
2026/05/25 03:23:03.933, 3, 0, 10088
2026/05/25 03:23:19.038, 0, 13, 10490
2026/05/25 03:23:19.040, 1, 0, 10088
2026/05/25 03:23:19.041, 2, 0, 10088
2026/05/25 03:23:19.043, 3, 0, 10088
2026/05/25 03:23:34.153, 0, 100, 10490
2026/05/25 03:23:34.157, 1, 100, 10088
2026/05/25 03:23:34.160, 2, 81, 10088
2026/05/25 03:23:34.164, 3, 0, 10088
2026/05/25 03:23:49.290, 0, 100, 10490
2026/05/25 03:23:49.294, 1, 100, 10088
2026/05/25 03:23:49.297, 2, 100, 10088
2026/05/25 03:23:49.300, 3, 100, 10088
2026/05/25 03:24:04.540, 0, 2, 10490
2026/05/25 03:24:04.544, 1, 0, 10088
2026/05/25 03:24:04.545, 2, 0, 10088
2026/05/25 03:24:04.546, 3, 0, 10088
2026/05/25 03:24:19.949, 0, 5, 10490
2026/05/25 03:24:19.951, 1, 100, 10088
2026/05/25 03:24:19.953, 2, 0, 10088
2026/05/25 03:24:19.954, 3, 0, 10088
2026/05/25 03:24:35.174, 0, 13, 10490
2026/05/25 03:24:35.176, 1, 0, 10088
2026/05/25 03:24:35.177, 2, 0, 10088
2026/05/25 03:24:35.179, 3, 0, 10088
2026/05/25 03:24:50.344, 0, 4, 10490
2026/05/25 03:24:50.348, 1, 100, 10088
2026/05/25 03:24:50.351, 2, 99, 10088
2026/05/25 03:24:50.353, 3, 0, 10088
2026/05/25 03:25:05.441, 0, 8, 10490
2026/05/25 03:25:05.443, 1, 0, 10088
2026/05/25 03:25:05.445, 2, 0, 10088
2026/05/25 03:25:05.446, 3, 0, 10088
2026/05/25 03:25:20.577, 0, 0, 10490
2026/05/25 03:25:20.581, 1, 100, 10088
2026/05/25 03:25:20.584, 2, 0, 10088
2026/05/25 03:25:20.588, 3, 0, 10088
2026/05/25 03:25:35.919, 0, 100, 10490
2026/05/25 03:25:35.921, 1, 100, 10088
2026/05/25 03:25:35.923, 2, 0, 10088
2026/05/25 03:25:35.924, 3, 0, 10088
2026/05/25 03:25:51.193, 0, 13, 10490
2026/05/25 03:25:51.195, 1, 0, 10088
2026/05/25 03:25:51.197, 2, 0, 10088
2026/05/25 03:25:51.198, 3, 0, 10088
2026/05/25 03:26:06.302, 0, 100, 10490
2026/05/25 03:26:06.304, 1, 100, 10088
2026/05/25 03:26:06.305, 2, 100, 10088
2026/05/25 03:26:06.306, 3, 0, 10088
2026/05/25 03:26:21.393, 0, 100, 10490
2026/05/25 03:26:21.396, 1, 100, 10088
2026/05/25 03:26:21.397, 2, 100, 10088
2026/05/25 03:26:21.398, 3, 100, 10088
2026/05/25 03:26:36.510, 0, 100, 10490
2026/05/25 03:26:36.514, 1, 100, 10088
2026/05/25 03:26:36.517, 2, 100, 10088
2026/05/25 03:26:36.520, 3, 100, 10088
2026/05/25 03:26:51.617, 0, 2, 10490
2026/05/25 03:26:51.620, 1, 0, 10088
2026/05/25 03:26:51.621, 2, 0, 10088
2026/05/25 03:26:51.622, 3, 0, 10088
2026/05/25 03:27:06.838, 0, 22, 10490
2026/05/25 03:27:06.841, 1, 0, 10088
2026/05/25 03:27:06.842, 2, 0, 10088
2026/05/25 03:27:06.843, 3, 0, 10088
2026/05/25 03:27:21.930, 0, 3, 10490
2026/05/25 03:27:21.932, 1, 0, 10088
2026/05/25 03:27:21.933, 2, 0, 10088
2026/05/25 03:27:21.934, 3, 0, 10088
2026/05/25 03:27:37.141, 0, 9, 10490
2026/05/25 03:27:37.143, 1, 0, 10088
2026/05/25 03:27:37.145, 2, 0, 10088
2026/05/25 03:27:37.146, 3, 0, 10088
2026/05/25 03:27:52.262, 0, 100, 10490
2026/05/25 03:27:52.266, 1, 0, 10088
2026/05/25 03:27:52.268, 2, 0, 10088
2026/05/25 03:27:52.269, 3, 0, 10088
2026/05/25 03:28:07.370, 0, 13, 10490
2026/05/25 03:28:07.372, 1, 0, 10088
2026/05/25 03:28:07.374, 2, 0, 10088
2026/05/25 03:28:07.375, 3, 0, 10088
2026/05/25 03:28:22.451, 0, 100, 10490
2026/05/25 03:28:22.453, 1, 0, 10088
2026/05/25 03:28:22.454, 2, 100, 10088
2026/05/25 03:28:22.455, 3, 0, 10088
2026/05/25 03:28:37.650, 0, 4, 10490
2026/05/25 03:28:37.652, 1, 0, 10088
2026/05/25 03:28:37.653, 2, 0, 10088
2026/05/25 03:28:37.654, 3, 0, 10088
2026/05/25 03:28:52.817, 0, 5, 10490
2026/05/25 03:28:52.819, 1, 0, 10088
2026/05/25 03:28:52.821, 2, 0, 10088
2026/05/25 03:28:52.913, 3, 0, 10088
2026/05/25 03:29:07.997, 0, 0, 10490
2026/05/25 03:29:07.999, 1, 100, 10088
2026/05/25 03:29:08.000, 2, 0, 10088
2026/05/25 03:29:08.002, 3, 100, 10088
2026/05/25 03:29:23.102, 0, 13, 10490
2026/05/25 03:29:23.104, 1, 0, 10088
2026/05/25 03:29:23.105, 2, 0, 10088
2026/05/25 03:29:23.107, 3, 0, 10088
2026/05/25 03:29:38.229, 0, 12, 10490
2026/05/25 03:29:38.232, 1, 100, 10088
2026/05/25 03:29:38.233, 2, 26, 10088
2026/05/25 03:29:38.234, 3, 0, 10088
2026/05/25 03:29:53.318, 0, 9, 10490
2026/05/25 03:29:53.320, 1, 0, 10088
2026/05/25 03:29:53.322, 2, 0, 10088
2026/05/25 03:29:53.323, 3, 0, 10088
2026/05/25 03:30:08.453, 0, 100, 10490
2026/05/25 03:30:08.458, 1, 100, 10088
2026/05/25 03:30:08.462, 2, 100, 10088
2026/05/25 03:30:08.465, 3, 0, 10088
2026/05/25 03:30:23.656, 0, 0, 10490
2026/05/25 03:30:23.658, 1, 0, 10088
2026/05/25 03:30:23.659, 2, 0, 10088
2026/05/25 03:30:23.660, 3, 0, 10088
2026/05/25 03:30:38.758, 0, 14, 10490
2026/05/25 03:30:38.761, 1, 0, 10088
2026/05/25 03:30:38.762, 2, 0, 10088
2026/05/25 03:30:38.763, 3, 0, 10088
2026/05/25 03:30:53.859, 0, 10, 10490
2026/05/25 03:30:53.864, 1, 0, 10088
2026/05/25 03:30:53.868, 2, 0, 10088
2026/05/25 03:30:53.871, 3, 0, 10088
2026/05/25 03:31:09.003, 0, 10, 10490
2026/05/25 03:31:09.006, 1, 0, 10088
2026/05/25 03:31:09.009, 2, 0, 10088
2026/05/25 03:31:09.011, 3, 0, 10088
2026/05/25 03:31:24.125, 0, 4, 10490
2026/05/25 03:31:24.127, 1, 0, 10088
2026/05/25 03:31:24.129, 2, 0, 10088
2026/05/25 03:31:24.130, 3, 0, 10088
2026/05/25 03:31:39.234, 0, 12, 10490
2026/05/25 03:31:39.236, 1, 0, 10088
2026/05/25 03:31:39.238, 2, 0, 10088
2026/05/25 03:31:39.239, 3, 0, 10088
2026/05/25 03:31:54.344, 0, 5, 10490
2026/05/25 03:31:54.348, 1, 0, 10088
2026/05/25 03:31:54.349, 2, 0, 10088
2026/05/25 03:31:54.350, 3, 0, 10088
2026/05/25 03:32:09.477, 0, 6, 10490
2026/05/25 03:32:09.481, 1, 100, 10088
2026/05/25 03:32:09.484, 2, 97, 10088
2026/05/25 03:32:09.487, 3, 0, 10088
2026/05/25 03:32:24.792, 0, 73, 10490
2026/05/25 03:32:24.796, 1, 0, 10088
2026/05/25 03:32:24.797, 2, 0, 10088
2026/05/25 03:32:24.798, 3, 0, 10088
2026/05/25 03:32:39.894, 0, 100, 10490
2026/05/25 03:32:39.899, 1, 100, 10088
2026/05/25 03:32:39.902, 2, 100, 10088
2026/05/25 03:32:39.904, 3, 96, 10088
2026/05/25 03:32:55.002, 0, 11, 10490
2026/05/25 03:32:55.004, 1, 0, 10088
2026/05/25 03:32:55.005, 2, 0, 10088
2026/05/25 03:32:55.006, 3, 0, 10088
2026/05/25 03:33:10.089, 0, 9, 10490
2026/05/25 03:33:10.091, 1, 47, 10088
2026/05/25 03:33:10.093, 2, 0, 10088
2026/05/25 03:33:10.094, 3, 100, 10088
2026/05/25 03:33:25.257, 0, 9, 10490
2026/05/25 03:33:25.259, 1, 0, 10088
2026/05/25 03:33:25.260, 2, 0, 10088
2026/05/25 03:33:25.262, 3, 0, 10088
2026/05/25 03:33:40.904, 0, 100, 10490
2026/05/25 03:33:40.907, 1, 0, 10088
2026/05/25 03:33:40.908, 2, 0, 10088
2026/05/25 03:33:40.909, 3, 0, 10088
2026/05/25 03:33:56.010, 0, 9, 10490
2026/05/25 03:33:56.012, 1, 0, 10088
2026/05/25 03:33:56.013, 2, 0, 10088
2026/05/25 03:33:56.015, 3, 0, 10088
2026/05/25 03:34:11.097, 0, 14, 10490
2026/05/25 03:34:11.100, 1, 0, 10088
2026/05/25 03:34:11.101, 2, 0, 10088
2026/05/25 03:34:11.102, 3, 0, 10088
2026/05/25 03:34:26.186, 0, 9, 10490
2026/05/25 03:34:26.188, 1, 0, 10088
2026/05/25 03:34:26.189, 2, 0, 10088
2026/05/25 03:34:26.191, 3, 0, 10088
2026/05/25 03:34:41.273, 0, 8, 10490
2026/05/25 03:34:41.275, 1, 0, 10088
2026/05/25 03:34:41.277, 2, 0, 10088
2026/05/25 03:34:41.278, 3, 0, 10088
2026/05/25 03:34:56.419, 0, 25, 10490
2026/05/25 03:34:56.425, 1, 100, 10088
2026/05/25 03:34:56.428, 2, 54, 10088
2026/05/25 03:34:56.431, 3, 100, 10088
2026/05/25 03:35:11.824, 0, 1, 10490
2026/05/25 03:35:11.826, 1, 8, 10088
2026/05/25 03:35:11.827, 2, 0, 10088
2026/05/25 03:35:11.828, 3, 0, 10088
2026/05/25 03:35:27.113, 0, 4, 10490
2026/05/25 03:35:27.116, 1, 0, 10088
2026/05/25 03:35:27.117, 2, 0, 10088
2026/05/25 03:35:27.118, 3, 0, 10088
2026/05/25 03:35:42.242, 0, 9, 10490
2026/05/25 03:35:42.244, 1, 0, 10088
2026/05/25 03:35:42.246, 2, 0, 10088
2026/05/25 03:35:42.247, 3, 0, 10088
2026/05/25 03:35:57.391, 0, 100, 10490
2026/05/25 03:35:57.394, 1, 100, 10088
2026/05/25 03:35:57.396, 2, 100, 10088
2026/05/25 03:35:57.400, 3, 0, 10088
2026/05/25 03:36:12.503, 0, 9, 10490
2026/05/25 03:36:12.507, 1, 100, 10088
2026/05/25 03:36:12.510, 2, 0, 10088
2026/05/25 03:36:12.513, 3, 0, 10088
2026/05/25 03:36:27.701, 0, 8, 10490
2026/05/25 03:36:27.707, 1, 0, 10088
2026/05/25 03:36:27.710, 2, 0, 10088
2026/05/25 03:36:27.713, 3, 0, 10088
2026/05/25 03:36:42.830, 0, 5, 10490
2026/05/25 03:36:42.832, 1, 0, 10088
2026/05/25 03:36:42.834, 2, 0, 10088
2026/05/25 03:36:42.835, 3, 0, 10088
2026/05/25 03:36:58.178, 0, 3, 10490
2026/05/25 03:36:58.180, 1, 25, 10088
2026/05/25 03:36:58.181, 2, 0, 10088
2026/05/25 03:36:58.182, 3, 100, 10088
2026/05/25 03:37:13.680, 0, 48, 10490
2026/05/25 03:37:13.682, 1, 100, 10088
2026/05/25 03:37:13.684, 2, 32, 10088
2026/05/25 03:37:13.685, 3, 100, 10088
2026/05/25 03:37:28.793, 0, 100, 10490
2026/05/25 03:37:28.797, 1, 0, 10088
2026/05/25 03:37:28.800, 2, 100, 10088
2026/05/25 03:37:28.803, 3, 0, 10088
2026/05/25 03:37:43.915, 0, 13, 10490
2026/05/25 03:37:43.917, 1, 100, 10088
2026/05/25 03:37:43.918, 2, 27, 10088
2026/05/25 03:37:43.920, 3, 0, 10088
2026/05/25 03:37:59.070, 0, 13, 10490
2026/05/25 03:37:59.073, 1, 0, 10088
2026/05/25 03:37:59.074, 2, 0, 10088
2026/05/25 03:37:59.075, 3, 0, 10088
2026/05/25 03:38:14.167, 0, 9, 10490
2026/05/25 03:38:14.171, 1, 0, 10088
2026/05/25 03:38:14.174, 2, 0, 10088
2026/05/25 03:38:14.176, 3, 0, 10088
2026/05/25 03:38:29.428, 0, 0, 10490
2026/05/25 03:38:29.430, 1, 0, 10088
2026/05/25 03:38:29.432, 2, 0, 10088
2026/05/25 03:38:29.433, 3, 0, 10088
2026/05/25 03:38:44.596, 0, 9, 10490
2026/05/25 03:38:44.598, 1, 0, 10088
2026/05/25 03:38:44.600, 2, 0, 10088
2026/05/25 03:38:44.601, 3, 0, 10088
2026/05/25 03:38:59.702, 0, 9, 10490
2026/05/25 03:38:59.704, 1, 0, 10088
2026/05/25 03:38:59.705, 2, 0, 10088
2026/05/25 03:38:59.706, 3, 0, 10088
2026/05/25 03:39:14.790, 0, 9, 10490
2026/05/25 03:39:14.792, 1, 0, 10088
2026/05/25 03:39:14.794, 2, 0, 10088
2026/05/25 03:39:14.795, 3, 0, 10088
2026/05/25 03:39:29.885, 0, 6, 10490
2026/05/25 03:39:29.889, 1, 0, 10088
2026/05/25 03:39:29.890, 2, 0, 10088
2026/05/25 03:39:29.891, 3, 0, 10088
2026/05/25 03:39:44.977, 0, 9, 10490
2026/05/25 03:39:44.979, 1, 0, 10088
2026/05/25 03:39:44.981, 2, 0, 10088
2026/05/25 03:39:44.982, 3, 0, 10088
2026/05/25 03:40:00.082, 0, 5, 10490
2026/05/25 03:40:00.084, 1, 0, 10088
2026/05/25 03:40:00.085, 2, 0, 10088
2026/05/25 03:40:00.087, 3, 0, 10088
2026/05/25 03:40:15.298, 0, 2, 10490
2026/05/25 03:40:15.300, 1, 0, 10088
2026/05/25 03:40:15.301, 2, 0, 10088
2026/05/25 03:40:15.302, 3, 0, 10088
2026/05/25 03:40:30.385, 0, 9, 10490
2026/05/25 03:40:30.388, 1, 0, 10088
2026/05/25 03:40:30.391, 2, 0, 10088
2026/05/25 03:40:30.392, 3, 0, 10088
2026/05/25 03:40:45.500, 0, 100, 10490
2026/05/25 03:40:45.505, 1, 100, 10088
2026/05/25 03:40:45.507, 2, 97, 10088
2026/05/25 03:40:45.510, 3, 0, 10088
2026/05/25 03:41:00.665, 0, 10, 10490
2026/05/25 03:41:00.669, 1, 0, 10088
2026/05/25 03:41:00.671, 2, 0, 10088
2026/05/25 03:41:00.674, 3, 0, 10088
2026/05/25 03:41:15.768, 0, 100, 10490
2026/05/25 03:41:15.772, 1, 0, 10088
2026/05/25 03:41:15.773, 2, 0, 10088
2026/05/25 03:41:15.774, 3, 0, 10088
2026/05/25 03:41:30.863, 0, 11, 10490
2026/05/25 03:41:30.865, 1, 0, 10088
2026/05/25 03:41:30.867, 2, 0, 10088
2026/05/25 03:41:30.868, 3, 0, 10088
2026/05/25 03:41:46.154, 0, 1, 10490
2026/05/25 03:41:46.156, 1, 0, 10088
2026/05/25 03:41:46.157, 2, 0, 10088
2026/05/25 03:41:46.158, 3, 0, 10088
2026/05/25 03:42:01.337, 0, 29, 10490
2026/05/25 03:42:01.339, 1, 100, 10088
2026/05/25 03:42:01.340, 2, 44, 10088
2026/05/25 03:42:01.342, 3, 100, 10088
2026/05/25 03:42:16.425, 0, 41, 10490
2026/05/25 03:42:16.427, 1, 100, 10088
2026/05/25 03:42:16.428, 2, 62, 10088
2026/05/25 03:42:16.430, 3, 0, 10088
2026/05/25 03:42:31.530, 0, 12, 10490
2026/05/25 03:42:31.532, 1, 0, 10088
2026/05/25 03:42:31.533, 2, 0, 10088
2026/05/25 03:42:31.535, 3, 0, 10088
2026/05/25 03:42:46.617, 0, 9, 10490
2026/05/25 03:42:46.619, 1, 0, 10088
2026/05/25 03:42:46.621, 2, 0, 10088
2026/05/25 03:42:46.622, 3, 0, 10088
2026/05/25 03:43:01.705, 0, 100, 10490
2026/05/25 03:43:01.707, 1, 0, 10088
2026/05/25 03:43:01.708, 2, 100, 10088
2026/05/25 03:43:01.710, 3, 0, 10088
2026/05/25 03:43:16.888, 0, 9, 10490
2026/05/25 03:43:16.890, 1, 0, 10088
2026/05/25 03:43:16.892, 2, 0, 10088
2026/05/25 03:43:16.893, 3, 0, 10088
2026/05/25 03:43:31.977, 0, 8, 10490
2026/05/25 03:43:31.979, 1, 0, 10088
2026/05/25 03:43:31.981, 2, 0, 10088
2026/05/25 03:43:31.982, 3, 0, 10088
2026/05/25 03:43:47.103, 0, 13, 10490
2026/05/25 03:43:47.105, 1, 0, 10088
2026/05/25 03:43:47.107, 2, 0, 10088
2026/05/25 03:43:47.108, 3, 0, 10088
2026/05/25 03:44:02.193, 0, 9, 10490
2026/05/25 03:44:02.195, 1, 0, 10088
2026/05/25 03:44:02.197, 2, 0, 10088
2026/05/25 03:44:02.198, 3, 0, 10088
2026/05/25 03:44:17.281, 0, 9, 10490
2026/05/25 03:44:17.283, 1, 0, 10088
2026/05/25 03:44:17.284, 2, 0, 10088
2026/05/25 03:44:17.286, 3, 0, 10088
2026/05/25 03:44:32.369, 0, 8, 10490
2026/05/25 03:44:32.371, 1, 0, 10088
2026/05/25 03:44:32.373, 2, 0, 10088
2026/05/25 03:44:32.374, 3, 0, 10088
2026/05/25 03:44:47.536, 0, 40, 10490
2026/05/25 03:44:47.538, 1, 0, 10088
2026/05/25 03:44:47.539, 2, 58, 10088
2026/05/25 03:44:47.540, 3, 0, 10088
2026/05/25 03:45:02.685, 0, 100, 10490
2026/05/25 03:45:02.687, 1, 96, 10088
2026/05/25 03:45:02.689, 2, 100, 10088
2026/05/25 03:45:02.690, 3, 100, 10088
2026/05/25 03:45:17.799, 0, 100, 10490
2026/05/25 03:45:17.802, 1, 100, 10088
2026/05/25 03:45:17.805, 2, 100, 10088
2026/05/25 03:45:17.807, 3, 0, 10088
2026/05/25 03:45:32.905, 0, 9, 10490
2026/05/25 03:45:32.907, 1, 0, 10088
2026/05/25 03:45:32.909, 2, 0, 10088
2026/05/25 03:45:32.910, 3, 0, 10088
2026/05/25 03:45:48.194, 0, 100, 10490
2026/05/25 03:45:48.198, 1, 36, 10088
2026/05/25 03:45:48.200, 2, 100, 10088
2026/05/25 03:45:48.203, 3, 0, 10088
2026/05/25 03:46:03.318, 0, 13, 10490
2026/05/25 03:46:03.320, 1, 0, 10088
2026/05/25 03:46:03.322, 2, 0, 10088
2026/05/25 03:46:03.323, 3, 0, 10088
2026/05/25 03:46:18.407, 0, 100, 10490
2026/05/25 03:46:18.409, 1, 100, 10088
2026/05/25 03:46:18.410, 2, 100, 10088
2026/05/25 03:46:18.411, 3, 0, 10088
2026/05/25 03:46:33.504, 0, 10, 10490
2026/05/25 03:46:33.508, 1, 100, 10088
2026/05/25 03:46:33.511, 2, 0, 10088
2026/05/25 03:46:33.513, 3, 0, 10088
2026/05/25 03:46:48.918, 0, 54, 10490
2026/05/25 03:46:48.920, 1, 0, 10088
2026/05/25 03:46:48.922, 2, 0, 10088
2026/05/25 03:46:48.923, 3, 0, 10088
2026/05/25 03:47:04.648, 0, 100, 10490
2026/05/25 03:47:04.650, 1, 0, 10088
2026/05/25 03:47:04.651, 2, 100, 10088
2026/05/25 03:47:04.652, 3, 0, 10088
2026/05/25 03:47:19.750, 0, 14, 10490
2026/05/25 03:47:19.752, 1, 0, 10088
2026/05/25 03:47:19.753, 2, 0, 10088
2026/05/25 03:47:19.756, 3, 0, 10088
2026/05/25 03:47:34.841, 0, 9, 10490
2026/05/25 03:47:34.843, 1, 0, 10088
2026/05/25 03:47:34.844, 2, 0, 10088
2026/05/25 03:47:34.846, 3, 0, 10088
2026/05/25 03:47:49.930, 0, 8, 10490
2026/05/25 03:47:49.932, 1, 0, 10088
2026/05/25 03:47:49.933, 2, 0, 10088
2026/05/25 03:47:49.934, 3, 0, 10088
2026/05/25 03:48:05.096, 0, 100, 10490
2026/05/25 03:48:05.356, 1, 87, 10088
2026/05/25 03:48:05.359, 2, 100, 10088
2026/05/25 03:48:05.361, 3, 0, 10088
2026/05/25 03:48:20.503, 0, 9, 10490
2026/05/25 03:48:20.506, 1, 0, 10088
2026/05/25 03:48:20.510, 2, 0, 10088
2026/05/25 03:48:20.513, 3, 0, 10088
2026/05/25 03:48:35.642, 0, 3, 10490
2026/05/25 03:48:35.644, 1, 0, 10088
2026/05/25 03:48:35.646, 2, 0, 10088
2026/05/25 03:48:35.647, 3, 0, 10088
2026/05/25 03:48:50.734, 0, 100, 10490
2026/05/25 03:48:50.736, 1, 63, 10088
2026/05/25 03:48:50.737, 2, 0, 10088
2026/05/25 03:48:50.739, 3, 0, 10088
2026/05/25 03:49:06.070, 0, 100, 10490
2026/05/25 03:49:06.073, 1, 100, 10088
2026/05/25 03:49:06.076, 2, 100, 10088
2026/05/25 03:49:06.079, 3, 0, 10088
2026/05/25 03:49:21.172, 0, 100, 10490
2026/05/25 03:49:21.175, 1, 0, 10088
2026/05/25 03:49:21.176, 2, 0, 10088
2026/05/25 03:49:21.177, 3, 0, 10088
2026/05/25 03:49:36.283, 0, 13, 10490
2026/05/25 03:49:36.285, 1, 0, 10088
2026/05/25 03:49:36.286, 2, 0, 10088
2026/05/25 03:49:36.288, 3, 0, 10088
2026/05/25 03:49:51.424, 0, 4, 10490
2026/05/25 03:49:51.428, 1, 0, 10088
2026/05/25 03:49:51.431, 2, 0, 10088
2026/05/25 03:49:51.433, 3, 0, 10088
2026/05/25 03:50:06.761, 0, 0, 10490
2026/05/25 03:50:06.763, 1, 0, 10088
2026/05/25 03:50:06.764, 2, 0, 10088
2026/05/25 03:50:06.766, 3, 0, 10088
2026/05/25 03:50:21.850, 0, 7, 10490
2026/05/25 03:50:21.852, 1, 100, 10088
2026/05/25 03:50:21.853, 2, 0, 10088
2026/05/25 03:50:21.854, 3, 0, 10088
2026/05/25 03:50:36.938, 0, 8, 10490
2026/05/25 03:50:36.940, 1, 0, 10088
2026/05/25 03:50:36.942, 2, 0, 10088
2026/05/25 03:50:36.943, 3, 0, 10088
2026/05/25 03:50:52.062, 0, 13, 10490
2026/05/25 03:50:52.064, 1, 0, 10088
2026/05/25 03:50:52.065, 2, 0, 10088
2026/05/25 03:50:52.067, 3, 0, 10088
2026/05/25 03:51:07.217, 0, 0, 10490
2026/05/25 03:51:07.219, 1, 0, 10088
2026/05/25 03:51:07.221, 2, 0, 10088
2026/05/25 03:51:07.222, 3, 0, 10088
2026/05/25 03:51:22.306, 0, 9, 10490
2026/05/25 03:51:22.308, 1, 0, 10088
2026/05/25 03:51:22.309, 2, 0, 10088
2026/05/25 03:51:22.310, 3, 0, 10088
2026/05/25 03:51:37.405, 0, 100, 10490
2026/05/25 03:51:37.407, 1, 100, 10088
2026/05/25 03:51:37.409, 2, 0, 10088
2026/05/25 03:51:37.410, 3, 0, 10088
2026/05/25 03:51:52.488, 0, 9, 10490
2026/05/25 03:51:52.490, 1, 0, 10088
2026/05/25 03:51:52.491, 2, 0, 10088
2026/05/25 03:51:52.492, 3, 0, 10088
2026/05/25 03:52:07.723, 0, 5, 10490
2026/05/25 03:52:07.724, 1, 0, 10088
2026/05/25 03:52:07.857, 2, 0, 10088
2026/05/25 03:52:07.859, 3, 0, 10088
2026/05/25 03:52:22.979, 0, 56, 10490
2026/05/25 03:52:22.981, 1, 100, 10088
2026/05/25 03:52:22.982, 2, 0, 10088
2026/05/25 03:52:22.983, 3, 0, 10088
2026/05/25 03:52:38.069, 0, 8, 10490
2026/05/25 03:52:38.071, 1, 0, 10088
2026/05/25 03:52:38.073, 2, 0, 10088
2026/05/25 03:52:38.074, 3, 0, 10088
2026/05/25 03:52:53.218, 0, 100, 10490
2026/05/25 03:52:53.220, 1, 0, 10088
2026/05/25 03:52:53.221, 2, 0, 10088
2026/05/25 03:52:53.223, 3, 0, 10088
2026/05/25 03:53:08.342, 0, 9, 10490
2026/05/25 03:53:08.344, 1, 0, 10088
2026/05/25 03:53:08.345, 2, 0, 10088
2026/05/25 03:53:08.346, 3, 0, 10088
2026/05/25 03:53:23.429, 0, 7, 10490
2026/05/25 03:53:23.431, 1, 0, 10088
2026/05/25 03:53:23.433, 2, 0, 10088
2026/05/25 03:53:23.434, 3, 0, 10088
2026/05/25 03:53:38.517, 0, 8, 10490
2026/05/25 03:53:38.519, 1, 100, 10088
2026/05/25 03:53:38.521, 2, 0, 10088
2026/05/25 03:53:38.522, 3, 0, 10088
2026/05/25 03:53:53.599, 0, 3, 10490
2026/05/25 03:53:53.601, 1, 0, 10088
2026/05/25 03:53:53.602, 2, 0, 10088
2026/05/25 03:53:53.603, 3, 0, 10088
2026/05/25 03:54:08.756, 0, 7, 10490
2026/05/25 03:54:08.758, 1, 0, 10088
2026/05/25 03:54:08.759, 2, 0, 10088
2026/05/25 03:54:08.760, 3, 0, 10088
2026/05/25 03:54:23.846, 0, 13, 10490
2026/05/25 03:54:23.848, 1, 0, 10088
2026/05/25 03:54:23.850, 2, 0, 10088
2026/05/25 03:54:23.851, 3, 0, 10088
2026/05/25 03:54:38.994, 0, 100, 10490
2026/05/25 03:54:38.997, 1, 100, 10088
2026/05/25 03:54:39.000, 2, 100, 10088
2026/05/25 03:54:39.002, 3, 0, 10088
2026/05/25 03:54:54.118, 0, 4, 10490
2026/05/25 03:54:54.120, 1, 100, 10088
2026/05/25 03:54:54.121, 2, 0, 10088
2026/05/25 03:54:54.122, 3, 0, 10088
2026/05/25 03:55:09.285, 0, 0, 10490
2026/05/25 03:55:09.287, 1, 24, 10088
2026/05/25 03:55:09.288, 2, 0, 10088
2026/05/25 03:55:09.290, 3, 100, 10088
2026/05/25 03:55:24.563, 0, 12, 10490
2026/05/25 03:55:24.565, 1, 0, 10088
2026/05/25 03:55:24.567, 2, 0, 10088
2026/05/25 03:55:24.568, 3, 0, 10088
2026/05/25 03:55:39.677, 0, 9, 10490
2026/05/25 03:55:39.680, 1, 100, 10088
2026/05/25 03:55:39.684, 2, 0, 10088
2026/05/25 03:55:39.688, 3, 0, 10088
2026/05/25 03:55:54.800, 0, 9, 10490
2026/05/25 03:55:54.806, 1, 0, 10088
2026/05/25 03:55:54.807, 2, 0, 10088
2026/05/25 03:55:54.808, 3, 0, 10088
2026/05/25 03:56:09.980, 0, 0, 10490
2026/05/25 03:56:09.982, 1, 0, 10088
2026/05/25 03:56:09.983, 2, 0, 10088
2026/05/25 03:56:09.985, 3, 0, 10088
2026/05/25 03:56:25.183, 0, 8, 10490
2026/05/25 03:56:25.185, 1, 0, 10088
2026/05/25 03:56:25.186, 2, 0, 10088
2026/05/25 03:56:25.187, 3, 0, 10088
2026/05/25 03:56:40.286, 0, 14, 10490
2026/05/25 03:56:40.288, 1, 0, 10088
2026/05/25 03:56:40.290, 2, 0, 10088
2026/05/25 03:56:40.291, 3, 0, 10088
2026/05/25 03:56:55.420, 0, 9, 10490
2026/05/25 03:56:55.424, 1, 0, 10088
2026/05/25 03:56:55.427, 2, 0, 10088
2026/05/25 03:56:55.430, 3, 0, 10088
2026/05/25 03:57:10.531, 0, 100, 10490
2026/05/25 03:57:10.533, 1, 100, 10088
2026/05/25 03:57:10.534, 2, 93, 10088
2026/05/25 03:57:10.536, 3, 81, 10088
2026/05/25 03:57:25.697, 0, 100, 10490
2026/05/25 03:57:25.699, 1, 0, 10088
2026/05/25 03:57:25.700, 2, 100, 10088
2026/05/25 03:57:25.702, 3, 0, 10088
2026/05/25 03:57:40.774, 0, 100, 10490
2026/05/25 03:57:40.775, 1, 0, 10088
2026/05/25 03:57:40.776, 2, 100, 10088
2026/05/25 03:57:40.777, 3, 0, 10088
2026/05/25 03:57:55.894, 0, 16, 10490
2026/05/25 03:57:55.896, 1, 0, 10088
2026/05/25 03:57:55.897, 2, 0, 10088
2026/05/25 03:57:55.898, 3, 0, 10088
2026/05/25 03:58:11.049, 0, 7, 10490
2026/05/25 03:58:11.051, 1, 0, 10088
2026/05/25 03:58:11.052, 2, 0, 10088
2026/05/25 03:58:11.054, 3, 0, 10088
2026/05/25 03:58:26.157, 0, 9, 10490
2026/05/25 03:58:26.159, 1, 0, 10088
2026/05/25 03:58:26.161, 2, 0, 10088
2026/05/25 03:58:26.162, 3, 0, 10088
2026/05/25 03:58:41.255, 0, 100, 10490
2026/05/25 03:58:41.259, 1, 100, 10088
2026/05/25 03:58:41.262, 2, 100, 10088
2026/05/25 03:58:41.265, 3, 100, 10088
2026/05/25 03:58:56.357, 0, 9, 10490
2026/05/25 03:58:56.359, 1, 0, 10088
2026/05/25 03:58:56.361, 2, 0, 10088
2026/05/25 03:58:56.362, 3, 0, 10088
2026/05/25 03:59:11.527, 0, 3, 10490
2026/05/25 03:59:11.529, 1, 0, 10088
2026/05/25 03:59:11.530, 2, 0, 10088
2026/05/25 03:59:11.532, 3, 0, 10088
2026/05/25 03:59:26.617, 0, 8, 10490
2026/05/25 03:59:26.620, 1, 0, 10088
2026/05/25 03:59:26.621, 2, 0, 10088
2026/05/25 03:59:26.622, 3, 0, 10088
2026/05/25 03:59:41.725, 0, 100, 10490
2026/05/25 03:59:41.727, 1, 0, 10088
2026/05/25 03:59:41.728, 2, 100, 10088
2026/05/25 03:59:41.730, 3, 0, 10088
2026/05/25 03:59:56.814, 0, 100, 10490
2026/05/25 03:59:56.816, 1, 100, 10088
2026/05/25 03:59:56.817, 2, 100, 10088
2026/05/25 03:59:56.818, 3, 0, 10088
2026/05/25 04:00:11.901, 0, 2, 10490
2026/05/25 04:00:11.904, 1, 0, 10088
2026/05/25 04:00:11.905, 2, 0, 10088
2026/05/25 04:00:11.906, 3, 0, 10088
2026/05/25 04:00:26.985, 0, 100, 10490
2026/05/25 04:00:26.987, 1, 100, 10088
2026/05/25 04:00:26.988, 2, 0, 10088
2026/05/25 04:00:26.989, 3, 0, 10088
2026/05/25 04:00:42.074, 0, 4, 10490
2026/05/25 04:00:42.076, 1, 0, 10088
2026/05/25 04:00:42.077, 2, 0, 10088
2026/05/25 04:00:42.079, 3, 0, 10088
2026/05/25 04:00:57.210, 0, 100, 10490
2026/05/25 04:00:57.214, 1, 0, 10088
2026/05/25 04:00:57.217, 2, 100, 10088
2026/05/25 04:00:57.220, 3, 0, 10088
2026/05/25 04:01:12.424, 0, 53, 10490
2026/05/25 04:01:12.427, 1, 100, 10088
2026/05/25 04:01:12.430, 2, 33, 10088
2026/05/25 04:01:12.433, 3, 0, 10088
2026/05/25 04:01:27.739, 0, 13, 10490
2026/05/25 04:01:27.741, 1, 0, 10088
2026/05/25 04:01:27.742, 2, 0, 10088
2026/05/25 04:01:27.743, 3, 0, 10088
2026/05/25 04:01:42.842, 0, 8, 10490
2026/05/25 04:01:42.844, 1, 0, 10088
2026/05/25 04:01:42.845, 2, 0, 10088
2026/05/25 04:01:42.847, 3, 0, 10088
2026/05/25 04:01:57.941, 0, 100, 10490
2026/05/25 04:01:57.946, 1, 98, 10088
2026/05/25 04:01:57.949, 2, 100, 10088
2026/05/25 04:01:57.952, 3, 0, 10088
2026/05/25 04:02:13.041, 0, 8, 10490
2026/05/25 04:02:13.043, 1, 0, 10088
2026/05/25 04:02:13.045, 2, 0, 10088
2026/05/25 04:02:13.046, 3, 0, 10088
2026/05/25 04:02:28.165, 0, 6, 10490
2026/05/25 04:02:28.167, 1, 0, 10088
2026/05/25 04:02:28.169, 2, 0, 10088
2026/05/25 04:02:28.170, 3, 0, 10088
2026/05/25 04:02:43.254, 0, 10, 10490
2026/05/25 04:02:43.257, 1, 0, 10088
2026/05/25 04:02:43.258, 2, 0, 10088
2026/05/25 04:02:43.259, 3, 0, 10088
2026/05/25 04:02:58.346, 0, 9, 10490
2026/05/25 04:02:58.348, 1, 0, 10088
2026/05/25 04:02:58.349, 2, 0, 10088
2026/05/25 04:02:58.351, 3, 0, 10088
2026/05/25 04:03:13.488, 0, 70, 10490
2026/05/25 04:03:13.492, 1, 0, 10088
2026/05/25 04:03:13.495, 2, 100, 10088
2026/05/25 04:03:13.498, 3, 0, 10088
2026/05/25 04:03:28.633, 0, 8, 10490
2026/05/25 04:03:28.637, 1, 57, 10088
2026/05/25 04:03:28.641, 2, 0, 10088
2026/05/25 04:03:28.644, 3, 0, 10088
2026/05/25 04:03:43.777, 0, 1, 10490
2026/05/25 04:03:43.779, 1, 0, 10088
2026/05/25 04:03:43.780, 2, 0, 10088
2026/05/25 04:03:43.782, 3, 0, 10088
2026/05/25 04:03:59.068, 0, 13, 10490
2026/05/25 04:03:59.071, 1, 0, 10088
2026/05/25 04:03:59.072, 2, 0, 10088
2026/05/25 04:03:59.073, 3, 0, 10088
2026/05/25 04:04:14.165, 0, 100, 10490
2026/05/25 04:04:14.169, 1, 100, 10088
2026/05/25 04:04:14.172, 2, 100, 10088
2026/05/25 04:04:14.175, 3, 0, 10088
2026/05/25 04:04:29.265, 0, 8, 10490
2026/05/25 04:04:29.267, 1, 0, 10088
2026/05/25 04:04:29.268, 2, 0, 10088
2026/05/25 04:04:29.270, 3, 0, 10088
2026/05/25 04:04:44.353, 0, 99, 10490
2026/05/25 04:04:44.355, 1, 100, 10088
2026/05/25 04:04:44.357, 2, 100, 10088
2026/05/25 04:04:44.358, 3, 100, 10088
2026/05/25 04:04:59.458, 0, 13, 10490
2026/05/25 04:04:59.460, 1, 0, 10088
2026/05/25 04:04:59.461, 2, 0, 10088
2026/05/25 04:04:59.463, 3, 0, 10088
2026/05/25 04:05:14.607, 0, 9, 10490
2026/05/25 04:05:14.609, 1, 0, 10088
2026/05/25 04:05:14.610, 2, 0, 10088
2026/05/25 04:05:14.611, 3, 0, 10088
2026/05/25 04:05:29.789, 0, 9, 10490
2026/05/25 04:05:29.791, 1, 0, 10088
2026/05/25 04:05:29.793, 2, 0, 10088
2026/05/25 04:05:29.794, 3, 0, 10088
2026/05/25 04:05:45.018, 0, 8, 10490
2026/05/25 04:05:45.020, 1, 0, 10088
2026/05/25 04:05:45.021, 2, 0, 10088
2026/05/25 04:05:45.022, 3, 0, 10088
2026/05/25 04:06:00.105, 0, 9, 10490
2026/05/25 04:06:00.107, 1, 0, 10088
2026/05/25 04:06:00.108, 2, 0, 10088
2026/05/25 04:06:00.110, 3, 0, 10088
2026/05/25 04:06:15.210, 0, 14, 10490
2026/05/25 04:06:15.212, 1, 0, 10088
2026/05/25 04:06:15.213, 2, 0, 10088
2026/05/25 04:06:15.214, 3, 0, 10088
2026/05/25 04:06:30.488, 0, 100, 10490
2026/05/25 04:06:30.491, 1, 100, 10088
2026/05/25 04:06:30.493, 2, 100, 10088
2026/05/25 04:06:30.495, 3, 100, 10088
2026/05/25 04:06:45.725, 0, 9, 10490
2026/05/25 04:06:45.728, 1, 0, 10088
2026/05/25 04:06:45.729, 2, 0, 10088
2026/05/25 04:06:45.730, 3, 0, 10088
2026/05/25 04:07:00.830, 0, 9, 10490
2026/05/25 04:07:00.832, 1, 0, 10088
2026/05/25 04:07:00.833, 2, 0, 10088
2026/05/25 04:07:00.834, 3, 0, 10088
2026/05/25 04:07:15.956, 0, 14, 10490
2026/05/25 04:07:15.958, 1, 0, 10088
2026/05/25 04:07:15.959, 2, 0, 10088
2026/05/25 04:07:15.961, 3, 0, 10088
2026/05/25 04:07:31.047, 0, 8, 10490
2026/05/25 04:07:31.049, 1, 0, 10088
2026/05/25 04:07:31.050, 2, 0, 10088
2026/05/25 04:07:31.052, 3, 0, 10088
2026/05/25 04:07:46.137, 0, 36, 10490
2026/05/25 04:07:46.139, 1, 100, 10088
2026/05/25 04:07:46.141, 2, 52, 10088
2026/05/25 04:07:46.142, 3, 100, 10088
2026/05/25 04:08:01.225, 0, 8, 10490
2026/05/25 04:08:01.227, 1, 0, 10088
2026/05/25 04:08:01.229, 2, 0, 10088
2026/05/25 04:08:01.230, 3, 0, 10088
2026/05/25 04:08:16.314, 0, 9, 10490
2026/05/25 04:08:16.318, 1, 0, 10088
2026/05/25 04:08:16.322, 2, 0, 10088
2026/05/25 04:08:16.323, 3, 0, 10088
2026/05/25 04:08:31.490, 0, 10, 10490
2026/05/25 04:08:31.492, 1, 0, 10088
2026/05/25 04:08:31.494, 2, 0, 10088
2026/05/25 04:08:31.495, 3, 0, 10088
2026/05/25 04:08:46.810, 0, 100, 10490
2026/05/25 04:08:46.812, 1, 65, 10088
2026/05/25 04:08:46.813, 2, 100, 10088
2026/05/25 04:08:46.814, 3, 100, 10088
2026/05/25 04:09:01.897, 0, 100, 10490
2026/05/25 04:09:01.899, 1, 0, 10088
2026/05/25 04:09:01.901, 2, 100, 10088
2026/05/25 04:09:01.902, 3, 0, 10088
2026/05/25 04:09:17.045, 0, 100, 10490
2026/05/25 04:09:17.049, 1, 100, 10088
2026/05/25 04:09:17.052, 2, 100, 10088
2026/05/25 04:09:17.055, 3, 0, 10088
2026/05/25 04:09:32.145, 0, 9, 10490
2026/05/25 04:09:32.147, 1, 0, 10088
2026/05/25 04:09:32.149, 2, 0, 10088
2026/05/25 04:09:32.150, 3, 0, 10088
2026/05/25 04:09:47.250, 0, 14, 10490
2026/05/25 04:09:47.252, 1, 0, 10088
2026/05/25 04:09:47.254, 2, 0, 10088
2026/05/25 04:09:47.255, 3, 0, 10088
2026/05/25 04:10:02.409, 0, 100, 10490
2026/05/25 04:10:02.411, 1, 100, 10088
2026/05/25 04:10:02.413, 2, 100, 10088
2026/05/25 04:10:02.414, 3, 100, 10088
2026/05/25 04:10:17.742, 0, 100, 10490
2026/05/25 04:10:17.744, 1, 0, 10088
2026/05/25 04:10:17.745, 2, 56, 10088
2026/05/25 04:10:17.746, 3, 0, 10088
2026/05/25 04:10:32.826, 0, 8, 10490
2026/05/25 04:10:32.828, 1, 0, 10088
2026/05/25 04:10:32.830, 2, 0, 10088
2026/05/25 04:10:32.831, 3, 0, 10088
2026/05/25 04:10:47.945, 0, 8, 10490
2026/05/25 04:10:47.948, 1, 100, 10088
2026/05/25 04:10:47.952, 2, 0, 10088
2026/05/25 04:10:47.955, 3, 0, 10088
2026/05/25 04:11:03.049, 0, 9, 10490
2026/05/25 04:11:03.051, 1, 0, 10088
2026/05/25 04:11:03.053, 2, 0, 10088
2026/05/25 04:11:03.054, 3, 0, 10088
2026/05/25 04:11:18.138, 0, 9, 10490
2026/05/25 04:11:18.140, 1, 0, 10088
2026/05/25 04:11:18.141, 2, 0, 10088
2026/05/25 04:11:18.142, 3, 0, 10088
2026/05/25 04:11:33.415, 0, 96, 10490
2026/05/25 04:11:33.419, 1, 0, 10088
2026/05/25 04:11:33.422, 2, 90, 10088
2026/05/25 04:11:33.425, 3, 0, 10088
2026/05/25 04:11:48.538, 0, 9, 10490
2026/05/25 04:11:48.540, 1, 35, 10088
2026/05/25 04:11:48.541, 2, 0, 10088
2026/05/25 04:11:48.543, 3, 100, 10088
2026/05/25 04:12:03.646, 0, 18, 10490
2026/05/25 04:12:03.648, 1, 100, 10088
2026/05/25 04:12:03.649, 2, 0, 10088
2026/05/25 04:12:03.651, 3, 0, 10088
2026/05/25 04:12:18.810, 0, 100, 10490
2026/05/25 04:12:18.813, 1, 100, 10088
2026/05/25 04:12:18.816, 2, 100, 10088
2026/05/25 04:12:18.820, 3, 0, 10088
2026/05/25 04:12:34.006, 0, 4, 10490
2026/05/25 04:12:34.091, 1, 60, 10088
2026/05/25 04:12:34.093, 2, 0, 10088
2026/05/25 04:12:34.094, 3, 0, 10088
2026/05/25 04:12:49.263, 0, 5, 10490
2026/05/25 04:12:49.264, 1, 0, 10088
2026/05/25 04:12:49.266, 2, 0, 10088
2026/05/25 04:12:49.267, 3, 0, 10088
2026/05/25 04:13:04.399, 0, 100, 10490
2026/05/25 04:13:04.403, 1, 85, 10088
2026/05/25 04:13:04.406, 2, 100, 10088
2026/05/25 04:13:04.409, 3, 100, 10088
2026/05/25 04:13:19.550, 0, 14, 10490
2026/05/25 04:13:19.552, 1, 0, 10088
2026/05/25 04:13:19.554, 2, 0, 10088
2026/05/25 04:13:19.555, 3, 0, 10088
2026/05/25 04:13:34.637, 0, 2, 10490
2026/05/25 04:13:34.640, 1, 0, 10088
2026/05/25 04:13:34.641, 2, 0, 10088
2026/05/25 04:13:34.642, 3, 0, 10088
2026/05/25 04:13:49.922, 0, 7, 10490
2026/05/25 04:13:49.923, 1, 0, 10088
2026/05/25 04:13:49.924, 2, 0, 10088
2026/05/25 04:13:49.925, 3, 0, 10088
2026/05/25 04:14:05.005, 0, 9, 10490
2026/05/25 04:14:05.007, 1, 0, 10088
2026/05/25 04:14:05.009, 2, 0, 10088
2026/05/25 04:14:05.010, 3, 0, 10088
2026/05/25 04:14:20.093, 0, 9, 10490
2026/05/25 04:14:20.095, 1, 0, 10088
2026/05/25 04:14:20.097, 2, 0, 10088
2026/05/25 04:14:20.098, 3, 0, 10088
2026/05/25 04:14:35.198, 0, 14, 10490
2026/05/25 04:14:35.200, 1, 0, 10088
2026/05/25 04:14:35.201, 2, 0, 10088
2026/05/25 04:14:35.203, 3, 0, 10088
2026/05/25 04:14:50.546, 0, 100, 10490
2026/05/25 04:14:50.550, 1, 0, 10088
2026/05/25 04:14:50.552, 2, 0, 10088
2026/05/25 04:14:50.553, 3, 0, 10088
2026/05/25 04:15:05.719, 0, 43, 10490
2026/05/25 04:15:05.723, 1, 100, 10088
2026/05/25 04:15:05.727, 2, 34, 10088
2026/05/25 04:15:05.730, 3, 100, 10088
2026/05/25 04:15:20.934, 0, 50, 10490
2026/05/25 04:15:20.938, 1, 100, 10088
2026/05/25 04:15:20.941, 2, 0, 10088
2026/05/25 04:15:20.942, 3, 0, 10088
2026/05/25 04:15:36.027, 0, 13, 10490
2026/05/25 04:15:36.029, 1, 0, 10088
2026/05/25 04:15:36.030, 2, 0, 10088
2026/05/25 04:15:36.032, 3, 0, 10088
2026/05/25 04:15:51.367, 0, 100, 10490
2026/05/25 04:15:51.369, 1, 100, 10088
2026/05/25 04:15:51.370, 2, 100, 10088
2026/05/25 04:15:51.371, 3, 100, 10088
2026/05/25 04:16:06.450, 0, 8, 10490
2026/05/25 04:16:06.452, 1, 0, 10088
2026/05/25 04:16:06.454, 2, 0, 10088
2026/05/25 04:16:06.455, 3, 0, 10088
2026/05/25 04:16:21.537, 0, 8, 10490
2026/05/25 04:16:21.539, 1, 0, 10088
2026/05/25 04:16:21.541, 2, 0, 10088
2026/05/25 04:16:21.542, 3, 0, 10088
2026/05/25 04:16:36.625, 0, 3, 10490
2026/05/25 04:16:36.627, 1, 0, 10088
2026/05/25 04:16:36.628, 2, 0, 10088
2026/05/25 04:16:36.630, 3, 0, 10088
2026/05/25 04:16:51.742, 0, 13, 10490
2026/05/25 04:16:51.744, 1, 0, 10088
2026/05/25 04:16:51.745, 2, 0, 10088
2026/05/25 04:16:51.747, 3, 0, 10088
2026/05/25 04:17:06.917, 0, 100, 10490
2026/05/25 04:17:06.919, 1, 0, 10088
2026/05/25 04:17:06.921, 2, 100, 10088
2026/05/25 04:17:06.922, 3, 0, 10088
2026/05/25 04:17:22.006, 0, 100, 10490
2026/05/25 04:17:22.008, 1, 21, 10088
2026/05/25 04:17:22.009, 2, 100, 10088
2026/05/25 04:17:22.010, 3, 100, 10088
2026/05/25 04:17:37.093, 0, 9, 10490
2026/05/25 04:17:37.095, 1, 0, 10088
2026/05/25 04:17:37.097, 2, 0, 10088
2026/05/25 04:17:37.098, 3, 0, 10088
2026/05/25 04:17:52.182, 0, 6, 10490
2026/05/25 04:17:52.184, 1, 0, 10088
2026/05/25 04:17:52.186, 2, 0, 10088
2026/05/25 04:17:52.187, 3, 0, 10088
2026/05/25 04:18:07.290, 0, 13, 10490
2026/05/25 04:18:07.292, 1, 0, 10088
2026/05/25 04:18:07.293, 2, 0, 10088
2026/05/25 04:18:07.294, 3, 0, 10088
2026/05/25 04:18:22.397, 0, 8, 10490
2026/05/25 04:18:22.399, 1, 0, 10088
2026/05/25 04:18:22.400, 2, 0, 10088
2026/05/25 04:18:22.402, 3, 0, 10088
2026/05/25 04:18:37.486, 0, 8, 10490
2026/05/25 04:18:37.488, 1, 0, 10088
2026/05/25 04:18:37.489, 2, 0, 10088
2026/05/25 04:18:37.490, 3, 0, 10088
2026/05/25 04:18:52.604, 0, 100, 10490
2026/05/25 04:18:52.607, 1, 100, 10088
2026/05/25 04:18:52.610, 2, 0, 10088
2026/05/25 04:18:52.614, 3, 0, 10088
2026/05/25 04:19:07.759, 0, 66, 10490
2026/05/25 04:19:07.764, 1, 100, 10088
2026/05/25 04:19:07.767, 2, 0, 10088
2026/05/25 04:19:07.770, 3, 100, 10088
2026/05/25 04:19:22.882, 0, 0, 10490
2026/05/25 04:19:22.884, 1, 0, 10088
2026/05/25 04:19:22.886, 2, 0, 10088
2026/05/25 04:19:22.887, 3, 0, 10088
2026/05/25 04:19:37.988, 0, 100, 10490
2026/05/25 04:19:37.990, 1, 100, 10088
2026/05/25 04:19:37.991, 2, 0, 10088
2026/05/25 04:19:37.992, 3, 0, 10088
2026/05/25 04:19:53.065, 0, 39, 10490
2026/05/25 04:19:53.067, 1, 100, 10088
2026/05/25 04:19:53.068, 2, 64, 10088
2026/05/25 04:19:53.069, 3, 100, 10088
2026/05/25 04:20:08.150, 0, 100, 10490
2026/05/25 04:20:08.152, 1, 100, 10088
2026/05/25 04:20:08.153, 2, 100, 10088
2026/05/25 04:20:08.154, 3, 0, 10088
2026/05/25 04:20:23.254, 0, 10, 10490
2026/05/25 04:20:23.256, 1, 0, 10088
2026/05/25 04:20:23.257, 2, 0, 10088
2026/05/25 04:20:23.259, 3, 0, 10088
2026/05/25 04:20:38.362, 0, 2, 10490
2026/05/25 04:20:38.364, 1, 0, 10088
2026/05/25 04:20:38.365, 2, 0, 10088
2026/05/25 04:20:38.367, 3, 0, 10088
2026/05/25 04:20:53.449, 0, 100, 10490
2026/05/25 04:20:53.451, 1, 100, 10088
2026/05/25 04:20:53.453, 2, 100, 10088
2026/05/25 04:20:53.454, 3, 100, 10088
2026/05/25 04:21:08.538, 0, 100, 10490
2026/05/25 04:21:08.540, 1, 100, 10088
2026/05/25 04:21:08.541, 2, 100, 10088
2026/05/25 04:21:08.543, 3, 0, 10088
2026/05/25 04:21:23.703, 0, 29, 10490
2026/05/25 04:21:23.705, 1, 100, 10088
2026/05/25 04:21:23.706, 2, 80, 10088
2026/05/25 04:21:23.708, 3, 0, 10088
2026/05/25 04:21:38.973, 0, 0, 10490
2026/05/25 04:21:38.975, 1, 0, 10088
2026/05/25 04:21:38.977, 2, 0, 10088
2026/05/25 04:21:38.978, 3, 0, 10088
2026/05/25 04:21:54.148, 0, 100, 10490
2026/05/25 04:21:54.152, 1, 100, 10088
2026/05/25 04:21:54.157, 2, 0, 10088
2026/05/25 04:21:54.159, 3, 0, 10088
2026/05/25 04:22:09.249, 0, 8, 10490
2026/05/25 04:22:09.251, 1, 0, 10088
2026/05/25 04:22:09.253, 2, 0, 10088
2026/05/25 04:22:09.254, 3, 0, 10088
2026/05/25 04:22:24.346, 0, 6, 10490
2026/05/25 04:22:24.349, 1, 0, 10088
2026/05/25 04:22:24.353, 2, 0, 10088
2026/05/25 04:22:24.356, 3, 0, 10088
2026/05/25 04:22:39.538, 0, 2, 10490
2026/05/25 04:22:39.540, 1, 0, 10088
2026/05/25 04:22:39.541, 2, 0, 10088
2026/05/25 04:22:39.543, 3, 0, 10088
2026/05/25 04:22:54.644, 0, 13, 10490
2026/05/25 04:22:54.646, 1, 0, 10088
2026/05/25 04:22:54.648, 2, 0, 10088
2026/05/25 04:22:54.649, 3, 0, 10088
2026/05/25 04:23:09.750, 0, 100, 10490
2026/05/25 04:23:09.752, 1, 100, 10088
2026/05/25 04:23:09.753, 2, 100, 10088
2026/05/25 04:23:09.754, 3, 0, 10088
2026/05/25 04:23:24.883, 0, 100, 10490
2026/05/25 04:23:24.886, 1, 100, 10088
2026/05/25 04:23:24.889, 2, 100, 10088
2026/05/25 04:23:24.892, 3, 100, 10088
2026/05/25 04:23:40.045, 0, 100, 10490
2026/05/25 04:23:40.047, 1, 0, 10088
2026/05/25 04:23:40.049, 2, 0, 10088
2026/05/25 04:23:40.104, 3, 0, 10088
2026/05/25 04:23:55.326, 0, 8, 10490
2026/05/25 04:23:55.328, 1, 0, 10088
2026/05/25 04:23:55.329, 2, 0, 10088
2026/05/25 04:23:55.330, 3, 0, 10088
2026/05/25 04:24:10.426, 0, 14, 10490
2026/05/25 04:24:10.428, 1, 0, 10088
2026/05/25 04:24:10.430, 2, 0, 10088
2026/05/25 04:24:10.431, 3, 0, 10088
2026/05/25 04:24:25.535, 0, 100, 10490
2026/05/25 04:24:25.539, 1, 100, 10088
2026/05/25 04:24:25.543, 2, 100, 10088
2026/05/25 04:24:25.546, 3, 0, 10088
2026/05/25 04:24:40.689, 0, 3, 10490
2026/05/25 04:24:40.693, 1, 0, 10088
2026/05/25 04:24:40.696, 2, 0, 10088
2026/05/25 04:24:40.699, 3, 0, 10088
2026/05/25 04:24:55.793, 0, 8, 10490
2026/05/25 04:24:55.795, 1, 0, 10088
2026/05/25 04:24:55.797, 2, 0, 10088
2026/05/25 04:24:55.798, 3, 0, 10088
2026/05/25 04:25:10.892, 0, 9, 10490
2026/05/25 04:25:10.896, 1, 100, 10088
2026/05/25 04:25:10.900, 2, 0, 10088
2026/05/25 04:25:10.903, 3, 0, 10088
2026/05/25 04:25:25.994, 0, 10, 10490
2026/05/25 04:25:25.996, 1, 0, 10088
2026/05/25 04:25:25.998, 2, 0, 10088
2026/05/25 04:25:25.999, 3, 0, 10088
2026/05/25 04:25:41.085, 0, 2, 10490
2026/05/25 04:25:41.087, 1, 0, 10088
2026/05/25 04:25:41.088, 2, 0, 10088
2026/05/25 04:25:41.090, 3, 0, 10088
2026/05/25 04:25:56.478, 0, 100, 10490
2026/05/25 04:25:56.722, 1, 28, 10088
2026/05/25 04:25:56.724, 2, 0, 10088
2026/05/25 04:25:56.725, 3, 0, 10088
2026/05/25 04:26:11.812, 0, 100, 10490
2026/05/25 04:26:11.814, 1, 0, 10088
2026/05/25 04:26:11.815, 2, 0, 10088
2026/05/25 04:26:11.816, 3, 0, 10088
2026/05/25 04:26:26.918, 0, 14, 10490
2026/05/25 04:26:26.921, 1, 0, 10088
2026/05/25 04:26:26.922, 2, 0, 10088
2026/05/25 04:26:26.923, 3, 0, 10088
2026/05/25 04:26:42.006, 0, 100, 10490
2026/05/25 04:26:42.009, 1, 100, 10088
2026/05/25 04:26:42.010, 2, 85, 10088
2026/05/25 04:26:42.011, 3, 100, 10088
2026/05/25 04:26:57.191, 0, 64, 10490
2026/05/25 04:26:57.194, 1, 100, 10088
2026/05/25 04:26:57.197, 2, 41, 10088
2026/05/25 04:26:57.200, 3, 0, 10088
2026/05/25 04:27:12.298, 0, 9, 10490
2026/05/25 04:27:12.300, 1, 0, 10088
2026/05/25 04:27:12.302, 2, 0, 10088
2026/05/25 04:27:12.303, 3, 0, 10088
2026/05/25 04:27:27.458, 0, 3, 10490
2026/05/25 04:27:27.460, 1, 100, 10088
2026/05/25 04:27:27.461, 2, 0, 10088
2026/05/25 04:27:27.462, 3, 100, 10088
2026/05/25 04:27:42.654, 0, 13, 10490
2026/05/25 04:27:42.656, 1, 0, 10088
2026/05/25 04:27:42.657, 2, 0, 10088
2026/05/25 04:27:42.658, 3, 0, 10088
2026/05/25 04:27:57.742, 0, 8, 10490
2026/05/25 04:27:57.744, 1, 0, 10088
2026/05/25 04:27:57.746, 2, 0, 10088
2026/05/25 04:27:57.747, 3, 0, 10088
2026/05/25 04:28:12.856, 0, 100, 10490
2026/05/25 04:28:12.863, 1, 0, 10088
2026/05/25 04:28:12.865, 2, 0, 10088
2026/05/25 04:28:12.866, 3, 0, 10088
2026/05/25 04:28:27.953, 0, 8, 10490
2026/05/25 04:28:27.955, 1, 0, 10088
2026/05/25 04:28:27.957, 2, 0, 10088
2026/05/25 04:28:27.958, 3, 0, 10088
2026/05/25 04:28:43.058, 0, 0, 10490
2026/05/25 04:28:43.061, 1, 0, 10088
2026/05/25 04:28:43.062, 2, 0, 10088
2026/05/25 04:28:43.064, 3, 0, 10088
2026/05/25 04:28:58.230, 0, 8, 10490
2026/05/25 04:28:58.232, 1, 0, 10088
2026/05/25 04:28:58.233, 2, 0, 10088
2026/05/25 04:28:58.234, 3, 0, 10088
2026/05/25 04:29:13.347, 0, 100, 10490
2026/05/25 04:29:13.352, 1, 100, 10088
2026/05/25 04:29:13.355, 2, 100, 10088
2026/05/25 04:29:13.358, 3, 0, 10088
2026/05/25 04:29:28.635, 0, 67, 10490
2026/05/25 04:29:28.639, 1, 100, 10088
2026/05/25 04:29:28.642, 2, 100, 10088
2026/05/25 04:29:28.646, 3, 0, 10088
2026/05/25 04:29:43.741, 0, 8, 10490
2026/05/25 04:29:43.743, 1, 0, 10088
2026/05/25 04:29:43.745, 2, 0, 10088
2026/05/25 04:29:43.746, 3, 0, 10088
2026/05/25 04:29:58.846, 0, 12, 10490
2026/05/25 04:29:58.848, 1, 0, 10088
2026/05/25 04:29:58.849, 2, 0, 10088
2026/05/25 04:29:58.851, 3, 0, 10088
2026/05/25 04:30:13.935, 0, 4, 10490
2026/05/25 04:30:13.937, 1, 0, 10088
2026/05/25 04:30:13.938, 2, 0, 10088
2026/05/25 04:30:13.939, 3, 0, 10088
2026/05/25 04:30:29.105, 0, 100, 10490
2026/05/25 04:30:29.107, 1, 0, 10088
2026/05/25 04:30:29.109, 2, 100, 10088
2026/05/25 04:30:29.110, 3, 0, 10088
2026/05/25 04:30:44.217, 0, 2, 10490
2026/05/25 04:30:44.219, 1, 0, 10088
2026/05/25 04:30:44.221, 2, 0, 10088
2026/05/25 04:30:44.222, 3, 0, 10088
2026/05/25 04:30:59.305, 0, 100, 10490
2026/05/25 04:30:59.307, 1, 100, 10088
2026/05/25 04:30:59.309, 2, 100, 10088
2026/05/25 04:30:59.310, 3, 100, 10088
2026/05/25 04:31:14.410, 0, 13, 10490
2026/05/25 04:31:14.412, 1, 0, 10088
2026/05/25 04:31:14.413, 2, 0, 10088
2026/05/25 04:31:14.415, 3, 0, 10088
2026/05/25 04:31:29.555, 0, 3, 10490
2026/05/25 04:31:29.559, 1, 0, 10088
2026/05/25 04:31:29.562, 2, 0, 10088
2026/05/25 04:31:29.565, 3, 0, 10088
2026/05/25 04:31:44.697, 0, 8, 10490
2026/05/25 04:31:44.699, 1, 0, 10088
2026/05/25 04:31:44.701, 2, 0, 10088
2026/05/25 04:31:44.702, 3, 0, 10088
2026/05/25 04:31:59.911, 0, 3, 10490
2026/05/25 04:31:59.913, 1, 0, 10088
2026/05/25 04:31:59.914, 2, 0, 10088
2026/05/25 04:31:59.916, 3, 0, 10088
2026/05/25 04:32:15.306, 0, 4, 10490
2026/05/25 04:32:15.308, 1, 0, 10088
2026/05/25 04:32:15.310, 2, 0, 10088
2026/05/25 04:32:15.311, 3, 0, 10088
2026/05/25 04:32:30.411, 0, 8, 10490
2026/05/25 04:32:30.413, 1, 0, 10088
2026/05/25 04:32:30.415, 2, 0, 10088
2026/05/25 04:32:30.416, 3, 0, 10088
2026/05/25 04:32:45.528, 0, 100, 10490
2026/05/25 04:32:45.531, 1, 100, 10088
2026/05/25 04:32:45.534, 2, 100, 10088
2026/05/25 04:32:45.538, 3, 100, 10088
2026/05/25 04:33:00.633, 0, 8, 10490
2026/05/25 04:33:00.635, 1, 0, 10088
2026/05/25 04:33:00.636, 2, 0, 10088
2026/05/25 04:33:00.638, 3, 0, 10088
2026/05/25 04:33:15.733, 0, 78, 10490
2026/05/25 04:33:15.738, 1, 0, 10088
2026/05/25 04:33:15.741, 2, 0, 10088
2026/05/25 04:33:15.744, 3, 100, 10088
2026/05/25 04:33:30.866, 0, 7, 10490
2026/05/25 04:33:30.868, 1, 0, 10088
2026/05/25 04:33:30.869, 2, 0, 10088
2026/05/25 04:33:30.871, 3, 0, 10088
2026/05/25 04:33:45.977, 0, 100, 10490
2026/05/25 04:33:45.979, 1, 0, 10088
2026/05/25 04:33:45.981, 2, 100, 10088
2026/05/25 04:33:45.982, 3, 0, 10088
2026/05/25 04:34:01.065, 0, 100, 10490
2026/05/25 04:34:01.067, 1, 0, 10088
2026/05/25 04:34:01.068, 2, 0, 10088
2026/05/25 04:34:01.070, 3, 0, 10088
2026/05/25 04:34:16.153, 0, 8, 10490
2026/05/25 04:34:16.158, 1, 0, 10088
2026/05/25 04:34:16.161, 2, 0, 10088
2026/05/25 04:34:16.162, 3, 0, 10088
2026/05/25 04:34:31.300, 0, 8, 10490
2026/05/25 04:34:31.304, 1, 0, 10088
2026/05/25 04:34:31.305, 2, 0, 10088
2026/05/25 04:34:31.307, 3, 0, 10088
2026/05/25 04:34:46.411, 0, 16, 10490
2026/05/25 04:34:46.413, 1, 0, 10088
2026/05/25 04:34:46.415, 2, 0, 10088
2026/05/25 04:34:46.416, 3, 0, 10088
2026/05/25 04:35:01.561, 0, 3, 10490
2026/05/25 04:35:01.563, 1, 0, 10088
2026/05/25 04:35:01.565, 2, 0, 10088
2026/05/25 04:35:01.566, 3, 0, 10088
2026/05/25 04:35:16.698, 0, 100, 10490
2026/05/25 04:35:16.700, 1, 100, 10088
2026/05/25 04:35:16.701, 2, 100, 10088
2026/05/25 04:35:16.702, 3, 100, 10088
2026/05/25 04:35:31.786, 0, 9, 10490
2026/05/25 04:35:31.788, 1, 0, 10088
2026/05/25 04:35:31.789, 2, 0, 10088
2026/05/25 04:35:31.790, 3, 0, 10088
2026/05/25 04:35:46.896, 0, 100, 10490
2026/05/25 04:35:46.900, 1, 100, 10088
2026/05/25 04:35:46.902, 2, 100, 10088
2026/05/25 04:35:46.905, 3, 71, 10088
2026/05/25 04:36:01.993, 0, 14, 10490
2026/05/25 04:36:01.996, 1, 0, 10088
2026/05/25 04:36:01.997, 2, 0, 10088
2026/05/25 04:36:01.998, 3, 0, 10088
2026/05/25 04:36:17.081, 0, 6, 10490
2026/05/25 04:36:17.083, 1, 0, 10088
2026/05/25 04:36:17.085, 2, 0, 10088
2026/05/25 04:36:17.086, 3, 0, 10088
2026/05/25 04:36:32.401, 0, 10, 10490
2026/05/25 04:36:32.403, 1, 0, 10088
2026/05/25 04:36:32.404, 2, 0, 10088
2026/05/25 04:36:32.406, 3, 0, 10088
2026/05/25 04:36:47.507, 0, 9, 10490
2026/05/25 04:36:47.509, 1, 0, 10088
2026/05/25 04:36:47.510, 2, 0, 10088
2026/05/25 04:36:47.511, 3, 0, 10088
2026/05/25 04:37:02.628, 0, 100, 10490
2026/05/25 04:37:02.633, 1, 0, 10088
2026/05/25 04:37:02.636, 2, 0, 10088
2026/05/25 04:37:02.637, 3, 0, 10088
2026/05/25 04:37:17.738, 0, 9, 10490
2026/05/25 04:37:17.740, 1, 0, 10088
2026/05/25 04:37:17.741, 2, 0, 10088
2026/05/25 04:37:17.743, 3, 0, 10088
2026/05/25 04:37:33.123, 0, 100, 10490
2026/05/25 04:37:33.125, 1, 100, 10088
2026/05/25 04:37:33.127, 2, 100, 10088
2026/05/25 04:37:33.128, 3, 0, 10088
2026/05/25 04:37:48.249, 0, 8, 10490
2026/05/25 04:37:48.251, 1, 0, 10088
2026/05/25 04:37:48.253, 2, 0, 10088
2026/05/25 04:37:48.254, 3, 24, 10088
2026/05/25 04:38:03.357, 0, 9, 10490
2026/05/25 04:38:03.359, 1, 0, 10088
2026/05/25 04:38:03.361, 2, 0, 10088
2026/05/25 04:38:03.362, 3, 0, 10088
2026/05/25 04:38:18.466, 0, 1, 10490
2026/05/25 04:38:18.468, 1, 0, 10088
2026/05/25 04:38:18.470, 2, 0, 10088
2026/05/25 04:38:18.471, 3, 0, 10088
2026/05/25 04:38:33.700, 0, 8, 10490
2026/05/25 04:38:33.702, 1, 100, 10088
2026/05/25 04:38:33.704, 2, 0, 10088
2026/05/25 04:38:33.706, 3, 0, 10088
2026/05/25 04:38:48.783, 0, 9, 10490
2026/05/25 04:38:48.785, 1, 100, 10088
2026/05/25 04:38:48.786, 2, 0, 10088
2026/05/25 04:38:48.787, 3, 0, 10088
2026/05/25 04:39:03.929, 0, 10, 10490
2026/05/25 04:39:03.933, 1, 100, 10088
2026/05/25 04:39:03.936, 2, 0, 10088
2026/05/25 04:39:03.939, 3, 0, 10088
2026/05/25 04:39:19.029, 0, 9, 10490
2026/05/25 04:39:19.031, 1, 0, 10088
2026/05/25 04:39:19.033, 2, 0, 10088
2026/05/25 04:39:19.034, 3, 0, 10088
2026/05/25 04:39:34.153, 0, 4, 10490
2026/05/25 04:39:34.155, 1, 0, 10088
2026/05/25 04:39:34.157, 2, 0, 10088
2026/05/25 04:39:34.158, 3, 0, 10088
2026/05/25 04:39:49.476, 0, 8, 10490
2026/05/25 04:39:49.478, 1, 0, 10088
2026/05/25 04:39:49.479, 2, 0, 10088
2026/05/25 04:39:49.481, 3, 0, 10088
2026/05/25 04:40:04.687, 0, 93, 10490
2026/05/25 04:40:04.814, 1, 100, 10088
2026/05/25 04:40:04.816, 2, 100, 10088
2026/05/25 04:40:04.818, 3, 100, 10088
2026/05/25 04:40:19.948, 0, 100, 10490
2026/05/25 04:40:19.952, 1, 100, 10088
2026/05/25 04:40:19.953, 2, 100, 10088
2026/05/25 04:40:19.955, 3, 0, 10088
2026/05/25 04:40:35.045, 0, 100, 10490
2026/05/25 04:40:35.049, 1, 100, 10088
2026/05/25 04:40:35.052, 2, 0, 10088
2026/05/25 04:40:35.056, 3, 100, 10088
2026/05/25 04:40:50.170, 0, 13, 10490
2026/05/25 04:40:50.173, 1, 0, 10088
2026/05/25 04:40:50.174, 2, 0, 10088
2026/05/25 04:40:50.175, 3, 0, 10088
2026/05/25 04:41:05.264, 0, 100, 10490
2026/05/25 04:41:05.268, 1, 0, 10088
2026/05/25 04:41:05.270, 2, 0, 10088
2026/05/25 04:41:05.271, 3, 0, 10088
2026/05/25 04:41:20.447, 0, 100, 10490
2026/05/25 04:41:20.452, 1, 0, 10088
2026/05/25 04:41:20.455, 2, 100, 10088
2026/05/25 04:41:20.458, 3, 52, 10088
2026/05/25 04:41:35.708, 0, 100, 10490
2026/05/25 04:41:35.710, 1, 100, 10088
2026/05/25 04:41:35.711, 2, 100, 10088
2026/05/25 04:41:35.712, 3, 80, 10088
2026/05/25 04:41:50.787, 0, 100, 10490
2026/05/25 04:41:50.789, 1, 100, 10088
2026/05/25 04:41:50.790, 2, 100, 10088
2026/05/25 04:41:50.791, 3, 0, 10088
2026/05/25 04:42:05.909, 0, 100, 10490
2026/05/25 04:42:05.911, 1, 100, 10088
2026/05/25 04:42:05.913, 2, 100, 10088
2026/05/25 04:42:05.914, 3, 0, 10088
2026/05/25 04:42:21.464, 0, 100, 10490
2026/05/25 04:42:21.468, 1, 100, 10088
2026/05/25 04:42:21.472, 2, 100, 10088
2026/05/25 04:42:21.476, 3, 58, 10088
2026/05/25 04:42:36.834, 0, 100, 10490
2026/05/25 04:42:36.837, 1, 0, 10088
2026/05/25 04:42:36.841, 2, 100, 10088
2026/05/25 04:42:36.843, 3, 100, 10088
2026/05/25 04:42:51.937, 0, 9, 10490
2026/05/25 04:42:51.939, 1, 0, 10088
2026/05/25 04:42:51.940, 2, 0, 10088
2026/05/25 04:42:51.942, 3, 0, 10088
2026/05/25 04:43:07.025, 0, 5, 10490
2026/05/25 04:43:07.027, 1, 0, 10088
2026/05/25 04:43:07.029, 2, 0, 10088
2026/05/25 04:43:07.030, 3, 0, 10088
2026/05/25 04:43:22.134, 0, 12, 10490
2026/05/25 04:43:22.136, 1, 0, 10088
2026/05/25 04:43:22.138, 2, 0, 10088
2026/05/25 04:43:22.139, 3, 0, 10088
2026/05/25 04:43:37.394, 0, 100, 10490
2026/05/25 04:43:37.398, 1, 99, 10088
2026/05/25 04:43:37.400, 2, 0, 10088
2026/05/25 04:43:37.402, 3, 0, 10088
2026/05/25 04:43:52.495, 0, 8, 10490
2026/05/25 04:43:52.499, 1, 0, 10088
2026/05/25 04:43:52.500, 2, 0, 10088
2026/05/25 04:43:52.501, 3, 0, 10088
2026/05/25 04:44:07.590, 0, 100, 10490
2026/05/25 04:44:07.592, 1, 100, 10088
2026/05/25 04:44:07.593, 2, 100, 10088
2026/05/25 04:44:07.594, 3, 0, 10088
2026/05/25 04:44:22.677, 0, 4, 10490
2026/05/25 04:44:22.679, 1, 0, 10088
2026/05/25 04:44:22.681, 2, 0, 10088
2026/05/25 04:44:22.682, 3, 0, 10088
2026/05/25 04:44:37.836, 0, 14, 10490
2026/05/25 04:44:37.839, 1, 0, 10088
2026/05/25 04:44:37.840, 2, 0, 10088
2026/05/25 04:44:37.841, 3, 0, 10088
2026/05/25 04:44:52.983, 0, 87, 10490
2026/05/25 04:44:52.987, 1, 100, 10088
2026/05/25 04:44:52.990, 2, 100, 10088
2026/05/25 04:44:52.992, 3, 100, 10088
2026/05/25 04:45:08.102, 0, 100, 10490
2026/05/25 04:45:08.104, 1, 0, 10088
2026/05/25 04:45:08.105, 2, 100, 10088
2026/05/25 04:45:08.107, 3, 0, 10088
2026/05/25 04:45:23.193, 0, 2, 10490
2026/05/25 04:45:23.195, 1, 0, 10088
2026/05/25 04:45:23.197, 2, 0, 10088
2026/05/25 04:45:23.198, 3, 0, 10088
2026/05/25 04:45:38.495, 0, 100, 10490
2026/05/25 04:45:38.498, 1, 100, 10088
2026/05/25 04:45:38.500, 2, 100, 10088
2026/05/25 04:45:38.503, 3, 0, 10088
2026/05/25 04:45:53.685, 0, 13, 10490
2026/05/25 04:45:53.688, 1, 0, 10088
2026/05/25 04:45:53.689, 2, 0, 10088
2026/05/25 04:45:53.690, 3, 0, 10088
2026/05/25 04:46:08.773, 0, 6, 10490
2026/05/25 04:46:08.775, 1, 100, 10088
2026/05/25 04:46:08.777, 2, 0, 10088
2026/05/25 04:46:08.778, 3, 100, 10088
2026/05/25 04:46:23.868, 0, 100, 10490
2026/05/25 04:46:23.872, 1, 0, 10088
2026/05/25 04:46:23.875, 2, 100, 10088
2026/05/25 04:46:23.878, 3, 0, 10088
2026/05/25 04:46:39.037, 0, 100, 10490
2026/05/25 04:46:39.039, 1, 0, 10088
2026/05/25 04:46:39.041, 2, 100, 10088
2026/05/25 04:46:39.042, 3, 0, 10088
2026/05/25 04:46:54.210, 0, 100, 10490
2026/05/25 04:46:54.212, 1, 0, 10088
2026/05/25 04:46:54.214, 2, 0, 10088
2026/05/25 04:46:54.215, 3, 0, 10088
2026/05/25 04:47:09.317, 0, 14, 10490
2026/05/25 04:47:09.319, 1, 0, 10088
2026/05/25 04:47:09.321, 2, 0, 10088
2026/05/25 04:47:09.322, 3, 0, 10088
2026/05/25 04:47:24.397, 0, 100, 10490
2026/05/25 04:47:24.399, 1, 100, 10088
2026/05/25 04:47:24.400, 2, 100, 10088
2026/05/25 04:47:24.402, 3, 0, 10088
2026/05/25 04:47:39.517, 0, 9, 10490
2026/05/25 04:47:39.519, 1, 100, 10088
2026/05/25 04:47:39.520, 2, 6, 10088
2026/05/25 04:47:39.522, 3, 0, 10088
2026/05/25 04:47:54.760, 0, 2, 10490
2026/05/25 04:47:54.764, 1, 0, 10088
2026/05/25 04:47:54.766, 2, 0, 10088
2026/05/25 04:47:54.767, 3, 0, 10088
2026/05/25 04:48:09.929, 0, 100, 10490
2026/05/25 04:48:09.931, 1, 60, 10088
2026/05/25 04:48:09.933, 2, 100, 10088
2026/05/25 04:48:09.934, 3, 100, 10088
2026/05/25 04:48:25.145, 0, 8, 10490
2026/05/25 04:48:25.147, 1, 0, 10088
2026/05/25 04:48:25.149, 2, 0, 10088
2026/05/25 04:48:25.150, 3, 0, 10088
2026/05/25 04:48:40.293, 0, 9, 10490
2026/05/25 04:48:40.297, 1, 0, 10088
2026/05/25 04:48:40.301, 2, 0, 10088
2026/05/25 04:48:40.302, 3, 0, 10088
2026/05/25 04:48:55.421, 0, 8, 10490
2026/05/25 04:48:55.423, 1, 0, 10088
2026/05/25 04:48:55.425, 2, 0, 10088
2026/05/25 04:48:55.426, 3, 0, 10088
2026/05/25 04:49:10.509, 0, 10, 10490
2026/05/25 04:49:10.511, 1, 0, 10088
2026/05/25 04:49:10.513, 2, 0, 10088
2026/05/25 04:49:10.514, 3, 0, 10088
2026/05/25 04:49:25.698, 0, 20, 10490
2026/05/25 04:49:25.700, 1, 0, 10088
2026/05/25 04:49:25.701, 2, 0, 10088
2026/05/25 04:49:25.702, 3, 0, 10088
2026/05/25 04:49:40.899, 0, 100, 10490
2026/05/25 04:49:40.903, 1, 93, 10088
2026/05/25 04:49:40.906, 2, 100, 10088
2026/05/25 04:49:40.909, 3, 100, 10088
2026/05/25 04:49:56.006, 0, 100, 10490
2026/05/25 04:49:56.008, 1, 0, 10088
2026/05/25 04:49:56.009, 2, 100, 10088
2026/05/25 04:49:56.011, 3, 46, 10088
2026/05/25 04:50:11.110, 0, 0, 10490
2026/05/25 04:50:11.112, 1, 0, 10088
2026/05/25 04:50:11.113, 2, 0, 10088
2026/05/25 04:50:11.114, 3, 0, 10088
2026/05/25 04:50:26.301, 0, 4, 10490
2026/05/25 04:50:26.303, 1, 0, 10088
2026/05/25 04:50:26.304, 2, 0, 10088
2026/05/25 04:50:26.306, 3, 0, 10088
2026/05/25 04:50:41.406, 0, 14, 10490
2026/05/25 04:50:41.408, 1, 0, 10088
2026/05/25 04:50:41.410, 2, 0, 10088
2026/05/25 04:50:41.411, 3, 0, 10088
2026/05/25 04:50:56.569, 0, 100, 10490
2026/05/25 04:50:56.573, 1, 0, 10088
2026/05/25 04:50:56.575, 2, 90, 10088
2026/05/25 04:50:56.578, 3, 0, 10088
2026/05/25 04:51:11.730, 0, 9, 10490
2026/05/25 04:51:11.732, 1, 0, 10088
2026/05/25 04:51:11.734, 2, 0, 10088
2026/05/25 04:51:11.735, 3, 0, 10088
2026/05/25 04:51:26.973, 0, 0, 10490
2026/05/25 04:51:26.975, 1, 0, 10088
2026/05/25 04:51:26.976, 2, 0, 10088
2026/05/25 04:51:26.977, 3, 0, 10088
2026/05/25 04:51:42.068, 0, 9, 10490
2026/05/25 04:51:42.072, 1, 100, 10088
2026/05/25 04:51:42.075, 2, 0, 10088
2026/05/25 04:51:42.079, 3, 0, 10088
2026/05/25 04:51:57.187, 0, 13, 10490
2026/05/25 04:51:57.189, 1, 0, 10088
2026/05/25 04:51:57.191, 2, 0, 10088
2026/05/25 04:51:57.192, 3, 0, 10088
2026/05/25 04:52:12.277, 0, 100, 10490
2026/05/25 04:52:12.279, 1, 100, 10088
2026/05/25 04:52:12.281, 2, 0, 10088
2026/05/25 04:52:12.282, 3, 0, 10088
2026/05/25 04:52:27.578, 0, 5, 10490
2026/05/25 04:52:27.580, 1, 0, 10088
2026/05/25 04:52:27.581, 2, 0, 10088
2026/05/25 04:52:27.583, 3, 0, 10088
2026/05/25 04:52:42.665, 0, 8, 10490
2026/05/25 04:52:42.667, 1, 0, 10088
2026/05/25 04:52:42.669, 2, 0, 10088
2026/05/25 04:52:42.670, 3, 0, 10088
2026/05/25 04:52:57.807, 0, 100, 10490
2026/05/25 04:52:57.811, 1, 0, 10088
2026/05/25 04:52:57.814, 2, 100, 10088
2026/05/25 04:52:57.819, 3, 0, 10088
2026/05/25 04:53:12.931, 0, 16, 10490
2026/05/25 04:53:12.933, 1, 0, 10088
2026/05/25 04:53:12.934, 2, 0, 10088
2026/05/25 04:53:12.935, 3, 0, 10088
2026/05/25 04:53:28.144, 0, 100, 10490
2026/05/25 04:53:28.272, 1, 100, 10088
2026/05/25 04:53:28.273, 2, 100, 10088
2026/05/25 04:53:28.274, 3, 100, 10088
2026/05/25 04:53:43.370, 0, 6, 10490
2026/05/25 04:53:43.372, 1, 0, 10088
2026/05/25 04:53:43.373, 2, 0, 10088
2026/05/25 04:53:43.374, 3, 0, 10088
2026/05/25 04:53:58.465, 0, 100, 10490
2026/05/25 04:53:58.469, 1, 100, 10088
2026/05/25 04:53:58.472, 2, 100, 10088
2026/05/25 04:53:58.475, 3, 0, 10088
2026/05/25 04:54:13.601, 0, 10, 10490
2026/05/25 04:54:13.603, 1, 100, 10088
2026/05/25 04:54:13.605, 2, 0, 10088
2026/05/25 04:54:13.606, 3, 0, 10088
2026/05/25 04:54:29.035, 0, 2, 10490
2026/05/25 04:54:29.037, 1, 0, 10088
2026/05/25 04:54:29.038, 2, 0, 10088
2026/05/25 04:54:29.040, 3, 0, 10088
2026/05/25 04:54:44.256, 0, 8, 10490
2026/05/25 04:54:44.258, 1, 0, 10088
2026/05/25 04:54:44.259, 2, 0, 10088
2026/05/25 04:54:44.260, 3, 0, 10088
2026/05/25 04:54:59.341, 0, 9, 10490
2026/05/25 04:54:59.343, 1, 0, 10088
2026/05/25 04:54:59.345, 2, 0, 10088
2026/05/25 04:54:59.346, 3, 0, 10088
2026/05/25 04:55:14.461, 0, 100, 10490
2026/05/25 04:55:14.465, 1, 100, 10088
2026/05/25 04:55:14.468, 2, 100, 10088
2026/05/25 04:55:14.472, 3, 100, 10088
2026/05/25 04:55:29.582, 0, 9, 10490
2026/05/25 04:55:29.584, 1, 0, 10088
2026/05/25 04:55:29.585, 2, 0, 10088
2026/05/25 04:55:29.587, 3, 0, 10088
2026/05/25 04:55:44.732, 0, 0, 10490
2026/05/25 04:55:44.736, 1, 0, 10088
2026/05/25 04:55:44.739, 2, 0, 10088
2026/05/25 04:55:44.740, 3, 0, 10088
2026/05/25 04:55:59.830, 0, 9, 10490
2026/05/25 04:55:59.832, 1, 100, 10088
2026/05/25 04:55:59.833, 2, 0, 10088
2026/05/25 04:55:59.835, 3, 0, 10088
2026/05/25 04:56:14.917, 0, 8, 10490
2026/05/25 04:56:14.919, 1, 0, 10088
2026/05/25 04:56:14.920, 2, 0, 10088
2026/05/25 04:56:14.922, 3, 0, 10088
2026/05/25 04:56:30.085, 0, 100, 10490
2026/05/25 04:56:30.087, 1, 0, 10088
2026/05/25 04:56:30.088, 2, 0, 10088
2026/05/25 04:56:30.090, 3, 0, 10088
2026/05/25 04:56:45.339, 0, 5, 10490
2026/05/25 04:56:45.341, 1, 0, 10088
2026/05/25 04:56:45.343, 2, 0, 10088
2026/05/25 04:56:45.344, 3, 0, 10088
2026/05/25 04:57:00.429, 0, 9, 10490
2026/05/25 04:57:00.431, 1, 0, 10088
2026/05/25 04:57:00.432, 2, 0, 10088
2026/05/25 04:57:00.434, 3, 0, 10088
2026/05/25 04:57:15.517, 0, 10, 10490
2026/05/25 04:57:15.519, 1, 0, 10088
2026/05/25 04:57:15.521, 2, 0, 10088
2026/05/25 04:57:15.522, 3, 0, 10088
2026/05/25 04:57:30.606, 0, 3, 10490
2026/05/25 04:57:30.608, 1, 0, 10088
2026/05/25 04:57:30.610, 2, 0, 10088
2026/05/25 04:57:30.611, 3, 0, 10088
2026/05/25 04:57:45.834, 0, 2, 10490
2026/05/25 04:57:45.837, 1, 0, 10088
2026/05/25 04:57:45.840, 2, 0, 10088
2026/05/25 04:57:45.842, 3, 0, 10088
2026/05/25 04:58:00.954, 0, 10, 10490
2026/05/25 04:58:00.956, 1, 0, 10088
2026/05/25 04:58:00.957, 2, 0, 10088
2026/05/25 04:58:00.959, 3, 0, 10088
2026/05/25 04:58:16.041, 0, 9, 10490
2026/05/25 04:58:16.043, 1, 0, 10088
2026/05/25 04:58:16.045, 2, 0, 10088
2026/05/25 04:58:16.046, 3, 0, 10088
2026/05/25 04:58:31.172, 0, 0, 10490
2026/05/25 04:58:31.175, 1, 0, 10088
2026/05/25 04:58:31.176, 2, 0, 10088
2026/05/25 04:58:31.177, 3, 0, 10088
2026/05/25 04:58:46.313, 0, 53, 10490
2026/05/25 04:58:46.315, 1, 100, 10088
2026/05/25 04:58:46.317, 2, 96, 10088
2026/05/25 04:58:46.318, 3, 0, 10088
2026/05/25 04:59:01.418, 0, 14, 10490
2026/05/25 04:59:01.420, 1, 0, 10088
2026/05/25 04:59:01.421, 2, 0, 10088
2026/05/25 04:59:01.423, 3, 0, 10088
2026/05/25 04:59:16.505, 0, 8, 10490
2026/05/25 04:59:16.507, 1, 0, 10088
2026/05/25 04:59:16.509, 2, 0, 10088
2026/05/25 04:59:16.510, 3, 0, 10088
2026/05/25 04:59:31.593, 0, 0, 10490
2026/05/25 04:59:31.595, 1, 0, 10088
2026/05/25 04:59:31.596, 2, 0, 10088
2026/05/25 04:59:31.598, 3, 0, 10088
2026/05/25 04:59:46.940, 0, 9, 10490
2026/05/25 04:59:46.942, 1, 0, 10088
2026/05/25 04:59:46.944, 2, 0, 10088
2026/05/25 04:59:46.945, 3, 0, 10088
2026/05/25 05:00:02.036, 0, 9, 10490
2026/05/25 05:00:02.040, 1, 0, 10088
2026/05/25 05:00:02.043, 2, 0, 10088
2026/05/25 05:00:02.045, 3, 0, 10088
2026/05/25 05:00:17.154, 0, 15, 10490
2026/05/25 05:00:17.156, 1, 0, 10088
2026/05/25 05:00:17.158, 2, 0, 10088
2026/05/25 05:00:17.159, 3, 0, 10088
2026/05/25 05:00:32.241, 0, 7, 10490
2026/05/25 05:00:32.243, 1, 0, 10088
2026/05/25 05:00:32.245, 2, 0, 10088
2026/05/25 05:00:32.246, 3, 0, 10088
2026/05/25 05:00:47.425, 0, 43, 10490
2026/05/25 05:00:47.427, 1, 0, 10088
2026/05/25 05:00:47.428, 2, 0, 10088
2026/05/25 05:00:47.430, 3, 0, 10088
2026/05/25 05:01:02.540, 0, 100, 10490
2026/05/25 05:01:02.542, 1, 100, 10088
2026/05/25 05:01:02.543, 2, 100, 10088
2026/05/25 05:01:02.545, 3, 100, 10088
2026/05/25 05:01:17.629, 0, 8, 10490
2026/05/25 05:01:17.631, 1, 0, 10088
2026/05/25 05:01:17.632, 2, 0, 10088
2026/05/25 05:01:17.634, 3, 0, 10088
2026/05/25 05:01:32.734, 0, 17, 10490
2026/05/25 05:01:32.736, 1, 0, 10088
2026/05/25 05:01:32.737, 2, 0, 10088
2026/05/25 05:01:32.739, 3, 0, 10088
2026/05/25 05:01:48.042, 0, 6, 10490
2026/05/25 05:01:48.044, 1, 0, 10088
2026/05/25 05:01:48.045, 2, 0, 10088
2026/05/25 05:01:48.046, 3, 0, 10088
2026/05/25 05:02:03.137, 0, 9, 10490
2026/05/25 05:02:03.141, 1, 76, 10088
2026/05/25 05:02:03.144, 2, 0, 10088
2026/05/25 05:02:03.147, 3, 0, 10088
2026/05/25 05:02:18.261, 0, 9, 10490
2026/05/25 05:02:18.263, 1, 0, 10088
2026/05/25 05:02:18.265, 2, 0, 10088
2026/05/25 05:02:18.266, 3, 0, 10088
2026/05/25 05:02:33.412, 0, 3, 10490
2026/05/25 05:02:33.416, 1, 0, 10088
2026/05/25 05:02:33.419, 2, 100, 10088
2026/05/25 05:02:33.422, 3, 0, 10088
2026/05/25 05:02:48.538, 0, 4, 10490
2026/05/25 05:02:48.540, 1, 0, 10088
2026/05/25 05:02:48.541, 2, 0, 10088
2026/05/25 05:02:48.542, 3, 0, 10088
2026/05/25 05:03:03.654, 0, 100, 10490
2026/05/25 05:03:03.659, 1, 0, 10088
2026/05/25 05:03:03.661, 2, 88, 10088
2026/05/25 05:03:03.665, 3, 0, 10088
2026/05/25 05:03:18.764, 0, 100, 10490
2026/05/25 05:03:18.768, 1, 100, 10088
2026/05/25 05:03:18.770, 2, 0, 10088
2026/05/25 05:03:18.771, 3, 0, 10088
2026/05/25 05:03:33.865, 0, 100, 10490
2026/05/25 05:03:33.867, 1, 100, 10088
2026/05/25 05:03:33.868, 2, 100, 10088
2026/05/25 05:03:33.870, 3, 93, 10088
2026/05/25 05:03:48.989, 0, 10, 10490
2026/05/25 05:03:48.991, 1, 0, 10088
2026/05/25 05:03:48.993, 2, 0, 10088
2026/05/25 05:03:48.994, 3, 0, 10088
2026/05/25 05:04:04.077, 0, 8, 10490
2026/05/25 05:04:04.079, 1, 0, 10088
2026/05/25 05:04:04.081, 2, 0, 10088
2026/05/25 05:04:04.082, 3, 0, 10088
2026/05/25 05:04:19.213, 0, 10, 10490
2026/05/25 05:04:19.217, 1, 100, 10088
2026/05/25 05:04:19.220, 2, 0, 10088
2026/05/25 05:04:19.223, 3, 0, 10088
2026/05/25 05:04:34.320, 0, 93, 10490
2026/05/25 05:04:34.322, 1, 100, 10088
2026/05/25 05:04:34.323, 2, 100, 10088
2026/05/25 05:04:34.324, 3, 100, 10088
2026/05/25 05:04:49.416, 0, 9, 10490
2026/05/25 05:04:49.420, 1, 100, 10088
2026/05/25 05:04:49.424, 2, 100, 10088
2026/05/25 05:04:49.427, 3, 0, 10088
2026/05/25 05:05:04.534, 0, 13, 10490
2026/05/25 05:05:04.536, 1, 0, 10088
2026/05/25 05:05:04.537, 2, 0, 10088
2026/05/25 05:05:04.539, 3, 0, 10088
2026/05/25 05:05:19.677, 0, 3, 10490
2026/05/25 05:05:19.679, 1, 0, 10088
2026/05/25 05:05:19.681, 2, 0, 10088
2026/05/25 05:05:19.682, 3, 0, 10088
2026/05/25 05:05:34.977, 0, 72, 10490
2026/05/25 05:05:34.980, 1, 0, 10088
2026/05/25 05:05:34.984, 2, 97, 10088
2026/05/25 05:05:34.987, 3, 0, 10088
2026/05/25 05:05:50.077, 0, 100, 10490
2026/05/25 05:05:50.079, 1, 0, 10088
2026/05/25 05:05:50.081, 2, 0, 10088
2026/05/25 05:05:50.082, 3, 0, 10088
2026/05/25 05:06:05.199, 0, 8, 10490
2026/05/25 05:06:05.203, 1, 100, 10088
2026/05/25 05:06:05.205, 2, 37, 10088
2026/05/25 05:06:05.208, 3, 100, 10088
2026/05/25 05:06:20.302, 0, 9, 10490
2026/05/25 05:06:20.304, 1, 0, 10088
2026/05/25 05:06:20.305, 2, 0, 10088
2026/05/25 05:06:20.306, 3, 0, 10088
2026/05/25 05:06:35.390, 0, 3, 10490
2026/05/25 05:06:35.392, 1, 0, 10088
2026/05/25 05:06:35.393, 2, 0, 10088
2026/05/25 05:06:35.395, 3, 0, 10088
2026/05/25 05:06:50.694, 0, 4, 10490
2026/05/25 05:06:50.696, 1, 0, 10088
2026/05/25 05:06:50.697, 2, 0, 10088
2026/05/25 05:06:50.698, 3, 0, 10088
2026/05/25 05:07:05.915, 0, 31, 10490
2026/05/25 05:07:05.919, 1, 100, 10088
2026/05/25 05:07:05.921, 2, 100, 10088
2026/05/25 05:07:05.923, 3, 0, 10088
2026/05/25 05:07:21.182, 0, 13, 10490
2026/05/25 05:07:21.184, 1, 0, 10088
2026/05/25 05:07:21.185, 2, 0, 10088
2026/05/25 05:07:21.187, 3, 0, 10088
2026/05/25 05:07:36.286, 0, 7, 10490
2026/05/25 05:07:36.288, 1, 0, 10088
2026/05/25 05:07:36.289, 2, 0, 10088
2026/05/25 05:07:36.291, 3, 0, 10088
2026/05/25 05:07:51.395, 0, 44, 10490
2026/05/25 05:07:51.397, 1, 0, 10088
2026/05/25 05:07:51.398, 2, 0, 10088
2026/05/25 05:07:51.399, 3, 0, 10088
2026/05/25 05:08:06.487, 0, 6, 10490
2026/05/25 05:08:06.491, 1, 0, 10088
2026/05/25 05:08:06.492, 2, 0, 10088
2026/05/25 05:08:06.494, 3, 0, 10088
2026/05/25 05:08:21.706, 0, 0, 10490
2026/05/25 05:08:21.708, 1, 0, 10088
2026/05/25 05:08:21.709, 2, 0, 10088
2026/05/25 05:08:21.710, 3, 0, 10088
2026/05/25 05:08:37.004, 0, 14, 10490
2026/05/25 05:08:37.005, 1, 0, 10088
2026/05/25 05:08:37.006, 2, 0, 10088
2026/05/25 05:08:37.007, 3, 0, 10088
2026/05/25 05:08:52.201, 0, 100, 10490
2026/05/25 05:08:52.204, 1, 0, 10088
2026/05/25 05:08:52.205, 2, 100, 10088
2026/05/25 05:08:52.206, 3, 98, 10088
2026/05/25 05:09:07.278, 0, 100, 10490
2026/05/25 05:09:07.280, 1, 98, 10088
2026/05/25 05:09:07.281, 2, 0, 10088
2026/05/25 05:09:07.282, 3, 0, 10088
2026/05/25 05:09:22.362, 0, 9, 10490
2026/05/25 05:09:22.364, 1, 0, 10088
2026/05/25 05:09:22.365, 2, 0, 10088
2026/05/25 05:09:22.367, 3, 0, 10088
2026/05/25 05:09:37.543, 0, 3, 10490
2026/05/25 05:09:37.546, 1, 0, 10088
2026/05/25 05:09:37.548, 2, 0, 10088
2026/05/25 05:09:37.551, 3, 0, 10088
2026/05/25 05:09:52.642, 0, 10, 10490
2026/05/25 05:09:52.644, 1, 0, 10088
2026/05/25 05:09:52.646, 2, 0, 10088
2026/05/25 05:09:52.647, 3, 0, 10088
2026/05/25 05:10:07.831, 0, 0, 10490
2026/05/25 05:10:07.832, 1, 0, 10088
2026/05/25 05:10:07.833, 2, 0, 10088
2026/05/25 05:10:07.834, 3, 0, 10088
2026/05/25 05:10:23.113, 0, 100, 10490
2026/05/25 05:10:23.115, 1, 100, 10088
2026/05/25 05:10:23.117, 2, 100, 10088
2026/05/25 05:10:23.118, 3, 0, 10088
2026/05/25 05:10:38.266, 0, 100, 10490
2026/05/25 05:10:38.268, 1, 100, 10088
2026/05/25 05:10:38.269, 2, 100, 10088
2026/05/25 05:10:38.270, 3, 100, 10088
2026/05/25 05:10:53.353, 0, 8, 10490
2026/05/25 05:10:53.355, 1, 0, 10088
2026/05/25 05:10:53.356, 2, 0, 10088
2026/05/25 05:10:53.358, 3, 0, 10088
2026/05/25 05:11:08.458, 0, 14, 10490
2026/05/25 05:11:08.460, 1, 0, 10088
2026/05/25 05:11:08.462, 2, 0, 10088
2026/05/25 05:11:08.463, 3, 0, 10088
2026/05/25 05:11:23.549, 0, 9, 10490
2026/05/25 05:11:23.552, 1, 0, 10088
2026/05/25 05:11:23.553, 2, 0, 10088
2026/05/25 05:11:23.554, 3, 0, 10088
2026/05/25 05:11:38.638, 0, 1, 10490
2026/05/25 05:11:38.640, 1, 0, 10088
2026/05/25 05:11:38.642, 2, 0, 10088
2026/05/25 05:11:38.643, 3, 0, 10088
2026/05/25 05:11:53.837, 0, 34, 10490
2026/05/25 05:11:53.839, 1, 100, 10088
2026/05/25 05:11:53.840, 2, 100, 10088
2026/05/25 05:11:53.841, 3, 0, 10088
2026/05/25 05:12:08.938, 0, 11, 10490
2026/05/25 05:12:08.940, 1, 0, 10088
2026/05/25 05:12:08.941, 2, 0, 10088
2026/05/25 05:12:08.943, 3, 0, 10088
2026/05/25 05:12:24.028, 0, 9, 10490
2026/05/25 05:12:24.031, 1, 0, 10088
2026/05/25 05:12:24.032, 2, 0, 10088
2026/05/25 05:12:24.034, 3, 0, 10088
2026/05/25 05:12:39.121, 0, 9, 10490
2026/05/25 05:12:39.124, 1, 0, 10088
2026/05/25 05:12:39.125, 2, 0, 10088
2026/05/25 05:12:39.126, 3, 0, 10088
2026/05/25 05:12:54.227, 0, 2, 10490
2026/05/25 05:12:54.229, 1, 0, 10088
2026/05/25 05:12:54.230, 2, 0, 10088
2026/05/25 05:12:54.232, 3, 0, 10088
2026/05/25 05:13:09.427, 0, 0, 10490
2026/05/25 05:13:09.429, 1, 0, 10088
2026/05/25 05:13:09.430, 2, 0, 10088
2026/05/25 05:13:09.431, 3, 0, 10088
2026/05/25 05:13:24.571, 0, 5, 10490
2026/05/25 05:13:24.573, 1, 0, 10088
2026/05/25 05:13:24.575, 2, 0, 10088
2026/05/25 05:13:24.576, 3, 0, 10088
2026/05/25 05:13:39.669, 0, 10, 10490
2026/05/25 05:13:39.673, 1, 0, 10088
2026/05/25 05:13:39.676, 2, 0, 10088
2026/05/25 05:13:39.678, 3, 0, 10088
2026/05/25 05:13:54.770, 0, 9, 10490
2026/05/25 05:13:54.772, 1, 0, 10088
2026/05/25 05:13:54.773, 2, 0, 10088
2026/05/25 05:13:54.774, 3, 0, 10088
2026/05/25 05:14:09.884, 0, 100, 10490
2026/05/25 05:14:09.888, 1, 0, 10088
2026/05/25 05:14:09.890, 2, 72, 10088
2026/05/25 05:14:09.893, 3, 0, 10088
2026/05/25 05:14:25.006, 0, 13, 10490
2026/05/25 05:14:25.008, 1, 0, 10088
2026/05/25 05:14:25.009, 2, 0, 10088
2026/05/25 05:14:25.011, 3, 0, 10088
2026/05/25 05:14:40.102, 0, 100, 10490
2026/05/25 05:14:40.104, 1, 100, 10088
2026/05/25 05:14:40.105, 2, 100, 10088
2026/05/25 05:14:40.106, 3, 100, 10088
2026/05/25 05:14:55.246, 0, 7, 10490
2026/05/25 05:14:55.248, 1, 0, 10088
2026/05/25 05:14:55.249, 2, 0, 10088
2026/05/25 05:14:55.250, 3, 0, 10088
2026/05/25 05:15:10.333, 0, 9, 10490
2026/05/25 05:15:10.335, 1, 0, 10088
2026/05/25 05:15:10.337, 2, 0, 10088
2026/05/25 05:15:10.338, 3, 0, 10088
2026/05/25 05:15:25.442, 0, 10, 10490
2026/05/25 05:15:25.446, 1, 100, 10088
2026/05/25 05:15:25.449, 2, 100, 10088
2026/05/25 05:15:25.452, 3, 100, 10088
2026/05/25 05:15:40.566, 0, 16, 10490
2026/05/25 05:15:40.568, 1, 0, 10088
2026/05/25 05:15:40.570, 2, 0, 10088
2026/05/25 05:15:40.571, 3, 0, 10088
2026/05/25 05:15:55.667, 0, 100, 10490
2026/05/25 05:15:55.671, 1, 92, 10088
2026/05/25 05:15:55.673, 2, 100, 10088
2026/05/25 05:15:55.676, 3, 0, 10088
2026/05/25 05:16:10.842, 0, 5, 10490
2026/05/25 05:16:10.844, 1, 0, 10088
2026/05/25 05:16:10.845, 2, 0, 10088
2026/05/25 05:16:10.846, 3, 0, 10088
2026/05/25 05:16:25.959, 0, 9, 10490
2026/05/25 05:16:25.963, 1, 0, 10088
2026/05/25 05:16:25.966, 2, 0, 10088
2026/05/25 05:16:25.969, 3, 0, 10088
2026/05/25 05:16:41.182, 0, 13, 10490
2026/05/25 05:16:41.184, 1, 0, 10088
2026/05/25 05:16:41.185, 2, 0, 10088
2026/05/25 05:16:41.187, 3, 0, 10088
2026/05/25 05:16:56.298, 0, 9, 10490
2026/05/25 05:16:56.301, 1, 88, 10088
2026/05/25 05:16:56.304, 2, 0, 10088
2026/05/25 05:16:56.307, 3, 0, 10088
2026/05/25 05:17:11.429, 0, 2, 10490
2026/05/25 05:17:11.431, 1, 0, 10088
2026/05/25 05:17:11.433, 2, 0, 10088
2026/05/25 05:17:11.434, 3, 0, 10088
2026/05/25 05:17:26.541, 0, 9, 10490
2026/05/25 05:17:26.550, 1, 0, 10088
2026/05/25 05:17:26.553, 2, 100, 10088
2026/05/25 05:17:26.556, 3, 0, 10088
2026/05/25 05:17:41.653, 0, 7, 10490
2026/05/25 05:17:41.655, 1, 0, 10088
2026/05/25 05:17:41.657, 2, 0, 10088
2026/05/25 05:17:41.658, 3, 0, 10088
2026/05/25 05:17:56.778, 0, 14, 10490
2026/05/25 05:17:56.781, 1, 0, 10088
2026/05/25 05:17:56.782, 2, 0, 10088
2026/05/25 05:17:56.783, 3, 0, 10088
2026/05/25 05:18:11.925, 0, 9, 10490
2026/05/25 05:18:11.927, 1, 51, 10088
2026/05/25 05:18:11.929, 2, 0, 10088
2026/05/25 05:18:11.930, 3, 0, 10088
2026/05/25 05:18:27.014, 0, 8, 10490
2026/05/25 05:18:27.017, 1, 0, 10088
2026/05/25 05:18:27.020, 2, 0, 10088
2026/05/25 05:18:27.023, 3, 0, 10088
2026/05/25 05:18:42.121, 0, 9, 10490
2026/05/25 05:18:42.123, 1, 100, 10088
2026/05/25 05:18:42.125, 2, 0, 10088
2026/05/25 05:18:42.126, 3, 0, 10088
2026/05/25 05:18:57.226, 0, 5, 10490
2026/05/25 05:18:57.228, 1, 0, 10088
2026/05/25 05:18:57.229, 2, 0, 10088
2026/05/25 05:18:57.231, 3, 0, 10088
2026/05/25 05:19:12.324, 0, 1, 10490
2026/05/25 05:19:12.327, 1, 100, 10088
2026/05/25 05:19:12.331, 2, 0, 10088
2026/05/25 05:19:12.333, 3, 0, 10088
2026/05/25 05:19:27.547, 0, 9, 10490
2026/05/25 05:19:27.549, 1, 0, 10088
2026/05/25 05:19:27.550, 2, 0, 10088
2026/05/25 05:19:27.646, 3, 0, 10088
2026/05/25 05:19:42.746, 0, 8, 10490
2026/05/25 05:19:42.748, 1, 0, 10088
2026/05/25 05:19:42.749, 2, 0, 10088
2026/05/25 05:19:42.751, 3, 0, 10088
2026/05/25 05:19:57.834, 0, 9, 10490
2026/05/25 05:19:57.837, 1, 0, 10088
2026/05/25 05:19:57.838, 2, 0, 10088
2026/05/25 05:19:57.839, 3, 0, 10088
2026/05/25 05:20:12.942, 0, 10, 10490
2026/05/25 05:20:12.944, 1, 0, 10088
2026/05/25 05:20:12.946, 2, 0, 10088
2026/05/25 05:20:12.947, 3, 0, 10088
2026/05/25 05:20:28.018, 0, 4, 10490
2026/05/25 05:20:28.020, 1, 100, 10088
2026/05/25 05:20:28.021, 2, 0, 10088
2026/05/25 05:20:28.022, 3, 0, 10088
2026/05/25 05:20:43.114, 0, 70, 10490
2026/05/25 05:20:43.118, 1, 100, 10088
2026/05/25 05:20:43.121, 2, 100, 10088
2026/05/25 05:20:43.181, 3, 100, 10088
2026/05/25 05:20:58.335, 0, 7, 10490
2026/05/25 05:20:58.340, 1, 100, 10088
2026/05/25 05:20:58.342, 2, 0, 10088
2026/05/25 05:20:58.345, 3, 0, 10088
2026/05/25 05:21:13.465, 0, 4, 10490
2026/05/25 05:21:13.467, 1, 0, 10088
2026/05/25 05:21:13.469, 2, 0, 10088
2026/05/25 05:21:13.470, 3, 0, 10088
2026/05/25 05:21:28.794, 0, 9, 10490
2026/05/25 05:21:28.797, 1, 0, 10088
2026/05/25 05:21:28.799, 2, 0, 10088
2026/05/25 05:21:28.800, 3, 0, 10088
2026/05/25 05:21:43.906, 0, 9, 10490
2026/05/25 05:21:43.908, 1, 21, 10088
2026/05/25 05:21:43.909, 2, 0, 10088
2026/05/25 05:21:43.910, 3, 0, 10088
2026/05/25 05:21:59.012, 0, 10, 10490
2026/05/25 05:21:59.017, 1, 0, 10088
2026/05/25 05:21:59.021, 2, 0, 10088
2026/05/25 05:21:59.023, 3, 0, 10088
2026/05/25 05:22:14.151, 0, 0, 10490
2026/05/25 05:22:14.156, 1, 0, 10088
2026/05/25 05:22:14.159, 2, 0, 10088
2026/05/25 05:22:14.160, 3, 0, 10088
2026/05/25 05:22:29.290, 0, 9, 10490
2026/05/25 05:22:29.292, 1, 0, 10088
2026/05/25 05:22:29.293, 2, 0, 10088
2026/05/25 05:22:29.295, 3, 0, 10088
2026/05/25 05:22:44.380, 0, 4, 10490
2026/05/25 05:22:44.384, 1, 0, 10088
2026/05/25 05:22:44.386, 2, 0, 10088
2026/05/25 05:22:44.387, 3, 0, 10088
2026/05/25 05:22:59.479, 0, 9, 10490
2026/05/25 05:22:59.483, 1, 0, 10088
2026/05/25 05:22:59.486, 2, 0, 10088
2026/05/25 05:22:59.487, 3, 0, 10088
2026/05/25 05:23:14.577, 0, 9, 10490
2026/05/25 05:23:14.579, 1, 0, 10088
2026/05/25 05:23:14.581, 2, 0, 10088
2026/05/25 05:23:14.582, 3, 0, 10088
2026/05/25 05:23:29.977, 0, 100, 10490
2026/05/25 05:23:30.233, 1, 98, 10088
2026/05/25 05:23:30.235, 2, 100, 10088
2026/05/25 05:23:30.236, 3, 0, 10088
2026/05/25 05:23:45.422, 0, 13, 10490
2026/05/25 05:23:45.425, 1, 0, 10088
2026/05/25 05:23:45.426, 2, 0, 10088
2026/05/25 05:23:45.427, 3, 0, 10088
2026/05/25 05:24:00.510, 0, 8, 10490
2026/05/25 05:24:00.512, 1, 0, 10088
2026/05/25 05:24:00.514, 2, 0, 10088
2026/05/25 05:24:00.515, 3, 0, 10088
2026/05/25 05:24:15.607, 0, 8, 10490
2026/05/25 05:24:15.611, 1, 0, 10088
2026/05/25 05:24:15.614, 2, 0, 10088
2026/05/25 05:24:15.615, 3, 0, 10088
2026/05/25 05:24:30.706, 0, 2, 10490
2026/05/25 05:24:30.708, 1, 0, 10088
2026/05/25 05:24:30.709, 2, 0, 10088
2026/05/25 05:24:30.711, 3, 0, 10088
2026/05/25 05:24:45.898, 0, 14, 10490
2026/05/25 05:24:45.900, 1, 0, 10088
2026/05/25 05:24:45.901, 2, 0, 10088
2026/05/25 05:24:45.903, 3, 0, 10088
2026/05/25 05:25:01.031, 0, 74, 10490
2026/05/25 05:25:01.036, 1, 100, 10088
2026/05/25 05:25:01.039, 2, 100, 10088
2026/05/25 05:25:01.042, 3, 0, 10088
2026/05/25 05:25:16.130, 0, 10, 10490
2026/05/25 05:25:16.133, 1, 0, 10088
2026/05/25 05:25:16.135, 2, 0, 10088
2026/05/25 05:25:16.138, 3, 0, 10088
2026/05/25 05:25:31.277, 0, 100, 10490
2026/05/25 05:25:31.281, 1, 0, 10088
2026/05/25 05:25:31.284, 2, 96, 10088
2026/05/25 05:25:31.288, 3, 0, 10088
2026/05/25 05:25:46.501, 0, 9, 10490
2026/05/25 05:25:46.503, 1, 0, 10088
2026/05/25 05:25:46.504, 2, 0, 10088
2026/05/25 05:25:46.505, 3, 0, 10088
2026/05/25 05:26:01.594, 0, 14, 10490
2026/05/25 05:26:01.596, 1, 0, 10088
2026/05/25 05:26:01.598, 2, 0, 10088
2026/05/25 05:26:01.599, 3, 0, 10088
2026/05/25 05:26:16.725, 0, 3, 10490
2026/05/25 05:26:16.728, 1, 0, 10088
2026/05/25 05:26:16.731, 2, 0, 10088
2026/05/25 05:26:16.734, 3, 0, 10088
2026/05/25 05:26:31.945, 0, 5, 10490
2026/05/25 05:26:32.033, 1, 0, 10088
2026/05/25 05:26:32.035, 2, 0, 10088
2026/05/25 05:26:32.036, 3, 0, 10088
2026/05/25 05:26:47.604, 0, 100, 10490
2026/05/25 05:26:47.607, 1, 100, 10088
2026/05/25 05:26:47.609, 2, 50, 10088
2026/05/25 05:26:47.612, 3, 42, 10088
2026/05/25 05:27:02.722, 0, 14, 10490
2026/05/25 05:27:02.724, 1, 0, 10088
2026/05/25 05:27:02.726, 2, 0, 10088
2026/05/25 05:27:02.727, 3, 0, 10088
2026/05/25 05:27:17.819, 0, 100, 10490
2026/05/25 05:27:17.822, 1, 99, 10088
2026/05/25 05:27:17.823, 2, 0, 10088
2026/05/25 05:27:17.825, 3, 0, 10088
2026/05/25 05:27:32.920, 0, 100, 10490
2026/05/25 05:27:32.924, 1, 100, 10088
2026/05/25 05:27:32.927, 2, 100, 10088
2026/05/25 05:27:32.930, 3, 90, 10088
2026/05/25 05:27:48.199, 0, 8, 10490
2026/05/25 05:27:48.201, 1, 100, 10088
2026/05/25 05:27:48.202, 2, 100, 10088
2026/05/25 05:27:48.203, 3, 0, 10088
2026/05/25 05:28:03.289, 0, 9, 10490
2026/05/25 05:28:03.291, 1, 0, 10088
2026/05/25 05:28:03.293, 2, 0, 10088
2026/05/25 05:28:03.294, 3, 0, 10088
2026/05/25 05:28:18.378, 0, 14, 10490
2026/05/25 05:28:18.380, 1, 0, 10088
2026/05/25 05:28:18.382, 2, 0, 10088
2026/05/25 05:28:18.383, 3, 0, 10088
2026/05/25 05:28:33.465, 0, 100, 10490
2026/05/25 05:28:33.467, 1, 0, 10088
2026/05/25 05:28:33.469, 2, 0, 10088
2026/05/25 05:28:33.470, 3, 0, 10088
2026/05/25 05:28:48.558, 0, 9, 10490
2026/05/25 05:28:48.562, 1, 0, 10088
2026/05/25 05:28:48.563, 2, 0, 10088
2026/05/25 05:28:48.564, 3, 0, 10088
2026/05/25 05:29:04.037, 0, 9, 10490
2026/05/25 05:29:04.039, 1, 0, 10088
2026/05/25 05:29:04.041, 2, 0, 10088
2026/05/25 05:29:04.042, 3, 0, 10088
2026/05/25 05:29:19.126, 0, 19, 10490
2026/05/25 05:29:19.129, 1, 0, 10088
2026/05/25 05:29:19.130, 2, 0, 10088
2026/05/25 05:29:19.131, 3, 0, 10088
2026/05/25 05:29:34.220, 0, 9, 10490
2026/05/25 05:29:34.223, 1, 0, 10088
2026/05/25 05:29:34.224, 2, 0, 10088
2026/05/25 05:29:34.226, 3, 0, 10088
2026/05/25 05:29:49.422, 0, 4, 10490
2026/05/25 05:29:49.496, 1, 0, 10088
2026/05/25 05:29:49.497, 2, 53, 10088
2026/05/25 05:29:49.498, 3, 0, 10088
2026/05/25 05:30:04.721, 0, 0, 10490
2026/05/25 05:30:04.723, 1, 0, 10088
2026/05/25 05:30:04.725, 2, 0, 10088
2026/05/25 05:30:04.726, 3, 0, 10088
2026/05/25 05:30:20.022, 0, 9, 10490
2026/05/25 05:30:20.024, 1, 0, 10088
2026/05/25 05:30:20.025, 2, 0, 10088
2026/05/25 05:30:20.026, 3, 100, 10088
2026/05/25 05:30:35.109, 0, 14, 10490
2026/05/25 05:30:35.111, 1, 0, 10088
2026/05/25 05:30:35.113, 2, 0, 10088
2026/05/25 05:30:35.114, 3, 0, 10088
2026/05/25 05:30:50.197, 0, 2, 10490
2026/05/25 05:30:50.199, 1, 0, 10088
2026/05/25 05:30:50.200, 2, 0, 10088
2026/05/25 05:30:50.202, 3, 0, 10088
2026/05/25 05:31:05.371, 0, 52, 10490
2026/05/25 05:31:05.373, 1, 0, 10088
2026/05/25 05:31:05.374, 2, 100, 10088
2026/05/25 05:31:05.376, 3, 0, 10088
2026/05/25 05:31:20.461, 0, 100, 10490
2026/05/25 05:31:20.463, 1, 0, 10088
2026/05/25 05:31:20.465, 2, 100, 10088
2026/05/25 05:31:20.466, 3, 0, 10088
2026/05/25 05:31:35.566, 0, 13, 10490
2026/05/25 05:31:35.568, 1, 0, 10088
2026/05/25 05:31:35.570, 2, 0, 10088
2026/05/25 05:31:35.571, 3, 0, 10088
2026/05/25 05:31:50.653, 0, 5, 10490
2026/05/25 05:31:50.655, 1, 0, 10088
2026/05/25 05:31:50.657, 2, 0, 10088
2026/05/25 05:31:50.658, 3, 0, 10088
2026/05/25 05:32:05.785, 0, 1, 10490
2026/05/25 05:32:05.787, 1, 0, 10088
2026/05/25 05:32:05.788, 2, 0, 10088
2026/05/25 05:32:05.790, 3, 0, 10088
2026/05/25 05:32:20.873, 0, 6, 10490
2026/05/25 05:32:20.875, 1, 100, 10088
2026/05/25 05:32:20.876, 2, 1, 10088
2026/05/25 05:32:20.878, 3, 100, 10088
2026/05/25 05:32:35.961, 0, 9, 10490
2026/05/25 05:32:35.963, 1, 0, 10088
2026/05/25 05:32:35.965, 2, 0, 10088
2026/05/25 05:32:35.966, 3, 0, 10088
2026/05/25 05:32:51.050, 0, 5, 10490
2026/05/25 05:32:51.053, 1, 0, 10088
2026/05/25 05:32:51.054, 2, 0, 10088
2026/05/25 05:32:51.055, 3, 0, 10088
2026/05/25 05:33:06.234, 0, 9, 10490
2026/05/25 05:33:06.235, 1, 0, 10088
2026/05/25 05:33:06.236, 2, 0, 10088
2026/05/25 05:33:06.237, 3, 0, 10088
2026/05/25 05:33:21.317, 0, 100, 10490
2026/05/25 05:33:21.320, 1, 100, 10088
2026/05/25 05:33:21.321, 2, 100, 10088
2026/05/25 05:33:21.322, 3, 100, 10088
2026/05/25 05:33:36.405, 0, 7, 10490
2026/05/25 05:33:36.407, 1, 0, 10088
2026/05/25 05:33:36.408, 2, 16, 10088
2026/05/25 05:33:36.410, 3, 0, 10088
2026/05/25 05:33:51.601, 0, 9, 10490
2026/05/25 05:33:51.603, 1, 0, 10088
2026/05/25 05:33:51.605, 2, 0, 10088
2026/05/25 05:33:51.606, 3, 0, 10088
2026/05/25 05:34:06.764, 0, 100, 10490
2026/05/25 05:34:06.769, 1, 100, 10088
2026/05/25 05:34:06.830, 2, 0, 10088
2026/05/25 05:34:06.832, 3, 0, 10088
2026/05/25 05:34:21.919, 0, 9, 10490
2026/05/25 05:34:21.921, 1, 100, 10088
2026/05/25 05:34:21.922, 2, 0, 10088
2026/05/25 05:34:21.924, 3, 0, 10088
2026/05/25 05:34:37.090, 0, 10, 10490
2026/05/25 05:34:37.094, 1, 0, 10088
2026/05/25 05:34:37.098, 2, 0, 10088
2026/05/25 05:34:37.101, 3, 0, 10088
2026/05/25 05:34:52.270, 0, 100, 10490
2026/05/25 05:34:52.274, 1, 100, 10088
2026/05/25 05:34:52.278, 2, 56, 10088
2026/05/25 05:34:52.281, 3, 100, 10088
2026/05/25 05:35:07.394, 0, 15, 10490
2026/05/25 05:35:07.396, 1, 0, 10088
2026/05/25 05:35:07.397, 2, 0, 10088
2026/05/25 05:35:07.399, 3, 0, 10088
2026/05/25 05:35:22.631, 0, 100, 10490
2026/05/25 05:35:22.633, 1, 0, 10088
2026/05/25 05:35:22.634, 2, 0, 10088
2026/05/25 05:35:22.636, 3, 0, 10088
2026/05/25 05:35:37.784, 0, 2, 10490
2026/05/25 05:35:37.786, 1, 100, 10088
2026/05/25 05:35:37.787, 2, 80, 10088
2026/05/25 05:35:37.788, 3, 100, 10088
2026/05/25 05:35:52.897, 0, 100, 10490
2026/05/25 05:35:52.901, 1, 100, 10088
2026/05/25 05:35:52.905, 2, 100, 10088
2026/05/25 05:35:52.908, 3, 0, 10088
2026/05/25 05:36:08.037, 0, 100, 10490
2026/05/25 05:36:08.039, 1, 100, 10088
2026/05/25 05:36:08.041, 2, 100, 10088
2026/05/25 05:36:08.042, 3, 0, 10088
2026/05/25 05:36:23.153, 0, 10, 10490
2026/05/25 05:36:23.157, 1, 0, 10088
2026/05/25 05:36:23.160, 2, 0, 10088
2026/05/25 05:36:23.163, 3, 0, 10088
2026/05/25 05:36:38.258, 0, 100, 10490
2026/05/25 05:36:38.260, 1, 100, 10088
2026/05/25 05:36:38.261, 2, 100, 10088
2026/05/25 05:36:38.262, 3, 100, 10088
2026/05/25 05:36:53.406, 0, 3, 10490
2026/05/25 05:36:53.408, 1, 0, 10088
2026/05/25 05:36:53.409, 2, 0, 10088
2026/05/25 05:36:53.410, 3, 0, 10088
2026/05/25 05:37:08.493, 0, 9, 10490
2026/05/25 05:37:08.495, 1, 0, 10088
2026/05/25 05:37:08.497, 2, 0, 10088
2026/05/25 05:37:08.498, 3, 0, 10088
2026/05/25 05:37:23.949, 0, 10, 10490
2026/05/25 05:37:23.951, 1, 0, 10088
2026/05/25 05:37:23.952, 2, 0, 10088
2026/05/25 05:37:23.954, 3, 0, 10088
2026/05/25 05:37:39.093, 0, 9, 10490
2026/05/25 05:37:39.095, 1, 0, 10088
2026/05/25 05:37:39.097, 2, 0, 10088
2026/05/25 05:37:39.098, 3, 0, 10088
2026/05/25 05:37:54.174, 0, 100, 10490
2026/05/25 05:37:54.175, 1, 100, 10088
2026/05/25 05:37:54.176, 2, 100, 10088
2026/05/25 05:37:54.177, 3, 94, 10088
2026/05/25 05:38:09.314, 0, 100, 10490
2026/05/25 05:38:09.318, 1, 0, 10088
2026/05/25 05:38:09.321, 2, 0, 10088
2026/05/25 05:38:09.322, 3, 0, 10088
2026/05/25 05:38:24.405, 0, 0, 10490
2026/05/25 05:38:24.407, 1, 0, 10088
2026/05/25 05:38:24.409, 2, 0, 10088
2026/05/25 05:38:24.410, 3, 0, 10088
2026/05/25 05:38:39.610, 0, 12, 10490
2026/05/25 05:38:39.612, 1, 0, 10088
2026/05/25 05:38:39.614, 2, 0, 10088
2026/05/25 05:38:39.615, 3, 0, 10088
2026/05/25 05:38:54.909, 0, 100, 10490
2026/05/25 05:38:54.913, 1, 0, 10088
2026/05/25 05:38:54.914, 2, 0, 10088
2026/05/25 05:38:54.915, 3, 0, 10088
2026/05/25 05:39:10.001, 0, 38, 10490
2026/05/25 05:39:10.003, 1, 100, 10088
2026/05/25 05:39:10.005, 2, 0, 10088
2026/05/25 05:39:10.006, 3, 0, 10088
2026/05/25 05:39:25.134, 0, 63, 10490
2026/05/25 05:39:25.138, 1, 100, 10088
2026/05/25 05:39:25.141, 2, 100, 10088
2026/05/25 05:39:25.145, 3, 100, 10088
2026/05/25 05:39:40.319, 0, 14, 10490
2026/05/25 05:39:40.321, 1, 0, 10088
2026/05/25 05:39:40.323, 2, 0, 10088
2026/05/25 05:39:40.324, 3, 0, 10088
2026/05/25 05:39:55.410, 0, 8, 10490
2026/05/25 05:39:55.414, 1, 0, 10088
2026/05/25 05:39:55.418, 2, 0, 10088
2026/05/25 05:39:55.419, 3, 0, 10088
2026/05/25 05:40:10.638, 0, 2, 10490
2026/05/25 05:40:10.641, 1, 100, 10088
2026/05/25 05:40:10.644, 2, 0, 10088
2026/05/25 05:40:10.645, 3, 0, 10088
2026/05/25 05:40:25.927, 0, 0, 10490
2026/05/25 05:40:25.929, 1, 0, 10088
2026/05/25 05:40:25.930, 2, 0, 10088
2026/05/25 05:40:25.931, 3, 100, 10088
2026/05/25 05:40:41.017, 0, 9, 10490
2026/05/25 05:40:41.019, 1, 0, 10088
2026/05/25 05:40:41.021, 2, 0, 10088
2026/05/25 05:40:41.022, 3, 0, 10088
2026/05/25 05:40:56.105, 0, 10, 10490
2026/05/25 05:40:56.107, 1, 0, 10088
2026/05/25 05:40:56.108, 2, 0, 10088
2026/05/25 05:40:56.110, 3, 0, 10088
2026/05/25 05:41:11.248, 0, 9, 10490
2026/05/25 05:41:11.250, 1, 0, 10088
2026/05/25 05:41:11.251, 2, 0, 10088
2026/05/25 05:41:11.252, 3, 0, 10088
2026/05/25 05:41:26.337, 0, 6, 10490
2026/05/25 05:41:26.339, 1, 0, 10088
2026/05/25 05:41:26.340, 2, 0, 10088
2026/05/25 05:41:26.342, 3, 0, 10088
2026/05/25 05:41:41.550, 0, 100, 10490
2026/05/25 05:41:41.552, 1, 0, 10088
2026/05/25 05:41:41.552, 2, 100, 10088
2026/05/25 05:41:41.553, 3, 0, 10088
2026/05/25 05:41:56.859, 0, 9, 10490
2026/05/25 05:41:56.861, 1, 0, 10088
2026/05/25 05:41:56.862, 2, 0, 10088
2026/05/25 05:41:56.863, 3, 0, 10088
2026/05/25 05:42:11.950, 0, 100, 10490
2026/05/25 05:42:11.954, 1, 0, 10088
2026/05/25 05:42:11.955, 2, 0, 10088
2026/05/25 05:42:11.957, 3, 0, 10088
2026/05/25 05:42:27.046, 0, 5, 10490
2026/05/25 05:42:27.048, 1, 100, 10088
2026/05/25 05:42:27.049, 2, 47, 10088
2026/05/25 05:42:27.050, 3, 0, 10088
2026/05/25 05:42:42.133, 0, 10, 10490
2026/05/25 05:42:42.135, 1, 0, 10088
2026/05/25 05:42:42.137, 2, 0, 10088
2026/05/25 05:42:42.138, 3, 0, 10088
2026/05/25 05:42:57.245, 0, 9, 10490
2026/05/25 05:42:57.249, 1, 0, 10088
2026/05/25 05:42:57.252, 2, 0, 10088
2026/05/25 05:42:57.255, 3, 0, 10088
2026/05/25 05:43:12.350, 0, 12, 10490
2026/05/25 05:43:12.352, 1, 0, 10088
2026/05/25 05:43:12.354, 2, 0, 10088
2026/05/25 05:43:12.355, 3, 0, 10088
2026/05/25 05:43:27.557, 0, 2, 10490
2026/05/25 05:43:27.559, 1, 0, 10088
2026/05/25 05:43:27.560, 2, 0, 10088
2026/05/25 05:43:27.561, 3, 0, 10088
2026/05/25 05:43:42.709, 0, 100, 10490
2026/05/25 05:43:42.894, 1, 0, 10088
2026/05/25 05:43:42.896, 2, 0, 10088
2026/05/25 05:43:42.897, 3, 0, 10088
2026/05/25 05:43:58.105, 0, 100, 10490
2026/05/25 05:43:58.107, 1, 100, 10088
2026/05/25 05:43:58.108, 2, 100, 10088
2026/05/25 05:43:58.110, 3, 0, 10088
2026/05/25 05:44:13.193, 0, 13, 10490
2026/05/25 05:44:13.196, 1, 0, 10088
2026/05/25 05:44:13.197, 2, 0, 10088
2026/05/25 05:44:13.198, 3, 0, 10088
2026/05/25 05:44:28.284, 0, 4, 10490
2026/05/25 05:44:28.286, 1, 100, 10088
2026/05/25 05:44:28.287, 2, 100, 10088
2026/05/25 05:44:28.288, 3, 0, 10088
2026/05/25 05:44:43.374, 0, 9, 10490
2026/05/25 05:44:43.376, 1, 0, 10088
2026/05/25 05:44:43.377, 2, 0, 10088
2026/05/25 05:44:43.379, 3, 0, 10088
2026/05/25 05:44:58.480, 0, 79, 10490
2026/05/25 05:44:58.709, 1, 0, 10088
2026/05/25 05:44:58.710, 2, 0, 10088
2026/05/25 05:44:58.711, 3, 0, 10088
2026/05/25 05:45:14.018, 0, 100, 10490
2026/05/25 05:45:14.020, 1, 100, 10088
2026/05/25 05:45:14.021, 2, 100, 10088
2026/05/25 05:45:14.022, 3, 100, 10088
2026/05/25 05:45:29.101, 0, 9, 10490
2026/05/25 05:45:29.104, 1, 0, 10088
2026/05/25 05:45:29.105, 2, 0, 10088
2026/05/25 05:45:29.106, 3, 0, 10088
2026/05/25 05:45:44.197, 0, 72, 10490
2026/05/25 05:45:44.202, 1, 0, 10088
2026/05/25 05:45:44.205, 2, 0, 10088
2026/05/25 05:45:44.208, 3, 0, 10088
2026/05/25 05:45:59.390, 0, 100, 10490
2026/05/25 05:45:59.395, 1, 0, 10088
2026/05/25 05:45:59.398, 2, 91, 10088
2026/05/25 05:45:59.402, 3, 0, 10088
2026/05/25 05:46:14.518, 0, 0, 10490
2026/05/25 05:46:14.522, 1, 100, 10088
2026/05/25 05:46:14.525, 2, 0, 10088
2026/05/25 05:46:14.528, 3, 0, 10088
2026/05/25 05:46:29.925, 0, 4, 10490
2026/05/25 05:46:29.928, 1, 0, 10088
2026/05/25 05:46:29.929, 2, 0, 10088
2026/05/25 05:46:29.930, 3, 0, 10088
2026/05/25 05:46:45.040, 0, 100, 10490
2026/05/25 05:46:45.042, 1, 100, 10088
2026/05/25 05:46:45.043, 2, 100, 10088
2026/05/25 05:46:45.044, 3, 100, 10088
2026/05/25 05:47:00.132, 0, 100, 10490
2026/05/25 05:47:00.135, 1, 87, 10088
2026/05/25 05:47:00.139, 2, 0, 10088
2026/05/25 05:47:00.140, 3, 0, 10088
2026/05/25 05:47:15.229, 0, 9, 10490
2026/05/25 05:47:15.231, 1, 100, 10088
2026/05/25 05:47:15.232, 2, 0, 10088
2026/05/25 05:47:15.234, 3, 0, 10088
2026/05/25 05:47:30.317, 0, 8, 10490
2026/05/25 05:47:30.319, 1, 0, 10088
2026/05/25 05:47:30.321, 2, 0, 10088
2026/05/25 05:47:30.322, 3, 0, 10088
2026/05/25 05:47:45.427, 0, 14, 10490
2026/05/25 05:47:45.429, 1, 0, 10088
2026/05/25 05:47:45.430, 2, 0, 10088
2026/05/25 05:47:45.431, 3, 0, 10088
2026/05/25 05:48:00.519, 0, 100, 10490
2026/05/25 05:48:00.521, 1, 0, 10088
2026/05/25 05:48:00.522, 2, 100, 10088
2026/05/25 05:48:00.523, 3, 0, 10088
2026/05/25 05:48:15.708, 0, 7, 10490
2026/05/25 05:48:15.710, 1, 0, 10088
2026/05/25 05:48:15.711, 2, 0, 10088
2026/05/25 05:48:15.712, 3, 0, 10088
2026/05/25 05:48:30.853, 0, 1, 10490
2026/05/25 05:48:30.855, 1, 0, 10088
2026/05/25 05:48:30.856, 2, 0, 10088
2026/05/25 05:48:30.858, 3, 0, 10088
2026/05/25 05:48:45.941, 0, 8, 10490
2026/05/25 05:48:45.943, 1, 0, 10088
2026/05/25 05:48:45.944, 2, 0, 10088
2026/05/25 05:48:45.946, 3, 0, 10088
2026/05/25 05:49:01.029, 0, 14, 10490
2026/05/25 05:49:01.032, 1, 0, 10088
2026/05/25 05:49:01.033, 2, 0, 10088
2026/05/25 05:49:01.035, 3, 0, 10088
2026/05/25 05:49:16.118, 0, 6, 10490
2026/05/25 05:49:16.119, 1, 0, 10088
2026/05/25 05:49:16.121, 2, 0, 10088
2026/05/25 05:49:16.122, 3, 0, 10088
2026/05/25 05:49:31.384, 0, 100, 10490
2026/05/25 05:49:31.385, 1, 100, 10088
2026/05/25 05:49:31.386, 2, 100, 10088
2026/05/25 05:49:31.387, 3, 0, 10088
2026/05/25 05:49:46.454, 0, 48, 10490
2026/05/25 05:49:46.456, 1, 100, 10088
2026/05/25 05:49:46.458, 2, 100, 10088
2026/05/25 05:49:46.458, 3, 0, 10088
2026/05/25 05:50:01.538, 0, 100, 10490
2026/05/25 05:50:01.540, 1, 68, 10088
2026/05/25 05:50:01.541, 2, 100, 10088
2026/05/25 05:50:01.543, 3, 0, 10088
2026/05/25 05:50:16.654, 0, 4, 10490
2026/05/25 05:50:16.658, 1, 0, 10088
2026/05/25 05:50:16.660, 2, 0, 10088
2026/05/25 05:50:16.662, 3, 0, 10088
2026/05/25 05:50:31.980, 0, 19, 10490
2026/05/25 05:50:31.984, 1, 100, 10088
2026/05/25 05:50:31.987, 2, 96, 10088
2026/05/25 05:50:31.991, 3, 0, 10088
2026/05/25 05:50:47.202, 0, 100, 10490
2026/05/25 05:50:47.203, 1, 100, 10088
2026/05/25 05:50:47.204, 2, 100, 10088
2026/05/25 05:50:47.205, 3, 100, 10088
2026/05/25 05:51:02.286, 0, 9, 10490
2026/05/25 05:51:02.288, 1, 0, 10088
2026/05/25 05:51:02.289, 2, 0, 10088
2026/05/25 05:51:02.290, 3, 0, 10088
2026/05/25 05:51:17.390, 0, 4, 10490
2026/05/25 05:51:17.392, 1, 0, 10088
2026/05/25 05:51:17.394, 2, 0, 10088
2026/05/25 05:51:17.395, 3, 0, 10088
2026/05/25 05:51:32.535, 0, 9, 10490
2026/05/25 05:51:32.537, 1, 0, 10088
2026/05/25 05:51:32.538, 2, 0, 10088
2026/05/25 05:51:32.539, 3, 0, 10088
2026/05/25 05:51:47.615, 0, 8, 10490
2026/05/25 05:51:47.617, 1, 0, 10088
2026/05/25 05:51:47.618, 2, 0, 10088
2026/05/25 05:51:47.619, 3, 0, 10088
2026/05/25 05:52:02.701, 0, 0, 10490
2026/05/25 05:52:02.704, 1, 0, 10088
2026/05/25 05:52:02.705, 2, 0, 10088
2026/05/25 05:52:02.706, 3, 0, 10088
2026/05/25 05:52:17.795, 0, 8, 10490
2026/05/25 05:52:17.799, 1, 0, 10088
2026/05/25 05:52:17.869, 2, 85, 10088
2026/05/25 05:52:17.872, 3, 0, 10088
2026/05/25 05:52:33.061, 0, 2, 10490
2026/05/25 05:52:33.063, 1, 0, 10088
2026/05/25 05:52:33.064, 2, 0, 10088
2026/05/25 05:52:33.065, 3, 0, 10088
2026/05/25 05:52:48.155, 0, 100, 10490
2026/05/25 05:52:48.159, 1, 99, 10088
2026/05/25 05:52:48.162, 2, 0, 10088
2026/05/25 05:52:48.163, 3, 0, 10088
2026/05/25 05:53:03.271, 0, 100, 10490
2026/05/25 05:53:03.275, 1, 60, 10088
2026/05/25 05:53:03.277, 2, 100, 10088
2026/05/25 05:53:03.281, 3, 100, 10088
2026/05/25 05:53:18.411, 0, 10, 10490
2026/05/25 05:53:18.415, 1, 0, 10088
2026/05/25 05:53:18.418, 2, 0, 10088
2026/05/25 05:53:18.421, 3, 0, 10088
2026/05/25 05:53:33.715, 0, 14, 10490
2026/05/25 05:53:33.717, 1, 0, 10088
2026/05/25 05:53:33.718, 2, 0, 10088
2026/05/25 05:53:33.719, 3, 0, 10088
2026/05/25 05:53:48.802, 0, 100, 10490
2026/05/25 05:53:48.804, 1, 100, 10088
2026/05/25 05:53:48.805, 2, 100, 10088
2026/05/25 05:53:48.807, 3, 100, 10088
2026/05/25 05:54:03.917, 0, 10, 10490
2026/05/25 05:54:03.919, 1, 0, 10088
2026/05/25 05:54:03.920, 2, 0, 10088
2026/05/25 05:54:03.922, 3, 0, 10088
2026/05/25 05:54:19.025, 0, 9, 10490
2026/05/25 05:54:19.027, 1, 0, 10088
2026/05/25 05:54:19.029, 2, 0, 10088
2026/05/25 05:54:19.030, 3, 0, 10088
2026/05/25 05:54:34.189, 0, 5, 10490
2026/05/25 05:54:34.191, 1, 0, 10088
2026/05/25 05:54:34.193, 2, 0, 10088
2026/05/25 05:54:34.194, 3, 0, 10088
2026/05/25 05:54:49.279, 0, 6, 10490
2026/05/25 05:54:49.281, 1, 0, 10088
2026/05/25 05:54:49.282, 2, 0, 10088
2026/05/25 05:54:49.284, 3, 0, 10088
2026/05/25 05:55:04.375, 0, 9, 10490
2026/05/25 05:55:04.379, 1, 0, 10088
2026/05/25 05:55:04.382, 2, 0, 10088
2026/05/25 05:55:04.384, 3, 0, 10088
2026/05/25 05:55:19.511, 0, 10, 10490
2026/05/25 05:55:19.515, 1, 0, 10088
2026/05/25 05:55:19.518, 2, 0, 10088
2026/05/25 05:55:19.521, 3, 98, 10088
2026/05/25 05:55:34.828, 0, 100, 10490
2026/05/25 05:55:34.830, 1, 0, 10088
2026/05/25 05:55:34.831, 2, 0, 10088
2026/05/25 05:55:34.832, 3, 0, 10088
2026/05/25 05:55:49.950, 0, 16, 10490
2026/05/25 05:55:49.952, 1, 0, 10088
2026/05/25 05:55:49.953, 2, 0, 10088
2026/05/25 05:55:49.955, 3, 0, 10088
2026/05/25 05:56:05.043, 0, 4, 10490
2026/05/25 05:56:05.045, 1, 0, 10088
2026/05/25 05:56:05.047, 2, 0, 10088
2026/05/25 05:56:05.048, 3, 0, 10088
2026/05/25 05:56:20.133, 0, 9, 10490
2026/05/25 05:56:20.135, 1, 0, 10088
2026/05/25 05:56:20.137, 2, 0, 10088
2026/05/25 05:56:20.138, 3, 0, 10088
2026/05/25 05:56:35.318, 0, 100, 10490
2026/05/25 05:56:35.323, 1, 0, 10088
2026/05/25 05:56:35.326, 2, 0, 10088
2026/05/25 05:56:35.327, 3, 0, 10088
2026/05/25 05:56:50.629, 0, 10, 10490
2026/05/25 05:56:50.633, 1, 100, 10088
2026/05/25 05:56:50.636, 2, 0, 10088
2026/05/25 05:56:50.637, 3, 0, 10088
2026/05/25 05:57:05.727, 0, 9, 10490
2026/05/25 05:57:05.729, 1, 0, 10088
2026/05/25 05:57:05.731, 2, 0, 10088
2026/05/25 05:57:05.732, 3, 0, 10088
2026/05/25 05:57:20.818, 0, 10, 10490
2026/05/25 05:57:20.820, 1, 0, 10088
2026/05/25 05:57:20.822, 2, 0, 10088
2026/05/25 05:57:20.823, 3, 0, 10088
2026/05/25 05:57:35.923, 0, 0, 10490
2026/05/25 05:57:35.925, 1, 0, 10088
2026/05/25 05:57:35.927, 2, 0, 10088
2026/05/25 05:57:35.928, 3, 0, 10088
2026/05/25 05:57:51.065, 0, 8, 10490
2026/05/25 05:57:51.067, 1, 0, 10088
2026/05/25 05:57:51.068, 2, 0, 10088
2026/05/25 05:57:51.070, 3, 0, 10088
2026/05/25 05:58:06.170, 0, 14, 10490
2026/05/25 05:58:06.172, 1, 0, 10088
2026/05/25 05:58:06.174, 2, 0, 10088
2026/05/25 05:58:06.175, 3, 0, 10088
2026/05/25 05:58:21.257, 0, 100, 10490
2026/05/25 05:58:21.259, 1, 100, 10088
2026/05/25 05:58:21.261, 2, 100, 10088
2026/05/25 05:58:21.262, 3, 100, 10088
2026/05/25 05:58:36.373, 0, 6, 10490
2026/05/25 05:58:36.375, 1, 0, 10088
2026/05/25 05:58:36.377, 2, 0, 10088
2026/05/25 05:58:36.378, 3, 0, 10088
2026/05/25 05:58:51.513, 0, 100, 10490
2026/05/25 05:58:51.515, 1, 95, 10088
2026/05/25 05:58:51.517, 2, 100, 10088
2026/05/25 05:58:51.518, 3, 100, 10088
2026/05/25 05:59:06.601, 0, 100, 10490
2026/05/25 05:59:06.603, 1, 0, 10088
2026/05/25 05:59:06.605, 2, 0, 10088
2026/05/25 05:59:06.606, 3, 0, 10088
2026/05/25 05:59:21.707, 0, 13, 10490
2026/05/25 05:59:21.709, 1, 0, 10088
2026/05/25 05:59:21.710, 2, 0, 10088
2026/05/25 05:59:21.712, 3, 0, 10088
2026/05/25 05:59:36.966, 0, 100, 10490
2026/05/25 05:59:36.971, 1, 100, 10088
2026/05/25 05:59:36.973, 2, 100, 10088
2026/05/25 05:59:36.976, 3, 0, 10088
2026/05/25 05:59:52.157, 0, 5, 10490
2026/05/25 05:59:52.160, 1, 100, 10088
2026/05/25 05:59:52.161, 2, 0, 10088
2026/05/25 05:59:52.162, 3, 0, 10088
2026/05/25 06:00:07.289, 0, 73, 10490
2026/05/25 06:00:07.293, 1, 100, 10088
2026/05/25 06:00:07.297, 2, 100, 10088
2026/05/25 06:00:07.300, 3, 100, 10088
2026/05/25 06:00:22.410, 0, 14, 10490
2026/05/25 06:00:22.412, 1, 0, 10088
2026/05/25 06:00:22.413, 2, 0, 10088
2026/05/25 06:00:22.415, 3, 0, 10088
2026/05/25 06:00:37.504, 0, 38, 10490
2026/05/25 06:00:37.509, 1, 0, 10088
2026/05/25 06:00:37.510, 2, 0, 10088
2026/05/25 06:00:37.511, 3, 0, 10088
2026/05/25 06:00:52.661, 0, 9, 10490
2026/05/25 06:00:52.663, 1, 0, 10088
2026/05/25 06:00:52.665, 2, 0, 10088
2026/05/25 06:00:52.666, 3, 0, 10088
2026/05/25 06:01:07.785, 0, 5, 10490
2026/05/25 06:01:07.787, 1, 0, 10088
2026/05/25 06:01:07.788, 2, 0, 10088
2026/05/25 06:01:07.790, 3, 0, 10088
2026/05/25 06:01:22.893, 0, 9, 10490
2026/05/25 06:01:22.895, 1, 0, 10088
2026/05/25 06:01:22.897, 2, 0, 10088
2026/05/25 06:01:22.898, 3, 0, 10088
2026/05/25 06:01:38.002, 0, 7, 10490
2026/05/25 06:01:38.004, 1, 0, 10088
2026/05/25 06:01:38.005, 2, 0, 10088
2026/05/25 06:01:38.006, 3, 0, 10088
2026/05/25 06:01:53.125, 0, 100, 10490
2026/05/25 06:01:53.129, 1, 100, 10088
2026/05/25 06:01:53.132, 2, 0, 10088
2026/05/25 06:01:53.133, 3, 0, 10088
2026/05/25 06:02:08.222, 0, 100, 10490
2026/05/25 06:02:08.226, 1, 100, 10088
2026/05/25 06:02:08.230, 2, 0, 10088
2026/05/25 06:02:08.231, 3, 0, 10088
2026/05/25 06:02:23.321, 0, 9, 10490
2026/05/25 06:02:23.323, 1, 0, 10088
2026/05/25 06:02:23.324, 2, 0, 10088
2026/05/25 06:02:23.326, 3, 0, 10088
2026/05/25 06:02:38.543, 0, 6, 10490
2026/05/25 06:02:38.545, 1, 0, 10088
2026/05/25 06:02:38.546, 2, 0, 10088
2026/05/25 06:02:38.548, 3, 0, 10088
2026/05/25 06:02:53.702, 0, 13, 10490
2026/05/25 06:02:53.704, 1, 0, 10088
2026/05/25 06:02:53.706, 2, 0, 10088
2026/05/25 06:02:53.707, 3, 0, 10088
2026/05/25 06:03:08.794, 0, 9, 10490
2026/05/25 06:03:08.796, 1, 0, 10088
2026/05/25 06:03:08.797, 2, 0, 10088
2026/05/25 06:03:08.799, 3, 0, 10088
2026/05/25 06:03:23.908, 0, 9, 10490
2026/05/25 06:03:23.912, 1, 0, 10088
2026/05/25 06:03:23.916, 2, 95, 10088
2026/05/25 06:03:23.919, 3, 0, 10088
2026/05/25 06:03:39.110, 0, 10, 10490
2026/05/25 06:03:39.112, 1, 0, 10088
2026/05/25 06:03:39.113, 2, 0, 10088
2026/05/25 06:03:39.114, 3, 0, 10088
2026/05/25 06:03:54.246, 0, 4, 10490
2026/05/25 06:03:54.248, 1, 0, 10088
2026/05/25 06:03:54.249, 2, 0, 10088
2026/05/25 06:03:54.251, 3, 0, 10088
2026/05/25 06:04:09.334, 0, 9, 10490
2026/05/25 06:04:09.336, 1, 100, 10088
2026/05/25 06:04:09.338, 2, 15, 10088
2026/05/25 06:04:09.339, 3, 0, 10088
2026/05/25 06:04:24.425, 0, 100, 10490
2026/05/25 06:04:24.427, 1, 100, 10088
2026/05/25 06:04:24.429, 2, 100, 10088
2026/05/25 06:04:24.430, 3, 0, 10088
2026/05/25 06:04:39.583, 0, 100, 10490
2026/05/25 06:04:39.587, 1, 100, 10088
2026/05/25 06:04:39.590, 2, 100, 10088
2026/05/25 06:04:39.593, 3, 100, 10088
2026/05/25 06:04:54.813, 0, 100, 10490
2026/05/25 06:04:54.818, 1, 100, 10088
2026/05/25 06:04:54.821, 2, 100, 10088
2026/05/25 06:04:54.824, 3, 93, 10088
2026/05/25 06:05:09.921, 0, 9, 10490
2026/05/25 06:05:09.924, 1, 0, 10088
2026/05/25 06:05:09.925, 2, 0, 10088
2026/05/25 06:05:09.926, 3, 0, 10088
2026/05/25 06:05:25.123, 0, 0, 10490
2026/05/25 06:05:25.125, 1, 0, 10088
2026/05/25 06:05:25.126, 2, 0, 10088
2026/05/25 06:05:25.127, 3, 0, 10088
2026/05/25 06:05:40.234, 0, 100, 10490
2026/05/25 06:05:40.238, 1, 39, 10088
2026/05/25 06:05:40.241, 2, 100, 10088
2026/05/25 06:05:40.244, 3, 100, 10088
2026/05/25 06:05:55.346, 0, 100, 10490
2026/05/25 06:05:55.350, 1, 78, 10088
2026/05/25 06:05:55.353, 2, 100, 10088
2026/05/25 06:05:55.356, 3, 100, 10088
2026/05/25 06:06:10.454, 0, 100, 10490
2026/05/25 06:06:10.456, 1, 100, 10088
2026/05/25 06:06:10.457, 2, 100, 10088
2026/05/25 06:06:10.459, 3, 0, 10088
2026/05/25 06:06:25.559, 0, 12, 10490
2026/05/25 06:06:25.561, 1, 0, 10088
2026/05/25 06:06:25.562, 2, 0, 10088
2026/05/25 06:06:25.564, 3, 0, 10088
2026/05/25 06:06:40.654, 0, 9, 10490
2026/05/25 06:06:40.657, 1, 100, 10088
2026/05/25 06:06:40.660, 2, 0, 10088
2026/05/25 06:06:40.662, 3, 0, 10088
2026/05/25 06:06:55.749, 0, 1, 10490
2026/05/25 06:06:55.751, 1, 0, 10088
2026/05/25 06:06:55.753, 2, 0, 10088
2026/05/25 06:06:55.754, 3, 0, 10088
2026/05/25 06:07:11.105, 0, 0, 10490
2026/05/25 06:07:11.106, 1, 0, 10088
2026/05/25 06:07:11.107, 2, 0, 10088
2026/05/25 06:07:11.108, 3, 0, 10088
2026/05/25 06:07:26.189, 0, 9, 10490
2026/05/25 06:07:26.191, 1, 0, 10088
2026/05/25 06:07:26.193, 2, 0, 10088
2026/05/25 06:07:26.194, 3, 0, 10088
2026/05/25 06:07:41.294, 0, 13, 10490
2026/05/25 06:07:41.296, 1, 0, 10088
2026/05/25 06:07:41.298, 2, 0, 10088
2026/05/25 06:07:41.299, 3, 0, 10088
2026/05/25 06:07:56.390, 0, 4, 10490
2026/05/25 06:07:56.394, 1, 0, 10088
2026/05/25 06:07:56.396, 2, 0, 10088
2026/05/25 06:07:56.398, 3, 0, 10088
2026/05/25 06:08:11.499, 0, 100, 10490
2026/05/25 06:08:11.502, 1, 0, 10088
2026/05/25 06:08:11.505, 2, 0, 10088
2026/05/25 06:08:11.508, 3, 100, 10088
2026/05/25 06:08:26.654, 0, 4, 10490
2026/05/25 06:08:26.656, 1, 0, 10088
2026/05/25 06:08:26.658, 2, 0, 10088
2026/05/25 06:08:26.659, 3, 0, 10088
2026/05/25 06:08:41.825, 0, 8, 10490
2026/05/25 06:08:41.827, 1, 0, 10088
2026/05/25 06:08:41.828, 2, 0, 10088
2026/05/25 06:08:41.830, 3, 0, 10088
2026/05/25 06:08:56.930, 0, 13, 10490
2026/05/25 06:08:56.932, 1, 0, 10088
2026/05/25 06:08:56.933, 2, 0, 10088
2026/05/25 06:08:56.935, 3, 0, 10088
2026/05/25 06:09:12.022, 0, 100, 10490
2026/05/25 06:09:12.024, 1, 0, 10088
2026/05/25 06:09:12.025, 2, 0, 10088
2026/05/25 06:09:12.027, 3, 0, 10088
2026/05/25 06:09:27.109, 0, 10, 10490
2026/05/25 06:09:27.111, 1, 0, 10088
2026/05/25 06:09:27.113, 2, 0, 10088
2026/05/25 06:09:27.114, 3, 0, 10088
2026/05/25 06:09:42.256, 0, 10, 10490
2026/05/25 06:09:42.260, 1, 0, 10088
2026/05/25 06:09:42.263, 2, 0, 10088
2026/05/25 06:09:42.266, 3, 0, 10088
2026/05/25 06:09:57.520, 0, 7, 10490
2026/05/25 06:09:57.522, 1, 0, 10088
2026/05/25 06:09:57.523, 2, 0, 10088
2026/05/25 06:09:57.524, 3, 0, 10088
2026/05/25 06:10:12.699, 0, 13, 10490
2026/05/25 06:10:12.701, 1, 0, 10088
2026/05/25 06:10:12.702, 2, 0, 10088
2026/05/25 06:10:12.703, 3, 0, 10088
2026/05/25 06:10:27.788, 0, 100, 10490
2026/05/25 06:10:27.790, 1, 100, 10088
2026/05/25 06:10:27.791, 2, 1, 10088
2026/05/25 06:10:27.792, 3, 0, 10088
2026/05/25 06:10:42.879, 0, 9, 10490
2026/05/25 06:10:42.881, 1, 0, 10088
2026/05/25 06:10:42.882, 2, 0, 10088
2026/05/25 06:10:42.883, 3, 0, 10088
2026/05/25 06:10:58.026, 0, 100, 10490
2026/05/25 06:10:58.029, 1, 72, 10088
2026/05/25 06:10:58.033, 2, 100, 10088
2026/05/25 06:10:58.035, 3, 100, 10088
2026/05/25 06:11:13.140, 0, 6, 10490
2026/05/25 06:11:13.145, 1, 0, 10088
2026/05/25 06:11:13.148, 2, 0, 10088
2026/05/25 06:11:13.151, 3, 0, 10088
2026/05/25 06:11:28.242, 0, 10, 10490
2026/05/25 06:11:28.244, 1, 0, 10088
2026/05/25 06:11:28.246, 2, 0, 10088
2026/05/25 06:11:28.247, 3, 0, 10088
2026/05/25 06:11:43.418, 0, 100, 10490
2026/05/25 06:11:43.420, 1, 0, 10088
2026/05/25 06:11:43.422, 2, 0, 10088
2026/05/25 06:11:43.423, 3, 0, 10088
2026/05/25 06:11:59.122, 0, 100, 10490
2026/05/25 06:11:59.124, 1, 100, 10088
2026/05/25 06:11:59.125, 2, 100, 10088
2026/05/25 06:11:59.126, 3, 100, 10088
2026/05/25 06:12:14.347, 0, 100, 10490
2026/05/25 06:12:14.351, 1, 0, 10088
2026/05/25 06:12:14.354, 2, 0, 10088
2026/05/25 06:12:14.355, 3, 0, 10088
2026/05/25 06:12:29.466, 0, 13, 10490
2026/05/25 06:12:29.468, 1, 0, 10088
2026/05/25 06:12:29.470, 2, 0, 10088
2026/05/25 06:12:29.471, 3, 0, 10088
2026/05/25 06:12:44.609, 0, 10, 10490
2026/05/25 06:12:44.613, 1, 0, 10088
2026/05/25 06:12:44.616, 2, 0, 10088
2026/05/25 06:12:44.621, 3, 96, 10088
2026/05/25 06:12:59.753, 0, 8, 10490
2026/05/25 06:12:59.755, 1, 0, 10088
2026/05/25 06:12:59.757, 2, 0, 10088
2026/05/25 06:12:59.758, 3, 0, 10088
2026/05/25 06:13:14.886, 0, 100, 10490
2026/05/25 06:13:14.888, 1, 100, 10088
2026/05/25 06:13:14.889, 2, 100, 10088
2026/05/25 06:13:14.890, 3, 0, 10088
2026/05/25 06:13:30.253, 0, 8, 10490
2026/05/25 06:13:30.255, 1, 0, 10088
2026/05/25 06:13:30.256, 2, 0, 10088
2026/05/25 06:13:30.258, 3, 0, 10088
2026/05/25 06:13:45.343, 0, 14, 10490
2026/05/25 06:13:45.346, 1, 0, 10088
2026/05/25 06:13:45.347, 2, 0, 10088
2026/05/25 06:13:45.348, 3, 0, 10088
2026/05/25 06:14:00.433, 0, 100, 10490
2026/05/25 06:14:00.435, 1, 100, 10088
2026/05/25 06:14:00.437, 2, 100, 10088
2026/05/25 06:14:00.438, 3, 0, 10088
2026/05/25 06:14:15.522, 0, 100, 10490
2026/05/25 06:14:15.524, 1, 100, 10088
2026/05/25 06:14:15.525, 2, 100, 10088
2026/05/25 06:14:15.526, 3, 0, 10088
2026/05/25 06:14:30.611, 0, 8, 10490
2026/05/25 06:14:30.613, 1, 0, 10088
2026/05/25 06:14:30.614, 2, 0, 10088
2026/05/25 06:14:30.615, 3, 0, 10088
2026/05/25 06:14:45.723, 0, 14, 10490
2026/05/25 06:14:45.725, 1, 0, 10088
2026/05/25 06:14:45.726, 2, 0, 10088
2026/05/25 06:14:45.728, 3, 0, 10088
2026/05/25 06:15:00.833, 0, 9, 10490
2026/05/25 06:15:00.835, 1, 0, 10088
2026/05/25 06:15:00.836, 2, 0, 10088
2026/05/25 06:15:00.838, 3, 0, 10088
2026/05/25 06:15:15.921, 0, 2, 10490
2026/05/25 06:15:15.923, 1, 0, 10088
2026/05/25 06:15:15.925, 2, 0, 10088
2026/05/25 06:15:15.926, 3, 0, 10088
2026/05/25 06:15:31.235, 0, 100, 10490
2026/05/25 06:15:31.240, 1, 99, 10088
2026/05/25 06:15:31.243, 2, 0, 10088
2026/05/25 06:15:31.244, 3, 0, 10088
2026/05/25 06:15:46.333, 0, 8, 10490
2026/05/25 06:15:46.335, 1, 0, 10088
2026/05/25 06:15:46.337, 2, 0, 10088
2026/05/25 06:15:46.338, 3, 100, 10088
2026/05/25 06:16:01.438, 0, 13, 10490
2026/05/25 06:16:01.440, 1, 0, 10088
2026/05/25 06:16:01.441, 2, 0, 10088
2026/05/25 06:16:01.443, 3, 0, 10088
2026/05/25 06:16:16.530, 0, 3, 10490
2026/05/25 06:16:16.534, 1, 0, 10088
2026/05/25 06:16:16.538, 2, 0, 10088
2026/05/25 06:16:16.539, 3, 0, 10088
2026/05/25 06:16:32.035, 0, 100, 10490
2026/05/25 06:16:32.038, 1, 100, 10088
2026/05/25 06:16:32.040, 2, 100, 10088
2026/05/25 06:16:32.042, 3, 98, 10088
2026/05/25 06:16:47.159, 0, 93, 10490
2026/05/25 06:16:47.163, 1, 0, 10088
2026/05/25 06:16:47.166, 2, 0, 10088
2026/05/25 06:16:47.170, 3, 0, 10088
2026/05/25 06:17:02.286, 0, 0, 10490
2026/05/25 06:17:02.288, 1, 0, 10088
2026/05/25 06:17:02.289, 2, 0, 10088
2026/05/25 06:17:02.290, 3, 0, 10088
2026/05/25 06:17:17.376, 0, 7, 10490
2026/05/25 06:17:17.378, 1, 0, 10088
2026/05/25 06:17:17.379, 2, 0, 10088
2026/05/25 06:17:17.381, 3, 0, 10088
2026/05/25 06:17:32.624, 0, 100, 10490
2026/05/25 06:17:32.628, 1, 0, 10088
2026/05/25 06:17:32.631, 2, 92, 10088
2026/05/25 06:17:32.633, 3, 100, 10088
2026/05/25 06:17:47.853, 0, 100, 10490
2026/05/25 06:17:47.855, 1, 0, 10088
2026/05/25 06:17:47.857, 2, 0, 10088
2026/05/25 06:17:47.858, 3, 100, 10088
2026/05/25 06:18:02.977, 0, 9, 10490
2026/05/25 06:18:02.981, 1, 100, 10088
2026/05/25 06:18:02.984, 2, 100, 10088
2026/05/25 06:18:02.985, 3, 98, 10088
2026/05/25 06:18:18.082, 0, 13, 10490
2026/05/25 06:18:18.084, 1, 0, 10088
2026/05/25 06:18:18.085, 2, 0, 10088
2026/05/25 06:18:18.087, 3, 0, 10088
2026/05/25 06:18:33.281, 0, 100, 10490
2026/05/25 06:18:33.285, 1, 0, 10088
2026/05/25 06:18:33.286, 2, 0, 10088
2026/05/25 06:18:33.287, 3, 0, 10088
2026/05/25 06:18:48.499, 0, 100, 10490
2026/05/25 06:18:48.504, 1, 0, 10088
2026/05/25 06:18:48.507, 2, 0, 10088
2026/05/25 06:18:48.511, 3, 100, 10088
2026/05/25 06:19:03.605, 0, 100, 10490
2026/05/25 06:19:03.607, 1, 100, 10088
2026/05/25 06:19:03.609, 2, 100, 10088
2026/05/25 06:19:03.610, 3, 0, 10088
2026/05/25 06:19:18.694, 0, 13, 10490
2026/05/25 06:19:18.696, 1, 0, 10088
2026/05/25 06:19:18.697, 2, 0, 10088
2026/05/25 06:19:18.698, 3, 0, 10088
2026/05/25 06:19:33.781, 0, 100, 10490
2026/05/25 06:19:33.783, 1, 78, 10088
2026/05/25 06:19:33.784, 2, 0, 10088
2026/05/25 06:19:33.786, 3, 0, 10088
2026/05/25 06:19:48.869, 0, 100, 10490
2026/05/25 06:19:48.871, 1, 0, 10088
2026/05/25 06:19:48.873, 2, 0, 10088
2026/05/25 06:19:48.874, 3, 0, 10088
2026/05/25 06:20:04.093, 0, 8, 10490
2026/05/25 06:20:04.098, 1, 0, 10088
2026/05/25 06:20:04.100, 2, 0, 10088
2026/05/25 06:20:04.103, 3, 0, 10088
2026/05/25 06:20:19.193, 0, 0, 10490
2026/05/25 06:20:19.195, 1, 0, 10088
2026/05/25 06:20:19.197, 2, 0, 10088
2026/05/25 06:20:19.198, 3, 77, 10088
2026/05/25 06:20:34.282, 0, 13, 10490
2026/05/25 06:20:34.284, 1, 0, 10088
2026/05/25 06:20:34.285, 2, 0, 10088
2026/05/25 06:20:34.286, 3, 0, 10088
2026/05/25 06:20:49.418, 0, 100, 10490
2026/05/25 06:20:49.420, 1, 100, 10088
2026/05/25 06:20:49.438, 2, 0, 10088
2026/05/25 06:20:49.441, 3, 0, 10088
2026/05/25 06:21:04.554, 0, 9, 10490
2026/05/25 06:21:04.556, 1, 0, 10088
2026/05/25 06:21:04.557, 2, 0, 10088
2026/05/25 06:21:04.559, 3, 0, 10088
2026/05/25 06:21:19.722, 0, 0, 10490
2026/05/25 06:21:19.724, 1, 100, 10088
2026/05/25 06:21:19.725, 2, 100, 10088
2026/05/25 06:21:19.726, 3, 0, 10088
2026/05/25 06:21:34.837, 0, 100, 10490
2026/05/25 06:21:34.839, 1, 0, 10088
2026/05/25 06:21:34.840, 2, 100, 10088
2026/05/25 06:21:34.842, 3, 34, 10088
2026/05/25 06:21:49.966, 0, 13, 10490
2026/05/25 06:21:49.968, 1, 0, 10088
2026/05/25 06:21:49.969, 2, 0, 10088
2026/05/25 06:21:49.971, 3, 0, 10088
2026/05/25 06:22:05.054, 0, 6, 10490
2026/05/25 06:22:05.056, 1, 0, 10088
2026/05/25 06:22:05.057, 2, 0, 10088
2026/05/25 06:22:05.059, 3, 0, 10088
2026/05/25 06:22:20.147, 0, 0, 10490
2026/05/25 06:22:20.149, 1, 0, 10088
2026/05/25 06:22:20.151, 2, 0, 10088
2026/05/25 06:22:20.153, 3, 0, 10088
2026/05/25 06:22:35.254, 0, 10, 10490
2026/05/25 06:22:35.256, 1, 0, 10088
2026/05/25 06:22:35.257, 2, 0, 10088
2026/05/25 06:22:35.258, 3, 0, 10088
2026/05/25 06:22:50.442, 0, 18, 10490
2026/05/25 06:22:50.444, 1, 0, 10088
2026/05/25 06:22:50.445, 2, 0, 10088
2026/05/25 06:22:50.447, 3, 0, 10088
2026/05/25 06:23:05.702, 0, 9, 10490
2026/05/25 06:23:05.704, 1, 0, 10088
2026/05/25 06:23:05.705, 2, 0, 10088
2026/05/25 06:23:05.706, 3, 0, 10088
2026/05/25 06:23:20.789, 0, 100, 10490
2026/05/25 06:23:20.791, 1, 0, 10088
2026/05/25 06:23:20.793, 2, 100, 10088
2026/05/25 06:23:20.794, 3, 0, 10088
2026/05/25 06:23:35.913, 0, 9, 10490
2026/05/25 06:23:35.917, 1, 100, 10088
2026/05/25 06:23:35.919, 2, 100, 10088
2026/05/25 06:23:35.922, 3, 0, 10088
2026/05/25 06:23:51.013, 0, 2, 10490
2026/05/25 06:23:51.015, 1, 0, 10088
2026/05/25 06:23:51.017, 2, 0, 10088
2026/05/25 06:23:51.018, 3, 0, 10088
2026/05/25 06:24:06.102, 0, 12, 10490
2026/05/25 06:24:06.104, 1, 0, 10088
2026/05/25 06:24:06.105, 2, 0, 10088
2026/05/25 06:24:06.106, 3, 0, 10088
2026/05/25 06:24:21.410, 0, 1, 10490
2026/05/25 06:24:21.412, 1, 0, 10088
2026/05/25 06:24:21.413, 2, 0, 10088
2026/05/25 06:24:21.415, 3, 0, 10088
2026/05/25 06:24:36.604, 0, 15, 10490
2026/05/25 06:24:36.607, 1, 0, 10088
2026/05/25 06:24:36.609, 2, 0, 10088
2026/05/25 06:24:36.612, 3, 0, 10088
2026/05/25 06:24:51.701, 0, 100, 10490
2026/05/25 06:24:51.703, 1, 100, 10088
2026/05/25 06:24:51.704, 2, 100, 10088
2026/05/25 06:24:51.706, 3, 0, 10088
2026/05/25 06:25:06.829, 0, 11, 10490
2026/05/25 06:25:06.831, 1, 0, 10088
2026/05/25 06:25:06.833, 2, 0, 10088
2026/05/25 06:25:06.834, 3, 0, 10088
2026/05/25 06:25:21.942, 0, 9, 10490
2026/05/25 06:25:21.944, 1, 0, 10088
2026/05/25 06:25:21.946, 2, 0, 10088
2026/05/25 06:25:21.947, 3, 0, 10088
2026/05/25 06:25:37.040, 0, 77, 10490
2026/05/25 06:25:37.042, 1, 100, 10088
2026/05/25 06:25:37.044, 2, 0, 10088
2026/05/25 06:25:37.045, 3, 0, 10088
2026/05/25 06:25:52.154, 0, 100, 10490
2026/05/25 06:25:52.157, 1, 84, 10088
2026/05/25 06:25:52.161, 2, 100, 10088
2026/05/25 06:25:52.164, 3, 0, 10088
2026/05/25 06:26:07.261, 0, 3, 10490
2026/05/25 06:26:07.263, 1, 0, 10088
2026/05/25 06:26:07.265, 2, 0, 10088
2026/05/25 06:26:07.266, 3, 0, 10088
2026/05/25 06:26:22.366, 0, 14, 10490
2026/05/25 06:26:22.368, 1, 0, 10088
2026/05/25 06:26:22.369, 2, 0, 10088
2026/05/25 06:26:22.371, 3, 0, 10088
2026/05/25 06:26:37.454, 0, 5, 10490
2026/05/25 06:26:37.456, 1, 100, 10088
2026/05/25 06:26:37.457, 2, 100, 10088
2026/05/25 06:26:37.459, 3, 0, 10088
2026/05/25 06:26:52.545, 0, 100, 10490
2026/05/25 06:26:52.547, 1, 100, 10088
2026/05/25 06:26:52.549, 2, 100, 10088
2026/05/25 06:26:52.550, 3, 0, 10088
2026/05/25 06:27:07.650, 0, 3, 10490
2026/05/25 06:27:07.652, 1, 0, 10088
2026/05/25 06:27:07.653, 2, 0, 10088
2026/05/25 06:27:07.655, 3, 0, 10088
2026/05/25 06:27:22.830, 0, 4, 10490
2026/05/25 06:27:22.832, 1, 0, 10088
2026/05/25 06:27:22.834, 2, 0, 10088
2026/05/25 06:27:22.835, 3, 0, 10088
2026/05/25 06:27:37.907, 0, 100, 10490
2026/05/25 06:27:37.908, 1, 0, 10088
2026/05/25 06:27:37.909, 2, 100, 10088
2026/05/25 06:27:37.910, 3, 0, 10088
2026/05/25 06:27:52.994, 0, 9, 10490
2026/05/25 06:27:52.996, 1, 0, 10088
2026/05/25 06:27:52.998, 2, 0, 10088
2026/05/25 06:27:52.999, 3, 0, 10088
2026/05/25 06:28:08.082, 0, 9, 10490
2026/05/25 06:28:08.084, 1, 0, 10088
2026/05/25 06:28:08.086, 2, 0, 10088
2026/05/25 06:28:08.087, 3, 0, 10088
2026/05/25 06:28:23.158, 0, 8, 10490
2026/05/25 06:28:23.159, 1, 0, 10088
2026/05/25 06:28:23.160, 2, 0, 10088
2026/05/25 06:28:23.161, 3, 0, 10088
2026/05/25 06:28:38.256, 0, 12, 10490
2026/05/25 06:28:38.258, 1, 0, 10088
2026/05/25 06:28:38.259, 2, 0, 10088
2026/05/25 06:28:38.260, 3, 0, 10088
2026/05/25 06:28:53.343, 0, 100, 10490
2026/05/25 06:28:53.345, 1, 100, 10088
2026/05/25 06:28:53.346, 2, 100, 10088
2026/05/25 06:28:53.347, 3, 0, 10088
2026/05/25 06:29:08.434, 0, 100, 10490
2026/05/25 06:29:08.438, 1, 0, 10088
2026/05/25 06:29:08.439, 2, 0, 10088
2026/05/25 06:29:08.441, 3, 0, 10088
2026/05/25 06:29:23.590, 0, 2, 10490
2026/05/25 06:29:23.592, 1, 0, 10088
2026/05/25 06:29:23.594, 2, 0, 10088
2026/05/25 06:29:23.595, 3, 0, 10088
2026/05/25 06:29:38.665, 0, 56, 10490
2026/05/25 06:29:38.667, 1, 100, 10088
2026/05/25 06:29:38.668, 2, 100, 10088
2026/05/25 06:29:38.669, 3, 0, 10088
2026/05/25 06:29:53.790, 0, 13, 10490
2026/05/25 06:29:53.792, 1, 0, 10088
2026/05/25 06:29:53.793, 2, 0, 10088
2026/05/25 06:29:53.795, 3, 0, 10088
2026/05/25 06:30:08.879, 0, 3, 10490
2026/05/25 06:30:08.881, 1, 0, 10088
2026/05/25 06:30:08.883, 2, 0, 10088
2026/05/25 06:30:08.884, 3, 0, 10088
2026/05/25 06:30:24.069, 0, 100, 10490
2026/05/25 06:30:24.071, 1, 0, 10088
2026/05/25 06:30:24.073, 2, 0, 10088
2026/05/25 06:30:24.074, 3, 0, 10088
2026/05/25 06:30:39.158, 0, 8, 10490
2026/05/25 06:30:39.162, 1, 0, 10088
2026/05/25 06:30:39.165, 2, 0, 10088
2026/05/25 06:30:39.168, 3, 0, 10088
2026/05/25 06:30:54.281, 0, 13, 10490
2026/05/25 06:30:54.284, 1, 0, 10088
2026/05/25 06:30:54.285, 2, 0, 10088
2026/05/25 06:30:54.286, 3, 0, 10088
2026/05/25 06:31:09.371, 0, 9, 10490
2026/05/25 06:31:09.373, 1, 0, 10088
2026/05/25 06:31:09.374, 2, 0, 10088
2026/05/25 06:31:09.376, 3, 0, 10088
2026/05/25 06:31:24.493, 0, 4, 10490
2026/05/25 06:31:24.495, 1, 0, 10088
2026/05/25 06:31:24.497, 2, 0, 10088
2026/05/25 06:31:24.498, 3, 0, 10088
2026/05/25 06:31:39.582, 0, 9, 10490
2026/05/25 06:31:39.584, 1, 100, 10088
2026/05/25 06:31:39.585, 2, 6, 10088
2026/05/25 06:31:39.586, 3, 0, 10088
2026/05/25 06:31:54.669, 0, 9, 10490
2026/05/25 06:31:54.671, 1, 0, 10088
2026/05/25 06:31:54.673, 2, 0, 10088
2026/05/25 06:31:54.674, 3, 0, 10088
2026/05/25 06:32:09.758, 0, 9, 10490
2026/05/25 06:32:09.760, 1, 0, 10088
2026/05/25 06:32:09.762, 2, 0, 10088
2026/05/25 06:32:09.763, 3, 0, 10088
2026/05/25 06:32:24.884, 0, 100, 10490
2026/05/25 06:32:24.886, 1, 2, 10088
2026/05/25 06:32:24.887, 2, 0, 10088
2026/05/25 06:32:24.889, 3, 0, 10088
2026/05/25 06:32:39.974, 0, 6, 10490
2026/05/25 06:32:39.976, 1, 0, 10088
2026/05/25 06:32:39.978, 2, 0, 10088
2026/05/25 06:32:39.979, 3, 0, 10088
2026/05/25 06:32:55.131, 0, 10, 10490
2026/05/25 06:32:55.135, 1, 81, 10088
2026/05/25 06:32:55.138, 2, 100, 10088
2026/05/25 06:32:55.141, 3, 0, 10088
2026/05/25 06:33:10.254, 0, 14, 10490
2026/05/25 06:33:10.256, 1, 0, 10088
2026/05/25 06:33:10.258, 2, 0, 10088
2026/05/25 06:33:10.259, 3, 0, 10088
2026/05/25 06:33:25.507, 0, 100, 10490
2026/05/25 06:33:25.509, 1, 0, 10088
2026/05/25 06:33:25.510, 2, 0, 10088
2026/05/25 06:33:25.511, 3, 0, 10088
2026/05/25 06:33:40.598, 0, 8, 10490
2026/05/25 06:33:40.600, 1, 34, 10088
2026/05/25 06:33:40.601, 2, 0, 10088
2026/05/25 06:33:40.603, 3, 0, 10088
2026/05/25 06:33:55.702, 0, 9, 10490
2026/05/25 06:33:55.704, 1, 0, 10088
2026/05/25 06:33:55.705, 2, 0, 10088
2026/05/25 06:33:55.706, 3, 0, 10088
2026/05/25 06:34:10.825, 0, 14, 10490
2026/05/25 06:34:10.828, 1, 0, 10088
2026/05/25 06:34:10.829, 2, 0, 10088
2026/05/25 06:34:10.830, 3, 0, 10088
2026/05/25 06:34:26.054, 0, 100, 10490
2026/05/25 06:34:26.055, 1, 61, 10088
2026/05/25 06:34:26.057, 2, 0, 10088
2026/05/25 06:34:26.058, 3, 0, 10088
2026/05/25 06:34:41.142, 0, 9, 10490
2026/05/25 06:34:41.144, 1, 0, 10088
2026/05/25 06:34:41.146, 2, 0, 10088
2026/05/25 06:34:41.147, 3, 0, 10088
2026/05/25 06:34:56.281, 0, 100, 10490
2026/05/25 06:34:56.284, 1, 100, 10088
2026/05/25 06:34:56.287, 2, 100, 10088
2026/05/25 06:34:56.290, 3, 97, 10088
2026/05/25 06:35:11.385, 0, 9, 10490
2026/05/25 06:35:11.387, 1, 0, 10088
2026/05/25 06:35:11.389, 2, 0, 10088
2026/05/25 06:35:11.390, 3, 0, 10088
2026/05/25 06:35:26.542, 0, 5, 10490
2026/05/25 06:35:26.544, 1, 0, 10088
2026/05/25 06:35:26.546, 2, 0, 10088
2026/05/25 06:35:26.547, 3, 0, 10088
2026/05/25 06:35:41.633, 0, 9, 10490
2026/05/25 06:35:41.635, 1, 0, 10088
2026/05/25 06:35:41.637, 2, 0, 10088
2026/05/25 06:35:41.638, 3, 0, 10088
2026/05/25 06:35:56.715, 0, 100, 10490
2026/05/25 06:35:56.717, 1, 100, 10088
2026/05/25 06:35:56.718, 2, 100, 10088
2026/05/25 06:35:56.719, 3, 0, 10088
2026/05/25 06:36:11.802, 0, 5, 10490
2026/05/25 06:36:11.804, 1, 51, 10088
2026/05/25 06:36:11.805, 2, 10, 10088
2026/05/25 06:36:11.806, 3, 0, 10088
2026/05/25 06:36:26.906, 0, 9, 10490
2026/05/25 06:36:26.908, 1, 0, 10088
2026/05/25 06:36:26.909, 2, 0, 10088
2026/05/25 06:36:26.911, 3, 0, 10088
2026/05/25 06:36:42.110, 0, 4, 10490
2026/05/25 06:36:42.112, 1, 0, 10088
2026/05/25 06:36:42.113, 2, 0, 10088
2026/05/25 06:36:42.114, 3, 0, 10088
2026/05/25 06:36:57.238, 0, 3, 10490
2026/05/25 06:36:57.240, 1, 0, 10088
2026/05/25 06:36:57.241, 2, 0, 10088
2026/05/25 06:36:57.243, 3, 0, 10088
2026/05/25 06:37:12.326, 0, 9, 10490
2026/05/25 06:37:12.328, 1, 0, 10088
2026/05/25 06:37:12.329, 2, 0, 10088
2026/05/25 06:37:12.330, 3, 0, 10088
2026/05/25 06:37:27.413, 0, 9, 10490
2026/05/25 06:37:27.415, 1, 0, 10088
2026/05/25 06:37:27.416, 2, 0, 10088
2026/05/25 06:37:27.418, 3, 0, 10088
2026/05/25 06:37:42.518, 0, 13, 10490
2026/05/25 06:37:42.520, 1, 0, 10088
2026/05/25 06:37:42.522, 2, 0, 10088
2026/05/25 06:37:42.523, 3, 0, 10088
2026/05/25 06:37:57.742, 0, 7, 10490
2026/05/25 06:37:57.744, 1, 0, 10088
2026/05/25 06:37:57.746, 2, 0, 10088
2026/05/25 06:37:57.747, 3, 0, 10088
2026/05/25 06:38:12.978, 0, 100, 10490
2026/05/25 06:38:12.982, 1, 43, 10088
2026/05/25 06:38:12.985, 2, 100, 10088
2026/05/25 06:38:12.988, 3, 0, 10088
2026/05/25 06:38:28.122, 0, 9, 10490
2026/05/25 06:38:28.124, 1, 0, 10088
2026/05/25 06:38:28.125, 2, 0, 10088
2026/05/25 06:38:28.126, 3, 0, 10088
2026/05/25 06:38:43.245, 0, 8, 10490
2026/05/25 06:38:43.247, 1, 0, 10088
2026/05/25 06:38:43.249, 2, 0, 10088
2026/05/25 06:38:43.250, 3, 100, 10088
2026/05/25 06:38:58.334, 0, 14, 10490
2026/05/25 06:38:58.336, 1, 0, 10088
2026/05/25 06:38:58.337, 2, 0, 10088
2026/05/25 06:38:58.338, 3, 0, 10088
2026/05/25 06:39:13.422, 0, 9, 10490
2026/05/25 06:39:13.424, 1, 0, 10088
2026/05/25 06:39:13.426, 2, 0, 10088
2026/05/25 06:39:13.427, 3, 0, 10088
2026/05/25 06:39:28.513, 0, 1, 10490
2026/05/25 06:39:28.515, 1, 0, 10088
2026/05/25 06:39:28.517, 2, 0, 10088
2026/05/25 06:39:28.518, 3, 100, 10088
2026/05/25 06:39:43.877, 0, 1, 10490
2026/05/25 06:39:43.880, 1, 0, 10088
2026/05/25 06:39:43.881, 2, 0, 10088
2026/05/25 06:39:43.882, 3, 0, 10088
2026/05/25 06:39:58.982, 0, 13, 10490
2026/05/25 06:39:58.984, 1, 0, 10088
2026/05/25 06:39:58.986, 2, 0, 10088
2026/05/25 06:39:58.987, 3, 0, 10088
2026/05/25 06:40:14.095, 0, 9, 10490
2026/05/25 06:40:14.100, 1, 0, 10088
2026/05/25 06:40:14.103, 2, 35, 10088
2026/05/25 06:40:14.106, 3, 0, 10088
2026/05/25 06:40:29.198, 0, 100, 10490
2026/05/25 06:40:29.200, 1, 100, 10088
2026/05/25 06:40:29.201, 2, 50, 10088
2026/05/25 06:40:29.202, 3, 0, 10088
2026/05/25 06:40:44.769, 0, 100, 10490
2026/05/25 06:40:44.773, 1, 0, 10088
2026/05/25 06:40:44.776, 2, 100, 10088
2026/05/25 06:40:44.780, 3, 100, 10088
2026/05/25 06:41:00.042, 0, 100, 10490
2026/05/25 06:41:00.045, 1, 100, 10088
2026/05/25 06:41:00.048, 2, 0, 10088
2026/05/25 06:41:00.050, 3, 0, 10088
2026/05/25 06:41:15.159, 0, 13, 10490
2026/05/25 06:41:15.161, 1, 0, 10088
2026/05/25 06:41:15.163, 2, 0, 10088
2026/05/25 06:41:15.164, 3, 0, 10088
2026/05/25 06:41:30.249, 0, 9, 10490
2026/05/25 06:41:30.251, 1, 0, 10088
2026/05/25 06:41:30.252, 2, 0, 10088
2026/05/25 06:41:30.254, 3, 0, 10088
2026/05/25 06:41:45.425, 0, 0, 10490
2026/05/25 06:41:45.427, 1, 20, 10088
2026/05/25 06:41:45.428, 2, 0, 10088
2026/05/25 06:41:45.429, 3, 100, 10088
2026/05/25 06:42:00.533, 0, 6, 10490
2026/05/25 06:42:00.535, 1, 0, 10088
2026/05/25 06:42:00.536, 2, 0, 10088
2026/05/25 06:42:00.538, 3, 0, 10088
2026/05/25 06:42:15.622, 0, 9, 10490
2026/05/25 06:42:15.624, 1, 0, 10088
2026/05/25 06:42:15.625, 2, 0, 10088
2026/05/25 06:42:15.626, 3, 0, 10088
2026/05/25 06:42:30.710, 0, 14, 10490
2026/05/25 06:42:30.712, 1, 0, 10088
2026/05/25 06:42:30.713, 2, 0, 10088
2026/05/25 06:42:30.715, 3, 0, 10088
2026/05/25 06:42:46.023, 0, 100, 10490
2026/05/25 06:42:46.027, 1, 100, 10088
2026/05/25 06:42:46.030, 2, 100, 10088
2026/05/25 06:42:46.033, 3, 100, 10088
2026/05/25 06:43:01.129, 0, 4, 10490
2026/05/25 06:43:01.131, 1, 0, 10088
2026/05/25 06:43:01.132, 2, 0, 10088
2026/05/25 06:43:01.134, 3, 0, 10088
2026/05/25 06:43:16.217, 0, 9, 10490
2026/05/25 06:43:16.219, 1, 0, 10088
2026/05/25 06:43:16.221, 2, 0, 10088
2026/05/25 06:43:16.222, 3, 0, 10088
2026/05/25 06:43:31.340, 0, 100, 10490
2026/05/25 06:43:31.343, 1, 100, 10088
2026/05/25 06:43:31.346, 2, 100, 10088
2026/05/25 06:43:31.349, 3, 0, 10088
2026/05/25 06:43:46.446, 0, 9, 10490
2026/05/25 06:43:46.448, 1, 0, 10088
2026/05/25 06:43:46.449, 2, 0, 10088
2026/05/25 06:43:46.451, 3, 0, 10088
2026/05/25 06:44:01.589, 0, 9, 10490
2026/05/25 06:44:01.591, 1, 0, 10088
2026/05/25 06:44:01.593, 2, 0, 10088
2026/05/25 06:44:01.594, 3, 0, 10088
2026/05/25 06:44:16.694, 0, 9, 10490
2026/05/25 06:44:16.696, 1, 0, 10088
2026/05/25 06:44:16.697, 2, 0, 10088
2026/05/25 06:44:16.698, 3, 0, 10088
2026/05/25 06:44:31.853, 0, 0, 10490
2026/05/25 06:44:31.854, 1, 0, 10088
2026/05/25 06:44:31.855, 2, 0, 10088
2026/05/25 06:44:31.856, 3, 0, 10088
2026/05/25 06:44:47.022, 0, 16, 10490
2026/05/25 06:44:47.025, 1, 0, 10088
2026/05/25 06:44:47.174, 2, 0, 10088
2026/05/25 06:44:47.175, 3, 0, 10088
2026/05/25 06:45:02.258, 0, 9, 10490
2026/05/25 06:45:02.260, 1, 0, 10088
2026/05/25 06:45:02.262, 2, 0, 10088
2026/05/25 06:45:02.263, 3, 0, 10088
2026/05/25 06:45:17.352, 0, 100, 10490
2026/05/25 06:45:17.356, 1, 0, 10088
2026/05/25 06:45:17.357, 2, 0, 10088
2026/05/25 06:45:17.359, 3, 0, 10088
2026/05/25 06:45:32.445, 0, 8, 10490
2026/05/25 06:45:32.447, 1, 0, 10088
2026/05/25 06:45:32.449, 2, 0, 10088
2026/05/25 06:45:32.450, 3, 0, 10088
2026/05/25 06:45:47.554, 0, 0, 10490
2026/05/25 06:45:47.556, 1, 0, 10088
2026/05/25 06:45:47.557, 2, 0, 10088
2026/05/25 06:45:47.558, 3, 0, 10088
2026/05/25 06:46:02.663, 0, 0, 10490
2026/05/25 06:46:02.665, 1, 0, 10088
2026/05/25 06:46:02.666, 2, 0, 10088
2026/05/25 06:46:02.668, 3, 0, 10088
2026/05/25 06:46:17.760, 0, 0, 1
2026/05/25 06:46:17.762, 1, 0, 1
2026/05/25 06:46:17.764, 2, 0, 1
2026/05/25 06:46:17.766, 3, 0, 1
2026/05/25 06:46:32.854, 0, 0, 1
2026/05/25 06:46:32.856, 1, 0, 1
2026/05/25 06:46:32.858, 2, 0, 1
2026/05/25 06:46:32.859, 3, 0, 1
2026/05/25 06:46:47.947, 0, 0, 1
2026/05/25 06:46:47.948, 1, 0, 1
2026/05/25 06:46:47.950, 2, 0, 1
2026/05/25 06:46:47.951, 3, 0, 1
2026/05/25 06:47:03.038, 0, 0, 1
2026/05/25 06:47:03.040, 1, 0, 1
2026/05/25 06:47:03.041, 2, 0, 1
2026/05/25 06:47:03.043, 3, 0, 1
2026/05/25 06:47:18.130, 0, 0, 1
2026/05/25 06:47:18.132, 1, 0, 1
2026/05/25 06:47:18.133, 2, 0, 1
2026/05/25 06:47:18.135, 3, 0, 1
2026/05/25 06:47:33.222, 0, 0, 1
2026/05/25 06:47:33.224, 1, 0, 1
2026/05/25 06:47:33.225, 2, 0, 1
2026/05/25 06:47:33.227, 3, 0, 1
2026/05/25 06:47:48.350, 0, 0, 1
2026/05/25 06:47:48.352, 1, 0, 1
2026/05/25 06:47:48.353, 2, 0, 1
2026/05/25 06:47:48.355, 3, 0, 1
2026/05/25 06:48:03.458, 0, 0, 1
2026/05/25 06:48:03.460, 1, 0, 1
2026/05/25 06:48:03.462, 2, 0, 1
2026/05/25 06:48:03.463, 3, 0, 1
2026/05/25 06:48:18.550, 0, 0, 1
2026/05/25 06:48:18.552, 1, 0, 1
2026/05/25 06:48:18.553, 2, 0, 1
2026/05/25 06:48:18.555, 3, 0, 1
