timestamp,index,name,memory_used_mib,utilization_gpu_pct
2026/07/14 23:09:24.408, 0, NVIDIA GeForce RTX 5090, 0, 0
2026/07/14 23:09:24.423, 1, NVIDIA GeForce RTX 5090, 0, 0
2026/07/14 23:09:24.436, 2, NVIDIA GeForce RTX 5090, 0, 0
2026/07/14 23:09:24.449, 3, NVIDIA GeForce RTX 5090, 0, 0
2026/07/14 23:09:24.463, 4, NVIDIA GeForce RTX 5090, 0, 0
2026/07/14 23:09:26.607, 0, NVIDIA GeForce RTX 5090, 0, 0
2026/07/14 23:09:26.611, 1, NVIDIA GeForce RTX 5090, 0, 0
2026/07/14 23:09:26.619, 2, NVIDIA GeForce RTX 5090, 0, 0
2026/07/14 23:09:26.627, 3, NVIDIA GeForce RTX 5090, 0, 0
2026/07/14 23:09:26.634, 4, NVIDIA GeForce RTX 5090, 0, 0
2026/07/14 23:09:28.794, 0, NVIDIA GeForce RTX 5090, 0, 0
2026/07/14 23:09:28.798, 1, NVIDIA GeForce RTX 5090, 0, 0
2026/07/14 23:09:28.807, 2, NVIDIA GeForce RTX 5090, 0, 0
2026/07/14 23:09:28.824, 3, NVIDIA GeForce RTX 5090, 0, 0
2026/07/14 23:09:28.831, 4, NVIDIA GeForce RTX 5090, 0, 0
2026/07/14 23:09:30.975, 0, NVIDIA GeForce RTX 5090, 0, 0
2026/07/14 23:09:30.980, 1, NVIDIA GeForce RTX 5090, 0, 0
2026/07/14 23:09:30.989, 2, NVIDIA GeForce RTX 5090, 0, 0
2026/07/14 23:09:30.996, 3, NVIDIA GeForce RTX 5090, 0, 0
2026/07/14 23:09:31.004, 4, NVIDIA GeForce RTX 5090, 0, 0
2026/07/14 23:09:33.189, 0, NVIDIA GeForce RTX 5090, 0, 0
2026/07/14 23:09:33.196, 1, NVIDIA GeForce RTX 5090, 1, 0
2026/07/14 23:09:33.215, 2, NVIDIA GeForce RTX 5090, 1, 0
2026/07/14 23:09:33.222, 3, NVIDIA GeForce RTX 5090, 0, 0
2026/07/14 23:09:33.254, 4, NVIDIA GeForce RTX 5090, 0, 0
2026/07/14 23:09:35.407, 0, NVIDIA GeForce RTX 5090, 981, 19
2026/07/14 23:09:35.410, 1, NVIDIA GeForce RTX 5090, 3, 0
2026/07/14 23:09:35.417, 2, NVIDIA GeForce RTX 5090, 3, 0
2026/07/14 23:09:35.429, 3, NVIDIA GeForce RTX 5090, 3, 0
2026/07/14 23:09:35.436, 4, NVIDIA GeForce RTX 5090, 3, 0
2026/07/14 23:09:37.572, 0, NVIDIA GeForce RTX 5090, 981, 0
2026/07/14 23:09:37.574, 1, NVIDIA GeForce RTX 5090, 3, 0
2026/07/14 23:09:37.582, 2, NVIDIA GeForce RTX 5090, 3, 0
2026/07/14 23:09:37.590, 3, NVIDIA GeForce RTX 5090, 3, 0
2026/07/14 23:09:37.598, 4, NVIDIA GeForce RTX 5090, 3, 0
2026/07/14 23:09:39.732, 0, NVIDIA GeForce RTX 5090, 981, 0
2026/07/14 23:09:39.735, 1, NVIDIA GeForce RTX 5090, 3, 0
2026/07/14 23:09:39.743, 2, NVIDIA GeForce RTX 5090, 3, 0
2026/07/14 23:09:39.750, 3, NVIDIA GeForce RTX 5090, 3, 0
2026/07/14 23:09:39.758, 4, NVIDIA GeForce RTX 5090, 3, 0
2026/07/14 23:09:41.913, 0, NVIDIA GeForce RTX 5090, 981, 0
2026/07/14 23:09:41.915, 1, NVIDIA GeForce RTX 5090, 3, 0
2026/07/14 23:09:41.923, 2, NVIDIA GeForce RTX 5090, 3, 0
2026/07/14 23:09:41.931, 3, NVIDIA GeForce RTX 5090, 3, 0
2026/07/14 23:09:41.939, 4, NVIDIA GeForce RTX 5090, 3, 0
2026/07/14 23:09:44.071, 0, NVIDIA GeForce RTX 5090, 981, 0
2026/07/14 23:09:44.073, 1, NVIDIA GeForce RTX 5090, 3, 0
2026/07/14 23:09:44.082, 2, NVIDIA GeForce RTX 5090, 3, 0
2026/07/14 23:09:44.093, 3, NVIDIA GeForce RTX 5090, 3, 0
2026/07/14 23:09:44.101, 4, NVIDIA GeForce RTX 5090, 3, 0
2026/07/14 23:09:46.232, 0, NVIDIA GeForce RTX 5090, 981, 0
2026/07/14 23:09:46.234, 1, NVIDIA GeForce RTX 5090, 3, 0
2026/07/14 23:09:46.242, 2, NVIDIA GeForce RTX 5090, 3, 0
2026/07/14 23:09:46.250, 3, NVIDIA GeForce RTX 5090, 3, 0
2026/07/14 23:09:46.258, 4, NVIDIA GeForce RTX 5090, 3, 0
2026/07/14 23:09:48.388, 0, NVIDIA GeForce RTX 5090, 981, 0
2026/07/14 23:09:48.390, 1, NVIDIA GeForce RTX 5090, 3, 0
2026/07/14 23:09:48.399, 2, NVIDIA GeForce RTX 5090, 3, 0
2026/07/14 23:09:48.406, 3, NVIDIA GeForce RTX 5090, 3, 0
2026/07/14 23:09:48.417, 4, NVIDIA GeForce RTX 5090, 3, 0
2026/07/14 23:09:50.591, 0, NVIDIA GeForce RTX 5090, 981, 0
2026/07/14 23:09:50.593, 1, NVIDIA GeForce RTX 5090, 3, 0
2026/07/14 23:09:50.601, 2, NVIDIA GeForce RTX 5090, 3, 0
2026/07/14 23:09:50.609, 3, NVIDIA GeForce RTX 5090, 3, 0
2026/07/14 23:09:50.616, 4, NVIDIA GeForce RTX 5090, 3, 0
2026/07/14 23:09:52.769, 0, NVIDIA GeForce RTX 5090, 981, 0
2026/07/14 23:09:52.783, 1, NVIDIA GeForce RTX 5090, 3, 0
2026/07/14 23:09:52.792, 2, NVIDIA GeForce RTX 5090, 3, 0
2026/07/14 23:09:52.799, 3, NVIDIA GeForce RTX 5090, 3, 0
2026/07/14 23:09:52.809, 4, NVIDIA GeForce RTX 5090, 3, 0
2026/07/14 23:09:54.945, 0, NVIDIA GeForce RTX 5090, 981, 0
2026/07/14 23:09:54.960, 1, NVIDIA GeForce RTX 5090, 3, 0
2026/07/14 23:09:54.968, 2, NVIDIA GeForce RTX 5090, 3, 0
2026/07/14 23:09:54.975, 3, NVIDIA GeForce RTX 5090, 3, 0
2026/07/14 23:09:54.983, 4, NVIDIA GeForce RTX 5090, 3, 0
2026/07/14 23:09:57.123, 0, NVIDIA GeForce RTX 5090, 1431, 0
2026/07/14 23:09:57.126, 1, NVIDIA GeForce RTX 5090, 3, 0
2026/07/14 23:09:57.134, 2, NVIDIA GeForce RTX 5090, 3, 0
2026/07/14 23:09:57.142, 3, NVIDIA GeForce RTX 5090, 3, 0
2026/07/14 23:09:57.150, 4, NVIDIA GeForce RTX 5090, 3, 0
2026/07/14 23:09:59.308, 0, NVIDIA GeForce RTX 5090, 1431, 0
2026/07/14 23:09:59.313, 1, NVIDIA GeForce RTX 5090, 511, 0
2026/07/14 23:09:59.315, 2, NVIDIA GeForce RTX 5090, 511, 0
2026/07/14 23:09:59.317, 3, NVIDIA GeForce RTX 5090, 511, 0
2026/07/14 23:09:59.319, 4, NVIDIA GeForce RTX 5090, 27, 0
2026/07/14 23:10:01.429, 0, NVIDIA GeForce RTX 5090, 2105, 69
2026/07/14 23:10:01.432, 1, NVIDIA GeForce RTX 5090, 1623, 82
2026/07/14 23:10:01.434, 2, NVIDIA GeForce RTX 5090, 1623, 37
2026/07/14 23:10:01.437, 3, NVIDIA GeForce RTX 5090, 1623, 39
2026/07/14 23:10:01.439, 4, NVIDIA GeForce RTX 5090, 1621, 98
2026/07/14 23:10:03.563, 0, NVIDIA GeForce RTX 5090, 2973, 50
2026/07/14 23:10:03.568, 1, NVIDIA GeForce RTX 5090, 3065, 40
2026/07/14 23:10:03.571, 2, NVIDIA GeForce RTX 5090, 3065, 38
2026/07/14 23:10:03.575, 3, NVIDIA GeForce RTX 5090, 3065, 40
2026/07/14 23:10:03.577, 4, NVIDIA GeForce RTX 5090, 3065, 42
2026/07/14 23:10:05.688, 0, NVIDIA GeForce RTX 5090, 2973, 1
2026/07/14 23:10:05.694, 1, NVIDIA GeForce RTX 5090, 3065, 11
2026/07/14 23:10:05.697, 2, NVIDIA GeForce RTX 5090, 3065, 40
2026/07/14 23:10:05.700, 3, NVIDIA GeForce RTX 5090, 3065, 34
2026/07/14 23:10:05.703, 4, NVIDIA GeForce RTX 5090, 3065, 0
2026/07/14 23:10:07.835, 0, NVIDIA GeForce RTX 5090, 2973, 39
2026/07/14 23:10:07.838, 1, NVIDIA GeForce RTX 5090, 3065, 40
2026/07/14 23:10:07.840, 2, NVIDIA GeForce RTX 5090, 3065, 37
2026/07/14 23:10:07.846, 3, NVIDIA GeForce RTX 5090, 3065, 0
2026/07/14 23:10:07.849, 4, NVIDIA GeForce RTX 5090, 3065, 41
2026/07/14 23:10:09.950, 0, NVIDIA GeForce RTX 5090, 2973, 37
2026/07/14 23:10:09.954, 1, NVIDIA GeForce RTX 5090, 3065, 36
2026/07/14 23:10:09.956, 2, NVIDIA GeForce RTX 5090, 3065, 39
2026/07/14 23:10:09.958, 3, NVIDIA GeForce RTX 5090, 3065, 3
2026/07/14 23:10:09.960, 4, NVIDIA GeForce RTX 5090, 3065, 41
2026/07/14 23:10:12.087, 0, NVIDIA GeForce RTX 5090, 3099, 40
2026/07/14 23:10:12.092, 1, NVIDIA GeForce RTX 5090, 3065, 40
2026/07/14 23:10:12.095, 2, NVIDIA GeForce RTX 5090, 3065, 42
2026/07/14 23:10:12.097, 3, NVIDIA GeForce RTX 5090, 3065, 31
2026/07/14 23:10:12.099, 4, NVIDIA GeForce RTX 5090, 3065, 42
2026/07/14 23:10:14.237, 0, NVIDIA GeForce RTX 5090, 3101, 36
2026/07/14 23:10:14.242, 1, NVIDIA GeForce RTX 5090, 3065, 34
2026/07/14 23:10:14.244, 2, NVIDIA GeForce RTX 5090, 3065, 0
2026/07/14 23:10:14.250, 3, NVIDIA GeForce RTX 5090, 3065, 1
2026/07/14 23:10:14.252, 4, NVIDIA GeForce RTX 5090, 3065, 36
2026/07/14 23:10:16.387, 0, NVIDIA GeForce RTX 5090, 3101, 4
2026/07/14 23:10:16.391, 1, NVIDIA GeForce RTX 5090, 3065, 0
2026/07/14 23:10:16.397, 2, NVIDIA GeForce RTX 5090, 3065, 38
2026/07/14 23:10:16.400, 3, NVIDIA GeForce RTX 5090, 3065, 36
2026/07/14 23:10:16.403, 4, NVIDIA GeForce RTX 5090, 3065, 0
2026/07/14 23:10:18.498, 0, NVIDIA GeForce RTX 5090, 3101, 3
2026/07/14 23:10:18.501, 1, NVIDIA GeForce RTX 5090, 3065, 22
2026/07/14 23:10:18.504, 2, NVIDIA GeForce RTX 5090, 3065, 40
2026/07/14 23:10:18.506, 3, NVIDIA GeForce RTX 5090, 3065, 38
2026/07/14 23:10:18.508, 4, NVIDIA GeForce RTX 5090, 3065, 10
2026/07/14 23:10:20.615, 0, NVIDIA GeForce RTX 5090, 3101, 42
2026/07/14 23:10:20.622, 1, NVIDIA GeForce RTX 5090, 3065, 36
2026/07/14 23:10:20.629, 2, NVIDIA GeForce RTX 5090, 3065, 34
2026/07/14 23:10:20.632, 3, NVIDIA GeForce RTX 5090, 3065, 40
2026/07/14 23:10:20.634, 4, NVIDIA GeForce RTX 5090, 3065, 35
2026/07/14 23:10:22.767, 0, NVIDIA GeForce RTX 5090, 3101, 42
2026/07/14 23:10:22.774, 1, NVIDIA GeForce RTX 5090, 3065, 39
2026/07/14 23:10:22.777, 2, NVIDIA GeForce RTX 5090, 3065, 34
2026/07/14 23:10:22.781, 3, NVIDIA GeForce RTX 5090, 3065, 34
2026/07/14 23:10:22.784, 4, NVIDIA GeForce RTX 5090, 3065, 40
2026/07/14 23:10:24.925, 0, NVIDIA GeForce RTX 5090, 3101, 41
2026/07/14 23:10:24.930, 1, NVIDIA GeForce RTX 5090, 3065, 34
2026/07/14 23:10:24.934, 2, NVIDIA GeForce RTX 5090, 3065, 21
2026/07/14 23:10:24.937, 3, NVIDIA GeForce RTX 5090, 3065, 35
2026/07/14 23:10:24.940, 4, NVIDIA GeForce RTX 5090, 3065, 37
2026/07/14 23:10:27.051, 0, NVIDIA GeForce RTX 5090, 3101, 35
2026/07/14 23:10:27.057, 1, NVIDIA GeForce RTX 5090, 3065, 23
2026/07/14 23:10:27.062, 2, NVIDIA GeForce RTX 5090, 3065, 35
2026/07/14 23:10:27.064, 3, NVIDIA GeForce RTX 5090, 3065, 35
2026/07/14 23:10:27.067, 4, NVIDIA GeForce RTX 5090, 3065, 23
2026/07/14 23:10:29.203, 0, NVIDIA GeForce RTX 5090, 3101, 42
2026/07/14 23:10:29.206, 1, NVIDIA GeForce RTX 5090, 3065, 35
2026/07/14 23:10:29.209, 2, NVIDIA GeForce RTX 5090, 3065, 42
2026/07/14 23:10:29.211, 3, NVIDIA GeForce RTX 5090, 3065, 36
2026/07/14 23:10:29.213, 4, NVIDIA GeForce RTX 5090, 3065, 34
2026/07/14 23:10:31.342, 0, NVIDIA GeForce RTX 5090, 3101, 36
2026/07/14 23:10:31.346, 1, NVIDIA GeForce RTX 5090, 3065, 35
2026/07/14 23:10:31.353, 2, NVIDIA GeForce RTX 5090, 3065, 0
2026/07/14 23:10:31.356, 3, NVIDIA GeForce RTX 5090, 3065, 0
2026/07/14 23:10:31.358, 4, NVIDIA GeForce RTX 5090, 3065, 34
2026/07/14 23:10:33.490, 0, NVIDIA GeForce RTX 5090, 3101, 41
2026/07/14 23:10:33.497, 1, NVIDIA GeForce RTX 5090, 3065, 40
2026/07/14 23:10:33.501, 2, NVIDIA GeForce RTX 5090, 3065, 41
2026/07/14 23:10:33.504, 3, NVIDIA GeForce RTX 5090, 3065, 37
2026/07/14 23:10:33.507, 4, NVIDIA GeForce RTX 5090, 3065, 38
2026/07/14 23:10:35.620, 0, NVIDIA GeForce RTX 5090, 3101, 41
2026/07/14 23:10:35.625, 1, NVIDIA GeForce RTX 5090, 3065, 35
2026/07/14 23:10:35.628, 2, NVIDIA GeForce RTX 5090, 3065, 32
2026/07/14 23:10:35.631, 3, NVIDIA GeForce RTX 5090, 3065, 40
2026/07/14 23:10:35.634, 4, NVIDIA GeForce RTX 5090, 3065, 36
2026/07/14 23:10:37.725, 0, NVIDIA GeForce RTX 5090, 3101, 40
2026/07/14 23:10:37.728, 1, NVIDIA GeForce RTX 5090, 3065, 40
2026/07/14 23:10:37.731, 2, NVIDIA GeForce RTX 5090, 3065, 42
2026/07/14 23:10:37.733, 3, NVIDIA GeForce RTX 5090, 3065, 42
2026/07/14 23:10:37.736, 4, NVIDIA GeForce RTX 5090, 3065, 37
2026/07/14 23:10:39.846, 0, NVIDIA GeForce RTX 5090, 3101, 24
2026/07/14 23:10:39.850, 1, NVIDIA GeForce RTX 5090, 3065, 12
2026/07/14 23:10:39.854, 2, NVIDIA GeForce RTX 5090, 3065, 40
2026/07/14 23:10:39.857, 3, NVIDIA GeForce RTX 5090, 3065, 38
2026/07/14 23:10:39.860, 4, NVIDIA GeForce RTX 5090, 3065, 12
2026/07/14 23:10:41.965, 0, NVIDIA GeForce RTX 5090, 3101, 42
2026/07/14 23:10:41.971, 1, NVIDIA GeForce RTX 5090, 3065, 35
2026/07/14 23:10:41.973, 2, NVIDIA GeForce RTX 5090, 3065, 38
2026/07/14 23:10:41.975, 3, NVIDIA GeForce RTX 5090, 3065, 34
2026/07/14 23:10:41.978, 4, NVIDIA GeForce RTX 5090, 3065, 38
2026/07/14 23:10:44.112, 0, NVIDIA GeForce RTX 5090, 3101, 42
2026/07/14 23:10:44.118, 1, NVIDIA GeForce RTX 5090, 3065, 39
2026/07/14 23:10:44.125, 2, NVIDIA GeForce RTX 5090, 3065, 40
2026/07/14 23:10:44.128, 3, NVIDIA GeForce RTX 5090, 3065, 30
2026/07/14 23:10:44.132, 4, NVIDIA GeForce RTX 5090, 3065, 41
2026/07/14 23:10:46.264, 0, NVIDIA GeForce RTX 5090, 3101, 31
2026/07/14 23:10:46.268, 1, NVIDIA GeForce RTX 5090, 3065, 33
2026/07/14 23:10:46.271, 2, NVIDIA GeForce RTX 5090, 3065, 0
2026/07/14 23:10:46.274, 3, NVIDIA GeForce RTX 5090, 3065, 27
2026/07/14 23:10:46.277, 4, NVIDIA GeForce RTX 5090, 3065, 30
2026/07/14 23:10:48.393, 0, NVIDIA GeForce RTX 5090, 3101, 38
2026/07/14 23:10:48.398, 1, NVIDIA GeForce RTX 5090, 3065, 41
2026/07/14 23:10:48.401, 2, NVIDIA GeForce RTX 5090, 3065, 41
2026/07/14 23:10:48.404, 3, NVIDIA GeForce RTX 5090, 3065, 40
2026/07/14 23:10:48.407, 4, NVIDIA GeForce RTX 5090, 3065, 40
2026/07/14 23:10:50.547, 0, NVIDIA GeForce RTX 5090, 3101, 41
2026/07/14 23:10:50.552, 1, NVIDIA GeForce RTX 5090, 3065, 41
2026/07/14 23:10:50.555, 2, NVIDIA GeForce RTX 5090, 3065, 37
2026/07/14 23:10:50.558, 3, NVIDIA GeForce RTX 5090, 3065, 34
2026/07/14 23:10:50.561, 4, NVIDIA GeForce RTX 5090, 3065, 35
2026/07/14 23:10:52.691, 0, NVIDIA GeForce RTX 5090, 3101, 35
2026/07/14 23:10:52.695, 1, NVIDIA GeForce RTX 5090, 3065, 41
2026/07/14 23:10:52.697, 2, NVIDIA GeForce RTX 5090, 3065, 41
2026/07/14 23:10:52.699, 3, NVIDIA GeForce RTX 5090, 3065, 41
2026/07/14 23:10:52.701, 4, NVIDIA GeForce RTX 5090, 3065, 36
2026/07/14 23:10:54.811, 0, NVIDIA GeForce RTX 5090, 3101, 33
2026/07/14 23:10:54.815, 1, NVIDIA GeForce RTX 5090, 3065, 22
2026/07/14 23:10:54.818, 2, NVIDIA GeForce RTX 5090, 3065, 40
2026/07/14 23:10:54.824, 3, NVIDIA GeForce RTX 5090, 3065, 35
2026/07/14 23:10:54.827, 4, NVIDIA GeForce RTX 5090, 3065, 21
2026/07/14 23:10:56.966, 0, NVIDIA GeForce RTX 5090, 3101, 35
2026/07/14 23:10:56.971, 1, NVIDIA GeForce RTX 5090, 3065, 34
2026/07/14 23:10:56.975, 2, NVIDIA GeForce RTX 5090, 3065, 34
2026/07/14 23:10:56.980, 3, NVIDIA GeForce RTX 5090, 3065, 38
2026/07/14 23:10:56.982, 4, NVIDIA GeForce RTX 5090, 3065, 40
2026/07/14 23:10:59.122, 0, NVIDIA GeForce RTX 5090, 3101, 38
2026/07/14 23:10:59.130, 1, NVIDIA GeForce RTX 5090, 3065, 34
2026/07/14 23:10:59.132, 2, NVIDIA GeForce RTX 5090, 3065, 34
2026/07/14 23:10:59.135, 3, NVIDIA GeForce RTX 5090, 3065, 34
2026/07/14 23:10:59.139, 4, NVIDIA GeForce RTX 5090, 3065, 39
2026/07/14 23:11:01.234, 0, NVIDIA GeForce RTX 5090, 3101, 41
2026/07/14 23:11:01.238, 1, NVIDIA GeForce RTX 5090, 3065, 41
2026/07/14 23:11:01.240, 2, NVIDIA GeForce RTX 5090, 3065, 39
2026/07/14 23:11:01.243, 3, NVIDIA GeForce RTX 5090, 3065, 34
2026/07/14 23:11:01.245, 4, NVIDIA GeForce RTX 5090, 3065, 40
2026/07/14 23:11:03.372, 0, NVIDIA GeForce RTX 5090, 3101, 40
2026/07/14 23:11:03.377, 1, NVIDIA GeForce RTX 5090, 3065, 41
2026/07/14 23:11:03.379, 2, NVIDIA GeForce RTX 5090, 3065, 20
2026/07/14 23:11:03.382, 3, NVIDIA GeForce RTX 5090, 3065, 0
2026/07/14 23:11:03.385, 4, NVIDIA GeForce RTX 5090, 3065, 39
2026/07/14 23:11:05.523, 0, NVIDIA GeForce RTX 5090, 3101, 40
2026/07/14 23:11:05.527, 1, NVIDIA GeForce RTX 5090, 3065, 40
2026/07/14 23:11:05.530, 2, NVIDIA GeForce RTX 5090, 3065, 40
2026/07/14 23:11:05.532, 3, NVIDIA GeForce RTX 5090, 3065, 38
2026/07/14 23:11:05.535, 4, NVIDIA GeForce RTX 5090, 3065, 35
2026/07/14 23:11:07.625, 0, NVIDIA GeForce RTX 5090, 3101, 31
2026/07/14 23:11:07.628, 1, NVIDIA GeForce RTX 5090, 3065, 37
2026/07/14 23:11:07.630, 2, NVIDIA GeForce RTX 5090, 3065, 38
2026/07/14 23:11:07.633, 3, NVIDIA GeForce RTX 5090, 3065, 40
2026/07/14 23:11:07.635, 4, NVIDIA GeForce RTX 5090, 3065, 38
2026/07/14 23:11:09.762, 0, NVIDIA GeForce RTX 5090, 3101, 36
2026/07/14 23:11:09.766, 1, NVIDIA GeForce RTX 5090, 3065, 35
2026/07/14 23:11:09.770, 2, NVIDIA GeForce RTX 5090, 3065, 41
2026/07/14 23:11:09.772, 3, NVIDIA GeForce RTX 5090, 3065, 37
2026/07/14 23:11:09.775, 4, NVIDIA GeForce RTX 5090, 3065, 35
2026/07/14 23:11:11.889, 0, NVIDIA GeForce RTX 5090, 3101, 34
2026/07/14 23:11:11.894, 1, NVIDIA GeForce RTX 5090, 3065, 38
2026/07/14 23:11:11.897, 2, NVIDIA GeForce RTX 5090, 3065, 38
2026/07/14 23:11:11.900, 3, NVIDIA GeForce RTX 5090, 3065, 40
2026/07/14 23:11:11.902, 4, NVIDIA GeForce RTX 5090, 3065, 36
2026/07/14 23:11:14.036, 0, NVIDIA GeForce RTX 5090, 3101, 34
2026/07/14 23:11:14.040, 1, NVIDIA GeForce RTX 5090, 3065, 38
2026/07/14 23:11:14.043, 2, NVIDIA GeForce RTX 5090, 3065, 0
2026/07/14 23:11:14.047, 3, NVIDIA GeForce RTX 5090, 3065, 2
2026/07/14 23:11:14.053, 4, NVIDIA GeForce RTX 5090, 3065, 39
2026/07/14 23:11:16.170, 0, NVIDIA GeForce RTX 5090, 3101, 3
2026/07/14 23:11:16.174, 1, NVIDIA GeForce RTX 5090, 3065, 0
2026/07/14 23:11:16.177, 2, NVIDIA GeForce RTX 5090, 3065, 34
2026/07/14 23:11:16.180, 3, NVIDIA GeForce RTX 5090, 3065, 37
2026/07/14 23:11:16.185, 4, NVIDIA GeForce RTX 5090, 3065, 0
2026/07/14 23:11:18.281, 0, NVIDIA GeForce RTX 5090, 3101, 37
2026/07/14 23:11:18.287, 1, NVIDIA GeForce RTX 5090, 3065, 35
2026/07/14 23:11:18.290, 2, NVIDIA GeForce RTX 5090, 3065, 34
2026/07/14 23:11:18.292, 3, NVIDIA GeForce RTX 5090, 3065, 34
2026/07/14 23:11:18.294, 4, NVIDIA GeForce RTX 5090, 3065, 35
2026/07/14 23:11:20.406, 0, NVIDIA GeForce RTX 5090, 3101, 41
2026/07/14 23:11:20.412, 1, NVIDIA GeForce RTX 5090, 3065, 38
2026/07/14 23:11:20.418, 2, NVIDIA GeForce RTX 5090, 3065, 37
2026/07/14 23:11:20.420, 3, NVIDIA GeForce RTX 5090, 3065, 39
2026/07/14 23:11:20.423, 4, NVIDIA GeForce RTX 5090, 3065, 34
2026/07/14 23:11:22.558, 0, NVIDIA GeForce RTX 5090, 3101, 41
2026/07/14 23:11:22.563, 1, NVIDIA GeForce RTX 5090, 3065, 34
2026/07/14 23:11:22.566, 2, NVIDIA GeForce RTX 5090, 3065, 40
2026/07/14 23:11:22.569, 3, NVIDIA GeForce RTX 5090, 3065, 40
2026/07/14 23:11:22.573, 4, NVIDIA GeForce RTX 5090, 3065, 40
2026/07/14 23:11:24.685, 0, NVIDIA GeForce RTX 5090, 3101, 33
2026/07/14 23:11:24.689, 1, NVIDIA GeForce RTX 5090, 3065, 32
2026/07/14 23:11:24.695, 2, NVIDIA GeForce RTX 5090, 3065, 40
2026/07/14 23:11:24.698, 3, NVIDIA GeForce RTX 5090, 3065, 39
2026/07/14 23:11:24.700, 4, NVIDIA GeForce RTX 5090, 3065, 33
2026/07/14 23:11:26.816, 0, NVIDIA GeForce RTX 5090, 3101, 41
2026/07/14 23:11:26.820, 1, NVIDIA GeForce RTX 5090, 3065, 40
2026/07/14 23:11:26.823, 2, NVIDIA GeForce RTX 5090, 3065, 31
2026/07/14 23:11:26.826, 3, NVIDIA GeForce RTX 5090, 3065, 40
2026/07/14 23:11:26.832, 4, NVIDIA GeForce RTX 5090, 3065, 36
2026/07/14 23:11:28.966, 0, NVIDIA GeForce RTX 5090, 3101, 40
2026/07/14 23:11:28.970, 1, NVIDIA GeForce RTX 5090, 3065, 40
2026/07/14 23:11:28.973, 2, NVIDIA GeForce RTX 5090, 3065, 36
2026/07/14 23:11:28.976, 3, NVIDIA GeForce RTX 5090, 3065, 34
2026/07/14 23:11:28.978, 4, NVIDIA GeForce RTX 5090, 3065, 41
2026/07/14 23:11:31.076, 0, NVIDIA GeForce RTX 5090, 3101, 35
2026/07/14 23:11:31.081, 1, NVIDIA GeForce RTX 5090, 3065, 35
2026/07/14 23:11:31.084, 2, NVIDIA GeForce RTX 5090, 3065, 34
2026/07/14 23:11:31.087, 3, NVIDIA GeForce RTX 5090, 3065, 42
2026/07/14 23:11:31.089, 4, NVIDIA GeForce RTX 5090, 3065, 45
2026/07/14 23:11:33.228, 0, NVIDIA GeForce RTX 5090, 3101, 42
2026/07/14 23:11:33.231, 1, NVIDIA GeForce RTX 5090, 3065, 34
2026/07/14 23:11:33.234, 2, NVIDIA GeForce RTX 5090, 3065, 35
2026/07/14 23:11:33.236, 3, NVIDIA GeForce RTX 5090, 3065, 38
2026/07/14 23:11:33.237, 4, NVIDIA GeForce RTX 5090, 3065, 33
2026/07/14 23:11:35.345, 0, NVIDIA GeForce RTX 5090, 3101, 41
2026/07/14 23:11:35.349, 1, NVIDIA GeForce RTX 5090, 3065, 36
2026/07/14 23:11:35.353, 2, NVIDIA GeForce RTX 5090, 3065, 0
2026/07/14 23:11:35.356, 3, NVIDIA GeForce RTX 5090, 3065, 0
2026/07/14 23:11:35.359, 4, NVIDIA GeForce RTX 5090, 3065, 36
2026/07/14 23:11:37.454, 0, NVIDIA GeForce RTX 5090, 3101, 41
2026/07/14 23:11:37.458, 1, NVIDIA GeForce RTX 5090, 3065, 40
2026/07/14 23:11:37.461, 2, NVIDIA GeForce RTX 5090, 3065, 37
2026/07/14 23:11:37.464, 3, NVIDIA GeForce RTX 5090, 3065, 34
2026/07/14 23:11:37.466, 4, NVIDIA GeForce RTX 5090, 3065, 38
2026/07/14 23:11:39.580, 0, NVIDIA GeForce RTX 5090, 3101, 15
2026/07/14 23:11:39.583, 1, NVIDIA GeForce RTX 5090, 3065, 42
2026/07/14 23:11:39.586, 2, NVIDIA GeForce RTX 5090, 3065, 34
2026/07/14 23:11:39.588, 3, NVIDIA GeForce RTX 5090, 3065, 39
2026/07/14 23:11:39.589, 4, NVIDIA GeForce RTX 5090, 3065, 41
2026/07/14 23:11:41.715, 0, NVIDIA GeForce RTX 5090, 3101, 42
2026/07/14 23:11:41.719, 1, NVIDIA GeForce RTX 5090, 3065, 30
2026/07/14 23:11:41.722, 2, NVIDIA GeForce RTX 5090, 3065, 40
2026/07/14 23:11:41.725, 3, NVIDIA GeForce RTX 5090, 3065, 40
2026/07/14 23:11:41.731, 4, NVIDIA GeForce RTX 5090, 3065, 30
2026/07/14 23:11:43.844, 0, NVIDIA GeForce RTX 5090, 3101, 39
2026/07/14 23:11:43.850, 1, NVIDIA GeForce RTX 5090, 3065, 40
2026/07/14 23:11:43.853, 2, NVIDIA GeForce RTX 5090, 3065, 39
2026/07/14 23:11:43.856, 3, NVIDIA GeForce RTX 5090, 3065, 9
2026/07/14 23:11:43.858, 4, NVIDIA GeForce RTX 5090, 3065, 36
2026/07/14 23:11:45.950, 0, NVIDIA GeForce RTX 5090, 3101, 36
2026/07/14 23:11:45.953, 1, NVIDIA GeForce RTX 5090, 3065, 41
2026/07/14 23:11:45.956, 2, NVIDIA GeForce RTX 5090, 3065, 19
2026/07/14 23:11:45.958, 3, NVIDIA GeForce RTX 5090, 3065, 0
2026/07/14 23:11:45.960, 4, NVIDIA GeForce RTX 5090, 3065, 39
2026/07/14 23:11:48.087, 0, NVIDIA GeForce RTX 5090, 3101, 14
2026/07/14 23:11:48.090, 1, NVIDIA GeForce RTX 5090, 3065, 22
2026/07/14 23:11:48.094, 2, NVIDIA GeForce RTX 5090, 3065, 37
2026/07/14 23:11:48.096, 3, NVIDIA GeForce RTX 5090, 3065, 37
2026/07/14 23:11:48.101, 4, NVIDIA GeForce RTX 5090, 3065, 30
2026/07/14 23:11:50.239, 0, NVIDIA GeForce RTX 5090, 3101, 40
2026/07/14 23:11:50.245, 1, NVIDIA GeForce RTX 5090, 3065, 37
2026/07/14 23:11:50.248, 2, NVIDIA GeForce RTX 5090, 3065, 37
2026/07/14 23:11:50.250, 3, NVIDIA GeForce RTX 5090, 3065, 34
2026/07/14 23:11:50.255, 4, NVIDIA GeForce RTX 5090, 3065, 41
2026/07/14 23:11:52.385, 0, NVIDIA GeForce RTX 5090, 3101, 34
2026/07/14 23:11:52.391, 1, NVIDIA GeForce RTX 5090, 3065, 41
2026/07/14 23:11:52.396, 2, NVIDIA GeForce RTX 5090, 3065, 34
2026/07/14 23:11:52.398, 3, NVIDIA GeForce RTX 5090, 3065, 37
2026/07/14 23:11:52.400, 4, NVIDIA GeForce RTX 5090, 3065, 37
2026/07/14 23:11:54.492, 0, NVIDIA GeForce RTX 5090, 3101, 3
2026/07/14 23:11:54.496, 1, NVIDIA GeForce RTX 5090, 3065, 21
2026/07/14 23:11:54.498, 2, NVIDIA GeForce RTX 5090, 3065, 40
2026/07/14 23:11:54.500, 3, NVIDIA GeForce RTX 5090, 3065, 41
2026/07/14 23:11:54.502, 4, NVIDIA GeForce RTX 5090, 3065, 11
2026/07/14 23:11:56.608, 0, NVIDIA GeForce RTX 5090, 3101, 41
2026/07/14 23:11:56.615, 1, NVIDIA GeForce RTX 5090, 3065, 34
2026/07/14 23:11:56.617, 2, NVIDIA GeForce RTX 5090, 3065, 37
2026/07/14 23:11:56.620, 3, NVIDIA GeForce RTX 5090, 3065, 35
2026/07/14 23:11:56.623, 4, NVIDIA GeForce RTX 5090, 3065, 41
2026/07/14 23:11:58.740, 0, NVIDIA GeForce RTX 5090, 3101, 34
2026/07/14 23:11:58.747, 1, NVIDIA GeForce RTX 5090, 3065, 37
2026/07/14 23:11:58.749, 2, NVIDIA GeForce RTX 5090, 3065, 37
2026/07/14 23:11:58.752, 3, NVIDIA GeForce RTX 5090, 3065, 38
2026/07/14 23:11:58.755, 4, NVIDIA GeForce RTX 5090, 3065, 35
2026/07/14 23:12:00.850, 0, NVIDIA GeForce RTX 5090, 3101, 40
2026/07/14 23:12:00.854, 1, NVIDIA GeForce RTX 5090, 3065, 34
2026/07/14 23:12:00.856, 2, NVIDIA GeForce RTX 5090, 3065, 0
2026/07/14 23:12:00.859, 3, NVIDIA GeForce RTX 5090, 3065, 34
2026/07/14 23:12:00.865, 4, NVIDIA GeForce RTX 5090, 3065, 36
2026/07/14 23:12:02.994, 0, NVIDIA GeForce RTX 5090, 3101, 13
2026/07/14 23:12:03.000, 1, NVIDIA GeForce RTX 5090, 3065, 1
2026/07/14 23:12:03.007, 2, NVIDIA GeForce RTX 5090, 3065, 35
2026/07/14 23:12:03.009, 3, NVIDIA GeForce RTX 5090, 3065, 37
2026/07/14 23:12:03.011, 4, NVIDIA GeForce RTX 5090, 3065, 0
2026/07/14 23:12:05.145, 0, NVIDIA GeForce RTX 5090, 3101, 37
2026/07/14 23:12:05.149, 1, NVIDIA GeForce RTX 5090, 3065, 35
2026/07/14 23:12:05.152, 2, NVIDIA GeForce RTX 5090, 3065, 39
2026/07/14 23:12:05.158, 3, NVIDIA GeForce RTX 5090, 3065, 37
2026/07/14 23:12:05.161, 4, NVIDIA GeForce RTX 5090, 3065, 39
2026/07/14 23:12:07.274, 0, NVIDIA GeForce RTX 5090, 3101, 35
2026/07/14 23:12:07.279, 1, NVIDIA GeForce RTX 5090, 3065, 40
2026/07/14 23:12:07.282, 2, NVIDIA GeForce RTX 5090, 3065, 36
2026/07/14 23:12:07.284, 3, NVIDIA GeForce RTX 5090, 3065, 33
2026/07/14 23:12:07.287, 4, NVIDIA GeForce RTX 5090, 3065, 40
2026/07/14 23:12:09.400, 0, NVIDIA GeForce RTX 5090, 3101, 34
2026/07/14 23:12:09.404, 1, NVIDIA GeForce RTX 5090, 3065, 40
2026/07/14 23:12:09.408, 2, NVIDIA GeForce RTX 5090, 3065, 40
2026/07/14 23:12:09.412, 3, NVIDIA GeForce RTX 5090, 3065, 41
2026/07/14 23:12:09.415, 4, NVIDIA GeForce RTX 5090, 3065, 37
2026/07/14 23:12:11.529, 0, NVIDIA GeForce RTX 5090, 3101, 35
2026/07/14 23:12:11.533, 1, NVIDIA GeForce RTX 5090, 3065, 36
2026/07/14 23:12:11.536, 2, NVIDIA GeForce RTX 5090, 3065, 39
2026/07/14 23:12:11.540, 3, NVIDIA GeForce RTX 5090, 3065, 37
2026/07/14 23:12:11.542, 4, NVIDIA GeForce RTX 5090, 3065, 33
2026/07/14 23:12:13.656, 0, NVIDIA GeForce RTX 5090, 3101, 13
2026/07/14 23:12:13.660, 1, NVIDIA GeForce RTX 5090, 3065, 2
2026/07/14 23:12:13.663, 2, NVIDIA GeForce RTX 5090, 3065, 40
2026/07/14 23:12:13.666, 3, NVIDIA GeForce RTX 5090, 3065, 35
2026/07/14 23:12:13.669, 4, NVIDIA GeForce RTX 5090, 3065, 1
2026/07/14 23:12:15.782, 0, NVIDIA GeForce RTX 5090, 3101, 39
2026/07/14 23:12:15.786, 1, NVIDIA GeForce RTX 5090, 3065, 34
2026/07/14 23:12:15.790, 2, NVIDIA GeForce RTX 5090, 3065, 21
2026/07/14 23:12:15.792, 3, NVIDIA GeForce RTX 5090, 3065, 0
2026/07/14 23:12:15.795, 4, NVIDIA GeForce RTX 5090, 3065, 36
2026/07/14 23:12:17.907, 0, NVIDIA GeForce RTX 5090, 3101, 35
2026/07/14 23:12:17.912, 1, NVIDIA GeForce RTX 5090, 3065, 37
2026/07/14 23:12:17.915, 2, NVIDIA GeForce RTX 5090, 3065, 39
2026/07/14 23:12:17.917, 3, NVIDIA GeForce RTX 5090, 3065, 34
2026/07/14 23:12:17.921, 4, NVIDIA GeForce RTX 5090, 3065, 34
2026/07/14 23:12:20.049, 0, NVIDIA GeForce RTX 5090, 3101, 41
2026/07/14 23:12:20.056, 1, NVIDIA GeForce RTX 5090, 3065, 34
2026/07/14 23:12:20.059, 2, NVIDIA GeForce RTX 5090, 3065, 0
2026/07/14 23:12:20.061, 3, NVIDIA GeForce RTX 5090, 3065, 2
2026/07/14 23:12:20.064, 4, NVIDIA GeForce RTX 5090, 3065, 36
2026/07/14 23:12:22.185, 0, NVIDIA GeForce RTX 5090, 3101, 3
2026/07/14 23:12:22.189, 1, NVIDIA GeForce RTX 5090, 3065, 0
2026/07/14 23:12:22.191, 2, NVIDIA GeForce RTX 5090, 3065, 39
2026/07/14 23:12:22.195, 3, NVIDIA GeForce RTX 5090, 3065, 35
2026/07/14 23:12:22.197, 4, NVIDIA GeForce RTX 5090, 3065, 0
2026/07/14 23:12:24.308, 0, NVIDIA GeForce RTX 5090, 3101, 40
2026/07/14 23:12:24.314, 1, NVIDIA GeForce RTX 5090, 3065, 40
2026/07/14 23:12:24.317, 2, NVIDIA GeForce RTX 5090, 3065, 34
2026/07/14 23:12:24.322, 3, NVIDIA GeForce RTX 5090, 3065, 33
2026/07/14 23:12:24.325, 4, NVIDIA GeForce RTX 5090, 3065, 40
2026/07/14 23:12:26.465, 0, NVIDIA GeForce RTX 5090, 3101, 42
2026/07/14 23:12:26.469, 1, NVIDIA GeForce RTX 5090, 3065, 40
2026/07/14 23:12:26.472, 2, NVIDIA GeForce RTX 5090, 3065, 41
2026/07/14 23:12:26.474, 3, NVIDIA GeForce RTX 5090, 3065, 38
2026/07/14 23:12:26.476, 4, NVIDIA GeForce RTX 5090, 3065, 36
2026/07/14 23:12:28.610, 0, NVIDIA GeForce RTX 5090, 3101, 37
2026/07/14 23:12:28.616, 1, NVIDIA GeForce RTX 5090, 3065, 39
2026/07/14 23:12:28.619, 2, NVIDIA GeForce RTX 5090, 3065, 33
2026/07/14 23:12:28.621, 3, NVIDIA GeForce RTX 5090, 3065, 38
2026/07/14 23:12:28.624, 4, NVIDIA GeForce RTX 5090, 3065, 33
2026/07/14 23:12:30.716, 0, NVIDIA GeForce RTX 5090, 3101, 40
2026/07/14 23:12:30.720, 1, NVIDIA GeForce RTX 5090, 3065, 33
2026/07/14 23:12:30.722, 2, NVIDIA GeForce RTX 5090, 3065, 34
2026/07/14 23:12:30.724, 3, NVIDIA GeForce RTX 5090, 3065, 34
2026/07/14 23:12:30.726, 4, NVIDIA GeForce RTX 5090, 3065, 34
2026/07/14 23:12:32.859, 0, NVIDIA GeForce RTX 5090, 3101, 5
2026/07/14 23:12:32.863, 1, NVIDIA GeForce RTX 5090, 3065, 0
2026/07/14 23:12:32.867, 2, NVIDIA GeForce RTX 5090, 3065, 35
2026/07/14 23:12:32.870, 3, NVIDIA GeForce RTX 5090, 3065, 34
2026/07/14 23:12:32.876, 4, NVIDIA GeForce RTX 5090, 3065, 0
2026/07/14 23:12:34.974, 0, NVIDIA GeForce RTX 5090, 3101, 40
2026/07/14 23:12:34.978, 1, NVIDIA GeForce RTX 5090, 3065, 33
2026/07/14 23:12:34.981, 2, NVIDIA GeForce RTX 5090, 3065, 40
2026/07/14 23:12:34.984, 3, NVIDIA GeForce RTX 5090, 3065, 40
2026/07/14 23:12:34.987, 4, NVIDIA GeForce RTX 5090, 3065, 33
2026/07/14 23:12:37.076, 0, NVIDIA GeForce RTX 5090, 3101, 36
2026/07/14 23:12:37.079, 1, NVIDIA GeForce RTX 5090, 3065, 39
2026/07/14 23:12:37.081, 2, NVIDIA GeForce RTX 5090, 3065, 39
2026/07/14 23:12:37.083, 3, NVIDIA GeForce RTX 5090, 3065, 32
2026/07/14 23:12:37.086, 4, NVIDIA GeForce RTX 5090, 3065, 37
2026/07/14 23:12:39.194, 0, NVIDIA GeForce RTX 5090, 3101, 32
2026/07/14 23:12:39.198, 1, NVIDIA GeForce RTX 5090, 3065, 41
2026/07/14 23:12:39.201, 2, NVIDIA GeForce RTX 5090, 3065, 39
2026/07/14 23:12:39.204, 3, NVIDIA GeForce RTX 5090, 3065, 39
2026/07/14 23:12:39.206, 4, NVIDIA GeForce RTX 5090, 3065, 41
2026/07/14 23:12:41.342, 0, NVIDIA GeForce RTX 5090, 3101, 39
2026/07/14 23:12:41.346, 1, NVIDIA GeForce RTX 5090, 3065, 37
2026/07/14 23:12:41.349, 2, NVIDIA GeForce RTX 5090, 3065, 36
2026/07/14 23:12:41.352, 3, NVIDIA GeForce RTX 5090, 3065, 40
2026/07/14 23:12:41.354, 4, NVIDIA GeForce RTX 5090, 3065, 40
2026/07/14 23:12:43.488, 0, NVIDIA GeForce RTX 5090, 3101, 34
2026/07/14 23:12:43.492, 1, NVIDIA GeForce RTX 5090, 3065, 22
2026/07/14 23:12:43.495, 2, NVIDIA GeForce RTX 5090, 3065, 40
2026/07/14 23:12:43.498, 3, NVIDIA GeForce RTX 5090, 3065, 37
2026/07/14 23:12:43.501, 4, NVIDIA GeForce RTX 5090, 3065, 21
2026/07/14 23:12:45.617, 0, NVIDIA GeForce RTX 5090, 3101, 42
2026/07/14 23:12:45.622, 1, NVIDIA GeForce RTX 5090, 3065, 36
2026/07/14 23:12:45.625, 2, NVIDIA GeForce RTX 5090, 3065, 3
2026/07/14 23:12:45.628, 3, NVIDIA GeForce RTX 5090, 3065, 0
2026/07/14 23:12:45.634, 4, NVIDIA GeForce RTX 5090, 3065, 40
2026/07/14 23:12:47.771, 0, NVIDIA GeForce RTX 5090, 3101, 36
2026/07/14 23:12:47.775, 1, NVIDIA GeForce RTX 5090, 3065, 41
2026/07/14 23:12:47.778, 2, NVIDIA GeForce RTX 5090, 3065, 34
2026/07/14 23:12:47.781, 3, NVIDIA GeForce RTX 5090, 3065, 35
2026/07/14 23:12:47.784, 4, NVIDIA GeForce RTX 5090, 3065, 37
2026/07/14 23:12:49.890, 0, NVIDIA GeForce RTX 5090, 3101, 11
2026/07/14 23:12:49.893, 1, NVIDIA GeForce RTX 5090, 3065, 20
2026/07/14 23:12:49.895, 2, NVIDIA GeForce RTX 5090, 3065, 39
2026/07/14 23:12:49.898, 3, NVIDIA GeForce RTX 5090, 3065, 40
2026/07/14 23:12:49.901, 4, NVIDIA GeForce RTX 5090, 3065, 30
2026/07/14 23:12:52.014, 0, NVIDIA GeForce RTX 5090, 3101, 40
2026/07/14 23:12:52.019, 1, NVIDIA GeForce RTX 5090, 3065, 39
2026/07/14 23:12:52.022, 2, NVIDIA GeForce RTX 5090, 3065, 40
2026/07/14 23:12:52.025, 3, NVIDIA GeForce RTX 5090, 3065, 40
2026/07/14 23:12:52.027, 4, NVIDIA GeForce RTX 5090, 3065, 38
2026/07/14 23:12:54.114, 0, NVIDIA GeForce RTX 5090, 3101, 35
2026/07/14 23:12:54.116, 1, NVIDIA GeForce RTX 5090, 3065, 40
2026/07/14 23:12:54.118, 2, NVIDIA GeForce RTX 5090, 3065, 39
2026/07/14 23:12:54.120, 3, NVIDIA GeForce RTX 5090, 3065, 19
2026/07/14 23:12:54.121, 4, NVIDIA GeForce RTX 5090, 3065, 37
2026/07/14 23:12:56.241, 0, NVIDIA GeForce RTX 5090, 3101, 39
2026/07/14 23:12:56.246, 1, NVIDIA GeForce RTX 5090, 3065, 37
2026/07/14 23:12:56.248, 2, NVIDIA GeForce RTX 5090, 3065, 0
2026/07/14 23:12:56.250, 3, NVIDIA GeForce RTX 5090, 3065, 0
2026/07/14 23:12:56.253, 4, NVIDIA GeForce RTX 5090, 3065, 34
2026/07/14 23:12:58.385, 0, NVIDIA GeForce RTX 5090, 3101, 2
2026/07/14 23:12:58.390, 1, NVIDIA GeForce RTX 5090, 3065, 34
2026/07/14 23:12:58.393, 2, NVIDIA GeForce RTX 5090, 3065, 38
2026/07/14 23:12:58.396, 3, NVIDIA GeForce RTX 5090, 3065, 40
2026/07/14 23:12:58.398, 4, NVIDIA GeForce RTX 5090, 3065, 31
2026/07/14 23:13:00.488, 0, NVIDIA GeForce RTX 5090, 3101, 46
2026/07/14 23:13:00.492, 1, NVIDIA GeForce RTX 5090, 3065, 0
2026/07/14 23:13:00.494, 2, NVIDIA GeForce RTX 5090, 3065, 34
2026/07/14 23:13:00.496, 3, NVIDIA GeForce RTX 5090, 3065, 37
2026/07/14 23:13:00.498, 4, NVIDIA GeForce RTX 5090, 3065, 42
2026/07/14 23:13:02.625, 0, NVIDIA GeForce RTX 5090, 3101, 41
2026/07/14 23:13:02.629, 1, NVIDIA GeForce RTX 5090, 3065, 37
2026/07/14 23:13:02.632, 2, NVIDIA GeForce RTX 5090, 3065, 37
2026/07/14 23:13:02.635, 3, NVIDIA GeForce RTX 5090, 3065, 42
2026/07/14 23:13:02.637, 4, NVIDIA GeForce RTX 5090, 3065, 45
2026/07/14 23:13:04.760, 0, NVIDIA GeForce RTX 5090, 3101, 38
2026/07/14 23:13:04.763, 1, NVIDIA GeForce RTX 5090, 3065, 34
2026/07/14 23:13:04.766, 2, NVIDIA GeForce RTX 5090, 3065, 40
2026/07/14 23:13:04.767, 3, NVIDIA GeForce RTX 5090, 3065, 41
2026/07/14 23:13:04.770, 4, NVIDIA GeForce RTX 5090, 3065, 39
2026/07/14 23:13:06.906, 0, NVIDIA GeForce RTX 5090, 3101, 42
2026/07/14 23:13:06.910, 1, NVIDIA GeForce RTX 5090, 3065, 34
2026/07/14 23:13:06.913, 2, NVIDIA GeForce RTX 5090, 3065, 40
2026/07/14 23:13:06.916, 3, NVIDIA GeForce RTX 5090, 3065, 38
2026/07/14 23:13:06.919, 4, NVIDIA GeForce RTX 5090, 3065, 34
2026/07/14 23:13:09.065, 0, NVIDIA GeForce RTX 5090, 3101, 41
2026/07/14 23:13:09.069, 1, NVIDIA GeForce RTX 5090, 3065, 39
2026/07/14 23:13:09.072, 2, NVIDIA GeForce RTX 5090, 3065, 35
2026/07/14 23:13:09.074, 3, NVIDIA GeForce RTX 5090, 3065, 40
2026/07/14 23:13:09.077, 4, NVIDIA GeForce RTX 5090, 3065, 39
2026/07/14 23:13:11.191, 0, NVIDIA GeForce RTX 5090, 3101, 38
2026/07/14 23:13:11.195, 1, NVIDIA GeForce RTX 5090, 3065, 41
2026/07/14 23:13:11.197, 2, NVIDIA GeForce RTX 5090, 3065, 40
2026/07/14 23:13:11.200, 3, NVIDIA GeForce RTX 5090, 3065, 33
2026/07/14 23:13:11.202, 4, NVIDIA GeForce RTX 5090, 3065, 46
2026/07/14 23:13:13.313, 0, NVIDIA GeForce RTX 5090, 3101, 48
2026/07/14 23:13:13.317, 1, NVIDIA GeForce RTX 5090, 3065, 36
2026/07/14 23:13:13.321, 2, NVIDIA GeForce RTX 5090, 3065, 42
2026/07/14 23:13:13.324, 3, NVIDIA GeForce RTX 5090, 3065, 39
2026/07/14 23:13:13.327, 4, NVIDIA GeForce RTX 5090, 3065, 33
2026/07/14 23:13:15.437, 0, NVIDIA GeForce RTX 5090, 3101, 45
2026/07/14 23:13:15.442, 1, NVIDIA GeForce RTX 5090, 3065, 40
2026/07/14 23:13:15.445, 2, NVIDIA GeForce RTX 5090, 3065, 42
2026/07/14 23:13:15.448, 3, NVIDIA GeForce RTX 5090, 3065, 38
2026/07/14 23:13:15.450, 4, NVIDIA GeForce RTX 5090, 3065, 41
2026/07/14 23:13:17.559, 0, NVIDIA GeForce RTX 5090, 3101, 41
2026/07/14 23:13:17.563, 1, NVIDIA GeForce RTX 5090, 3065, 37
2026/07/14 23:13:17.566, 2, NVIDIA GeForce RTX 5090, 3065, 35
2026/07/14 23:13:17.569, 3, NVIDIA GeForce RTX 5090, 3065, 38
2026/07/14 23:13:17.573, 4, NVIDIA GeForce RTX 5090, 3065, 40
2026/07/14 23:13:19.692, 0, NVIDIA GeForce RTX 5090, 3101, 2
2026/07/14 23:13:19.698, 1, NVIDIA GeForce RTX 5090, 3065, 32
2026/07/14 23:13:19.701, 2, NVIDIA GeForce RTX 5090, 3065, 40
2026/07/14 23:13:19.703, 3, NVIDIA GeForce RTX 5090, 3065, 39
2026/07/14 23:13:19.706, 4, NVIDIA GeForce RTX 5090, 3065, 33
2026/07/14 23:13:21.823, 0, NVIDIA GeForce RTX 5090, 3101, 39
2026/07/14 23:13:21.828, 1, NVIDIA GeForce RTX 5090, 3065, 34
2026/07/14 23:13:21.831, 2, NVIDIA GeForce RTX 5090, 3065, 40
2026/07/14 23:13:21.834, 3, NVIDIA GeForce RTX 5090, 3065, 48
2026/07/14 23:13:21.837, 4, NVIDIA GeForce RTX 5090, 3065, 41
2026/07/14 23:13:23.934, 0, NVIDIA GeForce RTX 5090, 3101, 41
2026/07/14 23:13:23.940, 1, NVIDIA GeForce RTX 5090, 3065, 36
2026/07/14 23:13:23.945, 2, NVIDIA GeForce RTX 5090, 3065, 41
2026/07/14 23:13:23.947, 3, NVIDIA GeForce RTX 5090, 3065, 34
2026/07/14 23:13:23.950, 4, NVIDIA GeForce RTX 5090, 3065, 37
2026/07/14 23:13:26.081, 0, NVIDIA GeForce RTX 5090, 3101, 65
2026/07/14 23:13:26.085, 1, NVIDIA GeForce RTX 5090, 3065, 48
2026/07/14 23:13:26.088, 2, NVIDIA GeForce RTX 5090, 3065, 49
2026/07/14 23:13:26.092, 3, NVIDIA GeForce RTX 5090, 3065, 41
2026/07/14 23:13:26.096, 4, NVIDIA GeForce RTX 5090, 3065, 44
2026/07/14 23:13:28.226, 0, NVIDIA GeForce RTX 5090, 3101, 38
2026/07/14 23:13:28.230, 1, NVIDIA GeForce RTX 5090, 3065, 34
2026/07/14 23:13:28.233, 2, NVIDIA GeForce RTX 5090, 3065, 37
2026/07/14 23:13:28.237, 3, NVIDIA GeForce RTX 5090, 3065, 33
2026/07/14 23:13:28.240, 4, NVIDIA GeForce RTX 5090, 3065, 40
2026/07/14 23:13:30.331, 0, NVIDIA GeForce RTX 5090, 3101, 36
2026/07/14 23:13:30.337, 1, NVIDIA GeForce RTX 5090, 3065, 34
2026/07/14 23:13:30.341, 2, NVIDIA GeForce RTX 5090, 3065, 39
2026/07/14 23:13:30.344, 3, NVIDIA GeForce RTX 5090, 3065, 41
2026/07/14 23:13:30.347, 4, NVIDIA GeForce RTX 5090, 3065, 36
2026/07/14 23:13:32.478, 0, NVIDIA GeForce RTX 5090, 3101, 40
2026/07/14 23:13:32.482, 1, NVIDIA GeForce RTX 5090, 3065, 39
2026/07/14 23:13:32.485, 2, NVIDIA GeForce RTX 5090, 3065, 39
2026/07/14 23:13:32.489, 3, NVIDIA GeForce RTX 5090, 3065, 34
2026/07/14 23:13:32.491, 4, NVIDIA GeForce RTX 5090, 3065, 39
2026/07/14 23:13:34.627, 0, NVIDIA GeForce RTX 5090, 3101, 32
2026/07/14 23:13:34.631, 1, NVIDIA GeForce RTX 5090, 3065, 32
2026/07/14 23:13:34.634, 2, NVIDIA GeForce RTX 5090, 3065, 41
2026/07/14 23:13:34.637, 3, NVIDIA GeForce RTX 5090, 3065, 35
2026/07/14 23:13:34.641, 4, NVIDIA GeForce RTX 5090, 3065, 31
2026/07/14 23:13:36.789, 0, NVIDIA GeForce RTX 5090, 3101, 36
2026/07/14 23:13:36.793, 1, NVIDIA GeForce RTX 5090, 3065, 36
2026/07/14 23:13:36.796, 2, NVIDIA GeForce RTX 5090, 3065, 38
2026/07/14 23:13:36.799, 3, NVIDIA GeForce RTX 5090, 3065, 33
2026/07/14 23:13:36.801, 4, NVIDIA GeForce RTX 5090, 3065, 35
2026/07/14 23:13:38.936, 0, NVIDIA GeForce RTX 5090, 3101, 38
2026/07/14 23:13:38.940, 1, NVIDIA GeForce RTX 5090, 3065, 40
2026/07/14 23:13:38.942, 2, NVIDIA GeForce RTX 5090, 3065, 0
2026/07/14 23:13:38.945, 3, NVIDIA GeForce RTX 5090, 3065, 23
2026/07/14 23:13:38.948, 4, NVIDIA GeForce RTX 5090, 3065, 32
2026/07/14 23:13:41.058, 0, NVIDIA GeForce RTX 5090, 3101, 39
2026/07/14 23:13:41.062, 1, NVIDIA GeForce RTX 5090, 3065, 23
2026/07/14 23:13:41.066, 2, NVIDIA GeForce RTX 5090, 3065, 42
2026/07/14 23:13:41.068, 3, NVIDIA GeForce RTX 5090, 3065, 41
2026/07/14 23:13:41.071, 4, NVIDIA GeForce RTX 5090, 3065, 24
2026/07/14 23:13:43.194, 0, NVIDIA GeForce RTX 5090, 3101, 41
2026/07/14 23:13:43.198, 1, NVIDIA GeForce RTX 5090, 3065, 40
2026/07/14 23:13:43.203, 2, NVIDIA GeForce RTX 5090, 3065, 36
2026/07/14 23:13:43.206, 3, NVIDIA GeForce RTX 5090, 3065, 34
2026/07/14 23:13:43.208, 4, NVIDIA GeForce RTX 5090, 3065, 40
2026/07/14 23:13:45.302, 0, NVIDIA GeForce RTX 5090, 3101, 34
2026/07/14 23:13:45.305, 1, NVIDIA GeForce RTX 5090, 3065, 33
2026/07/14 23:13:45.308, 2, NVIDIA GeForce RTX 5090, 3065, 40
2026/07/14 23:13:45.311, 3, NVIDIA GeForce RTX 5090, 3065, 35
2026/07/14 23:13:45.313, 4, NVIDIA GeForce RTX 5090, 3065, 37
2026/07/14 23:13:47.431, 0, NVIDIA GeForce RTX 5090, 3101, 37
2026/07/14 23:13:47.434, 1, NVIDIA GeForce RTX 5090, 3065, 37
2026/07/14 23:13:47.437, 2, NVIDIA GeForce RTX 5090, 3065, 0
2026/07/14 23:13:47.440, 3, NVIDIA GeForce RTX 5090, 3065, 0
2026/07/14 23:13:47.445, 4, NVIDIA GeForce RTX 5090, 3065, 32
2026/07/14 23:13:49.563, 0, NVIDIA GeForce RTX 5090, 3101, 36
2026/07/14 23:13:49.569, 1, NVIDIA GeForce RTX 5090, 3065, 34
2026/07/14 23:13:49.574, 2, NVIDIA GeForce RTX 5090, 3065, 40
2026/07/14 23:13:49.579, 3, NVIDIA GeForce RTX 5090, 3065, 33
2026/07/14 23:13:49.582, 4, NVIDIA GeForce RTX 5090, 3065, 35
2026/07/14 23:13:51.718, 0, NVIDIA GeForce RTX 5090, 3101, 40
2026/07/14 23:13:51.724, 1, NVIDIA GeForce RTX 5090, 3065, 35
2026/07/14 23:13:51.727, 2, NVIDIA GeForce RTX 5090, 3065, 34
2026/07/14 23:13:51.734, 3, NVIDIA GeForce RTX 5090, 3065, 40
2026/07/14 23:13:51.736, 4, NVIDIA GeForce RTX 5090, 3065, 40
2026/07/14 23:13:53.864, 0, NVIDIA GeForce RTX 5090, 3101, 35
2026/07/14 23:13:53.868, 1, NVIDIA GeForce RTX 5090, 3065, 41
2026/07/14 23:13:53.871, 2, NVIDIA GeForce RTX 5090, 3065, 35
2026/07/14 23:13:53.874, 3, NVIDIA GeForce RTX 5090, 3065, 32
2026/07/14 23:13:53.877, 4, NVIDIA GeForce RTX 5090, 3065, 37
2026/07/14 23:13:55.975, 0, NVIDIA GeForce RTX 5090, 3101, 42
2026/07/14 23:13:55.979, 1, NVIDIA GeForce RTX 5090, 3065, 39
2026/07/14 23:13:55.982, 2, NVIDIA GeForce RTX 5090, 3065, 37
2026/07/14 23:13:55.985, 3, NVIDIA GeForce RTX 5090, 3065, 37
2026/07/14 23:13:55.987, 4, NVIDIA GeForce RTX 5090, 3065, 36
2026/07/14 23:13:58.101, 0, NVIDIA GeForce RTX 5090, 3101, 46
2026/07/14 23:13:58.106, 1, NVIDIA GeForce RTX 5090, 3065, 40
2026/07/14 23:13:58.109, 2, NVIDIA GeForce RTX 5090, 3065, 44
2026/07/14 23:13:58.112, 3, NVIDIA GeForce RTX 5090, 3065, 34
2026/07/14 23:13:58.114, 4, NVIDIA GeForce RTX 5090, 3065, 42
2026/07/14 23:14:00.210, 0, NVIDIA GeForce RTX 5090, 3101, 40
2026/07/14 23:14:00.213, 1, NVIDIA GeForce RTX 5090, 3065, 34
2026/07/14 23:14:00.215, 2, NVIDIA GeForce RTX 5090, 3065, 37
2026/07/14 23:14:00.218, 3, NVIDIA GeForce RTX 5090, 3065, 34
2026/07/14 23:14:00.220, 4, NVIDIA GeForce RTX 5090, 3065, 35
2026/07/14 23:14:02.344, 0, NVIDIA GeForce RTX 5090, 3235, 37
2026/07/14 23:14:02.348, 1, NVIDIA GeForce RTX 5090, 3065, 39
2026/07/14 23:14:02.350, 2, NVIDIA GeForce RTX 5090, 3065, 0
2026/07/14 23:14:02.353, 3, NVIDIA GeForce RTX 5090, 3065, 0
2026/07/14 23:14:02.354, 4, NVIDIA GeForce RTX 5090, 3065, 34
2026/07/14 23:14:04.435, 0, NVIDIA GeForce RTX 5090, 3235, 11
2026/07/14 23:14:04.438, 1, NVIDIA GeForce RTX 5090, 3065, 0
2026/07/14 23:14:04.440, 2, NVIDIA GeForce RTX 5090, 3065, 0
2026/07/14 23:14:04.442, 3, NVIDIA GeForce RTX 5090, 3065, 0
2026/07/14 23:14:04.444, 4, NVIDIA GeForce RTX 5090, 3065, 0
2026/07/14 23:14:06.550, 0, NVIDIA GeForce RTX 5090, 3243, 43
2026/07/14 23:14:06.554, 1, NVIDIA GeForce RTX 5090, 3065, 39
2026/07/14 23:14:06.556, 2, NVIDIA GeForce RTX 5090, 3065, 35
2026/07/14 23:14:06.558, 3, NVIDIA GeForce RTX 5090, 3065, 37
2026/07/14 23:14:06.560, 4, NVIDIA GeForce RTX 5090, 3065, 38
2026/07/14 23:14:08.667, 0, NVIDIA GeForce RTX 5090, 3243, 41
2026/07/14 23:14:08.672, 1, NVIDIA GeForce RTX 5090, 3065, 39
2026/07/14 23:14:08.675, 2, NVIDIA GeForce RTX 5090, 3065, 37
2026/07/14 23:14:08.679, 3, NVIDIA GeForce RTX 5090, 3065, 35
2026/07/14 23:14:08.681, 4, NVIDIA GeForce RTX 5090, 3065, 41
2026/07/14 23:14:10.814, 0, NVIDIA GeForce RTX 5090, 3243, 37
2026/07/14 23:14:10.821, 1, NVIDIA GeForce RTX 5090, 3065, 34
2026/07/14 23:14:10.824, 2, NVIDIA GeForce RTX 5090, 3065, 16
2026/07/14 23:14:10.828, 3, NVIDIA GeForce RTX 5090, 3065, 41
2026/07/14 23:14:10.831, 4, NVIDIA GeForce RTX 5090, 3065, 34
2026/07/14 23:14:12.939, 0, NVIDIA GeForce RTX 5090, 3243, 35
2026/07/14 23:14:12.942, 1, NVIDIA GeForce RTX 5090, 3065, 40
2026/07/14 23:14:12.945, 2, NVIDIA GeForce RTX 5090, 3065, 3
2026/07/14 23:14:12.947, 3, NVIDIA GeForce RTX 5090, 3065, 0
2026/07/14 23:14:12.950, 4, NVIDIA GeForce RTX 5090, 3065, 33
2026/07/14 23:14:15.083, 0, NVIDIA GeForce RTX 5090, 3243, 4
2026/07/14 23:14:15.087, 1, NVIDIA GeForce RTX 5090, 3065, 11
2026/07/14 23:14:15.090, 2, NVIDIA GeForce RTX 5090, 3065, 40
2026/07/14 23:14:15.093, 3, NVIDIA GeForce RTX 5090, 3065, 35
2026/07/14 23:14:15.095, 4, NVIDIA GeForce RTX 5090, 3065, 9
2026/07/14 23:14:17.186, 0, NVIDIA GeForce RTX 5090, 3243, 34
2026/07/14 23:14:17.190, 1, NVIDIA GeForce RTX 5090, 3065, 35
2026/07/14 23:14:17.193, 2, NVIDIA GeForce RTX 5090, 3065, 34
2026/07/14 23:14:17.195, 3, NVIDIA GeForce RTX 5090, 3065, 34
2026/07/14 23:14:17.200, 4, NVIDIA GeForce RTX 5090, 3065, 50
2026/07/14 23:14:19.311, 0, NVIDIA GeForce RTX 5090, 3243, 34
2026/07/14 23:14:19.317, 1, NVIDIA GeForce RTX 5090, 3065, 34
2026/07/14 23:14:19.320, 2, NVIDIA GeForce RTX 5090, 3065, 40
2026/07/14 23:14:19.323, 3, NVIDIA GeForce RTX 5090, 3065, 40
2026/07/14 23:14:19.325, 4, NVIDIA GeForce RTX 5090, 3065, 32
2026/07/14 23:14:21.437, 0, NVIDIA GeForce RTX 5090, 3243, 41
2026/07/14 23:14:21.441, 1, NVIDIA GeForce RTX 5090, 3065, 37
2026/07/14 23:14:21.444, 2, NVIDIA GeForce RTX 5090, 3065, 0
2026/07/14 23:14:21.447, 3, NVIDIA GeForce RTX 5090, 3065, 13
2026/07/14 23:14:21.450, 4, NVIDIA GeForce RTX 5090, 3065, 33
2026/07/14 23:14:23.544, 0, NVIDIA GeForce RTX 5090, 3243, 38
2026/07/14 23:14:23.550, 1, NVIDIA GeForce RTX 5090, 3065, 35
2026/07/14 23:14:23.553, 2, NVIDIA GeForce RTX 5090, 3065, 34
2026/07/14 23:14:23.556, 3, NVIDIA GeForce RTX 5090, 3065, 38
2026/07/14 23:14:23.558, 4, NVIDIA GeForce RTX 5090, 3065, 40
2026/07/14 23:14:25.692, 0, NVIDIA GeForce RTX 5090, 3243, 5
2026/07/14 23:14:25.698, 1, NVIDIA GeForce RTX 5090, 3065, 0
2026/07/14 23:14:25.703, 2, NVIDIA GeForce RTX 5090, 3065, 42
2026/07/14 23:14:25.708, 3, NVIDIA GeForce RTX 5090, 3065, 42
2026/07/14 23:14:25.710, 4, NVIDIA GeForce RTX 5090, 3065, 12
2026/07/14 23:14:27.843, 0, NVIDIA GeForce RTX 5090, 3243, 49
2026/07/14 23:14:27.847, 1, NVIDIA GeForce RTX 5090, 3065, 34
2026/07/14 23:14:27.850, 2, NVIDIA GeForce RTX 5090, 3065, 0
2026/07/14 23:14:27.853, 3, NVIDIA GeForce RTX 5090, 3065, 24
2026/07/14 23:14:27.856, 4, NVIDIA GeForce RTX 5090, 3065, 34
2026/07/14 23:14:29.994, 0, NVIDIA GeForce RTX 5090, 3243, 35
2026/07/14 23:14:29.998, 1, NVIDIA GeForce RTX 5090, 3065, 40
2026/07/14 23:14:30.001, 2, NVIDIA GeForce RTX 5090, 3065, 39
2026/07/14 23:14:30.004, 3, NVIDIA GeForce RTX 5090, 3065, 37
2026/07/14 23:14:30.008, 4, NVIDIA GeForce RTX 5090, 3065, 43
2026/07/14 23:14:32.141, 0, NVIDIA GeForce RTX 5090, 3243, 48
2026/07/14 23:14:32.145, 1, NVIDIA GeForce RTX 5090, 3065, 40
2026/07/14 23:14:32.147, 2, NVIDIA GeForce RTX 5090, 3065, 0
2026/07/14 23:14:32.151, 3, NVIDIA GeForce RTX 5090, 3065, 10
2026/07/14 23:14:32.156, 4, NVIDIA GeForce RTX 5090, 3065, 33
2026/07/14 23:14:34.273, 0, NVIDIA GeForce RTX 5090, 3243, 39
2026/07/14 23:14:34.277, 1, NVIDIA GeForce RTX 5090, 3065, 38
2026/07/14 23:14:34.280, 2, NVIDIA GeForce RTX 5090, 3065, 49
2026/07/14 23:14:34.285, 3, NVIDIA GeForce RTX 5090, 3065, 35
2026/07/14 23:14:34.290, 4, NVIDIA GeForce RTX 5090, 3065, 41
2026/07/14 23:14:36.402, 0, NVIDIA GeForce RTX 5090, 3243, 37
2026/07/14 23:14:36.406, 1, NVIDIA GeForce RTX 5090, 3065, 34
2026/07/14 23:14:36.409, 2, NVIDIA GeForce RTX 5090, 3065, 46
2026/07/14 23:14:36.412, 3, NVIDIA GeForce RTX 5090, 3065, 34
2026/07/14 23:14:36.416, 4, NVIDIA GeForce RTX 5090, 3065, 40
2026/07/14 23:14:38.533, 0, NVIDIA GeForce RTX 5090, 3243, 44
2026/07/14 23:14:38.537, 1, NVIDIA GeForce RTX 5090, 3065, 51
2026/07/14 23:14:38.542, 2, NVIDIA GeForce RTX 5090, 3065, 46
2026/07/14 23:14:38.544, 3, NVIDIA GeForce RTX 5090, 3065, 45
2026/07/14 23:14:38.550, 4, NVIDIA GeForce RTX 5090, 3065, 47
2026/07/14 23:14:40.678, 0, NVIDIA GeForce RTX 5090, 3243, 31
2026/07/14 23:14:40.685, 1, NVIDIA GeForce RTX 5090, 3065, 16
2026/07/14 23:14:40.689, 2, NVIDIA GeForce RTX 5090, 3065, 39
2026/07/14 23:14:40.692, 3, NVIDIA GeForce RTX 5090, 3065, 37
2026/07/14 23:14:40.696, 4, NVIDIA GeForce RTX 5090, 3065, 18
2026/07/14 23:14:42.829, 0, NVIDIA GeForce RTX 5090, 3243, 42
2026/07/14 23:14:42.833, 1, NVIDIA GeForce RTX 5090, 3065, 41
2026/07/14 23:14:42.836, 2, NVIDIA GeForce RTX 5090, 3065, 0
2026/07/14 23:14:42.839, 3, NVIDIA GeForce RTX 5090, 3065, 11
2026/07/14 23:14:42.844, 4, NVIDIA GeForce RTX 5090, 3065, 39
2026/07/14 23:14:44.979, 0, NVIDIA GeForce RTX 5090, 3243, 36
2026/07/14 23:14:44.984, 1, NVIDIA GeForce RTX 5090, 3065, 40
2026/07/14 23:14:44.986, 2, NVIDIA GeForce RTX 5090, 3065, 12
2026/07/14 23:14:44.990, 3, NVIDIA GeForce RTX 5090, 3065, 41
2026/07/14 23:14:44.993, 4, NVIDIA GeForce RTX 5090, 3065, 34
2026/07/14 23:14:47.123, 0, NVIDIA GeForce RTX 5090, 3243, 42
2026/07/14 23:14:47.127, 1, NVIDIA GeForce RTX 5090, 3065, 39
2026/07/14 23:14:47.132, 2, NVIDIA GeForce RTX 5090, 3065, 40
2026/07/14 23:14:47.135, 3, NVIDIA GeForce RTX 5090, 3065, 38
2026/07/14 23:14:47.138, 4, NVIDIA GeForce RTX 5090, 3065, 42
2026/07/14 23:14:49.252, 0, NVIDIA GeForce RTX 5090, 3243, 35
2026/07/14 23:14:49.257, 1, NVIDIA GeForce RTX 5090, 3065, 34
2026/07/14 23:14:49.261, 2, NVIDIA GeForce RTX 5090, 3065, 41
2026/07/14 23:14:49.266, 3, NVIDIA GeForce RTX 5090, 3065, 38
2026/07/14 23:14:49.268, 4, NVIDIA GeForce RTX 5090, 3065, 35
2026/07/14 23:14:51.381, 0, NVIDIA GeForce RTX 5090, 3243, 37
2026/07/14 23:14:51.385, 1, NVIDIA GeForce RTX 5090, 3065, 40
2026/07/14 23:14:51.389, 2, NVIDIA GeForce RTX 5090, 3065, 34
2026/07/14 23:14:51.393, 3, NVIDIA GeForce RTX 5090, 3065, 36
2026/07/14 23:14:51.395, 4, NVIDIA GeForce RTX 5090, 3065, 40
2026/07/14 23:14:53.534, 0, NVIDIA GeForce RTX 5090, 3243, 4
2026/07/14 23:14:53.539, 1, NVIDIA GeForce RTX 5090, 3065, 0
2026/07/14 23:14:53.544, 2, NVIDIA GeForce RTX 5090, 3065, 38
2026/07/14 23:14:53.547, 3, NVIDIA GeForce RTX 5090, 3065, 35
2026/07/14 23:14:53.549, 4, NVIDIA GeForce RTX 5090, 3065, 0
2026/07/14 23:14:55.672, 0, NVIDIA GeForce RTX 5090, 3243, 34
2026/07/14 23:14:55.679, 1, NVIDIA GeForce RTX 5090, 3065, 36
2026/07/14 23:14:55.681, 2, NVIDIA GeForce RTX 5090, 3065, 20
2026/07/14 23:14:55.685, 3, NVIDIA GeForce RTX 5090, 3065, 0
2026/07/14 23:14:55.687, 4, NVIDIA GeForce RTX 5090, 3065, 48
2026/07/14 23:14:57.817, 0, NVIDIA GeForce RTX 5090, 3243, 35
2026/07/14 23:14:57.822, 1, NVIDIA GeForce RTX 5090, 3065, 35
2026/07/14 23:14:57.825, 2, NVIDIA GeForce RTX 5090, 3065, 39
2026/07/14 23:14:57.827, 3, NVIDIA GeForce RTX 5090, 3065, 36
2026/07/14 23:14:57.829, 4, NVIDIA GeForce RTX 5090, 3065, 38
2026/07/14 23:14:59.968, 0, NVIDIA GeForce RTX 5090, 3243, 36
2026/07/14 23:14:59.973, 1, NVIDIA GeForce RTX 5090, 3065, 46
2026/07/14 23:14:59.978, 2, NVIDIA GeForce RTX 5090, 3065, 34
2026/07/14 23:14:59.981, 3, NVIDIA GeForce RTX 5090, 3065, 39
2026/07/14 23:14:59.985, 4, NVIDIA GeForce RTX 5090, 3065, 45
2026/07/14 23:15:02.127, 0, NVIDIA GeForce RTX 5090, 3243, 39
2026/07/14 23:15:02.131, 1, NVIDIA GeForce RTX 5090, 3065, 38
2026/07/14 23:15:02.136, 2, NVIDIA GeForce RTX 5090, 3065, 34
2026/07/14 23:15:02.139, 3, NVIDIA GeForce RTX 5090, 3065, 40
2026/07/14 23:15:02.141, 4, NVIDIA GeForce RTX 5090, 3065, 39
2026/07/14 23:15:04.277, 0, NVIDIA GeForce RTX 5090, 3243, 35
2026/07/14 23:15:04.280, 1, NVIDIA GeForce RTX 5090, 3065, 41
2026/07/14 23:15:04.284, 2, NVIDIA GeForce RTX 5090, 3065, 36
2026/07/14 23:15:04.287, 3, NVIDIA GeForce RTX 5090, 3065, 40
2026/07/14 23:15:04.289, 4, NVIDIA GeForce RTX 5090, 3065, 33
2026/07/14 23:15:06.422, 0, NVIDIA GeForce RTX 5090, 3243, 41
2026/07/14 23:15:06.426, 1, NVIDIA GeForce RTX 5090, 3065, 34
2026/07/14 23:15:06.429, 2, NVIDIA GeForce RTX 5090, 3065, 39
2026/07/14 23:15:06.432, 3, NVIDIA GeForce RTX 5090, 3065, 40
2026/07/14 23:15:06.434, 4, NVIDIA GeForce RTX 5090, 3065, 39
2026/07/14 23:15:08.548, 0, NVIDIA GeForce RTX 5090, 3243, 39
2026/07/14 23:15:08.552, 1, NVIDIA GeForce RTX 5090, 3065, 40
2026/07/14 23:15:08.556, 2, NVIDIA GeForce RTX 5090, 3065, 48
2026/07/14 23:15:08.559, 3, NVIDIA GeForce RTX 5090, 3065, 37
2026/07/14 23:15:08.561, 4, NVIDIA GeForce RTX 5090, 3065, 37
2026/07/14 23:15:10.678, 0, NVIDIA GeForce RTX 5090, 3243, 37
2026/07/14 23:15:10.682, 1, NVIDIA GeForce RTX 5090, 3065, 37
2026/07/14 23:15:10.685, 2, NVIDIA GeForce RTX 5090, 3065, 40
2026/07/14 23:15:10.688, 3, NVIDIA GeForce RTX 5090, 3065, 33
2026/07/14 23:15:10.690, 4, NVIDIA GeForce RTX 5090, 3065, 36
2026/07/14 23:15:12.808, 0, NVIDIA GeForce RTX 5090, 3243, 33
2026/07/14 23:15:12.813, 1, NVIDIA GeForce RTX 5090, 3065, 39
2026/07/14 23:15:12.816, 2, NVIDIA GeForce RTX 5090, 3065, 35
2026/07/14 23:15:12.820, 3, NVIDIA GeForce RTX 5090, 3065, 34
2026/07/14 23:15:12.823, 4, NVIDIA GeForce RTX 5090, 3065, 43
2026/07/14 23:15:14.955, 0, NVIDIA GeForce RTX 5090, 3243, 37
2026/07/14 23:15:14.959, 1, NVIDIA GeForce RTX 5090, 3065, 40
2026/07/14 23:15:14.962, 2, NVIDIA GeForce RTX 5090, 3065, 36
2026/07/14 23:15:14.966, 3, NVIDIA GeForce RTX 5090, 3065, 40
2026/07/14 23:15:14.969, 4, NVIDIA GeForce RTX 5090, 3065, 40
2026/07/14 23:15:17.101, 0, NVIDIA GeForce RTX 5090, 3243, 34
2026/07/14 23:15:17.105, 1, NVIDIA GeForce RTX 5090, 3065, 39
2026/07/14 23:15:17.110, 2, NVIDIA GeForce RTX 5090, 3065, 0
2026/07/14 23:15:17.113, 3, NVIDIA GeForce RTX 5090, 3065, 0
2026/07/14 23:15:17.115, 4, NVIDIA GeForce RTX 5090, 3065, 33
2026/07/14 23:15:19.245, 0, NVIDIA GeForce RTX 5090, 3243, 4
2026/07/14 23:15:19.250, 1, NVIDIA GeForce RTX 5090, 3065, 2
2026/07/14 23:15:19.253, 2, NVIDIA GeForce RTX 5090, 3065, 39
2026/07/14 23:15:19.258, 3, NVIDIA GeForce RTX 5090, 3065, 34
2026/07/14 23:15:19.261, 4, NVIDIA GeForce RTX 5090, 3065, 21
2026/07/14 23:15:21.377, 0, NVIDIA GeForce RTX 5090, 3243, 40
2026/07/14 23:15:21.382, 1, NVIDIA GeForce RTX 5090, 3065, 35
2026/07/14 23:15:21.385, 2, NVIDIA GeForce RTX 5090, 3065, 40
2026/07/14 23:15:21.388, 3, NVIDIA GeForce RTX 5090, 3065, 37
2026/07/14 23:15:21.391, 4, NVIDIA GeForce RTX 5090, 3065, 33
2026/07/14 23:15:23.489, 0, NVIDIA GeForce RTX 5090, 3243, 11
2026/07/14 23:15:23.493, 1, NVIDIA GeForce RTX 5090, 3065, 23
2026/07/14 23:15:23.495, 2, NVIDIA GeForce RTX 5090, 3065, 37
2026/07/14 23:15:23.497, 3, NVIDIA GeForce RTX 5090, 3065, 40
2026/07/14 23:15:23.499, 4, NVIDIA GeForce RTX 5090, 3065, 31
2026/07/14 23:15:25.625, 0, NVIDIA GeForce RTX 5090, 3243, 34
2026/07/14 23:15:25.631, 1, NVIDIA GeForce RTX 5090, 3065, 34
2026/07/14 23:15:25.636, 2, NVIDIA GeForce RTX 5090, 3065, 41
2026/07/14 23:15:25.639, 3, NVIDIA GeForce RTX 5090, 3065, 40
2026/07/14 23:15:25.642, 4, NVIDIA GeForce RTX 5090, 3065, 33
2026/07/14 23:15:27.747, 0, NVIDIA GeForce RTX 5090, 3243, 37
2026/07/14 23:15:27.751, 1, NVIDIA GeForce RTX 5090, 3065, 40
2026/07/14 23:15:27.754, 2, NVIDIA GeForce RTX 5090, 3065, 21
2026/07/14 23:15:27.757, 3, NVIDIA GeForce RTX 5090, 3065, 40
2026/07/14 23:15:27.761, 4, NVIDIA GeForce RTX 5090, 3065, 34
2026/07/14 23:15:29.854, 0, NVIDIA GeForce RTX 5090, 3243, 37
2026/07/14 23:15:29.858, 1, NVIDIA GeForce RTX 5090, 3065, 34
2026/07/14 23:15:29.860, 2, NVIDIA GeForce RTX 5090, 3065, 36
2026/07/14 23:15:29.862, 3, NVIDIA GeForce RTX 5090, 3065, 37
2026/07/14 23:15:29.864, 4, NVIDIA GeForce RTX 5090, 3065, 38
2026/07/14 23:15:31.994, 0, NVIDIA GeForce RTX 5090, 3243, 5
2026/07/14 23:15:32.000, 1, NVIDIA GeForce RTX 5090, 3065, 0
2026/07/14 23:15:32.003, 2, NVIDIA GeForce RTX 5090, 3065, 38
2026/07/14 23:15:32.006, 3, NVIDIA GeForce RTX 5090, 3065, 39
2026/07/14 23:15:32.011, 4, NVIDIA GeForce RTX 5090, 3065, 0
2026/07/14 23:15:34.120, 0, NVIDIA GeForce RTX 5090, 3243, 34
2026/07/14 23:15:34.124, 1, NVIDIA GeForce RTX 5090, 3065, 36
2026/07/14 23:15:34.127, 2, NVIDIA GeForce RTX 5090, 3065, 34
2026/07/14 23:15:34.130, 3, NVIDIA GeForce RTX 5090, 3065, 36
2026/07/14 23:15:34.133, 4, NVIDIA GeForce RTX 5090, 3065, 34
2026/07/14 23:15:36.271, 0, NVIDIA GeForce RTX 5090, 3243, 51
2026/07/14 23:15:36.278, 1, NVIDIA GeForce RTX 5090, 3065, 35
2026/07/14 23:15:36.281, 2, NVIDIA GeForce RTX 5090, 3065, 39
2026/07/14 23:15:36.287, 3, NVIDIA GeForce RTX 5090, 3065, 42
2026/07/14 23:15:36.291, 4, NVIDIA GeForce RTX 5090, 3065, 40
2026/07/14 23:15:38.399, 0, NVIDIA GeForce RTX 5090, 3243, 9
2026/07/14 23:15:38.403, 1, NVIDIA GeForce RTX 5090, 3065, 42
2026/07/14 23:15:38.408, 2, NVIDIA GeForce RTX 5090, 3065, 34
2026/07/14 23:15:38.410, 3, NVIDIA GeForce RTX 5090, 3065, 34
2026/07/14 23:15:38.412, 4, NVIDIA GeForce RTX 5090, 3065, 42
2026/07/14 23:15:40.546, 0, NVIDIA GeForce RTX 5090, 3243, 37
2026/07/14 23:15:40.550, 1, NVIDIA GeForce RTX 5090, 3065, 34
2026/07/14 23:15:40.552, 2, NVIDIA GeForce RTX 5090, 3065, 36
2026/07/14 23:15:40.555, 3, NVIDIA GeForce RTX 5090, 3065, 38
2026/07/14 23:15:40.557, 4, NVIDIA GeForce RTX 5090, 3065, 33
2026/07/14 23:15:42.710, 0, NVIDIA GeForce RTX 5090, 3243, 4
2026/07/14 23:15:42.717, 1, NVIDIA GeForce RTX 5090, 3065, 0
2026/07/14 23:15:42.719, 2, NVIDIA GeForce RTX 5090, 3065, 37
2026/07/14 23:15:42.725, 3, NVIDIA GeForce RTX 5090, 3065, 40
2026/07/14 23:15:42.731, 4, NVIDIA GeForce RTX 5090, 3065, 0
2026/07/14 23:15:44.864, 0, NVIDIA GeForce RTX 5090, 3243, 35
2026/07/14 23:15:44.868, 1, NVIDIA GeForce RTX 5090, 3065, 38
2026/07/14 23:15:44.872, 2, NVIDIA GeForce RTX 5090, 3065, 35
2026/07/14 23:15:44.875, 3, NVIDIA GeForce RTX 5090, 3065, 31
2026/07/14 23:15:44.878, 4, NVIDIA GeForce RTX 5090, 3065, 33
2026/07/14 23:15:46.994, 0, NVIDIA GeForce RTX 5090, 3243, 41
2026/07/14 23:15:46.997, 1, NVIDIA GeForce RTX 5090, 3065, 35
2026/07/14 23:15:47.000, 2, NVIDIA GeForce RTX 5090, 3065, 41
2026/07/14 23:15:47.002, 3, NVIDIA GeForce RTX 5090, 3065, 41
2026/07/14 23:15:47.004, 4, NVIDIA GeForce RTX 5090, 3065, 38
2026/07/14 23:15:49.132, 0, NVIDIA GeForce RTX 5090, 3243, 42
2026/07/14 23:15:49.135, 1, NVIDIA GeForce RTX 5090, 3065, 35
2026/07/14 23:15:49.138, 2, NVIDIA GeForce RTX 5090, 3065, 32
2026/07/14 23:15:49.140, 3, NVIDIA GeForce RTX 5090, 3065, 39
2026/07/14 23:15:49.145, 4, NVIDIA GeForce RTX 5090, 3065, 38
2026/07/14 23:15:51.272, 0, NVIDIA GeForce RTX 5090, 3243, 39
2026/07/14 23:15:51.277, 1, NVIDIA GeForce RTX 5090, 3065, 32
2026/07/14 23:15:51.280, 2, NVIDIA GeForce RTX 5090, 3065, 35
2026/07/14 23:15:51.283, 3, NVIDIA GeForce RTX 5090, 3065, 36
2026/07/14 23:15:51.285, 4, NVIDIA GeForce RTX 5090, 3065, 31
2026/07/14 23:15:53.377, 0, NVIDIA GeForce RTX 5090, 3243, 51
2026/07/14 23:15:53.380, 1, NVIDIA GeForce RTX 5090, 3065, 37
2026/07/14 23:15:53.384, 2, NVIDIA GeForce RTX 5090, 3065, 40
2026/07/14 23:15:53.387, 3, NVIDIA GeForce RTX 5090, 3065, 39
2026/07/14 23:15:53.390, 4, NVIDIA GeForce RTX 5090, 3065, 40
2026/07/14 23:15:55.527, 0, NVIDIA GeForce RTX 5090, 3243, 42
2026/07/14 23:15:55.532, 1, NVIDIA GeForce RTX 5090, 3065, 37
2026/07/14 23:15:55.535, 2, NVIDIA GeForce RTX 5090, 3065, 0
2026/07/14 23:15:55.539, 3, NVIDIA GeForce RTX 5090, 3065, 0
2026/07/14 23:15:55.541, 4, NVIDIA GeForce RTX 5090, 3065, 50
2026/07/14 23:15:57.663, 0, NVIDIA GeForce RTX 5090, 3243, 39
2026/07/14 23:15:57.668, 1, NVIDIA GeForce RTX 5090, 3065, 34
2026/07/14 23:15:57.671, 2, NVIDIA GeForce RTX 5090, 3065, 33
2026/07/14 23:15:57.674, 3, NVIDIA GeForce RTX 5090, 3065, 39
2026/07/14 23:15:57.678, 4, NVIDIA GeForce RTX 5090, 3065, 34
2026/07/14 23:15:59.777, 0, NVIDIA GeForce RTX 5090, 3243, 50
2026/07/14 23:15:59.780, 1, NVIDIA GeForce RTX 5090, 3065, 45
2026/07/14 23:15:59.783, 2, NVIDIA GeForce RTX 5090, 3065, 38
2026/07/14 23:15:59.785, 3, NVIDIA GeForce RTX 5090, 3065, 34
2026/07/14 23:15:59.787, 4, NVIDIA GeForce RTX 5090, 3065, 40
2026/07/14 23:16:01.913, 0, NVIDIA GeForce RTX 5090, 3243, 41
2026/07/14 23:16:01.918, 1, NVIDIA GeForce RTX 5090, 3065, 36
2026/07/14 23:16:01.921, 2, NVIDIA GeForce RTX 5090, 3065, 37
2026/07/14 23:16:01.924, 3, NVIDIA GeForce RTX 5090, 3065, 37
2026/07/14 23:16:01.926, 4, NVIDIA GeForce RTX 5090, 3065, 33
2026/07/14 23:16:04.061, 0, NVIDIA GeForce RTX 5090, 3243, 41
2026/07/14 23:16:04.065, 1, NVIDIA GeForce RTX 5090, 3065, 32
2026/07/14 23:16:04.067, 2, NVIDIA GeForce RTX 5090, 3065, 39
2026/07/14 23:16:04.070, 3, NVIDIA GeForce RTX 5090, 3065, 40
2026/07/14 23:16:04.075, 4, NVIDIA GeForce RTX 5090, 3065, 33
2026/07/14 23:16:06.212, 0, NVIDIA GeForce RTX 5090, 3243, 41
2026/07/14 23:16:06.217, 1, NVIDIA GeForce RTX 5090, 3065, 34
2026/07/14 23:16:06.220, 2, NVIDIA GeForce RTX 5090, 3065, 34
2026/07/14 23:16:06.223, 3, NVIDIA GeForce RTX 5090, 3065, 33
2026/07/14 23:16:06.225, 4, NVIDIA GeForce RTX 5090, 3065, 40
2026/07/14 23:16:08.318, 0, NVIDIA GeForce RTX 5090, 3243, 39
2026/07/14 23:16:08.321, 1, NVIDIA GeForce RTX 5090, 3065, 34
2026/07/14 23:16:08.324, 2, NVIDIA GeForce RTX 5090, 3065, 38
2026/07/14 23:16:08.326, 3, NVIDIA GeForce RTX 5090, 3065, 38
2026/07/14 23:16:08.328, 4, NVIDIA GeForce RTX 5090, 3065, 39
2026/07/14 23:16:10.458, 0, NVIDIA GeForce RTX 5090, 3243, 41
2026/07/14 23:16:10.462, 1, NVIDIA GeForce RTX 5090, 3065, 43
2026/07/14 23:16:10.466, 2, NVIDIA GeForce RTX 5090, 3065, 0
2026/07/14 23:16:10.469, 3, NVIDIA GeForce RTX 5090, 3065, 0
2026/07/14 23:16:10.472, 4, NVIDIA GeForce RTX 5090, 3065, 35
2026/07/14 23:16:12.610, 0, NVIDIA GeForce RTX 5090, 3243, 38
2026/07/14 23:16:12.617, 1, NVIDIA GeForce RTX 5090, 3065, 37
2026/07/14 23:16:12.621, 2, NVIDIA GeForce RTX 5090, 3065, 48
2026/07/14 23:16:12.623, 3, NVIDIA GeForce RTX 5090, 3065, 35
2026/07/14 23:16:12.626, 4, NVIDIA GeForce RTX 5090, 3065, 40
2026/07/14 23:16:14.740, 0, NVIDIA GeForce RTX 5090, 3243, 28
2026/07/14 23:16:14.744, 1, NVIDIA GeForce RTX 5090, 3065, 39
2026/07/14 23:16:14.747, 2, NVIDIA GeForce RTX 5090, 3065, 34
2026/07/14 23:16:14.750, 3, NVIDIA GeForce RTX 5090, 3065, 40
2026/07/14 23:16:14.752, 4, NVIDIA GeForce RTX 5090, 3065, 35
2026/07/14 23:16:16.889, 0, NVIDIA GeForce RTX 5090, 3243, 36
2026/07/14 23:16:16.897, 1, NVIDIA GeForce RTX 5090, 3065, 40
2026/07/14 23:16:16.900, 2, NVIDIA GeForce RTX 5090, 3065, 36
2026/07/14 23:16:16.903, 3, NVIDIA GeForce RTX 5090, 3065, 34
2026/07/14 23:16:16.905, 4, NVIDIA GeForce RTX 5090, 3065, 40
2026/07/14 23:16:19.019, 0, NVIDIA GeForce RTX 5090, 3243, 40
2026/07/14 23:16:19.025, 1, NVIDIA GeForce RTX 5090, 3065, 36
2026/07/14 23:16:19.028, 2, NVIDIA GeForce RTX 5090, 3065, 38
2026/07/14 23:16:19.032, 3, NVIDIA GeForce RTX 5090, 3065, 38
2026/07/14 23:16:19.037, 4, NVIDIA GeForce RTX 5090, 3065, 37
2026/07/14 23:16:21.145, 0, NVIDIA GeForce RTX 5090, 3243, 34
2026/07/14 23:16:21.151, 1, NVIDIA GeForce RTX 5090, 3065, 39
2026/07/14 23:16:21.154, 2, NVIDIA GeForce RTX 5090, 3065, 20
2026/07/14 23:16:21.157, 3, NVIDIA GeForce RTX 5090, 3065, 0
2026/07/14 23:16:21.159, 4, NVIDIA GeForce RTX 5090, 3065, 37
2026/07/14 23:16:23.253, 0, NVIDIA GeForce RTX 5090, 3243, 21
2026/07/14 23:16:23.257, 1, NVIDIA GeForce RTX 5090, 3065, 20
2026/07/14 23:16:23.260, 2, NVIDIA GeForce RTX 5090, 3065, 38
2026/07/14 23:16:23.266, 3, NVIDIA GeForce RTX 5090, 3065, 35
2026/07/14 23:16:23.268, 4, NVIDIA GeForce RTX 5090, 3065, 21
2026/07/14 23:16:25.381, 0, NVIDIA GeForce RTX 5090, 3243, 34
2026/07/14 23:16:25.386, 1, NVIDIA GeForce RTX 5090, 3065, 41
2026/07/14 23:16:25.389, 2, NVIDIA GeForce RTX 5090, 3065, 40
2026/07/14 23:16:25.394, 3, NVIDIA GeForce RTX 5090, 3065, 35
2026/07/14 23:16:25.396, 4, NVIDIA GeForce RTX 5090, 3065, 37
2026/07/14 23:16:27.517, 0, NVIDIA GeForce RTX 5090, 3243, 40
2026/07/14 23:16:27.523, 1, NVIDIA GeForce RTX 5090, 3065, 32
2026/07/14 23:16:27.526, 2, NVIDIA GeForce RTX 5090, 3065, 37
2026/07/14 23:16:27.529, 3, NVIDIA GeForce RTX 5090, 3065, 40
2026/07/14 23:16:27.532, 4, NVIDIA GeForce RTX 5090, 3065, 31
2026/07/14 23:16:29.641, 0, NVIDIA GeForce RTX 5090, 3243, 34
2026/07/14 23:16:29.645, 1, NVIDIA GeForce RTX 5090, 3065, 34
2026/07/14 23:16:29.648, 2, NVIDIA GeForce RTX 5090, 3065, 0
2026/07/14 23:16:29.651, 3, NVIDIA GeForce RTX 5090, 3065, 12
2026/07/14 23:16:29.653, 4, NVIDIA GeForce RTX 5090, 3065, 34
2026/07/14 23:16:31.786, 0, NVIDIA GeForce RTX 5090, 3243, 35
2026/07/14 23:16:31.791, 1, NVIDIA GeForce RTX 5090, 3065, 39
2026/07/14 23:16:31.796, 2, NVIDIA GeForce RTX 5090, 3065, 39
2026/07/14 23:16:31.800, 3, NVIDIA GeForce RTX 5090, 3065, 40
2026/07/14 23:16:31.802, 4, NVIDIA GeForce RTX 5090, 3065, 38
2026/07/14 23:16:33.940, 0, NVIDIA GeForce RTX 5090, 3243, 20
2026/07/14 23:16:33.944, 1, NVIDIA GeForce RTX 5090, 3065, 40
2026/07/14 23:16:33.947, 2, NVIDIA GeForce RTX 5090, 3065, 37
2026/07/14 23:16:33.950, 3, NVIDIA GeForce RTX 5090, 3065, 36
2026/07/14 23:16:33.955, 4, NVIDIA GeForce RTX 5090, 3065, 39
2026/07/14 23:16:36.066, 0, NVIDIA GeForce RTX 5090, 3243, 37
2026/07/14 23:16:36.070, 1, NVIDIA GeForce RTX 5090, 3065, 34
2026/07/14 23:16:36.072, 2, NVIDIA GeForce RTX 5090, 3065, 36
2026/07/14 23:16:36.075, 3, NVIDIA GeForce RTX 5090, 3065, 33
2026/07/14 23:16:36.079, 4, NVIDIA GeForce RTX 5090, 3065, 34
2026/07/14 23:16:38.212, 0, NVIDIA GeForce RTX 5090, 3243, 34
2026/07/14 23:16:38.216, 1, NVIDIA GeForce RTX 5090, 3065, 40
2026/07/14 23:16:38.218, 2, NVIDIA GeForce RTX 5090, 3065, 35
2026/07/14 23:16:38.220, 3, NVIDIA GeForce RTX 5090, 3065, 40
2026/07/14 23:16:38.222, 4, NVIDIA GeForce RTX 5090, 3065, 36
2026/07/14 23:16:40.354, 0, NVIDIA GeForce RTX 5090, 3243, 37
2026/07/14 23:16:40.360, 1, NVIDIA GeForce RTX 5090, 3065, 36
2026/07/14 23:16:40.363, 2, NVIDIA GeForce RTX 5090, 3065, 36
2026/07/14 23:16:40.365, 3, NVIDIA GeForce RTX 5090, 3065, 38
2026/07/14 23:16:40.368, 4, NVIDIA GeForce RTX 5090, 3065, 39
2026/07/14 23:16:42.498, 0, NVIDIA GeForce RTX 5090, 3243, 38
2026/07/14 23:16:42.502, 1, NVIDIA GeForce RTX 5090, 3065, 34
2026/07/14 23:16:42.505, 2, NVIDIA GeForce RTX 5090, 3065, 11
2026/07/14 23:16:42.510, 3, NVIDIA GeForce RTX 5090, 3065, 40
2026/07/14 23:16:42.516, 4, NVIDIA GeForce RTX 5090, 3065, 35
2026/07/14 23:16:44.649, 0, NVIDIA GeForce RTX 5090, 3243, 39
2026/07/14 23:16:44.653, 1, NVIDIA GeForce RTX 5090, 3065, 40
2026/07/14 23:16:44.657, 2, NVIDIA GeForce RTX 5090, 3065, 39
2026/07/14 23:16:44.660, 3, NVIDIA GeForce RTX 5090, 3065, 39
2026/07/14 23:16:44.662, 4, NVIDIA GeForce RTX 5090, 3065, 34
2026/07/14 23:16:46.756, 0, NVIDIA GeForce RTX 5090, 3243, 22
2026/07/14 23:16:46.761, 1, NVIDIA GeForce RTX 5090, 3065, 46
2026/07/14 23:16:46.763, 2, NVIDIA GeForce RTX 5090, 3065, 38
2026/07/14 23:16:46.766, 3, NVIDIA GeForce RTX 5090, 3065, 32
2026/07/14 23:16:46.769, 4, NVIDIA GeForce RTX 5090, 3065, 19
2026/07/14 23:16:48.906, 0, NVIDIA GeForce RTX 5090, 3243, 33
2026/07/14 23:16:48.910, 1, NVIDIA GeForce RTX 5090, 3065, 40
2026/07/14 23:16:48.913, 2, NVIDIA GeForce RTX 5090, 3065, 41
2026/07/14 23:16:48.916, 3, NVIDIA GeForce RTX 5090, 3065, 35
2026/07/14 23:16:48.918, 4, NVIDIA GeForce RTX 5090, 3065, 33
2026/07/14 23:16:51.028, 0, NVIDIA GeForce RTX 5090, 3243, 33
2026/07/14 23:16:51.032, 1, NVIDIA GeForce RTX 5090, 3065, 35
2026/07/14 23:16:51.037, 2, NVIDIA GeForce RTX 5090, 3065, 39
2026/07/14 23:16:51.040, 3, NVIDIA GeForce RTX 5090, 3065, 34
2026/07/14 23:16:51.043, 4, NVIDIA GeForce RTX 5090, 3065, 49
2026/07/14 23:16:53.173, 0, NVIDIA GeForce RTX 5090, 3243, 33
2026/07/14 23:16:53.177, 1, NVIDIA GeForce RTX 5090, 3065, 34
2026/07/14 23:16:53.182, 2, NVIDIA GeForce RTX 5090, 3065, 39
2026/07/14 23:16:53.186, 3, NVIDIA GeForce RTX 5090, 3065, 42
2026/07/14 23:16:53.188, 4, NVIDIA GeForce RTX 5090, 3065, 39
2026/07/14 23:16:55.322, 0, NVIDIA GeForce RTX 5090, 3243, 35
2026/07/14 23:16:55.327, 1, NVIDIA GeForce RTX 5090, 3065, 34
2026/07/14 23:16:55.332, 2, NVIDIA GeForce RTX 5090, 3065, 36
2026/07/14 23:16:55.335, 3, NVIDIA GeForce RTX 5090, 3065, 40
2026/07/14 23:16:55.338, 4, NVIDIA GeForce RTX 5090, 3065, 39
2026/07/14 23:16:57.472, 0, NVIDIA GeForce RTX 5090, 3243, 40
2026/07/14 23:16:57.476, 1, NVIDIA GeForce RTX 5090, 3065, 34
2026/07/14 23:16:57.479, 2, NVIDIA GeForce RTX 5090, 3065, 40
2026/07/14 23:16:57.485, 3, NVIDIA GeForce RTX 5090, 3065, 37
2026/07/14 23:16:57.488, 4, NVIDIA GeForce RTX 5090, 3065, 34
2026/07/14 23:16:59.604, 0, NVIDIA GeForce RTX 5090, 3243, 37
2026/07/14 23:16:59.609, 1, NVIDIA GeForce RTX 5090, 3065, 36
2026/07/14 23:16:59.612, 2, NVIDIA GeForce RTX 5090, 3065, 40
2026/07/14 23:16:59.617, 3, NVIDIA GeForce RTX 5090, 3065, 40
2026/07/14 23:16:59.620, 4, NVIDIA GeForce RTX 5090, 3065, 33
2026/07/14 23:17:01.736, 0, NVIDIA GeForce RTX 5090, 3243, 39
2026/07/14 23:17:01.739, 1, NVIDIA GeForce RTX 5090, 3065, 40
2026/07/14 23:17:01.742, 2, NVIDIA GeForce RTX 5090, 3065, 35
2026/07/14 23:17:01.746, 3, NVIDIA GeForce RTX 5090, 3065, 38
2026/07/14 23:17:01.748, 4, NVIDIA GeForce RTX 5090, 3065, 34
2026/07/14 23:17:03.880, 0, NVIDIA GeForce RTX 5090, 3243, 36
2026/07/14 23:17:03.884, 1, NVIDIA GeForce RTX 5090, 3065, 34
2026/07/14 23:17:03.888, 2, NVIDIA GeForce RTX 5090, 3065, 34
2026/07/14 23:17:03.891, 3, NVIDIA GeForce RTX 5090, 3065, 40
2026/07/14 23:17:03.898, 4, NVIDIA GeForce RTX 5090, 3065, 35
2026/07/14 23:17:06.036, 0, NVIDIA GeForce RTX 5090, 3243, 32
2026/07/14 23:17:06.040, 1, NVIDIA GeForce RTX 5090, 3065, 35
2026/07/14 23:17:06.042, 2, NVIDIA GeForce RTX 5090, 3065, 35
2026/07/14 23:17:06.045, 3, NVIDIA GeForce RTX 5090, 3065, 40
2026/07/14 23:17:06.048, 4, NVIDIA GeForce RTX 5090, 3065, 31
2026/07/14 23:17:08.190, 0, NVIDIA GeForce RTX 5090, 3243, 37
2026/07/14 23:17:08.195, 1, NVIDIA GeForce RTX 5090, 3065, 39
2026/07/14 23:17:08.198, 2, NVIDIA GeForce RTX 5090, 3065, 38
2026/07/14 23:17:08.203, 3, NVIDIA GeForce RTX 5090, 3065, 34
2026/07/14 23:17:08.205, 4, NVIDIA GeForce RTX 5090, 3065, 38
2026/07/14 23:17:10.338, 0, NVIDIA GeForce RTX 5090, 3243, 39
2026/07/14 23:17:10.343, 1, NVIDIA GeForce RTX 5090, 3065, 36
2026/07/14 23:17:10.346, 2, NVIDIA GeForce RTX 5090, 3065, 0
2026/07/14 23:17:10.349, 3, NVIDIA GeForce RTX 5090, 3065, 11
2026/07/14 23:17:10.352, 4, NVIDIA GeForce RTX 5090, 3065, 37
2026/07/14 23:17:12.488, 0, NVIDIA GeForce RTX 5090, 3243, 35
2026/07/14 23:17:12.492, 1, NVIDIA GeForce RTX 5090, 3065, 34
2026/07/14 23:17:12.496, 2, NVIDIA GeForce RTX 5090, 3065, 33
2026/07/14 23:17:12.500, 3, NVIDIA GeForce RTX 5090, 3065, 35
2026/07/14 23:17:12.503, 4, NVIDIA GeForce RTX 5090, 3065, 34
2026/07/14 23:17:14.644, 0, NVIDIA GeForce RTX 5090, 3243, 3
2026/07/14 23:17:14.649, 1, NVIDIA GeForce RTX 5090, 3065, 19
2026/07/14 23:17:14.652, 2, NVIDIA GeForce RTX 5090, 3065, 45
2026/07/14 23:17:14.655, 3, NVIDIA GeForce RTX 5090, 3065, 36
2026/07/14 23:17:14.658, 4, NVIDIA GeForce RTX 5090, 3065, 20
2026/07/14 23:17:16.770, 0, NVIDIA GeForce RTX 5090, 3243, 38
2026/07/14 23:17:16.778, 1, NVIDIA GeForce RTX 5090, 3065, 39
2026/07/14 23:17:16.781, 2, NVIDIA GeForce RTX 5090, 3065, 36
2026/07/14 23:17:16.784, 3, NVIDIA GeForce RTX 5090, 3065, 3
2026/07/14 23:17:16.790, 4, NVIDIA GeForce RTX 5090, 3065, 33
2026/07/14 23:17:18.923, 0, NVIDIA GeForce RTX 5090, 3243, 34
2026/07/14 23:17:18.928, 1, NVIDIA GeForce RTX 5090, 3065, 39
2026/07/14 23:17:18.931, 2, NVIDIA GeForce RTX 5090, 3065, 36
2026/07/14 23:17:18.935, 3, NVIDIA GeForce RTX 5090, 3065, 35
2026/07/14 23:17:18.938, 4, NVIDIA GeForce RTX 5090, 3065, 33
2026/07/14 23:17:21.071, 0, NVIDIA GeForce RTX 5090, 3243, 37
2026/07/14 23:17:21.076, 1, NVIDIA GeForce RTX 5090, 3065, 38
2026/07/14 23:17:21.081, 2, NVIDIA GeForce RTX 5090, 3065, 0
2026/07/14 23:17:21.084, 3, NVIDIA GeForce RTX 5090, 3065, 10
2026/07/14 23:17:21.088, 4, NVIDIA GeForce RTX 5090, 3065, 33
2026/07/14 23:17:23.202, 0, NVIDIA GeForce RTX 5090, 3243, 9
2026/07/14 23:17:23.206, 1, NVIDIA GeForce RTX 5090, 3065, 0
2026/07/14 23:17:23.209, 2, NVIDIA GeForce RTX 5090, 3065, 34
2026/07/14 23:17:23.212, 3, NVIDIA GeForce RTX 5090, 3065, 36
2026/07/14 23:17:23.214, 4, NVIDIA GeForce RTX 5090, 3065, 0
2026/07/14 23:17:25.327, 0, NVIDIA GeForce RTX 5090, 3243, 40
2026/07/14 23:17:25.332, 1, NVIDIA GeForce RTX 5090, 3065, 40
2026/07/14 23:17:25.335, 2, NVIDIA GeForce RTX 5090, 3065, 34
2026/07/14 23:17:25.337, 3, NVIDIA GeForce RTX 5090, 3065, 40
2026/07/14 23:17:25.340, 4, NVIDIA GeForce RTX 5090, 3065, 39
2026/07/14 23:17:27.475, 0, NVIDIA GeForce RTX 5090, 3243, 34
2026/07/14 23:17:27.481, 1, NVIDIA GeForce RTX 5090, 3065, 37
2026/07/14 23:17:27.485, 2, NVIDIA GeForce RTX 5090, 3065, 40
2026/07/14 23:17:27.489, 3, NVIDIA GeForce RTX 5090, 3065, 36
2026/07/14 23:17:27.491, 4, NVIDIA GeForce RTX 5090, 3065, 1
2026/07/14 23:17:29.591, 0, NVIDIA GeForce RTX 5090, 3243, 41
2026/07/14 23:17:29.595, 1, NVIDIA GeForce RTX 5090, 3065, 40
2026/07/14 23:17:29.598, 2, NVIDIA GeForce RTX 5090, 3065, 10
2026/07/14 23:17:29.601, 3, NVIDIA GeForce RTX 5090, 3065, 0
2026/07/14 23:17:29.603, 4, NVIDIA GeForce RTX 5090, 3065, 39
2026/07/14 23:17:31.734, 0, NVIDIA GeForce RTX 5090, 3243, 37
2026/07/14 23:17:31.740, 1, NVIDIA GeForce RTX 5090, 3065, 34
2026/07/14 23:17:31.743, 2, NVIDIA GeForce RTX 5090, 3065, 38
2026/07/14 23:17:31.747, 3, NVIDIA GeForce RTX 5090, 3065, 38
2026/07/14 23:17:31.749, 4, NVIDIA GeForce RTX 5090, 3065, 40
2026/07/14 23:17:33.888, 0, NVIDIA GeForce RTX 5090, 3243, 41
2026/07/14 23:17:33.893, 1, NVIDIA GeForce RTX 5090, 3065, 36
2026/07/14 23:17:33.896, 2, NVIDIA GeForce RTX 5090, 3065, 34
2026/07/14 23:17:33.899, 3, NVIDIA GeForce RTX 5090, 3065, 39
2026/07/14 23:17:33.901, 4, NVIDIA GeForce RTX 5090, 3065, 40
2026/07/14 23:17:36.017, 0, NVIDIA GeForce RTX 5090, 3243, 40
2026/07/14 23:17:36.023, 1, NVIDIA GeForce RTX 5090, 3065, 35
2026/07/14 23:17:36.028, 2, NVIDIA GeForce RTX 5090, 3065, 39
2026/07/14 23:17:36.030, 3, NVIDIA GeForce RTX 5090, 3065, 40
2026/07/14 23:17:36.034, 4, NVIDIA GeForce RTX 5090, 3065, 37
2026/07/14 23:17:38.154, 0, NVIDIA GeForce RTX 5090, 3243, 39
2026/07/14 23:17:38.159, 1, NVIDIA GeForce RTX 5090, 3065, 34
2026/07/14 23:17:38.164, 2, NVIDIA GeForce RTX 5090, 3065, 37
2026/07/14 23:17:38.168, 3, NVIDIA GeForce RTX 5090, 3065, 34
2026/07/14 23:17:38.171, 4, NVIDIA GeForce RTX 5090, 3065, 40
2026/07/14 23:17:40.282, 0, NVIDIA GeForce RTX 5090, 3243, 40
2026/07/14 23:17:40.286, 1, NVIDIA GeForce RTX 5090, 3065, 35
2026/07/14 23:17:40.289, 2, NVIDIA GeForce RTX 5090, 3065, 39
2026/07/14 23:17:40.292, 3, NVIDIA GeForce RTX 5090, 3065, 16
2026/07/14 23:17:40.295, 4, NVIDIA GeForce RTX 5090, 3065, 40
2026/07/14 23:17:42.434, 0, NVIDIA GeForce RTX 5090, 3243, 22
2026/07/14 23:17:42.438, 1, NVIDIA GeForce RTX 5090, 3065, 41
2026/07/14 23:17:42.440, 2, NVIDIA GeForce RTX 5090, 3065, 39
2026/07/14 23:17:42.443, 3, NVIDIA GeForce RTX 5090, 3065, 40
2026/07/14 23:17:42.446, 4, NVIDIA GeForce RTX 5090, 3065, 29
2026/07/14 23:17:44.564, 0, NVIDIA GeForce RTX 5090, 3243, 37
2026/07/14 23:17:44.568, 1, NVIDIA GeForce RTX 5090, 3065, 40
2026/07/14 23:17:44.570, 2, NVIDIA GeForce RTX 5090, 3065, 39
2026/07/14 23:17:44.572, 3, NVIDIA GeForce RTX 5090, 3065, 33
2026/07/14 23:17:44.575, 4, NVIDIA GeForce RTX 5090, 3065, 39
2026/07/14 23:17:46.681, 0, NVIDIA GeForce RTX 5090, 3243, 41
2026/07/14 23:17:46.685, 1, NVIDIA GeForce RTX 5090, 3065, 34
2026/07/14 23:17:46.688, 2, NVIDIA GeForce RTX 5090, 3065, 37
2026/07/14 23:17:46.693, 3, NVIDIA GeForce RTX 5090, 3065, 37
2026/07/14 23:17:46.696, 4, NVIDIA GeForce RTX 5090, 3065, 39
2026/07/14 23:17:48.830, 0, NVIDIA GeForce RTX 5090, 3243, 40
2026/07/14 23:17:48.838, 1, NVIDIA GeForce RTX 5090, 3065, 38
2026/07/14 23:17:48.843, 2, NVIDIA GeForce RTX 5090, 3065, 40
2026/07/14 23:17:48.846, 3, NVIDIA GeForce RTX 5090, 3065, 40
2026/07/14 23:17:48.853, 4, NVIDIA GeForce RTX 5090, 3065, 33
2026/07/14 23:17:50.991, 0, NVIDIA GeForce RTX 5090, 3243, 35
2026/07/14 23:17:50.995, 1, NVIDIA GeForce RTX 5090, 3065, 34
2026/07/14 23:17:51.001, 2, NVIDIA GeForce RTX 5090, 3065, 34
2026/07/14 23:17:51.004, 3, NVIDIA GeForce RTX 5090, 3065, 41
2026/07/14 23:17:51.006, 4, NVIDIA GeForce RTX 5090, 3065, 33
2026/07/14 23:17:53.137, 0, NVIDIA GeForce RTX 5090, 3243, 40
2026/07/14 23:17:53.141, 1, NVIDIA GeForce RTX 5090, 3065, 39
2026/07/14 23:17:53.143, 2, NVIDIA GeForce RTX 5090, 3065, 43
2026/07/14 23:17:53.149, 3, NVIDIA GeForce RTX 5090, 3065, 42
2026/07/14 23:17:53.151, 4, NVIDIA GeForce RTX 5090, 3065, 40
2026/07/14 23:17:55.263, 0, NVIDIA GeForce RTX 5090, 3243, 40
2026/07/14 23:17:55.268, 1, NVIDIA GeForce RTX 5090, 3065, 34
2026/07/14 23:17:55.270, 2, NVIDIA GeForce RTX 5090, 3065, 0
2026/07/14 23:17:55.275, 3, NVIDIA GeForce RTX 5090, 3065, 2
2026/07/14 23:17:55.280, 4, NVIDIA GeForce RTX 5090, 3065, 33
2026/07/14 23:17:57.395, 0, NVIDIA GeForce RTX 5090, 3243, 5
2026/07/14 23:17:57.399, 1, NVIDIA GeForce RTX 5090, 3065, 0
2026/07/14 23:17:57.402, 2, NVIDIA GeForce RTX 5090, 3065, 40
2026/07/14 23:17:57.406, 3, NVIDIA GeForce RTX 5090, 3065, 40
2026/07/14 23:17:57.408, 4, NVIDIA GeForce RTX 5090, 3065, 0
2026/07/14 23:17:59.539, 0, NVIDIA GeForce RTX 5090, 3245, 10
2026/07/14 23:17:59.543, 1, NVIDIA GeForce RTX 5090, 3065, 0
2026/07/14 23:17:59.545, 2, NVIDIA GeForce RTX 5090, 3065, 0
2026/07/14 23:17:59.548, 3, NVIDIA GeForce RTX 5090, 3065, 0
2026/07/14 23:17:59.550, 4, NVIDIA GeForce RTX 5090, 3065, 0
2026/07/14 23:18:01.657, 0, NVIDIA GeForce RTX 5090, 3245, 33
2026/07/14 23:18:01.663, 1, NVIDIA GeForce RTX 5090, 3065, 33
2026/07/14 23:18:01.668, 2, NVIDIA GeForce RTX 5090, 3065, 0
2026/07/14 23:18:01.670, 3, NVIDIA GeForce RTX 5090, 3065, 0
2026/07/14 23:18:01.674, 4, NVIDIA GeForce RTX 5090, 3065, 31
2026/07/14 23:18:03.772, 0, NVIDIA GeForce RTX 5090, 3245, 41
2026/07/14 23:18:03.776, 1, NVIDIA GeForce RTX 5090, 3065, 39
2026/07/14 23:18:03.779, 2, NVIDIA GeForce RTX 5090, 3065, 41
2026/07/14 23:18:03.782, 3, NVIDIA GeForce RTX 5090, 3065, 38
2026/07/14 23:18:03.785, 4, NVIDIA GeForce RTX 5090, 3065, 35
2026/07/14 23:18:05.898, 0, NVIDIA GeForce RTX 5090, 3245, 40
2026/07/14 23:18:05.902, 1, NVIDIA GeForce RTX 5090, 3065, 34
2026/07/14 23:18:05.904, 2, NVIDIA GeForce RTX 5090, 3065, 21
2026/07/14 23:18:05.908, 3, NVIDIA GeForce RTX 5090, 3065, 37
2026/07/14 23:18:05.911, 4, NVIDIA GeForce RTX 5090, 3065, 36
2026/07/14 23:18:08.050, 0, NVIDIA GeForce RTX 5090, 3245, 0
2026/07/14 23:18:08.055, 1, NVIDIA GeForce RTX 5090, 3065, 0
2026/07/14 23:18:08.059, 2, NVIDIA GeForce RTX 5090, 3065, 36
2026/07/14 23:18:08.062, 3, NVIDIA GeForce RTX 5090, 3065, 34
2026/07/14 23:18:08.066, 4, NVIDIA GeForce RTX 5090, 3065, 0
2026/07/14 23:18:10.205, 0, NVIDIA GeForce RTX 5090, 3245, 45
2026/07/14 23:18:10.208, 1, NVIDIA GeForce RTX 5090, 3065, 35
2026/07/14 23:18:10.211, 2, NVIDIA GeForce RTX 5090, 3065, 35
2026/07/14 23:18:10.214, 3, NVIDIA GeForce RTX 5090, 3065, 39
2026/07/14 23:18:10.219, 4, NVIDIA GeForce RTX 5090, 3065, 34
2026/07/14 23:18:12.360, 0, NVIDIA GeForce RTX 5090, 3245, 41
2026/07/14 23:18:12.365, 1, NVIDIA GeForce RTX 5090, 3065, 41
2026/07/14 23:18:12.368, 2, NVIDIA GeForce RTX 5090, 3065, 40
2026/07/14 23:18:12.371, 3, NVIDIA GeForce RTX 5090, 3065, 6
2026/07/14 23:18:12.376, 4, NVIDIA GeForce RTX 5090, 3065, 34
2026/07/14 23:18:14.492, 0, NVIDIA GeForce RTX 5090, 3245, 34
2026/07/14 23:18:14.497, 1, NVIDIA GeForce RTX 5090, 3065, 34
2026/07/14 23:18:14.499, 2, NVIDIA GeForce RTX 5090, 3065, 37
2026/07/14 23:18:14.502, 3, NVIDIA GeForce RTX 5090, 3065, 37
2026/07/14 23:18:14.504, 4, NVIDIA GeForce RTX 5090, 3065, 38
2026/07/14 23:18:16.596, 0, NVIDIA GeForce RTX 5090, 3245, 35
2026/07/14 23:18:16.600, 1, NVIDIA GeForce RTX 5090, 3065, 41
2026/07/14 23:18:16.602, 2, NVIDIA GeForce RTX 5090, 3065, 35
2026/07/14 23:18:16.604, 3, NVIDIA GeForce RTX 5090, 3065, 36
2026/07/14 23:18:16.607, 4, NVIDIA GeForce RTX 5090, 3065, 35
2026/07/14 23:18:18.716, 0, NVIDIA GeForce RTX 5090, 3245, 40
2026/07/14 23:18:18.722, 1, NVIDIA GeForce RTX 5090, 3065, 33
2026/07/14 23:18:18.724, 2, NVIDIA GeForce RTX 5090, 3065, 38
2026/07/14 23:18:18.727, 3, NVIDIA GeForce RTX 5090, 3065, 39
2026/07/14 23:18:18.730, 4, NVIDIA GeForce RTX 5090, 3065, 32
2026/07/14 23:18:20.864, 0, NVIDIA GeForce RTX 5090, 3245, 34
2026/07/14 23:18:20.868, 1, NVIDIA GeForce RTX 5090, 3065, 35
2026/07/14 23:18:20.874, 2, NVIDIA GeForce RTX 5090, 3065, 24
2026/07/14 23:18:20.877, 3, NVIDIA GeForce RTX 5090, 3065, 36
2026/07/14 23:18:20.880, 4, NVIDIA GeForce RTX 5090, 3065, 36
2026/07/14 23:18:22.974, 0, NVIDIA GeForce RTX 5090, 3245, 40
2026/07/14 23:18:22.978, 1, NVIDIA GeForce RTX 5090, 3065, 36
2026/07/14 23:18:22.982, 2, NVIDIA GeForce RTX 5090, 3065, 34
2026/07/14 23:18:22.985, 3, NVIDIA GeForce RTX 5090, 3065, 40
2026/07/14 23:18:22.988, 4, NVIDIA GeForce RTX 5090, 3065, 34
2026/07/14 23:18:25.104, 0, NVIDIA GeForce RTX 5090, 3245, 34
2026/07/14 23:18:25.109, 1, NVIDIA GeForce RTX 5090, 3065, 36
2026/07/14 23:18:25.113, 2, NVIDIA GeForce RTX 5090, 3065, 34
2026/07/14 23:18:25.116, 3, NVIDIA GeForce RTX 5090, 3065, 39
2026/07/14 23:18:25.121, 4, NVIDIA GeForce RTX 5090, 3065, 40
2026/07/14 23:18:27.233, 0, NVIDIA GeForce RTX 5090, 3245, 41
2026/07/14 23:18:27.237, 1, NVIDIA GeForce RTX 5090, 3065, 39
2026/07/14 23:18:27.240, 2, NVIDIA GeForce RTX 5090, 3065, 41
2026/07/14 23:18:27.243, 3, NVIDIA GeForce RTX 5090, 3065, 11
2026/07/14 23:18:27.248, 4, NVIDIA GeForce RTX 5090, 3065, 34
2026/07/14 23:18:29.381, 0, NVIDIA GeForce RTX 5090, 3245, 19
2026/07/14 23:18:29.385, 1, NVIDIA GeForce RTX 5090, 3065, 49
2026/07/14 23:18:29.388, 2, NVIDIA GeForce RTX 5090, 3065, 40
2026/07/14 23:18:29.392, 3, NVIDIA GeForce RTX 5090, 3065, 40
2026/07/14 23:18:29.394, 4, NVIDIA GeForce RTX 5090, 3065, 32
2026/07/14 23:18:31.509, 0, NVIDIA GeForce RTX 5090, 3245, 35
2026/07/14 23:18:31.515, 1, NVIDIA GeForce RTX 5090, 3065, 41
2026/07/14 23:18:31.520, 2, NVIDIA GeForce RTX 5090, 3065, 41
2026/07/14 23:18:31.522, 3, NVIDIA GeForce RTX 5090, 3065, 39
2026/07/14 23:18:31.525, 4, NVIDIA GeForce RTX 5090, 3065, 38
2026/07/14 23:18:33.616, 0, NVIDIA GeForce RTX 5090, 3245, 37
2026/07/14 23:18:33.621, 1, NVIDIA GeForce RTX 5090, 3065, 34
2026/07/14 23:18:33.628, 2, NVIDIA GeForce RTX 5090, 3065, 41
2026/07/14 23:18:33.633, 3, NVIDIA GeForce RTX 5090, 3065, 34
2026/07/14 23:18:33.638, 4, NVIDIA GeForce RTX 5090, 3065, 40
2026/07/14 23:18:35.729, 0, NVIDIA GeForce RTX 5090, 3245, 34
2026/07/14 23:18:35.733, 1, NVIDIA GeForce RTX 5090, 3065, 38
2026/07/14 23:18:35.737, 2, NVIDIA GeForce RTX 5090, 3065, 36
2026/07/14 23:18:35.740, 3, NVIDIA GeForce RTX 5090, 3065, 34
2026/07/14 23:18:35.742, 4, NVIDIA GeForce RTX 5090, 3065, 35
2026/07/14 23:18:37.845, 0, NVIDIA GeForce RTX 5090, 3245, 41
2026/07/14 23:18:37.849, 1, NVIDIA GeForce RTX 5090, 3065, 40
2026/07/14 23:18:37.852, 2, NVIDIA GeForce RTX 5090, 3065, 38
2026/07/14 23:18:37.856, 3, NVIDIA GeForce RTX 5090, 3065, 36
2026/07/14 23:18:37.859, 4, NVIDIA GeForce RTX 5090, 3065, 40
2026/07/14 23:18:39.976, 0, NVIDIA GeForce RTX 5090, 3245, 35
2026/07/14 23:18:39.980, 1, NVIDIA GeForce RTX 5090, 3065, 38
2026/07/14 23:18:39.983, 2, NVIDIA GeForce RTX 5090, 3065, 40
2026/07/14 23:18:39.985, 3, NVIDIA GeForce RTX 5090, 3065, 33
2026/07/14 23:18:39.988, 4, NVIDIA GeForce RTX 5090, 3065, 40
2026/07/14 23:18:42.131, 0, NVIDIA GeForce RTX 5090, 3245, 42
2026/07/14 23:18:42.135, 1, NVIDIA GeForce RTX 5090, 3065, 39
2026/07/14 23:18:42.138, 2, NVIDIA GeForce RTX 5090, 3065, 20
2026/07/14 23:18:42.143, 3, NVIDIA GeForce RTX 5090, 3065, 0
2026/07/14 23:18:42.146, 4, NVIDIA GeForce RTX 5090, 3065, 33
2026/07/14 23:18:44.264, 0, NVIDIA GeForce RTX 5090, 3245, 4
2026/07/14 23:18:44.269, 1, NVIDIA GeForce RTX 5090, 3065, 11
2026/07/14 23:18:44.271, 2, NVIDIA GeForce RTX 5090, 3065, 40
2026/07/14 23:18:44.274, 3, NVIDIA GeForce RTX 5090, 3065, 39
2026/07/14 23:18:44.277, 4, NVIDIA GeForce RTX 5090, 3065, 9
2026/07/14 23:18:46.393, 0, NVIDIA GeForce RTX 5090, 3245, 37
2026/07/14 23:18:46.399, 1, NVIDIA GeForce RTX 5090, 3065, 37
2026/07/14 23:18:46.404, 2, NVIDIA GeForce RTX 5090, 3065, 35
2026/07/14 23:18:46.407, 3, NVIDIA GeForce RTX 5090, 3065, 34
2026/07/14 23:18:46.409, 4, NVIDIA GeForce RTX 5090, 3065, 41
2026/07/14 23:18:48.529, 0, NVIDIA GeForce RTX 5090, 3245, 38
2026/07/14 23:18:48.533, 1, NVIDIA GeForce RTX 5090, 3065, 40
2026/07/14 23:18:48.536, 2, NVIDIA GeForce RTX 5090, 3065, 40
2026/07/14 23:18:48.540, 3, NVIDIA GeForce RTX 5090, 3065, 41
2026/07/14 23:18:48.544, 4, NVIDIA GeForce RTX 5090, 3065, 41
2026/07/14 23:18:50.681, 0, NVIDIA GeForce RTX 5090, 3245, 40
2026/07/14 23:18:50.686, 1, NVIDIA GeForce RTX 5090, 3065, 39
2026/07/14 23:18:50.688, 2, NVIDIA GeForce RTX 5090, 3065, 0
2026/07/14 23:18:50.693, 3, NVIDIA GeForce RTX 5090, 3065, 21
2026/07/14 23:18:50.697, 4, NVIDIA GeForce RTX 5090, 3065, 40
2026/07/14 23:18:52.811, 0, NVIDIA GeForce RTX 5090, 3245, 41
2026/07/14 23:18:52.815, 1, NVIDIA GeForce RTX 5090, 3065, 42
2026/07/14 23:18:52.817, 2, NVIDIA GeForce RTX 5090, 3065, 38
2026/07/14 23:18:52.819, 3, NVIDIA GeForce RTX 5090, 3065, 39
2026/07/14 23:18:52.821, 4, NVIDIA GeForce RTX 5090, 3065, 40
2026/07/14 23:18:54.931, 0, NVIDIA GeForce RTX 5090, 3245, 11
2026/07/14 23:18:54.937, 1, NVIDIA GeForce RTX 5090, 3065, 17
2026/07/14 23:18:54.940, 2, NVIDIA GeForce RTX 5090, 3065, 0
2026/07/14 23:18:54.943, 3, NVIDIA GeForce RTX 5090, 3065, 34
2026/07/14 23:18:54.946, 4, NVIDIA GeForce RTX 5090, 3065, 20
2026/07/14 23:18:57.081, 0, NVIDIA GeForce RTX 5090, 3245, 34
2026/07/14 23:18:57.086, 1, NVIDIA GeForce RTX 5090, 3065, 22
2026/07/14 23:18:57.089, 2, NVIDIA GeForce RTX 5090, 3065, 40
2026/07/14 23:18:57.092, 3, NVIDIA GeForce RTX 5090, 3065, 39
2026/07/14 23:18:57.094, 4, NVIDIA GeForce RTX 5090, 3065, 22
2026/07/14 23:18:59.243, 0, NVIDIA GeForce RTX 5090, 3245, 39
2026/07/14 23:18:59.248, 1, NVIDIA GeForce RTX 5090, 3065, 35
2026/07/14 23:18:59.251, 2, NVIDIA GeForce RTX 5090, 3065, 34
2026/07/14 23:18:59.254, 3, NVIDIA GeForce RTX 5090, 3065, 36
2026/07/14 23:18:59.258, 4, NVIDIA GeForce RTX 5090, 3065, 34
2026/07/14 23:19:01.373, 0, NVIDIA GeForce RTX 5090, 3245, 40
2026/07/14 23:19:01.378, 1, NVIDIA GeForce RTX 5090, 3065, 34
2026/07/14 23:19:01.381, 2, NVIDIA GeForce RTX 5090, 3065, 34
2026/07/14 23:19:01.386, 3, NVIDIA GeForce RTX 5090, 3065, 36
2026/07/14 23:19:01.390, 4, NVIDIA GeForce RTX 5090, 3065, 37
2026/07/14 23:19:03.522, 0, NVIDIA GeForce RTX 5090, 3245, 34
2026/07/14 23:19:03.526, 1, NVIDIA GeForce RTX 5090, 3065, 39
2026/07/14 23:19:03.532, 2, NVIDIA GeForce RTX 5090, 3065, 25
2026/07/14 23:19:03.535, 3, NVIDIA GeForce RTX 5090, 3065, 37
2026/07/14 23:19:03.537, 4, NVIDIA GeForce RTX 5090, 3065, 40
2026/07/14 23:19:05.648, 0, NVIDIA GeForce RTX 5090, 3245, 41
2026/07/14 23:19:05.652, 1, NVIDIA GeForce RTX 5090, 3065, 34
2026/07/14 23:19:05.656, 2, NVIDIA GeForce RTX 5090, 3065, 39
2026/07/14 23:19:05.660, 3, NVIDIA GeForce RTX 5090, 3065, 38
2026/07/14 23:19:05.662, 4, NVIDIA GeForce RTX 5090, 3065, 36
2026/07/14 23:19:07.774, 0, NVIDIA GeForce RTX 5090, 3245, 4
2026/07/14 23:19:07.777, 1, NVIDIA GeForce RTX 5090, 3065, 0
2026/07/14 23:19:07.781, 2, NVIDIA GeForce RTX 5090, 3065, 34
2026/07/14 23:19:07.783, 3, NVIDIA GeForce RTX 5090, 3065, 40
2026/07/14 23:19:07.786, 4, NVIDIA GeForce RTX 5090, 3065, 0
2026/07/14 23:19:09.923, 0, NVIDIA GeForce RTX 5090, 3245, 38
2026/07/14 23:19:09.927, 1, NVIDIA GeForce RTX 5090, 3065, 40
2026/07/14 23:19:09.931, 2, NVIDIA GeForce RTX 5090, 3065, 34
2026/07/14 23:19:09.937, 3, NVIDIA GeForce RTX 5090, 3065, 9
2026/07/14 23:19:09.940, 4, NVIDIA GeForce RTX 5090, 3065, 33
2026/07/14 23:19:12.072, 0, NVIDIA GeForce RTX 5090, 3245, 37
2026/07/14 23:19:12.076, 1, NVIDIA GeForce RTX 5090, 3065, 40
2026/07/14 23:19:12.078, 2, NVIDIA GeForce RTX 5090, 3065, 40
2026/07/14 23:19:12.080, 3, NVIDIA GeForce RTX 5090, 3065, 40
2026/07/14 23:19:12.083, 4, NVIDIA GeForce RTX 5090, 3065, 39
2026/07/14 23:19:14.210, 0, NVIDIA GeForce RTX 5090, 3245, 38
2026/07/14 23:19:14.215, 1, NVIDIA GeForce RTX 5090, 3065, 36
2026/07/14 23:19:14.218, 2, NVIDIA GeForce RTX 5090, 3065, 21
2026/07/14 23:19:14.223, 3, NVIDIA GeForce RTX 5090, 3065, 40
2026/07/14 23:19:14.227, 4, NVIDIA GeForce RTX 5090, 3065, 34
2026/07/14 23:19:16.341, 0, NVIDIA GeForce RTX 5090, 3245, 40
2026/07/14 23:19:16.347, 1, NVIDIA GeForce RTX 5090, 3065, 33
2026/07/14 23:19:16.350, 2, NVIDIA GeForce RTX 5090, 3065, 34
2026/07/14 23:19:16.353, 3, NVIDIA GeForce RTX 5090, 3065, 39
2026/07/14 23:19:16.356, 4, NVIDIA GeForce RTX 5090, 3065, 31
2026/07/14 23:19:18.454, 0, NVIDIA GeForce RTX 5090, 3245, 40
2026/07/14 23:19:18.457, 1, NVIDIA GeForce RTX 5090, 3065, 41
2026/07/14 23:19:18.459, 2, NVIDIA GeForce RTX 5090, 3065, 35
2026/07/14 23:19:18.461, 3, NVIDIA GeForce RTX 5090, 3065, 34
2026/07/14 23:19:18.464, 4, NVIDIA GeForce RTX 5090, 3065, 40
2026/07/14 23:19:20.592, 0, NVIDIA GeForce RTX 5090, 3245, 38
2026/07/14 23:19:20.596, 1, NVIDIA GeForce RTX 5090, 3065, 34
2026/07/14 23:19:20.599, 2, NVIDIA GeForce RTX 5090, 3065, 34
2026/07/14 23:19:20.604, 3, NVIDIA GeForce RTX 5090, 3065, 21
2026/07/14 23:19:20.606, 4, NVIDIA GeForce RTX 5090, 3065, 33
2026/07/14 23:19:22.720, 0, NVIDIA GeForce RTX 5090, 3245, 38
2026/07/14 23:19:22.726, 1, NVIDIA GeForce RTX 5090, 3065, 35
2026/07/14 23:19:22.729, 2, NVIDIA GeForce RTX 5090, 3065, 40
2026/07/14 23:19:22.732, 3, NVIDIA GeForce RTX 5090, 3065, 36
2026/07/14 23:19:22.735, 4, NVIDIA GeForce RTX 5090, 3065, 34
2026/07/14 23:19:24.875, 0, NVIDIA GeForce RTX 5090, 3245, 34
2026/07/14 23:19:24.879, 1, NVIDIA GeForce RTX 5090, 3065, 34
2026/07/14 23:19:24.882, 2, NVIDIA GeForce RTX 5090, 3065, 35
2026/07/14 23:19:24.885, 3, NVIDIA GeForce RTX 5090, 3065, 33
2026/07/14 23:19:24.888, 4, NVIDIA GeForce RTX 5090, 3065, 34
2026/07/14 23:19:27.031, 0, NVIDIA GeForce RTX 5090, 3245, 35
2026/07/14 23:19:27.035, 1, NVIDIA GeForce RTX 5090, 3065, 35
2026/07/14 23:19:27.038, 2, NVIDIA GeForce RTX 5090, 3065, 41
2026/07/14 23:19:27.041, 3, NVIDIA GeForce RTX 5090, 3065, 38
2026/07/14 23:19:27.047, 4, NVIDIA GeForce RTX 5090, 3065, 37
2026/07/14 23:19:29.162, 0, NVIDIA GeForce RTX 5090, 3245, 34
2026/07/14 23:19:29.167, 1, NVIDIA GeForce RTX 5090, 3065, 39
2026/07/14 23:19:29.172, 2, NVIDIA GeForce RTX 5090, 3065, 41
2026/07/14 23:19:29.175, 3, NVIDIA GeForce RTX 5090, 3065, 33
2026/07/14 23:19:29.178, 4, NVIDIA GeForce RTX 5090, 3065, 39
2026/07/14 23:19:31.269, 0, NVIDIA GeForce RTX 5090, 3245, 36
2026/07/14 23:19:31.272, 1, NVIDIA GeForce RTX 5090, 3065, 37
2026/07/14 23:19:31.275, 2, NVIDIA GeForce RTX 5090, 3065, 41
2026/07/14 23:19:31.277, 3, NVIDIA GeForce RTX 5090, 3065, 9
2026/07/14 23:19:31.279, 4, NVIDIA GeForce RTX 5090, 3065, 35
2026/07/14 23:19:33.391, 0, NVIDIA GeForce RTX 5090, 3245, 42
2026/07/14 23:19:33.395, 1, NVIDIA GeForce RTX 5090, 3065, 39
2026/07/14 23:19:33.398, 2, NVIDIA GeForce RTX 5090, 3065, 0
2026/07/14 23:19:33.401, 3, NVIDIA GeForce RTX 5090, 3065, 20
2026/07/14 23:19:33.404, 4, NVIDIA GeForce RTX 5090, 3065, 38
2026/07/14 23:19:35.544, 0, NVIDIA GeForce RTX 5090, 3245, 37
2026/07/14 23:19:35.548, 1, NVIDIA GeForce RTX 5090, 3065, 41
2026/07/14 23:19:35.553, 2, NVIDIA GeForce RTX 5090, 3065, 35
2026/07/14 23:19:35.557, 3, NVIDIA GeForce RTX 5090, 3065, 36
2026/07/14 23:19:35.560, 4, NVIDIA GeForce RTX 5090, 3065, 36
2026/07/14 23:19:37.696, 0, NVIDIA GeForce RTX 5090, 3245, 21
2026/07/14 23:19:37.700, 1, NVIDIA GeForce RTX 5090, 3065, 21
2026/07/14 23:19:37.703, 2, NVIDIA GeForce RTX 5090, 3065, 41
2026/07/14 23:19:37.706, 3, NVIDIA GeForce RTX 5090, 3065, 36
2026/07/14 23:19:37.709, 4, NVIDIA GeForce RTX 5090, 3065, 30
2026/07/14 23:19:39.844, 0, NVIDIA GeForce RTX 5090, 3245, 41
2026/07/14 23:19:39.848, 1, NVIDIA GeForce RTX 5090, 3065, 40
2026/07/14 23:19:39.851, 2, NVIDIA GeForce RTX 5090, 3065, 41
2026/07/14 23:19:39.854, 3, NVIDIA GeForce RTX 5090, 3065, 38
2026/07/14 23:19:39.857, 4, NVIDIA GeForce RTX 5090, 3065, 40
2026/07/14 23:19:41.989, 0, NVIDIA GeForce RTX 5090, 3245, 39
2026/07/14 23:19:41.994, 1, NVIDIA GeForce RTX 5090, 3065, 38
2026/07/14 23:19:41.997, 2, NVIDIA GeForce RTX 5090, 3065, 33
2026/07/14 23:19:41.999, 3, NVIDIA GeForce RTX 5090, 3065, 38
2026/07/14 23:19:42.002, 4, NVIDIA GeForce RTX 5090, 3065, 36
2026/07/14 23:19:44.137, 0, NVIDIA GeForce RTX 5090, 3245, 34
2026/07/14 23:19:44.141, 1, NVIDIA GeForce RTX 5090, 3065, 38
2026/07/14 23:19:44.144, 2, NVIDIA GeForce RTX 5090, 3065, 0
2026/07/14 23:19:44.148, 3, NVIDIA GeForce RTX 5090, 3065, 0
2026/07/14 23:19:44.151, 4, NVIDIA GeForce RTX 5090, 3065, 34
2026/07/14 23:19:46.290, 0, NVIDIA GeForce RTX 5090, 3245, 5
2026/07/14 23:19:46.296, 1, NVIDIA GeForce RTX 5090, 3065, 0
2026/07/14 23:19:46.298, 2, NVIDIA GeForce RTX 5090, 3065, 35
2026/07/14 23:19:46.301, 3, NVIDIA GeForce RTX 5090, 3065, 34
2026/07/14 23:19:46.305, 4, NVIDIA GeForce RTX 5090, 3065, 0
2026/07/14 23:19:48.418, 0, NVIDIA GeForce RTX 5090, 3245, 38
2026/07/14 23:19:48.422, 1, NVIDIA GeForce RTX 5090, 3065, 33
2026/07/14 23:19:48.425, 2, NVIDIA GeForce RTX 5090, 3065, 33
2026/07/14 23:19:48.428, 3, NVIDIA GeForce RTX 5090, 3065, 40
2026/07/14 23:19:48.430, 4, NVIDIA GeForce RTX 5090, 3065, 37
2026/07/14 23:19:50.559, 0, NVIDIA GeForce RTX 5090, 3245, 35
2026/07/14 23:19:50.563, 1, NVIDIA GeForce RTX 5090, 3065, 38
2026/07/14 23:19:50.566, 2, NVIDIA GeForce RTX 5090, 3065, 36
2026/07/14 23:19:50.569, 3, NVIDIA GeForce RTX 5090, 3065, 40
2026/07/14 23:19:50.572, 4, NVIDIA GeForce RTX 5090, 3065, 37
2026/07/14 23:19:52.706, 0, NVIDIA GeForce RTX 5090, 3245, 36
2026/07/14 23:19:52.713, 1, NVIDIA GeForce RTX 5090, 3065, 40
2026/07/14 23:19:52.716, 2, NVIDIA GeForce RTX 5090, 3065, 13
2026/07/14 23:19:52.719, 3, NVIDIA GeForce RTX 5090, 3065, 34
2026/07/14 23:19:52.721, 4, NVIDIA GeForce RTX 5090, 3065, 35
2026/07/14 23:19:54.850, 0, NVIDIA GeForce RTX 5090, 3245, 38
2026/07/14 23:19:54.854, 1, NVIDIA GeForce RTX 5090, 3065, 34
2026/07/14 23:19:54.856, 2, NVIDIA GeForce RTX 5090, 3065, 34
2026/07/14 23:19:54.858, 3, NVIDIA GeForce RTX 5090, 3065, 40
2026/07/14 23:19:54.861, 4, NVIDIA GeForce RTX 5090, 3065, 35
2026/07/14 23:19:56.989, 0, NVIDIA GeForce RTX 5090, 3245, 4
2026/07/14 23:19:56.993, 1, NVIDIA GeForce RTX 5090, 3065, 29
2026/07/14 23:19:56.999, 2, NVIDIA GeForce RTX 5090, 3065, 34
2026/07/14 23:19:57.001, 3, NVIDIA GeForce RTX 5090, 3065, 37
2026/07/14 23:19:57.004, 4, NVIDIA GeForce RTX 5090, 3065, 0
2026/07/14 23:19:59.135, 0, NVIDIA GeForce RTX 5090, 3245, 40
2026/07/14 23:19:59.139, 1, NVIDIA GeForce RTX 5090, 3065, 37
2026/07/14 23:19:59.141, 2, NVIDIA GeForce RTX 5090, 3065, 40
2026/07/14 23:19:59.145, 3, NVIDIA GeForce RTX 5090, 3065, 40
2026/07/14 23:19:59.151, 4, NVIDIA GeForce RTX 5090, 3065, 38
2026/07/14 23:20:01.268, 0, NVIDIA GeForce RTX 5090, 3245, 34
2026/07/14 23:20:01.273, 1, NVIDIA GeForce RTX 5090, 3065, 39
2026/07/14 23:20:01.275, 2, NVIDIA GeForce RTX 5090, 3065, 40
2026/07/14 23:20:01.278, 3, NVIDIA GeForce RTX 5090, 3065, 34
2026/07/14 23:20:01.281, 4, NVIDIA GeForce RTX 5090, 3065, 38
2026/07/14 23:20:03.381, 0, NVIDIA GeForce RTX 5090, 3245, 34
2026/07/14 23:20:03.385, 1, NVIDIA GeForce RTX 5090, 3065, 34
2026/07/14 23:20:03.388, 2, NVIDIA GeForce RTX 5090, 3065, 0
2026/07/14 23:20:03.391, 3, NVIDIA GeForce RTX 5090, 3065, 12
2026/07/14 23:20:03.393, 4, NVIDIA GeForce RTX 5090, 3065, 34
2026/07/14 23:20:05.492, 0, NVIDIA GeForce RTX 5090, 3245, 3
2026/07/14 23:20:05.496, 1, NVIDIA GeForce RTX 5090, 3065, 0
2026/07/14 23:20:05.499, 2, NVIDIA GeForce RTX 5090, 3065, 39
2026/07/14 23:20:05.502, 3, NVIDIA GeForce RTX 5090, 3065, 41
2026/07/14 23:20:05.504, 4, NVIDIA GeForce RTX 5090, 3065, 0
2026/07/14 23:20:07.596, 0, NVIDIA GeForce RTX 5090, 3245, 11
2026/07/14 23:20:07.600, 1, NVIDIA GeForce RTX 5090, 3065, 31
2026/07/14 23:20:07.602, 2, NVIDIA GeForce RTX 5090, 3065, 36
2026/07/14 23:20:07.604, 3, NVIDIA GeForce RTX 5090, 3065, 40
2026/07/14 23:20:07.606, 4, NVIDIA GeForce RTX 5090, 3065, 30
2026/07/14 23:20:09.712, 0, NVIDIA GeForce RTX 5090, 3245, 0
2026/07/14 23:20:09.715, 1, NVIDIA GeForce RTX 5090, 3065, 0
2026/07/14 23:20:09.718, 2, NVIDIA GeForce RTX 5090, 3065, 41
2026/07/14 23:20:09.721, 3, NVIDIA GeForce RTX 5090, 3065, 34
2026/07/14 23:20:09.723, 4, NVIDIA GeForce RTX 5090, 3065, 0
2026/07/14 23:20:11.860, 0, NVIDIA GeForce RTX 5090, 3245, 40
2026/07/14 23:20:11.864, 1, NVIDIA GeForce RTX 5090, 3065, 37
2026/07/14 23:20:11.869, 2, NVIDIA GeForce RTX 5090, 3065, 34
2026/07/14 23:20:11.872, 3, NVIDIA GeForce RTX 5090, 3065, 6
2026/07/14 23:20:11.875, 4, NVIDIA GeForce RTX 5090, 3065, 46
2026/07/14 23:20:13.997, 0, NVIDIA GeForce RTX 5090, 3245, 39
2026/07/14 23:20:14.001, 1, NVIDIA GeForce RTX 5090, 3065, 36
2026/07/14 23:20:14.004, 2, NVIDIA GeForce RTX 5090, 3065, 34
2026/07/14 23:20:14.007, 3, NVIDIA GeForce RTX 5090, 3065, 38
2026/07/14 23:20:14.009, 4, NVIDIA GeForce RTX 5090, 3065, 40
2026/07/14 23:20:16.097, 0, NVIDIA GeForce RTX 5090, 3245, 38
2026/07/14 23:20:16.102, 1, NVIDIA GeForce RTX 5090, 3065, 34
2026/07/14 23:20:16.104, 2, NVIDIA GeForce RTX 5090, 3065, 36
2026/07/14 23:20:16.107, 3, NVIDIA GeForce RTX 5090, 3065, 38
2026/07/14 23:20:16.111, 4, NVIDIA GeForce RTX 5090, 3065, 37
2026/07/14 23:20:18.249, 0, NVIDIA GeForce RTX 5090, 3245, 38
2026/07/14 23:20:18.253, 1, NVIDIA GeForce RTX 5090, 3065, 40
2026/07/14 23:20:18.256, 2, NVIDIA GeForce RTX 5090, 3065, 38
2026/07/14 23:20:18.259, 3, NVIDIA GeForce RTX 5090, 3065, 36
2026/07/14 23:20:18.262, 4, NVIDIA GeForce RTX 5090, 3065, 38
2026/07/14 23:20:20.353, 0, NVIDIA GeForce RTX 5090, 3245, 38
2026/07/14 23:20:20.356, 1, NVIDIA GeForce RTX 5090, 3065, 39
2026/07/14 23:20:20.358, 2, NVIDIA GeForce RTX 5090, 3065, 37
2026/07/14 23:20:20.360, 3, NVIDIA GeForce RTX 5090, 3065, 33
2026/07/14 23:20:20.362, 4, NVIDIA GeForce RTX 5090, 3065, 38
2026/07/14 23:20:22.469, 0, NVIDIA GeForce RTX 5090, 3245, 36
2026/07/14 23:20:22.474, 1, NVIDIA GeForce RTX 5090, 3065, 37
2026/07/14 23:20:22.477, 2, NVIDIA GeForce RTX 5090, 3065, 20
2026/07/14 23:20:22.479, 3, NVIDIA GeForce RTX 5090, 3065, 0
2026/07/14 23:20:22.482, 4, NVIDIA GeForce RTX 5090, 3065, 39
2026/07/14 23:20:24.601, 0, NVIDIA GeForce RTX 5090, 3245, 35
2026/07/14 23:20:24.606, 1, NVIDIA GeForce RTX 5090, 3065, 40
2026/07/14 23:20:24.611, 2, NVIDIA GeForce RTX 5090, 3065, 37
2026/07/14 23:20:24.614, 3, NVIDIA GeForce RTX 5090, 3065, 37
2026/07/14 23:20:24.617, 4, NVIDIA GeForce RTX 5090, 3065, 40
2026/07/14 23:20:26.757, 0, NVIDIA GeForce RTX 5090, 3245, 35
2026/07/14 23:20:26.761, 1, NVIDIA GeForce RTX 5090, 3065, 35
2026/07/14 23:20:26.763, 2, NVIDIA GeForce RTX 5090, 3065, 40
2026/07/14 23:20:26.766, 3, NVIDIA GeForce RTX 5090, 3065, 40
2026/07/14 23:20:26.769, 4, NVIDIA GeForce RTX 5090, 3065, 37
2026/07/14 23:20:28.910, 0, NVIDIA GeForce RTX 5090, 3245, 35
2026/07/14 23:20:28.915, 1, NVIDIA GeForce RTX 5090, 3065, 34
2026/07/14 23:20:28.918, 2, NVIDIA GeForce RTX 5090, 3065, 37
2026/07/14 23:20:28.921, 3, NVIDIA GeForce RTX 5090, 3065, 36
2026/07/14 23:20:28.926, 4, NVIDIA GeForce RTX 5090, 3065, 36
2026/07/14 23:20:31.065, 0, NVIDIA GeForce RTX 5090, 3245, 38
2026/07/14 23:20:31.070, 1, NVIDIA GeForce RTX 5090, 3065, 36
2026/07/14 23:20:31.075, 2, NVIDIA GeForce RTX 5090, 3065, 40
2026/07/14 23:20:31.078, 3, NVIDIA GeForce RTX 5090, 3065, 34
2026/07/14 23:20:31.082, 4, NVIDIA GeForce RTX 5090, 3065, 40
2026/07/14 23:20:33.197, 0, NVIDIA GeForce RTX 5090, 3245, 38
2026/07/14 23:20:33.201, 1, NVIDIA GeForce RTX 5090, 3065, 34
2026/07/14 23:20:33.206, 2, NVIDIA GeForce RTX 5090, 3065, 19
2026/07/14 23:20:33.208, 3, NVIDIA GeForce RTX 5090, 3065, 0
2026/07/14 23:20:33.210, 4, NVIDIA GeForce RTX 5090, 3065, 40
2026/07/14 23:20:35.310, 0, NVIDIA GeForce RTX 5090, 3245, 4
2026/07/14 23:20:35.314, 1, NVIDIA GeForce RTX 5090, 3065, 9
2026/07/14 23:20:35.321, 2, NVIDIA GeForce RTX 5090, 3065, 37
2026/07/14 23:20:35.323, 3, NVIDIA GeForce RTX 5090, 3065, 36
2026/07/14 23:20:35.326, 4, NVIDIA GeForce RTX 5090, 3065, 24
2026/07/14 23:20:37.441, 0, NVIDIA GeForce RTX 5090, 3245, 36
2026/07/14 23:20:37.445, 1, NVIDIA GeForce RTX 5090, 3065, 37
2026/07/14 23:20:37.448, 2, NVIDIA GeForce RTX 5090, 3065, 40
2026/07/14 23:20:37.452, 3, NVIDIA GeForce RTX 5090, 3065, 40
2026/07/14 23:20:37.455, 4, NVIDIA GeForce RTX 5090, 3065, 34
2026/07/14 23:20:39.574, 0, NVIDIA GeForce RTX 5090, 3245, 35
2026/07/14 23:20:39.578, 1, NVIDIA GeForce RTX 5090, 3065, 37
2026/07/14 23:20:39.581, 2, NVIDIA GeForce RTX 5090, 3065, 35
2026/07/14 23:20:39.584, 3, NVIDIA GeForce RTX 5090, 3065, 34
2026/07/14 23:20:39.589, 4, NVIDIA GeForce RTX 5090, 3065, 40
2026/07/14 23:20:41.684, 0, NVIDIA GeForce RTX 5090, 3245, 38
2026/07/14 23:20:41.690, 1, NVIDIA GeForce RTX 5090, 3065, 39
2026/07/14 23:20:41.692, 2, NVIDIA GeForce RTX 5090, 3065, 38
2026/07/14 23:20:41.695, 3, NVIDIA GeForce RTX 5090, 3065, 37
2026/07/14 23:20:41.700, 4, NVIDIA GeForce RTX 5090, 3065, 36
2026/07/14 23:20:43.812, 0, NVIDIA GeForce RTX 5090, 3245, 38
2026/07/14 23:20:43.817, 1, NVIDIA GeForce RTX 5090, 3065, 34
2026/07/14 23:20:43.819, 2, NVIDIA GeForce RTX 5090, 3065, 41
2026/07/14 23:20:43.822, 3, NVIDIA GeForce RTX 5090, 3065, 39
2026/07/14 23:20:43.825, 4, NVIDIA GeForce RTX 5090, 3065, 34
2026/07/14 23:20:45.958, 0, NVIDIA GeForce RTX 5090, 3245, 38
2026/07/14 23:20:45.964, 1, NVIDIA GeForce RTX 5090, 3065, 34
2026/07/14 23:20:45.968, 2, NVIDIA GeForce RTX 5090, 3065, 36
2026/07/14 23:20:45.970, 3, NVIDIA GeForce RTX 5090, 3065, 35
2026/07/14 23:20:45.973, 4, NVIDIA GeForce RTX 5090, 3065, 37
2026/07/14 23:20:48.088, 0, NVIDIA GeForce RTX 5090, 3245, 40
2026/07/14 23:20:48.094, 1, NVIDIA GeForce RTX 5090, 3065, 36
2026/07/14 23:20:48.096, 2, NVIDIA GeForce RTX 5090, 3065, 0
2026/07/14 23:20:48.100, 3, NVIDIA GeForce RTX 5090, 3065, 0
2026/07/14 23:20:48.102, 4, NVIDIA GeForce RTX 5090, 3065, 39
2026/07/14 23:20:50.234, 0, NVIDIA GeForce RTX 5090, 3245, 5
2026/07/14 23:20:50.238, 1, NVIDIA GeForce RTX 5090, 3065, 0
2026/07/14 23:20:50.241, 2, NVIDIA GeForce RTX 5090, 3065, 36
2026/07/14 23:20:50.244, 3, NVIDIA GeForce RTX 5090, 3065, 35
2026/07/14 23:20:50.247, 4, NVIDIA GeForce RTX 5090, 3065, 0
2026/07/14 23:20:52.341, 0, NVIDIA GeForce RTX 5090, 3245, 35
2026/07/14 23:20:52.345, 1, NVIDIA GeForce RTX 5090, 3065, 33
2026/07/14 23:20:52.348, 2, NVIDIA GeForce RTX 5090, 3065, 34
2026/07/14 23:20:52.351, 3, NVIDIA GeForce RTX 5090, 3065, 39
2026/07/14 23:20:52.353, 4, NVIDIA GeForce RTX 5090, 3065, 36
2026/07/14 23:20:54.445, 0, NVIDIA GeForce RTX 5090, 3245, 41
2026/07/14 23:20:54.448, 1, NVIDIA GeForce RTX 5090, 3065, 34
2026/07/14 23:20:54.450, 2, NVIDIA GeForce RTX 5090, 3065, 38
2026/07/14 23:20:54.452, 3, NVIDIA GeForce RTX 5090, 3065, 39
2026/07/14 23:20:54.454, 4, NVIDIA GeForce RTX 5090, 3065, 38
2026/07/14 23:20:56.563, 0, NVIDIA GeForce RTX 5090, 3245, 34
2026/07/14 23:20:56.567, 1, NVIDIA GeForce RTX 5090, 3065, 40
2026/07/14 23:20:56.570, 2, NVIDIA GeForce RTX 5090, 3065, 38
2026/07/14 23:20:56.574, 3, NVIDIA GeForce RTX 5090, 3065, 25
2026/07/14 23:20:56.577, 4, NVIDIA GeForce RTX 5090, 3065, 36
2026/07/14 23:20:58.689, 0, NVIDIA GeForce RTX 5090, 3245, 37
2026/07/14 23:20:58.693, 1, NVIDIA GeForce RTX 5090, 3065, 32
2026/07/14 23:20:58.698, 2, NVIDIA GeForce RTX 5090, 3065, 34
2026/07/14 23:20:58.701, 3, NVIDIA GeForce RTX 5090, 3065, 33
2026/07/14 23:20:58.704, 4, NVIDIA GeForce RTX 5090, 3065, 33
2026/07/14 23:21:00.840, 0, NVIDIA GeForce RTX 5090, 3245, 35
2026/07/14 23:21:00.845, 1, NVIDIA GeForce RTX 5090, 3065, 36
2026/07/14 23:21:00.848, 2, NVIDIA GeForce RTX 5090, 3065, 36
2026/07/14 23:21:00.850, 3, NVIDIA GeForce RTX 5090, 3065, 39
2026/07/14 23:21:00.854, 4, NVIDIA GeForce RTX 5090, 3065, 40
2026/07/14 23:21:02.972, 0, NVIDIA GeForce RTX 5090, 3245, 32
2026/07/14 23:21:02.978, 1, NVIDIA GeForce RTX 5090, 3065, 21
2026/07/14 23:21:02.981, 2, NVIDIA GeForce RTX 5090, 3065, 41
2026/07/14 23:21:02.983, 3, NVIDIA GeForce RTX 5090, 3065, 37
2026/07/14 23:21:02.986, 4, NVIDIA GeForce RTX 5090, 3065, 33
2026/07/14 23:21:05.162, 0, NVIDIA GeForce RTX 5090, 3245, 37
2026/07/14 23:21:05.167, 1, NVIDIA GeForce RTX 5090, 3065, 40
2026/07/14 23:21:05.170, 2, NVIDIA GeForce RTX 5090, 3065, 40
2026/07/14 23:21:05.173, 3, NVIDIA GeForce RTX 5090, 3065, 37
2026/07/14 23:21:05.176, 4, NVIDIA GeForce RTX 5090, 3065, 33
2026/07/14 23:21:07.306, 0, NVIDIA GeForce RTX 5090, 3245, 41
2026/07/14 23:21:07.310, 1, NVIDIA GeForce RTX 5090, 3065, 38
2026/07/14 23:21:07.312, 2, NVIDIA GeForce RTX 5090, 3065, 41
2026/07/14 23:21:07.315, 3, NVIDIA GeForce RTX 5090, 3065, 42
2026/07/14 23:21:07.318, 4, NVIDIA GeForce RTX 5090, 3065, 35
2026/07/14 23:21:09.436, 0, NVIDIA GeForce RTX 5090, 3245, 36
2026/07/14 23:21:09.444, 1, NVIDIA GeForce RTX 5090, 3065, 34
2026/07/14 23:21:09.448, 2, NVIDIA GeForce RTX 5090, 3065, 35
2026/07/14 23:21:09.450, 3, NVIDIA GeForce RTX 5090, 3065, 39
2026/07/14 23:21:09.456, 4, NVIDIA GeForce RTX 5090, 3065, 33
2026/07/14 23:21:11.569, 0, NVIDIA GeForce RTX 5090, 3245, 36
2026/07/14 23:21:11.573, 1, NVIDIA GeForce RTX 5090, 3065, 40
2026/07/14 23:21:11.576, 2, NVIDIA GeForce RTX 5090, 3065, 35
2026/07/14 23:21:11.581, 3, NVIDIA GeForce RTX 5090, 3065, 38
2026/07/14 23:21:11.584, 4, NVIDIA GeForce RTX 5090, 3065, 37
2026/07/14 23:21:13.702, 0, NVIDIA GeForce RTX 5090, 3245, 40
2026/07/14 23:21:13.706, 1, NVIDIA GeForce RTX 5090, 3065, 35
2026/07/14 23:21:13.711, 2, NVIDIA GeForce RTX 5090, 3065, 38
2026/07/14 23:21:13.714, 3, NVIDIA GeForce RTX 5090, 3065, 36
2026/07/14 23:21:13.717, 4, NVIDIA GeForce RTX 5090, 3065, 37
2026/07/14 23:21:15.849, 0, NVIDIA GeForce RTX 5090, 3245, 34
2026/07/14 23:21:15.855, 1, NVIDIA GeForce RTX 5090, 3065, 40
2026/07/14 23:21:15.859, 2, NVIDIA GeForce RTX 5090, 3065, 41
2026/07/14 23:21:15.861, 3, NVIDIA GeForce RTX 5090, 3065, 35
2026/07/14 23:21:15.864, 4, NVIDIA GeForce RTX 5090, 3065, 35
2026/07/14 23:21:17.975, 0, NVIDIA GeForce RTX 5090, 3245, 35
2026/07/14 23:21:17.979, 1, NVIDIA GeForce RTX 5090, 3065, 34
2026/07/14 23:21:17.982, 2, NVIDIA GeForce RTX 5090, 3065, 41
2026/07/14 23:21:17.987, 3, NVIDIA GeForce RTX 5090, 3065, 40
2026/07/14 23:21:17.990, 4, NVIDIA GeForce RTX 5090, 3065, 40
2026/07/14 23:21:20.088, 0, NVIDIA GeForce RTX 5090, 3245, 37
2026/07/14 23:21:20.094, 1, NVIDIA GeForce RTX 5090, 3065, 33
2026/07/14 23:21:20.097, 2, NVIDIA GeForce RTX 5090, 3065, 37
2026/07/14 23:21:20.100, 3, NVIDIA GeForce RTX 5090, 3065, 40
2026/07/14 23:21:20.103, 4, NVIDIA GeForce RTX 5090, 3065, 36
2026/07/14 23:21:22.238, 0, NVIDIA GeForce RTX 5090, 3245, 35
2026/07/14 23:21:22.242, 1, NVIDIA GeForce RTX 5090, 3065, 34
2026/07/14 23:21:22.246, 2, NVIDIA GeForce RTX 5090, 3065, 35
2026/07/14 23:21:22.248, 3, NVIDIA GeForce RTX 5090, 3065, 4
2026/07/14 23:21:22.251, 4, NVIDIA GeForce RTX 5090, 3065, 34
2026/07/14 23:21:24.369, 0, NVIDIA GeForce RTX 5090, 3245, 14
2026/07/14 23:21:24.373, 1, NVIDIA GeForce RTX 5090, 3065, 31
2026/07/14 23:21:24.376, 2, NVIDIA GeForce RTX 5090, 3065, 37
2026/07/14 23:21:24.381, 3, NVIDIA GeForce RTX 5090, 3065, 35
2026/07/14 23:21:24.384, 4, NVIDIA GeForce RTX 5090, 3065, 0
2026/07/14 23:21:26.528, 0, NVIDIA GeForce RTX 5090, 3245, 35
2026/07/14 23:21:26.536, 1, NVIDIA GeForce RTX 5090, 3065, 39
2026/07/14 23:21:26.538, 2, NVIDIA GeForce RTX 5090, 3065, 34
2026/07/14 23:21:26.541, 3, NVIDIA GeForce RTX 5090, 3065, 34
2026/07/14 23:21:26.543, 4, NVIDIA GeForce RTX 5090, 3065, 38
2026/07/14 23:21:28.669, 0, NVIDIA GeForce RTX 5090, 3245, 41
2026/07/14 23:21:28.673, 1, NVIDIA GeForce RTX 5090, 3065, 32
2026/07/14 23:21:28.676, 2, NVIDIA GeForce RTX 5090, 3065, 39
2026/07/14 23:21:28.678, 3, NVIDIA GeForce RTX 5090, 3065, 34
2026/07/14 23:21:28.681, 4, NVIDIA GeForce RTX 5090, 3065, 34
2026/07/14 23:21:30.812, 0, NVIDIA GeForce RTX 5090, 3245, 41
2026/07/14 23:21:30.816, 1, NVIDIA GeForce RTX 5090, 3065, 40
2026/07/14 23:21:30.819, 2, NVIDIA GeForce RTX 5090, 3065, 0
2026/07/14 23:21:30.823, 3, NVIDIA GeForce RTX 5090, 3065, 0
2026/07/14 23:21:30.827, 4, NVIDIA GeForce RTX 5090, 3065, 36
2026/07/14 23:21:32.939, 0, NVIDIA GeForce RTX 5090, 3245, 41
2026/07/14 23:21:32.942, 1, NVIDIA GeForce RTX 5090, 3065, 34
2026/07/14 23:21:32.945, 2, NVIDIA GeForce RTX 5090, 3065, 40
2026/07/14 23:21:32.947, 3, NVIDIA GeForce RTX 5090, 3065, 33
2026/07/14 23:21:32.949, 4, NVIDIA GeForce RTX 5090, 3065, 40
2026/07/14 23:21:35.072, 0, NVIDIA GeForce RTX 5090, 3245, 11
2026/07/14 23:21:35.076, 1, NVIDIA GeForce RTX 5090, 3065, 0
2026/07/14 23:21:35.078, 2, NVIDIA GeForce RTX 5090, 3065, 0
2026/07/14 23:21:35.080, 3, NVIDIA GeForce RTX 5090, 3065, 0
2026/07/14 23:21:35.082, 4, NVIDIA GeForce RTX 5090, 3065, 0
2026/07/14 23:21:37.192, 0, NVIDIA GeForce RTX 5090, 3245, 38
2026/07/14 23:21:37.198, 1, NVIDIA GeForce RTX 5090, 3065, 40
2026/07/14 23:21:37.201, 2, NVIDIA GeForce RTX 5090, 3065, 34
2026/07/14 23:21:37.204, 3, NVIDIA GeForce RTX 5090, 3065, 39
2026/07/14 23:21:37.207, 4, NVIDIA GeForce RTX 5090, 3065, 40
2026/07/14 23:21:39.306, 0, NVIDIA GeForce RTX 5090, 3245, 40
2026/07/14 23:21:39.309, 1, NVIDIA GeForce RTX 5090, 3065, 34
2026/07/14 23:21:39.312, 2, NVIDIA GeForce RTX 5090, 3065, 36
2026/07/14 23:21:39.314, 3, NVIDIA GeForce RTX 5090, 3065, 39
2026/07/14 23:21:39.316, 4, NVIDIA GeForce RTX 5090, 3065, 37
2026/07/14 23:21:41.442, 0, NVIDIA GeForce RTX 5090, 3245, 40
2026/07/14 23:21:41.446, 1, NVIDIA GeForce RTX 5090, 3065, 41
2026/07/14 23:21:41.449, 2, NVIDIA GeForce RTX 5090, 3065, 13
2026/07/14 23:21:41.451, 3, NVIDIA GeForce RTX 5090, 3065, 0
2026/07/14 23:21:41.454, 4, NVIDIA GeForce RTX 5090, 3065, 33
2026/07/14 23:21:43.573, 0, NVIDIA GeForce RTX 5090, 3245, 39
2026/07/14 23:21:43.577, 1, NVIDIA GeForce RTX 5090, 3065, 34
2026/07/14 23:21:43.579, 2, NVIDIA GeForce RTX 5090, 3065, 34
2026/07/14 23:21:43.582, 3, NVIDIA GeForce RTX 5090, 3065, 33
2026/07/14 23:21:43.586, 4, NVIDIA GeForce RTX 5090, 3065, 40
2026/07/14 23:21:45.677, 0, NVIDIA GeForce RTX 5090, 3245, 40
2026/07/14 23:21:45.681, 1, NVIDIA GeForce RTX 5090, 3065, 37
2026/07/14 23:21:45.684, 2, NVIDIA GeForce RTX 5090, 3065, 35
2026/07/14 23:21:45.686, 3, NVIDIA GeForce RTX 5090, 3065, 38
2026/07/14 23:21:45.689, 4, NVIDIA GeForce RTX 5090, 3065, 21
2026/07/14 23:21:47.825, 0, NVIDIA GeForce RTX 5090, 3245, 41
2026/07/14 23:21:47.830, 1, NVIDIA GeForce RTX 5090, 3065, 39
2026/07/14 23:21:47.836, 2, NVIDIA GeForce RTX 5090, 3065, 40
2026/07/14 23:21:47.839, 3, NVIDIA GeForce RTX 5090, 3065, 34
2026/07/14 23:21:47.842, 4, NVIDIA GeForce RTX 5090, 3065, 38
2026/07/14 23:21:49.955, 0, NVIDIA GeForce RTX 5090, 3245, 34
2026/07/14 23:21:49.961, 1, NVIDIA GeForce RTX 5090, 3065, 37
2026/07/14 23:21:49.966, 2, NVIDIA GeForce RTX 5090, 3065, 37
2026/07/14 23:21:49.968, 3, NVIDIA GeForce RTX 5090, 3065, 34
2026/07/14 23:21:49.971, 4, NVIDIA GeForce RTX 5090, 3065, 38
2026/07/14 23:21:52.105, 0, NVIDIA GeForce RTX 5090, 3245, 40
2026/07/14 23:21:52.109, 1, NVIDIA GeForce RTX 5090, 3065, 34
2026/07/14 23:21:52.112, 2, NVIDIA GeForce RTX 5090, 3065, 11
2026/07/14 23:21:52.115, 3, NVIDIA GeForce RTX 5090, 3065, 0
2026/07/14 23:21:52.118, 4, NVIDIA GeForce RTX 5090, 3065, 39
2026/07/14 23:21:54.217, 0, NVIDIA GeForce RTX 5090, 3245, 5
2026/07/14 23:21:54.221, 1, NVIDIA GeForce RTX 5090, 3065, 0
2026/07/14 23:21:54.224, 2, NVIDIA GeForce RTX 5090, 3065, 39
2026/07/14 23:21:54.226, 3, NVIDIA GeForce RTX 5090, 3065, 32
2026/07/14 23:21:54.230, 4, NVIDIA GeForce RTX 5090, 3065, 1
2026/07/14 23:21:56.326, 0, NVIDIA GeForce RTX 5090, 3245, 40
2026/07/14 23:21:56.331, 1, NVIDIA GeForce RTX 5090, 3065, 34
2026/07/14 23:21:56.334, 2, NVIDIA GeForce RTX 5090, 3065, 38
2026/07/14 23:21:56.338, 3, NVIDIA GeForce RTX 5090, 3065, 40
2026/07/14 23:21:56.341, 4, NVIDIA GeForce RTX 5090, 3065, 33
2026/07/14 23:21:58.475, 0, NVIDIA GeForce RTX 5090, 3245, 39
2026/07/14 23:21:58.479, 1, NVIDIA GeForce RTX 5090, 3065, 40
2026/07/14 23:21:58.481, 2, NVIDIA GeForce RTX 5090, 3065, 37
2026/07/14 23:21:58.484, 3, NVIDIA GeForce RTX 5090, 3065, 40
2026/07/14 23:21:58.486, 4, NVIDIA GeForce RTX 5090, 3065, 36
2026/07/14 23:22:00.584, 0, NVIDIA GeForce RTX 5090, 3245, 34
2026/07/14 23:22:00.591, 1, NVIDIA GeForce RTX 5090, 3065, 41
2026/07/14 23:22:00.594, 2, NVIDIA GeForce RTX 5090, 3065, 2
2026/07/14 23:22:00.599, 3, NVIDIA GeForce RTX 5090, 3065, 34
2026/07/14 23:22:00.602, 4, NVIDIA GeForce RTX 5090, 3065, 37
2026/07/14 23:22:02.730, 0, NVIDIA GeForce RTX 5090, 3245, 39
2026/07/14 23:22:02.733, 1, NVIDIA GeForce RTX 5090, 3065, 34
2026/07/14 23:22:02.736, 2, NVIDIA GeForce RTX 5090, 3065, 39
2026/07/14 23:22:02.738, 3, NVIDIA GeForce RTX 5090, 3065, 36
2026/07/14 23:22:02.740, 4, NVIDIA GeForce RTX 5090, 3065, 39
2026/07/14 23:22:04.846, 0, NVIDIA GeForce RTX 5090, 3245, 42
2026/07/14 23:22:04.852, 1, NVIDIA GeForce RTX 5090, 3065, 39
2026/07/14 23:22:04.854, 2, NVIDIA GeForce RTX 5090, 3065, 37
2026/07/14 23:22:04.857, 3, NVIDIA GeForce RTX 5090, 3065, 40
2026/07/14 23:22:04.859, 4, NVIDIA GeForce RTX 5090, 3065, 39
2026/07/14 23:22:06.994, 0, NVIDIA GeForce RTX 5090, 3245, 39
2026/07/14 23:22:06.998, 1, NVIDIA GeForce RTX 5090, 3065, 36
2026/07/14 23:22:07.001, 2, NVIDIA GeForce RTX 5090, 3065, 40
2026/07/14 23:22:07.005, 3, NVIDIA GeForce RTX 5090, 3065, 38
2026/07/14 23:22:07.007, 4, NVIDIA GeForce RTX 5090, 3065, 36
2026/07/14 23:22:09.117, 0, NVIDIA GeForce RTX 5090, 3245, 41
2026/07/14 23:22:09.123, 1, NVIDIA GeForce RTX 5090, 3065, 42
2026/07/14 23:22:09.126, 2, NVIDIA GeForce RTX 5090, 3065, 0
2026/07/14 23:22:09.128, 3, NVIDIA GeForce RTX 5090, 3065, 0
2026/07/14 23:22:09.132, 4, NVIDIA GeForce RTX 5090, 3065, 40
2026/07/14 23:22:11.266, 0, NVIDIA GeForce RTX 5090, 3245, 5
2026/07/14 23:22:11.272, 1, NVIDIA GeForce RTX 5090, 3065, 0
2026/07/14 23:22:11.274, 2, NVIDIA GeForce RTX 5090, 3065, 13
2026/07/14 23:22:11.277, 3, NVIDIA GeForce RTX 5090, 3065, 33
2026/07/14 23:22:11.279, 4, NVIDIA GeForce RTX 5090, 3065, 0
2026/07/14 23:22:13.412, 0, NVIDIA GeForce RTX 5090, 3245, 41
2026/07/14 23:22:13.417, 1, NVIDIA GeForce RTX 5090, 3065, 32
2026/07/14 23:22:13.420, 2, NVIDIA GeForce RTX 5090, 3065, 40
2026/07/14 23:22:13.425, 3, NVIDIA GeForce RTX 5090, 3065, 34
2026/07/14 23:22:13.428, 4, NVIDIA GeForce RTX 5090, 3065, 35
2026/07/14 23:22:15.570, 0, NVIDIA GeForce RTX 5090, 3245, 4
2026/07/14 23:22:15.579, 1, NVIDIA GeForce RTX 5090, 3065, 17
2026/07/14 23:22:15.581, 2, NVIDIA GeForce RTX 5090, 3065, 41
2026/07/14 23:22:15.584, 3, NVIDIA GeForce RTX 5090, 3065, 35
2026/07/14 23:22:15.587, 4, NVIDIA GeForce RTX 5090, 3065, 12
2026/07/14 23:22:17.722, 0, NVIDIA GeForce RTX 5090, 3245, 36
2026/07/14 23:22:17.726, 1, NVIDIA GeForce RTX 5090, 3065, 37
2026/07/14 23:22:17.730, 2, NVIDIA GeForce RTX 5090, 3065, 41
2026/07/14 23:22:17.734, 3, NVIDIA GeForce RTX 5090, 3065, 8
2026/07/14 23:22:17.738, 4, NVIDIA GeForce RTX 5090, 3065, 34
2026/07/14 23:22:19.859, 0, NVIDIA GeForce RTX 5090, 3245, 38
2026/07/14 23:22:19.865, 1, NVIDIA GeForce RTX 5090, 3065, 38
2026/07/14 23:22:19.870, 2, NVIDIA GeForce RTX 5090, 3065, 34
2026/07/14 23:22:19.873, 3, NVIDIA GeForce RTX 5090, 3065, 34
2026/07/14 23:22:19.876, 4, NVIDIA GeForce RTX 5090, 3065, 40
2026/07/14 23:22:22.013, 0, NVIDIA GeForce RTX 5090, 3245, 40
2026/07/14 23:22:22.018, 1, NVIDIA GeForce RTX 5090, 3065, 35
2026/07/14 23:22:22.021, 2, NVIDIA GeForce RTX 5090, 3065, 39
2026/07/14 23:22:22.024, 3, NVIDIA GeForce RTX 5090, 3065, 39
2026/07/14 23:22:22.026, 4, NVIDIA GeForce RTX 5090, 3065, 37
2026/07/14 23:22:24.163, 0, NVIDIA GeForce RTX 5090, 3245, 40
2026/07/14 23:22:24.168, 1, NVIDIA GeForce RTX 5090, 3065, 40
2026/07/14 23:22:24.172, 2, NVIDIA GeForce RTX 5090, 3065, 35
2026/07/14 23:22:24.175, 3, NVIDIA GeForce RTX 5090, 3065, 39
2026/07/14 23:22:24.179, 4, NVIDIA GeForce RTX 5090, 3065, 38
2026/07/14 23:22:26.293, 0, NVIDIA GeForce RTX 5090, 3245, 35
2026/07/14 23:22:26.297, 1, NVIDIA GeForce RTX 5090, 3065, 40
2026/07/14 23:22:26.300, 2, NVIDIA GeForce RTX 5090, 3065, 37
2026/07/14 23:22:26.303, 3, NVIDIA GeForce RTX 5090, 3065, 40
2026/07/14 23:22:26.305, 4, NVIDIA GeForce RTX 5090, 3065, 38
2026/07/14 23:22:28.442, 0, NVIDIA GeForce RTX 5090, 3245, 36
2026/07/14 23:22:28.446, 1, NVIDIA GeForce RTX 5090, 3065, 36
2026/07/14 23:22:28.451, 2, NVIDIA GeForce RTX 5090, 3065, 38
2026/07/14 23:22:28.454, 3, NVIDIA GeForce RTX 5090, 3065, 40
2026/07/14 23:22:28.458, 4, NVIDIA GeForce RTX 5090, 3065, 41
2026/07/14 23:22:30.589, 0, NVIDIA GeForce RTX 5090, 3245, 14
2026/07/14 23:22:30.595, 1, NVIDIA GeForce RTX 5090, 3065, 40
2026/07/14 23:22:30.597, 2, NVIDIA GeForce RTX 5090, 3065, 37
2026/07/14 23:22:30.600, 3, NVIDIA GeForce RTX 5090, 3065, 34
2026/07/14 23:22:30.602, 4, NVIDIA GeForce RTX 5090, 3065, 38
2026/07/14 23:22:32.698, 0, NVIDIA GeForce RTX 5090, 3245, 40
2026/07/14 23:22:32.702, 1, NVIDIA GeForce RTX 5090, 3065, 36
2026/07/14 23:22:32.706, 2, NVIDIA GeForce RTX 5090, 3065, 19
2026/07/14 23:22:32.710, 3, NVIDIA GeForce RTX 5090, 3065, 0
2026/07/14 23:22:32.712, 4, NVIDIA GeForce RTX 5090, 3065, 34
2026/07/14 23:22:34.828, 0, NVIDIA GeForce RTX 5090, 3245, 38
2026/07/14 23:22:34.832, 1, NVIDIA GeForce RTX 5090, 3065, 40
2026/07/14 23:22:34.837, 2, NVIDIA GeForce RTX 5090, 3065, 35
2026/07/14 23:22:34.840, 3, NVIDIA GeForce RTX 5090, 3065, 39
2026/07/14 23:22:34.843, 4, NVIDIA GeForce RTX 5090, 3065, 39
2026/07/14 23:22:36.981, 0, NVIDIA GeForce RTX 5090, 3245, 38
2026/07/14 23:22:36.987, 1, NVIDIA GeForce RTX 5090, 3065, 21
2026/07/14 23:22:36.989, 2, NVIDIA GeForce RTX 5090, 3065, 37
2026/07/14 23:22:36.992, 3, NVIDIA GeForce RTX 5090, 3065, 40
2026/07/14 23:22:36.995, 4, NVIDIA GeForce RTX 5090, 3065, 19
2026/07/14 23:22:39.129, 0, NVIDIA GeForce RTX 5090, 3245, 40
2026/07/14 23:22:39.134, 1, NVIDIA GeForce RTX 5090, 3065, 34
2026/07/14 23:22:39.136, 2, NVIDIA GeForce RTX 5090, 3065, 41
2026/07/14 23:22:39.140, 3, NVIDIA GeForce RTX 5090, 3065, 36
2026/07/14 23:22:39.143, 4, NVIDIA GeForce RTX 5090, 3065, 36
2026/07/14 23:22:41.245, 0, NVIDIA GeForce RTX 5090, 3245, 40
2026/07/14 23:22:41.249, 1, NVIDIA GeForce RTX 5090, 3065, 40
2026/07/14 23:22:41.251, 2, NVIDIA GeForce RTX 5090, 3065, 37
2026/07/14 23:22:41.253, 3, NVIDIA GeForce RTX 5090, 3065, 41
2026/07/14 23:22:41.255, 4, NVIDIA GeForce RTX 5090, 3065, 33
2026/07/14 23:22:43.363, 0, NVIDIA GeForce RTX 5090, 3245, 34
2026/07/14 23:22:43.369, 1, NVIDIA GeForce RTX 5090, 3065, 38
2026/07/14 23:22:43.371, 2, NVIDIA GeForce RTX 5090, 3065, 0
2026/07/14 23:22:43.374, 3, NVIDIA GeForce RTX 5090, 3065, 0
2026/07/14 23:22:43.377, 4, NVIDIA GeForce RTX 5090, 3065, 39
2026/07/14 23:22:45.514, 0, NVIDIA GeForce RTX 5090, 3245, 6
2026/07/14 23:22:45.518, 1, NVIDIA GeForce RTX 5090, 3065, 37
2026/07/14 23:22:45.521, 2, NVIDIA GeForce RTX 5090, 3065, 36
2026/07/14 23:22:45.525, 3, NVIDIA GeForce RTX 5090, 3065, 35
2026/07/14 23:22:45.528, 4, NVIDIA GeForce RTX 5090, 3065, 34
2026/07/14 23:22:47.670, 0, NVIDIA GeForce RTX 5090, 3245, 20
2026/07/14 23:22:47.675, 1, NVIDIA GeForce RTX 5090, 3065, 0
2026/07/14 23:22:47.677, 2, NVIDIA GeForce RTX 5090, 3065, 34
2026/07/14 23:22:47.680, 3, NVIDIA GeForce RTX 5090, 3065, 35
2026/07/14 23:22:47.683, 4, NVIDIA GeForce RTX 5090, 3065, 0
2026/07/14 23:22:49.822, 0, NVIDIA GeForce RTX 5090, 3245, 41
2026/07/14 23:22:49.828, 1, NVIDIA GeForce RTX 5090, 3065, 38
2026/07/14 23:22:49.831, 2, NVIDIA GeForce RTX 5090, 3065, 36
2026/07/14 23:22:49.834, 3, NVIDIA GeForce RTX 5090, 3065, 38
2026/07/14 23:22:49.836, 4, NVIDIA GeForce RTX 5090, 3065, 40
2026/07/14 23:22:51.969, 0, NVIDIA GeForce RTX 5090, 3245, 40
2026/07/14 23:22:51.974, 1, NVIDIA GeForce RTX 5090, 3065, 39
2026/07/14 23:22:51.976, 2, NVIDIA GeForce RTX 5090, 3065, 40
2026/07/14 23:22:51.979, 3, NVIDIA GeForce RTX 5090, 3065, 39
2026/07/14 23:22:51.982, 4, NVIDIA GeForce RTX 5090, 3065, 39
2026/07/14 23:22:54.093, 0, NVIDIA GeForce RTX 5090, 3245, 34
2026/07/14 23:22:54.096, 1, NVIDIA GeForce RTX 5090, 3065, 37
2026/07/14 23:22:54.098, 2, NVIDIA GeForce RTX 5090, 3065, 33
2026/07/14 23:22:54.100, 3, NVIDIA GeForce RTX 5090, 3065, 38
2026/07/14 23:22:54.103, 4, NVIDIA GeForce RTX 5090, 3065, 31
2026/07/14 23:22:56.230, 0, NVIDIA GeForce RTX 5090, 3245, 35
2026/07/14 23:22:56.235, 1, NVIDIA GeForce RTX 5090, 3065, 39
2026/07/14 23:22:56.240, 2, NVIDIA GeForce RTX 5090, 3065, 0
2026/07/14 23:22:56.246, 3, NVIDIA GeForce RTX 5090, 3065, 20
2026/07/14 23:22:56.249, 4, NVIDIA GeForce RTX 5090, 3065, 39
2026/07/14 23:22:58.362, 0, NVIDIA GeForce RTX 5090, 3245, 6
2026/07/14 23:22:58.366, 1, NVIDIA GeForce RTX 5090, 3065, 33
2026/07/14 23:22:58.371, 2, NVIDIA GeForce RTX 5090, 3065, 39
2026/07/14 23:22:58.374, 3, NVIDIA GeForce RTX 5090, 3065, 40
2026/07/14 23:22:58.378, 4, NVIDIA GeForce RTX 5090, 3065, 32
2026/07/14 23:23:00.470, 0, NVIDIA GeForce RTX 5090, 3245, 40
2026/07/14 23:23:00.474, 1, NVIDIA GeForce RTX 5090, 3065, 37
2026/07/14 23:23:00.476, 2, NVIDIA GeForce RTX 5090, 3065, 38
2026/07/14 23:23:00.478, 3, NVIDIA GeForce RTX 5090, 3065, 34
2026/07/14 23:23:00.480, 4, NVIDIA GeForce RTX 5090, 3065, 34
2026/07/14 23:23:02.614, 0, NVIDIA GeForce RTX 5090, 3245, 35
2026/07/14 23:23:02.618, 1, NVIDIA GeForce RTX 5090, 3065, 39
2026/07/14 23:23:02.620, 2, NVIDIA GeForce RTX 5090, 3065, 0
2026/07/14 23:23:02.623, 3, NVIDIA GeForce RTX 5090, 3065, 30
2026/07/14 23:23:02.626, 4, NVIDIA GeForce RTX 5090, 3065, 34
2026/07/14 23:23:04.766, 0, NVIDIA GeForce RTX 5090, 3245, 32
2026/07/14 23:23:04.772, 1, NVIDIA GeForce RTX 5090, 3065, 34
2026/07/14 23:23:04.774, 2, NVIDIA GeForce RTX 5090, 3065, 33
2026/07/14 23:23:04.779, 3, NVIDIA GeForce RTX 5090, 3065, 41
2026/07/14 23:23:04.784, 4, NVIDIA GeForce RTX 5090, 3065, 30
2026/07/14 23:23:06.914, 0, NVIDIA GeForce RTX 5090, 3245, 40
2026/07/14 23:23:06.919, 1, NVIDIA GeForce RTX 5090, 3065, 35
2026/07/14 23:23:06.922, 2, NVIDIA GeForce RTX 5090, 3065, 40
2026/07/14 23:23:06.925, 3, NVIDIA GeForce RTX 5090, 3065, 46
2026/07/14 23:23:06.927, 4, NVIDIA GeForce RTX 5090, 3065, 35
2026/07/14 23:23:09.054, 0, NVIDIA GeForce RTX 5090, 3245, 41
2026/07/14 23:23:09.061, 1, NVIDIA GeForce RTX 5090, 3065, 38
2026/07/14 23:23:09.064, 2, NVIDIA GeForce RTX 5090, 3065, 0
2026/07/14 23:23:09.067, 3, NVIDIA GeForce RTX 5090, 3065, 0
2026/07/14 23:23:09.069, 4, NVIDIA GeForce RTX 5090, 3065, 51
2026/07/14 23:23:11.185, 0, NVIDIA GeForce RTX 5090, 3245, 24
2026/07/14 23:23:11.189, 1, NVIDIA GeForce RTX 5090, 3065, 38
2026/07/14 23:23:11.192, 2, NVIDIA GeForce RTX 5090, 3065, 41
2026/07/14 23:23:11.195, 3, NVIDIA GeForce RTX 5090, 3065, 40
2026/07/14 23:23:11.201, 4, NVIDIA GeForce RTX 5090, 3065, 41
2026/07/14 23:23:13.318, 0, NVIDIA GeForce RTX 5090, 3245, 33
2026/07/14 23:23:13.321, 1, NVIDIA GeForce RTX 5090, 3065, 25
2026/07/14 23:23:13.324, 2, NVIDIA GeForce RTX 5090, 3065, 41
2026/07/14 23:23:13.327, 3, NVIDIA GeForce RTX 5090, 3065, 39
2026/07/14 23:23:13.332, 4, NVIDIA GeForce RTX 5090, 3065, 32
2026/07/14 23:23:15.467, 0, NVIDIA GeForce RTX 5090, 3245, 27
2026/07/14 23:23:15.474, 1, NVIDIA GeForce RTX 5090, 3065, 40
2026/07/14 23:23:15.476, 2, NVIDIA GeForce RTX 5090, 3065, 38
2026/07/14 23:23:15.479, 3, NVIDIA GeForce RTX 5090, 3065, 34
2026/07/14 23:23:15.481, 4, NVIDIA GeForce RTX 5090, 3065, 39
2026/07/14 23:23:17.597, 0, NVIDIA GeForce RTX 5090, 3245, 37
2026/07/14 23:23:17.600, 1, NVIDIA GeForce RTX 5090, 3065, 34
2026/07/14 23:23:17.605, 2, NVIDIA GeForce RTX 5090, 3065, 40
2026/07/14 23:23:17.607, 3, NVIDIA GeForce RTX 5090, 3065, 40
2026/07/14 23:23:17.609, 4, NVIDIA GeForce RTX 5090, 3065, 39
2026/07/14 23:23:19.719, 0, NVIDIA GeForce RTX 5090, 3245, 17
2026/07/14 23:23:19.726, 1, NVIDIA GeForce RTX 5090, 3065, 37
2026/07/14 23:23:19.729, 2, NVIDIA GeForce RTX 5090, 3065, 41
2026/07/14 23:23:19.733, 3, NVIDIA GeForce RTX 5090, 3065, 33
2026/07/14 23:23:19.736, 4, NVIDIA GeForce RTX 5090, 3065, 40
2026/07/14 23:23:21.866, 0, NVIDIA GeForce RTX 5090, 3245, 40
2026/07/14 23:23:21.873, 1, NVIDIA GeForce RTX 5090, 3065, 40
2026/07/14 23:23:21.876, 2, NVIDIA GeForce RTX 5090, 3065, 4
2026/07/14 23:23:21.879, 3, NVIDIA GeForce RTX 5090, 3065, 0
2026/07/14 23:23:21.883, 4, NVIDIA GeForce RTX 5090, 3065, 35
2026/07/14 23:23:23.973, 0, NVIDIA GeForce RTX 5090, 3245, 38
2026/07/14 23:23:23.976, 1, NVIDIA GeForce RTX 5090, 3065, 36
2026/07/14 23:23:23.978, 2, NVIDIA GeForce RTX 5090, 3065, 41
2026/07/14 23:23:23.980, 3, NVIDIA GeForce RTX 5090, 3065, 33
2026/07/14 23:23:23.983, 4, NVIDIA GeForce RTX 5090, 3065, 38
2026/07/14 23:23:26.090, 0, NVIDIA GeForce RTX 5090, 3245, 34
2026/07/14 23:23:26.094, 1, NVIDIA GeForce RTX 5090, 3065, 15
2026/07/14 23:23:26.097, 2, NVIDIA GeForce RTX 5090, 3065, 36
2026/07/14 23:23:26.103, 3, NVIDIA GeForce RTX 5090, 3065, 40
2026/07/14 23:23:26.106, 4, NVIDIA GeForce RTX 5090, 3065, 21
2026/07/14 23:23:28.246, 0, NVIDIA GeForce RTX 5090, 3245, 41
2026/07/14 23:23:28.249, 1, NVIDIA GeForce RTX 5090, 3065, 36
2026/07/14 23:23:28.252, 2, NVIDIA GeForce RTX 5090, 3065, 35
2026/07/14 23:23:28.254, 3, NVIDIA GeForce RTX 5090, 3065, 36
2026/07/14 23:23:28.257, 4, NVIDIA GeForce RTX 5090, 3065, 33
2026/07/14 23:23:30.350, 0, NVIDIA GeForce RTX 5090, 3245, 36
2026/07/14 23:23:30.354, 1, NVIDIA GeForce RTX 5090, 3065, 39
2026/07/14 23:23:30.356, 2, NVIDIA GeForce RTX 5090, 3065, 36
2026/07/14 23:23:30.359, 3, NVIDIA GeForce RTX 5090, 3065, 39
2026/07/14 23:23:30.362, 4, NVIDIA GeForce RTX 5090, 3065, 40
2026/07/14 23:23:32.497, 0, NVIDIA GeForce RTX 5090, 3245, 38
2026/07/14 23:23:32.501, 1, NVIDIA GeForce RTX 5090, 3065, 39
2026/07/14 23:23:32.504, 2, NVIDIA GeForce RTX 5090, 3065, 0
2026/07/14 23:23:32.507, 3, NVIDIA GeForce RTX 5090, 3065, 0
2026/07/14 23:23:32.510, 4, NVIDIA GeForce RTX 5090, 3065, 40
2026/07/14 23:23:34.603, 0, NVIDIA GeForce RTX 5090, 3245, 39
2026/07/14 23:23:34.609, 1, NVIDIA GeForce RTX 5090, 3065, 40
2026/07/14 23:23:34.612, 2, NVIDIA GeForce RTX 5090, 3065, 35
2026/07/14 23:23:34.615, 3, NVIDIA GeForce RTX 5090, 3065, 34
2026/07/14 23:23:34.617, 4, NVIDIA GeForce RTX 5090, 3065, 35
2026/07/14 23:23:36.750, 0, NVIDIA GeForce RTX 5090, 3245, 32
2026/07/14 23:23:36.754, 1, NVIDIA GeForce RTX 5090, 3065, 1
2026/07/14 23:23:36.757, 2, NVIDIA GeForce RTX 5090, 3065, 36
2026/07/14 23:23:36.760, 3, NVIDIA GeForce RTX 5090, 3065, 39
2026/07/14 23:23:36.763, 4, NVIDIA GeForce RTX 5090, 3065, 9
2026/07/14 23:23:38.896, 0, NVIDIA GeForce RTX 5090, 3245, 36
2026/07/14 23:23:38.900, 1, NVIDIA GeForce RTX 5090, 3065, 39
2026/07/14 23:23:38.903, 2, NVIDIA GeForce RTX 5090, 3065, 41
2026/07/14 23:23:38.907, 3, NVIDIA GeForce RTX 5090, 3065, 34
2026/07/14 23:23:38.909, 4, NVIDIA GeForce RTX 5090, 3065, 40
2026/07/14 23:23:41.023, 0, NVIDIA GeForce RTX 5090, 3245, 34
2026/07/14 23:23:41.027, 1, NVIDIA GeForce RTX 5090, 3065, 34
2026/07/14 23:23:41.030, 2, NVIDIA GeForce RTX 5090, 3065, 34
2026/07/14 23:23:41.033, 3, NVIDIA GeForce RTX 5090, 3065, 40
2026/07/14 23:23:41.037, 4, NVIDIA GeForce RTX 5090, 3065, 40
2026/07/14 23:23:43.133, 0, NVIDIA GeForce RTX 5090, 3245, 35
2026/07/14 23:23:43.136, 1, NVIDIA GeForce RTX 5090, 3065, 39
2026/07/14 23:23:43.138, 2, NVIDIA GeForce RTX 5090, 3065, 40
2026/07/14 23:23:43.140, 3, NVIDIA GeForce RTX 5090, 3065, 40
2026/07/14 23:23:43.142, 4, NVIDIA GeForce RTX 5090, 3065, 37
2026/07/14 23:23:45.271, 0, NVIDIA GeForce RTX 5090, 3245, 35
2026/07/14 23:23:45.277, 1, NVIDIA GeForce RTX 5090, 3065, 36
2026/07/14 23:23:45.280, 2, NVIDIA GeForce RTX 5090, 3065, 0
2026/07/14 23:23:45.283, 3, NVIDIA GeForce RTX 5090, 3065, 31
2026/07/14 23:23:45.285, 4, NVIDIA GeForce RTX 5090, 3065, 39
2026/07/14 23:23:47.420, 0, NVIDIA GeForce RTX 5090, 3245, 38
2026/07/14 23:23:47.424, 1, NVIDIA GeForce RTX 5090, 3065, 40
2026/07/14 23:23:47.427, 2, NVIDIA GeForce RTX 5090, 3065, 35
2026/07/14 23:23:47.431, 3, NVIDIA GeForce RTX 5090, 3065, 35
2026/07/14 23:23:47.433, 4, NVIDIA GeForce RTX 5090, 3065, 34
2026/07/14 23:23:49.551, 0, NVIDIA GeForce RTX 5090, 3245, 41
2026/07/14 23:23:49.556, 1, NVIDIA GeForce RTX 5090, 3065, 39
2026/07/14 23:23:49.558, 2, NVIDIA GeForce RTX 5090, 3065, 40
2026/07/14 23:23:49.561, 3, NVIDIA GeForce RTX 5090, 3065, 34
2026/07/14 23:23:49.564, 4, NVIDIA GeForce RTX 5090, 3065, 34
2026/07/14 23:23:51.680, 0, NVIDIA GeForce RTX 5090, 3245, 35
2026/07/14 23:23:51.684, 1, NVIDIA GeForce RTX 5090, 3065, 34
2026/07/14 23:23:51.687, 2, NVIDIA GeForce RTX 5090, 3065, 40
2026/07/14 23:23:51.691, 3, NVIDIA GeForce RTX 5090, 3065, 40
2026/07/14 23:23:51.694, 4, NVIDIA GeForce RTX 5090, 3065, 38
2026/07/14 23:23:53.808, 0, NVIDIA GeForce RTX 5090, 3245, 4
2026/07/14 23:23:53.812, 1, NVIDIA GeForce RTX 5090, 3065, 19
2026/07/14 23:23:53.815, 2, NVIDIA GeForce RTX 5090, 3065, 42
2026/07/14 23:23:53.820, 3, NVIDIA GeForce RTX 5090, 3065, 40
2026/07/14 23:23:53.825, 4, NVIDIA GeForce RTX 5090, 3065, 19
2026/07/14 23:23:55.940, 0, NVIDIA GeForce RTX 5090, 3245, 41
2026/07/14 23:23:55.945, 1, NVIDIA GeForce RTX 5090, 3065, 40
2026/07/14 23:23:55.948, 2, NVIDIA GeForce RTX 5090, 3065, 36
2026/07/14 23:23:55.951, 3, NVIDIA GeForce RTX 5090, 3065, 0
2026/07/14 23:23:55.955, 4, NVIDIA GeForce RTX 5090, 3065, 37
2026/07/14 23:23:58.051, 0, NVIDIA GeForce RTX 5090, 3245, 41
2026/07/14 23:23:58.055, 1, NVIDIA GeForce RTX 5090, 3065, 39
2026/07/14 23:23:58.057, 2, NVIDIA GeForce RTX 5090, 3065, 34
2026/07/14 23:23:58.059, 3, NVIDIA GeForce RTX 5090, 3065, 37
2026/07/14 23:23:58.061, 4, NVIDIA GeForce RTX 5090, 3065, 41
2026/07/14 23:24:00.187, 0, NVIDIA GeForce RTX 5090, 3245, 34
2026/07/14 23:24:00.191, 1, NVIDIA GeForce RTX 5090, 3065, 22
2026/07/14 23:24:00.194, 2, NVIDIA GeForce RTX 5090, 3065, 37
2026/07/14 23:24:00.196, 3, NVIDIA GeForce RTX 5090, 3065, 35
2026/07/14 23:24:00.202, 4, NVIDIA GeForce RTX 5090, 3065, 40
2026/07/14 23:24:02.312, 0, NVIDIA GeForce RTX 5090, 3245, 41
2026/07/14 23:24:02.316, 1, NVIDIA GeForce RTX 5090, 3065, 38
2026/07/14 23:24:02.319, 2, NVIDIA GeForce RTX 5090, 3065, 40
2026/07/14 23:24:02.325, 3, NVIDIA GeForce RTX 5090, 3065, 34
2026/07/14 23:24:02.327, 4, NVIDIA GeForce RTX 5090, 3065, 34
2026/07/14 23:24:04.460, 0, NVIDIA GeForce RTX 5090, 3245, 39
2026/07/14 23:24:04.464, 1, NVIDIA GeForce RTX 5090, 3065, 36
2026/07/14 23:24:04.467, 2, NVIDIA GeForce RTX 5090, 3065, 41
2026/07/14 23:24:04.474, 3, NVIDIA GeForce RTX 5090, 3065, 35
2026/07/14 23:24:04.479, 4, NVIDIA GeForce RTX 5090, 3065, 39
2026/07/14 23:24:06.616, 0, NVIDIA GeForce RTX 5090, 3245, 41
2026/07/14 23:24:06.621, 1, NVIDIA GeForce RTX 5090, 3065, 36
2026/07/14 23:24:06.625, 2, NVIDIA GeForce RTX 5090, 3065, 9
2026/07/14 23:24:06.628, 3, NVIDIA GeForce RTX 5090, 3065, 0
2026/07/14 23:24:06.631, 4, NVIDIA GeForce RTX 5090, 3065, 39
2026/07/14 23:24:08.764, 0, NVIDIA GeForce RTX 5090, 3245, 36
2026/07/14 23:24:08.767, 1, NVIDIA GeForce RTX 5090, 3065, 37
2026/07/14 23:24:08.773, 2, NVIDIA GeForce RTX 5090, 3065, 38
2026/07/14 23:24:08.775, 3, NVIDIA GeForce RTX 5090, 3065, 35
2026/07/14 23:24:08.777, 4, NVIDIA GeForce RTX 5090, 3065, 32
2026/07/14 23:24:10.887, 0, NVIDIA GeForce RTX 5090, 3245, 37
2026/07/14 23:24:10.892, 1, NVIDIA GeForce RTX 5090, 3065, 39
2026/07/14 23:24:10.895, 2, NVIDIA GeForce RTX 5090, 3065, 35
2026/07/14 23:24:10.901, 3, NVIDIA GeForce RTX 5090, 3065, 34
2026/07/14 23:24:10.904, 4, NVIDIA GeForce RTX 5090, 3065, 40
2026/07/14 23:24:13.036, 0, NVIDIA GeForce RTX 5090, 3245, 40
2026/07/14 23:24:13.041, 1, NVIDIA GeForce RTX 5090, 3065, 38
2026/07/14 23:24:13.044, 2, NVIDIA GeForce RTX 5090, 3065, 40
2026/07/14 23:24:13.047, 3, NVIDIA GeForce RTX 5090, 3065, 40
2026/07/14 23:24:13.050, 4, NVIDIA GeForce RTX 5090, 3065, 38
2026/07/14 23:24:15.163, 0, NVIDIA GeForce RTX 5090, 3245, 34
2026/07/14 23:24:15.168, 1, NVIDIA GeForce RTX 5090, 3065, 34
2026/07/14 23:24:15.170, 2, NVIDIA GeForce RTX 5090, 3065, 35
2026/07/14 23:24:15.173, 3, NVIDIA GeForce RTX 5090, 3065, 32
2026/07/14 23:24:15.176, 4, NVIDIA GeForce RTX 5090, 3065, 34
2026/07/14 23:24:17.291, 0, NVIDIA GeForce RTX 5090, 3245, 42
2026/07/14 23:24:17.295, 1, NVIDIA GeForce RTX 5090, 3065, 36
2026/07/14 23:24:17.298, 2, NVIDIA GeForce RTX 5090, 3065, 38
2026/07/14 23:24:17.305, 3, NVIDIA GeForce RTX 5090, 3065, 38
2026/07/14 23:24:17.308, 4, NVIDIA GeForce RTX 5090, 3065, 34
2026/07/14 23:24:19.447, 0, NVIDIA GeForce RTX 5090, 3245, 41
2026/07/14 23:24:19.454, 1, NVIDIA GeForce RTX 5090, 3065, 36
2026/07/14 23:24:19.457, 2, NVIDIA GeForce RTX 5090, 3065, 38
2026/07/14 23:24:19.462, 3, NVIDIA GeForce RTX 5090, 3065, 34
2026/07/14 23:24:19.464, 4, NVIDIA GeForce RTX 5090, 3065, 34
2026/07/14 23:24:21.601, 0, NVIDIA GeForce RTX 5090, 3245, 34
2026/07/14 23:24:21.606, 1, NVIDIA GeForce RTX 5090, 3065, 40
2026/07/14 23:24:21.609, 2, NVIDIA GeForce RTX 5090, 3065, 40
2026/07/14 23:24:21.612, 3, NVIDIA GeForce RTX 5090, 3065, 39
2026/07/14 23:24:21.616, 4, NVIDIA GeForce RTX 5090, 3065, 34
2026/07/14 23:24:23.728, 0, NVIDIA GeForce RTX 5090, 3245, 41
2026/07/14 23:24:23.732, 1, NVIDIA GeForce RTX 5090, 3065, 39
2026/07/14 23:24:23.734, 2, NVIDIA GeForce RTX 5090, 3065, 39
2026/07/14 23:24:23.737, 3, NVIDIA GeForce RTX 5090, 3065, 38
2026/07/14 23:24:23.739, 4, NVIDIA GeForce RTX 5090, 3065, 40
2026/07/14 23:24:25.870, 0, NVIDIA GeForce RTX 5090, 3245, 41
2026/07/14 23:24:25.875, 1, NVIDIA GeForce RTX 5090, 3065, 36
2026/07/14 23:24:25.878, 2, NVIDIA GeForce RTX 5090, 3065, 40
2026/07/14 23:24:25.881, 3, NVIDIA GeForce RTX 5090, 3065, 35
2026/07/14 23:24:25.884, 4, NVIDIA GeForce RTX 5090, 3065, 34
2026/07/14 23:24:28.018, 0, NVIDIA GeForce RTX 5090, 3245, 35
2026/07/14 23:24:28.024, 1, NVIDIA GeForce RTX 5090, 3065, 35
2026/07/14 23:24:28.030, 2, NVIDIA GeForce RTX 5090, 3065, 38
2026/07/14 23:24:28.033, 3, NVIDIA GeForce RTX 5090, 3065, 34
2026/07/14 23:24:28.036, 4, NVIDIA GeForce RTX 5090, 3065, 36
2026/07/14 23:24:30.172, 0, NVIDIA GeForce RTX 5090, 3245, 38
2026/07/14 23:24:30.177, 1, NVIDIA GeForce RTX 5090, 3065, 33
2026/07/14 23:24:30.180, 2, NVIDIA GeForce RTX 5090, 3065, 8
2026/07/14 23:24:30.183, 3, NVIDIA GeForce RTX 5090, 3065, 8
2026/07/14 23:24:30.185, 4, NVIDIA GeForce RTX 5090, 3065, 37
2026/07/14 23:24:32.296, 0, NVIDIA GeForce RTX 5090, 3245, 19
2026/07/14 23:24:32.300, 1, NVIDIA GeForce RTX 5090, 3065, 0
2026/07/14 23:24:32.304, 2, NVIDIA GeForce RTX 5090, 3065, 37
2026/07/14 23:24:32.307, 3, NVIDIA GeForce RTX 5090, 3065, 35
2026/07/14 23:24:32.309, 4, NVIDIA GeForce RTX 5090, 3065, 0
2026/07/14 23:24:34.442, 0, NVIDIA GeForce RTX 5090, 3245, 41
2026/07/14 23:24:34.449, 1, NVIDIA GeForce RTX 5090, 3065, 40
2026/07/14 23:24:34.452, 2, NVIDIA GeForce RTX 5090, 3065, 40
2026/07/14 23:24:34.455, 3, NVIDIA GeForce RTX 5090, 3065, 38
2026/07/14 23:24:34.459, 4, NVIDIA GeForce RTX 5090, 3065, 41
2026/07/14 23:24:36.591, 0, NVIDIA GeForce RTX 5090, 3245, 39
2026/07/14 23:24:36.598, 1, NVIDIA GeForce RTX 5090, 3065, 38
2026/07/14 23:24:36.603, 2, NVIDIA GeForce RTX 5090, 3065, 39
2026/07/14 23:24:36.606, 3, NVIDIA GeForce RTX 5090, 3065, 40
2026/07/14 23:24:36.609, 4, NVIDIA GeForce RTX 5090, 3065, 40
2026/07/14 23:24:38.725, 0, NVIDIA GeForce RTX 5090, 3245, 41
2026/07/14 23:24:38.730, 1, NVIDIA GeForce RTX 5090, 3065, 35
2026/07/14 23:24:38.733, 2, NVIDIA GeForce RTX 5090, 3065, 12
2026/07/14 23:24:38.736, 3, NVIDIA GeForce RTX 5090, 3065, 9
2026/07/14 23:24:38.738, 4, NVIDIA GeForce RTX 5090, 3065, 35
2026/07/14 23:24:40.835, 0, NVIDIA GeForce RTX 5090, 3245, 40
2026/07/14 23:24:40.838, 1, NVIDIA GeForce RTX 5090, 3065, 40
2026/07/14 23:24:40.841, 2, NVIDIA GeForce RTX 5090, 3065, 34
2026/07/14 23:24:40.843, 3, NVIDIA GeForce RTX 5090, 3065, 40
2026/07/14 23:24:40.845, 4, NVIDIA GeForce RTX 5090, 3065, 34
2026/07/14 23:24:42.952, 0, NVIDIA GeForce RTX 5090, 3245, 21
2026/07/14 23:24:42.956, 1, NVIDIA GeForce RTX 5090, 3065, 0
2026/07/14 23:24:42.959, 2, NVIDIA GeForce RTX 5090, 3065, 40
2026/07/14 23:24:42.964, 3, NVIDIA GeForce RTX 5090, 3065, 35
2026/07/14 23:24:42.967, 4, NVIDIA GeForce RTX 5090, 3065, 0
2026/07/14 23:24:45.082, 0, NVIDIA GeForce RTX 5090, 3245, 34
2026/07/14 23:24:45.089, 1, NVIDIA GeForce RTX 5090, 3065, 37
2026/07/14 23:24:45.092, 2, NVIDIA GeForce RTX 5090, 3065, 34
2026/07/14 23:24:45.095, 3, NVIDIA GeForce RTX 5090, 3065, 39
2026/07/14 23:24:45.097, 4, NVIDIA GeForce RTX 5090, 3065, 35
2026/07/14 23:24:47.193, 0, NVIDIA GeForce RTX 5090, 3245, 40
2026/07/14 23:24:47.196, 1, NVIDIA GeForce RTX 5090, 3065, 40
2026/07/14 23:24:47.198, 2, NVIDIA GeForce RTX 5090, 3065, 41
2026/07/14 23:24:47.200, 3, NVIDIA GeForce RTX 5090, 3065, 38
2026/07/14 23:24:47.203, 4, NVIDIA GeForce RTX 5090, 3065, 35
2026/07/14 23:24:49.331, 0, NVIDIA GeForce RTX 5090, 3245, 35
2026/07/14 23:24:49.335, 1, NVIDIA GeForce RTX 5090, 3065, 40
2026/07/14 23:24:49.340, 2, NVIDIA GeForce RTX 5090, 3065, 22
2026/07/14 23:24:49.343, 3, NVIDIA GeForce RTX 5090, 3065, 21
2026/07/14 23:24:49.346, 4, NVIDIA GeForce RTX 5090, 3065, 38
2026/07/14 23:24:51.460, 0, NVIDIA GeForce RTX 5090, 3245, 9
2026/07/14 23:24:51.464, 1, NVIDIA GeForce RTX 5090, 3065, 33
2026/07/14 23:24:51.466, 2, NVIDIA GeForce RTX 5090, 3065, 40
2026/07/14 23:24:51.470, 3, NVIDIA GeForce RTX 5090, 3065, 39
2026/07/14 23:24:51.474, 4, NVIDIA GeForce RTX 5090, 3065, 33
2026/07/14 23:24:53.610, 0, NVIDIA GeForce RTX 5090, 3245, 4
2026/07/14 23:24:53.614, 1, NVIDIA GeForce RTX 5090, 3065, 0
2026/07/14 23:24:53.617, 2, NVIDIA GeForce RTX 5090, 3065, 36
2026/07/14 23:24:53.620, 3, NVIDIA GeForce RTX 5090, 3065, 34
2026/07/14 23:24:53.623, 4, NVIDIA GeForce RTX 5090, 3065, 0
2026/07/14 23:24:55.742, 0, NVIDIA GeForce RTX 5090, 3245, 38
2026/07/14 23:24:55.746, 1, NVIDIA GeForce RTX 5090, 3065, 34
2026/07/14 23:24:55.751, 2, NVIDIA GeForce RTX 5090, 3065, 39
2026/07/14 23:24:55.754, 3, NVIDIA GeForce RTX 5090, 3065, 34
2026/07/14 23:24:55.756, 4, NVIDIA GeForce RTX 5090, 3065, 34
2026/07/14 23:24:57.892, 0, NVIDIA GeForce RTX 5090, 3245, 39
2026/07/14 23:24:57.896, 1, NVIDIA GeForce RTX 5090, 3065, 34
2026/07/14 23:24:57.899, 2, NVIDIA GeForce RTX 5090, 3065, 35
2026/07/14 23:24:57.902, 3, NVIDIA GeForce RTX 5090, 3065, 39
2026/07/14 23:24:57.904, 4, NVIDIA GeForce RTX 5090, 3065, 39
2026/07/14 23:24:59.997, 0, NVIDIA GeForce RTX 5090, 3245, 36
2026/07/14 23:25:00.000, 1, NVIDIA GeForce RTX 5090, 3065, 35
2026/07/14 23:25:00.003, 2, NVIDIA GeForce RTX 5090, 3065, 0
2026/07/14 23:25:00.005, 3, NVIDIA GeForce RTX 5090, 3065, 0
2026/07/14 23:25:00.007, 4, NVIDIA GeForce RTX 5090, 3065, 38
2026/07/14 23:25:02.135, 0, NVIDIA GeForce RTX 5090, 3245, 40
2026/07/14 23:25:02.139, 1, NVIDIA GeForce RTX 5090, 3065, 11
2026/07/14 23:25:02.143, 2, NVIDIA GeForce RTX 5090, 3065, 35
2026/07/14 23:25:02.146, 3, NVIDIA GeForce RTX 5090, 3065, 35
2026/07/14 23:25:02.149, 4, NVIDIA GeForce RTX 5090, 3065, 9
2026/07/14 23:25:04.288, 0, NVIDIA GeForce RTX 5090, 3245, 42
2026/07/14 23:25:04.292, 1, NVIDIA GeForce RTX 5090, 3065, 35
2026/07/14 23:25:04.295, 2, NVIDIA GeForce RTX 5090, 3065, 40
2026/07/14 23:25:04.298, 3, NVIDIA GeForce RTX 5090, 3065, 34
2026/07/14 23:25:04.304, 4, NVIDIA GeForce RTX 5090, 3065, 40
2026/07/14 23:25:06.437, 0, NVIDIA GeForce RTX 5090, 3245, 35
2026/07/14 23:25:06.441, 1, NVIDIA GeForce RTX 5090, 3065, 35
2026/07/14 23:25:06.444, 2, NVIDIA GeForce RTX 5090, 3065, 34
2026/07/14 23:25:06.447, 3, NVIDIA GeForce RTX 5090, 3065, 40
2026/07/14 23:25:06.450, 4, NVIDIA GeForce RTX 5090, 3065, 34
2026/07/14 23:25:08.564, 0, NVIDIA GeForce RTX 5090, 3245, 11
2026/07/14 23:25:08.568, 1, NVIDIA GeForce RTX 5090, 3065, 0
2026/07/14 23:25:08.570, 2, NVIDIA GeForce RTX 5090, 3065, 0
2026/07/14 23:25:08.573, 3, NVIDIA GeForce RTX 5090, 3065, 0
2026/07/14 23:25:08.575, 4, NVIDIA GeForce RTX 5090, 3065, 0
2026/07/14 23:25:10.678, 0, NVIDIA GeForce RTX 5090, 3245, 10
2026/07/14 23:25:10.682, 1, NVIDIA GeForce RTX 5090, 3065, 0
2026/07/14 23:25:10.685, 2, NVIDIA GeForce RTX 5090, 3065, 0
2026/07/14 23:25:10.687, 3, NVIDIA GeForce RTX 5090, 3065, 0
2026/07/14 23:25:10.689, 4, NVIDIA GeForce RTX 5090, 3065, 0
2026/07/14 23:25:12.800, 0, NVIDIA GeForce RTX 5090, 3245, 4
2026/07/14 23:25:12.804, 1, NVIDIA GeForce RTX 5090, 3065, 0
2026/07/14 23:25:12.807, 2, NVIDIA GeForce RTX 5090, 3065, 34
2026/07/14 23:25:12.811, 3, NVIDIA GeForce RTX 5090, 3065, 34
2026/07/14 23:25:12.814, 4, NVIDIA GeForce RTX 5090, 3065, 0
2026/07/14 23:25:14.950, 0, NVIDIA GeForce RTX 5090, 3245, 40
2026/07/14 23:25:14.954, 1, NVIDIA GeForce RTX 5090, 3065, 40
2026/07/14 23:25:14.956, 2, NVIDIA GeForce RTX 5090, 3065, 40
2026/07/14 23:25:14.960, 3, NVIDIA GeForce RTX 5090, 3065, 34
2026/07/14 23:25:14.963, 4, NVIDIA GeForce RTX 5090, 3065, 37
2026/07/14 23:25:17.125, 0, NVIDIA GeForce RTX 5090, 3245, 41
2026/07/14 23:25:17.128, 1, NVIDIA GeForce RTX 5090, 3065, 35
2026/07/14 23:25:17.130, 2, NVIDIA GeForce RTX 5090, 3065, 42
2026/07/14 23:25:17.132, 3, NVIDIA GeForce RTX 5090, 3065, 34
2026/07/14 23:25:17.135, 4, NVIDIA GeForce RTX 5090, 3065, 40
2026/07/14 23:25:19.265, 0, NVIDIA GeForce RTX 5090, 3245, 41
2026/07/14 23:25:19.270, 1, NVIDIA GeForce RTX 5090, 3065, 37
2026/07/14 23:25:19.273, 2, NVIDIA GeForce RTX 5090, 3065, 37
2026/07/14 23:25:19.276, 3, NVIDIA GeForce RTX 5090, 3065, 41
2026/07/14 23:25:19.282, 4, NVIDIA GeForce RTX 5090, 3065, 34
2026/07/14 23:25:21.419, 0, NVIDIA GeForce RTX 5090, 3245, 40
2026/07/14 23:25:21.423, 1, NVIDIA GeForce RTX 5090, 3065, 36
2026/07/14 23:25:21.428, 2, NVIDIA GeForce RTX 5090, 3065, 40
2026/07/14 23:25:21.431, 3, NVIDIA GeForce RTX 5090, 3065, 40
2026/07/14 23:25:21.436, 4, NVIDIA GeForce RTX 5090, 3065, 40
2026/07/14 23:25:23.570, 0, NVIDIA GeForce RTX 5090, 3245, 40
2026/07/14 23:25:23.576, 1, NVIDIA GeForce RTX 5090, 3065, 41
2026/07/14 23:25:23.579, 2, NVIDIA GeForce RTX 5090, 3065, 32
2026/07/14 23:25:23.582, 3, NVIDIA GeForce RTX 5090, 3065, 34
2026/07/14 23:25:23.587, 4, NVIDIA GeForce RTX 5090, 3065, 40
2026/07/14 23:25:25.719, 0, NVIDIA GeForce RTX 5090, 3245, 35
2026/07/14 23:25:25.722, 1, NVIDIA GeForce RTX 5090, 3065, 40
2026/07/14 23:25:25.725, 2, NVIDIA GeForce RTX 5090, 3065, 41
2026/07/14 23:25:25.727, 3, NVIDIA GeForce RTX 5090, 3065, 35
2026/07/14 23:25:25.729, 4, NVIDIA GeForce RTX 5090, 3065, 34
2026/07/14 23:25:27.862, 0, NVIDIA GeForce RTX 5090, 3245, 35
2026/07/14 23:25:27.866, 1, NVIDIA GeForce RTX 5090, 3065, 38
2026/07/14 23:25:27.869, 2, NVIDIA GeForce RTX 5090, 3065, 37
2026/07/14 23:25:27.873, 3, NVIDIA GeForce RTX 5090, 3065, 40
2026/07/14 23:25:27.876, 4, NVIDIA GeForce RTX 5090, 3065, 40
2026/07/14 23:25:30.013, 0, NVIDIA GeForce RTX 5090, 3245, 35
2026/07/14 23:25:30.017, 1, NVIDIA GeForce RTX 5090, 3065, 35
2026/07/14 23:25:30.020, 2, NVIDIA GeForce RTX 5090, 3065, 40
2026/07/14 23:25:30.022, 3, NVIDIA GeForce RTX 5090, 3065, 39
2026/07/14 23:25:30.025, 4, NVIDIA GeForce RTX 5090, 3065, 38
2026/07/14 23:25:32.141, 0, NVIDIA GeForce RTX 5090, 3245, 37
2026/07/14 23:25:32.148, 1, NVIDIA GeForce RTX 5090, 3065, 34
2026/07/14 23:25:32.152, 2, NVIDIA GeForce RTX 5090, 3065, 41
2026/07/14 23:25:32.155, 3, NVIDIA GeForce RTX 5090, 3065, 36
2026/07/14 23:25:32.157, 4, NVIDIA GeForce RTX 5090, 3065, 36
2026/07/14 23:25:34.254, 0, NVIDIA GeForce RTX 5090, 3245, 39
2026/07/14 23:25:34.258, 1, NVIDIA GeForce RTX 5090, 3065, 36
2026/07/14 23:25:34.262, 2, NVIDIA GeForce RTX 5090, 3065, 39
2026/07/14 23:25:34.264, 3, NVIDIA GeForce RTX 5090, 3065, 40
2026/07/14 23:25:34.270, 4, NVIDIA GeForce RTX 5090, 3065, 41
2026/07/14 23:25:36.398, 0, NVIDIA GeForce RTX 5090, 3245, 41
2026/07/14 23:25:36.403, 1, NVIDIA GeForce RTX 5090, 3065, 33
2026/07/14 23:25:36.406, 2, NVIDIA GeForce RTX 5090, 3065, 0
2026/07/14 23:25:36.409, 3, NVIDIA GeForce RTX 5090, 3065, 0
2026/07/14 23:25:36.412, 4, NVIDIA GeForce RTX 5090, 3065, 38
2026/07/14 23:25:38.528, 0, NVIDIA GeForce RTX 5090, 3245, 22
2026/07/14 23:25:38.533, 1, NVIDIA GeForce RTX 5090, 3065, 40
2026/07/14 23:25:38.536, 2, NVIDIA GeForce RTX 5090, 3065, 40
2026/07/14 23:25:38.539, 3, NVIDIA GeForce RTX 5090, 3065, 41
2026/07/14 23:25:38.543, 4, NVIDIA GeForce RTX 5090, 3065, 0
2026/07/14 23:25:40.643, 0, NVIDIA GeForce RTX 5090, 3245, 39
2026/07/14 23:25:40.646, 1, NVIDIA GeForce RTX 5090, 3065, 41
2026/07/14 23:25:40.648, 2, NVIDIA GeForce RTX 5090, 3065, 34
2026/07/14 23:25:40.651, 3, NVIDIA GeForce RTX 5090, 3065, 34
2026/07/14 23:25:40.653, 4, NVIDIA GeForce RTX 5090, 3065, 41
2026/07/14 23:25:42.749, 0, NVIDIA GeForce RTX 5090, 3245, 39
2026/07/14 23:25:42.753, 1, NVIDIA GeForce RTX 5090, 3065, 41
2026/07/14 23:25:42.756, 2, NVIDIA GeForce RTX 5090, 3065, 37
2026/07/14 23:25:42.761, 3, NVIDIA GeForce RTX 5090, 3065, 40
2026/07/14 23:25:42.766, 4, NVIDIA GeForce RTX 5090, 3065, 40
2026/07/14 23:25:44.878, 0, NVIDIA GeForce RTX 5090, 3245, 41
2026/07/14 23:25:44.882, 1, NVIDIA GeForce RTX 5090, 3065, 34
2026/07/14 23:25:44.884, 2, NVIDIA GeForce RTX 5090, 3065, 22
2026/07/14 23:25:44.888, 3, NVIDIA GeForce RTX 5090, 3065, 16
2026/07/14 23:25:44.892, 4, NVIDIA GeForce RTX 5090, 3065, 38
2026/07/14 23:25:47.025, 0, NVIDIA GeForce RTX 5090, 3245, 34
2026/07/14 23:25:47.031, 1, NVIDIA GeForce RTX 5090, 3065, 40
2026/07/14 23:25:47.034, 2, NVIDIA GeForce RTX 5090, 3065, 40
2026/07/14 23:25:47.037, 3, NVIDIA GeForce RTX 5090, 3065, 41
2026/07/14 23:25:47.040, 4, NVIDIA GeForce RTX 5090, 3065, 39
2026/07/14 23:25:49.176, 0, NVIDIA GeForce RTX 5090, 3245, 36
2026/07/14 23:25:49.180, 1, NVIDIA GeForce RTX 5090, 3065, 38
2026/07/14 23:25:49.184, 2, NVIDIA GeForce RTX 5090, 3065, 10
2026/07/14 23:25:49.190, 3, NVIDIA GeForce RTX 5090, 3065, 7
2026/07/14 23:25:49.193, 4, NVIDIA GeForce RTX 5090, 3065, 35
2026/07/14 23:25:51.326, 0, NVIDIA GeForce RTX 5090, 3245, 4
2026/07/14 23:25:51.332, 1, NVIDIA GeForce RTX 5090, 3065, 21
2026/07/14 23:25:51.335, 2, NVIDIA GeForce RTX 5090, 3065, 40
2026/07/14 23:25:51.338, 3, NVIDIA GeForce RTX 5090, 3065, 35
2026/07/14 23:25:51.341, 4, NVIDIA GeForce RTX 5090, 3065, 20
2026/07/14 23:25:53.472, 0, NVIDIA GeForce RTX 5090, 3245, 38
2026/07/14 23:25:53.476, 1, NVIDIA GeForce RTX 5090, 3065, 36
2026/07/14 23:25:53.478, 2, NVIDIA GeForce RTX 5090, 3065, 36
2026/07/14 23:25:53.480, 3, NVIDIA GeForce RTX 5090, 3065, 39
2026/07/14 23:25:53.482, 4, NVIDIA GeForce RTX 5090, 3065, 34
2026/07/14 23:25:55.614, 0, NVIDIA GeForce RTX 5090, 3245, 35
2026/07/14 23:25:55.620, 1, NVIDIA GeForce RTX 5090, 3065, 39
2026/07/14 23:25:55.624, 2, NVIDIA GeForce RTX 5090, 3065, 41
2026/07/14 23:25:55.627, 3, NVIDIA GeForce RTX 5090, 3065, 39
2026/07/14 23:25:55.629, 4, NVIDIA GeForce RTX 5090, 3065, 33
2026/07/14 23:25:57.745, 0, NVIDIA GeForce RTX 5090, 3245, 37
2026/07/14 23:25:57.750, 1, NVIDIA GeForce RTX 5090, 3065, 40
2026/07/14 23:25:57.753, 2, NVIDIA GeForce RTX 5090, 3065, 41
2026/07/14 23:25:57.756, 3, NVIDIA GeForce RTX 5090, 3065, 38
2026/07/14 23:25:57.760, 4, NVIDIA GeForce RTX 5090, 3065, 34
2026/07/14 23:25:59.893, 0, NVIDIA GeForce RTX 5090, 3245, 39
2026/07/14 23:25:59.898, 1, NVIDIA GeForce RTX 5090, 3065, 38
2026/07/14 23:25:59.900, 2, NVIDIA GeForce RTX 5090, 3065, 41
2026/07/14 23:25:59.903, 3, NVIDIA GeForce RTX 5090, 3065, 35
2026/07/14 23:25:59.905, 4, NVIDIA GeForce RTX 5090, 3065, 34
2026/07/14 23:26:01.999, 0, NVIDIA GeForce RTX 5090, 3245, 16
2026/07/14 23:26:02.002, 1, NVIDIA GeForce RTX 5090, 3065, 38
2026/07/14 23:26:02.005, 2, NVIDIA GeForce RTX 5090, 3065, 38
2026/07/14 23:26:02.008, 3, NVIDIA GeForce RTX 5090, 3065, 38
2026/07/14 23:26:02.012, 4, NVIDIA GeForce RTX 5090, 3065, 39
2026/07/14 23:26:04.126, 0, NVIDIA GeForce RTX 5090, 3245, 36
2026/07/14 23:26:04.130, 1, NVIDIA GeForce RTX 5090, 3065, 40
2026/07/14 23:26:04.133, 2, NVIDIA GeForce RTX 5090, 3065, 36
2026/07/14 23:26:04.135, 3, NVIDIA GeForce RTX 5090, 3065, 40
2026/07/14 23:26:04.138, 4, NVIDIA GeForce RTX 5090, 3065, 34
2026/07/14 23:26:06.258, 0, NVIDIA GeForce RTX 5090, 3245, 40
2026/07/14 23:26:06.263, 1, NVIDIA GeForce RTX 5090, 3065, 40
2026/07/14 23:26:06.268, 2, NVIDIA GeForce RTX 5090, 3065, 22
2026/07/14 23:26:06.271, 3, NVIDIA GeForce RTX 5090, 3065, 21
2026/07/14 23:26:06.275, 4, NVIDIA GeForce RTX 5090, 3065, 36
2026/07/14 23:26:08.410, 0, NVIDIA GeForce RTX 5090, 3245, 32
2026/07/14 23:26:08.414, 1, NVIDIA GeForce RTX 5090, 3065, 8
2026/07/14 23:26:08.418, 2, NVIDIA GeForce RTX 5090, 3065, 40
2026/07/14 23:26:08.421, 3, NVIDIA GeForce RTX 5090, 3065, 40
2026/07/14 23:26:08.424, 4, NVIDIA GeForce RTX 5090, 3065, 8
2026/07/14 23:26:10.562, 0, NVIDIA GeForce RTX 5090, 3245, 39
2026/07/14 23:26:10.565, 1, NVIDIA GeForce RTX 5090, 3065, 40
2026/07/14 23:26:10.568, 2, NVIDIA GeForce RTX 5090, 3065, 34
2026/07/14 23:26:10.570, 3, NVIDIA GeForce RTX 5090, 3065, 37
2026/07/14 23:26:10.572, 4, NVIDIA GeForce RTX 5090, 3065, 39
2026/07/14 23:26:12.705, 0, NVIDIA GeForce RTX 5090, 3245, 40
2026/07/14 23:26:12.712, 1, NVIDIA GeForce RTX 5090, 3065, 34
2026/07/14 23:26:12.715, 2, NVIDIA GeForce RTX 5090, 3065, 40
2026/07/14 23:26:12.718, 3, NVIDIA GeForce RTX 5090, 3065, 36
2026/07/14 23:26:12.721, 4, NVIDIA GeForce RTX 5090, 3065, 35
2026/07/14 23:26:14.843, 0, NVIDIA GeForce RTX 5090, 3245, 36
2026/07/14 23:26:14.848, 1, NVIDIA GeForce RTX 5090, 3065, 37
2026/07/14 23:26:14.851, 2, NVIDIA GeForce RTX 5090, 3065, 36
2026/07/14 23:26:14.857, 3, NVIDIA GeForce RTX 5090, 3065, 41
2026/07/14 23:26:14.861, 4, NVIDIA GeForce RTX 5090, 3065, 40
2026/07/14 23:26:16.991, 0, NVIDIA GeForce RTX 5090, 3245, 41
2026/07/14 23:26:16.998, 1, NVIDIA GeForce RTX 5090, 3065, 34
2026/07/14 23:26:17.001, 2, NVIDIA GeForce RTX 5090, 3065, 41
2026/07/14 23:26:17.003, 3, NVIDIA GeForce RTX 5090, 3065, 38
2026/07/14 23:26:17.005, 4, NVIDIA GeForce RTX 5090, 3065, 35
2026/07/14 23:26:19.142, 0, NVIDIA GeForce RTX 5090, 3245, 35
2026/07/14 23:26:19.146, 1, NVIDIA GeForce RTX 5090, 3065, 41
2026/07/14 23:26:19.149, 2, NVIDIA GeForce RTX 5090, 3065, 33
2026/07/14 23:26:19.152, 3, NVIDIA GeForce RTX 5090, 3065, 38
2026/07/14 23:26:19.156, 4, NVIDIA GeForce RTX 5090, 3065, 34
2026/07/14 23:26:21.291, 0, NVIDIA GeForce RTX 5090, 3245, 31
2026/07/14 23:26:21.295, 1, NVIDIA GeForce RTX 5090, 3065, 36
2026/07/14 23:26:21.297, 2, NVIDIA GeForce RTX 5090, 3065, 43
2026/07/14 23:26:21.300, 3, NVIDIA GeForce RTX 5090, 3065, 0
2026/07/14 23:26:21.304, 4, NVIDIA GeForce RTX 5090, 3065, 33
2026/07/14 23:26:23.442, 0, NVIDIA GeForce RTX 5090, 3245, 23
2026/07/14 23:26:23.446, 1, NVIDIA GeForce RTX 5090, 3065, 9
2026/07/14 23:26:23.449, 2, NVIDIA GeForce RTX 5090, 3065, 42
2026/07/14 23:26:23.452, 3, NVIDIA GeForce RTX 5090, 3065, 40
2026/07/14 23:26:23.456, 4, NVIDIA GeForce RTX 5090, 3065, 20
2026/07/14 23:26:25.575, 0, NVIDIA GeForce RTX 5090, 3245, 38
2026/07/14 23:26:25.581, 1, NVIDIA GeForce RTX 5090, 3065, 36
2026/07/14 23:26:25.587, 2, NVIDIA GeForce RTX 5090, 3065, 38
2026/07/14 23:26:25.590, 3, NVIDIA GeForce RTX 5090, 3065, 35
2026/07/14 23:26:25.592, 4, NVIDIA GeForce RTX 5090, 3065, 41
2026/07/14 23:26:27.690, 0, NVIDIA GeForce RTX 5090, 3245, 41
2026/07/14 23:26:27.695, 1, NVIDIA GeForce RTX 5090, 3065, 39
2026/07/14 23:26:27.698, 2, NVIDIA GeForce RTX 5090, 3065, 40
2026/07/14 23:26:27.700, 3, NVIDIA GeForce RTX 5090, 3065, 34
2026/07/14 23:26:27.705, 4, NVIDIA GeForce RTX 5090, 3065, 40
2026/07/14 23:26:29.815, 0, NVIDIA GeForce RTX 5090, 3245, 34
2026/07/14 23:26:29.821, 1, NVIDIA GeForce RTX 5090, 3065, 41
2026/07/14 23:26:29.826, 2, NVIDIA GeForce RTX 5090, 3065, 0
2026/07/14 23:26:29.829, 3, NVIDIA GeForce RTX 5090, 3065, 0
2026/07/14 23:26:29.831, 4, NVIDIA GeForce RTX 5090, 3065, 37
2026/07/14 23:26:31.962, 0, NVIDIA GeForce RTX 5090, 3245, 34
2026/07/14 23:26:31.966, 1, NVIDIA GeForce RTX 5090, 3065, 38
2026/07/14 23:26:31.969, 2, NVIDIA GeForce RTX 5090, 3065, 39
2026/07/14 23:26:31.972, 3, NVIDIA GeForce RTX 5090, 3065, 37
2026/07/14 23:26:31.975, 4, NVIDIA GeForce RTX 5090, 3065, 39
2026/07/14 23:26:34.092, 0, NVIDIA GeForce RTX 5090, 3245, 38
2026/07/14 23:26:34.096, 1, NVIDIA GeForce RTX 5090, 3065, 40
2026/07/14 23:26:34.099, 2, NVIDIA GeForce RTX 5090, 3065, 10
2026/07/14 23:26:34.102, 3, NVIDIA GeForce RTX 5090, 3065, 2
2026/07/14 23:26:34.104, 4, NVIDIA GeForce RTX 5090, 3065, 34
2026/07/14 23:26:36.244, 0, NVIDIA GeForce RTX 5090, 3245, 32
2026/07/14 23:26:36.248, 1, NVIDIA GeForce RTX 5090, 3065, 21
2026/07/14 23:26:36.254, 2, NVIDIA GeForce RTX 5090, 3065, 37
2026/07/14 23:26:36.256, 3, NVIDIA GeForce RTX 5090, 3065, 41
2026/07/14 23:26:36.258, 4, NVIDIA GeForce RTX 5090, 3065, 21
2026/07/14 23:26:38.390, 0, NVIDIA GeForce RTX 5090, 3245, 39
2026/07/14 23:26:38.394, 1, NVIDIA GeForce RTX 5090, 3065, 37
2026/07/14 23:26:38.396, 2, NVIDIA GeForce RTX 5090, 3065, 41
2026/07/14 23:26:38.398, 3, NVIDIA GeForce RTX 5090, 3065, 40
2026/07/14 23:26:38.400, 4, NVIDIA GeForce RTX 5090, 3065, 35
2026/07/14 23:26:40.533, 0, NVIDIA GeForce RTX 5090, 3245, 34
2026/07/14 23:26:40.536, 1, NVIDIA GeForce RTX 5090, 3065, 34
2026/07/14 23:26:40.539, 2, NVIDIA GeForce RTX 5090, 3065, 38
2026/07/14 23:26:40.542, 3, NVIDIA GeForce RTX 5090, 3065, 37
2026/07/14 23:26:40.544, 4, NVIDIA GeForce RTX 5090, 3065, 40
2026/07/14 23:26:42.657, 0, NVIDIA GeForce RTX 5090, 3245, 41
2026/07/14 23:26:42.663, 1, NVIDIA GeForce RTX 5090, 3065, 40
2026/07/14 23:26:42.666, 2, NVIDIA GeForce RTX 5090, 3065, 36
2026/07/14 23:26:42.669, 3, NVIDIA GeForce RTX 5090, 3065, 41
2026/07/14 23:26:42.672, 4, NVIDIA GeForce RTX 5090, 3065, 34
2026/07/14 23:26:44.771, 0, NVIDIA GeForce RTX 5090, 3245, 39
2026/07/14 23:26:44.774, 1, NVIDIA GeForce RTX 5090, 3065, 40
2026/07/14 23:26:44.776, 2, NVIDIA GeForce RTX 5090, 3065, 36
2026/07/14 23:26:44.778, 3, NVIDIA GeForce RTX 5090, 3065, 37
2026/07/14 23:26:44.780, 4, NVIDIA GeForce RTX 5090, 3065, 40
2026/07/14 23:26:46.905, 0, NVIDIA GeForce RTX 5090, 3245, 25
2026/07/14 23:26:46.912, 1, NVIDIA GeForce RTX 5090, 3065, 19
2026/07/14 23:26:46.915, 2, NVIDIA GeForce RTX 5090, 3065, 36
2026/07/14 23:26:46.917, 3, NVIDIA GeForce RTX 5090, 3065, 35
2026/07/14 23:26:46.920, 4, NVIDIA GeForce RTX 5090, 3065, 16
2026/07/14 23:26:49.058, 0, NVIDIA GeForce RTX 5090, 3245, 38
2026/07/14 23:26:49.061, 1, NVIDIA GeForce RTX 5090, 3065, 34
2026/07/14 23:26:49.065, 2, NVIDIA GeForce RTX 5090, 3065, 34
2026/07/14 23:26:49.070, 3, NVIDIA GeForce RTX 5090, 3065, 40
2026/07/14 23:26:49.075, 4, NVIDIA GeForce RTX 5090, 3065, 33
2026/07/14 23:26:51.188, 0, NVIDIA GeForce RTX 5090, 3245, 41
2026/07/14 23:26:51.194, 1, NVIDIA GeForce RTX 5090, 3065, 41
2026/07/14 23:26:51.198, 2, NVIDIA GeForce RTX 5090, 3065, 41
2026/07/14 23:26:51.200, 3, NVIDIA GeForce RTX 5090, 3065, 39
2026/07/14 23:26:51.203, 4, NVIDIA GeForce RTX 5090, 3065, 38
2026/07/14 23:26:53.332, 0, NVIDIA GeForce RTX 5090, 3245, 32
2026/07/14 23:26:53.338, 1, NVIDIA GeForce RTX 5090, 3065, 37
2026/07/14 23:26:53.340, 2, NVIDIA GeForce RTX 5090, 3065, 41
2026/07/14 23:26:53.344, 3, NVIDIA GeForce RTX 5090, 3065, 38
2026/07/14 23:26:53.347, 4, NVIDIA GeForce RTX 5090, 3065, 40
2026/07/14 23:26:55.482, 0, NVIDIA GeForce RTX 5090, 3245, 41
2026/07/14 23:26:55.489, 1, NVIDIA GeForce RTX 5090, 3065, 41
2026/07/14 23:26:55.491, 2, NVIDIA GeForce RTX 5090, 3065, 35
2026/07/14 23:26:55.494, 3, NVIDIA GeForce RTX 5090, 3065, 36
2026/07/14 23:26:55.497, 4, NVIDIA GeForce RTX 5090, 3065, 39
2026/07/14 23:26:57.587, 0, NVIDIA GeForce RTX 5090, 3245, 32
2026/07/14 23:26:57.592, 1, NVIDIA GeForce RTX 5090, 3065, 22
2026/07/14 23:26:57.595, 2, NVIDIA GeForce RTX 5090, 3065, 34
2026/07/14 23:26:57.598, 3, NVIDIA GeForce RTX 5090, 3065, 34
2026/07/14 23:26:57.601, 4, NVIDIA GeForce RTX 5090, 3065, 21
2026/07/14 23:26:59.730, 0, NVIDIA GeForce RTX 5090, 3245, 38
2026/07/14 23:26:59.735, 1, NVIDIA GeForce RTX 5090, 3065, 34
2026/07/14 23:26:59.737, 2, NVIDIA GeForce RTX 5090, 3065, 0
2026/07/14 23:26:59.740, 3, NVIDIA GeForce RTX 5090, 3065, 0
2026/07/14 23:26:59.743, 4, NVIDIA GeForce RTX 5090, 3065, 34
2026/07/14 23:27:01.857, 0, NVIDIA GeForce RTX 5090, 3245, 36
2026/07/14 23:27:01.864, 1, NVIDIA GeForce RTX 5090, 3065, 34
2026/07/14 23:27:01.869, 2, NVIDIA GeForce RTX 5090, 3065, 39
2026/07/14 23:27:01.872, 3, NVIDIA GeForce RTX 5090, 3065, 40
2026/07/14 23:27:01.874, 4, NVIDIA GeForce RTX 5090, 3065, 40
2026/07/14 23:27:04.008, 0, NVIDIA GeForce RTX 5090, 3245, 31
2026/07/14 23:27:04.013, 1, NVIDIA GeForce RTX 5090, 3065, 38
2026/07/14 23:27:04.015, 2, NVIDIA GeForce RTX 5090, 3065, 35
2026/07/14 23:27:04.018, 3, NVIDIA GeForce RTX 5090, 3065, 37
2026/07/14 23:27:04.021, 4, NVIDIA GeForce RTX 5090, 3065, 36
2026/07/14 23:27:06.119, 0, NVIDIA GeForce RTX 5090, 3245, 0
2026/07/14 23:27:06.125, 1, NVIDIA GeForce RTX 5090, 3065, 0
2026/07/14 23:27:06.128, 2, NVIDIA GeForce RTX 5090, 3065, 33
2026/07/14 23:27:06.130, 3, NVIDIA GeForce RTX 5090, 3065, 37
2026/07/14 23:27:06.132, 4, NVIDIA GeForce RTX 5090, 3065, 0
2026/07/14 23:27:08.268, 0, NVIDIA GeForce RTX 5090, 3245, 40
2026/07/14 23:27:08.276, 1, NVIDIA GeForce RTX 5090, 3065, 37
2026/07/14 23:27:08.279, 2, NVIDIA GeForce RTX 5090, 3065, 35
2026/07/14 23:27:08.281, 3, NVIDIA GeForce RTX 5090, 3065, 36
2026/07/14 23:27:08.283, 4, NVIDIA GeForce RTX 5090, 3065, 39
2026/07/14 23:27:10.420, 0, NVIDIA GeForce RTX 5090, 3245, 41
2026/07/14 23:27:10.428, 1, NVIDIA GeForce RTX 5090, 3065, 40
2026/07/14 23:27:10.431, 2, NVIDIA GeForce RTX 5090, 3065, 35
2026/07/14 23:27:10.435, 3, NVIDIA GeForce RTX 5090, 3065, 40
2026/07/14 23:27:10.439, 4, NVIDIA GeForce RTX 5090, 3065, 36
2026/07/14 23:27:12.580, 0, NVIDIA GeForce RTX 5090, 3245, 35
2026/07/14 23:27:12.584, 1, NVIDIA GeForce RTX 5090, 3065, 40
2026/07/14 23:27:12.587, 2, NVIDIA GeForce RTX 5090, 3065, 28
2026/07/14 23:27:12.590, 3, NVIDIA GeForce RTX 5090, 3065, 40
2026/07/14 23:27:12.593, 4, NVIDIA GeForce RTX 5090, 3065, 39
2026/07/14 23:27:14.728, 0, NVIDIA GeForce RTX 5090, 3245, 41
2026/07/14 23:27:14.733, 1, NVIDIA GeForce RTX 5090, 3065, 35
2026/07/14 23:27:14.736, 2, NVIDIA GeForce RTX 5090, 3065, 40
2026/07/14 23:27:14.740, 3, NVIDIA GeForce RTX 5090, 3065, 34
2026/07/14 23:27:14.743, 4, NVIDIA GeForce RTX 5090, 3065, 37
2026/07/14 23:27:16.866, 0, NVIDIA GeForce RTX 5090, 3245, 3
2026/07/14 23:27:16.872, 1, NVIDIA GeForce RTX 5090, 3065, 0
2026/07/14 23:27:16.876, 2, NVIDIA GeForce RTX 5090, 3065, 40
2026/07/14 23:27:16.885, 3, NVIDIA GeForce RTX 5090, 3065, 34
2026/07/14 23:27:16.888, 4, NVIDIA GeForce RTX 5090, 3065, 0
2026/07/14 23:27:18.987, 0, NVIDIA GeForce RTX 5090, 3245, 40
2026/07/14 23:27:18.992, 1, NVIDIA GeForce RTX 5090, 3065, 34
2026/07/14 23:27:18.998, 2, NVIDIA GeForce RTX 5090, 3065, 35
2026/07/14 23:27:19.001, 3, NVIDIA GeForce RTX 5090, 3065, 30
2026/07/14 23:27:19.004, 4, NVIDIA GeForce RTX 5090, 3065, 34
2026/07/14 23:27:21.137, 0, NVIDIA GeForce RTX 5090, 3245, 38
2026/07/14 23:27:21.140, 1, NVIDIA GeForce RTX 5090, 3065, 34
2026/07/14 23:27:21.143, 2, NVIDIA GeForce RTX 5090, 3065, 38
2026/07/14 23:27:21.145, 3, NVIDIA GeForce RTX 5090, 3065, 35
2026/07/14 23:27:21.147, 4, NVIDIA GeForce RTX 5090, 3065, 37
2026/07/14 23:27:23.278, 0, NVIDIA GeForce RTX 5090, 3245, 39
2026/07/14 23:27:23.282, 1, NVIDIA GeForce RTX 5090, 3065, 36
2026/07/14 23:27:23.285, 2, NVIDIA GeForce RTX 5090, 3065, 21
2026/07/14 23:27:23.288, 3, NVIDIA GeForce RTX 5090, 3065, 24
2026/07/14 23:27:23.290, 4, NVIDIA GeForce RTX 5090, 3065, 34
2026/07/14 23:27:25.433, 0, NVIDIA GeForce RTX 5090, 3245, 3
2026/07/14 23:27:25.437, 1, NVIDIA GeForce RTX 5090, 3065, 0
2026/07/14 23:27:25.442, 2, NVIDIA GeForce RTX 5090, 3065, 32
2026/07/14 23:27:25.444, 3, NVIDIA GeForce RTX 5090, 3065, 40
2026/07/14 23:27:25.447, 4, NVIDIA GeForce RTX 5090, 3065, 0
2026/07/14 23:27:27.541, 0, NVIDIA GeForce RTX 5090, 3245, 35
2026/07/14 23:27:27.545, 1, NVIDIA GeForce RTX 5090, 3065, 33
2026/07/14 23:27:27.547, 2, NVIDIA GeForce RTX 5090, 3065, 35
2026/07/14 23:27:27.549, 3, NVIDIA GeForce RTX 5090, 3065, 41
2026/07/14 23:27:27.551, 4, NVIDIA GeForce RTX 5090, 3065, 34
2026/07/14 23:27:29.679, 0, NVIDIA GeForce RTX 5090, 3245, 34
2026/07/14 23:27:29.683, 1, NVIDIA GeForce RTX 5090, 3065, 40
2026/07/14 23:27:29.686, 2, NVIDIA GeForce RTX 5090, 3065, 36
2026/07/14 23:27:29.689, 3, NVIDIA GeForce RTX 5090, 3065, 39
2026/07/14 23:27:29.691, 4, NVIDIA GeForce RTX 5090, 3065, 34
2026/07/14 23:27:31.834, 0, NVIDIA GeForce RTX 5090, 3245, 38
2026/07/14 23:27:31.838, 1, NVIDIA GeForce RTX 5090, 3065, 35
2026/07/14 23:27:31.841, 2, NVIDIA GeForce RTX 5090, 3065, 34
2026/07/14 23:27:31.846, 3, NVIDIA GeForce RTX 5090, 3065, 38
2026/07/14 23:27:31.849, 4, NVIDIA GeForce RTX 5090, 3065, 34
2026/07/14 23:27:33.941, 0, NVIDIA GeForce RTX 5090, 3245, 40
2026/07/14 23:27:33.945, 1, NVIDIA GeForce RTX 5090, 3065, 36
2026/07/14 23:27:33.948, 2, NVIDIA GeForce RTX 5090, 3065, 0
2026/07/14 23:27:33.951, 3, NVIDIA GeForce RTX 5090, 3065, 34
2026/07/14 23:27:33.954, 4, NVIDIA GeForce RTX 5090, 3065, 37
2026/07/14 23:27:36.091, 0, NVIDIA GeForce RTX 5090, 3245, 13
2026/07/14 23:27:36.096, 1, NVIDIA GeForce RTX 5090, 3065, 2
2026/07/14 23:27:36.100, 2, NVIDIA GeForce RTX 5090, 3065, 34
2026/07/14 23:27:36.103, 3, NVIDIA GeForce RTX 5090, 3065, 38
2026/07/14 23:27:36.106, 4, NVIDIA GeForce RTX 5090, 3065, 2
2026/07/14 23:27:38.248, 0, NVIDIA GeForce RTX 5090, 3245, 38
2026/07/14 23:27:38.252, 1, NVIDIA GeForce RTX 5090, 3065, 35
2026/07/14 23:27:38.256, 2, NVIDIA GeForce RTX 5090, 3065, 40
2026/07/14 23:27:38.259, 3, NVIDIA GeForce RTX 5090, 3065, 40
2026/07/14 23:27:38.261, 4, NVIDIA GeForce RTX 5090, 3065, 36
2026/07/14 23:27:40.358, 0, NVIDIA GeForce RTX 5090, 3245, 38
2026/07/14 23:27:40.364, 1, NVIDIA GeForce RTX 5090, 3065, 36
2026/07/14 23:27:40.367, 2, NVIDIA GeForce RTX 5090, 3065, 40
2026/07/14 23:27:40.369, 3, NVIDIA GeForce RTX 5090, 3065, 35
2026/07/14 23:27:40.372, 4, NVIDIA GeForce RTX 5090, 3065, 40
2026/07/14 23:27:42.481, 0, NVIDIA GeForce RTX 5090, 3245, 41
2026/07/14 23:27:42.485, 1, NVIDIA GeForce RTX 5090, 3065, 35
2026/07/14 23:27:42.488, 2, NVIDIA GeForce RTX 5090, 3065, 38
2026/07/14 23:27:42.491, 3, NVIDIA GeForce RTX 5090, 3065, 40
2026/07/14 23:27:42.493, 4, NVIDIA GeForce RTX 5090, 3065, 37
2026/07/14 23:27:44.625, 0, NVIDIA GeForce RTX 5090, 3245, 41
2026/07/14 23:27:44.629, 1, NVIDIA GeForce RTX 5090, 3065, 35
2026/07/14 23:27:44.632, 2, NVIDIA GeForce RTX 5090, 3065, 34
2026/07/14 23:27:44.636, 3, NVIDIA GeForce RTX 5090, 3065, 33
2026/07/14 23:27:44.639, 4, NVIDIA GeForce RTX 5090, 3065, 34
2026/07/14 23:27:46.733, 0, NVIDIA GeForce RTX 5090, 3245, 41
2026/07/14 23:27:46.736, 1, NVIDIA GeForce RTX 5090, 3065, 40
2026/07/14 23:27:46.738, 2, NVIDIA GeForce RTX 5090, 3065, 34
2026/07/14 23:27:46.740, 3, NVIDIA GeForce RTX 5090, 3065, 40
2026/07/14 23:27:46.743, 4, NVIDIA GeForce RTX 5090, 3065, 38
2026/07/14 23:27:48.849, 0, NVIDIA GeForce RTX 5090, 3245, 35
2026/07/14 23:27:48.854, 1, NVIDIA GeForce RTX 5090, 3065, 37
2026/07/14 23:27:48.858, 2, NVIDIA GeForce RTX 5090, 3065, 33
2026/07/14 23:27:48.861, 3, NVIDIA GeForce RTX 5090, 3065, 39
2026/07/14 23:27:48.864, 4, NVIDIA GeForce RTX 5090, 3065, 36
2026/07/14 23:27:50.976, 0, NVIDIA GeForce RTX 5090, 3245, 34
2026/07/14 23:27:50.980, 1, NVIDIA GeForce RTX 5090, 3065, 37
2026/07/14 23:27:50.984, 2, NVIDIA GeForce RTX 5090, 3065, 35
2026/07/14 23:27:50.990, 3, NVIDIA GeForce RTX 5090, 3065, 21
2026/07/14 23:27:50.993, 4, NVIDIA GeForce RTX 5090, 3065, 38
2026/07/14 23:27:53.103, 0, NVIDIA GeForce RTX 5090, 3245, 38
2026/07/14 23:27:53.112, 1, NVIDIA GeForce RTX 5090, 3065, 34
2026/07/14 23:27:53.116, 2, NVIDIA GeForce RTX 5090, 3065, 23
2026/07/14 23:27:53.119, 3, NVIDIA GeForce RTX 5090, 3065, 31
2026/07/14 23:27:53.122, 4, NVIDIA GeForce RTX 5090, 3065, 37
2026/07/14 23:27:55.259, 0, NVIDIA GeForce RTX 5090, 3245, 41
2026/07/14 23:27:55.264, 1, NVIDIA GeForce RTX 5090, 3065, 36
2026/07/14 23:27:55.267, 2, NVIDIA GeForce RTX 5090, 3065, 36
2026/07/14 23:27:55.270, 3, NVIDIA GeForce RTX 5090, 3065, 35
2026/07/14 23:27:55.274, 4, NVIDIA GeForce RTX 5090, 3065, 38
2026/07/14 23:27:57.393, 0, NVIDIA GeForce RTX 5090, 3245, 40
2026/07/14 23:27:57.400, 1, NVIDIA GeForce RTX 5090, 3065, 35
2026/07/14 23:27:57.403, 2, NVIDIA GeForce RTX 5090, 3065, 34
2026/07/14 23:27:57.405, 3, NVIDIA GeForce RTX 5090, 3065, 40
2026/07/14 23:27:57.408, 4, NVIDIA GeForce RTX 5090, 3065, 40
2026/07/14 23:27:59.504, 0, NVIDIA GeForce RTX 5090, 3245, 5
2026/07/14 23:27:59.508, 1, NVIDIA GeForce RTX 5090, 3065, 2
2026/07/14 23:27:59.511, 2, NVIDIA GeForce RTX 5090, 3065, 40
2026/07/14 23:27:59.514, 3, NVIDIA GeForce RTX 5090, 3065, 38
2026/07/14 23:27:59.517, 4, NVIDIA GeForce RTX 5090, 3065, 0
2026/07/14 23:28:01.610, 0, NVIDIA GeForce RTX 5090, 3245, 31
2026/07/14 23:28:01.613, 1, NVIDIA GeForce RTX 5090, 3065, 38
2026/07/14 23:28:01.615, 2, NVIDIA GeForce RTX 5090, 3065, 40
2026/07/14 23:28:01.617, 3, NVIDIA GeForce RTX 5090, 3065, 37
2026/07/14 23:28:01.620, 4, NVIDIA GeForce RTX 5090, 3065, 41
2026/07/14 23:28:03.710, 0, NVIDIA GeForce RTX 5090, 3245, 36
2026/07/14 23:28:03.716, 1, NVIDIA GeForce RTX 5090, 3065, 35
2026/07/14 23:28:03.719, 2, NVIDIA GeForce RTX 5090, 3065, 36
2026/07/14 23:28:03.725, 3, NVIDIA GeForce RTX 5090, 3065, 37
2026/07/14 23:28:03.727, 4, NVIDIA GeForce RTX 5090, 3065, 34
2026/07/14 23:28:05.844, 0, NVIDIA GeForce RTX 5090, 3245, 39
2026/07/14 23:28:05.849, 1, NVIDIA GeForce RTX 5090, 3065, 40
2026/07/14 23:28:05.853, 2, NVIDIA GeForce RTX 5090, 3065, 11
2026/07/14 23:28:05.856, 3, NVIDIA GeForce RTX 5090, 3065, 39
2026/07/14 23:28:05.858, 4, NVIDIA GeForce RTX 5090, 3065, 38
2026/07/14 23:28:07.950, 0, NVIDIA GeForce RTX 5090, 3245, 37
2026/07/14 23:28:07.954, 1, NVIDIA GeForce RTX 5090, 3065, 35
2026/07/14 23:28:07.956, 2, NVIDIA GeForce RTX 5090, 3065, 0
2026/07/14 23:28:07.958, 3, NVIDIA GeForce RTX 5090, 3065, 41
2026/07/14 23:28:07.960, 4, NVIDIA GeForce RTX 5090, 3065, 39
2026/07/14 23:28:10.088, 0, NVIDIA GeForce RTX 5090, 3245, 6
2026/07/14 23:28:10.102, 1, NVIDIA GeForce RTX 5090, 3065, 0
2026/07/14 23:28:10.105, 2, NVIDIA GeForce RTX 5090, 3065, 34
2026/07/14 23:28:10.108, 3, NVIDIA GeForce RTX 5090, 3065, 40
2026/07/14 23:28:10.110, 4, NVIDIA GeForce RTX 5090, 3065, 0
2026/07/14 23:28:12.216, 0, NVIDIA GeForce RTX 5090, 3245, 34
2026/07/14 23:28:12.222, 1, NVIDIA GeForce RTX 5090, 3065, 35
2026/07/14 23:28:12.224, 2, NVIDIA GeForce RTX 5090, 3065, 37
2026/07/14 23:28:12.227, 3, NVIDIA GeForce RTX 5090, 3065, 37
2026/07/14 23:28:12.230, 4, NVIDIA GeForce RTX 5090, 3065, 34
2026/07/14 23:28:14.365, 0, NVIDIA GeForce RTX 5090, 3245, 38
2026/07/14 23:28:14.369, 1, NVIDIA GeForce RTX 5090, 3065, 40
2026/07/14 23:28:14.372, 2, NVIDIA GeForce RTX 5090, 3065, 34
2026/07/14 23:28:14.375, 3, NVIDIA GeForce RTX 5090, 3065, 35
2026/07/14 23:28:14.378, 4, NVIDIA GeForce RTX 5090, 3065, 36
2026/07/14 23:28:16.511, 0, NVIDIA GeForce RTX 5090, 3245, 42
2026/07/14 23:28:16.517, 1, NVIDIA GeForce RTX 5090, 3065, 34
2026/07/14 23:28:16.519, 2, NVIDIA GeForce RTX 5090, 3065, 23
2026/07/14 23:28:16.522, 3, NVIDIA GeForce RTX 5090, 3065, 40
2026/07/14 23:28:16.527, 4, NVIDIA GeForce RTX 5090, 3065, 40
2026/07/14 23:28:18.657, 0, NVIDIA GeForce RTX 5090, 3245, 40
2026/07/14 23:28:18.661, 1, NVIDIA GeForce RTX 5090, 3065, 40
2026/07/14 23:28:18.664, 2, NVIDIA GeForce RTX 5090, 3065, 41
2026/07/14 23:28:18.667, 3, NVIDIA GeForce RTX 5090, 3065, 40
2026/07/14 23:28:18.669, 4, NVIDIA GeForce RTX 5090, 3065, 34
2026/07/14 23:28:20.800, 0, NVIDIA GeForce RTX 5090, 3245, 5
2026/07/14 23:28:20.804, 1, NVIDIA GeForce RTX 5090, 3065, 0
2026/07/14 23:28:20.807, 2, NVIDIA GeForce RTX 5090, 3065, 36
2026/07/14 23:28:20.810, 3, NVIDIA GeForce RTX 5090, 3065, 34
2026/07/14 23:28:20.813, 4, NVIDIA GeForce RTX 5090, 3065, 0
2026/07/14 23:28:22.950, 0, NVIDIA GeForce RTX 5090, 3245, 37
2026/07/14 23:28:22.955, 1, NVIDIA GeForce RTX 5090, 3065, 39
2026/07/14 23:28:22.960, 2, NVIDIA GeForce RTX 5090, 3065, 38
2026/07/14 23:28:22.963, 3, NVIDIA GeForce RTX 5090, 3065, 20
2026/07/14 23:28:22.965, 4, NVIDIA GeForce RTX 5090, 3065, 40
2026/07/14 23:28:25.095, 0, NVIDIA GeForce RTX 5090, 3245, 35
2026/07/14 23:28:25.099, 1, NVIDIA GeForce RTX 5090, 3065, 39
2026/07/14 23:28:25.101, 2, NVIDIA GeForce RTX 5090, 3065, 37
2026/07/14 23:28:25.103, 3, NVIDIA GeForce RTX 5090, 3065, 35
2026/07/14 23:28:25.105, 4, NVIDIA GeForce RTX 5090, 3065, 33
2026/07/14 23:28:27.215, 0, NVIDIA GeForce RTX 5090, 3245, 41
2026/07/14 23:28:27.221, 1, NVIDIA GeForce RTX 5090, 3065, 40
2026/07/14 23:28:27.225, 2, NVIDIA GeForce RTX 5090, 3065, 0
2026/07/14 23:28:27.227, 3, NVIDIA GeForce RTX 5090, 3065, 0
2026/07/14 23:28:27.230, 4, NVIDIA GeForce RTX 5090, 3065, 37
2026/07/14 23:28:29.367, 0, NVIDIA GeForce RTX 5090, 3245, 3
2026/07/14 23:28:29.372, 1, NVIDIA GeForce RTX 5090, 3065, 19
2026/07/14 23:28:29.375, 2, NVIDIA GeForce RTX 5090, 3065, 41
2026/07/14 23:28:29.378, 3, NVIDIA GeForce RTX 5090, 3065, 34
2026/07/14 23:28:29.381, 4, NVIDIA GeForce RTX 5090, 3065, 23
2026/07/14 23:28:31.515, 0, NVIDIA GeForce RTX 5090, 3245, 34
2026/07/14 23:28:31.520, 1, NVIDIA GeForce RTX 5090, 3065, 36
2026/07/14 23:28:31.525, 2, NVIDIA GeForce RTX 5090, 3065, 39
2026/07/14 23:28:31.531, 3, NVIDIA GeForce RTX 5090, 3065, 33
2026/07/14 23:28:31.534, 4, NVIDIA GeForce RTX 5090, 3065, 35
2026/07/14 23:28:33.646, 0, NVIDIA GeForce RTX 5090, 3245, 39
2026/07/14 23:28:33.652, 1, NVIDIA GeForce RTX 5090, 3065, 38
2026/07/14 23:28:33.655, 2, NVIDIA GeForce RTX 5090, 3065, 36
2026/07/14 23:28:33.658, 3, NVIDIA GeForce RTX 5090, 3065, 40
2026/07/14 23:28:33.660, 4, NVIDIA GeForce RTX 5090, 3065, 38
2026/07/14 23:28:35.775, 0, NVIDIA GeForce RTX 5090, 3245, 41
2026/07/14 23:28:35.780, 1, NVIDIA GeForce RTX 5090, 3065, 39
2026/07/14 23:28:35.783, 2, NVIDIA GeForce RTX 5090, 3065, 0
2026/07/14 23:28:35.786, 3, NVIDIA GeForce RTX 5090, 3065, 14
2026/07/14 23:28:35.789, 4, NVIDIA GeForce RTX 5090, 3065, 37
2026/07/14 23:28:37.904, 0, NVIDIA GeForce RTX 5090, 3245, 41
2026/07/14 23:28:37.907, 1, NVIDIA GeForce RTX 5090, 3065, 36
2026/07/14 23:28:37.909, 2, NVIDIA GeForce RTX 5090, 3065, 34
2026/07/14 23:28:37.911, 3, NVIDIA GeForce RTX 5090, 3065, 40
2026/07/14 23:28:37.913, 4, NVIDIA GeForce RTX 5090, 3065, 35
2026/07/14 23:28:40.023, 0, NVIDIA GeForce RTX 5090, 3245, 4
2026/07/14 23:28:40.029, 1, NVIDIA GeForce RTX 5090, 3065, 11
2026/07/14 23:28:40.032, 2, NVIDIA GeForce RTX 5090, 3065, 33
2026/07/14 23:28:40.035, 3, NVIDIA GeForce RTX 5090, 3065, 35
2026/07/14 23:28:40.039, 4, NVIDIA GeForce RTX 5090, 3065, 5
2026/07/14 23:28:42.134, 0, NVIDIA GeForce RTX 5090, 3245, 41
2026/07/14 23:28:42.137, 1, NVIDIA GeForce RTX 5090, 3065, 37
2026/07/14 23:28:42.140, 2, NVIDIA GeForce RTX 5090, 3065, 35
2026/07/14 23:28:42.147, 3, NVIDIA GeForce RTX 5090, 3065, 39
2026/07/14 23:28:42.149, 4, NVIDIA GeForce RTX 5090, 3065, 34
2026/07/14 23:28:44.265, 0, NVIDIA GeForce RTX 5090, 3245, 11
2026/07/14 23:28:44.269, 1, NVIDIA GeForce RTX 5090, 3065, 0
2026/07/14 23:28:44.271, 2, NVIDIA GeForce RTX 5090, 3065, 0
2026/07/14 23:28:44.274, 3, NVIDIA GeForce RTX 5090, 3065, 0
2026/07/14 23:28:44.276, 4, NVIDIA GeForce RTX 5090, 3065, 0
2026/07/14 23:28:46.362, 0, NVIDIA GeForce RTX 5090, 3245, 12
2026/07/14 23:28:46.365, 1, NVIDIA GeForce RTX 5090, 3065, 0
2026/07/14 23:28:46.367, 2, NVIDIA GeForce RTX 5090, 3065, 0
2026/07/14 23:28:46.370, 3, NVIDIA GeForce RTX 5090, 3065, 0
2026/07/14 23:28:46.372, 4, NVIDIA GeForce RTX 5090, 3065, 0
2026/07/14 23:28:48.458, 0, NVIDIA GeForce RTX 5090, 3245, 5
2026/07/14 23:28:48.461, 1, NVIDIA GeForce RTX 5090, 3065, 0
2026/07/14 23:28:48.463, 2, NVIDIA GeForce RTX 5090, 3065, 0
2026/07/14 23:28:48.466, 3, NVIDIA GeForce RTX 5090, 3065, 0
2026/07/14 23:28:48.468, 4, NVIDIA GeForce RTX 5090, 3065, 0
2026/07/14 23:28:50.552, 0, NVIDIA GeForce RTX 5090, 3245, 0
2026/07/14 23:28:50.556, 1, NVIDIA GeForce RTX 5090, 3065, 0
2026/07/14 23:28:50.558, 2, NVIDIA GeForce RTX 5090, 3065, 0
2026/07/14 23:28:50.560, 3, NVIDIA GeForce RTX 5090, 3065, 0
2026/07/14 23:28:50.562, 4, NVIDIA GeForce RTX 5090, 3065, 0
2026/07/14 23:28:52.844, 0, NVIDIA GeForce RTX 5090, 0, 0
2026/07/14 23:28:52.846, 1, NVIDIA GeForce RTX 5090, 0, 0
2026/07/14 23:28:52.848, 2, NVIDIA GeForce RTX 5090, 0, 0
2026/07/14 23:28:52.850, 3, NVIDIA GeForce RTX 5090, 0, 0
2026/07/14 23:28:52.852, 4, NVIDIA GeForce RTX 5090, 0, 0
2026/07/14 23:28:54.986, 0, NVIDIA GeForce RTX 5090, 0, 0
2026/07/14 23:28:55.002, 1, NVIDIA GeForce RTX 5090, 0, 0
2026/07/14 23:28:55.016, 2, NVIDIA GeForce RTX 5090, 0, 0
2026/07/14 23:28:55.021, 3, NVIDIA GeForce RTX 5090, 0, 0
2026/07/14 23:28:55.036, 4, NVIDIA GeForce RTX 5090, 0, 0
