timestamp,index,name,memory_used_mib,utilization_gpu_pct
2026/07/14 22:31:52.226, 0, NVIDIA GeForce RTX 5090, 0, 0
2026/07/14 22:31:52.230, 1, NVIDIA GeForce RTX 5090, 0, 0
2026/07/14 22:31:52.238, 2, NVIDIA GeForce RTX 5090, 0, 0
2026/07/14 22:31:52.246, 3, NVIDIA GeForce RTX 5090, 0, 0
2026/07/14 22:31:52.249, 4, NVIDIA GeForce RTX 5090, 0, 0
2026/07/14 22:31:54.396, 0, NVIDIA GeForce RTX 5090, 0, 0
2026/07/14 22:31:54.399, 1, NVIDIA GeForce RTX 5090, 0, 0
2026/07/14 22:31:54.407, 2, NVIDIA GeForce RTX 5090, 0, 0
2026/07/14 22:31:54.415, 3, NVIDIA GeForce RTX 5090, 0, 0
2026/07/14 22:31:54.418, 4, NVIDIA GeForce RTX 5090, 0, 0
2026/07/14 22:31:56.544, 0, NVIDIA GeForce RTX 5090, 0, 0
2026/07/14 22:31:56.549, 1, NVIDIA GeForce RTX 5090, 0, 0
2026/07/14 22:31:56.557, 2, NVIDIA GeForce RTX 5090, 0, 0
2026/07/14 22:31:56.564, 3, NVIDIA GeForce RTX 5090, 0, 0
2026/07/14 22:31:56.567, 4, NVIDIA GeForce RTX 5090, 0, 0
2026/07/14 22:31:58.700, 0, NVIDIA GeForce RTX 5090, 0, 0
2026/07/14 22:31:58.704, 1, NVIDIA GeForce RTX 5090, 0, 0
2026/07/14 22:31:58.712, 2, NVIDIA GeForce RTX 5090, 0, 0
2026/07/14 22:31:58.719, 3, NVIDIA GeForce RTX 5090, 0, 0
2026/07/14 22:31:58.722, 4, NVIDIA GeForce RTX 5090, 0, 0
2026/07/14 22:32:00.847, 0, NVIDIA GeForce RTX 5090, 0, 0
2026/07/14 22:32:00.851, 1, NVIDIA GeForce RTX 5090, 0, 0
2026/07/14 22:32:00.859, 2, NVIDIA GeForce RTX 5090, 0, 0
2026/07/14 22:32:00.868, 3, NVIDIA GeForce RTX 5090, 0, 0
2026/07/14 22:32:00.871, 4, NVIDIA GeForce RTX 5090, 0, 0
2026/07/14 22:32:03.014, 0, NVIDIA GeForce RTX 5090, 33, 0
2026/07/14 22:32:03.017, 1, NVIDIA GeForce RTX 5090, 0, 0
2026/07/14 22:32:03.022, 2, NVIDIA GeForce RTX 5090, 0, 0
2026/07/14 22:32:03.027, 3, NVIDIA GeForce RTX 5090, 0, 0
2026/07/14 22:32:03.030, 4, NVIDIA GeForce RTX 5090, 0, 0
2026/07/14 22:32:05.148, 0, NVIDIA GeForce RTX 5090, 979, 0
2026/07/14 22:32:05.151, 1, NVIDIA GeForce RTX 5090, 0, 0
2026/07/14 22:32:05.159, 2, NVIDIA GeForce RTX 5090, 0, 0
2026/07/14 22:32:05.166, 3, NVIDIA GeForce RTX 5090, 0, 0
2026/07/14 22:32:05.177, 4, NVIDIA GeForce RTX 5090, 0, 0
2026/07/14 22:32:07.311, 0, NVIDIA GeForce RTX 5090, 979, 0
2026/07/14 22:32:07.314, 1, NVIDIA GeForce RTX 5090, 0, 0
2026/07/14 22:32:07.322, 2, NVIDIA GeForce RTX 5090, 0, 0
2026/07/14 22:32:07.330, 3, NVIDIA GeForce RTX 5090, 0, 0
2026/07/14 22:32:07.338, 4, NVIDIA GeForce RTX 5090, 0, 0
2026/07/14 22:32:09.488, 0, NVIDIA GeForce RTX 5090, 979, 0
2026/07/14 22:32:09.490, 1, NVIDIA GeForce RTX 5090, 0, 0
2026/07/14 22:32:09.498, 2, NVIDIA GeForce RTX 5090, 0, 0
2026/07/14 22:32:09.505, 3, NVIDIA GeForce RTX 5090, 0, 0
2026/07/14 22:32:09.513, 4, NVIDIA GeForce RTX 5090, 0, 0
2026/07/14 22:32:11.644, 0, NVIDIA GeForce RTX 5090, 979, 0
2026/07/14 22:32:11.646, 1, NVIDIA GeForce RTX 5090, 0, 0
2026/07/14 22:32:11.655, 2, NVIDIA GeForce RTX 5090, 0, 0
2026/07/14 22:32:11.662, 3, NVIDIA GeForce RTX 5090, 0, 0
2026/07/14 22:32:11.674, 4, NVIDIA GeForce RTX 5090, 0, 0
2026/07/14 22:32:13.807, 0, NVIDIA GeForce RTX 5090, 979, 0
2026/07/14 22:32:13.809, 1, NVIDIA GeForce RTX 5090, 0, 0
2026/07/14 22:32:13.817, 2, NVIDIA GeForce RTX 5090, 0, 0
2026/07/14 22:32:13.825, 3, NVIDIA GeForce RTX 5090, 0, 0
2026/07/14 22:32:13.833, 4, NVIDIA GeForce RTX 5090, 0, 0
2026/07/14 22:32:15.967, 0, NVIDIA GeForce RTX 5090, 979, 0
2026/07/14 22:32:15.969, 1, NVIDIA GeForce RTX 5090, 0, 0
2026/07/14 22:32:15.978, 2, NVIDIA GeForce RTX 5090, 0, 0
2026/07/14 22:32:15.986, 3, NVIDIA GeForce RTX 5090, 0, 0
2026/07/14 22:32:15.995, 4, NVIDIA GeForce RTX 5090, 0, 0
2026/07/14 22:32:18.129, 0, NVIDIA GeForce RTX 5090, 979, 0
2026/07/14 22:32:18.132, 1, NVIDIA GeForce RTX 5090, 0, 0
2026/07/14 22:32:18.140, 2, NVIDIA GeForce RTX 5090, 0, 0
2026/07/14 22:32:18.148, 3, NVIDIA GeForce RTX 5090, 0, 0
2026/07/14 22:32:18.155, 4, NVIDIA GeForce RTX 5090, 0, 0
2026/07/14 22:32:20.300, 0, NVIDIA GeForce RTX 5090, 979, 0
2026/07/14 22:32:20.313, 1, NVIDIA GeForce RTX 5090, 0, 0
2026/07/14 22:32:20.320, 2, NVIDIA GeForce RTX 5090, 0, 0
2026/07/14 22:32:20.328, 3, NVIDIA GeForce RTX 5090, 0, 0
2026/07/14 22:32:20.335, 4, NVIDIA GeForce RTX 5090, 0, 0
2026/07/14 22:32:22.487, 0, NVIDIA GeForce RTX 5090, 1429, 1
2026/07/14 22:32:22.489, 1, NVIDIA GeForce RTX 5090, 0, 0
2026/07/14 22:32:22.497, 2, NVIDIA GeForce RTX 5090, 0, 0
2026/07/14 22:32:22.505, 3, NVIDIA GeForce RTX 5090, 0, 0
2026/07/14 22:32:22.513, 4, NVIDIA GeForce RTX 5090, 0, 0
2026/07/14 22:32:24.648, 0, NVIDIA GeForce RTX 5090, 1955, 0
2026/07/14 22:32:24.651, 1, NVIDIA GeForce RTX 5090, 0, 0
2026/07/14 22:32:24.659, 2, NVIDIA GeForce RTX 5090, 0, 0
2026/07/14 22:32:24.666, 3, NVIDIA GeForce RTX 5090, 0, 0
2026/07/14 22:32:24.674, 4, NVIDIA GeForce RTX 5090, 0, 0
2026/07/14 22:32:26.818, 0, NVIDIA GeForce RTX 5090, 2919, 98
2026/07/14 22:32:26.824, 1, NVIDIA GeForce RTX 5090, 0, 0
2026/07/14 22:32:26.833, 2, NVIDIA GeForce RTX 5090, 0, 0
2026/07/14 22:32:26.840, 3, NVIDIA GeForce RTX 5090, 0, 0
2026/07/14 22:32:26.849, 4, NVIDIA GeForce RTX 5090, 0, 0
2026/07/14 22:32:28.986, 0, NVIDIA GeForce RTX 5090, 2919, 99
2026/07/14 22:32:28.993, 1, NVIDIA GeForce RTX 5090, 0, 0
2026/07/14 22:32:29.002, 2, NVIDIA GeForce RTX 5090, 0, 0
2026/07/14 22:32:29.011, 3, NVIDIA GeForce RTX 5090, 0, 0
2026/07/14 22:32:29.019, 4, NVIDIA GeForce RTX 5090, 0, 0
2026/07/14 22:32:31.198, 0, NVIDIA GeForce RTX 5090, 2919, 99
2026/07/14 22:32:31.202, 1, NVIDIA GeForce RTX 5090, 0, 0
2026/07/14 22:32:31.210, 2, NVIDIA GeForce RTX 5090, 0, 0
2026/07/14 22:32:31.219, 3, NVIDIA GeForce RTX 5090, 0, 0
2026/07/14 22:32:31.227, 4, NVIDIA GeForce RTX 5090, 0, 0
2026/07/14 22:32:33.371, 0, NVIDIA GeForce RTX 5090, 2919, 99
2026/07/14 22:32:33.376, 1, NVIDIA GeForce RTX 5090, 0, 0
2026/07/14 22:32:33.384, 2, NVIDIA GeForce RTX 5090, 0, 0
2026/07/14 22:32:33.391, 3, NVIDIA GeForce RTX 5090, 0, 0
2026/07/14 22:32:33.399, 4, NVIDIA GeForce RTX 5090, 0, 0
2026/07/14 22:32:35.532, 0, NVIDIA GeForce RTX 5090, 2919, 98
2026/07/14 22:32:35.535, 1, NVIDIA GeForce RTX 5090, 0, 0
2026/07/14 22:32:35.543, 2, NVIDIA GeForce RTX 5090, 0, 0
2026/07/14 22:32:35.551, 3, NVIDIA GeForce RTX 5090, 0, 0
2026/07/14 22:32:35.558, 4, NVIDIA GeForce RTX 5090, 0, 0
2026/07/14 22:32:37.700, 0, NVIDIA GeForce RTX 5090, 2919, 99
2026/07/14 22:32:37.704, 1, NVIDIA GeForce RTX 5090, 0, 0
2026/07/14 22:32:37.713, 2, NVIDIA GeForce RTX 5090, 0, 0
2026/07/14 22:32:37.720, 3, NVIDIA GeForce RTX 5090, 0, 0
2026/07/14 22:32:37.728, 4, NVIDIA GeForce RTX 5090, 0, 0
2026/07/14 22:32:39.860, 0, NVIDIA GeForce RTX 5090, 2919, 99
2026/07/14 22:32:39.865, 1, NVIDIA GeForce RTX 5090, 0, 0
2026/07/14 22:32:39.874, 2, NVIDIA GeForce RTX 5090, 0, 0
2026/07/14 22:32:39.882, 3, NVIDIA GeForce RTX 5090, 0, 0
2026/07/14 22:32:39.889, 4, NVIDIA GeForce RTX 5090, 0, 0
2026/07/14 22:32:42.031, 0, NVIDIA GeForce RTX 5090, 2937, 98
2026/07/14 22:32:42.034, 1, NVIDIA GeForce RTX 5090, 0, 0
2026/07/14 22:32:42.042, 2, NVIDIA GeForce RTX 5090, 0, 0
2026/07/14 22:32:42.050, 3, NVIDIA GeForce RTX 5090, 0, 0
2026/07/14 22:32:42.058, 4, NVIDIA GeForce RTX 5090, 0, 0
2026/07/14 22:32:44.204, 0, NVIDIA GeForce RTX 5090, 2941, 99
2026/07/14 22:32:44.211, 1, NVIDIA GeForce RTX 5090, 0, 0
2026/07/14 22:32:44.220, 2, NVIDIA GeForce RTX 5090, 0, 0
2026/07/14 22:32:44.227, 3, NVIDIA GeForce RTX 5090, 0, 0
2026/07/14 22:32:44.236, 4, NVIDIA GeForce RTX 5090, 0, 0
2026/07/14 22:32:46.411, 0, NVIDIA GeForce RTX 5090, 2941, 99
2026/07/14 22:32:46.416, 1, NVIDIA GeForce RTX 5090, 0, 0
2026/07/14 22:32:46.423, 2, NVIDIA GeForce RTX 5090, 0, 0
2026/07/14 22:32:46.430, 3, NVIDIA GeForce RTX 5090, 0, 0
2026/07/14 22:32:46.438, 4, NVIDIA GeForce RTX 5090, 0, 0
2026/07/14 22:32:48.571, 0, NVIDIA GeForce RTX 5090, 2941, 99
2026/07/14 22:32:48.574, 1, NVIDIA GeForce RTX 5090, 0, 0
2026/07/14 22:32:48.582, 2, NVIDIA GeForce RTX 5090, 0, 0
2026/07/14 22:32:48.589, 3, NVIDIA GeForce RTX 5090, 0, 0
2026/07/14 22:32:48.597, 4, NVIDIA GeForce RTX 5090, 0, 0
2026/07/14 22:32:50.733, 0, NVIDIA GeForce RTX 5090, 2941, 99
2026/07/14 22:32:50.739, 1, NVIDIA GeForce RTX 5090, 0, 0
2026/07/14 22:32:50.747, 2, NVIDIA GeForce RTX 5090, 0, 0
2026/07/14 22:32:50.754, 3, NVIDIA GeForce RTX 5090, 0, 0
2026/07/14 22:32:50.762, 4, NVIDIA GeForce RTX 5090, 0, 0
2026/07/14 22:32:52.900, 0, NVIDIA GeForce RTX 5090, 2941, 39
2026/07/14 22:32:52.906, 1, NVIDIA GeForce RTX 5090, 0, 0
2026/07/14 22:32:52.914, 2, NVIDIA GeForce RTX 5090, 0, 0
2026/07/14 22:32:52.921, 3, NVIDIA GeForce RTX 5090, 0, 0
2026/07/14 22:32:52.929, 4, NVIDIA GeForce RTX 5090, 0, 0
2026/07/14 22:32:55.063, 0, NVIDIA GeForce RTX 5090, 2941, 11
2026/07/14 22:32:55.070, 1, NVIDIA GeForce RTX 5090, 0, 0
2026/07/14 22:32:55.078, 2, NVIDIA GeForce RTX 5090, 0, 0
2026/07/14 22:32:55.086, 3, NVIDIA GeForce RTX 5090, 0, 0
2026/07/14 22:32:55.095, 4, NVIDIA GeForce RTX 5090, 0, 0
2026/07/14 22:32:57.239, 0, NVIDIA GeForce RTX 5090, 2941, 99
2026/07/14 22:32:57.244, 1, NVIDIA GeForce RTX 5090, 0, 0
2026/07/14 22:32:57.253, 2, NVIDIA GeForce RTX 5090, 0, 0
2026/07/14 22:32:57.261, 3, NVIDIA GeForce RTX 5090, 0, 0
2026/07/14 22:32:57.268, 4, NVIDIA GeForce RTX 5090, 0, 0
2026/07/14 22:32:59.404, 0, NVIDIA GeForce RTX 5090, 2941, 99
2026/07/14 22:32:59.408, 1, NVIDIA GeForce RTX 5090, 0, 0
2026/07/14 22:32:59.417, 2, NVIDIA GeForce RTX 5090, 0, 0
2026/07/14 22:32:59.424, 3, NVIDIA GeForce RTX 5090, 0, 0
2026/07/14 22:32:59.432, 4, NVIDIA GeForce RTX 5090, 0, 0
2026/07/14 22:33:01.569, 0, NVIDIA GeForce RTX 5090, 2941, 99
2026/07/14 22:33:01.574, 1, NVIDIA GeForce RTX 5090, 0, 0
2026/07/14 22:33:01.583, 2, NVIDIA GeForce RTX 5090, 0, 0
2026/07/14 22:33:01.591, 3, NVIDIA GeForce RTX 5090, 0, 0
2026/07/14 22:33:01.598, 4, NVIDIA GeForce RTX 5090, 0, 0
2026/07/14 22:33:03.741, 0, NVIDIA GeForce RTX 5090, 2941, 99
2026/07/14 22:33:03.746, 1, NVIDIA GeForce RTX 5090, 0, 0
2026/07/14 22:33:03.754, 2, NVIDIA GeForce RTX 5090, 0, 0
2026/07/14 22:33:03.762, 3, NVIDIA GeForce RTX 5090, 0, 0
2026/07/14 22:33:03.769, 4, NVIDIA GeForce RTX 5090, 0, 0
2026/07/14 22:33:05.908, 0, NVIDIA GeForce RTX 5090, 2941, 98
2026/07/14 22:33:05.913, 1, NVIDIA GeForce RTX 5090, 0, 0
2026/07/14 22:33:05.922, 2, NVIDIA GeForce RTX 5090, 0, 0
2026/07/14 22:33:05.929, 3, NVIDIA GeForce RTX 5090, 0, 0
2026/07/14 22:33:05.936, 4, NVIDIA GeForce RTX 5090, 0, 0
2026/07/14 22:33:08.079, 0, NVIDIA GeForce RTX 5090, 2941, 99
2026/07/14 22:33:08.084, 1, NVIDIA GeForce RTX 5090, 0, 0
2026/07/14 22:33:08.092, 2, NVIDIA GeForce RTX 5090, 0, 0
2026/07/14 22:33:08.099, 3, NVIDIA GeForce RTX 5090, 0, 0
2026/07/14 22:33:08.107, 4, NVIDIA GeForce RTX 5090, 0, 0
2026/07/14 22:33:10.245, 0, NVIDIA GeForce RTX 5090, 2941, 99
2026/07/14 22:33:10.248, 1, NVIDIA GeForce RTX 5090, 0, 0
2026/07/14 22:33:10.256, 2, NVIDIA GeForce RTX 5090, 0, 0
2026/07/14 22:33:10.264, 3, NVIDIA GeForce RTX 5090, 0, 0
2026/07/14 22:33:10.272, 4, NVIDIA GeForce RTX 5090, 0, 0
2026/07/14 22:33:12.409, 0, NVIDIA GeForce RTX 5090, 2941, 99
2026/07/14 22:33:12.414, 1, NVIDIA GeForce RTX 5090, 0, 0
2026/07/14 22:33:12.422, 2, NVIDIA GeForce RTX 5090, 0, 0
2026/07/14 22:33:12.431, 3, NVIDIA GeForce RTX 5090, 0, 0
2026/07/14 22:33:12.438, 4, NVIDIA GeForce RTX 5090, 0, 0
2026/07/14 22:33:14.593, 0, NVIDIA GeForce RTX 5090, 2941, 99
2026/07/14 22:33:14.598, 1, NVIDIA GeForce RTX 5090, 0, 0
2026/07/14 22:33:14.605, 2, NVIDIA GeForce RTX 5090, 0, 0
2026/07/14 22:33:14.613, 3, NVIDIA GeForce RTX 5090, 0, 0
2026/07/14 22:33:14.620, 4, NVIDIA GeForce RTX 5090, 0, 0
2026/07/14 22:33:16.756, 0, NVIDIA GeForce RTX 5090, 2941, 99
2026/07/14 22:33:16.763, 1, NVIDIA GeForce RTX 5090, 0, 0
2026/07/14 22:33:16.771, 2, NVIDIA GeForce RTX 5090, 0, 0
2026/07/14 22:33:16.778, 3, NVIDIA GeForce RTX 5090, 0, 0
2026/07/14 22:33:16.786, 4, NVIDIA GeForce RTX 5090, 0, 0
2026/07/14 22:33:18.921, 0, NVIDIA GeForce RTX 5090, 2941, 98
2026/07/14 22:33:18.929, 1, NVIDIA GeForce RTX 5090, 0, 0
2026/07/14 22:33:18.936, 2, NVIDIA GeForce RTX 5090, 0, 0
2026/07/14 22:33:18.944, 3, NVIDIA GeForce RTX 5090, 0, 0
2026/07/14 22:33:18.951, 4, NVIDIA GeForce RTX 5090, 0, 0
2026/07/14 22:33:21.091, 0, NVIDIA GeForce RTX 5090, 2941, 99
2026/07/14 22:33:21.098, 1, NVIDIA GeForce RTX 5090, 0, 0
2026/07/14 22:33:21.106, 2, NVIDIA GeForce RTX 5090, 0, 0
2026/07/14 22:33:21.114, 3, NVIDIA GeForce RTX 5090, 0, 0
2026/07/14 22:33:21.121, 4, NVIDIA GeForce RTX 5090, 0, 0
2026/07/14 22:33:23.279, 0, NVIDIA GeForce RTX 5090, 2941, 17
2026/07/14 22:33:23.283, 1, NVIDIA GeForce RTX 5090, 0, 0
2026/07/14 22:33:23.293, 2, NVIDIA GeForce RTX 5090, 0, 0
2026/07/14 22:33:23.300, 3, NVIDIA GeForce RTX 5090, 0, 0
2026/07/14 22:33:23.308, 4, NVIDIA GeForce RTX 5090, 0, 0
2026/07/14 22:33:25.463, 0, NVIDIA GeForce RTX 5090, 2941, 99
2026/07/14 22:33:25.470, 1, NVIDIA GeForce RTX 5090, 0, 0
2026/07/14 22:33:25.478, 2, NVIDIA GeForce RTX 5090, 0, 0
2026/07/14 22:33:25.486, 3, NVIDIA GeForce RTX 5090, 0, 0
2026/07/14 22:33:25.493, 4, NVIDIA GeForce RTX 5090, 0, 0
2026/07/14 22:33:27.630, 0, NVIDIA GeForce RTX 5090, 2941, 99
2026/07/14 22:33:27.636, 1, NVIDIA GeForce RTX 5090, 0, 0
2026/07/14 22:33:27.645, 2, NVIDIA GeForce RTX 5090, 0, 0
2026/07/14 22:33:27.652, 3, NVIDIA GeForce RTX 5090, 0, 0
2026/07/14 22:33:27.661, 4, NVIDIA GeForce RTX 5090, 0, 0
2026/07/14 22:33:29.802, 0, NVIDIA GeForce RTX 5090, 2941, 99
2026/07/14 22:33:29.807, 1, NVIDIA GeForce RTX 5090, 0, 0
2026/07/14 22:33:29.815, 2, NVIDIA GeForce RTX 5090, 0, 0
2026/07/14 22:33:29.823, 3, NVIDIA GeForce RTX 5090, 0, 0
2026/07/14 22:33:29.830, 4, NVIDIA GeForce RTX 5090, 0, 0
2026/07/14 22:33:31.966, 0, NVIDIA GeForce RTX 5090, 2941, 98
2026/07/14 22:33:31.973, 1, NVIDIA GeForce RTX 5090, 0, 0
2026/07/14 22:33:31.981, 2, NVIDIA GeForce RTX 5090, 0, 0
2026/07/14 22:33:31.989, 3, NVIDIA GeForce RTX 5090, 0, 0
2026/07/14 22:33:31.996, 4, NVIDIA GeForce RTX 5090, 0, 0
2026/07/14 22:33:34.150, 0, NVIDIA GeForce RTX 5090, 2941, 99
2026/07/14 22:33:34.156, 1, NVIDIA GeForce RTX 5090, 0, 0
2026/07/14 22:33:34.167, 2, NVIDIA GeForce RTX 5090, 0, 0
2026/07/14 22:33:34.175, 3, NVIDIA GeForce RTX 5090, 0, 0
2026/07/14 22:33:34.182, 4, NVIDIA GeForce RTX 5090, 0, 0
2026/07/14 22:33:36.323, 0, NVIDIA GeForce RTX 5090, 2941, 98
2026/07/14 22:33:36.327, 1, NVIDIA GeForce RTX 5090, 0, 0
2026/07/14 22:33:36.335, 2, NVIDIA GeForce RTX 5090, 0, 0
2026/07/14 22:33:36.343, 3, NVIDIA GeForce RTX 5090, 0, 0
2026/07/14 22:33:36.351, 4, NVIDIA GeForce RTX 5090, 0, 0
2026/07/14 22:33:38.483, 0, NVIDIA GeForce RTX 5090, 2941, 99
2026/07/14 22:33:38.485, 1, NVIDIA GeForce RTX 5090, 0, 0
2026/07/14 22:33:38.494, 2, NVIDIA GeForce RTX 5090, 0, 0
2026/07/14 22:33:38.502, 3, NVIDIA GeForce RTX 5090, 0, 0
2026/07/14 22:33:38.510, 4, NVIDIA GeForce RTX 5090, 0, 0
2026/07/14 22:33:40.646, 0, NVIDIA GeForce RTX 5090, 2941, 99
2026/07/14 22:33:40.651, 1, NVIDIA GeForce RTX 5090, 0, 0
2026/07/14 22:33:40.659, 2, NVIDIA GeForce RTX 5090, 0, 0
2026/07/14 22:33:40.667, 3, NVIDIA GeForce RTX 5090, 0, 0
2026/07/14 22:33:40.674, 4, NVIDIA GeForce RTX 5090, 0, 0
2026/07/14 22:33:42.808, 0, NVIDIA GeForce RTX 5090, 2941, 99
2026/07/14 22:33:42.813, 1, NVIDIA GeForce RTX 5090, 0, 0
2026/07/14 22:33:42.821, 2, NVIDIA GeForce RTX 5090, 0, 0
2026/07/14 22:33:42.828, 3, NVIDIA GeForce RTX 5090, 0, 0
2026/07/14 22:33:42.836, 4, NVIDIA GeForce RTX 5090, 0, 0
2026/07/14 22:33:44.974, 0, NVIDIA GeForce RTX 5090, 2941, 98
2026/07/14 22:33:44.980, 1, NVIDIA GeForce RTX 5090, 0, 0
2026/07/14 22:33:44.987, 2, NVIDIA GeForce RTX 5090, 0, 0
2026/07/14 22:33:44.996, 3, NVIDIA GeForce RTX 5090, 0, 0
2026/07/14 22:33:45.003, 4, NVIDIA GeForce RTX 5090, 0, 0
2026/07/14 22:33:47.142, 0, NVIDIA GeForce RTX 5090, 2941, 99
2026/07/14 22:33:47.147, 1, NVIDIA GeForce RTX 5090, 0, 0
2026/07/14 22:33:47.155, 2, NVIDIA GeForce RTX 5090, 0, 0
2026/07/14 22:33:47.164, 3, NVIDIA GeForce RTX 5090, 0, 0
2026/07/14 22:33:47.171, 4, NVIDIA GeForce RTX 5090, 0, 0
2026/07/14 22:33:49.309, 0, NVIDIA GeForce RTX 5090, 2941, 99
2026/07/14 22:33:49.316, 1, NVIDIA GeForce RTX 5090, 0, 0
2026/07/14 22:33:49.324, 2, NVIDIA GeForce RTX 5090, 0, 0
2026/07/14 22:33:49.331, 3, NVIDIA GeForce RTX 5090, 0, 0
2026/07/14 22:33:49.338, 4, NVIDIA GeForce RTX 5090, 0, 0
2026/07/14 22:33:51.479, 0, NVIDIA GeForce RTX 5090, 2941, 99
2026/07/14 22:33:51.483, 1, NVIDIA GeForce RTX 5090, 0, 0
2026/07/14 22:33:51.492, 2, NVIDIA GeForce RTX 5090, 0, 0
2026/07/14 22:33:51.499, 3, NVIDIA GeForce RTX 5090, 0, 0
2026/07/14 22:33:51.507, 4, NVIDIA GeForce RTX 5090, 0, 0
2026/07/14 22:33:53.644, 0, NVIDIA GeForce RTX 5090, 2941, 99
2026/07/14 22:33:53.649, 1, NVIDIA GeForce RTX 5090, 0, 0
2026/07/14 22:33:53.657, 2, NVIDIA GeForce RTX 5090, 0, 0
2026/07/14 22:33:53.668, 3, NVIDIA GeForce RTX 5090, 0, 0
2026/07/14 22:33:53.675, 4, NVIDIA GeForce RTX 5090, 0, 0
2026/07/14 22:33:55.830, 0, NVIDIA GeForce RTX 5090, 2941, 99
2026/07/14 22:33:55.836, 1, NVIDIA GeForce RTX 5090, 0, 0
2026/07/14 22:33:55.843, 2, NVIDIA GeForce RTX 5090, 0, 0
2026/07/14 22:33:55.853, 3, NVIDIA GeForce RTX 5090, 0, 0
2026/07/14 22:33:55.860, 4, NVIDIA GeForce RTX 5090, 0, 0
2026/07/14 22:33:58.020, 0, NVIDIA GeForce RTX 5090, 2941, 99
2026/07/14 22:33:58.028, 1, NVIDIA GeForce RTX 5090, 0, 0
2026/07/14 22:33:58.037, 2, NVIDIA GeForce RTX 5090, 0, 0
2026/07/14 22:33:58.044, 3, NVIDIA GeForce RTX 5090, 0, 0
2026/07/14 22:33:58.051, 4, NVIDIA GeForce RTX 5090, 0, 0
2026/07/14 22:34:00.190, 0, NVIDIA GeForce RTX 5090, 2941, 99
2026/07/14 22:34:00.195, 1, NVIDIA GeForce RTX 5090, 0, 0
2026/07/14 22:34:00.204, 2, NVIDIA GeForce RTX 5090, 0, 0
2026/07/14 22:34:00.211, 3, NVIDIA GeForce RTX 5090, 0, 0
2026/07/14 22:34:00.220, 4, NVIDIA GeForce RTX 5090, 0, 0
2026/07/14 22:34:02.370, 0, NVIDIA GeForce RTX 5090, 2941, 99
2026/07/14 22:34:02.375, 1, NVIDIA GeForce RTX 5090, 0, 0
2026/07/14 22:34:02.383, 2, NVIDIA GeForce RTX 5090, 0, 0
2026/07/14 22:34:02.390, 3, NVIDIA GeForce RTX 5090, 0, 0
2026/07/14 22:34:02.397, 4, NVIDIA GeForce RTX 5090, 0, 0
2026/07/14 22:34:04.532, 0, NVIDIA GeForce RTX 5090, 2941, 99
2026/07/14 22:34:04.537, 1, NVIDIA GeForce RTX 5090, 0, 0
2026/07/14 22:34:04.546, 2, NVIDIA GeForce RTX 5090, 0, 0
2026/07/14 22:34:04.553, 3, NVIDIA GeForce RTX 5090, 0, 0
2026/07/14 22:34:04.560, 4, NVIDIA GeForce RTX 5090, 0, 0
2026/07/14 22:34:06.700, 0, NVIDIA GeForce RTX 5090, 2941, 52
2026/07/14 22:34:06.706, 1, NVIDIA GeForce RTX 5090, 0, 0
2026/07/14 22:34:06.714, 2, NVIDIA GeForce RTX 5090, 0, 0
2026/07/14 22:34:06.723, 3, NVIDIA GeForce RTX 5090, 0, 0
2026/07/14 22:34:06.730, 4, NVIDIA GeForce RTX 5090, 0, 0
2026/07/14 22:34:08.904, 0, NVIDIA GeForce RTX 5090, 2941, 99
2026/07/14 22:34:08.906, 1, NVIDIA GeForce RTX 5090, 0, 0
2026/07/14 22:34:08.914, 2, NVIDIA GeForce RTX 5090, 0, 0
2026/07/14 22:34:08.922, 3, NVIDIA GeForce RTX 5090, 0, 0
2026/07/14 22:34:08.929, 4, NVIDIA GeForce RTX 5090, 0, 0
2026/07/14 22:34:11.094, 0, NVIDIA GeForce RTX 5090, 2941, 99
2026/07/14 22:34:11.099, 1, NVIDIA GeForce RTX 5090, 0, 0
2026/07/14 22:34:11.107, 2, NVIDIA GeForce RTX 5090, 0, 0
2026/07/14 22:34:11.114, 3, NVIDIA GeForce RTX 5090, 0, 0
2026/07/14 22:34:11.122, 4, NVIDIA GeForce RTX 5090, 0, 0
2026/07/14 22:34:13.262, 0, NVIDIA GeForce RTX 5090, 2941, 99
2026/07/14 22:34:13.267, 1, NVIDIA GeForce RTX 5090, 0, 0
2026/07/14 22:34:13.276, 2, NVIDIA GeForce RTX 5090, 0, 0
2026/07/14 22:34:13.283, 3, NVIDIA GeForce RTX 5090, 0, 0
2026/07/14 22:34:13.291, 4, NVIDIA GeForce RTX 5090, 0, 0
2026/07/14 22:34:15.462, 0, NVIDIA GeForce RTX 5090, 2941, 99
2026/07/14 22:34:15.469, 1, NVIDIA GeForce RTX 5090, 0, 0
2026/07/14 22:34:15.477, 2, NVIDIA GeForce RTX 5090, 0, 0
2026/07/14 22:34:15.485, 3, NVIDIA GeForce RTX 5090, 0, 0
2026/07/14 22:34:15.492, 4, NVIDIA GeForce RTX 5090, 0, 0
2026/07/14 22:34:17.628, 0, NVIDIA GeForce RTX 5090, 2941, 99
2026/07/14 22:34:17.635, 1, NVIDIA GeForce RTX 5090, 0, 0
2026/07/14 22:34:17.643, 2, NVIDIA GeForce RTX 5090, 0, 0
2026/07/14 22:34:17.650, 3, NVIDIA GeForce RTX 5090, 0, 0
2026/07/14 22:34:17.657, 4, NVIDIA GeForce RTX 5090, 0, 0
2026/07/14 22:34:19.801, 0, NVIDIA GeForce RTX 5090, 2941, 99
2026/07/14 22:34:19.809, 1, NVIDIA GeForce RTX 5090, 0, 0
2026/07/14 22:34:19.818, 2, NVIDIA GeForce RTX 5090, 0, 0
2026/07/14 22:34:19.825, 3, NVIDIA GeForce RTX 5090, 0, 0
2026/07/14 22:34:19.834, 4, NVIDIA GeForce RTX 5090, 0, 0
2026/07/14 22:34:21.968, 0, NVIDIA GeForce RTX 5090, 2941, 99
2026/07/14 22:34:21.974, 1, NVIDIA GeForce RTX 5090, 0, 0
2026/07/14 22:34:21.982, 2, NVIDIA GeForce RTX 5090, 0, 0
2026/07/14 22:34:21.990, 3, NVIDIA GeForce RTX 5090, 0, 0
2026/07/14 22:34:21.998, 4, NVIDIA GeForce RTX 5090, 0, 0
2026/07/14 22:34:24.135, 0, NVIDIA GeForce RTX 5090, 2941, 99
2026/07/14 22:34:24.141, 1, NVIDIA GeForce RTX 5090, 0, 0
2026/07/14 22:34:24.150, 2, NVIDIA GeForce RTX 5090, 0, 0
2026/07/14 22:34:24.157, 3, NVIDIA GeForce RTX 5090, 0, 0
2026/07/14 22:34:24.165, 4, NVIDIA GeForce RTX 5090, 0, 0
2026/07/14 22:34:26.304, 0, NVIDIA GeForce RTX 5090, 2941, 98
2026/07/14 22:34:26.309, 1, NVIDIA GeForce RTX 5090, 0, 0
2026/07/14 22:34:26.319, 2, NVIDIA GeForce RTX 5090, 0, 0
2026/07/14 22:34:26.326, 3, NVIDIA GeForce RTX 5090, 0, 0
2026/07/14 22:34:26.334, 4, NVIDIA GeForce RTX 5090, 0, 0
2026/07/14 22:34:28.511, 0, NVIDIA GeForce RTX 5090, 2941, 99
2026/07/14 22:34:28.516, 1, NVIDIA GeForce RTX 5090, 0, 0
2026/07/14 22:34:28.524, 2, NVIDIA GeForce RTX 5090, 0, 0
2026/07/14 22:34:28.532, 3, NVIDIA GeForce RTX 5090, 0, 0
2026/07/14 22:34:28.540, 4, NVIDIA GeForce RTX 5090, 0, 0
2026/07/14 22:34:30.679, 0, NVIDIA GeForce RTX 5090, 2941, 99
2026/07/14 22:34:30.685, 1, NVIDIA GeForce RTX 5090, 0, 0
2026/07/14 22:34:30.694, 2, NVIDIA GeForce RTX 5090, 0, 0
2026/07/14 22:34:30.702, 3, NVIDIA GeForce RTX 5090, 0, 0
2026/07/14 22:34:30.710, 4, NVIDIA GeForce RTX 5090, 0, 0
2026/07/14 22:34:32.883, 0, NVIDIA GeForce RTX 5090, 2941, 99
2026/07/14 22:34:32.887, 1, NVIDIA GeForce RTX 5090, 0, 0
2026/07/14 22:34:32.894, 2, NVIDIA GeForce RTX 5090, 0, 0
2026/07/14 22:34:32.902, 3, NVIDIA GeForce RTX 5090, 0, 0
2026/07/14 22:34:32.909, 4, NVIDIA GeForce RTX 5090, 0, 0
2026/07/14 22:34:35.047, 0, NVIDIA GeForce RTX 5090, 2941, 98
2026/07/14 22:34:35.054, 1, NVIDIA GeForce RTX 5090, 0, 0
2026/07/14 22:34:35.063, 2, NVIDIA GeForce RTX 5090, 0, 0
2026/07/14 22:34:35.071, 3, NVIDIA GeForce RTX 5090, 0, 0
2026/07/14 22:34:35.078, 4, NVIDIA GeForce RTX 5090, 0, 0
2026/07/14 22:34:37.240, 0, NVIDIA GeForce RTX 5090, 2941, 99
2026/07/14 22:34:37.244, 1, NVIDIA GeForce RTX 5090, 0, 0
2026/07/14 22:34:37.252, 2, NVIDIA GeForce RTX 5090, 0, 0
2026/07/14 22:34:37.262, 3, NVIDIA GeForce RTX 5090, 0, 0
2026/07/14 22:34:37.269, 4, NVIDIA GeForce RTX 5090, 0, 0
2026/07/14 22:34:39.416, 0, NVIDIA GeForce RTX 5090, 2941, 99
2026/07/14 22:34:39.418, 1, NVIDIA GeForce RTX 5090, 0, 0
2026/07/14 22:34:39.426, 2, NVIDIA GeForce RTX 5090, 0, 0
2026/07/14 22:34:39.434, 3, NVIDIA GeForce RTX 5090, 0, 0
2026/07/14 22:34:39.442, 4, NVIDIA GeForce RTX 5090, 0, 0
2026/07/14 22:34:41.576, 0, NVIDIA GeForce RTX 5090, 2941, 99
2026/07/14 22:34:41.582, 1, NVIDIA GeForce RTX 5090, 0, 0
2026/07/14 22:34:41.590, 2, NVIDIA GeForce RTX 5090, 0, 0
2026/07/14 22:34:41.598, 3, NVIDIA GeForce RTX 5090, 0, 0
2026/07/14 22:34:41.605, 4, NVIDIA GeForce RTX 5090, 0, 0
2026/07/14 22:34:43.760, 0, NVIDIA GeForce RTX 5090, 2941, 99
2026/07/14 22:34:43.764, 1, NVIDIA GeForce RTX 5090, 0, 0
2026/07/14 22:34:43.772, 2, NVIDIA GeForce RTX 5090, 0, 0
2026/07/14 22:34:43.779, 3, NVIDIA GeForce RTX 5090, 0, 0
2026/07/14 22:34:43.790, 4, NVIDIA GeForce RTX 5090, 0, 0
2026/07/14 22:34:45.929, 0, NVIDIA GeForce RTX 5090, 2941, 98
2026/07/14 22:34:45.934, 1, NVIDIA GeForce RTX 5090, 0, 0
2026/07/14 22:34:45.942, 2, NVIDIA GeForce RTX 5090, 0, 0
2026/07/14 22:34:45.950, 3, NVIDIA GeForce RTX 5090, 0, 0
2026/07/14 22:34:45.957, 4, NVIDIA GeForce RTX 5090, 0, 0
2026/07/14 22:34:48.097, 0, NVIDIA GeForce RTX 5090, 2941, 99
2026/07/14 22:34:48.102, 1, NVIDIA GeForce RTX 5090, 0, 0
2026/07/14 22:34:48.110, 2, NVIDIA GeForce RTX 5090, 0, 0
2026/07/14 22:34:48.119, 3, NVIDIA GeForce RTX 5090, 0, 0
2026/07/14 22:34:48.127, 4, NVIDIA GeForce RTX 5090, 0, 0
2026/07/14 22:34:50.260, 0, NVIDIA GeForce RTX 5090, 2941, 98
2026/07/14 22:34:50.265, 1, NVIDIA GeForce RTX 5090, 0, 0
2026/07/14 22:34:50.273, 2, NVIDIA GeForce RTX 5090, 0, 0
2026/07/14 22:34:50.280, 3, NVIDIA GeForce RTX 5090, 0, 0
2026/07/14 22:34:50.287, 4, NVIDIA GeForce RTX 5090, 0, 0
2026/07/14 22:34:52.428, 0, NVIDIA GeForce RTX 5090, 2941, 90
2026/07/14 22:34:52.434, 1, NVIDIA GeForce RTX 5090, 0, 0
2026/07/14 22:34:52.441, 2, NVIDIA GeForce RTX 5090, 0, 0
2026/07/14 22:34:52.449, 3, NVIDIA GeForce RTX 5090, 0, 0
2026/07/14 22:34:52.456, 4, NVIDIA GeForce RTX 5090, 0, 0
2026/07/14 22:34:54.594, 0, NVIDIA GeForce RTX 5090, 2941, 99
2026/07/14 22:34:54.600, 1, NVIDIA GeForce RTX 5090, 0, 0
2026/07/14 22:34:54.607, 2, NVIDIA GeForce RTX 5090, 0, 0
2026/07/14 22:34:54.614, 3, NVIDIA GeForce RTX 5090, 0, 0
2026/07/14 22:34:54.623, 4, NVIDIA GeForce RTX 5090, 0, 0
2026/07/14 22:34:56.780, 0, NVIDIA GeForce RTX 5090, 2941, 99
2026/07/14 22:34:56.785, 1, NVIDIA GeForce RTX 5090, 0, 0
2026/07/14 22:34:56.793, 2, NVIDIA GeForce RTX 5090, 0, 0
2026/07/14 22:34:56.800, 3, NVIDIA GeForce RTX 5090, 0, 0
2026/07/14 22:34:56.811, 4, NVIDIA GeForce RTX 5090, 0, 0
2026/07/14 22:34:58.951, 0, NVIDIA GeForce RTX 5090, 2941, 72
2026/07/14 22:34:58.957, 1, NVIDIA GeForce RTX 5090, 0, 0
2026/07/14 22:34:58.965, 2, NVIDIA GeForce RTX 5090, 0, 0
2026/07/14 22:34:58.973, 3, NVIDIA GeForce RTX 5090, 0, 0
2026/07/14 22:34:58.981, 4, NVIDIA GeForce RTX 5090, 0, 0
2026/07/14 22:35:01.121, 0, NVIDIA GeForce RTX 5090, 2941, 99
2026/07/14 22:35:01.126, 1, NVIDIA GeForce RTX 5090, 0, 0
2026/07/14 22:35:01.134, 2, NVIDIA GeForce RTX 5090, 0, 0
2026/07/14 22:35:01.142, 3, NVIDIA GeForce RTX 5090, 0, 0
2026/07/14 22:35:01.149, 4, NVIDIA GeForce RTX 5090, 0, 0
2026/07/14 22:35:03.304, 0, NVIDIA GeForce RTX 5090, 2941, 99
2026/07/14 22:35:03.308, 1, NVIDIA GeForce RTX 5090, 0, 0
2026/07/14 22:35:03.317, 2, NVIDIA GeForce RTX 5090, 0, 0
2026/07/14 22:35:03.325, 3, NVIDIA GeForce RTX 5090, 0, 0
2026/07/14 22:35:03.333, 4, NVIDIA GeForce RTX 5090, 0, 0
2026/07/14 22:35:05.470, 0, NVIDIA GeForce RTX 5090, 2941, 98
2026/07/14 22:35:05.475, 1, NVIDIA GeForce RTX 5090, 0, 0
2026/07/14 22:35:05.483, 2, NVIDIA GeForce RTX 5090, 0, 0
2026/07/14 22:35:05.490, 3, NVIDIA GeForce RTX 5090, 0, 0
2026/07/14 22:35:05.498, 4, NVIDIA GeForce RTX 5090, 0, 0
2026/07/14 22:35:07.650, 0, NVIDIA GeForce RTX 5090, 2941, 99
2026/07/14 22:35:07.655, 1, NVIDIA GeForce RTX 5090, 0, 0
2026/07/14 22:35:07.663, 2, NVIDIA GeForce RTX 5090, 0, 0
2026/07/14 22:35:07.670, 3, NVIDIA GeForce RTX 5090, 0, 0
2026/07/14 22:35:07.678, 4, NVIDIA GeForce RTX 5090, 0, 0
2026/07/14 22:35:09.814, 0, NVIDIA GeForce RTX 5090, 2941, 99
2026/07/14 22:35:09.820, 1, NVIDIA GeForce RTX 5090, 0, 0
2026/07/14 22:35:09.828, 2, NVIDIA GeForce RTX 5090, 0, 0
2026/07/14 22:35:09.835, 3, NVIDIA GeForce RTX 5090, 0, 0
2026/07/14 22:35:09.843, 4, NVIDIA GeForce RTX 5090, 0, 0
2026/07/14 22:35:11.980, 0, NVIDIA GeForce RTX 5090, 2941, 99
2026/07/14 22:35:11.985, 1, NVIDIA GeForce RTX 5090, 0, 0
2026/07/14 22:35:11.993, 2, NVIDIA GeForce RTX 5090, 0, 0
2026/07/14 22:35:12.001, 3, NVIDIA GeForce RTX 5090, 0, 0
2026/07/14 22:35:12.009, 4, NVIDIA GeForce RTX 5090, 0, 0
2026/07/14 22:35:14.160, 0, NVIDIA GeForce RTX 5090, 2941, 99
2026/07/14 22:35:14.167, 1, NVIDIA GeForce RTX 5090, 0, 0
2026/07/14 22:35:14.174, 2, NVIDIA GeForce RTX 5090, 0, 0
2026/07/14 22:35:14.181, 3, NVIDIA GeForce RTX 5090, 0, 0
2026/07/14 22:35:14.189, 4, NVIDIA GeForce RTX 5090, 0, 0
2026/07/14 22:35:16.326, 0, NVIDIA GeForce RTX 5090, 2941, 99
2026/07/14 22:35:16.330, 1, NVIDIA GeForce RTX 5090, 0, 0
2026/07/14 22:35:16.339, 2, NVIDIA GeForce RTX 5090, 0, 0
2026/07/14 22:35:16.347, 3, NVIDIA GeForce RTX 5090, 0, 0
2026/07/14 22:35:16.354, 4, NVIDIA GeForce RTX 5090, 0, 0
2026/07/14 22:35:18.490, 0, NVIDIA GeForce RTX 5090, 2941, 98
2026/07/14 22:35:18.495, 1, NVIDIA GeForce RTX 5090, 0, 0
2026/07/14 22:35:18.502, 2, NVIDIA GeForce RTX 5090, 0, 0
2026/07/14 22:35:18.510, 3, NVIDIA GeForce RTX 5090, 0, 0
2026/07/14 22:35:18.517, 4, NVIDIA GeForce RTX 5090, 0, 0
2026/07/14 22:35:20.658, 0, NVIDIA GeForce RTX 5090, 2941, 99
2026/07/14 22:35:20.663, 1, NVIDIA GeForce RTX 5090, 0, 0
2026/07/14 22:35:20.671, 2, NVIDIA GeForce RTX 5090, 0, 0
2026/07/14 22:35:20.680, 3, NVIDIA GeForce RTX 5090, 0, 0
2026/07/14 22:35:20.687, 4, NVIDIA GeForce RTX 5090, 0, 0
2026/07/14 22:35:22.826, 0, NVIDIA GeForce RTX 5090, 2941, 99
2026/07/14 22:35:22.830, 1, NVIDIA GeForce RTX 5090, 0, 0
2026/07/14 22:35:22.839, 2, NVIDIA GeForce RTX 5090, 0, 0
2026/07/14 22:35:22.846, 3, NVIDIA GeForce RTX 5090, 0, 0
2026/07/14 22:35:22.854, 4, NVIDIA GeForce RTX 5090, 0, 0
2026/07/14 22:35:24.992, 0, NVIDIA GeForce RTX 5090, 2941, 99
2026/07/14 22:35:24.996, 1, NVIDIA GeForce RTX 5090, 0, 0
2026/07/14 22:35:25.004, 2, NVIDIA GeForce RTX 5090, 0, 0
2026/07/14 22:35:25.011, 3, NVIDIA GeForce RTX 5090, 0, 0
2026/07/14 22:35:25.019, 4, NVIDIA GeForce RTX 5090, 0, 0
2026/07/14 22:35:27.157, 0, NVIDIA GeForce RTX 5090, 2941, 99
2026/07/14 22:35:27.162, 1, NVIDIA GeForce RTX 5090, 0, 0
2026/07/14 22:35:27.170, 2, NVIDIA GeForce RTX 5090, 0, 0
2026/07/14 22:35:27.178, 3, NVIDIA GeForce RTX 5090, 0, 0
2026/07/14 22:35:27.185, 4, NVIDIA GeForce RTX 5090, 0, 0
2026/07/14 22:35:29.324, 0, NVIDIA GeForce RTX 5090, 2941, 99
2026/07/14 22:35:29.328, 1, NVIDIA GeForce RTX 5090, 0, 0
2026/07/14 22:35:29.337, 2, NVIDIA GeForce RTX 5090, 0, 0
2026/07/14 22:35:29.345, 3, NVIDIA GeForce RTX 5090, 0, 0
2026/07/14 22:35:29.352, 4, NVIDIA GeForce RTX 5090, 0, 0
2026/07/14 22:35:31.496, 0, NVIDIA GeForce RTX 5090, 2941, 99
2026/07/14 22:35:31.501, 1, NVIDIA GeForce RTX 5090, 0, 0
2026/07/14 22:35:31.509, 2, NVIDIA GeForce RTX 5090, 0, 0
2026/07/14 22:35:31.516, 3, NVIDIA GeForce RTX 5090, 0, 0
2026/07/14 22:35:31.524, 4, NVIDIA GeForce RTX 5090, 0, 0
2026/07/14 22:35:33.657, 0, NVIDIA GeForce RTX 5090, 2941, 98
2026/07/14 22:35:33.663, 1, NVIDIA GeForce RTX 5090, 0, 0
2026/07/14 22:35:33.672, 2, NVIDIA GeForce RTX 5090, 0, 0
2026/07/14 22:35:33.680, 3, NVIDIA GeForce RTX 5090, 0, 0
2026/07/14 22:35:33.687, 4, NVIDIA GeForce RTX 5090, 0, 0
2026/07/14 22:35:35.828, 0, NVIDIA GeForce RTX 5090, 2941, 99
2026/07/14 22:35:35.832, 1, NVIDIA GeForce RTX 5090, 0, 0
2026/07/14 22:35:35.842, 2, NVIDIA GeForce RTX 5090, 0, 0
2026/07/14 22:35:35.850, 3, NVIDIA GeForce RTX 5090, 0, 0
2026/07/14 22:35:35.857, 4, NVIDIA GeForce RTX 5090, 0, 0
2026/07/14 22:35:37.993, 0, NVIDIA GeForce RTX 5090, 2941, 99
2026/07/14 22:35:37.998, 1, NVIDIA GeForce RTX 5090, 0, 0
2026/07/14 22:35:38.006, 2, NVIDIA GeForce RTX 5090, 0, 0
2026/07/14 22:35:38.014, 3, NVIDIA GeForce RTX 5090, 0, 0
2026/07/14 22:35:38.021, 4, NVIDIA GeForce RTX 5090, 0, 0
2026/07/14 22:35:40.176, 0, NVIDIA GeForce RTX 5090, 2941, 99
2026/07/14 22:35:40.183, 1, NVIDIA GeForce RTX 5090, 0, 0
2026/07/14 22:35:40.199, 2, NVIDIA GeForce RTX 5090, 0, 0
2026/07/14 22:35:40.214, 3, NVIDIA GeForce RTX 5090, 0, 0
2026/07/14 22:35:40.226, 4, NVIDIA GeForce RTX 5090, 0, 0
2026/07/14 22:35:42.387, 0, NVIDIA GeForce RTX 5090, 2941, 99
2026/07/14 22:35:42.393, 1, NVIDIA GeForce RTX 5090, 0, 0
2026/07/14 22:35:42.401, 2, NVIDIA GeForce RTX 5090, 0, 0
2026/07/14 22:35:42.409, 3, NVIDIA GeForce RTX 5090, 0, 0
2026/07/14 22:35:42.416, 4, NVIDIA GeForce RTX 5090, 0, 0
2026/07/14 22:35:44.570, 0, NVIDIA GeForce RTX 5090, 2941, 99
2026/07/14 22:35:44.575, 1, NVIDIA GeForce RTX 5090, 0, 0
2026/07/14 22:35:44.583, 2, NVIDIA GeForce RTX 5090, 0, 0
2026/07/14 22:35:44.591, 3, NVIDIA GeForce RTX 5090, 0, 0
2026/07/14 22:35:44.599, 4, NVIDIA GeForce RTX 5090, 0, 0
2026/07/14 22:35:46.737, 0, NVIDIA GeForce RTX 5090, 2941, 98
2026/07/14 22:35:46.743, 1, NVIDIA GeForce RTX 5090, 0, 0
2026/07/14 22:35:46.751, 2, NVIDIA GeForce RTX 5090, 0, 0
2026/07/14 22:35:46.759, 3, NVIDIA GeForce RTX 5090, 0, 0
2026/07/14 22:35:46.766, 4, NVIDIA GeForce RTX 5090, 0, 0
2026/07/14 22:35:48.900, 0, NVIDIA GeForce RTX 5090, 2941, 99
2026/07/14 22:35:48.905, 1, NVIDIA GeForce RTX 5090, 0, 0
2026/07/14 22:35:48.912, 2, NVIDIA GeForce RTX 5090, 0, 0
2026/07/14 22:35:48.921, 3, NVIDIA GeForce RTX 5090, 0, 0
2026/07/14 22:35:48.929, 4, NVIDIA GeForce RTX 5090, 0, 0
2026/07/14 22:35:51.081, 0, NVIDIA GeForce RTX 5090, 2941, 99
2026/07/14 22:35:51.084, 1, NVIDIA GeForce RTX 5090, 0, 0
2026/07/14 22:35:51.092, 2, NVIDIA GeForce RTX 5090, 0, 0
2026/07/14 22:35:51.099, 3, NVIDIA GeForce RTX 5090, 0, 0
2026/07/14 22:35:51.107, 4, NVIDIA GeForce RTX 5090, 0, 0
2026/07/14 22:35:53.253, 0, NVIDIA GeForce RTX 5090, 2941, 99
2026/07/14 22:35:53.259, 1, NVIDIA GeForce RTX 5090, 0, 0
2026/07/14 22:35:53.267, 2, NVIDIA GeForce RTX 5090, 0, 0
2026/07/14 22:35:53.274, 3, NVIDIA GeForce RTX 5090, 0, 0
2026/07/14 22:35:53.282, 4, NVIDIA GeForce RTX 5090, 0, 0
2026/07/14 22:35:55.427, 0, NVIDIA GeForce RTX 5090, 2941, 99
2026/07/14 22:35:55.434, 1, NVIDIA GeForce RTX 5090, 0, 0
2026/07/14 22:35:55.442, 2, NVIDIA GeForce RTX 5090, 0, 0
2026/07/14 22:35:55.449, 3, NVIDIA GeForce RTX 5090, 0, 0
2026/07/14 22:35:55.457, 4, NVIDIA GeForce RTX 5090, 0, 0
2026/07/14 22:35:57.592, 0, NVIDIA GeForce RTX 5090, 2941, 99
2026/07/14 22:35:57.597, 1, NVIDIA GeForce RTX 5090, 0, 0
2026/07/14 22:35:57.604, 2, NVIDIA GeForce RTX 5090, 0, 0
2026/07/14 22:35:57.612, 3, NVIDIA GeForce RTX 5090, 0, 0
2026/07/14 22:35:57.619, 4, NVIDIA GeForce RTX 5090, 0, 0
2026/07/14 22:35:59.757, 0, NVIDIA GeForce RTX 5090, 2941, 99
2026/07/14 22:35:59.763, 1, NVIDIA GeForce RTX 5090, 0, 0
2026/07/14 22:35:59.771, 2, NVIDIA GeForce RTX 5090, 0, 0
2026/07/14 22:35:59.780, 3, NVIDIA GeForce RTX 5090, 0, 0
2026/07/14 22:35:59.788, 4, NVIDIA GeForce RTX 5090, 0, 0
2026/07/14 22:36:01.926, 0, NVIDIA GeForce RTX 5090, 2941, 99
2026/07/14 22:36:01.933, 1, NVIDIA GeForce RTX 5090, 0, 0
2026/07/14 22:36:01.941, 2, NVIDIA GeForce RTX 5090, 0, 0
2026/07/14 22:36:01.948, 3, NVIDIA GeForce RTX 5090, 0, 0
2026/07/14 22:36:01.956, 4, NVIDIA GeForce RTX 5090, 0, 0
2026/07/14 22:36:04.093, 0, NVIDIA GeForce RTX 5090, 2941, 99
2026/07/14 22:36:04.098, 1, NVIDIA GeForce RTX 5090, 0, 0
2026/07/14 22:36:04.106, 2, NVIDIA GeForce RTX 5090, 0, 0
2026/07/14 22:36:04.114, 3, NVIDIA GeForce RTX 5090, 0, 0
2026/07/14 22:36:04.121, 4, NVIDIA GeForce RTX 5090, 0, 0
2026/07/14 22:36:06.261, 0, NVIDIA GeForce RTX 5090, 2941, 99
2026/07/14 22:36:06.267, 1, NVIDIA GeForce RTX 5090, 0, 0
2026/07/14 22:36:06.275, 2, NVIDIA GeForce RTX 5090, 0, 0
2026/07/14 22:36:06.283, 3, NVIDIA GeForce RTX 5090, 0, 0
2026/07/14 22:36:06.291, 4, NVIDIA GeForce RTX 5090, 0, 0
2026/07/14 22:36:08.429, 0, NVIDIA GeForce RTX 5090, 2941, 99
2026/07/14 22:36:08.434, 1, NVIDIA GeForce RTX 5090, 0, 0
2026/07/14 22:36:08.442, 2, NVIDIA GeForce RTX 5090, 0, 0
2026/07/14 22:36:08.449, 3, NVIDIA GeForce RTX 5090, 0, 0
2026/07/14 22:36:08.456, 4, NVIDIA GeForce RTX 5090, 0, 0
2026/07/14 22:36:10.595, 0, NVIDIA GeForce RTX 5090, 2941, 68
2026/07/14 22:36:10.599, 1, NVIDIA GeForce RTX 5090, 0, 0
2026/07/14 22:36:10.607, 2, NVIDIA GeForce RTX 5090, 0, 0
2026/07/14 22:36:10.615, 3, NVIDIA GeForce RTX 5090, 0, 0
2026/07/14 22:36:10.623, 4, NVIDIA GeForce RTX 5090, 0, 0
2026/07/14 22:36:12.799, 0, NVIDIA GeForce RTX 5090, 2941, 99
2026/07/14 22:36:12.806, 1, NVIDIA GeForce RTX 5090, 0, 0
2026/07/14 22:36:12.814, 2, NVIDIA GeForce RTX 5090, 0, 0
2026/07/14 22:36:12.822, 3, NVIDIA GeForce RTX 5090, 0, 0
2026/07/14 22:36:12.829, 4, NVIDIA GeForce RTX 5090, 0, 0
2026/07/14 22:36:14.969, 0, NVIDIA GeForce RTX 5090, 2941, 99
2026/07/14 22:36:14.974, 1, NVIDIA GeForce RTX 5090, 0, 0
2026/07/14 22:36:14.982, 2, NVIDIA GeForce RTX 5090, 0, 0
2026/07/14 22:36:14.990, 3, NVIDIA GeForce RTX 5090, 0, 0
2026/07/14 22:36:14.997, 4, NVIDIA GeForce RTX 5090, 0, 0
2026/07/14 22:36:17.152, 0, NVIDIA GeForce RTX 5090, 2941, 99
2026/07/14 22:36:17.157, 1, NVIDIA GeForce RTX 5090, 0, 0
2026/07/14 22:36:17.165, 2, NVIDIA GeForce RTX 5090, 0, 0
2026/07/14 22:36:17.173, 3, NVIDIA GeForce RTX 5090, 0, 0
2026/07/14 22:36:17.181, 4, NVIDIA GeForce RTX 5090, 0, 0
2026/07/14 22:36:19.338, 0, NVIDIA GeForce RTX 5090, 2941, 99
2026/07/14 22:36:19.343, 1, NVIDIA GeForce RTX 5090, 0, 0
2026/07/14 22:36:19.351, 2, NVIDIA GeForce RTX 5090, 0, 0
2026/07/14 22:36:19.359, 3, NVIDIA GeForce RTX 5090, 0, 0
2026/07/14 22:36:19.373, 4, NVIDIA GeForce RTX 5090, 0, 0
2026/07/14 22:36:21.510, 0, NVIDIA GeForce RTX 5090, 2943, 99
2026/07/14 22:36:21.517, 1, NVIDIA GeForce RTX 5090, 0, 0
2026/07/14 22:36:21.524, 2, NVIDIA GeForce RTX 5090, 0, 0
2026/07/14 22:36:21.532, 3, NVIDIA GeForce RTX 5090, 0, 0
2026/07/14 22:36:21.539, 4, NVIDIA GeForce RTX 5090, 0, 0
2026/07/14 22:36:23.676, 0, NVIDIA GeForce RTX 5090, 2943, 98
2026/07/14 22:36:23.682, 1, NVIDIA GeForce RTX 5090, 0, 0
2026/07/14 22:36:23.690, 2, NVIDIA GeForce RTX 5090, 0, 0
2026/07/14 22:36:23.699, 3, NVIDIA GeForce RTX 5090, 0, 0
2026/07/14 22:36:23.706, 4, NVIDIA GeForce RTX 5090, 0, 0
2026/07/14 22:36:25.846, 0, NVIDIA GeForce RTX 5090, 2943, 99
2026/07/14 22:36:25.850, 1, NVIDIA GeForce RTX 5090, 0, 0
2026/07/14 22:36:25.858, 2, NVIDIA GeForce RTX 5090, 0, 0
2026/07/14 22:36:25.866, 3, NVIDIA GeForce RTX 5090, 0, 0
2026/07/14 22:36:25.878, 4, NVIDIA GeForce RTX 5090, 0, 0
2026/07/14 22:36:28.020, 0, NVIDIA GeForce RTX 5090, 2943, 99
2026/07/14 22:36:28.024, 1, NVIDIA GeForce RTX 5090, 0, 0
2026/07/14 22:36:28.033, 2, NVIDIA GeForce RTX 5090, 0, 0
2026/07/14 22:36:28.040, 3, NVIDIA GeForce RTX 5090, 0, 0
2026/07/14 22:36:28.048, 4, NVIDIA GeForce RTX 5090, 0, 0
2026/07/14 22:36:30.187, 0, NVIDIA GeForce RTX 5090, 2943, 99
2026/07/14 22:36:30.193, 1, NVIDIA GeForce RTX 5090, 0, 0
2026/07/14 22:36:30.201, 2, NVIDIA GeForce RTX 5090, 0, 0
2026/07/14 22:36:30.209, 3, NVIDIA GeForce RTX 5090, 0, 0
2026/07/14 22:36:30.216, 4, NVIDIA GeForce RTX 5090, 0, 0
2026/07/14 22:36:32.353, 0, NVIDIA GeForce RTX 5090, 2943, 99
2026/07/14 22:36:32.359, 1, NVIDIA GeForce RTX 5090, 0, 0
2026/07/14 22:36:32.366, 2, NVIDIA GeForce RTX 5090, 0, 0
2026/07/14 22:36:32.374, 3, NVIDIA GeForce RTX 5090, 0, 0
2026/07/14 22:36:32.383, 4, NVIDIA GeForce RTX 5090, 0, 0
2026/07/14 22:36:34.522, 0, NVIDIA GeForce RTX 5090, 2943, 99
2026/07/14 22:36:34.527, 1, NVIDIA GeForce RTX 5090, 0, 0
2026/07/14 22:36:34.535, 2, NVIDIA GeForce RTX 5090, 0, 0
2026/07/14 22:36:34.542, 3, NVIDIA GeForce RTX 5090, 0, 0
2026/07/14 22:36:34.551, 4, NVIDIA GeForce RTX 5090, 0, 0
2026/07/14 22:36:36.688, 0, NVIDIA GeForce RTX 5090, 2943, 99
2026/07/14 22:36:36.693, 1, NVIDIA GeForce RTX 5090, 0, 0
2026/07/14 22:36:36.702, 2, NVIDIA GeForce RTX 5090, 0, 0
2026/07/14 22:36:36.709, 3, NVIDIA GeForce RTX 5090, 0, 0
2026/07/14 22:36:36.717, 4, NVIDIA GeForce RTX 5090, 0, 0
2026/07/14 22:36:38.852, 0, NVIDIA GeForce RTX 5090, 2943, 53
2026/07/14 22:36:38.857, 1, NVIDIA GeForce RTX 5090, 0, 0
2026/07/14 22:36:38.868, 2, NVIDIA GeForce RTX 5090, 0, 0
2026/07/14 22:36:38.878, 3, NVIDIA GeForce RTX 5090, 0, 0
2026/07/14 22:36:38.887, 4, NVIDIA GeForce RTX 5090, 0, 0
2026/07/14 22:36:41.026, 0, NVIDIA GeForce RTX 5090, 2943, 99
2026/07/14 22:36:41.029, 1, NVIDIA GeForce RTX 5090, 0, 0
2026/07/14 22:36:41.037, 2, NVIDIA GeForce RTX 5090, 0, 0
2026/07/14 22:36:41.044, 3, NVIDIA GeForce RTX 5090, 0, 0
2026/07/14 22:36:41.052, 4, NVIDIA GeForce RTX 5090, 0, 0
2026/07/14 22:36:43.226, 0, NVIDIA GeForce RTX 5090, 2943, 99
2026/07/14 22:36:43.260, 1, NVIDIA GeForce RTX 5090, 0, 0
2026/07/14 22:36:43.267, 2, NVIDIA GeForce RTX 5090, 0, 0
2026/07/14 22:36:43.275, 3, NVIDIA GeForce RTX 5090, 0, 0
2026/07/14 22:36:43.284, 4, NVIDIA GeForce RTX 5090, 0, 0
2026/07/14 22:36:45.432, 0, NVIDIA GeForce RTX 5090, 2943, 99
2026/07/14 22:36:45.438, 1, NVIDIA GeForce RTX 5090, 0, 0
2026/07/14 22:36:45.447, 2, NVIDIA GeForce RTX 5090, 0, 0
2026/07/14 22:36:45.454, 3, NVIDIA GeForce RTX 5090, 0, 0
2026/07/14 22:36:45.462, 4, NVIDIA GeForce RTX 5090, 0, 0
2026/07/14 22:36:47.613, 0, NVIDIA GeForce RTX 5090, 2943, 99
2026/07/14 22:36:47.618, 1, NVIDIA GeForce RTX 5090, 0, 0
2026/07/14 22:36:47.626, 2, NVIDIA GeForce RTX 5090, 0, 0
2026/07/14 22:36:47.633, 3, NVIDIA GeForce RTX 5090, 0, 0
2026/07/14 22:36:47.641, 4, NVIDIA GeForce RTX 5090, 0, 0
2026/07/14 22:36:49.777, 0, NVIDIA GeForce RTX 5090, 2943, 99
2026/07/14 22:36:49.783, 1, NVIDIA GeForce RTX 5090, 0, 0
2026/07/14 22:36:49.791, 2, NVIDIA GeForce RTX 5090, 0, 0
2026/07/14 22:36:49.801, 3, NVIDIA GeForce RTX 5090, 0, 0
2026/07/14 22:36:49.808, 4, NVIDIA GeForce RTX 5090, 0, 0
2026/07/14 22:36:51.969, 0, NVIDIA GeForce RTX 5090, 2943, 98
2026/07/14 22:36:51.974, 1, NVIDIA GeForce RTX 5090, 0, 0
2026/07/14 22:36:51.983, 2, NVIDIA GeForce RTX 5090, 0, 0
2026/07/14 22:36:51.990, 3, NVIDIA GeForce RTX 5090, 0, 0
2026/07/14 22:36:51.998, 4, NVIDIA GeForce RTX 5090, 0, 0
2026/07/14 22:36:54.131, 0, NVIDIA GeForce RTX 5090, 2943, 99
2026/07/14 22:36:54.137, 1, NVIDIA GeForce RTX 5090, 0, 0
2026/07/14 22:36:54.145, 2, NVIDIA GeForce RTX 5090, 0, 0
2026/07/14 22:36:54.154, 3, NVIDIA GeForce RTX 5090, 0, 0
2026/07/14 22:36:54.163, 4, NVIDIA GeForce RTX 5090, 0, 0
2026/07/14 22:36:56.321, 0, NVIDIA GeForce RTX 5090, 2943, 99
2026/07/14 22:36:56.326, 1, NVIDIA GeForce RTX 5090, 0, 0
2026/07/14 22:36:56.334, 2, NVIDIA GeForce RTX 5090, 0, 0
2026/07/14 22:36:56.342, 3, NVIDIA GeForce RTX 5090, 0, 0
2026/07/14 22:36:56.350, 4, NVIDIA GeForce RTX 5090, 0, 0
2026/07/14 22:36:58.488, 0, NVIDIA GeForce RTX 5090, 2943, 99
2026/07/14 22:36:58.494, 1, NVIDIA GeForce RTX 5090, 0, 0
2026/07/14 22:36:58.502, 2, NVIDIA GeForce RTX 5090, 0, 0
2026/07/14 22:36:58.510, 3, NVIDIA GeForce RTX 5090, 0, 0
2026/07/14 22:36:58.518, 4, NVIDIA GeForce RTX 5090, 0, 0
2026/07/14 22:37:00.676, 0, NVIDIA GeForce RTX 5090, 2943, 99
2026/07/14 22:37:00.682, 1, NVIDIA GeForce RTX 5090, 0, 0
2026/07/14 22:37:00.690, 2, NVIDIA GeForce RTX 5090, 0, 0
2026/07/14 22:37:00.698, 3, NVIDIA GeForce RTX 5090, 0, 0
2026/07/14 22:37:00.705, 4, NVIDIA GeForce RTX 5090, 0, 0
2026/07/14 22:37:02.843, 0, NVIDIA GeForce RTX 5090, 2943, 99
2026/07/14 22:37:02.845, 1, NVIDIA GeForce RTX 5090, 0, 0
2026/07/14 22:37:02.854, 2, NVIDIA GeForce RTX 5090, 0, 0
2026/07/14 22:37:02.862, 3, NVIDIA GeForce RTX 5090, 0, 0
2026/07/14 22:37:02.869, 4, NVIDIA GeForce RTX 5090, 0, 0
2026/07/14 22:37:05.008, 0, NVIDIA GeForce RTX 5090, 2943, 99
2026/07/14 22:37:05.014, 1, NVIDIA GeForce RTX 5090, 0, 0
2026/07/14 22:37:05.022, 2, NVIDIA GeForce RTX 5090, 0, 0
2026/07/14 22:37:05.030, 3, NVIDIA GeForce RTX 5090, 0, 0
2026/07/14 22:37:05.038, 4, NVIDIA GeForce RTX 5090, 0, 0
2026/07/14 22:37:07.189, 0, NVIDIA GeForce RTX 5090, 2943, 99
2026/07/14 22:37:07.194, 1, NVIDIA GeForce RTX 5090, 0, 0
2026/07/14 22:37:07.202, 2, NVIDIA GeForce RTX 5090, 0, 0
2026/07/14 22:37:07.210, 3, NVIDIA GeForce RTX 5090, 0, 0
2026/07/14 22:37:07.217, 4, NVIDIA GeForce RTX 5090, 0, 0
2026/07/14 22:37:09.362, 0, NVIDIA GeForce RTX 5090, 2943, 25
2026/07/14 22:37:09.368, 1, NVIDIA GeForce RTX 5090, 0, 0
2026/07/14 22:37:09.375, 2, NVIDIA GeForce RTX 5090, 0, 0
2026/07/14 22:37:09.383, 3, NVIDIA GeForce RTX 5090, 0, 0
2026/07/14 22:37:09.390, 4, NVIDIA GeForce RTX 5090, 0, 0
2026/07/14 22:37:11.537, 0, NVIDIA GeForce RTX 5090, 2943, 99
2026/07/14 22:37:11.541, 1, NVIDIA GeForce RTX 5090, 0, 0
2026/07/14 22:37:11.549, 2, NVIDIA GeForce RTX 5090, 0, 0
2026/07/14 22:37:11.556, 3, NVIDIA GeForce RTX 5090, 0, 0
2026/07/14 22:37:11.564, 4, NVIDIA GeForce RTX 5090, 0, 0
2026/07/14 22:37:13.703, 0, NVIDIA GeForce RTX 5090, 2943, 99
2026/07/14 22:37:13.707, 1, NVIDIA GeForce RTX 5090, 0, 0
2026/07/14 22:37:13.715, 2, NVIDIA GeForce RTX 5090, 0, 0
2026/07/14 22:37:13.723, 3, NVIDIA GeForce RTX 5090, 0, 0
2026/07/14 22:37:13.730, 4, NVIDIA GeForce RTX 5090, 0, 0
2026/07/14 22:37:15.887, 0, NVIDIA GeForce RTX 5090, 2943, 99
2026/07/14 22:37:15.891, 1, NVIDIA GeForce RTX 5090, 0, 0
2026/07/14 22:37:15.900, 2, NVIDIA GeForce RTX 5090, 0, 0
2026/07/14 22:37:15.908, 3, NVIDIA GeForce RTX 5090, 0, 0
2026/07/14 22:37:15.917, 4, NVIDIA GeForce RTX 5090, 0, 0
2026/07/14 22:37:18.051, 0, NVIDIA GeForce RTX 5090, 2943, 98
2026/07/14 22:37:18.055, 1, NVIDIA GeForce RTX 5090, 0, 0
2026/07/14 22:37:18.064, 2, NVIDIA GeForce RTX 5090, 0, 0
2026/07/14 22:37:18.072, 3, NVIDIA GeForce RTX 5090, 0, 0
2026/07/14 22:37:18.080, 4, NVIDIA GeForce RTX 5090, 0, 0
2026/07/14 22:37:20.219, 0, NVIDIA GeForce RTX 5090, 2943, 98
2026/07/14 22:37:20.225, 1, NVIDIA GeForce RTX 5090, 0, 0
2026/07/14 22:37:20.233, 2, NVIDIA GeForce RTX 5090, 0, 0
2026/07/14 22:37:20.240, 3, NVIDIA GeForce RTX 5090, 0, 0
2026/07/14 22:37:20.248, 4, NVIDIA GeForce RTX 5090, 0, 0
2026/07/14 22:37:22.387, 0, NVIDIA GeForce RTX 5090, 2943, 99
2026/07/14 22:37:22.393, 1, NVIDIA GeForce RTX 5090, 0, 0
2026/07/14 22:37:22.401, 2, NVIDIA GeForce RTX 5090, 0, 0
2026/07/14 22:37:22.409, 3, NVIDIA GeForce RTX 5090, 0, 0
2026/07/14 22:37:22.422, 4, NVIDIA GeForce RTX 5090, 0, 0
2026/07/14 22:37:24.556, 0, NVIDIA GeForce RTX 5090, 2943, 99
2026/07/14 22:37:24.562, 1, NVIDIA GeForce RTX 5090, 0, 0
2026/07/14 22:37:24.571, 2, NVIDIA GeForce RTX 5090, 0, 0
2026/07/14 22:37:24.578, 3, NVIDIA GeForce RTX 5090, 0, 0
2026/07/14 22:37:24.585, 4, NVIDIA GeForce RTX 5090, 0, 0
2026/07/14 22:37:26.716, 0, NVIDIA GeForce RTX 5090, 2943, 99
2026/07/14 22:37:26.722, 1, NVIDIA GeForce RTX 5090, 0, 0
2026/07/14 22:37:26.729, 2, NVIDIA GeForce RTX 5090, 0, 0
2026/07/14 22:37:26.737, 3, NVIDIA GeForce RTX 5090, 0, 0
2026/07/14 22:37:26.744, 4, NVIDIA GeForce RTX 5090, 0, 0
2026/07/14 22:37:28.880, 0, NVIDIA GeForce RTX 5090, 2943, 99
2026/07/14 22:37:28.885, 1, NVIDIA GeForce RTX 5090, 0, 0
2026/07/14 22:37:28.894, 2, NVIDIA GeForce RTX 5090, 0, 0
2026/07/14 22:37:28.901, 3, NVIDIA GeForce RTX 5090, 0, 0
2026/07/14 22:37:28.908, 4, NVIDIA GeForce RTX 5090, 0, 0
2026/07/14 22:37:31.051, 0, NVIDIA GeForce RTX 5090, 2943, 99
2026/07/14 22:37:31.056, 1, NVIDIA GeForce RTX 5090, 0, 0
2026/07/14 22:37:31.063, 2, NVIDIA GeForce RTX 5090, 0, 0
2026/07/14 22:37:31.071, 3, NVIDIA GeForce RTX 5090, 0, 0
2026/07/14 22:37:31.078, 4, NVIDIA GeForce RTX 5090, 0, 0
2026/07/14 22:37:33.231, 0, NVIDIA GeForce RTX 5090, 2943, 99
2026/07/14 22:37:33.238, 1, NVIDIA GeForce RTX 5090, 0, 0
2026/07/14 22:37:33.246, 2, NVIDIA GeForce RTX 5090, 0, 0
2026/07/14 22:37:33.256, 3, NVIDIA GeForce RTX 5090, 0, 0
2026/07/14 22:37:33.263, 4, NVIDIA GeForce RTX 5090, 0, 0
2026/07/14 22:37:35.403, 0, NVIDIA GeForce RTX 5090, 2943, 99
2026/07/14 22:37:35.407, 1, NVIDIA GeForce RTX 5090, 0, 0
2026/07/14 22:37:35.415, 2, NVIDIA GeForce RTX 5090, 0, 0
2026/07/14 22:37:35.422, 3, NVIDIA GeForce RTX 5090, 0, 0
2026/07/14 22:37:35.432, 4, NVIDIA GeForce RTX 5090, 0, 0
2026/07/14 22:37:37.568, 0, NVIDIA GeForce RTX 5090, 2943, 99
2026/07/14 22:37:37.572, 1, NVIDIA GeForce RTX 5090, 0, 0
2026/07/14 22:37:37.580, 2, NVIDIA GeForce RTX 5090, 0, 0
2026/07/14 22:37:37.588, 3, NVIDIA GeForce RTX 5090, 0, 0
2026/07/14 22:37:37.597, 4, NVIDIA GeForce RTX 5090, 0, 0
2026/07/14 22:37:39.728, 0, NVIDIA GeForce RTX 5090, 2943, 98
2026/07/14 22:37:39.730, 1, NVIDIA GeForce RTX 5090, 0, 0
2026/07/14 22:37:39.738, 2, NVIDIA GeForce RTX 5090, 0, 0
2026/07/14 22:37:39.746, 3, NVIDIA GeForce RTX 5090, 0, 0
2026/07/14 22:37:39.753, 4, NVIDIA GeForce RTX 5090, 0, 0
2026/07/14 22:37:41.890, 0, NVIDIA GeForce RTX 5090, 2943, 99
2026/07/14 22:37:41.893, 1, NVIDIA GeForce RTX 5090, 0, 0
2026/07/14 22:37:41.901, 2, NVIDIA GeForce RTX 5090, 0, 0
2026/07/14 22:37:41.909, 3, NVIDIA GeForce RTX 5090, 0, 0
2026/07/14 22:37:41.917, 4, NVIDIA GeForce RTX 5090, 0, 0
2026/07/14 22:37:44.058, 0, NVIDIA GeForce RTX 5090, 2943, 99
2026/07/14 22:37:44.065, 1, NVIDIA GeForce RTX 5090, 0, 0
2026/07/14 22:37:44.074, 2, NVIDIA GeForce RTX 5090, 0, 0
2026/07/14 22:37:44.081, 3, NVIDIA GeForce RTX 5090, 0, 0
2026/07/14 22:37:44.088, 4, NVIDIA GeForce RTX 5090, 0, 0
2026/07/14 22:37:46.224, 0, NVIDIA GeForce RTX 5090, 2943, 95
2026/07/14 22:37:46.230, 1, NVIDIA GeForce RTX 5090, 0, 0
2026/07/14 22:37:46.238, 2, NVIDIA GeForce RTX 5090, 0, 0
2026/07/14 22:37:46.246, 3, NVIDIA GeForce RTX 5090, 0, 0
2026/07/14 22:37:46.253, 4, NVIDIA GeForce RTX 5090, 0, 0
2026/07/14 22:37:48.393, 0, NVIDIA GeForce RTX 5090, 2943, 99
2026/07/14 22:37:48.399, 1, NVIDIA GeForce RTX 5090, 0, 0
2026/07/14 22:37:48.408, 2, NVIDIA GeForce RTX 5090, 0, 0
2026/07/14 22:37:48.415, 3, NVIDIA GeForce RTX 5090, 0, 0
2026/07/14 22:37:48.422, 4, NVIDIA GeForce RTX 5090, 0, 0
2026/07/14 22:37:50.583, 0, NVIDIA GeForce RTX 5090, 2943, 99
2026/07/14 22:37:50.589, 1, NVIDIA GeForce RTX 5090, 0, 0
2026/07/14 22:37:50.597, 2, NVIDIA GeForce RTX 5090, 0, 0
2026/07/14 22:37:50.604, 3, NVIDIA GeForce RTX 5090, 0, 0
2026/07/14 22:37:50.612, 4, NVIDIA GeForce RTX 5090, 0, 0
2026/07/14 22:37:52.749, 0, NVIDIA GeForce RTX 5090, 2943, 73
2026/07/14 22:37:52.754, 1, NVIDIA GeForce RTX 5090, 0, 0
2026/07/14 22:37:52.762, 2, NVIDIA GeForce RTX 5090, 0, 0
2026/07/14 22:37:52.770, 3, NVIDIA GeForce RTX 5090, 0, 0
2026/07/14 22:37:52.779, 4, NVIDIA GeForce RTX 5090, 0, 0
2026/07/14 22:37:54.939, 0, NVIDIA GeForce RTX 5090, 2943, 98
2026/07/14 22:37:54.945, 1, NVIDIA GeForce RTX 5090, 0, 0
2026/07/14 22:37:54.953, 2, NVIDIA GeForce RTX 5090, 0, 0
2026/07/14 22:37:54.963, 3, NVIDIA GeForce RTX 5090, 0, 0
2026/07/14 22:37:54.971, 4, NVIDIA GeForce RTX 5090, 0, 0
2026/07/14 22:37:57.107, 0, NVIDIA GeForce RTX 5090, 2943, 99
2026/07/14 22:37:57.113, 1, NVIDIA GeForce RTX 5090, 0, 0
2026/07/14 22:37:57.121, 2, NVIDIA GeForce RTX 5090, 0, 0
2026/07/14 22:37:57.129, 3, NVIDIA GeForce RTX 5090, 0, 0
2026/07/14 22:37:57.136, 4, NVIDIA GeForce RTX 5090, 0, 0
2026/07/14 22:37:59.272, 0, NVIDIA GeForce RTX 5090, 2943, 98
2026/07/14 22:37:59.278, 1, NVIDIA GeForce RTX 5090, 0, 0
2026/07/14 22:37:59.286, 2, NVIDIA GeForce RTX 5090, 0, 0
2026/07/14 22:37:59.293, 3, NVIDIA GeForce RTX 5090, 0, 0
2026/07/14 22:37:59.301, 4, NVIDIA GeForce RTX 5090, 0, 0
2026/07/14 22:38:01.457, 0, NVIDIA GeForce RTX 5090, 2943, 99
2026/07/14 22:38:01.460, 1, NVIDIA GeForce RTX 5090, 0, 0
2026/07/14 22:38:01.468, 2, NVIDIA GeForce RTX 5090, 0, 0
2026/07/14 22:38:01.476, 3, NVIDIA GeForce RTX 5090, 0, 0
2026/07/14 22:38:01.495, 4, NVIDIA GeForce RTX 5090, 0, 0
2026/07/14 22:38:03.629, 0, NVIDIA GeForce RTX 5090, 2943, 99
2026/07/14 22:38:03.634, 1, NVIDIA GeForce RTX 5090, 0, 0
2026/07/14 22:38:03.644, 2, NVIDIA GeForce RTX 5090, 0, 0
2026/07/14 22:38:03.651, 3, NVIDIA GeForce RTX 5090, 0, 0
2026/07/14 22:38:03.659, 4, NVIDIA GeForce RTX 5090, 0, 0
2026/07/14 22:38:05.797, 0, NVIDIA GeForce RTX 5090, 2943, 99
2026/07/14 22:38:05.800, 1, NVIDIA GeForce RTX 5090, 0, 0
2026/07/14 22:38:05.808, 2, NVIDIA GeForce RTX 5090, 0, 0
2026/07/14 22:38:05.817, 3, NVIDIA GeForce RTX 5090, 0, 0
2026/07/14 22:38:05.825, 4, NVIDIA GeForce RTX 5090, 0, 0
2026/07/14 22:38:07.967, 0, NVIDIA GeForce RTX 5090, 2943, 99
2026/07/14 22:38:07.973, 1, NVIDIA GeForce RTX 5090, 0, 0
2026/07/14 22:38:07.981, 2, NVIDIA GeForce RTX 5090, 0, 0
2026/07/14 22:38:07.989, 3, NVIDIA GeForce RTX 5090, 0, 0
2026/07/14 22:38:07.996, 4, NVIDIA GeForce RTX 5090, 0, 0
2026/07/14 22:38:10.135, 0, NVIDIA GeForce RTX 5090, 2943, 99
2026/07/14 22:38:10.138, 1, NVIDIA GeForce RTX 5090, 0, 0
2026/07/14 22:38:10.146, 2, NVIDIA GeForce RTX 5090, 0, 0
2026/07/14 22:38:10.154, 3, NVIDIA GeForce RTX 5090, 0, 0
2026/07/14 22:38:10.162, 4, NVIDIA GeForce RTX 5090, 0, 0
2026/07/14 22:38:12.296, 0, NVIDIA GeForce RTX 5090, 2943, 99
2026/07/14 22:38:12.301, 1, NVIDIA GeForce RTX 5090, 0, 0
2026/07/14 22:38:12.310, 2, NVIDIA GeForce RTX 5090, 0, 0
2026/07/14 22:38:12.317, 3, NVIDIA GeForce RTX 5090, 0, 0
2026/07/14 22:38:12.325, 4, NVIDIA GeForce RTX 5090, 0, 0
2026/07/14 22:38:14.485, 0, NVIDIA GeForce RTX 5090, 2943, 98
2026/07/14 22:38:14.491, 1, NVIDIA GeForce RTX 5090, 0, 0
2026/07/14 22:38:14.501, 2, NVIDIA GeForce RTX 5090, 0, 0
2026/07/14 22:38:14.508, 3, NVIDIA GeForce RTX 5090, 0, 0
2026/07/14 22:38:14.516, 4, NVIDIA GeForce RTX 5090, 0, 0
2026/07/14 22:38:16.676, 0, NVIDIA GeForce RTX 5090, 2943, 99
2026/07/14 22:38:16.684, 1, NVIDIA GeForce RTX 5090, 0, 0
2026/07/14 22:38:16.692, 2, NVIDIA GeForce RTX 5090, 0, 0
2026/07/14 22:38:16.699, 3, NVIDIA GeForce RTX 5090, 0, 0
2026/07/14 22:38:16.707, 4, NVIDIA GeForce RTX 5090, 0, 0
2026/07/14 22:38:18.844, 0, NVIDIA GeForce RTX 5090, 2943, 99
2026/07/14 22:38:18.850, 1, NVIDIA GeForce RTX 5090, 0, 0
2026/07/14 22:38:18.858, 2, NVIDIA GeForce RTX 5090, 0, 0
2026/07/14 22:38:18.870, 3, NVIDIA GeForce RTX 5090, 0, 0
2026/07/14 22:38:18.877, 4, NVIDIA GeForce RTX 5090, 0, 0
2026/07/14 22:38:21.011, 0, NVIDIA GeForce RTX 5090, 2943, 99
2026/07/14 22:38:21.017, 1, NVIDIA GeForce RTX 5090, 0, 0
2026/07/14 22:38:21.027, 2, NVIDIA GeForce RTX 5090, 0, 0
2026/07/14 22:38:21.034, 3, NVIDIA GeForce RTX 5090, 0, 0
2026/07/14 22:38:21.042, 4, NVIDIA GeForce RTX 5090, 0, 0
2026/07/14 22:38:23.199, 0, NVIDIA GeForce RTX 5090, 2943, 99
2026/07/14 22:38:23.206, 1, NVIDIA GeForce RTX 5090, 0, 0
2026/07/14 22:38:23.214, 2, NVIDIA GeForce RTX 5090, 0, 0
2026/07/14 22:38:23.221, 3, NVIDIA GeForce RTX 5090, 0, 0
2026/07/14 22:38:23.229, 4, NVIDIA GeForce RTX 5090, 0, 0
2026/07/14 22:38:25.382, 0, NVIDIA GeForce RTX 5090, 2943, 99
2026/07/14 22:38:25.388, 1, NVIDIA GeForce RTX 5090, 0, 0
2026/07/14 22:38:25.396, 2, NVIDIA GeForce RTX 5090, 0, 0
2026/07/14 22:38:25.404, 3, NVIDIA GeForce RTX 5090, 0, 0
2026/07/14 22:38:25.412, 4, NVIDIA GeForce RTX 5090, 0, 0
2026/07/14 22:38:27.548, 0, NVIDIA GeForce RTX 5090, 2943, 98
2026/07/14 22:38:27.553, 1, NVIDIA GeForce RTX 5090, 0, 0
2026/07/14 22:38:27.562, 2, NVIDIA GeForce RTX 5090, 0, 0
2026/07/14 22:38:27.570, 3, NVIDIA GeForce RTX 5090, 0, 0
2026/07/14 22:38:27.577, 4, NVIDIA GeForce RTX 5090, 0, 0
2026/07/14 22:38:29.711, 0, NVIDIA GeForce RTX 5090, 2943, 99
2026/07/14 22:38:29.717, 1, NVIDIA GeForce RTX 5090, 0, 0
2026/07/14 22:38:29.725, 2, NVIDIA GeForce RTX 5090, 0, 0
2026/07/14 22:38:29.732, 3, NVIDIA GeForce RTX 5090, 0, 0
2026/07/14 22:38:29.740, 4, NVIDIA GeForce RTX 5090, 0, 0
2026/07/14 22:38:31.878, 0, NVIDIA GeForce RTX 5090, 2943, 99
2026/07/14 22:38:31.884, 1, NVIDIA GeForce RTX 5090, 0, 0
2026/07/14 22:38:31.891, 2, NVIDIA GeForce RTX 5090, 0, 0
2026/07/14 22:38:31.899, 3, NVIDIA GeForce RTX 5090, 0, 0
2026/07/14 22:38:31.907, 4, NVIDIA GeForce RTX 5090, 0, 0
2026/07/14 22:38:34.043, 0, NVIDIA GeForce RTX 5090, 2943, 99
2026/07/14 22:38:34.049, 1, NVIDIA GeForce RTX 5090, 0, 0
2026/07/14 22:38:34.057, 2, NVIDIA GeForce RTX 5090, 0, 0
2026/07/14 22:38:34.066, 3, NVIDIA GeForce RTX 5090, 0, 0
2026/07/14 22:38:34.074, 4, NVIDIA GeForce RTX 5090, 0, 0
2026/07/14 22:38:36.231, 0, NVIDIA GeForce RTX 5090, 2943, 99
2026/07/14 22:38:36.237, 1, NVIDIA GeForce RTX 5090, 0, 0
2026/07/14 22:38:36.245, 2, NVIDIA GeForce RTX 5090, 0, 0
2026/07/14 22:38:36.252, 3, NVIDIA GeForce RTX 5090, 0, 0
2026/07/14 22:38:36.260, 4, NVIDIA GeForce RTX 5090, 0, 0
2026/07/14 22:38:38.395, 0, NVIDIA GeForce RTX 5090, 2943, 99
2026/07/14 22:38:38.402, 1, NVIDIA GeForce RTX 5090, 0, 0
2026/07/14 22:38:38.410, 2, NVIDIA GeForce RTX 5090, 0, 0
2026/07/14 22:38:38.418, 3, NVIDIA GeForce RTX 5090, 0, 0
2026/07/14 22:38:38.425, 4, NVIDIA GeForce RTX 5090, 0, 0
2026/07/14 22:38:40.564, 0, NVIDIA GeForce RTX 5090, 2943, 99
2026/07/14 22:38:40.569, 1, NVIDIA GeForce RTX 5090, 0, 0
2026/07/14 22:38:40.578, 2, NVIDIA GeForce RTX 5090, 0, 0
2026/07/14 22:38:40.585, 3, NVIDIA GeForce RTX 5090, 0, 0
2026/07/14 22:38:40.593, 4, NVIDIA GeForce RTX 5090, 0, 0
2026/07/14 22:38:42.748, 0, NVIDIA GeForce RTX 5090, 2943, 99
2026/07/14 22:38:42.754, 1, NVIDIA GeForce RTX 5090, 0, 0
2026/07/14 22:38:42.762, 2, NVIDIA GeForce RTX 5090, 0, 0
2026/07/14 22:38:42.770, 3, NVIDIA GeForce RTX 5090, 0, 0
2026/07/14 22:38:42.777, 4, NVIDIA GeForce RTX 5090, 0, 0
2026/07/14 22:38:44.918, 0, NVIDIA GeForce RTX 5090, 2943, 99
2026/07/14 22:38:44.924, 1, NVIDIA GeForce RTX 5090, 0, 0
2026/07/14 22:38:44.932, 2, NVIDIA GeForce RTX 5090, 0, 0
2026/07/14 22:38:44.940, 3, NVIDIA GeForce RTX 5090, 0, 0
2026/07/14 22:38:44.947, 4, NVIDIA GeForce RTX 5090, 0, 0
2026/07/14 22:38:47.089, 0, NVIDIA GeForce RTX 5090, 2943, 98
2026/07/14 22:38:47.093, 1, NVIDIA GeForce RTX 5090, 0, 0
2026/07/14 22:38:47.101, 2, NVIDIA GeForce RTX 5090, 0, 0
2026/07/14 22:38:47.109, 3, NVIDIA GeForce RTX 5090, 0, 0
2026/07/14 22:38:47.116, 4, NVIDIA GeForce RTX 5090, 0, 0
2026/07/14 22:38:49.252, 0, NVIDIA GeForce RTX 5090, 2943, 98
2026/07/14 22:38:49.258, 1, NVIDIA GeForce RTX 5090, 0, 0
2026/07/14 22:38:49.268, 2, NVIDIA GeForce RTX 5090, 0, 0
2026/07/14 22:38:49.275, 3, NVIDIA GeForce RTX 5090, 0, 0
2026/07/14 22:38:49.283, 4, NVIDIA GeForce RTX 5090, 0, 0
2026/07/14 22:38:51.455, 0, NVIDIA GeForce RTX 5090, 2943, 99
2026/07/14 22:38:51.460, 1, NVIDIA GeForce RTX 5090, 0, 0
2026/07/14 22:38:51.467, 2, NVIDIA GeForce RTX 5090, 0, 0
2026/07/14 22:38:51.475, 3, NVIDIA GeForce RTX 5090, 0, 0
2026/07/14 22:38:51.490, 4, NVIDIA GeForce RTX 5090, 0, 0
2026/07/14 22:38:53.648, 0, NVIDIA GeForce RTX 5090, 2943, 99
2026/07/14 22:38:53.653, 1, NVIDIA GeForce RTX 5090, 0, 0
2026/07/14 22:38:53.661, 2, NVIDIA GeForce RTX 5090, 0, 0
2026/07/14 22:38:53.669, 3, NVIDIA GeForce RTX 5090, 0, 0
2026/07/14 22:38:53.676, 4, NVIDIA GeForce RTX 5090, 0, 0
2026/07/14 22:38:55.813, 0, NVIDIA GeForce RTX 5090, 2943, 98
2026/07/14 22:38:55.818, 1, NVIDIA GeForce RTX 5090, 0, 0
2026/07/14 22:38:55.826, 2, NVIDIA GeForce RTX 5090, 0, 0
2026/07/14 22:38:55.833, 3, NVIDIA GeForce RTX 5090, 0, 0
2026/07/14 22:38:55.841, 4, NVIDIA GeForce RTX 5090, 0, 0
2026/07/14 22:38:57.997, 0, NVIDIA GeForce RTX 5090, 2943, 98
2026/07/14 22:38:58.001, 1, NVIDIA GeForce RTX 5090, 0, 0
2026/07/14 22:38:58.009, 2, NVIDIA GeForce RTX 5090, 0, 0
2026/07/14 22:38:58.017, 3, NVIDIA GeForce RTX 5090, 0, 0
2026/07/14 22:38:58.026, 4, NVIDIA GeForce RTX 5090, 0, 0
2026/07/14 22:39:00.165, 0, NVIDIA GeForce RTX 5090, 2943, 99
2026/07/14 22:39:00.171, 1, NVIDIA GeForce RTX 5090, 0, 0
2026/07/14 22:39:00.179, 2, NVIDIA GeForce RTX 5090, 0, 0
2026/07/14 22:39:00.187, 3, NVIDIA GeForce RTX 5090, 0, 0
2026/07/14 22:39:00.194, 4, NVIDIA GeForce RTX 5090, 0, 0
2026/07/14 22:39:02.328, 0, NVIDIA GeForce RTX 5090, 2943, 99
2026/07/14 22:39:02.332, 1, NVIDIA GeForce RTX 5090, 0, 0
2026/07/14 22:39:02.342, 2, NVIDIA GeForce RTX 5090, 0, 0
2026/07/14 22:39:02.349, 3, NVIDIA GeForce RTX 5090, 0, 0
2026/07/14 22:39:02.357, 4, NVIDIA GeForce RTX 5090, 0, 0
2026/07/14 22:39:04.517, 0, NVIDIA GeForce RTX 5090, 2943, 99
2026/07/14 22:39:04.522, 1, NVIDIA GeForce RTX 5090, 0, 0
2026/07/14 22:39:04.530, 2, NVIDIA GeForce RTX 5090, 0, 0
2026/07/14 22:39:04.538, 3, NVIDIA GeForce RTX 5090, 0, 0
2026/07/14 22:39:04.545, 4, NVIDIA GeForce RTX 5090, 0, 0
2026/07/14 22:39:06.701, 0, NVIDIA GeForce RTX 5090, 2943, 63
2026/07/14 22:39:06.706, 1, NVIDIA GeForce RTX 5090, 0, 0
2026/07/14 22:39:06.714, 2, NVIDIA GeForce RTX 5090, 0, 0
2026/07/14 22:39:06.721, 3, NVIDIA GeForce RTX 5090, 0, 0
2026/07/14 22:39:06.729, 4, NVIDIA GeForce RTX 5090, 0, 0
2026/07/14 22:39:08.884, 0, NVIDIA GeForce RTX 5090, 2943, 99
2026/07/14 22:39:08.888, 1, NVIDIA GeForce RTX 5090, 0, 0
2026/07/14 22:39:08.897, 2, NVIDIA GeForce RTX 5090, 0, 0
2026/07/14 22:39:08.907, 3, NVIDIA GeForce RTX 5090, 0, 0
2026/07/14 22:39:08.915, 4, NVIDIA GeForce RTX 5090, 0, 0
2026/07/14 22:39:11.051, 0, NVIDIA GeForce RTX 5090, 2943, 99
2026/07/14 22:39:11.055, 1, NVIDIA GeForce RTX 5090, 0, 0
2026/07/14 22:39:11.063, 2, NVIDIA GeForce RTX 5090, 0, 0
2026/07/14 22:39:11.071, 3, NVIDIA GeForce RTX 5090, 0, 0
2026/07/14 22:39:11.078, 4, NVIDIA GeForce RTX 5090, 0, 0
2026/07/14 22:39:13.214, 0, NVIDIA GeForce RTX 5090, 2943, 99
2026/07/14 22:39:13.219, 1, NVIDIA GeForce RTX 5090, 0, 0
2026/07/14 22:39:13.227, 2, NVIDIA GeForce RTX 5090, 0, 0
2026/07/14 22:39:13.234, 3, NVIDIA GeForce RTX 5090, 0, 0
2026/07/14 22:39:13.242, 4, NVIDIA GeForce RTX 5090, 0, 0
2026/07/14 22:39:15.375, 0, NVIDIA GeForce RTX 5090, 2943, 99
2026/07/14 22:39:15.381, 1, NVIDIA GeForce RTX 5090, 0, 0
2026/07/14 22:39:15.389, 2, NVIDIA GeForce RTX 5090, 0, 0
2026/07/14 22:39:15.397, 3, NVIDIA GeForce RTX 5090, 0, 0
2026/07/14 22:39:15.404, 4, NVIDIA GeForce RTX 5090, 0, 0
2026/07/14 22:39:17.542, 0, NVIDIA GeForce RTX 5090, 2943, 99
2026/07/14 22:39:17.547, 1, NVIDIA GeForce RTX 5090, 0, 0
2026/07/14 22:39:17.555, 2, NVIDIA GeForce RTX 5090, 0, 0
2026/07/14 22:39:17.562, 3, NVIDIA GeForce RTX 5090, 0, 0
2026/07/14 22:39:17.570, 4, NVIDIA GeForce RTX 5090, 0, 0
2026/07/14 22:39:19.707, 0, NVIDIA GeForce RTX 5090, 2943, 98
2026/07/14 22:39:19.713, 1, NVIDIA GeForce RTX 5090, 0, 0
2026/07/14 22:39:19.721, 2, NVIDIA GeForce RTX 5090, 0, 0
2026/07/14 22:39:19.728, 3, NVIDIA GeForce RTX 5090, 0, 0
2026/07/14 22:39:19.738, 4, NVIDIA GeForce RTX 5090, 0, 0
2026/07/14 22:39:21.874, 0, NVIDIA GeForce RTX 5090, 2943, 99
2026/07/14 22:39:21.880, 1, NVIDIA GeForce RTX 5090, 0, 0
2026/07/14 22:39:21.888, 2, NVIDIA GeForce RTX 5090, 0, 0
2026/07/14 22:39:21.896, 3, NVIDIA GeForce RTX 5090, 0, 0
2026/07/14 22:39:21.903, 4, NVIDIA GeForce RTX 5090, 0, 0
2026/07/14 22:39:24.041, 0, NVIDIA GeForce RTX 5090, 2943, 99
2026/07/14 22:39:24.047, 1, NVIDIA GeForce RTX 5090, 0, 0
2026/07/14 22:39:24.055, 2, NVIDIA GeForce RTX 5090, 0, 0
2026/07/14 22:39:24.062, 3, NVIDIA GeForce RTX 5090, 0, 0
2026/07/14 22:39:24.070, 4, NVIDIA GeForce RTX 5090, 0, 0
2026/07/14 22:39:26.205, 0, NVIDIA GeForce RTX 5090, 2943, 99
2026/07/14 22:39:26.211, 1, NVIDIA GeForce RTX 5090, 0, 0
2026/07/14 22:39:26.218, 2, NVIDIA GeForce RTX 5090, 0, 0
2026/07/14 22:39:26.226, 3, NVIDIA GeForce RTX 5090, 0, 0
2026/07/14 22:39:26.233, 4, NVIDIA GeForce RTX 5090, 0, 0
2026/07/14 22:39:28.372, 0, NVIDIA GeForce RTX 5090, 2943, 99
2026/07/14 22:39:28.378, 1, NVIDIA GeForce RTX 5090, 0, 0
2026/07/14 22:39:28.386, 2, NVIDIA GeForce RTX 5090, 0, 0
2026/07/14 22:39:28.393, 3, NVIDIA GeForce RTX 5090, 0, 0
2026/07/14 22:39:28.401, 4, NVIDIA GeForce RTX 5090, 0, 0
2026/07/14 22:39:30.541, 0, NVIDIA GeForce RTX 5090, 2943, 99
2026/07/14 22:39:30.546, 1, NVIDIA GeForce RTX 5090, 0, 0
2026/07/14 22:39:30.555, 2, NVIDIA GeForce RTX 5090, 0, 0
2026/07/14 22:39:30.562, 3, NVIDIA GeForce RTX 5090, 0, 0
2026/07/14 22:39:30.570, 4, NVIDIA GeForce RTX 5090, 0, 0
2026/07/14 22:39:32.707, 0, NVIDIA GeForce RTX 5090, 2943, 99
2026/07/14 22:39:32.713, 1, NVIDIA GeForce RTX 5090, 0, 0
2026/07/14 22:39:32.722, 2, NVIDIA GeForce RTX 5090, 0, 0
2026/07/14 22:39:32.729, 3, NVIDIA GeForce RTX 5090, 0, 0
2026/07/14 22:39:32.736, 4, NVIDIA GeForce RTX 5090, 0, 0
2026/07/14 22:39:34.872, 0, NVIDIA GeForce RTX 5090, 2943, 40
2026/07/14 22:39:34.878, 1, NVIDIA GeForce RTX 5090, 0, 0
2026/07/14 22:39:34.886, 2, NVIDIA GeForce RTX 5090, 0, 0
2026/07/14 22:39:34.894, 3, NVIDIA GeForce RTX 5090, 0, 0
2026/07/14 22:39:34.901, 4, NVIDIA GeForce RTX 5090, 0, 0
2026/07/14 22:39:37.058, 0, NVIDIA GeForce RTX 5090, 2943, 99
2026/07/14 22:39:37.061, 1, NVIDIA GeForce RTX 5090, 0, 0
2026/07/14 22:39:37.069, 2, NVIDIA GeForce RTX 5090, 0, 0
2026/07/14 22:39:37.077, 3, NVIDIA GeForce RTX 5090, 0, 0
2026/07/14 22:39:37.084, 4, NVIDIA GeForce RTX 5090, 0, 0
2026/07/14 22:39:39.216, 0, NVIDIA GeForce RTX 5090, 2943, 99
2026/07/14 22:39:39.222, 1, NVIDIA GeForce RTX 5090, 0, 0
2026/07/14 22:39:39.230, 2, NVIDIA GeForce RTX 5090, 0, 0
2026/07/14 22:39:39.238, 3, NVIDIA GeForce RTX 5090, 0, 0
2026/07/14 22:39:39.245, 4, NVIDIA GeForce RTX 5090, 0, 0
2026/07/14 22:39:41.382, 0, NVIDIA GeForce RTX 5090, 2943, 99
2026/07/14 22:39:41.388, 1, NVIDIA GeForce RTX 5090, 0, 0
2026/07/14 22:39:41.396, 2, NVIDIA GeForce RTX 5090, 0, 0
2026/07/14 22:39:41.405, 3, NVIDIA GeForce RTX 5090, 0, 0
2026/07/14 22:39:41.412, 4, NVIDIA GeForce RTX 5090, 0, 0
2026/07/14 22:39:43.549, 0, NVIDIA GeForce RTX 5090, 2943, 99
2026/07/14 22:39:43.554, 1, NVIDIA GeForce RTX 5090, 0, 0
2026/07/14 22:39:43.562, 2, NVIDIA GeForce RTX 5090, 0, 0
2026/07/14 22:39:43.570, 3, NVIDIA GeForce RTX 5090, 0, 0
2026/07/14 22:39:43.577, 4, NVIDIA GeForce RTX 5090, 0, 0
2026/07/14 22:39:45.715, 0, NVIDIA GeForce RTX 5090, 2943, 99
2026/07/14 22:39:45.721, 1, NVIDIA GeForce RTX 5090, 0, 0
2026/07/14 22:39:45.729, 2, NVIDIA GeForce RTX 5090, 0, 0
2026/07/14 22:39:45.736, 3, NVIDIA GeForce RTX 5090, 0, 0
2026/07/14 22:39:45.744, 4, NVIDIA GeForce RTX 5090, 0, 0
2026/07/14 22:39:47.881, 0, NVIDIA GeForce RTX 5090, 2943, 99
2026/07/14 22:39:47.886, 1, NVIDIA GeForce RTX 5090, 0, 0
2026/07/14 22:39:47.894, 2, NVIDIA GeForce RTX 5090, 0, 0
2026/07/14 22:39:47.902, 3, NVIDIA GeForce RTX 5090, 0, 0
2026/07/14 22:39:47.910, 4, NVIDIA GeForce RTX 5090, 0, 0
2026/07/14 22:39:50.069, 0, NVIDIA GeForce RTX 5090, 2943, 99
2026/07/14 22:39:50.075, 1, NVIDIA GeForce RTX 5090, 0, 0
2026/07/14 22:39:50.084, 2, NVIDIA GeForce RTX 5090, 0, 0
2026/07/14 22:39:50.091, 3, NVIDIA GeForce RTX 5090, 0, 0
2026/07/14 22:39:50.099, 4, NVIDIA GeForce RTX 5090, 0, 0
2026/07/14 22:39:52.236, 0, NVIDIA GeForce RTX 5090, 2943, 99
2026/07/14 22:39:52.243, 1, NVIDIA GeForce RTX 5090, 0, 0
2026/07/14 22:39:52.250, 2, NVIDIA GeForce RTX 5090, 0, 0
2026/07/14 22:39:52.258, 3, NVIDIA GeForce RTX 5090, 0, 0
2026/07/14 22:39:52.265, 4, NVIDIA GeForce RTX 5090, 0, 0
2026/07/14 22:39:54.404, 0, NVIDIA GeForce RTX 5090, 2943, 99
2026/07/14 22:39:54.409, 1, NVIDIA GeForce RTX 5090, 0, 0
2026/07/14 22:39:54.418, 2, NVIDIA GeForce RTX 5090, 0, 0
2026/07/14 22:39:54.425, 3, NVIDIA GeForce RTX 5090, 0, 0
2026/07/14 22:39:54.433, 4, NVIDIA GeForce RTX 5090, 0, 0
2026/07/14 22:39:56.588, 0, NVIDIA GeForce RTX 5090, 3081, 2
2026/07/14 22:39:56.591, 1, NVIDIA GeForce RTX 5090, 0, 0
2026/07/14 22:39:56.600, 2, NVIDIA GeForce RTX 5090, 0, 0
2026/07/14 22:39:56.607, 3, NVIDIA GeForce RTX 5090, 0, 0
2026/07/14 22:39:56.615, 4, NVIDIA GeForce RTX 5090, 0, 0
2026/07/14 22:39:58.792, 0, NVIDIA GeForce RTX 5090, 3081, 14
2026/07/14 22:39:58.795, 1, NVIDIA GeForce RTX 5090, 0, 0
2026/07/14 22:39:58.803, 2, NVIDIA GeForce RTX 5090, 0, 0
2026/07/14 22:39:58.811, 3, NVIDIA GeForce RTX 5090, 0, 0
2026/07/14 22:39:58.818, 4, NVIDIA GeForce RTX 5090, 0, 0
2026/07/14 22:40:00.968, 0, NVIDIA GeForce RTX 5090, 3083, 99
2026/07/14 22:40:00.975, 1, NVIDIA GeForce RTX 5090, 0, 0
2026/07/14 22:40:00.982, 2, NVIDIA GeForce RTX 5090, 0, 0
2026/07/14 22:40:00.990, 3, NVIDIA GeForce RTX 5090, 0, 0
2026/07/14 22:40:00.998, 4, NVIDIA GeForce RTX 5090, 0, 0
2026/07/14 22:40:03.136, 0, NVIDIA GeForce RTX 5090, 3083, 99
2026/07/14 22:40:03.142, 1, NVIDIA GeForce RTX 5090, 0, 0
2026/07/14 22:40:03.151, 2, NVIDIA GeForce RTX 5090, 0, 0
2026/07/14 22:40:03.158, 3, NVIDIA GeForce RTX 5090, 0, 0
2026/07/14 22:40:03.167, 4, NVIDIA GeForce RTX 5090, 0, 0
2026/07/14 22:40:05.298, 0, NVIDIA GeForce RTX 5090, 3083, 99
2026/07/14 22:40:05.301, 1, NVIDIA GeForce RTX 5090, 0, 0
2026/07/14 22:40:05.309, 2, NVIDIA GeForce RTX 5090, 0, 0
2026/07/14 22:40:05.317, 3, NVIDIA GeForce RTX 5090, 0, 0
2026/07/14 22:40:05.324, 4, NVIDIA GeForce RTX 5090, 0, 0
2026/07/14 22:40:07.478, 0, NVIDIA GeForce RTX 5090, 3083, 99
2026/07/14 22:40:07.482, 1, NVIDIA GeForce RTX 5090, 0, 0
2026/07/14 22:40:07.490, 2, NVIDIA GeForce RTX 5090, 0, 0
2026/07/14 22:40:07.498, 3, NVIDIA GeForce RTX 5090, 0, 0
2026/07/14 22:40:07.506, 4, NVIDIA GeForce RTX 5090, 0, 0
2026/07/14 22:40:09.668, 0, NVIDIA GeForce RTX 5090, 3083, 98
2026/07/14 22:40:09.671, 1, NVIDIA GeForce RTX 5090, 0, 0
2026/07/14 22:40:09.682, 2, NVIDIA GeForce RTX 5090, 0, 0
2026/07/14 22:40:09.689, 3, NVIDIA GeForce RTX 5090, 0, 0
2026/07/14 22:40:09.698, 4, NVIDIA GeForce RTX 5090, 0, 0
2026/07/14 22:40:11.835, 0, NVIDIA GeForce RTX 5090, 3083, 99
2026/07/14 22:40:11.841, 1, NVIDIA GeForce RTX 5090, 0, 0
2026/07/14 22:40:11.849, 2, NVIDIA GeForce RTX 5090, 0, 0
2026/07/14 22:40:11.857, 3, NVIDIA GeForce RTX 5090, 0, 0
2026/07/14 22:40:11.865, 4, NVIDIA GeForce RTX 5090, 0, 0
2026/07/14 22:40:14.001, 0, NVIDIA GeForce RTX 5090, 3083, 99
2026/07/14 22:40:14.007, 1, NVIDIA GeForce RTX 5090, 0, 0
2026/07/14 22:40:14.015, 2, NVIDIA GeForce RTX 5090, 0, 0
2026/07/14 22:40:14.022, 3, NVIDIA GeForce RTX 5090, 0, 0
2026/07/14 22:40:14.030, 4, NVIDIA GeForce RTX 5090, 0, 0
2026/07/14 22:40:16.177, 0, NVIDIA GeForce RTX 5090, 3083, 99
2026/07/14 22:40:16.184, 1, NVIDIA GeForce RTX 5090, 0, 0
2026/07/14 22:40:16.192, 2, NVIDIA GeForce RTX 5090, 0, 0
2026/07/14 22:40:16.200, 3, NVIDIA GeForce RTX 5090, 0, 0
2026/07/14 22:40:16.207, 4, NVIDIA GeForce RTX 5090, 0, 0
2026/07/14 22:40:18.344, 0, NVIDIA GeForce RTX 5090, 3083, 99
2026/07/14 22:40:18.349, 1, NVIDIA GeForce RTX 5090, 0, 0
2026/07/14 22:40:18.357, 2, NVIDIA GeForce RTX 5090, 0, 0
2026/07/14 22:40:18.365, 3, NVIDIA GeForce RTX 5090, 0, 0
2026/07/14 22:40:18.374, 4, NVIDIA GeForce RTX 5090, 0, 0
2026/07/14 22:40:20.508, 0, NVIDIA GeForce RTX 5090, 3083, 99
2026/07/14 22:40:20.513, 1, NVIDIA GeForce RTX 5090, 0, 0
2026/07/14 22:40:20.522, 2, NVIDIA GeForce RTX 5090, 0, 0
2026/07/14 22:40:20.529, 3, NVIDIA GeForce RTX 5090, 0, 0
2026/07/14 22:40:20.537, 4, NVIDIA GeForce RTX 5090, 0, 0
2026/07/14 22:40:22.681, 0, NVIDIA GeForce RTX 5090, 3083, 99
2026/07/14 22:40:22.688, 1, NVIDIA GeForce RTX 5090, 0, 0
2026/07/14 22:40:22.696, 2, NVIDIA GeForce RTX 5090, 0, 0
2026/07/14 22:40:22.704, 3, NVIDIA GeForce RTX 5090, 0, 0
2026/07/14 22:40:22.711, 4, NVIDIA GeForce RTX 5090, 0, 0
2026/07/14 22:40:24.847, 0, NVIDIA GeForce RTX 5090, 3083, 41
2026/07/14 22:40:24.852, 1, NVIDIA GeForce RTX 5090, 0, 0
2026/07/14 22:40:24.861, 2, NVIDIA GeForce RTX 5090, 0, 0
2026/07/14 22:40:24.869, 3, NVIDIA GeForce RTX 5090, 0, 0
2026/07/14 22:40:24.877, 4, NVIDIA GeForce RTX 5090, 0, 0
2026/07/14 22:40:27.012, 0, NVIDIA GeForce RTX 5090, 3083, 99
2026/07/14 22:40:27.016, 1, NVIDIA GeForce RTX 5090, 0, 0
2026/07/14 22:40:27.024, 2, NVIDIA GeForce RTX 5090, 0, 0
2026/07/14 22:40:27.031, 3, NVIDIA GeForce RTX 5090, 0, 0
2026/07/14 22:40:27.039, 4, NVIDIA GeForce RTX 5090, 0, 0
2026/07/14 22:40:29.185, 0, NVIDIA GeForce RTX 5090, 3083, 99
2026/07/14 22:40:29.192, 1, NVIDIA GeForce RTX 5090, 0, 0
2026/07/14 22:40:29.199, 2, NVIDIA GeForce RTX 5090, 0, 0
2026/07/14 22:40:29.207, 3, NVIDIA GeForce RTX 5090, 0, 0
2026/07/14 22:40:29.214, 4, NVIDIA GeForce RTX 5090, 0, 0
2026/07/14 22:40:31.352, 0, NVIDIA GeForce RTX 5090, 3083, 99
2026/07/14 22:40:31.357, 1, NVIDIA GeForce RTX 5090, 0, 0
2026/07/14 22:40:31.365, 2, NVIDIA GeForce RTX 5090, 0, 0
2026/07/14 22:40:31.372, 3, NVIDIA GeForce RTX 5090, 0, 0
2026/07/14 22:40:31.381, 4, NVIDIA GeForce RTX 5090, 0, 0
2026/07/14 22:40:33.517, 0, NVIDIA GeForce RTX 5090, 3083, 99
2026/07/14 22:40:33.521, 1, NVIDIA GeForce RTX 5090, 0, 0
2026/07/14 22:40:33.530, 2, NVIDIA GeForce RTX 5090, 0, 0
2026/07/14 22:40:33.537, 3, NVIDIA GeForce RTX 5090, 0, 0
2026/07/14 22:40:33.545, 4, NVIDIA GeForce RTX 5090, 0, 0
2026/07/14 22:40:35.686, 0, NVIDIA GeForce RTX 5090, 3083, 99
2026/07/14 22:40:35.691, 1, NVIDIA GeForce RTX 5090, 0, 0
2026/07/14 22:40:35.699, 2, NVIDIA GeForce RTX 5090, 0, 0
2026/07/14 22:40:35.707, 3, NVIDIA GeForce RTX 5090, 0, 0
2026/07/14 22:40:35.714, 4, NVIDIA GeForce RTX 5090, 0, 0
2026/07/14 22:40:37.851, 0, NVIDIA GeForce RTX 5090, 3083, 98
2026/07/14 22:40:37.857, 1, NVIDIA GeForce RTX 5090, 0, 0
2026/07/14 22:40:37.865, 2, NVIDIA GeForce RTX 5090, 0, 0
2026/07/14 22:40:37.873, 3, NVIDIA GeForce RTX 5090, 0, 0
2026/07/14 22:40:37.881, 4, NVIDIA GeForce RTX 5090, 0, 0
2026/07/14 22:40:40.017, 0, NVIDIA GeForce RTX 5090, 3083, 99
2026/07/14 22:40:40.022, 1, NVIDIA GeForce RTX 5090, 0, 0
2026/07/14 22:40:40.030, 2, NVIDIA GeForce RTX 5090, 0, 0
2026/07/14 22:40:40.038, 3, NVIDIA GeForce RTX 5090, 0, 0
2026/07/14 22:40:40.045, 4, NVIDIA GeForce RTX 5090, 0, 0
2026/07/14 22:40:42.203, 0, NVIDIA GeForce RTX 5090, 3083, 99
2026/07/14 22:40:42.209, 1, NVIDIA GeForce RTX 5090, 0, 0
2026/07/14 22:40:42.217, 2, NVIDIA GeForce RTX 5090, 0, 0
2026/07/14 22:40:42.224, 3, NVIDIA GeForce RTX 5090, 0, 0
2026/07/14 22:40:42.231, 4, NVIDIA GeForce RTX 5090, 0, 0
2026/07/14 22:40:44.369, 0, NVIDIA GeForce RTX 5090, 3083, 99
2026/07/14 22:40:44.375, 1, NVIDIA GeForce RTX 5090, 0, 0
2026/07/14 22:40:44.383, 2, NVIDIA GeForce RTX 5090, 0, 0
2026/07/14 22:40:44.391, 3, NVIDIA GeForce RTX 5090, 0, 0
2026/07/14 22:40:44.399, 4, NVIDIA GeForce RTX 5090, 0, 0
2026/07/14 22:40:46.539, 0, NVIDIA GeForce RTX 5090, 3083, 99
2026/07/14 22:40:46.543, 1, NVIDIA GeForce RTX 5090, 0, 0
2026/07/14 22:40:46.551, 2, NVIDIA GeForce RTX 5090, 0, 0
2026/07/14 22:40:46.559, 3, NVIDIA GeForce RTX 5090, 0, 0
2026/07/14 22:40:46.573, 4, NVIDIA GeForce RTX 5090, 0, 0
2026/07/14 22:40:48.712, 0, NVIDIA GeForce RTX 5090, 3083, 99
2026/07/14 22:40:48.717, 1, NVIDIA GeForce RTX 5090, 0, 0
2026/07/14 22:40:48.726, 2, NVIDIA GeForce RTX 5090, 0, 0
2026/07/14 22:40:48.733, 3, NVIDIA GeForce RTX 5090, 0, 0
2026/07/14 22:40:48.741, 4, NVIDIA GeForce RTX 5090, 0, 0
2026/07/14 22:40:50.875, 0, NVIDIA GeForce RTX 5090, 3083, 99
2026/07/14 22:40:50.881, 1, NVIDIA GeForce RTX 5090, 0, 0
2026/07/14 22:40:50.892, 2, NVIDIA GeForce RTX 5090, 0, 0
2026/07/14 22:40:50.899, 3, NVIDIA GeForce RTX 5090, 0, 0
2026/07/14 22:40:50.907, 4, NVIDIA GeForce RTX 5090, 0, 0
2026/07/14 22:40:53.063, 0, NVIDIA GeForce RTX 5090, 3083, 99
2026/07/14 22:40:53.068, 1, NVIDIA GeForce RTX 5090, 0, 0
2026/07/14 22:40:53.080, 2, NVIDIA GeForce RTX 5090, 0, 0
2026/07/14 22:40:53.087, 3, NVIDIA GeForce RTX 5090, 0, 0
2026/07/14 22:40:53.095, 4, NVIDIA GeForce RTX 5090, 0, 0
2026/07/14 22:40:55.233, 0, NVIDIA GeForce RTX 5090, 3083, 99
2026/07/14 22:40:55.238, 1, NVIDIA GeForce RTX 5090, 0, 0
2026/07/14 22:40:55.246, 2, NVIDIA GeForce RTX 5090, 0, 0
2026/07/14 22:40:55.254, 3, NVIDIA GeForce RTX 5090, 0, 0
2026/07/14 22:40:55.261, 4, NVIDIA GeForce RTX 5090, 0, 0
2026/07/14 22:40:57.399, 0, NVIDIA GeForce RTX 5090, 3083, 99
2026/07/14 22:40:57.405, 1, NVIDIA GeForce RTX 5090, 0, 0
2026/07/14 22:40:57.413, 2, NVIDIA GeForce RTX 5090, 0, 0
2026/07/14 22:40:57.420, 3, NVIDIA GeForce RTX 5090, 0, 0
2026/07/14 22:40:57.428, 4, NVIDIA GeForce RTX 5090, 0, 0
2026/07/14 22:40:59.565, 0, NVIDIA GeForce RTX 5090, 3083, 98
2026/07/14 22:40:59.571, 1, NVIDIA GeForce RTX 5090, 0, 0
2026/07/14 22:40:59.579, 2, NVIDIA GeForce RTX 5090, 0, 0
2026/07/14 22:40:59.586, 3, NVIDIA GeForce RTX 5090, 0, 0
2026/07/14 22:40:59.594, 4, NVIDIA GeForce RTX 5090, 0, 0
2026/07/14 22:41:01.771, 0, NVIDIA GeForce RTX 5090, 3083, 99
2026/07/14 22:41:01.779, 1, NVIDIA GeForce RTX 5090, 0, 0
2026/07/14 22:41:01.788, 2, NVIDIA GeForce RTX 5090, 0, 0
2026/07/14 22:41:01.795, 3, NVIDIA GeForce RTX 5090, 0, 0
2026/07/14 22:41:01.802, 4, NVIDIA GeForce RTX 5090, 0, 0
2026/07/14 22:41:03.935, 0, NVIDIA GeForce RTX 5090, 3083, 99
2026/07/14 22:41:03.937, 1, NVIDIA GeForce RTX 5090, 0, 0
2026/07/14 22:41:03.945, 2, NVIDIA GeForce RTX 5090, 0, 0
2026/07/14 22:41:03.954, 3, NVIDIA GeForce RTX 5090, 0, 0
2026/07/14 22:41:03.961, 4, NVIDIA GeForce RTX 5090, 0, 0
2026/07/14 22:41:06.121, 0, NVIDIA GeForce RTX 5090, 3083, 99
2026/07/14 22:41:06.124, 1, NVIDIA GeForce RTX 5090, 0, 0
2026/07/14 22:41:06.133, 2, NVIDIA GeForce RTX 5090, 0, 0
2026/07/14 22:41:06.142, 3, NVIDIA GeForce RTX 5090, 0, 0
2026/07/14 22:41:06.149, 4, NVIDIA GeForce RTX 5090, 0, 0
2026/07/14 22:41:08.289, 0, NVIDIA GeForce RTX 5090, 3083, 99
2026/07/14 22:41:08.294, 1, NVIDIA GeForce RTX 5090, 0, 0
2026/07/14 22:41:08.302, 2, NVIDIA GeForce RTX 5090, 0, 0
2026/07/14 22:41:08.310, 3, NVIDIA GeForce RTX 5090, 0, 0
2026/07/14 22:41:08.317, 4, NVIDIA GeForce RTX 5090, 0, 0
2026/07/14 22:41:10.453, 0, NVIDIA GeForce RTX 5090, 3083, 45
2026/07/14 22:41:10.459, 1, NVIDIA GeForce RTX 5090, 0, 0
2026/07/14 22:41:10.467, 2, NVIDIA GeForce RTX 5090, 0, 0
2026/07/14 22:41:10.474, 3, NVIDIA GeForce RTX 5090, 0, 0
2026/07/14 22:41:10.482, 4, NVIDIA GeForce RTX 5090, 0, 0
2026/07/14 22:41:12.622, 0, NVIDIA GeForce RTX 5090, 3083, 99
2026/07/14 22:41:12.627, 1, NVIDIA GeForce RTX 5090, 0, 0
2026/07/14 22:41:12.635, 2, NVIDIA GeForce RTX 5090, 0, 0
2026/07/14 22:41:12.643, 3, NVIDIA GeForce RTX 5090, 0, 0
2026/07/14 22:41:12.650, 4, NVIDIA GeForce RTX 5090, 0, 0
2026/07/14 22:41:14.789, 0, NVIDIA GeForce RTX 5090, 3083, 99
2026/07/14 22:41:14.792, 1, NVIDIA GeForce RTX 5090, 0, 0
2026/07/14 22:41:14.801, 2, NVIDIA GeForce RTX 5090, 0, 0
2026/07/14 22:41:14.808, 3, NVIDIA GeForce RTX 5090, 0, 0
2026/07/14 22:41:14.816, 4, NVIDIA GeForce RTX 5090, 0, 0
2026/07/14 22:41:16.955, 0, NVIDIA GeForce RTX 5090, 3083, 99
2026/07/14 22:41:16.961, 1, NVIDIA GeForce RTX 5090, 0, 0
2026/07/14 22:41:16.969, 2, NVIDIA GeForce RTX 5090, 0, 0
2026/07/14 22:41:16.977, 3, NVIDIA GeForce RTX 5090, 0, 0
2026/07/14 22:41:16.984, 4, NVIDIA GeForce RTX 5090, 0, 0
2026/07/14 22:41:19.122, 0, NVIDIA GeForce RTX 5090, 3083, 99
2026/07/14 22:41:19.128, 1, NVIDIA GeForce RTX 5090, 0, 0
2026/07/14 22:41:19.138, 2, NVIDIA GeForce RTX 5090, 0, 0
2026/07/14 22:41:19.145, 3, NVIDIA GeForce RTX 5090, 0, 0
2026/07/14 22:41:19.152, 4, NVIDIA GeForce RTX 5090, 0, 0
2026/07/14 22:41:21.291, 0, NVIDIA GeForce RTX 5090, 3083, 99
2026/07/14 22:41:21.297, 1, NVIDIA GeForce RTX 5090, 0, 0
2026/07/14 22:41:21.305, 2, NVIDIA GeForce RTX 5090, 0, 0
2026/07/14 22:41:21.313, 3, NVIDIA GeForce RTX 5090, 0, 0
2026/07/14 22:41:21.321, 4, NVIDIA GeForce RTX 5090, 0, 0
2026/07/14 22:41:23.476, 0, NVIDIA GeForce RTX 5090, 3083, 99
2026/07/14 22:41:23.482, 1, NVIDIA GeForce RTX 5090, 0, 0
2026/07/14 22:41:23.490, 2, NVIDIA GeForce RTX 5090, 0, 0
2026/07/14 22:41:23.497, 3, NVIDIA GeForce RTX 5090, 0, 0
2026/07/14 22:41:23.505, 4, NVIDIA GeForce RTX 5090, 0, 0
2026/07/14 22:41:25.643, 0, NVIDIA GeForce RTX 5090, 3083, 98
2026/07/14 22:41:25.645, 1, NVIDIA GeForce RTX 5090, 0, 0
2026/07/14 22:41:25.653, 2, NVIDIA GeForce RTX 5090, 0, 0
2026/07/14 22:41:25.662, 3, NVIDIA GeForce RTX 5090, 0, 0
2026/07/14 22:41:25.669, 4, NVIDIA GeForce RTX 5090, 0, 0
2026/07/14 22:41:27.823, 0, NVIDIA GeForce RTX 5090, 3083, 99
2026/07/14 22:41:27.827, 1, NVIDIA GeForce RTX 5090, 0, 0
2026/07/14 22:41:27.835, 2, NVIDIA GeForce RTX 5090, 0, 0
2026/07/14 22:41:27.842, 3, NVIDIA GeForce RTX 5090, 0, 0
2026/07/14 22:41:27.850, 4, NVIDIA GeForce RTX 5090, 0, 0
2026/07/14 22:41:29.984, 0, NVIDIA GeForce RTX 5090, 3083, 99
2026/07/14 22:41:29.989, 1, NVIDIA GeForce RTX 5090, 0, 0
2026/07/14 22:41:29.997, 2, NVIDIA GeForce RTX 5090, 0, 0
2026/07/14 22:41:30.008, 3, NVIDIA GeForce RTX 5090, 0, 0
2026/07/14 22:41:30.015, 4, NVIDIA GeForce RTX 5090, 0, 0
2026/07/14 22:41:32.171, 0, NVIDIA GeForce RTX 5090, 3083, 99
2026/07/14 22:41:32.176, 1, NVIDIA GeForce RTX 5090, 0, 0
2026/07/14 22:41:32.184, 2, NVIDIA GeForce RTX 5090, 0, 0
2026/07/14 22:41:32.191, 3, NVIDIA GeForce RTX 5090, 0, 0
2026/07/14 22:41:32.199, 4, NVIDIA GeForce RTX 5090, 0, 0
2026/07/14 22:41:34.335, 0, NVIDIA GeForce RTX 5090, 3083, 99
2026/07/14 22:41:34.341, 1, NVIDIA GeForce RTX 5090, 0, 0
2026/07/14 22:41:34.349, 2, NVIDIA GeForce RTX 5090, 0, 0
2026/07/14 22:41:34.357, 3, NVIDIA GeForce RTX 5090, 0, 0
2026/07/14 22:41:34.364, 4, NVIDIA GeForce RTX 5090, 0, 0
2026/07/14 22:41:36.500, 0, NVIDIA GeForce RTX 5090, 3083, 99
2026/07/14 22:41:36.507, 1, NVIDIA GeForce RTX 5090, 0, 0
2026/07/14 22:41:36.514, 2, NVIDIA GeForce RTX 5090, 0, 0
2026/07/14 22:41:36.524, 3, NVIDIA GeForce RTX 5090, 0, 0
2026/07/14 22:41:36.531, 4, NVIDIA GeForce RTX 5090, 0, 0
2026/07/14 22:41:38.674, 0, NVIDIA GeForce RTX 5090, 3083, 46
2026/07/14 22:41:38.682, 1, NVIDIA GeForce RTX 5090, 0, 0
2026/07/14 22:41:38.690, 2, NVIDIA GeForce RTX 5090, 0, 0
2026/07/14 22:41:38.697, 3, NVIDIA GeForce RTX 5090, 0, 0
2026/07/14 22:41:38.705, 4, NVIDIA GeForce RTX 5090, 0, 0
2026/07/14 22:41:40.842, 0, NVIDIA GeForce RTX 5090, 3083, 99
2026/07/14 22:41:40.849, 1, NVIDIA GeForce RTX 5090, 0, 0
2026/07/14 22:41:40.856, 2, NVIDIA GeForce RTX 5090, 0, 0
2026/07/14 22:41:40.863, 3, NVIDIA GeForce RTX 5090, 0, 0
2026/07/14 22:41:40.871, 4, NVIDIA GeForce RTX 5090, 0, 0
2026/07/14 22:41:43.008, 0, NVIDIA GeForce RTX 5090, 3083, 99
2026/07/14 22:41:43.013, 1, NVIDIA GeForce RTX 5090, 0, 0
2026/07/14 22:41:43.021, 2, NVIDIA GeForce RTX 5090, 0, 0
2026/07/14 22:41:43.031, 3, NVIDIA GeForce RTX 5090, 0, 0
2026/07/14 22:41:43.039, 4, NVIDIA GeForce RTX 5090, 0, 0
2026/07/14 22:41:45.179, 0, NVIDIA GeForce RTX 5090, 3083, 98
2026/07/14 22:41:45.184, 1, NVIDIA GeForce RTX 5090, 0, 0
2026/07/14 22:41:45.192, 2, NVIDIA GeForce RTX 5090, 0, 0
2026/07/14 22:41:45.200, 3, NVIDIA GeForce RTX 5090, 0, 0
2026/07/14 22:41:45.208, 4, NVIDIA GeForce RTX 5090, 0, 0
2026/07/14 22:41:47.364, 0, NVIDIA GeForce RTX 5090, 3083, 99
2026/07/14 22:41:47.366, 1, NVIDIA GeForce RTX 5090, 0, 0
2026/07/14 22:41:47.374, 2, NVIDIA GeForce RTX 5090, 0, 0
2026/07/14 22:41:47.382, 3, NVIDIA GeForce RTX 5090, 0, 0
2026/07/14 22:41:47.389, 4, NVIDIA GeForce RTX 5090, 0, 0
2026/07/14 22:41:49.525, 0, NVIDIA GeForce RTX 5090, 3083, 99
2026/07/14 22:41:49.531, 1, NVIDIA GeForce RTX 5090, 0, 0
2026/07/14 22:41:49.539, 2, NVIDIA GeForce RTX 5090, 0, 0
2026/07/14 22:41:49.546, 3, NVIDIA GeForce RTX 5090, 0, 0
2026/07/14 22:41:49.554, 4, NVIDIA GeForce RTX 5090, 0, 0
2026/07/14 22:41:51.687, 0, NVIDIA GeForce RTX 5090, 3083, 99
2026/07/14 22:41:51.693, 1, NVIDIA GeForce RTX 5090, 0, 0
2026/07/14 22:41:51.703, 2, NVIDIA GeForce RTX 5090, 0, 0
2026/07/14 22:41:51.710, 3, NVIDIA GeForce RTX 5090, 0, 0
2026/07/14 22:41:51.718, 4, NVIDIA GeForce RTX 5090, 0, 0
2026/07/14 22:41:53.875, 0, NVIDIA GeForce RTX 5090, 3083, 98
2026/07/14 22:41:53.881, 1, NVIDIA GeForce RTX 5090, 0, 0
2026/07/14 22:41:53.889, 2, NVIDIA GeForce RTX 5090, 0, 0
2026/07/14 22:41:53.897, 3, NVIDIA GeForce RTX 5090, 0, 0
2026/07/14 22:41:53.904, 4, NVIDIA GeForce RTX 5090, 0, 0
2026/07/14 22:41:56.081, 0, NVIDIA GeForce RTX 5090, 3083, 99
2026/07/14 22:41:56.086, 1, NVIDIA GeForce RTX 5090, 0, 0
2026/07/14 22:41:56.094, 2, NVIDIA GeForce RTX 5090, 0, 0
2026/07/14 22:41:56.102, 3, NVIDIA GeForce RTX 5090, 0, 0
2026/07/14 22:41:56.109, 4, NVIDIA GeForce RTX 5090, 0, 0
2026/07/14 22:41:58.254, 0, NVIDIA GeForce RTX 5090, 3083, 98
2026/07/14 22:41:58.259, 1, NVIDIA GeForce RTX 5090, 0, 0
2026/07/14 22:41:58.268, 2, NVIDIA GeForce RTX 5090, 0, 0
2026/07/14 22:41:58.275, 3, NVIDIA GeForce RTX 5090, 0, 0
2026/07/14 22:41:58.283, 4, NVIDIA GeForce RTX 5090, 0, 0
2026/07/14 22:42:00.458, 0, NVIDIA GeForce RTX 5090, 3083, 99
2026/07/14 22:42:00.462, 1, NVIDIA GeForce RTX 5090, 0, 0
2026/07/14 22:42:00.470, 2, NVIDIA GeForce RTX 5090, 0, 0
2026/07/14 22:42:00.479, 3, NVIDIA GeForce RTX 5090, 0, 0
2026/07/14 22:42:00.487, 4, NVIDIA GeForce RTX 5090, 0, 0
2026/07/14 22:42:02.646, 0, NVIDIA GeForce RTX 5090, 3083, 99
2026/07/14 22:42:02.654, 1, NVIDIA GeForce RTX 5090, 0, 0
2026/07/14 22:42:02.664, 2, NVIDIA GeForce RTX 5090, 0, 0
2026/07/14 22:42:02.671, 3, NVIDIA GeForce RTX 5090, 0, 0
2026/07/14 22:42:02.679, 4, NVIDIA GeForce RTX 5090, 0, 0
2026/07/14 22:42:04.818, 0, NVIDIA GeForce RTX 5090, 3083, 99
2026/07/14 22:42:04.823, 1, NVIDIA GeForce RTX 5090, 0, 0
2026/07/14 22:42:04.831, 2, NVIDIA GeForce RTX 5090, 0, 0
2026/07/14 22:42:04.840, 3, NVIDIA GeForce RTX 5090, 0, 0
2026/07/14 22:42:04.848, 4, NVIDIA GeForce RTX 5090, 0, 0
2026/07/14 22:42:06.987, 0, NVIDIA GeForce RTX 5090, 3083, 49
2026/07/14 22:42:06.992, 1, NVIDIA GeForce RTX 5090, 0, 0
2026/07/14 22:42:07.000, 2, NVIDIA GeForce RTX 5090, 0, 0
2026/07/14 22:42:07.007, 3, NVIDIA GeForce RTX 5090, 0, 0
2026/07/14 22:42:07.015, 4, NVIDIA GeForce RTX 5090, 0, 0
2026/07/14 22:42:09.157, 0, NVIDIA GeForce RTX 5090, 3083, 99
2026/07/14 22:42:09.160, 1, NVIDIA GeForce RTX 5090, 0, 0
2026/07/14 22:42:09.168, 2, NVIDIA GeForce RTX 5090, 0, 0
2026/07/14 22:42:09.176, 3, NVIDIA GeForce RTX 5090, 0, 0
2026/07/14 22:42:09.183, 4, NVIDIA GeForce RTX 5090, 0, 0
2026/07/14 22:42:11.318, 0, NVIDIA GeForce RTX 5090, 3083, 98
2026/07/14 22:42:11.325, 1, NVIDIA GeForce RTX 5090, 0, 0
2026/07/14 22:42:11.333, 2, NVIDIA GeForce RTX 5090, 0, 0
2026/07/14 22:42:11.341, 3, NVIDIA GeForce RTX 5090, 0, 0
2026/07/14 22:42:11.351, 4, NVIDIA GeForce RTX 5090, 0, 0
2026/07/14 22:42:13.507, 0, NVIDIA GeForce RTX 5090, 3083, 98
2026/07/14 22:42:13.513, 1, NVIDIA GeForce RTX 5090, 0, 0
2026/07/14 22:42:13.520, 2, NVIDIA GeForce RTX 5090, 0, 0
2026/07/14 22:42:13.527, 3, NVIDIA GeForce RTX 5090, 0, 0
2026/07/14 22:42:13.535, 4, NVIDIA GeForce RTX 5090, 0, 0
2026/07/14 22:42:15.672, 0, NVIDIA GeForce RTX 5090, 3083, 99
2026/07/14 22:42:15.675, 1, NVIDIA GeForce RTX 5090, 0, 0
2026/07/14 22:42:15.683, 2, NVIDIA GeForce RTX 5090, 0, 0
2026/07/14 22:42:15.691, 3, NVIDIA GeForce RTX 5090, 0, 0
2026/07/14 22:42:15.699, 4, NVIDIA GeForce RTX 5090, 0, 0
2026/07/14 22:42:17.835, 0, NVIDIA GeForce RTX 5090, 3083, 98
2026/07/14 22:42:17.841, 1, NVIDIA GeForce RTX 5090, 0, 0
2026/07/14 22:42:17.849, 2, NVIDIA GeForce RTX 5090, 0, 0
2026/07/14 22:42:17.856, 3, NVIDIA GeForce RTX 5090, 0, 0
2026/07/14 22:42:17.864, 4, NVIDIA GeForce RTX 5090, 0, 0
2026/07/14 22:42:20.004, 0, NVIDIA GeForce RTX 5090, 3083, 99
2026/07/14 22:42:20.008, 1, NVIDIA GeForce RTX 5090, 0, 0
2026/07/14 22:42:20.017, 2, NVIDIA GeForce RTX 5090, 0, 0
2026/07/14 22:42:20.025, 3, NVIDIA GeForce RTX 5090, 0, 0
2026/07/14 22:42:20.032, 4, NVIDIA GeForce RTX 5090, 0, 0
2026/07/14 22:42:22.173, 0, NVIDIA GeForce RTX 5090, 3083, 21
2026/07/14 22:42:22.179, 1, NVIDIA GeForce RTX 5090, 0, 0
2026/07/14 22:42:22.187, 2, NVIDIA GeForce RTX 5090, 0, 0
2026/07/14 22:42:22.194, 3, NVIDIA GeForce RTX 5090, 0, 0
2026/07/14 22:42:22.203, 4, NVIDIA GeForce RTX 5090, 0, 0
2026/07/14 22:42:24.342, 0, NVIDIA GeForce RTX 5090, 3083, 99
2026/07/14 22:42:24.349, 1, NVIDIA GeForce RTX 5090, 0, 0
2026/07/14 22:42:24.357, 2, NVIDIA GeForce RTX 5090, 0, 0
2026/07/14 22:42:24.364, 3, NVIDIA GeForce RTX 5090, 0, 0
2026/07/14 22:42:24.372, 4, NVIDIA GeForce RTX 5090, 0, 0
2026/07/14 22:42:26.510, 0, NVIDIA GeForce RTX 5090, 3083, 99
2026/07/14 22:42:26.515, 1, NVIDIA GeForce RTX 5090, 0, 0
2026/07/14 22:42:26.523, 2, NVIDIA GeForce RTX 5090, 0, 0
2026/07/14 22:42:26.530, 3, NVIDIA GeForce RTX 5090, 0, 0
2026/07/14 22:42:26.538, 4, NVIDIA GeForce RTX 5090, 0, 0
2026/07/14 22:42:28.678, 0, NVIDIA GeForce RTX 5090, 3083, 99
2026/07/14 22:42:28.684, 1, NVIDIA GeForce RTX 5090, 0, 0
2026/07/14 22:42:28.694, 2, NVIDIA GeForce RTX 5090, 0, 0
2026/07/14 22:42:28.701, 3, NVIDIA GeForce RTX 5090, 0, 0
2026/07/14 22:42:28.709, 4, NVIDIA GeForce RTX 5090, 0, 0
2026/07/14 22:42:30.847, 0, NVIDIA GeForce RTX 5090, 3083, 98
2026/07/14 22:42:30.852, 1, NVIDIA GeForce RTX 5090, 0, 0
2026/07/14 22:42:30.864, 2, NVIDIA GeForce RTX 5090, 0, 0
2026/07/14 22:42:30.874, 3, NVIDIA GeForce RTX 5090, 0, 0
2026/07/14 22:42:30.881, 4, NVIDIA GeForce RTX 5090, 0, 0
2026/07/14 22:42:33.056, 0, NVIDIA GeForce RTX 5090, 3083, 98
2026/07/14 22:42:33.060, 1, NVIDIA GeForce RTX 5090, 0, 0
2026/07/14 22:42:33.068, 2, NVIDIA GeForce RTX 5090, 0, 0
2026/07/14 22:42:33.076, 3, NVIDIA GeForce RTX 5090, 0, 0
2026/07/14 22:42:33.083, 4, NVIDIA GeForce RTX 5090, 0, 0
2026/07/14 22:42:35.220, 0, NVIDIA GeForce RTX 5090, 3083, 99
2026/07/14 22:42:35.225, 1, NVIDIA GeForce RTX 5090, 0, 0
2026/07/14 22:42:35.233, 2, NVIDIA GeForce RTX 5090, 0, 0
2026/07/14 22:42:35.240, 3, NVIDIA GeForce RTX 5090, 0, 0
2026/07/14 22:42:35.248, 4, NVIDIA GeForce RTX 5090, 0, 0
2026/07/14 22:42:37.385, 0, NVIDIA GeForce RTX 5090, 3083, 99
2026/07/14 22:42:37.390, 1, NVIDIA GeForce RTX 5090, 0, 0
2026/07/14 22:42:37.398, 2, NVIDIA GeForce RTX 5090, 0, 0
2026/07/14 22:42:37.407, 3, NVIDIA GeForce RTX 5090, 0, 0
2026/07/14 22:42:37.414, 4, NVIDIA GeForce RTX 5090, 0, 0
2026/07/14 22:42:39.548, 0, NVIDIA GeForce RTX 5090, 3083, 99
2026/07/14 22:42:39.553, 1, NVIDIA GeForce RTX 5090, 0, 0
2026/07/14 22:42:39.561, 2, NVIDIA GeForce RTX 5090, 0, 0
2026/07/14 22:42:39.575, 3, NVIDIA GeForce RTX 5090, 0, 0
2026/07/14 22:42:39.582, 4, NVIDIA GeForce RTX 5090, 0, 0
2026/07/14 22:42:41.718, 0, NVIDIA GeForce RTX 5090, 3083, 99
2026/07/14 22:42:41.723, 1, NVIDIA GeForce RTX 5090, 0, 0
2026/07/14 22:42:41.731, 2, NVIDIA GeForce RTX 5090, 0, 0
2026/07/14 22:42:41.738, 3, NVIDIA GeForce RTX 5090, 0, 0
2026/07/14 22:42:41.746, 4, NVIDIA GeForce RTX 5090, 0, 0
2026/07/14 22:42:43.898, 0, NVIDIA GeForce RTX 5090, 3083, 99
2026/07/14 22:42:43.903, 1, NVIDIA GeForce RTX 5090, 0, 0
2026/07/14 22:42:43.912, 2, NVIDIA GeForce RTX 5090, 0, 0
2026/07/14 22:42:43.919, 3, NVIDIA GeForce RTX 5090, 0, 0
2026/07/14 22:42:43.926, 4, NVIDIA GeForce RTX 5090, 0, 0
2026/07/14 22:42:46.065, 0, NVIDIA GeForce RTX 5090, 3083, 98
2026/07/14 22:42:46.071, 1, NVIDIA GeForce RTX 5090, 0, 0
2026/07/14 22:42:46.079, 2, NVIDIA GeForce RTX 5090, 0, 0
2026/07/14 22:42:46.086, 3, NVIDIA GeForce RTX 5090, 0, 0
2026/07/14 22:42:46.094, 4, NVIDIA GeForce RTX 5090, 0, 0
2026/07/14 22:42:48.271, 0, NVIDIA GeForce RTX 5090, 3083, 99
2026/07/14 22:42:48.277, 1, NVIDIA GeForce RTX 5090, 0, 0
2026/07/14 22:42:48.285, 2, NVIDIA GeForce RTX 5090, 0, 0
2026/07/14 22:42:48.293, 3, NVIDIA GeForce RTX 5090, 0, 0
2026/07/14 22:42:48.300, 4, NVIDIA GeForce RTX 5090, 0, 0
2026/07/14 22:42:50.455, 0, NVIDIA GeForce RTX 5090, 3083, 14
2026/07/14 22:42:50.460, 1, NVIDIA GeForce RTX 5090, 0, 0
2026/07/14 22:42:50.471, 2, NVIDIA GeForce RTX 5090, 0, 0
2026/07/14 22:42:50.479, 3, NVIDIA GeForce RTX 5090, 0, 0
2026/07/14 22:42:50.486, 4, NVIDIA GeForce RTX 5090, 0, 0
2026/07/14 22:42:52.620, 0, NVIDIA GeForce RTX 5090, 3083, 99
2026/07/14 22:42:52.627, 1, NVIDIA GeForce RTX 5090, 0, 0
2026/07/14 22:42:52.635, 2, NVIDIA GeForce RTX 5090, 0, 0
2026/07/14 22:42:52.642, 3, NVIDIA GeForce RTX 5090, 0, 0
2026/07/14 22:42:52.649, 4, NVIDIA GeForce RTX 5090, 0, 0
2026/07/14 22:42:54.798, 0, NVIDIA GeForce RTX 5090, 3083, 99
2026/07/14 22:42:54.804, 1, NVIDIA GeForce RTX 5090, 0, 0
2026/07/14 22:42:54.812, 2, NVIDIA GeForce RTX 5090, 0, 0
2026/07/14 22:42:54.820, 3, NVIDIA GeForce RTX 5090, 0, 0
2026/07/14 22:42:54.827, 4, NVIDIA GeForce RTX 5090, 0, 0
2026/07/14 22:42:56.959, 0, NVIDIA GeForce RTX 5090, 3083, 99
2026/07/14 22:42:56.965, 1, NVIDIA GeForce RTX 5090, 0, 0
2026/07/14 22:42:56.972, 2, NVIDIA GeForce RTX 5090, 0, 0
2026/07/14 22:42:56.980, 3, NVIDIA GeForce RTX 5090, 0, 0
2026/07/14 22:42:56.989, 4, NVIDIA GeForce RTX 5090, 0, 0
2026/07/14 22:42:59.127, 0, NVIDIA GeForce RTX 5090, 3083, 99
2026/07/14 22:42:59.133, 1, NVIDIA GeForce RTX 5090, 0, 0
2026/07/14 22:42:59.141, 2, NVIDIA GeForce RTX 5090, 0, 0
2026/07/14 22:42:59.149, 3, NVIDIA GeForce RTX 5090, 0, 0
2026/07/14 22:42:59.157, 4, NVIDIA GeForce RTX 5090, 0, 0
2026/07/14 22:43:01.323, 0, NVIDIA GeForce RTX 5090, 3083, 99
2026/07/14 22:43:01.328, 1, NVIDIA GeForce RTX 5090, 0, 0
2026/07/14 22:43:01.336, 2, NVIDIA GeForce RTX 5090, 0, 0
2026/07/14 22:43:01.343, 3, NVIDIA GeForce RTX 5090, 0, 0
2026/07/14 22:43:01.351, 4, NVIDIA GeForce RTX 5090, 0, 0
2026/07/14 22:43:03.487, 0, NVIDIA GeForce RTX 5090, 3083, 99
2026/07/14 22:43:03.493, 1, NVIDIA GeForce RTX 5090, 0, 0
2026/07/14 22:43:03.502, 2, NVIDIA GeForce RTX 5090, 0, 0
2026/07/14 22:43:03.510, 3, NVIDIA GeForce RTX 5090, 0, 0
2026/07/14 22:43:03.517, 4, NVIDIA GeForce RTX 5090, 0, 0
2026/07/14 22:43:05.694, 0, NVIDIA GeForce RTX 5090, 3083, 98
2026/07/14 22:43:05.699, 1, NVIDIA GeForce RTX 5090, 0, 0
2026/07/14 22:43:05.707, 2, NVIDIA GeForce RTX 5090, 0, 0
2026/07/14 22:43:05.715, 3, NVIDIA GeForce RTX 5090, 0, 0
2026/07/14 22:43:05.722, 4, NVIDIA GeForce RTX 5090, 0, 0
2026/07/14 22:43:07.873, 0, NVIDIA GeForce RTX 5090, 3083, 99
2026/07/14 22:43:07.880, 1, NVIDIA GeForce RTX 5090, 0, 0
2026/07/14 22:43:07.888, 2, NVIDIA GeForce RTX 5090, 0, 0
2026/07/14 22:43:07.895, 3, NVIDIA GeForce RTX 5090, 0, 0
2026/07/14 22:43:07.903, 4, NVIDIA GeForce RTX 5090, 0, 0
2026/07/14 22:43:10.060, 0, NVIDIA GeForce RTX 5090, 3083, 99
2026/07/14 22:43:10.066, 1, NVIDIA GeForce RTX 5090, 0, 0
2026/07/14 22:43:10.074, 2, NVIDIA GeForce RTX 5090, 0, 0
2026/07/14 22:43:10.082, 3, NVIDIA GeForce RTX 5090, 0, 0
2026/07/14 22:43:10.089, 4, NVIDIA GeForce RTX 5090, 0, 0
2026/07/14 22:43:12.227, 0, NVIDIA GeForce RTX 5090, 3083, 99
2026/07/14 22:43:12.233, 1, NVIDIA GeForce RTX 5090, 0, 0
2026/07/14 22:43:12.241, 2, NVIDIA GeForce RTX 5090, 0, 0
2026/07/14 22:43:12.249, 3, NVIDIA GeForce RTX 5090, 0, 0
2026/07/14 22:43:12.256, 4, NVIDIA GeForce RTX 5090, 0, 0
2026/07/14 22:43:14.387, 0, NVIDIA GeForce RTX 5090, 3083, 99
2026/07/14 22:43:14.392, 1, NVIDIA GeForce RTX 5090, 0, 0
2026/07/14 22:43:14.399, 2, NVIDIA GeForce RTX 5090, 0, 0
2026/07/14 22:43:14.407, 3, NVIDIA GeForce RTX 5090, 0, 0
2026/07/14 22:43:14.414, 4, NVIDIA GeForce RTX 5090, 0, 0
2026/07/14 22:43:16.548, 0, NVIDIA GeForce RTX 5090, 3083, 99
2026/07/14 22:43:16.555, 1, NVIDIA GeForce RTX 5090, 0, 0
2026/07/14 22:43:16.562, 2, NVIDIA GeForce RTX 5090, 0, 0
2026/07/14 22:43:16.569, 3, NVIDIA GeForce RTX 5090, 0, 0
2026/07/14 22:43:16.577, 4, NVIDIA GeForce RTX 5090, 0, 0
2026/07/14 22:43:18.714, 0, NVIDIA GeForce RTX 5090, 3083, 98
2026/07/14 22:43:18.718, 1, NVIDIA GeForce RTX 5090, 0, 0
2026/07/14 22:43:18.726, 2, NVIDIA GeForce RTX 5090, 0, 0
2026/07/14 22:43:18.734, 3, NVIDIA GeForce RTX 5090, 0, 0
2026/07/14 22:43:18.741, 4, NVIDIA GeForce RTX 5090, 0, 0
2026/07/14 22:43:20.875, 0, NVIDIA GeForce RTX 5090, 3083, 99
2026/07/14 22:43:20.880, 1, NVIDIA GeForce RTX 5090, 0, 0
2026/07/14 22:43:20.891, 2, NVIDIA GeForce RTX 5090, 0, 0
2026/07/14 22:43:20.899, 3, NVIDIA GeForce RTX 5090, 0, 0
2026/07/14 22:43:20.906, 4, NVIDIA GeForce RTX 5090, 0, 0
2026/07/14 22:43:23.039, 0, NVIDIA GeForce RTX 5090, 3083, 99
2026/07/14 22:43:23.046, 1, NVIDIA GeForce RTX 5090, 0, 0
2026/07/14 22:43:23.054, 2, NVIDIA GeForce RTX 5090, 0, 0
2026/07/14 22:43:23.062, 3, NVIDIA GeForce RTX 5090, 0, 0
2026/07/14 22:43:23.069, 4, NVIDIA GeForce RTX 5090, 0, 0
2026/07/14 22:43:25.213, 0, NVIDIA GeForce RTX 5090, 3083, 99
2026/07/14 22:43:25.218, 1, NVIDIA GeForce RTX 5090, 0, 0
2026/07/14 22:43:25.227, 2, NVIDIA GeForce RTX 5090, 0, 0
2026/07/14 22:43:25.234, 3, NVIDIA GeForce RTX 5090, 0, 0
2026/07/14 22:43:25.242, 4, NVIDIA GeForce RTX 5090, 0, 0
2026/07/14 22:43:27.377, 0, NVIDIA GeForce RTX 5090, 3083, 99
2026/07/14 22:43:27.384, 1, NVIDIA GeForce RTX 5090, 0, 0
2026/07/14 22:43:27.391, 2, NVIDIA GeForce RTX 5090, 0, 0
2026/07/14 22:43:27.398, 3, NVIDIA GeForce RTX 5090, 0, 0
2026/07/14 22:43:27.406, 4, NVIDIA GeForce RTX 5090, 0, 0
2026/07/14 22:43:29.540, 0, NVIDIA GeForce RTX 5090, 3083, 99
2026/07/14 22:43:29.544, 1, NVIDIA GeForce RTX 5090, 0, 0
2026/07/14 22:43:29.553, 2, NVIDIA GeForce RTX 5090, 0, 0
2026/07/14 22:43:29.560, 3, NVIDIA GeForce RTX 5090, 0, 0
2026/07/14 22:43:29.568, 4, NVIDIA GeForce RTX 5090, 0, 0
2026/07/14 22:43:31.707, 0, NVIDIA GeForce RTX 5090, 3083, 99
2026/07/14 22:43:31.710, 1, NVIDIA GeForce RTX 5090, 0, 0
2026/07/14 22:43:31.720, 2, NVIDIA GeForce RTX 5090, 0, 0
2026/07/14 22:43:31.727, 3, NVIDIA GeForce RTX 5090, 0, 0
2026/07/14 22:43:31.735, 4, NVIDIA GeForce RTX 5090, 0, 0
2026/07/14 22:43:33.869, 0, NVIDIA GeForce RTX 5090, 3083, 34
2026/07/14 22:43:33.873, 1, NVIDIA GeForce RTX 5090, 0, 0
2026/07/14 22:43:33.881, 2, NVIDIA GeForce RTX 5090, 0, 0
2026/07/14 22:43:33.889, 3, NVIDIA GeForce RTX 5090, 0, 0
2026/07/14 22:43:33.896, 4, NVIDIA GeForce RTX 5090, 0, 0
2026/07/14 22:43:36.050, 0, NVIDIA GeForce RTX 5090, 3083, 99
2026/07/14 22:43:36.053, 1, NVIDIA GeForce RTX 5090, 0, 0
2026/07/14 22:43:36.061, 2, NVIDIA GeForce RTX 5090, 0, 0
2026/07/14 22:43:36.069, 3, NVIDIA GeForce RTX 5090, 0, 0
2026/07/14 22:43:36.076, 4, NVIDIA GeForce RTX 5090, 0, 0
2026/07/14 22:43:38.209, 0, NVIDIA GeForce RTX 5090, 3083, 99
2026/07/14 22:43:38.215, 1, NVIDIA GeForce RTX 5090, 0, 0
2026/07/14 22:43:38.223, 2, NVIDIA GeForce RTX 5090, 0, 0
2026/07/14 22:43:38.231, 3, NVIDIA GeForce RTX 5090, 0, 0
2026/07/14 22:43:38.239, 4, NVIDIA GeForce RTX 5090, 0, 0
2026/07/14 22:43:40.371, 0, NVIDIA GeForce RTX 5090, 3083, 99
2026/07/14 22:43:40.378, 1, NVIDIA GeForce RTX 5090, 0, 0
2026/07/14 22:43:40.387, 2, NVIDIA GeForce RTX 5090, 0, 0
2026/07/14 22:43:40.394, 3, NVIDIA GeForce RTX 5090, 0, 0
2026/07/14 22:43:40.401, 4, NVIDIA GeForce RTX 5090, 0, 0
2026/07/14 22:43:42.536, 0, NVIDIA GeForce RTX 5090, 3083, 99
2026/07/14 22:43:42.542, 1, NVIDIA GeForce RTX 5090, 0, 0
2026/07/14 22:43:42.550, 2, NVIDIA GeForce RTX 5090, 0, 0
2026/07/14 22:43:42.558, 3, NVIDIA GeForce RTX 5090, 0, 0
2026/07/14 22:43:42.565, 4, NVIDIA GeForce RTX 5090, 0, 0
2026/07/14 22:43:44.729, 0, NVIDIA GeForce RTX 5090, 3083, 98
2026/07/14 22:43:44.735, 1, NVIDIA GeForce RTX 5090, 0, 0
2026/07/14 22:43:44.743, 2, NVIDIA GeForce RTX 5090, 0, 0
2026/07/14 22:43:44.751, 3, NVIDIA GeForce RTX 5090, 0, 0
2026/07/14 22:43:44.759, 4, NVIDIA GeForce RTX 5090, 0, 0
2026/07/14 22:43:46.900, 0, NVIDIA GeForce RTX 5090, 3083, 99
2026/07/14 22:43:46.906, 1, NVIDIA GeForce RTX 5090, 0, 0
2026/07/14 22:43:46.914, 2, NVIDIA GeForce RTX 5090, 0, 0
2026/07/14 22:43:46.922, 3, NVIDIA GeForce RTX 5090, 0, 0
2026/07/14 22:43:46.929, 4, NVIDIA GeForce RTX 5090, 0, 0
2026/07/14 22:43:49.065, 0, NVIDIA GeForce RTX 5090, 3083, 99
2026/07/14 22:43:49.069, 1, NVIDIA GeForce RTX 5090, 0, 0
2026/07/14 22:43:49.077, 2, NVIDIA GeForce RTX 5090, 0, 0
2026/07/14 22:43:49.085, 3, NVIDIA GeForce RTX 5090, 0, 0
2026/07/14 22:43:49.092, 4, NVIDIA GeForce RTX 5090, 0, 0
2026/07/14 22:43:51.247, 0, NVIDIA GeForce RTX 5090, 3083, 99
2026/07/14 22:43:51.253, 1, NVIDIA GeForce RTX 5090, 0, 0
2026/07/14 22:43:51.261, 2, NVIDIA GeForce RTX 5090, 0, 0
2026/07/14 22:43:51.269, 3, NVIDIA GeForce RTX 5090, 0, 0
2026/07/14 22:43:51.278, 4, NVIDIA GeForce RTX 5090, 0, 0
2026/07/14 22:43:53.430, 0, NVIDIA GeForce RTX 5090, 3083, 99
2026/07/14 22:43:53.436, 1, NVIDIA GeForce RTX 5090, 0, 0
2026/07/14 22:43:53.445, 2, NVIDIA GeForce RTX 5090, 0, 0
2026/07/14 22:43:53.452, 3, NVIDIA GeForce RTX 5090, 0, 0
2026/07/14 22:43:53.461, 4, NVIDIA GeForce RTX 5090, 0, 0
2026/07/14 22:43:55.593, 0, NVIDIA GeForce RTX 5090, 3083, 98
2026/07/14 22:43:55.599, 1, NVIDIA GeForce RTX 5090, 0, 0
2026/07/14 22:43:55.607, 2, NVIDIA GeForce RTX 5090, 0, 0
2026/07/14 22:43:55.614, 3, NVIDIA GeForce RTX 5090, 0, 0
2026/07/14 22:43:55.622, 4, NVIDIA GeForce RTX 5090, 0, 0
2026/07/14 22:43:57.759, 0, NVIDIA GeForce RTX 5090, 3083, 99
2026/07/14 22:43:57.764, 1, NVIDIA GeForce RTX 5090, 0, 0
2026/07/14 22:43:57.773, 2, NVIDIA GeForce RTX 5090, 0, 0
2026/07/14 22:43:57.780, 3, NVIDIA GeForce RTX 5090, 0, 0
2026/07/14 22:43:57.788, 4, NVIDIA GeForce RTX 5090, 0, 0
2026/07/14 22:43:59.920, 0, NVIDIA GeForce RTX 5090, 3083, 99
2026/07/14 22:43:59.925, 1, NVIDIA GeForce RTX 5090, 0, 0
2026/07/14 22:43:59.932, 2, NVIDIA GeForce RTX 5090, 0, 0
2026/07/14 22:43:59.940, 3, NVIDIA GeForce RTX 5090, 0, 0
2026/07/14 22:43:59.947, 4, NVIDIA GeForce RTX 5090, 0, 0
2026/07/14 22:44:02.104, 0, NVIDIA GeForce RTX 5090, 3083, 99
2026/07/14 22:44:02.108, 1, NVIDIA GeForce RTX 5090, 0, 0
2026/07/14 22:44:02.116, 2, NVIDIA GeForce RTX 5090, 0, 0
2026/07/14 22:44:02.124, 3, NVIDIA GeForce RTX 5090, 0, 0
2026/07/14 22:44:02.132, 4, NVIDIA GeForce RTX 5090, 0, 0
2026/07/14 22:44:04.272, 0, NVIDIA GeForce RTX 5090, 3083, 98
2026/07/14 22:44:04.278, 1, NVIDIA GeForce RTX 5090, 0, 0
2026/07/14 22:44:04.287, 2, NVIDIA GeForce RTX 5090, 0, 0
2026/07/14 22:44:04.295, 3, NVIDIA GeForce RTX 5090, 0, 0
2026/07/14 22:44:04.302, 4, NVIDIA GeForce RTX 5090, 0, 0
2026/07/14 22:44:06.466, 0, NVIDIA GeForce RTX 5090, 3083, 99
2026/07/14 22:44:06.471, 1, NVIDIA GeForce RTX 5090, 0, 0
2026/07/14 22:44:06.479, 2, NVIDIA GeForce RTX 5090, 0, 0
2026/07/14 22:44:06.487, 3, NVIDIA GeForce RTX 5090, 0, 0
2026/07/14 22:44:06.495, 4, NVIDIA GeForce RTX 5090, 0, 0
2026/07/14 22:44:08.629, 0, NVIDIA GeForce RTX 5090, 3083, 99
2026/07/14 22:44:08.637, 1, NVIDIA GeForce RTX 5090, 0, 0
2026/07/14 22:44:08.645, 2, NVIDIA GeForce RTX 5090, 0, 0
2026/07/14 22:44:08.653, 3, NVIDIA GeForce RTX 5090, 0, 0
2026/07/14 22:44:08.660, 4, NVIDIA GeForce RTX 5090, 0, 0
2026/07/14 22:44:10.796, 0, NVIDIA GeForce RTX 5090, 3083, 99
2026/07/14 22:44:10.800, 1, NVIDIA GeForce RTX 5090, 0, 0
2026/07/14 22:44:10.809, 2, NVIDIA GeForce RTX 5090, 0, 0
2026/07/14 22:44:10.816, 3, NVIDIA GeForce RTX 5090, 0, 0
2026/07/14 22:44:10.824, 4, NVIDIA GeForce RTX 5090, 0, 0
2026/07/14 22:44:12.955, 0, NVIDIA GeForce RTX 5090, 3083, 99
2026/07/14 22:44:12.961, 1, NVIDIA GeForce RTX 5090, 0, 0
2026/07/14 22:44:12.972, 2, NVIDIA GeForce RTX 5090, 0, 0
2026/07/14 22:44:12.980, 3, NVIDIA GeForce RTX 5090, 0, 0
2026/07/14 22:44:12.987, 4, NVIDIA GeForce RTX 5090, 0, 0
2026/07/14 22:44:15.135, 0, NVIDIA GeForce RTX 5090, 3083, 98
2026/07/14 22:44:15.141, 1, NVIDIA GeForce RTX 5090, 0, 0
2026/07/14 22:44:15.148, 2, NVIDIA GeForce RTX 5090, 0, 0
2026/07/14 22:44:15.156, 3, NVIDIA GeForce RTX 5090, 0, 0
2026/07/14 22:44:15.163, 4, NVIDIA GeForce RTX 5090, 0, 0
2026/07/14 22:44:17.317, 0, NVIDIA GeForce RTX 5090, 3083, 99
2026/07/14 22:44:17.324, 1, NVIDIA GeForce RTX 5090, 0, 0
2026/07/14 22:44:17.331, 2, NVIDIA GeForce RTX 5090, 0, 0
2026/07/14 22:44:17.339, 3, NVIDIA GeForce RTX 5090, 0, 0
2026/07/14 22:44:17.346, 4, NVIDIA GeForce RTX 5090, 0, 0
2026/07/14 22:44:19.481, 0, NVIDIA GeForce RTX 5090, 3083, 19
2026/07/14 22:44:19.486, 1, NVIDIA GeForce RTX 5090, 0, 0
2026/07/14 22:44:19.494, 2, NVIDIA GeForce RTX 5090, 0, 0
2026/07/14 22:44:19.501, 3, NVIDIA GeForce RTX 5090, 0, 0
2026/07/14 22:44:19.509, 4, NVIDIA GeForce RTX 5090, 0, 0
2026/07/14 22:44:21.644, 0, NVIDIA GeForce RTX 5090, 3083, 99
2026/07/14 22:44:21.649, 1, NVIDIA GeForce RTX 5090, 0, 0
2026/07/14 22:44:21.657, 2, NVIDIA GeForce RTX 5090, 0, 0
2026/07/14 22:44:21.665, 3, NVIDIA GeForce RTX 5090, 0, 0
2026/07/14 22:44:21.673, 4, NVIDIA GeForce RTX 5090, 0, 0
2026/07/14 22:44:23.809, 0, NVIDIA GeForce RTX 5090, 3083, 99
2026/07/14 22:44:23.814, 1, NVIDIA GeForce RTX 5090, 0, 0
2026/07/14 22:44:23.822, 2, NVIDIA GeForce RTX 5090, 0, 0
2026/07/14 22:44:23.830, 3, NVIDIA GeForce RTX 5090, 0, 0
2026/07/14 22:44:23.837, 4, NVIDIA GeForce RTX 5090, 0, 0
2026/07/14 22:44:25.972, 0, NVIDIA GeForce RTX 5090, 3083, 99
2026/07/14 22:44:25.977, 1, NVIDIA GeForce RTX 5090, 0, 0
2026/07/14 22:44:25.985, 2, NVIDIA GeForce RTX 5090, 0, 0
2026/07/14 22:44:25.993, 3, NVIDIA GeForce RTX 5090, 0, 0
2026/07/14 22:44:26.001, 4, NVIDIA GeForce RTX 5090, 0, 0
2026/07/14 22:44:28.155, 0, NVIDIA GeForce RTX 5090, 3083, 98
2026/07/14 22:44:28.160, 1, NVIDIA GeForce RTX 5090, 0, 0
2026/07/14 22:44:28.168, 2, NVIDIA GeForce RTX 5090, 0, 0
2026/07/14 22:44:28.178, 3, NVIDIA GeForce RTX 5090, 0, 0
2026/07/14 22:44:28.185, 4, NVIDIA GeForce RTX 5090, 0, 0
2026/07/14 22:44:30.325, 0, NVIDIA GeForce RTX 5090, 3083, 99
2026/07/14 22:44:30.336, 1, NVIDIA GeForce RTX 5090, 0, 0
2026/07/14 22:44:30.343, 2, NVIDIA GeForce RTX 5090, 0, 0
2026/07/14 22:44:30.351, 3, NVIDIA GeForce RTX 5090, 0, 0
2026/07/14 22:44:30.358, 4, NVIDIA GeForce RTX 5090, 0, 0
2026/07/14 22:44:32.497, 0, NVIDIA GeForce RTX 5090, 3083, 97
2026/07/14 22:44:32.501, 1, NVIDIA GeForce RTX 5090, 0, 0
2026/07/14 22:44:32.509, 2, NVIDIA GeForce RTX 5090, 0, 0
2026/07/14 22:44:32.516, 3, NVIDIA GeForce RTX 5090, 0, 0
2026/07/14 22:44:32.524, 4, NVIDIA GeForce RTX 5090, 0, 0
2026/07/14 22:44:34.658, 0, NVIDIA GeForce RTX 5090, 3083, 99
2026/07/14 22:44:34.663, 1, NVIDIA GeForce RTX 5090, 0, 0
2026/07/14 22:44:34.671, 2, NVIDIA GeForce RTX 5090, 0, 0
2026/07/14 22:44:34.679, 3, NVIDIA GeForce RTX 5090, 0, 0
2026/07/14 22:44:34.686, 4, NVIDIA GeForce RTX 5090, 0, 0
2026/07/14 22:44:36.840, 0, NVIDIA GeForce RTX 5090, 3083, 99
2026/07/14 22:44:36.846, 1, NVIDIA GeForce RTX 5090, 0, 0
2026/07/14 22:44:36.854, 2, NVIDIA GeForce RTX 5090, 0, 0
2026/07/14 22:44:36.861, 3, NVIDIA GeForce RTX 5090, 0, 0
2026/07/14 22:44:36.869, 4, NVIDIA GeForce RTX 5090, 0, 0
2026/07/14 22:44:39.007, 0, NVIDIA GeForce RTX 5090, 3083, 99
2026/07/14 22:44:39.013, 1, NVIDIA GeForce RTX 5090, 0, 0
2026/07/14 22:44:39.021, 2, NVIDIA GeForce RTX 5090, 0, 0
2026/07/14 22:44:39.030, 3, NVIDIA GeForce RTX 5090, 0, 0
2026/07/14 22:44:39.037, 4, NVIDIA GeForce RTX 5090, 0, 0
2026/07/14 22:44:41.190, 0, NVIDIA GeForce RTX 5090, 3083, 99
2026/07/14 22:44:41.194, 1, NVIDIA GeForce RTX 5090, 0, 0
2026/07/14 22:44:41.203, 2, NVIDIA GeForce RTX 5090, 0, 0
2026/07/14 22:44:41.211, 3, NVIDIA GeForce RTX 5090, 0, 0
2026/07/14 22:44:41.218, 4, NVIDIA GeForce RTX 5090, 0, 0
2026/07/14 22:44:43.351, 0, NVIDIA GeForce RTX 5090, 3083, 99
2026/07/14 22:44:43.353, 1, NVIDIA GeForce RTX 5090, 0, 0
2026/07/14 22:44:43.361, 2, NVIDIA GeForce RTX 5090, 0, 0
2026/07/14 22:44:43.368, 3, NVIDIA GeForce RTX 5090, 0, 0
2026/07/14 22:44:43.376, 4, NVIDIA GeForce RTX 5090, 0, 0
2026/07/14 22:44:45.515, 0, NVIDIA GeForce RTX 5090, 3083, 99
2026/07/14 22:44:45.520, 1, NVIDIA GeForce RTX 5090, 0, 0
2026/07/14 22:44:45.528, 2, NVIDIA GeForce RTX 5090, 0, 0
2026/07/14 22:44:45.536, 3, NVIDIA GeForce RTX 5090, 0, 0
2026/07/14 22:44:45.544, 4, NVIDIA GeForce RTX 5090, 0, 0
2026/07/14 22:44:47.682, 0, NVIDIA GeForce RTX 5090, 3083, 98
2026/07/14 22:44:47.687, 1, NVIDIA GeForce RTX 5090, 0, 0
2026/07/14 22:44:47.695, 2, NVIDIA GeForce RTX 5090, 0, 0
2026/07/14 22:44:47.702, 3, NVIDIA GeForce RTX 5090, 0, 0
2026/07/14 22:44:47.710, 4, NVIDIA GeForce RTX 5090, 0, 0
2026/07/14 22:44:49.849, 0, NVIDIA GeForce RTX 5090, 3083, 99
2026/07/14 22:44:49.856, 1, NVIDIA GeForce RTX 5090, 0, 0
2026/07/14 22:44:49.864, 2, NVIDIA GeForce RTX 5090, 0, 0
2026/07/14 22:44:49.871, 3, NVIDIA GeForce RTX 5090, 0, 0
2026/07/14 22:44:49.879, 4, NVIDIA GeForce RTX 5090, 0, 0
2026/07/14 22:44:52.020, 0, NVIDIA GeForce RTX 5090, 3083, 99
2026/07/14 22:44:52.025, 1, NVIDIA GeForce RTX 5090, 0, 0
2026/07/14 22:44:52.034, 2, NVIDIA GeForce RTX 5090, 0, 0
2026/07/14 22:44:52.042, 3, NVIDIA GeForce RTX 5090, 0, 0
2026/07/14 22:44:52.049, 4, NVIDIA GeForce RTX 5090, 0, 0
2026/07/14 22:44:54.185, 0, NVIDIA GeForce RTX 5090, 3083, 99
2026/07/14 22:44:54.189, 1, NVIDIA GeForce RTX 5090, 0, 0
2026/07/14 22:44:54.197, 2, NVIDIA GeForce RTX 5090, 0, 0
2026/07/14 22:44:54.206, 3, NVIDIA GeForce RTX 5090, 0, 0
2026/07/14 22:44:54.215, 4, NVIDIA GeForce RTX 5090, 0, 0
2026/07/14 22:44:56.350, 0, NVIDIA GeForce RTX 5090, 3083, 99
2026/07/14 22:44:56.354, 1, NVIDIA GeForce RTX 5090, 0, 0
2026/07/14 22:44:56.362, 2, NVIDIA GeForce RTX 5090, 0, 0
2026/07/14 22:44:56.370, 3, NVIDIA GeForce RTX 5090, 0, 0
2026/07/14 22:44:56.377, 4, NVIDIA GeForce RTX 5090, 0, 0
2026/07/14 22:44:58.530, 0, NVIDIA GeForce RTX 5090, 3083, 99
2026/07/14 22:44:58.535, 1, NVIDIA GeForce RTX 5090, 0, 0
2026/07/14 22:44:58.543, 2, NVIDIA GeForce RTX 5090, 0, 0
2026/07/14 22:44:58.551, 3, NVIDIA GeForce RTX 5090, 0, 0
2026/07/14 22:44:58.558, 4, NVIDIA GeForce RTX 5090, 0, 0
2026/07/14 22:45:00.693, 0, NVIDIA GeForce RTX 5090, 3083, 99
2026/07/14 22:45:00.699, 1, NVIDIA GeForce RTX 5090, 0, 0
2026/07/14 22:45:00.707, 2, NVIDIA GeForce RTX 5090, 0, 0
2026/07/14 22:45:00.715, 3, NVIDIA GeForce RTX 5090, 0, 0
2026/07/14 22:45:00.722, 4, NVIDIA GeForce RTX 5090, 0, 0
2026/07/14 22:45:02.861, 0, NVIDIA GeForce RTX 5090, 3083, 98
2026/07/14 22:45:02.868, 1, NVIDIA GeForce RTX 5090, 0, 0
2026/07/14 22:45:02.876, 2, NVIDIA GeForce RTX 5090, 0, 0
2026/07/14 22:45:02.883, 3, NVIDIA GeForce RTX 5090, 0, 0
2026/07/14 22:45:02.891, 4, NVIDIA GeForce RTX 5090, 0, 0
2026/07/14 22:45:05.029, 0, NVIDIA GeForce RTX 5090, 3083, 99
2026/07/14 22:45:05.036, 1, NVIDIA GeForce RTX 5090, 0, 0
2026/07/14 22:45:05.043, 2, NVIDIA GeForce RTX 5090, 0, 0
2026/07/14 22:45:05.051, 3, NVIDIA GeForce RTX 5090, 0, 0
2026/07/14 22:45:05.058, 4, NVIDIA GeForce RTX 5090, 0, 0
2026/07/14 22:45:07.235, 0, NVIDIA GeForce RTX 5090, 3083, 99
2026/07/14 22:45:07.241, 1, NVIDIA GeForce RTX 5090, 0, 0
2026/07/14 22:45:07.249, 2, NVIDIA GeForce RTX 5090, 0, 0
2026/07/14 22:45:07.256, 3, NVIDIA GeForce RTX 5090, 0, 0
2026/07/14 22:45:07.270, 4, NVIDIA GeForce RTX 5090, 0, 0
2026/07/14 22:45:09.450, 0, NVIDIA GeForce RTX 5090, 3083, 99
2026/07/14 22:45:09.466, 1, NVIDIA GeForce RTX 5090, 0, 0
2026/07/14 22:45:09.474, 2, NVIDIA GeForce RTX 5090, 0, 0
2026/07/14 22:45:09.490, 3, NVIDIA GeForce RTX 5090, 0, 0
2026/07/14 22:45:09.499, 4, NVIDIA GeForce RTX 5090, 0, 0
2026/07/14 22:45:11.645, 0, NVIDIA GeForce RTX 5090, 3083, 99
2026/07/14 22:45:11.650, 1, NVIDIA GeForce RTX 5090, 0, 0
2026/07/14 22:45:11.658, 2, NVIDIA GeForce RTX 5090, 0, 0
2026/07/14 22:45:11.666, 3, NVIDIA GeForce RTX 5090, 0, 0
2026/07/14 22:45:11.673, 4, NVIDIA GeForce RTX 5090, 0, 0
2026/07/14 22:45:13.812, 0, NVIDIA GeForce RTX 5090, 3083, 99
2026/07/14 22:45:13.818, 1, NVIDIA GeForce RTX 5090, 0, 0
2026/07/14 22:45:13.826, 2, NVIDIA GeForce RTX 5090, 0, 0
2026/07/14 22:45:13.834, 3, NVIDIA GeForce RTX 5090, 0, 0
2026/07/14 22:45:13.841, 4, NVIDIA GeForce RTX 5090, 0, 0
2026/07/14 22:45:15.985, 0, NVIDIA GeForce RTX 5090, 3083, 99
2026/07/14 22:45:15.988, 1, NVIDIA GeForce RTX 5090, 0, 0
2026/07/14 22:45:15.996, 2, NVIDIA GeForce RTX 5090, 0, 0
2026/07/14 22:45:16.003, 3, NVIDIA GeForce RTX 5090, 0, 0
2026/07/14 22:45:16.010, 4, NVIDIA GeForce RTX 5090, 0, 0
2026/07/14 22:45:18.156, 0, NVIDIA GeForce RTX 5090, 3083, 47
2026/07/14 22:45:18.162, 1, NVIDIA GeForce RTX 5090, 0, 0
2026/07/14 22:45:18.169, 2, NVIDIA GeForce RTX 5090, 0, 0
2026/07/14 22:45:18.177, 3, NVIDIA GeForce RTX 5090, 0, 0
2026/07/14 22:45:18.184, 4, NVIDIA GeForce RTX 5090, 0, 0
2026/07/14 22:45:20.342, 0, NVIDIA GeForce RTX 5090, 3083, 13
2026/07/14 22:45:20.347, 1, NVIDIA GeForce RTX 5090, 0, 0
2026/07/14 22:45:20.355, 2, NVIDIA GeForce RTX 5090, 0, 0
2026/07/14 22:45:20.363, 3, NVIDIA GeForce RTX 5090, 0, 0
2026/07/14 22:45:20.370, 4, NVIDIA GeForce RTX 5090, 0, 0
2026/07/14 22:45:22.500, 0, NVIDIA GeForce RTX 5090, 3083, 99
2026/07/14 22:45:22.504, 1, NVIDIA GeForce RTX 5090, 0, 0
2026/07/14 22:45:22.512, 2, NVIDIA GeForce RTX 5090, 0, 0
2026/07/14 22:45:22.519, 3, NVIDIA GeForce RTX 5090, 0, 0
2026/07/14 22:45:22.527, 4, NVIDIA GeForce RTX 5090, 0, 0
2026/07/14 22:45:24.664, 0, NVIDIA GeForce RTX 5090, 3083, 99
2026/07/14 22:45:24.669, 1, NVIDIA GeForce RTX 5090, 0, 0
2026/07/14 22:45:24.678, 2, NVIDIA GeForce RTX 5090, 0, 0
2026/07/14 22:45:24.685, 3, NVIDIA GeForce RTX 5090, 0, 0
2026/07/14 22:45:24.693, 4, NVIDIA GeForce RTX 5090, 0, 0
2026/07/14 22:45:26.848, 0, NVIDIA GeForce RTX 5090, 3083, 99
2026/07/14 22:45:26.854, 1, NVIDIA GeForce RTX 5090, 0, 0
2026/07/14 22:45:26.862, 2, NVIDIA GeForce RTX 5090, 0, 0
2026/07/14 22:45:26.872, 3, NVIDIA GeForce RTX 5090, 0, 0
2026/07/14 22:45:26.881, 4, NVIDIA GeForce RTX 5090, 0, 0
2026/07/14 22:45:29.054, 0, NVIDIA GeForce RTX 5090, 3083, 99
2026/07/14 22:45:29.060, 1, NVIDIA GeForce RTX 5090, 0, 0
2026/07/14 22:45:29.068, 2, NVIDIA GeForce RTX 5090, 0, 0
2026/07/14 22:45:29.075, 3, NVIDIA GeForce RTX 5090, 0, 0
2026/07/14 22:45:29.083, 4, NVIDIA GeForce RTX 5090, 0, 0
2026/07/14 22:45:31.220, 0, NVIDIA GeForce RTX 5090, 3083, 99
2026/07/14 22:45:31.225, 1, NVIDIA GeForce RTX 5090, 0, 0
2026/07/14 22:45:31.235, 2, NVIDIA GeForce RTX 5090, 0, 0
2026/07/14 22:45:31.242, 3, NVIDIA GeForce RTX 5090, 0, 0
2026/07/14 22:45:31.250, 4, NVIDIA GeForce RTX 5090, 0, 0
2026/07/14 22:45:33.390, 0, NVIDIA GeForce RTX 5090, 3083, 99
2026/07/14 22:45:33.396, 1, NVIDIA GeForce RTX 5090, 0, 0
2026/07/14 22:45:33.403, 2, NVIDIA GeForce RTX 5090, 0, 0
2026/07/14 22:45:33.413, 3, NVIDIA GeForce RTX 5090, 0, 0
2026/07/14 22:45:33.422, 4, NVIDIA GeForce RTX 5090, 0, 0
2026/07/14 22:45:35.562, 0, NVIDIA GeForce RTX 5090, 3083, 99
2026/07/14 22:45:35.568, 1, NVIDIA GeForce RTX 5090, 0, 0
2026/07/14 22:45:35.576, 2, NVIDIA GeForce RTX 5090, 0, 0
2026/07/14 22:45:35.583, 3, NVIDIA GeForce RTX 5090, 0, 0
2026/07/14 22:45:35.591, 4, NVIDIA GeForce RTX 5090, 0, 0
2026/07/14 22:45:37.727, 0, NVIDIA GeForce RTX 5090, 3083, 99
2026/07/14 22:45:37.733, 1, NVIDIA GeForce RTX 5090, 0, 0
2026/07/14 22:45:37.741, 2, NVIDIA GeForce RTX 5090, 0, 0
2026/07/14 22:45:37.749, 3, NVIDIA GeForce RTX 5090, 0, 0
2026/07/14 22:45:37.756, 4, NVIDIA GeForce RTX 5090, 0, 0
2026/07/14 22:45:39.898, 0, NVIDIA GeForce RTX 5090, 3083, 99
2026/07/14 22:45:39.902, 1, NVIDIA GeForce RTX 5090, 0, 0
2026/07/14 22:45:39.911, 2, NVIDIA GeForce RTX 5090, 0, 0
2026/07/14 22:45:39.918, 3, NVIDIA GeForce RTX 5090, 0, 0
2026/07/14 22:45:39.926, 4, NVIDIA GeForce RTX 5090, 0, 0
2026/07/14 22:45:42.077, 0, NVIDIA GeForce RTX 5090, 3083, 99
2026/07/14 22:45:42.082, 1, NVIDIA GeForce RTX 5090, 0, 0
2026/07/14 22:45:42.091, 2, NVIDIA GeForce RTX 5090, 0, 0
2026/07/14 22:45:42.098, 3, NVIDIA GeForce RTX 5090, 0, 0
2026/07/14 22:45:42.106, 4, NVIDIA GeForce RTX 5090, 0, 0
2026/07/14 22:45:44.265, 0, NVIDIA GeForce RTX 5090, 3083, 99
2026/07/14 22:45:44.269, 1, NVIDIA GeForce RTX 5090, 0, 0
2026/07/14 22:45:44.277, 2, NVIDIA GeForce RTX 5090, 0, 0
2026/07/14 22:45:44.285, 3, NVIDIA GeForce RTX 5090, 0, 0
2026/07/14 22:45:44.299, 4, NVIDIA GeForce RTX 5090, 0, 0
2026/07/14 22:45:46.451, 0, NVIDIA GeForce RTX 5090, 3083, 99
2026/07/14 22:45:46.456, 1, NVIDIA GeForce RTX 5090, 0, 0
2026/07/14 22:45:46.467, 2, NVIDIA GeForce RTX 5090, 0, 0
2026/07/14 22:45:46.476, 3, NVIDIA GeForce RTX 5090, 0, 0
2026/07/14 22:45:46.485, 4, NVIDIA GeForce RTX 5090, 0, 0
2026/07/14 22:45:48.623, 0, NVIDIA GeForce RTX 5090, 3083, 22
2026/07/14 22:45:48.629, 1, NVIDIA GeForce RTX 5090, 0, 0
2026/07/14 22:45:48.637, 2, NVIDIA GeForce RTX 5090, 0, 0
2026/07/14 22:45:48.645, 3, NVIDIA GeForce RTX 5090, 0, 0
2026/07/14 22:45:48.653, 4, NVIDIA GeForce RTX 5090, 0, 0
2026/07/14 22:45:50.790, 0, NVIDIA GeForce RTX 5090, 3083, 99
2026/07/14 22:45:50.795, 1, NVIDIA GeForce RTX 5090, 0, 0
2026/07/14 22:45:50.803, 2, NVIDIA GeForce RTX 5090, 0, 0
2026/07/14 22:45:50.810, 3, NVIDIA GeForce RTX 5090, 0, 0
2026/07/14 22:45:50.818, 4, NVIDIA GeForce RTX 5090, 0, 0
2026/07/14 22:45:52.954, 0, NVIDIA GeForce RTX 5090, 3083, 99
2026/07/14 22:45:52.959, 1, NVIDIA GeForce RTX 5090, 0, 0
2026/07/14 22:45:52.967, 2, NVIDIA GeForce RTX 5090, 0, 0
2026/07/14 22:45:52.974, 3, NVIDIA GeForce RTX 5090, 0, 0
2026/07/14 22:45:52.982, 4, NVIDIA GeForce RTX 5090, 0, 0
2026/07/14 22:45:55.117, 0, NVIDIA GeForce RTX 5090, 3083, 99
2026/07/14 22:45:55.121, 1, NVIDIA GeForce RTX 5090, 0, 0
2026/07/14 22:45:55.130, 2, NVIDIA GeForce RTX 5090, 0, 0
2026/07/14 22:45:55.138, 3, NVIDIA GeForce RTX 5090, 0, 0
2026/07/14 22:45:55.145, 4, NVIDIA GeForce RTX 5090, 0, 0
2026/07/14 22:45:57.280, 0, NVIDIA GeForce RTX 5090, 3083, 98
2026/07/14 22:45:57.286, 1, NVIDIA GeForce RTX 5090, 0, 0
2026/07/14 22:45:57.294, 2, NVIDIA GeForce RTX 5090, 0, 0
2026/07/14 22:45:57.302, 3, NVIDIA GeForce RTX 5090, 0, 0
2026/07/14 22:45:57.313, 4, NVIDIA GeForce RTX 5090, 0, 0
2026/07/14 22:45:59.455, 0, NVIDIA GeForce RTX 5090, 3083, 99
2026/07/14 22:45:59.461, 1, NVIDIA GeForce RTX 5090, 0, 0
2026/07/14 22:45:59.470, 2, NVIDIA GeForce RTX 5090, 0, 0
2026/07/14 22:45:59.478, 3, NVIDIA GeForce RTX 5090, 0, 0
2026/07/14 22:45:59.486, 4, NVIDIA GeForce RTX 5090, 0, 0
2026/07/14 22:46:01.623, 0, NVIDIA GeForce RTX 5090, 3083, 99
2026/07/14 22:46:01.628, 1, NVIDIA GeForce RTX 5090, 0, 0
2026/07/14 22:46:01.636, 2, NVIDIA GeForce RTX 5090, 0, 0
2026/07/14 22:46:01.644, 3, NVIDIA GeForce RTX 5090, 0, 0
2026/07/14 22:46:01.651, 4, NVIDIA GeForce RTX 5090, 0, 0
2026/07/14 22:46:03.809, 0, NVIDIA GeForce RTX 5090, 3083, 99
2026/07/14 22:46:03.813, 1, NVIDIA GeForce RTX 5090, 0, 0
2026/07/14 22:46:03.828, 2, NVIDIA GeForce RTX 5090, 0, 0
2026/07/14 22:46:03.835, 3, NVIDIA GeForce RTX 5090, 0, 0
2026/07/14 22:46:03.843, 4, NVIDIA GeForce RTX 5090, 0, 0
2026/07/14 22:46:05.980, 0, NVIDIA GeForce RTX 5090, 3083, 99
2026/07/14 22:46:05.985, 1, NVIDIA GeForce RTX 5090, 0, 0
2026/07/14 22:46:05.993, 2, NVIDIA GeForce RTX 5090, 0, 0
2026/07/14 22:46:06.001, 3, NVIDIA GeForce RTX 5090, 0, 0
2026/07/14 22:46:06.008, 4, NVIDIA GeForce RTX 5090, 0, 0
2026/07/14 22:46:08.146, 0, NVIDIA GeForce RTX 5090, 3083, 5
2026/07/14 22:46:08.149, 1, NVIDIA GeForce RTX 5090, 0, 0
2026/07/14 22:46:08.158, 2, NVIDIA GeForce RTX 5090, 0, 0
2026/07/14 22:46:08.165, 3, NVIDIA GeForce RTX 5090, 0, 0
2026/07/14 22:46:08.172, 4, NVIDIA GeForce RTX 5090, 0, 0
2026/07/14 22:46:10.307, 0, NVIDIA GeForce RTX 5090, 3083, 92
2026/07/14 22:46:10.309, 1, NVIDIA GeForce RTX 5090, 0, 0
2026/07/14 22:46:10.317, 2, NVIDIA GeForce RTX 5090, 0, 0
2026/07/14 22:46:10.325, 3, NVIDIA GeForce RTX 5090, 0, 0
2026/07/14 22:46:10.333, 4, NVIDIA GeForce RTX 5090, 0, 0
2026/07/14 22:46:12.521, 0, NVIDIA GeForce RTX 5090, 3083, 98
2026/07/14 22:46:12.530, 1, NVIDIA GeForce RTX 5090, 0, 0
2026/07/14 22:46:12.569, 2, NVIDIA GeForce RTX 5090, 0, 0
2026/07/14 22:46:12.600, 3, NVIDIA GeForce RTX 5090, 0, 0
2026/07/14 22:46:12.607, 4, NVIDIA GeForce RTX 5090, 0, 0
2026/07/14 22:46:14.764, 0, NVIDIA GeForce RTX 5090, 3083, 99
2026/07/14 22:46:14.768, 1, NVIDIA GeForce RTX 5090, 0, 0
2026/07/14 22:46:14.776, 2, NVIDIA GeForce RTX 5090, 0, 0
2026/07/14 22:46:14.783, 3, NVIDIA GeForce RTX 5090, 0, 0
2026/07/14 22:46:14.791, 4, NVIDIA GeForce RTX 5090, 0, 0
2026/07/14 22:46:16.931, 0, NVIDIA GeForce RTX 5090, 3083, 99
2026/07/14 22:46:16.936, 1, NVIDIA GeForce RTX 5090, 0, 0
2026/07/14 22:46:16.944, 2, NVIDIA GeForce RTX 5090, 0, 0
2026/07/14 22:46:16.951, 3, NVIDIA GeForce RTX 5090, 0, 0
2026/07/14 22:46:16.959, 4, NVIDIA GeForce RTX 5090, 0, 0
2026/07/14 22:46:19.171, 0, NVIDIA GeForce RTX 5090, 3083, 99
2026/07/14 22:46:19.177, 1, NVIDIA GeForce RTX 5090, 0, 0
2026/07/14 22:46:19.186, 2, NVIDIA GeForce RTX 5090, 0, 0
2026/07/14 22:46:19.193, 3, NVIDIA GeForce RTX 5090, 0, 0
2026/07/14 22:46:19.200, 4, NVIDIA GeForce RTX 5090, 0, 0
2026/07/14 22:46:21.338, 0, NVIDIA GeForce RTX 5090, 3083, 99
2026/07/14 22:46:21.343, 1, NVIDIA GeForce RTX 5090, 0, 0
2026/07/14 22:46:21.351, 2, NVIDIA GeForce RTX 5090, 0, 0
2026/07/14 22:46:21.360, 3, NVIDIA GeForce RTX 5090, 0, 0
2026/07/14 22:46:21.369, 4, NVIDIA GeForce RTX 5090, 0, 0
2026/07/14 22:46:23.503, 0, NVIDIA GeForce RTX 5090, 3083, 99
2026/07/14 22:46:23.507, 1, NVIDIA GeForce RTX 5090, 0, 0
2026/07/14 22:46:23.515, 2, NVIDIA GeForce RTX 5090, 0, 0
2026/07/14 22:46:23.523, 3, NVIDIA GeForce RTX 5090, 0, 0
2026/07/14 22:46:23.530, 4, NVIDIA GeForce RTX 5090, 0, 0
2026/07/14 22:46:25.665, 0, NVIDIA GeForce RTX 5090, 3083, 98
2026/07/14 22:46:25.671, 1, NVIDIA GeForce RTX 5090, 0, 0
2026/07/14 22:46:25.678, 2, NVIDIA GeForce RTX 5090, 0, 0
2026/07/14 22:46:25.686, 3, NVIDIA GeForce RTX 5090, 0, 0
2026/07/14 22:46:25.695, 4, NVIDIA GeForce RTX 5090, 0, 0
2026/07/14 22:46:27.837, 0, NVIDIA GeForce RTX 5090, 3083, 99
2026/07/14 22:46:27.842, 1, NVIDIA GeForce RTX 5090, 0, 0
2026/07/14 22:46:27.852, 2, NVIDIA GeForce RTX 5090, 0, 0
2026/07/14 22:46:27.859, 3, NVIDIA GeForce RTX 5090, 0, 0
2026/07/14 22:46:27.867, 4, NVIDIA GeForce RTX 5090, 0, 0
2026/07/14 22:46:30.022, 0, NVIDIA GeForce RTX 5090, 3083, 99
2026/07/14 22:46:30.026, 1, NVIDIA GeForce RTX 5090, 0, 0
2026/07/14 22:46:30.035, 2, NVIDIA GeForce RTX 5090, 0, 0
2026/07/14 22:46:30.043, 3, NVIDIA GeForce RTX 5090, 0, 0
2026/07/14 22:46:30.050, 4, NVIDIA GeForce RTX 5090, 0, 0
2026/07/14 22:46:32.191, 0, NVIDIA GeForce RTX 5090, 3083, 99
2026/07/14 22:46:32.194, 1, NVIDIA GeForce RTX 5090, 0, 0
2026/07/14 22:46:32.202, 2, NVIDIA GeForce RTX 5090, 0, 0
2026/07/14 22:46:32.211, 3, NVIDIA GeForce RTX 5090, 0, 0
2026/07/14 22:46:32.218, 4, NVIDIA GeForce RTX 5090, 0, 0
2026/07/14 22:46:34.358, 0, NVIDIA GeForce RTX 5090, 3083, 99
2026/07/14 22:46:34.362, 1, NVIDIA GeForce RTX 5090, 0, 0
2026/07/14 22:46:34.371, 2, NVIDIA GeForce RTX 5090, 0, 0
2026/07/14 22:46:34.379, 3, NVIDIA GeForce RTX 5090, 0, 0
2026/07/14 22:46:34.386, 4, NVIDIA GeForce RTX 5090, 0, 0
2026/07/14 22:46:36.520, 0, NVIDIA GeForce RTX 5090, 3083, 99
2026/07/14 22:46:36.525, 1, NVIDIA GeForce RTX 5090, 0, 0
2026/07/14 22:46:36.533, 2, NVIDIA GeForce RTX 5090, 0, 0
2026/07/14 22:46:36.540, 3, NVIDIA GeForce RTX 5090, 0, 0
2026/07/14 22:46:36.548, 4, NVIDIA GeForce RTX 5090, 0, 0
2026/07/14 22:46:38.684, 0, NVIDIA GeForce RTX 5090, 3083, 99
2026/07/14 22:46:38.689, 1, NVIDIA GeForce RTX 5090, 0, 0
2026/07/14 22:46:38.698, 2, NVIDIA GeForce RTX 5090, 0, 0
2026/07/14 22:46:38.705, 3, NVIDIA GeForce RTX 5090, 0, 0
2026/07/14 22:46:38.713, 4, NVIDIA GeForce RTX 5090, 0, 0
2026/07/14 22:46:40.848, 0, NVIDIA GeForce RTX 5090, 3083, 98
2026/07/14 22:46:40.854, 1, NVIDIA GeForce RTX 5090, 0, 0
2026/07/14 22:46:40.863, 2, NVIDIA GeForce RTX 5090, 0, 0
2026/07/14 22:46:40.870, 3, NVIDIA GeForce RTX 5090, 0, 0
2026/07/14 22:46:40.878, 4, NVIDIA GeForce RTX 5090, 0, 0
2026/07/14 22:46:43.013, 0, NVIDIA GeForce RTX 5090, 3083, 99
2026/07/14 22:46:43.019, 1, NVIDIA GeForce RTX 5090, 0, 0
2026/07/14 22:46:43.026, 2, NVIDIA GeForce RTX 5090, 0, 0
2026/07/14 22:46:43.034, 3, NVIDIA GeForce RTX 5090, 0, 0
2026/07/14 22:46:43.041, 4, NVIDIA GeForce RTX 5090, 0, 0
2026/07/14 22:46:45.180, 0, NVIDIA GeForce RTX 5090, 3083, 99
2026/07/14 22:46:45.185, 1, NVIDIA GeForce RTX 5090, 0, 0
2026/07/14 22:46:45.193, 2, NVIDIA GeForce RTX 5090, 0, 0
2026/07/14 22:46:45.201, 3, NVIDIA GeForce RTX 5090, 0, 0
2026/07/14 22:46:45.208, 4, NVIDIA GeForce RTX 5090, 0, 0
2026/07/14 22:46:47.366, 0, NVIDIA GeForce RTX 5090, 3083, 94
2026/07/14 22:46:47.372, 1, NVIDIA GeForce RTX 5090, 0, 0
2026/07/14 22:46:47.380, 2, NVIDIA GeForce RTX 5090, 0, 0
2026/07/14 22:46:47.388, 3, NVIDIA GeForce RTX 5090, 0, 0
2026/07/14 22:46:47.396, 4, NVIDIA GeForce RTX 5090, 0, 0
2026/07/14 22:46:49.532, 0, NVIDIA GeForce RTX 5090, 3083, 99
2026/07/14 22:46:49.537, 1, NVIDIA GeForce RTX 5090, 0, 0
2026/07/14 22:46:49.545, 2, NVIDIA GeForce RTX 5090, 0, 0
2026/07/14 22:46:49.553, 3, NVIDIA GeForce RTX 5090, 0, 0
2026/07/14 22:46:49.560, 4, NVIDIA GeForce RTX 5090, 0, 0
2026/07/14 22:46:51.696, 0, NVIDIA GeForce RTX 5090, 3083, 99
2026/07/14 22:46:51.702, 1, NVIDIA GeForce RTX 5090, 0, 0
2026/07/14 22:46:51.710, 2, NVIDIA GeForce RTX 5090, 0, 0
2026/07/14 22:46:51.718, 3, NVIDIA GeForce RTX 5090, 0, 0
2026/07/14 22:46:51.727, 4, NVIDIA GeForce RTX 5090, 0, 0
2026/07/14 22:46:53.881, 0, NVIDIA GeForce RTX 5090, 3083, 71
2026/07/14 22:46:53.887, 1, NVIDIA GeForce RTX 5090, 0, 0
2026/07/14 22:46:53.895, 2, NVIDIA GeForce RTX 5090, 0, 0
2026/07/14 22:46:53.903, 3, NVIDIA GeForce RTX 5090, 0, 0
2026/07/14 22:46:53.910, 4, NVIDIA GeForce RTX 5090, 0, 0
2026/07/14 22:46:56.052, 0, NVIDIA GeForce RTX 5090, 3083, 98
2026/07/14 22:46:56.057, 1, NVIDIA GeForce RTX 5090, 0, 0
2026/07/14 22:46:56.066, 2, NVIDIA GeForce RTX 5090, 0, 0
2026/07/14 22:46:56.074, 3, NVIDIA GeForce RTX 5090, 0, 0
2026/07/14 22:46:56.081, 4, NVIDIA GeForce RTX 5090, 0, 0
2026/07/14 22:46:58.222, 0, NVIDIA GeForce RTX 5090, 3083, 99
2026/07/14 22:46:58.226, 1, NVIDIA GeForce RTX 5090, 0, 0
2026/07/14 22:46:58.235, 2, NVIDIA GeForce RTX 5090, 0, 0
2026/07/14 22:46:58.244, 3, NVIDIA GeForce RTX 5090, 0, 0
2026/07/14 22:46:58.252, 4, NVIDIA GeForce RTX 5090, 0, 0
2026/07/14 22:47:00.401, 0, NVIDIA GeForce RTX 5090, 3083, 98
2026/07/14 22:47:00.405, 1, NVIDIA GeForce RTX 5090, 0, 0
2026/07/14 22:47:00.413, 2, NVIDIA GeForce RTX 5090, 0, 0
2026/07/14 22:47:00.420, 3, NVIDIA GeForce RTX 5090, 0, 0
2026/07/14 22:47:00.428, 4, NVIDIA GeForce RTX 5090, 0, 0
2026/07/14 22:47:02.565, 0, NVIDIA GeForce RTX 5090, 3083, 99
2026/07/14 22:47:02.567, 1, NVIDIA GeForce RTX 5090, 0, 0
2026/07/14 22:47:02.576, 2, NVIDIA GeForce RTX 5090, 0, 0
2026/07/14 22:47:02.583, 3, NVIDIA GeForce RTX 5090, 0, 0
2026/07/14 22:47:02.593, 4, NVIDIA GeForce RTX 5090, 0, 0
2026/07/14 22:47:04.748, 0, NVIDIA GeForce RTX 5090, 3083, 99
2026/07/14 22:47:04.757, 1, NVIDIA GeForce RTX 5090, 0, 0
2026/07/14 22:47:04.765, 2, NVIDIA GeForce RTX 5090, 0, 0
2026/07/14 22:47:04.777, 3, NVIDIA GeForce RTX 5090, 0, 0
2026/07/14 22:47:04.784, 4, NVIDIA GeForce RTX 5090, 0, 0
2026/07/14 22:47:06.923, 0, NVIDIA GeForce RTX 5090, 3083, 99
2026/07/14 22:47:06.927, 1, NVIDIA GeForce RTX 5090, 0, 0
2026/07/14 22:47:06.935, 2, NVIDIA GeForce RTX 5090, 0, 0
2026/07/14 22:47:06.942, 3, NVIDIA GeForce RTX 5090, 0, 0
2026/07/14 22:47:06.950, 4, NVIDIA GeForce RTX 5090, 0, 0
2026/07/14 22:47:09.089, 0, NVIDIA GeForce RTX 5090, 3083, 98
2026/07/14 22:47:09.096, 1, NVIDIA GeForce RTX 5090, 0, 0
2026/07/14 22:47:09.104, 2, NVIDIA GeForce RTX 5090, 0, 0
2026/07/14 22:47:09.112, 3, NVIDIA GeForce RTX 5090, 0, 0
2026/07/14 22:47:09.121, 4, NVIDIA GeForce RTX 5090, 0, 0
2026/07/14 22:47:11.257, 0, NVIDIA GeForce RTX 5090, 3083, 99
2026/07/14 22:47:11.262, 1, NVIDIA GeForce RTX 5090, 0, 0
2026/07/14 22:47:11.270, 2, NVIDIA GeForce RTX 5090, 0, 0
2026/07/14 22:47:11.281, 3, NVIDIA GeForce RTX 5090, 0, 0
2026/07/14 22:47:11.288, 4, NVIDIA GeForce RTX 5090, 0, 0
2026/07/14 22:47:13.423, 0, NVIDIA GeForce RTX 5090, 3083, 98
2026/07/14 22:47:13.429, 1, NVIDIA GeForce RTX 5090, 0, 0
2026/07/14 22:47:13.438, 2, NVIDIA GeForce RTX 5090, 0, 0
2026/07/14 22:47:13.445, 3, NVIDIA GeForce RTX 5090, 0, 0
2026/07/14 22:47:13.453, 4, NVIDIA GeForce RTX 5090, 0, 0
2026/07/14 22:47:15.626, 0, NVIDIA GeForce RTX 5090, 3083, 83
2026/07/14 22:47:15.633, 1, NVIDIA GeForce RTX 5090, 0, 0
2026/07/14 22:47:15.646, 2, NVIDIA GeForce RTX 5090, 0, 0
2026/07/14 22:47:15.663, 3, NVIDIA GeForce RTX 5090, 0, 0
2026/07/14 22:47:15.672, 4, NVIDIA GeForce RTX 5090, 0, 0
2026/07/14 22:47:17.841, 0, NVIDIA GeForce RTX 5090, 3083, 99
2026/07/14 22:47:17.847, 1, NVIDIA GeForce RTX 5090, 0, 0
2026/07/14 22:47:17.855, 2, NVIDIA GeForce RTX 5090, 0, 0
2026/07/14 22:47:17.862, 3, NVIDIA GeForce RTX 5090, 0, 0
2026/07/14 22:47:17.873, 4, NVIDIA GeForce RTX 5090, 0, 0
2026/07/14 22:47:20.006, 0, NVIDIA GeForce RTX 5090, 3083, 99
2026/07/14 22:47:20.012, 1, NVIDIA GeForce RTX 5090, 0, 0
2026/07/14 22:47:20.021, 2, NVIDIA GeForce RTX 5090, 0, 0
2026/07/14 22:47:20.028, 3, NVIDIA GeForce RTX 5090, 0, 0
2026/07/14 22:47:20.035, 4, NVIDIA GeForce RTX 5090, 0, 0
2026/07/14 22:47:22.169, 0, NVIDIA GeForce RTX 5090, 3083, 86
2026/07/14 22:47:22.175, 1, NVIDIA GeForce RTX 5090, 0, 0
2026/07/14 22:47:22.186, 2, NVIDIA GeForce RTX 5090, 0, 0
2026/07/14 22:47:22.193, 3, NVIDIA GeForce RTX 5090, 0, 0
2026/07/14 22:47:22.200, 4, NVIDIA GeForce RTX 5090, 0, 0
2026/07/14 22:47:24.340, 0, NVIDIA GeForce RTX 5090, 3083, 99
2026/07/14 22:47:24.343, 1, NVIDIA GeForce RTX 5090, 0, 0
2026/07/14 22:47:24.351, 2, NVIDIA GeForce RTX 5090, 0, 0
2026/07/14 22:47:24.359, 3, NVIDIA GeForce RTX 5090, 0, 0
2026/07/14 22:47:24.373, 4, NVIDIA GeForce RTX 5090, 0, 0
2026/07/14 22:47:26.554, 0, NVIDIA GeForce RTX 5090, 3083, 13
2026/07/14 22:47:26.557, 1, NVIDIA GeForce RTX 5090, 0, 0
2026/07/14 22:47:26.565, 2, NVIDIA GeForce RTX 5090, 0, 0
2026/07/14 22:47:26.573, 3, NVIDIA GeForce RTX 5090, 0, 0
2026/07/14 22:47:26.581, 4, NVIDIA GeForce RTX 5090, 0, 0
2026/07/14 22:47:28.712, 0, NVIDIA GeForce RTX 5090, 3083, 98
2026/07/14 22:47:28.717, 1, NVIDIA GeForce RTX 5090, 0, 0
2026/07/14 22:47:28.725, 2, NVIDIA GeForce RTX 5090, 0, 0
2026/07/14 22:47:28.733, 3, NVIDIA GeForce RTX 5090, 0, 0
2026/07/14 22:47:28.741, 4, NVIDIA GeForce RTX 5090, 0, 0
2026/07/14 22:47:30.872, 0, NVIDIA GeForce RTX 5090, 3083, 99
2026/07/14 22:47:30.878, 1, NVIDIA GeForce RTX 5090, 0, 0
2026/07/14 22:47:30.886, 2, NVIDIA GeForce RTX 5090, 0, 0
2026/07/14 22:47:30.893, 3, NVIDIA GeForce RTX 5090, 0, 0
2026/07/14 22:47:30.901, 4, NVIDIA GeForce RTX 5090, 0, 0
2026/07/14 22:47:33.055, 0, NVIDIA GeForce RTX 5090, 3083, 99
2026/07/14 22:47:33.060, 1, NVIDIA GeForce RTX 5090, 0, 0
2026/07/14 22:47:33.068, 2, NVIDIA GeForce RTX 5090, 0, 0
2026/07/14 22:47:33.076, 3, NVIDIA GeForce RTX 5090, 0, 0
2026/07/14 22:47:33.083, 4, NVIDIA GeForce RTX 5090, 0, 0
2026/07/14 22:47:35.222, 0, NVIDIA GeForce RTX 5090, 3083, 99
2026/07/14 22:47:35.228, 1, NVIDIA GeForce RTX 5090, 0, 0
2026/07/14 22:47:35.236, 2, NVIDIA GeForce RTX 5090, 0, 0
2026/07/14 22:47:35.244, 3, NVIDIA GeForce RTX 5090, 0, 0
2026/07/14 22:47:35.251, 4, NVIDIA GeForce RTX 5090, 0, 0
2026/07/14 22:47:37.383, 0, NVIDIA GeForce RTX 5090, 3083, 99
2026/07/14 22:47:37.388, 1, NVIDIA GeForce RTX 5090, 0, 0
2026/07/14 22:47:37.404, 2, NVIDIA GeForce RTX 5090, 0, 0
2026/07/14 22:47:37.411, 3, NVIDIA GeForce RTX 5090, 0, 0
2026/07/14 22:47:37.419, 4, NVIDIA GeForce RTX 5090, 0, 0
2026/07/14 22:47:39.575, 0, NVIDIA GeForce RTX 5090, 3083, 99
2026/07/14 22:47:39.579, 1, NVIDIA GeForce RTX 5090, 0, 0
2026/07/14 22:47:39.588, 2, NVIDIA GeForce RTX 5090, 0, 0
2026/07/14 22:47:39.595, 3, NVIDIA GeForce RTX 5090, 0, 0
2026/07/14 22:47:39.603, 4, NVIDIA GeForce RTX 5090, 0, 0
2026/07/14 22:47:41.739, 0, NVIDIA GeForce RTX 5090, 3083, 98
2026/07/14 22:47:41.744, 1, NVIDIA GeForce RTX 5090, 0, 0
2026/07/14 22:47:41.752, 2, NVIDIA GeForce RTX 5090, 0, 0
2026/07/14 22:47:41.760, 3, NVIDIA GeForce RTX 5090, 0, 0
2026/07/14 22:47:41.767, 4, NVIDIA GeForce RTX 5090, 0, 0
2026/07/14 22:47:43.905, 0, NVIDIA GeForce RTX 5090, 3083, 99
2026/07/14 22:47:43.912, 1, NVIDIA GeForce RTX 5090, 0, 0
2026/07/14 22:47:43.919, 2, NVIDIA GeForce RTX 5090, 0, 0
2026/07/14 22:47:43.927, 3, NVIDIA GeForce RTX 5090, 0, 0
2026/07/14 22:47:43.934, 4, NVIDIA GeForce RTX 5090, 0, 0
2026/07/14 22:47:46.067, 0, NVIDIA GeForce RTX 5090, 3083, 99
2026/07/14 22:47:46.070, 1, NVIDIA GeForce RTX 5090, 0, 0
2026/07/14 22:47:46.078, 2, NVIDIA GeForce RTX 5090, 0, 0
2026/07/14 22:47:46.088, 3, NVIDIA GeForce RTX 5090, 0, 0
2026/07/14 22:47:46.095, 4, NVIDIA GeForce RTX 5090, 0, 0
2026/07/14 22:47:48.231, 0, NVIDIA GeForce RTX 5090, 3083, 99
2026/07/14 22:47:48.236, 1, NVIDIA GeForce RTX 5090, 0, 0
2026/07/14 22:47:48.245, 2, NVIDIA GeForce RTX 5090, 0, 0
2026/07/14 22:47:48.252, 3, NVIDIA GeForce RTX 5090, 0, 0
2026/07/14 22:47:48.260, 4, NVIDIA GeForce RTX 5090, 0, 0
2026/07/14 22:47:50.394, 0, NVIDIA GeForce RTX 5090, 3083, 99
2026/07/14 22:47:50.400, 1, NVIDIA GeForce RTX 5090, 0, 0
2026/07/14 22:47:50.415, 2, NVIDIA GeForce RTX 5090, 0, 0
2026/07/14 22:47:50.422, 3, NVIDIA GeForce RTX 5090, 0, 0
2026/07/14 22:47:50.430, 4, NVIDIA GeForce RTX 5090, 0, 0
2026/07/14 22:47:52.571, 0, NVIDIA GeForce RTX 5090, 3083, 99
2026/07/14 22:47:52.577, 1, NVIDIA GeForce RTX 5090, 0, 0
2026/07/14 22:47:52.586, 2, NVIDIA GeForce RTX 5090, 0, 0
2026/07/14 22:47:52.593, 3, NVIDIA GeForce RTX 5090, 0, 0
2026/07/14 22:47:52.601, 4, NVIDIA GeForce RTX 5090, 0, 0
2026/07/14 22:47:54.739, 0, NVIDIA GeForce RTX 5090, 3083, 98
2026/07/14 22:47:54.745, 1, NVIDIA GeForce RTX 5090, 0, 0
2026/07/14 22:47:54.754, 2, NVIDIA GeForce RTX 5090, 0, 0
2026/07/14 22:47:54.761, 3, NVIDIA GeForce RTX 5090, 0, 0
2026/07/14 22:47:54.770, 4, NVIDIA GeForce RTX 5090, 0, 0
2026/07/14 22:47:56.908, 0, NVIDIA GeForce RTX 5090, 3083, 98
2026/07/14 22:47:56.913, 1, NVIDIA GeForce RTX 5090, 0, 0
2026/07/14 22:47:56.924, 2, NVIDIA GeForce RTX 5090, 0, 0
2026/07/14 22:47:56.931, 3, NVIDIA GeForce RTX 5090, 0, 0
2026/07/14 22:47:56.939, 4, NVIDIA GeForce RTX 5090, 0, 0
2026/07/14 22:47:59.080, 0, NVIDIA GeForce RTX 5090, 3083, 99
2026/07/14 22:47:59.085, 1, NVIDIA GeForce RTX 5090, 0, 0
2026/07/14 22:47:59.093, 2, NVIDIA GeForce RTX 5090, 0, 0
2026/07/14 22:47:59.101, 3, NVIDIA GeForce RTX 5090, 0, 0
2026/07/14 22:47:59.108, 4, NVIDIA GeForce RTX 5090, 0, 0
2026/07/14 22:48:01.245, 0, NVIDIA GeForce RTX 5090, 3083, 99
2026/07/14 22:48:01.250, 1, NVIDIA GeForce RTX 5090, 0, 0
2026/07/14 22:48:01.258, 2, NVIDIA GeForce RTX 5090, 0, 0
2026/07/14 22:48:01.267, 3, NVIDIA GeForce RTX 5090, 0, 0
2026/07/14 22:48:01.274, 4, NVIDIA GeForce RTX 5090, 0, 0
2026/07/14 22:48:03.434, 0, NVIDIA GeForce RTX 5090, 3083, 99
2026/07/14 22:48:03.440, 1, NVIDIA GeForce RTX 5090, 0, 0
2026/07/14 22:48:03.448, 2, NVIDIA GeForce RTX 5090, 0, 0
2026/07/14 22:48:03.455, 3, NVIDIA GeForce RTX 5090, 0, 0
2026/07/14 22:48:03.463, 4, NVIDIA GeForce RTX 5090, 0, 0
2026/07/14 22:48:05.597, 0, NVIDIA GeForce RTX 5090, 3083, 99
2026/07/14 22:48:05.604, 1, NVIDIA GeForce RTX 5090, 0, 0
2026/07/14 22:48:05.617, 2, NVIDIA GeForce RTX 5090, 0, 0
2026/07/14 22:48:05.624, 3, NVIDIA GeForce RTX 5090, 0, 0
2026/07/14 22:48:05.632, 4, NVIDIA GeForce RTX 5090, 0, 0
2026/07/14 22:48:07.765, 0, NVIDIA GeForce RTX 5090, 3083, 99
2026/07/14 22:48:07.767, 1, NVIDIA GeForce RTX 5090, 0, 0
2026/07/14 22:48:07.775, 2, NVIDIA GeForce RTX 5090, 0, 0
2026/07/14 22:48:07.783, 3, NVIDIA GeForce RTX 5090, 0, 0
2026/07/14 22:48:07.790, 4, NVIDIA GeForce RTX 5090, 0, 0
2026/07/14 22:48:09.929, 0, NVIDIA GeForce RTX 5090, 3083, 98
2026/07/14 22:48:09.936, 1, NVIDIA GeForce RTX 5090, 0, 0
2026/07/14 22:48:09.946, 2, NVIDIA GeForce RTX 5090, 0, 0
2026/07/14 22:48:09.954, 3, NVIDIA GeForce RTX 5090, 0, 0
2026/07/14 22:48:09.961, 4, NVIDIA GeForce RTX 5090, 0, 0
2026/07/14 22:48:12.104, 0, NVIDIA GeForce RTX 5090, 3083, 99
2026/07/14 22:48:12.114, 1, NVIDIA GeForce RTX 5090, 0, 0
2026/07/14 22:48:12.134, 2, NVIDIA GeForce RTX 5090, 0, 0
2026/07/14 22:48:12.142, 3, NVIDIA GeForce RTX 5090, 0, 0
2026/07/14 22:48:12.150, 4, NVIDIA GeForce RTX 5090, 0, 0
2026/07/14 22:48:14.289, 0, NVIDIA GeForce RTX 5090, 3083, 24
2026/07/14 22:48:14.295, 1, NVIDIA GeForce RTX 5090, 0, 0
2026/07/14 22:48:14.302, 2, NVIDIA GeForce RTX 5090, 0, 0
2026/07/14 22:48:14.310, 3, NVIDIA GeForce RTX 5090, 0, 0
2026/07/14 22:48:14.317, 4, NVIDIA GeForce RTX 5090, 0, 0
2026/07/14 22:48:16.455, 0, NVIDIA GeForce RTX 5090, 3083, 99
2026/07/14 22:48:16.460, 1, NVIDIA GeForce RTX 5090, 0, 0
2026/07/14 22:48:16.468, 2, NVIDIA GeForce RTX 5090, 0, 0
2026/07/14 22:48:16.476, 3, NVIDIA GeForce RTX 5090, 0, 0
2026/07/14 22:48:16.483, 4, NVIDIA GeForce RTX 5090, 0, 0
2026/07/14 22:48:18.618, 0, NVIDIA GeForce RTX 5090, 3083, 99
2026/07/14 22:48:18.623, 1, NVIDIA GeForce RTX 5090, 0, 0
2026/07/14 22:48:18.631, 2, NVIDIA GeForce RTX 5090, 0, 0
2026/07/14 22:48:18.639, 3, NVIDIA GeForce RTX 5090, 0, 0
2026/07/14 22:48:18.646, 4, NVIDIA GeForce RTX 5090, 0, 0
2026/07/14 22:48:20.799, 0, NVIDIA GeForce RTX 5090, 3083, 99
2026/07/14 22:48:20.804, 1, NVIDIA GeForce RTX 5090, 0, 0
2026/07/14 22:48:20.812, 2, NVIDIA GeForce RTX 5090, 0, 0
2026/07/14 22:48:20.820, 3, NVIDIA GeForce RTX 5090, 0, 0
2026/07/14 22:48:20.827, 4, NVIDIA GeForce RTX 5090, 0, 0
2026/07/14 22:48:23.001, 0, NVIDIA GeForce RTX 5090, 3083, 98
2026/07/14 22:48:23.007, 1, NVIDIA GeForce RTX 5090, 0, 0
2026/07/14 22:48:23.015, 2, NVIDIA GeForce RTX 5090, 0, 0
2026/07/14 22:48:23.022, 3, NVIDIA GeForce RTX 5090, 0, 0
2026/07/14 22:48:23.030, 4, NVIDIA GeForce RTX 5090, 0, 0
2026/07/14 22:48:25.166, 0, NVIDIA GeForce RTX 5090, 3083, 98
2026/07/14 22:48:25.173, 1, NVIDIA GeForce RTX 5090, 0, 0
2026/07/14 22:48:25.181, 2, NVIDIA GeForce RTX 5090, 0, 0
2026/07/14 22:48:25.190, 3, NVIDIA GeForce RTX 5090, 0, 0
2026/07/14 22:48:25.197, 4, NVIDIA GeForce RTX 5090, 0, 0
2026/07/14 22:48:27.338, 0, NVIDIA GeForce RTX 5090, 3083, 99
2026/07/14 22:48:27.343, 1, NVIDIA GeForce RTX 5090, 0, 0
2026/07/14 22:48:27.352, 2, NVIDIA GeForce RTX 5090, 0, 0
2026/07/14 22:48:27.359, 3, NVIDIA GeForce RTX 5090, 0, 0
2026/07/14 22:48:27.367, 4, NVIDIA GeForce RTX 5090, 0, 0
2026/07/14 22:48:29.501, 0, NVIDIA GeForce RTX 5090, 3083, 99
2026/07/14 22:48:29.505, 1, NVIDIA GeForce RTX 5090, 0, 0
2026/07/14 22:48:29.513, 2, NVIDIA GeForce RTX 5090, 0, 0
2026/07/14 22:48:29.521, 3, NVIDIA GeForce RTX 5090, 0, 0
2026/07/14 22:48:29.528, 4, NVIDIA GeForce RTX 5090, 0, 0
2026/07/14 22:48:31.667, 0, NVIDIA GeForce RTX 5090, 3083, 99
2026/07/14 22:48:31.672, 1, NVIDIA GeForce RTX 5090, 0, 0
2026/07/14 22:48:31.680, 2, NVIDIA GeForce RTX 5090, 0, 0
2026/07/14 22:48:31.688, 3, NVIDIA GeForce RTX 5090, 0, 0
2026/07/14 22:48:31.695, 4, NVIDIA GeForce RTX 5090, 0, 0
2026/07/14 22:48:33.834, 0, NVIDIA GeForce RTX 5090, 3083, 99
2026/07/14 22:48:33.840, 1, NVIDIA GeForce RTX 5090, 0, 0
2026/07/14 22:48:33.848, 2, NVIDIA GeForce RTX 5090, 0, 0
2026/07/14 22:48:33.856, 3, NVIDIA GeForce RTX 5090, 0, 0
2026/07/14 22:48:33.863, 4, NVIDIA GeForce RTX 5090, 0, 0
2026/07/14 22:48:36.004, 0, NVIDIA GeForce RTX 5090, 3083, 99
2026/07/14 22:48:36.007, 1, NVIDIA GeForce RTX 5090, 0, 0
2026/07/14 22:48:36.016, 2, NVIDIA GeForce RTX 5090, 0, 0
2026/07/14 22:48:36.023, 3, NVIDIA GeForce RTX 5090, 0, 0
2026/07/14 22:48:36.030, 4, NVIDIA GeForce RTX 5090, 0, 0
2026/07/14 22:48:38.165, 0, NVIDIA GeForce RTX 5090, 3083, 98
2026/07/14 22:48:38.171, 1, NVIDIA GeForce RTX 5090, 0, 0
2026/07/14 22:48:38.179, 2, NVIDIA GeForce RTX 5090, 0, 0
2026/07/14 22:48:38.187, 3, NVIDIA GeForce RTX 5090, 0, 0
2026/07/14 22:48:38.195, 4, NVIDIA GeForce RTX 5090, 0, 0
2026/07/14 22:48:40.353, 0, NVIDIA GeForce RTX 5090, 3083, 99
2026/07/14 22:48:40.359, 1, NVIDIA GeForce RTX 5090, 0, 0
2026/07/14 22:48:40.367, 2, NVIDIA GeForce RTX 5090, 0, 0
2026/07/14 22:48:40.375, 3, NVIDIA GeForce RTX 5090, 0, 0
2026/07/14 22:48:40.382, 4, NVIDIA GeForce RTX 5090, 0, 0
2026/07/14 22:48:42.517, 0, NVIDIA GeForce RTX 5090, 3083, 21
2026/07/14 22:48:42.522, 1, NVIDIA GeForce RTX 5090, 0, 0
2026/07/14 22:48:42.531, 2, NVIDIA GeForce RTX 5090, 0, 0
2026/07/14 22:48:42.538, 3, NVIDIA GeForce RTX 5090, 0, 0
2026/07/14 22:48:42.546, 4, NVIDIA GeForce RTX 5090, 0, 0
2026/07/14 22:48:44.682, 0, NVIDIA GeForce RTX 5090, 3083, 99
2026/07/14 22:48:44.688, 1, NVIDIA GeForce RTX 5090, 0, 0
2026/07/14 22:48:44.696, 2, NVIDIA GeForce RTX 5090, 0, 0
2026/07/14 22:48:44.704, 3, NVIDIA GeForce RTX 5090, 0, 0
2026/07/14 22:48:44.711, 4, NVIDIA GeForce RTX 5090, 0, 0
2026/07/14 22:48:46.845, 0, NVIDIA GeForce RTX 5090, 3083, 99
2026/07/14 22:48:46.850, 1, NVIDIA GeForce RTX 5090, 0, 0
2026/07/14 22:48:46.858, 2, NVIDIA GeForce RTX 5090, 0, 0
2026/07/14 22:48:46.865, 3, NVIDIA GeForce RTX 5090, 0, 0
2026/07/14 22:48:46.873, 4, NVIDIA GeForce RTX 5090, 0, 0
2026/07/14 22:48:49.010, 0, NVIDIA GeForce RTX 5090, 3083, 99
2026/07/14 22:48:49.016, 1, NVIDIA GeForce RTX 5090, 0, 0
2026/07/14 22:48:49.023, 2, NVIDIA GeForce RTX 5090, 0, 0
2026/07/14 22:48:49.031, 3, NVIDIA GeForce RTX 5090, 0, 0
2026/07/14 22:48:49.038, 4, NVIDIA GeForce RTX 5090, 0, 0
2026/07/14 22:48:51.174, 0, NVIDIA GeForce RTX 5090, 3083, 98
2026/07/14 22:48:51.180, 1, NVIDIA GeForce RTX 5090, 0, 0
2026/07/14 22:48:51.188, 2, NVIDIA GeForce RTX 5090, 0, 0
2026/07/14 22:48:51.195, 3, NVIDIA GeForce RTX 5090, 0, 0
2026/07/14 22:48:51.203, 4, NVIDIA GeForce RTX 5090, 0, 0
2026/07/14 22:48:53.339, 0, NVIDIA GeForce RTX 5090, 3083, 99
2026/07/14 22:48:53.344, 1, NVIDIA GeForce RTX 5090, 0, 0
2026/07/14 22:48:53.352, 2, NVIDIA GeForce RTX 5090, 0, 0
2026/07/14 22:48:53.360, 3, NVIDIA GeForce RTX 5090, 0, 0
2026/07/14 22:48:53.368, 4, NVIDIA GeForce RTX 5090, 0, 0
2026/07/14 22:48:55.518, 0, NVIDIA GeForce RTX 5090, 3083, 99
2026/07/14 22:48:55.523, 1, NVIDIA GeForce RTX 5090, 0, 0
2026/07/14 22:48:55.531, 2, NVIDIA GeForce RTX 5090, 0, 0
2026/07/14 22:48:55.541, 3, NVIDIA GeForce RTX 5090, 0, 0
2026/07/14 22:48:55.548, 4, NVIDIA GeForce RTX 5090, 0, 0
2026/07/14 22:48:57.703, 0, NVIDIA GeForce RTX 5090, 3083, 99
2026/07/14 22:48:57.705, 1, NVIDIA GeForce RTX 5090, 0, 0
2026/07/14 22:48:57.713, 2, NVIDIA GeForce RTX 5090, 0, 0
2026/07/14 22:48:57.721, 3, NVIDIA GeForce RTX 5090, 0, 0
2026/07/14 22:48:57.728, 4, NVIDIA GeForce RTX 5090, 0, 0
2026/07/14 22:48:59.861, 0, NVIDIA GeForce RTX 5090, 3083, 99
2026/07/14 22:48:59.867, 1, NVIDIA GeForce RTX 5090, 0, 0
2026/07/14 22:48:59.875, 2, NVIDIA GeForce RTX 5090, 0, 0
2026/07/14 22:48:59.883, 3, NVIDIA GeForce RTX 5090, 0, 0
2026/07/14 22:48:59.890, 4, NVIDIA GeForce RTX 5090, 0, 0
2026/07/14 22:49:02.028, 0, NVIDIA GeForce RTX 5090, 3083, 63
2026/07/14 22:49:02.033, 1, NVIDIA GeForce RTX 5090, 0, 0
2026/07/14 22:49:02.041, 2, NVIDIA GeForce RTX 5090, 0, 0
2026/07/14 22:49:02.049, 3, NVIDIA GeForce RTX 5090, 0, 0
2026/07/14 22:49:02.056, 4, NVIDIA GeForce RTX 5090, 0, 0
2026/07/14 22:49:04.191, 0, NVIDIA GeForce RTX 5090, 3083, 99
2026/07/14 22:49:04.194, 1, NVIDIA GeForce RTX 5090, 0, 0
2026/07/14 22:49:04.202, 2, NVIDIA GeForce RTX 5090, 0, 0
2026/07/14 22:49:04.209, 3, NVIDIA GeForce RTX 5090, 0, 0
2026/07/14 22:49:04.217, 4, NVIDIA GeForce RTX 5090, 0, 0
2026/07/14 22:49:06.353, 0, NVIDIA GeForce RTX 5090, 3083, 99
2026/07/14 22:49:06.359, 1, NVIDIA GeForce RTX 5090, 0, 0
2026/07/14 22:49:06.367, 2, NVIDIA GeForce RTX 5090, 0, 0
2026/07/14 22:49:06.375, 3, NVIDIA GeForce RTX 5090, 0, 0
2026/07/14 22:49:06.382, 4, NVIDIA GeForce RTX 5090, 0, 0
2026/07/14 22:49:08.519, 0, NVIDIA GeForce RTX 5090, 3083, 99
2026/07/14 22:49:08.524, 1, NVIDIA GeForce RTX 5090, 0, 0
2026/07/14 22:49:08.532, 2, NVIDIA GeForce RTX 5090, 0, 0
2026/07/14 22:49:08.539, 3, NVIDIA GeForce RTX 5090, 0, 0
2026/07/14 22:49:08.547, 4, NVIDIA GeForce RTX 5090, 0, 0
2026/07/14 22:49:10.686, 0, NVIDIA GeForce RTX 5090, 3083, 99
2026/07/14 22:49:10.690, 1, NVIDIA GeForce RTX 5090, 0, 0
2026/07/14 22:49:10.698, 2, NVIDIA GeForce RTX 5090, 0, 0
2026/07/14 22:49:10.706, 3, NVIDIA GeForce RTX 5090, 0, 0
2026/07/14 22:49:10.713, 4, NVIDIA GeForce RTX 5090, 0, 0
2026/07/14 22:49:12.849, 0, NVIDIA GeForce RTX 5090, 3083, 99
2026/07/14 22:49:12.855, 1, NVIDIA GeForce RTX 5090, 0, 0
2026/07/14 22:49:12.862, 2, NVIDIA GeForce RTX 5090, 0, 0
2026/07/14 22:49:12.875, 3, NVIDIA GeForce RTX 5090, 0, 0
2026/07/14 22:49:12.884, 4, NVIDIA GeForce RTX 5090, 0, 0
2026/07/14 22:49:15.024, 0, NVIDIA GeForce RTX 5090, 3083, 98
2026/07/14 22:49:15.031, 1, NVIDIA GeForce RTX 5090, 0, 0
2026/07/14 22:49:15.038, 2, NVIDIA GeForce RTX 5090, 0, 0
2026/07/14 22:49:15.046, 3, NVIDIA GeForce RTX 5090, 0, 0
2026/07/14 22:49:15.054, 4, NVIDIA GeForce RTX 5090, 0, 0
2026/07/14 22:49:17.188, 0, NVIDIA GeForce RTX 5090, 3083, 99
2026/07/14 22:49:17.193, 1, NVIDIA GeForce RTX 5090, 0, 0
2026/07/14 22:49:17.202, 2, NVIDIA GeForce RTX 5090, 0, 0
2026/07/14 22:49:17.209, 3, NVIDIA GeForce RTX 5090, 0, 0
2026/07/14 22:49:17.216, 4, NVIDIA GeForce RTX 5090, 0, 0
2026/07/14 22:49:19.373, 0, NVIDIA GeForce RTX 5090, 3083, 99
2026/07/14 22:49:19.377, 1, NVIDIA GeForce RTX 5090, 0, 0
2026/07/14 22:49:19.385, 2, NVIDIA GeForce RTX 5090, 0, 0
2026/07/14 22:49:19.393, 3, NVIDIA GeForce RTX 5090, 0, 0
2026/07/14 22:49:19.400, 4, NVIDIA GeForce RTX 5090, 0, 0
2026/07/14 22:49:21.538, 0, NVIDIA GeForce RTX 5090, 3083, 99
2026/07/14 22:49:21.542, 1, NVIDIA GeForce RTX 5090, 0, 0
2026/07/14 22:49:21.550, 2, NVIDIA GeForce RTX 5090, 0, 0
2026/07/14 22:49:21.558, 3, NVIDIA GeForce RTX 5090, 0, 0
2026/07/14 22:49:21.565, 4, NVIDIA GeForce RTX 5090, 0, 0
2026/07/14 22:49:23.720, 0, NVIDIA GeForce RTX 5090, 3083, 99
2026/07/14 22:49:23.726, 1, NVIDIA GeForce RTX 5090, 0, 0
2026/07/14 22:49:23.733, 2, NVIDIA GeForce RTX 5090, 0, 0
2026/07/14 22:49:23.741, 3, NVIDIA GeForce RTX 5090, 0, 0
2026/07/14 22:49:23.749, 4, NVIDIA GeForce RTX 5090, 0, 0
2026/07/14 22:49:25.886, 0, NVIDIA GeForce RTX 5090, 3083, 99
2026/07/14 22:49:25.889, 1, NVIDIA GeForce RTX 5090, 0, 0
2026/07/14 22:49:25.897, 2, NVIDIA GeForce RTX 5090, 0, 0
2026/07/14 22:49:25.907, 3, NVIDIA GeForce RTX 5090, 0, 0
2026/07/14 22:49:25.914, 4, NVIDIA GeForce RTX 5090, 0, 0
2026/07/14 22:49:28.055, 0, NVIDIA GeForce RTX 5090, 3083, 99
2026/07/14 22:49:28.059, 1, NVIDIA GeForce RTX 5090, 0, 0
2026/07/14 22:49:28.067, 2, NVIDIA GeForce RTX 5090, 0, 0
2026/07/14 22:49:28.074, 3, NVIDIA GeForce RTX 5090, 0, 0
2026/07/14 22:49:28.082, 4, NVIDIA GeForce RTX 5090, 0, 0
2026/07/14 22:49:30.234, 0, NVIDIA GeForce RTX 5090, 3083, 99
2026/07/14 22:49:30.241, 1, NVIDIA GeForce RTX 5090, 0, 0
2026/07/14 22:49:30.250, 2, NVIDIA GeForce RTX 5090, 0, 0
2026/07/14 22:49:30.258, 3, NVIDIA GeForce RTX 5090, 0, 0
2026/07/14 22:49:30.265, 4, NVIDIA GeForce RTX 5090, 0, 0
2026/07/14 22:49:32.401, 0, NVIDIA GeForce RTX 5090, 3083, 11
2026/07/14 22:49:32.406, 1, NVIDIA GeForce RTX 5090, 0, 0
2026/07/14 22:49:32.414, 2, NVIDIA GeForce RTX 5090, 0, 0
2026/07/14 22:49:32.422, 3, NVIDIA GeForce RTX 5090, 0, 0
2026/07/14 22:49:32.430, 4, NVIDIA GeForce RTX 5090, 0, 0
2026/07/14 22:49:34.567, 0, NVIDIA GeForce RTX 5090, 3083, 99
2026/07/14 22:49:34.573, 1, NVIDIA GeForce RTX 5090, 0, 0
2026/07/14 22:49:34.580, 2, NVIDIA GeForce RTX 5090, 0, 0
2026/07/14 22:49:34.588, 3, NVIDIA GeForce RTX 5090, 0, 0
2026/07/14 22:49:34.597, 4, NVIDIA GeForce RTX 5090, 0, 0
2026/07/14 22:49:36.751, 0, NVIDIA GeForce RTX 5090, 3083, 99
2026/07/14 22:49:36.756, 1, NVIDIA GeForce RTX 5090, 0, 0
2026/07/14 22:49:36.764, 2, NVIDIA GeForce RTX 5090, 0, 0
2026/07/14 22:49:36.772, 3, NVIDIA GeForce RTX 5090, 0, 0
2026/07/14 22:49:36.779, 4, NVIDIA GeForce RTX 5090, 0, 0
2026/07/14 22:49:38.917, 0, NVIDIA GeForce RTX 5090, 3083, 99
2026/07/14 22:49:38.923, 1, NVIDIA GeForce RTX 5090, 0, 0
2026/07/14 22:49:38.932, 2, NVIDIA GeForce RTX 5090, 0, 0
2026/07/14 22:49:38.939, 3, NVIDIA GeForce RTX 5090, 0, 0
2026/07/14 22:49:38.947, 4, NVIDIA GeForce RTX 5090, 0, 0
2026/07/14 22:49:41.111, 0, NVIDIA GeForce RTX 5090, 3083, 98
2026/07/14 22:49:41.116, 1, NVIDIA GeForce RTX 5090, 0, 0
2026/07/14 22:49:41.125, 2, NVIDIA GeForce RTX 5090, 0, 0
2026/07/14 22:49:41.132, 3, NVIDIA GeForce RTX 5090, 0, 0
2026/07/14 22:49:41.140, 4, NVIDIA GeForce RTX 5090, 0, 0
2026/07/14 22:49:43.276, 0, NVIDIA GeForce RTX 5090, 3083, 99
2026/07/14 22:49:43.282, 1, NVIDIA GeForce RTX 5090, 0, 0
2026/07/14 22:49:43.290, 2, NVIDIA GeForce RTX 5090, 0, 0
2026/07/14 22:49:43.298, 3, NVIDIA GeForce RTX 5090, 0, 0
2026/07/14 22:49:43.305, 4, NVIDIA GeForce RTX 5090, 0, 0
2026/07/14 22:49:45.442, 0, NVIDIA GeForce RTX 5090, 3083, 99
2026/07/14 22:49:45.447, 1, NVIDIA GeForce RTX 5090, 0, 0
2026/07/14 22:49:45.455, 2, NVIDIA GeForce RTX 5090, 0, 0
2026/07/14 22:49:45.463, 3, NVIDIA GeForce RTX 5090, 0, 0
2026/07/14 22:49:45.473, 4, NVIDIA GeForce RTX 5090, 0, 0
2026/07/14 22:49:47.610, 0, NVIDIA GeForce RTX 5090, 3083, 99
2026/07/14 22:49:47.615, 1, NVIDIA GeForce RTX 5090, 0, 0
2026/07/14 22:49:47.623, 2, NVIDIA GeForce RTX 5090, 0, 0
2026/07/14 22:49:47.631, 3, NVIDIA GeForce RTX 5090, 0, 0
2026/07/14 22:49:47.639, 4, NVIDIA GeForce RTX 5090, 0, 0
2026/07/14 22:49:49.779, 0, NVIDIA GeForce RTX 5090, 3083, 99
2026/07/14 22:49:49.785, 1, NVIDIA GeForce RTX 5090, 0, 0
2026/07/14 22:49:49.793, 2, NVIDIA GeForce RTX 5090, 0, 0
2026/07/14 22:49:49.801, 3, NVIDIA GeForce RTX 5090, 0, 0
2026/07/14 22:49:49.808, 4, NVIDIA GeForce RTX 5090, 0, 0
2026/07/14 22:49:51.943, 0, NVIDIA GeForce RTX 5090, 3083, 99
2026/07/14 22:49:51.950, 1, NVIDIA GeForce RTX 5090, 0, 0
2026/07/14 22:49:51.959, 2, NVIDIA GeForce RTX 5090, 0, 0
2026/07/14 22:49:51.967, 3, NVIDIA GeForce RTX 5090, 0, 0
2026/07/14 22:49:51.977, 4, NVIDIA GeForce RTX 5090, 0, 0
2026/07/14 22:49:54.112, 0, NVIDIA GeForce RTX 5090, 3083, 99
2026/07/14 22:49:54.116, 1, NVIDIA GeForce RTX 5090, 0, 0
2026/07/14 22:49:54.124, 2, NVIDIA GeForce RTX 5090, 0, 0
2026/07/14 22:49:54.132, 3, NVIDIA GeForce RTX 5090, 0, 0
2026/07/14 22:49:54.139, 4, NVIDIA GeForce RTX 5090, 0, 0
2026/07/14 22:49:56.277, 0, NVIDIA GeForce RTX 5090, 3083, 99
2026/07/14 22:49:56.281, 1, NVIDIA GeForce RTX 5090, 0, 0
2026/07/14 22:49:56.289, 2, NVIDIA GeForce RTX 5090, 0, 0
2026/07/14 22:49:56.297, 3, NVIDIA GeForce RTX 5090, 0, 0
2026/07/14 22:49:56.304, 4, NVIDIA GeForce RTX 5090, 0, 0
2026/07/14 22:49:58.440, 0, NVIDIA GeForce RTX 5090, 3083, 99
2026/07/14 22:49:58.445, 1, NVIDIA GeForce RTX 5090, 0, 0
2026/07/14 22:49:58.453, 2, NVIDIA GeForce RTX 5090, 0, 0
2026/07/14 22:49:58.463, 3, NVIDIA GeForce RTX 5090, 0, 0
2026/07/14 22:49:58.470, 4, NVIDIA GeForce RTX 5090, 0, 0
2026/07/14 22:50:00.608, 0, NVIDIA GeForce RTX 5090, 3083, 99
2026/07/14 22:50:00.614, 1, NVIDIA GeForce RTX 5090, 0, 0
2026/07/14 22:50:00.622, 2, NVIDIA GeForce RTX 5090, 0, 0
2026/07/14 22:50:00.629, 3, NVIDIA GeForce RTX 5090, 0, 0
2026/07/14 22:50:00.637, 4, NVIDIA GeForce RTX 5090, 0, 0
2026/07/14 22:50:02.785, 0, NVIDIA GeForce RTX 5090, 3083, 99
2026/07/14 22:50:02.790, 1, NVIDIA GeForce RTX 5090, 0, 0
2026/07/14 22:50:02.798, 2, NVIDIA GeForce RTX 5090, 0, 0
2026/07/14 22:50:02.805, 3, NVIDIA GeForce RTX 5090, 0, 0
2026/07/14 22:50:02.813, 4, NVIDIA GeForce RTX 5090, 0, 0
2026/07/14 22:50:04.949, 0, NVIDIA GeForce RTX 5090, 3083, 99
2026/07/14 22:50:04.954, 1, NVIDIA GeForce RTX 5090, 0, 0
2026/07/14 22:50:04.962, 2, NVIDIA GeForce RTX 5090, 0, 0
2026/07/14 22:50:04.969, 3, NVIDIA GeForce RTX 5090, 0, 0
2026/07/14 22:50:04.977, 4, NVIDIA GeForce RTX 5090, 0, 0
2026/07/14 22:50:07.108, 0, NVIDIA GeForce RTX 5090, 3083, 99
2026/07/14 22:50:07.114, 1, NVIDIA GeForce RTX 5090, 0, 0
2026/07/14 22:50:07.122, 2, NVIDIA GeForce RTX 5090, 0, 0
2026/07/14 22:50:07.129, 3, NVIDIA GeForce RTX 5090, 0, 0
2026/07/14 22:50:07.136, 4, NVIDIA GeForce RTX 5090, 0, 0
2026/07/14 22:50:09.273, 0, NVIDIA GeForce RTX 5090, 3083, 99
2026/07/14 22:50:09.279, 1, NVIDIA GeForce RTX 5090, 0, 0
2026/07/14 22:50:09.288, 2, NVIDIA GeForce RTX 5090, 0, 0
2026/07/14 22:50:09.295, 3, NVIDIA GeForce RTX 5090, 0, 0
2026/07/14 22:50:09.303, 4, NVIDIA GeForce RTX 5090, 0, 0
2026/07/14 22:50:11.437, 0, NVIDIA GeForce RTX 5090, 3083, 99
2026/07/14 22:50:11.443, 1, NVIDIA GeForce RTX 5090, 0, 0
2026/07/14 22:50:11.451, 2, NVIDIA GeForce RTX 5090, 0, 0
2026/07/14 22:50:11.458, 3, NVIDIA GeForce RTX 5090, 0, 0
2026/07/14 22:50:11.466, 4, NVIDIA GeForce RTX 5090, 0, 0
2026/07/14 22:50:13.603, 0, NVIDIA GeForce RTX 5090, 3083, 99
2026/07/14 22:50:13.611, 1, NVIDIA GeForce RTX 5090, 0, 0
2026/07/14 22:50:13.618, 2, NVIDIA GeForce RTX 5090, 0, 0
2026/07/14 22:50:13.626, 3, NVIDIA GeForce RTX 5090, 0, 0
2026/07/14 22:50:13.634, 4, NVIDIA GeForce RTX 5090, 0, 0
2026/07/14 22:50:15.768, 0, NVIDIA GeForce RTX 5090, 3083, 5
2026/07/14 22:50:15.774, 1, NVIDIA GeForce RTX 5090, 0, 0
2026/07/14 22:50:15.783, 2, NVIDIA GeForce RTX 5090, 0, 0
2026/07/14 22:50:15.790, 3, NVIDIA GeForce RTX 5090, 0, 0
2026/07/14 22:50:15.798, 4, NVIDIA GeForce RTX 5090, 0, 0
2026/07/14 22:50:17.935, 0, NVIDIA GeForce RTX 5090, 3083, 99
2026/07/14 22:50:17.941, 1, NVIDIA GeForce RTX 5090, 0, 0
2026/07/14 22:50:17.949, 2, NVIDIA GeForce RTX 5090, 0, 0
2026/07/14 22:50:17.957, 3, NVIDIA GeForce RTX 5090, 0, 0
2026/07/14 22:50:17.964, 4, NVIDIA GeForce RTX 5090, 0, 0
2026/07/14 22:50:20.099, 0, NVIDIA GeForce RTX 5090, 3083, 99
2026/07/14 22:50:20.105, 1, NVIDIA GeForce RTX 5090, 0, 0
2026/07/14 22:50:20.113, 2, NVIDIA GeForce RTX 5090, 0, 0
2026/07/14 22:50:20.121, 3, NVIDIA GeForce RTX 5090, 0, 0
2026/07/14 22:50:20.128, 4, NVIDIA GeForce RTX 5090, 0, 0
2026/07/14 22:50:22.265, 0, NVIDIA GeForce RTX 5090, 3083, 99
2026/07/14 22:50:22.271, 1, NVIDIA GeForce RTX 5090, 0, 0
2026/07/14 22:50:22.278, 2, NVIDIA GeForce RTX 5090, 0, 0
2026/07/14 22:50:22.288, 3, NVIDIA GeForce RTX 5090, 0, 0
2026/07/14 22:50:22.295, 4, NVIDIA GeForce RTX 5090, 0, 0
2026/07/14 22:50:24.432, 0, NVIDIA GeForce RTX 5090, 3083, 99
2026/07/14 22:50:24.434, 1, NVIDIA GeForce RTX 5090, 0, 0
2026/07/14 22:50:24.442, 2, NVIDIA GeForce RTX 5090, 0, 0
2026/07/14 22:50:24.450, 3, NVIDIA GeForce RTX 5090, 0, 0
2026/07/14 22:50:24.459, 4, NVIDIA GeForce RTX 5090, 0, 0
2026/07/14 22:50:26.630, 0, NVIDIA GeForce RTX 5090, 3083, 99
2026/07/14 22:50:26.636, 1, NVIDIA GeForce RTX 5090, 0, 0
2026/07/14 22:50:26.644, 2, NVIDIA GeForce RTX 5090, 0, 0
2026/07/14 22:50:26.651, 3, NVIDIA GeForce RTX 5090, 0, 0
2026/07/14 22:50:26.659, 4, NVIDIA GeForce RTX 5090, 0, 0
2026/07/14 22:50:28.836, 0, NVIDIA GeForce RTX 5090, 3083, 99
2026/07/14 22:50:28.841, 1, NVIDIA GeForce RTX 5090, 0, 0
2026/07/14 22:50:28.850, 2, NVIDIA GeForce RTX 5090, 0, 0
2026/07/14 22:50:28.858, 3, NVIDIA GeForce RTX 5090, 0, 0
2026/07/14 22:50:28.865, 4, NVIDIA GeForce RTX 5090, 0, 0
2026/07/14 22:50:31.015, 0, NVIDIA GeForce RTX 5090, 3083, 99
2026/07/14 22:50:31.021, 1, NVIDIA GeForce RTX 5090, 0, 0
2026/07/14 22:50:31.049, 2, NVIDIA GeForce RTX 5090, 0, 0
2026/07/14 22:50:31.057, 3, NVIDIA GeForce RTX 5090, 0, 0
2026/07/14 22:50:31.065, 4, NVIDIA GeForce RTX 5090, 0, 0
2026/07/14 22:50:33.201, 0, NVIDIA GeForce RTX 5090, 3083, 99
2026/07/14 22:50:33.207, 1, NVIDIA GeForce RTX 5090, 0, 0
2026/07/14 22:50:33.216, 2, NVIDIA GeForce RTX 5090, 0, 0
2026/07/14 22:50:33.223, 3, NVIDIA GeForce RTX 5090, 0, 0
2026/07/14 22:50:33.231, 4, NVIDIA GeForce RTX 5090, 0, 0
2026/07/14 22:50:35.371, 0, NVIDIA GeForce RTX 5090, 3083, 99
2026/07/14 22:50:35.375, 1, NVIDIA GeForce RTX 5090, 0, 0
2026/07/14 22:50:35.384, 2, NVIDIA GeForce RTX 5090, 0, 0
2026/07/14 22:50:35.392, 3, NVIDIA GeForce RTX 5090, 0, 0
2026/07/14 22:50:35.399, 4, NVIDIA GeForce RTX 5090, 0, 0
2026/07/14 22:50:37.538, 0, NVIDIA GeForce RTX 5090, 3083, 99
2026/07/14 22:50:37.543, 1, NVIDIA GeForce RTX 5090, 0, 0
2026/07/14 22:50:37.552, 2, NVIDIA GeForce RTX 5090, 0, 0
2026/07/14 22:50:37.561, 3, NVIDIA GeForce RTX 5090, 0, 0
2026/07/14 22:50:37.568, 4, NVIDIA GeForce RTX 5090, 0, 0
2026/07/14 22:50:39.707, 0, NVIDIA GeForce RTX 5090, 3083, 99
2026/07/14 22:50:39.712, 1, NVIDIA GeForce RTX 5090, 0, 0
2026/07/14 22:50:39.720, 2, NVIDIA GeForce RTX 5090, 0, 0
2026/07/14 22:50:39.728, 3, NVIDIA GeForce RTX 5090, 0, 0
2026/07/14 22:50:39.736, 4, NVIDIA GeForce RTX 5090, 0, 0
2026/07/14 22:50:41.872, 0, NVIDIA GeForce RTX 5090, 3083, 98
2026/07/14 22:50:41.878, 1, NVIDIA GeForce RTX 5090, 0, 0
2026/07/14 22:50:41.886, 2, NVIDIA GeForce RTX 5090, 0, 0
2026/07/14 22:50:41.894, 3, NVIDIA GeForce RTX 5090, 0, 0
2026/07/14 22:50:41.901, 4, NVIDIA GeForce RTX 5090, 0, 0
2026/07/14 22:50:44.039, 0, NVIDIA GeForce RTX 5090, 3083, 99
2026/07/14 22:50:44.045, 1, NVIDIA GeForce RTX 5090, 0, 0
2026/07/14 22:50:44.052, 2, NVIDIA GeForce RTX 5090, 0, 0
2026/07/14 22:50:44.060, 3, NVIDIA GeForce RTX 5090, 0, 0
2026/07/14 22:50:44.067, 4, NVIDIA GeForce RTX 5090, 0, 0
2026/07/14 22:50:46.206, 0, NVIDIA GeForce RTX 5090, 3083, 99
2026/07/14 22:50:46.212, 1, NVIDIA GeForce RTX 5090, 0, 0
2026/07/14 22:50:46.220, 2, NVIDIA GeForce RTX 5090, 0, 0
2026/07/14 22:50:46.228, 3, NVIDIA GeForce RTX 5090, 0, 0
2026/07/14 22:50:46.235, 4, NVIDIA GeForce RTX 5090, 0, 0
2026/07/14 22:50:48.373, 0, NVIDIA GeForce RTX 5090, 3083, 99
2026/07/14 22:50:48.380, 1, NVIDIA GeForce RTX 5090, 0, 0
2026/07/14 22:50:48.389, 2, NVIDIA GeForce RTX 5090, 0, 0
2026/07/14 22:50:48.396, 3, NVIDIA GeForce RTX 5090, 0, 0
2026/07/14 22:50:48.403, 4, NVIDIA GeForce RTX 5090, 0, 0
2026/07/14 22:50:50.541, 0, NVIDIA GeForce RTX 5090, 3083, 99
2026/07/14 22:50:50.547, 1, NVIDIA GeForce RTX 5090, 0, 0
2026/07/14 22:50:50.559, 2, NVIDIA GeForce RTX 5090, 0, 0
2026/07/14 22:50:50.566, 3, NVIDIA GeForce RTX 5090, 0, 0
2026/07/14 22:50:50.574, 4, NVIDIA GeForce RTX 5090, 0, 0
2026/07/14 22:50:52.707, 0, NVIDIA GeForce RTX 5090, 3083, 99
2026/07/14 22:50:52.714, 1, NVIDIA GeForce RTX 5090, 0, 0
2026/07/14 22:50:52.722, 2, NVIDIA GeForce RTX 5090, 0, 0
2026/07/14 22:50:52.729, 3, NVIDIA GeForce RTX 5090, 0, 0
2026/07/14 22:50:52.737, 4, NVIDIA GeForce RTX 5090, 0, 0
2026/07/14 22:50:54.892, 0, NVIDIA GeForce RTX 5090, 3083, 99
2026/07/14 22:50:54.896, 1, NVIDIA GeForce RTX 5090, 0, 0
2026/07/14 22:50:54.905, 2, NVIDIA GeForce RTX 5090, 0, 0
2026/07/14 22:50:54.912, 3, NVIDIA GeForce RTX 5090, 0, 0
2026/07/14 22:50:54.920, 4, NVIDIA GeForce RTX 5090, 0, 0
2026/07/14 22:50:57.096, 0, NVIDIA GeForce RTX 5090, 3083, 99
2026/07/14 22:50:57.100, 1, NVIDIA GeForce RTX 5090, 0, 0
2026/07/14 22:50:57.108, 2, NVIDIA GeForce RTX 5090, 0, 0
2026/07/14 22:50:57.116, 3, NVIDIA GeForce RTX 5090, 0, 0
2026/07/14 22:50:57.124, 4, NVIDIA GeForce RTX 5090, 0, 0
2026/07/14 22:50:59.258, 0, NVIDIA GeForce RTX 5090, 3083, 99
2026/07/14 22:50:59.262, 1, NVIDIA GeForce RTX 5090, 0, 0
2026/07/14 22:50:59.270, 2, NVIDIA GeForce RTX 5090, 0, 0
2026/07/14 22:50:59.277, 3, NVIDIA GeForce RTX 5090, 0, 0
2026/07/14 22:50:59.284, 4, NVIDIA GeForce RTX 5090, 0, 0
2026/07/14 22:51:01.419, 0, NVIDIA GeForce RTX 5090, 3083, 75
2026/07/14 22:51:01.425, 1, NVIDIA GeForce RTX 5090, 0, 0
2026/07/14 22:51:01.433, 2, NVIDIA GeForce RTX 5090, 0, 0
2026/07/14 22:51:01.441, 3, NVIDIA GeForce RTX 5090, 0, 0
2026/07/14 22:51:01.449, 4, NVIDIA GeForce RTX 5090, 0, 0
2026/07/14 22:51:03.623, 0, NVIDIA GeForce RTX 5090, 3083, 98
2026/07/14 22:51:03.628, 1, NVIDIA GeForce RTX 5090, 0, 0
2026/07/14 22:51:03.637, 2, NVIDIA GeForce RTX 5090, 0, 0
2026/07/14 22:51:03.644, 3, NVIDIA GeForce RTX 5090, 0, 0
2026/07/14 22:51:03.652, 4, NVIDIA GeForce RTX 5090, 0, 0
2026/07/14 22:51:05.808, 0, NVIDIA GeForce RTX 5090, 3083, 99
2026/07/14 22:51:05.813, 1, NVIDIA GeForce RTX 5090, 0, 0
2026/07/14 22:51:05.821, 2, NVIDIA GeForce RTX 5090, 0, 0
2026/07/14 22:51:05.829, 3, NVIDIA GeForce RTX 5090, 0, 0
2026/07/14 22:51:05.836, 4, NVIDIA GeForce RTX 5090, 0, 0
2026/07/14 22:51:07.970, 0, NVIDIA GeForce RTX 5090, 3083, 99
2026/07/14 22:51:07.974, 1, NVIDIA GeForce RTX 5090, 0, 0
2026/07/14 22:51:07.982, 2, NVIDIA GeForce RTX 5090, 0, 0
2026/07/14 22:51:07.989, 3, NVIDIA GeForce RTX 5090, 0, 0
2026/07/14 22:51:07.997, 4, NVIDIA GeForce RTX 5090, 0, 0
2026/07/14 22:51:10.132, 0, NVIDIA GeForce RTX 5090, 3083, 99
2026/07/14 22:51:10.137, 1, NVIDIA GeForce RTX 5090, 0, 0
2026/07/14 22:51:10.145, 2, NVIDIA GeForce RTX 5090, 0, 0
2026/07/14 22:51:10.153, 3, NVIDIA GeForce RTX 5090, 0, 0
2026/07/14 22:51:10.160, 4, NVIDIA GeForce RTX 5090, 0, 0
2026/07/14 22:51:12.295, 0, NVIDIA GeForce RTX 5090, 3083, 99
2026/07/14 22:51:12.300, 1, NVIDIA GeForce RTX 5090, 0, 0
2026/07/14 22:51:12.309, 2, NVIDIA GeForce RTX 5090, 0, 0
2026/07/14 22:51:12.316, 3, NVIDIA GeForce RTX 5090, 0, 0
2026/07/14 22:51:12.323, 4, NVIDIA GeForce RTX 5090, 0, 0
2026/07/14 22:51:14.461, 0, NVIDIA GeForce RTX 5090, 3083, 99
2026/07/14 22:51:14.465, 1, NVIDIA GeForce RTX 5090, 0, 0
2026/07/14 22:51:14.474, 2, NVIDIA GeForce RTX 5090, 0, 0
2026/07/14 22:51:14.482, 3, NVIDIA GeForce RTX 5090, 0, 0
2026/07/14 22:51:14.490, 4, NVIDIA GeForce RTX 5090, 0, 0
2026/07/14 22:51:16.624, 0, NVIDIA GeForce RTX 5090, 3083, 98
2026/07/14 22:51:16.630, 1, NVIDIA GeForce RTX 5090, 0, 0
2026/07/14 22:51:16.638, 2, NVIDIA GeForce RTX 5090, 0, 0
2026/07/14 22:51:16.646, 3, NVIDIA GeForce RTX 5090, 0, 0
2026/07/14 22:51:16.653, 4, NVIDIA GeForce RTX 5090, 0, 0
2026/07/14 22:51:18.787, 0, NVIDIA GeForce RTX 5090, 3083, 99
2026/07/14 22:51:18.793, 1, NVIDIA GeForce RTX 5090, 0, 0
2026/07/14 22:51:18.802, 2, NVIDIA GeForce RTX 5090, 0, 0
2026/07/14 22:51:18.810, 3, NVIDIA GeForce RTX 5090, 0, 0
2026/07/14 22:51:18.817, 4, NVIDIA GeForce RTX 5090, 0, 0
2026/07/14 22:51:20.972, 0, NVIDIA GeForce RTX 5090, 3083, 99
2026/07/14 22:51:20.976, 1, NVIDIA GeForce RTX 5090, 0, 0
2026/07/14 22:51:20.984, 2, NVIDIA GeForce RTX 5090, 0, 0
2026/07/14 22:51:20.992, 3, NVIDIA GeForce RTX 5090, 0, 0
2026/07/14 22:51:21.000, 4, NVIDIA GeForce RTX 5090, 0, 0
2026/07/14 22:51:23.132, 0, NVIDIA GeForce RTX 5090, 3083, 99
2026/07/14 22:51:23.136, 1, NVIDIA GeForce RTX 5090, 0, 0
2026/07/14 22:51:23.145, 2, NVIDIA GeForce RTX 5090, 0, 0
2026/07/14 22:51:23.152, 3, NVIDIA GeForce RTX 5090, 0, 0
2026/07/14 22:51:23.159, 4, NVIDIA GeForce RTX 5090, 0, 0
2026/07/14 22:51:25.296, 0, NVIDIA GeForce RTX 5090, 3083, 99
2026/07/14 22:51:25.301, 1, NVIDIA GeForce RTX 5090, 0, 0
2026/07/14 22:51:25.309, 2, NVIDIA GeForce RTX 5090, 0, 0
2026/07/14 22:51:25.317, 3, NVIDIA GeForce RTX 5090, 0, 0
2026/07/14 22:51:25.324, 4, NVIDIA GeForce RTX 5090, 0, 0
2026/07/14 22:51:27.460, 0, NVIDIA GeForce RTX 5090, 3083, 99
2026/07/14 22:51:27.466, 1, NVIDIA GeForce RTX 5090, 0, 0
2026/07/14 22:51:27.474, 2, NVIDIA GeForce RTX 5090, 0, 0
2026/07/14 22:51:27.482, 3, NVIDIA GeForce RTX 5090, 0, 0
2026/07/14 22:51:27.490, 4, NVIDIA GeForce RTX 5090, 0, 0
2026/07/14 22:51:29.633, 0, NVIDIA GeForce RTX 5090, 3083, 84
2026/07/14 22:51:29.639, 1, NVIDIA GeForce RTX 5090, 0, 0
2026/07/14 22:51:29.647, 2, NVIDIA GeForce RTX 5090, 0, 0
2026/07/14 22:51:29.654, 3, NVIDIA GeForce RTX 5090, 0, 0
2026/07/14 22:51:29.662, 4, NVIDIA GeForce RTX 5090, 0, 0
2026/07/14 22:51:31.816, 0, NVIDIA GeForce RTX 5090, 3083, 98
2026/07/14 22:51:31.823, 1, NVIDIA GeForce RTX 5090, 0, 0
2026/07/14 22:51:31.831, 2, NVIDIA GeForce RTX 5090, 0, 0
2026/07/14 22:51:31.840, 3, NVIDIA GeForce RTX 5090, 0, 0
2026/07/14 22:51:31.848, 4, NVIDIA GeForce RTX 5090, 0, 0
2026/07/14 22:51:33.981, 0, NVIDIA GeForce RTX 5090, 3083, 99
2026/07/14 22:51:33.986, 1, NVIDIA GeForce RTX 5090, 0, 0
2026/07/14 22:51:33.994, 2, NVIDIA GeForce RTX 5090, 0, 0
2026/07/14 22:51:34.002, 3, NVIDIA GeForce RTX 5090, 0, 0
2026/07/14 22:51:34.009, 4, NVIDIA GeForce RTX 5090, 0, 0
2026/07/14 22:51:36.145, 0, NVIDIA GeForce RTX 5090, 3083, 99
2026/07/14 22:51:36.150, 1, NVIDIA GeForce RTX 5090, 0, 0
2026/07/14 22:51:36.158, 2, NVIDIA GeForce RTX 5090, 0, 0
2026/07/14 22:51:36.165, 3, NVIDIA GeForce RTX 5090, 0, 0
2026/07/14 22:51:36.172, 4, NVIDIA GeForce RTX 5090, 0, 0
2026/07/14 22:51:38.327, 0, NVIDIA GeForce RTX 5090, 3083, 99
2026/07/14 22:51:38.333, 1, NVIDIA GeForce RTX 5090, 0, 0
2026/07/14 22:51:38.341, 2, NVIDIA GeForce RTX 5090, 0, 0
2026/07/14 22:51:38.349, 3, NVIDIA GeForce RTX 5090, 0, 0
2026/07/14 22:51:38.356, 4, NVIDIA GeForce RTX 5090, 0, 0
2026/07/14 22:51:40.492, 0, NVIDIA GeForce RTX 5090, 3083, 99
2026/07/14 22:51:40.498, 1, NVIDIA GeForce RTX 5090, 0, 0
2026/07/14 22:51:40.506, 2, NVIDIA GeForce RTX 5090, 0, 0
2026/07/14 22:51:40.514, 3, NVIDIA GeForce RTX 5090, 0, 0
2026/07/14 22:51:40.521, 4, NVIDIA GeForce RTX 5090, 0, 0
2026/07/14 22:51:42.660, 0, NVIDIA GeForce RTX 5090, 3083, 99
2026/07/14 22:51:42.665, 1, NVIDIA GeForce RTX 5090, 0, 0
2026/07/14 22:51:42.673, 2, NVIDIA GeForce RTX 5090, 0, 0
2026/07/14 22:51:42.680, 3, NVIDIA GeForce RTX 5090, 0, 0
2026/07/14 22:51:42.688, 4, NVIDIA GeForce RTX 5090, 0, 0
2026/07/14 22:51:44.824, 0, NVIDIA GeForce RTX 5090, 3083, 98
2026/07/14 22:51:44.827, 1, NVIDIA GeForce RTX 5090, 0, 0
2026/07/14 22:51:44.836, 2, NVIDIA GeForce RTX 5090, 0, 0
2026/07/14 22:51:44.844, 3, NVIDIA GeForce RTX 5090, 0, 0
2026/07/14 22:51:44.851, 4, NVIDIA GeForce RTX 5090, 0, 0
2026/07/14 22:51:46.987, 0, NVIDIA GeForce RTX 5090, 3083, 99
2026/07/14 22:51:46.993, 1, NVIDIA GeForce RTX 5090, 0, 0
2026/07/14 22:51:47.002, 2, NVIDIA GeForce RTX 5090, 0, 0
2026/07/14 22:51:47.010, 3, NVIDIA GeForce RTX 5090, 0, 0
2026/07/14 22:51:47.017, 4, NVIDIA GeForce RTX 5090, 0, 0
2026/07/14 22:51:49.159, 0, NVIDIA GeForce RTX 5090, 3083, 99
2026/07/14 22:51:49.163, 1, NVIDIA GeForce RTX 5090, 0, 0
2026/07/14 22:51:49.171, 2, NVIDIA GeForce RTX 5090, 0, 0
2026/07/14 22:51:49.179, 3, NVIDIA GeForce RTX 5090, 0, 0
2026/07/14 22:51:49.186, 4, NVIDIA GeForce RTX 5090, 0, 0
2026/07/14 22:51:51.339, 0, NVIDIA GeForce RTX 5090, 3083, 68
2026/07/14 22:51:51.345, 1, NVIDIA GeForce RTX 5090, 0, 0
2026/07/14 22:51:51.353, 2, NVIDIA GeForce RTX 5090, 0, 0
2026/07/14 22:51:51.361, 3, NVIDIA GeForce RTX 5090, 0, 0
2026/07/14 22:51:51.368, 4, NVIDIA GeForce RTX 5090, 0, 0
2026/07/14 22:51:53.525, 0, NVIDIA GeForce RTX 5090, 3083, 99
2026/07/14 22:51:53.530, 1, NVIDIA GeForce RTX 5090, 0, 0
2026/07/14 22:51:53.538, 2, NVIDIA GeForce RTX 5090, 0, 0
2026/07/14 22:51:53.547, 3, NVIDIA GeForce RTX 5090, 0, 0
2026/07/14 22:51:53.555, 4, NVIDIA GeForce RTX 5090, 0, 0
2026/07/14 22:51:55.717, 0, NVIDIA GeForce RTX 5090, 3083, 99
2026/07/14 22:51:55.722, 1, NVIDIA GeForce RTX 5090, 0, 0
2026/07/14 22:51:55.730, 2, NVIDIA GeForce RTX 5090, 0, 0
2026/07/14 22:51:55.738, 3, NVIDIA GeForce RTX 5090, 0, 0
2026/07/14 22:51:55.745, 4, NVIDIA GeForce RTX 5090, 0, 0
2026/07/14 22:51:57.885, 0, NVIDIA GeForce RTX 5090, 3083, 99
2026/07/14 22:51:57.891, 1, NVIDIA GeForce RTX 5090, 0, 0
2026/07/14 22:51:57.900, 2, NVIDIA GeForce RTX 5090, 0, 0
2026/07/14 22:51:57.908, 3, NVIDIA GeForce RTX 5090, 0, 0
2026/07/14 22:51:57.915, 4, NVIDIA GeForce RTX 5090, 0, 0
2026/07/14 22:52:00.074, 0, NVIDIA GeForce RTX 5090, 3083, 98
2026/07/14 22:52:00.079, 1, NVIDIA GeForce RTX 5090, 0, 0
2026/07/14 22:52:00.088, 2, NVIDIA GeForce RTX 5090, 0, 0
2026/07/14 22:52:00.095, 3, NVIDIA GeForce RTX 5090, 0, 0
2026/07/14 22:52:00.103, 4, NVIDIA GeForce RTX 5090, 0, 0
2026/07/14 22:52:02.255, 0, NVIDIA GeForce RTX 5090, 3083, 99
2026/07/14 22:52:02.261, 1, NVIDIA GeForce RTX 5090, 0, 0
2026/07/14 22:52:02.269, 2, NVIDIA GeForce RTX 5090, 0, 0
2026/07/14 22:52:02.277, 3, NVIDIA GeForce RTX 5090, 0, 0
2026/07/14 22:52:02.285, 4, NVIDIA GeForce RTX 5090, 0, 0
2026/07/14 22:52:04.422, 0, NVIDIA GeForce RTX 5090, 3083, 98
2026/07/14 22:52:04.426, 1, NVIDIA GeForce RTX 5090, 0, 0
2026/07/14 22:52:04.435, 2, NVIDIA GeForce RTX 5090, 0, 0
2026/07/14 22:52:04.443, 3, NVIDIA GeForce RTX 5090, 0, 0
2026/07/14 22:52:04.450, 4, NVIDIA GeForce RTX 5090, 0, 0
2026/07/14 22:52:06.590, 0, NVIDIA GeForce RTX 5090, 3083, 99
2026/07/14 22:52:06.592, 1, NVIDIA GeForce RTX 5090, 0, 0
2026/07/14 22:52:06.600, 2, NVIDIA GeForce RTX 5090, 0, 0
2026/07/14 22:52:06.608, 3, NVIDIA GeForce RTX 5090, 0, 0
2026/07/14 22:52:06.616, 4, NVIDIA GeForce RTX 5090, 0, 0
2026/07/14 22:52:08.750, 0, NVIDIA GeForce RTX 5090, 3083, 99
2026/07/14 22:52:08.756, 1, NVIDIA GeForce RTX 5090, 0, 0
2026/07/14 22:52:08.765, 2, NVIDIA GeForce RTX 5090, 0, 0
2026/07/14 22:52:08.772, 3, NVIDIA GeForce RTX 5090, 0, 0
2026/07/14 22:52:08.780, 4, NVIDIA GeForce RTX 5090, 0, 0
2026/07/14 22:52:10.913, 0, NVIDIA GeForce RTX 5090, 3083, 99
2026/07/14 22:52:10.920, 1, NVIDIA GeForce RTX 5090, 0, 0
2026/07/14 22:52:10.927, 2, NVIDIA GeForce RTX 5090, 0, 0
2026/07/14 22:52:10.936, 3, NVIDIA GeForce RTX 5090, 0, 0
2026/07/14 22:52:10.944, 4, NVIDIA GeForce RTX 5090, 0, 0
2026/07/14 22:52:13.080, 0, NVIDIA GeForce RTX 5090, 3083, 98
2026/07/14 22:52:13.086, 1, NVIDIA GeForce RTX 5090, 0, 0
2026/07/14 22:52:13.094, 2, NVIDIA GeForce RTX 5090, 0, 0
2026/07/14 22:52:13.101, 3, NVIDIA GeForce RTX 5090, 0, 0
2026/07/14 22:52:13.109, 4, NVIDIA GeForce RTX 5090, 0, 0
2026/07/14 22:52:15.247, 0, NVIDIA GeForce RTX 5090, 3083, 99
2026/07/14 22:52:15.254, 1, NVIDIA GeForce RTX 5090, 0, 0
2026/07/14 22:52:15.262, 2, NVIDIA GeForce RTX 5090, 0, 0
2026/07/14 22:52:15.269, 3, NVIDIA GeForce RTX 5090, 0, 0
2026/07/14 22:52:15.277, 4, NVIDIA GeForce RTX 5090, 0, 0
2026/07/14 22:52:17.417, 0, NVIDIA GeForce RTX 5090, 3083, 99
2026/07/14 22:52:17.422, 1, NVIDIA GeForce RTX 5090, 0, 0
2026/07/14 22:52:17.430, 2, NVIDIA GeForce RTX 5090, 0, 0
2026/07/14 22:52:17.438, 3, NVIDIA GeForce RTX 5090, 0, 0
2026/07/14 22:52:17.447, 4, NVIDIA GeForce RTX 5090, 0, 0
2026/07/14 22:52:19.586, 0, NVIDIA GeForce RTX 5090, 3083, 52
2026/07/14 22:52:19.591, 1, NVIDIA GeForce RTX 5090, 0, 0
2026/07/14 22:52:19.599, 2, NVIDIA GeForce RTX 5090, 0, 0
2026/07/14 22:52:19.607, 3, NVIDIA GeForce RTX 5090, 0, 0
2026/07/14 22:52:19.615, 4, NVIDIA GeForce RTX 5090, 0, 0
2026/07/14 22:52:21.771, 0, NVIDIA GeForce RTX 5090, 3083, 99
2026/07/14 22:52:21.777, 1, NVIDIA GeForce RTX 5090, 0, 0
2026/07/14 22:52:21.785, 2, NVIDIA GeForce RTX 5090, 0, 0
2026/07/14 22:52:21.794, 3, NVIDIA GeForce RTX 5090, 0, 0
2026/07/14 22:52:21.801, 4, NVIDIA GeForce RTX 5090, 0, 0
2026/07/14 22:52:23.943, 0, NVIDIA GeForce RTX 5090, 3083, 99
2026/07/14 22:52:23.949, 1, NVIDIA GeForce RTX 5090, 0, 0
2026/07/14 22:52:23.957, 2, NVIDIA GeForce RTX 5090, 0, 0
2026/07/14 22:52:23.965, 3, NVIDIA GeForce RTX 5090, 0, 0
2026/07/14 22:52:23.972, 4, NVIDIA GeForce RTX 5090, 0, 0
2026/07/14 22:52:26.113, 0, NVIDIA GeForce RTX 5090, 3083, 99
2026/07/14 22:52:26.119, 1, NVIDIA GeForce RTX 5090, 0, 0
2026/07/14 22:52:26.131, 2, NVIDIA GeForce RTX 5090, 0, 0
2026/07/14 22:52:26.138, 3, NVIDIA GeForce RTX 5090, 0, 0
2026/07/14 22:52:26.146, 4, NVIDIA GeForce RTX 5090, 0, 0
2026/07/14 22:52:28.301, 0, NVIDIA GeForce RTX 5090, 3083, 99
2026/07/14 22:52:28.304, 1, NVIDIA GeForce RTX 5090, 0, 0
2026/07/14 22:52:28.312, 2, NVIDIA GeForce RTX 5090, 0, 0
2026/07/14 22:52:28.319, 3, NVIDIA GeForce RTX 5090, 0, 0
2026/07/14 22:52:28.327, 4, NVIDIA GeForce RTX 5090, 0, 0
2026/07/14 22:52:30.463, 0, NVIDIA GeForce RTX 5090, 3083, 99
2026/07/14 22:52:30.468, 1, NVIDIA GeForce RTX 5090, 0, 0
2026/07/14 22:52:30.476, 2, NVIDIA GeForce RTX 5090, 0, 0
2026/07/14 22:52:30.483, 3, NVIDIA GeForce RTX 5090, 0, 0
2026/07/14 22:52:30.491, 4, NVIDIA GeForce RTX 5090, 0, 0
2026/07/14 22:52:32.664, 0, NVIDIA GeForce RTX 5090, 3083, 99
2026/07/14 22:52:32.671, 1, NVIDIA GeForce RTX 5090, 0, 0
2026/07/14 22:52:32.680, 2, NVIDIA GeForce RTX 5090, 0, 0
2026/07/14 22:52:32.688, 3, NVIDIA GeForce RTX 5090, 0, 0
2026/07/14 22:52:32.695, 4, NVIDIA GeForce RTX 5090, 0, 0
2026/07/14 22:52:34.868, 0, NVIDIA GeForce RTX 5090, 3083, 99
2026/07/14 22:52:34.870, 1, NVIDIA GeForce RTX 5090, 0, 0
2026/07/14 22:52:34.878, 2, NVIDIA GeForce RTX 5090, 0, 0
2026/07/14 22:52:34.886, 3, NVIDIA GeForce RTX 5090, 0, 0
2026/07/14 22:52:34.894, 4, NVIDIA GeForce RTX 5090, 0, 0
2026/07/14 22:52:37.025, 0, NVIDIA GeForce RTX 5090, 3083, 98
2026/07/14 22:52:37.029, 1, NVIDIA GeForce RTX 5090, 0, 0
2026/07/14 22:52:37.037, 2, NVIDIA GeForce RTX 5090, 0, 0
2026/07/14 22:52:37.045, 3, NVIDIA GeForce RTX 5090, 0, 0
2026/07/14 22:52:37.054, 4, NVIDIA GeForce RTX 5090, 0, 0
2026/07/14 22:52:39.193, 0, NVIDIA GeForce RTX 5090, 3083, 85
2026/07/14 22:52:39.200, 1, NVIDIA GeForce RTX 5090, 0, 0
2026/07/14 22:52:39.209, 2, NVIDIA GeForce RTX 5090, 0, 0
2026/07/14 22:52:39.217, 3, NVIDIA GeForce RTX 5090, 0, 0
2026/07/14 22:52:39.224, 4, NVIDIA GeForce RTX 5090, 0, 0
2026/07/14 22:52:41.380, 0, NVIDIA GeForce RTX 5090, 3083, 98
2026/07/14 22:52:41.387, 1, NVIDIA GeForce RTX 5090, 0, 0
2026/07/14 22:52:41.394, 2, NVIDIA GeForce RTX 5090, 0, 0
2026/07/14 22:52:41.402, 3, NVIDIA GeForce RTX 5090, 0, 0
2026/07/14 22:52:41.409, 4, NVIDIA GeForce RTX 5090, 0, 0
2026/07/14 22:52:43.567, 0, NVIDIA GeForce RTX 5090, 3083, 99
2026/07/14 22:52:43.570, 1, NVIDIA GeForce RTX 5090, 0, 0
2026/07/14 22:52:43.578, 2, NVIDIA GeForce RTX 5090, 0, 0
2026/07/14 22:52:43.586, 3, NVIDIA GeForce RTX 5090, 0, 0
2026/07/14 22:52:43.594, 4, NVIDIA GeForce RTX 5090, 0, 0
2026/07/14 22:52:45.735, 0, NVIDIA GeForce RTX 5090, 3083, 99
2026/07/14 22:52:45.739, 1, NVIDIA GeForce RTX 5090, 0, 0
2026/07/14 22:52:45.749, 2, NVIDIA GeForce RTX 5090, 0, 0
2026/07/14 22:52:45.757, 3, NVIDIA GeForce RTX 5090, 0, 0
2026/07/14 22:52:45.764, 4, NVIDIA GeForce RTX 5090, 0, 0
2026/07/14 22:52:47.901, 0, NVIDIA GeForce RTX 5090, 3083, 99
2026/07/14 22:52:47.905, 1, NVIDIA GeForce RTX 5090, 0, 0
2026/07/14 22:52:47.914, 2, NVIDIA GeForce RTX 5090, 0, 0
2026/07/14 22:52:47.924, 3, NVIDIA GeForce RTX 5090, 0, 0
2026/07/14 22:52:47.931, 4, NVIDIA GeForce RTX 5090, 0, 0
2026/07/14 22:52:50.063, 0, NVIDIA GeForce RTX 5090, 3083, 99
2026/07/14 22:52:50.071, 1, NVIDIA GeForce RTX 5090, 0, 0
2026/07/14 22:52:50.079, 2, NVIDIA GeForce RTX 5090, 0, 0
2026/07/14 22:52:50.087, 3, NVIDIA GeForce RTX 5090, 0, 0
2026/07/14 22:52:50.094, 4, NVIDIA GeForce RTX 5090, 0, 0
2026/07/14 22:52:52.237, 0, NVIDIA GeForce RTX 5090, 3083, 98
2026/07/14 22:52:52.241, 1, NVIDIA GeForce RTX 5090, 0, 0
2026/07/14 22:52:52.250, 2, NVIDIA GeForce RTX 5090, 0, 0
2026/07/14 22:52:52.257, 3, NVIDIA GeForce RTX 5090, 0, 0
2026/07/14 22:52:52.265, 4, NVIDIA GeForce RTX 5090, 0, 0
2026/07/14 22:52:54.402, 0, NVIDIA GeForce RTX 5090, 3083, 99
2026/07/14 22:52:54.408, 1, NVIDIA GeForce RTX 5090, 0, 0
2026/07/14 22:52:54.416, 2, NVIDIA GeForce RTX 5090, 0, 0
2026/07/14 22:52:54.423, 3, NVIDIA GeForce RTX 5090, 0, 0
2026/07/14 22:52:54.430, 4, NVIDIA GeForce RTX 5090, 0, 0
2026/07/14 22:52:56.584, 0, NVIDIA GeForce RTX 5090, 3083, 9
2026/07/14 22:52:56.590, 1, NVIDIA GeForce RTX 5090, 0, 0
2026/07/14 22:52:56.600, 2, NVIDIA GeForce RTX 5090, 0, 0
2026/07/14 22:52:56.607, 3, NVIDIA GeForce RTX 5090, 0, 0
2026/07/14 22:52:56.614, 4, NVIDIA GeForce RTX 5090, 0, 0
2026/07/14 22:52:58.755, 0, NVIDIA GeForce RTX 5090, 3083, 99
2026/07/14 22:52:58.762, 1, NVIDIA GeForce RTX 5090, 0, 0
2026/07/14 22:52:58.770, 2, NVIDIA GeForce RTX 5090, 0, 0
2026/07/14 22:52:58.777, 3, NVIDIA GeForce RTX 5090, 0, 0
2026/07/14 22:52:58.785, 4, NVIDIA GeForce RTX 5090, 0, 0
2026/07/14 22:53:00.921, 0, NVIDIA GeForce RTX 5090, 3083, 99
2026/07/14 22:53:00.926, 1, NVIDIA GeForce RTX 5090, 0, 0
2026/07/14 22:53:00.934, 2, NVIDIA GeForce RTX 5090, 0, 0
2026/07/14 22:53:00.942, 3, NVIDIA GeForce RTX 5090, 0, 0
2026/07/14 22:53:00.949, 4, NVIDIA GeForce RTX 5090, 0, 0
2026/07/14 22:53:03.084, 0, NVIDIA GeForce RTX 5090, 3083, 99
2026/07/14 22:53:03.090, 1, NVIDIA GeForce RTX 5090, 0, 0
2026/07/14 22:53:03.098, 2, NVIDIA GeForce RTX 5090, 0, 0
2026/07/14 22:53:03.106, 3, NVIDIA GeForce RTX 5090, 0, 0
2026/07/14 22:53:03.114, 4, NVIDIA GeForce RTX 5090, 0, 0
2026/07/14 22:53:05.251, 0, NVIDIA GeForce RTX 5090, 3083, 99
2026/07/14 22:53:05.258, 1, NVIDIA GeForce RTX 5090, 0, 0
2026/07/14 22:53:05.266, 2, NVIDIA GeForce RTX 5090, 0, 0
2026/07/14 22:53:05.274, 3, NVIDIA GeForce RTX 5090, 0, 0
2026/07/14 22:53:05.281, 4, NVIDIA GeForce RTX 5090, 0, 0
2026/07/14 22:53:07.416, 0, NVIDIA GeForce RTX 5090, 3083, 99
2026/07/14 22:53:07.422, 1, NVIDIA GeForce RTX 5090, 0, 0
2026/07/14 22:53:07.430, 2, NVIDIA GeForce RTX 5090, 0, 0
2026/07/14 22:53:07.438, 3, NVIDIA GeForce RTX 5090, 0, 0
2026/07/14 22:53:07.445, 4, NVIDIA GeForce RTX 5090, 0, 0
2026/07/14 22:53:09.584, 0, NVIDIA GeForce RTX 5090, 3083, 99
2026/07/14 22:53:09.591, 1, NVIDIA GeForce RTX 5090, 0, 0
2026/07/14 22:53:09.599, 2, NVIDIA GeForce RTX 5090, 0, 0
2026/07/14 22:53:09.606, 3, NVIDIA GeForce RTX 5090, 0, 0
2026/07/14 22:53:09.614, 4, NVIDIA GeForce RTX 5090, 0, 0
2026/07/14 22:53:11.776, 0, NVIDIA GeForce RTX 5090, 3083, 98
2026/07/14 22:53:11.781, 1, NVIDIA GeForce RTX 5090, 0, 0
2026/07/14 22:53:11.789, 2, NVIDIA GeForce RTX 5090, 0, 0
2026/07/14 22:53:11.797, 3, NVIDIA GeForce RTX 5090, 0, 0
2026/07/14 22:53:11.804, 4, NVIDIA GeForce RTX 5090, 0, 0
2026/07/14 22:53:13.944, 0, NVIDIA GeForce RTX 5090, 3083, 99
2026/07/14 22:53:13.949, 1, NVIDIA GeForce RTX 5090, 0, 0
2026/07/14 22:53:13.958, 2, NVIDIA GeForce RTX 5090, 0, 0
2026/07/14 22:53:13.966, 3, NVIDIA GeForce RTX 5090, 0, 0
2026/07/14 22:53:13.974, 4, NVIDIA GeForce RTX 5090, 0, 0
2026/07/14 22:53:16.133, 0, NVIDIA GeForce RTX 5090, 3083, 99
2026/07/14 22:53:16.139, 1, NVIDIA GeForce RTX 5090, 0, 0
2026/07/14 22:53:16.146, 2, NVIDIA GeForce RTX 5090, 0, 0
2026/07/14 22:53:16.154, 3, NVIDIA GeForce RTX 5090, 0, 0
2026/07/14 22:53:16.162, 4, NVIDIA GeForce RTX 5090, 0, 0
2026/07/14 22:53:18.300, 0, NVIDIA GeForce RTX 5090, 3083, 99
2026/07/14 22:53:18.306, 1, NVIDIA GeForce RTX 5090, 0, 0
2026/07/14 22:53:18.315, 2, NVIDIA GeForce RTX 5090, 0, 0
2026/07/14 22:53:18.322, 3, NVIDIA GeForce RTX 5090, 0, 0
2026/07/14 22:53:18.329, 4, NVIDIA GeForce RTX 5090, 0, 0
2026/07/14 22:53:20.463, 0, NVIDIA GeForce RTX 5090, 3083, 99
2026/07/14 22:53:20.468, 1, NVIDIA GeForce RTX 5090, 0, 0
2026/07/14 22:53:20.479, 2, NVIDIA GeForce RTX 5090, 0, 0
2026/07/14 22:53:20.487, 3, NVIDIA GeForce RTX 5090, 0, 0
2026/07/14 22:53:20.494, 4, NVIDIA GeForce RTX 5090, 0, 0
2026/07/14 22:53:22.632, 0, NVIDIA GeForce RTX 5090, 3083, 98
2026/07/14 22:53:22.638, 1, NVIDIA GeForce RTX 5090, 0, 0
2026/07/14 22:53:22.646, 2, NVIDIA GeForce RTX 5090, 0, 0
2026/07/14 22:53:22.653, 3, NVIDIA GeForce RTX 5090, 0, 0
2026/07/14 22:53:22.661, 4, NVIDIA GeForce RTX 5090, 0, 0
2026/07/14 22:53:24.801, 0, NVIDIA GeForce RTX 5090, 3083, 98
2026/07/14 22:53:24.805, 1, NVIDIA GeForce RTX 5090, 0, 0
2026/07/14 22:53:24.813, 2, NVIDIA GeForce RTX 5090, 0, 0
2026/07/14 22:53:24.822, 3, NVIDIA GeForce RTX 5090, 0, 0
2026/07/14 22:53:24.830, 4, NVIDIA GeForce RTX 5090, 0, 0
2026/07/14 22:53:26.964, 0, NVIDIA GeForce RTX 5090, 3083, 99
2026/07/14 22:53:26.970, 1, NVIDIA GeForce RTX 5090, 0, 0
2026/07/14 22:53:26.978, 2, NVIDIA GeForce RTX 5090, 0, 0
2026/07/14 22:53:26.986, 3, NVIDIA GeForce RTX 5090, 0, 0
2026/07/14 22:53:26.993, 4, NVIDIA GeForce RTX 5090, 0, 0
2026/07/14 22:53:29.129, 0, NVIDIA GeForce RTX 5090, 3083, 99
2026/07/14 22:53:29.135, 1, NVIDIA GeForce RTX 5090, 0, 0
2026/07/14 22:53:29.143, 2, NVIDIA GeForce RTX 5090, 0, 0
2026/07/14 22:53:29.150, 3, NVIDIA GeForce RTX 5090, 0, 0
2026/07/14 22:53:29.157, 4, NVIDIA GeForce RTX 5090, 0, 0
2026/07/14 22:53:31.303, 0, NVIDIA GeForce RTX 5090, 3083, 99
2026/07/14 22:53:31.310, 1, NVIDIA GeForce RTX 5090, 0, 0
2026/07/14 22:53:31.318, 2, NVIDIA GeForce RTX 5090, 0, 0
2026/07/14 22:53:31.326, 3, NVIDIA GeForce RTX 5090, 0, 0
2026/07/14 22:53:31.335, 4, NVIDIA GeForce RTX 5090, 0, 0
2026/07/14 22:53:33.469, 0, NVIDIA GeForce RTX 5090, 3083, 99
2026/07/14 22:53:33.475, 1, NVIDIA GeForce RTX 5090, 0, 0
2026/07/14 22:53:33.483, 2, NVIDIA GeForce RTX 5090, 0, 0
2026/07/14 22:53:33.490, 3, NVIDIA GeForce RTX 5090, 0, 0
2026/07/14 22:53:33.498, 4, NVIDIA GeForce RTX 5090, 0, 0
2026/07/14 22:53:35.637, 0, NVIDIA GeForce RTX 5090, 3083, 99
2026/07/14 22:53:35.644, 1, NVIDIA GeForce RTX 5090, 0, 0
2026/07/14 22:53:35.651, 2, NVIDIA GeForce RTX 5090, 0, 0
2026/07/14 22:53:35.672, 3, NVIDIA GeForce RTX 5090, 0, 0
2026/07/14 22:53:35.688, 4, NVIDIA GeForce RTX 5090, 0, 0
2026/07/14 22:53:37.827, 0, NVIDIA GeForce RTX 5090, 3083, 98
2026/07/14 22:53:37.833, 1, NVIDIA GeForce RTX 5090, 0, 0
2026/07/14 22:53:37.842, 2, NVIDIA GeForce RTX 5090, 0, 0
2026/07/14 22:53:37.850, 3, NVIDIA GeForce RTX 5090, 0, 0
2026/07/14 22:53:37.857, 4, NVIDIA GeForce RTX 5090, 0, 0
2026/07/14 22:53:39.993, 0, NVIDIA GeForce RTX 5090, 3083, 99
2026/07/14 22:53:39.999, 1, NVIDIA GeForce RTX 5090, 0, 0
2026/07/14 22:53:40.008, 2, NVIDIA GeForce RTX 5090, 0, 0
2026/07/14 22:53:40.015, 3, NVIDIA GeForce RTX 5090, 0, 0
2026/07/14 22:53:40.023, 4, NVIDIA GeForce RTX 5090, 0, 0
2026/07/14 22:53:42.195, 0, NVIDIA GeForce RTX 5090, 3083, 99
2026/07/14 22:53:42.197, 1, NVIDIA GeForce RTX 5090, 0, 0
2026/07/14 22:53:42.206, 2, NVIDIA GeForce RTX 5090, 0, 0
2026/07/14 22:53:42.213, 3, NVIDIA GeForce RTX 5090, 0, 0
2026/07/14 22:53:42.220, 4, NVIDIA GeForce RTX 5090, 0, 0
2026/07/14 22:53:44.356, 0, NVIDIA GeForce RTX 5090, 3083, 99
2026/07/14 22:53:44.360, 1, NVIDIA GeForce RTX 5090, 0, 0
2026/07/14 22:53:44.368, 2, NVIDIA GeForce RTX 5090, 0, 0
2026/07/14 22:53:44.375, 3, NVIDIA GeForce RTX 5090, 0, 0
2026/07/14 22:53:44.383, 4, NVIDIA GeForce RTX 5090, 0, 0
2026/07/14 22:53:46.523, 0, NVIDIA GeForce RTX 5090, 3083, 99
2026/07/14 22:53:46.526, 1, NVIDIA GeForce RTX 5090, 0, 0
2026/07/14 22:53:46.534, 2, NVIDIA GeForce RTX 5090, 0, 0
2026/07/14 22:53:46.542, 3, NVIDIA GeForce RTX 5090, 0, 0
2026/07/14 22:53:46.549, 4, NVIDIA GeForce RTX 5090, 0, 0
2026/07/14 22:53:48.690, 0, NVIDIA GeForce RTX 5090, 3083, 99
2026/07/14 22:53:48.696, 1, NVIDIA GeForce RTX 5090, 0, 0
2026/07/14 22:53:48.705, 2, NVIDIA GeForce RTX 5090, 0, 0
2026/07/14 22:53:48.712, 3, NVIDIA GeForce RTX 5090, 0, 0
2026/07/14 22:53:48.720, 4, NVIDIA GeForce RTX 5090, 0, 0
2026/07/14 22:53:50.858, 0, NVIDIA GeForce RTX 5090, 3083, 98
2026/07/14 22:53:50.864, 1, NVIDIA GeForce RTX 5090, 0, 0
2026/07/14 22:53:50.872, 2, NVIDIA GeForce RTX 5090, 0, 0
2026/07/14 22:53:50.880, 3, NVIDIA GeForce RTX 5090, 0, 0
2026/07/14 22:53:50.887, 4, NVIDIA GeForce RTX 5090, 0, 0
2026/07/14 22:53:53.044, 0, NVIDIA GeForce RTX 5090, 3083, 98
2026/07/14 22:53:53.050, 1, NVIDIA GeForce RTX 5090, 0, 0
2026/07/14 22:53:53.058, 2, NVIDIA GeForce RTX 5090, 0, 0
2026/07/14 22:53:53.066, 3, NVIDIA GeForce RTX 5090, 0, 0
2026/07/14 22:53:53.074, 4, NVIDIA GeForce RTX 5090, 0, 0
2026/07/14 22:53:55.211, 0, NVIDIA GeForce RTX 5090, 3083, 99
2026/07/14 22:53:55.217, 1, NVIDIA GeForce RTX 5090, 0, 0
2026/07/14 22:53:55.225, 2, NVIDIA GeForce RTX 5090, 0, 0
2026/07/14 22:53:55.233, 3, NVIDIA GeForce RTX 5090, 0, 0
2026/07/14 22:53:55.240, 4, NVIDIA GeForce RTX 5090, 0, 0
2026/07/14 22:53:57.378, 0, NVIDIA GeForce RTX 5090, 3083, 99
2026/07/14 22:53:57.384, 1, NVIDIA GeForce RTX 5090, 0, 0
2026/07/14 22:53:57.392, 2, NVIDIA GeForce RTX 5090, 0, 0
2026/07/14 22:53:57.399, 3, NVIDIA GeForce RTX 5090, 0, 0
2026/07/14 22:53:57.407, 4, NVIDIA GeForce RTX 5090, 0, 0
2026/07/14 22:53:59.543, 0, NVIDIA GeForce RTX 5090, 3083, 99
2026/07/14 22:53:59.549, 1, NVIDIA GeForce RTX 5090, 0, 0
2026/07/14 22:53:59.558, 2, NVIDIA GeForce RTX 5090, 0, 0
2026/07/14 22:53:59.565, 3, NVIDIA GeForce RTX 5090, 0, 0
2026/07/14 22:53:59.573, 4, NVIDIA GeForce RTX 5090, 0, 0
2026/07/14 22:54:01.714, 0, NVIDIA GeForce RTX 5090, 3083, 99
2026/07/14 22:54:01.717, 1, NVIDIA GeForce RTX 5090, 0, 0
2026/07/14 22:54:01.726, 2, NVIDIA GeForce RTX 5090, 0, 0
2026/07/14 22:54:01.733, 3, NVIDIA GeForce RTX 5090, 0, 0
2026/07/14 22:54:01.741, 4, NVIDIA GeForce RTX 5090, 0, 0
2026/07/14 22:54:03.897, 0, NVIDIA GeForce RTX 5090, 3083, 99
2026/07/14 22:54:03.899, 1, NVIDIA GeForce RTX 5090, 0, 0
2026/07/14 22:54:03.907, 2, NVIDIA GeForce RTX 5090, 0, 0
2026/07/14 22:54:03.915, 3, NVIDIA GeForce RTX 5090, 0, 0
2026/07/14 22:54:03.923, 4, NVIDIA GeForce RTX 5090, 0, 0
2026/07/14 22:54:06.075, 0, NVIDIA GeForce RTX 5090, 3083, 98
2026/07/14 22:54:06.081, 1, NVIDIA GeForce RTX 5090, 0, 0
2026/07/14 22:54:06.089, 2, NVIDIA GeForce RTX 5090, 0, 0
2026/07/14 22:54:06.101, 3, NVIDIA GeForce RTX 5090, 0, 0
2026/07/14 22:54:06.109, 4, NVIDIA GeForce RTX 5090, 0, 0
2026/07/14 22:54:08.263, 0, NVIDIA GeForce RTX 5090, 3083, 99
2026/07/14 22:54:08.271, 1, NVIDIA GeForce RTX 5090, 0, 0
2026/07/14 22:54:08.279, 2, NVIDIA GeForce RTX 5090, 0, 0
2026/07/14 22:54:08.286, 3, NVIDIA GeForce RTX 5090, 0, 0
2026/07/14 22:54:08.294, 4, NVIDIA GeForce RTX 5090, 0, 0
2026/07/14 22:54:10.434, 0, NVIDIA GeForce RTX 5090, 3083, 5
2026/07/14 22:54:10.438, 1, NVIDIA GeForce RTX 5090, 0, 0
2026/07/14 22:54:10.447, 2, NVIDIA GeForce RTX 5090, 0, 0
2026/07/14 22:54:10.456, 3, NVIDIA GeForce RTX 5090, 0, 0
2026/07/14 22:54:10.463, 4, NVIDIA GeForce RTX 5090, 0, 0
2026/07/14 22:54:12.619, 0, NVIDIA GeForce RTX 5090, 3083, 99
2026/07/14 22:54:12.626, 1, NVIDIA GeForce RTX 5090, 0, 0
2026/07/14 22:54:12.634, 2, NVIDIA GeForce RTX 5090, 0, 0
2026/07/14 22:54:12.642, 3, NVIDIA GeForce RTX 5090, 0, 0
2026/07/14 22:54:12.650, 4, NVIDIA GeForce RTX 5090, 0, 0
2026/07/14 22:54:14.789, 0, NVIDIA GeForce RTX 5090, 3083, 99
2026/07/14 22:54:14.794, 1, NVIDIA GeForce RTX 5090, 0, 0
2026/07/14 22:54:14.803, 2, NVIDIA GeForce RTX 5090, 0, 0
2026/07/14 22:54:14.811, 3, NVIDIA GeForce RTX 5090, 0, 0
2026/07/14 22:54:14.818, 4, NVIDIA GeForce RTX 5090, 0, 0
2026/07/14 22:54:16.953, 0, NVIDIA GeForce RTX 5090, 3083, 99
2026/07/14 22:54:16.957, 1, NVIDIA GeForce RTX 5090, 0, 0
2026/07/14 22:54:16.965, 2, NVIDIA GeForce RTX 5090, 0, 0
2026/07/14 22:54:16.973, 3, NVIDIA GeForce RTX 5090, 0, 0
2026/07/14 22:54:16.980, 4, NVIDIA GeForce RTX 5090, 0, 0
2026/07/14 22:54:19.117, 0, NVIDIA GeForce RTX 5090, 3083, 99
2026/07/14 22:54:19.123, 1, NVIDIA GeForce RTX 5090, 0, 0
2026/07/14 22:54:19.132, 2, NVIDIA GeForce RTX 5090, 0, 0
2026/07/14 22:54:19.139, 3, NVIDIA GeForce RTX 5090, 0, 0
2026/07/14 22:54:19.147, 4, NVIDIA GeForce RTX 5090, 0, 0
2026/07/14 22:54:21.282, 0, NVIDIA GeForce RTX 5090, 3083, 99
2026/07/14 22:54:21.289, 1, NVIDIA GeForce RTX 5090, 0, 0
2026/07/14 22:54:21.297, 2, NVIDIA GeForce RTX 5090, 0, 0
2026/07/14 22:54:21.306, 3, NVIDIA GeForce RTX 5090, 0, 0
2026/07/14 22:54:21.313, 4, NVIDIA GeForce RTX 5090, 0, 0
2026/07/14 22:54:23.445, 0, NVIDIA GeForce RTX 5090, 3083, 99
2026/07/14 22:54:23.451, 1, NVIDIA GeForce RTX 5090, 0, 0
2026/07/14 22:54:23.458, 2, NVIDIA GeForce RTX 5090, 0, 0
2026/07/14 22:54:23.466, 3, NVIDIA GeForce RTX 5090, 0, 0
2026/07/14 22:54:23.473, 4, NVIDIA GeForce RTX 5090, 0, 0
2026/07/14 22:54:25.609, 0, NVIDIA GeForce RTX 5090, 3083, 99
2026/07/14 22:54:25.614, 1, NVIDIA GeForce RTX 5090, 0, 0
2026/07/14 22:54:25.622, 2, NVIDIA GeForce RTX 5090, 0, 0
2026/07/14 22:54:25.632, 3, NVIDIA GeForce RTX 5090, 0, 0
2026/07/14 22:54:25.639, 4, NVIDIA GeForce RTX 5090, 0, 0
2026/07/14 22:54:27.771, 0, NVIDIA GeForce RTX 5090, 3083, 99
2026/07/14 22:54:27.775, 1, NVIDIA GeForce RTX 5090, 0, 0
2026/07/14 22:54:27.784, 2, NVIDIA GeForce RTX 5090, 0, 0
2026/07/14 22:54:27.791, 3, NVIDIA GeForce RTX 5090, 0, 0
2026/07/14 22:54:27.799, 4, NVIDIA GeForce RTX 5090, 0, 0
2026/07/14 22:54:29.960, 0, NVIDIA GeForce RTX 5090, 3083, 15
2026/07/14 22:54:29.962, 1, NVIDIA GeForce RTX 5090, 0, 0
2026/07/14 22:54:29.970, 2, NVIDIA GeForce RTX 5090, 0, 0
2026/07/14 22:54:29.978, 3, NVIDIA GeForce RTX 5090, 0, 0
2026/07/14 22:54:29.986, 4, NVIDIA GeForce RTX 5090, 0, 0
2026/07/14 22:54:32.123, 0, NVIDIA GeForce RTX 5090, 3085, 14
2026/07/14 22:54:32.128, 1, NVIDIA GeForce RTX 5090, 0, 0
2026/07/14 22:54:32.137, 2, NVIDIA GeForce RTX 5090, 0, 0
2026/07/14 22:54:32.145, 3, NVIDIA GeForce RTX 5090, 0, 0
2026/07/14 22:54:32.153, 4, NVIDIA GeForce RTX 5090, 0, 0
2026/07/14 22:54:34.306, 0, NVIDIA GeForce RTX 5090, 3085, 98
2026/07/14 22:54:34.311, 1, NVIDIA GeForce RTX 5090, 0, 0
2026/07/14 22:54:34.320, 2, NVIDIA GeForce RTX 5090, 0, 0
2026/07/14 22:54:34.327, 3, NVIDIA GeForce RTX 5090, 0, 0
2026/07/14 22:54:34.335, 4, NVIDIA GeForce RTX 5090, 0, 0
2026/07/14 22:54:36.478, 0, NVIDIA GeForce RTX 5090, 3085, 98
2026/07/14 22:54:36.485, 1, NVIDIA GeForce RTX 5090, 0, 0
2026/07/14 22:54:36.492, 2, NVIDIA GeForce RTX 5090, 0, 0
2026/07/14 22:54:36.500, 3, NVIDIA GeForce RTX 5090, 0, 0
2026/07/14 22:54:36.507, 4, NVIDIA GeForce RTX 5090, 0, 0
2026/07/14 22:54:38.640, 0, NVIDIA GeForce RTX 5090, 3085, 99
2026/07/14 22:54:38.646, 1, NVIDIA GeForce RTX 5090, 0, 0
2026/07/14 22:54:38.658, 2, NVIDIA GeForce RTX 5090, 0, 0
2026/07/14 22:54:38.686, 3, NVIDIA GeForce RTX 5090, 0, 0
2026/07/14 22:54:38.719, 4, NVIDIA GeForce RTX 5090, 0, 0
2026/07/14 22:54:40.858, 0, NVIDIA GeForce RTX 5090, 3085, 99
2026/07/14 22:54:40.864, 1, NVIDIA GeForce RTX 5090, 0, 0
2026/07/14 22:54:40.872, 2, NVIDIA GeForce RTX 5090, 0, 0
2026/07/14 22:54:40.880, 3, NVIDIA GeForce RTX 5090, 0, 0
2026/07/14 22:54:40.887, 4, NVIDIA GeForce RTX 5090, 0, 0
2026/07/14 22:54:43.043, 0, NVIDIA GeForce RTX 5090, 3085, 99
2026/07/14 22:54:43.048, 1, NVIDIA GeForce RTX 5090, 0, 0
2026/07/14 22:54:43.056, 2, NVIDIA GeForce RTX 5090, 0, 0
2026/07/14 22:54:43.064, 3, NVIDIA GeForce RTX 5090, 0, 0
2026/07/14 22:54:43.071, 4, NVIDIA GeForce RTX 5090, 0, 0
2026/07/14 22:54:45.206, 0, NVIDIA GeForce RTX 5090, 3085, 10
2026/07/14 22:54:45.212, 1, NVIDIA GeForce RTX 5090, 0, 0
2026/07/14 22:54:45.220, 2, NVIDIA GeForce RTX 5090, 0, 0
2026/07/14 22:54:45.227, 3, NVIDIA GeForce RTX 5090, 0, 0
2026/07/14 22:54:45.235, 4, NVIDIA GeForce RTX 5090, 0, 0
2026/07/14 22:54:47.372, 0, NVIDIA GeForce RTX 5090, 3085, 99
2026/07/14 22:54:47.378, 1, NVIDIA GeForce RTX 5090, 0, 0
2026/07/14 22:54:47.386, 2, NVIDIA GeForce RTX 5090, 0, 0
2026/07/14 22:54:47.393, 3, NVIDIA GeForce RTX 5090, 0, 0
2026/07/14 22:54:47.401, 4, NVIDIA GeForce RTX 5090, 0, 0
2026/07/14 22:54:49.536, 0, NVIDIA GeForce RTX 5090, 3085, 99
2026/07/14 22:54:49.542, 1, NVIDIA GeForce RTX 5090, 0, 0
2026/07/14 22:54:49.550, 2, NVIDIA GeForce RTX 5090, 0, 0
2026/07/14 22:54:49.560, 3, NVIDIA GeForce RTX 5090, 0, 0
2026/07/14 22:54:49.567, 4, NVIDIA GeForce RTX 5090, 0, 0
2026/07/14 22:54:51.704, 0, NVIDIA GeForce RTX 5090, 3085, 99
2026/07/14 22:54:51.711, 1, NVIDIA GeForce RTX 5090, 0, 0
2026/07/14 22:54:51.718, 2, NVIDIA GeForce RTX 5090, 0, 0
2026/07/14 22:54:51.726, 3, NVIDIA GeForce RTX 5090, 0, 0
2026/07/14 22:54:51.734, 4, NVIDIA GeForce RTX 5090, 0, 0
2026/07/14 22:54:53.873, 0, NVIDIA GeForce RTX 5090, 3085, 98
2026/07/14 22:54:53.879, 1, NVIDIA GeForce RTX 5090, 0, 0
2026/07/14 22:54:53.886, 2, NVIDIA GeForce RTX 5090, 0, 0
2026/07/14 22:54:53.894, 3, NVIDIA GeForce RTX 5090, 0, 0
2026/07/14 22:54:53.901, 4, NVIDIA GeForce RTX 5090, 0, 0
2026/07/14 22:54:56.038, 0, NVIDIA GeForce RTX 5090, 3085, 99
2026/07/14 22:54:56.043, 1, NVIDIA GeForce RTX 5090, 0, 0
2026/07/14 22:54:56.052, 2, NVIDIA GeForce RTX 5090, 0, 0
2026/07/14 22:54:56.059, 3, NVIDIA GeForce RTX 5090, 0, 0
2026/07/14 22:54:56.067, 4, NVIDIA GeForce RTX 5090, 0, 0
2026/07/14 22:54:58.208, 0, NVIDIA GeForce RTX 5090, 3085, 99
2026/07/14 22:54:58.214, 1, NVIDIA GeForce RTX 5090, 0, 0
2026/07/14 22:54:58.222, 2, NVIDIA GeForce RTX 5090, 0, 0
2026/07/14 22:54:58.230, 3, NVIDIA GeForce RTX 5090, 0, 0
2026/07/14 22:54:58.237, 4, NVIDIA GeForce RTX 5090, 0, 0
2026/07/14 22:55:00.379, 0, NVIDIA GeForce RTX 5090, 3085, 99
2026/07/14 22:55:00.384, 1, NVIDIA GeForce RTX 5090, 0, 0
2026/07/14 22:55:00.392, 2, NVIDIA GeForce RTX 5090, 0, 0
2026/07/14 22:55:00.400, 3, NVIDIA GeForce RTX 5090, 0, 0
2026/07/14 22:55:00.406, 4, NVIDIA GeForce RTX 5090, 0, 0
2026/07/14 22:55:02.545, 0, NVIDIA GeForce RTX 5090, 3085, 82
2026/07/14 22:55:02.551, 1, NVIDIA GeForce RTX 5090, 0, 0
2026/07/14 22:55:02.558, 2, NVIDIA GeForce RTX 5090, 0, 0
2026/07/14 22:55:02.566, 3, NVIDIA GeForce RTX 5090, 0, 0
2026/07/14 22:55:02.573, 4, NVIDIA GeForce RTX 5090, 0, 0
2026/07/14 22:55:04.708, 0, NVIDIA GeForce RTX 5090, 3085, 98
2026/07/14 22:55:04.714, 1, NVIDIA GeForce RTX 5090, 0, 0
2026/07/14 22:55:04.721, 2, NVIDIA GeForce RTX 5090, 0, 0
2026/07/14 22:55:04.729, 3, NVIDIA GeForce RTX 5090, 0, 0
2026/07/14 22:55:04.737, 4, NVIDIA GeForce RTX 5090, 0, 0
2026/07/14 22:55:06.880, 0, NVIDIA GeForce RTX 5090, 3085, 99
2026/07/14 22:55:06.884, 1, NVIDIA GeForce RTX 5090, 0, 0
2026/07/14 22:55:06.892, 2, NVIDIA GeForce RTX 5090, 0, 0
2026/07/14 22:55:06.900, 3, NVIDIA GeForce RTX 5090, 0, 0
2026/07/14 22:55:06.907, 4, NVIDIA GeForce RTX 5090, 0, 0
2026/07/14 22:55:09.084, 0, NVIDIA GeForce RTX 5090, 3085, 99
2026/07/14 22:55:09.088, 1, NVIDIA GeForce RTX 5090, 0, 0
2026/07/14 22:55:09.096, 2, NVIDIA GeForce RTX 5090, 0, 0
2026/07/14 22:55:09.103, 3, NVIDIA GeForce RTX 5090, 0, 0
2026/07/14 22:55:09.111, 4, NVIDIA GeForce RTX 5090, 0, 0
2026/07/14 22:55:11.248, 0, NVIDIA GeForce RTX 5090, 3085, 99
2026/07/14 22:55:11.253, 1, NVIDIA GeForce RTX 5090, 0, 0
2026/07/14 22:55:11.261, 2, NVIDIA GeForce RTX 5090, 0, 0
2026/07/14 22:55:11.270, 3, NVIDIA GeForce RTX 5090, 0, 0
2026/07/14 22:55:11.278, 4, NVIDIA GeForce RTX 5090, 0, 0
2026/07/14 22:55:13.413, 0, NVIDIA GeForce RTX 5090, 3085, 99
2026/07/14 22:55:13.416, 1, NVIDIA GeForce RTX 5090, 0, 0
2026/07/14 22:55:13.424, 2, NVIDIA GeForce RTX 5090, 0, 0
2026/07/14 22:55:13.431, 3, NVIDIA GeForce RTX 5090, 0, 0
2026/07/14 22:55:13.439, 4, NVIDIA GeForce RTX 5090, 0, 0
2026/07/14 22:55:15.575, 0, NVIDIA GeForce RTX 5090, 3085, 99
2026/07/14 22:55:15.580, 1, NVIDIA GeForce RTX 5090, 0, 0
2026/07/14 22:55:15.587, 2, NVIDIA GeForce RTX 5090, 0, 0
2026/07/14 22:55:15.596, 3, NVIDIA GeForce RTX 5090, 0, 0
2026/07/14 22:55:15.604, 4, NVIDIA GeForce RTX 5090, 0, 0
2026/07/14 22:55:17.739, 0, NVIDIA GeForce RTX 5090, 3085, 98
2026/07/14 22:55:17.744, 1, NVIDIA GeForce RTX 5090, 0, 0
2026/07/14 22:55:17.759, 2, NVIDIA GeForce RTX 5090, 0, 0
2026/07/14 22:55:17.767, 3, NVIDIA GeForce RTX 5090, 0, 0
2026/07/14 22:55:17.775, 4, NVIDIA GeForce RTX 5090, 0, 0
2026/07/14 22:55:19.909, 0, NVIDIA GeForce RTX 5090, 3085, 99
2026/07/14 22:55:19.915, 1, NVIDIA GeForce RTX 5090, 0, 0
2026/07/14 22:55:19.923, 2, NVIDIA GeForce RTX 5090, 0, 0
2026/07/14 22:55:19.931, 3, NVIDIA GeForce RTX 5090, 0, 0
2026/07/14 22:55:19.938, 4, NVIDIA GeForce RTX 5090, 0, 0
2026/07/14 22:55:22.073, 0, NVIDIA GeForce RTX 5090, 3085, 99
2026/07/14 22:55:22.079, 1, NVIDIA GeForce RTX 5090, 0, 0
2026/07/14 22:55:22.087, 2, NVIDIA GeForce RTX 5090, 0, 0
2026/07/14 22:55:22.095, 3, NVIDIA GeForce RTX 5090, 0, 0
2026/07/14 22:55:22.102, 4, NVIDIA GeForce RTX 5090, 0, 0
2026/07/14 22:55:24.243, 0, NVIDIA GeForce RTX 5090, 3085, 99
2026/07/14 22:55:24.247, 1, NVIDIA GeForce RTX 5090, 0, 0
2026/07/14 22:55:24.258, 2, NVIDIA GeForce RTX 5090, 0, 0
2026/07/14 22:55:24.265, 3, NVIDIA GeForce RTX 5090, 0, 0
2026/07/14 22:55:24.273, 4, NVIDIA GeForce RTX 5090, 0, 0
2026/07/14 22:55:26.427, 0, NVIDIA GeForce RTX 5090, 3085, 99
2026/07/14 22:55:26.433, 1, NVIDIA GeForce RTX 5090, 0, 0
2026/07/14 22:55:26.440, 2, NVIDIA GeForce RTX 5090, 0, 0
2026/07/14 22:55:26.449, 3, NVIDIA GeForce RTX 5090, 0, 0
2026/07/14 22:55:26.456, 4, NVIDIA GeForce RTX 5090, 0, 0
2026/07/14 22:55:28.592, 0, NVIDIA GeForce RTX 5090, 3085, 99
2026/07/14 22:55:28.598, 1, NVIDIA GeForce RTX 5090, 0, 0
2026/07/14 22:55:28.606, 2, NVIDIA GeForce RTX 5090, 0, 0
2026/07/14 22:55:28.614, 3, NVIDIA GeForce RTX 5090, 0, 0
2026/07/14 22:55:28.621, 4, NVIDIA GeForce RTX 5090, 0, 0
2026/07/14 22:55:30.763, 0, NVIDIA GeForce RTX 5090, 3085, 82
2026/07/14 22:55:30.769, 1, NVIDIA GeForce RTX 5090, 0, 0
2026/07/14 22:55:30.776, 2, NVIDIA GeForce RTX 5090, 0, 0
2026/07/14 22:55:30.783, 3, NVIDIA GeForce RTX 5090, 0, 0
2026/07/14 22:55:30.791, 4, NVIDIA GeForce RTX 5090, 0, 0
2026/07/14 22:55:32.924, 0, NVIDIA GeForce RTX 5090, 3085, 98
2026/07/14 22:55:32.928, 1, NVIDIA GeForce RTX 5090, 0, 0
2026/07/14 22:55:32.936, 2, NVIDIA GeForce RTX 5090, 0, 0
2026/07/14 22:55:32.944, 3, NVIDIA GeForce RTX 5090, 0, 0
2026/07/14 22:55:32.951, 4, NVIDIA GeForce RTX 5090, 0, 0
2026/07/14 22:55:35.107, 0, NVIDIA GeForce RTX 5090, 3085, 99
2026/07/14 22:55:35.114, 1, NVIDIA GeForce RTX 5090, 0, 0
2026/07/14 22:55:35.123, 2, NVIDIA GeForce RTX 5090, 0, 0
2026/07/14 22:55:35.130, 3, NVIDIA GeForce RTX 5090, 0, 0
2026/07/14 22:55:35.137, 4, NVIDIA GeForce RTX 5090, 0, 0
2026/07/14 22:55:37.277, 0, NVIDIA GeForce RTX 5090, 3085, 98
2026/07/14 22:55:37.282, 1, NVIDIA GeForce RTX 5090, 0, 0
2026/07/14 22:55:37.291, 2, NVIDIA GeForce RTX 5090, 0, 0
2026/07/14 22:55:37.298, 3, NVIDIA GeForce RTX 5090, 0, 0
2026/07/14 22:55:37.305, 4, NVIDIA GeForce RTX 5090, 0, 0
2026/07/14 22:55:39.441, 0, NVIDIA GeForce RTX 5090, 3085, 99
2026/07/14 22:55:39.446, 1, NVIDIA GeForce RTX 5090, 0, 0
2026/07/14 22:55:39.453, 2, NVIDIA GeForce RTX 5090, 0, 0
2026/07/14 22:55:39.461, 3, NVIDIA GeForce RTX 5090, 0, 0
2026/07/14 22:55:39.469, 4, NVIDIA GeForce RTX 5090, 0, 0
2026/07/14 22:55:41.671, 0, NVIDIA GeForce RTX 5090, 3085, 99
2026/07/14 22:55:41.674, 1, NVIDIA GeForce RTX 5090, 0, 0
2026/07/14 22:55:41.683, 2, NVIDIA GeForce RTX 5090, 0, 0
2026/07/14 22:55:41.700, 3, NVIDIA GeForce RTX 5090, 0, 0
2026/07/14 22:55:41.713, 4, NVIDIA GeForce RTX 5090, 0, 0
2026/07/14 22:55:43.863, 0, NVIDIA GeForce RTX 5090, 3085, 99
2026/07/14 22:55:43.869, 1, NVIDIA GeForce RTX 5090, 0, 0
2026/07/14 22:55:43.877, 2, NVIDIA GeForce RTX 5090, 0, 0
2026/07/14 22:55:43.885, 3, NVIDIA GeForce RTX 5090, 0, 0
2026/07/14 22:55:43.892, 4, NVIDIA GeForce RTX 5090, 0, 0
2026/07/14 22:55:46.028, 0, NVIDIA GeForce RTX 5090, 3085, 98
2026/07/14 22:55:46.034, 1, NVIDIA GeForce RTX 5090, 0, 0
2026/07/14 22:55:46.042, 2, NVIDIA GeForce RTX 5090, 0, 0
2026/07/14 22:55:46.052, 3, NVIDIA GeForce RTX 5090, 0, 0
2026/07/14 22:55:46.059, 4, NVIDIA GeForce RTX 5090, 0, 0
2026/07/14 22:55:48.197, 0, NVIDIA GeForce RTX 5090, 3085, 99
2026/07/14 22:55:48.202, 1, NVIDIA GeForce RTX 5090, 0, 0
2026/07/14 22:55:48.210, 2, NVIDIA GeForce RTX 5090, 0, 0
2026/07/14 22:55:48.218, 3, NVIDIA GeForce RTX 5090, 0, 0
2026/07/14 22:55:48.225, 4, NVIDIA GeForce RTX 5090, 0, 0
2026/07/14 22:55:50.365, 0, NVIDIA GeForce RTX 5090, 3085, 99
2026/07/14 22:55:50.370, 1, NVIDIA GeForce RTX 5090, 0, 0
2026/07/14 22:55:50.378, 2, NVIDIA GeForce RTX 5090, 0, 0
2026/07/14 22:55:50.386, 3, NVIDIA GeForce RTX 5090, 0, 0
2026/07/14 22:55:50.393, 4, NVIDIA GeForce RTX 5090, 0, 0
2026/07/14 22:55:52.565, 0, NVIDIA GeForce RTX 5090, 3085, 99
2026/07/14 22:55:52.572, 1, NVIDIA GeForce RTX 5090, 0, 0
2026/07/14 22:55:52.580, 2, NVIDIA GeForce RTX 5090, 0, 0
2026/07/14 22:55:52.586, 3, NVIDIA GeForce RTX 5090, 0, 0
2026/07/14 22:55:52.594, 4, NVIDIA GeForce RTX 5090, 0, 0
2026/07/14 22:55:54.729, 0, NVIDIA GeForce RTX 5090, 3085, 98
2026/07/14 22:55:54.734, 1, NVIDIA GeForce RTX 5090, 0, 0
2026/07/14 22:55:54.742, 2, NVIDIA GeForce RTX 5090, 0, 0
2026/07/14 22:55:54.750, 3, NVIDIA GeForce RTX 5090, 0, 0
2026/07/14 22:55:54.763, 4, NVIDIA GeForce RTX 5090, 0, 0
2026/07/14 22:55:56.917, 0, NVIDIA GeForce RTX 5090, 3085, 98
2026/07/14 22:55:56.922, 1, NVIDIA GeForce RTX 5090, 0, 0
2026/07/14 22:55:56.931, 2, NVIDIA GeForce RTX 5090, 0, 0
2026/07/14 22:55:56.939, 3, NVIDIA GeForce RTX 5090, 0, 0
2026/07/14 22:55:56.946, 4, NVIDIA GeForce RTX 5090, 0, 0
2026/07/14 22:55:59.083, 0, NVIDIA GeForce RTX 5090, 3085, 99
2026/07/14 22:55:59.089, 1, NVIDIA GeForce RTX 5090, 0, 0
2026/07/14 22:55:59.097, 2, NVIDIA GeForce RTX 5090, 0, 0
2026/07/14 22:55:59.105, 3, NVIDIA GeForce RTX 5090, 0, 0
2026/07/14 22:55:59.112, 4, NVIDIA GeForce RTX 5090, 0, 0
2026/07/14 22:56:01.266, 0, NVIDIA GeForce RTX 5090, 3085, 99
2026/07/14 22:56:01.271, 1, NVIDIA GeForce RTX 5090, 0, 0
2026/07/14 22:56:01.279, 2, NVIDIA GeForce RTX 5090, 0, 0
2026/07/14 22:56:01.287, 3, NVIDIA GeForce RTX 5090, 0, 0
2026/07/14 22:56:01.295, 4, NVIDIA GeForce RTX 5090, 0, 0
2026/07/14 22:56:03.435, 0, NVIDIA GeForce RTX 5090, 3085, 99
2026/07/14 22:56:03.441, 1, NVIDIA GeForce RTX 5090, 0, 0
2026/07/14 22:56:03.448, 2, NVIDIA GeForce RTX 5090, 0, 0
2026/07/14 22:56:03.455, 3, NVIDIA GeForce RTX 5090, 0, 0
2026/07/14 22:56:03.463, 4, NVIDIA GeForce RTX 5090, 0, 0
2026/07/14 22:56:05.600, 0, NVIDIA GeForce RTX 5090, 3085, 99
2026/07/14 22:56:05.607, 1, NVIDIA GeForce RTX 5090, 0, 0
2026/07/14 22:56:05.615, 2, NVIDIA GeForce RTX 5090, 0, 0
2026/07/14 22:56:05.622, 3, NVIDIA GeForce RTX 5090, 0, 0
2026/07/14 22:56:05.630, 4, NVIDIA GeForce RTX 5090, 0, 0
2026/07/14 22:56:07.767, 0, NVIDIA GeForce RTX 5090, 3085, 99
2026/07/14 22:56:07.772, 1, NVIDIA GeForce RTX 5090, 0, 0
2026/07/14 22:56:07.781, 2, NVIDIA GeForce RTX 5090, 0, 0
2026/07/14 22:56:07.789, 3, NVIDIA GeForce RTX 5090, 0, 0
2026/07/14 22:56:07.796, 4, NVIDIA GeForce RTX 5090, 0, 0
2026/07/14 22:56:09.932, 0, NVIDIA GeForce RTX 5090, 3085, 98
2026/07/14 22:56:09.937, 1, NVIDIA GeForce RTX 5090, 0, 0
2026/07/14 22:56:09.945, 2, NVIDIA GeForce RTX 5090, 0, 0
2026/07/14 22:56:09.953, 3, NVIDIA GeForce RTX 5090, 0, 0
2026/07/14 22:56:09.961, 4, NVIDIA GeForce RTX 5090, 0, 0
2026/07/14 22:56:12.104, 0, NVIDIA GeForce RTX 5090, 3085, 99
2026/07/14 22:56:12.112, 1, NVIDIA GeForce RTX 5090, 0, 0
2026/07/14 22:56:12.117, 2, NVIDIA GeForce RTX 5090, 0, 0
2026/07/14 22:56:12.124, 3, NVIDIA GeForce RTX 5090, 0, 0
2026/07/14 22:56:12.132, 4, NVIDIA GeForce RTX 5090, 0, 0
2026/07/14 22:56:14.272, 0, NVIDIA GeForce RTX 5090, 3085, 99
2026/07/14 22:56:14.276, 1, NVIDIA GeForce RTX 5090, 0, 0
2026/07/14 22:56:14.284, 2, NVIDIA GeForce RTX 5090, 0, 0
2026/07/14 22:56:14.294, 3, NVIDIA GeForce RTX 5090, 0, 0
2026/07/14 22:56:14.301, 4, NVIDIA GeForce RTX 5090, 0, 0
2026/07/14 22:56:16.437, 0, NVIDIA GeForce RTX 5090, 3085, 99
2026/07/14 22:56:16.442, 1, NVIDIA GeForce RTX 5090, 0, 0
2026/07/14 22:56:16.450, 2, NVIDIA GeForce RTX 5090, 0, 0
2026/07/14 22:56:16.458, 3, NVIDIA GeForce RTX 5090, 0, 0
2026/07/14 22:56:16.465, 4, NVIDIA GeForce RTX 5090, 0, 0
2026/07/14 22:56:18.600, 0, NVIDIA GeForce RTX 5090, 3085, 99
2026/07/14 22:56:18.607, 1, NVIDIA GeForce RTX 5090, 0, 0
2026/07/14 22:56:18.615, 2, NVIDIA GeForce RTX 5090, 0, 0
2026/07/14 22:56:18.621, 3, NVIDIA GeForce RTX 5090, 0, 0
2026/07/14 22:56:18.629, 4, NVIDIA GeForce RTX 5090, 0, 0
2026/07/14 22:56:20.767, 0, NVIDIA GeForce RTX 5090, 3085, 99
2026/07/14 22:56:20.771, 1, NVIDIA GeForce RTX 5090, 0, 0
2026/07/14 22:56:20.779, 2, NVIDIA GeForce RTX 5090, 0, 0
2026/07/14 22:56:20.786, 3, NVIDIA GeForce RTX 5090, 0, 0
2026/07/14 22:56:20.794, 4, NVIDIA GeForce RTX 5090, 0, 0
2026/07/14 22:56:22.934, 0, NVIDIA GeForce RTX 5090, 3085, 98
2026/07/14 22:56:22.938, 1, NVIDIA GeForce RTX 5090, 0, 0
2026/07/14 22:56:22.946, 2, NVIDIA GeForce RTX 5090, 0, 0
2026/07/14 22:56:22.954, 3, NVIDIA GeForce RTX 5090, 0, 0
2026/07/14 22:56:22.961, 4, NVIDIA GeForce RTX 5090, 0, 0
2026/07/14 22:56:25.101, 0, NVIDIA GeForce RTX 5090, 3085, 98
2026/07/14 22:56:25.108, 1, NVIDIA GeForce RTX 5090, 0, 0
2026/07/14 22:56:25.116, 2, NVIDIA GeForce RTX 5090, 0, 0
2026/07/14 22:56:25.123, 3, NVIDIA GeForce RTX 5090, 0, 0
2026/07/14 22:56:25.131, 4, NVIDIA GeForce RTX 5090, 0, 0
2026/07/14 22:56:27.270, 0, NVIDIA GeForce RTX 5090, 3085, 99
2026/07/14 22:56:27.274, 1, NVIDIA GeForce RTX 5090, 0, 0
2026/07/14 22:56:27.284, 2, NVIDIA GeForce RTX 5090, 0, 0
2026/07/14 22:56:27.291, 3, NVIDIA GeForce RTX 5090, 0, 0
2026/07/14 22:56:27.299, 4, NVIDIA GeForce RTX 5090, 0, 0
2026/07/14 22:56:29.440, 0, NVIDIA GeForce RTX 5090, 3085, 99
2026/07/14 22:56:29.446, 1, NVIDIA GeForce RTX 5090, 0, 0
2026/07/14 22:56:29.454, 2, NVIDIA GeForce RTX 5090, 0, 0
2026/07/14 22:56:29.461, 3, NVIDIA GeForce RTX 5090, 0, 0
2026/07/14 22:56:29.468, 4, NVIDIA GeForce RTX 5090, 0, 0
2026/07/14 22:56:31.612, 0, NVIDIA GeForce RTX 5090, 3085, 99
2026/07/14 22:56:31.617, 1, NVIDIA GeForce RTX 5090, 0, 0
2026/07/14 22:56:31.625, 2, NVIDIA GeForce RTX 5090, 0, 0
2026/07/14 22:56:31.632, 3, NVIDIA GeForce RTX 5090, 0, 0
2026/07/14 22:56:31.640, 4, NVIDIA GeForce RTX 5090, 0, 0
2026/07/14 22:56:33.779, 0, NVIDIA GeForce RTX 5090, 3085, 99
2026/07/14 22:56:33.783, 1, NVIDIA GeForce RTX 5090, 0, 0
2026/07/14 22:56:33.792, 2, NVIDIA GeForce RTX 5090, 0, 0
2026/07/14 22:56:33.799, 3, NVIDIA GeForce RTX 5090, 0, 0
2026/07/14 22:56:33.807, 4, NVIDIA GeForce RTX 5090, 0, 0
2026/07/14 22:56:35.943, 0, NVIDIA GeForce RTX 5090, 3085, 99
2026/07/14 22:56:35.946, 1, NVIDIA GeForce RTX 5090, 0, 0
2026/07/14 22:56:35.954, 2, NVIDIA GeForce RTX 5090, 0, 0
2026/07/14 22:56:35.962, 3, NVIDIA GeForce RTX 5090, 0, 0
2026/07/14 22:56:35.970, 4, NVIDIA GeForce RTX 5090, 0, 0
2026/07/14 22:56:38.144, 0, NVIDIA GeForce RTX 5090, 3085, 99
2026/07/14 22:56:38.149, 1, NVIDIA GeForce RTX 5090, 0, 0
2026/07/14 22:56:38.157, 2, NVIDIA GeForce RTX 5090, 0, 0
2026/07/14 22:56:38.164, 3, NVIDIA GeForce RTX 5090, 0, 0
2026/07/14 22:56:38.172, 4, NVIDIA GeForce RTX 5090, 0, 0
2026/07/14 22:56:40.317, 0, NVIDIA GeForce RTX 5090, 3085, 99
2026/07/14 22:56:40.323, 1, NVIDIA GeForce RTX 5090, 0, 0
2026/07/14 22:56:40.331, 2, NVIDIA GeForce RTX 5090, 0, 0
2026/07/14 22:56:40.339, 3, NVIDIA GeForce RTX 5090, 0, 0
2026/07/14 22:56:40.346, 4, NVIDIA GeForce RTX 5090, 0, 0
2026/07/14 22:56:42.500, 0, NVIDIA GeForce RTX 5090, 3085, 99
2026/07/14 22:56:42.504, 1, NVIDIA GeForce RTX 5090, 0, 0
2026/07/14 22:56:42.513, 2, NVIDIA GeForce RTX 5090, 0, 0
2026/07/14 22:56:42.520, 3, NVIDIA GeForce RTX 5090, 0, 0
2026/07/14 22:56:42.528, 4, NVIDIA GeForce RTX 5090, 0, 0
2026/07/14 22:56:44.701, 0, NVIDIA GeForce RTX 5090, 3085, 98
2026/07/14 22:56:44.709, 1, NVIDIA GeForce RTX 5090, 0, 0
2026/07/14 22:56:44.716, 2, NVIDIA GeForce RTX 5090, 0, 0
2026/07/14 22:56:44.725, 3, NVIDIA GeForce RTX 5090, 0, 0
2026/07/14 22:56:44.732, 4, NVIDIA GeForce RTX 5090, 0, 0
2026/07/14 22:56:46.907, 0, NVIDIA GeForce RTX 5090, 3085, 99
2026/07/14 22:56:46.912, 1, NVIDIA GeForce RTX 5090, 0, 0
2026/07/14 22:56:46.920, 2, NVIDIA GeForce RTX 5090, 0, 0
2026/07/14 22:56:46.927, 3, NVIDIA GeForce RTX 5090, 0, 0
2026/07/14 22:56:46.935, 4, NVIDIA GeForce RTX 5090, 0, 0
2026/07/14 22:56:49.110, 0, NVIDIA GeForce RTX 5090, 3085, 99
2026/07/14 22:56:49.115, 1, NVIDIA GeForce RTX 5090, 0, 0
2026/07/14 22:56:49.123, 2, NVIDIA GeForce RTX 5090, 0, 0
2026/07/14 22:56:49.131, 3, NVIDIA GeForce RTX 5090, 0, 0
2026/07/14 22:56:49.139, 4, NVIDIA GeForce RTX 5090, 0, 0
2026/07/14 22:56:51.279, 0, NVIDIA GeForce RTX 5090, 3085, 98
2026/07/14 22:56:51.284, 1, NVIDIA GeForce RTX 5090, 0, 0
2026/07/14 22:56:51.293, 2, NVIDIA GeForce RTX 5090, 0, 0
2026/07/14 22:56:51.300, 3, NVIDIA GeForce RTX 5090, 0, 0
2026/07/14 22:56:51.307, 4, NVIDIA GeForce RTX 5090, 0, 0
2026/07/14 22:56:53.486, 0, NVIDIA GeForce RTX 5090, 3085, 98
2026/07/14 22:56:53.492, 1, NVIDIA GeForce RTX 5090, 0, 0
2026/07/14 22:56:53.500, 2, NVIDIA GeForce RTX 5090, 0, 0
2026/07/14 22:56:53.507, 3, NVIDIA GeForce RTX 5090, 0, 0
2026/07/14 22:56:53.515, 4, NVIDIA GeForce RTX 5090, 0, 0
2026/07/14 22:56:55.670, 0, NVIDIA GeForce RTX 5090, 3085, 99
2026/07/14 22:56:55.674, 1, NVIDIA GeForce RTX 5090, 0, 0
2026/07/14 22:56:55.683, 2, NVIDIA GeForce RTX 5090, 0, 0
2026/07/14 22:56:55.690, 3, NVIDIA GeForce RTX 5090, 0, 0
2026/07/14 22:56:55.699, 4, NVIDIA GeForce RTX 5090, 0, 0
2026/07/14 22:56:57.838, 0, NVIDIA GeForce RTX 5090, 3085, 99
2026/07/14 22:56:57.844, 1, NVIDIA GeForce RTX 5090, 0, 0
2026/07/14 22:56:57.852, 2, NVIDIA GeForce RTX 5090, 0, 0
2026/07/14 22:56:57.860, 3, NVIDIA GeForce RTX 5090, 0, 0
2026/07/14 22:56:57.867, 4, NVIDIA GeForce RTX 5090, 0, 0
2026/07/14 22:57:00.004, 0, NVIDIA GeForce RTX 5090, 3085, 99
2026/07/14 22:57:00.009, 1, NVIDIA GeForce RTX 5090, 0, 0
2026/07/14 22:57:00.017, 2, NVIDIA GeForce RTX 5090, 0, 0
2026/07/14 22:57:00.027, 3, NVIDIA GeForce RTX 5090, 0, 0
2026/07/14 22:57:00.034, 4, NVIDIA GeForce RTX 5090, 0, 0
2026/07/14 22:57:02.187, 0, NVIDIA GeForce RTX 5090, 3085, 99
2026/07/14 22:57:02.191, 1, NVIDIA GeForce RTX 5090, 0, 0
2026/07/14 22:57:02.200, 2, NVIDIA GeForce RTX 5090, 0, 0
2026/07/14 22:57:02.207, 3, NVIDIA GeForce RTX 5090, 0, 0
2026/07/14 22:57:02.215, 4, NVIDIA GeForce RTX 5090, 0, 0
2026/07/14 22:57:04.371, 0, NVIDIA GeForce RTX 5090, 3085, 99
2026/07/14 22:57:04.376, 1, NVIDIA GeForce RTX 5090, 0, 0
2026/07/14 22:57:04.385, 2, NVIDIA GeForce RTX 5090, 0, 0
2026/07/14 22:57:04.393, 3, NVIDIA GeForce RTX 5090, 0, 0
2026/07/14 22:57:04.400, 4, NVIDIA GeForce RTX 5090, 0, 0
2026/07/14 22:57:06.537, 0, NVIDIA GeForce RTX 5090, 3085, 99
2026/07/14 22:57:06.541, 1, NVIDIA GeForce RTX 5090, 0, 0
2026/07/14 22:57:06.549, 2, NVIDIA GeForce RTX 5090, 0, 0
2026/07/14 22:57:06.558, 3, NVIDIA GeForce RTX 5090, 0, 0
2026/07/14 22:57:06.565, 4, NVIDIA GeForce RTX 5090, 0, 0
2026/07/14 22:57:08.702, 0, NVIDIA GeForce RTX 5090, 3085, 99
2026/07/14 22:57:08.707, 1, NVIDIA GeForce RTX 5090, 0, 0
2026/07/14 22:57:08.715, 2, NVIDIA GeForce RTX 5090, 0, 0
2026/07/14 22:57:08.722, 3, NVIDIA GeForce RTX 5090, 0, 0
2026/07/14 22:57:08.729, 4, NVIDIA GeForce RTX 5090, 0, 0
2026/07/14 22:57:10.869, 0, NVIDIA GeForce RTX 5090, 3085, 99
2026/07/14 22:57:10.873, 1, NVIDIA GeForce RTX 5090, 0, 0
2026/07/14 22:57:10.881, 2, NVIDIA GeForce RTX 5090, 0, 0
2026/07/14 22:57:10.889, 3, NVIDIA GeForce RTX 5090, 0, 0
2026/07/14 22:57:10.896, 4, NVIDIA GeForce RTX 5090, 0, 0
2026/07/14 22:57:13.051, 0, NVIDIA GeForce RTX 5090, 3085, 66
2026/07/14 22:57:13.056, 1, NVIDIA GeForce RTX 5090, 0, 0
2026/07/14 22:57:13.067, 2, NVIDIA GeForce RTX 5090, 0, 0
2026/07/14 22:57:13.075, 3, NVIDIA GeForce RTX 5090, 0, 0
2026/07/14 22:57:13.082, 4, NVIDIA GeForce RTX 5090, 0, 0
2026/07/14 22:57:15.220, 0, NVIDIA GeForce RTX 5090, 3085, 99
2026/07/14 22:57:15.223, 1, NVIDIA GeForce RTX 5090, 0, 0
2026/07/14 22:57:15.233, 2, NVIDIA GeForce RTX 5090, 0, 0
2026/07/14 22:57:15.246, 3, NVIDIA GeForce RTX 5090, 0, 0
2026/07/14 22:57:15.253, 4, NVIDIA GeForce RTX 5090, 0, 0
2026/07/14 22:57:17.386, 0, NVIDIA GeForce RTX 5090, 3085, 99
2026/07/14 22:57:17.392, 1, NVIDIA GeForce RTX 5090, 0, 0
2026/07/14 22:57:17.400, 2, NVIDIA GeForce RTX 5090, 0, 0
2026/07/14 22:57:17.407, 3, NVIDIA GeForce RTX 5090, 0, 0
2026/07/14 22:57:17.416, 4, NVIDIA GeForce RTX 5090, 0, 0
2026/07/14 22:57:19.556, 0, NVIDIA GeForce RTX 5090, 3085, 99
2026/07/14 22:57:19.562, 1, NVIDIA GeForce RTX 5090, 0, 0
2026/07/14 22:57:19.570, 2, NVIDIA GeForce RTX 5090, 0, 0
2026/07/14 22:57:19.578, 3, NVIDIA GeForce RTX 5090, 0, 0
2026/07/14 22:57:19.585, 4, NVIDIA GeForce RTX 5090, 0, 0
2026/07/14 22:57:21.723, 0, NVIDIA GeForce RTX 5090, 3085, 99
2026/07/14 22:57:21.729, 1, NVIDIA GeForce RTX 5090, 0, 0
2026/07/14 22:57:21.737, 2, NVIDIA GeForce RTX 5090, 0, 0
2026/07/14 22:57:21.752, 3, NVIDIA GeForce RTX 5090, 0, 0
2026/07/14 22:57:21.759, 4, NVIDIA GeForce RTX 5090, 0, 0
2026/07/14 22:57:23.891, 0, NVIDIA GeForce RTX 5090, 3085, 99
2026/07/14 22:57:23.898, 1, NVIDIA GeForce RTX 5090, 0, 0
2026/07/14 22:57:23.906, 2, NVIDIA GeForce RTX 5090, 0, 0
2026/07/14 22:57:23.914, 3, NVIDIA GeForce RTX 5090, 0, 0
2026/07/14 22:57:23.921, 4, NVIDIA GeForce RTX 5090, 0, 0
2026/07/14 22:57:26.062, 0, NVIDIA GeForce RTX 5090, 3085, 98
2026/07/14 22:57:26.066, 1, NVIDIA GeForce RTX 5090, 0, 0
2026/07/14 22:57:26.074, 2, NVIDIA GeForce RTX 5090, 0, 0
2026/07/14 22:57:26.082, 3, NVIDIA GeForce RTX 5090, 0, 0
2026/07/14 22:57:26.089, 4, NVIDIA GeForce RTX 5090, 0, 0
2026/07/14 22:57:28.227, 0, NVIDIA GeForce RTX 5090, 3085, 99
2026/07/14 22:57:28.233, 1, NVIDIA GeForce RTX 5090, 0, 0
2026/07/14 22:57:28.241, 2, NVIDIA GeForce RTX 5090, 0, 0
2026/07/14 22:57:28.258, 3, NVIDIA GeForce RTX 5090, 0, 0
2026/07/14 22:57:28.266, 4, NVIDIA GeForce RTX 5090, 0, 0
2026/07/14 22:57:30.403, 0, NVIDIA GeForce RTX 5090, 3085, 99
2026/07/14 22:57:30.413, 1, NVIDIA GeForce RTX 5090, 0, 0
2026/07/14 22:57:30.421, 2, NVIDIA GeForce RTX 5090, 0, 0
2026/07/14 22:57:30.429, 3, NVIDIA GeForce RTX 5090, 0, 0
2026/07/14 22:57:30.437, 4, NVIDIA GeForce RTX 5090, 0, 0
2026/07/14 22:57:32.572, 0, NVIDIA GeForce RTX 5090, 3085, 99
2026/07/14 22:57:32.579, 1, NVIDIA GeForce RTX 5090, 0, 0
2026/07/14 22:57:32.586, 2, NVIDIA GeForce RTX 5090, 0, 0
2026/07/14 22:57:32.596, 3, NVIDIA GeForce RTX 5090, 0, 0
2026/07/14 22:57:32.603, 4, NVIDIA GeForce RTX 5090, 0, 0
2026/07/14 22:57:34.747, 0, NVIDIA GeForce RTX 5090, 3085, 99
2026/07/14 22:57:34.754, 1, NVIDIA GeForce RTX 5090, 0, 0
2026/07/14 22:57:34.762, 2, NVIDIA GeForce RTX 5090, 0, 0
2026/07/14 22:57:34.770, 3, NVIDIA GeForce RTX 5090, 0, 0
2026/07/14 22:57:34.778, 4, NVIDIA GeForce RTX 5090, 0, 0
2026/07/14 22:57:36.916, 0, NVIDIA GeForce RTX 5090, 3085, 99
2026/07/14 22:57:36.922, 1, NVIDIA GeForce RTX 5090, 0, 0
2026/07/14 22:57:36.929, 2, NVIDIA GeForce RTX 5090, 0, 0
2026/07/14 22:57:36.937, 3, NVIDIA GeForce RTX 5090, 0, 0
2026/07/14 22:57:36.945, 4, NVIDIA GeForce RTX 5090, 0, 0
2026/07/14 22:57:39.079, 0, NVIDIA GeForce RTX 5090, 3085, 99
2026/07/14 22:57:39.086, 1, NVIDIA GeForce RTX 5090, 0, 0
2026/07/14 22:57:39.094, 2, NVIDIA GeForce RTX 5090, 0, 0
2026/07/14 22:57:39.101, 3, NVIDIA GeForce RTX 5090, 0, 0
2026/07/14 22:57:39.109, 4, NVIDIA GeForce RTX 5090, 0, 0
2026/07/14 22:57:41.244, 0, NVIDIA GeForce RTX 5090, 3085, 62
2026/07/14 22:57:41.249, 1, NVIDIA GeForce RTX 5090, 0, 0
2026/07/14 22:57:41.258, 2, NVIDIA GeForce RTX 5090, 0, 0
2026/07/14 22:57:41.270, 3, NVIDIA GeForce RTX 5090, 0, 0
2026/07/14 22:57:41.278, 4, NVIDIA GeForce RTX 5090, 0, 0
2026/07/14 22:57:43.414, 0, NVIDIA GeForce RTX 5090, 3085, 5
2026/07/14 22:57:43.420, 1, NVIDIA GeForce RTX 5090, 0, 0
2026/07/14 22:57:43.428, 2, NVIDIA GeForce RTX 5090, 0, 0
2026/07/14 22:57:43.436, 3, NVIDIA GeForce RTX 5090, 0, 0
2026/07/14 22:57:43.443, 4, NVIDIA GeForce RTX 5090, 0, 0
2026/07/14 22:57:45.572, 0, NVIDIA GeForce RTX 5090, 3085, 99
2026/07/14 22:57:45.578, 1, NVIDIA GeForce RTX 5090, 0, 0
2026/07/14 22:57:45.585, 2, NVIDIA GeForce RTX 5090, 0, 0
2026/07/14 22:57:45.593, 3, NVIDIA GeForce RTX 5090, 0, 0
2026/07/14 22:57:45.600, 4, NVIDIA GeForce RTX 5090, 0, 0
2026/07/14 22:57:47.760, 0, NVIDIA GeForce RTX 5090, 3085, 99
2026/07/14 22:57:47.766, 1, NVIDIA GeForce RTX 5090, 0, 0
2026/07/14 22:57:47.774, 2, NVIDIA GeForce RTX 5090, 0, 0
2026/07/14 22:57:47.782, 3, NVIDIA GeForce RTX 5090, 0, 0
2026/07/14 22:57:47.789, 4, NVIDIA GeForce RTX 5090, 0, 0
2026/07/14 22:57:49.946, 0, NVIDIA GeForce RTX 5090, 3085, 99
2026/07/14 22:57:49.952, 1, NVIDIA GeForce RTX 5090, 0, 0
2026/07/14 22:57:49.963, 2, NVIDIA GeForce RTX 5090, 0, 0
2026/07/14 22:57:49.971, 3, NVIDIA GeForce RTX 5090, 0, 0
2026/07/14 22:57:49.978, 4, NVIDIA GeForce RTX 5090, 0, 0
2026/07/14 22:57:52.118, 0, NVIDIA GeForce RTX 5090, 3085, 99
2026/07/14 22:57:52.124, 1, NVIDIA GeForce RTX 5090, 0, 0
2026/07/14 22:57:52.132, 2, NVIDIA GeForce RTX 5090, 0, 0
2026/07/14 22:57:52.140, 3, NVIDIA GeForce RTX 5090, 0, 0
2026/07/14 22:57:52.147, 4, NVIDIA GeForce RTX 5090, 0, 0
2026/07/14 22:57:54.281, 0, NVIDIA GeForce RTX 5090, 3085, 98
2026/07/14 22:57:54.288, 1, NVIDIA GeForce RTX 5090, 0, 0
2026/07/14 22:57:54.296, 2, NVIDIA GeForce RTX 5090, 0, 0
2026/07/14 22:57:54.305, 3, NVIDIA GeForce RTX 5090, 0, 0
2026/07/14 22:57:54.313, 4, NVIDIA GeForce RTX 5090, 0, 0
2026/07/14 22:57:56.469, 0, NVIDIA GeForce RTX 5090, 3085, 99
2026/07/14 22:57:56.475, 1, NVIDIA GeForce RTX 5090, 0, 0
2026/07/14 22:57:56.484, 2, NVIDIA GeForce RTX 5090, 0, 0
2026/07/14 22:57:56.491, 3, NVIDIA GeForce RTX 5090, 0, 0
2026/07/14 22:57:56.499, 4, NVIDIA GeForce RTX 5090, 0, 0
2026/07/14 22:57:58.675, 0, NVIDIA GeForce RTX 5090, 3085, 99
2026/07/14 22:57:58.680, 1, NVIDIA GeForce RTX 5090, 0, 0
2026/07/14 22:57:58.689, 2, NVIDIA GeForce RTX 5090, 0, 0
2026/07/14 22:57:58.696, 3, NVIDIA GeForce RTX 5090, 0, 0
2026/07/14 22:57:58.704, 4, NVIDIA GeForce RTX 5090, 0, 0
2026/07/14 22:58:00.836, 0, NVIDIA GeForce RTX 5090, 3085, 99
2026/07/14 22:58:00.841, 1, NVIDIA GeForce RTX 5090, 0, 0
2026/07/14 22:58:00.849, 2, NVIDIA GeForce RTX 5090, 0, 0
2026/07/14 22:58:00.856, 3, NVIDIA GeForce RTX 5090, 0, 0
2026/07/14 22:58:00.864, 4, NVIDIA GeForce RTX 5090, 0, 0
2026/07/14 22:58:03.016, 0, NVIDIA GeForce RTX 5090, 3085, 99
2026/07/14 22:58:03.021, 1, NVIDIA GeForce RTX 5090, 0, 0
2026/07/14 22:58:03.030, 2, NVIDIA GeForce RTX 5090, 0, 0
2026/07/14 22:58:03.038, 3, NVIDIA GeForce RTX 5090, 0, 0
2026/07/14 22:58:03.047, 4, NVIDIA GeForce RTX 5090, 0, 0
2026/07/14 22:58:05.181, 0, NVIDIA GeForce RTX 5090, 3085, 99
2026/07/14 22:58:05.186, 1, NVIDIA GeForce RTX 5090, 0, 0
2026/07/14 22:58:05.194, 2, NVIDIA GeForce RTX 5090, 0, 0
2026/07/14 22:58:05.202, 3, NVIDIA GeForce RTX 5090, 0, 0
2026/07/14 22:58:05.210, 4, NVIDIA GeForce RTX 5090, 0, 0
2026/07/14 22:58:07.346, 0, NVIDIA GeForce RTX 5090, 3085, 99
2026/07/14 22:58:07.352, 1, NVIDIA GeForce RTX 5090, 0, 0
2026/07/14 22:58:07.360, 2, NVIDIA GeForce RTX 5090, 0, 0
2026/07/14 22:58:07.370, 3, NVIDIA GeForce RTX 5090, 0, 0
2026/07/14 22:58:07.380, 4, NVIDIA GeForce RTX 5090, 0, 0
2026/07/14 22:58:09.520, 0, NVIDIA GeForce RTX 5090, 3085, 99
2026/07/14 22:58:09.526, 1, NVIDIA GeForce RTX 5090, 0, 0
2026/07/14 22:58:09.534, 2, NVIDIA GeForce RTX 5090, 0, 0
2026/07/14 22:58:09.541, 3, NVIDIA GeForce RTX 5090, 0, 0
2026/07/14 22:58:09.549, 4, NVIDIA GeForce RTX 5090, 0, 0
2026/07/14 22:58:11.686, 0, NVIDIA GeForce RTX 5090, 3085, 8
2026/07/14 22:58:11.692, 1, NVIDIA GeForce RTX 5090, 0, 0
2026/07/14 22:58:11.700, 2, NVIDIA GeForce RTX 5090, 0, 0
2026/07/14 22:58:11.708, 3, NVIDIA GeForce RTX 5090, 0, 0
2026/07/14 22:58:11.715, 4, NVIDIA GeForce RTX 5090, 0, 0
2026/07/14 22:58:13.852, 0, NVIDIA GeForce RTX 5090, 3085, 99
2026/07/14 22:58:13.858, 1, NVIDIA GeForce RTX 5090, 0, 0
2026/07/14 22:58:13.866, 2, NVIDIA GeForce RTX 5090, 0, 0
2026/07/14 22:58:13.874, 3, NVIDIA GeForce RTX 5090, 0, 0
2026/07/14 22:58:13.882, 4, NVIDIA GeForce RTX 5090, 0, 0
2026/07/14 22:58:16.027, 0, NVIDIA GeForce RTX 5090, 3085, 99
2026/07/14 22:58:16.033, 1, NVIDIA GeForce RTX 5090, 0, 0
2026/07/14 22:58:16.043, 2, NVIDIA GeForce RTX 5090, 0, 0
2026/07/14 22:58:16.050, 3, NVIDIA GeForce RTX 5090, 0, 0
2026/07/14 22:58:16.057, 4, NVIDIA GeForce RTX 5090, 0, 0
2026/07/14 22:58:18.199, 0, NVIDIA GeForce RTX 5090, 3085, 99
2026/07/14 22:58:18.205, 1, NVIDIA GeForce RTX 5090, 0, 0
2026/07/14 22:58:18.213, 2, NVIDIA GeForce RTX 5090, 0, 0
2026/07/14 22:58:18.223, 3, NVIDIA GeForce RTX 5090, 0, 0
2026/07/14 22:58:18.232, 4, NVIDIA GeForce RTX 5090, 0, 0
2026/07/14 22:58:20.368, 0, NVIDIA GeForce RTX 5090, 3085, 99
2026/07/14 22:58:20.374, 1, NVIDIA GeForce RTX 5090, 0, 0
2026/07/14 22:58:20.382, 2, NVIDIA GeForce RTX 5090, 0, 0
2026/07/14 22:58:20.390, 3, NVIDIA GeForce RTX 5090, 0, 0
2026/07/14 22:58:20.398, 4, NVIDIA GeForce RTX 5090, 0, 0
2026/07/14 22:58:22.531, 0, NVIDIA GeForce RTX 5090, 3085, 99
2026/07/14 22:58:22.538, 1, NVIDIA GeForce RTX 5090, 0, 0
2026/07/14 22:58:22.546, 2, NVIDIA GeForce RTX 5090, 0, 0
2026/07/14 22:58:22.554, 3, NVIDIA GeForce RTX 5090, 0, 0
2026/07/14 22:58:22.561, 4, NVIDIA GeForce RTX 5090, 0, 0
2026/07/14 22:58:24.696, 0, NVIDIA GeForce RTX 5090, 3085, 99
2026/07/14 22:58:24.701, 1, NVIDIA GeForce RTX 5090, 0, 0
2026/07/14 22:58:24.710, 2, NVIDIA GeForce RTX 5090, 0, 0
2026/07/14 22:58:24.717, 3, NVIDIA GeForce RTX 5090, 0, 0
2026/07/14 22:58:24.724, 4, NVIDIA GeForce RTX 5090, 0, 0
2026/07/14 22:58:26.859, 0, NVIDIA GeForce RTX 5090, 3085, 99
2026/07/14 22:58:26.862, 1, NVIDIA GeForce RTX 5090, 0, 0
2026/07/14 22:58:26.871, 2, NVIDIA GeForce RTX 5090, 0, 0
2026/07/14 22:58:26.878, 3, NVIDIA GeForce RTX 5090, 0, 0
2026/07/14 22:58:26.886, 4, NVIDIA GeForce RTX 5090, 0, 0
2026/07/14 22:58:29.033, 0, NVIDIA GeForce RTX 5090, 3085, 99
2026/07/14 22:58:29.039, 1, NVIDIA GeForce RTX 5090, 0, 0
2026/07/14 22:58:29.047, 2, NVIDIA GeForce RTX 5090, 0, 0
2026/07/14 22:58:29.055, 3, NVIDIA GeForce RTX 5090, 0, 0
2026/07/14 22:58:29.062, 4, NVIDIA GeForce RTX 5090, 0, 0
2026/07/14 22:58:31.220, 0, NVIDIA GeForce RTX 5090, 3085, 99
2026/07/14 22:58:31.225, 1, NVIDIA GeForce RTX 5090, 0, 0
2026/07/14 22:58:31.233, 2, NVIDIA GeForce RTX 5090, 0, 0
2026/07/14 22:58:31.241, 3, NVIDIA GeForce RTX 5090, 0, 0
2026/07/14 22:58:31.249, 4, NVIDIA GeForce RTX 5090, 0, 0
2026/07/14 22:58:33.388, 0, NVIDIA GeForce RTX 5090, 3085, 99
2026/07/14 22:58:33.394, 1, NVIDIA GeForce RTX 5090, 0, 0
2026/07/14 22:58:33.402, 2, NVIDIA GeForce RTX 5090, 0, 0
2026/07/14 22:58:33.410, 3, NVIDIA GeForce RTX 5090, 0, 0
2026/07/14 22:58:33.418, 4, NVIDIA GeForce RTX 5090, 0, 0
2026/07/14 22:58:35.557, 0, NVIDIA GeForce RTX 5090, 3085, 99
2026/07/14 22:58:35.563, 1, NVIDIA GeForce RTX 5090, 0, 0
2026/07/14 22:58:35.571, 2, NVIDIA GeForce RTX 5090, 0, 0
2026/07/14 22:58:35.579, 3, NVIDIA GeForce RTX 5090, 0, 0
2026/07/14 22:58:35.586, 4, NVIDIA GeForce RTX 5090, 0, 0
2026/07/14 22:58:37.724, 0, NVIDIA GeForce RTX 5090, 3085, 99
2026/07/14 22:58:37.729, 1, NVIDIA GeForce RTX 5090, 0, 0
2026/07/14 22:58:37.737, 2, NVIDIA GeForce RTX 5090, 0, 0
2026/07/14 22:58:37.744, 3, NVIDIA GeForce RTX 5090, 0, 0
2026/07/14 22:58:37.752, 4, NVIDIA GeForce RTX 5090, 0, 0
2026/07/14 22:58:39.889, 0, NVIDIA GeForce RTX 5090, 3085, 10
2026/07/14 22:58:39.895, 1, NVIDIA GeForce RTX 5090, 0, 0
2026/07/14 22:58:39.903, 2, NVIDIA GeForce RTX 5090, 0, 0
2026/07/14 22:58:39.911, 3, NVIDIA GeForce RTX 5090, 0, 0
2026/07/14 22:58:39.919, 4, NVIDIA GeForce RTX 5090, 0, 0
2026/07/14 22:58:42.079, 0, NVIDIA GeForce RTX 5090, 3085, 99
2026/07/14 22:58:42.088, 1, NVIDIA GeForce RTX 5090, 0, 0
2026/07/14 22:58:42.095, 2, NVIDIA GeForce RTX 5090, 0, 0
2026/07/14 22:58:42.110, 3, NVIDIA GeForce RTX 5090, 0, 0
2026/07/14 22:58:42.126, 4, NVIDIA GeForce RTX 5090, 0, 0
2026/07/14 22:58:44.268, 0, NVIDIA GeForce RTX 5090, 3085, 99
2026/07/14 22:58:44.275, 1, NVIDIA GeForce RTX 5090, 0, 0
2026/07/14 22:58:44.283, 2, NVIDIA GeForce RTX 5090, 0, 0
2026/07/14 22:58:44.291, 3, NVIDIA GeForce RTX 5090, 0, 0
2026/07/14 22:58:44.298, 4, NVIDIA GeForce RTX 5090, 0, 0
2026/07/14 22:58:46.437, 0, NVIDIA GeForce RTX 5090, 3085, 99
2026/07/14 22:58:46.443, 1, NVIDIA GeForce RTX 5090, 0, 0
2026/07/14 22:58:46.451, 2, NVIDIA GeForce RTX 5090, 0, 0
2026/07/14 22:58:46.458, 3, NVIDIA GeForce RTX 5090, 0, 0
2026/07/14 22:58:46.465, 4, NVIDIA GeForce RTX 5090, 0, 0
2026/07/14 22:58:48.601, 0, NVIDIA GeForce RTX 5090, 3085, 98
2026/07/14 22:58:48.607, 1, NVIDIA GeForce RTX 5090, 0, 0
2026/07/14 22:58:48.613, 2, NVIDIA GeForce RTX 5090, 0, 0
2026/07/14 22:58:48.621, 3, NVIDIA GeForce RTX 5090, 0, 0
2026/07/14 22:58:48.629, 4, NVIDIA GeForce RTX 5090, 0, 0
2026/07/14 22:58:50.766, 0, NVIDIA GeForce RTX 5090, 3085, 99
2026/07/14 22:58:50.770, 1, NVIDIA GeForce RTX 5090, 0, 0
2026/07/14 22:58:50.779, 2, NVIDIA GeForce RTX 5090, 0, 0
2026/07/14 22:58:50.788, 3, NVIDIA GeForce RTX 5090, 0, 0
2026/07/14 22:58:50.797, 4, NVIDIA GeForce RTX 5090, 0, 0
2026/07/14 22:58:52.938, 0, NVIDIA GeForce RTX 5090, 3085, 99
2026/07/14 22:58:52.944, 1, NVIDIA GeForce RTX 5090, 0, 0
2026/07/14 22:58:52.953, 2, NVIDIA GeForce RTX 5090, 0, 0
2026/07/14 22:58:52.960, 3, NVIDIA GeForce RTX 5090, 0, 0
2026/07/14 22:58:52.968, 4, NVIDIA GeForce RTX 5090, 0, 0
2026/07/14 22:58:55.105, 0, NVIDIA GeForce RTX 5090, 3085, 5
2026/07/14 22:58:55.111, 1, NVIDIA GeForce RTX 5090, 0, 0
2026/07/14 22:58:55.119, 2, NVIDIA GeForce RTX 5090, 0, 0
2026/07/14 22:58:55.126, 3, NVIDIA GeForce RTX 5090, 0, 0
2026/07/14 22:58:55.134, 4, NVIDIA GeForce RTX 5090, 0, 0
2026/07/14 22:58:57.273, 0, NVIDIA GeForce RTX 5090, 3085, 99
2026/07/14 22:58:57.275, 1, NVIDIA GeForce RTX 5090, 0, 0
2026/07/14 22:58:57.283, 2, NVIDIA GeForce RTX 5090, 0, 0
2026/07/14 22:58:57.291, 3, NVIDIA GeForce RTX 5090, 0, 0
2026/07/14 22:58:57.298, 4, NVIDIA GeForce RTX 5090, 0, 0
2026/07/14 22:58:59.451, 0, NVIDIA GeForce RTX 5090, 3085, 98
2026/07/14 22:58:59.456, 1, NVIDIA GeForce RTX 5090, 0, 0
2026/07/14 22:58:59.465, 2, NVIDIA GeForce RTX 5090, 0, 0
2026/07/14 22:58:59.472, 3, NVIDIA GeForce RTX 5090, 0, 0
2026/07/14 22:58:59.480, 4, NVIDIA GeForce RTX 5090, 0, 0
2026/07/14 22:59:01.618, 0, NVIDIA GeForce RTX 5090, 3085, 99
2026/07/14 22:59:01.624, 1, NVIDIA GeForce RTX 5090, 0, 0
2026/07/14 22:59:01.631, 2, NVIDIA GeForce RTX 5090, 0, 0
2026/07/14 22:59:01.639, 3, NVIDIA GeForce RTX 5090, 0, 0
2026/07/14 22:59:01.646, 4, NVIDIA GeForce RTX 5090, 0, 0
2026/07/14 22:59:03.781, 0, NVIDIA GeForce RTX 5090, 3085, 99
2026/07/14 22:59:03.786, 1, NVIDIA GeForce RTX 5090, 0, 0
2026/07/14 22:59:03.794, 2, NVIDIA GeForce RTX 5090, 0, 0
2026/07/14 22:59:03.802, 3, NVIDIA GeForce RTX 5090, 0, 0
2026/07/14 22:59:03.809, 4, NVIDIA GeForce RTX 5090, 0, 0
2026/07/14 22:59:05.971, 0, NVIDIA GeForce RTX 5090, 3085, 99
2026/07/14 22:59:05.977, 1, NVIDIA GeForce RTX 5090, 0, 0
2026/07/14 22:59:05.986, 2, NVIDIA GeForce RTX 5090, 0, 0
2026/07/14 22:59:05.993, 3, NVIDIA GeForce RTX 5090, 0, 0
2026/07/14 22:59:06.001, 4, NVIDIA GeForce RTX 5090, 0, 0
2026/07/14 22:59:08.137, 0, NVIDIA GeForce RTX 5090, 3085, 99
2026/07/14 22:59:08.142, 1, NVIDIA GeForce RTX 5090, 0, 0
2026/07/14 22:59:08.150, 2, NVIDIA GeForce RTX 5090, 0, 0
2026/07/14 22:59:08.158, 3, NVIDIA GeForce RTX 5090, 0, 0
2026/07/14 22:59:08.165, 4, NVIDIA GeForce RTX 5090, 0, 0
2026/07/14 22:59:10.304, 0, NVIDIA GeForce RTX 5090, 3085, 99
2026/07/14 22:59:10.309, 1, NVIDIA GeForce RTX 5090, 0, 0
2026/07/14 22:59:10.318, 2, NVIDIA GeForce RTX 5090, 0, 0
2026/07/14 22:59:10.325, 3, NVIDIA GeForce RTX 5090, 0, 0
2026/07/14 22:59:10.333, 4, NVIDIA GeForce RTX 5090, 0, 0
2026/07/14 22:59:12.466, 0, NVIDIA GeForce RTX 5090, 3085, 98
2026/07/14 22:59:12.470, 1, NVIDIA GeForce RTX 5090, 0, 0
2026/07/14 22:59:12.478, 2, NVIDIA GeForce RTX 5090, 0, 0
2026/07/14 22:59:12.486, 3, NVIDIA GeForce RTX 5090, 0, 0
2026/07/14 22:59:12.493, 4, NVIDIA GeForce RTX 5090, 0, 0
2026/07/14 22:59:14.630, 0, NVIDIA GeForce RTX 5090, 3085, 99
2026/07/14 22:59:14.636, 1, NVIDIA GeForce RTX 5090, 0, 0
2026/07/14 22:59:14.645, 2, NVIDIA GeForce RTX 5090, 0, 0
2026/07/14 22:59:14.653, 3, NVIDIA GeForce RTX 5090, 0, 0
2026/07/14 22:59:14.660, 4, NVIDIA GeForce RTX 5090, 0, 0
2026/07/14 22:59:16.798, 0, NVIDIA GeForce RTX 5090, 3085, 99
2026/07/14 22:59:16.805, 1, NVIDIA GeForce RTX 5090, 0, 0
2026/07/14 22:59:16.813, 2, NVIDIA GeForce RTX 5090, 0, 0
2026/07/14 22:59:16.822, 3, NVIDIA GeForce RTX 5090, 0, 0
2026/07/14 22:59:16.830, 4, NVIDIA GeForce RTX 5090, 0, 0
2026/07/14 22:59:18.965, 0, NVIDIA GeForce RTX 5090, 3085, 99
2026/07/14 22:59:18.971, 1, NVIDIA GeForce RTX 5090, 0, 0
2026/07/14 22:59:18.979, 2, NVIDIA GeForce RTX 5090, 0, 0
2026/07/14 22:59:18.986, 3, NVIDIA GeForce RTX 5090, 0, 0
2026/07/14 22:59:18.994, 4, NVIDIA GeForce RTX 5090, 0, 0
2026/07/14 22:59:21.130, 0, NVIDIA GeForce RTX 5090, 3085, 99
2026/07/14 22:59:21.136, 1, NVIDIA GeForce RTX 5090, 0, 0
2026/07/14 22:59:21.144, 2, NVIDIA GeForce RTX 5090, 0, 0
2026/07/14 22:59:21.152, 3, NVIDIA GeForce RTX 5090, 0, 0
2026/07/14 22:59:21.160, 4, NVIDIA GeForce RTX 5090, 0, 0
2026/07/14 22:59:23.297, 0, NVIDIA GeForce RTX 5090, 3085, 99
2026/07/14 22:59:23.304, 1, NVIDIA GeForce RTX 5090, 0, 0
2026/07/14 22:59:23.312, 2, NVIDIA GeForce RTX 5090, 0, 0
2026/07/14 22:59:23.320, 3, NVIDIA GeForce RTX 5090, 0, 0
2026/07/14 22:59:23.327, 4, NVIDIA GeForce RTX 5090, 0, 0
2026/07/14 22:59:25.466, 0, NVIDIA GeForce RTX 5090, 3085, 99
2026/07/14 22:59:25.471, 1, NVIDIA GeForce RTX 5090, 0, 0
2026/07/14 22:59:25.479, 2, NVIDIA GeForce RTX 5090, 0, 0
2026/07/14 22:59:25.486, 3, NVIDIA GeForce RTX 5090, 0, 0
2026/07/14 22:59:25.494, 4, NVIDIA GeForce RTX 5090, 0, 0
2026/07/14 22:59:27.627, 0, NVIDIA GeForce RTX 5090, 3085, 99
2026/07/14 22:59:27.633, 1, NVIDIA GeForce RTX 5090, 0, 0
2026/07/14 22:59:27.642, 2, NVIDIA GeForce RTX 5090, 0, 0
2026/07/14 22:59:27.649, 3, NVIDIA GeForce RTX 5090, 0, 0
2026/07/14 22:59:27.657, 4, NVIDIA GeForce RTX 5090, 0, 0
2026/07/14 22:59:29.792, 0, NVIDIA GeForce RTX 5090, 3085, 99
2026/07/14 22:59:29.798, 1, NVIDIA GeForce RTX 5090, 0, 0
2026/07/14 22:59:29.806, 2, NVIDIA GeForce RTX 5090, 0, 0
2026/07/14 22:59:29.814, 3, NVIDIA GeForce RTX 5090, 0, 0
2026/07/14 22:59:29.822, 4, NVIDIA GeForce RTX 5090, 0, 0
2026/07/14 22:59:31.960, 0, NVIDIA GeForce RTX 5090, 3085, 98
2026/07/14 22:59:31.965, 1, NVIDIA GeForce RTX 5090, 0, 0
2026/07/14 22:59:31.973, 2, NVIDIA GeForce RTX 5090, 0, 0
2026/07/14 22:59:31.981, 3, NVIDIA GeForce RTX 5090, 0, 0
2026/07/14 22:59:31.988, 4, NVIDIA GeForce RTX 5090, 0, 0
2026/07/14 22:59:34.163, 0, NVIDIA GeForce RTX 5090, 3085, 99
2026/07/14 22:59:34.168, 1, NVIDIA GeForce RTX 5090, 0, 0
2026/07/14 22:59:34.176, 2, NVIDIA GeForce RTX 5090, 0, 0
2026/07/14 22:59:34.183, 3, NVIDIA GeForce RTX 5090, 0, 0
2026/07/14 22:59:34.191, 4, NVIDIA GeForce RTX 5090, 0, 0
2026/07/14 22:59:36.324, 0, NVIDIA GeForce RTX 5090, 3085, 98
2026/07/14 22:59:36.330, 1, NVIDIA GeForce RTX 5090, 0, 0
2026/07/14 22:59:36.338, 2, NVIDIA GeForce RTX 5090, 0, 0
2026/07/14 22:59:36.345, 3, NVIDIA GeForce RTX 5090, 0, 0
2026/07/14 22:59:36.353, 4, NVIDIA GeForce RTX 5090, 0, 0
2026/07/14 22:59:38.510, 0, NVIDIA GeForce RTX 5090, 3085, 99
2026/07/14 22:59:38.517, 1, NVIDIA GeForce RTX 5090, 0, 0
2026/07/14 22:59:38.525, 2, NVIDIA GeForce RTX 5090, 0, 0
2026/07/14 22:59:38.534, 3, NVIDIA GeForce RTX 5090, 0, 0
2026/07/14 22:59:38.543, 4, NVIDIA GeForce RTX 5090, 0, 0
2026/07/14 22:59:40.679, 0, NVIDIA GeForce RTX 5090, 3085, 99
2026/07/14 22:59:40.684, 1, NVIDIA GeForce RTX 5090, 0, 0
2026/07/14 22:59:40.692, 2, NVIDIA GeForce RTX 5090, 0, 0
2026/07/14 22:59:40.700, 3, NVIDIA GeForce RTX 5090, 0, 0
2026/07/14 22:59:40.708, 4, NVIDIA GeForce RTX 5090, 0, 0
2026/07/14 22:59:42.845, 0, NVIDIA GeForce RTX 5090, 3085, 99
2026/07/14 22:59:42.849, 1, NVIDIA GeForce RTX 5090, 0, 0
2026/07/14 22:59:42.858, 2, NVIDIA GeForce RTX 5090, 0, 0
2026/07/14 22:59:42.867, 3, NVIDIA GeForce RTX 5090, 0, 0
2026/07/14 22:59:42.875, 4, NVIDIA GeForce RTX 5090, 0, 0
2026/07/14 22:59:45.008, 0, NVIDIA GeForce RTX 5090, 3085, 64
2026/07/14 22:59:45.012, 1, NVIDIA GeForce RTX 5090, 0, 0
2026/07/14 22:59:45.021, 2, NVIDIA GeForce RTX 5090, 0, 0
2026/07/14 22:59:45.028, 3, NVIDIA GeForce RTX 5090, 0, 0
2026/07/14 22:59:45.036, 4, NVIDIA GeForce RTX 5090, 0, 0
2026/07/14 22:59:47.171, 0, NVIDIA GeForce RTX 5090, 3085, 99
2026/07/14 22:59:47.177, 1, NVIDIA GeForce RTX 5090, 0, 0
2026/07/14 22:59:47.185, 2, NVIDIA GeForce RTX 5090, 0, 0
2026/07/14 22:59:47.193, 3, NVIDIA GeForce RTX 5090, 0, 0
2026/07/14 22:59:47.200, 4, NVIDIA GeForce RTX 5090, 0, 0
2026/07/14 22:59:49.335, 0, NVIDIA GeForce RTX 5090, 3085, 99
2026/07/14 22:59:49.342, 1, NVIDIA GeForce RTX 5090, 0, 0
2026/07/14 22:59:49.350, 2, NVIDIA GeForce RTX 5090, 0, 0
2026/07/14 22:59:49.357, 3, NVIDIA GeForce RTX 5090, 0, 0
2026/07/14 22:59:49.364, 4, NVIDIA GeForce RTX 5090, 0, 0
2026/07/14 22:59:51.501, 0, NVIDIA GeForce RTX 5090, 3085, 98
2026/07/14 22:59:51.506, 1, NVIDIA GeForce RTX 5090, 0, 0
2026/07/14 22:59:51.514, 2, NVIDIA GeForce RTX 5090, 0, 0
2026/07/14 22:59:51.522, 3, NVIDIA GeForce RTX 5090, 0, 0
2026/07/14 22:59:51.530, 4, NVIDIA GeForce RTX 5090, 0, 0
2026/07/14 22:59:53.663, 0, NVIDIA GeForce RTX 5090, 3085, 99
2026/07/14 22:59:53.665, 1, NVIDIA GeForce RTX 5090, 0, 0
2026/07/14 22:59:53.673, 2, NVIDIA GeForce RTX 5090, 0, 0
2026/07/14 22:59:53.681, 3, NVIDIA GeForce RTX 5090, 0, 0
2026/07/14 22:59:53.689, 4, NVIDIA GeForce RTX 5090, 0, 0
2026/07/14 22:59:55.826, 0, NVIDIA GeForce RTX 5090, 3085, 99
2026/07/14 22:59:55.830, 1, NVIDIA GeForce RTX 5090, 0, 0
2026/07/14 22:59:55.838, 2, NVIDIA GeForce RTX 5090, 0, 0
2026/07/14 22:59:55.846, 3, NVIDIA GeForce RTX 5090, 0, 0
2026/07/14 22:59:55.854, 4, NVIDIA GeForce RTX 5090, 0, 0
2026/07/14 22:59:57.988, 0, NVIDIA GeForce RTX 5090, 3085, 99
2026/07/14 22:59:57.993, 1, NVIDIA GeForce RTX 5090, 0, 0
2026/07/14 22:59:58.001, 2, NVIDIA GeForce RTX 5090, 0, 0
2026/07/14 22:59:58.008, 3, NVIDIA GeForce RTX 5090, 0, 0
2026/07/14 22:59:58.016, 4, NVIDIA GeForce RTX 5090, 0, 0
2026/07/14 23:00:00.149, 0, NVIDIA GeForce RTX 5090, 3085, 98
2026/07/14 23:00:00.156, 1, NVIDIA GeForce RTX 5090, 0, 0
2026/07/14 23:00:00.164, 2, NVIDIA GeForce RTX 5090, 0, 0
2026/07/14 23:00:00.171, 3, NVIDIA GeForce RTX 5090, 0, 0
2026/07/14 23:00:00.179, 4, NVIDIA GeForce RTX 5090, 0, 0
2026/07/14 23:00:02.318, 0, NVIDIA GeForce RTX 5090, 3085, 99
2026/07/14 23:00:02.327, 1, NVIDIA GeForce RTX 5090, 0, 0
2026/07/14 23:00:02.334, 2, NVIDIA GeForce RTX 5090, 0, 0
2026/07/14 23:00:02.342, 3, NVIDIA GeForce RTX 5090, 0, 0
2026/07/14 23:00:02.349, 4, NVIDIA GeForce RTX 5090, 0, 0
2026/07/14 23:00:04.507, 0, NVIDIA GeForce RTX 5090, 3085, 98
2026/07/14 23:00:04.514, 1, NVIDIA GeForce RTX 5090, 0, 0
2026/07/14 23:00:04.522, 2, NVIDIA GeForce RTX 5090, 0, 0
2026/07/14 23:00:04.530, 3, NVIDIA GeForce RTX 5090, 0, 0
2026/07/14 23:00:04.537, 4, NVIDIA GeForce RTX 5090, 0, 0
2026/07/14 23:00:06.672, 0, NVIDIA GeForce RTX 5090, 3085, 86
2026/07/14 23:00:06.678, 1, NVIDIA GeForce RTX 5090, 0, 0
2026/07/14 23:00:06.686, 2, NVIDIA GeForce RTX 5090, 0, 0
2026/07/14 23:00:06.694, 3, NVIDIA GeForce RTX 5090, 0, 0
2026/07/14 23:00:06.701, 4, NVIDIA GeForce RTX 5090, 0, 0
2026/07/14 23:00:08.854, 0, NVIDIA GeForce RTX 5090, 3085, 99
2026/07/14 23:00:08.860, 1, NVIDIA GeForce RTX 5090, 0, 0
2026/07/14 23:00:08.867, 2, NVIDIA GeForce RTX 5090, 0, 0
2026/07/14 23:00:08.878, 3, NVIDIA GeForce RTX 5090, 0, 0
2026/07/14 23:00:08.886, 4, NVIDIA GeForce RTX 5090, 0, 0
2026/07/14 23:00:11.020, 0, NVIDIA GeForce RTX 5090, 3085, 99
2026/07/14 23:00:11.026, 1, NVIDIA GeForce RTX 5090, 0, 0
2026/07/14 23:00:11.035, 2, NVIDIA GeForce RTX 5090, 0, 0
2026/07/14 23:00:11.043, 3, NVIDIA GeForce RTX 5090, 0, 0
2026/07/14 23:00:11.050, 4, NVIDIA GeForce RTX 5090, 0, 0
2026/07/14 23:00:13.204, 0, NVIDIA GeForce RTX 5090, 3085, 79
2026/07/14 23:00:13.210, 1, NVIDIA GeForce RTX 5090, 0, 0
2026/07/14 23:00:13.218, 2, NVIDIA GeForce RTX 5090, 0, 0
2026/07/14 23:00:13.226, 3, NVIDIA GeForce RTX 5090, 0, 0
2026/07/14 23:00:13.233, 4, NVIDIA GeForce RTX 5090, 0, 0
2026/07/14 23:00:15.371, 0, NVIDIA GeForce RTX 5090, 3085, 99
2026/07/14 23:00:15.374, 1, NVIDIA GeForce RTX 5090, 0, 0
2026/07/14 23:00:15.382, 2, NVIDIA GeForce RTX 5090, 0, 0
2026/07/14 23:00:15.393, 3, NVIDIA GeForce RTX 5090, 0, 0
2026/07/14 23:00:15.401, 4, NVIDIA GeForce RTX 5090, 0, 0
2026/07/14 23:00:17.539, 0, NVIDIA GeForce RTX 5090, 3085, 99
2026/07/14 23:00:17.547, 1, NVIDIA GeForce RTX 5090, 0, 0
2026/07/14 23:00:17.554, 2, NVIDIA GeForce RTX 5090, 0, 0
2026/07/14 23:00:17.562, 3, NVIDIA GeForce RTX 5090, 0, 0
2026/07/14 23:00:17.569, 4, NVIDIA GeForce RTX 5090, 0, 0
2026/07/14 23:00:19.705, 0, NVIDIA GeForce RTX 5090, 3085, 98
2026/07/14 23:00:19.710, 1, NVIDIA GeForce RTX 5090, 0, 0
2026/07/14 23:00:19.718, 2, NVIDIA GeForce RTX 5090, 0, 0
2026/07/14 23:00:19.725, 3, NVIDIA GeForce RTX 5090, 0, 0
2026/07/14 23:00:19.732, 4, NVIDIA GeForce RTX 5090, 0, 0
2026/07/14 23:00:21.868, 0, NVIDIA GeForce RTX 5090, 3085, 99
2026/07/14 23:00:21.873, 1, NVIDIA GeForce RTX 5090, 0, 0
2026/07/14 23:00:21.882, 2, NVIDIA GeForce RTX 5090, 0, 0
2026/07/14 23:00:21.897, 3, NVIDIA GeForce RTX 5090, 0, 0
2026/07/14 23:00:21.905, 4, NVIDIA GeForce RTX 5090, 0, 0
2026/07/14 23:00:24.059, 0, NVIDIA GeForce RTX 5090, 3085, 99
2026/07/14 23:00:24.065, 1, NVIDIA GeForce RTX 5090, 0, 0
2026/07/14 23:00:24.073, 2, NVIDIA GeForce RTX 5090, 0, 0
2026/07/14 23:00:24.080, 3, NVIDIA GeForce RTX 5090, 0, 0
2026/07/14 23:00:24.088, 4, NVIDIA GeForce RTX 5090, 0, 0
2026/07/14 23:00:26.224, 0, NVIDIA GeForce RTX 5090, 3085, 99
2026/07/14 23:00:26.229, 1, NVIDIA GeForce RTX 5090, 0, 0
2026/07/14 23:00:26.237, 2, NVIDIA GeForce RTX 5090, 0, 0
2026/07/14 23:00:26.245, 3, NVIDIA GeForce RTX 5090, 0, 0
2026/07/14 23:00:26.252, 4, NVIDIA GeForce RTX 5090, 0, 0
2026/07/14 23:00:28.397, 0, NVIDIA GeForce RTX 5090, 3085, 99
2026/07/14 23:00:28.404, 1, NVIDIA GeForce RTX 5090, 0, 0
2026/07/14 23:00:28.412, 2, NVIDIA GeForce RTX 5090, 0, 0
2026/07/14 23:00:28.420, 3, NVIDIA GeForce RTX 5090, 0, 0
2026/07/14 23:00:28.427, 4, NVIDIA GeForce RTX 5090, 0, 0
2026/07/14 23:00:30.562, 0, NVIDIA GeForce RTX 5090, 3085, 99
2026/07/14 23:00:30.567, 1, NVIDIA GeForce RTX 5090, 0, 0
2026/07/14 23:00:30.575, 2, NVIDIA GeForce RTX 5090, 0, 0
2026/07/14 23:00:30.582, 3, NVIDIA GeForce RTX 5090, 0, 0
2026/07/14 23:00:30.590, 4, NVIDIA GeForce RTX 5090, 0, 0
2026/07/14 23:00:32.729, 0, NVIDIA GeForce RTX 5090, 3085, 98
2026/07/14 23:00:32.736, 1, NVIDIA GeForce RTX 5090, 0, 0
2026/07/14 23:00:32.744, 2, NVIDIA GeForce RTX 5090, 0, 0
2026/07/14 23:00:32.752, 3, NVIDIA GeForce RTX 5090, 0, 0
2026/07/14 23:00:32.759, 4, NVIDIA GeForce RTX 5090, 0, 0
2026/07/14 23:00:34.897, 0, NVIDIA GeForce RTX 5090, 3085, 75
2026/07/14 23:00:34.902, 1, NVIDIA GeForce RTX 5090, 0, 0
2026/07/14 23:00:34.910, 2, NVIDIA GeForce RTX 5090, 0, 0
2026/07/14 23:00:34.920, 3, NVIDIA GeForce RTX 5090, 0, 0
2026/07/14 23:00:34.928, 4, NVIDIA GeForce RTX 5090, 0, 0
2026/07/14 23:00:37.063, 0, NVIDIA GeForce RTX 5090, 3085, 99
2026/07/14 23:00:37.069, 1, NVIDIA GeForce RTX 5090, 0, 0
2026/07/14 23:00:37.078, 2, NVIDIA GeForce RTX 5090, 0, 0
2026/07/14 23:00:37.085, 3, NVIDIA GeForce RTX 5090, 0, 0
2026/07/14 23:00:37.093, 4, NVIDIA GeForce RTX 5090, 0, 0
2026/07/14 23:00:39.237, 0, NVIDIA GeForce RTX 5090, 3085, 99
2026/07/14 23:00:39.243, 1, NVIDIA GeForce RTX 5090, 0, 0
2026/07/14 23:00:39.251, 2, NVIDIA GeForce RTX 5090, 0, 0
2026/07/14 23:00:39.259, 3, NVIDIA GeForce RTX 5090, 0, 0
2026/07/14 23:00:39.266, 4, NVIDIA GeForce RTX 5090, 0, 0
2026/07/14 23:00:41.402, 0, NVIDIA GeForce RTX 5090, 3085, 99
2026/07/14 23:00:41.407, 1, NVIDIA GeForce RTX 5090, 0, 0
2026/07/14 23:00:41.415, 2, NVIDIA GeForce RTX 5090, 0, 0
2026/07/14 23:00:41.423, 3, NVIDIA GeForce RTX 5090, 0, 0
2026/07/14 23:00:41.431, 4, NVIDIA GeForce RTX 5090, 0, 0
2026/07/14 23:00:43.569, 0, NVIDIA GeForce RTX 5090, 3085, 99
2026/07/14 23:00:43.574, 1, NVIDIA GeForce RTX 5090, 0, 0
2026/07/14 23:00:43.582, 2, NVIDIA GeForce RTX 5090, 0, 0
2026/07/14 23:00:43.590, 3, NVIDIA GeForce RTX 5090, 0, 0
2026/07/14 23:00:43.597, 4, NVIDIA GeForce RTX 5090, 0, 0
2026/07/14 23:00:45.772, 0, NVIDIA GeForce RTX 5090, 3085, 98
2026/07/14 23:00:45.776, 1, NVIDIA GeForce RTX 5090, 0, 0
2026/07/14 23:00:45.785, 2, NVIDIA GeForce RTX 5090, 0, 0
2026/07/14 23:00:45.792, 3, NVIDIA GeForce RTX 5090, 0, 0
2026/07/14 23:00:45.800, 4, NVIDIA GeForce RTX 5090, 0, 0
2026/07/14 23:00:47.937, 0, NVIDIA GeForce RTX 5090, 3085, 99
2026/07/14 23:00:47.942, 1, NVIDIA GeForce RTX 5090, 0, 0
2026/07/14 23:00:47.950, 2, NVIDIA GeForce RTX 5090, 0, 0
2026/07/14 23:00:47.958, 3, NVIDIA GeForce RTX 5090, 0, 0
2026/07/14 23:00:47.965, 4, NVIDIA GeForce RTX 5090, 0, 0
2026/07/14 23:00:50.105, 0, NVIDIA GeForce RTX 5090, 3085, 99
2026/07/14 23:00:50.110, 1, NVIDIA GeForce RTX 5090, 0, 0
2026/07/14 23:00:50.118, 2, NVIDIA GeForce RTX 5090, 0, 0
2026/07/14 23:00:50.126, 3, NVIDIA GeForce RTX 5090, 0, 0
2026/07/14 23:00:50.133, 4, NVIDIA GeForce RTX 5090, 0, 0
2026/07/14 23:00:52.268, 0, NVIDIA GeForce RTX 5090, 3085, 99
2026/07/14 23:00:52.274, 1, NVIDIA GeForce RTX 5090, 0, 0
2026/07/14 23:00:52.282, 2, NVIDIA GeForce RTX 5090, 0, 0
2026/07/14 23:00:52.290, 3, NVIDIA GeForce RTX 5090, 0, 0
2026/07/14 23:00:52.298, 4, NVIDIA GeForce RTX 5090, 0, 0
2026/07/14 23:00:54.433, 0, NVIDIA GeForce RTX 5090, 3085, 99
2026/07/14 23:00:54.438, 1, NVIDIA GeForce RTX 5090, 0, 0
2026/07/14 23:00:54.448, 2, NVIDIA GeForce RTX 5090, 0, 0
2026/07/14 23:00:54.455, 3, NVIDIA GeForce RTX 5090, 0, 0
2026/07/14 23:00:54.463, 4, NVIDIA GeForce RTX 5090, 0, 0
2026/07/14 23:00:56.615, 0, NVIDIA GeForce RTX 5090, 3085, 99
2026/07/14 23:00:56.621, 1, NVIDIA GeForce RTX 5090, 0, 0
2026/07/14 23:00:56.628, 2, NVIDIA GeForce RTX 5090, 0, 0
2026/07/14 23:00:56.635, 3, NVIDIA GeForce RTX 5090, 0, 0
2026/07/14 23:00:56.643, 4, NVIDIA GeForce RTX 5090, 0, 0
2026/07/14 23:00:58.817, 0, NVIDIA GeForce RTX 5090, 3085, 99
2026/07/14 23:00:58.825, 1, NVIDIA GeForce RTX 5090, 0, 0
2026/07/14 23:00:58.832, 2, NVIDIA GeForce RTX 5090, 0, 0
2026/07/14 23:00:58.840, 3, NVIDIA GeForce RTX 5090, 0, 0
2026/07/14 23:00:58.847, 4, NVIDIA GeForce RTX 5090, 0, 0
2026/07/14 23:01:01.024, 0, NVIDIA GeForce RTX 5090, 3085, 99
2026/07/14 23:01:01.029, 1, NVIDIA GeForce RTX 5090, 0, 0
2026/07/14 23:01:01.036, 2, NVIDIA GeForce RTX 5090, 0, 0
2026/07/14 23:01:01.044, 3, NVIDIA GeForce RTX 5090, 0, 0
2026/07/14 23:01:01.051, 4, NVIDIA GeForce RTX 5090, 0, 0
2026/07/14 23:01:03.184, 0, NVIDIA GeForce RTX 5090, 3085, 98
2026/07/14 23:01:03.190, 1, NVIDIA GeForce RTX 5090, 0, 0
2026/07/14 23:01:03.198, 2, NVIDIA GeForce RTX 5090, 0, 0
2026/07/14 23:01:03.206, 3, NVIDIA GeForce RTX 5090, 0, 0
2026/07/14 23:01:03.213, 4, NVIDIA GeForce RTX 5090, 0, 0
2026/07/14 23:01:05.349, 0, NVIDIA GeForce RTX 5090, 3085, 99
2026/07/14 23:01:05.355, 1, NVIDIA GeForce RTX 5090, 0, 0
2026/07/14 23:01:05.363, 2, NVIDIA GeForce RTX 5090, 0, 0
2026/07/14 23:01:05.371, 3, NVIDIA GeForce RTX 5090, 0, 0
2026/07/14 23:01:05.378, 4, NVIDIA GeForce RTX 5090, 0, 0
2026/07/14 23:01:07.519, 0, NVIDIA GeForce RTX 5090, 3085, 99
2026/07/14 23:01:07.526, 1, NVIDIA GeForce RTX 5090, 0, 0
2026/07/14 23:01:07.537, 2, NVIDIA GeForce RTX 5090, 0, 0
2026/07/14 23:01:07.545, 3, NVIDIA GeForce RTX 5090, 0, 0
2026/07/14 23:01:07.552, 4, NVIDIA GeForce RTX 5090, 0, 0
2026/07/14 23:01:09.689, 0, NVIDIA GeForce RTX 5090, 3085, 99
2026/07/14 23:01:09.695, 1, NVIDIA GeForce RTX 5090, 0, 0
2026/07/14 23:01:09.703, 2, NVIDIA GeForce RTX 5090, 0, 0
2026/07/14 23:01:09.710, 3, NVIDIA GeForce RTX 5090, 0, 0
2026/07/14 23:01:09.718, 4, NVIDIA GeForce RTX 5090, 0, 0
2026/07/14 23:01:11.869, 0, NVIDIA GeForce RTX 5090, 3085, 99
2026/07/14 23:01:11.875, 1, NVIDIA GeForce RTX 5090, 0, 0
2026/07/14 23:01:11.883, 2, NVIDIA GeForce RTX 5090, 0, 0
2026/07/14 23:01:11.890, 3, NVIDIA GeForce RTX 5090, 0, 0
2026/07/14 23:01:11.898, 4, NVIDIA GeForce RTX 5090, 0, 0
2026/07/14 23:01:14.034, 0, NVIDIA GeForce RTX 5090, 3085, 99
2026/07/14 23:01:14.038, 1, NVIDIA GeForce RTX 5090, 0, 0
2026/07/14 23:01:14.045, 2, NVIDIA GeForce RTX 5090, 0, 0
2026/07/14 23:01:14.053, 3, NVIDIA GeForce RTX 5090, 0, 0
2026/07/14 23:01:14.060, 4, NVIDIA GeForce RTX 5090, 0, 0
2026/07/14 23:01:16.196, 0, NVIDIA GeForce RTX 5090, 3085, 99
2026/07/14 23:01:16.203, 1, NVIDIA GeForce RTX 5090, 0, 0
2026/07/14 23:01:16.211, 2, NVIDIA GeForce RTX 5090, 0, 0
2026/07/14 23:01:16.219, 3, NVIDIA GeForce RTX 5090, 0, 0
2026/07/14 23:01:16.226, 4, NVIDIA GeForce RTX 5090, 0, 0
2026/07/14 23:01:18.364, 0, NVIDIA GeForce RTX 5090, 3085, 99
2026/07/14 23:01:18.369, 1, NVIDIA GeForce RTX 5090, 0, 0
2026/07/14 23:01:18.377, 2, NVIDIA GeForce RTX 5090, 0, 0
2026/07/14 23:01:18.385, 3, NVIDIA GeForce RTX 5090, 0, 0
2026/07/14 23:01:18.392, 4, NVIDIA GeForce RTX 5090, 0, 0
2026/07/14 23:01:20.550, 0, NVIDIA GeForce RTX 5090, 3085, 99
2026/07/14 23:01:20.555, 1, NVIDIA GeForce RTX 5090, 0, 0
2026/07/14 23:01:20.563, 2, NVIDIA GeForce RTX 5090, 0, 0
2026/07/14 23:01:20.570, 3, NVIDIA GeForce RTX 5090, 0, 0
2026/07/14 23:01:20.578, 4, NVIDIA GeForce RTX 5090, 0, 0
2026/07/14 23:01:22.715, 0, NVIDIA GeForce RTX 5090, 3085, 98
2026/07/14 23:01:22.718, 1, NVIDIA GeForce RTX 5090, 0, 0
2026/07/14 23:01:22.726, 2, NVIDIA GeForce RTX 5090, 0, 0
2026/07/14 23:01:22.734, 3, NVIDIA GeForce RTX 5090, 0, 0
2026/07/14 23:01:22.741, 4, NVIDIA GeForce RTX 5090, 0, 0
2026/07/14 23:01:24.875, 0, NVIDIA GeForce RTX 5090, 3085, 99
2026/07/14 23:01:24.880, 1, NVIDIA GeForce RTX 5090, 0, 0
2026/07/14 23:01:24.888, 2, NVIDIA GeForce RTX 5090, 0, 0
2026/07/14 23:01:24.896, 3, NVIDIA GeForce RTX 5090, 0, 0
2026/07/14 23:01:24.904, 4, NVIDIA GeForce RTX 5090, 0, 0
2026/07/14 23:01:27.041, 0, NVIDIA GeForce RTX 5090, 3085, 99
2026/07/14 23:01:27.046, 1, NVIDIA GeForce RTX 5090, 0, 0
2026/07/14 23:01:27.055, 2, NVIDIA GeForce RTX 5090, 0, 0
2026/07/14 23:01:27.062, 3, NVIDIA GeForce RTX 5090, 0, 0
2026/07/14 23:01:27.070, 4, NVIDIA GeForce RTX 5090, 0, 0
2026/07/14 23:01:29.208, 0, NVIDIA GeForce RTX 5090, 3085, 99
2026/07/14 23:01:29.213, 1, NVIDIA GeForce RTX 5090, 0, 0
2026/07/14 23:01:29.221, 2, NVIDIA GeForce RTX 5090, 0, 0
2026/07/14 23:01:29.228, 3, NVIDIA GeForce RTX 5090, 0, 0
2026/07/14 23:01:29.236, 4, NVIDIA GeForce RTX 5090, 0, 0
2026/07/14 23:01:31.372, 0, NVIDIA GeForce RTX 5090, 3085, 99
2026/07/14 23:01:31.379, 1, NVIDIA GeForce RTX 5090, 0, 0
2026/07/14 23:01:31.387, 2, NVIDIA GeForce RTX 5090, 0, 0
2026/07/14 23:01:31.394, 3, NVIDIA GeForce RTX 5090, 0, 0
2026/07/14 23:01:31.402, 4, NVIDIA GeForce RTX 5090, 0, 0
2026/07/14 23:01:33.543, 0, NVIDIA GeForce RTX 5090, 3085, 99
2026/07/14 23:01:33.548, 1, NVIDIA GeForce RTX 5090, 0, 0
2026/07/14 23:01:33.558, 2, NVIDIA GeForce RTX 5090, 0, 0
2026/07/14 23:01:33.566, 3, NVIDIA GeForce RTX 5090, 0, 0
2026/07/14 23:01:33.574, 4, NVIDIA GeForce RTX 5090, 0, 0
2026/07/14 23:01:35.709, 0, NVIDIA GeForce RTX 5090, 3085, 28
2026/07/14 23:01:35.716, 1, NVIDIA GeForce RTX 5090, 0, 0
2026/07/14 23:01:35.723, 2, NVIDIA GeForce RTX 5090, 0, 0
2026/07/14 23:01:35.733, 3, NVIDIA GeForce RTX 5090, 0, 0
2026/07/14 23:01:35.741, 4, NVIDIA GeForce RTX 5090, 0, 0
2026/07/14 23:01:37.878, 0, NVIDIA GeForce RTX 5090, 3085, 99
2026/07/14 23:01:37.884, 1, NVIDIA GeForce RTX 5090, 0, 0
2026/07/14 23:01:37.892, 2, NVIDIA GeForce RTX 5090, 0, 0
2026/07/14 23:01:37.899, 3, NVIDIA GeForce RTX 5090, 0, 0
2026/07/14 23:01:37.907, 4, NVIDIA GeForce RTX 5090, 0, 0
2026/07/14 23:01:40.045, 0, NVIDIA GeForce RTX 5090, 3085, 99
2026/07/14 23:01:40.050, 1, NVIDIA GeForce RTX 5090, 0, 0
2026/07/14 23:01:40.063, 2, NVIDIA GeForce RTX 5090, 0, 0
2026/07/14 23:01:40.070, 3, NVIDIA GeForce RTX 5090, 0, 0
2026/07/14 23:01:40.077, 4, NVIDIA GeForce RTX 5090, 0, 0
2026/07/14 23:01:42.229, 0, NVIDIA GeForce RTX 5090, 3085, 99
2026/07/14 23:01:42.236, 1, NVIDIA GeForce RTX 5090, 0, 0
2026/07/14 23:01:42.244, 2, NVIDIA GeForce RTX 5090, 0, 0
2026/07/14 23:01:42.251, 3, NVIDIA GeForce RTX 5090, 0, 0
2026/07/14 23:01:42.259, 4, NVIDIA GeForce RTX 5090, 0, 0
2026/07/14 23:01:44.398, 0, NVIDIA GeForce RTX 5090, 3085, 99
2026/07/14 23:01:44.405, 1, NVIDIA GeForce RTX 5090, 0, 0
2026/07/14 23:01:44.413, 2, NVIDIA GeForce RTX 5090, 0, 0
2026/07/14 23:01:44.421, 3, NVIDIA GeForce RTX 5090, 0, 0
2026/07/14 23:01:44.428, 4, NVIDIA GeForce RTX 5090, 0, 0
2026/07/14 23:01:46.562, 0, NVIDIA GeForce RTX 5090, 3085, 99
2026/07/14 23:01:46.567, 1, NVIDIA GeForce RTX 5090, 0, 0
2026/07/14 23:01:46.576, 2, NVIDIA GeForce RTX 5090, 0, 0
2026/07/14 23:01:46.583, 3, NVIDIA GeForce RTX 5090, 0, 0
2026/07/14 23:01:46.591, 4, NVIDIA GeForce RTX 5090, 0, 0
2026/07/14 23:01:48.729, 0, NVIDIA GeForce RTX 5090, 3085, 99
2026/07/14 23:01:48.733, 1, NVIDIA GeForce RTX 5090, 0, 0
2026/07/14 23:01:48.741, 2, NVIDIA GeForce RTX 5090, 0, 0
2026/07/14 23:01:48.750, 3, NVIDIA GeForce RTX 5090, 0, 0
2026/07/14 23:01:48.757, 4, NVIDIA GeForce RTX 5090, 0, 0
2026/07/14 23:01:50.909, 0, NVIDIA GeForce RTX 5090, 3085, 99
2026/07/14 23:01:50.915, 1, NVIDIA GeForce RTX 5090, 0, 0
2026/07/14 23:01:50.923, 2, NVIDIA GeForce RTX 5090, 0, 0
2026/07/14 23:01:50.931, 3, NVIDIA GeForce RTX 5090, 0, 0
2026/07/14 23:01:50.938, 4, NVIDIA GeForce RTX 5090, 0, 0
2026/07/14 23:01:53.081, 0, NVIDIA GeForce RTX 5090, 3085, 99
2026/07/14 23:01:53.086, 1, NVIDIA GeForce RTX 5090, 0, 0
2026/07/14 23:01:53.094, 2, NVIDIA GeForce RTX 5090, 0, 0
2026/07/14 23:01:53.102, 3, NVIDIA GeForce RTX 5090, 0, 0
2026/07/14 23:01:53.109, 4, NVIDIA GeForce RTX 5090, 0, 0
2026/07/14 23:01:55.266, 0, NVIDIA GeForce RTX 5090, 3085, 98
2026/07/14 23:01:55.270, 1, NVIDIA GeForce RTX 5090, 0, 0
2026/07/14 23:01:55.278, 2, NVIDIA GeForce RTX 5090, 0, 0
2026/07/14 23:01:55.286, 3, NVIDIA GeForce RTX 5090, 0, 0
2026/07/14 23:01:55.293, 4, NVIDIA GeForce RTX 5090, 0, 0
2026/07/14 23:01:57.429, 0, NVIDIA GeForce RTX 5090, 3085, 98
2026/07/14 23:01:57.434, 1, NVIDIA GeForce RTX 5090, 0, 0
2026/07/14 23:01:57.442, 2, NVIDIA GeForce RTX 5090, 0, 0
2026/07/14 23:01:57.450, 3, NVIDIA GeForce RTX 5090, 0, 0
2026/07/14 23:01:57.456, 4, NVIDIA GeForce RTX 5090, 0, 0
2026/07/14 23:01:59.593, 0, NVIDIA GeForce RTX 5090, 3085, 99
2026/07/14 23:01:59.600, 1, NVIDIA GeForce RTX 5090, 0, 0
2026/07/14 23:01:59.607, 2, NVIDIA GeForce RTX 5090, 0, 0
2026/07/14 23:01:59.615, 3, NVIDIA GeForce RTX 5090, 0, 0
2026/07/14 23:01:59.622, 4, NVIDIA GeForce RTX 5090, 0, 0
2026/07/14 23:02:01.777, 0, NVIDIA GeForce RTX 5090, 3085, 99
2026/07/14 23:02:01.782, 1, NVIDIA GeForce RTX 5090, 0, 0
2026/07/14 23:02:01.789, 2, NVIDIA GeForce RTX 5090, 0, 0
2026/07/14 23:02:01.797, 3, NVIDIA GeForce RTX 5090, 0, 0
2026/07/14 23:02:01.804, 4, NVIDIA GeForce RTX 5090, 0, 0
2026/07/14 23:02:03.960, 0, NVIDIA GeForce RTX 5090, 3085, 98
2026/07/14 23:02:03.964, 1, NVIDIA GeForce RTX 5090, 0, 0
2026/07/14 23:02:03.972, 2, NVIDIA GeForce RTX 5090, 0, 0
2026/07/14 23:02:03.981, 3, NVIDIA GeForce RTX 5090, 0, 0
2026/07/14 23:02:03.989, 4, NVIDIA GeForce RTX 5090, 0, 0
2026/07/14 23:02:06.142, 0, NVIDIA GeForce RTX 5090, 3085, 99
2026/07/14 23:02:06.148, 1, NVIDIA GeForce RTX 5090, 0, 0
2026/07/14 23:02:06.155, 2, NVIDIA GeForce RTX 5090, 0, 0
2026/07/14 23:02:06.163, 3, NVIDIA GeForce RTX 5090, 0, 0
2026/07/14 23:02:06.170, 4, NVIDIA GeForce RTX 5090, 0, 0
2026/07/14 23:02:08.325, 0, NVIDIA GeForce RTX 5090, 3085, 99
2026/07/14 23:02:08.330, 1, NVIDIA GeForce RTX 5090, 0, 0
2026/07/14 23:02:08.338, 2, NVIDIA GeForce RTX 5090, 0, 0
2026/07/14 23:02:08.346, 3, NVIDIA GeForce RTX 5090, 0, 0
2026/07/14 23:02:08.353, 4, NVIDIA GeForce RTX 5090, 0, 0
2026/07/14 23:02:10.487, 0, NVIDIA GeForce RTX 5090, 3085, 14
2026/07/14 23:02:10.489, 1, NVIDIA GeForce RTX 5090, 0, 0
2026/07/14 23:02:10.498, 2, NVIDIA GeForce RTX 5090, 0, 0
2026/07/14 23:02:10.506, 3, NVIDIA GeForce RTX 5090, 0, 0
2026/07/14 23:02:10.515, 4, NVIDIA GeForce RTX 5090, 0, 0
2026/07/14 23:02:12.671, 0, NVIDIA GeForce RTX 5090, 3085, 99
2026/07/14 23:02:12.677, 1, NVIDIA GeForce RTX 5090, 0, 0
2026/07/14 23:02:12.685, 2, NVIDIA GeForce RTX 5090, 0, 0
2026/07/14 23:02:12.693, 3, NVIDIA GeForce RTX 5090, 0, 0
2026/07/14 23:02:12.700, 4, NVIDIA GeForce RTX 5090, 0, 0
2026/07/14 23:02:14.838, 0, NVIDIA GeForce RTX 5090, 3085, 99
2026/07/14 23:02:14.840, 1, NVIDIA GeForce RTX 5090, 0, 0
2026/07/14 23:02:14.849, 2, NVIDIA GeForce RTX 5090, 0, 0
2026/07/14 23:02:14.857, 3, NVIDIA GeForce RTX 5090, 0, 0
2026/07/14 23:02:14.865, 4, NVIDIA GeForce RTX 5090, 0, 0
2026/07/14 23:02:17.039, 0, NVIDIA GeForce RTX 5090, 3085, 99
2026/07/14 23:02:17.046, 1, NVIDIA GeForce RTX 5090, 0, 0
2026/07/14 23:02:17.054, 2, NVIDIA GeForce RTX 5090, 0, 0
2026/07/14 23:02:17.062, 3, NVIDIA GeForce RTX 5090, 0, 0
2026/07/14 23:02:17.070, 4, NVIDIA GeForce RTX 5090, 0, 0
2026/07/14 23:02:19.216, 0, NVIDIA GeForce RTX 5090, 3085, 99
2026/07/14 23:02:19.221, 1, NVIDIA GeForce RTX 5090, 0, 0
2026/07/14 23:02:19.229, 2, NVIDIA GeForce RTX 5090, 0, 0
2026/07/14 23:02:19.236, 3, NVIDIA GeForce RTX 5090, 0, 0
2026/07/14 23:02:19.244, 4, NVIDIA GeForce RTX 5090, 0, 0
2026/07/14 23:02:21.399, 0, NVIDIA GeForce RTX 5090, 3085, 99
2026/07/14 23:02:21.406, 1, NVIDIA GeForce RTX 5090, 0, 0
2026/07/14 23:02:21.414, 2, NVIDIA GeForce RTX 5090, 0, 0
2026/07/14 23:02:21.421, 3, NVIDIA GeForce RTX 5090, 0, 0
2026/07/14 23:02:21.429, 4, NVIDIA GeForce RTX 5090, 0, 0
2026/07/14 23:02:23.568, 0, NVIDIA GeForce RTX 5090, 3085, 99
2026/07/14 23:02:23.574, 1, NVIDIA GeForce RTX 5090, 0, 0
2026/07/14 23:02:23.582, 2, NVIDIA GeForce RTX 5090, 0, 0
2026/07/14 23:02:23.589, 3, NVIDIA GeForce RTX 5090, 0, 0
2026/07/14 23:02:23.597, 4, NVIDIA GeForce RTX 5090, 0, 0
2026/07/14 23:02:25.738, 0, NVIDIA GeForce RTX 5090, 3085, 99
2026/07/14 23:02:25.743, 1, NVIDIA GeForce RTX 5090, 0, 0
2026/07/14 23:02:25.751, 2, NVIDIA GeForce RTX 5090, 0, 0
2026/07/14 23:02:25.758, 3, NVIDIA GeForce RTX 5090, 0, 0
2026/07/14 23:02:25.766, 4, NVIDIA GeForce RTX 5090, 0, 0
2026/07/14 23:02:27.919, 0, NVIDIA GeForce RTX 5090, 3085, 19
2026/07/14 23:02:27.926, 1, NVIDIA GeForce RTX 5090, 0, 0
2026/07/14 23:02:27.934, 2, NVIDIA GeForce RTX 5090, 0, 0
2026/07/14 23:02:27.942, 3, NVIDIA GeForce RTX 5090, 0, 0
2026/07/14 23:02:27.949, 4, NVIDIA GeForce RTX 5090, 0, 0
2026/07/14 23:02:30.085, 0, NVIDIA GeForce RTX 5090, 3085, 99
2026/07/14 23:02:30.091, 1, NVIDIA GeForce RTX 5090, 0, 0
2026/07/14 23:02:30.102, 2, NVIDIA GeForce RTX 5090, 0, 0
2026/07/14 23:02:30.110, 3, NVIDIA GeForce RTX 5090, 0, 0
2026/07/14 23:02:30.118, 4, NVIDIA GeForce RTX 5090, 0, 0
2026/07/14 23:02:32.258, 0, NVIDIA GeForce RTX 5090, 3085, 99
2026/07/14 23:02:32.267, 1, NVIDIA GeForce RTX 5090, 0, 0
2026/07/14 23:02:32.274, 2, NVIDIA GeForce RTX 5090, 0, 0
2026/07/14 23:02:32.282, 3, NVIDIA GeForce RTX 5090, 0, 0
2026/07/14 23:02:32.289, 4, NVIDIA GeForce RTX 5090, 0, 0
2026/07/14 23:02:34.427, 0, NVIDIA GeForce RTX 5090, 3085, 99
2026/07/14 23:02:34.433, 1, NVIDIA GeForce RTX 5090, 0, 0
2026/07/14 23:02:34.441, 2, NVIDIA GeForce RTX 5090, 0, 0
2026/07/14 23:02:34.448, 3, NVIDIA GeForce RTX 5090, 0, 0
2026/07/14 23:02:34.456, 4, NVIDIA GeForce RTX 5090, 0, 0
2026/07/14 23:02:36.595, 0, NVIDIA GeForce RTX 5090, 3085, 98
2026/07/14 23:02:36.603, 1, NVIDIA GeForce RTX 5090, 0, 0
2026/07/14 23:02:36.612, 2, NVIDIA GeForce RTX 5090, 0, 0
2026/07/14 23:02:36.619, 3, NVIDIA GeForce RTX 5090, 0, 0
2026/07/14 23:02:36.626, 4, NVIDIA GeForce RTX 5090, 0, 0
2026/07/14 23:02:38.783, 0, NVIDIA GeForce RTX 5090, 3085, 99
2026/07/14 23:02:38.790, 1, NVIDIA GeForce RTX 5090, 0, 0
2026/07/14 23:02:38.798, 2, NVIDIA GeForce RTX 5090, 0, 0
2026/07/14 23:02:38.805, 3, NVIDIA GeForce RTX 5090, 0, 0
2026/07/14 23:02:38.813, 4, NVIDIA GeForce RTX 5090, 0, 0
2026/07/14 23:02:40.948, 0, NVIDIA GeForce RTX 5090, 3085, 99
2026/07/14 23:02:40.953, 1, NVIDIA GeForce RTX 5090, 0, 0
2026/07/14 23:02:40.961, 2, NVIDIA GeForce RTX 5090, 0, 0
2026/07/14 23:02:40.970, 3, NVIDIA GeForce RTX 5090, 0, 0
2026/07/14 23:02:40.980, 4, NVIDIA GeForce RTX 5090, 0, 0
2026/07/14 23:02:43.134, 0, NVIDIA GeForce RTX 5090, 3085, 99
2026/07/14 23:02:43.136, 1, NVIDIA GeForce RTX 5090, 0, 0
2026/07/14 23:02:43.145, 2, NVIDIA GeForce RTX 5090, 0, 0
2026/07/14 23:02:43.152, 3, NVIDIA GeForce RTX 5090, 0, 0
2026/07/14 23:02:43.160, 4, NVIDIA GeForce RTX 5090, 0, 0
2026/07/14 23:02:45.299, 0, NVIDIA GeForce RTX 5090, 3085, 99
2026/07/14 23:02:45.305, 1, NVIDIA GeForce RTX 5090, 0, 0
2026/07/14 23:02:45.314, 2, NVIDIA GeForce RTX 5090, 0, 0
2026/07/14 23:02:45.322, 3, NVIDIA GeForce RTX 5090, 0, 0
2026/07/14 23:02:45.329, 4, NVIDIA GeForce RTX 5090, 0, 0
2026/07/14 23:02:47.471, 0, NVIDIA GeForce RTX 5090, 3085, 99
2026/07/14 23:02:47.475, 1, NVIDIA GeForce RTX 5090, 0, 0
2026/07/14 23:02:47.484, 2, NVIDIA GeForce RTX 5090, 0, 0
2026/07/14 23:02:47.491, 3, NVIDIA GeForce RTX 5090, 0, 0
2026/07/14 23:02:47.499, 4, NVIDIA GeForce RTX 5090, 0, 0
2026/07/14 23:02:49.638, 0, NVIDIA GeForce RTX 5090, 3085, 69
2026/07/14 23:02:49.646, 1, NVIDIA GeForce RTX 5090, 0, 0
2026/07/14 23:02:49.654, 2, NVIDIA GeForce RTX 5090, 0, 0
2026/07/14 23:02:49.662, 3, NVIDIA GeForce RTX 5090, 0, 0
2026/07/14 23:02:49.669, 4, NVIDIA GeForce RTX 5090, 0, 0
2026/07/14 23:02:51.809, 0, NVIDIA GeForce RTX 5090, 3085, 99
2026/07/14 23:02:51.814, 1, NVIDIA GeForce RTX 5090, 0, 0
2026/07/14 23:02:51.823, 2, NVIDIA GeForce RTX 5090, 0, 0
2026/07/14 23:02:51.830, 3, NVIDIA GeForce RTX 5090, 0, 0
2026/07/14 23:02:51.837, 4, NVIDIA GeForce RTX 5090, 0, 0
2026/07/14 23:02:53.992, 0, NVIDIA GeForce RTX 5090, 3085, 99
2026/07/14 23:02:53.998, 1, NVIDIA GeForce RTX 5090, 0, 0
2026/07/14 23:02:54.006, 2, NVIDIA GeForce RTX 5090, 0, 0
2026/07/14 23:02:54.017, 3, NVIDIA GeForce RTX 5090, 0, 0
2026/07/14 23:02:54.024, 4, NVIDIA GeForce RTX 5090, 0, 0
2026/07/14 23:02:56.159, 0, NVIDIA GeForce RTX 5090, 3085, 99
2026/07/14 23:02:56.165, 1, NVIDIA GeForce RTX 5090, 0, 0
2026/07/14 23:02:56.173, 2, NVIDIA GeForce RTX 5090, 0, 0
2026/07/14 23:02:56.181, 3, NVIDIA GeForce RTX 5090, 0, 0
2026/07/14 23:02:56.188, 4, NVIDIA GeForce RTX 5090, 0, 0
2026/07/14 23:02:58.345, 0, NVIDIA GeForce RTX 5090, 3085, 99
2026/07/14 23:02:58.350, 1, NVIDIA GeForce RTX 5090, 0, 0
2026/07/14 23:02:58.359, 2, NVIDIA GeForce RTX 5090, 0, 0
2026/07/14 23:02:58.366, 3, NVIDIA GeForce RTX 5090, 0, 0
2026/07/14 23:02:58.374, 4, NVIDIA GeForce RTX 5090, 0, 0
2026/07/14 23:03:00.509, 0, NVIDIA GeForce RTX 5090, 3085, 99
2026/07/14 23:03:00.514, 1, NVIDIA GeForce RTX 5090, 0, 0
2026/07/14 23:03:00.522, 2, NVIDIA GeForce RTX 5090, 0, 0
2026/07/14 23:03:00.530, 3, NVIDIA GeForce RTX 5090, 0, 0
2026/07/14 23:03:00.537, 4, NVIDIA GeForce RTX 5090, 0, 0
2026/07/14 23:03:02.692, 0, NVIDIA GeForce RTX 5090, 3085, 99
2026/07/14 23:03:02.696, 1, NVIDIA GeForce RTX 5090, 0, 0
2026/07/14 23:03:02.705, 2, NVIDIA GeForce RTX 5090, 0, 0
2026/07/14 23:03:02.713, 3, NVIDIA GeForce RTX 5090, 0, 0
2026/07/14 23:03:02.721, 4, NVIDIA GeForce RTX 5090, 0, 0
2026/07/14 23:03:04.872, 0, NVIDIA GeForce RTX 5090, 3085, 99
2026/07/14 23:03:04.874, 1, NVIDIA GeForce RTX 5090, 0, 0
2026/07/14 23:03:04.882, 2, NVIDIA GeForce RTX 5090, 0, 0
2026/07/14 23:03:04.891, 3, NVIDIA GeForce RTX 5090, 0, 0
2026/07/14 23:03:04.900, 4, NVIDIA GeForce RTX 5090, 0, 0
2026/07/14 23:03:07.052, 0, NVIDIA GeForce RTX 5090, 3085, 99
2026/07/14 23:03:07.055, 1, NVIDIA GeForce RTX 5090, 0, 0
2026/07/14 23:03:07.063, 2, NVIDIA GeForce RTX 5090, 0, 0
2026/07/14 23:03:07.071, 3, NVIDIA GeForce RTX 5090, 0, 0
2026/07/14 23:03:07.081, 4, NVIDIA GeForce RTX 5090, 0, 0
2026/07/14 23:03:09.244, 0, NVIDIA GeForce RTX 5090, 3085, 99
2026/07/14 23:03:09.250, 1, NVIDIA GeForce RTX 5090, 0, 0
2026/07/14 23:03:09.258, 2, NVIDIA GeForce RTX 5090, 0, 0
2026/07/14 23:03:09.266, 3, NVIDIA GeForce RTX 5090, 0, 0
2026/07/14 23:03:09.273, 4, NVIDIA GeForce RTX 5090, 0, 0
2026/07/14 23:03:11.414, 0, NVIDIA GeForce RTX 5090, 3085, 99
2026/07/14 23:03:11.420, 1, NVIDIA GeForce RTX 5090, 0, 0
2026/07/14 23:03:11.428, 2, NVIDIA GeForce RTX 5090, 0, 0
2026/07/14 23:03:11.436, 3, NVIDIA GeForce RTX 5090, 0, 0
2026/07/14 23:03:11.443, 4, NVIDIA GeForce RTX 5090, 0, 0
2026/07/14 23:03:13.582, 0, NVIDIA GeForce RTX 5090, 3085, 99
2026/07/14 23:03:13.588, 1, NVIDIA GeForce RTX 5090, 0, 0
2026/07/14 23:03:13.597, 2, NVIDIA GeForce RTX 5090, 0, 0
2026/07/14 23:03:13.604, 3, NVIDIA GeForce RTX 5090, 0, 0
2026/07/14 23:03:13.612, 4, NVIDIA GeForce RTX 5090, 0, 0
2026/07/14 23:03:15.752, 0, NVIDIA GeForce RTX 5090, 3085, 99
2026/07/14 23:03:15.756, 1, NVIDIA GeForce RTX 5090, 0, 0
2026/07/14 23:03:15.764, 2, NVIDIA GeForce RTX 5090, 0, 0
2026/07/14 23:03:15.772, 3, NVIDIA GeForce RTX 5090, 0, 0
2026/07/14 23:03:15.779, 4, NVIDIA GeForce RTX 5090, 0, 0
2026/07/14 23:03:17.913, 0, NVIDIA GeForce RTX 5090, 3085, 5
2026/07/14 23:03:17.917, 1, NVIDIA GeForce RTX 5090, 0, 0
2026/07/14 23:03:17.926, 2, NVIDIA GeForce RTX 5090, 0, 0
2026/07/14 23:03:17.934, 3, NVIDIA GeForce RTX 5090, 0, 0
2026/07/14 23:03:17.942, 4, NVIDIA GeForce RTX 5090, 0, 0
2026/07/14 23:03:20.075, 0, NVIDIA GeForce RTX 5090, 3085, 99
2026/07/14 23:03:20.081, 1, NVIDIA GeForce RTX 5090, 0, 0
2026/07/14 23:03:20.091, 2, NVIDIA GeForce RTX 5090, 0, 0
2026/07/14 23:03:20.098, 3, NVIDIA GeForce RTX 5090, 0, 0
2026/07/14 23:03:20.106, 4, NVIDIA GeForce RTX 5090, 0, 0
2026/07/14 23:03:22.262, 0, NVIDIA GeForce RTX 5090, 3085, 99
2026/07/14 23:03:22.267, 1, NVIDIA GeForce RTX 5090, 0, 0
2026/07/14 23:03:22.275, 2, NVIDIA GeForce RTX 5090, 0, 0
2026/07/14 23:03:22.282, 3, NVIDIA GeForce RTX 5090, 0, 0
2026/07/14 23:03:22.291, 4, NVIDIA GeForce RTX 5090, 0, 0
2026/07/14 23:03:24.428, 0, NVIDIA GeForce RTX 5090, 3085, 99
2026/07/14 23:03:24.432, 1, NVIDIA GeForce RTX 5090, 0, 0
2026/07/14 23:03:24.440, 2, NVIDIA GeForce RTX 5090, 0, 0
2026/07/14 23:03:24.448, 3, NVIDIA GeForce RTX 5090, 0, 0
2026/07/14 23:03:24.455, 4, NVIDIA GeForce RTX 5090, 0, 0
2026/07/14 23:03:26.595, 0, NVIDIA GeForce RTX 5090, 3085, 99
2026/07/14 23:03:26.598, 1, NVIDIA GeForce RTX 5090, 0, 0
2026/07/14 23:03:26.606, 2, NVIDIA GeForce RTX 5090, 0, 0
2026/07/14 23:03:26.614, 3, NVIDIA GeForce RTX 5090, 0, 0
2026/07/14 23:03:26.621, 4, NVIDIA GeForce RTX 5090, 0, 0
2026/07/14 23:03:28.762, 0, NVIDIA GeForce RTX 5090, 3085, 99
2026/07/14 23:03:28.765, 1, NVIDIA GeForce RTX 5090, 0, 0
2026/07/14 23:03:28.774, 2, NVIDIA GeForce RTX 5090, 0, 0
2026/07/14 23:03:28.781, 3, NVIDIA GeForce RTX 5090, 0, 0
2026/07/14 23:03:28.788, 4, NVIDIA GeForce RTX 5090, 0, 0
2026/07/14 23:03:30.919, 0, NVIDIA GeForce RTX 5090, 3085, 99
2026/07/14 23:03:30.925, 1, NVIDIA GeForce RTX 5090, 0, 0
2026/07/14 23:03:30.933, 2, NVIDIA GeForce RTX 5090, 0, 0
2026/07/14 23:03:30.940, 3, NVIDIA GeForce RTX 5090, 0, 0
2026/07/14 23:03:30.948, 4, NVIDIA GeForce RTX 5090, 0, 0
2026/07/14 23:03:33.085, 0, NVIDIA GeForce RTX 5090, 3085, 99
2026/07/14 23:03:33.089, 1, NVIDIA GeForce RTX 5090, 0, 0
2026/07/14 23:03:33.098, 2, NVIDIA GeForce RTX 5090, 0, 0
2026/07/14 23:03:33.105, 3, NVIDIA GeForce RTX 5090, 0, 0
2026/07/14 23:03:33.112, 4, NVIDIA GeForce RTX 5090, 0, 0
2026/07/14 23:03:35.248, 0, NVIDIA GeForce RTX 5090, 3085, 99
2026/07/14 23:03:35.253, 1, NVIDIA GeForce RTX 5090, 0, 0
2026/07/14 23:03:35.261, 2, NVIDIA GeForce RTX 5090, 0, 0
2026/07/14 23:03:35.269, 3, NVIDIA GeForce RTX 5090, 0, 0
2026/07/14 23:03:35.276, 4, NVIDIA GeForce RTX 5090, 0, 0
2026/07/14 23:03:37.430, 0, NVIDIA GeForce RTX 5090, 3085, 99
2026/07/14 23:03:37.434, 1, NVIDIA GeForce RTX 5090, 0, 0
2026/07/14 23:03:37.443, 2, NVIDIA GeForce RTX 5090, 0, 0
2026/07/14 23:03:37.450, 3, NVIDIA GeForce RTX 5090, 0, 0
2026/07/14 23:03:37.458, 4, NVIDIA GeForce RTX 5090, 0, 0
2026/07/14 23:03:39.597, 0, NVIDIA GeForce RTX 5090, 3085, 99
2026/07/14 23:03:39.605, 1, NVIDIA GeForce RTX 5090, 0, 0
2026/07/14 23:03:39.612, 2, NVIDIA GeForce RTX 5090, 0, 0
2026/07/14 23:03:39.620, 3, NVIDIA GeForce RTX 5090, 0, 0
2026/07/14 23:03:39.627, 4, NVIDIA GeForce RTX 5090, 0, 0
2026/07/14 23:03:41.764, 0, NVIDIA GeForce RTX 5090, 3085, 99
2026/07/14 23:03:41.771, 1, NVIDIA GeForce RTX 5090, 0, 0
2026/07/14 23:03:41.779, 2, NVIDIA GeForce RTX 5090, 0, 0
2026/07/14 23:03:41.787, 3, NVIDIA GeForce RTX 5090, 0, 0
2026/07/14 23:03:41.794, 4, NVIDIA GeForce RTX 5090, 0, 0
2026/07/14 23:03:43.929, 0, NVIDIA GeForce RTX 5090, 3085, 99
2026/07/14 23:03:43.935, 1, NVIDIA GeForce RTX 5090, 0, 0
2026/07/14 23:03:43.943, 2, NVIDIA GeForce RTX 5090, 0, 0
2026/07/14 23:03:43.950, 3, NVIDIA GeForce RTX 5090, 0, 0
2026/07/14 23:03:43.958, 4, NVIDIA GeForce RTX 5090, 0, 0
2026/07/14 23:03:46.092, 0, NVIDIA GeForce RTX 5090, 3085, 5
2026/07/14 23:03:46.098, 1, NVIDIA GeForce RTX 5090, 0, 0
2026/07/14 23:03:46.106, 2, NVIDIA GeForce RTX 5090, 0, 0
2026/07/14 23:03:46.114, 3, NVIDIA GeForce RTX 5090, 0, 0
2026/07/14 23:03:46.123, 4, NVIDIA GeForce RTX 5090, 0, 0
2026/07/14 23:03:48.262, 0, NVIDIA GeForce RTX 5090, 3085, 99
2026/07/14 23:03:48.267, 1, NVIDIA GeForce RTX 5090, 0, 0
2026/07/14 23:03:48.275, 2, NVIDIA GeForce RTX 5090, 0, 0
2026/07/14 23:03:48.283, 3, NVIDIA GeForce RTX 5090, 0, 0
2026/07/14 23:03:48.290, 4, NVIDIA GeForce RTX 5090, 0, 0
2026/07/14 23:03:50.423, 0, NVIDIA GeForce RTX 5090, 3085, 98
2026/07/14 23:03:50.429, 1, NVIDIA GeForce RTX 5090, 0, 0
2026/07/14 23:03:50.436, 2, NVIDIA GeForce RTX 5090, 0, 0
2026/07/14 23:03:50.444, 3, NVIDIA GeForce RTX 5090, 0, 0
2026/07/14 23:03:50.451, 4, NVIDIA GeForce RTX 5090, 0, 0
2026/07/14 23:03:52.588, 0, NVIDIA GeForce RTX 5090, 3085, 99
2026/07/14 23:03:52.593, 1, NVIDIA GeForce RTX 5090, 0, 0
2026/07/14 23:03:52.601, 2, NVIDIA GeForce RTX 5090, 0, 0
2026/07/14 23:03:52.609, 3, NVIDIA GeForce RTX 5090, 0, 0
2026/07/14 23:03:52.623, 4, NVIDIA GeForce RTX 5090, 0, 0
2026/07/14 23:03:54.784, 0, NVIDIA GeForce RTX 5090, 3085, 99
2026/07/14 23:03:54.790, 1, NVIDIA GeForce RTX 5090, 0, 0
2026/07/14 23:03:54.798, 2, NVIDIA GeForce RTX 5090, 0, 0
2026/07/14 23:03:54.805, 3, NVIDIA GeForce RTX 5090, 0, 0
2026/07/14 23:03:54.813, 4, NVIDIA GeForce RTX 5090, 0, 0
2026/07/14 23:03:56.949, 0, NVIDIA GeForce RTX 5090, 3085, 99
2026/07/14 23:03:56.953, 1, NVIDIA GeForce RTX 5090, 0, 0
2026/07/14 23:03:56.961, 2, NVIDIA GeForce RTX 5090, 0, 0
2026/07/14 23:03:56.968, 3, NVIDIA GeForce RTX 5090, 0, 0
2026/07/14 23:03:56.976, 4, NVIDIA GeForce RTX 5090, 0, 0
2026/07/14 23:03:59.132, 0, NVIDIA GeForce RTX 5090, 3085, 99
2026/07/14 23:03:59.137, 1, NVIDIA GeForce RTX 5090, 0, 0
2026/07/14 23:03:59.145, 2, NVIDIA GeForce RTX 5090, 0, 0
2026/07/14 23:03:59.153, 3, NVIDIA GeForce RTX 5090, 0, 0
2026/07/14 23:03:59.161, 4, NVIDIA GeForce RTX 5090, 0, 0
2026/07/14 23:04:01.318, 0, NVIDIA GeForce RTX 5090, 3085, 99
2026/07/14 23:04:01.325, 1, NVIDIA GeForce RTX 5090, 0, 0
2026/07/14 23:04:01.334, 2, NVIDIA GeForce RTX 5090, 0, 0
2026/07/14 23:04:01.341, 3, NVIDIA GeForce RTX 5090, 0, 0
2026/07/14 23:04:01.348, 4, NVIDIA GeForce RTX 5090, 0, 0
2026/07/14 23:04:03.485, 0, NVIDIA GeForce RTX 5090, 3085, 98
2026/07/14 23:04:03.491, 1, NVIDIA GeForce RTX 5090, 0, 0
2026/07/14 23:04:03.499, 2, NVIDIA GeForce RTX 5090, 0, 0
2026/07/14 23:04:03.506, 3, NVIDIA GeForce RTX 5090, 0, 0
2026/07/14 23:04:03.514, 4, NVIDIA GeForce RTX 5090, 0, 0
2026/07/14 23:04:05.648, 0, NVIDIA GeForce RTX 5090, 3085, 99
2026/07/14 23:04:05.654, 1, NVIDIA GeForce RTX 5090, 0, 0
2026/07/14 23:04:05.663, 2, NVIDIA GeForce RTX 5090, 0, 0
2026/07/14 23:04:05.670, 3, NVIDIA GeForce RTX 5090, 0, 0
2026/07/14 23:04:05.678, 4, NVIDIA GeForce RTX 5090, 0, 0
2026/07/14 23:04:07.830, 0, NVIDIA GeForce RTX 5090, 3085, 99
2026/07/14 23:04:07.835, 1, NVIDIA GeForce RTX 5090, 0, 0
2026/07/14 23:04:07.857, 2, NVIDIA GeForce RTX 5090, 0, 0
2026/07/14 23:04:07.870, 3, NVIDIA GeForce RTX 5090, 0, 0
2026/07/14 23:04:07.887, 4, NVIDIA GeForce RTX 5090, 0, 0
2026/07/14 23:04:10.081, 0, NVIDIA GeForce RTX 5090, 3085, 99
2026/07/14 23:04:10.086, 1, NVIDIA GeForce RTX 5090, 0, 0
2026/07/14 23:04:10.094, 2, NVIDIA GeForce RTX 5090, 0, 0
2026/07/14 23:04:10.102, 3, NVIDIA GeForce RTX 5090, 0, 0
2026/07/14 23:04:10.109, 4, NVIDIA GeForce RTX 5090, 0, 0
2026/07/14 23:04:12.280, 0, NVIDIA GeForce RTX 5090, 3085, 99
2026/07/14 23:04:12.286, 1, NVIDIA GeForce RTX 5090, 0, 0
2026/07/14 23:04:12.294, 2, NVIDIA GeForce RTX 5090, 0, 0
2026/07/14 23:04:12.302, 3, NVIDIA GeForce RTX 5090, 0, 0
2026/07/14 23:04:12.309, 4, NVIDIA GeForce RTX 5090, 0, 0
2026/07/14 23:04:14.444, 0, NVIDIA GeForce RTX 5090, 3085, 99
2026/07/14 23:04:14.450, 1, NVIDIA GeForce RTX 5090, 0, 0
2026/07/14 23:04:14.458, 2, NVIDIA GeForce RTX 5090, 0, 0
2026/07/14 23:04:14.466, 3, NVIDIA GeForce RTX 5090, 0, 0
2026/07/14 23:04:14.473, 4, NVIDIA GeForce RTX 5090, 0, 0
2026/07/14 23:04:16.606, 0, NVIDIA GeForce RTX 5090, 3085, 97
2026/07/14 23:04:16.613, 1, NVIDIA GeForce RTX 5090, 0, 0
2026/07/14 23:04:16.621, 2, NVIDIA GeForce RTX 5090, 0, 0
2026/07/14 23:04:16.629, 3, NVIDIA GeForce RTX 5090, 0, 0
2026/07/14 23:04:16.643, 4, NVIDIA GeForce RTX 5090, 0, 0
2026/07/14 23:04:18.786, 0, NVIDIA GeForce RTX 5090, 3085, 98
2026/07/14 23:04:18.793, 1, NVIDIA GeForce RTX 5090, 0, 0
2026/07/14 23:04:18.800, 2, NVIDIA GeForce RTX 5090, 0, 0
2026/07/14 23:04:18.808, 3, NVIDIA GeForce RTX 5090, 0, 0
2026/07/14 23:04:18.815, 4, NVIDIA GeForce RTX 5090, 0, 0
2026/07/14 23:04:20.971, 0, NVIDIA GeForce RTX 5090, 3085, 99
2026/07/14 23:04:20.975, 1, NVIDIA GeForce RTX 5090, 0, 0
2026/07/14 23:04:20.983, 2, NVIDIA GeForce RTX 5090, 0, 0
2026/07/14 23:04:20.991, 3, NVIDIA GeForce RTX 5090, 0, 0
2026/07/14 23:04:20.998, 4, NVIDIA GeForce RTX 5090, 0, 0
2026/07/14 23:04:23.137, 0, NVIDIA GeForce RTX 5090, 3085, 99
2026/07/14 23:04:23.145, 1, NVIDIA GeForce RTX 5090, 0, 0
2026/07/14 23:04:23.152, 2, NVIDIA GeForce RTX 5090, 0, 0
2026/07/14 23:04:23.160, 3, NVIDIA GeForce RTX 5090, 0, 0
2026/07/14 23:04:23.168, 4, NVIDIA GeForce RTX 5090, 0, 0
2026/07/14 23:04:25.315, 0, NVIDIA GeForce RTX 5090, 3085, 99
2026/07/14 23:04:25.324, 1, NVIDIA GeForce RTX 5090, 0, 0
2026/07/14 23:04:25.331, 2, NVIDIA GeForce RTX 5090, 0, 0
2026/07/14 23:04:25.338, 3, NVIDIA GeForce RTX 5090, 0, 0
2026/07/14 23:04:25.346, 4, NVIDIA GeForce RTX 5090, 0, 0
2026/07/14 23:04:27.482, 0, NVIDIA GeForce RTX 5090, 3085, 99
2026/07/14 23:04:27.487, 1, NVIDIA GeForce RTX 5090, 0, 0
2026/07/14 23:04:27.495, 2, NVIDIA GeForce RTX 5090, 0, 0
2026/07/14 23:04:27.502, 3, NVIDIA GeForce RTX 5090, 0, 0
2026/07/14 23:04:27.510, 4, NVIDIA GeForce RTX 5090, 0, 0
2026/07/14 23:04:29.646, 0, NVIDIA GeForce RTX 5090, 3085, 99
2026/07/14 23:04:29.652, 1, NVIDIA GeForce RTX 5090, 0, 0
2026/07/14 23:04:29.659, 2, NVIDIA GeForce RTX 5090, 0, 0
2026/07/14 23:04:29.667, 3, NVIDIA GeForce RTX 5090, 0, 0
2026/07/14 23:04:29.675, 4, NVIDIA GeForce RTX 5090, 0, 0
2026/07/14 23:04:31.817, 0, NVIDIA GeForce RTX 5090, 3085, 98
2026/07/14 23:04:31.821, 1, NVIDIA GeForce RTX 5090, 0, 0
2026/07/14 23:04:31.830, 2, NVIDIA GeForce RTX 5090, 0, 0
2026/07/14 23:04:31.837, 3, NVIDIA GeForce RTX 5090, 0, 0
2026/07/14 23:04:31.846, 4, NVIDIA GeForce RTX 5090, 0, 0
2026/07/14 23:04:34.000, 0, NVIDIA GeForce RTX 5090, 3085, 99
2026/07/14 23:04:34.006, 1, NVIDIA GeForce RTX 5090, 0, 0
2026/07/14 23:04:34.014, 2, NVIDIA GeForce RTX 5090, 0, 0
2026/07/14 23:04:34.022, 3, NVIDIA GeForce RTX 5090, 0, 0
2026/07/14 23:04:34.029, 4, NVIDIA GeForce RTX 5090, 0, 0
2026/07/14 23:04:36.163, 0, NVIDIA GeForce RTX 5090, 3085, 99
2026/07/14 23:04:36.169, 1, NVIDIA GeForce RTX 5090, 0, 0
2026/07/14 23:04:36.179, 2, NVIDIA GeForce RTX 5090, 0, 0
2026/07/14 23:04:36.186, 3, NVIDIA GeForce RTX 5090, 0, 0
2026/07/14 23:04:36.194, 4, NVIDIA GeForce RTX 5090, 0, 0
2026/07/14 23:04:38.353, 0, NVIDIA GeForce RTX 5090, 3085, 99
2026/07/14 23:04:38.359, 1, NVIDIA GeForce RTX 5090, 0, 0
2026/07/14 23:04:38.367, 2, NVIDIA GeForce RTX 5090, 0, 0
2026/07/14 23:04:38.374, 3, NVIDIA GeForce RTX 5090, 0, 0
2026/07/14 23:04:38.383, 4, NVIDIA GeForce RTX 5090, 0, 0
2026/07/14 23:04:40.520, 0, NVIDIA GeForce RTX 5090, 3085, 99
2026/07/14 23:04:40.526, 1, NVIDIA GeForce RTX 5090, 0, 0
2026/07/14 23:04:40.534, 2, NVIDIA GeForce RTX 5090, 0, 0
2026/07/14 23:04:40.541, 3, NVIDIA GeForce RTX 5090, 0, 0
2026/07/14 23:04:40.549, 4, NVIDIA GeForce RTX 5090, 0, 0
2026/07/14 23:04:42.690, 0, NVIDIA GeForce RTX 5090, 3085, 99
2026/07/14 23:04:42.694, 1, NVIDIA GeForce RTX 5090, 0, 0
2026/07/14 23:04:42.705, 2, NVIDIA GeForce RTX 5090, 0, 0
2026/07/14 23:04:42.712, 3, NVIDIA GeForce RTX 5090, 0, 0
2026/07/14 23:04:42.720, 4, NVIDIA GeForce RTX 5090, 0, 0
2026/07/14 23:04:44.859, 0, NVIDIA GeForce RTX 5090, 3085, 99
2026/07/14 23:04:44.865, 1, NVIDIA GeForce RTX 5090, 0, 0
2026/07/14 23:04:44.873, 2, NVIDIA GeForce RTX 5090, 0, 0
2026/07/14 23:04:44.880, 3, NVIDIA GeForce RTX 5090, 0, 0
2026/07/14 23:04:44.887, 4, NVIDIA GeForce RTX 5090, 0, 0
2026/07/14 23:04:47.027, 0, NVIDIA GeForce RTX 5090, 3085, 98
2026/07/14 23:04:47.033, 1, NVIDIA GeForce RTX 5090, 0, 0
2026/07/14 23:04:47.041, 2, NVIDIA GeForce RTX 5090, 0, 0
2026/07/14 23:04:47.049, 3, NVIDIA GeForce RTX 5090, 0, 0
2026/07/14 23:04:47.056, 4, NVIDIA GeForce RTX 5090, 0, 0
2026/07/14 23:04:49.193, 0, NVIDIA GeForce RTX 5090, 3085, 99
2026/07/14 23:04:49.197, 1, NVIDIA GeForce RTX 5090, 0, 0
2026/07/14 23:04:49.209, 2, NVIDIA GeForce RTX 5090, 0, 0
2026/07/14 23:04:49.218, 3, NVIDIA GeForce RTX 5090, 0, 0
2026/07/14 23:04:49.225, 4, NVIDIA GeForce RTX 5090, 0, 0
2026/07/14 23:04:51.356, 0, NVIDIA GeForce RTX 5090, 3085, 99
2026/07/14 23:04:51.360, 1, NVIDIA GeForce RTX 5090, 0, 0
2026/07/14 23:04:51.368, 2, NVIDIA GeForce RTX 5090, 0, 0
2026/07/14 23:04:51.375, 3, NVIDIA GeForce RTX 5090, 0, 0
2026/07/14 23:04:51.383, 4, NVIDIA GeForce RTX 5090, 0, 0
2026/07/14 23:04:53.520, 0, NVIDIA GeForce RTX 5090, 3085, 99
2026/07/14 23:04:53.526, 1, NVIDIA GeForce RTX 5090, 0, 0
2026/07/14 23:04:53.534, 2, NVIDIA GeForce RTX 5090, 0, 0
2026/07/14 23:04:53.543, 3, NVIDIA GeForce RTX 5090, 0, 0
2026/07/14 23:04:53.551, 4, NVIDIA GeForce RTX 5090, 0, 0
2026/07/14 23:04:55.708, 0, NVIDIA GeForce RTX 5090, 3085, 99
2026/07/14 23:04:55.713, 1, NVIDIA GeForce RTX 5090, 0, 0
2026/07/14 23:04:55.722, 2, NVIDIA GeForce RTX 5090, 0, 0
2026/07/14 23:04:55.729, 3, NVIDIA GeForce RTX 5090, 0, 0
2026/07/14 23:04:55.737, 4, NVIDIA GeForce RTX 5090, 0, 0
2026/07/14 23:04:57.874, 0, NVIDIA GeForce RTX 5090, 3085, 99
2026/07/14 23:04:57.879, 1, NVIDIA GeForce RTX 5090, 0, 0
2026/07/14 23:04:57.889, 2, NVIDIA GeForce RTX 5090, 0, 0
2026/07/14 23:04:57.897, 3, NVIDIA GeForce RTX 5090, 0, 0
2026/07/14 23:04:57.904, 4, NVIDIA GeForce RTX 5090, 0, 0
2026/07/14 23:05:00.039, 0, NVIDIA GeForce RTX 5090, 3085, 98
2026/07/14 23:05:00.042, 1, NVIDIA GeForce RTX 5090, 0, 0
2026/07/14 23:05:00.050, 2, NVIDIA GeForce RTX 5090, 0, 0
2026/07/14 23:05:00.057, 3, NVIDIA GeForce RTX 5090, 0, 0
2026/07/14 23:05:00.065, 4, NVIDIA GeForce RTX 5090, 0, 0
2026/07/14 23:05:02.205, 0, NVIDIA GeForce RTX 5090, 3085, 98
2026/07/14 23:05:02.211, 1, NVIDIA GeForce RTX 5090, 0, 0
2026/07/14 23:05:02.222, 2, NVIDIA GeForce RTX 5090, 0, 0
2026/07/14 23:05:02.230, 3, NVIDIA GeForce RTX 5090, 0, 0
2026/07/14 23:05:02.237, 4, NVIDIA GeForce RTX 5090, 0, 0
2026/07/14 23:05:04.372, 0, NVIDIA GeForce RTX 5090, 3085, 99
2026/07/14 23:05:04.378, 1, NVIDIA GeForce RTX 5090, 0, 0
2026/07/14 23:05:04.386, 2, NVIDIA GeForce RTX 5090, 0, 0
2026/07/14 23:05:04.396, 3, NVIDIA GeForce RTX 5090, 0, 0
2026/07/14 23:05:04.403, 4, NVIDIA GeForce RTX 5090, 0, 0
2026/07/14 23:05:06.538, 0, NVIDIA GeForce RTX 5090, 3085, 53
2026/07/14 23:05:06.542, 1, NVIDIA GeForce RTX 5090, 0, 0
2026/07/14 23:05:06.550, 2, NVIDIA GeForce RTX 5090, 0, 0
2026/07/14 23:05:06.558, 3, NVIDIA GeForce RTX 5090, 0, 0
2026/07/14 23:05:06.565, 4, NVIDIA GeForce RTX 5090, 0, 0
2026/07/14 23:05:08.718, 0, NVIDIA GeForce RTX 5090, 3085, 99
2026/07/14 23:05:08.723, 1, NVIDIA GeForce RTX 5090, 0, 0
2026/07/14 23:05:08.732, 2, NVIDIA GeForce RTX 5090, 0, 0
2026/07/14 23:05:08.739, 3, NVIDIA GeForce RTX 5090, 0, 0
2026/07/14 23:05:08.747, 4, NVIDIA GeForce RTX 5090, 0, 0
2026/07/14 23:05:10.949, 0, NVIDIA GeForce RTX 5090, 3085, 99
2026/07/14 23:05:10.957, 1, NVIDIA GeForce RTX 5090, 0, 0
2026/07/14 23:05:10.970, 2, NVIDIA GeForce RTX 5090, 0, 0
2026/07/14 23:05:10.983, 3, NVIDIA GeForce RTX 5090, 0, 0
2026/07/14 23:05:10.992, 4, NVIDIA GeForce RTX 5090, 0, 0
2026/07/14 23:05:13.138, 0, NVIDIA GeForce RTX 5090, 3085, 99
2026/07/14 23:05:13.143, 1, NVIDIA GeForce RTX 5090, 0, 0
2026/07/14 23:05:13.152, 2, NVIDIA GeForce RTX 5090, 0, 0
2026/07/14 23:05:13.159, 3, NVIDIA GeForce RTX 5090, 0, 0
2026/07/14 23:05:13.167, 4, NVIDIA GeForce RTX 5090, 0, 0
2026/07/14 23:05:15.345, 0, NVIDIA GeForce RTX 5090, 3085, 98
2026/07/14 23:05:15.351, 1, NVIDIA GeForce RTX 5090, 0, 0
2026/07/14 23:05:15.359, 2, NVIDIA GeForce RTX 5090, 0, 0
2026/07/14 23:05:15.366, 3, NVIDIA GeForce RTX 5090, 0, 0
2026/07/14 23:05:15.375, 4, NVIDIA GeForce RTX 5090, 0, 0
2026/07/14 23:05:17.534, 0, NVIDIA GeForce RTX 5090, 3085, 99
2026/07/14 23:05:17.540, 1, NVIDIA GeForce RTX 5090, 0, 0
2026/07/14 23:05:17.547, 2, NVIDIA GeForce RTX 5090, 0, 0
2026/07/14 23:05:17.555, 3, NVIDIA GeForce RTX 5090, 0, 0
2026/07/14 23:05:17.563, 4, NVIDIA GeForce RTX 5090, 0, 0
2026/07/14 23:05:19.698, 0, NVIDIA GeForce RTX 5090, 3085, 98
2026/07/14 23:05:19.703, 1, NVIDIA GeForce RTX 5090, 0, 0
2026/07/14 23:05:19.711, 2, NVIDIA GeForce RTX 5090, 0, 0
2026/07/14 23:05:19.718, 3, NVIDIA GeForce RTX 5090, 0, 0
2026/07/14 23:05:19.726, 4, NVIDIA GeForce RTX 5090, 0, 0
2026/07/14 23:05:21.863, 0, NVIDIA GeForce RTX 5090, 3085, 99
2026/07/14 23:05:21.868, 1, NVIDIA GeForce RTX 5090, 0, 0
2026/07/14 23:05:21.875, 2, NVIDIA GeForce RTX 5090, 0, 0
2026/07/14 23:05:21.885, 3, NVIDIA GeForce RTX 5090, 0, 0
2026/07/14 23:05:21.892, 4, NVIDIA GeForce RTX 5090, 0, 0
2026/07/14 23:05:24.031, 0, NVIDIA GeForce RTX 5090, 3085, 99
2026/07/14 23:05:24.037, 1, NVIDIA GeForce RTX 5090, 0, 0
2026/07/14 23:05:24.045, 2, NVIDIA GeForce RTX 5090, 0, 0
2026/07/14 23:05:24.053, 3, NVIDIA GeForce RTX 5090, 0, 0
2026/07/14 23:05:24.060, 4, NVIDIA GeForce RTX 5090, 0, 0
2026/07/14 23:05:26.195, 0, NVIDIA GeForce RTX 5090, 3085, 99
2026/07/14 23:05:26.201, 1, NVIDIA GeForce RTX 5090, 0, 0
2026/07/14 23:05:26.208, 2, NVIDIA GeForce RTX 5090, 0, 0
2026/07/14 23:05:26.216, 3, NVIDIA GeForce RTX 5090, 0, 0
2026/07/14 23:05:26.224, 4, NVIDIA GeForce RTX 5090, 0, 0
2026/07/14 23:05:28.405, 0, NVIDIA GeForce RTX 5090, 3085, 99
2026/07/14 23:05:28.410, 1, NVIDIA GeForce RTX 5090, 0, 0
2026/07/14 23:05:28.418, 2, NVIDIA GeForce RTX 5090, 0, 0
2026/07/14 23:05:28.425, 3, NVIDIA GeForce RTX 5090, 0, 0
2026/07/14 23:05:28.433, 4, NVIDIA GeForce RTX 5090, 0, 0
2026/07/14 23:05:30.572, 0, NVIDIA GeForce RTX 5090, 3085, 99
2026/07/14 23:05:30.577, 1, NVIDIA GeForce RTX 5090, 0, 0
2026/07/14 23:05:30.585, 2, NVIDIA GeForce RTX 5090, 0, 0
2026/07/14 23:05:30.593, 3, NVIDIA GeForce RTX 5090, 0, 0
2026/07/14 23:05:30.601, 4, NVIDIA GeForce RTX 5090, 0, 0
2026/07/14 23:05:32.738, 0, NVIDIA GeForce RTX 5090, 3085, 99
2026/07/14 23:05:32.742, 1, NVIDIA GeForce RTX 5090, 0, 0
2026/07/14 23:05:32.750, 2, NVIDIA GeForce RTX 5090, 0, 0
2026/07/14 23:05:32.758, 3, NVIDIA GeForce RTX 5090, 0, 0
2026/07/14 23:05:32.766, 4, NVIDIA GeForce RTX 5090, 0, 0
2026/07/14 23:05:34.918, 0, NVIDIA GeForce RTX 5090, 3085, 99
2026/07/14 23:05:34.925, 1, NVIDIA GeForce RTX 5090, 0, 0
2026/07/14 23:05:34.933, 2, NVIDIA GeForce RTX 5090, 0, 0
2026/07/14 23:05:34.940, 3, NVIDIA GeForce RTX 5090, 0, 0
2026/07/14 23:05:34.948, 4, NVIDIA GeForce RTX 5090, 0, 0
2026/07/14 23:05:37.110, 0, NVIDIA GeForce RTX 5090, 3085, 99
2026/07/14 23:05:37.116, 1, NVIDIA GeForce RTX 5090, 0, 0
2026/07/14 23:05:37.127, 2, NVIDIA GeForce RTX 5090, 0, 0
2026/07/14 23:05:37.142, 3, NVIDIA GeForce RTX 5090, 0, 0
2026/07/14 23:05:37.150, 4, NVIDIA GeForce RTX 5090, 0, 0
2026/07/14 23:05:39.284, 0, NVIDIA GeForce RTX 5090, 3085, 98
2026/07/14 23:05:39.289, 1, NVIDIA GeForce RTX 5090, 0, 0
2026/07/14 23:05:39.297, 2, NVIDIA GeForce RTX 5090, 0, 0
2026/07/14 23:05:39.304, 3, NVIDIA GeForce RTX 5090, 0, 0
2026/07/14 23:05:39.312, 4, NVIDIA GeForce RTX 5090, 0, 0
2026/07/14 23:05:41.449, 0, NVIDIA GeForce RTX 5090, 3085, 98
2026/07/14 23:05:41.455, 1, NVIDIA GeForce RTX 5090, 0, 0
2026/07/14 23:05:41.462, 2, NVIDIA GeForce RTX 5090, 0, 0
2026/07/14 23:05:41.470, 3, NVIDIA GeForce RTX 5090, 0, 0
2026/07/14 23:05:41.477, 4, NVIDIA GeForce RTX 5090, 0, 0
2026/07/14 23:05:43.610, 0, NVIDIA GeForce RTX 5090, 3085, 99
2026/07/14 23:05:43.613, 1, NVIDIA GeForce RTX 5090, 0, 0
2026/07/14 23:05:43.622, 2, NVIDIA GeForce RTX 5090, 0, 0
2026/07/14 23:05:43.629, 3, NVIDIA GeForce RTX 5090, 0, 0
2026/07/14 23:05:43.637, 4, NVIDIA GeForce RTX 5090, 0, 0
2026/07/14 23:05:45.794, 0, NVIDIA GeForce RTX 5090, 3085, 99
2026/07/14 23:05:45.800, 1, NVIDIA GeForce RTX 5090, 0, 0
2026/07/14 23:05:45.808, 2, NVIDIA GeForce RTX 5090, 0, 0
2026/07/14 23:05:45.815, 3, NVIDIA GeForce RTX 5090, 0, 0
2026/07/14 23:05:45.823, 4, NVIDIA GeForce RTX 5090, 0, 0
2026/07/14 23:05:47.960, 0, NVIDIA GeForce RTX 5090, 3085, 99
2026/07/14 23:05:47.966, 1, NVIDIA GeForce RTX 5090, 0, 0
2026/07/14 23:05:47.974, 2, NVIDIA GeForce RTX 5090, 0, 0
2026/07/14 23:05:47.982, 3, NVIDIA GeForce RTX 5090, 0, 0
2026/07/14 23:05:47.989, 4, NVIDIA GeForce RTX 5090, 0, 0
2026/07/14 23:05:50.127, 0, NVIDIA GeForce RTX 5090, 3085, 99
2026/07/14 23:05:50.133, 1, NVIDIA GeForce RTX 5090, 0, 0
2026/07/14 23:05:50.141, 2, NVIDIA GeForce RTX 5090, 0, 0
2026/07/14 23:05:50.155, 3, NVIDIA GeForce RTX 5090, 0, 0
2026/07/14 23:05:50.164, 4, NVIDIA GeForce RTX 5090, 0, 0
2026/07/14 23:05:52.294, 0, NVIDIA GeForce RTX 5090, 3085, 98
2026/07/14 23:05:52.300, 1, NVIDIA GeForce RTX 5090, 0, 0
2026/07/14 23:05:52.308, 2, NVIDIA GeForce RTX 5090, 0, 0
2026/07/14 23:05:52.316, 3, NVIDIA GeForce RTX 5090, 0, 0
2026/07/14 23:05:52.323, 4, NVIDIA GeForce RTX 5090, 0, 0
2026/07/14 23:05:54.460, 0, NVIDIA GeForce RTX 5090, 3085, 99
2026/07/14 23:05:54.467, 1, NVIDIA GeForce RTX 5090, 0, 0
2026/07/14 23:05:54.477, 2, NVIDIA GeForce RTX 5090, 0, 0
2026/07/14 23:05:54.484, 3, NVIDIA GeForce RTX 5090, 0, 0
2026/07/14 23:05:54.492, 4, NVIDIA GeForce RTX 5090, 0, 0
2026/07/14 23:05:56.648, 0, NVIDIA GeForce RTX 5090, 3085, 99
2026/07/14 23:05:56.653, 1, NVIDIA GeForce RTX 5090, 0, 0
2026/07/14 23:05:56.662, 2, NVIDIA GeForce RTX 5090, 0, 0
2026/07/14 23:05:56.669, 3, NVIDIA GeForce RTX 5090, 0, 0
2026/07/14 23:05:56.676, 4, NVIDIA GeForce RTX 5090, 0, 0
2026/07/14 23:05:58.808, 0, NVIDIA GeForce RTX 5090, 3085, 99
2026/07/14 23:05:58.811, 1, NVIDIA GeForce RTX 5090, 0, 0
2026/07/14 23:05:58.819, 2, NVIDIA GeForce RTX 5090, 0, 0
2026/07/14 23:05:58.826, 3, NVIDIA GeForce RTX 5090, 0, 0
2026/07/14 23:05:58.834, 4, NVIDIA GeForce RTX 5090, 0, 0
2026/07/14 23:06:00.969, 0, NVIDIA GeForce RTX 5090, 3085, 99
2026/07/14 23:06:00.975, 1, NVIDIA GeForce RTX 5090, 0, 0
2026/07/14 23:06:00.983, 2, NVIDIA GeForce RTX 5090, 0, 0
2026/07/14 23:06:00.990, 3, NVIDIA GeForce RTX 5090, 0, 0
2026/07/14 23:06:00.997, 4, NVIDIA GeForce RTX 5090, 0, 0
2026/07/14 23:06:03.133, 0, NVIDIA GeForce RTX 5090, 3085, 99
2026/07/14 23:06:03.140, 1, NVIDIA GeForce RTX 5090, 0, 0
2026/07/14 23:06:03.147, 2, NVIDIA GeForce RTX 5090, 0, 0
2026/07/14 23:06:03.162, 3, NVIDIA GeForce RTX 5090, 0, 0
2026/07/14 23:06:03.170, 4, NVIDIA GeForce RTX 5090, 0, 0
2026/07/14 23:06:05.300, 0, NVIDIA GeForce RTX 5090, 3085, 99
2026/07/14 23:06:05.305, 1, NVIDIA GeForce RTX 5090, 0, 0
2026/07/14 23:06:05.312, 2, NVIDIA GeForce RTX 5090, 0, 0
2026/07/14 23:06:05.320, 3, NVIDIA GeForce RTX 5090, 0, 0
2026/07/14 23:06:05.327, 4, NVIDIA GeForce RTX 5090, 0, 0
2026/07/14 23:06:07.466, 0, NVIDIA GeForce RTX 5090, 3085, 99
2026/07/14 23:06:07.472, 1, NVIDIA GeForce RTX 5090, 0, 0
2026/07/14 23:06:07.480, 2, NVIDIA GeForce RTX 5090, 0, 0
2026/07/14 23:06:07.488, 3, NVIDIA GeForce RTX 5090, 0, 0
2026/07/14 23:06:07.495, 4, NVIDIA GeForce RTX 5090, 0, 0
2026/07/14 23:06:09.635, 0, NVIDIA GeForce RTX 5090, 3085, 99
2026/07/14 23:06:09.639, 1, NVIDIA GeForce RTX 5090, 0, 0
2026/07/14 23:06:09.647, 2, NVIDIA GeForce RTX 5090, 0, 0
2026/07/14 23:06:09.654, 3, NVIDIA GeForce RTX 5090, 0, 0
2026/07/14 23:06:09.664, 4, NVIDIA GeForce RTX 5090, 0, 0
2026/07/14 23:06:11.819, 0, NVIDIA GeForce RTX 5090, 3085, 9
2026/07/14 23:06:11.824, 1, NVIDIA GeForce RTX 5090, 0, 0
2026/07/14 23:06:11.832, 2, NVIDIA GeForce RTX 5090, 0, 0
2026/07/14 23:06:11.842, 3, NVIDIA GeForce RTX 5090, 0, 0
2026/07/14 23:06:11.849, 4, NVIDIA GeForce RTX 5090, 0, 0
2026/07/14 23:06:14.024, 0, NVIDIA GeForce RTX 5090, 3085, 99
2026/07/14 23:06:14.029, 1, NVIDIA GeForce RTX 5090, 0, 0
2026/07/14 23:06:14.047, 2, NVIDIA GeForce RTX 5090, 0, 0
2026/07/14 23:06:14.063, 3, NVIDIA GeForce RTX 5090, 0, 0
2026/07/14 23:06:14.072, 4, NVIDIA GeForce RTX 5090, 0, 0
2026/07/14 23:06:16.219, 0, NVIDIA GeForce RTX 5090, 3085, 99
2026/07/14 23:06:16.224, 1, NVIDIA GeForce RTX 5090, 0, 0
2026/07/14 23:06:16.233, 2, NVIDIA GeForce RTX 5090, 0, 0
2026/07/14 23:06:16.240, 3, NVIDIA GeForce RTX 5090, 0, 0
2026/07/14 23:06:16.248, 4, NVIDIA GeForce RTX 5090, 0, 0
2026/07/14 23:06:18.387, 0, NVIDIA GeForce RTX 5090, 3085, 99
2026/07/14 23:06:18.393, 1, NVIDIA GeForce RTX 5090, 0, 0
2026/07/14 23:06:18.402, 2, NVIDIA GeForce RTX 5090, 0, 0
2026/07/14 23:06:18.410, 3, NVIDIA GeForce RTX 5090, 0, 0
2026/07/14 23:06:18.418, 4, NVIDIA GeForce RTX 5090, 0, 0
2026/07/14 23:06:20.557, 0, NVIDIA GeForce RTX 5090, 3085, 99
2026/07/14 23:06:20.560, 1, NVIDIA GeForce RTX 5090, 0, 0
2026/07/14 23:06:20.568, 2, NVIDIA GeForce RTX 5090, 0, 0
2026/07/14 23:06:20.575, 3, NVIDIA GeForce RTX 5090, 0, 0
2026/07/14 23:06:20.583, 4, NVIDIA GeForce RTX 5090, 0, 0
2026/07/14 23:06:22.718, 0, NVIDIA GeForce RTX 5090, 3085, 99
2026/07/14 23:06:22.723, 1, NVIDIA GeForce RTX 5090, 0, 0
2026/07/14 23:06:22.731, 2, NVIDIA GeForce RTX 5090, 0, 0
2026/07/14 23:06:22.738, 3, NVIDIA GeForce RTX 5090, 0, 0
2026/07/14 23:06:22.744, 4, NVIDIA GeForce RTX 5090, 0, 0
2026/07/14 23:06:24.884, 0, NVIDIA GeForce RTX 5090, 3085, 99
2026/07/14 23:06:24.892, 1, NVIDIA GeForce RTX 5090, 0, 0
2026/07/14 23:06:24.900, 2, NVIDIA GeForce RTX 5090, 0, 0
2026/07/14 23:06:24.910, 3, NVIDIA GeForce RTX 5090, 0, 0
2026/07/14 23:06:24.918, 4, NVIDIA GeForce RTX 5090, 0, 0
2026/07/14 23:06:27.054, 0, NVIDIA GeForce RTX 5090, 3085, 99
2026/07/14 23:06:27.058, 1, NVIDIA GeForce RTX 5090, 0, 0
2026/07/14 23:06:27.067, 2, NVIDIA GeForce RTX 5090, 0, 0
2026/07/14 23:06:27.074, 3, NVIDIA GeForce RTX 5090, 0, 0
2026/07/14 23:06:27.081, 4, NVIDIA GeForce RTX 5090, 0, 0
2026/07/14 23:06:29.220, 0, NVIDIA GeForce RTX 5090, 3085, 99
2026/07/14 23:06:29.224, 1, NVIDIA GeForce RTX 5090, 0, 0
2026/07/14 23:06:29.233, 2, NVIDIA GeForce RTX 5090, 0, 0
2026/07/14 23:06:29.240, 3, NVIDIA GeForce RTX 5090, 0, 0
2026/07/14 23:06:29.250, 4, NVIDIA GeForce RTX 5090, 0, 0
2026/07/14 23:06:31.390, 0, NVIDIA GeForce RTX 5090, 3085, 99
2026/07/14 23:06:31.396, 1, NVIDIA GeForce RTX 5090, 0, 0
2026/07/14 23:06:31.403, 2, NVIDIA GeForce RTX 5090, 0, 0
2026/07/14 23:06:31.411, 3, NVIDIA GeForce RTX 5090, 0, 0
2026/07/14 23:06:31.419, 4, NVIDIA GeForce RTX 5090, 0, 0
2026/07/14 23:06:33.555, 0, NVIDIA GeForce RTX 5090, 3085, 99
2026/07/14 23:06:33.563, 1, NVIDIA GeForce RTX 5090, 0, 0
2026/07/14 23:06:33.572, 2, NVIDIA GeForce RTX 5090, 0, 0
2026/07/14 23:06:33.580, 3, NVIDIA GeForce RTX 5090, 0, 0
2026/07/14 23:06:33.589, 4, NVIDIA GeForce RTX 5090, 0, 0
2026/07/14 23:06:35.738, 0, NVIDIA GeForce RTX 5090, 3085, 99
2026/07/14 23:06:35.744, 1, NVIDIA GeForce RTX 5090, 0, 0
2026/07/14 23:06:35.752, 2, NVIDIA GeForce RTX 5090, 0, 0
2026/07/14 23:06:35.760, 3, NVIDIA GeForce RTX 5090, 0, 0
2026/07/14 23:06:35.768, 4, NVIDIA GeForce RTX 5090, 0, 0
2026/07/14 23:06:37.925, 0, NVIDIA GeForce RTX 5090, 3085, 99
2026/07/14 23:06:37.931, 1, NVIDIA GeForce RTX 5090, 0, 0
2026/07/14 23:06:37.939, 2, NVIDIA GeForce RTX 5090, 0, 0
2026/07/14 23:06:37.946, 3, NVIDIA GeForce RTX 5090, 0, 0
2026/07/14 23:06:37.953, 4, NVIDIA GeForce RTX 5090, 0, 0
2026/07/14 23:06:40.087, 0, NVIDIA GeForce RTX 5090, 3085, 5
2026/07/14 23:06:40.093, 1, NVIDIA GeForce RTX 5090, 0, 0
2026/07/14 23:06:40.101, 2, NVIDIA GeForce RTX 5090, 0, 0
2026/07/14 23:06:40.109, 3, NVIDIA GeForce RTX 5090, 0, 0
2026/07/14 23:06:40.117, 4, NVIDIA GeForce RTX 5090, 0, 0
2026/07/14 23:06:42.254, 0, NVIDIA GeForce RTX 5090, 3085, 99
2026/07/14 23:06:42.261, 1, NVIDIA GeForce RTX 5090, 0, 0
2026/07/14 23:06:42.268, 2, NVIDIA GeForce RTX 5090, 0, 0
2026/07/14 23:06:42.276, 3, NVIDIA GeForce RTX 5090, 0, 0
2026/07/14 23:06:42.284, 4, NVIDIA GeForce RTX 5090, 0, 0
2026/07/14 23:06:44.427, 0, NVIDIA GeForce RTX 5090, 3085, 99
2026/07/14 23:06:44.433, 1, NVIDIA GeForce RTX 5090, 0, 0
2026/07/14 23:06:44.442, 2, NVIDIA GeForce RTX 5090, 0, 0
2026/07/14 23:06:44.449, 3, NVIDIA GeForce RTX 5090, 0, 0
2026/07/14 23:06:44.457, 4, NVIDIA GeForce RTX 5090, 0, 0
2026/07/14 23:06:46.588, 0, NVIDIA GeForce RTX 5090, 3085, 99
2026/07/14 23:06:46.593, 1, NVIDIA GeForce RTX 5090, 0, 0
2026/07/14 23:06:46.600, 2, NVIDIA GeForce RTX 5090, 0, 0
2026/07/14 23:06:46.608, 3, NVIDIA GeForce RTX 5090, 0, 0
2026/07/14 23:06:46.615, 4, NVIDIA GeForce RTX 5090, 0, 0
2026/07/14 23:06:48.749, 0, NVIDIA GeForce RTX 5090, 3085, 98
2026/07/14 23:06:48.755, 1, NVIDIA GeForce RTX 5090, 0, 0
2026/07/14 23:06:48.763, 2, NVIDIA GeForce RTX 5090, 0, 0
2026/07/14 23:06:48.771, 3, NVIDIA GeForce RTX 5090, 0, 0
2026/07/14 23:06:48.778, 4, NVIDIA GeForce RTX 5090, 0, 0
2026/07/14 23:06:50.935, 0, NVIDIA GeForce RTX 5090, 3085, 99
2026/07/14 23:06:50.940, 1, NVIDIA GeForce RTX 5090, 0, 0
2026/07/14 23:06:50.948, 2, NVIDIA GeForce RTX 5090, 0, 0
2026/07/14 23:06:50.956, 3, NVIDIA GeForce RTX 5090, 0, 0
2026/07/14 23:06:50.963, 4, NVIDIA GeForce RTX 5090, 0, 0
2026/07/14 23:06:53.102, 0, NVIDIA GeForce RTX 5090, 3085, 99
2026/07/14 23:06:53.107, 1, NVIDIA GeForce RTX 5090, 0, 0
2026/07/14 23:06:53.115, 2, NVIDIA GeForce RTX 5090, 0, 0
2026/07/14 23:06:53.122, 3, NVIDIA GeForce RTX 5090, 0, 0
2026/07/14 23:06:53.129, 4, NVIDIA GeForce RTX 5090, 0, 0
2026/07/14 23:06:55.266, 0, NVIDIA GeForce RTX 5090, 3085, 27
2026/07/14 23:06:55.272, 1, NVIDIA GeForce RTX 5090, 0, 0
2026/07/14 23:06:55.280, 2, NVIDIA GeForce RTX 5090, 0, 0
2026/07/14 23:06:55.288, 3, NVIDIA GeForce RTX 5090, 0, 0
2026/07/14 23:06:55.297, 4, NVIDIA GeForce RTX 5090, 0, 0
2026/07/14 23:06:57.437, 0, NVIDIA GeForce RTX 5090, 3085, 36
2026/07/14 23:06:57.439, 1, NVIDIA GeForce RTX 5090, 0, 0
2026/07/14 23:06:57.446, 2, NVIDIA GeForce RTX 5090, 0, 0
2026/07/14 23:06:57.455, 3, NVIDIA GeForce RTX 5090, 0, 0
2026/07/14 23:06:57.462, 4, NVIDIA GeForce RTX 5090, 0, 0
2026/07/14 23:06:59.602, 0, NVIDIA GeForce RTX 5090, 3085, 99
2026/07/14 23:06:59.606, 1, NVIDIA GeForce RTX 5090, 0, 0
2026/07/14 23:06:59.614, 2, NVIDIA GeForce RTX 5090, 0, 0
2026/07/14 23:06:59.622, 3, NVIDIA GeForce RTX 5090, 0, 0
2026/07/14 23:06:59.630, 4, NVIDIA GeForce RTX 5090, 0, 0
2026/07/14 23:07:01.785, 0, NVIDIA GeForce RTX 5090, 3085, 99
2026/07/14 23:07:01.790, 1, NVIDIA GeForce RTX 5090, 0, 0
2026/07/14 23:07:01.799, 2, NVIDIA GeForce RTX 5090, 0, 0
2026/07/14 23:07:01.806, 3, NVIDIA GeForce RTX 5090, 0, 0
2026/07/14 23:07:01.814, 4, NVIDIA GeForce RTX 5090, 0, 0
2026/07/14 23:07:03.949, 0, NVIDIA GeForce RTX 5090, 3085, 99
2026/07/14 23:07:03.955, 1, NVIDIA GeForce RTX 5090, 0, 0
2026/07/14 23:07:03.963, 2, NVIDIA GeForce RTX 5090, 0, 0
2026/07/14 23:07:03.970, 3, NVIDIA GeForce RTX 5090, 0, 0
2026/07/14 23:07:03.978, 4, NVIDIA GeForce RTX 5090, 0, 0
2026/07/14 23:07:06.118, 0, NVIDIA GeForce RTX 5090, 3085, 98
2026/07/14 23:07:06.124, 1, NVIDIA GeForce RTX 5090, 0, 0
2026/07/14 23:07:06.132, 2, NVIDIA GeForce RTX 5090, 0, 0
2026/07/14 23:07:06.139, 3, NVIDIA GeForce RTX 5090, 0, 0
2026/07/14 23:07:06.148, 4, NVIDIA GeForce RTX 5090, 0, 0
2026/07/14 23:07:08.303, 0, NVIDIA GeForce RTX 5090, 3085, 99
2026/07/14 23:07:08.307, 1, NVIDIA GeForce RTX 5090, 0, 0
2026/07/14 23:07:08.320, 2, NVIDIA GeForce RTX 5090, 0, 0
2026/07/14 23:07:08.329, 3, NVIDIA GeForce RTX 5090, 0, 0
2026/07/14 23:07:08.337, 4, NVIDIA GeForce RTX 5090, 0, 0
2026/07/14 23:07:10.473, 0, NVIDIA GeForce RTX 5090, 3085, 99
2026/07/14 23:07:10.481, 1, NVIDIA GeForce RTX 5090, 0, 0
2026/07/14 23:07:10.489, 2, NVIDIA GeForce RTX 5090, 0, 0
2026/07/14 23:07:10.496, 3, NVIDIA GeForce RTX 5090, 0, 0
2026/07/14 23:07:10.504, 4, NVIDIA GeForce RTX 5090, 0, 0
2026/07/14 23:07:12.641, 0, NVIDIA GeForce RTX 5090, 3085, 99
2026/07/14 23:07:12.646, 1, NVIDIA GeForce RTX 5090, 0, 0
2026/07/14 23:07:12.654, 2, NVIDIA GeForce RTX 5090, 0, 0
2026/07/14 23:07:12.662, 3, NVIDIA GeForce RTX 5090, 0, 0
2026/07/14 23:07:12.669, 4, NVIDIA GeForce RTX 5090, 0, 0
2026/07/14 23:07:14.804, 0, NVIDIA GeForce RTX 5090, 3085, 99
2026/07/14 23:07:14.809, 1, NVIDIA GeForce RTX 5090, 0, 0
2026/07/14 23:07:14.824, 2, NVIDIA GeForce RTX 5090, 0, 0
2026/07/14 23:07:14.831, 3, NVIDIA GeForce RTX 5090, 0, 0
2026/07/14 23:07:14.839, 4, NVIDIA GeForce RTX 5090, 0, 0
2026/07/14 23:07:16.977, 0, NVIDIA GeForce RTX 5090, 3085, 99
2026/07/14 23:07:16.981, 1, NVIDIA GeForce RTX 5090, 0, 0
2026/07/14 23:07:16.989, 2, NVIDIA GeForce RTX 5090, 0, 0
2026/07/14 23:07:16.996, 3, NVIDIA GeForce RTX 5090, 0, 0
2026/07/14 23:07:17.005, 4, NVIDIA GeForce RTX 5090, 0, 0
2026/07/14 23:07:19.143, 0, NVIDIA GeForce RTX 5090, 3085, 99
2026/07/14 23:07:19.149, 1, NVIDIA GeForce RTX 5090, 0, 0
2026/07/14 23:07:19.157, 2, NVIDIA GeForce RTX 5090, 0, 0
2026/07/14 23:07:19.165, 3, NVIDIA GeForce RTX 5090, 0, 0
2026/07/14 23:07:19.172, 4, NVIDIA GeForce RTX 5090, 0, 0
2026/07/14 23:07:21.327, 0, NVIDIA GeForce RTX 5090, 3085, 99
2026/07/14 23:07:21.332, 1, NVIDIA GeForce RTX 5090, 0, 0
2026/07/14 23:07:21.340, 2, NVIDIA GeForce RTX 5090, 0, 0
2026/07/14 23:07:21.348, 3, NVIDIA GeForce RTX 5090, 0, 0
2026/07/14 23:07:21.355, 4, NVIDIA GeForce RTX 5090, 0, 0
2026/07/14 23:07:23.492, 0, NVIDIA GeForce RTX 5090, 3085, 99
2026/07/14 23:07:23.496, 1, NVIDIA GeForce RTX 5090, 0, 0
2026/07/14 23:07:23.505, 2, NVIDIA GeForce RTX 5090, 0, 0
2026/07/14 23:07:23.512, 3, NVIDIA GeForce RTX 5090, 0, 0
2026/07/14 23:07:23.520, 4, NVIDIA GeForce RTX 5090, 0, 0
2026/07/14 23:07:25.676, 0, NVIDIA GeForce RTX 5090, 3085, 99
2026/07/14 23:07:25.681, 1, NVIDIA GeForce RTX 5090, 0, 0
2026/07/14 23:07:25.689, 2, NVIDIA GeForce RTX 5090, 0, 0
2026/07/14 23:07:25.697, 3, NVIDIA GeForce RTX 5090, 0, 0
2026/07/14 23:07:25.704, 4, NVIDIA GeForce RTX 5090, 0, 0
2026/07/14 23:07:27.842, 0, NVIDIA GeForce RTX 5090, 3085, 99
2026/07/14 23:07:27.845, 1, NVIDIA GeForce RTX 5090, 0, 0
2026/07/14 23:07:27.855, 2, NVIDIA GeForce RTX 5090, 0, 0
2026/07/14 23:07:27.862, 3, NVIDIA GeForce RTX 5090, 0, 0
2026/07/14 23:07:27.870, 4, NVIDIA GeForce RTX 5090, 0, 0
2026/07/14 23:07:30.022, 0, NVIDIA GeForce RTX 5090, 3085, 99
2026/07/14 23:07:30.028, 1, NVIDIA GeForce RTX 5090, 0, 0
2026/07/14 23:07:30.037, 2, NVIDIA GeForce RTX 5090, 0, 0
2026/07/14 23:07:30.043, 3, NVIDIA GeForce RTX 5090, 0, 0
2026/07/14 23:07:30.051, 4, NVIDIA GeForce RTX 5090, 0, 0
2026/07/14 23:07:32.188, 0, NVIDIA GeForce RTX 5090, 3085, 99
2026/07/14 23:07:32.193, 1, NVIDIA GeForce RTX 5090, 0, 0
2026/07/14 23:07:32.201, 2, NVIDIA GeForce RTX 5090, 0, 0
2026/07/14 23:07:32.209, 3, NVIDIA GeForce RTX 5090, 0, 0
2026/07/14 23:07:32.216, 4, NVIDIA GeForce RTX 5090, 0, 0
2026/07/14 23:07:34.353, 0, NVIDIA GeForce RTX 5090, 3085, 99
2026/07/14 23:07:34.358, 1, NVIDIA GeForce RTX 5090, 0, 0
2026/07/14 23:07:34.366, 2, NVIDIA GeForce RTX 5090, 0, 0
2026/07/14 23:07:34.374, 3, NVIDIA GeForce RTX 5090, 0, 0
2026/07/14 23:07:34.381, 4, NVIDIA GeForce RTX 5090, 0, 0
2026/07/14 23:07:36.517, 0, NVIDIA GeForce RTX 5090, 3085, 99
2026/07/14 23:07:36.523, 1, NVIDIA GeForce RTX 5090, 0, 0
2026/07/14 23:07:36.531, 2, NVIDIA GeForce RTX 5090, 0, 0
2026/07/14 23:07:36.539, 3, NVIDIA GeForce RTX 5090, 0, 0
2026/07/14 23:07:36.547, 4, NVIDIA GeForce RTX 5090, 0, 0
2026/07/14 23:07:38.684, 0, NVIDIA GeForce RTX 5090, 3085, 99
2026/07/14 23:07:38.688, 1, NVIDIA GeForce RTX 5090, 0, 0
2026/07/14 23:07:38.697, 2, NVIDIA GeForce RTX 5090, 0, 0
2026/07/14 23:07:38.705, 3, NVIDIA GeForce RTX 5090, 0, 0
2026/07/14 23:07:38.712, 4, NVIDIA GeForce RTX 5090, 0, 0
2026/07/14 23:07:40.849, 0, NVIDIA GeForce RTX 5090, 3085, 20
2026/07/14 23:07:40.853, 1, NVIDIA GeForce RTX 5090, 0, 0
2026/07/14 23:07:40.862, 2, NVIDIA GeForce RTX 5090, 0, 0
2026/07/14 23:07:40.869, 3, NVIDIA GeForce RTX 5090, 0, 0
2026/07/14 23:07:40.877, 4, NVIDIA GeForce RTX 5090, 0, 0
2026/07/14 23:07:43.012, 0, NVIDIA GeForce RTX 5090, 3085, 99
2026/07/14 23:07:43.018, 1, NVIDIA GeForce RTX 5090, 0, 0
2026/07/14 23:07:43.028, 2, NVIDIA GeForce RTX 5090, 0, 0
2026/07/14 23:07:43.035, 3, NVIDIA GeForce RTX 5090, 0, 0
2026/07/14 23:07:43.045, 4, NVIDIA GeForce RTX 5090, 0, 0
2026/07/14 23:07:45.180, 0, NVIDIA GeForce RTX 5090, 3085, 99
2026/07/14 23:07:45.185, 1, NVIDIA GeForce RTX 5090, 0, 0
2026/07/14 23:07:45.193, 2, NVIDIA GeForce RTX 5090, 0, 0
2026/07/14 23:07:45.201, 3, NVIDIA GeForce RTX 5090, 0, 0
2026/07/14 23:07:45.208, 4, NVIDIA GeForce RTX 5090, 0, 0
2026/07/14 23:07:47.353, 0, NVIDIA GeForce RTX 5090, 3085, 99
2026/07/14 23:07:47.360, 1, NVIDIA GeForce RTX 5090, 0, 0
2026/07/14 23:07:47.368, 2, NVIDIA GeForce RTX 5090, 0, 0
2026/07/14 23:07:47.375, 3, NVIDIA GeForce RTX 5090, 0, 0
2026/07/14 23:07:47.383, 4, NVIDIA GeForce RTX 5090, 0, 0
2026/07/14 23:07:49.522, 0, NVIDIA GeForce RTX 5090, 3085, 99
2026/07/14 23:07:49.528, 1, NVIDIA GeForce RTX 5090, 0, 0
2026/07/14 23:07:49.536, 2, NVIDIA GeForce RTX 5090, 0, 0
2026/07/14 23:07:49.543, 3, NVIDIA GeForce RTX 5090, 0, 0
2026/07/14 23:07:49.551, 4, NVIDIA GeForce RTX 5090, 0, 0
2026/07/14 23:07:51.689, 0, NVIDIA GeForce RTX 5090, 3085, 99
2026/07/14 23:07:51.694, 1, NVIDIA GeForce RTX 5090, 0, 0
2026/07/14 23:07:51.702, 2, NVIDIA GeForce RTX 5090, 0, 0
2026/07/14 23:07:51.710, 3, NVIDIA GeForce RTX 5090, 0, 0
2026/07/14 23:07:51.717, 4, NVIDIA GeForce RTX 5090, 0, 0
2026/07/14 23:07:53.864, 0, NVIDIA GeForce RTX 5090, 3085, 99
2026/07/14 23:07:53.871, 1, NVIDIA GeForce RTX 5090, 0, 0
2026/07/14 23:07:53.879, 2, NVIDIA GeForce RTX 5090, 0, 0
2026/07/14 23:07:53.886, 3, NVIDIA GeForce RTX 5090, 0, 0
2026/07/14 23:07:53.895, 4, NVIDIA GeForce RTX 5090, 0, 0
2026/07/14 23:07:56.031, 0, NVIDIA GeForce RTX 5090, 3085, 99
2026/07/14 23:07:56.037, 1, NVIDIA GeForce RTX 5090, 0, 0
2026/07/14 23:07:56.045, 2, NVIDIA GeForce RTX 5090, 0, 0
2026/07/14 23:07:56.052, 3, NVIDIA GeForce RTX 5090, 0, 0
2026/07/14 23:07:56.060, 4, NVIDIA GeForce RTX 5090, 0, 0
2026/07/14 23:07:58.196, 0, NVIDIA GeForce RTX 5090, 3085, 99
2026/07/14 23:07:58.202, 1, NVIDIA GeForce RTX 5090, 0, 0
2026/07/14 23:07:58.209, 2, NVIDIA GeForce RTX 5090, 0, 0
2026/07/14 23:07:58.216, 3, NVIDIA GeForce RTX 5090, 0, 0
2026/07/14 23:07:58.224, 4, NVIDIA GeForce RTX 5090, 0, 0
2026/07/14 23:08:00.405, 0, NVIDIA GeForce RTX 5090, 3085, 98
2026/07/14 23:08:00.409, 1, NVIDIA GeForce RTX 5090, 0, 0
2026/07/14 23:08:00.418, 2, NVIDIA GeForce RTX 5090, 0, 0
2026/07/14 23:08:00.426, 3, NVIDIA GeForce RTX 5090, 0, 0
2026/07/14 23:08:00.435, 4, NVIDIA GeForce RTX 5090, 0, 0
2026/07/14 23:08:02.581, 0, NVIDIA GeForce RTX 5090, 3085, 99
2026/07/14 23:08:02.585, 1, NVIDIA GeForce RTX 5090, 0, 0
2026/07/14 23:08:02.593, 2, NVIDIA GeForce RTX 5090, 0, 0
2026/07/14 23:08:02.603, 3, NVIDIA GeForce RTX 5090, 0, 0
2026/07/14 23:08:02.610, 4, NVIDIA GeForce RTX 5090, 0, 0
2026/07/14 23:08:04.751, 0, NVIDIA GeForce RTX 5090, 3085, 99
2026/07/14 23:08:04.756, 1, NVIDIA GeForce RTX 5090, 0, 0
2026/07/14 23:08:04.765, 2, NVIDIA GeForce RTX 5090, 0, 0
2026/07/14 23:08:04.773, 3, NVIDIA GeForce RTX 5090, 0, 0
2026/07/14 23:08:04.780, 4, NVIDIA GeForce RTX 5090, 0, 0
2026/07/14 23:08:06.916, 0, NVIDIA GeForce RTX 5090, 3085, 99
2026/07/14 23:08:06.922, 1, NVIDIA GeForce RTX 5090, 0, 0
2026/07/14 23:08:06.930, 2, NVIDIA GeForce RTX 5090, 0, 0
2026/07/14 23:08:06.938, 3, NVIDIA GeForce RTX 5090, 0, 0
2026/07/14 23:08:06.945, 4, NVIDIA GeForce RTX 5090, 0, 0
2026/07/14 23:08:09.080, 0, NVIDIA GeForce RTX 5090, 3085, 33
2026/07/14 23:08:09.086, 1, NVIDIA GeForce RTX 5090, 0, 0
2026/07/14 23:08:09.094, 2, NVIDIA GeForce RTX 5090, 0, 0
2026/07/14 23:08:09.102, 3, NVIDIA GeForce RTX 5090, 0, 0
2026/07/14 23:08:09.109, 4, NVIDIA GeForce RTX 5090, 0, 0
2026/07/14 23:08:11.247, 0, NVIDIA GeForce RTX 5090, 3085, 99
2026/07/14 23:08:11.252, 1, NVIDIA GeForce RTX 5090, 0, 0
2026/07/14 23:08:11.260, 2, NVIDIA GeForce RTX 5090, 0, 0
2026/07/14 23:08:11.268, 3, NVIDIA GeForce RTX 5090, 0, 0
2026/07/14 23:08:11.275, 4, NVIDIA GeForce RTX 5090, 0, 0
2026/07/14 23:08:13.413, 0, NVIDIA GeForce RTX 5090, 3085, 98
2026/07/14 23:08:13.420, 1, NVIDIA GeForce RTX 5090, 0, 0
2026/07/14 23:08:13.428, 2, NVIDIA GeForce RTX 5090, 0, 0
2026/07/14 23:08:13.435, 3, NVIDIA GeForce RTX 5090, 0, 0
2026/07/14 23:08:13.443, 4, NVIDIA GeForce RTX 5090, 0, 0
2026/07/14 23:08:15.579, 0, NVIDIA GeForce RTX 5090, 3085, 98
2026/07/14 23:08:15.584, 1, NVIDIA GeForce RTX 5090, 0, 0
2026/07/14 23:08:15.593, 2, NVIDIA GeForce RTX 5090, 0, 0
2026/07/14 23:08:15.600, 3, NVIDIA GeForce RTX 5090, 0, 0
2026/07/14 23:08:15.609, 4, NVIDIA GeForce RTX 5090, 0, 0
2026/07/14 23:08:17.745, 0, NVIDIA GeForce RTX 5090, 3085, 99
2026/07/14 23:08:17.748, 1, NVIDIA GeForce RTX 5090, 0, 0
2026/07/14 23:08:17.756, 2, NVIDIA GeForce RTX 5090, 0, 0
2026/07/14 23:08:17.769, 3, NVIDIA GeForce RTX 5090, 0, 0
2026/07/14 23:08:17.776, 4, NVIDIA GeForce RTX 5090, 0, 0
2026/07/14 23:08:19.916, 0, NVIDIA GeForce RTX 5090, 3085, 99
2026/07/14 23:08:19.922, 1, NVIDIA GeForce RTX 5090, 0, 0
2026/07/14 23:08:19.930, 2, NVIDIA GeForce RTX 5090, 0, 0
2026/07/14 23:08:19.938, 3, NVIDIA GeForce RTX 5090, 0, 0
2026/07/14 23:08:19.945, 4, NVIDIA GeForce RTX 5090, 0, 0
2026/07/14 23:08:22.081, 0, NVIDIA GeForce RTX 5090, 3085, 99
2026/07/14 23:08:22.087, 1, NVIDIA GeForce RTX 5090, 0, 0
2026/07/14 23:08:22.094, 2, NVIDIA GeForce RTX 5090, 0, 0
2026/07/14 23:08:22.103, 3, NVIDIA GeForce RTX 5090, 0, 0
2026/07/14 23:08:22.111, 4, NVIDIA GeForce RTX 5090, 0, 0
2026/07/14 23:08:24.251, 0, NVIDIA GeForce RTX 5090, 3085, 98
2026/07/14 23:08:24.256, 1, NVIDIA GeForce RTX 5090, 0, 0
2026/07/14 23:08:24.263, 2, NVIDIA GeForce RTX 5090, 0, 0
2026/07/14 23:08:24.275, 3, NVIDIA GeForce RTX 5090, 0, 0
2026/07/14 23:08:24.283, 4, NVIDIA GeForce RTX 5090, 0, 0
2026/07/14 23:08:26.415, 0, NVIDIA GeForce RTX 5090, 3085, 99
2026/07/14 23:08:26.420, 1, NVIDIA GeForce RTX 5090, 0, 0
2026/07/14 23:08:26.428, 2, NVIDIA GeForce RTX 5090, 0, 0
2026/07/14 23:08:26.436, 3, NVIDIA GeForce RTX 5090, 0, 0
2026/07/14 23:08:26.443, 4, NVIDIA GeForce RTX 5090, 0, 0
2026/07/14 23:08:28.576, 0, NVIDIA GeForce RTX 5090, 3085, 98
2026/07/14 23:08:28.581, 1, NVIDIA GeForce RTX 5090, 0, 0
2026/07/14 23:08:28.590, 2, NVIDIA GeForce RTX 5090, 0, 0
2026/07/14 23:08:28.597, 3, NVIDIA GeForce RTX 5090, 0, 0
2026/07/14 23:08:28.605, 4, NVIDIA GeForce RTX 5090, 0, 0
2026/07/14 23:08:30.740, 0, NVIDIA GeForce RTX 5090, 3085, 99
2026/07/14 23:08:30.746, 1, NVIDIA GeForce RTX 5090, 0, 0
2026/07/14 23:08:30.754, 2, NVIDIA GeForce RTX 5090, 0, 0
2026/07/14 23:08:30.761, 3, NVIDIA GeForce RTX 5090, 0, 0
2026/07/14 23:08:30.769, 4, NVIDIA GeForce RTX 5090, 0, 0
2026/07/14 23:08:32.931, 0, NVIDIA GeForce RTX 5090, 3085, 99
2026/07/14 23:08:32.937, 1, NVIDIA GeForce RTX 5090, 0, 0
2026/07/14 23:08:32.945, 2, NVIDIA GeForce RTX 5090, 0, 0
2026/07/14 23:08:32.955, 3, NVIDIA GeForce RTX 5090, 0, 0
2026/07/14 23:08:32.962, 4, NVIDIA GeForce RTX 5090, 0, 0
2026/07/14 23:08:35.136, 0, NVIDIA GeForce RTX 5090, 3085, 99
2026/07/14 23:08:35.141, 1, NVIDIA GeForce RTX 5090, 0, 0
2026/07/14 23:08:35.149, 2, NVIDIA GeForce RTX 5090, 0, 0
2026/07/14 23:08:35.157, 3, NVIDIA GeForce RTX 5090, 0, 0
2026/07/14 23:08:35.164, 4, NVIDIA GeForce RTX 5090, 0, 0
2026/07/14 23:08:37.301, 0, NVIDIA GeForce RTX 5090, 3085, 52
2026/07/14 23:08:37.306, 1, NVIDIA GeForce RTX 5090, 0, 0
2026/07/14 23:08:37.314, 2, NVIDIA GeForce RTX 5090, 0, 0
2026/07/14 23:08:37.321, 3, NVIDIA GeForce RTX 5090, 0, 0
2026/07/14 23:08:37.329, 4, NVIDIA GeForce RTX 5090, 0, 0
2026/07/14 23:08:39.465, 0, NVIDIA GeForce RTX 5090, 3085, 99
2026/07/14 23:08:39.468, 1, NVIDIA GeForce RTX 5090, 0, 0
2026/07/14 23:08:39.476, 2, NVIDIA GeForce RTX 5090, 0, 0
2026/07/14 23:08:39.484, 3, NVIDIA GeForce RTX 5090, 0, 0
2026/07/14 23:08:39.491, 4, NVIDIA GeForce RTX 5090, 0, 0
2026/07/14 23:08:41.625, 0, NVIDIA GeForce RTX 5090, 3085, 98
2026/07/14 23:08:41.631, 1, NVIDIA GeForce RTX 5090, 0, 0
2026/07/14 23:08:41.639, 2, NVIDIA GeForce RTX 5090, 0, 0
2026/07/14 23:08:41.646, 3, NVIDIA GeForce RTX 5090, 0, 0
2026/07/14 23:08:41.654, 4, NVIDIA GeForce RTX 5090, 0, 0
2026/07/14 23:08:43.827, 0, NVIDIA GeForce RTX 5090, 3085, 99
2026/07/14 23:08:43.834, 1, NVIDIA GeForce RTX 5090, 0, 0
2026/07/14 23:08:43.843, 2, NVIDIA GeForce RTX 5090, 0, 0
2026/07/14 23:08:43.851, 3, NVIDIA GeForce RTX 5090, 0, 0
2026/07/14 23:08:43.860, 4, NVIDIA GeForce RTX 5090, 0, 0
2026/07/14 23:08:45.999, 0, NVIDIA GeForce RTX 5090, 3085, 99
2026/07/14 23:08:46.003, 1, NVIDIA GeForce RTX 5090, 0, 0
2026/07/14 23:08:46.012, 2, NVIDIA GeForce RTX 5090, 0, 0
2026/07/14 23:08:46.019, 3, NVIDIA GeForce RTX 5090, 0, 0
2026/07/14 23:08:46.027, 4, NVIDIA GeForce RTX 5090, 0, 0
2026/07/14 23:08:48.166, 0, NVIDIA GeForce RTX 5090, 3085, 98
2026/07/14 23:08:48.171, 1, NVIDIA GeForce RTX 5090, 0, 0
2026/07/14 23:08:48.179, 2, NVIDIA GeForce RTX 5090, 0, 0
2026/07/14 23:08:48.186, 3, NVIDIA GeForce RTX 5090, 0, 0
2026/07/14 23:08:48.194, 4, NVIDIA GeForce RTX 5090, 0, 0
2026/07/14 23:08:50.329, 0, NVIDIA GeForce RTX 5090, 3085, 99
2026/07/14 23:08:50.335, 1, NVIDIA GeForce RTX 5090, 0, 0
2026/07/14 23:08:50.343, 2, NVIDIA GeForce RTX 5090, 0, 0
2026/07/14 23:08:50.352, 3, NVIDIA GeForce RTX 5090, 0, 0
2026/07/14 23:08:50.362, 4, NVIDIA GeForce RTX 5090, 0, 0
2026/07/14 23:08:52.501, 0, NVIDIA GeForce RTX 5090, 3085, 99
2026/07/14 23:08:52.505, 1, NVIDIA GeForce RTX 5090, 0, 0
2026/07/14 23:08:52.514, 2, NVIDIA GeForce RTX 5090, 0, 0
2026/07/14 23:08:52.521, 3, NVIDIA GeForce RTX 5090, 0, 0
2026/07/14 23:08:52.529, 4, NVIDIA GeForce RTX 5090, 0, 0
2026/07/14 23:08:54.664, 0, NVIDIA GeForce RTX 5090, 3085, 99
2026/07/14 23:08:54.669, 1, NVIDIA GeForce RTX 5090, 0, 0
2026/07/14 23:08:54.677, 2, NVIDIA GeForce RTX 5090, 0, 0
2026/07/14 23:08:54.684, 3, NVIDIA GeForce RTX 5090, 0, 0
2026/07/14 23:08:54.692, 4, NVIDIA GeForce RTX 5090, 0, 0
2026/07/14 23:08:56.846, 0, NVIDIA GeForce RTX 5090, 3085, 98
2026/07/14 23:08:56.851, 1, NVIDIA GeForce RTX 5090, 0, 0
2026/07/14 23:08:56.859, 2, NVIDIA GeForce RTX 5090, 0, 0
2026/07/14 23:08:56.866, 3, NVIDIA GeForce RTX 5090, 0, 0
2026/07/14 23:08:56.874, 4, NVIDIA GeForce RTX 5090, 0, 0
2026/07/14 23:08:59.019, 0, NVIDIA GeForce RTX 5090, 3085, 99
2026/07/14 23:08:59.024, 1, NVIDIA GeForce RTX 5090, 0, 0
2026/07/14 23:08:59.032, 2, NVIDIA GeForce RTX 5090, 0, 0
2026/07/14 23:08:59.039, 3, NVIDIA GeForce RTX 5090, 0, 0
2026/07/14 23:08:59.047, 4, NVIDIA GeForce RTX 5090, 0, 0
2026/07/14 23:09:01.181, 0, NVIDIA GeForce RTX 5090, 3085, 99
2026/07/14 23:09:01.187, 1, NVIDIA GeForce RTX 5090, 0, 0
2026/07/14 23:09:01.195, 2, NVIDIA GeForce RTX 5090, 0, 0
2026/07/14 23:09:01.204, 3, NVIDIA GeForce RTX 5090, 0, 0
2026/07/14 23:09:01.211, 4, NVIDIA GeForce RTX 5090, 0, 0
2026/07/14 23:09:03.351, 0, NVIDIA GeForce RTX 5090, 3085, 99
2026/07/14 23:09:03.356, 1, NVIDIA GeForce RTX 5090, 0, 0
2026/07/14 23:09:03.364, 2, NVIDIA GeForce RTX 5090, 0, 0
2026/07/14 23:09:03.372, 3, NVIDIA GeForce RTX 5090, 0, 0
2026/07/14 23:09:03.380, 4, NVIDIA GeForce RTX 5090, 0, 0
2026/07/14 23:09:05.559, 0, NVIDIA GeForce RTX 5090, 3085, 99
2026/07/14 23:09:05.564, 1, NVIDIA GeForce RTX 5090, 0, 0
2026/07/14 23:09:05.573, 2, NVIDIA GeForce RTX 5090, 0, 0
2026/07/14 23:09:05.580, 3, NVIDIA GeForce RTX 5090, 0, 0
2026/07/14 23:09:05.588, 4, NVIDIA GeForce RTX 5090, 0, 0
2026/07/14 23:09:07.742, 0, NVIDIA GeForce RTX 5090, 3085, 99
2026/07/14 23:09:07.747, 1, NVIDIA GeForce RTX 5090, 0, 0
2026/07/14 23:09:07.755, 2, NVIDIA GeForce RTX 5090, 0, 0
2026/07/14 23:09:07.762, 3, NVIDIA GeForce RTX 5090, 0, 0
2026/07/14 23:09:07.770, 4, NVIDIA GeForce RTX 5090, 0, 0
2026/07/14 23:09:09.909, 0, NVIDIA GeForce RTX 5090, 3085, 99
2026/07/14 23:09:09.914, 1, NVIDIA GeForce RTX 5090, 0, 0
2026/07/14 23:09:09.923, 2, NVIDIA GeForce RTX 5090, 0, 0
2026/07/14 23:09:09.930, 3, NVIDIA GeForce RTX 5090, 0, 0
2026/07/14 23:09:09.938, 4, NVIDIA GeForce RTX 5090, 0, 0
2026/07/14 23:09:12.114, 0, NVIDIA GeForce RTX 5090, 3085, 98
2026/07/14 23:09:12.124, 1, NVIDIA GeForce RTX 5090, 0, 0
2026/07/14 23:09:12.136, 2, NVIDIA GeForce RTX 5090, 0, 0
2026/07/14 23:09:12.145, 3, NVIDIA GeForce RTX 5090, 0, 0
2026/07/14 23:09:12.152, 4, NVIDIA GeForce RTX 5090, 0, 0
2026/07/14 23:09:14.326, 0, NVIDIA GeForce RTX 5090, 3085, 0
2026/07/14 23:09:14.329, 1, NVIDIA GeForce RTX 5090, 0, 0
2026/07/14 23:09:14.337, 2, NVIDIA GeForce RTX 5090, 0, 0
2026/07/14 23:09:14.346, 3, NVIDIA GeForce RTX 5090, 0, 0
2026/07/14 23:09:14.353, 4, NVIDIA GeForce RTX 5090, 0, 0
2026/07/14 23:09:16.487, 0, NVIDIA GeForce RTX 5090, 3085, 2
2026/07/14 23:09:16.490, 1, NVIDIA GeForce RTX 5090, 0, 0
2026/07/14 23:09:16.498, 2, NVIDIA GeForce RTX 5090, 0, 0
2026/07/14 23:09:16.506, 3, NVIDIA GeForce RTX 5090, 0, 0
2026/07/14 23:09:16.513, 4, NVIDIA GeForce RTX 5090, 0, 0
2026/07/14 23:09:18.650, 0, NVIDIA GeForce RTX 5090, 3085, 0
2026/07/14 23:09:18.652, 1, NVIDIA GeForce RTX 5090, 0, 0
2026/07/14 23:09:18.660, 2, NVIDIA GeForce RTX 5090, 0, 0
2026/07/14 23:09:18.667, 3, NVIDIA GeForce RTX 5090, 0, 0
2026/07/14 23:09:18.675, 4, NVIDIA GeForce RTX 5090, 0, 0
2026/07/14 23:09:20.808, 0, NVIDIA GeForce RTX 5090, 3085, 0
2026/07/14 23:09:20.811, 1, NVIDIA GeForce RTX 5090, 0, 0
2026/07/14 23:09:20.819, 2, NVIDIA GeForce RTX 5090, 0, 0
2026/07/14 23:09:20.827, 3, NVIDIA GeForce RTX 5090, 0, 0
2026/07/14 23:09:20.834, 4, NVIDIA GeForce RTX 5090, 0, 0
2026/07/14 23:09:22.972, 0, NVIDIA GeForce RTX 5090, 0, 0
2026/07/14 23:09:22.975, 1, NVIDIA GeForce RTX 5090, 0, 0
2026/07/14 23:09:22.983, 2, NVIDIA GeForce RTX 5090, 0, 0
2026/07/14 23:09:22.990, 3, NVIDIA GeForce RTX 5090, 0, 0
2026/07/14 23:09:22.998, 4, NVIDIA GeForce RTX 5090, 0, 0
