timestamp,gpu_idx,util_pct,mem_used_mib
2026/05/23 08:26:41.407, 0, 0, 1
2026/05/23 08:26:41.408, 1, 0, 1
2026/05/23 08:26:41.410, 2, 0, 1
2026/05/23 08:26:41.411, 3, 0, 1
2026/05/23 08:26:56.498, 0, 0, 866
2026/05/23 08:26:56.500, 1, 0, 4
2026/05/23 08:26:56.501, 2, 0, 4
2026/05/23 08:26:56.502, 3, 0, 4
2026/05/23 08:27:11.805, 0, 0, 10380
2026/05/23 08:27:11.807, 1, 0, 10088
2026/05/23 08:27:11.808, 2, 0, 10088
2026/05/23 08:27:11.809, 3, 0, 10088
2026/05/23 08:27:26.890, 0, 10, 10392
2026/05/23 08:27:26.893, 1, 0, 10088
2026/05/23 08:27:26.894, 2, 0, 10088
2026/05/23 08:27:26.895, 3, 0, 10088
2026/05/23 08:27:41.984, 0, 9, 10392
2026/05/23 08:27:41.987, 1, 0, 10088
2026/05/23 08:27:41.988, 2, 0, 10088
2026/05/23 08:27:41.990, 3, 0, 10088
2026/05/23 08:27:57.081, 0, 7, 10480
2026/05/23 08:27:57.083, 1, 0, 10088
2026/05/23 08:27:57.084, 2, 0, 10088
2026/05/23 08:27:57.086, 3, 0, 10088
2026/05/23 08:28:12.293, 0, 0, 10488
2026/05/23 08:28:12.297, 1, 0, 10088
2026/05/23 08:28:12.298, 2, 0, 10088
2026/05/23 08:28:12.300, 3, 0, 10088
2026/05/23 08:28:27.385, 0, 9, 10488
2026/05/23 08:28:27.387, 1, 0, 10088
2026/05/23 08:28:27.389, 2, 0, 10088
2026/05/23 08:28:27.390, 3, 0, 10088
2026/05/23 08:28:42.538, 0, 100, 10488
2026/05/23 08:28:42.540, 1, 0, 10088
2026/05/23 08:28:42.542, 2, 0, 10088
2026/05/23 08:28:42.543, 3, 0, 10088
2026/05/23 08:28:57.626, 0, 10, 10488
2026/05/23 08:28:57.628, 1, 0, 10088
2026/05/23 08:28:57.629, 2, 0, 10088
2026/05/23 08:28:57.631, 3, 0, 10088
2026/05/23 08:29:12.840, 0, 8, 10490
2026/05/23 08:29:12.843, 1, 0, 10088
2026/05/23 08:29:12.844, 2, 0, 10088
2026/05/23 08:29:12.846, 3, 0, 10088
2026/05/23 08:29:27.933, 0, 9, 10490
2026/05/23 08:29:27.935, 1, 0, 10088
2026/05/23 08:29:27.937, 2, 0, 10088
2026/05/23 08:29:27.938, 3, 0, 10088
2026/05/23 08:29:43.010, 0, 50, 10490
2026/05/23 08:29:43.011, 1, 0, 10088
2026/05/23 08:29:43.012, 2, 100, 10088
2026/05/23 08:29:43.013, 3, 0, 10088
2026/05/23 08:29:58.129, 0, 100, 10490
2026/05/23 08:29:58.131, 1, 100, 10088
2026/05/23 08:29:58.132, 2, 100, 10088
2026/05/23 08:29:58.134, 3, 0, 10088
2026/05/23 08:30:13.345, 0, 0, 10490
2026/05/23 08:30:13.347, 1, 0, 10088
2026/05/23 08:30:13.348, 2, 0, 10088
2026/05/23 08:30:13.349, 3, 0, 10088
2026/05/23 08:30:28.452, 0, 33, 10490
2026/05/23 08:30:28.456, 1, 0, 10088
2026/05/23 08:30:28.459, 2, 0, 10088
2026/05/23 08:30:28.463, 3, 0, 10088
2026/05/23 08:30:43.605, 0, 8, 10490
2026/05/23 08:30:43.607, 1, 0, 10088
2026/05/23 08:30:43.609, 2, 0, 10088
2026/05/23 08:30:43.610, 3, 0, 10088
2026/05/23 08:30:58.695, 0, 8, 10490
2026/05/23 08:30:58.697, 1, 55, 10088
2026/05/23 08:30:58.699, 2, 0, 10088
2026/05/23 08:30:58.700, 3, 0, 10088
2026/05/23 08:31:13.957, 0, 4, 10490
2026/05/23 08:31:13.961, 1, 100, 10088
2026/05/23 08:31:13.964, 2, 0, 10088
2026/05/23 08:31:13.967, 3, 0, 10088
2026/05/23 08:31:29.243, 0, 13, 10490
2026/05/23 08:31:29.245, 1, 0, 10088
2026/05/23 08:31:29.246, 2, 0, 10088
2026/05/23 08:31:29.247, 3, 0, 10088
2026/05/23 08:31:44.346, 0, 100, 10490
2026/05/23 08:31:44.348, 1, 100, 10088
2026/05/23 08:31:44.350, 2, 100, 10088
2026/05/23 08:31:44.351, 3, 0, 10088
2026/05/23 08:31:59.433, 0, 100, 10490
2026/05/23 08:31:59.435, 1, 100, 10088
2026/05/23 08:31:59.437, 2, 7, 10088
2026/05/23 08:31:59.438, 3, 100, 10088
2026/05/23 08:32:14.569, 0, 5, 10490
2026/05/23 08:32:14.571, 1, 0, 10088
2026/05/23 08:32:14.572, 2, 0, 10088
2026/05/23 08:32:14.574, 3, 0, 10088
2026/05/23 08:32:29.677, 0, 13, 10490
2026/05/23 08:32:29.680, 1, 0, 10088
2026/05/23 08:32:29.681, 2, 0, 10088
2026/05/23 08:32:29.682, 3, 0, 10088
2026/05/23 08:32:44.801, 0, 100, 10490
2026/05/23 08:32:44.805, 1, 0, 10088
2026/05/23 08:32:44.808, 2, 100, 10088
2026/05/23 08:32:44.811, 3, 0, 10088
2026/05/23 08:32:59.907, 0, 9, 10490
2026/05/23 08:32:59.911, 1, 0, 10088
2026/05/23 08:32:59.914, 2, 0, 10088
2026/05/23 08:32:59.915, 3, 0, 10088
2026/05/23 08:33:15.005, 0, 100, 10490
2026/05/23 08:33:15.007, 1, 51, 10088
2026/05/23 08:33:15.008, 2, 100, 10088
2026/05/23 08:33:15.010, 3, 100, 10088
2026/05/23 08:33:30.149, 0, 9, 10490
2026/05/23 08:33:30.151, 1, 0, 10088
2026/05/23 08:33:30.152, 2, 0, 10088
2026/05/23 08:33:30.154, 3, 0, 10088
2026/05/23 08:33:45.238, 0, 12, 10490
2026/05/23 08:33:45.240, 1, 0, 10088
2026/05/23 08:33:45.242, 2, 0, 10088
2026/05/23 08:33:45.243, 3, 0, 10088
2026/05/23 08:34:00.329, 0, 9, 10490
2026/05/23 08:34:00.331, 1, 0, 10088
2026/05/23 08:34:00.333, 2, 0, 10088
2026/05/23 08:34:00.334, 3, 0, 10088
2026/05/23 08:34:15.541, 0, 98, 10490
2026/05/23 08:34:15.544, 1, 84, 10088
2026/05/23 08:34:15.804, 2, 100, 10088
2026/05/23 08:34:15.805, 3, 94, 10088
2026/05/23 08:34:31.121, 0, 8, 10490
2026/05/23 08:34:31.123, 1, 0, 10088
2026/05/23 08:34:31.124, 2, 0, 10088
2026/05/23 08:34:31.125, 3, 0, 10088
2026/05/23 08:34:46.222, 0, 12, 10490
2026/05/23 08:34:46.224, 1, 0, 10088
2026/05/23 08:34:46.225, 2, 0, 10088
2026/05/23 08:34:46.226, 3, 0, 10088
2026/05/23 08:35:01.312, 0, 6, 10490
2026/05/23 08:35:01.314, 1, 0, 10088
2026/05/23 08:35:01.316, 2, 0, 10088
2026/05/23 08:35:01.318, 3, 0, 10088
2026/05/23 08:35:16.406, 0, 8, 10490
2026/05/23 08:35:16.408, 1, 0, 10088
2026/05/23 08:35:16.410, 2, 0, 10088
2026/05/23 08:35:16.411, 3, 0, 10088
2026/05/23 08:35:31.692, 0, 1, 10490
2026/05/23 08:35:31.694, 1, 0, 10088
2026/05/23 08:35:31.695, 2, 0, 10088
2026/05/23 08:35:31.696, 3, 0, 10088
2026/05/23 08:35:46.767, 0, 8, 10490
2026/05/23 08:35:46.769, 1, 0, 10088
2026/05/23 08:35:46.770, 2, 0, 10088
2026/05/23 08:35:46.771, 3, 0, 10088
2026/05/23 08:36:01.870, 0, 16, 10490
2026/05/23 08:36:01.872, 1, 0, 10088
2026/05/23 08:36:01.873, 2, 0, 10088
2026/05/23 08:36:01.875, 3, 0, 10088
2026/05/23 08:36:16.976, 0, 4, 10490
2026/05/23 08:36:16.979, 1, 0, 10088
2026/05/23 08:36:16.981, 2, 0, 10088
2026/05/23 08:36:16.982, 3, 0, 10088
2026/05/23 08:36:32.065, 0, 0, 10490
2026/05/23 08:36:32.067, 1, 0, 10088
2026/05/23 08:36:32.069, 2, 0, 10088
2026/05/23 08:36:32.070, 3, 0, 10088
2026/05/23 08:36:47.262, 0, 9, 10490
2026/05/23 08:36:47.264, 1, 0, 10088
2026/05/23 08:36:47.265, 2, 0, 10088
2026/05/23 08:36:47.266, 3, 0, 10088
2026/05/23 08:37:02.349, 0, 22, 10490
2026/05/23 08:37:02.351, 1, 0, 10088
2026/05/23 08:37:02.353, 2, 100, 10088
2026/05/23 08:37:02.354, 3, 0, 10088
2026/05/23 08:37:17.473, 0, 17, 10490
2026/05/23 08:37:17.476, 1, 0, 10088
2026/05/23 08:37:17.477, 2, 0, 10088
2026/05/23 08:37:17.478, 3, 0, 10088
2026/05/23 08:37:32.701, 0, 100, 10490
2026/05/23 08:37:32.704, 1, 100, 10088
2026/05/23 08:37:32.708, 2, 100, 10088
2026/05/23 08:37:32.710, 3, 100, 10088
2026/05/23 08:37:47.913, 0, 9, 10490
2026/05/23 08:37:47.915, 1, 0, 10088
2026/05/23 08:37:47.916, 2, 0, 10088
2026/05/23 08:37:47.918, 3, 0, 10088
2026/05/23 08:38:03.001, 0, 9, 10490
2026/05/23 08:38:03.003, 1, 0, 10088
2026/05/23 08:38:03.005, 2, 0, 10088
2026/05/23 08:38:03.006, 3, 0, 10088
2026/05/23 08:38:18.106, 0, 12, 10490
2026/05/23 08:38:18.108, 1, 0, 10088
2026/05/23 08:38:18.109, 2, 0, 10088
2026/05/23 08:38:18.110, 3, 0, 10088
2026/05/23 08:38:33.289, 0, 9, 10490
2026/05/23 08:38:33.291, 1, 0, 10088
2026/05/23 08:38:33.293, 2, 0, 10088
2026/05/23 08:38:33.294, 3, 0, 10088
2026/05/23 08:38:48.549, 0, 100, 10490
2026/05/23 08:38:48.552, 1, 0, 10088
2026/05/23 08:38:48.555, 2, 100, 10088
2026/05/23 08:38:48.558, 3, 0, 10088
2026/05/23 08:39:03.653, 0, 9, 10490
2026/05/23 08:39:03.655, 1, 0, 10088
2026/05/23 08:39:03.657, 2, 0, 10088
2026/05/23 08:39:03.658, 3, 0, 10088
2026/05/23 08:39:18.741, 0, 9, 10490
2026/05/23 08:39:18.743, 1, 0, 10088
2026/05/23 08:39:18.745, 2, 0, 10088
2026/05/23 08:39:18.746, 3, 0, 10088
2026/05/23 08:39:33.846, 0, 18, 10490
2026/05/23 08:39:33.848, 1, 0, 10088
2026/05/23 08:39:33.850, 2, 0, 10088
2026/05/23 08:39:33.851, 3, 0, 10088
2026/05/23 08:39:49.217, 0, 8, 10490
2026/05/23 08:39:49.220, 1, 99, 10088
2026/05/23 08:39:49.223, 2, 0, 10088
2026/05/23 08:39:49.225, 3, 0, 10088
2026/05/23 08:40:04.317, 0, 8, 10490
2026/05/23 08:40:04.320, 1, 0, 10088
2026/05/23 08:40:04.321, 2, 12, 10088
2026/05/23 08:40:04.322, 3, 0, 10088
2026/05/23 08:40:19.406, 0, 9, 10490
2026/05/23 08:40:19.408, 1, 0, 10088
2026/05/23 08:40:19.409, 2, 0, 10088
2026/05/23 08:40:19.410, 3, 0, 10088
2026/05/23 08:40:34.493, 0, 56, 10490
2026/05/23 08:40:34.495, 1, 0, 10088
2026/05/23 08:40:34.497, 2, 0, 10088
2026/05/23 08:40:34.498, 3, 0, 10088
2026/05/23 08:40:49.891, 0, 8, 10490
2026/05/23 08:40:49.894, 1, 0, 10088
2026/05/23 08:40:49.895, 2, 0, 10088
2026/05/23 08:40:49.897, 3, 0, 10088
2026/05/23 08:41:04.981, 0, 8, 10490
2026/05/23 08:41:04.983, 1, 0, 10088
2026/05/23 08:41:04.984, 2, 0, 10088
2026/05/23 08:41:04.986, 3, 0, 10088
2026/05/23 08:41:20.069, 0, 8, 10490
2026/05/23 08:41:20.071, 1, 0, 10088
2026/05/23 08:41:20.073, 2, 0, 10088
2026/05/23 08:41:20.074, 3, 0, 10088
2026/05/23 08:41:35.211, 0, 9, 10490
2026/05/23 08:41:35.215, 1, 86, 10088
2026/05/23 08:41:35.218, 2, 0, 10088
2026/05/23 08:41:35.221, 3, 0, 10088
2026/05/23 08:41:50.891, 0, 0, 10490
2026/05/23 08:41:50.895, 1, 100, 10088
2026/05/23 08:41:50.897, 2, 31, 10088
2026/05/23 08:41:50.901, 3, 69, 10088
2026/05/23 08:42:05.989, 0, 9, 10490
2026/05/23 08:42:05.992, 1, 0, 10088
2026/05/23 08:42:05.993, 2, 0, 10088
2026/05/23 08:42:05.994, 3, 0, 10088
2026/05/23 08:42:21.119, 0, 9, 10490
2026/05/23 08:42:21.123, 1, 100, 10088
2026/05/23 08:42:21.126, 2, 0, 10088
2026/05/23 08:42:21.129, 3, 1, 10088
2026/05/23 08:42:36.225, 0, 8, 10490
2026/05/23 08:42:36.227, 1, 0, 10088
2026/05/23 08:42:36.229, 2, 0, 10088
2026/05/23 08:42:36.230, 3, 0, 10088
2026/05/23 08:42:51.390, 0, 6, 10490
2026/05/23 08:42:51.394, 1, 100, 10088
2026/05/23 08:42:51.396, 2, 0, 10088
2026/05/23 08:42:51.399, 3, 0, 10088
2026/05/23 08:43:06.684, 0, 0, 10490
2026/05/23 08:43:06.685, 1, 0, 10088
2026/05/23 08:43:06.686, 2, 0, 10088
2026/05/23 08:43:06.687, 3, 0, 10088
2026/05/23 08:43:21.965, 0, 8, 10490
2026/05/23 08:43:21.967, 1, 0, 10088
2026/05/23 08:43:21.968, 2, 0, 10088
2026/05/23 08:43:21.970, 3, 0, 10088
2026/05/23 08:43:37.070, 0, 8, 10490
2026/05/23 08:43:37.072, 1, 0, 10088
2026/05/23 08:43:37.073, 2, 0, 10088
2026/05/23 08:43:37.075, 3, 0, 10088
2026/05/23 08:43:52.158, 0, 8, 10490
2026/05/23 08:43:52.160, 1, 0, 10088
2026/05/23 08:43:52.162, 2, 81, 10088
2026/05/23 08:43:52.163, 3, 0, 10088
2026/05/23 08:44:07.262, 0, 7, 10490
2026/05/23 08:44:07.264, 1, 0, 10088
2026/05/23 08:44:07.265, 2, 0, 10088
2026/05/23 08:44:07.267, 3, 0, 10088
2026/05/23 08:44:22.350, 0, 13, 10490
2026/05/23 08:44:22.353, 1, 0, 10088
2026/05/23 08:44:22.354, 2, 0, 10088
2026/05/23 08:44:22.355, 3, 0, 10088
2026/05/23 08:44:37.494, 0, 100, 10490
2026/05/23 08:44:37.498, 1, 81, 10088
2026/05/23 08:44:37.502, 2, 100, 10088
2026/05/23 08:44:37.506, 3, 100, 10088
2026/05/23 08:44:52.892, 0, 5, 10490
2026/05/23 08:44:52.893, 1, 0, 10088
2026/05/23 08:44:52.894, 2, 0, 10088
2026/05/23 08:44:52.895, 3, 0, 10088
2026/05/23 08:45:08.010, 0, 9, 10490
2026/05/23 08:45:08.014, 1, 0, 10088
2026/05/23 08:45:08.017, 2, 0, 10088
2026/05/23 08:45:08.020, 3, 0, 10088
2026/05/23 08:45:23.130, 0, 12, 10490
2026/05/23 08:45:23.132, 1, 0, 10088
2026/05/23 08:45:23.133, 2, 0, 10088
2026/05/23 08:45:23.135, 3, 0, 10088
2026/05/23 08:45:38.237, 0, 100, 10490
2026/05/23 08:45:38.239, 1, 66, 10088
2026/05/23 08:45:38.241, 2, 100, 10088
2026/05/23 08:45:38.242, 3, 100, 10088
2026/05/23 08:45:53.325, 0, 6, 10490
2026/05/23 08:45:53.327, 1, 0, 10088
2026/05/23 08:45:53.329, 2, 0, 10088
2026/05/23 08:45:53.330, 3, 0, 10088
2026/05/23 08:46:08.430, 0, 0, 10490
2026/05/23 08:46:08.432, 1, 0, 10088
2026/05/23 08:46:08.433, 2, 0, 10088
2026/05/23 08:46:08.435, 3, 0, 10088
2026/05/23 08:46:23.539, 0, 0, 1
2026/05/23 08:46:23.541, 1, 0, 1
2026/05/23 08:46:23.543, 2, 0, 1
2026/05/23 08:46:23.545, 3, 0, 1
2026/05/23 08:46:38.634, 0, 0, 1
2026/05/23 08:46:38.636, 1, 0, 1
2026/05/23 08:46:38.637, 2, 0, 1
2026/05/23 08:46:38.639, 3, 0, 1
2026/05/23 08:46:53.727, 0, 0, 1
2026/05/23 08:46:53.728, 1, 0, 1
2026/05/23 08:46:53.730, 2, 0, 1
2026/05/23 08:46:53.731, 3, 0, 1
2026/05/23 08:47:08.819, 0, 0, 866
2026/05/23 08:47:08.821, 1, 0, 4
2026/05/23 08:47:08.822, 2, 0, 4
2026/05/23 08:47:08.824, 3, 0, 4
2026/05/23 08:47:23.909, 0, 0, 10380
2026/05/23 08:47:23.911, 1, 0, 10088
2026/05/23 08:47:23.913, 2, 0, 10088
2026/05/23 08:47:23.914, 3, 0, 10088
2026/05/23 08:47:39.014, 0, 3, 10392
2026/05/23 08:47:39.016, 1, 0, 10088
2026/05/23 08:47:39.017, 2, 0, 10088
2026/05/23 08:47:39.019, 3, 0, 10088
2026/05/23 08:47:54.120, 0, 4, 10392
2026/05/23 08:47:54.122, 1, 0, 10088
2026/05/23 08:47:54.124, 2, 0, 10088
2026/05/23 08:47:54.126, 3, 0, 10088
2026/05/23 08:48:09.241, 0, 100, 10488
2026/05/23 08:48:09.245, 1, 54, 10088
2026/05/23 08:48:09.249, 2, 0, 10088
2026/05/23 08:48:09.252, 3, 0, 10088
2026/05/23 08:48:24.551, 0, 100, 10488
2026/05/23 08:48:24.554, 1, 100, 10088
2026/05/23 08:48:24.557, 2, 100, 10088
2026/05/23 08:48:24.558, 3, 100, 10088
2026/05/23 08:48:39.746, 0, 100, 10488
2026/05/23 08:48:39.751, 1, 0, 10088
2026/05/23 08:48:39.752, 2, 0, 10088
2026/05/23 08:48:39.753, 3, 0, 10088
2026/05/23 08:48:54.880, 0, 9, 10488
2026/05/23 08:48:54.882, 1, 0, 10088
2026/05/23 08:48:54.883, 2, 0, 10088
2026/05/23 08:48:54.884, 3, 0, 10088
2026/05/23 08:49:10.009, 0, 3, 10488
2026/05/23 08:49:10.011, 1, 0, 10088
2026/05/23 08:49:10.012, 2, 0, 10088
2026/05/23 08:49:10.014, 3, 0, 10088
2026/05/23 08:49:25.342, 0, 13, 10490
2026/05/23 08:49:25.345, 1, 0, 10088
2026/05/23 08:49:25.346, 2, 0, 10088
2026/05/23 08:49:25.348, 3, 0, 10088
2026/05/23 08:49:40.470, 0, 8, 10490
2026/05/23 08:49:40.472, 1, 0, 10088
2026/05/23 08:49:40.473, 2, 0, 10088
2026/05/23 08:49:40.474, 3, 0, 10088
2026/05/23 08:49:55.564, 0, 100, 10490
2026/05/23 08:49:55.566, 1, 0, 10088
2026/05/23 08:49:55.567, 2, 0, 10088
2026/05/23 08:49:55.568, 3, 0, 10088
2026/05/23 08:50:10.745, 0, 4, 10490
2026/05/23 08:50:10.747, 1, 0, 10088
2026/05/23 08:50:10.749, 2, 0, 10088
2026/05/23 08:50:10.750, 3, 0, 10088
2026/05/23 08:50:25.890, 0, 12, 10490
2026/05/23 08:50:26.002, 1, 0, 10088
2026/05/23 08:50:26.004, 2, 0, 10088
2026/05/23 08:50:26.005, 3, 0, 10088
2026/05/23 08:50:41.085, 0, 10, 10490
2026/05/23 08:50:41.087, 1, 0, 10088
2026/05/23 08:50:41.089, 2, 0, 10088
2026/05/23 08:50:41.090, 3, 0, 10088
2026/05/23 08:50:56.173, 0, 9, 10490
2026/05/23 08:50:56.175, 1, 0, 10088
2026/05/23 08:50:56.177, 2, 0, 10088
2026/05/23 08:50:56.178, 3, 0, 10088
2026/05/23 08:51:11.333, 0, 100, 10490
2026/05/23 08:51:11.335, 1, 100, 10088
2026/05/23 08:51:11.337, 2, 100, 10088
2026/05/23 08:51:11.338, 3, 100, 10088
2026/05/23 08:51:26.708, 0, 100, 10490
2026/05/23 08:51:26.710, 1, 100, 10088
2026/05/23 08:51:26.711, 2, 100, 10088
2026/05/23 08:51:26.713, 3, 100, 10088
2026/05/23 08:51:41.814, 0, 13, 10490
2026/05/23 08:51:41.816, 1, 0, 10088
2026/05/23 08:51:41.817, 2, 0, 10088
2026/05/23 08:51:41.819, 3, 0, 10088
2026/05/23 08:51:56.901, 0, 9, 10490
2026/05/23 08:51:56.904, 1, 0, 10088
2026/05/23 08:51:56.905, 2, 0, 10088
2026/05/23 08:51:56.906, 3, 0, 10088
2026/05/23 08:52:11.989, 0, 9, 10490
2026/05/23 08:52:11.991, 1, 100, 10088
2026/05/23 08:52:11.993, 2, 0, 10088
2026/05/23 08:52:11.994, 3, 0, 10088
2026/05/23 08:52:27.597, 0, 50, 10490
2026/05/23 08:52:27.748, 1, 92, 10088
2026/05/23 08:52:27.751, 2, 42, 10088
2026/05/23 08:52:27.754, 3, 0, 10088
2026/05/23 08:52:42.845, 0, 9, 10490
2026/05/23 08:52:42.847, 1, 0, 10088
2026/05/23 08:52:42.849, 2, 0, 10088
2026/05/23 08:52:42.850, 3, 0, 10088
2026/05/23 08:52:57.951, 0, 13, 10490
2026/05/23 08:52:57.954, 1, 0, 10088
2026/05/23 08:52:57.955, 2, 0, 10088
2026/05/23 08:52:57.956, 3, 0, 10088
2026/05/23 08:53:13.042, 0, 9, 10490
2026/05/23 08:53:13.044, 1, 0, 10088
2026/05/23 08:53:13.045, 2, 0, 10088
2026/05/23 08:53:13.047, 3, 0, 10088
2026/05/23 08:53:28.166, 0, 2, 10490
2026/05/23 08:53:28.168, 1, 0, 10088
2026/05/23 08:53:28.169, 2, 0, 10088
2026/05/23 08:53:28.170, 3, 0, 10088
2026/05/23 08:53:43.253, 0, 8, 10490
2026/05/23 08:53:43.255, 1, 0, 10088
2026/05/23 08:53:43.257, 2, 0, 10088
2026/05/23 08:53:43.258, 3, 0, 10088
2026/05/23 08:53:58.403, 0, 13, 10490
2026/05/23 08:53:58.405, 1, 0, 10088
2026/05/23 08:53:58.407, 2, 0, 10088
2026/05/23 08:53:58.408, 3, 0, 10088
2026/05/23 08:54:13.564, 0, 0, 10490
2026/05/23 08:54:13.567, 1, 100, 10088
2026/05/23 08:54:13.570, 2, 0, 10088
2026/05/23 08:54:13.572, 3, 0, 10088
2026/05/23 08:54:28.702, 0, 5, 10490
2026/05/23 08:54:28.704, 1, 0, 10088
2026/05/23 08:54:28.705, 2, 0, 10088
2026/05/23 08:54:28.706, 3, 0, 10088
2026/05/23 08:54:43.878, 0, 6, 10490
2026/05/23 08:54:43.880, 1, 0, 10088
2026/05/23 08:54:43.881, 2, 0, 10088
2026/05/23 08:54:43.882, 3, 0, 10088
2026/05/23 08:54:59.029, 0, 8, 10490
2026/05/23 08:54:59.031, 1, 0, 10088
2026/05/23 08:54:59.032, 2, 0, 10088
2026/05/23 08:54:59.034, 3, 0, 10088
2026/05/23 08:55:14.134, 0, 7, 10490
2026/05/23 08:55:14.136, 1, 0, 10088
2026/05/23 08:55:14.137, 2, 0, 10088
2026/05/23 08:55:14.139, 3, 0, 10088
2026/05/23 08:55:29.280, 0, 0, 10490
2026/05/23 08:55:29.285, 1, 100, 10088
2026/05/23 08:55:29.288, 2, 0, 10088
2026/05/23 08:55:29.291, 3, 0, 10088
2026/05/23 08:55:44.584, 0, 9, 10490
2026/05/23 08:55:44.588, 1, 0, 10088
2026/05/23 08:55:44.592, 2, 95, 10088
2026/05/23 08:55:44.595, 3, 0, 10088
2026/05/23 08:55:59.714, 0, 82, 10490
2026/05/23 08:55:59.718, 1, 0, 10088
2026/05/23 08:55:59.721, 2, 0, 10088
2026/05/23 08:55:59.724, 3, 0, 10088
2026/05/23 08:56:14.845, 0, 9, 10490
2026/05/23 08:56:14.847, 1, 0, 10088
2026/05/23 08:56:14.849, 2, 0, 10088
2026/05/23 08:56:14.850, 3, 0, 10088
2026/05/23 08:56:29.950, 0, 13, 10490
2026/05/23 08:56:29.952, 1, 0, 10088
2026/05/23 08:56:29.954, 2, 0, 10088
2026/05/23 08:56:29.955, 3, 0, 10088
2026/05/23 08:56:45.594, 0, 100, 10490
2026/05/23 08:56:45.596, 1, 100, 10088
2026/05/23 08:56:45.597, 2, 0, 10088
2026/05/23 08:56:45.598, 3, 0, 10088
2026/05/23 08:57:00.682, 0, 8, 10490
2026/05/23 08:57:00.684, 1, 0, 10088
2026/05/23 08:57:00.685, 2, 0, 10088
2026/05/23 08:57:00.687, 3, 0, 10088
2026/05/23 08:57:15.769, 0, 5, 10490
2026/05/23 08:57:15.771, 1, 61, 10088
2026/05/23 08:57:15.773, 2, 0, 10088
2026/05/23 08:57:15.774, 3, 100, 10088
2026/05/23 08:57:30.857, 0, 9, 10490
2026/05/23 08:57:30.860, 1, 0, 10088
2026/05/23 08:57:30.861, 2, 0, 10088
2026/05/23 08:57:30.862, 3, 0, 10088
2026/05/23 08:57:45.963, 0, 14, 10490
2026/05/23 08:57:45.965, 1, 0, 10088
2026/05/23 08:57:45.967, 2, 0, 10088
2026/05/23 08:57:45.968, 3, 0, 10088
2026/05/23 08:58:01.067, 0, 7, 10490
2026/05/23 08:58:01.072, 1, 0, 10088
2026/05/23 08:58:01.075, 2, 0, 10088
2026/05/23 08:58:01.079, 3, 98, 10088
2026/05/23 08:58:16.181, 0, 100, 10490
2026/05/23 08:58:16.184, 1, 100, 10088
2026/05/23 08:58:16.187, 2, 100, 10088
2026/05/23 08:58:16.190, 3, 0, 10088
2026/05/23 08:58:31.281, 0, 9, 10490
2026/05/23 08:58:31.283, 1, 0, 10088
2026/05/23 08:58:31.285, 2, 0, 10088
2026/05/23 08:58:31.286, 3, 0, 10088
2026/05/23 08:58:46.386, 0, 15, 10490
2026/05/23 08:58:46.388, 1, 0, 10088
2026/05/23 08:58:46.390, 2, 0, 10088
2026/05/23 08:58:46.391, 3, 0, 10088
2026/05/23 08:59:01.566, 0, 5, 10490
2026/05/23 08:59:01.571, 1, 0, 10088
2026/05/23 08:59:01.574, 2, 0, 10088
2026/05/23 08:59:01.578, 3, 0, 10088
2026/05/23 08:59:16.789, 0, 0, 10490
2026/05/23 08:59:16.791, 1, 100, 10088
2026/05/23 08:59:16.793, 2, 100, 10088
2026/05/23 08:59:16.794, 3, 100, 10088
2026/05/23 08:59:31.888, 0, 100, 10490
2026/05/23 08:59:31.891, 1, 94, 10088
2026/05/23 08:59:31.893, 2, 100, 10088
2026/05/23 08:59:31.896, 3, 100, 10088
2026/05/23 08:59:46.993, 0, 9, 10490
2026/05/23 08:59:46.995, 1, 0, 10088
2026/05/23 08:59:46.997, 2, 0, 10088
2026/05/23 08:59:46.998, 3, 0, 10088
2026/05/23 09:00:02.121, 0, 13, 10490
2026/05/23 09:00:02.124, 1, 0, 10088
2026/05/23 09:00:02.125, 2, 0, 10088
2026/05/23 09:00:02.126, 3, 0, 10088
2026/05/23 09:00:17.243, 0, 9, 10490
2026/05/23 09:00:17.247, 1, 100, 10088
2026/05/23 09:00:17.249, 2, 0, 10088
2026/05/23 09:00:17.252, 3, 0, 10088
2026/05/23 09:00:32.378, 0, 4, 10490
2026/05/23 09:00:32.382, 1, 100, 10088
2026/05/23 09:00:32.385, 2, 0, 10088
2026/05/23 09:00:32.386, 3, 0, 10088
2026/05/23 09:00:47.561, 0, 3, 10490
2026/05/23 09:00:47.563, 1, 0, 10088
2026/05/23 09:00:47.565, 2, 0, 10088
2026/05/23 09:00:47.566, 3, 0, 10088
2026/05/23 09:01:02.842, 0, 6, 10490
2026/05/23 09:01:02.844, 1, 0, 10088
2026/05/23 09:01:02.845, 2, 0, 10088
2026/05/23 09:01:02.847, 3, 0, 10088
2026/05/23 09:01:17.946, 0, 13, 10490
2026/05/23 09:01:17.948, 1, 0, 10088
2026/05/23 09:01:17.949, 2, 0, 10088
2026/05/23 09:01:17.951, 3, 0, 10088
2026/05/23 09:01:33.033, 0, 9, 10490
2026/05/23 09:01:33.035, 1, 0, 10088
2026/05/23 09:01:33.037, 2, 0, 10088
2026/05/23 09:01:33.038, 3, 0, 10088
2026/05/23 09:01:48.141, 0, 10, 10490
2026/05/23 09:01:48.143, 1, 0, 10088
2026/05/23 09:01:48.145, 2, 0, 10088
2026/05/23 09:01:48.146, 3, 0, 10088
2026/05/23 09:02:03.286, 0, 10, 10490
2026/05/23 09:02:03.290, 1, 100, 10088
2026/05/23 09:02:03.294, 2, 0, 10088
2026/05/23 09:02:03.297, 3, 0, 10088
2026/05/23 09:02:18.557, 0, 0, 10490
2026/05/23 09:02:18.559, 1, 0, 10088
2026/05/23 09:02:18.560, 2, 0, 10088
2026/05/23 09:02:18.562, 3, 0, 10088
2026/05/23 09:02:33.649, 0, 8, 10490
2026/05/23 09:02:33.651, 1, 0, 10088
2026/05/23 09:02:33.653, 2, 0, 10088
2026/05/23 09:02:33.654, 3, 0, 10088
2026/05/23 09:02:48.841, 0, 100, 10490
2026/05/23 09:02:48.843, 1, 100, 10088
2026/05/23 09:02:48.845, 2, 100, 10088
2026/05/23 09:02:48.846, 3, 0, 10088
2026/05/23 09:03:03.956, 0, 100, 10490
2026/05/23 09:03:03.960, 1, 0, 10088
2026/05/23 09:03:03.964, 2, 100, 10088
2026/05/23 09:03:03.966, 3, 100, 10088
2026/05/23 09:03:19.061, 0, 100, 10490
2026/05/23 09:03:19.063, 1, 100, 10088
2026/05/23 09:03:19.065, 2, 100, 10088
2026/05/23 09:03:19.066, 3, 96, 10088
2026/05/23 09:03:34.166, 0, 16, 10490
2026/05/23 09:03:34.168, 1, 0, 10088
2026/05/23 09:03:34.170, 2, 0, 10088
2026/05/23 09:03:34.171, 3, 0, 10088
2026/05/23 09:03:49.507, 0, 0, 10490
2026/05/23 09:03:49.509, 1, 0, 10088
2026/05/23 09:03:49.510, 2, 0, 10088
2026/05/23 09:03:49.511, 3, 0, 10088
2026/05/23 09:04:04.817, 0, 100, 10490
2026/05/23 09:04:04.821, 1, 0, 10088
2026/05/23 09:04:04.825, 2, 100, 10088
2026/05/23 09:04:04.829, 3, 0, 10088
2026/05/23 09:04:19.925, 0, 8, 10490
2026/05/23 09:04:19.927, 1, 0, 10088
2026/05/23 09:04:19.929, 2, 0, 10088
2026/05/23 09:04:19.930, 3, 0, 10088
2026/05/23 09:04:35.033, 0, 11, 10490
2026/05/23 09:04:35.036, 1, 100, 10088
2026/05/23 09:04:35.037, 2, 0, 10088
2026/05/23 09:04:35.038, 3, 0, 10088
2026/05/23 09:04:50.124, 0, 6, 10490
2026/05/23 09:04:50.126, 1, 0, 10088
2026/05/23 09:04:50.127, 2, 0, 10088
2026/05/23 09:04:50.129, 3, 0, 10088
2026/05/23 09:05:05.214, 0, 8, 10490
2026/05/23 09:05:05.216, 1, 0, 10088
2026/05/23 09:05:05.218, 2, 0, 10088
2026/05/23 09:05:05.219, 3, 0, 10088
2026/05/23 09:05:20.322, 0, 8, 10490
2026/05/23 09:05:20.324, 1, 0, 10088
2026/05/23 09:05:20.325, 2, 0, 10088
2026/05/23 09:05:20.326, 3, 0, 10088
2026/05/23 09:05:35.451, 0, 100, 10490
2026/05/23 09:05:35.455, 1, 56, 10088
2026/05/23 09:05:35.460, 2, 94, 10088
2026/05/23 09:05:35.463, 3, 100, 10088
2026/05/23 09:05:50.799, 0, 8, 10490
2026/05/23 09:05:50.801, 1, 0, 10088
2026/05/23 09:05:50.802, 2, 0, 10088
2026/05/23 09:05:50.803, 3, 0, 10088
2026/05/23 09:06:05.886, 0, 8, 10490
2026/05/23 09:06:05.888, 1, 0, 10088
2026/05/23 09:06:05.889, 2, 0, 10088
2026/05/23 09:06:05.890, 3, 0, 10088
2026/05/23 09:06:21.042, 0, 81, 10490
2026/05/23 09:06:21.047, 1, 0, 10088
2026/05/23 09:06:21.050, 2, 1, 10088
2026/05/23 09:06:21.052, 3, 0, 10088
2026/05/23 09:06:36.189, 0, 7, 10490
2026/05/23 09:06:36.192, 1, 79, 10088
2026/05/23 09:06:36.196, 2, 0, 10088
2026/05/23 09:06:36.199, 3, 0, 10088
2026/05/23 09:06:51.307, 0, 9, 10490
2026/05/23 09:06:51.310, 1, 83, 10088
2026/05/23 09:06:51.314, 2, 0, 10088
2026/05/23 09:06:51.317, 3, 0, 10088
2026/05/23 09:07:06.665, 0, 2, 10490
2026/05/23 09:07:06.666, 1, 0, 10088
2026/05/23 09:07:06.667, 2, 0, 10088
2026/05/23 09:07:06.668, 3, 0, 10088
2026/05/23 09:07:21.865, 0, 7, 10490
2026/05/23 09:07:21.867, 1, 41, 10088
2026/05/23 09:07:21.869, 2, 0, 10088
2026/05/23 09:07:21.870, 3, 100, 10088
2026/05/23 09:07:36.976, 0, 100, 10490
2026/05/23 09:07:36.980, 1, 100, 10088
2026/05/23 09:07:36.983, 2, 100, 10088
2026/05/23 09:07:36.985, 3, 100, 10088
2026/05/23 09:07:52.130, 0, 59, 10490
2026/05/23 09:07:52.133, 1, 100, 10088
2026/05/23 09:07:52.135, 2, 100, 10088
2026/05/23 09:07:52.138, 3, 100, 10088
2026/05/23 09:08:07.251, 0, 13, 10490
2026/05/23 09:08:07.253, 1, 0, 10088
2026/05/23 09:08:07.255, 2, 0, 10088
2026/05/23 09:08:07.256, 3, 0, 10088
2026/05/23 09:08:22.352, 0, 100, 10490
2026/05/23 09:08:22.356, 1, 100, 10088
2026/05/23 09:08:22.360, 2, 99, 10088
2026/05/23 09:08:22.363, 3, 100, 10088
2026/05/23 09:08:37.570, 0, 100, 10490
2026/05/23 09:08:37.572, 1, 0, 10088
2026/05/23 09:08:37.573, 2, 100, 10088
2026/05/23 09:08:37.575, 3, 100, 10088
2026/05/23 09:08:52.824, 0, 3, 10490
2026/05/23 09:08:52.826, 1, 0, 10088
2026/05/23 09:08:52.827, 2, 0, 10088
2026/05/23 09:08:52.969, 3, 0, 10088
2026/05/23 09:09:08.050, 0, 9, 10490
2026/05/23 09:09:08.052, 1, 0, 10088
2026/05/23 09:09:08.054, 2, 0, 10088
2026/05/23 09:09:08.055, 3, 0, 10088
2026/05/23 09:09:23.210, 0, 13, 10490
2026/05/23 09:09:23.212, 1, 0, 10088
2026/05/23 09:09:23.214, 2, 0, 10088
2026/05/23 09:09:23.215, 3, 0, 10088
2026/05/23 09:09:38.327, 0, 0, 10490
2026/05/23 09:09:38.331, 1, 81, 10088
2026/05/23 09:09:38.333, 2, 0, 10088
2026/05/23 09:09:38.335, 3, 0, 10088
2026/05/23 09:09:53.633, 0, 8, 10490
2026/05/23 09:09:53.635, 1, 0, 10088
2026/05/23 09:09:53.636, 2, 0, 10088
2026/05/23 09:09:53.637, 3, 0, 10088
2026/05/23 09:10:08.718, 0, 13, 10490
2026/05/23 09:10:08.720, 1, 100, 10088
2026/05/23 09:10:08.721, 2, 100, 10088
2026/05/23 09:10:08.722, 3, 100, 10088
2026/05/23 09:10:23.869, 0, 100, 10490
2026/05/23 09:10:23.873, 1, 100, 10088
2026/05/23 09:10:23.876, 2, 100, 10088
2026/05/23 09:10:23.879, 3, 100, 10088
2026/05/23 09:10:38.998, 0, 0, 10490
2026/05/23 09:10:39.000, 1, 0, 10088
2026/05/23 09:10:39.002, 2, 0, 10088
2026/05/23 09:10:39.003, 3, 0, 10088
2026/05/23 09:10:54.109, 0, 100, 10490
2026/05/23 09:10:54.111, 1, 100, 10088
2026/05/23 09:10:54.112, 2, 100, 10088
2026/05/23 09:10:54.114, 3, 100, 10088
2026/05/23 09:11:09.197, 0, 100, 10490
2026/05/23 09:11:09.199, 1, 100, 10088
2026/05/23 09:11:09.201, 2, 100, 10088
2026/05/23 09:11:09.202, 3, 87, 10088
2026/05/23 09:11:24.286, 0, 9, 10490
2026/05/23 09:11:24.288, 1, 0, 10088
2026/05/23 09:11:24.289, 2, 0, 10088
2026/05/23 09:11:24.290, 3, 0, 10088
2026/05/23 09:11:39.410, 0, 7, 10490
2026/05/23 09:11:39.412, 1, 0, 10088
2026/05/23 09:11:39.413, 2, 0, 10088
2026/05/23 09:11:39.415, 3, 0, 10088
2026/05/23 09:11:54.542, 0, 100, 10490
2026/05/23 09:11:54.544, 1, 100, 10088
2026/05/23 09:11:54.545, 2, 100, 10088
2026/05/23 09:11:54.546, 3, 100, 10088
2026/05/23 09:12:09.629, 0, 5, 10490
2026/05/23 09:12:09.631, 1, 0, 10088
2026/05/23 09:12:09.633, 2, 61, 10088
2026/05/23 09:12:09.634, 3, 0, 10088
2026/05/23 09:12:24.717, 0, 6, 10490
2026/05/23 09:12:24.719, 1, 0, 10088
2026/05/23 09:12:24.720, 2, 0, 10088
2026/05/23 09:12:24.722, 3, 0, 10088
2026/05/23 09:12:39.805, 0, 9, 10490
2026/05/23 09:12:39.807, 1, 0, 10088
2026/05/23 09:12:39.809, 2, 0, 10088
2026/05/23 09:12:39.810, 3, 0, 10088
2026/05/23 09:12:54.982, 0, 10, 10490
2026/05/23 09:12:54.984, 1, 0, 10088
2026/05/23 09:12:54.985, 2, 0, 10088
2026/05/23 09:12:54.987, 3, 0, 10088
2026/05/23 09:13:10.098, 0, 100, 10490
2026/05/23 09:13:10.102, 1, 1, 10088
2026/05/23 09:13:10.105, 2, 100, 10088
2026/05/23 09:13:10.108, 3, 100, 10088
2026/05/23 09:13:25.230, 0, 100, 10490
2026/05/23 09:13:25.234, 1, 100, 10088
2026/05/23 09:13:25.237, 2, 100, 10088
2026/05/23 09:13:25.240, 3, 0, 10088
2026/05/23 09:13:40.331, 0, 100, 10490
2026/05/23 09:13:40.333, 1, 100, 10088
2026/05/23 09:13:40.334, 2, 100, 10088
2026/05/23 09:13:40.335, 3, 100, 10088
2026/05/23 09:13:55.511, 0, 11, 10490
2026/05/23 09:13:55.514, 1, 0, 10088
2026/05/23 09:13:55.515, 2, 0, 10088
2026/05/23 09:13:55.517, 3, 0, 10088
2026/05/23 09:14:10.773, 0, 8, 10490
2026/05/23 09:14:10.775, 1, 0, 10088
2026/05/23 09:14:10.777, 2, 0, 10088
2026/05/23 09:14:10.778, 3, 0, 10088
2026/05/23 09:14:25.861, 0, 9, 10490
2026/05/23 09:14:25.863, 1, 100, 10088
2026/05/23 09:14:25.865, 2, 0, 10088
2026/05/23 09:14:25.866, 3, 100, 10088
2026/05/23 09:14:40.950, 0, 9, 10490
2026/05/23 09:14:40.952, 1, 100, 10088
2026/05/23 09:14:40.953, 2, 0, 10088
2026/05/23 09:14:40.954, 3, 0, 10088
2026/05/23 09:14:56.343, 0, 0, 10490
2026/05/23 09:14:56.344, 1, 0, 10088
2026/05/23 09:14:56.345, 2, 0, 10088
2026/05/23 09:14:56.346, 3, 0, 10088
2026/05/23 09:15:11.442, 0, 12, 10490
2026/05/23 09:15:11.444, 1, 0, 10088
2026/05/23 09:15:11.445, 2, 0, 10088
2026/05/23 09:15:11.447, 3, 0, 10088
2026/05/23 09:15:26.534, 0, 100, 10490
2026/05/23 09:15:26.536, 1, 100, 10088
2026/05/23 09:15:26.537, 2, 100, 10088
2026/05/23 09:15:26.538, 3, 100, 10088
2026/05/23 09:15:41.621, 0, 2, 10490
2026/05/23 09:15:41.623, 1, 0, 10088
2026/05/23 09:15:41.625, 2, 22, 10088
2026/05/23 09:15:41.626, 3, 0, 10088
2026/05/23 09:15:56.910, 0, 0, 10490
2026/05/23 09:15:56.912, 1, 100, 10088
2026/05/23 09:15:56.913, 2, 0, 10088
2026/05/23 09:15:56.914, 3, 100, 10088
2026/05/23 09:16:12.050, 0, 100, 10490
2026/05/23 09:16:12.052, 1, 100, 10088
2026/05/23 09:16:12.053, 2, 100, 10088
2026/05/23 09:16:12.054, 3, 38, 10088
2026/05/23 09:16:27.137, 0, 3, 10490
2026/05/23 09:16:27.139, 1, 0, 10088
2026/05/23 09:16:27.141, 2, 0, 10088
2026/05/23 09:16:27.142, 3, 0, 10088
2026/05/23 09:16:42.226, 0, 9, 10490
2026/05/23 09:16:42.228, 1, 0, 10088
2026/05/23 09:16:42.230, 2, 0, 10088
2026/05/23 09:16:42.231, 3, 0, 10088
2026/05/23 09:16:57.580, 0, 100, 10490
2026/05/23 09:16:57.582, 1, 100, 10088
2026/05/23 09:16:57.583, 2, 96, 10088
2026/05/23 09:16:57.584, 3, 100, 10088
2026/05/23 09:17:12.669, 0, 100, 10490
2026/05/23 09:17:12.671, 1, 0, 10088
2026/05/23 09:17:12.673, 2, 100, 10088
2026/05/23 09:17:12.674, 3, 100, 10088
2026/05/23 09:17:27.774, 0, 11, 10490
2026/05/23 09:17:27.777, 1, 0, 10088
2026/05/23 09:17:27.778, 2, 0, 10088
2026/05/23 09:17:27.779, 3, 0, 10088
2026/05/23 09:17:42.883, 0, 9, 10490
2026/05/23 09:17:42.885, 1, 0, 10088
2026/05/23 09:17:42.886, 2, 0, 10088
2026/05/23 09:17:42.887, 3, 0, 10088
2026/05/23 09:17:58.110, 0, 100, 10490
2026/05/23 09:17:58.112, 1, 100, 10088
2026/05/23 09:17:58.113, 2, 100, 10088
2026/05/23 09:17:58.114, 3, 67, 10088
2026/05/23 09:18:13.207, 0, 0, 10490
2026/05/23 09:18:13.211, 1, 0, 10088
2026/05/23 09:18:13.213, 2, 0, 10088
2026/05/23 09:18:13.216, 3, 0, 10088
2026/05/23 09:18:28.333, 0, 6, 10490
2026/05/23 09:18:28.335, 1, 0, 10088
2026/05/23 09:18:28.336, 2, 0, 10088
2026/05/23 09:18:28.338, 3, 0, 10088
2026/05/23 09:18:43.438, 0, 2, 10490
2026/05/23 09:18:43.440, 1, 0, 10088
2026/05/23 09:18:43.441, 2, 0, 10088
2026/05/23 09:18:43.443, 3, 0, 10088
2026/05/23 09:18:58.585, 0, 3, 10490
2026/05/23 09:18:58.587, 1, 0, 10088
2026/05/23 09:18:58.589, 2, 0, 10088
2026/05/23 09:18:58.590, 3, 0, 10088
2026/05/23 09:19:13.682, 0, 100, 10490
2026/05/23 09:19:13.686, 1, 22, 10088
2026/05/23 09:19:13.689, 2, 100, 10088
2026/05/23 09:19:13.692, 3, 100, 10088
2026/05/23 09:19:28.800, 0, 10, 10490
2026/05/23 09:19:28.803, 1, 84, 10088
2026/05/23 09:19:28.806, 2, 100, 10088
2026/05/23 09:19:28.810, 3, 0, 10088
2026/05/23 09:19:43.922, 0, 14, 10490
2026/05/23 09:19:43.924, 1, 100, 10088
2026/05/23 09:19:43.925, 2, 53, 10088
2026/05/23 09:19:43.926, 3, 100, 10088
2026/05/23 09:19:59.261, 0, 0, 10490
2026/05/23 09:19:59.264, 1, 0, 10088
2026/05/23 09:19:59.265, 2, 0, 10088
2026/05/23 09:19:59.266, 3, 0, 10088
2026/05/23 09:20:14.513, 0, 9, 10490
2026/05/23 09:20:14.516, 1, 100, 10088
2026/05/23 09:20:14.519, 2, 0, 10088
2026/05/23 09:20:14.522, 3, 0, 10088
2026/05/23 09:20:29.617, 0, 100, 10490
2026/05/23 09:20:29.619, 1, 100, 10088
2026/05/23 09:20:29.621, 2, 100, 10088
2026/05/23 09:20:29.622, 3, 100, 10088
2026/05/23 09:20:44.725, 0, 100, 10490
2026/05/23 09:20:44.727, 1, 100, 10088
2026/05/23 09:20:44.729, 2, 0, 10088
2026/05/23 09:20:44.730, 3, 100, 10088
2026/05/23 09:20:59.914, 0, 13, 10490
2026/05/23 09:20:59.916, 1, 0, 10088
2026/05/23 09:20:59.917, 2, 0, 10088
2026/05/23 09:20:59.919, 3, 0, 10088
2026/05/23 09:21:15.210, 0, 6, 10490
2026/05/23 09:21:15.212, 1, 0, 10088
2026/05/23 09:21:15.214, 2, 0, 10088
2026/05/23 09:21:15.215, 3, 0, 10088
2026/05/23 09:21:30.297, 0, 100, 10490
2026/05/23 09:21:30.299, 1, 0, 10088
2026/05/23 09:21:30.301, 2, 100, 10088
2026/05/23 09:21:30.302, 3, 0, 10088
2026/05/23 09:21:45.378, 0, 8, 10490
2026/05/23 09:21:45.380, 1, 0, 10088
2026/05/23 09:21:45.382, 2, 0, 10088
2026/05/23 09:21:45.383, 3, 0, 10088
2026/05/23 09:22:00.465, 0, 4, 10490
2026/05/23 09:22:00.468, 1, 0, 10088
2026/05/23 09:22:00.469, 2, 0, 10088
2026/05/23 09:22:00.470, 3, 0, 10088
2026/05/23 09:22:15.630, 0, 13, 10490
2026/05/23 09:22:15.633, 1, 0, 10088
2026/05/23 09:22:15.634, 2, 0, 10088
2026/05/23 09:22:15.635, 3, 0, 10088
2026/05/23 09:22:30.721, 0, 8, 10490
2026/05/23 09:22:30.723, 1, 0, 10088
2026/05/23 09:22:30.724, 2, 0, 10088
2026/05/23 09:22:30.726, 3, 0, 10088
2026/05/23 09:22:45.857, 0, 4, 10490
2026/05/23 09:22:45.859, 1, 0, 10088
2026/05/23 09:22:45.860, 2, 0, 10088
2026/05/23 09:22:45.862, 3, 100, 10088
2026/05/23 09:23:01.027, 0, 76, 10490
2026/05/23 09:23:01.031, 1, 100, 10088
2026/05/23 09:23:01.033, 2, 100, 10088
2026/05/23 09:23:01.036, 3, 100, 10088
2026/05/23 09:23:16.709, 0, 9, 10490
2026/05/23 09:23:16.712, 1, 0, 10088
2026/05/23 09:23:16.713, 2, 0, 10088
2026/05/23 09:23:16.714, 3, 0, 10088
2026/05/23 09:23:31.797, 0, 13, 10490
2026/05/23 09:23:31.799, 1, 0, 10088
2026/05/23 09:23:31.801, 2, 0, 10088
2026/05/23 09:23:31.802, 3, 0, 10088
2026/05/23 09:23:46.901, 0, 100, 10490
2026/05/23 09:23:46.906, 1, 100, 10088
2026/05/23 09:23:46.909, 2, 100, 10088
2026/05/23 09:23:46.911, 3, 0, 10088
2026/05/23 09:24:02.078, 0, 100, 10490
2026/05/23 09:24:02.083, 1, 0, 10088
2026/05/23 09:24:02.086, 2, 100, 10088
2026/05/23 09:24:02.089, 3, 100, 10088
2026/05/23 09:24:17.323, 0, 7, 10490
2026/05/23 09:24:17.325, 1, 0, 10088
2026/05/23 09:24:17.326, 2, 0, 10088
2026/05/23 09:24:17.327, 3, 0, 10088
2026/05/23 09:24:32.430, 0, 13, 10490
2026/05/23 09:24:32.432, 1, 0, 10088
2026/05/23 09:24:32.433, 2, 0, 10088
2026/05/23 09:24:32.435, 3, 0, 10088
2026/05/23 09:24:47.586, 0, 69, 10490
2026/05/23 09:24:47.589, 1, 100, 10088
2026/05/23 09:24:47.592, 2, 57, 10088
2026/05/23 09:24:47.596, 3, 100, 10088
2026/05/23 09:25:02.694, 0, 7, 10490
2026/05/23 09:25:02.696, 1, 0, 10088
2026/05/23 09:25:02.697, 2, 0, 10088
2026/05/23 09:25:02.698, 3, 0, 10088
2026/05/23 09:25:18.335, 0, 100, 10490
2026/05/23 09:25:18.338, 1, 19, 10088
2026/05/23 09:25:18.341, 2, 100, 10088
2026/05/23 09:25:18.343, 3, 100, 10088
2026/05/23 09:25:33.469, 0, 12, 10490
2026/05/23 09:25:33.471, 1, 0, 10088
2026/05/23 09:25:33.473, 2, 0, 10088
2026/05/23 09:25:33.474, 3, 0, 10088
2026/05/23 09:25:48.557, 0, 8, 10490
2026/05/23 09:25:48.559, 1, 0, 10088
2026/05/23 09:25:48.561, 2, 0, 10088
2026/05/23 09:25:48.562, 3, 0, 10088
2026/05/23 09:26:03.646, 0, 8, 10490
2026/05/23 09:26:03.648, 1, 0, 10088
2026/05/23 09:26:03.650, 2, 0, 10088
2026/05/23 09:26:03.651, 3, 0, 10088
2026/05/23 09:26:18.725, 0, 3, 10490
2026/05/23 09:26:18.727, 1, 0, 10088
2026/05/23 09:26:18.728, 2, 0, 10088
2026/05/23 09:26:18.729, 3, 0, 10088
2026/05/23 09:26:33.829, 0, 89, 10490
2026/05/23 09:26:33.831, 1, 0, 10088
2026/05/23 09:26:33.955, 2, 0, 10088
2026/05/23 09:26:33.956, 3, 0, 10088
2026/05/23 09:26:49.054, 0, 13, 10490
2026/05/23 09:26:49.056, 1, 0, 10088
2026/05/23 09:26:49.058, 2, 0, 10088
2026/05/23 09:26:49.059, 3, 0, 10088
2026/05/23 09:27:04.199, 0, 100, 10490
2026/05/23 09:27:04.203, 1, 0, 10088
2026/05/23 09:27:04.206, 2, 100, 10088
2026/05/23 09:27:04.208, 3, 100, 10088
2026/05/23 09:27:19.323, 0, 100, 10490
2026/05/23 09:27:19.325, 1, 55, 10088
2026/05/23 09:27:19.326, 2, 100, 10088
2026/05/23 09:27:19.328, 3, 100, 10088
2026/05/23 09:27:34.413, 0, 9, 10490
2026/05/23 09:27:34.415, 1, 0, 10088
2026/05/23 09:27:34.417, 2, 0, 10088
2026/05/23 09:27:34.418, 3, 0, 10088
2026/05/23 09:27:49.562, 0, 6, 10490
2026/05/23 09:27:49.565, 1, 0, 10088
2026/05/23 09:27:49.566, 2, 0, 10088
2026/05/23 09:27:49.567, 3, 0, 10088
2026/05/23 09:28:05.044, 0, 0, 10490
2026/05/23 09:28:05.046, 1, 0, 10088
2026/05/23 09:28:05.047, 2, 0, 10088
2026/05/23 09:28:05.048, 3, 0, 10088
2026/05/23 09:28:20.155, 0, 9, 10490
2026/05/23 09:28:20.157, 1, 0, 10088
2026/05/23 09:28:20.158, 2, 0, 10088
2026/05/23 09:28:20.159, 3, 0, 10088
2026/05/23 09:28:35.281, 0, 100, 10490
2026/05/23 09:28:35.283, 1, 100, 10088
2026/05/23 09:28:35.285, 2, 100, 10088
2026/05/23 09:28:35.286, 3, 100, 10088
2026/05/23 09:28:50.369, 0, 12, 10490
2026/05/23 09:28:50.371, 1, 0, 10088
2026/05/23 09:28:50.373, 2, 99, 10088
2026/05/23 09:28:50.374, 3, 0, 10088
2026/05/23 09:29:05.478, 0, 8, 10490
2026/05/23 09:29:05.480, 1, 0, 10088
2026/05/23 09:29:05.482, 2, 0, 10088
2026/05/23 09:29:05.483, 3, 0, 10088
2026/05/23 09:29:20.565, 0, 0, 10490
2026/05/23 09:29:20.567, 1, 0, 10088
2026/05/23 09:29:20.569, 2, 0, 10088
2026/05/23 09:29:20.570, 3, 0, 10088
2026/05/23 09:29:35.799, 0, 1, 10490
2026/05/23 09:29:35.801, 1, 0, 10088
2026/05/23 09:29:35.803, 2, 0, 10088
2026/05/23 09:29:35.804, 3, 0, 10088
2026/05/23 09:29:51.281, 0, 11, 10490
2026/05/23 09:29:51.282, 1, 100, 10088
2026/05/23 09:29:51.283, 2, 100, 10088
2026/05/23 09:29:51.284, 3, 0, 10088
2026/05/23 09:30:06.390, 0, 100, 10490
2026/05/23 09:30:06.392, 1, 0, 10088
2026/05/23 09:30:06.393, 2, 100, 10088
2026/05/23 09:30:06.394, 3, 100, 10088
2026/05/23 09:30:21.494, 0, 12, 10490
2026/05/23 09:30:21.496, 1, 0, 10088
2026/05/23 09:30:21.497, 2, 0, 10088
2026/05/23 09:30:21.499, 3, 0, 10088
2026/05/23 09:30:36.631, 0, 8, 10490
2026/05/23 09:30:36.635, 1, 0, 10088
2026/05/23 09:30:36.638, 2, 0, 10088
2026/05/23 09:30:36.643, 3, 0, 10088
2026/05/23 09:30:51.798, 0, 9, 10490
2026/05/23 09:30:51.800, 1, 0, 10088
2026/05/23 09:30:51.802, 2, 0, 10088
2026/05/23 09:30:51.803, 3, 0, 10088
2026/05/23 09:31:06.885, 0, 0, 10490
2026/05/23 09:31:06.888, 1, 0, 10088
2026/05/23 09:31:06.889, 2, 0, 10088
2026/05/23 09:31:06.891, 3, 0, 10088
2026/05/23 09:31:22.158, 0, 4, 10490
2026/05/23 09:31:22.160, 1, 0, 10088
2026/05/23 09:31:22.161, 2, 0, 10088
2026/05/23 09:31:22.163, 3, 0, 10088
2026/05/23 09:31:37.290, 0, 0, 10490
2026/05/23 09:31:37.293, 1, 0, 10088
2026/05/23 09:31:37.295, 2, 0, 10088
2026/05/23 09:31:37.298, 3, 0, 10088
2026/05/23 09:31:52.590, 0, 100, 10490
2026/05/23 09:31:52.594, 1, 100, 10088
2026/05/23 09:31:52.598, 2, 100, 10088
2026/05/23 09:31:52.601, 3, 100, 10088
2026/05/23 09:32:07.748, 0, 10, 10490
2026/05/23 09:32:07.751, 1, 100, 10088
2026/05/23 09:32:07.753, 2, 0, 10088
2026/05/23 09:32:07.756, 3, 0, 10088
2026/05/23 09:32:22.952, 0, 100, 10490
2026/05/23 09:32:22.954, 1, 100, 10088
2026/05/23 09:32:22.956, 2, 100, 10088
2026/05/23 09:32:22.959, 3, 96, 10088
2026/05/23 09:32:38.048, 0, 13, 10490
2026/05/23 09:32:38.050, 1, 0, 10088
2026/05/23 09:32:38.051, 2, 0, 10088
2026/05/23 09:32:38.052, 3, 0, 10088
2026/05/23 09:32:53.454, 0, 100, 10490
2026/05/23 09:32:53.456, 1, 97, 10088
2026/05/23 09:32:53.458, 2, 100, 10088
2026/05/23 09:32:53.459, 3, 100, 10088
2026/05/23 09:33:08.705, 0, 6, 10490
2026/05/23 09:33:08.707, 1, 0, 10088
2026/05/23 09:33:08.708, 2, 0, 10088
2026/05/23 09:33:08.710, 3, 0, 10088
2026/05/23 09:33:23.793, 0, 8, 10490
2026/05/23 09:33:23.796, 1, 0, 10088
2026/05/23 09:33:23.797, 2, 100, 10088
2026/05/23 09:33:23.798, 3, 0, 10088
2026/05/23 09:33:38.917, 0, 6, 10490
2026/05/23 09:33:38.920, 1, 100, 10088
2026/05/23 09:33:38.922, 2, 100, 10088
2026/05/23 09:33:38.925, 3, 0, 10088
2026/05/23 09:33:54.034, 0, 13, 10490
2026/05/23 09:33:54.037, 1, 0, 10088
2026/05/23 09:33:54.038, 2, 0, 10088
2026/05/23 09:33:54.039, 3, 0, 10088
2026/05/23 09:34:09.132, 0, 4, 10490
2026/05/23 09:34:09.134, 1, 0, 10088
2026/05/23 09:34:09.135, 2, 0, 10088
2026/05/23 09:34:09.136, 3, 0, 10088
2026/05/23 09:34:24.237, 0, 10, 10490
2026/05/23 09:34:24.239, 1, 0, 10088
2026/05/23 09:34:24.241, 2, 0, 10088
2026/05/23 09:34:24.242, 3, 0, 10088
2026/05/23 09:34:39.429, 0, 100, 10490
2026/05/23 09:34:39.431, 1, 0, 10088
2026/05/23 09:34:39.432, 2, 100, 10088
2026/05/23 09:34:39.434, 3, 44, 10088
2026/05/23 09:34:54.518, 0, 8, 10490
2026/05/23 09:34:54.520, 1, 0, 10088
2026/05/23 09:34:54.521, 2, 0, 10088
2026/05/23 09:34:54.522, 3, 0, 10088
2026/05/23 09:35:09.643, 0, 9, 10490
2026/05/23 09:35:09.647, 1, 87, 10088
2026/05/23 09:35:09.651, 2, 0, 10088
2026/05/23 09:35:09.655, 3, 0, 10088
2026/05/23 09:35:24.749, 0, 4, 10490
2026/05/23 09:35:24.751, 1, 0, 10088
2026/05/23 09:35:24.753, 2, 0, 10088
2026/05/23 09:35:24.754, 3, 0, 10088
2026/05/23 09:35:39.910, 0, 9, 10490
2026/05/23 09:35:39.912, 1, 0, 10088
2026/05/23 09:35:39.913, 2, 0, 10088
2026/05/23 09:35:39.914, 3, 0, 10088
2026/05/23 09:35:55.032, 0, 100, 10490
2026/05/23 09:35:55.036, 1, 16, 10088
2026/05/23 09:35:55.039, 2, 100, 10088
2026/05/23 09:35:55.042, 3, 100, 10088
2026/05/23 09:36:10.207, 0, 13, 10490
2026/05/23 09:36:10.209, 1, 0, 10088
2026/05/23 09:36:10.211, 2, 0, 10088
2026/05/23 09:36:10.212, 3, 0, 10088
2026/05/23 09:36:25.297, 0, 9, 10490
2026/05/23 09:36:25.300, 1, 0, 10088
2026/05/23 09:36:25.301, 2, 0, 10088
2026/05/23 09:36:25.302, 3, 0, 10088
2026/05/23 09:36:40.551, 0, 3, 10490
2026/05/23 09:36:40.553, 1, 0, 10088
2026/05/23 09:36:40.554, 2, 0, 10088
2026/05/23 09:36:40.556, 3, 0, 10088
2026/05/23 09:36:55.641, 0, 9, 10490
2026/05/23 09:36:55.643, 1, 0, 10088
2026/05/23 09:36:55.645, 2, 0, 10088
2026/05/23 09:36:55.646, 3, 0, 10088
2026/05/23 09:37:10.799, 0, 9, 10490
2026/05/23 09:37:10.802, 1, 0, 10088
2026/05/23 09:37:10.805, 2, 0, 10088
2026/05/23 09:37:10.808, 3, 0, 10088
2026/05/23 09:37:25.965, 0, 17, 10490
2026/05/23 09:37:25.967, 1, 0, 10088
2026/05/23 09:37:25.968, 2, 0, 10088
2026/05/23 09:37:25.969, 3, 0, 10088
2026/05/23 09:37:41.053, 0, 0, 10490
2026/05/23 09:37:41.172, 1, 0, 10088
2026/05/23 09:37:41.173, 2, 0, 10088
2026/05/23 09:37:41.174, 3, 0, 10088
2026/05/23 09:37:56.273, 0, 8, 10490
2026/05/23 09:37:56.275, 1, 0, 10088
2026/05/23 09:37:56.277, 2, 0, 10088
2026/05/23 09:37:56.278, 3, 0, 10088
2026/05/23 09:38:11.378, 0, 4, 10490
2026/05/23 09:38:11.380, 1, 0, 10088
2026/05/23 09:38:11.381, 2, 0, 10088
2026/05/23 09:38:11.382, 3, 0, 10088
2026/05/23 09:38:26.482, 0, 13, 10490
2026/05/23 09:38:26.484, 1, 0, 10088
2026/05/23 09:38:26.485, 2, 0, 10088
2026/05/23 09:38:26.487, 3, 0, 10088
2026/05/23 09:38:41.678, 0, 8, 10490
2026/05/23 09:38:41.680, 1, 0, 10088
2026/05/23 09:38:41.681, 2, 0, 10088
2026/05/23 09:38:41.682, 3, 0, 10088
2026/05/23 09:38:56.765, 0, 100, 10490
2026/05/23 09:38:56.767, 1, 48, 10088
2026/05/23 09:38:56.769, 2, 100, 10088
2026/05/23 09:38:56.770, 3, 100, 10088
2026/05/23 09:39:11.853, 0, 9, 10490
2026/05/23 09:39:11.855, 1, 0, 10088
2026/05/23 09:39:11.856, 2, 0, 10088
2026/05/23 09:39:11.858, 3, 0, 10088
2026/05/23 09:39:26.985, 0, 100, 10490
2026/05/23 09:39:26.990, 1, 100, 10088
2026/05/23 09:39:26.992, 2, 100, 10088
2026/05/23 09:39:26.995, 3, 0, 10088
2026/05/23 09:39:42.306, 0, 0, 10490
2026/05/23 09:39:42.308, 1, 0, 10088
2026/05/23 09:39:42.310, 2, 0, 10088
2026/05/23 09:39:42.311, 3, 0, 10088
2026/05/23 09:39:57.435, 0, 100, 10490
2026/05/23 09:39:57.439, 1, 100, 10088
2026/05/23 09:39:57.442, 2, 63, 10088
2026/05/23 09:39:57.444, 3, 100, 10088
2026/05/23 09:40:12.541, 0, 9, 10490
2026/05/23 09:40:12.543, 1, 0, 10088
2026/05/23 09:40:12.544, 2, 0, 10088
2026/05/23 09:40:12.546, 3, 0, 10088
2026/05/23 09:40:27.658, 0, 9, 10490
2026/05/23 09:40:27.660, 1, 0, 10088
2026/05/23 09:40:27.663, 2, 0, 10088
2026/05/23 09:40:27.666, 3, 0, 10088
2026/05/23 09:40:42.767, 0, 4, 10490
2026/05/23 09:40:42.771, 1, 0, 10088
2026/05/23 09:40:42.774, 2, 0, 10088
2026/05/23 09:40:42.777, 3, 0, 10088
2026/05/23 09:40:57.898, 0, 13, 10490
2026/05/23 09:40:57.900, 1, 0, 10088
2026/05/23 09:40:57.901, 2, 0, 10088
2026/05/23 09:40:57.903, 3, 0, 10088
2026/05/23 09:41:13.002, 0, 8, 10490
2026/05/23 09:41:13.004, 1, 0, 10088
2026/05/23 09:41:13.005, 2, 0, 10088
2026/05/23 09:41:13.006, 3, 0, 10088
2026/05/23 09:41:28.106, 0, 0, 10490
2026/05/23 09:41:28.108, 1, 100, 10088
2026/05/23 09:41:28.109, 2, 0, 10088
2026/05/23 09:41:28.110, 3, 100, 10088
2026/05/23 09:41:43.193, 0, 8, 10490
2026/05/23 09:41:43.195, 1, 0, 10088
2026/05/23 09:41:43.197, 2, 0, 10088
2026/05/23 09:41:43.198, 3, 0, 10088
2026/05/23 09:41:58.302, 0, 13, 10490
2026/05/23 09:41:58.304, 1, 0, 10088
2026/05/23 09:41:58.305, 2, 0, 10088
2026/05/23 09:41:58.307, 3, 0, 10088
2026/05/23 09:42:13.628, 0, 5, 10490
2026/05/23 09:42:13.630, 1, 0, 10088
2026/05/23 09:42:13.631, 2, 0, 10088
2026/05/23 09:42:13.632, 3, 0, 10088
2026/05/23 09:42:28.991, 0, 9, 10490
2026/05/23 09:42:28.993, 1, 0, 10088
2026/05/23 09:42:28.994, 2, 0, 10088
2026/05/23 09:42:28.995, 3, 0, 10088
2026/05/23 09:42:44.082, 0, 100, 10490
2026/05/23 09:42:44.085, 1, 100, 10088
2026/05/23 09:42:44.089, 2, 100, 10088
2026/05/23 09:42:44.092, 3, 12, 10088
2026/05/23 09:42:59.181, 0, 6, 10490
2026/05/23 09:42:59.183, 1, 0, 10088
2026/05/23 09:42:59.184, 2, 0, 10088
2026/05/23 09:42:59.186, 3, 0, 10088
2026/05/23 09:43:14.294, 0, 12, 10490
2026/05/23 09:43:14.296, 1, 0, 10088
2026/05/23 09:43:14.297, 2, 0, 10088
2026/05/23 09:43:14.299, 3, 0, 10088
2026/05/23 09:43:29.406, 0, 9, 10490
2026/05/23 09:43:29.410, 1, 0, 10088
2026/05/23 09:43:29.414, 2, 0, 10088
2026/05/23 09:43:29.418, 3, 0, 10088
2026/05/23 09:43:44.526, 0, 7, 10490
2026/05/23 09:43:44.528, 1, 0, 10088
2026/05/23 09:43:44.529, 2, 0, 10088
2026/05/23 09:43:44.530, 3, 0, 10088
2026/05/23 09:43:59.693, 0, 4, 10490
2026/05/23 09:43:59.695, 1, 0, 10088
2026/05/23 09:43:59.697, 2, 0, 10088
2026/05/23 09:43:59.698, 3, 0, 10088
2026/05/23 09:44:14.822, 0, 100, 10490
2026/05/23 09:44:14.824, 1, 0, 10088
2026/05/23 09:44:14.826, 2, 100, 10088
2026/05/23 09:44:14.827, 3, 0, 10088
2026/05/23 09:44:30.021, 0, 10, 10490
2026/05/23 09:44:30.023, 1, 0, 10088
2026/05/23 09:44:30.024, 2, 0, 10088
2026/05/23 09:44:30.026, 3, 0, 10088
2026/05/23 09:44:45.215, 0, 100, 10490
2026/05/23 09:44:45.219, 1, 0, 10088
2026/05/23 09:44:45.222, 2, 0, 10088
2026/05/23 09:44:45.225, 3, 100, 10088
2026/05/23 09:45:00.345, 0, 10, 10490
2026/05/23 09:45:00.347, 1, 0, 10088
2026/05/23 09:45:00.349, 2, 0, 10088
2026/05/23 09:45:00.350, 3, 0, 10088
2026/05/23 09:45:15.485, 0, 0, 10490
2026/05/23 09:45:15.489, 1, 100, 10088
2026/05/23 09:45:15.536, 2, 0, 10088
2026/05/23 09:45:15.539, 3, 94, 10088
2026/05/23 09:45:30.721, 0, 13, 10490
2026/05/23 09:45:30.723, 1, 0, 10088
2026/05/23 09:45:30.725, 2, 0, 10088
2026/05/23 09:45:30.726, 3, 0, 10088
2026/05/23 09:45:45.818, 0, 100, 10490
2026/05/23 09:45:45.824, 1, 100, 10088
2026/05/23 09:45:45.827, 2, 0, 10088
2026/05/23 09:45:45.829, 3, 100, 10088
2026/05/23 09:46:00.921, 0, 9, 10490
2026/05/23 09:46:00.923, 1, 0, 10088
2026/05/23 09:46:00.925, 2, 0, 10088
2026/05/23 09:46:00.926, 3, 0, 10088
2026/05/23 09:46:16.009, 0, 6, 10490
2026/05/23 09:46:16.011, 1, 0, 10088
2026/05/23 09:46:16.013, 2, 0, 10088
2026/05/23 09:46:16.014, 3, 0, 10088
2026/05/23 09:46:31.246, 0, 44, 10490
2026/05/23 09:46:31.250, 1, 0, 10088
2026/05/23 09:46:31.253, 2, 0, 10088
2026/05/23 09:46:31.256, 3, 100, 10088
2026/05/23 09:46:46.674, 0, 13, 10490
2026/05/23 09:46:46.676, 1, 0, 10088
2026/05/23 09:46:46.677, 2, 0, 10088
2026/05/23 09:46:46.679, 3, 0, 10088
2026/05/23 09:47:01.805, 0, 100, 10490
2026/05/23 09:47:01.807, 1, 28, 10088
2026/05/23 09:47:01.809, 2, 100, 10088
2026/05/23 09:47:01.810, 3, 100, 10088
2026/05/23 09:47:16.893, 0, 0, 10490
2026/05/23 09:47:16.895, 1, 0, 10088
2026/05/23 09:47:16.897, 2, 0, 10088
2026/05/23 09:47:16.898, 3, 0, 10088
2026/05/23 09:47:32.233, 0, 3, 10490
2026/05/23 09:47:32.235, 1, 100, 10088
2026/05/23 09:47:32.236, 2, 79, 10088
2026/05/23 09:47:32.237, 3, 0, 10088
2026/05/23 09:47:47.334, 0, 11, 10490
2026/05/23 09:47:47.336, 1, 0, 10088
2026/05/23 09:47:47.338, 2, 0, 10088
2026/05/23 09:47:47.339, 3, 0, 10088
2026/05/23 09:48:02.425, 0, 8, 10490
2026/05/23 09:48:02.427, 1, 0, 10088
2026/05/23 09:48:02.429, 2, 0, 10088
2026/05/23 09:48:02.430, 3, 0, 10088
2026/05/23 09:48:17.572, 0, 6, 10490
2026/05/23 09:48:17.575, 1, 100, 10088
2026/05/23 09:48:17.579, 2, 0, 10088
2026/05/23 09:48:17.582, 3, 100, 10088
2026/05/23 09:48:32.745, 0, 100, 10490
2026/05/23 09:48:32.747, 1, 0, 10088
2026/05/23 09:48:32.749, 2, 100, 10088
2026/05/23 09:48:32.750, 3, 38, 10088
2026/05/23 09:48:47.833, 0, 9, 10490
2026/05/23 09:48:47.835, 1, 0, 10088
2026/05/23 09:48:47.837, 2, 0, 10088
2026/05/23 09:48:47.838, 3, 0, 10088
2026/05/23 09:49:02.957, 0, 13, 10490
2026/05/23 09:49:02.960, 1, 0, 10088
2026/05/23 09:49:02.961, 2, 0, 10088
2026/05/23 09:49:02.962, 3, 0, 10088
2026/05/23 09:49:18.067, 0, 100, 10490
2026/05/23 09:49:18.069, 1, 100, 10088
2026/05/23 09:49:18.070, 2, 100, 10088
2026/05/23 09:49:18.072, 3, 89, 10088
2026/05/23 09:49:33.185, 0, 2, 10490
2026/05/23 09:49:33.187, 1, 0, 10088
2026/05/23 09:49:33.189, 2, 0, 10088
2026/05/23 09:49:33.190, 3, 0, 10088
2026/05/23 09:49:48.282, 0, 100, 10490
2026/05/23 09:49:48.286, 1, 0, 10088
2026/05/23 09:49:48.288, 2, 47, 10088
2026/05/23 09:49:48.292, 3, 100, 10088
2026/05/23 09:50:03.406, 0, 19, 10490
2026/05/23 09:50:03.409, 1, 0, 10088
2026/05/23 09:50:03.410, 2, 0, 10088
2026/05/23 09:50:03.411, 3, 0, 10088
2026/05/23 09:50:18.542, 0, 78, 10490
2026/05/23 09:50:18.546, 1, 100, 10088
2026/05/23 09:50:18.548, 2, 0, 10088
2026/05/23 09:50:18.552, 3, 100, 10088
2026/05/23 09:50:33.809, 0, 100, 10490
2026/05/23 09:50:33.811, 1, 0, 10088
2026/05/23 09:50:33.813, 2, 100, 10088
2026/05/23 09:50:33.814, 3, 100, 10088
2026/05/23 09:50:48.897, 0, 9, 10490
2026/05/23 09:50:48.899, 1, 0, 10088
2026/05/23 09:50:48.900, 2, 0, 10088
2026/05/23 09:50:48.902, 3, 0, 10088
2026/05/23 09:51:04.002, 0, 100, 10490
2026/05/23 09:51:04.004, 1, 0, 10088
2026/05/23 09:51:04.005, 2, 0, 10088
2026/05/23 09:51:04.006, 3, 16, 10088
2026/05/23 09:51:19.166, 0, 100, 10490
2026/05/23 09:51:19.170, 1, 0, 10088
2026/05/23 09:51:19.175, 2, 100, 10088
2026/05/23 09:51:19.178, 3, 0, 10088
2026/05/23 09:51:34.335, 0, 1, 10490
2026/05/23 09:51:34.337, 1, 0, 10088
2026/05/23 09:51:34.338, 2, 0, 10088
2026/05/23 09:51:34.339, 3, 0, 10088
2026/05/23 09:51:49.648, 0, 8, 10490
2026/05/23 09:51:49.652, 1, 88, 10088
2026/05/23 09:51:49.655, 2, 0, 10088
2026/05/23 09:51:49.658, 3, 0, 10088
2026/05/23 09:52:04.895, 0, 100, 10490
2026/05/23 09:52:04.899, 1, 100, 10088
2026/05/23 09:52:04.902, 2, 0, 10088
2026/05/23 09:52:04.904, 3, 100, 10088
2026/05/23 09:52:20.018, 0, 12, 10490
2026/05/23 09:52:20.020, 1, 0, 10088
2026/05/23 09:52:20.022, 2, 0, 10088
2026/05/23 09:52:20.023, 3, 0, 10088
2026/05/23 09:52:35.105, 0, 9, 10490
2026/05/23 09:52:35.107, 1, 0, 10088
2026/05/23 09:52:35.109, 2, 0, 10088
2026/05/23 09:52:35.110, 3, 100, 10088
2026/05/23 09:52:50.468, 0, 19, 10490
2026/05/23 09:52:50.472, 1, 0, 10088
2026/05/23 09:52:50.476, 2, 0, 10088
2026/05/23 09:52:50.480, 3, 86, 10088
2026/05/23 09:53:05.573, 0, 100, 10490
2026/05/23 09:53:05.575, 1, 0, 10088
2026/05/23 09:53:05.577, 2, 100, 10088
2026/05/23 09:53:05.578, 3, 100, 10088
2026/05/23 09:53:20.685, 0, 100, 10490
2026/05/23 09:53:20.689, 1, 100, 10088
2026/05/23 09:53:20.692, 2, 0, 10088
2026/05/23 09:53:20.695, 3, 100, 10088
2026/05/23 09:53:35.789, 0, 10, 10490
2026/05/23 09:53:35.791, 1, 0, 10088
2026/05/23 09:53:35.793, 2, 0, 10088
2026/05/23 09:53:35.794, 3, 0, 10088
2026/05/23 09:53:51.232, 0, 1, 10490
2026/05/23 09:53:51.233, 1, 0, 10088
2026/05/23 09:53:51.234, 2, 0, 10088
2026/05/23 09:53:51.235, 3, 0, 10088
2026/05/23 09:54:06.328, 0, 100, 10490
2026/05/23 09:54:06.332, 1, 1, 10088
2026/05/23 09:54:06.334, 2, 100, 10088
2026/05/23 09:54:06.337, 3, 100, 10088
2026/05/23 09:54:21.483, 0, 100, 10490
2026/05/23 09:54:21.485, 1, 0, 10088
2026/05/23 09:54:21.487, 2, 100, 10088
2026/05/23 09:54:21.488, 3, 100, 10088
2026/05/23 09:54:36.590, 0, 13, 10490
2026/05/23 09:54:36.592, 1, 0, 10088
2026/05/23 09:54:36.594, 2, 0, 10088
2026/05/23 09:54:36.595, 3, 0, 10088
2026/05/23 09:54:51.751, 0, 8, 10490
2026/05/23 09:54:51.754, 1, 0, 10088
2026/05/23 09:54:51.755, 2, 0, 10088
2026/05/23 09:54:51.756, 3, 0, 10088
2026/05/23 09:55:06.841, 0, 0, 10490
2026/05/23 09:55:06.843, 1, 0, 10088
2026/05/23 09:55:06.845, 2, 0, 10088
2026/05/23 09:55:06.846, 3, 0, 10088
2026/05/23 09:55:21.929, 0, 100, 10490
2026/05/23 09:55:21.931, 1, 0, 10088
2026/05/23 09:55:21.933, 2, 100, 10088
2026/05/23 09:55:21.934, 3, 100, 10088
2026/05/23 09:55:37.077, 0, 7, 10490
2026/05/23 09:55:37.081, 1, 0, 10088
2026/05/23 09:55:37.084, 2, 100, 10088
2026/05/23 09:55:37.087, 3, 0, 10088
2026/05/23 09:55:52.238, 0, 8, 10490
2026/05/23 09:55:52.240, 1, 0, 10088
2026/05/23 09:55:52.242, 2, 0, 10088
2026/05/23 09:55:52.243, 3, 0, 10088
2026/05/23 09:56:07.329, 0, 8, 10490
2026/05/23 09:56:07.331, 1, 0, 10088
2026/05/23 09:56:07.333, 2, 0, 10088
2026/05/23 09:56:07.334, 3, 0, 10088
2026/05/23 09:56:22.450, 0, 9, 10490
2026/05/23 09:56:22.454, 1, 0, 10088
2026/05/23 09:56:22.458, 2, 0, 10088
2026/05/23 09:56:22.462, 3, 0, 10088
2026/05/23 09:56:37.557, 0, 9, 10490
2026/05/23 09:56:37.559, 1, 0, 10088
2026/05/23 09:56:37.561, 2, 0, 10088
2026/05/23 09:56:37.562, 3, 0, 10088
2026/05/23 09:56:52.734, 0, 0, 10490
2026/05/23 09:56:52.736, 1, 0, 10088
2026/05/23 09:56:52.738, 2, 36, 10088
2026/05/23 09:56:52.739, 3, 0, 10088
2026/05/23 09:57:07.902, 0, 9, 10490
2026/05/23 09:57:07.904, 1, 0, 10088
2026/05/23 09:57:07.906, 2, 0, 10088
2026/05/23 09:57:07.907, 3, 0, 10088
2026/05/23 09:57:23.067, 0, 9, 10490
2026/05/23 09:57:23.072, 1, 0, 10088
2026/05/23 09:57:23.074, 2, 100, 10088
2026/05/23 09:57:23.077, 3, 0, 10088
2026/05/23 09:57:38.173, 0, 10, 10490
2026/05/23 09:57:38.175, 1, 0, 10088
2026/05/23 09:57:38.177, 2, 0, 10088
2026/05/23 09:57:38.178, 3, 0, 10088
2026/05/23 09:57:53.497, 0, 28, 10490
2026/05/23 09:57:53.499, 1, 100, 10088
2026/05/23 09:57:53.500, 2, 100, 10088
2026/05/23 09:57:53.502, 3, 0, 10088
2026/05/23 09:58:08.596, 0, 15, 10490
2026/05/23 09:58:08.598, 1, 0, 10088
2026/05/23 09:58:08.599, 2, 0, 10088
2026/05/23 09:58:08.600, 3, 0, 10088
2026/05/23 09:58:23.682, 0, 9, 10490
2026/05/23 09:58:23.683, 1, 0, 10088
2026/05/23 09:58:23.685, 2, 0, 10088
2026/05/23 09:58:23.686, 3, 0, 10088
2026/05/23 09:58:38.828, 0, 100, 10490
2026/05/23 09:58:38.832, 1, 100, 10088
2026/05/23 09:58:38.835, 2, 100, 10088
2026/05/23 09:58:38.837, 3, 79, 10088
2026/05/23 09:58:54.021, 0, 9, 10490
2026/05/23 09:58:54.023, 1, 0, 10088
2026/05/23 09:58:54.024, 2, 0, 10088
2026/05/23 09:58:54.025, 3, 0, 10088
2026/05/23 09:59:09.105, 0, 4, 10490
2026/05/23 09:59:09.108, 1, 0, 10088
2026/05/23 09:59:09.109, 2, 0, 10088
2026/05/23 09:59:09.110, 3, 0, 10088
2026/05/23 09:59:24.193, 0, 9, 10490
2026/05/23 09:59:24.196, 1, 0, 10088
2026/05/23 09:59:24.197, 2, 0, 10088
2026/05/23 09:59:24.198, 3, 0, 10088
2026/05/23 09:59:39.298, 0, 9, 10490
2026/05/23 09:59:39.300, 1, 0, 10088
2026/05/23 09:59:39.301, 2, 0, 10088
2026/05/23 09:59:39.302, 3, 0, 10088
2026/05/23 09:59:54.447, 0, 6, 10490
2026/05/23 09:59:54.449, 1, 0, 10088
2026/05/23 09:59:54.451, 2, 0, 10088
2026/05/23 09:59:54.452, 3, 0, 10088
2026/05/23 10:00:09.567, 0, 38, 10490
2026/05/23 10:00:09.571, 1, 0, 10088
2026/05/23 10:00:09.574, 2, 0, 10088
2026/05/23 10:00:09.577, 3, 100, 10088
2026/05/23 10:00:24.694, 0, 13, 10490
2026/05/23 10:00:24.696, 1, 0, 10088
2026/05/23 10:00:24.698, 2, 0, 10088
2026/05/23 10:00:24.699, 3, 0, 10088
2026/05/23 10:00:39.806, 0, 100, 10490
2026/05/23 10:00:39.808, 1, 100, 10088
2026/05/23 10:00:39.809, 2, 100, 10088
2026/05/23 10:00:39.811, 3, 100, 10088
2026/05/23 10:00:54.927, 0, 79, 10490
2026/05/23 10:00:54.931, 1, 100, 10088
2026/05/23 10:00:54.934, 2, 100, 10088
2026/05/23 10:00:54.937, 3, 65, 10088
2026/05/23 10:01:10.034, 0, 5, 10490
2026/05/23 10:01:10.036, 1, 0, 10088
2026/05/23 10:01:10.037, 2, 0, 10088
2026/05/23 10:01:10.038, 3, 0, 10088
2026/05/23 10:01:25.177, 0, 1, 10490
2026/05/23 10:01:25.179, 1, 0, 10088
2026/05/23 10:01:25.181, 2, 0, 10088
2026/05/23 10:01:25.182, 3, 0, 10088
2026/05/23 10:01:40.282, 0, 13, 10490
2026/05/23 10:01:40.285, 1, 0, 10088
2026/05/23 10:01:40.286, 2, 0, 10088
2026/05/23 10:01:40.287, 3, 0, 10088
2026/05/23 10:01:55.361, 0, 100, 10490
2026/05/23 10:01:55.363, 1, 100, 10088
2026/05/23 10:01:55.364, 2, 100, 10088
2026/05/23 10:01:55.365, 3, 57, 10088
2026/05/23 10:02:10.477, 0, 100, 10490
2026/05/23 10:02:10.481, 1, 0, 10088
2026/05/23 10:02:10.484, 2, 100, 10088
2026/05/23 10:02:10.487, 3, 100, 10088
2026/05/23 10:02:25.619, 0, 7, 10490
2026/05/23 10:02:25.623, 1, 100, 10088
2026/05/23 10:02:25.626, 2, 0, 10088
2026/05/23 10:02:25.629, 3, 96, 10088
2026/05/23 10:02:40.729, 0, 1, 10490
2026/05/23 10:02:40.732, 1, 0, 10088
2026/05/23 10:02:40.733, 2, 0, 10088
2026/05/23 10:02:40.734, 3, 0, 10088
2026/05/23 10:02:56.250, 0, 0, 10490
2026/05/23 10:02:56.251, 1, 0, 10088
2026/05/23 10:02:56.252, 2, 0, 10088
2026/05/23 10:02:56.253, 3, 0, 10088
2026/05/23 10:03:11.341, 0, 100, 10490
2026/05/23 10:03:11.346, 1, 100, 10088
2026/05/23 10:03:11.348, 2, 100, 10088
2026/05/23 10:03:11.352, 3, 100, 10088
2026/05/23 10:03:26.445, 0, 9, 10490
2026/05/23 10:03:26.447, 1, 0, 10088
2026/05/23 10:03:26.449, 2, 0, 10088
2026/05/23 10:03:26.450, 3, 0, 10088
2026/05/23 10:03:41.542, 0, 10, 10490
2026/05/23 10:03:41.546, 1, 0, 10088
2026/05/23 10:03:41.550, 2, 0, 10088
2026/05/23 10:03:41.553, 3, 0, 10088
2026/05/23 10:03:56.693, 0, 9, 10490
2026/05/23 10:03:56.696, 1, 0, 10088
2026/05/23 10:03:56.697, 2, 0, 10088
2026/05/23 10:03:56.698, 3, 0, 10088
2026/05/23 10:04:11.791, 0, 8, 10490
2026/05/23 10:04:11.795, 1, 0, 10088
2026/05/23 10:04:11.799, 2, 0, 10088
2026/05/23 10:04:11.802, 3, 0, 10088
2026/05/23 10:04:26.897, 0, 9, 10490
2026/05/23 10:04:26.900, 1, 0, 10088
2026/05/23 10:04:26.901, 2, 0, 10088
2026/05/23 10:04:26.902, 3, 0, 10088
2026/05/23 10:04:42.090, 0, 100, 10490
2026/05/23 10:04:42.094, 1, 100, 10088
2026/05/23 10:04:42.097, 2, 100, 10088
2026/05/23 10:04:42.100, 3, 100, 10088
2026/05/23 10:04:57.214, 0, 7, 10490
2026/05/23 10:04:57.299, 1, 100, 10088
2026/05/23 10:04:57.300, 2, 0, 10088
2026/05/23 10:04:57.302, 3, 100, 10088
2026/05/23 10:05:12.402, 0, 9, 10490
2026/05/23 10:05:12.404, 1, 0, 10088
2026/05/23 10:05:12.405, 2, 0, 10088
2026/05/23 10:05:12.406, 3, 0, 10088
2026/05/23 10:05:27.490, 0, 2, 10490
2026/05/23 10:05:27.493, 1, 100, 10088
2026/05/23 10:05:27.494, 2, 100, 10088
2026/05/23 10:05:27.495, 3, 0, 10088
2026/05/23 10:05:42.594, 0, 9, 10490
2026/05/23 10:05:42.597, 1, 64, 10088
2026/05/23 10:05:42.598, 2, 0, 10088
2026/05/23 10:05:42.599, 3, 0, 10088
2026/05/23 10:05:57.788, 0, 100, 10490
2026/05/23 10:05:57.793, 1, 100, 10088
2026/05/23 10:05:57.795, 2, 100, 10088
2026/05/23 10:05:57.799, 3, 100, 10088
2026/05/23 10:06:12.910, 0, 13, 10490
2026/05/23 10:06:12.912, 1, 0, 10088
2026/05/23 10:06:12.913, 2, 0, 10088
2026/05/23 10:06:12.915, 3, 0, 10088
2026/05/23 10:06:28.062, 0, 9, 10490
2026/05/23 10:06:28.065, 1, 0, 10088
2026/05/23 10:06:28.069, 2, 100, 10088
2026/05/23 10:06:28.072, 3, 0, 10088
2026/05/23 10:06:43.165, 0, 100, 10490
2026/05/23 10:06:43.167, 1, 0, 10088
2026/05/23 10:06:43.168, 2, 0, 10088
2026/05/23 10:06:43.170, 3, 80, 10088
2026/05/23 10:06:58.253, 0, 0, 10490
2026/05/23 10:06:58.255, 1, 100, 10088
2026/05/23 10:06:58.256, 2, 0, 10088
2026/05/23 10:06:58.258, 3, 100, 10088
2026/05/23 10:07:13.341, 0, 9, 10490
2026/05/23 10:07:13.343, 1, 0, 10088
2026/05/23 10:07:13.345, 2, 0, 10088
2026/05/23 10:07:13.346, 3, 0, 10088
2026/05/23 10:07:28.446, 0, 13, 10490
2026/05/23 10:07:28.448, 1, 0, 10088
2026/05/23 10:07:28.450, 2, 0, 10088
2026/05/23 10:07:28.451, 3, 0, 10088
2026/05/23 10:07:43.607, 0, 7, 10490
2026/05/23 10:07:43.610, 1, 0, 10088
2026/05/23 10:07:43.612, 2, 0, 10088
2026/05/23 10:07:43.614, 3, 68, 10088
2026/05/23 10:07:58.734, 0, 100, 10490
2026/05/23 10:07:58.738, 1, 100, 10088
2026/05/23 10:07:58.741, 2, 0, 10088
2026/05/23 10:07:58.744, 3, 100, 10088
2026/05/23 10:08:13.845, 0, 7, 10490
2026/05/23 10:08:13.849, 1, 100, 10088
2026/05/23 10:08:13.852, 2, 0, 10088
2026/05/23 10:08:13.855, 3, 83, 10088
2026/05/23 10:08:28.958, 0, 100, 10490
2026/05/23 10:08:28.962, 1, 78, 10088
2026/05/23 10:08:28.965, 2, 100, 10088
2026/05/23 10:08:28.967, 3, 100, 10088
2026/05/23 10:08:44.066, 0, 13, 10490
2026/05/23 10:08:44.068, 1, 0, 10088
2026/05/23 10:08:44.069, 2, 0, 10088
2026/05/23 10:08:44.070, 3, 0, 10088
2026/05/23 10:08:59.170, 0, 0, 10490
2026/05/23 10:08:59.172, 1, 0, 10088
2026/05/23 10:08:59.173, 2, 0, 10088
2026/05/23 10:08:59.174, 3, 0, 10088
2026/05/23 10:09:14.321, 0, 9, 10490
2026/05/23 10:09:14.323, 1, 0, 10088
2026/05/23 10:09:14.325, 2, 0, 10088
2026/05/23 10:09:14.326, 3, 0, 10088
2026/05/23 10:09:29.633, 0, 100, 10490
2026/05/23 10:09:29.638, 1, 100, 10088
2026/05/23 10:09:29.641, 2, 100, 10088
2026/05/23 10:09:29.644, 3, 100, 10088
2026/05/23 10:09:44.758, 0, 13, 10490
2026/05/23 10:09:44.761, 1, 0, 10088
2026/05/23 10:09:44.762, 2, 0, 10088
2026/05/23 10:09:44.763, 3, 0, 10088
2026/05/23 10:09:59.856, 0, 9, 10490
2026/05/23 10:09:59.860, 1, 100, 10088
2026/05/23 10:09:59.863, 2, 0, 10088
2026/05/23 10:09:59.867, 3, 97, 10088
2026/05/23 10:10:14.970, 0, 9, 10490
2026/05/23 10:10:14.974, 1, 78, 10088
2026/05/23 10:10:14.978, 2, 0, 10088
2026/05/23 10:10:14.981, 3, 0, 10088
2026/05/23 10:10:30.073, 0, 1, 10490
2026/05/23 10:10:30.075, 1, 0, 10088
2026/05/23 10:10:30.077, 2, 0, 10088
2026/05/23 10:10:30.078, 3, 0, 10088
2026/05/23 10:10:45.250, 0, 1, 10490
2026/05/23 10:10:45.252, 1, 0, 10088
2026/05/23 10:10:45.253, 2, 0, 10088
2026/05/23 10:10:45.254, 3, 0, 10088
2026/05/23 10:11:00.561, 0, 15, 10490
2026/05/23 10:11:00.563, 1, 0, 10088
2026/05/23 10:11:00.564, 2, 0, 10088
2026/05/23 10:11:00.566, 3, 0, 10088
2026/05/23 10:11:15.757, 0, 2, 10490
2026/05/23 10:11:15.759, 1, 0, 10088
2026/05/23 10:11:15.760, 2, 100, 10088
2026/05/23 10:11:15.762, 3, 0, 10088
2026/05/23 10:11:30.902, 0, 100, 10490
2026/05/23 10:11:30.904, 1, 100, 10088
2026/05/23 10:11:30.905, 2, 100, 10088
2026/05/23 10:11:30.906, 3, 100, 10088
2026/05/23 10:11:46.045, 0, 100, 10490
2026/05/23 10:11:46.047, 1, 100, 10088
2026/05/23 10:11:46.048, 2, 95, 10088
2026/05/23 10:11:46.050, 3, 100, 10088
2026/05/23 10:12:01.134, 0, 3, 10490
2026/05/23 10:12:01.136, 1, 0, 10088
2026/05/23 10:12:01.137, 2, 0, 10088
2026/05/23 10:12:01.138, 3, 0, 10088
2026/05/23 10:12:16.221, 0, 10, 10490
2026/05/23 10:12:16.224, 1, 0, 10088
2026/05/23 10:12:16.225, 2, 0, 10088
2026/05/23 10:12:16.226, 3, 0, 10088
2026/05/23 10:12:31.401, 0, 4, 10490
2026/05/23 10:12:31.403, 1, 0, 10088
2026/05/23 10:12:31.404, 2, 0, 10088
2026/05/23 10:12:31.406, 3, 0, 10088
2026/05/23 10:12:46.798, 0, 100, 10490
2026/05/23 10:12:46.800, 1, 100, 10088
2026/05/23 10:12:46.802, 2, 100, 10088
2026/05/23 10:12:46.805, 3, 100, 10088
2026/05/23 10:13:01.894, 0, 100, 10490
2026/05/23 10:13:01.896, 1, 100, 10088
2026/05/23 10:13:01.898, 2, 100, 10088
2026/05/23 10:13:01.899, 3, 100, 10088
2026/05/23 10:13:16.970, 0, 12, 10490
2026/05/23 10:13:16.972, 1, 0, 10088
2026/05/23 10:13:16.973, 2, 0, 10088
2026/05/23 10:13:16.974, 3, 0, 10088
2026/05/23 10:13:32.091, 0, 9, 10490
2026/05/23 10:13:32.095, 1, 98, 10088
2026/05/23 10:13:32.098, 2, 0, 10088
2026/05/23 10:13:32.101, 3, 0, 10088
2026/05/23 10:13:47.285, 0, 100, 10490
2026/05/23 10:13:47.289, 1, 0, 10088
2026/05/23 10:13:47.292, 2, 100, 10088
2026/05/23 10:13:47.296, 3, 0, 10088
2026/05/23 10:14:02.713, 0, 23, 10490
2026/05/23 10:14:02.717, 1, 100, 10088
2026/05/23 10:14:02.719, 2, 100, 10088
2026/05/23 10:14:02.722, 3, 79, 10088
2026/05/23 10:14:17.984, 0, 100, 10490
2026/05/23 10:14:17.985, 1, 100, 10088
2026/05/23 10:14:17.986, 2, 100, 10088
2026/05/23 10:14:17.987, 3, 100, 10088
2026/05/23 10:14:33.105, 0, 13, 10490
2026/05/23 10:14:33.114, 1, 0, 10088
2026/05/23 10:14:33.116, 2, 0, 10088
2026/05/23 10:14:33.117, 3, 0, 10088
2026/05/23 10:14:48.201, 0, 7, 10490
2026/05/23 10:14:48.203, 1, 0, 10088
2026/05/23 10:14:48.205, 2, 0, 10088
2026/05/23 10:14:48.206, 3, 0, 10088
2026/05/23 10:15:03.306, 0, 9, 10490
2026/05/23 10:15:03.308, 1, 0, 10088
2026/05/23 10:15:03.310, 2, 0, 10088
2026/05/23 10:15:03.311, 3, 0, 10088
2026/05/23 10:15:18.397, 0, 9, 10490
2026/05/23 10:15:18.399, 1, 0, 10088
2026/05/23 10:15:18.401, 2, 0, 10088
2026/05/23 10:15:18.402, 3, 0, 10088
2026/05/23 10:15:33.771, 0, 7, 10490
2026/05/23 10:15:33.773, 1, 0, 10088
2026/05/23 10:15:33.774, 2, 0, 10088
2026/05/23 10:15:33.775, 3, 0, 10088
2026/05/23 10:15:48.914, 0, 0, 10490
2026/05/23 10:15:48.916, 1, 0, 10088
2026/05/23 10:15:48.917, 2, 0, 10088
2026/05/23 10:15:48.919, 3, 0, 10088
2026/05/23 10:16:04.001, 0, 100, 10490
2026/05/23 10:16:04.003, 1, 0, 10088
2026/05/23 10:16:04.005, 2, 100, 10088
2026/05/23 10:16:04.006, 3, 100, 10088
2026/05/23 10:16:19.086, 0, 100, 10490
2026/05/23 10:16:19.088, 1, 0, 10088
2026/05/23 10:16:19.089, 2, 100, 10088
2026/05/23 10:16:19.090, 3, 100, 10088
2026/05/23 10:16:34.173, 0, 5, 10490
2026/05/23 10:16:34.175, 1, 0, 10088
2026/05/23 10:16:34.177, 2, 0, 10088
2026/05/23 10:16:34.178, 3, 0, 10088
2026/05/23 10:16:49.278, 0, 14, 10490
2026/05/23 10:16:49.280, 1, 0, 10088
2026/05/23 10:16:49.281, 2, 0, 10088
2026/05/23 10:16:49.283, 3, 0, 10088
2026/05/23 10:17:04.462, 0, 0, 10490
2026/05/23 10:17:04.464, 1, 100, 10088
2026/05/23 10:17:04.465, 2, 0, 10088
2026/05/23 10:17:04.466, 3, 0, 10088
2026/05/23 10:17:19.549, 0, 9, 10490
2026/05/23 10:17:19.551, 1, 0, 10088
2026/05/23 10:17:19.553, 2, 0, 10088
2026/05/23 10:17:19.554, 3, 0, 10088
2026/05/23 10:17:34.703, 0, 8, 10490
2026/05/23 10:17:34.705, 1, 0, 10088
2026/05/23 10:17:34.706, 2, 0, 10088
2026/05/23 10:17:34.707, 3, 0, 10088
2026/05/23 10:17:49.809, 0, 1, 10490
2026/05/23 10:17:49.811, 1, 0, 10088
2026/05/23 10:17:49.812, 2, 0, 10088
2026/05/23 10:17:49.814, 3, 0, 10088
2026/05/23 10:18:05.139, 0, 9, 10490
2026/05/23 10:18:05.142, 1, 0, 10088
2026/05/23 10:18:05.143, 2, 0, 10088
2026/05/23 10:18:05.145, 3, 0, 10088
2026/05/23 10:18:20.234, 0, 9, 10490
2026/05/23 10:18:20.237, 1, 100, 10088
2026/05/23 10:18:20.240, 2, 100, 10088
2026/05/23 10:18:20.243, 3, 0, 10088
2026/05/23 10:18:35.337, 0, 9, 10490
2026/05/23 10:18:35.339, 1, 0, 10088
2026/05/23 10:18:35.341, 2, 0, 10088
2026/05/23 10:18:35.342, 3, 0, 10088
2026/05/23 10:18:50.425, 0, 9, 10490
2026/05/23 10:18:50.427, 1, 0, 10088
2026/05/23 10:18:50.429, 2, 0, 10088
2026/05/23 10:18:50.430, 3, 0, 10088
2026/05/23 10:19:05.743, 0, 6, 10490
2026/05/23 10:19:05.745, 1, 0, 10088
2026/05/23 10:19:05.746, 2, 0, 10088
2026/05/23 10:19:05.747, 3, 0, 10088
2026/05/23 10:19:20.833, 0, 9, 10490
2026/05/23 10:19:20.835, 1, 0, 10088
2026/05/23 10:19:20.837, 2, 0, 10088
2026/05/23 10:19:20.838, 3, 0, 10088
2026/05/23 10:19:35.985, 0, 9, 10490
2026/05/23 10:19:35.989, 1, 0, 10088
2026/05/23 10:19:35.992, 2, 0, 10088
2026/05/23 10:19:35.995, 3, 0, 10088
2026/05/23 10:19:51.133, 0, 100, 10490
2026/05/23 10:19:51.136, 1, 100, 10088
2026/05/23 10:19:51.140, 2, 100, 10088
2026/05/23 10:19:51.142, 3, 100, 10088
2026/05/23 10:20:06.449, 0, 0, 10490
2026/05/23 10:20:06.452, 1, 100, 10088
2026/05/23 10:20:06.455, 2, 81, 10088
2026/05/23 10:20:06.458, 3, 0, 10088
2026/05/23 10:20:21.786, 0, 6, 10490
2026/05/23 10:20:21.788, 1, 0, 10088
2026/05/23 10:20:21.790, 2, 0, 10088
2026/05/23 10:20:21.791, 3, 0, 10088
2026/05/23 10:20:36.903, 0, 100, 10490
2026/05/23 10:20:36.945, 1, 66, 10088
2026/05/23 10:20:36.949, 2, 100, 10088
2026/05/23 10:20:36.952, 3, 100, 10088
2026/05/23 10:20:52.050, 0, 9, 10490
2026/05/23 10:20:52.052, 1, 0, 10088
2026/05/23 10:20:52.054, 2, 0, 10088
2026/05/23 10:20:52.055, 3, 0, 10088
2026/05/23 10:21:07.216, 0, 0, 10490
2026/05/23 10:21:07.218, 1, 0, 10088
2026/05/23 10:21:07.219, 2, 0, 10088
2026/05/23 10:21:07.220, 3, 0, 10088
2026/05/23 10:21:22.343, 0, 100, 10490
2026/05/23 10:21:22.347, 1, 0, 10088
2026/05/23 10:21:22.350, 2, 100, 10088
2026/05/23 10:21:22.353, 3, 0, 10088
2026/05/23 10:21:37.463, 0, 2, 10490
2026/05/23 10:21:37.466, 1, 0, 10088
2026/05/23 10:21:37.467, 2, 0, 10088
2026/05/23 10:21:37.468, 3, 0, 10088
2026/05/23 10:21:52.570, 0, 8, 10490
2026/05/23 10:21:52.572, 1, 0, 10088
2026/05/23 10:21:52.573, 2, 0, 10088
2026/05/23 10:21:52.574, 3, 0, 10088
2026/05/23 10:22:07.762, 0, 6, 10490
2026/05/23 10:22:07.764, 1, 0, 10088
2026/05/23 10:22:07.765, 2, 0, 10088
2026/05/23 10:22:07.766, 3, 0, 10088
2026/05/23 10:22:22.898, 0, 9, 10490
2026/05/23 10:22:22.900, 1, 0, 10088
2026/05/23 10:22:22.901, 2, 0, 10088
2026/05/23 10:22:22.903, 3, 0, 10088
2026/05/23 10:22:38.098, 0, 100, 10490
2026/05/23 10:22:38.100, 1, 0, 10088
2026/05/23 10:22:38.101, 2, 100, 10088
2026/05/23 10:22:38.102, 3, 100, 10088
2026/05/23 10:22:53.186, 0, 9, 10490
2026/05/23 10:22:53.188, 1, 0, 10088
2026/05/23 10:22:53.190, 2, 0, 10088
2026/05/23 10:22:53.191, 3, 0, 10088
2026/05/23 10:23:08.294, 0, 9, 10490
2026/05/23 10:23:08.296, 1, 0, 10088
2026/05/23 10:23:08.298, 2, 0, 10088
2026/05/23 10:23:08.299, 3, 0, 10088
2026/05/23 10:23:23.479, 0, 5, 10490
2026/05/23 10:23:23.481, 1, 100, 10088
2026/05/23 10:23:23.483, 2, 0, 10088
2026/05/23 10:23:23.484, 3, 0, 10088
2026/05/23 10:23:38.980, 0, 100, 10490
2026/05/23 10:23:38.983, 1, 100, 10088
2026/05/23 10:23:38.987, 2, 74, 10088
2026/05/23 10:23:38.990, 3, 100, 10088
2026/05/23 10:23:54.122, 0, 13, 10490
2026/05/23 10:23:54.124, 1, 0, 10088
2026/05/23 10:23:54.125, 2, 0, 10088
2026/05/23 10:23:54.127, 3, 0, 10088
2026/05/23 10:24:09.252, 0, 9, 10490
2026/05/23 10:24:09.255, 1, 51, 10088
2026/05/23 10:24:09.258, 2, 100, 10088
2026/05/23 10:24:09.260, 3, 0, 10088
2026/05/23 10:24:24.353, 0, 8, 10490
2026/05/23 10:24:24.355, 1, 0, 10088
2026/05/23 10:24:24.357, 2, 0, 10088
2026/05/23 10:24:24.358, 3, 0, 10088
2026/05/23 10:24:39.525, 0, 5, 10490
2026/05/23 10:24:39.527, 1, 0, 10088
2026/05/23 10:24:39.529, 2, 0, 10088
2026/05/23 10:24:39.530, 3, 0, 10088
2026/05/23 10:24:54.762, 0, 5, 10490
2026/05/23 10:24:54.764, 1, 0, 10088
2026/05/23 10:24:54.765, 2, 19, 10088
2026/05/23 10:24:54.766, 3, 0, 10088
2026/05/23 10:25:09.867, 0, 14, 10490
2026/05/23 10:25:09.869, 1, 0, 10088
2026/05/23 10:25:09.870, 2, 0, 10088
2026/05/23 10:25:09.871, 3, 0, 10088
2026/05/23 10:25:24.957, 0, 0, 10490
2026/05/23 10:25:24.959, 1, 0, 10088
2026/05/23 10:25:24.961, 2, 0, 10088
2026/05/23 10:25:24.962, 3, 0, 10088
2026/05/23 10:25:40.171, 0, 3, 10490
2026/05/23 10:25:40.173, 1, 0, 10088
2026/05/23 10:25:40.174, 2, 0, 10088
2026/05/23 10:25:40.175, 3, 0, 10088
2026/05/23 10:25:55.274, 0, 100, 10490
2026/05/23 10:25:55.276, 1, 34, 10088
2026/05/23 10:25:55.277, 2, 0, 10088
2026/05/23 10:25:55.278, 3, 100, 10088
2026/05/23 10:26:10.361, 0, 8, 10490
2026/05/23 10:26:10.363, 1, 0, 10088
2026/05/23 10:26:10.365, 2, 0, 10088
2026/05/23 10:26:10.366, 3, 0, 10088
2026/05/23 10:26:25.470, 0, 13, 10490
2026/05/23 10:26:25.472, 1, 0, 10088
2026/05/23 10:26:25.473, 2, 0, 10088
2026/05/23 10:26:25.474, 3, 0, 10088
2026/05/23 10:26:40.551, 0, 8, 10490
2026/05/23 10:26:40.553, 1, 0, 10088
2026/05/23 10:26:40.554, 2, 0, 10088
2026/05/23 10:26:40.555, 3, 0, 10088
2026/05/23 10:26:55.761, 0, 1, 10490
2026/05/23 10:26:55.763, 1, 0, 10088
2026/05/23 10:26:55.764, 2, 0, 10088
2026/05/23 10:26:55.765, 3, 0, 10088
2026/05/23 10:27:11.037, 0, 3, 10490
2026/05/23 10:27:11.039, 1, 0, 10088
2026/05/23 10:27:11.040, 2, 0, 10088
2026/05/23 10:27:11.042, 3, 0, 10088
2026/05/23 10:27:26.162, 0, 12, 10490
2026/05/23 10:27:26.164, 1, 0, 10088
2026/05/23 10:27:26.165, 2, 0, 10088
2026/05/23 10:27:26.167, 3, 0, 10088
2026/05/23 10:27:41.250, 0, 9, 10490
2026/05/23 10:27:41.252, 1, 0, 10088
2026/05/23 10:27:41.253, 2, 0, 10088
2026/05/23 10:27:41.254, 3, 0, 10088
2026/05/23 10:27:56.365, 0, 8, 10490
2026/05/23 10:27:56.369, 1, 100, 10088
2026/05/23 10:27:56.372, 2, 100, 10088
2026/05/23 10:27:56.374, 3, 0, 10088
2026/05/23 10:28:11.465, 0, 9, 10490
2026/05/23 10:28:11.468, 1, 0, 10088
2026/05/23 10:28:11.469, 2, 0, 10088
2026/05/23 10:28:11.470, 3, 0, 10088
2026/05/23 10:28:26.633, 0, 4, 10490
2026/05/23 10:28:26.635, 1, 0, 10088
2026/05/23 10:28:26.637, 2, 0, 10088
2026/05/23 10:28:26.638, 3, 0, 10088
2026/05/23 10:28:41.909, 0, 7, 10490
2026/05/23 10:28:41.911, 1, 0, 10088
2026/05/23 10:28:41.913, 2, 0, 10088
2026/05/23 10:28:41.914, 3, 0, 10088
2026/05/23 10:28:57.005, 0, 100, 10490
2026/05/23 10:28:57.009, 1, 100, 10088
2026/05/23 10:28:57.013, 2, 100, 10088
2026/05/23 10:28:57.016, 3, 100, 10088
2026/05/23 10:29:12.109, 0, 8, 10490
2026/05/23 10:29:12.111, 1, 0, 10088
2026/05/23 10:29:12.112, 2, 0, 10088
2026/05/23 10:29:12.114, 3, 0, 10088
2026/05/23 10:29:27.197, 0, 100, 10490
2026/05/23 10:29:27.199, 1, 100, 10088
2026/05/23 10:29:27.201, 2, 100, 10088
2026/05/23 10:29:27.202, 3, 100, 10088
2026/05/23 10:29:42.607, 0, 100, 10490
2026/05/23 10:29:42.608, 1, 100, 10088
2026/05/23 10:29:42.610, 2, 100, 10088
2026/05/23 10:29:42.611, 3, 100, 10088
2026/05/23 10:29:57.834, 0, 11, 10490
2026/05/23 10:29:57.836, 1, 0, 10088
2026/05/23 10:29:57.837, 2, 0, 10088
2026/05/23 10:29:57.839, 3, 0, 10088
2026/05/23 10:30:13.023, 0, 10, 10490
2026/05/23 10:30:13.027, 1, 100, 10088
2026/05/23 10:30:13.030, 2, 0, 10088
2026/05/23 10:30:13.033, 3, 0, 10088
2026/05/23 10:30:28.170, 0, 100, 10490
2026/05/23 10:30:28.172, 1, 100, 10088
2026/05/23 10:30:28.174, 2, 100, 10088
2026/05/23 10:30:28.175, 3, 100, 10088
2026/05/23 10:30:43.267, 0, 9, 10490
2026/05/23 10:30:43.271, 1, 100, 10088
2026/05/23 10:30:43.276, 2, 62, 10088
2026/05/23 10:30:43.440, 3, 0, 10088
2026/05/23 10:30:58.529, 0, 9, 10490
2026/05/23 10:30:58.531, 1, 0, 10088
2026/05/23 10:30:58.533, 2, 0, 10088
2026/05/23 10:30:58.534, 3, 0, 10088
2026/05/23 10:31:13.634, 0, 12, 10490
2026/05/23 10:31:13.636, 1, 0, 10088
2026/05/23 10:31:13.637, 2, 0, 10088
2026/05/23 10:31:13.639, 3, 0, 10088
2026/05/23 10:31:28.761, 0, 0, 10490
2026/05/23 10:31:28.765, 1, 0, 10088
2026/05/23 10:31:28.768, 2, 0, 10088
2026/05/23 10:31:28.771, 3, 22, 10088
2026/05/23 10:31:44.050, 0, 100, 10490
2026/05/23 10:31:44.052, 1, 0, 10088
2026/05/23 10:31:44.053, 2, 100, 10088
2026/05/23 10:31:44.054, 3, 100, 10088
2026/05/23 10:31:59.134, 0, 100, 10490
2026/05/23 10:31:59.136, 1, 0, 10088
2026/05/23 10:31:59.137, 2, 100, 10088
2026/05/23 10:31:59.138, 3, 0, 10088
2026/05/23 10:32:14.310, 0, 100, 10490
2026/05/23 10:32:14.315, 1, 100, 10088
2026/05/23 10:32:14.318, 2, 65, 10088
2026/05/23 10:32:14.321, 3, 100, 10088
2026/05/23 10:32:29.430, 0, 13, 10490
2026/05/23 10:32:29.432, 1, 0, 10088
2026/05/23 10:32:29.434, 2, 0, 10088
2026/05/23 10:32:29.435, 3, 0, 10088
2026/05/23 10:32:44.542, 0, 100, 10490
2026/05/23 10:32:44.547, 1, 100, 10088
2026/05/23 10:32:44.550, 2, 87, 10088
2026/05/23 10:32:44.553, 3, 100, 10088
2026/05/23 10:32:59.645, 0, 8, 10490
2026/05/23 10:32:59.647, 1, 0, 10088
2026/05/23 10:32:59.649, 2, 0, 10088
2026/05/23 10:32:59.650, 3, 0, 10088
2026/05/23 10:33:14.764, 0, 9, 10490
2026/05/23 10:33:14.770, 1, 0, 10088
2026/05/23 10:33:14.773, 2, 0, 10088
2026/05/23 10:33:14.776, 3, 0, 10088
2026/05/23 10:33:29.879, 0, 100, 10490
2026/05/23 10:33:29.883, 1, 90, 10088
2026/05/23 10:33:29.886, 2, 100, 10088
2026/05/23 10:33:29.890, 3, 100, 10088
2026/05/23 10:33:45.219, 0, 7, 10490
2026/05/23 10:33:45.221, 1, 0, 10088
2026/05/23 10:33:45.222, 2, 0, 10088
2026/05/23 10:33:45.223, 3, 0, 10088
2026/05/23 10:34:00.342, 0, 100, 10490
2026/05/23 10:34:00.344, 1, 100, 10088
2026/05/23 10:34:00.346, 2, 100, 10088
2026/05/23 10:34:00.347, 3, 100, 10088
2026/05/23 10:34:15.535, 0, 100, 10490
2026/05/23 10:34:15.540, 1, 96, 10088
2026/05/23 10:34:15.543, 2, 100, 10088
2026/05/23 10:34:15.547, 3, 100, 10088
2026/05/23 10:34:30.645, 0, 9, 10490
2026/05/23 10:34:30.648, 1, 0, 10088
2026/05/23 10:34:30.649, 2, 0, 10088
2026/05/23 10:34:30.650, 3, 0, 10088
2026/05/23 10:34:45.797, 0, 63, 10490
2026/05/23 10:34:45.801, 1, 100, 10088
2026/05/23 10:34:45.806, 2, 25, 10088
2026/05/23 10:34:45.809, 3, 6, 10088
2026/05/23 10:35:01.133, 0, 10, 10490
2026/05/23 10:35:01.136, 1, 0, 10088
2026/05/23 10:35:01.137, 2, 0, 10088
2026/05/23 10:35:01.138, 3, 0, 10088
2026/05/23 10:35:16.221, 0, 5, 10490
2026/05/23 10:35:16.223, 1, 0, 10088
2026/05/23 10:35:16.225, 2, 0, 10088
2026/05/23 10:35:16.226, 3, 0, 10088
2026/05/23 10:35:31.309, 0, 6, 10490
2026/05/23 10:35:31.311, 1, 0, 10088
2026/05/23 10:35:31.313, 2, 0, 10088
2026/05/23 10:35:31.314, 3, 0, 10088
2026/05/23 10:35:46.488, 0, 100, 10490
2026/05/23 10:35:46.492, 1, 100, 10088
2026/05/23 10:35:46.495, 2, 100, 10088
2026/05/23 10:35:46.499, 3, 56, 10088
2026/05/23 10:36:01.589, 0, 9, 10490
2026/05/23 10:36:01.591, 1, 0, 10088
2026/05/23 10:36:01.592, 2, 0, 10088
2026/05/23 10:36:01.594, 3, 0, 10088
2026/05/23 10:36:16.694, 0, 0, 10490
2026/05/23 10:36:16.696, 1, 0, 10088
2026/05/23 10:36:16.697, 2, 0, 10088
2026/05/23 10:36:16.699, 3, 0, 10088
2026/05/23 10:36:32.024, 0, 100, 10490
2026/05/23 10:36:32.026, 1, 100, 10088
2026/05/23 10:36:32.027, 2, 100, 10088
2026/05/23 10:36:32.029, 3, 100, 10088
2026/05/23 10:36:47.117, 0, 8, 10490
2026/05/23 10:36:47.120, 1, 0, 10088
2026/05/23 10:36:47.121, 2, 0, 10088
2026/05/23 10:36:47.122, 3, 0, 10088
2026/05/23 10:37:02.296, 0, 100, 10490
2026/05/23 10:37:02.300, 1, 100, 10088
2026/05/23 10:37:02.303, 2, 83, 10088
2026/05/23 10:37:02.306, 3, 100, 10088
2026/05/23 10:37:17.411, 0, 67, 10490
2026/05/23 10:37:17.415, 1, 0, 10088
2026/05/23 10:37:17.418, 2, 100, 10088
2026/05/23 10:37:17.421, 3, 99, 10088
2026/05/23 10:37:32.691, 0, 4, 10490
2026/05/23 10:37:32.693, 1, 0, 10088
2026/05/23 10:37:32.694, 2, 0, 10088
2026/05/23 10:37:32.695, 3, 0, 10088
2026/05/23 10:37:47.855, 0, 3, 10490
2026/05/23 10:37:47.860, 1, 0, 10088
2026/05/23 10:37:47.862, 2, 0, 10088
2026/05/23 10:37:47.865, 3, 98, 10088
2026/05/23 10:38:03.079, 0, 9, 10490
2026/05/23 10:38:03.081, 1, 0, 10088
2026/05/23 10:38:03.082, 2, 40, 10088
2026/05/23 10:38:03.083, 3, 0, 10088
2026/05/23 10:38:18.286, 0, 100, 10490
2026/05/23 10:38:18.288, 1, 100, 10088
2026/05/23 10:38:18.289, 2, 100, 10088
2026/05/23 10:38:18.290, 3, 100, 10088
2026/05/23 10:38:33.382, 0, 2, 10490
2026/05/23 10:38:33.386, 1, 100, 10088
2026/05/23 10:38:33.390, 2, 100, 10088
2026/05/23 10:38:33.393, 3, 96, 10088
2026/05/23 10:38:48.746, 0, 11, 10490
2026/05/23 10:38:48.748, 1, 0, 10088
2026/05/23 10:38:48.750, 2, 0, 10088
2026/05/23 10:38:48.751, 3, 0, 10088
2026/05/23 10:39:03.835, 0, 60, 10490
2026/05/23 10:39:03.838, 1, 100, 10088
2026/05/23 10:39:03.840, 2, 100, 10088
2026/05/23 10:39:03.844, 3, 100, 10088
2026/05/23 10:39:19.046, 0, 9, 10490
2026/05/23 10:39:19.048, 1, 0, 10088
2026/05/23 10:39:19.049, 2, 0, 10088
2026/05/23 10:39:19.050, 3, 0, 10088
2026/05/23 10:39:34.218, 0, 0, 10490
2026/05/23 10:39:34.222, 1, 0, 10088
2026/05/23 10:39:34.225, 2, 0, 10088
2026/05/23 10:39:34.228, 3, 0, 10088
2026/05/23 10:39:49.333, 0, 8, 10490
2026/05/23 10:39:49.335, 1, 0, 10088
2026/05/23 10:39:49.336, 2, 0, 10088
2026/05/23 10:39:49.337, 3, 0, 10088
2026/05/23 10:40:04.642, 0, 0, 10490
2026/05/23 10:40:04.644, 1, 41, 10088
2026/05/23 10:40:04.645, 2, 0, 10088
2026/05/23 10:40:04.646, 3, 0, 10088
2026/05/23 10:40:19.725, 0, 10, 10490
2026/05/23 10:40:19.727, 1, 0, 10088
2026/05/23 10:40:19.729, 2, 0, 10088
2026/05/23 10:40:19.730, 3, 0, 10088
2026/05/23 10:40:34.807, 0, 9, 10490
2026/05/23 10:40:34.809, 1, 0, 10088
2026/05/23 10:40:34.810, 2, 0, 10088
2026/05/23 10:40:34.811, 3, 0, 10088
2026/05/23 10:40:49.888, 0, 9, 10490
2026/05/23 10:40:49.890, 1, 0, 10088
2026/05/23 10:40:49.891, 2, 0, 10088
2026/05/23 10:40:49.892, 3, 0, 10088
2026/05/23 10:41:04.994, 0, 100, 10490
2026/05/23 10:41:04.996, 1, 0, 10088
2026/05/23 10:41:04.997, 2, 100, 10088
2026/05/23 10:41:04.999, 3, 100, 10088
2026/05/23 10:41:20.152, 0, 56, 10490
2026/05/23 10:41:20.156, 1, 65, 10088
2026/05/23 10:41:20.159, 2, 100, 10088
2026/05/23 10:41:20.162, 3, 70, 10088
2026/05/23 10:41:35.346, 0, 5, 10490
2026/05/23 10:41:35.348, 1, 0, 10088
2026/05/23 10:41:35.349, 2, 0, 10088
2026/05/23 10:41:35.350, 3, 0, 10088
2026/05/23 10:41:50.450, 0, 100, 10490
2026/05/23 10:41:50.452, 1, 100, 10088
2026/05/23 10:41:50.453, 2, 52, 10088
2026/05/23 10:41:50.454, 3, 100, 10088
2026/05/23 10:42:05.552, 0, 100, 10490
2026/05/23 10:42:05.557, 1, 100, 10088
2026/05/23 10:42:05.559, 2, 100, 10088
2026/05/23 10:42:05.561, 3, 100, 10088
2026/05/23 10:42:20.674, 0, 85, 10490
2026/05/23 10:42:20.676, 1, 100, 10088
2026/05/23 10:42:20.678, 2, 100, 10088
2026/05/23 10:42:20.679, 3, 15, 10088
2026/05/23 10:42:35.761, 0, 8, 10490
2026/05/23 10:42:35.763, 1, 0, 10088
2026/05/23 10:42:35.765, 2, 0, 10088
2026/05/23 10:42:35.766, 3, 0, 10088
2026/05/23 10:42:50.950, 0, 4, 10490
2026/05/23 10:42:50.952, 1, 0, 10088
2026/05/23 10:42:50.953, 2, 0, 10088
2026/05/23 10:42:50.955, 3, 0, 10088
2026/05/23 10:43:06.161, 0, 79, 10490
2026/05/23 10:43:06.163, 1, 0, 10088
2026/05/23 10:43:06.165, 2, 100, 10088
2026/05/23 10:43:06.166, 3, 0, 10088
2026/05/23 10:43:21.306, 0, 6, 10490
2026/05/23 10:43:21.308, 1, 0, 10088
2026/05/23 10:43:21.309, 2, 40, 10088
2026/05/23 10:43:21.311, 3, 0, 10088
2026/05/23 10:43:36.393, 0, 9, 10490
2026/05/23 10:43:36.395, 1, 0, 10088
2026/05/23 10:43:36.397, 2, 0, 10088
2026/05/23 10:43:36.398, 3, 0, 10088
2026/05/23 10:43:51.602, 0, 8, 10490
2026/05/23 10:43:51.604, 1, 0, 10088
2026/05/23 10:43:51.605, 2, 0, 10088
2026/05/23 10:43:51.607, 3, 0, 10088
2026/05/23 10:44:06.717, 0, 100, 10490
2026/05/23 10:44:06.721, 1, 25, 10088
2026/05/23 10:44:06.723, 2, 100, 10088
2026/05/23 10:44:06.726, 3, 100, 10088
2026/05/23 10:44:21.873, 0, 13, 10490
2026/05/23 10:44:21.875, 1, 0, 10088
2026/05/23 10:44:21.877, 2, 0, 10088
2026/05/23 10:44:21.878, 3, 0, 10088
2026/05/23 10:44:37.013, 0, 10, 10490
2026/05/23 10:44:37.018, 1, 100, 10088
2026/05/23 10:44:37.021, 2, 0, 10088
2026/05/23 10:44:37.024, 3, 0, 10088
2026/05/23 10:44:52.175, 0, 7, 10490
2026/05/23 10:44:52.177, 1, 0, 10088
2026/05/23 10:44:52.178, 2, 0, 10088
2026/05/23 10:44:52.179, 3, 0, 10088
2026/05/23 10:45:07.316, 0, 8, 10490
2026/05/23 10:45:07.319, 1, 0, 10088
2026/05/23 10:45:07.323, 2, 0, 10088
2026/05/23 10:45:07.326, 3, 0, 10088
2026/05/23 10:45:22.429, 0, 100, 10490
2026/05/23 10:45:22.433, 1, 100, 10088
2026/05/23 10:45:22.436, 2, 100, 10088
2026/05/23 10:45:22.439, 3, 100, 10088
2026/05/23 10:45:37.554, 0, 9, 10490
2026/05/23 10:45:37.556, 1, 0, 10088
2026/05/23 10:45:37.558, 2, 0, 10088
2026/05/23 10:45:37.559, 3, 0, 10088
2026/05/23 10:45:52.710, 0, 0, 10490
2026/05/23 10:45:52.712, 1, 3, 10088
2026/05/23 10:45:52.713, 2, 0, 10088
2026/05/23 10:45:52.714, 3, 0, 10088
2026/05/23 10:46:07.798, 0, 100, 10490
2026/05/23 10:46:07.800, 1, 100, 10088
2026/05/23 10:46:07.801, 2, 100, 10088
2026/05/23 10:46:07.802, 3, 94, 10088
2026/05/23 10:46:22.885, 0, 9, 10490
2026/05/23 10:46:22.887, 1, 0, 10088
2026/05/23 10:46:22.889, 2, 0, 10088
2026/05/23 10:46:22.890, 3, 0, 10088
2026/05/23 10:46:37.998, 0, 100, 10490
2026/05/23 10:46:38.002, 1, 100, 10088
2026/05/23 10:46:38.004, 2, 100, 10088
2026/05/23 10:46:38.007, 3, 100, 10088
2026/05/23 10:46:53.190, 0, 7, 10490
2026/05/23 10:46:53.192, 1, 0, 10088
2026/05/23 10:46:53.193, 2, 0, 10088
2026/05/23 10:46:53.195, 3, 0, 10088
2026/05/23 10:47:08.389, 0, 100, 10490
2026/05/23 10:47:08.391, 1, 100, 10088
2026/05/23 10:47:08.393, 2, 0, 10088
2026/05/23 10:47:08.394, 3, 100, 10088
2026/05/23 10:47:23.526, 0, 29, 10490
2026/05/23 10:47:23.530, 1, 100, 10088
2026/05/23 10:47:23.532, 2, 100, 10088
2026/05/23 10:47:23.535, 3, 100, 10088
2026/05/23 10:47:38.634, 0, 9, 10490
2026/05/23 10:47:38.636, 1, 0, 10088
2026/05/23 10:47:38.637, 2, 0, 10088
2026/05/23 10:47:38.638, 3, 0, 10088
2026/05/23 10:47:53.843, 0, 100, 10490
2026/05/23 10:47:53.847, 1, 51, 10088
2026/05/23 10:47:53.851, 2, 100, 10088
2026/05/23 10:47:53.854, 3, 100, 10088
2026/05/23 10:48:09.050, 0, 6, 10490
2026/05/23 10:48:09.052, 1, 0, 10088
2026/05/23 10:48:09.054, 2, 0, 10088
2026/05/23 10:48:09.055, 3, 0, 10088
2026/05/23 10:48:24.208, 0, 10, 10490
2026/05/23 10:48:24.211, 1, 100, 10088
2026/05/23 10:48:24.213, 2, 0, 10088
2026/05/23 10:48:24.216, 3, 0, 10088
2026/05/23 10:48:39.361, 0, 7, 10490
2026/05/23 10:48:39.364, 1, 0, 10088
2026/05/23 10:48:39.367, 2, 0, 10088
2026/05/23 10:48:39.371, 3, 0, 10088
2026/05/23 10:48:54.471, 0, 8, 10490
2026/05/23 10:48:54.473, 1, 0, 10088
2026/05/23 10:48:54.474, 2, 0, 10088
2026/05/23 10:48:54.475, 3, 0, 10088
2026/05/23 10:49:09.670, 0, 0, 10490
2026/05/23 10:49:09.672, 1, 0, 10088
2026/05/23 10:49:09.673, 2, 0, 10088
2026/05/23 10:49:09.675, 3, 0, 10088
2026/05/23 10:49:24.929, 0, 3, 10490
2026/05/23 10:49:24.934, 1, 0, 10088
2026/05/23 10:49:24.937, 2, 0, 10088
2026/05/23 10:49:24.941, 3, 0, 10088
2026/05/23 10:49:40.433, 0, 13, 10490
2026/05/23 10:49:40.435, 1, 0, 10088
2026/05/23 10:49:40.436, 2, 0, 10088
2026/05/23 10:49:40.437, 3, 0, 10088
2026/05/23 10:49:55.546, 0, 100, 10490
2026/05/23 10:49:55.550, 1, 100, 10088
2026/05/23 10:49:55.552, 2, 100, 10088
2026/05/23 10:49:55.555, 3, 100, 10088
2026/05/23 10:50:10.763, 0, 100, 10490
2026/05/23 10:50:10.767, 1, 0, 10088
2026/05/23 10:50:10.770, 2, 100, 10088
2026/05/23 10:50:10.773, 3, 100, 10088
2026/05/23 10:50:25.925, 0, 100, 10490
2026/05/23 10:50:25.929, 1, 100, 10088
2026/05/23 10:50:25.932, 2, 100, 10088
2026/05/23 10:50:25.935, 3, 100, 10088
2026/05/23 10:50:41.048, 0, 100, 10490
2026/05/23 10:50:41.052, 1, 100, 10088
2026/05/23 10:50:41.055, 2, 100, 10088
2026/05/23 10:50:41.058, 3, 59, 10088
2026/05/23 10:50:56.366, 0, 100, 10490
2026/05/23 10:50:56.371, 1, 100, 10088
2026/05/23 10:50:56.374, 2, 100, 10088
2026/05/23 10:50:56.377, 3, 100, 10088
2026/05/23 10:51:11.636, 0, 8, 10490
2026/05/23 10:51:11.638, 1, 0, 10088
2026/05/23 10:51:11.640, 2, 0, 10088
2026/05/23 10:51:11.641, 3, 0, 10088
2026/05/23 10:51:26.946, 0, 100, 10490
2026/05/23 10:51:26.948, 1, 69, 10088
2026/05/23 10:51:26.949, 2, 100, 10088
2026/05/23 10:51:26.950, 3, 100, 10088
2026/05/23 10:51:42.141, 0, 100, 10490
2026/05/23 10:51:42.143, 1, 100, 10088
2026/05/23 10:51:42.144, 2, 100, 10088
2026/05/23 10:51:42.146, 3, 100, 10088
2026/05/23 10:51:57.345, 0, 9, 10490
2026/05/23 10:51:57.349, 1, 0, 10088
2026/05/23 10:51:57.352, 2, 0, 10088
2026/05/23 10:51:57.355, 3, 0, 10088
2026/05/23 10:52:12.453, 0, 91, 10490
2026/05/23 10:52:12.455, 1, 100, 10088
2026/05/23 10:52:12.456, 2, 96, 10088
2026/05/23 10:52:12.457, 3, 100, 10088
2026/05/23 10:52:27.614, 0, 10, 10490
2026/05/23 10:52:27.616, 1, 0, 10088
2026/05/23 10:52:27.617, 2, 0, 10088
2026/05/23 10:52:27.619, 3, 0, 10088
2026/05/23 10:52:42.747, 0, 100, 10490
2026/05/23 10:52:42.751, 1, 100, 10088
2026/05/23 10:52:42.754, 2, 100, 10088
2026/05/23 10:52:42.757, 3, 100, 10088
2026/05/23 10:52:57.879, 0, 9, 10490
2026/05/23 10:52:57.883, 1, 0, 10088
2026/05/23 10:52:57.885, 2, 0, 10088
2026/05/23 10:52:57.888, 3, 0, 10088
2026/05/23 10:53:12.989, 0, 8, 10490
2026/05/23 10:53:12.991, 1, 0, 10088
2026/05/23 10:53:12.993, 2, 0, 10088
2026/05/23 10:53:12.994, 3, 0, 10088
2026/05/23 10:53:28.113, 0, 9, 10490
2026/05/23 10:53:28.115, 1, 0, 10088
2026/05/23 10:53:28.117, 2, 0, 10088
2026/05/23 10:53:28.118, 3, 0, 10088
2026/05/23 10:53:43.238, 0, 11, 10490
2026/05/23 10:53:43.240, 1, 0, 10088
2026/05/23 10:53:43.241, 2, 0, 10088
2026/05/23 10:53:43.242, 3, 0, 10088
2026/05/23 10:53:58.367, 0, 10, 10490
2026/05/23 10:53:58.370, 1, 100, 10088
2026/05/23 10:53:58.373, 2, 0, 10088
2026/05/23 10:53:58.377, 3, 98, 10088
2026/05/23 10:54:13.615, 0, 42, 10490
2026/05/23 10:54:13.619, 1, 100, 10088
2026/05/23 10:54:13.622, 2, 100, 10088
2026/05/23 10:54:13.625, 3, 100, 10088
2026/05/23 10:54:28.807, 0, 69, 10490
2026/05/23 10:54:28.811, 1, 63, 10088
2026/05/23 10:54:28.814, 2, 100, 10088
2026/05/23 10:54:28.930, 3, 86, 10088
2026/05/23 10:54:44.030, 0, 100, 10490
2026/05/23 10:54:44.034, 1, 100, 10088
2026/05/23 10:54:44.037, 2, 100, 10088
2026/05/23 10:54:44.040, 3, 100, 10088
2026/05/23 10:54:59.182, 0, 100, 10490
2026/05/23 10:54:59.185, 1, 100, 10088
2026/05/23 10:54:59.189, 2, 100, 10088
2026/05/23 10:54:59.192, 3, 76, 10088
2026/05/23 10:55:14.302, 0, 14, 10490
2026/05/23 10:55:14.304, 1, 0, 10088
2026/05/23 10:55:14.306, 2, 0, 10088
2026/05/23 10:55:14.307, 3, 0, 10088
2026/05/23 10:55:29.466, 0, 7, 10490
2026/05/23 10:55:29.468, 1, 0, 10088
2026/05/23 10:55:29.469, 2, 0, 10088
2026/05/23 10:55:29.470, 3, 0, 10088
2026/05/23 10:55:44.710, 0, 6, 10490
2026/05/23 10:55:44.712, 1, 100, 10088
2026/05/23 10:55:44.714, 2, 0, 10088
2026/05/23 10:55:44.715, 3, 100, 10088
2026/05/23 10:55:59.851, 0, 100, 10490
2026/05/23 10:55:59.855, 1, 0, 10088
2026/05/23 10:55:59.858, 2, 100, 10088
2026/05/23 10:55:59.861, 3, 100, 10088
2026/05/23 10:56:14.958, 0, 9, 10490
2026/05/23 10:56:14.960, 1, 0, 10088
2026/05/23 10:56:14.961, 2, 0, 10088
2026/05/23 10:56:14.962, 3, 0, 10088
2026/05/23 10:56:30.062, 0, 100, 10490
2026/05/23 10:56:30.064, 1, 100, 10088
2026/05/23 10:56:30.066, 2, 100, 10088
2026/05/23 10:56:30.067, 3, 100, 10088
2026/05/23 10:56:45.149, 0, 3, 10490
2026/05/23 10:56:45.151, 1, 0, 10088
2026/05/23 10:56:45.153, 2, 0, 10088
2026/05/23 10:56:45.154, 3, 0, 10088
2026/05/23 10:57:00.319, 0, 7, 10490
2026/05/23 10:57:00.324, 1, 100, 10088
2026/05/23 10:57:00.327, 2, 0, 10088
2026/05/23 10:57:00.331, 3, 0, 10088
2026/05/23 10:57:15.425, 0, 9, 10490
2026/05/23 10:57:15.427, 1, 0, 10088
2026/05/23 10:57:15.429, 2, 0, 10088
2026/05/23 10:57:15.430, 3, 0, 10088
2026/05/23 10:57:31.030, 0, 64, 10490
2026/05/23 10:57:31.033, 1, 62, 10088
2026/05/23 10:57:31.036, 2, 20, 10088
2026/05/23 10:57:31.038, 3, 100, 10088
2026/05/23 10:57:46.210, 0, 8, 10490
2026/05/23 10:57:46.211, 1, 0, 10088
2026/05/23 10:57:46.213, 2, 0, 10088
2026/05/23 10:57:46.214, 3, 0, 10088
2026/05/23 10:58:01.338, 0, 13, 10490
2026/05/23 10:58:01.340, 1, 0, 10088
2026/05/23 10:58:01.341, 2, 0, 10088
2026/05/23 10:58:01.343, 3, 0, 10088
2026/05/23 10:58:16.426, 0, 9, 10490
2026/05/23 10:58:16.428, 1, 0, 10088
2026/05/23 10:58:16.429, 2, 0, 10088
2026/05/23 10:58:16.431, 3, 0, 10088
2026/05/23 10:58:31.671, 0, 100, 10490
2026/05/23 10:58:31.675, 1, 56, 10088
2026/05/23 10:58:31.678, 2, 100, 10088
2026/05/23 10:58:31.682, 3, 0, 10088
2026/05/23 10:58:46.848, 0, 0, 10490
2026/05/23 10:58:46.850, 1, 0, 10088
2026/05/23 10:58:46.851, 2, 0, 10088
2026/05/23 10:58:46.852, 3, 0, 10088
2026/05/23 10:59:01.982, 0, 100, 10490
2026/05/23 10:59:01.983, 1, 100, 10088
2026/05/23 10:59:01.985, 2, 100, 10088
2026/05/23 10:59:01.986, 3, 100, 10088
2026/05/23 10:59:17.086, 0, 8, 10490
2026/05/23 10:59:17.088, 1, 0, 10088
2026/05/23 10:59:17.089, 2, 0, 10088
2026/05/23 10:59:17.090, 3, 0, 10088
2026/05/23 10:59:32.174, 0, 0, 10490
2026/05/23 10:59:32.177, 1, 0, 10088
2026/05/23 10:59:32.178, 2, 0, 10088
2026/05/23 10:59:32.180, 3, 0, 10088
2026/05/23 10:59:47.358, 0, 8, 10490
2026/05/23 10:59:47.360, 1, 0, 10088
2026/05/23 10:59:47.362, 2, 0, 10088
2026/05/23 10:59:47.363, 3, 0, 10088
2026/05/23 11:00:02.470, 0, 100, 10490
2026/05/23 11:00:02.474, 1, 100, 10088
2026/05/23 11:00:02.477, 2, 100, 10088
2026/05/23 11:00:02.481, 3, 100, 10088
2026/05/23 11:00:17.617, 0, 100, 10490
2026/05/23 11:00:17.619, 1, 100, 10088
2026/05/23 11:00:17.620, 2, 0, 10088
2026/05/23 11:00:17.622, 3, 100, 10088
2026/05/23 11:00:32.987, 0, 100, 10490
2026/05/23 11:00:32.989, 1, 100, 10088
2026/05/23 11:00:32.990, 2, 100, 10088
2026/05/23 11:00:32.991, 3, 100, 10088
2026/05/23 11:00:48.147, 0, 22, 10490
2026/05/23 11:00:48.149, 1, 0, 10088
2026/05/23 11:00:48.150, 2, 100, 10088
2026/05/23 11:00:48.151, 3, 0, 10088
2026/05/23 11:01:03.234, 0, 15, 10490
2026/05/23 11:01:03.236, 1, 0, 10088
2026/05/23 11:01:03.237, 2, 0, 10088
2026/05/23 11:01:03.239, 3, 0, 10088
2026/05/23 11:01:18.321, 0, 8, 10490
2026/05/23 11:01:18.323, 1, 0, 10088
2026/05/23 11:01:18.325, 2, 0, 10088
2026/05/23 11:01:18.326, 3, 0, 10088
2026/05/23 11:01:33.409, 0, 9, 10490
2026/05/23 11:01:33.411, 1, 0, 10088
2026/05/23 11:01:33.413, 2, 0, 10088
2026/05/23 11:01:33.415, 3, 0, 10088
2026/05/23 11:01:49.117, 0, 100, 10490
2026/05/23 11:01:49.299, 1, 0, 10088
2026/05/23 11:01:49.300, 2, 100, 10088
2026/05/23 11:01:49.301, 3, 85, 10088
2026/05/23 11:02:04.381, 0, 9, 10490
2026/05/23 11:02:04.383, 1, 0, 10088
2026/05/23 11:02:04.385, 2, 0, 10088
2026/05/23 11:02:04.386, 3, 0, 10088
2026/05/23 11:02:19.491, 0, 6, 10490
2026/05/23 11:02:19.494, 1, 0, 10088
2026/05/23 11:02:19.495, 2, 100, 10088
2026/05/23 11:02:19.496, 3, 0, 10088
2026/05/23 11:02:34.589, 0, 10, 10490
2026/05/23 11:02:34.591, 1, 0, 10088
2026/05/23 11:02:34.593, 2, 0, 10088
2026/05/23 11:02:34.594, 3, 0, 10088
2026/05/23 11:02:49.745, 0, 1, 10490
2026/05/23 11:02:49.747, 1, 0, 10088
2026/05/23 11:02:49.749, 2, 0, 10088
2026/05/23 11:02:49.750, 3, 0, 10088
2026/05/23 11:03:04.833, 0, 6, 10490
2026/05/23 11:03:04.835, 1, 100, 10088
2026/05/23 11:03:04.837, 2, 100, 10088
2026/05/23 11:03:04.838, 3, 0, 10088
2026/05/23 11:03:19.950, 0, 100, 10490
2026/05/23 11:03:19.954, 1, 0, 10088
2026/05/23 11:03:19.957, 2, 100, 10088
2026/05/23 11:03:19.961, 3, 100, 10088
2026/05/23 11:03:35.068, 0, 100, 10490
2026/05/23 11:03:35.072, 1, 0, 10088
2026/05/23 11:03:35.073, 2, 0, 10088
2026/05/23 11:03:35.077, 3, 100, 10088
2026/05/23 11:03:50.180, 0, 21, 10490
2026/05/23 11:03:50.184, 1, 100, 10088
2026/05/23 11:03:50.187, 2, 35, 10088
2026/05/23 11:03:50.189, 3, 95, 10088
2026/05/23 11:04:05.346, 0, 1, 10490
2026/05/23 11:04:05.348, 1, 0, 10088
2026/05/23 11:04:05.350, 2, 0, 10088
2026/05/23 11:04:05.543, 3, 0, 10088
2026/05/23 11:04:20.989, 0, 5, 10490
2026/05/23 11:04:20.991, 1, 0, 10088
2026/05/23 11:04:20.992, 2, 0, 10088
2026/05/23 11:04:20.994, 3, 0, 10088
2026/05/23 11:04:36.158, 0, 100, 10490
2026/05/23 11:04:36.160, 1, 71, 10088
2026/05/23 11:04:36.161, 2, 100, 10088
2026/05/23 11:04:36.163, 3, 100, 10088
2026/05/23 11:04:51.395, 0, 100, 10490
2026/05/23 11:04:51.398, 1, 100, 10088
2026/05/23 11:04:51.401, 2, 67, 10088
2026/05/23 11:04:51.405, 3, 100, 10088
2026/05/23 11:05:06.534, 0, 100, 10490
2026/05/23 11:05:06.536, 1, 100, 10088
2026/05/23 11:05:06.537, 2, 100, 10088
2026/05/23 11:05:06.538, 3, 100, 10088
2026/05/23 11:05:21.638, 0, 2, 10490
2026/05/23 11:05:21.640, 1, 0, 10088
2026/05/23 11:05:21.641, 2, 0, 10088
2026/05/23 11:05:21.643, 3, 0, 10088
2026/05/23 11:05:36.767, 0, 100, 10490
2026/05/23 11:05:36.770, 1, 100, 10088
2026/05/23 11:05:36.773, 2, 100, 10088
2026/05/23 11:05:36.775, 3, 100, 10088
2026/05/23 11:05:51.894, 0, 100, 10490
2026/05/23 11:05:51.897, 1, 100, 10088
2026/05/23 11:05:51.900, 2, 100, 10088
2026/05/23 11:05:51.902, 3, 100, 10088
2026/05/23 11:06:06.993, 0, 8, 10490
2026/05/23 11:06:06.995, 1, 100, 10088
2026/05/23 11:06:06.997, 2, 0, 10088
2026/05/23 11:06:06.998, 3, 0, 10088
2026/05/23 11:06:22.101, 0, 2, 10490
2026/05/23 11:06:22.103, 1, 0, 10088
2026/05/23 11:06:22.104, 2, 0, 10088
2026/05/23 11:06:22.106, 3, 0, 10088
2026/05/23 11:06:37.770, 0, 0, 10490
2026/05/23 11:06:37.772, 1, 100, 10088
2026/05/23 11:06:37.773, 2, 100, 10088
2026/05/23 11:06:37.775, 3, 100, 10088
2026/05/23 11:06:52.857, 0, 9, 10490
2026/05/23 11:06:52.859, 1, 0, 10088
2026/05/23 11:06:52.860, 2, 0, 10088
2026/05/23 11:06:52.862, 3, 0, 10088
2026/05/23 11:07:07.947, 0, 10, 10490
2026/05/23 11:07:07.949, 1, 0, 10088
2026/05/23 11:07:07.950, 2, 0, 10088
2026/05/23 11:07:07.951, 3, 0, 10088
2026/05/23 11:07:23.103, 0, 3, 10490
2026/05/23 11:07:23.105, 1, 0, 10088
2026/05/23 11:07:23.106, 2, 0, 10088
2026/05/23 11:07:23.107, 3, 0, 10088
2026/05/23 11:07:38.500, 0, 9, 10490
2026/05/23 11:07:38.502, 1, 0, 10088
2026/05/23 11:07:38.503, 2, 0, 10088
2026/05/23 11:07:38.504, 3, 0, 10088
2026/05/23 11:07:53.778, 0, 100, 10490
2026/05/23 11:07:53.781, 1, 100, 10088
2026/05/23 11:07:53.785, 2, 100, 10088
2026/05/23 11:07:53.788, 3, 100, 10088
2026/05/23 11:08:08.911, 0, 100, 10490
2026/05/23 11:08:08.915, 1, 0, 10088
2026/05/23 11:08:08.918, 2, 100, 10088
2026/05/23 11:08:08.920, 3, 100, 10088
2026/05/23 11:08:24.038, 0, 12, 10490
2026/05/23 11:08:24.040, 1, 0, 10088
2026/05/23 11:08:24.042, 2, 0, 10088
2026/05/23 11:08:24.043, 3, 0, 10088
2026/05/23 11:08:39.125, 0, 2, 10490
2026/05/23 11:08:39.127, 1, 100, 10088
2026/05/23 11:08:39.129, 2, 100, 10088
2026/05/23 11:08:39.130, 3, 0, 10088
2026/05/23 11:08:54.213, 0, 9, 10490
2026/05/23 11:08:54.215, 1, 0, 10088
2026/05/23 11:08:54.217, 2, 0, 10088
2026/05/23 11:08:54.218, 3, 0, 10088
2026/05/23 11:09:09.393, 0, 4, 10490
2026/05/23 11:09:09.395, 1, 0, 10088
2026/05/23 11:09:09.397, 2, 0, 10088
2026/05/23 11:09:09.398, 3, 0, 10088
2026/05/23 11:09:24.526, 0, 100, 10490
2026/05/23 11:09:24.529, 1, 100, 10088
2026/05/23 11:09:24.532, 2, 100, 10088
2026/05/23 11:09:24.657, 3, 100, 10088
2026/05/23 11:09:39.780, 0, 100, 10490
2026/05/23 11:09:39.784, 1, 0, 10088
2026/05/23 11:09:39.787, 2, 100, 10088
2026/05/23 11:09:39.790, 3, 0, 10088
2026/05/23 11:09:54.918, 0, 12, 10490
2026/05/23 11:09:54.920, 1, 0, 10088
2026/05/23 11:09:54.922, 2, 0, 10088
2026/05/23 11:09:54.923, 3, 0, 10088
2026/05/23 11:10:10.211, 0, 3, 10490
2026/05/23 11:10:10.213, 1, 0, 10088
2026/05/23 11:10:10.214, 2, 0, 10088
2026/05/23 11:10:10.215, 3, 0, 10088
2026/05/23 11:10:25.297, 0, 9, 10490
2026/05/23 11:10:25.299, 1, 0, 10088
2026/05/23 11:10:25.300, 2, 49, 10088
2026/05/23 11:10:25.302, 3, 0, 10088
2026/05/23 11:10:40.434, 0, 61, 10490
2026/05/23 11:10:40.437, 1, 100, 10088
2026/05/23 11:10:40.440, 2, 0, 10088
2026/05/23 11:10:40.444, 3, 100, 10088
2026/05/23 11:10:55.537, 0, 100, 10490
2026/05/23 11:10:55.539, 1, 100, 10088
2026/05/23 11:10:55.541, 2, 100, 10088
2026/05/23 11:10:55.542, 3, 100, 10088
2026/05/23 11:11:10.722, 0, 11, 10490
2026/05/23 11:11:10.724, 1, 0, 10088
2026/05/23 11:11:10.726, 2, 0, 10088
2026/05/23 11:11:10.727, 3, 0, 10088
2026/05/23 11:11:25.952, 0, 100, 10490
2026/05/23 11:11:25.955, 1, 100, 10088
2026/05/23 11:11:25.958, 2, 100, 10088
2026/05/23 11:11:25.960, 3, 100, 10088
2026/05/23 11:11:41.058, 0, 8, 10490
2026/05/23 11:11:41.060, 1, 0, 10088
2026/05/23 11:11:41.061, 2, 0, 10088
2026/05/23 11:11:41.063, 3, 0, 10088
2026/05/23 11:11:56.172, 0, 9, 10490
2026/05/23 11:11:56.173, 1, 0, 10088
2026/05/23 11:11:56.174, 2, 0, 10088
2026/05/23 11:11:56.175, 3, 0, 10088
2026/05/23 11:12:11.247, 0, 100, 10490
2026/05/23 11:12:11.249, 1, 0, 10088
2026/05/23 11:12:11.250, 2, 100, 10088
2026/05/23 11:12:11.251, 3, 100, 10088
2026/05/23 11:12:26.422, 0, 6, 10490
2026/05/23 11:12:26.424, 1, 0, 10088
2026/05/23 11:12:26.426, 2, 0, 10088
2026/05/23 11:12:26.427, 3, 0, 10088
2026/05/23 11:12:41.760, 0, 5, 10490
2026/05/23 11:12:41.763, 1, 0, 10088
2026/05/23 11:12:41.764, 2, 0, 10088
2026/05/23 11:12:41.765, 3, 0, 10088
2026/05/23 11:12:56.879, 0, 100, 10490
2026/05/23 11:12:56.885, 1, 97, 10088
2026/05/23 11:12:56.888, 2, 100, 10088
2026/05/23 11:12:56.890, 3, 0, 10088
2026/05/23 11:13:11.992, 0, 9, 10490
2026/05/23 11:13:11.996, 1, 0, 10088
2026/05/23 11:13:12.000, 2, 0, 10088
2026/05/23 11:13:12.003, 3, 95, 10088
2026/05/23 11:13:27.118, 0, 8, 10490
2026/05/23 11:13:27.120, 1, 0, 10088
2026/05/23 11:13:27.121, 2, 0, 10088
2026/05/23 11:13:27.122, 3, 0, 10088
2026/05/23 11:13:42.206, 0, 9, 10490
2026/05/23 11:13:42.208, 1, 0, 10088
2026/05/23 11:13:42.209, 2, 0, 10088
2026/05/23 11:13:42.211, 3, 0, 10088
2026/05/23 11:13:57.338, 0, 28, 10490
2026/05/23 11:13:57.342, 1, 0, 10088
2026/05/23 11:13:57.344, 2, 100, 10088
2026/05/23 11:13:57.347, 3, 100, 10088
2026/05/23 11:14:12.465, 0, 12, 10490
2026/05/23 11:14:12.467, 1, 0, 10088
2026/05/23 11:14:12.469, 2, 0, 10088
2026/05/23 11:14:12.470, 3, 0, 10088
2026/05/23 11:14:27.542, 0, 7, 10490
2026/05/23 11:14:27.543, 1, 0, 10088
2026/05/23 11:14:27.544, 2, 100, 10088
2026/05/23 11:14:27.545, 3, 0, 10088
2026/05/23 11:14:42.675, 0, 9, 10490
2026/05/23 11:14:42.678, 1, 100, 10088
2026/05/23 11:14:42.681, 2, 100, 10088
2026/05/23 11:14:42.685, 3, 0, 10088
2026/05/23 11:14:57.777, 0, 9, 10490
2026/05/23 11:14:57.779, 1, 0, 10088
2026/05/23 11:14:57.781, 2, 0, 10088
2026/05/23 11:14:57.782, 3, 0, 10088
2026/05/23 11:15:12.865, 0, 5, 10490
2026/05/23 11:15:12.867, 1, 0, 10088
2026/05/23 11:15:12.869, 2, 0, 10088
2026/05/23 11:15:12.870, 3, 0, 10088
2026/05/23 11:15:28.054, 0, 11, 10490
2026/05/23 11:15:28.056, 1, 0, 10088
2026/05/23 11:15:28.057, 2, 0, 10088
2026/05/23 11:15:28.059, 3, 0, 10088
2026/05/23 11:15:43.156, 0, 90, 10490
2026/05/23 11:15:43.160, 1, 0, 10088
2026/05/23 11:15:43.163, 2, 0, 10088
2026/05/23 11:15:43.166, 3, 100, 10088
2026/05/23 11:15:58.273, 0, 100, 10490
2026/05/23 11:15:58.277, 1, 100, 10088
2026/05/23 11:15:58.280, 2, 46, 10088
2026/05/23 11:15:58.282, 3, 100, 10088
2026/05/23 11:16:13.517, 0, 0, 10490
2026/05/23 11:16:13.521, 1, 100, 10088
2026/05/23 11:16:13.524, 2, 0, 10088
2026/05/23 11:16:13.526, 3, 0, 10088
2026/05/23 11:16:28.694, 0, 11, 10490
2026/05/23 11:16:28.695, 1, 0, 10088
2026/05/23 11:16:28.697, 2, 0, 10088
2026/05/23 11:16:28.698, 3, 0, 10088
2026/05/23 11:16:43.808, 0, 100, 10490
2026/05/23 11:16:43.812, 1, 100, 10088
2026/05/23 11:16:43.816, 2, 100, 10088
2026/05/23 11:16:43.819, 3, 100, 10088
2026/05/23 11:16:58.924, 0, 11, 10490
2026/05/23 11:16:58.926, 1, 0, 10088
2026/05/23 11:16:58.927, 2, 0, 10088
2026/05/23 11:16:58.928, 3, 0, 10088
2026/05/23 11:17:14.150, 0, 100, 10490
2026/05/23 11:17:14.153, 1, 100, 10088
2026/05/23 11:17:14.156, 2, 65, 10088
2026/05/23 11:17:14.159, 3, 100, 10088
2026/05/23 11:17:29.558, 0, 100, 10490
2026/05/23 11:17:29.561, 1, 100, 10088
2026/05/23 11:17:29.565, 2, 100, 10088
2026/05/23 11:17:29.568, 3, 50, 10088
2026/05/23 11:17:44.664, 0, 100, 10490
2026/05/23 11:17:44.668, 1, 100, 10088
2026/05/23 11:17:44.671, 2, 100, 10088
2026/05/23 11:17:44.674, 3, 100, 10088
2026/05/23 11:17:59.770, 0, 100, 10490
2026/05/23 11:17:59.772, 1, 100, 10088
2026/05/23 11:17:59.774, 2, 0, 10088
2026/05/23 11:17:59.775, 3, 100, 10088
2026/05/23 11:18:14.881, 0, 9, 10490
2026/05/23 11:18:14.883, 1, 0, 10088
2026/05/23 11:18:14.884, 2, 0, 10088
2026/05/23 11:18:14.886, 3, 0, 10088
2026/05/23 11:18:29.986, 0, 13, 10490
2026/05/23 11:18:29.988, 1, 0, 10088
2026/05/23 11:18:29.989, 2, 0, 10088
2026/05/23 11:18:29.991, 3, 0, 10088
2026/05/23 11:18:45.332, 0, 7, 10490
2026/05/23 11:18:45.334, 1, 0, 10088
2026/05/23 11:18:45.335, 2, 0, 10088
2026/05/23 11:18:45.337, 3, 0, 10088
2026/05/23 11:19:00.576, 0, 100, 10490
2026/05/23 11:19:00.578, 1, 0, 10088
2026/05/23 11:19:00.579, 2, 100, 10088
2026/05/23 11:19:00.581, 3, 100, 10088
2026/05/23 11:19:15.666, 0, 9, 10490
2026/05/23 11:19:15.668, 1, 0, 10088
2026/05/23 11:19:15.669, 2, 0, 10088
2026/05/23 11:19:15.670, 3, 0, 10088
2026/05/23 11:19:30.825, 0, 100, 10490
2026/05/23 11:19:30.830, 1, 100, 10088
2026/05/23 11:19:30.833, 2, 100, 10088
2026/05/23 11:19:30.837, 3, 100, 10088
2026/05/23 11:19:45.953, 0, 9, 10490
2026/05/23 11:19:45.955, 1, 0, 10088
2026/05/23 11:19:45.957, 2, 0, 10088
2026/05/23 11:19:45.958, 3, 0, 10088
2026/05/23 11:20:01.041, 0, 7, 10490
2026/05/23 11:20:01.043, 1, 0, 10088
2026/05/23 11:20:01.045, 2, 0, 10088
2026/05/23 11:20:01.046, 3, 0, 10088
2026/05/23 11:20:16.387, 0, 100, 10490
2026/05/23 11:20:16.390, 1, 100, 10088
2026/05/23 11:20:16.393, 2, 96, 10088
2026/05/23 11:20:16.395, 3, 59, 10088
2026/05/23 11:20:31.494, 0, 100, 10490
2026/05/23 11:20:31.498, 1, 100, 10088
2026/05/23 11:20:31.502, 2, 47, 10088
2026/05/23 11:20:31.505, 3, 100, 10088
2026/05/23 11:20:46.597, 0, 100, 10490
2026/05/23 11:20:46.599, 1, 0, 10088
2026/05/23 11:20:46.601, 2, 100, 10088
2026/05/23 11:20:46.602, 3, 100, 10088
2026/05/23 11:21:01.764, 0, 64, 10490
2026/05/23 11:21:01.768, 1, 100, 10088
2026/05/23 11:21:01.773, 2, 26, 10088
2026/05/23 11:21:01.776, 3, 100, 10088
2026/05/23 11:21:17.069, 0, 0, 10490
2026/05/23 11:21:17.072, 1, 0, 10088
2026/05/23 11:21:17.073, 2, 0, 10088
2026/05/23 11:21:17.075, 3, 0, 10088
2026/05/23 11:21:32.163, 0, 100, 10490
2026/05/23 11:21:32.167, 1, 0, 10088
2026/05/23 11:21:32.169, 2, 100, 10088
2026/05/23 11:21:32.172, 3, 0, 10088
2026/05/23 11:21:47.312, 0, 100, 10490
2026/05/23 11:21:47.315, 1, 100, 10088
2026/05/23 11:21:47.317, 2, 100, 10088
2026/05/23 11:21:47.320, 3, 67, 10088
2026/05/23 11:22:02.499, 0, 9, 10490
2026/05/23 11:22:02.501, 1, 0, 10088
2026/05/23 11:22:02.502, 2, 0, 10088
2026/05/23 11:22:02.503, 3, 0, 10088
2026/05/23 11:22:17.665, 0, 6, 10490
2026/05/23 11:22:17.667, 1, 0, 10088
2026/05/23 11:22:17.669, 2, 0, 10088
2026/05/23 11:22:17.670, 3, 0, 10088
2026/05/23 11:22:32.773, 0, 9, 10490
2026/05/23 11:22:32.775, 1, 0, 10088
2026/05/23 11:22:32.776, 2, 0, 10088
2026/05/23 11:22:32.778, 3, 0, 10088
2026/05/23 11:22:47.878, 0, 15, 10490
2026/05/23 11:22:47.880, 1, 0, 10088
2026/05/23 11:22:47.882, 2, 0, 10088
2026/05/23 11:22:47.883, 3, 0, 10088
2026/05/23 11:23:03.032, 0, 79, 10490
2026/05/23 11:23:03.035, 1, 0, 10088
2026/05/23 11:23:03.036, 2, 0, 10088
2026/05/23 11:23:03.039, 3, 100, 10088
2026/05/23 11:23:18.154, 0, 100, 10490
2026/05/23 11:23:18.158, 1, 35, 10088
2026/05/23 11:23:18.161, 2, 100, 10088
2026/05/23 11:23:18.165, 3, 100, 10088
2026/05/23 11:23:33.490, 0, 100, 10490
2026/05/23 11:23:33.494, 1, 100, 10088
2026/05/23 11:23:33.497, 2, 100, 10088
2026/05/23 11:23:33.501, 3, 100, 10088
2026/05/23 11:23:48.628, 0, 100, 10490
2026/05/23 11:23:48.632, 1, 93, 10088
2026/05/23 11:23:48.636, 2, 100, 10088
2026/05/23 11:23:48.638, 3, 100, 10088
2026/05/23 11:24:03.837, 0, 9, 10490
2026/05/23 11:24:03.841, 1, 0, 10088
2026/05/23 11:24:03.844, 2, 100, 10088
2026/05/23 11:24:03.847, 3, 0, 10088
2026/05/23 11:24:18.954, 0, 12, 10490
2026/05/23 11:24:18.956, 1, 0, 10088
2026/05/23 11:24:18.958, 2, 0, 10088
2026/05/23 11:24:18.959, 3, 0, 10088
2026/05/23 11:24:34.335, 0, 100, 10490
2026/05/23 11:24:34.339, 1, 0, 10088
2026/05/23 11:24:34.342, 2, 100, 10088
2026/05/23 11:24:34.346, 3, 91, 10088
2026/05/23 11:24:49.452, 0, 100, 10490
2026/05/23 11:24:49.455, 1, 100, 10088
2026/05/23 11:24:49.457, 2, 100, 10088
2026/05/23 11:24:49.460, 3, 100, 10088
2026/05/23 11:25:04.553, 0, 10, 10490
2026/05/23 11:25:04.557, 1, 0, 10088
2026/05/23 11:25:04.560, 2, 0, 10088
2026/05/23 11:25:04.563, 3, 0, 10088
2026/05/23 11:25:19.689, 0, 100, 10490
2026/05/23 11:25:19.692, 1, 100, 10088
2026/05/23 11:25:19.696, 2, 100, 10088
2026/05/23 11:25:19.698, 3, 100, 10088
2026/05/23 11:25:34.971, 0, 100, 10490
2026/05/23 11:25:34.975, 1, 100, 10088
2026/05/23 11:25:34.978, 2, 100, 10088
2026/05/23 11:25:34.982, 3, 100, 10088
2026/05/23 11:25:50.097, 0, 9, 10490
2026/05/23 11:25:50.100, 1, 0, 10088
2026/05/23 11:25:50.101, 2, 0, 10088
2026/05/23 11:25:50.102, 3, 0, 10088
2026/05/23 11:26:05.217, 0, 72, 10490
2026/05/23 11:26:05.221, 1, 100, 10088
2026/05/23 11:26:05.224, 2, 100, 10088
2026/05/23 11:26:05.227, 3, 100, 10088
2026/05/23 11:26:20.338, 0, 9, 10490
2026/05/23 11:26:20.340, 1, 0, 10088
2026/05/23 11:26:20.341, 2, 0, 10088
2026/05/23 11:26:20.342, 3, 0, 10088
2026/05/23 11:26:35.453, 0, 0, 10490
2026/05/23 11:26:35.455, 1, 0, 10088
2026/05/23 11:26:35.456, 2, 0, 10088
2026/05/23 11:26:35.458, 3, 0, 10088
2026/05/23 11:26:50.586, 0, 100, 10490
2026/05/23 11:26:50.589, 1, 100, 10088
2026/05/23 11:26:50.593, 2, 100, 10088
2026/05/23 11:26:50.597, 3, 100, 10088
2026/05/23 11:27:05.689, 0, 13, 10490
2026/05/23 11:27:05.692, 1, 0, 10088
2026/05/23 11:27:05.693, 2, 0, 10088
2026/05/23 11:27:05.694, 3, 0, 10088
2026/05/23 11:27:20.777, 0, 7, 10490
2026/05/23 11:27:20.780, 1, 0, 10088
2026/05/23 11:27:20.781, 2, 0, 10088
2026/05/23 11:27:20.782, 3, 0, 10088
2026/05/23 11:27:35.938, 0, 4, 10490
2026/05/23 11:27:35.940, 1, 100, 10088
2026/05/23 11:27:35.941, 2, 0, 10088
2026/05/23 11:27:35.943, 3, 100, 10088
2026/05/23 11:27:51.053, 0, 100, 10490
2026/05/23 11:27:51.056, 1, 100, 10088
2026/05/23 11:27:51.059, 2, 100, 10088
2026/05/23 11:27:51.062, 3, 100, 10088
2026/05/23 11:28:06.311, 0, 100, 10490
2026/05/23 11:28:06.314, 1, 100, 10088
2026/05/23 11:28:06.318, 2, 100, 10088
2026/05/23 11:28:06.321, 3, 100, 10088
2026/05/23 11:28:21.449, 0, 9, 10490
2026/05/23 11:28:21.451, 1, 0, 10088
2026/05/23 11:28:21.453, 2, 0, 10088
2026/05/23 11:28:21.454, 3, 0, 10088
2026/05/23 11:28:36.606, 0, 6, 10490
2026/05/23 11:28:36.608, 1, 0, 10088
2026/05/23 11:28:36.610, 2, 0, 10088
2026/05/23 11:28:36.611, 3, 0, 10088
2026/05/23 11:28:51.842, 0, 8, 10490
2026/05/23 11:28:51.844, 1, 0, 10088
2026/05/23 11:28:51.845, 2, 0, 10088
2026/05/23 11:28:51.846, 3, 0, 10088
2026/05/23 11:29:07.002, 0, 100, 10490
2026/05/23 11:29:07.007, 1, 0, 10088
2026/05/23 11:29:07.010, 2, 0, 10088
2026/05/23 11:29:07.013, 3, 0, 10088
2026/05/23 11:29:22.105, 0, 10, 10490
2026/05/23 11:29:22.108, 1, 0, 10088
2026/05/23 11:29:22.109, 2, 0, 10088
2026/05/23 11:29:22.110, 3, 0, 10088
2026/05/23 11:29:37.241, 0, 6, 10490
2026/05/23 11:29:37.243, 1, 0, 10088
2026/05/23 11:29:37.245, 2, 0, 10088
2026/05/23 11:29:37.246, 3, 0, 10088
2026/05/23 11:29:52.346, 0, 17, 10490
2026/05/23 11:29:52.348, 1, 0, 10088
2026/05/23 11:29:52.350, 2, 0, 10088
2026/05/23 11:29:52.351, 3, 0, 10088
2026/05/23 11:30:07.475, 0, 7, 10490
2026/05/23 11:30:07.479, 1, 100, 10088
2026/05/23 11:30:07.481, 2, 0, 10088
2026/05/23 11:30:07.484, 3, 87, 10088
2026/05/23 11:30:22.693, 0, 0, 10490
2026/05/23 11:30:22.697, 1, 100, 10088
2026/05/23 11:30:22.700, 2, 0, 10088
2026/05/23 11:30:22.702, 3, 0, 10088
2026/05/23 11:30:38.016, 0, 0, 10490
2026/05/23 11:30:38.018, 1, 0, 10088
2026/05/23 11:30:38.019, 2, 0, 10088
2026/05/23 11:30:38.020, 3, 0, 10088
2026/05/23 11:30:53.313, 0, 100, 10490
2026/05/23 11:30:53.317, 1, 100, 10088
2026/05/23 11:30:53.320, 2, 100, 10088
2026/05/23 11:30:53.323, 3, 71, 10088
2026/05/23 11:31:08.417, 0, 9, 10490
2026/05/23 11:31:08.419, 1, 0, 10088
2026/05/23 11:31:08.421, 2, 0, 10088
2026/05/23 11:31:08.422, 3, 0, 10088
2026/05/23 11:31:23.523, 0, 13, 10490
2026/05/23 11:31:23.525, 1, 0, 10088
2026/05/23 11:31:23.527, 2, 0, 10088
2026/05/23 11:31:23.528, 3, 0, 10088
2026/05/23 11:31:38.668, 0, 87, 10490
2026/05/23 11:31:38.670, 1, 100, 10088
2026/05/23 11:31:38.671, 2, 83, 10088
2026/05/23 11:31:38.673, 3, 100, 10088
2026/05/23 11:31:53.867, 0, 100, 10490
2026/05/23 11:31:53.878, 1, 100, 10088
2026/05/23 11:31:53.881, 2, 100, 10088
2026/05/23 11:31:53.883, 3, 100, 10088
2026/05/23 11:32:09.309, 0, 12, 10490
2026/05/23 11:32:09.311, 1, 0, 10088
2026/05/23 11:32:09.313, 2, 0, 10088
2026/05/23 11:32:09.314, 3, 0, 10088
2026/05/23 11:32:24.426, 0, 6, 10490
2026/05/23 11:32:24.430, 1, 100, 10088
2026/05/23 11:32:24.431, 2, 0, 10088
2026/05/23 11:32:24.434, 3, 0, 10088
2026/05/23 11:32:39.525, 0, 0, 10490
2026/05/23 11:32:39.527, 1, 0, 10088
2026/05/23 11:32:39.529, 2, 0, 10088
2026/05/23 11:32:39.530, 3, 0, 10088
2026/05/23 11:32:54.758, 0, 13, 10490
2026/05/23 11:32:54.864, 1, 0, 10088
2026/05/23 11:32:54.865, 2, 0, 10088
2026/05/23 11:32:54.866, 3, 0, 10088
2026/05/23 11:33:09.953, 0, 100, 10490
2026/05/23 11:33:09.955, 1, 100, 10088
2026/05/23 11:33:09.956, 2, 14, 10088
2026/05/23 11:33:09.958, 3, 100, 10088
2026/05/23 11:33:25.114, 0, 100, 10490
2026/05/23 11:33:25.118, 1, 100, 10088
2026/05/23 11:33:25.121, 2, 100, 10088
2026/05/23 11:33:25.124, 3, 93, 10088
2026/05/23 11:33:40.238, 0, 10, 10490
2026/05/23 11:33:40.240, 1, 0, 10088
2026/05/23 11:33:40.241, 2, 0, 10088
2026/05/23 11:33:40.242, 3, 0, 10088
2026/05/23 11:33:55.377, 0, 2, 10490
2026/05/23 11:33:55.379, 1, 0, 10088
2026/05/23 11:33:55.381, 2, 0, 10088
2026/05/23 11:33:55.382, 3, 0, 10088
2026/05/23 11:34:10.482, 0, 12, 10490
2026/05/23 11:34:10.484, 1, 0, 10088
2026/05/23 11:34:10.485, 2, 0, 10088
2026/05/23 11:34:10.487, 3, 0, 10088
2026/05/23 11:34:25.602, 0, 100, 10490
2026/05/23 11:34:25.606, 1, 100, 10088
2026/05/23 11:34:25.608, 2, 100, 10088
2026/05/23 11:34:25.611, 3, 100, 10088
2026/05/23 11:34:40.717, 0, 3, 10490
2026/05/23 11:34:40.719, 1, 0, 10088
2026/05/23 11:34:40.721, 2, 0, 10088
2026/05/23 11:34:40.722, 3, 0, 10088
2026/05/23 11:34:55.889, 0, 0, 10490
2026/05/23 11:34:55.891, 1, 0, 10088
2026/05/23 11:34:55.893, 2, 0, 10088
2026/05/23 11:34:55.894, 3, 0, 10088
2026/05/23 11:35:11.236, 0, 64, 10490
2026/05/23 11:35:11.239, 1, 100, 10088
2026/05/23 11:35:11.242, 2, 100, 10088
2026/05/23 11:35:11.244, 3, 100, 10088
2026/05/23 11:35:26.334, 0, 9, 10490
2026/05/23 11:35:26.336, 1, 0, 10088
2026/05/23 11:35:26.338, 2, 0, 10088
2026/05/23 11:35:26.339, 3, 0, 10088
2026/05/23 11:35:41.498, 0, 13, 10490
2026/05/23 11:35:41.501, 1, 0, 10088
2026/05/23 11:35:41.502, 2, 0, 10088
2026/05/23 11:35:41.503, 3, 0, 10088
2026/05/23 11:35:56.589, 0, 8, 10490
2026/05/23 11:35:56.591, 1, 0, 10088
2026/05/23 11:35:56.593, 2, 0, 10088
2026/05/23 11:35:56.594, 3, 0, 10088
2026/05/23 11:36:12.202, 0, 0, 10490
2026/05/23 11:36:12.205, 1, 100, 10088
2026/05/23 11:36:12.208, 2, 46, 10088
2026/05/23 11:36:12.210, 3, 18, 10088
2026/05/23 11:36:27.310, 0, 22, 10490
2026/05/23 11:36:27.314, 1, 0, 10088
2026/05/23 11:36:27.317, 2, 0, 10088
2026/05/23 11:36:27.320, 3, 99, 10088
2026/05/23 11:36:42.430, 0, 8, 10490
2026/05/23 11:36:42.432, 1, 0, 10088
2026/05/23 11:36:42.433, 2, 0, 10088
2026/05/23 11:36:42.434, 3, 0, 10088
2026/05/23 11:36:57.527, 0, 2, 10490
2026/05/23 11:36:57.531, 1, 100, 10088
2026/05/23 11:36:57.534, 2, 0, 10088
2026/05/23 11:36:57.538, 3, 94, 10088
2026/05/23 11:37:12.872, 0, 13, 10490
2026/05/23 11:37:12.873, 1, 0, 10088
2026/05/23 11:37:12.874, 2, 0, 10088
2026/05/23 11:37:12.875, 3, 0, 10088
2026/05/23 11:37:27.958, 0, 100, 10490
2026/05/23 11:37:27.961, 1, 1, 10088
2026/05/23 11:37:27.963, 2, 0, 10088
2026/05/23 11:37:27.964, 3, 100, 10088
2026/05/23 11:37:43.050, 0, 9, 10490
2026/05/23 11:37:43.052, 1, 100, 10088
2026/05/23 11:37:43.053, 2, 0, 10088
2026/05/23 11:37:43.054, 3, 100, 10088
2026/05/23 11:37:58.138, 0, 9, 10490
2026/05/23 11:37:58.140, 1, 0, 10088
2026/05/23 11:37:58.141, 2, 0, 10088
2026/05/23 11:37:58.142, 3, 0, 10088
2026/05/23 11:38:13.397, 0, 4, 10490
2026/05/23 11:38:13.399, 1, 0, 10088
2026/05/23 11:38:13.400, 2, 0, 10088
2026/05/23 11:38:13.401, 3, 0, 10088
2026/05/23 11:38:28.569, 0, 13, 10490
2026/05/23 11:38:28.572, 1, 0, 10088
2026/05/23 11:38:28.573, 2, 0, 10088
2026/05/23 11:38:28.574, 3, 0, 10088
2026/05/23 11:38:43.667, 0, 3, 10490
2026/05/23 11:38:43.670, 1, 100, 10088
2026/05/23 11:38:43.673, 2, 0, 10088
2026/05/23 11:38:43.675, 3, 97, 10088
2026/05/23 11:38:58.829, 0, 9, 10490
2026/05/23 11:38:58.831, 1, 0, 10088
2026/05/23 11:38:58.833, 2, 0, 10088
2026/05/23 11:38:58.834, 3, 0, 10088
2026/05/23 11:39:13.917, 0, 5, 10490
2026/05/23 11:39:13.919, 1, 0, 10088
2026/05/23 11:39:13.921, 2, 0, 10088
2026/05/23 11:39:13.922, 3, 0, 10088
2026/05/23 11:39:29.066, 0, 100, 10490
2026/05/23 11:39:29.068, 1, 100, 10088
2026/05/23 11:39:29.069, 2, 100, 10088
2026/05/23 11:39:29.071, 3, 62, 10088
2026/05/23 11:39:44.202, 0, 100, 10490
2026/05/23 11:39:44.206, 1, 97, 10088
2026/05/23 11:39:44.209, 2, 100, 10088
2026/05/23 11:39:44.213, 3, 100, 10088
2026/05/23 11:39:59.326, 0, 9, 10490
2026/05/23 11:39:59.328, 1, 0, 10088
2026/05/23 11:39:59.330, 2, 0, 10088
2026/05/23 11:39:59.331, 3, 0, 10088
2026/05/23 11:40:14.508, 0, 100, 10490
2026/05/23 11:40:14.512, 1, 100, 10088
2026/05/23 11:40:14.516, 2, 100, 10088
2026/05/23 11:40:14.518, 3, 100, 10088
2026/05/23 11:40:29.734, 0, 8, 10490
2026/05/23 11:40:29.736, 1, 0, 10088
2026/05/23 11:40:29.737, 2, 0, 10088
2026/05/23 11:40:29.738, 3, 0, 10088
2026/05/23 11:40:44.866, 0, 100, 10490
2026/05/23 11:40:44.870, 1, 100, 10088
2026/05/23 11:40:44.874, 2, 29, 10088
2026/05/23 11:40:44.876, 3, 100, 10088
2026/05/23 11:41:00.112, 0, 71, 10490
2026/05/23 11:41:00.116, 1, 100, 10088
2026/05/23 11:41:00.119, 2, 100, 10088
2026/05/23 11:41:00.121, 3, 98, 10088
2026/05/23 11:41:15.258, 0, 100, 10490
2026/05/23 11:41:15.262, 1, 100, 10088
2026/05/23 11:41:15.265, 2, 69, 10088
2026/05/23 11:41:15.268, 3, 100, 10088
2026/05/23 11:41:30.653, 0, 0, 10490
2026/05/23 11:41:30.655, 1, 0, 10088
2026/05/23 11:41:30.657, 2, 0, 10088
2026/05/23 11:41:30.658, 3, 0, 10088
2026/05/23 11:41:46.095, 0, 0, 10490
2026/05/23 11:41:46.097, 1, 0, 10088
2026/05/23 11:41:46.098, 2, 0, 10088
2026/05/23 11:41:46.100, 3, 0, 10088
2026/05/23 11:42:01.222, 0, 100, 10490
2026/05/23 11:42:01.225, 1, 100, 10088
2026/05/23 11:42:01.228, 2, 77, 10088
2026/05/23 11:42:01.231, 3, 100, 10088
2026/05/23 11:42:16.325, 0, 8, 10490
2026/05/23 11:42:16.327, 1, 0, 10088
2026/05/23 11:42:16.328, 2, 0, 10088
2026/05/23 11:42:16.330, 3, 0, 10088
2026/05/23 11:42:31.407, 0, 100, 10490
2026/05/23 11:42:31.409, 1, 100, 10088
2026/05/23 11:42:31.410, 2, 100, 10088
2026/05/23 11:42:31.411, 3, 100, 10088
2026/05/23 11:42:46.510, 0, 13, 10490
2026/05/23 11:42:46.512, 1, 0, 10088
2026/05/23 11:42:46.514, 2, 0, 10088
2026/05/23 11:42:46.515, 3, 0, 10088
2026/05/23 11:43:01.810, 0, 0, 10490
2026/05/23 11:43:01.814, 1, 100, 10088
2026/05/23 11:43:01.817, 2, 0, 10088
2026/05/23 11:43:01.820, 3, 96, 10088
2026/05/23 11:43:17.163, 0, 100, 10490
2026/05/23 11:43:17.166, 1, 83, 10088
2026/05/23 11:43:17.169, 2, 100, 10088
2026/05/23 11:43:17.172, 3, 100, 10088
2026/05/23 11:43:32.616, 0, 100, 10490
2026/05/23 11:43:32.619, 1, 100, 10088
2026/05/23 11:43:32.621, 2, 0, 10088
2026/05/23 11:43:32.623, 3, 100, 10088
2026/05/23 11:43:47.848, 0, 100, 10490
2026/05/23 11:43:48.104, 1, 69, 10088
2026/05/23 11:43:48.107, 2, 100, 10088
2026/05/23 11:43:48.110, 3, 100, 10088
2026/05/23 11:44:03.202, 0, 9, 10490
2026/05/23 11:44:03.204, 1, 0, 10088
2026/05/23 11:44:03.206, 2, 0, 10088
2026/05/23 11:44:03.207, 3, 0, 10088
2026/05/23 11:44:18.307, 0, 13, 10490
2026/05/23 11:44:18.309, 1, 0, 10088
2026/05/23 11:44:18.310, 2, 0, 10088
2026/05/23 11:44:18.312, 3, 0, 10088
2026/05/23 11:44:33.551, 0, 100, 10490
2026/05/23 11:44:33.554, 1, 0, 10088
2026/05/23 11:44:33.556, 2, 100, 10088
2026/05/23 11:44:33.559, 3, 100, 10088
2026/05/23 11:44:48.650, 0, 8, 10490
2026/05/23 11:44:48.652, 1, 0, 10088
2026/05/23 11:44:48.653, 2, 0, 10088
2026/05/23 11:44:48.654, 3, 0, 10088
2026/05/23 11:45:03.761, 0, 8, 10490
2026/05/23 11:45:03.765, 1, 0, 10088
2026/05/23 11:45:03.769, 2, 0, 10088
2026/05/23 11:45:03.772, 3, 0, 10088
2026/05/23 11:45:18.895, 0, 9, 10490
2026/05/23 11:45:18.899, 1, 0, 10088
2026/05/23 11:45:18.902, 2, 100, 10088
2026/05/23 11:45:18.904, 3, 0, 10088
2026/05/23 11:45:34.001, 0, 2, 10490
2026/05/23 11:45:34.003, 1, 0, 10088
2026/05/23 11:45:34.005, 2, 0, 10088
2026/05/23 11:45:34.006, 3, 0, 10088
2026/05/23 11:45:49.345, 0, 15, 10490
2026/05/23 11:45:49.347, 1, 0, 10088
2026/05/23 11:45:49.348, 2, 0, 10088
2026/05/23 11:45:49.349, 3, 0, 10088
2026/05/23 11:46:04.735, 0, 75, 10490
2026/05/23 11:46:04.738, 1, 100, 10088
2026/05/23 11:46:04.740, 2, 0, 10088
2026/05/23 11:46:04.742, 3, 100, 10088
2026/05/23 11:46:19.834, 0, 9, 10490
2026/05/23 11:46:19.837, 1, 0, 10088
2026/05/23 11:46:19.838, 2, 0, 10088
2026/05/23 11:46:19.839, 3, 0, 10088
2026/05/23 11:46:34.978, 0, 2, 10490
2026/05/23 11:46:34.980, 1, 0, 10088
2026/05/23 11:46:34.981, 2, 0, 10088
2026/05/23 11:46:34.982, 3, 0, 10088
2026/05/23 11:46:50.134, 0, 0, 10490
2026/05/23 11:46:50.136, 1, 0, 10088
2026/05/23 11:46:50.137, 2, 0, 10088
2026/05/23 11:46:50.139, 3, 0, 10088
2026/05/23 11:47:05.221, 0, 12, 10490
2026/05/23 11:47:05.224, 1, 0, 10088
2026/05/23 11:47:05.225, 2, 0, 10088
2026/05/23 11:47:05.226, 3, 0, 10088
2026/05/23 11:47:20.309, 0, 9, 10490
2026/05/23 11:47:20.311, 1, 0, 10088
2026/05/23 11:47:20.313, 2, 0, 10088
2026/05/23 11:47:20.314, 3, 0, 10088
2026/05/23 11:47:35.403, 0, 9, 10490
2026/05/23 11:47:35.407, 1, 0, 10088
2026/05/23 11:47:35.411, 2, 0, 10088
2026/05/23 11:47:35.414, 3, 0, 10088
2026/05/23 11:47:50.529, 0, 100, 10490
2026/05/23 11:47:50.533, 1, 100, 10088
2026/05/23 11:47:50.535, 2, 50, 10088
2026/05/23 11:47:50.536, 3, 100, 10088
2026/05/23 11:48:05.742, 0, 31, 10490
2026/05/23 11:48:05.743, 1, 0, 10088
2026/05/23 11:48:05.744, 2, 100, 10088
2026/05/23 11:48:05.745, 3, 0, 10088
2026/05/23 11:48:20.993, 0, 79, 10490
2026/05/23 11:48:20.995, 1, 0, 10088
2026/05/23 11:48:20.997, 2, 0, 10088
2026/05/23 11:48:20.998, 3, 3, 10088
2026/05/23 11:48:36.210, 0, 100, 10490
2026/05/23 11:48:36.214, 1, 100, 10088
2026/05/23 11:48:36.395, 2, 100, 10088
2026/05/23 11:48:36.396, 3, 100, 10088
2026/05/23 11:48:51.478, 0, 9, 10490
2026/05/23 11:48:51.480, 1, 0, 10088
2026/05/23 11:48:51.481, 2, 0, 10088
2026/05/23 11:48:51.482, 3, 0, 10088
2026/05/23 11:49:06.565, 0, 9, 10490
2026/05/23 11:49:06.567, 1, 0, 10088
2026/05/23 11:49:06.569, 2, 0, 10088
2026/05/23 11:49:06.570, 3, 0, 10088
2026/05/23 11:49:21.752, 0, 2, 10490
2026/05/23 11:49:21.755, 1, 100, 10088
2026/05/23 11:49:21.817, 2, 0, 10088
2026/05/23 11:49:21.819, 3, 0, 10088
2026/05/23 11:49:37.010, 0, 7, 10490
2026/05/23 11:49:37.012, 1, 0, 10088
2026/05/23 11:49:37.013, 2, 0, 10088
2026/05/23 11:49:37.014, 3, 0, 10088
2026/05/23 11:49:52.114, 0, 34, 10490
2026/05/23 11:49:52.116, 1, 100, 10088
2026/05/23 11:49:52.117, 2, 100, 10088
2026/05/23 11:49:52.118, 3, 100, 10088
2026/05/23 11:50:07.218, 0, 12, 10490
2026/05/23 11:50:07.220, 1, 0, 10088
2026/05/23 11:50:07.221, 2, 0, 10088
2026/05/23 11:50:07.223, 3, 0, 10088
2026/05/23 11:50:22.305, 0, 3, 10490
2026/05/23 11:50:22.307, 1, 0, 10088
2026/05/23 11:50:22.309, 2, 0, 10088
2026/05/23 11:50:22.310, 3, 0, 10088
2026/05/23 11:50:37.477, 0, 1, 10490
2026/05/23 11:50:37.479, 1, 87, 10088
2026/05/23 11:50:37.481, 2, 0, 10088
2026/05/23 11:50:37.482, 3, 0, 10088
2026/05/23 11:50:52.569, 0, 100, 10490
2026/05/23 11:50:52.572, 1, 100, 10088
2026/05/23 11:50:52.573, 2, 100, 10088
2026/05/23 11:50:52.574, 3, 100, 10088
2026/05/23 11:51:07.661, 0, 9, 10490
2026/05/23 11:51:07.663, 1, 0, 10088
2026/05/23 11:51:07.665, 2, 0, 10088
2026/05/23 11:51:07.666, 3, 0, 10088
2026/05/23 11:51:22.749, 0, 7, 10490
2026/05/23 11:51:22.751, 1, 0, 10088
2026/05/23 11:51:22.753, 2, 0, 10088
2026/05/23 11:51:22.754, 3, 0, 10088
2026/05/23 11:51:38.287, 0, 2, 10490
2026/05/23 11:51:38.290, 1, 0, 10088
2026/05/23 11:51:38.291, 2, 0, 10088
2026/05/23 11:51:38.293, 3, 0, 10088
2026/05/23 11:51:53.645, 0, 100, 10490
2026/05/23 11:51:53.647, 1, 0, 10088
2026/05/23 11:51:53.649, 2, 100, 10088
2026/05/23 11:51:53.650, 3, 44, 10088
2026/05/23 11:52:08.725, 0, 100, 10490
2026/05/23 11:52:08.727, 1, 7, 10088
2026/05/23 11:52:08.728, 2, 100, 10088
2026/05/23 11:52:08.729, 3, 100, 10088
2026/05/23 11:52:23.855, 0, 6, 10490
2026/05/23 11:52:23.859, 1, 100, 10088
2026/05/23 11:52:23.862, 2, 0, 10088
2026/05/23 11:52:23.865, 3, 0, 10088
2026/05/23 11:52:38.970, 0, 4, 10490
2026/05/23 11:52:38.973, 1, 100, 10088
2026/05/23 11:52:38.976, 2, 100, 10088
2026/05/23 11:52:38.979, 3, 0, 10088
2026/05/23 11:52:54.078, 0, 2, 10490
2026/05/23 11:52:54.082, 1, 0, 10088
2026/05/23 11:52:54.085, 2, 0, 10088
2026/05/23 11:52:54.088, 3, 0, 10088
2026/05/23 11:53:09.615, 0, 0, 10490
2026/05/23 11:53:09.617, 1, 0, 10088
2026/05/23 11:53:09.618, 2, 0, 10088
2026/05/23 11:53:09.619, 3, 0, 10088
2026/05/23 11:53:24.896, 0, 9, 10490
2026/05/23 11:53:24.898, 1, 0, 10088
2026/05/23 11:53:24.899, 2, 0, 10088
2026/05/23 11:53:24.901, 3, 0, 10088
2026/05/23 11:53:40.029, 0, 100, 10490
2026/05/23 11:53:40.031, 1, 100, 10088
2026/05/23 11:53:40.032, 2, 0, 10088
2026/05/23 11:53:40.034, 3, 100, 10088
2026/05/23 11:53:55.170, 0, 100, 10490
2026/05/23 11:53:55.174, 1, 100, 10088
2026/05/23 11:53:55.178, 2, 41, 10088
2026/05/23 11:53:55.181, 3, 100, 10088
2026/05/23 11:54:10.290, 0, 8, 10490
2026/05/23 11:54:10.292, 1, 0, 10088
2026/05/23 11:54:10.293, 2, 0, 10088
2026/05/23 11:54:10.294, 3, 0, 10088
2026/05/23 11:54:25.377, 0, 9, 10490
2026/05/23 11:54:25.379, 1, 0, 10088
2026/05/23 11:54:25.381, 2, 0, 10088
2026/05/23 11:54:25.382, 3, 0, 10088
2026/05/23 11:54:40.502, 0, 9, 10490
2026/05/23 11:54:40.504, 1, 0, 10088
2026/05/23 11:54:40.505, 2, 0, 10088
2026/05/23 11:54:40.507, 3, 0, 10088
2026/05/23 11:54:55.649, 0, 100, 10490
2026/05/23 11:54:55.653, 1, 1, 10088
2026/05/23 11:54:55.656, 2, 100, 10088
2026/05/23 11:54:55.659, 3, 100, 10088
2026/05/23 11:55:10.801, 0, 100, 10490
2026/05/23 11:55:10.804, 1, 57, 10088
2026/05/23 11:55:10.805, 2, 100, 10088
2026/05/23 11:55:10.806, 3, 0, 10088
2026/05/23 11:55:25.909, 0, 8, 10490
2026/05/23 11:55:25.911, 1, 0, 10088
2026/05/23 11:55:25.912, 2, 0, 10088
2026/05/23 11:55:25.914, 3, 0, 10088
2026/05/23 11:55:40.997, 0, 9, 10490
2026/05/23 11:55:40.999, 1, 0, 10088
2026/05/23 11:55:41.000, 2, 0, 10088
2026/05/23 11:55:41.002, 3, 0, 10088
2026/05/23 11:55:56.190, 0, 9, 10490
2026/05/23 11:55:56.192, 1, 100, 10088
2026/05/23 11:55:56.193, 2, 68, 10088
2026/05/23 11:55:56.194, 3, 100, 10088
2026/05/23 11:56:11.318, 0, 17, 10490
2026/05/23 11:56:11.320, 1, 0, 10088
2026/05/23 11:56:11.321, 2, 0, 10088
2026/05/23 11:56:11.323, 3, 0, 10088
2026/05/23 11:56:26.563, 0, 8, 10490
2026/05/23 11:56:26.565, 1, 0, 10088
2026/05/23 11:56:26.566, 2, 0, 10088
2026/05/23 11:56:26.567, 3, 0, 10088
2026/05/23 11:56:41.841, 0, 100, 10490
2026/05/23 11:56:41.845, 1, 100, 10088
2026/05/23 11:56:41.848, 2, 100, 10088
2026/05/23 11:56:41.851, 3, 100, 10088
2026/05/23 11:56:57.142, 0, 100, 10490
2026/05/23 11:56:57.144, 1, 100, 10088
2026/05/23 11:56:57.146, 2, 26, 10088
2026/05/23 11:56:57.147, 3, 100, 10088
2026/05/23 11:57:12.229, 0, 8, 10490
2026/05/23 11:57:12.231, 1, 0, 10088
2026/05/23 11:57:12.233, 2, 0, 10088
2026/05/23 11:57:12.234, 3, 0, 10088
2026/05/23 11:57:27.334, 0, 19, 10490
2026/05/23 11:57:27.336, 1, 0, 10088
2026/05/23 11:57:27.338, 2, 0, 10088
2026/05/23 11:57:27.339, 3, 0, 10088
2026/05/23 11:57:42.494, 0, 5, 10490
2026/05/23 11:57:42.497, 1, 0, 10088
2026/05/23 11:57:42.498, 2, 0, 10088
2026/05/23 11:57:42.500, 3, 0, 10088
2026/05/23 11:57:57.814, 0, 100, 10490
2026/05/23 11:57:57.817, 1, 100, 10088
2026/05/23 11:57:57.819, 2, 0, 10088
2026/05/23 11:57:57.822, 3, 100, 10088
2026/05/23 11:58:13.229, 0, 10, 10490
2026/05/23 11:58:13.232, 1, 0, 10088
2026/05/23 11:58:13.233, 2, 0, 10088
2026/05/23 11:58:13.234, 3, 0, 10088
2026/05/23 11:58:28.317, 0, 5, 10490
2026/05/23 11:58:28.319, 1, 0, 10088
2026/05/23 11:58:28.321, 2, 0, 10088
2026/05/23 11:58:28.322, 3, 0, 10088
2026/05/23 11:58:43.422, 0, 100, 10490
2026/05/23 11:58:43.424, 1, 100, 10088
2026/05/23 11:58:43.425, 2, 100, 10088
2026/05/23 11:58:43.426, 3, 52, 10088
2026/05/23 11:58:58.584, 0, 8, 10490
2026/05/23 11:58:58.586, 1, 0, 10088
2026/05/23 11:58:58.587, 2, 0, 10088
2026/05/23 11:58:58.589, 3, 0, 10088
2026/05/23 11:59:13.778, 0, 100, 10490
2026/05/23 11:59:13.781, 1, 100, 10088
2026/05/23 11:59:13.785, 2, 100, 10088
2026/05/23 11:59:13.788, 3, 100, 10088
2026/05/23 11:59:28.892, 0, 100, 10490
2026/05/23 11:59:28.896, 1, 100, 10088
2026/05/23 11:59:28.899, 2, 0, 10088
2026/05/23 11:59:28.901, 3, 0, 10088
2026/05/23 11:59:44.119, 0, 100, 10490
2026/05/23 11:59:44.123, 1, 100, 10088
2026/05/23 11:59:44.126, 2, 100, 10088
2026/05/23 11:59:44.129, 3, 100, 10088
2026/05/23 11:59:59.492, 0, 0, 10490
2026/05/23 11:59:59.493, 1, 100, 10088
2026/05/23 11:59:59.494, 2, 100, 10088
2026/05/23 11:59:59.495, 3, 0, 10088
2026/05/23 12:00:14.587, 0, 100, 10490
2026/05/23 12:00:14.590, 1, 100, 10088
2026/05/23 12:00:14.592, 2, 100, 10088
2026/05/23 12:00:14.596, 3, 100, 10088
2026/05/23 12:00:29.706, 0, 10, 10490
2026/05/23 12:00:29.708, 1, 0, 10088
2026/05/23 12:00:29.710, 2, 0, 10088
2026/05/23 12:00:29.711, 3, 0, 10088
2026/05/23 12:00:44.793, 0, 5, 10490
2026/05/23 12:00:44.795, 1, 0, 10088
2026/05/23 12:00:44.797, 2, 0, 10088
2026/05/23 12:00:44.798, 3, 0, 10088
2026/05/23 12:01:00.134, 0, 4, 10490
2026/05/23 12:01:00.136, 1, 0, 10088
2026/05/23 12:01:00.137, 2, 0, 10088
2026/05/23 12:01:00.138, 3, 0, 10088
2026/05/23 12:01:15.241, 0, 2, 10490
2026/05/23 12:01:15.243, 1, 100, 10088
2026/05/23 12:01:15.244, 2, 100, 10088
2026/05/23 12:01:15.245, 3, 100, 10088
2026/05/23 12:01:30.418, 0, 100, 10490
2026/05/23 12:01:30.422, 1, 100, 10088
2026/05/23 12:01:30.507, 2, 95, 10088
2026/05/23 12:01:30.510, 3, 100, 10088
2026/05/23 12:01:45.637, 0, 100, 10490
2026/05/23 12:01:45.642, 1, 100, 10088
2026/05/23 12:01:45.645, 2, 0, 10088
2026/05/23 12:01:45.647, 3, 100, 10088
2026/05/23 12:02:00.794, 0, 100, 10490
2026/05/23 12:02:00.796, 1, 100, 10088
2026/05/23 12:02:00.797, 2, 100, 10088
2026/05/23 12:02:00.798, 3, 100, 10088
2026/05/23 12:02:15.889, 0, 100, 10490
2026/05/23 12:02:15.893, 1, 77, 10088
2026/05/23 12:02:15.896, 2, 100, 10088
2026/05/23 12:02:15.899, 3, 100, 10088
2026/05/23 12:02:31.049, 0, 27, 10490
2026/05/23 12:02:31.053, 1, 100, 10088
2026/05/23 12:02:31.056, 2, 100, 10088
2026/05/23 12:02:31.059, 3, 0, 10088
2026/05/23 12:02:46.210, 0, 5, 10490
2026/05/23 12:02:46.212, 1, 0, 10088
2026/05/23 12:02:46.213, 2, 0, 10088
2026/05/23 12:02:46.215, 3, 0, 10088
2026/05/23 12:03:01.490, 0, 9, 10490
2026/05/23 12:03:01.493, 1, 0, 10088
2026/05/23 12:03:01.494, 2, 0, 10088
2026/05/23 12:03:01.495, 3, 0, 10088
2026/05/23 12:03:16.591, 0, 100, 10490
2026/05/23 12:03:16.595, 1, 0, 10088
2026/05/23 12:03:16.599, 2, 100, 10088
2026/05/23 12:03:16.602, 3, 100, 10088
2026/05/23 12:03:31.854, 0, 100, 10490
2026/05/23 12:03:31.856, 1, 100, 10088
2026/05/23 12:03:31.857, 2, 100, 10088
2026/05/23 12:03:31.858, 3, 100, 10088
2026/05/23 12:03:46.973, 0, 8, 10490
2026/05/23 12:03:46.975, 1, 0, 10088
2026/05/23 12:03:46.977, 2, 0, 10088
2026/05/23 12:03:46.978, 3, 0, 10088
2026/05/23 12:04:02.111, 0, 100, 10490
2026/05/23 12:04:02.115, 1, 58, 10088
2026/05/23 12:04:02.118, 2, 100, 10088
2026/05/23 12:04:02.121, 3, 100, 10088
2026/05/23 12:04:17.231, 0, 5, 10490
2026/05/23 12:04:17.233, 1, 0, 10088
2026/05/23 12:04:17.236, 2, 100, 10088
2026/05/23 12:04:17.240, 3, 0, 10088
2026/05/23 12:04:32.358, 0, 16, 10490
2026/05/23 12:04:32.361, 1, 0, 10088
2026/05/23 12:04:32.362, 2, 0, 10088
2026/05/23 12:04:32.363, 3, 0, 10088
2026/05/23 12:04:47.445, 0, 3, 10490
2026/05/23 12:04:47.447, 1, 0, 10088
2026/05/23 12:04:47.448, 2, 0, 10088
2026/05/23 12:04:47.450, 3, 0, 10088
2026/05/23 12:05:02.557, 0, 10, 10490
2026/05/23 12:05:02.560, 1, 0, 10088
2026/05/23 12:05:02.563, 2, 0, 10088
2026/05/23 12:05:02.566, 3, 0, 10088
2026/05/23 12:05:17.657, 0, 9, 10490
2026/05/23 12:05:17.659, 1, 100, 10088
2026/05/23 12:05:17.661, 2, 0, 10088
2026/05/23 12:05:17.662, 3, 0, 10088
2026/05/23 12:05:32.841, 0, 38, 10490
2026/05/23 12:05:32.845, 1, 100, 10088
2026/05/23 12:05:32.849, 2, 0, 10088
2026/05/23 12:05:32.852, 3, 0, 10088
2026/05/23 12:05:48.093, 0, 100, 10490
2026/05/23 12:05:48.096, 1, 84, 10088
2026/05/23 12:05:48.099, 2, 100, 10088
2026/05/23 12:05:48.103, 3, 100, 10088
2026/05/23 12:06:03.226, 0, 0, 10490
2026/05/23 12:06:03.228, 1, 0, 10088
2026/05/23 12:06:03.229, 2, 0, 10088
2026/05/23 12:06:03.231, 3, 0, 10088
2026/05/23 12:06:18.523, 0, 100, 10490
2026/05/23 12:06:18.528, 1, 100, 10088
2026/05/23 12:06:18.531, 2, 62, 10088
2026/05/23 12:06:18.534, 3, 100, 10088
2026/05/23 12:06:33.698, 0, 7, 10490
2026/05/23 12:06:33.700, 1, 0, 10088
2026/05/23 12:06:33.701, 2, 65, 10088
2026/05/23 12:06:33.703, 3, 0, 10088
2026/05/23 12:06:48.885, 0, 9, 10490
2026/05/23 12:06:48.887, 1, 0, 10088
2026/05/23 12:06:48.889, 2, 0, 10088
2026/05/23 12:06:48.890, 3, 0, 10088
2026/05/23 12:07:03.974, 0, 0, 10490
2026/05/23 12:07:03.976, 1, 0, 10088
2026/05/23 12:07:03.978, 2, 0, 10088
2026/05/23 12:07:03.979, 3, 0, 10088
2026/05/23 12:07:19.214, 0, 6, 10490
2026/05/23 12:07:19.217, 1, 0, 10088
2026/05/23 12:07:19.218, 2, 0, 10088
2026/05/23 12:07:19.219, 3, 0, 10088
2026/05/23 12:07:34.309, 0, 3, 10490
2026/05/23 12:07:34.311, 1, 0, 10088
2026/05/23 12:07:34.313, 2, 0, 10088
2026/05/23 12:07:34.314, 3, 0, 10088
2026/05/23 12:07:49.418, 0, 93, 10490
2026/05/23 12:07:49.420, 1, 100, 10088
2026/05/23 12:07:49.422, 2, 100, 10088
2026/05/23 12:07:49.423, 3, 21, 10088
2026/05/23 12:08:04.558, 0, 100, 10490
2026/05/23 12:08:04.562, 1, 0, 10088
2026/05/23 12:08:04.565, 2, 100, 10088
2026/05/23 12:08:04.567, 3, 100, 10088
2026/05/23 12:08:19.661, 0, 0, 10490
2026/05/23 12:08:19.663, 1, 0, 10088
2026/05/23 12:08:19.664, 2, 0, 10088
2026/05/23 12:08:19.666, 3, 0, 10088
2026/05/23 12:08:35.102, 0, 9, 10490
2026/05/23 12:08:35.106, 1, 10, 10088
2026/05/23 12:08:35.109, 2, 85, 10088
2026/05/23 12:08:35.112, 3, 0, 10088
2026/05/23 12:08:50.245, 0, 100, 10490
2026/05/23 12:08:50.247, 1, 0, 10088
2026/05/23 12:08:50.249, 2, 0, 10088
2026/05/23 12:08:50.250, 3, 0, 10088
2026/05/23 12:09:05.372, 0, 100, 10490
2026/05/23 12:09:05.377, 1, 75, 10088
2026/05/23 12:09:05.380, 2, 100, 10088
2026/05/23 12:09:05.383, 3, 100, 10088
2026/05/23 12:09:20.478, 0, 0, 10490
2026/05/23 12:09:20.480, 1, 0, 10088
2026/05/23 12:09:20.481, 2, 0, 10088
2026/05/23 12:09:20.482, 3, 0, 10088
2026/05/23 12:09:35.834, 0, 100, 10490
2026/05/23 12:09:35.837, 1, 100, 10088
2026/05/23 12:09:35.840, 2, 68, 10088
2026/05/23 12:09:35.842, 3, 0, 10088
2026/05/23 12:09:50.953, 0, 100, 10490
2026/05/23 12:09:50.957, 1, 100, 10088
2026/05/23 12:09:50.960, 2, 100, 10088
2026/05/23 12:09:50.963, 3, 100, 10088
2026/05/23 12:10:06.078, 0, 13, 10490
2026/05/23 12:10:06.080, 1, 0, 10088
2026/05/23 12:10:06.081, 2, 0, 10088
2026/05/23 12:10:06.083, 3, 0, 10088
2026/05/23 12:10:21.165, 0, 8, 10490
2026/05/23 12:10:21.167, 1, 0, 10088
2026/05/23 12:10:21.169, 2, 0, 10088
2026/05/23 12:10:21.171, 3, 0, 10088
2026/05/23 12:10:36.269, 0, 9, 10490
2026/05/23 12:10:36.271, 1, 0, 10088
2026/05/23 12:10:36.272, 2, 0, 10088
2026/05/23 12:10:36.274, 3, 0, 10088
2026/05/23 12:10:51.357, 0, 9, 10490
2026/05/23 12:10:51.359, 1, 0, 10088
2026/05/23 12:10:51.360, 2, 0, 10088
2026/05/23 12:10:51.362, 3, 100, 10088
2026/05/23 12:11:06.517, 0, 100, 10490
2026/05/23 12:11:06.521, 1, 100, 10088
2026/05/23 12:11:06.524, 2, 72, 10088
2026/05/23 12:11:06.528, 3, 100, 10088
2026/05/23 12:11:21.677, 0, 9, 10490
2026/05/23 12:11:21.680, 1, 87, 10088
2026/05/23 12:11:21.741, 2, 0, 10088
2026/05/23 12:11:21.745, 3, 0, 10088
2026/05/23 12:11:37.129, 0, 1, 10490
2026/05/23 12:11:37.131, 1, 0, 10088
2026/05/23 12:11:37.132, 2, 0, 10088
2026/05/23 12:11:37.134, 3, 0, 10088
2026/05/23 12:11:52.237, 0, 9, 10490
2026/05/23 12:11:52.239, 1, 0, 10088
2026/05/23 12:11:52.240, 2, 0, 10088
2026/05/23 12:11:52.242, 3, 0, 10088
2026/05/23 12:12:07.334, 0, 3, 10490
2026/05/23 12:12:07.336, 1, 100, 10088
2026/05/23 12:12:07.337, 2, 100, 10088
2026/05/23 12:12:07.338, 3, 100, 10088
2026/05/23 12:12:22.437, 0, 9, 10490
2026/05/23 12:12:22.439, 1, 0, 10088
2026/05/23 12:12:22.441, 2, 0, 10088
2026/05/23 12:12:22.442, 3, 0, 10088
2026/05/23 12:12:37.617, 0, 7, 10490
2026/05/23 12:12:37.619, 1, 0, 10088
2026/05/23 12:12:37.621, 2, 0, 10088
2026/05/23 12:12:37.622, 3, 0, 10088
2026/05/23 12:12:52.714, 0, 10, 10490
2026/05/23 12:12:52.718, 1, 0, 10088
2026/05/23 12:12:52.722, 2, 0, 10088
2026/05/23 12:12:52.724, 3, 0, 10088
2026/05/23 12:13:07.821, 0, 6, 10490
2026/05/23 12:13:07.823, 1, 0, 10088
2026/05/23 12:13:07.825, 2, 0, 10088
2026/05/23 12:13:07.826, 3, 0, 10088
2026/05/23 12:13:22.909, 0, 9, 10490
2026/05/23 12:13:22.911, 1, 0, 10088
2026/05/23 12:13:22.913, 2, 0, 10088
2026/05/23 12:13:22.914, 3, 0, 10088
2026/05/23 12:13:38.073, 0, 0, 10490
2026/05/23 12:13:38.075, 1, 0, 10088
2026/05/23 12:13:38.076, 2, 0, 10088
2026/05/23 12:13:38.078, 3, 0, 10088
2026/05/23 12:13:53.176, 0, 100, 10490
2026/05/23 12:13:53.178, 1, 100, 10088
2026/05/23 12:13:53.179, 2, 0, 10088
2026/05/23 12:13:53.180, 3, 100, 10088
2026/05/23 12:14:08.277, 0, 100, 10490
2026/05/23 12:14:08.279, 1, 100, 10088
2026/05/23 12:14:08.281, 2, 0, 10088
2026/05/23 12:14:08.282, 3, 100, 10088
2026/05/23 12:14:23.401, 0, 14, 10490
2026/05/23 12:14:23.404, 1, 0, 10088
2026/05/23 12:14:23.405, 2, 0, 10088
2026/05/23 12:14:23.406, 3, 0, 10088
2026/05/23 12:14:38.874, 0, 0, 10490
2026/05/23 12:14:38.877, 1, 87, 10088
2026/05/23 12:14:38.880, 2, 0, 10088
2026/05/23 12:14:38.882, 3, 0, 10088
2026/05/23 12:14:53.974, 0, 8, 10490
2026/05/23 12:14:53.976, 1, 0, 10088
2026/05/23 12:14:53.977, 2, 0, 10088
2026/05/23 12:14:53.978, 3, 0, 10088
2026/05/23 12:15:09.099, 0, 100, 10490
2026/05/23 12:15:09.102, 1, 100, 10088
2026/05/23 12:15:09.105, 2, 100, 10088
2026/05/23 12:15:09.108, 3, 100, 10088
2026/05/23 12:15:24.287, 0, 100, 10490
2026/05/23 12:15:24.291, 1, 83, 10088
2026/05/23 12:15:24.295, 2, 100, 10088
2026/05/23 12:15:24.297, 3, 100, 10088
2026/05/23 12:15:39.496, 0, 4, 10490
2026/05/23 12:15:39.498, 1, 0, 10088
2026/05/23 12:15:39.499, 2, 0, 10088
2026/05/23 12:15:39.501, 3, 0, 10088
2026/05/23 12:15:54.682, 0, 100, 10490
2026/05/23 12:15:54.686, 1, 100, 10088
2026/05/23 12:15:54.689, 2, 100, 10088
2026/05/23 12:15:54.692, 3, 100, 10088
2026/05/23 12:16:09.791, 0, 9, 10490
2026/05/23 12:16:09.796, 1, 100, 10088
2026/05/23 12:16:09.799, 2, 0, 10088
2026/05/23 12:16:09.801, 3, 0, 10088
2026/05/23 12:16:24.917, 0, 100, 10490
2026/05/23 12:16:24.921, 1, 87, 10088
2026/05/23 12:16:24.924, 2, 100, 10088
2026/05/23 12:16:24.927, 3, 100, 10088
2026/05/23 12:16:40.022, 0, 7, 10490
2026/05/23 12:16:40.024, 1, 0, 10088
2026/05/23 12:16:40.025, 2, 0, 10088
2026/05/23 12:16:40.026, 3, 0, 10088
2026/05/23 12:16:55.149, 0, 37, 10490
2026/05/23 12:16:55.151, 1, 0, 10088
2026/05/23 12:16:55.152, 2, 0, 10088
2026/05/23 12:16:55.154, 3, 0, 10088
2026/05/23 12:17:10.258, 0, 13, 10490
2026/05/23 12:17:10.260, 1, 0, 10088
2026/05/23 12:17:10.262, 2, 0, 10088
2026/05/23 12:17:10.263, 3, 0, 10088
2026/05/23 12:17:25.400, 0, 100, 10490
2026/05/23 12:17:25.404, 1, 100, 10088
2026/05/23 12:17:25.407, 2, 100, 10088
2026/05/23 12:17:25.410, 3, 100, 10088
2026/05/23 12:17:40.598, 0, 9, 10490
2026/05/23 12:17:40.600, 1, 0, 10088
2026/05/23 12:17:40.601, 2, 0, 10088
2026/05/23 12:17:40.603, 3, 0, 10088
2026/05/23 12:17:55.826, 0, 100, 10490
2026/05/23 12:17:55.829, 1, 0, 10088
2026/05/23 12:17:55.833, 2, 100, 10088
2026/05/23 12:17:55.836, 3, 100, 10088
2026/05/23 12:18:11.069, 0, 100, 10490
2026/05/23 12:18:11.072, 1, 0, 10088
2026/05/23 12:18:11.073, 2, 100, 10088
2026/05/23 12:18:11.074, 3, 0, 10088
2026/05/23 12:18:26.174, 0, 13, 10490
2026/05/23 12:18:26.176, 1, 0, 10088
2026/05/23 12:18:26.177, 2, 0, 10088
2026/05/23 12:18:26.179, 3, 0, 10088
2026/05/23 12:18:41.296, 0, 100, 10490
2026/05/23 12:18:41.301, 1, 100, 10088
2026/05/23 12:18:41.304, 2, 76, 10088
2026/05/23 12:18:41.306, 3, 100, 10088
2026/05/23 12:18:56.446, 0, 100, 10490
2026/05/23 12:18:56.450, 1, 96, 10088
2026/05/23 12:18:56.453, 2, 100, 10088
2026/05/23 12:18:56.457, 3, 100, 10088
2026/05/23 12:19:11.613, 0, 0, 10490
2026/05/23 12:19:11.615, 1, 0, 10088
2026/05/23 12:19:11.617, 2, 0, 10088
2026/05/23 12:19:11.618, 3, 0, 10088
2026/05/23 12:19:26.901, 0, 100, 10490
2026/05/23 12:19:26.903, 1, 0, 10088
2026/05/23 12:19:26.905, 2, 100, 10088
2026/05/23 12:19:26.906, 3, 63, 10088
2026/05/23 12:19:41.984, 0, 9, 10490
2026/05/23 12:19:41.986, 1, 0, 10088
2026/05/23 12:19:41.987, 2, 0, 10088
2026/05/23 12:19:41.989, 3, 0, 10088
2026/05/23 12:19:57.096, 0, 100, 10490
2026/05/23 12:19:57.098, 1, 100, 10088
2026/05/23 12:19:57.100, 2, 95, 10088
2026/05/23 12:19:57.101, 3, 100, 10088
2026/05/23 12:20:12.202, 0, 9, 10490
2026/05/23 12:20:12.204, 1, 0, 10088
2026/05/23 12:20:12.205, 2, 0, 10088
2026/05/23 12:20:12.206, 3, 0, 10088
2026/05/23 12:20:27.290, 0, 0, 10490
2026/05/23 12:20:27.292, 1, 0, 10088
2026/05/23 12:20:27.293, 2, 0, 10088
2026/05/23 12:20:27.294, 3, 0, 10088
2026/05/23 12:20:42.644, 0, 85, 10490
2026/05/23 12:20:42.646, 1, 100, 10088
2026/05/23 12:20:42.647, 2, 100, 10088
2026/05/23 12:20:42.648, 3, 0, 10088
2026/05/23 12:20:57.801, 0, 0, 10490
2026/05/23 12:20:57.803, 1, 0, 10088
2026/05/23 12:20:57.804, 2, 100, 10088
2026/05/23 12:20:57.806, 3, 0, 10088
2026/05/23 12:21:12.898, 0, 100, 10490
2026/05/23 12:21:12.901, 1, 100, 10088
2026/05/23 12:21:12.905, 2, 100, 10088
2026/05/23 12:21:12.908, 3, 100, 10088
2026/05/23 12:21:28.022, 0, 12, 10490
2026/05/23 12:21:28.024, 1, 0, 10088
2026/05/23 12:21:28.025, 2, 0, 10088
2026/05/23 12:21:28.027, 3, 0, 10088
2026/05/23 12:21:43.154, 0, 6, 10490
2026/05/23 12:21:43.158, 1, 100, 10088
2026/05/23 12:21:43.161, 2, 0, 10088
2026/05/23 12:21:43.163, 3, 0, 10088
2026/05/23 12:21:58.263, 0, 100, 10490
2026/05/23 12:21:58.265, 1, 59, 10088
2026/05/23 12:21:58.266, 2, 100, 10088
2026/05/23 12:21:58.267, 3, 100, 10088
2026/05/23 12:22:13.532, 0, 100, 10490
2026/05/23 12:22:13.534, 1, 100, 10088
2026/05/23 12:22:13.537, 2, 100, 10088
2026/05/23 12:22:13.539, 3, 100, 10088
2026/05/23 12:22:28.619, 0, 9, 10490
2026/05/23 12:22:28.621, 1, 100, 10088
2026/05/23 12:22:28.622, 2, 52, 10088
2026/05/23 12:22:28.623, 3, 0, 10088
2026/05/23 12:22:43.705, 0, 9, 10490
2026/05/23 12:22:43.707, 1, 0, 10088
2026/05/23 12:22:43.709, 2, 0, 10088
2026/05/23 12:22:43.710, 3, 0, 10088
2026/05/23 12:22:58.814, 0, 13, 10490
2026/05/23 12:22:58.816, 1, 0, 10088
2026/05/23 12:22:58.817, 2, 0, 10088
2026/05/23 12:22:58.819, 3, 0, 10088
2026/05/23 12:23:14.052, 0, 100, 10490
2026/05/23 12:23:14.054, 1, 100, 10088
2026/05/23 12:23:14.055, 2, 100, 10088
2026/05/23 12:23:14.056, 3, 100, 10088
2026/05/23 12:23:29.318, 0, 100, 10490
2026/05/23 12:23:29.322, 1, 100, 10088
2026/05/23 12:23:29.325, 2, 100, 10088
2026/05/23 12:23:29.328, 3, 61, 10088
2026/05/23 12:23:44.429, 0, 100, 10490
2026/05/23 12:23:44.434, 1, 100, 10088
2026/05/23 12:23:44.437, 2, 100, 10088
2026/05/23 12:23:44.439, 3, 100, 10088
2026/05/23 12:23:59.529, 0, 62, 10490
2026/05/23 12:23:59.531, 1, 100, 10088
2026/05/23 12:23:59.533, 2, 100, 10088
2026/05/23 12:23:59.534, 3, 0, 10088
2026/05/23 12:24:14.712, 0, 98, 10490
2026/05/23 12:24:14.824, 1, 100, 10088
2026/05/23 12:24:14.826, 2, 69, 10088
2026/05/23 12:24:14.828, 3, 79, 10088
2026/05/23 12:24:29.934, 0, 13, 10490
2026/05/23 12:24:29.936, 1, 0, 10088
2026/05/23 12:24:29.937, 2, 0, 10088
2026/05/23 12:24:29.939, 3, 0, 10088
2026/05/23 12:24:45.021, 0, 4, 10490
2026/05/23 12:24:45.023, 1, 0, 10088
2026/05/23 12:24:45.024, 2, 100, 10088
2026/05/23 12:24:45.026, 3, 0, 10088
2026/05/23 12:25:00.109, 0, 9, 10490
2026/05/23 12:25:00.111, 1, 0, 10088
2026/05/23 12:25:00.113, 2, 0, 10088
2026/05/23 12:25:00.114, 3, 0, 10088
2026/05/23 12:25:15.197, 0, 4, 10490
2026/05/23 12:25:15.199, 1, 0, 10088
2026/05/23 12:25:15.200, 2, 80, 10088
2026/05/23 12:25:15.202, 3, 0, 10088
2026/05/23 12:25:30.285, 0, 49, 10490
2026/05/23 12:25:30.287, 1, 0, 10088
2026/05/23 12:25:30.288, 2, 0, 10088
2026/05/23 12:25:30.413, 3, 69, 10088
2026/05/23 12:25:45.554, 0, 9, 10490
2026/05/23 12:25:45.556, 1, 100, 10088
2026/05/23 12:25:45.557, 2, 100, 10088
2026/05/23 12:25:45.559, 3, 0, 10088
2026/05/23 12:26:00.642, 0, 10, 10490
2026/05/23 12:26:00.644, 1, 0, 10088
2026/05/23 12:26:00.645, 2, 0, 10088
2026/05/23 12:26:00.646, 3, 0, 10088
2026/05/23 12:26:15.730, 0, 4, 10490
2026/05/23 12:26:15.733, 1, 100, 10088
2026/05/23 12:26:15.734, 2, 100, 10088
2026/05/23 12:26:15.735, 3, 0, 10088
2026/05/23 12:26:30.870, 0, 8, 10490
2026/05/23 12:26:30.873, 1, 100, 10088
2026/05/23 12:26:30.877, 2, 0, 10088
2026/05/23 12:26:30.879, 3, 76, 10088
2026/05/23 12:26:45.982, 0, 6, 10490
2026/05/23 12:26:45.987, 1, 0, 10088
2026/05/23 12:26:45.989, 2, 0, 10088
2026/05/23 12:26:45.993, 3, 0, 10088
2026/05/23 12:27:01.107, 0, 67, 10490
2026/05/23 12:27:01.109, 1, 0, 10088
2026/05/23 12:27:01.110, 2, 100, 10088
2026/05/23 12:27:01.111, 3, 22, 10088
2026/05/23 12:27:16.193, 0, 13, 10490
2026/05/23 12:27:16.196, 1, 0, 10088
2026/05/23 12:27:16.197, 2, 0, 10088
2026/05/23 12:27:16.198, 3, 0, 10088
2026/05/23 12:27:31.337, 0, 9, 10490
2026/05/23 12:27:31.341, 1, 100, 10088
2026/05/23 12:27:31.344, 2, 100, 10088
2026/05/23 12:27:31.347, 3, 0, 10088
2026/05/23 12:27:46.450, 0, 9, 10490
2026/05/23 12:27:46.454, 1, 62, 10088
2026/05/23 12:27:46.457, 2, 100, 10088
2026/05/23 12:27:46.459, 3, 0, 10088
2026/05/23 12:28:01.557, 0, 13, 10490
2026/05/23 12:28:01.559, 1, 100, 10088
2026/05/23 12:28:01.561, 2, 100, 10088
2026/05/23 12:28:01.562, 3, 0, 10088
2026/05/23 12:28:16.645, 0, 8, 10490
2026/05/23 12:28:16.647, 1, 0, 10088
2026/05/23 12:28:16.648, 2, 0, 10088
2026/05/23 12:28:16.650, 3, 0, 10088
2026/05/23 12:28:31.924, 0, 0, 10490
2026/05/23 12:28:31.926, 1, 0, 10088
2026/05/23 12:28:31.927, 2, 0, 10088
2026/05/23 12:28:31.929, 3, 0, 10088
2026/05/23 12:28:47.046, 0, 8, 10490
2026/05/23 12:28:47.048, 1, 0, 10088
2026/05/23 12:28:47.049, 2, 0, 10088
2026/05/23 12:28:47.050, 3, 0, 10088
2026/05/23 12:29:02.134, 0, 8, 10490
2026/05/23 12:29:02.136, 1, 0, 10088
2026/05/23 12:29:02.138, 2, 100, 10088
2026/05/23 12:29:02.139, 3, 0, 10088
2026/05/23 12:29:17.289, 0, 100, 10490
2026/05/23 12:29:17.291, 1, 100, 10088
2026/05/23 12:29:17.292, 2, 100, 10088
2026/05/23 12:29:17.294, 3, 100, 10088
2026/05/23 12:29:32.431, 0, 100, 10490
2026/05/23 12:29:32.435, 1, 100, 10088
2026/05/23 12:29:32.438, 2, 100, 10088
2026/05/23 12:29:32.440, 3, 100, 10088
2026/05/23 12:29:47.574, 0, 11, 10490
2026/05/23 12:29:47.576, 1, 0, 10088
2026/05/23 12:29:47.577, 2, 0, 10088
2026/05/23 12:29:47.579, 3, 0, 10088
2026/05/23 12:30:02.671, 0, 100, 10490
2026/05/23 12:30:02.675, 1, 0, 10088
2026/05/23 12:30:02.678, 2, 100, 10088
2026/05/23 12:30:02.683, 3, 100, 10088
2026/05/23 12:30:17.846, 0, 6, 10490
2026/05/23 12:30:17.848, 1, 0, 10088
2026/05/23 12:30:17.849, 2, 0, 10088
2026/05/23 12:30:17.850, 3, 0, 10088
2026/05/23 12:30:32.933, 0, 9, 10490
2026/05/23 12:30:32.935, 1, 0, 10088
2026/05/23 12:30:32.937, 2, 0, 10088
2026/05/23 12:30:32.938, 3, 0, 10088
2026/05/23 12:30:48.021, 0, 7, 10490
2026/05/23 12:30:48.023, 1, 0, 10088
2026/05/23 12:30:48.024, 2, 93, 10088
2026/05/23 12:30:48.026, 3, 0, 10088
2026/05/23 12:31:03.135, 0, 100, 10490
2026/05/23 12:31:03.139, 1, 100, 10088
2026/05/23 12:31:03.143, 2, 69, 10088
2026/05/23 12:31:03.146, 3, 100, 10088
2026/05/23 12:31:18.233, 0, 2, 10490
2026/05/23 12:31:18.235, 1, 0, 10088
2026/05/23 12:31:18.237, 2, 0, 10088
2026/05/23 12:31:18.238, 3, 0, 10088
2026/05/23 12:31:33.620, 0, 0, 10490
2026/05/23 12:31:33.625, 1, 0, 10088
2026/05/23 12:31:33.628, 2, 0, 10088
2026/05/23 12:31:33.631, 3, 0, 10088
2026/05/23 12:31:48.942, 0, 3, 10490
2026/05/23 12:31:48.944, 1, 0, 10088
2026/05/23 12:31:48.945, 2, 0, 10088
2026/05/23 12:31:48.946, 3, 0, 10088
2026/05/23 12:32:04.199, 0, 98, 10490
2026/05/23 12:32:04.202, 1, 100, 10088
2026/05/23 12:32:04.205, 2, 100, 10088
2026/05/23 12:32:04.209, 3, 100, 10088
2026/05/23 12:32:19.315, 0, 100, 10490
2026/05/23 12:32:19.317, 1, 76, 10088
2026/05/23 12:32:19.318, 2, 0, 10088
2026/05/23 12:32:19.319, 3, 100, 10088
2026/05/23 12:32:34.418, 0, 12, 10490
2026/05/23 12:32:34.420, 1, 0, 10088
2026/05/23 12:32:34.422, 2, 0, 10088
2026/05/23 12:32:34.423, 3, 0, 10088
2026/05/23 12:32:49.651, 0, 78, 10490
2026/05/23 12:32:49.654, 1, 100, 10088
2026/05/23 12:32:49.658, 2, 100, 10088
2026/05/23 12:32:49.662, 3, 97, 10088
2026/05/23 12:33:04.759, 0, 10, 10490
2026/05/23 12:33:04.761, 1, 0, 10088
2026/05/23 12:33:04.762, 2, 0, 10088
2026/05/23 12:33:04.763, 3, 0, 10088
2026/05/23 12:33:20.031, 0, 5, 10490
2026/05/23 12:33:20.035, 1, 48, 10088
2026/05/23 12:33:20.037, 2, 0, 10088
2026/05/23 12:33:20.041, 3, 0, 10088
2026/05/23 12:33:35.511, 0, 0, 10490
2026/05/23 12:33:35.515, 1, 100, 10088
2026/05/23 12:33:35.517, 2, 47, 10088
2026/05/23 12:33:35.519, 3, 94, 10088
2026/05/23 12:33:50.646, 0, 8, 10490
2026/05/23 12:33:50.648, 1, 0, 10088
2026/05/23 12:33:50.650, 2, 0, 10088
2026/05/23 12:33:50.651, 3, 0, 10088
2026/05/23 12:34:05.905, 0, 100, 10490
2026/05/23 12:34:05.907, 1, 100, 10088
2026/05/23 12:34:05.908, 2, 100, 10088
2026/05/23 12:34:05.909, 3, 0, 10088
2026/05/23 12:34:21.034, 0, 100, 10490
2026/05/23 12:34:21.038, 1, 100, 10088
2026/05/23 12:34:21.041, 2, 100, 10088
2026/05/23 12:34:21.044, 3, 100, 10088
2026/05/23 12:34:36.157, 0, 9, 10490
2026/05/23 12:34:36.159, 1, 0, 10088
2026/05/23 12:34:36.161, 2, 0, 10088
2026/05/23 12:34:36.162, 3, 0, 10088
2026/05/23 12:34:51.286, 0, 2, 10490
2026/05/23 12:34:51.290, 1, 0, 10088
2026/05/23 12:34:51.292, 2, 0, 10088
2026/05/23 12:34:51.296, 3, 0, 10088
2026/05/23 12:35:06.559, 0, 100, 10490
2026/05/23 12:35:06.563, 1, 100, 10088
2026/05/23 12:35:06.566, 2, 68, 10088
2026/05/23 12:35:06.570, 3, 100, 10088
2026/05/23 12:35:21.878, 0, 0, 10490
2026/05/23 12:35:21.880, 1, 0, 10088
2026/05/23 12:35:21.882, 2, 0, 10088
2026/05/23 12:35:21.883, 3, 0, 10088
2026/05/23 12:35:36.996, 0, 56, 10490
2026/05/23 12:35:36.999, 1, 100, 10088
2026/05/23 12:35:37.001, 2, 100, 10088
2026/05/23 12:35:37.004, 3, 100, 10088
2026/05/23 12:35:52.133, 0, 100, 10490
2026/05/23 12:35:52.135, 1, 100, 10088
2026/05/23 12:35:52.137, 2, 100, 10088
2026/05/23 12:35:52.138, 3, 100, 10088
2026/05/23 12:36:07.221, 0, 9, 10490
2026/05/23 12:36:07.223, 1, 0, 10088
2026/05/23 12:36:07.225, 2, 0, 10088
2026/05/23 12:36:07.226, 3, 0, 10088
2026/05/23 12:36:22.309, 0, 0, 10490
2026/05/23 12:36:22.311, 1, 0, 10088
2026/05/23 12:36:22.313, 2, 0, 10088
2026/05/23 12:36:22.314, 3, 0, 10088
2026/05/23 12:36:37.514, 0, 7, 10490
2026/05/23 12:36:37.516, 1, 0, 10088
2026/05/23 12:36:37.517, 2, 0, 10088
2026/05/23 12:36:37.518, 3, 0, 10088
2026/05/23 12:36:52.755, 0, 0, 10490
2026/05/23 12:36:52.757, 1, 0, 10088
2026/05/23 12:36:52.758, 2, 0, 10088
2026/05/23 12:36:52.760, 3, 0, 10088
2026/05/23 12:37:07.845, 0, 7, 10490
2026/05/23 12:37:07.847, 1, 100, 10088
2026/05/23 12:37:07.849, 2, 100, 10088
2026/05/23 12:37:07.850, 3, 0, 10088
2026/05/23 12:37:22.933, 0, 100, 10490
2026/05/23 12:37:22.935, 1, 0, 10088
2026/05/23 12:37:22.936, 2, 100, 10088
2026/05/23 12:37:22.938, 3, 0, 10088
2026/05/23 12:37:38.082, 0, 100, 10490
2026/05/23 12:37:38.085, 1, 100, 10088
2026/05/23 12:37:38.089, 2, 89, 10088
2026/05/23 12:37:38.093, 3, 100, 10088
2026/05/23 12:37:53.173, 0, 9, 10490
2026/05/23 12:37:53.175, 1, 0, 10088
2026/05/23 12:37:53.176, 2, 0, 10088
2026/05/23 12:37:53.177, 3, 0, 10088
2026/05/23 12:38:08.278, 0, 1, 10490
2026/05/23 12:38:08.280, 1, 0, 10088
2026/05/23 12:38:08.282, 2, 0, 10088
2026/05/23 12:38:08.283, 3, 0, 10088
2026/05/23 12:38:23.447, 0, 2, 10490
2026/05/23 12:38:23.450, 1, 98, 10088
2026/05/23 12:38:23.452, 2, 100, 10088
2026/05/23 12:38:23.455, 3, 0, 10088
2026/05/23 12:38:38.566, 0, 7, 10490
2026/05/23 12:38:38.568, 1, 100, 10088
2026/05/23 12:38:38.569, 2, 100, 10088
2026/05/23 12:38:38.570, 3, 0, 10088
2026/05/23 12:38:53.704, 0, 10, 10490
2026/05/23 12:38:53.708, 1, 0, 10088
2026/05/23 12:38:53.711, 2, 0, 10088
2026/05/23 12:38:53.714, 3, 0, 10088
2026/05/23 12:39:08.818, 0, 100, 10490
2026/05/23 12:39:08.821, 1, 100, 10088
2026/05/23 12:39:08.823, 2, 100, 10088
2026/05/23 12:39:08.825, 3, 100, 10088
2026/05/23 12:39:23.942, 0, 13, 10490
2026/05/23 12:39:23.944, 1, 0, 10088
2026/05/23 12:39:23.946, 2, 0, 10088
2026/05/23 12:39:23.947, 3, 0, 10088
2026/05/23 12:39:39.033, 0, 6, 10490
2026/05/23 12:39:39.035, 1, 0, 10088
2026/05/23 12:39:39.037, 2, 0, 10088
2026/05/23 12:39:39.038, 3, 0, 10088
2026/05/23 12:39:54.154, 0, 9, 10490
2026/05/23 12:39:54.156, 1, 0, 10088
2026/05/23 12:39:54.158, 2, 0, 10088
2026/05/23 12:39:54.159, 3, 0, 10088
2026/05/23 12:40:09.703, 0, 100, 10490
2026/05/23 12:40:09.704, 1, 100, 10088
2026/05/23 12:40:09.705, 2, 100, 10088
2026/05/23 12:40:09.707, 3, 100, 10088
2026/05/23 12:40:24.951, 0, 100, 10490
2026/05/23 12:40:24.955, 1, 100, 10088
2026/05/23 12:40:24.958, 2, 100, 10088
2026/05/23 12:40:24.961, 3, 100, 10088
2026/05/23 12:40:40.089, 0, 100, 10490
2026/05/23 12:40:40.092, 1, 68, 10088
2026/05/23 12:40:40.096, 2, 100, 10088
2026/05/23 12:40:40.099, 3, 100, 10088
2026/05/23 12:40:55.204, 0, 15, 10490
2026/05/23 12:40:55.206, 1, 0, 10088
2026/05/23 12:40:55.208, 2, 0, 10088
2026/05/23 12:40:55.209, 3, 0, 10088
2026/05/23 12:41:10.299, 0, 96, 10490
2026/05/23 12:41:10.303, 1, 100, 10088
2026/05/23 12:41:10.306, 2, 0, 10088
2026/05/23 12:41:10.309, 3, 100, 10088
2026/05/23 12:41:25.406, 0, 5, 10490
2026/05/23 12:41:25.408, 1, 0, 10088
2026/05/23 12:41:25.409, 2, 0, 10088
2026/05/23 12:41:25.410, 3, 0, 10088
2026/05/23 12:41:40.494, 0, 100, 10490
2026/05/23 12:41:40.496, 1, 100, 10088
2026/05/23 12:41:40.497, 2, 0, 10088
2026/05/23 12:41:40.499, 3, 100, 10088
2026/05/23 12:41:55.669, 0, 100, 10490
2026/05/23 12:41:55.673, 1, 100, 10088
2026/05/23 12:41:55.676, 2, 100, 10088
2026/05/23 12:41:55.678, 3, 64, 10088
2026/05/23 12:42:10.786, 0, 10, 10490
2026/05/23 12:42:10.789, 1, 0, 10088
2026/05/23 12:42:10.790, 2, 0, 10088
2026/05/23 12:42:10.791, 3, 0, 10088
2026/05/23 12:42:25.889, 0, 1, 10490
2026/05/23 12:42:25.891, 1, 0, 10088
2026/05/23 12:42:25.893, 2, 0, 10088
2026/05/23 12:42:25.894, 3, 0, 10088
2026/05/23 12:42:40.989, 0, 10, 10490
2026/05/23 12:42:40.992, 1, 100, 10088
2026/05/23 12:42:40.996, 2, 0, 10088
2026/05/23 12:42:40.999, 3, 0, 10088
2026/05/23 12:42:56.089, 0, 9, 10490
2026/05/23 12:42:56.091, 1, 0, 10088
2026/05/23 12:42:56.093, 2, 0, 10088
2026/05/23 12:42:56.094, 3, 0, 10088
2026/05/23 12:43:11.186, 0, 100, 10490
2026/05/23 12:43:11.190, 1, 100, 10088
2026/05/23 12:43:11.192, 2, 56, 10088
2026/05/23 12:43:11.195, 3, 100, 10088
2026/05/23 12:43:26.518, 0, 13, 10490
2026/05/23 12:43:26.521, 1, 0, 10088
2026/05/23 12:43:26.522, 2, 0, 10088
2026/05/23 12:43:26.523, 3, 0, 10088
2026/05/23 12:43:41.631, 0, 100, 10490
2026/05/23 12:43:41.634, 1, 63, 10088
2026/05/23 12:43:41.638, 2, 100, 10088
2026/05/23 12:43:41.640, 3, 100, 10088
2026/05/23 12:43:56.734, 0, 0, 10490
2026/05/23 12:43:56.736, 1, 0, 10088
2026/05/23 12:43:56.737, 2, 0, 10088
2026/05/23 12:43:56.738, 3, 0, 10088
2026/05/23 12:44:11.830, 0, 91, 10490
2026/05/23 12:44:11.834, 1, 100, 10088
2026/05/23 12:44:11.839, 2, 100, 10088
2026/05/23 12:44:11.842, 3, 0, 10088
2026/05/23 12:44:26.933, 0, 2, 10490
2026/05/23 12:44:26.935, 1, 0, 10088
2026/05/23 12:44:26.937, 2, 0, 10088
2026/05/23 12:44:26.938, 3, 0, 10088
2026/05/23 12:44:42.305, 0, 100, 10490
2026/05/23 12:44:42.307, 1, 100, 10088
2026/05/23 12:44:42.308, 2, 100, 10088
2026/05/23 12:44:42.309, 3, 100, 10088
2026/05/23 12:44:57.389, 0, 9, 10490
2026/05/23 12:44:57.392, 1, 0, 10088
2026/05/23 12:44:57.393, 2, 0, 10088
2026/05/23 12:44:57.394, 3, 0, 10088
2026/05/23 12:45:12.486, 0, 100, 10490
2026/05/23 12:45:12.490, 1, 100, 10088
2026/05/23 12:45:12.494, 2, 86, 10088
2026/05/23 12:45:12.497, 3, 100, 10088
2026/05/23 12:45:27.679, 0, 100, 10490
2026/05/23 12:45:27.683, 1, 58, 10088
2026/05/23 12:45:27.686, 2, 100, 10088
2026/05/23 12:45:27.689, 3, 100, 10088
2026/05/23 12:45:42.789, 0, 100, 10490
2026/05/23 12:45:42.793, 1, 100, 10088
2026/05/23 12:45:42.796, 2, 77, 10088
2026/05/23 12:45:42.799, 3, 100, 10088
2026/05/23 12:45:57.917, 0, 2, 10490
2026/05/23 12:45:57.919, 1, 0, 10088
2026/05/23 12:45:57.920, 2, 0, 10088
2026/05/23 12:45:57.922, 3, 0, 10088
2026/05/23 12:46:13.129, 0, 2, 10490
2026/05/23 12:46:13.132, 1, 0, 10088
2026/05/23 12:46:13.133, 2, 0, 10088
2026/05/23 12:46:13.134, 3, 0, 10088
2026/05/23 12:46:28.212, 0, 6, 10490
2026/05/23 12:46:28.214, 1, 0, 10088
2026/05/23 12:46:28.215, 2, 100, 10088
2026/05/23 12:46:28.216, 3, 0, 10088
2026/05/23 12:46:43.355, 0, 0, 10490
2026/05/23 12:46:43.357, 1, 0, 10088
2026/05/23 12:46:43.359, 2, 0, 10088
2026/05/23 12:46:43.360, 3, 0, 10088
2026/05/23 12:46:58.496, 0, 2, 10490
2026/05/23 12:46:58.501, 1, 100, 10088
2026/05/23 12:46:58.504, 2, 100, 10088
2026/05/23 12:46:58.507, 3, 0, 10088
2026/05/23 12:47:13.629, 0, 9, 10490
2026/05/23 12:47:13.633, 1, 0, 10088
2026/05/23 12:47:13.635, 2, 0, 10088
2026/05/23 12:47:13.638, 3, 0, 10088
2026/05/23 12:47:28.741, 0, 100, 10490
2026/05/23 12:47:28.745, 1, 0, 10088
2026/05/23 12:47:28.750, 2, 100, 10088
2026/05/23 12:47:28.753, 3, 100, 10088
2026/05/23 12:47:43.974, 0, 2, 10490
2026/05/23 12:47:43.976, 1, 0, 10088
2026/05/23 12:47:43.977, 2, 0, 10088
2026/05/23 12:47:43.979, 3, 0, 10088
2026/05/23 12:47:59.053, 0, 100, 10490
2026/05/23 12:47:59.055, 1, 90, 10088
2026/05/23 12:47:59.056, 2, 100, 10088
2026/05/23 12:47:59.057, 3, 100, 10088
2026/05/23 12:48:14.274, 0, 100, 10490
2026/05/23 12:48:14.276, 1, 0, 10088
2026/05/23 12:48:14.277, 2, 100, 10088
2026/05/23 12:48:14.279, 3, 100, 10088
2026/05/23 12:48:29.449, 0, 100, 10490
2026/05/23 12:48:29.453, 1, 100, 10088
2026/05/23 12:48:29.457, 2, 100, 10088
2026/05/23 12:48:29.460, 3, 0, 10088
2026/05/23 12:48:44.562, 0, 10, 10490
2026/05/23 12:48:44.567, 1, 0, 10088
2026/05/23 12:48:44.571, 2, 91, 10088
2026/05/23 12:48:44.573, 3, 0, 10088
2026/05/23 12:48:59.682, 0, 6, 10490
2026/05/23 12:48:59.684, 1, 0, 10088
2026/05/23 12:48:59.686, 2, 0, 10088
2026/05/23 12:48:59.687, 3, 0, 10088
2026/05/23 12:49:14.826, 0, 100, 10490
2026/05/23 12:49:14.829, 1, 100, 10088
2026/05/23 12:49:14.830, 2, 100, 10088
2026/05/23 12:49:14.831, 3, 98, 10088
2026/05/23 12:49:29.917, 0, 5, 10490
2026/05/23 12:49:29.919, 1, 0, 10088
2026/05/23 12:49:29.920, 2, 0, 10088
2026/05/23 12:49:29.922, 3, 0, 10088
2026/05/23 12:49:45.049, 0, 100, 10490
2026/05/23 12:49:45.053, 1, 41, 10088
2026/05/23 12:49:45.056, 2, 100, 10088
2026/05/23 12:49:45.058, 3, 0, 10088
2026/05/23 12:50:00.255, 0, 100, 10490
2026/05/23 12:50:00.258, 1, 100, 10088
2026/05/23 12:50:00.260, 2, 100, 10088
2026/05/23 12:50:00.263, 3, 100, 10088
2026/05/23 12:50:15.370, 0, 11, 10490
2026/05/23 12:50:15.372, 1, 0, 10088
2026/05/23 12:50:15.373, 2, 0, 10088
2026/05/23 12:50:15.374, 3, 0, 10088
2026/05/23 12:50:30.457, 0, 2, 10490
2026/05/23 12:50:30.459, 1, 0, 10088
2026/05/23 12:50:30.461, 2, 0, 10088
2026/05/23 12:50:30.462, 3, 0, 10088
2026/05/23 12:50:45.643, 0, 1, 10490
2026/05/23 12:50:45.645, 1, 0, 10088
2026/05/23 12:50:45.645, 2, 0, 10088
2026/05/23 12:50:45.646, 3, 0, 10088
2026/05/23 12:51:00.911, 0, 5, 10490
2026/05/23 12:51:00.913, 1, 0, 10088
2026/05/23 12:51:00.914, 2, 0, 10088
2026/05/23 12:51:00.916, 3, 0, 10088
2026/05/23 12:51:16.001, 0, 8, 10490
2026/05/23 12:51:16.003, 1, 0, 10088
2026/05/23 12:51:16.005, 2, 0, 10088
2026/05/23 12:51:16.006, 3, 0, 10088
2026/05/23 12:51:31.090, 0, 12, 10490
2026/05/23 12:51:31.093, 1, 0, 10088
2026/05/23 12:51:31.094, 2, 0, 10088
2026/05/23 12:51:31.095, 3, 0, 10088
2026/05/23 12:51:46.263, 0, 53, 10490
2026/05/23 12:51:46.266, 1, 100, 10088
2026/05/23 12:51:46.270, 2, 0, 10088
2026/05/23 12:51:46.272, 3, 0, 10088
2026/05/23 12:52:01.396, 0, 10, 10490
2026/05/23 12:52:01.399, 1, 100, 10088
2026/05/23 12:52:01.402, 2, 0, 10088
2026/05/23 12:52:01.406, 3, 0, 10088
2026/05/23 12:52:16.573, 0, 8, 10490
2026/05/23 12:52:16.575, 1, 0, 10088
2026/05/23 12:52:16.577, 2, 0, 10088
2026/05/23 12:52:16.578, 3, 0, 10088
2026/05/23 12:52:31.705, 0, 0, 10490
2026/05/23 12:52:31.709, 1, 0, 10088
2026/05/23 12:52:31.711, 2, 0, 10088
2026/05/23 12:52:31.713, 3, 0, 10088
2026/05/23 12:52:46.946, 0, 100, 10490
2026/05/23 12:52:46.948, 1, 100, 10088
2026/05/23 12:52:46.949, 2, 100, 10088
2026/05/23 12:52:46.950, 3, 100, 10088
2026/05/23 12:53:02.085, 0, 100, 10490
2026/05/23 12:53:02.088, 1, 100, 10088
2026/05/23 12:53:02.091, 2, 98, 10088
2026/05/23 12:53:02.095, 3, 0, 10088
2026/05/23 12:53:17.196, 0, 100, 10490
2026/05/23 12:53:17.200, 1, 100, 10088
2026/05/23 12:53:17.203, 2, 100, 10088
2026/05/23 12:53:17.206, 3, 100, 10088
2026/05/23 12:53:32.301, 0, 8, 10490
2026/05/23 12:53:32.303, 1, 0, 10088
2026/05/23 12:53:32.305, 2, 100, 10088
2026/05/23 12:53:32.306, 3, 0, 10088
2026/05/23 12:53:47.389, 0, 3, 10490
2026/05/23 12:53:47.391, 1, 0, 10088
2026/05/23 12:53:47.393, 2, 0, 10088
2026/05/23 12:53:47.394, 3, 0, 10088
2026/05/23 12:54:02.726, 0, 2, 10490
2026/05/23 12:54:02.728, 1, 0, 10088
2026/05/23 12:54:02.730, 2, 0, 10088
2026/05/23 12:54:02.731, 3, 100, 10088
2026/05/23 12:54:17.908, 0, 100, 10490
2026/05/23 12:54:17.911, 1, 95, 10088
2026/05/23 12:54:17.915, 2, 100, 10088
2026/05/23 12:54:18.082, 3, 0, 10088
2026/05/23 12:54:33.168, 0, 9, 10490
2026/05/23 12:54:33.172, 1, 100, 10088
2026/05/23 12:54:33.175, 2, 0, 10088
2026/05/23 12:54:33.178, 3, 0, 10088
2026/05/23 12:54:48.290, 0, 100, 10490
2026/05/23 12:54:48.292, 1, 100, 10088
2026/05/23 12:54:48.294, 2, 100, 10088
2026/05/23 12:54:48.295, 3, 100, 10088
2026/05/23 12:55:03.377, 0, 100, 10490
2026/05/23 12:55:03.379, 1, 0, 10088
2026/05/23 12:55:03.381, 2, 100, 10088
2026/05/23 12:55:03.382, 3, 100, 10088
2026/05/23 12:55:18.472, 0, 0, 10490
2026/05/23 12:55:18.475, 1, 0, 10088
2026/05/23 12:55:18.478, 2, 99, 10088
2026/05/23 12:55:18.481, 3, 0, 10088
2026/05/23 12:55:33.650, 0, 10, 10490
2026/05/23 12:55:33.652, 1, 0, 10088
2026/05/23 12:55:33.653, 2, 0, 10088
2026/05/23 12:55:33.655, 3, 0, 10088
2026/05/23 12:55:48.769, 0, 99, 10490
2026/05/23 12:55:48.772, 1, 100, 10088
2026/05/23 12:55:48.776, 2, 16, 10088
2026/05/23 12:55:48.779, 3, 96, 10088
2026/05/23 12:56:04.001, 0, 9, 10490
2026/05/23 12:56:04.003, 1, 0, 10088
2026/05/23 12:56:04.005, 2, 0, 10088
2026/05/23 12:56:04.006, 3, 0, 10088
2026/05/23 12:56:19.089, 0, 5, 10490
2026/05/23 12:56:19.091, 1, 100, 10088
2026/05/23 12:56:19.093, 2, 100, 10088
2026/05/23 12:56:19.094, 3, 0, 10088
2026/05/23 12:56:34.166, 0, 8, 10490
2026/05/23 12:56:34.168, 1, 0, 10088
2026/05/23 12:56:34.170, 2, 0, 10088
2026/05/23 12:56:34.171, 3, 0, 10088
2026/05/23 12:56:49.270, 0, 12, 10490
2026/05/23 12:56:49.272, 1, 0, 10088
2026/05/23 12:56:49.273, 2, 0, 10088
2026/05/23 12:56:49.275, 3, 0, 10088
2026/05/23 12:57:04.405, 0, 100, 10490
2026/05/23 12:57:04.409, 1, 100, 10088
2026/05/23 12:57:04.412, 2, 100, 10088
2026/05/23 12:57:04.415, 3, 100, 10088
2026/05/23 12:57:19.578, 0, 8, 10490
2026/05/23 12:57:19.580, 1, 0, 10088
2026/05/23 12:57:19.582, 2, 0, 10088
2026/05/23 12:57:19.583, 3, 0, 10088
2026/05/23 12:57:34.738, 0, 0, 10490
2026/05/23 12:57:34.740, 1, 100, 10088
2026/05/23 12:57:34.741, 2, 100, 10088
2026/05/23 12:57:34.743, 3, 100, 10088
2026/05/23 12:57:49.851, 0, 100, 10490
2026/05/23 12:57:49.853, 1, 100, 10088
2026/05/23 12:57:49.854, 2, 100, 10088
2026/05/23 12:57:49.855, 3, 100, 10088
2026/05/23 12:58:04.954, 0, 13, 10490
2026/05/23 12:58:04.957, 1, 0, 10088
2026/05/23 12:58:04.958, 2, 0, 10088
2026/05/23 12:58:04.959, 3, 0, 10088
2026/05/23 12:58:20.071, 0, 100, 10490
2026/05/23 12:58:20.075, 1, 100, 10088
2026/05/23 12:58:20.078, 2, 100, 10088
2026/05/23 12:58:20.081, 3, 100, 10088
2026/05/23 12:58:35.218, 0, 100, 10490
2026/05/23 12:58:35.220, 1, 10, 10088
2026/05/23 12:58:35.221, 2, 100, 10088
2026/05/23 12:58:35.222, 3, 0, 10088
2026/05/23 12:58:50.353, 0, 100, 10490
2026/05/23 12:58:50.355, 1, 0, 10088
2026/05/23 12:58:50.357, 2, 100, 10088
2026/05/23 12:58:50.358, 3, 100, 10088
2026/05/23 12:59:05.598, 0, 100, 10490
2026/05/23 12:59:05.600, 1, 100, 10088
2026/05/23 12:59:05.602, 2, 100, 10088
2026/05/23 12:59:05.603, 3, 100, 10088
2026/05/23 12:59:20.726, 0, 13, 10490
2026/05/23 12:59:20.728, 1, 0, 10088
2026/05/23 12:59:20.729, 2, 0, 10088
2026/05/23 12:59:20.731, 3, 0, 10088
2026/05/23 12:59:35.846, 0, 24, 10490
2026/05/23 12:59:35.850, 1, 0, 10088
2026/05/23 12:59:35.853, 2, 0, 10088
2026/05/23 12:59:35.856, 3, 0, 10088
2026/05/23 12:59:50.971, 0, 100, 10490
2026/05/23 12:59:50.976, 1, 0, 10088
2026/05/23 12:59:50.979, 2, 0, 10088
2026/05/23 12:59:50.982, 3, 100, 10088
2026/05/23 13:00:06.087, 0, 7, 10490
2026/05/23 13:00:06.091, 1, 0, 10088
2026/05/23 13:00:06.094, 2, 0, 10088
2026/05/23 13:00:06.098, 3, 0, 10088
2026/05/23 13:00:21.201, 0, 100, 10490
2026/05/23 13:00:21.205, 1, 89, 10088
2026/05/23 13:00:21.208, 2, 100, 10088
2026/05/23 13:00:21.211, 3, 100, 10088
2026/05/23 13:00:36.550, 0, 13, 10490
2026/05/23 13:00:36.552, 1, 0, 10088
2026/05/23 13:00:36.553, 2, 0, 10088
2026/05/23 13:00:36.555, 3, 0, 10088
2026/05/23 13:00:51.687, 0, 85, 10490
2026/05/23 13:00:51.693, 1, 100, 10088
2026/05/23 13:00:51.696, 2, 100, 10088
2026/05/23 13:00:51.698, 3, 100, 10088
2026/05/23 13:01:06.814, 0, 100, 10490
2026/05/23 13:01:06.816, 1, 100, 10088
2026/05/23 13:01:06.817, 2, 100, 10088
2026/05/23 13:01:06.819, 3, 22, 10088
2026/05/23 13:01:21.901, 0, 9, 10490
2026/05/23 13:01:21.903, 1, 0, 10088
2026/05/23 13:01:21.904, 2, 0, 10088
2026/05/23 13:01:21.906, 3, 0, 10088
2026/05/23 13:01:36.989, 0, 10, 10490
2026/05/23 13:01:36.991, 1, 0, 10088
2026/05/23 13:01:36.993, 2, 0, 10088
2026/05/23 13:01:36.994, 3, 0, 10088
2026/05/23 13:01:52.134, 0, 11, 10490
2026/05/23 13:01:52.136, 1, 0, 10088
2026/05/23 13:01:52.138, 2, 0, 10088
2026/05/23 13:01:52.139, 3, 0, 10088
2026/05/23 13:02:07.252, 0, 100, 10490
2026/05/23 13:02:07.256, 1, 100, 10088
2026/05/23 13:02:07.259, 2, 0, 10088
2026/05/23 13:02:07.262, 3, 100, 10088
2026/05/23 13:02:22.567, 0, 9, 10490
2026/05/23 13:02:22.571, 1, 100, 10088
2026/05/23 13:02:22.702, 2, 100, 10088
2026/05/23 13:02:22.704, 3, 0, 10088
2026/05/23 13:02:37.793, 0, 8, 10490
2026/05/23 13:02:37.795, 1, 100, 10088
2026/05/23 13:02:37.796, 2, 0, 10088
2026/05/23 13:02:37.798, 3, 100, 10088
2026/05/23 13:02:52.972, 0, 100, 10490
2026/05/23 13:02:52.976, 1, 0, 10088
2026/05/23 13:02:52.980, 2, 0, 10088
2026/05/23 13:02:52.982, 3, 0, 10088
2026/05/23 13:03:08.094, 0, 12, 10490
2026/05/23 13:03:08.096, 1, 100, 10088
2026/05/23 13:03:08.097, 2, 100, 10088
2026/05/23 13:03:08.099, 3, 0, 10088
2026/05/23 13:03:23.190, 0, 80, 10490
2026/05/23 13:03:23.194, 1, 100, 10088
2026/05/23 13:03:23.197, 2, 100, 10088
2026/05/23 13:03:23.200, 3, 100, 10088
2026/05/23 13:03:38.301, 0, 100, 10490
2026/05/23 13:03:38.303, 1, 0, 10088
2026/05/23 13:03:38.305, 2, 100, 10088
2026/05/23 13:03:38.306, 3, 54, 10088
2026/05/23 13:03:53.433, 0, 9, 10490
2026/05/23 13:03:53.435, 1, 0, 10088
2026/05/23 13:03:53.437, 2, 0, 10088
2026/05/23 13:03:53.438, 3, 0, 10088
2026/05/23 13:04:08.521, 0, 100, 10490
2026/05/23 13:04:08.523, 1, 100, 10088
2026/05/23 13:04:08.524, 2, 100, 10088
2026/05/23 13:04:08.526, 3, 100, 10088
2026/05/23 13:04:23.614, 0, 9, 10490
2026/05/23 13:04:23.618, 1, 100, 10088
2026/05/23 13:04:23.621, 2, 0, 10088
2026/05/23 13:04:23.622, 3, 0, 10088
2026/05/23 13:04:38.731, 0, 3, 10490
2026/05/23 13:04:38.734, 1, 0, 10088
2026/05/23 13:04:38.735, 2, 0, 10088
2026/05/23 13:04:38.737, 3, 0, 10088
2026/05/23 13:04:53.894, 0, 9, 10490
2026/05/23 13:04:53.896, 1, 0, 10088
2026/05/23 13:04:53.897, 2, 0, 10088
2026/05/23 13:04:53.898, 3, 0, 10088
2026/05/23 13:05:09.066, 0, 100, 10490
2026/05/23 13:05:09.070, 1, 100, 10088
2026/05/23 13:05:09.072, 2, 100, 10088
2026/05/23 13:05:09.076, 3, 0, 10088
2026/05/23 13:05:24.174, 0, 8, 10490
2026/05/23 13:05:24.176, 1, 0, 10088
2026/05/23 13:05:24.177, 2, 0, 10088
2026/05/23 13:05:24.178, 3, 0, 10088
2026/05/23 13:05:39.281, 0, 8, 10490
2026/05/23 13:05:39.283, 1, 0, 10088
2026/05/23 13:05:39.284, 2, 0, 10088
2026/05/23 13:05:39.286, 3, 0, 10088
2026/05/23 13:05:54.387, 0, 12, 10490
2026/05/23 13:05:54.389, 1, 0, 10088
2026/05/23 13:05:54.391, 2, 0, 10088
2026/05/23 13:05:54.392, 3, 0, 10088
2026/05/23 13:06:09.477, 0, 9, 10490
2026/05/23 13:06:09.479, 1, 0, 10088
2026/05/23 13:06:09.481, 2, 0, 10088
2026/05/23 13:06:09.482, 3, 0, 10088
2026/05/23 13:06:24.566, 0, 100, 10490
2026/05/23 13:06:24.568, 1, 0, 10088
2026/05/23 13:06:24.570, 2, 0, 10088
2026/05/23 13:06:24.571, 3, 100, 10088
2026/05/23 13:06:39.755, 0, 8, 10490
2026/05/23 13:06:39.757, 1, 0, 10088
2026/05/23 13:06:39.758, 2, 0, 10088
2026/05/23 13:06:39.759, 3, 0, 10088
2026/05/23 13:06:54.942, 0, 100, 10490
2026/05/23 13:06:54.946, 1, 100, 10088
2026/05/23 13:06:54.949, 2, 100, 10088
2026/05/23 13:06:54.952, 3, 100, 10088
2026/05/23 13:07:10.044, 0, 100, 10490
2026/05/23 13:07:10.047, 1, 100, 10088
2026/05/23 13:07:10.048, 2, 100, 10088
2026/05/23 13:07:10.050, 3, 100, 10088
2026/05/23 13:07:25.158, 0, 17, 10490
2026/05/23 13:07:25.160, 1, 0, 10088
2026/05/23 13:07:25.162, 2, 0, 10088
2026/05/23 13:07:25.163, 3, 0, 10088
2026/05/23 13:07:40.470, 0, 3, 10490
2026/05/23 13:07:40.472, 1, 0, 10088
2026/05/23 13:07:40.473, 2, 100, 10088
2026/05/23 13:07:40.475, 3, 0, 10088
2026/05/23 13:07:55.587, 0, 9, 10490
2026/05/23 13:07:55.591, 1, 100, 10088
2026/05/23 13:07:55.593, 2, 100, 10088
2026/05/23 13:07:55.597, 3, 0, 10088
2026/05/23 13:08:10.705, 0, 100, 10490
2026/05/23 13:08:10.709, 1, 100, 10088
2026/05/23 13:08:10.712, 2, 100, 10088
2026/05/23 13:08:10.715, 3, 0, 10088
2026/05/23 13:08:25.825, 0, 6, 10490
2026/05/23 13:08:25.829, 1, 0, 10088
2026/05/23 13:08:25.832, 2, 75, 10088
2026/05/23 13:08:25.835, 3, 0, 10088
2026/05/23 13:08:41.023, 0, 50, 10490
2026/05/23 13:08:41.027, 1, 100, 10088
2026/05/23 13:08:41.030, 2, 0, 10088
2026/05/23 13:08:41.033, 3, 100, 10088
2026/05/23 13:08:56.285, 0, 100, 10490
2026/05/23 13:08:56.287, 1, 0, 10088
2026/05/23 13:08:56.289, 2, 100, 10088
2026/05/23 13:08:56.290, 3, 100, 10088
2026/05/23 13:09:11.378, 0, 100, 10490
2026/05/23 13:09:11.380, 1, 100, 10088
2026/05/23 13:09:11.382, 2, 0, 10088
2026/05/23 13:09:11.384, 3, 0, 10088
2026/05/23 13:09:26.489, 0, 100, 10490
2026/05/23 13:09:26.491, 1, 0, 10088
2026/05/23 13:09:26.493, 2, 100, 10088
2026/05/23 13:09:26.494, 3, 100, 10088
2026/05/23 13:09:41.614, 0, 11, 10490
2026/05/23 13:09:41.616, 1, 0, 10088
2026/05/23 13:09:41.617, 2, 0, 10088
2026/05/23 13:09:41.619, 3, 0, 10088
2026/05/23 13:09:56.710, 0, 100, 10490
2026/05/23 13:09:56.714, 1, 100, 10088
2026/05/23 13:09:56.717, 2, 100, 10088
2026/05/23 13:09:56.720, 3, 0, 10088
2026/05/23 13:10:11.826, 0, 100, 10490
2026/05/23 13:10:11.829, 1, 100, 10088
2026/05/23 13:10:11.831, 2, 100, 10088
2026/05/23 13:10:11.835, 3, 100, 10088
2026/05/23 13:10:26.929, 0, 9, 10490
2026/05/23 13:10:26.931, 1, 0, 10088
2026/05/23 13:10:26.933, 2, 0, 10088
2026/05/23 13:10:26.934, 3, 0, 10088
2026/05/23 13:10:42.025, 0, 2, 10490
2026/05/23 13:10:42.027, 1, 100, 10088
2026/05/23 13:10:42.028, 2, 100, 10088
2026/05/23 13:10:42.030, 3, 21, 10088
2026/05/23 13:10:57.130, 0, 14, 10490
2026/05/23 13:10:57.132, 1, 0, 10088
2026/05/23 13:10:57.133, 2, 0, 10088
2026/05/23 13:10:57.135, 3, 0, 10088
2026/05/23 13:11:12.233, 0, 7, 10490
2026/05/23 13:11:12.235, 1, 100, 10088
2026/05/23 13:11:12.237, 2, 100, 10088
2026/05/23 13:11:12.238, 3, 0, 10088
2026/05/23 13:11:27.507, 0, 64, 10490
2026/05/23 13:11:27.509, 1, 0, 10088
2026/05/23 13:11:27.510, 2, 0, 10088
2026/05/23 13:11:27.511, 3, 0, 10088
2026/05/23 13:11:42.605, 0, 7, 10490
2026/05/23 13:11:42.607, 1, 0, 10088
2026/05/23 13:11:42.609, 2, 0, 10088
2026/05/23 13:11:42.610, 3, 0, 10088
2026/05/23 13:11:57.792, 0, 9, 10490
2026/05/23 13:11:57.796, 1, 0, 10088
2026/05/23 13:11:57.798, 2, 0, 10088
2026/05/23 13:11:57.799, 3, 0, 10088
2026/05/23 13:12:12.911, 0, 12, 10490
2026/05/23 13:12:12.913, 1, 0, 10088
2026/05/23 13:12:12.915, 2, 0, 10088
2026/05/23 13:12:12.916, 3, 0, 10088
2026/05/23 13:12:28.002, 0, 9, 10490
2026/05/23 13:12:28.005, 1, 0, 10088
2026/05/23 13:12:28.007, 2, 0, 10088
2026/05/23 13:12:28.010, 3, 0, 10088
2026/05/23 13:12:43.225, 0, 0, 10490
2026/05/23 13:12:43.226, 1, 0, 10088
2026/05/23 13:12:43.227, 2, 0, 10088
2026/05/23 13:12:43.228, 3, 0, 10088
2026/05/23 13:12:58.533, 0, 100, 10490
2026/05/23 13:12:58.535, 1, 100, 10088
2026/05/23 13:12:58.536, 2, 5, 10088
2026/05/23 13:12:58.537, 3, 100, 10088
2026/05/23 13:13:13.865, 0, 100, 10490
2026/05/23 13:13:13.870, 1, 0, 10088
2026/05/23 13:13:13.873, 2, 100, 10088
2026/05/23 13:13:13.875, 3, 100, 10088
2026/05/23 13:13:29.178, 0, 13, 10490
2026/05/23 13:13:29.180, 1, 0, 10088
2026/05/23 13:13:29.181, 2, 0, 10088
2026/05/23 13:13:29.182, 3, 0, 10088
2026/05/23 13:13:44.266, 0, 8, 10490
2026/05/23 13:13:44.268, 1, 0, 10088
2026/05/23 13:13:44.269, 2, 0, 10088
2026/05/23 13:13:44.270, 3, 0, 10088
2026/05/23 13:13:59.353, 0, 9, 10490
2026/05/23 13:13:59.356, 1, 0, 10088
2026/05/23 13:13:59.357, 2, 0, 10088
2026/05/23 13:13:59.358, 3, 0, 10088
2026/05/23 13:14:14.570, 0, 100, 10490
2026/05/23 13:14:14.573, 1, 100, 10088
2026/05/23 13:14:14.576, 2, 100, 10088
2026/05/23 13:14:14.578, 3, 100, 10088
2026/05/23 13:14:29.780, 0, 3, 10490
2026/05/23 13:14:29.782, 1, 0, 10088
2026/05/23 13:14:29.783, 2, 0, 10088
2026/05/23 13:14:29.785, 3, 0, 10088
2026/05/23 13:14:44.922, 0, 7, 10490
2026/05/23 13:14:44.924, 1, 0, 10088
2026/05/23 13:14:44.925, 2, 0, 10088
2026/05/23 13:14:44.927, 3, 0, 10088
2026/05/23 13:15:00.010, 0, 43, 10490
2026/05/23 13:15:00.012, 1, 100, 10088
2026/05/23 13:15:00.013, 2, 100, 10088
2026/05/23 13:15:00.014, 3, 0, 10088
2026/05/23 13:15:15.114, 0, 9, 10490
2026/05/23 13:15:15.116, 1, 100, 10088
2026/05/23 13:15:15.117, 2, 0, 10088
2026/05/23 13:15:15.118, 3, 0, 10088
2026/05/23 13:15:30.202, 0, 9, 10490
2026/05/23 13:15:30.204, 1, 14, 10088
2026/05/23 13:15:30.205, 2, 0, 10088
2026/05/23 13:15:30.207, 3, 0, 10088
2026/05/23 13:15:45.321, 0, 100, 10490
2026/05/23 13:15:45.325, 1, 100, 10088
2026/05/23 13:15:45.328, 2, 98, 10088
2026/05/23 13:15:45.331, 3, 0, 10088
2026/05/23 13:16:00.465, 0, 3, 10490
2026/05/23 13:16:00.468, 1, 0, 10088
2026/05/23 13:16:00.469, 2, 0, 10088
2026/05/23 13:16:00.470, 3, 0, 10088
2026/05/23 13:16:15.602, 0, 100, 10490
2026/05/23 13:16:15.604, 1, 0, 10088
2026/05/23 13:16:15.605, 2, 100, 10088
2026/05/23 13:16:15.606, 3, 100, 10088
2026/05/23 13:16:30.917, 0, 100, 10490
2026/05/23 13:16:30.921, 1, 100, 10088
2026/05/23 13:16:30.924, 2, 100, 10088
2026/05/23 13:16:30.927, 3, 79, 10088
2026/05/23 13:16:46.046, 0, 100, 10490
2026/05/23 13:16:46.050, 1, 100, 10088
2026/05/23 13:16:46.053, 2, 100, 10088
2026/05/23 13:16:46.055, 3, 0, 10088
2026/05/23 13:17:01.178, 0, 100, 10490
2026/05/23 13:17:01.181, 1, 100, 10088
2026/05/23 13:17:01.183, 2, 100, 10088
2026/05/23 13:17:01.186, 3, 100, 10088
2026/05/23 13:17:16.475, 0, 0, 10490
2026/05/23 13:17:16.477, 1, 0, 10088
2026/05/23 13:17:16.478, 2, 0, 10088
2026/05/23 13:17:16.479, 3, 0, 10088
2026/05/23 13:17:31.581, 0, 9, 10490
2026/05/23 13:17:31.583, 1, 0, 10088
2026/05/23 13:17:31.584, 2, 0, 10088
2026/05/23 13:17:31.585, 3, 0, 10088
2026/05/23 13:17:46.670, 0, 9, 10490
2026/05/23 13:17:46.673, 1, 0, 10088
2026/05/23 13:17:46.674, 2, 0, 10088
2026/05/23 13:17:46.675, 3, 0, 10088
2026/05/23 13:18:01.771, 0, 9, 10490
2026/05/23 13:18:01.776, 1, 0, 10088
2026/05/23 13:18:01.778, 2, 100, 10088
2026/05/23 13:18:01.781, 3, 0, 10088
2026/05/23 13:18:16.893, 0, 15, 10490
2026/05/23 13:18:16.895, 1, 100, 10088
2026/05/23 13:18:16.897, 2, 100, 10088
2026/05/23 13:18:16.898, 3, 23, 10088
2026/05/23 13:18:31.998, 0, 12, 10490
2026/05/23 13:18:32.001, 1, 0, 10088
2026/05/23 13:18:32.002, 2, 0, 10088
2026/05/23 13:18:32.004, 3, 0, 10088
2026/05/23 13:18:47.090, 0, 100, 10490
2026/05/23 13:18:47.092, 1, 100, 10088
2026/05/23 13:18:47.093, 2, 100, 10088
2026/05/23 13:18:47.094, 3, 26, 10088
2026/05/23 13:19:02.187, 0, 100, 10490
2026/05/23 13:19:02.191, 1, 0, 10088
2026/05/23 13:19:02.194, 2, 98, 10088
2026/05/23 13:19:02.197, 3, 100, 10088
2026/05/23 13:19:17.457, 0, 8, 10490
2026/05/23 13:19:17.459, 1, 0, 10088
2026/05/23 13:19:17.461, 2, 0, 10088
2026/05/23 13:19:17.462, 3, 0, 10088
2026/05/23 13:19:32.545, 0, 8, 10490
2026/05/23 13:19:32.663, 1, 0, 10088
2026/05/23 13:19:32.664, 2, 0, 10088
2026/05/23 13:19:32.665, 3, 0, 10088
2026/05/23 13:19:47.746, 0, 12, 10490
2026/05/23 13:19:47.748, 1, 0, 10088
2026/05/23 13:19:47.750, 2, 0, 10088
2026/05/23 13:19:47.751, 3, 0, 10088
2026/05/23 13:20:02.837, 0, 8, 10490
2026/05/23 13:20:02.839, 1, 0, 10088
2026/05/23 13:20:02.841, 2, 0, 10088
2026/05/23 13:20:02.842, 3, 0, 10088
2026/05/23 13:20:17.968, 0, 6, 10490
2026/05/23 13:20:17.970, 1, 0, 10088
2026/05/23 13:20:17.971, 2, 0, 10088
2026/05/23 13:20:17.972, 3, 0, 10088
2026/05/23 13:20:33.198, 0, 0, 10490
2026/05/23 13:20:33.200, 1, 0, 10088
2026/05/23 13:20:33.201, 2, 0, 10088
2026/05/23 13:20:33.202, 3, 0, 10088
2026/05/23 13:20:48.389, 0, 9, 10490
2026/05/23 13:20:48.391, 1, 0, 10088
2026/05/23 13:20:48.393, 2, 0, 10088
2026/05/23 13:20:48.394, 3, 0, 10088
2026/05/23 13:21:03.498, 0, 15, 10490
2026/05/23 13:21:03.500, 1, 0, 10088
2026/05/23 13:21:03.502, 2, 0, 10088
2026/05/23 13:21:03.503, 3, 0, 10088
2026/05/23 13:21:18.716, 0, 47, 10490
2026/05/23 13:21:18.719, 1, 62, 10088
2026/05/23 13:21:18.722, 2, 100, 10088
2026/05/23 13:21:18.725, 3, 96, 10088
2026/05/23 13:21:33.826, 0, 39, 10490
2026/05/23 13:21:33.829, 1, 0, 10088
2026/05/23 13:21:33.830, 2, 0, 10088
2026/05/23 13:21:33.831, 3, 0, 10088
2026/05/23 13:21:48.911, 0, 100, 10490
2026/05/23 13:21:48.913, 1, 100, 10088
2026/05/23 13:21:48.916, 2, 100, 10088
2026/05/23 13:21:48.918, 3, 100, 10088
2026/05/23 13:22:04.016, 0, 100, 10490
2026/05/23 13:22:04.021, 1, 0, 10088
2026/05/23 13:22:04.025, 2, 100, 10088
2026/05/23 13:22:04.028, 3, 0, 10088
2026/05/23 13:22:19.198, 0, 4, 10490
2026/05/23 13:22:19.200, 1, 0, 10088
2026/05/23 13:22:19.201, 2, 0, 10088
2026/05/23 13:22:19.203, 3, 0, 10088
2026/05/23 13:22:34.444, 0, 5, 10490
2026/05/23 13:22:34.446, 1, 0, 10088
2026/05/23 13:22:34.448, 2, 0, 10088
2026/05/23 13:22:34.449, 3, 0, 10088
2026/05/23 13:22:49.533, 0, 9, 10490
2026/05/23 13:22:49.535, 1, 0, 10088
2026/05/23 13:22:49.537, 2, 0, 10088
2026/05/23 13:22:49.538, 3, 0, 10088
2026/05/23 13:23:04.620, 0, 100, 10490
2026/05/23 13:23:04.622, 1, 100, 10088
2026/05/23 13:23:04.623, 2, 100, 10088
2026/05/23 13:23:04.624, 3, 0, 10088
2026/05/23 13:23:19.716, 0, 10, 10490
2026/05/23 13:23:19.720, 1, 100, 10088
2026/05/23 13:23:19.723, 2, 100, 10088
2026/05/23 13:23:19.725, 3, 0, 10088
2026/05/23 13:23:34.838, 0, 10, 10490
2026/05/23 13:23:34.840, 1, 0, 10088
2026/05/23 13:23:34.842, 2, 0, 10088
2026/05/23 13:23:34.843, 3, 0, 10088
2026/05/23 13:23:50.039, 0, 2, 10490
2026/05/23 13:23:50.041, 1, 0, 10088
2026/05/23 13:23:50.041, 2, 0, 10088
2026/05/23 13:23:50.042, 3, 0, 10088
2026/05/23 13:24:05.121, 0, 5, 10490
2026/05/23 13:24:05.123, 1, 0, 10088
2026/05/23 13:24:05.125, 2, 0, 10088
2026/05/23 13:24:05.126, 3, 0, 10088
2026/05/23 13:24:20.281, 0, 100, 10490
2026/05/23 13:24:20.284, 1, 100, 10088
2026/05/23 13:24:20.287, 2, 100, 10088
2026/05/23 13:24:20.290, 3, 100, 10088
2026/05/23 13:24:35.421, 0, 100, 10490
2026/05/23 13:24:35.423, 1, 0, 10088
2026/05/23 13:24:35.425, 2, 100, 10088
2026/05/23 13:24:35.426, 3, 0, 10088
2026/05/23 13:24:50.526, 0, 14, 10490
2026/05/23 13:24:50.528, 1, 0, 10088
2026/05/23 13:24:50.529, 2, 0, 10088
2026/05/23 13:24:50.531, 3, 0, 10088
2026/05/23 13:25:05.613, 0, 100, 10490
2026/05/23 13:25:05.615, 1, 0, 10088
2026/05/23 13:25:05.616, 2, 100, 10088
2026/05/23 13:25:05.618, 3, 100, 10088
2026/05/23 13:25:20.702, 0, 100, 10490
2026/05/23 13:25:20.704, 1, 100, 10088
2026/05/23 13:25:20.705, 2, 98, 10088
2026/05/23 13:25:20.706, 3, 0, 10088
2026/05/23 13:25:35.877, 0, 100, 10490
2026/05/23 13:25:35.879, 1, 100, 10088
2026/05/23 13:25:35.880, 2, 0, 10088
2026/05/23 13:25:35.882, 3, 100, 10088
2026/05/23 13:25:50.966, 0, 9, 10490
2026/05/23 13:25:50.968, 1, 0, 10088
2026/05/23 13:25:50.969, 2, 0, 10088
2026/05/23 13:25:50.970, 3, 0, 10088
2026/05/23 13:26:06.053, 0, 12, 10490
2026/05/23 13:26:06.056, 1, 0, 10088
2026/05/23 13:26:06.057, 2, 0, 10088
2026/05/23 13:26:06.058, 3, 0, 10088
2026/05/23 13:26:21.195, 0, 100, 10490
2026/05/23 13:26:21.198, 1, 100, 10088
2026/05/23 13:26:21.201, 2, 100, 10088
2026/05/23 13:26:21.203, 3, 100, 10088
2026/05/23 13:26:36.337, 0, 9, 10490
2026/05/23 13:26:36.341, 1, 0, 10088
2026/05/23 13:26:36.345, 2, 0, 10088
2026/05/23 13:26:36.348, 3, 0, 10088
2026/05/23 13:26:51.453, 0, 6, 10490
2026/05/23 13:26:51.455, 1, 0, 10088
2026/05/23 13:26:51.456, 2, 0, 10088
2026/05/23 13:26:51.458, 3, 0, 10088
2026/05/23 13:27:06.549, 0, 0, 10490
2026/05/23 13:27:06.552, 1, 0, 10088
2026/05/23 13:27:06.553, 2, 0, 10088
2026/05/23 13:27:06.554, 3, 0, 10088
2026/05/23 13:27:21.877, 0, 13, 10490
2026/05/23 13:27:21.879, 1, 0, 10088
2026/05/23 13:27:21.880, 2, 0, 10088
2026/05/23 13:27:21.881, 3, 0, 10088
2026/05/23 13:27:37.160, 0, 100, 10490
2026/05/23 13:27:37.162, 1, 100, 10088
2026/05/23 13:27:37.164, 2, 100, 10088
2026/05/23 13:27:37.167, 3, 100, 10088
2026/05/23 13:27:52.286, 0, 9, 10490
2026/05/23 13:27:52.288, 1, 100, 10088
2026/05/23 13:27:52.289, 2, 100, 10088
2026/05/23 13:27:52.290, 3, 0, 10088
2026/05/23 13:28:07.381, 0, 6, 10490
2026/05/23 13:28:07.385, 1, 100, 10088
2026/05/23 13:28:07.388, 2, 0, 10088
2026/05/23 13:28:07.392, 3, 0, 10088
2026/05/23 13:28:22.485, 0, 7, 10490
2026/05/23 13:28:22.487, 1, 0, 10088
2026/05/23 13:28:22.489, 2, 0, 10088
2026/05/23 13:28:22.490, 3, 0, 10088
2026/05/23 13:28:37.734, 0, 14, 10490
2026/05/23 13:28:37.736, 1, 0, 10088
2026/05/23 13:28:37.738, 2, 0, 10088
2026/05/23 13:28:37.739, 3, 0, 10088
2026/05/23 13:28:52.921, 0, 8, 10490
2026/05/23 13:28:52.924, 1, 0, 10088
2026/05/23 13:28:52.926, 2, 0, 10088
2026/05/23 13:28:52.927, 3, 0, 10088
2026/05/23 13:29:08.011, 0, 9, 10490
2026/05/23 13:29:08.016, 1, 0, 10088
2026/05/23 13:29:08.020, 2, 0, 10088
2026/05/23 13:29:08.021, 3, 0, 10088
2026/05/23 13:29:23.109, 0, 9, 10490
2026/05/23 13:29:23.111, 1, 100, 10088
2026/05/23 13:29:23.112, 2, 46, 10088
2026/05/23 13:29:23.114, 3, 0, 10088
2026/05/23 13:29:38.197, 0, 9, 10490
2026/05/23 13:29:38.199, 1, 8, 10088
2026/05/23 13:29:38.200, 2, 0, 10088
2026/05/23 13:29:38.202, 3, 0, 10088
2026/05/23 13:29:53.306, 0, 13, 10490
2026/05/23 13:29:53.308, 1, 0, 10088
2026/05/23 13:29:53.309, 2, 0, 10088
2026/05/23 13:29:53.311, 3, 0, 10088
2026/05/23 13:30:08.394, 0, 5, 10490
2026/05/23 13:30:08.396, 1, 0, 10088
2026/05/23 13:30:08.398, 2, 0, 10088
2026/05/23 13:30:08.399, 3, 0, 10088
2026/05/23 13:30:23.481, 0, 8, 10490
2026/05/23 13:30:23.483, 1, 0, 10088
2026/05/23 13:30:23.484, 2, 0, 10088
2026/05/23 13:30:23.486, 3, 0, 10088
2026/05/23 13:30:38.581, 0, 9, 10490
2026/05/23 13:30:38.584, 1, 0, 10088
2026/05/23 13:30:38.585, 2, 0, 10088
2026/05/23 13:30:38.586, 3, 0, 10088
2026/05/23 13:30:53.687, 0, 100, 10490
2026/05/23 13:30:53.689, 1, 100, 10088
2026/05/23 13:30:53.690, 2, 87, 10088
2026/05/23 13:30:53.691, 3, 100, 10088
2026/05/23 13:31:08.852, 0, 13, 10490
2026/05/23 13:31:08.854, 1, 0, 10088
2026/05/23 13:31:08.856, 2, 0, 10088
2026/05/23 13:31:08.857, 3, 0, 10088
2026/05/23 13:31:23.941, 0, 9, 10490
2026/05/23 13:31:23.944, 1, 0, 10088
2026/05/23 13:31:23.945, 2, 0, 10088
2026/05/23 13:31:23.946, 3, 0, 10088
2026/05/23 13:31:39.029, 0, 0, 10490
2026/05/23 13:31:39.031, 1, 0, 10088
2026/05/23 13:31:39.033, 2, 0, 10088
2026/05/23 13:31:39.034, 3, 0, 10088
2026/05/23 13:31:54.190, 0, 4, 10490
2026/05/23 13:31:54.192, 1, 0, 10088
2026/05/23 13:31:54.193, 2, 0, 10088
2026/05/23 13:31:54.195, 3, 0, 10088
2026/05/23 13:32:09.503, 0, 9, 10490
2026/05/23 13:32:09.505, 1, 0, 10088
2026/05/23 13:32:09.506, 2, 0, 10088
2026/05/23 13:32:09.507, 3, 0, 10088
2026/05/23 13:32:24.586, 0, 11, 10490
2026/05/23 13:32:24.588, 1, 0, 10088
2026/05/23 13:32:24.589, 2, 0, 10088
2026/05/23 13:32:24.591, 3, 0, 10088
2026/05/23 13:32:39.699, 0, 9, 10490
2026/05/23 13:32:39.703, 1, 0, 10088
2026/05/23 13:32:39.706, 2, 0, 10088
2026/05/23 13:32:39.709, 3, 0, 10088
2026/05/23 13:32:54.809, 0, 5, 10490
2026/05/23 13:32:54.811, 1, 0, 10088
2026/05/23 13:32:54.813, 2, 0, 10088
2026/05/23 13:32:54.815, 3, 0, 10088
2026/05/23 13:33:09.897, 0, 5, 10490
2026/05/23 13:33:09.899, 1, 0, 10088
2026/05/23 13:33:09.901, 2, 0, 10088
2026/05/23 13:33:09.902, 3, 0, 10088
2026/05/23 13:33:24.986, 0, 100, 10490
2026/05/23 13:33:24.988, 1, 0, 10088
2026/05/23 13:33:24.989, 2, 0, 10088
2026/05/23 13:33:24.990, 3, 100, 10088
2026/05/23 13:33:40.109, 0, 12, 10490
2026/05/23 13:33:40.112, 1, 100, 10088
2026/05/23 13:33:40.113, 2, 0, 10088
2026/05/23 13:33:40.114, 3, 0, 10088
2026/05/23 13:33:55.214, 0, 10, 10490
2026/05/23 13:33:55.216, 1, 0, 10088
2026/05/23 13:33:55.217, 2, 0, 10088
2026/05/23 13:33:55.219, 3, 0, 10088
2026/05/23 13:34:10.309, 0, 100, 10490
2026/05/23 13:34:10.313, 1, 0, 10088
2026/05/23 13:34:10.317, 2, 100, 10088
2026/05/23 13:34:10.320, 3, 100, 10088
2026/05/23 13:34:25.425, 0, 9, 10490
2026/05/23 13:34:25.428, 1, 0, 10088
2026/05/23 13:34:25.430, 2, 0, 10088
2026/05/23 13:34:25.433, 3, 0, 10088
2026/05/23 13:34:40.525, 0, 5, 10490
2026/05/23 13:34:40.527, 1, 0, 10088
2026/05/23 13:34:40.529, 2, 0, 10088
2026/05/23 13:34:40.530, 3, 0, 10088
2026/05/23 13:34:55.701, 0, 6, 10490
2026/05/23 13:34:55.704, 1, 0, 10088
2026/05/23 13:34:55.705, 2, 0, 10088
2026/05/23 13:34:55.706, 3, 0, 10088
2026/05/23 13:35:10.796, 0, 10, 10490
2026/05/23 13:35:10.800, 1, 100, 10088
2026/05/23 13:35:10.803, 2, 100, 10088
2026/05/23 13:35:10.805, 3, 0, 10088
2026/05/23 13:35:25.897, 0, 100, 10490
2026/05/23 13:35:25.899, 1, 0, 10088
2026/05/23 13:35:25.901, 2, 0, 10088
2026/05/23 13:35:25.902, 3, 100, 10088
2026/05/23 13:35:40.999, 0, 100, 10490
2026/05/23 13:35:41.001, 1, 100, 10088
2026/05/23 13:35:41.002, 2, 100, 10088
2026/05/23 13:35:41.003, 3, 100, 10088
2026/05/23 13:35:56.281, 0, 100, 10490
2026/05/23 13:35:56.285, 1, 0, 10088
2026/05/23 13:35:56.288, 2, 45, 10088
2026/05/23 13:35:56.291, 3, 0, 10088
2026/05/23 13:36:11.392, 0, 100, 10490
2026/05/23 13:36:11.396, 1, 100, 10088
2026/05/23 13:36:11.400, 2, 100, 10088
2026/05/23 13:36:11.403, 3, 100, 10088
2026/05/23 13:36:26.514, 0, 9, 10490
2026/05/23 13:36:26.516, 1, 0, 10088
2026/05/23 13:36:26.517, 2, 0, 10088
2026/05/23 13:36:26.518, 3, 0, 10088
2026/05/23 13:36:41.647, 0, 100, 10490
2026/05/23 13:36:41.652, 1, 100, 10088
2026/05/23 13:36:41.656, 2, 100, 10088
2026/05/23 13:36:41.659, 3, 100, 10088
2026/05/23 13:36:56.753, 0, 9, 10490
2026/05/23 13:36:56.755, 1, 0, 10088
2026/05/23 13:36:56.757, 2, 0, 10088
2026/05/23 13:36:56.758, 3, 0, 10088
2026/05/23 13:37:11.841, 0, 9, 10490
2026/05/23 13:37:11.843, 1, 0, 10088
2026/05/23 13:37:11.845, 2, 0, 10088
2026/05/23 13:37:11.846, 3, 0, 10088
2026/05/23 13:37:26.930, 0, 100, 10490
2026/05/23 13:37:26.932, 1, 100, 10088
2026/05/23 13:37:26.933, 2, 0, 10088
2026/05/23 13:37:26.934, 3, 100, 10088
2026/05/23 13:37:42.017, 0, 6, 10490
2026/05/23 13:37:42.019, 1, 0, 10088
2026/05/23 13:37:42.021, 2, 0, 10088
2026/05/23 13:37:42.022, 3, 0, 10088
2026/05/23 13:37:57.142, 0, 2, 10490
2026/05/23 13:37:57.144, 1, 0, 10088
2026/05/23 13:37:57.145, 2, 0, 10088
2026/05/23 13:37:57.146, 3, 0, 10088
2026/05/23 13:38:12.230, 0, 9, 10490
2026/05/23 13:38:12.232, 1, 0, 10088
2026/05/23 13:38:12.233, 2, 0, 10088
2026/05/23 13:38:12.234, 3, 0, 10088
2026/05/23 13:38:27.317, 0, 10, 10490
2026/05/23 13:38:27.319, 1, 0, 10088
2026/05/23 13:38:27.321, 2, 0, 10088
2026/05/23 13:38:27.322, 3, 0, 10088
2026/05/23 13:38:42.433, 0, 42, 10490
2026/05/23 13:38:42.438, 1, 100, 10088
2026/05/23 13:38:42.441, 2, 100, 10088
2026/05/23 13:38:42.445, 3, 28, 10088
2026/05/23 13:38:57.628, 0, 9, 10490
2026/05/23 13:38:57.630, 1, 0, 10088
2026/05/23 13:38:57.631, 2, 0, 10088
2026/05/23 13:38:57.633, 3, 0, 10088
2026/05/23 13:39:12.726, 0, 100, 10490
2026/05/23 13:39:12.730, 1, 100, 10088
2026/05/23 13:39:12.734, 2, 0, 10088
2026/05/23 13:39:12.737, 3, 0, 10088
2026/05/23 13:39:27.843, 0, 9, 10490
2026/05/23 13:39:27.845, 1, 0, 10088
2026/05/23 13:39:27.846, 2, 0, 10088
2026/05/23 13:39:27.847, 3, 0, 10088
2026/05/23 13:39:42.929, 0, 3, 10490
2026/05/23 13:39:42.931, 1, 0, 10088
2026/05/23 13:39:42.933, 2, 0, 10088
2026/05/23 13:39:42.934, 3, 0, 10088
2026/05/23 13:39:58.027, 0, 100, 10490
2026/05/23 13:39:58.102, 1, 74, 10088
2026/05/23 13:39:58.106, 2, 100, 10088
2026/05/23 13:39:58.109, 3, 100, 10088
2026/05/23 13:40:13.218, 0, 14, 10490
2026/05/23 13:40:13.220, 1, 0, 10088
2026/05/23 13:40:13.221, 2, 0, 10088
2026/05/23 13:40:13.222, 3, 0, 10088
2026/05/23 13:40:28.314, 0, 100, 10490
2026/05/23 13:40:28.318, 1, 100, 10088
2026/05/23 13:40:28.321, 2, 100, 10088
2026/05/23 13:40:28.324, 3, 100, 10088
2026/05/23 13:40:43.418, 0, 0, 10490
2026/05/23 13:40:43.420, 1, 100, 10088
2026/05/23 13:40:43.421, 2, 83, 10088
2026/05/23 13:40:43.422, 3, 11, 10088
2026/05/23 13:40:58.573, 0, 0, 10490
2026/05/23 13:40:58.575, 1, 0, 10088
2026/05/23 13:40:58.576, 2, 0, 10088
2026/05/23 13:40:58.577, 3, 0, 10088
2026/05/23 13:41:13.798, 0, 9, 10490
2026/05/23 13:41:13.800, 1, 0, 10088
2026/05/23 13:41:13.802, 2, 0, 10088
2026/05/23 13:41:13.803, 3, 0, 10088
2026/05/23 13:41:28.906, 0, 14, 10490
2026/05/23 13:41:28.908, 1, 0, 10088
2026/05/23 13:41:28.910, 2, 0, 10088
2026/05/23 13:41:28.911, 3, 0, 10088
2026/05/23 13:41:44.025, 0, 99, 10490
2026/05/23 13:41:44.028, 1, 100, 10088
2026/05/23 13:41:44.032, 2, 100, 10088
2026/05/23 13:41:44.035, 3, 0, 10088
2026/05/23 13:41:59.133, 0, 10, 10490
2026/05/23 13:41:59.135, 1, 0, 10088
2026/05/23 13:41:59.137, 2, 0, 10088
2026/05/23 13:41:59.138, 3, 0, 10088
2026/05/23 13:42:14.229, 0, 4, 10490
2026/05/23 13:42:14.231, 1, 0, 10088
2026/05/23 13:42:14.233, 2, 0, 10088
2026/05/23 13:42:14.234, 3, 0, 10088
2026/05/23 13:42:29.362, 0, 6, 10490
2026/05/23 13:42:29.364, 1, 100, 10088
2026/05/23 13:42:29.366, 2, 100, 10088
2026/05/23 13:42:29.367, 3, 0, 10088
2026/05/23 13:42:44.710, 0, 12, 10490
2026/05/23 13:42:44.712, 1, 0, 10088
2026/05/23 13:42:44.713, 2, 0, 10088
2026/05/23 13:42:44.715, 3, 0, 10088
2026/05/23 13:42:59.802, 0, 13, 10490
2026/05/23 13:42:59.806, 1, 98, 10088
2026/05/23 13:42:59.810, 2, 0, 10088
2026/05/23 13:42:59.813, 3, 0, 10088
2026/05/23 13:43:14.901, 0, 9, 10490
2026/05/23 13:43:14.903, 1, 0, 10088
2026/05/23 13:43:14.905, 2, 0, 10088
2026/05/23 13:43:14.906, 3, 0, 10088
2026/05/23 13:43:29.989, 0, 8, 10490
2026/05/23 13:43:29.991, 1, 0, 10088
2026/05/23 13:43:29.993, 2, 0, 10088
2026/05/23 13:43:29.994, 3, 0, 10088
2026/05/23 13:43:45.102, 0, 100, 10490
2026/05/23 13:43:45.106, 1, 100, 10088
2026/05/23 13:43:45.109, 2, 100, 10088
2026/05/23 13:43:45.112, 3, 100, 10088
2026/05/23 13:44:00.210, 0, 11, 10490
2026/05/23 13:44:00.213, 1, 0, 10088
2026/05/23 13:44:00.214, 2, 0, 10088
2026/05/23 13:44:00.215, 3, 0, 10088
2026/05/23 13:44:15.425, 0, 2, 10490
2026/05/23 13:44:15.427, 1, 100, 10088
2026/05/23 13:44:15.428, 2, 0, 10088
2026/05/23 13:44:15.429, 3, 0, 10088
2026/05/23 13:44:30.531, 0, 9, 10490
2026/05/23 13:44:30.533, 1, 0, 10088
2026/05/23 13:44:30.534, 2, 0, 10088
2026/05/23 13:44:30.535, 3, 0, 10088
2026/05/23 13:44:45.621, 0, 9, 10490
2026/05/23 13:44:45.623, 1, 0, 10088
2026/05/23 13:44:45.625, 2, 0, 10088
2026/05/23 13:44:45.626, 3, 0, 10088
2026/05/23 13:45:00.726, 0, 0, 10490
2026/05/23 13:45:00.729, 1, 0, 10088
2026/05/23 13:45:00.730, 2, 0, 10088
2026/05/23 13:45:00.731, 3, 0, 10088
2026/05/23 13:45:15.825, 0, 7, 10490
2026/05/23 13:45:15.830, 1, 100, 10088
2026/05/23 13:45:15.833, 2, 100, 10088
2026/05/23 13:45:15.940, 3, 0, 10088
2026/05/23 13:45:31.029, 0, 9, 10490
2026/05/23 13:45:31.031, 1, 0, 10088
2026/05/23 13:45:31.032, 2, 0, 10088
2026/05/23 13:45:31.034, 3, 0, 10088
2026/05/23 13:45:46.124, 0, 9, 10490
2026/05/23 13:45:46.127, 1, 100, 10088
2026/05/23 13:45:46.131, 2, 100, 10088
2026/05/23 13:45:46.133, 3, 0, 10088
2026/05/23 13:46:01.227, 0, 9, 10490
2026/05/23 13:46:01.229, 1, 0, 10088
2026/05/23 13:46:01.230, 2, 0, 10088
2026/05/23 13:46:01.231, 3, 0, 10088
2026/05/23 13:46:16.314, 0, 7, 10490
2026/05/23 13:46:16.316, 1, 0, 10088
2026/05/23 13:46:16.317, 2, 0, 10088
2026/05/23 13:46:16.318, 3, 0, 10088
2026/05/23 13:46:31.401, 0, 9, 10490
2026/05/23 13:46:31.403, 1, 100, 10088
2026/05/23 13:46:31.405, 2, 100, 10088
2026/05/23 13:46:31.406, 3, 0, 10088
2026/05/23 13:46:46.494, 0, 100, 10490
2026/05/23 13:46:46.498, 1, 0, 10088
2026/05/23 13:46:46.501, 2, 0, 10088
2026/05/23 13:46:46.503, 3, 0, 10088
2026/05/23 13:47:01.596, 0, 100, 10490
2026/05/23 13:47:01.601, 1, 100, 10088
2026/05/23 13:47:01.604, 2, 0, 10088
2026/05/23 13:47:01.606, 3, 0, 10088
2026/05/23 13:47:16.900, 0, 100, 10490
2026/05/23 13:47:16.904, 1, 100, 10088
2026/05/23 13:47:16.906, 2, 0, 10088
2026/05/23 13:47:16.907, 3, 0, 10088
2026/05/23 13:47:32.010, 0, 13, 10490
2026/05/23 13:47:32.012, 1, 0, 10088
2026/05/23 13:47:32.014, 2, 0, 10088
2026/05/23 13:47:32.015, 3, 0, 10088
2026/05/23 13:47:47.133, 0, 100, 10490
2026/05/23 13:47:47.135, 1, 0, 10088
2026/05/23 13:47:47.136, 2, 0, 10088
2026/05/23 13:47:47.138, 3, 100, 10088
2026/05/23 13:48:02.221, 0, 0, 10490
2026/05/23 13:48:02.223, 1, 0, 10088
2026/05/23 13:48:02.224, 2, 0, 10088
2026/05/23 13:48:02.226, 3, 0, 10088
2026/05/23 13:48:17.570, 0, 100, 10490
2026/05/23 13:48:17.573, 1, 100, 10088
2026/05/23 13:48:17.574, 2, 63, 10088
2026/05/23 13:48:17.577, 3, 77, 10088
2026/05/23 13:48:32.694, 0, 9, 10490
2026/05/23 13:48:32.698, 1, 100, 10088
2026/05/23 13:48:32.701, 2, 0, 10088
2026/05/23 13:48:32.704, 3, 0, 10088
2026/05/23 13:48:47.798, 0, 13, 10490
2026/05/23 13:48:47.800, 1, 0, 10088
2026/05/23 13:48:47.801, 2, 0, 10088
2026/05/23 13:48:47.803, 3, 0, 10088
2026/05/23 13:49:02.903, 0, 5, 10490
2026/05/23 13:49:02.905, 1, 0, 10088
2026/05/23 13:49:02.906, 2, 0, 10088
2026/05/23 13:49:02.907, 3, 0, 10088
2026/05/23 13:49:18.174, 0, 100, 10490
2026/05/23 13:49:18.176, 1, 100, 10088
2026/05/23 13:49:18.177, 2, 100, 10088
2026/05/23 13:49:18.178, 3, 100, 10088
2026/05/23 13:49:33.326, 0, 100, 10490
2026/05/23 13:49:33.330, 1, 100, 10088
2026/05/23 13:49:33.333, 2, 100, 10088
2026/05/23 13:49:33.336, 3, 100, 10088
2026/05/23 13:49:48.472, 0, 100, 10490
2026/05/23 13:49:48.476, 1, 47, 10088
2026/05/23 13:49:48.480, 2, 100, 10088
2026/05/23 13:49:48.483, 3, 0, 10088
2026/05/23 13:50:03.577, 0, 13, 10490
2026/05/23 13:50:03.580, 1, 0, 10088
2026/05/23 13:50:03.581, 2, 0, 10088
2026/05/23 13:50:03.582, 3, 0, 10088
2026/05/23 13:50:18.695, 0, 100, 10490
2026/05/23 13:50:18.699, 1, 100, 10088
2026/05/23 13:50:18.702, 2, 53, 10088
2026/05/23 13:50:18.705, 3, 99, 10088
2026/05/23 13:50:34.029, 0, 8, 10490
2026/05/23 13:50:34.032, 1, 0, 10088
2026/05/23 13:50:34.033, 2, 0, 10088
2026/05/23 13:50:34.034, 3, 0, 10088
2026/05/23 13:50:49.125, 0, 9, 10490
2026/05/23 13:50:49.128, 1, 0, 10088
2026/05/23 13:50:49.132, 2, 100, 10088
2026/05/23 13:50:49.134, 3, 0, 10088
2026/05/23 13:51:04.290, 0, 9, 10490
2026/05/23 13:51:04.292, 1, 0, 10088
2026/05/23 13:51:04.294, 2, 0, 10088
2026/05/23 13:51:04.295, 3, 0, 10088
2026/05/23 13:51:19.394, 0, 13, 10490
2026/05/23 13:51:19.396, 1, 0, 10088
2026/05/23 13:51:19.397, 2, 0, 10088
2026/05/23 13:51:19.399, 3, 0, 10088
2026/05/23 13:51:34.481, 0, 6, 10490
2026/05/23 13:51:34.483, 1, 0, 10088
2026/05/23 13:51:34.485, 2, 0, 10088
2026/05/23 13:51:34.486, 3, 0, 10088
2026/05/23 13:51:49.629, 0, 0, 10490
2026/05/23 13:51:49.631, 1, 0, 10088
2026/05/23 13:51:49.632, 2, 0, 10088
2026/05/23 13:51:49.634, 3, 0, 10088
2026/05/23 13:52:04.712, 0, 8, 10490
2026/05/23 13:52:04.714, 1, 0, 10088
2026/05/23 13:52:04.715, 2, 0, 10088
2026/05/23 13:52:04.716, 3, 0, 10088
2026/05/23 13:52:19.802, 0, 100, 10490
2026/05/23 13:52:19.804, 1, 100, 10088
2026/05/23 13:52:19.805, 2, 100, 10088
2026/05/23 13:52:19.807, 3, 100, 10088
2026/05/23 13:52:34.906, 0, 15, 10490
2026/05/23 13:52:34.908, 1, 0, 10088
2026/05/23 13:52:34.910, 2, 0, 10088
2026/05/23 13:52:34.911, 3, 0, 10088
2026/05/23 13:52:50.013, 0, 64, 10490
2026/05/23 13:52:50.018, 1, 100, 10088
2026/05/23 13:52:50.021, 2, 0, 10088
2026/05/23 13:52:50.022, 3, 0, 10088
2026/05/23 13:53:05.103, 0, 100, 10490
2026/05/23 13:53:05.105, 1, 0, 10088
2026/05/23 13:53:05.106, 2, 0, 10088
2026/05/23 13:53:05.107, 3, 0, 10088
2026/05/23 13:53:20.365, 0, 100, 10490
2026/05/23 13:53:20.369, 1, 92, 10088
2026/05/23 13:53:20.372, 2, 100, 10088
2026/05/23 13:53:20.374, 3, 0, 10088
2026/05/23 13:53:35.810, 0, 10, 10490
2026/05/23 13:53:35.812, 1, 0, 10088
2026/05/23 13:53:35.814, 2, 0, 10088
2026/05/23 13:53:35.815, 3, 0, 10088
2026/05/23 13:53:51.029, 0, 12, 10490
2026/05/23 13:53:51.031, 1, 0, 10088
2026/05/23 13:53:51.032, 2, 0, 10088
2026/05/23 13:53:51.033, 3, 0, 10088
2026/05/23 13:54:06.148, 0, 9, 10490
2026/05/23 13:54:06.152, 1, 100, 10088
2026/05/23 13:54:06.155, 2, 100, 10088
2026/05/23 13:54:06.158, 3, 0, 10088
2026/05/23 13:54:21.320, 0, 100, 10490
2026/05/23 13:54:21.323, 1, 0, 10088
2026/05/23 13:54:21.327, 2, 0, 10088
2026/05/23 13:54:21.331, 3, 100, 10088
2026/05/23 13:54:36.429, 0, 92, 10490
2026/05/23 13:54:36.431, 1, 100, 10088
2026/05/23 13:54:36.432, 2, 100, 10088
2026/05/23 13:54:36.434, 3, 100, 10088
2026/05/23 13:54:51.554, 0, 17, 10490
2026/05/23 13:54:51.556, 1, 0, 10088
2026/05/23 13:54:51.558, 2, 0, 10088
2026/05/23 13:54:51.559, 3, 0, 10088
2026/05/23 13:55:06.859, 0, 100, 10490
2026/05/23 13:55:06.863, 1, 100, 10088
2026/05/23 13:55:06.865, 2, 100, 10088
2026/05/23 13:55:06.869, 3, 100, 10088
2026/05/23 13:55:21.987, 0, 100, 10490
2026/05/23 13:55:21.991, 1, 100, 10088
2026/05/23 13:55:21.993, 2, 66, 10088
2026/05/23 13:55:21.997, 3, 100, 10088
2026/05/23 13:55:37.407, 0, 9, 10490
2026/05/23 13:55:37.409, 1, 100, 10088
2026/05/23 13:55:37.410, 2, 0, 10088
2026/05/23 13:55:37.411, 3, 0, 10088
2026/05/23 13:55:52.567, 0, 100, 10490
2026/05/23 13:55:52.569, 1, 0, 10088
2026/05/23 13:55:52.572, 2, 100, 10088
2026/05/23 13:55:52.575, 3, 0, 10088
2026/05/23 13:56:07.686, 0, 100, 10490
2026/05/23 13:56:07.688, 1, 0, 10088
2026/05/23 13:56:07.689, 2, 100, 10088
2026/05/23 13:56:07.691, 3, 100, 10088
2026/05/23 13:56:22.773, 0, 0, 10490
2026/05/23 13:56:22.775, 1, 0, 10088
2026/05/23 13:56:22.777, 2, 0, 10088
2026/05/23 13:56:22.778, 3, 0, 10088
2026/05/23 13:56:37.964, 0, 10, 10490
2026/05/23 13:56:38.100, 1, 97, 10088
2026/05/23 13:56:38.101, 2, 100, 10088
2026/05/23 13:56:38.104, 3, 0, 10088
2026/05/23 13:56:53.293, 0, 2, 10490
2026/05/23 13:56:53.295, 1, 0, 10088
2026/05/23 13:56:53.297, 2, 0, 10088
2026/05/23 13:56:53.298, 3, 0, 10088
2026/05/23 13:57:08.534, 0, 100, 10490
2026/05/23 13:57:08.538, 1, 0, 10088
2026/05/23 13:57:08.541, 2, 100, 10088
2026/05/23 13:57:08.543, 3, 100, 10088
2026/05/23 13:57:23.645, 0, 9, 10490
2026/05/23 13:57:23.650, 1, 100, 10088
2026/05/23 13:57:23.654, 2, 0, 10088
2026/05/23 13:57:23.658, 3, 0, 10088
2026/05/23 13:57:38.758, 0, 5, 10490
2026/05/23 13:57:38.760, 1, 0, 10088
2026/05/23 13:57:38.761, 2, 0, 10088
2026/05/23 13:57:38.762, 3, 0, 10088
2026/05/23 13:57:53.854, 0, 100, 10490
2026/05/23 13:57:53.858, 1, 100, 10088
2026/05/23 13:57:53.861, 2, 0, 10088
2026/05/23 13:57:53.863, 3, 0, 10088
2026/05/23 13:58:08.993, 0, 3, 10490
2026/05/23 13:58:08.995, 1, 0, 10088
2026/05/23 13:58:08.996, 2, 0, 10088
2026/05/23 13:58:08.998, 3, 0, 10088
2026/05/23 13:58:24.097, 0, 5, 10490
2026/05/23 13:58:24.099, 1, 0, 10088
2026/05/23 13:58:24.100, 2, 0, 10088
2026/05/23 13:58:24.102, 3, 0, 10088
2026/05/23 13:58:39.261, 0, 8, 10490
2026/05/23 13:58:39.265, 1, 100, 10088
2026/05/23 13:58:39.267, 2, 100, 10088
2026/05/23 13:58:39.268, 3, 0, 10088
2026/05/23 13:58:54.526, 0, 9, 10490
2026/05/23 13:58:54.528, 1, 0, 10088
2026/05/23 13:58:54.529, 2, 0, 10088
2026/05/23 13:58:54.531, 3, 0, 10088
2026/05/23 13:59:09.638, 0, 86, 10490
2026/05/23 13:59:09.643, 1, 100, 10088
2026/05/23 13:59:09.646, 2, 100, 10088
2026/05/23 13:59:09.649, 3, 97, 10088
2026/05/23 13:59:24.772, 0, 100, 10490
2026/05/23 13:59:24.776, 1, 71, 10088
2026/05/23 13:59:24.779, 2, 100, 10088
2026/05/23 13:59:24.782, 3, 0, 10088
2026/05/23 13:59:39.897, 0, 9, 10490
2026/05/23 13:59:39.899, 1, 0, 10088
2026/05/23 13:59:39.901, 2, 0, 10088
2026/05/23 13:59:39.902, 3, 0, 10088
2026/05/23 13:59:55.003, 0, 0, 10490
2026/05/23 13:59:55.005, 1, 0, 10088
2026/05/23 13:59:55.006, 2, 0, 10088
2026/05/23 13:59:55.008, 3, 0, 10088
2026/05/23 14:00:10.277, 0, 100, 10490
2026/05/23 14:00:10.281, 1, 55, 10088
2026/05/23 14:00:10.284, 2, 100, 10088
2026/05/23 14:00:10.288, 3, 100, 10088
2026/05/23 14:00:25.466, 0, 100, 10490
2026/05/23 14:00:25.470, 1, 100, 10088
2026/05/23 14:00:25.472, 2, 100, 10088
2026/05/23 14:00:25.596, 3, 100, 10088
2026/05/23 14:00:40.689, 0, 100, 10490
2026/05/23 14:00:40.691, 1, 0, 10088
2026/05/23 14:00:40.692, 2, 100, 10088
2026/05/23 14:00:40.694, 3, 100, 10088
2026/05/23 14:00:55.886, 0, 100, 10490
2026/05/23 14:00:55.891, 1, 100, 10088
2026/05/23 14:00:55.895, 2, 100, 10088
2026/05/23 14:00:55.898, 3, 100, 10088
2026/05/23 14:01:11.006, 0, 15, 10490
2026/05/23 14:01:11.008, 1, 0, 10088
2026/05/23 14:01:11.010, 2, 0, 10088
2026/05/23 14:01:11.011, 3, 0, 10088
2026/05/23 14:01:26.097, 0, 1, 10490
2026/05/23 14:01:26.099, 1, 0, 10088
2026/05/23 14:01:26.101, 2, 0, 10088
2026/05/23 14:01:26.102, 3, 0, 10088
2026/05/23 14:01:41.241, 0, 8, 10490
2026/05/23 14:01:41.243, 1, 0, 10088
2026/05/23 14:01:41.244, 2, 0, 10088
2026/05/23 14:01:41.319, 3, 0, 10088
2026/05/23 14:01:56.524, 0, 8, 10490
2026/05/23 14:01:56.525, 1, 100, 10088
2026/05/23 14:01:56.526, 2, 100, 10088
2026/05/23 14:01:56.527, 3, 0, 10088
2026/05/23 14:02:11.618, 0, 55, 10490
2026/05/23 14:02:11.622, 1, 0, 10088
2026/05/23 14:02:11.625, 2, 0, 10088
2026/05/23 14:02:11.628, 3, 41, 10088
2026/05/23 14:02:26.742, 0, 13, 10490
2026/05/23 14:02:26.744, 1, 0, 10088
2026/05/23 14:02:26.745, 2, 0, 10088
2026/05/23 14:02:26.747, 3, 0, 10088
2026/05/23 14:02:41.855, 0, 100, 10490
2026/05/23 14:02:41.859, 1, 100, 10088
2026/05/23 14:02:41.863, 2, 0, 10088
2026/05/23 14:02:41.867, 3, 0, 10088
2026/05/23 14:02:56.957, 0, 9, 10490
2026/05/23 14:02:56.959, 1, 0, 10088
2026/05/23 14:02:56.960, 2, 0, 10088
2026/05/23 14:02:56.962, 3, 0, 10088
2026/05/23 14:03:12.045, 0, 2, 10490
2026/05/23 14:03:12.047, 1, 0, 10088
2026/05/23 14:03:12.049, 2, 0, 10088
2026/05/23 14:03:12.050, 3, 0, 10088
2026/05/23 14:03:27.214, 0, 9, 10490
2026/05/23 14:03:27.215, 1, 0, 10088
2026/05/23 14:03:27.216, 2, 0, 10088
2026/05/23 14:03:27.217, 3, 0, 10088
2026/05/23 14:03:42.334, 0, 9, 10490
2026/05/23 14:03:42.336, 1, 0, 10088
2026/05/23 14:03:42.337, 2, 0, 10088
2026/05/23 14:03:42.339, 3, 0, 10088
2026/05/23 14:03:57.425, 0, 9, 10490
2026/05/23 14:03:57.427, 1, 0, 10088
2026/05/23 14:03:57.429, 2, 0, 10088
2026/05/23 14:03:57.430, 3, 0, 10088
2026/05/23 14:04:12.522, 0, 100, 10490
2026/05/23 14:04:12.529, 1, 69, 10088
2026/05/23 14:04:12.533, 2, 100, 10088
2026/05/23 14:04:12.535, 3, 100, 10088
2026/05/23 14:04:27.625, 0, 9, 10490
2026/05/23 14:04:27.627, 1, 100, 10088
2026/05/23 14:04:27.628, 2, 82, 10088
2026/05/23 14:04:27.630, 3, 0, 10088
2026/05/23 14:04:42.790, 0, 9, 10490
2026/05/23 14:04:42.792, 1, 0, 10088
2026/05/23 14:04:42.793, 2, 0, 10088
2026/05/23 14:04:42.794, 3, 0, 10088
2026/05/23 14:04:57.917, 0, 2, 10490
2026/05/23 14:04:57.920, 1, 0, 10088
2026/05/23 14:04:57.921, 2, 0, 10088
2026/05/23 14:04:57.922, 3, 0, 10088
2026/05/23 14:05:13.203, 0, 100, 10490
2026/05/23 14:05:13.207, 1, 63, 10088
2026/05/23 14:05:13.210, 2, 100, 10088
2026/05/23 14:05:13.212, 3, 100, 10088
2026/05/23 14:05:28.326, 0, 100, 10490
2026/05/23 14:05:28.328, 1, 0, 10088
2026/05/23 14:05:28.330, 2, 0, 10088
2026/05/23 14:05:28.331, 3, 0, 10088
2026/05/23 14:05:43.413, 0, 8, 10490
2026/05/23 14:05:43.415, 1, 0, 10088
2026/05/23 14:05:43.417, 2, 0, 10088
2026/05/23 14:05:43.418, 3, 0, 10088
2026/05/23 14:05:58.501, 0, 12, 10490
2026/05/23 14:05:58.504, 1, 0, 10088
2026/05/23 14:05:58.505, 2, 0, 10088
2026/05/23 14:05:58.506, 3, 0, 10088
2026/05/23 14:06:14.037, 0, 8, 10490
2026/05/23 14:06:14.041, 1, 100, 10088
2026/05/23 14:06:14.043, 2, 0, 10088
2026/05/23 14:06:14.045, 3, 0, 10088
2026/05/23 14:06:29.282, 0, 63, 10490
2026/05/23 14:06:29.284, 1, 100, 10088
2026/05/23 14:06:29.285, 2, 100, 10088
2026/05/23 14:06:29.286, 3, 0, 10088
2026/05/23 14:06:44.449, 0, 2, 10490
2026/05/23 14:06:44.451, 1, 0, 10088
2026/05/23 14:06:44.452, 2, 0, 10088
2026/05/23 14:06:44.453, 3, 0, 10088
2026/05/23 14:06:59.533, 0, 9, 10490
2026/05/23 14:06:59.535, 1, 0, 10088
2026/05/23 14:06:59.537, 2, 0, 10088
2026/05/23 14:06:59.538, 3, 0, 10088
2026/05/23 14:07:14.638, 0, 13, 10490
2026/05/23 14:07:14.641, 1, 0, 10088
2026/05/23 14:07:14.642, 2, 0, 10088
2026/05/23 14:07:14.644, 3, 0, 10088
2026/05/23 14:07:29.791, 0, 100, 10490
2026/05/23 14:07:29.794, 1, 100, 10088
2026/05/23 14:07:29.797, 2, 100, 10088
2026/05/23 14:07:29.799, 3, 100, 10088
2026/05/23 14:07:44.897, 0, 100, 10490
2026/05/23 14:07:44.899, 1, 100, 10088
2026/05/23 14:07:44.901, 2, 0, 10088
2026/05/23 14:07:44.902, 3, 0, 10088
2026/05/23 14:08:00.085, 0, 7, 10490
2026/05/23 14:08:00.087, 1, 0, 10088
2026/05/23 14:08:00.088, 2, 0, 10088
2026/05/23 14:08:00.089, 3, 0, 10088
2026/05/23 14:08:15.185, 0, 9, 10490
2026/05/23 14:08:15.187, 1, 0, 10088
2026/05/23 14:08:15.189, 2, 0, 10088
2026/05/23 14:08:15.190, 3, 0, 10088
2026/05/23 14:08:30.290, 0, 12, 10490
2026/05/23 14:08:30.292, 1, 0, 10088
2026/05/23 14:08:30.294, 2, 0, 10088
2026/05/23 14:08:30.295, 3, 0, 10088
2026/05/23 14:08:45.406, 0, 100, 10490
2026/05/23 14:08:45.410, 1, 100, 10088
2026/05/23 14:08:45.414, 2, 100, 10088
2026/05/23 14:08:45.417, 3, 100, 10088
2026/05/23 14:09:00.513, 0, 8, 10490
2026/05/23 14:09:00.515, 1, 0, 10088
2026/05/23 14:09:00.517, 2, 0, 10088
2026/05/23 14:09:00.518, 3, 0, 10088
2026/05/23 14:09:15.601, 0, 9, 10490
2026/05/23 14:09:15.603, 1, 0, 10088
2026/05/23 14:09:15.605, 2, 0, 10088
2026/05/23 14:09:15.606, 3, 0, 10088
2026/05/23 14:09:30.689, 0, 4, 10490
2026/05/23 14:09:30.691, 1, 100, 10088
2026/05/23 14:09:30.692, 2, 100, 10088
2026/05/23 14:09:30.694, 3, 0, 10088
2026/05/23 14:09:45.794, 0, 6, 10490
2026/05/23 14:09:45.796, 1, 0, 10088
2026/05/23 14:09:45.798, 2, 0, 10088
2026/05/23 14:09:45.799, 3, 0, 10088
2026/05/23 14:10:00.891, 0, 100, 10490
2026/05/23 14:10:00.895, 1, 100, 10088
2026/05/23 14:10:00.898, 2, 0, 10088
2026/05/23 14:10:00.899, 3, 0, 10088
2026/05/23 14:10:15.998, 0, 9, 10490
2026/05/23 14:10:16.002, 1, 100, 10088
2026/05/23 14:10:16.005, 2, 0, 10088
2026/05/23 14:10:16.009, 3, 0, 10088
2026/05/23 14:10:31.127, 0, 100, 10490
2026/05/23 14:10:31.130, 1, 100, 10088
2026/05/23 14:10:31.133, 2, 42, 10088
2026/05/23 14:10:31.136, 3, 84, 10088
2026/05/23 14:10:46.284, 0, 9, 10490
2026/05/23 14:10:46.286, 1, 100, 10088
2026/05/23 14:10:46.287, 2, 100, 10088
2026/05/23 14:10:46.288, 3, 0, 10088
2026/05/23 14:11:01.503, 0, 13, 10490
2026/05/23 14:11:01.505, 1, 0, 10088
2026/05/23 14:11:01.506, 2, 0, 10088
2026/05/23 14:11:01.508, 3, 0, 10088
2026/05/23 14:11:16.650, 0, 5, 10490
2026/05/23 14:11:16.652, 1, 100, 10088
2026/05/23 14:11:16.653, 2, 100, 10088
2026/05/23 14:11:16.654, 3, 0, 10088
2026/05/23 14:11:31.838, 0, 100, 10490
2026/05/23 14:11:31.841, 1, 100, 10088
2026/05/23 14:11:31.842, 2, 100, 10088
2026/05/23 14:11:31.843, 3, 100, 10088
2026/05/23 14:11:46.950, 0, 9, 10490
2026/05/23 14:11:46.952, 1, 0, 10088
2026/05/23 14:11:46.953, 2, 0, 10088
2026/05/23 14:11:46.955, 3, 0, 10088
2026/05/23 14:12:02.045, 0, 90, 10490
2026/05/23 14:12:02.049, 1, 100, 10088
2026/05/23 14:12:02.052, 2, 0, 10088
2026/05/23 14:12:02.054, 3, 98, 10088
2026/05/23 14:12:17.397, 0, 0, 10490
2026/05/23 14:12:17.399, 1, 0, 10088
2026/05/23 14:12:17.401, 2, 0, 10088
2026/05/23 14:12:17.402, 3, 0, 10088
2026/05/23 14:12:32.485, 0, 9, 10490
2026/05/23 14:12:32.487, 1, 0, 10088
2026/05/23 14:12:32.489, 2, 0, 10088
2026/05/23 14:12:32.490, 3, 0, 10088
2026/05/23 14:12:47.590, 0, 9, 10490
2026/05/23 14:12:47.592, 1, 0, 10088
2026/05/23 14:12:47.593, 2, 0, 10088
2026/05/23 14:12:47.594, 3, 0, 10088
2026/05/23 14:13:02.683, 0, 10, 10490
2026/05/23 14:13:02.687, 1, 0, 10088
2026/05/23 14:13:02.690, 2, 0, 10088
2026/05/23 14:13:02.694, 3, 0, 10088
2026/05/23 14:13:17.930, 0, 14, 10490
2026/05/23 14:13:17.933, 1, 0, 10088
2026/05/23 14:13:17.934, 2, 0, 10088
2026/05/23 14:13:17.935, 3, 0, 10088
2026/05/23 14:13:33.143, 0, 100, 10490
2026/05/23 14:13:33.145, 1, 0, 10088
2026/05/23 14:13:33.146, 2, 0, 10088
2026/05/23 14:13:33.147, 3, 0, 10088
2026/05/23 14:13:48.269, 0, 18, 10490
2026/05/23 14:13:48.272, 1, 100, 10088
2026/05/23 14:13:48.275, 2, 100, 10088
2026/05/23 14:13:48.278, 3, 0, 10088
2026/05/23 14:14:03.383, 0, 10, 10490
2026/05/23 14:14:03.387, 1, 88, 10088
2026/05/23 14:14:03.390, 2, 100, 10088
2026/05/23 14:14:03.395, 3, 0, 10088
2026/05/23 14:14:18.701, 0, 77, 10490
2026/05/23 14:14:18.704, 1, 100, 10088
2026/05/23 14:14:18.707, 2, 100, 10088
2026/05/23 14:14:18.710, 3, 0, 10088
2026/05/23 14:14:33.854, 0, 12, 10490
2026/05/23 14:14:33.857, 1, 0, 10088
2026/05/23 14:14:33.858, 2, 0, 10088
2026/05/23 14:14:33.859, 3, 0, 10088
2026/05/23 14:14:48.954, 0, 100, 10490
2026/05/23 14:14:48.958, 1, 65, 10088
2026/05/23 14:14:48.960, 2, 100, 10088
2026/05/23 14:14:48.963, 3, 100, 10088
2026/05/23 14:15:04.066, 0, 10, 10490
2026/05/23 14:15:04.071, 1, 0, 10088
2026/05/23 14:15:04.074, 2, 0, 10088
2026/05/23 14:15:04.075, 3, 0, 10088
2026/05/23 14:15:19.169, 0, 100, 10490
2026/05/23 14:15:19.171, 1, 0, 10088
2026/05/23 14:15:19.172, 2, 0, 10088
2026/05/23 14:15:19.174, 3, 100, 10088
2026/05/23 14:15:34.353, 0, 9, 10490
2026/05/23 14:15:34.355, 1, 0, 10088
2026/05/23 14:15:34.357, 2, 0, 10088
2026/05/23 14:15:34.358, 3, 0, 10088
2026/05/23 14:15:49.458, 0, 12, 10490
2026/05/23 14:15:49.460, 1, 0, 10088
2026/05/23 14:15:49.462, 2, 0, 10088
2026/05/23 14:15:49.463, 3, 0, 10088
2026/05/23 14:16:04.553, 0, 6, 10490
2026/05/23 14:16:04.557, 1, 0, 10088
2026/05/23 14:16:04.562, 2, 0, 10088
2026/05/23 14:16:04.565, 3, 0, 10088
2026/05/23 14:16:19.657, 0, 9, 10490
2026/05/23 14:16:19.659, 1, 0, 10088
2026/05/23 14:16:19.660, 2, 0, 10088
2026/05/23 14:16:19.662, 3, 0, 10088
2026/05/23 14:16:34.746, 0, 8, 10490
2026/05/23 14:16:34.748, 1, 100, 10088
2026/05/23 14:16:34.749, 2, 0, 10088
2026/05/23 14:16:34.750, 3, 0, 10088
2026/05/23 14:16:49.859, 0, 100, 10490
2026/05/23 14:16:49.863, 1, 100, 10088
2026/05/23 14:16:49.866, 2, 0, 10088
2026/05/23 14:16:49.870, 3, 100, 10088
2026/05/23 14:17:04.969, 0, 0, 10490
2026/05/23 14:17:04.972, 1, 0, 10088
2026/05/23 14:17:04.973, 2, 0, 10088
2026/05/23 14:17:04.974, 3, 0, 10088
2026/05/23 14:17:20.062, 0, 71, 10490
2026/05/23 14:17:20.064, 1, 0, 10088
2026/05/23 14:17:20.066, 2, 100, 10088
2026/05/23 14:17:20.067, 3, 0, 10088
2026/05/23 14:17:35.392, 0, 8, 10490
2026/05/23 14:17:35.396, 1, 0, 10088
2026/05/23 14:17:35.398, 2, 100, 10088
2026/05/23 14:17:35.400, 3, 0, 10088
2026/05/23 14:17:50.530, 0, 100, 10490
2026/05/23 14:17:50.532, 1, 100, 10088
2026/05/23 14:17:50.534, 2, 100, 10088
2026/05/23 14:17:50.535, 3, 100, 10088
2026/05/23 14:18:05.623, 0, 100, 10490
2026/05/23 14:18:05.628, 1, 0, 10088
2026/05/23 14:18:05.632, 2, 0, 10088
2026/05/23 14:18:05.635, 3, 0, 10088
2026/05/23 14:18:20.742, 0, 13, 10490
2026/05/23 14:18:20.745, 1, 0, 10088
2026/05/23 14:18:20.746, 2, 0, 10088
2026/05/23 14:18:20.747, 3, 0, 10088
2026/05/23 14:18:35.834, 0, 100, 10490
2026/05/23 14:18:35.836, 1, 100, 10088
2026/05/23 14:18:35.837, 2, 100, 10088
2026/05/23 14:18:35.838, 3, 0, 10088
2026/05/23 14:18:50.931, 0, 100, 10490
2026/05/23 14:18:50.935, 1, 100, 10088
2026/05/23 14:18:50.937, 2, 100, 10088
2026/05/23 14:18:50.940, 3, 100, 10088
2026/05/23 14:19:06.113, 0, 3, 10490
2026/05/23 14:19:06.117, 1, 0, 10088
2026/05/23 14:19:06.122, 2, 100, 10088
2026/05/23 14:19:06.125, 3, 0, 10088
2026/05/23 14:19:21.421, 0, 9, 10490
2026/05/23 14:19:21.423, 1, 0, 10088
2026/05/23 14:19:21.425, 2, 0, 10088
2026/05/23 14:19:21.426, 3, 0, 10088
2026/05/23 14:19:36.527, 0, 13, 10490
2026/05/23 14:19:36.529, 1, 0, 10088
2026/05/23 14:19:36.530, 2, 0, 10088
2026/05/23 14:19:36.532, 3, 0, 10088
2026/05/23 14:19:51.617, 0, 9, 10490
2026/05/23 14:19:51.619, 1, 100, 10088
2026/05/23 14:19:51.621, 2, 51, 10088
2026/05/23 14:19:51.622, 3, 0, 10088
2026/05/23 14:20:06.722, 0, 9, 10490
2026/05/23 14:20:06.724, 1, 0, 10088
2026/05/23 14:20:06.725, 2, 0, 10088
2026/05/23 14:20:06.726, 3, 0, 10088
2026/05/23 14:20:22.085, 0, 100, 10490
2026/05/23 14:20:22.089, 1, 100, 10088
2026/05/23 14:20:22.092, 2, 100, 10088
2026/05/23 14:20:22.096, 3, 100, 10088
2026/05/23 14:20:37.321, 0, 9, 10490
2026/05/23 14:20:37.325, 1, 0, 10088
2026/05/23 14:20:37.327, 2, 0, 10088
2026/05/23 14:20:37.330, 3, 0, 10088
2026/05/23 14:20:52.550, 0, 3, 10490
2026/05/23 14:20:52.552, 1, 0, 10088
2026/05/23 14:20:52.553, 2, 0, 10088
2026/05/23 14:20:52.555, 3, 0, 10088
2026/05/23 14:21:07.637, 0, 9, 10490
2026/05/23 14:21:07.639, 1, 100, 10088
2026/05/23 14:21:07.642, 2, 0, 10088
2026/05/23 14:21:07.643, 3, 0, 10088
2026/05/23 14:21:22.726, 0, 100, 10490
2026/05/23 14:21:22.728, 1, 100, 10088
2026/05/23 14:21:22.729, 2, 100, 10088
2026/05/23 14:21:22.730, 3, 100, 10088
2026/05/23 14:21:37.858, 0, 10, 10490
2026/05/23 14:21:37.862, 1, 100, 10088
2026/05/23 14:21:37.865, 2, 0, 10088
2026/05/23 14:21:37.868, 3, 0, 10088
2026/05/23 14:21:53.031, 0, 100, 10490
2026/05/23 14:21:53.033, 1, 0, 10088
2026/05/23 14:21:53.034, 2, 100, 10088
2026/05/23 14:21:53.036, 3, 100, 10088
2026/05/23 14:22:08.121, 0, 6, 10490
2026/05/23 14:22:08.123, 1, 0, 10088
2026/05/23 14:22:08.124, 2, 0, 10088
2026/05/23 14:22:08.126, 3, 0, 10088
2026/05/23 14:22:23.321, 0, 100, 10490
2026/05/23 14:22:23.323, 1, 100, 10088
2026/05/23 14:22:23.325, 2, 100, 10088
2026/05/23 14:22:23.326, 3, 100, 10088
2026/05/23 14:22:38.409, 0, 100, 10490
2026/05/23 14:22:38.411, 1, 100, 10088
2026/05/23 14:22:38.413, 2, 0, 10088
2026/05/23 14:22:38.414, 3, 0, 10088
2026/05/23 14:22:53.548, 0, 100, 10490
2026/05/23 14:22:53.550, 1, 100, 10088
2026/05/23 14:22:53.552, 2, 100, 10088
2026/05/23 14:22:53.553, 3, 0, 10088
2026/05/23 14:23:08.654, 0, 12, 10490
2026/05/23 14:23:08.656, 1, 0, 10088
2026/05/23 14:23:08.657, 2, 0, 10088
2026/05/23 14:23:08.659, 3, 0, 10088
2026/05/23 14:23:23.764, 0, 9, 10490
2026/05/23 14:23:23.766, 1, 0, 10088
2026/05/23 14:23:23.767, 2, 0, 10088
2026/05/23 14:23:23.769, 3, 0, 10088
2026/05/23 14:23:38.963, 0, 100, 10490
2026/05/23 14:23:38.969, 1, 100, 10088
2026/05/23 14:23:38.972, 2, 0, 10088
2026/05/23 14:23:38.974, 3, 0, 10088
2026/05/23 14:23:54.081, 0, 8, 10490
2026/05/23 14:23:54.083, 1, 0, 10088
2026/05/23 14:23:54.085, 2, 0, 10088
2026/05/23 14:23:54.086, 3, 0, 10088
2026/05/23 14:24:09.163, 0, 9, 10490
2026/05/23 14:24:09.165, 1, 0, 10088
2026/05/23 14:24:09.166, 2, 0, 10088
2026/05/23 14:24:09.167, 3, 0, 10088
2026/05/23 14:24:24.267, 0, 11, 10490
2026/05/23 14:24:24.269, 1, 0, 10088
2026/05/23 14:24:24.270, 2, 0, 10088
2026/05/23 14:24:24.272, 3, 0, 10088
2026/05/23 14:24:39.369, 0, 9, 10490
2026/05/23 14:24:39.373, 1, 0, 10088
2026/05/23 14:24:39.377, 2, 0, 10088
2026/05/23 14:24:39.380, 3, 0, 10088
2026/05/23 14:24:54.473, 0, 2, 10490
2026/05/23 14:24:54.475, 1, 0, 10088
2026/05/23 14:24:54.477, 2, 0, 10088
2026/05/23 14:24:54.478, 3, 0, 10088
2026/05/23 14:25:09.561, 0, 1, 10490
2026/05/23 14:25:09.563, 1, 0, 10088
2026/05/23 14:25:09.565, 2, 0, 10088
2026/05/23 14:25:09.566, 3, 0, 10088
2026/05/23 14:25:24.764, 0, 9, 10490
2026/05/23 14:25:24.766, 1, 0, 10088
2026/05/23 14:25:24.767, 2, 0, 10088
2026/05/23 14:25:24.768, 3, 0, 10088
2026/05/23 14:25:39.885, 0, 13, 10490
2026/05/23 14:25:39.887, 1, 0, 10088
2026/05/23 14:25:39.889, 2, 0, 10088
2026/05/23 14:25:39.890, 3, 0, 10088
2026/05/23 14:25:54.994, 0, 100, 10490
2026/05/23 14:25:54.997, 1, 0, 10088
2026/05/23 14:25:54.998, 2, 100, 10088
2026/05/23 14:25:54.999, 3, 0, 10088
2026/05/23 14:26:10.095, 0, 100, 10490
2026/05/23 14:26:10.099, 1, 58, 10088
2026/05/23 14:26:10.102, 2, 100, 10088
2026/05/23 14:26:10.105, 3, 100, 10088
2026/05/23 14:26:25.201, 0, 5, 10490
2026/05/23 14:26:25.203, 1, 0, 10088
2026/05/23 14:26:25.205, 2, 0, 10088
2026/05/23 14:26:25.206, 3, 0, 10088
2026/05/23 14:26:40.289, 0, 9, 10490
2026/05/23 14:26:40.291, 1, 0, 10088
2026/05/23 14:26:40.293, 2, 0, 10088
2026/05/23 14:26:40.294, 3, 0, 10088
2026/05/23 14:26:55.378, 0, 12, 10490
2026/05/23 14:26:55.380, 1, 0, 10088
2026/05/23 14:26:55.381, 2, 0, 10088
2026/05/23 14:26:55.383, 3, 0, 10088
2026/05/23 14:27:10.589, 0, 1, 10490
2026/05/23 14:27:10.591, 1, 26, 10088
2026/05/23 14:27:10.592, 2, 0, 10088
2026/05/23 14:27:10.594, 3, 0, 10088
2026/05/23 14:27:25.677, 0, 8, 10490
2026/05/23 14:27:25.679, 1, 100, 10088
2026/05/23 14:27:25.681, 2, 100, 10088
2026/05/23 14:27:25.682, 3, 0, 10088
2026/05/23 14:27:40.801, 0, 100, 10490
2026/05/23 14:27:40.803, 1, 100, 10088
2026/05/23 14:27:40.804, 2, 100, 10088
2026/05/23 14:27:40.806, 3, 0, 10088
2026/05/23 14:27:55.890, 0, 9, 10490
2026/05/23 14:27:55.892, 1, 0, 10088
2026/05/23 14:27:55.893, 2, 0, 10088
2026/05/23 14:27:55.894, 3, 0, 10088
2026/05/23 14:28:11.075, 0, 14, 10490
2026/05/23 14:28:11.077, 1, 0, 10088
2026/05/23 14:28:11.078, 2, 0, 10088
2026/05/23 14:28:11.080, 3, 0, 10088
2026/05/23 14:28:26.165, 0, 2, 10490
2026/05/23 14:28:26.167, 1, 0, 10088
2026/05/23 14:28:26.169, 2, 0, 10088
2026/05/23 14:28:26.170, 3, 0, 10088
2026/05/23 14:28:41.272, 0, 8, 10490
2026/05/23 14:28:41.274, 1, 0, 10088
2026/05/23 14:28:41.275, 2, 0, 10088
2026/05/23 14:28:41.276, 3, 0, 10088
2026/05/23 14:28:56.538, 0, 100, 10490
2026/05/23 14:28:56.543, 1, 100, 10088
2026/05/23 14:28:56.547, 2, 0, 10088
2026/05/23 14:28:56.551, 3, 100, 10088
2026/05/23 14:29:11.662, 0, 13, 10490
2026/05/23 14:29:11.664, 1, 0, 10088
2026/05/23 14:29:11.666, 2, 0, 10088
2026/05/23 14:29:11.667, 3, 0, 10088
2026/05/23 14:29:26.750, 0, 9, 10490
2026/05/23 14:29:26.752, 1, 0, 10088
2026/05/23 14:29:26.754, 2, 0, 10088
2026/05/23 14:29:26.755, 3, 0, 10088
2026/05/23 14:29:41.909, 0, 10, 10490
2026/05/23 14:29:41.911, 1, 0, 10088
2026/05/23 14:29:41.913, 2, 0, 10088
2026/05/23 14:29:41.914, 3, 0, 10088
2026/05/23 14:29:57.028, 0, 100, 10490
2026/05/23 14:29:57.033, 1, 100, 10088
2026/05/23 14:29:57.037, 2, 0, 10088
2026/05/23 14:29:57.040, 3, 0, 10088
2026/05/23 14:30:12.312, 0, 9, 10490
2026/05/23 14:30:12.316, 1, 84, 10088
2026/05/23 14:30:12.319, 2, 100, 10088
2026/05/23 14:30:12.322, 3, 0, 10088
2026/05/23 14:30:27.449, 0, 13, 10490
2026/05/23 14:30:27.451, 1, 0, 10088
2026/05/23 14:30:27.453, 2, 0, 10088
2026/05/23 14:30:27.454, 3, 0, 10088
2026/05/23 14:30:42.537, 0, 100, 10490
2026/05/23 14:30:42.539, 1, 11, 10088
2026/05/23 14:30:42.540, 2, 0, 10088
2026/05/23 14:30:42.542, 3, 0, 10088
2026/05/23 14:30:57.632, 0, 100, 10490
2026/05/23 14:30:57.636, 1, 0, 10088
2026/05/23 14:30:57.640, 2, 0, 10088
2026/05/23 14:30:57.641, 3, 0, 10088
2026/05/23 14:31:12.730, 0, 2, 10490
2026/05/23 14:31:12.732, 1, 100, 10088
2026/05/23 14:31:12.733, 2, 100, 10088
2026/05/23 14:31:12.734, 3, 0, 10088
2026/05/23 14:31:27.893, 0, 100, 10490
2026/05/23 14:31:27.896, 1, 0, 10088
2026/05/23 14:31:27.900, 2, 0, 10088
2026/05/23 14:31:27.901, 3, 0, 10088
2026/05/23 14:31:43.021, 0, 12, 10490
2026/05/23 14:31:43.024, 1, 0, 10088
2026/05/23 14:31:43.025, 2, 0, 10088
2026/05/23 14:31:43.026, 3, 0, 10088
2026/05/23 14:31:58.109, 0, 100, 10490
2026/05/23 14:31:58.111, 1, 6, 10088
2026/05/23 14:31:58.113, 2, 100, 10088
2026/05/23 14:31:58.114, 3, 100, 10088
2026/05/23 14:32:13.203, 0, 84, 10490
2026/05/23 14:32:13.208, 1, 100, 10088
2026/05/23 14:32:13.211, 2, 100, 10088
2026/05/23 14:32:13.216, 3, 0, 10088
2026/05/23 14:32:28.341, 0, 9, 10490
2026/05/23 14:32:28.343, 1, 0, 10088
2026/05/23 14:32:28.344, 2, 0, 10088
2026/05/23 14:32:28.345, 3, 0, 10088
2026/05/23 14:32:43.429, 0, 8, 10490
2026/05/23 14:32:43.431, 1, 0, 10088
2026/05/23 14:32:43.433, 2, 0, 10088
2026/05/23 14:32:43.434, 3, 0, 10088
2026/05/23 14:32:58.521, 0, 11, 10490
2026/05/23 14:32:58.523, 1, 0, 10088
2026/05/23 14:32:58.525, 2, 0, 10088
2026/05/23 14:32:58.526, 3, 0, 10088
2026/05/23 14:33:13.741, 0, 6, 10490
2026/05/23 14:33:13.838, 1, 0, 10088
2026/05/23 14:33:13.840, 2, 0, 10088
2026/05/23 14:33:13.841, 3, 0, 10088
2026/05/23 14:33:28.962, 0, 6, 10490
2026/05/23 14:33:28.965, 1, 100, 10088
2026/05/23 14:33:28.967, 2, 0, 10088
2026/05/23 14:33:28.969, 3, 0, 10088
2026/05/23 14:33:44.062, 0, 9, 10490
2026/05/23 14:33:44.064, 1, 0, 10088
2026/05/23 14:33:44.065, 2, 0, 10088
2026/05/23 14:33:44.066, 3, 0, 10088
2026/05/23 14:33:59.189, 0, 100, 10490
2026/05/23 14:33:59.192, 1, 0, 10088
2026/05/23 14:33:59.193, 2, 100, 10088
2026/05/23 14:33:59.194, 3, 100, 10088
2026/05/23 14:34:14.277, 0, 4, 10490
2026/05/23 14:34:14.279, 1, 0, 10088
2026/05/23 14:34:14.281, 2, 0, 10088
2026/05/23 14:34:14.282, 3, 0, 10088
2026/05/23 14:34:29.426, 0, 100, 10490
2026/05/23 14:34:29.428, 1, 100, 10088
2026/05/23 14:34:29.429, 2, 0, 10088
2026/05/23 14:34:29.430, 3, 100, 10088
2026/05/23 14:34:44.546, 0, 100, 10490
2026/05/23 14:34:44.548, 1, 100, 10088
2026/05/23 14:34:44.549, 2, 100, 10088
2026/05/23 14:34:44.550, 3, 100, 10088
2026/05/23 14:34:59.634, 0, 7, 10490
2026/05/23 14:34:59.636, 1, 100, 10088
2026/05/23 14:34:59.637, 2, 100, 10088
2026/05/23 14:34:59.638, 3, 0, 10088
2026/05/23 14:35:14.742, 0, 13, 10490
2026/05/23 14:35:14.744, 1, 0, 10088
2026/05/23 14:35:14.746, 2, 0, 10088
2026/05/23 14:35:14.747, 3, 0, 10088
2026/05/23 14:35:29.833, 0, 10, 10490
2026/05/23 14:35:29.837, 1, 0, 10088
2026/05/23 14:35:29.839, 2, 0, 10088
2026/05/23 14:35:29.842, 3, 0, 10088
2026/05/23 14:35:44.938, 0, 9, 10490
2026/05/23 14:35:44.941, 1, 0, 10088
2026/05/23 14:35:44.942, 2, 0, 10088
2026/05/23 14:35:44.943, 3, 0, 10088
2026/05/23 14:36:00.050, 0, 100, 10490
2026/05/23 14:36:00.052, 1, 2, 10088
2026/05/23 14:36:00.053, 2, 100, 10088
2026/05/23 14:36:00.054, 3, 0, 10088
2026/05/23 14:36:15.305, 0, 9, 10490
2026/05/23 14:36:15.307, 1, 0, 10088
2026/05/23 14:36:15.308, 2, 0, 10088
2026/05/23 14:36:15.309, 3, 0, 10088
2026/05/23 14:36:30.527, 0, 13, 10490
2026/05/23 14:36:30.529, 1, 0, 10088
2026/05/23 14:36:30.531, 2, 0, 10088
2026/05/23 14:36:30.532, 3, 0, 10088
2026/05/23 14:36:45.634, 0, 9, 10490
2026/05/23 14:36:45.636, 1, 0, 10088
2026/05/23 14:36:45.637, 2, 0, 10088
2026/05/23 14:36:45.638, 3, 0, 10088
2026/05/23 14:37:00.721, 0, 10, 10490
2026/05/23 14:37:00.723, 1, 0, 10088
2026/05/23 14:37:00.725, 2, 0, 10088
2026/05/23 14:37:00.726, 3, 0, 10088
2026/05/23 14:37:15.842, 0, 8, 10490
2026/05/23 14:37:15.846, 1, 0, 10088
2026/05/23 14:37:15.849, 2, 0, 10088
2026/05/23 14:37:15.852, 3, 0, 10088
2026/05/23 14:37:30.966, 0, 13, 10490
2026/05/23 14:37:30.968, 1, 0, 10088
2026/05/23 14:37:30.969, 2, 0, 10088
2026/05/23 14:37:30.971, 3, 0, 10088
2026/05/23 14:37:46.055, 0, 9, 10490
2026/05/23 14:37:46.059, 1, 0, 10088
2026/05/23 14:37:46.063, 2, 0, 10088
2026/05/23 14:37:46.064, 3, 0, 10088
2026/05/23 14:38:01.154, 0, 4, 10490
2026/05/23 14:38:01.156, 1, 0, 10088
2026/05/23 14:38:01.157, 2, 47, 10088
2026/05/23 14:38:01.158, 3, 0, 10088
2026/05/23 14:38:16.352, 0, 9, 10490
2026/05/23 14:38:16.356, 1, 97, 10088
2026/05/23 14:38:16.358, 2, 0, 10088
2026/05/23 14:38:16.359, 3, 0, 10088
2026/05/23 14:38:31.513, 0, 8, 10490
2026/05/23 14:38:31.517, 1, 19, 10088
2026/05/23 14:38:31.520, 2, 100, 10088
2026/05/23 14:38:31.523, 3, 0, 10088
2026/05/23 14:38:46.630, 0, 14, 10490
2026/05/23 14:38:46.632, 1, 0, 10088
2026/05/23 14:38:46.633, 2, 0, 10088
2026/05/23 14:38:46.635, 3, 0, 10088
2026/05/23 14:39:01.814, 0, 3, 10490
2026/05/23 14:39:01.816, 1, 0, 10088
2026/05/23 14:39:01.817, 2, 0, 10088
2026/05/23 14:39:01.818, 3, 0, 10088
2026/05/23 14:39:16.982, 0, 100, 10490
2026/05/23 14:39:16.984, 1, 100, 10088
2026/05/23 14:39:16.985, 2, 100, 10088
2026/05/23 14:39:16.986, 3, 100, 10088
2026/05/23 14:39:32.070, 0, 100, 10490
2026/05/23 14:39:32.072, 1, 100, 10088
2026/05/23 14:39:32.073, 2, 100, 10088
2026/05/23 14:39:32.074, 3, 100, 10088
2026/05/23 14:39:47.176, 0, 9, 10490
2026/05/23 14:39:47.181, 1, 0, 10088
2026/05/23 14:39:47.183, 2, 0, 10088
2026/05/23 14:39:47.184, 3, 0, 10088
2026/05/23 14:40:02.290, 0, 11, 10490
2026/05/23 14:40:02.292, 1, 0, 10088
2026/05/23 14:40:02.294, 2, 0, 10088
2026/05/23 14:40:02.295, 3, 0, 10088
2026/05/23 14:40:17.531, 0, 100, 10490
2026/05/23 14:40:17.535, 1, 100, 10088
2026/05/23 14:40:17.537, 2, 100, 10088
2026/05/23 14:40:17.539, 3, 100, 10088
2026/05/23 14:40:32.726, 0, 100, 10490
2026/05/23 14:40:32.730, 1, 100, 10088
2026/05/23 14:40:32.733, 2, 0, 10088
2026/05/23 14:40:32.736, 3, 100, 10088
2026/05/23 14:40:47.829, 0, 9, 10490
2026/05/23 14:40:47.831, 1, 0, 10088
2026/05/23 14:40:47.833, 2, 0, 10088
2026/05/23 14:40:47.834, 3, 0, 10088
2026/05/23 14:41:02.942, 0, 3, 10490
2026/05/23 14:41:02.944, 1, 100, 10088
2026/05/23 14:41:02.945, 2, 96, 10088
2026/05/23 14:41:02.946, 3, 0, 10088
2026/05/23 14:41:18.046, 0, 11, 10490
2026/05/23 14:41:18.048, 1, 0, 10088
2026/05/23 14:41:18.050, 2, 0, 10088
2026/05/23 14:41:18.051, 3, 0, 10088
2026/05/23 14:41:33.138, 0, 32, 10490
2026/05/23 14:41:33.140, 1, 0, 10088
2026/05/23 14:41:33.142, 2, 100, 10088
2026/05/23 14:41:33.143, 3, 0, 10088
2026/05/23 14:41:48.255, 0, 10, 10490
2026/05/23 14:41:48.259, 1, 100, 10088
2026/05/23 14:41:48.263, 2, 0, 10088
2026/05/23 14:41:48.265, 3, 0, 10088
2026/05/23 14:42:03.387, 0, 100, 10490
2026/05/23 14:42:03.392, 1, 100, 10088
2026/05/23 14:42:03.395, 2, 88, 10088
2026/05/23 14:42:03.398, 3, 100, 10088
2026/05/23 14:42:18.613, 0, 100, 10490
2026/05/23 14:42:18.616, 1, 0, 10088
2026/05/23 14:42:18.617, 2, 0, 10088
2026/05/23 14:42:18.618, 3, 0, 10088
2026/05/23 14:42:33.942, 0, 73, 10490
2026/05/23 14:42:33.946, 1, 0, 10088
2026/05/23 14:42:33.949, 2, 0, 10088
2026/05/23 14:42:33.951, 3, 97, 10088
2026/05/23 14:42:49.041, 0, 9, 10490
2026/05/23 14:42:49.043, 1, 0, 10088
2026/05/23 14:42:49.044, 2, 0, 10088
2026/05/23 14:42:49.046, 3, 0, 10088
2026/05/23 14:43:04.171, 0, 8, 10490
2026/05/23 14:43:04.176, 1, 0, 10088
2026/05/23 14:43:04.179, 2, 0, 10088
2026/05/23 14:43:04.181, 3, 0, 10088
2026/05/23 14:43:19.269, 0, 9, 10490
2026/05/23 14:43:19.271, 1, 0, 10088
2026/05/23 14:43:19.273, 2, 0, 10088
2026/05/23 14:43:19.274, 3, 0, 10088
2026/05/23 14:43:34.442, 0, 14, 10490
2026/05/23 14:43:34.445, 1, 0, 10088
2026/05/23 14:43:34.446, 2, 0, 10088
2026/05/23 14:43:34.447, 3, 0, 10088
2026/05/23 14:43:49.533, 0, 7, 10490
2026/05/23 14:43:49.535, 1, 0, 10088
2026/05/23 14:43:49.537, 2, 0, 10088
2026/05/23 14:43:49.538, 3, 0, 10088
2026/05/23 14:44:04.710, 0, 9, 10490
2026/05/23 14:44:04.712, 1, 79, 10088
2026/05/23 14:44:04.714, 2, 0, 10088
2026/05/23 14:44:04.715, 3, 0, 10088
2026/05/23 14:44:19.847, 0, 100, 10490
2026/05/23 14:44:19.851, 1, 100, 10088
2026/05/23 14:44:19.854, 2, 100, 10088
2026/05/23 14:44:19.856, 3, 100, 10088
2026/05/23 14:44:34.949, 0, 10, 10490
2026/05/23 14:44:34.951, 1, 0, 10088
2026/05/23 14:44:34.953, 2, 0, 10088
2026/05/23 14:44:34.954, 3, 0, 10088
2026/05/23 14:44:50.115, 0, 5, 10490
2026/05/23 14:44:50.117, 1, 0, 10088
2026/05/23 14:44:50.118, 2, 0, 10088
2026/05/23 14:44:50.120, 3, 0, 10088
2026/05/23 14:45:05.241, 0, 8, 10490
2026/05/23 14:45:05.243, 1, 0, 10088
2026/05/23 14:45:05.245, 2, 0, 10088
2026/05/23 14:45:05.246, 3, 0, 10088
2026/05/23 14:45:20.360, 0, 100, 10490
2026/05/23 14:45:20.364, 1, 71, 10088
2026/05/23 14:45:20.367, 2, 100, 10088
2026/05/23 14:45:20.370, 3, 100, 10088
2026/05/23 14:45:35.458, 0, 3, 10490
2026/05/23 14:45:35.460, 1, 0, 10088
2026/05/23 14:45:35.461, 2, 0, 10088
2026/05/23 14:45:35.462, 3, 0, 10088
2026/05/23 14:45:50.546, 0, 12, 10490
2026/05/23 14:45:50.548, 1, 0, 10088
2026/05/23 14:45:50.550, 2, 0, 10088
2026/05/23 14:45:50.551, 3, 0, 10088
2026/05/23 14:46:05.634, 0, 100, 10490
2026/05/23 14:46:05.636, 1, 100, 10088
2026/05/23 14:46:05.637, 2, 13, 10088
2026/05/23 14:46:05.639, 3, 0, 10088
2026/05/23 14:46:20.738, 0, 9, 10490
2026/05/23 14:46:20.741, 1, 100, 10088
2026/05/23 14:46:20.742, 2, 14, 10088
2026/05/23 14:46:20.743, 3, 0, 10088
2026/05/23 14:46:35.833, 0, 100, 10490
2026/05/23 14:46:35.837, 1, 0, 10088
2026/05/23 14:46:35.841, 2, 100, 10088
2026/05/23 14:46:35.845, 3, 100, 10088
2026/05/23 14:46:51.099, 0, 1, 10490
2026/05/23 14:46:51.102, 1, 100, 10088
2026/05/23 14:46:51.105, 2, 0, 10088
2026/05/23 14:46:51.107, 3, 0, 10088
2026/05/23 14:47:06.210, 0, 11, 10490
2026/05/23 14:47:06.212, 1, 0, 10088
2026/05/23 14:47:06.214, 2, 0, 10088
2026/05/23 14:47:06.215, 3, 0, 10088
2026/05/23 14:47:21.299, 0, 9, 10490
2026/05/23 14:47:21.301, 1, 0, 10088
2026/05/23 14:47:21.302, 2, 0, 10088
2026/05/23 14:47:21.304, 3, 0, 10088
2026/05/23 14:47:36.378, 0, 100, 10490
2026/05/23 14:47:36.379, 1, 80, 10088
2026/05/23 14:47:36.380, 2, 0, 10088
2026/05/23 14:47:36.381, 3, 100, 10088
2026/05/23 14:47:51.534, 0, 100, 10490
2026/05/23 14:47:51.536, 1, 0, 10088
2026/05/23 14:47:51.537, 2, 0, 10088
2026/05/23 14:47:51.538, 3, 0, 10088
2026/05/23 14:48:06.641, 0, 100, 10490
2026/05/23 14:48:06.643, 1, 100, 10088
2026/05/23 14:48:06.644, 2, 67, 10088
2026/05/23 14:48:06.646, 3, 100, 10088
2026/05/23 14:48:21.746, 0, 13, 10490
2026/05/23 14:48:21.748, 1, 0, 10088
2026/05/23 14:48:21.749, 2, 0, 10088
2026/05/23 14:48:21.751, 3, 0, 10088
2026/05/23 14:48:36.859, 0, 99, 10490
2026/05/23 14:48:36.864, 1, 0, 10088
2026/05/23 14:48:36.867, 2, 0, 10088
2026/05/23 14:48:36.868, 3, 0, 10088
2026/05/23 14:48:52.025, 0, 1, 10490
2026/05/23 14:48:52.027, 1, 0, 10088
2026/05/23 14:48:52.029, 2, 0, 10088
2026/05/23 14:48:52.030, 3, 0, 10088
2026/05/23 14:49:07.142, 0, 100, 10490
2026/05/23 14:49:07.146, 1, 100, 10088
2026/05/23 14:49:07.149, 2, 0, 10088
2026/05/23 14:49:07.152, 3, 96, 10088
2026/05/23 14:49:22.312, 0, 100, 10490
2026/05/23 14:49:22.316, 1, 100, 10088
2026/05/23 14:49:22.319, 2, 100, 10088
2026/05/23 14:49:22.322, 3, 100, 10088
2026/05/23 14:49:37.435, 0, 13, 10490
2026/05/23 14:49:37.437, 1, 0, 10088
2026/05/23 14:49:37.438, 2, 0, 10088
2026/05/23 14:49:37.440, 3, 0, 10088
2026/05/23 14:49:52.625, 0, 4, 10490
2026/05/23 14:49:52.628, 1, 100, 10088
2026/05/23 14:49:52.632, 2, 100, 10088
2026/05/23 14:49:52.635, 3, 0, 10088
2026/05/23 14:50:07.837, 0, 100, 10490
2026/05/23 14:50:07.841, 1, 87, 10088
2026/05/23 14:50:07.844, 2, 58, 10088
2026/05/23 14:50:07.847, 3, 100, 10088
2026/05/23 14:50:23.044, 0, 100, 10490
2026/05/23 14:50:23.049, 1, 100, 10088
2026/05/23 14:50:23.052, 2, 100, 10088
2026/05/23 14:50:23.056, 3, 100, 10088
2026/05/23 14:50:38.174, 0, 13, 10490
2026/05/23 14:50:38.176, 1, 0, 10088
2026/05/23 14:50:38.178, 2, 0, 10088
2026/05/23 14:50:38.179, 3, 0, 10088
2026/05/23 14:50:53.278, 0, 24, 10490
2026/05/23 14:50:53.280, 1, 0, 10088
2026/05/23 14:50:53.281, 2, 100, 10088
2026/05/23 14:50:53.282, 3, 30, 10088
2026/05/23 14:51:08.382, 0, 100, 10490
2026/05/23 14:51:08.384, 1, 18, 10088
2026/05/23 14:51:08.385, 2, 0, 10088
2026/05/23 14:51:08.386, 3, 0, 10088
2026/05/23 14:51:23.469, 0, 10, 10490
2026/05/23 14:51:23.471, 1, 0, 10088
2026/05/23 14:51:23.473, 2, 0, 10088
2026/05/23 14:51:23.474, 3, 0, 10088
2026/05/23 14:51:38.709, 0, 99, 10490
2026/05/23 14:51:38.711, 1, 0, 10088
2026/05/23 14:51:38.712, 2, 0, 10088
2026/05/23 14:51:38.713, 3, 0, 10088
2026/05/23 14:51:53.814, 0, 0, 10490
2026/05/23 14:51:53.816, 1, 0, 10088
2026/05/23 14:51:53.870, 2, 0, 10088
2026/05/23 14:51:53.871, 3, 0, 10088
2026/05/23 14:52:09.044, 0, 100, 10490
2026/05/23 14:52:09.048, 1, 0, 10088
2026/05/23 14:52:09.051, 2, 99, 10088
2026/05/23 14:52:09.054, 3, 0, 10088
2026/05/23 14:52:24.139, 0, 100, 10490
2026/05/23 14:52:24.143, 1, 100, 10088
2026/05/23 14:52:24.146, 2, 0, 10088
2026/05/23 14:52:24.148, 3, 0, 10088
2026/05/23 14:52:39.233, 0, 9, 10490
2026/05/23 14:52:39.235, 1, 0, 10088
2026/05/23 14:52:39.236, 2, 0, 10088
2026/05/23 14:52:39.238, 3, 0, 10088
2026/05/23 14:52:54.415, 0, 100, 10490
2026/05/23 14:52:54.418, 1, 17, 10088
2026/05/23 14:52:54.421, 2, 100, 10088
2026/05/23 14:52:54.425, 3, 0, 10088
2026/05/23 14:53:09.531, 0, 11, 10490
2026/05/23 14:53:09.533, 1, 0, 10088
2026/05/23 14:53:09.534, 2, 0, 10088
2026/05/23 14:53:09.536, 3, 0, 10088
2026/05/23 14:53:24.622, 0, 100, 10490
2026/05/23 14:53:24.624, 1, 0, 10088
2026/05/23 14:53:24.625, 2, 0, 10088
2026/05/23 14:53:24.627, 3, 0, 10088
2026/05/23 14:53:39.726, 0, 8, 10490
2026/05/23 14:53:39.728, 1, 0, 10088
2026/05/23 14:53:39.729, 2, 0, 10088
2026/05/23 14:53:39.731, 3, 0, 10088
2026/05/23 14:53:54.813, 0, 8, 10490
2026/05/23 14:53:54.815, 1, 0, 10088
2026/05/23 14:53:54.816, 2, 0, 10088
2026/05/23 14:53:54.818, 3, 0, 10088
2026/05/23 14:54:09.905, 0, 3, 10490
2026/05/23 14:54:09.908, 1, 0, 10088
2026/05/23 14:54:09.910, 2, 0, 10088
2026/05/23 14:54:09.912, 3, 0, 10088
2026/05/23 14:54:25.039, 0, 14, 10490
2026/05/23 14:54:25.041, 1, 0, 10088
2026/05/23 14:54:25.042, 2, 0, 10088
2026/05/23 14:54:25.044, 3, 0, 10088
2026/05/23 14:54:40.315, 0, 1, 10490
2026/05/23 14:54:40.319, 1, 0, 10088
2026/05/23 14:54:40.323, 2, 0, 10088
2026/05/23 14:54:40.327, 3, 0, 10088
2026/05/23 14:54:55.543, 0, 3, 10490
2026/05/23 14:54:55.544, 1, 0, 10088
2026/05/23 14:54:55.546, 2, 0, 10088
2026/05/23 14:54:55.547, 3, 0, 10088
2026/05/23 14:55:10.876, 0, 100, 10490
2026/05/23 14:55:10.881, 1, 0, 10088
2026/05/23 14:55:10.884, 2, 100, 10088
2026/05/23 14:55:10.888, 3, 0, 10088
2026/05/23 14:55:26.138, 0, 11, 10490
2026/05/23 14:55:26.140, 1, 0, 10088
2026/05/23 14:55:26.141, 2, 0, 10088
2026/05/23 14:55:26.142, 3, 0, 10088
2026/05/23 14:55:41.226, 0, 8, 10490
2026/05/23 14:55:41.228, 1, 0, 10088
2026/05/23 14:55:41.229, 2, 100, 10088
2026/05/23 14:55:41.230, 3, 0, 10088
2026/05/23 14:55:56.434, 0, 100, 10490
2026/05/23 14:55:56.437, 1, 100, 10088
2026/05/23 14:55:56.492, 2, 100, 10088
2026/05/23 14:55:56.495, 3, 0, 10088
2026/05/23 14:56:11.592, 0, 57, 10490
2026/05/23 14:56:11.596, 1, 100, 10088
2026/05/23 14:56:11.599, 2, 100, 10088
2026/05/23 14:56:11.603, 3, 45, 10088
2026/05/23 14:56:26.793, 0, 2, 10490
2026/05/23 14:56:26.795, 1, 0, 10088
2026/05/23 14:56:26.796, 2, 0, 10088
2026/05/23 14:56:26.797, 3, 0, 10088
2026/05/23 14:56:41.946, 0, 0, 10490
2026/05/23 14:56:41.949, 1, 0, 10088
2026/05/23 14:56:41.950, 2, 0, 10088
2026/05/23 14:56:41.951, 3, 0, 10088
2026/05/23 14:56:57.045, 0, 100, 10490
2026/05/23 14:56:57.049, 1, 0, 10088
2026/05/23 14:56:57.052, 2, 14, 10088
2026/05/23 14:56:57.055, 3, 0, 10088
2026/05/23 14:57:12.149, 0, 9, 10490
2026/05/23 14:57:12.151, 1, 0, 10088
2026/05/23 14:57:12.152, 2, 0, 10088
2026/05/23 14:57:12.154, 3, 0, 10088
2026/05/23 14:57:27.238, 0, 100, 10490
2026/05/23 14:57:27.240, 1, 0, 10088
2026/05/23 14:57:27.241, 2, 100, 10088
2026/05/23 14:57:27.242, 3, 0, 10088
2026/05/23 14:57:42.400, 0, 100, 10490
2026/05/23 14:57:42.404, 1, 100, 10088
2026/05/23 14:57:42.408, 2, 100, 10088
2026/05/23 14:57:42.411, 3, 0, 10088
2026/05/23 14:57:57.546, 0, 0, 10490
2026/05/23 14:57:57.548, 1, 0, 10088
2026/05/23 14:57:57.549, 2, 0, 10088
2026/05/23 14:57:57.551, 3, 0, 10088
2026/05/23 14:58:12.651, 0, 9, 10490
2026/05/23 14:58:12.653, 1, 0, 10088
2026/05/23 14:58:12.654, 2, 0, 10088
2026/05/23 14:58:12.656, 3, 0, 10088
2026/05/23 14:58:27.942, 0, 8, 10490
2026/05/23 14:58:27.944, 1, 0, 10088
2026/05/23 14:58:27.945, 2, 0, 10088
2026/05/23 14:58:27.946, 3, 0, 10088
2026/05/23 14:58:43.036, 0, 100, 10490
2026/05/23 14:58:43.040, 1, 1, 10088
2026/05/23 14:58:43.043, 2, 100, 10088
2026/05/23 14:58:43.046, 3, 0, 10088
2026/05/23 14:58:58.149, 0, 100, 10490
2026/05/23 14:58:58.153, 1, 70, 10088
2026/05/23 14:58:58.156, 2, 100, 10088
2026/05/23 14:58:58.160, 3, 0, 10088
2026/05/23 14:59:13.274, 0, 10, 10490
2026/05/23 14:59:13.276, 1, 0, 10088
2026/05/23 14:59:13.277, 2, 0, 10088
2026/05/23 14:59:13.278, 3, 0, 10088
2026/05/23 14:59:28.369, 0, 74, 10490
2026/05/23 14:59:28.373, 1, 100, 10088
2026/05/23 14:59:28.377, 2, 100, 10088
2026/05/23 14:59:28.379, 3, 100, 10088
2026/05/23 14:59:43.514, 0, 7, 10490
2026/05/23 14:59:43.516, 1, 0, 10088
2026/05/23 14:59:43.518, 2, 0, 10088
2026/05/23 14:59:43.519, 3, 0, 10088
2026/05/23 14:59:58.638, 0, 100, 10490
2026/05/23 14:59:58.640, 1, 100, 10088
2026/05/23 14:59:58.642, 2, 100, 10088
2026/05/23 14:59:58.643, 3, 97, 10088
2026/05/23 15:00:13.725, 0, 3, 10490
2026/05/23 15:00:13.727, 1, 100, 10088
2026/05/23 15:00:13.729, 2, 100, 10088
2026/05/23 15:00:13.732, 3, 0, 10088
2026/05/23 15:00:28.838, 0, 12, 10490
2026/05/23 15:00:28.840, 1, 0, 10088
2026/05/23 15:00:28.841, 2, 0, 10088
2026/05/23 15:00:28.843, 3, 0, 10088
2026/05/23 15:00:43.929, 0, 10, 10490
2026/05/23 15:00:43.931, 1, 0, 10088
2026/05/23 15:00:43.933, 2, 0, 10088
2026/05/23 15:00:43.934, 3, 0, 10088
2026/05/23 15:00:59.232, 0, 100, 10490
2026/05/23 15:00:59.236, 1, 100, 10088
2026/05/23 15:00:59.239, 2, 0, 10088
2026/05/23 15:00:59.243, 3, 0, 10088
2026/05/23 15:01:14.397, 0, 2, 10490
2026/05/23 15:01:14.399, 1, 0, 10088
2026/05/23 15:01:14.401, 2, 0, 10088
2026/05/23 15:01:14.402, 3, 0, 10088
2026/05/23 15:01:29.485, 0, 9, 10490
2026/05/23 15:01:29.487, 1, 0, 10088
2026/05/23 15:01:29.489, 2, 0, 10088
2026/05/23 15:01:29.490, 3, 0, 10088
2026/05/23 15:01:44.573, 0, 10, 10490
2026/05/23 15:01:44.575, 1, 0, 10088
2026/05/23 15:01:44.577, 2, 0, 10088
2026/05/23 15:01:44.578, 3, 0, 10088
2026/05/23 15:01:59.734, 0, 0, 10490
2026/05/23 15:01:59.739, 1, 100, 10088
2026/05/23 15:01:59.742, 2, 100, 10088
2026/05/23 15:01:59.745, 3, 0, 10088
2026/05/23 15:02:14.866, 0, 100, 10490
2026/05/23 15:02:14.870, 1, 0, 10088
2026/05/23 15:02:14.874, 2, 0, 10088
2026/05/23 15:02:14.877, 3, 0, 10088
2026/05/23 15:02:30.001, 0, 7, 10490
2026/05/23 15:02:30.003, 1, 100, 10088
2026/05/23 15:02:30.004, 2, 0, 10088
2026/05/23 15:02:30.006, 3, 0, 10088
2026/05/23 15:02:45.218, 0, 13, 10490
2026/05/23 15:02:45.221, 1, 0, 10088
2026/05/23 15:02:45.222, 2, 0, 10088
2026/05/23 15:02:45.223, 3, 0, 10088
2026/05/23 15:03:00.309, 0, 9, 10490
2026/05/23 15:03:00.311, 1, 0, 10088
2026/05/23 15:03:00.313, 2, 0, 10088
2026/05/23 15:03:00.314, 3, 0, 10088
2026/05/23 15:03:15.446, 0, 100, 10490
2026/05/23 15:03:15.450, 1, 100, 10088
2026/05/23 15:03:15.453, 2, 0, 10088
2026/05/23 15:03:15.454, 3, 0, 10088
2026/05/23 15:03:30.553, 0, 29, 10490
2026/05/23 15:03:30.559, 1, 100, 10088
2026/05/23 15:03:30.562, 2, 100, 10088
2026/05/23 15:03:30.564, 3, 0, 10088
2026/05/23 15:03:45.658, 0, 9, 10490
2026/05/23 15:03:45.660, 1, 0, 10088
2026/05/23 15:03:45.661, 2, 0, 10088
2026/05/23 15:03:45.662, 3, 0, 10088
2026/05/23 15:04:00.762, 0, 13, 10490
2026/05/23 15:04:00.764, 1, 0, 10088
2026/05/23 15:04:00.766, 2, 0, 10088
2026/05/23 15:04:00.767, 3, 0, 10088
2026/05/23 15:04:15.869, 0, 7, 10490
2026/05/23 15:04:15.872, 1, 0, 10088
2026/05/23 15:04:15.873, 2, 0, 10088
2026/05/23 15:04:15.874, 3, 0, 10088
2026/05/23 15:04:31.007, 0, 4, 10490
2026/05/23 15:04:31.009, 1, 0, 10088
2026/05/23 15:04:31.010, 2, 0, 10088
2026/05/23 15:04:31.012, 3, 0, 10088
2026/05/23 15:04:46.094, 0, 6, 10490
2026/05/23 15:04:46.096, 1, 100, 10088
2026/05/23 15:04:46.097, 2, 100, 10088
2026/05/23 15:04:46.099, 3, 0, 10088
2026/05/23 15:05:01.229, 0, 100, 10490
2026/05/23 15:05:01.233, 1, 100, 10088
2026/05/23 15:05:01.236, 2, 0, 10088
2026/05/23 15:05:01.239, 3, 0, 10088
2026/05/23 15:05:16.330, 0, 10, 10490
2026/05/23 15:05:16.332, 1, 0, 10088
2026/05/23 15:05:16.334, 2, 0, 10088
2026/05/23 15:05:16.335, 3, 0, 10088
2026/05/23 15:05:31.423, 0, 9, 10490
2026/05/23 15:05:31.425, 1, 0, 10088
2026/05/23 15:05:31.426, 2, 0, 10088
2026/05/23 15:05:31.427, 3, 0, 10088
2026/05/23 15:05:46.509, 0, 9, 10490
2026/05/23 15:05:46.511, 1, 0, 10088
2026/05/23 15:05:46.512, 2, 0, 10088
2026/05/23 15:05:46.514, 3, 0, 10088
2026/05/23 15:06:01.614, 0, 9, 10490
2026/05/23 15:06:01.616, 1, 0, 10088
2026/05/23 15:06:01.617, 2, 0, 10088
2026/05/23 15:06:01.618, 3, 0, 10088
2026/05/23 15:06:16.830, 0, 13, 10490
2026/05/23 15:06:16.832, 1, 0, 10088
2026/05/23 15:06:16.834, 2, 0, 10088
2026/05/23 15:06:16.835, 3, 0, 10088
2026/05/23 15:06:31.929, 0, 100, 10490
2026/05/23 15:06:31.933, 1, 0, 10088
2026/05/23 15:06:31.936, 2, 98, 10088
2026/05/23 15:06:31.940, 3, 0, 10088
2026/05/23 15:06:47.056, 0, 100, 10490
2026/05/23 15:06:47.061, 1, 0, 10088
2026/05/23 15:06:47.065, 2, 99, 10088
2026/05/23 15:06:47.067, 3, 0, 10088
2026/05/23 15:07:02.151, 0, 2, 10490
2026/05/23 15:07:02.153, 1, 100, 10088
2026/05/23 15:07:02.154, 2, 100, 10088
2026/05/23 15:07:02.155, 3, 51, 10088
2026/05/23 15:07:17.238, 0, 8, 10490
2026/05/23 15:07:17.240, 1, 0, 10088
2026/05/23 15:07:17.241, 2, 0, 10088
2026/05/23 15:07:17.243, 3, 0, 10088
2026/05/23 15:07:32.346, 0, 12, 10490
2026/05/23 15:07:32.349, 1, 0, 10088
2026/05/23 15:07:32.350, 2, 0, 10088
2026/05/23 15:07:32.351, 3, 0, 10088
2026/05/23 15:07:47.438, 0, 9, 10490
2026/05/23 15:07:47.440, 1, 0, 10088
2026/05/23 15:07:47.441, 2, 100, 10088
2026/05/23 15:07:47.442, 3, 0, 10088
2026/05/23 15:08:02.519, 0, 100, 10490
2026/05/23 15:08:02.521, 1, 100, 10088
2026/05/23 15:08:02.523, 2, 0, 10088
2026/05/23 15:08:02.524, 3, 0, 10088
2026/05/23 15:08:17.608, 0, 100, 10490
2026/05/23 15:08:17.610, 1, 100, 10088
2026/05/23 15:08:17.612, 2, 100, 10088
2026/05/23 15:08:17.613, 3, 0, 10088
2026/05/23 15:08:32.706, 0, 100, 10490
2026/05/23 15:08:32.708, 1, 100, 10088
2026/05/23 15:08:32.709, 2, 100, 10088
2026/05/23 15:08:32.711, 3, 100, 10088
2026/05/23 15:08:47.924, 0, 0, 10490
2026/05/23 15:08:47.926, 1, 0, 10088
2026/05/23 15:08:47.927, 2, 0, 10088
2026/05/23 15:08:47.928, 3, 0, 10088
2026/05/23 15:09:03.008, 0, 8, 10490
2026/05/23 15:09:03.010, 1, 0, 10088
2026/05/23 15:09:03.011, 2, 0, 10088
2026/05/23 15:09:03.012, 3, 0, 10088
2026/05/23 15:09:18.174, 0, 100, 10490
2026/05/23 15:09:18.179, 1, 0, 10088
2026/05/23 15:09:18.182, 2, 100, 10088
2026/05/23 15:09:18.185, 3, 100, 10088
2026/05/23 15:09:33.308, 0, 100, 10490
2026/05/23 15:09:33.312, 1, 100, 10088
2026/05/23 15:09:33.315, 2, 0, 10088
2026/05/23 15:09:33.319, 3, 0, 10088
2026/05/23 15:09:48.426, 0, 14, 10490
2026/05/23 15:09:48.429, 1, 0, 10088
2026/05/23 15:09:48.430, 2, 0, 10088
2026/05/23 15:09:48.431, 3, 0, 10088
2026/05/23 15:10:03.682, 0, 100, 10490
2026/05/23 15:10:03.684, 1, 100, 10088
2026/05/23 15:10:03.686, 2, 0, 10088
2026/05/23 15:10:03.687, 3, 0, 10088
2026/05/23 15:10:18.916, 0, 0, 10490
2026/05/23 15:10:18.918, 1, 0, 10088
2026/05/23 15:10:18.919, 2, 0, 10088
2026/05/23 15:10:18.920, 3, 0, 10088
2026/05/23 15:10:34.024, 0, 100, 10490
2026/05/23 15:10:34.028, 1, 0, 10088
2026/05/23 15:10:34.029, 2, 0, 10088
2026/05/23 15:10:34.033, 3, 0, 10088
2026/05/23 15:10:49.125, 0, 17, 10490
2026/05/23 15:10:49.127, 1, 100, 10088
2026/05/23 15:10:49.128, 2, 100, 10088
2026/05/23 15:10:49.130, 3, 100, 10088
2026/05/23 15:11:04.371, 0, 0, 10490
2026/05/23 15:11:04.374, 1, 0, 10088
2026/05/23 15:11:04.375, 2, 0, 10088
2026/05/23 15:11:04.376, 3, 0, 10088
2026/05/23 15:11:19.552, 0, 8, 10490
2026/05/23 15:11:19.554, 1, 0, 10088
2026/05/23 15:11:19.555, 2, 0, 10088
2026/05/23 15:11:19.556, 3, 0, 10088
2026/05/23 15:11:34.638, 0, 100, 10490
2026/05/23 15:11:34.640, 1, 100, 10088
2026/05/23 15:11:34.641, 2, 100, 10088
2026/05/23 15:11:34.643, 3, 100, 10088
2026/05/23 15:11:49.719, 0, 9, 10490
2026/05/23 15:11:49.721, 1, 0, 10088
2026/05/23 15:11:49.722, 2, 0, 10088
2026/05/23 15:11:49.723, 3, 0, 10088
2026/05/23 15:12:04.825, 0, 9, 10490
2026/05/23 15:12:04.827, 1, 0, 10088
2026/05/23 15:12:04.829, 2, 0, 10088
2026/05/23 15:12:04.830, 3, 0, 10088
2026/05/23 15:12:20.019, 0, 11, 10490
2026/05/23 15:12:20.022, 1, 0, 10088
2026/05/23 15:12:20.023, 2, 0, 10088
2026/05/23 15:12:20.024, 3, 0, 10088
2026/05/23 15:12:35.109, 0, 9, 10490
2026/05/23 15:12:35.111, 1, 0, 10088
2026/05/23 15:12:35.112, 2, 0, 10088
2026/05/23 15:12:35.114, 3, 0, 10088
2026/05/23 15:12:50.198, 0, 9, 10490
2026/05/23 15:12:50.200, 1, 0, 10088
2026/05/23 15:12:50.201, 2, 0, 10088
2026/05/23 15:12:50.202, 3, 0, 10088
2026/05/23 15:13:05.400, 0, 100, 10490
2026/05/23 15:13:05.404, 1, 100, 10088
2026/05/23 15:13:05.408, 2, 0, 10088
2026/05/23 15:13:05.411, 3, 93, 10088
2026/05/23 15:13:20.647, 0, 100, 10490
2026/05/23 15:13:20.649, 1, 100, 10088
2026/05/23 15:13:20.651, 2, 99, 10088
2026/05/23 15:13:20.652, 3, 100, 10088
2026/05/23 15:13:35.737, 0, 9, 10490
2026/05/23 15:13:35.740, 1, 0, 10088
2026/05/23 15:13:35.741, 2, 0, 10088
2026/05/23 15:13:35.742, 3, 0, 10088
2026/05/23 15:13:50.813, 0, 100, 10490
2026/05/23 15:13:50.815, 1, 0, 10088
2026/05/23 15:13:50.816, 2, 0, 10088
2026/05/23 15:13:50.817, 3, 100, 10088
2026/05/23 15:14:05.897, 0, 5, 10490
2026/05/23 15:14:05.899, 1, 0, 10088
2026/05/23 15:14:05.900, 2, 0, 10088
2026/05/23 15:14:05.902, 3, 0, 10088
2026/05/23 15:14:20.986, 0, 8, 10490
2026/05/23 15:14:20.990, 1, 0, 10088
2026/05/23 15:14:20.993, 2, 0, 10088
2026/05/23 15:14:20.996, 3, 0, 10088
2026/05/23 15:14:36.201, 0, 12, 10490
2026/05/23 15:14:36.203, 1, 0, 10088
2026/05/23 15:14:36.204, 2, 0, 10088
2026/05/23 15:14:36.205, 3, 0, 10088
2026/05/23 15:14:51.290, 0, 100, 10490
2026/05/23 15:14:51.292, 1, 0, 10088
2026/05/23 15:14:51.293, 2, 100, 10088
2026/05/23 15:14:51.294, 3, 0, 10088
2026/05/23 15:15:06.433, 0, 86, 10490
2026/05/23 15:15:06.437, 1, 100, 10088
2026/05/23 15:15:06.439, 2, 100, 10088
2026/05/23 15:15:06.442, 3, 100, 10088
2026/05/23 15:15:21.775, 0, 7, 10490
2026/05/23 15:15:21.778, 1, 0, 10088
2026/05/23 15:15:21.781, 2, 100, 10088
2026/05/23 15:15:21.784, 3, 0, 10088
2026/05/23 15:15:36.873, 0, 100, 10490
2026/05/23 15:15:36.875, 1, 0, 10088
2026/05/23 15:15:36.877, 2, 0, 10088
2026/05/23 15:15:36.878, 3, 0, 10088
2026/05/23 15:15:51.982, 0, 12, 10490
2026/05/23 15:15:51.984, 1, 0, 10088
2026/05/23 15:15:51.986, 2, 0, 10088
2026/05/23 15:15:51.987, 3, 0, 10088
2026/05/23 15:16:07.073, 0, 9, 10490
2026/05/23 15:16:07.075, 1, 0, 10088
2026/05/23 15:16:07.076, 2, 0, 10088
2026/05/23 15:16:07.077, 3, 0, 10088
2026/05/23 15:16:22.260, 0, 6, 10490
2026/05/23 15:16:22.261, 1, 0, 10088
2026/05/23 15:16:22.262, 2, 0, 10088
2026/05/23 15:16:22.263, 3, 0, 10088
2026/05/23 15:16:37.348, 0, 100, 10490
2026/05/23 15:16:37.352, 1, 0, 10088
2026/05/23 15:16:37.354, 2, 0, 10088
2026/05/23 15:16:37.355, 3, 0, 10088
2026/05/23 15:16:52.458, 0, 15, 10490
2026/05/23 15:16:52.460, 1, 0, 10088
2026/05/23 15:16:52.461, 2, 0, 10088
2026/05/23 15:16:52.462, 3, 0, 10088
2026/05/23 15:17:07.702, 0, 1, 10490
2026/05/23 15:17:07.704, 1, 0, 10088
2026/05/23 15:17:07.706, 2, 0, 10088
2026/05/23 15:17:07.707, 3, 0, 10088
2026/05/23 15:17:22.919, 0, 8, 10490
2026/05/23 15:17:22.921, 1, 0, 10088
2026/05/23 15:17:22.922, 2, 0, 10088
2026/05/23 15:17:22.923, 3, 0, 10088
2026/05/23 15:17:38.015, 0, 100, 10490
2026/05/23 15:17:38.019, 1, 100, 10088
2026/05/23 15:17:38.022, 2, 100, 10088
2026/05/23 15:17:38.025, 3, 100, 10088
2026/05/23 15:17:53.122, 0, 9, 10490
2026/05/23 15:17:53.124, 1, 0, 10088
2026/05/23 15:17:53.125, 2, 0, 10088
2026/05/23 15:17:53.126, 3, 0, 10088
2026/05/23 15:18:08.210, 0, 13, 10490
2026/05/23 15:18:08.212, 1, 0, 10088
2026/05/23 15:18:08.213, 2, 0, 10088
2026/05/23 15:18:08.215, 3, 0, 10088
2026/05/23 15:18:23.421, 0, 100, 10490
2026/05/23 15:18:23.423, 1, 100, 10088
2026/05/23 15:18:23.425, 2, 100, 10088
2026/05/23 15:18:23.426, 3, 0, 10088
2026/05/23 15:18:38.601, 0, 9, 10490
2026/05/23 15:18:38.603, 1, 0, 10088
2026/05/23 15:18:38.605, 2, 0, 10088
2026/05/23 15:18:38.606, 3, 0, 10088
2026/05/23 15:18:53.690, 0, 9, 10490
2026/05/23 15:18:53.692, 1, 0, 10088
2026/05/23 15:18:53.694, 2, 0, 10088
2026/05/23 15:18:53.695, 3, 0, 10088
2026/05/23 15:19:08.786, 0, 77, 10490
2026/05/23 15:19:08.788, 1, 100, 10088
2026/05/23 15:19:08.791, 2, 100, 10088
2026/05/23 15:19:08.795, 3, 0, 10088
2026/05/23 15:19:23.976, 0, 13, 10490
2026/05/23 15:19:23.978, 1, 0, 10088
2026/05/23 15:19:23.980, 2, 0, 10088
2026/05/23 15:19:23.981, 3, 0, 10088
2026/05/23 15:19:39.082, 0, 9, 10490
2026/05/23 15:19:39.084, 1, 0, 10088
2026/05/23 15:19:39.085, 2, 0, 10088
2026/05/23 15:19:39.086, 3, 0, 10088
2026/05/23 15:19:54.175, 0, 100, 10490
2026/05/23 15:19:54.178, 1, 0, 10088
2026/05/23 15:19:54.180, 2, 0, 10088
2026/05/23 15:19:54.183, 3, 0, 10088
2026/05/23 15:20:09.306, 0, 100, 10490
2026/05/23 15:20:09.309, 1, 100, 10088
2026/05/23 15:20:09.312, 2, 100, 10088
2026/05/23 15:20:09.316, 3, 100, 10088
2026/05/23 15:20:24.541, 0, 70, 10490
2026/05/23 15:20:24.544, 1, 100, 10088
2026/05/23 15:20:24.680, 2, 100, 10088
2026/05/23 15:20:24.682, 3, 76, 10088
2026/05/23 15:20:39.774, 0, 10, 10490
2026/05/23 15:20:39.776, 1, 0, 10088
2026/05/23 15:20:39.777, 2, 0, 10088
2026/05/23 15:20:39.779, 3, 0, 10088
2026/05/23 15:20:54.906, 0, 9, 10490
2026/05/23 15:20:54.909, 1, 0, 10088
2026/05/23 15:20:54.913, 2, 0, 10088
2026/05/23 15:20:54.916, 3, 0, 10088
2026/05/23 15:21:10.009, 0, 10, 10490
2026/05/23 15:21:10.011, 1, 0, 10088
2026/05/23 15:21:10.013, 2, 0, 10088
2026/05/23 15:21:10.014, 3, 0, 10088
2026/05/23 15:21:25.149, 0, 9, 10490
2026/05/23 15:21:25.151, 1, 0, 10088
2026/05/23 15:21:25.152, 2, 0, 10088
2026/05/23 15:21:25.154, 3, 0, 10088
2026/05/23 15:21:40.238, 0, 13, 10490
2026/05/23 15:21:40.241, 1, 0, 10088
2026/05/23 15:21:40.242, 2, 0, 10088
2026/05/23 15:21:40.244, 3, 0, 10088
2026/05/23 15:21:55.341, 0, 9, 10490
2026/05/23 15:21:55.346, 1, 100, 10088
2026/05/23 15:21:55.349, 2, 0, 10088
2026/05/23 15:21:55.352, 3, 0, 10088
2026/05/23 15:22:10.474, 0, 100, 10490
2026/05/23 15:22:10.477, 1, 100, 10088
2026/05/23 15:22:10.480, 2, 0, 10088
2026/05/23 15:22:10.483, 3, 100, 10088
2026/05/23 15:22:25.617, 0, 9, 10490
2026/05/23 15:22:25.621, 1, 0, 10088
2026/05/23 15:22:25.624, 2, 100, 10088
2026/05/23 15:22:25.627, 3, 0, 10088
2026/05/23 15:22:40.733, 0, 55, 10490
2026/05/23 15:22:40.737, 1, 100, 10088
2026/05/23 15:22:40.740, 2, 100, 10088
2026/05/23 15:22:40.743, 3, 0, 10088
2026/05/23 15:22:55.862, 0, 19, 10490
2026/05/23 15:22:55.864, 1, 0, 10088
2026/05/23 15:22:55.865, 2, 0, 10088
2026/05/23 15:22:55.867, 3, 0, 10088
2026/05/23 15:23:11.030, 0, 0, 10490
2026/05/23 15:23:11.032, 1, 100, 10088
2026/05/23 15:23:11.033, 2, 100, 10088
2026/05/23 15:23:11.034, 3, 0, 10088
2026/05/23 15:23:26.145, 0, 10, 10490
2026/05/23 15:23:26.149, 1, 0, 10088
2026/05/23 15:23:26.152, 2, 0, 10088
2026/05/23 15:23:26.155, 3, 0, 10088
2026/05/23 15:23:41.326, 0, 10, 10490
2026/05/23 15:23:41.330, 1, 0, 10088
2026/05/23 15:23:41.333, 2, 0, 10088
2026/05/23 15:23:41.336, 3, 0, 10088
2026/05/23 15:23:56.449, 0, 10, 10490
2026/05/23 15:23:56.453, 1, 100, 10088
2026/05/23 15:23:56.456, 2, 0, 10088
2026/05/23 15:23:56.457, 3, 0, 10088
2026/05/23 15:24:11.562, 0, 17, 10490
2026/05/23 15:24:11.564, 1, 0, 10088
2026/05/23 15:24:11.565, 2, 0, 10088
2026/05/23 15:24:11.567, 3, 0, 10088
2026/05/23 15:24:26.729, 0, 100, 10490
2026/05/23 15:24:26.731, 1, 0, 10088
2026/05/23 15:24:26.733, 2, 0, 10088
2026/05/23 15:24:26.734, 3, 0, 10088
2026/05/23 15:24:41.817, 0, 59, 10490
2026/05/23 15:24:41.819, 1, 0, 10088
2026/05/23 15:24:41.821, 2, 0, 10088
2026/05/23 15:24:41.822, 3, 100, 10088
2026/05/23 15:24:56.906, 0, 9, 10490
2026/05/23 15:24:56.908, 1, 0, 10088
2026/05/23 15:24:56.910, 2, 0, 10088
2026/05/23 15:24:56.911, 3, 0, 10088
2026/05/23 15:25:12.074, 0, 6, 10490
2026/05/23 15:25:12.076, 1, 0, 10088
2026/05/23 15:25:12.078, 2, 0, 10088
2026/05/23 15:25:12.079, 3, 0, 10088
2026/05/23 15:25:27.165, 0, 29, 10490
2026/05/23 15:25:27.169, 1, 0, 10088
2026/05/23 15:25:27.172, 2, 0, 10088
2026/05/23 15:25:27.173, 3, 0, 10088
2026/05/23 15:25:42.261, 0, 9, 10490
2026/05/23 15:25:42.263, 1, 0, 10088
2026/05/23 15:25:42.265, 2, 0, 10088
2026/05/23 15:25:42.266, 3, 0, 10088
2026/05/23 15:25:57.393, 0, 0, 10490
2026/05/23 15:25:57.395, 1, 0, 10088
2026/05/23 15:25:57.396, 2, 100, 10088
2026/05/23 15:25:57.398, 3, 0, 10088
2026/05/23 15:26:12.556, 0, 9, 10490
2026/05/23 15:26:12.559, 1, 0, 10088
2026/05/23 15:26:12.561, 2, 0, 10088
2026/05/23 15:26:12.562, 3, 0, 10088
2026/05/23 15:26:27.666, 0, 13, 10490
2026/05/23 15:26:27.668, 1, 0, 10088
2026/05/23 15:26:27.669, 2, 0, 10088
2026/05/23 15:26:27.671, 3, 0, 10088
2026/05/23 15:26:42.747, 0, 100, 10490
2026/05/23 15:26:42.749, 1, 0, 10088
2026/05/23 15:26:42.750, 2, 0, 10088
2026/05/23 15:26:42.751, 3, 100, 10088
2026/05/23 15:26:57.853, 0, 100, 10490
2026/05/23 15:26:57.857, 1, 100, 10088
2026/05/23 15:26:57.859, 2, 0, 10088
2026/05/23 15:26:57.862, 3, 0, 10088
2026/05/23 15:27:12.962, 0, 9, 10490
2026/05/23 15:27:12.966, 1, 0, 10088
2026/05/23 15:27:12.969, 2, 98, 10088
2026/05/23 15:27:12.972, 3, 0, 10088
2026/05/23 15:27:28.112, 0, 5, 10490
2026/05/23 15:27:28.116, 1, 0, 10088
2026/05/23 15:27:28.120, 2, 0, 10088
2026/05/23 15:27:28.122, 3, 0, 10088
2026/05/23 15:27:43.233, 0, 3, 10490
2026/05/23 15:27:43.236, 1, 0, 10088
2026/05/23 15:27:43.237, 2, 0, 10088
2026/05/23 15:27:43.239, 3, 0, 10088
2026/05/23 15:27:58.322, 0, 9, 10490
2026/05/23 15:27:58.324, 1, 0, 10088
2026/05/23 15:27:58.325, 2, 0, 10088
2026/05/23 15:27:58.327, 3, 0, 10088
2026/05/23 15:28:13.416, 0, 100, 10490
2026/05/23 15:28:13.420, 1, 100, 10088
2026/05/23 15:28:13.423, 2, 100, 10088
2026/05/23 15:28:13.426, 3, 100, 10088
2026/05/23 15:28:28.522, 0, 9, 10490
2026/05/23 15:28:28.524, 1, 0, 10088
2026/05/23 15:28:28.525, 2, 0, 10088
2026/05/23 15:28:28.526, 3, 0, 10088
2026/05/23 15:28:43.609, 0, 7, 10490
2026/05/23 15:28:43.611, 1, 0, 10088
2026/05/23 15:28:43.613, 2, 100, 10088
2026/05/23 15:28:43.614, 3, 0, 10088
2026/05/23 15:28:58.798, 0, 16, 10490
2026/05/23 15:28:58.800, 1, 0, 10088
2026/05/23 15:28:58.801, 2, 0, 10088
2026/05/23 15:28:58.803, 3, 0, 10088
2026/05/23 15:29:14.048, 0, 100, 10490
2026/05/23 15:29:14.051, 1, 56, 10088
2026/05/23 15:29:14.055, 2, 100, 10088
2026/05/23 15:29:14.058, 3, 100, 10088
2026/05/23 15:29:29.153, 0, 9, 10490
2026/05/23 15:29:29.155, 1, 86, 10088
2026/05/23 15:29:29.157, 2, 0, 10088
2026/05/23 15:29:29.158, 3, 0, 10088
2026/05/23 15:29:44.312, 0, 100, 10490
2026/05/23 15:29:44.316, 1, 0, 10088
2026/05/23 15:29:44.319, 2, 0, 10088
2026/05/23 15:29:44.321, 3, 0, 10088
2026/05/23 15:29:59.409, 0, 9, 10490
2026/05/23 15:29:59.411, 1, 0, 10088
2026/05/23 15:29:59.412, 2, 0, 10088
2026/05/23 15:29:59.414, 3, 0, 10088
2026/05/23 15:30:14.515, 0, 13, 10490
2026/05/23 15:30:14.517, 1, 0, 10088
2026/05/23 15:30:14.519, 2, 0, 10088
2026/05/23 15:30:14.520, 3, 0, 10088
2026/05/23 15:30:29.677, 0, 4, 10490
2026/05/23 15:30:29.679, 1, 0, 10088
2026/05/23 15:30:29.680, 2, 0, 10088
2026/05/23 15:30:29.682, 3, 0, 10088
2026/05/23 15:30:44.777, 0, 9, 10490
2026/05/23 15:30:44.779, 1, 0, 10088
2026/05/23 15:30:44.781, 2, 0, 10088
2026/05/23 15:30:44.782, 3, 0, 10088
2026/05/23 15:30:59.868, 0, 100, 10490
2026/05/23 15:30:59.870, 1, 100, 10088
2026/05/23 15:30:59.871, 2, 100, 10088
2026/05/23 15:30:59.873, 3, 95, 10088
2026/05/23 15:31:14.957, 0, 8, 10490
2026/05/23 15:31:14.959, 1, 0, 10088
2026/05/23 15:31:14.961, 2, 0, 10088
2026/05/23 15:31:14.962, 3, 0, 10088
2026/05/23 15:31:30.046, 0, 15, 10490
2026/05/23 15:31:30.048, 1, 0, 10088
2026/05/23 15:31:30.050, 2, 0, 10088
2026/05/23 15:31:30.051, 3, 0, 10088
2026/05/23 15:31:45.193, 0, 8, 10490
2026/05/23 15:31:45.195, 1, 0, 10088
2026/05/23 15:31:45.196, 2, 0, 10088
2026/05/23 15:31:45.198, 3, 0, 10088
2026/05/23 15:32:00.329, 0, 4, 10490
2026/05/23 15:32:00.331, 1, 0, 10088
2026/05/23 15:32:00.332, 2, 0, 10088
2026/05/23 15:32:00.334, 3, 0, 10088
2026/05/23 15:32:15.697, 0, 100, 10490
2026/05/23 15:32:15.699, 1, 100, 10088
2026/05/23 15:32:15.700, 2, 45, 10088
2026/05/23 15:32:15.701, 3, 100, 10088
2026/05/23 15:32:30.826, 0, 13, 10490
2026/05/23 15:32:30.828, 1, 0, 10088
2026/05/23 15:32:30.829, 2, 0, 10088
2026/05/23 15:32:30.831, 3, 0, 10088
2026/05/23 15:32:45.913, 0, 100, 10490
2026/05/23 15:32:45.916, 1, 100, 10088
2026/05/23 15:32:45.917, 2, 100, 10088
2026/05/23 15:32:45.918, 3, 0, 10088
2026/05/23 15:33:01.011, 0, 9, 10490
2026/05/23 15:33:01.015, 1, 0, 10088
2026/05/23 15:33:01.019, 2, 0, 10088
2026/05/23 15:33:01.021, 3, 100, 10088
2026/05/23 15:33:16.113, 0, 9, 10490
2026/05/23 15:33:16.115, 1, 27, 10088
2026/05/23 15:33:16.116, 2, 0, 10088
2026/05/23 15:33:16.118, 3, 0, 10088
2026/05/23 15:33:31.201, 0, 10, 10490
2026/05/23 15:33:31.203, 1, 0, 10088
2026/05/23 15:33:31.205, 2, 0, 10088
2026/05/23 15:33:31.206, 3, 0, 10088
2026/05/23 15:33:46.410, 0, 13, 10490
2026/05/23 15:33:46.412, 1, 0, 10088
2026/05/23 15:33:46.413, 2, 0, 10088
2026/05/23 15:33:46.415, 3, 0, 10088
2026/05/23 15:34:01.724, 0, 100, 10490
2026/05/23 15:34:01.725, 1, 100, 10088
2026/05/23 15:34:01.726, 2, 90, 10088
2026/05/23 15:34:01.727, 3, 100, 10088
2026/05/23 15:34:16.818, 0, 100, 10490
2026/05/23 15:34:16.824, 1, 100, 10088
2026/05/23 15:34:16.826, 2, 100, 10088
2026/05/23 15:34:16.829, 3, 70, 10088
2026/05/23 15:34:31.912, 0, 100, 10490
2026/05/23 15:34:31.914, 1, 100, 10088
2026/05/23 15:34:31.915, 2, 100, 10088
2026/05/23 15:34:31.916, 3, 0, 10088
2026/05/23 15:34:47.023, 0, 100, 10490
2026/05/23 15:34:47.025, 1, 100, 10088
2026/05/23 15:34:47.026, 2, 0, 10088
2026/05/23 15:34:47.027, 3, 0, 10088
2026/05/23 15:35:02.111, 0, 11, 10490
2026/05/23 15:35:02.113, 1, 0, 10088
2026/05/23 15:35:02.114, 2, 0, 10088
2026/05/23 15:35:02.116, 3, 0, 10088
2026/05/23 15:35:17.303, 0, 100, 10490
2026/05/23 15:35:17.415, 1, 100, 10088
2026/05/23 15:35:17.418, 2, 100, 10088
2026/05/23 15:35:17.420, 3, 88, 10088
2026/05/23 15:35:32.526, 0, 9, 10490
2026/05/23 15:35:32.528, 1, 0, 10088
2026/05/23 15:35:32.529, 2, 0, 10088
2026/05/23 15:35:32.530, 3, 0, 10088
2026/05/23 15:35:47.677, 0, 9, 10490
2026/05/23 15:35:47.681, 1, 94, 10088
2026/05/23 15:35:47.684, 2, 0, 10088
2026/05/23 15:35:47.687, 3, 0, 10088
2026/05/23 15:36:02.813, 0, 5, 10490
2026/05/23 15:36:02.816, 1, 0, 10088
2026/05/23 15:36:02.817, 2, 0, 10088
2026/05/23 15:36:02.818, 3, 0, 10088
2026/05/23 15:36:17.912, 0, 10, 10490
2026/05/23 15:36:17.916, 1, 2, 10088
2026/05/23 15:36:17.919, 2, 100, 10088
2026/05/23 15:36:17.922, 3, 0, 10088
2026/05/23 15:36:33.025, 0, 37, 10490
2026/05/23 15:36:33.030, 1, 100, 10088
2026/05/23 15:36:33.033, 2, 100, 10088
2026/05/23 15:36:33.036, 3, 0, 10088
2026/05/23 15:36:48.151, 0, 100, 10490
2026/05/23 15:36:48.155, 1, 100, 10088
2026/05/23 15:36:48.160, 2, 0, 10088
2026/05/23 15:36:48.163, 3, 100, 10088
2026/05/23 15:37:03.247, 0, 2, 10490
2026/05/23 15:37:03.249, 1, 100, 10088
2026/05/23 15:37:03.250, 2, 32, 10088
2026/05/23 15:37:03.251, 3, 0, 10088
2026/05/23 15:37:18.350, 0, 13, 10490
2026/05/23 15:37:18.352, 1, 0, 10088
2026/05/23 15:37:18.353, 2, 0, 10088
2026/05/23 15:37:18.355, 3, 0, 10088
2026/05/23 15:37:33.437, 0, 6, 10490
2026/05/23 15:37:33.439, 1, 100, 10088
2026/05/23 15:37:33.440, 2, 100, 10088
2026/05/23 15:37:33.442, 3, 15, 10088
2026/05/23 15:37:48.548, 0, 100, 10490
2026/05/23 15:37:48.552, 1, 100, 10088
2026/05/23 15:37:48.556, 2, 0, 10088
2026/05/23 15:37:48.557, 3, 0, 10088
2026/05/23 15:38:03.659, 0, 100, 10490
2026/05/23 15:38:03.663, 1, 100, 10088
2026/05/23 15:38:03.667, 2, 100, 10088
2026/05/23 15:38:03.670, 3, 0, 10088
2026/05/23 15:38:18.902, 0, 5, 10490
2026/05/23 15:38:18.904, 1, 0, 10088
2026/05/23 15:38:18.905, 2, 0, 10088
2026/05/23 15:38:18.906, 3, 0, 10088
2026/05/23 15:38:34.122, 0, 16, 10490
2026/05/23 15:38:34.124, 1, 0, 10088
2026/05/23 15:38:34.125, 2, 0, 10088
2026/05/23 15:38:34.127, 3, 0, 10088
2026/05/23 15:38:49.271, 0, 9, 10490
2026/05/23 15:38:49.273, 1, 0, 10088
2026/05/23 15:38:49.275, 2, 0, 10088
2026/05/23 15:38:49.276, 3, 0, 10088
2026/05/23 15:39:04.362, 0, 9, 10490
2026/05/23 15:39:04.364, 1, 0, 10088
2026/05/23 15:39:04.365, 2, 0, 10088
2026/05/23 15:39:04.366, 3, 0, 10088
2026/05/23 15:39:19.454, 0, 100, 10490
2026/05/23 15:39:19.458, 1, 0, 10088
2026/05/23 15:39:19.461, 2, 0, 10088
2026/05/23 15:39:19.462, 3, 0, 10088
2026/05/23 15:39:34.566, 0, 12, 10490
2026/05/23 15:39:34.568, 1, 0, 10088
2026/05/23 15:39:34.570, 2, 0, 10088
2026/05/23 15:39:34.571, 3, 0, 10088
2026/05/23 15:39:49.751, 0, 100, 10490
2026/05/23 15:39:49.754, 1, 100, 10088
2026/05/23 15:39:49.758, 2, 0, 10088
2026/05/23 15:39:49.759, 3, 0, 10088
2026/05/23 15:40:05.427, 0, 0, 10490
2026/05/23 15:40:05.429, 1, 100, 10088
2026/05/23 15:40:05.430, 2, 100, 10088
2026/05/23 15:40:05.431, 3, 0, 10088
2026/05/23 15:40:20.540, 0, 100, 10490
2026/05/23 15:40:20.544, 1, 100, 10088
2026/05/23 15:40:20.547, 2, 0, 10088
2026/05/23 15:40:20.548, 3, 0, 10088
2026/05/23 15:40:35.637, 0, 100, 10490
2026/05/23 15:40:35.639, 1, 5, 10088
2026/05/23 15:40:35.640, 2, 100, 10088
2026/05/23 15:40:35.642, 3, 100, 10088
2026/05/23 15:40:50.742, 0, 13, 10490
2026/05/23 15:40:50.744, 1, 0, 10088
2026/05/23 15:40:50.746, 2, 0, 10088
2026/05/23 15:40:50.747, 3, 0, 10088
2026/05/23 15:41:05.829, 0, 69, 10490
2026/05/23 15:41:05.831, 1, 0, 10088
2026/05/23 15:41:05.832, 2, 0, 10088
2026/05/23 15:41:05.834, 3, 100, 10088
2026/05/23 15:41:20.925, 0, 4, 10490
2026/05/23 15:41:20.929, 1, 100, 10088
2026/05/23 15:41:20.932, 2, 100, 10088
2026/05/23 15:41:20.936, 3, 0, 10088
2026/05/23 15:41:36.041, 0, 0, 10490
2026/05/23 15:41:36.043, 1, 0, 10088
2026/05/23 15:41:36.044, 2, 0, 10088
2026/05/23 15:41:36.045, 3, 0, 10088
2026/05/23 15:41:51.251, 0, 7, 10490
2026/05/23 15:41:51.253, 1, 0, 10088
2026/05/23 15:41:51.254, 2, 0, 10088
2026/05/23 15:41:51.255, 3, 0, 10088
2026/05/23 15:42:06.344, 0, 10, 10490
2026/05/23 15:42:06.346, 1, 0, 10088
2026/05/23 15:42:06.348, 2, 0, 10088
2026/05/23 15:42:06.350, 3, 0, 10088
2026/05/23 15:42:21.437, 0, 9, 10490
2026/05/23 15:42:21.439, 1, 0, 10088
2026/05/23 15:42:21.441, 2, 0, 10088
2026/05/23 15:42:21.442, 3, 0, 10088
2026/05/23 15:42:36.549, 0, 100, 10490
2026/05/23 15:42:36.553, 1, 100, 10088
2026/05/23 15:42:36.557, 2, 100, 10088
2026/05/23 15:42:36.560, 3, 0, 10088
2026/05/23 15:42:51.681, 0, 5, 10490
2026/05/23 15:42:51.683, 1, 0, 10088
2026/05/23 15:42:51.684, 2, 0, 10088
2026/05/23 15:42:51.686, 3, 0, 10088
2026/05/23 15:43:06.786, 0, 12, 10490
2026/05/23 15:43:06.788, 1, 0, 10088
2026/05/23 15:43:06.789, 2, 0, 10088
2026/05/23 15:43:06.791, 3, 0, 10088
2026/05/23 15:43:21.880, 0, 100, 10490
2026/05/23 15:43:21.885, 1, 100, 10088
2026/05/23 15:43:21.888, 2, 100, 10088
2026/05/23 15:43:21.891, 3, 0, 10088
2026/05/23 15:43:36.985, 0, 2, 10490
2026/05/23 15:43:36.987, 1, 0, 10088
2026/05/23 15:43:36.989, 2, 0, 10088
2026/05/23 15:43:36.990, 3, 0, 10088
2026/05/23 15:43:52.238, 0, 3, 10490
2026/05/23 15:43:52.240, 1, 0, 10088
2026/05/23 15:43:52.241, 2, 0, 10088
2026/05/23 15:43:52.243, 3, 0, 10088
2026/05/23 15:44:07.353, 0, 100, 10490
2026/05/23 15:44:07.358, 1, 0, 10088
2026/05/23 15:44:07.361, 2, 0, 10088
2026/05/23 15:44:07.364, 3, 0, 10088
2026/05/23 15:44:22.475, 0, 13, 10490
2026/05/23 15:44:22.477, 1, 0, 10088
2026/05/23 15:44:22.479, 2, 0, 10088
2026/05/23 15:44:22.480, 3, 0, 10088
2026/05/23 15:44:37.575, 0, 91, 10490
2026/05/23 15:44:37.579, 1, 100, 10088
2026/05/23 15:44:37.583, 2, 0, 10088
2026/05/23 15:44:37.586, 3, 0, 10088
2026/05/23 15:44:52.757, 0, 8, 10490
2026/05/23 15:44:52.759, 1, 0, 10088
2026/05/23 15:44:52.760, 2, 0, 10088
2026/05/23 15:44:52.762, 3, 0, 10088
2026/05/23 15:45:07.852, 0, 0, 10490
2026/05/23 15:45:07.855, 1, 100, 10088
2026/05/23 15:45:07.859, 2, 100, 10088
2026/05/23 15:45:07.861, 3, 0, 10088
2026/05/23 15:45:23.002, 0, 8, 10490
2026/05/23 15:45:23.005, 1, 0, 10088
2026/05/23 15:45:23.008, 2, 52, 10088
2026/05/23 15:45:23.011, 3, 0, 10088
2026/05/23 15:45:38.105, 0, 13, 10490
2026/05/23 15:45:38.107, 1, 0, 10088
2026/05/23 15:45:38.109, 2, 0, 10088
2026/05/23 15:45:38.110, 3, 0, 10088
2026/05/23 15:45:53.248, 0, 100, 10490
2026/05/23 15:45:53.251, 1, 0, 10088
2026/05/23 15:45:53.254, 2, 0, 10088
2026/05/23 15:45:53.255, 3, 0, 10088
2026/05/23 15:46:08.341, 0, 4, 10490
2026/05/23 15:46:08.343, 1, 0, 10088
2026/05/23 15:46:08.344, 2, 0, 10088
2026/05/23 15:46:08.346, 3, 0, 10088
2026/05/23 15:46:23.501, 0, 9, 10490
2026/05/23 15:46:23.503, 1, 0, 10088
2026/05/23 15:46:23.504, 2, 0, 10088
2026/05/23 15:46:23.506, 3, 0, 10088
2026/05/23 15:46:38.761, 0, 11, 10490
2026/05/23 15:46:38.763, 1, 0, 10088
2026/05/23 15:46:38.764, 2, 0, 10088
2026/05/23 15:46:38.766, 3, 0, 10088
2026/05/23 15:46:53.858, 0, 62, 10490
2026/05/23 15:46:53.862, 1, 100, 10088
2026/05/23 15:46:53.865, 2, 100, 10088
2026/05/23 15:46:53.868, 3, 0, 10088
2026/05/23 15:47:09.010, 0, 10, 10490
2026/05/23 15:47:09.015, 1, 0, 10088
2026/05/23 15:47:09.018, 2, 0, 10088
2026/05/23 15:47:09.019, 3, 0, 10088
2026/05/23 15:47:24.117, 0, 10, 10490
2026/05/23 15:47:24.121, 1, 0, 10088
2026/05/23 15:47:24.124, 2, 100, 10088
2026/05/23 15:47:24.127, 3, 0, 10088
2026/05/23 15:47:39.242, 0, 9, 10490
2026/05/23 15:47:39.244, 1, 0, 10088
2026/05/23 15:47:39.246, 2, 0, 10088
2026/05/23 15:47:39.247, 3, 0, 10088
2026/05/23 15:47:54.603, 0, 9, 10490
2026/05/23 15:47:54.605, 1, 0, 10088
2026/05/23 15:47:54.607, 2, 0, 10088
2026/05/23 15:47:54.608, 3, 0, 10088
2026/05/23 15:48:09.724, 0, 100, 10490
2026/05/23 15:48:09.728, 1, 100, 10088
2026/05/23 15:48:09.731, 2, 91, 10088
2026/05/23 15:48:09.735, 3, 0, 10088
2026/05/23 15:48:24.980, 0, 8, 10490
2026/05/23 15:48:24.984, 1, 0, 10088
2026/05/23 15:48:24.987, 2, 66, 10088
2026/05/23 15:48:24.991, 3, 0, 10088
2026/05/23 15:48:40.077, 0, 9, 10490
2026/05/23 15:48:40.079, 1, 0, 10088
2026/05/23 15:48:40.080, 2, 0, 10088
2026/05/23 15:48:40.081, 3, 0, 10088
2026/05/23 15:48:55.166, 0, 3, 10490
2026/05/23 15:48:55.170, 1, 0, 10088
2026/05/23 15:48:55.173, 2, 0, 10088
2026/05/23 15:48:55.174, 3, 0, 10088
2026/05/23 15:49:10.288, 0, 10, 10490
2026/05/23 15:49:10.290, 1, 0, 10088
2026/05/23 15:49:10.291, 2, 0, 10088
2026/05/23 15:49:10.293, 3, 0, 10088
2026/05/23 15:49:25.464, 0, 9, 10490
2026/05/23 15:49:25.466, 1, 100, 10088
2026/05/23 15:49:25.467, 2, 100, 10088
2026/05/23 15:49:25.468, 3, 0, 10088
2026/05/23 15:49:40.550, 0, 9, 10490
2026/05/23 15:49:40.552, 1, 0, 10088
2026/05/23 15:49:40.553, 2, 0, 10088
2026/05/23 15:49:40.554, 3, 0, 10088
2026/05/23 15:49:55.700, 0, 100, 10490
2026/05/23 15:49:55.703, 1, 100, 10088
2026/05/23 15:49:55.706, 2, 0, 10088
2026/05/23 15:49:55.709, 3, 0, 10088
2026/05/23 15:50:10.830, 0, 13, 10490
2026/05/23 15:50:10.832, 1, 0, 10088
2026/05/23 15:50:10.833, 2, 0, 10088
2026/05/23 15:50:10.834, 3, 0, 10088
2026/05/23 15:50:25.917, 0, 10, 10490
2026/05/23 15:50:25.921, 1, 100, 10088
2026/05/23 15:50:25.925, 2, 100, 10088
2026/05/23 15:50:25.928, 3, 0, 10088
2026/05/23 15:50:41.029, 0, 100, 10490
2026/05/23 15:50:41.031, 1, 100, 10088
2026/05/23 15:50:41.033, 2, 100, 10088
2026/05/23 15:50:41.034, 3, 0, 10088
2026/05/23 15:50:56.117, 0, 7, 10490
2026/05/23 15:50:56.119, 1, 0, 10088
2026/05/23 15:50:56.121, 2, 0, 10088
2026/05/23 15:50:56.122, 3, 0, 10088
2026/05/23 15:51:11.226, 0, 13, 10490
2026/05/23 15:51:11.228, 1, 0, 10088
2026/05/23 15:51:11.229, 2, 0, 10088
2026/05/23 15:51:11.230, 3, 0, 10088
2026/05/23 15:51:26.315, 0, 9, 10490
2026/05/23 15:51:26.317, 1, 100, 10088
2026/05/23 15:51:26.318, 2, 0, 10088
2026/05/23 15:51:26.319, 3, 0, 10088
2026/05/23 15:51:41.433, 0, 9, 10490
2026/05/23 15:51:41.435, 1, 100, 10088
2026/05/23 15:51:41.436, 2, 19, 10088
2026/05/23 15:51:41.437, 3, 0, 10088
2026/05/23 15:51:56.525, 0, 100, 10490
2026/05/23 15:51:56.530, 1, 0, 10088
2026/05/23 15:51:56.533, 2, 100, 10088
2026/05/23 15:51:56.536, 3, 0, 10088
2026/05/23 15:52:11.626, 0, 8, 10490
2026/05/23 15:52:11.628, 1, 0, 10088
2026/05/23 15:52:11.630, 2, 0, 10088
2026/05/23 15:52:11.631, 3, 0, 10088
2026/05/23 15:52:26.806, 0, 1, 10490
2026/05/23 15:52:26.809, 1, 0, 10088
2026/05/23 15:52:26.810, 2, 0, 10088
2026/05/23 15:52:26.811, 3, 0, 10088
2026/05/23 15:52:41.978, 0, 100, 10490
2026/05/23 15:52:41.980, 1, 100, 10088
2026/05/23 15:52:41.981, 2, 100, 10088
2026/05/23 15:52:41.982, 3, 100, 10088
2026/05/23 15:52:57.065, 0, 100, 10490
2026/05/23 15:52:57.067, 1, 100, 10088
2026/05/23 15:52:57.069, 2, 100, 10088
2026/05/23 15:52:57.070, 3, 100, 10088
2026/05/23 15:53:12.182, 0, 100, 10490
2026/05/23 15:53:12.186, 1, 100, 10088
2026/05/23 15:53:12.189, 2, 88, 10088
2026/05/23 15:53:12.192, 3, 100, 10088
2026/05/23 15:53:27.297, 0, 100, 10490
2026/05/23 15:53:27.299, 1, 100, 10088
2026/05/23 15:53:27.300, 2, 100, 10088
2026/05/23 15:53:27.301, 3, 0, 10088
2026/05/23 15:53:42.406, 0, 14, 10490
2026/05/23 15:53:42.409, 1, 0, 10088
2026/05/23 15:53:42.410, 2, 0, 10088
2026/05/23 15:53:42.411, 3, 0, 10088
2026/05/23 15:53:57.555, 0, 0, 10490
2026/05/23 15:53:57.557, 1, 0, 10088
2026/05/23 15:53:57.559, 2, 0, 10088
2026/05/23 15:53:57.560, 3, 0, 10088
2026/05/23 15:54:12.658, 0, 8, 10490
2026/05/23 15:54:12.660, 1, 0, 10088
2026/05/23 15:54:12.661, 2, 0, 10088
2026/05/23 15:54:12.663, 3, 0, 10088
2026/05/23 15:54:27.745, 0, 100, 10490
2026/05/23 15:54:27.747, 1, 27, 10088
2026/05/23 15:54:27.749, 2, 100, 10088
2026/05/23 15:54:27.750, 3, 0, 10088
2026/05/23 15:54:42.841, 0, 9, 10490
2026/05/23 15:54:42.845, 1, 0, 10088
2026/05/23 15:54:42.848, 2, 98, 10088
2026/05/23 15:54:42.852, 3, 0, 10088
2026/05/23 15:54:57.966, 0, 16, 10490
2026/05/23 15:54:57.968, 1, 0, 10088
2026/05/23 15:54:57.970, 2, 0, 10088
2026/05/23 15:54:57.971, 3, 0, 10088
2026/05/23 15:55:13.048, 0, 100, 10490
2026/05/23 15:55:13.049, 1, 0, 10088
2026/05/23 15:55:13.051, 2, 0, 10088
2026/05/23 15:55:13.052, 3, 0, 10088
2026/05/23 15:55:28.286, 0, 100, 10490
2026/05/23 15:55:28.289, 1, 0, 10088
2026/05/23 15:55:28.293, 2, 100, 10088
2026/05/23 15:55:28.296, 3, 33, 10088
2026/05/23 15:55:43.481, 0, 100, 10490
2026/05/23 15:55:43.486, 1, 84, 10088
2026/05/23 15:55:43.488, 2, 89, 10088
2026/05/23 15:55:43.489, 3, 100, 10088
2026/05/23 15:55:58.678, 0, 9, 10490
2026/05/23 15:55:58.680, 1, 0, 10088
2026/05/23 15:55:58.681, 2, 0, 10088
2026/05/23 15:55:58.682, 3, 0, 10088
2026/05/23 15:56:13.920, 0, 13, 10490
2026/05/23 15:56:13.922, 1, 0, 10088
2026/05/23 15:56:13.924, 2, 0, 10088
2026/05/23 15:56:13.925, 3, 0, 10088
2026/05/23 15:56:28.998, 0, 8, 10490
2026/05/23 15:56:28.999, 1, 0, 10088
2026/05/23 15:56:29.000, 2, 0, 10088
2026/05/23 15:56:29.001, 3, 0, 10088
2026/05/23 15:56:44.082, 0, 8, 10490
2026/05/23 15:56:44.084, 1, 0, 10088
2026/05/23 15:56:44.085, 2, 0, 10088
2026/05/23 15:56:44.087, 3, 0, 10088
2026/05/23 15:56:59.190, 0, 4, 10490
2026/05/23 15:56:59.192, 1, 0, 10088
2026/05/23 15:56:59.193, 2, 0, 10088
2026/05/23 15:56:59.195, 3, 0, 10088
2026/05/23 15:57:14.410, 0, 6, 10490
2026/05/23 15:57:14.412, 1, 87, 10088
2026/05/23 15:57:14.414, 2, 0, 10088
2026/05/23 15:57:14.415, 3, 0, 10088
2026/05/23 15:57:29.571, 0, 100, 10490
2026/05/23 15:57:29.576, 1, 100, 10088
2026/05/23 15:57:29.579, 2, 100, 10088
2026/05/23 15:57:29.675, 3, 100, 10088
2026/05/23 15:57:44.787, 0, 100, 10490
2026/05/23 15:57:44.790, 1, 91, 10088
2026/05/23 15:57:44.793, 2, 100, 10088
2026/05/23 15:57:44.796, 3, 0, 10088
2026/05/23 15:57:59.890, 0, 8, 10490
2026/05/23 15:57:59.892, 1, 0, 10088
2026/05/23 15:57:59.893, 2, 0, 10088
2026/05/23 15:57:59.895, 3, 0, 10088
2026/05/23 15:58:14.977, 0, 100, 10490
2026/05/23 15:58:14.979, 1, 95, 10088
2026/05/23 15:58:14.981, 2, 0, 10088
2026/05/23 15:58:14.982, 3, 0, 10088
2026/05/23 15:58:30.242, 0, 13, 10490
2026/05/23 15:58:30.245, 1, 0, 10088
2026/05/23 15:58:30.246, 2, 0, 10088
2026/05/23 15:58:30.248, 3, 0, 10088
2026/05/23 15:58:45.439, 0, 100, 10490
2026/05/23 15:58:45.443, 1, 0, 10088
2026/05/23 15:58:45.446, 2, 0, 10088
2026/05/23 15:58:45.449, 3, 0, 10088
2026/05/23 15:59:00.584, 0, 100, 10490
2026/05/23 15:59:00.588, 1, 100, 10088
2026/05/23 15:59:00.591, 2, 100, 10088
2026/05/23 15:59:00.594, 3, 0, 10088
2026/05/23 15:59:15.685, 0, 4, 10490
2026/05/23 15:59:15.687, 1, 0, 10088
2026/05/23 15:59:15.689, 2, 100, 10088
2026/05/23 15:59:15.690, 3, 83, 10088
2026/05/23 15:59:30.773, 0, 8, 10490
2026/05/23 15:59:30.776, 1, 0, 10088
2026/05/23 15:59:30.777, 2, 0, 10088
2026/05/23 15:59:30.779, 3, 0, 10088
2026/05/23 15:59:45.890, 0, 13, 10490
2026/05/23 15:59:45.892, 1, 0, 10088
2026/05/23 15:59:45.894, 2, 0, 10088
2026/05/23 15:59:45.895, 3, 0, 10088
2026/05/23 16:00:00.980, 0, 100, 10490
2026/05/23 16:00:00.982, 1, 0, 10088
2026/05/23 16:00:00.984, 2, 0, 10088
2026/05/23 16:00:00.986, 3, 0, 10088
2026/05/23 16:00:16.119, 0, 9, 10490
2026/05/23 16:00:16.121, 1, 0, 10088
2026/05/23 16:00:16.122, 2, 0, 10088
2026/05/23 16:00:16.124, 3, 0, 10088
2026/05/23 16:00:31.445, 0, 0, 10490
2026/05/23 16:00:31.446, 1, 0, 10088
2026/05/23 16:00:31.447, 2, 0, 10088
2026/05/23 16:00:31.448, 3, 0, 10088
2026/05/23 16:00:46.611, 0, 100, 10490
2026/05/23 16:00:46.616, 1, 0, 10088
2026/05/23 16:00:46.618, 2, 0, 10088
2026/05/23 16:00:46.619, 3, 0, 10088
2026/05/23 16:01:01.711, 0, 10, 10490
2026/05/23 16:01:01.713, 1, 0, 10088
2026/05/23 16:01:01.714, 2, 0, 10088
2026/05/23 16:01:01.715, 3, 0, 10088
2026/05/23 16:01:16.800, 0, 100, 10490
2026/05/23 16:01:16.802, 1, 100, 10088
2026/05/23 16:01:16.803, 2, 93, 10088
2026/05/23 16:01:16.804, 3, 0, 10088
2026/05/23 16:01:31.889, 0, 8, 10490
2026/05/23 16:01:31.891, 1, 0, 10088
2026/05/23 16:01:31.893, 2, 0, 10088
2026/05/23 16:01:31.894, 3, 71, 10088
2026/05/23 16:01:46.977, 0, 8, 10490
2026/05/23 16:01:46.979, 1, 0, 10088
2026/05/23 16:01:46.981, 2, 0, 10088
2026/05/23 16:01:46.982, 3, 0, 10088
2026/05/23 16:02:02.066, 0, 3, 10490
2026/05/23 16:02:02.068, 1, 0, 10088
2026/05/23 16:02:02.069, 2, 0, 10088
2026/05/23 16:02:02.071, 3, 0, 10088
2026/05/23 16:02:17.272, 0, 6, 10490
2026/05/23 16:02:17.274, 1, 0, 10088
2026/05/23 16:02:17.275, 2, 0, 10088
2026/05/23 16:02:17.276, 3, 0, 10088
2026/05/23 16:02:32.368, 0, 100, 10490
2026/05/23 16:02:32.372, 1, 100, 10088
2026/05/23 16:02:32.375, 2, 100, 10088
2026/05/23 16:02:32.378, 3, 0, 10088
2026/05/23 16:02:47.538, 0, 100, 10490
2026/05/23 16:02:47.542, 1, 0, 10088
2026/05/23 16:02:47.545, 2, 0, 10088
2026/05/23 16:02:47.549, 3, 0, 10088
2026/05/23 16:03:02.651, 0, 100, 10490
2026/05/23 16:03:02.655, 1, 0, 10088
2026/05/23 16:03:02.658, 2, 0, 10088
2026/05/23 16:03:02.660, 3, 0, 10088
2026/05/23 16:03:17.751, 0, 3, 10490
2026/05/23 16:03:17.753, 1, 0, 10088
2026/05/23 16:03:17.755, 2, 0, 10088
2026/05/23 16:03:17.757, 3, 0, 10088
2026/05/23 16:03:32.917, 0, 9, 10490
2026/05/23 16:03:32.919, 1, 0, 10088
2026/05/23 16:03:32.921, 2, 0, 10088
2026/05/23 16:03:32.922, 3, 0, 10088
2026/05/23 16:03:48.006, 0, 8, 10490
2026/05/23 16:03:48.008, 1, 0, 10088
2026/05/23 16:03:48.009, 2, 0, 10088
2026/05/23 16:03:48.011, 3, 0, 10088
2026/05/23 16:04:03.113, 0, 100, 10490
2026/05/23 16:04:03.115, 1, 0, 10088
2026/05/23 16:04:03.116, 2, 0, 10088
2026/05/23 16:04:03.118, 3, 0, 10088
2026/05/23 16:04:18.218, 0, 13, 10490
2026/05/23 16:04:18.220, 1, 0, 10088
2026/05/23 16:04:18.222, 2, 0, 10088
2026/05/23 16:04:18.223, 3, 0, 10088
2026/05/23 16:04:33.308, 0, 2, 10490
2026/05/23 16:04:33.311, 1, 0, 10088
2026/05/23 16:04:33.312, 2, 0, 10088
2026/05/23 16:04:33.314, 3, 0, 10088
2026/05/23 16:04:48.481, 0, 2, 10490
2026/05/23 16:04:48.483, 1, 0, 10088
2026/05/23 16:04:48.484, 2, 0, 10088
2026/05/23 16:04:48.486, 3, 0, 10088
2026/05/23 16:05:03.570, 0, 5, 10490
2026/05/23 16:05:03.572, 1, 100, 10088
2026/05/23 16:05:03.573, 2, 100, 10088
2026/05/23 16:05:03.575, 3, 0, 10088
2026/05/23 16:05:18.686, 0, 6, 10490
2026/05/23 16:05:18.688, 1, 0, 10088
2026/05/23 16:05:18.689, 2, 0, 10088
2026/05/23 16:05:18.690, 3, 0, 10088
2026/05/23 16:05:33.777, 0, 10, 10490
2026/05/23 16:05:33.779, 1, 0, 10088
2026/05/23 16:05:33.781, 2, 0, 10088
2026/05/23 16:05:33.782, 3, 0, 10088
2026/05/23 16:05:48.866, 0, 9, 10490
2026/05/23 16:05:48.868, 1, 0, 10088
2026/05/23 16:05:48.869, 2, 0, 10088
2026/05/23 16:05:48.870, 3, 0, 10088
2026/05/23 16:06:03.973, 0, 3, 10490
2026/05/23 16:06:03.975, 1, 0, 10088
2026/05/23 16:06:03.976, 2, 0, 10088
2026/05/23 16:06:03.978, 3, 0, 10088
2026/05/23 16:06:19.082, 0, 2, 10490
2026/05/23 16:06:19.084, 1, 0, 10088
2026/05/23 16:06:19.085, 2, 0, 10088
2026/05/23 16:06:19.086, 3, 0, 10088
2026/05/23 16:06:34.399, 0, 14, 10490
2026/05/23 16:06:34.402, 1, 0, 10088
2026/05/23 16:06:34.403, 2, 0, 10088
2026/05/23 16:06:34.404, 3, 0, 10088
2026/05/23 16:06:49.590, 0, 9, 10490
2026/05/23 16:06:49.592, 1, 0, 10088
2026/05/23 16:06:49.594, 2, 0, 10088
2026/05/23 16:06:49.595, 3, 0, 10088
2026/05/23 16:07:04.691, 0, 100, 10490
2026/05/23 16:07:04.695, 1, 0, 10088
2026/05/23 16:07:04.698, 2, 0, 10088
2026/05/23 16:07:04.701, 3, 100, 10088
2026/05/23 16:07:19.842, 0, 10, 10490
2026/05/23 16:07:19.847, 1, 1, 10088
2026/05/23 16:07:19.850, 2, 0, 10088
2026/05/23 16:07:19.853, 3, 0, 10088
2026/05/23 16:07:34.953, 0, 4, 10490
2026/05/23 16:07:34.955, 1, 0, 10088
2026/05/23 16:07:34.957, 2, 0, 10088
2026/05/23 16:07:34.958, 3, 0, 10088
2026/05/23 16:07:50.144, 0, 2, 10490
2026/05/23 16:07:50.146, 1, 0, 10088
2026/05/23 16:07:50.147, 2, 0, 10088
2026/05/23 16:07:50.149, 3, 0, 10088
2026/05/23 16:08:05.312, 0, 9, 10490
2026/05/23 16:08:05.316, 1, 100, 10088
2026/05/23 16:08:05.319, 2, 100, 10088
2026/05/23 16:08:05.321, 3, 0, 10088
2026/05/23 16:08:20.422, 0, 100, 10490
2026/05/23 16:08:20.426, 1, 0, 10088
2026/05/23 16:08:20.429, 2, 0, 10088
2026/05/23 16:08:20.432, 3, 100, 10088
2026/05/23 16:08:35.549, 0, 9, 10490
2026/05/23 16:08:35.551, 1, 0, 10088
2026/05/23 16:08:35.552, 2, 0, 10088
2026/05/23 16:08:35.554, 3, 0, 10088
2026/05/23 16:08:50.654, 0, 5, 10490
2026/05/23 16:08:50.656, 1, 0, 10088
2026/05/23 16:08:50.657, 2, 0, 10088
2026/05/23 16:08:50.659, 3, 0, 10088
2026/05/23 16:09:05.822, 0, 9, 10490
2026/05/23 16:09:05.824, 1, 0, 10088
2026/05/23 16:09:05.825, 2, 0, 10088
2026/05/23 16:09:05.826, 3, 0, 10088
2026/05/23 16:09:20.932, 0, 100, 10490
2026/05/23 16:09:20.936, 1, 100, 10088
2026/05/23 16:09:20.940, 2, 100, 10088
2026/05/23 16:09:20.943, 3, 0, 10088
2026/05/23 16:09:36.106, 0, 1, 10490
2026/05/23 16:09:36.110, 1, 0, 10088
2026/05/23 16:09:36.113, 2, 0, 10088
2026/05/23 16:09:36.115, 3, 0, 10088
2026/05/23 16:09:51.369, 0, 10, 10490
2026/05/23 16:09:51.373, 1, 0, 10088
2026/05/23 16:09:51.376, 2, 98, 10088
2026/05/23 16:09:51.379, 3, 0, 10088
2026/05/23 16:10:06.637, 0, 11, 10490
2026/05/23 16:10:06.639, 1, 0, 10088
2026/05/23 16:10:06.640, 2, 0, 10088
2026/05/23 16:10:06.641, 3, 0, 10088
2026/05/23 16:10:21.728, 0, 100, 10490
2026/05/23 16:10:21.732, 1, 100, 10088
2026/05/23 16:10:21.735, 2, 0, 10088
2026/05/23 16:10:21.738, 3, 0, 10088
2026/05/23 16:10:36.836, 0, 10, 10490
2026/05/23 16:10:36.841, 1, 100, 10088
2026/05/23 16:10:36.844, 2, 0, 10088
2026/05/23 16:10:36.847, 3, 0, 10088
2026/05/23 16:10:51.985, 0, 100, 10490
2026/05/23 16:10:51.987, 1, 100, 10088
2026/05/23 16:10:51.989, 2, 0, 10088
2026/05/23 16:10:51.990, 3, 0, 10088
2026/05/23 16:11:07.165, 0, 6, 10490
2026/05/23 16:11:07.168, 1, 0, 10088
2026/05/23 16:11:07.169, 2, 0, 10088
2026/05/23 16:11:07.170, 3, 0, 10088
2026/05/23 16:11:22.270, 0, 3, 10490
2026/05/23 16:11:22.272, 1, 0, 10088
2026/05/23 16:11:22.378, 2, 0, 10088
2026/05/23 16:11:22.379, 3, 0, 10088
2026/05/23 16:11:37.578, 0, 100, 10490
2026/05/23 16:11:37.580, 1, 100, 10088
2026/05/23 16:11:37.581, 2, 0, 10088
2026/05/23 16:11:37.582, 3, 0, 10088
2026/05/23 16:11:52.770, 0, 77, 10490
2026/05/23 16:11:52.774, 1, 100, 10088
2026/05/23 16:11:52.777, 2, 100, 10088
2026/05/23 16:11:52.780, 3, 0, 10088
2026/05/23 16:12:07.915, 0, 100, 10490
2026/05/23 16:12:07.919, 1, 100, 10088
2026/05/23 16:12:07.921, 2, 100, 10088
2026/05/23 16:12:07.924, 3, 100, 10088
2026/05/23 16:12:23.021, 0, 10, 10490
2026/05/23 16:12:23.024, 1, 0, 10088
2026/05/23 16:12:23.025, 2, 0, 10088
2026/05/23 16:12:23.026, 3, 0, 10088
2026/05/23 16:12:38.169, 0, 7, 10490
2026/05/23 16:12:38.171, 1, 0, 10088
2026/05/23 16:12:38.173, 2, 0, 10088
2026/05/23 16:12:38.174, 3, 0, 10088
2026/05/23 16:12:53.337, 0, 22, 10490
2026/05/23 16:12:53.339, 1, 0, 10088
2026/05/23 16:12:53.341, 2, 0, 10088
2026/05/23 16:12:53.342, 3, 0, 10088
2026/05/23 16:13:08.841, 0, 100, 10490
2026/05/23 16:13:08.845, 1, 100, 10088
2026/05/23 16:13:08.847, 2, 0, 10088
2026/05/23 16:13:08.850, 3, 0, 10088
2026/05/23 16:13:24.062, 0, 14, 10490
2026/05/23 16:13:24.064, 1, 0, 10088
2026/05/23 16:13:24.066, 2, 0, 10088
2026/05/23 16:13:24.067, 3, 0, 10088
2026/05/23 16:13:39.225, 0, 100, 10490
2026/05/23 16:13:39.227, 1, 100, 10088
2026/05/23 16:13:39.229, 2, 100, 10088
2026/05/23 16:13:39.230, 3, 0, 10088
2026/05/23 16:13:54.313, 0, 9, 10490
2026/05/23 16:13:54.315, 1, 0, 10088
2026/05/23 16:13:54.316, 2, 0, 10088
2026/05/23 16:13:54.318, 3, 0, 10088
2026/05/23 16:14:09.410, 0, 100, 10490
2026/05/23 16:14:09.414, 1, 100, 10088
2026/05/23 16:14:09.417, 2, 100, 10088
2026/05/23 16:14:09.419, 3, 0, 10088
2026/05/23 16:14:24.627, 0, 100, 10490
2026/05/23 16:14:24.729, 1, 0, 10088
2026/05/23 16:14:24.732, 2, 0, 10088
2026/05/23 16:14:24.736, 3, 0, 10088
2026/05/23 16:14:39.834, 0, 12, 10490
2026/05/23 16:14:39.836, 1, 0, 10088
2026/05/23 16:14:39.837, 2, 0, 10088
2026/05/23 16:14:39.838, 3, 0, 10088
2026/05/23 16:14:54.921, 0, 8, 10490
2026/05/23 16:14:54.923, 1, 0, 10088
2026/05/23 16:14:54.924, 2, 0, 10088
2026/05/23 16:14:54.926, 3, 0, 10088
2026/05/23 16:15:10.010, 0, 8, 10490
2026/05/23 16:15:10.012, 1, 0, 10088
2026/05/23 16:15:10.013, 2, 0, 10088
2026/05/23 16:15:10.015, 3, 0, 10088
2026/05/23 16:15:25.098, 0, 9, 10490
2026/05/23 16:15:25.100, 1, 0, 10088
2026/05/23 16:15:25.101, 2, 0, 10088
2026/05/23 16:15:25.103, 3, 0, 10088
2026/05/23 16:15:40.222, 0, 0, 10490
2026/05/23 16:15:40.225, 1, 0, 10088
2026/05/23 16:15:40.226, 2, 0, 10088
2026/05/23 16:15:40.228, 3, 0, 10088
2026/05/23 16:15:55.325, 0, 34, 10490
2026/05/23 16:15:55.327, 1, 100, 10088
2026/05/23 16:15:55.328, 2, 100, 10088
2026/05/23 16:15:55.330, 3, 0, 10088
2026/05/23 16:16:10.555, 0, 2, 10490
2026/05/23 16:16:10.557, 1, 0, 10088
2026/05/23 16:16:10.558, 2, 0, 10088
2026/05/23 16:16:10.560, 3, 0, 10088
2026/05/23 16:16:25.740, 0, 100, 10490
2026/05/23 16:16:25.745, 1, 100, 10088
2026/05/23 16:16:25.919, 2, 0, 10088
2026/05/23 16:16:25.921, 3, 0, 10088
2026/05/23 16:16:41.026, 0, 12, 10490
2026/05/23 16:16:41.028, 1, 0, 10088
2026/05/23 16:16:41.029, 2, 0, 10088
2026/05/23 16:16:41.031, 3, 0, 10088
2026/05/23 16:16:56.121, 0, 9, 10490
2026/05/23 16:16:56.125, 1, 0, 10088
2026/05/23 16:16:56.129, 2, 99, 10088
2026/05/23 16:16:56.132, 3, 0, 10088
2026/05/23 16:17:11.236, 0, 8, 10490
2026/05/23 16:17:11.241, 1, 0, 10088
2026/05/23 16:17:11.244, 2, 0, 10088
2026/05/23 16:17:11.247, 3, 0, 10088
2026/05/23 16:17:26.353, 0, 7, 10490
2026/05/23 16:17:26.357, 1, 0, 10088
2026/05/23 16:17:26.361, 2, 0, 10088
2026/05/23 16:17:26.363, 3, 100, 10088
2026/05/23 16:17:41.465, 0, 1, 10490
2026/05/23 16:17:41.467, 1, 0, 10088
2026/05/23 16:17:41.469, 2, 0, 10088
2026/05/23 16:17:41.470, 3, 0, 10088
2026/05/23 16:17:56.806, 0, 13, 10490
2026/05/23 16:17:56.809, 1, 0, 10088
2026/05/23 16:17:56.810, 2, 0, 10088
2026/05/23 16:17:56.811, 3, 0, 10088
2026/05/23 16:18:11.897, 0, 3, 10490
2026/05/23 16:18:11.899, 1, 0, 10088
2026/05/23 16:18:11.901, 2, 100, 10088
2026/05/23 16:18:11.902, 3, 0, 10088
2026/05/23 16:18:26.985, 0, 9, 10490
2026/05/23 16:18:26.987, 1, 0, 10088
2026/05/23 16:18:26.989, 2, 0, 10088
2026/05/23 16:18:26.990, 3, 0, 10088
2026/05/23 16:18:42.073, 0, 9, 10490
2026/05/23 16:18:42.075, 1, 0, 10088
2026/05/23 16:18:42.077, 2, 0, 10088
2026/05/23 16:18:42.078, 3, 0, 10088
2026/05/23 16:18:57.161, 0, 7, 10490
2026/05/23 16:18:57.163, 1, 0, 10088
2026/05/23 16:18:57.165, 2, 0, 10088
2026/05/23 16:18:57.166, 3, 0, 10088
2026/05/23 16:19:12.357, 0, 1, 10490
2026/05/23 16:19:12.360, 1, 0, 10088
2026/05/23 16:19:12.361, 2, 0, 10088
2026/05/23 16:19:12.362, 3, 0, 10088
2026/05/23 16:19:27.478, 0, 100, 10490
2026/05/23 16:19:27.480, 1, 100, 10088
2026/05/23 16:19:27.481, 2, 100, 10088
2026/05/23 16:19:27.482, 3, 0, 10088
2026/05/23 16:19:42.730, 0, 3, 10490
2026/05/23 16:19:42.732, 1, 0, 10088
2026/05/23 16:19:42.734, 2, 0, 10088
2026/05/23 16:19:42.735, 3, 0, 10088
2026/05/23 16:19:57.821, 0, 9, 10490
2026/05/23 16:19:57.823, 1, 0, 10088
2026/05/23 16:19:57.825, 2, 100, 10088
2026/05/23 16:19:57.826, 3, 0, 10088
2026/05/23 16:20:12.984, 0, 5, 10490
2026/05/23 16:20:12.988, 1, 100, 10088
2026/05/23 16:20:12.991, 2, 0, 10088
2026/05/23 16:20:12.995, 3, 0, 10088
2026/05/23 16:20:28.107, 0, 12, 10490
2026/05/23 16:20:28.109, 1, 0, 10088
2026/05/23 16:20:28.110, 2, 0, 10088
2026/05/23 16:20:28.112, 3, 0, 10088
2026/05/23 16:20:43.197, 0, 0, 10490
2026/05/23 16:20:43.199, 1, 0, 10088
2026/05/23 16:20:43.201, 2, 0, 10088
2026/05/23 16:20:43.202, 3, 0, 10088
2026/05/23 16:20:58.530, 0, 100, 10490
2026/05/23 16:20:58.534, 1, 100, 10088
2026/05/23 16:20:58.538, 2, 28, 10088
2026/05/23 16:20:58.542, 3, 100, 10088
2026/05/23 16:21:13.713, 0, 100, 10490
2026/05/23 16:21:13.715, 1, 100, 10088
2026/05/23 16:21:13.797, 2, 100, 10088
2026/05/23 16:21:13.798, 3, 100, 10088
2026/05/23 16:21:28.898, 0, 85, 10490
2026/05/23 16:21:28.900, 1, 0, 10088
2026/05/23 16:21:28.901, 2, 100, 10088
2026/05/23 16:21:28.902, 3, 0, 10088
2026/05/23 16:21:44.003, 0, 9, 10490
2026/05/23 16:21:44.005, 1, 0, 10088
2026/05/23 16:21:44.006, 2, 0, 10088
2026/05/23 16:21:44.007, 3, 0, 10088
2026/05/23 16:21:59.094, 0, 100, 10490
2026/05/23 16:21:59.096, 1, 100, 10088
2026/05/23 16:21:59.097, 2, 0, 10088
2026/05/23 16:21:59.098, 3, 0, 10088
2026/05/23 16:22:14.188, 0, 10, 10490
2026/05/23 16:22:14.192, 1, 98, 10088
2026/05/23 16:22:14.194, 2, 100, 10088
2026/05/23 16:22:14.196, 3, 0, 10088
2026/05/23 16:22:29.289, 0, 6, 10490
2026/05/23 16:22:29.292, 1, 0, 10088
2026/05/23 16:22:29.294, 2, 0, 10088
2026/05/23 16:22:29.295, 3, 0, 10088
2026/05/23 16:22:44.539, 0, 0, 10490
2026/05/23 16:22:44.543, 1, 100, 10088
2026/05/23 16:22:44.546, 2, 100, 10088
2026/05/23 16:22:44.549, 3, 100, 10088
2026/05/23 16:22:59.662, 0, 13, 10490
2026/05/23 16:22:59.664, 1, 0, 10088
2026/05/23 16:22:59.665, 2, 0, 10088
2026/05/23 16:22:59.666, 3, 0, 10088
2026/05/23 16:23:14.753, 0, 99, 10490
2026/05/23 16:23:14.757, 1, 0, 10088
2026/05/23 16:23:14.760, 2, 0, 10088
2026/05/23 16:23:14.762, 3, 0, 10088
2026/05/23 16:23:29.849, 0, 9, 10490
2026/05/23 16:23:29.851, 1, 0, 10088
2026/05/23 16:23:29.853, 2, 100, 10088
2026/05/23 16:23:29.854, 3, 0, 10088
2026/05/23 16:23:45.011, 0, 100, 10490
2026/05/23 16:23:45.014, 1, 100, 10088
2026/05/23 16:23:45.015, 2, 0, 10088
2026/05/23 16:23:45.016, 3, 100, 10088
2026/05/23 16:24:00.145, 0, 4, 10490
2026/05/23 16:24:00.147, 1, 0, 10088
2026/05/23 16:24:00.148, 2, 0, 10088
2026/05/23 16:24:00.150, 3, 0, 10088
2026/05/23 16:24:15.250, 0, 13, 10490
2026/05/23 16:24:15.252, 1, 0, 10088
2026/05/23 16:24:15.253, 2, 0, 10088
2026/05/23 16:24:15.254, 3, 0, 10088
2026/05/23 16:24:30.338, 0, 100, 10490
2026/05/23 16:24:30.342, 1, 100, 10088
2026/05/23 16:24:30.344, 2, 0, 10088
2026/05/23 16:24:30.345, 3, 0, 10088
2026/05/23 16:24:45.450, 0, 100, 10490
2026/05/23 16:24:45.452, 1, 100, 10088
2026/05/23 16:24:45.453, 2, 100, 10088
2026/05/23 16:24:45.454, 3, 20, 10088
2026/05/23 16:25:00.602, 0, 1, 10490
2026/05/23 16:25:00.604, 1, 100, 10088
2026/05/23 16:25:00.605, 2, 100, 10088
2026/05/23 16:25:00.606, 3, 29, 10088
2026/05/23 16:25:15.729, 0, 100, 10490
2026/05/23 16:25:15.731, 1, 100, 10088
2026/05/23 16:25:15.733, 2, 0, 10088
2026/05/23 16:25:15.734, 3, 0, 10088
2026/05/23 16:25:30.819, 0, 9, 10490
2026/05/23 16:25:30.821, 1, 0, 10088
2026/05/23 16:25:30.822, 2, 0, 10088
2026/05/23 16:25:30.824, 3, 0, 10088
2026/05/23 16:25:45.928, 0, 35, 10490
2026/05/23 16:25:45.931, 1, 0, 10088
2026/05/23 16:25:45.933, 2, 0, 10088
2026/05/23 16:25:45.934, 3, 0, 10088
2026/05/23 16:26:01.069, 0, 100, 10490
2026/05/23 16:26:01.071, 1, 0, 10088
2026/05/23 16:26:01.072, 2, 0, 10088
2026/05/23 16:26:01.074, 3, 0, 10088
2026/05/23 16:26:16.163, 0, 9, 10490
2026/05/23 16:26:16.167, 1, 0, 10088
2026/05/23 16:26:16.170, 2, 0, 10088
2026/05/23 16:26:16.171, 3, 0, 10088
2026/05/23 16:26:31.308, 0, 100, 10490
2026/05/23 16:26:31.312, 1, 100, 10088
2026/05/23 16:26:31.315, 2, 100, 10088
2026/05/23 16:26:31.318, 3, 100, 10088
2026/05/23 16:26:46.414, 0, 16, 10490
2026/05/23 16:26:46.416, 1, 0, 10088
2026/05/23 16:26:46.417, 2, 0, 10088
2026/05/23 16:26:46.419, 3, 0, 10088
2026/05/23 16:27:01.689, 0, 0, 10490
2026/05/23 16:27:01.691, 1, 100, 10088
2026/05/23 16:27:01.693, 2, 100, 10088
2026/05/23 16:27:01.694, 3, 0, 10088
2026/05/23 16:27:16.778, 0, 9, 10490
2026/05/23 16:27:16.780, 1, 100, 10088
2026/05/23 16:27:16.781, 2, 100, 10088
2026/05/23 16:27:16.782, 3, 54, 10088
2026/05/23 16:27:31.918, 0, 100, 10490
2026/05/23 16:27:31.922, 1, 100, 10088
2026/05/23 16:27:31.924, 2, 0, 10088
2026/05/23 16:27:31.928, 3, 98, 10088
2026/05/23 16:27:47.091, 0, 75, 10490
2026/05/23 16:27:47.094, 1, 100, 10088
2026/05/23 16:27:47.099, 2, 0, 10088
2026/05/23 16:27:47.100, 3, 0, 10088
2026/05/23 16:28:02.192, 0, 7, 10490
2026/05/23 16:28:02.194, 1, 0, 10088
2026/05/23 16:28:02.195, 2, 0, 10088
2026/05/23 16:28:02.197, 3, 0, 10088
2026/05/23 16:28:17.298, 0, 9, 10490
2026/05/23 16:28:17.300, 1, 0, 10088
2026/05/23 16:28:17.301, 2, 0, 10088
2026/05/23 16:28:17.302, 3, 0, 10088
2026/05/23 16:28:32.385, 0, 6, 10490
2026/05/23 16:28:32.387, 1, 0, 10088
2026/05/23 16:28:32.389, 2, 0, 10088
2026/05/23 16:28:32.390, 3, 0, 10088
2026/05/23 16:28:47.517, 0, 7, 10490
2026/05/23 16:28:47.520, 1, 0, 10088
2026/05/23 16:28:47.523, 2, 100, 10088
2026/05/23 16:28:47.526, 3, 0, 10088
2026/05/23 16:29:02.845, 0, 7, 10490
2026/05/23 16:29:02.847, 1, 0, 10088
2026/05/23 16:29:02.848, 2, 0, 10088
2026/05/23 16:29:02.849, 3, 0, 10088
2026/05/23 16:29:17.938, 0, 100, 10490
2026/05/23 16:29:17.941, 1, 100, 10088
2026/05/23 16:29:17.944, 2, 0, 10088
2026/05/23 16:29:17.947, 3, 100, 10088
2026/05/23 16:29:33.087, 0, 100, 10490
2026/05/23 16:29:33.091, 1, 100, 10088
2026/05/23 16:29:33.094, 2, 75, 10088
2026/05/23 16:29:33.098, 3, 100, 10088
2026/05/23 16:29:48.190, 0, 100, 10490
2026/05/23 16:29:48.192, 1, 0, 10088
2026/05/23 16:29:48.193, 2, 0, 10088
2026/05/23 16:29:48.194, 3, 0, 10088
2026/05/23 16:30:03.277, 0, 4, 10490
2026/05/23 16:30:03.279, 1, 0, 10088
2026/05/23 16:30:03.281, 2, 0, 10088
2026/05/23 16:30:03.282, 3, 0, 10088
2026/05/23 16:30:18.393, 0, 7, 10490
2026/05/23 16:30:18.396, 1, 0, 10088
2026/05/23 16:30:18.397, 2, 0, 10088
2026/05/23 16:30:18.398, 3, 0, 10088
2026/05/23 16:30:33.682, 0, 100, 10490
2026/05/23 16:30:33.686, 1, 0, 10088
2026/05/23 16:30:33.689, 2, 77, 10088
2026/05/23 16:30:33.692, 3, 0, 10088
2026/05/23 16:30:48.785, 0, 9, 10490
2026/05/23 16:30:48.787, 1, 0, 10088
2026/05/23 16:30:48.789, 2, 0, 10088
2026/05/23 16:30:48.790, 3, 0, 10088
2026/05/23 16:31:03.873, 0, 7, 10490
2026/05/23 16:31:03.875, 1, 0, 10088
2026/05/23 16:31:03.877, 2, 0, 10088
2026/05/23 16:31:03.878, 3, 0, 10088
2026/05/23 16:31:19.010, 0, 100, 10490
2026/05/23 16:31:19.012, 1, 0, 10088
2026/05/23 16:31:19.013, 2, 100, 10088
2026/05/23 16:31:19.014, 3, 0, 10088
2026/05/23 16:31:34.115, 0, 4, 10490
2026/05/23 16:31:34.117, 1, 0, 10088
2026/05/23 16:31:34.118, 2, 0, 10088
2026/05/23 16:31:34.120, 3, 0, 10088
2026/05/23 16:31:49.496, 0, 100, 10490
2026/05/23 16:31:49.497, 1, 100, 10088
2026/05/23 16:31:49.500, 2, 88, 10088
2026/05/23 16:31:49.502, 3, 97, 10088
2026/05/23 16:32:04.602, 0, 8, 10490
2026/05/23 16:32:04.604, 1, 0, 10088
2026/05/23 16:32:04.605, 2, 0, 10088
2026/05/23 16:32:04.606, 3, 0, 10088
2026/05/23 16:32:19.689, 0, 8, 10490
2026/05/23 16:32:19.691, 1, 0, 10088
2026/05/23 16:32:19.692, 2, 0, 10088
2026/05/23 16:32:19.694, 3, 0, 10088
2026/05/23 16:32:34.794, 0, 13, 10490
2026/05/23 16:32:34.796, 1, 0, 10088
2026/05/23 16:32:34.798, 2, 0, 10088
2026/05/23 16:32:34.799, 3, 0, 10088
2026/05/23 16:32:49.894, 0, 10, 10490
2026/05/23 16:32:49.897, 1, 0, 10088
2026/05/23 16:32:49.900, 2, 0, 10088
2026/05/23 16:32:49.903, 3, 0, 10088
2026/05/23 16:33:05.052, 0, 4, 10490
2026/05/23 16:33:05.055, 1, 100, 10088
2026/05/23 16:33:05.058, 2, 0, 10088
2026/05/23 16:33:05.061, 3, 0, 10088
2026/05/23 16:33:20.164, 0, 9, 10490
2026/05/23 16:33:20.169, 1, 99, 10088
2026/05/23 16:33:20.171, 2, 100, 10088
2026/05/23 16:33:20.174, 3, 0, 10088
2026/05/23 16:33:35.265, 0, 9, 10490
2026/05/23 16:33:35.267, 1, 0, 10088
2026/05/23 16:33:35.268, 2, 0, 10088
2026/05/23 16:33:35.270, 3, 0, 10088
2026/05/23 16:33:50.375, 0, 8, 10490
2026/05/23 16:33:50.377, 1, 0, 10088
2026/05/23 16:33:50.378, 2, 0, 10088
2026/05/23 16:33:50.379, 3, 0, 10088
2026/05/23 16:34:05.465, 0, 9, 10490
2026/05/23 16:34:05.467, 1, 0, 10088
2026/05/23 16:34:05.469, 2, 0, 10088
2026/05/23 16:34:05.470, 3, 0, 10088
2026/05/23 16:34:20.673, 0, 2, 10490
2026/05/23 16:34:20.675, 1, 0, 10088
2026/05/23 16:34:20.771, 2, 0, 10088
2026/05/23 16:34:20.773, 3, 0, 10088
2026/05/23 16:34:35.865, 0, 100, 10490
2026/05/23 16:34:35.870, 1, 100, 10088
2026/05/23 16:34:35.873, 2, 100, 10088
2026/05/23 16:34:35.875, 3, 100, 10088
2026/05/23 16:34:50.978, 0, 100, 10490
2026/05/23 16:34:50.982, 1, 100, 10088
2026/05/23 16:34:50.985, 2, 0, 10088
2026/05/23 16:34:50.987, 3, 0, 10088
2026/05/23 16:35:06.203, 0, 12, 10490
2026/05/23 16:35:06.206, 1, 0, 10088
2026/05/23 16:35:06.207, 2, 0, 10088
2026/05/23 16:35:06.209, 3, 0, 10088
2026/05/23 16:35:21.301, 0, 100, 10490
2026/05/23 16:35:21.304, 1, 100, 10088
2026/05/23 16:35:21.305, 2, 100, 10088
2026/05/23 16:35:21.306, 3, 100, 10088
2026/05/23 16:35:36.436, 0, 100, 10490
2026/05/23 16:35:36.440, 1, 100, 10088
2026/05/23 16:35:36.442, 2, 76, 10088
2026/05/23 16:35:36.445, 3, 100, 10088
2026/05/23 16:35:51.558, 0, 9, 10490
2026/05/23 16:35:51.560, 1, 0, 10088
2026/05/23 16:35:51.561, 2, 0, 10088
2026/05/23 16:35:51.563, 3, 0, 10088
2026/05/23 16:36:06.665, 0, 12, 10490
2026/05/23 16:36:06.667, 1, 0, 10088
2026/05/23 16:36:06.669, 2, 0, 10088
2026/05/23 16:36:06.670, 3, 0, 10088
2026/05/23 16:36:21.919, 0, 100, 10490
2026/05/23 16:36:21.923, 1, 0, 10088
2026/05/23 16:36:21.926, 2, 0, 10088
2026/05/23 16:36:21.928, 3, 0, 10088
2026/05/23 16:36:37.030, 0, 9, 10490
2026/05/23 16:36:37.032, 1, 0, 10088
2026/05/23 16:36:37.033, 2, 100, 10088
2026/05/23 16:36:37.034, 3, 0, 10088
2026/05/23 16:36:52.126, 0, 100, 10490
2026/05/23 16:36:52.129, 1, 100, 10088
2026/05/23 16:36:52.131, 2, 100, 10088
2026/05/23 16:36:52.134, 3, 100, 10088
2026/05/23 16:37:07.238, 0, 6, 10490
2026/05/23 16:37:07.242, 1, 0, 10088
2026/05/23 16:37:07.245, 2, 100, 10088
2026/05/23 16:37:07.248, 3, 0, 10088
2026/05/23 16:37:22.441, 0, 5, 10490
2026/05/23 16:37:22.444, 1, 0, 10088
2026/05/23 16:37:22.445, 2, 0, 10088
2026/05/23 16:37:22.446, 3, 0, 10088
2026/05/23 16:37:37.529, 0, 9, 10490
2026/05/23 16:37:37.531, 1, 0, 10088
2026/05/23 16:37:37.532, 2, 0, 10088
2026/05/23 16:37:37.534, 3, 0, 10088
2026/05/23 16:37:52.634, 0, 2, 10490
2026/05/23 16:37:52.636, 1, 0, 10088
2026/05/23 16:37:52.637, 2, 0, 10088
2026/05/23 16:37:52.638, 3, 0, 10088
2026/05/23 16:38:07.721, 0, 10, 10490
2026/05/23 16:38:07.724, 1, 0, 10088
2026/05/23 16:38:07.725, 2, 0, 10088
2026/05/23 16:38:07.726, 3, 0, 10088
2026/05/23 16:38:22.875, 0, 100, 10490
2026/05/23 16:38:22.879, 1, 100, 10088
2026/05/23 16:38:22.883, 2, 0, 10088
2026/05/23 16:38:22.885, 3, 100, 10088
2026/05/23 16:38:38.202, 0, 13, 10490
2026/05/23 16:38:38.204, 1, 0, 10088
2026/05/23 16:38:38.205, 2, 0, 10088
2026/05/23 16:38:38.207, 3, 0, 10088
2026/05/23 16:38:53.324, 0, 10, 10490
2026/05/23 16:38:53.328, 1, 0, 10088
2026/05/23 16:38:53.330, 2, 100, 10088
2026/05/23 16:38:53.333, 3, 0, 10088
2026/05/23 16:39:08.540, 0, 71, 10490
2026/05/23 16:39:08.543, 1, 100, 10088
2026/05/23 16:39:08.545, 2, 100, 10088
2026/05/23 16:39:08.547, 3, 100, 10088
2026/05/23 16:39:23.748, 0, 89, 10490
2026/05/23 16:39:23.752, 1, 100, 10088
2026/05/23 16:39:23.756, 2, 0, 10088
2026/05/23 16:39:23.759, 3, 0, 10088
2026/05/23 16:39:39.070, 0, 12, 10490
2026/05/23 16:39:39.214, 1, 0, 10088
2026/05/23 16:39:39.215, 2, 0, 10088
2026/05/23 16:39:39.217, 3, 0, 10088
2026/05/23 16:39:54.322, 0, 5, 10490
2026/05/23 16:39:54.326, 1, 0, 10088
2026/05/23 16:39:54.327, 2, 0, 10088
2026/05/23 16:39:54.329, 3, 0, 10088
2026/05/23 16:40:09.417, 0, 8, 10490
2026/05/23 16:40:09.419, 1, 0, 10088
2026/05/23 16:40:09.420, 2, 0, 10088
2026/05/23 16:40:09.422, 3, 21, 10088
2026/05/23 16:40:24.605, 0, 100, 10490
2026/05/23 16:40:24.607, 1, 0, 10088
2026/05/23 16:40:24.609, 2, 0, 10088
2026/05/23 16:40:24.610, 3, 0, 10088
2026/05/23 16:40:39.694, 0, 86, 10490
2026/05/23 16:40:39.696, 1, 100, 10088
2026/05/23 16:40:39.697, 2, 100, 10088
2026/05/23 16:40:39.698, 3, 0, 10088
2026/05/23 16:40:54.799, 0, 13, 10490
2026/05/23 16:40:54.801, 1, 0, 10088
2026/05/23 16:40:54.802, 2, 0, 10088
2026/05/23 16:40:54.804, 3, 0, 10088
2026/05/23 16:41:09.896, 0, 100, 10490
2026/05/23 16:41:09.900, 1, 0, 10088
2026/05/23 16:41:09.902, 2, 0, 10088
2026/05/23 16:41:09.903, 3, 0, 10088
2026/05/23 16:41:25.054, 0, 2, 10490
2026/05/23 16:41:25.056, 1, 0, 10088
2026/05/23 16:41:25.057, 2, 0, 10088
2026/05/23 16:41:25.058, 3, 0, 10088
2026/05/23 16:41:40.328, 0, 10, 10490
2026/05/23 16:41:40.332, 1, 100, 10088
2026/05/23 16:41:40.336, 2, 0, 10088
2026/05/23 16:41:40.337, 3, 0, 10088
2026/05/23 16:41:55.429, 0, 8, 10490
2026/05/23 16:41:55.432, 1, 0, 10088
2026/05/23 16:41:55.433, 2, 0, 10088
2026/05/23 16:41:55.434, 3, 0, 10088
2026/05/23 16:42:10.534, 0, 12, 10490
2026/05/23 16:42:10.536, 1, 0, 10088
2026/05/23 16:42:10.537, 2, 0, 10088
2026/05/23 16:42:10.539, 3, 0, 10088
2026/05/23 16:42:25.725, 0, 2, 10490
2026/05/23 16:42:25.727, 1, 0, 10088
2026/05/23 16:42:25.788, 2, 0, 10088
2026/05/23 16:42:25.789, 3, 0, 10088
2026/05/23 16:42:41.006, 0, 6, 10490
2026/05/23 16:42:41.008, 1, 0, 10088
2026/05/23 16:42:41.009, 2, 0, 10088
2026/05/23 16:42:41.010, 3, 0, 10088
2026/05/23 16:42:56.098, 0, 100, 10490
2026/05/23 16:42:56.102, 1, 100, 10088
2026/05/23 16:42:56.104, 2, 0, 10088
2026/05/23 16:42:56.106, 3, 0, 10088
2026/05/23 16:43:11.214, 0, 100, 10490
2026/05/23 16:43:11.219, 1, 100, 10088
2026/05/23 16:43:11.222, 2, 100, 10088
2026/05/23 16:43:11.225, 3, 100, 10088
2026/05/23 16:43:26.357, 0, 6, 10490
2026/05/23 16:43:26.360, 1, 0, 10088
2026/05/23 16:43:26.361, 2, 0, 10088
2026/05/23 16:43:26.363, 3, 0, 10088
2026/05/23 16:43:41.647, 0, 9, 10490
2026/05/23 16:43:41.649, 1, 0, 10088
2026/05/23 16:43:41.650, 2, 0, 10088
2026/05/23 16:43:41.651, 3, 0, 10088
2026/05/23 16:43:56.733, 0, 9, 10490
2026/05/23 16:43:56.735, 1, 0, 10088
2026/05/23 16:43:56.737, 2, 0, 10088
2026/05/23 16:43:56.738, 3, 0, 10088
2026/05/23 16:44:11.826, 0, 12, 10490
2026/05/23 16:44:11.829, 1, 0, 10088
2026/05/23 16:44:11.831, 2, 0, 10088
2026/05/23 16:44:11.832, 3, 0, 10088
2026/05/23 16:44:27.009, 0, 10, 10490
2026/05/23 16:44:27.011, 1, 0, 10088
2026/05/23 16:44:27.013, 2, 0, 10088
2026/05/23 16:44:27.014, 3, 0, 10088
2026/05/23 16:44:42.143, 0, 2, 10490
2026/05/23 16:44:42.145, 1, 0, 10088
2026/05/23 16:44:42.146, 2, 0, 10088
2026/05/23 16:44:42.148, 3, 0, 10088
2026/05/23 16:44:57.624, 0, 100, 10490
2026/05/23 16:44:57.627, 1, 64, 10088
2026/05/23 16:44:57.630, 2, 100, 10088
2026/05/23 16:44:57.632, 3, 100, 10088
2026/05/23 16:45:12.726, 0, 100, 10490
2026/05/23 16:45:12.728, 1, 100, 10088
2026/05/23 16:45:12.729, 2, 100, 10088
2026/05/23 16:45:12.730, 3, 20, 10088
2026/05/23 16:45:27.830, 0, 8, 10490
2026/05/23 16:45:27.832, 1, 0, 10088
2026/05/23 16:45:27.833, 2, 0, 10088
2026/05/23 16:45:27.834, 3, 0, 10088
2026/05/23 16:45:42.923, 0, 10, 10490
2026/05/23 16:45:42.927, 1, 0, 10088
2026/05/23 16:45:42.930, 2, 0, 10088
2026/05/23 16:45:42.931, 3, 0, 10088
2026/05/23 16:45:58.038, 0, 13, 10490
2026/05/23 16:45:58.040, 1, 0, 10088
2026/05/23 16:45:58.041, 2, 0, 10088
2026/05/23 16:45:58.042, 3, 0, 10088
2026/05/23 16:46:13.229, 0, 3, 10490
2026/05/23 16:46:13.231, 1, 0, 10088
2026/05/23 16:46:13.233, 2, 0, 10088
2026/05/23 16:46:13.234, 3, 0, 10088
2026/05/23 16:46:28.516, 0, 100, 10490
2026/05/23 16:46:28.517, 1, 100, 10088
2026/05/23 16:46:28.518, 2, 100, 10088
2026/05/23 16:46:28.519, 3, 100, 10088
2026/05/23 16:46:43.614, 0, 8, 10490
2026/05/23 16:46:43.616, 1, 0, 10088
2026/05/23 16:46:43.617, 2, 0, 10088
2026/05/23 16:46:43.618, 3, 0, 10088
2026/05/23 16:46:58.718, 0, 8, 10490
2026/05/23 16:46:58.720, 1, 0, 10088
2026/05/23 16:46:58.721, 2, 0, 10088
2026/05/23 16:46:58.723, 3, 0, 10088
2026/05/23 16:47:13.807, 0, 10, 10490
2026/05/23 16:47:13.809, 1, 0, 10088
2026/05/23 16:47:13.811, 2, 0, 10088
2026/05/23 16:47:13.813, 3, 0, 10088
2026/05/23 16:47:28.897, 0, 0, 10490
2026/05/23 16:47:28.900, 1, 0, 10088
2026/05/23 16:47:28.901, 2, 0, 10088
2026/05/23 16:47:28.902, 3, 0, 10088
2026/05/23 16:47:43.985, 0, 9, 10490
2026/05/23 16:47:43.987, 1, 70, 10088
2026/05/23 16:47:43.989, 2, 100, 10088
2026/05/23 16:47:43.990, 3, 4, 10088
2026/05/23 16:47:59.169, 0, 100, 10490
2026/05/23 16:47:59.171, 1, 59, 10088
2026/05/23 16:47:59.173, 2, 100, 10088
2026/05/23 16:47:59.174, 3, 0, 10088
2026/05/23 16:48:14.266, 0, 65, 10490
2026/05/23 16:48:14.270, 1, 100, 10088
2026/05/23 16:48:14.273, 2, 100, 10088
2026/05/23 16:48:14.278, 3, 100, 10088
2026/05/23 16:48:29.390, 0, 13, 10490
2026/05/23 16:48:29.392, 1, 0, 10088
2026/05/23 16:48:29.394, 2, 0, 10088
2026/05/23 16:48:29.395, 3, 0, 10088
2026/05/23 16:48:44.482, 0, 100, 10490
2026/05/23 16:48:44.484, 1, 100, 10088
2026/05/23 16:48:44.485, 2, 0, 10088
2026/05/23 16:48:44.486, 3, 0, 10088
2026/05/23 16:48:59.569, 0, 9, 10490
2026/05/23 16:48:59.571, 1, 0, 10088
2026/05/23 16:48:59.573, 2, 0, 10088
2026/05/23 16:48:59.574, 3, 0, 10088
2026/05/23 16:49:14.739, 0, 77, 10490
2026/05/23 16:49:14.742, 1, 100, 10088
2026/05/23 16:49:14.745, 2, 100, 10088
2026/05/23 16:49:14.749, 3, 0, 10088
2026/05/23 16:49:29.894, 0, 10, 10490
2026/05/23 16:49:29.897, 1, 0, 10088
2026/05/23 16:49:29.898, 2, 0, 10088
2026/05/23 16:49:29.899, 3, 0, 10088
2026/05/23 16:49:44.988, 0, 8, 10490
2026/05/23 16:49:44.990, 1, 0, 10088
2026/05/23 16:49:44.992, 2, 0, 10088
2026/05/23 16:49:44.994, 3, 0, 10088
2026/05/23 16:50:00.081, 0, 9, 10490
2026/05/23 16:50:00.083, 1, 0, 10088
2026/05/23 16:50:00.084, 2, 0, 10088
2026/05/23 16:50:00.086, 3, 0, 10088
2026/05/23 16:50:15.169, 0, 8, 10490
2026/05/23 16:50:15.171, 1, 0, 10088
2026/05/23 16:50:15.173, 2, 0, 10088
2026/05/23 16:50:15.174, 3, 0, 10088
2026/05/23 16:50:30.274, 0, 10, 10490
2026/05/23 16:50:30.276, 1, 0, 10088
2026/05/23 16:50:30.277, 2, 0, 10088
2026/05/23 16:50:30.279, 3, 0, 10088
2026/05/23 16:50:45.578, 0, 19, 10490
2026/05/23 16:50:45.580, 1, 0, 10088
2026/05/23 16:50:45.582, 2, 0, 10088
2026/05/23 16:50:45.583, 3, 0, 10088
2026/05/23 16:51:00.757, 0, 8, 10490
2026/05/23 16:51:00.760, 1, 0, 10088
2026/05/23 16:51:00.761, 2, 0, 10088
2026/05/23 16:51:00.762, 3, 0, 10088
2026/05/23 16:51:15.845, 0, 9, 10490
2026/05/23 16:51:15.847, 1, 0, 10088
2026/05/23 16:51:15.849, 2, 0, 10088
2026/05/23 16:51:15.850, 3, 0, 10088
2026/05/23 16:51:30.933, 0, 9, 10490
2026/05/23 16:51:30.935, 1, 100, 10088
2026/05/23 16:51:30.937, 2, 100, 10088
2026/05/23 16:51:30.938, 3, 0, 10088
2026/05/23 16:51:46.062, 0, 100, 10490
2026/05/23 16:51:46.066, 1, 100, 10088
2026/05/23 16:51:46.069, 2, 89, 10088
2026/05/23 16:51:46.070, 3, 100, 10088
2026/05/23 16:52:01.170, 0, 15, 10490
2026/05/23 16:52:01.172, 1, 0, 10088
2026/05/23 16:52:01.173, 2, 0, 10088
2026/05/23 16:52:01.174, 3, 0, 10088
2026/05/23 16:52:16.267, 0, 100, 10490
2026/05/23 16:52:16.272, 1, 68, 10088
2026/05/23 16:52:16.275, 2, 53, 10088
2026/05/23 16:52:16.277, 3, 0, 10088
2026/05/23 16:52:31.667, 0, 100, 10490
2026/05/23 16:52:31.669, 1, 100, 10088
2026/05/23 16:52:31.670, 2, 100, 10088
2026/05/23 16:52:31.671, 3, 0, 10088
2026/05/23 16:52:46.932, 0, 100, 10490
2026/05/23 16:52:46.935, 1, 0, 10088
2026/05/23 16:52:46.938, 2, 100, 10088
2026/05/23 16:52:46.940, 3, 0, 10088
2026/05/23 16:53:02.029, 0, 6, 10490
2026/05/23 16:53:02.032, 1, 0, 10088
2026/05/23 16:53:02.033, 2, 0, 10088
2026/05/23 16:53:02.034, 3, 0, 10088
2026/05/23 16:53:17.141, 0, 9, 10490
2026/05/23 16:53:17.145, 1, 0, 10088
2026/05/23 16:53:17.148, 2, 0, 10088
2026/05/23 16:53:17.152, 3, 0, 10088
2026/05/23 16:53:32.277, 0, 100, 10490
2026/05/23 16:53:32.279, 1, 100, 10088
2026/05/23 16:53:32.280, 2, 0, 10088
2026/05/23 16:53:32.282, 3, 0, 10088
2026/05/23 16:53:47.386, 0, 100, 10490
2026/05/23 16:53:47.388, 1, 100, 10088
2026/05/23 16:53:47.389, 2, 100, 10088
2026/05/23 16:53:47.389, 3, 100, 10088
2026/05/23 16:54:02.537, 0, 7, 10490
2026/05/23 16:54:02.539, 1, 0, 10088
2026/05/23 16:54:02.540, 2, 0, 10088
2026/05/23 16:54:02.542, 3, 0, 10088
2026/05/23 16:54:17.795, 0, 13, 10490
2026/05/23 16:54:17.798, 1, 0, 10088
2026/05/23 16:54:17.799, 2, 0, 10088
2026/05/23 16:54:17.800, 3, 0, 10088
2026/05/23 16:54:32.885, 0, 9, 10490
2026/05/23 16:54:32.887, 1, 0, 10088
2026/05/23 16:54:32.889, 2, 0, 10088
2026/05/23 16:54:32.890, 3, 0, 10088
2026/05/23 16:54:47.974, 0, 9, 10490
2026/05/23 16:54:47.976, 1, 100, 10088
2026/05/23 16:54:47.978, 2, 100, 10088
2026/05/23 16:54:47.979, 3, 0, 10088
2026/05/23 16:55:03.107, 0, 100, 10490
2026/05/23 16:55:03.110, 1, 0, 10088
2026/05/23 16:55:03.112, 2, 0, 10088
2026/05/23 16:55:03.113, 3, 0, 10088
2026/05/23 16:55:18.258, 0, 100, 10490
2026/05/23 16:55:18.260, 1, 100, 10088
2026/05/23 16:55:18.261, 2, 0, 10088
2026/05/23 16:55:18.262, 3, 0, 10088
2026/05/23 16:55:33.386, 0, 10, 10490
2026/05/23 16:55:33.388, 1, 0, 10088
2026/05/23 16:55:33.389, 2, 0, 10088
2026/05/23 16:55:33.390, 3, 0, 10088
2026/05/23 16:55:48.548, 0, 9, 10490
2026/05/23 16:55:48.552, 1, 96, 10088
2026/05/23 16:55:48.554, 2, 0, 10088
2026/05/23 16:55:48.555, 3, 0, 10088
2026/05/23 16:56:03.652, 0, 9, 10490
2026/05/23 16:56:03.656, 1, 0, 10088
2026/05/23 16:56:03.659, 2, 0, 10088
2026/05/23 16:56:03.660, 3, 0, 10088
2026/05/23 16:56:18.753, 0, 100, 10490
2026/05/23 16:56:18.755, 1, 100, 10088
2026/05/23 16:56:18.757, 2, 100, 10088
2026/05/23 16:56:18.758, 3, 0, 10088
2026/05/23 16:56:33.858, 0, 13, 10490
2026/05/23 16:56:33.861, 1, 0, 10088
2026/05/23 16:56:33.862, 2, 0, 10088
2026/05/23 16:56:33.863, 3, 0, 10088
2026/05/23 16:56:48.949, 0, 9, 10490
2026/05/23 16:56:48.951, 1, 0, 10088
2026/05/23 16:56:48.952, 2, 0, 10088
2026/05/23 16:56:48.954, 3, 0, 10088
2026/05/23 16:57:04.111, 0, 100, 10490
2026/05/23 16:57:04.114, 1, 100, 10088
2026/05/23 16:57:04.118, 2, 0, 10088
2026/05/23 16:57:04.119, 3, 0, 10088
2026/05/23 16:57:19.286, 0, 0, 10490
2026/05/23 16:57:19.288, 1, 0, 10088
2026/05/23 16:57:19.289, 2, 0, 10088
2026/05/23 16:57:19.290, 3, 0, 10088
2026/05/23 16:57:34.390, 0, 22, 10490
2026/05/23 16:57:34.393, 1, 0, 10088
2026/05/23 16:57:34.394, 2, 0, 10088
2026/05/23 16:57:34.396, 3, 100, 10088
2026/05/23 16:57:49.482, 0, 10, 10490
2026/05/23 16:57:49.484, 1, 0, 10088
2026/05/23 16:57:49.485, 2, 0, 10088
2026/05/23 16:57:49.486, 3, 0, 10088
2026/05/23 16:58:04.574, 0, 100, 10490
2026/05/23 16:58:04.576, 1, 100, 10088
2026/05/23 16:58:04.578, 2, 0, 10088
2026/05/23 16:58:04.579, 3, 0, 10088
2026/05/23 16:58:19.665, 0, 0, 10490
2026/05/23 16:58:19.667, 1, 0, 10088
2026/05/23 16:58:19.669, 2, 0, 10088
2026/05/23 16:58:19.670, 3, 0, 10088
2026/05/23 16:58:34.773, 0, 9, 10490
2026/05/23 16:58:34.775, 1, 0, 10088
2026/05/23 16:58:34.776, 2, 0, 10088
2026/05/23 16:58:34.778, 3, 0, 10088
2026/05/23 16:58:49.878, 0, 11, 10490
2026/05/23 16:58:49.880, 1, 0, 10088
2026/05/23 16:58:49.882, 2, 0, 10088
2026/05/23 16:58:49.883, 3, 0, 10088
2026/05/23 16:59:04.980, 0, 100, 10490
2026/05/23 16:59:04.983, 1, 0, 10088
2026/05/23 16:59:04.986, 2, 0, 10088
2026/05/23 16:59:04.988, 3, 97, 10088
2026/05/23 16:59:20.162, 0, 0, 10490
2026/05/23 16:59:20.164, 1, 0, 10088
2026/05/23 16:59:20.165, 2, 0, 10088
2026/05/23 16:59:20.166, 3, 0, 10088
2026/05/23 16:59:35.250, 0, 100, 10490
2026/05/23 16:59:35.252, 1, 0, 10088
2026/05/23 16:59:35.253, 2, 100, 10088
2026/05/23 16:59:35.254, 3, 100, 10088
2026/05/23 16:59:50.354, 0, 12, 10490
2026/05/23 16:59:50.356, 1, 0, 10088
2026/05/23 16:59:50.357, 2, 0, 10088
2026/05/23 16:59:50.359, 3, 0, 10088
2026/05/23 17:00:05.523, 0, 7, 10490
2026/05/23 17:00:05.527, 1, 100, 10088
2026/05/23 17:00:05.530, 2, 0, 10088
2026/05/23 17:00:05.531, 3, 0, 10088
2026/05/23 17:00:20.859, 0, 0, 10490
2026/05/23 17:00:20.861, 1, 0, 10088
2026/05/23 17:00:20.862, 2, 0, 10088
2026/05/23 17:00:20.864, 3, 0, 10088
2026/05/23 17:00:35.958, 0, 100, 10490
2026/05/23 17:00:35.962, 1, 0, 10088
2026/05/23 17:00:35.965, 2, 0, 10088
2026/05/23 17:00:36.010, 3, 100, 10088
2026/05/23 17:00:51.105, 0, 8, 10490
2026/05/23 17:00:51.107, 1, 0, 10088
2026/05/23 17:00:51.109, 2, 0, 10088
2026/05/23 17:00:51.110, 3, 0, 10088
2026/05/23 17:01:06.230, 0, 13, 10490
2026/05/23 17:01:06.233, 1, 0, 10088
2026/05/23 17:01:06.234, 2, 0, 10088
2026/05/23 17:01:06.235, 3, 0, 10088
2026/05/23 17:01:21.364, 0, 8, 10490
2026/05/23 17:01:21.368, 1, 0, 10088
2026/05/23 17:01:21.369, 2, 0, 10088
2026/05/23 17:01:21.371, 3, 0, 10088
2026/05/23 17:01:36.474, 0, 100, 10490
2026/05/23 17:01:36.476, 1, 100, 10088
2026/05/23 17:01:36.477, 2, 68, 10088
2026/05/23 17:01:36.479, 3, 53, 10088
2026/05/23 17:01:51.652, 0, 3, 10490
2026/05/23 17:01:51.654, 1, 0, 10088
2026/05/23 17:01:51.655, 2, 0, 10088
2026/05/23 17:01:51.657, 3, 0, 10088
2026/05/23 17:02:06.964, 0, 100, 10490
2026/05/23 17:02:06.967, 1, 0, 10088
2026/05/23 17:02:06.970, 2, 0, 10088
2026/05/23 17:02:06.971, 3, 0, 10088
2026/05/23 17:02:22.079, 0, 13, 10490
2026/05/23 17:02:22.081, 1, 0, 10088
2026/05/23 17:02:22.083, 2, 0, 10088
2026/05/23 17:02:22.084, 3, 0, 10088
2026/05/23 17:02:37.206, 0, 100, 10490
2026/05/23 17:02:37.208, 1, 3, 10088
2026/05/23 17:02:37.209, 2, 100, 10088
2026/05/23 17:02:37.210, 3, 100, 10088
2026/05/23 17:02:52.293, 0, 8, 10490
2026/05/23 17:02:52.295, 1, 0, 10088
2026/05/23 17:02:52.296, 2, 0, 10088
2026/05/23 17:02:52.298, 3, 0, 10088
2026/05/23 17:03:07.451, 0, 4, 10490
2026/05/23 17:03:07.455, 1, 100, 10088
2026/05/23 17:03:07.458, 2, 0, 10088
2026/05/23 17:03:07.460, 3, 0, 10088
2026/05/23 17:03:22.570, 0, 4, 10490
2026/05/23 17:03:22.573, 1, 0, 10088
2026/05/23 17:03:22.574, 2, 0, 10088
2026/05/23 17:03:22.575, 3, 0, 10088
2026/05/23 17:03:37.920, 0, 4, 10490
2026/05/23 17:03:37.923, 1, 0, 10088
2026/05/23 17:03:37.924, 2, 0, 10088
2026/05/23 17:03:37.925, 3, 0, 10088
2026/05/23 17:03:53.414, 0, 8, 10490
2026/05/23 17:03:53.416, 1, 0, 10088
2026/05/23 17:03:53.417, 2, 0, 10088
2026/05/23 17:03:53.419, 3, 0, 10088
2026/05/23 17:04:08.518, 0, 61, 10490
2026/05/23 17:04:08.520, 1, 0, 10088
2026/05/23 17:04:08.521, 2, 0, 10088
2026/05/23 17:04:08.522, 3, 0, 10088
2026/05/23 17:04:23.605, 0, 8, 10490
2026/05/23 17:04:23.608, 1, 0, 10088
2026/05/23 17:04:23.609, 2, 0, 10088
2026/05/23 17:04:23.610, 3, 0, 10088
2026/05/23 17:04:38.710, 0, 16, 10490
2026/05/23 17:04:38.713, 1, 0, 10088
2026/05/23 17:04:38.714, 2, 0, 10088
2026/05/23 17:04:38.716, 3, 0, 10088
2026/05/23 17:04:53.803, 0, 100, 10490
2026/05/23 17:04:53.805, 1, 100, 10088
2026/05/23 17:04:53.806, 2, 100, 10088
2026/05/23 17:04:53.807, 3, 0, 10088
2026/05/23 17:05:08.941, 0, 0, 10490
2026/05/23 17:05:08.943, 1, 100, 10088
2026/05/23 17:05:08.944, 2, 100, 10088
2026/05/23 17:05:08.946, 3, 100, 10088
2026/05/23 17:05:24.029, 0, 4, 10490
2026/05/23 17:05:24.032, 1, 100, 10088
2026/05/23 17:05:24.033, 2, 100, 10088
2026/05/23 17:05:24.034, 3, 100, 10088
2026/05/23 17:05:39.118, 0, 9, 10490
2026/05/23 17:05:39.120, 1, 100, 10088
2026/05/23 17:05:39.121, 2, 0, 10088
2026/05/23 17:05:39.123, 3, 0, 10088
2026/05/23 17:05:54.202, 0, 11, 10490
2026/05/23 17:05:54.204, 1, 0, 10088
2026/05/23 17:05:54.205, 2, 0, 10088
2026/05/23 17:05:54.207, 3, 0, 10088
2026/05/23 17:06:09.350, 0, 10, 10490
2026/05/23 17:06:09.354, 1, 100, 10088
2026/05/23 17:06:09.357, 2, 100, 10088
2026/05/23 17:06:09.361, 3, 0, 10088
2026/05/23 17:06:24.474, 0, 2, 10490
2026/05/23 17:06:24.476, 1, 0, 10088
2026/05/23 17:06:24.477, 2, 0, 10088
2026/05/23 17:06:24.478, 3, 0, 10088
2026/05/23 17:06:39.694, 0, 3, 10490
2026/05/23 17:06:39.696, 1, 0, 10088
2026/05/23 17:06:39.697, 2, 0, 10088
2026/05/23 17:06:39.698, 3, 0, 10088
2026/05/23 17:06:54.866, 0, 12, 10490
2026/05/23 17:06:54.868, 1, 0, 10088
2026/05/23 17:06:54.870, 2, 0, 10088
2026/05/23 17:06:54.871, 3, 0, 10088
2026/05/23 17:07:09.987, 0, 100, 10490
2026/05/23 17:07:09.989, 1, 100, 10088
2026/05/23 17:07:09.990, 2, 100, 10088
2026/05/23 17:07:09.991, 3, 100, 10088
2026/05/23 17:07:25.073, 0, 9, 10490
2026/05/23 17:07:25.075, 1, 0, 10088
2026/05/23 17:07:25.077, 2, 0, 10088
2026/05/23 17:07:25.078, 3, 0, 10088
2026/05/23 17:07:40.179, 0, 8, 10490
2026/05/23 17:07:40.181, 1, 0, 10088
2026/05/23 17:07:40.182, 2, 100, 10088
2026/05/23 17:07:40.183, 3, 0, 10088
2026/05/23 17:07:55.270, 0, 9, 10490
2026/05/23 17:07:55.272, 1, 0, 10088
2026/05/23 17:07:55.273, 2, 0, 10088
2026/05/23 17:07:55.275, 3, 0, 10088
2026/05/23 17:08:10.386, 0, 1, 10490
2026/05/23 17:08:10.388, 1, 0, 10088
2026/05/23 17:08:10.390, 2, 0, 10088
2026/05/23 17:08:10.391, 3, 0, 10088
2026/05/23 17:08:25.694, 0, 7, 10490
2026/05/23 17:08:25.698, 1, 100, 10088
2026/05/23 17:08:25.702, 2, 100, 10088
2026/05/23 17:08:25.706, 3, 0, 10088
2026/05/23 17:08:40.893, 0, 100, 10490
2026/05/23 17:08:40.895, 1, 100, 10088
2026/05/23 17:08:40.897, 2, 100, 10088
2026/05/23 17:08:40.898, 3, 0, 10088
2026/05/23 17:08:55.982, 0, 5, 10490
2026/05/23 17:08:55.984, 1, 100, 10088
2026/05/23 17:08:55.985, 2, 100, 10088
2026/05/23 17:08:55.987, 3, 100, 10088
2026/05/23 17:09:11.074, 0, 100, 10490
2026/05/23 17:09:11.078, 1, 0, 10088
2026/05/23 17:09:11.082, 2, 0, 10088
2026/05/23 17:09:11.085, 3, 0, 10088
2026/05/23 17:09:26.199, 0, 4, 10490
2026/05/23 17:09:26.201, 1, 0, 10088
2026/05/23 17:09:26.202, 2, 0, 10088
2026/05/23 17:09:26.203, 3, 0, 10088
2026/05/23 17:09:41.626, 0, 28, 10490
2026/05/23 17:09:41.632, 1, 100, 10088
2026/05/23 17:09:41.635, 2, 100, 10088
2026/05/23 17:09:41.639, 3, 0, 10088
2026/05/23 17:09:56.960, 0, 100, 10490
2026/05/23 17:09:56.963, 1, 50, 10088
2026/05/23 17:09:56.966, 2, 100, 10088
2026/05/23 17:09:56.969, 3, 0, 10088
2026/05/23 17:10:12.200, 0, 9, 10490
2026/05/23 17:10:12.202, 1, 0, 10088
2026/05/23 17:10:12.203, 2, 0, 10088
2026/05/23 17:10:12.204, 3, 0, 10088
2026/05/23 17:10:27.362, 0, 12, 10490
2026/05/23 17:10:27.364, 1, 0, 10088
2026/05/23 17:10:27.366, 2, 0, 10088
2026/05/23 17:10:27.367, 3, 0, 10088
2026/05/23 17:10:42.461, 0, 100, 10490
2026/05/23 17:10:42.464, 1, 100, 10088
2026/05/23 17:10:42.467, 2, 100, 10088
2026/05/23 17:10:42.471, 3, 0, 10088
2026/05/23 17:10:57.565, 0, 100, 10490
2026/05/23 17:10:57.567, 1, 100, 10088
2026/05/23 17:10:57.569, 2, 0, 10088
2026/05/23 17:10:57.570, 3, 0, 10088
2026/05/23 17:11:12.702, 0, 66, 10490
2026/05/23 17:11:12.706, 1, 100, 10088
2026/05/23 17:11:12.709, 2, 100, 10088
2026/05/23 17:11:12.712, 3, 72, 10088
2026/05/23 17:11:27.904, 0, 100, 10490
2026/05/23 17:11:27.906, 1, 100, 10088
2026/05/23 17:11:27.908, 2, 100, 10088
2026/05/23 17:11:27.909, 3, 0, 10088
2026/05/23 17:11:43.030, 0, 11, 10490
2026/05/23 17:11:43.032, 1, 0, 10088
2026/05/23 17:11:43.033, 2, 0, 10088
2026/05/23 17:11:43.035, 3, 0, 10088
2026/05/23 17:11:58.229, 0, 100, 10490
2026/05/23 17:11:58.234, 1, 100, 10088
2026/05/23 17:11:58.237, 2, 100, 10088
2026/05/23 17:11:58.240, 3, 91, 10088
2026/05/23 17:12:13.354, 0, 100, 10490
2026/05/23 17:12:13.359, 1, 100, 10088
2026/05/23 17:12:13.362, 2, 0, 10088
2026/05/23 17:12:13.363, 3, 0, 10088
2026/05/23 17:12:28.469, 0, 100, 10490
2026/05/23 17:12:28.471, 1, 100, 10088
2026/05/23 17:12:28.473, 2, 100, 10088
2026/05/23 17:12:28.475, 3, 0, 10088
2026/05/23 17:12:43.606, 0, 100, 10490
2026/05/23 17:12:43.608, 1, 100, 10088
2026/05/23 17:12:43.610, 2, 100, 10088
2026/05/23 17:12:43.611, 3, 100, 10088
2026/05/23 17:12:58.693, 0, 9, 10490
2026/05/23 17:12:58.695, 1, 0, 10088
2026/05/23 17:12:58.697, 2, 0, 10088
2026/05/23 17:12:58.698, 3, 0, 10088
2026/05/23 17:13:13.781, 0, 100, 10490
2026/05/23 17:13:13.783, 1, 100, 10088
2026/05/23 17:13:13.784, 2, 100, 10088
2026/05/23 17:13:13.786, 3, 0, 10088
2026/05/23 17:13:28.967, 0, 100, 10490
2026/05/23 17:13:28.971, 1, 0, 10088
2026/05/23 17:13:28.974, 2, 0, 10088
2026/05/23 17:13:28.979, 3, 0, 10088
2026/05/23 17:13:44.177, 0, 8, 10490
2026/05/23 17:13:44.179, 1, 0, 10088
2026/05/23 17:13:44.180, 2, 0, 10088
2026/05/23 17:13:44.181, 3, 0, 10088
2026/05/23 17:13:59.273, 0, 13, 10490
2026/05/23 17:13:59.275, 1, 0, 10088
2026/05/23 17:13:59.276, 2, 0, 10088
2026/05/23 17:13:59.277, 3, 0, 10088
2026/05/23 17:14:14.363, 0, 3, 10490
2026/05/23 17:14:14.365, 1, 0, 10088
2026/05/23 17:14:14.367, 2, 0, 10088
2026/05/23 17:14:14.368, 3, 0, 10088
2026/05/23 17:14:29.502, 0, 7, 10490
2026/05/23 17:14:29.505, 1, 0, 10088
2026/05/23 17:14:29.508, 2, 0, 10088
2026/05/23 17:14:29.509, 3, 0, 10088
2026/05/23 17:14:45.211, 0, 100, 10490
2026/05/23 17:14:45.213, 1, 98, 10088
2026/05/23 17:14:45.214, 2, 98, 10088
2026/05/23 17:14:45.215, 3, 100, 10088
2026/05/23 17:15:00.427, 0, 100, 10490
2026/05/23 17:15:00.431, 1, 100, 10088
2026/05/23 17:15:00.433, 2, 100, 10088
2026/05/23 17:15:00.436, 3, 86, 10088
2026/05/23 17:15:15.548, 0, 37, 10490
2026/05/23 17:15:15.553, 1, 0, 10088
2026/05/23 17:15:15.554, 2, 0, 10088
2026/05/23 17:15:15.555, 3, 0, 10088
2026/05/23 17:15:30.666, 0, 100, 10490
2026/05/23 17:15:30.668, 1, 100, 10088
2026/05/23 17:15:30.669, 2, 100, 10088
2026/05/23 17:15:30.670, 3, 100, 10088
2026/05/23 17:15:45.797, 0, 9, 10490
2026/05/23 17:15:45.801, 1, 0, 10088
2026/05/23 17:15:45.804, 2, 0, 10088
2026/05/23 17:15:45.807, 3, 0, 10088
2026/05/23 17:16:01.055, 0, 100, 10490
2026/05/23 17:16:01.059, 1, 100, 10088
2026/05/23 17:16:01.062, 2, 100, 10088
2026/05/23 17:16:01.065, 3, 100, 10088
2026/05/23 17:16:16.178, 0, 13, 10490
2026/05/23 17:16:16.180, 1, 0, 10088
2026/05/23 17:16:16.182, 2, 0, 10088
2026/05/23 17:16:16.183, 3, 0, 10088
2026/05/23 17:16:31.277, 0, 9, 10490
2026/05/23 17:16:31.279, 1, 0, 10088
2026/05/23 17:16:31.280, 2, 0, 10088
2026/05/23 17:16:31.282, 3, 0, 10088
2026/05/23 17:16:46.365, 0, 9, 10490
2026/05/23 17:16:46.367, 1, 0, 10088
2026/05/23 17:16:46.369, 2, 0, 10088
2026/05/23 17:16:46.370, 3, 0, 10088
2026/05/23 17:17:01.470, 0, 100, 10490
2026/05/23 17:17:01.472, 1, 0, 10088
2026/05/23 17:17:01.474, 2, 0, 10088
2026/05/23 17:17:01.475, 3, 100, 10088
2026/05/23 17:17:16.574, 0, 100, 10490
2026/05/23 17:17:16.577, 1, 0, 10088
2026/05/23 17:17:16.578, 2, 0, 10088
2026/05/23 17:17:16.579, 3, 100, 10088
2026/05/23 17:17:31.665, 0, 0, 10490
2026/05/23 17:17:31.668, 1, 0, 10088
2026/05/23 17:17:31.669, 2, 0, 10088
2026/05/23 17:17:31.670, 3, 0, 10088
2026/05/23 17:17:46.833, 0, 1, 10490
2026/05/23 17:17:46.835, 1, 0, 10088
2026/05/23 17:17:46.836, 2, 0, 10088
2026/05/23 17:17:46.838, 3, 0, 10088
2026/05/23 17:18:01.989, 0, 9, 10490
2026/05/23 17:18:01.991, 1, 0, 10088
2026/05/23 17:18:01.993, 2, 0, 10088
2026/05/23 17:18:01.994, 3, 0, 10088
2026/05/23 17:18:17.080, 0, 100, 10490
2026/05/23 17:18:17.082, 1, 100, 10088
2026/05/23 17:18:17.083, 2, 100, 10088
2026/05/23 17:18:17.084, 3, 100, 10088
2026/05/23 17:18:32.170, 0, 12, 10490
2026/05/23 17:18:32.172, 1, 0, 10088
2026/05/23 17:18:32.173, 2, 0, 10088
2026/05/23 17:18:32.175, 3, 0, 10088
2026/05/23 17:18:47.257, 0, 9, 10490
2026/05/23 17:18:47.259, 1, 0, 10088
2026/05/23 17:18:47.261, 2, 0, 10088
2026/05/23 17:18:47.262, 3, 0, 10088
2026/05/23 17:19:02.354, 0, 41, 10490
2026/05/23 17:19:02.357, 1, 87, 10088
2026/05/23 17:19:02.361, 2, 0, 10088
2026/05/23 17:19:02.363, 3, 0, 10088
2026/05/23 17:19:17.570, 0, 10, 10490
2026/05/23 17:19:17.572, 1, 0, 10088
2026/05/23 17:19:17.573, 2, 0, 10088
2026/05/23 17:19:17.574, 3, 0, 10088
2026/05/23 17:19:32.750, 0, 100, 10490
2026/05/23 17:19:32.753, 1, 100, 10088
2026/05/23 17:19:32.755, 2, 0, 10088
2026/05/23 17:19:32.756, 3, 0, 10088
2026/05/23 17:19:47.842, 0, 9, 10490
2026/05/23 17:19:47.845, 1, 0, 10088
2026/05/23 17:19:47.846, 2, 0, 10088
2026/05/23 17:19:47.848, 3, 0, 10088
2026/05/23 17:20:02.933, 0, 8, 10490
2026/05/23 17:20:02.935, 1, 0, 10088
2026/05/23 17:20:02.936, 2, 0, 10088
2026/05/23 17:20:02.938, 3, 0, 10088
2026/05/23 17:20:18.041, 0, 9, 10490
2026/05/23 17:20:18.043, 1, 100, 10088
2026/05/23 17:20:18.044, 2, 100, 10088
2026/05/23 17:20:18.046, 3, 0, 10088
2026/05/23 17:20:33.129, 0, 10, 10490
2026/05/23 17:20:33.131, 1, 0, 10088
2026/05/23 17:20:33.133, 2, 0, 10088
2026/05/23 17:20:33.134, 3, 0, 10088
2026/05/23 17:20:48.238, 0, 6, 10490
2026/05/23 17:20:48.241, 1, 0, 10088
2026/05/23 17:20:48.242, 2, 0, 10088
2026/05/23 17:20:48.243, 3, 0, 10088
2026/05/23 17:21:03.687, 0, 88, 10490
2026/05/23 17:21:03.690, 1, 100, 10088
2026/05/23 17:21:03.693, 2, 100, 10088
2026/05/23 17:21:03.695, 3, 0, 10088
2026/05/23 17:21:18.897, 0, 8, 10490
2026/05/23 17:21:18.899, 1, 0, 10088
2026/05/23 17:21:18.901, 2, 0, 10088
2026/05/23 17:21:18.902, 3, 0, 10088
2026/05/23 17:21:33.985, 0, 8, 10490
2026/05/23 17:21:33.987, 1, 0, 10088
2026/05/23 17:21:33.989, 2, 0, 10088
2026/05/23 17:21:33.990, 3, 0, 10088
2026/05/23 17:21:49.090, 0, 35, 10490
2026/05/23 17:21:49.092, 1, 100, 10088
2026/05/23 17:21:49.093, 2, 0, 10088
2026/05/23 17:21:49.094, 3, 0, 10088
2026/05/23 17:22:04.179, 0, 9, 10490
2026/05/23 17:22:04.181, 1, 0, 10088
2026/05/23 17:22:04.182, 2, 0, 10088
2026/05/23 17:22:04.184, 3, 0, 10088
2026/05/23 17:22:19.270, 0, 100, 10490
2026/05/23 17:22:19.272, 1, 95, 10088
2026/05/23 17:22:19.274, 2, 100, 10088
2026/05/23 17:22:19.275, 3, 0, 10088
2026/05/23 17:22:34.481, 0, 0, 10490
2026/05/23 17:22:34.483, 1, 0, 10088
2026/05/23 17:22:34.484, 2, 0, 10088
2026/05/23 17:22:34.485, 3, 0, 10088
2026/05/23 17:22:49.724, 0, 100, 10490
2026/05/23 17:22:49.728, 1, 100, 10088
2026/05/23 17:22:49.731, 2, 100, 10088
2026/05/23 17:22:49.734, 3, 100, 10088
2026/05/23 17:23:04.846, 0, 13, 10490
2026/05/23 17:23:04.848, 1, 0, 10088
2026/05/23 17:23:04.850, 2, 0, 10088
2026/05/23 17:23:04.851, 3, 0, 10088
2026/05/23 17:23:20.005, 0, 9, 10490
2026/05/23 17:23:20.009, 1, 0, 10088
2026/05/23 17:23:20.012, 2, 0, 10088
2026/05/23 17:23:20.015, 3, 83, 10088
2026/05/23 17:23:35.122, 0, 100, 10490
2026/05/23 17:23:35.125, 1, 0, 10088
2026/05/23 17:23:35.128, 2, 0, 10088
2026/05/23 17:23:35.131, 3, 0, 10088
2026/05/23 17:23:50.342, 0, 9, 10490
2026/05/23 17:23:50.344, 1, 0, 10088
2026/05/23 17:23:50.345, 2, 0, 10088
2026/05/23 17:23:50.346, 3, 0, 10088
2026/05/23 17:24:05.547, 0, 6, 10490
2026/05/23 17:24:05.549, 1, 0, 10088
2026/05/23 17:24:05.550, 2, 0, 10088
2026/05/23 17:24:05.551, 3, 0, 10088
2026/05/23 17:24:20.843, 0, 13, 10490
2026/05/23 17:24:20.845, 1, 0, 10088
2026/05/23 17:24:20.847, 2, 0, 10088
2026/05/23 17:24:20.848, 3, 0, 10088
2026/05/23 17:24:35.933, 0, 100, 10490
2026/05/23 17:24:35.935, 1, 100, 10088
2026/05/23 17:24:35.937, 2, 0, 10088
2026/05/23 17:24:35.938, 3, 0, 10088
2026/05/23 17:24:51.021, 0, 100, 10490
2026/05/23 17:24:51.023, 1, 100, 10088
2026/05/23 17:24:51.025, 2, 100, 10088
2026/05/23 17:24:51.026, 3, 0, 10088
2026/05/23 17:25:06.109, 0, 8, 10490
2026/05/23 17:25:06.111, 1, 100, 10088
2026/05/23 17:25:06.113, 2, 0, 10088
2026/05/23 17:25:06.114, 3, 0, 10088
2026/05/23 17:25:21.277, 0, 100, 10490
2026/05/23 17:25:21.280, 1, 0, 10088
2026/05/23 17:25:21.283, 2, 0, 10088
2026/05/23 17:25:21.285, 3, 0, 10088
2026/05/23 17:25:36.495, 0, 3, 10490
2026/05/23 17:25:36.497, 1, 0, 10088
2026/05/23 17:25:36.498, 2, 0, 10088
2026/05/23 17:25:36.500, 3, 0, 10088
2026/05/23 17:25:51.721, 0, 92, 10490
2026/05/23 17:25:51.724, 1, 100, 10088
2026/05/23 17:25:51.726, 2, 100, 10088
2026/05/23 17:25:51.729, 3, 100, 10088
2026/05/23 17:26:06.885, 0, 52, 10490
2026/05/23 17:26:06.889, 1, 100, 10088
2026/05/23 17:26:06.892, 2, 0, 10088
2026/05/23 17:26:07.059, 3, 0, 10088
2026/05/23 17:26:22.141, 0, 10, 10490
2026/05/23 17:26:22.143, 1, 0, 10088
2026/05/23 17:26:22.145, 2, 0, 10088
2026/05/23 17:26:22.146, 3, 0, 10088
2026/05/23 17:26:37.246, 0, 13, 10490
2026/05/23 17:26:37.248, 1, 0, 10088
2026/05/23 17:26:37.249, 2, 0, 10088
2026/05/23 17:26:37.251, 3, 0, 10088
2026/05/23 17:26:52.391, 0, 100, 10490
2026/05/23 17:26:52.395, 1, 4, 10088
2026/05/23 17:26:52.398, 2, 0, 10088
2026/05/23 17:26:52.401, 3, 0, 10088
2026/05/23 17:27:07.493, 0, 9, 10490
2026/05/23 17:27:07.495, 1, 0, 10088
2026/05/23 17:27:07.497, 2, 0, 10088
2026/05/23 17:27:07.498, 3, 0, 10088
2026/05/23 17:27:22.661, 0, 8, 10490
2026/05/23 17:27:22.663, 1, 0, 10088
2026/05/23 17:27:22.795, 2, 0, 10088
2026/05/23 17:27:22.797, 3, 0, 10088
2026/05/23 17:27:37.937, 0, 9, 10490
2026/05/23 17:27:37.939, 1, 0, 10088
2026/05/23 17:27:37.941, 2, 0, 10088
2026/05/23 17:27:37.942, 3, 0, 10088
2026/05/23 17:27:53.026, 0, 13, 10490
2026/05/23 17:27:53.028, 1, 0, 10088
2026/05/23 17:27:53.030, 2, 0, 10088
2026/05/23 17:27:53.031, 3, 0, 10088
2026/05/23 17:28:08.118, 0, 9, 10490
2026/05/23 17:28:08.120, 1, 0, 10088
2026/05/23 17:28:08.122, 2, 0, 10088
2026/05/23 17:28:08.123, 3, 0, 10088
2026/05/23 17:28:23.209, 0, 9, 10490
2026/05/23 17:28:23.211, 1, 11, 10088
2026/05/23 17:28:23.213, 2, 0, 10088
2026/05/23 17:28:23.214, 3, 0, 10088
2026/05/23 17:28:38.316, 0, 10, 10490
2026/05/23 17:28:38.320, 1, 0, 10088
2026/05/23 17:28:38.321, 2, 0, 10088
2026/05/23 17:28:38.322, 3, 0, 10088
2026/05/23 17:28:53.499, 0, 4, 10490
2026/05/23 17:28:53.504, 1, 6, 10088
2026/05/23 17:28:53.507, 2, 0, 10088
2026/05/23 17:28:53.508, 3, 0, 10088
2026/05/23 17:29:08.599, 0, 9, 10490
2026/05/23 17:29:08.601, 1, 0, 10088
2026/05/23 17:29:08.602, 2, 0, 10088
2026/05/23 17:29:08.603, 3, 0, 10088
2026/05/23 17:29:23.707, 0, 9, 10490
2026/05/23 17:29:23.709, 1, 0, 10088
2026/05/23 17:29:23.711, 2, 0, 10088
2026/05/23 17:29:23.712, 3, 0, 10088
2026/05/23 17:29:38.803, 0, 100, 10490
2026/05/23 17:29:38.808, 1, 100, 10088
2026/05/23 17:29:38.811, 2, 100, 10088
2026/05/23 17:29:38.815, 3, 0, 10088
2026/05/23 17:29:53.942, 0, 8, 10490
2026/05/23 17:29:53.946, 1, 0, 10088
2026/05/23 17:29:53.949, 2, 0, 10088
2026/05/23 17:29:53.951, 3, 0, 10088
2026/05/23 17:30:09.054, 0, 13, 10490
2026/05/23 17:30:09.056, 1, 0, 10088
2026/05/23 17:30:09.058, 2, 0, 10088
2026/05/23 17:30:09.059, 3, 0, 10088
2026/05/23 17:30:24.152, 0, 1, 10490
2026/05/23 17:30:24.157, 1, 0, 10088
2026/05/23 17:30:24.160, 2, 0, 10088
2026/05/23 17:30:24.163, 3, 0, 10088
2026/05/23 17:30:39.449, 0, 100, 10490
2026/05/23 17:30:39.453, 1, 100, 10088
2026/05/23 17:30:39.456, 2, 0, 10088
2026/05/23 17:30:39.459, 3, 49, 10088
2026/05/23 17:30:54.837, 0, 9, 10490
2026/05/23 17:30:54.840, 1, 100, 10088
2026/05/23 17:30:54.841, 2, 100, 10088
2026/05/23 17:30:54.843, 3, 100, 10088
2026/05/23 17:31:10.107, 0, 100, 10490
2026/05/23 17:31:10.111, 1, 100, 10088
2026/05/23 17:31:10.114, 2, 0, 10088
2026/05/23 17:31:10.117, 3, 0, 10088
2026/05/23 17:31:25.215, 0, 9, 10490
2026/05/23 17:31:25.219, 1, 0, 10088
2026/05/23 17:31:25.222, 2, 0, 10088
2026/05/23 17:31:25.225, 3, 0, 10088
2026/05/23 17:31:40.343, 0, 100, 10490
2026/05/23 17:31:40.347, 1, 100, 10088
2026/05/23 17:31:40.351, 2, 100, 10088
2026/05/23 17:31:40.354, 3, 97, 10088
2026/05/23 17:31:55.497, 0, 100, 10490
2026/05/23 17:31:55.501, 1, 100, 10088
2026/05/23 17:31:55.503, 2, 61, 10088
2026/05/23 17:31:55.506, 3, 100, 10088
2026/05/23 17:32:10.809, 0, 2, 10490
2026/05/23 17:32:10.810, 1, 0, 10088
2026/05/23 17:32:10.811, 2, 0, 10088
2026/05/23 17:32:10.812, 3, 0, 10088
2026/05/23 17:32:25.987, 0, 14, 10490
2026/05/23 17:32:25.989, 1, 0, 10088
2026/05/23 17:32:25.990, 2, 0, 10088
2026/05/23 17:32:25.992, 3, 0, 10088
2026/05/23 17:32:41.087, 0, 100, 10490
2026/05/23 17:32:41.091, 1, 100, 10088
2026/05/23 17:32:41.095, 2, 100, 10088
2026/05/23 17:32:41.097, 3, 100, 10088
2026/05/23 17:32:56.196, 0, 100, 10490
2026/05/23 17:32:56.199, 1, 100, 10088
2026/05/23 17:32:56.203, 2, 0, 10088
2026/05/23 17:32:56.206, 3, 0, 10088
2026/05/23 17:33:11.302, 0, 10, 10490
2026/05/23 17:33:11.304, 1, 0, 10088
2026/05/23 17:33:11.306, 2, 0, 10088
2026/05/23 17:33:11.307, 3, 0, 10088
2026/05/23 17:33:26.377, 0, 80, 10490
2026/05/23 17:33:26.379, 1, 100, 10088
2026/05/23 17:33:26.380, 2, 100, 10088
2026/05/23 17:33:26.381, 3, 100, 10088
2026/05/23 17:33:41.642, 0, 0, 10490
2026/05/23 17:33:41.644, 1, 0, 10088
2026/05/23 17:33:41.645, 2, 0, 10088
2026/05/23 17:33:41.647, 3, 0, 10088
2026/05/23 17:33:56.959, 0, 100, 10490
2026/05/23 17:33:56.961, 1, 100, 10088
2026/05/23 17:33:56.963, 2, 0, 10088
2026/05/23 17:33:56.964, 3, 0, 10088
2026/05/23 17:34:12.049, 0, 100, 10490
2026/05/23 17:34:12.051, 1, 100, 10088
2026/05/23 17:34:12.053, 2, 100, 10088
2026/05/23 17:34:12.054, 3, 0, 10088
2026/05/23 17:34:27.173, 0, 5, 10490
2026/05/23 17:34:27.176, 1, 0, 10088
2026/05/23 17:34:27.177, 2, 0, 10088
2026/05/23 17:34:27.178, 3, 0, 10088
2026/05/23 17:34:42.301, 0, 11, 10490
2026/05/23 17:34:42.304, 1, 0, 10088
2026/05/23 17:34:42.305, 2, 0, 10088
2026/05/23 17:34:42.306, 3, 0, 10088
2026/05/23 17:34:57.413, 0, 100, 10490
2026/05/23 17:34:57.418, 1, 100, 10088
2026/05/23 17:34:57.421, 2, 0, 10088
2026/05/23 17:34:57.424, 3, 0, 10088
2026/05/23 17:35:12.661, 0, 1, 10490
2026/05/23 17:35:12.663, 1, 0, 10088
2026/05/23 17:35:12.665, 2, 0, 10088
2026/05/23 17:35:12.666, 3, 0, 10088
2026/05/23 17:35:27.877, 0, 8, 10490
2026/05/23 17:35:27.879, 1, 0, 10088
2026/05/23 17:35:27.880, 2, 0, 10088
2026/05/23 17:35:27.881, 3, 0, 10088
2026/05/23 17:35:43.050, 0, 100, 10490
2026/05/23 17:35:43.052, 1, 100, 10088
2026/05/23 17:35:43.053, 2, 100, 10088
2026/05/23 17:35:43.054, 3, 0, 10088
2026/05/23 17:35:58.175, 0, 11, 10490
2026/05/23 17:35:58.177, 1, 0, 10088
2026/05/23 17:35:58.178, 2, 0, 10088
2026/05/23 17:35:58.180, 3, 0, 10088
2026/05/23 17:36:13.289, 0, 100, 10490
2026/05/23 17:36:13.293, 1, 100, 10088
2026/05/23 17:36:13.296, 2, 100, 10088
2026/05/23 17:36:13.298, 3, 100, 10088
2026/05/23 17:36:28.394, 0, 100, 10490
2026/05/23 17:36:28.398, 1, 0, 10088
2026/05/23 17:36:28.400, 2, 0, 10088
2026/05/23 17:36:28.401, 3, 0, 10088
2026/05/23 17:36:43.543, 0, 43, 10490
2026/05/23 17:36:43.546, 1, 100, 10088
2026/05/23 17:36:43.550, 2, 100, 10088
2026/05/23 17:36:43.553, 3, 0, 10088
2026/05/23 17:36:58.701, 0, 100, 10490
2026/05/23 17:36:58.703, 1, 0, 10088
2026/05/23 17:36:58.704, 2, 0, 10088
2026/05/23 17:36:58.706, 3, 100, 10088
2026/05/23 17:37:14.042, 0, 12, 10490
2026/05/23 17:37:14.045, 1, 0, 10088
2026/05/23 17:37:14.046, 2, 0, 10088
2026/05/23 17:37:14.047, 3, 0, 10088
2026/05/23 17:37:29.139, 0, 9, 10490
2026/05/23 17:37:29.143, 1, 0, 10088
2026/05/23 17:37:29.146, 2, 0, 10088
2026/05/23 17:37:29.149, 3, 0, 10088
2026/05/23 17:37:44.249, 0, 76, 10490
2026/05/23 17:37:44.251, 1, 100, 10088
2026/05/23 17:37:44.252, 2, 100, 10088
2026/05/23 17:37:44.253, 3, 100, 10088
2026/05/23 17:37:59.409, 0, 100, 10490
2026/05/23 17:37:59.412, 1, 0, 10088
2026/05/23 17:37:59.415, 2, 0, 10088
2026/05/23 17:37:59.419, 3, 0, 10088
2026/05/23 17:38:14.530, 0, 12, 10490
2026/05/23 17:38:14.533, 1, 0, 10088
2026/05/23 17:38:14.534, 2, 0, 10088
2026/05/23 17:38:14.535, 3, 0, 10088
2026/05/23 17:38:29.622, 0, 5, 10490
2026/05/23 17:38:29.624, 1, 0, 10088
2026/05/23 17:38:29.626, 2, 0, 10088
2026/05/23 17:38:29.627, 3, 0, 10088
2026/05/23 17:38:44.789, 0, 8, 10490
2026/05/23 17:38:44.791, 1, 0, 10088
2026/05/23 17:38:44.793, 2, 0, 10088
2026/05/23 17:38:44.794, 3, 100, 10088
2026/05/23 17:38:59.923, 0, 9, 10490
2026/05/23 17:38:59.927, 1, 0, 10088
2026/05/23 17:38:59.928, 2, 0, 10088
2026/05/23 17:38:59.930, 3, 0, 10088
2026/05/23 17:39:15.019, 0, 100, 10490
2026/05/23 17:39:15.021, 1, 31, 10088
2026/05/23 17:39:15.022, 2, 0, 10088
2026/05/23 17:39:15.024, 3, 0, 10088
2026/05/23 17:39:30.128, 0, 13, 10490
2026/05/23 17:39:30.130, 1, 0, 10088
2026/05/23 17:39:30.131, 2, 0, 10088
2026/05/23 17:39:30.133, 3, 0, 10088
2026/05/23 17:39:45.308, 0, 100, 10490
2026/05/23 17:39:45.311, 1, 0, 10088
2026/05/23 17:39:45.313, 2, 0, 10088
2026/05/23 17:39:45.316, 3, 0, 10088
2026/05/23 17:40:00.406, 0, 6, 10490
2026/05/23 17:40:00.408, 1, 0, 10088
2026/05/23 17:40:00.410, 2, 0, 10088
2026/05/23 17:40:00.411, 3, 0, 10088
2026/05/23 17:40:15.584, 0, 0, 10490
2026/05/23 17:40:15.588, 1, 100, 10088
2026/05/23 17:40:15.591, 2, 100, 10088
2026/05/23 17:40:15.595, 3, 0, 10088
2026/05/23 17:40:30.773, 0, 9, 10490
2026/05/23 17:40:30.775, 1, 0, 10088
2026/05/23 17:40:30.777, 2, 0, 10088
2026/05/23 17:40:30.778, 3, 0, 10088
2026/05/23 17:40:45.863, 0, 12, 10490
2026/05/23 17:40:45.865, 1, 0, 10088
2026/05/23 17:40:45.867, 2, 0, 10088
2026/05/23 17:40:45.868, 3, 0, 10088
2026/05/23 17:41:00.953, 0, 9, 10490
2026/05/23 17:41:00.955, 1, 0, 10088
2026/05/23 17:41:00.957, 2, 0, 10088
2026/05/23 17:41:00.958, 3, 0, 10088
2026/05/23 17:41:16.061, 0, 5, 10490
2026/05/23 17:41:16.063, 1, 0, 10088
2026/05/23 17:41:16.064, 2, 0, 10088
2026/05/23 17:41:16.066, 3, 0, 10088
2026/05/23 17:41:31.149, 0, 0, 10490
2026/05/23 17:41:31.151, 1, 0, 10088
2026/05/23 17:41:31.153, 2, 0, 10088
2026/05/23 17:41:31.154, 3, 0, 10088
2026/05/23 17:41:46.415, 0, 12, 10490
2026/05/23 17:41:46.417, 1, 0, 10088
2026/05/23 17:41:46.418, 2, 0, 10088
2026/05/23 17:41:46.420, 3, 0, 10088
2026/05/23 17:42:01.649, 0, 100, 10490
2026/05/23 17:42:01.651, 1, 100, 10088
2026/05/23 17:42:01.652, 2, 100, 10088
2026/05/23 17:42:01.653, 3, 100, 10088
2026/05/23 17:42:16.733, 0, 9, 10490
2026/05/23 17:42:16.735, 1, 0, 10088
2026/05/23 17:42:16.737, 2, 0, 10088
2026/05/23 17:42:16.738, 3, 0, 10088
2026/05/23 17:42:31.821, 0, 9, 10490
2026/05/23 17:42:31.823, 1, 0, 10088
2026/05/23 17:42:31.825, 2, 0, 10088
2026/05/23 17:42:31.826, 3, 0, 10088
2026/05/23 17:42:46.963, 0, 81, 10490
2026/05/23 17:42:46.967, 1, 100, 10088
2026/05/23 17:42:46.970, 2, 100, 10088
2026/05/23 17:42:46.975, 3, 100, 10088
2026/05/23 17:43:02.069, 0, 0, 10490
2026/05/23 17:43:02.071, 1, 0, 10088
2026/05/23 17:43:02.073, 2, 0, 10088
2026/05/23 17:43:02.074, 3, 0, 10088
2026/05/23 17:43:17.157, 0, 100, 10490
2026/05/23 17:43:17.159, 1, 0, 10088
2026/05/23 17:43:17.161, 2, 0, 10088
2026/05/23 17:43:17.162, 3, 0, 10088
2026/05/23 17:43:32.254, 0, 9, 10490
2026/05/23 17:43:32.256, 1, 0, 10088
2026/05/23 17:43:32.257, 2, 0, 10088
2026/05/23 17:43:32.258, 3, 0, 10088
2026/05/23 17:43:47.363, 0, 8, 10490
2026/05/23 17:43:47.365, 1, 100, 10088
2026/05/23 17:43:47.366, 2, 0, 10088
2026/05/23 17:43:47.368, 3, 0, 10088
2026/05/23 17:44:02.476, 0, 12, 10490
2026/05/23 17:44:02.478, 1, 0, 10088
2026/05/23 17:44:02.479, 2, 0, 10088
2026/05/23 17:44:02.481, 3, 0, 10088
2026/05/23 17:44:17.567, 0, 100, 10490
2026/05/23 17:44:17.569, 1, 100, 10088
2026/05/23 17:44:17.570, 2, 0, 10088
2026/05/23 17:44:17.571, 3, 0, 10088
2026/05/23 17:44:32.658, 0, 79, 10490
2026/05/23 17:44:32.660, 1, 0, 10088
2026/05/23 17:44:32.661, 2, 0, 10088
2026/05/23 17:44:32.663, 3, 0, 10088
2026/05/23 17:44:47.746, 0, 100, 10490
2026/05/23 17:44:47.748, 1, 100, 10088
2026/05/23 17:44:47.749, 2, 73, 10088
2026/05/23 17:44:47.750, 3, 100, 10088
2026/05/23 17:45:03.058, 0, 12, 10490
2026/05/23 17:45:03.060, 1, 0, 10088
2026/05/23 17:45:03.062, 2, 0, 10088
2026/05/23 17:45:03.063, 3, 0, 10088
2026/05/23 17:45:18.329, 0, 27, 10490
2026/05/23 17:45:18.333, 1, 0, 10088
2026/05/23 17:45:18.335, 2, 0, 10088
2026/05/23 17:45:18.336, 3, 0, 10088
2026/05/23 17:45:33.433, 0, 100, 10490
2026/05/23 17:45:33.436, 1, 0, 10088
2026/05/23 17:45:33.439, 2, 0, 10088
2026/05/23 17:45:33.443, 3, 0, 10088
2026/05/23 17:45:48.550, 0, 9, 10490
2026/05/23 17:45:48.552, 1, 0, 10088
2026/05/23 17:45:48.553, 2, 100, 10088
2026/05/23 17:45:48.554, 3, 0, 10088
2026/05/23 17:46:03.637, 0, 8, 10490
2026/05/23 17:46:03.639, 1, 0, 10088
2026/05/23 17:46:03.641, 2, 0, 10088
2026/05/23 17:46:03.642, 3, 0, 10088
2026/05/23 17:46:18.767, 0, 0, 10490
2026/05/23 17:46:18.769, 1, 0, 10088
2026/05/23 17:46:18.770, 2, 0, 10088
2026/05/23 17:46:18.772, 3, 0, 10088
2026/05/23 17:46:34.119, 0, 9, 10490
2026/05/23 17:46:34.123, 1, 0, 10088
2026/05/23 17:46:34.126, 2, 94, 10088
2026/05/23 17:46:34.130, 3, 0, 10088
2026/05/23 17:46:49.704, 0, 100, 10490
2026/05/23 17:46:49.707, 1, 100, 10088
2026/05/23 17:46:49.711, 2, 100, 10088
2026/05/23 17:46:49.714, 3, 0, 10088
2026/05/23 17:47:04.914, 0, 100, 10490
2026/05/23 17:47:04.917, 1, 100, 10088
2026/05/23 17:47:04.920, 2, 100, 10088
2026/05/23 17:47:04.922, 3, 0, 10088
2026/05/23 17:47:20.017, 0, 49, 10490
2026/05/23 17:47:20.021, 1, 100, 10088
2026/05/23 17:47:20.024, 2, 0, 10088
2026/05/23 17:47:20.025, 3, 0, 10088
2026/05/23 17:47:35.128, 0, 12, 10490
2026/05/23 17:47:35.130, 1, 0, 10088
2026/05/23 17:47:35.131, 2, 0, 10088
2026/05/23 17:47:35.133, 3, 0, 10088
2026/05/23 17:47:50.206, 0, 5, 10490
2026/05/23 17:47:50.207, 1, 0, 10088
2026/05/23 17:47:50.208, 2, 0, 10088
2026/05/23 17:47:50.210, 3, 0, 10088
2026/05/23 17:48:05.289, 0, 2, 10490
2026/05/23 17:48:05.291, 1, 0, 10088
2026/05/23 17:48:05.292, 2, 0, 10088
2026/05/23 17:48:05.294, 3, 0, 10088
2026/05/23 17:48:20.471, 0, 9, 10490
2026/05/23 17:48:20.473, 1, 0, 10088
2026/05/23 17:48:20.474, 2, 0, 10088
2026/05/23 17:48:20.475, 3, 0, 10088
2026/05/23 17:48:35.829, 0, 12, 10490
2026/05/23 17:48:35.832, 1, 0, 10088
2026/05/23 17:48:35.833, 2, 0, 10088
2026/05/23 17:48:35.834, 3, 0, 10088
2026/05/23 17:48:50.925, 0, 9, 10490
2026/05/23 17:48:50.929, 1, 0, 10088
2026/05/23 17:48:50.932, 2, 0, 10088
2026/05/23 17:48:50.936, 3, 0, 10088
2026/05/23 17:49:06.025, 0, 100, 10490
2026/05/23 17:49:06.027, 1, 100, 10088
2026/05/23 17:49:06.029, 2, 100, 10088
2026/05/23 17:49:06.030, 3, 0, 10088
2026/05/23 17:49:21.113, 0, 4, 10490
2026/05/23 17:49:21.115, 1, 0, 10088
2026/05/23 17:49:21.117, 2, 0, 10088
2026/05/23 17:49:21.118, 3, 0, 10088
2026/05/23 17:49:36.281, 0, 100, 10490
2026/05/23 17:49:36.286, 1, 0, 10088
2026/05/23 17:49:36.289, 2, 0, 10088
2026/05/23 17:49:36.292, 3, 95, 10088
2026/05/23 17:49:51.520, 0, 19, 10490
2026/05/23 17:49:51.523, 1, 0, 10088
2026/05/23 17:49:51.524, 2, 0, 10088
2026/05/23 17:49:51.525, 3, 0, 10088
2026/05/23 17:50:06.860, 0, 4, 10490
2026/05/23 17:50:06.862, 1, 0, 10088
2026/05/23 17:50:06.863, 2, 0, 10088
2026/05/23 17:50:06.864, 3, 0, 10088
2026/05/23 17:50:21.945, 0, 100, 10490
2026/05/23 17:50:21.947, 1, 100, 10088
2026/05/23 17:50:21.949, 2, 94, 10088
2026/05/23 17:50:21.950, 3, 0, 10088
2026/05/23 17:50:37.075, 0, 0, 10490
2026/05/23 17:50:37.079, 1, 0, 10088
2026/05/23 17:50:37.081, 2, 0, 10088
2026/05/23 17:50:37.082, 3, 0, 10088
2026/05/23 17:50:52.205, 0, 10, 10490
2026/05/23 17:50:52.208, 1, 0, 10088
2026/05/23 17:50:52.209, 2, 0, 10088
2026/05/23 17:50:52.210, 3, 0, 10088
2026/05/23 17:51:07.293, 0, 9, 10490
2026/05/23 17:51:07.295, 1, 100, 10088
2026/05/23 17:51:07.297, 2, 100, 10088
2026/05/23 17:51:07.298, 3, 88, 10088
2026/05/23 17:51:22.473, 0, 1, 10490
2026/05/23 17:51:22.475, 1, 0, 10088
2026/05/23 17:51:22.477, 2, 0, 10088
2026/05/23 17:51:22.478, 3, 0, 10088
2026/05/23 17:51:37.618, 0, 7, 10490
2026/05/23 17:51:37.620, 1, 0, 10088
2026/05/23 17:51:37.622, 2, 0, 10088
2026/05/23 17:51:37.729, 3, 0, 10088
2026/05/23 17:51:52.826, 0, 9, 10490
2026/05/23 17:51:52.830, 1, 0, 10088
2026/05/23 17:51:52.834, 2, 0, 10088
2026/05/23 17:51:52.835, 3, 0, 10088
2026/05/23 17:52:07.942, 0, 13, 10490
2026/05/23 17:52:07.944, 1, 0, 10088
2026/05/23 17:52:07.946, 2, 0, 10088
2026/05/23 17:52:07.947, 3, 0, 10088
2026/05/23 17:52:23.044, 0, 10, 10490
2026/05/23 17:52:23.048, 1, 89, 10088
2026/05/23 17:52:23.051, 2, 100, 10088
2026/05/23 17:52:23.054, 3, 100, 10088
2026/05/23 17:52:38.162, 0, 9, 10490
2026/05/23 17:52:38.164, 1, 0, 10088
2026/05/23 17:52:38.165, 2, 0, 10088
2026/05/23 17:52:38.166, 3, 0, 10088
2026/05/23 17:52:53.476, 0, 100, 10490
2026/05/23 17:52:53.479, 1, 0, 10088
2026/05/23 17:52:53.482, 2, 0, 10088
2026/05/23 17:52:53.483, 3, 0, 10088
2026/05/23 17:53:08.779, 0, 13, 10490
2026/05/23 17:53:08.781, 1, 0, 10088
2026/05/23 17:53:08.782, 2, 0, 10088
2026/05/23 17:53:08.783, 3, 0, 10088
2026/05/23 17:53:23.868, 0, 5, 10490
2026/05/23 17:53:23.870, 1, 0, 10088
2026/05/23 17:53:23.872, 2, 0, 10088
2026/05/23 17:53:23.873, 3, 0, 10088
2026/05/23 17:53:38.962, 0, 9, 10490
2026/05/23 17:53:38.964, 1, 0, 10088
2026/05/23 17:53:38.965, 2, 0, 10088
2026/05/23 17:53:38.967, 3, 0, 10088
2026/05/23 17:53:54.061, 0, 9, 10490
2026/05/23 17:53:54.063, 1, 0, 10088
2026/05/23 17:53:54.064, 2, 0, 10088
2026/05/23 17:53:54.065, 3, 0, 10088
2026/05/23 17:54:09.149, 0, 100, 10490
2026/05/23 17:54:09.151, 1, 0, 10088
2026/05/23 17:54:09.152, 2, 0, 10088
2026/05/23 17:54:09.154, 3, 0, 10088
2026/05/23 17:54:24.240, 0, 2, 10490
2026/05/23 17:54:24.242, 1, 0, 10088
2026/05/23 17:54:24.243, 2, 0, 10088
2026/05/23 17:54:24.245, 3, 0, 10088
2026/05/23 17:54:39.366, 0, 5, 10490
2026/05/23 17:54:39.368, 1, 0, 10088
2026/05/23 17:54:39.369, 2, 0, 10088
2026/05/23 17:54:39.370, 3, 0, 10088
2026/05/23 17:54:54.454, 0, 9, 10490
2026/05/23 17:54:54.456, 1, 0, 10088
2026/05/23 17:54:54.457, 2, 0, 10088
2026/05/23 17:54:54.458, 3, 0, 10088
2026/05/23 17:55:09.542, 0, 100, 10490
2026/05/23 17:55:09.544, 1, 0, 10088
2026/05/23 17:55:09.545, 2, 0, 10088
2026/05/23 17:55:09.546, 3, 0, 10088
2026/05/23 17:55:24.646, 0, 12, 10490
2026/05/23 17:55:24.648, 1, 0, 10088
2026/05/23 17:55:24.649, 2, 0, 10088
2026/05/23 17:55:24.650, 3, 0, 10088
2026/05/23 17:55:39.733, 0, 8, 10490
2026/05/23 17:55:39.735, 1, 0, 10088
2026/05/23 17:55:39.737, 2, 0, 10088
2026/05/23 17:55:39.738, 3, 0, 10088
2026/05/23 17:55:54.822, 0, 2, 10490
2026/05/23 17:55:54.824, 1, 0, 10088
2026/05/23 17:55:54.825, 2, 0, 10088
2026/05/23 17:55:54.826, 3, 0, 10088
2026/05/23 17:56:09.910, 0, 100, 10490
2026/05/23 17:56:09.912, 1, 0, 10088
2026/05/23 17:56:09.913, 2, 0, 10088
2026/05/23 17:56:09.914, 3, 0, 10088
2026/05/23 17:56:25.017, 0, 9, 10490
2026/05/23 17:56:25.019, 1, 0, 10088
2026/05/23 17:56:25.020, 2, 0, 10088
2026/05/23 17:56:25.022, 3, 0, 10088
2026/05/23 17:56:40.124, 0, 14, 10490
2026/05/23 17:56:40.126, 1, 0, 10088
2026/05/23 17:56:40.127, 2, 0, 10088
2026/05/23 17:56:40.128, 3, 0, 10088
2026/05/23 17:56:55.224, 0, 9, 10490
2026/05/23 17:56:55.228, 1, 0, 10088
2026/05/23 17:56:55.230, 2, 0, 10088
2026/05/23 17:56:55.233, 3, 0, 10088
2026/05/23 17:57:10.325, 0, 9, 10490
2026/05/23 17:57:10.327, 1, 0, 10088
2026/05/23 17:57:10.329, 2, 0, 10088
2026/05/23 17:57:10.330, 3, 0, 10088
2026/05/23 17:57:25.840, 0, 100, 10490
2026/05/23 17:57:25.844, 1, 100, 10088
2026/05/23 17:57:25.847, 2, 100, 10088
2026/05/23 17:57:25.849, 3, 0, 10088
2026/05/23 17:57:40.958, 0, 0, 10490
2026/05/23 17:57:40.960, 1, 0, 10088
2026/05/23 17:57:40.962, 2, 0, 10088
2026/05/23 17:57:40.963, 3, 0, 10088
2026/05/23 17:57:56.238, 0, 9, 10490
2026/05/23 17:57:56.249, 1, 0, 10088
2026/05/23 17:57:56.251, 2, 0, 10088
2026/05/23 17:57:56.253, 3, 0, 10088
2026/05/23 17:58:11.342, 0, 9, 10490
2026/05/23 17:58:11.344, 1, 2, 10088
2026/05/23 17:58:11.345, 2, 0, 10088
2026/05/23 17:58:11.347, 3, 0, 10088
2026/05/23 17:58:26.433, 0, 9, 10490
2026/05/23 17:58:26.435, 1, 100, 10088
2026/05/23 17:58:26.437, 2, 100, 10088
2026/05/23 17:58:26.438, 3, 0, 10088
2026/05/23 17:58:41.521, 0, 9, 10490
2026/05/23 17:58:41.523, 1, 100, 10088
2026/05/23 17:58:41.525, 2, 100, 10088
2026/05/23 17:58:41.526, 3, 0, 10088
2026/05/23 17:58:56.610, 0, 15, 10490
2026/05/23 17:58:56.613, 1, 0, 10088
2026/05/23 17:58:56.614, 2, 0, 10088
2026/05/23 17:58:56.615, 3, 0, 10088
2026/05/23 17:59:11.831, 0, 10, 10490
2026/05/23 17:59:11.835, 1, 0, 10088
2026/05/23 17:59:11.838, 2, 0, 10088
2026/05/23 17:59:11.841, 3, 0, 10088
2026/05/23 17:59:27.157, 0, 100, 10490
2026/05/23 17:59:27.159, 1, 100, 10088
2026/05/23 17:59:27.160, 2, 0, 10088
2026/05/23 17:59:27.162, 3, 0, 10088
2026/05/23 17:59:42.377, 0, 9, 10490
2026/05/23 17:59:42.379, 1, 100, 10088
2026/05/23 17:59:42.381, 2, 100, 10088
2026/05/23 17:59:42.382, 3, 0, 10088
2026/05/23 17:59:57.501, 0, 12, 10490
2026/05/23 17:59:57.504, 1, 0, 10088
2026/05/23 17:59:57.505, 2, 0, 10088
2026/05/23 17:59:57.506, 3, 0, 10088
2026/05/23 18:00:12.641, 0, 100, 10490
2026/05/23 18:00:12.644, 1, 100, 10088
2026/05/23 18:00:12.648, 2, 0, 10088
2026/05/23 18:00:12.651, 3, 0, 10088
2026/05/23 18:00:27.755, 0, 100, 10490
2026/05/23 18:00:27.758, 1, 75, 10088
2026/05/23 18:00:27.761, 2, 100, 10088
2026/05/23 18:00:27.765, 3, 0, 10088
2026/05/23 18:00:42.926, 0, 9, 10490
2026/05/23 18:00:42.928, 1, 0, 10088
2026/05/23 18:00:42.929, 2, 0, 10088
2026/05/23 18:00:42.930, 3, 0, 10088
2026/05/23 18:00:58.086, 0, 6, 10490
2026/05/23 18:00:58.088, 1, 0, 10088
2026/05/23 18:00:58.090, 2, 0, 10088
2026/05/23 18:00:58.091, 3, 0, 10088
2026/05/23 18:01:13.174, 0, 9, 10490
2026/05/23 18:01:13.176, 1, 0, 10088
2026/05/23 18:01:13.178, 2, 0, 10088
2026/05/23 18:01:13.179, 3, 0, 10088
2026/05/23 18:01:28.261, 0, 68, 10490
2026/05/23 18:01:28.264, 1, 100, 10088
2026/05/23 18:01:28.265, 2, 100, 10088
2026/05/23 18:01:28.266, 3, 100, 10088
2026/05/23 18:01:43.349, 0, 100, 10490
2026/05/23 18:01:43.351, 1, 100, 10088
2026/05/23 18:01:43.353, 2, 0, 10088
2026/05/23 18:01:43.354, 3, 0, 10088
2026/05/23 18:01:58.454, 0, 8, 10490
2026/05/23 18:01:58.456, 1, 0, 10088
2026/05/23 18:01:58.457, 2, 0, 10088
2026/05/23 18:01:58.458, 3, 0, 10088
2026/05/23 18:02:13.590, 0, 5, 10490
2026/05/23 18:02:13.592, 1, 0, 10088
2026/05/23 18:02:13.594, 2, 0, 10088
2026/05/23 18:02:13.595, 3, 0, 10088
2026/05/23 18:02:28.677, 0, 8, 10490
2026/05/23 18:02:28.680, 1, 0, 10088
2026/05/23 18:02:28.681, 2, 0, 10088
2026/05/23 18:02:28.682, 3, 0, 10088
2026/05/23 18:02:43.765, 0, 7, 10490
2026/05/23 18:02:43.767, 1, 0, 10088
2026/05/23 18:02:43.769, 2, 0, 10088
2026/05/23 18:02:43.770, 3, 0, 10088
2026/05/23 18:02:58.853, 0, 87, 10490
2026/05/23 18:02:58.855, 1, 0, 10088
2026/05/23 18:02:58.857, 2, 0, 10088
2026/05/23 18:02:58.858, 3, 0, 10088
2026/05/23 18:03:14.229, 0, 8, 10490
2026/05/23 18:03:14.232, 1, 0, 10088
2026/05/23 18:03:14.234, 2, 0, 10088
2026/05/23 18:03:14.237, 3, 0, 10088
2026/05/23 18:03:29.325, 0, 13, 10490
2026/05/23 18:03:29.328, 1, 0, 10088
2026/05/23 18:03:29.329, 2, 0, 10088
2026/05/23 18:03:29.330, 3, 0, 10088
2026/05/23 18:03:44.449, 0, 100, 10490
2026/05/23 18:03:44.454, 1, 100, 10088
2026/05/23 18:03:44.457, 2, 100, 10088
2026/05/23 18:03:44.461, 3, 100, 10088
2026/05/23 18:03:59.557, 0, 9, 10490
2026/05/23 18:03:59.559, 1, 0, 10088
2026/05/23 18:03:59.560, 2, 0, 10088
2026/05/23 18:03:59.562, 3, 0, 10088
2026/05/23 18:04:14.833, 0, 100, 10490
2026/05/23 18:04:14.838, 1, 100, 10088
2026/05/23 18:04:14.842, 2, 100, 10088
2026/05/23 18:04:14.845, 3, 0, 10088
2026/05/23 18:04:29.954, 0, 13, 10490
2026/05/23 18:04:29.956, 1, 0, 10088
2026/05/23 18:04:29.958, 2, 0, 10088
2026/05/23 18:04:29.959, 3, 0, 10088
2026/05/23 18:04:45.047, 0, 9, 10490
2026/05/23 18:04:45.049, 1, 0, 10088
2026/05/23 18:04:45.050, 2, 0, 10088
2026/05/23 18:04:45.052, 3, 0, 10088
2026/05/23 18:05:00.137, 0, 9, 10490
2026/05/23 18:05:00.139, 1, 0, 10088
2026/05/23 18:05:00.141, 2, 0, 10088
2026/05/23 18:05:00.142, 3, 0, 10088
2026/05/23 18:05:15.271, 0, 100, 10490
2026/05/23 18:05:15.273, 1, 100, 10088
2026/05/23 18:05:15.274, 2, 100, 10088
2026/05/23 18:05:15.276, 3, 0, 10088
2026/05/23 18:05:30.431, 0, 6, 10490
2026/05/23 18:05:30.433, 1, 0, 10088
2026/05/23 18:05:30.434, 2, 0, 10088
2026/05/23 18:05:30.435, 3, 0, 10088
2026/05/23 18:05:45.535, 0, 13, 10490
2026/05/23 18:05:45.537, 1, 0, 10088
2026/05/23 18:05:45.539, 2, 0, 10088
2026/05/23 18:05:45.540, 3, 0, 10088
2026/05/23 18:06:00.634, 0, 100, 10490
2026/05/23 18:06:00.638, 1, 100, 10088
2026/05/23 18:06:00.640, 2, 100, 10088
2026/05/23 18:06:00.644, 3, 100, 10088
2026/05/23 18:06:15.741, 0, 4, 10490
2026/05/23 18:06:15.743, 1, 0, 10088
2026/05/23 18:06:15.745, 2, 0, 10088
2026/05/23 18:06:15.746, 3, 0, 10088
2026/05/23 18:06:30.911, 0, 100, 10490
2026/05/23 18:06:30.913, 1, 0, 10088
2026/05/23 18:06:30.914, 2, 0, 10088
2026/05/23 18:06:30.916, 3, 0, 10088
2026/05/23 18:06:46.018, 0, 12, 10490
2026/05/23 18:06:46.020, 1, 0, 10088
2026/05/23 18:06:46.021, 2, 0, 10088
2026/05/23 18:06:46.023, 3, 0, 10088
2026/05/23 18:07:01.113, 0, 100, 10490
2026/05/23 18:07:01.118, 1, 100, 10088
2026/05/23 18:07:01.120, 2, 100, 10088
2026/05/23 18:07:01.123, 3, 0, 10088
2026/05/23 18:07:16.217, 0, 6, 10490
2026/05/23 18:07:16.219, 1, 0, 10088
2026/05/23 18:07:16.221, 2, 0, 10088
2026/05/23 18:07:16.222, 3, 0, 10088
2026/05/23 18:07:31.403, 0, 100, 10490
2026/05/23 18:07:31.406, 1, 0, 10088
2026/05/23 18:07:31.409, 2, 55, 10088
2026/05/23 18:07:31.411, 3, 0, 10088
2026/05/23 18:07:46.502, 0, 9, 10490
2026/05/23 18:07:46.504, 1, 0, 10088
2026/05/23 18:07:46.505, 2, 0, 10088
2026/05/23 18:07:46.506, 3, 0, 10088
2026/05/23 18:08:01.606, 0, 13, 10490
2026/05/23 18:08:01.608, 1, 0, 10088
2026/05/23 18:08:01.610, 2, 0, 10088
2026/05/23 18:08:01.611, 3, 0, 10088
2026/05/23 18:08:16.709, 0, 100, 10490
2026/05/23 18:08:16.713, 1, 100, 10088
2026/05/23 18:08:16.716, 2, 100, 10088
2026/05/23 18:08:16.719, 3, 0, 10088
2026/05/23 18:08:32.073, 0, 100, 10490
2026/05/23 18:08:32.074, 1, 100, 10088
2026/05/23 18:08:32.075, 2, 100, 10088
2026/05/23 18:08:32.077, 3, 0, 10088
2026/05/23 18:08:47.240, 0, 9, 10490
2026/05/23 18:08:47.242, 1, 0, 10088
2026/05/23 18:08:47.243, 2, 0, 10088
2026/05/23 18:08:47.244, 3, 0, 10088
2026/05/23 18:09:02.336, 0, 100, 10490
2026/05/23 18:09:02.338, 1, 100, 10088
2026/05/23 18:09:02.340, 2, 100, 10088
2026/05/23 18:09:02.341, 3, 0, 10088
2026/05/23 18:09:17.426, 0, 10, 10490
2026/05/23 18:09:17.428, 1, 0, 10088
2026/05/23 18:09:17.430, 2, 0, 10088
2026/05/23 18:09:17.431, 3, 0, 10088
2026/05/23 18:09:32.517, 0, 8, 10490
2026/05/23 18:09:32.519, 1, 0, 10088
2026/05/23 18:09:32.521, 2, 0, 10088
2026/05/23 18:09:32.522, 3, 0, 10088
2026/05/23 18:09:47.606, 0, 9, 10490
2026/05/23 18:09:47.608, 1, 0, 10088
2026/05/23 18:09:47.609, 2, 0, 10088
2026/05/23 18:09:47.611, 3, 0, 10088
2026/05/23 18:10:02.693, 0, 100, 10490
2026/05/23 18:10:02.696, 1, 100, 10088
2026/05/23 18:10:02.697, 2, 83, 10088
2026/05/23 18:10:02.698, 3, 0, 10088
2026/05/23 18:10:17.834, 0, 7, 10490
2026/05/23 18:10:17.836, 1, 0, 10088
2026/05/23 18:10:17.837, 2, 0, 10088
2026/05/23 18:10:17.839, 3, 0, 10088
2026/05/23 18:10:33.108, 0, 9, 10490
2026/05/23 18:10:33.112, 1, 100, 10088
2026/05/23 18:10:33.116, 2, 100, 10088
2026/05/23 18:10:33.120, 3, 100, 10088
2026/05/23 18:10:48.287, 0, 100, 10490
2026/05/23 18:10:48.291, 1, 100, 10088
2026/05/23 18:10:48.294, 2, 100, 10088
2026/05/23 18:10:48.296, 3, 37, 10088
2026/05/23 18:11:03.449, 0, 8, 10490
2026/05/23 18:11:03.452, 1, 0, 10088
2026/05/23 18:11:03.453, 2, 0, 10088
2026/05/23 18:11:03.454, 3, 0, 10088
2026/05/23 18:11:18.598, 0, 100, 10490
2026/05/23 18:11:18.602, 1, 100, 10088
2026/05/23 18:11:18.606, 2, 100, 10088
2026/05/23 18:11:18.609, 3, 100, 10088
2026/05/23 18:11:33.748, 0, 6, 10490
2026/05/23 18:11:33.750, 1, 0, 10088
2026/05/23 18:11:33.752, 2, 0, 10088
2026/05/23 18:11:33.753, 3, 0, 10088
2026/05/23 18:11:48.867, 0, 9, 10490
2026/05/23 18:11:48.871, 1, 0, 10088
2026/05/23 18:11:48.874, 2, 0, 10088
2026/05/23 18:11:48.877, 3, 0, 10088
2026/05/23 18:12:03.970, 0, 9, 10490
2026/05/23 18:12:03.972, 1, 0, 10088
2026/05/23 18:12:03.973, 2, 0, 10088
2026/05/23 18:12:03.974, 3, 37, 10088
2026/05/23 18:12:19.062, 0, 10, 10490
2026/05/23 18:12:19.066, 1, 0, 10088
2026/05/23 18:12:19.070, 2, 0, 10088
2026/05/23 18:12:19.071, 3, 0, 10088
2026/05/23 18:12:34.249, 0, 3, 10490
2026/05/23 18:12:34.252, 1, 0, 10088
2026/05/23 18:12:34.253, 2, 0, 10088
2026/05/23 18:12:34.254, 3, 0, 10088
2026/05/23 18:12:49.337, 0, 9, 10490
2026/05/23 18:12:49.339, 1, 0, 10088
2026/05/23 18:12:49.340, 2, 0, 10088
2026/05/23 18:12:49.342, 3, 0, 10088
2026/05/23 18:13:04.503, 0, 100, 10490
2026/05/23 18:13:04.507, 1, 0, 10088
2026/05/23 18:13:04.510, 2, 0, 10088
2026/05/23 18:13:04.511, 3, 0, 10088
2026/05/23 18:13:19.601, 0, 9, 10490
2026/05/23 18:13:19.604, 1, 0, 10088
2026/05/23 18:13:19.605, 2, 0, 10088
2026/05/23 18:13:19.606, 3, 0, 10088
2026/05/23 18:13:34.754, 0, 25, 10490
2026/05/23 18:13:34.757, 1, 0, 10088
2026/05/23 18:13:34.758, 2, 0, 10088
2026/05/23 18:13:34.759, 3, 0, 10088
2026/05/23 18:13:49.850, 0, 10, 10490
2026/05/23 18:13:49.854, 1, 94, 10088
2026/05/23 18:13:49.859, 2, 0, 10088
2026/05/23 18:13:49.860, 3, 0, 10088
2026/05/23 18:14:04.951, 0, 100, 10490
2026/05/23 18:14:04.954, 1, 0, 10088
2026/05/23 18:14:04.956, 2, 0, 10088
2026/05/23 18:14:04.957, 3, 0, 10088
2026/05/23 18:14:20.049, 0, 100, 10490
2026/05/23 18:14:20.053, 1, 0, 10088
2026/05/23 18:14:20.054, 2, 0, 10088
2026/05/23 18:14:20.055, 3, 0, 10088
2026/05/23 18:14:35.141, 0, 8, 10490
2026/05/23 18:14:35.143, 1, 0, 10088
2026/05/23 18:14:35.145, 2, 0, 10088
2026/05/23 18:14:35.146, 3, 0, 10088
2026/05/23 18:14:50.335, 0, 13, 10490
2026/05/23 18:14:50.337, 1, 0, 10088
2026/05/23 18:14:50.339, 2, 0, 10088
2026/05/23 18:14:50.340, 3, 0, 10088
2026/05/23 18:15:05.433, 0, 9, 10490
2026/05/23 18:15:05.435, 1, 0, 10088
2026/05/23 18:15:05.437, 2, 0, 10088
2026/05/23 18:15:05.438, 3, 0, 10088
2026/05/23 18:15:20.526, 0, 100, 10490
2026/05/23 18:15:20.530, 1, 98, 10088
2026/05/23 18:15:20.533, 2, 0, 10088
2026/05/23 18:15:20.534, 3, 0, 10088
2026/05/23 18:15:35.621, 0, 8, 10490
2026/05/23 18:15:35.623, 1, 100, 10088
2026/05/23 18:15:35.625, 2, 100, 10088
2026/05/23 18:15:35.626, 3, 0, 10088
2026/05/23 18:15:50.727, 0, 12, 10490
2026/05/23 18:15:50.729, 1, 0, 10088
2026/05/23 18:15:50.730, 2, 0, 10088
2026/05/23 18:15:50.731, 3, 0, 10088
2026/05/23 18:16:05.846, 0, 0, 10490
2026/05/23 18:16:05.848, 1, 0, 10088
2026/05/23 18:16:05.850, 2, 0, 10088
2026/05/23 18:16:05.851, 3, 0, 10088
2026/05/23 18:16:21.102, 0, 4, 10490
2026/05/23 18:16:21.104, 1, 0, 10088
2026/05/23 18:16:21.105, 2, 0, 10088
2026/05/23 18:16:21.106, 3, 0, 10088
2026/05/23 18:16:36.185, 0, 9, 10490
2026/05/23 18:16:36.187, 1, 0, 10088
2026/05/23 18:16:36.188, 2, 0, 10088
2026/05/23 18:16:36.190, 3, 0, 10088
2026/05/23 18:16:51.274, 0, 9, 10490
2026/05/23 18:16:51.276, 1, 0, 10088
2026/05/23 18:16:51.278, 2, 0, 10088
2026/05/23 18:16:51.279, 3, 0, 10088
2026/05/23 18:17:06.378, 0, 13, 10490
2026/05/23 18:17:06.380, 1, 0, 10088
2026/05/23 18:17:06.381, 2, 0, 10088
2026/05/23 18:17:06.383, 3, 0, 10088
2026/05/23 18:17:21.469, 0, 100, 10490
2026/05/23 18:17:21.471, 1, 100, 10088
2026/05/23 18:17:21.472, 2, 100, 10088
2026/05/23 18:17:21.474, 3, 0, 10088
2026/05/23 18:17:36.557, 0, 0, 10490
2026/05/23 18:17:36.559, 1, 0, 10088
2026/05/23 18:17:36.561, 2, 0, 10088
2026/05/23 18:17:36.562, 3, 0, 10088
2026/05/23 18:17:51.686, 0, 3, 10490
2026/05/23 18:17:51.688, 1, 0, 10088
2026/05/23 18:17:51.689, 2, 0, 10088
2026/05/23 18:17:51.690, 3, 0, 10088
2026/05/23 18:18:06.840, 0, 100, 10490
2026/05/23 18:18:06.844, 1, 100, 10088
2026/05/23 18:18:06.846, 2, 100, 10088
2026/05/23 18:18:06.849, 3, 0, 10088
2026/05/23 18:18:22.203, 0, 9, 10490
2026/05/23 18:18:22.205, 1, 0, 10088
2026/05/23 18:18:22.207, 2, 0, 10088
2026/05/23 18:18:22.208, 3, 0, 10088
2026/05/23 18:18:37.294, 0, 100, 10490
2026/05/23 18:18:37.296, 1, 100, 10088
2026/05/23 18:18:37.297, 2, 100, 10088
2026/05/23 18:18:37.299, 3, 0, 10088
2026/05/23 18:18:52.381, 0, 100, 10490
2026/05/23 18:18:52.383, 1, 100, 10088
2026/05/23 18:18:52.385, 2, 0, 10088
2026/05/23 18:18:52.386, 3, 0, 10088
2026/05/23 18:19:07.480, 0, 5, 10490
2026/05/23 18:19:07.483, 1, 0, 10088
2026/05/23 18:19:07.487, 2, 0, 10088
2026/05/23 18:19:07.490, 3, 0, 10088
2026/05/23 18:19:22.697, 0, 5, 10490
2026/05/23 18:19:22.699, 1, 0, 10088
2026/05/23 18:19:22.701, 2, 0, 10088
2026/05/23 18:19:22.702, 3, 0, 10088
2026/05/23 18:19:37.859, 0, 100, 10490
2026/05/23 18:19:37.861, 1, 0, 10088
2026/05/23 18:19:37.863, 2, 0, 10088
2026/05/23 18:19:37.864, 3, 0, 10088
2026/05/23 18:19:52.985, 0, 9, 10490
2026/05/23 18:19:52.987, 1, 0, 10088
2026/05/23 18:19:52.989, 2, 0, 10088
2026/05/23 18:19:52.990, 3, 0, 10088
2026/05/23 18:20:08.073, 0, 8, 10490
2026/05/23 18:20:08.075, 1, 0, 10088
2026/05/23 18:20:08.076, 2, 0, 10088
2026/05/23 18:20:08.078, 3, 0, 10088
2026/05/23 18:20:23.161, 0, 9, 10490
2026/05/23 18:20:23.163, 1, 0, 10088
2026/05/23 18:20:23.164, 2, 0, 10088
2026/05/23 18:20:23.166, 3, 0, 10088
2026/05/23 18:20:38.250, 0, 10, 10490
2026/05/23 18:20:38.252, 1, 0, 10088
2026/05/23 18:20:38.253, 2, 0, 10088
2026/05/23 18:20:38.255, 3, 0, 10088
2026/05/23 18:20:53.665, 0, 100, 10490
2026/05/23 18:20:53.669, 1, 0, 10088
2026/05/23 18:20:53.670, 2, 0, 10088
2026/05/23 18:20:53.671, 3, 0, 10088
2026/05/23 18:21:08.810, 0, 100, 10490
2026/05/23 18:21:08.813, 1, 100, 10088
2026/05/23 18:21:08.816, 2, 0, 10088
2026/05/23 18:21:08.817, 3, 0, 10088
2026/05/23 18:21:24.049, 0, 1, 10490
2026/05/23 18:21:24.053, 1, 100, 10088
2026/05/23 18:21:24.057, 2, 100, 10088
2026/05/23 18:21:24.060, 3, 0, 10088
2026/05/23 18:21:39.170, 0, 11, 10490
2026/05/23 18:21:39.173, 1, 0, 10088
2026/05/23 18:21:39.174, 2, 0, 10088
2026/05/23 18:21:39.175, 3, 0, 10088
2026/05/23 18:21:54.277, 0, 100, 10490
2026/05/23 18:21:54.280, 1, 100, 10088
2026/05/23 18:21:54.281, 2, 100, 10088
2026/05/23 18:21:54.282, 3, 100, 10088
2026/05/23 18:22:09.365, 0, 9, 10490
2026/05/23 18:22:09.367, 1, 0, 10088
2026/05/23 18:22:09.369, 2, 0, 10088
2026/05/23 18:22:09.370, 3, 0, 10088
2026/05/23 18:22:24.453, 0, 8, 10490
2026/05/23 18:22:24.455, 1, 0, 10088
2026/05/23 18:22:24.457, 2, 0, 10088
2026/05/23 18:22:24.458, 3, 0, 10088
2026/05/23 18:22:39.543, 0, 9, 10490
2026/05/23 18:22:39.545, 1, 100, 10088
2026/05/23 18:22:39.547, 2, 0, 10088
2026/05/23 18:22:39.548, 3, 0, 10088
2026/05/23 18:22:54.739, 0, 1, 10490
2026/05/23 18:22:54.741, 1, 0, 10088
2026/05/23 18:22:54.742, 2, 0, 10088
2026/05/23 18:22:54.744, 3, 0, 10088
2026/05/23 18:23:09.846, 0, 9, 10490
2026/05/23 18:23:09.848, 1, 0, 10088
2026/05/23 18:23:09.849, 2, 0, 10088
2026/05/23 18:23:09.850, 3, 0, 10088
2026/05/23 18:23:24.933, 0, 9, 10490
2026/05/23 18:23:24.935, 1, 0, 10088
2026/05/23 18:23:24.936, 2, 0, 10088
2026/05/23 18:23:24.938, 3, 0, 10088
2026/05/23 18:23:40.096, 0, 100, 10490
2026/05/23 18:23:40.098, 1, 100, 10088
2026/05/23 18:23:40.100, 2, 0, 10088
2026/05/23 18:23:40.101, 3, 0, 10088
2026/05/23 18:23:55.246, 0, 26, 10490
2026/05/23 18:23:55.249, 1, 0, 10088
2026/05/23 18:23:55.250, 2, 0, 10088
2026/05/23 18:23:55.252, 3, 0, 10088
2026/05/23 18:24:10.386, 0, 2, 10490
2026/05/23 18:24:10.388, 1, 0, 10088
2026/05/23 18:24:10.389, 2, 0, 10088
2026/05/23 18:24:10.390, 3, 0, 10088
2026/05/23 18:24:25.657, 0, 9, 10490
2026/05/23 18:24:25.659, 1, 0, 10088
2026/05/23 18:24:25.661, 2, 0, 10088
2026/05/23 18:24:25.662, 3, 0, 10088
2026/05/23 18:24:40.766, 0, 100, 10490
2026/05/23 18:24:40.768, 1, 0, 10088
2026/05/23 18:24:40.769, 2, 0, 10088
2026/05/23 18:24:40.771, 3, 0, 10088
2026/05/23 18:24:55.872, 0, 12, 10490
2026/05/23 18:24:55.875, 1, 0, 10088
2026/05/23 18:24:55.876, 2, 0, 10088
2026/05/23 18:24:55.878, 3, 0, 10088
2026/05/23 18:25:10.965, 0, 100, 10490
2026/05/23 18:25:10.967, 1, 16, 10088
2026/05/23 18:25:10.968, 2, 58, 10088
2026/05/23 18:25:10.970, 3, 100, 10088
2026/05/23 18:25:26.090, 0, 1, 10490
2026/05/23 18:25:26.092, 1, 0, 10088
2026/05/23 18:25:26.093, 2, 0, 10088
2026/05/23 18:25:26.094, 3, 0, 10088
2026/05/23 18:25:41.645, 0, 100, 10490
2026/05/23 18:25:41.647, 1, 100, 10088
2026/05/23 18:25:41.649, 2, 0, 10088
2026/05/23 18:25:41.650, 3, 0, 10088
2026/05/23 18:25:56.750, 0, 5, 10490
2026/05/23 18:25:56.752, 1, 0, 10088
2026/05/23 18:25:56.753, 2, 0, 10088
2026/05/23 18:25:56.755, 3, 0, 10088
2026/05/23 18:26:11.837, 0, 9, 10490
2026/05/23 18:26:11.839, 1, 0, 10088
2026/05/23 18:26:11.840, 2, 0, 10088
2026/05/23 18:26:11.842, 3, 0, 10088
2026/05/23 18:26:26.925, 0, 6, 10490
2026/05/23 18:26:26.927, 1, 0, 10088
2026/05/23 18:26:26.929, 2, 0, 10088
2026/05/23 18:26:26.930, 3, 0, 10088
2026/05/23 18:26:42.061, 0, 100, 10490
2026/05/23 18:26:42.065, 1, 100, 10088
2026/05/23 18:26:42.069, 2, 100, 10088
2026/05/23 18:26:42.072, 3, 97, 10088
2026/05/23 18:26:57.171, 0, 100, 10490
2026/05/23 18:26:57.176, 1, 100, 10088
2026/05/23 18:26:57.179, 2, 100, 10088
2026/05/23 18:26:57.182, 3, 0, 10088
2026/05/23 18:27:12.311, 0, 11, 10490
2026/05/23 18:27:12.313, 1, 0, 10088
2026/05/23 18:27:12.315, 2, 0, 10088
2026/05/23 18:27:12.316, 3, 0, 10088
2026/05/23 18:27:27.411, 0, 100, 10490
2026/05/23 18:27:27.413, 1, 100, 10088
2026/05/23 18:27:27.415, 2, 0, 10088
2026/05/23 18:27:27.416, 3, 0, 10088
2026/05/23 18:27:42.565, 0, 100, 10490
2026/05/23 18:27:42.567, 1, 100, 10088
2026/05/23 18:27:42.568, 2, 100, 10088
2026/05/23 18:27:42.569, 3, 100, 10088
2026/05/23 18:27:57.653, 0, 9, 10490
2026/05/23 18:27:57.655, 1, 0, 10088
2026/05/23 18:27:57.657, 2, 0, 10088
2026/05/23 18:27:57.658, 3, 0, 10088
2026/05/23 18:28:12.758, 0, 11, 10490
2026/05/23 18:28:12.760, 1, 0, 10088
2026/05/23 18:28:12.761, 2, 0, 10088
2026/05/23 18:28:12.763, 3, 0, 10088
2026/05/23 18:28:27.853, 0, 100, 10490
2026/05/23 18:28:27.857, 1, 100, 10088
2026/05/23 18:28:27.860, 2, 100, 10088
2026/05/23 18:28:27.863, 3, 0, 10088
2026/05/23 18:28:43.030, 0, 2, 10490
2026/05/23 18:28:43.032, 1, 0, 10088
2026/05/23 18:28:43.034, 2, 0, 10088
2026/05/23 18:28:43.035, 3, 0, 10088
2026/05/23 18:28:58.540, 0, 100, 10490
2026/05/23 18:28:58.544, 1, 100, 10088
2026/05/23 18:28:58.546, 2, 100, 10088
2026/05/23 18:28:58.549, 3, 0, 10088
2026/05/23 18:29:13.845, 0, 7, 10490
2026/05/23 18:29:13.847, 1, 0, 10088
2026/05/23 18:29:13.849, 2, 0, 10088
2026/05/23 18:29:13.850, 3, 0, 10088
2026/05/23 18:29:28.934, 0, 13, 10490
2026/05/23 18:29:28.936, 1, 0, 10088
2026/05/23 18:29:28.937, 2, 0, 10088
2026/05/23 18:29:28.939, 3, 0, 10088
2026/05/23 18:29:44.027, 0, 67, 10490
2026/05/23 18:29:44.031, 1, 100, 10088
2026/05/23 18:29:44.034, 2, 100, 10088
2026/05/23 18:29:44.037, 3, 0, 10088
2026/05/23 18:29:59.153, 0, 4, 10490
2026/05/23 18:29:59.155, 1, 0, 10088
2026/05/23 18:29:59.156, 2, 0, 10088
2026/05/23 18:29:59.158, 3, 100, 10088
2026/05/23 18:30:14.241, 0, 0, 10490
2026/05/23 18:30:14.243, 1, 0, 10088
2026/05/23 18:30:14.245, 2, 0, 10088
2026/05/23 18:30:14.246, 3, 0, 10088
2026/05/23 18:30:29.442, 0, 5, 10490
2026/05/23 18:30:29.444, 1, 0, 10088
2026/05/23 18:30:29.445, 2, 0, 10088
2026/05/23 18:30:29.541, 3, 0, 10088
2026/05/23 18:30:44.736, 0, 7, 10490
2026/05/23 18:30:44.738, 1, 0, 10088
2026/05/23 18:30:44.739, 2, 0, 10088
2026/05/23 18:30:44.741, 3, 0, 10088
2026/05/23 18:30:59.825, 0, 9, 10490
2026/05/23 18:30:59.827, 1, 0, 10088
2026/05/23 18:30:59.829, 2, 0, 10088
2026/05/23 18:30:59.830, 3, 0, 10088
2026/05/23 18:31:14.907, 0, 9, 10490
2026/05/23 18:31:14.909, 1, 0, 10088
2026/05/23 18:31:14.910, 2, 0, 10088
2026/05/23 18:31:14.911, 3, 100, 10088
2026/05/23 18:31:30.014, 0, 100, 10490
2026/05/23 18:31:30.016, 1, 100, 10088
2026/05/23 18:31:30.017, 2, 0, 10088
2026/05/23 18:31:30.019, 3, 0, 10088
2026/05/23 18:31:45.120, 0, 13, 10490
2026/05/23 18:31:45.122, 1, 0, 10088
2026/05/23 18:31:45.123, 2, 0, 10088
2026/05/23 18:31:45.125, 3, 0, 10088
2026/05/23 18:32:00.321, 0, 7, 10490
2026/05/23 18:32:00.323, 1, 0, 10088
2026/05/23 18:32:00.325, 2, 0, 10088
2026/05/23 18:32:00.326, 3, 0, 10088
2026/05/23 18:32:15.409, 0, 2, 10490
2026/05/23 18:32:15.411, 1, 0, 10088
2026/05/23 18:32:15.412, 2, 0, 10088
2026/05/23 18:32:15.414, 3, 0, 10088
2026/05/23 18:32:30.684, 0, 3, 10490
2026/05/23 18:32:30.686, 1, 0, 10088
2026/05/23 18:32:30.687, 2, 0, 10088
2026/05/23 18:32:30.688, 3, 0, 10088
2026/05/23 18:32:45.790, 0, 13, 10490
2026/05/23 18:32:45.792, 1, 0, 10088
2026/05/23 18:32:45.793, 2, 0, 10088
2026/05/23 18:32:45.795, 3, 0, 10088
2026/05/23 18:33:00.881, 0, 75, 10490
2026/05/23 18:33:00.885, 1, 100, 10088
2026/05/23 18:33:00.888, 2, 100, 10088
2026/05/23 18:33:00.891, 3, 0, 10088
2026/05/23 18:33:15.981, 0, 8, 10490
2026/05/23 18:33:15.983, 1, 0, 10088
2026/05/23 18:33:15.984, 2, 0, 10088
2026/05/23 18:33:15.986, 3, 100, 10088
2026/05/23 18:33:31.199, 0, 1, 10490
2026/05/23 18:33:31.202, 1, 0, 10088
2026/05/23 18:33:31.205, 2, 0, 10088
2026/05/23 18:33:31.207, 3, 0, 10088
2026/05/23 18:33:46.317, 0, 3, 10490
2026/05/23 18:33:46.319, 1, 0, 10088
2026/05/23 18:33:46.320, 2, 0, 10088
2026/05/23 18:33:46.322, 3, 0, 10088
2026/05/23 18:34:01.540, 0, 14, 10490
2026/05/23 18:34:01.542, 1, 0, 10088
2026/05/23 18:34:01.543, 2, 0, 10088
2026/05/23 18:34:01.544, 3, 0, 10088
2026/05/23 18:34:16.626, 0, 9, 10490
2026/05/23 18:34:16.628, 1, 100, 10088
2026/05/23 18:34:16.629, 2, 0, 10088
2026/05/23 18:34:16.631, 3, 0, 10088
2026/05/23 18:34:31.737, 0, 10, 10490
2026/05/23 18:34:31.741, 1, 0, 10088
2026/05/23 18:34:31.743, 2, 0, 10088
2026/05/23 18:34:31.744, 3, 0, 10088
2026/05/23 18:34:46.834, 0, 8, 10490
2026/05/23 18:34:46.836, 1, 100, 10088
2026/05/23 18:34:46.838, 2, 100, 10088
2026/05/23 18:34:46.839, 3, 100, 10088
2026/05/23 18:35:01.973, 0, 2, 10490
2026/05/23 18:35:01.976, 1, 0, 10088
2026/05/23 18:35:01.977, 2, 0, 10088
2026/05/23 18:35:01.978, 3, 0, 10088
2026/05/23 18:35:17.272, 0, 100, 10490
2026/05/23 18:35:17.274, 1, 0, 10088
2026/05/23 18:35:17.275, 2, 0, 10088
2026/05/23 18:35:17.277, 3, 0, 10088
2026/05/23 18:35:32.503, 0, 8, 10490
2026/05/23 18:35:32.505, 1, 0, 10088
2026/05/23 18:35:32.506, 2, 0, 10088
2026/05/23 18:35:32.507, 3, 0, 10088
2026/05/23 18:35:47.577, 0, 9, 10490
2026/05/23 18:35:47.579, 1, 0, 10088
2026/05/23 18:35:47.580, 2, 0, 10088
2026/05/23 18:35:47.581, 3, 0, 10088
2026/05/23 18:36:02.661, 0, 9, 10490
2026/05/23 18:36:02.663, 1, 100, 10088
2026/05/23 18:36:02.665, 2, 100, 10088
2026/05/23 18:36:02.666, 3, 100, 10088
2026/05/23 18:36:17.750, 0, 13, 10490
2026/05/23 18:36:17.752, 1, 0, 10088
2026/05/23 18:36:17.753, 2, 0, 10088
2026/05/23 18:36:17.755, 3, 0, 10088
2026/05/23 18:36:32.885, 0, 100, 10490
2026/05/23 18:36:32.887, 1, 0, 10088
2026/05/23 18:36:32.888, 2, 98, 10088
2026/05/23 18:36:32.890, 3, 0, 10088
2026/05/23 18:36:47.993, 0, 100, 10490
2026/05/23 18:36:47.995, 1, 0, 10088
2026/05/23 18:36:47.996, 2, 0, 10088
2026/05/23 18:36:47.997, 3, 100, 10088
2026/05/23 18:37:03.293, 0, 9, 10490
2026/05/23 18:37:03.295, 1, 0, 10088
2026/05/23 18:37:03.296, 2, 0, 10088
2026/05/23 18:37:03.297, 3, 0, 10088
2026/05/23 18:37:18.587, 0, 12, 10490
2026/05/23 18:37:18.589, 1, 0, 10088
2026/05/23 18:37:18.590, 2, 0, 10088
2026/05/23 18:37:18.591, 3, 0, 10088
2026/05/23 18:37:33.750, 0, 100, 10490
2026/05/23 18:37:33.752, 1, 100, 10088
2026/05/23 18:37:33.754, 2, 98, 10088
2026/05/23 18:37:33.755, 3, 100, 10088
2026/05/23 18:37:48.866, 0, 58, 10490
2026/05/23 18:37:48.870, 1, 100, 10088
2026/05/23 18:37:48.873, 2, 100, 10088
2026/05/23 18:37:48.875, 3, 100, 10088
2026/05/23 18:38:03.978, 0, 100, 10490
2026/05/23 18:38:03.980, 1, 100, 10088
2026/05/23 18:38:03.981, 2, 68, 10088
2026/05/23 18:38:03.982, 3, 100, 10088
2026/05/23 18:38:19.165, 0, 3, 10490
2026/05/23 18:38:19.167, 1, 0, 10088
2026/05/23 18:38:19.169, 2, 0, 10088
2026/05/23 18:38:19.170, 3, 0, 10088
2026/05/23 18:38:34.332, 0, 0, 10490
2026/05/23 18:38:34.335, 1, 0, 10088
2026/05/23 18:38:34.336, 2, 0, 10088
2026/05/23 18:38:34.337, 3, 0, 10088
2026/05/23 18:38:49.544, 0, 9, 10490
2026/05/23 18:38:49.548, 1, 0, 10088
2026/05/23 18:38:49.551, 2, 0, 10088
2026/05/23 18:38:49.555, 3, 0, 10088
2026/05/23 18:39:04.649, 0, 100, 10490
2026/05/23 18:39:04.651, 1, 100, 10088
2026/05/23 18:39:04.653, 2, 100, 10088
2026/05/23 18:39:04.654, 3, 0, 10088
2026/05/23 18:39:19.754, 0, 9, 10490
2026/05/23 18:39:19.756, 1, 100, 10088
2026/05/23 18:39:19.757, 2, 88, 10088
2026/05/23 18:39:19.758, 3, 0, 10088
2026/05/23 18:39:34.858, 0, 13, 10490
2026/05/23 18:39:34.861, 1, 0, 10088
2026/05/23 18:39:34.862, 2, 0, 10088
2026/05/23 18:39:34.863, 3, 0, 10088
2026/05/23 18:39:49.994, 0, 1, 10490
2026/05/23 18:39:49.996, 1, 0, 10088
2026/05/23 18:39:49.998, 2, 0, 10088
2026/05/23 18:39:49.999, 3, 0, 10088
2026/05/23 18:40:05.086, 0, 100, 10490
2026/05/23 18:40:05.088, 1, 0, 10088
2026/05/23 18:40:05.089, 2, 0, 10088
2026/05/23 18:40:05.090, 3, 0, 10088
2026/05/23 18:40:20.264, 0, 8, 10490
2026/05/23 18:40:20.267, 1, 0, 10088
2026/05/23 18:40:20.268, 2, 0, 10088
2026/05/23 18:40:20.269, 3, 0, 10088
2026/05/23 18:40:35.366, 0, 77, 10490
2026/05/23 18:40:35.371, 1, 100, 10088
2026/05/23 18:40:35.374, 2, 0, 10088
2026/05/23 18:40:35.375, 3, 0, 10088
2026/05/23 18:40:50.498, 0, 13, 10490
2026/05/23 18:40:50.500, 1, 0, 10088
2026/05/23 18:40:50.501, 2, 0, 10088
2026/05/23 18:40:50.503, 3, 0, 10088
2026/05/23 18:41:05.587, 0, 3, 10490
2026/05/23 18:41:05.590, 1, 0, 10088
2026/05/23 18:41:05.591, 2, 0, 10088
2026/05/23 18:41:05.593, 3, 0, 10088
2026/05/23 18:41:20.677, 0, 8, 10490
2026/05/23 18:41:20.679, 1, 0, 10088
2026/05/23 18:41:20.681, 2, 0, 10088
2026/05/23 18:41:20.682, 3, 0, 10088
2026/05/23 18:41:35.829, 0, 9, 10490
2026/05/23 18:41:35.831, 1, 0, 10088
2026/05/23 18:41:35.833, 2, 0, 10088
2026/05/23 18:41:35.834, 3, 0, 10088
2026/05/23 18:41:50.963, 0, 100, 10490
2026/05/23 18:41:50.967, 1, 100, 10088
2026/05/23 18:41:50.970, 2, 100, 10088
2026/05/23 18:41:50.973, 3, 51, 10088
2026/05/23 18:42:06.069, 0, 12, 10490
2026/05/23 18:42:06.072, 1, 0, 10088
2026/05/23 18:42:06.073, 2, 0, 10088
2026/05/23 18:42:06.074, 3, 0, 10088
2026/05/23 18:42:21.157, 0, 100, 10490
2026/05/23 18:42:21.159, 1, 0, 10088
2026/05/23 18:42:21.161, 2, 0, 10088
2026/05/23 18:42:21.162, 3, 100, 10088
2026/05/23 18:42:36.456, 0, 100, 10490
2026/05/23 18:42:36.458, 1, 0, 10088
2026/05/23 18:42:36.459, 2, 0, 10088
2026/05/23 18:42:36.460, 3, 0, 10088
2026/05/23 18:42:51.603, 0, 100, 10490
2026/05/23 18:42:51.607, 1, 100, 10088
2026/05/23 18:42:51.610, 2, 100, 10088
2026/05/23 18:42:51.613, 3, 0, 10088
2026/05/23 18:43:06.726, 0, 14, 10490
2026/05/23 18:43:06.728, 1, 0, 10088
2026/05/23 18:43:06.729, 2, 0, 10088
2026/05/23 18:43:06.731, 3, 0, 10088
2026/05/23 18:43:21.833, 0, 4, 10490
2026/05/23 18:43:21.835, 1, 100, 10088
2026/05/23 18:43:21.836, 2, 100, 10088
2026/05/23 18:43:21.838, 3, 100, 10088
2026/05/23 18:43:37.162, 0, 6, 10490
2026/05/23 18:43:37.163, 1, 0, 10088
2026/05/23 18:43:37.164, 2, 0, 10088
2026/05/23 18:43:37.165, 3, 0, 10088
2026/05/23 18:43:52.246, 0, 100, 10490
2026/05/23 18:43:52.248, 1, 100, 10088
2026/05/23 18:43:52.249, 2, 0, 10088
2026/05/23 18:43:52.250, 3, 0, 10088
2026/05/23 18:44:07.340, 0, 33, 10490
2026/05/23 18:44:07.344, 1, 100, 10088
2026/05/23 18:44:07.347, 2, 100, 10088
2026/05/23 18:44:07.351, 3, 0, 10088
2026/05/23 18:44:22.463, 0, 12, 10490
2026/05/23 18:44:22.465, 1, 0, 10088
2026/05/23 18:44:22.466, 2, 0, 10088
2026/05/23 18:44:22.468, 3, 0, 10088
2026/05/23 18:44:37.584, 0, 2, 10490
2026/05/23 18:44:37.587, 1, 0, 10088
2026/05/23 18:44:37.588, 2, 0, 10088
2026/05/23 18:44:37.590, 3, 0, 10088
2026/05/23 18:44:52.698, 0, 97, 10490
2026/05/23 18:44:52.702, 1, 0, 10088
2026/05/23 18:44:52.705, 2, 0, 10088
2026/05/23 18:44:52.707, 3, 0, 10088
2026/05/23 18:45:07.799, 0, 100, 10490
2026/05/23 18:45:07.803, 1, 0, 10088
2026/05/23 18:45:07.807, 2, 0, 10088
2026/05/23 18:45:07.808, 3, 0, 10088
2026/05/23 18:45:22.910, 0, 15, 10490
2026/05/23 18:45:22.912, 1, 0, 10088
2026/05/23 18:45:22.914, 2, 0, 10088
2026/05/23 18:45:22.915, 3, 0, 10088
2026/05/23 18:45:38.218, 0, 1, 10490
2026/05/23 18:45:38.223, 1, 100, 10088
2026/05/23 18:45:38.226, 2, 0, 10088
2026/05/23 18:45:38.228, 3, 0, 10088
2026/05/23 18:45:53.318, 0, 100, 10490
2026/05/23 18:45:53.320, 1, 100, 10088
2026/05/23 18:45:53.322, 2, 100, 10088
2026/05/23 18:45:53.323, 3, 0, 10088
2026/05/23 18:46:08.410, 0, 8, 10490
2026/05/23 18:46:08.412, 1, 0, 10088
2026/05/23 18:46:08.413, 2, 0, 10088
2026/05/23 18:46:08.415, 3, 0, 10088
2026/05/23 18:46:23.498, 0, 7, 10490
2026/05/23 18:46:23.500, 1, 0, 10088
2026/05/23 18:46:23.501, 2, 0, 10088
2026/05/23 18:46:23.503, 3, 0, 10088
2026/05/23 18:46:38.590, 0, 1, 10490
2026/05/23 18:46:38.593, 1, 0, 10088
2026/05/23 18:46:38.594, 2, 0, 10088
2026/05/23 18:46:38.595, 3, 0, 10088
2026/05/23 18:46:53.682, 0, 100, 10490
2026/05/23 18:46:53.685, 1, 85, 10088
2026/05/23 18:46:53.686, 2, 31, 10088
2026/05/23 18:46:53.688, 3, 0, 10088
2026/05/23 18:47:08.797, 0, 100, 10490
2026/05/23 18:47:08.802, 1, 100, 10088
2026/05/23 18:47:08.806, 2, 100, 10088
2026/05/23 18:47:08.809, 3, 100, 10088
2026/05/23 18:47:23.942, 0, 49, 10490
2026/05/23 18:47:23.945, 1, 100, 10088
2026/05/23 18:47:23.946, 2, 0, 10088
2026/05/23 18:47:23.947, 3, 0, 10088
2026/05/23 18:47:39.076, 0, 9, 10490
2026/05/23 18:47:39.078, 1, 0, 10088
2026/05/23 18:47:39.080, 2, 0, 10088
2026/05/23 18:47:39.082, 3, 0, 10088
2026/05/23 18:47:54.170, 0, 1, 10490
2026/05/23 18:47:54.173, 1, 0, 10088
2026/05/23 18:47:54.174, 2, 0, 10088
2026/05/23 18:47:54.175, 3, 0, 10088
2026/05/23 18:48:09.356, 0, 9, 10490
2026/05/23 18:48:09.358, 1, 0, 10088
2026/05/23 18:48:09.359, 2, 0, 10088
2026/05/23 18:48:09.360, 3, 0, 10088
2026/05/23 18:48:24.446, 0, 8, 10490
2026/05/23 18:48:24.448, 1, 0, 10088
2026/05/23 18:48:24.450, 2, 0, 10088
2026/05/23 18:48:24.451, 3, 0, 10088
2026/05/23 18:48:39.546, 0, 9, 10490
2026/05/23 18:48:39.551, 1, 0, 10088
2026/05/23 18:48:39.554, 2, 0, 10088
2026/05/23 18:48:39.555, 3, 0, 10088
2026/05/23 18:48:54.658, 0, 13, 10490
2026/05/23 18:48:54.660, 1, 0, 10088
2026/05/23 18:48:54.662, 2, 0, 10088
2026/05/23 18:48:54.663, 3, 0, 10088
2026/05/23 18:49:09.755, 0, 4, 10490
2026/05/23 18:49:09.757, 1, 100, 10088
2026/05/23 18:49:09.758, 2, 0, 10088
2026/05/23 18:49:09.759, 3, 0, 10088
2026/05/23 18:49:25.005, 0, 0, 10490
2026/05/23 18:49:25.007, 1, 0, 10088
2026/05/23 18:49:25.008, 2, 0, 10088
2026/05/23 18:49:25.010, 3, 0, 10088
2026/05/23 18:49:40.113, 0, 9, 10490
2026/05/23 18:49:40.116, 1, 0, 10088
2026/05/23 18:49:40.117, 2, 0, 10088
2026/05/23 18:49:40.118, 3, 0, 10088
2026/05/23 18:49:55.238, 0, 14, 10490
2026/05/23 18:49:55.240, 1, 0, 10088
2026/05/23 18:49:55.241, 2, 0, 10088
2026/05/23 18:49:55.242, 3, 100, 10088
2026/05/23 18:50:10.325, 0, 3, 10490
2026/05/23 18:50:10.327, 1, 0, 10088
2026/05/23 18:50:10.329, 2, 0, 10088
2026/05/23 18:50:10.330, 3, 0, 10088
2026/05/23 18:50:25.465, 0, 9, 10490
2026/05/23 18:50:25.467, 1, 0, 10088
2026/05/23 18:50:25.469, 2, 0, 10088
2026/05/23 18:50:25.470, 3, 0, 10088
2026/05/23 18:50:40.553, 0, 59, 10490
2026/05/23 18:50:40.555, 1, 0, 10088
2026/05/23 18:50:40.557, 2, 0, 10088
2026/05/23 18:50:40.558, 3, 0, 10088
2026/05/23 18:50:55.658, 0, 11, 10490
2026/05/23 18:50:55.660, 1, 0, 10088
2026/05/23 18:50:55.661, 2, 0, 10088
2026/05/23 18:50:55.663, 3, 0, 10088
2026/05/23 18:51:10.787, 0, 7, 10490
2026/05/23 18:51:10.790, 1, 0, 10088
2026/05/23 18:51:10.793, 2, 0, 10088
2026/05/23 18:51:10.795, 3, 0, 10088
2026/05/23 18:51:25.889, 0, 3, 10490
2026/05/23 18:51:25.891, 1, 0, 10088
2026/05/23 18:51:25.892, 2, 0, 10088
2026/05/23 18:51:25.894, 3, 0, 10088
2026/05/23 18:51:41.017, 0, 100, 10490
2026/05/23 18:51:41.021, 1, 100, 10088
2026/05/23 18:51:41.024, 2, 100, 10088
2026/05/23 18:51:41.028, 3, 0, 10088
2026/05/23 18:51:56.126, 0, 9, 10490
2026/05/23 18:51:56.130, 1, 100, 10088
2026/05/23 18:51:56.133, 2, 0, 10088
2026/05/23 18:51:56.135, 3, 0, 10088
2026/05/23 18:52:11.226, 0, 12, 10490
2026/05/23 18:52:11.228, 1, 0, 10088
2026/05/23 18:52:11.229, 2, 0, 10088
2026/05/23 18:52:11.231, 3, 0, 10088
2026/05/23 18:52:26.376, 0, 100, 10490
2026/05/23 18:52:26.380, 1, 93, 10088
2026/05/23 18:52:26.383, 2, 58, 10088
2026/05/23 18:52:26.386, 3, 100, 10088
2026/05/23 18:52:41.710, 0, 9, 10490
2026/05/23 18:52:41.712, 1, 0, 10088
2026/05/23 18:52:41.713, 2, 0, 10088
2026/05/23 18:52:41.715, 3, 0, 10088
2026/05/23 18:52:56.877, 0, 100, 10490
2026/05/23 18:52:56.881, 1, 0, 10088
2026/05/23 18:52:56.884, 2, 0, 10088
2026/05/23 18:52:56.886, 3, 0, 10088
2026/05/23 18:53:11.991, 0, 9, 10490
2026/05/23 18:53:11.993, 1, 0, 10088
2026/05/23 18:53:11.994, 2, 0, 10088
2026/05/23 18:53:11.995, 3, 0, 10088
2026/05/23 18:53:27.096, 0, 12, 10490
2026/05/23 18:53:27.099, 1, 0, 10088
2026/05/23 18:53:27.100, 2, 0, 10088
2026/05/23 18:53:27.102, 3, 0, 10088
2026/05/23 18:53:42.187, 0, 8, 10490
2026/05/23 18:53:42.189, 1, 0, 10088
2026/05/23 18:53:42.190, 2, 0, 10088
2026/05/23 18:53:42.192, 3, 0, 10088
2026/05/23 18:53:57.277, 0, 5, 10490
2026/05/23 18:53:57.279, 1, 0, 10088
2026/05/23 18:53:57.281, 2, 0, 10088
2026/05/23 18:53:57.282, 3, 0, 10088
2026/05/23 18:54:12.537, 0, 9, 10490
2026/05/23 18:54:12.539, 1, 0, 10088
2026/05/23 18:54:12.541, 2, 0, 10088
2026/05/23 18:54:12.542, 3, 0, 10088
2026/05/23 18:54:27.642, 0, 13, 10490
2026/05/23 18:54:27.644, 1, 0, 10088
2026/05/23 18:54:27.646, 2, 0, 10088
2026/05/23 18:54:27.647, 3, 0, 10088
2026/05/23 18:54:42.809, 0, 23, 10490
2026/05/23 18:54:42.813, 1, 100, 10088
2026/05/23 18:54:42.816, 2, 100, 10088
2026/05/23 18:54:42.819, 3, 100, 10088
2026/05/23 18:54:57.917, 0, 8, 10490
2026/05/23 18:54:57.919, 1, 0, 10088
2026/05/23 18:54:57.921, 2, 0, 10088
2026/05/23 18:54:57.922, 3, 0, 10088
2026/05/23 18:55:13.026, 0, 8, 10490
2026/05/23 18:55:13.028, 1, 0, 10088
2026/05/23 18:55:13.029, 2, 0, 10088
2026/05/23 18:55:13.030, 3, 0, 10088
2026/05/23 18:55:28.165, 0, 8, 10490
2026/05/23 18:55:28.167, 1, 0, 10088
2026/05/23 18:55:28.168, 2, 0, 10088
2026/05/23 18:55:28.170, 3, 0, 10088
2026/05/23 18:55:43.271, 0, 12, 10490
2026/05/23 18:55:43.274, 1, 0, 10088
2026/05/23 18:55:43.275, 2, 0, 10088
2026/05/23 18:55:43.276, 3, 0, 10088
2026/05/23 18:55:58.361, 0, 8, 10490
2026/05/23 18:55:58.366, 1, 0, 10088
2026/05/23 18:55:58.367, 2, 0, 10088
2026/05/23 18:55:58.369, 3, 0, 10088
2026/05/23 18:56:13.453, 0, 100, 10490
2026/05/23 18:56:13.455, 1, 0, 10088
2026/05/23 18:56:13.457, 2, 0, 10088
2026/05/23 18:56:13.458, 3, 0, 10088
2026/05/23 18:56:28.546, 0, 6, 10490
2026/05/23 18:56:28.550, 1, 100, 10088
2026/05/23 18:56:28.553, 2, 0, 10088
2026/05/23 18:56:28.554, 3, 0, 10088
2026/05/23 18:56:43.649, 0, 7, 10490
2026/05/23 18:56:43.653, 1, 100, 10088
2026/05/23 18:56:43.656, 2, 0, 10088
2026/05/23 18:56:43.657, 3, 0, 10088
2026/05/23 18:56:58.838, 0, 4, 10490
2026/05/23 18:56:58.840, 1, 0, 10088
2026/05/23 18:56:58.841, 2, 0, 10088
2026/05/23 18:56:58.843, 3, 0, 10088
2026/05/23 18:57:13.925, 0, 4, 10490
2026/05/23 18:57:13.927, 1, 100, 10088
2026/05/23 18:57:13.929, 2, 100, 10088
2026/05/23 18:57:13.930, 3, 0, 10088
2026/05/23 18:57:29.030, 0, 8, 10490
2026/05/23 18:57:29.032, 1, 0, 10088
2026/05/23 18:57:29.033, 2, 0, 10088
2026/05/23 18:57:29.034, 3, 0, 10088
2026/05/23 18:57:44.117, 0, 9, 10490
2026/05/23 18:57:44.119, 1, 0, 10088
2026/05/23 18:57:44.121, 2, 0, 10088
2026/05/23 18:57:44.122, 3, 0, 10088
2026/05/23 18:57:59.242, 0, 12, 10490
2026/05/23 18:57:59.244, 1, 0, 10088
2026/05/23 18:57:59.246, 2, 0, 10088
2026/05/23 18:57:59.247, 3, 0, 10088
2026/05/23 18:58:14.430, 0, 0, 10490
2026/05/23 18:58:14.435, 1, 88, 10088
2026/05/23 18:58:14.439, 2, 98, 10088
2026/05/23 18:58:14.442, 3, 0, 10088
2026/05/23 18:58:29.549, 0, 100, 10490
2026/05/23 18:58:29.551, 1, 97, 10088
2026/05/23 18:58:29.553, 2, 0, 10088
2026/05/23 18:58:29.554, 3, 0, 10088
2026/05/23 18:58:45.038, 0, 100, 10490
2026/05/23 18:58:45.041, 1, 0, 10088
2026/05/23 18:58:45.042, 2, 34, 10088
2026/05/23 18:58:45.043, 3, 0, 10088
2026/05/23 18:59:00.126, 0, 9, 10490
2026/05/23 18:59:00.128, 1, 0, 10088
2026/05/23 18:59:00.129, 2, 0, 10088
2026/05/23 18:59:00.131, 3, 0, 10088
2026/05/23 18:59:15.214, 0, 14, 10490
2026/05/23 18:59:15.216, 1, 0, 10088
2026/05/23 18:59:15.218, 2, 0, 10088
2026/05/23 18:59:15.219, 3, 0, 10088
2026/05/23 18:59:30.306, 0, 9, 10490
2026/05/23 18:59:30.309, 1, 0, 10088
2026/05/23 18:59:30.310, 2, 0, 10088
2026/05/23 18:59:30.311, 3, 0, 10088
2026/05/23 18:59:45.417, 0, 9, 10490
2026/05/23 18:59:45.419, 1, 0, 10088
2026/05/23 18:59:45.421, 2, 0, 10088
2026/05/23 18:59:45.422, 3, 0, 10088
2026/05/23 19:00:00.510, 0, 100, 10490
2026/05/23 19:00:00.514, 1, 100, 10088
2026/05/23 19:00:00.517, 2, 0, 10088
2026/05/23 19:00:00.518, 3, 0, 10088
2026/05/23 19:00:15.631, 0, 12, 10490
2026/05/23 19:00:15.633, 1, 0, 10088
2026/05/23 19:00:15.634, 2, 0, 10088
2026/05/23 19:00:15.636, 3, 0, 10088
2026/05/23 19:00:30.992, 0, 100, 10490
2026/05/23 19:00:30.994, 1, 100, 10088
2026/05/23 19:00:30.995, 2, 99, 10088
2026/05/23 19:00:30.996, 3, 0, 10088
2026/05/23 19:00:46.078, 0, 8, 10490
2026/05/23 19:00:46.080, 1, 0, 10088
2026/05/23 19:00:46.081, 2, 0, 10088
2026/05/23 19:00:46.083, 3, 0, 10088
2026/05/23 19:01:01.169, 0, 5, 10490
2026/05/23 19:01:01.171, 1, 0, 10088
2026/05/23 19:01:01.172, 2, 0, 10088
2026/05/23 19:01:01.174, 3, 0, 10088
2026/05/23 19:01:16.295, 0, 13, 10490
2026/05/23 19:01:16.297, 1, 0, 10088
2026/05/23 19:01:16.299, 2, 0, 10088
2026/05/23 19:01:16.300, 3, 0, 10088
2026/05/23 19:01:31.387, 0, 3, 10490
2026/05/23 19:01:31.389, 1, 0, 10088
2026/05/23 19:01:31.391, 2, 0, 10088
2026/05/23 19:01:31.393, 3, 0, 10088
2026/05/23 19:01:46.626, 0, 100, 10490
2026/05/23 19:01:46.628, 1, 0, 10088
2026/05/23 19:01:46.629, 2, 0, 10088
2026/05/23 19:01:46.630, 3, 0, 10088
2026/05/23 19:02:01.709, 0, 100, 10490
2026/05/23 19:02:01.711, 1, 100, 10088
2026/05/23 19:02:01.712, 2, 100, 10088
2026/05/23 19:02:01.714, 3, 0, 10088
2026/05/23 19:02:16.797, 0, 100, 10490
2026/05/23 19:02:16.799, 1, 6, 10088
2026/05/23 19:02:16.800, 2, 0, 10088
2026/05/23 19:02:16.802, 3, 0, 10088
2026/05/23 19:02:31.921, 0, 13, 10490
2026/05/23 19:02:31.924, 1, 0, 10088
2026/05/23 19:02:31.925, 2, 0, 10088
2026/05/23 19:02:31.926, 3, 0, 10088
2026/05/23 19:02:47.010, 0, 9, 10490
2026/05/23 19:02:47.012, 1, 0, 10088
2026/05/23 19:02:47.013, 2, 0, 10088
2026/05/23 19:02:47.015, 3, 0, 10088
2026/05/23 19:03:02.129, 0, 9, 10490
2026/05/23 19:03:02.131, 1, 0, 10088
2026/05/23 19:03:02.133, 2, 0, 10088
2026/05/23 19:03:02.134, 3, 0, 10088
2026/05/23 19:03:17.305, 0, 6, 10490
2026/05/23 19:03:17.307, 1, 0, 10088
2026/05/23 19:03:17.309, 2, 0, 10088
2026/05/23 19:03:17.310, 3, 0, 10088
2026/05/23 19:03:32.571, 0, 10, 10490
2026/05/23 19:03:32.574, 1, 0, 10088
2026/05/23 19:03:32.575, 2, 0, 10088
2026/05/23 19:03:32.576, 3, 0, 10088
2026/05/23 19:03:47.670, 0, 10, 10490
2026/05/23 19:03:47.674, 1, 0, 10088
2026/05/23 19:03:47.677, 2, 0, 10088
2026/05/23 19:03:47.680, 3, 0, 10088
2026/05/23 19:04:02.796, 0, 8, 10490
2026/05/23 19:04:02.800, 1, 0, 10088
2026/05/23 19:04:02.801, 2, 0, 10088
2026/05/23 19:04:02.803, 3, 0, 10088
2026/05/23 19:04:17.882, 0, 11, 10490
2026/05/23 19:04:17.883, 1, 100, 10088
2026/05/23 19:04:17.884, 2, 100, 10088
2026/05/23 19:04:17.885, 3, 100, 10088
2026/05/23 19:04:32.965, 0, 9, 10490
2026/05/23 19:04:32.967, 1, 0, 10088
2026/05/23 19:04:32.968, 2, 0, 10088
2026/05/23 19:04:32.970, 3, 0, 10088
2026/05/23 19:04:48.142, 0, 15, 10490
2026/05/23 19:04:48.144, 1, 0, 10088
2026/05/23 19:04:48.145, 2, 0, 10088
2026/05/23 19:04:48.147, 3, 0, 10088
2026/05/23 19:05:03.412, 0, 100, 10490
2026/05/23 19:05:03.416, 1, 100, 10088
2026/05/23 19:05:03.419, 2, 100, 10088
2026/05/23 19:05:03.422, 3, 0, 10088
2026/05/23 19:05:18.611, 0, 8, 10490
2026/05/23 19:05:18.615, 1, 0, 10088
2026/05/23 19:05:18.618, 2, 0, 10088
2026/05/23 19:05:18.619, 3, 0, 10088
2026/05/23 19:05:33.709, 0, 8, 10490
2026/05/23 19:05:33.711, 1, 0, 10088
2026/05/23 19:05:33.713, 2, 0, 10088
2026/05/23 19:05:33.714, 3, 0, 10088
2026/05/23 19:05:48.814, 0, 1, 10490
2026/05/23 19:05:48.817, 1, 0, 10088
2026/05/23 19:05:48.818, 2, 0, 10088
2026/05/23 19:05:48.820, 3, 0, 10088
2026/05/23 19:06:03.976, 0, 100, 10490
2026/05/23 19:06:03.979, 1, 100, 10088
2026/05/23 19:06:03.982, 2, 100, 10088
2026/05/23 19:06:03.985, 3, 15, 10088
2026/05/23 19:06:19.201, 0, 9, 10490
2026/05/23 19:06:19.203, 1, 0, 10088
2026/05/23 19:06:19.204, 2, 0, 10088
2026/05/23 19:06:19.206, 3, 0, 10088
2026/05/23 19:06:34.289, 0, 60, 10490
2026/05/23 19:06:34.291, 1, 0, 10088
2026/05/23 19:06:34.292, 2, 0, 10088
2026/05/23 19:06:34.294, 3, 0, 10088
2026/05/23 19:06:49.378, 0, 9, 10490
2026/05/23 19:06:49.380, 1, 0, 10088
2026/05/23 19:06:49.382, 2, 0, 10088
2026/05/23 19:06:49.383, 3, 0, 10088
2026/05/23 19:07:04.559, 0, 12, 10490
2026/05/23 19:07:04.561, 1, 0, 10088
2026/05/23 19:07:04.563, 2, 0, 10088
2026/05/23 19:07:04.564, 3, 0, 10088
2026/05/23 19:07:19.857, 0, 9, 10490
2026/05/23 19:07:19.859, 1, 0, 10088
2026/05/23 19:07:19.860, 2, 0, 10088
2026/05/23 19:07:19.862, 3, 0, 10088
2026/05/23 19:07:34.939, 0, 9, 10490
2026/05/23 19:07:34.941, 1, 100, 10088
2026/05/23 19:07:34.942, 2, 100, 10088
2026/05/23 19:07:34.943, 3, 0, 10088
2026/05/23 19:07:50.026, 0, 5, 10490
2026/05/23 19:07:50.028, 1, 0, 10088
2026/05/23 19:07:50.029, 2, 0, 10088
2026/05/23 19:07:50.030, 3, 0, 10088
2026/05/23 19:08:05.212, 0, 13, 10490
2026/05/23 19:08:05.215, 1, 0, 10088
2026/05/23 19:08:05.216, 2, 0, 10088
2026/05/23 19:08:05.217, 3, 0, 10088
2026/05/23 19:08:20.582, 0, 70, 10490
2026/05/23 19:08:20.586, 1, 100, 10088
2026/05/23 19:08:20.589, 2, 100, 10088
2026/05/23 19:08:20.593, 3, 100, 10088
2026/05/23 19:08:35.817, 0, 9, 10490
2026/05/23 19:08:35.819, 1, 0, 10088
2026/05/23 19:08:35.821, 2, 0, 10088
2026/05/23 19:08:35.822, 3, 0, 10088
2026/05/23 19:08:50.914, 0, 100, 10490
2026/05/23 19:08:50.918, 1, 0, 10088
2026/05/23 19:08:50.920, 2, 0, 10088
2026/05/23 19:08:50.924, 3, 100, 10088
2026/05/23 19:09:06.034, 0, 16, 10490
2026/05/23 19:09:06.036, 1, 0, 10088
2026/05/23 19:09:06.038, 2, 0, 10088
2026/05/23 19:09:06.039, 3, 0, 10088
2026/05/23 19:09:21.240, 0, 100, 10490
2026/05/23 19:09:21.243, 1, 0, 10088
2026/05/23 19:09:21.246, 2, 0, 10088
2026/05/23 19:09:21.249, 3, 0, 10088
2026/05/23 19:09:36.445, 0, 9, 10490
2026/05/23 19:09:36.447, 1, 0, 10088
2026/05/23 19:09:36.449, 2, 0, 10088
2026/05/23 19:09:36.450, 3, 0, 10088
2026/05/23 19:09:51.534, 0, 100, 10490
2026/05/23 19:09:51.536, 1, 100, 10088
2026/05/23 19:09:51.537, 2, 100, 10088
2026/05/23 19:09:51.538, 3, 0, 10088
2026/05/23 19:10:06.622, 0, 7, 10490
2026/05/23 19:10:06.624, 1, 0, 10088
2026/05/23 19:10:06.625, 2, 0, 10088
2026/05/23 19:10:06.627, 3, 0, 10088
2026/05/23 19:10:21.794, 0, 13, 10490
2026/05/23 19:10:21.797, 1, 0, 10088
2026/05/23 19:10:21.798, 2, 0, 10088
2026/05/23 19:10:21.800, 3, 0, 10088
2026/05/23 19:10:36.886, 0, 100, 10490
2026/05/23 19:10:36.888, 1, 100, 10088
2026/05/23 19:10:36.889, 2, 100, 10088
2026/05/23 19:10:36.890, 3, 0, 10088
2026/05/23 19:10:52.023, 0, 100, 10490
2026/05/23 19:10:52.027, 1, 0, 10088
2026/05/23 19:10:52.028, 2, 0, 10088
2026/05/23 19:10:52.029, 3, 0, 10088
2026/05/23 19:11:07.139, 0, 9, 10490
2026/05/23 19:11:07.141, 1, 0, 10088
2026/05/23 19:11:07.142, 2, 0, 10088
2026/05/23 19:11:07.143, 3, 0, 10088
2026/05/23 19:11:22.331, 0, 8, 10490
2026/05/23 19:11:22.333, 1, 0, 10088
2026/05/23 19:11:22.334, 2, 0, 10088
2026/05/23 19:11:22.336, 3, 0, 10088
2026/05/23 19:11:37.458, 0, 100, 10490
2026/05/23 19:11:37.460, 1, 50, 10088
2026/05/23 19:11:37.462, 2, 0, 10088
2026/05/23 19:11:37.463, 3, 0, 10088
2026/05/23 19:11:52.549, 0, 100, 10490
2026/05/23 19:11:52.551, 1, 0, 10088
2026/05/23 19:11:52.552, 2, 0, 10088
2026/05/23 19:11:52.554, 3, 0, 10088
2026/05/23 19:12:07.637, 0, 8, 10490
2026/05/23 19:12:07.639, 1, 0, 10088
2026/05/23 19:12:07.640, 2, 0, 10088
2026/05/23 19:12:07.642, 3, 0, 10088
2026/05/23 19:12:22.829, 0, 9, 10490
2026/05/23 19:12:22.831, 1, 0, 10088
2026/05/23 19:12:22.833, 2, 0, 10088
2026/05/23 19:12:22.834, 3, 0, 10088
2026/05/23 19:12:38.042, 0, 12, 10490
2026/05/23 19:12:38.044, 1, 0, 10088
2026/05/23 19:12:38.045, 2, 0, 10088
2026/05/23 19:12:38.047, 3, 0, 10088
2026/05/23 19:12:53.138, 0, 100, 10490
2026/05/23 19:12:53.141, 1, 100, 10088
2026/05/23 19:12:53.145, 2, 100, 10088
2026/05/23 19:12:53.148, 3, 100, 10088
2026/05/23 19:13:08.241, 0, 0, 10490
2026/05/23 19:13:08.243, 1, 0, 10088
2026/05/23 19:13:08.245, 2, 0, 10088
2026/05/23 19:13:08.246, 3, 100, 10088
2026/05/23 19:13:23.421, 0, 100, 10490
2026/05/23 19:13:23.423, 1, 0, 10088
2026/05/23 19:13:23.424, 2, 0, 10088
2026/05/23 19:13:23.425, 3, 0, 10088
2026/05/23 19:13:38.526, 0, 14, 10490
2026/05/23 19:13:38.528, 1, 0, 10088
2026/05/23 19:13:38.529, 2, 0, 10088
2026/05/23 19:13:38.531, 3, 0, 10088
2026/05/23 19:13:53.691, 0, 10, 10490
2026/05/23 19:13:53.695, 1, 0, 10088
2026/05/23 19:13:53.699, 2, 0, 10088
2026/05/23 19:13:53.700, 3, 0, 10088
2026/05/23 19:14:08.789, 0, 9, 10490
2026/05/23 19:14:08.792, 1, 0, 10088
2026/05/23 19:14:08.793, 2, 0, 10088
2026/05/23 19:14:08.794, 3, 0, 10088
2026/05/23 19:14:23.930, 0, 9, 10490
2026/05/23 19:14:23.932, 1, 0, 10088
2026/05/23 19:14:23.934, 2, 0, 10088
2026/05/23 19:14:23.935, 3, 0, 10088
2026/05/23 19:14:39.029, 0, 100, 10490
2026/05/23 19:14:39.033, 1, 0, 10088
2026/05/23 19:14:39.036, 2, 0, 10088
2026/05/23 19:14:39.039, 3, 0, 10088
2026/05/23 19:14:54.150, 0, 10, 10490
2026/05/23 19:14:54.152, 1, 0, 10088
2026/05/23 19:14:54.154, 2, 0, 10088
2026/05/23 19:14:54.155, 3, 0, 10088
2026/05/23 19:15:09.270, 0, 100, 10490
2026/05/23 19:15:09.275, 1, 100, 10088
2026/05/23 19:15:09.278, 2, 100, 10088
2026/05/23 19:15:09.281, 3, 0, 10088
2026/05/23 19:15:24.469, 0, 0, 10490
2026/05/23 19:15:24.472, 1, 0, 10088
2026/05/23 19:15:24.473, 2, 0, 10088
2026/05/23 19:15:24.474, 3, 0, 10088
2026/05/23 19:15:39.574, 0, 9, 10490
2026/05/23 19:15:39.576, 1, 0, 10088
2026/05/23 19:15:39.578, 2, 0, 10088
2026/05/23 19:15:39.579, 3, 0, 10088
2026/05/23 19:15:54.677, 0, 11, 10490
2026/05/23 19:15:54.679, 1, 0, 10088
2026/05/23 19:15:54.681, 2, 0, 10088
2026/05/23 19:15:54.682, 3, 0, 10088
2026/05/23 19:16:09.771, 0, 3, 10490
2026/05/23 19:16:09.775, 1, 99, 10088
2026/05/23 19:16:09.778, 2, 0, 10088
2026/05/23 19:16:09.779, 3, 0, 10088
2026/05/23 19:16:24.863, 0, 9, 10490
2026/05/23 19:16:24.865, 1, 0, 10088
2026/05/23 19:16:24.866, 2, 0, 10088
2026/05/23 19:16:24.868, 3, 0, 10088
2026/05/23 19:16:40.065, 0, 9, 10490
2026/05/23 19:16:40.067, 1, 0, 10088
2026/05/23 19:16:40.068, 2, 0, 10088
2026/05/23 19:16:40.070, 3, 0, 10088
2026/05/23 19:16:55.158, 0, 100, 10490
2026/05/23 19:16:55.161, 1, 0, 10088
2026/05/23 19:16:55.164, 2, 0, 10088
2026/05/23 19:16:55.166, 3, 0, 10088
2026/05/23 19:17:10.293, 0, 11, 10490
2026/05/23 19:17:10.295, 1, 0, 10088
2026/05/23 19:17:10.297, 2, 0, 10088
2026/05/23 19:17:10.298, 3, 0, 10088
2026/05/23 19:17:25.417, 0, 5, 10490
2026/05/23 19:17:25.419, 1, 0, 10088
2026/05/23 19:17:25.421, 2, 0, 10088
2026/05/23 19:17:25.422, 3, 0, 10088
2026/05/23 19:17:40.801, 0, 8, 10490
2026/05/23 19:17:40.802, 1, 0, 10088
2026/05/23 19:17:40.804, 2, 0, 10088
2026/05/23 19:17:40.805, 3, 0, 10088
2026/05/23 19:17:55.921, 0, 100, 10490
2026/05/23 19:17:55.923, 1, 0, 10088
2026/05/23 19:17:55.925, 2, 0, 10088
2026/05/23 19:17:55.926, 3, 0, 10088
2026/05/23 19:18:11.026, 0, 13, 10490
2026/05/23 19:18:11.029, 1, 0, 10088
2026/05/23 19:18:11.030, 2, 0, 10088
2026/05/23 19:18:11.031, 3, 0, 10088
2026/05/23 19:18:26.119, 0, 8, 10490
2026/05/23 19:18:26.121, 1, 0, 10088
2026/05/23 19:18:26.122, 2, 0, 10088
2026/05/23 19:18:26.124, 3, 0, 10088
2026/05/23 19:18:41.209, 0, 10, 10490
2026/05/23 19:18:41.211, 1, 0, 10088
2026/05/23 19:18:41.213, 2, 0, 10088
2026/05/23 19:18:41.214, 3, 0, 10088
2026/05/23 19:18:56.305, 0, 6, 10490
2026/05/23 19:18:56.307, 1, 0, 10088
2026/05/23 19:18:56.309, 2, 0, 10088
2026/05/23 19:18:56.310, 3, 0, 10088
2026/05/23 19:19:11.511, 0, 9, 10490
2026/05/23 19:19:11.513, 1, 0, 10088
2026/05/23 19:19:11.515, 2, 0, 10088
2026/05/23 19:19:11.516, 3, 0, 10088
2026/05/23 19:19:26.622, 0, 13, 10490
2026/05/23 19:19:26.624, 1, 0, 10088
2026/05/23 19:19:26.625, 2, 0, 10088
2026/05/23 19:19:26.627, 3, 0, 10088
2026/05/23 19:19:41.714, 0, 8, 10490
2026/05/23 19:19:41.719, 1, 0, 10088
2026/05/23 19:19:41.722, 2, 0, 10088
2026/05/23 19:19:41.723, 3, 0, 10088
2026/05/23 19:19:56.810, 0, 100, 10490
2026/05/23 19:19:56.812, 1, 0, 10088
2026/05/23 19:19:56.813, 2, 20, 10088
2026/05/23 19:19:56.814, 3, 0, 10088
2026/05/23 19:20:11.922, 0, 4, 10490
2026/05/23 19:20:11.925, 1, 0, 10088
2026/05/23 19:20:11.929, 2, 0, 10088
2026/05/23 19:20:11.933, 3, 0, 10088
2026/05/23 19:20:27.142, 0, 8, 10490
2026/05/23 19:20:27.144, 1, 0, 10088
2026/05/23 19:20:27.145, 2, 0, 10088
2026/05/23 19:20:27.147, 3, 0, 10088
2026/05/23 19:20:42.415, 0, 3, 10490
2026/05/23 19:20:42.547, 1, 0, 10088
2026/05/23 19:20:42.548, 2, 0, 10088
2026/05/23 19:20:42.549, 3, 0, 10088
2026/05/23 19:20:57.715, 0, 100, 10490
2026/05/23 19:20:57.719, 1, 100, 10088
2026/05/23 19:20:57.722, 2, 100, 10088
2026/05/23 19:20:57.725, 3, 0, 10088
2026/05/23 19:21:12.922, 0, 82, 10490
2026/05/23 19:21:12.924, 1, 100, 10088
2026/05/23 19:21:12.926, 2, 0, 10088
2026/05/23 19:21:12.927, 3, 0, 10088
2026/05/23 19:21:28.009, 0, 22, 10490
2026/05/23 19:21:28.012, 1, 0, 10088
2026/05/23 19:21:28.013, 2, 0, 10088
2026/05/23 19:21:28.014, 3, 0, 10088
2026/05/23 19:21:43.103, 0, 100, 10490
2026/05/23 19:21:43.107, 1, 0, 10088
2026/05/23 19:21:43.109, 2, 0, 10088
2026/05/23 19:21:43.111, 3, 0, 10088
2026/05/23 19:21:58.209, 0, 8, 10490
2026/05/23 19:21:58.214, 1, 0, 10088
2026/05/23 19:21:58.217, 2, 98, 10088
2026/05/23 19:21:58.220, 3, 0, 10088
2026/05/23 19:22:13.425, 0, 100, 10490
2026/05/23 19:22:13.429, 1, 100, 10088
2026/05/23 19:22:13.431, 2, 100, 10088
2026/05/23 19:22:13.434, 3, 0, 10088
2026/05/23 19:22:28.537, 0, 8, 10490
2026/05/23 19:22:28.539, 1, 0, 10088
2026/05/23 19:22:28.540, 2, 0, 10088
2026/05/23 19:22:28.542, 3, 0, 10088
2026/05/23 19:22:43.642, 0, 12, 10490
2026/05/23 19:22:43.644, 1, 0, 10088
2026/05/23 19:22:43.646, 2, 0, 10088
2026/05/23 19:22:43.647, 3, 0, 10088
2026/05/23 19:22:58.788, 0, 4, 10490
2026/05/23 19:22:58.792, 1, 0, 10088
2026/05/23 19:22:58.793, 2, 0, 10088
2026/05/23 19:22:58.794, 3, 0, 10088
2026/05/23 19:23:13.892, 0, 10, 10490
2026/05/23 19:23:13.896, 1, 0, 10088
2026/05/23 19:23:13.899, 2, 0, 10088
2026/05/23 19:23:13.902, 3, 0, 10088
2026/05/23 19:23:28.997, 0, 100, 10490
2026/05/23 19:23:28.999, 1, 100, 10088
2026/05/23 19:23:29.001, 2, 100, 10088
2026/05/23 19:23:29.002, 3, 0, 10088
2026/05/23 19:23:44.209, 0, 15, 10490
2026/05/23 19:23:44.211, 1, 0, 10088
2026/05/23 19:23:44.213, 2, 0, 10088
2026/05/23 19:23:44.214, 3, 0, 10088
2026/05/23 19:23:59.439, 0, 2, 10490
2026/05/23 19:23:59.444, 1, 0, 10088
2026/05/23 19:23:59.445, 2, 0, 10088
2026/05/23 19:23:59.447, 3, 0, 10088
2026/05/23 19:24:14.578, 0, 8, 10490
2026/05/23 19:24:14.580, 1, 0, 10088
2026/05/23 19:24:14.581, 2, 0, 10088
2026/05/23 19:24:14.582, 3, 0, 10088
2026/05/23 19:24:29.665, 0, 8, 10490
2026/05/23 19:24:29.667, 1, 0, 10088
2026/05/23 19:24:29.668, 2, 0, 10088
2026/05/23 19:24:29.670, 3, 0, 10088
2026/05/23 19:24:44.773, 0, 9, 10490
2026/05/23 19:24:44.775, 1, 0, 10088
2026/05/23 19:24:44.776, 2, 0, 10088
2026/05/23 19:24:44.778, 3, 0, 10088
2026/05/23 19:24:59.884, 0, 13, 10490
2026/05/23 19:24:59.886, 1, 0, 10088
2026/05/23 19:24:59.887, 2, 0, 10088
2026/05/23 19:24:59.889, 3, 0, 10088
2026/05/23 19:25:15.030, 0, 7, 10490
2026/05/23 19:25:15.032, 1, 0, 10088
2026/05/23 19:25:15.034, 2, 0, 10088
2026/05/23 19:25:15.035, 3, 0, 10088
2026/05/23 19:25:30.121, 0, 8, 10490
2026/05/23 19:25:30.123, 1, 0, 10088
2026/05/23 19:25:30.124, 2, 0, 10088
2026/05/23 19:25:30.126, 3, 0, 10088
2026/05/23 19:25:45.214, 0, 100, 10490
2026/05/23 19:25:45.217, 1, 0, 10088
2026/05/23 19:25:45.218, 2, 0, 10088
2026/05/23 19:25:45.219, 3, 100, 10088
2026/05/23 19:26:00.337, 0, 13, 10490
2026/05/23 19:26:00.340, 1, 0, 10088
2026/05/23 19:26:00.341, 2, 0, 10088
2026/05/23 19:26:00.342, 3, 0, 10088
2026/05/23 19:26:15.425, 0, 8, 10490
2026/05/23 19:26:15.427, 1, 0, 10088
2026/05/23 19:26:15.429, 2, 0, 10088
2026/05/23 19:26:15.430, 3, 0, 10088
2026/05/23 19:26:30.502, 0, 4, 10490
2026/05/23 19:26:30.503, 1, 0, 10088
2026/05/23 19:26:30.504, 2, 0, 10088
2026/05/23 19:26:30.505, 3, 0, 10088
2026/05/23 19:26:45.635, 0, 100, 10490
2026/05/23 19:26:45.639, 1, 100, 10088
2026/05/23 19:26:45.642, 2, 100, 10088
2026/05/23 19:26:45.645, 3, 0, 10088
2026/05/23 19:27:00.897, 0, 11, 10490
2026/05/23 19:27:00.900, 1, 0, 10088
2026/05/23 19:27:00.901, 2, 0, 10088
2026/05/23 19:27:00.902, 3, 0, 10088
2026/05/23 19:27:16.055, 0, 100, 10490
2026/05/23 19:27:16.059, 1, 0, 10088
2026/05/23 19:27:16.062, 2, 0, 10088
2026/05/23 19:27:16.065, 3, 0, 10088
2026/05/23 19:27:31.203, 0, 100, 10490
2026/05/23 19:27:31.205, 1, 100, 10088
2026/05/23 19:27:31.206, 2, 100, 10088
2026/05/23 19:27:31.207, 3, 100, 10088
2026/05/23 19:27:46.329, 0, 9, 10490
2026/05/23 19:27:46.331, 1, 0, 10088
2026/05/23 19:27:46.333, 2, 0, 10088
2026/05/23 19:27:46.334, 3, 0, 10088
2026/05/23 19:28:01.418, 0, 9, 10490
2026/05/23 19:28:01.420, 1, 0, 10088
2026/05/23 19:28:01.421, 2, 0, 10088
2026/05/23 19:28:01.422, 3, 0, 10088
2026/05/23 19:28:16.555, 0, 10, 10490
2026/05/23 19:28:16.557, 1, 0, 10088
2026/05/23 19:28:16.559, 2, 0, 10088
2026/05/23 19:28:16.560, 3, 0, 10088
2026/05/23 19:28:31.848, 0, 4, 10490
2026/05/23 19:28:31.850, 1, 0, 10088
2026/05/23 19:28:31.852, 2, 0, 10088
2026/05/23 19:28:31.853, 3, 0, 10088
2026/05/23 19:28:47.017, 0, 100, 10490
2026/05/23 19:28:47.022, 1, 100, 10088
2026/05/23 19:28:47.025, 2, 100, 10088
2026/05/23 19:28:47.028, 3, 0, 10088
2026/05/23 19:29:02.142, 0, 9, 10490
2026/05/23 19:29:02.144, 1, 100, 10088
2026/05/23 19:29:02.145, 2, 100, 10088
2026/05/23 19:29:02.146, 3, 0, 10088
2026/05/23 19:29:17.234, 0, 100, 10490
2026/05/23 19:29:17.238, 1, 0, 10088
2026/05/23 19:29:17.241, 2, 0, 10088
2026/05/23 19:29:17.243, 3, 0, 10088
2026/05/23 19:29:32.335, 0, 5, 10490
2026/05/23 19:29:32.337, 1, 0, 10088
2026/05/23 19:29:32.339, 2, 0, 10088
2026/05/23 19:29:32.340, 3, 0, 10088
2026/05/23 19:29:47.425, 0, 100, 10490
2026/05/23 19:29:47.427, 1, 0, 10088
2026/05/23 19:29:47.429, 2, 0, 10088
2026/05/23 19:29:47.430, 3, 0, 10088
2026/05/23 19:30:02.513, 0, 6, 10490
2026/05/23 19:30:02.515, 1, 0, 10088
2026/05/23 19:30:02.517, 2, 0, 10088
2026/05/23 19:30:02.518, 3, 0, 10088
2026/05/23 19:30:17.682, 0, 6, 10490
2026/05/23 19:30:17.683, 1, 0, 10088
2026/05/23 19:30:17.684, 2, 0, 10088
2026/05/23 19:30:17.685, 3, 0, 10088
2026/05/23 19:30:32.784, 0, 13, 10490
2026/05/23 19:30:32.787, 1, 0, 10088
2026/05/23 19:30:32.788, 2, 0, 10088
2026/05/23 19:30:32.790, 3, 0, 10088
2026/05/23 19:30:47.882, 0, 99, 10490
2026/05/23 19:30:47.886, 1, 100, 10088
2026/05/23 19:30:47.889, 2, 0, 10088
2026/05/23 19:30:47.891, 3, 0, 10088
2026/05/23 19:31:02.982, 0, 9, 10490
2026/05/23 19:31:02.984, 1, 0, 10088
2026/05/23 19:31:02.986, 2, 0, 10088
2026/05/23 19:31:02.987, 3, 0, 10088
2026/05/23 19:31:18.172, 0, 100, 10490
2026/05/23 19:31:18.176, 1, 0, 10088
2026/05/23 19:31:18.178, 2, 0, 10088
2026/05/23 19:31:18.180, 3, 0, 10088
2026/05/23 19:31:33.331, 0, 15, 10490
2026/05/23 19:31:33.333, 1, 0, 10088
2026/05/23 19:31:33.335, 2, 0, 10088
2026/05/23 19:31:33.336, 3, 0, 10088
2026/05/23 19:31:48.642, 0, 100, 10490
2026/05/23 19:31:48.646, 1, 100, 10088
2026/05/23 19:31:48.763, 2, 100, 10088
2026/05/23 19:31:48.766, 3, 0, 10088
2026/05/23 19:32:03.898, 0, 100, 10490
2026/05/23 19:32:03.900, 1, 100, 10088
2026/05/23 19:32:03.901, 2, 100, 10088
2026/05/23 19:32:03.902, 3, 100, 10088
2026/05/23 19:32:18.979, 0, 9, 10490
2026/05/23 19:32:18.981, 1, 0, 10088
2026/05/23 19:32:18.982, 2, 0, 10088
2026/05/23 19:32:18.983, 3, 0, 10088
2026/05/23 19:32:34.071, 0, 9, 10490
2026/05/23 19:32:34.074, 1, 0, 10088
2026/05/23 19:32:34.077, 2, 0, 10088
2026/05/23 19:32:34.078, 3, 0, 10088
2026/05/23 19:32:49.181, 0, 13, 10490
2026/05/23 19:32:49.183, 1, 0, 10088
2026/05/23 19:32:49.184, 2, 0, 10088
2026/05/23 19:32:49.185, 3, 0, 10088
2026/05/23 19:33:04.380, 0, 8, 10490
2026/05/23 19:33:04.382, 1, 0, 10088
2026/05/23 19:33:04.383, 2, 0, 10088
2026/05/23 19:33:04.384, 3, 0, 10088
2026/05/23 19:33:19.550, 0, 3, 10490
2026/05/23 19:33:19.552, 1, 0, 10088
2026/05/23 19:33:19.553, 2, 0, 10088
2026/05/23 19:33:19.554, 3, 0, 10088
2026/05/23 19:33:34.645, 0, 9, 10490
2026/05/23 19:33:34.649, 1, 0, 10088
2026/05/23 19:33:34.824, 2, 0, 10088
2026/05/23 19:33:34.827, 3, 100, 10088
2026/05/23 19:33:49.968, 0, 13, 10490
2026/05/23 19:33:49.970, 1, 0, 10088
2026/05/23 19:33:49.971, 2, 0, 10088
2026/05/23 19:33:49.973, 3, 0, 10088
2026/05/23 19:34:05.058, 0, 44, 10490
2026/05/23 19:34:05.060, 1, 0, 10088
2026/05/23 19:34:05.062, 2, 0, 10088
2026/05/23 19:34:05.063, 3, 0, 10088
2026/05/23 19:34:20.155, 0, 89, 10490
2026/05/23 19:34:20.159, 1, 0, 10088
2026/05/23 19:34:20.162, 2, 0, 10088
2026/05/23 19:34:20.163, 3, 0, 10088
2026/05/23 19:34:35.258, 0, 14, 10490
2026/05/23 19:34:35.261, 1, 0, 10088
2026/05/23 19:34:35.265, 2, 0, 10088
2026/05/23 19:34:35.266, 3, 0, 10088
2026/05/23 19:34:50.405, 0, 4, 10490
2026/05/23 19:34:50.407, 1, 0, 10088
2026/05/23 19:34:50.408, 2, 0, 10088
2026/05/23 19:34:50.410, 3, 100, 10088
2026/05/23 19:35:05.644, 0, 13, 10490
2026/05/23 19:35:05.646, 1, 0, 10088
2026/05/23 19:35:05.647, 2, 0, 10088
2026/05/23 19:35:05.648, 3, 0, 10088
2026/05/23 19:35:20.730, 0, 100, 10490
2026/05/23 19:35:20.732, 1, 100, 10088
2026/05/23 19:35:20.734, 2, 0, 10088
2026/05/23 19:35:20.735, 3, 0, 10088
2026/05/23 19:35:35.821, 0, 9, 10490
2026/05/23 19:35:35.823, 1, 0, 10088
2026/05/23 19:35:35.825, 2, 0, 10088
2026/05/23 19:35:35.826, 3, 0, 10088
2026/05/23 19:35:50.958, 0, 10, 10490
2026/05/23 19:35:50.962, 1, 0, 10088
2026/05/23 19:35:50.966, 2, 0, 10088
2026/05/23 19:35:50.969, 3, 0, 10088
2026/05/23 19:36:06.098, 0, 9, 10490
2026/05/23 19:36:06.101, 1, 0, 10088
2026/05/23 19:36:06.102, 2, 0, 10088
2026/05/23 19:36:06.103, 3, 0, 10088
2026/05/23 19:36:21.660, 0, 100, 10490
2026/05/23 19:36:21.662, 1, 100, 10088
2026/05/23 19:36:21.665, 2, 0, 10088
2026/05/23 19:36:21.666, 3, 0, 10088
2026/05/23 19:36:36.754, 0, 8, 10490
2026/05/23 19:36:36.756, 1, 0, 10088
2026/05/23 19:36:36.757, 2, 0, 10088
2026/05/23 19:36:36.759, 3, 0, 10088
2026/05/23 19:36:51.863, 0, 3, 10490
2026/05/23 19:36:51.866, 1, 100, 10088
2026/05/23 19:36:51.868, 2, 0, 10088
2026/05/23 19:36:51.869, 3, 0, 10088
2026/05/23 19:37:07.002, 0, 100, 10490
2026/05/23 19:37:07.007, 1, 100, 10088
2026/05/23 19:37:07.010, 2, 100, 10088
2026/05/23 19:37:07.014, 3, 0, 10088
2026/05/23 19:37:22.146, 0, 9, 10490
2026/05/23 19:37:22.148, 1, 0, 10088
2026/05/23 19:37:22.150, 2, 0, 10088
2026/05/23 19:37:22.151, 3, 0, 10088
2026/05/23 19:37:37.237, 0, 9, 10490
2026/05/23 19:37:37.239, 1, 0, 10088
2026/05/23 19:37:37.240, 2, 50, 10088
2026/05/23 19:37:37.242, 3, 0, 10088
2026/05/23 19:37:52.406, 0, 0, 10490
2026/05/23 19:37:52.408, 1, 0, 10088
2026/05/23 19:37:52.409, 2, 0, 10088
2026/05/23 19:37:52.410, 3, 0, 10088
2026/05/23 19:38:07.494, 0, 0, 10490
2026/05/23 19:38:07.496, 1, 0, 10088
2026/05/23 19:38:07.497, 2, 0, 10088
2026/05/23 19:38:07.498, 3, 0, 10088
2026/05/23 19:38:22.708, 0, 12, 10490
2026/05/23 19:38:22.710, 1, 0, 10088
2026/05/23 19:38:22.711, 2, 0, 10088
2026/05/23 19:38:22.713, 3, 0, 10088
2026/05/23 19:38:37.798, 0, 9, 10490
2026/05/23 19:38:37.800, 1, 0, 10088
2026/05/23 19:38:37.801, 2, 0, 10088
2026/05/23 19:38:37.802, 3, 0, 10088
2026/05/23 19:38:52.971, 0, 5, 10490
2026/05/23 19:38:52.974, 1, 0, 10088
2026/05/23 19:38:52.976, 2, 0, 10088
2026/05/23 19:38:52.979, 3, 24, 10088
2026/05/23 19:39:08.258, 0, 0, 10490
2026/05/23 19:39:08.260, 1, 0, 10088
2026/05/23 19:39:08.262, 2, 0, 10088
2026/05/23 19:39:08.263, 3, 0, 10088
2026/05/23 19:39:23.352, 0, 12, 10490
2026/05/23 19:39:23.354, 1, 0, 10088
2026/05/23 19:39:23.355, 2, 0, 10088
2026/05/23 19:39:23.356, 3, 0, 10088
2026/05/23 19:39:38.423, 0, 9, 10490
2026/05/23 19:39:38.425, 1, 0, 10088
2026/05/23 19:39:38.426, 2, 0, 10088
2026/05/23 19:39:38.427, 3, 0, 10088
2026/05/23 19:39:53.511, 0, 8, 10490
2026/05/23 19:39:53.513, 1, 0, 10088
2026/05/23 19:39:53.514, 2, 0, 10088
2026/05/23 19:39:53.515, 3, 0, 10088
2026/05/23 19:40:08.596, 0, 100, 10490
2026/05/23 19:40:08.598, 1, 100, 10088
2026/05/23 19:40:08.599, 2, 0, 10088
2026/05/23 19:40:08.600, 3, 0, 10088
2026/05/23 19:40:23.682, 0, 8, 10490
2026/05/23 19:40:23.684, 1, 0, 10088
2026/05/23 19:40:23.685, 2, 0, 10088
2026/05/23 19:40:23.687, 3, 0, 10088
2026/05/23 19:40:38.774, 0, 13, 10490
2026/05/23 19:40:38.776, 1, 0, 10088
2026/05/23 19:40:38.778, 2, 0, 10088
2026/05/23 19:40:38.779, 3, 0, 10088
2026/05/23 19:40:53.865, 0, 4, 10490
2026/05/23 19:40:53.868, 1, 0, 10088
2026/05/23 19:40:53.869, 2, 0, 10088
2026/05/23 19:40:53.870, 3, 0, 10088
2026/05/23 19:41:09.270, 0, 3, 10490
2026/05/23 19:41:09.271, 1, 0, 10088
2026/05/23 19:41:09.272, 2, 0, 10088
2026/05/23 19:41:09.273, 3, 0, 10088
2026/05/23 19:41:24.486, 0, 100, 10490
2026/05/23 19:41:24.490, 1, 100, 10088
2026/05/23 19:41:24.493, 2, 100, 10088
2026/05/23 19:41:24.496, 3, 0, 10088
2026/05/23 19:41:39.606, 0, 12, 10490
2026/05/23 19:41:39.609, 1, 0, 10088
2026/05/23 19:41:39.610, 2, 0, 10088
2026/05/23 19:41:39.611, 3, 0, 10088
2026/05/23 19:41:54.747, 0, 100, 10490
2026/05/23 19:41:54.749, 1, 100, 10088
2026/05/23 19:41:54.752, 2, 0, 10088
2026/05/23 19:41:54.753, 3, 0, 10088
2026/05/23 19:42:09.898, 0, 9, 10490
2026/05/23 19:42:09.900, 1, 0, 10088
2026/05/23 19:42:09.901, 2, 0, 10088
2026/05/23 19:42:09.902, 3, 0, 10088
2026/05/23 19:42:24.989, 0, 9, 10490
2026/05/23 19:42:24.992, 1, 0, 10088
2026/05/23 19:42:24.994, 2, 0, 10088
2026/05/23 19:42:24.995, 3, 0, 10088
2026/05/23 19:42:40.108, 0, 10, 10490
2026/05/23 19:42:40.112, 1, 0, 10088
2026/05/23 19:42:40.114, 2, 0, 10088
2026/05/23 19:42:40.117, 3, 0, 10088
2026/05/23 19:42:55.226, 0, 13, 10490
2026/05/23 19:42:55.228, 1, 0, 10088
2026/05/23 19:42:55.230, 2, 0, 10088
2026/05/23 19:42:55.231, 3, 0, 10088
2026/05/23 19:43:10.385, 0, 100, 10490
2026/05/23 19:43:10.387, 1, 95, 10088
2026/05/23 19:43:10.389, 2, 44, 10088
2026/05/23 19:43:10.390, 3, 0, 10088
2026/05/23 19:43:25.614, 0, 9, 10490
2026/05/23 19:43:25.616, 1, 0, 10088
2026/05/23 19:43:25.618, 2, 0, 10088
2026/05/23 19:43:25.619, 3, 0, 10088
2026/05/23 19:43:40.732, 0, 100, 10490
2026/05/23 19:43:40.736, 1, 100, 10088
2026/05/23 19:43:40.739, 2, 100, 10088
2026/05/23 19:43:40.742, 3, 0, 10088
2026/05/23 19:43:55.855, 0, 6, 10490
2026/05/23 19:43:55.857, 1, 0, 10088
2026/05/23 19:43:55.858, 2, 0, 10088
2026/05/23 19:43:55.860, 3, 0, 10088
2026/05/23 19:44:11.026, 0, 4, 10490
2026/05/23 19:44:11.028, 1, 0, 10088
2026/05/23 19:44:11.030, 2, 0, 10088
2026/05/23 19:44:11.031, 3, 0, 10088
2026/05/23 19:44:26.123, 0, 100, 10490
2026/05/23 19:44:26.127, 1, 100, 10088
2026/05/23 19:44:26.130, 2, 100, 10088
2026/05/23 19:44:26.133, 3, 68, 10088
2026/05/23 19:44:41.228, 0, 100, 10490
2026/05/23 19:44:41.232, 1, 0, 10088
2026/05/23 19:44:41.233, 2, 0, 10088
2026/05/23 19:44:41.234, 3, 0, 10088
2026/05/23 19:44:56.345, 0, 100, 10490
2026/05/23 19:44:56.349, 1, 0, 10088
2026/05/23 19:44:56.350, 2, 0, 10088
2026/05/23 19:44:56.352, 3, 0, 10088
2026/05/23 19:45:11.439, 0, 10, 10490
2026/05/23 19:45:11.441, 1, 0, 10088
2026/05/23 19:45:11.443, 2, 0, 10088
2026/05/23 19:45:11.445, 3, 0, 10088
2026/05/23 19:45:26.578, 0, 9, 10490
2026/05/23 19:45:26.582, 1, 93, 10088
2026/05/23 19:45:26.585, 2, 0, 10088
2026/05/23 19:45:26.589, 3, 0, 10088
2026/05/23 19:45:41.682, 0, 9, 10490
2026/05/23 19:45:41.684, 1, 0, 10088
2026/05/23 19:45:41.686, 2, 0, 10088
2026/05/23 19:45:41.687, 3, 0, 10088
2026/05/23 19:45:56.774, 0, 9, 10490
2026/05/23 19:45:56.776, 1, 0, 10088
2026/05/23 19:45:56.777, 2, 0, 10088
2026/05/23 19:45:56.778, 3, 0, 10088
2026/05/23 19:46:11.880, 0, 16, 10490
2026/05/23 19:46:11.882, 1, 0, 10088
2026/05/23 19:46:11.884, 2, 0, 10088
2026/05/23 19:46:11.885, 3, 0, 10088
2026/05/23 19:46:26.969, 0, 100, 10490
2026/05/23 19:46:26.971, 1, 0, 10088
2026/05/23 19:46:26.972, 2, 25, 10088
2026/05/23 19:46:26.974, 3, 0, 10088
2026/05/23 19:46:42.069, 0, 9, 10490
2026/05/23 19:46:42.073, 1, 0, 10088
2026/05/23 19:46:42.076, 2, 0, 10088
2026/05/23 19:46:42.079, 3, 0, 10088
2026/05/23 19:46:57.170, 0, 3, 10490
2026/05/23 19:46:57.172, 1, 0, 10088
2026/05/23 19:46:57.174, 2, 0, 10088
2026/05/23 19:46:57.175, 3, 0, 10088
2026/05/23 19:47:12.278, 0, 11, 10490
2026/05/23 19:47:12.280, 1, 0, 10088
2026/05/23 19:47:12.282, 2, 0, 10088
2026/05/23 19:47:12.283, 3, 0, 10088
2026/05/23 19:47:27.484, 0, 10, 10490
2026/05/23 19:47:27.486, 1, 0, 10088
2026/05/23 19:47:27.487, 2, 0, 10088
2026/05/23 19:47:27.488, 3, 0, 10088
2026/05/23 19:47:42.625, 0, 7, 10490
2026/05/23 19:47:42.627, 1, 0, 10088
2026/05/23 19:47:42.628, 2, 0, 10088
2026/05/23 19:47:42.630, 3, 100, 10088
2026/05/23 19:47:57.749, 0, 9, 10490
2026/05/23 19:47:57.751, 1, 0, 10088
2026/05/23 19:47:57.752, 2, 0, 10088
2026/05/23 19:47:57.754, 3, 0, 10088
2026/05/23 19:48:12.873, 0, 11, 10490
2026/05/23 19:48:12.875, 1, 0, 10088
2026/05/23 19:48:12.877, 2, 0, 10088
2026/05/23 19:48:12.878, 3, 0, 10088
2026/05/23 19:48:27.965, 0, 100, 10490
2026/05/23 19:48:27.967, 1, 0, 10088
2026/05/23 19:48:27.969, 2, 0, 10088
2026/05/23 19:48:27.970, 3, 0, 10088
2026/05/23 19:48:43.118, 0, 9, 10490
2026/05/23 19:48:43.120, 1, 0, 10088
2026/05/23 19:48:43.121, 2, 0, 10088
2026/05/23 19:48:43.122, 3, 0, 10088
2026/05/23 19:48:58.205, 0, 8, 10490
2026/05/23 19:48:58.208, 1, 0, 10088
2026/05/23 19:48:58.209, 2, 0, 10088
2026/05/23 19:48:58.210, 3, 0, 10088
2026/05/23 19:49:13.295, 0, 9, 10490
2026/05/23 19:49:13.297, 1, 0, 10088
2026/05/23 19:49:13.298, 2, 0, 10088
2026/05/23 19:49:13.299, 3, 0, 10088
2026/05/23 19:49:28.402, 0, 14, 10490
2026/05/23 19:49:28.404, 1, 0, 10088
2026/05/23 19:49:28.406, 2, 0, 10088
2026/05/23 19:49:28.407, 3, 0, 10088
2026/05/23 19:49:43.505, 0, 100, 10490
2026/05/23 19:49:43.507, 1, 47, 10088
2026/05/23 19:49:43.510, 2, 100, 10088
2026/05/23 19:49:43.512, 3, 100, 10088
2026/05/23 19:49:58.601, 0, 9, 10490
2026/05/23 19:49:58.603, 1, 0, 10088
2026/05/23 19:49:58.605, 2, 0, 10088
2026/05/23 19:49:58.606, 3, 0, 10088
2026/05/23 19:50:13.739, 0, 6, 10490
2026/05/23 19:50:13.742, 1, 100, 10088
2026/05/23 19:50:13.744, 2, 95, 10088
2026/05/23 19:50:13.747, 3, 0, 10088
2026/05/23 19:50:28.898, 0, 11, 10490
2026/05/23 19:50:28.901, 1, 0, 10088
2026/05/23 19:50:28.902, 2, 0, 10088
2026/05/23 19:50:28.903, 3, 0, 10088
2026/05/23 19:50:44.107, 0, 9, 10490
2026/05/23 19:50:44.116, 1, 98, 10088
2026/05/23 19:50:44.119, 2, 0, 10088
2026/05/23 19:50:44.121, 3, 0, 10088
2026/05/23 19:50:59.215, 0, 9, 10490
2026/05/23 19:50:59.219, 1, 0, 10088
2026/05/23 19:50:59.222, 2, 0, 10088
2026/05/23 19:50:59.226, 3, 0, 10088
2026/05/23 19:51:14.327, 0, 100, 10490
2026/05/23 19:51:14.332, 1, 100, 10088
2026/05/23 19:51:14.335, 2, 100, 10088
2026/05/23 19:51:14.338, 3, 0, 10088
2026/05/23 19:51:29.446, 0, 8, 10490
2026/05/23 19:51:29.448, 1, 0, 10088
2026/05/23 19:51:29.449, 2, 0, 10088
2026/05/23 19:51:29.450, 3, 0, 10088
2026/05/23 19:51:44.550, 0, 13, 10490
2026/05/23 19:51:44.552, 1, 0, 10088
2026/05/23 19:51:44.554, 2, 0, 10088
2026/05/23 19:51:44.555, 3, 0, 10088
2026/05/23 19:51:59.736, 0, 8, 10490
2026/05/23 19:51:59.738, 1, 0, 10088
2026/05/23 19:51:59.739, 2, 0, 10088
2026/05/23 19:51:59.741, 3, 0, 10088
2026/05/23 19:52:14.909, 0, 9, 10490
2026/05/23 19:52:14.911, 1, 0, 10088
2026/05/23 19:52:14.912, 2, 0, 10088
2026/05/23 19:52:14.914, 3, 0, 10088
2026/05/23 19:52:30.122, 0, 100, 10490
2026/05/23 19:52:30.124, 1, 100, 10088
2026/05/23 19:52:30.125, 2, 0, 10088
2026/05/23 19:52:30.127, 3, 0, 10088
2026/05/23 19:52:45.227, 0, 17, 10490
2026/05/23 19:52:45.229, 1, 0, 10088
2026/05/23 19:52:45.230, 2, 0, 10088
2026/05/23 19:52:45.232, 3, 0, 10088
2026/05/23 19:53:00.321, 0, 100, 10490
2026/05/23 19:53:00.326, 1, 0, 10088
2026/05/23 19:53:00.329, 2, 0, 10088
2026/05/23 19:53:00.330, 3, 0, 10088
2026/05/23 19:53:15.422, 0, 1, 10490
2026/05/23 19:53:15.424, 1, 0, 10088
2026/05/23 19:53:15.426, 2, 0, 10088
2026/05/23 19:53:15.427, 3, 0, 10088
2026/05/23 19:53:30.567, 0, 1, 10490
2026/05/23 19:53:30.569, 1, 0, 10088
2026/05/23 19:53:30.570, 2, 0, 10088
2026/05/23 19:53:30.572, 3, 0, 10088
2026/05/23 19:53:46.011, 0, 100, 10490
2026/05/23 19:53:46.013, 1, 0, 10088
2026/05/23 19:53:46.014, 2, 0, 10088
2026/05/23 19:53:46.015, 3, 0, 10088
2026/05/23 19:54:01.104, 0, 9, 10490
2026/05/23 19:54:01.106, 1, 0, 10088
2026/05/23 19:54:01.108, 2, 0, 10088
2026/05/23 19:54:01.110, 3, 0, 10088
2026/05/23 19:54:16.202, 0, 10, 10490
2026/05/23 19:54:16.206, 1, 100, 10088
2026/05/23 19:54:16.209, 2, 0, 10088
2026/05/23 19:54:16.210, 3, 0, 10088
2026/05/23 19:54:31.309, 0, 100, 10490
2026/05/23 19:54:31.313, 1, 0, 10088
2026/05/23 19:54:31.316, 2, 0, 10088
2026/05/23 19:54:31.320, 3, 0, 10088
2026/05/23 19:54:46.453, 0, 10, 10490
2026/05/23 19:54:46.455, 1, 0, 10088
2026/05/23 19:54:46.457, 2, 0, 10088
2026/05/23 19:54:46.458, 3, 0, 10088
2026/05/23 19:55:01.542, 0, 10, 10490
2026/05/23 19:55:01.545, 1, 0, 10088
2026/05/23 19:55:01.546, 2, 0, 10088
2026/05/23 19:55:01.548, 3, 0, 10088
2026/05/23 19:55:16.633, 0, 9, 10490
2026/05/23 19:55:16.635, 1, 0, 10088
2026/05/23 19:55:16.637, 2, 0, 10088
2026/05/23 19:55:16.638, 3, 0, 10088
2026/05/23 19:55:31.722, 0, 8, 10490
2026/05/23 19:55:31.724, 1, 0, 10088
2026/05/23 19:55:31.725, 2, 0, 10088
2026/05/23 19:55:31.726, 3, 0, 10088
2026/05/23 19:55:46.810, 0, 100, 10490
2026/05/23 19:55:46.812, 1, 100, 10088
2026/05/23 19:55:46.814, 2, 0, 10088
2026/05/23 19:55:46.815, 3, 0, 10088
2026/05/23 19:56:01.918, 0, 13, 10490
2026/05/23 19:56:01.920, 1, 0, 10088
2026/05/23 19:56:01.922, 2, 0, 10088
2026/05/23 19:56:01.923, 3, 0, 10088
2026/05/23 19:56:17.023, 0, 9, 10490
2026/05/23 19:56:17.025, 1, 0, 10088
2026/05/23 19:56:17.026, 2, 0, 10088
2026/05/23 19:56:17.028, 3, 0, 10088
2026/05/23 19:56:32.155, 0, 100, 10490
2026/05/23 19:56:32.157, 1, 100, 10088
2026/05/23 19:56:32.158, 2, 0, 10088
2026/05/23 19:56:32.160, 3, 0, 10088
2026/05/23 19:56:47.362, 0, 0, 10490
2026/05/23 19:56:47.364, 1, 0, 10088
2026/05/23 19:56:47.366, 2, 0, 10088
2026/05/23 19:56:47.367, 3, 0, 10088
2026/05/23 19:57:02.803, 0, 16, 10490
2026/05/23 19:57:02.805, 1, 0, 10088
2026/05/23 19:57:02.806, 2, 0, 10088
2026/05/23 19:57:02.808, 3, 0, 10088
2026/05/23 19:57:17.891, 0, 100, 10490
2026/05/23 19:57:17.895, 1, 100, 10088
2026/05/23 19:57:17.898, 2, 0, 10088
2026/05/23 19:57:17.900, 3, 0, 10088
2026/05/23 19:57:32.986, 0, 8, 10490
2026/05/23 19:57:32.988, 1, 0, 10088
2026/05/23 19:57:32.989, 2, 0, 10088
2026/05/23 19:57:32.991, 3, 0, 10088
2026/05/23 19:57:48.072, 0, 100, 10490
2026/05/23 19:57:48.073, 1, 100, 10088
2026/05/23 19:57:48.075, 2, 100, 10088
2026/05/23 19:57:48.076, 3, 100, 10088
2026/05/23 19:58:03.158, 0, 9, 10490
2026/05/23 19:58:03.160, 1, 0, 10088
2026/05/23 19:58:03.161, 2, 0, 10088
2026/05/23 19:58:03.162, 3, 0, 10088
2026/05/23 19:58:18.426, 0, 12, 10490
2026/05/23 19:58:18.428, 1, 0, 10088
2026/05/23 19:58:18.430, 2, 0, 10088
2026/05/23 19:58:18.432, 3, 0, 10088
2026/05/23 19:58:33.865, 0, 3, 10490
2026/05/23 19:58:33.867, 1, 0, 10088
2026/05/23 19:58:33.869, 2, 0, 10088
2026/05/23 19:58:33.870, 3, 0, 10088
2026/05/23 19:58:48.959, 0, 34, 10490
2026/05/23 19:58:48.962, 1, 100, 10088
2026/05/23 19:58:48.965, 2, 0, 10088
2026/05/23 19:58:48.967, 3, 0, 10088
2026/05/23 19:59:04.046, 0, 42, 10490
2026/05/23 19:59:04.047, 1, 0, 10088
2026/05/23 19:59:04.048, 2, 0, 10088
2026/05/23 19:59:04.049, 3, 0, 10088
2026/05/23 19:59:19.130, 0, 0, 10490
2026/05/23 19:59:19.132, 1, 0, 10088
2026/05/23 19:59:19.133, 2, 0, 10088
2026/05/23 19:59:19.135, 3, 0, 10088
2026/05/23 19:59:34.221, 0, 5, 10490
2026/05/23 19:59:34.223, 1, 0, 10088
2026/05/23 19:59:34.225, 2, 0, 10088
2026/05/23 19:59:34.226, 3, 0, 10088
2026/05/23 19:59:49.507, 0, 0, 10490
2026/05/23 19:59:49.510, 1, 91, 10088
2026/05/23 19:59:49.513, 2, 94, 10088
2026/05/23 19:59:49.515, 3, 0, 10088
2026/05/23 20:00:04.609, 0, 9, 10490
2026/05/23 20:00:04.611, 1, 0, 10088
2026/05/23 20:00:04.613, 2, 0, 10088
2026/05/23 20:00:04.614, 3, 0, 10088
2026/05/23 20:00:19.718, 0, 12, 10490
2026/05/23 20:00:19.720, 1, 0, 10088
2026/05/23 20:00:19.721, 2, 0, 10088
2026/05/23 20:00:19.723, 3, 0, 10088
2026/05/23 20:00:34.814, 0, 10, 10490
2026/05/23 20:00:34.818, 1, 0, 10088
2026/05/23 20:00:34.821, 2, 0, 10088
2026/05/23 20:00:34.823, 3, 0, 10088
2026/05/23 20:00:49.913, 0, 8, 10490
2026/05/23 20:00:49.915, 1, 0, 10088
2026/05/23 20:00:49.916, 2, 0, 10088
2026/05/23 20:00:49.918, 3, 0, 10088
2026/05/23 20:01:05.001, 0, 0, 10490
2026/05/23 20:01:05.003, 1, 0, 10088
2026/05/23 20:01:05.005, 2, 0, 10088
2026/05/23 20:01:05.006, 3, 0, 10088
2026/05/23 20:01:20.098, 0, 100, 10490
2026/05/23 20:01:20.102, 1, 100, 10088
2026/05/23 20:01:20.105, 2, 100, 10088
2026/05/23 20:01:20.109, 3, 100, 10088
2026/05/23 20:01:35.453, 0, 5, 10490
2026/05/23 20:01:35.456, 1, 0, 10088
2026/05/23 20:01:35.457, 2, 0, 10088
2026/05/23 20:01:35.458, 3, 0, 10088
2026/05/23 20:01:50.819, 0, 100, 10490
2026/05/23 20:01:50.823, 1, 100, 10088
2026/05/23 20:01:50.826, 2, 100, 10088
2026/05/23 20:01:50.829, 3, 100, 10088
2026/05/23 20:02:06.045, 0, 100, 10490
2026/05/23 20:02:06.047, 1, 100, 10088
2026/05/23 20:02:06.049, 2, 100, 10088
2026/05/23 20:02:06.050, 3, 100, 10088
2026/05/23 20:02:21.141, 0, 100, 10490
2026/05/23 20:02:21.145, 1, 100, 10088
2026/05/23 20:02:21.147, 2, 100, 10088
2026/05/23 20:02:21.150, 3, 0, 10088
2026/05/23 20:02:36.272, 0, 5, 10490
2026/05/23 20:02:36.276, 1, 0, 10088
2026/05/23 20:02:36.279, 2, 0, 10088
2026/05/23 20:02:36.282, 3, 0, 10088
2026/05/23 20:02:51.390, 0, 16, 10490
2026/05/23 20:02:51.392, 1, 0, 10088
2026/05/23 20:02:51.394, 2, 0, 10088
2026/05/23 20:02:51.395, 3, 0, 10088
2026/05/23 20:03:06.482, 0, 7, 10490
2026/05/23 20:03:06.484, 1, 0, 10088
2026/05/23 20:03:06.485, 2, 0, 10088
2026/05/23 20:03:06.487, 3, 0, 10088
2026/05/23 20:03:21.718, 0, 0, 10490
2026/05/23 20:03:21.720, 1, 0, 10088
2026/05/23 20:03:21.721, 2, 0, 10088
2026/05/23 20:03:21.723, 3, 0, 10088
2026/05/23 20:03:36.805, 0, 9, 10490
2026/05/23 20:03:36.807, 1, 0, 10088
2026/05/23 20:03:36.808, 2, 0, 10088
2026/05/23 20:03:36.810, 3, 0, 10088
2026/05/23 20:03:51.895, 0, 13, 10490
2026/05/23 20:03:51.897, 1, 0, 10088
2026/05/23 20:03:51.899, 2, 0, 10088
2026/05/23 20:03:51.900, 3, 0, 10088
2026/05/23 20:04:06.988, 0, 4, 10490
2026/05/23 20:04:06.991, 1, 0, 10088
2026/05/23 20:04:06.992, 2, 0, 10088
2026/05/23 20:04:06.994, 3, 0, 10088
2026/05/23 20:04:22.082, 0, 7, 10490
2026/05/23 20:04:22.084, 1, 0, 10088
2026/05/23 20:04:22.085, 2, 0, 10088
2026/05/23 20:04:22.087, 3, 0, 10088
2026/05/23 20:04:37.173, 0, 1, 10490
2026/05/23 20:04:37.175, 1, 0, 10088
2026/05/23 20:04:37.176, 2, 0, 10088
2026/05/23 20:04:37.178, 3, 0, 10088
2026/05/23 20:04:52.378, 0, 2, 10490
2026/05/23 20:04:52.380, 1, 0, 10088
2026/05/23 20:04:52.381, 2, 0, 10088
2026/05/23 20:04:52.383, 3, 0, 10088
2026/05/23 20:05:07.468, 0, 8, 10490
2026/05/23 20:05:07.470, 1, 0, 10088
2026/05/23 20:05:07.472, 2, 0, 10088
2026/05/23 20:05:07.474, 3, 0, 10088
2026/05/23 20:05:22.561, 0, 9, 10490
2026/05/23 20:05:22.563, 1, 0, 10088
2026/05/23 20:05:22.565, 2, 0, 10088
2026/05/23 20:05:22.566, 3, 0, 10088
2026/05/23 20:05:37.670, 0, 10, 10490
2026/05/23 20:05:37.673, 1, 0, 10088
2026/05/23 20:05:37.674, 2, 0, 10088
2026/05/23 20:05:37.676, 3, 0, 10088
2026/05/23 20:05:52.773, 0, 9, 10490
2026/05/23 20:05:52.775, 1, 0, 10088
2026/05/23 20:05:52.776, 2, 0, 10088
2026/05/23 20:05:52.777, 3, 0, 10088
2026/05/23 20:06:08.055, 0, 1, 10490
2026/05/23 20:06:08.057, 1, 0, 10088
2026/05/23 20:06:08.058, 2, 0, 10088
2026/05/23 20:06:08.060, 3, 0, 10088
2026/05/23 20:06:23.232, 0, 8, 10490
2026/05/23 20:06:23.234, 1, 0, 10088
2026/05/23 20:06:23.235, 2, 0, 10088
2026/05/23 20:06:23.237, 3, 0, 10088
2026/05/23 20:06:38.317, 0, 100, 10490
2026/05/23 20:06:38.319, 1, 100, 10088
2026/05/23 20:06:38.321, 2, 0, 10088
2026/05/23 20:06:38.322, 3, 0, 10088
2026/05/23 20:06:53.406, 0, 9, 10490
2026/05/23 20:06:53.408, 1, 0, 10088
2026/05/23 20:06:53.410, 2, 0, 10088
2026/05/23 20:06:53.411, 3, 0, 10088
2026/05/23 20:07:08.499, 0, 13, 10490
2026/05/23 20:07:08.502, 1, 0, 10088
2026/05/23 20:07:08.503, 2, 0, 10088
2026/05/23 20:07:08.504, 3, 0, 10088
2026/05/23 20:07:23.590, 0, 6, 10490
2026/05/23 20:07:23.592, 1, 0, 10088
2026/05/23 20:07:23.593, 2, 0, 10088
2026/05/23 20:07:23.594, 3, 0, 10088
2026/05/23 20:07:38.865, 0, 100, 10490
2026/05/23 20:07:38.869, 1, 100, 10088
2026/05/23 20:07:38.872, 2, 100, 10088
2026/05/23 20:07:38.875, 3, 0, 10088
2026/05/23 20:07:54.186, 0, 100, 10490
2026/05/23 20:07:54.188, 1, 100, 10088
2026/05/23 20:07:54.189, 2, 100, 10088
2026/05/23 20:07:54.190, 3, 0, 10088
2026/05/23 20:08:09.275, 0, 15, 10490
2026/05/23 20:08:09.277, 1, 0, 10088
2026/05/23 20:08:09.278, 2, 0, 10088
2026/05/23 20:08:09.279, 3, 0, 10088
2026/05/23 20:08:24.366, 0, 2, 10490
2026/05/23 20:08:24.368, 1, 0, 10088
2026/05/23 20:08:24.370, 2, 0, 10088
2026/05/23 20:08:24.371, 3, 0, 10088
2026/05/23 20:08:39.458, 0, 8, 10490
2026/05/23 20:08:39.460, 1, 0, 10088
2026/05/23 20:08:39.462, 2, 0, 10088
2026/05/23 20:08:39.463, 3, 0, 10088
2026/05/23 20:08:54.594, 0, 100, 10490
2026/05/23 20:08:54.596, 1, 100, 10088
2026/05/23 20:08:54.597, 2, 0, 10088
2026/05/23 20:08:54.599, 3, 0, 10088
2026/05/23 20:09:09.686, 0, 100, 10490
2026/05/23 20:09:09.688, 1, 0, 10088
2026/05/23 20:09:09.690, 2, 16, 10088
2026/05/23 20:09:09.691, 3, 100, 10088
2026/05/23 20:09:24.773, 0, 6, 10490
2026/05/23 20:09:24.775, 1, 0, 10088
2026/05/23 20:09:24.777, 2, 0, 10088
2026/05/23 20:09:24.778, 3, 0, 10088
2026/05/23 20:09:40.101, 0, 9, 10490
2026/05/23 20:09:40.103, 1, 0, 10088
2026/05/23 20:09:40.104, 2, 0, 10088
2026/05/23 20:09:40.105, 3, 0, 10088
2026/05/23 20:09:55.210, 0, 9, 10490
2026/05/23 20:09:55.212, 1, 0, 10088
2026/05/23 20:09:55.213, 2, 0, 10088
2026/05/23 20:09:55.214, 3, 0, 10088
2026/05/23 20:10:10.302, 0, 100, 10490
2026/05/23 20:10:10.304, 1, 100, 10088
2026/05/23 20:10:10.306, 2, 0, 10088
2026/05/23 20:10:10.307, 3, 0, 10088
2026/05/23 20:10:25.499, 0, 13, 10490
2026/05/23 20:10:25.501, 1, 0, 10088
2026/05/23 20:10:25.502, 2, 0, 10088
2026/05/23 20:10:25.504, 3, 0, 10088
2026/05/23 20:10:40.852, 0, 4, 10490
2026/05/23 20:10:41.019, 1, 0, 10088
2026/05/23 20:10:41.022, 2, 0, 10088
2026/05/23 20:10:41.024, 3, 0, 10088
2026/05/23 20:10:56.113, 0, 9, 10490
2026/05/23 20:10:56.115, 1, 0, 10088
2026/05/23 20:10:56.117, 2, 0, 10088
2026/05/23 20:10:56.118, 3, 0, 10088
2026/05/23 20:11:11.201, 0, 100, 10490
2026/05/23 20:11:11.203, 1, 100, 10088
2026/05/23 20:11:11.205, 2, 0, 10088
2026/05/23 20:11:11.206, 3, 0, 10088
2026/05/23 20:11:26.306, 0, 12, 10490
2026/05/23 20:11:26.309, 1, 0, 10088
2026/05/23 20:11:26.310, 2, 0, 10088
2026/05/23 20:11:26.312, 3, 0, 10088
2026/05/23 20:11:41.629, 0, 100, 10490
2026/05/23 20:11:41.633, 1, 100, 10088
2026/05/23 20:11:41.636, 2, 0, 10088
2026/05/23 20:11:41.638, 3, 0, 10088
2026/05/23 20:11:56.750, 0, 9, 10490
2026/05/23 20:11:56.752, 1, 0, 10088
2026/05/23 20:11:56.753, 2, 0, 10088
2026/05/23 20:11:56.754, 3, 0, 10088
2026/05/23 20:12:11.841, 0, 100, 10490
2026/05/23 20:12:11.843, 1, 100, 10088
2026/05/23 20:12:11.844, 2, 100, 10088
2026/05/23 20:12:11.845, 3, 0, 10088
2026/05/23 20:12:26.951, 0, 15, 10490
2026/05/23 20:12:26.953, 1, 0, 10088
2026/05/23 20:12:26.954, 2, 0, 10088
2026/05/23 20:12:26.955, 3, 0, 10088
2026/05/23 20:12:42.119, 0, 9, 10490
2026/05/23 20:12:42.121, 1, 0, 10088
2026/05/23 20:12:42.122, 2, 0, 10088
2026/05/23 20:12:42.124, 3, 0, 10088
2026/05/23 20:12:57.397, 0, 9, 10490
2026/05/23 20:12:57.401, 1, 0, 10088
2026/05/23 20:12:57.402, 2, 0, 10088
2026/05/23 20:12:57.403, 3, 0, 10088
2026/05/23 20:13:12.489, 0, 9, 10490
2026/05/23 20:13:12.491, 1, 100, 10088
2026/05/23 20:13:12.493, 2, 100, 10088
2026/05/23 20:13:12.494, 3, 0, 10088
2026/05/23 20:13:27.638, 0, 5, 10490
2026/05/23 20:13:27.642, 1, 100, 10088
2026/05/23 20:13:27.645, 2, 100, 10088
2026/05/23 20:13:27.649, 3, 0, 10088
2026/05/23 20:13:42.779, 0, 13, 10490
2026/05/23 20:13:42.781, 1, 0, 10088
2026/05/23 20:13:42.782, 2, 0, 10088
2026/05/23 20:13:42.783, 3, 0, 10088
2026/05/23 20:13:57.905, 0, 9, 10490
2026/05/23 20:13:57.907, 1, 0, 10088
2026/05/23 20:13:57.909, 2, 0, 10088
2026/05/23 20:13:57.910, 3, 0, 10088
2026/05/23 20:14:13.046, 0, 1, 10490
2026/05/23 20:14:13.048, 1, 0, 10088
2026/05/23 20:14:13.050, 2, 0, 10088
2026/05/23 20:14:13.051, 3, 0, 10088
2026/05/23 20:14:28.153, 0, 8, 10490
2026/05/23 20:14:28.155, 1, 0, 10088
2026/05/23 20:14:28.157, 2, 0, 10088
2026/05/23 20:14:28.158, 3, 0, 10088
2026/05/23 20:14:43.258, 0, 12, 10490
2026/05/23 20:14:43.261, 1, 0, 10088
2026/05/23 20:14:43.262, 2, 0, 10088
2026/05/23 20:14:43.263, 3, 0, 10088
2026/05/23 20:14:58.351, 0, 100, 10490
2026/05/23 20:14:58.353, 1, 100, 10088
2026/05/23 20:14:58.354, 2, 100, 10088
2026/05/23 20:14:58.355, 3, 0, 10088
2026/05/23 20:15:13.445, 0, 100, 10490
2026/05/23 20:15:13.449, 1, 0, 10088
2026/05/23 20:15:13.453, 2, 0, 10088
2026/05/23 20:15:13.454, 3, 0, 10088
2026/05/23 20:15:28.563, 0, 9, 10490
2026/05/23 20:15:28.565, 1, 0, 10088
2026/05/23 20:15:28.567, 2, 0, 10088
2026/05/23 20:15:28.568, 3, 0, 10088
2026/05/23 20:15:43.698, 0, 8, 10490
2026/05/23 20:15:43.701, 1, 0, 10088
2026/05/23 20:15:43.702, 2, 0, 10088
2026/05/23 20:15:43.703, 3, 0, 10088
2026/05/23 20:15:58.791, 0, 8, 10490
2026/05/23 20:15:58.793, 1, 0, 10088
2026/05/23 20:15:58.794, 2, 0, 10088
2026/05/23 20:15:58.796, 3, 0, 10088
2026/05/23 20:16:13.882, 0, 9, 10490
2026/05/23 20:16:13.884, 1, 0, 10088
2026/05/23 20:16:13.886, 2, 0, 10088
2026/05/23 20:16:13.887, 3, 0, 10088
2026/05/23 20:16:29.004, 0, 100, 10490
2026/05/23 20:16:29.006, 1, 0, 10088
2026/05/23 20:16:29.007, 2, 0, 10088
2026/05/23 20:16:29.009, 3, 0, 10088
2026/05/23 20:16:44.095, 0, 9, 10490
2026/05/23 20:16:44.097, 1, 0, 10088
2026/05/23 20:16:44.098, 2, 0, 10088
2026/05/23 20:16:44.100, 3, 0, 10088
2026/05/23 20:16:59.254, 0, 5, 10490
2026/05/23 20:16:59.256, 1, 0, 10088
2026/05/23 20:16:59.257, 2, 0, 10088
2026/05/23 20:16:59.259, 3, 0, 10088
2026/05/23 20:17:14.378, 0, 3, 10490
2026/05/23 20:17:14.380, 1, 0, 10088
2026/05/23 20:17:14.382, 2, 0, 10088
2026/05/23 20:17:14.383, 3, 0, 10088
2026/05/23 20:17:29.666, 0, 5, 10490
2026/05/23 20:17:29.668, 1, 0, 10088
2026/05/23 20:17:29.670, 2, 0, 10088
2026/05/23 20:17:29.671, 3, 0, 10088
2026/05/23 20:17:44.776, 0, 100, 10490
2026/05/23 20:17:44.780, 1, 100, 10088
2026/05/23 20:17:44.784, 2, 0, 10088
2026/05/23 20:17:44.785, 3, 0, 10088
2026/05/23 20:17:59.899, 0, 13, 10490
2026/05/23 20:17:59.901, 1, 0, 10088
2026/05/23 20:17:59.903, 2, 0, 10088
2026/05/23 20:17:59.904, 3, 0, 10088
2026/05/23 20:18:14.990, 0, 9, 10490
2026/05/23 20:18:14.992, 1, 0, 10088
2026/05/23 20:18:14.994, 2, 0, 10088
2026/05/23 20:18:14.995, 3, 0, 10088
2026/05/23 20:18:30.197, 0, 7, 10490
2026/05/23 20:18:30.199, 1, 0, 10088
2026/05/23 20:18:30.201, 2, 0, 10088
2026/05/23 20:18:30.202, 3, 0, 10088
2026/05/23 20:18:45.285, 0, 100, 10490
2026/05/23 20:18:45.287, 1, 100, 10088
2026/05/23 20:18:45.288, 2, 0, 10088
2026/05/23 20:18:45.290, 3, 0, 10088
2026/05/23 20:19:00.418, 0, 100, 10490
2026/05/23 20:19:00.420, 1, 0, 10088
2026/05/23 20:19:00.421, 2, 0, 10088
2026/05/23 20:19:00.423, 3, 0, 10088
2026/05/23 20:19:15.642, 0, 100, 10490
2026/05/23 20:19:15.645, 1, 100, 10088
2026/05/23 20:19:15.648, 2, 0, 10088
2026/05/23 20:19:15.650, 3, 0, 10088
2026/05/23 20:19:30.777, 0, 5, 10490
2026/05/23 20:19:30.780, 1, 96, 10088
2026/05/23 20:19:30.783, 2, 97, 10088
2026/05/23 20:19:30.784, 3, 0, 10088
2026/05/23 20:19:45.876, 0, 100, 10490
2026/05/23 20:19:45.879, 1, 0, 10088
2026/05/23 20:19:45.881, 2, 0, 10088
2026/05/23 20:19:45.882, 3, 0, 10088
2026/05/23 20:20:00.972, 0, 100, 10490
2026/05/23 20:20:00.974, 1, 100, 10088
2026/05/23 20:20:00.976, 2, 0, 10088
2026/05/23 20:20:00.977, 3, 0, 10088
2026/05/23 20:20:16.079, 0, 16, 10490
2026/05/23 20:20:16.081, 1, 0, 10088
2026/05/23 20:20:16.083, 2, 0, 10088
2026/05/23 20:20:16.084, 3, 0, 10088
2026/05/23 20:20:31.250, 0, 100, 10490
2026/05/23 20:20:31.252, 1, 53, 10088
2026/05/23 20:20:31.253, 2, 100, 10088
2026/05/23 20:20:31.255, 3, 0, 10088
2026/05/23 20:20:46.337, 0, 8, 10490
2026/05/23 20:20:46.339, 1, 0, 10088
2026/05/23 20:20:46.341, 2, 0, 10088
2026/05/23 20:20:46.342, 3, 0, 10088
2026/05/23 20:21:01.425, 0, 9, 10490
2026/05/23 20:21:01.427, 1, 0, 10088
2026/05/23 20:21:01.429, 2, 0, 10088
2026/05/23 20:21:01.430, 3, 0, 10088
2026/05/23 20:21:16.530, 0, 13, 10490
2026/05/23 20:21:16.532, 1, 0, 10088
2026/05/23 20:21:16.533, 2, 0, 10088
2026/05/23 20:21:16.535, 3, 0, 10088
2026/05/23 20:21:31.661, 0, 100, 10490
2026/05/23 20:21:31.665, 1, 100, 10088
2026/05/23 20:21:31.668, 2, 0, 10088
2026/05/23 20:21:31.669, 3, 0, 10088
2026/05/23 20:21:46.865, 0, 8, 10490
2026/05/23 20:21:46.867, 1, 0, 10088
2026/05/23 20:21:46.868, 2, 0, 10088
2026/05/23 20:21:46.869, 3, 0, 10088
2026/05/23 20:22:01.950, 0, 6, 10490
2026/05/23 20:22:01.952, 1, 0, 10088
2026/05/23 20:22:01.953, 2, 0, 10088
2026/05/23 20:22:01.954, 3, 0, 10088
2026/05/23 20:22:17.063, 0, 68, 10490
2026/05/23 20:22:17.067, 1, 100, 10088
2026/05/23 20:22:17.070, 2, 100, 10088
2026/05/23 20:22:17.074, 3, 100, 10088
2026/05/23 20:22:32.193, 0, 14, 10490
2026/05/23 20:22:32.195, 1, 0, 10088
2026/05/23 20:22:32.197, 2, 0, 10088
2026/05/23 20:22:32.198, 3, 0, 10088
2026/05/23 20:22:47.282, 0, 9, 10490
2026/05/23 20:22:47.284, 1, 0, 10088
2026/05/23 20:22:47.286, 2, 0, 10088
2026/05/23 20:22:47.287, 3, 0, 10088
2026/05/23 20:23:02.413, 0, 100, 10490
2026/05/23 20:23:02.415, 1, 0, 10088
2026/05/23 20:23:02.416, 2, 0, 10088
2026/05/23 20:23:02.418, 3, 0, 10088
2026/05/23 20:23:17.649, 0, 0, 10490
2026/05/23 20:23:17.651, 1, 86, 10088
2026/05/23 20:23:17.652, 2, 0, 10088
2026/05/23 20:23:17.653, 3, 100, 10088
2026/05/23 20:23:32.976, 0, 13, 10490
2026/05/23 20:23:32.979, 1, 0, 10088
2026/05/23 20:23:32.980, 2, 0, 10088
2026/05/23 20:23:32.981, 3, 0, 10088
2026/05/23 20:23:48.069, 0, 100, 10490
2026/05/23 20:23:48.071, 1, 100, 10088
2026/05/23 20:23:48.072, 2, 0, 10088
2026/05/23 20:23:48.073, 3, 0, 10088
2026/05/23 20:24:03.174, 0, 55, 10490
2026/05/23 20:24:03.176, 1, 0, 10088
2026/05/23 20:24:03.177, 2, 0, 10088
2026/05/23 20:24:03.179, 3, 0, 10088
2026/05/23 20:24:18.267, 0, 9, 10490
2026/05/23 20:24:18.271, 1, 98, 10088
2026/05/23 20:24:18.276, 2, 0, 10088
2026/05/23 20:24:18.277, 3, 0, 10088
2026/05/23 20:24:33.449, 0, 13, 10490
2026/05/23 20:24:33.451, 1, 0, 10088
2026/05/23 20:24:33.453, 2, 0, 10088
2026/05/23 20:24:33.454, 3, 0, 10088
2026/05/23 20:24:48.547, 0, 100, 10490
2026/05/23 20:24:48.550, 1, 100, 10088
2026/05/23 20:24:48.555, 2, 0, 10088
2026/05/23 20:24:48.559, 3, 94, 10088
2026/05/23 20:25:03.653, 0, 2, 10490
2026/05/23 20:25:03.655, 1, 0, 10088
2026/05/23 20:25:03.656, 2, 0, 10088
2026/05/23 20:25:03.658, 3, 0, 10088
2026/05/23 20:25:18.843, 0, 8, 10490
2026/05/23 20:25:18.845, 1, 0, 10088
2026/05/23 20:25:18.846, 2, 0, 10088
2026/05/23 20:25:18.848, 3, 0, 10088
2026/05/23 20:25:33.933, 0, 9, 10490
2026/05/23 20:25:33.935, 1, 0, 10088
2026/05/23 20:25:33.937, 2, 0, 10088
2026/05/23 20:25:33.938, 3, 0, 10088
2026/05/23 20:25:49.021, 0, 13, 10490
2026/05/23 20:25:49.024, 1, 0, 10088
2026/05/23 20:25:49.025, 2, 0, 10088
2026/05/23 20:25:49.026, 3, 0, 10088
2026/05/23 20:26:04.115, 0, 100, 10490
2026/05/23 20:26:04.117, 1, 100, 10088
2026/05/23 20:26:04.118, 2, 0, 10088
2026/05/23 20:26:04.119, 3, 0, 10088
2026/05/23 20:26:19.290, 0, 2, 10490
2026/05/23 20:26:19.296, 1, 0, 10088
2026/05/23 20:26:19.299, 2, 0, 10088
2026/05/23 20:26:19.300, 3, 0, 10088
2026/05/23 20:26:34.449, 0, 100, 10490
2026/05/23 20:26:34.451, 1, 100, 10088
2026/05/23 20:26:34.453, 2, 100, 10088
2026/05/23 20:26:34.454, 3, 100, 10088
2026/05/23 20:26:49.778, 0, 5, 10490
2026/05/23 20:26:49.780, 1, 0, 10088
2026/05/23 20:26:49.781, 2, 0, 10088
2026/05/23 20:26:49.783, 3, 0, 10088
2026/05/23 20:27:04.874, 0, 100, 10490
2026/05/23 20:27:04.877, 1, 100, 10088
2026/05/23 20:27:04.881, 2, 100, 10088
2026/05/23 20:27:04.884, 3, 0, 10088
2026/05/23 20:27:19.978, 0, 9, 10490
2026/05/23 20:27:19.980, 1, 0, 10088
2026/05/23 20:27:19.982, 2, 0, 10088
2026/05/23 20:27:19.983, 3, 0, 10088
2026/05/23 20:27:35.069, 0, 9, 10490
2026/05/23 20:27:35.071, 1, 0, 10088
2026/05/23 20:27:35.072, 2, 0, 10088
2026/05/23 20:27:35.074, 3, 0, 10088
2026/05/23 20:27:50.292, 0, 9, 10490
2026/05/23 20:27:50.295, 1, 0, 10088
2026/05/23 20:27:50.296, 2, 0, 10088
2026/05/23 20:27:50.297, 3, 0, 10088
2026/05/23 20:28:05.525, 0, 0, 10490
2026/05/23 20:28:05.530, 1, 0, 10088
2026/05/23 20:28:05.533, 2, 0, 10088
2026/05/23 20:28:05.536, 3, 0, 10088
2026/05/23 20:28:20.792, 0, 100, 10490
2026/05/23 20:28:20.796, 1, 0, 10088
2026/05/23 20:28:20.798, 2, 0, 10088
2026/05/23 20:28:20.799, 3, 0, 10088
2026/05/23 20:28:35.885, 0, 8, 10490
2026/05/23 20:28:35.887, 1, 0, 10088
2026/05/23 20:28:35.888, 2, 0, 10088
2026/05/23 20:28:35.890, 3, 0, 10088
2026/05/23 20:28:50.998, 0, 13, 10490
2026/05/23 20:28:51.001, 1, 0, 10088
2026/05/23 20:28:51.002, 2, 0, 10088
2026/05/23 20:28:51.003, 3, 0, 10088
2026/05/23 20:29:06.091, 0, 9, 10490
2026/05/23 20:29:06.093, 1, 0, 10088
2026/05/23 20:29:06.094, 2, 0, 10088
2026/05/23 20:29:06.096, 3, 0, 10088
2026/05/23 20:29:21.170, 0, 9, 10490
2026/05/23 20:29:21.171, 1, 0, 10088
2026/05/23 20:29:21.172, 2, 0, 10088
2026/05/23 20:29:21.173, 3, 0, 10088
2026/05/23 20:29:36.254, 0, 0, 10490
2026/05/23 20:29:36.256, 1, 0, 10088
2026/05/23 20:29:36.257, 2, 0, 10088
2026/05/23 20:29:36.259, 3, 0, 10088
2026/05/23 20:29:51.342, 0, 1, 10490
2026/05/23 20:29:51.344, 1, 0, 10088
2026/05/23 20:29:51.345, 2, 0, 10088
2026/05/23 20:29:51.347, 3, 0, 10088
2026/05/23 20:30:06.627, 0, 13, 10490
2026/05/23 20:30:06.629, 1, 0, 10088
2026/05/23 20:30:06.630, 2, 0, 10088
2026/05/23 20:30:06.632, 3, 0, 10088
2026/05/23 20:30:21.717, 0, 4, 10490
2026/05/23 20:30:21.719, 1, 100, 10088
2026/05/23 20:30:21.721, 2, 0, 10088
2026/05/23 20:30:21.722, 3, 100, 10088
2026/05/23 20:30:36.814, 0, 9, 10490
2026/05/23 20:30:36.818, 1, 25, 10088
2026/05/23 20:30:36.821, 2, 0, 10088
2026/05/23 20:30:36.824, 3, 0, 10088
2026/05/23 20:30:51.917, 0, 9, 10490
2026/05/23 20:30:51.919, 1, 0, 10088
2026/05/23 20:30:51.921, 2, 0, 10088
2026/05/23 20:30:51.922, 3, 0, 10088
2026/05/23 20:31:07.075, 0, 13, 10490
2026/05/23 20:31:07.077, 1, 0, 10088
2026/05/23 20:31:07.079, 2, 0, 10088
2026/05/23 20:31:07.080, 3, 0, 10088
2026/05/23 20:31:22.233, 0, 100, 10490
2026/05/23 20:31:22.349, 1, 100, 10088
2026/05/23 20:31:22.352, 2, 100, 10088
2026/05/23 20:31:22.355, 3, 0, 10088
2026/05/23 20:31:37.518, 0, 62, 10490
2026/05/23 20:31:37.520, 1, 0, 10088
2026/05/23 20:31:37.521, 2, 0, 10088
2026/05/23 20:31:37.522, 3, 0, 10088
2026/05/23 20:31:52.607, 0, 100, 10490
2026/05/23 20:31:52.612, 1, 0, 10088
2026/05/23 20:31:52.613, 2, 0, 10088
2026/05/23 20:31:52.614, 3, 0, 10088
2026/05/23 20:32:07.706, 0, 13, 10490
2026/05/23 20:32:07.709, 1, 0, 10088
2026/05/23 20:32:07.710, 2, 0, 10088
2026/05/23 20:32:07.711, 3, 0, 10088
2026/05/23 20:32:22.798, 0, 8, 10490
2026/05/23 20:32:22.800, 1, 0, 10088
2026/05/23 20:32:22.802, 2, 0, 10088
2026/05/23 20:32:22.803, 3, 0, 10088
2026/05/23 20:32:37.893, 0, 100, 10490
2026/05/23 20:32:37.897, 1, 0, 10088
2026/05/23 20:32:37.899, 2, 0, 10088
2026/05/23 20:32:37.900, 3, 0, 10088
2026/05/23 20:32:53.098, 0, 5, 10490
2026/05/23 20:32:53.100, 1, 0, 10088
2026/05/23 20:32:53.101, 2, 0, 10088
2026/05/23 20:32:53.102, 3, 0, 10088
2026/05/23 20:33:08.195, 0, 100, 10490
2026/05/23 20:33:08.197, 1, 100, 10088
2026/05/23 20:33:08.198, 2, 0, 10088
2026/05/23 20:33:08.199, 3, 0, 10088
2026/05/23 20:33:23.283, 0, 10, 10490
2026/05/23 20:33:23.285, 1, 0, 10088
2026/05/23 20:33:23.287, 2, 0, 10088
2026/05/23 20:33:23.288, 3, 0, 10088
2026/05/23 20:33:38.411, 0, 100, 10490
2026/05/23 20:33:38.413, 1, 0, 10088
2026/05/23 20:33:38.414, 2, 0, 10088
2026/05/23 20:33:38.416, 3, 0, 10088
2026/05/23 20:33:53.502, 0, 99, 10490
2026/05/23 20:33:53.504, 1, 0, 10088
2026/05/23 20:33:53.505, 2, 0, 10088
2026/05/23 20:33:53.507, 3, 0, 10088
2026/05/23 20:34:08.599, 0, 100, 10490
2026/05/23 20:34:08.603, 1, 0, 10088
2026/05/23 20:34:08.607, 2, 0, 10088
2026/05/23 20:34:08.610, 3, 66, 10088
2026/05/23 20:34:23.693, 0, 8, 10490
2026/05/23 20:34:23.695, 1, 0, 10088
2026/05/23 20:34:23.696, 2, 0, 10088
2026/05/23 20:34:23.697, 3, 0, 10088
2026/05/23 20:34:38.906, 0, 9, 10490
2026/05/23 20:34:38.909, 1, 0, 10088
2026/05/23 20:34:38.911, 2, 0, 10088
2026/05/23 20:34:38.912, 3, 0, 10088
2026/05/23 20:34:54.095, 0, 9, 10490
2026/05/23 20:34:54.097, 1, 0, 10088
2026/05/23 20:34:54.098, 2, 0, 10088
2026/05/23 20:34:54.099, 3, 0, 10088
2026/05/23 20:35:09.190, 0, 61, 10490
2026/05/23 20:35:09.194, 1, 100, 10088
2026/05/23 20:35:09.198, 2, 0, 10088
2026/05/23 20:35:09.199, 3, 0, 10088
2026/05/23 20:35:24.303, 0, 6, 10490
2026/05/23 20:35:24.305, 1, 0, 10088
2026/05/23 20:35:24.306, 2, 0, 10088
2026/05/23 20:35:24.308, 3, 0, 10088
2026/05/23 20:35:39.394, 0, 9, 10490
2026/05/23 20:35:39.396, 1, 0, 10088
2026/05/23 20:35:39.397, 2, 0, 10088
2026/05/23 20:35:39.398, 3, 0, 10088
2026/05/23 20:35:54.526, 0, 100, 10490
2026/05/23 20:35:54.528, 1, 100, 10088
2026/05/23 20:35:54.529, 2, 0, 10088
2026/05/23 20:35:54.531, 3, 0, 10088
2026/05/23 20:36:09.713, 0, 1, 10490
2026/05/23 20:36:09.715, 1, 0, 10088
2026/05/23 20:36:09.717, 2, 0, 10088
2026/05/23 20:36:09.718, 3, 0, 10088
2026/05/23 20:36:24.818, 0, 27, 10490
2026/05/23 20:36:24.820, 1, 0, 10088
2026/05/23 20:36:24.821, 2, 0, 10088
2026/05/23 20:36:24.822, 3, 0, 10088
2026/05/23 20:36:39.922, 0, 10, 10490
2026/05/23 20:36:39.924, 1, 0, 10088
2026/05/23 20:36:39.926, 2, 0, 10088
2026/05/23 20:36:39.927, 3, 0, 10088
2026/05/23 20:36:55.067, 0, 100, 10490
2026/05/23 20:36:55.071, 1, 100, 10088
2026/05/23 20:36:55.073, 2, 100, 10088
2026/05/23 20:36:55.076, 3, 0, 10088
2026/05/23 20:37:10.165, 0, 76, 10490
2026/05/23 20:37:10.167, 1, 0, 10088
2026/05/23 20:37:10.169, 2, 0, 10088
2026/05/23 20:37:10.170, 3, 0, 10088
2026/05/23 20:37:25.307, 0, 9, 10490
2026/05/23 20:37:25.310, 1, 0, 10088
2026/05/23 20:37:25.311, 2, 0, 10088
2026/05/23 20:37:25.312, 3, 0, 10088
2026/05/23 20:37:40.430, 0, 13, 10490
2026/05/23 20:37:40.432, 1, 0, 10088
2026/05/23 20:37:40.433, 2, 0, 10088
2026/05/23 20:37:40.434, 3, 0, 10088
2026/05/23 20:37:55.518, 0, 100, 10490
2026/05/23 20:37:55.520, 1, 0, 10088
2026/05/23 20:37:55.521, 2, 0, 10088
2026/05/23 20:37:55.523, 3, 0, 10088
2026/05/23 20:38:10.610, 0, 10, 10490
2026/05/23 20:38:10.612, 1, 0, 10088
2026/05/23 20:38:10.613, 2, 0, 10088
2026/05/23 20:38:10.614, 3, 0, 10088
2026/05/23 20:38:25.786, 0, 5, 10490
2026/05/23 20:38:25.788, 1, 0, 10088
2026/05/23 20:38:25.790, 2, 0, 10088
2026/05/23 20:38:25.791, 3, 0, 10088
2026/05/23 20:38:40.915, 0, 13, 10490
2026/05/23 20:38:40.917, 1, 0, 10088
2026/05/23 20:38:40.919, 2, 0, 10088
2026/05/23 20:38:40.920, 3, 0, 10088
2026/05/23 20:38:56.006, 0, 9, 10490
2026/05/23 20:38:56.008, 1, 0, 10088
2026/05/23 20:38:56.010, 2, 0, 10088
2026/05/23 20:38:56.011, 3, 0, 10088
2026/05/23 20:39:11.103, 0, 10, 10490
2026/05/23 20:39:11.108, 1, 0, 10088
2026/05/23 20:39:11.110, 2, 0, 10088
2026/05/23 20:39:11.113, 3, 0, 10088
2026/05/23 20:39:26.266, 0, 10, 10490
2026/05/23 20:39:26.268, 1, 0, 10088
2026/05/23 20:39:26.269, 2, 0, 10088
2026/05/23 20:39:26.270, 3, 0, 10088
2026/05/23 20:39:41.398, 0, 12, 10490
2026/05/23 20:39:41.400, 1, 0, 10088
2026/05/23 20:39:41.401, 2, 0, 10088
2026/05/23 20:39:41.403, 3, 0, 10088
2026/05/23 20:39:56.496, 0, 40, 10490
2026/05/23 20:39:56.502, 1, 100, 10088
2026/05/23 20:39:56.505, 2, 99, 10088
2026/05/23 20:39:56.509, 3, 0, 10088
2026/05/23 20:40:11.646, 0, 3, 10490
2026/05/23 20:40:11.651, 1, 0, 10088
2026/05/23 20:40:11.653, 2, 0, 10088
2026/05/23 20:40:11.656, 3, 0, 10088
2026/05/23 20:40:26.856, 0, 100, 10490
2026/05/23 20:40:26.861, 1, 100, 10088
2026/05/23 20:40:26.863, 2, 100, 10088
2026/05/23 20:40:26.867, 3, 0, 10088
2026/05/23 20:40:41.961, 0, 9, 10490
2026/05/23 20:40:41.963, 1, 0, 10088
2026/05/23 20:40:41.965, 2, 0, 10088
2026/05/23 20:40:41.966, 3, 0, 10088
2026/05/23 20:40:57.050, 0, 13, 10490
2026/05/23 20:40:57.052, 1, 0, 10088
2026/05/23 20:40:57.053, 2, 0, 10088
2026/05/23 20:40:57.055, 3, 0, 10088
2026/05/23 20:41:12.140, 0, 55, 10490
2026/05/23 20:41:12.142, 1, 0, 10088
2026/05/23 20:41:12.144, 2, 0, 10088
2026/05/23 20:41:12.145, 3, 0, 10088
2026/05/23 20:41:27.267, 0, 1, 10490
2026/05/23 20:41:27.269, 1, 0, 10088
2026/05/23 20:41:27.270, 2, 0, 10088
2026/05/23 20:41:27.271, 3, 0, 10088
2026/05/23 20:41:42.353, 0, 100, 10490
2026/05/23 20:41:42.355, 1, 0, 10088
2026/05/23 20:41:42.357, 2, 0, 10088
2026/05/23 20:41:42.358, 3, 0, 10088
2026/05/23 20:41:57.452, 0, 10, 10490
2026/05/23 20:41:57.458, 1, 0, 10088
2026/05/23 20:41:57.461, 2, 0, 10088
2026/05/23 20:41:57.463, 3, 0, 10088
2026/05/23 20:42:12.575, 0, 7, 10490
2026/05/23 20:42:12.577, 1, 0, 10088
2026/05/23 20:42:12.579, 2, 0, 10088
2026/05/23 20:42:12.580, 3, 0, 10088
2026/05/23 20:42:27.666, 0, 5, 10490
2026/05/23 20:42:27.668, 1, 0, 10088
2026/05/23 20:42:27.669, 2, 0, 10088
2026/05/23 20:42:27.670, 3, 0, 10088
2026/05/23 20:42:42.842, 0, 100, 10490
2026/05/23 20:42:42.846, 1, 100, 10088
2026/05/23 20:42:42.849, 2, 100, 10088
2026/05/23 20:42:42.852, 3, 0, 10088
2026/05/23 20:42:57.947, 0, 10, 10490
2026/05/23 20:42:57.951, 1, 0, 10088
2026/05/23 20:42:57.952, 2, 0, 10088
2026/05/23 20:42:57.953, 3, 0, 10088
2026/05/23 20:43:13.038, 0, 10, 10490
2026/05/23 20:43:13.040, 1, 0, 10088
2026/05/23 20:43:13.041, 2, 0, 10088
2026/05/23 20:43:13.042, 3, 0, 10088
2026/05/23 20:43:28.129, 0, 4, 10490
2026/05/23 20:43:28.131, 1, 0, 10088
2026/05/23 20:43:28.133, 2, 0, 10088
2026/05/23 20:43:28.134, 3, 0, 10088
2026/05/23 20:43:43.317, 0, 100, 10490
2026/05/23 20:43:43.319, 1, 100, 10088
2026/05/23 20:43:43.320, 2, 100, 10088
2026/05/23 20:43:43.322, 3, 0, 10088
2026/05/23 20:43:58.407, 0, 9, 10490
2026/05/23 20:43:58.409, 1, 0, 10088
2026/05/23 20:43:58.411, 2, 0, 10088
2026/05/23 20:43:58.412, 3, 0, 10088
2026/05/23 20:44:13.516, 0, 3, 10490
2026/05/23 20:44:13.518, 1, 0, 10088
2026/05/23 20:44:13.519, 2, 0, 10088
2026/05/23 20:44:13.520, 3, 0, 10088
2026/05/23 20:44:28.727, 0, 100, 10490
2026/05/23 20:44:28.730, 1, 0, 10088
2026/05/23 20:44:28.732, 2, 0, 10088
2026/05/23 20:44:28.733, 3, 0, 10088
2026/05/23 20:44:43.822, 0, 8, 10490
2026/05/23 20:44:43.824, 1, 0, 10088
2026/05/23 20:44:43.825, 2, 0, 10088
2026/05/23 20:44:43.826, 3, 0, 10088
2026/05/23 20:44:58.939, 0, 100, 10490
2026/05/23 20:44:58.943, 1, 0, 10088
2026/05/23 20:44:58.945, 2, 0, 10088
2026/05/23 20:44:58.946, 3, 0, 10088
2026/05/23 20:45:14.029, 0, 6, 10490
2026/05/23 20:45:14.031, 1, 0, 10088
2026/05/23 20:45:14.033, 2, 0, 10088
2026/05/23 20:45:14.034, 3, 0, 10088
2026/05/23 20:45:29.361, 0, 10, 10490
2026/05/23 20:45:29.364, 1, 0, 10088
2026/05/23 20:45:29.365, 2, 0, 10088
2026/05/23 20:45:29.366, 3, 0, 10088
2026/05/23 20:45:44.449, 0, 100, 10490
2026/05/23 20:45:44.451, 1, 100, 10088
2026/05/23 20:45:44.452, 2, 100, 10088
2026/05/23 20:45:44.454, 3, 0, 10088
2026/05/23 20:45:59.546, 0, 92, 10490
2026/05/23 20:45:59.549, 1, 94, 10088
2026/05/23 20:45:59.552, 2, 60, 10088
2026/05/23 20:45:59.554, 3, 100, 10088
2026/05/23 20:46:14.650, 0, 6, 10490
2026/05/23 20:46:14.652, 1, 0, 10088
2026/05/23 20:46:14.653, 2, 0, 10088
2026/05/23 20:46:14.654, 3, 0, 10088
2026/05/23 20:46:29.885, 0, 14, 10490
2026/05/23 20:46:29.887, 1, 0, 10088
2026/05/23 20:46:29.888, 2, 0, 10088
2026/05/23 20:46:29.890, 3, 0, 10088
2026/05/23 20:46:44.975, 0, 8, 10490
2026/05/23 20:46:44.977, 1, 0, 10088
2026/05/23 20:46:44.978, 2, 0, 10088
2026/05/23 20:46:44.979, 3, 0, 10088
2026/05/23 20:47:00.088, 0, 9, 10490
2026/05/23 20:47:00.092, 1, 0, 10088
2026/05/23 20:47:00.095, 2, 0, 10088
2026/05/23 20:47:00.099, 3, 0, 10088
2026/05/23 20:47:15.194, 0, 9, 10490
2026/05/23 20:47:15.196, 1, 0, 10088
2026/05/23 20:47:15.197, 2, 0, 10088
2026/05/23 20:47:15.199, 3, 0, 10088
2026/05/23 20:47:30.329, 0, 14, 10490
2026/05/23 20:47:30.331, 1, 0, 10088
2026/05/23 20:47:30.333, 2, 0, 10088
2026/05/23 20:47:30.334, 3, 0, 10088
2026/05/23 20:47:45.435, 0, 9, 10490
2026/05/23 20:47:45.437, 1, 0, 10088
2026/05/23 20:47:45.438, 2, 0, 10088
2026/05/23 20:47:45.440, 3, 0, 10088
2026/05/23 20:48:00.546, 0, 9, 10490
2026/05/23 20:48:00.548, 1, 0, 10088
2026/05/23 20:48:00.550, 2, 0, 10088
2026/05/23 20:48:00.551, 3, 0, 10088
2026/05/23 20:48:15.633, 0, 2, 10490
2026/05/23 20:48:15.635, 1, 0, 10088
2026/05/23 20:48:15.636, 2, 0, 10088
2026/05/23 20:48:15.638, 3, 0, 10088
2026/05/23 20:48:30.794, 0, 13, 10490
2026/05/23 20:48:30.796, 1, 0, 10088
2026/05/23 20:48:30.797, 2, 0, 10088
2026/05/23 20:48:30.799, 3, 0, 10088
2026/05/23 20:48:45.883, 0, 8, 10490
2026/05/23 20:48:45.885, 1, 0, 10088
2026/05/23 20:48:45.886, 2, 0, 10088
2026/05/23 20:48:45.887, 3, 0, 10088
2026/05/23 20:49:00.980, 0, 9, 10490
2026/05/23 20:49:00.985, 1, 0, 10088
2026/05/23 20:49:00.989, 2, 0, 10088
2026/05/23 20:49:00.991, 3, 0, 10088
2026/05/23 20:49:16.082, 0, 100, 10490
2026/05/23 20:49:16.084, 1, 22, 10088
2026/05/23 20:49:16.085, 2, 100, 10088
2026/05/23 20:49:16.086, 3, 84, 10088
2026/05/23 20:49:31.265, 0, 9, 10490
2026/05/23 20:49:31.267, 1, 0, 10088
2026/05/23 20:49:31.268, 2, 0, 10088
2026/05/23 20:49:31.269, 3, 0, 10088
2026/05/23 20:49:46.395, 0, 3, 10490
2026/05/23 20:49:46.397, 1, 0, 10088
2026/05/23 20:49:46.398, 2, 0, 10088
2026/05/23 20:49:46.400, 3, 0, 10088
2026/05/23 20:50:01.693, 0, 9, 10490
2026/05/23 20:50:01.695, 1, 0, 10088
2026/05/23 20:50:01.696, 2, 0, 10088
2026/05/23 20:50:01.697, 3, 0, 10088
2026/05/23 20:50:16.807, 0, 100, 10490
2026/05/23 20:50:16.812, 1, 0, 10088
2026/05/23 20:50:16.815, 2, 100, 10088
2026/05/23 20:50:16.817, 3, 0, 10088
2026/05/23 20:50:31.926, 0, 9, 10490
2026/05/23 20:50:31.928, 1, 0, 10088
2026/05/23 20:50:31.929, 2, 0, 10088
2026/05/23 20:50:31.931, 3, 0, 10088
2026/05/23 20:50:47.036, 0, 20, 10490
2026/05/23 20:50:47.039, 1, 0, 10088
2026/05/23 20:50:47.040, 2, 0, 10088
2026/05/23 20:50:47.042, 3, 0, 10088
2026/05/23 20:51:02.130, 0, 2, 10490
2026/05/23 20:51:02.133, 1, 0, 10088
2026/05/23 20:51:02.134, 2, 0, 10088
2026/05/23 20:51:02.136, 3, 0, 10088
2026/05/23 20:51:17.239, 0, 8, 10490
2026/05/23 20:51:17.241, 1, 0, 10088
2026/05/23 20:51:17.242, 2, 0, 10088
2026/05/23 20:51:17.244, 3, 0, 10088
2026/05/23 20:51:32.354, 0, 100, 10490
2026/05/23 20:51:32.356, 1, 0, 10088
2026/05/23 20:51:32.357, 2, 100, 10088
2026/05/23 20:51:32.358, 3, 0, 10088
2026/05/23 20:51:47.462, 0, 13, 10490
2026/05/23 20:51:47.464, 1, 0, 10088
2026/05/23 20:51:47.465, 2, 0, 10088
2026/05/23 20:51:47.467, 3, 0, 10088
2026/05/23 20:52:02.554, 0, 70, 10490
2026/05/23 20:52:02.556, 1, 0, 10088
2026/05/23 20:52:02.558, 2, 33, 10088
2026/05/23 20:52:02.559, 3, 0, 10088
2026/05/23 20:52:17.650, 0, 97, 10490
2026/05/23 20:52:17.652, 1, 100, 10088
2026/05/23 20:52:17.654, 2, 0, 10088
2026/05/23 20:52:17.655, 3, 0, 10088
2026/05/23 20:52:32.741, 0, 7, 10490
2026/05/23 20:52:32.743, 1, 100, 10088
2026/05/23 20:52:32.744, 2, 81, 10088
2026/05/23 20:52:32.746, 3, 0, 10088
2026/05/23 20:52:47.942, 0, 3, 10490
2026/05/23 20:52:47.944, 1, 0, 10088
2026/05/23 20:52:47.945, 2, 0, 10088
2026/05/23 20:52:47.946, 3, 0, 10088
2026/05/23 20:53:03.074, 0, 0, 10490
2026/05/23 20:53:03.076, 1, 0, 10088
2026/05/23 20:53:03.078, 2, 0, 10088
2026/05/23 20:53:03.079, 3, 0, 10088
2026/05/23 20:53:18.172, 0, 100, 10490
2026/05/23 20:53:18.176, 1, 100, 10088
2026/05/23 20:53:18.179, 2, 100, 10088
2026/05/23 20:53:18.181, 3, 0, 10088
2026/05/23 20:53:33.274, 0, 9, 10490
2026/05/23 20:53:33.276, 1, 0, 10088
2026/05/23 20:53:33.278, 2, 0, 10088
2026/05/23 20:53:33.279, 3, 0, 10088
2026/05/23 20:53:48.382, 0, 100, 10490
2026/05/23 20:53:48.384, 1, 78, 10088
2026/05/23 20:53:48.385, 2, 100, 10088
2026/05/23 20:53:48.386, 3, 0, 10088
2026/05/23 20:54:03.486, 0, 7, 10490
2026/05/23 20:54:03.488, 1, 0, 10088
2026/05/23 20:54:03.489, 2, 0, 10088
2026/05/23 20:54:03.491, 3, 0, 10088
2026/05/23 20:54:18.669, 0, 100, 10490
2026/05/23 20:54:18.671, 1, 100, 10088
2026/05/23 20:54:18.772, 2, 100, 10088
2026/05/23 20:54:18.773, 3, 87, 10088
2026/05/23 20:54:33.937, 0, 31, 10490
2026/05/23 20:54:33.943, 1, 100, 10088
2026/05/23 20:54:33.946, 2, 94, 10088
2026/05/23 20:54:33.950, 3, 0, 10088
2026/05/23 20:54:49.062, 0, 9, 10490
2026/05/23 20:54:49.064, 1, 0, 10088
2026/05/23 20:54:49.065, 2, 0, 10088
2026/05/23 20:54:49.067, 3, 0, 10088
2026/05/23 20:55:04.166, 0, 18, 10490
2026/05/23 20:55:04.169, 1, 0, 10088
2026/05/23 20:55:04.170, 2, 0, 10088
2026/05/23 20:55:04.171, 3, 0, 10088
2026/05/23 20:55:19.260, 0, 100, 10490
2026/05/23 20:55:19.264, 1, 100, 10088
2026/05/23 20:55:19.267, 2, 0, 10088
2026/05/23 20:55:19.269, 3, 0, 10088
2026/05/23 20:55:34.374, 0, 7, 10490
2026/05/23 20:55:34.376, 1, 0, 10088
2026/05/23 20:55:34.378, 2, 0, 10088
2026/05/23 20:55:34.379, 3, 0, 10088
2026/05/23 20:55:49.698, 0, 0, 10490
2026/05/23 20:55:49.701, 1, 0, 10088
2026/05/23 20:55:49.702, 2, 0, 10088
2026/05/23 20:55:49.703, 3, 0, 10088
2026/05/23 20:56:04.790, 0, 13, 10490
2026/05/23 20:56:04.792, 1, 100, 10088
2026/05/23 20:56:04.793, 2, 0, 10088
2026/05/23 20:56:04.795, 3, 100, 10088
2026/05/23 20:56:19.880, 0, 9, 10490
2026/05/23 20:56:19.883, 1, 0, 10088
2026/05/23 20:56:19.885, 2, 0, 10088
2026/05/23 20:56:19.886, 3, 0, 10088
2026/05/23 20:56:34.974, 0, 7, 10490
2026/05/23 20:56:34.976, 1, 0, 10088
2026/05/23 20:56:34.978, 2, 0, 10088
2026/05/23 20:56:34.979, 3, 0, 10088
2026/05/23 20:56:50.154, 0, 71, 10490
2026/05/23 20:56:50.159, 1, 100, 10088
2026/05/23 20:56:50.162, 2, 100, 10088
2026/05/23 20:56:50.165, 3, 0, 10088
2026/05/23 20:57:05.253, 0, 10, 10490
2026/05/23 20:57:05.255, 1, 0, 10088
2026/05/23 20:57:05.257, 2, 0, 10088
2026/05/23 20:57:05.258, 3, 0, 10088
2026/05/23 20:57:20.377, 0, 1, 10490
2026/05/23 20:57:20.379, 1, 0, 10088
2026/05/23 20:57:20.381, 2, 0, 10088
2026/05/23 20:57:20.382, 3, 0, 10088
2026/05/23 20:57:35.503, 0, 10, 10490
2026/05/23 20:57:35.508, 1, 0, 10088
2026/05/23 20:57:35.509, 2, 0, 10088
2026/05/23 20:57:35.510, 3, 0, 10088
2026/05/23 20:57:50.697, 0, 100, 10490
2026/05/23 20:57:50.700, 1, 100, 10088
2026/05/23 20:57:50.701, 2, 100, 10088
2026/05/23 20:57:50.702, 3, 0, 10088
2026/05/23 20:58:05.786, 0, 9, 10490
2026/05/23 20:58:05.788, 1, 0, 10088
2026/05/23 20:58:05.790, 2, 0, 10088
2026/05/23 20:58:05.812, 3, 0, 10088
2026/05/23 20:58:20.898, 0, 13, 10490
2026/05/23 20:58:20.901, 1, 0, 10088
2026/05/23 20:58:20.902, 2, 0, 10088
2026/05/23 20:58:20.903, 3, 0, 10088
2026/05/23 20:58:35.991, 0, 10, 10490
2026/05/23 20:58:35.993, 1, 0, 10088
2026/05/23 20:58:35.995, 2, 0, 10088
2026/05/23 20:58:35.996, 3, 0, 10088
2026/05/23 20:58:51.088, 0, 77, 10490
2026/05/23 20:58:51.092, 1, 100, 10088
2026/05/23 20:58:51.095, 2, 84, 10088
2026/05/23 20:58:51.097, 3, 0, 10088
2026/05/23 20:59:06.370, 0, 4, 10490
2026/05/23 20:59:06.372, 1, 0, 10088
2026/05/23 20:59:06.373, 2, 0, 10088
2026/05/23 20:59:06.374, 3, 0, 10088
2026/05/23 20:59:21.540, 0, 9, 10490
2026/05/23 20:59:21.544, 1, 0, 10088
2026/05/23 20:59:21.546, 2, 0, 10088
2026/05/23 20:59:21.549, 3, 0, 10088
2026/05/23 20:59:36.754, 0, 5, 10490
2026/05/23 20:59:36.756, 1, 0, 10088
2026/05/23 20:59:36.758, 2, 0, 10088
2026/05/23 20:59:36.759, 3, 0, 10088
2026/05/23 20:59:51.890, 0, 65, 10490
2026/05/23 20:59:51.894, 1, 100, 10088
2026/05/23 20:59:51.897, 2, 65, 10088
2026/05/23 20:59:51.899, 3, 100, 10088
2026/05/23 21:00:06.993, 0, 9, 10490
2026/05/23 21:00:06.995, 1, 0, 10088
2026/05/23 21:00:06.997, 2, 0, 10088
2026/05/23 21:00:06.998, 3, 0, 10088
2026/05/23 21:00:22.142, 0, 100, 10490
2026/05/23 21:00:22.144, 1, 0, 10088
2026/05/23 21:00:22.146, 2, 0, 10088
2026/05/23 21:00:22.147, 3, 0, 10088
2026/05/23 21:00:37.302, 0, 0, 10490
2026/05/23 21:00:37.305, 1, 0, 10088
2026/05/23 21:00:37.306, 2, 0, 10088
2026/05/23 21:00:37.307, 3, 0, 10088
2026/05/23 21:00:52.563, 0, 9, 10490
2026/05/23 21:00:52.566, 1, 0, 10088
2026/05/23 21:00:52.570, 2, 0, 10088
2026/05/23 21:00:52.573, 3, 0, 10088
2026/05/23 21:01:07.665, 0, 100, 10490
2026/05/23 21:01:07.667, 1, 100, 10088
2026/05/23 21:01:07.669, 2, 100, 10088
2026/05/23 21:01:07.670, 3, 100, 10088
2026/05/23 21:01:22.750, 0, 100, 10490
2026/05/23 21:01:22.753, 1, 100, 10088
2026/05/23 21:01:22.756, 2, 100, 10088
2026/05/23 21:01:22.758, 3, 100, 10088
2026/05/23 21:01:37.850, 0, 9, 10490
2026/05/23 21:01:37.852, 1, 0, 10088
2026/05/23 21:01:37.853, 2, 0, 10088
2026/05/23 21:01:37.854, 3, 0, 10088
2026/05/23 21:01:52.956, 0, 12, 10490
2026/05/23 21:01:52.958, 1, 0, 10088
2026/05/23 21:01:52.959, 2, 0, 10088
2026/05/23 21:01:52.961, 3, 0, 10088
2026/05/23 21:02:08.091, 0, 100, 10490
2026/05/23 21:02:08.093, 1, 0, 10088
2026/05/23 21:02:08.094, 2, 0, 10088
2026/05/23 21:02:08.095, 3, 0, 10088
2026/05/23 21:02:23.222, 0, 9, 10490
2026/05/23 21:02:23.224, 1, 0, 10088
2026/05/23 21:02:23.225, 2, 0, 10088
2026/05/23 21:02:23.226, 3, 0, 10088
2026/05/23 21:02:38.354, 0, 8, 10490
2026/05/23 21:02:38.359, 1, 58, 10088
2026/05/23 21:02:38.362, 2, 0, 10088
2026/05/23 21:02:38.366, 3, 100, 10088
2026/05/23 21:02:53.493, 0, 13, 10490
2026/05/23 21:02:53.496, 1, 0, 10088
2026/05/23 21:02:53.497, 2, 0, 10088
2026/05/23 21:02:53.498, 3, 0, 10088
2026/05/23 21:03:08.582, 0, 9, 10490
2026/05/23 21:03:08.584, 1, 0, 10088
2026/05/23 21:03:08.586, 2, 0, 10088
2026/05/23 21:03:08.587, 3, 0, 10088
2026/05/23 21:03:23.673, 0, 100, 10490
2026/05/23 21:03:23.675, 1, 31, 10088
2026/05/23 21:03:23.677, 2, 100, 10088
2026/05/23 21:03:23.678, 3, 0, 10088
2026/05/23 21:03:38.761, 0, 9, 10490
2026/05/23 21:03:38.763, 1, 0, 10088
2026/05/23 21:03:38.765, 2, 0, 10088
2026/05/23 21:03:38.766, 3, 0, 10088
2026/05/23 21:03:53.885, 0, 12, 10490
2026/05/23 21:03:53.888, 1, 0, 10088
2026/05/23 21:03:53.889, 2, 0, 10088
2026/05/23 21:03:53.890, 3, 0, 10088
2026/05/23 21:04:08.979, 0, 100, 10490
2026/05/23 21:04:08.983, 1, 100, 10088
2026/05/23 21:04:08.986, 2, 0, 10088
2026/05/23 21:04:08.988, 3, 0, 10088
2026/05/23 21:04:24.177, 0, 3, 10490
2026/05/23 21:04:24.180, 1, 0, 10088
2026/05/23 21:04:24.181, 2, 0, 10088
2026/05/23 21:04:24.182, 3, 0, 10088
2026/05/23 21:04:39.272, 0, 10, 10490
2026/05/23 21:04:39.275, 1, 0, 10088
2026/05/23 21:04:39.278, 2, 0, 10088
2026/05/23 21:04:39.280, 3, 0, 10088
2026/05/23 21:04:54.408, 0, 9, 10490
2026/05/23 21:04:54.413, 1, 100, 10088
2026/05/23 21:04:54.417, 2, 0, 10088
2026/05/23 21:04:54.420, 3, 100, 10088
2026/05/23 21:05:09.530, 0, 16, 10490
2026/05/23 21:05:09.532, 1, 0, 10088
2026/05/23 21:05:09.534, 2, 0, 10088
2026/05/23 21:05:09.535, 3, 0, 10088
2026/05/23 21:05:24.702, 0, 3, 10490
2026/05/23 21:05:24.705, 1, 100, 10088
2026/05/23 21:05:24.708, 2, 0, 10088
2026/05/23 21:05:24.709, 3, 0, 10088
2026/05/23 21:05:39.878, 0, 9, 10490
2026/05/23 21:05:39.880, 1, 0, 10088
2026/05/23 21:05:39.882, 2, 0, 10088
2026/05/23 21:05:39.883, 3, 0, 10088
2026/05/23 21:05:54.971, 0, 100, 10490
2026/05/23 21:05:54.973, 1, 0, 10088
2026/05/23 21:05:54.974, 2, 100, 10088
2026/05/23 21:05:54.975, 3, 0, 10088
2026/05/23 21:06:10.075, 0, 13, 10490
2026/05/23 21:06:10.077, 1, 0, 10088
2026/05/23 21:06:10.079, 2, 0, 10088
2026/05/23 21:06:10.080, 3, 0, 10088
2026/05/23 21:06:25.301, 0, 100, 10490
2026/05/23 21:06:25.304, 1, 100, 10088
2026/05/23 21:06:25.305, 2, 100, 10088
2026/05/23 21:06:25.306, 3, 0, 10088
2026/05/23 21:06:40.390, 0, 9, 10490
2026/05/23 21:06:40.392, 1, 0, 10088
2026/05/23 21:06:40.393, 2, 0, 10088
2026/05/23 21:06:40.394, 3, 0, 10088
2026/05/23 21:06:55.506, 0, 9, 10490
2026/05/23 21:06:55.508, 1, 0, 10088
2026/05/23 21:06:55.509, 2, 0, 10088
2026/05/23 21:06:55.510, 3, 0, 10088
2026/05/23 21:07:10.611, 0, 8, 10490
2026/05/23 21:07:10.613, 1, 0, 10088
2026/05/23 21:07:10.614, 2, 0, 10088
2026/05/23 21:07:10.616, 3, 0, 10088
2026/05/23 21:07:25.823, 0, 2, 10490
2026/05/23 21:07:25.825, 1, 0, 10088
2026/05/23 21:07:25.826, 2, 0, 10088
2026/05/23 21:07:25.827, 3, 0, 10088
2026/05/23 21:07:40.917, 0, 100, 10490
2026/05/23 21:07:40.921, 1, 0, 10088
2026/05/23 21:07:40.923, 2, 100, 10088
2026/05/23 21:07:40.927, 3, 0, 10088
2026/05/23 21:07:56.071, 0, 100, 10490
2026/05/23 21:07:56.075, 1, 100, 10088
2026/05/23 21:07:56.078, 2, 100, 10088
2026/05/23 21:07:56.082, 3, 100, 10088
2026/05/23 21:08:11.190, 0, 100, 10490
2026/05/23 21:08:11.192, 1, 0, 10088
2026/05/23 21:08:11.194, 2, 0, 10088
2026/05/23 21:08:11.195, 3, 0, 10088
2026/05/23 21:08:26.284, 0, 10, 10490
2026/05/23 21:08:26.427, 1, 0, 10088
2026/05/23 21:08:26.430, 2, 0, 10088
2026/05/23 21:08:26.431, 3, 0, 10088
2026/05/23 21:08:41.669, 0, 35, 10490
2026/05/23 21:08:41.671, 1, 0, 10088
2026/05/23 21:08:41.672, 2, 0, 10088
2026/05/23 21:08:41.674, 3, 0, 10088
2026/05/23 21:08:56.757, 0, 9, 10490
2026/05/23 21:08:56.760, 1, 0, 10088
2026/05/23 21:08:56.763, 2, 0, 10088
2026/05/23 21:08:56.764, 3, 0, 10088
2026/05/23 21:09:11.899, 0, 100, 10490
2026/05/23 21:09:11.903, 1, 0, 10088
2026/05/23 21:09:11.906, 2, 100, 10088
2026/05/23 21:09:11.911, 3, 0, 10088
2026/05/23 21:09:27.018, 0, 12, 10490
2026/05/23 21:09:27.020, 1, 0, 10088
2026/05/23 21:09:27.021, 2, 0, 10088
2026/05/23 21:09:27.022, 3, 0, 10088
2026/05/23 21:09:42.147, 0, 9, 10490
2026/05/23 21:09:42.149, 1, 0, 10088
2026/05/23 21:09:42.150, 2, 0, 10088
2026/05/23 21:09:42.152, 3, 0, 10088
2026/05/23 21:09:57.290, 0, 6, 10490
2026/05/23 21:09:57.292, 1, 0, 10088
2026/05/23 21:09:57.293, 2, 0, 10088
2026/05/23 21:09:57.295, 3, 0, 10088
2026/05/23 21:10:12.377, 0, 9, 10490
2026/05/23 21:10:12.380, 1, 0, 10088
2026/05/23 21:10:12.382, 2, 0, 10088
2026/05/23 21:10:12.383, 3, 0, 10088
2026/05/23 21:10:27.486, 0, 13, 10490
2026/05/23 21:10:27.488, 1, 0, 10088
2026/05/23 21:10:27.489, 2, 0, 10088
2026/05/23 21:10:27.491, 3, 0, 10088
2026/05/23 21:10:42.575, 0, 5, 10490
2026/05/23 21:10:42.577, 1, 0, 10088
2026/05/23 21:10:42.578, 2, 0, 10088
2026/05/23 21:10:42.579, 3, 0, 10088
2026/05/23 21:10:57.892, 0, 35, 10490
2026/05/23 21:10:57.896, 1, 100, 10088
2026/05/23 21:10:57.899, 2, 100, 10088
2026/05/23 21:10:57.902, 3, 100, 10088
2026/05/23 21:11:12.997, 0, 8, 10490
2026/05/23 21:11:13.000, 1, 0, 10088
2026/05/23 21:11:13.001, 2, 0, 10088
2026/05/23 21:11:13.002, 3, 0, 10088
2026/05/23 21:11:28.087, 0, 9, 10490
2026/05/23 21:11:28.090, 1, 0, 10088
2026/05/23 21:11:28.091, 2, 0, 10088
2026/05/23 21:11:28.092, 3, 0, 10088
2026/05/23 21:11:43.222, 0, 13, 10490
2026/05/23 21:11:43.224, 1, 0, 10088
2026/05/23 21:11:43.226, 2, 0, 10088
2026/05/23 21:11:43.228, 3, 0, 10088
2026/05/23 21:11:58.364, 0, 5, 10490
2026/05/23 21:11:58.366, 1, 0, 10088
2026/05/23 21:11:58.367, 2, 0, 10088
2026/05/23 21:11:58.368, 3, 0, 10088
2026/05/23 21:12:13.511, 0, 100, 10490
2026/05/23 21:12:13.515, 1, 100, 10088
2026/05/23 21:12:13.518, 2, 100, 10088
2026/05/23 21:12:13.521, 3, 0, 10088
2026/05/23 21:12:28.617, 0, 9, 10490
2026/05/23 21:12:28.619, 1, 0, 10088
2026/05/23 21:12:28.621, 2, 0, 10088
2026/05/23 21:12:28.622, 3, 0, 10088
2026/05/23 21:12:43.722, 0, 14, 10490
2026/05/23 21:12:43.724, 1, 0, 10088
2026/05/23 21:12:43.725, 2, 0, 10088
2026/05/23 21:12:43.727, 3, 0, 10088
2026/05/23 21:12:58.912, 0, 0, 10490
2026/05/23 21:12:58.916, 1, 0, 10088
2026/05/23 21:12:58.920, 2, 0, 10088
2026/05/23 21:12:58.921, 3, 0, 10088
2026/05/23 21:13:14.121, 0, 9, 10490
2026/05/23 21:13:14.123, 1, 0, 10088
2026/05/23 21:13:14.124, 2, 0, 10088
2026/05/23 21:13:14.126, 3, 0, 10088
2026/05/23 21:13:29.210, 0, 9, 10490
2026/05/23 21:13:29.212, 1, 0, 10088
2026/05/23 21:13:29.214, 2, 0, 10088
2026/05/23 21:13:29.215, 3, 0, 10088
2026/05/23 21:13:44.299, 0, 14, 10490
2026/05/23 21:13:44.301, 1, 0, 10088
2026/05/23 21:13:44.302, 2, 0, 10088
2026/05/23 21:13:44.304, 3, 0, 10088
2026/05/23 21:13:59.411, 0, 9, 10490
2026/05/23 21:13:59.413, 1, 0, 10088
2026/05/23 21:13:59.414, 2, 0, 10088
2026/05/23 21:13:59.416, 3, 0, 10088
2026/05/23 21:14:14.505, 0, 100, 10490
2026/05/23 21:14:14.510, 1, 0, 10088
2026/05/23 21:14:14.511, 2, 0, 10088
2026/05/23 21:14:14.513, 3, 0, 10088
2026/05/23 21:14:29.609, 0, 32, 10490
2026/05/23 21:14:29.611, 1, 0, 10088
2026/05/23 21:14:29.612, 2, 0, 10088
2026/05/23 21:14:29.614, 3, 0, 10088
2026/05/23 21:14:44.709, 0, 8, 10490
2026/05/23 21:14:44.711, 1, 0, 10088
2026/05/23 21:14:44.713, 2, 0, 10088
2026/05/23 21:14:44.714, 3, 0, 10088
2026/05/23 21:14:59.797, 0, 13, 10490
2026/05/23 21:14:59.799, 1, 0, 10088
2026/05/23 21:14:59.801, 2, 0, 10088
2026/05/23 21:14:59.802, 3, 0, 10088
2026/05/23 21:15:14.886, 0, 8, 10490
2026/05/23 21:15:14.888, 1, 0, 10088
2026/05/23 21:15:14.890, 2, 0, 10088
2026/05/23 21:15:14.891, 3, 0, 10088
2026/05/23 21:15:29.978, 0, 9, 10490
2026/05/23 21:15:29.980, 1, 0, 10088
2026/05/23 21:15:29.981, 2, 0, 10088
2026/05/23 21:15:29.983, 3, 0, 10088
2026/05/23 21:15:45.070, 0, 10, 10490
2026/05/23 21:15:45.072, 1, 0, 10088
2026/05/23 21:15:45.074, 2, 0, 10088
2026/05/23 21:15:45.075, 3, 0, 10088
2026/05/23 21:16:00.238, 0, 12, 10490
2026/05/23 21:16:00.240, 1, 0, 10088
2026/05/23 21:16:00.242, 2, 0, 10088
2026/05/23 21:16:00.243, 3, 0, 10088
2026/05/23 21:16:15.519, 0, 100, 10490
2026/05/23 21:16:15.523, 1, 100, 10088
2026/05/23 21:16:15.528, 2, 98, 10088
2026/05/23 21:16:15.531, 3, 0, 10088
2026/05/23 21:16:30.621, 0, 100, 10490
2026/05/23 21:16:30.623, 1, 100, 10088
2026/05/23 21:16:30.624, 2, 0, 10088
2026/05/23 21:16:30.626, 3, 0, 10088
2026/05/23 21:16:45.758, 0, 9, 10490
2026/05/23 21:16:45.762, 1, 0, 10088
2026/05/23 21:16:45.765, 2, 0, 10088
2026/05/23 21:16:45.768, 3, 0, 10088
2026/05/23 21:17:00.882, 0, 12, 10490
2026/05/23 21:17:00.884, 1, 0, 10088
2026/05/23 21:17:00.885, 2, 0, 10088
2026/05/23 21:17:00.887, 3, 0, 10088
2026/05/23 21:17:15.971, 0, 10, 10490
2026/05/23 21:17:15.973, 1, 0, 10088
2026/05/23 21:17:15.974, 2, 0, 10088
2026/05/23 21:17:15.976, 3, 0, 10088
2026/05/23 21:17:31.069, 0, 100, 10490
2026/05/23 21:17:31.073, 1, 0, 10088
2026/05/23 21:17:31.076, 2, 100, 10088
2026/05/23 21:17:31.079, 3, 0, 10088
2026/05/23 21:17:46.313, 0, 6, 10490
2026/05/23 21:17:46.314, 1, 0, 10088
2026/05/23 21:17:46.316, 2, 0, 10088
2026/05/23 21:17:46.317, 3, 0, 10088
2026/05/23 21:18:01.585, 0, 24, 10490
2026/05/23 21:18:01.588, 1, 0, 10088
2026/05/23 21:18:01.589, 2, 0, 10088
2026/05/23 21:18:01.590, 3, 0, 10088
2026/05/23 21:18:16.676, 0, 10, 10490
2026/05/23 21:18:16.680, 1, 0, 10088
2026/05/23 21:18:16.681, 2, 0, 10088
2026/05/23 21:18:16.683, 3, 0, 10088
2026/05/23 21:18:31.779, 0, 100, 10490
2026/05/23 21:18:31.783, 1, 100, 10088
2026/05/23 21:18:31.786, 2, 100, 10088
2026/05/23 21:18:31.789, 3, 100, 10088
2026/05/23 21:18:46.969, 0, 100, 10490
2026/05/23 21:18:46.974, 1, 0, 10088
2026/05/23 21:18:46.976, 2, 100, 10088
2026/05/23 21:18:46.978, 3, 100, 10088
2026/05/23 21:19:02.237, 0, 9, 10490
2026/05/23 21:19:02.239, 1, 0, 10088
2026/05/23 21:19:02.240, 2, 0, 10088
2026/05/23 21:19:02.242, 3, 0, 10088
2026/05/23 21:19:17.365, 0, 13, 10490
2026/05/23 21:19:17.367, 1, 0, 10088
2026/05/23 21:19:17.369, 2, 0, 10088
2026/05/23 21:19:17.370, 3, 0, 10088
2026/05/23 21:19:32.455, 0, 9, 10490
2026/05/23 21:19:32.457, 1, 0, 10088
2026/05/23 21:19:32.459, 2, 0, 10088
2026/05/23 21:19:32.460, 3, 0, 10088
2026/05/23 21:19:47.549, 0, 4, 10490
2026/05/23 21:19:47.551, 1, 0, 10088
2026/05/23 21:19:47.553, 2, 0, 10088
2026/05/23 21:19:47.554, 3, 0, 10088
2026/05/23 21:20:02.739, 0, 9, 10490
2026/05/23 21:20:02.743, 1, 0, 10088
2026/05/23 21:20:02.747, 2, 0, 10088
2026/05/23 21:20:02.748, 3, 0, 10088
2026/05/23 21:20:17.926, 0, 12, 10490
2026/05/23 21:20:17.929, 1, 0, 10088
2026/05/23 21:20:17.930, 2, 0, 10088
2026/05/23 21:20:17.931, 3, 0, 10088
2026/05/23 21:20:33.026, 0, 100, 10490
2026/05/23 21:20:33.029, 1, 0, 10088
2026/05/23 21:20:33.032, 2, 0, 10088
2026/05/23 21:20:33.033, 3, 0, 10088
2026/05/23 21:20:48.220, 0, 7, 10490
2026/05/23 21:20:48.221, 1, 0, 10088
2026/05/23 21:20:48.222, 2, 0, 10088
2026/05/23 21:20:48.223, 3, 0, 10088
2026/05/23 21:21:03.490, 0, 10, 10490
2026/05/23 21:21:03.495, 1, 0, 10088
2026/05/23 21:21:03.497, 2, 0, 10088
2026/05/23 21:21:03.500, 3, 0, 10088
2026/05/23 21:21:18.688, 0, 13, 10490
2026/05/23 21:21:18.690, 1, 0, 10088
2026/05/23 21:21:18.691, 2, 0, 10088
2026/05/23 21:21:18.692, 3, 0, 10088
2026/05/23 21:21:33.773, 0, 100, 10490
2026/05/23 21:21:33.775, 1, 81, 10088
2026/05/23 21:21:33.777, 2, 100, 10088
2026/05/23 21:21:33.778, 3, 0, 10088
2026/05/23 21:21:48.882, 0, 8, 10490
2026/05/23 21:21:48.884, 1, 0, 10088
2026/05/23 21:21:48.885, 2, 0, 10088
2026/05/23 21:21:48.887, 3, 0, 10088
2026/05/23 21:22:03.973, 0, 57, 10490
2026/05/23 21:22:03.978, 1, 0, 10088
2026/05/23 21:22:03.981, 2, 0, 10088
2026/05/23 21:22:03.982, 3, 0, 10088
2026/05/23 21:22:19.229, 0, 0, 10490
2026/05/23 21:22:19.231, 1, 0, 10088
2026/05/23 21:22:19.232, 2, 0, 10088
2026/05/23 21:22:19.234, 3, 100, 10088
2026/05/23 21:22:34.350, 0, 12, 10490
2026/05/23 21:22:34.352, 1, 0, 10088
2026/05/23 21:22:34.353, 2, 0, 10088
2026/05/23 21:22:34.354, 3, 0, 10088
2026/05/23 21:22:49.522, 0, 9, 10490
2026/05/23 21:22:49.523, 1, 0, 10088
2026/05/23 21:22:49.524, 2, 0, 10088
2026/05/23 21:22:49.525, 3, 0, 10088
2026/05/23 21:23:04.647, 0, 100, 10490
2026/05/23 21:23:04.649, 1, 100, 10088
2026/05/23 21:23:04.650, 2, 0, 10088
2026/05/23 21:23:04.652, 3, 0, 10088
2026/05/23 21:23:19.743, 0, 9, 10490
2026/05/23 21:23:19.747, 1, 0, 10088
2026/05/23 21:23:19.751, 2, 0, 10088
2026/05/23 21:23:19.752, 3, 0, 10088
2026/05/23 21:23:34.862, 0, 5, 10490
2026/05/23 21:23:34.865, 1, 0, 10088
2026/05/23 21:23:34.866, 2, 0, 10088
2026/05/23 21:23:34.867, 3, 0, 10088
2026/05/23 21:23:49.953, 0, 2, 10490
2026/05/23 21:23:49.956, 1, 0, 10088
2026/05/23 21:23:49.957, 2, 0, 10088
2026/05/23 21:23:49.958, 3, 0, 10088
2026/05/23 21:24:05.163, 0, 3, 10490
2026/05/23 21:24:05.165, 1, 0, 10088
2026/05/23 21:24:05.167, 2, 0, 10088
2026/05/23 21:24:05.168, 3, 0, 10088
2026/05/23 21:24:20.490, 0, 100, 10490
2026/05/23 21:24:20.492, 1, 100, 10088
2026/05/23 21:24:20.493, 2, 100, 10088
2026/05/23 21:24:20.494, 3, 0, 10088
2026/05/23 21:24:35.594, 0, 13, 10490
2026/05/23 21:24:35.596, 1, 0, 10088
2026/05/23 21:24:35.598, 2, 0, 10088
2026/05/23 21:24:35.599, 3, 0, 10088
2026/05/23 21:24:50.687, 0, 100, 10490
2026/05/23 21:24:50.689, 1, 0, 10088
2026/05/23 21:24:50.690, 2, 100, 10088
2026/05/23 21:24:50.691, 3, 0, 10088
2026/05/23 21:25:05.787, 0, 8, 10490
2026/05/23 21:25:05.791, 1, 0, 10088
2026/05/23 21:25:05.794, 2, 0, 10088
2026/05/23 21:25:05.795, 3, 0, 10088
2026/05/23 21:25:20.886, 0, 8, 10490
2026/05/23 21:25:20.888, 1, 0, 10088
2026/05/23 21:25:20.889, 2, 0, 10088
2026/05/23 21:25:20.891, 3, 0, 10088
2026/05/23 21:25:36.234, 0, 5, 10490
2026/05/23 21:25:36.236, 1, 0, 10088
2026/05/23 21:25:36.238, 2, 0, 10088
2026/05/23 21:25:36.239, 3, 0, 10088
2026/05/23 21:25:51.487, 0, 6, 10490
2026/05/23 21:25:51.489, 1, 0, 10088
2026/05/23 21:25:51.491, 2, 0, 10088
2026/05/23 21:25:51.493, 3, 0, 10088
2026/05/23 21:26:06.792, 0, 9, 10490
2026/05/23 21:26:06.796, 1, 0, 10088
2026/05/23 21:26:06.799, 2, 0, 10088
2026/05/23 21:26:06.801, 3, 0, 10088
2026/05/23 21:26:21.889, 0, 35, 10490
2026/05/23 21:26:21.891, 1, 0, 10088
2026/05/23 21:26:21.893, 2, 0, 10088
2026/05/23 21:26:21.894, 3, 0, 10088
2026/05/23 21:26:36.977, 0, 9, 10490
2026/05/23 21:26:36.979, 1, 0, 10088
2026/05/23 21:26:36.981, 2, 0, 10088
2026/05/23 21:26:36.982, 3, 0, 10088
2026/05/23 21:26:52.086, 0, 12, 10490
2026/05/23 21:26:52.088, 1, 0, 10088
2026/05/23 21:26:52.089, 2, 0, 10088
2026/05/23 21:26:52.091, 3, 0, 10088
2026/05/23 21:27:07.190, 0, 4, 10490
2026/05/23 21:27:07.192, 1, 0, 10088
2026/05/23 21:27:07.194, 2, 0, 10088
2026/05/23 21:27:07.195, 3, 0, 10088
2026/05/23 21:27:22.375, 0, 1, 10490
2026/05/23 21:27:22.377, 1, 0, 10088
2026/05/23 21:27:22.378, 2, 0, 10088
2026/05/23 21:27:22.379, 3, 0, 10088
2026/05/23 21:27:37.671, 0, 100, 10490
2026/05/23 21:27:37.673, 1, 0, 10088
2026/05/23 21:27:37.675, 2, 0, 10088
2026/05/23 21:27:37.676, 3, 0, 10088
2026/05/23 21:27:52.765, 0, 11, 10490
2026/05/23 21:27:52.767, 1, 0, 10088
2026/05/23 21:27:52.769, 2, 0, 10088
2026/05/23 21:27:52.771, 3, 0, 10088
2026/05/23 21:28:07.874, 0, 8, 10490
2026/05/23 21:28:07.876, 1, 0, 10088
2026/05/23 21:28:07.877, 2, 0, 10088
2026/05/23 21:28:07.879, 3, 0, 10088
2026/05/23 21:28:22.969, 0, 9, 10490
2026/05/23 21:28:22.973, 1, 0, 10088
2026/05/23 21:28:22.977, 2, 0, 10088
2026/05/23 21:28:22.981, 3, 0, 10088
2026/05/23 21:28:38.110, 0, 6, 10490
2026/05/23 21:28:38.112, 1, 0, 10088
2026/05/23 21:28:38.113, 2, 0, 10088
2026/05/23 21:28:38.114, 3, 0, 10088
2026/05/23 21:28:53.226, 0, 3, 10490
2026/05/23 21:28:53.228, 1, 0, 10088
2026/05/23 21:28:53.229, 2, 0, 10088
2026/05/23 21:28:53.230, 3, 0, 10088
2026/05/23 21:29:08.449, 0, 18, 10490
2026/05/23 21:29:08.452, 1, 0, 10088
2026/05/23 21:29:08.454, 2, 0, 10088
2026/05/23 21:29:08.455, 3, 0, 10088
2026/05/23 21:29:23.542, 0, 9, 10490
2026/05/23 21:29:23.544, 1, 0, 10088
2026/05/23 21:29:23.545, 2, 0, 10088
2026/05/23 21:29:23.546, 3, 0, 10088
2026/05/23 21:29:38.637, 0, 100, 10490
2026/05/23 21:29:38.641, 1, 100, 10088
2026/05/23 21:29:38.644, 2, 100, 10088
2026/05/23 21:29:38.647, 3, 0, 10088
2026/05/23 21:29:53.790, 0, 9, 10490
2026/05/23 21:29:53.795, 1, 0, 10088
2026/05/23 21:29:53.797, 2, 0, 10088
2026/05/23 21:29:53.801, 3, 0, 10088
2026/05/23 21:30:08.908, 0, 13, 10490
2026/05/23 21:30:08.911, 1, 0, 10088
2026/05/23 21:30:08.912, 2, 0, 10088
2026/05/23 21:30:08.914, 3, 0, 10088
2026/05/23 21:30:23.999, 0, 100, 10490
2026/05/23 21:30:24.001, 1, 0, 10088
2026/05/23 21:30:24.002, 2, 100, 10088
2026/05/23 21:30:24.004, 3, 0, 10088
2026/05/23 21:30:39.161, 0, 9, 10490
2026/05/23 21:30:39.163, 1, 0, 10088
2026/05/23 21:30:39.164, 2, 0, 10088
2026/05/23 21:30:39.166, 3, 0, 10088
2026/05/23 21:30:54.249, 0, 9, 10490
2026/05/23 21:30:54.251, 1, 0, 10088
2026/05/23 21:30:54.252, 2, 0, 10088
2026/05/23 21:30:54.253, 3, 0, 10088
2026/05/23 21:31:09.354, 0, 13, 10490
2026/05/23 21:31:09.356, 1, 0, 10088
2026/05/23 21:31:09.357, 2, 0, 10088
2026/05/23 21:31:09.359, 3, 0, 10088
2026/05/23 21:31:24.441, 0, 9, 10490
2026/05/23 21:31:24.443, 1, 0, 10088
2026/05/23 21:31:24.445, 2, 0, 10088
2026/05/23 21:31:24.446, 3, 0, 10088
2026/05/23 21:31:39.546, 0, 9, 10490
2026/05/23 21:31:39.548, 1, 0, 10088
2026/05/23 21:31:39.549, 2, 0, 10088
2026/05/23 21:31:39.551, 3, 0, 10088
2026/05/23 21:31:54.790, 0, 10, 10490
2026/05/23 21:31:54.794, 1, 0, 10088
2026/05/23 21:31:54.797, 2, 0, 10088
2026/05/23 21:31:54.798, 3, 0, 10088
2026/05/23 21:32:09.877, 0, 9, 10490
2026/05/23 21:32:09.879, 1, 0, 10088
2026/05/23 21:32:09.880, 2, 0, 10088
2026/05/23 21:32:09.881, 3, 0, 10088
2026/05/23 21:32:24.983, 0, 13, 10490
2026/05/23 21:32:24.985, 1, 0, 10088
2026/05/23 21:32:24.987, 2, 0, 10088
2026/05/23 21:32:24.988, 3, 0, 10088
2026/05/23 21:32:40.123, 0, 100, 10490
2026/05/23 21:32:40.127, 1, 100, 10088
2026/05/23 21:32:40.130, 2, 100, 10088
2026/05/23 21:32:40.133, 3, 0, 10088
2026/05/23 21:32:55.231, 0, 9, 10490
2026/05/23 21:32:55.233, 1, 0, 10088
2026/05/23 21:32:55.234, 2, 0, 10088
2026/05/23 21:32:55.235, 3, 0, 10088
2026/05/23 21:33:10.323, 0, 100, 10490
2026/05/23 21:33:10.326, 1, 100, 10088
2026/05/23 21:33:10.327, 2, 100, 10088
2026/05/23 21:33:10.328, 3, 0, 10088
2026/05/23 21:33:25.575, 0, 0, 10490
2026/05/23 21:33:25.577, 1, 0, 10088
2026/05/23 21:33:25.579, 2, 0, 10088
2026/05/23 21:33:25.580, 3, 0, 10088
2026/05/23 21:33:40.665, 0, 6, 10490
2026/05/23 21:33:40.667, 1, 0, 10088
2026/05/23 21:33:40.669, 2, 0, 10088
2026/05/23 21:33:40.670, 3, 0, 10088
2026/05/23 21:33:55.745, 0, 8, 10490
2026/05/23 21:33:55.747, 1, 0, 10088
2026/05/23 21:33:55.748, 2, 0, 10088
2026/05/23 21:33:55.749, 3, 0, 10088
2026/05/23 21:34:10.831, 0, 100, 10490
2026/05/23 21:34:10.833, 1, 100, 10088
2026/05/23 21:34:10.834, 2, 100, 10088
2026/05/23 21:34:10.835, 3, 0, 10088
2026/05/23 21:34:25.942, 0, 13, 10490
2026/05/23 21:34:25.944, 1, 0, 10088
2026/05/23 21:34:25.946, 2, 0, 10088
2026/05/23 21:34:25.947, 3, 0, 10088
2026/05/23 21:34:41.155, 0, 2, 10490
2026/05/23 21:34:41.157, 1, 0, 10088
2026/05/23 21:34:41.159, 2, 0, 10088
2026/05/23 21:34:41.160, 3, 0, 10088
2026/05/23 21:34:56.261, 0, 6, 10490
2026/05/23 21:34:56.264, 1, 0, 10088
2026/05/23 21:34:56.265, 2, 0, 10088
2026/05/23 21:34:56.266, 3, 0, 10088
2026/05/23 21:35:11.349, 0, 9, 10490
2026/05/23 21:35:11.351, 1, 0, 10088
2026/05/23 21:35:11.353, 2, 0, 10088
2026/05/23 21:35:11.354, 3, 0, 10088
2026/05/23 21:35:26.456, 0, 14, 10490
2026/05/23 21:35:26.458, 1, 0, 10088
2026/05/23 21:35:26.460, 2, 0, 10088
2026/05/23 21:35:26.462, 3, 0, 10088
2026/05/23 21:35:41.622, 0, 8, 10490
2026/05/23 21:35:41.624, 1, 0, 10088
2026/05/23 21:35:41.625, 2, 0, 10088
2026/05/23 21:35:41.626, 3, 0, 10088
2026/05/23 21:35:56.734, 0, 9, 10490
2026/05/23 21:35:56.736, 1, 0, 10088
2026/05/23 21:35:56.737, 2, 0, 10088
2026/05/23 21:35:56.738, 3, 0, 10088
2026/05/23 21:36:11.829, 0, 100, 10490
2026/05/23 21:36:11.831, 1, 100, 10088
2026/05/23 21:36:11.832, 2, 100, 10088
2026/05/23 21:36:11.833, 3, 0, 10088
2026/05/23 21:36:26.917, 0, 100, 10490
2026/05/23 21:36:26.920, 1, 100, 10088
2026/05/23 21:36:26.921, 2, 100, 10088
2026/05/23 21:36:26.922, 3, 0, 10088
2026/05/23 21:36:42.179, 0, 0, 10490
2026/05/23 21:36:42.182, 1, 0, 10088
2026/05/23 21:36:42.183, 2, 0, 10088
2026/05/23 21:36:42.184, 3, 0, 10088
2026/05/23 21:36:57.552, 0, 100, 10490
2026/05/23 21:36:57.554, 1, 100, 10088
2026/05/23 21:36:57.556, 2, 100, 10088
2026/05/23 21:36:57.557, 3, 0, 10088
2026/05/23 21:37:12.642, 0, 100, 10490
2026/05/23 21:37:12.644, 1, 56, 10088
2026/05/23 21:37:12.645, 2, 0, 10088
2026/05/23 21:37:12.647, 3, 0, 10088
2026/05/23 21:37:27.731, 0, 9, 10490
2026/05/23 21:37:27.733, 1, 0, 10088
2026/05/23 21:37:27.734, 2, 0, 10088
2026/05/23 21:37:27.736, 3, 0, 10088
2026/05/23 21:37:42.934, 0, 8, 10490
2026/05/23 21:37:42.936, 1, 0, 10088
2026/05/23 21:37:42.938, 2, 0, 10088
2026/05/23 21:37:42.939, 3, 0, 10088
2026/05/23 21:37:58.026, 0, 9, 10490
2026/05/23 21:37:58.028, 1, 0, 10088
2026/05/23 21:37:58.029, 2, 0, 10088
2026/05/23 21:37:58.030, 3, 0, 10088
2026/05/23 21:38:13.134, 0, 9, 10490
2026/05/23 21:38:13.136, 1, 0, 10088
2026/05/23 21:38:13.137, 2, 0, 10088
2026/05/23 21:38:13.138, 3, 0, 10088
2026/05/23 21:38:28.238, 0, 4, 10490
2026/05/23 21:38:28.240, 1, 100, 10088
2026/05/23 21:38:28.241, 2, 0, 10088
2026/05/23 21:38:28.242, 3, 100, 10088
2026/05/23 21:38:43.422, 0, 3, 10490
2026/05/23 21:38:43.424, 1, 0, 10088
2026/05/23 21:38:43.426, 2, 0, 10088
2026/05/23 21:38:43.427, 3, 0, 10088
2026/05/23 21:38:58.655, 0, 59, 10490
2026/05/23 21:38:58.659, 1, 0, 10088
2026/05/23 21:38:58.661, 2, 0, 10088
2026/05/23 21:38:58.663, 3, 0, 10088
2026/05/23 21:39:13.753, 0, 100, 10490
2026/05/23 21:39:13.755, 1, 100, 10088
2026/05/23 21:39:13.757, 2, 100, 10088
2026/05/23 21:39:13.758, 3, 0, 10088
2026/05/23 21:39:28.841, 0, 100, 10490
2026/05/23 21:39:28.843, 1, 0, 10088
2026/05/23 21:39:28.845, 2, 0, 10088
2026/05/23 21:39:28.846, 3, 0, 10088
2026/05/23 21:39:43.924, 0, 5, 10490
2026/05/23 21:39:43.925, 1, 0, 10088
2026/05/23 21:39:43.926, 2, 0, 10088
2026/05/23 21:39:43.928, 3, 0, 10088
2026/05/23 21:39:59.148, 0, 3, 10490
2026/05/23 21:39:59.149, 1, 0, 10088
2026/05/23 21:39:59.150, 2, 0, 10088
2026/05/23 21:39:59.151, 3, 0, 10088
2026/05/23 21:40:14.237, 0, 9, 10490
2026/05/23 21:40:14.239, 1, 100, 10088
2026/05/23 21:40:14.241, 2, 0, 10088
2026/05/23 21:40:14.242, 3, 0, 10088
2026/05/23 21:40:29.353, 0, 100, 10490
2026/05/23 21:40:29.355, 1, 92, 10088
2026/05/23 21:40:29.356, 2, 100, 10088
2026/05/23 21:40:29.357, 3, 0, 10088
2026/05/23 21:40:44.483, 0, 9, 10490
2026/05/23 21:40:44.487, 1, 0, 10088
2026/05/23 21:40:44.491, 2, 0, 10088
2026/05/23 21:40:44.492, 3, 0, 10088
2026/05/23 21:40:59.627, 0, 7, 10490
2026/05/23 21:40:59.629, 1, 0, 10088
2026/05/23 21:40:59.631, 2, 0, 10088
2026/05/23 21:40:59.632, 3, 0, 10088
2026/05/23 21:41:14.734, 0, 2, 10490
2026/05/23 21:41:14.736, 1, 0, 10088
2026/05/23 21:41:14.737, 2, 0, 10088
2026/05/23 21:41:14.738, 3, 0, 10088
2026/05/23 21:41:29.847, 0, 91, 10490
2026/05/23 21:41:29.851, 1, 100, 10088
2026/05/23 21:41:29.854, 2, 100, 10088
2026/05/23 21:41:29.857, 3, 100, 10088
2026/05/23 21:41:45.090, 0, 100, 10490
2026/05/23 21:41:45.092, 1, 100, 10088
2026/05/23 21:41:45.093, 2, 0, 10088
2026/05/23 21:41:45.095, 3, 0, 10088
2026/05/23 21:42:00.195, 0, 15, 10490
2026/05/23 21:42:00.198, 1, 0, 10088
2026/05/23 21:42:00.199, 2, 0, 10088
2026/05/23 21:42:00.201, 3, 0, 10088
2026/05/23 21:42:15.312, 0, 10, 10490
2026/05/23 21:42:15.314, 1, 0, 10088
2026/05/23 21:42:15.315, 2, 0, 10088
2026/05/23 21:42:15.317, 3, 0, 10088
2026/05/23 21:42:30.405, 0, 9, 10490
2026/05/23 21:42:30.407, 1, 0, 10088
2026/05/23 21:42:30.409, 2, 0, 10088
2026/05/23 21:42:30.410, 3, 0, 10088
2026/05/23 21:42:45.658, 0, 5, 10490
2026/05/23 21:42:45.660, 1, 0, 10088
2026/05/23 21:42:45.661, 2, 0, 10088
2026/05/23 21:42:45.662, 3, 0, 10088
2026/05/23 21:43:00.754, 0, 5, 10490
2026/05/23 21:43:00.756, 1, 0, 10088
2026/05/23 21:43:00.757, 2, 0, 10088
2026/05/23 21:43:00.758, 3, 0, 10088
2026/05/23 21:43:15.985, 0, 10, 10490
2026/05/23 21:43:15.989, 1, 0, 10088
2026/05/23 21:43:15.992, 2, 0, 10088
2026/05/23 21:43:15.994, 3, 0, 10088
2026/05/23 21:43:31.085, 0, 100, 10490
2026/05/23 21:43:31.087, 1, 0, 10088
2026/05/23 21:43:31.088, 2, 0, 10088
2026/05/23 21:43:31.090, 3, 0, 10088
2026/05/23 21:43:46.222, 0, 100, 10490
2026/05/23 21:43:46.225, 1, 0, 10088
2026/05/23 21:43:46.227, 2, 100, 10088
2026/05/23 21:43:46.230, 3, 92, 10088
2026/05/23 21:44:01.325, 0, 8, 10490
2026/05/23 21:44:01.327, 1, 0, 10088
2026/05/23 21:44:01.329, 2, 0, 10088
2026/05/23 21:44:01.330, 3, 0, 10088
2026/05/23 21:44:16.413, 0, 8, 10490
2026/05/23 21:44:16.415, 1, 0, 10088
2026/05/23 21:44:16.417, 2, 0, 10088
2026/05/23 21:44:16.418, 3, 0, 10088
2026/05/23 21:44:31.594, 0, 9, 10490
2026/05/23 21:44:31.597, 1, 0, 10088
2026/05/23 21:44:31.598, 2, 0, 10088
2026/05/23 21:44:31.599, 3, 0, 10088
2026/05/23 21:44:46.712, 0, 100, 10490
2026/05/23 21:44:46.714, 1, 100, 10088
2026/05/23 21:44:46.715, 2, 0, 10088
2026/05/23 21:44:46.716, 3, 0, 10088
2026/05/23 21:45:01.825, 0, 10, 10490
2026/05/23 21:45:01.829, 1, 0, 10088
2026/05/23 21:45:01.831, 2, 0, 10088
2026/05/23 21:45:01.833, 3, 0, 10088
2026/05/23 21:45:16.923, 0, 10, 10490
2026/05/23 21:45:16.926, 1, 0, 10088
2026/05/23 21:45:16.927, 2, 0, 10088
2026/05/23 21:45:16.929, 3, 0, 10088
2026/05/23 21:45:32.039, 0, 0, 10490
2026/05/23 21:45:32.043, 1, 0, 10088
2026/05/23 21:45:32.046, 2, 0, 10088
2026/05/23 21:45:32.049, 3, 0, 10088
2026/05/23 21:45:47.139, 0, 100, 10490
2026/05/23 21:45:47.141, 1, 100, 10088
2026/05/23 21:45:47.142, 2, 0, 10088
2026/05/23 21:45:47.143, 3, 0, 10088
2026/05/23 21:46:02.242, 0, 9, 10490
2026/05/23 21:46:02.244, 1, 0, 10088
2026/05/23 21:46:02.245, 2, 0, 10088
2026/05/23 21:46:02.246, 3, 0, 10088
2026/05/23 21:46:17.346, 0, 14, 10490
2026/05/23 21:46:17.348, 1, 0, 10088
2026/05/23 21:46:17.350, 2, 0, 10088
2026/05/23 21:46:17.351, 3, 0, 10088
2026/05/23 21:46:32.443, 0, 100, 10490
2026/05/23 21:46:32.447, 1, 100, 10088
2026/05/23 21:46:32.450, 2, 99, 10088
2026/05/23 21:46:32.453, 3, 0, 10088
2026/05/23 21:46:47.549, 0, 10, 10490
2026/05/23 21:46:47.551, 1, 0, 10088
2026/05/23 21:46:47.553, 2, 0, 10088
2026/05/23 21:46:47.554, 3, 0, 10088
2026/05/23 21:47:02.723, 0, 9, 10490
2026/05/23 21:47:02.725, 1, 0, 10088
2026/05/23 21:47:02.726, 2, 0, 10088
2026/05/23 21:47:02.727, 3, 0, 10088
2026/05/23 21:47:17.809, 0, 100, 10490
2026/05/23 21:47:17.811, 1, 100, 10088
2026/05/23 21:47:17.813, 2, 100, 10088
2026/05/23 21:47:17.814, 3, 97, 10088
2026/05/23 21:47:32.914, 0, 13, 10490
2026/05/23 21:47:32.917, 1, 0, 10088
2026/05/23 21:47:32.918, 2, 0, 10088
2026/05/23 21:47:32.919, 3, 0, 10088
2026/05/23 21:47:48.005, 0, 8, 10490
2026/05/23 21:47:48.007, 1, 0, 10088
2026/05/23 21:47:48.009, 2, 0, 10088
2026/05/23 21:47:48.010, 3, 0, 10088
2026/05/23 21:48:03.193, 0, 4, 10490
2026/05/23 21:48:03.195, 1, 0, 10088
2026/05/23 21:48:03.196, 2, 0, 10088
2026/05/23 21:48:03.197, 3, 0, 10088
2026/05/23 21:48:18.280, 0, 100, 10490
2026/05/23 21:48:18.283, 1, 0, 10088
2026/05/23 21:48:18.285, 2, 0, 10088
2026/05/23 21:48:18.286, 3, 0, 10088
2026/05/23 21:48:33.392, 0, 13, 10490
2026/05/23 21:48:33.394, 1, 0, 10088
2026/05/23 21:48:33.395, 2, 0, 10088
2026/05/23 21:48:33.397, 3, 0, 10088
2026/05/23 21:48:48.700, 0, 0, 10490
2026/05/23 21:48:48.703, 1, 100, 10088
2026/05/23 21:48:48.705, 2, 0, 10088
2026/05/23 21:48:48.706, 3, 0, 10088
2026/05/23 21:49:04.009, 0, 8, 10490
2026/05/23 21:49:04.011, 1, 0, 10088
2026/05/23 21:49:04.012, 2, 0, 10088
2026/05/23 21:49:04.014, 3, 0, 10088
2026/05/23 21:49:19.262, 0, 3, 10490
2026/05/23 21:49:19.264, 1, 0, 10088
2026/05/23 21:49:19.265, 2, 0, 10088
2026/05/23 21:49:19.266, 3, 0, 10088
2026/05/23 21:49:34.368, 0, 13, 10490
2026/05/23 21:49:34.370, 1, 0, 10088
2026/05/23 21:49:34.372, 2, 0, 10088
2026/05/23 21:49:34.373, 3, 0, 10088
2026/05/23 21:49:49.467, 0, 100, 10490
2026/05/23 21:49:49.471, 1, 100, 10088
2026/05/23 21:49:49.475, 2, 100, 10088
2026/05/23 21:49:49.478, 3, 0, 10088
2026/05/23 21:50:04.561, 0, 100, 10490
2026/05/23 21:50:04.563, 1, 0, 10088
2026/05/23 21:50:04.564, 2, 0, 10088
2026/05/23 21:50:04.565, 3, 0, 10088
2026/05/23 21:50:19.742, 0, 4, 10490
2026/05/23 21:50:19.746, 1, 0, 10088
2026/05/23 21:50:19.749, 2, 0, 10088
2026/05/23 21:50:19.750, 3, 0, 10088
2026/05/23 21:50:34.854, 0, 23, 10490
2026/05/23 21:50:34.857, 1, 0, 10088
2026/05/23 21:50:34.858, 2, 0, 10088
2026/05/23 21:50:34.859, 3, 0, 10088
2026/05/23 21:50:50.123, 0, 100, 10490
2026/05/23 21:50:50.125, 1, 100, 10088
2026/05/23 21:50:50.126, 2, 0, 10088
2026/05/23 21:50:50.127, 3, 0, 10088
2026/05/23 21:51:05.209, 0, 9, 10490
2026/05/23 21:51:05.211, 1, 100, 10088
2026/05/23 21:51:05.213, 2, 0, 10088
2026/05/23 21:51:05.214, 3, 0, 10088
2026/05/23 21:51:20.310, 0, 100, 10490
2026/05/23 21:51:20.313, 1, 0, 10088
2026/05/23 21:51:20.317, 2, 100, 10088
2026/05/23 21:51:20.320, 3, 0, 10088
2026/05/23 21:51:35.483, 0, 14, 10490
2026/05/23 21:51:35.485, 1, 0, 10088
2026/05/23 21:51:35.486, 2, 0, 10088
2026/05/23 21:51:35.487, 3, 0, 10088
2026/05/23 21:51:50.623, 0, 93, 10490
2026/05/23 21:51:50.629, 1, 100, 10088
2026/05/23 21:51:50.633, 2, 0, 10088
2026/05/23 21:51:50.635, 3, 0, 10088
2026/05/23 21:52:05.927, 0, 0, 10490
2026/05/23 21:52:05.928, 1, 0, 10088
2026/05/23 21:52:05.929, 2, 0, 10088
2026/05/23 21:52:05.930, 3, 0, 10088
2026/05/23 21:52:21.116, 0, 8, 10490
2026/05/23 21:52:21.118, 1, 0, 10088
2026/05/23 21:52:21.119, 2, 0, 10088
2026/05/23 21:52:21.121, 3, 0, 10088
2026/05/23 21:52:36.206, 0, 100, 10490
2026/05/23 21:52:36.208, 1, 0, 10088
2026/05/23 21:52:36.210, 2, 0, 10088
2026/05/23 21:52:36.211, 3, 0, 10088
2026/05/23 21:52:51.316, 0, 13, 10490
2026/05/23 21:52:51.318, 1, 0, 10088
2026/05/23 21:52:51.319, 2, 0, 10088
2026/05/23 21:52:51.321, 3, 0, 10088
2026/05/23 21:53:06.467, 0, 100, 10490
2026/05/23 21:53:06.471, 1, 100, 10088
2026/05/23 21:53:06.474, 2, 100, 10088
2026/05/23 21:53:06.477, 3, 0, 10088
2026/05/23 21:53:21.577, 0, 100, 10490
2026/05/23 21:53:21.579, 1, 0, 10088
2026/05/23 21:53:21.581, 2, 0, 10088
2026/05/23 21:53:21.582, 3, 0, 10088
2026/05/23 21:53:36.666, 0, 8, 10490
2026/05/23 21:53:36.668, 1, 0, 10088
2026/05/23 21:53:36.669, 2, 0, 10088
2026/05/23 21:53:36.671, 3, 0, 10088
2026/05/23 21:53:51.775, 0, 5, 10490
2026/05/23 21:53:51.777, 1, 0, 10088
2026/05/23 21:53:51.778, 2, 0, 10088
2026/05/23 21:53:51.780, 3, 0, 10088
2026/05/23 21:54:06.934, 0, 9, 10490
2026/05/23 21:54:06.936, 1, 0, 10088
2026/05/23 21:54:06.938, 2, 0, 10088
2026/05/23 21:54:06.939, 3, 0, 10088
2026/05/23 21:54:22.042, 0, 8, 10490
2026/05/23 21:54:22.045, 1, 0, 10088
2026/05/23 21:54:22.048, 2, 0, 10088
2026/05/23 21:54:22.052, 3, 0, 10088
2026/05/23 21:54:37.146, 0, 5, 10490
2026/05/23 21:54:37.148, 1, 0, 10088
2026/05/23 21:54:37.149, 2, 0, 10088
2026/05/23 21:54:37.150, 3, 0, 10088
2026/05/23 21:54:52.251, 0, 13, 10490
2026/05/23 21:54:52.253, 1, 0, 10088
2026/05/23 21:54:52.254, 2, 0, 10088
2026/05/23 21:54:52.256, 3, 0, 10088
2026/05/23 21:55:07.343, 0, 9, 10490
2026/05/23 21:55:07.345, 1, 0, 10088
2026/05/23 21:55:07.346, 2, 0, 10088
2026/05/23 21:55:07.348, 3, 0, 10088
2026/05/23 21:55:22.434, 0, 7, 10490
2026/05/23 21:55:22.436, 1, 0, 10088
2026/05/23 21:55:22.437, 2, 0, 10088
2026/05/23 21:55:22.438, 3, 0, 10088
2026/05/23 21:55:37.608, 0, 9, 10490
2026/05/23 21:55:37.610, 1, 0, 10088
2026/05/23 21:55:37.611, 2, 0, 10088
2026/05/23 21:55:37.612, 3, 0, 10088
2026/05/23 21:55:52.710, 0, 9, 10490
2026/05/23 21:55:52.712, 1, 0, 10088
2026/05/23 21:55:52.713, 2, 0, 10088
2026/05/23 21:55:52.714, 3, 0, 10088
2026/05/23 21:56:07.838, 0, 13, 10490
2026/05/23 21:56:07.840, 1, 0, 10088
2026/05/23 21:56:07.841, 2, 0, 10088
2026/05/23 21:56:07.842, 3, 0, 10088
2026/05/23 21:56:22.932, 0, 9, 10490
2026/05/23 21:56:22.935, 1, 0, 10088
2026/05/23 21:56:22.937, 2, 0, 10088
2026/05/23 21:56:22.941, 3, 0, 10088
2026/05/23 21:56:38.034, 0, 6, 10490
2026/05/23 21:56:38.036, 1, 0, 10088
2026/05/23 21:56:38.037, 2, 0, 10088
2026/05/23 21:56:38.038, 3, 0, 10088
2026/05/23 21:56:53.122, 0, 2, 10490
2026/05/23 21:56:53.124, 1, 0, 10088
2026/05/23 21:56:53.125, 2, 0, 10088
2026/05/23 21:56:53.127, 3, 0, 10088
2026/05/23 21:57:08.488, 0, 3, 10490
2026/05/23 21:57:08.490, 1, 0, 10088
2026/05/23 21:57:08.491, 2, 0, 10088
2026/05/23 21:57:08.493, 3, 0, 10088
2026/05/23 21:57:23.583, 0, 100, 10490
2026/05/23 21:57:23.587, 1, 0, 10088
2026/05/23 21:57:23.589, 2, 0, 10088
2026/05/23 21:57:23.591, 3, 0, 10088
2026/05/23 21:57:38.681, 0, 9, 10490
2026/05/23 21:57:38.683, 1, 0, 10088
2026/05/23 21:57:38.685, 2, 0, 10088
2026/05/23 21:57:38.686, 3, 0, 10088
2026/05/23 21:57:53.770, 0, 4, 10490
2026/05/23 21:57:53.772, 1, 0, 10088
2026/05/23 21:57:53.773, 2, 0, 10088
2026/05/23 21:57:53.774, 3, 0, 10088
2026/05/23 21:58:08.859, 0, 9, 10490
2026/05/23 21:58:08.861, 1, 0, 10088
2026/05/23 21:58:08.862, 2, 0, 10088
2026/05/23 21:58:08.863, 3, 0, 10088
2026/05/23 21:58:24.040, 0, 15, 10490
2026/05/23 21:58:24.042, 1, 0, 10088
2026/05/23 21:58:24.044, 2, 0, 10088
2026/05/23 21:58:24.045, 3, 0, 10088
2026/05/23 21:58:39.132, 0, 8, 10490
2026/05/23 21:58:39.134, 1, 0, 10088
2026/05/23 21:58:39.135, 2, 0, 10088
2026/05/23 21:58:39.137, 3, 0, 10088
2026/05/23 21:58:54.289, 0, 100, 10490
2026/05/23 21:58:54.293, 1, 0, 10088
2026/05/23 21:58:54.294, 2, 0, 10088
2026/05/23 21:58:54.295, 3, 0, 10088
2026/05/23 21:59:09.381, 0, 100, 10490
2026/05/23 21:59:09.383, 1, 100, 10088
2026/05/23 21:59:09.385, 2, 0, 10088
2026/05/23 21:59:09.386, 3, 0, 10088
2026/05/23 21:59:24.488, 0, 14, 10490
2026/05/23 21:59:24.490, 1, 0, 10088
2026/05/23 21:59:24.492, 2, 0, 10088
2026/05/23 21:59:24.493, 3, 0, 10088
2026/05/23 21:59:39.651, 0, 2, 10490
2026/05/23 21:59:39.653, 1, 96, 10088
2026/05/23 21:59:39.656, 2, 0, 10088
2026/05/23 21:59:39.658, 3, 0, 10088
2026/05/23 21:59:54.852, 0, 100, 10490
2026/05/23 21:59:54.854, 1, 100, 10088
2026/05/23 21:59:54.855, 2, 0, 10088
2026/05/23 21:59:54.856, 3, 0, 10088
2026/05/23 22:00:09.938, 0, 5, 10490
2026/05/23 22:00:09.940, 1, 0, 10088
2026/05/23 22:00:09.941, 2, 0, 10088
2026/05/23 22:00:09.942, 3, 0, 10088
2026/05/23 22:00:25.138, 0, 11, 10490
2026/05/23 22:00:25.141, 1, 0, 10088
2026/05/23 22:00:25.142, 2, 0, 10088
2026/05/23 22:00:25.143, 3, 0, 10088
2026/05/23 22:00:40.299, 0, 100, 10490
2026/05/23 22:00:40.303, 1, 61, 10088
2026/05/23 22:00:40.306, 2, 100, 10088
2026/05/23 22:00:40.310, 3, 98, 10088
2026/05/23 22:00:55.422, 0, 100, 10490
2026/05/23 22:00:55.424, 1, 96, 10088
2026/05/23 22:00:55.425, 2, 0, 10088
2026/05/23 22:00:55.427, 3, 0, 10088
2026/05/23 22:01:10.509, 0, 8, 10490
2026/05/23 22:01:10.511, 1, 0, 10088
2026/05/23 22:01:10.513, 2, 0, 10088
2026/05/23 22:01:10.514, 3, 0, 10088
2026/05/23 22:01:25.669, 0, 7, 10490
2026/05/23 22:01:25.671, 1, 0, 10088
2026/05/23 22:01:25.673, 2, 0, 10088
2026/05/23 22:01:25.674, 3, 0, 10088
2026/05/23 22:01:40.759, 0, 10, 10490
2026/05/23 22:01:40.762, 1, 0, 10088
2026/05/23 22:01:40.763, 2, 0, 10088
2026/05/23 22:01:40.764, 3, 0, 10088
2026/05/23 22:01:55.854, 0, 9, 10490
2026/05/23 22:01:55.857, 1, 0, 10088
2026/05/23 22:01:55.860, 2, 0, 10088
2026/05/23 22:01:55.861, 3, 0, 10088
2026/05/23 22:02:10.953, 0, 100, 10490
2026/05/23 22:02:10.956, 1, 100, 10088
2026/05/23 22:02:10.959, 2, 0, 10088
2026/05/23 22:02:10.960, 3, 0, 10088
2026/05/23 22:02:26.096, 0, 9, 10490
2026/05/23 22:02:26.101, 1, 0, 10088
2026/05/23 22:02:26.104, 2, 0, 10088
2026/05/23 22:02:26.106, 3, 0, 10088
2026/05/23 22:02:41.198, 0, 13, 10490
2026/05/23 22:02:41.200, 1, 0, 10088
2026/05/23 22:02:41.201, 2, 0, 10088
2026/05/23 22:02:41.203, 3, 0, 10088
2026/05/23 22:02:56.286, 0, 100, 10490
2026/05/23 22:02:56.288, 1, 100, 10088
2026/05/23 22:02:56.290, 2, 0, 10088
2026/05/23 22:02:56.291, 3, 0, 10088
2026/05/23 22:03:11.458, 0, 100, 10490
2026/05/23 22:03:11.462, 1, 100, 10088
2026/05/23 22:03:11.465, 2, 100, 10088
2026/05/23 22:03:11.469, 3, 0, 10088
2026/05/23 22:03:26.561, 0, 8, 10490
2026/05/23 22:03:26.563, 1, 0, 10088
2026/05/23 22:03:26.565, 2, 0, 10088
2026/05/23 22:03:26.566, 3, 0, 10088
2026/05/23 22:03:41.666, 0, 11, 10490
2026/05/23 22:03:41.669, 1, 0, 10088
2026/05/23 22:03:41.670, 2, 0, 10088
2026/05/23 22:03:41.671, 3, 0, 10088
2026/05/23 22:03:56.773, 0, 100, 10490
2026/05/23 22:03:56.776, 1, 100, 10088
2026/05/23 22:03:56.779, 2, 0, 10088
2026/05/23 22:03:56.780, 3, 0, 10088
2026/05/23 22:04:11.865, 0, 9, 10490
2026/05/23 22:04:11.867, 1, 0, 10088
2026/05/23 22:04:11.869, 2, 0, 10088
2026/05/23 22:04:11.870, 3, 0, 10088
2026/05/23 22:04:26.996, 0, 0, 10490
2026/05/23 22:04:26.998, 1, 0, 10088
2026/05/23 22:04:27.000, 2, 0, 10088
2026/05/23 22:04:27.001, 3, 0, 10088
2026/05/23 22:04:42.130, 0, 19, 10490
2026/05/23 22:04:42.132, 1, 0, 10088
2026/05/23 22:04:42.133, 2, 73, 10088
2026/05/23 22:04:42.134, 3, 0, 10088
2026/05/23 22:04:57.421, 0, 10, 10490
2026/05/23 22:04:57.424, 1, 0, 10088
2026/05/23 22:04:57.425, 2, 0, 10088
2026/05/23 22:04:57.427, 3, 0, 10088
2026/05/23 22:05:12.540, 0, 100, 10490
2026/05/23 22:05:12.543, 1, 100, 10088
2026/05/23 22:05:12.546, 2, 100, 10088
2026/05/23 22:05:12.549, 3, 0, 10088
2026/05/23 22:05:27.645, 0, 100, 10490
2026/05/23 22:05:27.647, 1, 0, 10088
2026/05/23 22:05:27.649, 2, 100, 10088
2026/05/23 22:05:27.650, 3, 0, 10088
2026/05/23 22:05:42.733, 0, 9, 10490
2026/05/23 22:05:42.735, 1, 0, 10088
2026/05/23 22:05:42.737, 2, 0, 10088
2026/05/23 22:05:42.738, 3, 0, 10088
2026/05/23 22:05:57.931, 0, 1, 10490
2026/05/23 22:05:57.933, 1, 0, 10088
2026/05/23 22:05:57.934, 2, 0, 10088
2026/05/23 22:05:57.935, 3, 0, 10088
2026/05/23 22:06:13.073, 0, 9, 10490
2026/05/23 22:06:13.075, 1, 0, 10088
2026/05/23 22:06:13.077, 2, 0, 10088
2026/05/23 22:06:13.078, 3, 0, 10088
2026/05/23 22:06:28.168, 0, 6, 10490
2026/05/23 22:06:28.172, 1, 96, 10088
2026/05/23 22:06:28.176, 2, 0, 10088
2026/05/23 22:06:28.179, 3, 0, 10088
2026/05/23 22:06:43.292, 0, 8, 10490
2026/05/23 22:06:43.296, 1, 0, 10088
2026/05/23 22:06:43.299, 2, 66, 10088
2026/05/23 22:06:43.302, 3, 0, 10088
2026/05/23 22:06:58.410, 0, 18, 10490
2026/05/23 22:06:58.412, 1, 0, 10088
2026/05/23 22:06:58.413, 2, 0, 10088
2026/05/23 22:06:58.415, 3, 0, 10088
2026/05/23 22:07:13.498, 0, 0, 10490
2026/05/23 22:07:13.500, 1, 0, 10088
2026/05/23 22:07:13.502, 2, 0, 10088
2026/05/23 22:07:13.503, 3, 0, 10088
2026/05/23 22:07:28.585, 0, 9, 10490
2026/05/23 22:07:28.587, 1, 0, 10088
2026/05/23 22:07:28.589, 2, 0, 10088
2026/05/23 22:07:28.590, 3, 0, 10088
2026/05/23 22:07:43.728, 0, 9, 10490
2026/05/23 22:07:43.731, 1, 0, 10088
2026/05/23 22:07:43.733, 2, 0, 10088
2026/05/23 22:07:43.734, 3, 0, 10088
2026/05/23 22:07:58.829, 0, 77, 10490
2026/05/23 22:07:58.833, 1, 95, 10088
2026/05/23 22:07:58.836, 2, 100, 10088
2026/05/23 22:07:58.840, 3, 100, 10088
2026/05/23 22:08:13.992, 0, 10, 10490
2026/05/23 22:08:13.996, 1, 100, 10088
2026/05/23 22:08:13.999, 2, 0, 10088
2026/05/23 22:08:14.001, 3, 0, 10088
2026/05/23 22:08:29.199, 0, 9, 10490
2026/05/23 22:08:29.201, 1, 0, 10088
2026/05/23 22:08:29.202, 2, 0, 10088
2026/05/23 22:08:29.203, 3, 0, 10088
2026/05/23 22:08:44.291, 0, 100, 10490
2026/05/23 22:08:44.293, 1, 100, 10088
2026/05/23 22:08:44.294, 2, 0, 10088
2026/05/23 22:08:44.296, 3, 0, 10088
2026/05/23 22:08:59.390, 0, 100, 10490
2026/05/23 22:08:59.394, 1, 71, 10088
2026/05/23 22:08:59.397, 2, 100, 10088
2026/05/23 22:08:59.398, 3, 0, 10088
2026/05/23 22:09:14.482, 0, 10, 10490
2026/05/23 22:09:14.484, 1, 0, 10088
2026/05/23 22:09:14.486, 2, 0, 10088
2026/05/23 22:09:14.487, 3, 0, 10088
2026/05/23 22:09:29.698, 0, 82, 10490
2026/05/23 22:09:29.702, 1, 100, 10088
2026/05/23 22:09:29.705, 2, 0, 10088
2026/05/23 22:09:29.706, 3, 0, 10088
2026/05/23 22:09:44.799, 0, 9, 10490
2026/05/23 22:09:44.801, 1, 0, 10088
2026/05/23 22:09:44.803, 2, 0, 10088
2026/05/23 22:09:44.804, 3, 0, 10088
2026/05/23 22:09:59.889, 0, 9, 10490
2026/05/23 22:09:59.891, 1, 0, 10088
2026/05/23 22:09:59.892, 2, 0, 10088
2026/05/23 22:09:59.894, 3, 0, 10088
2026/05/23 22:10:14.972, 0, 14, 10490
2026/05/23 22:10:14.975, 1, 0, 10088
2026/05/23 22:10:14.976, 2, 0, 10088
2026/05/23 22:10:14.977, 3, 0, 10088
2026/05/23 22:10:30.108, 0, 5, 10490
2026/05/23 22:10:30.110, 1, 0, 10088
2026/05/23 22:10:30.111, 2, 0, 10088
2026/05/23 22:10:30.112, 3, 0, 10088
2026/05/23 22:10:45.289, 0, 2, 10490
2026/05/23 22:10:45.290, 1, 0, 10088
2026/05/23 22:10:45.291, 2, 0, 10088
2026/05/23 22:10:45.292, 3, 0, 10088
2026/05/23 22:11:00.421, 0, 7, 10490
2026/05/23 22:11:00.423, 1, 0, 10088
2026/05/23 22:11:00.425, 2, 0, 10088
2026/05/23 22:11:00.426, 3, 0, 10088
2026/05/23 22:11:15.530, 0, 6, 10490
2026/05/23 22:11:15.533, 1, 0, 10088
2026/05/23 22:11:15.534, 2, 0, 10088
2026/05/23 22:11:15.535, 3, 0, 10088
2026/05/23 22:11:30.630, 0, 100, 10490
2026/05/23 22:11:30.632, 1, 100, 10088
2026/05/23 22:11:30.635, 2, 100, 10088
2026/05/23 22:11:30.638, 3, 100, 10088
2026/05/23 22:11:45.753, 0, 9, 10490
2026/05/23 22:11:45.755, 1, 0, 10088
2026/05/23 22:11:45.757, 2, 0, 10088
2026/05/23 22:11:45.758, 3, 0, 10088
2026/05/23 22:12:00.842, 0, 100, 10490
2026/05/23 22:12:00.844, 1, 100, 10088
2026/05/23 22:12:00.846, 2, 100, 10088
2026/05/23 22:12:00.847, 3, 0, 10088
2026/05/23 22:12:15.950, 0, 13, 10490
2026/05/23 22:12:15.953, 1, 0, 10088
2026/05/23 22:12:15.954, 2, 0, 10088
2026/05/23 22:12:15.955, 3, 0, 10088
2026/05/23 22:12:31.118, 0, 9, 10490
2026/05/23 22:12:31.121, 1, 0, 10088
2026/05/23 22:12:31.122, 2, 0, 10088
2026/05/23 22:12:31.123, 3, 0, 10088
2026/05/23 22:12:46.206, 0, 9, 10490
2026/05/23 22:12:46.208, 1, 0, 10088
2026/05/23 22:12:46.209, 2, 0, 10088
2026/05/23 22:12:46.210, 3, 0, 10088
2026/05/23 22:13:01.300, 0, 6, 10490
2026/05/23 22:13:01.304, 1, 100, 10088
2026/05/23 22:13:01.306, 2, 100, 10088
2026/05/23 22:13:01.310, 3, 0, 10088
2026/05/23 22:13:16.401, 0, 9, 10490
2026/05/23 22:13:16.403, 1, 0, 10088
2026/05/23 22:13:16.405, 2, 0, 10088
2026/05/23 22:13:16.406, 3, 0, 10088
2026/05/23 22:13:31.490, 0, 11, 10490
2026/05/23 22:13:31.493, 1, 0, 10088
2026/05/23 22:13:31.494, 2, 0, 10088
2026/05/23 22:13:31.495, 3, 0, 10088
2026/05/23 22:13:46.668, 0, 10, 10490
2026/05/23 22:13:46.670, 1, 0, 10088
2026/05/23 22:13:46.671, 2, 0, 10088
2026/05/23 22:13:46.672, 3, 0, 10088
2026/05/23 22:14:01.819, 0, 2, 10490
2026/05/23 22:14:01.821, 1, 0, 10088
2026/05/23 22:14:01.822, 2, 0, 10088
2026/05/23 22:14:01.824, 3, 0, 10088
2026/05/23 22:14:16.929, 0, 8, 10490
2026/05/23 22:14:16.931, 1, 0, 10088
2026/05/23 22:14:16.932, 2, 0, 10088
2026/05/23 22:14:16.934, 3, 0, 10088
2026/05/23 22:14:32.018, 0, 13, 10490
2026/05/23 22:14:32.021, 1, 0, 10088
2026/05/23 22:14:32.022, 2, 0, 10088
2026/05/23 22:14:32.023, 3, 0, 10088
2026/05/23 22:14:47.112, 0, 6, 10490
2026/05/23 22:14:47.114, 1, 0, 10088
2026/05/23 22:14:47.116, 2, 0, 10088
2026/05/23 22:14:47.118, 3, 0, 10088
2026/05/23 22:15:02.215, 0, 100, 10490
2026/05/23 22:15:02.217, 1, 100, 10088
2026/05/23 22:15:02.218, 2, 100, 10088
2026/05/23 22:15:02.219, 3, 100, 10088
2026/05/23 22:15:17.385, 0, 3, 10490
2026/05/23 22:15:17.389, 1, 0, 10088
2026/05/23 22:15:17.392, 2, 0, 10088
2026/05/23 22:15:17.393, 3, 0, 10088
2026/05/23 22:15:32.613, 0, 13, 10490
2026/05/23 22:15:32.616, 1, 0, 10088
2026/05/23 22:15:32.617, 2, 0, 10088
2026/05/23 22:15:32.618, 3, 0, 10088
2026/05/23 22:15:47.705, 0, 100, 10490
2026/05/23 22:15:47.707, 1, 0, 10088
2026/05/23 22:15:47.708, 2, 0, 10088
2026/05/23 22:15:47.710, 3, 0, 10088
2026/05/23 22:16:02.798, 0, 100, 10490
2026/05/23 22:16:02.800, 1, 100, 10088
2026/05/23 22:16:02.802, 2, 100, 10088
2026/05/23 22:16:02.803, 3, 0, 10088
2026/05/23 22:16:17.886, 0, 100, 10490
2026/05/23 22:16:17.888, 1, 100, 10088
2026/05/23 22:16:17.890, 2, 100, 10088
2026/05/23 22:16:17.891, 3, 100, 10088
2026/05/23 22:16:32.973, 0, 0, 10490
2026/05/23 22:16:32.975, 1, 0, 10088
2026/05/23 22:16:32.977, 2, 0, 10088
2026/05/23 22:16:32.978, 3, 0, 10088
2026/05/23 22:16:48.088, 0, 5, 10490
2026/05/23 22:16:48.090, 1, 0, 10088
2026/05/23 22:16:48.092, 2, 0, 10088
2026/05/23 22:16:48.094, 3, 0, 10088
2026/05/23 22:17:03.219, 0, 90, 10490
2026/05/23 22:17:03.221, 1, 0, 10088
2026/05/23 22:17:03.222, 2, 0, 10088
2026/05/23 22:17:03.223, 3, 0, 10088
2026/05/23 22:17:18.310, 0, 100, 10490
2026/05/23 22:17:18.312, 1, 100, 10088
2026/05/23 22:17:18.314, 2, 100, 10088
2026/05/23 22:17:18.315, 3, 0, 10088
2026/05/23 22:17:33.402, 0, 9, 10490
2026/05/23 22:17:33.404, 1, 0, 10088
2026/05/23 22:17:33.405, 2, 0, 10088
2026/05/23 22:17:33.406, 3, 0, 10088
2026/05/23 22:17:48.492, 0, 13, 10490
2026/05/23 22:17:48.495, 1, 0, 10088
2026/05/23 22:17:48.496, 2, 0, 10088
2026/05/23 22:17:48.498, 3, 0, 10088
2026/05/23 22:18:03.586, 0, 9, 10490
2026/05/23 22:18:03.588, 1, 0, 10088
2026/05/23 22:18:03.589, 2, 0, 10088
2026/05/23 22:18:03.591, 3, 0, 10088
2026/05/23 22:18:18.873, 0, 100, 10490
2026/05/23 22:18:18.876, 1, 100, 10088
2026/05/23 22:18:18.878, 2, 100, 10088
2026/05/23 22:18:18.881, 3, 0, 10088
2026/05/23 22:18:34.066, 0, 7, 10490
2026/05/23 22:18:34.068, 1, 0, 10088
2026/05/23 22:18:34.070, 2, 0, 10088
2026/05/23 22:18:34.071, 3, 0, 10088
2026/05/23 22:18:49.194, 0, 13, 10490
2026/05/23 22:18:49.197, 1, 0, 10088
2026/05/23 22:18:49.198, 2, 0, 10088
2026/05/23 22:18:49.199, 3, 0, 10088
2026/05/23 22:19:04.288, 0, 9, 10490
2026/05/23 22:19:04.290, 1, 0, 10088
2026/05/23 22:19:04.292, 2, 0, 10088
2026/05/23 22:19:04.293, 3, 0, 10088
2026/05/23 22:19:19.412, 0, 10, 10490
2026/05/23 22:19:19.414, 1, 98, 10088
2026/05/23 22:19:19.415, 2, 0, 10088
2026/05/23 22:19:19.417, 3, 0, 10088
2026/05/23 22:19:34.506, 0, 100, 10490
2026/05/23 22:19:34.510, 1, 0, 10088
2026/05/23 22:19:34.513, 2, 0, 10088
2026/05/23 22:19:34.514, 3, 0, 10088
2026/05/23 22:19:49.675, 0, 16, 10490
2026/05/23 22:19:49.677, 1, 0, 10088
2026/05/23 22:19:49.679, 2, 0, 10088
2026/05/23 22:19:49.680, 3, 0, 10088
2026/05/23 22:20:04.921, 0, 1, 10490
2026/05/23 22:20:04.922, 1, 0, 10088
2026/05/23 22:20:04.923, 2, 0, 10088
2026/05/23 22:20:04.924, 3, 0, 10088
2026/05/23 22:20:20.008, 0, 100, 10490
2026/05/23 22:20:20.010, 1, 100, 10088
2026/05/23 22:20:20.011, 2, 100, 10088
2026/05/23 22:20:20.012, 3, 100, 10088
2026/05/23 22:20:35.087, 0, 9, 10490
2026/05/23 22:20:35.089, 1, 0, 10088
2026/05/23 22:20:35.090, 2, 0, 10088
2026/05/23 22:20:35.091, 3, 0, 10088
2026/05/23 22:20:50.243, 0, 100, 10490
2026/05/23 22:20:50.246, 1, 0, 10088
2026/05/23 22:20:50.247, 2, 0, 10088
2026/05/23 22:20:50.248, 3, 0, 10088
2026/05/23 22:21:05.351, 0, 16, 10490
2026/05/23 22:21:05.353, 1, 0, 10088
2026/05/23 22:21:05.354, 2, 0, 10088
2026/05/23 22:21:05.355, 3, 0, 10088
2026/05/23 22:21:20.465, 0, 100, 10490
2026/05/23 22:21:20.468, 1, 0, 10088
2026/05/23 22:21:20.471, 2, 100, 10088
2026/05/23 22:21:20.475, 3, 0, 10088
2026/05/23 22:21:35.565, 0, 0, 10490
2026/05/23 22:21:35.567, 1, 0, 10088
2026/05/23 22:21:35.569, 2, 0, 10088
2026/05/23 22:21:35.570, 3, 0, 10088
2026/05/23 22:21:50.654, 0, 8, 10490
2026/05/23 22:21:50.656, 1, 0, 10088
2026/05/23 22:21:50.657, 2, 0, 10088
2026/05/23 22:21:50.658, 3, 0, 10088
2026/05/23 22:22:05.763, 0, 13, 10490
2026/05/23 22:22:05.765, 1, 0, 10088
2026/05/23 22:22:05.766, 2, 0, 10088
2026/05/23 22:22:05.767, 3, 0, 10088
2026/05/23 22:22:20.853, 0, 8, 10490
2026/05/23 22:22:20.855, 1, 0, 10088
2026/05/23 22:22:20.857, 2, 0, 10088
2026/05/23 22:22:20.858, 3, 0, 10088
2026/05/23 22:22:35.942, 0, 9, 10490
2026/05/23 22:22:35.944, 1, 0, 10088
2026/05/23 22:22:35.945, 2, 0, 10088
2026/05/23 22:22:35.947, 3, 0, 10088
2026/05/23 22:22:51.040, 0, 59, 10490
2026/05/23 22:22:51.044, 1, 85, 10088
2026/05/23 22:22:51.047, 2, 0, 10088
2026/05/23 22:22:51.049, 3, 0, 10088
2026/05/23 22:23:06.340, 0, 10, 10490
2026/05/23 22:23:06.342, 1, 0, 10088
2026/05/23 22:23:06.343, 2, 0, 10088
2026/05/23 22:23:06.345, 3, 0, 10088
2026/05/23 22:23:21.752, 0, 100, 10490
2026/05/23 22:23:21.755, 1, 100, 10088
2026/05/23 22:23:21.758, 2, 100, 10088
2026/05/23 22:23:21.761, 3, 100, 10088
2026/05/23 22:23:36.874, 0, 9, 10490
2026/05/23 22:23:36.876, 1, 0, 10088
2026/05/23 22:23:36.877, 2, 0, 10088
2026/05/23 22:23:36.878, 3, 0, 10088
2026/05/23 22:23:52.020, 0, 100, 10490
2026/05/23 22:23:52.023, 1, 0, 10088
2026/05/23 22:23:52.025, 2, 0, 10088
2026/05/23 22:23:52.026, 3, 0, 10088
2026/05/23 22:24:07.130, 0, 12, 10490
2026/05/23 22:24:07.132, 1, 0, 10088
2026/05/23 22:24:07.133, 2, 0, 10088
2026/05/23 22:24:07.135, 3, 0, 10088
2026/05/23 22:24:22.221, 0, 2, 10490
2026/05/23 22:24:22.223, 1, 0, 10088
2026/05/23 22:24:22.225, 2, 0, 10088
2026/05/23 22:24:22.226, 3, 0, 10088
2026/05/23 22:24:37.409, 0, 69, 10490
2026/05/23 22:24:37.411, 1, 0, 10088
2026/05/23 22:24:37.413, 2, 0, 10088
2026/05/23 22:24:37.414, 3, 0, 10088
2026/05/23 22:24:52.761, 0, 100, 10490
2026/05/23 22:24:52.764, 1, 100, 10088
2026/05/23 22:24:52.766, 2, 100, 10088
2026/05/23 22:24:52.769, 3, 100, 10088
2026/05/23 22:25:07.965, 0, 9, 10490
2026/05/23 22:25:07.967, 1, 0, 10088
2026/05/23 22:25:07.969, 2, 0, 10088
2026/05/23 22:25:07.970, 3, 0, 10088
2026/05/23 22:25:23.091, 0, 13, 10490
2026/05/23 22:25:23.094, 1, 0, 10088
2026/05/23 22:25:23.095, 2, 0, 10088
2026/05/23 22:25:23.097, 3, 0, 10088
2026/05/23 22:25:38.183, 0, 13, 10490
2026/05/23 22:25:38.186, 1, 0, 10088
2026/05/23 22:25:38.188, 2, 0, 10088
2026/05/23 22:25:38.189, 3, 0, 10088
2026/05/23 22:25:53.281, 0, 10, 10490
2026/05/23 22:25:53.285, 1, 0, 10088
2026/05/23 22:25:53.288, 2, 0, 10088
2026/05/23 22:25:53.291, 3, 0, 10088
2026/05/23 22:26:08.386, 0, 100, 10490
2026/05/23 22:26:08.388, 1, 100, 10088
2026/05/23 22:26:08.390, 2, 0, 10088
2026/05/23 22:26:08.391, 3, 0, 10088
2026/05/23 22:26:23.586, 0, 0, 10490
2026/05/23 22:26:23.589, 1, 0, 10088
2026/05/23 22:26:23.590, 2, 0, 10088
2026/05/23 22:26:23.591, 3, 0, 10088
2026/05/23 22:26:38.758, 0, 100, 10490
2026/05/23 22:26:38.762, 1, 0, 10088
2026/05/23 22:26:38.764, 2, 0, 10088
2026/05/23 22:26:38.765, 3, 0, 10088
2026/05/23 22:26:54.266, 0, 9, 10490
2026/05/23 22:26:54.268, 1, 0, 10088
2026/05/23 22:26:54.270, 2, 0, 10088
2026/05/23 22:26:54.271, 3, 0, 10088
2026/05/23 22:27:09.362, 0, 10, 10490
2026/05/23 22:27:09.366, 1, 87, 10088
2026/05/23 22:27:09.369, 2, 0, 10088
2026/05/23 22:27:09.371, 3, 0, 10088
2026/05/23 22:27:24.478, 0, 100, 10490
2026/05/23 22:27:24.480, 1, 0, 10088
2026/05/23 22:27:24.482, 2, 0, 10088
2026/05/23 22:27:24.483, 3, 0, 10088
2026/05/23 22:27:39.568, 0, 10, 10490
2026/05/23 22:27:39.570, 1, 0, 10088
2026/05/23 22:27:39.572, 2, 0, 10088
2026/05/23 22:27:39.574, 3, 0, 10088
2026/05/23 22:27:54.755, 0, 3, 10490
2026/05/23 22:27:54.757, 1, 0, 10088
2026/05/23 22:27:54.758, 2, 0, 10088
2026/05/23 22:27:54.760, 3, 0, 10088
2026/05/23 22:28:09.845, 0, 2, 10490
2026/05/23 22:28:09.847, 1, 0, 10088
2026/05/23 22:28:09.849, 2, 0, 10088
2026/05/23 22:28:09.850, 3, 0, 10088
2026/05/23 22:28:25.034, 0, 9, 10490
2026/05/23 22:28:25.036, 1, 0, 10088
2026/05/23 22:28:25.037, 2, 0, 10088
2026/05/23 22:28:25.039, 3, 0, 10088
2026/05/23 22:28:40.168, 0, 13, 10490
2026/05/23 22:28:40.171, 1, 0, 10088
2026/05/23 22:28:40.172, 2, 0, 10088
2026/05/23 22:28:40.174, 3, 0, 10088
2026/05/23 22:28:55.265, 0, 9, 10490
2026/05/23 22:28:55.269, 1, 0, 10088
2026/05/23 22:28:55.271, 2, 0, 10088
2026/05/23 22:28:55.272, 3, 0, 10088
2026/05/23 22:29:10.359, 0, 4, 10490
2026/05/23 22:29:10.361, 1, 0, 10088
2026/05/23 22:29:10.362, 2, 0, 10088
2026/05/23 22:29:10.363, 3, 0, 10088
2026/05/23 22:29:25.558, 0, 8, 10490
2026/05/23 22:29:25.561, 1, 0, 10088
2026/05/23 22:29:25.562, 2, 0, 10088
2026/05/23 22:29:25.563, 3, 0, 10088
2026/05/23 22:29:40.839, 0, 6, 10490
2026/05/23 22:29:40.841, 1, 0, 10088
2026/05/23 22:29:40.843, 2, 0, 10088
2026/05/23 22:29:40.844, 3, 0, 10088
2026/05/23 22:29:55.938, 0, 9, 10490
2026/05/23 22:29:55.941, 1, 0, 10088
2026/05/23 22:29:55.945, 2, 0, 10088
2026/05/23 22:29:55.948, 3, 0, 10088
2026/05/23 22:30:11.062, 0, 100, 10490
2026/05/23 22:30:11.064, 1, 100, 10088
2026/05/23 22:30:11.065, 2, 0, 10088
2026/05/23 22:30:11.067, 3, 0, 10088
2026/05/23 22:30:26.167, 0, 9, 10490
2026/05/23 22:30:26.169, 1, 0, 10088
2026/05/23 22:30:26.170, 2, 0, 10088
2026/05/23 22:30:26.171, 3, 0, 10088
2026/05/23 22:30:41.276, 0, 11, 10490
2026/05/23 22:30:41.278, 1, 0, 10088
2026/05/23 22:30:41.280, 2, 0, 10088
2026/05/23 22:30:41.281, 3, 0, 10088
2026/05/23 22:30:56.409, 0, 8, 10490
2026/05/23 22:30:56.412, 1, 0, 10088
2026/05/23 22:30:56.413, 2, 0, 10088
2026/05/23 22:30:56.414, 3, 0, 10088
2026/05/23 22:31:11.585, 0, 1, 10490
2026/05/23 22:31:11.587, 1, 0, 10088
2026/05/23 22:31:11.589, 2, 0, 10088
2026/05/23 22:31:11.590, 3, 0, 10088
2026/05/23 22:31:26.706, 0, 6, 10490
2026/05/23 22:31:26.709, 1, 0, 10088
2026/05/23 22:31:26.710, 2, 0, 10088
2026/05/23 22:31:26.711, 3, 0, 10088
2026/05/23 22:31:41.842, 0, 12, 10490
2026/05/23 22:31:41.844, 1, 0, 10088
2026/05/23 22:31:41.845, 2, 0, 10088
2026/05/23 22:31:41.847, 3, 0, 10088
2026/05/23 22:31:56.973, 0, 9, 10490
2026/05/23 22:31:56.975, 1, 0, 10088
2026/05/23 22:31:56.976, 2, 0, 10088
2026/05/23 22:31:56.978, 3, 0, 10088
2026/05/23 22:32:12.061, 0, 100, 10490
2026/05/23 22:32:12.063, 1, 100, 10088
2026/05/23 22:32:12.065, 2, 100, 10088
2026/05/23 22:32:12.066, 3, 0, 10088
2026/05/23 22:32:27.156, 0, 10, 10490
2026/05/23 22:32:27.160, 1, 0, 10088
2026/05/23 22:32:27.163, 2, 0, 10088
2026/05/23 22:32:27.166, 3, 0, 10088
2026/05/23 22:32:42.266, 0, 6, 10490
2026/05/23 22:32:42.270, 1, 0, 10088
2026/05/23 22:32:42.273, 2, 0, 10088
2026/05/23 22:32:42.274, 3, 0, 10088
2026/05/23 22:32:57.378, 0, 13, 10490
2026/05/23 22:32:57.380, 1, 0, 10088
2026/05/23 22:32:57.382, 2, 0, 10088
2026/05/23 22:32:57.383, 3, 0, 10088
2026/05/23 22:33:12.465, 0, 9, 10490
2026/05/23 22:33:12.467, 1, 0, 10088
2026/05/23 22:33:12.469, 2, 0, 10088
2026/05/23 22:33:12.470, 3, 0, 10088
2026/05/23 22:33:27.584, 0, 100, 10490
2026/05/23 22:33:27.587, 1, 0, 10088
2026/05/23 22:33:27.588, 2, 100, 10088
2026/05/23 22:33:27.589, 3, 0, 10088
2026/05/23 22:33:42.737, 0, 2, 10490
2026/05/23 22:33:42.739, 1, 0, 10088
2026/05/23 22:33:42.740, 2, 0, 10088
2026/05/23 22:33:42.742, 3, 0, 10088
2026/05/23 22:33:57.846, 0, 13, 10490
2026/05/23 22:33:57.849, 1, 0, 10088
2026/05/23 22:33:57.850, 2, 0, 10088
2026/05/23 22:33:57.851, 3, 0, 10088
2026/05/23 22:34:12.938, 0, 8, 10490
2026/05/23 22:34:12.941, 1, 0, 10088
2026/05/23 22:34:12.945, 2, 0, 10088
2026/05/23 22:34:12.946, 3, 0, 10088
2026/05/23 22:34:28.038, 0, 10, 10490
2026/05/23 22:34:28.040, 1, 0, 10088
2026/05/23 22:34:28.041, 2, 0, 10088
2026/05/23 22:34:28.042, 3, 0, 10088
2026/05/23 22:34:43.224, 0, 100, 10490
2026/05/23 22:34:43.226, 1, 0, 10088
2026/05/23 22:34:43.227, 2, 0, 10088
2026/05/23 22:34:43.228, 3, 0, 10088
2026/05/23 22:34:58.434, 0, 13, 10490
2026/05/23 22:34:58.436, 1, 0, 10088
2026/05/23 22:34:58.438, 2, 0, 10088
2026/05/23 22:34:58.439, 3, 0, 10088
2026/05/23 22:35:13.530, 0, 10, 10490
2026/05/23 22:35:13.533, 1, 84, 10088
2026/05/23 22:35:13.536, 2, 0, 10088
2026/05/23 22:35:13.538, 3, 0, 10088
2026/05/23 22:35:28.657, 0, 100, 10490
2026/05/23 22:35:28.659, 1, 100, 10088
2026/05/23 22:35:28.660, 2, 100, 10088
2026/05/23 22:35:28.661, 3, 0, 10088
2026/05/23 22:35:43.776, 0, 6, 10490
2026/05/23 22:35:43.778, 1, 0, 10088
2026/05/23 22:35:43.779, 2, 0, 10088
2026/05/23 22:35:43.780, 3, 0, 10088
2026/05/23 22:35:58.902, 0, 100, 10490
2026/05/23 22:35:58.904, 1, 100, 10088
2026/05/23 22:35:58.905, 2, 100, 10088
2026/05/23 22:35:58.906, 3, 100, 10088
2026/05/23 22:36:13.989, 0, 9, 10490
2026/05/23 22:36:13.991, 1, 0, 10088
2026/05/23 22:36:13.992, 2, 0, 10088
2026/05/23 22:36:13.994, 3, 0, 10088
2026/05/23 22:36:29.083, 0, 9, 10490
2026/05/23 22:36:29.087, 1, 0, 10088
2026/05/23 22:36:29.090, 2, 0, 10088
2026/05/23 22:36:29.092, 3, 0, 10088
2026/05/23 22:36:44.182, 0, 9, 10490
2026/05/23 22:36:44.184, 1, 0, 10088
2026/05/23 22:36:44.186, 2, 0, 10088
2026/05/23 22:36:44.187, 3, 0, 10088
2026/05/23 22:36:59.274, 0, 100, 10490
2026/05/23 22:36:59.276, 1, 100, 10088
2026/05/23 22:36:59.278, 2, 100, 10088
2026/05/23 22:36:59.279, 3, 0, 10088
2026/05/23 22:37:14.379, 0, 13, 10490
2026/05/23 22:37:14.381, 1, 0, 10088
2026/05/23 22:37:14.384, 2, 0, 10088
2026/05/23 22:37:14.385, 3, 0, 10088
2026/05/23 22:37:29.515, 0, 63, 10490
2026/05/23 22:37:29.518, 1, 100, 10088
2026/05/23 22:37:29.522, 2, 79, 10088
2026/05/23 22:37:29.524, 3, 0, 10088
2026/05/23 22:37:44.729, 0, 0, 10490
2026/05/23 22:37:44.731, 1, 0, 10088
2026/05/23 22:37:44.732, 2, 0, 10088
2026/05/23 22:37:44.733, 3, 0, 10088
2026/05/23 22:37:59.824, 0, 9, 10490
2026/05/23 22:37:59.828, 1, 0, 10088
2026/05/23 22:37:59.831, 2, 0, 10088
2026/05/23 22:37:59.832, 3, 0, 10088
2026/05/23 22:38:14.964, 0, 13, 10490
2026/05/23 22:38:14.966, 1, 0, 10088
2026/05/23 22:38:14.967, 2, 0, 10088
2026/05/23 22:38:14.969, 3, 0, 10088
2026/05/23 22:38:30.067, 0, 18, 10490
2026/05/23 22:38:30.071, 1, 0, 10088
2026/05/23 22:38:30.072, 2, 0, 10088
2026/05/23 22:38:30.073, 3, 0, 10088
2026/05/23 22:38:45.243, 0, 9, 10490
2026/05/23 22:38:45.247, 1, 0, 10088
2026/05/23 22:38:45.251, 2, 0, 10088
2026/05/23 22:38:45.252, 3, 0, 10088
2026/05/23 22:39:00.547, 0, 9, 10490
2026/05/23 22:39:00.549, 1, 0, 10088
2026/05/23 22:39:00.550, 2, 0, 10088
2026/05/23 22:39:00.552, 3, 0, 10088
2026/05/23 22:39:15.654, 0, 13, 10490
2026/05/23 22:39:15.656, 1, 0, 10088
2026/05/23 22:39:15.658, 2, 0, 10088
2026/05/23 22:39:15.659, 3, 0, 10088
2026/05/23 22:39:30.783, 0, 100, 10490
2026/05/23 22:39:30.785, 1, 16, 10088
2026/05/23 22:39:30.786, 2, 0, 10088
2026/05/23 22:39:30.788, 3, 0, 10088
2026/05/23 22:39:45.903, 0, 9, 10490
2026/05/23 22:39:45.905, 1, 0, 10088
2026/05/23 22:39:45.906, 2, 0, 10088
2026/05/23 22:39:45.907, 3, 0, 10088
2026/05/23 22:40:00.979, 0, 6, 10490
2026/05/23 22:40:00.982, 1, 100, 10088
2026/05/23 22:40:00.985, 2, 0, 10088
2026/05/23 22:40:00.986, 3, 0, 10088
2026/05/23 22:40:16.170, 0, 0, 10490
2026/05/23 22:40:16.172, 1, 0, 10088
2026/05/23 22:40:16.174, 2, 0, 10088
2026/05/23 22:40:16.175, 3, 0, 10088
2026/05/23 22:40:31.286, 0, 4, 10490
2026/05/23 22:40:31.288, 1, 0, 10088
2026/05/23 22:40:31.290, 2, 0, 10088
2026/05/23 22:40:31.291, 3, 0, 10088
2026/05/23 22:40:46.378, 0, 100, 10490
2026/05/23 22:40:46.380, 1, 0, 10088
2026/05/23 22:40:46.381, 2, 0, 10088
2026/05/23 22:40:46.382, 3, 0, 10088
2026/05/23 22:41:01.465, 0, 100, 10490
2026/05/23 22:41:01.467, 1, 100, 10088
2026/05/23 22:41:01.468, 2, 0, 10088
2026/05/23 22:41:01.470, 3, 0, 10088
2026/05/23 22:41:16.572, 0, 8, 10490
2026/05/23 22:41:16.576, 1, 0, 10088
2026/05/23 22:41:16.577, 2, 0, 10088
2026/05/23 22:41:16.578, 3, 0, 10088
2026/05/23 22:41:31.688, 0, 22, 10490
2026/05/23 22:41:31.690, 1, 0, 10088
2026/05/23 22:41:31.691, 2, 0, 10088
2026/05/23 22:41:31.693, 3, 0, 10088
2026/05/23 22:41:46.810, 0, 9, 10490
2026/05/23 22:41:46.813, 1, 0, 10088
2026/05/23 22:41:46.814, 2, 0, 10088
2026/05/23 22:41:46.815, 3, 0, 10088
2026/05/23 22:42:01.921, 0, 0, 10490
2026/05/23 22:42:01.923, 1, 0, 10088
2026/05/23 22:42:01.924, 2, 0, 10088
2026/05/23 22:42:01.926, 3, 0, 10088
2026/05/23 22:42:17.009, 0, 8, 10490
2026/05/23 22:42:17.011, 1, 0, 10088
2026/05/23 22:42:17.013, 2, 0, 10088
2026/05/23 22:42:17.014, 3, 0, 10088
2026/05/23 22:42:32.133, 0, 14, 10490
2026/05/23 22:42:32.136, 1, 0, 10088
2026/05/23 22:42:32.137, 2, 0, 10088
2026/05/23 22:42:32.138, 3, 0, 10088
2026/05/23 22:42:47.222, 0, 100, 10490
2026/05/23 22:42:47.224, 1, 100, 10088
2026/05/23 22:42:47.226, 2, 0, 10088
2026/05/23 22:42:47.227, 3, 0, 10088
2026/05/23 22:43:02.314, 0, 9, 10490
2026/05/23 22:43:02.316, 1, 0, 10088
2026/05/23 22:43:02.317, 2, 0, 10088
2026/05/23 22:43:02.319, 3, 0, 10088
2026/05/23 22:43:17.409, 0, 100, 10490
2026/05/23 22:43:17.411, 1, 100, 10088
2026/05/23 22:43:17.412, 2, 100, 10088
2026/05/23 22:43:17.414, 3, 100, 10088
2026/05/23 22:43:32.609, 0, 8, 10490
2026/05/23 22:43:32.612, 1, 0, 10088
2026/05/23 22:43:32.613, 2, 0, 10088
2026/05/23 22:43:32.614, 3, 0, 10088
2026/05/23 22:43:47.700, 0, 9, 10490
2026/05/23 22:43:47.702, 1, 0, 10088
2026/05/23 22:43:47.703, 2, 0, 10088
2026/05/23 22:43:47.705, 3, 0, 10088
2026/05/23 22:44:02.797, 0, 72, 10490
2026/05/23 22:44:02.801, 1, 100, 10088
2026/05/23 22:44:02.805, 2, 0, 10088
2026/05/23 22:44:02.808, 3, 0, 10088
2026/05/23 22:44:17.947, 0, 3, 10490
2026/05/23 22:44:17.949, 1, 0, 10088
2026/05/23 22:44:17.950, 2, 0, 10088
2026/05/23 22:44:17.952, 3, 0, 10088
2026/05/23 22:44:33.040, 0, 100, 10490
2026/05/23 22:44:33.043, 1, 0, 10088
2026/05/23 22:44:33.045, 2, 0, 10088
2026/05/23 22:44:33.046, 3, 0, 10088
2026/05/23 22:44:48.156, 0, 14, 10490
2026/05/23 22:44:48.158, 1, 0, 10088
2026/05/23 22:44:48.159, 2, 0, 10088
2026/05/23 22:44:48.161, 3, 0, 10088
2026/05/23 22:45:03.250, 0, 4, 10490
2026/05/23 22:45:03.254, 1, 100, 10088
2026/05/23 22:45:03.257, 2, 0, 10088
2026/05/23 22:45:03.258, 3, 0, 10088
2026/05/23 22:45:18.409, 0, 9, 10490
2026/05/23 22:45:18.411, 1, 0, 10088
2026/05/23 22:45:18.412, 2, 0, 10088
2026/05/23 22:45:18.414, 3, 0, 10088
2026/05/23 22:45:33.498, 0, 100, 10490
2026/05/23 22:45:33.500, 1, 100, 10088
2026/05/23 22:45:33.501, 2, 98, 10088
2026/05/23 22:45:33.503, 3, 0, 10088
2026/05/23 22:45:48.587, 0, 13, 10490
2026/05/23 22:45:48.589, 1, 0, 10088
2026/05/23 22:45:48.590, 2, 0, 10088
2026/05/23 22:45:48.592, 3, 0, 10088
2026/05/23 22:46:03.720, 0, 10, 10490
2026/05/23 22:46:03.724, 1, 0, 10088
2026/05/23 22:46:03.727, 2, 0, 10088
2026/05/23 22:46:03.728, 3, 0, 10088
2026/05/23 22:46:18.989, 0, 8, 10490
2026/05/23 22:46:18.991, 1, 0, 10088
2026/05/23 22:46:18.992, 2, 0, 10088
2026/05/23 22:46:18.993, 3, 0, 10088
2026/05/23 22:46:34.193, 0, 100, 10490
2026/05/23 22:46:34.196, 1, 100, 10088
2026/05/23 22:46:34.199, 2, 0, 10088
2026/05/23 22:46:34.200, 3, 0, 10088
2026/05/23 22:46:49.291, 0, 13, 10490
2026/05/23 22:46:49.293, 1, 0, 10088
2026/05/23 22:46:49.295, 2, 0, 10088
2026/05/23 22:46:49.296, 3, 0, 10088
2026/05/23 22:47:04.382, 0, 100, 10490
2026/05/23 22:47:04.384, 1, 100, 10088
2026/05/23 22:47:04.386, 2, 0, 10088
2026/05/23 22:47:04.387, 3, 0, 10088
2026/05/23 22:47:19.474, 0, 0, 10490
2026/05/23 22:47:19.476, 1, 0, 10088
2026/05/23 22:47:19.477, 2, 0, 10088
2026/05/23 22:47:19.479, 3, 0, 10088
2026/05/23 22:47:34.578, 0, 8, 10490
2026/05/23 22:47:34.581, 1, 0, 10088
2026/05/23 22:47:34.582, 2, 0, 10088
2026/05/23 22:47:34.583, 3, 0, 10088
2026/05/23 22:47:49.690, 0, 16, 10490
2026/05/23 22:47:49.692, 1, 0, 10088
2026/05/23 22:47:49.694, 2, 0, 10088
2026/05/23 22:47:49.695, 3, 0, 10088
2026/05/23 22:48:04.844, 0, 2, 10490
2026/05/23 22:48:04.846, 1, 0, 10088
2026/05/23 22:48:04.847, 2, 0, 10088
2026/05/23 22:48:04.849, 3, 0, 10088
2026/05/23 22:48:19.934, 0, 9, 10490
2026/05/23 22:48:19.936, 1, 0, 10088
2026/05/23 22:48:19.937, 2, 0, 10088
2026/05/23 22:48:19.939, 3, 0, 10088
2026/05/23 22:48:35.025, 0, 8, 10490
2026/05/23 22:48:35.027, 1, 0, 10088
2026/05/23 22:48:35.029, 2, 0, 10088
2026/05/23 22:48:35.030, 3, 0, 10088
2026/05/23 22:48:50.115, 0, 9, 10490
2026/05/23 22:48:50.118, 1, 0, 10088
2026/05/23 22:48:50.119, 2, 0, 10088
2026/05/23 22:48:50.121, 3, 0, 10088
2026/05/23 22:49:05.207, 0, 15, 10490
2026/05/23 22:49:05.209, 1, 0, 10088
2026/05/23 22:49:05.210, 2, 0, 10088
2026/05/23 22:49:05.212, 3, 0, 10088
2026/05/23 22:49:20.330, 0, 2, 10490
2026/05/23 22:49:20.333, 1, 0, 10088
2026/05/23 22:49:20.336, 2, 0, 10088
2026/05/23 22:49:20.338, 3, 0, 10088
2026/05/23 22:49:35.520, 0, 5, 10490
2026/05/23 22:49:35.521, 1, 0, 10088
2026/05/23 22:49:35.523, 2, 0, 10088
2026/05/23 22:49:35.524, 3, 0, 10088
2026/05/23 22:49:50.795, 0, 100, 10490
2026/05/23 22:49:50.797, 1, 0, 10088
2026/05/23 22:49:50.799, 2, 0, 10088
2026/05/23 22:49:50.800, 3, 0, 10088
2026/05/23 22:50:05.902, 0, 13, 10490
2026/05/23 22:50:05.904, 1, 0, 10088
2026/05/23 22:50:05.906, 2, 0, 10088
2026/05/23 22:50:05.907, 3, 0, 10088
2026/05/23 22:50:20.992, 0, 8, 10490
2026/05/23 22:50:20.994, 1, 0, 10088
2026/05/23 22:50:20.995, 2, 0, 10088
2026/05/23 22:50:20.996, 3, 0, 10088
2026/05/23 22:50:36.082, 0, 9, 10490
2026/05/23 22:50:36.085, 1, 0, 10088
2026/05/23 22:50:36.086, 2, 0, 10088
2026/05/23 22:50:36.087, 3, 0, 10088
2026/05/23 22:50:51.173, 0, 3, 10490
2026/05/23 22:50:51.175, 1, 0, 10088
2026/05/23 22:50:51.178, 2, 0, 10088
2026/05/23 22:50:51.179, 3, 0, 10088
2026/05/23 22:51:06.279, 0, 14, 10490
2026/05/23 22:51:06.281, 1, 0, 10088
2026/05/23 22:51:06.282, 2, 0, 10088
2026/05/23 22:51:06.283, 3, 0, 10088
2026/05/23 22:51:21.499, 0, 8, 10490
2026/05/23 22:51:21.501, 1, 0, 10088
2026/05/23 22:51:21.503, 2, 0, 10088
2026/05/23 22:51:21.504, 3, 0, 10088
2026/05/23 22:51:36.589, 0, 10, 10490
2026/05/23 22:51:36.591, 1, 0, 10088
2026/05/23 22:51:36.593, 2, 0, 10088
2026/05/23 22:51:36.594, 3, 0, 10088
2026/05/23 22:51:51.740, 0, 100, 10490
2026/05/23 22:51:51.743, 1, 0, 10088
2026/05/23 22:51:51.745, 2, 100, 10088
2026/05/23 22:51:51.749, 3, 0, 10088
2026/05/23 22:52:06.858, 0, 13, 10490
2026/05/23 22:52:06.860, 1, 0, 10088
2026/05/23 22:52:06.861, 2, 0, 10088
2026/05/23 22:52:06.862, 3, 0, 10088
2026/05/23 22:52:21.946, 0, 1, 10490
2026/05/23 22:52:21.948, 1, 0, 10088
2026/05/23 22:52:21.949, 2, 0, 10088
2026/05/23 22:52:21.951, 3, 0, 10088
2026/05/23 22:52:37.164, 0, 6, 10490
2026/05/23 22:52:37.167, 1, 88, 10088
2026/05/23 22:52:37.170, 2, 0, 10088
2026/05/23 22:52:37.172, 3, 0, 10088
2026/05/23 22:52:52.470, 0, 8, 10490
2026/05/23 22:52:52.472, 1, 0, 10088
2026/05/23 22:52:52.474, 2, 0, 10088
2026/05/23 22:52:52.475, 3, 0, 10088
2026/05/23 22:53:07.720, 0, 14, 10490
2026/05/23 22:53:07.722, 1, 100, 10088
2026/05/23 22:53:07.724, 2, 0, 10088
2026/05/23 22:53:07.725, 3, 0, 10088
2026/05/23 22:53:22.810, 0, 8, 10490
2026/05/23 22:53:22.812, 1, 100, 10088
2026/05/23 22:53:22.813, 2, 0, 10088
2026/05/23 22:53:22.815, 3, 0, 10088
2026/05/23 22:53:37.903, 0, 9, 10490
2026/05/23 22:53:37.905, 1, 0, 10088
2026/05/23 22:53:37.906, 2, 0, 10088
2026/05/23 22:53:37.908, 3, 0, 10088
2026/05/23 22:53:52.995, 0, 8, 10490
2026/05/23 22:53:52.997, 1, 0, 10088
2026/05/23 22:53:52.999, 2, 0, 10088
2026/05/23 22:53:53.000, 3, 0, 10088
2026/05/23 22:54:08.263, 0, 7, 10490
2026/05/23 22:54:08.265, 1, 0, 10088
2026/05/23 22:54:08.266, 2, 0, 10088
2026/05/23 22:54:08.267, 3, 0, 10088
2026/05/23 22:54:23.350, 0, 4, 10490
2026/05/23 22:54:23.352, 1, 0, 10088
2026/05/23 22:54:23.354, 2, 0, 10088
2026/05/23 22:54:23.355, 3, 0, 10088
2026/05/23 22:54:38.441, 0, 9, 10490
2026/05/23 22:54:38.443, 1, 0, 10088
2026/05/23 22:54:38.445, 2, 0, 10088
2026/05/23 22:54:38.446, 3, 0, 10088
2026/05/23 22:54:53.552, 0, 9, 10490
2026/05/23 22:54:53.557, 1, 0, 10088
2026/05/23 22:54:53.558, 2, 0, 10088
2026/05/23 22:54:53.559, 3, 0, 10088
2026/05/23 22:55:08.683, 0, 9, 10490
2026/05/23 22:55:08.686, 1, 0, 10088
2026/05/23 22:55:08.688, 2, 0, 10088
2026/05/23 22:55:08.689, 3, 0, 10088
2026/05/23 22:55:23.791, 0, 13, 10490
2026/05/23 22:55:23.793, 1, 0, 10088
2026/05/23 22:55:23.795, 2, 0, 10088
2026/05/23 22:55:23.796, 3, 0, 10088
2026/05/23 22:55:38.885, 0, 0, 10490
2026/05/23 22:55:38.889, 1, 0, 10088
2026/05/23 22:55:38.891, 2, 0, 10088
2026/05/23 22:55:38.892, 3, 0, 10088
2026/05/23 22:55:54.050, 0, 100, 10490
2026/05/23 22:55:54.052, 1, 100, 10088
2026/05/23 22:55:54.053, 2, 0, 10088
2026/05/23 22:55:54.054, 3, 0, 10088
2026/05/23 22:56:09.281, 0, 9, 10490
2026/05/23 22:56:09.283, 1, 0, 10088
2026/05/23 22:56:09.285, 2, 0, 10088
2026/05/23 22:56:09.286, 3, 0, 10088
2026/05/23 22:56:24.387, 0, 12, 10490
2026/05/23 22:56:24.389, 1, 0, 10088
2026/05/23 22:56:24.390, 2, 0, 10088
2026/05/23 22:56:24.392, 3, 0, 10088
2026/05/23 22:56:39.531, 0, 9, 10490
2026/05/23 22:56:39.534, 1, 0, 10088
2026/05/23 22:56:39.535, 2, 0, 10088
2026/05/23 22:56:39.537, 3, 0, 10088
2026/05/23 22:56:54.642, 0, 100, 10490
2026/05/23 22:56:54.644, 1, 100, 10088
2026/05/23 22:56:54.645, 2, 0, 10088
2026/05/23 22:56:54.647, 3, 0, 10088
2026/05/23 22:57:09.754, 0, 9, 10490
2026/05/23 22:57:09.756, 1, 0, 10088
2026/05/23 22:57:09.757, 2, 0, 10088
2026/05/23 22:57:09.758, 3, 0, 10088
2026/05/23 22:57:24.914, 0, 5, 10490
2026/05/23 22:57:24.917, 1, 0, 10088
2026/05/23 22:57:24.918, 2, 0, 10088
2026/05/23 22:57:24.919, 3, 0, 10088
2026/05/23 22:57:40.042, 0, 9, 10490
2026/05/23 22:57:40.044, 1, 0, 10088
2026/05/23 22:57:40.045, 2, 0, 10088
2026/05/23 22:57:40.047, 3, 0, 10088
2026/05/23 22:57:55.149, 0, 9, 10490
2026/05/23 22:57:55.151, 1, 0, 10088
2026/05/23 22:57:55.153, 2, 0, 10088
2026/05/23 22:57:55.154, 3, 0, 10088
2026/05/23 22:58:10.237, 0, 9, 10490
2026/05/23 22:58:10.239, 1, 0, 10088
2026/05/23 22:58:10.240, 2, 0, 10088
2026/05/23 22:58:10.242, 3, 0, 10088
2026/05/23 22:58:25.325, 0, 9, 10490
2026/05/23 22:58:25.327, 1, 0, 10088
2026/05/23 22:58:25.329, 2, 0, 10088
2026/05/23 22:58:25.330, 3, 0, 10088
2026/05/23 22:58:40.452, 0, 16, 10490
2026/05/23 22:58:40.455, 1, 0, 10088
2026/05/23 22:58:40.456, 2, 0, 10088
2026/05/23 22:58:40.458, 3, 0, 10088
2026/05/23 22:58:55.593, 0, 4, 10490
2026/05/23 22:58:55.595, 1, 0, 10088
2026/05/23 22:58:55.596, 2, 0, 10088
2026/05/23 22:58:55.598, 3, 0, 10088
2026/05/23 22:59:10.750, 0, 3, 10490
2026/05/23 22:59:10.752, 1, 0, 10088
2026/05/23 22:59:10.753, 2, 0, 10088
2026/05/23 22:59:10.858, 3, 0, 10088
2026/05/23 22:59:25.941, 0, 9, 10490
2026/05/23 22:59:25.943, 1, 0, 10088
2026/05/23 22:59:25.945, 2, 0, 10088
2026/05/23 22:59:25.946, 3, 0, 10088
2026/05/23 22:59:41.050, 0, 13, 10490
2026/05/23 22:59:41.053, 1, 0, 10088
2026/05/23 22:59:41.054, 2, 0, 10088
2026/05/23 22:59:41.055, 3, 0, 10088
2026/05/23 22:59:56.144, 0, 100, 10490
2026/05/23 22:59:56.146, 1, 100, 10088
2026/05/23 22:59:56.147, 2, 100, 10088
2026/05/23 22:59:56.148, 3, 0, 10088
2026/05/23 23:00:11.233, 0, 4, 10490
2026/05/23 23:00:11.235, 1, 0, 10088
2026/05/23 23:00:11.237, 2, 0, 10088
2026/05/23 23:00:11.238, 3, 0, 10088
2026/05/23 23:00:26.403, 0, 4, 10490
2026/05/23 23:00:26.405, 1, 0, 10088
2026/05/23 23:00:26.406, 2, 0, 10088
2026/05/23 23:00:26.408, 3, 0, 10088
2026/05/23 23:00:41.531, 0, 13, 10490
2026/05/23 23:00:41.533, 1, 0, 10088
2026/05/23 23:00:41.535, 2, 0, 10088
2026/05/23 23:00:41.536, 3, 0, 10088
2026/05/23 23:00:56.621, 0, 9, 10490
2026/05/23 23:00:56.623, 1, 0, 10088
2026/05/23 23:00:56.625, 2, 0, 10088
2026/05/23 23:00:56.626, 3, 0, 10088
2026/05/23 23:01:11.759, 0, 100, 10490
2026/05/23 23:01:11.763, 1, 0, 10088
2026/05/23 23:01:11.767, 2, 100, 10088
2026/05/23 23:01:11.770, 3, 0, 10088
2026/05/23 23:01:26.925, 0, 3, 10490
2026/05/23 23:01:26.927, 1, 0, 10088
2026/05/23 23:01:26.928, 2, 0, 10088
2026/05/23 23:01:26.930, 3, 0, 10088
2026/05/23 23:01:42.221, 0, 9, 10490
2026/05/23 23:01:42.225, 1, 0, 10088
2026/05/23 23:01:42.226, 2, 0, 10088
2026/05/23 23:01:42.228, 3, 0, 10088
2026/05/23 23:01:57.316, 0, 8, 10490
2026/05/23 23:01:57.318, 1, 0, 10088
2026/05/23 23:01:57.320, 2, 0, 10088
2026/05/23 23:01:57.322, 3, 0, 10088
2026/05/23 23:02:12.429, 0, 9, 10490
2026/05/23 23:02:12.431, 1, 0, 10088
2026/05/23 23:02:12.433, 2, 0, 10088
2026/05/23 23:02:12.434, 3, 0, 10088
2026/05/23 23:02:27.546, 0, 4, 10490
2026/05/23 23:02:27.549, 1, 0, 10088
2026/05/23 23:02:27.550, 2, 0, 10088
2026/05/23 23:02:27.551, 3, 0, 10088
2026/05/23 23:02:42.911, 0, 100, 10490
2026/05/23 23:02:42.915, 1, 100, 10088
2026/05/23 23:02:42.918, 2, 0, 10088
2026/05/23 23:02:42.919, 3, 0, 10088
2026/05/23 23:02:58.022, 0, 12, 10490
2026/05/23 23:02:58.024, 1, 0, 10088
2026/05/23 23:02:58.025, 2, 0, 10088
2026/05/23 23:02:58.027, 3, 0, 10088
2026/05/23 23:03:13.159, 0, 10, 10490
2026/05/23 23:03:13.162, 1, 0, 10088
2026/05/23 23:03:13.166, 2, 0, 10088
2026/05/23 23:03:13.169, 3, 0, 10088
2026/05/23 23:03:28.450, 0, 100, 10490
2026/05/23 23:03:28.455, 1, 100, 10088
2026/05/23 23:03:28.458, 2, 100, 10088
2026/05/23 23:03:28.461, 3, 0, 10088
2026/05/23 23:03:43.759, 0, 10, 10490
2026/05/23 23:03:43.762, 1, 0, 10088
2026/05/23 23:03:43.765, 2, 100, 10088
2026/05/23 23:03:43.767, 3, 0, 10088
2026/05/23 23:03:58.875, 0, 13, 10490
2026/05/23 23:03:58.877, 1, 0, 10088
2026/05/23 23:03:58.878, 2, 0, 10088
2026/05/23 23:03:58.880, 3, 0, 10088
2026/05/23 23:04:13.997, 0, 100, 10490
2026/05/23 23:04:14.001, 1, 100, 10088
2026/05/23 23:04:14.004, 2, 0, 10088
2026/05/23 23:04:14.007, 3, 0, 10088
2026/05/23 23:04:29.118, 0, 0, 10490
2026/05/23 23:04:29.120, 1, 0, 10088
2026/05/23 23:04:29.121, 2, 0, 10088
2026/05/23 23:04:29.123, 3, 0, 10088
2026/05/23 23:04:44.206, 0, 7, 10490
2026/05/23 23:04:44.208, 1, 0, 10088
2026/05/23 23:04:44.209, 2, 0, 10088
2026/05/23 23:04:44.210, 3, 0, 10088
2026/05/23 23:04:59.295, 0, 13, 10490
2026/05/23 23:04:59.297, 1, 0, 10088
2026/05/23 23:04:59.298, 2, 0, 10088
2026/05/23 23:04:59.300, 3, 0, 10088
2026/05/23 23:05:14.389, 0, 9, 10490
2026/05/23 23:05:14.391, 1, 0, 10088
2026/05/23 23:05:14.393, 2, 0, 10088
2026/05/23 23:05:14.394, 3, 0, 10088
2026/05/23 23:05:29.481, 0, 5, 10490
2026/05/23 23:05:29.483, 1, 0, 10088
2026/05/23 23:05:29.485, 2, 0, 10088
2026/05/23 23:05:29.486, 3, 0, 10088
2026/05/23 23:05:44.657, 0, 100, 10490
2026/05/23 23:05:44.661, 1, 100, 10088
2026/05/23 23:05:44.665, 2, 40, 10088
2026/05/23 23:05:44.667, 3, 0, 10088
2026/05/23 23:05:59.761, 0, 100, 10490
2026/05/23 23:05:59.763, 1, 100, 10088
2026/05/23 23:05:59.765, 2, 0, 10088
2026/05/23 23:05:59.766, 3, 0, 10088
2026/05/23 23:06:14.866, 0, 13, 10490
2026/05/23 23:06:14.868, 1, 0, 10088
2026/05/23 23:06:14.869, 2, 0, 10088
2026/05/23 23:06:14.871, 3, 0, 10088
2026/05/23 23:06:30.041, 0, 0, 10490
2026/05/23 23:06:30.043, 1, 0, 10088
2026/05/23 23:06:30.045, 2, 0, 10088
2026/05/23 23:06:30.046, 3, 0, 10088
2026/05/23 23:06:45.153, 0, 6, 10490
2026/05/23 23:06:45.155, 1, 0, 10088
2026/05/23 23:06:45.157, 2, 0, 10088
2026/05/23 23:06:45.158, 3, 0, 10088
2026/05/23 23:07:00.267, 0, 100, 10490
2026/05/23 23:07:00.269, 1, 100, 10088
2026/05/23 23:07:00.270, 2, 0, 10088
2026/05/23 23:07:00.272, 3, 0, 10088
2026/05/23 23:07:15.378, 0, 12, 10490
2026/05/23 23:07:15.380, 1, 0, 10088
2026/05/23 23:07:15.382, 2, 0, 10088
2026/05/23 23:07:15.383, 3, 0, 10088
2026/05/23 23:07:30.470, 0, 9, 10490
2026/05/23 23:07:30.472, 1, 0, 10088
2026/05/23 23:07:30.473, 2, 0, 10088
2026/05/23 23:07:30.475, 3, 0, 10088
2026/05/23 23:07:45.599, 0, 9, 10490
2026/05/23 23:07:45.604, 1, 0, 10088
2026/05/23 23:07:45.608, 2, 0, 10088
2026/05/23 23:07:45.611, 3, 0, 10088
2026/05/23 23:08:00.713, 0, 8, 10490
2026/05/23 23:08:00.715, 1, 0, 10088
2026/05/23 23:08:00.717, 2, 0, 10088
2026/05/23 23:08:00.718, 3, 0, 10088
2026/05/23 23:08:16.008, 0, 7, 10490
2026/05/23 23:08:16.010, 1, 0, 10088
2026/05/23 23:08:16.011, 2, 0, 10088
2026/05/23 23:08:16.013, 3, 0, 10088
2026/05/23 23:08:31.115, 0, 0, 10490
2026/05/23 23:08:31.117, 1, 0, 10088
2026/05/23 23:08:31.118, 2, 0, 10088
2026/05/23 23:08:31.119, 3, 0, 10088
2026/05/23 23:08:46.214, 0, 100, 10490
2026/05/23 23:08:46.216, 1, 100, 10088
2026/05/23 23:08:46.217, 2, 0, 10088
2026/05/23 23:08:46.219, 3, 0, 10088
2026/05/23 23:09:01.302, 0, 9, 10490
2026/05/23 23:09:01.304, 1, 0, 10088
2026/05/23 23:09:01.306, 2, 0, 10088
2026/05/23 23:09:01.307, 3, 0, 10088
2026/05/23 23:09:16.431, 0, 9, 10490
2026/05/23 23:09:16.433, 1, 0, 10088
2026/05/23 23:09:16.434, 2, 0, 10088
2026/05/23 23:09:16.435, 3, 0, 10088
2026/05/23 23:09:31.525, 0, 11, 10490
2026/05/23 23:09:31.527, 1, 0, 10088
2026/05/23 23:09:31.529, 2, 0, 10088
2026/05/23 23:09:31.530, 3, 0, 10088
2026/05/23 23:09:46.702, 0, 6, 10490
2026/05/23 23:09:46.704, 1, 0, 10088
2026/05/23 23:09:46.705, 2, 0, 10088
2026/05/23 23:09:46.706, 3, 0, 10088
2026/05/23 23:10:01.793, 0, 100, 10490
2026/05/23 23:10:01.795, 1, 100, 10088
2026/05/23 23:10:01.797, 2, 0, 10088
2026/05/23 23:10:01.798, 3, 0, 10088
2026/05/23 23:10:16.889, 0, 100, 10490
2026/05/23 23:10:16.893, 1, 0, 10088
2026/05/23 23:10:16.898, 2, 100, 10088
2026/05/23 23:10:16.900, 3, 0, 10088
2026/05/23 23:10:32.007, 0, 13, 10490
2026/05/23 23:10:32.009, 1, 0, 10088
2026/05/23 23:10:32.011, 2, 0, 10088
2026/05/23 23:10:32.012, 3, 0, 10088
2026/05/23 23:10:47.332, 0, 100, 10490
2026/05/23 23:10:47.335, 1, 100, 10088
2026/05/23 23:10:47.336, 2, 100, 10088
2026/05/23 23:10:47.337, 3, 0, 10088
2026/05/23 23:11:02.481, 0, 10, 10490
2026/05/23 23:11:02.483, 1, 98, 10088
2026/05/23 23:11:02.485, 2, 0, 10088
2026/05/23 23:11:02.488, 3, 0, 10088
2026/05/23 23:11:17.582, 0, 9, 10490
2026/05/23 23:11:17.584, 1, 0, 10088
2026/05/23 23:11:17.586, 2, 0, 10088
2026/05/23 23:11:17.587, 3, 0, 10088
2026/05/23 23:11:32.711, 0, 12, 10490
2026/05/23 23:11:32.713, 1, 0, 10088
2026/05/23 23:11:32.715, 2, 0, 10088
2026/05/23 23:11:32.716, 3, 0, 10088
2026/05/23 23:11:47.809, 0, 3, 10490
2026/05/23 23:11:47.812, 1, 87, 10088
2026/05/23 23:11:47.815, 2, 100, 10088
2026/05/23 23:11:47.819, 3, 0, 10088
2026/05/23 23:12:02.957, 0, 7, 10490
2026/05/23 23:12:02.959, 1, 0, 10088
2026/05/23 23:12:02.960, 2, 0, 10088
2026/05/23 23:12:02.962, 3, 0, 10088
2026/05/23 23:12:18.051, 0, 100, 10490
2026/05/23 23:12:18.055, 1, 100, 10088
2026/05/23 23:12:18.058, 2, 100, 10088
2026/05/23 23:12:18.061, 3, 0, 10088
2026/05/23 23:12:33.154, 0, 10, 10490
2026/05/23 23:12:33.157, 1, 0, 10088
2026/05/23 23:12:33.158, 2, 0, 10088
2026/05/23 23:12:33.159, 3, 0, 10088
2026/05/23 23:12:48.396, 0, 10, 10490
2026/05/23 23:12:48.400, 1, 0, 10088
2026/05/23 23:12:48.401, 2, 0, 10088
2026/05/23 23:12:48.402, 3, 0, 10088
2026/05/23 23:13:03.895, 0, 100, 10490
2026/05/23 23:13:03.899, 1, 0, 10088
2026/05/23 23:13:03.902, 2, 0, 10088
2026/05/23 23:13:03.904, 3, 0, 10088
2026/05/23 23:13:19.130, 0, 2, 10490
2026/05/23 23:13:19.132, 1, 0, 10088
2026/05/23 23:13:19.133, 2, 0, 10088
2026/05/23 23:13:19.134, 3, 0, 10088
2026/05/23 23:13:34.226, 0, 11, 10490
2026/05/23 23:13:34.228, 1, 0, 10088
2026/05/23 23:13:34.229, 2, 0, 10088
2026/05/23 23:13:34.231, 3, 0, 10088
2026/05/23 23:13:49.319, 0, 10, 10490
2026/05/23 23:13:49.321, 1, 0, 10088
2026/05/23 23:13:49.323, 2, 0, 10088
2026/05/23 23:13:49.324, 3, 0, 10088
2026/05/23 23:14:04.429, 0, 100, 10490
2026/05/23 23:14:04.431, 1, 100, 10088
2026/05/23 23:14:04.433, 2, 100, 10088
2026/05/23 23:14:04.434, 3, 0, 10088
2026/05/23 23:14:19.518, 0, 9, 10490
2026/05/23 23:14:19.520, 1, 0, 10088
2026/05/23 23:14:19.522, 2, 0, 10088
2026/05/23 23:14:19.523, 3, 0, 10088
2026/05/23 23:14:34.720, 0, 100, 10490
2026/05/23 23:14:34.867, 1, 0, 10088
2026/05/23 23:14:34.869, 2, 100, 10088
2026/05/23 23:14:34.872, 3, 0, 10088
2026/05/23 23:14:50.051, 0, 14, 10490
2026/05/23 23:14:50.053, 1, 0, 10088
2026/05/23 23:14:50.054, 2, 0, 10088
2026/05/23 23:14:50.055, 3, 0, 10088
2026/05/23 23:15:05.145, 0, 9, 10490
2026/05/23 23:15:05.150, 1, 1, 10088
2026/05/23 23:15:05.154, 2, 0, 10088
2026/05/23 23:15:05.156, 3, 0, 10088
2026/05/23 23:15:20.249, 0, 100, 10490
2026/05/23 23:15:20.251, 1, 100, 10088
2026/05/23 23:15:20.253, 2, 0, 10088
2026/05/23 23:15:20.254, 3, 0, 10088
2026/05/23 23:15:35.337, 0, 9, 10490
2026/05/23 23:15:35.339, 1, 0, 10088
2026/05/23 23:15:35.341, 2, 0, 10088
2026/05/23 23:15:35.342, 3, 0, 10088
2026/05/23 23:15:50.443, 0, 2, 10490
2026/05/23 23:15:50.446, 1, 0, 10088
2026/05/23 23:15:50.447, 2, 0, 10088
2026/05/23 23:15:50.448, 3, 0, 10088
2026/05/23 23:16:05.534, 0, 6, 10490
2026/05/23 23:16:05.536, 1, 0, 10088
2026/05/23 23:16:05.537, 2, 0, 10088
2026/05/23 23:16:05.538, 3, 0, 10088
2026/05/23 23:16:20.865, 0, 100, 10490
2026/05/23 23:16:20.867, 1, 0, 10088
2026/05/23 23:16:20.868, 2, 0, 10088
2026/05/23 23:16:20.869, 3, 0, 10088
2026/05/23 23:16:35.958, 0, 6, 10490
2026/05/23 23:16:35.960, 1, 100, 10088
2026/05/23 23:16:35.961, 2, 72, 10088
2026/05/23 23:16:35.963, 3, 0, 10088
2026/05/23 23:16:51.063, 0, 13, 10490
2026/05/23 23:16:51.066, 1, 0, 10088
2026/05/23 23:16:51.067, 2, 0, 10088
2026/05/23 23:16:51.068, 3, 0, 10088
2026/05/23 23:17:06.156, 0, 9, 10490
2026/05/23 23:17:06.158, 1, 0, 10088
2026/05/23 23:17:06.160, 2, 0, 10088
2026/05/23 23:17:06.162, 3, 0, 10088
2026/05/23 23:17:21.312, 0, 10, 10490
2026/05/23 23:17:21.317, 1, 0, 10088
2026/05/23 23:17:21.319, 2, 0, 10088
2026/05/23 23:17:21.322, 3, 0, 10088
2026/05/23 23:17:36.414, 0, 6, 10490
2026/05/23 23:17:36.416, 1, 0, 10088
2026/05/23 23:17:36.417, 2, 0, 10088
2026/05/23 23:17:36.418, 3, 0, 10088
2026/05/23 23:17:51.630, 0, 9, 10490
2026/05/23 23:17:51.633, 1, 0, 10088
2026/05/23 23:17:51.634, 2, 0, 10088
2026/05/23 23:17:51.635, 3, 0, 10088
2026/05/23 23:18:06.720, 0, 100, 10490
2026/05/23 23:18:06.722, 1, 100, 10088
2026/05/23 23:18:06.723, 2, 0, 10088
2026/05/23 23:18:06.725, 3, 0, 10088
2026/05/23 23:18:21.810, 0, 100, 10490
2026/05/23 23:18:21.812, 1, 100, 10088
2026/05/23 23:18:21.813, 2, 0, 10088
2026/05/23 23:18:21.814, 3, 0, 10088
2026/05/23 23:18:36.903, 0, 100, 10490
2026/05/23 23:18:36.906, 1, 0, 10088
2026/05/23 23:18:36.909, 2, 0, 10088
2026/05/23 23:18:36.910, 3, 0, 10088
2026/05/23 23:18:52.002, 0, 8, 10490
2026/05/23 23:18:52.004, 1, 0, 10088
2026/05/23 23:18:52.005, 2, 0, 10088
2026/05/23 23:18:52.006, 3, 0, 10088
2026/05/23 23:19:07.108, 0, 12, 10490
2026/05/23 23:19:07.110, 1, 0, 10088
2026/05/23 23:19:07.111, 2, 0, 10088
2026/05/23 23:19:07.113, 3, 0, 10088
2026/05/23 23:19:22.256, 0, 5, 10490
2026/05/23 23:19:22.260, 1, 0, 10088
2026/05/23 23:19:22.263, 2, 0, 10088
2026/05/23 23:19:22.265, 3, 0, 10088
2026/05/23 23:19:37.354, 0, 100, 10490
2026/05/23 23:19:37.356, 1, 100, 10088
2026/05/23 23:19:37.357, 2, 100, 10088
2026/05/23 23:19:37.358, 3, 100, 10088
2026/05/23 23:19:52.446, 0, 10, 10490
2026/05/23 23:19:52.450, 1, 0, 10088
2026/05/23 23:19:52.452, 2, 0, 10088
2026/05/23 23:19:52.454, 3, 0, 10088
2026/05/23 23:20:07.562, 0, 13, 10490
2026/05/23 23:20:07.564, 1, 0, 10088
2026/05/23 23:20:07.565, 2, 0, 10088
2026/05/23 23:20:07.567, 3, 0, 10088
2026/05/23 23:20:22.650, 0, 7, 10490
2026/05/23 23:20:22.652, 1, 0, 10088
2026/05/23 23:20:22.654, 2, 100, 10088
2026/05/23 23:20:22.655, 3, 0, 10088
2026/05/23 23:20:37.737, 0, 8, 10490
2026/05/23 23:20:37.739, 1, 0, 10088
2026/05/23 23:20:37.741, 2, 0, 10088
2026/05/23 23:20:37.742, 3, 0, 10088
2026/05/23 23:20:53.152, 0, 100, 10490
2026/05/23 23:20:53.156, 1, 100, 10088
2026/05/23 23:20:53.160, 2, 100, 10088
2026/05/23 23:20:53.163, 3, 100, 10088
2026/05/23 23:21:08.434, 0, 12, 10490
2026/05/23 23:21:08.436, 1, 0, 10088
2026/05/23 23:21:08.437, 2, 0, 10088
2026/05/23 23:21:08.439, 3, 0, 10088
2026/05/23 23:21:23.522, 0, 9, 10490
2026/05/23 23:21:23.524, 1, 0, 10088
2026/05/23 23:21:23.526, 2, 0, 10088
2026/05/23 23:21:23.527, 3, 0, 10088
2026/05/23 23:21:38.614, 0, 100, 10490
2026/05/23 23:21:38.616, 1, 100, 10088
2026/05/23 23:21:38.617, 2, 0, 10088
2026/05/23 23:21:38.618, 3, 0, 10088
2026/05/23 23:21:53.702, 0, 9, 10490
2026/05/23 23:21:53.704, 1, 0, 10088
2026/05/23 23:21:53.706, 2, 0, 10088
2026/05/23 23:21:53.707, 3, 0, 10088
2026/05/23 23:22:08.795, 0, 4, 10490
2026/05/23 23:22:08.798, 1, 0, 10088
2026/05/23 23:22:08.799, 2, 0, 10088
2026/05/23 23:22:08.800, 3, 0, 10088
2026/05/23 23:22:24.010, 0, 3, 10490
2026/05/23 23:22:24.012, 1, 0, 10088
2026/05/23 23:22:24.014, 2, 0, 10088
2026/05/23 23:22:24.015, 3, 0, 10088
2026/05/23 23:22:39.157, 0, 100, 10490
2026/05/23 23:22:39.159, 1, 0, 10088
2026/05/23 23:22:39.161, 2, 100, 10088
2026/05/23 23:22:39.162, 3, 0, 10088
2026/05/23 23:22:54.234, 0, 9, 10490
2026/05/23 23:22:54.236, 1, 0, 10088
2026/05/23 23:22:54.237, 2, 0, 10088
2026/05/23 23:22:54.238, 3, 0, 10088
2026/05/23 23:23:09.319, 0, 29, 10490
2026/05/23 23:23:09.322, 1, 0, 10088
2026/05/23 23:23:09.324, 2, 0, 10088
2026/05/23 23:23:09.325, 3, 0, 10088
2026/05/23 23:23:24.416, 0, 9, 10490
2026/05/23 23:23:24.418, 1, 0, 10088
2026/05/23 23:23:24.420, 2, 0, 10088
2026/05/23 23:23:24.421, 3, 0, 10088
2026/05/23 23:23:39.553, 0, 10, 10490
2026/05/23 23:23:39.558, 1, 0, 10088
2026/05/23 23:23:39.561, 2, 0, 10088
2026/05/23 23:23:39.564, 3, 0, 10088
2026/05/23 23:23:54.681, 0, 100, 10490
2026/05/23 23:23:54.683, 1, 100, 10088
2026/05/23 23:23:54.685, 2, 0, 10088
2026/05/23 23:23:54.686, 3, 0, 10088
2026/05/23 23:24:09.858, 0, 5, 10490
2026/05/23 23:24:09.860, 1, 0, 10088
2026/05/23 23:24:09.861, 2, 0, 10088
2026/05/23 23:24:09.862, 3, 0, 10088
2026/05/23 23:24:25.155, 0, 13, 10490
2026/05/23 23:24:25.157, 1, 0, 10088
2026/05/23 23:24:25.159, 2, 0, 10088
2026/05/23 23:24:25.160, 3, 0, 10088
2026/05/23 23:24:40.238, 0, 100, 10490
2026/05/23 23:24:40.242, 1, 0, 10088
2026/05/23 23:24:40.243, 2, 0, 10088
2026/05/23 23:24:40.244, 3, 0, 10088
2026/05/23 23:24:55.325, 0, 8, 10490
2026/05/23 23:24:55.327, 1, 0, 10088
2026/05/23 23:24:55.329, 2, 0, 10088
2026/05/23 23:24:55.330, 3, 0, 10088
2026/05/23 23:25:10.449, 0, 9, 10490
2026/05/23 23:25:10.451, 1, 0, 10088
2026/05/23 23:25:10.453, 2, 0, 10088
2026/05/23 23:25:10.454, 3, 0, 10088
2026/05/23 23:25:25.622, 0, 8, 10490
2026/05/23 23:25:25.624, 1, 0, 10088
2026/05/23 23:25:25.625, 2, 0, 10088
2026/05/23 23:25:25.627, 3, 0, 10088
2026/05/23 23:25:40.711, 0, 9, 10490
2026/05/23 23:25:40.713, 1, 0, 10088
2026/05/23 23:25:40.714, 2, 0, 10088
2026/05/23 23:25:40.715, 3, 0, 10088
2026/05/23 23:25:55.801, 0, 9, 10490
2026/05/23 23:25:55.803, 1, 0, 10088
2026/05/23 23:25:55.805, 2, 0, 10088
2026/05/23 23:25:55.806, 3, 0, 10088
2026/05/23 23:26:10.927, 0, 100, 10490
2026/05/23 23:26:10.930, 1, 100, 10088
2026/05/23 23:26:10.933, 2, 100, 10088
2026/05/23 23:26:10.937, 3, 0, 10088
2026/05/23 23:26:26.040, 0, 13, 10490
2026/05/23 23:26:26.042, 1, 0, 10088
2026/05/23 23:26:26.043, 2, 0, 10088
2026/05/23 23:26:26.044, 3, 0, 10088
2026/05/23 23:26:41.127, 0, 8, 10490
2026/05/23 23:26:41.129, 1, 0, 10088
2026/05/23 23:26:41.131, 2, 0, 10088
2026/05/23 23:26:41.132, 3, 0, 10088
2026/05/23 23:26:56.482, 0, 100, 10490
2026/05/23 23:26:56.484, 1, 100, 10088
2026/05/23 23:26:56.485, 2, 0, 10088
2026/05/23 23:26:56.486, 3, 0, 10088
2026/05/23 23:27:11.593, 0, 6, 10490
2026/05/23 23:27:11.595, 1, 0, 10088
2026/05/23 23:27:11.597, 2, 0, 10088
2026/05/23 23:27:11.598, 3, 0, 10088
2026/05/23 23:27:26.743, 0, 100, 10490
2026/05/23 23:27:26.745, 1, 0, 10088
2026/05/23 23:27:26.747, 2, 100, 10088
2026/05/23 23:27:26.748, 3, 0, 10088
2026/05/23 23:27:41.834, 0, 9, 10490
2026/05/23 23:27:41.836, 1, 0, 10088
2026/05/23 23:27:41.837, 2, 0, 10088
2026/05/23 23:27:41.839, 3, 0, 10088
2026/05/23 23:27:56.943, 0, 100, 10490
2026/05/23 23:27:56.945, 1, 100, 10088
2026/05/23 23:27:56.946, 2, 0, 10088
2026/05/23 23:27:56.948, 3, 0, 10088
2026/05/23 23:28:12.042, 0, 100, 10490
2026/05/23 23:28:12.045, 1, 0, 10088
2026/05/23 23:28:12.047, 2, 82, 10088
2026/05/23 23:28:12.051, 3, 0, 10088
2026/05/23 23:28:27.142, 0, 3, 10490
2026/05/23 23:28:27.144, 1, 0, 10088
2026/05/23 23:28:27.145, 2, 0, 10088
2026/05/23 23:28:27.146, 3, 0, 10088
2026/05/23 23:28:42.234, 0, 11, 10490
2026/05/23 23:28:42.236, 1, 0, 10088
2026/05/23 23:28:42.237, 2, 0, 10088
2026/05/23 23:28:42.238, 3, 0, 10088
2026/05/23 23:28:57.338, 0, 8, 10490
2026/05/23 23:28:57.340, 1, 0, 10088
2026/05/23 23:28:57.341, 2, 0, 10088
2026/05/23 23:28:57.343, 3, 0, 10088
2026/05/23 23:29:12.426, 0, 100, 10490
2026/05/23 23:29:12.428, 1, 100, 10088
2026/05/23 23:29:12.429, 2, 100, 10088
2026/05/23 23:29:12.430, 3, 100, 10088
2026/05/23 23:29:27.523, 0, 100, 10490
2026/05/23 23:29:27.527, 1, 100, 10088
2026/05/23 23:29:27.530, 2, 0, 10088
2026/05/23 23:29:27.534, 3, 100, 10088
2026/05/23 23:29:42.646, 0, 16, 10490
2026/05/23 23:29:42.648, 1, 0, 10088
2026/05/23 23:29:42.649, 2, 0, 10088
2026/05/23 23:29:42.651, 3, 0, 10088
2026/05/23 23:29:57.739, 0, 5, 10490
2026/05/23 23:29:57.741, 1, 0, 10088
2026/05/23 23:29:57.742, 2, 100, 10088
2026/05/23 23:29:57.743, 3, 0, 10088
2026/05/23 23:30:12.829, 0, 9, 10490
2026/05/23 23:30:12.831, 1, 0, 10088
2026/05/23 23:30:12.832, 2, 0, 10088
2026/05/23 23:30:12.834, 3, 0, 10088
2026/05/23 23:30:27.912, 0, 100, 10490
2026/05/23 23:30:27.914, 1, 100, 10088
2026/05/23 23:30:27.915, 2, 0, 10088
2026/05/23 23:30:27.916, 3, 0, 10088
2026/05/23 23:30:43.023, 0, 14, 10490
2026/05/23 23:30:43.025, 1, 0, 10088
2026/05/23 23:30:43.026, 2, 0, 10088
2026/05/23 23:30:43.027, 3, 0, 10088
2026/05/23 23:30:58.136, 0, 100, 10490
2026/05/23 23:30:58.139, 1, 100, 10088
2026/05/23 23:30:58.142, 2, 0, 10088
2026/05/23 23:30:58.143, 3, 0, 10088
2026/05/23 23:31:13.238, 0, 100, 10490
2026/05/23 23:31:13.243, 1, 100, 10088
2026/05/23 23:31:13.246, 2, 0, 10088
2026/05/23 23:31:13.248, 3, 0, 10088
2026/05/23 23:31:28.367, 0, 1, 10490
2026/05/23 23:31:28.369, 1, 0, 10088
2026/05/23 23:31:28.371, 2, 0, 10088
2026/05/23 23:31:28.372, 3, 0, 10088
2026/05/23 23:31:43.494, 0, 12, 10490
2026/05/23 23:31:43.496, 1, 0, 10088
2026/05/23 23:31:43.498, 2, 0, 10088
2026/05/23 23:31:43.499, 3, 0, 10088
2026/05/23 23:31:58.587, 0, 9, 10490
2026/05/23 23:31:58.589, 1, 0, 10088
2026/05/23 23:31:58.590, 2, 0, 10088
2026/05/23 23:31:58.592, 3, 0, 10088
2026/05/23 23:32:13.689, 0, 100, 10490
2026/05/23 23:32:13.691, 1, 0, 10088
2026/05/23 23:32:13.693, 2, 0, 10088
2026/05/23 23:32:13.694, 3, 0, 10088
2026/05/23 23:32:28.821, 0, 9, 10490
2026/05/23 23:32:28.823, 1, 0, 10088
2026/05/23 23:32:28.824, 2, 0, 10088
2026/05/23 23:32:28.825, 3, 0, 10088
2026/05/23 23:32:43.926, 0, 13, 10490
2026/05/23 23:32:43.929, 1, 0, 10088
2026/05/23 23:32:43.930, 2, 0, 10088
2026/05/23 23:32:43.931, 3, 0, 10088
2026/05/23 23:32:59.019, 0, 100, 10490
2026/05/23 23:32:59.023, 1, 0, 10088
2026/05/23 23:32:59.024, 2, 0, 10088
2026/05/23 23:32:59.025, 3, 0, 10088
2026/05/23 23:33:14.110, 0, 9, 10490
2026/05/23 23:33:14.112, 1, 0, 10088
2026/05/23 23:33:14.114, 2, 0, 10088
2026/05/23 23:33:14.115, 3, 0, 10088
2026/05/23 23:33:29.203, 0, 100, 10490
2026/05/23 23:33:29.205, 1, 70, 10088
2026/05/23 23:33:29.206, 2, 100, 10088
2026/05/23 23:33:29.208, 3, 0, 10088
2026/05/23 23:33:44.294, 0, 0, 10490
2026/05/23 23:33:44.296, 1, 0, 10088
2026/05/23 23:33:44.297, 2, 0, 10088
2026/05/23 23:33:44.299, 3, 0, 10088
2026/05/23 23:33:59.384, 0, 10, 10490
2026/05/23 23:33:59.387, 1, 0, 10088
2026/05/23 23:33:59.388, 2, 0, 10088
2026/05/23 23:33:59.390, 3, 0, 10088
2026/05/23 23:34:14.526, 0, 100, 10490
2026/05/23 23:34:14.530, 1, 100, 10088
2026/05/23 23:34:14.533, 2, 0, 10088
2026/05/23 23:34:14.537, 3, 0, 10088
2026/05/23 23:34:29.919, 0, 9, 10490
2026/05/23 23:34:29.922, 1, 0, 10088
2026/05/23 23:34:29.923, 2, 0, 10088
2026/05/23 23:34:29.924, 3, 0, 10088
2026/05/23 23:34:45.010, 0, 9, 10490
2026/05/23 23:34:45.012, 1, 0, 10088
2026/05/23 23:34:45.013, 2, 0, 10088
2026/05/23 23:34:45.015, 3, 0, 10088
2026/05/23 23:35:00.119, 0, 13, 10490
2026/05/23 23:35:00.121, 1, 0, 10088
2026/05/23 23:35:00.122, 2, 0, 10088
2026/05/23 23:35:00.124, 3, 0, 10088
2026/05/23 23:35:15.209, 0, 8, 10490
2026/05/23 23:35:15.211, 1, 0, 10088
2026/05/23 23:35:15.212, 2, 0, 10088
2026/05/23 23:35:15.214, 3, 0, 10088
2026/05/23 23:35:30.297, 0, 7, 10490
2026/05/23 23:35:30.299, 1, 0, 10088
2026/05/23 23:35:30.300, 2, 0, 10088
2026/05/23 23:35:30.302, 3, 0, 10088
2026/05/23 23:35:45.458, 0, 12, 10490
2026/05/23 23:35:45.462, 1, 97, 10088
2026/05/23 23:35:45.465, 2, 0, 10088
2026/05/23 23:35:45.469, 3, 0, 10088
2026/05/23 23:36:00.598, 0, 12, 10490
2026/05/23 23:36:00.600, 1, 0, 10088
2026/05/23 23:36:00.602, 2, 0, 10088
2026/05/23 23:36:00.603, 3, 0, 10088
2026/05/23 23:36:15.689, 0, 9, 10490
2026/05/23 23:36:15.691, 1, 0, 10088
2026/05/23 23:36:15.693, 2, 0, 10088
2026/05/23 23:36:15.694, 3, 0, 10088
2026/05/23 23:36:30.881, 0, 100, 10490
2026/05/23 23:36:30.883, 1, 100, 10088
2026/05/23 23:36:30.885, 2, 100, 10088
2026/05/23 23:36:30.886, 3, 100, 10088
2026/05/23 23:36:46.107, 0, 73, 10490
2026/05/23 23:36:46.112, 1, 0, 10088
2026/05/23 23:36:46.113, 2, 0, 10088
2026/05/23 23:36:46.114, 3, 0, 10088
2026/05/23 23:37:01.218, 0, 15, 10490
2026/05/23 23:37:01.220, 1, 0, 10088
2026/05/23 23:37:01.222, 2, 0, 10088
2026/05/23 23:37:01.223, 3, 0, 10088
2026/05/23 23:37:16.310, 0, 9, 10490
2026/05/23 23:37:16.312, 1, 0, 10088
2026/05/23 23:37:16.314, 2, 0, 10088
2026/05/23 23:37:16.315, 3, 0, 10088
2026/05/23 23:37:31.471, 0, 7, 10490
2026/05/23 23:37:31.475, 1, 0, 10088
2026/05/23 23:37:31.477, 2, 0, 10088
2026/05/23 23:37:31.479, 3, 0, 10088
2026/05/23 23:37:46.620, 0, 2, 10490
2026/05/23 23:37:46.622, 1, 0, 10088
2026/05/23 23:37:46.623, 2, 0, 10088
2026/05/23 23:37:46.624, 3, 0, 10088
2026/05/23 23:38:01.709, 0, 12, 10490
2026/05/23 23:38:01.712, 1, 0, 10088
2026/05/23 23:38:01.713, 2, 0, 10088
2026/05/23 23:38:01.714, 3, 0, 10088
2026/05/23 23:38:16.798, 0, 100, 10490
2026/05/23 23:38:16.800, 1, 100, 10088
2026/05/23 23:38:16.802, 2, 100, 10088
2026/05/23 23:38:16.803, 3, 0, 10088
2026/05/23 23:38:31.896, 0, 0, 10490
2026/05/23 23:38:31.899, 1, 0, 10088
2026/05/23 23:38:31.902, 2, 100, 10088
2026/05/23 23:38:31.904, 3, 0, 10088
2026/05/23 23:38:47.085, 0, 5, 10490
2026/05/23 23:38:47.087, 1, 0, 10088
2026/05/23 23:38:47.088, 2, 0, 10088
2026/05/23 23:38:47.090, 3, 0, 10088
2026/05/23 23:39:02.179, 0, 100, 10490
2026/05/23 23:39:02.183, 1, 100, 10088
2026/05/23 23:39:02.186, 2, 75, 10088
2026/05/23 23:39:02.190, 3, 0, 10088
2026/05/23 23:39:17.286, 0, 10, 10490
2026/05/23 23:39:17.288, 1, 0, 10088
2026/05/23 23:39:17.289, 2, 0, 10088
2026/05/23 23:39:17.290, 3, 0, 10088
2026/05/23 23:39:32.409, 0, 9, 10490
2026/05/23 23:39:32.412, 1, 99, 10088
2026/05/23 23:39:32.415, 2, 0, 10088
2026/05/23 23:39:32.416, 3, 0, 10088
2026/05/23 23:39:47.550, 0, 4, 10490
2026/05/23 23:39:47.552, 1, 0, 10088
2026/05/23 23:39:47.553, 2, 0, 10088
2026/05/23 23:39:47.554, 3, 0, 10088
2026/05/23 23:40:02.642, 0, 61, 10490
2026/05/23 23:40:02.644, 1, 13, 10088
2026/05/23 23:40:02.645, 2, 0, 10088
2026/05/23 23:40:02.646, 3, 0, 10088
2026/05/23 23:40:17.748, 0, 13, 10490
2026/05/23 23:40:17.750, 1, 0, 10088
2026/05/23 23:40:17.752, 2, 0, 10088
2026/05/23 23:40:17.754, 3, 0, 10088
2026/05/23 23:40:32.841, 0, 100, 10490
2026/05/23 23:40:32.843, 1, 100, 10088
2026/05/23 23:40:32.844, 2, 100, 10088
2026/05/23 23:40:32.845, 3, 0, 10088
2026/05/23 23:40:47.961, 0, 3, 10490
2026/05/23 23:40:47.963, 1, 0, 10088
2026/05/23 23:40:47.965, 2, 0, 10088
2026/05/23 23:40:47.966, 3, 0, 10088
2026/05/23 23:41:03.070, 0, 8, 10490
2026/05/23 23:41:03.072, 1, 0, 10088
2026/05/23 23:41:03.073, 2, 0, 10088
2026/05/23 23:41:03.074, 3, 0, 10088
2026/05/23 23:41:18.173, 0, 13, 10490
2026/05/23 23:41:18.176, 1, 0, 10088
2026/05/23 23:41:18.177, 2, 0, 10088
2026/05/23 23:41:18.178, 3, 0, 10088
2026/05/23 23:41:33.263, 0, 10, 10490
2026/05/23 23:41:33.265, 1, 0, 10088
2026/05/23 23:41:33.267, 2, 0, 10088
2026/05/23 23:41:33.268, 3, 0, 10088
2026/05/23 23:41:48.451, 0, 6, 10490
2026/05/23 23:41:48.453, 1, 0, 10088
2026/05/23 23:41:48.454, 2, 100, 10088
2026/05/23 23:41:48.455, 3, 0, 10088
2026/05/23 23:42:03.622, 0, 9, 10490
2026/05/23 23:42:03.624, 1, 0, 10088
2026/05/23 23:42:03.625, 2, 0, 10088
2026/05/23 23:42:03.626, 3, 0, 10088
2026/05/23 23:42:18.726, 0, 13, 10490
2026/05/23 23:42:18.728, 1, 0, 10088
2026/05/23 23:42:18.730, 2, 0, 10088
2026/05/23 23:42:18.732, 3, 0, 10088
2026/05/23 23:42:33.819, 0, 9, 10490
2026/05/23 23:42:33.821, 1, 0, 10088
2026/05/23 23:42:33.823, 2, 0, 10088
2026/05/23 23:42:33.824, 3, 0, 10088
2026/05/23 23:42:48.949, 0, 7, 10490
2026/05/23 23:42:48.951, 1, 0, 10088
2026/05/23 23:42:48.953, 2, 0, 10088
2026/05/23 23:42:48.954, 3, 0, 10088
2026/05/23 23:43:04.278, 0, 100, 10490
2026/05/23 23:43:04.280, 1, 100, 10088
2026/05/23 23:43:04.281, 2, 100, 10088
2026/05/23 23:43:04.282, 3, 0, 10088
2026/05/23 23:43:19.391, 0, 12, 10490
2026/05/23 23:43:19.394, 1, 0, 10088
2026/05/23 23:43:19.395, 2, 0, 10088
2026/05/23 23:43:19.396, 3, 0, 10088
2026/05/23 23:43:34.491, 0, 100, 10490
2026/05/23 23:43:34.495, 1, 100, 10088
2026/05/23 23:43:34.499, 2, 0, 10088
2026/05/23 23:43:34.502, 3, 0, 10088
2026/05/23 23:43:49.806, 0, 5, 10490
2026/05/23 23:43:49.808, 1, 0, 10088
2026/05/23 23:43:49.809, 2, 87, 10088
2026/05/23 23:43:49.810, 3, 0, 10088
2026/05/23 23:44:05.118, 0, 1, 10490
2026/05/23 23:44:05.121, 1, 0, 10088
2026/05/23 23:44:05.122, 2, 0, 10088
2026/05/23 23:44:05.281, 3, 0, 10088
2026/05/23 23:44:20.407, 0, 10, 10490
2026/05/23 23:44:20.409, 1, 0, 10088
2026/05/23 23:44:20.410, 2, 0, 10088
2026/05/23 23:44:20.412, 3, 0, 10088
2026/05/23 23:44:35.553, 0, 52, 10490
2026/05/23 23:44:35.557, 1, 76, 10088
2026/05/23 23:44:35.561, 2, 0, 10088
2026/05/23 23:44:35.564, 3, 100, 10088
2026/05/23 23:44:50.658, 0, 100, 10490
2026/05/23 23:44:50.660, 1, 100, 10088
2026/05/23 23:44:50.661, 2, 100, 10088
2026/05/23 23:44:50.662, 3, 100, 10088
2026/05/23 23:45:05.752, 0, 10, 10490
2026/05/23 23:45:05.756, 1, 0, 10088
2026/05/23 23:45:05.759, 2, 0, 10088
2026/05/23 23:45:05.761, 3, 0, 10088
2026/05/23 23:45:20.897, 0, 0, 10490
2026/05/23 23:45:20.899, 1, 0, 10088
2026/05/23 23:45:20.901, 2, 0, 10088
2026/05/23 23:45:20.902, 3, 0, 10088
2026/05/23 23:45:36.018, 0, 12, 10490
2026/05/23 23:45:36.020, 1, 0, 10088
2026/05/23 23:45:36.021, 2, 0, 10088
2026/05/23 23:45:36.023, 3, 0, 10088
2026/05/23 23:45:51.205, 0, 0, 10490
2026/05/23 23:45:51.207, 1, 0, 10088
2026/05/23 23:45:51.208, 2, 0, 10088
2026/05/23 23:45:51.210, 3, 0, 10088
2026/05/23 23:46:06.297, 0, 100, 10490
2026/05/23 23:46:06.301, 1, 0, 10088
2026/05/23 23:46:06.303, 2, 0, 10088
2026/05/23 23:46:06.304, 3, 0, 10088
2026/05/23 23:46:21.416, 0, 9, 10490
2026/05/23 23:46:21.420, 1, 0, 10088
2026/05/23 23:46:21.423, 2, 0, 10088
2026/05/23 23:46:21.425, 3, 0, 10088
2026/05/23 23:46:36.536, 0, 14, 10490
2026/05/23 23:46:36.538, 1, 0, 10088
2026/05/23 23:46:36.540, 2, 0, 10088
2026/05/23 23:46:36.541, 3, 0, 10088
2026/05/23 23:46:51.627, 0, 8, 10490
2026/05/23 23:46:51.630, 1, 0, 10088
2026/05/23 23:46:51.631, 2, 0, 10088
2026/05/23 23:46:51.632, 3, 0, 10088
2026/05/23 23:47:06.833, 0, 4, 10490
2026/05/23 23:47:06.837, 1, 0, 10088
2026/05/23 23:47:06.840, 2, 0, 10088
2026/05/23 23:47:06.842, 3, 0, 10088
2026/05/23 23:47:22.013, 0, 9, 10490
2026/05/23 23:47:22.015, 1, 0, 10088
2026/05/23 23:47:22.016, 2, 0, 10088
2026/05/23 23:47:22.018, 3, 0, 10088
2026/05/23 23:47:37.118, 0, 13, 10490
2026/05/23 23:47:37.120, 1, 0, 10088
2026/05/23 23:47:37.121, 2, 0, 10088
2026/05/23 23:47:37.123, 3, 0, 10088
2026/05/23 23:47:52.220, 0, 5, 10490
2026/05/23 23:47:52.224, 1, 96, 10088
2026/05/23 23:47:52.227, 2, 0, 10088
2026/05/23 23:47:52.229, 3, 0, 10088
2026/05/23 23:48:07.323, 0, 9, 10490
2026/05/23 23:48:07.325, 1, 0, 10088
2026/05/23 23:48:07.326, 2, 0, 10088
2026/05/23 23:48:07.328, 3, 0, 10088
2026/05/23 23:48:22.413, 0, 8, 10490
2026/05/23 23:48:22.415, 1, 0, 10088
2026/05/23 23:48:22.417, 2, 0, 10088
2026/05/23 23:48:22.418, 3, 0, 10088
2026/05/23 23:48:37.564, 0, 1, 10490
2026/05/23 23:48:37.566, 1, 0, 10088
2026/05/23 23:48:37.567, 2, 0, 10088
2026/05/23 23:48:37.569, 3, 0, 10088
2026/05/23 23:48:52.839, 0, 65, 10490
2026/05/23 23:48:52.843, 1, 100, 10088
2026/05/23 23:48:52.845, 2, 0, 10088
2026/05/23 23:48:52.848, 3, 100, 10088
2026/05/23 23:49:07.946, 0, 9, 10490
2026/05/23 23:49:07.948, 1, 0, 10088
2026/05/23 23:49:07.949, 2, 0, 10088
2026/05/23 23:49:07.950, 3, 0, 10088
2026/05/23 23:49:23.033, 0, 100, 10490
2026/05/23 23:49:23.035, 1, 100, 10088
2026/05/23 23:49:23.037, 2, 0, 10088
2026/05/23 23:49:23.038, 3, 0, 10088
2026/05/23 23:49:38.138, 0, 13, 10490
2026/05/23 23:49:38.140, 1, 0, 10088
2026/05/23 23:49:38.141, 2, 0, 10088
2026/05/23 23:49:38.143, 3, 0, 10088
2026/05/23 23:49:53.235, 0, 100, 10490
2026/05/23 23:49:53.240, 1, 100, 10088
2026/05/23 23:49:53.242, 2, 0, 10088
2026/05/23 23:49:53.244, 3, 0, 10088
2026/05/23 23:50:08.351, 0, 10, 10490
2026/05/23 23:50:08.353, 1, 0, 10088
2026/05/23 23:50:08.354, 2, 0, 10088
2026/05/23 23:50:08.356, 3, 0, 10088
2026/05/23 23:50:23.573, 0, 100, 10490
2026/05/23 23:50:23.575, 1, 68, 10088
2026/05/23 23:50:23.577, 2, 0, 10088
2026/05/23 23:50:23.578, 3, 0, 10088
2026/05/23 23:50:38.847, 0, 13, 10490
2026/05/23 23:50:38.849, 1, 0, 10088
2026/05/23 23:50:38.851, 2, 0, 10088
2026/05/23 23:50:38.852, 3, 0, 10088
2026/05/23 23:50:53.939, 0, 100, 10490
2026/05/23 23:50:53.942, 1, 100, 10088
2026/05/23 23:50:53.943, 2, 0, 10088
2026/05/23 23:50:53.945, 3, 0, 10088
2026/05/23 23:51:09.036, 0, 5, 10490
2026/05/23 23:51:09.041, 1, 98, 10088
2026/05/23 23:51:09.044, 2, 0, 10088
2026/05/23 23:51:09.046, 3, 0, 10088
2026/05/23 23:51:24.135, 0, 0, 10490
2026/05/23 23:51:24.137, 1, 0, 10088
2026/05/23 23:51:24.138, 2, 0, 10088
2026/05/23 23:51:24.140, 3, 0, 10088
2026/05/23 23:51:39.246, 0, 10, 10490
2026/05/23 23:51:39.248, 1, 0, 10088
2026/05/23 23:51:39.249, 2, 0, 10088
2026/05/23 23:51:39.250, 3, 0, 10088
2026/05/23 23:51:54.438, 0, 14, 10490
2026/05/23 23:51:54.441, 1, 0, 10088
2026/05/23 23:51:54.442, 2, 0, 10088
2026/05/23 23:51:54.444, 3, 0, 10088
2026/05/23 23:52:09.538, 0, 100, 10490
2026/05/23 23:52:09.542, 1, 100, 10088
2026/05/23 23:52:09.545, 2, 100, 10088
2026/05/23 23:52:09.549, 3, 100, 10088
2026/05/23 23:52:24.645, 0, 9, 10490
2026/05/23 23:52:24.647, 1, 0, 10088
2026/05/23 23:52:24.649, 2, 0, 10088
2026/05/23 23:52:24.650, 3, 0, 10088
2026/05/23 23:52:39.735, 0, 8, 10490
2026/05/23 23:52:39.737, 1, 0, 10088
2026/05/23 23:52:39.739, 2, 0, 10088
2026/05/23 23:52:39.740, 3, 0, 10088
2026/05/23 23:52:54.827, 0, 13, 10490
2026/05/23 23:52:54.830, 1, 0, 10088
2026/05/23 23:52:54.831, 2, 0, 10088
2026/05/23 23:52:54.833, 3, 0, 10088
2026/05/23 23:53:10.027, 0, 10, 10490
2026/05/23 23:53:10.031, 1, 0, 10088
2026/05/23 23:53:10.034, 2, 100, 10088
2026/05/23 23:53:10.037, 3, 0, 10088
2026/05/23 23:53:25.130, 0, 9, 10490
2026/05/23 23:53:25.132, 1, 0, 10088
2026/05/23 23:53:25.133, 2, 0, 10088
2026/05/23 23:53:25.135, 3, 0, 10088
2026/05/23 23:53:40.235, 0, 10, 10490
2026/05/23 23:53:40.237, 1, 0, 10088
2026/05/23 23:53:40.238, 2, 0, 10088
2026/05/23 23:53:40.239, 3, 0, 10088
2026/05/23 23:53:55.364, 0, 11, 10490
2026/05/23 23:53:55.366, 1, 0, 10088
2026/05/23 23:53:55.367, 2, 0, 10088
2026/05/23 23:53:55.369, 3, 0, 10088
2026/05/23 23:54:10.457, 0, 9, 10490
2026/05/23 23:54:10.459, 1, 0, 10088
2026/05/23 23:54:10.461, 2, 0, 10088
2026/05/23 23:54:10.462, 3, 0, 10088
2026/05/23 23:54:25.562, 0, 8, 10490
2026/05/23 23:54:25.564, 1, 0, 10088
2026/05/23 23:54:25.565, 2, 0, 10088
2026/05/23 23:54:25.566, 3, 0, 10088
2026/05/23 23:54:40.672, 0, 10, 10490
2026/05/23 23:54:40.676, 1, 0, 10088
2026/05/23 23:54:40.678, 2, 0, 10088
2026/05/23 23:54:40.681, 3, 0, 10088
2026/05/23 23:54:55.791, 0, 2, 10490
2026/05/23 23:54:55.793, 1, 0, 10088
2026/05/23 23:54:55.794, 2, 0, 10088
2026/05/23 23:54:55.796, 3, 0, 10088
2026/05/23 23:55:11.247, 0, 100, 10490
2026/05/23 23:55:11.249, 1, 62, 10088
2026/05/23 23:55:11.250, 2, 100, 10088
2026/05/23 23:55:11.251, 3, 100, 10088
2026/05/23 23:55:26.333, 0, 9, 10490
2026/05/23 23:55:26.335, 1, 0, 10088
2026/05/23 23:55:26.337, 2, 0, 10088
2026/05/23 23:55:26.338, 3, 0, 10088
2026/05/23 23:55:41.426, 0, 100, 10490
2026/05/23 23:55:41.430, 1, 100, 10088
2026/05/23 23:55:41.432, 2, 0, 10088
2026/05/23 23:55:41.433, 3, 0, 10088
2026/05/23 23:55:56.539, 0, 11, 10490
2026/05/23 23:55:56.541, 1, 0, 10088
2026/05/23 23:55:56.542, 2, 0, 10088
2026/05/23 23:55:56.543, 3, 0, 10088
2026/05/23 23:56:11.631, 0, 1, 10490
2026/05/23 23:56:11.634, 1, 0, 10088
2026/05/23 23:56:11.635, 2, 0, 10088
2026/05/23 23:56:11.637, 3, 0, 10088
2026/05/23 23:56:26.723, 0, 9, 10490
2026/05/23 23:56:26.725, 1, 0, 10088
2026/05/23 23:56:26.726, 2, 0, 10088
2026/05/23 23:56:26.728, 3, 0, 10088
2026/05/23 23:56:42.007, 0, 9, 10490
2026/05/23 23:56:42.009, 1, 0, 10088
2026/05/23 23:56:42.011, 2, 0, 10088
2026/05/23 23:56:42.012, 3, 0, 10088
2026/05/23 23:56:57.103, 0, 9, 10490
2026/05/23 23:56:57.114, 1, 0, 10088
2026/05/23 23:56:57.117, 2, 90, 10088
2026/05/23 23:56:57.120, 3, 0, 10088
2026/05/23 23:57:12.227, 0, 13, 10490
2026/05/23 23:57:12.230, 1, 0, 10088
2026/05/23 23:57:12.231, 2, 0, 10088
2026/05/23 23:57:12.232, 3, 0, 10088
2026/05/23 23:57:27.318, 0, 10, 10490
2026/05/23 23:57:27.320, 1, 0, 10088
2026/05/23 23:57:27.322, 2, 0, 10088
2026/05/23 23:57:27.323, 3, 0, 10088
2026/05/23 23:57:42.410, 0, 49, 10490
2026/05/23 23:57:42.412, 1, 0, 10088
2026/05/23 23:57:42.413, 2, 0, 10088
2026/05/23 23:57:42.415, 3, 0, 10088
2026/05/23 23:57:57.701, 0, 100, 10490
2026/05/23 23:57:57.703, 1, 100, 10088
2026/05/23 23:57:57.704, 2, 100, 10088
2026/05/23 23:57:57.705, 3, 0, 10088
2026/05/23 23:58:12.807, 0, 6, 10490
2026/05/23 23:58:12.809, 1, 0, 10088
2026/05/23 23:58:12.810, 2, 0, 10088
2026/05/23 23:58:12.811, 3, 0, 10088
2026/05/23 23:58:27.899, 0, 100, 10490
2026/05/23 23:58:27.901, 1, 0, 10088
2026/05/23 23:58:27.903, 2, 0, 10088
2026/05/23 23:58:27.904, 3, 0, 10088
2026/05/23 23:58:42.991, 0, 100, 10490
2026/05/23 23:58:42.993, 1, 100, 10088
2026/05/23 23:58:42.995, 2, 0, 10088
2026/05/23 23:58:42.996, 3, 0, 10088
2026/05/23 23:58:58.081, 0, 9, 10490
2026/05/23 23:58:58.083, 1, 0, 10088
2026/05/23 23:58:58.085, 2, 0, 10088
2026/05/23 23:58:58.086, 3, 0, 10088
2026/05/23 23:59:13.191, 0, 15, 10490
2026/05/23 23:59:13.266, 1, 0, 10088
2026/05/23 23:59:13.268, 2, 0, 10088
2026/05/23 23:59:13.269, 3, 0, 10088
2026/05/23 23:59:28.465, 0, 8, 10490
2026/05/23 23:59:28.467, 1, 0, 10088
2026/05/23 23:59:28.468, 2, 0, 10088
2026/05/23 23:59:28.470, 3, 0, 10088
2026/05/23 23:59:43.569, 0, 100, 10490
2026/05/23 23:59:43.573, 1, 0, 10088
2026/05/23 23:59:43.574, 2, 0, 10088
2026/05/23 23:59:43.575, 3, 0, 10088
2026/05/23 23:59:58.662, 0, 9, 10490
2026/05/23 23:59:58.664, 1, 0, 10088
2026/05/23 23:59:58.665, 2, 0, 10088
2026/05/23 23:59:58.666, 3, 0, 10088
2026/05/24 00:00:13.821, 0, 18, 10490
2026/05/24 00:00:13.823, 1, 0, 10088
2026/05/24 00:00:13.825, 2, 0, 10088
2026/05/24 00:00:13.826, 3, 0, 10088
2026/05/24 00:00:28.927, 0, 9, 10490
2026/05/24 00:00:28.929, 1, 0, 10088
2026/05/24 00:00:28.930, 2, 0, 10088
2026/05/24 00:00:28.932, 3, 0, 10088
2026/05/24 00:00:44.018, 0, 100, 10490
2026/05/24 00:00:44.020, 1, 100, 10088
2026/05/24 00:00:44.022, 2, 0, 10088
2026/05/24 00:00:44.023, 3, 0, 10088
2026/05/24 00:00:59.109, 0, 20, 10490
2026/05/24 00:00:59.111, 1, 0, 10088
2026/05/24 00:00:59.113, 2, 0, 10088
2026/05/24 00:00:59.114, 3, 0, 10088
2026/05/24 00:01:14.571, 0, 100, 10490
2026/05/24 00:01:14.574, 1, 100, 10088
2026/05/24 00:01:14.577, 2, 0, 10088
2026/05/24 00:01:14.578, 3, 0, 10088
2026/05/24 00:01:29.839, 0, 6, 10490
2026/05/24 00:01:29.841, 1, 0, 10088
2026/05/24 00:01:29.842, 2, 0, 10088
2026/05/24 00:01:29.843, 3, 0, 10088
2026/05/24 00:01:44.927, 0, 8, 10490
2026/05/24 00:01:44.930, 1, 0, 10088
2026/05/24 00:01:44.932, 2, 0, 10088
2026/05/24 00:01:44.933, 3, 0, 10088
2026/05/24 00:02:00.017, 0, 100, 10490
2026/05/24 00:02:00.019, 1, 0, 10088
2026/05/24 00:02:00.020, 2, 0, 10088
2026/05/24 00:02:00.022, 3, 0, 10088
2026/05/24 00:02:15.107, 0, 4, 10490
2026/05/24 00:02:15.109, 1, 0, 10088
2026/05/24 00:02:15.110, 2, 0, 10088
2026/05/24 00:02:15.111, 3, 0, 10088
2026/05/24 00:02:30.202, 0, 12, 10490
2026/05/24 00:02:30.205, 1, 0, 10088
2026/05/24 00:02:30.206, 2, 0, 10088
2026/05/24 00:02:30.207, 3, 0, 10088
2026/05/24 00:02:45.301, 0, 14, 10490
2026/05/24 00:02:45.305, 1, 0, 10088
2026/05/24 00:02:45.308, 2, 0, 10088
2026/05/24 00:02:45.310, 3, 0, 10088
2026/05/24 00:03:00.419, 0, 100, 10490
2026/05/24 00:03:00.423, 1, 0, 10088
2026/05/24 00:03:00.424, 2, 0, 10088
2026/05/24 00:03:00.426, 3, 0, 10088
2026/05/24 00:03:15.563, 0, 4, 10490
2026/05/24 00:03:15.565, 1, 0, 10088
2026/05/24 00:03:15.566, 2, 0, 10088
2026/05/24 00:03:15.568, 3, 0, 10088
2026/05/24 00:03:30.726, 0, 13, 10490
2026/05/24 00:03:30.729, 1, 0, 10088
2026/05/24 00:03:30.730, 2, 0, 10088
2026/05/24 00:03:30.731, 3, 0, 10088
2026/05/24 00:03:45.847, 0, 34, 10490
2026/05/24 00:03:45.852, 1, 82, 10088
2026/05/24 00:03:45.855, 2, 0, 10088
2026/05/24 00:03:45.858, 3, 100, 10088
2026/05/24 00:04:00.953, 0, 9, 10490
2026/05/24 00:04:00.955, 1, 0, 10088
2026/05/24 00:04:00.957, 2, 0, 10088
2026/05/24 00:04:00.958, 3, 0, 10088
2026/05/24 00:04:16.049, 0, 1, 10490
2026/05/24 00:04:16.053, 1, 87, 10088
2026/05/24 00:04:16.056, 2, 100, 10088
2026/05/24 00:04:16.059, 3, 100, 10088
2026/05/24 00:04:31.295, 0, 7, 10490
2026/05/24 00:04:31.297, 1, 0, 10088
2026/05/24 00:04:31.298, 2, 0, 10088
2026/05/24 00:04:31.299, 3, 0, 10088
2026/05/24 00:04:46.400, 0, 8, 10490
2026/05/24 00:04:46.402, 1, 0, 10088
2026/05/24 00:04:46.403, 2, 0, 10088
2026/05/24 00:04:46.405, 3, 0, 10088
2026/05/24 00:05:01.493, 0, 9, 10490
2026/05/24 00:05:01.495, 1, 0, 10088
2026/05/24 00:05:01.497, 2, 0, 10088
2026/05/24 00:05:01.498, 3, 0, 10088
2026/05/24 00:05:16.599, 0, 100, 10490
2026/05/24 00:05:16.601, 1, 100, 10088
2026/05/24 00:05:16.603, 2, 0, 10088
2026/05/24 00:05:16.604, 3, 0, 10088
2026/05/24 00:05:31.758, 0, 14, 10490
2026/05/24 00:05:31.761, 1, 0, 10088
2026/05/24 00:05:31.762, 2, 0, 10088
2026/05/24 00:05:31.763, 3, 0, 10088
2026/05/24 00:05:46.870, 0, 9, 10490
2026/05/24 00:05:46.872, 1, 0, 10088
2026/05/24 00:05:46.873, 2, 0, 10088
2026/05/24 00:05:46.874, 3, 0, 10088
2026/05/24 00:06:01.961, 0, 9, 10490
2026/05/24 00:06:01.963, 1, 0, 10088
2026/05/24 00:06:01.965, 2, 0, 10088
2026/05/24 00:06:01.966, 3, 0, 10088
2026/05/24 00:06:17.049, 0, 27, 10490
2026/05/24 00:06:17.051, 1, 42, 10088
2026/05/24 00:06:17.053, 2, 0, 10088
2026/05/24 00:06:17.054, 3, 0, 10088
2026/05/24 00:06:32.232, 0, 1, 10490
2026/05/24 00:06:32.235, 1, 0, 10088
2026/05/24 00:06:32.236, 2, 0, 10088
2026/05/24 00:06:32.237, 3, 0, 10088
2026/05/24 00:06:47.327, 0, 100, 10490
2026/05/24 00:06:47.331, 1, 0, 10088
2026/05/24 00:06:47.334, 2, 0, 10088
2026/05/24 00:06:47.336, 3, 0, 10088
2026/05/24 00:07:02.414, 0, 9, 10490
2026/05/24 00:07:02.416, 1, 0, 10088
2026/05/24 00:07:02.417, 2, 0, 10088
2026/05/24 00:07:02.418, 3, 0, 10088
2026/05/24 00:07:17.518, 0, 9, 10490
2026/05/24 00:07:17.522, 1, 0, 10088
2026/05/24 00:07:17.525, 2, 0, 10088
2026/05/24 00:07:17.526, 3, 0, 10088
2026/05/24 00:07:32.727, 0, 4, 10490
2026/05/24 00:07:32.729, 1, 0, 10088
2026/05/24 00:07:32.730, 2, 0, 10088
2026/05/24 00:07:32.731, 3, 0, 10088
2026/05/24 00:07:47.935, 0, 13, 10490
2026/05/24 00:07:47.938, 1, 0, 10088
2026/05/24 00:07:47.939, 2, 0, 10088
2026/05/24 00:07:47.940, 3, 0, 10088
2026/05/24 00:08:03.020, 0, 100, 10490
2026/05/24 00:08:03.022, 1, 100, 10088
2026/05/24 00:08:03.023, 2, 100, 10088
2026/05/24 00:08:03.024, 3, 0, 10088
2026/05/24 00:08:18.167, 0, 10, 10490
2026/05/24 00:08:18.171, 1, 0, 10088
2026/05/24 00:08:18.175, 2, 100, 10088
2026/05/24 00:08:18.178, 3, 0, 10088
2026/05/24 00:08:33.461, 0, 8, 10490
2026/05/24 00:08:33.463, 1, 0, 10088
2026/05/24 00:08:33.464, 2, 0, 10088
2026/05/24 00:08:33.465, 3, 0, 10088
2026/05/24 00:08:48.725, 0, 13, 10490
2026/05/24 00:08:48.727, 1, 0, 10088
2026/05/24 00:08:48.729, 2, 0, 10088
2026/05/24 00:08:48.730, 3, 0, 10088
2026/05/24 00:09:03.853, 0, 100, 10490
2026/05/24 00:09:03.857, 1, 100, 10088
2026/05/24 00:09:03.860, 2, 0, 10088
2026/05/24 00:09:03.861, 3, 0, 10088
2026/05/24 00:09:18.950, 0, 100, 10490
2026/05/24 00:09:18.952, 1, 100, 10088
2026/05/24 00:09:18.953, 2, 100, 10088
2026/05/24 00:09:18.954, 3, 0, 10088
2026/05/24 00:09:34.037, 0, 3, 10490
2026/05/24 00:09:34.039, 1, 0, 10088
2026/05/24 00:09:34.040, 2, 100, 10088
2026/05/24 00:09:34.042, 3, 0, 10088
2026/05/24 00:09:49.162, 0, 11, 10490
2026/05/24 00:09:49.164, 1, 0, 10088
2026/05/24 00:09:49.166, 2, 0, 10088
2026/05/24 00:09:49.167, 3, 0, 10088
2026/05/24 00:10:04.249, 0, 100, 10490
2026/05/24 00:10:04.251, 1, 100, 10088
2026/05/24 00:10:04.253, 2, 0, 10088
2026/05/24 00:10:04.254, 3, 0, 10088
2026/05/24 00:10:19.337, 0, 10, 10490
2026/05/24 00:10:19.339, 1, 0, 10088
2026/05/24 00:10:19.341, 2, 0, 10088
2026/05/24 00:10:19.342, 3, 0, 10088
2026/05/24 00:10:34.450, 0, 2, 10490
2026/05/24 00:10:34.452, 1, 0, 10088
2026/05/24 00:10:34.453, 2, 0, 10088
2026/05/24 00:10:34.455, 3, 0, 10088
2026/05/24 00:10:49.551, 0, 100, 10490
2026/05/24 00:10:49.553, 1, 100, 10088
2026/05/24 00:10:49.555, 2, 100, 10088
2026/05/24 00:10:49.557, 3, 0, 10088
2026/05/24 00:11:04.641, 0, 9, 10490
2026/05/24 00:11:04.643, 1, 0, 10088
2026/05/24 00:11:04.645, 2, 0, 10088
2026/05/24 00:11:04.646, 3, 0, 10088
2026/05/24 00:11:19.739, 0, 9, 10490
2026/05/24 00:11:19.743, 1, 0, 10088
2026/05/24 00:11:19.745, 2, 0, 10088
2026/05/24 00:11:19.748, 3, 0, 10088
2026/05/24 00:11:34.837, 0, 100, 10490
2026/05/24 00:11:34.838, 1, 100, 10088
2026/05/24 00:11:34.839, 2, 0, 10088
2026/05/24 00:11:34.841, 3, 0, 10088
2026/05/24 00:11:49.960, 0, 1, 10490
2026/05/24 00:11:49.962, 1, 0, 10088
2026/05/24 00:11:49.963, 2, 0, 10088
2026/05/24 00:11:49.965, 3, 0, 10088
2026/05/24 00:12:05.276, 0, 13, 10490
2026/05/24 00:12:05.277, 1, 0, 10088
2026/05/24 00:12:05.278, 2, 0, 10088
2026/05/24 00:12:05.280, 3, 0, 10088
2026/05/24 00:12:20.473, 0, 5, 10490
2026/05/24 00:12:20.477, 1, 0, 10088
2026/05/24 00:12:20.478, 2, 0, 10088
2026/05/24 00:12:20.479, 3, 0, 10088
2026/05/24 00:12:35.566, 0, 9, 10490
2026/05/24 00:12:35.568, 1, 0, 10088
2026/05/24 00:12:35.569, 2, 0, 10088
2026/05/24 00:12:35.570, 3, 0, 10088
2026/05/24 00:12:50.653, 0, 9, 10490
2026/05/24 00:12:50.655, 1, 0, 10088
2026/05/24 00:12:50.656, 2, 0, 10088
2026/05/24 00:12:50.658, 3, 0, 10088
2026/05/24 00:13:05.782, 0, 18, 10490
2026/05/24 00:13:05.784, 1, 0, 10088
2026/05/24 00:13:05.786, 2, 0, 10088
2026/05/24 00:13:05.787, 3, 0, 10088
2026/05/24 00:13:20.874, 0, 9, 10490
2026/05/24 00:13:20.876, 1, 0, 10088
2026/05/24 00:13:20.877, 2, 0, 10088
2026/05/24 00:13:20.879, 3, 0, 10088
2026/05/24 00:13:35.971, 0, 100, 10490
2026/05/24 00:13:35.973, 1, 100, 10088
2026/05/24 00:13:35.974, 2, 100, 10088
2026/05/24 00:13:35.976, 3, 0, 10088
2026/05/24 00:13:51.351, 0, 100, 10490
2026/05/24 00:13:51.355, 1, 0, 10088
2026/05/24 00:13:51.357, 2, 0, 10088
2026/05/24 00:13:51.358, 3, 0, 10088
2026/05/24 00:14:06.462, 0, 11, 10490
2026/05/24 00:14:06.464, 1, 0, 10088
2026/05/24 00:14:06.466, 2, 0, 10088
2026/05/24 00:14:06.467, 3, 0, 10088
2026/05/24 00:14:21.597, 0, 63, 10490
2026/05/24 00:14:21.602, 1, 100, 10088
2026/05/24 00:14:21.604, 2, 0, 10088
2026/05/24 00:14:21.606, 3, 0, 10088
2026/05/24 00:14:36.702, 0, 9, 10490
2026/05/24 00:14:36.704, 1, 0, 10088
2026/05/24 00:14:36.705, 2, 0, 10088
2026/05/24 00:14:36.706, 3, 0, 10088
2026/05/24 00:14:51.794, 0, 7, 10490
2026/05/24 00:14:51.797, 1, 0, 10088
2026/05/24 00:14:51.800, 2, 0, 10088
2026/05/24 00:14:51.801, 3, 0, 10088
2026/05/24 00:15:06.887, 0, 4, 10490
2026/05/24 00:15:06.890, 1, 0, 10088
2026/05/24 00:15:06.891, 2, 0, 10088
2026/05/24 00:15:06.892, 3, 0, 10088
2026/05/24 00:15:22.056, 0, 100, 10490
2026/05/24 00:15:22.058, 1, 100, 10088
2026/05/24 00:15:22.059, 2, 100, 10088
2026/05/24 00:15:22.060, 3, 0, 10088
2026/05/24 00:15:37.162, 0, 8, 10490
2026/05/24 00:15:37.164, 1, 0, 10088
2026/05/24 00:15:37.165, 2, 0, 10088
2026/05/24 00:15:37.166, 3, 0, 10088
2026/05/24 00:15:52.253, 0, 10, 10490
2026/05/24 00:15:52.256, 1, 0, 10088
2026/05/24 00:15:52.258, 2, 0, 10088
2026/05/24 00:15:52.259, 3, 0, 10088
2026/05/24 00:16:07.350, 0, 100, 10490
2026/05/24 00:16:07.352, 1, 78, 10088
2026/05/24 00:16:07.354, 2, 0, 10088
2026/05/24 00:16:07.355, 3, 0, 10088
2026/05/24 00:16:22.459, 0, 12, 10490
2026/05/24 00:16:22.461, 1, 0, 10088
2026/05/24 00:16:22.462, 2, 0, 10088
2026/05/24 00:16:22.464, 3, 0, 10088
2026/05/24 00:16:37.709, 0, 3, 10490
2026/05/24 00:16:37.710, 1, 0, 10088
2026/05/24 00:16:37.712, 2, 0, 10088
2026/05/24 00:16:37.713, 3, 0, 10088
2026/05/24 00:16:52.888, 0, 5, 10490
2026/05/24 00:16:52.892, 1, 0, 10088
2026/05/24 00:16:52.894, 2, 0, 10088
2026/05/24 00:16:52.896, 3, 0, 10088
2026/05/24 00:17:07.989, 0, 4, 10490
2026/05/24 00:17:07.991, 1, 0, 10088
2026/05/24 00:17:07.993, 2, 100, 10088
2026/05/24 00:17:07.994, 3, 0, 10088
2026/05/24 00:17:23.078, 0, 13, 10490
2026/05/24 00:17:23.081, 1, 0, 10088
2026/05/24 00:17:23.082, 2, 0, 10088
2026/05/24 00:17:23.083, 3, 0, 10088
2026/05/24 00:17:38.170, 0, 9, 10490
2026/05/24 00:17:38.172, 1, 0, 10088
2026/05/24 00:17:38.173, 2, 0, 10088
2026/05/24 00:17:38.174, 3, 0, 10088
2026/05/24 00:17:53.302, 0, 5, 10490
2026/05/24 00:17:53.306, 1, 0, 10088
2026/05/24 00:17:53.310, 2, 100, 10088
2026/05/24 00:17:53.312, 3, 0, 10088
2026/05/24 00:18:08.479, 0, 100, 10490
2026/05/24 00:18:08.483, 1, 100, 10088
2026/05/24 00:18:08.486, 2, 100, 10088
2026/05/24 00:18:08.489, 3, 0, 10088
2026/05/24 00:18:23.599, 0, 8, 10490
2026/05/24 00:18:23.601, 1, 0, 10088
2026/05/24 00:18:23.602, 2, 0, 10088
2026/05/24 00:18:23.604, 3, 0, 10088
2026/05/24 00:18:38.776, 0, 8, 10490
2026/05/24 00:18:38.778, 1, 0, 10088
2026/05/24 00:18:38.780, 2, 0, 10088
2026/05/24 00:18:38.782, 3, 0, 10088
2026/05/24 00:18:53.870, 0, 100, 10490
2026/05/24 00:18:53.872, 1, 100, 10088
2026/05/24 00:18:53.873, 2, 100, 10088
2026/05/24 00:18:53.874, 3, 0, 10088
2026/05/24 00:19:08.957, 0, 9, 10490
2026/05/24 00:19:08.959, 1, 0, 10088
2026/05/24 00:19:08.960, 2, 0, 10088
2026/05/24 00:19:08.962, 3, 0, 10088
2026/05/24 00:19:24.062, 0, 13, 10490
2026/05/24 00:19:24.064, 1, 0, 10088
2026/05/24 00:19:24.066, 2, 0, 10088
2026/05/24 00:19:24.067, 3, 0, 10088
2026/05/24 00:19:39.155, 0, 2, 10490
2026/05/24 00:19:39.157, 1, 0, 10088
2026/05/24 00:19:39.158, 2, 0, 10088
2026/05/24 00:19:39.159, 3, 0, 10088
2026/05/24 00:19:54.366, 0, 1, 10490
2026/05/24 00:19:54.368, 1, 0, 10088
2026/05/24 00:19:54.369, 2, 0, 10088
2026/05/24 00:19:54.370, 3, 0, 10088
2026/05/24 00:20:09.646, 0, 7, 10490
2026/05/24 00:20:09.648, 1, 0, 10088
2026/05/24 00:20:09.649, 2, 0, 10088
2026/05/24 00:20:09.651, 3, 0, 10088
2026/05/24 00:20:24.747, 0, 8, 10490
2026/05/24 00:20:24.749, 1, 0, 10088
2026/05/24 00:20:24.750, 2, 0, 10088
2026/05/24 00:20:24.752, 3, 0, 10088
2026/05/24 00:20:39.855, 0, 12, 10490
2026/05/24 00:20:39.857, 1, 0, 10088
2026/05/24 00:20:39.858, 2, 0, 10088
2026/05/24 00:20:39.859, 3, 0, 10088
2026/05/24 00:20:54.960, 0, 100, 10490
2026/05/24 00:20:54.965, 1, 0, 10088
2026/05/24 00:20:54.966, 2, 0, 10088
2026/05/24 00:20:54.967, 3, 0, 10088
2026/05/24 00:21:10.057, 0, 8, 10490
2026/05/24 00:21:10.061, 1, 0, 10088
2026/05/24 00:21:10.064, 2, 0, 10088
2026/05/24 00:21:10.066, 3, 0, 10088
2026/05/24 00:21:25.206, 0, 2, 10490
2026/05/24 00:21:25.208, 1, 0, 10088
2026/05/24 00:21:25.210, 2, 0, 10088
2026/05/24 00:21:25.211, 3, 0, 10088
2026/05/24 00:21:40.531, 0, 11, 10490
2026/05/24 00:21:40.533, 1, 0, 10088
2026/05/24 00:21:40.534, 2, 0, 10088
2026/05/24 00:21:40.536, 3, 0, 10088
2026/05/24 00:21:55.624, 0, 100, 10490
2026/05/24 00:21:55.626, 1, 87, 10088
2026/05/24 00:21:55.628, 2, 0, 10088
2026/05/24 00:21:55.629, 3, 0, 10088
2026/05/24 00:22:10.718, 0, 100, 10490
2026/05/24 00:22:10.720, 1, 100, 10088
2026/05/24 00:22:10.721, 2, 0, 10088
2026/05/24 00:22:10.722, 3, 0, 10088
2026/05/24 00:22:25.805, 0, 9, 10490
2026/05/24 00:22:25.807, 1, 0, 10088
2026/05/24 00:22:25.809, 2, 0, 10088
2026/05/24 00:22:25.810, 3, 0, 10088
2026/05/24 00:22:40.991, 0, 100, 10490
2026/05/24 00:22:40.994, 1, 100, 10088
2026/05/24 00:22:40.995, 2, 100, 10088
2026/05/24 00:22:40.996, 3, 0, 10088
2026/05/24 00:22:56.102, 0, 9, 10490
2026/05/24 00:22:56.104, 1, 0, 10088
2026/05/24 00:22:56.106, 2, 0, 10088
2026/05/24 00:22:56.107, 3, 0, 10088
2026/05/24 00:23:11.358, 0, 100, 10490
2026/05/24 00:23:11.360, 1, 100, 10088
2026/05/24 00:23:11.361, 2, 100, 10088
2026/05/24 00:23:11.363, 3, 0, 10088
2026/05/24 00:23:26.816, 0, 100, 10490
2026/05/24 00:23:26.818, 1, 100, 10088
2026/05/24 00:23:26.819, 2, 0, 10088
2026/05/24 00:23:26.820, 3, 0, 10088
2026/05/24 00:23:41.966, 0, 100, 10490
2026/05/24 00:23:41.970, 1, 100, 10088
2026/05/24 00:23:41.973, 2, 0, 10088
2026/05/24 00:23:41.975, 3, 0, 10088
2026/05/24 00:23:57.086, 0, 14, 10490
2026/05/24 00:23:57.088, 1, 0, 10088
2026/05/24 00:23:57.090, 2, 0, 10088
2026/05/24 00:23:57.091, 3, 0, 10088
2026/05/24 00:24:12.174, 0, 100, 10490
2026/05/24 00:24:12.176, 1, 89, 10088
2026/05/24 00:24:12.178, 2, 0, 10088
2026/05/24 00:24:12.179, 3, 0, 10088
2026/05/24 00:24:27.287, 0, 2, 10490
2026/05/24 00:24:27.291, 1, 0, 10088
2026/05/24 00:24:27.292, 2, 0, 10088
2026/05/24 00:24:27.294, 3, 0, 10088
2026/05/24 00:24:42.428, 0, 6, 10490
2026/05/24 00:24:42.430, 1, 0, 10088
2026/05/24 00:24:42.431, 2, 0, 10088
2026/05/24 00:24:42.432, 3, 0, 10088
2026/05/24 00:24:57.617, 0, 3, 10490
2026/05/24 00:24:57.619, 1, 0, 10088
2026/05/24 00:24:57.621, 2, 0, 10088
2026/05/24 00:24:57.622, 3, 0, 10088
2026/05/24 00:25:12.711, 0, 9, 10490
2026/05/24 00:25:12.713, 1, 0, 10088
2026/05/24 00:25:12.714, 2, 0, 10088
2026/05/24 00:25:12.715, 3, 0, 10088
2026/05/24 00:25:27.834, 0, 100, 10490
2026/05/24 00:25:27.838, 1, 100, 10088
2026/05/24 00:25:27.842, 2, 0, 10088
2026/05/24 00:25:27.843, 3, 0, 10088
2026/05/24 00:25:42.954, 0, 9, 10490
2026/05/24 00:25:42.956, 1, 0, 10088
2026/05/24 00:25:42.957, 2, 0, 10088
2026/05/24 00:25:42.959, 3, 0, 10088
2026/05/24 00:25:58.070, 0, 15, 10490
2026/05/24 00:25:58.072, 1, 0, 10088
2026/05/24 00:25:58.074, 2, 0, 10088
2026/05/24 00:25:58.075, 3, 0, 10088
2026/05/24 00:26:13.347, 0, 5, 10490
2026/05/24 00:26:13.349, 1, 0, 10088
2026/05/24 00:26:13.350, 2, 0, 10088
2026/05/24 00:26:13.352, 3, 0, 10088
2026/05/24 00:26:28.458, 0, 4, 10490
2026/05/24 00:26:28.460, 1, 100, 10088
2026/05/24 00:26:28.461, 2, 0, 10088
2026/05/24 00:26:28.463, 3, 0, 10088
2026/05/24 00:26:43.582, 0, 9, 10490
2026/05/24 00:26:43.584, 1, 0, 10088
2026/05/24 00:26:43.586, 2, 0, 10088
2026/05/24 00:26:43.587, 3, 0, 10088
2026/05/24 00:26:58.674, 0, 13, 10490
2026/05/24 00:26:58.677, 1, 0, 10088
2026/05/24 00:26:58.678, 2, 0, 10088
2026/05/24 00:26:58.680, 3, 0, 10088
2026/05/24 00:27:13.851, 0, 100, 10490
2026/05/24 00:27:13.855, 1, 100, 10088
2026/05/24 00:27:13.858, 2, 0, 10088
2026/05/24 00:27:13.860, 3, 100, 10088
2026/05/24 00:27:28.957, 0, 8, 10490
2026/05/24 00:27:28.959, 1, 0, 10088
2026/05/24 00:27:28.961, 2, 0, 10088
2026/05/24 00:27:28.962, 3, 0, 10088
2026/05/24 00:27:44.088, 0, 7, 10490
2026/05/24 00:27:44.092, 1, 0, 10088
2026/05/24 00:27:44.095, 2, 0, 10088
2026/05/24 00:27:44.098, 3, 0, 10088
2026/05/24 00:27:59.322, 0, 9, 10490
2026/05/24 00:27:59.324, 1, 0, 10088
2026/05/24 00:27:59.326, 2, 0, 10088
2026/05/24 00:27:59.327, 3, 0, 10088
2026/05/24 00:28:14.416, 0, 13, 10490
2026/05/24 00:28:14.418, 1, 0, 10088
2026/05/24 00:28:14.419, 2, 0, 10088
2026/05/24 00:28:14.421, 3, 0, 10088
2026/05/24 00:28:29.506, 0, 10, 10490
2026/05/24 00:28:29.508, 1, 0, 10088
2026/05/24 00:28:29.510, 2, 0, 10088
2026/05/24 00:28:29.511, 3, 0, 10088
2026/05/24 00:28:44.618, 0, 3, 10490
2026/05/24 00:28:44.620, 1, 0, 10088
2026/05/24 00:28:44.621, 2, 0, 10088
2026/05/24 00:28:44.622, 3, 0, 10088
2026/05/24 00:28:59.711, 0, 100, 10490
2026/05/24 00:28:59.714, 1, 100, 10088
2026/05/24 00:28:59.717, 2, 0, 10088
2026/05/24 00:28:59.718, 3, 0, 10088
2026/05/24 00:29:14.828, 0, 13, 10490
2026/05/24 00:29:14.830, 1, 0, 10088
2026/05/24 00:29:14.832, 2, 0, 10088
2026/05/24 00:29:14.833, 3, 0, 10088
2026/05/24 00:29:29.918, 0, 10, 10490
2026/05/24 00:29:29.921, 1, 0, 10088
2026/05/24 00:29:29.922, 2, 0, 10088
2026/05/24 00:29:29.924, 3, 0, 10088
2026/05/24 00:29:45.014, 0, 5, 10490
2026/05/24 00:29:45.016, 1, 0, 10088
2026/05/24 00:29:45.017, 2, 0, 10088
2026/05/24 00:29:45.018, 3, 0, 10088
2026/05/24 00:30:00.119, 0, 100, 10490
2026/05/24 00:30:00.121, 1, 100, 10088
2026/05/24 00:30:00.122, 2, 0, 10088
2026/05/24 00:30:00.123, 3, 0, 10088
2026/05/24 00:30:15.227, 0, 13, 10490
2026/05/24 00:30:15.229, 1, 0, 10088
2026/05/24 00:30:15.231, 2, 0, 10088
2026/05/24 00:30:15.232, 3, 0, 10088
2026/05/24 00:30:30.329, 0, 100, 10490
2026/05/24 00:30:30.333, 1, 100, 10088
2026/05/24 00:30:30.336, 2, 100, 10088
2026/05/24 00:30:30.338, 3, 0, 10088
2026/05/24 00:30:45.449, 0, 7, 10490
2026/05/24 00:30:45.451, 1, 0, 10088
2026/05/24 00:30:45.453, 2, 0, 10088
2026/05/24 00:30:45.454, 3, 0, 10088
2026/05/24 00:31:00.555, 0, 9, 10490
2026/05/24 00:31:00.557, 1, 0, 10088
2026/05/24 00:31:00.558, 2, 0, 10088
2026/05/24 00:31:00.560, 3, 0, 10088
2026/05/24 00:31:15.646, 0, 12, 10490
2026/05/24 00:31:15.649, 1, 0, 10088
2026/05/24 00:31:15.650, 2, 0, 10088
2026/05/24 00:31:15.651, 3, 0, 10088
2026/05/24 00:31:30.737, 0, 100, 10490
2026/05/24 00:31:30.739, 1, 22, 10088
2026/05/24 00:31:30.740, 2, 100, 10088
2026/05/24 00:31:30.742, 3, 0, 10088
2026/05/24 00:31:45.945, 0, 7, 10490
2026/05/24 00:31:45.947, 1, 0, 10088
2026/05/24 00:31:45.948, 2, 0, 10088
2026/05/24 00:31:45.949, 3, 0, 10088
2026/05/24 00:32:01.166, 0, 69, 10490
2026/05/24 00:32:01.168, 1, 0, 10088
2026/05/24 00:32:01.169, 2, 0, 10088
2026/05/24 00:32:01.170, 3, 0, 10088
2026/05/24 00:32:16.270, 0, 13, 10490
2026/05/24 00:32:16.272, 1, 0, 10088
2026/05/24 00:32:16.274, 2, 0, 10088
2026/05/24 00:32:16.275, 3, 0, 10088
2026/05/24 00:32:31.360, 0, 4, 10490
2026/05/24 00:32:31.362, 1, 0, 10088
2026/05/24 00:32:31.364, 2, 0, 10088
2026/05/24 00:32:31.366, 3, 0, 10088
2026/05/24 00:32:46.528, 0, 4, 10490
2026/05/24 00:32:46.530, 1, 0, 10088
2026/05/24 00:32:46.532, 2, 0, 10088
2026/05/24 00:32:46.533, 3, 0, 10088
2026/05/24 00:33:01.617, 0, 9, 10490
2026/05/24 00:33:01.620, 1, 0, 10088
2026/05/24 00:33:01.621, 2, 0, 10088
2026/05/24 00:33:01.622, 3, 0, 10088
2026/05/24 00:33:16.734, 0, 100, 10490
2026/05/24 00:33:16.737, 1, 100, 10088
2026/05/24 00:33:16.741, 2, 0, 10088
2026/05/24 00:33:16.742, 3, 0, 10088
2026/05/24 00:33:31.835, 0, 10, 10490
2026/05/24 00:33:31.837, 1, 0, 10088
2026/05/24 00:33:31.839, 2, 0, 10088
2026/05/24 00:33:31.840, 3, 0, 10088
2026/05/24 00:33:46.925, 0, 100, 10490
2026/05/24 00:33:46.927, 1, 0, 10088
2026/05/24 00:33:46.929, 2, 0, 10088
2026/05/24 00:33:46.930, 3, 0, 10088
2026/05/24 00:34:02.307, 0, 5, 10490
2026/05/24 00:34:02.309, 1, 0, 10088
2026/05/24 00:34:02.311, 2, 0, 10088
2026/05/24 00:34:02.312, 3, 0, 10088
2026/05/24 00:34:17.478, 0, 100, 10490
2026/05/24 00:34:17.480, 1, 100, 10088
2026/05/24 00:34:17.482, 2, 0, 10088
2026/05/24 00:34:17.483, 3, 0, 10088
2026/05/24 00:34:32.698, 0, 13, 10490
2026/05/24 00:34:32.701, 1, 0, 10088
2026/05/24 00:34:32.702, 2, 0, 10088
2026/05/24 00:34:32.704, 3, 0, 10088
2026/05/24 00:34:47.816, 0, 100, 10490
2026/05/24 00:34:47.820, 1, 0, 10088
2026/05/24 00:34:47.822, 2, 0, 10088
2026/05/24 00:34:47.824, 3, 0, 10088
2026/05/24 00:35:02.913, 0, 9, 10490
2026/05/24 00:35:02.915, 1, 0, 10088
2026/05/24 00:35:02.917, 2, 0, 10088
2026/05/24 00:35:02.918, 3, 0, 10088
2026/05/24 00:35:18.003, 0, 100, 10490
2026/05/24 00:35:18.005, 1, 100, 10088
2026/05/24 00:35:18.006, 2, 0, 10088
2026/05/24 00:35:18.008, 3, 0, 10088
2026/05/24 00:35:33.189, 0, 13, 10490
2026/05/24 00:35:33.191, 1, 0, 10088
2026/05/24 00:35:33.192, 2, 0, 10088
2026/05/24 00:35:33.194, 3, 0, 10088
2026/05/24 00:35:48.299, 0, 100, 10490
2026/05/24 00:35:48.301, 1, 100, 10088
2026/05/24 00:35:48.302, 2, 100, 10088
2026/05/24 00:35:48.304, 3, 0, 10088
2026/05/24 00:36:03.418, 0, 9, 10490
2026/05/24 00:36:03.422, 1, 0, 10088
2026/05/24 00:36:03.425, 2, 0, 10088
2026/05/24 00:36:03.428, 3, 0, 10088
2026/05/24 00:36:18.650, 0, 2, 10490
2026/05/24 00:36:18.652, 1, 0, 10088
2026/05/24 00:36:18.653, 2, 0, 10088
2026/05/24 00:36:18.655, 3, 0, 10088
2026/05/24 00:36:33.901, 0, 6, 10490
2026/05/24 00:36:33.904, 1, 0, 10088
2026/05/24 00:36:33.905, 2, 0, 10088
2026/05/24 00:36:33.906, 3, 0, 10088
2026/05/24 00:36:48.994, 0, 88, 10490
2026/05/24 00:36:48.996, 1, 34, 10088
2026/05/24 00:36:48.998, 2, 0, 10088
2026/05/24 00:36:48.999, 3, 0, 10088
2026/05/24 00:37:04.089, 0, 10, 10490
2026/05/24 00:37:04.092, 1, 0, 10088
2026/05/24 00:37:04.093, 2, 0, 10088
2026/05/24 00:37:04.095, 3, 0, 10088
2026/05/24 00:37:19.181, 0, 100, 10490
2026/05/24 00:37:19.183, 1, 100, 10088
2026/05/24 00:37:19.184, 2, 100, 10088
2026/05/24 00:37:19.186, 3, 100, 10088
2026/05/24 00:37:34.290, 0, 11, 10490
2026/05/24 00:37:34.293, 1, 0, 10088
2026/05/24 00:37:34.294, 2, 0, 10088
2026/05/24 00:37:34.295, 3, 0, 10088
2026/05/24 00:37:49.381, 0, 100, 10490
2026/05/24 00:37:49.383, 1, 100, 10088
2026/05/24 00:37:49.385, 2, 0, 10088
2026/05/24 00:37:49.386, 3, 0, 10088
2026/05/24 00:38:04.471, 0, 9, 10490
2026/05/24 00:38:04.473, 1, 0, 10088
2026/05/24 00:38:04.474, 2, 0, 10088
2026/05/24 00:38:04.476, 3, 0, 10088
2026/05/24 00:38:19.563, 0, 10, 10490
2026/05/24 00:38:19.565, 1, 0, 10088
2026/05/24 00:38:19.567, 2, 0, 10088
2026/05/24 00:38:19.568, 3, 0, 10088
2026/05/24 00:38:34.798, 0, 0, 10490
2026/05/24 00:38:34.800, 1, 0, 10088
2026/05/24 00:38:34.801, 2, 100, 10088
2026/05/24 00:38:34.802, 3, 0, 10088
2026/05/24 00:38:50.061, 0, 3, 10490
2026/05/24 00:38:50.064, 1, 0, 10088
2026/05/24 00:38:50.065, 2, 0, 10088
2026/05/24 00:38:50.066, 3, 0, 10088
2026/05/24 00:39:05.201, 0, 9, 10490
2026/05/24 00:39:05.204, 1, 0, 10088
2026/05/24 00:39:05.206, 2, 0, 10088
2026/05/24 00:39:05.209, 3, 0, 10088
2026/05/24 00:39:20.302, 0, 8, 10490
2026/05/24 00:39:20.304, 1, 0, 10088
2026/05/24 00:39:20.305, 2, 0, 10088
2026/05/24 00:39:20.306, 3, 0, 10088
2026/05/24 00:39:35.396, 0, 10, 10490
2026/05/24 00:39:35.401, 1, 0, 10088
2026/05/24 00:39:35.404, 2, 0, 10088
2026/05/24 00:39:35.405, 3, 0, 10088
2026/05/24 00:39:50.516, 0, 5, 10490
2026/05/24 00:39:50.518, 1, 0, 10088
2026/05/24 00:39:50.519, 2, 0, 10088
2026/05/24 00:39:50.521, 3, 0, 10088
2026/05/24 00:40:05.867, 0, 6, 10490
2026/05/24 00:40:05.871, 1, 0, 10088
2026/05/24 00:40:05.874, 2, 0, 10088
2026/05/24 00:40:05.877, 3, 0, 10088
2026/05/24 00:40:21.123, 0, 100, 10490
2026/05/24 00:40:21.125, 1, 100, 10088
2026/05/24 00:40:21.126, 2, 100, 10088
2026/05/24 00:40:21.127, 3, 100, 10088
2026/05/24 00:40:36.226, 0, 9, 10490
2026/05/24 00:40:36.228, 1, 0, 10088
2026/05/24 00:40:36.229, 2, 0, 10088
2026/05/24 00:40:36.230, 3, 0, 10088
2026/05/24 00:40:51.334, 0, 13, 10490
2026/05/24 00:40:51.336, 1, 0, 10088
2026/05/24 00:40:51.338, 2, 0, 10088
2026/05/24 00:40:51.339, 3, 0, 10088
2026/05/24 00:41:06.430, 0, 9, 10490
2026/05/24 00:41:06.434, 1, 0, 10088
2026/05/24 00:41:06.435, 2, 0, 10088
2026/05/24 00:41:06.437, 3, 0, 10088
2026/05/24 00:41:21.527, 0, 99, 10490
2026/05/24 00:41:21.529, 1, 100, 10088
2026/05/24 00:41:21.531, 2, 0, 10088
2026/05/24 00:41:21.532, 3, 0, 10088
2026/05/24 00:41:36.621, 0, 100, 10490
2026/05/24 00:41:36.624, 1, 0, 10088
2026/05/24 00:41:36.625, 2, 0, 10088
2026/05/24 00:41:36.626, 3, 0, 10088
2026/05/24 00:41:51.838, 0, 10, 10490
2026/05/24 00:41:51.840, 1, 0, 10088
2026/05/24 00:41:51.841, 2, 0, 10088
2026/05/24 00:41:51.843, 3, 0, 10088
2026/05/24 00:42:07.027, 0, 5, 10490
2026/05/24 00:42:07.029, 1, 0, 10088
2026/05/24 00:42:07.031, 2, 0, 10088
2026/05/24 00:42:07.032, 3, 0, 10088
2026/05/24 00:42:22.117, 0, 8, 10490
2026/05/24 00:42:22.119, 1, 0, 10088
2026/05/24 00:42:22.120, 2, 0, 10088
2026/05/24 00:42:22.122, 3, 0, 10088
2026/05/24 00:42:37.214, 0, 5, 10490
2026/05/24 00:42:37.217, 1, 57, 10088
2026/05/24 00:42:37.220, 2, 0, 10088
2026/05/24 00:42:37.223, 3, 98, 10088
2026/05/24 00:42:52.317, 0, 9, 10490
2026/05/24 00:42:52.319, 1, 0, 10088
2026/05/24 00:42:52.321, 2, 0, 10088
2026/05/24 00:42:52.322, 3, 0, 10088
2026/05/24 00:43:07.406, 0, 9, 10490
2026/05/24 00:43:07.408, 1, 0, 10088
2026/05/24 00:43:07.409, 2, 0, 10088
2026/05/24 00:43:07.410, 3, 0, 10088
2026/05/24 00:43:22.680, 0, 0, 10490
2026/05/24 00:43:22.682, 1, 0, 10088
2026/05/24 00:43:22.683, 2, 0, 10088
2026/05/24 00:43:22.685, 3, 0, 10088
2026/05/24 00:43:37.853, 0, 6, 10490
2026/05/24 00:43:37.855, 1, 0, 10088
2026/05/24 00:43:37.856, 2, 0, 10088
2026/05/24 00:43:37.857, 3, 0, 10088
2026/05/24 00:43:52.958, 0, 4, 10490
2026/05/24 00:43:52.963, 1, 98, 10088
2026/05/24 00:43:52.966, 2, 0, 10088
2026/05/24 00:43:52.967, 3, 0, 10088
2026/05/24 00:44:08.077, 0, 13, 10490
2026/05/24 00:44:08.080, 1, 0, 10088
2026/05/24 00:44:08.081, 2, 0, 10088
2026/05/24 00:44:08.082, 3, 0, 10088
2026/05/24 00:44:23.172, 0, 9, 10490
2026/05/24 00:44:23.175, 1, 0, 10088
2026/05/24 00:44:23.179, 2, 0, 10088
2026/05/24 00:44:23.180, 3, 0, 10088
2026/05/24 00:44:38.275, 0, 0, 10490
2026/05/24 00:44:38.277, 1, 0, 10088
2026/05/24 00:44:38.278, 2, 0, 10088
2026/05/24 00:44:38.280, 3, 0, 10088
2026/05/24 00:44:53.490, 0, 6, 10490
2026/05/24 00:44:53.493, 1, 0, 10088
2026/05/24 00:44:53.494, 2, 0, 10088
2026/05/24 00:44:53.496, 3, 0, 10088
2026/05/24 00:45:08.599, 0, 14, 10490
2026/05/24 00:45:08.602, 1, 0, 10088
2026/05/24 00:45:08.603, 2, 0, 10088
2026/05/24 00:45:08.605, 3, 0, 10088
2026/05/24 00:45:23.798, 0, 9, 10490
2026/05/24 00:45:23.800, 1, 0, 10088
2026/05/24 00:45:23.802, 2, 0, 10088
2026/05/24 00:45:23.803, 3, 0, 10088
2026/05/24 00:45:38.893, 0, 81, 10490
2026/05/24 00:45:38.897, 1, 0, 10088
2026/05/24 00:45:38.899, 2, 0, 10088
2026/05/24 00:45:38.900, 3, 0, 10088
2026/05/24 00:45:53.991, 0, 95, 10490
2026/05/24 00:45:53.993, 1, 42, 10088
2026/05/24 00:45:53.994, 2, 100, 10088
2026/05/24 00:45:53.995, 3, 0, 10088
2026/05/24 00:46:09.082, 0, 7, 10490
2026/05/24 00:46:09.084, 1, 0, 10088
2026/05/24 00:46:09.085, 2, 0, 10088
2026/05/24 00:46:09.087, 3, 0, 10088
2026/05/24 00:46:24.198, 0, 0, 10490
2026/05/24 00:46:24.200, 1, 0, 10088
2026/05/24 00:46:24.202, 2, 0, 10088
2026/05/24 00:46:24.203, 3, 0, 10088
2026/05/24 00:46:39.302, 0, 8, 10490
2026/05/24 00:46:39.304, 1, 0, 10088
2026/05/24 00:46:39.354, 2, 0, 10088
2026/05/24 00:46:39.355, 3, 0, 10088
2026/05/24 00:46:54.521, 0, 9, 10490
2026/05/24 00:46:54.524, 1, 0, 10088
2026/05/24 00:46:54.525, 2, 0, 10088
2026/05/24 00:46:54.526, 3, 0, 10088
2026/05/24 00:47:09.681, 0, 34, 10490
2026/05/24 00:47:09.684, 1, 89, 10088
2026/05/24 00:47:09.687, 2, 0, 10088
2026/05/24 00:47:09.688, 3, 0, 10088
2026/05/24 00:47:24.778, 0, 8, 10490
2026/05/24 00:47:24.780, 1, 0, 10088
2026/05/24 00:47:24.781, 2, 0, 10088
2026/05/24 00:47:24.782, 3, 0, 10088
2026/05/24 00:47:39.911, 0, 10, 10490
2026/05/24 00:47:39.915, 1, 0, 10088
2026/05/24 00:47:39.917, 2, 0, 10088
2026/05/24 00:47:39.919, 3, 0, 10088
2026/05/24 00:47:55.009, 0, 1, 10490
2026/05/24 00:47:55.011, 1, 0, 10088
2026/05/24 00:47:55.013, 2, 0, 10088
2026/05/24 00:47:55.014, 3, 0, 10088
2026/05/24 00:48:10.097, 0, 9, 10490
2026/05/24 00:48:10.099, 1, 0, 10088
2026/05/24 00:48:10.101, 2, 0, 10088
2026/05/24 00:48:10.102, 3, 0, 10088
2026/05/24 00:48:25.203, 0, 12, 10490
2026/05/24 00:48:25.205, 1, 0, 10088
2026/05/24 00:48:25.206, 2, 0, 10088
2026/05/24 00:48:25.208, 3, 0, 10088
2026/05/24 00:48:40.318, 0, 100, 10490
2026/05/24 00:48:40.320, 1, 100, 10088
2026/05/24 00:48:40.321, 2, 0, 10088
2026/05/24 00:48:40.322, 3, 100, 10088
2026/05/24 00:48:55.470, 0, 9, 10490
2026/05/24 00:48:55.474, 1, 0, 10088
2026/05/24 00:48:55.477, 2, 0, 10088
2026/05/24 00:48:55.479, 3, 0, 10088
2026/05/24 00:49:10.570, 0, 1, 10490
2026/05/24 00:49:10.572, 1, 0, 10088
2026/05/24 00:49:10.574, 2, 0, 10088
2026/05/24 00:49:10.575, 3, 0, 10088
2026/05/24 00:49:25.815, 0, 8, 10490
2026/05/24 00:49:25.817, 1, 0, 10088
2026/05/24 00:49:25.819, 2, 0, 10088
2026/05/24 00:49:25.820, 3, 0, 10088
2026/05/24 00:49:40.952, 0, 9, 10490
2026/05/24 00:49:40.954, 1, 0, 10088
2026/05/24 00:49:40.955, 2, 0, 10088
2026/05/24 00:49:40.957, 3, 0, 10088
2026/05/24 00:49:56.065, 0, 9, 10490
2026/05/24 00:49:56.067, 1, 0, 10088
2026/05/24 00:49:56.069, 2, 83, 10088
2026/05/24 00:49:56.070, 3, 0, 10088
2026/05/24 00:50:11.155, 0, 9, 10490
2026/05/24 00:50:11.157, 1, 0, 10088
2026/05/24 00:50:11.158, 2, 0, 10088
2026/05/24 00:50:11.159, 3, 0, 10088
2026/05/24 00:50:26.264, 0, 12, 10490
2026/05/24 00:50:26.266, 1, 0, 10088
2026/05/24 00:50:26.267, 2, 0, 10088
2026/05/24 00:50:26.269, 3, 0, 10088
2026/05/24 00:50:41.387, 0, 100, 10490
2026/05/24 00:50:41.389, 1, 0, 10088
2026/05/24 00:50:41.391, 2, 0, 10088
2026/05/24 00:50:41.392, 3, 0, 10088
2026/05/24 00:50:56.477, 0, 75, 10490
2026/05/24 00:50:56.479, 1, 100, 10088
2026/05/24 00:50:56.481, 2, 0, 10088
2026/05/24 00:50:56.482, 3, 0, 10088
2026/05/24 00:51:11.646, 0, 6, 10490
2026/05/24 00:51:11.648, 1, 0, 10088
2026/05/24 00:51:11.649, 2, 0, 10088
2026/05/24 00:51:11.651, 3, 0, 10088
2026/05/24 00:51:26.840, 0, 100, 10490
2026/05/24 00:51:26.844, 1, 100, 10088
2026/05/24 00:51:26.846, 2, 0, 10088
2026/05/24 00:51:26.849, 3, 0, 10088
2026/05/24 00:51:41.942, 0, 5, 10490
2026/05/24 00:51:41.944, 1, 0, 10088
2026/05/24 00:51:41.946, 2, 0, 10088
2026/05/24 00:51:41.947, 3, 0, 10088
2026/05/24 00:51:57.051, 0, 9, 10490
2026/05/24 00:51:57.053, 1, 0, 10088
2026/05/24 00:51:57.054, 2, 0, 10088
2026/05/24 00:51:57.055, 3, 0, 10088
2026/05/24 00:52:12.142, 0, 9, 10490
2026/05/24 00:52:12.144, 1, 0, 10088
2026/05/24 00:52:12.145, 2, 0, 10088
2026/05/24 00:52:12.147, 3, 0, 10088
2026/05/24 00:52:27.418, 0, 5, 10490
2026/05/24 00:52:27.420, 1, 0, 10088
2026/05/24 00:52:27.421, 2, 0, 10088
2026/05/24 00:52:27.422, 3, 0, 10088
2026/05/24 00:52:42.570, 0, 8, 10490
2026/05/24 00:52:42.572, 1, 0, 10088
2026/05/24 00:52:42.573, 2, 0, 10088
2026/05/24 00:52:42.575, 3, 0, 10088
2026/05/24 00:52:57.786, 0, 7, 10490
2026/05/24 00:52:57.788, 1, 0, 10088
2026/05/24 00:52:57.789, 2, 0, 10088
2026/05/24 00:52:57.790, 3, 0, 10088
2026/05/24 00:53:12.874, 0, 9, 10490
2026/05/24 00:53:12.876, 1, 0, 10088
2026/05/24 00:53:12.878, 2, 20, 10088
2026/05/24 00:53:12.879, 3, 0, 10088
2026/05/24 00:53:27.982, 0, 10, 10490
2026/05/24 00:53:27.985, 1, 0, 10088
2026/05/24 00:53:27.986, 2, 0, 10088
2026/05/24 00:53:27.987, 3, 0, 10088
2026/05/24 00:53:43.086, 0, 12, 10490
2026/05/24 00:53:43.089, 1, 0, 10088
2026/05/24 00:53:43.090, 2, 0, 10088
2026/05/24 00:53:43.091, 3, 0, 10088
2026/05/24 00:53:58.178, 0, 1, 10490
2026/05/24 00:53:58.180, 1, 0, 10088
2026/05/24 00:53:58.182, 2, 0, 10088
2026/05/24 00:53:58.183, 3, 0, 10088
2026/05/24 00:54:13.329, 0, 9, 10490
2026/05/24 00:54:13.333, 1, 0, 10088
2026/05/24 00:54:13.334, 2, 0, 10088
2026/05/24 00:54:13.335, 3, 0, 10088
2026/05/24 00:54:28.626, 0, 9, 10490
2026/05/24 00:54:28.628, 1, 0, 10088
2026/05/24 00:54:28.629, 2, 0, 10088
2026/05/24 00:54:28.631, 3, 0, 10088
2026/05/24 00:54:43.735, 0, 12, 10490
2026/05/24 00:54:43.737, 1, 0, 10088
2026/05/24 00:54:43.738, 2, 0, 10088
2026/05/24 00:54:43.740, 3, 0, 10088
2026/05/24 00:54:58.827, 0, 4, 10490
2026/05/24 00:54:58.829, 1, 0, 10088
2026/05/24 00:54:58.830, 2, 0, 10088
2026/05/24 00:54:58.832, 3, 0, 10088
2026/05/24 00:55:13.917, 0, 9, 10490
2026/05/24 00:55:13.919, 1, 0, 10088
2026/05/24 00:55:13.920, 2, 0, 10088
2026/05/24 00:55:13.922, 3, 0, 10088
2026/05/24 00:55:29.006, 0, 100, 10490
2026/05/24 00:55:29.008, 1, 59, 10088
2026/05/24 00:55:29.009, 2, 100, 10088
2026/05/24 00:55:29.010, 3, 0, 10088
2026/05/24 00:55:44.111, 0, 13, 10490
2026/05/24 00:55:44.113, 1, 0, 10088
2026/05/24 00:55:44.114, 2, 0, 10088
2026/05/24 00:55:44.116, 3, 0, 10088
2026/05/24 00:55:59.416, 0, 3, 10490
2026/05/24 00:55:59.419, 1, 0, 10088
2026/05/24 00:55:59.420, 2, 0, 10088
2026/05/24 00:55:59.422, 3, 0, 10088
2026/05/24 00:56:14.622, 0, 9, 10490
2026/05/24 00:56:14.626, 1, 0, 10088
2026/05/24 00:56:14.630, 2, 0, 10088
2026/05/24 00:56:14.631, 3, 0, 10088
2026/05/24 00:56:29.798, 0, 8, 10490
2026/05/24 00:56:29.801, 1, 0, 10088
2026/05/24 00:56:29.802, 2, 0, 10088
2026/05/24 00:56:29.803, 3, 0, 10088
2026/05/24 00:56:44.873, 0, 9, 10490
2026/05/24 00:56:44.875, 1, 0, 10088
2026/05/24 00:56:44.876, 2, 0, 10088
2026/05/24 00:56:44.877, 3, 0, 10088
2026/05/24 00:56:59.959, 0, 13, 10490
2026/05/24 00:56:59.961, 1, 0, 10088
2026/05/24 00:56:59.963, 2, 0, 10088
2026/05/24 00:56:59.964, 3, 0, 10088
2026/05/24 00:57:15.069, 0, 9, 10490
2026/05/24 00:57:15.071, 1, 0, 10088
2026/05/24 00:57:15.072, 2, 11, 10088
2026/05/24 00:57:15.074, 3, 0, 10088
2026/05/24 00:57:30.339, 0, 100, 10490
2026/05/24 00:57:30.343, 1, 0, 10088
2026/05/24 00:57:30.345, 2, 0, 10088
2026/05/24 00:57:30.346, 3, 0, 10088
2026/05/24 00:57:45.521, 0, 8, 10490
2026/05/24 00:57:45.522, 1, 0, 10088
2026/05/24 00:57:45.523, 2, 0, 10088
2026/05/24 00:57:45.524, 3, 0, 10088
2026/05/24 00:58:00.627, 0, 12, 10490
2026/05/24 00:58:00.630, 1, 0, 10088
2026/05/24 00:58:00.631, 2, 0, 10088
2026/05/24 00:58:00.632, 3, 0, 10088
2026/05/24 00:58:15.718, 0, 9, 10490
2026/05/24 00:58:15.720, 1, 100, 10088
2026/05/24 00:58:15.721, 2, 0, 10088
2026/05/24 00:58:15.722, 3, 0, 10088
2026/05/24 00:58:30.810, 0, 9, 10490
2026/05/24 00:58:30.812, 1, 0, 10088
2026/05/24 00:58:30.813, 2, 0, 10088
2026/05/24 00:58:30.814, 3, 0, 10088
2026/05/24 00:58:45.901, 0, 100, 10490
2026/05/24 00:58:45.905, 1, 100, 10088
2026/05/24 00:58:45.908, 2, 0, 10088
2026/05/24 00:58:45.909, 3, 0, 10088
2026/05/24 00:59:01.014, 0, 5, 10490
2026/05/24 00:59:01.016, 1, 0, 10088
2026/05/24 00:59:01.018, 2, 0, 10088
2026/05/24 00:59:01.019, 3, 0, 10088
2026/05/24 00:59:16.161, 0, 9, 10490
2026/05/24 00:59:16.166, 1, 0, 10088
2026/05/24 00:59:16.167, 2, 0, 10088
2026/05/24 00:59:16.169, 3, 0, 10088
2026/05/24 00:59:31.258, 0, 8, 10490
2026/05/24 00:59:31.260, 1, 0, 10088
2026/05/24 00:59:31.261, 2, 0, 10088
2026/05/24 00:59:31.262, 3, 0, 10088
2026/05/24 00:59:46.345, 0, 8, 10490
2026/05/24 00:59:46.347, 1, 0, 10088
2026/05/24 00:59:46.349, 2, 0, 10088
2026/05/24 00:59:46.350, 3, 0, 10088
2026/05/24 01:00:01.450, 0, 12, 10490
2026/05/24 01:00:01.453, 1, 0, 10088
2026/05/24 01:00:01.454, 2, 0, 10088
2026/05/24 01:00:01.455, 3, 0, 10088
2026/05/24 01:00:16.557, 0, 3, 10490
2026/05/24 01:00:16.559, 1, 0, 10088
2026/05/24 01:00:16.561, 2, 0, 10088
2026/05/24 01:00:16.562, 3, 0, 10088
2026/05/24 01:00:31.698, 0, 1, 10490
2026/05/24 01:00:31.700, 1, 0, 10088
2026/05/24 01:00:31.701, 2, 0, 10088
2026/05/24 01:00:31.702, 3, 0, 10088
2026/05/24 01:00:46.853, 0, 7, 10490
2026/05/24 01:00:46.855, 1, 0, 10088
2026/05/24 01:00:46.856, 2, 0, 10088
2026/05/24 01:00:46.857, 3, 0, 10088
2026/05/24 01:01:01.942, 0, 12, 10490
2026/05/24 01:01:01.945, 1, 0, 10088
2026/05/24 01:01:01.946, 2, 0, 10088
2026/05/24 01:01:01.947, 3, 0, 10088
2026/05/24 01:01:17.034, 0, 9, 10490
2026/05/24 01:01:17.036, 1, 0, 10088
2026/05/24 01:01:17.037, 2, 100, 10088
2026/05/24 01:01:17.038, 3, 0, 10088
2026/05/24 01:01:32.122, 0, 9, 10490
2026/05/24 01:01:32.124, 1, 0, 10088
2026/05/24 01:01:32.126, 2, 0, 10088
2026/05/24 01:01:32.127, 3, 0, 10088
2026/05/24 01:01:47.277, 0, 6, 10490
2026/05/24 01:01:47.281, 1, 0, 10088
2026/05/24 01:01:47.285, 2, 0, 10088
2026/05/24 01:01:47.286, 3, 0, 10088
2026/05/24 01:02:02.519, 0, 12, 10490
2026/05/24 01:02:02.522, 1, 0, 10088
2026/05/24 01:02:02.523, 2, 0, 10088
2026/05/24 01:02:02.524, 3, 0, 10088
2026/05/24 01:02:17.610, 0, 9, 10490
2026/05/24 01:02:17.613, 1, 0, 10088
2026/05/24 01:02:17.614, 2, 0, 10088
2026/05/24 01:02:17.615, 3, 0, 10088
2026/05/24 01:02:32.702, 0, 3, 10490
2026/05/24 01:02:32.704, 1, 0, 10088
2026/05/24 01:02:32.705, 2, 0, 10088
2026/05/24 01:02:32.707, 3, 0, 10088
2026/05/24 01:02:47.973, 0, 3, 10490
2026/05/24 01:02:47.975, 1, 0, 10088
2026/05/24 01:02:47.976, 2, 0, 10088
2026/05/24 01:02:47.977, 3, 0, 10088
2026/05/24 01:03:03.097, 0, 1, 10490
2026/05/24 01:03:03.099, 1, 0, 10088
2026/05/24 01:03:03.101, 2, 0, 10088
2026/05/24 01:03:03.102, 3, 0, 10088
2026/05/24 01:03:18.186, 0, 9, 10490
2026/05/24 01:03:18.188, 1, 0, 10088
2026/05/24 01:03:18.189, 2, 0, 10088
2026/05/24 01:03:18.190, 3, 0, 10088
2026/05/24 01:03:33.277, 0, 9, 10490
2026/05/24 01:03:33.282, 1, 0, 10088
2026/05/24 01:03:33.285, 2, 0, 10088
2026/05/24 01:03:33.286, 3, 0, 10088
2026/05/24 01:03:48.399, 0, 8, 10490
2026/05/24 01:03:48.401, 1, 0, 10088
2026/05/24 01:03:48.403, 2, 0, 10088
2026/05/24 01:03:48.404, 3, 0, 10088
2026/05/24 01:04:03.591, 0, 100, 10490
2026/05/24 01:04:03.593, 1, 100, 10088
2026/05/24 01:04:03.594, 2, 100, 10088
2026/05/24 01:04:03.596, 3, 0, 10088
2026/05/24 01:04:18.832, 0, 100, 10490
2026/05/24 01:04:18.836, 1, 0, 10088
2026/05/24 01:04:18.837, 2, 0, 10088
2026/05/24 01:04:18.838, 3, 0, 10088
2026/05/24 01:04:33.925, 0, 8, 10490
2026/05/24 01:04:33.927, 1, 0, 10088
2026/05/24 01:04:33.929, 2, 0, 10088
2026/05/24 01:04:33.930, 3, 0, 10088
2026/05/24 01:04:49.058, 0, 100, 10490
2026/05/24 01:04:49.063, 1, 100, 10088
2026/05/24 01:04:49.065, 2, 100, 10088
2026/05/24 01:04:49.068, 3, 100, 10088
2026/05/24 01:05:04.257, 0, 9, 10490
2026/05/24 01:05:04.260, 1, 0, 10088
2026/05/24 01:05:04.261, 2, 0, 10088
2026/05/24 01:05:04.383, 3, 0, 10088
2026/05/24 01:05:19.496, 0, 13, 10490
2026/05/24 01:05:19.498, 1, 0, 10088
2026/05/24 01:05:19.499, 2, 0, 10088
2026/05/24 01:05:19.501, 3, 0, 10088
2026/05/24 01:05:34.586, 0, 100, 10490
2026/05/24 01:05:34.588, 1, 100, 10088
2026/05/24 01:05:34.589, 2, 0, 10088
2026/05/24 01:05:34.591, 3, 0, 10088
2026/05/24 01:05:49.773, 0, 5, 10490
2026/05/24 01:05:49.776, 1, 0, 10088
2026/05/24 01:05:49.777, 2, 0, 10088
2026/05/24 01:05:49.778, 3, 0, 10088
2026/05/24 01:06:04.880, 0, 0, 10490
2026/05/24 01:06:04.882, 1, 0, 10088
2026/05/24 01:06:04.883, 2, 0, 10088
2026/05/24 01:06:04.885, 3, 0, 10088
2026/05/24 01:06:19.971, 0, 10, 10490
2026/05/24 01:06:19.973, 1, 0, 10088
2026/05/24 01:06:19.974, 2, 0, 10088
2026/05/24 01:06:19.976, 3, 0, 10088
2026/05/24 01:06:35.086, 0, 100, 10490
2026/05/24 01:06:35.088, 1, 100, 10088
2026/05/24 01:06:35.092, 2, 100, 10088
2026/05/24 01:06:35.095, 3, 0, 10088
2026/05/24 01:06:50.193, 0, 7, 10490
2026/05/24 01:06:50.197, 1, 0, 10088
2026/05/24 01:06:50.199, 2, 0, 10088
2026/05/24 01:06:50.201, 3, 0, 10088
2026/05/24 01:07:05.479, 0, 2, 10490
2026/05/24 01:07:05.481, 1, 0, 10088
2026/05/24 01:07:05.483, 2, 0, 10088
2026/05/24 01:07:05.484, 3, 0, 10088
2026/05/24 01:07:20.587, 0, 13, 10490
2026/05/24 01:07:20.589, 1, 0, 10088
2026/05/24 01:07:20.591, 2, 0, 10088
2026/05/24 01:07:20.592, 3, 0, 10088
2026/05/24 01:07:35.678, 0, 9, 10490
2026/05/24 01:07:35.680, 1, 0, 10088
2026/05/24 01:07:35.681, 2, 0, 10088
2026/05/24 01:07:35.683, 3, 0, 10088
2026/05/24 01:07:50.778, 0, 100, 10490
2026/05/24 01:07:50.782, 1, 0, 10088
2026/05/24 01:07:50.785, 2, 100, 10088
2026/05/24 01:07:50.789, 3, 0, 10088
2026/05/24 01:08:05.982, 0, 4, 10490
2026/05/24 01:08:05.984, 1, 0, 10088
2026/05/24 01:08:05.985, 2, 0, 10088
2026/05/24 01:08:05.986, 3, 0, 10088
2026/05/24 01:08:21.147, 0, 7, 10490
2026/05/24 01:08:21.249, 1, 0, 10088
2026/05/24 01:08:21.250, 2, 0, 10088
2026/05/24 01:08:21.251, 3, 0, 10088
2026/05/24 01:08:36.443, 0, 9, 10490
2026/05/24 01:08:36.447, 1, 0, 10088
2026/05/24 01:08:36.450, 2, 0, 10088
2026/05/24 01:08:36.452, 3, 0, 10088
2026/05/24 01:08:51.603, 0, 9, 10490
2026/05/24 01:08:51.605, 1, 0, 10088
2026/05/24 01:08:51.607, 2, 0, 10088
2026/05/24 01:08:51.608, 3, 0, 10088
2026/05/24 01:09:06.682, 0, 8, 10490
2026/05/24 01:09:06.684, 1, 0, 10088
2026/05/24 01:09:06.685, 2, 0, 10088
2026/05/24 01:09:06.686, 3, 0, 10088
2026/05/24 01:09:21.771, 0, 15, 10490
2026/05/24 01:09:21.773, 1, 0, 10088
2026/05/24 01:09:21.774, 2, 0, 10088
2026/05/24 01:09:21.776, 3, 0, 10088
2026/05/24 01:09:36.863, 0, 5, 10490
2026/05/24 01:09:36.865, 1, 0, 10088
2026/05/24 01:09:36.866, 2, 0, 10088
2026/05/24 01:09:36.868, 3, 0, 10088
2026/05/24 01:09:52.118, 0, 8, 10490
2026/05/24 01:09:52.120, 1, 0, 10088
2026/05/24 01:09:52.121, 2, 0, 10088
2026/05/24 01:09:52.122, 3, 0, 10088
2026/05/24 01:10:07.430, 0, 100, 10490
2026/05/24 01:10:07.432, 1, 100, 10088
2026/05/24 01:10:07.434, 2, 0, 10088
2026/05/24 01:10:07.435, 3, 0, 10088
2026/05/24 01:10:22.636, 0, 12, 10490
2026/05/24 01:10:22.638, 1, 0, 10088
2026/05/24 01:10:22.639, 2, 0, 10088
2026/05/24 01:10:22.641, 3, 0, 10088
2026/05/24 01:10:37.835, 0, 100, 10490
2026/05/24 01:10:37.840, 1, 100, 10088
2026/05/24 01:10:37.843, 2, 0, 10088
2026/05/24 01:10:37.845, 3, 0, 10088
2026/05/24 01:10:52.935, 0, 9, 10490
2026/05/24 01:10:52.937, 1, 0, 10088
2026/05/24 01:10:52.939, 2, 0, 10088
2026/05/24 01:10:52.940, 3, 0, 10088
2026/05/24 01:11:08.026, 0, 10, 10490
2026/05/24 01:11:08.028, 1, 0, 10088
2026/05/24 01:11:08.030, 2, 0, 10088
2026/05/24 01:11:08.031, 3, 0, 10088
2026/05/24 01:11:23.114, 0, 7, 10490
2026/05/24 01:11:23.116, 1, 0, 10088
2026/05/24 01:11:23.117, 2, 0, 10088
2026/05/24 01:11:23.119, 3, 0, 10088
2026/05/24 01:11:38.202, 0, 0, 10490
2026/05/24 01:11:38.204, 1, 0, 10088
2026/05/24 01:11:38.205, 2, 0, 10088
2026/05/24 01:11:38.207, 3, 0, 10088
2026/05/24 01:11:53.339, 0, 8, 10490
2026/05/24 01:11:53.341, 1, 0, 10088
2026/05/24 01:11:53.342, 2, 0, 10088
2026/05/24 01:11:53.344, 3, 0, 10088
2026/05/24 01:12:08.626, 0, 100, 10490
2026/05/24 01:12:08.628, 1, 100, 10088
2026/05/24 01:12:08.630, 2, 0, 10088
2026/05/24 01:12:08.631, 3, 0, 10088
2026/05/24 01:12:23.718, 0, 8, 10490
2026/05/24 01:12:23.720, 1, 0, 10088
2026/05/24 01:12:23.721, 2, 0, 10088
2026/05/24 01:12:23.723, 3, 0, 10088
2026/05/24 01:12:38.827, 0, 13, 10490
2026/05/24 01:12:38.830, 1, 0, 10088
2026/05/24 01:12:38.831, 2, 0, 10088
2026/05/24 01:12:38.833, 3, 0, 10088
2026/05/24 01:12:53.918, 0, 0, 10490
2026/05/24 01:12:53.920, 1, 0, 10088
2026/05/24 01:12:53.922, 2, 0, 10088
2026/05/24 01:12:53.923, 3, 0, 10088
2026/05/24 01:13:09.191, 0, 100, 10490
2026/05/24 01:13:09.195, 1, 100, 10088
2026/05/24 01:13:09.198, 2, 0, 10088
2026/05/24 01:13:09.200, 3, 0, 10088
2026/05/24 01:13:24.414, 0, 9, 10490
2026/05/24 01:13:24.416, 1, 0, 10088
2026/05/24 01:13:24.418, 2, 0, 10088
2026/05/24 01:13:24.419, 3, 0, 10088
2026/05/24 01:13:39.610, 0, 13, 10490
2026/05/24 01:13:39.613, 1, 0, 10088
2026/05/24 01:13:39.614, 2, 0, 10088
2026/05/24 01:13:39.615, 3, 0, 10088
2026/05/24 01:13:54.703, 0, 6, 10490
2026/05/24 01:13:54.705, 1, 0, 10088
2026/05/24 01:13:54.706, 2, 0, 10088
2026/05/24 01:13:54.707, 3, 0, 10088
2026/05/24 01:14:09.851, 0, 100, 10490
2026/05/24 01:14:09.854, 1, 100, 10088
2026/05/24 01:14:09.858, 2, 100, 10088
2026/05/24 01:14:09.861, 3, 100, 10088
2026/05/24 01:14:25.013, 0, 8, 10490
2026/05/24 01:14:25.015, 1, 0, 10088
2026/05/24 01:14:25.017, 2, 0, 10088
2026/05/24 01:14:25.018, 3, 0, 10088
2026/05/24 01:14:40.119, 0, 15, 10490
2026/05/24 01:14:40.121, 1, 0, 10088
2026/05/24 01:14:40.123, 2, 0, 10088
2026/05/24 01:14:40.124, 3, 0, 10088
2026/05/24 01:14:55.267, 0, 5, 10490
2026/05/24 01:14:55.269, 1, 0, 10088
2026/05/24 01:14:55.270, 2, 0, 10088
2026/05/24 01:14:55.272, 3, 0, 10088
2026/05/24 01:15:10.357, 0, 100, 10490
2026/05/24 01:15:10.366, 1, 96, 10088
2026/05/24 01:15:10.367, 2, 100, 10088
2026/05/24 01:15:10.369, 3, 0, 10088
2026/05/24 01:15:25.489, 0, 8, 10490
2026/05/24 01:15:25.491, 1, 0, 10088
2026/05/24 01:15:25.492, 2, 0, 10088
2026/05/24 01:15:25.494, 3, 0, 10088
2026/05/24 01:15:40.597, 0, 9, 10490
2026/05/24 01:15:40.600, 1, 0, 10088
2026/05/24 01:15:40.604, 2, 0, 10088
2026/05/24 01:15:40.607, 3, 0, 10088
2026/05/24 01:15:55.722, 0, 14, 10490
2026/05/24 01:15:55.725, 1, 0, 10088
2026/05/24 01:15:55.726, 2, 0, 10088
2026/05/24 01:15:55.727, 3, 0, 10088
2026/05/24 01:16:10.830, 0, 3, 10490
2026/05/24 01:16:10.832, 1, 0, 10088
2026/05/24 01:16:10.834, 2, 0, 10088
2026/05/24 01:16:10.835, 3, 0, 10088
2026/05/24 01:16:26.074, 0, 66, 10490
2026/05/24 01:16:26.076, 1, 8, 10088
2026/05/24 01:16:26.077, 2, 100, 10088
2026/05/24 01:16:26.078, 3, 48, 10088
2026/05/24 01:16:41.163, 0, 9, 10490
2026/05/24 01:16:41.165, 1, 0, 10088
2026/05/24 01:16:41.166, 2, 0, 10088
2026/05/24 01:16:41.167, 3, 0, 10088
2026/05/24 01:16:56.269, 0, 12, 10490
2026/05/24 01:16:56.271, 1, 0, 10088
2026/05/24 01:16:56.273, 2, 0, 10088
2026/05/24 01:16:56.275, 3, 0, 10088
2026/05/24 01:17:11.406, 0, 9, 10490
2026/05/24 01:17:11.410, 1, 0, 10088
2026/05/24 01:17:11.413, 2, 0, 10088
2026/05/24 01:17:11.414, 3, 0, 10088
2026/05/24 01:17:26.527, 0, 3, 10490
2026/05/24 01:17:26.529, 1, 0, 10088
2026/05/24 01:17:26.530, 2, 0, 10088
2026/05/24 01:17:26.532, 3, 0, 10088
2026/05/24 01:17:41.748, 0, 8, 10490
2026/05/24 01:17:41.750, 1, 0, 10088
2026/05/24 01:17:41.751, 2, 0, 10088
2026/05/24 01:17:41.752, 3, 0, 10088
2026/05/24 01:17:57.009, 0, 2, 10490
2026/05/24 01:17:57.011, 1, 0, 10088
2026/05/24 01:17:57.013, 2, 0, 10088
2026/05/24 01:17:57.014, 3, 0, 10088
2026/05/24 01:18:12.098, 0, 9, 10490
2026/05/24 01:18:12.100, 1, 0, 10088
2026/05/24 01:18:12.102, 2, 0, 10088
2026/05/24 01:18:12.103, 3, 0, 10088
2026/05/24 01:18:27.195, 0, 100, 10490
2026/05/24 01:18:27.197, 1, 100, 10088
2026/05/24 01:18:27.198, 2, 100, 10088
2026/05/24 01:18:27.199, 3, 0, 10088
2026/05/24 01:18:42.322, 0, 9, 10490
2026/05/24 01:18:42.324, 1, 0, 10088
2026/05/24 01:18:42.325, 2, 0, 10088
2026/05/24 01:18:42.327, 3, 0, 10088
2026/05/24 01:18:57.427, 0, 13, 10490
2026/05/24 01:18:57.429, 1, 0, 10088
2026/05/24 01:18:57.431, 2, 0, 10088
2026/05/24 01:18:57.432, 3, 0, 10088
2026/05/24 01:19:12.664, 0, 8, 10490
2026/05/24 01:19:12.666, 1, 0, 10088
2026/05/24 01:19:12.667, 2, 0, 10088
2026/05/24 01:19:12.669, 3, 0, 10088
2026/05/24 01:19:27.872, 0, 7, 10490
2026/05/24 01:19:27.874, 1, 0, 10088
2026/05/24 01:19:27.875, 2, 0, 10088
2026/05/24 01:19:27.877, 3, 0, 10088
2026/05/24 01:19:43.050, 0, 3, 10490
2026/05/24 01:19:43.052, 1, 0, 10088
2026/05/24 01:19:43.054, 2, 100, 10088
2026/05/24 01:19:43.055, 3, 0, 10088
2026/05/24 01:19:58.141, 0, 0, 10490
2026/05/24 01:19:58.143, 1, 0, 10088
2026/05/24 01:19:58.144, 2, 0, 10088
2026/05/24 01:19:58.146, 3, 0, 10088
2026/05/24 01:20:13.231, 0, 7, 10490
2026/05/24 01:20:13.233, 1, 0, 10088
2026/05/24 01:20:13.234, 2, 0, 10088
2026/05/24 01:20:13.236, 3, 0, 10088
2026/05/24 01:20:28.326, 0, 6, 10490
2026/05/24 01:20:28.330, 1, 98, 10088
2026/05/24 01:20:28.333, 2, 0, 10088
2026/05/24 01:20:28.334, 3, 0, 10088
2026/05/24 01:20:43.425, 0, 3, 10490
2026/05/24 01:20:43.427, 1, 0, 10088
2026/05/24 01:20:43.429, 2, 0, 10088
2026/05/24 01:20:43.430, 3, 0, 10088
2026/05/24 01:20:58.602, 0, 100, 10490
2026/05/24 01:20:58.604, 1, 100, 10088
2026/05/24 01:20:58.605, 2, 100, 10088
2026/05/24 01:20:58.607, 3, 100, 10088
2026/05/24 01:21:13.862, 0, 11, 10490
2026/05/24 01:21:13.864, 1, 0, 10088
2026/05/24 01:21:13.866, 2, 0, 10088
2026/05/24 01:21:13.867, 3, 0, 10088
2026/05/24 01:21:28.955, 0, 8, 10490
2026/05/24 01:21:28.957, 1, 0, 10088
2026/05/24 01:21:28.959, 2, 0, 10088
2026/05/24 01:21:28.960, 3, 0, 10088
2026/05/24 01:21:44.090, 0, 100, 10490
2026/05/24 01:21:44.095, 1, 100, 10088
2026/05/24 01:21:44.098, 2, 0, 10088
2026/05/24 01:21:44.099, 3, 0, 10088
2026/05/24 01:21:59.194, 0, 100, 10490
2026/05/24 01:21:59.196, 1, 100, 10088
2026/05/24 01:21:59.197, 2, 0, 10088
2026/05/24 01:21:59.199, 3, 0, 10088
2026/05/24 01:22:14.288, 0, 13, 10490
2026/05/24 01:22:14.290, 1, 0, 10088
2026/05/24 01:22:14.291, 2, 0, 10088
2026/05/24 01:22:14.293, 3, 0, 10088
2026/05/24 01:22:29.484, 0, 9, 10490
2026/05/24 01:22:29.485, 1, 0, 10088
2026/05/24 01:22:29.486, 2, 0, 10088
2026/05/24 01:22:29.487, 3, 0, 10088
2026/05/24 01:22:44.650, 0, 9, 10490
2026/05/24 01:22:44.652, 1, 0, 10088
2026/05/24 01:22:44.653, 2, 0, 10088
2026/05/24 01:22:44.654, 3, 0, 10088
2026/05/24 01:22:59.742, 0, 100, 10490
2026/05/24 01:22:59.744, 1, 0, 10088
2026/05/24 01:22:59.745, 2, 0, 10088
2026/05/24 01:22:59.747, 3, 0, 10088
2026/05/24 01:23:14.851, 0, 11, 10490
2026/05/24 01:23:14.853, 1, 0, 10088
2026/05/24 01:23:14.854, 2, 0, 10088
2026/05/24 01:23:14.856, 3, 0, 10088
2026/05/24 01:23:29.941, 0, 9, 10490
2026/05/24 01:23:29.943, 1, 0, 10088
2026/05/24 01:23:29.945, 2, 0, 10088
2026/05/24 01:23:29.946, 3, 0, 10088
2026/05/24 01:23:45.029, 0, 9, 10490
2026/05/24 01:23:45.031, 1, 0, 10088
2026/05/24 01:23:45.033, 2, 0, 10088
2026/05/24 01:23:45.034, 3, 0, 10088
2026/05/24 01:24:00.117, 0, 9, 10490
2026/05/24 01:24:00.119, 1, 0, 10088
2026/05/24 01:24:00.120, 2, 0, 10088
2026/05/24 01:24:00.122, 3, 0, 10088
2026/05/24 01:24:15.302, 0, 11, 10490
2026/05/24 01:24:15.304, 1, 0, 10088
2026/05/24 01:24:15.305, 2, 0, 10088
2026/05/24 01:24:15.307, 3, 0, 10088
2026/05/24 01:24:30.407, 0, 100, 10490
2026/05/24 01:24:30.409, 1, 70, 10088
2026/05/24 01:24:30.410, 2, 100, 10088
2026/05/24 01:24:30.411, 3, 0, 10088
2026/05/24 01:24:45.497, 0, 8, 10490
2026/05/24 01:24:45.499, 1, 0, 10088
2026/05/24 01:24:45.500, 2, 100, 10088
2026/05/24 01:24:45.502, 3, 0, 10088
2026/05/24 01:25:00.591, 0, 10, 10490
2026/05/24 01:25:00.595, 1, 0, 10088
2026/05/24 01:25:00.598, 2, 0, 10088
2026/05/24 01:25:00.600, 3, 0, 10088
2026/05/24 01:25:15.706, 0, 14, 10490
2026/05/24 01:25:15.708, 1, 0, 10088
2026/05/24 01:25:15.710, 2, 0, 10088
2026/05/24 01:25:15.711, 3, 0, 10088
2026/05/24 01:25:30.784, 0, 7, 10490
2026/05/24 01:25:30.786, 1, 0, 10088
2026/05/24 01:25:30.787, 2, 0, 10088
2026/05/24 01:25:30.789, 3, 0, 10088
2026/05/24 01:25:45.976, 0, 5, 10490
2026/05/24 01:25:45.978, 1, 0, 10088
2026/05/24 01:25:45.979, 2, 0, 10088
2026/05/24 01:25:45.980, 3, 0, 10088
2026/05/24 01:26:01.066, 0, 61, 10490
2026/05/24 01:26:01.068, 1, 0, 10088
2026/05/24 01:26:01.070, 2, 0, 10088
2026/05/24 01:26:01.071, 3, 0, 10088
2026/05/24 01:26:16.158, 0, 12, 10490
2026/05/24 01:26:16.161, 1, 0, 10088
2026/05/24 01:26:16.162, 2, 0, 10088
2026/05/24 01:26:16.163, 3, 0, 10088
2026/05/24 01:26:31.287, 0, 9, 10490
2026/05/24 01:26:31.289, 1, 0, 10088
2026/05/24 01:26:31.290, 2, 0, 10088
2026/05/24 01:26:31.292, 3, 0, 10088
2026/05/24 01:26:46.379, 0, 9, 10490
2026/05/24 01:26:46.381, 1, 0, 10088
2026/05/24 01:26:46.382, 2, 0, 10088
2026/05/24 01:26:46.383, 3, 0, 10088
2026/05/24 01:27:01.514, 0, 1, 10490
2026/05/24 01:27:01.519, 1, 12, 10088
2026/05/24 01:27:01.522, 2, 0, 10088
2026/05/24 01:27:01.524, 3, 0, 10088
2026/05/24 01:27:16.722, 0, 11, 10490
2026/05/24 01:27:16.724, 1, 0, 10088
2026/05/24 01:27:16.831, 2, 0, 10088
2026/05/24 01:27:16.832, 3, 0, 10088
2026/05/24 01:27:31.919, 0, 100, 10490
2026/05/24 01:27:31.924, 1, 0, 10088
2026/05/24 01:27:31.925, 2, 0, 10088
2026/05/24 01:27:31.927, 3, 0, 10088
2026/05/24 01:27:47.015, 0, 9, 10490
2026/05/24 01:27:47.017, 1, 0, 10088
2026/05/24 01:27:47.018, 2, 0, 10088
2026/05/24 01:27:47.019, 3, 0, 10088
2026/05/24 01:28:02.107, 0, 9, 10490
2026/05/24 01:28:02.109, 1, 0, 10088
2026/05/24 01:28:02.110, 2, 0, 10088
2026/05/24 01:28:02.111, 3, 0, 10088
2026/05/24 01:28:17.198, 0, 9, 10490
2026/05/24 01:28:17.200, 1, 0, 10088
2026/05/24 01:28:17.201, 2, 0, 10088
2026/05/24 01:28:17.203, 3, 0, 10088
2026/05/24 01:28:32.307, 0, 0, 10490
2026/05/24 01:28:32.310, 1, 0, 10088
2026/05/24 01:28:32.311, 2, 0, 10088
2026/05/24 01:28:32.312, 3, 0, 10088
2026/05/24 01:28:47.398, 0, 8, 10490
2026/05/24 01:28:47.400, 1, 0, 10088
2026/05/24 01:28:47.402, 2, 0, 10088
2026/05/24 01:28:47.403, 3, 0, 10088
2026/05/24 01:29:02.498, 0, 9, 10490
2026/05/24 01:29:02.501, 1, 0, 10088
2026/05/24 01:29:02.504, 2, 0, 10088
2026/05/24 01:29:02.506, 3, 0, 10088
2026/05/24 01:29:17.713, 0, 9, 10490
2026/05/24 01:29:17.715, 1, 0, 10088
2026/05/24 01:29:17.717, 2, 0, 10088
2026/05/24 01:29:17.718, 3, 0, 10088
2026/05/24 01:29:32.878, 0, 13, 10490
2026/05/24 01:29:32.880, 1, 0, 10088
2026/05/24 01:29:32.882, 2, 0, 10088
2026/05/24 01:29:32.883, 3, 0, 10088
2026/05/24 01:29:47.988, 0, 9, 10490
2026/05/24 01:29:47.990, 1, 0, 10088
2026/05/24 01:29:47.991, 2, 0, 10088
2026/05/24 01:29:47.993, 3, 0, 10088
2026/05/24 01:30:03.293, 0, 100, 10490
2026/05/24 01:30:03.297, 1, 100, 10088
2026/05/24 01:30:03.299, 2, 0, 10088
2026/05/24 01:30:03.300, 3, 0, 10088
2026/05/24 01:30:18.389, 0, 9, 10490
2026/05/24 01:30:18.391, 1, 0, 10088
2026/05/24 01:30:18.392, 2, 100, 10088
2026/05/24 01:30:18.394, 3, 0, 10088
2026/05/24 01:30:33.646, 0, 13, 10490
2026/05/24 01:30:33.648, 1, 0, 10088
2026/05/24 01:30:33.649, 2, 0, 10088
2026/05/24 01:30:33.651, 3, 0, 10088
2026/05/24 01:30:48.734, 0, 9, 10490
2026/05/24 01:30:48.736, 1, 0, 10088
2026/05/24 01:30:48.737, 2, 0, 10088
2026/05/24 01:30:48.739, 3, 0, 10088
2026/05/24 01:31:03.826, 0, 100, 10490
2026/05/24 01:31:03.828, 1, 0, 10088
2026/05/24 01:31:03.830, 2, 0, 10088
2026/05/24 01:31:03.831, 3, 0, 10088
2026/05/24 01:31:18.920, 0, 19, 10490
2026/05/24 01:31:18.923, 1, 0, 10088
2026/05/24 01:31:18.924, 2, 0, 10088
2026/05/24 01:31:18.925, 3, 0, 10088
2026/05/24 01:31:34.027, 0, 15, 10490
2026/05/24 01:31:34.029, 1, 0, 10088
2026/05/24 01:31:34.030, 2, 0, 10088
2026/05/24 01:31:34.032, 3, 0, 10088
2026/05/24 01:31:49.134, 0, 2, 10490
2026/05/24 01:31:49.136, 1, 0, 10088
2026/05/24 01:31:49.137, 2, 0, 10088
2026/05/24 01:31:49.138, 3, 0, 10088
2026/05/24 01:32:04.460, 0, 100, 10490
2026/05/24 01:32:04.464, 1, 100, 10088
2026/05/24 01:32:04.468, 2, 0, 10088
2026/05/24 01:32:04.469, 3, 0, 10088
2026/05/24 01:32:19.577, 0, 100, 10490
2026/05/24 01:32:19.579, 1, 100, 10088
2026/05/24 01:32:19.580, 2, 83, 10088
2026/05/24 01:32:19.582, 3, 0, 10088
2026/05/24 01:32:34.683, 0, 11, 10490
2026/05/24 01:32:34.685, 1, 0, 10088
2026/05/24 01:32:34.687, 2, 0, 10088
2026/05/24 01:32:34.688, 3, 0, 10088
2026/05/24 01:32:49.775, 0, 100, 10490
2026/05/24 01:32:49.777, 1, 100, 10088
2026/05/24 01:32:49.779, 2, 0, 10088
2026/05/24 01:32:49.780, 3, 0, 10088
2026/05/24 01:33:04.867, 0, 100, 10490
2026/05/24 01:33:04.869, 1, 100, 10088
2026/05/24 01:33:04.870, 2, 0, 10088
2026/05/24 01:33:04.872, 3, 0, 10088
2026/05/24 01:33:19.958, 0, 7, 10490
2026/05/24 01:33:19.960, 1, 100, 10088
2026/05/24 01:33:19.961, 2, 100, 10088
2026/05/24 01:33:19.962, 3, 0, 10088
2026/05/24 01:33:35.130, 0, 10, 10490
2026/05/24 01:33:35.133, 1, 0, 10088
2026/05/24 01:33:35.134, 2, 0, 10088
2026/05/24 01:33:35.135, 3, 0, 10088
2026/05/24 01:33:50.223, 0, 9, 10490
2026/05/24 01:33:50.225, 1, 0, 10088
2026/05/24 01:33:50.227, 2, 0, 10088
2026/05/24 01:33:50.228, 3, 0, 10088
2026/05/24 01:34:05.314, 0, 9, 10490
2026/05/24 01:34:05.316, 1, 0, 10088
2026/05/24 01:34:05.317, 2, 0, 10088
2026/05/24 01:34:05.319, 3, 0, 10088
2026/05/24 01:34:20.405, 0, 9, 10490
2026/05/24 01:34:20.407, 1, 0, 10088
2026/05/24 01:34:20.409, 2, 0, 10088
2026/05/24 01:34:20.410, 3, 0, 10088
2026/05/24 01:34:35.502, 0, 100, 10490
2026/05/24 01:34:35.506, 1, 100, 10088
2026/05/24 01:34:35.509, 2, 0, 10088
2026/05/24 01:34:35.511, 3, 100, 10088
2026/05/24 01:34:50.622, 0, 0, 10490
2026/05/24 01:34:50.624, 1, 0, 10088
2026/05/24 01:34:50.626, 2, 0, 10088
2026/05/24 01:34:50.627, 3, 0, 10088
2026/05/24 01:35:05.710, 0, 100, 10490
2026/05/24 01:35:05.712, 1, 100, 10088
2026/05/24 01:35:05.714, 2, 0, 10088
2026/05/24 01:35:05.715, 3, 0, 10088
2026/05/24 01:35:20.810, 0, 9, 10490
2026/05/24 01:35:20.814, 1, 0, 10088
2026/05/24 01:35:20.817, 2, 42, 10088
2026/05/24 01:35:20.820, 3, 0, 10088
2026/05/24 01:35:35.915, 0, 100, 10490
2026/05/24 01:35:35.917, 1, 100, 10088
2026/05/24 01:35:35.918, 2, 0, 10088
2026/05/24 01:35:35.919, 3, 0, 10088
2026/05/24 01:35:51.025, 0, 13, 10490
2026/05/24 01:35:51.027, 1, 0, 10088
2026/05/24 01:35:51.028, 2, 0, 10088
2026/05/24 01:35:51.030, 3, 0, 10088
2026/05/24 01:36:06.275, 0, 9, 10490
2026/05/24 01:36:06.277, 1, 0, 10088
2026/05/24 01:36:06.278, 2, 0, 10088
2026/05/24 01:36:06.279, 3, 0, 10088
2026/05/24 01:36:21.581, 0, 9, 10490
2026/05/24 01:36:21.583, 1, 0, 10088
2026/05/24 01:36:21.585, 2, 0, 10088
2026/05/24 01:36:21.586, 3, 0, 10088
2026/05/24 01:36:36.849, 0, 9, 10490
2026/05/24 01:36:36.853, 1, 0, 10088
2026/05/24 01:36:36.856, 2, 0, 10088
2026/05/24 01:36:36.857, 3, 0, 10088
2026/05/24 01:36:51.968, 0, 13, 10490
2026/05/24 01:36:51.970, 1, 0, 10088
2026/05/24 01:36:51.971, 2, 0, 10088
2026/05/24 01:36:51.973, 3, 0, 10088
2026/05/24 01:37:07.062, 0, 9, 10490
2026/05/24 01:37:07.064, 1, 0, 10088
2026/05/24 01:37:07.065, 2, 0, 10088
2026/05/24 01:37:07.067, 3, 0, 10088
2026/05/24 01:37:22.155, 0, 10, 10490
2026/05/24 01:37:22.157, 1, 0, 10088
2026/05/24 01:37:22.158, 2, 0, 10088
2026/05/24 01:37:22.159, 3, 0, 10088
2026/05/24 01:37:37.246, 0, 8, 10490
2026/05/24 01:37:37.248, 1, 0, 10088
2026/05/24 01:37:37.249, 2, 0, 10088
2026/05/24 01:37:37.250, 3, 0, 10088
2026/05/24 01:37:52.334, 0, 19, 10490
2026/05/24 01:37:52.398, 1, 0, 10088
2026/05/24 01:37:52.400, 2, 0, 10088
2026/05/24 01:37:52.401, 3, 0, 10088
2026/05/24 01:38:07.726, 0, 0, 10490
2026/05/24 01:38:07.727, 1, 0, 10088
2026/05/24 01:38:07.729, 2, 0, 10088
2026/05/24 01:38:07.730, 3, 0, 10088
2026/05/24 01:38:22.943, 0, 8, 10490
2026/05/24 01:38:22.947, 1, 0, 10088
2026/05/24 01:38:22.951, 2, 100, 10088
2026/05/24 01:38:22.954, 3, 0, 10088
2026/05/24 01:38:38.235, 0, 3, 10490
2026/05/24 01:38:38.237, 1, 0, 10088
2026/05/24 01:38:38.238, 2, 0, 10088
2026/05/24 01:38:38.239, 3, 0, 10088
2026/05/24 01:38:53.327, 0, 100, 10490
2026/05/24 01:38:53.329, 1, 100, 10088
2026/05/24 01:38:53.331, 2, 100, 10088
2026/05/24 01:38:53.332, 3, 0, 10088
2026/05/24 01:39:08.421, 0, 6, 10490
2026/05/24 01:39:08.424, 1, 97, 10088
2026/05/24 01:39:08.427, 2, 0, 10088
2026/05/24 01:39:08.429, 3, 0, 10088
2026/05/24 01:39:23.518, 0, 0, 10490
2026/05/24 01:39:23.520, 1, 0, 10088
2026/05/24 01:39:23.521, 2, 0, 10088
2026/05/24 01:39:23.523, 3, 0, 10088
2026/05/24 01:39:39.040, 0, 100, 10490
2026/05/24 01:39:39.042, 1, 100, 10088
2026/05/24 01:39:39.045, 2, 0, 10088
2026/05/24 01:39:39.046, 3, 0, 10088
2026/05/24 01:39:54.315, 0, 3, 10490
2026/05/24 01:39:54.317, 1, 0, 10088
2026/05/24 01:39:54.318, 2, 0, 10088
2026/05/24 01:39:54.320, 3, 0, 10088
2026/05/24 01:40:09.682, 0, 100, 10490
2026/05/24 01:40:09.686, 1, 100, 10088
2026/05/24 01:40:09.691, 2, 0, 10088
2026/05/24 01:40:09.693, 3, 0, 10088
2026/05/24 01:40:24.782, 0, 100, 10490
2026/05/24 01:40:24.784, 1, 100, 10088
2026/05/24 01:40:24.785, 2, 0, 10088
2026/05/24 01:40:24.787, 3, 0, 10088
2026/05/24 01:40:39.869, 0, 100, 10490
2026/05/24 01:40:39.871, 1, 100, 10088
2026/05/24 01:40:39.873, 2, 90, 10088
2026/05/24 01:40:39.874, 3, 100, 10088
2026/05/24 01:40:54.957, 0, 4, 10490
2026/05/24 01:40:54.959, 1, 0, 10088
2026/05/24 01:40:54.961, 2, 0, 10088
2026/05/24 01:40:54.962, 3, 0, 10088
2026/05/24 01:41:10.088, 0, 13, 10490
2026/05/24 01:41:10.090, 1, 0, 10088
2026/05/24 01:41:10.091, 2, 0, 10088
2026/05/24 01:41:10.092, 3, 0, 10088
2026/05/24 01:41:25.479, 0, 100, 10490
2026/05/24 01:41:25.483, 1, 100, 10088
2026/05/24 01:41:25.486, 2, 0, 10088
2026/05/24 01:41:25.490, 3, 0, 10088
2026/05/24 01:41:40.613, 0, 9, 10490
2026/05/24 01:41:40.615, 1, 0, 10088
2026/05/24 01:41:40.617, 2, 100, 10088
2026/05/24 01:41:40.618, 3, 0, 10088
2026/05/24 01:41:55.919, 0, 9, 10490
2026/05/24 01:41:55.923, 1, 0, 10088
2026/05/24 01:41:55.925, 2, 0, 10088
2026/05/24 01:41:55.927, 3, 0, 10088
2026/05/24 01:42:11.035, 0, 13, 10490
2026/05/24 01:42:11.038, 1, 0, 10088
2026/05/24 01:42:11.039, 2, 0, 10088
2026/05/24 01:42:11.041, 3, 0, 10088
2026/05/24 01:42:26.153, 0, 100, 10490
2026/05/24 01:42:26.157, 1, 100, 10088
2026/05/24 01:42:26.160, 2, 0, 10088
2026/05/24 01:42:26.163, 3, 0, 10088
2026/05/24 01:42:41.259, 0, 9, 10490
2026/05/24 01:42:41.261, 1, 0, 10088
2026/05/24 01:42:41.262, 2, 0, 10088
2026/05/24 01:42:41.263, 3, 0, 10088
2026/05/24 01:42:56.355, 0, 100, 10490
2026/05/24 01:42:56.360, 1, 100, 10088
2026/05/24 01:42:56.363, 2, 0, 10088
2026/05/24 01:42:56.364, 3, 0, 10088
2026/05/24 01:43:11.683, 0, 15, 10490
2026/05/24 01:43:11.685, 1, 0, 10088
2026/05/24 01:43:11.686, 2, 0, 10088
2026/05/24 01:43:11.688, 3, 0, 10088
2026/05/24 01:43:26.921, 0, 9, 10490
2026/05/24 01:43:26.923, 1, 0, 10088
2026/05/24 01:43:26.924, 2, 0, 10088
2026/05/24 01:43:26.926, 3, 0, 10088
2026/05/24 01:43:42.013, 0, 9, 10490
2026/05/24 01:43:42.016, 1, 0, 10088
2026/05/24 01:43:42.017, 2, 0, 10088
2026/05/24 01:43:42.018, 3, 0, 10088
2026/05/24 01:43:57.107, 0, 67, 10490
2026/05/24 01:43:57.109, 1, 0, 10088
2026/05/24 01:43:57.110, 2, 0, 10088
2026/05/24 01:43:57.111, 3, 0, 10088
2026/05/24 01:44:12.199, 0, 18, 10490
2026/05/24 01:44:12.201, 1, 0, 10088
2026/05/24 01:44:12.202, 2, 100, 10088
2026/05/24 01:44:12.203, 3, 0, 10088
2026/05/24 01:44:27.342, 0, 3, 10490
2026/05/24 01:44:27.344, 1, 0, 10088
2026/05/24 01:44:27.345, 2, 0, 10088
2026/05/24 01:44:27.347, 3, 0, 10088
2026/05/24 01:44:42.434, 0, 7, 10490
2026/05/24 01:44:42.436, 1, 0, 10088
2026/05/24 01:44:42.437, 2, 0, 10088
2026/05/24 01:44:42.438, 3, 0, 10088
2026/05/24 01:44:57.626, 0, 100, 10490
2026/05/24 01:44:57.628, 1, 100, 10088
2026/05/24 01:44:57.629, 2, 0, 10088
2026/05/24 01:44:57.631, 3, 0, 10088
2026/05/24 01:45:12.730, 0, 100, 10490
2026/05/24 01:45:12.732, 1, 100, 10088
2026/05/24 01:45:12.733, 2, 0, 10088
2026/05/24 01:45:12.734, 3, 0, 10088
2026/05/24 01:45:27.819, 0, 12, 10490
2026/05/24 01:45:27.822, 1, 0, 10088
2026/05/24 01:45:27.823, 2, 0, 10088
2026/05/24 01:45:27.824, 3, 0, 10088
2026/05/24 01:45:42.915, 0, 10, 10490
2026/05/24 01:45:42.919, 1, 0, 10088
2026/05/24 01:45:42.923, 2, 100, 10088
2026/05/24 01:45:42.925, 3, 0, 10088
2026/05/24 01:45:58.057, 0, 6, 10490
2026/05/24 01:45:58.059, 1, 5, 10088
2026/05/24 01:45:58.060, 2, 0, 10088
2026/05/24 01:45:58.062, 3, 0, 10088
2026/05/24 01:46:13.216, 0, 100, 10490
2026/05/24 01:46:13.218, 1, 100, 10088
2026/05/24 01:46:13.221, 2, 0, 10088
2026/05/24 01:46:13.224, 3, 0, 10088
2026/05/24 01:46:28.548, 0, 13, 10490
2026/05/24 01:46:28.550, 1, 0, 10088
2026/05/24 01:46:28.551, 2, 0, 10088
2026/05/24 01:46:28.552, 3, 0, 10088
2026/05/24 01:46:43.636, 0, 8, 10490
2026/05/24 01:46:43.638, 1, 0, 10088
2026/05/24 01:46:43.640, 2, 0, 10088
2026/05/24 01:46:43.642, 3, 0, 10088
2026/05/24 01:46:58.749, 0, 100, 10490
2026/05/24 01:46:58.751, 1, 100, 10088
2026/05/24 01:46:58.752, 2, 0, 10088
2026/05/24 01:46:58.754, 3, 0, 10088
2026/05/24 01:47:13.855, 0, 8, 10490
2026/05/24 01:47:13.857, 1, 0, 10088
2026/05/24 01:47:13.858, 2, 0, 10088
2026/05/24 01:47:13.859, 3, 0, 10088
2026/05/24 01:47:28.962, 0, 2, 10490
2026/05/24 01:47:28.964, 1, 0, 10088
2026/05/24 01:47:28.965, 2, 0, 10088
2026/05/24 01:47:28.967, 3, 0, 10088
2026/05/24 01:47:44.051, 0, 5, 10490
2026/05/24 01:47:44.053, 1, 0, 10088
2026/05/24 01:47:44.055, 2, 0, 10088
2026/05/24 01:47:44.056, 3, 0, 10088
2026/05/24 01:47:59.250, 0, 2, 10490
2026/05/24 01:47:59.253, 1, 0, 10088
2026/05/24 01:47:59.255, 2, 0, 10088
2026/05/24 01:47:59.258, 3, 0, 10088
2026/05/24 01:48:14.354, 0, 9, 10490
2026/05/24 01:48:14.357, 1, 0, 10088
2026/05/24 01:48:14.358, 2, 0, 10088
2026/05/24 01:48:14.359, 3, 0, 10088
2026/05/24 01:48:29.463, 0, 100, 10490
2026/05/24 01:48:29.465, 1, 0, 10088
2026/05/24 01:48:29.466, 2, 0, 10088
2026/05/24 01:48:29.468, 3, 0, 10088
2026/05/24 01:48:44.556, 0, 9, 10490
2026/05/24 01:48:44.558, 1, 0, 10088
2026/05/24 01:48:44.560, 2, 0, 10088
2026/05/24 01:48:44.562, 3, 0, 10088
2026/05/24 01:48:59.649, 0, 9, 10490
2026/05/24 01:48:59.651, 1, 0, 10088
2026/05/24 01:48:59.653, 2, 0, 10088
2026/05/24 01:48:59.654, 3, 0, 10088
2026/05/24 01:49:14.982, 0, 10, 10490
2026/05/24 01:49:14.985, 1, 0, 10088
2026/05/24 01:49:14.988, 2, 100, 10088
2026/05/24 01:49:14.990, 3, 0, 10088
2026/05/24 01:49:30.270, 0, 3, 10490
2026/05/24 01:49:30.272, 1, 0, 10088
2026/05/24 01:49:30.274, 2, 0, 10088
2026/05/24 01:49:30.275, 3, 0, 10088
2026/05/24 01:49:45.549, 0, 13, 10490
2026/05/24 01:49:45.552, 1, 0, 10088
2026/05/24 01:49:45.553, 2, 0, 10088
2026/05/24 01:49:45.554, 3, 0, 10088
2026/05/24 01:50:00.724, 0, 8, 10490
2026/05/24 01:50:00.729, 1, 0, 10088
2026/05/24 01:50:00.730, 2, 0, 10088
2026/05/24 01:50:00.731, 3, 0, 10088
2026/05/24 01:50:15.817, 0, 100, 10490
2026/05/24 01:50:15.819, 1, 0, 10088
2026/05/24 01:50:15.821, 2, 0, 10088
2026/05/24 01:50:15.822, 3, 0, 10088
2026/05/24 01:50:30.905, 0, 0, 10490
2026/05/24 01:50:30.908, 1, 0, 10088
2026/05/24 01:50:30.909, 2, 0, 10088
2026/05/24 01:50:30.910, 3, 0, 10088
2026/05/24 01:50:46.059, 0, 7, 10490
2026/05/24 01:50:46.061, 1, 0, 10088
2026/05/24 01:50:46.062, 2, 0, 10088
2026/05/24 01:50:46.064, 3, 0, 10088
2026/05/24 01:51:01.361, 0, 9, 10490
2026/05/24 01:51:01.363, 1, 0, 10088
2026/05/24 01:51:01.364, 2, 0, 10088
2026/05/24 01:51:01.365, 3, 0, 10088
2026/05/24 01:51:16.522, 0, 9, 10490
2026/05/24 01:51:16.524, 1, 0, 10088
2026/05/24 01:51:16.525, 2, 100, 10088
2026/05/24 01:51:16.526, 3, 0, 10088
2026/05/24 01:51:31.631, 0, 9, 10490
2026/05/24 01:51:31.635, 1, 0, 10088
2026/05/24 01:51:31.639, 2, 0, 10088
2026/05/24 01:51:31.640, 3, 0, 10088
2026/05/24 01:51:46.750, 0, 11, 10490
2026/05/24 01:51:46.753, 1, 0, 10088
2026/05/24 01:51:46.754, 2, 0, 10088
2026/05/24 01:51:46.755, 3, 0, 10088
2026/05/24 01:52:01.890, 0, 10, 10490
2026/05/24 01:52:01.893, 1, 0, 10088
2026/05/24 01:52:01.897, 2, 0, 10088
2026/05/24 01:52:01.901, 3, 0, 10088
2026/05/24 01:52:17.003, 0, 1, 10490
2026/05/24 01:52:17.006, 1, 0, 10088
2026/05/24 01:52:17.010, 2, 0, 10088
2026/05/24 01:52:17.011, 3, 0, 10088
2026/05/24 01:52:32.134, 0, 100, 10490
2026/05/24 01:52:32.176, 1, 100, 10088
2026/05/24 01:52:32.180, 2, 0, 10088
2026/05/24 01:52:32.182, 3, 0, 10088
2026/05/24 01:52:47.395, 0, 7, 10490
2026/05/24 01:52:47.396, 1, 0, 10088
2026/05/24 01:52:47.397, 2, 0, 10088
2026/05/24 01:52:47.398, 3, 0, 10088
2026/05/24 01:53:02.501, 0, 14, 10490
2026/05/24 01:53:02.503, 1, 0, 10088
2026/05/24 01:53:02.505, 2, 0, 10088
2026/05/24 01:53:02.507, 3, 0, 10088
2026/05/24 01:53:17.593, 0, 9, 10490
2026/05/24 01:53:17.595, 1, 0, 10088
2026/05/24 01:53:17.597, 2, 0, 10088
2026/05/24 01:53:17.598, 3, 0, 10088
2026/05/24 01:53:32.682, 0, 9, 10490
2026/05/24 01:53:32.684, 1, 0, 10088
2026/05/24 01:53:32.686, 2, 100, 10088
2026/05/24 01:53:32.687, 3, 0, 10088
2026/05/24 01:53:47.813, 0, 10, 10490
2026/05/24 01:53:47.818, 1, 0, 10088
2026/05/24 01:53:47.819, 2, 0, 10088
2026/05/24 01:53:47.821, 3, 0, 10088
2026/05/24 01:54:02.927, 0, 20, 10490
2026/05/24 01:54:02.929, 1, 0, 10088
2026/05/24 01:54:02.931, 2, 0, 10088
2026/05/24 01:54:02.932, 3, 0, 10088
2026/05/24 01:54:18.018, 0, 9, 10490
2026/05/24 01:54:18.020, 1, 0, 10088
2026/05/24 01:54:18.021, 2, 0, 10088
2026/05/24 01:54:18.023, 3, 0, 10088
2026/05/24 01:54:33.109, 0, 8, 10490
2026/05/24 01:54:33.112, 1, 0, 10088
2026/05/24 01:54:33.114, 2, 0, 10088
2026/05/24 01:54:33.115, 3, 0, 10088
2026/05/24 01:54:48.196, 0, 8, 10490
2026/05/24 01:54:48.198, 1, 0, 10088
2026/05/24 01:54:48.199, 2, 0, 10088
2026/05/24 01:54:48.200, 3, 0, 10088
2026/05/24 01:55:03.300, 0, 16, 10490
2026/05/24 01:55:03.302, 1, 0, 10088
2026/05/24 01:55:03.304, 2, 0, 10088
2026/05/24 01:55:03.306, 3, 0, 10088
2026/05/24 01:55:18.449, 0, 100, 10490
2026/05/24 01:55:18.454, 1, 100, 10088
2026/05/24 01:55:18.457, 2, 0, 10088
2026/05/24 01:55:18.461, 3, 0, 10088
2026/05/24 01:55:33.554, 0, 1, 10490
2026/05/24 01:55:33.556, 1, 0, 10088
2026/05/24 01:55:33.558, 2, 0, 10088
2026/05/24 01:55:33.559, 3, 0, 10088
2026/05/24 01:55:48.887, 0, 100, 10490
2026/05/24 01:55:48.888, 1, 0, 10088
2026/05/24 01:55:48.889, 2, 0, 10088
2026/05/24 01:55:48.890, 3, 0, 10088
2026/05/24 01:56:04.080, 0, 13, 10490
2026/05/24 01:56:04.083, 1, 0, 10088
2026/05/24 01:56:04.084, 2, 0, 10088
2026/05/24 01:56:04.085, 3, 0, 10088
2026/05/24 01:56:19.165, 0, 8, 10490
2026/05/24 01:56:19.166, 1, 21, 10088
2026/05/24 01:56:19.168, 2, 0, 10088
2026/05/24 01:56:19.169, 3, 0, 10088
2026/05/24 01:56:34.254, 0, 9, 10490
2026/05/24 01:56:34.256, 1, 0, 10088
2026/05/24 01:56:34.258, 2, 0, 10088
2026/05/24 01:56:34.259, 3, 0, 10088
2026/05/24 01:56:49.552, 0, 3, 10490
2026/05/24 01:56:49.555, 1, 0, 10088
2026/05/24 01:56:49.558, 2, 0, 10088
2026/05/24 01:56:49.561, 3, 0, 10088
2026/05/24 01:57:04.755, 0, 13, 10490
2026/05/24 01:57:04.757, 1, 0, 10088
2026/05/24 01:57:04.759, 2, 0, 10088
2026/05/24 01:57:04.760, 3, 0, 10088
2026/05/24 01:57:19.895, 0, 100, 10490
2026/05/24 01:57:19.897, 1, 100, 10088
2026/05/24 01:57:19.898, 2, 100, 10088
2026/05/24 01:57:19.899, 3, 0, 10088
2026/05/24 01:57:34.985, 0, 8, 10490
2026/05/24 01:57:34.987, 1, 0, 10088
2026/05/24 01:57:34.988, 2, 0, 10088
2026/05/24 01:57:34.990, 3, 0, 10088
2026/05/24 01:57:50.081, 0, 1, 10490
2026/05/24 01:57:50.085, 1, 0, 10088
2026/05/24 01:57:50.087, 2, 100, 10088
2026/05/24 01:57:50.090, 3, 0, 10088
2026/05/24 01:58:05.233, 0, 100, 10490
2026/05/24 01:58:05.237, 1, 100, 10088
2026/05/24 01:58:05.239, 2, 100, 10088
2026/05/24 01:58:05.243, 3, 0, 10088
2026/05/24 01:58:20.415, 0, 10, 10490
2026/05/24 01:58:20.418, 1, 0, 10088
2026/05/24 01:58:20.419, 2, 0, 10088
2026/05/24 01:58:20.420, 3, 0, 10088
2026/05/24 01:58:35.580, 0, 33, 10490
2026/05/24 01:58:35.584, 1, 98, 10088
2026/05/24 01:58:35.587, 2, 0, 10088
2026/05/24 01:58:35.591, 3, 0, 10088
2026/05/24 01:58:50.778, 0, 9, 10490
2026/05/24 01:58:50.780, 1, 0, 10088
2026/05/24 01:58:50.781, 2, 0, 10088
2026/05/24 01:58:50.783, 3, 0, 10088
2026/05/24 01:59:06.089, 0, 10, 10490
2026/05/24 01:59:06.091, 1, 71, 10088
2026/05/24 01:59:06.093, 2, 0, 10088
2026/05/24 01:59:06.094, 3, 0, 10088
2026/05/24 01:59:21.292, 0, 13, 10490
2026/05/24 01:59:21.294, 1, 0, 10088
2026/05/24 01:59:21.295, 2, 0, 10088
2026/05/24 01:59:21.297, 3, 0, 10088
2026/05/24 01:59:36.382, 0, 9, 10490
2026/05/24 01:59:36.384, 1, 0, 10088
2026/05/24 01:59:36.385, 2, 0, 10088
2026/05/24 01:59:36.387, 3, 0, 10088
2026/05/24 01:59:51.487, 0, 100, 10490
2026/05/24 01:59:51.489, 1, 0, 10088
2026/05/24 01:59:51.490, 2, 0, 10088
2026/05/24 01:59:51.491, 3, 0, 10088
2026/05/24 02:00:06.639, 0, 7, 10490
2026/05/24 02:00:06.641, 1, 0, 10088
2026/05/24 02:00:06.642, 2, 0, 10088
2026/05/24 02:00:06.644, 3, 0, 10088
2026/05/24 02:00:21.750, 0, 14, 10490
2026/05/24 02:00:21.752, 1, 0, 10088
2026/05/24 02:00:21.754, 2, 0, 10088
2026/05/24 02:00:21.755, 3, 0, 10088
2026/05/24 02:00:36.838, 0, 100, 10490
2026/05/24 02:00:36.840, 1, 0, 10088
2026/05/24 02:00:36.842, 2, 0, 10088
2026/05/24 02:00:36.843, 3, 0, 10088
2026/05/24 02:00:51.927, 0, 9, 10490
2026/05/24 02:00:51.929, 1, 0, 10088
2026/05/24 02:00:51.930, 2, 0, 10088
2026/05/24 02:00:51.931, 3, 0, 10088
2026/05/24 02:01:07.018, 0, 100, 10490
2026/05/24 02:01:07.020, 1, 100, 10088
2026/05/24 02:01:07.022, 2, 0, 10088
2026/05/24 02:01:07.023, 3, 0, 10088
2026/05/24 02:01:22.311, 0, 12, 10490
2026/05/24 02:01:22.313, 1, 0, 10088
2026/05/24 02:01:22.314, 2, 0, 10088
2026/05/24 02:01:22.316, 3, 0, 10088
2026/05/24 02:01:37.402, 0, 8, 10490
2026/05/24 02:01:37.404, 1, 0, 10088
2026/05/24 02:01:37.405, 2, 0, 10088
2026/05/24 02:01:37.407, 3, 0, 10088
2026/05/24 02:01:52.519, 0, 10, 10490
2026/05/24 02:01:52.523, 1, 0, 10088
2026/05/24 02:01:52.525, 2, 0, 10088
2026/05/24 02:01:52.529, 3, 0, 10088
2026/05/24 02:02:07.621, 0, 100, 10490
2026/05/24 02:02:07.623, 1, 100, 10088
2026/05/24 02:02:07.625, 2, 0, 10088
2026/05/24 02:02:07.626, 3, 0, 10088
2026/05/24 02:02:22.729, 0, 100, 10490
2026/05/24 02:02:22.731, 1, 0, 10088
2026/05/24 02:02:22.732, 2, 0, 10088
2026/05/24 02:02:22.734, 3, 0, 10088
2026/05/24 02:02:37.824, 0, 9, 10490
2026/05/24 02:02:37.826, 1, 0, 10088
2026/05/24 02:02:37.828, 2, 0, 10088
2026/05/24 02:02:37.829, 3, 0, 10088
2026/05/24 02:02:52.988, 0, 5, 10490
2026/05/24 02:02:52.992, 1, 0, 10088
2026/05/24 02:02:52.994, 2, 100, 10088
2026/05/24 02:02:52.997, 3, 0, 10088
2026/05/24 02:03:08.266, 0, 0, 10490
2026/05/24 02:03:08.268, 1, 0, 10088
2026/05/24 02:03:08.269, 2, 0, 10088
2026/05/24 02:03:08.270, 3, 0, 10088
2026/05/24 02:03:23.353, 0, 9, 10490
2026/05/24 02:03:23.355, 1, 0, 10088
2026/05/24 02:03:23.356, 2, 0, 10088
2026/05/24 02:03:23.358, 3, 0, 10088
2026/05/24 02:03:38.477, 0, 13, 10490
2026/05/24 02:03:38.480, 1, 0, 10088
2026/05/24 02:03:38.481, 2, 0, 10088
2026/05/24 02:03:38.482, 3, 0, 10088
2026/05/24 02:03:53.567, 0, 9, 10490
2026/05/24 02:03:53.570, 1, 0, 10088
2026/05/24 02:03:53.571, 2, 0, 10088
2026/05/24 02:03:53.573, 3, 0, 10088
2026/05/24 02:04:08.995, 0, 10, 10490
2026/05/24 02:04:08.999, 1, 0, 10088
2026/05/24 02:04:09.001, 2, 100, 10088
2026/05/24 02:04:09.005, 3, 0, 10088
2026/05/24 02:04:24.251, 0, 3, 10490
2026/05/24 02:04:24.254, 1, 0, 10088
2026/05/24 02:04:24.255, 2, 0, 10088
2026/05/24 02:04:24.256, 3, 0, 10088
2026/05/24 02:04:39.358, 0, 13, 10490
2026/05/24 02:04:39.360, 1, 0, 10088
2026/05/24 02:04:39.361, 2, 0, 10088
2026/05/24 02:04:39.363, 3, 0, 10088
2026/05/24 02:04:54.445, 0, 9, 10490
2026/05/24 02:04:54.447, 1, 0, 10088
2026/05/24 02:04:54.449, 2, 0, 10088
2026/05/24 02:04:54.450, 3, 0, 10088
2026/05/24 02:05:09.577, 0, 46, 10490
2026/05/24 02:05:09.579, 1, 0, 10088
2026/05/24 02:05:09.580, 2, 100, 10088
2026/05/24 02:05:09.582, 3, 100, 10088
2026/05/24 02:05:24.689, 0, 9, 10490
2026/05/24 02:05:24.691, 1, 0, 10088
2026/05/24 02:05:24.693, 2, 0, 10088
2026/05/24 02:05:24.694, 3, 0, 10088
2026/05/24 02:05:39.799, 0, 13, 10490
2026/05/24 02:05:39.801, 1, 0, 10088
2026/05/24 02:05:39.803, 2, 0, 10088
2026/05/24 02:05:39.804, 3, 0, 10088
2026/05/24 02:05:54.910, 0, 100, 10490
2026/05/24 02:05:54.912, 1, 100, 10088
2026/05/24 02:05:54.913, 2, 0, 10088
2026/05/24 02:05:54.914, 3, 0, 10088
2026/05/24 02:06:10.004, 0, 10, 10490
2026/05/24 02:06:10.008, 1, 0, 10088
2026/05/24 02:06:10.009, 2, 0, 10088
2026/05/24 02:06:10.010, 3, 0, 10088
2026/05/24 02:06:25.117, 0, 2, 10490
2026/05/24 02:06:25.119, 1, 0, 10088
2026/05/24 02:06:25.120, 2, 0, 10088
2026/05/24 02:06:25.122, 3, 0, 10088
2026/05/24 02:06:40.227, 0, 14, 10490
2026/05/24 02:06:40.229, 1, 0, 10088
2026/05/24 02:06:40.230, 2, 0, 10088
2026/05/24 02:06:40.232, 3, 0, 10088
2026/05/24 02:06:55.334, 0, 100, 10490
2026/05/24 02:06:55.338, 1, 0, 10088
2026/05/24 02:06:55.339, 2, 0, 10088
2026/05/24 02:06:55.341, 3, 0, 10088
2026/05/24 02:07:10.429, 0, 8, 10490
2026/05/24 02:07:10.431, 1, 0, 10088
2026/05/24 02:07:10.433, 2, 0, 10088
2026/05/24 02:07:10.434, 3, 0, 10088
2026/05/24 02:07:25.520, 0, 67, 10490
2026/05/24 02:07:25.524, 1, 0, 10088
2026/05/24 02:07:25.525, 2, 0, 10088
2026/05/24 02:07:25.527, 3, 0, 10088
2026/05/24 02:07:40.632, 0, 100, 10490
2026/05/24 02:07:40.634, 1, 0, 10088
2026/05/24 02:07:40.635, 2, 0, 10088
2026/05/24 02:07:40.636, 3, 0, 10088
2026/05/24 02:07:55.741, 0, 6, 10490
2026/05/24 02:07:55.743, 1, 0, 10088
2026/05/24 02:07:55.745, 2, 0, 10088
2026/05/24 02:07:55.746, 3, 0, 10088
2026/05/24 02:08:10.879, 0, 0, 10490
2026/05/24 02:08:10.881, 1, 0, 10088
2026/05/24 02:08:10.883, 2, 0, 10088
2026/05/24 02:08:10.884, 3, 0, 10088
2026/05/24 02:08:25.970, 0, 8, 10490
2026/05/24 02:08:25.973, 1, 0, 10088
2026/05/24 02:08:25.974, 2, 0, 10088
2026/05/24 02:08:25.975, 3, 0, 10088
2026/05/24 02:08:41.062, 0, 100, 10490
2026/05/24 02:08:41.064, 1, 100, 10088
2026/05/24 02:08:41.065, 2, 0, 10088
2026/05/24 02:08:41.066, 3, 0, 10088
2026/05/24 02:08:56.150, 0, 15, 10490
2026/05/24 02:08:56.152, 1, 0, 10088
2026/05/24 02:08:56.153, 2, 0, 10088
2026/05/24 02:08:56.155, 3, 0, 10088
2026/05/24 02:09:11.439, 0, 100, 10490
2026/05/24 02:09:11.443, 1, 100, 10088
2026/05/24 02:09:11.446, 2, 100, 10088
2026/05/24 02:09:11.450, 3, 0, 10088
2026/05/24 02:09:26.590, 0, 9, 10490
2026/05/24 02:09:26.591, 1, 0, 10088
2026/05/24 02:09:26.592, 2, 0, 10088
2026/05/24 02:09:26.593, 3, 0, 10088
2026/05/24 02:09:41.690, 0, 9, 10490
2026/05/24 02:09:41.692, 1, 0, 10088
2026/05/24 02:09:41.693, 2, 0, 10088
2026/05/24 02:09:41.694, 3, 0, 10088
2026/05/24 02:09:56.798, 0, 12, 10490
2026/05/24 02:09:56.800, 1, 0, 10088
2026/05/24 02:09:56.801, 2, 0, 10088
2026/05/24 02:09:56.802, 3, 0, 10088
2026/05/24 02:10:11.932, 0, 12, 10490
2026/05/24 02:10:11.936, 1, 0, 10088
2026/05/24 02:10:11.938, 2, 0, 10088
2026/05/24 02:10:11.939, 3, 0, 10088
2026/05/24 02:10:27.138, 0, 9, 10490
2026/05/24 02:10:27.140, 1, 0, 10088
2026/05/24 02:10:27.142, 2, 0, 10088
2026/05/24 02:10:27.143, 3, 0, 10088
2026/05/24 02:10:42.229, 0, 100, 10490
2026/05/24 02:10:42.231, 1, 100, 10088
2026/05/24 02:10:42.233, 2, 0, 10088
2026/05/24 02:10:42.234, 3, 0, 10088
2026/05/24 02:10:57.337, 0, 11, 10490
2026/05/24 02:10:57.339, 1, 0, 10088
2026/05/24 02:10:57.341, 2, 0, 10088
2026/05/24 02:10:57.342, 3, 0, 10088
2026/05/24 02:11:12.424, 0, 6, 10490
2026/05/24 02:11:12.426, 1, 0, 10088
2026/05/24 02:11:12.427, 2, 0, 10088
2026/05/24 02:11:12.428, 3, 0, 10088
2026/05/24 02:11:27.509, 0, 3, 10490
2026/05/24 02:11:27.511, 1, 0, 10088
2026/05/24 02:11:27.513, 2, 62, 10088
2026/05/24 02:11:27.514, 3, 0, 10088
2026/05/24 02:11:42.965, 0, 9, 10490
2026/05/24 02:11:42.967, 1, 0, 10088
2026/05/24 02:11:42.968, 2, 0, 10088
2026/05/24 02:11:42.969, 3, 0, 10088
2026/05/24 02:11:58.059, 0, 12, 10490
2026/05/24 02:11:58.061, 1, 0, 10088
2026/05/24 02:11:58.063, 2, 0, 10088
2026/05/24 02:11:58.064, 3, 0, 10088
2026/05/24 02:12:13.160, 0, 10, 10490
2026/05/24 02:12:13.164, 1, 0, 10088
2026/05/24 02:12:13.167, 2, 100, 10088
2026/05/24 02:12:13.171, 3, 0, 10088
2026/05/24 02:12:28.257, 0, 9, 10490
2026/05/24 02:12:28.259, 1, 100, 10088
2026/05/24 02:12:28.260, 2, 100, 10088
2026/05/24 02:12:28.262, 3, 0, 10088
2026/05/24 02:12:43.366, 0, 7, 10490
2026/05/24 02:12:43.368, 1, 0, 10088
2026/05/24 02:12:43.369, 2, 0, 10088
2026/05/24 02:12:43.371, 3, 0, 10088
2026/05/24 02:12:58.558, 0, 10, 10490
2026/05/24 02:12:58.560, 1, 0, 10088
2026/05/24 02:12:58.562, 2, 0, 10088
2026/05/24 02:12:58.563, 3, 0, 10088
2026/05/24 02:13:13.831, 0, 57, 10490
2026/05/24 02:13:13.836, 1, 0, 10088
2026/05/24 02:13:13.838, 2, 0, 10088
2026/05/24 02:13:13.840, 3, 0, 10088
2026/05/24 02:13:28.929, 0, 9, 10490
2026/05/24 02:13:28.931, 1, 0, 10088
2026/05/24 02:13:28.933, 2, 0, 10088
2026/05/24 02:13:28.934, 3, 0, 10088
2026/05/24 02:13:44.044, 0, 10, 10490
2026/05/24 02:13:44.048, 1, 0, 10088
2026/05/24 02:13:44.051, 2, 100, 10088
2026/05/24 02:13:44.052, 3, 0, 10088
2026/05/24 02:13:59.198, 0, 100, 10490
2026/05/24 02:13:59.200, 1, 0, 10088
2026/05/24 02:13:59.201, 2, 0, 10088
2026/05/24 02:13:59.203, 3, 0, 10088
2026/05/24 02:14:14.289, 0, 100, 10490
2026/05/24 02:14:14.294, 1, 0, 10088
2026/05/24 02:14:14.295, 2, 0, 10088
2026/05/24 02:14:14.297, 3, 0, 10088
2026/05/24 02:14:29.454, 0, 2, 10490
2026/05/24 02:14:29.456, 1, 0, 10088
2026/05/24 02:14:29.458, 2, 0, 10088
2026/05/24 02:14:29.459, 3, 0, 10088
2026/05/24 02:14:44.602, 0, 3, 10490
2026/05/24 02:14:44.708, 1, 0, 10088
2026/05/24 02:14:44.710, 2, 0, 10088
2026/05/24 02:14:44.711, 3, 0, 10088
2026/05/24 02:14:59.789, 0, 100, 10490
2026/05/24 02:14:59.791, 1, 100, 10088
2026/05/24 02:14:59.793, 2, 100, 10088
2026/05/24 02:14:59.794, 3, 100, 10088
2026/05/24 02:15:14.898, 0, 13, 10490
2026/05/24 02:15:14.900, 1, 0, 10088
2026/05/24 02:15:14.901, 2, 0, 10088
2026/05/24 02:15:14.903, 3, 0, 10088
2026/05/24 02:15:30.011, 0, 100, 10490
2026/05/24 02:15:30.015, 1, 98, 10088
2026/05/24 02:15:30.018, 2, 0, 10088
2026/05/24 02:15:30.020, 3, 0, 10088
2026/05/24 02:15:45.110, 0, 9, 10490
2026/05/24 02:15:45.112, 1, 0, 10088
2026/05/24 02:15:45.114, 2, 0, 10088
2026/05/24 02:15:45.115, 3, 0, 10088
2026/05/24 02:16:00.200, 0, 4, 10490
2026/05/24 02:16:00.205, 1, 0, 10088
2026/05/24 02:16:00.208, 2, 0, 10088
2026/05/24 02:16:00.210, 3, 0, 10088
2026/05/24 02:16:15.498, 0, 0, 10490
2026/05/24 02:16:15.501, 1, 0, 10088
2026/05/24 02:16:15.502, 2, 0, 10088
2026/05/24 02:16:15.503, 3, 0, 10088
2026/05/24 02:16:30.713, 0, 9, 10490
2026/05/24 02:16:30.715, 1, 0, 10088
2026/05/24 02:16:30.716, 2, 0, 10088
2026/05/24 02:16:30.717, 3, 0, 10088
2026/05/24 02:16:45.804, 0, 100, 10490
2026/05/24 02:16:45.806, 1, 0, 10088
2026/05/24 02:16:45.807, 2, 0, 10088
2026/05/24 02:16:45.809, 3, 0, 10088
2026/05/24 02:17:00.894, 0, 9, 10490
2026/05/24 02:17:00.896, 1, 0, 10088
2026/05/24 02:17:00.897, 2, 0, 10088
2026/05/24 02:17:00.898, 3, 0, 10088
2026/05/24 02:17:15.999, 0, 17, 10490
2026/05/24 02:17:16.001, 1, 0, 10088
2026/05/24 02:17:16.003, 2, 0, 10088
2026/05/24 02:17:16.004, 3, 0, 10088
2026/05/24 02:17:31.142, 0, 2, 10490
2026/05/24 02:17:31.145, 1, 0, 10088
2026/05/24 02:17:31.146, 2, 0, 10088
2026/05/24 02:17:31.148, 3, 0, 10088
2026/05/24 02:17:46.236, 0, 7, 10490
2026/05/24 02:17:46.238, 1, 0, 10088
2026/05/24 02:17:46.240, 2, 0, 10088
2026/05/24 02:17:46.241, 3, 0, 10088
2026/05/24 02:18:01.443, 0, 8, 10490
2026/05/24 02:18:01.445, 1, 0, 10088
2026/05/24 02:18:01.447, 2, 0, 10088
2026/05/24 02:18:01.448, 3, 0, 10088
2026/05/24 02:18:16.535, 0, 14, 10490
2026/05/24 02:18:16.537, 1, 0, 10088
2026/05/24 02:18:16.538, 2, 0, 10088
2026/05/24 02:18:16.539, 3, 0, 10088
2026/05/24 02:18:31.632, 0, 100, 10490
2026/05/24 02:18:31.636, 1, 100, 10088
2026/05/24 02:18:31.638, 2, 100, 10088
2026/05/24 02:18:31.642, 3, 100, 10088
2026/05/24 02:18:46.737, 0, 9, 10490
2026/05/24 02:18:46.739, 1, 0, 10088
2026/05/24 02:18:46.740, 2, 0, 10088
2026/05/24 02:18:46.742, 3, 0, 10088
2026/05/24 02:19:02.023, 0, 100, 10490
2026/05/24 02:19:02.025, 1, 100, 10088
2026/05/24 02:19:02.026, 2, 100, 10088
2026/05/24 02:19:02.027, 3, 0, 10088
2026/05/24 02:19:17.130, 0, 8, 10490
2026/05/24 02:19:17.132, 1, 0, 10088
2026/05/24 02:19:17.133, 2, 0, 10088
2026/05/24 02:19:17.134, 3, 0, 10088
2026/05/24 02:19:32.347, 0, 1, 10490
2026/05/24 02:19:32.349, 1, 0, 10088
2026/05/24 02:19:32.350, 2, 0, 10088
2026/05/24 02:19:32.352, 3, 0, 10088
2026/05/24 02:19:47.438, 0, 10, 10490
2026/05/24 02:19:47.440, 1, 0, 10088
2026/05/24 02:19:47.441, 2, 0, 10088
2026/05/24 02:19:47.442, 3, 0, 10088
2026/05/24 02:20:02.530, 0, 9, 10490
2026/05/24 02:20:02.532, 1, 0, 10088
2026/05/24 02:20:02.534, 2, 0, 10088
2026/05/24 02:20:02.535, 3, 0, 10088
2026/05/24 02:20:17.621, 0, 8, 10490
2026/05/24 02:20:17.623, 1, 0, 10088
2026/05/24 02:20:17.625, 2, 0, 10088
2026/05/24 02:20:17.626, 3, 0, 10088
2026/05/24 02:20:32.732, 0, 13, 10490
2026/05/24 02:20:32.734, 1, 0, 10088
2026/05/24 02:20:32.735, 2, 0, 10088
2026/05/24 02:20:32.737, 3, 0, 10088
2026/05/24 02:20:47.914, 0, 1, 10490
2026/05/24 02:20:47.916, 1, 0, 10088
2026/05/24 02:20:47.917, 2, 0, 10088
2026/05/24 02:20:47.918, 3, 0, 10088
2026/05/24 02:21:03.045, 0, 5, 10490
2026/05/24 02:21:03.050, 1, 0, 10088
2026/05/24 02:21:03.051, 2, 0, 10088
2026/05/24 02:21:03.052, 3, 0, 10088
2026/05/24 02:21:18.241, 0, 8, 10490
2026/05/24 02:21:18.243, 1, 0, 10088
2026/05/24 02:21:18.245, 2, 0, 10088
2026/05/24 02:21:18.246, 3, 0, 10088
2026/05/24 02:21:33.346, 0, 11, 10490
2026/05/24 02:21:33.348, 1, 0, 10088
2026/05/24 02:21:33.349, 2, 0, 10088
2026/05/24 02:21:33.351, 3, 0, 10088
2026/05/24 02:21:48.437, 0, 8, 10490
2026/05/24 02:21:48.439, 1, 0, 10088
2026/05/24 02:21:48.441, 2, 0, 10088
2026/05/24 02:21:48.443, 3, 0, 10088
2026/05/24 02:22:03.531, 0, 100, 10490
2026/05/24 02:22:03.533, 1, 88, 10088
2026/05/24 02:22:03.534, 2, 0, 10088
2026/05/24 02:22:03.535, 3, 0, 10088
2026/05/24 02:22:18.621, 0, 1, 10490
2026/05/24 02:22:18.623, 1, 0, 10088
2026/05/24 02:22:18.625, 2, 0, 10088
2026/05/24 02:22:18.626, 3, 0, 10088
2026/05/24 02:22:33.869, 0, 8, 10490
2026/05/24 02:22:33.871, 1, 0, 10088
2026/05/24 02:22:33.873, 2, 0, 10088
2026/05/24 02:22:33.874, 3, 0, 10088
2026/05/24 02:22:49.004, 0, 9, 10490
2026/05/24 02:22:49.006, 1, 0, 10088
2026/05/24 02:22:49.009, 2, 0, 10088
2026/05/24 02:22:49.011, 3, 0, 10088
2026/05/24 02:23:04.103, 0, 100, 10490
2026/05/24 02:23:04.105, 1, 100, 10088
2026/05/24 02:23:04.106, 2, 0, 10088
2026/05/24 02:23:04.108, 3, 0, 10088
2026/05/24 02:23:19.197, 0, 10, 10490
2026/05/24 02:23:19.200, 1, 0, 10088
2026/05/24 02:23:19.202, 2, 0, 10088
2026/05/24 02:23:19.204, 3, 0, 10088
2026/05/24 02:23:34.310, 0, 100, 10490
2026/05/24 02:23:34.312, 1, 100, 10088
2026/05/24 02:23:34.313, 2, 0, 10088
2026/05/24 02:23:34.315, 3, 0, 10088
2026/05/24 02:23:49.483, 0, 28, 10490
2026/05/24 02:23:49.488, 1, 0, 10088
2026/05/24 02:23:49.489, 2, 0, 10088
2026/05/24 02:23:49.491, 3, 0, 10088
2026/05/24 02:24:04.625, 0, 4, 10490
2026/05/24 02:24:04.627, 1, 0, 10088
2026/05/24 02:24:04.629, 2, 0, 10088
2026/05/24 02:24:04.630, 3, 0, 10088
2026/05/24 02:24:19.834, 0, 8, 10490
2026/05/24 02:24:19.847, 1, 0, 10088
2026/05/24 02:24:19.848, 2, 0, 10088
2026/05/24 02:24:19.849, 3, 0, 10088
2026/05/24 02:24:34.937, 0, 7, 10490
2026/05/24 02:24:34.939, 1, 0, 10088
2026/05/24 02:24:34.940, 2, 0, 10088
2026/05/24 02:24:34.942, 3, 0, 10088
2026/05/24 02:24:50.042, 0, 13, 10490
2026/05/24 02:24:50.044, 1, 0, 10088
2026/05/24 02:24:50.045, 2, 0, 10088
2026/05/24 02:24:50.047, 3, 0, 10088
2026/05/24 02:25:05.130, 0, 100, 10490
2026/05/24 02:25:05.132, 1, 0, 10088
2026/05/24 02:25:05.134, 2, 0, 10088
2026/05/24 02:25:05.135, 3, 0, 10088
2026/05/24 02:25:20.301, 0, 5, 10490
2026/05/24 02:25:20.303, 1, 0, 10088
2026/05/24 02:25:20.304, 2, 0, 10088
2026/05/24 02:25:20.306, 3, 0, 10088
2026/05/24 02:25:35.518, 0, 7, 10490
2026/05/24 02:25:35.520, 1, 0, 10088
2026/05/24 02:25:35.521, 2, 0, 10088
2026/05/24 02:25:35.522, 3, 0, 10088
2026/05/24 02:25:50.794, 0, 12, 10490
2026/05/24 02:25:50.797, 1, 0, 10088
2026/05/24 02:25:50.798, 2, 0, 10088
2026/05/24 02:25:50.800, 3, 0, 10088
2026/05/24 02:26:05.886, 0, 5, 10490
2026/05/24 02:26:05.888, 1, 0, 10088
2026/05/24 02:26:05.889, 2, 100, 10088
2026/05/24 02:26:05.891, 3, 0, 10088
2026/05/24 02:26:20.981, 0, 8, 10490
2026/05/24 02:26:20.983, 1, 0, 10088
2026/05/24 02:26:20.985, 2, 0, 10088
2026/05/24 02:26:20.986, 3, 0, 10088
2026/05/24 02:26:36.092, 0, 10, 10490
2026/05/24 02:26:36.096, 1, 0, 10088
2026/05/24 02:26:36.097, 2, 0, 10088
2026/05/24 02:26:36.098, 3, 0, 10088
2026/05/24 02:26:51.186, 0, 9, 10490
2026/05/24 02:26:51.188, 1, 0, 10088
2026/05/24 02:26:51.189, 2, 0, 10088
2026/05/24 02:26:51.191, 3, 0, 10088
2026/05/24 02:27:06.320, 0, 0, 10490
2026/05/24 02:27:06.322, 1, 0, 10088
2026/05/24 02:27:06.324, 2, 0, 10088
2026/05/24 02:27:06.325, 3, 0, 10088
2026/05/24 02:27:21.545, 0, 100, 10490
2026/05/24 02:27:21.547, 1, 100, 10088
2026/05/24 02:27:21.549, 2, 100, 10088
2026/05/24 02:27:21.550, 3, 100, 10088
2026/05/24 02:27:36.633, 0, 9, 10490
2026/05/24 02:27:36.635, 1, 0, 10088
2026/05/24 02:27:36.637, 2, 0, 10088
2026/05/24 02:27:36.638, 3, 0, 10088
2026/05/24 02:27:51.748, 0, 100, 10490
2026/05/24 02:27:51.752, 1, 100, 10088
2026/05/24 02:27:51.781, 2, 0, 10088
2026/05/24 02:27:51.783, 3, 0, 10088
2026/05/24 02:28:06.879, 0, 13, 10490
2026/05/24 02:28:06.881, 1, 0, 10088
2026/05/24 02:28:06.883, 2, 0, 10088
2026/05/24 02:28:06.884, 3, 0, 10088
2026/05/24 02:28:21.974, 0, 9, 10490
2026/05/24 02:28:21.978, 1, 0, 10088
2026/05/24 02:28:21.980, 2, 0, 10088
2026/05/24 02:28:21.981, 3, 0, 10088
2026/05/24 02:28:37.197, 0, 8, 10490
2026/05/24 02:28:37.199, 1, 0, 10088
2026/05/24 02:28:37.200, 2, 0, 10088
2026/05/24 02:28:37.201, 3, 0, 10088
2026/05/24 02:28:52.390, 0, 0, 10490
2026/05/24 02:28:52.392, 1, 0, 10088
2026/05/24 02:28:52.394, 2, 0, 10088
2026/05/24 02:28:52.395, 3, 0, 10088
2026/05/24 02:29:07.505, 0, 12, 10490
2026/05/24 02:29:07.507, 1, 0, 10088
2026/05/24 02:29:07.509, 2, 0, 10088
2026/05/24 02:29:07.510, 3, 0, 10088
2026/05/24 02:29:22.623, 0, 9, 10490
2026/05/24 02:29:22.626, 1, 0, 10088
2026/05/24 02:29:22.628, 2, 0, 10088
2026/05/24 02:29:22.632, 3, 0, 10088
2026/05/24 02:29:37.726, 0, 9, 10490
2026/05/24 02:29:37.728, 1, 0, 10088
2026/05/24 02:29:37.729, 2, 0, 10088
2026/05/24 02:29:37.731, 3, 0, 10088
2026/05/24 02:29:52.818, 0, 7, 10490
2026/05/24 02:29:52.820, 1, 0, 10088
2026/05/24 02:29:52.822, 2, 0, 10088
2026/05/24 02:29:52.823, 3, 0, 10088
2026/05/24 02:30:07.959, 0, 17, 10490
2026/05/24 02:30:07.961, 1, 0, 10088
2026/05/24 02:30:07.962, 2, 0, 10088
2026/05/24 02:30:07.964, 3, 0, 10088
2026/05/24 02:30:23.210, 0, 100, 10490
2026/05/24 02:30:23.212, 1, 100, 10088
2026/05/24 02:30:23.214, 2, 0, 10088
2026/05/24 02:30:23.215, 3, 0, 10088
2026/05/24 02:30:38.357, 0, 9, 10490
2026/05/24 02:30:38.362, 1, 0, 10088
2026/05/24 02:30:38.365, 2, 0, 10088
2026/05/24 02:30:38.368, 3, 0, 10088
2026/05/24 02:30:53.462, 0, 9, 10490
2026/05/24 02:30:53.464, 1, 0, 10088
2026/05/24 02:30:53.465, 2, 0, 10088
2026/05/24 02:30:53.466, 3, 0, 10088
2026/05/24 02:31:08.586, 0, 14, 10490
2026/05/24 02:31:08.588, 1, 0, 10088
2026/05/24 02:31:08.589, 2, 0, 10088
2026/05/24 02:31:08.591, 3, 0, 10088
2026/05/24 02:31:23.699, 0, 9, 10490
2026/05/24 02:31:23.701, 1, 0, 10088
2026/05/24 02:31:23.702, 2, 0, 10088
2026/05/24 02:31:23.704, 3, 0, 10088
2026/05/24 02:31:38.790, 0, 9, 10490
2026/05/24 02:31:38.792, 1, 0, 10088
2026/05/24 02:31:38.793, 2, 0, 10088
2026/05/24 02:31:38.795, 3, 0, 10088
2026/05/24 02:31:53.899, 0, 10, 10490
2026/05/24 02:31:53.902, 1, 0, 10088
2026/05/24 02:31:53.903, 2, 0, 10088
2026/05/24 02:31:53.905, 3, 0, 10088
2026/05/24 02:32:09.006, 0, 15, 10490
2026/05/24 02:32:09.008, 1, 0, 10088
2026/05/24 02:32:09.009, 2, 0, 10088
2026/05/24 02:32:09.011, 3, 0, 10088
2026/05/24 02:32:24.208, 0, 87, 10490
2026/05/24 02:32:24.211, 1, 41, 10088
2026/05/24 02:32:24.214, 2, 100, 10088
2026/05/24 02:32:24.312, 3, 0, 10088
2026/05/24 02:32:39.394, 0, 53, 10490
2026/05/24 02:32:39.396, 1, 100, 10088
2026/05/24 02:32:39.397, 2, 0, 10088
2026/05/24 02:32:39.398, 3, 0, 10088
2026/05/24 02:32:54.482, 0, 9, 10490
2026/05/24 02:32:54.484, 1, 0, 10088
2026/05/24 02:32:54.486, 2, 0, 10088
2026/05/24 02:32:54.487, 3, 0, 10088
2026/05/24 02:33:09.580, 0, 24, 10490
2026/05/24 02:33:09.584, 1, 98, 10088
2026/05/24 02:33:09.587, 2, 0, 10088
2026/05/24 02:33:09.591, 3, 0, 10088
2026/05/24 02:33:24.761, 0, 0, 10490
2026/05/24 02:33:24.763, 1, 0, 10088
2026/05/24 02:33:24.764, 2, 0, 10088
2026/05/24 02:33:24.765, 3, 0, 10088
2026/05/24 02:33:39.850, 0, 9, 10490
2026/05/24 02:33:39.852, 1, 0, 10088
2026/05/24 02:33:39.853, 2, 100, 10088
2026/05/24 02:33:39.855, 3, 0, 10088
2026/05/24 02:33:55.011, 0, 6, 10490
2026/05/24 02:33:55.015, 1, 0, 10088
2026/05/24 02:33:55.018, 2, 0, 10088
2026/05/24 02:33:55.020, 3, 0, 10088
2026/05/24 02:34:10.186, 0, 25, 10490
2026/05/24 02:34:10.190, 1, 0, 10088
2026/05/24 02:34:10.191, 2, 0, 10088
2026/05/24 02:34:10.193, 3, 0, 10088
2026/05/24 02:34:25.283, 0, 5, 10490
2026/05/24 02:34:25.285, 1, 0, 10088
2026/05/24 02:34:25.287, 2, 0, 10088
2026/05/24 02:34:25.289, 3, 0, 10088
2026/05/24 02:34:40.479, 0, 100, 10490
2026/05/24 02:34:40.481, 1, 100, 10088
2026/05/24 02:34:40.482, 2, 0, 10088
2026/05/24 02:34:40.484, 3, 0, 10088
2026/05/24 02:34:55.724, 0, 6, 10490
2026/05/24 02:34:55.728, 1, 0, 10088
2026/05/24 02:34:55.731, 2, 0, 10088
2026/05/24 02:34:55.732, 3, 0, 10088
2026/05/24 02:35:10.830, 0, 8, 10490
2026/05/24 02:35:10.832, 1, 0, 10088
2026/05/24 02:35:10.833, 2, 0, 10088
2026/05/24 02:35:10.834, 3, 0, 10088
2026/05/24 02:35:25.919, 0, 13, 10490
2026/05/24 02:35:25.921, 1, 0, 10088
2026/05/24 02:35:25.922, 2, 0, 10088
2026/05/24 02:35:25.924, 3, 0, 10088
2026/05/24 02:35:41.036, 0, 5, 10490
2026/05/24 02:35:41.039, 1, 0, 10088
2026/05/24 02:35:41.042, 2, 100, 10088
2026/05/24 02:35:41.045, 3, 0, 10088
2026/05/24 02:35:56.138, 0, 100, 10490
2026/05/24 02:35:56.140, 1, 100, 10088
2026/05/24 02:35:56.141, 2, 0, 10088
2026/05/24 02:35:56.143, 3, 0, 10088
2026/05/24 02:36:11.326, 0, 7, 10490
2026/05/24 02:36:11.329, 1, 0, 10088
2026/05/24 02:36:11.333, 2, 99, 10088
2026/05/24 02:36:11.336, 3, 0, 10088
2026/05/24 02:36:26.447, 0, 8, 10490
2026/05/24 02:36:26.660, 1, 0, 10088
2026/05/24 02:36:26.661, 2, 0, 10088
2026/05/24 02:36:26.662, 3, 0, 10088
2026/05/24 02:36:41.745, 0, 8, 10490
2026/05/24 02:36:41.747, 1, 0, 10088
2026/05/24 02:36:41.748, 2, 0, 10088
2026/05/24 02:36:41.750, 3, 0, 10088
2026/05/24 02:36:56.838, 0, 10, 10490
2026/05/24 02:36:56.842, 1, 0, 10088
2026/05/24 02:36:56.843, 2, 0, 10088
2026/05/24 02:36:56.845, 3, 0, 10088
2026/05/24 02:37:11.940, 0, 41, 10490
2026/05/24 02:37:11.943, 1, 83, 10088
2026/05/24 02:37:11.947, 2, 0, 10088
2026/05/24 02:37:11.950, 3, 0, 10088
2026/05/24 02:37:27.099, 0, 13, 10490
2026/05/24 02:37:27.101, 1, 0, 10088
2026/05/24 02:37:27.102, 2, 0, 10088
2026/05/24 02:37:27.195, 3, 0, 10088
2026/05/24 02:37:42.349, 0, 10, 10490
2026/05/24 02:37:42.353, 1, 0, 10088
2026/05/24 02:37:42.357, 2, 100, 10088
2026/05/24 02:37:42.360, 3, 0, 10088
2026/05/24 02:37:57.454, 0, 9, 10490
2026/05/24 02:37:57.456, 1, 0, 10088
2026/05/24 02:37:57.457, 2, 0, 10088
2026/05/24 02:37:57.458, 3, 0, 10088
2026/05/24 02:38:12.544, 0, 100, 10490
2026/05/24 02:38:12.548, 1, 0, 10088
2026/05/24 02:38:12.549, 2, 0, 10088
2026/05/24 02:38:12.550, 3, 0, 10088
2026/05/24 02:38:27.781, 0, 11, 10490
2026/05/24 02:38:27.783, 1, 0, 10088
2026/05/24 02:38:27.784, 2, 0, 10088
2026/05/24 02:38:27.786, 3, 0, 10088
2026/05/24 02:38:42.878, 0, 0, 10490
2026/05/24 02:38:42.882, 1, 0, 10088
2026/05/24 02:38:42.885, 2, 0, 10088
2026/05/24 02:38:42.886, 3, 0, 10088
2026/05/24 02:38:57.973, 0, 100, 10490
2026/05/24 02:38:57.975, 1, 100, 10088
2026/05/24 02:38:57.977, 2, 100, 10088
2026/05/24 02:38:57.978, 3, 100, 10088
2026/05/24 02:39:13.067, 0, 6, 10490
2026/05/24 02:39:13.070, 1, 0, 10088
2026/05/24 02:39:13.073, 2, 0, 10088
2026/05/24 02:39:13.075, 3, 0, 10088
2026/05/24 02:39:28.165, 0, 0, 10490
2026/05/24 02:39:28.168, 1, 0, 10088
2026/05/24 02:39:28.169, 2, 0, 10088
2026/05/24 02:39:28.170, 3, 0, 10088
2026/05/24 02:39:43.287, 0, 10, 10490
2026/05/24 02:39:43.289, 1, 0, 10088
2026/05/24 02:39:43.290, 2, 0, 10088
2026/05/24 02:39:43.291, 3, 0, 10088
2026/05/24 02:39:58.410, 0, 100, 10490
2026/05/24 02:39:58.412, 1, 0, 10088
2026/05/24 02:39:58.413, 2, 0, 10088
2026/05/24 02:39:58.414, 3, 0, 10088
2026/05/24 02:40:13.505, 0, 100, 10490
2026/05/24 02:40:13.509, 1, 100, 10088
2026/05/24 02:40:13.513, 2, 0, 10088
2026/05/24 02:40:13.516, 3, 0, 10088
2026/05/24 02:40:28.613, 0, 10, 10490
2026/05/24 02:40:28.617, 1, 0, 10088
2026/05/24 02:40:28.618, 2, 0, 10088
2026/05/24 02:40:28.619, 3, 0, 10088
2026/05/24 02:40:43.707, 0, 10, 10490
2026/05/24 02:40:43.709, 1, 0, 10088
2026/05/24 02:40:43.710, 2, 0, 10088
2026/05/24 02:40:43.712, 3, 0, 10088
2026/05/24 02:40:58.838, 0, 7, 10490
2026/05/24 02:40:58.842, 1, 0, 10088
2026/05/24 02:40:58.846, 2, 0, 10088
2026/05/24 02:40:58.850, 3, 0, 10088
2026/05/24 02:41:13.942, 0, 4, 10490
2026/05/24 02:41:13.944, 1, 0, 10088
2026/05/24 02:41:13.946, 2, 0, 10088
2026/05/24 02:41:13.947, 3, 0, 10088
2026/05/24 02:41:29.033, 0, 9, 10490
2026/05/24 02:41:29.035, 1, 0, 10088
2026/05/24 02:41:29.037, 2, 0, 10088
2026/05/24 02:41:29.038, 3, 0, 10088
2026/05/24 02:41:44.123, 0, 4, 10490
2026/05/24 02:41:44.125, 1, 0, 10088
2026/05/24 02:41:44.127, 2, 0, 10088
2026/05/24 02:41:44.128, 3, 0, 10088
2026/05/24 02:41:59.258, 0, 9, 10490
2026/05/24 02:41:59.261, 1, 0, 10088
2026/05/24 02:41:59.264, 2, 0, 10088
2026/05/24 02:41:59.265, 3, 0, 10088
2026/05/24 02:42:14.359, 0, 70, 10490
2026/05/24 02:42:14.361, 1, 0, 10088
2026/05/24 02:42:14.362, 2, 0, 10088
2026/05/24 02:42:14.364, 3, 0, 10088
2026/05/24 02:42:29.703, 0, 3, 10490
2026/05/24 02:42:29.704, 1, 0, 10088
2026/05/24 02:42:29.705, 2, 0, 10088
2026/05/24 02:42:29.706, 3, 0, 10088
2026/05/24 02:42:44.979, 0, 9, 10490
2026/05/24 02:42:44.981, 1, 0, 10088
2026/05/24 02:42:44.982, 2, 0, 10088
2026/05/24 02:42:44.984, 3, 0, 10088
2026/05/24 02:43:00.072, 0, 9, 10490
2026/05/24 02:43:00.074, 1, 0, 10088
2026/05/24 02:43:00.075, 2, 0, 10088
2026/05/24 02:43:00.077, 3, 0, 10088
2026/05/24 02:43:15.162, 0, 100, 10490
2026/05/24 02:43:15.164, 1, 100, 10088
2026/05/24 02:43:15.165, 2, 0, 10088
2026/05/24 02:43:15.167, 3, 0, 10088
2026/05/24 02:43:30.258, 0, 9, 10490
2026/05/24 02:43:30.262, 1, 0, 10088
2026/05/24 02:43:30.265, 2, 100, 10088
2026/05/24 02:43:30.268, 3, 0, 10088
2026/05/24 02:43:45.375, 0, 13, 10490
2026/05/24 02:43:45.377, 1, 0, 10088
2026/05/24 02:43:45.378, 2, 0, 10088
2026/05/24 02:43:45.380, 3, 0, 10088
2026/05/24 02:44:00.466, 0, 9, 10490
2026/05/24 02:44:00.468, 1, 0, 10088
2026/05/24 02:44:00.470, 2, 0, 10088
2026/05/24 02:44:00.471, 3, 0, 10088
2026/05/24 02:44:15.767, 0, 6, 10490
2026/05/24 02:44:15.769, 1, 0, 10088
2026/05/24 02:44:15.771, 2, 0, 10088
2026/05/24 02:44:15.773, 3, 0, 10088
2026/05/24 02:44:30.906, 0, 9, 10490
2026/05/24 02:44:30.908, 1, 0, 10088
2026/05/24 02:44:31.012, 2, 0, 10088
2026/05/24 02:44:31.013, 3, 0, 10088
2026/05/24 02:44:46.111, 0, 15, 10490
2026/05/24 02:44:46.113, 1, 0, 10088
2026/05/24 02:44:46.114, 2, 0, 10088
2026/05/24 02:44:46.116, 3, 0, 10088
2026/05/24 02:45:01.202, 0, 9, 10490
2026/05/24 02:45:01.204, 1, 0, 10088
2026/05/24 02:45:01.206, 2, 0, 10088
2026/05/24 02:45:01.207, 3, 0, 10088
2026/05/24 02:45:16.295, 0, 100, 10490
2026/05/24 02:45:16.297, 1, 0, 10088
2026/05/24 02:45:16.298, 2, 0, 10088
2026/05/24 02:45:16.299, 3, 0, 10088
2026/05/24 02:45:31.403, 0, 7, 10490
2026/05/24 02:45:31.405, 1, 0, 10088
2026/05/24 02:45:31.406, 2, 0, 10088
2026/05/24 02:45:31.408, 3, 0, 10088
2026/05/24 02:45:46.511, 0, 14, 10490
2026/05/24 02:45:46.513, 1, 0, 10088
2026/05/24 02:45:46.515, 2, 0, 10088
2026/05/24 02:45:46.516, 3, 0, 10088
2026/05/24 02:46:01.686, 0, 8, 10490
2026/05/24 02:46:01.688, 1, 0, 10088
2026/05/24 02:46:01.689, 2, 0, 10088
2026/05/24 02:46:01.691, 3, 0, 10088
2026/05/24 02:46:16.778, 0, 9, 10490
2026/05/24 02:46:16.780, 1, 0, 10088
2026/05/24 02:46:16.781, 2, 0, 10088
2026/05/24 02:46:16.783, 3, 0, 10088
2026/05/24 02:46:31.917, 0, 5, 10490
2026/05/24 02:46:31.921, 1, 0, 10088
2026/05/24 02:46:31.924, 2, 0, 10088
2026/05/24 02:46:31.926, 3, 0, 10088
2026/05/24 02:46:47.031, 0, 11, 10490
2026/05/24 02:46:47.033, 1, 0, 10088
2026/05/24 02:46:47.034, 2, 0, 10088
2026/05/24 02:46:47.036, 3, 0, 10088
2026/05/24 02:47:02.122, 0, 65, 10490
2026/05/24 02:47:02.124, 1, 96, 10088
2026/05/24 02:47:02.126, 2, 0, 10088
2026/05/24 02:47:02.127, 3, 0, 10088
2026/05/24 02:47:17.330, 0, 3, 10490
2026/05/24 02:47:17.332, 1, 0, 10088
2026/05/24 02:47:17.333, 2, 0, 10088
2026/05/24 02:47:17.334, 3, 0, 10088
2026/05/24 02:47:32.415, 0, 43, 10490
2026/05/24 02:47:32.417, 1, 0, 10088
2026/05/24 02:47:32.419, 2, 0, 10088
2026/05/24 02:47:32.421, 3, 0, 10088
2026/05/24 02:47:47.505, 0, 100, 10490
2026/05/24 02:47:47.508, 1, 100, 10088
2026/05/24 02:47:47.509, 2, 100, 10088
2026/05/24 02:47:47.510, 3, 0, 10088
2026/05/24 02:48:02.614, 0, 9, 10490
2026/05/24 02:48:02.616, 1, 0, 10088
2026/05/24 02:48:02.617, 2, 0, 10088
2026/05/24 02:48:02.618, 3, 0, 10088
2026/05/24 02:48:17.706, 0, 100, 10490
2026/05/24 02:48:17.710, 1, 97, 10088
2026/05/24 02:48:17.713, 2, 0, 10088
2026/05/24 02:48:17.715, 3, 0, 10088
2026/05/24 02:48:32.807, 0, 8, 10490
2026/05/24 02:48:32.809, 1, 0, 10088
2026/05/24 02:48:32.810, 2, 0, 10088
2026/05/24 02:48:32.812, 3, 0, 10088
2026/05/24 02:48:47.937, 0, 9, 10490
2026/05/24 02:48:47.939, 1, 0, 10088
2026/05/24 02:48:47.940, 2, 0, 10088
2026/05/24 02:48:47.941, 3, 0, 10088
2026/05/24 02:49:03.318, 0, 8, 10490
2026/05/24 02:49:03.320, 1, 0, 10088
2026/05/24 02:49:03.321, 2, 0, 10088
2026/05/24 02:49:03.322, 3, 0, 10088
2026/05/24 02:49:18.407, 0, 8, 10490
2026/05/24 02:49:18.409, 1, 0, 10088
2026/05/24 02:49:18.410, 2, 0, 10088
2026/05/24 02:49:18.412, 3, 0, 10088
2026/05/24 02:49:33.497, 0, 100, 10490
2026/05/24 02:49:33.499, 1, 100, 10088
2026/05/24 02:49:33.501, 2, 0, 10088
2026/05/24 02:49:33.502, 3, 0, 10088
2026/05/24 02:49:48.648, 0, 100, 10490
2026/05/24 02:49:48.652, 1, 100, 10088
2026/05/24 02:49:48.654, 2, 97, 10088
2026/05/24 02:49:48.657, 3, 0, 10088
2026/05/24 02:50:03.767, 0, 13, 10490
2026/05/24 02:50:03.769, 1, 0, 10088
2026/05/24 02:50:03.770, 2, 0, 10088
2026/05/24 02:50:03.772, 3, 0, 10088
2026/05/24 02:50:19.064, 0, 100, 10490
2026/05/24 02:50:19.068, 1, 100, 10088
2026/05/24 02:50:19.071, 2, 100, 10088
2026/05/24 02:50:19.076, 3, 0, 10088
2026/05/24 02:50:34.202, 0, 3, 10490
2026/05/24 02:50:34.204, 1, 0, 10088
2026/05/24 02:50:34.205, 2, 0, 10088
2026/05/24 02:50:34.207, 3, 0, 10088
2026/05/24 02:50:49.355, 0, 9, 10490
2026/05/24 02:50:49.359, 1, 0, 10088
2026/05/24 02:50:49.363, 2, 0, 10088
2026/05/24 02:50:49.364, 3, 0, 10088
2026/05/24 02:51:04.554, 0, 13, 10490
2026/05/24 02:51:04.556, 1, 0, 10088
2026/05/24 02:51:04.557, 2, 0, 10088
2026/05/24 02:51:04.559, 3, 0, 10088
2026/05/24 02:51:19.700, 0, 46, 10490
2026/05/24 02:51:19.704, 1, 91, 10088
2026/05/24 02:51:19.707, 2, 0, 10088
2026/05/24 02:51:19.709, 3, 0, 10088
2026/05/24 02:51:34.797, 0, 8, 10490
2026/05/24 02:51:34.799, 1, 0, 10088
2026/05/24 02:51:34.800, 2, 0, 10088
2026/05/24 02:51:34.802, 3, 0, 10088
2026/05/24 02:51:49.885, 0, 2, 10490
2026/05/24 02:51:49.888, 1, 0, 10088
2026/05/24 02:51:49.889, 2, 0, 10088
2026/05/24 02:51:49.890, 3, 0, 10088
2026/05/24 02:52:05.122, 0, 14, 10490
2026/05/24 02:52:05.124, 1, 0, 10088
2026/05/24 02:52:05.125, 2, 0, 10088
2026/05/24 02:52:05.126, 3, 0, 10088
2026/05/24 02:52:20.206, 0, 9, 10490
2026/05/24 02:52:20.208, 1, 0, 10088
2026/05/24 02:52:20.210, 2, 0, 10088
2026/05/24 02:52:20.211, 3, 0, 10088
2026/05/24 02:52:35.324, 0, 10, 10490
2026/05/24 02:52:35.328, 1, 0, 10088
2026/05/24 02:52:35.331, 2, 100, 10088
2026/05/24 02:52:35.334, 3, 0, 10088
2026/05/24 02:52:50.434, 0, 9, 10490
2026/05/24 02:52:50.438, 1, 0, 10088
2026/05/24 02:52:50.442, 2, 0, 10088
2026/05/24 02:52:50.443, 3, 0, 10088
2026/05/24 02:53:05.533, 0, 100, 10490
2026/05/24 02:53:05.536, 1, 100, 10088
2026/05/24 02:53:05.537, 2, 38, 10088
2026/05/24 02:53:05.538, 3, 0, 10088
2026/05/24 02:53:20.622, 0, 10, 10490
2026/05/24 02:53:20.624, 1, 0, 10088
2026/05/24 02:53:20.626, 2, 0, 10088
2026/05/24 02:53:20.627, 3, 0, 10088
2026/05/24 02:53:35.713, 0, 7, 10490
2026/05/24 02:53:35.715, 1, 0, 10088
2026/05/24 02:53:35.717, 2, 0, 10088
2026/05/24 02:53:35.718, 3, 0, 10088
2026/05/24 02:53:50.802, 0, 9, 10490
2026/05/24 02:53:50.804, 1, 0, 10088
2026/05/24 02:53:50.805, 2, 0, 10088
2026/05/24 02:53:50.807, 3, 0, 10088
2026/05/24 02:54:05.890, 0, 9, 10490
2026/05/24 02:54:05.892, 1, 0, 10088
2026/05/24 02:54:05.893, 2, 0, 10088
2026/05/24 02:54:05.895, 3, 0, 10088
2026/05/24 02:54:21.018, 0, 15, 10490
2026/05/24 02:54:21.020, 1, 0, 10088
2026/05/24 02:54:21.021, 2, 0, 10088
2026/05/24 02:54:21.023, 3, 0, 10088
2026/05/24 02:54:36.230, 0, 77, 10490
2026/05/24 02:54:36.234, 1, 98, 10088
2026/05/24 02:54:36.238, 2, 0, 10088
2026/05/24 02:54:36.240, 3, 0, 10088
2026/05/24 02:54:51.336, 0, 100, 10490
2026/05/24 02:54:51.338, 1, 100, 10088
2026/05/24 02:54:51.340, 2, 0, 10088
2026/05/24 02:54:51.341, 3, 0, 10088
2026/05/24 02:55:06.426, 0, 8, 10490
2026/05/24 02:55:06.428, 1, 0, 10088
2026/05/24 02:55:06.429, 2, 0, 10088
2026/05/24 02:55:06.431, 3, 0, 10088
2026/05/24 02:55:21.518, 0, 4, 10490
2026/05/24 02:55:21.520, 1, 0, 10088
2026/05/24 02:55:21.522, 2, 0, 10088
2026/05/24 02:55:21.523, 3, 0, 10088
2026/05/24 02:55:36.726, 0, 0, 10490
2026/05/24 02:55:36.728, 1, 0, 10088
2026/05/24 02:55:36.730, 2, 0, 10088
2026/05/24 02:55:36.731, 3, 0, 10088
2026/05/24 02:55:51.836, 0, 9, 10490
2026/05/24 02:55:51.838, 1, 0, 10088
2026/05/24 02:55:51.839, 2, 0, 10088
2026/05/24 02:55:51.841, 3, 0, 10088
2026/05/24 02:56:06.947, 0, 100, 10490
2026/05/24 02:56:06.951, 1, 100, 10088
2026/05/24 02:56:06.954, 2, 95, 10088
2026/05/24 02:56:06.956, 3, 0, 10088
2026/05/24 02:56:22.083, 0, 3, 10490
2026/05/24 02:56:22.085, 1, 0, 10088
2026/05/24 02:56:22.086, 2, 0, 10088
2026/05/24 02:56:22.088, 3, 0, 10088
2026/05/24 02:56:37.310, 0, 100, 10490
2026/05/24 02:56:37.312, 1, 100, 10088
2026/05/24 02:56:37.313, 2, 91, 10088
2026/05/24 02:56:37.315, 3, 100, 10088
2026/05/24 02:56:52.483, 0, 8, 10490
2026/05/24 02:56:52.487, 1, 0, 10088
2026/05/24 02:56:52.491, 2, 0, 10088
2026/05/24 02:56:52.494, 3, 0, 10088
2026/05/24 02:57:07.586, 0, 9, 10490
2026/05/24 02:57:07.590, 1, 0, 10088
2026/05/24 02:57:07.594, 2, 0, 10088
2026/05/24 02:57:07.595, 3, 0, 10088
2026/05/24 02:57:22.702, 0, 15, 10490
2026/05/24 02:57:22.704, 1, 0, 10088
2026/05/24 02:57:22.705, 2, 0, 10088
2026/05/24 02:57:22.707, 3, 0, 10088
2026/05/24 02:57:37.817, 0, 9, 10490
2026/05/24 02:57:37.820, 1, 0, 10088
2026/05/24 02:57:37.821, 2, 0, 10088
2026/05/24 02:57:37.823, 3, 0, 10088
2026/05/24 02:57:52.951, 0, 9, 10490
2026/05/24 02:57:52.953, 1, 0, 10088
2026/05/24 02:57:52.954, 2, 0, 10088
2026/05/24 02:57:52.956, 3, 0, 10088
2026/05/24 02:58:08.051, 0, 100, 10490
2026/05/24 02:58:08.055, 1, 100, 10088
2026/05/24 02:58:08.058, 2, 0, 10088
2026/05/24 02:58:08.061, 3, 98, 10088
2026/05/24 02:58:23.174, 0, 1, 10490
2026/05/24 02:58:23.176, 1, 0, 10088
2026/05/24 02:58:23.178, 2, 0, 10088
2026/05/24 02:58:23.179, 3, 0, 10088
2026/05/24 02:58:38.282, 0, 100, 10490
2026/05/24 02:58:38.284, 1, 100, 10088
2026/05/24 02:58:38.286, 2, 0, 10088
2026/05/24 02:58:38.287, 3, 0, 10088
2026/05/24 02:58:53.373, 0, 7, 10490
2026/05/24 02:58:53.375, 1, 0, 10088
2026/05/24 02:58:53.376, 2, 0, 10088
2026/05/24 02:58:53.378, 3, 0, 10088
2026/05/24 02:59:08.461, 0, 8, 10490
2026/05/24 02:59:08.463, 1, 0, 10088
2026/05/24 02:59:08.465, 2, 0, 10088
2026/05/24 02:59:08.466, 3, 0, 10088
2026/05/24 02:59:23.567, 0, 2, 10490
2026/05/24 02:59:23.569, 1, 0, 10088
2026/05/24 02:59:23.570, 2, 0, 10088
2026/05/24 02:59:23.572, 3, 0, 10088
2026/05/24 02:59:38.711, 0, 6, 10490
2026/05/24 02:59:38.713, 1, 0, 10088
2026/05/24 02:59:38.714, 2, 0, 10088
2026/05/24 02:59:38.715, 3, 0, 10088
2026/05/24 02:59:53.802, 0, 4, 10490
2026/05/24 02:59:53.804, 1, 0, 10088
2026/05/24 02:59:53.806, 2, 0, 10088
2026/05/24 02:59:53.807, 3, 0, 10088
2026/05/24 03:00:08.896, 0, 100, 10490
2026/05/24 03:00:08.900, 1, 0, 10088
2026/05/24 03:00:08.901, 2, 0, 10088
2026/05/24 03:00:08.903, 3, 0, 10088
2026/05/24 03:00:24.006, 0, 12, 10490
2026/05/24 03:00:24.008, 1, 0, 10088
2026/05/24 03:00:24.009, 2, 0, 10088
2026/05/24 03:00:24.011, 3, 0, 10088
2026/05/24 03:00:39.240, 0, 2, 10490
2026/05/24 03:00:39.241, 1, 0, 10088
2026/05/24 03:00:39.282, 2, 0, 10088
2026/05/24 03:00:39.283, 3, 0, 10088
2026/05/24 03:00:54.436, 0, 100, 10490
2026/05/24 03:00:54.439, 1, 96, 10088
2026/05/24 03:00:54.441, 2, 100, 10088
2026/05/24 03:00:54.445, 3, 0, 10088
2026/05/24 03:01:09.541, 0, 10, 10490
2026/05/24 03:01:09.543, 1, 0, 10088
2026/05/24 03:01:09.545, 2, 0, 10088
2026/05/24 03:01:09.546, 3, 0, 10088
2026/05/24 03:01:24.655, 0, 100, 10490
2026/05/24 03:01:24.658, 1, 0, 10088
2026/05/24 03:01:24.659, 2, 0, 10088
2026/05/24 03:01:24.660, 3, 0, 10088
2026/05/24 03:01:39.992, 0, 100, 10490
2026/05/24 03:01:39.996, 1, 99, 10088
2026/05/24 03:01:39.998, 2, 0, 10088
2026/05/24 03:01:40.001, 3, 0, 10088
2026/05/24 03:01:55.389, 0, 7, 10490
2026/05/24 03:01:55.393, 1, 0, 10088
2026/05/24 03:01:55.395, 2, 0, 10088
2026/05/24 03:01:55.396, 3, 0, 10088
2026/05/24 03:02:10.619, 0, 100, 10490
2026/05/24 03:02:10.621, 1, 0, 10088
2026/05/24 03:02:10.622, 2, 100, 10088
2026/05/24 03:02:10.623, 3, 0, 10088
2026/05/24 03:02:25.726, 0, 10, 10490
2026/05/24 03:02:25.729, 1, 0, 10088
2026/05/24 03:02:25.730, 2, 0, 10088
2026/05/24 03:02:25.731, 3, 0, 10088
2026/05/24 03:02:40.837, 0, 9, 10490
2026/05/24 03:02:40.839, 1, 0, 10088
2026/05/24 03:02:40.840, 2, 0, 10088
2026/05/24 03:02:40.842, 3, 0, 10088
2026/05/24 03:02:56.029, 0, 100, 10490
2026/05/24 03:02:56.031, 1, 0, 10088
2026/05/24 03:02:56.032, 2, 0, 10088
2026/05/24 03:02:56.034, 3, 0, 10088
2026/05/24 03:03:11.118, 0, 1, 10490
2026/05/24 03:03:11.120, 1, 0, 10088
2026/05/24 03:03:11.121, 2, 0, 10088
2026/05/24 03:03:11.123, 3, 0, 10088
2026/05/24 03:03:26.282, 0, 12, 10490
2026/05/24 03:03:26.284, 1, 0, 10088
2026/05/24 03:03:26.286, 2, 0, 10088
2026/05/24 03:03:26.287, 3, 0, 10088
2026/05/24 03:03:41.577, 0, 9, 10490
2026/05/24 03:03:41.581, 1, 0, 10088
2026/05/24 03:03:41.585, 2, 0, 10088
2026/05/24 03:03:41.586, 3, 0, 10088
2026/05/24 03:03:56.718, 0, 9, 10490
2026/05/24 03:03:56.720, 1, 0, 10088
2026/05/24 03:03:56.722, 2, 0, 10088
2026/05/24 03:03:56.723, 3, 0, 10088
2026/05/24 03:04:11.809, 0, 9, 10490
2026/05/24 03:04:11.811, 1, 0, 10088
2026/05/24 03:04:11.813, 2, 0, 10088
2026/05/24 03:04:11.814, 3, 0, 10088
2026/05/24 03:04:26.945, 0, 0, 10490
2026/05/24 03:04:27.087, 1, 0, 10088
2026/05/24 03:04:27.089, 2, 0, 10088
2026/05/24 03:04:27.091, 3, 0, 10088
2026/05/24 03:04:42.214, 0, 11, 10490
2026/05/24 03:04:42.217, 1, 0, 10088
2026/05/24 03:04:42.218, 2, 0, 10088
2026/05/24 03:04:42.219, 3, 0, 10088
2026/05/24 03:04:57.331, 0, 100, 10490
2026/05/24 03:04:57.334, 1, 100, 10088
2026/05/24 03:04:57.337, 2, 0, 10088
2026/05/24 03:04:57.338, 3, 0, 10088
2026/05/24 03:05:12.446, 0, 100, 10490
2026/05/24 03:05:12.448, 1, 0, 10088
2026/05/24 03:05:12.449, 2, 0, 10088
2026/05/24 03:05:12.450, 3, 0, 10088
2026/05/24 03:05:27.559, 0, 9, 10490
2026/05/24 03:05:27.564, 1, 0, 10088
2026/05/24 03:05:27.567, 2, 0, 10088
2026/05/24 03:05:27.570, 3, 96, 10088
2026/05/24 03:05:42.722, 0, 0, 10490
2026/05/24 03:05:42.724, 1, 0, 10088
2026/05/24 03:05:42.726, 2, 0, 10088
2026/05/24 03:05:42.727, 3, 0, 10088
2026/05/24 03:05:57.810, 0, 9, 10490
2026/05/24 03:05:57.812, 1, 0, 10088
2026/05/24 03:05:57.814, 2, 0, 10088
2026/05/24 03:05:57.815, 3, 0, 10088
2026/05/24 03:06:13.085, 0, 100, 10490
2026/05/24 03:06:13.088, 1, 100, 10088
2026/05/24 03:06:13.091, 2, 0, 10088
2026/05/24 03:06:13.092, 3, 0, 10088
2026/05/24 03:06:28.178, 0, 9, 10490
2026/05/24 03:06:28.180, 1, 0, 10088
2026/05/24 03:06:28.182, 2, 0, 10088
2026/05/24 03:06:28.183, 3, 0, 10088
2026/05/24 03:06:43.269, 0, 11, 10490
2026/05/24 03:06:43.272, 1, 0, 10088
2026/05/24 03:06:43.273, 2, 0, 10088
2026/05/24 03:06:43.274, 3, 0, 10088
2026/05/24 03:06:58.388, 0, 9, 10490
2026/05/24 03:06:58.392, 1, 0, 10088
2026/05/24 03:06:58.395, 2, 0, 10088
2026/05/24 03:06:58.396, 3, 0, 10088
2026/05/24 03:07:13.492, 0, 9, 10490
2026/05/24 03:07:13.496, 1, 0, 10088
2026/05/24 03:07:13.499, 2, 0, 10088
2026/05/24 03:07:13.501, 3, 0, 10088
2026/05/24 03:07:28.590, 0, 9, 10490
2026/05/24 03:07:28.592, 1, 0, 10088
2026/05/24 03:07:28.594, 2, 0, 10088
2026/05/24 03:07:28.595, 3, 0, 10088
2026/05/24 03:07:43.795, 0, 4, 10490
2026/05/24 03:07:43.797, 1, 0, 10088
2026/05/24 03:07:43.798, 2, 0, 10088
2026/05/24 03:07:43.799, 3, 0, 10088
2026/05/24 03:07:58.918, 0, 8, 10490
2026/05/24 03:07:58.921, 1, 0, 10088
2026/05/24 03:07:58.922, 2, 0, 10088
2026/05/24 03:07:58.923, 3, 0, 10088
2026/05/24 03:08:14.010, 0, 9, 10490
2026/05/24 03:08:14.012, 1, 0, 10088
2026/05/24 03:08:14.013, 2, 0, 10088
2026/05/24 03:08:14.015, 3, 0, 10088
2026/05/24 03:08:29.112, 0, 10, 10490
2026/05/24 03:08:29.116, 1, 0, 10088
2026/05/24 03:08:29.120, 2, 0, 10088
2026/05/24 03:08:29.122, 3, 0, 10088
2026/05/24 03:08:44.210, 0, 82, 10490
2026/05/24 03:08:44.212, 1, 100, 10088
2026/05/24 03:08:44.214, 2, 0, 10088
2026/05/24 03:08:44.215, 3, 0, 10088
2026/05/24 03:08:59.319, 0, 7, 10490
2026/05/24 03:08:59.321, 1, 0, 10088
2026/05/24 03:08:59.322, 2, 0, 10088
2026/05/24 03:08:59.323, 3, 0, 10088
2026/05/24 03:09:14.496, 0, 0, 10490
2026/05/24 03:09:14.500, 1, 0, 10088
2026/05/24 03:09:14.502, 2, 0, 10088
2026/05/24 03:09:14.503, 3, 0, 10088
2026/05/24 03:09:29.606, 0, 7, 10490
2026/05/24 03:09:29.608, 1, 0, 10088
2026/05/24 03:09:29.609, 2, 0, 10088
2026/05/24 03:09:29.611, 3, 0, 10088
2026/05/24 03:09:44.697, 0, 100, 10490
2026/05/24 03:09:44.699, 1, 0, 10088
2026/05/24 03:09:44.700, 2, 0, 10088
2026/05/24 03:09:44.702, 3, 0, 10088
2026/05/24 03:09:59.802, 0, 14, 10490
2026/05/24 03:09:59.804, 1, 0, 10088
2026/05/24 03:09:59.806, 2, 0, 10088
2026/05/24 03:09:59.807, 3, 0, 10088
2026/05/24 03:10:14.891, 0, 9, 10490
2026/05/24 03:10:14.893, 1, 0, 10088
2026/05/24 03:10:14.894, 2, 0, 10088
2026/05/24 03:10:14.896, 3, 0, 10088
2026/05/24 03:10:30.160, 0, 100, 10490
2026/05/24 03:10:30.164, 1, 0, 10088
2026/05/24 03:10:30.166, 2, 0, 10088
2026/05/24 03:10:30.167, 3, 0, 10088
2026/05/24 03:10:45.270, 0, 9, 10490
2026/05/24 03:10:45.272, 1, 0, 10088
2026/05/24 03:10:45.273, 2, 0, 10088
2026/05/24 03:10:45.274, 3, 0, 10088
2026/05/24 03:11:00.360, 0, 12, 10490
2026/05/24 03:11:00.362, 1, 0, 10088
2026/05/24 03:11:00.363, 2, 0, 10088
2026/05/24 03:11:00.365, 3, 0, 10088
2026/05/24 03:11:15.452, 0, 8, 10490
2026/05/24 03:11:15.454, 1, 0, 10088
2026/05/24 03:11:15.456, 2, 0, 10088
2026/05/24 03:11:15.458, 3, 0, 10088
2026/05/24 03:11:30.545, 0, 9, 10490
2026/05/24 03:11:30.547, 1, 0, 10088
2026/05/24 03:11:30.549, 2, 0, 10088
2026/05/24 03:11:30.550, 3, 0, 10088
2026/05/24 03:11:45.633, 0, 10, 10490
2026/05/24 03:11:45.636, 1, 0, 10088
2026/05/24 03:11:45.637, 2, 0, 10088
2026/05/24 03:11:45.638, 3, 0, 10088
2026/05/24 03:12:00.740, 0, 2, 10490
2026/05/24 03:12:00.742, 1, 0, 10088
2026/05/24 03:12:00.743, 2, 0, 10088
2026/05/24 03:12:00.745, 3, 0, 10088
2026/05/24 03:12:15.870, 0, 10, 10490
2026/05/24 03:12:15.872, 1, 0, 10088
2026/05/24 03:12:15.874, 2, 0, 10088
2026/05/24 03:12:15.875, 3, 0, 10088
2026/05/24 03:12:30.990, 0, 9, 10490
2026/05/24 03:12:30.992, 1, 0, 10088
2026/05/24 03:12:30.994, 2, 0, 10088
2026/05/24 03:12:30.995, 3, 0, 10088
2026/05/24 03:12:46.071, 0, 9, 10490
2026/05/24 03:12:46.073, 1, 0, 10088
2026/05/24 03:12:46.074, 2, 100, 10088
2026/05/24 03:12:46.075, 3, 0, 10088
2026/05/24 03:13:01.160, 0, 2, 10490
2026/05/24 03:13:01.164, 1, 0, 10088
2026/05/24 03:13:01.165, 2, 0, 10088
2026/05/24 03:13:01.167, 3, 0, 10088
2026/05/24 03:13:16.271, 0, 13, 10490
2026/05/24 03:13:16.273, 1, 0, 10088
2026/05/24 03:13:16.274, 2, 0, 10088
2026/05/24 03:13:16.276, 3, 0, 10088
2026/05/24 03:13:31.411, 0, 9, 10490
2026/05/24 03:13:31.415, 1, 0, 10088
2026/05/24 03:13:31.420, 2, 0, 10088
2026/05/24 03:13:31.421, 3, 0, 10088
2026/05/24 03:13:46.690, 0, 2, 10490
2026/05/24 03:13:46.692, 1, 0, 10088
2026/05/24 03:13:46.693, 2, 0, 10088
2026/05/24 03:13:46.695, 3, 0, 10088
2026/05/24 03:14:01.783, 0, 8, 10490
2026/05/24 03:14:01.785, 1, 0, 10088
2026/05/24 03:14:01.786, 2, 0, 10088
2026/05/24 03:14:01.788, 3, 0, 10088
2026/05/24 03:14:16.890, 0, 12, 10490
2026/05/24 03:14:16.892, 1, 0, 10088
2026/05/24 03:14:16.894, 2, 0, 10088
2026/05/24 03:14:16.895, 3, 0, 10088
2026/05/24 03:14:31.978, 0, 9, 10490
2026/05/24 03:14:31.980, 1, 0, 10088
2026/05/24 03:14:31.982, 2, 0, 10088
2026/05/24 03:14:31.983, 3, 0, 10088
2026/05/24 03:14:47.066, 0, 9, 10490
2026/05/24 03:14:47.068, 1, 0, 10088
2026/05/24 03:14:47.070, 2, 0, 10088
2026/05/24 03:14:47.071, 3, 0, 10088
2026/05/24 03:15:02.239, 0, 8, 10490
2026/05/24 03:15:02.241, 1, 100, 10088
2026/05/24 03:15:02.242, 2, 0, 10088
2026/05/24 03:15:02.243, 3, 0, 10088
2026/05/24 03:15:17.434, 0, 4, 10490
2026/05/24 03:15:17.437, 1, 0, 10088
2026/05/24 03:15:17.438, 2, 0, 10088
2026/05/24 03:15:17.440, 3, 0, 10088
2026/05/24 03:15:32.527, 0, 100, 10490
2026/05/24 03:15:32.529, 1, 100, 10088
2026/05/24 03:15:32.530, 2, 0, 10088
2026/05/24 03:15:32.531, 3, 0, 10088
2026/05/24 03:15:47.618, 0, 9, 10490
2026/05/24 03:15:47.620, 1, 0, 10088
2026/05/24 03:15:47.621, 2, 0, 10088
2026/05/24 03:15:47.622, 3, 0, 10088
2026/05/24 03:16:02.705, 0, 100, 10490
2026/05/24 03:16:02.707, 1, 100, 10088
2026/05/24 03:16:02.709, 2, 100, 10088
2026/05/24 03:16:02.710, 3, 0, 10088
2026/05/24 03:16:17.794, 0, 10, 10490
2026/05/24 03:16:17.796, 1, 0, 10088
2026/05/24 03:16:17.798, 2, 0, 10088
2026/05/24 03:16:17.799, 3, 0, 10088
2026/05/24 03:16:32.888, 0, 13, 10490
2026/05/24 03:16:32.890, 1, 0, 10088
2026/05/24 03:16:32.891, 2, 0, 10088
2026/05/24 03:16:32.893, 3, 0, 10088
2026/05/24 03:16:48.001, 0, 8, 10490
2026/05/24 03:16:48.004, 1, 0, 10088
2026/05/24 03:16:48.007, 2, 0, 10088
2026/05/24 03:16:48.009, 3, 0, 10088
2026/05/24 03:17:03.103, 0, 9, 10490
2026/05/24 03:17:03.105, 1, 0, 10088
2026/05/24 03:17:03.106, 2, 0, 10088
2026/05/24 03:17:03.107, 3, 0, 10088
2026/05/24 03:17:18.194, 0, 100, 10490
2026/05/24 03:17:18.196, 1, 0, 10088
2026/05/24 03:17:18.198, 2, 0, 10088
2026/05/24 03:17:18.199, 3, 0, 10088
2026/05/24 03:17:33.303, 0, 12, 10490
2026/05/24 03:17:33.305, 1, 0, 10088
2026/05/24 03:17:33.306, 2, 0, 10088
2026/05/24 03:17:33.308, 3, 0, 10088
2026/05/24 03:17:48.415, 0, 9, 10490
2026/05/24 03:17:48.418, 1, 0, 10088
2026/05/24 03:17:48.422, 2, 0, 10088
2026/05/24 03:17:48.423, 3, 0, 10088
2026/05/24 03:18:03.515, 0, 9, 10490
2026/05/24 03:18:03.517, 1, 0, 10088
2026/05/24 03:18:03.519, 2, 0, 10088
2026/05/24 03:18:03.520, 3, 0, 10088
2026/05/24 03:18:18.777, 0, 1, 10490
2026/05/24 03:18:18.780, 1, 0, 10088
2026/05/24 03:18:18.781, 2, 0, 10088
2026/05/24 03:18:18.782, 3, 0, 10088
2026/05/24 03:18:33.896, 0, 10, 10490
2026/05/24 03:18:33.899, 1, 0, 10088
2026/05/24 03:18:33.900, 2, 0, 10088
2026/05/24 03:18:33.902, 3, 0, 10088
2026/05/24 03:18:49.013, 0, 100, 10490
2026/05/24 03:18:49.017, 1, 100, 10088
2026/05/24 03:18:49.021, 2, 100, 10088
2026/05/24 03:18:49.024, 3, 0, 10088
2026/05/24 03:19:04.120, 0, 100, 10490
2026/05/24 03:19:04.123, 1, 0, 10088
2026/05/24 03:19:04.124, 2, 0, 10088
2026/05/24 03:19:04.126, 3, 0, 10088
2026/05/24 03:19:19.211, 0, 9, 10490
2026/05/24 03:19:19.213, 1, 0, 10088
2026/05/24 03:19:19.214, 2, 0, 10088
2026/05/24 03:19:19.215, 3, 0, 10088
2026/05/24 03:19:34.327, 0, 8, 10490
2026/05/24 03:19:34.329, 1, 0, 10088
2026/05/24 03:19:34.331, 2, 0, 10088
2026/05/24 03:19:34.332, 3, 0, 10088
2026/05/24 03:19:49.733, 0, 0, 10490
2026/05/24 03:19:49.736, 1, 100, 10088
2026/05/24 03:19:49.786, 2, 100, 10088
2026/05/24 03:19:49.789, 3, 0, 10088
2026/05/24 03:20:04.943, 0, 100, 10490
2026/05/24 03:20:04.946, 1, 100, 10088
2026/05/24 03:20:04.950, 2, 0, 10088
2026/05/24 03:20:04.953, 3, 0, 10088
2026/05/24 03:20:20.046, 0, 8, 10490
2026/05/24 03:20:20.048, 1, 0, 10088
2026/05/24 03:20:20.050, 2, 0, 10088
2026/05/24 03:20:20.051, 3, 0, 10088
2026/05/24 03:20:35.143, 0, 12, 10490
2026/05/24 03:20:35.145, 1, 0, 10088
2026/05/24 03:20:35.146, 2, 100, 10088
2026/05/24 03:20:35.147, 3, 0, 10088
2026/05/24 03:20:50.233, 0, 10, 10490
2026/05/24 03:20:50.237, 1, 0, 10088
2026/05/24 03:20:50.241, 2, 0, 10088
2026/05/24 03:20:50.242, 3, 0, 10088
2026/05/24 03:21:05.333, 0, 100, 10490
2026/05/24 03:21:05.335, 1, 100, 10088
2026/05/24 03:21:05.336, 2, 0, 10088
2026/05/24 03:21:05.338, 3, 0, 10088
2026/05/24 03:21:20.423, 0, 72, 10490
2026/05/24 03:21:20.425, 1, 98, 10088
2026/05/24 03:21:20.426, 2, 0, 10088
2026/05/24 03:21:20.427, 3, 0, 10088
2026/05/24 03:21:35.561, 0, 9, 10490
2026/05/24 03:21:35.564, 1, 0, 10088
2026/05/24 03:21:35.566, 2, 0, 10088
2026/05/24 03:21:35.567, 3, 0, 10088
2026/05/24 03:21:50.656, 0, 13, 10490
2026/05/24 03:21:50.699, 1, 0, 10088
2026/05/24 03:21:50.701, 2, 0, 10088
2026/05/24 03:21:50.702, 3, 0, 10088
2026/05/24 03:22:05.790, 0, 8, 10490
2026/05/24 03:22:05.792, 1, 0, 10088
2026/05/24 03:22:05.793, 2, 0, 10088
2026/05/24 03:22:05.795, 3, 0, 10088
2026/05/24 03:22:20.882, 0, 100, 10490
2026/05/24 03:22:20.884, 1, 100, 10088
2026/05/24 03:22:20.886, 2, 0, 10088
2026/05/24 03:22:20.888, 3, 0, 10088
2026/05/24 03:22:35.979, 0, 9, 10490
2026/05/24 03:22:35.981, 1, 0, 10088
2026/05/24 03:22:35.983, 2, 0, 10088
2026/05/24 03:22:35.985, 3, 0, 10088
2026/05/24 03:22:51.095, 0, 11, 10490
2026/05/24 03:22:51.097, 1, 0, 10088
2026/05/24 03:22:51.098, 2, 0, 10088
2026/05/24 03:22:51.100, 3, 0, 10088
2026/05/24 03:23:06.205, 0, 4, 10490
2026/05/24 03:23:06.207, 1, 0, 10088
2026/05/24 03:23:06.209, 2, 0, 10088
2026/05/24 03:23:06.210, 3, 0, 10088
2026/05/24 03:23:21.297, 0, 100, 10490
2026/05/24 03:23:21.299, 1, 0, 10088
2026/05/24 03:23:21.300, 2, 0, 10088
2026/05/24 03:23:21.302, 3, 0, 10088
2026/05/24 03:23:36.386, 0, 9, 10490
2026/05/24 03:23:36.388, 1, 0, 10088
2026/05/24 03:23:36.390, 2, 0, 10088
2026/05/24 03:23:36.391, 3, 0, 10088
2026/05/24 03:23:51.494, 0, 13, 10490
2026/05/24 03:23:51.496, 1, 0, 10088
2026/05/24 03:23:51.498, 2, 0, 10088
2026/05/24 03:23:51.499, 3, 0, 10088
2026/05/24 03:24:06.584, 0, 1, 10490
2026/05/24 03:24:06.586, 1, 0, 10088
2026/05/24 03:24:06.587, 2, 0, 10088
2026/05/24 03:24:06.589, 3, 0, 10088
2026/05/24 03:24:21.673, 0, 100, 10490
2026/05/24 03:24:21.675, 1, 100, 10088
2026/05/24 03:24:21.677, 2, 0, 10088
2026/05/24 03:24:21.678, 3, 0, 10088
2026/05/24 03:24:36.920, 0, 95, 10490
2026/05/24 03:24:37.056, 1, 71, 10088
2026/05/24 03:24:37.059, 2, 0, 10088
2026/05/24 03:24:37.061, 3, 0, 10088
2026/05/24 03:24:52.154, 0, 13, 10490
2026/05/24 03:24:52.156, 1, 0, 10088
2026/05/24 03:24:52.157, 2, 0, 10088
2026/05/24 03:24:52.159, 3, 0, 10088
2026/05/24 03:25:07.262, 0, 8, 10490
2026/05/24 03:25:07.264, 1, 0, 10088
2026/05/24 03:25:07.266, 2, 0, 10088
2026/05/24 03:25:07.267, 3, 0, 10088
2026/05/24 03:25:22.359, 0, 100, 10490
2026/05/24 03:25:22.363, 1, 100, 10088
2026/05/24 03:25:22.366, 2, 0, 10088
2026/05/24 03:25:22.367, 3, 0, 10088
2026/05/24 03:25:37.457, 0, 9, 10490
2026/05/24 03:25:37.459, 1, 0, 10088
2026/05/24 03:25:37.461, 2, 0, 10088
2026/05/24 03:25:37.462, 3, 0, 10088
2026/05/24 03:25:52.555, 0, 100, 10490
2026/05/24 03:25:52.557, 1, 100, 10088
2026/05/24 03:25:52.558, 2, 100, 10088
2026/05/24 03:25:52.560, 3, 0, 10088
2026/05/24 03:26:07.731, 0, 10, 10490
2026/05/24 03:26:07.733, 1, 0, 10088
2026/05/24 03:26:07.734, 2, 0, 10088
2026/05/24 03:26:07.735, 3, 0, 10088
2026/05/24 03:26:22.975, 0, 0, 10490
2026/05/24 03:26:22.977, 1, 0, 10088
2026/05/24 03:26:22.979, 2, 0, 10088
2026/05/24 03:26:22.980, 3, 0, 10088
2026/05/24 03:26:38.069, 0, 100, 10490
2026/05/24 03:26:38.072, 1, 0, 10088
2026/05/24 03:26:38.074, 2, 0, 10088
2026/05/24 03:26:38.076, 3, 0, 10088
2026/05/24 03:26:53.166, 0, 9, 10490
2026/05/24 03:26:53.168, 1, 0, 10088
2026/05/24 03:26:53.169, 2, 0, 10088
2026/05/24 03:26:53.171, 3, 0, 10088
2026/05/24 03:27:08.275, 0, 13, 10490
2026/05/24 03:27:08.277, 1, 0, 10088
2026/05/24 03:27:08.278, 2, 0, 10088
2026/05/24 03:27:08.280, 3, 0, 10088
2026/05/24 03:27:23.375, 0, 6, 10490
2026/05/24 03:27:23.379, 1, 0, 10088
2026/05/24 03:27:23.382, 2, 0, 10088
2026/05/24 03:27:23.383, 3, 0, 10088
2026/05/24 03:27:38.471, 0, 9, 10490
2026/05/24 03:27:38.473, 1, 0, 10088
2026/05/24 03:27:38.474, 2, 0, 10088
2026/05/24 03:27:38.476, 3, 0, 10088
2026/05/24 03:27:53.561, 0, 9, 10490
2026/05/24 03:27:53.563, 1, 0, 10088
2026/05/24 03:27:53.565, 2, 0, 10088
2026/05/24 03:27:53.566, 3, 0, 10088
2026/05/24 03:28:08.650, 0, 12, 10490
2026/05/24 03:28:08.652, 1, 0, 10088
2026/05/24 03:28:08.654, 2, 0, 10088
2026/05/24 03:28:08.655, 3, 0, 10088
2026/05/24 03:28:23.761, 0, 65, 10490
2026/05/24 03:28:23.763, 1, 88, 10088
2026/05/24 03:28:23.765, 2, 0, 10088
2026/05/24 03:28:23.766, 3, 0, 10088
2026/05/24 03:28:38.853, 0, 7, 10490
2026/05/24 03:28:38.856, 1, 0, 10088
2026/05/24 03:28:38.858, 2, 0, 10088
2026/05/24 03:28:38.859, 3, 0, 10088
2026/05/24 03:28:53.949, 0, 6, 10490
2026/05/24 03:28:53.951, 1, 0, 10088
2026/05/24 03:28:53.952, 2, 0, 10088
2026/05/24 03:28:53.954, 3, 0, 10088
2026/05/24 03:29:09.058, 0, 12, 10490
2026/05/24 03:29:09.060, 1, 0, 10088
2026/05/24 03:29:09.061, 2, 0, 10088
2026/05/24 03:29:09.063, 3, 0, 10088
2026/05/24 03:29:24.259, 0, 100, 10490
2026/05/24 03:29:24.262, 1, 98, 10088
2026/05/24 03:29:24.265, 2, 0, 10088
2026/05/24 03:29:24.266, 3, 0, 10088
2026/05/24 03:29:39.350, 0, 9, 10490
2026/05/24 03:29:39.352, 1, 0, 10088
2026/05/24 03:29:39.353, 2, 0, 10088
2026/05/24 03:29:39.354, 3, 0, 10088
2026/05/24 03:29:54.457, 0, 100, 10490
2026/05/24 03:29:54.462, 1, 100, 10088
2026/05/24 03:29:54.465, 2, 0, 10088
2026/05/24 03:29:54.466, 3, 0, 10088
2026/05/24 03:30:09.556, 0, 13, 10490
2026/05/24 03:30:09.558, 1, 0, 10088
2026/05/24 03:30:09.559, 2, 0, 10088
2026/05/24 03:30:09.561, 3, 0, 10088
2026/05/24 03:30:24.642, 0, 10, 10490
2026/05/24 03:30:24.646, 1, 0, 10088
2026/05/24 03:30:24.647, 2, 0, 10088
2026/05/24 03:30:24.648, 3, 0, 10088
2026/05/24 03:30:39.779, 0, 7, 10490
2026/05/24 03:30:39.781, 1, 0, 10088
2026/05/24 03:30:39.782, 2, 0, 10088
2026/05/24 03:30:39.784, 3, 0, 10088
2026/05/24 03:30:54.905, 0, 9, 10490
2026/05/24 03:30:54.907, 1, 0, 10088
2026/05/24 03:30:54.909, 2, 0, 10088
2026/05/24 03:30:54.910, 3, 0, 10088
2026/05/24 03:31:10.029, 0, 13, 10490
2026/05/24 03:31:10.031, 1, 0, 10088
2026/05/24 03:31:10.033, 2, 0, 10088
2026/05/24 03:31:10.034, 3, 0, 10088
2026/05/24 03:31:25.119, 0, 9, 10490
2026/05/24 03:31:25.121, 1, 0, 10088
2026/05/24 03:31:25.123, 2, 0, 10088
2026/05/24 03:31:25.125, 3, 0, 10088
2026/05/24 03:31:40.226, 0, 8, 10490
2026/05/24 03:31:40.229, 1, 0, 10088
2026/05/24 03:31:40.230, 2, 100, 10088
2026/05/24 03:31:40.231, 3, 38, 10088
2026/05/24 03:31:55.367, 0, 10, 10490
2026/05/24 03:31:55.369, 1, 0, 10088
2026/05/24 03:31:55.370, 2, 0, 10088
2026/05/24 03:31:55.372, 3, 0, 10088
2026/05/24 03:32:10.517, 0, 2, 10490
2026/05/24 03:32:10.520, 1, 0, 10088
2026/05/24 03:32:10.521, 2, 0, 10088
2026/05/24 03:32:10.522, 3, 0, 10088
2026/05/24 03:32:25.631, 0, 13, 10490
2026/05/24 03:32:25.633, 1, 0, 10088
2026/05/24 03:32:25.634, 2, 0, 10088
2026/05/24 03:32:25.636, 3, 0, 10088
2026/05/24 03:32:40.725, 0, 9, 10490
2026/05/24 03:32:40.729, 1, 0, 10088
2026/05/24 03:32:40.730, 2, 0, 10088
2026/05/24 03:32:40.731, 3, 0, 10088
2026/05/24 03:32:55.826, 0, 9, 10490
2026/05/24 03:32:55.829, 1, 0, 10088
2026/05/24 03:32:55.832, 2, 0, 10088
2026/05/24 03:32:55.835, 3, 0, 10088
2026/05/24 03:33:10.929, 0, 6, 10490
2026/05/24 03:33:10.931, 1, 0, 10088
2026/05/24 03:33:10.933, 2, 0, 10088
2026/05/24 03:33:10.934, 3, 0, 10088
2026/05/24 03:33:26.158, 0, 14, 10490
2026/05/24 03:33:26.160, 1, 0, 10088
2026/05/24 03:33:26.162, 2, 0, 10088
2026/05/24 03:33:26.163, 3, 0, 10088
2026/05/24 03:33:41.247, 0, 8, 10490
2026/05/24 03:33:41.250, 1, 0, 10088
2026/05/24 03:33:41.251, 2, 0, 10088
2026/05/24 03:33:41.371, 3, 0, 10088
2026/05/24 03:33:56.562, 0, 8, 10490
2026/05/24 03:33:56.564, 1, 0, 10088
2026/05/24 03:33:56.566, 2, 0, 10088
2026/05/24 03:33:56.567, 3, 0, 10088
2026/05/24 03:34:11.638, 0, 7, 10490
2026/05/24 03:34:11.640, 1, 0, 10088
2026/05/24 03:34:11.641, 2, 0, 10088
2026/05/24 03:34:11.642, 3, 0, 10088
2026/05/24 03:34:26.742, 0, 12, 10490
2026/05/24 03:34:26.744, 1, 0, 10088
2026/05/24 03:34:26.746, 2, 0, 10088
2026/05/24 03:34:26.747, 3, 0, 10088
2026/05/24 03:34:41.835, 0, 10, 10490
2026/05/24 03:34:41.837, 1, 0, 10088
2026/05/24 03:34:41.839, 2, 0, 10088
2026/05/24 03:34:41.840, 3, 0, 10088
2026/05/24 03:34:56.931, 0, 3, 10490
2026/05/24 03:34:56.936, 1, 100, 10088
2026/05/24 03:34:56.939, 2, 0, 10088
2026/05/24 03:34:56.940, 3, 0, 10088
2026/05/24 03:35:12.071, 0, 9, 10490
2026/05/24 03:35:12.073, 1, 0, 10088
2026/05/24 03:35:12.074, 2, 0, 10088
2026/05/24 03:35:12.076, 3, 0, 10088
2026/05/24 03:35:27.179, 0, 10, 10490
2026/05/24 03:35:27.182, 1, 0, 10088
2026/05/24 03:35:27.183, 2, 0, 10088
2026/05/24 03:35:27.185, 3, 0, 10088
2026/05/24 03:35:42.289, 0, 100, 10490
2026/05/24 03:35:42.292, 1, 0, 10088
2026/05/24 03:35:42.294, 2, 0, 10088
2026/05/24 03:35:42.295, 3, 0, 10088
2026/05/24 03:35:57.401, 0, 29, 10490
2026/05/24 03:35:57.403, 1, 49, 10088
2026/05/24 03:35:57.405, 2, 0, 10088
2026/05/24 03:35:57.406, 3, 0, 10088
2026/05/24 03:36:12.491, 0, 10, 10490
2026/05/24 03:36:12.495, 1, 0, 10088
2026/05/24 03:36:12.496, 2, 0, 10088
2026/05/24 03:36:12.498, 3, 0, 10088
2026/05/24 03:36:27.607, 0, 1, 10490
2026/05/24 03:36:27.609, 1, 0, 10088
2026/05/24 03:36:27.611, 2, 0, 10088
2026/05/24 03:36:27.612, 3, 0, 10088
2026/05/24 03:36:42.804, 0, 3, 10490
2026/05/24 03:36:42.808, 1, 0, 10088
2026/05/24 03:36:42.810, 2, 0, 10088
2026/05/24 03:36:42.813, 3, 0, 10088
2026/05/24 03:36:58.002, 0, 2, 10490
2026/05/24 03:36:58.004, 1, 0, 10088
2026/05/24 03:36:58.005, 2, 0, 10088
2026/05/24 03:36:58.007, 3, 0, 10088
2026/05/24 03:37:13.096, 0, 9, 10490
2026/05/24 03:37:13.098, 1, 0, 10088
2026/05/24 03:37:13.099, 2, 0, 10088
2026/05/24 03:37:13.101, 3, 0, 10088
2026/05/24 03:37:28.208, 0, 11, 10490
2026/05/24 03:37:28.210, 1, 0, 10088
2026/05/24 03:37:28.211, 2, 0, 10088
2026/05/24 03:37:28.213, 3, 0, 10088
2026/05/24 03:37:43.322, 0, 10, 10490
2026/05/24 03:37:43.326, 1, 0, 10088
2026/05/24 03:37:43.329, 2, 0, 10088
2026/05/24 03:37:43.332, 3, 0, 10088
2026/05/24 03:37:58.426, 0, 100, 10490
2026/05/24 03:37:58.428, 1, 100, 10088
2026/05/24 03:37:58.429, 2, 0, 10088
2026/05/24 03:37:58.430, 3, 0, 10088
2026/05/24 03:38:13.676, 0, 16, 10490
2026/05/24 03:38:13.679, 1, 0, 10088
2026/05/24 03:38:13.682, 2, 100, 10088
2026/05/24 03:38:13.684, 3, 0, 10088
2026/05/24 03:38:28.822, 0, 8, 10490
2026/05/24 03:38:28.824, 1, 0, 10088
2026/05/24 03:38:28.826, 2, 0, 10088
2026/05/24 03:38:28.827, 3, 0, 10088
2026/05/24 03:38:43.915, 0, 11, 10490
2026/05/24 03:38:43.917, 1, 0, 10088
2026/05/24 03:38:43.918, 2, 0, 10088
2026/05/24 03:38:43.920, 3, 0, 10088
2026/05/24 03:38:59.009, 0, 100, 10490
2026/05/24 03:38:59.013, 1, 100, 10088
2026/05/24 03:38:59.016, 2, 0, 10088
2026/05/24 03:38:59.017, 3, 0, 10088
2026/05/24 03:39:14.107, 0, 100, 10490
2026/05/24 03:39:14.110, 1, 0, 10088
2026/05/24 03:39:14.111, 2, 0, 10088
2026/05/24 03:39:14.112, 3, 0, 10088
2026/05/24 03:39:29.214, 0, 8, 10490
2026/05/24 03:39:29.218, 1, 0, 10088
2026/05/24 03:39:29.221, 2, 0, 10088
2026/05/24 03:39:29.222, 3, 0, 10088
2026/05/24 03:39:44.347, 0, 17, 10490
2026/05/24 03:39:44.350, 1, 0, 10088
2026/05/24 03:39:44.351, 2, 0, 10088
2026/05/24 03:39:44.353, 3, 0, 10088
2026/05/24 03:39:59.458, 0, 3, 10490
2026/05/24 03:39:59.461, 1, 0, 10088
2026/05/24 03:39:59.462, 2, 0, 10088
2026/05/24 03:39:59.463, 3, 0, 10088
2026/05/24 03:40:14.550, 0, 9, 10490
2026/05/24 03:40:14.552, 1, 0, 10088
2026/05/24 03:40:14.553, 2, 0, 10088
2026/05/24 03:40:14.555, 3, 0, 10088
2026/05/24 03:40:29.641, 0, 100, 10490
2026/05/24 03:40:29.643, 1, 0, 10088
2026/05/24 03:40:29.645, 2, 0, 10088
2026/05/24 03:40:29.646, 3, 0, 10088
2026/05/24 03:40:44.747, 0, 12, 10490
2026/05/24 03:40:44.749, 1, 0, 10088
2026/05/24 03:40:44.751, 2, 0, 10088
2026/05/24 03:40:44.752, 3, 0, 10088
2026/05/24 03:40:59.839, 0, 8, 10490
2026/05/24 03:40:59.841, 1, 0, 10088
2026/05/24 03:40:59.842, 2, 0, 10088
2026/05/24 03:40:59.844, 3, 0, 10088
2026/05/24 03:41:14.953, 0, 3, 10490
2026/05/24 03:41:14.955, 1, 0, 10088
2026/05/24 03:41:14.957, 2, 0, 10088
2026/05/24 03:41:14.958, 3, 0, 10088
2026/05/24 03:41:30.042, 0, 5, 10490
2026/05/24 03:41:30.044, 1, 0, 10088
2026/05/24 03:41:30.045, 2, 0, 10088
2026/05/24 03:41:30.046, 3, 0, 10088
2026/05/24 03:41:45.155, 0, 12, 10490
2026/05/24 03:41:45.157, 1, 0, 10088
2026/05/24 03:41:45.158, 2, 0, 10088
2026/05/24 03:41:45.160, 3, 0, 10088
2026/05/24 03:42:00.253, 0, 65, 10490
2026/05/24 03:42:00.257, 1, 0, 10088
2026/05/24 03:42:00.260, 2, 0, 10088
2026/05/24 03:42:00.261, 3, 0, 10088
2026/05/24 03:42:15.401, 0, 100, 10490
2026/05/24 03:42:15.405, 1, 100, 10088
2026/05/24 03:42:15.408, 2, 92, 10088
2026/05/24 03:42:15.411, 3, 0, 10088
2026/05/24 03:42:30.516, 0, 100, 10490
2026/05/24 03:42:30.518, 1, 100, 10088
2026/05/24 03:42:30.519, 2, 0, 10088
2026/05/24 03:42:30.519, 3, 0, 10088
2026/05/24 03:42:45.601, 0, 0, 10490
2026/05/24 03:42:45.604, 1, 0, 10088
2026/05/24 03:42:45.605, 2, 0, 10088
2026/05/24 03:42:45.606, 3, 0, 10088
2026/05/24 03:43:00.815, 0, 12, 10490
2026/05/24 03:43:00.817, 1, 0, 10088
2026/05/24 03:43:00.819, 2, 0, 10088
2026/05/24 03:43:00.820, 3, 0, 10088
2026/05/24 03:43:15.932, 0, 9, 10490
2026/05/24 03:43:15.936, 1, 100, 10088
2026/05/24 03:43:15.940, 2, 0, 10088
2026/05/24 03:43:15.943, 3, 0, 10088
2026/05/24 03:43:31.037, 0, 9, 10490
2026/05/24 03:43:31.040, 1, 0, 10088
2026/05/24 03:43:31.041, 2, 0, 10088
2026/05/24 03:43:31.042, 3, 0, 10088
2026/05/24 03:43:46.149, 0, 100, 10490
2026/05/24 03:43:46.153, 1, 100, 10088
2026/05/24 03:43:46.155, 2, 100, 10088
2026/05/24 03:43:46.158, 3, 0, 10088
2026/05/24 03:44:01.275, 0, 7, 10490
2026/05/24 03:44:01.277, 1, 0, 10088
2026/05/24 03:44:01.278, 2, 0, 10088
2026/05/24 03:44:01.280, 3, 0, 10088
2026/05/24 03:44:16.451, 0, 6, 10490
2026/05/24 03:44:16.453, 1, 0, 10088
2026/05/24 03:44:16.454, 2, 0, 10088
2026/05/24 03:44:16.456, 3, 0, 10088
2026/05/24 03:44:31.747, 0, 8, 10490
2026/05/24 03:44:31.749, 1, 0, 10088
2026/05/24 03:44:31.751, 2, 0, 10088
2026/05/24 03:44:31.752, 3, 0, 10088
2026/05/24 03:44:47.134, 0, 100, 10490
2026/05/24 03:44:47.137, 1, 100, 10088
2026/05/24 03:44:47.140, 2, 0, 10088
2026/05/24 03:44:47.142, 3, 0, 10088
2026/05/24 03:45:02.248, 0, 13, 10490
2026/05/24 03:45:02.250, 1, 0, 10088
2026/05/24 03:45:02.252, 2, 0, 10088
2026/05/24 03:45:02.253, 3, 0, 10088
2026/05/24 03:45:17.340, 0, 9, 10490
2026/05/24 03:45:17.342, 1, 0, 10088
2026/05/24 03:45:17.344, 2, 0, 10088
2026/05/24 03:45:17.345, 3, 0, 10088
2026/05/24 03:45:32.436, 0, 100, 10490
2026/05/24 03:45:32.440, 1, 100, 10088
2026/05/24 03:45:32.443, 2, 100, 10088
2026/05/24 03:45:32.446, 3, 0, 10088
2026/05/24 03:45:47.543, 0, 100, 10490
2026/05/24 03:45:47.545, 1, 100, 10088
2026/05/24 03:45:47.546, 2, 100, 10088
2026/05/24 03:45:47.548, 3, 0, 10088
2026/05/24 03:46:02.819, 0, 3, 10490
2026/05/24 03:46:02.821, 1, 0, 10088
2026/05/24 03:46:02.822, 2, 0, 10088
2026/05/24 03:46:02.823, 3, 0, 10088
2026/05/24 03:46:18.027, 0, 13, 10490
2026/05/24 03:46:18.029, 1, 0, 10088
2026/05/24 03:46:18.030, 2, 0, 10088
2026/05/24 03:46:18.031, 3, 0, 10088
2026/05/24 03:46:33.138, 0, 8, 10490
2026/05/24 03:46:33.140, 1, 0, 10088
2026/05/24 03:46:33.141, 2, 0, 10088
2026/05/24 03:46:33.142, 3, 0, 10088
2026/05/24 03:46:48.230, 0, 100, 10490
2026/05/24 03:46:48.234, 1, 100, 10088
2026/05/24 03:46:48.237, 2, 0, 10088
2026/05/24 03:46:48.240, 3, 0, 10088
2026/05/24 03:47:03.351, 0, 9, 10490
2026/05/24 03:47:03.353, 1, 0, 10088
2026/05/24 03:47:03.355, 2, 0, 10088
2026/05/24 03:47:03.356, 3, 0, 10088
2026/05/24 03:47:18.517, 0, 14, 10490
2026/05/24 03:47:18.519, 1, 0, 10088
2026/05/24 03:47:18.520, 2, 0, 10088
2026/05/24 03:47:18.522, 3, 0, 10088
2026/05/24 03:47:33.627, 0, 9, 10490
2026/05/24 03:47:33.629, 1, 0, 10088
2026/05/24 03:47:33.630, 2, 0, 10088
2026/05/24 03:47:33.631, 3, 0, 10088
2026/05/24 03:47:48.723, 0, 75, 10490
2026/05/24 03:47:48.728, 1, 93, 10088
2026/05/24 03:47:48.731, 2, 100, 10088
2026/05/24 03:47:48.734, 3, 0, 10088
2026/05/24 03:48:03.828, 0, 9, 10490
2026/05/24 03:48:03.830, 1, 0, 10088
2026/05/24 03:48:03.831, 2, 0, 10088
2026/05/24 03:48:03.832, 3, 0, 10088
2026/05/24 03:48:18.936, 0, 10, 10490
2026/05/24 03:48:18.939, 1, 0, 10088
2026/05/24 03:48:18.940, 2, 0, 10088
2026/05/24 03:48:18.942, 3, 0, 10088
2026/05/24 03:48:34.077, 0, 100, 10490
2026/05/24 03:48:34.081, 1, 100, 10088
2026/05/24 03:48:34.085, 2, 0, 10088
2026/05/24 03:48:34.088, 3, 100, 10088
2026/05/24 03:48:49.192, 0, 100, 10490
2026/05/24 03:48:49.196, 1, 100, 10088
2026/05/24 03:48:49.199, 2, 0, 10088
2026/05/24 03:48:49.200, 3, 0, 10088
2026/05/24 03:49:04.290, 0, 9, 10490
2026/05/24 03:49:04.294, 1, 0, 10088
2026/05/24 03:49:04.296, 2, 0, 10088
2026/05/24 03:49:04.299, 3, 0, 10088
2026/05/24 03:49:19.533, 0, 3, 10490
2026/05/24 03:49:19.536, 1, 0, 10088
2026/05/24 03:49:19.539, 2, 96, 10088
2026/05/24 03:49:19.541, 3, 0, 10088
2026/05/24 03:49:34.834, 0, 10, 10490
2026/05/24 03:49:34.836, 1, 0, 10088
2026/05/24 03:49:34.837, 2, 0, 10088
2026/05/24 03:49:34.839, 3, 0, 10088
2026/05/24 03:49:49.921, 0, 7, 10490
2026/05/24 03:49:49.923, 1, 0, 10088
2026/05/24 03:49:49.925, 2, 0, 10088
2026/05/24 03:49:49.926, 3, 0, 10088
2026/05/24 03:50:05.018, 0, 9, 10490
2026/05/24 03:50:05.021, 1, 100, 10088
2026/05/24 03:50:05.024, 2, 98, 10088
2026/05/24 03:50:05.027, 3, 0, 10088
2026/05/24 03:50:20.118, 0, 9, 10490
2026/05/24 03:50:20.120, 1, 0, 10088
2026/05/24 03:50:20.122, 2, 0, 10088
2026/05/24 03:50:20.123, 3, 0, 10088
2026/05/24 03:50:35.232, 0, 4, 10490
2026/05/24 03:50:35.235, 1, 0, 10088
2026/05/24 03:50:35.236, 2, 0, 10088
2026/05/24 03:50:35.238, 3, 0, 10088
2026/05/24 03:50:50.325, 0, 8, 10490
2026/05/24 03:50:50.327, 1, 0, 10088
2026/05/24 03:50:50.329, 2, 0, 10088
2026/05/24 03:50:50.330, 3, 0, 10088
2026/05/24 03:51:05.514, 0, 9, 10490
2026/05/24 03:51:05.518, 1, 0, 10088
2026/05/24 03:51:05.521, 2, 100, 10088
2026/05/24 03:51:05.524, 3, 0, 10088
2026/05/24 03:51:20.677, 0, 8, 10490
2026/05/24 03:51:20.679, 1, 0, 10088
2026/05/24 03:51:20.681, 2, 0, 10088
2026/05/24 03:51:20.682, 3, 0, 10088
2026/05/24 03:51:35.765, 0, 11, 10490
2026/05/24 03:51:35.768, 1, 0, 10088
2026/05/24 03:51:35.769, 2, 0, 10088
2026/05/24 03:51:35.770, 3, 0, 10088
2026/05/24 03:51:50.858, 0, 8, 10490
2026/05/24 03:51:50.860, 1, 0, 10088
2026/05/24 03:51:50.861, 2, 0, 10088
2026/05/24 03:51:50.863, 3, 0, 10088
2026/05/24 03:52:05.950, 0, 5, 10490
2026/05/24 03:52:05.952, 1, 0, 10088
2026/05/24 03:52:05.953, 2, 0, 10088
2026/05/24 03:52:05.955, 3, 0, 10088
2026/05/24 03:52:21.246, 0, 1, 10490
2026/05/24 03:52:21.248, 1, 0, 10088
2026/05/24 03:52:21.249, 2, 0, 10088
2026/05/24 03:52:21.250, 3, 0, 10088
2026/05/24 03:52:36.337, 0, 9, 10490
2026/05/24 03:52:36.340, 1, 0, 10088
2026/05/24 03:52:36.342, 2, 0, 10088
2026/05/24 03:52:36.343, 3, 0, 10088
2026/05/24 03:52:51.431, 0, 10, 10490
2026/05/24 03:52:51.434, 1, 0, 10088
2026/05/24 03:52:51.435, 2, 0, 10088
2026/05/24 03:52:51.437, 3, 0, 10088
2026/05/24 03:53:06.568, 0, 10, 10490
2026/05/24 03:53:06.572, 1, 0, 10088
2026/05/24 03:53:06.575, 2, 0, 10088
2026/05/24 03:53:06.577, 3, 0, 10088
2026/05/24 03:53:21.725, 0, 4, 10490
2026/05/24 03:53:21.727, 1, 0, 10088
2026/05/24 03:53:21.728, 2, 0, 10088
2026/05/24 03:53:21.730, 3, 0, 10088
2026/05/24 03:53:36.813, 0, 100, 10490
2026/05/24 03:53:36.815, 1, 100, 10088
2026/05/24 03:53:36.817, 2, 0, 10088
2026/05/24 03:53:36.818, 3, 0, 10088
2026/05/24 03:53:51.919, 0, 11, 10490
2026/05/24 03:53:51.921, 1, 0, 10088
2026/05/24 03:53:51.923, 2, 0, 10088
2026/05/24 03:53:51.924, 3, 0, 10088
2026/05/24 03:54:07.046, 0, 8, 10490
2026/05/24 03:54:07.048, 1, 0, 10088
2026/05/24 03:54:07.049, 2, 0, 10088
2026/05/24 03:54:07.051, 3, 0, 10088
2026/05/24 03:54:22.194, 0, 100, 10490
2026/05/24 03:54:22.198, 1, 0, 10088
2026/05/24 03:54:22.199, 2, 0, 10088
2026/05/24 03:54:22.200, 3, 0, 10088
2026/05/24 03:54:37.306, 0, 9, 10490
2026/05/24 03:54:37.308, 1, 0, 10088
2026/05/24 03:54:37.309, 2, 0, 10088
2026/05/24 03:54:37.310, 3, 0, 10088
2026/05/24 03:54:52.411, 0, 12, 10490
2026/05/24 03:54:52.413, 1, 0, 10088
2026/05/24 03:54:52.414, 2, 0, 10088
2026/05/24 03:54:52.415, 3, 0, 10088
2026/05/24 03:55:07.502, 0, 100, 10490
2026/05/24 03:55:07.504, 1, 100, 10088
2026/05/24 03:55:07.505, 2, 0, 10088
2026/05/24 03:55:07.506, 3, 0, 10088
2026/05/24 03:55:22.681, 0, 9, 10490
2026/05/24 03:55:22.684, 1, 0, 10088
2026/05/24 03:55:22.686, 2, 0, 10088
2026/05/24 03:55:22.687, 3, 0, 10088
2026/05/24 03:55:37.898, 0, 9, 10490
2026/05/24 03:55:37.900, 1, 0, 10088
2026/05/24 03:55:37.901, 2, 0, 10088
2026/05/24 03:55:37.903, 3, 0, 10088
2026/05/24 03:55:53.006, 0, 13, 10490
2026/05/24 03:55:53.009, 1, 0, 10088
2026/05/24 03:55:53.010, 2, 0, 10088
2026/05/24 03:55:53.011, 3, 0, 10088
2026/05/24 03:56:08.098, 0, 100, 10490
2026/05/24 03:56:08.100, 1, 0, 10088
2026/05/24 03:56:08.102, 2, 0, 10088
2026/05/24 03:56:08.103, 3, 0, 10088
2026/05/24 03:56:23.190, 0, 3, 10490
2026/05/24 03:56:23.192, 1, 0, 10088
2026/05/24 03:56:23.193, 2, 0, 10088
2026/05/24 03:56:23.195, 3, 0, 10088
2026/05/24 03:56:38.285, 0, 100, 10490
2026/05/24 03:56:38.289, 1, 100, 10088
2026/05/24 03:56:38.291, 2, 0, 10088
2026/05/24 03:56:38.294, 3, 0, 10088
2026/05/24 03:56:53.387, 0, 11, 10490
2026/05/24 03:56:53.389, 1, 0, 10088
2026/05/24 03:56:53.390, 2, 0, 10088
2026/05/24 03:56:53.392, 3, 0, 10088
2026/05/24 03:57:08.482, 0, 100, 10490
2026/05/24 03:57:08.486, 1, 99, 10088
2026/05/24 03:57:08.489, 2, 0, 10088
2026/05/24 03:57:08.491, 3, 0, 10088
2026/05/24 03:57:23.582, 0, 5, 10490
2026/05/24 03:57:23.584, 1, 0, 10088
2026/05/24 03:57:23.585, 2, 0, 10088
2026/05/24 03:57:23.586, 3, 0, 10088
2026/05/24 03:57:38.674, 0, 100, 10490
2026/05/24 03:57:38.676, 1, 100, 10088
2026/05/24 03:57:38.677, 2, 0, 10088
2026/05/24 03:57:38.679, 3, 0, 10088
2026/05/24 03:57:53.783, 0, 10, 10490
2026/05/24 03:57:53.785, 1, 0, 10088
2026/05/24 03:57:53.787, 2, 0, 10088
2026/05/24 03:57:53.788, 3, 0, 10088
2026/05/24 03:58:08.876, 0, 13, 10490
2026/05/24 03:58:08.878, 1, 0, 10088
2026/05/24 03:58:08.880, 2, 0, 10088
2026/05/24 03:58:08.882, 3, 0, 10088
2026/05/24 03:58:24.069, 0, 1, 10490
2026/05/24 03:58:24.071, 1, 0, 10088
2026/05/24 03:58:24.072, 2, 0, 10088
2026/05/24 03:58:24.210, 3, 0, 10088
2026/05/24 03:58:39.376, 0, 100, 10490
2026/05/24 03:58:39.380, 1, 100, 10088
2026/05/24 03:58:39.383, 2, 0, 10088
2026/05/24 03:58:39.481, 3, 0, 10088
2026/05/24 03:58:54.682, 0, 100, 10490
2026/05/24 03:58:54.684, 1, 0, 10088
2026/05/24 03:58:54.685, 2, 0, 10088
2026/05/24 03:58:54.687, 3, 0, 10088
2026/05/24 03:59:09.791, 0, 12, 10490
2026/05/24 03:59:09.793, 1, 0, 10088
2026/05/24 03:59:09.794, 2, 0, 10088
2026/05/24 03:59:09.796, 3, 0, 10088
2026/05/24 03:59:24.882, 0, 0, 1
2026/05/24 03:59:24.884, 1, 0, 1
2026/05/24 03:59:24.885, 2, 0, 1
2026/05/24 03:59:24.886, 3, 0, 1
2026/05/24 03:59:39.971, 0, 0, 1
2026/05/24 03:59:39.972, 1, 0, 1
2026/05/24 03:59:39.974, 2, 0, 1
2026/05/24 03:59:39.975, 3, 0, 1
2026/05/24 03:59:55.062, 0, 0, 1
2026/05/24 03:59:55.064, 1, 0, 1
2026/05/24 03:59:55.065, 2, 0, 1
2026/05/24 03:59:55.067, 3, 0, 1
2026/05/24 04:00:10.154, 0, 0, 1
2026/05/24 04:00:10.156, 1, 0, 1
2026/05/24 04:00:10.157, 2, 0, 1
2026/05/24 04:00:10.159, 3, 0, 1
2026/05/24 04:00:25.246, 0, 0, 1
2026/05/24 04:00:25.248, 1, 0, 1
2026/05/24 04:00:25.249, 2, 0, 1
2026/05/24 04:00:25.251, 3, 0, 1
2026/05/24 04:00:40.338, 0, 0, 1
2026/05/24 04:00:40.340, 1, 0, 1
2026/05/24 04:00:40.341, 2, 0, 1
2026/05/24 04:00:40.343, 3, 0, 1
