[goal] Fresh GTrXL v2-scale Stage-2 BLB RL run for 60000 episodes.
[goal] Preserve no-collapse safety while reducing baseline lock-in with non-monotonic cost-boundary exploration.
[goal] Watch KL/LR scale, entropy recovery, empirical offset stats, Pareto progress, and four-GPU reward probe health.
[stop-rl] Parting Chapter/persistent/rl/bert-base/mrpc/s1t0.005_s2t0.005_s2st0.005: pid=221917 already dead
[stop-rl] Parting Chapter/persistent/rl/bert-base/mrpc/s1t0.005_s2t0.005_s2st0.005_rdv2: no rl.pid

================================================================================
Step 1/6: git pull latest local source changes
================================================================================
[git] offline verified HEAD = eab0596; skipping remote pull because ALLOW_VERIFIED_HEAD_WITHOUT_PULL=1
[git] HEAD = eab0596

================================================================================
Step 2/6: local/contract tests on server
================================================================================
test_10k_curve_knobs_are_launcher_visible (tests.test_sequential_smoke.WarmstartFixedRegressionTest.test_10k_curve_knobs_are_launcher_visible)
The 10k research loop needs to tune exploration without editing ... ok
test_baseline_prior_schedule_decays_to_weak_prior (tests.test_sequential_smoke.WarmstartFixedRegressionTest.test_baseline_prior_schedule_decays_to_weak_prior) ... ok
test_episode_jsonl_carries_terminal_health_fields (tests.test_sequential_smoke.WarmstartFixedRegressionTest.test_episode_jsonl_carries_terminal_health_fields)
10k online monitoring must not depend on grepping details text for ... ok
test_fast_multi_actor_reward_mode_is_configurable_and_safe (tests.test_sequential_smoke.WarmstartFixedRegressionTest.test_fast_multi_actor_reward_mode_is_configurable_and_safe) ... ok
test_first10k_monitor_checks_all_expected_reward_gpus (tests.test_sequential_smoke.WarmstartFixedRegressionTest.test_first10k_monitor_checks_all_expected_reward_gpus) ... ok
test_first10k_monitor_tolerates_sparse_loss_cap_spikes (tests.test_sequential_smoke.WarmstartFixedRegressionTest.test_first10k_monitor_tolerates_sparse_loss_cap_spikes)
User criterion allows sparse spikes; bursts or frequent caps still fail. ... ok
test_first10k_monitor_uses_post_anchor_p12_rate_threshold (tests.test_sequential_smoke.WarmstartFixedRegressionTest.test_first10k_monitor_uses_post_anchor_p12_rate_threshold) ... ok
test_first10k_server_defaults_avoid_radius2_collapse_region (tests.test_sequential_smoke.WarmstartFixedRegressionTest.test_first10k_server_defaults_avoid_radius2_collapse_region)
The first failed 10k run showed P1s when radius reached 2. ... ok
test_first10k_server_run_aborts_on_git_pull_failure (tests.test_sequential_smoke.WarmstartFixedRegressionTest.test_first10k_server_run_aborts_on_git_pull_failure)
Server runs must not continue experiments from a stale HEAD. ... ok
test_first10k_server_run_can_skip_pull_only_on_verified_head (tests.test_sequential_smoke.WarmstartFixedRegressionTest.test_first10k_server_run_can_skip_pull_only_on_verified_head) ... ok
test_first10k_server_run_passes_p12_rate_threshold (tests.test_sequential_smoke.WarmstartFixedRegressionTest.test_first10k_server_run_passes_p12_rate_threshold) ... ok
test_force_baseline_anchor_wired (tests.test_sequential_smoke.WarmstartFixedRegressionTest.test_force_baseline_anchor_wired) ... /hy-tmp/Reinforcement-For-Robustness/tests/test_sequential_smoke.py:973: ResourceWarning: unclosed file <_io.TextIOWrapper name='blb_stage2_rl/sequential_runner.py' mode='r' encoding='utf-8'>
  src = open("blb_stage2_rl/sequential_runner.py", encoding="utf-8").read()
ResourceWarning: Enable tracemalloc to get the object allocation traceback
ok
test_guarded_radius2_cooldown_after_radius2_failure (tests.test_sequential_smoke.WarmstartFixedRegressionTest.test_guarded_radius2_cooldown_after_radius2_failure) ... ok
test_guarded_radius2_waits_for_stall_and_healthy_history (tests.test_sequential_smoke.WarmstartFixedRegressionTest.test_guarded_radius2_waits_for_stall_and_healthy_history) ... ok
test_new_best_logs_inference_metrics (tests.test_sequential_smoke.WarmstartFixedRegressionTest.test_new_best_logs_inference_metrics)
After a new best, the log line should include loss_mean / loss_std / ... /hy-tmp/Reinforcement-For-Robustness/tests/test_sequential_smoke.py:2047: ResourceWarning: unclosed file <_io.TextIOWrapper name='blb_stage2_rl/sequential_runner.py' mode='r' encoding='utf-8'>
  src = open("blb_stage2_rl/sequential_runner.py", encoding="utf-8").read()
ResourceWarning: Enable tracemalloc to get the object allocation traceback
ok
test_noisy_accuracy_threshold_has_probe_granularity_guard (tests.test_sequential_smoke.WarmstartFixedRegressionTest.test_noisy_accuracy_threshold_has_probe_granularity_guard) ... ok
test_per_slot_mode_helper_present (tests.test_sequential_smoke.WarmstartFixedRegressionTest.test_per_slot_mode_helper_present) ... /hy-tmp/Reinforcement-For-Robustness/tests/test_sequential_smoke.py:961: ResourceWarning: unclosed file <_io.TextIOWrapper name='blb_stage2_rl/sequential_runner.py' mode='r' encoding='utf-8'>
  src = open("blb_stage2_rl/sequential_runner.py", encoding="utf-8").read()
ResourceWarning: Enable tracemalloc to get the object allocation traceback
ok
test_per_slot_mode_returns_correct_values (tests.test_sequential_smoke.WarmstartFixedRegressionTest.test_per_slot_mode_returns_correct_values)
Quick functional test: given a fake schedule + baseline_vec, ... /hy-tmp/Reinforcement-For-Robustness/tests/test_sequential_smoke.py:1011: ResourceWarning: unclosed file <_io.TextIOWrapper name='blb_stage2_rl/sequential_runner.py' mode='r' encoding='utf-8'>
  src = open("blb_stage2_rl/sequential_runner.py", encoding="utf-8").read()
ResourceWarning: Enable tracemalloc to get the object allocation traceback
ok
test_probe_runner_can_evaluate_distinct_actions_on_distinct_workers (tests.test_sequential_smoke.WarmstartFixedRegressionTest.test_probe_runner_can_evaluate_distinct_actions_on_distinct_workers) ... ok
test_sequential_fast_mode_defers_terminal_reward_and_revalidates_promotions (tests.test_sequential_smoke.WarmstartFixedRegressionTest.test_sequential_fast_mode_defers_terminal_reward_and_revalidates_promotions) ... ok
test_sequential_force_anchor_honors_warmstart_config (tests.test_sequential_smoke.WarmstartFixedRegressionTest.test_sequential_force_anchor_honors_warmstart_config) ... ok
test_sequential_ppo_adaptive_lr_cap_is_conservative_for_gtrxl (tests.test_sequential_smoke.WarmstartFixedRegressionTest.test_sequential_ppo_adaptive_lr_cap_is_conservative_for_gtrxl) ... ok
test_sequential_ppo_buffer_carries_action_level_mask (tests.test_sequential_smoke.WarmstartFixedRegressionTest.test_sequential_ppo_buffer_carries_action_level_mask) ... ok
test_sequential_ppo_update_handles_budgeted_reward_extremes (tests.test_sequential_smoke.WarmstartFixedRegressionTest.test_sequential_ppo_update_handles_budgeted_reward_extremes) ... ok
test_sequential_ppo_update_replays_stored_action_level_mask (tests.test_sequential_smoke.WarmstartFixedRegressionTest.test_sequential_ppo_update_replays_stored_action_level_mask) ... ok
test_sequential_ppo_update_skips_nonfinite_minibatch (tests.test_sequential_smoke.WarmstartFixedRegressionTest.test_sequential_ppo_update_skips_nonfinite_minibatch) ... ok
test_sequential_runner_uses_episode_neighbor_offsets (tests.test_sequential_smoke.WarmstartFixedRegressionTest.test_sequential_runner_uses_episode_neighbor_offsets) ... ok
test_step_level_mask_keeps_unselected_slots_at_baseline (tests.test_sequential_smoke.WarmstartFixedRegressionTest.test_step_level_mask_keeps_unselected_slots_at_baseline) ... ok
test_diagnostics_table_shows_ent_coef (tests.test_sequential_smoke.EntCoefScheduleRegressionTest.test_diagnostics_table_shows_ent_coef) ... /hy-tmp/Reinforcement-For-Robustness/tests/test_sequential_smoke.py:2176: ResourceWarning: unclosed file <_io.TextIOWrapper name='blb_stage2_rl/diagnostics.py' mode='r' encoding='utf-8'>
  src = open("blb_stage2_rl/diagnostics.py", encoding="utf-8").read()
ResourceWarning: Enable tracemalloc to get the object allocation traceback
ok
test_helper_present_with_expected_signature (tests.test_sequential_smoke.EntCoefScheduleRegressionTest.test_helper_present_with_expected_signature) ... /hy-tmp/Reinforcement-For-Robustness/tests/test_sequential_smoke.py:2068: ResourceWarning: unclosed file <_io.TextIOWrapper name='blb_stage2_rl/sequential_runner.py' mode='r' encoding='utf-8'>
  src = open("blb_stage2_rl/sequential_runner.py", encoding="utf-8").read()
ResourceWarning: Enable tracemalloc to get the object allocation traceback
ok
test_ppo_update_accepts_override_param (tests.test_sequential_smoke.EntCoefScheduleRegressionTest.test_ppo_update_accepts_override_param)
sequential_ppo_update must accept ent_coef_override kwarg. ... /hy-tmp/Reinforcement-For-Robustness/tests/test_sequential_smoke.py:2089: ResourceWarning: unclosed file <_io.TextIOWrapper name='blb_stage2_rl/sequential_policy.py' mode='r' encoding='utf-8'>
  src = open("blb_stage2_rl/sequential_policy.py", encoding="utf-8").read()
ResourceWarning: Enable tracemalloc to get the object allocation traceback
ok
test_ppo_update_passes_override (tests.test_sequential_smoke.EntCoefScheduleRegressionTest.test_ppo_update_passes_override) ... /hy-tmp/Reinforcement-For-Robustness/tests/test_sequential_smoke.py:2082: ResourceWarning: unclosed file <_io.TextIOWrapper name='blb_stage2_rl/sequential_runner.py' mode='r' encoding='utf-8'>
  src = open("blb_stage2_rl/sequential_runner.py", encoding="utf-8").read()
ResourceWarning: Enable tracemalloc to get the object allocation traceback
ok
test_schedule_math_anchor_ramp_steady (tests.test_sequential_smoke.EntCoefScheduleRegressionTest.test_schedule_math_anchor_ramp_steady)
Functional test of the helper. Locks in the three-stage behaviour ... /hy-tmp/Reinforcement-For-Robustness/tests/test_sequential_smoke.py:2121: ResourceWarning: unclosed file <_io.TextIOWrapper name='blb_stage2_rl/sequential_runner.py' mode='r' encoding='utf-8'>
  src = open("blb_stage2_rl/sequential_runner.py", encoding="utf-8").read()
ResourceWarning: Enable tracemalloc to get the object allocation traceback
ok
test_startup_log_describes_schedule (tests.test_sequential_smoke.EntCoefScheduleRegressionTest.test_startup_log_describes_schedule)
The startup hyperparameter box should print the three-stage ... /hy-tmp/Reinforcement-For-Robustness/tests/test_sequential_smoke.py:2169: ResourceWarning: unclosed file <_io.TextIOWrapper name='blb_stage2_rl/sequential_runner.py' mode='r' encoding='utf-8'>
  src = open("blb_stage2_rl/sequential_runner.py", encoding="utf-8").read()
ResourceWarning: Enable tracemalloc to get the object allocation traceback
ok
test_train_config_defaults (tests.test_sequential_smoke.EntCoefScheduleRegressionTest.test_train_config_defaults)
SequentialTrainConfig should default to ent_coef_anchor=0 and ... /hy-tmp/Reinforcement-For-Robustness/tests/test_sequential_smoke.py:2101: ResourceWarning: unclosed file <_io.TextIOWrapper name='blb_stage2_rl/sequential_runner.py' mode='r' encoding='utf-8'>
  src = open("blb_stage2_rl/sequential_runner.py", encoding="utf-8").read()
ResourceWarning: Enable tracemalloc to get the object allocation traceback
/hy-tmp/Reinforcement-For-Robustness/tests/test_sequential_smoke.py:2106: ResourceWarning: unclosed file <_io.TextIOWrapper name='blb_stage2_rl/runner.py' mode='r' encoding='utf-8'>
  src2 = open("blb_stage2_rl/runner.py", encoding="utf-8").read()
ResourceWarning: Enable tracemalloc to get the object allocation traceback
ok

----------------------------------------------------------------------
Ran 35 tests in 2.801s

OK
test_action_bias_raises_baseline_sampling_probability (test_blb_action_mask.BLBActionMaskTests.test_action_bias_raises_baseline_sampling_probability) ... ok
test_baseline_only_mask_keeps_action_length_and_forces_baseline (test_blb_action_mask.BLBActionMaskTests.test_baseline_only_mask_keeps_action_length_and_forces_baseline) ... ok
test_evaluate_action_accepts_mask_and_bias_for_legal_action (test_blb_action_mask.BLBActionMaskTests.test_evaluate_action_accepts_mask_and_bias_for_legal_action) ... ok
test_load_mask_rejects_inactive_slot_opened_to_nonbaseline (test_blb_action_mask.BLBActionMaskTests.test_load_mask_rejects_inactive_slot_opened_to_nonbaseline) ... ok
test_near_baseline_keeps_inactive_slots_baseline_only (test_blb_action_mask.BLBActionMaskTests.test_near_baseline_keeps_inactive_slots_baseline_only) ... ok
test_per_dim_entropy_can_report_masked_entropy (test_blb_action_mask.BLBActionMaskTests.test_per_dim_entropy_can_report_masked_entropy) ... ok
test_policy_sample_and_evaluate_share_masked_logprob (test_blb_action_mask.BLBActionMaskTests.test_policy_sample_and_evaluate_share_masked_logprob) ... ok
test_ppo_update_passes_mask_and_bias_to_evaluate_action (test_blb_action_mask.BLBActionMaskTests.test_ppo_update_passes_mask_and_bias_to_evaluate_action) ... ok
test_runner_train_config_reads_action_mask_fields (test_blb_action_mask.BLBActionMaskTests.test_runner_train_config_reads_action_mask_fields) ... ok
test_canonical_response_may_omit_layer0_block1 (test_blb_baseline_bootstrap.BLBBaselineBootstrapTests.test_canonical_response_may_omit_layer0_block1) ... ok
test_rejects_invalid_stage1_degree (test_blb_baseline_bootstrap.BLBBaselineBootstrapTests.test_rejects_invalid_stage1_degree) ... ok
test_rejects_missing_required_non_layer0_block1_entry (test_blb_baseline_bootstrap.BLBBaselineBootstrapTests.test_rejects_missing_required_non_layer0_block1_entry) ... ok
test_round_trip_response_validation_and_cost_stats (test_blb_baseline_bootstrap.BLBBaselineBootstrapTests.test_round_trip_response_validation_and_cost_stats) ... ok
test_runner_has_no_static_skeletons_baseline_fallback (test_blb_baseline_bootstrap.BLBBaselineBootstrapTests.test_runner_has_no_static_skeletons_baseline_fallback) ... ok
test_static_skeletons_block4_wo_rescale_uses_rl_field_name (test_blb_baseline_bootstrap.BLBBaselineBootstrapTests.test_static_skeletons_block4_wo_rescale_uses_rl_field_name) ... ok
test_static_skeletons_mixed_degree_baseline_decodes_per_layer_sfs (test_blb_baseline_bootstrap.BLBBaselineBootstrapTests.test_static_skeletons_mixed_degree_baseline_decodes_per_layer_sfs) ... ok
test_candidate_identity_uses_phase1_canonical_context_fields (test_blb_candidate_store_identity.BLBCandidateStoreIdentityTests.test_candidate_identity_uses_phase1_canonical_context_fields) ... ok
test_candidate_key_binds_action_and_context_hashes (test_blb_candidate_store_identity.BLBCandidateStoreIdentityTests.test_candidate_key_binds_action_and_context_hashes) ... ok
test_context_lookup_excludes_action_hash_only_legacy_records (test_blb_candidate_store_identity.BLBCandidateStoreIdentityTests.test_context_lookup_excludes_action_hash_only_legacy_records) ... ok
test_store_records_raw_and_effective_action_identity (test_blb_candidate_store_identity.BLBCandidateStoreIdentityTests.test_store_records_raw_and_effective_action_identity) ... ok
test_fresh_writes_to_source_field (test_blb_chain_integrity.ApplyOptimizerOutputBlock1Test.test_fresh_writes_to_source_field) ... ok
test_fused_away_sets_rescale_to_none (test_blb_chain_integrity.ApplyOptimizerOutputBlock1Test.test_fused_away_sets_rescale_to_none) ... ok
test_invalid_result_short_circuits_no_op (test_blb_chain_integrity.ApplyOptimizerOutputBlock1Test.test_invalid_result_short_circuits_no_op) ... ok
test_missing_compact_config_no_op (test_blb_chain_integrity.ApplyOptimizerOutputBlock1Test.test_missing_compact_config_no_op) ... ok
test_non_integer_delta_skipped (test_blb_chain_integrity.ApplyOptimizerOutputBlock1Test.test_non_integer_delta_skipped) ... ok
test_propagation_delta_writes_to_encode_field (test_blb_chain_integrity.ApplyOptimizerOutputBlock1Test.test_propagation_delta_writes_to_encode_field) ... ok
test_rescale_post_writes_to_rescale_field (test_blb_chain_integrity.ApplyOptimizerOutputBlock1Test.test_rescale_post_writes_to_rescale_field) ... ok
test_rotation_flag_resets_when_absent (test_blb_chain_integrity.ApplyOptimizerOutputBlock2RotationTest.test_rotation_flag_resets_when_absent) ... ok
test_rotation_flag_toggled_on_via_name_map (test_blb_chain_integrity.ApplyOptimizerOutputBlock2RotationTest.test_rotation_flag_toggled_on_via_name_map) ... ok
test_parse_device_ids_accepts_fire_tuple (test_blb_chain_integrity.ProbeRunnerHelpersTest.test_parse_device_ids_accepts_fire_tuple) ... ok
test_parse_device_ids_accepts_parenthesized_fire_string (test_blb_chain_integrity.ProbeRunnerHelpersTest.test_parse_device_ids_accepts_parenthesized_fire_string) ... ok
test_parse_device_ids_basic (test_blb_chain_integrity.ProbeRunnerHelpersTest.test_parse_device_ids_basic) ... ok
test_parse_device_ids_rejects_garbage (test_blb_chain_integrity.ProbeRunnerHelpersTest.test_parse_device_ids_rejects_garbage) ... ok
test_split_round_robin_k0 (test_blb_chain_integrity.ProbeRunnerHelpersTest.test_split_round_robin_k0) ... ok
test_split_round_robin_k4_n4_one_trial_per_gpu (test_blb_chain_integrity.ProbeRunnerHelpersTest.test_split_round_robin_k4_n4_one_trial_per_gpu) ... ok
test_split_round_robin_k5_n2 (test_blb_chain_integrity.ProbeRunnerHelpersTest.test_split_round_robin_k5_n2) ... ok
test_split_round_robin_k5_n3 (test_blb_chain_integrity.ProbeRunnerHelpersTest.test_split_round_robin_k5_n3) ... ok
test_split_round_robin_single_worker (test_blb_chain_integrity.ProbeRunnerHelpersTest.test_split_round_robin_single_worker) ... ok
test_trial_seed_deterministic (test_blb_chain_integrity.ProbeRunnerHelpersTest.test_trial_seed_deterministic) ... ok
test_trial_seed_independent_per_trial (test_blb_chain_integrity.ProbeRunnerHelpersTest.test_trial_seed_independent_per_trial) ... ok
test_runner_handles_k0_gracefully (test_blb_chain_integrity.ProbeRunnerTwoGPUTest.test_runner_handles_k0_gracefully) ... ok
test_runner_returns_results_in_trial_order (test_blb_chain_integrity.ProbeRunnerTwoGPUTest.test_runner_returns_results_in_trial_order) ... ok
test_distribution_string_case_insensitive (test_blb_chain_integrity.SampleGaussianLiveReadTest.test_distribution_string_case_insensitive) ... ok
test_mutating_scaling_factor_changes_noise_variance (test_blb_chain_integrity.SampleGaussianLiveReadTest.test_mutating_scaling_factor_changes_noise_variance) ... ok
test_none_point_returns_zero_noise (test_blb_chain_integrity.SampleGaussianLiveReadTest.test_none_point_returns_zero_noise) ... ok
test_action_head_bias_starts_zero (test_blb_chain_integrity.SequentialPolicyInitTest.test_action_head_bias_starts_zero)
Learned actor biases start zero; caller controls baseline prior. ... ok
test_action_head_weight_is_small (test_blb_chain_integrity.SequentialPolicyInitTest.test_action_head_weight_is_small)
Every per-slot head must start near zero so external prior wins. ... ok
test_value_head_init_standard (test_blb_chain_integrity.SequentialPolicyInitTest.test_value_head_init_standard) ... ok
test_warmstart_bias_dominates_random_state (test_blb_chain_integrity.SequentialPolicyInitTest.test_warmstart_bias_dominates_random_state)
With +3.5 warmstart bias and random state, preferred index should ... ok
test_all_three_pairs_mirrored (test_blb_chain_integrity.SyncBlock2QKBindingTest.test_all_three_pairs_mirrored) ... ok
test_no_op_when_already_synced (test_blb_chain_integrity.SyncBlock2QKBindingTest.test_no_op_when_already_synced) ... ok
test_wk_mutation_mirrors_onto_wq (test_blb_chain_integrity.SyncBlock2QKBindingTest.test_wk_mutation_mirrors_onto_wq) ... ok
test_f0_record_splits_rescale_cost_debug_and_mpc_truncation (test_blb_cost_semantics.BLBCostSemanticsTests.test_f0_record_splits_rescale_cost_debug_and_mpc_truncation) ... ok
test_invalid_chain_is_validity_gate_not_numeric_cost (test_blb_cost_semantics.BLBCostSemanticsTests.test_invalid_chain_is_validity_gate_not_numeric_cost) ... ok
test_rescale_rank_key_uses_only_total_bits_and_fusion (test_blb_cost_semantics.BLBCostSemanticsTests.test_rescale_rank_key_uses_only_total_bits_and_fusion) ... ok
test_parse_degree_scalar_preserves_scalar (test_blb_eval_action_stage1_context.BLBEvalActionStage1ContextTests.test_parse_degree_scalar_preserves_scalar) ... ok
test_parse_degree_vector_preserves_layerwise_values (test_blb_eval_action_stage1_context.BLBEvalActionStage1ContextTests.test_parse_degree_vector_preserves_layerwise_values) ... ok
test_parse_degree_vector_rejects_wrong_length (test_blb_eval_action_stage1_context.BLBEvalActionStage1ContextTests.test_parse_degree_vector_rejects_wrong_length) ... ok
test_scan_stops_when_baseline_is_invalid (test_blb_f0_scan.BLBF0ScanTests.test_scan_stops_when_baseline_is_invalid) ... ok
test_scan_writes_per_slot_mask_and_rank_fields (test_blb_f0_scan.BLBF0ScanTests.test_scan_writes_per_slot_mask_and_rank_fields) ... ok
test_feasibility_report_writes_json_and_markdown (test_blb_final_eval_feasibility.BLBFinalEvalFeasibilityTests.test_feasibility_report_writes_json_and_markdown) ... ok
test_loss_is_report_only_for_formal_feasible (test_blb_final_eval_feasibility.BLBFinalEvalFeasibilityTests.test_loss_is_report_only_for_formal_feasible) ... ok
test_unknown_threshold_source_never_claims_formal_feasible (test_blb_final_eval_feasibility.BLBFinalEvalFeasibilityTests.test_unknown_threshold_source_never_claims_formal_feasible) ... ok
test_bridge_prefers_direct_replan_variables_when_available (test_blb_optimizer_cost_consistency.BLBOptimizerCostConsistencyTests.test_bridge_prefers_direct_replan_variables_when_available) ... ok
test_direct_inprocess_replan_matches_compat_payload_path (test_blb_optimizer_cost_consistency.BLBOptimizerCostConsistencyTests.test_direct_inprocess_replan_matches_compat_payload_path) ... ok
test_effective_action_hash_ignores_inactive_compat_slots_only (test_blb_optimizer_cost_consistency.BLBOptimizerCostConsistencyTests.test_effective_action_hash_ignores_inactive_compat_slots_only) ... ok
test_inactive_slots_do_not_change_optimizer_requests (test_blb_optimizer_cost_consistency.BLBOptimizerCostConsistencyTests.test_inactive_slots_do_not_change_optimizer_requests) ... ok
test_exported_registry_files_match_embedded_payload (test_blb_registry_artifact_consistency.BLBRegistryArtifactConsistencyTests.test_exported_registry_files_match_embedded_payload) ... ok
test_adaptive_scalar_cost_has_fusion_and_truncation_step_boosts (test_blb_reward_archive.ParetoCostArchiveTests.test_adaptive_scalar_cost_has_fusion_and_truncation_step_boosts) ... ok
test_adaptive_scalar_cost_step_boundaries_and_bits_tiebreaker (test_blb_reward_archive.ParetoCostArchiveTests.test_adaptive_scalar_cost_step_boundaries_and_bits_tiebreaker) ... ok
test_compute_reward_excludes_optimizer_invalid_from_adaptive_scalar_cost (test_blb_reward_archive.ParetoCostArchiveTests.test_compute_reward_excludes_optimizer_invalid_from_adaptive_scalar_cost) ... ok
test_compute_reward_excludes_p1_from_adaptive_scalar_cost (test_blb_reward_archive.ParetoCostArchiveTests.test_compute_reward_excludes_p1_from_adaptive_scalar_cost) ... ok
test_compute_reward_excludes_p2_from_cost_and_archive (test_blb_reward_archive.ParetoCostArchiveTests.test_compute_reward_excludes_p2_from_cost_and_archive) ... ok
test_compute_reward_uses_adaptive_scalar_for_p3_cost_while_recording_pareto (test_blb_reward_archive.ParetoCostArchiveTests.test_compute_reward_uses_adaptive_scalar_for_p3_cost_while_recording_pareto) ... ok
test_default_pareto_event_shaping_is_stronger_but_tier_safe (test_blb_reward_archive.ParetoCostArchiveTests.test_default_pareto_event_shaping_is_stronger_but_tier_safe) ... ok
test_dominated_and_duplicate_events_are_bounded (test_blb_reward_archive.ParetoCostArchiveTests.test_dominated_and_duplicate_events_are_bounded) ... ok
test_excludes_p1_and_p2_candidates (test_blb_reward_archive.ParetoCostArchiveTests.test_excludes_p1_and_p2_candidates) ... ok
test_ignores_typical_normalizers_for_ranking (test_blb_reward_archive.ParetoCostArchiveTests.test_ignores_typical_normalizers_for_ranking) ... ok
test_keeps_mutually_non_dominated_candidates (test_blb_reward_archive.ParetoCostArchiveTests.test_keeps_mutually_non_dominated_candidates) ... ok
test_p3_high_accuracy_margin_does_not_hide_cost_ordering (test_blb_reward_archive.ParetoCostArchiveTests.test_p3_high_accuracy_margin_does_not_hide_cost_ordering) ... ok
test_replaces_dominated_frontier_members (test_blb_reward_archive.ParetoCostArchiveTests.test_replaces_dominated_frontier_members) ... ok
test_action_description_names_every_noise_point_and_truncation (test_blb_stage2_rl_regressions.BLBActionDescriptionRegressionTests.test_action_description_names_every_noise_point_and_truncation) ... ok
test_action_candidate_still_runs_model_forward_when_optimizer_invalid (test_blb_stage2_rl_regressions.BLBActionFinalEvalRegressionTests.test_action_candidate_still_runs_model_forward_when_optimizer_invalid) ... ok
test_full_noise_config_uses_training_first_input_N (test_blb_stage2_rl_regressions.BLBActionFinalEvalRegressionTests.test_full_noise_config_uses_training_first_input_N) ... ok
test_resolve_base_action_accepts_numpy_arrays_without_truthiness (test_blb_stage2_rl_regressions.BLBActionFinalEvalRegressionTests.test_resolve_base_action_accepts_numpy_arrays_without_truthiness) ... ok
test_blb_install_log_helper_respects_quiet_env (test_blb_stage2_rl_regressions.BLBInstallLogRegressionTests.test_blb_install_log_helper_respects_quiet_env) ... ok
test_bridge_baseline_evaluation_bypasses_cfg_derived_payload (test_blb_stage2_rl_regressions.BLBOptimizerBaselineRegressionTests.test_bridge_baseline_evaluation_bypasses_cfg_derived_payload) ... ok
test_env_all_max_action_uses_optimizer_baseline_scoring (test_blb_stage2_rl_regressions.BLBOptimizerBaselineRegressionTests.test_env_all_max_action_uses_optimizer_baseline_scoring) ... ok
test_env_runs_forward_even_when_optimizer_invalid (test_blb_stage2_rl_regressions.BLBOptimizerBaselineRegressionTests.test_env_runs_forward_even_when_optimizer_invalid) ... ok
test_real_mrpc_all_max_baseline_optimizer_outputs_are_valid (test_blb_stage2_rl_regressions.BLBOptimizerBaselineRegressionTests.test_real_mrpc_all_max_baseline_optimizer_outputs_are_valid) ... ok
test_real_mrpc_all_max_cfg_derived_optimizer_outputs_are_valid (test_blb_stage2_rl_regressions.BLBOptimizerBaselineRegressionTests.test_real_mrpc_all_max_cfg_derived_optimizer_outputs_are_valid) ... ok
test_blb_progress_stays_under_stage2_noise_progress (test_blb_stage2_rl_regressions.BLBPersistencePathRegressionTests.test_blb_progress_stays_under_stage2_noise_progress) ... ok
test_candidate_store_hash_fidelity_and_rank_key_are_stable (test_blb_stage2_rl_regressions.BLBPlaybookArtifactRegressionTests.test_candidate_store_hash_fidelity_and_rank_key_are_stable) ... ok
test_f0_eval_all_max_uses_optimizer_baseline_path (test_blb_stage2_rl_regressions.BLBPlaybookArtifactRegressionTests.test_f0_eval_all_max_uses_optimizer_baseline_path) ... ok
test_f0_eval_record_contains_action_hash_rank_key_and_optimizer_summary (test_blb_stage2_rl_regressions.BLBPlaybookArtifactRegressionTests.test_f0_eval_record_contains_action_hash_rank_key_and_optimizer_summary) ... ok
test_phase0_preflight_report_names_current_operator_entrypoints (test_blb_stage2_rl_regressions.BLBPlaybookArtifactRegressionTests.test_phase0_preflight_report_names_current_operator_entrypoints) ... ok
test_registry_export_records_action_values_and_current_slot_count (test_blb_stage2_rl_regressions.BLBPlaybookArtifactRegressionTests.test_registry_export_records_action_values_and_current_slot_count) ... ok
test_kind_drop_action_changes_only_target_kind_slots (test_blb_stage2_rl_regressions.BLBPolicyWarmstartRegressionTests.test_kind_drop_action_changes_only_target_kind_slots) ... ok
test_preferred_action_bias_drives_deterministic_sample_to_baseline (test_blb_stage2_rl_regressions.BLBPolicyWarmstartRegressionTests.test_preferred_action_bias_drives_deterministic_sample_to_baseline) ... ok
test_warmstart_action_mode_expires_by_absolute_episode (test_blb_stage2_rl_regressions.BLBPolicyWarmstartRegressionTests.test_warmstart_action_mode_expires_by_absolute_episode) ... ok
test_explicit_probe_batch_count_override_still_works (test_blb_stage2_rl_regressions.BLBProbeSizingRegressionTests.test_explicit_probe_batch_count_override_still_works) ... ok
test_probe_batch_count_covers_requested_probe_size (test_blb_stage2_rl_regressions.BLBProbeSizingRegressionTests.test_probe_batch_count_covers_requested_probe_size) ... ok
test_baseline_preflight_stability_threshold_uses_noisy_baseline (test_blb_stage2_rl_regressions.BLBRewardRegressionTests.test_baseline_preflight_stability_threshold_uses_noisy_baseline) ... ok
test_metric_std_sampling_jitter_does_not_drop_stability_tier (test_blb_stage2_rl_regressions.BLBRewardRegressionTests.test_metric_std_sampling_jitter_does_not_drop_stability_tier)
5-trial MRPC metric std jitter should not masquerade as instability. ... ok
test_neighbor_indices_use_real_k_order_not_action_index_order (test_blb_stage2_rl_regressions.BLBRewardRegressionTests.test_neighbor_indices_use_real_k_order_not_action_index_order) ... ok
test_neighborhood_curriculum_expands_slowly (test_blb_stage2_rl_regressions.BLBRewardRegressionTests.test_neighborhood_curriculum_expands_slowly) ... ok
test_optimizer_invalid_is_cost_layer_after_accuracy_and_stability (test_blb_stage2_rl_regressions.BLBRewardRegressionTests.test_optimizer_invalid_is_cost_layer_after_accuracy_and_stability)
Priority semantics from ADR-002 preserved under ADR-007 v2-style reward. ... ok
test_runner_best_selection_uses_hard_constraints_before_reward (test_blb_stage2_rl_regressions.BLBRewardRegressionTests.test_runner_best_selection_uses_hard_constraints_before_reward) ... ok
test_stage2_noise_log_formatters_use_readable_chinese (test_blb_stage2_rl_regressions.BLBTraceWriterRegressionTests.test_stage2_noise_log_formatters_use_readable_chinese) ... ok
test_status_board_publishes_live_top_level_fields (test_blb_stage2_rl_regressions.BLBTraceWriterRegressionTests.test_status_board_publishes_live_top_level_fields) ... ok
test_trace_writer_appends_structured_rollout_rows (test_blb_stage2_rl_regressions.BLBTraceWriterRegressionTests.test_trace_writer_appends_structured_rollout_rows) ... ok
test_trace_writer_migrates_old_header_after_cost_probe_column_added (test_blb_stage2_rl_regressions.BLBTraceWriterRegressionTests.test_trace_writer_migrates_old_header_after_cost_probe_column_added) ... ok
test_trace_writer_persists_rollout_eval_diagnostics (test_blb_stage2_rl_regressions.BLBTraceWriterRegressionTests.test_trace_writer_persists_rollout_eval_diagnostics) ... ok
test_baseline_derived_threshold_uses_all_max_blb_metric (test_blb_threshold_semantics.BLBThresholdSemanticsTests.test_baseline_derived_threshold_uses_all_max_blb_metric) ... ok
test_explicit_threshold_is_preserved (test_blb_threshold_semantics.BLBThresholdSemanticsTests.test_explicit_threshold_is_preserved) ... ok
test_absolute_episode_still_anchors_after_resume_before_anchor_end (test_blb_warmstart_resume.BLBWarmstartResumeTests.test_absolute_episode_still_anchors_after_resume_before_anchor_end) ... ok
test_anchor_is_not_extended_after_absolute_episode_passes_anchor_end (test_blb_warmstart_resume.BLBWarmstartResumeTests.test_anchor_is_not_extended_after_absolute_episode_passes_anchor_end) ... ok
test_explicit_disable_warmstart_on_resume_turns_anchor_off (test_blb_warmstart_resume.BLBWarmstartResumeTests.test_explicit_disable_warmstart_on_resume_turns_anchor_off) ... ok

----------------------------------------------------------------------
Ran 118 tests in 3.847s

OK
wrote /hy-tmp/Reinforcement-For-Robustness/reports/blb_opt/noise_install_verify/smoke_mrpc_20260523T002641Z.html

================================================================================
Step 3/6: GPU visibility
================================================================================
index, name, memory.used [MiB], memory.total [MiB], utilization.gpu [%]
0, NVIDIA GeForce RTX 4090, 1 MiB, 49140 MiB, 0 %
1, NVIDIA GeForce RTX 4090, 1 MiB, 49140 MiB, 0 %
2, NVIDIA GeForce RTX 4090, 1 MiB, 49140 MiB, 0 %
3, NVIDIA GeForce RTX 4090, 1 MiB, 49140 MiB, 0 %
[nvidia-smi] visible GPUs = 4

================================================================================
Step 4/6: fresh 1000-episode smoke run before formal RL
================================================================================

================================================================================
RL phase: smoke (1000 episodes, reward GPUs=0,1,2,3, CUDA_VISIBLE_DEVICES=0,1,2,3)
================================================================================
已加载预设：mrpc-blb-stage2-rl（/hy-tmp/Reinforcement-For-Robustness/presets/mrpc-blb-stage2-rl.conf）
⚠ 警告：--fresh-start 将清除已有的 Stage-1 搜索结果，但当前 --skip-stage1-search 跳过了 Stage-1。
  如果您只想重做 Stage-2 搜索，请不要使用 --fresh-start（直接运行即可自动续训练）。
  5 秒后继续执行（Ctrl+C 可取消）...
警告：--fresh-start 指定，正在清除已有持久化目录：Parting Chapter/persistent/rl/bert-base/mrpc/s1t0.005_s2t0.005_s2st0.005
启动配置：
  搜索算法：普通强化学习（rl）（显式指定）
  数据集：mrpc（显式指定）
  模型类型：BERT Base（bert-base）（显式指定）
  日志文件：blb_stage2_rl.log（显式指定）
  批大小：512（显式指定）
  模式目录：Parting Chapter/persistent/rl/bert-base/mrpc（显式指定）
  运行目录：Parting Chapter/persistent/rl/bert-base/mrpc/s1t0.005_s2t0.005_s2st0.005（显式指定）
  Stage-1 准确度约束：0.005（显式指定）
  Stage-2 指标约束百分比：0.005（显式指定）
  Stage-2 稳定性约束百分比：0.005（显式指定）
  Stage-2 K 次噪声试验：4（显式指定）
  Stage-2 探针子集大小：256（显式指定）
  持久化根目录：Parting Chapter/persistent（使用默认值）
  持久化目录：Parting Chapter/persistent/rl/bert-base/mrpc/s1t0.005_s2t0.005_s2st0.005（显式指定）
  从头训练：是（显式指定）
  Stage-1 回合数：51000（使用默认值）
  Stage-2 回合数：1000（显式指定）
  Stage-2 RL 实现：blb_v3（使用默认值）
  BLB v3 warmstart anchor episodes：60（显式指定）
  BLB v3 action mask：否（使用默认值）
  BLB v3 action mask 模式：none（使用默认值）
  BLB v3 baseline logit 加成：0（使用默认值）
  BLB v3 static invalid-level mask：1（显式指定）
  PPO 更新间隔：120（使用默认值）
  BLB rollout 大小：60（显式指定）
  BLB Rescale optimizer：in_process_real (Rescale_optimizer)（使用默认值）
  BLB neighbor ramp：1800（显式指定）
  BLB neighbor max mutations：12（显式指定）
  BLB neighbor max radius：1（显式指定）
  BLB entropy coef：0.06（显式指定）
  BLB entropy ramp episodes：600（显式指定）
  BLB fast reward mode：否（显式指定）
  BLB online K trials：1（显式指定）
  BLB terminal eval batch：4（显式指定）
  BLB promotion validation trials：4（显式指定）
  BLB checkpoint 间隔：500（显式指定）
  BLB 日志评估间隔：300（显式指定）
  Stage-1 学习率：1e-4（使用默认值）
  Stage-2 学习率：2e-4（显式指定）
  被动 final_eval 预设：default（显式指定）
  最终评估来源：搜索结果（search）（显式指定）
  Stage-2 固定 GELU/Softmax 来源：JSON 文件（json）（显式指定）
  跳过 Stage-1 搜索：是（显式指定）
  跳过 Stage-2 搜索：否（使用默认值）
  跳过最终评估：是（显式指定）
  仅运行最终评估：否（使用默认值）
  CUDA_VISIBLE_DEVICES：0,1,2,3（显式指定）
  实际执行命令（Command）：python rl_tune.py --base_model textattack/bert-base-uncased-MRPC --data_path mrpc --output_dir Parting\ Chapter/persistent/rl/bert-base/mrpc/s1t0.005_s2t0.005_s2st0.005 --batch_size 512 --micro_batch_size 512 --num_epochs 1 --learning_rate 2e-4 --cutoff_len 256 --val_set_size 120 --eval_step 80 --adapter_name lora --target_modules \[\"q_proj\"\,\ \"k_proj\"\,\ \"v_proj\"\,\ \"up_proj\"\,\ \"down_proj\"\] --stage1_rl_episodes 51000 --stage2_rl_episodes 1000 --stage1_rl_episodes_specified false --stage2_rl_episodes_specified true --ppo_update_interval 120 --use_ist --final_eval_config_source search --final_eval_config_path glue_final_configs_best_ppo.json --manual_stage1_gelu '' --manual_stage1_softmax '' --manual_stage2_noise '' --stage2_fixed_config_source json --stage2_fixed_config_path glue_final_configs_best_ppo.json --stage2_manual_gelu '' --stage2_manual_softmax '' --final_eval_random_seed 42 --final_eval_permutation_trials 0 --final_eval_cost_equivalent_trials 0 --final_eval_budget_equivalent_trials 0 --final_eval_stage1_budget_trials 10 --final_eval_stage2_budget_trials 10 --final_eval_repeat_n 1 --final_eval_preset default --skip_noise_rl false --skip_stage1_rl true --skip_final_eval true --final_eval_only false --resume_run_dir '' --stage1_rl_lr 1e-4 --stage2_rl_lr 2e-4 --stage1_accuracy_tolerance 0.005 --stage2_limit_tolerance 0.005 --stage2_stability_tolerance 0.005 --stage2_k_trials 4 --stage2_probe_size 256 --stage2_rl_variant blb_v3 --blb_v3_inproc_rescale_optimizer_root Rescale_optimizer --blb_v3_rollout_size 60 --blb_v3_reward_devices 0\,1\,2\,3 --blb_v3_eval_interval 300 --blb_v3_save_interval 500 --blb_v3_calibrate_baseline_samples 8 --blb_v3_warmstart_anchor_episodes 60 --blb_v3_warmstart_neighbor_ramp_episodes 1800 --blb_v3_warmstart_neighbor_max_mutations 12 --blb_v3_warmstart_neighbor_max_radius 1 --blb_v3_guarded_radius2_enabled 1 --blb_v3_guarded_radius2_min_episode 1060 --blb_v3_guarded_radius2_stall_window 600 --blb_v3_guarded_radius2_max_mutations 4 --blb_v3_guarded_radius2_episode_fraction 0.15 --blb_v3_guarded_radius2_cooldown_episodes 300 --blb_v3_warmstart_bias_gain 1.2 --blb_v3_ent_coef 0.06 --blb_v3_ent_coef_ramp_episodes 600 --blb_v3_static_invalid_level_mask_enabled 1 --blb_v3_fast_reward_mode_enabled 1 --blb_v3_online_k_trials 1 --blb_v3_terminal_eval_batch_size 4 --blb_v3_promotion_validation_trials 4 --blb_v3_promotion_margin_window 0.25 --blb_v3_sequential_rl true --blb_v3_sequential_invalid_penalty 1.0 --blb_v3_sequential_cost_shaping_coeff 0.05 --blb_v3_sequential_fusion_shaping_coeff 0.0 

已在后台启动。
  进程号（PID）：284380
  查看日志：tail -f Parting Chapter/persistent/rl/bert-base/mrpc/s1t0.005_s2t0.005_s2st0.005/logs/blb_stage2_rl.log
  错误摘要：Parting Chapter/persistent/rl/bert-base/mrpc/s1t0.005_s2t0.005_s2st0.005/logs/error_summary.txt
  LATEST_RUN_DIR：Parting Chapter/persistent/rl/bert-base/mrpc/LATEST_RUN_DIR
  LATEST_PID：Parting Chapter/persistent/rl/bert-base/mrpc/LATEST_PID
  优雅停止（Graceful Stop）：kill -INT 284380
[rl:smoke] launcher rc=0
[rl:smoke] background pid=284380; online watchdog enabled
[rl-monitor:smoke] pid=284380 alive; episodes_jsonl=0; monitor_rc=0; 2026-05-23T08:26:47+08:00
[rl-monitor:smoke] pid=284380 alive; episodes_jsonl=48; monitor_rc=0; 2026-05-23T08:27:47+08:00
[rl-monitor:smoke] pid=284380 alive; episodes_jsonl=108; monitor_rc=0; 2026-05-23T08:28:47+08:00
[rl-monitor:smoke] pid=284380 alive; episodes_jsonl=156; monitor_rc=0; 2026-05-23T08:29:47+08:00
[rl-monitor:smoke] pid=284380 alive; episodes_jsonl=208; monitor_rc=0; 2026-05-23T08:30:48+08:00
[rl-monitor:smoke] pid=284380 alive; episodes_jsonl=258; monitor_rc=0; 2026-05-23T08:31:48+08:00
[rl-monitor:smoke] pid=284380 alive; episodes_jsonl=308; monitor_rc=0; 2026-05-23T08:32:48+08:00
[rl-monitor:smoke] pid=284380 alive; episodes_jsonl=360; monitor_rc=0; 2026-05-23T08:33:48+08:00
[rl-monitor:smoke] pid=284380 alive; episodes_jsonl=420; monitor_rc=0; 2026-05-23T08:34:48+08:00
[rl-monitor:smoke] pid=284380 alive; episodes_jsonl=468; monitor_rc=0; 2026-05-23T08:35:49+08:00
[rl-monitor:smoke] pid=284380 alive; episodes_jsonl=516; monitor_rc=0; 2026-05-23T08:36:49+08:00
[rl-monitor:smoke] pid=284380 alive; episodes_jsonl=568; monitor_rc=0; 2026-05-23T08:37:49+08:00
[rl-monitor:smoke] pid=284380 alive; episodes_jsonl=616; monitor_rc=0; 2026-05-23T08:38:50+08:00
[rl-monitor:smoke] pid=284380 alive; episodes_jsonl=667; monitor_rc=0; 2026-05-23T08:39:50+08:00
[rl-monitor:smoke] pid=284380 alive; episodes_jsonl=720; monitor_rc=0; 2026-05-23T08:40:50+08:00
[rl-monitor:smoke] pid=284380 alive; episodes_jsonl=778; monitor_rc=0; 2026-05-23T08:41:51+08:00
[rl-monitor:smoke] pid=284380 alive; episodes_jsonl=828; monitor_rc=0; 2026-05-23T08:42:51+08:00
[rl-monitor:smoke] pid=284380 alive; episodes_jsonl=880; monitor_rc=0; 2026-05-23T08:43:51+08:00
[rl-monitor:smoke] pid=284380 alive; episodes_jsonl=932; monitor_rc=0; 2026-05-23T08:44:51+08:00
[rl-monitor:smoke] pid=284380 alive; episodes_jsonl=984; monitor_rc=0; 2026-05-23T08:45:51+08:00
[rl:smoke] background pid=284380 exited or was stopped
[monitor:smoke] final rc=0

================================================================================
Step 5/6: fresh 60000-episode formal four-GPU RL run
================================================================================

================================================================================
RL phase: formal (60000 episodes, reward GPUs=0,1,2,3, CUDA_VISIBLE_DEVICES=0,1,2,3)
================================================================================
已加载预设：mrpc-blb-stage2-rl（/hy-tmp/Reinforcement-For-Robustness/presets/mrpc-blb-stage2-rl.conf）
⚠ 警告：--fresh-start 将清除已有的 Stage-1 搜索结果，但当前 --skip-stage1-search 跳过了 Stage-1。
  如果您只想重做 Stage-2 搜索，请不要使用 --fresh-start（直接运行即可自动续训练）。
  5 秒后继续执行（Ctrl+C 可取消）...
警告：--fresh-start 指定，正在清除已有持久化目录：Parting Chapter/persistent/rl/bert-base/mrpc/s1t0.005_s2t0.005_s2st0.005
启动配置：
  搜索算法：普通强化学习（rl）（显式指定）
  数据集：mrpc（显式指定）
  模型类型：BERT Base（bert-base）（显式指定）
  日志文件：blb_stage2_rl.log（显式指定）
  批大小：512（显式指定）
  模式目录：Parting Chapter/persistent/rl/bert-base/mrpc（显式指定）
  运行目录：Parting Chapter/persistent/rl/bert-base/mrpc/s1t0.005_s2t0.005_s2st0.005（显式指定）
  Stage-1 准确度约束：0.005（显式指定）
  Stage-2 指标约束百分比：0.005（显式指定）
  Stage-2 稳定性约束百分比：0.005（显式指定）
  Stage-2 K 次噪声试验：4（显式指定）
  Stage-2 探针子集大小：256（显式指定）
  持久化根目录：Parting Chapter/persistent（使用默认值）
  持久化目录：Parting Chapter/persistent/rl/bert-base/mrpc/s1t0.005_s2t0.005_s2st0.005（显式指定）
  从头训练：是（显式指定）
  Stage-1 回合数：51000（使用默认值）
  Stage-2 回合数：60000（显式指定）
  Stage-2 RL 实现：blb_v3（使用默认值）
  BLB v3 warmstart anchor episodes：60（显式指定）
  BLB v3 action mask：否（使用默认值）
  BLB v3 action mask 模式：none（使用默认值）
  BLB v3 baseline logit 加成：0（使用默认值）
  BLB v3 static invalid-level mask：1（显式指定）
  PPO 更新间隔：120（使用默认值）
  BLB rollout 大小：60（显式指定）
  BLB Rescale optimizer：in_process_real (Rescale_optimizer)（使用默认值）
  BLB neighbor ramp：1800（显式指定）
  BLB neighbor max mutations：12（显式指定）
  BLB neighbor max radius：1（显式指定）
  BLB entropy coef：0.06（显式指定）
  BLB entropy ramp episodes：600（显式指定）
  BLB fast reward mode：否（显式指定）
  BLB online K trials：1（显式指定）
  BLB terminal eval batch：4（显式指定）
  BLB promotion validation trials：4（显式指定）
  BLB checkpoint 间隔：500（显式指定）
  BLB 日志评估间隔：300（显式指定）
  Stage-1 学习率：1e-4（使用默认值）
  Stage-2 学习率：2e-4（显式指定）
  被动 final_eval 预设：default（显式指定）
  最终评估来源：搜索结果（search）（显式指定）
  Stage-2 固定 GELU/Softmax 来源：JSON 文件（json）（显式指定）
  跳过 Stage-1 搜索：是（显式指定）
  跳过 Stage-2 搜索：否（使用默认值）
  跳过最终评估：是（显式指定）
  仅运行最终评估：否（使用默认值）
  CUDA_VISIBLE_DEVICES：0,1,2,3（显式指定）
  实际执行命令（Command）：python rl_tune.py --base_model textattack/bert-base-uncased-MRPC --data_path mrpc --output_dir Parting\ Chapter/persistent/rl/bert-base/mrpc/s1t0.005_s2t0.005_s2st0.005 --batch_size 512 --micro_batch_size 512 --num_epochs 1 --learning_rate 2e-4 --cutoff_len 256 --val_set_size 120 --eval_step 80 --adapter_name lora --target_modules \[\"q_proj\"\,\ \"k_proj\"\,\ \"v_proj\"\,\ \"up_proj\"\,\ \"down_proj\"\] --stage1_rl_episodes 51000 --stage2_rl_episodes 60000 --stage1_rl_episodes_specified false --stage2_rl_episodes_specified true --ppo_update_interval 120 --use_ist --final_eval_config_source search --final_eval_config_path glue_final_configs_best_ppo.json --manual_stage1_gelu '' --manual_stage1_softmax '' --manual_stage2_noise '' --stage2_fixed_config_source json --stage2_fixed_config_path glue_final_configs_best_ppo.json --stage2_manual_gelu '' --stage2_manual_softmax '' --final_eval_random_seed 42 --final_eval_permutation_trials 0 --final_eval_cost_equivalent_trials 0 --final_eval_budget_equivalent_trials 0 --final_eval_stage1_budget_trials 10 --final_eval_stage2_budget_trials 10 --final_eval_repeat_n 1 --final_eval_preset default --skip_noise_rl false --skip_stage1_rl true --skip_final_eval true --final_eval_only false --resume_run_dir '' --stage1_rl_lr 1e-4 --stage2_rl_lr 2e-4 --stage1_accuracy_tolerance 0.005 --stage2_limit_tolerance 0.005 --stage2_stability_tolerance 0.005 --stage2_k_trials 4 --stage2_probe_size 256 --stage2_rl_variant blb_v3 --blb_v3_inproc_rescale_optimizer_root Rescale_optimizer --blb_v3_rollout_size 60 --blb_v3_reward_devices 0\,1\,2\,3 --blb_v3_eval_interval 300 --blb_v3_save_interval 500 --blb_v3_calibrate_baseline_samples 8 --blb_v3_warmstart_anchor_episodes 60 --blb_v3_warmstart_neighbor_ramp_episodes 1800 --blb_v3_warmstart_neighbor_max_mutations 12 --blb_v3_warmstart_neighbor_max_radius 1 --blb_v3_guarded_radius2_enabled 1 --blb_v3_guarded_radius2_min_episode 1060 --blb_v3_guarded_radius2_stall_window 600 --blb_v3_guarded_radius2_max_mutations 4 --blb_v3_guarded_radius2_episode_fraction 0.15 --blb_v3_guarded_radius2_cooldown_episodes 300 --blb_v3_warmstart_bias_gain 1.2 --blb_v3_ent_coef 0.06 --blb_v3_ent_coef_ramp_episodes 600 --blb_v3_static_invalid_level_mask_enabled 1 --blb_v3_fast_reward_mode_enabled 1 --blb_v3_online_k_trials 1 --blb_v3_terminal_eval_batch_size 4 --blb_v3_promotion_validation_trials 4 --blb_v3_promotion_margin_window 0.25 --blb_v3_sequential_rl true --blb_v3_sequential_invalid_penalty 1.0 --blb_v3_sequential_cost_shaping_coeff 0.05 --blb_v3_sequential_fusion_shaping_coeff 0.0 

已在后台启动。
  进程号（PID）：287431
  查看日志：tail -f Parting Chapter/persistent/rl/bert-base/mrpc/s1t0.005_s2t0.005_s2st0.005/logs/blb_stage2_rl.log
  错误摘要：Parting Chapter/persistent/rl/bert-base/mrpc/s1t0.005_s2t0.005_s2st0.005/logs/error_summary.txt
  LATEST_RUN_DIR：Parting Chapter/persistent/rl/bert-base/mrpc/LATEST_RUN_DIR
  LATEST_PID：Parting Chapter/persistent/rl/bert-base/mrpc/LATEST_PID
  优雅停止（Graceful Stop）：kill -INT 287431
[rl:formal] launcher rc=0
[rl:formal] background pid=287431; online watchdog enabled
[rl-monitor:formal] pid=287431 alive; episodes_jsonl=0; monitor_rc=0; 2026-05-23T08:46:58+08:00
[rl-monitor:formal] pid=287431 alive; episodes_jsonl=52; monitor_rc=0; 2026-05-23T08:47:58+08:00
[rl-monitor:formal] pid=287431 alive; episodes_jsonl=108; monitor_rc=0; 2026-05-23T08:48:59+08:00
[rl-monitor:formal] pid=287431 alive; episodes_jsonl=152; monitor_rc=0; 2026-05-23T08:49:59+08:00
[rl-monitor:formal] pid=287431 alive; episodes_jsonl=200; monitor_rc=0; 2026-05-23T08:50:59+08:00
[rl-monitor:formal] pid=287431 alive; episodes_jsonl=252; monitor_rc=0; 2026-05-23T08:51:59+08:00
[rl-monitor:formal] pid=287431 alive; episodes_jsonl=300; monitor_rc=0; 2026-05-23T08:53:00+08:00
[rl-monitor:formal] pid=287431 alive; episodes_jsonl=360; monitor_rc=0; 2026-05-23T08:54:00+08:00
[rl-monitor:formal] pid=287431 alive; episodes_jsonl=408; monitor_rc=0; 2026-05-23T08:55:00+08:00
[rl-monitor:formal] pid=287431 alive; episodes_jsonl=460; monitor_rc=0; 2026-05-23T08:56:00+08:00
[rl-monitor:formal] pid=287431 alive; episodes_jsonl=504; monitor_rc=0; 2026-05-23T08:57:01+08:00
[rl-monitor:formal] pid=287431 alive; episodes_jsonl=552; monitor_rc=0; 2026-05-23T08:58:01+08:00
[rl-monitor:formal] pid=287431 alive; episodes_jsonl=604; monitor_rc=0; 2026-05-23T08:59:02+08:00
[rl-monitor:formal] pid=287431 alive; episodes_jsonl=660; monitor_rc=0; 2026-05-23T09:00:02+08:00
[rl-monitor:formal] pid=287431 alive; episodes_jsonl=716; monitor_rc=0; 2026-05-23T09:01:02+08:00
[rl-monitor:formal] pid=287431 alive; episodes_jsonl=764; monitor_rc=0; 2026-05-23T09:02:02+08:00
[rl-monitor:formal] pid=287431 alive; episodes_jsonl=816; monitor_rc=0; 2026-05-23T09:03:02+08:00
[rl-monitor:formal] pid=287431 alive; episodes_jsonl=868; monitor_rc=0; 2026-05-23T09:04:03+08:00
[rl-monitor:formal] pid=287431 alive; episodes_jsonl=916; monitor_rc=0; 2026-05-23T09:05:03+08:00
[rl-monitor:formal] pid=287431 alive; episodes_jsonl=964; monitor_rc=0; 2026-05-23T09:06:04+08:00
[rl-monitor:formal] pid=287431 alive; episodes_jsonl=1020; monitor_rc=0; 2026-05-23T09:07:04+08:00
[rl-monitor:formal] pid=287431 alive; episodes_jsonl=1080; monitor_rc=0; 2026-05-23T09:08:04+08:00
[rl-monitor:formal] pid=287431 alive; episodes_jsonl=1128; monitor_rc=0; 2026-05-23T09:09:05+08:00
[rl-monitor:formal] pid=287431 alive; episodes_jsonl=1172; monitor_rc=0; 2026-05-23T09:10:05+08:00
[rl-monitor:formal] pid=287431 alive; episodes_jsonl=1228; monitor_rc=0; 2026-05-23T09:11:06+08:00
[rl-monitor:formal] pid=287431 alive; episodes_jsonl=1280; monitor_rc=0; 2026-05-23T09:12:06+08:00
[rl-monitor:formal] pid=287431 alive; episodes_jsonl=1328; monitor_rc=0; 2026-05-23T09:13:07+08:00
[rl-monitor:formal] pid=287431 alive; episodes_jsonl=1380; monitor_rc=0; 2026-05-23T09:14:07+08:00
[rl-monitor:formal] pid=287431 alive; episodes_jsonl=1440; monitor_rc=0; 2026-05-23T09:15:08+08:00
[rl-monitor:formal] pid=287431 alive; episodes_jsonl=1493; monitor_rc=0; 2026-05-23T09:16:08+08:00
[rl-monitor:formal] pid=287431 alive; episodes_jsonl=1548; monitor_rc=0; 2026-05-23T09:17:09+08:00
[rl-monitor:formal] pid=287431 alive; episodes_jsonl=1598; monitor_rc=0; 2026-05-23T09:18:09+08:00
[rl-monitor:formal] pid=287431 alive; episodes_jsonl=1642; monitor_rc=0; 2026-05-23T09:19:10+08:00
[rl-monitor:formal] pid=287431 alive; episodes_jsonl=1692; monitor_rc=0; 2026-05-23T09:20:10+08:00
[rl-monitor:formal] pid=287431 alive; episodes_jsonl=1740; monitor_rc=0; 2026-05-23T09:21:10+08:00
[rl-monitor:formal] pid=287431 alive; episodes_jsonl=1800; monitor_rc=0; 2026-05-23T09:22:11+08:00
[rl-monitor:formal] pid=287431 alive; episodes_jsonl=1848; monitor_rc=0; 2026-05-23T09:23:12+08:00
[rl-monitor:formal] pid=287431 alive; episodes_jsonl=1900; monitor_rc=0; 2026-05-23T09:24:12+08:00
[rl-monitor:formal] pid=287431 alive; episodes_jsonl=1956; monitor_rc=0; 2026-05-23T09:25:13+08:00
[rl-monitor:formal] pid=287431 alive; episodes_jsonl=2004; monitor_rc=0; 2026-05-23T09:26:13+08:00
[rl-monitor:formal] pid=287431 alive; episodes_jsonl=2056; monitor_rc=0; 2026-05-23T09:27:13+08:00
[rl-monitor:formal] pid=287431 alive; episodes_jsonl=2104; monitor_rc=0; 2026-05-23T09:28:14+08:00
[rl-monitor:formal] pid=287431 alive; episodes_jsonl=2160; monitor_rc=0; 2026-05-23T09:29:14+08:00
[rl-monitor:formal] pid=287431 alive; episodes_jsonl=2220; monitor_rc=0; 2026-05-23T09:30:14+08:00
[rl-monitor:formal] pid=287431 alive; episodes_jsonl=2272; monitor_rc=0; 2026-05-23T09:31:15+08:00
[rl-monitor:formal] pid=287431 alive; episodes_jsonl=2324; monitor_rc=0; 2026-05-23T09:32:15+08:00
[rl-monitor:formal] pid=287431 alive; episodes_jsonl=2372; monitor_rc=0; 2026-05-23T09:33:16+08:00
[rl-monitor:formal] pid=287431 alive; episodes_jsonl=2420; monitor_rc=0; 2026-05-23T09:34:16+08:00
[rl-monitor:formal] pid=287431 alive; episodes_jsonl=2468; monitor_rc=0; 2026-05-23T09:35:17+08:00
[rl-monitor:formal] pid=287431 alive; episodes_jsonl=2520; monitor_rc=0; 2026-05-23T09:36:17+08:00
[rl-monitor:formal] pid=287431 alive; episodes_jsonl=2580; monitor_rc=0; 2026-05-23T09:37:17+08:00
[rl-monitor:formal] pid=287431 alive; episodes_jsonl=2636; monitor_rc=0; 2026-05-23T09:38:18+08:00
[rl-monitor:formal] pid=287431 alive; episodes_jsonl=2684; monitor_rc=0; 2026-05-23T09:39:18+08:00
[rl-monitor:formal] pid=287431 alive; episodes_jsonl=2732; monitor_rc=0; 2026-05-23T09:40:19+08:00
[rl-monitor:formal] pid=287431 alive; episodes_jsonl=2782; monitor_rc=0; 2026-05-23T09:41:19+08:00
[rl-monitor:formal] pid=287431 alive; episodes_jsonl=2828; monitor_rc=0; 2026-05-23T09:42:20+08:00
[rl-monitor:formal] pid=287431 alive; episodes_jsonl=2880; monitor_rc=0; 2026-05-23T09:43:20+08:00
[rl-monitor:formal] pid=287431 alive; episodes_jsonl=2940; monitor_rc=0; 2026-05-23T09:44:21+08:00
[rl-monitor:formal] pid=287431 alive; episodes_jsonl=2996; monitor_rc=0; 2026-05-23T09:45:21+08:00
[rl-monitor:formal] pid=287431 alive; episodes_jsonl=3042; monitor_rc=0; 2026-05-23T09:46:22+08:00
[rl-monitor:formal] pid=287431 alive; episodes_jsonl=3096; monitor_rc=0; 2026-05-23T09:47:22+08:00
[rl-monitor:formal] pid=287431 alive; episodes_jsonl=3148; monitor_rc=0; 2026-05-23T09:48:22+08:00
[rl-monitor:formal] pid=287431 alive; episodes_jsonl=3200; monitor_rc=0; 2026-05-23T09:49:23+08:00
[rl-monitor:formal] pid=287431 alive; episodes_jsonl=3256; monitor_rc=0; 2026-05-23T09:50:23+08:00
[rl-monitor:formal] pid=287431 alive; episodes_jsonl=3304; monitor_rc=0; 2026-05-23T09:51:24+08:00
[rl-monitor:formal] pid=287431 alive; episodes_jsonl=3360; monitor_rc=0; 2026-05-23T09:52:24+08:00
[rl-monitor:formal] pid=287431 alive; episodes_jsonl=3420; monitor_rc=0; 2026-05-23T09:53:25+08:00
[rl-monitor:formal] pid=287431 alive; episodes_jsonl=3468; monitor_rc=0; 2026-05-23T09:54:25+08:00
[rl-monitor:formal] pid=287431 alive; episodes_jsonl=3520; monitor_rc=0; 2026-05-23T09:55:26+08:00
[rl-monitor:formal] pid=287431 alive; episodes_jsonl=3568; monitor_rc=0; 2026-05-23T09:56:26+08:00
[rl-monitor:formal] pid=287431 alive; episodes_jsonl=3620; monitor_rc=0; 2026-05-23T09:57:27+08:00
[rl-monitor:formal] pid=287431 alive; episodes_jsonl=3672; monitor_rc=0; 2026-05-23T09:58:27+08:00
[rl-monitor:formal] pid=287431 alive; episodes_jsonl=3724; monitor_rc=0; 2026-05-23T09:59:28+08:00
[rl-monitor:formal] pid=287431 alive; episodes_jsonl=3780; monitor_rc=0; 2026-05-23T10:00:28+08:00
[rl-monitor:formal] pid=287431 alive; episodes_jsonl=3840; monitor_rc=0; 2026-05-23T10:01:28+08:00
[rl-monitor:formal] pid=287431 alive; episodes_jsonl=3888; monitor_rc=0; 2026-05-23T10:02:29+08:00
[rl-monitor:formal] pid=287431 alive; episodes_jsonl=3940; monitor_rc=0; 2026-05-23T10:03:30+08:00
[rl-monitor:formal] pid=287431 alive; episodes_jsonl=3992; monitor_rc=0; 2026-05-23T10:04:30+08:00
[rl-monitor:formal] pid=287431 alive; episodes_jsonl=4036; monitor_rc=0; 2026-05-23T10:05:31+08:00
[rl-monitor:formal] pid=287431 alive; episodes_jsonl=4088; monitor_rc=0; 2026-05-23T10:06:31+08:00
[rl-monitor:formal] pid=287431 alive; episodes_jsonl=4140; monitor_rc=0; 2026-05-23T10:07:32+08:00
[rl-monitor:formal] pid=287431 alive; episodes_jsonl=4200; monitor_rc=0; 2026-05-23T10:08:32+08:00
[rl-monitor:formal] pid=287431 alive; episodes_jsonl=4248; monitor_rc=0; 2026-05-23T10:09:33+08:00
[rl-monitor:formal] pid=287431 alive; episodes_jsonl=4296; monitor_rc=0; 2026-05-23T10:10:34+08:00
[rl-monitor:formal] pid=287431 alive; episodes_jsonl=4345; monitor_rc=0; 2026-05-23T10:11:35+08:00
[rl-monitor:formal] pid=287431 alive; episodes_jsonl=4396; monitor_rc=0; 2026-05-23T10:12:35+08:00
[rl-monitor:formal] pid=287431 alive; episodes_jsonl=4444; monitor_rc=0; 2026-05-23T10:13:36+08:00
[rl-monitor:formal] pid=287431 alive; episodes_jsonl=4500; monitor_rc=0; 2026-05-23T10:14:36+08:00
[rl-monitor:formal] pid=287431 alive; episodes_jsonl=4560; monitor_rc=0; 2026-05-23T10:15:37+08:00
[rl-monitor:formal] pid=287431 alive; episodes_jsonl=4612; monitor_rc=0; 2026-05-23T10:16:38+08:00
[rl-monitor:formal] pid=287431 alive; episodes_jsonl=4664; monitor_rc=0; 2026-05-23T10:17:38+08:00
[rl-monitor:formal] pid=287431 alive; episodes_jsonl=4712; monitor_rc=0; 2026-05-23T10:18:39+08:00
[rl-monitor:formal] pid=287431 alive; episodes_jsonl=4764; monitor_rc=0; 2026-05-23T10:19:40+08:00
[rl-monitor:formal] pid=287431 alive; episodes_jsonl=4812; monitor_rc=0; 2026-05-23T10:20:40+08:00
[rl-monitor:formal] pid=287431 alive; episodes_jsonl=4860; monitor_rc=0; 2026-05-23T10:21:41+08:00
[rl-monitor:formal] pid=287431 alive; episodes_jsonl=4920; monitor_rc=0; 2026-05-23T10:22:41+08:00
[rl-monitor:formal] pid=287431 alive; episodes_jsonl=4968; monitor_rc=0; 2026-05-23T10:23:42+08:00
[rl-monitor:formal] pid=287431 alive; episodes_jsonl=5012; monitor_rc=0; 2026-05-23T10:24:42+08:00
[rl-monitor:formal] pid=287431 alive; episodes_jsonl=5064; monitor_rc=0; 2026-05-23T10:25:43+08:00
[rl-monitor:formal] pid=287431 alive; episodes_jsonl=5116; monitor_rc=0; 2026-05-23T10:26:43+08:00
[rl-monitor:formal] pid=287431 alive; episodes_jsonl=5164; monitor_rc=0; 2026-05-23T10:27:44+08:00
[rl-monitor:formal] pid=287431 alive; episodes_jsonl=5220; monitor_rc=0; 2026-05-23T10:28:45+08:00
[rl-monitor:formal] pid=287431 alive; episodes_jsonl=5268; monitor_rc=0; 2026-05-23T10:29:45+08:00
[rl-monitor:formal] pid=287431 alive; episodes_jsonl=5316; monitor_rc=0; 2026-05-23T10:30:46+08:00
[rl-monitor:formal] pid=287431 alive; episodes_jsonl=5364; monitor_rc=0; 2026-05-23T10:31:46+08:00
[rl-monitor:formal] pid=287431 alive; episodes_jsonl=5408; monitor_rc=0; 2026-05-23T10:32:47+08:00
[rl-monitor:formal] pid=287431 alive; episodes_jsonl=5460; monitor_rc=0; 2026-05-23T10:33:47+08:00
[rl-monitor:formal] pid=287431 alive; episodes_jsonl=5512; monitor_rc=0; 2026-05-23T10:34:48+08:00
[rl-monitor:formal] pid=287431 alive; episodes_jsonl=5560; monitor_rc=0; 2026-05-23T10:35:49+08:00
[rl-monitor:formal] pid=287431 alive; episodes_jsonl=5604; monitor_rc=0; 2026-05-23T10:36:50+08:00
[rl-monitor:formal] pid=287431 alive; episodes_jsonl=5644; monitor_rc=0; 2026-05-23T10:37:50+08:00
[rl-monitor:formal] pid=287431 alive; episodes_jsonl=5700; monitor_rc=0; 2026-05-23T10:38:51+08:00
[rl-monitor:formal] pid=287431 alive; episodes_jsonl=5744; monitor_rc=0; 2026-05-23T10:39:51+08:00
[rl-monitor:formal] pid=287431 alive; episodes_jsonl=5788; monitor_rc=0; 2026-05-23T10:40:53+08:00
[rl-monitor:formal] pid=287431 alive; episodes_jsonl=5832; monitor_rc=0; 2026-05-23T10:41:53+08:00
[rl-monitor:formal] pid=287431 alive; episodes_jsonl=5880; monitor_rc=0; 2026-05-23T10:42:54+08:00
[rl-monitor:formal] pid=287431 alive; episodes_jsonl=5928; monitor_rc=0; 2026-05-23T10:43:55+08:00
[rl-monitor:formal] pid=287431 alive; episodes_jsonl=5972; monitor_rc=0; 2026-05-23T10:44:55+08:00
[rl-monitor:formal] pid=287431 alive; episodes_jsonl=6012; monitor_rc=0; 2026-05-23T10:45:56+08:00
[rl-monitor:formal] pid=287431 alive; episodes_jsonl=6060; monitor_rc=0; 2026-05-23T10:46:56+08:00
[rl-monitor:formal] pid=287431 alive; episodes_jsonl=6112; monitor_rc=0; 2026-05-23T10:47:57+08:00
[rl-monitor:formal] pid=287431 alive; episodes_jsonl=6150; monitor_rc=0; 2026-05-23T10:48:58+08:00
[rl-monitor:formal] pid=287431 alive; episodes_jsonl=6188; monitor_rc=0; 2026-05-23T10:49:59+08:00
[rl-monitor:formal] pid=287431 alive; episodes_jsonl=6240; monitor_rc=0; 2026-05-23T10:50:59+08:00
[rl-monitor:formal] pid=287431 alive; episodes_jsonl=6284; monitor_rc=0; 2026-05-23T10:52:00+08:00
[rl-monitor:formal] pid=287431 alive; episodes_jsonl=6328; monitor_rc=0; 2026-05-23T10:53:01+08:00
[rl-monitor:formal] pid=287431 alive; episodes_jsonl=6368; monitor_rc=0; 2026-05-23T10:54:02+08:00
[rl-monitor:formal] pid=287431 alive; episodes_jsonl=6416; monitor_rc=0; 2026-05-23T10:55:03+08:00
[rl-monitor:formal] pid=287431 alive; episodes_jsonl=6456; monitor_rc=0; 2026-05-23T10:56:03+08:00
[rl-monitor:formal] pid=287431 alive; episodes_jsonl=6496; monitor_rc=0; 2026-05-23T10:57:04+08:00
[rl-monitor:formal] pid=287431 alive; episodes_jsonl=6540; monitor_rc=0; 2026-05-23T10:58:05+08:00
[rl-monitor:formal] pid=287431 alive; episodes_jsonl=6580; monitor_rc=0; 2026-05-23T10:59:05+08:00
[rl-monitor:formal] pid=287431 alive; episodes_jsonl=6616; monitor_rc=0; 2026-05-23T11:00:06+08:00
[rl-monitor:formal] pid=287431 alive; episodes_jsonl=6660; monitor_rc=0; 2026-05-23T11:01:07+08:00
[rl-monitor:formal] pid=287431 alive; episodes_jsonl=6708; monitor_rc=0; 2026-05-23T11:02:07+08:00
[rl-monitor:formal] pid=287431 alive; episodes_jsonl=6744; monitor_rc=0; 2026-05-23T11:03:08+08:00
[rl-monitor:formal] pid=287431 alive; episodes_jsonl=6780; monitor_rc=0; 2026-05-23T11:04:09+08:00
[rl-monitor:formal] pid=287431 alive; episodes_jsonl=6835; monitor_rc=0; 2026-05-23T11:05:10+08:00
[rl-monitor:formal] pid=287431 alive; episodes_jsonl=6876; monitor_rc=0; 2026-05-23T11:06:11+08:00
[rl-monitor:formal] pid=287431 alive; episodes_jsonl=6912; monitor_rc=0; 2026-05-23T11:07:12+08:00
[rl-monitor:formal] pid=287431 alive; episodes_jsonl=6956; monitor_rc=0; 2026-05-23T11:08:12+08:00
[rl-monitor:formal] pid=287431 alive; episodes_jsonl=6996; monitor_rc=0; 2026-05-23T11:09:13+08:00
[rl-monitor:formal] pid=287431 alive; episodes_jsonl=7032; monitor_rc=0; 2026-05-23T11:10:14+08:00
[rl-monitor:formal] pid=287431 alive; episodes_jsonl=7080; monitor_rc=0; 2026-05-23T11:11:15+08:00
[rl-monitor:formal] pid=287431 alive; episodes_jsonl=7121; monitor_rc=0; 2026-05-23T11:12:16+08:00
[rl-monitor:formal] pid=287431 alive; episodes_jsonl=7160; monitor_rc=0; 2026-05-23T11:13:17+08:00
[rl-monitor:formal] pid=287431 alive; episodes_jsonl=7204; monitor_rc=0; 2026-05-23T11:14:18+08:00
[rl-monitor:formal] pid=287431 alive; episodes_jsonl=7252; monitor_rc=0; 2026-05-23T11:15:19+08:00
[rl-monitor:formal] pid=287431 alive; episodes_jsonl=7292; monitor_rc=0; 2026-05-23T11:16:20+08:00
[rl-monitor:formal] pid=287431 alive; episodes_jsonl=7324; monitor_rc=0; 2026-05-23T11:17:20+08:00
[rl-monitor:formal] pid=287431 alive; episodes_jsonl=7376; monitor_rc=0; 2026-05-23T11:18:21+08:00
[rl-monitor:formal] pid=287431 alive; episodes_jsonl=7416; monitor_rc=0; 2026-05-23T11:19:23+08:00
[rl-monitor:formal] pid=287431 alive; episodes_jsonl=7456; monitor_rc=0; 2026-05-23T11:20:23+08:00
[rl-monitor:formal] pid=287431 alive; episodes_jsonl=7500; monitor_rc=0; 2026-05-23T11:21:24+08:00
[rl-monitor:formal] pid=287431 alive; episodes_jsonl=7544; monitor_rc=0; 2026-05-23T11:22:25+08:00
[rl-monitor:formal] pid=287431 alive; episodes_jsonl=7584; monitor_rc=0; 2026-05-23T11:23:25+08:00
[rl-monitor:formal] pid=287431 alive; episodes_jsonl=7620; monitor_rc=0; 2026-05-23T11:24:26+08:00
[rl-monitor:formal] pid=287431 alive; episodes_jsonl=7672; monitor_rc=0; 2026-05-23T11:25:27+08:00
[rl-monitor:formal] pid=287431 alive; episodes_jsonl=7711; monitor_rc=0; 2026-05-23T11:26:28+08:00
[rl-monitor:formal] pid=287431 alive; episodes_jsonl=7748; monitor_rc=0; 2026-05-23T11:27:29+08:00
[rl-monitor:formal] pid=287431 alive; episodes_jsonl=7800; monitor_rc=0; 2026-05-23T11:28:29+08:00
[rl-monitor:formal] pid=287431 alive; episodes_jsonl=7843; monitor_rc=0; 2026-05-23T11:29:30+08:00
[rl-monitor:formal] pid=287431 alive; episodes_jsonl=7877; monitor_rc=0; 2026-05-23T11:30:31+08:00
[rl-monitor:formal] pid=287431 alive; episodes_jsonl=7920; monitor_rc=0; 2026-05-23T11:31:32+08:00
[rl-monitor:formal] pid=287431 alive; episodes_jsonl=7972; monitor_rc=0; 2026-05-23T11:32:34+08:00
[rl-monitor:formal] pid=287431 alive; episodes_jsonl=8012; monitor_rc=0; 2026-05-23T11:33:34+08:00
[rl-monitor:formal] pid=287431 alive; episodes_jsonl=8048; monitor_rc=0; 2026-05-23T11:34:35+08:00
[rl-monitor:formal] pid=287431 alive; episodes_jsonl=8100; monitor_rc=0; 2026-05-23T11:35:36+08:00
[rl-monitor:formal] pid=287431 alive; episodes_jsonl=8140; monitor_rc=0; 2026-05-23T11:36:37+08:00
[rl-monitor:formal] pid=287431 alive; episodes_jsonl=8180; monitor_rc=0; 2026-05-23T11:37:38+08:00
[rl-monitor:formal] pid=287431 alive; episodes_jsonl=8220; monitor_rc=0; 2026-05-23T11:38:38+08:00
[rl-monitor:formal] pid=287431 alive; episodes_jsonl=8270; monitor_rc=0; 2026-05-23T11:39:39+08:00
[rl-monitor:formal] pid=287431 alive; episodes_jsonl=8308; monitor_rc=0; 2026-05-23T11:40:41+08:00
[rl-monitor:formal] pid=287431 alive; episodes_jsonl=8348; monitor_rc=0; 2026-05-23T11:41:42+08:00
[rl-monitor:formal] pid=287431 alive; episodes_jsonl=8400; monitor_rc=0; 2026-05-23T11:42:42+08:00
[rl-monitor:formal] pid=287431 alive; episodes_jsonl=8435; monitor_rc=0; 2026-05-23T11:43:43+08:00
[rl-monitor:formal] pid=287431 alive; episodes_jsonl=8474; monitor_rc=0; 2026-05-23T11:44:44+08:00
[rl-monitor:formal] pid=287431 alive; episodes_jsonl=8520; monitor_rc=0; 2026-05-23T11:45:45+08:00
[rl-monitor:formal] pid=287431 alive; episodes_jsonl=8564; monitor_rc=0; 2026-05-23T11:46:46+08:00
[rl-monitor:formal] pid=287431 alive; episodes_jsonl=8600; monitor_rc=0; 2026-05-23T11:47:46+08:00
[rl-monitor:formal] pid=287431 alive; episodes_jsonl=8640; monitor_rc=0; 2026-05-23T11:48:48+08:00
[rl-monitor:formal] pid=287431 alive; episodes_jsonl=8688; monitor_rc=0; 2026-05-23T11:49:49+08:00
[rl-monitor:formal] pid=287431 alive; episodes_jsonl=8724; monitor_rc=0; 2026-05-23T11:50:50+08:00
[rl-monitor:formal] pid=287431 alive; episodes_jsonl=8760; monitor_rc=0; 2026-05-23T11:51:51+08:00
[rl-monitor:formal] pid=287431 alive; episodes_jsonl=8812; monitor_rc=0; 2026-05-23T11:52:51+08:00
[rl-monitor:formal] pid=287431 alive; episodes_jsonl=8844; monitor_rc=0; 2026-05-23T11:53:52+08:00
[rl-monitor:formal] pid=287431 alive; episodes_jsonl=8884; monitor_rc=0; 2026-05-23T11:54:53+08:00
[rl-monitor:formal] pid=287431 alive; episodes_jsonl=8932; monitor_rc=0; 2026-05-23T11:55:54+08:00
[rl-monitor:formal] pid=287431 alive; episodes_jsonl=8972; monitor_rc=0; 2026-05-23T11:56:55+08:00
[rl-monitor:formal] pid=287431 alive; episodes_jsonl=9008; monitor_rc=0; 2026-05-23T11:57:56+08:00
[rl-monitor:formal] pid=287431 alive; episodes_jsonl=9060; monitor_rc=0; 2026-05-23T11:58:57+08:00
[rl-monitor:formal] pid=287431 alive; episodes_jsonl=9096; monitor_rc=0; 2026-05-23T11:59:58+08:00
[rl-monitor:formal] pid=287431 alive; episodes_jsonl=9132; monitor_rc=0; 2026-05-23T12:00:59+08:00
[rl-monitor:formal] pid=287431 alive; episodes_jsonl=9185; monitor_rc=0; 2026-05-23T12:02:00+08:00
[rl-monitor:formal] pid=287431 alive; episodes_jsonl=9240; monitor_rc=0; 2026-05-23T12:03:01+08:00
[rl-monitor:formal] pid=287431 alive; episodes_jsonl=9282; monitor_rc=0; 2026-05-23T12:04:02+08:00
[rl-monitor:formal] pid=287431 alive; episodes_jsonl=9320; monitor_rc=0; 2026-05-23T12:05:04+08:00
[rl-monitor:formal] pid=287431 alive; episodes_jsonl=9360; monitor_rc=0; 2026-05-23T12:06:05+08:00
[rl-monitor:formal] pid=287431 alive; episodes_jsonl=9412; monitor_rc=0; 2026-05-23T12:07:07+08:00
[rl-monitor:formal] pid=287431 alive; episodes_jsonl=9452; monitor_rc=0; 2026-05-23T12:08:08+08:00
[rl-monitor:formal] pid=287431 alive; episodes_jsonl=9499; monitor_rc=0; 2026-05-23T12:09:09+08:00
[rl-monitor:formal] pid=287431 alive; episodes_jsonl=9540; monitor_rc=0; 2026-05-23T12:10:10+08:00
[rl-monitor:formal] pid=287431 alive; episodes_jsonl=9580; monitor_rc=0; 2026-05-23T12:11:11+08:00
[rl-monitor:formal] pid=287431 alive; episodes_jsonl=9621; monitor_rc=0; 2026-05-23T12:12:13+08:00
[rl-monitor:formal] pid=287431 alive; episodes_jsonl=9664; monitor_rc=0; 2026-05-23T12:13:13+08:00
[rl-monitor:formal] pid=287431 alive; episodes_jsonl=9716; monitor_rc=0; 2026-05-23T12:14:14+08:00
[rl-monitor:formal] pid=287431 alive; episodes_jsonl=9756; monitor_rc=0; 2026-05-23T12:15:16+08:00
[rl-monitor:formal] pid=287431 alive; episodes_jsonl=9800; monitor_rc=0; 2026-05-23T12:16:17+08:00
[rl-monitor:formal] pid=287431 alive; episodes_jsonl=9840; monitor_rc=0; 2026-05-23T12:17:18+08:00
[rl-monitor:formal] pid=287431 alive; episodes_jsonl=9896; monitor_rc=0; 2026-05-23T12:18:19+08:00
[rl-monitor:formal] pid=287431 alive; episodes_jsonl=9928; monitor_rc=0; 2026-05-23T12:19:20+08:00
[rl-monitor:formal] pid=287431 alive; episodes_jsonl=9968; monitor_rc=0; 2026-05-23T12:20:22+08:00
[rl-monitor:formal] pid=287431 alive; episodes_jsonl=10016; monitor_rc=0; 2026-05-23T12:21:23+08:00
[rl-monitor:formal] pid=287431 alive; episodes_jsonl=10056; monitor_rc=0; 2026-05-23T12:22:25+08:00
[rl-monitor:formal] pid=287431 alive; episodes_jsonl=10096; monitor_rc=0; 2026-05-23T12:23:26+08:00
[rl-monitor:formal] pid=287431 alive; episodes_jsonl=10140; monitor_rc=0; 2026-05-23T12:24:27+08:00
[rl-monitor:formal] pid=287431 alive; episodes_jsonl=10180; monitor_rc=0; 2026-05-23T12:25:28+08:00
[rl-monitor:formal] pid=287431 alive; episodes_jsonl=10224; monitor_rc=0; 2026-05-23T12:26:29+08:00
[rl-monitor:formal] pid=287431 alive; episodes_jsonl=10268; monitor_rc=0; 2026-05-23T12:27:30+08:00
[rl-monitor:formal] pid=287431 alive; episodes_jsonl=10320; monitor_rc=0; 2026-05-23T12:28:32+08:00
[rl-monitor:formal] pid=287431 alive; episodes_jsonl=10367; monitor_rc=0; 2026-05-23T12:29:33+08:00
[rl-monitor:formal] pid=287431 alive; episodes_jsonl=10412; monitor_rc=0; 2026-05-23T12:30:35+08:00
[rl-monitor:formal] pid=287431 alive; episodes_jsonl=10453; monitor_rc=0; 2026-05-23T12:31:36+08:00
[rl-monitor:formal] pid=287431 alive; episodes_jsonl=10500; monitor_rc=0; 2026-05-23T12:32:37+08:00
[rl-monitor:formal] pid=287431 alive; episodes_jsonl=10551; monitor_rc=0; 2026-05-23T12:33:38+08:00
[rl-monitor:formal] pid=287431 alive; episodes_jsonl=10592; monitor_rc=0; 2026-05-23T12:34:40+08:00
[rl-monitor:formal] pid=287431 alive; episodes_jsonl=10628; monitor_rc=0; 2026-05-23T12:35:41+08:00
[rl-monitor:formal] pid=287431 alive; episodes_jsonl=10680; monitor_rc=0; 2026-05-23T12:36:43+08:00
[rl-monitor:formal] pid=287431 alive; episodes_jsonl=10723; monitor_rc=0; 2026-05-23T12:37:44+08:00
[rl-monitor:formal] pid=287431 alive; episodes_jsonl=10766; monitor_rc=0; 2026-05-23T12:38:45+08:00
[rl-monitor:formal] pid=287431 alive; episodes_jsonl=10808; monitor_rc=0; 2026-05-23T12:39:46+08:00
[rl-monitor:formal] pid=287431 alive; episodes_jsonl=10860; monitor_rc=0; 2026-05-23T12:40:48+08:00
[rl-monitor:formal] pid=287431 alive; episodes_jsonl=10908; monitor_rc=0; 2026-05-23T12:41:49+08:00
[rl-monitor:formal] pid=287431 alive; episodes_jsonl=10952; monitor_rc=0; 2026-05-23T12:42:50+08:00
[rl-monitor:formal] pid=287431 alive; episodes_jsonl=10992; monitor_rc=0; 2026-05-23T12:43:51+08:00
[rl-monitor:formal] pid=287431 alive; episodes_jsonl=11040; monitor_rc=0; 2026-05-23T12:44:52+08:00
[rl-monitor:formal] pid=287431 alive; episodes_jsonl=11084; monitor_rc=0; 2026-05-23T12:45:53+08:00
[rl-monitor:formal] pid=287431 alive; episodes_jsonl=11124; monitor_rc=0; 2026-05-23T12:46:54+08:00
[rl-monitor:formal] pid=287431 alive; episodes_jsonl=11164; monitor_rc=0; 2026-05-23T12:47:55+08:00
[rl-monitor:formal] pid=287431 alive; episodes_jsonl=11220; monitor_rc=0; 2026-05-23T12:48:56+08:00
[rl-monitor:formal] pid=287431 alive; episodes_jsonl=11264; monitor_rc=0; 2026-05-23T12:49:58+08:00
[rl-monitor:formal] pid=287431 alive; episodes_jsonl=11308; monitor_rc=0; 2026-05-23T12:50:59+08:00
[rl-monitor:formal] pid=287431 alive; episodes_jsonl=11356; monitor_rc=0; 2026-05-23T12:52:00+08:00
[rl-monitor:formal] pid=287431 alive; episodes_jsonl=11400; monitor_rc=0; 2026-05-23T12:53:01+08:00
[rl-monitor:formal] pid=287431 alive; episodes_jsonl=11457; monitor_rc=0; 2026-05-23T12:54:03+08:00
[rl-monitor:formal] pid=287431 alive; episodes_jsonl=11504; monitor_rc=0; 2026-05-23T12:55:03+08:00
[rl-monitor:formal] pid=287431 alive; episodes_jsonl=11548; monitor_rc=0; 2026-05-23T12:56:06+08:00
[rl-monitor:formal] pid=287431 alive; episodes_jsonl=11588; monitor_rc=0; 2026-05-23T12:57:06+08:00
[rl-monitor:formal] pid=287431 alive; episodes_jsonl=11640; monitor_rc=0; 2026-05-23T12:58:08+08:00
[rl-monitor:formal] pid=287431 alive; episodes_jsonl=11692; monitor_rc=0; 2026-05-23T12:59:09+08:00
[rl-monitor:formal] pid=287431 alive; episodes_jsonl=11740; monitor_rc=0; 2026-05-23T13:00:11+08:00
[rl-monitor:formal] pid=287431 alive; episodes_jsonl=11780; monitor_rc=0; 2026-05-23T13:01:12+08:00
[rl-monitor:formal] pid=287431 alive; episodes_jsonl=11825; monitor_rc=0; 2026-05-23T13:02:13+08:00
[rl-monitor:formal] pid=287431 alive; episodes_jsonl=11880; monitor_rc=0; 2026-05-23T13:03:14+08:00
[rl-monitor:formal] pid=287431 alive; episodes_jsonl=11924; monitor_rc=0; 2026-05-23T13:04:16+08:00
[rl-monitor:formal] pid=287431 alive; episodes_jsonl=11972; monitor_rc=0; 2026-05-23T13:05:17+08:00
[rl-monitor:formal] pid=287431 alive; episodes_jsonl=12012; monitor_rc=0; 2026-05-23T13:06:19+08:00
[rl-monitor:formal] pid=287431 alive; episodes_jsonl=12060; monitor_rc=0; 2026-05-23T13:07:20+08:00
[rl-monitor:formal] pid=287431 alive; episodes_jsonl=12112; monitor_rc=0; 2026-05-23T13:08:21+08:00
[rl-monitor:formal] pid=287431 alive; episodes_jsonl=12164; monitor_rc=0; 2026-05-23T13:09:23+08:00
[rl-monitor:formal] pid=287431 alive; episodes_jsonl=12212; monitor_rc=0; 2026-05-23T13:10:24+08:00
[rl-monitor:formal] pid=287431 alive; episodes_jsonl=12260; monitor_rc=0; 2026-05-23T13:11:25+08:00
[rl-monitor:formal] pid=287431 alive; episodes_jsonl=12308; monitor_rc=0; 2026-05-23T13:12:26+08:00
[rl-monitor:formal] pid=287431 alive; episodes_jsonl=12360; monitor_rc=0; 2026-05-23T13:13:27+08:00
[rl-monitor:formal] pid=287431 alive; episodes_jsonl=12416; monitor_rc=0; 2026-05-23T13:14:29+08:00
[rl-monitor:formal] pid=287431 alive; episodes_jsonl=12460; monitor_rc=0; 2026-05-23T13:15:30+08:00
[rl-monitor:formal] pid=287431 alive; episodes_jsonl=12500; monitor_rc=0; 2026-05-23T13:16:32+08:00
[rl-monitor:formal] pid=287431 alive; episodes_jsonl=12548; monitor_rc=0; 2026-05-23T13:17:34+08:00
[rl-monitor:formal] pid=287431 alive; episodes_jsonl=12600; monitor_rc=0; 2026-05-23T13:18:35+08:00
[rl-monitor:formal] pid=287431 alive; episodes_jsonl=12652; monitor_rc=0; 2026-05-23T13:19:36+08:00
[rl-monitor:formal] pid=287431 alive; episodes_jsonl=12693; monitor_rc=0; 2026-05-23T13:20:37+08:00
[rl-monitor:formal] pid=287431 alive; episodes_jsonl=12744; monitor_rc=0; 2026-05-23T13:21:38+08:00
[rl-monitor:formal] pid=287431 alive; episodes_jsonl=12788; monitor_rc=0; 2026-05-23T13:22:39+08:00
[rl-monitor:formal] pid=287431 alive; episodes_jsonl=12840; monitor_rc=0; 2026-05-23T13:23:40+08:00
[rl-monitor:formal] pid=287431 alive; episodes_jsonl=12896; monitor_rc=0; 2026-05-23T13:24:42+08:00
[rl-monitor:formal] pid=287431 alive; episodes_jsonl=12940; monitor_rc=0; 2026-05-23T13:25:43+08:00
[rl-monitor:formal] pid=287431 alive; episodes_jsonl=12988; monitor_rc=0; 2026-05-23T13:26:44+08:00
[rl-monitor:formal] pid=287431 alive; episodes_jsonl=13032; monitor_rc=0; 2026-05-23T13:27:45+08:00
[rl-monitor:formal] pid=287431 alive; episodes_jsonl=13080; monitor_rc=0; 2026-05-23T13:28:47+08:00
[rl-monitor:formal] pid=287431 alive; episodes_jsonl=13136; monitor_rc=0; 2026-05-23T13:29:48+08:00
[rl-monitor:formal] pid=287431 alive; episodes_jsonl=13188; monitor_rc=0; 2026-05-23T13:30:49+08:00
[rl-monitor:formal] pid=287431 alive; episodes_jsonl=13232; monitor_rc=0; 2026-05-23T13:31:50+08:00
[rl-monitor:formal] pid=287431 alive; episodes_jsonl=13276; monitor_rc=0; 2026-05-23T13:32:51+08:00
[rl-monitor:formal] pid=287431 alive; episodes_jsonl=13320; monitor_rc=0; 2026-05-23T13:33:53+08:00
[rl-monitor:formal] pid=287431 alive; episodes_jsonl=13376; monitor_rc=0; 2026-05-23T13:34:54+08:00
[rl-monitor:formal] pid=287431 alive; episodes_jsonl=13424; monitor_rc=0; 2026-05-23T13:35:55+08:00
[rl-monitor:formal] pid=287431 alive; episodes_jsonl=13472; monitor_rc=0; 2026-05-23T13:36:56+08:00
[rl-monitor:formal] pid=287431 alive; episodes_jsonl=13516; monitor_rc=0; 2026-05-23T13:37:58+08:00
[rl-monitor:formal] pid=287431 alive; episodes_jsonl=13560; monitor_rc=0; 2026-05-23T13:38:59+08:00
[rl-monitor:formal] pid=287431 alive; episodes_jsonl=13616; monitor_rc=0; 2026-05-23T13:40:00+08:00
[rl-monitor:formal] pid=287431 alive; episodes_jsonl=13660; monitor_rc=0; 2026-05-23T13:41:01+08:00
[rl-monitor:formal] pid=287431 alive; episodes_jsonl=13708; monitor_rc=0; 2026-05-23T13:42:04+08:00
[rl-monitor:formal] pid=287431 alive; episodes_jsonl=13752; monitor_rc=0; 2026-05-23T13:43:06+08:00
[rl-monitor:formal] pid=287431 alive; episodes_jsonl=13804; monitor_rc=0; 2026-05-23T13:44:07+08:00
[rl-monitor:formal] pid=287431 alive; episodes_jsonl=13860; monitor_rc=0; 2026-05-23T13:45:08+08:00
[rl-monitor:formal] pid=287431 alive; episodes_jsonl=13917; monitor_rc=0; 2026-05-23T13:46:09+08:00
[rl-monitor:formal] pid=287431 alive; episodes_jsonl=13960; monitor_rc=0; 2026-05-23T13:47:11+08:00
[rl-monitor:formal] pid=287431 alive; episodes_jsonl=14008; monitor_rc=0; 2026-05-23T13:48:12+08:00
[rl-monitor:formal] pid=287431 alive; episodes_jsonl=14052; monitor_rc=0; 2026-05-23T13:49:13+08:00
[rl-monitor:formal] pid=287431 alive; episodes_jsonl=14100; monitor_rc=0; 2026-05-23T13:50:15+08:00
[rl-monitor:formal] pid=287431 alive; episodes_jsonl=14160; monitor_rc=0; 2026-05-23T13:51:16+08:00
[rl-monitor:formal] pid=287431 alive; episodes_jsonl=14208; monitor_rc=0; 2026-05-23T13:52:17+08:00
[rl-monitor:formal] pid=287431 alive; episodes_jsonl=14260; monitor_rc=0; 2026-05-23T13:53:18+08:00
[rl-monitor:formal] pid=287431 alive; episodes_jsonl=14308; monitor_rc=0; 2026-05-23T13:54:20+08:00
[rl-monitor:formal] pid=287431 alive; episodes_jsonl=14356; monitor_rc=0; 2026-05-23T13:55:21+08:00
[rl-monitor:formal] pid=287431 alive; episodes_jsonl=14400; monitor_rc=0; 2026-05-23T13:56:23+08:00
[rl-monitor:formal] pid=287431 alive; episodes_jsonl=14456; monitor_rc=0; 2026-05-23T13:57:24+08:00
[rl-monitor:formal] pid=287431 alive; episodes_jsonl=14504; monitor_rc=0; 2026-05-23T13:58:25+08:00
[rl-monitor:formal] pid=287431 alive; episodes_jsonl=14548; monitor_rc=0; 2026-05-23T13:59:26+08:00
[rl-monitor:formal] pid=287431 alive; episodes_jsonl=14600; monitor_rc=0; 2026-05-23T14:00:27+08:00
[rl-monitor:formal] pid=287431 alive; episodes_jsonl=14651; monitor_rc=0; 2026-05-23T14:01:29+08:00
[rl-monitor:formal] pid=287431 alive; episodes_jsonl=14700; monitor_rc=0; 2026-05-23T14:02:30+08:00
[rl-monitor:formal] pid=287431 alive; episodes_jsonl=14757; monitor_rc=0; 2026-05-23T14:03:31+08:00
[rl-monitor:formal] pid=287431 alive; episodes_jsonl=14804; monitor_rc=0; 2026-05-23T14:04:33+08:00
[rl-monitor:formal] pid=287431 alive; episodes_jsonl=14852; monitor_rc=0; 2026-05-23T14:05:34+08:00
[rl-monitor:formal] pid=287431 alive; episodes_jsonl=14900; monitor_rc=0; 2026-05-23T14:06:36+08:00
[rl-monitor:formal] pid=287431 alive; episodes_jsonl=14948; monitor_rc=0; 2026-05-23T14:07:37+08:00
[rl-monitor:formal] pid=287431 alive; episodes_jsonl=15000; monitor_rc=0; 2026-05-23T14:08:38+08:00
[rl-monitor:formal] pid=287431 alive; episodes_jsonl=15056; monitor_rc=0; 2026-05-23T14:09:39+08:00
[rl-monitor:formal] pid=287431 alive; episodes_jsonl=15104; monitor_rc=0; 2026-05-23T14:10:41+08:00
[rl-monitor:formal] pid=287431 alive; episodes_jsonl=15152; monitor_rc=0; 2026-05-23T14:11:42+08:00
[rl-monitor:formal] pid=287431 alive; episodes_jsonl=15204; monitor_rc=0; 2026-05-23T14:12:43+08:00
[rl-monitor:formal] pid=287431 alive; episodes_jsonl=15252; monitor_rc=0; 2026-05-23T14:13:45+08:00
[rl-monitor:formal] pid=287431 alive; episodes_jsonl=15300; monitor_rc=0; 2026-05-23T14:14:47+08:00
[rl-monitor:formal] pid=287431 alive; episodes_jsonl=15360; monitor_rc=0; 2026-05-23T14:15:48+08:00
[rl-monitor:formal] pid=287431 alive; episodes_jsonl=15412; monitor_rc=0; 2026-05-23T14:16:50+08:00
[rl-monitor:formal] pid=287431 alive; episodes_jsonl=15458; monitor_rc=0; 2026-05-23T14:17:51+08:00
[rl-monitor:formal] pid=287431 alive; episodes_jsonl=15504; monitor_rc=0; 2026-05-23T14:18:53+08:00
[rl-monitor:formal] pid=287431 alive; episodes_jsonl=15552; monitor_rc=0; 2026-05-23T14:19:55+08:00
[rl-monitor:formal] pid=287431 alive; episodes_jsonl=15600; monitor_rc=0; 2026-05-23T14:20:56+08:00
[rl-monitor:formal] pid=287431 alive; episodes_jsonl=15660; monitor_rc=0; 2026-05-23T14:21:58+08:00
[rl-monitor:formal] pid=287431 alive; episodes_jsonl=15712; monitor_rc=0; 2026-05-23T14:22:59+08:00
[rl-monitor:formal] pid=287431 alive; episodes_jsonl=15760; monitor_rc=0; 2026-05-23T14:24:01+08:00
[rl-monitor:formal] pid=287431 alive; episodes_jsonl=15808; monitor_rc=0; 2026-05-23T14:25:02+08:00
[rl-monitor:formal] pid=287431 alive; episodes_jsonl=15853; monitor_rc=0; 2026-05-23T14:26:03+08:00
[rl-monitor:formal] pid=287431 alive; episodes_jsonl=15904; monitor_rc=0; 2026-05-23T14:27:05+08:00
[rl-monitor:formal] pid=287431 alive; episodes_jsonl=15960; monitor_rc=0; 2026-05-23T14:28:06+08:00
[rl-monitor:formal] pid=287431 alive; episodes_jsonl=16016; monitor_rc=0; 2026-05-23T14:29:08+08:00
[rl-monitor:formal] pid=287431 alive; episodes_jsonl=16060; monitor_rc=0; 2026-05-23T14:30:09+08:00
[rl-monitor:formal] pid=287431 alive; episodes_jsonl=16112; monitor_rc=0; 2026-05-23T14:31:12+08:00
[rl-monitor:formal] pid=287431 alive; episodes_jsonl=16160; monitor_rc=0; 2026-05-23T14:32:13+08:00
[rl-monitor:formal] pid=287431 alive; episodes_jsonl=16212; monitor_rc=0; 2026-05-23T14:33:15+08:00
[rl-monitor:formal] pid=287431 alive; episodes_jsonl=16263; monitor_rc=0; 2026-05-23T14:34:16+08:00
[rl-monitor:formal] pid=287431 alive; episodes_jsonl=16320; monitor_rc=0; 2026-05-23T14:35:18+08:00
[rl-monitor:formal] pid=287431 alive; episodes_jsonl=16380; monitor_rc=0; 2026-05-23T14:36:19+08:00
[rl-monitor:formal] pid=287431 alive; episodes_jsonl=16428; monitor_rc=0; 2026-05-23T14:37:21+08:00
[rl-monitor:formal] pid=287431 alive; episodes_jsonl=16484; monitor_rc=0; 2026-05-23T14:38:23+08:00
[rl-monitor:formal] pid=287431 alive; episodes_jsonl=16528; monitor_rc=0; 2026-05-23T14:39:24+08:00
[rl-monitor:formal] pid=287431 alive; episodes_jsonl=16580; monitor_rc=0; 2026-05-23T14:40:26+08:00
[rl-monitor:formal] pid=287431 alive; episodes_jsonl=16624; monitor_rc=0; 2026-05-23T14:41:27+08:00
[rl-monitor:formal] pid=287431 alive; episodes_jsonl=16680; monitor_rc=0; 2026-05-23T14:42:29+08:00
[rl-monitor:formal] pid=287431 alive; episodes_jsonl=16740; monitor_rc=0; 2026-05-23T14:43:30+08:00
[rl-monitor:formal] pid=287431 alive; episodes_jsonl=16788; monitor_rc=0; 2026-05-23T14:44:31+08:00
[rl-monitor:formal] pid=287431 alive; episodes_jsonl=16841; monitor_rc=0; 2026-05-23T14:45:33+08:00
[rl-monitor:formal] pid=287431 alive; episodes_jsonl=16888; monitor_rc=0; 2026-05-23T14:46:35+08:00
[rl-monitor:formal] pid=287431 alive; episodes_jsonl=16938; monitor_rc=0; 2026-05-23T14:47:36+08:00
[rl-monitor:formal] pid=287431 alive; episodes_jsonl=16988; monitor_rc=0; 2026-05-23T14:48:38+08:00
[rl-monitor:formal] pid=287431 alive; episodes_jsonl=17040; monitor_rc=0; 2026-05-23T14:49:39+08:00
[rl-monitor:formal] pid=287431 alive; episodes_jsonl=17100; monitor_rc=0; 2026-05-23T14:50:41+08:00
[rl-monitor:formal] pid=287431 alive; episodes_jsonl=17148; monitor_rc=0; 2026-05-23T14:51:42+08:00
[rl-monitor:formal] pid=287431 alive; episodes_jsonl=17196; monitor_rc=0; 2026-05-23T14:52:44+08:00
[rl-monitor:formal] pid=287431 alive; episodes_jsonl=17244; monitor_rc=0; 2026-05-23T14:53:46+08:00
[rl-monitor:formal] pid=287431 alive; episodes_jsonl=17300; monitor_rc=0; 2026-05-23T14:54:47+08:00
[rl-monitor:formal] pid=287431 alive; episodes_jsonl=17352; monitor_rc=0; 2026-05-23T14:55:49+08:00
[rl-monitor:formal] pid=287431 alive; episodes_jsonl=17400; monitor_rc=0; 2026-05-23T14:56:51+08:00
[rl-monitor:formal] pid=287431 alive; episodes_jsonl=17460; monitor_rc=0; 2026-05-23T14:57:53+08:00
[rl-monitor:formal] pid=287431 alive; episodes_jsonl=17504; monitor_rc=0; 2026-05-23T14:58:54+08:00
[rl-monitor:formal] pid=287431 alive; episodes_jsonl=17552; monitor_rc=0; 2026-05-23T14:59:56+08:00
[rl-monitor:formal] pid=287431 alive; episodes_jsonl=17600; monitor_rc=0; 2026-05-23T15:00:57+08:00
[rl-monitor:formal] pid=287431 alive; episodes_jsonl=17656; monitor_rc=0; 2026-05-23T15:01:59+08:00
[rl-monitor:formal] pid=287431 alive; episodes_jsonl=17708; monitor_rc=0; 2026-05-23T15:03:01+08:00
[rl-monitor:formal] pid=287431 alive; episodes_jsonl=17760; monitor_rc=0; 2026-05-23T15:04:02+08:00
[rl-monitor:formal] pid=287431 alive; episodes_jsonl=17820; monitor_rc=0; 2026-05-23T15:05:04+08:00
[rl-monitor:formal] pid=287431 alive; episodes_jsonl=17872; monitor_rc=0; 2026-05-23T15:06:06+08:00
[rl-monitor:formal] pid=287431 alive; episodes_jsonl=17924; monitor_rc=0; 2026-05-23T15:07:07+08:00
[rl-monitor:formal] pid=287431 alive; episodes_jsonl=17972; monitor_rc=0; 2026-05-23T15:08:09+08:00
[rl-monitor:formal] pid=287431 alive; episodes_jsonl=18020; monitor_rc=0; 2026-05-23T15:09:11+08:00
[rl-monitor:formal] pid=287431 alive; episodes_jsonl=18072; monitor_rc=0; 2026-05-23T15:10:12+08:00
[rl-monitor:formal] pid=287431 alive; episodes_jsonl=18120; monitor_rc=0; 2026-05-23T15:11:14+08:00
[rl-monitor:formal] pid=287431 alive; episodes_jsonl=18180; monitor_rc=0; 2026-05-23T15:12:16+08:00
[rl-monitor:formal] pid=287431 alive; episodes_jsonl=18235; monitor_rc=0; 2026-05-23T15:13:17+08:00
[rl-monitor:formal] pid=287431 alive; episodes_jsonl=18284; monitor_rc=0; 2026-05-23T15:14:19+08:00
[rl-monitor:formal] pid=287431 alive; episodes_jsonl=18332; monitor_rc=0; 2026-05-23T15:15:20+08:00
[rl-monitor:formal] pid=287431 alive; episodes_jsonl=18388; monitor_rc=0; 2026-05-23T15:16:22+08:00
[rl-monitor:formal] pid=287431 alive; episodes_jsonl=18440; monitor_rc=0; 2026-05-23T15:17:24+08:00
[rl-monitor:formal] pid=287431 alive; episodes_jsonl=18492; monitor_rc=0; 2026-05-23T15:18:25+08:00
[rl-monitor:formal] pid=287431 alive; episodes_jsonl=18540; monitor_rc=0; 2026-05-23T15:19:27+08:00
[rl-monitor:formal] pid=287431 alive; episodes_jsonl=18600; monitor_rc=0; 2026-05-23T15:20:29+08:00
[rl-monitor:formal] pid=287431 alive; episodes_jsonl=18652; monitor_rc=0; 2026-05-23T15:21:31+08:00
[rl-monitor:formal] pid=287431 alive; episodes_jsonl=18704; monitor_rc=0; 2026-05-23T15:22:33+08:00
[rl-monitor:formal] pid=287431 alive; episodes_jsonl=18752; monitor_rc=0; 2026-05-23T15:23:35+08:00
[rl-monitor:formal] pid=287431 alive; episodes_jsonl=18804; monitor_rc=0; 2026-05-23T15:24:37+08:00
[rl-monitor:formal] pid=287431 alive; episodes_jsonl=18856; monitor_rc=0; 2026-05-23T15:25:39+08:00
[rl-monitor:formal] pid=287431 alive; episodes_jsonl=18900; monitor_rc=0; 2026-05-23T15:26:41+08:00
[rl-monitor:formal] pid=287431 alive; episodes_jsonl=18960; monitor_rc=0; 2026-05-23T15:27:43+08:00
[rl-monitor:formal] pid=287431 alive; episodes_jsonl=19012; monitor_rc=0; 2026-05-23T15:28:44+08:00
[rl-monitor:formal] pid=287431 alive; episodes_jsonl=19056; monitor_rc=0; 2026-05-23T15:29:46+08:00
[rl-monitor:formal] pid=287431 alive; episodes_jsonl=19108; monitor_rc=0; 2026-05-23T15:30:48+08:00
[rl-monitor:formal] pid=287431 alive; episodes_jsonl=19160; monitor_rc=0; 2026-05-23T15:31:50+08:00
[rl-monitor:formal] pid=287431 alive; episodes_jsonl=19209; monitor_rc=0; 2026-05-23T15:32:51+08:00
[rl-monitor:formal] pid=287431 alive; episodes_jsonl=19260; monitor_rc=0; 2026-05-23T15:33:53+08:00
[rl-monitor:formal] pid=287431 alive; episodes_jsonl=19320; monitor_rc=0; 2026-05-23T15:34:55+08:00
[rl-monitor:formal] pid=287431 alive; episodes_jsonl=19372; monitor_rc=0; 2026-05-23T15:35:57+08:00
[rl-monitor:formal] pid=287431 alive; episodes_jsonl=19420; monitor_rc=0; 2026-05-23T15:36:59+08:00
[rl-monitor:formal] pid=287431 alive; episodes_jsonl=19468; monitor_rc=0; 2026-05-23T15:38:00+08:00
[rl-monitor:formal] pid=287431 alive; episodes_jsonl=19524; monitor_rc=0; 2026-05-23T15:39:02+08:00
[rl-monitor:formal] pid=287431 alive; episodes_jsonl=19580; monitor_rc=0; 2026-05-23T15:40:04+08:00
[rl-monitor:formal] pid=287431 alive; episodes_jsonl=19629; monitor_rc=0; 2026-05-23T15:41:06+08:00
[rl-monitor:formal] pid=287431 alive; episodes_jsonl=19680; monitor_rc=0; 2026-05-23T15:42:08+08:00
[rl-monitor:formal] pid=287431 alive; episodes_jsonl=19740; monitor_rc=0; 2026-05-23T15:43:10+08:00
[rl-monitor:formal] pid=287431 alive; episodes_jsonl=19792; monitor_rc=0; 2026-05-23T15:44:12+08:00
[rl-monitor:formal] pid=287431 alive; episodes_jsonl=19848; monitor_rc=0; 2026-05-23T15:45:14+08:00
[rl-monitor:formal] pid=287431 alive; episodes_jsonl=19894; monitor_rc=0; 2026-05-23T15:46:15+08:00
[rl-monitor:formal] pid=287431 alive; episodes_jsonl=19944; monitor_rc=0; 2026-05-23T15:47:18+08:00
[rl-monitor:formal] pid=287431 alive; episodes_jsonl=20000; monitor_rc=0; 2026-05-23T15:48:19+08:00
[rl-monitor:formal] pid=287431 alive; episodes_jsonl=20052; monitor_rc=0; 2026-05-23T15:49:21+08:00
[rl-monitor:formal] pid=287431 alive; episodes_jsonl=20108; monitor_rc=0; 2026-05-23T15:50:23+08:00
[rl-monitor:formal] pid=287431 alive; episodes_jsonl=20164; monitor_rc=0; 2026-05-23T15:51:25+08:00
[rl-monitor:formal] pid=287431 alive; episodes_jsonl=20220; monitor_rc=0; 2026-05-23T15:52:27+08:00
[rl-monitor:formal] pid=287431 alive; episodes_jsonl=20269; monitor_rc=0; 2026-05-23T15:53:29+08:00
[rl-monitor:formal] pid=287431 alive; episodes_jsonl=20312; monitor_rc=0; 2026-05-23T15:54:31+08:00
[rl-monitor:formal] pid=287431 alive; episodes_jsonl=20360; monitor_rc=0; 2026-05-23T15:55:33+08:00
[rl-monitor:formal] pid=287431 alive; episodes_jsonl=20412; monitor_rc=0; 2026-05-23T15:56:35+08:00
[rl-monitor:formal] pid=287431 alive; episodes_jsonl=20468; monitor_rc=0; 2026-05-23T15:57:37+08:00
[rl-monitor:formal] pid=287431 alive; episodes_jsonl=20520; monitor_rc=0; 2026-05-23T15:58:39+08:00
[rl-monitor:formal] pid=287431 alive; episodes_jsonl=20576; monitor_rc=0; 2026-05-23T15:59:41+08:00
[rl-monitor:formal] pid=287431 alive; episodes_jsonl=20632; monitor_rc=0; 2026-05-23T16:00:43+08:00
[rl-monitor:formal] pid=287431 alive; episodes_jsonl=20688; monitor_rc=0; 2026-05-23T16:01:45+08:00
[rl-monitor:formal] pid=287431 alive; episodes_jsonl=20740; monitor_rc=0; 2026-05-23T16:02:47+08:00
[rl-monitor:formal] pid=287431 alive; episodes_jsonl=20792; monitor_rc=0; 2026-05-23T16:03:49+08:00
[rl-monitor:formal] pid=287431 alive; episodes_jsonl=20840; monitor_rc=0; 2026-05-23T16:04:50+08:00
[rl-monitor:formal] pid=287431 alive; episodes_jsonl=20896; monitor_rc=0; 2026-05-23T16:05:53+08:00
[rl-monitor:formal] pid=287431 alive; episodes_jsonl=20952; monitor_rc=0; 2026-05-23T16:06:54+08:00
[rl-monitor:formal] pid=287431 alive; episodes_jsonl=21004; monitor_rc=0; 2026-05-23T16:07:57+08:00
[rl-monitor:formal] pid=287431 alive; episodes_jsonl=21060; monitor_rc=0; 2026-05-23T16:08:58+08:00
[rl-monitor:formal] pid=287431 alive; episodes_jsonl=21120; monitor_rc=0; 2026-05-23T16:10:00+08:00
[rl-monitor:formal] pid=287431 alive; episodes_jsonl=21176; monitor_rc=0; 2026-05-23T16:11:02+08:00
[rl-monitor:formal] pid=287431 alive; episodes_jsonl=21228; monitor_rc=0; 2026-05-23T16:12:04+08:00
[rl-monitor:formal] pid=287431 alive; episodes_jsonl=21284; monitor_rc=0; 2026-05-23T16:13:06+08:00
[rl-monitor:formal] pid=287431 alive; episodes_jsonl=21340; monitor_rc=0; 2026-05-23T16:14:08+08:00
[rl-monitor:formal] pid=287431 alive; episodes_jsonl=21388; monitor_rc=0; 2026-05-23T16:15:10+08:00
[rl-monitor:formal] pid=287431 alive; episodes_jsonl=21448; monitor_rc=0; 2026-05-23T16:16:12+08:00
[rl-monitor:formal] pid=287431 alive; episodes_jsonl=21498; monitor_rc=0; 2026-05-23T16:17:14+08:00
[rl-monitor:formal] pid=287431 alive; episodes_jsonl=21548; monitor_rc=0; 2026-05-23T16:18:16+08:00
[rl-monitor:formal] pid=287431 alive; episodes_jsonl=21600; monitor_rc=0; 2026-05-23T16:19:18+08:00
[rl-monitor:formal] pid=287431 alive; episodes_jsonl=21660; monitor_rc=0; 2026-05-23T16:20:20+08:00
[rl-monitor:formal] pid=287431 alive; episodes_jsonl=21708; monitor_rc=0; 2026-05-23T16:21:22+08:00
[rl-monitor:formal] pid=287431 alive; episodes_jsonl=21760; monitor_rc=0; 2026-05-23T16:22:24+08:00
[rl-monitor:formal] pid=287431 alive; episodes_jsonl=21802; monitor_rc=0; 2026-05-23T16:23:27+08:00
[rl-monitor:formal] pid=287431 alive; episodes_jsonl=21848; monitor_rc=0; 2026-05-23T16:24:29+08:00
[rl-monitor:formal] pid=287431 alive; episodes_jsonl=21900; monitor_rc=0; 2026-05-23T16:25:31+08:00
[rl-monitor:formal] pid=287431 alive; episodes_jsonl=21956; monitor_rc=0; 2026-05-23T16:26:33+08:00
[rl-monitor:formal] pid=287431 alive; episodes_jsonl=22004; monitor_rc=0; 2026-05-23T16:27:36+08:00
[rl-monitor:formal] pid=287431 alive; episodes_jsonl=22056; monitor_rc=0; 2026-05-23T16:28:37+08:00
[rl-monitor:formal] pid=287431 alive; episodes_jsonl=22100; monitor_rc=0; 2026-05-23T16:29:39+08:00
[rl-monitor:formal] pid=287431 alive; episodes_jsonl=22152; monitor_rc=0; 2026-05-23T16:30:41+08:00
[rl-monitor:formal] pid=287431 alive; episodes_jsonl=22207; monitor_rc=0; 2026-05-23T16:31:44+08:00
[rl-monitor:formal] pid=287431 alive; episodes_jsonl=22260; monitor_rc=0; 2026-05-23T16:32:46+08:00
[rl-monitor:formal] pid=287431 alive; episodes_jsonl=22320; monitor_rc=0; 2026-05-23T16:33:48+08:00
[rl-monitor:formal] pid=287431 alive; episodes_jsonl=22372; monitor_rc=0; 2026-05-23T16:34:50+08:00
[rl-monitor:formal] pid=287431 alive; episodes_jsonl=22424; monitor_rc=0; 2026-05-23T16:35:52+08:00
[rl-monitor:formal] pid=287431 alive; episodes_jsonl=22472; monitor_rc=0; 2026-05-23T16:36:54+08:00
[rl-monitor:formal] pid=287431 alive; episodes_jsonl=22524; monitor_rc=0; 2026-05-23T16:37:57+08:00
[rl-monitor:formal] pid=287431 alive; episodes_jsonl=22572; monitor_rc=0; 2026-05-23T16:38:59+08:00
[rl-monitor:formal] pid=287431 alive; episodes_jsonl=22624; monitor_rc=0; 2026-05-23T16:40:00+08:00
[rl-monitor:formal] pid=287431 alive; episodes_jsonl=22680; monitor_rc=0; 2026-05-23T16:41:03+08:00
[rl-monitor:formal] pid=287431 alive; episodes_jsonl=22740; monitor_rc=0; 2026-05-23T16:42:05+08:00
[rl-monitor:formal] pid=287431 alive; episodes_jsonl=22784; monitor_rc=0; 2026-05-23T16:43:07+08:00
[rl-monitor:formal] pid=287431 alive; episodes_jsonl=22836; monitor_rc=0; 2026-05-23T16:44:10+08:00
[rl-monitor:formal] pid=287431 alive; episodes_jsonl=22884; monitor_rc=0; 2026-05-23T16:45:12+08:00
[rl-monitor:formal] pid=287431 alive; episodes_jsonl=22932; monitor_rc=0; 2026-05-23T16:46:14+08:00
[rl-monitor:formal] pid=287431 alive; episodes_jsonl=22980; monitor_rc=0; 2026-05-23T16:47:17+08:00
[rl-monitor:formal] pid=287431 alive; episodes_jsonl=23040; monitor_rc=0; 2026-05-23T16:48:18+08:00
[rl-monitor:formal] pid=287431 alive; episodes_jsonl=23091; monitor_rc=0; 2026-05-23T16:49:21+08:00
[rl-monitor:formal] pid=287431 alive; episodes_jsonl=23144; monitor_rc=0; 2026-05-23T16:50:24+08:00
[rl-monitor:formal] pid=287431 alive; episodes_jsonl=23192; monitor_rc=0; 2026-05-23T16:51:26+08:00
[rl-monitor:formal] pid=287431 alive; episodes_jsonl=23244; monitor_rc=0; 2026-05-23T16:52:28+08:00
[rl-monitor:formal] pid=287431 alive; episodes_jsonl=23300; monitor_rc=0; 2026-05-23T16:53:31+08:00
[rl-monitor:formal] pid=287431 alive; episodes_jsonl=23352; monitor_rc=0; 2026-05-23T16:54:33+08:00
[rl-monitor:formal] pid=287431 alive; episodes_jsonl=23400; monitor_rc=0; 2026-05-23T16:55:35+08:00
[rl-monitor:formal] pid=287431 alive; episodes_jsonl=23460; monitor_rc=0; 2026-05-23T16:56:37+08:00
[rl-monitor:formal] pid=287431 alive; episodes_jsonl=23520; monitor_rc=0; 2026-05-23T16:57:39+08:00
[rl-monitor:formal] pid=287431 alive; episodes_jsonl=23576; monitor_rc=0; 2026-05-23T16:58:41+08:00
[rl-monitor:formal] pid=287431 alive; episodes_jsonl=23632; monitor_rc=0; 2026-05-23T16:59:44+08:00
[rl-monitor:formal] pid=287431 alive; episodes_jsonl=23680; monitor_rc=0; 2026-05-23T17:00:46+08:00
[rl-monitor:formal] pid=287431 alive; episodes_jsonl=23728; monitor_rc=0; 2026-05-23T17:01:48+08:00
[rl-monitor:formal] pid=287431 alive; episodes_jsonl=23784; monitor_rc=0; 2026-05-23T17:02:51+08:00
[rl-monitor:formal] pid=287431 alive; episodes_jsonl=23836; monitor_rc=0; 2026-05-23T17:03:53+08:00
[rl-monitor:formal] pid=287431 alive; episodes_jsonl=23888; monitor_rc=0; 2026-05-23T17:04:55+08:00
[rl-monitor:formal] pid=287431 alive; episodes_jsonl=23940; monitor_rc=0; 2026-05-23T17:05:58+08:00
[rl-monitor:formal] pid=287431 alive; episodes_jsonl=24000; monitor_rc=0; 2026-05-23T17:07:01+08:00
[rl-monitor:formal] pid=287431 alive; episodes_jsonl=24056; monitor_rc=0; 2026-05-23T17:08:03+08:00
[rl-monitor:formal] pid=287431 alive; episodes_jsonl=24112; monitor_rc=0; 2026-05-23T17:09:05+08:00
[rl-monitor:formal] pid=287431 alive; episodes_jsonl=24160; monitor_rc=0; 2026-05-23T17:10:08+08:00
[rl-monitor:formal] pid=287431 alive; episodes_jsonl=24212; monitor_rc=0; 2026-05-23T17:11:10+08:00
[rl-monitor:formal] pid=287431 alive; episodes_jsonl=24264; monitor_rc=0; 2026-05-23T17:12:12+08:00
[rl-monitor:formal] pid=287431 alive; episodes_jsonl=24316; monitor_rc=0; 2026-05-23T17:13:14+08:00
[rl-monitor:formal] pid=287431 alive; episodes_jsonl=24368; monitor_rc=0; 2026-05-23T17:14:17+08:00
[rl-monitor:formal] pid=287431 alive; episodes_jsonl=24424; monitor_rc=0; 2026-05-23T17:15:19+08:00
[rl-monitor:formal] pid=287431 alive; episodes_jsonl=24480; monitor_rc=0; 2026-05-23T17:16:22+08:00
[rl-monitor:formal] pid=287431 alive; episodes_jsonl=24540; monitor_rc=0; 2026-05-23T17:17:24+08:00
[rl-monitor:formal] pid=287431 alive; episodes_jsonl=24592; monitor_rc=0; 2026-05-23T17:18:26+08:00
[rl-monitor:formal] pid=287431 alive; episodes_jsonl=24652; monitor_rc=0; 2026-05-23T17:19:28+08:00
[rl-monitor:formal] pid=287431 alive; episodes_jsonl=24704; monitor_rc=0; 2026-05-23T17:20:31+08:00
[rl-monitor:formal] pid=287431 alive; episodes_jsonl=24756; monitor_rc=0; 2026-05-23T17:21:33+08:00
[rl-monitor:formal] pid=287431 alive; episodes_jsonl=24816; monitor_rc=0; 2026-05-23T17:22:36+08:00
[rl-monitor:formal] pid=287431 alive; episodes_jsonl=24868; monitor_rc=0; 2026-05-23T17:23:39+08:00
[rl-monitor:formal] pid=287431 alive; episodes_jsonl=24914; monitor_rc=0; 2026-05-23T17:24:41+08:00
[rl-monitor:formal] pid=287431 alive; episodes_jsonl=24964; monitor_rc=0; 2026-05-23T17:25:43+08:00
[rl-monitor:formal] pid=287431 alive; episodes_jsonl=25020; monitor_rc=0; 2026-05-23T17:26:46+08:00
[rl-monitor:formal] pid=287431 alive; episodes_jsonl=25080; monitor_rc=0; 2026-05-23T17:27:48+08:00
[rl-monitor:formal] pid=287431 alive; episodes_jsonl=25132; monitor_rc=0; 2026-05-23T17:28:50+08:00
[rl-monitor:formal] pid=287431 alive; episodes_jsonl=25184; monitor_rc=0; 2026-05-23T17:29:52+08:00
[rl-monitor:formal] pid=287431 alive; episodes_jsonl=25240; monitor_rc=0; 2026-05-23T17:30:55+08:00
[rl-monitor:formal] pid=287431 alive; episodes_jsonl=25290; monitor_rc=0; 2026-05-23T17:31:57+08:00
[rl-monitor:formal] pid=287431 alive; episodes_jsonl=25344; monitor_rc=0; 2026-05-23T17:33:00+08:00
[rl-monitor:formal] pid=287431 alive; episodes_jsonl=25392; monitor_rc=0; 2026-05-23T17:34:02+08:00
[rl-monitor:formal] pid=287431 alive; episodes_jsonl=25448; monitor_rc=0; 2026-05-23T17:35:04+08:00
[rl-monitor:formal] pid=287431 alive; episodes_jsonl=25500; monitor_rc=0; 2026-05-23T17:36:07+08:00
[rl-monitor:formal] pid=287431 alive; episodes_jsonl=25560; monitor_rc=0; 2026-05-23T17:37:10+08:00
[rl-monitor:formal] pid=287431 alive; episodes_jsonl=25612; monitor_rc=0; 2026-05-23T17:38:12+08:00
[rl-monitor:formal] pid=287431 alive; episodes_jsonl=25668; monitor_rc=0; 2026-05-23T17:39:14+08:00
[rl-monitor:formal] pid=287431 alive; episodes_jsonl=25720; monitor_rc=0; 2026-05-23T17:40:17+08:00
[rl-monitor:formal] pid=287431 alive; episodes_jsonl=25772; monitor_rc=0; 2026-05-23T17:41:20+08:00
[rl-monitor:formal] pid=287431 alive; episodes_jsonl=25828; monitor_rc=0; 2026-05-23T17:42:23+08:00
[rl-monitor:formal] pid=287431 alive; episodes_jsonl=25880; monitor_rc=0; 2026-05-23T17:43:25+08:00
[rl-monitor:formal] pid=287431 alive; episodes_jsonl=25940; monitor_rc=0; 2026-05-23T17:44:28+08:00
[rl-monitor:formal] pid=287431 alive; episodes_jsonl=25992; monitor_rc=0; 2026-05-23T17:45:31+08:00
[rl-monitor:formal] pid=287431 alive; episodes_jsonl=26040; monitor_rc=0; 2026-05-23T17:46:33+08:00
[rl-monitor:formal] pid=287431 alive; episodes_jsonl=26100; monitor_rc=0; 2026-05-23T17:47:35+08:00
[rl-monitor:formal] pid=287431 alive; episodes_jsonl=26160; monitor_rc=0; 2026-05-23T17:48:38+08:00
[rl-monitor:formal] pid=287431 alive; episodes_jsonl=26216; monitor_rc=0; 2026-05-23T17:49:41+08:00
[rl-monitor:formal] pid=287431 alive; episodes_jsonl=26268; monitor_rc=0; 2026-05-23T17:50:43+08:00
[rl-monitor:formal] pid=287431 alive; episodes_jsonl=26324; monitor_rc=0; 2026-05-23T17:51:45+08:00
[rl-monitor:formal] pid=287431 alive; episodes_jsonl=26376; monitor_rc=0; 2026-05-23T17:52:49+08:00
[rl-monitor:formal] pid=287431 alive; episodes_jsonl=26432; monitor_rc=0; 2026-05-23T17:53:52+08:00
[rl-monitor:formal] pid=287431 alive; episodes_jsonl=26488; monitor_rc=0; 2026-05-23T17:54:54+08:00
[rl-monitor:formal] pid=287431 alive; episodes_jsonl=26540; monitor_rc=0; 2026-05-23T17:55:56+08:00
[rl-monitor:formal] pid=287431 alive; episodes_jsonl=26592; monitor_rc=0; 2026-05-23T17:56:59+08:00
[rl-monitor:formal] pid=287431 alive; episodes_jsonl=26648; monitor_rc=0; 2026-05-23T17:58:01+08:00
[rl-monitor:formal] pid=287431 alive; episodes_jsonl=26705; monitor_rc=0; 2026-05-23T17:59:04+08:00
[rl-monitor:formal] pid=287431 alive; episodes_jsonl=26760; monitor_rc=0; 2026-05-23T18:00:07+08:00
[rl-monitor:formal] pid=287431 alive; episodes_jsonl=26820; monitor_rc=0; 2026-05-23T18:01:09+08:00
[rl-monitor:formal] pid=287431 alive; episodes_jsonl=26880; monitor_rc=0; 2026-05-23T18:02:11+08:00
[rl-monitor:formal] pid=287431 alive; episodes_jsonl=26936; monitor_rc=0; 2026-05-23T18:03:14+08:00
[rl-monitor:formal] pid=287431 alive; episodes_jsonl=26984; monitor_rc=0; 2026-05-23T18:04:16+08:00
[rl-monitor:formal] pid=287431 alive; episodes_jsonl=27040; monitor_rc=0; 2026-05-23T18:05:19+08:00
[rl-monitor:formal] pid=287431 alive; episodes_jsonl=27092; monitor_rc=0; 2026-05-23T18:06:22+08:00
[rl-monitor:formal] pid=287431 alive; episodes_jsonl=27148; monitor_rc=0; 2026-05-23T18:07:24+08:00
[rl-monitor:formal] pid=287431 alive; episodes_jsonl=27196; monitor_rc=0; 2026-05-23T18:08:27+08:00
[rl-monitor:formal] pid=287431 alive; episodes_jsonl=27252; monitor_rc=0; 2026-05-23T18:09:29+08:00
[rl-monitor:formal] pid=287431 alive; episodes_jsonl=27304; monitor_rc=0; 2026-05-23T18:10:32+08:00
[rl-monitor:formal] pid=287431 alive; episodes_jsonl=27360; monitor_rc=0; 2026-05-23T18:11:34+08:00
[rl-monitor:formal] pid=287431 alive; episodes_jsonl=27420; monitor_rc=0; 2026-05-23T18:12:36+08:00
[rl-monitor:formal] pid=287431 alive; episodes_jsonl=27480; monitor_rc=0; 2026-05-23T18:13:39+08:00
[rl-monitor:formal] pid=287431 alive; episodes_jsonl=27536; monitor_rc=0; 2026-05-23T18:14:41+08:00
[rl-monitor:formal] pid=287431 alive; episodes_jsonl=27592; monitor_rc=0; 2026-05-23T18:15:45+08:00
[rl-monitor:formal] pid=287431 alive; episodes_jsonl=27648; monitor_rc=0; 2026-05-23T18:16:47+08:00
[rl-monitor:formal] pid=287431 alive; episodes_jsonl=27696; monitor_rc=0; 2026-05-23T18:17:50+08:00
[rl-monitor:formal] pid=287431 alive; episodes_jsonl=27752; monitor_rc=0; 2026-05-23T18:18:52+08:00
[rl-monitor:formal] pid=287431 alive; episodes_jsonl=27804; monitor_rc=0; 2026-05-23T18:19:55+08:00
[rl-monitor:formal] pid=287431 alive; episodes_jsonl=27860; monitor_rc=0; 2026-05-23T18:20:58+08:00
[rl-monitor:formal] pid=287431 alive; episodes_jsonl=27912; monitor_rc=0; 2026-05-23T18:22:00+08:00
[rl-monitor:formal] pid=287431 alive; episodes_jsonl=27968; monitor_rc=0; 2026-05-23T18:23:03+08:00
[rl-monitor:formal] pid=287431 alive; episodes_jsonl=28024; monitor_rc=0; 2026-05-23T18:24:06+08:00
[rl-monitor:formal] pid=287431 alive; episodes_jsonl=28084; monitor_rc=0; 2026-05-23T18:25:09+08:00
[rl-monitor:formal] pid=287431 alive; episodes_jsonl=28140; monitor_rc=0; 2026-05-23T18:26:12+08:00
[rl-monitor:formal] pid=287431 alive; episodes_jsonl=28200; monitor_rc=0; 2026-05-23T18:27:14+08:00
[rl-monitor:formal] pid=287431 alive; episodes_jsonl=28260; monitor_rc=0; 2026-05-23T18:28:17+08:00
[rl-monitor:formal] pid=287431 alive; episodes_jsonl=28318; monitor_rc=0; 2026-05-23T18:29:20+08:00
[rl-monitor:formal] pid=287431 alive; episodes_jsonl=28368; monitor_rc=0; 2026-05-23T18:30:22+08:00
[rl-monitor:formal] pid=287431 alive; episodes_jsonl=28428; monitor_rc=0; 2026-05-23T18:31:24+08:00
[rl-monitor:formal] pid=287431 alive; episodes_jsonl=28480; monitor_rc=0; 2026-05-23T18:32:27+08:00
[rl-monitor:formal] pid=287431 alive; episodes_jsonl=28528; monitor_rc=0; 2026-05-23T18:33:30+08:00
[rl-monitor:formal] pid=287431 alive; episodes_jsonl=28584; monitor_rc=0; 2026-05-23T18:34:32+08:00
[rl-monitor:formal] pid=287431 alive; episodes_jsonl=28640; monitor_rc=0; 2026-05-23T18:35:35+08:00
[rl-monitor:formal] pid=287431 alive; episodes_jsonl=28692; monitor_rc=0; 2026-05-23T18:36:38+08:00
[rl-monitor:formal] pid=287431 alive; episodes_jsonl=28748; monitor_rc=0; 2026-05-23T18:37:42+08:00
[rl-monitor:formal] pid=287431 alive; episodes_jsonl=28800; monitor_rc=0; 2026-05-23T18:38:45+08:00
[rl-monitor:formal] pid=287431 alive; episodes_jsonl=28860; monitor_rc=0; 2026-05-23T18:39:47+08:00
[rl-monitor:formal] pid=287431 alive; episodes_jsonl=28920; monitor_rc=0; 2026-05-23T18:40:50+08:00
[rl-monitor:formal] pid=287431 alive; episodes_jsonl=28972; monitor_rc=0; 2026-05-23T18:41:53+08:00
[rl-monitor:formal] pid=287431 alive; episodes_jsonl=29028; monitor_rc=0; 2026-05-23T18:42:56+08:00
[rl-monitor:formal] pid=287431 alive; episodes_jsonl=29084; monitor_rc=0; 2026-05-23T18:43:58+08:00
[rl-monitor:formal] pid=287431 alive; episodes_jsonl=29136; monitor_rc=0; 2026-05-23T18:45:01+08:00
[rl-monitor:formal] pid=287431 alive; episodes_jsonl=29192; monitor_rc=0; 2026-05-23T18:46:04+08:00
[rl-monitor:formal] pid=287431 alive; episodes_jsonl=29244; monitor_rc=0; 2026-05-23T18:47:07+08:00
[rl-monitor:formal] pid=287431 alive; episodes_jsonl=29300; monitor_rc=0; 2026-05-23T18:48:10+08:00
[rl-monitor:formal] pid=287431 alive; episodes_jsonl=29356; monitor_rc=0; 2026-05-23T18:49:12+08:00
[rl-monitor:formal] pid=287431 alive; episodes_jsonl=29404; monitor_rc=0; 2026-05-23T18:50:15+08:00
[rl-monitor:formal] pid=287431 alive; episodes_jsonl=29464; monitor_rc=0; 2026-05-23T18:51:18+08:00
[rl-monitor:formal] pid=287431 alive; episodes_jsonl=29520; monitor_rc=0; 2026-05-23T18:52:20+08:00
[rl-monitor:formal] pid=287431 alive; episodes_jsonl=29580; monitor_rc=0; 2026-05-23T18:53:23+08:00
[rl-monitor:formal] pid=287431 alive; episodes_jsonl=29640; monitor_rc=0; 2026-05-23T18:54:25+08:00
[rl-monitor:formal] pid=287431 alive; episodes_jsonl=29688; monitor_rc=0; 2026-05-23T18:55:28+08:00
[rl-monitor:formal] pid=287431 alive; episodes_jsonl=29744; monitor_rc=0; 2026-05-23T18:56:31+08:00
[rl-monitor:formal] pid=287431 alive; episodes_jsonl=29796; monitor_rc=0; 2026-05-23T18:57:33+08:00
[rl-monitor:formal] pid=287431 alive; episodes_jsonl=29848; monitor_rc=0; 2026-05-23T18:58:36+08:00
[rl-monitor:formal] pid=287431 alive; episodes_jsonl=29904; monitor_rc=0; 2026-05-23T18:59:39+08:00
[rl-monitor:formal] pid=287431 alive; episodes_jsonl=29960; monitor_rc=0; 2026-05-23T19:00:42+08:00
[rl-monitor:formal] pid=287431 alive; episodes_jsonl=30015; monitor_rc=0; 2026-05-23T19:01:44+08:00
[rl-monitor:formal] pid=287431 alive; episodes_jsonl=30068; monitor_rc=0; 2026-05-23T19:02:47+08:00
[rl-monitor:formal] pid=287431 alive; episodes_jsonl=30120; monitor_rc=0; 2026-05-23T19:03:50+08:00
[rl-monitor:formal] pid=287431 alive; episodes_jsonl=30180; monitor_rc=0; 2026-05-23T19:04:53+08:00
[rl-monitor:formal] pid=287431 alive; episodes_jsonl=30240; monitor_rc=0; 2026-05-23T19:05:56+08:00
[rl-monitor:formal] pid=287431 alive; episodes_jsonl=30300; monitor_rc=0; 2026-05-23T19:06:59+08:00
[rl-monitor:formal] pid=287431 alive; episodes_jsonl=30360; monitor_rc=0; 2026-05-23T19:08:01+08:00
[rl-monitor:formal] pid=287431 alive; episodes_jsonl=30420; monitor_rc=0; 2026-05-23T19:09:04+08:00
[rl-monitor:formal] pid=287431 alive; episodes_jsonl=30468; monitor_rc=0; 2026-05-23T19:10:07+08:00
[rl-monitor:formal] pid=287431 alive; episodes_jsonl=30524; monitor_rc=0; 2026-05-23T19:11:09+08:00
[rl-monitor:formal] pid=287431 alive; episodes_jsonl=30580; monitor_rc=0; 2026-05-23T19:12:13+08:00
[rl-monitor:formal] pid=287431 alive; episodes_jsonl=30632; monitor_rc=0; 2026-05-23T19:13:15+08:00
[rl-monitor:formal] pid=287431 alive; episodes_jsonl=30688; monitor_rc=0; 2026-05-23T19:14:19+08:00
[rl-monitor:formal] pid=287431 alive; episodes_jsonl=30744; monitor_rc=0; 2026-05-23T19:15:21+08:00
[rl-monitor:formal] pid=287431 alive; episodes_jsonl=30792; monitor_rc=0; 2026-05-23T19:16:24+08:00
[rl-monitor:formal] pid=287431 alive; episodes_jsonl=30848; monitor_rc=0; 2026-05-23T19:17:27+08:00
[rl-monitor:formal] pid=287431 alive; episodes_jsonl=30908; monitor_rc=0; 2026-05-23T19:18:30+08:00
[rl-monitor:formal] pid=287431 alive; episodes_jsonl=30963; monitor_rc=0; 2026-05-23T19:19:34+08:00
[rl-monitor:formal] pid=287431 alive; episodes_jsonl=31020; monitor_rc=0; 2026-05-23T19:20:36+08:00
[rl-monitor:formal] pid=287431 alive; episodes_jsonl=31080; monitor_rc=0; 2026-05-23T19:21:39+08:00
[rl-monitor:formal] pid=287431 alive; episodes_jsonl=31140; monitor_rc=0; 2026-05-23T19:22:41+08:00
[rl-monitor:formal] pid=287431 alive; episodes_jsonl=31200; monitor_rc=0; 2026-05-23T19:23:45+08:00
[rl-monitor:formal] pid=287431 alive; episodes_jsonl=31256; monitor_rc=0; 2026-05-23T19:24:48+08:00
[rl-monitor:formal] pid=287431 alive; episodes_jsonl=31312; monitor_rc=0; 2026-05-23T19:25:50+08:00
[rl-monitor:formal] pid=287431 alive; episodes_jsonl=31368; monitor_rc=0; 2026-05-23T19:26:53+08:00
[rl-monitor:formal] pid=287431 alive; episodes_jsonl=31424; monitor_rc=0; 2026-05-23T19:27:56+08:00
[rl-monitor:formal] pid=287431 alive; episodes_jsonl=31476; monitor_rc=0; 2026-05-23T19:28:59+08:00
[rl-monitor:formal] pid=287431 alive; episodes_jsonl=31528; monitor_rc=0; 2026-05-23T19:30:02+08:00
[rl-monitor:formal] pid=287431 alive; episodes_jsonl=31588; monitor_rc=0; 2026-05-23T19:31:05+08:00
[rl-monitor:formal] pid=287431 alive; episodes_jsonl=31644; monitor_rc=0; 2026-05-23T19:32:08+08:00
[rl-monitor:formal] pid=287431 alive; episodes_jsonl=31696; monitor_rc=0; 2026-05-23T19:33:11+08:00
[rl-monitor:formal] pid=287431 alive; episodes_jsonl=31752; monitor_rc=0; 2026-05-23T19:34:15+08:00
[rl-monitor:formal] pid=287431 alive; episodes_jsonl=31804; monitor_rc=0; 2026-05-23T19:35:18+08:00
[rl-monitor:formal] pid=287431 alive; episodes_jsonl=31864; monitor_rc=0; 2026-05-23T19:36:21+08:00
[rl-monitor:formal] pid=287431 alive; episodes_jsonl=31920; monitor_rc=0; 2026-05-23T19:37:24+08:00
[rl-monitor:formal] pid=287431 alive; episodes_jsonl=31980; monitor_rc=0; 2026-05-23T19:38:27+08:00
[rl-monitor:formal] pid=287431 alive; episodes_jsonl=32040; monitor_rc=0; 2026-05-23T19:39:29+08:00
[rl-monitor:formal] pid=287431 alive; episodes_jsonl=32100; monitor_rc=0; 2026-05-23T19:40:32+08:00
[rl-monitor:formal] pid=287431 alive; episodes_jsonl=32156; monitor_rc=0; 2026-05-23T19:41:35+08:00
[rl-monitor:formal] pid=287431 alive; episodes_jsonl=32212; monitor_rc=0; 2026-05-23T19:42:38+08:00
[rl-monitor:formal] pid=287431 alive; episodes_jsonl=32268; monitor_rc=0; 2026-05-23T19:43:41+08:00
[rl-monitor:formal] pid=287431 alive; episodes_jsonl=32320; monitor_rc=0; 2026-05-23T19:44:44+08:00
[rl-monitor:formal] pid=287431 alive; episodes_jsonl=32380; monitor_rc=0; 2026-05-23T19:45:47+08:00
[rl-monitor:formal] pid=287431 alive; episodes_jsonl=32440; monitor_rc=0; 2026-05-23T19:46:50+08:00
[rl-monitor:formal] pid=287431 alive; episodes_jsonl=32496; monitor_rc=0; 2026-05-23T19:47:53+08:00
[rl-monitor:formal] pid=287431 alive; episodes_jsonl=32548; monitor_rc=0; 2026-05-23T19:48:55+08:00
[rl-monitor:formal] pid=287431 alive; episodes_jsonl=32604; monitor_rc=0; 2026-05-23T19:49:59+08:00
[rl-monitor:formal] pid=287431 alive; episodes_jsonl=32656; monitor_rc=0; 2026-05-23T19:51:02+08:00
[rl-monitor:formal] pid=287431 alive; episodes_jsonl=32712; monitor_rc=0; 2026-05-23T19:52:05+08:00
[rl-monitor:formal] pid=287431 alive; episodes_jsonl=32772; monitor_rc=0; 2026-05-23T19:53:08+08:00
[rl-monitor:formal] pid=287431 alive; episodes_jsonl=32828; monitor_rc=0; 2026-05-23T19:54:10+08:00
[rl-monitor:formal] pid=287431 alive; episodes_jsonl=32881; monitor_rc=0; 2026-05-23T19:55:13+08:00
[rl-monitor:formal] pid=287431 alive; episodes_jsonl=32940; monitor_rc=0; 2026-05-23T19:56:17+08:00
[rl-monitor:formal] pid=287431 alive; episodes_jsonl=33000; monitor_rc=0; 2026-05-23T19:57:21+08:00
[rl-monitor:formal] pid=287431 alive; episodes_jsonl=33060; monitor_rc=0; 2026-05-23T19:58:24+08:00
[rl-monitor:formal] pid=287431 alive; episodes_jsonl=33120; monitor_rc=0; 2026-05-23T19:59:28+08:00
[rl-monitor:formal] pid=287431 alive; episodes_jsonl=33180; monitor_rc=0; 2026-05-23T20:00:31+08:00
[rl-monitor:formal] pid=287431 alive; episodes_jsonl=33240; monitor_rc=0; 2026-05-23T20:01:34+08:00
[rl-monitor:formal] pid=287431 alive; episodes_jsonl=33296; monitor_rc=0; 2026-05-23T20:02:37+08:00
[rl-monitor:formal] pid=287431 alive; episodes_jsonl=33352; monitor_rc=0; 2026-05-23T20:03:40+08:00
[rl-monitor:formal] pid=287431 alive; episodes_jsonl=33412; monitor_rc=0; 2026-05-23T20:04:44+08:00
[rl-monitor:formal] pid=287431 alive; episodes_jsonl=33468; monitor_rc=0; 2026-05-23T20:05:47+08:00
[rl-monitor:formal] pid=287431 alive; episodes_jsonl=33520; monitor_rc=0; 2026-05-23T20:06:50+08:00
[rl-monitor:formal] pid=287431 alive; episodes_jsonl=33576; monitor_rc=0; 2026-05-23T20:07:53+08:00
[rl-monitor:formal] pid=287431 alive; episodes_jsonl=33640; monitor_rc=0; 2026-05-23T20:08:56+08:00
[rl-monitor:formal] pid=287431 alive; episodes_jsonl=33700; monitor_rc=0; 2026-05-23T20:09:59+08:00
[rl-monitor:formal] pid=287431 alive; episodes_jsonl=33752; monitor_rc=0; 2026-05-23T20:11:02+08:00
[rl-monitor:formal] pid=287431 alive; episodes_jsonl=33812; monitor_rc=0; 2026-05-23T20:12:05+08:00
[rl-monitor:formal] pid=287431 alive; episodes_jsonl=33872; monitor_rc=0; 2026-05-23T20:13:08+08:00
[rl-monitor:formal] pid=287431 alive; episodes_jsonl=33928; monitor_rc=0; 2026-05-23T20:14:10+08:00
[rl-monitor:formal] pid=287431 alive; episodes_jsonl=33984; monitor_rc=0; 2026-05-23T20:15:13+08:00
[rl-monitor:formal] pid=287431 alive; episodes_jsonl=34040; monitor_rc=0; 2026-05-23T20:16:17+08:00
[rl-monitor:formal] pid=287431 alive; episodes_jsonl=34100; monitor_rc=0; 2026-05-23T20:17:20+08:00
[rl-monitor:formal] pid=287431 alive; episodes_jsonl=34153; monitor_rc=0; 2026-05-23T20:18:23+08:00
[rl-monitor:formal] pid=287431 alive; episodes_jsonl=34208; monitor_rc=0; 2026-05-23T20:19:26+08:00
[rl-monitor:formal] pid=287431 alive; episodes_jsonl=34264; monitor_rc=0; 2026-05-23T20:20:29+08:00
[rl-monitor:formal] pid=287431 alive; episodes_jsonl=34324; monitor_rc=0; 2026-05-23T20:21:32+08:00
[rl-monitor:formal] pid=287431 alive; episodes_jsonl=34380; monitor_rc=0; 2026-05-23T20:22:35+08:00
[rl-monitor:formal] pid=287431 alive; episodes_jsonl=34440; monitor_rc=0; 2026-05-23T20:23:39+08:00
[rl-monitor:formal] pid=287431 alive; episodes_jsonl=34500; monitor_rc=0; 2026-05-23T20:24:42+08:00
[rl-monitor:formal] pid=287431 alive; episodes_jsonl=34560; monitor_rc=0; 2026-05-23T20:25:44+08:00
[rl-monitor:formal] pid=287431 alive; episodes_jsonl=34620; monitor_rc=0; 2026-05-23T20:26:47+08:00
[rl-monitor:formal] pid=287431 alive; episodes_jsonl=34680; monitor_rc=0; 2026-05-23T20:27:51+08:00
[rl-monitor:formal] pid=287431 alive; episodes_jsonl=34740; monitor_rc=0; 2026-05-23T20:28:54+08:00
[rl-monitor:formal] pid=287431 alive; episodes_jsonl=34800; monitor_rc=0; 2026-05-23T20:29:57+08:00
[rl-monitor:formal] pid=287431 alive; episodes_jsonl=34856; monitor_rc=0; 2026-05-23T20:31:00+08:00
[rl-monitor:formal] pid=287431 alive; episodes_jsonl=34912; monitor_rc=0; 2026-05-23T20:32:02+08:00
[rl-monitor:formal] pid=287431 alive; episodes_jsonl=34972; monitor_rc=0; 2026-05-23T20:33:06+08:00
[rl-monitor:formal] pid=287431 alive; episodes_jsonl=35028; monitor_rc=0; 2026-05-23T20:34:09+08:00
[rl-monitor:formal] pid=287431 alive; episodes_jsonl=35088; monitor_rc=0; 2026-05-23T20:35:12+08:00
[rl-monitor:formal] pid=287431 alive; episodes_jsonl=35144; monitor_rc=0; 2026-05-23T20:36:16+08:00
[rl-monitor:formal] pid=287431 alive; episodes_jsonl=35200; monitor_rc=0; 2026-05-23T20:37:19+08:00
[rl-monitor:formal] pid=287431 alive; episodes_jsonl=35256; monitor_rc=0; 2026-05-23T20:38:22+08:00
[rl-monitor:formal] pid=287431 alive; episodes_jsonl=35316; monitor_rc=0; 2026-05-23T20:39:25+08:00
[rl-monitor:formal] pid=287431 alive; episodes_jsonl=35368; monitor_rc=0; 2026-05-23T20:40:28+08:00
[rl-monitor:formal] pid=287431 alive; episodes_jsonl=35424; monitor_rc=0; 2026-05-23T20:41:31+08:00
[rl-monitor:formal] pid=287431 alive; episodes_jsonl=35480; monitor_rc=0; 2026-05-23T20:42:35+08:00
[rl-monitor:formal] pid=287431 alive; episodes_jsonl=35536; monitor_rc=0; 2026-05-23T20:43:38+08:00
[rl-monitor:formal] pid=287431 alive; episodes_jsonl=35596; monitor_rc=0; 2026-05-23T20:44:42+08:00
[rl-monitor:formal] pid=287431 alive; episodes_jsonl=35656; monitor_rc=0; 2026-05-23T20:45:45+08:00
[rl-monitor:formal] pid=287431 alive; episodes_jsonl=35716; monitor_rc=0; 2026-05-23T20:46:48+08:00
[rl-monitor:formal] pid=287431 alive; episodes_jsonl=35776; monitor_rc=0; 2026-05-23T20:47:52+08:00
[rl-monitor:formal] pid=287431 alive; episodes_jsonl=35832; monitor_rc=0; 2026-05-23T20:48:55+08:00
[rl-monitor:formal] pid=287431 alive; episodes_jsonl=35888; monitor_rc=0; 2026-05-23T20:49:59+08:00
[rl-monitor:formal] pid=287431 alive; episodes_jsonl=35948; monitor_rc=0; 2026-05-23T20:51:03+08:00
[rl-monitor:formal] pid=287431 alive; episodes_jsonl=36004; monitor_rc=0; 2026-05-23T20:52:07+08:00
[rl-monitor:formal] pid=287431 alive; episodes_jsonl=36060; monitor_rc=0; 2026-05-23T20:53:11+08:00
[rl-monitor:formal] pid=287431 alive; episodes_jsonl=36120; monitor_rc=0; 2026-05-23T20:54:14+08:00
[rl-monitor:formal] pid=287431 alive; episodes_jsonl=36183; monitor_rc=0; 2026-05-23T20:55:18+08:00
[rl-monitor:formal] pid=287431 alive; episodes_jsonl=36240; monitor_rc=0; 2026-05-23T20:56:21+08:00
[rl-monitor:formal] pid=287431 alive; episodes_jsonl=36300; monitor_rc=0; 2026-05-23T20:57:25+08:00
[rl-monitor:formal] pid=287431 alive; episodes_jsonl=36360; monitor_rc=0; 2026-05-23T20:58:27+08:00
[rl-monitor:formal] pid=287431 alive; episodes_jsonl=36420; monitor_rc=0; 2026-05-23T20:59:30+08:00
[rl-monitor:formal] pid=287431 alive; episodes_jsonl=36476; monitor_rc=0; 2026-05-23T21:00:34+08:00
[rl-monitor:formal] pid=287431 alive; episodes_jsonl=36532; monitor_rc=0; 2026-05-23T21:01:38+08:00
[rl-monitor:formal] pid=287431 alive; episodes_jsonl=36588; monitor_rc=0; 2026-05-23T21:02:41+08:00
[rl-monitor:formal] pid=287431 alive; episodes_jsonl=36648; monitor_rc=0; 2026-05-23T21:03:45+08:00
[rl-monitor:formal] pid=287431 alive; episodes_jsonl=36704; monitor_rc=0; 2026-05-23T21:04:48+08:00
[rl-monitor:formal] pid=287431 alive; episodes_jsonl=36764; monitor_rc=0; 2026-05-23T21:05:52+08:00
[rl-monitor:formal] pid=287431 alive; episodes_jsonl=36824; monitor_rc=0; 2026-05-23T21:06:55+08:00
[rl-monitor:formal] pid=287431 alive; episodes_jsonl=36880; monitor_rc=0; 2026-05-23T21:07:59+08:00
[rl-monitor:formal] pid=287431 alive; episodes_jsonl=36940; monitor_rc=0; 2026-05-23T21:09:02+08:00
[rl-monitor:formal] pid=287431 alive; episodes_jsonl=36996; monitor_rc=0; 2026-05-23T21:10:05+08:00
[rl-monitor:formal] pid=287431 alive; episodes_jsonl=37048; monitor_rc=0; 2026-05-23T21:11:09+08:00
[rl-monitor:formal] pid=287431 alive; episodes_jsonl=37108; monitor_rc=0; 2026-05-23T21:12:12+08:00
[rl-monitor:formal] pid=287431 alive; episodes_jsonl=37164; monitor_rc=0; 2026-05-23T21:13:16+08:00
[rl-monitor:formal] pid=287431 alive; episodes_jsonl=37224; monitor_rc=0; 2026-05-23T21:14:20+08:00
[rl-monitor:formal] pid=287431 alive; episodes_jsonl=37284; monitor_rc=0; 2026-05-23T21:15:24+08:00
[rl-monitor:formal] pid=287431 alive; episodes_jsonl=37340; monitor_rc=0; 2026-05-23T21:16:29+08:00
[rl-monitor:formal] pid=287431 alive; episodes_jsonl=37400; monitor_rc=0; 2026-05-23T21:17:32+08:00
[rl-monitor:formal] pid=287431 alive; episodes_jsonl=37460; monitor_rc=0; 2026-05-23T21:18:36+08:00
[rl-monitor:formal] pid=287431 alive; episodes_jsonl=37516; monitor_rc=0; 2026-05-23T21:19:39+08:00
[rl-monitor:formal] pid=287431 alive; episodes_jsonl=37573; monitor_rc=0; 2026-05-23T21:20:43+08:00
[rl-monitor:formal] pid=287431 alive; episodes_jsonl=37632; monitor_rc=0; 2026-05-23T21:21:47+08:00
[rl-monitor:formal] pid=287431 alive; episodes_jsonl=37688; monitor_rc=0; 2026-05-23T21:22:51+08:00
[rl-monitor:formal] pid=287431 alive; episodes_jsonl=37752; monitor_rc=0; 2026-05-23T21:23:55+08:00
[rl-monitor:formal] pid=287431 alive; episodes_jsonl=37808; monitor_rc=0; 2026-05-23T21:24:58+08:00
[rl-monitor:formal] pid=287431 alive; episodes_jsonl=37868; monitor_rc=0; 2026-05-23T21:26:02+08:00
[rl-monitor:formal] pid=287431 alive; episodes_jsonl=37924; monitor_rc=0; 2026-05-23T21:27:06+08:00
[rl-monitor:formal] pid=287431 alive; episodes_jsonl=37982; monitor_rc=0; 2026-05-23T21:28:09+08:00
[rl-monitor:formal] pid=287431 alive; episodes_jsonl=38040; monitor_rc=0; 2026-05-23T21:29:12+08:00
[rl-monitor:formal] pid=287431 alive; episodes_jsonl=38100; monitor_rc=0; 2026-05-23T21:30:16+08:00
[rl-monitor:formal] pid=287431 alive; episodes_jsonl=38160; monitor_rc=0; 2026-05-23T21:31:19+08:00
[rl-monitor:formal] pid=287431 alive; episodes_jsonl=38220; monitor_rc=0; 2026-05-23T21:32:23+08:00
[rl-monitor:formal] pid=287431 alive; episodes_jsonl=38280; monitor_rc=0; 2026-05-23T21:33:27+08:00
[rl-monitor:formal] pid=287431 alive; episodes_jsonl=38340; monitor_rc=0; 2026-05-23T21:34:31+08:00
[rl-monitor:formal] pid=287431 alive; episodes_jsonl=38400; monitor_rc=0; 2026-05-23T21:35:34+08:00
[rl-monitor:formal] pid=287431 alive; episodes_jsonl=38460; monitor_rc=0; 2026-05-23T21:36:37+08:00
[rl-monitor:formal] pid=287431 alive; episodes_jsonl=38520; monitor_rc=0; 2026-05-23T21:37:40+08:00
[rl-monitor:formal] pid=287431 alive; episodes_jsonl=38580; monitor_rc=0; 2026-05-23T21:38:44+08:00
[rl-monitor:formal] pid=287431 alive; episodes_jsonl=38636; monitor_rc=0; 2026-05-23T21:39:47+08:00
[rl-monitor:formal] pid=287431 alive; episodes_jsonl=38696; monitor_rc=0; 2026-05-23T21:40:50+08:00
[rl-monitor:formal] pid=287431 alive; episodes_jsonl=38751; monitor_rc=0; 2026-05-23T21:41:54+08:00
[rl-monitor:formal] pid=287431 alive; episodes_jsonl=38812; monitor_rc=0; 2026-05-23T21:42:58+08:00
[rl-monitor:formal] pid=287431 alive; episodes_jsonl=38872; monitor_rc=0; 2026-05-23T21:44:02+08:00
[rl-monitor:formal] pid=287431 alive; episodes_jsonl=38932; monitor_rc=0; 2026-05-23T21:45:06+08:00
[rl-monitor:formal] pid=287431 alive; episodes_jsonl=38992; monitor_rc=0; 2026-05-23T21:46:10+08:00
[rl-monitor:formal] pid=287431 alive; episodes_jsonl=39048; monitor_rc=0; 2026-05-23T21:47:14+08:00
[rl-monitor:formal] pid=287431 alive; episodes_jsonl=39104; monitor_rc=0; 2026-05-23T21:48:17+08:00
[rl-monitor:formal] pid=287431 alive; episodes_jsonl=39164; monitor_rc=0; 2026-05-23T21:49:21+08:00
[rl-monitor:formal] pid=287431 alive; episodes_jsonl=39224; monitor_rc=0; 2026-05-23T21:50:25+08:00
[rl-monitor:formal] pid=287431 alive; episodes_jsonl=39288; monitor_rc=0; 2026-05-23T21:51:29+08:00
[rl-monitor:formal] pid=287431 alive; episodes_jsonl=39348; monitor_rc=0; 2026-05-23T21:52:33+08:00
[rl-monitor:formal] pid=287431 alive; episodes_jsonl=39404; monitor_rc=0; 2026-05-23T21:53:37+08:00
[rl-monitor:formal] pid=287431 alive; episodes_jsonl=39464; monitor_rc=0; 2026-05-23T21:54:41+08:00
[rl-monitor:formal] pid=287431 alive; episodes_jsonl=39520; monitor_rc=0; 2026-05-23T21:55:44+08:00
[rl-monitor:formal] pid=287431 alive; episodes_jsonl=39580; monitor_rc=0; 2026-05-23T21:56:48+08:00
[rl-monitor:formal] pid=287431 alive; episodes_jsonl=39632; monitor_rc=0; 2026-05-23T21:57:52+08:00
[rl-monitor:formal] pid=287431 alive; episodes_jsonl=39692; monitor_rc=0; 2026-05-23T21:58:56+08:00
[rl-monitor:formal] pid=287431 alive; episodes_jsonl=39748; monitor_rc=0; 2026-05-23T22:00:00+08:00
[rl-monitor:formal] pid=287431 alive; episodes_jsonl=39804; monitor_rc=0; 2026-05-23T22:01:04+08:00
[rl-monitor:formal] pid=287431 alive; episodes_jsonl=39860; monitor_rc=0; 2026-05-23T22:02:08+08:00
[rl-monitor:formal] pid=287431 alive; episodes_jsonl=39920; monitor_rc=0; 2026-05-23T22:03:12+08:00
[rl-monitor:formal] pid=287431 alive; episodes_jsonl=39980; monitor_rc=0; 2026-05-23T22:04:16+08:00
[rl-monitor:formal] pid=287431 alive; episodes_jsonl=40036; monitor_rc=0; 2026-05-23T22:05:20+08:00
[rl-monitor:formal] pid=287431 alive; episodes_jsonl=40096; monitor_rc=0; 2026-05-23T22:06:23+08:00
[rl-monitor:formal] pid=287431 alive; episodes_jsonl=40160; monitor_rc=0; 2026-05-23T22:07:27+08:00
[rl-monitor:formal] pid=287431 alive; episodes_jsonl=40216; monitor_rc=0; 2026-05-23T22:08:30+08:00
[rl-monitor:formal] pid=287431 alive; episodes_jsonl=40280; monitor_rc=0; 2026-05-23T22:09:34+08:00
[rl-monitor:formal] pid=287431 alive; episodes_jsonl=40336; monitor_rc=0; 2026-05-23T22:10:37+08:00
[rl-monitor:formal] pid=287431 alive; episodes_jsonl=40396; monitor_rc=0; 2026-05-23T22:11:41+08:00
[rl-monitor:formal] pid=287431 alive; episodes_jsonl=40456; monitor_rc=0; 2026-05-23T22:12:45+08:00
[rl-monitor:formal] pid=287431 alive; episodes_jsonl=40512; monitor_rc=0; 2026-05-23T22:13:49+08:00
[rl-monitor:formal] pid=287431 alive; episodes_jsonl=40572; monitor_rc=0; 2026-05-23T22:14:53+08:00
[rl-monitor:formal] pid=287431 alive; episodes_jsonl=40632; monitor_rc=0; 2026-05-23T22:15:57+08:00
[rl-monitor:formal] pid=287431 alive; episodes_jsonl=40688; monitor_rc=0; 2026-05-23T22:17:01+08:00
[rl-monitor:formal] pid=287431 alive; episodes_jsonl=40748; monitor_rc=0; 2026-05-23T22:18:05+08:00
[rl-monitor:formal] pid=287431 alive; episodes_jsonl=40808; monitor_rc=0; 2026-05-23T22:19:09+08:00
[rl-monitor:formal] pid=287431 alive; episodes_jsonl=40868; monitor_rc=0; 2026-05-23T22:20:13+08:00
[rl-monitor:formal] pid=287431 alive; episodes_jsonl=40928; monitor_rc=0; 2026-05-23T22:21:16+08:00
[rl-monitor:formal] pid=287431 alive; episodes_jsonl=40988; monitor_rc=0; 2026-05-23T22:22:21+08:00
[rl-monitor:formal] pid=287431 alive; episodes_jsonl=41044; monitor_rc=0; 2026-05-23T22:23:25+08:00
[rl-monitor:formal] pid=287431 alive; episodes_jsonl=41104; monitor_rc=0; 2026-05-23T22:24:29+08:00
[rl-monitor:formal] pid=287431 alive; episodes_jsonl=41164; monitor_rc=0; 2026-05-23T22:25:33+08:00
[rl-monitor:formal] pid=287431 alive; episodes_jsonl=41220; monitor_rc=0; 2026-05-23T22:26:37+08:00
[rl-monitor:formal] pid=287431 alive; episodes_jsonl=41280; monitor_rc=0; 2026-05-23T22:27:41+08:00
[rl-monitor:formal] pid=287431 alive; episodes_jsonl=41340; monitor_rc=0; 2026-05-23T22:28:45+08:00
[rl-monitor:formal] pid=287431 alive; episodes_jsonl=41400; monitor_rc=0; 2026-05-23T22:29:49+08:00
[rl-monitor:formal] pid=287431 alive; episodes_jsonl=41460; monitor_rc=0; 2026-05-23T22:30:53+08:00
[rl-monitor:formal] pid=287431 alive; episodes_jsonl=41520; monitor_rc=0; 2026-05-23T22:31:57+08:00
[rl-monitor:formal] pid=287431 alive; episodes_jsonl=41580; monitor_rc=0; 2026-05-23T22:33:01+08:00
[rl-monitor:formal] pid=287431 alive; episodes_jsonl=41640; monitor_rc=0; 2026-05-23T22:34:05+08:00
[rl-monitor:formal] pid=287431 alive; episodes_jsonl=41700; monitor_rc=0; 2026-05-23T22:35:08+08:00
[rl-monitor:formal] pid=287431 alive; episodes_jsonl=41760; monitor_rc=0; 2026-05-23T22:36:12+08:00
[rl-monitor:formal] pid=287431 alive; episodes_jsonl=41820; monitor_rc=0; 2026-05-23T22:37:15+08:00
[rl-monitor:formal] pid=287431 alive; episodes_jsonl=41880; monitor_rc=0; 2026-05-23T22:38:19+08:00
[rl-monitor:formal] pid=287431 alive; episodes_jsonl=41940; monitor_rc=0; 2026-05-23T22:39:23+08:00
[rl-monitor:formal] pid=287431 alive; episodes_jsonl=42000; monitor_rc=0; 2026-05-23T22:40:28+08:00
[rl-monitor:formal] pid=287431 alive; episodes_jsonl=42060; monitor_rc=0; 2026-05-23T22:41:32+08:00
[rl-monitor:formal] pid=287431 alive; episodes_jsonl=42120; monitor_rc=0; 2026-05-23T22:42:36+08:00
[rl-monitor:formal] pid=287431 alive; episodes_jsonl=42180; monitor_rc=0; 2026-05-23T22:43:40+08:00
[rl-monitor:formal] pid=287431 alive; episodes_jsonl=42240; monitor_rc=0; 2026-05-23T22:44:43+08:00
[rl-monitor:formal] pid=287431 alive; episodes_jsonl=42300; monitor_rc=0; 2026-05-23T22:45:47+08:00
[rl-monitor:formal] pid=287431 alive; episodes_jsonl=42360; monitor_rc=0; 2026-05-23T22:46:51+08:00
[rl-monitor:formal] pid=287431 alive; episodes_jsonl=42420; monitor_rc=0; 2026-05-23T22:47:55+08:00
[rl-monitor:formal] pid=287431 alive; episodes_jsonl=42480; monitor_rc=0; 2026-05-23T22:48:59+08:00
[rl-monitor:formal] pid=287431 alive; episodes_jsonl=42540; monitor_rc=0; 2026-05-23T22:50:03+08:00
[rl-monitor:formal] pid=287431 alive; episodes_jsonl=42600; monitor_rc=0; 2026-05-23T22:51:07+08:00
[rl-monitor:formal] pid=287431 alive; episodes_jsonl=42660; monitor_rc=0; 2026-05-23T22:52:11+08:00
[rl-monitor:formal] pid=287431 alive; episodes_jsonl=42720; monitor_rc=0; 2026-05-23T22:53:15+08:00
[rl-monitor:formal] pid=287431 alive; episodes_jsonl=42780; monitor_rc=0; 2026-05-23T22:54:19+08:00
[rl-monitor:formal] pid=287431 alive; episodes_jsonl=42840; monitor_rc=0; 2026-05-23T22:55:23+08:00
[rl-monitor:formal] pid=287431 alive; episodes_jsonl=42900; monitor_rc=0; 2026-05-23T22:56:27+08:00
[rl-monitor:formal] pid=287431 alive; episodes_jsonl=42960; monitor_rc=0; 2026-05-23T22:57:31+08:00
[rl-monitor:formal] pid=287431 alive; episodes_jsonl=43020; monitor_rc=0; 2026-05-23T22:58:35+08:00
[rl-monitor:formal] pid=287431 alive; episodes_jsonl=43080; monitor_rc=0; 2026-05-23T22:59:39+08:00
[rl-monitor:formal] pid=287431 alive; episodes_jsonl=43140; monitor_rc=0; 2026-05-23T23:00:42+08:00
[rl-monitor:formal] pid=287431 alive; episodes_jsonl=43200; monitor_rc=0; 2026-05-23T23:01:46+08:00
[rl-monitor:formal] pid=287431 alive; episodes_jsonl=43256; monitor_rc=0; 2026-05-23T23:02:50+08:00
[rl-monitor:formal] pid=287431 alive; episodes_jsonl=43316; monitor_rc=0; 2026-05-23T23:03:54+08:00
[rl-monitor:formal] pid=287431 alive; episodes_jsonl=43376; monitor_rc=0; 2026-05-23T23:04:58+08:00
[rl-monitor:formal] pid=287431 alive; episodes_jsonl=43432; monitor_rc=0; 2026-05-23T23:06:02+08:00
[rl-monitor:formal] pid=287431 alive; episodes_jsonl=43492; monitor_rc=0; 2026-05-23T23:07:05+08:00
[rl-monitor:formal] pid=287431 alive; episodes_jsonl=43548; monitor_rc=0; 2026-05-23T23:08:09+08:00
[rl-monitor:formal] pid=287431 alive; episodes_jsonl=43608; monitor_rc=0; 2026-05-23T23:09:12+08:00
[rl-monitor:formal] pid=287431 alive; episodes_jsonl=43668; monitor_rc=0; 2026-05-23T23:10:16+08:00
[rl-monitor:formal] pid=287431 alive; episodes_jsonl=43732; monitor_rc=0; 2026-05-23T23:11:21+08:00
[rl-monitor:formal] pid=287431 alive; episodes_jsonl=43792; monitor_rc=0; 2026-05-23T23:12:24+08:00
[rl-monitor:formal] pid=287431 alive; episodes_jsonl=43848; monitor_rc=0; 2026-05-23T23:13:28+08:00
[rl-monitor:formal] pid=287431 alive; episodes_jsonl=43904; monitor_rc=0; 2026-05-23T23:14:32+08:00
[rl-monitor:formal] pid=287431 alive; episodes_jsonl=43964; monitor_rc=0; 2026-05-23T23:15:36+08:00
[rl-monitor:formal] pid=287431 alive; episodes_jsonl=44028; monitor_rc=0; 2026-05-23T23:16:40+08:00
[rl-monitor:formal] pid=287431 alive; episodes_jsonl=44088; monitor_rc=0; 2026-05-23T23:17:44+08:00
[rl-monitor:formal] pid=287431 alive; episodes_jsonl=44148; monitor_rc=0; 2026-05-23T23:18:48+08:00
[rl-monitor:formal] pid=287431 alive; episodes_jsonl=44208; monitor_rc=0; 2026-05-23T23:19:52+08:00
[rl-monitor:formal] pid=287431 alive; episodes_jsonl=44268; monitor_rc=0; 2026-05-23T23:20:56+08:00
[rl-monitor:formal] pid=287431 alive; episodes_jsonl=44328; monitor_rc=0; 2026-05-23T23:22:00+08:00
[rl-monitor:formal] pid=287431 alive; episodes_jsonl=44388; monitor_rc=0; 2026-05-23T23:23:04+08:00
[rl-monitor:formal] pid=287431 alive; episodes_jsonl=44444; monitor_rc=0; 2026-05-23T23:24:09+08:00
[rl-monitor:formal] pid=287431 alive; episodes_jsonl=44504; monitor_rc=0; 2026-05-23T23:25:13+08:00
[rl-monitor:formal] pid=287431 alive; episodes_jsonl=44564; monitor_rc=0; 2026-05-23T23:26:18+08:00
[rl-monitor:formal] pid=287431 alive; episodes_jsonl=44628; monitor_rc=0; 2026-05-23T23:27:23+08:00
[rl-monitor:formal] pid=287431 alive; episodes_jsonl=44692; monitor_rc=0; 2026-05-23T23:28:27+08:00
[rl-monitor:formal] pid=287431 alive; episodes_jsonl=44752; monitor_rc=0; 2026-05-23T23:29:31+08:00
[rl-monitor:formal] pid=287431 alive; episodes_jsonl=44816; monitor_rc=0; 2026-05-23T23:30:36+08:00
[rl-monitor:formal] pid=287431 alive; episodes_jsonl=44876; monitor_rc=0; 2026-05-23T23:31:40+08:00
[rl-monitor:formal] pid=287431 alive; episodes_jsonl=44940; monitor_rc=0; 2026-05-23T23:32:43+08:00
[rl-monitor:formal] pid=287431 alive; episodes_jsonl=45000; monitor_rc=0; 2026-05-23T23:33:48+08:00
[rl-monitor:formal] pid=287431 alive; episodes_jsonl=45056; monitor_rc=0; 2026-05-23T23:34:51+08:00
[rl-monitor:formal] pid=287431 alive; episodes_jsonl=45116; monitor_rc=0; 2026-05-23T23:35:56+08:00
[rl-monitor:formal] pid=287431 alive; episodes_jsonl=45176; monitor_rc=0; 2026-05-23T23:37:00+08:00
[rl-monitor:formal] pid=287431 alive; episodes_jsonl=45240; monitor_rc=0; 2026-05-23T23:38:04+08:00
[rl-monitor:formal] pid=287431 alive; episodes_jsonl=45300; monitor_rc=0; 2026-05-23T23:39:07+08:00
[rl-monitor:formal] pid=287431 alive; episodes_jsonl=45360; monitor_rc=0; 2026-05-23T23:40:12+08:00
[rl-monitor:formal] pid=287431 alive; episodes_jsonl=45420; monitor_rc=0; 2026-05-23T23:41:16+08:00
[rl-monitor:formal] pid=287431 alive; episodes_jsonl=45480; monitor_rc=0; 2026-05-23T23:42:19+08:00
[rl-monitor:formal] pid=287431 alive; episodes_jsonl=45540; monitor_rc=0; 2026-05-23T23:43:23+08:00
[rl-monitor:formal] pid=287431 alive; episodes_jsonl=45600; monitor_rc=0; 2026-05-23T23:44:28+08:00
[rl-monitor:formal] pid=287431 alive; episodes_jsonl=45660; monitor_rc=0; 2026-05-23T23:45:32+08:00
[rl-monitor:formal] pid=287431 alive; episodes_jsonl=45720; monitor_rc=0; 2026-05-23T23:46:36+08:00
[rl-monitor:formal] pid=287431 alive; episodes_jsonl=45780; monitor_rc=0; 2026-05-23T23:47:40+08:00
[rl-monitor:formal] pid=287431 alive; episodes_jsonl=45840; monitor_rc=0; 2026-05-23T23:48:44+08:00
[rl-monitor:formal] pid=287431 alive; episodes_jsonl=45900; monitor_rc=0; 2026-05-23T23:49:48+08:00
[rl-monitor:formal] pid=287431 alive; episodes_jsonl=45960; monitor_rc=0; 2026-05-23T23:50:53+08:00
[rl-monitor:formal] pid=287431 alive; episodes_jsonl=46020; monitor_rc=0; 2026-05-23T23:51:57+08:00
[rl-monitor:formal] pid=287431 alive; episodes_jsonl=46080; monitor_rc=0; 2026-05-23T23:53:02+08:00
[rl-monitor:formal] pid=287431 alive; episodes_jsonl=46144; monitor_rc=0; 2026-05-23T23:54:06+08:00
[rl-monitor:formal] pid=287431 alive; episodes_jsonl=46200; monitor_rc=0; 2026-05-23T23:55:10+08:00
[rl-monitor:formal] pid=287431 alive; episodes_jsonl=46260; monitor_rc=0; 2026-05-23T23:56:13+08:00
[rl-monitor:formal] pid=287431 alive; episodes_jsonl=46320; monitor_rc=0; 2026-05-23T23:57:17+08:00
[rl-monitor:formal] pid=287431 alive; episodes_jsonl=46380; monitor_rc=0; 2026-05-23T23:58:21+08:00
[rl-monitor:formal] pid=287431 alive; episodes_jsonl=46440; monitor_rc=0; 2026-05-23T23:59:26+08:00
[rl-monitor:formal] pid=287431 alive; episodes_jsonl=46500; monitor_rc=0; 2026-05-24T00:00:30+08:00
[rl-monitor:formal] pid=287431 alive; episodes_jsonl=46560; monitor_rc=0; 2026-05-24T00:01:34+08:00
[rl-monitor:formal] pid=287431 alive; episodes_jsonl=46620; monitor_rc=0; 2026-05-24T00:02:38+08:00
[rl-monitor:formal] pid=287431 alive; episodes_jsonl=46680; monitor_rc=0; 2026-05-24T00:03:43+08:00
[rl-monitor:formal] pid=287431 alive; episodes_jsonl=46744; monitor_rc=0; 2026-05-24T00:04:46+08:00
[rl-monitor:formal] pid=287431 alive; episodes_jsonl=46804; monitor_rc=0; 2026-05-24T00:05:50+08:00
[rl-monitor:formal] pid=287431 alive; episodes_jsonl=46868; monitor_rc=0; 2026-05-24T00:06:55+08:00
[rl-monitor:formal] pid=287431 alive; episodes_jsonl=46924; monitor_rc=0; 2026-05-24T00:07:59+08:00
[rl-monitor:formal] pid=287431 alive; episodes_jsonl=46984; monitor_rc=0; 2026-05-24T00:09:03+08:00
[rl-monitor:formal] pid=287431 alive; episodes_jsonl=47040; monitor_rc=0; 2026-05-24T00:10:08+08:00
[rl-monitor:formal] pid=287431 alive; episodes_jsonl=47104; monitor_rc=0; 2026-05-24T00:11:12+08:00
[rl-monitor:formal] pid=287431 alive; episodes_jsonl=47164; monitor_rc=0; 2026-05-24T00:12:17+08:00
[rl-monitor:formal] pid=287431 alive; episodes_jsonl=47224; monitor_rc=0; 2026-05-24T00:13:21+08:00
[rl-monitor:formal] pid=287431 alive; episodes_jsonl=47284; monitor_rc=0; 2026-05-24T00:14:25+08:00
[rl-monitor:formal] pid=287431 alive; episodes_jsonl=47348; monitor_rc=0; 2026-05-24T00:15:30+08:00
[rl-monitor:formal] pid=287431 alive; episodes_jsonl=47408; monitor_rc=0; 2026-05-24T00:16:34+08:00
[rl-monitor:formal] pid=287431 alive; episodes_jsonl=47468; monitor_rc=0; 2026-05-24T00:17:38+08:00
[rl-monitor:formal] pid=287431 alive; episodes_jsonl=47528; monitor_rc=0; 2026-05-24T00:18:42+08:00
[rl-monitor:formal] pid=287431 alive; episodes_jsonl=47588; monitor_rc=0; 2026-05-24T00:19:47+08:00
[rl-monitor:formal] pid=287431 alive; episodes_jsonl=47644; monitor_rc=0; 2026-05-24T00:20:51+08:00
[rl-monitor:formal] pid=287431 alive; episodes_jsonl=47700; monitor_rc=0; 2026-05-24T00:21:55+08:00
[rl-monitor:formal] pid=287431 alive; episodes_jsonl=47760; monitor_rc=0; 2026-05-24T00:22:59+08:00
[rl-monitor:formal] pid=287431 alive; episodes_jsonl=47820; monitor_rc=0; 2026-05-24T00:24:03+08:00
[rl-monitor:formal] pid=287431 alive; episodes_jsonl=47880; monitor_rc=0; 2026-05-24T00:25:08+08:00
[rl-monitor:formal] pid=287431 alive; episodes_jsonl=47944; monitor_rc=0; 2026-05-24T00:26:12+08:00
[rl-monitor:formal] pid=287431 alive; episodes_jsonl=48000; monitor_rc=0; 2026-05-24T00:27:17+08:00
[rl-monitor:formal] pid=287431 alive; episodes_jsonl=48064; monitor_rc=0; 2026-05-24T00:28:21+08:00
[rl-monitor:formal] pid=287431 alive; episodes_jsonl=48124; monitor_rc=0; 2026-05-24T00:29:26+08:00
[rl-monitor:formal] pid=287431 alive; episodes_jsonl=48188; monitor_rc=0; 2026-05-24T00:30:31+08:00
[rl-monitor:formal] pid=287431 alive; episodes_jsonl=48248; monitor_rc=0; 2026-05-24T00:31:35+08:00
[rl-monitor:formal] pid=287431 alive; episodes_jsonl=48308; monitor_rc=0; 2026-05-24T00:32:39+08:00
[rl-monitor:formal] pid=287431 alive; episodes_jsonl=48372; monitor_rc=0; 2026-05-24T00:33:44+08:00
[rl-monitor:formal] pid=287431 alive; episodes_jsonl=48428; monitor_rc=0; 2026-05-24T00:34:48+08:00
[rl-monitor:formal] pid=287431 alive; episodes_jsonl=48492; monitor_rc=0; 2026-05-24T00:35:53+08:00
[rl-monitor:formal] pid=287431 alive; episodes_jsonl=48552; monitor_rc=0; 2026-05-24T00:36:57+08:00
[rl-monitor:formal] pid=287431 alive; episodes_jsonl=48612; monitor_rc=0; 2026-05-24T00:38:02+08:00
[rl-monitor:formal] pid=287431 alive; episodes_jsonl=48672; monitor_rc=0; 2026-05-24T00:39:07+08:00
[rl-monitor:formal] pid=287431 alive; episodes_jsonl=48732; monitor_rc=0; 2026-05-24T00:40:11+08:00
[rl-monitor:formal] pid=287431 alive; episodes_jsonl=48792; monitor_rc=0; 2026-05-24T00:41:16+08:00
[rl-monitor:formal] pid=287431 alive; episodes_jsonl=48853; monitor_rc=0; 2026-05-24T00:42:20+08:00
[rl-monitor:formal] pid=287431 alive; episodes_jsonl=48912; monitor_rc=0; 2026-05-24T00:43:25+08:00
[rl-monitor:formal] pid=287431 alive; episodes_jsonl=48972; monitor_rc=0; 2026-05-24T00:44:29+08:00
[rl-monitor:formal] pid=287431 alive; episodes_jsonl=49032; monitor_rc=0; 2026-05-24T00:45:34+08:00
[rl-monitor:formal] pid=287431 alive; episodes_jsonl=49092; monitor_rc=0; 2026-05-24T00:46:38+08:00
[rl-monitor:formal] pid=287431 alive; episodes_jsonl=49156; monitor_rc=0; 2026-05-24T00:47:42+08:00
[rl-monitor:formal] pid=287431 alive; episodes_jsonl=49212; monitor_rc=0; 2026-05-24T00:48:46+08:00
[rl-monitor:formal] pid=287431 alive; episodes_jsonl=49276; monitor_rc=0; 2026-05-24T00:49:50+08:00
[rl-monitor:formal] pid=287431 alive; episodes_jsonl=49332; monitor_rc=0; 2026-05-24T00:50:54+08:00
[rl-monitor:formal] pid=287431 alive; episodes_jsonl=49392; monitor_rc=0; 2026-05-24T00:51:59+08:00
[rl-monitor:formal] pid=287431 alive; episodes_jsonl=49452; monitor_rc=0; 2026-05-24T00:53:02+08:00
[rl-monitor:formal] pid=287431 alive; episodes_jsonl=49516; monitor_rc=0; 2026-05-24T00:54:07+08:00
[rl-monitor:formal] pid=287431 alive; episodes_jsonl=49576; monitor_rc=0; 2026-05-24T00:55:11+08:00
[rl-monitor:formal] pid=287431 alive; episodes_jsonl=49636; monitor_rc=0; 2026-05-24T00:56:16+08:00
[rl-monitor:formal] pid=287431 alive; episodes_jsonl=49696; monitor_rc=0; 2026-05-24T00:57:21+08:00
[rl-monitor:formal] pid=287431 alive; episodes_jsonl=49760; monitor_rc=0; 2026-05-24T00:58:25+08:00
[rl-monitor:formal] pid=287431 alive; episodes_jsonl=49820; monitor_rc=0; 2026-05-24T00:59:30+08:00
[rl-monitor:formal] pid=287431 alive; episodes_jsonl=49884; monitor_rc=0; 2026-05-24T01:00:35+08:00
[rl-monitor:formal] pid=287431 alive; episodes_jsonl=49948; monitor_rc=0; 2026-05-24T01:01:39+08:00
[rl-monitor:formal] pid=287431 alive; episodes_jsonl=50008; monitor_rc=0; 2026-05-24T01:02:44+08:00
[rl-monitor:formal] pid=287431 alive; episodes_jsonl=50076; monitor_rc=0; 2026-05-24T01:03:49+08:00
[rl-monitor:formal] pid=287431 alive; episodes_jsonl=50136; monitor_rc=0; 2026-05-24T01:04:53+08:00
[rl-monitor:formal] pid=287431 alive; episodes_jsonl=50200; monitor_rc=0; 2026-05-24T01:05:58+08:00
[rl-monitor:formal] pid=287431 alive; episodes_jsonl=50264; monitor_rc=0; 2026-05-24T01:07:03+08:00
[rl-monitor:formal] pid=287431 alive; episodes_jsonl=50324; monitor_rc=0; 2026-05-24T01:08:07+08:00
[rl-monitor:formal] pid=287431 alive; episodes_jsonl=50384; monitor_rc=0; 2026-05-24T01:09:12+08:00
[rl-monitor:formal] pid=287431 alive; episodes_jsonl=50448; monitor_rc=0; 2026-05-24T01:10:16+08:00
[rl-monitor:formal] pid=287431 alive; episodes_jsonl=50508; monitor_rc=0; 2026-05-24T01:11:21+08:00
[rl-monitor:formal] pid=287431 alive; episodes_jsonl=50568; monitor_rc=0; 2026-05-24T01:12:25+08:00
[rl-monitor:formal] pid=287431 alive; episodes_jsonl=50632; monitor_rc=0; 2026-05-24T01:13:30+08:00
[rl-monitor:formal] pid=287431 alive; episodes_jsonl=50692; monitor_rc=0; 2026-05-24T01:14:35+08:00
[rl-monitor:formal] pid=287431 alive; episodes_jsonl=50752; monitor_rc=0; 2026-05-24T01:15:40+08:00
[rl-monitor:formal] pid=287431 alive; episodes_jsonl=50812; monitor_rc=0; 2026-05-24T01:16:45+08:00
[rl-monitor:formal] pid=287431 alive; episodes_jsonl=50872; monitor_rc=0; 2026-05-24T01:17:50+08:00
[rl-monitor:formal] pid=287431 alive; episodes_jsonl=50932; monitor_rc=0; 2026-05-24T01:18:55+08:00
[rl-monitor:formal] pid=287431 alive; episodes_jsonl=50996; monitor_rc=0; 2026-05-24T01:19:59+08:00
[rl-monitor:formal] pid=287431 alive; episodes_jsonl=51056; monitor_rc=0; 2026-05-24T01:21:05+08:00
[rl-monitor:formal] pid=287431 alive; episodes_jsonl=51120; monitor_rc=0; 2026-05-24T01:22:10+08:00
[rl-monitor:formal] pid=287431 alive; episodes_jsonl=51180; monitor_rc=0; 2026-05-24T01:23:15+08:00
[rl-monitor:formal] pid=287431 alive; episodes_jsonl=51240; monitor_rc=0; 2026-05-24T01:24:19+08:00
[rl-monitor:formal] pid=287431 alive; episodes_jsonl=51300; monitor_rc=0; 2026-05-24T01:25:23+08:00
[rl-monitor:formal] pid=287431 alive; episodes_jsonl=51360; monitor_rc=0; 2026-05-24T01:26:28+08:00
[rl-monitor:formal] pid=287431 alive; episodes_jsonl=51420; monitor_rc=0; 2026-05-24T01:27:32+08:00
[rl-monitor:formal] pid=287431 alive; episodes_jsonl=51480; monitor_rc=0; 2026-05-24T01:28:36+08:00
[rl-monitor:formal] pid=287431 alive; episodes_jsonl=51540; monitor_rc=0; 2026-05-24T01:29:40+08:00
[rl-monitor:formal] pid=287431 alive; episodes_jsonl=51600; monitor_rc=0; 2026-05-24T01:30:45+08:00
[rl-monitor:formal] pid=287431 alive; episodes_jsonl=51664; monitor_rc=0; 2026-05-24T01:31:50+08:00
[rl-monitor:formal] pid=287431 alive; episodes_jsonl=51724; monitor_rc=0; 2026-05-24T01:32:55+08:00
[rl-monitor:formal] pid=287431 alive; episodes_jsonl=51788; monitor_rc=0; 2026-05-24T01:33:59+08:00
[rl-monitor:formal] pid=287431 alive; episodes_jsonl=51848; monitor_rc=0; 2026-05-24T01:35:04+08:00
[rl-monitor:formal] pid=287431 alive; episodes_jsonl=51908; monitor_rc=0; 2026-05-24T01:36:09+08:00
[rl-monitor:formal] pid=287431 alive; episodes_jsonl=51972; monitor_rc=0; 2026-05-24T01:37:15+08:00
[rl-monitor:formal] pid=287431 alive; episodes_jsonl=52032; monitor_rc=0; 2026-05-24T01:38:19+08:00
[rl-monitor:formal] pid=287431 alive; episodes_jsonl=52096; monitor_rc=0; 2026-05-24T01:39:24+08:00
[rl-monitor:formal] pid=287431 alive; episodes_jsonl=52160; monitor_rc=0; 2026-05-24T01:40:29+08:00
[rl-monitor:formal] pid=287431 alive; episodes_jsonl=52220; monitor_rc=0; 2026-05-24T01:41:34+08:00
[rl-monitor:formal] pid=287431 alive; episodes_jsonl=52280; monitor_rc=0; 2026-05-24T01:42:39+08:00
[rl-monitor:formal] pid=287431 alive; episodes_jsonl=52340; monitor_rc=0; 2026-05-24T01:43:44+08:00
[rl-monitor:formal] pid=287431 alive; episodes_jsonl=52400; monitor_rc=0; 2026-05-24T01:44:49+08:00
[rl-monitor:formal] pid=287431 alive; episodes_jsonl=52460; monitor_rc=0; 2026-05-24T01:45:54+08:00
[rl-monitor:formal] pid=287431 alive; episodes_jsonl=52520; monitor_rc=0; 2026-05-24T01:46:59+08:00
[rl-monitor:formal] pid=287431 alive; episodes_jsonl=52580; monitor_rc=0; 2026-05-24T01:48:03+08:00
[rl-monitor:formal] pid=287431 alive; episodes_jsonl=52640; monitor_rc=0; 2026-05-24T01:49:08+08:00
[rl-monitor:formal] pid=287431 alive; episodes_jsonl=52700; monitor_rc=0; 2026-05-24T01:50:13+08:00
[rl-monitor:formal] pid=287431 alive; episodes_jsonl=52760; monitor_rc=0; 2026-05-24T01:51:17+08:00
[rl-monitor:formal] pid=287431 alive; episodes_jsonl=52820; monitor_rc=0; 2026-05-24T01:52:22+08:00
[rl-monitor:formal] pid=287431 alive; episodes_jsonl=52880; monitor_rc=0; 2026-05-24T01:53:27+08:00
[rl-monitor:formal] pid=287431 alive; episodes_jsonl=52944; monitor_rc=0; 2026-05-24T01:54:32+08:00
[rl-monitor:formal] pid=287431 alive; episodes_jsonl=53008; monitor_rc=0; 2026-05-24T01:55:37+08:00
[rl-monitor:formal] pid=287431 alive; episodes_jsonl=53072; monitor_rc=0; 2026-05-24T01:56:41+08:00
[rl-monitor:formal] pid=287431 alive; episodes_jsonl=53132; monitor_rc=0; 2026-05-24T01:57:46+08:00
[rl-monitor:formal] pid=287431 alive; episodes_jsonl=53192; monitor_rc=0; 2026-05-24T01:58:51+08:00
[rl-monitor:formal] pid=287431 alive; episodes_jsonl=53252; monitor_rc=0; 2026-05-24T01:59:56+08:00
[rl-monitor:formal] pid=287431 alive; episodes_jsonl=53312; monitor_rc=0; 2026-05-24T02:01:01+08:00
[rl-monitor:formal] pid=287431 alive; episodes_jsonl=53372; monitor_rc=0; 2026-05-24T02:02:06+08:00
[rl-monitor:formal] pid=287431 alive; episodes_jsonl=53432; monitor_rc=0; 2026-05-24T02:03:11+08:00
[rl-monitor:formal] pid=287431 alive; episodes_jsonl=53492; monitor_rc=0; 2026-05-24T02:04:16+08:00
[rl-monitor:formal] pid=287431 alive; episodes_jsonl=53556; monitor_rc=0; 2026-05-24T02:05:21+08:00
[rl-monitor:formal] pid=287431 alive; episodes_jsonl=53620; monitor_rc=0; 2026-05-24T02:06:26+08:00
[rl-monitor:formal] pid=287431 alive; episodes_jsonl=53684; monitor_rc=0; 2026-05-24T02:07:31+08:00
[rl-monitor:formal] pid=287431 alive; episodes_jsonl=53744; monitor_rc=0; 2026-05-24T02:08:36+08:00
[rl-monitor:formal] pid=287431 alive; episodes_jsonl=53808; monitor_rc=0; 2026-05-24T02:09:41+08:00
[rl-monitor:formal] pid=287431 alive; episodes_jsonl=53868; monitor_rc=0; 2026-05-24T02:10:46+08:00
[rl-monitor:formal] pid=287431 alive; episodes_jsonl=53928; monitor_rc=0; 2026-05-24T02:11:51+08:00
[rl-monitor:formal] pid=287431 alive; episodes_jsonl=53992; monitor_rc=0; 2026-05-24T02:12:57+08:00
[rl-monitor:formal] pid=287431 alive; episodes_jsonl=54056; monitor_rc=0; 2026-05-24T02:14:03+08:00
[rl-monitor:formal] pid=287431 alive; episodes_jsonl=54120; monitor_rc=0; 2026-05-24T02:15:08+08:00
[rl-monitor:formal] pid=287431 alive; episodes_jsonl=54180; monitor_rc=0; 2026-05-24T02:16:14+08:00
[rl-monitor:formal] pid=287431 alive; episodes_jsonl=54240; monitor_rc=0; 2026-05-24T02:17:18+08:00
[rl-monitor:formal] pid=287431 alive; episodes_jsonl=54300; monitor_rc=0; 2026-05-24T02:18:23+08:00
[rl-monitor:formal] pid=287431 alive; episodes_jsonl=54360; monitor_rc=0; 2026-05-24T02:19:28+08:00
[rl-monitor:formal] pid=287431 alive; episodes_jsonl=54420; monitor_rc=0; 2026-05-24T02:20:33+08:00
[rl-monitor:formal] pid=287431 alive; episodes_jsonl=54480; monitor_rc=0; 2026-05-24T02:21:38+08:00
[rl-monitor:formal] pid=287431 alive; episodes_jsonl=54540; monitor_rc=0; 2026-05-24T02:22:42+08:00
[rl-monitor:formal] pid=287431 alive; episodes_jsonl=54600; monitor_rc=0; 2026-05-24T02:23:47+08:00
[rl-monitor:formal] pid=287431 alive; episodes_jsonl=54660; monitor_rc=0; 2026-05-24T02:24:52+08:00
[rl-monitor:formal] pid=287431 alive; episodes_jsonl=54720; monitor_rc=0; 2026-05-24T02:25:56+08:00
[rl-monitor:formal] pid=287431 alive; episodes_jsonl=54780; monitor_rc=0; 2026-05-24T02:27:01+08:00
[rl-monitor:formal] pid=287431 alive; episodes_jsonl=54840; monitor_rc=0; 2026-05-24T02:28:07+08:00
[rl-monitor:formal] pid=287431 alive; episodes_jsonl=54900; monitor_rc=0; 2026-05-24T02:29:11+08:00
[rl-monitor:formal] pid=287431 alive; episodes_jsonl=54960; monitor_rc=0; 2026-05-24T02:30:17+08:00
[rl-monitor:formal] pid=287431 alive; episodes_jsonl=55020; monitor_rc=0; 2026-05-24T02:31:21+08:00
[rl-monitor:formal] pid=287431 alive; episodes_jsonl=55080; monitor_rc=0; 2026-05-24T02:32:27+08:00
[rl-monitor:formal] pid=287431 alive; episodes_jsonl=55140; monitor_rc=0; 2026-05-24T02:33:32+08:00
[rl-monitor:formal] pid=287431 alive; episodes_jsonl=55208; monitor_rc=0; 2026-05-24T02:34:37+08:00
[rl-monitor:formal] pid=287431 alive; episodes_jsonl=55272; monitor_rc=0; 2026-05-24T02:35:42+08:00
[rl-monitor:formal] pid=287431 alive; episodes_jsonl=55336; monitor_rc=0; 2026-05-24T02:36:47+08:00
[rl-monitor:formal] pid=287431 alive; episodes_jsonl=55396; monitor_rc=0; 2026-05-24T02:37:52+08:00
[rl-monitor:formal] pid=287431 alive; episodes_jsonl=55456; monitor_rc=0; 2026-05-24T02:38:57+08:00
[rl-monitor:formal] pid=287431 alive; episodes_jsonl=55516; monitor_rc=0; 2026-05-24T02:40:02+08:00
[rl-monitor:formal] pid=287431 alive; episodes_jsonl=55584; monitor_rc=0; 2026-05-24T02:41:07+08:00
[rl-monitor:formal] pid=287431 alive; episodes_jsonl=55648; monitor_rc=0; 2026-05-24T02:42:12+08:00
[rl-monitor:formal] pid=287431 alive; episodes_jsonl=55708; monitor_rc=0; 2026-05-24T02:43:16+08:00
[rl-monitor:formal] pid=287431 alive; episodes_jsonl=55768; monitor_rc=0; 2026-05-24T02:44:22+08:00
[rl-monitor:formal] pid=287431 alive; episodes_jsonl=55836; monitor_rc=0; 2026-05-24T02:45:27+08:00
[rl-monitor:formal] pid=287431 alive; episodes_jsonl=55896; monitor_rc=0; 2026-05-24T02:46:32+08:00
[rl-monitor:formal] pid=287431 alive; episodes_jsonl=55960; monitor_rc=0; 2026-05-24T02:47:37+08:00
[rl-monitor:formal] pid=287431 alive; episodes_jsonl=56020; monitor_rc=0; 2026-05-24T02:48:43+08:00
[rl-monitor:formal] pid=287431 alive; episodes_jsonl=56084; monitor_rc=0; 2026-05-24T02:49:48+08:00
[rl-monitor:formal] pid=287431 alive; episodes_jsonl=56144; monitor_rc=0; 2026-05-24T02:50:53+08:00
[rl-monitor:formal] pid=287431 alive; episodes_jsonl=56208; monitor_rc=0; 2026-05-24T02:51:58+08:00
[rl-monitor:formal] pid=287431 alive; episodes_jsonl=56272; monitor_rc=0; 2026-05-24T02:53:03+08:00
[rl-monitor:formal] pid=287431 alive; episodes_jsonl=56332; monitor_rc=0; 2026-05-24T02:54:08+08:00
[rl-monitor:formal] pid=287431 alive; episodes_jsonl=56400; monitor_rc=0; 2026-05-24T02:55:13+08:00
[rl-monitor:formal] pid=287431 alive; episodes_jsonl=56460; monitor_rc=0; 2026-05-24T02:56:18+08:00
[rl-monitor:formal] pid=287431 alive; episodes_jsonl=56520; monitor_rc=0; 2026-05-24T02:57:23+08:00
[rl-monitor:formal] pid=287431 alive; episodes_jsonl=56580; monitor_rc=0; 2026-05-24T02:58:28+08:00
[rl-monitor:formal] pid=287431 alive; episodes_jsonl=56640; monitor_rc=0; 2026-05-24T02:59:33+08:00
[rl-monitor:formal] pid=287431 alive; episodes_jsonl=56700; monitor_rc=0; 2026-05-24T03:00:37+08:00
[rl-monitor:formal] pid=287431 alive; episodes_jsonl=56760; monitor_rc=0; 2026-05-24T03:01:43+08:00
[rl-monitor:formal] pid=287431 alive; episodes_jsonl=56828; monitor_rc=0; 2026-05-24T03:02:48+08:00
[rl-monitor:formal] pid=287431 alive; episodes_jsonl=56888; monitor_rc=0; 2026-05-24T03:03:54+08:00
[rl-monitor:formal] pid=287431 alive; episodes_jsonl=56948; monitor_rc=0; 2026-05-24T03:04:59+08:00
[rl-monitor:formal] pid=287431 alive; episodes_jsonl=57012; monitor_rc=0; 2026-05-24T03:06:05+08:00
[rl-monitor:formal] pid=287431 alive; episodes_jsonl=57072; monitor_rc=0; 2026-05-24T03:07:10+08:00
[rl-monitor:formal] pid=287431 alive; episodes_jsonl=57132; monitor_rc=0; 2026-05-24T03:08:16+08:00
[rl-monitor:formal] pid=287431 alive; episodes_jsonl=57196; monitor_rc=0; 2026-05-24T03:09:21+08:00
[rl-monitor:formal] pid=287431 alive; episodes_jsonl=57256; monitor_rc=0; 2026-05-24T03:10:27+08:00
[rl-monitor:formal] pid=287431 alive; episodes_jsonl=57316; monitor_rc=0; 2026-05-24T03:11:32+08:00
[rl-monitor:formal] pid=287431 alive; episodes_jsonl=57380; monitor_rc=0; 2026-05-24T03:12:37+08:00
[rl-monitor:formal] pid=287431 alive; episodes_jsonl=57440; monitor_rc=0; 2026-05-24T03:13:43+08:00
[rl-monitor:formal] pid=287431 alive; episodes_jsonl=57500; monitor_rc=0; 2026-05-24T03:14:48+08:00
[rl-monitor:formal] pid=287431 alive; episodes_jsonl=57560; monitor_rc=0; 2026-05-24T03:15:53+08:00
[rl-monitor:formal] pid=287431 alive; episodes_jsonl=57624; monitor_rc=0; 2026-05-24T03:16:58+08:00
[rl-monitor:formal] pid=287431 alive; episodes_jsonl=57688; monitor_rc=0; 2026-05-24T03:18:04+08:00
[rl-monitor:formal] pid=287431 alive; episodes_jsonl=57744; monitor_rc=0; 2026-05-24T03:19:09+08:00
[rl-monitor:formal] pid=287431 alive; episodes_jsonl=57812; monitor_rc=0; 2026-05-24T03:20:14+08:00
[rl-monitor:formal] pid=287431 alive; episodes_jsonl=57872; monitor_rc=0; 2026-05-24T03:21:19+08:00
[rl-monitor:formal] pid=287431 alive; episodes_jsonl=57932; monitor_rc=0; 2026-05-24T03:22:25+08:00
[rl-monitor:formal] pid=287431 alive; episodes_jsonl=57996; monitor_rc=0; 2026-05-24T03:23:30+08:00
[rl-monitor:formal] pid=287431 alive; episodes_jsonl=58052; monitor_rc=0; 2026-05-24T03:24:36+08:00
[rl-monitor:formal] pid=287431 alive; episodes_jsonl=58120; monitor_rc=0; 2026-05-24T03:25:41+08:00
[rl-monitor:formal] pid=287431 alive; episodes_jsonl=58180; monitor_rc=0; 2026-05-24T03:26:46+08:00
[rl-monitor:formal] pid=287431 alive; episodes_jsonl=58248; monitor_rc=0; 2026-05-24T03:27:51+08:00
[rl-monitor:formal] pid=287431 alive; episodes_jsonl=58310; monitor_rc=0; 2026-05-24T03:28:57+08:00
[rl-monitor:formal] pid=287431 alive; episodes_jsonl=58368; monitor_rc=0; 2026-05-24T03:30:02+08:00
[rl-monitor:formal] pid=287431 alive; episodes_jsonl=58428; monitor_rc=0; 2026-05-24T03:31:07+08:00
[rl-monitor:formal] pid=287431 alive; episodes_jsonl=58492; monitor_rc=0; 2026-05-24T03:32:13+08:00
[rl-monitor:formal] pid=287431 alive; episodes_jsonl=58556; monitor_rc=0; 2026-05-24T03:33:18+08:00
[rl-monitor:formal] pid=287431 alive; episodes_jsonl=58620; monitor_rc=0; 2026-05-24T03:34:23+08:00
[rl-monitor:formal] pid=287431 alive; episodes_jsonl=58680; monitor_rc=0; 2026-05-24T03:35:28+08:00
[rl-monitor:formal] pid=287431 alive; episodes_jsonl=58740; monitor_rc=0; 2026-05-24T03:36:34+08:00
[rl-monitor:formal] pid=287431 alive; episodes_jsonl=58800; monitor_rc=0; 2026-05-24T03:37:39+08:00
[rl-monitor:formal] pid=287431 alive; episodes_jsonl=58860; monitor_rc=0; 2026-05-24T03:38:44+08:00
[rl-monitor:formal] pid=287431 alive; episodes_jsonl=58920; monitor_rc=0; 2026-05-24T03:39:49+08:00
[rl-monitor:formal] pid=287431 alive; episodes_jsonl=58980; monitor_rc=0; 2026-05-24T03:40:54+08:00
[rl-monitor:formal] pid=287431 alive; episodes_jsonl=59040; monitor_rc=0; 2026-05-24T03:41:59+08:00
[rl-monitor:formal] pid=287431 alive; episodes_jsonl=59100; monitor_rc=0; 2026-05-24T03:43:04+08:00
[rl-monitor:formal] pid=287431 alive; episodes_jsonl=59160; monitor_rc=0; 2026-05-24T03:44:10+08:00
[rl-monitor:formal] pid=287431 alive; episodes_jsonl=59220; monitor_rc=0; 2026-05-24T03:45:16+08:00
[rl-monitor:formal] pid=287431 alive; episodes_jsonl=59280; monitor_rc=0; 2026-05-24T03:46:21+08:00
[rl-monitor:formal] pid=287431 alive; episodes_jsonl=59340; monitor_rc=0; 2026-05-24T03:47:27+08:00
[rl-monitor:formal] pid=287431 alive; episodes_jsonl=59400; monitor_rc=0; 2026-05-24T03:48:32+08:00
[rl-monitor:formal] pid=287431 alive; episodes_jsonl=59460; monitor_rc=0; 2026-05-24T03:49:38+08:00
[rl-monitor:formal] pid=287431 alive; episodes_jsonl=59520; monitor_rc=0; 2026-05-24T03:50:43+08:00
[rl-monitor:formal] pid=287431 alive; episodes_jsonl=59580; monitor_rc=0; 2026-05-24T03:51:49+08:00
[rl-monitor:formal] pid=287431 alive; episodes_jsonl=59640; monitor_rc=0; 2026-05-24T03:52:55+08:00
[rl-monitor:formal] pid=287431 alive; episodes_jsonl=59700; monitor_rc=0; 2026-05-24T03:54:00+08:00
[rl-monitor:formal] pid=287431 alive; episodes_jsonl=59764; monitor_rc=0; 2026-05-24T03:55:07+08:00
[rl-monitor:formal] pid=287431 alive; episodes_jsonl=59824; monitor_rc=0; 2026-05-24T03:56:13+08:00
[rl-monitor:formal] pid=287431 alive; episodes_jsonl=59888; monitor_rc=0; 2026-05-24T03:57:19+08:00
[rl-monitor:formal] pid=287431 alive; episodes_jsonl=59952; monitor_rc=0; 2026-05-24T03:58:25+08:00
[rl:formal] background pid=287431 exited or was stopped
[monitor:formal] final rc=0

================================================================================
Step 5.5/6: final artifact copy
================================================================================

================================================================================
Step 6/6: best-effort git artifact publish
================================================================================
Author identity unknown

*** Please tell me who you are.

Run

  git config --global user.email "you@example.com"
  git config --global user.name "Your Name"

to set your account's default identity.
Omit --global to set the identity only in this repository.

fatal: unable to auto-detect email address (got 'root@I28ca072f1200a01074.(none)')
fatal: could not read Username for 'https://github.com': No such device or address
