model,scope,category,n_total,pct_zero,n_abs_gt_1,pct_abs_gt_1,n_abs_gt_10,pct_abs_gt_10,min,max,maxabs,"pct_(1e-08,1e-07]","pct_(1e-07,1e-06]","pct_(1e-06,1e-05]","pct_(1e-05,1e-04]","pct_(1e-04,1e-03]","pct_(1e-03,1e-02]","pct_(1e-02,1e-01]","pct_(1e-01,1e+00]","pct_(1e+00,1e+01]","pct_(1e+01,1e+02]"
GPT2-XL,ALL,Attn/O/bias,76800,0.0,5,0.006510416666666667,0,0.0,-1.6055467128753662,1.1596519947052002,1.6055467128753662,0.0,0.0,0.027343750000000003,0.22786458333333334,2.2083333333333335,21.25,74.82291666666666,1.45703125,0.006510416666666667,0.0
GPT2-XL,ALL,Attn/O/weight,122880000,0.0,538,0.0004378255208333333,0,0.0,-2.651146411895752,2.6857221126556396,2.6857221126556396,0.0002286783854166667,0.00199462890625,0.0209619140625,0.20718017578125,2.0756355794270833,20.33795572916667,76.24839762369791,1.1072078450520833,0.0004378255208333333,0.0
GPT2-XL,ALL,Attn/QKV/bias,230400,0.0,19,0.008246527777777778,0,0.0,-1.3994873762130737,1.3366050720214844,1.3994873762130737,0.00043402777777777775,0.00390625,0.018663194444444444,0.2625868055555556,2.4348958333333335,21.62282986111111,68.65668402777779,6.991753472222221,0.008246527777777778,0.0
GPT2-XL,ALL,Attn/QKV/weight,368640000,0.0,0,0.0,0,0.0,-0.6273059844970703,0.5996444821357727,0.6273059844970703,0.0002023654513888889,0.0019148763020833332,0.018893771701388888,0.18906901041666666,1.8867461480034722,18.539628363715277,77.14073079427082,2.222814670138889,0.0,0.0
GPT2-XL,ALL,Classifier/weight,3200,0.0,0,0.0,0,0.0,-0.07988659292459488,0.06392437219619751,0.07988659292459488,0.0,0.0,0.0,0.34375,3.5937499999999996,33.59375,62.46874999999999,0.0,0.0,0.0
GPT2-XL,ALL,Embeddings/wpe/weight,1638400,0.0,4,0.000244140625,0,0.0,-2.0572683811187744,1.2746992111206055,2.0572683811187744,0.002197265625,0.019775390625,0.20086669921874997,2.0308837890625,20.039306640625,68.33160400390625,8.9425048828125,0.4326171875,0.000244140625,0.0
GPT2-XL,ALL,Embeddings/wte/weight,80411200,0.0,0,0.0,0,0.0,-0.32496488094329834,0.38547345995903015,0.38547345995903015,0.000206438904033269,0.001543317348827029,0.015428199056847803,0.15555668862049069,1.5610275682989434,15.485010794516189,78.57054116839444,4.210685824860218,0.0,0.0
GPT2-XL,ALL,FFN/Intermediate/bias,307200,0.0,0,0.0,0,0.0,-0.9318952560424805,0.3870481550693512,0.9318952560424805,0.0,0.0006510416666666667,0.015299479166666668,0.1318359375,1.3356119791666665,14.476236979166668,83.8359375,0.20442708333333331,0.0,0.0
GPT2-XL,ALL,FFN/Intermediate/weight,491520000,0.0,18,3.662109375e-06,0,0.0,-1.8951003551483154,1.3072863817214966,1.8951003551483154,0.00020650227864583333,0.0018731689453125,0.0185479736328125,0.18522664388020835,1.856386922200521,18.32525187174479,78.46549214680991,1.1470111083984376,3.662109375e-06,0.0
GPT2-XL,ALL,FFN/Output/bias,76800,0.0,0,0.0,0,0.0,-0.9960546493530273,0.5804567337036133,0.9960546493530273,0.0,0.002604166666666667,0.01953125,0.17317708333333334,1.875,18.502604166666668,77.5859375,1.8411458333333333,0.0,0.0
GPT2-XL,ALL,FFN/Output/weight,491520000,0.0,1061,0.00021586100260416666,0,0.0,-3.1475744247436523,5.822105884552002,5.822105884552002,0.00021362304687500003,0.0018644205729166667,0.0185687255859375,0.1857354736328125,1.853748575846354,18.279480590820313,77.63970479329427,2.0204679361979165,0.00021586100260416666,0.0
GPT2-XL,ALL,LayerNorm/ln_1/bias,76800,0.0,0,0.0,0,0.0,-0.5381181240081787,0.9785096645355225,0.9785096645355225,0.0013020833333333335,0.0,0.0234375,0.21223958333333334,2.197916666666667,21.2578125,73.81380208333333,2.4934895833333335,0.0,0.0
GPT2-XL,ALL,LayerNorm/ln_1/weight,76800,0.0,32,0.041666666666666664,0,0.0,0.010799073614180088,1.4735116958618164,1.4735116958618164,0.0,0.0,0.0,0.0,0.0,0.0,1.1575520833333333,98.80078125,0.04166666666666667,0.0
GPT2-XL,ALL,LayerNorm/ln_2/bias,76800,0.0,0,0.0,0,0.0,-0.6862857937812805,0.7845541834831238,0.7845541834831238,0.0,0.0,0.009114583333333334,0.17447916666666666,1.4778645833333333,14.399739583333334,78.56901041666666,5.369791666666666,0.0,0.0
GPT2-XL,ALL,LayerNorm/ln_2/weight,76800,0.0,468,0.609375,0,0.0,-0.00016341418086085469,1.0894138813018799,1.0894138813018799,0.0,0.0,0.0,0.0013020833333333335,0.0078125,0.015625,0.03515625,99.33072916666667,0.609375,0.0
GPT2-XL,ALL,LayerNorm/ln_f/bias,1600,0.0,0,0.0,0,0.0,-0.5794395208358765,0.574068009853363,0.5794395208358765,0.0,0.0,0.0,0.125,0.8750000000000001,9.875,77.125,12.0,0.0,0.0
GPT2-XL,ALL,LayerNorm/ln_f/weight,1600,0.0,1593,99.5625,0,0.0,0.07455503195524216,1.9793044328689575,1.9793044328689575,0.0,0.0,0.0,0.0,0.0,0.0,0.0625,0.375,99.5625,0.0
GPT2-XL,L0,Attn/O/bias,1600,0.0,0,0.0,0,0.0,-0.3407019078731537,0.25347432494163513,0.3407019078731537,0.0,0.0,0.3125,1.7500000000000002,12.875,73.9375,10.9375,0.1875,0.0,0.0
GPT2-XL,L0,Attn/O/weight,2560000,0.0,0,0.0,0,0.0,-0.8678604960441589,0.8559549450874329,0.8678604960441589,0.0004296875,0.0044140625,0.0491015625,0.5116406250000001,5.073046875,45.8235546875,48.44796875,0.08984375,0.0,0.0
GPT2-XL,L0,Attn/QKV/bias,4800,0.0,0,0.0,0,0.0,-0.7783761620521545,0.8030630946159363,0.8030630946159363,0.0,0.0,0.10416666666666667,1.25,11.354166666666666,27.145833333333336,32.416666666666664,27.729166666666664,0.0,0.0
GPT2-XL,L0,Attn/QKV/weight,7680000,0.0,0,0.0,0,0.0,-0.6273059844970703,0.5996444821357727,0.6273059844970703,0.0003125,0.0024609375,0.024531249999999998,0.24225260416666666,2.4097265625,22.214505208333332,66.41356770833333,8.692643229166666,0.0,0.0
GPT2-XL,L0,FFN/Intermediate/bias,6400,0.0,0,0.0,0,0.0,-0.15701498091220856,0.14499719440937042,0.15701498091220856,0.0,0.0,0.0,0.0,0.10937500000000001,1.375,98.0625,0.45312499999999994,0.0,0.0
GPT2-XL,L0,FFN/Intermediate/weight,10240000,0.0,1,9.765625e-06,0,0.0,-1.2951196432113647,0.30507194995880127,1.2951196432113647,0.000244140625,0.0024511718750000002,0.019638671875,0.203525390625,2.049111328125,20.168994140625,76.866982421875,0.6890429687499999,9.765625e-06,0.0
GPT2-XL,L0,FFN/Output/bias,1600,0.0,0,0.0,0,0.0,-0.7351345419883728,0.29387927055358887,0.7351345419883728,0.0,0.0,0.0,0.1875,1.5625,13.8125,81.125,3.3125,0.0,0.0
GPT2-XL,L0,FFN/Output/weight,10240000,0.0,20,0.0001953125,0,0.0,-1.5319677591323853,1.1977877616882324,1.5319677591323853,0.00029296875,0.0027734375000000003,0.027646484375000002,0.27333984375,2.727978515625,26.570234375000002,70.34404296875,0.053496093749999994,0.0001953125,0.0
GPT2-XL,L0,LayerNorm/ln_1/bias,1600,0.0,0,0.0,0,0.0,-0.09417698532342911,0.11836279183626175,0.11836279183626175,0.0,0.0,0.125,1.0,8.875,66.1875,23.6875,0.125,0.0,0.0
GPT2-XL,L0,LayerNorm/ln_1/weight,1600,0.0,0,0.0,0,0.0,0.010799073614180088,0.2518339455127716,0.2518339455127716,0.0,0.0,0.0,0.0,0.0,0.0,54.5625,45.4375,0.0,0.0
GPT2-XL,L0,LayerNorm/ln_2/bias,1600,0.0,0,0.0,0,0.0,-0.32330310344696045,0.4758301377296448,0.4758301377296448,0.0,0.0,0.0,0.0,0.9375,7.062499999999999,72.5,19.5,0.0,0.0
GPT2-XL,L0,LayerNorm/ln_2/weight,1600,0.0,0,0.0,0,0.0,0.04577145725488663,0.5552377700805664,0.5552377700805664,0.0,0.0,0.0,0.0,0.0,0.0,0.1875,99.8125,0.0,0.0
GPT2-XL,L10,Attn/O/bias,1600,0.0,0,0.0,0,0.0,-0.12197333574295044,0.32714858651161194,0.32714858651161194,0.0,0.0,0.0,0.0625,3.0,25.624999999999996,71.0625,0.25,0.0,0.0
GPT2-XL,L10,Attn/O/weight,2560000,0.0,0,0.0,0,0.0,-0.2941144108772278,0.3796253800392151,0.3796253800392151,0.00027343749999999997,0.0019921875,0.0231640625,0.23804687500000002,2.360234375,23.142265625,74.02953125,0.20449218749999998,0.0,0.0
GPT2-XL,L10,Attn/QKV/bias,4800,0.0,0,0.0,0,0.0,-0.3219741880893707,0.33019495010375977,0.33019495010375977,0.0,0.0,0.020833333333333336,0.375,2.979166666666667,22.895833333333336,63.79166666666667,9.9375,0.0,0.0
GPT2-XL,L10,Attn/QKV/weight,7680000,0.0,0,0.0,0,0.0,-0.26824095845222473,0.2955986261367798,0.2955986261367798,0.00018229166666666667,0.0017057291666666666,0.019244791666666667,0.18674479166666666,1.859921875,18.24609375,76.89908854166667,2.7870182291666667,0.0,0.0
GPT2-XL,L10,FFN/Intermediate/bias,6400,0.0,0,0.0,0,0.0,-0.1491449773311615,0.20639796555042267,0.20639796555042267,0.0,0.0,0.015625,0.09375,0.984375,10.40625,88.140625,0.359375,0.0,0.0
GPT2-XL,L10,FFN/Intermediate/weight,10240000,0.0,1,9.765625e-06,0,0.0,-1.017160415649414,0.6013601422309875,1.017160415649414,0.000234375,0.002177734375,0.018320312499999998,0.182861328125,1.855849609375,18.354599609375,78.412265625,1.173681640625,9.765625e-06,0.0
GPT2-XL,L10,FFN/Output/bias,1600,0.0,0,0.0,0,0.0,-0.34729617834091187,0.2234032154083252,0.34729617834091187,0.0,0.0,0.0625,0.3125,1.875,20.5625,76.4375,0.75,0.0,0.0
GPT2-XL,L10,FFN/Output/weight,10240000,0.0,38,0.00037109375,0,0.0,-2.2723135948181152,0.8554388284683228,2.2723135948181152,0.00016601562499999998,0.00212890625,0.02134765625,0.21102539062499998,2.13466796875,20.943291015625,76.104306640625,0.5826953125000001,0.00037109375,0.0
GPT2-XL,L10,LayerNorm/ln_1/bias,1600,0.0,0,0.0,0,0.0,-0.40723395347595215,0.46709924936294556,0.46709924936294556,0.0,0.0,0.0,0.125,2.3125,22.5625,72.5625,2.4375,0.0,0.0
GPT2-XL,L10,LayerNorm/ln_1/weight,1600,0.0,0,0.0,0,0.0,0.15966783463954926,0.8103598356246948,0.8103598356246948,0.0,0.0,0.0,0.0,0.0,0.0,0.0,100.0,0.0,0.0
GPT2-XL,L10,LayerNorm/ln_2/bias,1600,0.0,0,0.0,0,0.0,-0.41782552003860474,0.17750634253025055,0.41782552003860474,0.0,0.0,0.0,0.0,1.25,11.4375,76.5625,10.75,0.0,0.0
GPT2-XL,L10,LayerNorm/ln_2/weight,1600,0.0,0,0.0,0,0.0,0.0013803406618535519,0.8523989915847778,0.8523989915847778,0.0,0.0,0.0,0.0,0.0,0.0625,0.0625,99.875,0.0,0.0
GPT2-XL,L11,Attn/O/bias,1600,0.0,0,0.0,0,0.0,-0.10177338868379593,0.24094825983047485,0.24094825983047485,0.0,0.0,0.0625,0.25,2.5,24.9375,71.9375,0.3125,0.0,0.0
GPT2-XL,L11,Attn/O/weight,2560000,0.0,0,0.0,0,0.0,-0.6199761033058167,0.6089398860931396,0.6199761033058167,0.0003515625,0.002109375,0.0251953125,0.2309765625,2.313359375,22.679375,74.4846484375,0.263984375,0.0,0.0
GPT2-XL,L11,Attn/QKV/bias,4800,0.0,0,0.0,0,0.0,-0.7599838972091675,0.6750233173370361,0.7599838972091675,0.0,0.0,0.04166666666666667,0.20833333333333334,2.4166666666666665,22.395833333333336,65.85416666666667,9.083333333333334,0.0,0.0
GPT2-XL,L11,Attn/QKV/weight,7680000,0.0,0,0.0,0,0.0,-0.30033665895462036,0.28159651160240173,0.30033665895462036,0.000234375,0.0018489583333333333,0.019088541666666667,0.18803385416666665,1.8838802083333335,18.5356640625,76.41016927083332,2.9610807291666665,0.0,0.0
GPT2-XL,L11,FFN/Intermediate/bias,6400,0.0,0,0.0,0,0.0,-0.10181726515293121,0.24930937588214874,0.24930937588214874,0.0,0.0,0.046875,0.10937500000000001,0.8906249999999999,11.640625,87.0625,0.25,0.0,0.0
GPT2-XL,L11,FFN/Intermediate/weight,10240000,0.0,4,3.90625e-05,0,0.0,-1.8951003551483154,1.0471986532211304,1.8951003551483154,0.000146484375,0.00197265625,0.018447265625,0.185478515625,1.857548828125,18.333505859375,78.44333984375001,1.159521484375,3.90625e-05,0.0
GPT2-XL,L11,FFN/Output/bias,1600,0.0,0,0.0,0,0.0,-0.34272298216819763,0.23917871713638306,0.34272298216819763,0.0,0.0,0.125,0.125,1.875,19.4375,77.5625,0.8750000000000001,0.0,0.0
GPT2-XL,L11,FFN/Output/weight,10240000,0.0,27,0.000263671875,0,0.0,-1.8382443189620972,0.6995593905448914,1.8382443189620972,0.00027343749999999997,0.002177734375,0.021523437500000003,0.213212890625,2.12455078125,20.869423828125,76.18650390625,0.5820703125,0.000263671875,0.0
GPT2-XL,L11,LayerNorm/ln_1/bias,1600,0.0,0,0.0,0,0.0,-0.2478126436471939,0.3993714451789856,0.3993714451789856,0.0,0.0,0.0625,0.1875,2.5,25.687500000000004,70.0625,1.5,0.0,0.0
GPT2-XL,L11,LayerNorm/ln_1/weight,1600,0.0,0,0.0,0,0.0,0.15673905611038208,0.9777378439903259,0.9777378439903259,0.0,0.0,0.0,0.0,0.0,0.0,0.0,100.0,0.0,0.0
GPT2-XL,L11,LayerNorm/ln_2/bias,1600,0.0,0,0.0,0,0.0,-0.4066144526004791,0.18570829927921295,0.4066144526004791,0.0,0.0,0.0,0.125,1.625,11.75,78.125,8.375,0.0,0.0
GPT2-XL,L11,LayerNorm/ln_2/weight,1600,0.0,0,0.0,0,0.0,0.0005955337546765804,0.8515569567680359,0.8515569567680359,0.0,0.0,0.0,0.0,0.0625,0.0625,0.0,99.875,0.0,0.0
GPT2-XL,L12,Attn/O/bias,1600,0.0,0,0.0,0,0.0,-0.16820113360881805,0.2859812378883362,0.2859812378883362,0.0,0.0,0.0,0.1875,2.875,25.0625,71.3125,0.5625,0.0,0.0
GPT2-XL,L12,Attn/O/weight,2560000,0.0,0,0.0,0,0.0,-0.3781775236129761,0.40835073590278625,0.40835073590278625,0.0001953125,0.0022265625000000002,0.0243359375,0.225234375,2.2894140625,22.576328125,74.6323046875,0.2499609375,0.0,0.0
GPT2-XL,L12,Attn/QKV/bias,4800,0.0,0,0.0,0,0.0,-0.8293319344520569,0.7132458090782166,0.8293319344520569,0.0,0.0,0.020833333333333336,0.33333333333333337,2.0,22.5,67.02083333333333,8.125,0.0,0.0
GPT2-XL,L12,Attn/QKV/weight,7680000,0.0,0,0.0,0,0.0,-0.36139988899230957,0.3630028963088989,0.3630028963088989,0.00016927083333333334,0.0020442708333333337,0.019049479166666668,0.187734375,1.8541796874999998,18.303229166666668,76.5857421875,3.0478515625,0.0,0.0
GPT2-XL,L12,FFN/Intermediate/bias,6400,0.0,0,0.0,0,0.0,-0.17889660596847534,0.2178015112876892,0.2178015112876892,0.0,0.0,0.0,0.1875,1.09375,12.53125,85.96875,0.21875000000000003,0.0,0.0
GPT2-XL,L12,FFN/Intermediate/weight,10240000,0.0,3,2.9296875e-05,0,0.0,-1.705444574356079,1.3072863817214966,1.705444574356079,0.00021484375,0.001826171875,0.018388671875,0.18390625,1.8583691406249998,18.3366015625,78.427666015625,1.172998046875,2.9296875e-05,0.0
GPT2-XL,L12,FFN/Output/bias,1600,0.0,0,0.0,0,0.0,-0.30709779262542725,0.207631915807724,0.30709779262542725,0.0,0.0,0.0,0.1875,1.7500000000000002,19.25,77.0,1.8124999999999998,0.0,0.0
GPT2-XL,L12,FFN/Output/weight,10240000,0.0,28,0.0002734375,0,0.0,-3.1475744247436523,0.7540410161018372,3.1475744247436523,0.0001953125,0.0023730468749999997,0.02109375,0.21420898437499997,2.1279296875,20.888925781250002,76.148583984375,0.596416015625,0.00027343749999999997,0.0
GPT2-XL,L12,LayerNorm/ln_1/bias,1600,0.0,0,0.0,0,0.0,-0.2809548079967499,0.5601696372032166,0.5601696372032166,0.0,0.0,0.0,0.25,2.625,25.874999999999996,70.375,0.8750000000000001,0.0,0.0
GPT2-XL,L12,LayerNorm/ln_1/weight,1600,0.0,1,0.0625,0,0.0,0.1774485558271408,1.1138619184494019,1.1138619184494019,0.0,0.0,0.0,0.0,0.0,0.0,0.0,99.9375,0.0625,0.0
GPT2-XL,L12,LayerNorm/ln_2/bias,1600,0.0,0,0.0,0,0.0,-0.3813394606113434,0.1962532252073288,0.3813394606113434,0.0,0.0,0.0,0.3125,1.1875,12.375,78.5625,7.5625,0.0,0.0
GPT2-XL,L12,LayerNorm/ln_2/weight,1600,0.0,0,0.0,0,0.0,0.0007551223388873041,0.8555910587310791,0.8555910587310791,0.0,0.0,0.0,0.0,0.0625,0.0625,0.0,99.875,0.0,0.0
GPT2-XL,L13,Attn/O/bias,1600,0.0,0,0.0,0,0.0,-0.11926012486219406,0.2255970984697342,0.2255970984697342,0.0,0.0,0.0625,0.1875,1.6875,23.0625,74.4375,0.5625,0.0,0.0
GPT2-XL,L13,Attn/O/weight,2560000,0.0,0,0.0,0,0.0,-0.3841753900051117,0.3591194748878479,0.3841753900051117,0.000234375,0.0022265625000000002,0.022382812499999998,0.22343749999999998,2.2686328125,22.274179687500002,74.9005078125,0.3083984375,0.0,0.0
GPT2-XL,L13,Attn/QKV/bias,4800,0.0,0,0.0,0,0.0,-0.30500268936157227,0.30012717843055725,0.30500268936157227,0.0,0.0,0.020833333333333336,0.25,2.5833333333333335,22.25,67.8125,7.083333333333333,0.0,0.0
GPT2-XL,L13,Attn/QKV/weight,7680000,0.0,0,0.0,0,0.0,-0.3404349088668823,0.3082475960254669,0.3404349088668823,0.0002473958333333333,0.0021614583333333334,0.018619791666666666,0.18618489583333334,1.8670833333333334,18.419687500000002,76.85333333333332,2.652682291666667,0.0,0.0
GPT2-XL,L13,FFN/Intermediate/bias,6400,0.0,0,0.0,0,0.0,-0.2622656524181366,0.2154410183429718,0.2622656524181366,0.0,0.0,0.0,0.046875,1.140625,13.296875,85.3125,0.203125,0.0,0.0
GPT2-XL,L13,FFN/Intermediate/weight,10240000,0.0,0,0.0,0,0.0,-0.6192653179168701,0.45188093185424805,0.6192653179168701,0.00022460937499999998,0.0020019531250000003,0.018427734375,0.18435546875,1.864267578125,18.32705078125,78.4317578125,1.1719140625000002,0.0,0.0
GPT2-XL,L13,FFN/Output/bias,1600,0.0,0,0.0,0,0.0,-0.31834325194358826,0.19568976759910583,0.31834325194358826,0.0,0.0,0.0,0.1875,1.6875,18.625,78.0,1.5,0.0,0.0
GPT2-XL,L13,FFN/Output/weight,10240000,0.0,19,0.000185546875,0,0.0,-1.7601163387298584,0.7698466181755066,1.7601163387298584,0.000234375,0.0022265625000000002,0.02083984375,0.2102734375,2.106181640625,20.753359375,76.271982421875,0.634716796875,0.000185546875,0.0
GPT2-XL,L13,LayerNorm/ln_1/bias,1600,0.0,0,0.0,0,0.0,-0.3182351291179657,0.5628290176391602,0.5628290176391602,0.0,0.0,0.0,0.125,2.5,26.0,70.4375,0.9375,0.0,0.0
GPT2-XL,L13,LayerNorm/ln_1/weight,1600,0.0,1,0.0625,0,0.0,0.18234577775001526,1.0076687335968018,1.0076687335968018,0.0,0.0,0.0,0.0,0.0,0.0,0.0,99.9375,0.0625,0.0
GPT2-XL,L13,LayerNorm/ln_2/bias,1600,0.0,0,0.0,0,0.0,-0.3631261885166168,0.18987171351909637,0.3631261885166168,0.0,0.0,0.0,0.125,1.25,11.9375,80.6875,6.0,0.0,0.0
GPT2-XL,L13,LayerNorm/ln_2/weight,1600,0.0,0,0.0,0,0.0,0.0012676120968535542,0.8458537459373474,0.8458537459373474,0.0,0.0,0.0,0.0,0.0,0.125,0.0,99.875,0.0,0.0
GPT2-XL,L14,Attn/O/bias,1600,0.0,0,0.0,0,0.0,-0.10999783873558044,0.27851879596710205,0.27851879596710205,0.0,0.0,0.0,0.25,2.6875,23.375,73.3125,0.375,0.0,0.0
GPT2-XL,L14,Attn/O/weight,2560000,0.0,0,0.0,0,0.0,-0.35224980115890503,0.34292900562286377,0.35224980115890503,0.0003515625,0.001953125,0.021445312499999997,0.226640625,2.2383984375,22.091562500000002,75.08828125,0.33136718750000005,0.0,0.0
GPT2-XL,L14,Attn/QKV/bias,4800,0.0,0,0.0,0,0.0,-0.28920167684555054,0.31235936284065247,0.31235936284065247,0.0,0.020833333333333336,0.04166666666666667,0.20833333333333334,1.6041666666666665,20.208333333333332,68.875,9.041666666666668,0.0,0.0
GPT2-XL,L14,Attn/QKV/weight,7680000,0.0,0,0.0,0,0.0,-0.3068079948425293,0.3072773218154907,0.3072773218154907,0.00018229166666666667,0.0018098958333333333,0.018619791666666666,0.181875,1.8238411458333332,17.982981770833334,77.39354166666666,2.5971484375,0.0,0.0
GPT2-XL,L14,FFN/Intermediate/bias,6400,0.0,0,0.0,0,0.0,-0.20813384652137756,0.20906075835227966,0.20906075835227966,0.0,0.0,0.0,0.21875000000000003,1.390625,15.359375,82.78125,0.25,0.0,0.0
GPT2-XL,L14,FFN/Intermediate/weight,10240000,0.0,0,0.0,0,0.0,-0.5613943934440613,0.5688611268997192,0.5688611268997192,0.0001953125,0.00177734375,0.018691406249999997,0.184970703125,1.862177734375,18.42568359375,78.370634765625,1.1358691406249999,0.0,0.0
GPT2-XL,L14,FFN/Output/bias,1600,0.0,0,0.0,0,0.0,-0.32941681146621704,0.20041513442993164,0.32941681146621704,0.0,0.0,0.0,0.25,1.7500000000000002,19.0,77.6875,1.3125,0.0,0.0
GPT2-XL,L14,FFN/Output/weight,10240000,0.0,20,0.0001953125,0,0.0,-1.7612996101379395,0.8077176809310913,1.7612996101379395,0.00021484375,0.002216796875,0.02103515625,0.21188476562500003,2.105380859375,20.69953125,76.274052734375,0.68548828125,0.0001953125,0.0
GPT2-XL,L14,LayerNorm/ln_1/bias,1600,0.0,0,0.0,0,0.0,-0.2243044078350067,0.43777740001678467,0.43777740001678467,0.0,0.0,0.0,0.25,2.875,23.375,72.4375,1.0625,0.0,0.0
GPT2-XL,L14,LayerNorm/ln_1/weight,1600,0.0,1,0.0625,0,0.0,0.17609460651874542,1.0817278623580933,1.0817278623580933,0.0,0.0,0.0,0.0,0.0,0.0,0.0,99.9375,0.0625,0.0
GPT2-XL,L14,LayerNorm/ln_2/bias,1600,0.0,0,0.0,0,0.0,-0.44378113746643066,0.19513721764087677,0.44378113746643066,0.0,0.0,0.0,0.125,1.375,13.750000000000002,81.0,3.75,0.0,0.0
GPT2-XL,L14,LayerNorm/ln_2/weight,1600,0.0,0,0.0,0,0.0,0.06237412244081497,0.848452627658844,0.848452627658844,0.0,0.0,0.0,0.0,0.0,0.0,0.125,99.875,0.0,0.0
GPT2-XL,L15,Attn/O/bias,1600,0.0,0,0.0,0,0.0,-0.1313086599111557,0.2513391077518463,0.2513391077518463,0.0,0.0,0.0,0.125,2.375,17.1875,79.0625,1.25,0.0,0.0
GPT2-XL,L15,Attn/O/weight,2560000,0.0,0,0.0,0,0.0,-0.4688202738761902,0.32973700761795044,0.4688202738761902,0.00027343749999999997,0.00203125,0.022734375,0.2094921875,2.1337890625,21.008828125,76.1234765625,0.499375,0.0,0.0
GPT2-XL,L15,Attn/QKV/bias,4800,0.0,0,0.0,0,0.0,-0.3011596202850342,0.3532000482082367,0.3532000482082367,0.0,0.0,0.0,0.25,1.8333333333333333,20.708333333333336,69.33333333333334,7.875,0.0,0.0
GPT2-XL,L15,Attn/QKV/weight,7680000,0.0,0,0.0,0,0.0,-0.3389075994491577,0.3327747583389282,0.3389075994491577,0.00015625,0.0017838541666666667,0.017291666666666667,0.18286458333333333,1.8218880208333332,17.934778645833333,77.52863281249999,2.5126041666666667,0.0,0.0
GPT2-XL,L15,FFN/Intermediate/bias,6400,0.0,0,0.0,0,0.0,-0.1535668969154358,0.1483342945575714,0.1535668969154358,0.0,0.0,0.015625,0.0625,1.15625,12.828125000000002,85.75,0.1875,0.0,0.0
GPT2-XL,L15,FFN/Intermediate/weight,10240000,0.0,0,0.0,0,0.0,-0.6571834683418274,0.5899825096130371,0.6571834683418274,0.0001953125,0.0016796875,0.018857421875,0.18894531250000002,1.863515625,18.381884765625,78.353046875,1.191875,0.0,0.0
GPT2-XL,L15,FFN/Output/bias,1600,0.0,0,0.0,0,0.0,-0.3049284815788269,0.18976128101348877,0.3049284815788269,0.0,0.0,0.0,0.0625,1.25,13.9375,77.875,6.875000000000001,0.0,0.0
GPT2-XL,L15,FFN/Output/weight,10240000,0.0,21,0.000205078125,0,0.0,-1.7494571208953857,0.8771074414253235,1.7494571208953857,0.00029296875,0.002041015625,0.02107421875,0.21203124999999998,2.115107421875,20.782080078125002,76.17856445312499,0.688603515625,0.000205078125,0.0
GPT2-XL,L15,LayerNorm/ln_1/bias,1600,0.0,0,0.0,0,0.0,-0.34192442893981934,0.6370697617530823,0.6370697617530823,0.0,0.0,0.0,0.0625,2.375,23.0,73.4375,1.125,0.0,0.0
GPT2-XL,L15,LayerNorm/ln_1/weight,1600,0.0,0,0.0,0,0.0,0.1753857582807541,0.9263777136802673,0.9263777136802673,0.0,0.0,0.0,0.0,0.0,0.0,0.0,100.0,0.0,0.0
GPT2-XL,L15,LayerNorm/ln_2/bias,1600,0.0,0,0.0,0,0.0,-0.41581135988235474,0.1803213357925415,0.41581135988235474,0.0,0.0,0.0,0.125,1.5625,15.437500000000002,81.0,1.875,0.0,0.0
GPT2-XL,L15,LayerNorm/ln_2/weight,1600,0.0,0,0.0,0,0.0,0.04625832289457321,0.835923433303833,0.835923433303833,0.0,0.0,0.0,0.0,0.0,0.0,0.0625,99.9375,0.0,0.0
GPT2-XL,L16,Attn/O/bias,1600,0.0,0,0.0,0,0.0,-0.11989698559045792,0.14663313329219818,0.14663313329219818,0.0,0.0,0.0,0.0625,1.875,20.1875,77.3125,0.5625,0.0,0.0
GPT2-XL,L16,Attn/O/weight,2560000,0.0,0,0.0,0,0.0,-0.3874721825122833,0.3703797459602356,0.3874721825122833,0.0003125,0.0025390625,0.021953125,0.20878906249999998,2.1254296875,21.0915234375,76.0028515625,0.5466015625,0.0,0.0
GPT2-XL,L16,Attn/QKV/bias,4800,0.0,0,0.0,0,0.0,-0.34605762362480164,0.4015136659145355,0.4015136659145355,0.0,0.0,0.0,0.2916666666666667,3.0208333333333335,23.875,68.45833333333333,4.354166666666667,0.0,0.0
GPT2-XL,L16,Attn/QKV/weight,7680000,0.0,0,0.0,0,0.0,-0.3982444703578949,0.4033121168613434,0.4033121168613434,0.00015625,0.0018619791666666665,0.018372395833333336,0.190390625,1.9045833333333335,18.803229166666664,77.01178385416667,2.069622395833333,0.0,0.0
GPT2-XL,L16,FFN/Intermediate/bias,6400,0.0,0,0.0,0,0.0,-0.1332026869058609,0.11435247212648392,0.1332026869058609,0.0,0.0,0.03125,0.171875,1.390625,14.59375,83.640625,0.171875,0.0,0.0
GPT2-XL,L16,FFN/Intermediate/weight,10240000,0.0,0,0.0,0,0.0,-0.5285845994949341,0.5426673293113708,0.5426673293113708,0.000205078125,0.0019140625,0.018857421875,0.185693359375,1.8668359374999999,18.396474609374998,78.34896484375,1.1810546874999999,0.0,0.0
GPT2-XL,L16,FFN/Output/bias,1600,0.0,0,0.0,0,0.0,-0.3076314628124237,0.17347580194473267,0.3076314628124237,0.0,0.0,0.0,0.1875,1.125,14.499999999999998,78.25,5.9375,0.0,0.0
GPT2-XL,L16,FFN/Output/weight,10240000,0.0,17,0.000166015625,0,0.0,-1.6730237007141113,0.8882778286933899,1.6730237007141113,0.000263671875,0.002099609375,0.020888671875,0.21228515625,2.097353515625,20.55115234375,76.392431640625,0.7233593749999999,0.00016601562499999998,0.0
GPT2-XL,L16,LayerNorm/ln_1/bias,1600,0.0,0,0.0,0,0.0,-0.1461961567401886,0.5809463262557983,0.5809463262557983,0.0,0.0,0.1875,0.375,3.4375000000000004,27.0625,68.625,0.3125,0.0,0.0
GPT2-XL,L16,LayerNorm/ln_1/weight,1600,0.0,0,0.0,0,0.0,0.2531031668186188,0.8629157543182373,0.8629157543182373,0.0,0.0,0.0,0.0,0.0,0.0,0.0,100.0,0.0,0.0
GPT2-XL,L16,LayerNorm/ln_2/bias,1600,0.0,0,0.0,0,0.0,-0.3879809081554413,0.18057379126548767,0.3879809081554413,0.0,0.0,0.0,0.375,1.5,17.3125,79.25,1.5625,0.0,0.0
GPT2-XL,L16,LayerNorm/ln_2/weight,1600,0.0,0,0.0,0,0.0,0.09071125090122223,0.8436011075973511,0.8436011075973511,0.0,0.0,0.0,0.0,0.0,0.0,0.0625,99.9375,0.0,0.0
GPT2-XL,L17,Attn/O/bias,1600,0.0,0,0.0,0,0.0,-0.15784142911434174,0.2706862688064575,0.2706862688064575,0.0,0.0,0.0,0.125,1.3125,17.0625,79.25,2.25,0.0,0.0
GPT2-XL,L17,Attn/O/weight,2560000,0.0,0,0.0,0,0.0,-0.3164321184158325,0.359701544046402,0.359701544046402,0.000234375,0.0017968749999999999,0.019648437499999998,0.20210937499999998,2.0293359375,19.866640625000002,77.09839843750001,0.7818359375,0.0,0.0
GPT2-XL,L17,Attn/QKV/bias,4800,0.0,0,0.0,0,0.0,-0.7720552086830139,0.8107538223266602,0.8107538223266602,0.0,0.020833333333333336,0.020833333333333336,0.35416666666666663,2.7708333333333335,26.104166666666668,66.89583333333333,3.833333333333333,0.0,0.0
GPT2-XL,L17,Attn/QKV/weight,7680000,0.0,0,0.0,0,0.0,-0.350327730178833,0.33462220430374146,0.350327730178833,0.00026041666666666666,0.00171875,0.018567708333333332,0.19125,1.9189192708333334,18.843411458333335,77.13192708333332,1.8939453124999999,0.0,0.0
GPT2-XL,L17,FFN/Intermediate/bias,6400,0.0,0,0.0,0,0.0,-0.17537519335746765,0.15964554250240326,0.17537519335746765,0.0,0.0,0.0,0.203125,1.5,14.15625,83.984375,0.15625,0.0,0.0
GPT2-XL,L17,FFN/Intermediate/weight,10240000,0.0,0,0.0,0,0.0,-0.5671536326408386,0.6945034265518188,0.6945034265518188,0.00025390625,0.001953125,0.018701171875,0.186083984375,1.87494140625,18.4776171875,78.294853515625,1.145595703125,0.0,0.0
GPT2-XL,L17,FFN/Output/bias,1600,0.0,0,0.0,0,0.0,-0.3217747211456299,0.24116411805152893,0.3217747211456299,0.0,0.0,0.0625,0.25,1.5,14.124999999999998,80.1875,3.875,0.0,0.0
GPT2-XL,L17,FFN/Output/weight,10240000,0.0,13,0.000126953125,0,0.0,-1.6674280166625977,0.9430783987045288,1.6674280166625977,0.00022460937499999998,0.0020703125,0.020849609374999998,0.20291992187500002,2.03306640625,20.016611328125002,76.835341796875,0.8887890625,0.000126953125,0.0
GPT2-XL,L17,LayerNorm/ln_1/bias,1600,0.0,0,0.0,0,0.0,-0.17715060710906982,0.6467467546463013,0.6467467546463013,0.0,0.0,0.0,0.25,3.6249999999999996,30.25,65.5625,0.3125,0.0,0.0
GPT2-XL,L17,LayerNorm/ln_1/weight,1600,0.0,1,0.0625,0,0.0,0.2498641163110733,1.0685092210769653,1.0685092210769653,0.0,0.0,0.0,0.0,0.0,0.0,0.0,99.9375,0.0625,0.0
GPT2-XL,L17,LayerNorm/ln_2/bias,1600,0.0,0,0.0,0,0.0,-0.5099244713783264,0.17669394612312317,0.5099244713783264,0.0,0.0,0.0,0.375,2.4375,16.4375,79.25,1.5,0.0,0.0
GPT2-XL,L17,LayerNorm/ln_2/weight,1600,0.0,0,0.0,0,0.0,0.0030358945950865746,0.8479150533676147,0.8479150533676147,0.0,0.0,0.0,0.0,0.0,0.0625,0.0,99.9375,0.0,0.0
GPT2-XL,L18,Attn/O/bias,1600,0.0,0,0.0,0,0.0,-0.1360810250043869,0.24744519591331482,0.24744519591331482,0.0,0.0,0.0,0.125,2.5625,23.25,73.625,0.43750000000000006,0.0,0.0
GPT2-XL,L18,Attn/O/weight,2560000,0.0,0,0.0,0,0.0,-0.36937060952186584,0.33755457401275635,0.36937060952186584,0.00027343749999999997,0.0025390625,0.019765625,0.20335937499999998,1.998125,19.865976562500002,77.1822265625,0.727734375,0.0,0.0
GPT2-XL,L18,Attn/QKV/bias,4800,0.0,0,0.0,0,0.0,-0.27127474546432495,0.2875082194805145,0.2875082194805145,0.0,0.0,0.04166666666666667,0.125,2.0625,22.145833333333336,69.58333333333333,6.041666666666667,0.0,0.0
GPT2-XL,L18,Attn/QKV/weight,7680000,0.0,0,0.0,0,0.0,-0.29843658208847046,0.2864269018173218,0.29843658208847046,0.000234375,0.0017057291666666666,0.0177734375,0.18451822916666666,1.8523046875,18.257916666666667,77.870859375,1.8146875,0.0,0.0
GPT2-XL,L18,FFN/Intermediate/bias,6400,0.0,0,0.0,0,0.0,-0.16584116220474243,0.1411248743534088,0.16584116220474243,0.0,0.0,0.0,0.140625,1.84375,15.59375,82.203125,0.21875000000000003,0.0,0.0
GPT2-XL,L18,FFN/Intermediate/weight,10240000,0.0,0,0.0,0,0.0,-0.4314407408237457,0.5816475749015808,0.5816475749015808,0.00021484375,0.00185546875,0.019072265625,0.183525390625,1.8837109375,18.558818359375,78.22431640625001,1.128486328125,0.0,0.0
GPT2-XL,L18,FFN/Output/bias,1600,0.0,0,0.0,0,0.0,-0.30232664942741394,0.2432384490966797,0.30232664942741394,0.0,0.0,0.0,0.0625,1.7500000000000002,15.75,78.9375,3.5000000000000004,0.0,0.0
GPT2-XL,L18,FFN/Output/weight,10240000,0.0,10,9.765625e-05,0,0.0,-1.6674009561538696,0.9561775922775269,1.6674009561538696,0.0003515625,0.0018847656250000002,0.020224609375,0.20005859374999999,2.00744140625,19.818261718749998,76.98177734375,0.9699023437500001,9.765625e-05,0.0
GPT2-XL,L18,LayerNorm/ln_1/bias,1600,0.0,0,0.0,0,0.0,-0.1568363457918167,0.5371523499488831,0.5371523499488831,0.0,0.0,0.0625,0.25,2.0,23.0,74.0,0.6875,0.0,0.0
GPT2-XL,L18,LayerNorm/ln_1/weight,1600,0.0,1,0.0625,0,0.0,0.2290026694536209,1.1095107793807983,1.1095107793807983,0.0,0.0,0.0,0.0,0.0,0.0,0.0,99.9375,0.0625,0.0
GPT2-XL,L18,LayerNorm/ln_2/bias,1600,0.0,0,0.0,0,0.0,-0.46788525581359863,0.1690380573272705,0.46788525581359863,0.0,0.0,0.0,0.25,1.8124999999999998,19.1875,77.875,0.8750000000000001,0.0,0.0
GPT2-XL,L18,LayerNorm/ln_2/weight,1600,0.0,0,0.0,0,0.0,0.08444871008396149,0.8400723338127136,0.8400723338127136,0.0,0.0,0.0,0.0,0.0,0.0,0.0625,99.9375,0.0,0.0
GPT2-XL,L19,Attn/O/bias,1600,0.0,0,0.0,0,0.0,-0.16076278686523438,0.28590723872184753,0.28590723872184753,0.0,0.0,0.0625,0.1875,2.125,25.0625,72.25,0.3125,0.0,0.0
GPT2-XL,L19,Attn/O/weight,2560000,0.0,0,0.0,0,0.0,-0.8042321801185608,0.9397734999656677,0.9397734999656677,0.0003515625,0.0016796875,0.01828125,0.1855078125,1.8670312500000001,18.46796875,77.9974609375,1.46171875,0.0,0.0
GPT2-XL,L19,Attn/QKV/bias,4800,0.0,0,0.0,0,0.0,-0.591825544834137,0.601966381072998,0.601966381072998,0.0,0.020833333333333336,0.0,0.3125,2.25,20.854166666666664,70.60416666666667,5.958333333333334,0.0,0.0
GPT2-XL,L19,Attn/QKV/weight,7680000,0.0,0,0.0,0,0.0,-0.3132263720035553,0.31892579793930054,0.31892579793930054,0.00015625,0.0019270833333333332,0.019648437499999998,0.1890625,1.8760937500000001,18.511223958333332,77.77971354166667,1.6221744791666666,0.0,0.0
GPT2-XL,L19,FFN/Intermediate/bias,6400,0.0,0,0.0,0,0.0,-0.2417914867401123,0.17865364253520966,0.2417914867401123,0.0,0.015625,0.015625,0.1875,1.5625,15.796875,82.203125,0.21875000000000003,0.0,0.0
GPT2-XL,L19,FFN/Intermediate/weight,10240000,0.0,0,0.0,0,0.0,-0.6449782848358154,0.6290900707244873,0.6449782848358154,0.00016601562499999998,0.001875,0.018603515625,0.18748046875,1.884814453125,18.580703125,78.225224609375,1.1011328125000002,0.0,0.0
GPT2-XL,L19,FFN/Output/bias,1600,0.0,0,0.0,0,0.0,-0.28823909163475037,0.23354724049568176,0.28823909163475037,0.0,0.0,0.0625,0.25,1.375,13.875000000000002,79.5625,4.875,0.0,0.0
GPT2-XL,L19,FFN/Output/weight,10240000,0.0,10,9.765625e-05,0,0.0,-1.5952457189559937,1.1322194337844849,1.5952457189559937,0.00021484375,0.001923828125,0.020625,0.1983984375,1.989267578125,19.602119140625,77.17076171875,1.016591796875,9.765625e-05,0.0
GPT2-XL,L19,LayerNorm/ln_1/bias,1600,0.0,0,0.0,0,0.0,-0.13667254149913788,0.6505771279335022,0.6505771279335022,0.0625,0.0,0.0625,0.375,2.375,24.5625,72.1875,0.375,0.0,0.0
GPT2-XL,L19,LayerNorm/ln_1/weight,1600,0.0,0,0.0,0,0.0,0.22213250398635864,0.9962141513824463,0.9962141513824463,0.0,0.0,0.0,0.0,0.0,0.0,0.0,100.0,0.0,0.0
GPT2-XL,L19,LayerNorm/ln_2/bias,1600,0.0,0,0.0,0,0.0,-0.5734142065048218,0.174887016415596,0.5734142065048218,0.0,0.0,0.0,0.1875,2.375,18.6875,77.6875,1.0625,0.0,0.0
GPT2-XL,L19,LayerNorm/ln_2/weight,1600,0.0,0,0.0,0,0.0,0.1261773258447647,0.8030019998550415,0.8030019998550415,0.0,0.0,0.0,0.0,0.0,0.0,0.0,100.0,0.0,0.0
GPT2-XL,L1,Attn/O/bias,1600,0.0,0,0.0,0,0.0,-0.8562947511672974,0.38639676570892334,0.8562947511672974,0.0,0.0,0.0625,0.0,1.125,14.0625,80.3125,4.4375,0.0,0.0
GPT2-XL,L1,Attn/O/weight,2560000,0.0,43,0.0016796875,0,0.0,-1.818984866142273,1.782896876335144,1.818984866142273,0.0001953125,0.0030859375,0.026562500000000003,0.27890624999999997,2.76890625,26.876914062500003,69.874765625,0.168984375,0.0016796875,0.0
GPT2-XL,L1,Attn/QKV/bias,4800,0.0,0,0.0,0,0.0,-0.5391284227371216,0.6019662022590637,0.6019662022590637,0.0,0.0,0.0,0.27083333333333337,1.875,18.770833333333332,60.416666666666664,18.666666666666668,0.0,0.0
GPT2-XL,L1,Attn/QKV/weight,7680000,0.0,0,0.0,0,0.0,-0.2872050702571869,0.3197605311870575,0.3197605311870575,0.00032552083333333337,0.0024088541666666668,0.02234375,0.2309635416666667,2.3089453125,22.358723958333336,72.50580729166667,2.5704817708333336,0.0,0.0
GPT2-XL,L1,FFN/Intermediate/bias,6400,0.0,0,0.0,0,0.0,-0.10204910486936569,0.11298003047704697,0.11298003047704697,0.0,0.0,0.0,0.0,0.1875,2.6875,97.0,0.125,0.0,0.0
GPT2-XL,L1,FFN/Intermediate/weight,10240000,0.0,0,0.0,0,0.0,-0.5203475952148438,0.696785569190979,0.696785569190979,0.000234375,0.0020898437499999997,0.01916015625,0.191376953125,1.9090332031250001,18.882265625,78.027548828125,0.968291015625,0.0,0.0
GPT2-XL,L1,FFN/Output/bias,1600,0.0,0,0.0,0,0.0,-0.9960546493530273,0.14374208450317383,0.9960546493530273,0.0,0.0,0.0,0.125,1.5625,15.5,80.0625,2.75,0.0,0.0
GPT2-XL,L1,FFN/Output/weight,10240000,0.0,92,0.0008984375,0,0.0,-2.3048486709594727,1.9457815885543823,2.3048486709594727,0.000244140625,0.002294921875,0.02271484375,0.231953125,2.297802734375,22.5183984375,74.59935546874999,0.326337890625,0.0008984374999999999,0.0
GPT2-XL,L1,LayerNorm/ln_1/bias,1600,0.0,0,0.0,0,0.0,-0.3503541052341461,0.7833196520805359,0.7833196520805359,0.0,0.0,0.0,0.1875,1.9375,19.5625,76.8125,1.5,0.0,0.0
GPT2-XL,L1,LayerNorm/ln_1/weight,1600,0.0,0,0.0,0,0.0,0.14808478951454163,0.45670005679130554,0.45670005679130554,0.0,0.0,0.0,0.0,0.0,0.0,0.0,100.0,0.0,0.0
GPT2-XL,L1,LayerNorm/ln_2/bias,1600,0.0,0,0.0,0,0.0,-0.3391650319099426,0.5255936980247498,0.5255936980247498,0.0,0.0,0.0,0.0,0.75,7.9375,60.18750000000001,31.125000000000004,0.0,0.0
GPT2-XL,L1,LayerNorm/ln_2/weight,1600,0.0,0,0.0,0,0.0,0.13409610092639923,0.7435440421104431,0.7435440421104431,0.0,0.0,0.0,0.0,0.0,0.0,0.0,100.0,0.0,0.0
GPT2-XL,L20,Attn/O/bias,1600,0.0,0,0.0,0,0.0,-0.14827215671539307,0.27182644605636597,0.27182644605636597,0.0,0.0,0.125,0.25,2.375,23.875,72.9375,0.43750000000000006,0.0,0.0
GPT2-XL,L20,Attn/O/weight,2560000,0.0,2,7.8125e-05,0,0.0,-1.2345017194747925,0.8347451686859131,1.2345017194747925,7.8125e-05,0.00140625,0.0183984375,0.185546875,1.836015625,18.1330859375,78.406328125,1.4190625000000001,7.8125e-05,0.0
GPT2-XL,L20,Attn/QKV/bias,4800,0.0,3,0.0625,0,0.0,-0.8449682593345642,1.1532179117202759,1.1532179117202759,0.0,0.0,0.020833333333333336,0.1875,2.229166666666667,22.5625,69.72916666666666,5.208333333333334,0.0625,0.0
GPT2-XL,L20,Attn/QKV/weight,7680000,0.0,0,0.0,0,0.0,-0.38674917817115784,0.36902809143066406,0.38674917817115784,0.00014322916666666667,0.0018359375000000001,0.018736979166666667,0.19002604166666667,1.9042317708333332,18.763919270833334,77.496171875,1.6249348958333334,0.0,0.0
GPT2-XL,L20,FFN/Intermediate/bias,6400,0.0,0,0.0,0,0.0,-0.24317003786563873,0.13305507600307465,0.24317003786563873,0.0,0.0,0.0,0.140625,1.6875,15.984375,82.078125,0.10937500000000001,0.0,0.0
GPT2-XL,L20,FFN/Intermediate/weight,10240000,0.0,0,0.0,0,0.0,-0.4025789499282837,0.6299573183059692,0.6299573183059692,0.00017578125,0.001982421875,0.018505859375,0.18775390625000002,1.877998046875,18.603857421875,78.247568359375,1.062158203125,0.0,0.0
GPT2-XL,L20,FFN/Output/bias,1600,0.0,0,0.0,0,0.0,-0.25231412053108215,0.21197398006916046,0.25231412053108215,0.0,0.0,0.0,0.125,1.5625,15.375,79.5,3.4375000000000004,0.0,0.0
GPT2-XL,L20,FFN/Output/weight,10240000,0.0,6,5.859375e-05,0,0.0,-1.3380259275436401,0.6860429048538208,1.3380259275436401,0.000244140625,0.0018847656250000002,0.019775390625,0.194912109375,1.9652441406249999,19.44404296875,77.30773437500001,1.066103515625,5.859375e-05,0.0
GPT2-XL,L20,LayerNorm/ln_1/bias,1600,0.0,0,0.0,0,0.0,-0.14457964897155762,0.8633867502212524,0.8633867502212524,0.0,0.0,0.0,0.1875,2.25,24.9375,72.3125,0.3125,0.0,0.0
GPT2-XL,L20,LayerNorm/ln_1/weight,1600,0.0,0,0.0,0,0.0,0.20868046581745148,0.9985423684120178,0.9985423684120178,0.0,0.0,0.0,0.0,0.0,0.0,0.0,100.0,0.0,0.0
GPT2-XL,L20,LayerNorm/ln_2/bias,1600,0.0,0,0.0,0,0.0,-0.5524468421936035,0.18086762726306915,0.5524468421936035,0.0,0.0,0.0,0.375,2.125,19.75,76.875,0.8750000000000001,0.0,0.0
GPT2-XL,L20,LayerNorm/ln_2/weight,1600,0.0,0,0.0,0,0.0,0.01664111763238907,0.8144641518592834,0.8144641518592834,0.0,0.0,0.0,0.0,0.0,0.0,0.0625,99.9375,0.0,0.0
GPT2-XL,L21,Attn/O/bias,1600,0.0,0,0.0,0,0.0,-0.2081831693649292,0.3185368478298187,0.3185368478298187,0.0,0.0,0.0,0.1875,2.75,24.125,72.5,0.43750000000000006,0.0,0.0
GPT2-XL,L21,Attn/O/weight,2560000,0.0,0,0.0,0,0.0,-0.7806609869003296,0.6111345291137695,0.7806609869003296,0.00015625,0.0017968749999999999,0.018515625,0.185390625,1.85515625,18.154843749999998,78.3480859375,1.4360546875,0.0,0.0
GPT2-XL,L21,Attn/QKV/bias,4800,0.0,0,0.0,0,0.0,-0.8291053771972656,0.8463912606239319,0.8463912606239319,0.0,0.0,0.04166666666666667,0.27083333333333337,2.4166666666666665,22.1875,69.39583333333333,5.6875,0.0,0.0
GPT2-XL,L21,Attn/QKV/weight,7680000,0.0,0,0.0,0,0.0,-0.2429795116186142,0.28112441301345825,0.28112441301345825,0.00028645833333333333,0.0021484374999999997,0.018802083333333334,0.19098958333333332,1.8851302083333334,18.53713541666667,77.72553385416666,1.6399739583333333,0.0,0.0
GPT2-XL,L21,FFN/Intermediate/bias,6400,0.0,0,0.0,0,0.0,-0.29049718379974365,0.08609344810247421,0.29049718379974365,0.0,0.0,0.03125,0.140625,1.484375,14.640624999999998,83.59375,0.10937500000000001,0.0,0.0
GPT2-XL,L21,FFN/Intermediate/weight,10240000,0.0,0,0.0,0,0.0,-0.4193723797798157,0.6793744564056396,0.6793744564056396,0.000205078125,0.002021484375,0.018310546875,0.187236328125,1.887919921875,18.569951171874997,78.297744140625,1.036611328125,0.0,0.0
GPT2-XL,L21,FFN/Output/bias,1600,0.0,0,0.0,0,0.0,-0.1855662763118744,0.2269357591867447,0.2269357591867447,0.0,0.0,0.0,0.5,1.875,15.812499999999998,77.9375,3.875,0.0,0.0
GPT2-XL,L21,FFN/Output/weight,10240000,0.0,1,9.765625e-06,0,0.0,-1.0956459045410156,0.6404039263725281,1.0956459045410156,0.00033203124999999997,0.002099609375,0.019902343750000002,0.19618164062500001,1.945107421875,19.19634765625,77.5569140625,1.08310546875,9.765625e-06,0.0
GPT2-XL,L21,LayerNorm/ln_1/bias,1600,0.0,0,0.0,0,0.0,-0.1551414430141449,0.6305471062660217,0.6305471062660217,0.0,0.0,0.0,0.3125,2.625,22.6875,74.0625,0.3125,0.0,0.0
GPT2-XL,L21,LayerNorm/ln_1/weight,1600,0.0,1,0.0625,0,0.0,0.199808269739151,1.3011925220489502,1.3011925220489502,0.0,0.0,0.0,0.0,0.0,0.0,0.0,99.9375,0.0625,0.0
GPT2-XL,L21,LayerNorm/ln_2/bias,1600,0.0,0,0.0,0,0.0,-0.6097829937934875,0.21906208992004395,0.6097829937934875,0.0,0.0,0.0,0.0625,1.875,18.5625,78.4375,1.0625,0.0,0.0
GPT2-XL,L21,LayerNorm/ln_2/weight,1600,0.0,0,0.0,0,0.0,0.026714032515883446,0.8006216287612915,0.8006216287612915,0.0,0.0,0.0,0.0,0.0,0.0,0.0625,99.9375,0.0,0.0
GPT2-XL,L22,Attn/O/bias,1600,0.0,0,0.0,0,0.0,-0.12790851294994354,0.2877606451511383,0.2877606451511383,0.0,0.0,0.0,0.43750000000000006,2.5,24.5,72.3125,0.25,0.0,0.0
GPT2-XL,L22,Attn/O/weight,2560000,0.0,0,0.0,0,0.0,-0.5370208621025085,0.5584877133369446,0.5584877133369446,0.0003515625,0.0014453125,0.019296874999999998,0.185703125,1.8410546875,18.178828125,78.327421875,1.4458984375,0.0,0.0
GPT2-XL,L22,Attn/QKV/bias,4800,0.0,0,0.0,0,0.0,-0.37292060256004333,0.28946176171302795,0.37292060256004333,0.0,0.020833333333333336,0.020833333333333336,0.16666666666666669,2.083333333333333,20.666666666666668,71.375,5.666666666666666,0.0,0.0
GPT2-XL,L22,Attn/QKV/weight,7680000,0.0,0,0.0,0,0.0,-0.24555979669094086,0.24701732397079468,0.24701732397079468,0.0002994791666666667,0.0018098958333333333,0.019518229166666668,0.18510416666666665,1.8621354166666666,18.417721354166666,77.99404947916668,1.5193619791666666,0.0,0.0
GPT2-XL,L22,FFN/Intermediate/bias,6400,0.0,0,0.0,0,0.0,-0.1653207242488861,0.1401618868112564,0.1653207242488861,0.0,0.0,0.046875,0.0625,1.421875,14.906249999999998,83.484375,0.078125,0.0,0.0
GPT2-XL,L22,FFN/Intermediate/weight,10240000,0.0,0,0.0,0,0.0,-0.3432287275791168,0.3917642831802368,0.3917642831802368,0.0001171875,0.002041015625,0.018369140625,0.18794921875,1.8771289062500003,18.577783203125,78.32552734375,1.0110839843750001,0.0,0.0
GPT2-XL,L22,FFN/Output/bias,1600,0.0,0,0.0,0,0.0,-0.21245600283145905,0.2506454288959503,0.2506454288959503,0.0,0.0,0.0,0.125,1.7500000000000002,15.75,77.25,5.125,0.0,0.0
GPT2-XL,L22,FFN/Output/weight,10240000,0.0,0,0.0,0,0.0,-0.6537477374076843,0.667283296585083,0.667283296585083,0.0001171875,0.001875,0.018408203125,0.19259765625,1.9132421874999999,18.839970703125,77.83205078124999,1.20173828125,0.0,0.0
GPT2-XL,L22,LayerNorm/ln_1/bias,1600,0.0,0,0.0,0,0.0,-0.23549112677574158,0.534587025642395,0.534587025642395,0.0,0.0,0.0625,0.3125,2.25,24.3125,72.625,0.43750000000000006,0.0,0.0
GPT2-XL,L22,LayerNorm/ln_1/weight,1600,0.0,1,0.0625,0,0.0,0.20127998292446136,1.4043904542922974,1.4043904542922974,0.0,0.0,0.0,0.0,0.0,0.0,0.0,99.9375,0.0625,0.0
GPT2-XL,L22,LayerNorm/ln_2/bias,1600,0.0,0,0.0,0,0.0,-0.5766779780387878,0.26171523332595825,0.5766779780387878,0.0,0.0,0.0,0.0625,1.5,14.6875,82.8125,0.9375,0.0,0.0
GPT2-XL,L22,LayerNorm/ln_2/weight,1600,0.0,0,0.0,0,0.0,0.004736712668091059,0.8026064038276672,0.8026064038276672,0.0,0.0,0.0,0.0,0.0,0.0625,0.0,99.9375,0.0,0.0
GPT2-XL,L23,Attn/O/bias,1600,0.0,0,0.0,0,0.0,-0.19943585991859436,0.46145063638687134,0.46145063638687134,0.0,0.0,0.0625,0.1875,2.0625,18.375,77.5,1.8124999999999998,0.0,0.0
GPT2-XL,L23,Attn/O/weight,2560000,0.0,0,0.0,0,0.0,-0.9741122722625732,0.5925413370132446,0.9741122722625732,0.0003125,0.001640625,0.01921875,0.17828125,1.8246484375,18.114453125,78.4037890625,1.4576562499999999,0.0,0.0
GPT2-XL,L23,Attn/QKV/bias,4800,0.0,10,0.20833333333333334,0,0.0,-1.2662619352340698,1.3366050720214844,1.3366050720214844,0.0,0.020833333333333336,0.0,0.08333333333333334,2.0,22.145833333333336,69.91666666666667,5.625,0.20833333333333334,0.0
GPT2-XL,L23,Attn/QKV/weight,7680000,0.0,0,0.0,0,0.0,-0.2734071612358093,0.2745535373687744,0.2745535373687744,0.0001953125,0.0017447916666666666,0.017916666666666668,0.18839843750000002,1.881328125,18.587643229166666,77.74260416666667,1.5801692708333333,0.0,0.0
GPT2-XL,L23,FFN/Intermediate/bias,6400,0.0,0,0.0,0,0.0,-0.3156895041465759,0.22231896221637726,0.3156895041465759,0.0,0.0,0.015625,0.10937500000000001,1.390625,14.921875000000002,83.46875,0.09375,0.0,0.0
GPT2-XL,L23,FFN/Intermediate/weight,10240000,0.0,0,0.0,0,0.0,-0.349690705537796,0.6206396818161011,0.6206396818161011,0.00022460937499999998,0.001953125,0.018955078125,0.1856640625,1.882900390625,18.581972656250002,78.34751953125,0.980810546875,0.0,0.0
GPT2-XL,L23,FFN/Output/bias,1600,0.0,0,0.0,0,0.0,-0.1420280784368515,0.19677689671516418,0.19677689671516418,0.0,0.0,0.0,0.125,2.625,15.25,79.0,3.0,0.0,0.0
GPT2-XL,L23,FFN/Output/weight,10240000,0.0,0,0.0,0,0.0,-0.7879878878593445,0.7538354992866516,0.7879878878593445,0.00021484375,0.0018359375000000001,0.01826171875,0.189404296875,1.89064453125,18.65060546875,77.95449218750001,1.294541015625,0.0,0.0
GPT2-XL,L23,LayerNorm/ln_1/bias,1600,0.0,0,0.0,0,0.0,-0.1745871752500534,0.7437638640403748,0.7437638640403748,0.0,0.0,0.125,0.375,3.0625,27.750000000000004,68.4375,0.25,0.0,0.0
GPT2-XL,L23,LayerNorm/ln_1/weight,1600,0.0,1,0.0625,0,0.0,0.19576510787010193,1.4735116958618164,1.4735116958618164,0.0,0.0,0.0,0.0,0.0,0.0,0.0,99.9375,0.0625,0.0
GPT2-XL,L23,LayerNorm/ln_2/bias,1600,0.0,0,0.0,0,0.0,-0.6862857937812805,0.25890210270881653,0.6862857937812805,0.0,0.0,0.0,0.1875,1.6875,14.499999999999998,81.1875,2.4375,0.0,0.0
GPT2-XL,L23,LayerNorm/ln_2/weight,1600,0.0,0,0.0,0,0.0,0.056700002402067184,0.8026246428489685,0.8026246428489685,0.0,0.0,0.0,0.0,0.0,0.0,0.0625,99.9375,0.0,0.0
GPT2-XL,L24,Attn/O/bias,1600,0.0,0,0.0,0,0.0,-0.14611709117889404,0.2515789270401001,0.2515789270401001,0.0,0.0,0.0,0.3125,2.5,25.874999999999996,71.0,0.3125,0.0,0.0
GPT2-XL,L24,Attn/O/weight,2560000,0.0,0,0.0,0,0.0,-0.8610216975212097,0.6857864260673523,0.8610216975212097,0.0001171875,0.0017968749999999999,0.018515625,0.18019531249999998,1.8761328125,18.468828125,78.0706640625,1.38375,0.0,0.0
GPT2-XL,L24,Attn/QKV/bias,4800,0.0,4,0.08333333333333333,0,0.0,-1.3994873762130737,1.289874792098999,1.3994873762130737,0.0,0.0,0.020833333333333336,0.08333333333333334,2.020833333333333,21.416666666666668,68.6875,7.6875,0.08333333333333334,0.0
GPT2-XL,L24,Attn/QKV/weight,7680000,0.0,0,0.0,0,0.0,-0.25250789523124695,0.2656961977481842,0.2656961977481842,0.00016927083333333334,0.001822916666666667,0.019036458333333332,0.187265625,1.8566666666666665,18.363528645833334,77.94364583333333,1.6278645833333334,0.0,0.0
GPT2-XL,L24,FFN/Intermediate/bias,6400,0.0,0,0.0,0,0.0,-0.23539258539676666,0.07610633224248886,0.23539258539676666,0.0,0.0,0.0,0.125,1.25,13.9375,84.65625,0.03125,0.0,0.0
GPT2-XL,L24,FFN/Intermediate/weight,10240000,0.0,0,0.0,0,0.0,-0.25797969102859497,0.3325212895870209,0.3325212895870209,0.00016601562499999998,0.001767578125,0.018740234374999998,0.186474609375,1.8818359375,18.569033203125,78.3630859375,0.978896484375,0.0,0.0
GPT2-XL,L24,FFN/Output/bias,1600,0.0,0,0.0,0,0.0,-0.14244379103183746,0.21983058750629425,0.21983058750629425,0.0,0.0,0.0,0.0625,2.1875,16.625,77.9375,3.1875,0.0,0.0
GPT2-XL,L24,FFN/Output/weight,10240000,0.0,0,0.0,0,0.0,-0.7424077987670898,0.7839249968528748,0.7839249968528748,0.000244140625,0.00177734375,0.019111328125,0.18794921875,1.855859375,18.388212890625,78.18808593749999,1.3587597656250001,0.0,0.0
GPT2-XL,L24,LayerNorm/ln_1/bias,1600,0.0,0,0.0,0,0.0,-0.27139461040496826,0.504278302192688,0.504278302192688,0.0,0.0,0.0,0.1875,2.125,19.4375,77.6875,0.5625,0.0,0.0
GPT2-XL,L24,LayerNorm/ln_1/weight,1600,0.0,1,0.0625,0,0.0,0.19181528687477112,1.2405575513839722,1.2405575513839722,0.0,0.0,0.0,0.0,0.0,0.0,0.0,99.9375,0.0625,0.0
GPT2-XL,L24,LayerNorm/ln_2/bias,1600,0.0,0,0.0,0,0.0,-0.5493234395980835,0.3111540377140045,0.5493234395980835,0.0,0.0,0.0,0.25,1.3125,14.9375,82.25,1.25,0.0,0.0
GPT2-XL,L24,LayerNorm/ln_2/weight,1600,0.0,0,0.0,0,0.0,0.0036872774362564087,0.7853151559829712,0.7853151559829712,0.0,0.0,0.0,0.0,0.0,0.0625,0.0,99.9375,0.0,0.0
GPT2-XL,L25,Attn/O/bias,1600,0.0,0,0.0,0,0.0,-0.15900780260562897,0.19984470307826996,0.19984470307826996,0.0,0.0,0.0625,0.1875,2.0,18.625,78.25,0.8750000000000001,0.0,0.0
GPT2-XL,L25,Attn/O/weight,2560000,0.0,0,0.0,0,0.0,-0.29900020360946655,0.3680982291698456,0.3680982291698456,0.00015625,0.001953125,0.020625,0.185078125,1.869921875,18.3965234375,78.2765625,1.2491796875,0.0,0.0
GPT2-XL,L25,Attn/QKV/bias,4800,0.0,0,0.0,0,0.0,-0.3337808847427368,0.3327212333679199,0.3337808847427368,0.0,0.0,0.020833333333333336,0.16666666666666669,2.020833333333333,21.895833333333332,69.3125,6.583333333333333,0.0,0.0
GPT2-XL,L25,Attn/QKV/weight,7680000,0.0,0,0.0,0,0.0,-0.2607937455177307,0.26341238617897034,0.26341238617897034,0.00016927083333333334,0.0021223958333333333,0.018255208333333335,0.18315104166666665,1.8222526041666667,18.069101562500002,78.40057291666666,1.504375,0.0,0.0
GPT2-XL,L25,FFN/Intermediate/bias,6400,0.0,0,0.0,0,0.0,-0.11277586966753006,0.08952439576387405,0.11277586966753006,0.0,0.0,0.015625,0.10937500000000001,1.359375,14.531250000000002,83.953125,0.03125,0.0,0.0
GPT2-XL,L25,FFN/Intermediate/weight,10240000,0.0,0,0.0,0,0.0,-0.22609712183475494,0.22720588743686676,0.22720588743686676,0.000234375,0.0019335937500000002,0.018681640625,0.18935546875,1.885703125,18.5756640625,78.36159179687499,0.9668359375,0.0,0.0
GPT2-XL,L25,FFN/Output/bias,1600,0.0,0,0.0,0,0.0,-0.13949841260910034,0.2177296131849289,0.2177296131849289,0.0,0.0,0.0625,0.0,2.125,15.437500000000002,79.8125,2.5625,0.0,0.0
GPT2-XL,L25,FFN/Output/weight,10240000,0.0,0,0.0,0,0.0,-0.6924133896827698,0.696494460105896,0.696494460105896,0.000185546875,0.00173828125,0.017998046875,0.1823046875,1.8318847656250001,18.050722656250002,78.377275390625,1.537890625,0.0,0.0
GPT2-XL,L25,LayerNorm/ln_1/bias,1600,0.0,0,0.0,0,0.0,-0.27713891863822937,0.5860994458198547,0.5860994458198547,0.0,0.0,0.0,0.3125,2.3125,24.0,72.9375,0.43750000000000006,0.0,0.0
GPT2-XL,L25,LayerNorm/ln_1/weight,1600,0.0,1,0.0625,0,0.0,0.1851079761981964,1.2934455871582031,1.2934455871582031,0.0,0.0,0.0,0.0,0.0,0.0,0.0,99.9375,0.0625,0.0
GPT2-XL,L25,LayerNorm/ln_2/bias,1600,0.0,0,0.0,0,0.0,-0.5537391304969788,0.27205607295036316,0.5537391304969788,0.0,0.0,0.0,0.125,1.1875,14.374999999999998,82.8125,1.5,0.0,0.0
GPT2-XL,L25,LayerNorm/ln_2/weight,1600,0.0,0,0.0,0,0.0,0.008701167069375515,0.7945468425750732,0.7945468425750732,0.0,0.0,0.0,0.0,0.0,0.0625,0.0,99.9375,0.0,0.0
GPT2-XL,L26,Attn/O/bias,1600,0.0,0,0.0,0,0.0,-0.1477147340774536,0.22500427067279816,0.22500427067279816,0.0,0.0,0.0,0.1875,2.25,19.375,76.625,1.5625,0.0,0.0
GPT2-XL,L26,Attn/O/weight,2560000,0.0,0,0.0,0,0.0,-0.3725540041923523,0.4932028353214264,0.4932028353214264,0.00015625,0.0015234374999999998,0.01796875,0.18992187500000002,1.8748046875,18.523867187500002,78.1983984375,1.193359375,0.0,0.0
GPT2-XL,L26,Attn/QKV/bias,4800,0.0,0,0.0,0,0.0,-0.3600122034549713,0.2955101728439331,0.3600122034549713,0.0,0.0,0.0,0.20833333333333334,2.166666666666667,21.895833333333332,70.35416666666666,5.375,0.0,0.0
GPT2-XL,L26,Attn/QKV/weight,7680000,0.0,0,0.0,0,0.0,-0.2663422226905823,0.2868114113807678,0.2868114113807678,0.0001171875,0.00171875,0.018997395833333333,0.1819140625,1.8026302083333334,17.83498697916667,78.54949218750001,1.6101432291666666,0.0,0.0
GPT2-XL,L26,FFN/Intermediate/bias,6400,0.0,0,0.0,0,0.0,-0.2104678452014923,0.1100114956498146,0.2104678452014923,0.0,0.015625,0.0,0.078125,1.5,15.046875000000002,83.296875,0.0625,0.0,0.0
GPT2-XL,L26,FFN/Intermediate/weight,10240000,0.0,0,0.0,0,0.0,-0.29054415225982666,0.25443339347839355,0.29054415225982666,9.765625e-05,0.001748046875,0.018193359375,0.19150390625,1.8793750000000002,18.56185546875,78.39333984375,0.95388671875,0.0,0.0
GPT2-XL,L26,FFN/Output/bias,1600,0.0,0,0.0,0,0.0,-0.13149237632751465,0.31469210982322693,0.31469210982322693,0.0,0.0,0.0625,0.125,1.875,18.8125,77.125,2.0,0.0,0.0
GPT2-XL,L26,FFN/Output/weight,10240000,0.0,0,0.0,0,0.0,-0.6240735054016113,0.609865665435791,0.6240735054016113,9.765625e-05,0.001748046875,0.01783203125,0.1769921875,1.80326171875,17.746123046875002,78.558134765625,1.6958105468750002,0.0,0.0
GPT2-XL,L26,LayerNorm/ln_1/bias,1600,0.0,0,0.0,0,0.0,-0.29950833320617676,0.6969591975212097,0.6969591975212097,0.0,0.0,0.125,0.0625,1.8124999999999998,24.1875,73.5,0.3125,0.0,0.0
GPT2-XL,L26,LayerNorm/ln_1/weight,1600,0.0,1,0.0625,0,0.0,0.19185538589954376,1.4675137996673584,1.4675137996673584,0.0,0.0,0.0,0.0,0.0,0.0,0.0,99.9375,0.0625,0.0
GPT2-XL,L26,LayerNorm/ln_2/bias,1600,0.0,0,0.0,0,0.0,-0.5484606027603149,0.2797645032405853,0.5484606027603149,0.0,0.0,0.0,0.25,1.9375,13.375,82.9375,1.5,0.0,0.0
GPT2-XL,L26,LayerNorm/ln_2/weight,1600,0.0,0,0.0,0,0.0,0.011431911960244179,0.7998096346855164,0.7998096346855164,0.0,0.0,0.0,0.0,0.0,0.0,0.0625,99.9375,0.0,0.0
GPT2-XL,L27,Attn/O/bias,1600,0.0,0,0.0,0,0.0,-0.19817790389060974,0.2544161081314087,0.2544161081314087,0.0,0.0,0.0,0.125,1.875,17.25,79.3125,1.4375,0.0,0.0
GPT2-XL,L27,Attn/O/weight,2560000,0.0,0,0.0,0,0.0,-0.35624009370803833,0.382509708404541,0.382509708404541,3.90625e-05,0.001875,0.0188671875,0.1862109375,1.865859375,18.3370703125,78.3508984375,1.2391796875,0.0,0.0
GPT2-XL,L27,Attn/QKV/bias,4800,0.0,0,0.0,0,0.0,-0.3338559567928314,0.29428592324256897,0.3338559567928314,0.0,0.020833333333333336,0.0,0.20833333333333334,2.4375,20.395833333333332,69.79166666666666,7.145833333333333,0.0,0.0
GPT2-XL,L27,Attn/QKV/weight,7680000,0.0,0,0.0,0,0.0,-0.27996835112571716,0.28170686960220337,0.28170686960220337,0.00015625,0.0017968749999999999,0.017513020833333334,0.18459635416666667,1.8183984375,17.927799479166666,78.5882421875,1.4614973958333333,0.0,0.0
GPT2-XL,L27,FFN/Intermediate/bias,6400,0.0,0,0.0,0,0.0,-0.10179001837968826,0.15870267152786255,0.15870267152786255,0.0,0.0,0.03125,0.10937500000000001,1.6875,16.828125,81.3125,0.03125,0.0,0.0
GPT2-XL,L27,FFN/Intermediate/weight,10240000,0.0,0,0.0,0,0.0,-0.33715495467185974,0.6377442479133606,0.6377442479133606,0.000185546875,0.001923828125,0.018691406249999997,0.1860546875,1.877607421875,18.548554687499998,78.410224609375,0.9567578125,0.0,0.0
GPT2-XL,L27,FFN/Output/bias,1600,0.0,0,0.0,0,0.0,-0.13552208244800568,0.3172338306903839,0.3172338306903839,0.0,0.0,0.0,0.1875,1.875,17.1875,78.4375,2.3125,0.0,0.0
GPT2-XL,L27,FFN/Output/weight,10240000,0.0,0,0.0,0,0.0,-0.8605273365974426,0.7312406301498413,0.8605273365974426,0.000205078125,0.0018359375000000001,0.017265625,0.176767578125,1.767314453125,17.450439453125,78.7224609375,1.8637109374999998,0.0,0.0
GPT2-XL,L27,LayerNorm/ln_1/bias,1600,0.0,0,0.0,0,0.0,-0.34634631872177124,0.6350308656692505,0.6350308656692505,0.0,0.0,0.0,0.0625,1.875,23.5625,74.125,0.375,0.0,0.0
GPT2-XL,L27,LayerNorm/ln_1/weight,1600,0.0,1,0.0625,0,0.0,0.16599102318286896,1.269623041152954,1.269623041152954,0.0,0.0,0.0,0.0,0.0,0.0,0.0,99.9375,0.0625,0.0
GPT2-XL,L27,LayerNorm/ln_2/bias,1600,0.0,0,0.0,0,0.0,-0.6015779376029968,0.2974943220615387,0.6015779376029968,0.0,0.0,0.0,0.125,0.9375,14.6875,82.125,2.125,0.0,0.0
GPT2-XL,L27,LayerNorm/ln_2/weight,1600,0.0,0,0.0,0,0.0,0.07874717563390732,0.8054518103599548,0.8054518103599548,0.0,0.0,0.0,0.0,0.0,0.0,0.0625,99.9375,0.0,0.0
GPT2-XL,L28,Attn/O/bias,1600,0.0,0,0.0,0,0.0,-0.20536312460899353,0.2629382610321045,0.2629382610321045,0.0,0.0,0.0,0.1875,1.8124999999999998,18.3125,78.3125,1.375,0.0,0.0
GPT2-XL,L28,Attn/O/weight,2560000,0.0,0,0.0,0,0.0,-0.44433125853538513,0.4499812722206116,0.4499812722206116,0.000234375,0.0013671875000000001,0.017812500000000002,0.1795703125,1.7673828125,17.58875,78.54875,1.8961328124999999,0.0,0.0
GPT2-XL,L28,Attn/QKV/bias,4800,0.0,0,0.0,0,0.0,-0.29012003540992737,0.3163592517375946,0.3163592517375946,0.0,0.0,0.0,0.125,2.0625,21.020833333333332,69.6875,7.104166666666667,0.0,0.0
GPT2-XL,L28,Attn/QKV/weight,7680000,0.0,0,0.0,0,0.0,-0.27846068143844604,0.23773613572120667,0.27846068143844604,0.00016927083333333334,0.001875,0.018567708333333332,0.1818619791666667,1.8096744791666668,17.934283854166665,78.66173177083333,1.3918359375,0.0,0.0
GPT2-XL,L28,FFN/Intermediate/bias,6400,0.0,0,0.0,0,0.0,-0.08766783028841019,0.07537245750427246,0.08766783028841019,0.0,0.0,0.015625,0.203125,1.09375,15.59375,83.09375,0.0,0.0,0.0
GPT2-XL,L28,FFN/Intermediate/weight,10240000,0.0,0,0.0,0,0.0,-0.22392839193344116,0.5840134620666504,0.5840134620666504,0.000234375,0.001650390625,0.019169921875,0.18654296874999998,1.87302734375,18.4896875,78.47252929687501,0.957158203125,0.0,0.0
GPT2-XL,L28,FFN/Output/bias,1600,0.0,0,0.0,0,0.0,-0.13684841990470886,0.24971558153629303,0.24971558153629303,0.0,0.0,0.0,0.43750000000000006,1.5625,17.1875,79.0,1.8124999999999998,0.0,0.0
GPT2-XL,L28,FFN/Output/weight,10240000,0.0,0,0.0,0,0.0,-0.9253153800964355,0.9557212591171265,0.9557212591171265,0.000234375,0.00185546875,0.0168359375,0.17171875,1.7263085937499998,17.088359375,78.89725585937501,2.097431640625,0.0,0.0
GPT2-XL,L28,LayerNorm/ln_1/bias,1600,0.0,0,0.0,0,0.0,-0.21427451074123383,0.6387097239494324,0.6387097239494324,0.0,0.0,0.0,0.375,2.5,24.8125,72.0,0.3125,0.0,0.0
GPT2-XL,L28,LayerNorm/ln_1/weight,1600,0.0,1,0.0625,0,0.0,0.17009864747524261,1.1210947036743164,1.1210947036743164,0.0,0.0,0.0,0.0,0.0,0.0,0.0,99.9375,0.0625,0.0
GPT2-XL,L28,LayerNorm/ln_2/bias,1600,0.0,0,0.0,0,0.0,-0.6060507297515869,0.40188390016555786,0.6060507297515869,0.0,0.0,0.0,0.1875,1.6875,13.6875,81.875,2.5625,0.0,0.0
GPT2-XL,L28,LayerNorm/ln_2/weight,1600,0.0,0,0.0,0,0.0,0.024227537214756012,0.8259414434432983,0.8259414434432983,0.0,0.0,0.0,0.0,0.0,0.0,0.0625,99.9375,0.0,0.0
GPT2-XL,L29,Attn/O/bias,1600,0.0,0,0.0,0,0.0,-0.2605019807815552,0.32099324464797974,0.32099324464797974,0.0,0.0,0.0,0.25,2.1875,22.4375,74.5625,0.5625,0.0,0.0
GPT2-XL,L29,Attn/O/weight,2560000,0.0,0,0.0,0,0.0,-0.4817157983779907,0.5472427606582642,0.5472427606582642,0.00046875,0.0017968749999999999,0.0196875,0.1824609375,1.8528515625,18.190859375000002,78.4949609375,1.2569140625,0.0,0.0
GPT2-XL,L29,Attn/QKV/bias,4800,0.0,0,0.0,0,0.0,-0.35090088844299316,0.5416711568832397,0.5416711568832397,0.0,0.020833333333333336,0.0,0.33333333333333337,1.7083333333333333,19.333333333333332,72.58333333333333,6.020833333333334,0.0,0.0
GPT2-XL,L29,Attn/QKV/weight,7680000,0.0,0,0.0,0,0.0,-0.2706104815006256,0.22310686111450195,0.2706104815006256,0.00010416666666666667,0.001640625,0.0180078125,0.18119791666666665,1.8051171875,17.822825520833334,78.69671875,1.4743880208333333,0.0,0.0
GPT2-XL,L29,FFN/Intermediate/bias,6400,0.0,0,0.0,0,0.0,-0.1065414622426033,0.138427734375,0.138427734375,0.0,0.0,0.015625,0.15625,1.5625,15.0,83.203125,0.0625,0.0,0.0
GPT2-XL,L29,FFN/Intermediate/weight,10240000,0.0,0,0.0,0,0.0,-0.30693554878234863,0.32913926243782043,0.32913926243782043,0.00013671874999999999,0.001923828125,0.019091796875,0.188076171875,1.869892578125,18.45921875,78.488525390625,0.973134765625,0.0,0.0
GPT2-XL,L29,FFN/Output/bias,1600,0.0,0,0.0,0,0.0,-0.11358461529016495,0.2100083827972412,0.2100083827972412,0.0,0.0,0.0625,0.0625,1.25,19.375,78.4375,0.8125,0.0,0.0
GPT2-XL,L29,FFN/Output/weight,10240000,0.0,0,0.0,0,0.0,-0.8965856432914734,0.6859502792358398,0.8965856432914734,0.000234375,0.001552734375,0.017275390625,0.171845703125,1.708515625,16.834374999999998,79.067099609375,2.1991015625,0.0,0.0
GPT2-XL,L29,LayerNorm/ln_1/bias,1600,0.0,0,0.0,0,0.0,-0.2828705906867981,0.8280108571052551,0.8280108571052551,0.0,0.0,0.0,0.125,2.0625,23.375,74.0,0.43750000000000006,0.0,0.0
GPT2-XL,L29,LayerNorm/ln_1/weight,1600,0.0,0,0.0,0,0.0,0.1357402801513672,0.8617690801620483,0.8617690801620483,0.0,0.0,0.0,0.0,0.0,0.0,0.0,100.0,0.0,0.0
GPT2-XL,L29,LayerNorm/ln_2/bias,1600,0.0,0,0.0,0,0.0,-0.6415587067604065,0.46667012572288513,0.6415587067604065,0.0,0.0,0.0,0.1875,1.3125,12.875,83.5,2.125,0.0,0.0
GPT2-XL,L29,LayerNorm/ln_2/weight,1600,0.0,0,0.0,0,0.0,0.032131128013134,0.8302068710327148,0.8302068710327148,0.0,0.0,0.0,0.0,0.0,0.0,0.0625,99.9375,0.0,0.0
GPT2-XL,L2,Attn/O/bias,1600,0.0,0,0.0,0,0.0,-0.9166090488433838,0.20276713371276855,0.9166090488433838,0.0,0.0,0.125,0.125,0.8125,14.5625,78.25,6.125,0.0,0.0
GPT2-XL,L2,Attn/O/weight,2560000,0.0,55,0.0021484375,0,0.0,-1.9939013719558716,1.9867569208145142,1.9939013719558716,0.000234375,0.002890625,0.028828125000000003,0.275078125,2.7003125,26.34109375,70.46285156249999,0.18656250000000002,0.0021484374999999997,0.0
GPT2-XL,L2,Attn/QKV/bias,4800,0.0,0,0.0,0,0.0,-0.4751109480857849,0.5324974656105042,0.5324974656105042,0.0,0.0,0.020833333333333336,0.25,2.4375,20.0,66.33333333333333,10.958333333333334,0.0,0.0
GPT2-XL,L2,Attn/QKV/weight,7680000,0.0,0,0.0,0,0.0,-0.34624186158180237,0.32795411348342896,0.34624186158180237,0.00026041666666666666,0.0022005208333333334,0.024088541666666668,0.22802083333333334,2.2940234375,22.276041666666664,72.38682291666667,2.7885416666666667,0.0,0.0
GPT2-XL,L2,FFN/Intermediate/bias,6400,0.0,0,0.0,0,0.0,-0.12516118586063385,0.1272779256105423,0.1272779256105423,0.0,0.0,0.0,0.03125,0.15625,3.296875,95.84375,0.671875,0.0,0.0
GPT2-XL,L2,FFN/Intermediate/weight,10240000,0.0,0,0.0,0,0.0,-0.36574405431747437,0.37908437848091125,0.37908437848091125,0.00013671874999999999,0.0016796875,0.0193359375,0.18673828125,1.8860839843750001,18.57306640625,78.194765625,1.138193359375,0.0,0.0
GPT2-XL,L2,FFN/Output/bias,1600,0.0,0,0.0,0,0.0,-0.6574448347091675,0.1320105642080307,0.6574448347091675,0.0,0.0,0.0,0.0625,1.8124999999999998,14.1875,81.875,2.0625,0.0,0.0
GPT2-XL,L2,FFN/Output/weight,10240000,0.0,30,0.00029296875,0,0.0,-2.127171516418457,1.199165940284729,2.127171516418457,0.00027343749999999997,0.00212890625,0.02197265625,0.2208203125,2.20611328125,21.56625,75.507998046875,0.474150390625,0.00029296875,0.0
GPT2-XL,L2,LayerNorm/ln_1/bias,1600,0.0,0,0.0,0,0.0,-0.45006901025772095,0.6614594459533691,0.6614594459533691,0.0,0.0,0.0,0.25,1.3125,16.6875,76.5,5.25,0.0,0.0
GPT2-XL,L2,LayerNorm/ln_1/weight,1600,0.0,0,0.0,0,0.0,0.13625039160251617,0.5872380137443542,0.5872380137443542,0.0,0.0,0.0,0.0,0.0,0.0,0.0,100.0,0.0,0.0
GPT2-XL,L2,LayerNorm/ln_2/bias,1600,0.0,0,0.0,0,0.0,-0.40531376004219055,0.5270183086395264,0.5270183086395264,0.0,0.0,0.0625,0.125,1.1875,11.4375,75.8125,11.375,0.0,0.0
GPT2-XL,L2,LayerNorm/ln_2/weight,1600,0.0,2,0.125,0,0.0,0.18579089641571045,1.064967155456543,1.064967155456543,0.0,0.0,0.0,0.0,0.0,0.0,0.0,99.875,0.125,0.0
GPT2-XL,L30,Attn/O/bias,1600,0.0,0,0.0,0,0.0,-0.3196043074131012,0.3741440176963806,0.3741440176963806,0.0,0.0,0.0,0.3125,2.0,22.6875,74.3125,0.6875,0.0,0.0
GPT2-XL,L30,Attn/O/weight,2560000,0.0,0,0.0,0,0.0,-0.6699762940406799,0.6496498584747314,0.6699762940406799,0.00015625,0.0013671875000000001,0.0199609375,0.1812109375,1.8440625,18.1623046875,78.5096875,1.28125,0.0,0.0
GPT2-XL,L30,Attn/QKV/bias,4800,0.0,0,0.0,0,0.0,-0.28474879264831543,0.2717353403568268,0.28474879264831543,0.0,0.0,0.020833333333333336,0.33333333333333337,2.020833333333333,20.708333333333336,70.91666666666666,6.0,0.0,0.0
GPT2-XL,L30,Attn/QKV/weight,7680000,0.0,0,0.0,0,0.0,-0.2381172925233841,0.23485992848873138,0.2381172925233841,0.00015625,0.0020442708333333337,0.018307291666666666,0.17903645833333331,1.7895833333333333,17.723151041666664,78.79028645833334,1.4974348958333332,0.0,0.0
GPT2-XL,L30,FFN/Intermediate/bias,6400,0.0,0,0.0,0,0.0,-0.10328855365514755,0.07296555489301682,0.10328855365514755,0.0,0.0,0.015625,0.09375,1.171875,14.84375,83.859375,0.015625,0.0,0.0
GPT2-XL,L30,FFN/Intermediate/weight,10240000,0.0,0,0.0,0,0.0,-0.25160878896713257,0.2887609601020813,0.2887609601020813,0.00027343749999999997,0.0018457031250000001,0.018115234375,0.18578125,1.86224609375,18.413544921875,78.53744140625,0.980751953125,0.0,0.0
GPT2-XL,L30,FFN/Output/bias,1600,0.0,0,0.0,0,0.0,-0.12130696326494217,0.21391353011131287,0.21391353011131287,0.0,0.0,0.0,0.125,1.3125,18.125,78.875,1.5625,0.0,0.0
GPT2-XL,L30,FFN/Output/weight,10240000,0.0,0,0.0,0,0.0,-0.8760237693786621,0.9289469122886658,0.9289469122886658,0.0001953125,0.001640625,0.017265625,0.168662109375,1.6833007812499998,16.73748046875,79.14785156250001,2.243603515625,0.0,0.0
GPT2-XL,L30,LayerNorm/ln_1/bias,1600,0.0,0,0.0,0,0.0,-0.3744301497936249,0.7460090517997742,0.7460090517997742,0.0,0.0,0.0,0.1875,1.9375,22.0625,75.1875,0.625,0.0,0.0
GPT2-XL,L30,LayerNorm/ln_1/weight,1600,0.0,0,0.0,0,0.0,0.10431087762117386,0.9598634839057922,0.9598634839057922,0.0,0.0,0.0,0.0,0.0,0.0,0.0,100.0,0.0,0.0
GPT2-XL,L30,LayerNorm/ln_2/bias,1600,0.0,0,0.0,0,0.0,-0.6360692977905273,0.5064847469329834,0.6360692977905273,0.0,0.0,0.0,0.1875,1.7500000000000002,13.9375,82.9375,1.1875,0.0,0.0
GPT2-XL,L30,LayerNorm/ln_2/weight,1600,0.0,0,0.0,0,0.0,0.038756661117076874,0.8411627411842346,0.8411627411842346,0.0,0.0,0.0,0.0,0.0,0.0,0.0625,99.9375,0.0,0.0
GPT2-XL,L31,Attn/O/bias,1600,0.0,0,0.0,0,0.0,-0.2935055196285248,0.5251404643058777,0.5251404643058777,0.0,0.0,0.125,0.3125,2.5,16.125,77.9375,3.0,0.0,0.0
GPT2-XL,L31,Attn/O/weight,2560000,0.0,0,0.0,0,0.0,-0.46344876289367676,0.4973165690898895,0.4973165690898895,7.8125e-05,0.0019140625,0.0192578125,0.1751171875,1.8128515625000001,17.880664062500003,78.7750390625,1.3350781250000001,0.0,0.0
GPT2-XL,L31,Attn/QKV/bias,4800,0.0,0,0.0,0,0.0,-0.6673550009727478,0.6787430047988892,0.6787430047988892,0.0,0.0,0.020833333333333336,0.125,2.25,20.270833333333332,71.4375,5.895833333333334,0.0,0.0
GPT2-XL,L31,Attn/QKV/weight,7680000,0.0,0,0.0,0,0.0,-0.33193469047546387,0.26109111309051514,0.33193469047546387,0.00015625,0.00171875,0.017578125,0.175703125,1.7841536458333334,17.573828125,78.92755208333332,1.5193098958333333,0.0,0.0
GPT2-XL,L31,FFN/Intermediate/bias,6400,0.0,0,0.0,0,0.0,-0.10024058073759079,0.06088045611977577,0.10024058073759079,0.0,0.0,0.015625,0.046875,1.359375,14.484375,84.078125,0.015625,0.0,0.0
GPT2-XL,L31,FFN/Intermediate/weight,10240000,0.0,0,0.0,0,0.0,-0.2193589061498642,0.28560322523117065,0.28560322523117065,0.000205078125,0.00185546875,0.01810546875,0.186103515625,1.865478515625,18.410302734375,78.537412109375,0.9805371093749999,0.0,0.0
GPT2-XL,L31,FFN/Output/bias,1600,0.0,0,0.0,0,0.0,-0.12566085159778595,0.2224799394607544,0.2224799394607544,0.0,0.0,0.0,0.25,1.875,18.8125,78.0,1.0625,0.0,0.0
GPT2-XL,L31,FFN/Output/weight,10240000,0.0,1,9.765625e-06,0,0.0,-0.7809613943099976,1.1545119285583496,1.1545119285583496,0.00027343749999999997,0.0019433593750000002,0.01626953125,0.165791015625,1.663837890625,16.511171875,79.236708984375,2.403994140625,9.765625e-06,0.0
GPT2-XL,L31,LayerNorm/ln_1/bias,1600,0.0,0,0.0,0,0.0,-0.33502867817878723,0.9785096645355225,0.9785096645355225,0.0,0.0,0.0,0.375,1.9375,22.9375,74.1875,0.5625,0.0,0.0
GPT2-XL,L31,LayerNorm/ln_1/weight,1600,0.0,1,0.0625,0,0.0,0.10136053711175919,1.0738929510116577,1.0738929510116577,0.0,0.0,0.0,0.0,0.0,0.0,0.0,99.9375,0.0625,0.0
GPT2-XL,L31,LayerNorm/ln_2/bias,1600,0.0,0,0.0,0,0.0,-0.6383514404296875,0.4986785352230072,0.6383514404296875,0.0,0.0,0.0,0.125,2.3125,14.0625,81.125,2.375,0.0,0.0
GPT2-XL,L31,LayerNorm/ln_2/weight,1600,0.0,0,0.0,0,0.0,0.04631301015615463,0.8408161997795105,0.8408161997795105,0.0,0.0,0.0,0.0,0.0,0.0,0.0625,99.9375,0.0,0.0
GPT2-XL,L32,Attn/O/bias,1600,0.0,0,0.0,0,0.0,-0.240014910697937,0.3643602132797241,0.3643602132797241,0.0,0.0,0.0,0.3125,1.7500000000000002,19.375,77.5,1.0625,0.0,0.0
GPT2-XL,L32,Attn/O/weight,2560000,0.0,0,0.0,0,0.0,-0.5578485727310181,0.5666864514350891,0.5666864514350891,0.00015625,0.0015234374999999998,0.0185546875,0.1814453125,1.8048828124999998,17.856953125,78.7690234375,1.3674609375,0.0,0.0
GPT2-XL,L32,Attn/QKV/bias,4800,0.0,0,0.0,0,0.0,-0.2813277244567871,0.376399964094162,0.376399964094162,0.0,0.020833333333333336,0.0,0.22916666666666666,2.0416666666666665,19.208333333333332,72.5625,5.9375,0.0,0.0
GPT2-XL,L32,Attn/QKV/weight,7680000,0.0,0,0.0,0,0.0,-0.3207916021347046,0.24115675687789917,0.3207916021347046,0.0002473958333333333,0.0017447916666666666,0.0172265625,0.1806640625,1.7925911458333332,17.681809895833332,78.83993489583332,1.48578125,0.0,0.0
GPT2-XL,L32,FFN/Intermediate/bias,6400,0.0,0,0.0,0,0.0,-0.0892852321267128,0.12287518382072449,0.12287518382072449,0.0,0.0,0.015625,0.125,1.4375,15.09375,83.296875,0.03125,0.0,0.0
GPT2-XL,L32,FFN/Intermediate/weight,10240000,0.0,0,0.0,0,0.0,-0.23200973868370056,0.28202858567237854,0.28202858567237854,0.0001953125,0.0018847656250000002,0.018759765625,0.1853125,1.8620898437499998,18.374140625,78.55576171874999,1.00185546875,0.0,0.0
GPT2-XL,L32,FFN/Output/bias,1600,0.0,0,0.0,0,0.0,-0.1408178210258484,0.237431138753891,0.237431138753891,0.0,0.0,0.0,0.0,2.0625,16.9375,79.6875,1.3125,0.0,0.0
GPT2-XL,L32,FFN/Output/weight,10240000,0.0,4,3.90625e-05,0,0.0,-1.1397490501403809,1.4238563776016235,1.4238563776016235,0.00021484375,0.00201171875,0.016015625000000002,0.164013671875,1.64419921875,16.293642578125002,79.32693359375,2.5529296875,3.90625e-05,0.0
GPT2-XL,L32,LayerNorm/ln_1/bias,1600,0.0,0,0.0,0,0.0,-0.34223178029060364,0.740960955619812,0.740960955619812,0.0,0.0,0.0,0.1875,2.0625,18.5625,78.5625,0.625,0.0,0.0
GPT2-XL,L32,LayerNorm/ln_1/weight,1600,0.0,1,0.0625,0,0.0,0.09715541452169418,1.0972152948379517,1.0972152948379517,0.0,0.0,0.0,0.0,0.0,0.0,0.0625,99.875,0.0625,0.0
GPT2-XL,L32,LayerNorm/ln_2/bias,1600,0.0,0,0.0,0,0.0,-0.6249403357505798,0.5419236421585083,0.6249403357505798,0.0,0.0,0.0,0.25,1.5,15.312500000000002,80.5625,2.375,0.0,0.0
GPT2-XL,L32,LayerNorm/ln_2/weight,1600,0.0,0,0.0,0,0.0,0.05480692535638809,0.8488110899925232,0.8488110899925232,0.0,0.0,0.0,0.0,0.0,0.0,0.0625,99.9375,0.0,0.0
GPT2-XL,L33,Attn/O/bias,1600,0.0,0,0.0,0,0.0,-0.3018359839916229,0.36667391657829285,0.36667391657829285,0.0,0.0,0.0,0.375,1.5625,18.5,78.625,0.9375,0.0,0.0
GPT2-XL,L33,Attn/O/weight,2560000,0.0,0,0.0,0,0.0,-0.6049472689628601,0.6252965331077576,0.6252965331077576,0.00027343749999999997,0.0017578124999999998,0.020390625000000002,0.1821484375,1.826015625,17.9096484375,78.4863671875,1.5733984374999999,0.0,0.0
GPT2-XL,L33,Attn/QKV/bias,4800,0.0,0,0.0,0,0.0,-0.35343778133392334,0.28599607944488525,0.35343778133392334,0.0,0.0,0.0625,0.27083333333333337,2.0625,19.354166666666668,71.66666666666667,6.583333333333333,0.0,0.0
GPT2-XL,L33,Attn/QKV/weight,7680000,0.0,0,0.0,0,0.0,-0.25581058859825134,0.23398242890834808,0.25581058859825134,0.00022135416666666668,0.0019010416666666668,0.018229166666666668,0.17748697916666667,1.7806380208333334,17.703216145833334,78.82016927083333,1.4981380208333335,0.0,0.0
GPT2-XL,L33,FFN/Intermediate/bias,6400,0.0,0,0.0,0,0.0,-0.09609729796648026,0.12817029654979706,0.12817029654979706,0.0,0.0,0.015625,0.203125,1.484375,16.125,82.140625,0.03125,0.0,0.0
GPT2-XL,L33,FFN/Intermediate/weight,10240000,0.0,0,0.0,0,0.0,-0.23522405326366425,0.3130796551704407,0.3130796551704407,0.00017578125,0.0019335937500000002,0.018173828125,0.18500976562500002,1.8548339843750001,18.3240625,78.602265625,1.0135449218750001,0.0,0.0
GPT2-XL,L33,FFN/Output/bias,1600,0.0,0,0.0,0,0.0,-0.13297200202941895,0.2747759222984314,0.2747759222984314,0.0,0.0,0.0625,0.0625,2.5625,18.375,78.4375,0.5,0.0,0.0
GPT2-XL,L33,FFN/Output/weight,10240000,0.0,0,0.0,0,0.0,-0.5949723720550537,0.6398856043815613,0.6398856043815613,0.00017578125,0.001650390625,0.016201171875,0.16373046875,1.6317675781249998,16.124326171875,79.40015625,2.6619921875,0.0,0.0
GPT2-XL,L33,LayerNorm/ln_1/bias,1600,0.0,0,0.0,0,0.0,-0.27776432037353516,0.8825849294662476,0.8825849294662476,0.0,0.0,0.0,0.1875,1.7500000000000002,21.125,76.375,0.5625,0.0,0.0
GPT2-XL,L33,LayerNorm/ln_1/weight,1600,0.0,1,0.0625,0,0.0,0.08996766060590744,1.0916298627853394,1.0916298627853394,0.0,0.0,0.0,0.0,0.0,0.0,0.0625,99.875,0.0625,0.0
GPT2-XL,L33,LayerNorm/ln_2/bias,1600,0.0,0,0.0,0,0.0,-0.6431933045387268,0.6083261370658875,0.6431933045387268,0.0,0.0,0.0625,0.25,1.8124999999999998,15.375,80.625,1.875,0.0,0.0
GPT2-XL,L33,LayerNorm/ln_2/weight,1600,0.0,0,0.0,0,0.0,0.06634476035833359,0.8623518943786621,0.8623518943786621,0.0,0.0,0.0,0.0,0.0,0.0,0.0625,99.9375,0.0,0.0
GPT2-XL,L34,Attn/O/bias,1600,0.0,0,0.0,0,0.0,-0.23239490389823914,0.33928796648979187,0.33928796648979187,0.0,0.0,0.0,0.375,1.625,15.187500000000002,79.9375,2.875,0.0,0.0
GPT2-XL,L34,Attn/O/weight,2560000,0.0,0,0.0,0,0.0,-0.47729116678237915,0.526319682598114,0.526319682598114,0.000234375,0.0015234374999999998,0.016875,0.1772265625,1.7976953125000001,17.671875,78.6462890625,1.68828125,0.0,0.0
GPT2-XL,L34,Attn/QKV/bias,4800,0.0,0,0.0,0,0.0,-0.5532870292663574,0.6136785745620728,0.6136785745620728,0.0,0.0,0.04166666666666667,0.1875,1.7500000000000002,18.75,73.375,5.895833333333334,0.0,0.0
GPT2-XL,L34,Attn/QKV/weight,7680000,0.0,0,0.0,0,0.0,-0.27156350016593933,0.28020524978637695,0.28020524978637695,0.00020833333333333335,0.001640625,0.017578125,0.1748046875,1.7757421875,17.532265624999997,78.92446614583334,1.5732942708333333,0.0,0.0
GPT2-XL,L34,FFN/Intermediate/bias,6400,0.0,0,0.0,0,0.0,-0.10547321289777756,0.07410551607608795,0.10547321289777756,0.0,0.0,0.03125,0.10937500000000001,1.40625,15.34375,83.09375,0.015625,0.0,0.0
GPT2-XL,L34,FFN/Intermediate/weight,10240000,0.0,0,0.0,0,0.0,-0.36976999044418335,0.5013668537139893,0.5013668537139893,0.00022460937499999998,0.0016015625000000001,0.01927734375,0.184541015625,1.856337890625,18.33693359375,78.57578125,1.025302734375,0.0,0.0
GPT2-XL,L34,FFN/Output/bias,1600,0.0,0,0.0,0,0.0,-0.16690973937511444,0.2681567072868347,0.2681567072868347,0.0,0.0,0.0,0.3125,2.125,18.8125,78.0,0.75,0.0,0.0
GPT2-XL,L34,FFN/Output/weight,10240000,0.0,1,9.765625e-06,0,0.0,-0.7444319725036621,1.0200936794281006,1.0200936794281006,0.000234375,0.001826171875,0.015986328125,0.16375,1.6027832031250002,15.958740234374998,79.45593749999999,2.8007324218750003,9.765625e-06,0.0
GPT2-XL,L34,LayerNorm/ln_1/bias,1600,0.0,0,0.0,0,0.0,-0.29446274042129517,0.7814845442771912,0.7814845442771912,0.0,0.0,0.0625,0.3125,1.875,21.4375,75.5625,0.75,0.0,0.0
GPT2-XL,L34,LayerNorm/ln_1/weight,1600,0.0,1,0.0625,0,0.0,0.0803338959813118,1.0896886587142944,1.0896886587142944,0.0,0.0,0.0,0.0,0.0,0.0,0.0625,99.875,0.0625,0.0
GPT2-XL,L34,LayerNorm/ln_2/bias,1600,0.0,0,0.0,0,0.0,-0.6447342038154602,0.6713617444038391,0.6713617444038391,0.0,0.0,0.0,0.1875,1.0,15.437500000000002,81.3125,2.0625,0.0,0.0
GPT2-XL,L34,LayerNorm/ln_2/weight,1600,0.0,0,0.0,0,0.0,0.0849383994936943,0.879423975944519,0.879423975944519,0.0,0.0,0.0,0.0,0.0,0.0,0.0625,99.9375,0.0,0.0
GPT2-XL,L35,Attn/O/bias,1600,0.0,0,0.0,0,0.0,-0.30520734190940857,0.43317553400993347,0.43317553400993347,0.0,0.0,0.0,0.3125,2.25,22.125,74.6875,0.625,0.0,0.0
GPT2-XL,L35,Attn/O/weight,2560000,0.0,0,0.0,0,0.0,-0.5854681134223938,0.6929556131362915,0.6929556131362915,0.00015625,0.001640625,0.017109375,0.17835937500000001,1.7325781249999999,17.173515625,79.0568359375,1.8398046875,0.0,0.0
GPT2-XL,L35,Attn/QKV/bias,4800,0.0,0,0.0,0,0.0,-0.24377837777137756,0.24142108857631683,0.24377837777137756,0.0,0.0,0.020833333333333336,0.16666666666666669,2.4791666666666665,20.0,72.64583333333333,4.6875,0.0,0.0
GPT2-XL,L35,Attn/QKV/weight,7680000,0.0,0,0.0,0,0.0,-0.23276707530021667,0.21262526512145996,0.23276707530021667,0.00016927083333333334,0.0018619791666666665,0.017473958333333334,0.17614583333333333,1.7735416666666666,17.493151041666664,79.02286458333333,1.5147916666666668,0.0,0.0
GPT2-XL,L35,FFN/Intermediate/bias,6400,0.0,0,0.0,0,0.0,-0.09157518297433853,0.18023957312107086,0.18023957312107086,0.0,0.0,0.03125,0.140625,1.390625,16.296875,82.125,0.015625,0.0,0.0
GPT2-XL,L35,FFN/Intermediate/weight,10240000,0.0,0,0.0,0,0.0,-0.3359997272491455,0.4213213622570038,0.4213213622570038,0.00017578125,0.001650390625,0.018330078125,0.185810546875,1.8605761718749998,18.27623046875,78.61705078125,1.04017578125,0.0,0.0
GPT2-XL,L35,FFN/Output/bias,1600,0.0,0,0.0,0,0.0,-0.18198516964912415,0.2711053192615509,0.2711053192615509,0.0,0.0,0.0,0.43750000000000006,1.8124999999999998,21.3125,76.0,0.43750000000000006,0.0,0.0
GPT2-XL,L35,FFN/Output/weight,10240000,0.0,1,9.765625e-06,0,0.0,-0.5078597664833069,1.102143406867981,1.102143406867981,0.00027343749999999997,0.00150390625,0.015810546874999998,0.15970703125,1.5866992187500002,15.773037109374998,79.4624609375,3.000498046875,9.765625e-06,0.0
GPT2-XL,L35,LayerNorm/ln_1/bias,1600,0.0,0,0.0,0,0.0,-0.3262130618095398,0.8766255378723145,0.8766255378723145,0.0,0.0,0.125,0.125,2.375,23.3125,73.25,0.8125,0.0,0.0
GPT2-XL,L35,LayerNorm/ln_1/weight,1600,0.0,0,0.0,0,0.0,0.0790921002626419,0.8693667054176331,0.8693667054176331,0.0,0.0,0.0,0.0,0.0,0.0,0.0625,99.9375,0.0,0.0
GPT2-XL,L35,LayerNorm/ln_2/bias,1600,0.0,0,0.0,0,0.0,-0.62480229139328,0.6678946018218994,0.6678946018218994,0.0,0.0,0.0625,0.3125,2.0625,13.5,81.9375,2.125,0.0,0.0
GPT2-XL,L35,LayerNorm/ln_2/weight,1600,0.0,0,0.0,0,0.0,0.08942464739084244,0.8832681179046631,0.8832681179046631,0.0,0.0,0.0,0.0,0.0,0.0,0.0625,99.9375,0.0,0.0
GPT2-XL,L36,Attn/O/bias,1600,0.0,0,0.0,0,0.0,-0.32743269205093384,0.5168039202690125,0.5168039202690125,0.0,0.0,0.0625,0.125,1.8124999999999998,22.1875,74.8125,1.0,0.0,0.0
GPT2-XL,L36,Attn/O/weight,2560000,0.0,0,0.0,0,0.0,-0.5690168738365173,0.5785471200942993,0.5785471200942993,7.8125e-05,0.00203125,0.016679687500000002,0.183515625,1.8017968749999997,17.788046875,78.817578125,1.3902734374999999,0.0,0.0
GPT2-XL,L36,Attn/QKV/bias,4800,0.0,0,0.0,0,0.0,-0.27204152941703796,0.2495671957731247,0.27204152941703796,0.0,0.020833333333333336,0.020833333333333336,0.25,2.166666666666667,20.916666666666668,71.29166666666666,5.333333333333334,0.0,0.0
GPT2-XL,L36,Attn/QKV/weight,7680000,0.0,0,0.0,0,0.0,-0.3640357255935669,0.3562655746936798,0.3640357255935669,0.00020833333333333335,0.0015494791666666669,0.017786458333333335,0.1783203125,1.7575260416666665,17.379986979166667,79.06700520833333,1.5976171875,0.0,0.0
GPT2-XL,L36,FFN/Intermediate/bias,6400,0.0,0,0.0,0,0.0,-0.09729518741369247,0.21708323061466217,0.21708323061466217,0.0,0.0,0.03125,0.171875,1.484375,16.25,82.046875,0.015625,0.0,0.0
GPT2-XL,L36,FFN/Intermediate/weight,10240000,0.0,0,0.0,0,0.0,-0.3830389976501465,0.47505801916122437,0.47505801916122437,0.00027343749999999997,0.0016796875,0.018486328125,0.18568359375,1.845673828125,18.2147265625,78.676357421875,1.057119140625,0.0,0.0
GPT2-XL,L36,FFN/Output/bias,1600,0.0,0,0.0,0,0.0,-0.17376352846622467,0.24339894950389862,0.24339894950389862,0.0,0.0,0.0,0.1875,2.1875,23.875,73.5,0.25,0.0,0.0
GPT2-XL,L36,FFN/Output/weight,10240000,0.0,1,9.765625e-06,0,0.0,-0.44152331352233887,1.0998800992965698,1.0998800992965698,0.000146484375,0.00150390625,0.0162109375,0.1569921875,1.5760644531249999,15.582607421875,79.527216796875,3.1392480468749997,9.765625e-06,0.0
GPT2-XL,L36,LayerNorm/ln_1/bias,1600,0.0,0,0.0,0,0.0,-0.37625351548194885,0.7673019170761108,0.7673019170761108,0.0,0.0,0.0,0.25,2.0625,20.25,76.1875,1.25,0.0,0.0
GPT2-XL,L36,LayerNorm/ln_1/weight,1600,0.0,1,0.0625,0,0.0,0.055619195103645325,1.0749177932739258,1.0749177932739258,0.0,0.0,0.0,0.0,0.0,0.0,0.0625,99.875,0.0625,0.0
GPT2-XL,L36,LayerNorm/ln_2/bias,1600,0.0,0,0.0,0,0.0,-0.6163603663444519,0.6620988845825195,0.6620988845825195,0.0,0.0,0.0,0.25,1.5625,15.437500000000002,80.75,2.0,0.0,0.0
GPT2-XL,L36,LayerNorm/ln_2/weight,1600,0.0,0,0.0,0,0.0,0.10313154011964798,0.8884837627410889,0.8884837627410889,0.0,0.0,0.0,0.0,0.0,0.0,0.0,100.0,0.0,0.0
GPT2-XL,L37,Attn/O/bias,1600,0.0,0,0.0,0,0.0,-0.2629539966583252,0.5021059513092041,0.5021059513092041,0.0,0.0,0.0,0.0625,1.625,19.1875,77.625,1.5,0.0,0.0
GPT2-XL,L37,Attn/O/weight,2560000,0.0,0,0.0,0,0.0,-0.4872671663761139,0.548586905002594,0.548586905002594,0.000234375,0.0020703125,0.0180859375,0.1717578125,1.7541406249999998,17.399765625,78.8764453125,1.7774999999999999,0.0,0.0
GPT2-XL,L37,Attn/QKV/bias,4800,0.0,0,0.0,0,0.0,-0.3959757089614868,0.3755924701690674,0.3959757089614868,0.0,0.0,0.020833333333333336,0.27083333333333337,1.8541666666666667,21.041666666666668,71.64583333333333,5.166666666666667,0.0,0.0
GPT2-XL,L37,Attn/QKV/weight,7680000,0.0,0,0.0,0,0.0,-0.2648256719112396,0.33063387870788574,0.33063387870788574,0.00020833333333333335,0.0018880208333333333,0.017669270833333334,0.17619791666666668,1.7666015625,17.405,79.03421875,1.5982161458333335,0.0,0.0
GPT2-XL,L37,FFN/Intermediate/bias,6400,0.0,0,0.0,0,0.0,-0.10774198174476624,0.10690446197986603,0.10774198174476624,0.0,0.0,0.015625,0.171875,1.515625,16.390625,81.875,0.03125,0.0,0.0
GPT2-XL,L37,FFN/Intermediate/weight,10240000,0.0,0,0.0,0,0.0,-0.23739826679229736,0.39926406741142273,0.39926406741142273,0.000185546875,0.001962890625,0.01833984375,0.184228515625,1.8503320312499998,18.18984375,78.68107421875,1.0740332031250002,0.0,0.0
GPT2-XL,L37,FFN/Output/bias,1600,0.0,0,0.0,0,0.0,-0.19588008522987366,0.3194716274738312,0.3194716274738312,0.0,0.0,0.0,0.125,2.5,20.5,76.5625,0.3125,0.0,0.0
GPT2-XL,L37,FFN/Output/weight,10240000,0.0,0,0.0,0,0.0,-0.5829241871833801,0.7833734750747681,0.7833734750747681,0.0001953125,0.00142578125,0.015693359375,0.155517578125,1.5603125,15.41880859375,79.524189453125,3.3238574218749997,0.0,0.0
GPT2-XL,L37,LayerNorm/ln_1/bias,1600,0.0,0,0.0,0,0.0,-0.41699716448783875,0.9725126028060913,0.9725126028060913,0.0,0.0,0.0,0.0625,1.8124999999999998,21.9375,74.9375,1.25,0.0,0.0
GPT2-XL,L37,LayerNorm/ln_1/weight,1600,0.0,1,0.0625,0,0.0,0.0654383972287178,1.093017578125,1.093017578125,0.0,0.0,0.0,0.0,0.0,0.0,0.0625,99.875,0.0625,0.0
GPT2-XL,L37,LayerNorm/ln_2/bias,1600,0.0,0,0.0,0,0.0,-0.596690833568573,0.6464353203773499,0.6464353203773499,0.0,0.0,0.0625,0.1875,1.8124999999999998,18.0,78.25,1.6875,0.0,0.0
GPT2-XL,L37,LayerNorm/ln_2/weight,1600,0.0,0,0.0,0,0.0,0.10990575700998306,0.8955405354499817,0.8955405354499817,0.0,0.0,0.0,0.0,0.0,0.0,0.0,100.0,0.0,0.0
GPT2-XL,L38,Attn/O/bias,1600,0.0,0,0.0,0,0.0,-0.28110459446907043,0.5440728664398193,0.5440728664398193,0.0,0.0,0.0625,0.125,2.0,23.8125,73.25,0.75,0.0,0.0
GPT2-XL,L38,Attn/O/weight,2560000,0.0,0,0.0,0,0.0,-0.6780848503112793,0.8156871795654297,0.8156871795654297,0.0001953125,0.0013671875000000001,0.0172265625,0.17156249999999998,1.719765625,16.9334375,79.24765624999999,1.9087890625,0.0,0.0
GPT2-XL,L38,Attn/QKV/bias,4800,0.0,0,0.0,0,0.0,-0.2516547441482544,0.2871854603290558,0.2871854603290558,0.0,0.0,0.020833333333333336,0.22916666666666666,2.375,19.979166666666668,73.25,4.145833333333333,0.0,0.0
GPT2-XL,L38,Attn/QKV/weight,7680000,0.0,0,0.0,0,0.0,-0.21990585327148438,0.22358937561511993,0.22358937561511993,0.00013020833333333333,0.0020182291666666664,0.017916666666666668,0.17683593749999998,1.7562760416666667,17.358697916666664,79.12872395833334,1.5594010416666666,0.0,0.0
GPT2-XL,L38,FFN/Intermediate/bias,6400,0.0,0,0.0,0,0.0,-0.08820971846580505,0.15846996009349823,0.15846996009349823,0.0,0.0,0.0,0.09375,1.28125,16.296875,82.3125,0.015625,0.0,0.0
GPT2-XL,L38,FFN/Intermediate/weight,10240000,0.0,0,0.0,0,0.0,-0.3271927237510681,0.39530009031295776,0.39530009031295776,0.00037109375,0.0018066406249999999,0.018359375,0.18358398437499998,1.8378222656249998,18.167294921874998,78.69630859375,1.094453125,0.0,0.0
GPT2-XL,L38,FFN/Output/bias,1600,0.0,0,0.0,0,0.0,-0.15346044301986694,0.2545125484466553,0.2545125484466553,0.0,0.0,0.0,0.1875,2.3125,24.125,73.125,0.25,0.0,0.0
GPT2-XL,L38,FFN/Output/weight,10240000,0.0,4,3.90625e-05,0,0.0,-0.7971502542495728,1.575122356414795,1.575122356414795,0.00017578125,0.0013671875000000001,0.015185546875,0.15509765625,1.54263671875,15.26296875,79.517138671875,3.5053906250000004,3.90625e-05,0.0
GPT2-XL,L38,LayerNorm/ln_1/bias,1600,0.0,0,0.0,0,0.0,-0.34370750188827515,0.6681191325187683,0.6681191325187683,0.0,0.0,0.0,0.3125,1.7500000000000002,20.25,76.1875,1.5,0.0,0.0
GPT2-XL,L38,LayerNorm/ln_1/weight,1600,0.0,0,0.0,0,0.0,0.06243837624788284,0.9413569569587708,0.9413569569587708,0.0,0.0,0.0,0.0,0.0,0.0,0.125,99.875,0.0,0.0
GPT2-XL,L38,LayerNorm/ln_2/bias,1600,0.0,0,0.0,0,0.0,-0.5388509631156921,0.719914972782135,0.719914972782135,0.0,0.0,0.0,0.25,1.7500000000000002,16.875,79.6875,1.4375,0.0,0.0
GPT2-XL,L38,LayerNorm/ln_2/weight,1600,0.0,0,0.0,0,0.0,0.11295125633478165,0.9043611884117126,0.9043611884117126,0.0,0.0,0.0,0.0,0.0,0.0,0.0,100.0,0.0,0.0
GPT2-XL,L39,Attn/O/bias,1600,0.0,0,0.0,0,0.0,-0.2425357699394226,0.5954045057296753,0.5954045057296753,0.0,0.0,0.0,0.25,0.9375,19.6875,78.125,1.0,0.0,0.0
GPT2-XL,L39,Attn/O/weight,2560000,0.0,1,3.90625e-05,0,0.0,-1.0366833209991455,0.6813873648643494,1.0366833209991455,0.00015625,0.0016796875,0.018125,0.1693359375,1.7155859374999998,16.9257421875,79.15359375,2.0157421875000003,3.90625e-05,0.0
GPT2-XL,L39,Attn/QKV/bias,4800,0.0,0,0.0,0,0.0,-0.23480597138404846,0.33367499709129333,0.33367499709129333,0.0,0.0,0.0,0.27083333333333337,2.125,21.666666666666668,71.33333333333334,4.604166666666667,0.0,0.0
GPT2-XL,L39,Attn/QKV/weight,7680000,0.0,0,0.0,0,0.0,-0.2545282244682312,0.27302539348602295,0.27302539348602295,0.0001953125,0.0014713541666666668,0.017643229166666666,0.17395833333333335,1.7546875,17.3821484375,79.07184895833333,1.598046875,0.0,0.0
GPT2-XL,L39,FFN/Intermediate/bias,6400,0.0,0,0.0,0,0.0,-0.08580582588911057,0.07386765629053116,0.08580582588911057,0.0,0.0,0.015625,0.10937500000000001,1.328125,16.078125,82.46875,0.0,0.0,0.0
GPT2-XL,L39,FFN/Intermediate/weight,10240000,0.0,0,0.0,0,0.0,-0.31984350085258484,0.24792663753032684,0.31984350085258484,0.00027343749999999997,0.0017968749999999999,0.018291015625,0.182900390625,1.834013671875,18.115185546875,78.730224609375,1.117314453125,0.0,0.0
GPT2-XL,L39,FFN/Output/bias,1600,0.0,0,0.0,0,0.0,-0.16362017393112183,0.3730916678905487,0.3730916678905487,0.0,0.0625,0.0,0.125,1.4375,22.8125,75.0625,0.5,0.0,0.0
GPT2-XL,L39,FFN/Output/weight,10240000,0.0,1,9.765625e-06,0,0.0,-0.7977513670921326,1.5950427055358887,1.5950427055358887,0.000234375,0.001552734375,0.015009765625000001,0.152373046875,1.52787109375,15.112158203125,79.511416015625,3.679375,9.765625e-06,0.0
GPT2-XL,L39,LayerNorm/ln_1/bias,1600,0.0,0,0.0,0,0.0,-0.3160840570926666,0.6817003488540649,0.6817003488540649,0.0,0.0,0.0625,0.1875,1.9375,18.0625,77.75,2.0,0.0,0.0
GPT2-XL,L39,LayerNorm/ln_1/weight,1600,0.0,1,0.0625,0,0.0,0.06167248263955116,1.0774019956588745,1.0774019956588745,0.0,0.0,0.0,0.0,0.0,0.0,0.0625,99.875,0.0625,0.0
GPT2-XL,L39,LayerNorm/ln_2/bias,1600,0.0,0,0.0,0,0.0,-0.65375816822052,0.7189412713050842,0.7189412713050842,0.0,0.0,0.0,0.125,1.1875,17.0625,80.75,0.8750000000000001,0.0,0.0
GPT2-XL,L39,LayerNorm/ln_2/weight,1600,0.0,0,0.0,0,0.0,0.11229173094034195,0.9163245558738708,0.9163245558738708,0.0,0.0,0.0,0.0,0.0,0.0,0.0,100.0,0.0,0.0
GPT2-XL,L3,Attn/O/bias,1600,0.0,0,0.0,0,0.0,-0.6182494163513184,0.15272752940654755,0.6182494163513184,0.0,0.0,0.0,0.125,1.125,14.9375,81.1875,2.625,0.0,0.0
GPT2-XL,L3,Attn/O/weight,2560000,0.0,16,0.000625,0,0.0,-1.5499505996704102,1.3452547788619995,1.5499505996704102,0.00027343749999999997,0.0027343750000000003,0.025546875,0.2660546875,2.60953125,25.4396484375,71.4930859375,0.1625,0.000625,0.0
GPT2-XL,L3,Attn/QKV/bias,4800,0.0,0,0.0,0,0.0,-0.7129331827163696,0.7499808669090271,0.7499808669090271,0.020833333333333336,0.0,0.0,0.20833333333333334,1.9166666666666665,21.4375,69.41666666666667,7.000000000000001,0.0,0.0
GPT2-XL,L3,Attn/QKV/weight,7680000,0.0,0,0.0,0,0.0,-0.3528585433959961,0.3159222900867462,0.3528585433959961,0.00026041666666666666,0.0023307291666666667,0.022682291666666667,0.22184895833333332,2.203046875,21.34290364583333,73.08263020833333,3.1242968749999998,0.0,0.0
GPT2-XL,L3,FFN/Intermediate/bias,6400,0.0,0,0.0,0,0.0,-0.2004857212305069,0.13479989767074585,0.2004857212305069,0.0,0.0,0.0,0.078125,0.375,4.5,93.71875,1.328125,0.0,0.0
GPT2-XL,L3,FFN/Intermediate/weight,10240000,0.0,0,0.0,0,0.0,-0.39091455936431885,0.3258821964263916,0.39091455936431885,0.00022460937499999998,0.0018359375000000001,0.018271484374999997,0.18830078125,1.876767578125,18.502734375,78.190380859375,1.221484375,0.0,0.0
GPT2-XL,L3,FFN/Output/bias,1600,0.0,0,0.0,0,0.0,-0.465281218290329,0.13213467597961426,0.465281218290329,0.0,0.0,0.0625,0.3125,1.375,16.625,80.5625,1.0625,0.0,0.0
GPT2-XL,L3,FFN/Output/weight,10240000,0.0,8,7.8125e-05,0,0.0,-1.51662278175354,0.8862394690513611,1.51662278175354,0.000244140625,0.002109375,0.02029296875,0.212138671875,2.1316015625,20.97357421875,76.02791015625,0.63205078125,7.8125e-05,0.0
GPT2-XL,L3,LayerNorm/ln_1/bias,1600,0.0,0,0.0,0,0.0,-0.3504452407360077,0.43453851342201233,0.43453851342201233,0.0,0.0,0.0,0.125,2.1875,16.1875,76.3125,5.1875,0.0,0.0
GPT2-XL,L3,LayerNorm/ln_1/weight,1600,0.0,0,0.0,0,0.0,0.16939657926559448,0.9482084512710571,0.9482084512710571,0.0,0.0,0.0,0.0,0.0,0.0,0.0,100.0,0.0,0.0
GPT2-XL,L3,LayerNorm/ln_2/bias,1600,0.0,0,0.0,0,0.0,-0.46712127327919006,0.31767264008522034,0.46712127327919006,0.0,0.0,0.0,0.25,1.0,10.375,73.0625,15.312500000000002,0.0,0.0
GPT2-XL,L3,LayerNorm/ln_2/weight,1600,0.0,1,0.0625,0,0.0,0.1980285942554474,1.0381537675857544,1.0381537675857544,0.0,0.0,0.0,0.0,0.0,0.0,0.0,99.9375,0.0625,0.0
GPT2-XL,L40,Attn/O/bias,1600,0.0,0,0.0,0,0.0,-0.26566705107688904,0.6317128539085388,0.6317128539085388,0.0,0.0,0.0,0.25,1.375,18.5625,78.0,1.8124999999999998,0.0,0.0
GPT2-XL,L40,Attn/O/weight,2560000,0.0,0,0.0,0,0.0,-0.868338942527771,0.9882491230964661,0.9882491230964661,0.0001953125,0.001875,0.0173046875,0.165625,1.6888281250000001,16.646953125,79.361015625,2.118203125,0.0,0.0
GPT2-XL,L40,Attn/QKV/bias,4800,0.0,0,0.0,0,0.0,-0.21491363644599915,0.2523795962333679,0.2523795962333679,0.0,0.0,0.020833333333333336,0.4583333333333333,2.2916666666666665,20.520833333333332,72.3125,4.395833333333334,0.0,0.0
GPT2-XL,L40,Attn/QKV/weight,7680000,0.0,0,0.0,0,0.0,-0.30870485305786133,0.31752780079841614,0.31752780079841614,0.00020833333333333335,0.0018489583333333333,0.01815104166666667,0.17752604166666666,1.7456770833333333,17.299036458333333,79.1444140625,1.6131380208333335,0.0,0.0
GPT2-XL,L40,FFN/Intermediate/bias,6400,0.0,0,0.0,0,0.0,-0.12600885331630707,0.08033931255340576,0.12600885331630707,0.0,0.0,0.0,0.125,1.21875,15.437500000000002,83.1875,0.03125,0.0,0.0
GPT2-XL,L40,FFN/Intermediate/weight,10240000,0.0,0,0.0,0,0.0,-0.3726728558540344,0.4768974184989929,0.4768974184989929,0.000185546875,0.001923828125,0.018369140625,0.18279296874999998,1.8313085937500002,18.065126953125,78.75536132812499,1.144931640625,0.0,0.0
GPT2-XL,L40,FFN/Output/bias,1600,0.0,0,0.0,0,0.0,-0.23367418348789215,0.39468538761138916,0.39468538761138916,0.0,0.0,0.0,0.1875,2.375,23.8125,73.1875,0.43750000000000006,0.0,0.0
GPT2-XL,L40,FFN/Output/weight,10240000,0.0,2,1.953125e-05,0,0.0,-0.661145806312561,1.512035846710205,1.512035846710205,0.0001171875,0.0015820312499999999,0.015292968749999998,0.15108398437499998,1.5026074218749998,14.923798828125001,79.45900390625,3.946494140625,1.953125e-05,0.0
GPT2-XL,L40,LayerNorm/ln_1/bias,1600,0.0,0,0.0,0,0.0,-0.38960620760917664,0.7261687517166138,0.7261687517166138,0.0,0.0,0.0,0.1875,1.5625,17.125,79.0625,2.0625,0.0,0.0
GPT2-XL,L40,LayerNorm/ln_1/weight,1600,0.0,1,0.0625,0,0.0,0.058284640312194824,1.0694797039031982,1.0694797039031982,0.0,0.0,0.0,0.0,0.0,0.0,0.0625,99.875,0.0625,0.0
GPT2-XL,L40,LayerNorm/ln_2/bias,1600,0.0,0,0.0,0,0.0,-0.6487451195716858,0.7482965588569641,0.7482965588569641,0.0,0.0,0.0,0.0625,1.875,17.8125,79.1875,1.0625,0.0,0.0
GPT2-XL,L40,LayerNorm/ln_2/weight,1600,0.0,0,0.0,0,0.0,0.12542307376861572,0.9297354817390442,0.9297354817390442,0.0,0.0,0.0,0.0,0.0,0.0,0.0,100.0,0.0,0.0
GPT2-XL,L41,Attn/O/bias,1600,0.0,0,0.0,0,0.0,-0.3621535897254944,0.8157987594604492,0.8157987594604492,0.0,0.0,0.0,0.3125,2.0625,21.0625,74.9375,1.625,0.0,0.0
GPT2-XL,L41,Attn/O/weight,2560000,0.0,2,7.8125e-05,0,0.0,-1.1378268003463745,1.0166653394699097,1.1378268003463745,0.000234375,0.0019921875,0.0159375,0.169296875,1.7074609375,16.898984375,79.29664062500001,1.909375,7.8125e-05,0.0
GPT2-XL,L41,Attn/QKV/bias,4800,0.0,0,0.0,0,0.0,-0.2884991765022278,0.20425821840763092,0.2884991765022278,0.0,0.0,0.0,0.1875,2.166666666666667,21.333333333333336,71.3125,5.0,0.0,0.0
GPT2-XL,L41,Attn/QKV/weight,7680000,0.0,0,0.0,0,0.0,-0.281561017036438,0.3326626718044281,0.3326626718044281,0.00018229166666666667,0.0019270833333333332,0.016627604166666667,0.17588541666666666,1.7545703124999998,17.25768229166667,79.145703125,1.6474218749999998,0.0,0.0
GPT2-XL,L41,FFN/Intermediate/bias,6400,0.0,0,0.0,0,0.0,-0.1071997806429863,0.1810651421546936,0.1810651421546936,0.0,0.0,0.03125,0.171875,1.515625,15.375,82.859375,0.046875,0.0,0.0
GPT2-XL,L41,FFN/Intermediate/weight,10240000,0.0,0,0.0,0,0.0,-0.42282870411872864,0.37482166290283203,0.42282870411872864,0.00027343749999999997,0.0018457031250000001,0.018955078125,0.180087890625,1.8259472656250002,18.008339843749997,78.795517578125,1.1690332031250001,0.0,0.0
GPT2-XL,L41,FFN/Output/bias,1600,0.0,0,0.0,0,0.0,-0.28654834628105164,0.4627516269683838,0.4627516269683838,0.0,0.0,0.0625,0.125,2.75,22.75,73.5625,0.75,0.0,0.0
GPT2-XL,L41,FFN/Output/weight,10240000,0.0,1,9.765625e-06,0,0.0,-1.8173089027404785,0.9997954964637756,1.8173089027404785,0.0001171875,0.0015820312499999999,0.015371093750000002,0.148037109375,1.49630859375,14.816953124999998,79.44950195312501,4.072119140625,9.765625e-06,0.0
GPT2-XL,L41,LayerNorm/ln_1/bias,1600,0.0,0,0.0,0,0.0,-0.3648349940776825,0.7884361743927002,0.7884361743927002,0.0,0.0,0.0,0.125,1.8124999999999998,15.187500000000002,80.5625,2.3125,0.0,0.0
GPT2-XL,L41,LayerNorm/ln_1/weight,1600,0.0,1,0.0625,0,0.0,0.05597405508160591,1.02056086063385,1.02056086063385,0.0,0.0,0.0,0.0,0.0,0.0,0.125,99.8125,0.0625,0.0
GPT2-XL,L41,LayerNorm/ln_2/bias,1600,0.0,0,0.0,0,0.0,-0.5561209917068481,0.7071267366409302,0.7071267366409302,0.0,0.0,0.0,0.3125,2.0,21.75,75.0625,0.8750000000000001,0.0,0.0
GPT2-XL,L41,LayerNorm/ln_2/weight,1600,0.0,0,0.0,0,0.0,0.1481936126947403,0.9385499954223633,0.9385499954223633,0.0,0.0,0.0,0.0,0.0,0.0,0.0,100.0,0.0,0.0
GPT2-XL,L42,Attn/O/bias,1600,0.0,0,0.0,0,0.0,-0.4245383143424988,0.8876830339431763,0.8876830339431763,0.0,0.0,0.0625,0.0625,2.0625,18.75,77.3125,1.7500000000000002,0.0,0.0
GPT2-XL,L42,Attn/O/weight,2560000,0.0,16,0.000625,0,0.0,-1.993996500968933,1.6768157482147217,1.993996500968933,7.8125e-05,0.0015625,0.01765625,0.16820312499999998,1.7096875,16.8523046875,79.0853125,2.1645703125,0.000625,0.0
GPT2-XL,L42,Attn/QKV/bias,4800,0.0,0,0.0,0,0.0,-0.3275415599346161,0.2449345737695694,0.3275415599346161,0.0,0.0,0.0,0.10416666666666667,2.2916666666666665,22.041666666666668,70.47916666666667,5.083333333333333,0.0,0.0
GPT2-XL,L42,Attn/QKV/weight,7680000,0.0,0,0.0,0,0.0,-0.293285608291626,0.29225900769233704,0.293285608291626,0.00018229166666666667,0.001484375,0.017643229166666666,0.1780859375,1.7562369791666668,17.400091145833333,79.0182421875,1.6280338541666668,0.0,0.0
GPT2-XL,L42,FFN/Intermediate/bias,6400,0.0,0,0.0,0,0.0,-0.11113550513982773,0.1916511356830597,0.1916511356830597,0.0,0.0,0.03125,0.09375,1.7343750000000002,18.203125,79.90625,0.03125,0.0,0.0
GPT2-XL,L42,FFN/Intermediate/weight,10240000,0.0,0,0.0,0,0.0,-0.3868347108364105,0.35714858770370483,0.3868347108364105,0.00021484375,0.0018457031250000001,0.018203125,0.18259765625,1.8059375,17.903720703125,78.8633203125,1.22416015625,0.0,0.0
GPT2-XL,L42,FFN/Output/bias,1600,0.0,0,0.0,0,0.0,-0.35011571645736694,0.42013880610466003,0.42013880610466003,0.0,0.0,0.0,0.1875,2.5625,24.875,71.875,0.5,0.0,0.0
GPT2-XL,L42,FFN/Output/weight,10240000,0.0,9,8.7890625e-05,0,0.0,-0.8098013997077942,2.066540479660034,2.066540479660034,0.000126953125,0.00154296875,0.01484375,0.147265625,1.477939453125,14.655771484374998,79.36275390625,4.339667968750001,8.7890625e-05,0.0
GPT2-XL,L42,LayerNorm/ln_1/bias,1600,0.0,0,0.0,0,0.0,-0.40281885862350464,0.7485074400901794,0.7485074400901794,0.0,0.0,0.0,0.125,1.125,12.4375,82.3125,4.0,0.0,0.0
GPT2-XL,L42,LayerNorm/ln_1/weight,1600,0.0,1,0.0625,0,0.0,0.06859683245420456,1.1194379329681396,1.1194379329681396,0.0,0.0,0.0,0.0,0.0,0.0,0.0625,99.875,0.0625,0.0
GPT2-XL,L42,LayerNorm/ln_2/bias,1600,0.0,0,0.0,0,0.0,-0.5974171757698059,0.7062382698059082,0.7062382698059082,0.0,0.0,0.0,0.0625,2.0,21.0625,76.125,0.75,0.0,0.0
GPT2-XL,L42,LayerNorm/ln_2/weight,1600,0.0,0,0.0,0,0.0,0.1147603988647461,0.9560006856918335,0.9560006856918335,0.0,0.0,0.0,0.0,0.0,0.0,0.0,100.0,0.0,0.0
GPT2-XL,L43,Attn/O/bias,1600,0.0,1,0.0625,0,0.0,-0.5906747579574585,1.0663857460021973,1.0663857460021973,0.0,0.0,0.0,0.1875,1.125,16.5,79.4375,2.6875,0.0625,0.0
GPT2-XL,L43,Attn/O/weight,2560000,0.0,13,0.0005078125,0,0.0,-1.9313154220581055,1.4550626277923584,1.9313154220581055,0.000234375,0.0014453125,0.017734375,0.164140625,1.6687500000000002,16.5325390625,79.3360546875,2.2785937499999998,0.0005078125,0.0
GPT2-XL,L43,Attn/QKV/bias,4800,0.0,0,0.0,0,0.0,-0.26053863763809204,0.2757008969783783,0.2757008969783783,0.0,0.0,0.0,0.22916666666666666,1.8958333333333335,22.333333333333332,70.89583333333334,4.645833333333333,0.0,0.0
GPT2-XL,L43,Attn/QKV/weight,7680000,0.0,0,0.0,0,0.0,-0.22739040851593018,0.29940342903137207,0.29940342903137207,0.00015625,0.001953125,0.016848958333333334,0.173671875,1.7376562500000001,17.182669270833333,79.22123697916666,1.6658072916666666,0.0,0.0
GPT2-XL,L43,FFN/Intermediate/bias,6400,0.0,0,0.0,0,0.0,-0.10212774574756622,0.1424601972103119,0.1424601972103119,0.0,0.0,0.015625,0.1875,1.578125,19.828125,78.359375,0.03125,0.0,0.0
GPT2-XL,L43,FFN/Intermediate/weight,10240000,0.0,0,0.0,0,0.0,-0.3609865605831146,0.3214995265007019,0.3609865605831146,0.00015625,0.0016113281250000001,0.017646484375,0.17923828125,1.797548828125,17.813115234374997,78.9116796875,1.27900390625,0.0,0.0
GPT2-XL,L43,FFN/Output/bias,1600,0.0,0,0.0,0,0.0,-0.42192354798316956,0.421683669090271,0.42192354798316956,0.0,0.0,0.0,0.25,2.3125,24.6875,72.0,0.75,0.0,0.0
GPT2-XL,L43,FFN/Output/weight,10240000,0.0,34,0.00033203125,0,0.0,-1.0938061475753784,1.8000426292419434,1.8000426292419434,0.00022460937499999998,0.001787109375,0.014374999999999999,0.146044921875,1.4609375,14.533466796875,79.249892578125,4.592939453125,0.00033203124999999997,0.0
GPT2-XL,L43,LayerNorm/ln_1/bias,1600,0.0,0,0.0,0,0.0,-0.45140597224235535,0.9029519557952881,0.9029519557952881,0.0,0.0,0.0,0.0625,1.6875,14.000000000000002,80.75,3.5000000000000004,0.0,0.0
GPT2-XL,L43,LayerNorm/ln_1/weight,1600,0.0,1,0.0625,0,0.0,0.0670241117477417,1.0343631505966187,1.0343631505966187,0.0,0.0,0.0,0.0,0.0,0.0,0.0625,99.875,0.0625,0.0
GPT2-XL,L43,LayerNorm/ln_2/bias,1600,0.0,0,0.0,0,0.0,-0.6126262545585632,0.6690962314605713,0.6690962314605713,0.0,0.0,0.125,0.1875,1.5625,19.4375,77.8125,0.8750000000000001,0.0,0.0
GPT2-XL,L43,LayerNorm/ln_2/weight,1600,0.0,0,0.0,0,0.0,0.14061664044857025,0.9713762998580933,0.9713762998580933,0.0,0.0,0.0,0.0,0.0,0.0,0.0,100.0,0.0,0.0
GPT2-XL,L44,Attn/O/bias,1600,0.0,1,0.0625,0,0.0,-0.8018616437911987,1.1596519947052002,1.1596519947052002,0.0,0.0,0.0,0.25,2.125,18.125,77.9375,1.5,0.0625,0.0
GPT2-XL,L44,Attn/O/weight,2560000,0.0,60,0.00234375,0,0.0,-2.1180102825164795,2.3653974533081055,2.3653974533081055,0.000234375,0.0018359375000000001,0.016171875,0.1681640625,1.6934765625000001,16.775390625,78.9775,2.3648828125,0.00234375,0.0
GPT2-XL,L44,Attn/QKV/bias,4800,0.0,0,0.0,0,0.0,-0.23846489191055298,0.2663393020629883,0.2663393020629883,0.0,0.0,0.04166666666666667,0.27083333333333337,2.1875,20.916666666666668,70.70833333333333,5.875,0.0,0.0
GPT2-XL,L44,Attn/QKV/weight,7680000,0.0,0,0.0,0,0.0,-0.25838327407836914,0.30361831188201904,0.30361831188201904,0.000234375,0.001640625,0.018125,0.17591145833333333,1.7649479166666666,17.438411458333334,78.96571614583333,1.6350130208333333,0.0,0.0
GPT2-XL,L44,FFN/Intermediate/bias,6400,0.0,0,0.0,0,0.0,-0.24024975299835205,0.10218022018671036,0.24024975299835205,0.0,0.0,0.078125,0.171875,2.140625,25.234374999999996,72.25,0.125,0.0,0.0
GPT2-XL,L44,FFN/Intermediate/weight,10240000,0.0,0,0.0,0,0.0,-0.9011976718902588,0.2816343307495117,0.9011976718902588,0.000234375,0.001787109375,0.0181640625,0.178564453125,1.7848828125,17.643642578125,78.98375,1.388974609375,0.0,0.0
GPT2-XL,L44,FFN/Output/bias,1600,0.0,0,0.0,0,0.0,-0.690707266330719,0.5804567337036133,0.690707266330719,0.0,0.0,0.125,0.3125,2.75,28.3125,67.9375,0.5625,0.0,0.0
GPT2-XL,L44,FFN/Output/weight,10240000,0.0,54,0.00052734375,0,0.0,-1.1441878080368042,2.344980478286743,2.344980478286743,0.0001953125,0.0013281249999999999,0.0146484375,0.14524414062500002,1.449921875,14.360048828124999,79.12558593749999,4.9025,0.00052734375,0.0
GPT2-XL,L44,LayerNorm/ln_1/bias,1600,0.0,0,0.0,0,0.0,-0.4244591295719147,0.7074279189109802,0.7074279189109802,0.0,0.0,0.0,0.125,1.5,9.125,82.0625,7.187499999999999,0.0,0.0
GPT2-XL,L44,LayerNorm/ln_1/weight,1600,0.0,1,0.0625,0,0.0,0.07480493932962418,1.1056861877441406,1.1056861877441406,0.0,0.0,0.0,0.0,0.0,0.0,0.0625,99.875,0.0625,0.0
GPT2-XL,L44,LayerNorm/ln_2/bias,1600,0.0,0,0.0,0,0.0,-0.6017707586288452,0.6313490271568298,0.6313490271568298,0.0,0.0,0.0,0.25,1.5,17.8125,78.9375,1.5,0.0,0.0
GPT2-XL,L44,LayerNorm/ln_2/weight,1600,0.0,0,0.0,0,0.0,0.14800778031349182,0.9888833165168762,0.9888833165168762,0.0,0.0,0.0,0.0,0.0,0.0,0.0,100.0,0.0,0.0
GPT2-XL,L45,Attn/O/bias,1600,0.0,2,0.125,0,0.0,-1.114235281944275,1.0115677118301392,1.114235281944275,0.0,0.0,0.0,0.1875,2.3125,20.5,75.3125,1.5625,0.125,0.0
GPT2-XL,L45,Attn/O/weight,2560000,0.0,87,0.0033984375,0,0.0,-2.2564780712127686,2.3582870960235596,2.3582870960235596,0.0001953125,0.0016796875,0.0165625,0.17156249999999998,1.7346484374999998,17.0809375,78.94417968750001,2.0468359375,0.0033984374999999995,0.0
GPT2-XL,L45,Attn/QKV/bias,4800,0.0,0,0.0,0,0.0,-0.23902113735675812,0.2625311017036438,0.2625311017036438,0.0,0.0,0.0,0.3125,2.2916666666666665,21.145833333333332,71.14583333333333,5.104166666666667,0.0,0.0
GPT2-XL,L45,Attn/QKV/weight,7680000,0.0,0,0.0,0,0.0,-0.24500517547130585,0.30829575657844543,0.30829575657844543,0.0002473958333333333,0.0019921875,0.017994791666666666,0.1784765625,1.7793880208333335,17.617708333333333,78.5180078125,1.8861848958333334,0.0,0.0
GPT2-XL,L45,FFN/Intermediate/bias,6400,0.0,0,0.0,0,0.0,-0.4152366816997528,0.20077532529830933,0.4152366816997528,0.0,0.0,0.046875,0.328125,2.953125,31.984375,64.609375,0.078125,0.0,0.0
GPT2-XL,L45,FFN/Intermediate/weight,10240000,0.0,1,9.765625e-06,0,0.0,-1.3319323062896729,0.31726956367492676,1.3319323062896729,0.0001953125,0.001904296875,0.01734375,0.174560546875,1.7520800781249999,17.359345703125,79.07859375000001,1.615966796875,9.765625e-06,0.0
GPT2-XL,L45,FFN/Output/bias,1600,0.0,0,0.0,0,0.0,-0.9615952968597412,0.4102521240711212,0.9615952968597412,0.0,0.0,0.0,0.0625,2.6875,24.1875,72.625,0.43750000000000006,0.0,0.0
GPT2-XL,L45,FFN/Output/weight,10240000,0.0,139,0.001357421875,0,0.0,-1.8094619512557983,3.264630079269409,3.264630079269409,0.0001953125,0.001337890625,0.014423828125,0.143330078125,1.4318261718749998,14.124892578125001,78.8291015625,5.45353515625,0.001357421875,0.0
GPT2-XL,L45,LayerNorm/ln_1/bias,1600,0.0,0,0.0,0,0.0,-0.37532657384872437,0.5440835356712341,0.5440835356712341,0.0,0.0,0.0,0.0625,0.3125,7.75,79.4375,12.4375,0.0,0.0
GPT2-XL,L45,LayerNorm/ln_1/weight,1600,0.0,1,0.0625,0,0.0,0.1047118753194809,1.0386673212051392,1.0386673212051392,0.0,0.0,0.0,0.0,0.0,0.0,0.0,99.9375,0.0625,0.0
GPT2-XL,L45,LayerNorm/ln_2/bias,1600,0.0,0,0.0,0,0.0,-0.5063478350639343,0.628158450126648,0.628158450126648,0.0,0.0,0.0,0.125,1.125,16.75,79.8125,2.1875,0.0,0.0
GPT2-XL,L45,LayerNorm/ln_2/weight,1600,0.0,20,1.25,0,0.0,0.1425158530473709,1.041966438293457,1.041966438293457,0.0,0.0,0.0,0.0,0.0,0.0,0.0,98.75,1.25,0.0
GPT2-XL,L46,Attn/O/bias,1600,0.0,1,0.0625,0,0.0,-1.6055467128753662,0.6476625800132751,1.6055467128753662,0.0,0.0,0.0,0.0625,1.5625,24.5625,72.6875,1.0625,0.0625,0.0
GPT2-XL,L46,Attn/O/weight,2560000,0.0,168,0.0065625,0,0.0,-2.651146411895752,2.6857221126556396,2.6857221126556396,0.000234375,0.00171875,0.0180078125,0.1791015625,1.7901171875,17.5369140625,78.6797265625,1.7876171875,0.0065625,0.0
GPT2-XL,L46,Attn/QKV/bias,4800,0.0,0,0.0,0,0.0,-0.23410792648792267,0.26347821950912476,0.26347821950912476,0.0,0.0,0.020833333333333336,0.22916666666666666,2.1458333333333335,18.8125,73.625,5.166666666666667,0.0,0.0
GPT2-XL,L46,Attn/QKV/weight,7680000,0.0,0,0.0,0,0.0,-0.3126530349254608,0.32519492506980896,0.32519492506980896,0.00020833333333333335,0.0022005208333333334,0.018111979166666667,0.185703125,1.8559765624999998,18.21600260416667,77.46701822916665,2.2547786458333334,0.0,0.0
GPT2-XL,L46,FFN/Intermediate/bias,6400,0.0,0,0.0,0,0.0,-0.3962402045726776,0.1665717214345932,0.3962402045726776,0.0,0.0,0.0,0.484375,3.6249999999999996,34.796875,61.01562499999999,0.078125,0.0,0.0
GPT2-XL,L46,FFN/Intermediate/weight,10240000,0.0,2,1.953125e-05,0,0.0,-1.6255319118499756,0.6663350462913513,1.6255319118499756,0.00015625,0.00162109375,0.017041015625,0.17248046875,1.7175585937500002,16.970517578124998,79.19344726562501,1.927158203125,1.953125e-05,0.0
GPT2-XL,L46,FFN/Output/bias,1600,0.0,0,0.0,0,0.0,-0.5161452889442444,0.18157652020454407,0.5161452889442444,0.0,0.0625,0.0,0.0625,1.875,17.0625,80.3125,0.625,0.0,0.0
GPT2-XL,L46,FFN/Output/weight,10240000,0.0,208,0.00203125,0,0.0,-2.7086963653564453,4.312443733215332,4.312443733215332,8.7890625e-05,0.001396484375,0.014160156249999998,0.137138671875,1.38560546875,13.801074218750001,78.61068359375,6.047822265624999,0.00203125,0.0
GPT2-XL,L46,LayerNorm/ln_1/bias,1600,0.0,0,0.0,0,0.0,-0.5381181240081787,0.455583781003952,0.5381181240081787,0.0,0.0,0.0,0.25,0.5625,5.5,77.1875,16.5,0.0,0.0
GPT2-XL,L46,LayerNorm/ln_1/weight,1600,0.0,1,0.0625,0,0.0,0.1997707188129425,1.0282655954360962,1.0282655954360962,0.0,0.0,0.0,0.0,0.0,0.0,0.0,99.9375,0.0625,0.0
GPT2-XL,L46,LayerNorm/ln_2/bias,1600,0.0,0,0.0,0,0.0,-0.4353007674217224,0.7845541834831238,0.7845541834831238,0.0,0.0,0.0625,0.25,1.125,13.9375,82.75,1.875,0.0,0.0
GPT2-XL,L46,LayerNorm/ln_2/weight,1600,0.0,311,19.4375,0,0.0,0.28612977266311646,1.0894138813018799,1.0894138813018799,0.0,0.0,0.0,0.0,0.0,0.0,0.0,80.5625,19.4375,0.0
GPT2-XL,L47,Attn/O/bias,1600,0.0,0,0.0,0,0.0,-0.5843188166618347,0.4585759937763214,0.5843188166618347,0.0,0.0,0.0,0.3125,2.25,26.125,70.6875,0.625,0.0,0.0
GPT2-XL,L47,Attn/O/weight,2560000,0.0,75,0.0029296875,0,0.0,-1.5591498613357544,1.9766316413879395,1.9766316413879395,0.00015625,0.001640625,0.018125,0.1872265625,1.8702734374999999,18.363125,78.1055078125,1.451015625,0.0029296875,0.0
GPT2-XL,L47,Attn/QKV/bias,4800,0.0,0,0.0,0,0.0,-0.1803039312362671,0.17441412806510925,0.1803039312362671,0.0,0.0,0.020833333333333336,0.3125,1.6666666666666667,19.041666666666668,77.29166666666667,1.6666666666666667,0.0,0.0
GPT2-XL,L47,Attn/QKV/weight,7680000,0.0,0,0.0,0,0.0,-0.34646549820899963,0.3735473155975342,0.3735473155975342,0.00013020833333333333,0.0017317708333333334,0.019010416666666665,0.19661458333333331,1.95953125,19.21490885416667,75.35998697916668,3.2480859374999995,0.0,0.0
GPT2-XL,L47,FFN/Intermediate/bias,6400,0.0,0,0.0,0,0.0,-0.9318952560424805,0.3870481550693512,0.9318952560424805,0.0,0.0,0.0,0.296875,3.0625,29.671874999999996,66.875,0.09375,0.0,0.0
GPT2-XL,L47,FFN/Intermediate/weight,10240000,0.0,3,2.9296875e-05,0,0.0,-1.2795425653457642,0.8447144031524658,1.2795425653457642,0.00027343749999999997,0.0017968749999999999,0.017001953125,0.17051757812499999,1.6925195312499999,16.71595703125,79.191005859375,2.2108984375,2.9296875e-05,0.0
GPT2-XL,L47,FFN/Output/bias,1600,0.0,0,0.0,0,0.0,-0.18567807972431183,0.15661492943763733,0.18567807972431183,0.0,0.0,0.0,0.0625,0.3125,4.1875,90.6875,4.75,0.0,0.0
GPT2-XL,L47,FFN/Output/weight,10240000,0.0,119,0.001162109375,0,0.0,-2.5708041191101074,5.822105884552002,5.822105884552002,9.765625e-05,0.001455078125,0.013281250000000001,0.13876953125,1.3729101562500001,13.6055078125,78.4821484375,6.3846679687500005,0.0011621093750000002,0.0
GPT2-XL,L47,LayerNorm/ln_1/bias,1600,0.0,0,0.0,0,0.0,-0.4317917823791504,0.4098675549030304,0.4317917823791504,0.0,0.0,0.0,0.0,1.5625,9.75,81.3125,7.375,0.0,0.0
GPT2-XL,L47,LayerNorm/ln_1/weight,1600,0.0,0,0.0,0,0.0,0.3906390070915222,0.9656617045402527,0.9656617045402527,0.0,0.0,0.0,0.0,0.0,0.0,0.0,100.0,0.0,0.0
GPT2-XL,L47,LayerNorm/ln_2/bias,1600,0.0,0,0.0,0,0.0,-0.555795431137085,0.7289966344833374,0.7289966344833374,0.0,0.0,0.0,0.0,1.4375,12.812499999999998,83.4375,2.3125,0.0,0.0
GPT2-XL,L47,LayerNorm/ln_2/weight,1600,0.0,134,8.375,0,0.0,0.33313581347465515,1.0774461030960083,1.0774461030960083,0.0,0.0,0.0,0.0,0.0,0.0,0.0,91.625,8.375,0.0
GPT2-XL,L4,Attn/O/bias,1600,0.0,0,0.0,0,0.0,-0.37818437814712524,0.17065581679344177,0.37818437814712524,0.0,0.0,0.0,0.125,2.125,13.750000000000002,79.5625,4.4375,0.0,0.0
GPT2-XL,L4,Attn/O/weight,2560000,0.0,0,0.0,0,0.0,-0.668171763420105,0.5571544170379639,0.668171763420105,0.000234375,0.0019921875,0.0235546875,0.243046875,2.478359375,24.3305078125,72.73671875,0.18558593750000002,0.0,0.0
GPT2-XL,L4,Attn/QKV/bias,4800,0.0,0,0.0,0,0.0,-0.7382814884185791,0.8972082734107971,0.8972082734107971,0.0,0.0,0.04166666666666667,0.3125,2.5416666666666665,23.8125,66.625,6.666666666666667,0.0,0.0
GPT2-XL,L4,Attn/QKV/weight,7680000,0.0,0,0.0,0,0.0,-0.3296104669570923,0.3239467144012451,0.3296104669570923,0.00022135416666666668,0.00234375,0.021966145833333336,0.21704427083333333,2.1700130208333333,21.1824609375,73.34104166666665,3.0649088541666667,0.0,0.0
GPT2-XL,L4,FFN/Intermediate/bias,6400,0.0,0,0.0,0,0.0,-0.22656570374965668,0.1398402601480484,0.22656570374965668,0.0,0.0,0.0,0.03125,0.390625,5.953125,92.453125,1.171875,0.0,0.0
GPT2-XL,L4,FFN/Intermediate/weight,10240000,0.0,0,0.0,0,0.0,-0.3374165892601013,0.3626839220523834,0.3626839220523834,0.0001953125,0.00173828125,0.019013671875000002,0.18711914062499999,1.8762500000000002,18.490537109374998,78.17673828125,1.248408203125,0.0,0.0
GPT2-XL,L4,FFN/Output/bias,1600,0.0,0,0.0,0,0.0,-0.35815703868865967,0.15590709447860718,0.35815703868865967,0.0,0.0,0.0,0.125,1.6875,20.0625,77.5,0.625,0.0,0.0
GPT2-XL,L4,FFN/Output/weight,10240000,0.0,4,3.90625e-05,0,0.0,-1.1873233318328857,0.8473291993141174,1.1873233318328857,0.000244140625,0.001953125,0.021337890625,0.212470703125,2.1173828125,20.83755859375,76.14732421875,0.6616894531249999,3.90625e-05,0.0
GPT2-XL,L4,LayerNorm/ln_1/bias,1600,0.0,0,0.0,0,0.0,-0.35602596402168274,0.2816787660121918,0.35602596402168274,0.0,0.0,0.0,0.3125,2.375,15.687499999999998,75.375,6.25,0.0,0.0
GPT2-XL,L4,LayerNorm/ln_1/weight,1600,0.0,1,0.0625,0,0.0,0.16944783926010132,1.1563518047332764,1.1563518047332764,0.0,0.0,0.0,0.0,0.0,0.0,0.0,99.9375,0.0625,0.0
GPT2-XL,L4,LayerNorm/ln_2/bias,1600,0.0,0,0.0,0,0.0,-0.42000889778137207,0.21379730105400085,0.42000889778137207,0.0,0.0,0.0,0.25,0.75,9.9375,74.6875,14.374999999999998,0.0,0.0
GPT2-XL,L4,LayerNorm/ln_2/weight,1600,0.0,0,0.0,0,0.0,0.20262274146080017,0.9072874188423157,0.9072874188423157,0.0,0.0,0.0,0.0,0.0,0.0,0.0,100.0,0.0,0.0
GPT2-XL,L5,Attn/O/bias,1600,0.0,0,0.0,0,0.0,-0.2312740981578827,0.1491776704788208,0.2312740981578827,0.0,0.0,0.0,0.1875,2.0625,15.437500000000002,79.9375,2.375,0.0,0.0
GPT2-XL,L5,Attn/O/weight,2560000,0.0,0,0.0,0,0.0,-0.5154013633728027,0.5429438948631287,0.5429438948631287,0.0003125,0.0025,0.025781250000000002,0.2452734375,2.448671875,24.0315625,73.096328125,0.1495703125,0.0,0.0
GPT2-XL,L5,Attn/QKV/bias,4800,0.0,1,0.020833333333333332,0,0.0,-1.0914455652236938,0.8316909074783325,1.0914455652236938,0.0,0.0,0.0,0.20833333333333334,2.75,23.229166666666668,67.0,6.791666666666667,0.020833333333333336,0.0
GPT2-XL,L5,Attn/QKV/weight,7680000,0.0,0,0.0,0,0.0,-0.30892783403396606,0.32167014479637146,0.32167014479637146,0.00015625,0.0020703125,0.021015625,0.20951822916666665,2.078515625,20.326276041666667,74.23226562500001,3.1301822916666664,0.0,0.0
GPT2-XL,L5,FFN/Intermediate/bias,6400,0.0,0,0.0,0,0.0,-0.25277525186538696,0.1320183426141739,0.25277525186538696,0.0,0.0,0.0,0.078125,0.484375,7.34375,91.09375,1.0,0.0,0.0
GPT2-XL,L5,FFN/Intermediate/weight,10240000,0.0,0,0.0,0,0.0,-0.3906777799129486,0.4112011194229126,0.4112011194229126,0.00021484375,0.0018847656250000002,0.018320312499999998,0.187529296875,1.87080078125,18.477724609375002,78.198505859375,1.24501953125,0.0,0.0
GPT2-XL,L5,FFN/Output/bias,1600,0.0,0,0.0,0,0.0,-0.3300713300704956,0.18295256793498993,0.3300713300704956,0.0,0.0,0.0,0.125,1.6875,19.375,78.3125,0.5,0.0,0.0
GPT2-XL,L5,FFN/Output/weight,10240000,0.0,1,9.765625e-06,0,0.0,-1.2135241031646729,0.7710406184196472,1.2135241031646729,0.00016601562499999998,0.00212890625,0.022158203124999998,0.21737304687500003,2.133623046875,20.934140625,76.055830078125,0.6345703125000001,9.765625e-06,0.0
GPT2-XL,L5,LayerNorm/ln_1/bias,1600,0.0,0,0.0,0,0.0,-0.3049561381340027,0.2644294500350952,0.3049561381340027,0.0,0.0,0.0,0.125,1.3125,17.875,74.375,6.3125,0.0,0.0
GPT2-XL,L5,LayerNorm/ln_1/weight,1600,0.0,1,0.0625,0,0.0,0.13090546429157257,1.2431761026382446,1.2431761026382446,0.0,0.0,0.0,0.0,0.0,0.0,0.0,99.9375,0.0625,0.0
GPT2-XL,L5,LayerNorm/ln_2/bias,1600,0.0,0,0.0,0,0.0,-0.4491395950317383,0.22270457446575165,0.4491395950317383,0.0,0.0,0.0,0.0625,0.8125,9.8125,75.125,14.1875,0.0,0.0
GPT2-XL,L5,LayerNorm/ln_2/weight,1600,0.0,0,0.0,0,0.0,0.17533746361732483,0.8674220442771912,0.8674220442771912,0.0,0.0,0.0,0.0,0.0,0.0,0.0,100.0,0.0,0.0
GPT2-XL,L6,Attn/O/bias,1600,0.0,0,0.0,0,0.0,-0.17978456616401672,0.17743903398513794,0.17978456616401672,0.0,0.0,0.0,0.0625,1.5625,14.249999999999998,79.25,4.875,0.0,0.0
GPT2-XL,L6,Attn/O/weight,2560000,0.0,0,0.0,0,0.0,-0.5295860171318054,0.47647610306739807,0.5295860171318054,0.0001953125,0.0022265625000000002,0.023984375000000002,0.2433984375,2.4400390625,23.8173828125,73.337265625,0.1355078125,0.0,0.0
GPT2-XL,L6,Attn/QKV/bias,4800,0.0,1,0.020833333333333332,0,0.0,-0.8168238997459412,1.0021741390228271,1.0021741390228271,0.0,0.0,0.020833333333333336,0.33333333333333337,2.875,24.8125,64.3125,7.625,0.020833333333333336,0.0
GPT2-XL,L6,Attn/QKV/weight,7680000,0.0,0,0.0,0,0.0,-0.29762110114097595,0.37925297021865845,0.37925297021865845,0.00022135416666666668,0.0022786458333333335,0.021119791666666665,0.20287760416666667,2.0395442708333333,19.90915364583333,74.65016927083333,3.1746354166666664,0.0,0.0
GPT2-XL,L6,FFN/Intermediate/bias,6400,0.0,0,0.0,0,0.0,-0.22663284838199615,0.126952663064003,0.22663284838199615,0.0,0.0,0.0,0.03125,0.84375,8.359375,90.109375,0.65625,0.0,0.0
GPT2-XL,L6,FFN/Intermediate/weight,10240000,0.0,0,0.0,0,0.0,-0.4509870409965515,0.4359482228755951,0.4509870409965515,0.0001953125,0.0018457031250000001,0.01923828125,0.1862890625,1.8725390625,18.42283203125,78.280556640625,1.21650390625,0.0,0.0
GPT2-XL,L6,FFN/Output/bias,1600,0.0,0,0.0,0,0.0,-0.323369562625885,0.19822995364665985,0.323369562625885,0.0,0.0,0.0625,0.0,2.375,21.1875,75.9375,0.43750000000000006,0.0,0.0
GPT2-XL,L6,FFN/Output/weight,10240000,0.0,5,4.8828125e-05,0,0.0,-1.310631513595581,0.8097469210624695,1.310631513595581,0.00027343749999999997,0.002158203125,0.021669921874999998,0.21630859375,2.126787109375,20.91556640625,76.099287109375,0.617900390625,4.8828125e-05,0.0
GPT2-XL,L6,LayerNorm/ln_1/bias,1600,0.0,0,0.0,0,0.0,-0.3370048999786377,0.3127225637435913,0.3370048999786377,0.0,0.0,0.0625,0.0625,2.1875,15.875,76.625,5.1875,0.0,0.0
GPT2-XL,L6,LayerNorm/ln_1/weight,1600,0.0,1,0.0625,0,0.0,0.11255582422018051,1.2228370904922485,1.2228370904922485,0.0,0.0,0.0,0.0,0.0,0.0,0.0,99.9375,0.0625,0.0
GPT2-XL,L6,LayerNorm/ln_2/bias,1600,0.0,0,0.0,0,0.0,-0.457821249961853,0.21598953008651733,0.457821249961853,0.0,0.0,0.0,0.125,0.8750000000000001,9.6875,73.9375,15.375,0.0,0.0
GPT2-XL,L6,LayerNorm/ln_2/weight,1600,0.0,0,0.0,0,0.0,0.000992914312519133,0.876530110836029,0.876530110836029,0.0,0.0,0.0,0.0,0.0625,0.0,0.0625,99.875,0.0,0.0
GPT2-XL,L7,Attn/O/bias,1600,0.0,0,0.0,0,0.0,-0.1396188884973526,0.1554025411605835,0.1554025411605835,0.0,0.0,0.0,0.3125,2.0,16.9375,79.4375,1.3125,0.0,0.0
GPT2-XL,L7,Attn/O/weight,2560000,0.0,0,0.0,0,0.0,-0.4558315575122833,0.452940970659256,0.4558315575122833,0.0003515625,0.0031640624999999998,0.025156249999999998,0.24937499999999999,2.4633203125,24.1312890625,72.9792578125,0.1480859375,0.0,0.0
GPT2-XL,L7,Attn/QKV/bias,4800,0.0,0,0.0,0,0.0,-0.8291038870811462,0.7986973524093628,0.8291038870811462,0.0,0.0,0.020833333333333336,0.22916666666666666,3.125,24.979166666666668,64.16666666666667,7.479166666666667,0.0,0.0
GPT2-XL,L7,Attn/QKV/weight,7680000,0.0,0,0.0,0,0.0,-0.30612844228744507,0.2970584034919739,0.30612844228744507,0.0002994791666666667,0.0020442708333333337,0.02029947916666667,0.2029036458333333,2.0345442708333334,19.814986979166665,74.46768229166668,3.457239583333333,0.0,0.0
GPT2-XL,L7,FFN/Intermediate/bias,6400,0.0,0,0.0,0,0.0,-0.19874882698059082,0.1441267430782318,0.19874882698059082,0.0,0.0,0.03125,0.078125,0.6875,7.703125,91.1875,0.3125,0.0,0.0
GPT2-XL,L7,FFN/Intermediate/weight,10240000,0.0,0,0.0,0,0.0,-0.7417125701904297,0.44265156984329224,0.7417125701904297,0.00021484375,0.002255859375,0.019228515624999998,0.18630859375,1.863466796875,18.3673828125,78.366337890625,1.1948046875,0.0,0.0
GPT2-XL,L7,FFN/Output/bias,1600,0.0,0,0.0,0,0.0,-0.3174176812171936,0.21051828563213348,0.3174176812171936,0.0,0.0,0.0,0.1875,2.125,20.625,76.1875,0.8750000000000001,0.0,0.0
GPT2-XL,L7,FFN/Output/weight,10240000,0.0,18,0.00017578125,0,0.0,-1.5855668783187866,0.6739796996116638,1.5855668783187866,0.00022460937499999998,0.00203125,0.021611328125,0.213134765625,2.128837890625,20.9257421875,76.10413085937499,0.604111328125,0.00017578125,0.0
GPT2-XL,L7,LayerNorm/ln_1/bias,1600,0.0,0,0.0,0,0.0,-0.2918381094932556,0.2362273633480072,0.2918381094932556,0.0,0.0,0.0,0.125,1.875,19.5625,73.875,4.5625,0.0,0.0
GPT2-XL,L7,LayerNorm/ln_1/weight,1600,0.0,1,0.0625,0,0.0,0.08856380730867386,1.1836398839950562,1.1836398839950562,0.0,0.0,0.0,0.0,0.0,0.0,0.0625,99.875,0.0625,0.0
GPT2-XL,L7,LayerNorm/ln_2/bias,1600,0.0,0,0.0,0,0.0,-0.4951859712600708,0.19801364839076996,0.4951859712600708,0.0,0.0,0.0,0.125,1.0625,8.625,73.1875,17.0,0.0,0.0
GPT2-XL,L7,LayerNorm/ln_2/weight,1600,0.0,0,0.0,0,0.0,-9.56160802161321e-05,0.8721728920936584,0.8721728920936584,0.0,0.0,0.0,0.0625,0.0625,0.0625,0.0625,99.75,0.0,0.0
GPT2-XL,L8,Attn/O/bias,1600,0.0,0,0.0,0,0.0,-0.15297289192676544,0.22668921947479248,0.22668921947479248,0.0,0.0,0.0,0.0625,1.875,19.75,77.1875,1.125,0.0,0.0
GPT2-XL,L8,Attn/O/weight,2560000,0.0,0,0.0,0,0.0,-0.36012935638427734,0.4012294411659241,0.4012294411659241,0.0003515625,0.0022265625000000002,0.0248046875,0.24515625000000002,2.4300390625,23.781796875,73.37328125,0.14234375,0.0,0.0
GPT2-XL,L8,Attn/QKV/bias,4800,0.0,0,0.0,0,0.0,-0.34452876448631287,0.3085000813007355,0.34452876448631287,0.0,0.0,0.0,0.27083333333333337,2.875,24.895833333333332,63.95833333333333,8.0,0.0,0.0
GPT2-XL,L8,Attn/QKV/weight,7680000,0.0,0,0.0,0,0.0,-0.2739160358905792,0.287726491689682,0.287726491689682,0.00028645833333333333,0.002109375,0.0191015625,0.1966536458333333,1.9448828125000002,19.0409765625,75.69583333333333,3.10015625,0.0,0.0
GPT2-XL,L8,FFN/Intermediate/bias,6400,0.0,0,0.0,0,0.0,-0.17210735380649567,0.18198437988758087,0.18198437988758087,0.0,0.0,0.015625,0.125,0.671875,8.953125,89.984375,0.25,0.0,0.0
GPT2-XL,L8,FFN/Intermediate/weight,10240000,0.0,3,2.9296875e-05,0,0.0,-1.6231651306152344,1.0665186643600464,1.6231651306152344,0.000185546875,0.0018359375000000001,0.019482421875000003,0.18794921875,1.8491894531250002,18.345078125,78.416357421875,1.179892578125,2.9296875e-05,0.0
GPT2-XL,L8,FFN/Output/bias,1600,0.0,0,0.0,0,0.0,-0.2940281629562378,0.19733040034770966,0.2940281629562378,0.0,0.0,0.0625,0.1875,1.875,19.6875,77.625,0.5625,0.0,0.0
GPT2-XL,L8,FFN/Output/weight,10240000,0.0,38,0.00037109375,0,0.0,-1.7662255764007568,0.6523053050041199,1.7662255764007568,0.0001953125,0.002099609375,0.021826171875,0.21301757812499997,2.128740234375,20.932705078125,76.10233398437501,0.5987109374999999,0.00037109375,0.0
GPT2-XL,L8,LayerNorm/ln_1/bias,1600,0.0,0,0.0,0,0.0,-0.3837260603904724,0.38695332407951355,0.38695332407951355,0.0,0.0,0.0,0.1875,2.0625,20.3125,73.75,3.6875,0.0,0.0
GPT2-XL,L8,LayerNorm/ln_1/weight,1600,0.0,1,0.0625,0,0.0,0.15176984667778015,1.1363558769226074,1.1363558769226074,0.0,0.0,0.0,0.0,0.0,0.0,0.0,99.9375,0.0625,0.0
GPT2-XL,L8,LayerNorm/ln_2/bias,1600,0.0,0,0.0,0,0.0,-0.44155555963516235,0.20647695660591125,0.44155555963516235,0.0,0.0,0.0,0.1875,1.0625,10.25,72.125,16.375,0.0,0.0
GPT2-XL,L8,LayerNorm/ln_2/weight,1600,0.0,0,0.0,0,0.0,-0.00016341418086085469,0.8506627082824707,0.8506627082824707,0.0,0.0,0.0,0.0,0.125,0.0,0.125,99.75,0.0,0.0
GPT2-XL,L9,Attn/O/bias,1600,0.0,0,0.0,0,0.0,-0.11926977336406708,0.26043763756752014,0.26043763756752014,0.0,0.0,0.0625,0.125,2.1875,21.75,75.4375,0.43750000000000006,0.0,0.0
GPT2-XL,L9,Attn/O/weight,2560000,0.0,0,0.0,0,0.0,-0.3272746205329895,0.3223169147968292,0.3272746205329895,0.0001953125,0.0021874999999999998,0.0252734375,0.249765625,2.4580859375,24.107265625,73.0315625,0.1256640625,0.0,0.0
GPT2-XL,L9,Attn/QKV/bias,4800,0.0,0,0.0,0,0.0,-0.35004034638404846,0.3127893805503845,0.35004034638404846,0.0,0.0,0.020833333333333336,0.2916666666666667,2.3958333333333335,23.3125,63.916666666666664,10.0625,0.0,0.0
GPT2-XL,L9,Attn/QKV/weight,7680000,0.0,0,0.0,0,0.0,-0.2831628918647766,0.2897363603115082,0.2897363603115082,0.00013020833333333333,0.001966145833333333,0.018203125,0.18903645833333332,1.884986979166667,18.47920572916667,76.24830729166666,3.1781640625000005,0.0,0.0
GPT2-XL,L9,FFN/Intermediate/bias,6400,0.0,0,0.0,0,0.0,-0.19062280654907227,0.15846256911754608,0.19062280654907227,0.0,0.0,0.0,0.09375,1.125,9.359375,89.125,0.296875,0.0,0.0
GPT2-XL,L9,FFN/Intermediate/weight,10240000,0.0,0,0.0,0,0.0,-0.8682224154472351,0.549838662147522,0.8682224154472351,0.0001953125,0.001962890625,0.01857421875,0.18603515625,1.8507226562499999,18.36892578125,78.403369140625,1.17021484375,0.0,0.0
GPT2-XL,L9,FFN/Output/bias,1600,0.0,0,0.0,0,0.0,-0.32130417227745056,0.20988218486309052,0.32130417227745056,0.0,0.0,0.0,0.3125,1.5,17.625,79.5625,1.0,0.0,0.0
GPT2-XL,L9,FFN/Output/weight,10240000,0.0,56,0.000546875,0,0.0,-1.7374542951583862,0.6344676613807678,1.7374542951583862,0.00027343749999999997,0.00203125,0.02185546875,0.215224609375,2.135205078125,21.03048828125,76.033125,0.56125,0.0005468749999999999,0.0
GPT2-XL,L9,LayerNorm/ln_1/bias,1600,0.0,0,0.0,0,0.0,-0.3711965084075928,0.4512608051300049,0.4512608051300049,0.0,0.0,0.0,0.125,2.25,21.1875,73.5,2.9375,0.0,0.0
GPT2-XL,L9,LayerNorm/ln_1/weight,1600,0.0,0,0.0,0,0.0,0.1455027312040329,0.9887306690216064,0.9887306690216064,0.0,0.0,0.0,0.0,0.0,0.0,0.0,100.0,0.0,0.0
GPT2-XL,L9,LayerNorm/ln_2/bias,1600,0.0,0,0.0,0,0.0,-0.3952333629131317,0.19054248929023743,0.3952333629131317,0.0,0.0,0.0,0.0625,1.1875,9.9375,74.8125,14.000000000000002,0.0,0.0
GPT2-XL,L9,LayerNorm/ln_2/weight,1600,0.0,0,0.0,0,0.0,0.0011922887060791254,0.8418442606925964,0.8418442606925964,0.0,0.0,0.0,0.0,0.0,0.125,0.0625,99.8125,0.0,0.0
GPT2-XL,NO_LAYER,Classifier/weight,3200,0.0,0,0.0,0,0.0,-0.07988659292459488,0.06392437219619751,0.07988659292459488,0.0,0.0,0.0,0.34375,3.5937499999999996,33.59375,62.46874999999999,0.0,0.0,0.0
GPT2-XL,NO_LAYER,Embeddings/wpe/weight,1638400,0.0,4,0.000244140625,0,0.0,-2.0572683811187744,1.2746992111206055,2.0572683811187744,0.002197265625,0.019775390625,0.20086669921874997,2.0308837890625,20.039306640625,68.33160400390625,8.9425048828125,0.4326171875,0.000244140625,0.0
GPT2-XL,NO_LAYER,Embeddings/wte/weight,80411200,0.0,0,0.0,0,0.0,-0.32496488094329834,0.38547345995903015,0.38547345995903015,0.000206438904033269,0.001543317348827029,0.015428199056847803,0.15555668862049069,1.5610275682989434,15.485010794516189,78.57054116839444,4.210685824860218,0.0,0.0
GPT2-XL,NO_LAYER,LayerNorm/ln_f/bias,1600,0.0,0,0.0,0,0.0,-0.5794395208358765,0.574068009853363,0.5794395208358765,0.0,0.0,0.0,0.125,0.8750000000000001,9.875,77.125,12.0,0.0,0.0
GPT2-XL,NO_LAYER,LayerNorm/ln_f/weight,1600,0.0,1593,99.5625,0,0.0,0.07455503195524216,1.9793044328689575,1.9793044328689575,0.0,0.0,0.0,0.0,0.0,0.0,0.0625,0.375,99.5625,0.0
