episode,total_reward,terminal_reward,terminal_priority,terminal_loss_mean,terminal_loss_std,terminal_metric1_mean,terminal_metric2_mean,terminal_metric1_std,terminal_metric2_std,terminal_stab_excess_m1,terminal_stab_excess_m2,terminal_stab_excess_loss,terminal_stab_violation,valid_steps,invalid_steps,total_bits,safe_neighbor_active,safe_neighbor_mutation_count,safe_neighbor_radius
0,37.47096779351277,40.44375000000001,3,0.34039216861128807,0.003891761227032059,0.8703125,0.8703125,0.005182226234930313,0.005182226234930313,0.0,0.0,0.0,0.0,59,0,14779,False,0,0
1,37.287842793512766,40.260625000000005,3,0.3405537597835064,0.0030279873680745814,0.86953125,0.86953125,0.003125,0.003125,0.0,0.0,0.0,0.0,59,0,14779,False,0,0
2,37.678467793512766,40.651250000000005,3,0.337407772988081,0.0016755838214593686,0.8734375,0.8734375,0.007245014449606018,0.007245014449606018,0.0,0.0,0.0,0.0,59,0,14779,False,0,0
3,37.444092793512766,40.416875000000005,3,0.3387606807053089,0.001983651142936211,0.87109375,0.87109375,0.00427908248050911,0.00427908248050911,0.0,0.0,0.0,0.0,59,0,14779,False,0,0
4,37.13159279351276,40.104375,3,0.3411318823695183,0.0022870897041545684,0.86796875,0.86796875,0.005740991584648074,0.005740991584648074,0.0,0.0,0.0,0.0,59,0,14779,False,0,0
5,37.678467793512766,40.651250000000005,3,0.3433000683784485,0.0021200348003181254,0.8734375,0.8734375,0.0019136638615493578,0.0019136638615493578,0.0,0.0,0.0,0.0,59,0,14779,False,0,0
6,37.444092793512766,40.416875000000005,3,0.33944267928600313,0.001210096775567665,0.87109375,0.87109375,0.00427908248050911,0.00427908248050911,0.0,0.0,0.0,0.0,59,0,14779,False,0,0
7,37.13159279351276,40.104375,3,0.3398450270295143,0.0014046089523140467,0.86796875,0.86796875,0.0029231698334171415,0.0029231698334171415,0.0,0.0,0.0,0.0,59,0,14779,False,0,0
8,37.75659279351277,40.72937500000001,3,0.34117881432175634,0.0038866578802730944,0.87421875,0.87421875,0.004555431167847891,0.004555431167847891,0.0,0.0,0.0,0.0,59,0,14779,False,0,0
9,37.52221779351276,40.495,3,0.33794750198721885,0.0026865524898681934,0.871875,0.871875,0.0015625,0.0015625,0.0,0.0,0.0,0.0,59,0,14779,False,0,0
10,37.13159279351276,40.104375,3,0.3414910532534122,0.0033644897844676757,0.86796875,0.86796875,0.007574499777213015,0.007574499777213015,0.0,0.0,0.0,0.0,59,0,14779,False,0,0
11,37.36596779351277,40.33875000000001,3,0.34211305901408195,0.0021442985672016366,0.8703125,0.8703125,0.003827327723098716,0.003827327723098716,0.0,0.0,0.0,0.0,59,0,14779,False,0,0
12,37.678467793512766,40.651250000000005,3,0.34138482213020327,0.0033561599412724233,0.8734375,0.8734375,0.003125,0.003125,0.0,0.0,0.0,0.0,59,0,14779,False,0,0
13,37.75659279351277,40.72937500000001,3,0.3384206809103489,0.002937676059663187,0.87421875,0.87421875,0.0038273277230987156,0.0038273277230987156,0.0,0.0,0.0,0.0,59,0,14779,False,0,0
14,37.678467793512766,40.651250000000005,3,0.3416846565902233,0.0014462065267838067,0.8734375,0.8734375,0.0019136638615493578,0.0019136638615493578,0.0,0.0,0.0,0.0,59,0,14779,False,0,0
15,37.444092793512766,40.416875000000005,3,0.3394521526992321,0.0019917317674729264,0.87109375,0.87109375,0.0034938562148434213,0.0034938562148434213,0.0,0.0,0.0,0.0,59,0,14779,False,0,0
16,37.36596779351277,40.33875000000001,3,0.34005138128995893,0.0035080868103884166,0.8703125,0.8703125,0.0029231698334171415,0.0029231698334171415,0.0,0.0,0.0,0.0,59,0,14779,False,0,0
17,37.678467793512766,40.651250000000005,3,0.3385369472205639,0.004271764531497691,0.8734375,0.8734375,0.006810779599282302,0.006810779599282302,0.0,0.0,0.0,0.0,59,0,14779,False,0,0
18,37.444092793512766,40.416875000000005,3,0.34186234772205354,0.0019620558059106822,0.87109375,0.87109375,0.0034938562148434213,0.0034938562148434213,0.0,0.0,0.0,0.0,59,0,14779,False,0,0
19,37.52221779351276,40.495,3,0.3407142646610737,0.0015854305362698155,0.871875,0.871875,0.002923169833417142,0.002923169833417142,0.0,0.0,0.0,0.0,59,0,14779,False,0,0
20,37.600342793512766,40.573125000000005,3,0.3382143683731556,0.0010902115706809845,0.87265625,0.87265625,0.005846339666834283,0.005846339666834283,0.0,0.0,0.0,0.0,59,0,14779,False,0,0
21,37.053467793512766,40.026250000000005,3,0.34098570272326467,0.002261622916407558,0.8671875,0.8671875,0.006536406457297465,0.006536406457297465,0.0,0.0,0.0,0.0,59,0,14779,False,0,0
22,37.678467793512766,40.651250000000005,3,0.339797455817461,0.0018247791287052276,0.8734375,0.8734375,0.005846339666834283,0.005846339666834283,0.0,0.0,0.0,0.0,59,0,14779,False,0,0
23,37.444092793512766,40.416875000000005,3,0.3406017832458019,0.003065968281062853,0.87109375,0.87109375,0.004941058844013093,0.004941058844013093,0.0,0.0,0.0,0.0,59,0,14779,False,0,0
24,37.600342793512766,40.573125000000005,3,0.3395048275589943,0.00282775683747338,0.87265625,0.87265625,0.0019136638615493578,0.0019136638615493578,0.0,0.0,0.0,0.0,59,0,14779,False,0,0
25,37.13159279351276,40.104375,3,0.34338236823678014,0.00424189090104288,0.86796875,0.86796875,0.007574499777213015,0.007574499777213015,0.0,0.0,0.0,0.0,59,0,14779,False,0,0
26,37.600342793512766,40.573125000000005,3,0.3388850472867489,0.002403283795715702,0.87265625,0.87265625,0.003983608994994363,0.003983608994994363,0.0,0.0,0.0,0.0,59,0,14779,False,0,0
27,37.444092793512766,40.416875000000005,3,0.34102303683757784,0.0017858857002079032,0.87109375,0.87109375,0.0034938562148434213,0.0034938562148434213,0.0,0.0,0.0,0.0,59,0,14779,False,0,0
28,37.209717793512766,40.182500000000005,3,0.33851725310087205,0.003159747714210818,0.86875,0.86875,0.003983608994994363,0.003983608994994363,0.0,0.0,0.0,0.0,59,0,14779,False,0,0
29,37.209717793512766,40.182500000000005,3,0.33864262998104094,0.0020874231444720464,0.86875,0.86875,0.003125,0.003125,0.0,0.0,0.0,0.0,59,0,14779,False,0,0
30,37.13159279351276,40.104375,3,0.34030965641140937,0.0018172335879005001,0.86796875,0.86796875,0.004555431167847891,0.004555431167847891,0.0,0.0,0.0,0.0,59,0,14779,False,0,0
31,37.444092793512766,40.416875000000005,3,0.3412663541734219,0.0018135210258882763,0.87109375,0.87109375,0.0024705294220065464,0.0024705294220065464,0.0,0.0,0.0,0.0,59,0,14779,False,0,0
32,37.600342793512766,40.573125000000005,3,0.34111620038747786,0.001833423373885446,0.87265625,0.87265625,0.005298695299316615,0.005298695299316615,0.0,0.0,0.0,0.0,59,0,14779,False,0,0
33,37.52221779351276,40.495,3,0.3384618923068047,0.0024374976125334834,0.871875,0.871875,0.0015625,0.0015625,0.0,0.0,0.0,0.0,59,0,14779,False,0,0
34,37.36596779351277,40.33875000000001,3,0.34143818393349645,0.0036549988978166422,0.8703125,0.8703125,0.0029231698334171415,0.0029231698334171415,0.0,0.0,0.0,0.0,59,0,14779,False,0,0
35,37.444092793512766,40.416875000000005,3,0.34059227630496025,0.0032756855285320076,0.87109375,0.87109375,0.0024705294220065464,0.0024705294220065464,0.0,0.0,0.0,0.0,59,0,14779,False,0,0
36,37.52221779351276,40.495,3,0.3386983260512352,0.0032768058979233843,0.871875,0.871875,0.0029231698334171415,0.0029231698334171415,0.0,0.0,0.0,0.0,59,0,14779,False,0,0
37,37.287842793512766,40.260625000000005,3,0.34026999771595,0.0017560503730244602,0.86953125,0.86953125,0.003125,0.003125,0.0,0.0,0.0,0.0,59,0,14779,False,0,0
38,37.52221779351276,40.495,3,0.34048889875411986,0.004104327235586896,0.871875,0.871875,0.00625,0.00625,0.0,0.0,0.0,0.0,59,0,14779,False,0,0
39,37.209717793512766,40.182500000000005,3,0.3387745641171932,0.0018056105413780548,0.86875,0.86875,0.006346905003621844,0.006346905003621844,0.0,0.0,0.0,0.0,59,0,14779,False,0,0
40,37.75659279351277,40.72937500000001,3,0.33628841415047644,0.0028779723497533716,0.87421875,0.87421875,0.005740991584648074,0.005740991584648074,0.0,0.0,0.0,0.0,59,0,14779,False,0,0
41,37.52221779351276,40.495,3,0.3410730570554733,0.0030287113151929086,0.871875,0.871875,0.0038273277230987156,0.0038273277230987156,0.0,0.0,0.0,0.0,59,0,14779,False,0,0
42,37.36596779351277,40.33875000000001,3,0.3440421886742115,0.0014650535166702986,0.8703125,0.8703125,0.0038273277230987156,0.0038273277230987156,0.0,0.0,0.0,0.0,59,0,14779,False,0,0
43,37.678467793512766,40.651250000000005,3,0.3410873353481293,0.0023973267633709034,0.8734375,0.8734375,0.003125,0.003125,0.0,0.0,0.0,0.0,59,0,14779,False,0,0
44,37.36596779351277,40.33875000000001,3,0.3414292760193348,0.002398123937308977,0.8703125,0.8703125,0.0038273277230987156,0.0038273277230987156,0.0,0.0,0.0,0.0,59,0,14779,False,0,0
45,37.36596779351277,40.33875000000001,3,0.3370190367102623,0.002672680015071941,0.8703125,0.8703125,0.004555431167847891,0.004555431167847891,0.0,0.0,0.0,0.0,59,0,14779,False,0,0
46,37.287842793512766,40.260625000000005,3,0.3389463618397713,0.0024145742945699835,0.86953125,0.86953125,0.003125,0.003125,0.0,0.0,0.0,0.0,59,0,14779,False,0,0
47,37.444092793512766,40.416875000000005,3,0.337018009275198,0.0022068618230249967,0.87109375,0.87109375,0.005524271728019903,0.005524271728019903,0.0,0.0,0.0,0.0,59,0,14779,False,0,0
48,37.13159279351276,40.104375,3,0.3413213722407818,0.0026781922491826817,0.86796875,0.86796875,0.00625,0.00625,0.0,0.0,0.0,0.0,59,0,14779,False,0,0
49,37.36596779351277,40.33875000000001,3,0.33976178914308547,0.0026363188742915366,0.8703125,0.8703125,0.0029231698334171415,0.0029231698334171415,0.0,0.0,0.0,0.0,59,0,14779,False,0,0
50,37.209717793512766,40.182500000000005,3,0.34095525965094564,0.0018162690083999365,0.86875,0.86875,0.006346905003621844,0.006346905003621844,0.0,0.0,0.0,0.0,59,0,14779,False,0,0
51,37.287842793512766,40.260625000000005,3,0.34118061810731887,0.0018067164575606598,0.86953125,0.86953125,0.003125,0.003125,0.0,0.0,0.0,0.0,59,0,14779,False,0,0
52,37.600342793512766,40.573125000000005,3,0.3393377743661404,0.002146888928793752,0.87265625,0.87265625,0.003125,0.003125,0.0,0.0,0.0,0.0,59,0,14779,False,0,0
53,37.91284279351276,40.885625,3,0.33855269998312,0.0011925971162204132,0.87578125,0.87578125,0.002923169833417142,0.002923169833417142,0.0,0.0,0.0,0.0,59,0,14779,False,0,0
54,37.75659279351277,40.72937500000001,3,0.34114027842879296,0.001719066839420417,0.87421875,0.87421875,0.005740991584648074,0.005740991584648074,0.0,0.0,0.0,0.0,59,0,14779,False,0,0
55,37.75659279351277,40.72937500000001,3,0.33918472081422807,0.002677809267133792,0.87421875,0.87421875,0.006720566614877052,0.006720566614877052,0.0,0.0,0.0,0.0,59,0,14779,False,0,0
56,37.444092793512766,40.416875000000005,3,0.3423384055495262,0.0013022624116716438,0.87109375,0.87109375,0.004941058844013093,0.004941058844013093,0.0,0.0,0.0,0.0,59,0,14779,False,0,0
57,37.75659279351277,40.72937500000001,3,0.3396245539188385,0.004259354074412986,0.87421875,0.87421875,0.002923169833417142,0.002923169833417142,0.0,0.0,0.0,0.0,59,0,14779,False,0,0
58,37.52221779351276,40.495,3,0.33929156959056855,0.0023902807292953696,0.871875,0.871875,0.00625,0.00625,0.0,0.0,0.0,0.0,59,0,14779,False,0,0
59,37.600342793512766,40.573125000000005,3,0.34014629423618314,0.002741924387254962,0.87265625,0.87265625,0.003983608994994363,0.003983608994994363,0.0,0.0,0.0,0.0,59,0,14779,False,0,0
60,37.52221779351276,40.495,3,0.3408521555364132,0.0020995438838852095,0.871875,0.871875,0.004555431167847891,0.004555431167847891,0.0,0.0,0.0,0.0,59,0,14779,True,1,1
61,37.13159279351276,40.104375,3,0.33871821165084837,0.001535576708593955,0.86796875,0.86796875,0.0029231698334171415,0.0029231698334171415,0.0,0.0,0.0,0.0,59,0,14779,True,1,1
62,37.63034279351277,40.603125000000006,3,0.3408895194530487,0.0018725065105232367,0.87265625,0.87265625,0.0019136638615493578,0.0019136638615493578,0.0,0.0,0.0,0.0,59,0,14779,True,1,1
63,37.444092793512766,40.416875000000005,3,0.340557287633419,0.0014570358262790822,0.87109375,0.87109375,0.0024705294220065464,0.0024705294220065464,0.0,0.0,0.0,0.0,59,0,14779,True,1,1
64,37.52221779351276,40.495,3,0.33743829652667046,0.0030670715083213613,0.871875,0.871875,0.0029231698334171415,0.0029231698334171415,0.0,0.0,0.0,0.0,59,0,14779,True,1,1
65,-3.175907206487229,-0.2031249999999929,1,0.33955038115382197,0.0017574282384861255,0.86484375,0.86484375,0.0046875,0.0046875,0.0,0.0,0.0,0.0,59,0,14779,True,1,1
66,37.52221779351276,40.495,3,0.33883844688534737,0.0027675534351096404,0.871875,0.871875,0.004555431167847891,0.004555431167847891,0.0,0.0,0.0,0.0,59,0,14779,True,1,1
67,37.649092793512764,40.621875,3,0.3372404672205448,0.0034216498237217077,0.87109375,0.87109375,0.00427908248050911,0.00427908248050911,0.0,0.0,0.0,0.0,59,0,14779,True,1,1
68,37.600342793512766,40.573125000000005,3,0.34062556475400924,0.0018567122965708113,0.87265625,0.87265625,0.003125,0.003125,0.0,0.0,0.0,0.0,59,0,14779,True,1,1
69,37.63100068824961,40.603125000000006,3,0.3387242205440998,0.0015188115695478513,0.87265625,0.87265625,0.003125,0.003125,0.0,0.0,0.0,0.0,59,0,14777,True,1,1
70,37.31844159590798,40.290625000000006,3,0.34132787212729454,0.0026732527745400446,0.86953125,0.86953125,0.0019136638615493578,0.0019136638615493578,0.0,0.0,0.0,0.0,59,0,14777,True,1,1
71,37.600342793512766,40.573125000000005,3,0.33757579028606416,0.0032538076204349014,0.87265625,0.87265625,0.0046875,0.0046875,0.0,0.0,0.0,0.0,59,0,14779,True,1,1
72,37.65021011194852,40.621875,3,0.34004982709884646,0.0019988224784078215,0.87109375,0.87109375,0.0034938562148434213,0.0034938562148434213,0.0,0.0,0.0,0.0,59,0,14775,True,1,1
73,37.678467793512766,40.651250000000005,3,0.3403137750923634,0.004270351634165495,0.8734375,0.8734375,0.005846339666834283,0.005846339666834283,0.0,0.0,0.0,0.0,59,0,14779,True,1,1
74,37.31784279351277,40.290625000000006,3,0.3397652208805084,0.0018724691633584707,0.86953125,0.86953125,0.003125,0.003125,0.0,0.0,0.0,0.0,59,0,14779,True,1,1
75,37.52221779351276,40.495,3,0.3407114066183567,0.002526928171471536,0.871875,0.871875,0.004555431167847891,0.004555431167847891,0.0,0.0,0.0,0.0,59,0,14779,True,1,1
76,37.36596779351277,40.33875000000001,3,0.3429230898618698,0.003614461944132138,0.8703125,0.8703125,0.0045554311678478905,0.0045554311678478905,0.0,0.0,0.0,0.0,59,0,14779,True,1,1
77,37.40020390462387,40.371875,3,0.3376843899488449,0.0038566508379678233,0.87109375,0.87109375,0.005524271728019903,0.005524271728019903,0.0,0.0,0.0,0.0,59,0,14777,True,1,1
78,37.36596779351277,40.33875000000001,3,0.3424355834722519,0.0018632300662885682,0.8703125,0.8703125,0.0045554311678478905,0.0045554311678478905,0.0,0.0,0.0,0.0,59,0,14779,True,1,1
79,37.23971779351277,40.212500000000006,3,0.33771332278847693,0.0018406582789829012,0.86875,0.86875,0.0046875,0.0046875,0.0,0.0,0.0,0.0,59,0,14779,True,1,1
80,37.16215145273063,40.134375,3,0.34157840460538863,0.00376889536172106,0.86796875,0.86796875,0.003827327723098716,0.003827327723098716,0.0,0.0,0.0,0.0,59,0,14777,True,1,1
81,37.243500688249604,40.215625,3,0.3410374991595745,0.003934260486707972,0.86953125,0.86953125,0.005298695299316616,0.005298695299316616,0.0,0.0,0.0,0.0,59,0,14777,True,1,1
82,37.444092793512766,40.416875000000005,3,0.3389498293399811,0.003002409781290474,0.87109375,0.87109375,0.0034938562148434213,0.0034938562148434213,0.0,0.0,0.0,0.0,59,0,14779,True,1,1
83,37.600342793512766,40.573125000000005,3,0.34045674800872805,0.002074453192451544,0.87265625,0.87265625,0.003983608994994363,0.003983608994994363,0.0,0.0,0.0,0.0,59,0,14779,True,1,1
84,37.71048168240166,40.68437500000001,3,0.3398436449468136,0.0013576562500154058,0.87421875,0.87421875,0.0029231698334171415,0.0029231698334171415,0.0,0.0,0.0,0.0,59,0,14781,True,1,1
85,37.91284279351276,40.885625,3,0.3380863554775715,0.0022755733020855947,0.87578125,0.87578125,0.005740991584648074,0.005740991584648074,0.0,0.0,0.0,0.0,59,0,14779,True,1,1
86,37.444092793512766,40.416875000000005,3,0.3404209740459919,0.004968299530080301,0.87109375,0.87109375,0.004941058844013093,0.004941058844013093,0.0,0.0,0.0,0.0,59,0,14779,True,1,1
87,37.36596779351277,40.33875000000001,3,0.339112413674593,0.0017454884733127038,0.8703125,0.8703125,0.005182226234930313,0.005182226234930313,0.0,0.0,0.0,0.0,59,0,14779,True,1,1
88,-3.174796095376118,-0.2031249999999929,1,0.3427740208804607,0.003031226598941452,0.86484375,0.86484375,0.005298695299316616,0.005298695299316616,0.0,0.0,0.0,0.0,59,0,14777,True,1,1
89,37.36596779351277,40.33875000000001,3,0.34020503535866736,0.003131010965256898,0.8703125,0.8703125,0.002923169833417142,0.002923169833417142,0.0,0.0,0.0,0.0,59,0,14779,True,1,1
90,37.52221779351276,40.495,3,0.33919538706541064,0.002367202388121307,0.871875,0.871875,0.0029231698334171415,0.0029231698334171415,0.0,0.0,0.0,0.0,59,0,14779,True,1,1
91,37.47465145273064,40.446875000000006,3,0.338056368380785,0.0012340186633096985,0.87109375,0.87109375,0.00427908248050911,0.00427908248050911,0.0,0.0,0.0,0.0,59,0,14777,True,1,1
92,37.75659279351277,40.72937500000001,3,0.3410103738307953,0.002316996056222472,0.87421875,0.87421875,0.004555431167847891,0.004555431167847891,0.0,0.0,0.0,0.0,59,0,14779,True,1,1
93,37.36596779351277,40.33875000000001,3,0.3378550373017788,0.002374019319369551,0.8703125,0.8703125,0.005182226234930313,0.005182226234930313,0.0,0.0,0.0,0.0,59,0,14779,True,1,1
94,37.71275558421044,40.68437500000001,3,0.3373736761510372,0.0015499680671898436,0.87421875,0.87421875,0.005740991584648074,0.005740991584648074,0.0,0.0,0.0,0.0,59,0,14777,True,1,1
95,37.55594159590798,40.52812500000001,3,0.33853458762168886,0.0019236197722629386,0.87265625,0.87265625,0.003983608994994363,0.003983608994994363,0.0,0.0,0.0,0.0,59,0,14777,True,1,1
96,37.209717793512766,40.182500000000005,3,0.3405641406774521,0.0036078842798824245,0.86875,0.86875,0.003125,0.003125,0.0,0.0,0.0,0.0,59,0,14779,True,1,1
97,37.600342793512766,40.573125000000005,3,0.34102763012051585,0.0011042670481372177,0.87265625,0.87265625,0.003983608994994363,0.003983608994994363,0.0,0.0,0.0,0.0,59,0,14779,True,1,1
98,37.444092793512766,40.416875000000005,3,0.3390888437628746,0.002404622533389747,0.87109375,0.87109375,0.006536406457297465,0.006536406457297465,0.0,0.0,0.0,0.0,59,0,14779,True,1,1
99,37.600342793512766,40.573125000000005,3,0.34052320197224617,0.004366087670849654,0.87265625,0.87265625,0.0019136638615493578,0.0019136638615493578,0.0,0.0,0.0,0.0,59,0,14779,True,1,1
100,37.52221779351276,40.495,3,0.339561402797699,0.0021952985648330983,0.871875,0.871875,0.0038273277230987156,0.0038273277230987156,0.0,0.0,0.0,0.0,59,0,14779,True,1,1
101,37.444092793512766,40.416875000000005,3,0.3386175684630871,0.0044500114658780265,0.87109375,0.87109375,0.0024705294220065464,0.0024705294220065464,0.0,0.0,0.0,0.0,59,0,14779,True,1,1
102,37.36596779351277,40.33875000000001,3,0.3389429301023483,0.0022767667970398585,0.8703125,0.8703125,0.002923169833417142,0.002923169833417142,0.0,0.0,0.0,0.0,59,0,14779,True,1,1
103,37.63081898398896,40.603125000000006,3,0.34224870428442955,0.001877784693550149,0.87265625,0.87265625,0.003983608994994363,0.003983608994994363,0.0,0.0,0.0,0.0,59,0,14777,True,1,1
104,37.395967793512774,40.36875000000001,3,0.34113962277770044,0.003238387757330383,0.8703125,0.8703125,0.005740991584648074,0.005740991584648074,0.0,0.0,0.0,0.0,59,0,14779,True,1,1
105,37.52221779351276,40.495,3,0.33962048813700674,0.0027532725369690267,0.871875,0.871875,0.002923169833417142,0.002923169833417142,0.0,0.0,0.0,0.0,59,0,14779,True,1,1
106,37.600342793512766,40.573125000000005,3,0.342058527469635,0.0011073388822069384,0.87265625,0.87265625,0.0019136638615493578,0.0019136638615493578,0.0,0.0,0.0,0.0,59,0,14779,True,1,1
107,37.55221779351276,40.525,3,0.3407182864844799,0.0030226394930836288,0.871875,0.871875,0.0029231698334171415,0.0029231698334171415,0.0,0.0,0.0,0.0,59,0,14779,True,1,1
108,37.399092793512764,40.371875,3,0.3398733541369438,0.0033752533523043584,0.87109375,0.87109375,0.0024705294220065464,0.0024705294220065464,0.0,0.0,0.0,0.0,59,0,14779,True,1,1
109,37.36596779351277,40.33875000000001,3,0.3390102691948414,0.0028143274139597625,0.8703125,0.8703125,0.0029231698334171415,0.0029231698334171415,0.0,0.0,0.0,0.0,59,0,14779,True,1,1
110,37.287842793512766,40.260625000000005,3,0.3399205386638641,0.004645859801669458,0.86953125,0.86953125,0.003983608994994363,0.003983608994994363,0.0,0.0,0.0,0.0,59,0,14779,True,1,1
111,37.36596779351277,40.33875000000001,3,0.33912127986550333,0.0015191161302543542,0.8703125,0.8703125,0.003827327723098716,0.003827327723098716,0.0,0.0,0.0,0.0,59,0,14779,True,1,1
112,37.633467793512764,40.60625,3,0.33973179012537,0.002134048541960383,0.8734375,0.8734375,0.0019136638615493578,0.0019136638615493578,0.0,0.0,0.0,0.0,59,0,14779,True,1,1
113,37.600342793512766,40.573125000000005,3,0.340067370980978,0.002204771419682593,0.87265625,0.87265625,0.003983608994994363,0.003983608994994363,0.0,0.0,0.0,0.0,59,0,14779,True,1,1
114,37.52221779351276,40.495,3,0.3385209508240223,0.004990170403237829,0.871875,0.871875,0.004555431167847891,0.004555431167847891,0.0,0.0,0.0,0.0,59,0,14779,True,1,1
115,37.444092793512766,40.416875000000005,3,0.3401335723698139,0.0009949057702212387,0.87109375,0.87109375,0.00427908248050911,0.00427908248050911,0.0,0.0,0.0,0.0,59,0,14779,True,1,1
116,37.52221779351276,40.495,3,0.33959217369556427,0.0011872841691917962,0.871875,0.871875,0.004555431167847891,0.004555431167847891,0.0,0.0,0.0,0.0,59,0,14779,True,1,1
117,37.63090145273064,40.603125000000006,3,0.33724466785788537,0.002611549654594644,0.87265625,0.87265625,0.003125,0.003125,0.0,0.0,0.0,0.0,59,0,14777,True,1,1
118,37.63457890462387,40.60625,3,0.3382695570588112,0.0012608934178105584,0.8734375,0.8734375,0.005298695299316616,0.005298695299316616,0.0,0.0,0.0,0.0,59,0,14777,True,1,1
119,37.834717793512766,40.807500000000005,3,0.3393375985324383,0.004048164492183691,0.875,0.875,0.0,0.0,0.0,0.0,0.0,0.0,59,0,14779,True,1,1
120,37.287842793512766,40.260625000000005,3,0.34088939502835275,0.0012625244901476773,0.86953125,0.86953125,0.006346905003621844,0.006346905003621844,0.0,0.0,0.0,0.0,59,0,14779,True,1,1
121,37.990967793512766,40.963750000000005,3,0.33886474296450614,0.002451990422991102,0.8765625,0.8765625,0.0019136638615493578,0.0019136638615493578,0.0,0.0,0.0,0.0,59,0,14779,True,1,1
122,37.63034279351277,40.603125000000006,3,0.3371204726397991,0.0011212281782593347,0.87265625,0.87265625,0.005298695299316616,0.005298695299316616,0.0,0.0,0.0,0.0,59,0,14779,True,1,1
123,37.834717793512766,40.807500000000005,3,0.34003748148679735,0.0025544466602044195,0.875,0.875,0.00427908248050911,0.00427908248050911,0.0,0.0,0.0,0.0,59,0,14779,True,1,1
124,37.209717793512766,40.182500000000005,3,0.3404271423816681,0.003952790119837151,0.86875,0.86875,0.006346905003621844,0.006346905003621844,0.0,0.0,0.0,0.0,59,0,14779,True,1,1
125,37.444092793512766,40.416875000000005,3,0.3417076528072357,0.002422333291747759,0.87109375,0.87109375,0.0034938562148434213,0.0034938562148434213,0.0,0.0,0.0,0.0,59,0,14779,True,1,1
126,37.678467793512766,40.651250000000005,3,0.3390693388879299,0.0022940538857901395,0.8734375,0.8734375,0.003983608994994363,0.003983608994994363,0.0,0.0,0.0,0.0,59,0,14779,True,1,1
127,37.32156659590798,40.29375000000001,3,0.3397680394351482,0.002213636558288961,0.8703125,0.8703125,0.004555431167847891,0.004555431167847891,0.0,0.0,0.0,0.0,59,0,14777,True,1,1
128,37.71270390462388,40.68437500000001,3,0.33968060910701753,0.0013032099811043658,0.87421875,0.87421875,0.002923169833417142,0.002923169833417142,0.0,0.0,0.0,0.0,59,0,14777,True,1,1
129,37.444092793512766,40.416875000000005,3,0.33790567740797994,0.003297414829402612,0.87109375,0.87109375,0.005524271728019903,0.005524271728019903,0.0,0.0,0.0,0.0,59,0,14779,True,1,1
130,37.600342793512766,40.573125000000005,3,0.33942419812083247,0.0007288651804761881,0.87265625,0.87265625,0.005298695299316616,0.005298695299316616,0.0,0.0,0.0,0.0,59,0,14779,True,1,1
131,37.55423168240166,40.52812500000001,3,0.339084030687809,0.002832635728022985,0.87265625,0.87265625,0.0019136638615493578,0.0019136638615493578,0.0,0.0,0.0,0.0,59,0,14781,True,1,1
132,37.053467793512766,40.026250000000005,3,0.34147723838686944,0.0030873411581167566,0.8671875,0.8671875,0.005524271728019903,0.005524271728019903,0.0,0.0,0.0,0.0,59,0,14779,True,1,1
133,37.47409279351277,40.446875000000006,3,0.34175477027893064,0.0018969217513181143,0.87109375,0.87109375,0.0034938562148434213,0.0034938562148434213,0.0,0.0,0.0,0.0,59,0,14779,True,1,1
134,37.16588058421044,40.13750000000001,3,0.3426521450281143,0.002827042673928974,0.86875,0.86875,0.003125,0.003125,0.0,0.0,0.0,0.0,59,0,14777,True,1,1
135,37.52221779351276,40.495,3,0.3407683312892914,0.002586097328913161,0.871875,0.871875,0.002923169833417142,0.002923169833417142,0.0,0.0,0.0,0.0,59,0,14779,True,1,1
136,37.600342793512766,40.573125000000005,3,0.3385263942182064,0.0012892378961545828,0.87265625,0.87265625,0.003125,0.003125,0.0,0.0,0.0,0.0,59,0,14779,True,1,1
137,37.600342793512766,40.573125000000005,3,0.3395455040037632,0.001835633711133082,0.87265625,0.87265625,0.0046875,0.0046875,0.0,0.0,0.0,0.0,59,0,14779,True,1,1
138,37.477816595907974,40.45,3,0.3380802787840366,0.003223842808917477,0.871875,0.871875,0.005182226234930313,0.005182226234930313,0.0,0.0,0.0,0.0,59,0,14777,True,1,1
139,37.287842793512766,40.260625000000005,3,0.33927021399140356,0.004207687331886985,0.86953125,0.86953125,0.0046875,0.0046875,0.0,0.0,0.0,0.0,59,0,14779,True,1,1
140,37.053467793512766,40.026250000000005,3,0.3408594481647015,0.003299426773029607,0.8671875,0.8671875,0.0024705294220065464,0.0024705294220065464,0.0,0.0,0.0,0.0,59,0,14779,True,1,1
141,37.36596779351277,40.33875000000001,3,0.3402666307985783,0.0021743109646913945,0.8703125,0.8703125,0.0029231698334171415,0.0029231698334171415,0.0,0.0,0.0,0.0,59,0,14779,True,1,1
142,37.444092793512766,40.416875000000005,3,0.3407691352069378,0.002380009876095893,0.87109375,0.87109375,0.005524271728019903,0.005524271728019903,0.0,0.0,0.0,0.0,59,0,14779,True,1,1
143,37.444092793512766,40.416875000000005,3,0.3399244286119938,0.005134348954772498,0.87109375,0.87109375,0.00427908248050911,0.00427908248050911,0.0,0.0,0.0,0.0,59,0,14779,True,1,1
144,37.52221779351276,40.495,3,0.3404394663870335,0.002309688746456624,0.871875,0.871875,0.002923169833417142,0.002923169833417142,0.0,0.0,0.0,0.0,59,0,14779,True,1,1
145,37.287842793512766,40.260625000000005,3,0.34152937680482864,0.0021196201364991974,0.86953125,0.86953125,0.003983608994994363,0.003983608994994363,0.0,0.0,0.0,0.0,59,0,14779,True,1,1
146,37.52221779351276,40.495,3,0.33867446407675744,0.002712923266284299,0.871875,0.871875,0.005182226234930313,0.005182226234930313,0.0,0.0,0.0,0.0,59,0,14779,True,1,1
147,37.678467793512766,40.651250000000005,3,0.33917256370186805,0.001526000471378607,0.8734375,0.8734375,0.0019136638615493578,0.0019136638615493578,0.0,0.0,0.0,0.0,59,0,14779,True,1,1
148,37.287842793512766,40.260625000000005,3,0.3399574562907219,0.0019989203467249803,0.86953125,0.86953125,0.005298695299316616,0.005298695299316616,0.0,0.0,0.0,0.0,59,0,14779,True,1,1
149,37.834717793512766,40.807500000000005,3,0.33946983739733694,0.00227370436827897,0.875,0.875,0.0024705294220065464,0.0024705294220065464,0.0,0.0,0.0,0.0,59,0,14779,True,1,1
150,37.36596779351277,40.33875000000001,3,0.3416718266904354,0.003654702730098692,0.8703125,0.8703125,0.004555431167847891,0.004555431167847891,0.0,0.0,0.0,0.0,59,0,14779,True,1,1
151,37.600342793512766,40.573125000000005,3,0.3393734537065029,0.002581983232133828,0.87265625,0.87265625,0.003983608994994363,0.003983608994994363,0.0,0.0,0.0,0.0,59,0,14779,True,2,1
152,37.71159279351277,40.68437500000001,3,0.33807401210069654,0.003083247050582299,0.87421875,0.87421875,0.0045554311678478905,0.0045554311678478905,0.0,0.0,0.0,0.0,59,0,14779,True,2,1
153,37.63034279351277,40.603125000000006,3,0.3397610731422901,0.002904075889305095,0.87265625,0.87265625,0.0046875,0.0046875,0.0,0.0,0.0,0.0,59,0,14779,True,2,1
154,37.36596779351277,40.33875000000001,3,0.34050310030579567,0.0038624589763651793,0.8703125,0.8703125,0.002923169833417142,0.002923169833417142,0.0,0.0,0.0,0.0,59,0,14779,True,2,1
155,37.36596779351277,40.33875000000001,3,0.34016403257846833,0.0029240346109346855,0.8703125,0.8703125,0.002923169833417142,0.002923169833417142,0.0,0.0,0.0,0.0,59,0,14779,True,2,1
156,37.243441595907974,40.215625,3,0.3393658049404621,0.0027493673838322897,0.86953125,0.86953125,0.003125,0.003125,0.0,0.0,0.0,0.0,59,0,14777,True,2,1
157,37.52221779351276,40.495,3,0.33789292350411415,0.002404553673818836,0.871875,0.871875,0.0038273277230987156,0.0038273277230987156,0.0,0.0,0.0,0.0,59,0,14779,True,2,1
158,37.678467793512766,40.651250000000005,3,0.3425431504845619,0.002616329438085943,0.8734375,0.8734375,0.003125,0.003125,0.0,0.0,0.0,0.0,59,0,14779,True,2,1
159,37.444092793512766,40.416875000000005,3,0.3419994913041592,0.0017551867188730298,0.87109375,0.87109375,0.004941058844013093,0.004941058844013093,0.0,0.0,0.0,0.0,59,0,14779,True,2,1
160,37.59923168240165,40.573125000000005,3,0.3405460096895695,0.0020793941641135227,0.87265625,0.87265625,0.003983608994994363,0.003983608994994363,0.0,0.0,0.0,0.0,59,0,14781,True,2,1
161,37.52221779351276,40.495,3,0.3398255005478859,0.0024927350321358437,0.871875,0.871875,0.006720566614877052,0.006720566614877052,0.0,0.0,0.0,0.0,59,0,14779,True,2,1
162,37.395967793512774,40.36875000000001,3,0.3393563576042652,0.0026956684373632125,0.8703125,0.8703125,0.0038273277230987156,0.0038273277230987156,0.0,0.0,0.0,0.0,59,0,14779,True,2,1
163,37.55221779351276,40.525,3,0.3385633662343025,0.0025319214840351227,0.871875,0.871875,0.004555431167847891,0.004555431167847891,0.0,0.0,0.0,0.0,59,0,14779,True,2,1
164,37.444092793512766,40.416875000000005,3,0.3390087455511093,0.004194894394915721,0.87109375,0.87109375,0.00427908248050911,0.00427908248050911,0.0,0.0,0.0,0.0,59,0,14779,True,2,1
165,37.52221779351276,40.495,3,0.33891924023628234,0.005246764572336969,0.871875,0.871875,0.005182226234930313,0.005182226234930313,0.0,0.0,0.0,0.0,59,0,14779,True,2,1
166,37.2439297500345,40.215625,3,0.3398051716387272,0.003601962321396536,0.86953125,0.86953125,0.006810779599282302,0.006810779599282302,0.0,0.0,0.0,0.0,59,0,14777,True,2,1
167,37.7908047500345,40.7625,3,0.3401106856763363,0.003375902230090364,0.875,0.875,0.0,0.0,0.0,0.0,0.0,0.0,59,0,14777,True,2,1
168,37.678467793512766,40.651250000000005,3,0.33785735070705414,0.0038569892063453812,0.8734375,0.8734375,0.003125,0.003125,0.0,0.0,0.0,0.0,59,0,14779,True,2,1
169,37.477217793512764,40.45,3,0.3407297573983669,0.0018661220022300115,0.871875,0.871875,0.005182226234930313,0.005182226234930313,0.0,0.0,0.0,0.0,59,0,14779,True,2,1
170,37.678467793512766,40.651250000000005,3,0.3392860643565655,0.003454760678688733,0.8734375,0.8734375,0.003125,0.003125,0.0,0.0,0.0,0.0,59,0,14779,True,2,1
171,37.32096779351277,40.29375000000001,3,0.34075634106993674,0.002604764017032427,0.8703125,0.8703125,0.004555431167847891,0.004555431167847891,0.0,0.0,0.0,0.0,59,0,14779,True,2,1
172,37.47832890462387,40.45,3,0.34051669016480446,0.004095174218765568,0.871875,0.871875,0.005182226234930313,0.005182226234930313,0.0,0.0,0.0,0.0,59,0,14777,True,2,1
173,37.13159279351276,40.104375,3,0.34028211757540705,0.003071246151952705,0.86796875,0.86796875,0.005740991584648074,0.005740991584648074,0.0,0.0,0.0,0.0,59,0,14779,True,2,1
174,37.444092793512766,40.416875000000005,3,0.3403779253363609,0.0034266213516738024,0.87109375,0.87109375,0.0034938562148434213,0.0034938562148434213,0.0,0.0,0.0,0.0,59,0,14779,True,2,1
175,37.623293374908116,40.59375000000001,3,0.3413965508341789,0.003912664348444695,0.8703125,0.8703125,0.005740991584648074,0.005740991584648074,0.0,0.0,0.0,0.0,59,0,14775,True,2,1
176,37.55479034161954,40.52812500000001,3,0.3394556477665901,0.002025795474928148,0.87265625,0.87265625,0.005298695299316616,0.005298695299316616,0.0,0.0,0.0,0.0,59,0,14779,True,2,1
177,37.600342793512766,40.573125000000005,3,0.3427929989993572,0.0010345220102871196,0.87265625,0.87265625,0.006810779599282302,0.006810779599282302,0.0,0.0,0.0,0.0,59,0,14779,True,2,1
178,37.678467793512766,40.651250000000005,3,0.3382614843547344,0.0016065248577501329,0.8734375,0.8734375,0.003125,0.003125,0.0,0.0,0.0,0.0,59,0,14779,True,2,1
179,37.36596779351277,40.33875000000001,3,0.3377617746591568,0.0027846585404893392,0.8703125,0.8703125,0.0015625,0.0015625,0.0,0.0,0.0,0.0,59,0,14779,True,2,1
180,37.600342793512766,40.573125000000005,3,0.3400589793920517,0.002755957025937081,0.87265625,0.87265625,0.005298695299316616,0.005298695299316616,0.0,0.0,0.0,0.0,59,0,14779,True,2,1
181,37.24395390462387,40.215625,3,0.3374675489962101,0.004312828605368875,0.86953125,0.86953125,0.006810779599282302,0.006810779599282302,0.0,0.0,0.0,0.0,59,0,14777,True,2,1
182,37.52221779351276,40.495,3,0.34057942405343056,0.0026858993992690035,0.871875,0.871875,0.0015625,0.0015625,0.0,0.0,0.0,0.0,59,0,14779,True,2,1
183,37.52221779351276,40.495,3,0.34041678681969645,0.0037545014201944282,0.871875,0.871875,0.002923169833417142,0.002923169833417142,0.0,0.0,0.0,0.0,59,0,14779,True,2,1
184,37.71219159590798,40.68437500000001,3,0.3403941668570042,0.0022759068073043578,0.87421875,0.87421875,0.005740991584648074,0.005740991584648074,0.0,0.0,0.0,0.0,59,0,14777,True,2,1
185,37.39652645273065,40.36875000000001,3,0.34078489765524866,0.0010336421440516163,0.8703125,0.8703125,0.004555431167847891,0.004555431167847891,0.0,0.0,0.0,0.0,59,0,14777,True,2,1
186,37.32162568824961,40.29375000000001,3,0.3372300200164318,0.0008632707906893134,0.8703125,0.8703125,0.005740991584648074,0.005740991584648074,0.0,0.0,0.0,0.0,59,0,14777,True,2,1
187,37.867842793512764,40.840625,3,0.3392107471823692,0.00438114170292731,0.87578125,0.87578125,0.006720566614877052,0.006720566614877052,0.0,0.0,0.0,0.0,59,0,14779,True,2,1
188,37.24395390462387,40.215625,3,0.33925947844982146,0.0021379848453002693,0.86953125,0.86953125,0.0019136638615493578,0.0019136638615493578,0.0,0.0,0.0,0.0,59,0,14777,True,2,1
189,37.990967793512766,40.963750000000005,3,0.33851799964904783,0.002936629553021087,0.8765625,0.8765625,0.0046875,0.0046875,0.0,0.0,0.0,0.0,59,0,14779,True,2,1
190,37.287842793512766,40.260625000000005,3,0.34006204307079313,0.0011653315435519193,0.86953125,0.86953125,0.003983608994994363,0.003983608994994363,0.0,0.0,0.0,0.0,59,0,14779,True,2,1
191,37.399750688249604,40.371875,3,0.3407487779855728,0.0014816255356755153,0.87109375,0.87109375,0.00427908248050911,0.00427908248050911,0.0,0.0,0.0,0.0,59,0,14777,True,2,1
192,37.209717793512766,40.182500000000005,3,0.33955093175172807,0.0035645009288804196,0.86875,0.86875,0.003983608994994363,0.003983608994994363,0.0,0.0,0.0,0.0,59,0,14779,True,2,1
193,37.678467793512766,40.651250000000005,3,0.33891668245196344,0.0024992574801576805,0.8734375,0.8734375,0.006346905003621844,0.006346905003621844,0.0,0.0,0.0,0.0,59,0,14779,True,2,1
194,37.209717793512766,40.182500000000005,3,0.3419971264898777,0.0032488891668162974,0.86875,0.86875,0.006346905003621844,0.006346905003621844,0.0,0.0,0.0,0.0,59,0,14779,True,2,1
195,37.678467793512766,40.651250000000005,3,0.340060693025589,0.0022641545933894495,0.8734375,0.8734375,0.0019136638615493578,0.0019136638615493578,0.0,0.0,0.0,0.0,59,0,14779,True,2,1
196,37.600342793512766,40.573125000000005,3,0.34244261384010316,0.0027622320323583065,0.87265625,0.87265625,0.003983608994994363,0.003983608994994363,0.0,0.0,0.0,0.0,59,0,14779,True,2,1
197,37.087250688249604,40.059375,3,0.34041345193982125,0.0014326948931344,0.86796875,0.86796875,0.0045554311678478905,0.0045554311678478905,0.0,0.0,0.0,0.0,59,0,14777,True,2,1
198,37.008467793512764,39.98125,3,0.33900838568806646,0.001954682799883613,0.8671875,0.8671875,0.0024705294220065464,0.0024705294220065464,0.0,0.0,0.0,0.0,59,0,14779,True,2,1
199,37.209717793512766,40.182500000000005,3,0.3391475588083267,0.002840230599602845,0.86875,0.86875,0.005298695299316616,0.005298695299316616,0.0,0.0,0.0,0.0,59,0,14779,True,2,1
200,37.36596779351277,40.33875000000001,3,0.34197069630026816,0.0019828312119729114,0.8703125,0.8703125,0.002923169833417142,0.002923169833417142,0.0,0.0,0.0,0.0,59,0,14779,True,2,1
201,37.40021011194852,40.371875,3,0.3361904799938202,0.0024140914174336633,0.87109375,0.87109375,0.004941058844013093,0.004941058844013093,0.0,0.0,0.0,0.0,59,0,14775,True,2,1
202,37.40141837490811,40.371875,3,0.34352613538503646,0.002457459465739714,0.87109375,0.87109375,0.00427908248050911,0.00427908248050911,0.0,0.0,0.0,0.0,59,0,14775,True,2,1
203,37.52221779351276,40.495,3,0.33897229954600333,0.002195449305567789,0.871875,0.871875,0.0015625,0.0015625,0.0,0.0,0.0,0.0,59,0,14779,True,2,1
204,37.444092793512766,40.416875000000005,3,0.3391004703938961,0.002744854947420692,0.87109375,0.87109375,0.00427908248050911,0.00427908248050911,0.0,0.0,0.0,0.0,59,0,14779,True,2,1
205,37.13159279351276,40.104375,3,0.3405189335346222,0.002884412766829391,0.86796875,0.86796875,0.00625,0.00625,0.0,0.0,0.0,0.0,59,0,14779,True,2,1
206,37.444092793512766,40.416875000000005,3,0.3416199557483196,0.003980193613058818,0.87109375,0.87109375,0.00427908248050911,0.00427908248050911,0.0,0.0,0.0,0.0,59,0,14779,True,2,1
207,37.678467793512766,40.651250000000005,3,0.34154621213674546,0.001915854608120537,0.8734375,0.8734375,0.003983608994994363,0.003983608994994363,0.0,0.0,0.0,0.0,59,0,14779,True,2,1
208,37.444092793512766,40.416875000000005,3,0.3397683195769787,0.0022288803028771833,0.87109375,0.87109375,0.0034938562148434213,0.0034938562148434213,0.0,0.0,0.0,0.0,59,0,14779,True,2,1
209,37.445203904623874,40.416875000000005,3,0.33930147290229795,0.0027102033517075867,0.87109375,0.87109375,0.006987712429686843,0.006987712429686843,0.0,0.0,0.0,0.0,59,0,14777,True,2,1
210,37.634630584210434,40.60625,3,0.3403570793569088,0.0024869852400047506,0.8734375,0.8734375,0.003983608994994363,0.003983608994994363,0.0,0.0,0.0,0.0,59,0,14777,True,2,1
211,37.287842793512766,40.260625000000005,3,0.3411758795380592,0.002289331837442886,0.86953125,0.86953125,0.003125,0.003125,0.0,0.0,0.0,0.0,59,0,14779,True,2,1
212,37.91284279351276,40.885625,3,0.3379386402666569,0.00313677643067987,0.87578125,0.87578125,0.0038273277230987156,0.0038273277230987156,0.0,0.0,0.0,0.0,59,0,14779,True,2,1
213,37.36596779351277,40.33875000000001,3,0.3390520513057709,0.002121596671367016,0.8703125,0.8703125,0.006720566614877052,0.006720566614877052,0.0,0.0,0.0,0.0,59,0,14779,True,2,1
214,37.52221779351276,40.495,3,0.33924397826194763,0.0025311500344318495,0.871875,0.871875,0.005182226234930313,0.005182226234930313,0.0,0.0,0.0,0.0,59,0,14779,True,2,1
215,37.287842793512766,40.260625000000005,3,0.3417762279510498,0.0031818675977890883,0.86953125,0.86953125,0.009110862335695781,0.009110862335695781,0.0,0.0,0.0,0.0,59,0,14779,True,2,1
216,37.287842793512766,40.260625000000005,3,0.3424463883042336,0.0020467829351067533,0.86953125,0.86953125,0.003983608994994363,0.003983608994994363,0.0,0.0,0.0,0.0,59,0,14779,True,2,1
217,37.444092793512766,40.416875000000005,3,0.3409851543605328,0.002577476211506802,0.87109375,0.87109375,0.0024705294220065464,0.0024705294220065464,0.0,0.0,0.0,0.0,59,0,14779,True,2,1
218,37.600342793512766,40.573125000000005,3,0.34007343351840974,0.0012246711677877569,0.87265625,0.87265625,0.0019136638615493578,0.0019136638615493578,0.0,0.0,0.0,0.0,59,0,14779,True,2,1
219,37.477217793512764,40.45,3,0.34102180451154707,0.0037118022098260326,0.871875,0.871875,0.0015625,0.0015625,0.0,0.0,0.0,0.0,59,0,14779,True,2,1
220,-3.019657206487227,-0.046874999999990674,1,0.34224504679441453,0.0018531163666836244,0.86640625,0.86640625,0.004555431167847891,0.004555431167847891,0.0,0.0,0.0,0.0,59,0,14779,True,2,1
221,37.55423168240166,40.52812500000001,3,0.33723324835300444,0.0026864511541423142,0.87265625,0.87265625,0.003983608994994363,0.003983608994994363,0.0,0.0,0.0,0.0,59,0,14781,True,2,1
222,37.399092793512764,40.371875,3,0.33877912238240243,0.004233039488059268,0.87109375,0.87109375,0.004941058844013093,0.004941058844013093,0.0,0.0,0.0,0.0,59,0,14779,True,2,1
223,37.287842793512766,40.260625000000005,3,0.3406024299561977,0.0027683305544169458,0.86953125,0.86953125,0.005846339666834283,0.005846339666834283,0.0,0.0,0.0,0.0,59,0,14779,True,2,1
224,37.52221779351276,40.495,3,0.34069757387042043,0.0027389277790138182,0.871875,0.871875,0.005182226234930313,0.005182226234930313,0.0,0.0,0.0,0.0,59,0,14779,True,2,1
225,37.75659279351277,40.72937500000001,3,0.33942494094371795,0.003574164207789568,0.87421875,0.87421875,0.002923169833417142,0.002923169833417142,0.0,0.0,0.0,0.0,59,0,14779,True,2,1
226,37.600342793512766,40.573125000000005,3,0.3411194160580635,0.004074424366026873,0.87265625,0.87265625,0.007245014449606018,0.007245014449606018,0.0,0.0,0.0,0.0,59,0,14779,True,2,1
227,37.053467793512766,40.026250000000005,3,0.34325764402747155,0.002301708212075085,0.8671875,0.8671875,0.005524271728019903,0.005524271728019903,0.0,0.0,0.0,0.0,59,0,14779,True,2,1
228,37.209717793512766,40.182500000000005,3,0.3400355614721775,0.0019560185174919797,0.86875,0.86875,0.006346905003621844,0.006346905003621844,0.0,0.0,0.0,0.0,59,0,14779,True,2,1
229,37.600342793512766,40.573125000000005,3,0.34077139720320704,0.0017296687185253275,0.87265625,0.87265625,0.003983608994994363,0.003983608994994363,0.0,0.0,0.0,0.0,59,0,14779,True,2,1
230,37.16531659590798,40.13750000000001,3,0.3396929942071438,0.0019058182345073943,0.86875,0.86875,0.003983608994994363,0.003983608994994363,0.0,0.0,0.0,0.0,59,0,14777,True,2,1
231,37.444092793512766,40.416875000000005,3,0.3392829470336437,0.0021021283713119946,0.87109375,0.87109375,0.0024705294220065464,0.0024705294220065464,0.0,0.0,0.0,0.0,59,0,14779,True,2,1
232,37.444092793512766,40.416875000000005,3,0.34194444566965104,0.0024777541244050396,0.87109375,0.87109375,0.00427908248050911,0.00427908248050911,0.0,0.0,0.0,0.0,59,0,14779,True,2,1
233,37.287842793512766,40.260625000000005,3,0.3420194208621979,0.0014634621753085557,0.86953125,0.86953125,0.0046875,0.0046875,0.0,0.0,0.0,0.0,59,0,14779,True,2,1
234,37.52221779351276,40.495,3,0.33950543627142904,0.002095104268784387,0.871875,0.871875,0.004555431167847891,0.004555431167847891,0.0,0.0,0.0,0.0,59,0,14779,True,2,1
235,37.287842793512766,40.260625000000005,3,0.3395611852407455,0.0019654585693474986,0.86953125,0.86953125,0.003983608994994363,0.003983608994994363,0.0,0.0,0.0,0.0,59,0,14779,True,2,1
236,37.444092793512766,40.416875000000005,3,0.3399908453226089,0.002373085526394322,0.87109375,0.87109375,0.004941058844013093,0.004941058844013093,0.0,0.0,0.0,0.0,59,0,14779,True,2,1
237,37.444092793512766,40.416875000000005,3,0.34155174121260645,0.004047270988387082,0.87109375,0.87109375,0.0034938562148434213,0.0034938562148434213,0.0,0.0,0.0,0.0,59,0,14779,True,2,1
238,37.63457890462387,40.60625,3,0.34239975959062574,0.004412573898222781,0.8734375,0.8734375,0.003983608994994363,0.003983608994994363,0.0,0.0,0.0,0.0,59,0,14777,True,2,1
239,37.287842793512766,40.260625000000005,3,0.33960214629769325,0.0010897390971394937,0.86953125,0.86953125,0.003983608994994363,0.003983608994994363,0.0,0.0,0.0,0.0,59,0,14779,True,2,1
240,37.444092793512766,40.416875000000005,3,0.340203745663166,0.0010540755202236062,0.87109375,0.87109375,0.0034938562148434213,0.0034938562148434213,0.0,0.0,0.0,0.0,59,0,14779,True,2,1
241,37.477875688249604,40.45,3,0.3394619472324848,0.0018156814306467843,0.871875,0.871875,0.005740991584648074,0.005740991584648074,0.0,0.0,0.0,0.0,59,0,14777,True,2,1
242,37.053467793512766,40.026250000000005,3,0.3392715655267239,0.003510715688969969,0.8671875,0.8671875,0.006987712429686843,0.006987712429686843,0.0,0.0,0.0,0.0,59,0,14779,True,3,1
243,37.75659279351277,40.72937500000001,3,0.3427364379167557,0.0027025018814269075,0.87421875,0.87421875,0.002923169833417142,0.002923169833417142,0.0,0.0,0.0,0.0,59,0,14779,True,3,1
244,37.32228358298646,40.29375000000001,3,0.33672318160533904,0.0017495912610181314,0.8703125,0.8703125,0.006720566614877052,0.006720566614877052,0.0,0.0,0.0,0.0,59,0,14775,True,3,1
245,37.08771011194852,40.059375,3,0.342201180011034,0.0031884663236174363,0.86796875,0.86796875,0.005182226234930313,0.005182226234930313,0.0,0.0,0.0,0.0,59,0,14775,True,3,1
246,37.209717793512766,40.182500000000005,3,0.3401912353932858,0.0022613866134003646,0.86875,0.86875,0.003983608994994363,0.003983608994994363,0.0,0.0,0.0,0.0,59,0,14779,True,3,1
247,37.52221779351276,40.495,3,0.34052774161100385,0.003907868199551248,0.871875,0.871875,0.0038273277230987156,0.0038273277230987156,0.0,0.0,0.0,0.0,59,0,14779,True,3,1
248,37.444092793512766,40.416875000000005,3,0.3398253172636032,0.0023315110925206015,0.87109375,0.87109375,0.00427908248050911,0.00427908248050911,0.0,0.0,0.0,0.0,59,0,14779,True,3,1
249,37.39652645273065,40.36875000000001,3,0.3407552741467953,0.0030070290608674765,0.8703125,0.8703125,0.0038273277230987156,0.0038273277230987156,0.0,0.0,0.0,0.0,59,0,14777,True,3,1
250,37.287842793512766,40.260625000000005,3,0.3378954090178013,0.005280402346922466,0.86953125,0.86953125,0.005298695299316616,0.005298695299316616,0.0,0.0,0.0,0.0,59,0,14779,True,3,1
251,37.39798168240165,40.371875,3,0.3403247147798538,0.0013476076247410115,0.87109375,0.87109375,0.0024705294220065464,0.0024705294220065464,0.0,0.0,0.0,0.0,59,0,14781,True,3,1
252,37.633467793512764,40.60625,3,0.34259016886353494,0.0036861664451451467,0.8734375,0.8734375,0.003125,0.003125,0.0,0.0,0.0,0.0,59,0,14779,True,3,1
253,37.288953904623874,40.260625000000005,3,0.34022424668073653,0.0024484976676919464,0.86953125,0.86953125,0.0019136638615493578,0.0019136638615493578,0.0,0.0,0.0,0.0,59,0,14777,True,3,1
254,37.990967793512766,40.963750000000005,3,0.3382293932139874,0.0020122430358287275,0.8765625,0.8765625,0.0019136638615493578,0.0019136638615493578,0.0,0.0,0.0,0.0,59,0,14779,True,3,1
255,37.287842793512766,40.260625000000005,3,0.34073619470000266,0.002223964152848609,0.86953125,0.86953125,0.006346905003621844,0.006346905003621844,0.0,0.0,0.0,0.0,59,0,14779,True,3,1
256,37.600342793512766,40.573125000000005,3,0.3407672680914402,0.0024851433860041236,0.87265625,0.87265625,0.0046875,0.0046875,0.0,0.0,0.0,0.0,59,0,14779,True,3,1
257,37.32162568824961,40.29375000000001,3,0.3407896742224693,0.003214382481987175,0.8703125,0.8703125,0.004555431167847891,0.004555431167847891,0.0,0.0,0.0,0.0,59,0,14777,True,3,1
258,37.287842793512766,40.260625000000005,3,0.340068805962801,0.0023705494467503186,0.86953125,0.86953125,0.003983608994994363,0.003983608994994363,0.0,0.0,0.0,0.0,59,0,14779,True,3,1
259,37.52221779351276,40.495,3,0.342633006721735,0.002712599044293116,0.871875,0.871875,0.003827327723098716,0.003827327723098716,0.0,0.0,0.0,0.0,59,0,14779,True,3,1
260,37.678467793512766,40.651250000000005,3,0.3394709572196007,0.0007564255095859141,0.8734375,0.8734375,0.0019136638615493578,0.0019136638615493578,0.0,0.0,0.0,0.0,59,0,14779,True,3,1
261,37.52277645273063,40.495,3,0.3394609421491623,0.0023627816842392013,0.871875,0.871875,0.0015625,0.0015625,0.0,0.0,0.0,0.0,59,0,14777,True,3,1
262,37.55600068824961,40.52812500000001,3,0.3397623412311077,0.0028314618243374134,0.87265625,0.87265625,0.005298695299316616,0.005298695299316616,0.0,0.0,0.0,0.0,59,0,14777,True,3,1
263,37.633467793512764,40.60625,3,0.3400962457060814,0.0014221775260310687,0.8734375,0.8734375,0.0019136638615493578,0.0019136638615493578,0.0,0.0,0.0,0.0,59,0,14779,True,3,1
264,37.36596779351277,40.33875000000001,3,0.3378781020641327,0.0030783348404175457,0.8703125,0.8703125,0.003827327723098716,0.003827327723098716,0.0,0.0,0.0,0.0,59,0,14779,True,3,1
265,37.16531659590798,40.13750000000001,3,0.3392590872943401,0.00441196884021053,0.86875,0.86875,0.0046875,0.0046875,0.0,0.0,0.0,0.0,59,0,14777,True,3,1
266,37.79204337490811,40.7625,3,0.3410185784101486,0.0017639220554182308,0.875,0.875,0.0034938562148434213,0.0034938562148434213,0.0,0.0,0.0,0.0,59,0,14775,True,3,1
267,37.52221779351276,40.495,3,0.34052635431289674,0.002983333263664335,0.871875,0.871875,0.004555431167847891,0.004555431167847891,0.0,0.0,0.0,0.0,59,0,14779,True,3,1
268,37.13159279351276,40.104375,3,0.3383841149508953,0.0011231593137058563,0.86796875,0.86796875,0.0029231698334171415,0.0029231698334171415,0.0,0.0,0.0,0.0,59,0,14779,True,3,1
269,37.32096779351277,40.29375000000001,3,0.340286111086607,0.0016862753735251935,0.8703125,0.8703125,0.002923169833417142,0.002923169833417142,0.0,0.0,0.0,0.0,59,0,14779,True,3,1
270,37.477217793512764,40.45,3,0.3395775564014912,0.003016745271532027,0.871875,0.871875,0.002923169833417142,0.002923169833417142,0.0,0.0,0.0,0.0,59,0,14779,True,3,1
271,37.444092793512766,40.416875000000005,3,0.3396489731967449,0.0020801363085668533,0.87109375,0.87109375,0.00427908248050911,0.00427908248050911,0.0,0.0,0.0,0.0,59,0,14779,True,3,1
272,37.52221779351276,40.495,3,0.33942654728889465,0.004091049689406356,0.871875,0.871875,0.004555431167847891,0.004555431167847891,0.0,0.0,0.0,0.0,59,0,14779,True,3,1
273,37.790375688249604,40.7625,3,0.3411587566137314,0.0019202522191328595,0.875,0.875,0.0024705294220065464,0.0024705294220065464,0.0,0.0,0.0,0.0,59,0,14777,True,3,1
274,37.444092793512766,40.416875000000005,3,0.3412913024425507,0.0010961636169565477,0.87109375,0.87109375,0.0024705294220065464,0.0024705294220065464,0.0,0.0,0.0,0.0,59,0,14779,True,3,1
275,37.40091347894728,40.371875,3,0.3418123222887516,0.002174560993092285,0.87109375,0.87109375,0.0034938562148434213,0.0034938562148434213,0.0,0.0,0.0,0.0,59,0,14775,True,3,1
276,37.477875688249604,40.45,3,0.3394211381673813,0.003323747469620979,0.871875,0.871875,0.004555431167847891,0.004555431167847891,0.0,0.0,0.0,0.0,59,0,14777,True,3,1
277,37.679125688249606,40.651250000000005,3,0.3417264364659786,0.0039066099107076865,0.8734375,0.8734375,0.005298695299316616,0.005298695299316616,0.0,0.0,0.0,0.0,59,0,14777,True,3,1
278,37.13159279351276,40.104375,3,0.34132467284798623,0.0028991760516985264,0.86796875,0.86796875,0.005740991584648074,0.005740991584648074,0.0,0.0,0.0,0.0,59,0,14779,True,3,1
279,37.55600068824961,40.52812500000001,3,0.3408318512141705,0.003170371459544339,0.87265625,0.87265625,0.005846339666834283,0.005846339666834283,0.0,0.0,0.0,0.0,59,0,14777,True,3,1
280,37.678467793512766,40.651250000000005,3,0.3384885184466839,0.0017432642178453832,0.8734375,0.8734375,0.0046875,0.0046875,0.0,0.0,0.0,0.0,59,0,14779,True,3,1
281,37.32096779351277,40.29375000000001,3,0.3399575226008892,0.002420432308904021,0.8703125,0.8703125,0.0029231698334171415,0.0029231698334171415,0.0,0.0,0.0,0.0,59,0,14779,True,3,1
282,37.40020390462387,40.371875,3,0.3375993214547634,0.005011909344037923,0.87109375,0.87109375,0.0,0.0,0.0,0.0,0.0,0.0,59,0,14777,True,3,1
283,37.32162568824961,40.29375000000001,3,0.3408005103468895,0.004351292606328292,0.8703125,0.8703125,0.0029231698334171415,0.0029231698334171415,0.0,0.0,0.0,0.0,59,0,14777,True,3,1
284,37.243500688249604,40.215625,3,0.34113823175430297,0.0032444137393738887,0.86953125,0.86953125,0.003125,0.003125,0.0,0.0,0.0,0.0,59,0,14777,True,3,1
285,37.16537568824961,40.13750000000001,3,0.33845883756875994,0.0026562652272607845,0.86875,0.86875,0.005846339666834283,0.005846339666834283,0.0,0.0,0.0,0.0,59,0,14777,True,3,1
286,37.678467793512766,40.651250000000005,3,0.3383463084697723,0.003757908247707865,0.8734375,0.8734375,0.003983608994994363,0.003983608994994363,0.0,0.0,0.0,0.0,59,0,14779,True,3,1
287,37.087250688249604,40.059375,3,0.3417522728443146,0.002138379955181467,0.86796875,0.86796875,0.0015625,0.0015625,0.0,0.0,0.0,0.0,59,0,14777,True,3,1
288,37.55645390462388,40.52812500000001,3,0.338897280395031,0.002515360641776706,0.87265625,0.87265625,0.0019136638615493578,0.0019136638615493578,0.0,0.0,0.0,0.0,59,0,14777,True,3,1
289,37.75659279351277,40.72937500000001,3,0.34047246500849726,0.003954757396922466,0.87421875,0.87421875,0.002923169833417142,0.002923169833417142,0.0,0.0,0.0,0.0,59,0,14779,True,3,1
290,37.834717793512766,40.807500000000005,3,0.3408035509288311,0.0032598632684775163,0.875,0.875,0.00427908248050911,0.00427908248050911,0.0,0.0,0.0,0.0,59,0,14779,True,3,1
291,37.36596779351277,40.33875000000001,3,0.33798588067293167,0.0021608096454121825,0.8703125,0.8703125,0.005740991584648074,0.005740991584648074,0.0,0.0,0.0,0.0,59,0,14779,True,3,1
292,37.36596779351277,40.33875000000001,3,0.33831449076533315,0.00052456770410557,0.8703125,0.8703125,0.002923169833417142,0.002923169833417142,0.0,0.0,0.0,0.0,59,0,14779,True,3,1
293,37.0095547500345,39.98125,3,0.3409634083509445,0.002525533220371693,0.8671875,0.8671875,0.005524271728019903,0.005524271728019903,0.0,0.0,0.0,0.0,59,0,14777,True,3,1
294,37.36662568824961,40.33875000000001,3,0.3387474656105042,0.0005829154658069014,0.8703125,0.8703125,0.002923169833417142,0.002923169833417142,0.0,0.0,0.0,0.0,59,0,14777,True,3,1
295,37.55650558421044,40.52812500000001,3,0.3355772793292999,0.004782444833357765,0.87265625,0.87265625,0.005846339666834283,0.005846339666834283,0.0,0.0,0.0,0.0,59,0,14777,True,3,1
296,37.287842793512766,40.260625000000005,3,0.34167599901556966,0.0013703480709153246,0.86953125,0.86953125,0.005298695299316616,0.005298695299316616,0.0,0.0,0.0,0.0,59,0,14779,True,3,1
297,37.287842793512766,40.260625000000005,3,0.3403082206845284,0.00231833521858706,0.86953125,0.86953125,0.0046875,0.0046875,0.0,0.0,0.0,0.0,59,0,14779,True,3,1
298,37.16360668240166,40.13750000000001,3,0.3415198437869549,0.002805767313318256,0.86875,0.86875,0.0019136638615493578,0.0019136638615493578,0.0,0.0,0.0,0.0,59,0,14781,True,3,1
299,37.444092793512766,40.416875000000005,3,0.34037615060806276,0.002355323321537299,0.87109375,0.87109375,0.0034938562148434213,0.0034938562148434213,0.0,0.0,0.0,0.0,59,0,14779,True,3,1
300,37.4001797500345,40.371875,3,0.338849089294672,0.004334740999205068,0.87109375,0.87109375,0.0024705294220065464,0.0024705294220065464,0.0,0.0,0.0,0.0,59,0,14777,True,3,1
301,-3.019657206487227,-0.046874999999990674,1,0.34116150811314583,0.0021146583890390112,0.86640625,0.86640625,0.004555431167847891,0.004555431167847891,0.0,0.0,0.0,0.0,59,0,14779,True,3,1
302,37.36596779351277,40.33875000000001,3,0.33910486176609994,0.0030099508623808364,0.8703125,0.8703125,0.005740991584648074,0.005740991584648074,0.0,0.0,0.0,0.0,59,0,14779,True,3,1
303,37.55534279351277,40.52812500000001,3,0.3376521095633507,0.002350076365228941,0.87265625,0.87265625,0.003125,0.003125,0.0,0.0,0.0,0.0,59,0,14779,True,3,1
304,37.477217793512764,40.45,3,0.3384785778820515,0.002418548081054981,0.871875,0.871875,0.002923169833417142,0.002923169833417142,0.0,0.0,0.0,0.0,59,0,14779,True,3,1
305,37.600342793512766,40.573125000000005,3,0.3415824852883816,0.002726967686607833,0.87265625,0.87265625,0.0019136638615493578,0.0019136638615493578,0.0,0.0,0.0,0.0,59,0,14779,True,3,1
306,37.71159279351277,40.68437500000001,3,0.33952841684222224,0.003469536513378103,0.87421875,0.87421875,0.0015625,0.0015625,0.0,0.0,0.0,0.0,59,0,14779,True,3,1
307,37.55534279351277,40.52812500000001,3,0.34031288921833036,0.0017207592050413408,0.87265625,0.87265625,0.003125,0.003125,0.0,0.0,0.0,0.0,59,0,14779,True,3,1
308,37.55600068824961,40.52812500000001,3,0.338016452640295,0.0022325936594234015,0.87265625,0.87265625,0.005846339666834283,0.005846339666834283,0.0,0.0,0.0,0.0,59,0,14777,True,3,1
309,37.633467793512764,40.60625,3,0.34212912917137145,0.0021072495120100874,0.8734375,0.8734375,0.003125,0.003125,0.0,0.0,0.0,0.0,59,0,14779,True,3,1
310,37.242842793512764,40.215625,3,0.34061186760663986,0.0033526832755698096,0.86953125,0.86953125,0.005298695299316616,0.005298695299316616,0.0,0.0,0.0,0.0,59,0,14779,True,3,1
311,37.600342793512766,40.573125000000005,3,0.33856162428855896,0.003461086872191763,0.87265625,0.87265625,0.00765465544619743,0.00765465544619743,0.0,0.0,0.0,0.0,59,0,14779,True,3,1
312,37.009066595907974,39.98125,3,0.33861089646816256,0.0038197520036395696,0.8671875,0.8671875,0.0034938562148434213,0.0034938562148434213,0.0,0.0,0.0,0.0,59,0,14777,True,3,1
313,37.36596779351277,40.33875000000001,3,0.33975170031189916,0.0007683165011708705,0.8703125,0.8703125,0.002923169833417142,0.002923169833417142,0.0,0.0,0.0,0.0,59,0,14779,True,3,1
314,37.287842793512766,40.260625000000005,3,0.33825399726629257,0.005096271820280873,0.86953125,0.86953125,0.003983608994994363,0.003983608994994363,0.0,0.0,0.0,0.0,59,0,14779,True,3,1
315,37.75659279351277,40.72937500000001,3,0.3392981603741646,0.001973661345619826,0.87421875,0.87421875,0.006720566614877052,0.006720566614877052,0.0,0.0,0.0,0.0,59,0,14779,True,3,1
316,37.75659279351277,40.72937500000001,3,0.33956695050001146,0.003598970848896676,0.87421875,0.87421875,0.004555431167847891,0.004555431167847891,0.0,0.0,0.0,0.0,59,0,14779,True,3,1
317,37.477816595907974,40.45,3,0.3401777699589729,0.004239494291230786,0.871875,0.871875,0.00625,0.00625,0.0,0.0,0.0,0.0,59,0,14777,True,3,1
318,37.633467793512764,40.60625,3,0.34328377395868304,0.0020411038210362154,0.8734375,0.8734375,0.003125,0.003125,0.0,0.0,0.0,0.0,59,0,14779,True,3,1
319,37.36596779351277,40.33875000000001,3,0.3428047001361847,0.0023041754034713083,0.8703125,0.8703125,0.002923169833417142,0.002923169833417142,0.0,0.0,0.0,0.0,59,0,14779,True,3,1
320,37.634125688249604,40.60625,3,0.34142165407538416,0.0036373475930589665,0.8734375,0.8734375,0.003983608994994363,0.003983608994994363,0.0,0.0,0.0,0.0,59,0,14777,True,3,1
321,37.444092793512766,40.416875000000005,3,0.34000678956508634,0.0018907094223114987,0.87109375,0.87109375,0.0,0.0,0.0,0.0,0.0,0.0,59,0,14779,True,3,1
322,-3.0173316250918782,-0.046874999999990674,1,0.3401508130133152,0.002913257082802939,0.86640625,0.86640625,0.004555431167847891,0.004555431167847891,0.0,0.0,0.0,0.0,59,0,14775,True,3,1
323,37.86519398398896,40.837500000000006,3,0.33920867592096327,0.0024526243486649394,0.875,0.875,0.0024705294220065464,0.0024705294220065464,0.0,0.0,0.0,0.0,59,0,14777,True,3,1
324,37.40091347894728,40.371875,3,0.3394032396376133,0.0013021114483023754,0.87109375,0.87109375,0.005524271728019903,0.005524271728019903,0.0,0.0,0.0,0.0,59,0,14775,True,3,1
325,37.36596779351277,40.33875000000001,3,0.3402345053851604,0.0022514664335110926,0.8703125,0.8703125,0.0015625,0.0015625,0.0,0.0,0.0,0.0,59,0,14779,True,3,1
326,37.32096779351277,40.29375000000001,3,0.3394888982176781,0.003132748061168376,0.8703125,0.8703125,0.0029231698334171415,0.0029231698334171415,0.0,0.0,0.0,0.0,59,0,14779,True,3,1
327,37.31985668240166,40.29375000000001,3,0.34342166483402253,0.002214439192079067,0.8703125,0.8703125,0.002923169833417142,0.002923169833417142,0.0,0.0,0.0,0.0,59,0,14781,True,3,1
328,37.52221779351276,40.495,3,0.342273161560297,0.002825186814876316,0.871875,0.871875,0.0038273277230987156,0.0038273277230987156,0.0,0.0,0.0,0.0,59,0,14779,True,3,1
329,37.600342793512766,40.573125000000005,3,0.3394380234181881,0.00430548381144151,0.87265625,0.87265625,0.0046875,0.0046875,0.0,0.0,0.0,0.0,59,0,14779,True,3,1
330,37.63034279351277,40.603125000000006,3,0.33939367830753325,0.001995463755184388,0.87265625,0.87265625,0.003983608994994363,0.003983608994994363,0.0,0.0,0.0,0.0,59,0,14779,True,3,1
331,37.087191595907974,40.059375,3,0.3413893893361092,0.003630155478062297,0.86796875,0.86796875,0.004555431167847891,0.004555431167847891,0.0,0.0,0.0,0.0,59,0,14777,True,3,1
332,37.75659279351277,40.72937500000001,3,0.3416865162551403,0.0019850227602723172,0.87421875,0.87421875,0.0038273277230987156,0.0038273277230987156,0.0,0.0,0.0,0.0,59,0,14779,True,3,1
333,37.600342793512766,40.573125000000005,3,0.3394974865019321,0.0037025421485948613,0.87265625,0.87265625,0.003125,0.003125,0.0,0.0,0.0,0.0,59,0,14779,True,4,1
334,37.71159279351277,40.68437500000001,3,0.3397433064877987,0.0018370054540488745,0.87421875,0.87421875,0.0015625,0.0015625,0.0,0.0,0.0,0.0,59,0,14779,True,4,1
335,37.36596779351277,40.33875000000001,3,0.33973551020026205,0.0020720414026927305,0.8703125,0.8703125,0.0029231698334171415,0.0029231698334171415,0.0,0.0,0.0,0.0,59,0,14779,True,4,1
336,37.478380584210434,40.45,3,0.3396380543708801,0.002634933960913912,0.871875,0.871875,0.002923169833417142,0.002923169833417142,0.0,0.0,0.0,0.0,59,0,14777,True,4,1
337,37.46638756384176,40.43750000000001,3,0.3408334285020828,0.0022541538752648784,0.86875,0.86875,0.006810779599282302,0.006810779599282302,0.0,0.0,0.0,0.0,59,0,14775,True,4,1
338,37.32156659590798,40.29375000000001,3,0.3407509572803974,0.002536596163786083,0.8703125,0.8703125,0.0038273277230987156,0.0038273277230987156,0.0,0.0,0.0,0.0,59,0,14777,True,4,1
339,-3.174789888051475,-0.2031249999999929,1,0.34065932109951974,0.0013080642146659246,0.86484375,0.86484375,0.003983608994994363,0.003983608994994363,0.0,0.0,0.0,0.0,59,0,14775,True,4,1
340,37.478380584210434,40.45,3,0.33997864946722983,0.003202460850325878,0.871875,0.871875,0.0045554311678478905,0.0045554311678478905,0.0,0.0,0.0,0.0,59,0,14777,True,4,1
341,37.678467793512766,40.651250000000005,3,0.33850469142198564,0.0031806745244510135,0.8734375,0.8734375,0.005298695299316616,0.005298695299316616,0.0,0.0,0.0,0.0,59,0,14779,True,4,1
342,37.78860668240165,40.7625,3,0.33887566477060316,0.0016577388018603782,0.875,0.875,0.004941058844013093,0.004941058844013093,0.0,0.0,0.0,0.0,59,0,14781,True,4,1
343,37.47752948601923,40.446875000000006,3,0.33969909623265265,0.005229631985468127,0.87109375,0.87109375,0.0024705294220065464,0.0024705294220065464,0.0,0.0,0.0,0.0,59,0,14773,True,4,1
344,37.63457890462387,40.60625,3,0.3399720624089241,0.0024735443342838227,0.8734375,0.8734375,0.0019136638615493578,0.0019136638615493578,0.0,0.0,0.0,0.0,59,0,14777,True,4,1
345,37.36596779351277,40.33875000000001,3,0.33778827339410783,0.001972883616648547,0.8703125,0.8703125,0.002923169833417142,0.002923169833417142,0.0,0.0,0.0,0.0,59,0,14779,True,4,1
346,37.83412568824961,40.806250000000006,3,0.33791543841362,0.0038959138557334914,0.8734375,0.8734375,0.0046875,0.0046875,0.0,0.0,0.0,0.0,59,0,14777,True,4,1
347,37.600342793512766,40.573125000000005,3,0.3397327534854412,0.002906316534601569,0.87265625,0.87265625,0.003125,0.003125,0.0,0.0,0.0,0.0,59,0,14779,True,4,1
348,37.55423168240166,40.52812500000001,3,0.33731841295957565,0.002670161150983594,0.87265625,0.87265625,0.003983608994994363,0.003983608994994363,0.0,0.0,0.0,0.0,59,0,14781,True,4,1
349,37.712710111948525,40.68437500000001,3,0.3389000058174133,0.0016745285326460813,0.87421875,0.87421875,0.0015625,0.0015625,0.0,0.0,0.0,0.0,59,0,14775,True,4,1
350,37.444092793512766,40.416875000000005,3,0.33926488384604453,0.0017804342391729649,0.87109375,0.87109375,0.0024705294220065464,0.0024705294220065464,0.0,0.0,0.0,0.0,59,0,14779,True,4,1
351,37.55645390462388,40.52812500000001,3,0.34068929627537725,0.001862660800934537,0.87265625,0.87265625,0.008043461047646094,0.008043461047646094,0.0,0.0,0.0,0.0,59,0,14777,True,4,1
352,37.444092793512766,40.416875000000005,3,0.3423635020852089,0.0035723867843502027,0.87109375,0.87109375,0.0034938562148434213,0.0034938562148434213,0.0,0.0,0.0,0.0,59,0,14779,True,4,1
353,37.444092793512766,40.416875000000005,3,0.3429723531007767,0.003408063280267756,0.87109375,0.87109375,0.004941058844013093,0.004941058844013093,0.0,0.0,0.0,0.0,59,0,14779,True,4,1
354,37.71159279351277,40.68437500000001,3,0.33995979800820353,0.004100455622937199,0.87421875,0.87421875,0.005182226234930313,0.005182226234930313,0.0,0.0,0.0,0.0,59,0,14779,True,4,1
355,-3.019657206487227,-0.046874999999990674,1,0.3413830563426018,0.0021062791448425164,0.86640625,0.86640625,0.002923169833417142,0.002923169833417142,0.0,0.0,0.0,0.0,59,0,14779,True,4,1
356,37.52221779351276,40.495,3,0.33988071605563164,0.0036260625120906353,0.871875,0.871875,0.0029231698334171415,0.0029231698334171415,0.0,0.0,0.0,0.0,59,0,14779,True,4,1
357,37.71159279351277,40.68437500000001,3,0.3408745028078556,0.004217508069888611,0.87421875,0.87421875,0.0038273277230987156,0.0038273277230987156,0.0,0.0,0.0,0.0,59,0,14779,True,4,1
358,37.600342793512766,40.573125000000005,3,0.34272705763578415,0.00274546173979086,0.87265625,0.87265625,0.007245014449606018,0.007245014449606018,0.0,0.0,0.0,0.0,59,0,14779,True,4,1
359,37.053467793512766,40.026250000000005,3,0.3377373181283474,0.0014857568253647607,0.8671875,0.8671875,0.0034938562148434213,0.0034938562148434213,0.0,0.0,0.0,0.0,59,0,14779,True,4,1
360,37.678467793512766,40.651250000000005,3,0.33830632343888284,0.0027160744464191857,0.8734375,0.8734375,0.003125,0.003125,0.0,0.0,0.0,0.0,59,0,14779,True,4,1
361,37.55446754073217,40.525,3,0.33917379304766654,0.0023832777096849888,0.871875,0.871875,0.0038273277230987156,0.0038273277230987156,0.0,0.0,0.0,0.0,59,0,14775,True,4,1
362,37.444750688249606,40.416875000000005,3,0.3415257468819618,0.0018954069936497682,0.87109375,0.87109375,0.005524271728019903,0.005524271728019903,0.0,0.0,0.0,0.0,59,0,14777,True,4,1
363,37.31985668240166,40.29375000000001,3,0.3383891172707081,0.002065096971117007,0.8703125,0.8703125,0.002923169833417142,0.002923169833417142,0.0,0.0,0.0,0.0,59,0,14781,True,4,1
364,37.3205145771385,40.29375000000001,3,0.34097681641578675,0.002583887960566117,0.8703125,0.8703125,0.003827327723098716,0.003827327723098716,0.0,0.0,0.0,0.0,59,0,14779,True,4,1
365,37.2439297500345,40.215625,3,0.3370519645512104,0.003052981866042858,0.86953125,0.86953125,0.003983608994994363,0.003983608994994363,0.0,0.0,0.0,0.0,59,0,14777,True,4,1
366,37.321526452730645,40.29375000000001,3,0.34067109823226926,0.005345384778540976,0.8703125,0.8703125,0.002923169833417142,0.002923169833417142,0.0,0.0,0.0,0.0,59,0,14777,True,4,1
367,37.16647938660565,40.13750000000001,3,0.34354581609368323,0.0031331530356444623,0.86875,0.86875,0.0019136638615493578,0.0019136638615493578,0.0,0.0,0.0,0.0,59,0,14775,True,4,1
368,37.55388756384175,40.525,3,0.33906959667801856,0.002054986882133312,0.871875,0.871875,0.005740991584648074,0.005740991584648074,0.0,0.0,0.0,0.0,59,0,14775,True,4,1
369,37.399092793512764,40.371875,3,0.33674105778336527,0.0028971348601384596,0.87109375,0.87109375,0.0034938562148434213,0.0034938562148434213,0.0,0.0,0.0,0.0,59,0,14779,True,4,1
370,37.319805002815094,40.29375000000001,3,0.3390530921518803,0.002407669425117587,0.8703125,0.8703125,0.0038273277230987156,0.0038273277230987156,0.0,0.0,0.0,0.0,59,0,14781,True,4,1
371,37.477816595907974,40.45,3,0.3379993006587029,0.0033831572881199193,0.871875,0.871875,0.005740991584648074,0.005740991584648074,0.0,0.0,0.0,0.0,59,0,14777,True,4,1
372,37.40083764477134,40.371875,3,0.3413227044045925,0.0017134621299765768,0.87109375,0.87109375,0.00427908248050911,0.00427908248050911,0.0,0.0,0.0,0.0,59,0,14775,True,4,1
373,37.63159949064482,40.603125000000006,3,0.34007698222994803,0.0014541052892539982,0.87265625,0.87265625,0.003125,0.003125,0.0,0.0,0.0,0.0,59,0,14775,True,4,1
374,37.71270390462388,40.68437500000001,3,0.3381009839475155,0.002016751505111947,0.87421875,0.87421875,0.0038273277230987156,0.0038273277230987156,0.0,0.0,0.0,0.0,59,0,14777,True,4,1
375,37.32162568824961,40.29375000000001,3,0.3408601596951485,0.0033867325476204515,0.8703125,0.8703125,0.002923169833417142,0.002923169833417142,0.0,0.0,0.0,0.0,59,0,14777,True,4,1
376,37.554180002815094,40.52812500000001,3,0.34024142697453497,0.0030732157788812956,0.87265625,0.87265625,0.005298695299316616,0.005298695299316616,0.0,0.0,0.0,0.0,59,0,14781,True,4,1
377,37.40020390462387,40.371875,3,0.33772566691040995,0.0016568251411633768,0.87109375,0.87109375,0.005524271728019903,0.005524271728019903,0.0,0.0,0.0,0.0,59,0,14777,True,4,1
378,37.71010677468663,40.681250000000006,3,0.33969551920890806,0.0011993427829939806,0.8734375,0.8734375,0.003983608994994363,0.003983608994994363,0.0,0.0,0.0,0.0,59,0,14775,True,4,1
379,37.209717793512766,40.182500000000005,3,0.3405941464006901,0.0022978512334862933,0.86875,0.86875,0.003125,0.003125,0.0,0.0,0.0,0.0,59,0,14779,True,4,1
380,37.477217793512764,40.45,3,0.3395139917731285,0.0019998923427588743,0.871875,0.871875,0.002923169833417142,0.002923169833417142,0.0,0.0,0.0,0.0,59,0,14779,True,4,1
381,37.86840145273064,40.840625,3,0.33982669487595557,0.005921055273175852,0.87578125,0.87578125,0.004555431167847891,0.004555431167847891,0.0,0.0,0.0,0.0,59,0,14777,True,4,1
382,37.13159279351276,40.104375,3,0.34137689545750616,0.003875016819892598,0.86796875,0.86796875,0.002923169833417142,0.002923169833417142,0.0,0.0,0.0,0.0,59,0,14779,True,4,1
383,37.16471779351277,40.13750000000001,3,0.34057996347546576,0.004316203417194305,0.86875,0.86875,0.003125,0.003125,0.0,0.0,0.0,0.0,59,0,14779,True,4,1
384,37.16704337490812,40.13750000000001,3,0.3415514104068279,0.0021833563753686884,0.86875,0.86875,0.005298695299316616,0.005298695299316616,0.0,0.0,0.0,0.0,59,0,14775,True,4,1
385,37.55659949064482,40.52812500000001,3,0.33948644399642947,0.003639533379081211,0.87265625,0.87265625,0.0046875,0.0046875,0.0,0.0,0.0,0.0,59,0,14775,True,4,1
386,37.59923168240165,40.573125000000005,3,0.33937438651919366,0.0019985777941377188,0.87265625,0.87265625,0.003983608994994363,0.003983608994994363,0.0,0.0,0.0,0.0,59,0,14781,True,4,1
387,37.553986799360715,40.525,3,0.3374448888003826,0.003949258588747081,0.871875,0.871875,0.005182226234930313,0.005182226234930313,0.0,0.0,0.0,0.0,59,0,14775,True,4,1
388,37.287842793512766,40.260625000000005,3,0.3386237360537052,0.0035151006105206663,0.86953125,0.86953125,0.003125,0.003125,0.0,0.0,0.0,0.0,59,0,14779,True,4,1
389,37.08770390462387,40.059375,3,0.3391584105789661,0.003828459258288305,0.86796875,0.86796875,0.0038273277230987156,0.0038273277230987156,0.0,0.0,0.0,0.0,59,0,14777,True,4,1
390,37.209717793512766,40.182500000000005,3,0.3411125883460045,0.002277346855050757,0.86875,0.86875,0.0019136638615493578,0.0019136638615493578,0.0,0.0,0.0,0.0,59,0,14779,True,4,1
391,37.477217793512764,40.45,3,0.3384929455816746,0.0019118142201107408,0.871875,0.871875,0.0029231698334171415,0.0029231698334171415,0.0,0.0,0.0,0.0,59,0,14779,True,4,1
392,37.397613409252386,40.36875000000001,3,0.3394526049494743,0.0016903524348340197,0.8703125,0.8703125,0.004555431167847891,0.004555431167847891,0.0,0.0,0.0,0.0,59,0,14775,True,4,1
393,37.71225068824961,40.68437500000001,3,0.3397046007215977,0.003543583949830696,0.87421875,0.87421875,0.005182226234930313,0.005182226234930313,0.0,0.0,0.0,0.0,59,0,14777,True,4,1
394,37.555901452730645,40.52812500000001,3,0.3400867573916912,0.0025729195610150663,0.87265625,0.87265625,0.003983608994994363,0.003983608994994363,0.0,0.0,0.0,0.0,59,0,14777,True,4,1
395,37.52221779351276,40.495,3,0.3415524154901505,0.0019486358606470948,0.871875,0.871875,0.002923169833417142,0.002923169833417142,0.0,0.0,0.0,0.0,59,0,14779,True,4,1
396,37.634630584210434,40.60625,3,0.3424254424870014,0.0032433214755941573,0.8734375,0.8734375,0.0019136638615493578,0.0019136638615493578,0.0,0.0,0.0,0.0,59,0,14777,True,4,1
397,37.28840145273064,40.260625000000005,3,0.3379309557378292,0.003152961468112582,0.86953125,0.86953125,0.003125,0.003125,0.0,0.0,0.0,0.0,59,0,14777,True,4,1
398,37.243500688249604,40.215625,3,0.34068080484867097,0.002418564436075018,0.86953125,0.86953125,0.003125,0.003125,0.0,0.0,0.0,0.0,59,0,14777,True,4,1
399,37.52277645273063,40.495,3,0.33894031420350074,0.0028597027912351594,0.871875,0.871875,0.004555431167847891,0.004555431167847891,0.0,0.0,0.0,0.0,59,0,14777,True,4,1
400,37.24173168240165,40.215625,3,0.3377315543591976,0.001575344197977879,0.86953125,0.86953125,0.003983608994994363,0.003983608994994363,0.0,0.0,0.0,0.0,59,0,14781,True,4,1
401,37.556460111948525,40.52812500000001,3,0.33709923177957535,0.004226183240148129,0.87265625,0.87265625,0.007654655446197431,0.007654655446197431,0.0,0.0,0.0,0.0,59,0,14775,True,4,1
402,37.400255584210434,40.371875,3,0.34347553327679636,0.0010807341932803213,0.87109375,0.87109375,0.0024705294220065464,0.0024705294220065464,0.0,0.0,0.0,0.0,59,0,14777,True,4,1
403,37.55600068824961,40.52812500000001,3,0.3403914786875248,0.0033527023342034157,0.87265625,0.87265625,0.003983608994994363,0.003983608994994363,0.0,0.0,0.0,0.0,59,0,14777,True,4,1
404,37.600342793512766,40.573125000000005,3,0.33942802250385284,0.002602788093769445,0.87265625,0.87265625,0.003125,0.003125,0.0,0.0,0.0,0.0,59,0,14779,True,4,1
405,37.789717793512764,40.7625,3,0.33740298077464104,0.003189342157126294,0.875,0.875,0.0024705294220065464,0.0024705294220065464,0.0,0.0,0.0,0.0,59,0,14779,True,4,1
406,37.554180002815094,40.52812500000001,3,0.33782565519213675,0.0020148059306681785,0.87265625,0.87265625,0.0019136638615493578,0.0019136638615493578,0.0,0.0,0.0,0.0,59,0,14781,True,4,1
407,37.55600068824961,40.52812500000001,3,0.3388985499739647,0.002750572570928929,0.87265625,0.87265625,0.0019136638615493578,0.0019136638615493578,0.0,0.0,0.0,0.0,59,0,14777,True,4,1
408,-3.018400509355175,-0.046874999999990674,1,0.3401498392224312,0.004723073136267104,0.86640625,0.86640625,0.00625,0.00625,0.0,0.0,0.0,0.0,59,0,14775,True,4,1
409,37.287842793512766,40.260625000000005,3,0.3390922099351883,0.00369890151351963,0.86953125,0.86953125,0.007245014449606018,0.007245014449606018,0.0,0.0,0.0,0.0,59,0,14779,True,4,1
410,37.444092793512766,40.416875000000005,3,0.3411059699952602,0.0019395116389717324,0.87109375,0.87109375,0.0024705294220065464,0.0024705294220065464,0.0,0.0,0.0,0.0,59,0,14779,True,4,1
411,37.834717793512766,40.807500000000005,3,0.3392805516719818,0.0025401250916266705,0.875,0.875,0.00427908248050911,0.00427908248050911,0.0,0.0,0.0,0.0,59,0,14779,True,4,1
412,37.791033582986444,40.7625,3,0.33616377115249635,0.002281388146184339,0.875,0.875,0.005524271728019903,0.005524271728019903,0.0,0.0,0.0,0.0,59,0,14775,True,4,1
413,37.866387563841755,40.837500000000006,3,0.3375804588198662,0.0037072396803087405,0.875,0.875,0.006051536478449089,0.006051536478449089,0.0,0.0,0.0,0.0,59,0,14775,True,4,1
414,37.4001797500345,40.371875,3,0.34282704517245294,0.003718867678068219,0.87109375,0.87109375,0.0024705294220065464,0.0024705294220065464,0.0,0.0,0.0,0.0,59,0,14777,True,4,1
415,37.63571754073217,40.60625,3,0.3394668161869049,0.0033371945024105493,0.8734375,0.8734375,0.003983608994994363,0.003983608994994363,0.0,0.0,0.0,0.0,59,0,14775,True,4,1
416,37.71225068824961,40.68437500000001,3,0.33730100467801094,0.0026176382437146438,0.87421875,0.87421875,0.004555431167847891,0.004555431167847891,0.0,0.0,0.0,0.0,59,0,14777,True,4,1
417,37.40020390462387,40.371875,3,0.3418666489422321,0.002266509487342435,0.87109375,0.87109375,0.00427908248050911,0.00427908248050911,0.0,0.0,0.0,0.0,59,0,14777,True,4,1
418,37.524543374908106,40.495,3,0.33989041969180106,0.0028791709358740453,0.871875,0.871875,0.002923169833417142,0.002923169833417142,0.0,0.0,0.0,0.0,59,0,14775,True,4,1
419,37.6345547500345,40.60625,3,0.33965528979897497,0.001963189858730747,0.8734375,0.8734375,0.003983608994994363,0.003983608994994363,0.0,0.0,0.0,0.0,59,0,14777,True,4,1
420,37.2439297500345,40.215625,3,0.3388742350041866,0.0023996411551516785,0.86953125,0.86953125,0.005846339666834283,0.005846339666834283,0.0,0.0,0.0,0.0,59,0,14777,True,4,1
421,37.55423168240166,40.52812500000001,3,0.3405789628624916,0.0024962577778540472,0.87265625,0.87265625,0.0072450144496060175,0.0072450144496060175,0.0,0.0,0.0,0.0,59,0,14781,True,4,1
422,37.55645390462388,40.52812500000001,3,0.3415296122431755,0.004666903822157336,0.87265625,0.87265625,0.003983608994994363,0.003983608994994363,0.0,0.0,0.0,0.0,59,0,14777,True,4,1
423,37.622002643206834,40.59375000000001,3,0.3386515103280544,0.0020746392723709536,0.8703125,0.8703125,0.004555431167847891,0.004555431167847891,0.0,0.0,0.0,0.0,59,0,14775,True,4,1
424,37.47898679936072,40.45,3,0.3409440964460373,0.0033858797606548404,0.871875,0.871875,0.005182226234930313,0.005182226234930313,0.0,0.0,0.0,0.0,59,0,14775,True,5,1
425,37.36596779351277,40.33875000000001,3,0.3392079062759876,0.001735995597769357,0.8703125,0.8703125,0.006720566614877052,0.006720566614877052,0.0,0.0,0.0,0.0,59,0,14779,True,5,1
426,37.32207890462388,40.29375000000001,3,0.3406964838504791,0.0018686835658021322,0.8703125,0.8703125,0.0029231698334171415,0.0029231698334171415,0.0,0.0,0.0,0.0,59,0,14777,True,5,1
427,37.55534279351277,40.52812500000001,3,0.3379297718405724,0.0028937620044991222,0.87265625,0.87265625,0.0019136638615493578,0.0019136638615493578,0.0,0.0,0.0,0.0,59,0,14779,True,5,1
428,37.71159279351277,40.68437500000001,3,0.3380204766988754,0.0026528478342352194,0.87421875,0.87421875,0.0038273277230987156,0.0038273277230987156,0.0,0.0,0.0,0.0,59,0,14779,True,5,1
429,37.55655726379701,40.52812500000001,3,0.3399869494140148,0.004276622388795576,0.87265625,0.87265625,0.003983608994994363,0.003983608994994363,0.0,0.0,0.0,0.0,59,0,14777,True,5,1
430,37.71225068824961,40.68437500000001,3,0.3412065051496029,0.0026367602112761577,0.87421875,0.87421875,0.005182226234930313,0.005182226234930313,0.0,0.0,0.0,0.0,59,0,14777,True,5,1
431,37.36662568824961,40.33875000000001,3,0.3406911537051201,0.003969885600303215,0.8703125,0.8703125,0.004555431167847891,0.004555431167847891,0.0,0.0,0.0,0.0,59,0,14777,True,5,1
432,37.087849490644814,40.059375,3,0.3390781722962856,0.0022245430672518554,0.86796875,0.86796875,0.005182226234930313,0.005182226234930313,0.0,0.0,0.0,0.0,59,0,14775,True,5,1
433,37.32162568824961,40.29375000000001,3,0.3399998016655445,0.0012970446283168003,0.8703125,0.8703125,0.003827327723098716,0.003827327723098716,0.0,0.0,0.0,0.0,59,0,14777,True,5,1
434,37.4783047500345,40.45,3,0.3406504563987255,0.001692900735999649,0.871875,0.871875,0.002923169833417142,0.002923169833417142,0.0,0.0,0.0,0.0,59,0,14777,True,5,1
435,37.55423168240166,40.52812500000001,3,0.3411931812763214,0.0016007486308678759,0.87265625,0.87265625,0.0046875,0.0046875,0.0,0.0,0.0,0.0,59,0,14781,True,5,1
436,37.477217793512764,40.45,3,0.34066026508808134,0.003099175961714877,0.871875,0.871875,0.002923169833417142,0.002923169833417142,0.0,0.0,0.0,0.0,59,0,14779,True,5,1
437,37.087191595907974,40.059375,3,0.3428383894264698,0.0030028313000492303,0.86796875,0.86796875,0.003827327723098716,0.003827327723098716,0.0,0.0,0.0,0.0,59,0,14777,True,5,1
438,37.834717793512766,40.807500000000005,3,0.339044601470232,0.0022996276985317666,0.875,0.875,0.0034938562148434213,0.0034938562148434213,0.0,0.0,0.0,0.0,59,0,14779,True,5,1
439,37.55642975003451,40.52812500000001,3,0.3388692609965801,0.0018188281348608332,0.87265625,0.87265625,0.003983608994994363,0.003983608994994363,0.0,0.0,0.0,0.0,59,0,14777,True,5,1
440,37.55642975003451,40.52812500000001,3,0.3393934562802315,0.00339611287922955,0.87265625,0.87265625,0.006346905003621844,0.006346905003621844,0.0,0.0,0.0,0.0,59,0,14777,True,5,1
441,37.835375688249606,40.807500000000005,3,0.33896263092756274,0.0025884141703834424,0.875,0.875,0.0024705294220065464,0.0024705294220065464,0.0,0.0,0.0,0.0,59,0,14777,True,5,1
442,38.07014630398922,41.040625,3,0.3413562260568142,0.0028140482197078994,0.87578125,0.87578125,0.00625,0.00625,0.0,0.0,0.0,0.0,59,0,14773,True,5,1
443,37.47832890462387,40.45,3,0.3436754748225212,0.002927120998602281,0.871875,0.871875,0.0029231698334171415,0.0029231698334171415,0.0,0.0,0.0,0.0,59,0,14777,True,5,1
444,37.287842793512766,40.260625000000005,3,0.33937814459204674,0.0020926075300929077,0.86953125,0.86953125,0.005298695299316616,0.005298695299316616,0.0,0.0,0.0,0.0,59,0,14779,True,5,1
445,37.16471779351277,40.13750000000001,3,0.3409951783716679,0.0031118260819001475,0.86875,0.86875,0.0046875,0.0046875,0.0,0.0,0.0,0.0,59,0,14779,True,5,1
446,37.678467793512766,40.651250000000005,3,0.33967638313770293,0.001790526409302512,0.8734375,0.8734375,0.003983608994994363,0.003983608994994363,0.0,0.0,0.0,0.0,59,0,14779,True,5,1
447,37.868441595907974,40.840625,3,0.3392576828598976,0.0013390967529576048,0.87578125,0.87578125,0.0038273277230987156,0.0038273277230987156,0.0,0.0,0.0,0.0,59,0,14777,True,5,1
448,37.55642975003451,40.52812500000001,3,0.3379913613200188,0.0026421956016365925,0.87265625,0.87265625,0.005298695299316616,0.005298695299316616,0.0,0.0,0.0,0.0,59,0,14777,True,5,1
449,37.6345547500345,40.60625,3,0.3373107939958572,0.0028242699202976626,0.8734375,0.8734375,0.005846339666834283,0.005846339666834283,0.0,0.0,0.0,0.0,59,0,14777,True,5,1
450,37.75659279351277,40.72937500000001,3,0.3386535421013832,0.002085987490217653,0.87421875,0.87421875,0.0029231698334171415,0.0029231698334171415,0.0,0.0,0.0,0.0,59,0,14779,True,5,1
451,37.600342793512766,40.573125000000005,3,0.3398202992975712,0.0009873024955844324,0.87265625,0.87265625,0.003983608994994363,0.003983608994994363,0.0,0.0,0.0,0.0,59,0,14779,True,5,1
452,37.47719363892339,40.45,3,0.33931636437773705,0.0009469720173123834,0.871875,0.871875,0.003827327723098716,0.003827327723098716,0.0,0.0,0.0,0.0,59,0,14779,True,5,1
453,37.24521060175593,40.215625,3,0.34320667684078215,0.004771694918376477,0.86953125,0.86953125,0.0019136638615493578,0.0019136638615493578,0.0,0.0,0.0,0.0,59,0,14773,True,5,1
454,37.400408582986444,40.371875,3,0.339270956069231,0.002700199794972922,0.87109375,0.87109375,0.0024705294220065464,0.0024705294220065464,0.0,0.0,0.0,0.0,59,0,14775,True,5,1
455,37.478415398303184,40.45,3,0.3405940219759941,0.004339965100219288,0.871875,0.871875,0.003827327723098716,0.003827327723098716,0.0,0.0,0.0,0.0,59,0,14775,True,5,1
456,37.600342793512766,40.573125000000005,3,0.34022927060723307,0.004809600771648883,0.87265625,0.87265625,0.003983608994994363,0.003983608994994363,0.0,0.0,0.0,0.0,59,0,14779,True,5,1
457,37.633467793512764,40.60625,3,0.3399045966565609,0.0019041720057545878,0.8734375,0.8734375,0.0019136638615493578,0.0019136638615493578,0.0,0.0,0.0,0.0,59,0,14779,True,5,1
458,37.60090145273064,40.573125000000005,3,0.3377295508980751,0.0027079861466203395,0.87265625,0.87265625,0.007245014449606018,0.007245014449606018,0.0,0.0,0.0,0.0,59,0,14777,True,5,1
459,37.24526969409756,40.215625,3,0.3362703911960125,0.004717128590763458,0.86953125,0.86953125,0.003983608994994363,0.003983608994994363,0.0,0.0,0.0,0.0,59,0,14773,True,5,1
460,37.400255584210434,40.371875,3,0.3382310450077057,0.002632025931703977,0.87109375,0.87109375,0.00427908248050911,0.00427908248050911,0.0,0.0,0.0,0.0,59,0,14777,True,5,1
461,37.600342793512766,40.573125000000005,3,0.33992603570222857,0.0023613301057584875,0.87265625,0.87265625,0.005846339666834283,0.005846339666834283,0.0,0.0,0.0,0.0,59,0,14779,True,5,1
462,37.634066595907974,40.60625,3,0.3414068281650543,0.00341815829450163,0.8734375,0.8734375,0.010065702130254005,0.010065702130254005,0.0,0.0,0.0,0.0,59,0,14777,True,5,1
463,37.36596779351277,40.33875000000001,3,0.34055293574929235,0.0009316107336110916,0.8703125,0.8703125,0.0038273277230987156,0.0038273277230987156,0.0,0.0,0.0,0.0,59,0,14779,True,5,1
464,37.71225068824961,40.68437500000001,3,0.34160891696810725,0.0015645935296308901,0.87421875,0.87421875,0.005740991584648074,0.005740991584648074,0.0,0.0,0.0,0.0,59,0,14777,True,5,1
465,37.47832890462387,40.45,3,0.33985737785696984,0.002735567691072833,0.871875,0.871875,0.0038273277230987156,0.0038273277230987156,0.0,0.0,0.0,0.0,59,0,14777,True,5,1
466,37.634125688249604,40.60625,3,0.33894556686282157,0.0028185156163724042,0.8734375,0.8734375,0.005846339666834283,0.005846339666834283,0.0,0.0,0.0,0.0,59,0,14777,True,5,1
467,37.36596779351277,40.33875000000001,3,0.3406214855611324,0.00414321601296917,0.8703125,0.8703125,0.0029231698334171415,0.0029231698334171415,0.0,0.0,0.0,0.0,59,0,14779,True,5,1
468,37.477875688249604,40.45,3,0.33908001258969306,0.0025302603900326263,0.871875,0.871875,0.006720566614877052,0.006720566614877052,0.0,0.0,0.0,0.0,59,0,14777,True,5,1
469,37.32205475003451,40.29375000000001,3,0.33944094702601435,0.0011498640399734681,0.8703125,0.8703125,0.002923169833417142,0.002923169833417142,0.0,0.0,0.0,0.0,59,0,14777,True,5,1
470,37.55534279351277,40.52812500000001,3,0.33891529142856597,0.0030794999424230626,0.87265625,0.87265625,0.003125,0.003125,0.0,0.0,0.0,0.0,59,0,14779,True,5,1
471,37.679554750034505,40.651250000000005,3,0.3415812648832798,0.0039383569612416605,0.8734375,0.8734375,0.003983608994994363,0.003983608994994363,0.0,0.0,0.0,0.0,59,0,14777,True,5,1
472,37.7019138181302,40.67187500000001,3,0.33811150789260863,0.0018552554099772927,0.87109375,0.87109375,0.00427908248050911,0.00427908248050911,0.0,0.0,0.0,0.0,59,0,14773,True,5,1
473,37.70958511194852,40.681250000000006,3,0.33708526492118834,0.00303532297073448,0.8734375,0.8734375,0.003983608994994363,0.003983608994994363,0.0,0.0,0.0,0.0,59,0,14775,True,5,1
474,37.210804750034505,40.182500000000005,3,0.3380149737000465,0.002904899649365421,0.86875,0.86875,0.005298695299316616,0.005298695299316616,0.0,0.0,0.0,0.0,59,0,14777,True,5,1
475,37.869059347467484,40.840625,3,0.3379142016172409,0.0026121798685249,0.87578125,0.87578125,0.002923169833417142,0.002923169833417142,0.0,0.0,0.0,0.0,59,0,14775,True,5,1
476,37.28673168240165,40.260625000000005,3,0.34252407103776933,0.0020900627523702,0.86953125,0.86953125,0.003983608994994363,0.003983608994994363,0.0,0.0,0.0,0.0,59,0,14781,True,5,1
477,37.36596779351277,40.33875000000001,3,0.3390583395957947,0.0013386298510947902,0.8703125,0.8703125,0.0015625,0.0015625,0.0,0.0,0.0,0.0,59,0,14779,True,5,1
478,37.32162568824961,40.29375000000001,3,0.33955841660499575,0.0018551180739486835,0.8703125,0.8703125,0.0029231698334171415,0.0029231698334171415,0.0,0.0,0.0,0.0,59,0,14777,True,5,1
479,37.477217793512764,40.45,3,0.3399503581225872,0.002047334934290436,0.871875,0.871875,0.007160274523368501,0.007160274523368501,0.0,0.0,0.0,0.0,59,0,14779,True,5,1
480,37.75767666590324,40.728125000000006,3,0.340447636693716,0.004300674964808745,0.87265625,0.87265625,0.003125,0.003125,0.0,0.0,0.0,0.0,59,0,14771,True,5,1
481,37.444092793512766,40.416875000000005,3,0.33839356526732445,0.0018157182430890853,0.87109375,0.87109375,0.006987712429686843,0.006987712429686843,0.0,0.0,0.0,0.0,59,0,14779,True,5,1
482,37.63457890462387,40.60625,3,0.34052411988377573,0.004526329361525499,0.8734375,0.8734375,0.0046875,0.0046875,0.0,0.0,0.0,0.0,59,0,14777,True,5,1
483,37.600342793512766,40.573125000000005,3,0.3379488937556744,0.001135693246940983,0.87265625,0.87265625,0.0046875,0.0046875,0.0,0.0,0.0,0.0,59,0,14779,True,5,1
484,37.633467793512764,40.60625,3,0.33825579583644866,0.0024366195686719755,0.8734375,0.8734375,0.0019136638615493578,0.0019136638615493578,0.0,0.0,0.0,0.0,59,0,14779,True,5,1
485,37.634125688249604,40.60625,3,0.3409409925341606,0.0026014164912746634,0.8734375,0.8734375,0.0046875,0.0046875,0.0,0.0,0.0,0.0,59,0,14777,True,5,1
486,37.78715145273065,40.75937500000001,3,0.33781761974096297,0.002090118175016485,0.87421875,0.87421875,0.005182226234930313,0.005182226234930313,0.0,0.0,0.0,0.0,59,0,14777,True,5,1
487,37.444092793512766,40.416875000000005,3,0.3414230406284332,0.0020821978765399505,0.87109375,0.87109375,0.004941058844013093,0.004941058844013093,0.0,0.0,0.0,0.0,59,0,14779,True,5,1
488,37.40151965766929,40.36875000000001,3,0.34043035805225375,0.004735861714614835,0.8703125,0.8703125,0.005740991584648074,0.005740991584648074,0.0,0.0,0.0,0.0,59,0,14767,True,5,1
489,37.08715145273064,40.059375,3,0.34279055073857306,0.0027152104865112107,0.86796875,0.86796875,0.0045554311678478905,0.0045554311678478905,0.0,0.0,0.0,0.0,59,0,14777,True,5,1
490,37.243487954803086,40.215625,3,0.3389464274048805,0.0041714634924938905,0.86953125,0.86953125,0.0046875,0.0046875,0.0,0.0,0.0,0.0,59,0,14777,True,5,1
491,37.32268924342832,40.29375000000001,3,0.3404024712741375,0.0021612455680721098,0.8703125,0.8703125,0.0029231698334171415,0.0029231698334171415,0.0,0.0,0.0,0.0,59,0,14775,True,5,1
492,37.399750688249604,40.371875,3,0.33998842239379884,0.0007724050108512395,0.87109375,0.87109375,0.0024705294220065464,0.0024705294220065464,0.0,0.0,0.0,0.0,59,0,14777,True,5,1
493,37.71159279351277,40.68437500000001,3,0.33857356011867523,0.0023251053355264587,0.87421875,0.87421875,0.0029231698334171415,0.0029231698334171415,0.0,0.0,0.0,0.0,59,0,14779,True,5,1
494,37.60146011194852,40.573125000000005,3,0.3390826381742954,0.00195466643415191,0.87265625,0.87265625,0.0019136638615493578,0.0019136638615493578,0.0,0.0,0.0,0.0,59,0,14775,True,5,1
495,37.24340145273064,40.215625,3,0.3401939980685711,0.0029228045401986204,0.86953125,0.86953125,0.007654655446197431,0.007654655446197431,0.0,0.0,0.0,0.0,59,0,14777,True,5,1
496,37.55766837490812,40.52812500000001,3,0.34105258882045747,0.0016975341072894147,0.87265625,0.87265625,0.003983608994994363,0.003983608994994363,0.0,0.0,0.0,0.0,59,0,14775,True,5,1
497,37.601453904623874,40.573125000000005,3,0.3401041112840176,0.0008001466235289335,0.87265625,0.87265625,0.0019136638615493578,0.0019136638615493578,0.0,0.0,0.0,0.0,59,0,14777,True,5,1
498,37.32096779351277,40.29375000000001,3,0.3418539263308048,0.002909615492505033,0.8703125,0.8703125,0.0029231698334171415,0.0029231698334171415,0.0,0.0,0.0,0.0,59,0,14779,True,5,1
499,37.60090145273064,40.573125000000005,3,0.33934813886880877,0.00258668671853964,0.87265625,0.87265625,0.0019136638615493578,0.0019136638615493578,0.0,0.0,0.0,0.0,59,0,14777,True,5,1
500,37.55645390462388,40.52812500000001,3,0.33984633088111876,0.0025915972763523422,0.87265625,0.87265625,0.003125,0.003125,0.0,0.0,0.0,0.0,59,0,14777,True,5,1
501,37.287842793512766,40.260625000000005,3,0.34184575304389,0.002329087200652551,0.86953125,0.86953125,0.006346905003621844,0.006346905003621844,0.0,0.0,0.0,0.0,59,0,14779,True,5,1
502,37.55423168240166,40.52812500000001,3,0.3392054483294487,0.0015367670996936902,0.87265625,0.87265625,0.005846339666834283,0.005846339666834283,0.0,0.0,0.0,0.0,59,0,14781,True,5,1
503,37.16588058421044,40.13750000000001,3,0.33984603434801103,0.003118406604528502,0.86875,0.86875,0.003125,0.003125,0.0,0.0,0.0,0.0,59,0,14777,True,5,1
504,37.834717793512766,40.807500000000005,3,0.34008716270327566,0.00366594106376749,0.875,0.875,0.006051536478449089,0.006051536478449089,0.0,0.0,0.0,0.0,59,0,14779,True,5,1
505,37.55534279351277,40.52812500000001,3,0.3409607090055943,0.005311031548189531,0.87265625,0.87265625,0.0046875,0.0046875,0.0,0.0,0.0,0.0,59,0,14779,True,5,1
506,37.47719363892339,40.45,3,0.33817044347524644,0.0010802761750697977,0.871875,0.871875,0.0038273277230987156,0.0038273277230987156,0.0,0.0,0.0,0.0,59,0,14779,True,5,1
507,37.83511340925238,40.806250000000006,3,0.339100519567728,0.004110778558924816,0.8734375,0.8734375,0.0019136638615493578,0.0019136638615493578,0.0,0.0,0.0,0.0,59,0,14775,True,5,1
508,37.444092793512766,40.416875000000005,3,0.34213910922408103,0.0028461328882882064,0.87109375,0.87109375,0.0024705294220065464,0.0024705294220065464,0.0,0.0,0.0,0.0,59,0,14779,True,5,1
509,37.210804750034505,40.182500000000005,3,0.3407809786498547,0.0021371564916298964,0.86875,0.86875,0.005846339666834283,0.005846339666834283,0.0,0.0,0.0,0.0,59,0,14777,True,5,1
510,37.52221779351276,40.495,3,0.341033373773098,0.002485791513462412,0.871875,0.871875,0.0038273277230987156,0.0038273277230987156,0.0,0.0,0.0,0.0,59,0,14779,True,5,1
511,37.444092793512766,40.416875000000005,3,0.338724534958601,0.0019697452240340593,0.87109375,0.87109375,0.006536406457297465,0.006536406457297465,0.0,0.0,0.0,0.0,59,0,14779,True,5,1
512,37.477862954803086,40.45,3,0.341545682400465,0.0018746807649695444,0.871875,0.871875,0.0045554311678478905,0.0045554311678478905,0.0,0.0,0.0,0.0,59,0,14777,True,5,1
513,37.91284279351276,40.885625,3,0.3399107165634632,0.0021098684065714154,0.87578125,0.87578125,0.004555431167847891,0.004555431167847891,0.0,0.0,0.0,0.0,59,0,14779,True,5,1
514,37.59923168240165,40.573125000000005,3,0.3391587808728218,0.00249409183249764,0.87265625,0.87265625,0.005298695299316616,0.005298695299316616,0.0,0.0,0.0,0.0,59,0,14781,True,5,1
515,37.63402645273064,40.60625,3,0.3392484113574028,0.002421523293896001,0.8734375,0.8734375,0.003125,0.003125,0.0,0.0,0.0,0.0,59,0,14777,True,6,1
516,37.24379517446514,40.215625,3,0.34003172665834425,0.003961759676874991,0.86953125,0.86953125,0.008414320011147662,0.008414320011147662,0.0,0.0,0.0,0.0,59,0,14775,True,6,1
517,37.75659279351277,40.72937500000001,3,0.33924407213926316,0.005031911140076447,0.87421875,0.87421875,0.005182226234930313,0.005182226234930313,0.0,0.0,0.0,0.0,59,0,14779,True,6,1
518,37.67817017446514,40.65,3,0.33831575885415077,0.005807794435570177,0.871875,0.871875,0.0045554311678478905,0.0045554311678478905,0.0,0.0,0.0,0.0,59,0,14775,True,6,1
519,37.868500688249604,40.840625,3,0.3385063253343105,0.002971103710034378,0.87578125,0.87578125,0.003827327723098716,0.003827327723098716,0.0,0.0,0.0,0.0,59,0,14777,True,6,1
520,37.4783047500345,40.45,3,0.3407865345478058,0.0013449735834720781,0.871875,0.871875,0.002923169833417142,0.002923169833417142,0.0,0.0,0.0,0.0,59,0,14777,True,6,1
521,37.867842793512764,40.840625,3,0.33956554606556894,0.004079983734971687,0.87578125,0.87578125,0.0029231698334171415,0.0029231698334171415,0.0,0.0,0.0,0.0,59,0,14779,True,6,1
522,37.71225068824961,40.68437500000001,3,0.3389004483819008,0.004322758800777495,0.87421875,0.87421875,0.003827327723098716,0.003827327723098716,0.0,0.0,0.0,0.0,59,0,14777,True,6,1
523,37.4001797500345,40.371875,3,0.3412260375916958,0.0037715759252560216,0.87109375,0.87109375,0.0024705294220065464,0.0024705294220065464,0.0,0.0,0.0,0.0,59,0,14777,True,6,1
524,37.52277645273063,40.495,3,0.3384666763246059,0.0022450080618713537,0.871875,0.871875,0.002923169833417142,0.002923169833417142,0.0,0.0,0.0,0.0,59,0,14777,True,6,1
525,37.39909900083741,40.371875,3,0.3416243702173233,0.0031431784468269838,0.87109375,0.87109375,0.0024705294220065464,0.0024705294220065464,0.0,0.0,0.0,0.0,59,0,14777,True,6,1
526,37.47610668240165,40.45,3,0.33946203365921973,0.003643929648586686,0.871875,0.871875,0.0038273277230987156,0.0038273277230987156,0.0,0.0,0.0,0.0,59,0,14781,True,6,1
527,37.91284279351276,40.885625,3,0.33886454179883,0.0023132796966577594,0.87578125,0.87578125,0.003827327723098716,0.003827327723098716,0.0,0.0,0.0,0.0,59,0,14779,True,6,1
528,37.287842793512766,40.260625000000005,3,0.3419730633497238,0.003979906629975786,0.86953125,0.86953125,0.005298695299316616,0.005298695299316616,0.0,0.0,0.0,0.0,59,0,14779,True,6,1
529,37.445203904623874,40.416875000000005,3,0.34093124270439146,0.004052009731139254,0.87109375,0.87109375,0.00427908248050911,0.00427908248050911,0.0,0.0,0.0,0.0,59,0,14777,True,6,1
530,37.39965145273064,40.371875,3,0.3415319353342056,0.003699999298686539,0.87109375,0.87109375,0.00427908248050911,0.00427908248050911,0.0,0.0,0.0,0.0,59,0,14777,True,6,1
531,37.52338058421043,40.495,3,0.3371180772781372,0.0011356849518711443,0.871875,0.871875,0.0029231698334171415,0.0029231698334171415,0.0,0.0,0.0,0.0,59,0,14777,True,6,1
532,37.39965145273064,40.371875,3,0.3413915060460567,0.004956436325934921,0.87109375,0.87109375,0.007411588266019639,0.007411588266019639,0.0,0.0,0.0,0.0,59,0,14777,True,6,1
533,37.52221779351276,40.495,3,0.33851175382733345,0.002996792418451416,0.871875,0.871875,0.0029231698334171415,0.0029231698334171415,0.0,0.0,0.0,0.0,59,0,14779,True,6,1
534,37.32096779351277,40.29375000000001,3,0.3388006784021854,0.003639324168128414,0.8703125,0.8703125,0.0015625,0.0015625,0.0,0.0,0.0,0.0,59,0,14779,True,6,1
535,37.555901452730645,40.52812500000001,3,0.3417427115142345,0.0025363618045739,0.87265625,0.87265625,0.0019136638615493578,0.0019136638615493578,0.0,0.0,0.0,0.0,59,0,14777,True,6,1
536,37.71159279351277,40.68437500000001,3,0.3396031938493252,0.0012858790095079961,0.87421875,0.87421875,0.004555431167847891,0.004555431167847891,0.0,0.0,0.0,0.0,59,0,14779,True,6,1
537,37.21027645273064,40.182500000000005,3,0.3398422569036484,0.0018396539728964137,0.86875,0.86875,0.003125,0.003125,0.0,0.0,0.0,0.0,59,0,14777,True,6,1
538,37.63579337490811,40.60625,3,0.3372989594936371,0.002313667871435752,0.8734375,0.8734375,0.003983608994994363,0.003983608994994363,0.0,0.0,0.0,0.0,59,0,14775,True,6,1
539,37.4001797500345,40.371875,3,0.33888855278491975,0.003974173418414505,0.87109375,0.87109375,0.0,0.0,0.0,0.0,0.0,0.0,59,0,14777,True,6,1
540,37.55600068824961,40.52812500000001,3,0.34052431806921957,0.0011619590846906535,0.87265625,0.87265625,0.003125,0.003125,0.0,0.0,0.0,0.0,59,0,14777,True,6,1
541,37.13159279351276,40.104375,3,0.3389194332063198,0.0023625236836046608,0.86796875,0.86796875,0.0045554311678478905,0.0045554311678478905,0.0,0.0,0.0,0.0,59,0,14779,True,6,1
542,37.71270390462388,40.68437500000001,3,0.34170775189995767,0.0022003755191076528,0.87421875,0.87421875,0.004555431167847891,0.004555431167847891,0.0,0.0,0.0,0.0,59,0,14777,True,6,1
543,37.63523679936072,40.60625,3,0.3425277128815651,0.0028053808272122706,0.8734375,0.8734375,0.003983608994994363,0.003983608994994363,0.0,0.0,0.0,0.0,59,0,14775,True,6,1
544,37.322736799360726,40.29375000000001,3,0.339899517595768,0.00290666332448019,0.8703125,0.8703125,0.004555431167847891,0.004555431167847891,0.0,0.0,0.0,0.0,59,0,14775,True,6,1
545,37.16700235482493,40.13750000000001,3,0.34174676761031153,0.006079038859586616,0.86875,0.86875,0.003125,0.003125,0.0,0.0,0.0,0.0,59,0,14773,True,6,1
546,37.28840145273064,40.260625000000005,3,0.3404377572238445,0.002312596785577619,0.86953125,0.86953125,0.0046875,0.0046875,0.0,0.0,0.0,0.0,59,0,14777,True,6,1
547,37.36596779351277,40.33875000000001,3,0.34117133617401124,0.003729792009713299,0.8703125,0.8703125,0.0015625,0.0015625,0.0,0.0,0.0,0.0,59,0,14779,True,6,1
548,37.399691595907974,40.371875,3,0.3384265467524529,0.0039690821674375765,0.87109375,0.87109375,0.005524271728019903,0.005524271728019903,0.0,0.0,0.0,0.0,59,0,14777,True,6,1
549,37.44298168240165,40.416875000000005,3,0.3412069208920002,0.0022198443329729343,0.87109375,0.87109375,0.0034938562148434213,0.0034938562148434213,0.0,0.0,0.0,0.0,59,0,14781,True,6,1
550,37.287842793512766,40.260625000000005,3,0.3396520510315895,0.0014402857104821667,0.86953125,0.86953125,0.007245014449606018,0.007245014449606018,0.0,0.0,0.0,0.0,59,0,14779,True,6,1
551,37.75659279351277,40.72937500000001,3,0.33823030069470406,0.002002445952091714,0.87421875,0.87421875,0.0029231698334171415,0.0029231698334171415,0.0,0.0,0.0,0.0,59,0,14779,True,6,1
552,37.521106682401644,40.495,3,0.3403700552880764,0.0012646400906507237,0.871875,0.871875,0.0045554311678478905,0.0045554311678478905,0.0,0.0,0.0,0.0,59,0,14781,True,6,1
553,37.63402645273064,40.60625,3,0.33969039246439936,0.003618765500245795,0.8734375,0.8734375,0.005846339666834283,0.005846339666834283,0.0,0.0,0.0,0.0,59,0,14777,True,6,1
554,37.40029661402096,40.371875,3,0.3414381884038448,0.0026721092333244424,0.87109375,0.87109375,0.0034938562148434213,0.0034938562148434213,0.0,0.0,0.0,0.0,59,0,14775,True,6,1
555,37.209717793512766,40.182500000000005,3,0.34073436483740804,0.003321995602767351,0.86875,0.86875,0.003125,0.003125,0.0,0.0,0.0,0.0,59,0,14779,True,6,1
556,37.71225068824961,40.68437500000001,3,0.3408628307282925,0.001110649956868954,0.87421875,0.87421875,0.005182226234930313,0.005182226234930313,0.0,0.0,0.0,0.0,59,0,14777,True,6,1
557,37.634724490644814,40.60625,3,0.3392522677779198,0.0020002638455877226,0.8734375,0.8734375,0.003983608994994363,0.003983608994994363,0.0,0.0,0.0,0.0,59,0,14775,True,6,1
558,37.477217793512764,40.45,3,0.33799099177122116,0.0029692601272504958,0.871875,0.871875,0.005182226234930313,0.005182226234930313,0.0,0.0,0.0,0.0,59,0,14779,True,6,1
559,37.5544925735616,40.525,3,0.33698293566703796,0.00380069509392557,0.871875,0.871875,0.0029231698334171415,0.0029231698334171415,0.0,0.0,0.0,0.0,59,0,14771,True,6,1
560,37.85878569334387,40.82812500000001,3,0.34013845697045325,0.00334310919243092,0.87265625,0.87265625,0.005298695299316616,0.005298695299316616,0.0,0.0,0.0,0.0,59,0,14771,True,6,1
561,37.32316586114562,40.29375000000001,3,0.3395112484693527,0.002348271411408224,0.8703125,0.8703125,0.004555431167847891,0.004555431167847891,0.0,0.0,0.0,0.0,59,0,14775,True,6,1
562,37.678467793512766,40.651250000000005,3,0.33932815343141554,0.002481528291894266,0.8734375,0.8734375,0.003125,0.003125,0.0,0.0,0.0,0.0,59,0,14779,True,6,1
563,37.087250688249604,40.059375,3,0.3424920789897442,0.0018710657971856715,0.86796875,0.86796875,0.0045554311678478905,0.0045554311678478905,0.0,0.0,0.0,0.0,59,0,14777,True,6,1
564,37.94656659590798,40.91875000000001,3,0.33867046535015105,0.002150548345729746,0.8765625,0.8765625,0.007245014449606018,0.007245014449606018,0.0,0.0,0.0,0.0,59,0,14777,True,6,1
565,37.36596779351277,40.33875000000001,3,0.3392979606986046,0.0032918703722716347,0.8703125,0.8703125,0.005740991584648074,0.005740991584648074,0.0,0.0,0.0,0.0,59,0,14779,True,6,1
566,37.789717793512764,40.7625,3,0.33859004974365237,0.0025003917576191807,0.875,0.875,0.006051536478449089,0.006051536478449089,0.0,0.0,0.0,0.0,59,0,14779,True,6,1
567,37.477217793512764,40.45,3,0.33897887766361234,0.0023899603547014943,0.871875,0.871875,0.005740991584648074,0.005740991584648074,0.0,0.0,0.0,0.0,59,0,14779,True,6,1
568,37.366526452730646,40.33875000000001,3,0.3396039351820946,0.0025355111375871425,0.8703125,0.8703125,0.0015625,0.0015625,0.0,0.0,0.0,0.0,59,0,14777,True,6,1
569,37.75659279351277,40.72937500000001,3,0.34080820307135584,0.0023583470034073757,0.87421875,0.87421875,0.004555431167847891,0.004555431167847891,0.0,0.0,0.0,0.0,59,0,14779,True,6,1
570,37.242842793512764,40.215625,3,0.3399943418800831,0.004687044160937395,0.86953125,0.86953125,0.0046875,0.0046875,0.0,0.0,0.0,0.0,59,0,14779,True,6,1
571,37.400255584210434,40.371875,3,0.3393898494541645,0.002852831957828322,0.87109375,0.87109375,0.004941058844013093,0.004941058844013093,0.0,0.0,0.0,0.0,59,0,14777,True,6,1
572,37.05402645273064,40.026250000000005,3,0.3386489078402519,0.0045720734004035595,0.8671875,0.8671875,0.008907620508587016,0.008907620508587016,0.0,0.0,0.0,0.0,59,0,14777,True,6,1
573,37.834717793512766,40.807500000000005,3,0.3400881357491016,0.0034402657368739435,0.875,0.875,0.004941058844013093,0.004941058844013093,0.0,0.0,0.0,0.0,59,0,14779,True,6,1
574,37.08548168240165,40.059375,3,0.3394782058894634,0.002518223497585354,0.86796875,0.86796875,0.005182226234930313,0.005182226234930313,0.0,0.0,0.0,0.0,59,0,14781,True,6,1
575,37.55659949064482,40.52812500000001,3,0.340190526843071,0.005774387166062301,0.87265625,0.87265625,0.003983608994994363,0.003983608994994363,0.0,0.0,0.0,0.0,59,0,14775,True,6,1
576,37.086592793512764,40.059375,3,0.34013223350048066,0.001554474332173319,0.86796875,0.86796875,0.0029231698334171415,0.0029231698334171415,0.0,0.0,0.0,0.0,59,0,14779,True,6,1
577,37.55642975003451,40.52812500000001,3,0.3434741720557213,0.0028144622748027498,0.87265625,0.87265625,0.0046875,0.0046875,0.0,0.0,0.0,0.0,59,0,14777,True,6,1
578,37.477875688249604,40.45,3,0.3401435732841492,0.00361460072749648,0.871875,0.871875,0.006720566614877052,0.006720566614877052,0.0,0.0,0.0,0.0,59,0,14777,True,6,1
579,37.71330270701909,40.68437500000001,3,0.33718620538711547,0.0040425011675678775,0.87421875,0.87421875,0.005740991584648074,0.005740991584648074,0.0,0.0,0.0,0.0,59,0,14775,True,6,1
580,37.52221779351276,40.495,3,0.33917118832468984,0.0019167707252875188,0.871875,0.871875,0.005740991584648074,0.005740991584648074,0.0,0.0,0.0,0.0,59,0,14779,True,6,1
581,37.52332890462387,40.495,3,0.3374262563884258,0.0041477851662045,0.871875,0.871875,0.005740991584648074,0.005740991584648074,0.0,0.0,0.0,0.0,59,0,14777,True,6,1
582,37.79082890462387,40.7625,3,0.338353119045496,0.0052504799408085185,0.875,0.875,0.0034938562148434213,0.0034938562148434213,0.0,0.0,0.0,0.0,59,0,14777,True,6,1
583,37.55754086114562,40.52812500000001,3,0.33780120834708216,0.0031106504440003265,0.87265625,0.87265625,0.0019136638615493578,0.0019136638615493578,0.0,0.0,0.0,0.0,59,0,14775,True,6,1
584,37.400408582986444,40.371875,3,0.34076845496892927,0.0025346587526944657,0.87109375,0.87109375,0.0024705294220065464,0.0024705294220065464,0.0,0.0,0.0,0.0,59,0,14775,True,6,1
585,37.053467793512766,40.026250000000005,3,0.339164961874485,0.002672814759024963,0.8671875,0.8671875,0.0034938562148434213,0.0034938562148434213,0.0,0.0,0.0,0.0,59,0,14779,True,6,1
586,37.52221779351276,40.495,3,0.3390218451619148,0.001281813317603873,0.871875,0.871875,0.0029231698334171415,0.0029231698334171415,0.0,0.0,0.0,0.0,59,0,14779,True,6,1
587,37.477217793512764,40.45,3,0.3402694195508957,0.0029304108183897974,0.871875,0.871875,0.0038273277230987156,0.0038273277230987156,0.0,0.0,0.0,0.0,59,0,14779,True,6,1
588,37.28840145273064,40.260625000000005,3,0.34022410660982133,0.0026121697797753226,0.86953125,0.86953125,0.0019136638615493578,0.0019136638615493578,0.0,0.0,0.0,0.0,59,0,14777,True,6,1
589,37.94707890462388,40.91875000000001,3,0.33723081573843955,0.0029990390750763507,0.8765625,0.8765625,0.005298695299316616,0.005298695299316616,0.0,0.0,0.0,0.0,59,0,14777,True,6,1
590,37.634125688249604,40.60625,3,0.33783805295825003,0.0027769677998305373,0.8734375,0.8734375,0.0046875,0.0046875,0.0,0.0,0.0,0.0,59,0,14777,True,6,1
591,37.444092793512766,40.416875000000005,3,0.3404540427029133,0.0019381778582460427,0.87109375,0.87109375,0.006536406457297465,0.006536406457297465,0.0,0.0,0.0,0.0,59,0,14779,True,6,1
592,37.40136669532155,40.371875,3,0.3384814649820328,0.0031834385643989584,0.87109375,0.87109375,0.00427908248050911,0.00427908248050911,0.0,0.0,0.0,0.0,59,0,14775,True,6,1
593,37.16471779351277,40.13750000000001,3,0.33958496153354645,0.002320447738413913,0.86875,0.86875,0.003983608994994363,0.003983608994994363,0.0,0.0,0.0,0.0,59,0,14779,True,6,1
594,37.52332890462387,40.495,3,0.34002075269818305,0.002028356971564779,0.871875,0.871875,0.005740991584648074,0.005740991584648074,0.0,0.0,0.0,0.0,59,0,14777,True,6,1
595,37.59923168240165,40.573125000000005,3,0.3414107419550419,0.004136937081971159,0.87265625,0.87265625,0.0019136638615493578,0.0019136638615493578,0.0,0.0,0.0,0.0,59,0,14781,True,6,1
596,37.63457890462387,40.60625,3,0.34164770394563676,0.004146153414395532,0.8734375,0.8734375,0.003983608994994363,0.003983608994994363,0.0,0.0,0.0,0.0,59,0,14777,True,6,1
597,37.633467793512764,40.60625,3,0.33923934400081635,0.002538580205575906,0.8734375,0.8734375,0.0019136638615493578,0.0019136638615493578,0.0,0.0,0.0,0.0,59,0,14779,True,6,1
598,37.52221779351276,40.495,3,0.340971539914608,0.0010509863147211101,0.871875,0.871875,0.002923169833417142,0.002923169833417142,0.0,0.0,0.0,0.0,59,0,14779,True,6,1
599,37.55520126964495,40.525,3,0.3429783321917057,0.0022114961742457674,0.871875,0.871875,0.0015625,0.0015625,0.0,0.0,0.0,0.0,59,0,14773,True,6,1
600,37.288441595907976,40.260625000000005,3,0.33880656734108927,0.0026444387659143235,0.86953125,0.86953125,0.005846339666834283,0.005846339666834283,0.0,0.0,0.0,0.0,59,0,14777,True,6,1
601,37.75659279351277,40.72937500000001,3,0.3402356877923012,0.0011126117984603483,0.87421875,0.87421875,0.002923169833417142,0.002923169833417142,0.0,0.0,0.0,0.0,59,0,14779,True,6,1
602,37.397101878725806,40.36875000000001,3,0.339952040463686,0.0018558300866717361,0.8703125,0.8703125,0.0015625,0.0015625,0.0,0.0,0.0,0.0,59,0,14775,True,6,1
603,37.444092793512766,40.416875000000005,3,0.3388224966824055,0.003959914094680429,0.87109375,0.87109375,0.0078125,0.0078125,0.0,0.0,0.0,0.0,59,0,14779,True,6,1
604,37.55534279351277,40.52812500000001,3,0.338410472124815,0.00212365857244233,0.87265625,0.87265625,0.003125,0.003125,0.0,0.0,0.0,0.0,59,0,14779,True,6,1
605,37.400948293040024,40.371875,3,0.3397985935211182,0.003682018027089141,0.87109375,0.87109375,0.00427908248050911,0.00427908248050911,0.0,0.0,0.0,0.0,59,0,14773,True,6,1
606,37.55600068824961,40.52812500000001,3,0.33949548974633215,0.004217158139229521,0.87265625,0.87265625,0.005298695299316616,0.005298695299316616,0.0,0.0,0.0,0.0,59,0,14777,True,7,1
607,37.47832890462387,40.45,3,0.34078719913959504,0.003253031079209079,0.871875,0.871875,0.0038273277230987156,0.0038273277230987156,0.0,0.0,0.0,0.0,59,0,14777,True,7,1
608,37.55832626964496,40.52812500000001,3,0.34138612970709803,0.0027865268669171523,0.87265625,0.87265625,0.003983608994994363,0.003983608994994363,0.0,0.0,0.0,0.0,59,0,14773,True,7,1
609,37.16537568824961,40.13750000000001,3,0.34166638627648355,0.0021134132426725667,0.86875,0.86875,0.005298695299316616,0.005298695299316616,0.0,0.0,0.0,0.0,59,0,14777,True,7,1
610,37.47516778638416,40.446875000000006,3,0.3421256884932518,0.0015590699647227422,0.87109375,0.87109375,0.0034938562148434213,0.0034938562148434213,0.0,0.0,0.0,0.0,59,0,14775,True,7,1
611,37.790974490644814,40.7625,3,0.3394572339951992,0.0033424715296407293,0.875,0.875,0.0034938562148434213,0.0034938562148434213,0.0,0.0,0.0,0.0,59,0,14775,True,7,1
612,37.71333764477135,40.68437500000001,3,0.3414570465683937,0.0028253389885586826,0.87421875,0.87421875,0.002923169833417142,0.002923169833417142,0.0,0.0,0.0,0.0,59,0,14775,True,7,1
613,37.40083764477134,40.371875,3,0.3391432583332062,0.0025112650784502094,0.87109375,0.87109375,0.0034938562148434213,0.0034938562148434213,0.0,0.0,0.0,0.0,59,0,14775,True,7,1
614,37.477217793512764,40.45,3,0.33975173309445383,0.00251293174521485,0.871875,0.871875,0.002923169833417142,0.002923169833417142,0.0,0.0,0.0,0.0,59,0,14779,True,7,1
615,-3.0977822064872336,-0.12499999999999734,1,0.3425353042781353,0.00238099860902148,0.865625,0.865625,0.003983608994994363,0.003983608994994363,0.0,0.0,0.0,0.0,59,0,14779,True,7,1
616,37.622002643206834,40.59375000000001,3,0.33883617743849753,0.004496666811278753,0.8703125,0.8703125,0.007967217989988727,0.007967217989988727,0.0,0.0,0.0,0.0,59,0,14775,True,7,1
617,37.399691595907974,40.371875,3,0.340265429764986,0.0026524676840901677,0.87109375,0.87109375,0.0024705294220065464,0.0024705294220065464,0.0,0.0,0.0,0.0,59,0,14777,True,7,1
618,37.32162568824961,40.29375000000001,3,0.34072182327508926,0.004949987799547434,0.8703125,0.8703125,0.0029231698334171415,0.0029231698334171415,0.0,0.0,0.0,0.0,59,0,14777,True,7,1
619,37.24395390462387,40.215625,3,0.33814516887068746,0.0016752979763218618,0.86953125,0.86953125,0.007245014449606018,0.007245014449606018,0.0,0.0,0.0,0.0,59,0,14777,True,7,1
620,37.478461757198296,40.45,3,0.33922346979379653,0.004015801651300801,0.871875,0.871875,0.006720566614877052,0.006720566614877052,0.0,0.0,0.0,0.0,59,0,14775,True,7,1
621,37.32316586114562,40.29375000000001,3,0.3416548378765583,0.0019966165320175378,0.8703125,0.8703125,0.0029231698334171415,0.0029231698334171415,0.0,0.0,0.0,0.0,59,0,14775,True,7,1
622,37.79082890462387,40.7625,3,0.3366853505373001,0.0029714742335589716,0.875,0.875,0.0024705294220065464,0.0024705294220065464,0.0,0.0,0.0,0.0,59,0,14777,True,7,1
623,37.71159279351277,40.68437500000001,3,0.33736112490296366,0.0016959971458899556,0.87421875,0.87421875,0.004555431167847891,0.004555431167847891,0.0,0.0,0.0,0.0,59,0,14779,True,7,1
624,37.16471779351277,40.13750000000001,3,0.33938876911997795,0.0050495980936529255,0.86875,0.86875,0.005846339666834283,0.005846339666834283,0.0,0.0,0.0,0.0,59,0,14779,True,7,1
625,37.243500688249604,40.215625,3,0.3428708754479885,0.002529106964266616,0.86953125,0.86953125,0.0019136638615493578,0.0019136638615493578,0.0,0.0,0.0,0.0,59,0,14777,True,7,1
626,37.634125688249604,40.60625,3,0.33774903044104576,0.0021759561300294986,0.8734375,0.8734375,0.003125,0.003125,0.0,0.0,0.0,0.0,59,0,14777,True,7,1
627,37.400849065914194,40.371875,3,0.3391683593392372,0.003504901181330618,0.87109375,0.87109375,0.006536406457297465,0.006536406457297465,0.0,0.0,0.0,0.0,59,0,14775,True,7,1
628,37.32316586114562,40.29375000000001,3,0.340100672096014,0.0021542831771933658,0.8703125,0.8703125,0.004555431167847891,0.004555431167847891,0.0,0.0,0.0,0.0,59,0,14775,True,7,1
629,37.555818983988964,40.52812500000001,3,0.34151672199368477,0.002793161286728593,0.87265625,0.87265625,0.006346905003621844,0.006346905003621844,0.0,0.0,0.0,0.0,59,0,14777,True,7,1
630,37.31985668240166,40.29375000000001,3,0.34227146953344345,0.0011308126415440483,0.8703125,0.8703125,0.005740991584648074,0.005740991584648074,0.0,0.0,0.0,0.0,59,0,14781,True,7,1
631,37.55594159590798,40.52812500000001,3,0.34052848890423776,0.002855872871948115,0.87265625,0.87265625,0.006810779599282302,0.006810779599282302,0.0,0.0,0.0,0.0,59,0,14777,True,7,1
632,37.55645390462388,40.52812500000001,3,0.3402264043688774,0.00260421322724786,0.87265625,0.87265625,0.003983608994994363,0.003983608994994363,0.0,0.0,0.0,0.0,59,0,14777,True,7,1
633,37.55642975003451,40.52812500000001,3,0.33894175887107847,0.0034870827530453802,0.87265625,0.87265625,0.003125,0.003125,0.0,0.0,0.0,0.0,59,0,14777,True,7,1
634,37.242842793512764,40.215625,3,0.3395518884062767,0.003133766402903677,0.86953125,0.86953125,0.005846339666834283,0.005846339666834283,0.0,0.0,0.0,0.0,59,0,14779,True,7,1
635,37.790375688249604,40.7625,3,0.3375312894582748,0.0028876595603548197,0.875,0.875,0.0034938562148434213,0.0034938562148434213,0.0,0.0,0.0,0.0,59,0,14777,True,7,1
636,37.01069001573499,39.98125,3,0.3402139857411385,0.0033213785557066494,0.8671875,0.8671875,0.00427908248050911,0.00427908248050911,0.0,0.0,0.0,0.0,59,0,14775,True,7,1
637,37.399092793512764,40.371875,3,0.3404908888041973,0.003260607496222597,0.87109375,0.87109375,0.004941058844013093,0.004941058844013093,0.0,0.0,0.0,0.0,59,0,14779,True,7,1
638,37.40020390462387,40.371875,3,0.33850382789969446,0.001939275420166973,0.87109375,0.87109375,0.0034938562148434213,0.0034938562148434213,0.0,0.0,0.0,0.0,59,0,14777,True,7,1
639,37.242842793512764,40.215625,3,0.339236494153738,0.002075827525642056,0.86953125,0.86953125,0.0046875,0.0046875,0.0,0.0,0.0,0.0,59,0,14779,True,7,1
640,37.55534279351277,40.52812500000001,3,0.3396787479519844,0.002746654161445049,0.87265625,0.87265625,0.003983608994994363,0.003983608994994363,0.0,0.0,0.0,0.0,59,0,14779,True,7,1
641,37.209717793512766,40.182500000000005,3,0.3369820550084114,0.0021247403834912747,0.86875,0.86875,0.005298695299316616,0.005298695299316616,0.0,0.0,0.0,0.0,59,0,14779,True,7,1
642,37.678467793512766,40.651250000000005,3,0.3390349313616753,0.001584900358249157,0.8734375,0.8734375,0.003125,0.003125,0.0,0.0,0.0,0.0,59,0,14779,True,7,1
643,37.790915398303184,40.7625,3,0.34008883535861967,0.002148174844203852,0.875,0.875,0.00427908248050911,0.00427908248050911,0.0,0.0,0.0,0.0,59,0,14775,True,7,1
644,37.47958560175593,40.45,3,0.3377190135419369,0.003006656539734684,0.871875,0.871875,0.0029231698334171415,0.0029231698334171415,0.0,0.0,0.0,0.0,59,0,14773,True,7,1
645,37.55534279351277,40.52812500000001,3,0.34256066381931305,0.0013647563969471693,0.87265625,0.87265625,0.0019136638615493578,0.0019136638615493578,0.0,0.0,0.0,0.0,59,0,14779,True,7,1
646,37.444092793512766,40.416875000000005,3,0.34013847187161445,0.0012064209570886064,0.87109375,0.87109375,0.00427908248050911,0.00427908248050911,0.0,0.0,0.0,0.0,59,0,14779,True,7,1
647,37.477875688249604,40.45,3,0.34086683243513105,0.001749085017644218,0.871875,0.871875,0.004555431167847891,0.004555431167847891,0.0,0.0,0.0,0.0,59,0,14777,True,7,1
648,37.52221779351276,40.495,3,0.33752201572060586,0.0018636334785531211,0.871875,0.871875,0.002923169833417142,0.002923169833417142,0.0,0.0,0.0,0.0,59,0,14779,True,7,1
649,37.477217793512764,40.45,3,0.3426451444625854,0.003086718237300473,0.871875,0.871875,0.002923169833417142,0.002923169833417142,0.0,0.0,0.0,0.0,59,0,14779,True,7,1
650,37.790316595907974,40.7625,3,0.3404275417327881,0.004986179338832211,0.875,0.875,0.00427908248050911,0.00427908248050911,0.0,0.0,0.0,0.0,59,0,14777,True,7,1
651,37.32097400083741,40.29375000000001,3,0.3407814234495163,0.0039097625984938055,0.8703125,0.8703125,0.00625,0.00625,0.0,0.0,0.0,0.0,59,0,14777,True,7,1
652,37.79082890462387,40.7625,3,0.34021899551153184,0.004525724720618115,0.875,0.875,0.0034938562148434213,0.0034938562148434213,0.0,0.0,0.0,0.0,59,0,14777,True,7,1
653,37.243500688249604,40.215625,3,0.3397965796291828,0.0025788783566651746,0.86953125,0.86953125,0.003125,0.003125,0.0,0.0,0.0,0.0,59,0,14777,True,7,1
654,37.477875688249604,40.45,3,0.3394364669919014,0.0030370306663723467,0.871875,0.871875,0.005740991584648074,0.005740991584648074,0.0,0.0,0.0,0.0,59,0,14777,True,7,1
655,37.32374050895146,40.29375000000001,3,0.34065842181444167,0.0036743932023489832,0.8703125,0.8703125,0.004555431167847891,0.004555431167847891,0.0,0.0,0.0,0.0,59,0,14773,True,7,1
656,37.55693009510007,40.52812500000001,3,0.3406124904751778,0.003696082886560875,0.87265625,0.87265625,0.003125,0.003125,0.0,0.0,0.0,0.0,59,0,14775,True,7,1
657,37.55766304582353,40.52812500000001,3,0.3414392225444317,0.001000023715403151,0.87265625,0.87265625,0.003983608994994363,0.003983608994994363,0.0,0.0,0.0,0.0,59,0,14773,True,7,1
658,37.32162568824961,40.29375000000001,3,0.3401405557990074,0.005645603963132266,0.8703125,0.8703125,0.0038273277230987156,0.0038273277230987156,0.0,0.0,0.0,0.0,59,0,14777,True,7,1
659,37.71225068824961,40.68437500000001,3,0.3403909631073475,0.0019790001392895897,0.87421875,0.87421875,0.00625,0.00625,0.0,0.0,0.0,0.0,59,0,14777,True,7,1
660,37.634066595907974,40.60625,3,0.3400970421731472,0.0030978173823595283,0.8734375,0.8734375,0.0019136638615493578,0.0019136638615493578,0.0,0.0,0.0,0.0,59,0,14777,True,7,1
661,37.243441595907974,40.215625,3,0.3395906075835228,0.003065255139321443,0.86953125,0.86953125,0.0046875,0.0046875,0.0,0.0,0.0,0.0,59,0,14777,True,7,1
662,37.32316586114562,40.29375000000001,3,0.33582919239997866,0.0029706961883967055,0.8703125,0.8703125,0.0015625,0.0015625,0.0,0.0,0.0,0.0,59,0,14775,True,7,1
663,37.009125688249604,39.98125,3,0.3394957333803177,0.0023003450633702536,0.8671875,0.8671875,0.005524271728019903,0.005524271728019903,0.0,0.0,0.0,0.0,59,0,14777,True,7,1
664,37.601000688249606,40.573125000000005,3,0.3395013324916363,0.0017041779307330042,0.87265625,0.87265625,0.003983608994994363,0.003983608994994363,0.0,0.0,0.0,0.0,59,0,14777,True,7,1
665,37.71225068824961,40.68437500000001,3,0.33943542614579203,0.0034545373055785353,0.87421875,0.87421875,0.002923169833417142,0.002923169833417142,0.0,0.0,0.0,0.0,59,0,14777,True,7,1
666,37.47888756384175,40.45,3,0.3403800420463085,0.0027332294712958524,0.871875,0.871875,0.004555431167847891,0.004555431167847891,0.0,0.0,0.0,0.0,59,0,14775,True,7,1
667,37.47931662562665,40.45,3,0.33802506029605867,0.0033945220838530717,0.871875,0.871875,0.007160274523368501,0.007160274523368501,0.0,0.0,0.0,0.0,59,0,14775,True,7,1
668,37.478533582986444,40.45,3,0.3409650273621082,0.0015345030008888103,0.871875,0.871875,0.004555431167847891,0.004555431167847891,0.0,0.0,0.0,0.0,59,0,14775,True,7,1
669,37.48029517607933,40.45,3,0.33972849398851396,0.004736901956226145,0.871875,0.871875,0.004555431167847891,0.004555431167847891,0.0,0.0,0.0,0.0,59,0,14771,True,7,1
670,-3.095584138854383,-0.12499999999999734,1,0.3414217993617058,0.003385807905970383,0.865625,0.865625,0.003983608994994363,0.003983608994994363,0.0,0.0,0.0,0.0,59,0,14775,True,7,1
671,37.55534279351277,40.52812500000001,3,0.3408959351480007,0.004005032238745334,0.87265625,0.87265625,0.005298695299316616,0.005298695299316616,0.0,0.0,0.0,0.0,59,0,14779,True,7,1
672,37.63583560175593,40.60625,3,0.3397076725959778,0.0016514096156738658,0.8734375,0.8734375,0.003983608994994363,0.003983608994994363,0.0,0.0,0.0,0.0,59,0,14773,True,7,1
673,37.242842793512764,40.215625,3,0.34018761590123175,0.004706211730709807,0.86953125,0.86953125,0.003125,0.003125,0.0,0.0,0.0,0.0,59,0,14779,True,7,1
674,37.24395390462387,40.215625,3,0.33866980075836184,0.0018574433439754161,0.86953125,0.86953125,0.003983608994994363,0.003983608994994363,0.0,0.0,0.0,0.0,59,0,14777,True,7,1
675,37.47941586114561,40.45,3,0.33665484338998797,0.0010897136025152735,0.871875,0.871875,0.005182226234930313,0.005182226234930313,0.0,0.0,0.0,0.0,59,0,14775,True,7,1
676,37.317634460179434,40.29375000000001,3,0.3391190730035305,0.000686106944773648,0.8703125,0.8703125,0.0015625,0.0015625,0.0,0.0,0.0,0.0,59,0,14785,True,7,1
677,37.6362888181302,40.60625,3,0.3397092692553997,0.0021717137600612605,0.8734375,0.8734375,0.008043461047646094,0.008043461047646094,0.0,0.0,0.0,0.0,59,0,14773,True,7,1
678,37.40141837490811,40.371875,3,0.34052628502249715,0.005257786328530136,0.87109375,0.87109375,0.006051536478449089,0.006051536478449089,0.0,0.0,0.0,0.0,59,0,14775,True,7,1
679,-3.0189993117503846,-0.046874999999990674,1,0.34203959703445436,0.0035397325364763255,0.86640625,0.86640625,0.0038273277230987156,0.0038273277230987156,0.0,0.0,0.0,0.0,59,0,14777,True,7,1
680,37.32277574550077,40.29375000000001,3,0.34132776632905004,0.0022190355181295066,0.8703125,0.8703125,0.005740991584648074,0.005740991584648074,0.0,0.0,0.0,0.0,59,0,14775,True,7,1
681,37.36596779351277,40.33875000000001,3,0.33986339196562765,0.0014251949031136514,0.8703125,0.8703125,0.0015625,0.0015625,0.0,0.0,0.0,0.0,59,0,14779,True,7,1
682,37.24461800668536,40.215625,3,0.3354171223938465,0.0021366664511989725,0.86953125,0.86953125,0.006810779599282302,0.006810779599282302,0.0,0.0,0.0,0.0,59,0,14773,True,7,1
683,37.678467793512766,40.651250000000005,3,0.3401940524578094,0.0038042316324630823,0.8734375,0.8734375,0.003983608994994363,0.003983608994994363,0.0,0.0,0.0,0.0,59,0,14779,True,7,1
684,37.47941586114561,40.45,3,0.339397232234478,0.0021440253767189806,0.871875,0.871875,0.005740991584648074,0.005740991584648074,0.0,0.0,0.0,0.0,59,0,14775,True,7,1
685,37.55764630398923,40.52812500000001,3,0.34148216992616653,0.002650674384495986,0.87265625,0.87265625,0.003125,0.003125,0.0,0.0,0.0,0.0,59,0,14773,True,7,1
686,37.791533149862694,40.7625,3,0.33912539705634115,0.0021980389309320006,0.875,0.875,0.004941058844013093,0.004941058844013093,0.0,0.0,0.0,0.0,59,0,14773,True,7,1
687,37.71132375588246,40.681250000000006,3,0.3393865764141083,0.001160509698980472,0.8734375,0.8734375,0.0046875,0.0046875,0.0,0.0,0.0,0.0,59,0,14773,True,7,1
688,37.08879086114561,40.059375,3,0.34120080396533015,0.0018586683307351183,0.86796875,0.86796875,0.004555431167847891,0.004555431167847891,0.0,0.0,0.0,0.0,59,0,14775,True,7,1
689,37.47469159590798,40.446875000000006,3,0.3387525714933872,0.002443144401158288,0.87109375,0.87109375,0.006051536478449089,0.006051536478449089,0.0,0.0,0.0,0.0,59,0,14777,True,7,1
690,37.477816595907974,40.45,3,0.3385806821286678,0.003365711798265977,0.871875,0.871875,0.004555431167847891,0.004555431167847891,0.0,0.0,0.0,0.0,59,0,14777,True,7,1
691,37.16531659590798,40.13750000000001,3,0.3411474585533142,0.0029995842608368174,0.86875,0.86875,0.006346905003621844,0.006346905003621844,0.0,0.0,0.0,0.0,59,0,14777,True,7,1
692,37.32337053950819,40.29375000000001,3,0.34035576432943343,0.002549164491993612,0.8703125,0.8703125,0.004555431167847891,0.004555431167847891,0.0,0.0,0.0,0.0,59,0,14773,True,7,1
693,37.79146264477134,40.7625,3,0.3393645383417606,0.004045872793353567,0.875,0.875,0.006987712429686843,0.006987712429686843,0.0,0.0,0.0,0.0,59,0,14775,True,7,1
694,37.634682263797,40.60625,3,0.3413967594504356,0.001452707710658036,0.8734375,0.8734375,0.0019136638615493578,0.0019136638615493578,0.0,0.0,0.0,0.0,59,0,14777,True,7,1
695,37.008467793512764,39.98125,3,0.3407455913722515,0.0025712426442588195,0.8671875,0.8671875,0.0034938562148434213,0.0034938562148434213,0.0,0.0,0.0,0.0,59,0,14779,True,7,1
696,37.71159279351277,40.68437500000001,3,0.3410047121345997,0.0034960561592898114,0.87421875,0.87421875,0.002923169833417142,0.002923169833417142,0.0,0.0,0.0,0.0,59,0,14779,True,7,1
697,37.47832890462387,40.45,3,0.3397215731441975,0.003954929627401026,0.871875,0.871875,0.004555431167847891,0.004555431167847891,0.0,0.0,0.0,0.0,59,0,14777,True,8,1
698,37.94596779351277,40.91875000000001,3,0.3378352276980877,0.003285710055788814,0.8765625,0.8765625,0.0019136638615493578,0.0019136638615493578,0.0,0.0,0.0,0.0,59,0,14779,True,8,1
699,37.40080270701908,40.371875,3,0.34046549499034884,0.004920337519900469,0.87109375,0.87109375,0.0024705294220065464,0.0024705294220065464,0.0,0.0,0.0,0.0,59,0,14775,True,8,1
700,37.008467793512764,39.98125,3,0.3407060675323009,0.0023876538650691955,0.8671875,0.8671875,0.005524271728019903,0.005524271728019903,0.0,0.0,0.0,0.0,59,0,14779,True,8,1
701,37.78771011194853,40.75937500000001,3,0.3404215067625046,0.00451706768953458,0.87421875,0.87421875,0.0038273277230987156,0.0038273277230987156,0.0,0.0,0.0,0.0,59,0,14775,True,8,1
702,37.63624867495286,40.60625,3,0.34161158427596094,0.004122116436956358,0.8734375,0.8734375,0.003125,0.003125,0.0,0.0,0.0,0.0,59,0,14773,True,8,1
703,37.477875688249604,40.45,3,0.3401401475071907,0.002826495238263192,0.871875,0.871875,0.005740991584648074,0.005740991584648074,0.0,0.0,0.0,0.0,59,0,14777,True,8,1
704,37.47892770701908,40.45,3,0.3372930146753788,0.0030807645168438283,0.871875,0.871875,0.002923169833417142,0.002923169833417142,0.0,0.0,0.0,0.0,59,0,14775,True,8,1
705,37.678467793512766,40.651250000000005,3,0.3382489949464798,0.002836956760653152,0.8734375,0.8734375,0.003983608994994363,0.003983608994994363,0.0,0.0,0.0,0.0,59,0,14779,True,8,1
706,37.71270390462388,40.68437500000001,3,0.3408972226083279,0.003485444958880793,0.87421875,0.87421875,0.002923169833417142,0.002923169833417142,0.0,0.0,0.0,0.0,59,0,14777,True,8,1
707,37.55873117684049,40.52812500000001,3,0.3401858747005463,0.0017824827859850608,0.87265625,0.87265625,0.003983608994994363,0.003983608994994363,0.0,0.0,0.0,0.0,59,0,14773,True,8,1
708,37.32327130398923,40.29375000000001,3,0.34189213141798974,0.0015669313566162536,0.8703125,0.8703125,0.004555431167847891,0.004555431167847891,0.0,0.0,0.0,0.0,59,0,14773,True,8,1
709,37.71159279351277,40.68437500000001,3,0.33903187066316604,0.003174292956030644,0.87421875,0.87421875,0.0015625,0.0015625,0.0,0.0,0.0,0.0,59,0,14779,True,8,1
710,37.47954337490811,40.45,3,0.3393350481987,0.0020648928301763006,0.871875,0.871875,0.005182226234930313,0.005182226234930313,0.0,0.0,0.0,0.0,59,0,14775,True,8,1
711,37.399092793512764,40.371875,3,0.3383596397936344,0.0031979517289930518,0.87109375,0.87109375,0.0024705294220065464,0.0024705294220065464,0.0,0.0,0.0,0.0,59,0,14779,True,8,1
712,37.75719159590798,40.72937500000001,3,0.33947836980223656,0.0026114994090100417,0.87421875,0.87421875,0.0045554311678478905,0.0045554311678478905,0.0,0.0,0.0,0.0,59,0,14777,True,8,1
713,37.40025025512585,40.371875,3,0.3389204487204552,0.0036948291050382166,0.87109375,0.87109375,0.005524271728019903,0.005524271728019903,0.0,0.0,0.0,0.0,59,0,14775,True,8,1
714,37.399691595907974,40.371875,3,0.3379181072115898,0.0022281220820031533,0.87109375,0.87109375,0.004941058844013093,0.004941058844013093,0.0,0.0,0.0,0.0,59,0,14777,True,8,1
715,37.16366577474329,40.13750000000001,3,0.3425186574459076,0.0024052132468745657,0.86875,0.86875,0.0046875,0.0046875,0.0,0.0,0.0,0.0,59,0,14781,True,8,1
716,37.55594159590798,40.52812500000001,3,0.3394102670252323,0.0019051940519400775,0.87265625,0.87265625,0.005298695299316616,0.005298695299316616,0.0,0.0,0.0,0.0,59,0,14777,True,8,1
717,37.3192926940992,40.29375000000001,3,0.3382763922214508,0.0008555008880527488,0.8703125,0.8703125,0.004555431167847891,0.004555431167847891,0.0,0.0,0.0,0.0,59,0,14781,True,8,1
718,37.871809866993566,40.840625,3,0.33678916916251184,0.002844181164317498,0.87578125,0.87578125,0.006720566614877052,0.006720566614877052,0.0,0.0,0.0,0.0,59,0,14771,True,8,1
719,37.32422866307799,40.29375000000001,3,0.3419914238154888,0.002279831994770131,0.8703125,0.8703125,0.006720566614877052,0.006720566614877052,0.0,0.0,0.0,0.0,59,0,14773,True,8,1
720,37.79259791047183,40.7625,3,0.3393409878015518,0.002088076102958063,0.875,0.875,0.0034938562148434213,0.0034938562148434213,0.0,0.0,0.0,0.0,59,0,14773,True,8,1
721,37.637562380756066,40.60625,3,0.3390749037265778,0.0019754947918860094,0.8734375,0.8734375,0.003983608994994363,0.003983608994994363,0.0,0.0,0.0,0.0,59,0,14771,True,8,1
722,37.94722449064482,40.91875000000001,3,0.337368156760931,0.0027271370248925664,0.8765625,0.8765625,0.006810779599282302,0.006810779599282302,0.0,0.0,0.0,0.0,59,0,14775,True,8,1
723,37.40301155781483,40.371875,3,0.34070277512073516,0.0018546466445160165,0.87109375,0.87109375,0.004941058844013093,0.004941058844013093,0.0,0.0,0.0,0.0,59,0,14771,True,8,1
724,37.16537568824961,40.13750000000001,3,0.34157313257455824,0.0013243984447521096,0.86875,0.86875,0.003125,0.003125,0.0,0.0,0.0,0.0,59,0,14777,True,8,1
725,37.32127948601923,40.290625000000006,3,0.33996754586696626,0.004748080597034589,0.86953125,0.86953125,0.006346905003621844,0.006346905003621844,0.0,0.0,0.0,0.0,59,0,14773,True,8,1
726,37.32096779351277,40.29375000000001,3,0.3390072725713253,0.003719894578263226,0.8703125,0.8703125,0.0045554311678478905,0.0045554311678478905,0.0,0.0,0.0,0.0,59,0,14779,True,8,1
727,37.634724490644814,40.60625,3,0.3426017463207245,0.001977880206380139,0.8734375,0.8734375,0.003983608994994363,0.003983608994994363,0.0,0.0,0.0,0.0,59,0,14775,True,8,1
728,37.47899300668536,40.45,3,0.3403723105788231,0.0032392932032339864,0.871875,0.871875,0.005182226234930313,0.005182226234930313,0.0,0.0,0.0,0.0,59,0,14773,True,8,1
729,37.4001797500345,40.371875,3,0.3413227595388889,0.001662765626000177,0.87109375,0.87109375,0.006536406457297465,0.006536406457297465,0.0,0.0,0.0,0.0,59,0,14777,True,8,1
730,37.476436447166556,40.446875000000006,3,0.3432261683046818,0.002134015635659348,0.87109375,0.87109375,0.00427908248050911,0.00427908248050911,0.0,0.0,0.0,0.0,59,0,14773,True,8,1
731,37.71379086114562,40.68437500000001,3,0.33975054398179055,0.0008245021892806341,0.87421875,0.87421875,0.002923169833417142,0.002923169833417142,0.0,0.0,0.0,0.0,59,0,14775,True,8,1
732,37.32207890462388,40.29375000000001,3,0.33934148624539373,0.002718488980523554,0.8703125,0.8703125,0.002923169833417142,0.002923169833417142,0.0,0.0,0.0,0.0,59,0,14777,True,8,1
733,37.71346515853385,40.68437500000001,3,0.3399186685681343,0.00446629254638917,0.87421875,0.87421875,0.005182226234930313,0.005182226234930313,0.0,0.0,0.0,0.0,59,0,14775,True,8,1
734,37.75659279351277,40.72937500000001,3,0.3385082595050335,0.003376564179813252,0.87421875,0.87421875,0.005740991584648074,0.005740991584648074,0.0,0.0,0.0,0.0,59,0,14779,True,8,1
735,37.16471779351277,40.13750000000001,3,0.33914003521203995,0.0022515037761544447,0.86875,0.86875,0.005846339666834283,0.005846339666834283,0.0,0.0,0.0,0.0,59,0,14779,True,8,1
736,37.7009081498627,40.67187500000001,3,0.34192110821604726,0.00328827630648135,0.87109375,0.87109375,0.0034938562148434213,0.0034938562148434213,0.0,0.0,0.0,0.0,59,0,14773,True,8,1
737,37.47777645273064,40.45,3,0.339131073653698,0.0028410469623325295,0.871875,0.871875,0.006720566614877052,0.006720566614877052,0.0,0.0,0.0,0.0,59,0,14777,True,8,1
738,37.32161295480309,40.29375000000001,3,0.33881978765130044,0.0019579864936556213,0.8703125,0.8703125,0.006720566614877052,0.006720566614877052,0.0,0.0,0.0,0.0,59,0,14777,True,8,1
739,37.55862781766736,40.52812500000001,3,0.3407770968973637,0.002625008392998378,0.87265625,0.87265625,0.0019136638615493578,0.0019136638615493578,0.0,0.0,0.0,0.0,59,0,14773,True,8,1
740,37.86895390462387,40.840625,3,0.3384680666029453,0.0028293871777671383,0.87578125,0.87578125,0.005740991584648074,0.005740991584648074,0.0,0.0,0.0,0.0,59,0,14777,True,8,1
741,37.24451256384175,40.215625,3,0.3394011169672012,0.0024966951801380258,0.86953125,0.86953125,0.005298695299316615,0.005298695299316615,0.0,0.0,0.0,0.0,59,0,14775,True,8,1
742,37.678467793512766,40.651250000000005,3,0.3426694832742214,0.0029715356813449453,0.8734375,0.8734375,0.0019136638615493578,0.0019136638615493578,0.0,0.0,0.0,0.0,59,0,14779,True,8,1
743,37.399750688249604,40.371875,3,0.3381006270647049,0.003543467683770253,0.87109375,0.87109375,0.0024705294220065464,0.0024705294220065464,0.0,0.0,0.0,0.0,59,0,14777,True,8,1
744,37.477217793512764,40.45,3,0.33891056999564173,0.002110554328684398,0.871875,0.871875,0.002923169833417142,0.002923169833417142,0.0,0.0,0.0,0.0,59,0,14779,True,8,1
745,37.791033582986444,40.7625,3,0.33811447843909265,0.0016879972566179085,0.875,0.875,0.0024705294220065464,0.0024705294220065464,0.0,0.0,0.0,0.0,59,0,14775,True,8,1
746,37.600342793512766,40.573125000000005,3,0.3406970016658306,0.0009096524072269094,0.87265625,0.87265625,0.003983608994994363,0.003983608994994363,0.0,0.0,0.0,0.0,59,0,14779,True,8,1
747,37.477217793512764,40.45,3,0.3406453773379326,0.003247665047325747,0.871875,0.871875,0.002923169833417142,0.002923169833417142,0.0,0.0,0.0,0.0,59,0,14779,True,8,1
748,37.08608048479686,40.059375,3,0.33901340663433077,0.001797198065842586,0.86796875,0.86796875,0.005740991584648074,0.005740991584648074,0.0,0.0,0.0,0.0,59,0,14779,True,8,1
749,37.70912568824961,40.681250000000006,3,0.33942228704690935,0.0015611645492904552,0.8734375,0.8734375,0.005846339666834283,0.005846339666834283,0.0,0.0,0.0,0.0,59,0,14777,True,8,1
750,37.55761136623697,40.52812500000001,3,0.34061110988259313,0.0038329072812347577,0.87265625,0.87265625,0.0019136638615493578,0.0019136638615493578,0.0,0.0,0.0,0.0,59,0,14773,True,8,1
751,37.47898679936072,40.45,3,0.33914409801363943,0.003467246357317863,0.871875,0.871875,0.002923169833417142,0.002923169833417142,0.0,0.0,0.0,0.0,59,0,14775,True,8,1
752,37.399750688249604,40.371875,3,0.3415582858026028,0.003585241957155467,0.87109375,0.87109375,0.0024705294220065464,0.0024705294220065464,0.0,0.0,0.0,0.0,59,0,14777,True,8,1
753,37.477816595907974,40.45,3,0.3417512536048889,0.001715684236005195,0.871875,0.871875,0.002923169833417142,0.002923169833417142,0.0,0.0,0.0,0.0,59,0,14777,True,8,1
754,37.71159279351277,40.68437500000001,3,0.339563899487257,0.002694537713597022,0.87421875,0.87421875,0.00625,0.00625,0.0,0.0,0.0,0.0,59,0,14779,True,8,1
755,37.24218489877592,40.215625,3,0.3395433686673641,0.0019213742589253506,0.86953125,0.86953125,0.003983608994994363,0.003983608994994363,0.0,0.0,0.0,0.0,59,0,14781,True,8,1
756,37.40016778638416,40.371875,3,0.3393687024712563,0.0007617179357982781,0.87109375,0.87109375,0.004941058844013093,0.004941058844013093,0.0,0.0,0.0,0.0,59,0,14775,True,8,1
757,37.242842793512764,40.215625,3,0.34123999774456026,0.0021239132195281386,0.86953125,0.86953125,0.003983608994994363,0.003983608994994363,0.0,0.0,0.0,0.0,59,0,14779,True,8,1
758,37.99420042245777,40.962500000000006,3,0.33537057265639303,0.003967557090008518,0.875,0.875,0.006051536478449089,0.006051536478449089,0.0,0.0,0.0,0.0,59,0,14769,True,8,1
759,37.322736799360726,40.29375000000001,3,0.34096714705228803,0.0042267929182376015,0.8703125,0.8703125,0.0045554311678478905,0.0045554311678478905,0.0,0.0,0.0,0.0,59,0,14775,True,8,1
760,37.47903847894728,40.45,3,0.33801299780607225,0.0023635697256803537,0.871875,0.871875,0.0038273277230987156,0.0038273277230987156,0.0,0.0,0.0,0.0,59,0,14775,True,8,1
761,37.63574039117458,40.60625,3,0.3385013371706009,0.0014733997136856464,0.8734375,0.8734375,0.007654655446197431,0.007654655446197431,0.0,0.0,0.0,0.0,59,0,14771,True,8,1
762,37.47715870117113,40.45,3,0.33856178671121595,0.002139095660472556,0.871875,0.871875,0.0038273277230987156,0.0038273277230987156,0.0,0.0,0.0,0.0,59,0,14779,True,8,1
763,37.16663238538166,40.13750000000001,3,0.33949514850974083,0.002178049723764626,0.86875,0.86875,0.0046875,0.0046875,0.0,0.0,0.0,0.0,59,0,14773,True,8,1
764,37.44517666590324,40.415625000000006,3,0.3404050149023533,0.0022762379786745637,0.86953125,0.86953125,0.003983608994994363,0.003983608994994363,0.0,0.0,0.0,0.0,59,0,14771,True,8,1
765,-3.0207683175983377,-0.046874999999990674,1,0.34223496839404105,0.005149000888226606,0.86640625,0.86640625,0.004555431167847891,0.004555431167847891,0.0,0.0,0.0,0.0,59,0,14781,True,8,1
766,37.324446712867044,40.29375000000001,3,0.3419238284230232,0.0022548097476112953,0.8703125,0.8703125,0.0015625,0.0015625,0.0,0.0,0.0,0.0,59,0,14771,True,8,1
767,37.477816595907974,40.45,3,0.3407799318432808,0.0023434580541347072,0.871875,0.871875,0.0029231698334171415,0.0029231698334171415,0.0,0.0,0.0,0.0,59,0,14777,True,8,1
768,37.322085111948525,40.29375000000001,3,0.3384520135819912,0.002804991594245399,0.8703125,0.8703125,0.008341467384399462,0.008341467384399462,0.0,0.0,0.0,0.0,59,0,14775,True,8,1
769,37.47610668240165,40.45,3,0.3398824088275433,0.003490387212413975,0.871875,0.871875,0.004555431167847891,0.004555431167847891,0.0,0.0,0.0,0.0,59,0,14781,True,8,1
770,37.319805002815094,40.29375000000001,3,0.3389258697628975,0.002107404878555125,0.8703125,0.8703125,0.002923169833417142,0.002923169833417142,0.0,0.0,0.0,0.0,59,0,14781,True,8,1
771,37.40243233417074,40.371875,3,0.3365617491304874,0.0034331322539041752,0.87109375,0.87109375,0.007411588266019639,0.007411588266019639,0.0,0.0,0.0,0.0,59,0,14771,True,8,1
772,37.32041534161954,40.29375000000001,3,0.34008220583200455,0.001761405387993677,0.8703125,0.8703125,0.0038273277230987156,0.0038273277230987156,0.0,0.0,0.0,0.0,59,0,14779,True,8,1
773,37.477217793512764,40.45,3,0.34079903215169904,0.002283568166175203,0.871875,0.871875,0.003827327723098716,0.003827327723098716,0.0,0.0,0.0,0.0,59,0,14779,True,8,1
774,37.47826981228224,40.45,3,0.3398886650800705,0.0016514039104346258,0.871875,0.871875,0.002923169833417142,0.002923169833417142,0.0,0.0,0.0,0.0,59,0,14777,True,8,1
775,37.16770126964496,40.13750000000001,3,0.34147587791085243,0.0037873119480443347,0.86875,0.86875,0.003983608994994363,0.003983608994994363,0.0,0.0,0.0,0.0,59,0,14773,True,8,1
776,37.789477034126,40.75937500000001,3,0.34034868851304056,0.0023185717145163607,0.87421875,0.87421875,0.007574499777213015,0.007574499777213015,0.0,0.0,0.0,0.0,59,0,14773,True,8,1
777,37.243500688249604,40.215625,3,0.34029078111052513,0.0016559630206611094,0.86953125,0.86953125,0.003125,0.003125,0.0,0.0,0.0,0.0,59,0,14777,True,8,1
778,37.63146011194852,40.603125000000006,3,0.3383678264915943,0.0019827192499897494,0.87265625,0.87265625,0.005298695299316616,0.005298695299316616,0.0,0.0,0.0,0.0,59,0,14775,True,8,1
779,37.47892770701908,40.45,3,0.3378478839993477,0.002840148278932032,0.871875,0.871875,0.0038273277230987156,0.0038273277230987156,0.0,0.0,0.0,0.0,59,0,14775,True,8,1
780,37.400408582986444,40.371875,3,0.3378573104739189,0.001514182216711788,0.87109375,0.87109375,0.0024705294220065464,0.0024705294220065464,0.0,0.0,0.0,0.0,59,0,14775,True,8,1
781,37.477217793512764,40.45,3,0.33750003948807716,0.0016208614746525088,0.871875,0.871875,0.0038273277230987156,0.0038273277230987156,0.0,0.0,0.0,0.0,59,0,14779,True,8,1
782,37.39960510222866,40.371875,3,0.33682659864425657,0.0037600022353478217,0.87109375,0.87109375,0.00427908248050911,0.00427908248050911,0.0,0.0,0.0,0.0,59,0,14779,True,8,1
783,37.00675788000644,39.98125,3,0.3399744465947151,0.003538490441630516,0.8671875,0.8671875,0.006536406457297465,0.006536406457297465,0.0,0.0,0.0,0.0,59,0,14783,True,8,1
784,37.63326311515019,40.60625,3,0.34029315039515495,0.003911723303684802,0.8734375,0.8734375,0.005846339666834283,0.005846339666834283,0.0,0.0,0.0,0.0,59,0,14781,True,8,1
785,37.399750688249604,40.371875,3,0.3392005927860737,0.001387731009897325,0.87109375,0.87109375,0.0024705294220065464,0.0024705294220065464,0.0,0.0,0.0,0.0,59,0,14777,True,8,1
786,38.10161899111756,41.07500000000001,3,0.3393944434821606,0.0022391871462373687,0.878125,0.878125,0.0029231698334171415,0.0029231698334171415,0.0,0.0,0.0,0.0,59,0,14781,True,8,1
787,37.47952650941429,40.45,3,0.3377481512725353,0.0017891371953472673,0.871875,0.871875,0.0038273277230987156,0.0038273277230987156,0.0,0.0,0.0,0.0,59,0,14773,True,8,1
788,37.243917786384166,40.215625,3,0.3404254406690598,0.0023804568951145046,0.86953125,0.86953125,0.003983608994994363,0.003983608994994363,0.0,0.0,0.0,0.0,59,0,14775,True,9,1
789,37.71290858298646,40.68437500000001,3,0.34105125814676285,0.004110581387289023,0.87421875,0.87421875,0.003827327723098716,0.003827327723098716,0.0,0.0,0.0,0.0,59,0,14775,True,9,1
790,37.4766062492779,40.45,3,0.33894718661904333,0.002007819570440488,0.871875,0.871875,0.004555431167847891,0.004555431167847891,0.0,0.0,0.0,0.0,59,0,14779,True,9,1
791,37.40129086114561,40.371875,3,0.3383455634117126,0.002353894799357868,0.87109375,0.87109375,0.0034938562148434213,0.0034938562148434213,0.0,0.0,0.0,0.0,59,0,14775,True,9,1
792,37.086651885854394,40.059375,3,0.3423992909491062,0.003562132619762564,0.86796875,0.86796875,0.008341467384399462,0.008341467384399462,0.0,0.0,0.0,0.0,59,0,14779,True,9,1
793,37.47771736038901,40.45,3,0.3415422156453133,0.0031404094584892733,0.871875,0.871875,0.0038273277230987156,0.0038273277230987156,0.0,0.0,0.0,0.0,59,0,14777,True,9,1
794,-3.0185460953761156,-0.046874999999990674,1,0.3394747994840145,0.003942174675810298,0.86640625,0.86640625,0.004555431167847891,0.004555431167847891,0.0,0.0,0.0,0.0,59,0,14777,True,9,1
795,37.63347400083741,40.60625,3,0.3395466223359108,0.00381148638897354,0.8734375,0.8734375,0.003983608994994363,0.003983608994994363,0.0,0.0,0.0,0.0,59,0,14777,True,9,1
796,37.244158582986444,40.215625,3,0.3412366971373558,0.0028452260198851428,0.86953125,0.86953125,0.003983608994994363,0.003983608994994363,0.0,0.0,0.0,0.0,59,0,14775,True,9,1
797,37.634684347467484,40.60625,3,0.33981853127479555,0.0006998495216480214,0.8734375,0.8734375,0.003983608994994363,0.003983608994994363,0.0,0.0,0.0,0.0,59,0,14775,True,9,1
798,37.244005584210434,40.215625,3,0.34054873287677767,0.0022988573917243262,0.86953125,0.86953125,0.003983608994994363,0.003983608994994363,0.0,0.0,0.0,0.0,59,0,14777,True,9,1
799,37.4016652801185,40.371875,3,0.33959379568696024,0.0014805265935207538,0.87109375,0.87109375,0.0024705294220065464,0.0024705294220065464,0.0,0.0,0.0,0.0,59,0,14771,True,9,1
800,37.480061014042796,40.45,3,0.3407321497797966,0.00291129644193762,0.871875,0.871875,0.005740991584648074,0.005740991584648074,0.0,0.0,0.0,0.0,59,0,14771,True,9,1
801,37.761351972624965,40.728125000000006,3,0.3394532330334187,0.0009944252070421583,0.87265625,0.87265625,0.003983608994994363,0.003983608994994363,0.0,0.0,0.0,0.0,59,0,14765,True,9,1
802,37.47956144716655,40.45,3,0.34004775509238244,0.002617230574865902,0.871875,0.871875,0.002923169833417142,0.002923169833417142,0.0,0.0,0.0,0.0,59,0,14773,True,9,1
803,37.32156659590798,40.29375000000001,3,0.3412542499601841,0.0015627874145416323,0.8703125,0.8703125,0.005182226234930313,0.005182226234930313,0.0,0.0,0.0,0.0,59,0,14777,True,9,1
804,37.55659949064482,40.52812500000001,3,0.3420904099941254,0.0031920538397126135,0.87265625,0.87265625,0.0019136638615493578,0.0019136638615493578,0.0,0.0,0.0,0.0,59,0,14775,True,9,1
805,37.868441595907974,40.840625,3,0.3401129275560379,0.0025110052360649395,0.87578125,0.87578125,0.002923169833417142,0.002923169833417142,0.0,0.0,0.0,0.0,59,0,14777,True,9,1
806,38.04087525512585,41.0125,3,0.3393088288605213,0.0014387006120166628,0.875,0.875,0.0024705294220065464,0.0024705294220065464,0.0,0.0,0.0,0.0,59,0,14775,True,9,1
807,37.47964469409756,40.45,3,0.33807079643011095,0.0023960939002459552,0.871875,0.871875,0.002923169833417142,0.002923169833417142,0.0,0.0,0.0,0.0,59,0,14773,True,9,1
808,37.7908047500345,40.7625,3,0.3365086130797863,0.002319946207821407,0.875,0.875,0.0024705294220065464,0.0024705294220065464,0.0,0.0,0.0,0.0,59,0,14777,True,9,1
809,37.32207890462388,40.29375000000001,3,0.3408790871500969,0.0031669360693745074,0.8703125,0.8703125,0.004555431167847891,0.004555431167847891,0.0,0.0,0.0,0.0,59,0,14777,True,9,1
810,37.16702130398923,40.13750000000001,3,0.3381443746387959,0.0022749434679797953,0.86875,0.86875,0.003983608994994363,0.003983608994994363,0.0,0.0,0.0,0.0,59,0,14773,True,9,1
811,37.478351878725796,40.45,3,0.3384373165667057,0.005128702083909644,0.871875,0.871875,0.0015625,0.0015625,0.0,0.0,0.0,0.0,59,0,14775,True,9,1
812,37.555901452730645,40.52812500000001,3,0.34107878655195234,0.0034409264400184986,0.87265625,0.87265625,0.003125,0.003125,0.0,0.0,0.0,0.0,59,0,14777,True,9,1
813,37.55645390462388,40.52812500000001,3,0.3386224962770939,0.0032551162699709876,0.87265625,0.87265625,0.0019136638615493578,0.0019136638615493578,0.0,0.0,0.0,0.0,59,0,14777,True,9,1
814,37.08770390462387,40.059375,3,0.339993380010128,0.003868070434381372,0.86796875,0.86796875,0.003827327723098716,0.003827327723098716,0.0,0.0,0.0,0.0,59,0,14777,True,9,1
815,37.47832890462387,40.45,3,0.33974405452609063,0.0023975570140700865,0.871875,0.871875,0.0015625,0.0015625,0.0,0.0,0.0,0.0,59,0,14777,True,9,1
816,37.32096779351277,40.29375000000001,3,0.3422739714384079,0.0022903933948095305,0.8703125,0.8703125,0.005182226234930313,0.005182226234930313,0.0,0.0,0.0,0.0,59,0,14779,True,9,1
817,37.476020188722345,40.45,3,0.3385278403759003,0.001793356199120872,0.871875,0.871875,0.002923169833417142,0.002923169833417142,0.0,0.0,0.0,0.0,59,0,14783,True,9,1
818,37.39918669994714,40.371875,3,0.3395004913210869,0.0030216248809183835,0.87109375,0.87109375,0.0,0.0,0.0,0.0,0.0,0.0,59,0,14777,True,9,1
819,37.400621039973956,40.36875000000001,3,0.3400679714977741,0.0027401703605290737,0.8703125,0.8703125,0.002923169833417142,0.002923169833417142,0.0,0.0,0.0,0.0,59,0,14769,True,9,1
820,37.400309347467484,40.371875,3,0.34149614721536636,0.0027188993365795644,0.87109375,0.87109375,0.00427908248050911,0.00427908248050911,0.0,0.0,0.0,0.0,59,0,14775,True,9,1
821,37.24400025512585,40.215625,3,0.3392589047551155,0.0021464613625597367,0.86953125,0.86953125,0.0019136638615493578,0.0019136638615493578,0.0,0.0,0.0,0.0,59,0,14775,True,9,1
822,37.16603358298646,40.13750000000001,3,0.33830011188983916,0.004715521379843402,0.86875,0.86875,0.0019136638615493578,0.0019136638615493578,0.0,0.0,0.0,0.0,59,0,14775,True,9,1
823,37.78860668240165,40.7625,3,0.3383555881679058,0.00335922497846093,0.875,0.875,0.004941058844013093,0.004941058844013093,0.0,0.0,0.0,0.0,59,0,14781,True,9,1
824,37.52221779351276,40.495,3,0.33998472020030024,0.0034155734572417036,0.871875,0.871875,0.0029231698334171415,0.0029231698334171415,0.0,0.0,0.0,0.0,59,0,14779,True,9,1
825,37.2427435579938,40.215625,3,0.34029513970017433,0.0020878643030249225,0.86953125,0.86953125,0.0046875,0.0046875,0.0,0.0,0.0,0.0,59,0,14779,True,9,1
826,37.71391229257719,40.68437500000001,3,0.33957226276397706,0.0032474528973109344,0.87421875,0.87421875,0.004555431167847891,0.004555431167847891,0.0,0.0,0.0,0.0,59,0,14773,True,9,1
827,37.47903315825583,40.45,3,0.3421544685959816,0.0026858298592654017,0.871875,0.871875,0.0038273277230987156,0.0038273277230987156,0.0,0.0,0.0,0.0,59,0,14775,True,9,1
828,37.322736799360726,40.29375000000001,3,0.3394991159439087,0.00356646961733323,0.8703125,0.8703125,0.005182226234930313,0.005182226234930313,0.0,0.0,0.0,0.0,59,0,14775,True,9,1
829,37.633896855297664,40.60625,3,0.3400609791278839,0.003785886593825682,0.8734375,0.8734375,0.003125,0.003125,0.0,0.0,0.0,0.0,59,0,14779,True,9,1
830,37.320943638923396,40.29375000000001,3,0.3386246539652348,0.0023644215149052445,0.8703125,0.8703125,0.005740991584648074,0.005740991584648074,0.0,0.0,0.0,0.0,59,0,14779,True,9,1
831,37.32282329304003,40.29375000000001,3,0.3383839800953865,0.002877097053487803,0.8703125,0.8703125,0.0015625,0.0015625,0.0,0.0,0.0,0.0,59,0,14773,True,9,1
832,37.24458764477134,40.215625,3,0.3410902537405491,0.0014979708750496523,0.86953125,0.86953125,0.006346905003621844,0.006346905003621844,0.0,0.0,0.0,0.0,59,0,14775,True,9,1
833,37.55600068824961,40.52812500000001,3,0.34023501351475716,0.0016097447989729856,0.87265625,0.87265625,0.0046875,0.0046875,0.0,0.0,0.0,0.0,59,0,14777,True,9,1
834,37.36707890462388,40.33875000000001,3,0.34206753224134445,0.0031522665018041546,0.8703125,0.8703125,0.0029231698334171415,0.0029231698334171415,0.0,0.0,0.0,0.0,59,0,14777,True,9,1
835,37.32156659590798,40.29375000000001,3,0.3387650467455387,0.006526315469514414,0.8703125,0.8703125,0.006720566614877052,0.006720566614877052,0.0,0.0,0.0,0.0,59,0,14777,True,9,1
836,38.02333566325696,40.996875,3,0.3393463559448719,0.001825998305936873,0.87734375,0.87734375,0.0019136638615493578,0.0019136638615493578,0.0,0.0,0.0,0.0,59,0,14781,True,9,1
837,37.32427697225673,40.29375000000001,3,0.3384623728692532,0.0018465744003312021,0.8703125,0.8703125,0.0038273277230987156,0.0038273277230987156,0.0,0.0,0.0,0.0,59,0,14773,True,9,1
838,37.793026972256726,40.7625,3,0.33918729424476624,0.003238186563166646,0.875,0.875,0.0034938562148434213,0.0034938562148434213,0.0,0.0,0.0,0.0,59,0,14773,True,9,1
839,37.40020390462387,40.371875,3,0.340089450776577,0.002747454393633559,0.87109375,0.87109375,0.0024705294220065464,0.0024705294220065464,0.0,0.0,0.0,0.0,59,0,14777,True,9,1
840,37.558274590058396,40.52812500000001,3,0.338783448189497,0.003717655301525572,0.87265625,0.87265625,0.006346905003621844,0.006346905003621844,0.0,0.0,0.0,0.0,59,0,14773,True,9,1
841,37.24391782359967,40.212500000000006,3,0.34080530107021334,0.0030510060222470894,0.86875,0.86875,0.005298695299316616,0.005298695299316616,0.0,0.0,0.0,0.0,59,0,14769,True,9,1
842,37.79148679936072,40.7625,3,0.33957046270370483,0.0021889083501628348,0.875,0.875,0.0024705294220065464,0.0024705294220065464,0.0,0.0,0.0,0.0,59,0,14775,True,9,1
843,37.477781781815224,40.45,3,0.3413191147148609,0.0025874297812842196,0.871875,0.871875,0.004555431167847891,0.004555431167847891,0.0,0.0,0.0,0.0,59,0,14779,True,9,1
844,37.47610668240165,40.45,3,0.337477745860815,0.0009896905194620017,0.871875,0.871875,0.003827327723098716,0.003827327723098716,0.0,0.0,0.0,0.0,59,0,14781,True,9,1
845,37.24395390462387,40.215625,3,0.3404159374535084,0.001932826521781465,0.86953125,0.86953125,0.0046875,0.0046875,0.0,0.0,0.0,0.0,59,0,14777,True,9,1
846,37.32162568824961,40.29375000000001,3,0.34024824649095536,0.0029402173296833693,0.8703125,0.8703125,0.003827327723098716,0.003827327723098716,0.0,0.0,0.0,0.0,59,0,14777,True,9,1
847,37.557058914343735,40.52812500000001,3,0.3376770555973053,0.0010604491249108555,0.87265625,0.87265625,0.003983608994994363,0.003983608994994363,0.0,0.0,0.0,0.0,59,0,14773,True,9,1
848,37.08901228134249,40.059375,3,0.3401550352573395,0.0013692800726842343,0.86796875,0.86796875,0.0038273277230987156,0.0038273277230987156,0.0,0.0,0.0,0.0,59,0,14773,True,9,1
849,37.478939243428314,40.45,3,0.33902941197156905,0.004870278407930369,0.871875,0.871875,0.0038273277230987156,0.0038273277230987156,0.0,0.0,0.0,0.0,59,0,14775,True,9,1
850,37.24218489877592,40.215625,3,0.3409865953028202,0.0031507215451588534,0.86953125,0.86953125,0.0019136638615493578,0.0019136638615493578,0.0,0.0,0.0,0.0,59,0,14781,True,9,1
851,37.24389481228224,40.215625,3,0.33960467129945754,0.003082758641244629,0.86953125,0.86953125,0.003125,0.003125,0.0,0.0,0.0,0.0,59,0,14777,True,9,1
852,37.46700934033888,40.43750000000001,3,0.3387980222702026,0.0017792466939383718,0.86875,0.86875,0.003125,0.003125,0.0,0.0,0.0,0.0,59,0,14771,True,9,1
853,37.39843489877592,40.371875,3,0.33952847868204117,0.0031681723493714423,0.87109375,0.87109375,0.0034938562148434213,0.0034938562148434213,0.0,0.0,0.0,0.0,59,0,14781,True,9,1
854,37.32269457251291,40.29375000000001,3,0.33823088780045507,0.00355501056606867,0.8703125,0.8703125,0.004555431167847891,0.004555431167847891,0.0,0.0,0.0,0.0,59,0,14777,True,9,1
855,37.24582626964495,40.215625,3,0.34301474764943124,0.0024390733422173945,0.86953125,0.86953125,0.0046875,0.0046875,0.0,0.0,0.0,0.0,59,0,14773,True,9,1
856,37.623200247997254,40.59375000000001,3,0.33786391243338587,0.0031067517518994932,0.8703125,0.8703125,0.005740991584648074,0.005740991584648074,0.0,0.0,0.0,0.0,59,0,14771,True,9,1
857,37.63729697725055,40.60625,3,0.3388357818126678,0.0025792048558068693,0.8734375,0.8734375,0.005298695299316616,0.005298695299316616,0.0,0.0,0.0,0.0,59,0,14767,True,9,1
858,37.789118991117554,40.7625,3,0.33746137022972106,0.0022867807979654923,0.875,0.875,0.0024705294220065464,0.0024705294220065464,0.0,0.0,0.0,0.0,59,0,14781,True,9,1
859,37.557099057521064,40.52812500000001,3,0.3397435389459133,0.001819964427140262,0.87265625,0.87265625,0.003983608994994363,0.003983608994994363,0.0,0.0,0.0,0.0,59,0,14773,True,9,1
860,37.40085647027613,40.371875,3,0.3416086077690125,0.003761260435191421,0.87109375,0.87109375,0.0034938562148434213,0.0034938562148434213,0.0,0.0,0.0,0.0,59,0,14773,True,9,1
861,37.868500688249604,40.840625,3,0.33871939927339556,0.0017299539110639502,0.87578125,0.87578125,0.00625,0.00625,0.0,0.0,0.0,0.0,59,0,14777,True,9,1
862,37.87017045857859,40.840625,3,0.33822612166404725,0.002355517875108511,0.87578125,0.87578125,0.004555431167847891,0.004555431167847891,0.0,0.0,0.0,0.0,59,0,14773,True,9,1
863,37.399750688249604,40.371875,3,0.341673631221056,0.0015832506269165489,0.87109375,0.87109375,0.005524271728019903,0.005524271728019903,0.0,0.0,0.0,0.0,59,0,14777,True,9,1
864,37.867842793512764,40.840625,3,0.33732647597789767,0.002917525836234378,0.87578125,0.87578125,0.004555431167847891,0.004555431167847891,0.0,0.0,0.0,0.0,59,0,14779,True,9,1
865,37.39967886246146,40.371875,3,0.33966250643134116,0.0028966870636266007,0.87109375,0.87109375,0.0024705294220065464,0.0024705294220065464,0.0,0.0,0.0,0.0,59,0,14777,True,9,1
866,37.32228358298646,40.29375000000001,3,0.3425584606826305,0.0027441038834729457,0.8703125,0.8703125,0.0029231698334171415,0.0029231698334171415,0.0,0.0,0.0,0.0,59,0,14775,True,9,1
867,37.47655989877592,40.45,3,0.3405247040092945,0.003176752417999309,0.871875,0.871875,0.004555431167847891,0.004555431167847891,0.0,0.0,0.0,0.0,59,0,14781,True,9,1
868,37.71230236783617,40.68437500000001,3,0.3397449150681496,0.0014342256101675332,0.87421875,0.87421875,0.0015625,0.0015625,0.0,0.0,0.0,0.0,59,0,14777,True,9,1
869,37.444092793512766,40.416875000000005,3,0.34003016650676726,0.0034278508454807497,0.87109375,0.87109375,0.004941058844013093,0.004941058844013093,0.0,0.0,0.0,0.0,59,0,14779,True,9,1
870,37.63521264477134,40.60625,3,0.3364796429872513,0.00544998669949753,0.8734375,0.8734375,0.005298695299316616,0.005298695299316616,0.0,0.0,0.0,0.0,59,0,14775,True,9,1
871,37.55645390462388,40.52812500000001,3,0.33925385400652885,0.004408034595279205,0.87265625,0.87265625,0.0046875,0.0046875,0.0,0.0,0.0,0.0,59,0,14777,True,9,1
872,37.398493991117554,40.371875,3,0.342927036434412,0.003399383628017286,0.87109375,0.87109375,0.00427908248050911,0.00427908248050911,0.0,0.0,0.0,0.0,59,0,14781,True,9,1
873,37.1322506882496,40.104375,3,0.33863537311553954,0.002966563093339845,0.86796875,0.86796875,0.00625,0.00625,0.0,0.0,0.0,0.0,59,0,14777,True,9,1
874,37.63544147772329,40.60625,3,0.3396528080105782,0.0019243116360472838,0.8734375,0.8734375,0.005298695299316616,0.005298695299316616,0.0,0.0,0.0,0.0,59,0,14773,True,9,1
875,37.55815652903465,40.52812500000001,3,0.338877422362566,0.0024114647095686316,0.87265625,0.87265625,0.0046875,0.0046875,0.0,0.0,0.0,0.0,59,0,14775,True,9,1
876,37.32271264477135,40.29375000000001,3,0.3416121169924736,0.0028450720082511686,0.8703125,0.8703125,0.004555431167847891,0.004555431167847891,0.0,0.0,0.0,0.0,59,0,14775,True,9,1
877,37.32201981228225,40.29375000000001,3,0.33886932879686354,0.0030892392394318508,0.8703125,0.8703125,0.006720566614877052,0.006720566614877052,0.0,0.0,0.0,0.0,59,0,14777,True,9,1
878,37.40031467655207,40.371875,3,0.3394231669604778,0.0016701643789630138,0.87109375,0.87109375,0.00427908248050911,0.00427908248050911,0.0,0.0,0.0,0.0,59,0,14777,True,9,1
879,37.79087525512585,40.7625,3,0.33703263103961945,0.003923528461420535,0.875,0.875,0.00427908248050911,0.00427908248050911,0.0,0.0,0.0,0.0,59,0,14775,True,10,1
880,37.94767770701909,40.91875000000001,3,0.34079491496086123,0.002261889211592866,0.8765625,0.8765625,0.003125,0.003125,0.0,0.0,0.0,0.0,59,0,14775,True,10,1
881,37.634066595907974,40.60625,3,0.3407417230308056,0.002045352672713472,0.8734375,0.8734375,0.003983608994994363,0.003983608994994363,0.0,0.0,0.0,0.0,59,0,14777,True,10,1
882,37.32572027549291,40.29375000000001,3,0.34276173189282416,0.0015915945416296803,0.8703125,0.8703125,0.00625,0.00625,0.0,0.0,0.0,0.0,59,0,14769,True,10,1
883,37.47832890462387,40.45,3,0.34071248546242716,0.0022672316487244858,0.871875,0.871875,0.0015625,0.0015625,0.0,0.0,0.0,0.0,59,0,14777,True,10,1
884,37.558222910471834,40.52812500000001,3,0.33644947558641436,0.0030500839610695363,0.87265625,0.87265625,0.003983608994994363,0.003983608994994363,0.0,0.0,0.0,0.0,59,0,14773,True,10,1
885,37.63515355242971,40.60625,3,0.33943226411938665,0.003873507311787626,0.8734375,0.8734375,0.0019136638615493578,0.0019136638615493578,0.0,0.0,0.0,0.0,59,0,14775,True,10,1
886,37.79138756384175,40.7625,3,0.3397646024823189,0.0040375842645721215,0.875,0.875,0.0034938562148434213,0.0034938562148434213,0.0,0.0,0.0,0.0,59,0,14775,True,10,1
887,37.714448755882465,40.68437500000001,3,0.3371885783970356,0.002290120075043233,0.87421875,0.87421875,0.005182226234930313,0.005182226234930313,0.0,0.0,0.0,0.0,59,0,14773,True,10,1
888,37.32030989877593,40.29375000000001,3,0.339924581348896,0.0015188693650859289,0.8703125,0.8703125,0.0015625,0.0015625,0.0,0.0,0.0,0.0,59,0,14781,True,10,1
889,38.042789846994744,41.0125,3,0.33817665055394175,0.0013869807719880459,0.875,0.875,0.0034938562148434213,0.0034938562148434213,0.0,0.0,0.0,0.0,59,0,14769,True,10,1
890,37.55534279351277,40.52812500000001,3,0.3400213949382305,0.002250524236012739,0.87265625,0.87265625,0.003983608994994363,0.003983608994994363,0.0,0.0,0.0,0.0,59,0,14779,True,10,1
891,37.40421524493617,40.371875,3,0.3393977351486683,0.002190092300051967,0.87109375,0.87109375,0.006987712429686843,0.006987712429686843,0.0,0.0,0.0,0.0,59,0,14769,True,10,1
892,37.47941413815067,40.45,3,0.3327984169125557,0.007230306290086821,0.871875,0.871875,0.0045554311678478905,0.0045554311678478905,0.0,0.0,0.0,0.0,59,0,14771,True,10,1
893,37.244564243428314,40.215625,3,0.34016788825392724,0.002994550254485871,0.86953125,0.86953125,0.003983608994994363,0.003983608994994363,0.0,0.0,0.0,0.0,59,0,14775,True,10,1
894,37.63523679936072,40.60625,3,0.3374420590698719,0.004841831903818667,0.8734375,0.8734375,0.005298695299316616,0.005298695299316616,0.0,0.0,0.0,0.0,59,0,14775,True,10,1
895,37.86668000281509,40.840625,3,0.33885147199034693,0.0016122383098211227,0.87578125,0.87578125,0.0045554311678478905,0.0045554311678478905,0.0,0.0,0.0,0.0,59,0,14781,True,10,1
896,37.399750688249604,40.371875,3,0.33698662370443344,0.0024456932710017216,0.87109375,0.87109375,0.004941058844013093,0.004941058844013093,0.0,0.0,0.0,0.0,59,0,14777,True,10,1
897,37.71159279351277,40.68437500000001,3,0.3413000084459782,0.002165934959490895,0.87421875,0.87421875,0.004555431167847891,0.004555431167847891,0.0,0.0,0.0,0.0,59,0,14779,True,10,1
898,37.16360668240166,40.13750000000001,3,0.3378477178514004,0.003123664609701154,0.86875,0.86875,0.005298695299316616,0.005298695299316616,0.0,0.0,0.0,0.0,59,0,14781,True,10,1
899,37.48145796677701,40.45,3,0.3425265349447727,0.0035566402039976515,0.871875,0.871875,0.003827327723098716,0.003827327723098716,0.0,0.0,0.0,0.0,59,0,14769,True,10,1
900,38.02649553950819,40.996875,3,0.3364013560116291,0.0020716970323117517,0.87734375,0.87734375,0.003125,0.003125,0.0,0.0,0.0,0.0,59,0,14773,True,10,1
901,37.79081089585812,40.75937500000001,3,0.34061681255698206,0.0035407100189723036,0.87421875,0.87421875,0.004555431167847891,0.004555431167847891,0.0,0.0,0.0,0.0,59,0,14767,True,10,1
902,37.32205475003451,40.29375000000001,3,0.3425287716090679,0.0018521274573751515,0.8703125,0.8703125,0.003827327723098716,0.003827327723098716,0.0,0.0,0.0,0.0,59,0,14777,True,10,1
903,37.168206165605795,40.13750000000001,3,0.3390063814818859,0.002305904408620217,0.86875,0.86875,0.0046875,0.0046875,0.0,0.0,0.0,0.0,59,0,14773,True,10,1
904,37.87129755827767,40.840625,3,0.3403129406273365,0.001794978718256801,0.87578125,0.87578125,0.0038273277230987156,0.0038273277230987156,0.0,0.0,0.0,0.0,59,0,14771,True,10,1
905,37.32288238538166,40.29375000000001,3,0.3397211223840714,0.0022381917687170102,0.8703125,0.8703125,0.002923169833417142,0.002923169833417142,0.0,0.0,0.0,0.0,59,0,14773,True,10,1
906,37.402030797383034,40.371875,3,0.339576306194067,0.002201701301985398,0.87109375,0.87109375,0.00427908248050911,0.00427908248050911,0.0,0.0,0.0,0.0,59,0,14771,True,10,1
907,37.478474490644814,40.45,3,0.3402727715671062,0.003675333110301362,0.871875,0.871875,0.003827327723098716,0.003827327723098716,0.0,0.0,0.0,0.0,59,0,14775,True,10,1
908,37.16537568824961,40.13750000000001,3,0.34163099601864816,0.001818283963168869,0.86875,0.86875,0.006346905003621844,0.006346905003621844,0.0,0.0,0.0,0.0,59,0,14777,True,10,1
909,37.48123121749554,40.45,3,0.33969473242759707,0.0016605897267016668,0.871875,0.871875,0.0038273277230987156,0.0038273277230987156,0.0,0.0,0.0,0.0,59,0,14769,True,10,1
910,37.24576717730332,40.215625,3,0.34138974994421006,0.002385286317369348,0.86953125,0.86953125,0.0019136638615493578,0.0019136638615493578,0.0,0.0,0.0,0.0,59,0,14773,True,10,1
911,37.634684347467484,40.60625,3,0.3398702472448349,0.00433665962029023,0.8734375,0.8734375,0.006810779599282302,0.006810779599282302,0.0,0.0,0.0,0.0,59,0,14775,True,10,1
912,37.47592089170235,40.446875000000006,3,0.33818670734763145,0.003119114624116668,0.87109375,0.87109375,0.0034938562148434213,0.0034938562148434213,0.0,0.0,0.0,0.0,59,0,14775,True,10,1
913,37.24612324182911,40.215625,3,0.33812849819660185,0.0036006946247509465,0.86953125,0.86953125,0.003125,0.003125,0.0,0.0,0.0,0.0,59,0,14771,True,10,1
914,37.326179699191826,40.29375000000001,3,0.34136676490306855,0.0039399947943985205,0.8703125,0.8703125,0.0029231698334171415,0.0029231698334171415,0.0,0.0,0.0,0.0,59,0,14767,True,10,1
915,37.63577130398922,40.60625,3,0.33951429203152655,0.004733502399856168,0.8734375,0.8734375,0.005298695299316616,0.005298695299316616,0.0,0.0,0.0,0.0,59,0,14773,True,10,1
916,37.054066595907976,40.026250000000005,3,0.341322111338377,0.002869341801279058,0.8671875,0.8671875,0.004941058844013093,0.004941058844013093,0.0,0.0,0.0,0.0,59,0,14777,True,10,1
917,37.16612007666576,40.13750000000001,3,0.3427968308329582,0.0020241431809281253,0.86875,0.86875,0.003983608994994363,0.003983608994994363,0.0,0.0,0.0,0.0,59,0,14773,True,10,1
918,37.71093489877593,40.68437500000001,3,0.337549751996994,0.003729446319545501,0.87421875,0.87421875,0.005182226234930313,0.005182226234930313,0.0,0.0,0.0,0.0,59,0,14781,True,10,1
919,37.24218489877592,40.215625,3,0.3390758581459522,0.0028895620535504822,0.86953125,0.86953125,0.0019136638615493578,0.0019136638615493578,0.0,0.0,0.0,0.0,59,0,14781,True,10,1
920,37.63402112364605,40.60625,3,0.33854723274707793,0.004359773745796789,0.8734375,0.8734375,0.0046875,0.0046875,0.0,0.0,0.0,0.0,59,0,14775,True,10,1
921,37.32402843424504,40.29375000000001,3,0.3432371661067009,0.004751851274784791,0.8703125,0.8703125,0.004555431167847891,0.004555431167847891,0.0,0.0,0.0,0.0,59,0,14771,True,10,1
922,37.637863928778465,40.60625,3,0.3415484562516212,0.0033745250338107547,0.8734375,0.8734375,0.003983608994994363,0.003983608994994363,0.0,0.0,0.0,0.0,59,0,14771,True,10,1
923,37.16924885529604,40.13750000000001,3,0.3402159035205841,0.002597839445814981,0.86875,0.86875,0.003125,0.003125,0.0,0.0,0.0,0.0,59,0,14771,True,10,1
924,37.09004755827767,40.059375,3,0.3376560710370541,0.002446107016922034,0.86796875,0.86796875,0.002923169833417142,0.002923169833417142,0.0,0.0,0.0,0.0,59,0,14771,True,10,1
925,37.477183796159046,40.446875000000006,3,0.34177483469247816,0.001276395009324719,0.87109375,0.87109375,0.005524271728019903,0.005524271728019903,0.0,0.0,0.0,0.0,59,0,14769,True,10,1
926,37.08947911779647,40.059375,3,0.3380831204354763,0.003994004606956992,0.86796875,0.86796875,0.0038273277230987156,0.0038273277230987156,0.0,0.0,0.0,0.0,59,0,14771,True,10,1
927,37.32218434746749,40.29375000000001,3,0.33939597085118295,0.00301050114895955,0.8703125,0.8703125,0.004555431167847891,0.004555431167847891,0.0,0.0,0.0,0.0,59,0,14775,True,10,1
928,37.7893437640378,40.75937500000001,3,0.3357071191072464,0.0047606225911213116,0.87421875,0.87421875,0.005182226234930313,0.005182226234930313,0.0,0.0,0.0,0.0,59,0,14769,True,10,1
929,37.55594159590798,40.52812500000001,3,0.3356354296207428,0.003589660866628686,0.87265625,0.87265625,0.0072450144496060175,0.0072450144496060175,0.0,0.0,0.0,0.0,59,0,14777,True,10,1
930,37.400663328322786,40.371875,3,0.34094769358634947,0.002131873727381685,0.87109375,0.87109375,0.0024705294220065464,0.0024705294220065464,0.0,0.0,0.0,0.0,59,0,14775,True,10,1
931,37.63231653922432,40.60625,3,0.33816821649670603,0.0025855323693060486,0.8734375,0.8734375,0.003983608994994363,0.003983608994994363,0.0,0.0,0.0,0.0,59,0,14781,True,10,1
932,37.3227831498627,40.29375000000001,3,0.34038015380501746,0.001345298148135318,0.8703125,0.8703125,0.002923169833417142,0.002923169833417142,0.0,0.0,0.0,0.0,59,0,14773,True,10,1
933,37.324651391229615,40.29375000000001,3,0.3412515975534916,0.0023948675344860064,0.8703125,0.8703125,0.005182226234930313,0.005182226234930313,0.0,0.0,0.0,0.0,59,0,14769,True,10,1
934,37.24517045857859,40.215625,3,0.3407994419336319,0.003093627340570416,0.86953125,0.86953125,0.003983608994994363,0.003983608994994363,0.0,0.0,0.0,0.0,59,0,14773,True,10,1
935,37.556516243713816,40.52812500000001,3,0.3395871721208096,0.002306378104561955,0.87265625,0.87265625,0.0019136638615493578,0.0019136638615493578,0.0,0.0,0.0,0.0,59,0,14775,True,10,1
936,37.71284949064482,40.68437500000001,3,0.3414654187858105,0.003012966717164308,0.87421875,0.87421875,0.0029231698334171415,0.0029231698334171415,0.0,0.0,0.0,0.0,59,0,14775,True,10,1
937,37.556500255125854,40.52812500000001,3,0.3412963777780533,0.002994489694377917,0.87265625,0.87265625,0.003983608994994363,0.003983608994994363,0.0,0.0,0.0,0.0,59,0,14775,True,10,1
938,37.16856147688524,40.13750000000001,3,0.33926952704787255,0.0036883227902317008,0.86875,0.86875,0.0019136638615493578,0.0019136638615493578,0.0,0.0,0.0,0.0,59,0,14771,True,10,1
939,37.48001466354082,40.45,3,0.3397521324455738,0.005301732380866206,0.871875,0.871875,0.0015625,0.0015625,0.0,0.0,0.0,0.0,59,0,14773,True,10,1
940,37.71284949064482,40.68437500000001,3,0.3405860267579556,0.0033181480357116766,0.87421875,0.87421875,0.0038273277230987156,0.0038273277230987156,0.0,0.0,0.0,0.0,59,0,14775,True,10,1
941,37.55707491132483,40.52812500000001,3,0.3397685274481773,0.0013842091700310443,0.87265625,0.87265625,0.005846339666834283,0.005846339666834283,0.0,0.0,0.0,0.0,59,0,14775,True,10,1
942,37.321159738428825,40.29375000000001,3,0.34024919345974924,0.005052511414322638,0.8703125,0.8703125,0.004555431167847891,0.004555431167847891,0.0,0.0,0.0,0.0,59,0,14777,True,10,1
943,37.63513756384175,40.60625,3,0.34005732983350756,0.0037112982997923732,0.8734375,0.8734375,0.0019136638615493578,0.0019136638615493578,0.0,0.0,0.0,0.0,59,0,14775,True,10,1
944,37.32516369994552,40.29375000000001,3,0.3424298256635666,0.0016303680307852477,0.8703125,0.8703125,0.005740991584648074,0.005740991584648074,0.0,0.0,0.0,0.0,59,0,14769,True,10,1
945,37.71225068824961,40.68437500000001,3,0.33609949722886084,0.0014946058600380594,0.87421875,0.87421875,0.004555431167847891,0.004555431167847891,0.0,0.0,0.0,0.0,59,0,14777,True,10,1
946,37.39913914401474,40.371875,3,0.3394703008234501,0.003006964341026817,0.87109375,0.87109375,0.0034938562148434213,0.0034938562148434213,0.0,0.0,0.0,0.0,59,0,14777,True,10,1
947,37.71159279351277,40.68437500000001,3,0.33777896836400034,0.0012429693831973714,0.87421875,0.87421875,0.004555431167847891,0.004555431167847891,0.0,0.0,0.0,0.0,59,0,14779,True,10,1
948,37.4777924413186,40.45,3,0.33949909210205076,0.0035336416510977618,0.871875,0.871875,0.002923169833417142,0.002923169833417142,0.0,0.0,0.0,0.0,59,0,14777,True,10,1
949,37.714448755882465,40.68437500000001,3,0.33801205456256866,0.003066215404536527,0.87421875,0.87421875,0.007574499777213015,0.007574499777213015,0.0,0.0,0.0,0.0,59,0,14773,True,10,1
950,38.024521855297664,40.996875,3,0.33808212727308273,0.0027831134621121418,0.87734375,0.87734375,0.003125,0.003125,0.0,0.0,0.0,0.0,59,0,14779,True,10,1
951,37.16719104459954,40.13750000000001,3,0.34160029888153076,0.004558607403261842,0.86875,0.86875,0.007654655446197431,0.007654655446197431,0.0,0.0,0.0,0.0,59,0,14771,True,10,1
952,37.40026299696551,40.371875,3,0.3414860837161541,0.0021116263681067,0.87109375,0.87109375,0.004941058844013093,0.004941058844013093,0.0,0.0,0.0,0.0,59,0,14777,True,10,1
953,37.868500688249604,40.840625,3,0.3364048846065998,0.0010782759606085698,0.87578125,0.87578125,0.002923169833417142,0.002923169833417142,0.0,0.0,0.0,0.0,59,0,14777,True,10,1
954,37.63340870117113,40.60625,3,0.34134676977992057,0.0032746261868271506,0.8734375,0.8734375,0.005298695299316616,0.005298695299316616,0.0,0.0,0.0,0.0,59,0,14779,True,10,1
955,37.39954600988703,40.371875,3,0.34034604877233504,0.003529026688072768,0.87109375,0.87109375,0.0034938562148434213,0.0034938562148434213,0.0,0.0,0.0,0.0,59,0,14779,True,10,1
956,37.4031222060835,40.371875,3,0.3416851915419102,0.0023381196525920312,0.87109375,0.87109375,0.0034938562148434213,0.0034938562148434213,0.0,0.0,0.0,0.0,59,0,14769,True,10,1
957,37.40080270701908,40.371875,3,0.33964567333459855,0.0015584749882535526,0.87109375,0.87109375,0.0024705294220065464,0.0024705294220065464,0.0,0.0,0.0,0.0,59,0,14775,True,10,1
958,37.55594159590798,40.52812500000001,3,0.3398670144379139,0.0017292272543709378,0.87265625,0.87265625,0.0019136638615493578,0.0019136638615493578,0.0,0.0,0.0,0.0,59,0,14777,True,10,1
959,37.400290398303184,40.371875,3,0.3385382406413555,0.004302013749787734,0.87109375,0.87109375,0.005524271728019903,0.005524271728019903,0.0,0.0,0.0,0.0,59,0,14775,True,10,1
960,37.633608058842256,40.60625,3,0.3398332245647907,0.0029923008920153754,0.8734375,0.8734375,0.003983608994994363,0.003983608994994363,0.0,0.0,0.0,0.0,59,0,14777,True,10,1
961,37.63745902158294,40.60625,3,0.33836232870817184,0.0032413809559411273,0.8734375,0.8734375,0.005846339666834283,0.005846339666834283,0.0,0.0,0.0,0.0,59,0,14771,True,10,1
962,37.55640095810585,40.525,3,0.33725679367780687,0.003412024009009619,0.871875,0.871875,0.0045554311678478905,0.0045554311678478905,0.0,0.0,0.0,0.0,59,0,14767,True,10,1
963,37.55725738538166,40.52812500000001,3,0.34253814443945885,0.0036366758605427844,0.87265625,0.87265625,0.0019136638615493578,0.0019136638615493578,0.0,0.0,0.0,0.0,59,0,14773,True,10,1
964,37.478533582986444,40.45,3,0.3412148833274841,0.0018482337571764304,0.871875,0.871875,0.0029231698334171415,0.0029231698334171415,0.0,0.0,0.0,0.0,59,0,14775,True,10,1
965,37.166520416416176,40.13750000000001,3,0.3429318442940712,0.005270138332480545,0.86875,0.86875,0.003983608994994363,0.003983608994994363,0.0,0.0,0.0,0.0,59,0,14773,True,10,1
966,37.24458764477134,40.215625,3,0.3407156080007553,0.0027511005359173047,0.86953125,0.86953125,0.003125,0.003125,0.0,0.0,0.0,0.0,59,0,14775,True,10,1
967,37.634665398303184,40.60625,3,0.3400756925344467,0.0029930251885823696,0.8734375,0.8734375,0.003983608994994363,0.003983608994994363,0.0,0.0,0.0,0.0,59,0,14775,True,10,1
968,37.087250688249604,40.059375,3,0.33983406573534014,0.0029450176144815645,0.86796875,0.86796875,0.005740991584648074,0.005740991584648074,0.0,0.0,0.0,0.0,59,0,14777,True,10,1
969,37.40251262052541,40.371875,3,0.34081929847598075,0.0027295400024076317,0.87109375,0.87109375,0.0034938562148434213,0.0034938562148434213,0.0,0.0,0.0,0.0,59,0,14771,True,10,1
970,37.635323293040024,40.60625,3,0.3375354528427124,0.003931230956320491,0.8734375,0.8734375,0.003983608994994363,0.003983608994994363,0.0,0.0,0.0,0.0,59,0,14773,True,11,1
971,37.40086179936072,40.371875,3,0.33923410475254057,0.0021938830246715094,0.87109375,0.87109375,0.00427908248050911,0.00427908248050911,0.0,0.0,0.0,0.0,59,0,14775,True,11,1
972,37.479363754317944,40.45,3,0.3366939164698124,0.0026608338540976125,0.871875,0.871875,0.0015625,0.0015625,0.0,0.0,0.0,0.0,59,0,14773,True,11,1
973,37.78715145273065,40.75937500000001,3,0.3383897252380848,0.002611783521775331,0.87421875,0.87421875,0.004555431167847891,0.004555431167847891,0.0,0.0,0.0,0.0,59,0,14777,True,11,1
974,37.870222138165154,40.840625,3,0.3384608827531338,0.003277561453840416,0.87578125,0.87578125,0.0015625,0.0015625,0.0,0.0,0.0,0.0,59,0,14773,True,11,1
975,37.32228358298646,40.29375000000001,3,0.3380996972322464,0.005225471786393819,0.8703125,0.8703125,0.0015625,0.0015625,0.0,0.0,0.0,0.0,59,0,14775,True,11,1
976,37.63581144716655,40.60625,3,0.33884202837944033,0.003306476787643194,0.8734375,0.8734375,0.0019136638615493578,0.0019136638615493578,0.0,0.0,0.0,0.0,59,0,14773,True,11,1
977,37.791608230792285,40.7625,3,0.3365206137299538,0.003304749362973154,0.875,0.875,0.006536406457297465,0.006536406457297465,0.0,0.0,0.0,0.0,59,0,14773,True,11,1
978,37.39746937368575,40.371875,3,0.33992975279688836,0.00395991250433229,0.87109375,0.87109375,0.0024705294220065464,0.0024705294220065464,0.0,0.0,0.0,0.0,59,0,14781,True,11,1
979,37.55940714383577,40.52812500000001,3,0.34152387380599974,0.002854479043744286,0.87265625,0.87265625,0.003983608994994363,0.003983608994994363,0.0,0.0,0.0,0.0,59,0,14769,True,11,1
980,38.17087470381741,41.140625,3,0.3375235103070736,0.005784240953057418,0.87578125,0.87578125,0.0029231698334171415,0.0029231698334171415,0.0,0.0,0.0,0.0,59,0,14769,True,11,1
981,37.478474490644814,40.45,3,0.34018879383802414,0.004147304527986298,0.871875,0.871875,0.004555431167847891,0.004555431167847891,0.0,0.0,0.0,0.0,59,0,14775,True,11,1
982,37.40073840925238,40.371875,3,0.34118416905403137,0.004459109705146259,0.87109375,0.87109375,0.00427908248050911,0.00427908248050911,0.0,0.0,0.0,0.0,59,0,14775,True,11,1
983,37.477217793512764,40.45,3,0.3386914201080799,0.003700899836819619,0.871875,0.871875,0.002923169833417142,0.002923169833417142,0.0,0.0,0.0,0.0,59,0,14779,True,11,1
984,37.08830270701908,40.059375,3,0.3394562602043152,0.0031387070067112176,0.86796875,0.86796875,0.0038273277230987156,0.0038273277230987156,0.0,0.0,0.0,0.0,59,0,14775,True,11,1
985,37.555901452730645,40.52812500000001,3,0.3404401570558548,0.002951448540379123,0.87265625,0.87265625,0.003983608994994363,0.003983608994994363,0.0,0.0,0.0,0.0,59,0,14777,True,11,1
986,37.323847910471834,40.29375000000001,3,0.3397937573492527,0.003595598134939843,0.8703125,0.8703125,0.002923169833417142,0.002923169833417142,0.0,0.0,0.0,0.0,59,0,14773,True,11,1
987,37.24400025512585,40.215625,3,0.3407957494258881,0.0022910502753639215,0.86953125,0.86953125,0.003125,0.003125,0.0,0.0,0.0,0.0,59,0,14775,True,11,1
988,37.32222449064482,40.29375000000001,3,0.34083055406808854,0.0016088797129030208,0.8703125,0.8703125,0.0015625,0.0015625,0.0,0.0,0.0,0.0,59,0,14775,True,11,1
989,37.478939243428314,40.45,3,0.3395670585334301,0.003005488295098975,0.871875,0.871875,0.0029231698334171415,0.0029231698334171415,0.0,0.0,0.0,0.0,59,0,14775,True,11,1
990,37.40061579733336,40.371875,3,0.3385142408311367,0.0030741399747042735,0.87109375,0.87109375,0.0034938562148434213,0.0034938562148434213,0.0,0.0,0.0,0.0,59,0,14775,True,11,1
991,37.245075256390386,40.215625,3,0.3427654817700386,0.0035029484603219625,0.86953125,0.86953125,0.005298695299316616,0.005298695299316616,0.0,0.0,0.0,0.0,59,0,14773,True,11,1
992,38.027630805208666,40.996875,3,0.3391884431242943,0.002693905103612499,0.87734375,0.87734375,0.005846339666834283,0.005846339666834283,0.0,0.0,0.0,0.0,59,0,14771,True,11,1
993,37.55824510638444,40.52812500000001,3,0.3391375869512558,0.0024149490861430085,0.87265625,0.87265625,0.003983608994994363,0.003983608994994363,0.0,0.0,0.0,0.0,59,0,14771,True,11,1
994,37.24642715571065,40.215625,3,0.33936481103301047,0.0017331269044428947,0.86953125,0.86953125,0.003125,0.003125,0.0,0.0,0.0,0.0,59,0,14769,True,11,1
995,37.40197291047183,40.371875,3,0.3399645984172821,0.0023952566693514563,0.87109375,0.87109375,0.00427908248050911,0.00427908248050911,0.0,0.0,0.0,0.0,59,0,14773,True,11,1
996,37.32228358298646,40.29375000000001,3,0.33892006799578667,0.003327790067160413,0.8703125,0.8703125,0.005182226234930313,0.005182226234930313,0.0,0.0,0.0,0.0,59,0,14775,True,11,1
997,37.39962729814127,40.371875,3,0.3422032117843628,0.0022462053790577867,0.87109375,0.87109375,0.0024705294220065464,0.0024705294220065464,0.0,0.0,0.0,0.0,59,0,14777,True,11,1
998,37.63295548479686,40.60625,3,0.34011637419462204,0.0032168478969559454,0.8734375,0.8734375,0.005298695299316616,0.005298695299316616,0.0,0.0,0.0,0.0,59,0,14779,True,11,1
999,37.243476533660235,40.215625,3,0.3406277038156986,0.0032347579741809507,0.86953125,0.86953125,0.007245014449606018,0.007245014449606018,0.0,0.0,0.0,0.0,59,0,14777,True,11,1
