episode,total_reward,terminal_reward,terminal_priority,terminal_loss_mean,terminal_loss_std,terminal_metric1_mean,valid_steps,invalid_steps,total_bits,safe_neighbor_active,safe_neighbor_mutation_count,safe_neighbor_radius
0,37.872578618255034,40.84536082474227,3,0.33974589183926585,0.002264311820390953,0.87265625,59,0,14779,False,0,0
1,37.97567140176019,40.948453608247426,3,0.33787881657481195,0.00355689301490914,0.87421875,59,0,14779,False,0,0
2,37.76948583474987,40.74226804123711,3,0.3389370582997799,0.0032737121443050976,0.87109375,59,0,14779,False,0,0
3,37.872578618255034,40.84536082474227,3,0.3405763730406761,0.0023431770034079698,0.87265625,59,0,14779,False,0,0
4,37.92412501000761,40.896907216494846,3,0.33815439194440844,0.0028861491066651465,0.8734375,59,0,14779,False,0,0
5,37.7179394429973,40.69072164948454,3,0.34079872295260427,0.0023301979645947565,0.8703125,59,0,14779,False,0,0
6,37.40866109248183,40.38144329896907,3,0.3403577610850334,0.0025706380373828742,0.865625,59,0,14779,False,0,0
7,37.66639305124472,40.63917525773196,3,0.34058795869350433,0.003964910735146445,0.86953125,59,0,14779,False,0,0
8,38.02721779351276,41.0,3,0.33596504777669906,0.002038012340332929,0.875,59,0,14779,False,0,0
9,37.76948583474987,40.74226804123711,3,0.3382770255208015,0.001830238666621742,0.87109375,59,0,14779,False,0,0
10,37.92412501000761,40.896907216494846,3,0.33823346346616745,0.002021092272835056,0.8734375,59,0,14779,False,0,0
11,37.92412501000761,40.896907216494846,3,0.3383145160973072,0.003512186043760633,0.8734375,59,0,14779,False,0,0
12,37.563300267739564,40.5360824742268,3,0.33976047337055204,0.003004791407731521,0.86796875,59,0,14779,False,0,0
13,38.130310577017916,41.103092783505154,3,0.34050488024950026,0.001246675612098594,0.8765625,59,0,14779,False,0,0
14,37.821032226502446,40.793814432989684,3,0.34316037520766257,0.0016578832827290433,0.871875,59,0,14779,False,0,0
15,37.7179394429973,40.69072164948454,3,0.3378728426992893,0.002788992189113154,0.8703125,59,0,14779,False,0,0
16,37.821032226502446,40.793814432989684,3,0.3401723362505436,0.003069180640651819,0.871875,59,0,14779,False,0,0
17,37.76948583474987,40.74226804123711,3,0.34039592891931536,0.0014369885123295275,0.87109375,59,0,14779,False,0,0
18,37.821032226502446,40.793814432989684,3,0.33866319358348845,0.0027069782328276843,0.871875,59,0,14779,False,0,0
19,38.078764185265335,41.051546391752574,3,0.33838308677077295,0.003935827304943448,0.87578125,59,0,14779,False,0,0
20,37.872578618255034,40.84536082474227,3,0.33953111097216604,0.0028252633094465523,0.87265625,59,0,14779,False,0,0
21,38.18185696877049,41.15463917525773,3,0.33896392285823823,0.004081786920473365,0.87734375,59,0,14779,False,0,0
22,37.76948583474987,40.74226804123711,3,0.34031505435705184,0.0040635409424126636,0.87109375,59,0,14779,False,0,0
23,37.872578618255034,40.84536082474227,3,0.33860319182276727,0.004246372146922544,0.87265625,59,0,14779,False,0,0
24,37.872578618255034,40.84536082474227,3,0.33778460174798963,0.0022068103349479635,0.87265625,59,0,14779,False,0,0
25,37.92412501000761,40.896907216494846,3,0.3422207958996296,0.0013152560132289387,0.8734375,59,0,14779,False,0,0
26,37.872578618255034,40.84536082474227,3,0.33836560845375063,0.0022161749109537963,0.87265625,59,0,14779,False,0,0
27,37.76948583474987,40.74226804123711,3,0.3408053800463676,0.0020302434447540393,0.87109375,59,0,14779,False,0,0
28,37.76948583474987,40.74226804123711,3,0.34041731208562853,0.00230587220330706,0.87109375,59,0,14779,False,0,0
29,37.821032226502446,40.793814432989684,3,0.3399467393755913,0.0037676272299915574,0.871875,59,0,14779,False,0,0
30,37.821032226502446,40.793814432989684,3,0.3421012684702873,0.00194329516535204,0.871875,59,0,14779,False,0,0
31,37.821032226502446,40.793814432989684,3,0.34109912142157556,0.001945113985849464,0.871875,59,0,14779,False,0,0
32,37.7179394429973,40.69072164948454,3,0.33711598068475723,0.001886384047811138,0.8703125,59,0,14779,False,0,0
33,37.821032226502446,40.793814432989684,3,0.34011384546756745,0.0027613025920051994,0.871875,59,0,14779,False,0,0
34,37.97567140176019,40.948453608247426,3,0.3408686213195324,0.00402341316968316,0.87421875,59,0,14779,False,0,0
35,37.76948583474987,40.74226804123711,3,0.33838012292981146,0.0022221961289931144,0.87109375,59,0,14779,False,0,0
36,37.7179394429973,40.69072164948454,3,0.3368237666785717,0.002860984697438363,0.8703125,59,0,14779,False,0,0
37,37.872578618255034,40.84536082474227,3,0.3376996234059334,0.001995637283215243,0.87265625,59,0,14779,False,0,0
38,37.51175387598699,40.48453608247423,3,0.340972313284874,0.0036314494916083804,0.8671875,59,0,14779,False,0,0
39,37.92412501000761,40.896907216494846,3,0.33910282254219054,0.00249533128531951,0.8734375,59,0,14779,False,0,0
40,37.76948583474987,40.74226804123711,3,0.3375720739364624,0.00409095330529311,0.87109375,59,0,14779,False,0,0
41,37.7179394429973,40.69072164948454,3,0.33987816125154496,0.0029936484560540862,0.8703125,59,0,14779,False,0,0
42,37.7179394429973,40.69072164948454,3,0.34189664795994756,0.0014528773987777834,0.8703125,59,0,14779,False,0,0
43,37.821032226502446,40.793814432989684,3,0.33851039707660674,0.0016010674955713837,0.871875,59,0,14779,False,0,0
44,37.92412501000761,40.896907216494846,3,0.3387411624193192,0.0016922886597805116,0.8734375,59,0,14779,False,0,0
45,37.97567140176019,40.948453608247426,3,0.33874023929238317,0.001995000923788247,0.87421875,59,0,14779,False,0,0
46,37.66639305124472,40.63917525773196,3,0.34087856113910675,0.003041604143215025,0.86953125,59,0,14779,False,0,0
47,37.66639305124472,40.63917525773196,3,0.34120918735861777,0.0020711810783543617,0.86953125,59,0,14779,False,0,0
48,37.872578618255034,40.84536082474227,3,0.3386355735361576,0.004208920228161504,0.87265625,59,0,14779,False,0,0
49,37.821032226502446,40.793814432989684,3,0.34026196897029876,0.0020293127058990165,0.871875,59,0,14779,False,0,0
50,37.821032226502446,40.793814432989684,3,0.34171041697263715,0.0016276146570883493,0.871875,59,0,14779,False,0,0
51,37.66639305124472,40.63917525773196,3,0.3403241135179996,0.003667746153540146,0.86953125,59,0,14779,False,0,0
52,37.76948583474987,40.74226804123711,3,0.3414912521839142,0.003232403461966952,0.87109375,59,0,14779,False,0,0
53,37.92412501000761,40.896907216494846,3,0.342364440113306,0.0012878238573985313,0.8734375,59,0,14779,False,0,0
54,37.76948583474987,40.74226804123711,3,0.33924912884831426,0.00200729416335138,0.87109375,59,0,14779,False,0,0
55,37.92412501000761,40.896907216494846,3,0.33791274651885034,0.0013201338698445053,0.8734375,59,0,14779,False,0,0
56,37.76948583474987,40.74226804123711,3,0.34280821308493614,0.0018411432781977625,0.87109375,59,0,14779,False,0,0
57,37.92412501000761,40.896907216494846,3,0.33870515301823617,0.0034161256253337105,0.8734375,59,0,14779,False,0,0
58,37.872578618255034,40.84536082474227,3,0.3396662652492523,0.0009897780808957512,0.87265625,59,0,14779,False,0,0
59,37.97567140176019,40.948453608247426,3,0.3418853148818016,0.003909484104682293,0.87421875,59,0,14779,False,0,0
60,37.614846659492144,40.58762886597938,3,0.34295783564448357,0.0033242506269321632,0.86875,59,0,14779,False,0,0
61,37.46020748423442,40.432989690721655,3,0.3409907393157482,0.002536594044176678,0.86640625,59,0,14779,False,0,0
62,37.92412501000761,40.896907216494846,3,0.33723506703972816,0.0017600503816543797,0.8734375,59,0,14779,False,0,0
63,37.76948583474987,40.74226804123711,3,0.34038811922073364,0.0026061112834601602,0.87109375,59,0,14779,False,0,0
64,37.7179394429973,40.69072164948454,3,0.33986649587750434,0.0020604538439755907,0.8703125,59,0,14779,False,0,0
65,37.872578618255034,40.84536082474227,3,0.338897430151701,0.003128194040290097,0.87265625,59,0,14779,False,0,0
66,37.7179394429973,40.69072164948454,3,0.3412829414010048,0.0024872902175386165,0.8703125,59,0,14779,False,0,0
67,37.76948583474987,40.74226804123711,3,0.3395570531487465,0.0022414694143097578,0.87109375,59,0,14779,False,0,0
68,37.66639305124472,40.63917525773196,3,0.34114031344652174,0.002456868117745245,0.86953125,59,0,14779,False,0,0
69,38.130310577017916,41.103092783505154,3,0.3393540993332863,0.003950589738143132,0.8765625,59,0,14779,False,0,0
70,38.18185696877049,41.15463917525773,3,0.34040401726961134,0.0010640346148361871,0.87734375,59,0,14779,False,0,0
71,37.92412501000761,40.896907216494846,3,0.3389719411730766,0.0036351019000744637,0.8734375,59,0,14779,False,0,0
72,37.76948583474987,40.74226804123711,3,0.3403493471443653,0.0015016869273459914,0.87109375,59,0,14779,False,0,0
73,37.76948583474987,40.74226804123711,3,0.33947885483503343,0.0032730313608742823,0.87109375,59,0,14779,False,0,0
74,37.7179394429973,40.69072164948454,3,0.34084412753582,0.0025045088358529918,0.8703125,59,0,14779,False,0,0
75,37.97567140176019,40.948453608247426,3,0.33823673278093336,0.0038339883947566787,0.87421875,59,0,14779,False,0,0
76,37.614846659492144,40.58762886597938,3,0.3400161288678646,0.00284038613446789,0.86875,59,0,14779,False,0,0
77,37.66639305124472,40.63917525773196,3,0.3396882824599743,0.002704154775846461,0.86953125,59,0,14779,False,0,0
78,38.02721779351276,41.0,3,0.3399302363395691,0.0025446762435197916,0.875,59,0,14779,False,0,0
79,37.97567140176019,40.948453608247426,3,0.3386928834021091,0.0032939576669992966,0.87421875,59,0,14779,False,0,0
80,37.563300267739564,40.5360824742268,3,0.3414145730435848,0.0038398517241370776,0.86796875,59,0,14779,False,0,0
81,37.66639305124472,40.63917525773196,3,0.33791799917817117,0.0012800814819761467,0.86953125,59,0,14779,False,0,0
82,37.66639305124472,40.63917525773196,3,0.3384063243865967,0.0029821032940589905,0.86953125,59,0,14779,False,0,0
83,37.7179394429973,40.69072164948454,3,0.3395126089453697,0.0022604660155456473,0.8703125,59,0,14779,False,0,0
84,37.614846659492144,40.58762886597938,3,0.3415959432721138,0.004367146827448717,0.86875,59,0,14779,False,0,0
85,37.76948583474987,40.74226804123711,3,0.34107432439923285,0.004019743879575965,0.87109375,59,0,14779,False,0,0
86,38.23340336052308,41.206185567010316,3,0.3396652102470398,0.002670269396687922,0.878125,59,0,14779,False,0,0
87,37.66639305124472,40.63917525773196,3,0.33948473781347277,0.002796671620771658,0.86953125,59,0,14779,False,0,0
88,37.76948583474987,40.74226804123711,3,0.34001762196421625,0.0036562909831294606,0.87109375,59,0,14779,False,0,0
89,37.97567140176019,40.948453608247426,3,0.339987525343895,0.0034938334180532184,0.87421875,59,0,14779,False,0,0
90,37.92412501000761,40.896907216494846,3,0.339016804844141,0.0025429542779123694,0.8734375,59,0,14779,False,0,0
91,37.821032226502446,40.793814432989684,3,0.34078542068600653,0.0020591510460294163,0.871875,59,0,14779,False,0,0
92,37.7179394429973,40.69072164948454,3,0.3399729333817959,0.0030329301998346142,0.8703125,59,0,14779,False,0,0
93,37.76948583474987,40.74226804123711,3,0.34022183045744897,0.0037378979027155217,0.87109375,59,0,14779,False,0,0
94,37.76948583474987,40.74226804123711,3,0.3416027672588825,0.0019650660388978755,0.87109375,59,0,14779,False,0,0
95,37.76948583474987,40.74226804123711,3,0.34156652688980105,0.003621061288449615,0.87109375,59,0,14779,False,0,0
96,37.614846659492144,40.58762886597938,3,0.33812777549028394,0.002131841746018082,0.86875,59,0,14779,False,0,0
97,37.821032226502446,40.793814432989684,3,0.34005868881940843,0.00133118022644166,0.871875,59,0,14779,False,0,0
98,37.563300267739564,40.5360824742268,3,0.34240481406450274,0.0031585213627985083,0.86796875,59,0,14779,False,0,0
99,38.078764185265335,41.051546391752574,3,0.3397591583430767,0.0021273672849302745,0.87578125,59,0,14779,False,0,0
100,37.821032226502446,40.793814432989684,3,0.3399915277957916,0.0032649730591455045,0.871875,59,0,14779,False,0,0
101,37.7179394429973,40.69072164948454,3,0.341827142983675,0.0012560170177815747,0.8703125,59,0,14779,False,0,0
102,38.078764185265335,41.051546391752574,3,0.3394035451114178,0.0032673421187328446,0.87578125,59,0,14779,False,0,0
103,38.02721779351276,41.0,3,0.3408045582473278,0.001888569068439591,0.875,59,0,14779,False,0,0
104,37.66639305124472,40.63917525773196,3,0.3398862272500992,0.001500677843964401,0.86953125,59,0,14779,False,0,0
105,37.66639305124472,40.63917525773196,3,0.34337957575917244,0.002276287973609433,0.86953125,59,0,14779,False,0,0
106,37.821032226502446,40.793814432989684,3,0.338796129077673,0.005375291989690751,0.871875,59,0,14779,False,0,0
107,38.02721779351276,41.0,3,0.3391359619796276,0.0017848337898952423,0.875,59,0,14779,False,0,0
108,37.76948583474987,40.74226804123711,3,0.3405917778611183,0.0031196709268777514,0.87109375,59,0,14779,False,0,0
109,37.66639305124472,40.63917525773196,3,0.34161796793341637,0.0021143373727676037,0.86953125,59,0,14779,False,0,0
110,37.97567140176019,40.948453608247426,3,0.3363851636648178,0.0012048880563705353,0.87421875,59,0,14779,False,0,0
111,37.7179394429973,40.69072164948454,3,0.3399932898581028,0.003318061861380993,0.8703125,59,0,14779,False,0,0
112,37.97567140176019,40.948453608247426,3,0.33725064620375633,0.0025153401003310226,0.87421875,59,0,14779,False,0,0
113,37.821032226502446,40.793814432989684,3,0.3398830249905586,0.0031544528438800304,0.871875,59,0,14779,False,0,0
114,37.872578618255034,40.84536082474227,3,0.339680390059948,0.0038038650339615415,0.87265625,59,0,14779,False,0,0
115,37.872578618255034,40.84536082474227,3,0.33939327895641325,0.0012073263811328882,0.87265625,59,0,14779,False,0,0
116,37.92412501000761,40.896907216494846,3,0.34102403149008753,0.0028695993539620337,0.8734375,59,0,14779,False,0,0
117,37.821032226502446,40.793814432989684,3,0.3389888845384121,0.002059551711330863,0.871875,59,0,14779,False,0,0
118,37.76948583474987,40.74226804123711,3,0.3424569308757782,0.003991650288653259,0.87109375,59,0,14779,False,0,0
119,37.51175387598699,40.48453608247423,3,0.3408273451030254,0.003525343065441879,0.8671875,59,0,14779,False,0,0
120,37.76948583474987,40.74226804123711,3,0.3414433240890503,0.0014191839357328932,0.87109375,59,0,14779,True,1,1
121,38.43681039615338,41.40893470790378,3,0.33912320956587794,0.0035160147277937684,0.87109375,59,0,14777,True,1,1
122,37.872578618255034,40.84536082474227,3,0.33612306192517283,0.004271915930389655,0.87265625,59,0,14779,True,1,1
123,37.821032226502446,40.793814432989684,3,0.33959582149982454,0.0022868267705824456,0.871875,59,0,14779,True,1,1
124,37.7179394429973,40.69072164948454,3,0.3415757596492767,0.0026558681624019734,0.8703125,59,0,14779,True,1,1
125,37.7179394429973,40.69072164948454,3,0.3399182565510273,0.0031745350286831735,0.8703125,59,0,14779,True,1,1
126,37.614846659492144,40.58762886597938,3,0.3405592903494835,0.005890582512217605,0.86875,59,0,14779,True,1,1
127,37.92412501000761,40.896907216494846,3,0.3414483979344368,0.0023671590011045485,0.8734375,59,0,14779,True,1,1
128,37.614846659492144,40.58762886597938,3,0.3402090214192867,0.002566890070474632,0.86875,59,0,14779,True,1,1
129,38.02721779351276,41.0,3,0.3375424489378929,0.0009555355051195234,0.875,59,0,14779,True,1,1
130,37.66639305124472,40.63917525773196,3,0.3403431251645088,0.0013175348484507862,0.86953125,59,0,14779,True,1,1
131,36.947068881714365,39.92096219931272,3,0.3417356848716736,0.0015747275790900244,0.86875,59,0,14781,True,1,1
132,37.7179394429973,40.69072164948454,3,0.3399566762149334,0.002496296109235293,0.8703125,59,0,14779,True,1,1
133,37.92977472752173,40.90255693400897,3,0.34052200987935066,0.0030156465520655516,0.8734375,59,0,14779,True,1,1
134,38.54040807561937,41.512027491408936,3,0.33937928453087807,0.002383406017878028,0.87265625,59,0,14777,True,1,1
135,37.872578618255034,40.84536082474227,3,0.3430117808282375,0.0012723740179647958,0.87265625,59,0,14779,True,1,1
136,37.872578618255034,40.84536082474227,3,0.3384513437747955,0.0026481845131886205,0.87265625,59,0,14779,True,1,1
137,37.821032226502446,40.793814432989684,3,0.34174257814884185,0.0030942908524925015,0.871875,59,0,14779,True,1,1
138,37.563300267739564,40.5360824742268,3,0.3394611984491348,0.0022012660302276627,0.86796875,59,0,14779,True,1,1
139,37.92412501000761,40.896907216494846,3,0.3408832661807537,0.001837767503103895,0.8734375,59,0,14779,True,1,1
140,37.821032226502446,40.793814432989684,3,0.3399190939962864,0.002609033573683345,0.871875,59,0,14779,True,1,1
141,39.155482878271535,42.12714776632302,3,0.33902900069952013,0.0018153960218838438,0.871875,59,0,14775,True,1,1
142,37.821032226502446,40.793814432989684,3,0.33873613327741625,0.0039416843327545895,0.871875,59,0,14779,True,1,1
143,37.821032226502446,40.793814432989684,3,0.33996166810393336,0.0034811442851254986,0.871875,59,0,14779,True,1,1
144,37.821032226502446,40.793814432989684,3,0.339360649138689,0.0026173256699831724,0.871875,59,0,14779,True,1,1
145,37.821032226502446,40.793814432989684,3,0.3397854909300804,0.003123365319822802,0.871875,59,0,14779,True,1,1
146,37.872578618255034,40.84536082474227,3,0.3392133183777332,0.0005967593007652916,0.87265625,59,0,14779,True,1,1
147,37.51175387598699,40.48453608247423,3,0.3400185309350491,0.0027775760904757696,0.8671875,59,0,14779,True,1,1
148,37.821032226502446,40.793814432989684,3,0.34192200377583504,0.0025674769627113602,0.871875,59,0,14779,True,1,1
149,37.67204276875884,40.64482497524608,3,0.3409036323428154,0.0018229785923304634,0.86953125,59,0,14779,True,1,1
150,37.97567140176019,40.948453608247426,3,0.3390290684998035,0.0021478989406633064,0.87421875,59,0,14779,True,1,1
151,37.76948583474987,40.74226804123711,3,0.3397578150033951,0.0026712821886981323,0.87109375,59,0,14779,True,1,1
152,37.7179394429973,40.69072164948454,3,0.3394650734961033,0.002941966456816541,0.8703125,59,0,14779,True,1,1
153,37.66639305124472,40.63917525773196,3,0.34165205210447314,0.0021977640584413165,0.86953125,59,0,14779,True,1,1
154,37.872578618255034,40.84536082474227,3,0.3403622396290302,0.0010717346953479949,0.87265625,59,0,14779,True,1,1
155,37.821032226502446,40.793814432989684,3,0.3410578042268753,0.005229113189954217,0.871875,59,0,14779,True,1,1
156,37.97567140176019,40.948453608247426,3,0.33814108520746233,0.0038276433863305764,0.87421875,59,0,14779,True,1,1
157,37.66639305124472,40.63917525773196,3,0.3357424922287464,0.0024233948900223854,0.86953125,59,0,14779,True,1,1
158,37.7179394429973,40.69072164948454,3,0.34087191000580785,0.002228131448318255,0.8703125,59,0,14779,True,1,1
159,37.872578618255034,40.84536082474227,3,0.33919004276394843,0.004805219078457245,0.87265625,59,0,14779,True,1,1
160,37.10170805697209,40.07560137457045,3,0.34017121270298956,0.003407595544095998,0.87109375,59,0,14781,True,1,1
161,37.614846659492144,40.58762886597938,3,0.34013277739286424,0.002823397570823495,0.86875,59,0,14779,True,1,1
162,37.66639305124472,40.63917525773196,3,0.33702991902828217,0.0026065441232357976,0.86953125,59,0,14779,True,1,1
163,37.92412501000761,40.896907216494846,3,0.33788892924785613,0.002598899533311285,0.8734375,59,0,14779,True,1,1
164,37.821032226502446,40.793814432989684,3,0.34231649786233903,0.00169968002877229,0.871875,59,0,14779,True,1,1
165,37.7179394429973,40.69072164948454,3,0.3407709412276745,0.0027120142947600198,0.8703125,59,0,14779,True,1,1
166,37.7179394429973,40.69072164948454,3,0.3388496123254299,0.0019044259282587253,0.8703125,59,0,14779,True,1,1
167,37.7179394429973,40.69072164948454,3,0.33946364670991896,0.0020488083217161204,0.8703125,59,0,14779,True,1,1
168,37.30784194439585,40.28178694158076,3,0.3391588628292084,0.0028443251412216286,0.87421875,59,0,14781,True,1,1
169,37.614846659492144,40.58762886597938,3,0.33975289314985274,0.0021096852081680926,0.86875,59,0,14779,True,1,1
170,37.872578618255034,40.84536082474227,3,0.33700817450881004,0.002767801791608293,0.87265625,59,0,14779,True,1,1
171,37.72358916051142,40.69637136699866,3,0.33834839314222337,0.0010022158727935797,0.8703125,59,0,14779,True,1,1
172,37.76948583474987,40.74226804123711,3,0.3405551746487617,0.002266994453523972,0.87109375,59,0,14779,True,1,1
173,37.821032226502446,40.793814432989684,3,0.3409294329583645,0.002609321266744212,0.871875,59,0,14779,True,1,1
174,37.76948583474987,40.74226804123711,3,0.3389348365366459,0.0036257231543381668,0.87109375,59,0,14779,True,1,1
175,38.33422250860905,41.30584192439862,3,0.3406123578548431,0.002408759779856526,0.86953125,59,0,14777,True,1,1
176,37.10170805697209,40.07560137457045,3,0.339988350123167,0.002319058165071913,0.87109375,59,0,14781,True,1,1
177,37.66639305124472,40.63917525773196,3,0.33861765190958976,0.002980861453281187,0.86953125,59,0,14779,True,1,1
178,38.28262443726992,41.25429553264605,3,0.3425424747169018,0.0028438306545722964,0.86875,59,0,14777,True,1,1
179,37.563300267739564,40.5360824742268,3,0.3402117282152176,0.002672287073064661,0.86796875,59,0,14779,True,1,1
180,38.12747295329629,41.09965635738832,3,0.3409528374671936,0.0036939814162205717,0.86640625,59,0,14777,True,1,1
181,37.7179394429973,40.69072164948454,3,0.34182734936475756,0.0018967997500529566,0.8703125,59,0,14779,True,1,1
182,38.206388142064554,41.1786941580756,3,0.33987077623605727,0.0016608490535981024,0.87265625,59,0,14777,True,1,1
183,38.02721779351276,41.0,3,0.3385951161384583,0.0026063658125771434,0.875,59,0,14779,True,1,1
184,37.66639305124472,40.63917525773196,3,0.34006683379411695,0.002090975372626393,0.86953125,59,0,14779,True,1,1
185,37.821032226502446,40.793814432989684,3,0.3413645550608635,0.004486871603436948,0.871875,59,0,14779,True,1,1
186,37.872578618255034,40.84536082474227,3,0.34065343588590624,0.0043971103694708195,0.87265625,59,0,14779,True,1,1
187,37.76948583474987,40.74226804123711,3,0.3425274021923542,0.003389074207629948,0.87109375,59,0,14779,True,1,1
188,37.30789362398241,40.28178694158076,3,0.34034021124243735,0.004325556208860775,0.87421875,59,0,14781,True,1,1
189,37.614846659492144,40.58762886597938,3,0.34127369299530985,0.0024601352058569483,0.86875,59,0,14779,True,1,1
190,38.02721779351276,41.0,3,0.3422073729336262,0.0033648769525664464,0.875,59,0,14779,True,1,1
191,37.7179394429973,40.69072164948454,3,0.34129933789372446,0.00194289508201911,0.8703125,59,0,14779,True,1,1
192,38.02721779351276,41.0,3,0.33841063305735586,0.0008445957250691079,0.875,59,0,14779,True,1,1
193,37.614846659492144,40.58762886597938,3,0.3391330435872078,0.004423438381115812,0.86875,59,0,14779,True,1,1
194,37.872578618255034,40.84536082474227,3,0.3392897114157677,0.0015954041513559472,0.87265625,59,0,14779,True,1,1
195,37.872578618255034,40.84536082474227,3,0.3390685938298702,0.0011984747261511728,0.87265625,59,0,14779,True,1,1
196,37.51175387598699,40.48453608247423,3,0.34176168516278266,0.0038515919105235378,0.8671875,59,0,14779,True,1,1
197,37.821032226502446,40.793814432989684,3,0.33752663657069204,0.0019950328618628436,0.871875,59,0,14779,True,1,1
198,37.821032226502446,40.793814432989684,3,0.34182058945298194,0.001630220077100531,0.871875,59,0,14779,True,1,1
199,37.92412501000761,40.896907216494846,3,0.3394031472504139,0.0025362940491951407,0.8734375,59,0,14779,True,1,1
200,37.92412501000761,40.896907216494846,3,0.340044666826725,0.0017177678862422426,0.8734375,59,0,14779,True,1,1
201,37.97567140176019,40.948453608247426,3,0.34164535701274873,0.00432184122739458,0.87421875,59,0,14779,True,1,1
202,37.97567140176019,40.948453608247426,3,0.33920283019542696,0.003478669892961206,0.87421875,59,0,14779,True,1,1
203,37.97567140176019,40.948453608247426,3,0.337449599057436,0.004537285919487438,0.87421875,59,0,14779,True,1,1
204,37.51175387598699,40.48453608247423,3,0.3427074946463108,0.00463202289996302,0.8671875,59,0,14779,True,1,1
205,37.66639305124472,40.63917525773196,3,0.34049181193113326,0.002518602151198214,0.86953125,59,0,14779,True,1,1
206,37.46020748423442,40.432989690721655,3,0.33867979422211647,0.002146545959720665,0.86640625,59,0,14779,True,1,1
207,37.92412501000761,40.896907216494846,3,0.34067328572273253,0.00342619221853356,0.8734375,59,0,14779,True,1,1
208,38.078764185265335,41.051546391752574,3,0.3386309422552586,0.0033206878212112116,0.87578125,59,0,14779,True,1,1
209,38.488810004280225,41.460481099656356,3,0.3406439445912838,0.002763984608055133,0.871875,59,0,14777,True,1,1
210,38.02721779351276,41.0,3,0.3393520645797253,0.0034964159084884174,0.875,59,0,14779,True,1,1
211,37.92412501000761,40.896907216494846,3,0.3401054576039314,0.0036059939946283814,0.8734375,59,0,14779,True,1,1
212,37.7179394429973,40.69072164948454,3,0.3403001993894577,0.004588628637719568,0.8703125,59,0,14779,True,1,1
213,37.821032226502446,40.793814432989684,3,0.3406724326312542,0.0012180382601856834,0.871875,59,0,14779,True,1,1
214,37.872578618255034,40.84536082474227,3,0.33974541425704957,0.001858663696406732,0.87265625,59,0,14779,True,1,1
215,37.821032226502446,40.793814432989684,3,0.3384228706359863,0.0028611510828224287,0.871875,59,0,14779,True,1,1
216,37.66639305124472,40.63917525773196,3,0.34051286727190017,0.0018947476702692375,0.86953125,59,0,14779,True,1,1
217,37.76948583474987,40.74226804123711,3,0.33923893943428995,0.0022738961316274716,0.87109375,59,0,14779,True,1,1
218,37.614846659492144,40.58762886597938,3,0.34199182912707327,0.003209495287128533,0.86875,59,0,14779,True,1,1
219,37.357114700729255,40.329896907216494,3,0.3381778135895729,0.002631205232132812,0.86484375,59,0,14779,True,1,1
220,37.97567140176019,40.948453608247426,3,0.33792709484696387,0.0020285080488388224,0.87421875,59,0,14779,True,1,1
221,37.15325444872467,40.12714776632302,3,0.3384504459798336,0.004649200428432717,0.871875,59,0,14781,True,1,1
222,37.7179394429973,40.69072164948454,3,0.33808086067438126,0.0023346324143978924,0.8703125,59,0,14779,True,1,1
223,37.614846659492144,40.58762886597938,3,0.33985832780599595,0.003392989717521624,0.86875,59,0,14779,True,1,1
224,37.872578618255034,40.84536082474227,3,0.3394106663763523,0.003956407604674588,0.87265625,59,0,14779,True,1,1
225,37.92412501000761,40.896907216494846,3,0.34092551171779634,0.002947734333489256,0.8734375,59,0,14779,True,1,1
226,38.02721779351276,41.0,3,0.3391598641872406,0.003301158464672933,0.875,59,0,14779,True,1,1
227,37.76948583474987,40.74226804123711,3,0.33708194345235826,0.004079576459821465,0.87109375,59,0,14779,True,1,1
228,37.46020748423442,40.432989690721655,3,0.34148596301674844,0.0024922116633645415,0.86640625,59,0,14779,True,1,1
229,37.76948583474987,40.74226804123711,3,0.3391479939222336,0.003288317167543782,0.87109375,59,0,14779,True,1,1
230,37.872578618255034,40.84536082474227,3,0.33968803510069845,0.0030528421431337666,0.87265625,59,0,14779,True,1,1
231,37.97567140176019,40.948453608247426,3,0.33740236684679986,0.003126302502811459,0.87421875,59,0,14779,True,1,1
232,37.66639305124472,40.63917525773196,3,0.3397325940430164,0.0008377096768233986,0.86953125,59,0,14779,True,1,1
233,37.7179394429973,40.69072164948454,3,0.33888001516461375,0.002962820049047852,0.8703125,59,0,14779,True,1,1
234,37.66639305124472,40.63917525773196,3,0.3419058248400688,0.0013098145193472656,0.86953125,59,0,14779,True,1,1
235,37.66639305124472,40.63917525773196,3,0.341608639806509,0.0014154967503813573,0.86953125,59,0,14779,True,1,1
236,38.02721779351276,41.0,3,0.3410200893878937,0.002934756728458405,0.875,59,0,14779,True,1,1
237,37.76948583474987,40.74226804123711,3,0.3399681568145752,0.002492017730988881,0.87109375,59,0,14779,True,1,1
238,38.33417082902249,41.30584192439862,3,0.34087189137935636,0.0012058155636230884,0.86953125,59,0,14777,True,1,1
239,37.76948583474987,40.74226804123711,3,0.33950223252177236,0.0020222832990300934,0.87109375,59,0,14779,True,1,1
240,37.872578618255034,40.84536082474227,3,0.3423085793852806,0.0037562490342957157,0.87265625,59,0,14779,True,1,1
241,37.821032226502446,40.793814432989684,3,0.3422063998878002,0.0005792559642442778,0.871875,59,0,14779,True,1,1
242,37.872578618255034,40.84536082474227,3,0.34169199913740156,0.004504442849293781,0.87265625,59,0,14779,True,1,1
243,37.66639305124472,40.63917525773196,3,0.34082784652709963,0.003346256164916131,0.86953125,59,0,14779,True,1,1
244,37.7179394429973,40.69072164948454,3,0.33805563002824784,0.0013877770871004891,0.8703125,59,0,14779,True,1,1
245,37.92412501000761,40.896907216494846,3,0.3393781542778015,0.0026281567343679393,0.8734375,59,0,14779,True,1,1
246,38.000202575054246,40.97250859106529,3,0.33703437745571135,0.002156702543744205,0.86953125,59,0,14777,True,1,1
247,37.66639305124472,40.63917525773196,3,0.34256883934140203,0.0033747089377866744,0.86953125,59,0,14779,True,1,1
248,37.872578618255034,40.84536082474227,3,0.33924215137958524,0.003986806659905773,0.87265625,59,0,14779,True,1,1
249,37.614846659492144,40.58762886597938,3,0.3419749677181244,0.001778645509872233,0.86875,59,0,14779,True,1,1
250,38.18185696877049,41.15463917525773,3,0.3414102107286453,0.003972201796038094,0.87734375,59,0,14779,True,1,1
251,37.614846659492144,40.58762886597938,3,0.3396590627729893,0.0014278910809343787,0.86875,59,0,14779,True,1,1
252,37.79401700804394,40.766323024054984,3,0.33932056948542594,0.0019054363822644529,0.86640625,59,0,14777,True,1,1
253,37.872578618255034,40.84536082474227,3,0.3380924865603447,0.00252166166154718,0.87265625,59,0,14779,True,1,1
254,37.76948583474987,40.74226804123711,3,0.340826203674078,0.0014890540687253757,0.87109375,59,0,14779,True,1,1
255,37.66639305124472,40.63917525773196,3,0.3396195761859417,0.0031605644576432968,0.86953125,59,0,14779,True,1,1
256,38.13596029453204,41.10874250101928,3,0.3382977306842804,0.001040295355271303,0.8765625,59,0,14779,True,1,1
257,37.821032226502446,40.793814432989684,3,0.34142388924956324,0.0033153592683902297,0.871875,59,0,14779,True,1,1
258,37.821032226502446,40.793814432989684,3,0.33951494172215463,0.0033528699303479433,0.871875,59,0,14779,True,1,1
259,37.66639305124472,40.63917525773196,3,0.3401282921433449,0.002542041083507236,0.86953125,59,0,14779,True,1,1
260,37.51175387598699,40.48453608247423,3,0.3439327746629715,0.00246549191195388,0.8671875,59,0,14779,True,1,1
261,38.078764185265335,41.051546391752574,3,0.33841063752770423,0.0015475386188460566,0.87578125,59,0,14779,True,1,1
262,37.76948583474987,40.74226804123711,3,0.33958034589886665,0.0019053204796244494,0.87109375,59,0,14779,True,1,1
263,38.02721779351276,41.0,3,0.3381678871810436,0.0034024733857913794,0.875,59,0,14779,True,1,1
264,37.821032226502446,40.793814432989684,3,0.34166968464851377,0.0035354149720532354,0.871875,59,0,14779,True,1,1
265,37.66639305124472,40.63917525773196,3,0.34164272248744965,0.0037861200722106815,0.86953125,59,0,14779,True,1,1
266,39.620608667004326,42.59106529209622,3,0.3377780169248581,0.0030505069013502437,0.87890625,59,0,14775,True,1,1
267,37.872578618255034,40.84536082474227,3,0.3399413265287876,0.0024107752607096947,0.87265625,59,0,14779,True,1,1
268,37.7179394429973,40.69072164948454,3,0.34010741412639617,0.0042515205373602205,0.8703125,59,0,14779,True,1,1
269,38.43681039615338,41.40893470790378,3,0.33896359950304034,0.0024255572786469983,0.87109375,59,0,14777,True,1,1
270,37.872578618255034,40.84536082474227,3,0.3411613963544369,0.0012367753189194018,0.87265625,59,0,14779,True,1,1
271,37.872578618255034,40.84536082474227,3,0.34166127145290376,0.003604046007189871,0.87265625,59,0,14779,True,1,1
272,37.7179394429973,40.69072164948454,3,0.3394284784793854,0.0034252867612328272,0.8703125,59,0,14779,True,1,1
273,37.7179394429973,40.69072164948454,3,0.34022876620292664,0.004378325983572153,0.8703125,59,0,14779,True,1,1
274,38.388042535780805,41.36082474226804,3,0.3383697964251041,0.002955142824689158,0.88046875,59,0,14779,True,1,1
275,37.92412501000761,40.896907216494846,3,0.340475844591856,0.004455030988211807,0.8734375,59,0,14779,True,1,1
276,37.97567140176019,40.948453608247426,3,0.3423730909824371,0.0014919327172250613,0.87421875,59,0,14779,True,1,1
277,37.614846659492144,40.58762886597938,3,0.34054888859391214,0.0016348923329902,0.86875,59,0,14779,True,1,1
278,38.02721779351276,41.0,3,0.33805855736136436,0.0032686997331233766,0.875,59,0,14779,True,1,1
279,37.872578618255034,40.84536082474227,3,0.33744560480117797,0.0033789546043680244,0.87265625,59,0,14779,True,1,1
280,37.92412501000761,40.896907216494846,3,0.3419138163328171,0.0015749703268929016,0.8734375,59,0,14779,True,1,1
281,38.02721779351276,41.0,3,0.3398463219404221,0.002105857560407173,0.875,59,0,14779,True,1,1
282,37.76948583474987,40.74226804123711,3,0.3407821960747242,0.0019891351462010525,0.87109375,59,0,14779,True,1,1
283,37.614846659492144,40.58762886597938,3,0.33811631947755816,0.0022085421950596993,0.86875,59,0,14779,True,1,1
284,37.821032226502446,40.793814432989684,3,0.34201224222779275,0.0015861327554081328,0.871875,59,0,14779,True,1,1
285,37.821032226502446,40.793814432989684,3,0.33808438628911974,0.0035573822644836372,0.871875,59,0,14779,True,1,1
286,37.66639305124472,40.63917525773196,3,0.3436119958758354,0.0018858307430287056,0.86953125,59,0,14779,True,1,1
287,37.97567140176019,40.948453608247426,3,0.34139238893985746,0.0025087212276029085,0.87421875,59,0,14779,True,1,1
288,37.76948583474987,40.74226804123711,3,0.34027900025248525,0.0008944415861182364,0.87109375,59,0,14779,True,1,1
289,37.92412501000761,40.896907216494846,3,0.33801747262477877,0.0033841511298122098,0.8734375,59,0,14779,True,1,1
290,37.97567140176019,40.948453608247426,3,0.33935835734009745,0.002911396911266684,0.87421875,59,0,14779,True,1,1
291,37.872578618255034,40.84536082474227,3,0.33939828500151636,0.0023757879591545343,0.87265625,59,0,14779,True,1,1
292,37.40866109248183,40.38144329896907,3,0.34003162384033203,0.0016986707394037758,0.865625,59,0,14779,True,1,1
293,37.614846659492144,40.58762886597938,3,0.3426955327391624,0.0028622777726648153,0.86875,59,0,14779,True,1,1
294,37.872578618255034,40.84536082474227,3,0.3368998184800148,0.0011365092485856744,0.87265625,59,0,14779,True,1,1
295,37.821032226502446,40.793814432989684,3,0.33951823487877847,0.0021399815582797523,0.871875,59,0,14779,True,1,1
296,38.02721779351276,41.0,3,0.3415940530598164,0.002580645164735323,0.875,59,0,14779,True,1,1
297,37.563300267739564,40.5360824742268,3,0.3414520055055618,0.0037572947986434803,0.86796875,59,0,14779,True,1,1
298,37.7179394429973,40.69072164948454,3,0.3405080460011959,0.0027779780423545686,0.8703125,59,0,14779,True,1,1
299,37.76948583474987,40.74226804123711,3,0.3397627480328083,0.0017468976703034014,0.87109375,59,0,14779,True,1,1
300,38.130310577017916,41.103092783505154,3,0.3379922233521938,0.0028682844582081997,0.8765625,59,0,14779,True,1,1
301,37.872578618255034,40.84536082474227,3,0.33806550204753877,0.0024233358075641835,0.87265625,59,0,14779,True,1,1
302,37.66639305124472,40.63917525773196,3,0.3412233881652355,0.002976953093273588,0.86953125,59,0,14779,True,1,1
303,37.563300267739564,40.5360824742268,3,0.33826000466942785,0.0020102242963335555,0.86796875,59,0,14779,True,1,1
304,37.92412501000761,40.896907216494846,3,0.3397406727075577,0.0032221465691089817,0.8734375,59,0,14779,True,1,1
305,37.614846659492144,40.58762886597938,3,0.3407348833978176,0.0019012767423209635,0.86875,59,0,14779,True,1,1
306,37.7179394429973,40.69072164948454,3,0.34020878970623014,0.0018583717439718452,0.8703125,59,0,14779,True,1,1
307,37.872578618255034,40.84536082474227,3,0.34009629115462303,0.0031939262146946363,0.87265625,59,0,14779,True,1,1
308,38.53984408731691,41.512027491408936,3,0.3397926941514015,0.0008893984939514823,0.87265625,59,0,14777,True,1,1
309,37.82668194401657,40.79946415050381,3,0.33906861692667006,0.00379224131086177,0.871875,59,0,14779,True,1,1
310,37.76948583474987,40.74226804123711,3,0.33947369679808614,0.0023995588462249365,0.87109375,59,0,14779,True,1,1
311,37.821032226502446,40.793814432989684,3,0.34017468616366386,0.0021952535484156856,0.871875,59,0,14779,True,1,1
312,38.02721779351276,41.0,3,0.3375201404094696,0.003456178511476263,0.875,59,0,14779,True,1,1
313,37.92412501000761,40.896907216494846,3,0.34193302392959596,0.004703407211353031,0.8734375,59,0,14779,True,1,1
314,37.97567140176019,40.948453608247426,3,0.33859013617038725,0.0013643697066256302,0.87421875,59,0,14779,True,1,1
315,37.76948583474987,40.74226804123711,3,0.34200873002409937,0.0014799842421454725,0.87109375,59,0,14779,True,1,1
316,37.614846659492144,40.58762886597938,3,0.33996727615594863,0.00149919958732484,0.86875,59,0,14779,True,1,1
317,37.563300267739564,40.5360824742268,3,0.340570367872715,0.0023880351426348555,0.86796875,59,0,14779,True,1,1
318,37.7179394429973,40.69072164948454,3,0.34222818315029147,0.003401233400601076,0.8703125,59,0,14779,True,1,1
319,37.76948583474987,40.74226804123711,3,0.3400356449186802,0.0028949351435977886,0.87109375,59,0,14779,True,1,1
320,38.02721779351276,41.0,3,0.3367055781185627,0.002302913204471355,0.875,59,0,14779,True,2,1
321,37.76948583474987,40.74226804123711,3,0.33788138031959536,0.003540911094912576,0.87109375,59,0,14779,True,2,1
322,38.59187863319601,41.56357388316151,3,0.3405819684267044,0.0024918384046653005,0.8734375,59,0,14777,True,2,1
323,37.92412501000761,40.896907216494846,3,0.3383532457053661,0.003583911815533748,0.8734375,59,0,14779,True,2,1
324,38.48886168386679,41.460481099656356,3,0.3401349142193794,0.0018113307574356649,0.871875,59,0,14777,True,2,1
325,37.821032226502446,40.793814432989684,3,0.3404618605971336,0.00422152315737383,0.871875,59,0,14779,True,2,1
326,37.97567140176019,40.948453608247426,3,0.33800125047564505,0.0025638457764437066,0.87421875,59,0,14779,True,2,1
327,37.15325444872467,40.12714776632302,3,0.33797313272953033,0.002169000869760686,0.871875,59,0,14781,True,2,1
328,37.872578618255034,40.84536082474227,3,0.34101328179240226,0.002166565481691594,0.87265625,59,0,14779,True,2,1
329,37.872578618255034,40.84536082474227,3,0.34184999838471414,0.00367508632667422,0.87265625,59,0,14779,True,2,1
330,37.78078526977812,40.75356747626536,3,0.3427072577178478,0.003011672754473863,0.87109375,59,0,14779,True,2,1
331,37.872578618255034,40.84536082474227,3,0.3407835140824318,0.002709799848947529,0.87265625,59,0,14779,True,2,1
332,37.821032226502446,40.793814432989684,3,0.3377197585999966,0.0010741106246787689,0.871875,59,0,14779,True,2,1
333,37.7179394429973,40.69072164948454,3,0.3403272099792957,0.0014940859353324719,0.8703125,59,0,14779,True,2,1
334,37.821032226502446,40.793814432989684,3,0.3400800384581089,0.0017157865186389046,0.871875,59,0,14779,True,2,1
335,37.97567140176019,40.948453608247426,3,0.33997741118073466,0.0035923831147492273,0.87421875,59,0,14779,True,2,1
336,37.97567140176019,40.948453608247426,3,0.34049742072820666,0.00474380228941728,0.87421875,59,0,14779,True,2,1
337,38.231078045517336,41.20274914089347,3,0.33975177854299543,0.002552206960493221,0.86796875,59,0,14777,True,2,1
338,37.05016166521952,40.02405498281787,3,0.3398826204240322,0.002843719430485771,0.8703125,59,0,14781,True,2,1
339,38.206470610806235,41.1786941580756,3,0.34043569713830946,0.0020554719737210137,0.87265625,59,0,14777,True,2,1
340,37.775135552264,40.747917758751235,3,0.3392908155918121,0.0018346381562026818,0.87109375,59,0,14779,True,2,1
341,37.66639305124472,40.63917525773196,3,0.3401270814239979,0.002090227092375369,0.86953125,59,0,14779,True,2,1
342,37.821032226502446,40.793814432989684,3,0.33873821422457695,0.003019027570221199,0.871875,59,0,14779,True,2,1
343,37.87822833576916,40.8510105422564,3,0.34012657329440116,0.0023995592011623033,0.87265625,59,0,14779,True,2,1
344,36.99861527346694,39.97250859106529,3,0.33734729290008547,0.0012546539681526094,0.86953125,59,0,14781,True,2,1
345,40.13031705073218,43.09965635738832,3,0.34023274928331376,0.006448514549331837,0.86640625,59,0,14771,True,2,1
346,37.92412501000761,40.896907216494846,3,0.3387622073292732,0.0027561727232251563,0.8734375,59,0,14779,True,2,1
347,38.64293687082206,41.61512027491409,3,0.3409700743854046,0.002638614312916309,0.87421875,59,0,14777,True,2,1
348,37.62049637700627,40.59327858349351,3,0.3408648118376732,0.0023226670575238217,0.86875,59,0,14779,True,2,1
349,37.872578618255034,40.84536082474227,3,0.3414324715733528,0.0023278398094328575,0.87265625,59,0,14779,True,2,1
350,38.05183143554851,41.02405498281787,3,0.33905907794833184,0.0024255848084213587,0.8703125,59,0,14777,True,2,1
351,37.66639305124472,40.63917525773196,3,0.340610072016716,0.0031250249701495736,0.86953125,59,0,14779,True,2,1
352,37.51175387598699,40.48453608247423,3,0.3433053858578205,0.001975883271450725,0.8671875,59,0,14779,True,2,1
353,38.23056573680144,41.20274914089347,3,0.3414173059165478,0.0030026481932769722,0.86796875,59,0,14777,True,2,1
354,37.66639305124472,40.63917525773196,3,0.3390148192644119,0.004126463937152527,0.86953125,59,0,14779,True,2,1
355,36.843976098209204,39.81786941580756,3,0.34233463555574417,0.002122677091027868,0.8671875,59,0,14781,True,2,1
356,37.7179394429973,40.69072164948454,3,0.34137736037373545,0.0023231074786549204,0.8703125,59,0,14779,True,2,1
357,37.821032226502446,40.793814432989684,3,0.34123082756996154,0.0029695975739069606,0.871875,59,0,14779,True,2,1
358,39.155482878271535,42.12714776632302,3,0.33984695076942445,0.006043025143680245,0.871875,59,0,14775,True,2,1
359,37.872578618255034,40.84536082474227,3,0.33786012083292005,0.0033745534100740877,0.87265625,59,0,14779,True,2,1
360,38.48829769556433,41.460481099656356,3,0.3403093427419662,0.0030512972054070374,0.871875,59,0,14777,True,2,1
361,38.59195446737194,41.56357388316151,3,0.3396204307675362,0.0018688967228606896,0.8734375,59,0,14777,True,2,1
362,37.76948583474987,40.74226804123711,3,0.33793380856513977,0.003181801305487276,0.87109375,59,0,14779,True,2,1
363,37.98697083678844,40.959753043275676,3,0.33903357982635496,0.0020506778928833934,0.87421875,59,0,14779,True,2,1
364,38.48835678790596,41.460481099656356,3,0.3415483221411705,0.0022827284659704687,0.871875,59,0,14777,True,2,1
365,37.66639305124472,40.63917525773196,3,0.3377606771886349,0.003332409166427442,0.86953125,59,0,14779,True,2,1
366,37.614846659492144,40.58762886597938,3,0.34060866609215734,0.002140016093225801,0.86875,59,0,14779,True,2,1
367,38.437315292114214,41.40893470790378,3,0.3417449504137039,0.0028625501865579875,0.87109375,59,0,14777,True,2,1
368,38.38571722077508,41.35738831615121,3,0.33985030874609945,0.0014358357411370902,0.8703125,59,0,14777,True,2,1
369,38.64350085912452,41.61512027491409,3,0.34006489142775537,0.002537315437332875,0.87421875,59,0,14777,True,2,1
370,38.74602965432721,41.71821305841924,3,0.3424511894583702,0.002249010271506498,0.87578125,59,0,14777,True,2,1
371,37.66639305124472,40.63917525773196,3,0.34112157821655276,0.0028989938488751203,0.86953125,59,0,14779,True,2,1
372,37.66639305124472,40.63917525773196,3,0.33872684091329575,0.003331037041699774,0.86953125,59,0,14779,True,2,1
373,37.7179394429973,40.69072164948454,3,0.3413740277290344,0.0019063336460187455,0.8703125,59,0,14779,True,2,1
374,38.43726361252765,41.40893470790378,3,0.34137440100312233,0.0025379751368971386,0.87109375,59,0,14777,True,2,1
375,37.97567140176019,40.948453608247426,3,0.3369225345551968,0.001848579889815409,0.87421875,59,0,14779,True,2,1
376,37.30784194439585,40.28178694158076,3,0.3374476432800293,0.0020234183012123445,0.87421875,59,0,14781,True,2,1
377,37.10170805697209,40.07560137457045,3,0.3440513648092747,0.001699685941826599,0.87109375,59,0,14781,True,2,1
378,37.92412501000761,40.896907216494846,3,0.33853946104645727,0.0035095027635887125,0.8734375,59,0,14779,True,2,1
379,38.28262443726992,41.25429553264605,3,0.34066295325756074,0.0033442343090651183,0.86875,59,0,14777,True,2,1
380,37.821032226502446,40.793814432989684,3,0.33998498469591143,0.0036793594603112575,0.871875,59,0,14779,True,2,1
381,38.59190278778538,41.56357388316151,3,0.3362564370036125,0.004256197412721081,0.8734375,59,0,14777,True,2,1
382,37.97567140176019,40.948453608247426,3,0.3373748749494553,0.004169082318976308,0.87421875,59,0,14779,True,2,1
383,37.92412501000761,40.896907216494846,3,0.3379466123878956,0.003512512578498533,0.8734375,59,0,14779,True,2,1
384,38.48829769556433,41.460481099656356,3,0.3382556363940239,0.003377657754980851,0.871875,59,0,14777,True,2,1
385,37.66639305124472,40.63917525773196,3,0.34046659916639327,0.0025333571300298783,0.86953125,59,0,14779,True,2,1
386,37.67204276875884,40.64482497524608,3,0.3389298848807812,0.002467415446647872,0.86953125,59,0,14779,True,2,1
387,37.717427134281394,40.69072164948454,3,0.3397706255316734,0.004286174467414862,0.8703125,59,0,14779,True,2,1
388,37.92412501000761,40.896907216494846,3,0.33963666334748266,0.003304583872972405,0.8734375,59,0,14779,True,2,1
389,37.821032226502446,40.793814432989684,3,0.34283253774046896,0.0038300340142475952,0.871875,59,0,14779,True,2,1
390,37.66639305124472,40.63917525773196,3,0.3418863445520401,0.001383840858983793,0.86953125,59,0,14779,True,2,1
391,37.66639305124472,40.63917525773196,3,0.3419783882796764,0.003750752234273441,0.86953125,59,0,14779,True,2,1
392,37.97567140176019,40.948453608247426,3,0.3386371277272701,0.0009671432552776326,0.87421875,59,0,14779,True,2,1
393,38.488785849690856,41.460481099656356,3,0.3379015579819679,0.0016727705211934919,0.871875,59,0,14777,True,2,1
394,38.59187863319601,41.56357388316151,3,0.3379072040319443,0.000719532381524784,0.8734375,59,0,14777,True,2,1
395,37.82668194401657,40.79946415050381,3,0.33924105763435364,0.0030952541412727296,0.871875,59,0,14779,True,2,1
396,37.94873865204335,40.92096219931272,3,0.3404011599719524,0.0020046575073776134,0.86875,59,0,14777,True,2,1
397,37.92977472752173,40.90255693400897,3,0.3388790525496006,0.002917721137373529,0.8734375,59,0,14779,True,2,1
398,37.46020748423442,40.432989690721655,3,0.3408928245306015,0.0024280002561928426,0.86640625,59,0,14779,True,2,1
399,38.822701996831434,41.793814432989684,3,0.3410217687487602,0.002032608424441204,0.871875,59,0,14775,True,2,1
400,37.7179394429973,40.69072164948454,3,0.3426005423069,0.00312264853118535,0.8703125,59,0,14779,True,2,1
401,38.154841750311974,41.12714776632302,3,0.3393991082906723,0.003009619977286925,0.871875,59,0,14777,True,2,1
402,38.59144957141111,41.56357388316151,3,0.33878676071763036,0.0031347099263369285,0.8734375,59,0,14777,True,2,1
403,37.872578618255034,40.84536082474227,3,0.34021891579031943,0.0017053245552970384,0.87265625,59,0,14779,True,2,1
404,37.872578618255034,40.84536082474227,3,0.33955714777112006,0.0035347067265336855,0.87265625,59,0,14779,True,2,1
405,38.23056573680144,41.20274914089347,3,0.34045503437519076,0.0033001671691504026,0.86796875,59,0,14777,True,2,1
406,37.7179394429973,40.69072164948454,3,0.33974498212337495,0.0024837453794661277,0.8703125,59,0,14779,True,2,1
407,37.872578618255034,40.84536082474227,3,0.33912129402160646,0.0021463451949823944,0.87265625,59,0,14779,True,2,1
408,38.02721779351276,41.0,3,0.33823364675045015,0.002948297699747997,0.875,59,0,14779,True,2,1
409,39.77403957930247,42.74570446735395,3,0.3395527571439743,0.004040341934108603,0.88125,59,0,14775,True,2,1
410,37.98132111927431,40.95410332576155,3,0.338444908708334,0.0036045824119779173,0.87421875,59,0,14779,True,2,1
411,38.02721779351276,41.0,3,0.3401318326592445,0.004382662294395555,0.875,59,0,14779,True,2,1
412,39.00104217405173,41.97250859106529,3,0.34025022834539415,0.0031502778168525395,0.86953125,59,0,14775,True,2,1
413,39.02888756384175,42.0,3,0.3395894005894661,0.0029224416543264815,0.875,59,0,14775,True,2,1
414,37.92412501000761,40.896907216494846,3,0.3393711119890213,0.0022842977326412066,0.8734375,59,0,14779,True,2,1
415,37.7179394429973,40.69072164948454,3,0.3394672840833664,0.002760243208629066,0.8703125,59,0,14779,True,2,1
416,37.872578618255034,40.84536082474227,3,0.3376346483826637,0.0018790484085911506,0.87265625,59,0,14779,True,2,1
417,37.82057901012818,40.793814432989684,3,0.3416758067905903,0.0017787008279393384,0.871875,59,0,14779,True,2,1
418,38.59195446737194,41.56357388316151,3,0.33947362154722216,0.003783236851523009,0.8734375,59,0,14777,True,2,1
419,37.614846659492144,40.58762886597938,3,0.3413674533367157,0.002694815981202578,0.86875,59,0,14779,True,2,1
420,37.97567140176019,40.948453608247426,3,0.33767395094037056,0.0023338482218882364,0.87421875,59,0,14779,True,2,1
421,39.25857566177669,42.230240549828174,3,0.3413826309144497,0.0020126346042377706,0.8734375,59,0,14775,True,2,1
422,38.694995571290534,41.666666666666664,3,0.34063326343894007,0.0019674212745648405,0.875,59,0,14777,True,2,1
423,37.66639305124472,40.63917525773196,3,0.3410103313624859,0.002518344520428648,0.86953125,59,0,14779,True,2,1
424,37.76948583474987,40.74226804123711,3,0.33847530633211137,0.0020800848570973153,0.87109375,59,0,14779,True,2,1
425,37.821032226502446,40.793814432989684,3,0.3380996212363243,0.0024199810954633368,0.871875,59,0,14779,True,2,1
426,37.76948583474987,40.74226804123711,3,0.33871235251426696,0.0025310781250957167,0.87109375,59,0,14779,True,2,1
427,38.130310577017916,41.103092783505154,3,0.3389912314713001,0.004047229024055191,0.8765625,59,0,14779,True,2,1
428,37.614846659492144,40.58762886597938,3,0.34132994934916494,0.001030692720983562,0.86875,59,0,14779,True,2,1
429,38.43681039615338,41.40893470790378,3,0.3423072874546051,0.0032957314854922142,0.87109375,59,0,14777,True,2,1
430,38.49394741307845,41.46613081717048,3,0.3418665356934071,0.006109472196213387,0.871875,59,0,14777,True,2,1
431,37.76948583474987,40.74226804123711,3,0.34041171669960024,0.003030069611348806,0.87109375,59,0,14779,True,2,1
432,37.7179394429973,40.69072164948454,3,0.3407071866095066,0.0036254014549017286,0.8703125,59,0,14779,True,2,1
433,37.872578618255034,40.84536082474227,3,0.3389286771416664,0.0014787824637796266,0.87265625,59,0,14779,True,2,1
434,37.98132111927431,40.95410332576155,3,0.34133339673280716,0.000806785058471142,0.87421875,59,0,14779,True,2,1
435,37.614846659492144,40.58762886597938,3,0.3412701144814491,0.0025178209869607623,0.86875,59,0,14779,True,2,1
436,37.76948583474987,40.74226804123711,3,0.3385136879980564,0.00430680096906116,0.87109375,59,0,14779,True,2,1
437,39.490500665040656,42.460481099656356,3,0.33805381283164027,0.0027486457189147846,0.871875,59,0,14773,True,2,1
438,37.7179394429973,40.69072164948454,3,0.3396973341703415,0.00211282463485433,0.8703125,59,0,14779,True,2,1
439,37.92412501000761,40.896907216494846,3,0.33895085379481316,0.0036424392013153315,0.8734375,59,0,14779,True,2,1
440,38.43681039615338,41.40893470790378,3,0.34178299382328986,0.002945572541681567,0.87109375,59,0,14777,True,2,1
441,37.76948583474987,40.74226804123711,3,0.33891327530145643,0.003352864821284089,0.87109375,59,0,14779,True,2,1
442,37.821032226502446,40.793814432989684,3,0.34237250313162804,0.0017535553832972385,0.871875,59,0,14779,True,2,1
443,38.43726361252765,41.40893470790378,3,0.34138706773519517,0.0030356542076718923,0.87109375,59,0,14777,True,2,1
444,38.078764185265335,41.051546391752574,3,0.3388479381799698,0.004488127657111955,0.87578125,59,0,14779,True,2,1
445,37.7179394429973,40.69072164948454,3,0.3397451087832451,0.0023863186512081075,0.8703125,59,0,14779,True,2,1
446,37.97567140176019,40.948453608247426,3,0.33716574162244795,0.00329294505449633,0.87421875,59,0,14779,True,2,1
447,37.76948583474987,40.74226804123711,3,0.3389434091746807,0.0034054670871281113,0.87109375,59,0,14779,True,2,1
448,39.156134565683736,42.12714776632302,3,0.33978146836161616,0.0019529858391493036,0.871875,59,0,14775,True,2,1
449,37.82668194401657,40.79946415050381,3,0.3398607946932316,0.001461188138250593,0.871875,59,0,14779,True,2,1
450,37.76948583474987,40.74226804123711,3,0.3406893752515316,0.0010915639756830726,0.87109375,59,0,14779,True,2,1
451,37.821032226502446,40.793814432989684,3,0.3403671830892563,0.0027182799499177357,0.871875,59,0,14779,True,2,1
452,37.517403593501115,40.49018579998835,3,0.34090660586953164,0.004899778476623057,0.8671875,59,0,14779,True,2,1
453,38.59190278778538,41.56357388316151,3,0.3386720038950443,0.001822661426093934,0.8734375,59,0,14777,True,2,1
454,37.7179394429973,40.69072164948454,3,0.34185609221458435,0.0025138753215970394,0.8703125,59,0,14779,True,2,1
455,38.442913330041776,41.41458442541791,3,0.3401947535574436,0.001940002542909141,0.87109375,59,0,14777,True,2,1
456,37.872578618255034,40.84536082474227,3,0.34025350362062456,0.005173474689634462,0.87265625,59,0,14779,True,2,1
457,37.10170805697209,40.07560137457045,3,0.3384407952427864,0.0028502851603534793,0.87109375,59,0,14781,True,2,1
458,38.10337782730108,41.07560137457045,3,0.3386754907667637,0.0020117018234710416,0.87109375,59,0,14777,True,2,1
459,37.25634723222982,40.230240549828174,3,0.34333057031035424,0.0019137872372166117,0.8734375,59,0,14781,True,2,1
460,37.7179394429973,40.69072164948454,3,0.33971446976065633,0.0020018948631694046,0.8703125,59,0,14779,True,2,1
461,37.872578618255034,40.84536082474227,3,0.3394189938902855,0.0009793164184814795,0.87265625,59,0,14779,True,2,1
462,38.53984408731691,41.512027491408936,3,0.33871140256524085,0.0033979381149006746,0.87265625,59,0,14777,True,2,1
463,37.821032226502446,40.793814432989684,3,0.33864955604076385,0.0018304808747758878,0.871875,59,0,14779,True,2,1
464,38.02721779351276,41.0,3,0.34012851268053057,0.0018136529837103111,0.875,59,0,14779,True,2,1
465,38.231078045517336,41.20274914089347,3,0.3392012320458889,0.003265469438754799,0.86796875,59,0,14777,True,2,1
466,38.53984408731691,41.512027491408936,3,0.341221222281456,0.004200775321947571,0.87265625,59,0,14777,True,2,1
467,37.66639305124472,40.63917525773196,3,0.3407168500125408,0.0025021971559486484,0.86953125,59,0,14779,True,2,1
468,37.7179394429973,40.69072164948454,3,0.3393625296652317,0.002447688210332786,0.8703125,59,0,14779,True,2,1
469,37.97567140176019,40.948453608247426,3,0.33895928859710694,0.0030202002741782897,0.87421875,59,0,14779,True,2,1
470,38.154924219053655,41.12714776632302,3,0.34151648804545404,0.002084460418252648,0.871875,59,0,14777,True,2,1
471,37.76948583474987,40.74226804123711,3,0.3427922621369362,0.002456967931347403,0.87109375,59,0,14779,True,2,1
472,37.62049637700627,40.59327858349351,3,0.3399792522192001,0.0015716092570606012,0.86875,59,0,14779,True,2,1
473,37.66639305124472,40.63917525773196,3,0.3391498364508152,0.002119974554221393,0.86953125,59,0,14779,True,2,1
474,38.28262443726992,41.25429553264605,3,0.34061520248651506,0.003178530508833278,0.86875,59,0,14777,True,2,1
475,37.76948583474987,40.74226804123711,3,0.33901884853839875,0.002217067962374593,0.87109375,59,0,14779,True,2,1
476,37.76948583474987,40.74226804123711,3,0.3417466953396797,0.0021524472468351452,0.87109375,59,0,14779,True,2,1
477,37.97567140176019,40.948453608247426,3,0.34044531285762786,0.0028120789243538747,0.87421875,59,0,14779,True,2,1
478,37.92412501000761,40.896907216494846,3,0.3409648731350899,0.00248468098251107,0.8734375,59,0,14779,True,2,1
479,38.43723945793828,41.40893470790378,3,0.33945515304803847,0.004987776196057912,0.87109375,59,0,14777,True,2,1
480,38.25801700255881,41.230240549828174,3,0.33790183365345,0.001989146053369861,0.8734375,59,0,14777,True,2,1
481,37.872578618255034,40.84536082474227,3,0.33954355865716934,0.0032958161101440367,0.87265625,59,0,14779,True,2,1
482,37.614846659492144,40.58762886597938,3,0.3394348002970219,0.002483618465141079,0.86875,59,0,14779,True,2,1
483,38.02721779351276,41.0,3,0.3386756606400013,0.0046167847140005935,0.875,59,0,14779,True,2,1
484,38.130310577017916,41.103092783505154,3,0.3379794217646122,0.004053249669792798,0.8765625,59,0,14779,True,2,1
485,37.821032226502446,40.793814432989684,3,0.342519449442625,0.0020525336060223396,0.871875,59,0,14779,True,2,1
486,38.28217122089565,41.25429553264605,3,0.3407566860318184,0.0025774993948845075,0.86875,59,0,14777,True,2,1
487,38.43726361252765,41.40893470790378,3,0.34031238630414007,0.0031612817154907753,0.87109375,59,0,14777,True,2,1
488,38.206388142064554,41.1786941580756,3,0.3401432253420353,0.0012711859757871793,0.87265625,59,0,14777,True,2,1
489,38.206470610806235,41.1786941580756,3,0.3380459129810333,0.0032856777841453696,0.87265625,59,0,14777,True,2,1
490,37.872578618255034,40.84536082474227,3,0.33946281149983404,0.003463854545245737,0.87265625,59,0,14779,True,2,1
491,37.92412501000761,40.896907216494846,3,0.3401545397937298,0.002142697021360224,0.8734375,59,0,14779,True,2,1
492,37.614846659492144,40.58762886597938,3,0.339320307970047,0.0014255042558914267,0.86875,59,0,14779,True,2,1
493,37.66639305124472,40.63917525773196,3,0.3414261132478714,0.003584650627927431,0.86953125,59,0,14779,True,2,1
494,37.97567140176019,40.948453608247426,3,0.3388534002006054,0.001811336558990339,0.87421875,59,0,14779,True,2,1
495,38.5157489613217,41.487972508591064,3,0.33820411264896394,0.0009377169130287363,0.87734375,59,0,14777,True,2,1
496,37.872578618255034,40.84536082474227,3,0.34094574898481367,0.0026947484289141874,0.87265625,59,0,14779,True,2,1
497,39.0020519659734,41.97250859106529,3,0.3419161386787891,0.0023165046752615767,0.86953125,59,0,14775,True,2,1
498,37.20480084047725,40.1786941580756,3,0.3395829893648624,0.0011849338918368587,0.87265625,59,0,14781,True,2,1
499,37.92412501000761,40.896907216494846,3,0.33765983805060384,0.003405507198383925,0.8734375,59,0,14779,True,2,1
500,37.35944001573498,40.333333333333336,3,0.33844282329082487,0.0058062206088230085,0.875,59,0,14781,True,2,1
501,38.130310577017916,41.103092783505154,3,0.3351416289806366,0.004613507466592466,0.8765625,59,0,14779,True,2,1
502,37.7179394429973,40.69072164948454,3,0.34034166261553767,0.002958175375860044,0.8703125,59,0,14779,True,2,1
503,38.23105389092797,41.20274914089347,3,0.3407860524952412,0.004408630611912418,0.86796875,59,0,14777,True,2,1
504,38.33414667443312,41.30584192439862,3,0.34024336040019987,0.0026007293276182238,0.86953125,59,0,14777,True,2,1
505,37.7179394429973,40.69072164948454,3,0.34140901938080787,0.003190217105996986,0.8703125,59,0,14779,True,2,1
506,38.694483262574636,41.666666666666664,3,0.340702548623085,0.004101286535697366,0.875,59,0,14777,True,2,1
507,38.59139047906948,41.56357388316151,3,0.33899659737944604,0.002997849942718785,0.8734375,59,0,14777,True,2,1
508,38.54549380483103,41.51767720892306,3,0.33959637954831123,0.00508084779274212,0.87265625,59,0,14777,True,2,1
509,37.821032226502446,40.793814432989684,3,0.34145457819104197,0.00127497639443686,0.871875,59,0,14779,True,2,1
510,37.872578618255034,40.84536082474227,3,0.34028190895915034,0.005279808564039012,0.87265625,59,0,14779,True,2,1
511,39.4659694917466,42.43642611683849,3,0.337278188765049,0.0025744510699632138,0.8765625,59,0,14775,True,2,1
512,37.775135552264,40.747917758751235,3,0.339989498257637,0.002989434890301838,0.87109375,59,0,14779,True,2,1
513,37.92412501000761,40.896907216494846,3,0.33983500227332114,0.0016135925400127542,0.8734375,59,0,14779,True,2,1
514,37.614846659492144,40.58762886597938,3,0.3401967264711857,0.0038709631738736423,0.86875,59,0,14779,True,2,1
515,37.76948583474987,40.74226804123711,3,0.3382544659078121,0.0027114592740161,0.87109375,59,0,14779,True,2,1
516,38.154841750311974,41.12714776632302,3,0.3413193948566914,0.0021428780103519697,0.871875,59,0,14777,True,2,1
517,37.87822833576916,40.8510105422564,3,0.33909162506461143,0.0015429932714491582,0.87265625,59,0,14779,True,2,1
518,38.154841750311974,41.12714776632302,3,0.3394181698560715,0.001212077551484777,0.871875,59,0,14777,True,2,1
519,37.92412501000761,40.896907216494846,3,0.33915032669901846,0.003545161705374724,0.8734375,59,0,14779,True,2,1
520,38.078764185265335,41.051546391752574,3,0.3360283553600311,0.0017728249330893186,0.87578125,59,0,14779,True,3,1
521,38.078764185265335,41.051546391752574,3,0.3372559167444706,0.0029343599831795773,0.87578125,59,0,14779,True,3,1
522,37.872578618255034,40.84536082474227,3,0.34043845534324646,0.002184579473572406,0.87265625,59,0,14779,True,3,1
523,38.032867511026886,41.005649717514125,3,0.33759797886013987,0.0028600872733993837,0.875,59,0,14779,True,3,1
524,38.668062821573706,41.63917525773196,3,0.3388627052307129,0.003019906074449599,0.86953125,59,0,14775,True,3,1
525,38.925794780336595,41.896907216494846,3,0.3387955747544765,0.0030376667509082692,0.8734375,59,0,14775,True,3,1
526,38.43723945793828,41.40893470790378,3,0.3403909496963024,0.00193612464351711,0.87109375,59,0,14777,True,3,1
527,37.821032226502446,40.793814432989684,3,0.33888922557234763,0.0014986774304738273,0.871875,59,0,14779,True,3,1
528,39.25922734918889,42.230240549828174,3,0.33794678226113317,0.0026336698722555017,0.8734375,59,0,14775,True,3,1
529,37.7179394429973,40.69072164948454,3,0.34031315371394155,0.0016172627651100872,0.8703125,59,0,14779,True,3,1
530,37.872578618255034,40.84536082474227,3,0.34133814126253126,0.0018726043156389023,0.87265625,59,0,14779,True,3,1
531,37.153202769138105,40.12714776632302,3,0.34019146785140036,0.003537312375277655,0.871875,59,0,14781,True,3,1
532,37.775135552264,40.747917758751235,3,0.3398442052304745,0.002793644652916891,0.87109375,59,0,14779,True,3,1
533,37.7179394429973,40.69072164948454,3,0.339051379263401,0.0017821178050024342,0.8703125,59,0,14779,True,3,1
534,39.41378327751562,42.38487972508591,3,0.3411833606660366,0.0022901016643154344,0.87578125,59,0,14775,True,3,1
535,38.38520491205918,41.35738831615121,3,0.3403918921947479,0.002791099383118395,0.8703125,59,0,14777,True,3,1
536,37.20480084047725,40.1786941580756,3,0.3381463147699833,0.00298391021897246,0.87265625,59,0,14781,True,3,1
537,38.66760960519944,41.63917525773196,3,0.33980522975325583,0.003503598527340009,0.86953125,59,0,14775,True,3,1
538,38.72525893084041,41.69637136699866,3,0.3405265770852566,0.0015693961647772416,0.8703125,59,0,14775,True,3,1
539,37.76948583474987,40.74226804123711,3,0.3411834239959717,0.003021594627664227,0.87109375,59,0,14779,True,3,1
540,38.48829769556433,41.460481099656356,3,0.34006441608071325,0.0018025038701018432,0.871875,59,0,14777,True,3,1
541,40.106302211091645,43.07560137457045,3,0.34020557776093485,0.0036273638339044834,0.87109375,59,0,14771,True,3,1
542,37.872578618255034,40.84536082474227,3,0.3408567927777767,0.0036285329951943656,0.87265625,59,0,14779,True,3,1
543,37.67204276875884,40.64482497524608,3,0.33944413959980013,0.003919746589618663,0.86953125,59,0,14779,True,3,1
544,38.436751303811754,41.40893470790378,3,0.3406324669718742,0.004221421194044846,0.87109375,59,0,14777,True,3,1
545,37.82668194401657,40.79946415050381,3,0.3383594200015068,0.0021758773379933626,0.871875,59,0,14779,True,3,1
546,38.51291133760007,41.48453608247423,3,0.339260683208704,0.0019609183826727545,0.8671875,59,0,14775,True,3,1
547,39.542129525534925,42.512027491408936,3,0.3359803773462772,0.002089688184352931,0.87265625,59,0,14773,True,3,1
548,39.052529473462684,42.02405498281787,3,0.3395847864449024,0.0025008257985621968,0.8703125,59,0,14775,True,3,1
549,38.00028504379593,40.97250859106529,3,0.338293070346117,0.0014414472093117919,0.86953125,59,0,14777,True,3,1
550,38.154924219053655,41.12714776632302,3,0.34014322236180305,0.002858430002503499,0.871875,59,0,14777,True,3,1
551,38.28215848744913,41.25429553264605,3,0.3404575064778328,0.0029554504120534075,0.86875,59,0,14777,True,3,1
552,37.821032226502446,40.793814432989684,3,0.3402764886617661,0.0026501858438261017,0.871875,59,0,14779,True,3,1
553,37.821032226502446,40.793814432989684,3,0.3399812288582325,0.00411689608494469,0.871875,59,0,14779,True,3,1
554,38.206470610806235,41.1786941580756,3,0.3413653589785099,0.0026382532125191734,0.87265625,59,0,14777,True,3,1
555,38.17953165376476,41.15120274914089,3,0.33968601673841475,0.003433373523782498,0.8671875,59,0,14777,True,3,1
556,38.2390530780372,41.21183528452444,3,0.33859437629580497,0.0028824838583410327,0.878125,59,0,14779,True,3,1
557,37.821032226502446,40.793814432989684,3,0.3402513824403286,0.003917833583325381,0.871875,59,0,14779,True,3,1
558,38.540356396032806,41.512027491408936,3,0.3396338328719139,0.0024550729817980036,0.87265625,59,0,14777,True,3,1
559,38.71958505873691,41.69072164948454,3,0.3381242997944355,0.004440328698315524,0.8703125,59,0,14775,True,3,1
560,37.7179394429973,40.69072164948454,3,0.339818200469017,0.0009724432204161014,0.8703125,59,0,14779,True,3,1
561,37.97564724717081,40.948453608247426,3,0.34080529138445853,0.0049708661999260705,0.87421875,59,0,14779,True,3,1
562,37.56894998525369,40.54173219174093,3,0.34191358238458636,0.00185862865755384,0.86796875,59,0,14779,True,3,1
563,37.7179394429973,40.69072164948454,3,0.33966162949800494,0.0025148154106230036,0.8703125,59,0,14779,True,3,1
564,37.76948583474987,40.74226804123711,3,0.34190589711070063,0.002530059973360517,0.87109375,59,0,14779,True,3,1
565,38.38520491205918,41.35738831615121,3,0.3384708344936371,0.0016965620539093527,0.8703125,59,0,14777,True,3,1
566,38.89895918246824,41.86941580756013,3,0.3391988806426525,0.003858716693315714,0.86796875,59,0,14775,True,3,1
567,39.874782893212526,42.84536082474227,3,0.3388516254723072,0.001625358528978024,0.87265625,59,0,14773,True,3,1
568,38.130310577017916,41.103092783505154,3,0.3406067922711372,0.004074462076563242,0.8765625,59,0,14779,True,3,1
569,38.43681039615338,41.40893470790378,3,0.33979211151599886,0.001763276816369145,0.87109375,59,0,14777,True,3,1
570,37.7179394429973,40.69072164948454,3,0.3379408411681652,0.0017059343398799062,0.8703125,59,0,14779,True,3,1
571,38.33365852030659,41.30584192439862,3,0.34162878096103666,0.0014220308531713304,0.86953125,59,0,14777,True,3,1
572,37.76948583474987,40.74226804123711,3,0.3389079637825489,0.003789808604541316,0.87109375,59,0,14779,True,3,1
573,37.97567140176019,40.948453608247426,3,0.3403915598988533,0.003069893320426481,0.87421875,59,0,14779,True,3,1
574,38.02721779351276,41.0,3,0.3389429412782192,0.0021970199053400587,0.875,59,0,14779,True,3,1
575,37.97567140176019,40.948453608247426,3,0.3409481570124626,0.002020043728092703,0.87421875,59,0,14779,True,3,1
576,37.872578618255034,40.84536082474227,3,0.3423483774065971,0.0019091389595491935,0.87265625,59,0,14779,True,3,1
577,38.3095633943114,41.28178694158076,3,0.33867101520299914,0.0029303594417328946,0.87421875,59,0,14777,True,3,1
578,37.872578618255034,40.84536082474227,3,0.34076014161109924,0.0030769142377503156,0.87265625,59,0,14779,True,3,1
579,38.53990317965854,41.512027491408936,3,0.34076252579689026,0.0026610723338909912,0.87265625,59,0,14777,True,3,1
580,38.64342502494859,41.61512027491409,3,0.33970528468489647,0.0022572999803955654,0.87421875,59,0,14777,True,3,1
581,38.59139047906948,41.56357388316151,3,0.3393590018153191,0.0015774971305005927,0.8734375,59,0,14777,True,3,1
582,39.00143629808437,41.97250859106529,3,0.33843533247709273,0.003474170138058131,0.86953125,59,0,14775,True,3,1
583,38.28262443726992,41.25429553264605,3,0.3395318083465099,0.0027238283008309085,0.86875,59,0,14777,True,3,1
584,37.76948583474987,40.74226804123711,3,0.34182083457708357,0.004711771274858465,0.87109375,59,0,14779,True,3,1
585,38.53990317965854,41.512027491408936,3,0.3415819637477398,0.002892243641394681,0.87265625,59,0,14777,True,3,1
586,38.43723945793828,41.40893470790378,3,0.34237460494041444,0.0031607390884130205,0.87109375,59,0,14777,True,3,1
587,37.05016166521952,40.02405498281787,3,0.3422062784433365,0.0023797010679534815,0.8703125,59,0,14781,True,3,1
588,38.05183143554851,41.02405498281787,3,0.340750752389431,0.0017977437605353529,0.8703125,59,0,14777,True,3,1
589,39.41429558623152,42.38487972508591,3,0.3368542015552521,0.00346019250638844,0.87578125,59,0,14775,True,3,1
590,37.7179394429973,40.69072164948454,3,0.3406124420464039,0.001938840677328898,0.8703125,59,0,14779,True,3,1
591,38.436751303811754,41.40893470790378,3,0.3413034588098526,0.0016949936338276686,0.87109375,59,0,14777,True,3,1
592,39.20816169880777,42.1786941580756,3,0.33956168964505196,0.003216060389457899,0.87265625,59,0,14775,True,3,1
593,38.59144957141111,41.56357388316151,3,0.3417402282357216,0.0029751832952173217,0.8734375,59,0,14777,True,3,1
594,37.56278795902366,40.5360824742268,3,0.34263129755854604,0.0020646051392181636,0.86796875,59,0,14779,True,3,1
595,37.872578618255034,40.84536082474227,3,0.340164627879858,0.0031842754159337253,0.87265625,59,0,14779,True,3,1
596,38.488785849690856,41.460481099656356,3,0.34030707478523253,0.003040894499986203,0.871875,59,0,14777,True,3,1
597,37.82668194401657,40.79946415050381,3,0.3384653814136982,0.004321464249636449,0.871875,59,0,14779,True,3,1
598,38.464202569569125,41.43642611683849,3,0.34054720774292946,0.005492006209049648,0.8765625,59,0,14777,True,3,1
599,37.97567140176019,40.948453608247426,3,0.34064176976680755,0.0020372386071707397,0.87421875,59,0,14779,True,3,1
600,37.67204276875884,40.64482497524608,3,0.34004696160554887,0.0020738873451015246,0.86953125,59,0,14779,True,3,1
601,38.59190278778538,41.56357388316151,3,0.34251610934734344,0.0015277251352802054,0.8734375,59,0,14777,True,3,1
602,38.02721779351276,41.0,3,0.34073556438088415,0.00553963934504431,0.875,59,0,14779,True,3,1
603,39.05239009476639,42.02405498281787,3,0.34217737764120104,0.0027040101196942686,0.8703125,59,0,14775,True,3,1
604,38.28260028268055,41.25429553264605,3,0.3400033190846443,0.006134793538796105,0.86875,59,0,14777,True,3,1
605,37.51118988768452,40.48453608247423,3,0.3409711129963398,0.0017641201637297358,0.8671875,59,0,14779,True,3,1
606,37.76948583474987,40.74226804123711,3,0.33852029144763945,0.003777372702290735,0.87109375,59,0,14779,True,3,1
607,39.36277334906832,42.333333333333336,3,0.33790700808167456,0.0021823013981230066,0.875,59,0,14775,True,3,1
608,38.8473611111291,41.81786941580756,3,0.3425380915403366,0.002590044863821208,0.8671875,59,0,14775,True,3,1
609,38.94992484408406,41.92096219931272,3,0.34263445138931276,0.0014721925116381188,0.86875,59,0,14775,True,3,1
610,38.48829769556433,41.460481099656356,3,0.3407381296157837,0.003969431726261445,0.871875,59,0,14777,True,3,1
611,37.775135552264,40.747917758751235,3,0.33879450112581255,0.003105015840514276,0.87109375,59,0,14779,True,3,1
612,38.64299596316369,41.61512027491409,3,0.3391980268061161,0.0021730994389720626,0.87421875,59,0,14777,True,3,1
613,38.49445972179435,41.46613081717048,3,0.3392125077545643,0.00518692700698208,0.871875,59,0,14777,True,3,1
614,37.88387805328328,40.85666025977052,3,0.33702031448483466,0.0028082640772463937,0.87265625,59,0,14779,True,3,1
615,38.48829769556433,41.460481099656356,3,0.3410475827753544,0.002184161166399713,0.871875,59,0,14777,True,3,1
616,37.87822833576916,40.8510105422564,3,0.3393860630691051,0.0024515280684868756,0.87265625,59,0,14779,True,3,1
617,38.95615529173495,41.92661191682684,3,0.33734222427010535,0.0026173296979739667,0.86875,59,0,14775,True,3,1
618,38.53990317965854,41.512027491408936,3,0.3385726623237133,0.002520633891700854,0.87265625,59,0,14777,True,3,1
619,37.563300267739564,40.5360824742268,3,0.34257768765091895,0.0020644894902572086,0.86796875,59,0,14779,True,3,1
620,39.10393648651896,42.07560137457045,3,0.3386507943272591,0.004097859074615629,0.87109375,59,0,14775,True,3,1
621,37.15885248665223,40.132797483837145,3,0.33965846002101896,0.004521305575156465,0.871875,59,0,14781,True,3,1
622,37.66636889665534,40.63917525773196,3,0.3410388551652431,0.002102288256156778,0.86953125,59,0,14779,True,3,1
623,37.76948583474987,40.74226804123711,3,0.3415836811065674,0.0031102476240620043,0.87109375,59,0,14779,True,3,1
624,38.33365852030659,41.30584192439862,3,0.34043033570051195,0.00409216554207239,0.86953125,59,0,14777,True,3,1
625,39.25978392473628,42.230240549828174,3,0.3381998546421528,0.00152936203067205,0.8734375,59,0,14775,True,3,1
626,38.59144957141111,41.56357388316151,3,0.33990474939346316,0.0032842216581727207,0.8734375,59,0,14777,True,3,1
627,37.92412501000761,40.896907216494846,3,0.3409250721335411,0.0014962776454453925,0.8734375,59,0,14779,True,3,1
628,37.82668194401657,40.79946415050381,3,0.34053161591291425,0.0035741950652115767,0.871875,59,0,14779,True,3,1
629,38.436751303811754,41.40893470790378,3,0.3382478289306164,0.0025725653855558236,0.87109375,59,0,14777,True,3,1
630,37.87822833576916,40.8510105422564,3,0.33963761031627654,0.0025849866245075165,0.87265625,59,0,14779,True,3,1
631,37.10170805697209,40.07560137457045,3,0.33941143527626993,0.0029878477778254612,0.87109375,59,0,14781,True,3,1
632,37.821032226502446,40.793814432989684,3,0.3417742647230625,0.0027512631201309715,0.871875,59,0,14779,True,3,1
633,38.18185696877049,41.15463917525773,3,0.33854727894067765,0.0018963343386307779,0.87734375,59,0,14779,True,3,1
634,38.43723945793828,41.40893470790378,3,0.3403149604797363,0.0032033465137903125,0.87109375,59,0,14777,True,3,1
635,39.38603468109254,42.35738831615121,3,0.3426761396229267,0.004235354563848611,0.8703125,59,0,14773,True,3,1
636,37.82668194401657,40.79946415050381,3,0.34036322459578516,0.004619389230876537,0.871875,59,0,14779,True,3,1
637,38.540356396032806,41.512027491408936,3,0.3397749036550522,0.002260510211738558,0.87265625,59,0,14777,True,3,1
638,37.821032226502446,40.793814432989684,3,0.33844276145100594,0.001665894753474116,0.871875,59,0,14779,True,3,1
639,37.35995232445089,40.333333333333336,3,0.3372846283018589,0.0035822288872575108,0.875,59,0,14781,True,3,1
640,37.821032226502446,40.793814432989684,3,0.34000191539525987,0.004112979822533006,0.871875,59,0,14779,True,3,1
641,38.846039590272696,41.81786941580756,3,0.3429732844233513,0.006975035566935079,0.8671875,59,0,14775,True,3,1
642,38.21212032832036,41.184343875589725,3,0.3403021633625031,0.002493605141005367,0.87265625,59,0,14777,True,3,1
643,38.10323626621776,41.07560137457045,3,0.34052394926548,0.0041905313461270115,0.87109375,59,0,14777,True,3,1
644,38.05183143554851,41.02405498281787,3,0.34029543623328207,0.0024946027392687862,0.8703125,59,0,14777,True,3,1
645,39.155482878271535,42.12714776632302,3,0.3410587258636951,0.005441357030403445,0.871875,59,0,14775,True,3,1
646,38.59139047906948,41.56357388316151,3,0.33890934363007547,0.004913003135577514,0.8734375,59,0,14777,True,3,1
647,39.31082542052804,42.28178694158076,3,0.3408519983291626,0.0012620190020481298,0.87421875,59,0,14775,True,3,1
648,39.31069049401047,42.28178694158076,3,0.3407419890165329,0.0051003273560494295,0.87421875,59,0,14775,True,3,1
649,37.76948583474987,40.74226804123711,3,0.33967205733060835,0.0032005449960059306,0.87109375,59,0,14779,True,3,1
650,38.53984408731691,41.512027491408936,3,0.3374821126461029,0.003467732263026087,0.87265625,59,0,14777,True,3,1
651,38.179019345048864,41.15120274914089,3,0.3377429895102978,0.004787189896730152,0.8671875,59,0,14777,True,3,1
652,38.95050557422083,41.92096219931272,3,0.33783665373921395,0.003989266788892756,0.86875,59,0,14775,True,3,1
653,39.720922919129485,42.69072164948454,3,0.33764331564307215,0.00279693036183369,0.8703125,59,0,14773,True,3,1
654,39.05295853524758,42.02405498281787,3,0.3398617096245289,0.004045566438441462,0.8703125,59,0,14775,True,3,1
655,37.66639305124472,40.63917525773196,3,0.3379854463040829,0.0032510926371650127,0.86953125,59,0,14779,True,3,1
656,38.38569306618571,41.35738831615121,3,0.3420455038547516,0.0012819455514334354,0.8703125,59,0,14777,True,3,1
657,37.98132111927431,40.95410332576155,3,0.3391556516289711,0.0034605780634781157,0.87421875,59,0,14779,True,3,1
658,39.31072085592449,42.28178694158076,3,0.33611428141593935,0.0018759702599010248,0.87421875,59,0,14773,True,3,1
659,38.89758598202527,41.86941580756013,3,0.3438351295888424,0.005616542128573824,0.86796875,59,0,14775,True,3,1
660,39.362725039889575,42.333333333333336,3,0.34026206508278845,0.0023274933135986288,0.875,59,0,14775,True,3,1
661,38.48829769556433,41.460481099656356,3,0.3393614448606968,0.002163838014961739,0.871875,59,0,14777,True,3,1
662,38.540356396032806,41.512027491408936,3,0.33938275277614594,0.0037412355494079366,0.87265625,59,0,14777,True,3,1
663,38.28260028268055,41.25429553264605,3,0.34077710956335067,0.003189724892703236,0.86875,59,0,14777,True,3,1
664,37.48714644127588,40.460481099656356,3,0.33880372941493986,0.0026559038796246776,0.871875,59,0,14779,True,3,1
665,39.05359835772598,42.02405498281787,3,0.3434284418821335,0.0029400105840552073,0.8703125,59,0,14775,True,3,1
666,37.872578618255034,40.84536082474227,3,0.34090453907847407,0.0026048095114088354,0.87265625,59,0,14779,True,3,1
667,37.76948583474987,40.74226804123711,3,0.3374365620315075,0.002448365447679088,0.87109375,59,0,14779,True,3,1
668,38.33365852030659,41.30584192439862,3,0.33899071142077447,0.0010304547868094456,0.86953125,59,0,14777,True,3,1
669,38.53990317965854,41.512027491408936,3,0.3402434639632702,0.0016535912391146207,0.87265625,59,0,14777,True,3,1
670,37.97567140176019,40.948453608247426,3,0.3384094960987568,0.001592352253213264,0.87421875,59,0,14779,True,3,1
671,37.7179394429973,40.69072164948454,3,0.3401773974299431,0.001661135083269139,0.8703125,59,0,14779,True,3,1
672,38.4485630475559,41.42023414293203,3,0.34059597849845885,0.0012304983250052118,0.87109375,59,0,14777,True,3,1
673,38.59190278778538,41.56357388316151,3,0.3414754293859005,0.001572800792289451,0.8734375,59,0,14777,True,3,1
674,37.97567140176019,40.948453608247426,3,0.3372242398560047,0.0026194568972757845,0.87421875,59,0,14779,True,3,1
675,39.31012205352928,42.28178694158076,3,0.3397253565490246,0.002228016301992174,0.87421875,59,0,14775,True,3,1
676,38.43726361252765,41.40893470790378,3,0.3375452391803265,0.0022812891672327664,0.87109375,59,0,14777,True,3,1
677,39.875399642872466,42.84536082474227,3,0.3417133681476116,0.003960226510079533,0.87265625,59,0,14773,True,3,1
678,39.156587782058004,42.12714776632302,3,0.3385424330830574,0.0014696922714486174,0.871875,59,0,14775,True,3,1
679,39.36166844528185,42.333333333333336,3,0.34109538570046427,0.002728465544040757,0.875,59,0,14775,True,3,1
680,37.873007680039926,40.84536082474227,3,0.339728456735611,0.003105043722858788,0.87265625,59,0,14779,True,3,1
681,38.38569306618571,41.35738831615121,3,0.3411607339978218,0.003132124875901152,0.8703125,59,0,14777,True,3,1
682,38.48835678790596,41.460481099656356,3,0.33882943317294123,0.0027927509064787606,0.871875,59,0,14777,True,3,1
683,38.54040807561937,41.512027491408936,3,0.33937120661139486,0.0023087020662094773,0.87265625,59,0,14777,True,3,1
684,37.98132111927431,40.95410332576155,3,0.3395906500518322,0.002843302368068652,0.87421875,59,0,14779,True,3,1
685,38.154924219053655,41.12714776632302,3,0.339994777739048,0.002997711766752731,0.871875,59,0,14777,True,3,1
686,39.31020233988394,42.28178694158076,3,0.33770927488803865,0.0023099338351129373,0.87421875,59,0,14775,True,3,1
687,37.7179394429973,40.69072164948454,3,0.34127982184290884,0.0026106839531445246,0.8703125,59,0,14779,True,3,1
688,39.823434972497864,42.793814432989684,3,0.34165059030056,0.0007296004353706803,0.871875,59,0,14773,True,3,1
689,38.54555289717266,41.51767720892306,3,0.33930240869522094,0.0022932897911344583,0.87265625,59,0,14777,True,3,1
690,37.87822833576916,40.8510105422564,3,0.3387640617787838,0.0017528964175859635,0.87265625,59,0,14779,True,3,1
691,38.48829769556433,41.460481099656356,3,0.34102380871772764,0.0017650814352440205,0.871875,59,0,14777,True,3,1
692,39.25978392473628,42.230240549828174,3,0.3401210822165012,0.001989794640747638,0.8734375,59,0,14775,True,3,1
693,38.07831096889107,41.051546391752574,3,0.3373060688376427,0.002778247760219615,0.87578125,59,0,14779,True,3,1
694,38.488810004280225,41.460481099656356,3,0.33911064863204954,0.0012827375504864645,0.871875,59,0,14777,True,3,1
695,38.79763513842143,41.769759450171826,3,0.33910332843661306,0.0030172227857254226,0.8765625,59,0,14777,True,3,1
696,37.872578618255034,40.84536082474227,3,0.338058640062809,0.002278623510925822,0.87265625,59,0,14779,True,3,1
697,37.76948583474987,40.74226804123711,3,0.3398079089820385,0.0035695981004900588,0.87109375,59,0,14779,True,3,1
698,38.12747295329629,41.09965635738832,3,0.33863508701324463,0.002395721285407998,0.86640625,59,0,14777,True,3,1
699,38.33417082902249,41.30584192439862,3,0.3395546399056911,0.004194200614345116,0.86953125,59,0,14777,True,3,1
700,37.66636889665534,40.63917525773196,3,0.3402811631560326,0.0006172545030474307,0.86953125,59,0,14779,True,3,1
701,38.6675505128578,41.63917525773196,3,0.34017674177885054,0.002647545671694172,0.86953125,59,0,14775,True,3,1
702,37.20480084047725,40.1786941580756,3,0.3423407606780529,0.0029920686516068857,0.87265625,59,0,14781,True,3,1
703,38.33365852030659,41.30584192439862,3,0.3393140122294426,0.003570314851096283,0.86953125,59,0,14777,True,3,1
704,38.33365852030659,41.30584192439862,3,0.3408032201230526,0.002376378242321537,0.86953125,59,0,14777,True,3,1
705,38.488785849690856,41.460481099656356,3,0.339066618680954,0.0036111318738844046,0.871875,59,0,14777,True,3,1
706,37.7179394429973,40.69072164948454,3,0.3425844952464104,0.00228640609968124,0.8703125,59,0,14779,True,3,1
707,38.488810004280225,41.460481099656356,3,0.3394176311790943,0.001992594476155721,0.871875,59,0,14777,True,3,1
708,38.10337782730108,41.07560137457045,3,0.3403483353555202,0.0022879514173442723,0.87109375,59,0,14777,True,3,1
709,39.38636237367226,42.35738831615121,3,0.3397268384695053,0.0036050393681321923,0.8703125,59,0,14773,True,3,1
710,38.032867511026886,41.005649717514125,3,0.339799365401268,0.0025142373588366088,0.875,59,0,14779,True,3,1
711,39.36180782397815,42.333333333333336,3,0.33971685022115705,0.001399584685729819,0.875,59,0,14775,True,3,1
712,37.97567140176019,40.948453608247426,3,0.3382725305855274,0.0031782999302524657,0.87421875,59,0,14779,True,3,1
713,39.259203194599515,42.230240549828174,3,0.34042260721325873,0.002698283553128307,0.8734375,59,0,14775,True,3,1
714,38.28262443726992,41.25429553264605,3,0.3436144694685936,0.0018924224032487945,0.86875,59,0,14777,True,3,1
715,37.153707665098935,40.12714776632302,3,0.3393132120370865,0.002599709350793803,0.871875,59,0,14781,True,3,1
716,38.12747295329629,41.09965635738832,3,0.34033076763153075,0.0024940751147270383,0.86640625,59,0,14777,True,3,1
717,37.7179394429973,40.69072164948454,3,0.3401063397526741,0.000833921311340871,0.8703125,59,0,14779,True,3,1
718,36.999127582182844,39.97250859106529,3,0.33881586641073225,0.0030078512709238656,0.86953125,59,0,14781,True,3,1
719,38.442913330041776,41.41458442541791,3,0.33853779733181,0.002000840693710608,0.87109375,59,0,14777,True,3,1
720,39.20811001922121,42.1786941580756,3,0.33863224014639853,0.0023252857373312996,0.87265625,59,0,14775,True,4,1
721,39.77246931088206,42.74226804123711,3,0.33881075754761697,0.0018685348746031935,0.87109375,59,0,14773,True,4,1
722,38.488785849690856,41.460481099656356,3,0.33971129804849626,0.004371310396319778,0.871875,59,0,14777,True,4,1
723,39.025209938824496,41.996563573883165,3,0.3413278847932816,0.007418591475563765,0.86484375,59,0,14773,True,4,1
724,38.53984408731691,41.512027491408936,3,0.3398134119808674,0.0023770354099803682,0.87265625,59,0,14777,True,4,1
725,38.540356396032806,41.512027491408936,3,0.3417090684175491,0.004169498465721914,0.87265625,59,0,14777,True,4,1
726,38.28260028268055,41.25429553264605,3,0.3394720643758774,0.001924674436504445,0.86875,59,0,14777,True,4,1
727,40.12926936048192,43.09965635738832,3,0.340479339659214,0.0034232618050694013,0.86640625,59,0,14771,True,4,1
728,38.82267784224206,41.793814432989684,3,0.3409311220049858,0.00399196230608259,0.871875,59,0,14775,True,4,1
729,37.769426742408235,40.74226804123711,3,0.3383747287094593,0.002996493751810392,0.87109375,59,0,14779,True,4,1
730,38.38569306618571,41.35738831615121,3,0.34219570830464363,0.001321652953244786,0.8703125,59,0,14777,True,4,1
731,38.38526400440081,41.35738831615121,3,0.342061797529459,0.003607056477621672,0.8703125,59,0,14777,True,4,1
732,39.932142535764896,42.90255693400897,3,0.33812015131115913,0.0030508236534740676,0.8734375,59,0,14773,True,4,1
733,37.92412501000761,40.896907216494846,3,0.34019706696271895,0.0023181680185533344,0.8734375,59,0,14779,True,4,1
734,39.02880509510006,42.0,3,0.34153335392475126,0.0028248638670237136,0.875,59,0,14775,True,4,1
735,37.97567140176019,40.948453608247426,3,0.337408609688282,0.0034762829093073684,0.87421875,59,0,14779,True,4,1
736,38.48886168386679,41.460481099656356,3,0.3391036830842495,0.0012051440380356595,0.871875,59,0,14777,True,4,1
737,37.53869283302846,40.512027491408936,3,0.3399091653525829,0.0028185572659156694,0.87265625,59,0,14779,True,4,1
738,39.10456401934179,42.07560137457045,3,0.3398773014545441,0.0023357792705218927,0.87109375,59,0,14775,True,4,1
739,39.77184090954651,42.74226804123711,3,0.3419165797531605,0.003990581958283857,0.87109375,59,0,14773,True,4,1
740,39.258715040472985,42.230240549828174,3,0.3370439328253269,0.0015939800365379578,0.8734375,59,0,14775,True,4,1
741,38.17950749917539,41.15120274914089,3,0.34172922745347023,0.001944048317057588,0.8671875,59,0,14777,True,4,1
742,39.21333067495044,42.184343875589725,3,0.3389639392495155,0.0012689245569968833,0.87265625,59,0,14775,True,4,1
743,38.38520491205918,41.35738831615121,3,0.34188174158334733,0.0019737599384557357,0.8703125,59,0,14777,True,4,1
744,38.540356396032806,41.512027491408936,3,0.3397133871912956,0.003694465168660199,0.87265625,59,0,14777,True,4,1
745,38.59139047906948,41.56357388316151,3,0.3395817086100578,0.0032455603877385316,0.8734375,59,0,14777,True,4,1
746,39.490026558234945,42.460481099656356,3,0.34001088365912435,0.0014628632648756084,0.871875,59,0,14773,True,4,1
747,39.259632256384414,42.230240549828174,3,0.34335569143295286,0.003386592199346858,0.8734375,59,0,14775,True,4,1
748,39.05304178217859,42.02405498281787,3,0.33791771754622457,0.0010625711840555937,0.8703125,59,0,14775,True,4,1
749,38.59139047906948,41.56357388316151,3,0.3397533170878887,0.003456891374813856,0.8734375,59,0,14777,True,4,1
750,39.87486317956719,42.84536082474227,3,0.3383580222725868,0.0020505609069614303,0.87265625,59,0,14773,True,4,1
751,36.947068881714365,39.92096219931272,3,0.33857745230197905,0.004909863458592407,0.86875,59,0,14781,True,4,1
752,38.38526400440081,41.35738831615121,3,0.34212806150317193,0.001452874548353574,0.8703125,59,0,14777,True,4,1
753,37.66639305124472,40.63917525773196,3,0.34094603434205056,0.002711497747706777,0.86953125,59,0,14779,True,4,1
754,38.23056573680144,41.20274914089347,3,0.342351908236742,0.002619736370190319,0.86796875,59,0,14777,True,4,1
755,38.53984408731691,41.512027491408936,3,0.34062537327408793,0.002851074391020429,0.87265625,59,0,14777,True,4,1
756,38.61600412110523,41.58762886597938,3,0.3413243927061558,0.0028908953000230443,0.86875,59,0,14775,True,4,1
757,38.38520491205918,41.35738831615121,3,0.3400782823562622,0.003996472207372251,0.8703125,59,0,14777,True,4,1
758,39.05860825276171,42.029704700332,3,0.34128412008285525,0.0017636199284327462,0.8703125,59,0,14775,True,4,1
759,39.25922734918889,42.230240549828174,3,0.33914855495095253,0.0034714209442661863,0.8734375,59,0,14775,True,4,1
760,38.02721779351276,41.0,3,0.3398076146841049,0.002401508003093007,0.875,59,0,14779,True,4,1
761,39.413214837034424,42.38487972508591,3,0.336069705337286,0.0050558190472355415,0.87578125,59,0,14775,True,4,1
762,40.387433341606034,43.3573883161512,3,0.3408934332430363,0.004595960929451969,0.8703125,59,0,14771,True,4,1
763,39.927108486139794,42.896907216494846,3,0.3372866302728653,0.0022091234834970275,0.8734375,59,0,14773,True,4,1
764,38.61651642982113,41.58762886597938,3,0.3403734818100929,0.002478427520552382,0.86875,59,0,14775,True,4,1
765,39.104529081589526,42.07560137457045,3,0.3400169052183628,0.002188220097907112,0.87109375,59,0,14775,True,4,1
766,37.66639305124472,40.63917525773196,3,0.3383529752492905,0.0013390660485800723,0.86953125,59,0,14779,True,4,1
767,38.28217122089565,41.25429553264605,3,0.34173146188259124,0.003622831239139664,0.86875,59,0,14777,True,4,1
768,39.5931193417401,42.56357388316151,3,0.3416308596730232,0.0036957532034114925,0.8734375,59,0,14773,True,4,1
769,38.23105389092797,41.20274914089347,3,0.3400679871439934,0.0027967580813568946,0.86796875,59,0,14777,True,4,1
770,40.59423457650537,43.56357388316151,3,0.3408624462783337,0.0016945335283317224,0.8734375,59,0,14771,True,4,1
771,39.542026166361794,42.512027491408936,3,0.3388188384473324,0.0046536299711357025,0.87265625,59,0,14773,True,4,1
772,38.33936733016235,41.311491641912745,3,0.340753660351038,0.003003044011135907,0.86953125,59,0,14777,True,4,1
773,37.61527572127704,40.58762886597938,3,0.34245661497116087,0.004694717132281752,0.86875,59,0,14779,True,4,1
774,39.71965556382826,42.69072164948454,3,0.3386308565735817,0.0017837894292436478,0.8703125,59,0,14773,True,4,1
775,38.48829769556433,41.460481099656356,3,0.33509504944086077,0.0030378467338735733,0.871875,59,0,14777,True,4,1
776,38.51297042994171,41.48453608247423,3,0.33952891901135446,0.0023213806908720385,0.8671875,59,0,14775,True,4,1
777,39.1555631646262,42.12714776632302,3,0.34163802713155744,0.003221914019430627,0.871875,59,0,14775,True,4,1
778,39.71971465616989,42.69072164948454,3,0.3421681173145771,0.0010980371623713345,0.8703125,59,0,14773,True,4,1
779,38.59190278778538,41.56357388316151,3,0.33597602918744085,0.0022094667895617122,0.8734375,59,0,14777,True,4,1
780,39.15568134930946,42.12714776632302,3,0.3385058090090752,0.0013319419901662401,0.871875,59,0,14775,True,4,1
781,38.33365852030659,41.30584192439862,3,0.3406991474330425,0.004252863803544116,0.86953125,59,0,14777,True,4,1
782,37.76999814346577,40.74226804123711,3,0.340675301104784,0.002248749822663071,0.87109375,59,0,14779,True,4,1
783,37.66639305124472,40.63917525773196,3,0.3397274181246758,0.0026054270770410376,0.86953125,59,0,14779,True,4,1
784,40.335781104711714,43.30584192439862,3,0.3406747616827488,0.004336132137726191,0.86953125,59,0,14771,True,4,1
785,38.33371761264822,41.30584192439862,3,0.3424504555761814,0.0028842321660033947,0.86953125,59,0,14777,True,4,1
786,39.20716864872041,42.1786941580756,3,0.34114496856927873,0.0023959584610605132,0.87265625,59,0,14775,True,4,1
787,38.803277443180484,41.77540916768595,3,0.33819113820791247,0.0068052233971680745,0.8765625,59,0,14777,True,4,1
788,38.59139047906948,41.56357388316151,3,0.33958725258708,0.00211729171798583,0.8734375,59,0,14777,True,4,1
789,38.89837845233147,41.86941580756013,3,0.3416112944483757,0.004206490976397951,0.86796875,59,0,14775,True,4,1
790,39.20808586463184,42.1786941580756,3,0.33833943158388136,0.0026280681779427295,0.87265625,59,0,14775,True,4,1
791,38.38526400440081,41.35738831615121,3,0.3379738457500935,0.0034224644860198945,0.8703125,59,0,14777,True,4,1
792,38.694971416701165,41.666666666666664,3,0.3409582398831844,0.0033156587499267643,0.875,59,0,14777,True,4,1
793,39.362236885763046,42.333333333333336,3,0.34213256686925886,0.0024426627788336867,0.875,59,0,14775,True,4,1
794,38.33414667443312,41.30584192439862,3,0.3420498467981815,0.002069279024649967,0.86953125,59,0,14777,True,4,1
795,39.54106064127163,42.512027491408936,3,0.3408881023526192,0.0018353304713643703,0.87265625,59,0,14773,True,4,1
796,38.05183143554851,41.02405498281787,3,0.34006007611751554,0.003937908457051183,0.8703125,59,0,14777,True,4,1
797,38.64299596316369,41.61512027491409,3,0.33737919181585313,0.002858202662845141,0.87421875,59,0,14777,True,4,1
798,37.332455586431585,40.30584192439862,3,0.34001214131712915,0.0031466820874319398,0.86953125,59,0,14779,True,4,1
799,37.67204276875884,40.64482497524608,3,0.34196154251694677,0.0032068647553280196,0.86953125,59,0,14779,True,4,1
800,39.18352673909948,42.15463917525773,3,0.3382182210683823,0.003232770595765568,0.87734375,59,0,14775,True,4,1
801,38.38571722077508,41.35738831615121,3,0.34058174565434457,0.0017080711696026987,0.8703125,59,0,14777,True,4,1
802,38.28776184606814,41.25994525016017,3,0.3402341388165951,0.002418432590243326,0.86875,59,0,14777,True,4,1
803,38.38526400440081,41.35738831615121,3,0.3399482399225235,0.004898339801760028,0.8703125,59,0,14777,True,4,1
804,39.10458817393116,42.07560137457045,3,0.3418857343494892,0.004698400426359539,0.87109375,59,0,14775,True,4,1
805,39.7717945506514,42.74226804123711,3,0.3392698638141155,0.001863100620880624,0.87109375,59,0,14773,True,4,1
806,39.822946818371335,42.793814432989684,3,0.3400095745921135,0.0030662845088624286,0.871875,59,0,14773,True,4,1
807,38.28217122089565,41.25429553264605,3,0.34076410382986067,0.0009326363214777244,0.86875,59,0,14777,True,4,1
808,37.97567140176019,40.948453608247426,3,0.3392959341406822,0.0012082902656456698,0.87421875,59,0,14779,True,4,1
809,39.10972558272938,42.08125109208457,3,0.3403587341308594,0.002875434283378442,0.87109375,59,0,14775,True,4,1
810,38.95605193256183,41.92661191682684,3,0.3404858477413654,0.0014606345827576318,0.86875,59,0,14775,True,4,1
811,38.078764185265335,41.051546391752574,3,0.3402190200984478,0.0024782171610842245,0.87578125,59,0,14779,True,4,1
812,37.256800448604096,40.230240549828174,3,0.34136413112282754,0.0027507124817183685,0.8734375,59,0,14781,True,4,1
813,40.08119108585013,43.051546391752574,3,0.3385845959186554,0.003010195139293482,0.87578125,59,0,14773,True,4,1
814,38.10337782730108,41.07560137457045,3,0.3389789551496506,0.002148771556330497,0.87109375,59,0,14777,True,4,1
815,37.666905359960616,40.63917525773196,3,0.3391620546579361,0.002601713343667123,0.86953125,59,0,14779,True,4,1
816,38.64342502494859,41.61512027491409,3,0.33897342532873154,0.0028131228881403806,0.87421875,59,0,14777,True,4,1
817,38.44288917545241,41.41458442541791,3,0.3384761825203896,0.002327865160321136,0.87109375,59,0,14777,True,4,1
818,38.642431974861225,41.61512027491409,3,0.3377562120556831,0.0019251462756062709,0.87421875,59,0,14777,True,4,1
819,39.97738752259115,42.948453608247426,3,0.3419239349663258,0.0019037815055052865,0.87421875,59,0,14773,True,4,1
820,39.70177859582837,42.67231638418079,3,0.3412953957915306,0.004442678755213552,0.875,59,0,14773,True,4,1
821,40.15776613410253,43.12714776632302,3,0.3397166974842548,0.0026837465642111044,0.871875,59,0,14771,True,4,1
822,38.48829769556433,41.460481099656356,3,0.3429861135780811,0.002836159535553024,0.871875,59,0,14777,True,4,1
823,40.030073755882455,43.0,3,0.3390773691236973,0.0025462058614551366,0.875,59,0,14773,True,4,1
824,39.82388818887214,42.793814432989684,3,0.3378679648041725,0.002473318985348418,0.871875,59,0,14773,True,4,1
825,41.38977045941061,44.3573883161512,3,0.34125632643699644,0.0032896669371169423,0.8703125,59,0,14767,True,4,1
826,38.206470610806235,41.1786941580756,3,0.34020502045750617,0.004818191280726459,0.87265625,59,0,14777,True,4,1
827,38.33365852030659,41.30584192439862,3,0.3397144302725792,0.0032839954398658365,0.86953125,59,0,14777,True,4,1
828,39.258715040472985,42.230240549828174,3,0.3394800923764706,0.0018584980902696924,0.8734375,59,0,14775,True,4,1
829,38.23062482914307,41.20274914089347,3,0.3419955730438232,0.0019847087443444914,0.86796875,59,0,14777,True,4,1
830,38.69494726211179,41.666666666666664,3,0.3391923926770687,0.003886664254041002,0.875,59,0,14777,True,4,1
831,39.771201955580835,42.74226804123711,3,0.3412207573652267,0.0029942679824207555,0.87109375,59,0,14773,True,4,1
832,39.10509306989199,42.07560137457045,3,0.33936726972460746,0.002865872927666032,0.87109375,59,0,14775,True,4,1
833,39.71979494252456,42.69072164948454,3,0.34044531658291816,0.003914393926576724,0.8703125,59,0,14773,True,4,1
834,39.21378389132471,42.184343875589725,3,0.3384986609220505,0.00241843945048209,0.87265625,59,0,14775,True,4,1
835,38.436751303811754,41.40893470790378,3,0.3438707947731018,0.003785914864250161,0.87109375,59,0,14777,True,4,1
836,38.23056573680144,41.20274914089347,3,0.33967899829149245,0.002596327519124648,0.86796875,59,0,14777,True,4,1
837,39.413866524446625,42.38487972508591,3,0.34007211327552794,0.001282407486720602,0.87578125,59,0,14775,True,4,1
838,39.20765680284694,42.1786941580756,3,0.3377871051430702,0.0020198821612280116,0.87265625,59,0,14775,True,4,1
839,40.03004960129308,43.0,3,0.3398569911718369,0.0024993387929353058,0.875,59,0,14773,True,4,1
840,39.92584113083857,42.896907216494846,3,0.3375435657799244,0.0048911243755985585,0.8734375,59,0,14773,True,4,1
841,39.82441723942234,42.793814432989684,3,0.33859516829252245,0.003757103794495847,0.871875,59,0,14773,True,4,1
842,38.38571722077508,41.35738831615121,3,0.3389031194150448,0.0034851664438694764,0.8703125,59,0,14777,True,4,1
843,38.97680548697322,41.948453608247426,3,0.34095613583922385,0.0024040692815374036,0.87421875,59,0,14775,True,4,1
844,39.31020233988394,42.28178694158076,3,0.3384497009217739,0.0010878796383381464,0.87421875,59,0,14775,True,4,1
845,38.79525073107406,41.766323024054984,3,0.34024142026901244,0.0038863355727227684,0.86640625,59,0,14775,True,4,1
846,39.82340003474561,42.793814432989684,3,0.33760523349046706,0.0022818989707383192,0.871875,59,0,14773,True,4,1
847,38.97682886337327,41.948453608247426,3,0.3388114146888256,0.002692159618692997,0.87421875,59,0,14775,True,4,1
848,39.5409190801883,42.512027491408936,3,0.34012206122279165,0.0009580952412846144,0.87265625,59,0,14773,True,4,1
849,37.92412501000761,40.896907216494846,3,0.33971661478281023,0.0014359946091738619,0.8734375,59,0,14779,True,4,1
850,39.05239009476639,42.02405498281787,3,0.3402066998183727,0.0030830840622402683,0.8703125,59,0,14775,True,4,1
851,40.33529435478289,43.30584192439862,3,0.33825789764523506,0.005038025254891964,0.86953125,59,0,14771,True,4,1
852,39.1560754733421,42.12714776632302,3,0.340692375600338,0.0023613195900767255,0.871875,59,0,14775,True,4,1
853,38.54033224144344,41.512027491408936,3,0.340719873458147,0.0022800877775760175,0.87265625,59,0,14777,True,4,1
854,39.10506891530262,42.07560137457045,3,0.3391868926584721,0.005196460420493572,0.87109375,59,0,14775,True,4,1
855,39.052588565804314,42.02405498281787,3,0.3400230437517166,0.00197833018924564,0.8703125,59,0,14775,True,4,1
856,39.31071464859984,42.28178694158076,3,0.3416727676987648,0.0008374165747638805,0.87421875,59,0,14775,True,4,1
857,39.15531794078816,42.12714776632302,3,0.34115792363882064,0.002855324023117544,0.871875,59,0,14775,True,4,1
858,38.92525909522064,41.896907216494846,3,0.33968809247016907,0.001360124586830738,0.8734375,59,0,14775,True,4,1
859,39.822887726029705,42.793814432989684,3,0.34039588198065757,0.0016314488258928816,0.871875,59,0,14773,True,4,1
860,38.56451682169428,41.5360824742268,3,0.3394611932337284,0.0018596035333132773,0.86796875,59,0,14775,True,4,1
861,39.25916825684725,42.230240549828174,3,0.34108256846666335,0.0034094997037927626,0.8734375,59,0,14775,True,4,1
862,39.104529081589526,42.07560137457045,3,0.3405179850757122,0.0024596650146801436,0.87109375,59,0,14775,True,4,1
863,37.821032226502446,40.793814432989684,3,0.341274606436491,0.0011148094492313566,0.871875,59,0,14779,True,4,1
864,38.75216752596786,41.72386277593336,3,0.33779226094484327,0.0039246037218878095,0.87578125,59,0,14777,True,4,1
865,41.20893112844649,44.1786941580756,3,0.3385277479887009,0.0020838818132913974,0.87265625,59,0,14769,True,4,1
866,40.49179348041242,43.460481099656356,3,0.34127210080623627,0.002783893643105896,0.871875,59,0,14771,True,4,1
867,38.770079308060495,41.74226804123711,3,0.3414883866906166,0.003929442453864131,0.87109375,59,0,14775,True,4,1
868,38.53990317965854,41.512027491408936,3,0.34283611848950385,0.002651623374839503,0.87265625,59,0,14777,True,4,1
869,39.0009830817101,41.97250859106529,3,0.33939347341656684,0.0040432270074302066,0.86953125,59,0,14775,True,4,1
870,37.62049637700627,40.59327858349351,3,0.33816357553005216,0.002982313063470191,0.86875,59,0,14779,True,4,1
871,39.10450492700016,42.07560137457045,3,0.33950626477599144,0.0016572276543604593,0.87109375,59,0,14775,True,4,1
872,37.66639305124472,40.63917525773196,3,0.3390015162527561,0.0017051517518285428,0.86953125,59,0,14779,True,4,1
873,39.156134565683736,42.12714776632302,3,0.34049821421504023,0.0010983244518996754,0.871875,59,0,14775,True,4,1
874,39.00714510794013,41.97815830857942,3,0.3410526253283024,0.0007502608471029875,0.86953125,59,0,14775,True,4,1
875,39.10393648651896,42.07560137457045,3,0.3414107941091061,0.0015695584865534765,0.87109375,59,0,14775,True,4,1
876,37.7179394429973,40.69072164948454,3,0.33933159038424493,0.0029350268999469888,0.8703125,59,0,14779,True,4,1
877,39.10406313176874,42.07560137457045,3,0.33682971224188807,0.002215746083540199,0.87109375,59,0,14775,True,4,1
878,39.15653947287926,42.12714776632302,3,0.3393583744764328,0.002495167639715869,0.871875,59,0,14775,True,4,1
879,40.77255788823185,43.74226804123711,3,0.34283121675252914,0.0025456369339017667,0.87109375,59,0,14769,True,4,1
880,39.33532829063558,42.30584192439862,3,0.33982519879937173,0.001686905203145097,0.86953125,59,0,14773,True,4,1
881,39.36174873163652,42.333333333333336,3,0.33822873532772063,0.0028945400463822116,0.875,59,0,14775,True,4,1
882,38.59187863319601,41.56357388316151,3,0.3401780195534229,0.0016345387625933878,0.8734375,59,0,14777,True,4,1
883,39.105144749478555,42.07560137457045,3,0.34169902801513674,0.0012359623730105083,0.87109375,59,0,14775,True,4,1
884,38.540356396032806,41.512027491408936,3,0.3398903660476208,0.001108582659483983,0.87265625,59,0,14777,True,4,1
885,38.874141765252965,41.84536082474227,3,0.337803390622139,0.0022930917428939405,0.87265625,59,0,14775,True,4,1
886,38.38571722077508,41.35738831615121,3,0.3401473693549633,0.0035371673532149676,0.8703125,59,0,14777,True,4,1
887,39.719490626344886,42.69072164948454,3,0.33952249139547347,0.0024502425204293247,0.8703125,59,0,14773,True,4,1
888,40.10681451980754,43.07560137457045,3,0.33927635103464127,0.0019080769602277336,0.87109375,59,0,14771,True,4,1
889,40.05475581933907,43.02405498281787,3,0.3400849007070065,0.0024802335261244757,0.8703125,59,0,14771,True,4,1
890,40.20887335680166,43.1786941580756,3,0.3407512307167053,0.0036001119550256692,0.87265625,59,0,14771,True,4,1
891,40.336701088780416,43.30584192439862,3,0.3433313727378845,0.00449901248854214,0.86953125,59,0,14771,True,4,1
892,39.669805589161804,42.63917525773196,3,0.3389031492173672,0.004345079011867534,0.86953125,59,0,14773,True,4,1
893,40.00270453162565,42.97250859106529,3,0.3398838222026825,0.0016730410278600414,0.86953125,59,0,14771,True,4,1
894,39.822946818371335,42.793814432989684,3,0.33767239600419996,0.0011641184450883258,0.871875,59,0,14773,True,4,1
895,39.001412143495,41.97250859106529,3,0.3377280026674271,0.003540570754294084,0.86953125,59,0,14775,True,4,1
896,40.208755172118394,43.1786941580756,3,0.33814235776662827,0.0009155418375823408,0.87265625,59,0,14771,True,4,1
897,38.79573888520059,41.766323024054984,3,0.34202355369925497,0.0023486649084429566,0.86640625,59,0,14775,True,4,1
898,38.822701996831434,41.793814432989684,3,0.33986432626843455,0.0019958270481369523,0.871875,59,0,14775,True,4,1
899,39.82444476441953,42.793814432989684,3,0.3400555789470673,0.0032152960754816967,0.871875,59,0,14773,True,4,1
900,37.614846659492144,40.58762886597938,3,0.3386609837412834,0.00195434610849337,0.86875,59,0,14779,True,4,1
901,37.97618991780073,40.948453608247426,3,0.3386105552315712,0.0022663335190826455,0.87421875,59,0,14777,True,4,1
902,39.1560754733421,42.12714776632302,3,0.3387404315173626,0.0036949613033473248,0.871875,59,0,14775,True,4,1
903,39.772306859367305,42.74226804123711,3,0.3395764008164406,0.00315674889087423,0.87109375,59,0,14773,True,4,1
904,38.2883258343706,41.25994525016017,3,0.3424784705042839,0.005013844380695238,0.86875,59,0,14777,True,4,1
905,37.92412501000761,40.896907216494846,3,0.33749728426337244,0.0025008485673778205,0.8734375,59,0,14779,True,4,1
906,37.71737545469483,40.69072164948454,3,0.3421464517712593,0.0010662233186431046,0.8703125,59,0,14779,True,4,1
907,38.33371761264822,41.30584192439862,3,0.34041929319500924,0.0016649970846766653,0.86953125,59,0,14777,True,4,1
908,38.38520491205918,41.35738831615121,3,0.3397729605436325,0.003290298763139535,0.8703125,59,0,14777,True,4,1
909,37.82100807191307,40.793814432989684,3,0.3388927087187767,0.0026874069701167983,0.871875,59,0,14779,True,4,1
910,39.87505719842639,42.84536082474227,3,0.34069200307130815,0.002526463446035967,0.87265625,59,0,14773,True,4,1
911,37.76948583474987,40.74226804123711,3,0.33946124985814097,0.0030366550879130216,0.87109375,59,0,14779,True,4,1
912,39.438456011893,42.40893470790378,3,0.3408376947045326,0.0016283384773980757,0.87109375,59,0,14773,True,4,1
913,38.436751303811754,41.40893470790378,3,0.3384621307253838,0.004838911106731935,0.87109375,59,0,14777,True,4,1
914,38.97688795571491,41.948453608247426,3,0.338664548099041,0.0027109476362722636,0.87421875,59,0,14775,True,4,1
915,40.02928128557625,43.0,3,0.34039986357092855,0.0017224887252750357,0.875,59,0,14773,True,4,1
916,39.052529473462684,42.02405498281787,3,0.34054005295038225,0.004447422389315773,0.8703125,59,0,14775,True,4,1
917,38.33371761264822,41.30584192439862,3,0.33897350579500196,0.0009980203887016749,0.86953125,59,0,14777,True,4,1
918,39.98362983517584,42.95410332576155,3,0.3380954757332802,0.0050825652344197786,0.87421875,59,0,14773,True,4,1
919,39.20697759043755,42.1786941580756,3,0.3408075846731663,0.00435418774064396,0.87265625,59,0,14775,True,4,1
920,39.669189921272775,42.63917525773196,3,0.33855471312999724,0.0017920039195474448,0.86953125,59,0,14773,True,5,1
921,39.489967465893315,42.460481099656356,3,0.34200239926576614,0.002532319263335662,0.871875,59,0,14773,True,5,1
922,39.08040980100495,42.051546391752574,3,0.3371369317173958,0.003381886663442515,0.87578125,59,0,14775,True,5,1
923,38.33417082902249,41.30584192439862,3,0.33893020525574685,0.0013293242506014556,0.86953125,59,0,14777,True,5,1
924,38.44288917545241,41.41458442541791,3,0.3411992497742176,0.001405114664620364,0.87109375,59,0,14777,True,5,1
925,39.15568134930946,42.12714776632302,3,0.33924873173236847,0.003489084741934428,0.871875,59,0,14775,True,5,1
926,39.95108230569715,42.92096219931272,3,0.340667362511158,0.0021274754809133627,0.86875,59,0,14771,True,5,1
927,39.54154879539816,42.512027491408936,3,0.3387632295489311,0.001981197806240452,0.87265625,59,0,14773,True,5,1
928,39.43898506244321,42.40893470790378,3,0.33880617693066595,0.002454357542239223,0.87109375,59,0,14773,True,5,1
929,38.9493775976159,41.92096219931272,3,0.34067526906728746,0.0021661532843030335,0.86875,59,0,14775,True,5,1
930,38.781942731391204,41.75356747626536,3,0.3400139451026917,0.002126388346673057,0.87109375,59,0,14775,True,5,1
931,40.49115365793402,43.460481099656356,3,0.3398360498249531,0.0037465522028230073,0.871875,59,0,14771,True,5,1
932,39.3107495863521,42.28178694158076,3,0.33792509958148004,0.00012515556236015855,0.87421875,59,0,14775,True,5,1
933,40.54207251686377,43.512027491408936,3,0.33870414420962336,0.0022838534288214065,0.87265625,59,0,14771,True,5,1
934,38.154924219053655,41.12714776632302,3,0.3404523186385632,0.002690753814460907,0.871875,59,0,14777,True,5,1
935,37.71791528840792,40.69072164948454,3,0.3407553918659687,0.003913977920081153,0.8703125,59,0,14779,True,5,1
936,38.54549380483103,41.51767720892306,3,0.34012024104595184,0.00231373965303293,0.87265625,59,0,14777,True,5,1
937,39.25965641097378,42.230240549828174,3,0.3419266723096371,0.0020613806024072576,0.8734375,59,0,14775,True,5,1
938,39.386230407731034,42.35738831615121,3,0.34083293154835703,0.0036365527890231866,0.8703125,59,0,14773,True,5,1
939,38.8221971008706,41.793814432989684,3,0.33838375359773637,0.001760977358495294,0.871875,59,0,14775,True,5,1
940,39.978074147755606,42.948453608247426,3,0.33816908970475196,0.0023767262687200063,0.87421875,59,0,14773,True,5,1
941,39.259203194599515,42.230240549828174,3,0.3415031209588051,0.0022500866573229037,0.8734375,59,0,14775,True,5,1
942,40.08168856905589,43.051546391752574,3,0.3373522855341434,0.004812436887341669,0.87578125,59,0,14773,True,5,1
943,38.10337782730108,41.07560137457045,3,0.3378626756370068,0.0023989477092479557,0.87109375,59,0,14777,True,5,1
944,38.59190278778538,41.56357388316151,3,0.34108776897192,0.002394572925249943,0.8734375,59,0,14777,True,5,1
945,38.77070238870459,41.74226804123711,3,0.3405878096818924,0.0031179008479302666,0.87109375,59,0,14775,True,5,1
946,39.00713769518506,41.97815830857942,3,0.34181592985987663,0.0031065145841667817,0.86953125,59,0,14775,True,5,1
947,41.26047752019906,44.230240549828174,3,0.3399279311299324,0.0037687482407322876,0.8734375,59,0,14769,True,5,1
948,40.59995525129493,43.569223600675635,3,0.34092381298542024,0.0038240039417081384,0.8734375,59,0,14771,True,5,1
949,40.43915404980717,43.40893470790378,3,0.3399674266576767,0.0027813842446021745,0.87109375,59,0,14771,True,5,1
950,39.926897725446295,42.896907216494846,3,0.3374774485826492,0.0027583187104408035,0.8734375,59,0,14773,True,5,1
951,41.313141549184635,44.28178694158076,3,0.3365371130406857,0.001519843804617268,0.87421875,59,0,14769,True,5,1
952,39.7718885807453,42.74226804123711,3,0.34103059247136114,0.0025414802172879837,0.87109375,59,0,14773,True,5,1
953,41.10736088936985,44.07560137457045,3,0.3390250995755196,0.0017839303700138414,0.87109375,59,0,14769,True,5,1
954,40.59411327006752,43.56357388316151,3,0.33892584070563314,0.0021645743458111447,0.8734375,59,0,14769,True,5,1
955,42.03305723201464,45.0,3,0.33840172812342645,0.0037574212734923502,0.8765625,59,0,14767,True,5,1
956,40.541817771527434,43.512027491408936,3,0.34027261957526206,0.0026119764220014,0.87265625,59,0,14771,True,5,1
957,39.31071464859984,42.28178694158076,3,0.33753172159194944,0.005350917886601078,0.87421875,59,0,14775,True,5,1
958,38.906318547099076,41.878501951191105,3,0.33750440552830696,0.0032086617816584903,0.878125,59,0,14777,True,5,1
959,39.77181675495714,42.74226804123711,3,0.3381576955318451,0.003884961157650707,0.87109375,59,0,14773,True,5,1
960,40.182944191681855,43.15120274914089,3,0.3395676679909229,0.001079858875886709,0.8671875,59,0,14771,True,5,1
961,41.0036996653835,43.97250859106529,3,0.3378423281013966,0.0024234382278226167,0.86953125,59,0,14769,True,5,1
962,39.64415342477678,42.61512027491409,3,0.34008058831095694,0.0021607685399054784,0.87421875,59,0,14773,True,5,1
963,38.87373607986812,41.84536082474227,3,0.33975773230195044,0.001357350574198805,0.87265625,59,0,14775,True,5,1
964,39.028292786384156,42.0,3,0.33930026516318323,0.00492175082562479,0.875,59,0,14775,True,5,1
965,39.20722774106204,42.1786941580756,3,0.3394795127213001,0.0016357417802224526,0.87265625,59,0,14775,True,5,1
966,38.61597996651586,41.58762886597938,3,0.33938064202666285,0.005408883678776472,0.86875,59,0,14775,True,5,1
967,39.54097817252994,42.512027491408936,3,0.33829218074679374,0.0027383951597728545,0.87265625,59,0,14773,True,5,1
968,40.491281171696514,43.460481099656356,3,0.33815847858786585,0.002721885221110959,0.871875,59,0,14771,True,5,1
969,40.74900039701288,43.71821305841924,3,0.3370537519454956,0.0018323787682947652,0.87578125,59,0,14771,True,5,1
970,39.88618676918481,42.85666025977052,3,0.34330110996961594,0.004270909524039113,0.87265625,59,0,14773,True,5,1
971,39.772341797119566,42.74226804123711,3,0.3422539919614792,0.0015622307524989104,0.87109375,59,0,14773,True,5,1
972,39.00143629808437,41.97250859106529,3,0.3405342593789101,0.003347164170079381,0.86953125,59,0,14775,True,5,1
973,38.97674639463159,41.948453608247426,3,0.33838070258498193,0.004325259178507949,0.87421875,59,0,14775,True,5,1
974,40.541395270664495,43.512027491408936,3,0.34139490574598313,0.00321291144770492,0.87265625,59,0,14771,True,5,1
975,38.92534156396233,41.896907216494846,3,0.3379881545901299,0.002303000946316489,0.8734375,59,0,14775,True,5,1
976,39.15568134930946,42.12714776632302,3,0.3406938947737217,0.003939635995366381,0.871875,59,0,14775,True,5,1
977,37.97567140176019,40.948453608247426,3,0.3402039796113968,0.002469796762343503,0.87421875,59,0,14779,True,5,1
978,38.59139047906948,41.56357388316151,3,0.33927361369132997,0.0026603809426755665,0.8734375,59,0,14777,True,5,1
979,39.00190029762153,41.97250859106529,3,0.34179695397615434,0.002785491709130526,0.86953125,59,0,14775,True,5,1
980,41.49174267906591,44.460481099656356,3,0.3412139564752579,0.00262919790884137,0.871875,59,0,14767,True,5,1
981,40.030097910471824,43.0,3,0.338028834015131,0.0031017875997570673,0.875,59,0,14773,True,5,1
982,40.2092674808343,43.1786941580756,3,0.3394292935729027,0.0012336361506651995,0.87265625,59,0,14771,True,5,1
983,39.6176435295202,42.58762886597938,3,0.34090380370616913,0.002107867642638008,0.86875,59,0,14773,True,5,1
984,41.262083311558584,44.230240549828174,3,0.3376248896121979,0.003537774206473426,0.8734375,59,0,14769,True,5,1
985,38.38571722077508,41.35738831615121,3,0.3392096132040024,0.00435544231003372,0.8703125,59,0,14777,True,5,1
986,39.669189921272775,42.63917525773196,3,0.34291889891028404,0.0020729487394727268,0.86953125,59,0,14773,True,5,1
987,38.77107313633717,41.74226804123711,3,0.34079712703824044,0.0031481592819479994,0.87109375,59,0,14775,True,5,1
988,39.644582486561674,42.61512027491409,3,0.3403976671397686,0.0031025312476269315,0.87421875,59,0,14773,True,5,1
989,39.61777845603777,42.58762886597938,3,0.3408899180591106,0.0019120895558765486,0.86875,59,0,14773,True,5,1
990,39.565096674925194,42.5360824742268,3,0.3396833144128323,0.0034214151314637124,0.86796875,59,0,14773,True,5,1
991,41.310792079589525,44.27835051546391,3,0.34086157456040383,0.001613764807708906,0.8640625,59,0,14767,True,5,1
992,39.1560754733421,42.12714776632302,3,0.33820431753993035,0.0015139665523139778,0.871875,59,0,14775,True,5,1
993,37.410934727900994,40.38487972508591,3,0.33757013753056525,0.0037374015408796284,0.87578125,59,0,14781,True,5,1
994,39.616702159019404,42.58762886597938,3,0.33917857334017754,0.0027282590212663626,0.86875,59,0,14773,True,5,1
995,41.054363778976914,44.02405498281787,3,0.33898641020059583,0.0034607315490400984,0.8703125,59,0,14769,True,5,1
996,39.72028309665109,42.69072164948454,3,0.3391996890306473,0.0015194766155999715,0.8703125,59,0,14773,True,5,1
997,40.38806087442887,43.3573883161512,3,0.3410217069089413,0.0024183314354228975,0.8703125,59,0,14771,True,5,1
998,38.80271345487802,41.77540916768595,3,0.33961004540324213,0.002229896115938053,0.8765625,59,0,14777,True,5,1
999,39.668871631416074,42.63917525773196,3,0.34063894748687745,0.001118944247588917,0.86953125,59,0,14773,True,5,1
1000,39.3107663281864,42.28178694158076,3,0.33767685294151306,0.002868065598155729,0.87421875,59,0,14775,True,5,1
1001,39.31026143222557,42.28178694158076,3,0.33805045634508135,0.0030075725875327547,0.87421875,59,0,14775,True,5,1
1002,40.38806087442887,43.3573883161512,3,0.33981276080012324,0.003872823806533042,0.8703125,59,0,14771,True,5,1
1003,40.440247088659845,43.40893470790378,3,0.34196707382798197,0.0011455354950676993,0.87109375,59,0,14771,True,5,1
1004,39.82858380243894,42.79946415050381,3,0.33693007230758665,0.004860671700738749,0.871875,59,0,14773,True,5,1
1005,39.822993177266454,42.793814432989684,3,0.3402114033699036,0.0019133170999938555,0.871875,59,0,14773,True,5,1
1006,38.69226130674204,41.66323024054983,3,0.34014746993780137,0.005643844038983489,0.86484375,59,0,14775,True,5,1
1007,39.41341330807235,42.38487972508591,3,0.3397069342434406,0.0028428026614876465,0.87578125,59,0,14775,True,5,1
1008,38.903993232093335,41.875065525074255,3,0.33920920118689535,0.0020006745789657126,0.86796875,59,0,14775,True,5,1
1009,40.33563220451712,43.30584192439862,3,0.3392591826617718,0.0035392678617621924,0.86953125,59,0,14771,True,5,1
1010,38.74602965432721,41.71821305841924,3,0.3359390445053577,0.002660475820937676,0.87578125,59,0,14777,True,5,1
1011,38.43618731550929,41.40893470790378,3,0.33879176080226897,0.002841931532551468,0.87109375,59,0,14777,True,5,1
1012,40.05514061429247,43.02405498281787,3,0.3415812008082867,0.00222446332138806,0.8703125,59,0,14771,True,5,1
1013,39.926956817787925,42.896907216494846,3,0.33964474946260453,0.0031291442293315203,0.8734375,59,0,14773,True,5,1
1014,39.161212882140326,42.132797483837145,3,0.33956107720732687,0.0036980232912363262,0.871875,59,0,14775,True,5,1
1015,37.76948583474987,40.74226804123711,3,0.3388473384082317,0.0029011854669457574,0.87109375,59,0,14779,True,5,1
1016,39.51690021561014,42.487972508591064,3,0.34003354161977767,0.0009415784873610269,0.87734375,59,0,14775,True,5,1
1017,39.10407586521526,42.07560137457045,3,0.3417963393032551,0.0025006811799012357,0.87109375,59,0,14775,True,5,1
1018,41.10741998171148,44.07560137457045,3,0.3360631845891476,0.002999919242382888,0.87109375,59,0,14769,True,5,1
1019,38.38569306618571,41.35738831615121,3,0.3401793107390404,0.002892459031530887,0.8703125,59,0,14777,True,5,1
1020,38.390913721914934,41.36303803366533,3,0.3404026232659817,0.0019596245626253093,0.8703125,59,0,14777,True,5,1
1021,40.44052448209287,43.40893470790378,3,0.3428835473954678,0.0027487344456946367,0.87109375,59,0,14771,True,5,1
1022,39.54721525474658,42.51767720892306,3,0.33907992839813234,0.001964142889509087,0.87265625,59,0,14773,True,5,1
1023,38.770643296362955,41.74226804123711,3,0.33904625847935677,0.0030232846129954432,0.87109375,59,0,14775,True,5,1
1024,39.87455230246556,42.84536082474227,3,0.34056767672300337,0.005092723698691886,0.87265625,59,0,14773,True,5,1
1025,38.28776184606814,41.25994525016017,3,0.34209227561950684,0.004713431717734792,0.86875,59,0,14777,True,5,1
1026,40.389205592868095,43.3573883161512,3,0.33854145035147665,0.003414388198308892,0.8703125,59,0,14771,True,5,1
1027,38.54549380483103,41.51767720892306,3,0.3398909315466881,0.0020764850829269508,0.87265625,59,0,14777,True,5,1
1028,39.212514050054864,42.184343875589725,3,0.34137686640024184,0.0043116685164703685,0.87265625,59,0,14775,True,5,1
1029,37.87777511939489,40.8510105422564,3,0.3402618631720543,0.002673664225036372,0.87265625,59,0,14779,True,5,1
1030,38.71907352821033,41.69072164948454,3,0.34245762079954145,0.002061372249581609,0.8703125,59,0,14775,True,5,1
1031,39.1555631646262,42.12714776632302,3,0.3396051451563835,0.003238974985962584,0.871875,59,0,14775,True,5,1
1032,38.179078437390494,41.15120274914089,3,0.3409083656966686,0.0015299108478726592,0.8671875,59,0,14777,True,5,1
1033,38.38571722077508,41.35738831615121,3,0.3402120918035507,0.0026272525284835478,0.8703125,59,0,14777,True,5,1
1034,39.772365951708935,42.74226804123711,3,0.3390465259552002,0.002574604765510542,0.87109375,59,0,14773,True,5,1
1035,39.87599115617212,42.84536082474227,3,0.3417188607156277,0.0017864586749011468,0.87265625,59,0,14773,True,5,1
1036,39.31071464859984,42.28178694158076,3,0.33760560750961305,0.0049477467117779485,0.87421875,59,0,14775,True,5,1
1037,39.437944481366415,42.40893470790378,3,0.33752955943346025,0.0018587143005247787,0.87109375,59,0,14773,True,5,1
1038,40.54233008024333,43.512027491408936,3,0.342745441198349,0.0021010328733407136,0.87265625,59,0,14771,True,5,1
1039,40.28496067816864,43.25429553264605,3,0.3398455955088139,0.005354848059798292,0.86875,59,0,14771,True,5,1
1040,38.59707513433587,41.569223600675635,3,0.3401894360780716,0.0015914014143050687,0.8734375,59,0,14777,True,5,1
1041,38.28827415478404,41.25994525016017,3,0.341874610632658,0.004512481428651127,0.86875,59,0,14777,True,5,1
1042,40.2092674808343,43.1786941580756,3,0.3398450635373592,0.0030676809956669887,0.87265625,59,0,14771,True,5,1
1043,37.97510741345772,40.948453608247426,3,0.33689839020371437,0.002302027499731615,0.87421875,59,0,14779,True,5,1
1044,39.72036634358209,42.69072164948454,3,0.338993876427412,0.0021790803673726314,0.8703125,59,0,14773,True,5,1
1045,39.87583948782025,42.84536082474227,3,0.34090890511870386,0.0032190866684708515,0.87265625,59,0,14773,True,5,1
1046,39.21845535030214,42.18999359310385,3,0.33813936710357667,0.003091582033712645,0.87265625,59,0,14775,True,5,1
1047,36.84442931458348,39.81786941580756,3,0.341025684773922,0.003131726260372144,0.8671875,59,0,14781,True,5,1
1048,39.82391234346151,42.793814432989684,3,0.34053980708122256,0.003502030478738737,0.871875,59,0,14773,True,5,1
1049,39.052470381121054,42.02405498281787,3,0.3386977218091488,0.001378930228571319,0.8703125,59,0,14775,True,5,1
1050,40.342105107848774,43.311491641912745,3,0.3393416732549667,0.0030086156054207436,0.86953125,59,0,14771,True,5,1
1051,39.16221334498275,42.132797483837145,3,0.338771640509367,0.0032976144613885853,0.871875,59,0,14775,True,5,1
1052,40.260848810339134,43.230240549828174,3,0.3417146310210228,0.004901546749327414,0.8734375,59,0,14771,True,5,1
1053,38.82835171434556,41.79946415050381,3,0.3399463646113873,0.002510168050637899,0.871875,59,0,14775,True,5,1
1054,39.10407586521526,42.07560137457045,3,0.34123219847679137,0.0012761588363144612,0.87109375,59,0,14775,True,5,1
1055,39.05298268983695,42.02405498281787,3,0.3415193438529968,0.0024109930416694944,0.8703125,59,0,14775,True,5,1
1056,39.25922734918889,42.230240549828174,3,0.3371067740023136,0.003815607758214043,0.8734375,59,0,14775,True,5,1
1057,39.10450492700016,42.07560137457045,3,0.34007893949747087,0.0019370261239349902,0.87109375,59,0,14775,True,5,1
1058,38.65429539819194,41.62641970994234,3,0.33966435119509697,0.0023862430239809675,0.87421875,59,0,14777,True,5,1
1059,42.03472491867315,45.0,3,0.3429566226899624,0.001854852349088461,0.8703125,59,0,14765,True,5,1
1060,38.48881621160487,41.460481099656356,3,0.33880035728216173,0.002253412462952668,0.871875,59,0,14775,True,5,1
1061,40.542584825579674,43.512027491408936,3,0.33856251984834673,0.0023481496613989364,0.87265625,59,0,14771,True,5,1
1062,40.44431561319477,43.41458442541791,3,0.34021247923374176,0.0024726017695448498,0.87109375,59,0,14771,True,5,1
1063,38.206336462477985,41.1786941580756,3,0.33847770392894744,0.0036872988108549686,0.87265625,59,0,14777,True,5,1
1064,39.25916825684725,42.230240549828174,3,0.3382015787065029,0.0016500939900260963,0.8734375,59,0,14775,True,5,1
1065,39.00076786883787,41.97250859106529,3,0.3385062403976917,0.004975026598261884,0.86953125,59,0,14775,True,5,1
1066,39.12975839151431,42.09965635738832,3,0.34042059630155563,0.0009641387071601318,0.86640625,59,0,14773,True,5,1
1067,37.7179394429973,40.69072164948454,3,0.340285936743021,0.0023269557821188063,0.8703125,59,0,14779,True,5,1
1068,38.24192426417132,41.214048575921716,3,0.3405988797545433,0.001588931482698341,0.86796875,59,0,14777,True,5,1
1069,40.44003632796634,43.40893470790378,3,0.3393054775893688,0.0028051775814295177,0.87109375,59,0,14771,True,5,1
1070,39.208134173810585,42.1786941580756,3,0.33874245807528497,0.0027816649686702574,0.87265625,59,0,14775,True,5,1
1071,37.11351980071625,40.086900809598696,3,0.33942546173930166,0.0010050508871047074,0.87109375,59,0,14781,True,5,1
1072,38.488785849690856,41.460481099656356,3,0.34020335227251053,0.003823210927925807,0.871875,59,0,14777,True,5,1
1073,40.28590946142451,43.25429553264605,3,0.3379449784755707,0.0028743590900664577,0.86875,59,0,14771,True,5,1
1074,38.64858658833619,41.620769992428215,3,0.34043803736567496,0.0030888355515630867,0.87421875,59,0,14777,True,5,1
1075,39.10401677287363,42.07560137457045,3,0.3397321209311485,0.0044217968279408205,0.87109375,59,0,14775,True,5,1
1076,37.98651762041417,40.959753043275676,3,0.33882843628525733,0.0042606093214763675,0.87421875,59,0,14779,True,5,1
1077,38.694483262574636,41.666666666666664,3,0.33890905529260634,0.00207001293116913,0.875,59,0,14777,True,5,1
1078,40.3886490173207,43.3573883161512,3,0.3412407323718071,0.002280508759912638,0.8703125,59,0,14771,True,5,1
1079,38.38449373840035,41.35738831615121,3,0.34133699238300325,0.001624650923753605,0.8703125,59,0,14777,True,5,1
1080,39.97852736412988,42.948453608247426,3,0.3400738961994648,0.0024996642833163512,0.87421875,59,0,14773,True,5,1
1081,38.94949578229917,41.92096219931272,3,0.3408426962792873,0.0035970277633922874,0.86875,59,0,14775,True,5,1
1082,39.00149539042601,41.97250859106529,3,0.3367644719779491,0.00155399039792959,0.86953125,59,0,14775,True,5,1
1083,39.104993081126686,42.07560137457045,3,0.3417697362601757,0.004897975680919809,0.87109375,59,0,14775,True,5,1
1084,39.00143629808437,41.97250859106529,3,0.33884699270129204,0.0020602149188092256,0.86953125,59,0,14775,True,5,1
1085,41.00467301306022,43.97250859106529,3,0.34070719331502913,0.003174793442613684,0.86953125,59,0,14769,True,5,1
1086,40.77344094458034,43.74226804123711,3,0.34132433086633684,0.0031315643044634747,0.87109375,59,0,14769,True,5,1
1087,41.49356660991453,44.460481099656356,3,0.3407324679195881,0.004025970934460248,0.871875,59,0,14767,True,5,1
1088,39.161271974481956,42.132797483837145,3,0.338225331902504,0.0011680300113082042,0.871875,59,0,14775,True,5,1
1089,41.10745346538008,44.07560137457045,3,0.34073185697197916,0.0026238109357315134,0.87109375,59,0,14769,True,5,1
1090,41.31352230179079,44.28178694158076,3,0.33987862691283227,0.001459324027127215,0.87421875,59,0,14769,True,5,1
1091,37.20480084047725,40.1786941580756,3,0.33797835260629655,0.00392021393445939,0.87265625,59,0,14781,True,5,1
1092,41.92918524733479,44.896907216494846,3,0.3396847516298294,0.004366572462985809,0.8734375,59,0,14767,True,5,1
1093,40.43922988398311,43.40893470790378,3,0.34121340438723563,0.0028098041838576946,0.87109375,59,0,14771,True,5,1
1094,37.7179394429973,40.69072164948454,3,0.3415821880102158,0.001270985656626011,0.8703125,59,0,14779,True,5,1
1095,41.03028984699474,44.0,3,0.3390663184225559,0.0022453337763617106,0.875,59,0,14769,True,5,1
1096,40.5417586791858,43.512027491408936,3,0.3396830938756466,0.0024966422117679334,0.87265625,59,0,14771,True,5,1
1097,38.02721779351276,41.0,3,0.3381228081882,0.003945504313837298,0.875,59,0,14779,True,5,1
1098,39.362236885763046,42.333333333333336,3,0.34011943712830545,0.003766944179242502,0.875,59,0,14775,True,5,1
1099,41.106049549425784,44.07560137457045,3,0.3391119226813316,0.0026037043056393906,0.87109375,59,0,14769,True,5,1
1100,40.59888296266435,43.569223600675635,3,0.3418723180890083,0.0016797181921486832,0.8734375,59,0,14771,True,5,1
1101,38.949948998673435,41.92096219931272,3,0.34098457768559454,0.004187105004189409,0.86875,59,0,14775,True,5,1
1102,39.88057198942295,42.8510105422564,3,0.3381714351475239,0.002621314832802056,0.87265625,59,0,14773,True,5,1
1103,39.15612715292866,42.12714776632302,3,0.3399513728916645,0.0018316744172495226,0.871875,59,0,14775,True,5,1
1104,39.5410479078251,42.512027491408936,3,0.3385579168796539,0.004418070457003008,0.87265625,59,0,14773,True,5,1
1105,39.822887726029705,42.793814432989684,3,0.3385779745876789,0.002214069712801319,0.871875,59,0,14773,True,5,1
1106,40.72144055826418,43.69072164948454,3,0.33926617354154587,0.0007561999883758201,0.8703125,59,0,14769,True,5,1
1107,39.8749464264982,42.84536082474227,3,0.3401801072061062,0.002141309272768358,0.87265625,59,0,14773,True,5,1
1108,38.71960921332629,41.69072164948454,3,0.33965797498822214,0.002134600405942183,0.8703125,59,0,14775,True,5,1
1109,39.98365203948158,42.95410332576155,3,0.3417803354561329,0.0016049058519595578,0.87421875,59,0,14773,True,5,1
1110,39.258715040472985,42.230240549828174,3,0.3399204194545746,0.0027340459655858145,0.8734375,59,0,14775,True,5,1
1111,40.54266511193434,43.512027491408936,3,0.3371604397892952,0.0024679067840858815,0.87265625,59,0,14771,True,5,1
1112,39.82947881404463,42.79946415050381,3,0.34119781032204627,0.0033702670917986643,0.871875,59,0,14773,True,5,1
1113,38.697295356367135,41.668879958063954,3,0.338942938297987,0.00488428580536873,0.86484375,59,0,14775,True,5,1
1114,38.05748115306263,41.029704700332,3,0.33844795301556585,0.0029217462868659063,0.8703125,59,0,14777,True,5,1
1115,41.05637107316467,44.02405498281787,3,0.3436094284057617,0.002893016387975361,0.8703125,59,0,14769,True,5,1
1116,39.25870230702647,42.230240549828174,3,0.3376717954874039,0.0020260462739446917,0.8734375,59,0,14775,True,5,1
1117,40.64497620829618,43.61512027491409,3,0.3373234286904335,0.004114809422628773,0.87421875,59,0,14771,True,5,1
1118,38.9504022150477,41.92096219931272,3,0.34154766574501993,0.0031325314964626262,0.86875,59,0,14775,True,5,1
1119,39.9840658824747,42.95410332576155,3,0.3386637307703495,0.002873633426494018,0.87421875,59,0,14771,True,5,1
1120,40.49106595882429,43.460481099656356,3,0.33908784165978434,0.0015773555394442017,0.871875,59,0,14771,True,6,1
1121,41.15859299965351,44.12714776632302,3,0.3416363775730133,0.0032164496467880156,0.871875,59,0,14769,True,6,1
1122,36.279291103936586,39.25429553264605,3,0.3417757160961628,0.0030205535707646283,0.86875,59,0,14783,True,6,1
1123,38.846797122826636,41.81786941580756,3,0.34173009395599363,0.001686787674570111,0.8671875,59,0,14775,True,6,1
1124,40.336538637265654,43.30584192439862,3,0.3389667935669422,0.0033179330795953714,0.86953125,59,0,14771,True,6,1
1125,39.82391234346151,42.793814432989684,3,0.33869795203208924,0.004280109337949435,0.871875,59,0,14773,True,6,1
1126,39.10407586521526,42.07560137457045,3,0.34031238704919814,0.0035677191992603556,0.87109375,59,0,14775,True,6,1
1127,40.335374641137555,43.30584192439862,3,0.3433114059269428,0.002062117065923086,0.86953125,59,0,14771,True,6,1
1128,41.6726615515315,44.63917525773196,3,0.34194049388170245,0.004276778390644957,0.86953125,59,0,14767,True,6,1
1129,41.6712292587469,44.63917525773196,3,0.34290970787405967,0.003644438111138163,0.86953125,59,0,14767,True,6,1
1130,37.92412501000761,40.896907216494846,3,0.3403465151786804,0.003039722581648243,0.8734375,59,0,14779,True,6,1
1131,39.05301762758921,42.02405498281787,3,0.34058624431490897,0.0013210747313609906,0.8703125,59,0,14775,True,6,1
1132,40.953258177417396,43.92096219931272,3,0.34117832481861116,0.0011069296424094021,0.86875,59,0,14769,True,6,1
1133,39.829108844601365,42.79946415050381,3,0.3391375750303268,0.0016009756469211678,0.871875,59,0,14773,True,6,1
1134,39.57752408655837,42.54738190925505,3,0.34248325154185294,0.0039059112340727982,0.86796875,59,0,14773,True,6,1
1135,40.54266511193434,43.512027491408936,3,0.3408103212714195,0.0018424659794896367,0.87265625,59,0,14771,True,6,1
1136,40.598874502097836,43.569223600675635,3,0.33874640688300134,0.004559641713910281,0.8734375,59,0,14771,True,6,1
1137,41.93432265613301,44.90255693400897,3,0.3385241016745567,0.0041981998551622645,0.8734375,59,0,14767,True,6,1
1138,38.955062252882286,41.92661191682684,3,0.3407500021159649,0.0028930257594009605,0.86875,59,0,14775,True,6,1
1139,39.10350446415772,42.07560137457045,3,0.3415056772530079,0.003427981196967668,0.87109375,59,0,14775,True,6,1
1140,39.7713487470322,42.74226804123711,3,0.3395008996129036,0.0025059789603740354,0.87109375,59,0,14773,True,6,1
1141,38.60218501813689,41.57487331818976,3,0.3391877174377441,0.0009181333167079271,0.8734375,59,0,14777,True,6,1
1142,40.387409187016665,43.3573883161512,3,0.33873912021517755,0.0018805707536683365,0.8703125,59,0,14771,True,6,1
1143,40.43954817383981,43.40893470790378,3,0.3347104534506798,0.002526459606526148,0.87109375,59,0,14771,True,6,1
1144,38.38572800393797,41.35738831615121,3,0.3398135736584663,0.0028928581968931124,0.8703125,59,0,14777,True,6,1
1145,39.207687164760955,42.1786941580756,3,0.3420217722654343,0.0027597743549419517,0.87265625,59,0,14773,True,6,1
1146,41.543892449051945,44.512027491408936,3,0.3397023558616638,0.0019718375533924267,0.87265625,59,0,14767,True,6,1
1147,38.436751303811754,41.40893470790378,3,0.34061290696263313,0.00359724764350331,0.87109375,59,0,14777,True,6,1
1148,41.23361659627039,44.20274914089347,3,0.3418061971664429,0.0022880943347130147,0.86796875,59,0,14767,True,6,1
1149,39.07757217728332,42.04810996563574,3,0.3411860652267933,0.002871082996020711,0.865625,59,0,14773,True,6,1
1150,40.60509266009315,43.57487331818976,3,0.3397627681493759,0.0030347154421117963,0.8734375,59,0,14771,True,6,1
1151,38.59139047906948,41.56357388316151,3,0.33755714669823644,0.00273489843604214,0.8734375,59,0,14777,True,6,1
1152,39.10966649038775,42.08125109208457,3,0.3398480623960495,0.0012537205338584516,0.87109375,59,0,14775,True,6,1
1153,37.20428853176135,40.1786941580756,3,0.33984707817435267,0.004233059081522853,0.87265625,59,0,14781,True,6,1
1154,39.92743418875157,42.896907216494846,3,0.33896333575248716,0.004402793682053015,0.8734375,59,0,14773,True,6,1
1155,37.94873865204335,40.92096219931272,3,0.34085704758763313,0.0021846871211185564,0.86875,59,0,14777,True,6,1
1156,38.231002211341405,41.20274914089347,3,0.3398461155593395,0.002729775722517481,0.86796875,59,0,14777,True,6,1
1157,41.54289276439883,44.512027491408936,3,0.33641873598098754,0.0031012368833407584,0.87265625,59,0,14767,True,6,1
1158,39.88057198942295,42.8510105422564,3,0.34218761026859285,0.003002529806713712,0.87265625,59,0,14773,True,6,1
1159,39.212818366234536,42.184343875589725,3,0.3425025187432766,0.003328910664206381,0.87265625,59,0,14775,True,6,1
1160,39.25965641097378,42.230240549828174,3,0.3396104007959366,0.0021283023443813016,0.8734375,59,0,14775,True,6,1
1161,40.26016296336399,43.230240549828174,3,0.3383128084242344,0.004160119110716427,0.8734375,59,0,14771,True,6,1
1162,38.909702041949096,41.88071524258838,3,0.3385634496808052,0.0029876843048771517,0.86796875,59,0,14775,True,6,1
1163,39.052529473462684,42.02405498281787,3,0.33674942404031755,0.003364023421489671,0.8703125,59,0,14775,True,6,1
1164,41.20990938698318,44.1786941580756,3,0.3382766887545586,0.0014982018726703245,0.87265625,59,0,14769,True,6,1
1165,40.23236214398707,43.20274914089347,3,0.3405564114451408,0.0031649713873091122,0.86796875,59,0,14771,True,6,1
1166,40.312443511270466,43.28178694158076,3,0.3397241488099098,0.003994011164353615,0.87421875,59,0,14771,True,6,1
1167,42.03487050469409,45.0,3,0.3404505096375942,0.0023008937848945517,0.86796875,59,0,14763,True,6,1
1168,40.38760765805459,43.3573883161512,3,0.34343291372060775,0.002655375096291784,0.8703125,59,0,14771,True,6,1
1169,39.519632023047976,42.49018579998835,3,0.34013879895210264,0.003638021189646634,0.8671875,59,0,14773,True,6,1
1170,38.71952596639528,41.69072164948454,3,0.34158618077635766,0.0016732752449514767,0.8703125,59,0,14775,True,6,1
1171,40.772477601877185,43.74226804123711,3,0.3390567258000374,0.0022353030297216792,0.87109375,59,0,14769,True,6,1
1172,39.67489131837346,42.64482497524608,3,0.34225152209401133,0.003740224068579242,0.86953125,59,0,14773,True,6,1
1173,40.60032522073819,43.569223600675635,3,0.33783297017216685,0.0029640077099476443,0.8734375,59,0,14771,True,6,1
1174,40.26081387258687,43.230240549828174,3,0.3375645376741886,0.004288228446377955,0.8734375,59,0,14771,True,6,1
1175,39.777050144132886,42.747917758751235,3,0.34046330526471136,0.005199532007572652,0.87109375,59,0,14773,True,6,1
1176,39.727025853017885,42.69637136699866,3,0.3393885314464569,0.000981568727180773,0.8703125,59,0,14773,True,6,1
1177,41.08212592183591,44.051546391752574,3,0.3388551212847233,0.003986792746434849,0.87578125,59,0,14769,True,6,1
1178,41.029770317942834,44.0,3,0.33866823762655257,0.00350142091569534,0.875,59,0,14769,True,6,1
1179,39.696717021206084,42.666666666666664,3,0.3389065258204937,0.0025282094471886364,0.875,59,0,14773,True,6,1
1180,40.5416193004895,43.512027491408936,3,0.3364132925868034,0.002722272146055001,0.87265625,59,0,14771,True,6,1
1181,42.03352186113863,45.0,3,0.33978030234575274,0.0023123931368356563,0.87109375,59,0,14765,True,6,1
1182,39.3103205245672,42.28178694158076,3,0.33966534659266473,0.0028696788397724036,0.87421875,59,0,14775,True,6,1
1183,39.88104936038659,42.8510105422564,3,0.3402180947363377,0.0017951412895354673,0.87265625,59,0,14773,True,6,1
1184,40.440676150444745,43.40893470790378,3,0.3390541270375252,0.001892153234913874,0.87109375,59,0,14771,True,6,1
1185,39.05295853524758,42.02405498281787,3,0.3404793992638588,0.001712537410415481,0.8703125,59,0,14775,True,6,1
1186,38.30962248665303,41.28178694158076,3,0.34029603749513626,0.001864211299047299,0.87421875,59,0,14777,True,6,1
1187,41.41655154077558,44.38487972508591,3,0.3371094323694706,0.004316398673351685,0.87578125,59,0,14769,True,6,1
1188,39.87545132245903,42.84536082474227,3,0.3414309620857239,0.0020561209289502625,0.87265625,59,0,14773,True,6,1
1189,39.77756245284879,42.747917758751235,3,0.34063067436218264,0.002468751496612335,0.87109375,59,0,14773,True,6,1
1190,39.66824855077198,42.63917525773196,3,0.33990626186132433,0.0017700919564671471,0.86953125,59,0,14773,True,6,1
1191,39.20765680284694,42.1786941580756,3,0.3396807245910168,0.003014588479475886,0.87265625,59,0,14775,True,6,1
1192,40.56723122298065,43.5360824742268,3,0.33863781690597533,0.0029666445601698004,0.86796875,59,0,14769,True,6,1
1193,38.55120261468679,41.523326926437186,3,0.3368548803031445,0.005137221092779493,0.87265625,59,0,14777,True,6,1
1194,38.23118140469047,41.20274914089347,3,0.34128250628709794,0.0036094704778705335,0.86796875,59,0,14777,True,6,1
1195,38.488785849690856,41.460481099656356,3,0.3416783221065998,0.002573516081324218,0.871875,59,0,14777,True,6,1
1196,40.7478048674998,43.71821305841924,3,0.34040156602859495,0.0013222386005129205,0.87578125,59,0,14771,True,6,1
1197,37.935424445035856,40.908206651523095,3,0.34066919311881066,0.0025432095859018516,0.8734375,59,0,14779,True,6,1
1198,40.54268731624008,43.512027491408936,3,0.3385318197309971,0.0032253180724121744,0.87265625,59,0,14771,True,6,1
1199,38.39029064127084,41.36303803366533,3,0.34118283689022066,0.002382057826804112,0.8703125,59,0,14777,True,6,1
1200,39.161271974481956,42.132797483837145,3,0.33859388828277587,0.002868497186485615,0.871875,59,0,14775,True,6,1
1201,39.82340624207025,42.793814432989684,3,0.34082658737897875,0.002229219440085294,0.871875,59,0,14771,True,6,1
1202,40.28496809092371,43.25429553264605,3,0.33747691810131075,0.0031355470461672382,0.86875,59,0,14771,True,6,1
1203,39.10966649038775,42.08125109208457,3,0.3411433346569538,0.001373602695351711,0.87109375,59,0,14775,True,6,1
1204,40.46652284682286,43.43642611683849,3,0.3379163324832916,0.0024032402231860574,0.8765625,59,0,14771,True,6,1
1205,40.28439223768745,43.25429553264605,3,0.34133366122841835,0.005891082062404584,0.86875,59,0,14771,True,6,1
1206,39.82243450965544,42.793814432989684,3,0.340721084177494,0.0023236524027077155,0.871875,59,0,14773,True,6,1
1207,39.71973585018293,42.69072164948454,3,0.33735556825995444,0.0009835199007968852,0.8703125,59,0,14773,True,6,1
1208,39.54111973361326,42.512027491408936,3,0.3388053417205811,0.0023375323836942875,0.87265625,59,0,14773,True,6,1
1209,39.72078799261192,42.69072164948454,3,0.3406382597982883,0.003852974627063776,0.8703125,59,0,14773,True,6,1
1210,40.156246215851986,43.12714776632302,3,0.3384192526340485,0.002890566340707942,0.871875,59,0,14771,True,6,1
1211,42.03288173507863,45.0,3,0.33821911662817,0.004164907498814229,0.87265625,59,0,14765,True,6,1
1212,41.05581449761728,44.02405498281787,3,0.33933527693152427,0.003656517224991883,0.8703125,59,0,14769,True,6,1
1213,39.72034218899272,42.69072164948454,3,0.3393871307373047,0.0031157565048671176,0.8703125,59,0,14773,True,6,1
1214,39.12108411009926,42.09255052711282,3,0.34085151329636576,0.0031761358644676694,0.87109375,59,0,14775,True,6,1
1215,40.18189946200793,43.15120274914089,3,0.3404639258980751,0.002085712793412112,0.8671875,59,0,14771,True,6,1
1216,39.77233438436449,42.74226804123711,3,0.3397993505001068,0.003533014069939763,0.87109375,59,0,14773,True,6,1
1217,41.112640637440705,44.08125109208457,3,0.33825173154473304,0.0029458825246327976,0.87109375,59,0,14769,True,6,1
1218,38.771131450489484,41.74226804123711,3,0.3393263600766659,0.0015138221965706588,0.87109375,59,0,14775,True,6,1
1219,39.566121292356996,42.5360824742268,3,0.3398438662290573,0.002977496461733308,0.86796875,59,0,14773,True,6,1
1220,40.21383644915133,43.184343875589725,3,0.3378702476620674,0.0038628566043351856,0.87265625,59,0,14771,True,6,1
1221,40.54100114663186,43.512027491408936,3,0.338601092249155,0.0020515100393657744,0.87265625,59,0,14771,True,6,1
1222,39.62235187653353,42.59327858349351,3,0.3417649999260902,0.0019911791218187908,0.86875,59,0,14773,True,6,1
1223,37.66543493890961,40.63917525773196,3,0.3401872843503952,0.0031871081271918748,0.86953125,59,0,14779,True,6,1
1224,38.154924219053655,41.12714776632302,3,0.33965991735458373,0.001843474601266962,0.871875,59,0,14777,True,6,1
1225,42.03372445583072,45.0,3,0.34046686738729476,0.0013147690021013746,0.87265625,59,0,14765,True,6,1
1226,39.43788461083547,42.40893470790378,3,0.3396192379295826,0.0012830770648470553,0.87109375,59,0,14773,True,6,1
1227,40.43949204207452,43.40893470790378,3,0.3398511789739132,0.002985332999391132,0.87109375,59,0,14771,True,6,1
1228,40.289966121025635,43.25994525016017,3,0.3383952066302299,0.002747499525991473,0.86875,59,0,14771,True,6,1
1229,39.62806068638928,42.59892830100763,3,0.3413425087928772,0.0025803784902197237,0.86875,59,0,14773,True,6,1
1230,39.82332377332856,42.793814432989684,3,0.33952671363949777,0.004185651712499626,0.871875,59,0,14771,True,6,1
1231,39.20811001922121,42.1786941580756,3,0.3405984498560429,0.0034493030779544137,0.87265625,59,0,14775,True,6,1
1232,39.77185364299304,42.74226804123711,3,0.3388750322163105,0.002428375697217415,0.87109375,59,0,14773,True,6,1
1233,41.04236711923812,44.01129943502825,3,0.3397527918219566,0.0016240537433669093,0.875,59,0,14769,True,6,1
1234,40.669859228759336,43.63917525773196,3,0.34053634777665137,0.004190837642732983,0.86953125,59,0,14769,True,6,1
1235,40.2327941663483,43.20274914089347,3,0.33805967792868613,0.002630741545501296,0.86796875,59,0,14771,True,6,1
1236,40.335560378728964,43.30584192439862,3,0.3397949106991291,0.003422365869224638,0.86953125,59,0,14771,True,6,1
1237,41.21001719833504,44.1786941580756,3,0.3405300728976727,0.003782146620282426,0.87265625,59,0,14769,True,6,1
1238,39.105017235716055,42.07560137457045,3,0.33792784512043,0.0015270452850298436,0.87109375,59,0,14775,True,6,1
1239,38.28782093840977,41.25994525016017,3,0.34107814729213715,0.003657623364527057,0.86875,59,0,14777,True,6,1
1240,39.61766768410958,42.58762886597938,3,0.33944992572069166,0.0030471223103269896,0.86875,59,0,14773,True,6,1
1241,39.3679456956188,42.33898305084746,3,0.3399576783180237,0.002515414621475535,0.875,59,0,14775,True,6,1
1242,39.42459455841734,42.39617916011416,3,0.33876084312796595,0.0041568815604687975,0.87578125,59,0,14775,True,6,1
1243,39.66876085948788,42.63917525773196,3,0.34166995957493784,0.00403188254078861,0.86953125,59,0,14773,True,6,1
1244,39.156134565683736,42.12714776632302,3,0.3412586934864521,0.002916623074796763,0.871875,59,0,14775,True,6,1
1245,39.98373528641259,42.95410332576155,3,0.33911667242646215,0.002697426240615212,0.87421875,59,0,14773,True,6,1
1246,39.00143629808437,41.97250859106529,3,0.34094675332307817,0.0027881094458322548,0.86953125,59,0,14775,True,6,1
1247,38.44188871260997,41.41458442541791,3,0.3416418194770813,0.001874138574353679,0.87109375,59,0,14777,True,6,1
1248,40.543129111471494,43.512027491408936,3,0.3374139808118343,0.0005194630281776053,0.87265625,59,0,14771,True,6,1
1249,39.05304178217859,42.02405498281787,3,0.3371766947209835,0.0019284896400592027,0.8703125,59,0,14775,True,6,1
1250,39.72651354430198,42.69637136699866,3,0.34017080515623094,0.004855536100796243,0.8703125,59,0,14773,True,6,1
1251,39.46403230300117,42.43642611683849,3,0.3387477874755859,0.0030973399387272046,0.8765625,59,0,14775,True,6,1
1252,39.3622155680905,42.333333333333336,3,0.3379575923085213,0.00319646829954732,0.875,59,0,14773,True,6,1
1253,38.822619528089746,41.793814432989684,3,0.34103143960237503,0.0022315139665628377,0.871875,59,0,14775,True,6,1
1254,39.72642096829174,42.69637136699866,3,0.3409617945551872,0.002369843603333402,0.8703125,59,0,14773,True,6,1
1255,39.48945515717741,42.460481099656356,3,0.3394119322299957,0.0014488137316579304,0.871875,59,0,14773,True,6,1
1256,42.03451415797964,45.0,3,0.33947435691952704,0.002687716217695577,0.871875,59,0,14765,True,6,1
1257,39.82388818887214,42.793814432989684,3,0.3389150857925415,0.0029064885410793953,0.871875,59,0,14773,True,6,1
1258,41.2402638160506,44.20839885840759,3,0.33991135880351064,0.0039343334826043115,0.86796875,59,0,14767,True,6,1
1259,40.44016384172884,43.40893470790378,3,0.34142091274261477,0.002157657721162087,0.87109375,59,0,14771,True,6,1
1260,38.77070238870459,41.74226804123711,3,0.3384027436375618,0.004843601067604241,0.87109375,59,0,14775,True,6,1
1261,39.51458568376731,42.48453608247423,3,0.34160764515399933,0.002148646957797719,0.8671875,59,0,14773,True,6,1
1262,40.9790922306724,43.948453608247426,3,0.33806952461600304,0.004552149259275803,0.87421875,59,0,14769,True,6,1
1263,40.260865552173435,43.230240549828174,3,0.34148023575544356,0.0017576156065744334,0.8734375,59,0,14771,True,6,1
1264,42.033591736643146,45.0,3,0.3393463887274265,0.004003202223917408,0.87421875,59,0,14765,True,6,1
1265,42.0328814090734,45.0,3,0.3399884358048439,0.002856643213511357,0.87578125,59,0,14767,True,6,1
1266,38.64293687082206,41.61512027491409,3,0.33991171345114707,0.004655973710827511,0.87421875,59,0,14777,True,6,1
1267,39.334815981919675,42.30584192439862,3,0.338287191838026,0.003683416234533787,0.86953125,59,0,14773,True,6,1
1268,39.696129656503565,42.666666666666664,3,0.33990671709179876,0.0010529281812630862,0.875,59,0,14773,True,6,1
1269,40.548802983574994,43.51767720892306,3,0.3397976204752922,0.002123554924171042,0.87265625,59,0,14771,True,6,1
1270,39.66927316820378,42.63917525773196,3,0.3403510071337223,0.0014946473379407416,0.86953125,59,0,14773,True,6,1
1271,40.03574762798595,43.005649717514125,3,0.33885638043284416,0.0010218191390355814,0.875,59,0,14773,True,6,1
1272,39.61825919740923,42.58762886597938,3,0.3408280096948147,0.0020437451754811843,0.86875,59,0,14773,True,6,1
1273,42.0336622417345,45.0,3,0.34076067581772806,0.002240865015120404,0.8734375,59,0,14763,True,6,1
1274,38.49400650542008,41.46613081717048,3,0.34201562255620954,0.002440890878034303,0.871875,59,0,14777,True,6,1
1275,38.53984408731691,41.512027491408936,3,0.34010741040110587,0.0020164171240956304,0.87265625,59,0,14777,True,6,1
1276,40.438979733358615,43.40893470790378,3,0.33442705795168876,0.005761636372556665,0.87109375,59,0,14771,True,6,1
1277,41.67106957538941,44.63917525773196,3,0.34086992144584655,0.0033282788655456886,0.86953125,59,0,14767,True,6,1
1278,38.44246011366751,41.41458442541791,3,0.3376681700348854,0.0029993606147013284,0.87109375,59,0,14777,True,6,1
1279,38.87418929624239,41.84536082474227,3,0.3409398503601551,0.002175908739237185,0.87265625,59,0,14775,True,6,1
1280,38.33321271668739,41.30584192439862,3,0.3405060671269894,0.0018690416781003511,0.86953125,59,0,14777,True,6,1
1281,38.33365852030659,41.30584192439862,3,0.3363938182592392,0.0045303321574317315,0.86953125,59,0,14777,True,6,1
1282,40.49171764623648,43.460481099656356,3,0.3399267852306366,0.0020631429522349593,0.871875,59,0,14771,True,6,1
1283,39.2127425320586,42.184343875589725,3,0.34018803015351295,0.002827850206970739,0.87265625,59,0,14775,True,6,1
1284,40.953126621307646,43.92096219931272,3,0.34095723554491997,0.0027825296794452706,0.86875,59,0,14769,True,6,1
1285,40.369639620537164,43.33898305084746,3,0.3402656987309456,0.0014474531615926685,0.875,59,0,14771,True,6,1
1286,37.615334813618674,40.58762886597938,3,0.3400049515068531,0.0024429909643200764,0.86875,59,0,14779,True,6,1
1287,38.71953337915035,41.69072164948454,3,0.33845931515097616,0.003308800118451496,0.8703125,59,0,14775,True,6,1
1288,40.95158187257339,43.92096219931272,3,0.3410744793713093,0.0021884700783495322,0.86875,59,0,14769,True,6,1
1289,38.43715621100728,41.40893470790378,3,0.341282856464386,0.0012609806327797527,0.87109375,59,0,14777,True,6,1
1290,39.66810917207568,42.63917525773196,3,0.34266660958528516,0.00329627487124473,0.86953125,59,0,14773,True,6,1
1291,40.38749243394767,43.3573883161512,3,0.33950763642787934,0.003668129918221483,0.8703125,59,0,14771,True,6,1
1292,39.92743418875157,42.896907216494846,3,0.3385127954185009,0.0030313803732439836,0.8734375,59,0,14773,True,6,1
1293,39.77645754906232,42.747917758751235,3,0.33860324770212175,0.0027705234142929107,0.87109375,59,0,14773,True,6,1
1294,41.6194187426928,44.58762886597938,3,0.33809537068009377,0.0022475767675322026,0.86875,59,0,14767,True,6,1
1295,40.157804336012724,43.12714776632302,3,0.34001988768577573,0.003511714165527951,0.871875,59,0,14771,True,6,1
1296,39.43731617035427,42.40893470790378,3,0.3409550778567791,0.0020647181152952682,0.87109375,59,0,14773,True,6,1
1297,38.67941393618852,41.650474692760206,3,0.34285506457090376,0.002228434759456666,0.86953125,59,0,14775,True,6,1
1298,40.29583846416706,43.265594967674296,3,0.3407548345625401,0.0054896319358097075,0.86875,59,0,14771,True,6,1
1299,41.87720683322098,44.84536082474227,3,0.3390380062162876,0.004673715631301485,0.87265625,59,0,14767,True,6,1
1300,39.16075966576606,42.132797483837145,3,0.3384634040296078,0.002481929824229526,0.871875,59,0,14775,True,6,1
1301,41.10628014017275,44.07560137457045,3,0.3395072966814041,0.0025468502182366052,0.87109375,59,0,14769,True,6,1
1302,40.92748674657818,43.896907216494846,3,0.33896100893616676,0.0032081123532646284,0.8734375,59,0,14769,True,6,1
1303,40.54374477936052,43.512027491408936,3,0.3388850875198841,0.004178259269289946,0.87265625,59,0,14771,True,6,1
1304,39.41341330807235,42.38487972508591,3,0.3383918896317482,0.0030855396352798266,0.87578125,59,0,14775,True,6,1
1305,41.54324153982906,44.512027491408936,3,0.34057389870285987,0.0035711456674037394,0.87265625,59,0,14767,True,6,1
1306,39.283651120962574,42.25429553264605,3,0.3391130305826664,0.0017144619539895564,0.86875,59,0,14773,True,6,1
1307,39.180641584388425,42.15120274914089,3,0.33995413333177565,0.004481935339982688,0.8671875,59,0,14773,True,6,1
1308,40.82550965002238,43.793814432989684,3,0.33985072672367095,0.0028117066080842177,0.871875,59,0,14769,True,6,1
1309,42.031447308607824,45.0,3,0.3375591918826103,0.006218282491676231,0.86953125,59,0,14765,True,6,1
1310,40.490641349218116,43.460481099656356,3,0.3396671935915947,0.005750406944383989,0.871875,59,0,14771,True,6,1
1311,40.75488813457888,43.72386277593336,3,0.33978216648101806,0.003850733335482118,0.87578125,59,0,14769,True,6,1
1312,40.05414015145004,43.02405498281787,3,0.34253514036536215,0.003465840610130191,0.8703125,59,0,14771,True,6,1
1313,38.89850596609397,41.86941580756013,3,0.3402875155210495,0.002266014348810673,0.86796875,59,0,14775,True,6,1
1314,39.39201209118639,42.36303803366533,3,0.34262384846806526,0.0030548398054932343,0.8703125,59,0,14773,True,6,1
1315,39.10407586521526,42.07560137457045,3,0.3399617373943329,0.0031155405809314067,0.87109375,59,0,14775,True,6,1
1316,39.931549940694325,42.90255693400897,3,0.335664801299572,0.0017199516491455808,0.8734375,59,0,14773,True,6,1
1317,39.72092291912949,42.69072164948454,3,0.3388125367462635,0.0036713277782066704,0.8703125,59,0,14773,True,6,1
1318,39.104529081589526,42.07560137457045,3,0.3406364135444164,0.001410272387754963,0.87109375,59,0,14775,True,6,1
1319,41.030802155710646,44.0,3,0.3399855695664883,0.0037084433715803464,0.875,59,0,14769,True,6,1
1320,39.9382918285484,42.908206651523095,3,0.3388594202697277,0.0038552972491832293,0.8734375,59,0,14773,True,7,1
1321,39.38636237367226,42.35738831615121,3,0.34022843539714814,0.0027225422108279524,0.8703125,59,0,14773,True,7,1
1322,39.72036634358209,42.69072164948454,3,0.3417834997177124,0.002132299040716523,0.8703125,59,0,14773,True,7,1
1323,41.678100508352124,44.64482497524608,3,0.3407799586653709,0.0029365672810587762,0.86953125,59,0,14767,True,7,1
1324,41.60194746007775,44.569223600675635,3,0.34132654294371606,0.0016279792540222378,0.8734375,59,0,14767,True,7,1
1325,40.77806822704968,43.747917758751235,3,0.3418420746922493,0.002512739899747444,0.87109375,59,0,14769,True,7,1
1326,39.36184276173041,42.333333333333336,3,0.337944682687521,0.002516960583925247,0.875,59,0,14775,True,7,1
1327,39.46205025031516,42.432989690721655,3,0.34300368651747704,0.001662409909771368,0.86640625,59,0,14773,True,7,1
1328,42.03289478049989,45.0,3,0.3391795516014099,0.0026293156452063585,0.87578125,59,0,14767,True,7,1
1329,41.67028132732413,44.63917525773196,3,0.33997065126895903,0.0036063842058320743,0.86953125,59,0,14767,True,7,1
1330,40.239071416685256,43.20839885840759,3,0.3409937933087349,0.003404950063999506,0.86796875,59,0,14771,True,7,1
1331,41.26194097228594,44.230240549828174,3,0.3406470164656639,0.003882219199440858,0.8734375,59,0,14769,True,7,1
1332,39.593036094809094,42.56357388316151,3,0.3401989959180355,0.00236519420782482,0.8734375,59,0,14773,True,7,1
1333,41.98092269737023,44.948453608247426,3,0.3375864364206791,0.001227580067985714,0.87421875,59,0,14767,True,7,1
1334,39.17348862542163,42.144096918865394,3,0.3406305849552155,0.0022144926089752463,0.871875,59,0,14775,True,7,1
1335,41.107336734780475,44.07560137457045,3,0.33865088000893595,0.004825533020316246,0.87109375,59,0,14769,True,7,1
1336,38.33412535676057,41.30584192439862,3,0.34067616015672686,0.003362754835830123,0.86953125,59,0,14775,True,7,1
1337,41.05584485953129,44.02405498281787,3,0.3424003005027771,0.002736378501188981,0.8703125,59,0,14767,True,7,1
1338,40.31712770369442,43.28743665909489,3,0.33895590379834173,0.003841426338353776,0.87421875,59,0,14771,True,7,1
1339,41.10685599340901,44.07560137457045,3,0.3418786622583866,0.001970076665417249,0.87109375,59,0,14769,True,7,1
1340,40.12953644535978,43.09965635738832,3,0.34405915439128876,0.005159914172010336,0.86640625,59,0,14771,True,7,1
1341,39.104134957556894,42.07560137457045,3,0.3403979793190956,0.0030754610709754597,0.87109375,59,0,14775,True,7,1
1342,39.00663279922423,41.97815830857942,3,0.3395237162709236,0.002213261223714664,0.86953125,59,0,14775,True,7,1
1343,42.03467203365616,45.0,3,0.3377044402062893,0.004304234548682032,0.86953125,59,0,14763,True,7,1
1344,41.82721747985823,44.79381443298969,3,0.3375512346625328,0.002798278535608711,0.871875,59,0,14767,True,7,1
1345,40.59475875015507,43.56357388316151,3,0.34065094515681266,0.0016014260824376175,0.8734375,59,0,14771,True,7,1
1346,39.776991051791256,42.747917758751235,3,0.34136789441108706,0.001177264132521328,0.87109375,59,0,14773,True,7,1
1347,40.445197891353935,43.41458442541791,3,0.33954197317361834,0.0034936224725936054,0.87109375,59,0,14771,True,7,1
1348,38.694542354916265,41.666666666666664,3,0.33887984678149224,0.0033353260540561814,0.875,59,0,14777,True,7,1
1349,41.92972953322661,44.896907216494846,3,0.34025327637791636,0.0018286506016256972,0.8734375,59,0,14767,True,7,1
1350,39.66927316820378,42.63917525773196,3,0.3415515787899494,0.003897225786670368,0.86953125,59,0,14773,True,7,1
1351,41.05526725114911,44.02405498281787,3,0.3379697114229202,0.005089425510142999,0.8703125,59,0,14769,True,7,1
1352,39.720736313025355,42.69072164948454,3,0.34118029475212097,0.004167691105640879,0.8703125,59,0,14773,True,7,1
1353,40.34105929640394,43.311491641912745,3,0.3402993269264698,0.003237018049798352,0.86953125,59,0,14771,True,7,1
1354,40.65193070483241,43.620769992428215,3,0.3373026862740517,0.0017250277994304065,0.87421875,59,0,14771,True,7,1
1355,38.83348912314378,41.80511386801793,3,0.3409766361117363,0.0015867801197032275,0.871875,59,0,14775,True,7,1
1356,40.34749562784783,43.31714135942687,3,0.3395496644079685,0.00321412435449175,0.86953125,59,0,14771,True,7,1
1357,38.59139047906948,41.56357388316151,3,0.34103530272841454,0.0016799416593070023,0.8734375,59,0,14777,True,7,1
1358,39.00663279922423,41.97815830857942,3,0.33808770403265953,0.002314560159663595,0.86953125,59,0,14775,True,7,1
1359,38.38520491205918,41.35738831615121,3,0.33822766318917274,0.0009629630682780245,0.8703125,59,0,14777,True,7,1
1360,41.060539586464905,44.029704700332,3,0.33760335594415664,0.002414431729130884,0.8703125,59,0,14769,True,7,1
1361,39.058127511390246,42.029704700332,3,0.3429718121886253,0.002328720494229598,0.8703125,59,0,14775,True,7,1
1362,40.548349767200726,43.51767720892306,3,0.34035764336586,0.0025448186235562877,0.87265625,59,0,14771,True,7,1
1363,42.03183623560853,45.0,3,0.3388820946216583,0.002368421531909689,0.87578125,59,0,14767,True,7,1
1364,42.03294213290143,45.0,3,0.33934763073921204,0.0037335075069992673,0.87265625,59,0,14763,True,7,1
1365,41.72216275076772,44.69072164948454,3,0.3407611154019833,0.006170924051187522,0.8703125,59,0,14767,True,7,1
1366,40.08119108585013,43.051546391752574,3,0.3400167316198349,0.003930165481296,0.87578125,59,0,14773,True,7,1
1367,41.158977794606905,44.12714776632302,3,0.33978026211261747,0.0030634575991052857,0.871875,59,0,14769,True,7,1
1368,40.779066507505085,43.747917758751235,3,0.34208045676350596,0.003377758495943038,0.87109375,59,0,14769,True,7,1
1369,38.67311776163024,41.64482497524608,3,0.341267354786396,0.0013398745369771526,0.86953125,59,0,14775,True,7,1
1370,40.905685198334936,43.87506552507426,3,0.33651575073599815,0.0019384794072586475,0.86796875,59,0,14769,True,7,1
1371,39.87384152271173,42.84536082474227,3,0.3369545765221119,0.0032269989067631043,0.87265625,59,0,14773,True,7,1
1372,38.44240102132588,41.41458442541791,3,0.34011829644441605,0.0008986482136268421,0.87109375,59,0,14777,True,7,1
1373,40.97921887592218,43.948453608247426,3,0.34171261787414553,0.004001000944602902,0.87421875,59,0,14769,True,7,1
1374,41.87620933095489,44.84536082474227,3,0.341228275001049,0.002314469437198296,0.87265625,59,0,14767,True,7,1
1375,39.161760128608485,42.132797483837145,3,0.3395215556025505,0.004340926285249403,0.871875,59,0,14775,True,7,1
1376,40.08449133376916,43.05375968314986,3,0.33782286047935484,0.0033108438574323594,0.865625,59,0,14771,True,7,1
1377,40.662717831144754,43.632069427456464,3,0.3421682186424732,0.003962828228901485,0.87421875,59,0,14771,True,7,1
1378,41.77433963591946,44.74226804123711,3,0.338112884759903,0.0031316839840069624,0.87109375,59,0,14767,True,7,1
1379,40.645422863748486,43.61512027491409,3,0.33650644272565844,0.0015219167970181946,0.87421875,59,0,14771,True,7,1
1380,42.03453223023809,45.0,3,0.34128262251615527,0.0035948633531693915,0.86796875,59,0,14763,True,7,1
1381,38.80044723221392,41.77197274156911,3,0.33972384333610534,0.001322790918382508,0.86640625,59,0,14775,True,7,1
1382,40.70284956376215,43.67231638418079,3,0.3398443512618542,0.003442019649637282,0.875,59,0,14771,True,7,1
1383,38.26361504048637,41.2358902673423,3,0.33959515765309334,0.0023370829415832886,0.8734375,59,0,14777,True,7,1
1384,37.83227998194413,40.80511386801793,3,0.34041783958673477,0.0016859876810961414,0.871875,59,0,14779,True,7,1
1385,41.56807082197815,44.5360824742268,3,0.3405065819621086,0.0029854475912181756,0.86796875,59,0,14767,True,7,1
1386,37.821032226502446,40.793814432989684,3,0.3372266307473183,0.003169994741943728,0.871875,59,0,14779,True,7,1
1387,41.16504515276308,44.132797483837145,3,0.3369061164557934,0.002541080038907364,0.871875,59,0,14769,True,7,1
1388,40.6523597666173,43.620769992428215,3,0.33936480432748795,0.002645203563170534,0.87421875,59,0,14771,True,7,1
1389,42.03316788028332,45.0,3,0.33941014036536216,0.002117469239576128,0.87109375,59,0,14765,True,7,1
1390,41.72317399677304,44.69072164948454,3,0.3381715424358845,0.0022498055193194725,0.8703125,59,0,14767,True,7,1
1391,41.44128781967332,44.40893470790378,3,0.33829073011875155,0.0025789320972530497,0.87109375,59,0,14767,True,7,1
1392,41.645869545607745,44.61512027491409,3,0.3408555440604687,0.0042306924743965215,0.87421875,59,0,14767,True,7,1
1393,39.978074147755606,42.948453608247426,3,0.33796262741088867,0.002192306973117022,0.87421875,59,0,14773,True,7,1
1394,38.86002774882798,41.83260527695265,3,0.3383361637592316,0.0013707977290150835,0.87734375,59,0,14777,True,7,1
1395,40.696397854443525,43.666666666666664,3,0.3383947744965553,0.0017046707127334362,0.875,59,0,14771,True,7,1
1396,39.82275279951214,42.793814432989684,3,0.3391106590628624,0.003751334680859955,0.871875,59,0,14773,True,7,1
1397,41.92844234787192,44.896907216494846,3,0.33967348113656043,0.0016482077581226743,0.8734375,59,0,14767,True,7,1
1398,39.720248158898826,42.69072164948454,3,0.3406973756849766,0.0024836145444138077,0.8703125,59,0,14773,True,7,1
1399,41.33877576630493,44.30584192439862,3,0.34099979773163797,0.002776961917283178,0.86953125,59,0,14767,True,7,1
1400,41.20902414824767,44.1786941580756,3,0.3394195184111595,0.0036409472083978097,0.87265625,59,0,14769,True,7,1
1401,42.0317800954501,45.0,3,0.3386967197060585,0.003863761250839747,0.871875,59,0,14765,True,7,1
1402,39.21895623787519,42.18999359310385,3,0.33846712708473203,0.0032822520224213203,0.87265625,59,0,14775,True,7,1
1403,41.928268031423364,44.896907216494846,3,0.33912806063890455,0.003002995080053218,0.8734375,59,0,14767,True,7,1
1404,40.392769221442194,43.36303803366533,3,0.34074484556913376,0.0020442697231046283,0.8703125,59,0,14771,True,7,1
1405,39.616702159019404,42.58762886597938,3,0.34038952365517616,0.0022290374022376053,0.86875,59,0,14773,True,7,1
1406,39.72700169842851,42.69637136699866,3,0.34014410674571993,0.003524130658260389,0.8703125,59,0,14773,True,7,1
1407,40.38895393575092,43.3573883161512,3,0.33917523846030234,0.0037439115497651743,0.8703125,59,0,14771,True,7,1
1408,40.548862075916624,43.51767720892306,3,0.3386166229844093,0.003408757886710294,0.87265625,59,0,14771,True,7,1
1409,38.05748115306263,41.029704700332,3,0.3397314265370369,0.0007394855683172386,0.8703125,59,0,14777,True,7,1
1410,41.88357220738944,44.8510105422564,3,0.3400454714894295,0.003223105845141133,0.87265625,59,0,14767,True,7,1
1411,38.487332170474154,41.460481099656356,3,0.3396828204393387,0.005837048110475498,0.871875,59,0,14777,True,7,1
1412,40.598954788452495,43.569223600675635,3,0.3388547994196415,0.0039357294903725444,0.8734375,59,0,14771,True,7,1
1413,39.29511627166352,42.265594967674296,3,0.3402789458632469,0.002151393668064171,0.86875,59,0,14773,True,7,1
1414,40.650501180205076,43.620769992428215,3,0.33769911006093023,0.0025180400864671455,0.87421875,59,0,14771,True,7,1
1415,41.06130068184573,44.029704700332,3,0.34094794616103175,0.002557070698831746,0.8703125,59,0,14769,True,7,1
1416,39.110673160554825,42.08125109208457,3,0.3395160861313343,0.003478854169172877,0.87109375,59,0,14773,True,7,1
1417,41.05581449761728,44.02405498281787,3,0.34119250550866126,0.001262846457319809,0.8703125,59,0,14769,True,7,1
1418,39.258774132814615,42.230240549828174,3,0.33995689228177073,0.003963927013928199,0.8734375,59,0,14775,True,7,1
1419,39.052017164746786,42.02405498281787,3,0.33865536078810693,0.0028539776024539003,0.8703125,59,0,14775,True,7,1
1420,41.72304502892689,44.69072164948454,3,0.3405876040458679,0.0028487824396732754,0.8703125,59,0,14767,True,7,1
1421,40.490641349218116,43.460481099656356,3,0.3411692090332508,0.0042506277600221345,0.871875,59,0,14771,True,7,1
1422,41.38921833604195,44.3573883161512,3,0.34073382914066314,0.0026022392705623005,0.8703125,59,0,14767,True,7,1
1423,39.82896650532873,42.79946415050381,3,0.33758203461766245,0.0034989514269436503,0.871875,59,0,14773,True,7,1
1424,41.56804666738878,44.5360824742268,3,0.3424068532884121,0.002150934987134942,0.86796875,59,0,14767,True,7,1
1425,41.06105930793587,44.029704700332,3,0.33816115334630015,0.005596971570621349,0.8703125,59,0,14769,True,7,1
1426,39.28332868250874,42.25429553264605,3,0.3396370440721512,0.002719296280909116,0.86875,59,0,14773,True,7,1
1427,41.05385147026101,44.02405498281787,3,0.338172460347414,0.00203770777718877,0.8703125,59,0,14769,True,7,1
1428,42.03232795263149,45.0,3,0.34080467075109483,0.0013290880239212905,0.87421875,59,0,14765,True,7,1
1429,39.15555784393475,42.12714776632302,3,0.3385356605052948,0.0022124904265359135,0.871875,59,0,14775,True,7,1
1430,40.49648508559144,43.46613081717048,3,0.34141780734062194,0.003389902305058608,0.871875,59,0,14771,True,7,1
1431,40.157351119638456,43.12714776632302,3,0.34136817157268523,0.0022672384545647946,0.871875,59,0,14771,True,7,1
1432,39.23224291988549,42.20274914089347,3,0.3403311863541603,0.0032758815781204903,0.86796875,59,0,14773,True,7,1
1433,38.44240102132588,41.41458442541791,3,0.33952755853533745,0.0013294944735432917,0.87109375,59,0,14777,True,7,1
1434,42.03306256243343,45.0,3,0.3405880980193615,0.0034905840180998703,0.86875,59,0,14763,True,7,1
1435,40.65706811363063,43.62641970994234,3,0.3384986653923988,0.004227869784050554,0.87421875,59,0,14771,True,7,1
1436,40.06068370847554,43.029704700332,3,0.3397264271974564,0.0022816559064477416,0.8703125,59,0,14771,True,7,1
1437,40.54275914202823,43.512027491408936,3,0.34171508997678757,0.0027844714952262434,0.87265625,59,0,14771,True,7,1
1438,41.95282258111747,44.92096219931271,3,0.338647885620594,0.0012099088650860488,0.86875,59,0,14765,True,7,1
1439,39.15562225696783,42.12714776632302,3,0.3390329748392105,0.0015226918728570757,0.871875,59,0,14775,True,7,1
1440,41.77556772893252,44.74226804123711,3,0.34004983901977537,0.0027612287312797808,0.87109375,59,0,14767,True,7,1
1441,39.927461713748755,42.896907216494846,3,0.34136325865983963,0.0027885287789301983,0.8734375,59,0,14773,True,7,1
1442,38.83335497481553,41.80511386801793,3,0.3396531894803047,0.002353744474995662,0.871875,59,0,14775,True,7,1
1443,39.1555631646262,42.12714776632302,3,0.3380526348948479,0.0043125136074150085,0.871875,59,0,14775,True,7,1
1444,40.80364900943751,43.77197274156911,3,0.33851275593042374,0.003670343958374514,0.86640625,59,0,14769,True,7,1
1445,42.033332415468564,45.0,3,0.3398319900035858,0.0032362720625803763,0.86953125,59,0,14763,True,7,1
1446,41.21012797026323,44.1786941580756,3,0.33831497132778166,0.0030549316267631807,0.87265625,59,0,14769,True,7,1
1447,39.56527395195009,42.5360824742268,3,0.33882338330149653,0.0038370432407022746,0.86796875,59,0,14773,True,7,1
1448,39.008003231509925,41.97815830857942,3,0.337796750664711,0.005433304080708843,0.86953125,59,0,14775,True,7,1
1449,38.33879592910481,41.311491641912745,3,0.34047995433211325,0.003464407885977479,0.86953125,59,0,14777,True,7,1
1450,41.49200024244547,44.460481099656356,3,0.33788683339953424,0.0008217303525412969,0.871875,59,0,14767,True,7,1
1451,40.26094138634937,43.230240549828174,3,0.33967522382736204,0.005153966129042235,0.8734375,59,0,14771,True,7,1
1452,40.785379423897666,43.75356747626536,3,0.34228414446115496,0.004967570402714454,0.87109375,59,0,14769,True,7,1
1453,40.39373474653237,43.36303803366533,3,0.3430473983287811,0.0038259812358388346,0.8703125,59,0,14771,True,7,1
1454,41.210024611090105,44.1786941580756,3,0.3398423358798027,0.0028820683602810587,0.87265625,59,0,14769,True,7,1
1455,39.87500551883983,42.84536082474227,3,0.34154978692531585,0.0023886773646617353,0.87265625,59,0,14773,True,7,1
1456,42.03215808836166,45.0,3,0.3391923226416111,0.002721278691835785,0.87265625,59,0,14765,True,7,1
1457,40.645363771406856,43.61512027491409,3,0.34018744230270387,0.0023101318189769774,0.87421875,59,0,14771,True,7,1
1458,40.59375828731264,43.56357388316151,3,0.33863315284252166,0.0022559132968642316,0.8734375,59,0,14771,True,7,1
1459,41.82577862615167,44.79381443298969,3,0.34072965756058693,0.002717174430296321,0.871875,59,0,14767,True,7,1
1460,39.95145795517321,42.92096219931272,3,0.3412630133330822,0.0025464100904831473,0.86875,59,0,14771,True,7,1
1461,41.36508206496985,44.333333333333336,3,0.3397060364484787,0.002477153787595908,0.875,59,0,14769,True,7,1
1462,39.59071077980337,42.560137457044675,3,0.342498342692852,0.002650362375663248,0.86328125,59,0,14771,True,7,1
1463,40.92859502077248,43.896907216494846,3,0.3372807793319225,0.0010300962954847006,0.8734375,59,0,14769,True,7,1
1464,40.16850821539406,43.13844720135127,3,0.33979698494076727,0.0042131030406451445,0.871875,59,0,14771,True,7,1
1465,41.26117687881004,44.230240549828174,3,0.3411360003054142,0.002118503201636936,0.8734375,59,0,14769,True,7,1
1466,39.93790302520721,42.908206651523095,3,0.33796973899006844,0.0023736662169843896,0.8734375,59,0,14773,True,7,1
1467,40.651906550243034,43.620769992428215,3,0.34037265107035636,0.0024880435843398826,0.87421875,59,0,14771,True,7,1
1468,39.207033722202844,42.1786941580756,3,0.338926887512207,0.004648357308037666,0.87265625,59,0,14775,True,7,1
1469,41.106907672995575,44.07560137457045,3,0.3397976465523243,0.0023173255950336576,0.87109375,59,0,14769,True,7,1
1470,40.72686842834032,43.69637136699866,3,0.340888249874115,0.0019378373495645006,0.8703125,59,0,14769,True,7,1
1471,39.95108230569715,42.92096219931272,3,0.3399911351501942,0.0024611195741307706,0.86875,59,0,14771,True,7,1
1472,39.0075983243144,41.97815830857942,3,0.3411915488541126,0.004550578335413381,0.86953125,59,0,14775,True,7,1
1473,38.551596738719425,41.523326926437186,3,0.3404132291674614,0.0012306856892704717,0.87265625,59,0,14777,True,7,1
1474,40.08119108585013,43.051546391752574,3,0.3385449551045895,0.0011196643677206237,0.87578125,59,0,14773,True,7,1
1475,38.673605915756774,41.64482497524608,3,0.34157811403274535,0.0014754309810845175,0.86953125,59,0,14775,True,7,1
1476,39.134339224765135,42.105306074902444,3,0.3393744058907032,0.0029696247793375035,0.86640625,59,0,14773,True,7,1
1477,40.03896462897397,43.007863008911414,3,0.3379579816013575,0.006790016317645178,0.86484375,59,0,14771,True,7,1
1478,39.618155838236106,42.58762886597938,3,0.3387231431901455,0.0008373730018093529,0.86875,59,0,14773,True,7,1
1479,40.64548851701208,43.61512027491409,3,0.3372133642435074,0.003311199498651979,0.87421875,59,0,14771,True,7,1
1480,40.65144255070588,43.620769992428215,3,0.3377383157610893,0.002208319592323766,0.87421875,59,0,14771,True,7,1
1481,40.104994737556055,43.07560137457045,3,0.3426883861422539,0.003096492157603481,0.87109375,59,0,14771,True,7,1
1482,42.03206418192728,45.0,3,0.3379048489034176,0.0013802599398106772,0.875,59,0,14767,True,7,1
1483,39.25820273175709,42.230240549828174,3,0.3377335391938686,0.0031108384710402796,0.8734375,59,0,14775,True,7,1
1484,39.617591422692534,42.58762886597938,3,0.34163712039589883,0.0038169626559012328,0.86875,59,0,14771,True,7,1
1485,39.0009830817101,41.97250859106529,3,0.3390923336148262,0.0024840745772497464,0.86953125,59,0,14775,True,7,1
1486,39.8749464264982,42.84536082474227,3,0.3380209252238274,0.0032028630206742585,0.87265625,59,0,14773,True,7,1
1487,40.00271194438073,42.97250859106529,3,0.34099061265587804,0.0009501812194210787,0.86953125,59,0,14771,True,7,1
1488,39.59303687299841,42.56357388316151,3,0.3384257085621357,0.001943224121531437,0.8734375,59,0,14773,True,7,1
1489,40.54729021201666,43.51767720892306,3,0.3376320756971836,0.002978182749277271,0.87265625,59,0,14771,True,7,1
1490,40.04082594444254,43.01129943502825,3,0.3413074009120464,0.002968218769987285,0.875,59,0,14773,True,7,1
1491,40.23268832120656,43.20274914089347,3,0.34467784613370894,0.0033603691651683198,0.86796875,59,0,14771,True,7,1
1492,39.39258349224392,42.36303803366533,3,0.34207293540239336,0.0024703176035066206,0.8703125,59,0,14773,True,7,1
1493,39.39252439990229,42.36303803366533,3,0.34285504594445226,0.003277687407362455,0.8703125,59,0,14773,True,7,1
1494,40.824080903584374,43.793814432989684,3,0.3410185270011425,0.00174685728804982,0.871875,59,0,14769,True,7,1
1495,39.05866734510334,42.029704700332,3,0.3396588735282421,0.002849955663702029,0.8703125,59,0,14775,True,7,1
1496,40.3871785962697,43.3573883161512,3,0.3387866050004959,0.003440999789818984,0.8703125,59,0,14771,True,7,1
1497,40.77342342455671,43.74226804123711,3,0.3386376053094864,0.0016438918648637565,0.87109375,59,0,14769,True,7,1
1498,41.59636942814243,44.56357388316151,3,0.3389133356511593,0.001858343438645428,0.8734375,59,0,14767,True,7,1
1499,42.03195961732373,45.0,3,0.34276197105646133,0.0028897749851456555,0.86796875,59,0,14765,True,7,1
1500,42.03380162043079,45.0,3,0.34029402658343316,0.0046672701689231474,0.87109375,59,0,14763,True,7,1
1501,41.67002376394458,44.63917525773196,3,0.3383739829063416,0.005377458051327685,0.86953125,59,0,14767,True,7,1
1502,40.02856839707919,43.0,3,0.33862703666090965,0.0033068427192669424,0.875,59,0,14773,True,7,1
1503,40.928114279401015,43.896907216494846,3,0.33994741439819337,0.0027099596447840713,0.8734375,59,0,14769,True,7,1
1504,40.45210309923549,43.42023414293203,3,0.34116868674755096,0.002683076474505312,0.87109375,59,0,14771,True,7,1
1505,41.93389359434812,44.90255693400897,3,0.33889975026249886,0.00351278192537968,0.8734375,59,0,14767,True,7,1
1506,40.49681415861103,43.46613081717048,3,0.34159288853406905,0.0017762874698368791,0.871875,59,0,14771,True,7,1
1507,39.052470381121054,42.02405498281787,3,0.3402469515800476,0.0030210082257784185,0.8703125,59,0,14775,True,7,1
1508,39.77172047162138,42.74226804123711,3,0.33848522827029226,0.0033114910596436075,0.87109375,59,0,14771,True,7,1
1509,40.389129758692164,43.3573883161512,3,0.3418573006987572,0.003938111341238967,0.8703125,59,0,14771,True,7,1
1510,38.794403390667156,41.766323024054984,3,0.34255626127123834,0.0027133101437566537,0.86640625,59,0,14775,True,7,1
1511,41.54541454968951,44.512027491408936,3,0.34002974927425383,0.0022551058323481985,0.87265625,59,0,14767,True,7,1
1512,40.90072210598527,43.86941580756013,3,0.3402102626860142,0.003717700103951529,0.86796875,59,0,14769,True,7,1
1513,41.82622609459337,44.79381443298969,3,0.3421030841767788,0.003057851702515516,0.871875,59,0,14765,True,7,1
1514,41.158049157552625,44.12714776632302,3,0.34248795211315153,0.0020796020622245413,0.871875,59,0,14769,True,7,1
1515,41.826383510877804,44.79381443298969,3,0.340289343893528,0.0021083919871295372,0.871875,59,0,14767,True,7,1
1516,40.420168807613,43.390529442600034,3,0.33978510797023775,0.0017010252814705672,0.87578125,59,0,14771,True,7,1
1517,40.18142209104428,43.15120274914089,3,0.34149044305086135,0.002762937367663511,0.8671875,59,0,14771,True,7,1
1518,40.87604479576965,43.84536082474227,3,0.3368809975683689,0.0008906911120850269,0.87265625,59,0,14769,True,7,1
1519,38.9493775976159,41.92096219931272,3,0.34053412079811096,0.002567926585256449,0.86875,59,0,14775,True,7,1
1520,42.032273052703566,45.0,3,0.34075096622109413,0.0033238200870011024,0.86953125,59,0,14763,True,8,1
1521,40.135483066298505,43.105306074902444,3,0.3409280352294445,0.002607694820608331,0.86640625,59,0,14771,True,8,1
1522,40.75447624186939,43.72386277593336,3,0.340462876111269,0.002989761412973542,0.87578125,59,0,14771,True,8,1
1523,41.44553216714949,44.41458442541791,3,0.34110563695430757,0.001884740655846839,0.87109375,59,0,14767,True,8,1
1524,42.03421469362773,45.0,3,0.3406088061630726,0.003232357489056553,0.86875,59,0,14763,True,8,1
1525,42.034242971871265,45.0,3,0.3413715481758118,0.0021405083171609734,0.86796875,59,0,14763,True,8,1
1526,41.26678424581684,44.2358902673423,3,0.33783440440893175,0.002138049748378418,0.8734375,59,0,14769,True,8,1
1527,41.365124415477176,44.333333333333336,3,0.3403477072715759,0.0039336643877731624,0.875,59,0,14769,True,8,1
1528,40.23240850288218,43.20274914089347,3,0.33980479910969735,0.0021319533995947937,0.86796875,59,0,14771,True,8,1
1529,42.033275406797415,45.0,3,0.3401744171977043,0.0026008100595488943,0.8703125,59,0,14761,True,8,1
1530,39.66777117980834,42.63917525773196,3,0.3409120552241802,0.0027581488869960103,0.86953125,59,0,14773,True,8,1
1531,41.491916995514465,44.460481099656356,3,0.33781765550374987,0.00249115322952305,0.871875,59,0,14767,True,8,1
1532,41.182091398530844,44.15120274914089,3,0.3393839687108994,0.0021931721689182645,0.8671875,59,0,14767,True,8,1
1533,41.728244490643085,44.69637136699866,3,0.3384338356554508,0.0025138027461037854,0.8703125,59,0,14767,True,8,1
1534,41.530379771006515,44.49927194361931,3,0.3379664696753025,0.002560375887984285,0.87734375,59,0,14769,True,8,1
1535,38.93047897276055,41.90255693400897,3,0.3386728920042515,0.0010674205754542057,0.8734375,59,0,14775,True,8,1
1536,39.720418023168655,42.69072164948454,3,0.3393136262893677,0.003005346298109299,0.8703125,59,0,14773,True,8,1
1537,39.21271837746923,42.184343875589725,3,0.3377824939787388,0.0022174384058721045,0.87265625,59,0,14775,True,8,1
1538,41.05481403477484,44.02405498281787,3,0.3396285817027092,0.0019517504470942,0.8703125,59,0,14769,True,8,1
1539,39.340978008149705,42.311491641912745,3,0.34259931072592736,0.0015602530233477898,0.86953125,59,0,14773,True,8,1
1540,41.22038267561756,44.18999359310385,3,0.33754016235470774,0.0030291675827501586,0.87265625,59,0,14769,True,8,1
1541,42.03295191416475,45.0,3,0.3379804536700249,0.003900730848660881,0.8703125,59,0,14765,True,8,1
1542,40.541805038080916,43.512027491408936,3,0.338877172768116,0.003993911924390445,0.87265625,59,0,14771,True,8,1
1543,41.90222834302858,44.86941580756013,3,0.342150891572237,0.003962696755060933,0.86796875,59,0,14765,True,8,1
1544,42.032058852842695,45.0,3,0.3379948571324348,0.002589709412042438,0.87421875,59,0,14765,True,8,1
1545,38.281087511122216,41.25429553264605,3,0.3429736278951168,0.001155726975025402,0.86875,59,0,14777,True,8,1
1546,42.03384856564997,45.0,3,0.34026686325669286,0.0037305006886324565,0.87421875,59,0,14763,True,8,1
1547,39.495029040515604,42.46613081717048,3,0.3399524100124836,0.0043356612719793915,0.871875,59,0,14773,True,8,1
1548,41.69812671711415,44.666666666666664,3,0.3400337815284729,0.0032259648631992994,0.875,59,0,14767,True,8,1
1549,40.49121275027565,43.460481099656356,3,0.3401645846664906,0.0025619117828029297,0.871875,59,0,14771,True,8,1
1550,40.65098933433161,43.620769992428215,3,0.3401334069669247,0.0034705906902786662,0.87421875,59,0,14771,True,8,1
1551,39.62335233937596,42.59327858349351,3,0.33990096896886823,0.00394653699856287,0.86875,59,0,14773,True,8,1
1552,39.96283495709966,42.93226163434096,3,0.34188230335712433,0.0032784876839159786,0.86875,59,0,14771,True,8,1
1553,38.49443556720498,41.46613081717048,3,0.3396033443510532,0.002019197321904593,0.871875,59,0,14777,True,8,1
1554,41.03009137595681,44.0,3,0.3391185887157917,0.0035689949879123845,0.875,59,0,14769,True,8,1
1555,39.98414835121638,42.95410332576155,3,0.3404946655035019,0.003466492540552974,0.87421875,59,0,14771,True,8,1
1556,41.1069875155593,44.07560137457045,3,0.33950486704707145,0.0025553350684948697,0.87109375,59,0,14769,True,8,1
1557,39.161725190856224,42.132797483837145,3,0.34061748161911964,0.0017927104427407157,0.871875,59,0,14775,True,8,1
1558,39.8749464264982,42.84536082474227,3,0.3420531556010246,0.0017945833409287902,0.87265625,59,0,14773,True,8,1
1559,40.49741904333717,43.46613081717048,3,0.3377448685467243,0.003416366385374396,0.871875,59,0,14771,True,8,1
1560,41.05481699535118,44.02405498281787,3,0.34061881974339486,0.002661661820943036,0.8703125,59,0,14769,True,8,1
1561,41.31291892355733,44.28178694158076,3,0.33911293372511864,0.002266075751131555,0.87421875,59,0,14769,True,8,1
1562,41.21378436726663,44.184343875589725,3,0.3459488652646542,0.002249602255013797,0.87265625,59,0,14769,True,8,1
1563,42.03176572212404,45.0,3,0.33782496526837347,0.0024321389386990915,0.87578125,59,0,14767,True,8,1
1564,40.450382527559995,43.42023414293203,3,0.34085962921380997,0.0027865224229241385,0.87109375,59,0,14771,True,8,1
1565,38.33371761264822,41.30584192439862,3,0.33912317305803297,0.0019769286277801653,0.86953125,59,0,14777,True,8,1
1566,39.213306520361066,42.184343875589725,3,0.3394932635128498,0.0031137069143131915,0.87265625,59,0,14775,True,8,1
1567,39.67478795920034,42.64482497524608,3,0.34058556109666827,0.002494375250947099,0.86953125,59,0,14773,True,8,1
1568,41.27829752975775,44.24718970237055,3,0.3399908751249313,0.0027746886650927456,0.8734375,59,0,14769,True,8,1
1569,41.26103116912959,44.230240549828174,3,0.3414082437753677,0.002817158729641811,0.8734375,59,0,14769,True,8,1
1570,40.59418734909754,43.56357388316151,3,0.34099038541316984,0.0022808821038957042,0.8734375,59,0,14771,True,8,1
1571,39.937733160937384,42.908206651523095,3,0.34014071971178056,0.0037600715984418592,0.8734375,59,0,14773,True,8,1
1572,40.342628199727564,43.311491641912745,3,0.33962535485625267,0.0016684717741048574,0.86953125,59,0,14771,True,8,1
1573,40.31798582726421,43.28743665909489,3,0.3404259033501148,0.0026992056256723673,0.87421875,59,0,14771,True,8,1
1574,40.95745421571482,43.92661191682684,3,0.34102589413523676,0.0016972747587827592,0.86875,59,0,14769,True,8,1
1575,40.74985114178707,43.71821305841924,3,0.3385546214878559,0.003693940511123553,0.87578125,59,0,14771,True,8,1
1576,38.109027544815206,41.08125109208457,3,0.3379619546234608,0.003615012808266277,0.87109375,59,0,14777,True,8,1
1577,41.92938371837272,44.896907216494846,3,0.3404101774096489,0.0014876352288741756,0.8734375,59,0,14767,True,8,1
1578,42.00499650569289,44.97250859106529,3,0.3396680079400539,0.0032536045416967935,0.86953125,59,0,14765,True,8,1
1579,42.034996229775246,45.0,3,0.3405530534684658,0.002799250749733517,0.871875,59,0,14763,True,8,1
1580,38.48834405445944,41.460481099656356,3,0.3394402451813221,0.0027603983775708724,0.871875,59,0,14777,True,8,1
1581,38.02721779351276,41.0,3,0.3386523723602295,0.0014045286673126107,0.875,59,0,14779,True,8,1
1582,41.00422263360277,43.97250859106529,3,0.3384340524673462,0.0021555480908567034,0.86953125,59,0,14767,True,8,1
1583,39.28994392511303,42.25994525016017,3,0.34157959669828414,0.0016828236859169807,0.86875,59,0,14773,True,8,1
1584,39.772922527256334,42.74226804123711,3,0.33941614255309105,0.002059574504243733,0.87109375,59,0,14773,True,8,1
1585,40.681236705293514,43.650474692760206,3,0.3372761756181717,0.003012028628403043,0.86953125,59,0,14769,True,8,1
1586,39.54197785718305,42.512027491408936,3,0.33800532668828964,0.0012055894616030138,0.87265625,59,0,14773,True,8,1
1587,40.65663905184573,43.62641970994234,3,0.33679096177220347,0.0019739088416561657,0.87421875,59,0,14771,True,8,1
1588,39.82905595958437,42.79946415050381,3,0.3407873369753361,0.0011772625694794223,0.871875,59,0,14771,True,8,1
1589,41.65265988284992,44.620769992428215,3,0.3367293141782284,0.005077350238264174,0.87421875,59,0,14767,True,8,1
1590,40.49640925141551,43.46613081717048,3,0.3395852066576481,0.003502827193547349,0.871875,59,0,14771,True,8,1
1591,39.77742752633122,42.747917758751235,3,0.34063199907541275,0.0019432801035237696,0.87109375,59,0,14773,True,8,1
1592,42.03356822003374,45.0,3,0.3404521495103836,0.0028012616551297354,0.871875,59,0,14765,True,8,1
1593,42.032544923298744,45.0,3,0.33940873444080355,0.002199266389802253,0.87578125,59,0,14767,True,8,1
1594,40.46572427763589,43.43642611683849,3,0.3380866914987564,0.0028542253579845996,0.8765625,59,0,14771,True,8,1
1595,39.67401645296937,42.64482497524608,3,0.3409768119454384,0.005684107315338672,0.86953125,59,0,14773,True,8,1
1596,40.54281082161479,43.512027491408936,3,0.3396145224571228,0.0019694382117788544,0.87265625,59,0,14771,True,8,1
1597,39.1560754733421,42.12714776632302,3,0.3405303955078125,0.0023055750921664583,0.871875,59,0,14775,True,8,1
1598,41.44031228960958,44.40893470790378,3,0.34322343617677686,0.004055383052665105,0.87109375,59,0,14767,True,8,1
1599,39.804383225207005,42.77540916768595,3,0.33914855644106867,0.0006189199362124265,0.8765625,59,0,14773,True,8,1
1600,39.258655948131356,42.230240549828174,3,0.3418423391878605,0.004318643793731842,0.8734375,59,0,14775,True,8,1
1601,42.036548566018205,45.0,3,0.3364504724740982,0.003185239379556459,0.87421875,59,0,14755,True,8,1
1602,42.0332450448834,45.0,3,0.3406674854457378,0.0022515909975722296,0.8703125,59,0,14763,True,8,1
1603,42.032976068754124,45.0,3,0.3419057741761208,0.0025673830963818243,0.8703125,59,0,14765,True,8,1
1604,42.03308463335232,45.0,3,0.3414240688085556,0.0026728507584855856,0.871875,59,0,14765,True,8,1
1605,41.22177726249262,44.18999359310385,3,0.3408772207796574,0.002778311673011323,0.87265625,59,0,14769,True,8,1
1606,39.93209422658615,42.90255693400897,3,0.33886008635163306,0.002001349997987963,0.8734375,59,0,14773,True,8,1
1607,40.14403691263096,43.1143922185334,3,0.33890824392437935,0.004298540157872909,0.8765625,59,0,14773,True,8,1
1608,41.16418702919328,44.132797483837145,3,0.3420332208275795,0.003404808018438074,0.871875,59,0,14769,True,8,1
1609,40.39383810570549,43.36303803366533,3,0.33980533555150033,0.0038022711250109632,0.8703125,59,0,14771,True,8,1
1610,42.03413752902765,45.0,3,0.3411174237728119,0.0032199896111146193,0.87109375,59,0,14765,True,8,1
1611,42.03283669005782,45.0,3,0.3410617120563984,0.005067589734081185,0.87109375,59,0,14765,True,8,1
1612,40.54266511193434,43.512027491408936,3,0.34045274928212166,0.001246146053736597,0.87265625,59,0,14771,True,8,1
1613,39.67449719434083,42.64482497524608,3,0.33956980556249616,0.0028643466518262213,0.86953125,59,0,14773,True,8,1
1614,40.59322478458371,43.56357388316151,3,0.34201251342892647,0.003227979893087951,0.8734375,59,0,14771,True,8,1
1615,41.323706049869685,44.29308637660901,3,0.34044664427638055,0.0018883529241027546,0.87421875,59,0,14769,True,8,1
1616,40.83024215162508,43.79946415050381,3,0.3387599542737007,0.003423118808658918,0.871875,59,0,14769,True,8,1
1617,42.033292272291234,45.0,3,0.3393539898097515,0.003942475851222698,0.87109375,59,0,14763,True,8,1
1618,42.03226684537893,45.0,3,0.34149477258324623,0.004749228991112089,0.87109375,59,0,14765,True,8,1
1619,38.44805073884,41.42023414293203,3,0.34091619178652766,0.0018890066108905809,0.87109375,59,0,14777,True,8,1
1620,40.4513914849284,43.42023414293203,3,0.3413038529455662,0.003974233113278396,0.87109375,59,0,14771,True,8,2
1621,41.934556702903166,44.90255693400897,3,0.3399215847253799,0.0012144965404731524,0.8734375,59,0,14767,True,8,2
1622,40.55971762364984,43.52897664395131,3,0.3381369009613991,0.002278335416269046,0.87265625,59,0,14771,True,8,2
1623,42.03336202678535,45.0,3,0.3382030613720417,0.0021742839739342288,0.86875,59,0,14765,True,8,2
1624,42.03448663298246,45.0,3,0.3393403679132462,0.004615896905655257,0.86953125,59,0,14765,True,8,2
1625,42.03221718070329,45.0,3,0.3404155999422073,0.0034857505364591923,0.87109375,59,0,14765,True,8,2
1626,39.018420388379006,41.989457743607666,3,0.34290916547179223,0.0024646626763573974,0.86953125,59,0,14775,True,8,2
1627,41.67090604210374,44.63917525773196,3,0.34102039188146593,0.001925473582504879,0.86953125,59,0,14767,True,8,2
1628,39.1141645513153,42.086900809598696,3,0.3408864177763462,0.007044278061239365,0.87109375,59,0,14775,True,8,2
1629,42.033760600347605,45.0,3,0.3379248343408108,0.005581054554649069,0.87109375,59,0,14761,True,8,2
1630,41.663441730093396,44.632069427456464,3,0.3381073661148548,0.0037050983068581,0.87421875,59,0,14767,True,8,2
1631,42.03171283710705,45.0,3,0.3361948162317276,0.0015307533079082886,0.87265625,59,0,14765,True,8,2
1632,40.49053394769774,43.460481099656356,3,0.341032063215971,0.0026846216903822695,0.871875,59,0,14771,True,8,2
1633,41.65863864844065,44.62641970994234,3,0.33948685973882675,0.0033848523579111415,0.87421875,59,0,14767,True,8,2
1634,40.490641349218116,43.460481099656356,3,0.3381192207336426,0.001466088026403063,0.871875,59,0,14771,True,8,2
1635,42.03570243369083,45.0,3,0.34171155020594596,0.001670011147039833,0.86796875,59,0,14761,True,8,2
1636,37.872426949903165,40.84536082474227,3,0.3419651098549366,0.0016893156230903708,0.87265625,59,0,14779,True,8,2
1637,41.22166986097225,44.18999359310385,3,0.3395181246101856,0.0025482937796710995,0.87265625,59,0,14769,True,8,2
1638,41.055897744548275,44.02405498281787,3,0.33999653086066245,0.0024459101678688876,0.8703125,59,0,14769,True,8,2
1639,42.032562995557186,45.0,3,0.33870842680335045,0.0024654978260400333,0.871875,59,0,14765,True,8,2
1640,42.03242140953089,45.0,3,0.33939121589064597,0.0035478785321052366,0.87421875,59,0,14765,True,8,2
1641,42.033164758528734,45.0,3,0.34013816714286804,0.002607106694544504,0.87265625,59,0,14763,True,8,2
1642,40.85439636996192,43.82351913332168,3,0.33877599239349365,0.0032940154014104756,0.8671875,59,0,14769,True,8,2
1643,41.20945617060891,44.1786941580756,3,0.3432880021631718,0.0036975324758699905,0.87265625,59,0,14769,True,8,2
1644,41.72283751099838,44.69072164948454,3,0.3392372839152813,0.0014756212493539842,0.8703125,59,0,14767,True,8,2
1645,42.034791425104046,45.0,3,0.3380926325917244,0.0016341359087528049,0.871875,59,0,14759,True,8,2
1646,41.00997691572045,43.97815830857942,3,0.34115349054336547,0.0019478114310550647,0.86953125,59,0,14769,True,8,2
1647,41.10622104783112,44.07560137457045,3,0.3417200639843941,0.00319468680133713,0.87109375,59,0,14769,True,8,2
1648,39.719684170596366,42.69072164948454,3,0.3360573142766953,0.002005120365587674,0.8703125,59,0,14773,True,8,2
1649,39.70120198934577,42.67231638418079,3,0.3387663662433624,0.0009141961254142844,0.875,59,0,14773,True,8,2
1650,42.031964193161976,45.0,3,0.34058624804019927,0.003432161006464592,0.87578125,59,0,14767,True,8,2
1651,42.03226974692305,45.0,3,0.34176189824938774,0.0026292782541594314,0.871875,59,0,14763,True,8,2
1652,42.0341864153842,45.0,3,0.3419132076203823,0.004291286467974727,0.8671875,59,0,14763,True,8,2
1653,39.673050927879196,42.64482497524608,3,0.34047570154070855,0.0034187338445670597,0.86953125,59,0,14773,True,8,2
1654,40.542827563449094,43.512027491408936,3,0.3404698520898819,0.00132672505072791,0.87265625,59,0,14771,True,8,2
1655,41.77331501848766,44.74226804123711,3,0.3372581861913204,0.0015202073235512168,0.87109375,59,0,14767,True,8,2
1656,42.03359382031363,45.0,3,0.33571127355098723,0.0023876696565762892,0.871875,59,0,14763,True,8,2
1657,37.7689493714446,40.74226804123711,3,0.3399457290768623,0.004125741891294271,0.87109375,59,0,14779,True,8,2
1658,39.21271096471416,42.184343875589725,3,0.3401860110461712,0.0023774131934398953,0.87265625,59,0,14775,True,8,2
1659,41.618401538016066,44.58762886597938,3,0.3435318164527416,0.0018637778390707671,0.86875,59,0,14767,True,8,2
1660,40.43872498802228,43.40893470790378,3,0.34160240218043325,0.0032398741809135925,0.87109375,59,0,14771,True,8,2
1661,40.15765679131501,43.12714776632302,3,0.33850318714976313,0.0026895240932341856,0.871875,59,0,14771,True,8,2
1662,41.00484883600146,43.97250859106529,3,0.3403641015291214,0.0009935614585187859,0.86953125,59,0,14769,True,8,2
1663,39.98317661880157,42.95410332576155,3,0.3389181047677994,0.003220824089095769,0.87421875,59,0,14773,True,8,2
1664,40.55388426060792,43.523326926437186,3,0.3376484841108322,0.003992015216129122,0.87265625,59,0,14771,True,8,2
1665,40.13208579019051,43.103092783505154,3,0.3395232282578945,0.0030714220158935823,0.8765625,59,0,14773,True,8,2
1666,42.03351057338263,45.0,3,0.33955707103013993,0.002992756596356659,0.871875,59,0,14763,True,8,2
1667,41.00891736053639,43.97815830857942,3,0.3417147368192673,0.002540893572741706,0.86953125,59,0,14769,True,8,2
1668,39.62156362846826,42.59327858349351,3,0.34235629364848136,0.0027060579977089094,0.86875,59,0,14773,True,8,2
1669,42.03244481087392,45.0,3,0.339644280821085,0.0028328238691840662,0.875,59,0,14765,True,8,2
1670,41.59468791787336,44.56357388316151,3,0.3410020940005779,0.0023964017988346935,0.8734375,59,0,14767,True,8,2
1671,39.67431754880768,42.64482497524608,3,0.33991227895021436,0.003050857953737037,0.86953125,59,0,14771,True,8,2
1672,39.88635663345464,42.85666025977052,3,0.3407335735857487,0.0034879911925296014,0.87265625,59,0,14773,True,8,2
1673,41.63028615535981,44.59892830100763,3,0.3406569130718708,0.0027954569957410413,0.86875,59,0,14767,True,8,2
1674,40.48979400881121,43.460481099656356,3,0.34059212580323217,0.002584315689364069,0.871875,59,0,14771,True,8,2
1675,41.65025054272386,44.61733356631137,3,0.3435056649148464,0.0023860273717420215,0.8640625,59,0,14765,True,8,2
1676,40.3876909049856,43.3573883161512,3,0.3409303054213524,0.0026835790511002167,0.8703125,59,0,14771,True,8,2
1677,42.03358107847397,45.0,3,0.3402677491307259,0.002533268797813274,0.871875,59,0,14761,True,8,2
1678,42.03309945886246,45.0,3,0.34117150902748106,0.004518601550516226,0.875,59,0,14765,True,8,2
1679,40.49117781252339,43.460481099656356,3,0.3387550555169582,0.0017160666568807779,0.871875,59,0,14771,True,8,2
1680,42.033534727972,45.0,3,0.33847871869802476,0.002339350187186282,0.87265625,59,0,14763,True,8,2
1681,39.63369767045689,42.60457801852176,3,0.3395400680601597,0.0026182848672643196,0.86875,59,0,14773,True,8,2
1682,41.43982335729373,44.40893470790378,3,0.3418854415416718,0.003633609691053143,0.87109375,59,0,14767,True,8,2
1683,42.03379885227352,45.0,3,0.339098946005106,0.004170524674016958,0.871875,59,0,14763,True,8,2
1684,42.03369926315724,45.0,3,0.33984417244791987,0.002849257060667001,0.8703125,59,0,14761,True,8,2
1685,41.165220975704315,44.132797483837145,3,0.3403149478137493,0.0032189898181922546,0.871875,59,0,14769,True,8,2
1686,37.8716721855065,40.84536082474227,3,0.338965480029583,0.0014610151701914447,0.87265625,59,0,14779,True,8,2
1687,42.03434650103981,45.0,3,0.33953668773174284,0.0017176263828304862,0.871875,59,0,14765,True,8,2
1688,42.03312361345183,45.0,3,0.34120828956365584,0.002842224524287989,0.8703125,59,0,14765,True,8,2
1689,40.04182640728497,43.01129943502825,3,0.33822825402021406,0.0018913169347895774,0.875,59,0,14773,True,8,2
1690,42.0321642956863,45.0,3,0.3378382958471775,0.002223483273755021,0.8671875,59,0,14763,True,8,2
1691,39.10442909282422,42.07560137457045,3,0.3401237837970257,0.0013536535419491126,0.87109375,59,0,14775,True,8,2
1692,42.03468389858996,45.0,3,0.3408131472766399,0.0011611079483411827,0.87265625,59,0,14763,True,8,2
1693,40.60552172187805,43.57487331818976,3,0.3387534648180008,0.002907553983234435,0.8734375,59,0,14771,True,8,2
1694,39.88014292763805,42.8510105422564,3,0.34163795337080954,0.0038167862114962337,0.87265625,59,0,14773,True,8,2
1695,42.03397304241346,45.0,3,0.34402981102466584,0.0019223312939680938,0.8671875,59,0,14757,True,8,2
1696,41.10689688983269,44.07560137457045,3,0.33940677642822265,0.0023368223030279067,0.87109375,59,0,14769,True,8,2
1697,41.008101587473924,43.97815830857942,3,0.34114871844649314,0.0031681954010325704,0.86953125,59,0,14769,True,8,2
1698,42.03302066146107,45.0,3,0.3428145796060562,0.00044060040834365785,0.865625,59,0,14761,True,8,2
1699,-3.3051641669962164,-0.34020618556700893,1,0.33956567347049715,0.01241435570524252,0.8546875,59,0,14757,True,8,2
1700,42.03246571871499,45.0,3,0.33918909430503846,0.002849876679656894,0.875,59,0,14767,True,8,2
1701,42.033933301534255,45.0,3,0.34004413783550264,0.002106839340420968,0.86953125,59,0,14759,True,8,2
1702,40.60032522073819,43.569223600675635,3,0.3396579347550869,0.00166036509701031,0.8734375,59,0,14771,True,8,2
1703,40.12996515354736,43.09965635738832,3,0.34078223034739497,0.002432743354298715,0.86640625,59,0,14769,True,8,2
1704,39.22449855386894,42.195643310617974,3,0.3391733020544052,0.0029747435067174603,0.87265625,59,0,14775,True,8,2
1705,40.59312021998016,43.56357388316151,3,0.34195462986826897,0.0030084784542007076,0.8734375,59,0,14769,True,8,2
1706,42.03255221239429,45.0,3,0.3394313551485538,0.0017386121933071143,0.8734375,59,0,14765,True,8,2
1707,40.16217853222421,43.132797483837145,3,0.3404225714504719,0.0018538064953514824,0.871875,59,0,14771,True,8,2
1708,40.615963033336506,43.58617275321801,3,0.33972845897078513,0.003879255369691652,0.8734375,59,0,14771,True,8,2
1709,41.03567539150653,44.005649717514125,3,0.3373815789818764,0.0010576874121302165,0.875,59,0,14769,True,8,2
1710,42.03551449451346,45.0,3,0.3409832142293453,0.0017946644014895543,0.871875,59,0,14759,True,8,2
1711,42.03279514268279,45.0,3,0.33892246186733244,0.001277286198597626,0.871875,59,0,14765,True,8,2
1712,-5.2671488335375205,-2.2989690721649554,1,0.44101894795894625,0.012846977494759097,0.825,59,0,14765,True,8,2
1713,41.77428054357783,44.74226804123711,3,0.33973477557301524,0.0020201261471826967,0.87109375,59,0,14767,True,8,2
1714,42.033715889725165,45.0,3,0.33706839978694914,0.0023738833112780604,0.8734375,59,0,14761,True,8,2
1715,42.03563768374004,45.0,3,0.3422215968370438,0.0019539398950162287,0.87109375,59,0,14759,True,8,2
1716,41.01470200456808,43.98380802609354,3,0.3389095112681389,0.0020265004149688046,0.86953125,59,0,14769,True,8,2
1717,41.877837326620146,44.84536082474227,3,0.3401911944150925,0.0028123374361553803,0.87265625,59,0,14767,True,8,2
1718,40.70346631342209,43.67231638418079,3,0.33947555273771285,0.0038516087889940904,0.875,59,0,14771,True,8,2
1719,42.0353083096582,45.0,3,0.34003259241580963,0.0024398989803316364,0.86875,59,0,14761,True,8,2
1720,41.77472102650558,44.74226804123711,3,0.3361985877156258,0.0025512132519237077,0.87109375,59,0,14767,True,9,2
1721,41.7223272943461,44.69072164948454,3,0.3389520883560181,0.0017164361507931649,0.8703125,59,0,14767,True,9,2
1722,42.03980635001337,45.0,3,0.3387038126587868,0.003349046335212113,0.87109375,59,0,14753,True,9,2
1723,40.824552290933624,43.793814432989684,3,0.34143757075071335,0.0029004808145341714,0.871875,59,0,14769,True,9,2
1724,42.034867135620466,45.0,3,0.3401655450463295,0.001635481292459691,0.8734375,59,0,14757,True,9,2
1725,-6.347826653156014,-3.3814432989690775,1,0.5303084567189217,0.018594544170141253,0.80859375,59,0,14759,True,9,2
1726,41.336612389105305,44.30584192439862,3,0.3390082910656929,0.003280985611464586,0.86953125,59,0,14767,True,9,2
1727,42.0324525745772,45.0,3,0.3410023331642151,0.0036122115272574774,0.87109375,59,0,14763,True,9,2
1728,41.21101429076965,44.1786941580756,3,0.33792577385902406,0.0015886316703451603,0.87265625,59,0,14769,True,9,2
1729,42.03575856280702,45.0,3,0.33862231969833373,0.002801789338293938,0.8671875,59,0,14757,True,9,2
1730,42.0349451771264,45.0,3,0.34140828177332877,0.0033593481508453395,0.871875,59,0,14757,True,9,2
1731,-7.96725293920726,-5.0,1,0.48188994377851485,0.028455097221509105,0.76953125,59,0,14761,True,9,2
1732,41.78130069337765,44.747917758751235,3,0.3402207389473915,0.0023189101574744007,0.87109375,59,0,14767,True,9,2
1733,42.03517946547156,45.0,3,0.33873272985219954,0.0028078882892996104,0.86953125,59,0,14763,True,9,2
1734,39.71973585018293,42.69072164948454,3,0.34050305634737016,0.006142106846265217,0.8703125,59,0,14773,True,9,2
1735,42.0340692326005,45.0,3,0.3410062253475189,0.0022031354352024545,0.8703125,59,0,14761,True,9,2
1736,40.38646781651587,43.3573883161512,3,0.341441186517477,0.00326273261976168,0.8703125,59,0,14771,True,9,2
1737,42.03444898330709,45.0,3,0.34184708893299104,0.0034353428292748407,0.871875,59,0,14763,True,9,2
1738,-7.965922601398082,-5.0,1,100.0,0.0,0.31640625,59,0,14761,True,9,2
1739,-5.684476720718484,-2.711340206185573,1,0.44547181129455565,0.01008671834736287,0.81875,59,0,14773,True,9,2
1740,42.03300542876856,45.0,3,0.33978727385401725,0.004165817307333126,0.86953125,59,0,14765,True,9,2
1741,-3.4114196381030983,-0.44329896907216515,1,0.3365391083061695,0.007882880187557477,0.853125,59,0,14765,True,9,2
1742,41.56905645931044,44.5360824742268,3,0.3401712283492088,0.002576482122671625,0.86796875,59,0,14767,True,9,2
1743,40.33556906982823,43.30584192439862,3,0.33616129457950594,0.001651293258185934,0.86953125,59,0,14771,True,9,2
1744,42.0337573535993,45.0,3,0.34159210324287415,0.00193413423687585,0.87109375,59,0,14763,True,9,2
1745,42.036495131285726,45.0,3,0.3396292634308338,0.0027603997140976206,0.87109375,59,0,14757,True,9,2
1746,40.75359396371022,43.72386277593336,3,0.3377122849225998,0.004634800162881262,0.87578125,59,0,14771,True,9,2
1747,42.03493080380035,45.0,3,0.3402845457196236,0.0026092334891311495,0.8703125,59,0,14759,True,9,2
1748,42.036608740130745,45.0,3,0.34084667786955836,0.0016037449366220584,0.8703125,59,0,14755,True,9,2
1749,42.03432742556689,45.0,3,0.3400656521320343,0.002164662567363892,0.8734375,59,0,14759,True,9,2
1750,41.17590474284354,44.144096918865394,3,0.33944833353161813,0.0036774301069669815,0.871875,59,0,14769,True,9,2
1751,39.512592170837515,42.48453608247423,3,0.34077565744519234,0.002885774008382798,0.8671875,59,0,14773,True,9,2
1752,-3.4540307091579026,-0.49484536082474695,1,0.38057786524295806,0.010547035374300443,0.85234375,59,0,14747,True,9,2
1753,42.034175632221306,45.0,3,0.33885010704398155,0.0025022372215855785,0.8734375,59,0,14763,True,9,2
1754,37.724613777943226,40.69637136699866,3,0.3403214976191521,0.00332086468783647,0.8703125,59,0,14779,True,9,2
1755,42.03287507544013,45.0,3,0.33960640877485276,0.00334583851823532,0.871875,59,0,14763,True,9,2
1756,42.03381644594093,45.0,3,0.33968274146318433,0.0032332826850297956,0.86953125,59,0,14763,True,9,2
1757,-7.9694542022384915,-5.0,1,100.0,0.0,0.31640625,59,0,14771,True,9,2
1758,38.38423938696901,41.35738831615121,3,0.3367354191839695,0.0026825614913070566,0.8703125,59,0,14777,True,9,2
1759,41.4417934688805,44.40893470790378,3,0.3393827013671398,0.003223589231046656,0.87109375,59,0,14767,True,9,2
1760,42.03164192971757,45.0,3,0.34270306006073953,0.0037734511605242364,0.871875,59,0,14765,True,9,2
1761,42.03250390321555,45.0,3,0.33940350711345674,0.0030306576463844685,0.87265625,59,0,14765,True,9,2
1762,42.03722069154799,45.0,3,0.3416632980108261,0.001921936475735308,0.86953125,59,0,14751,True,9,2
1763,42.03557062627875,45.0,3,0.34107191413640975,0.0009052516708790839,0.86875,59,0,14759,True,9,2
1764,42.033384566112815,45.0,3,0.340536343306303,0.0022711255991157146,0.8734375,59,0,14763,True,9,2
1765,42.03822967398914,45.0,3,0.33997762799263,0.0036514417212110393,0.87109375,59,0,14753,True,9,2
1766,41.59423470149908,44.56357388316151,3,0.3402159221470356,0.0037736765609197947,0.8734375,59,0,14767,True,9,2
1767,41.93593986863539,44.90255693400897,3,0.33810403719544413,0.0019504970110610553,0.8734375,59,0,14767,True,9,2
1768,41.111627441151754,44.08125109208457,3,0.3398273028433323,0.0023606236721518633,0.87109375,59,0,14769,True,9,2
1769,41.6515594062992,44.620769992428215,3,0.3392218552529812,0.004582291823851732,0.87421875,59,0,14767,True,9,2
1770,41.88398856968728,44.8510105422564,3,0.3412386976182461,0.0023990990088771473,0.87265625,59,0,14767,True,9,2
1771,38.43627393284811,41.40893470790378,3,0.34155568554997445,0.002754397539615835,0.87109375,59,0,14777,True,9,2
1772,42.03266386256254,45.0,3,0.34166124686598776,0.003191657972801301,0.871875,59,0,14761,True,9,2
1773,42.033644169476055,45.0,3,0.33786003217101096,0.0015041305900921928,0.878125,59,0,14765,True,9,2
1774,40.025128331987254,42.99510746112179,3,0.3400332383811474,0.0031577296695464276,0.86953125,59,0,14771,True,9,2
1775,41.6729630995539,44.63917525773196,3,0.3401607148349285,0.001688581628117918,0.86953125,59,0,14767,True,9,2
1776,42.033016211931454,45.0,3,0.3419579558074474,0.00347752714601376,0.87109375,59,0,14765,True,9,2
1777,42.03375870909619,45.0,3,0.34007062166929247,0.002994179092724838,0.871875,59,0,14763,True,9,2
1778,42.03639393709,45.0,3,0.33762981556355953,0.005359155220566091,0.87265625,59,0,14755,True,9,2
1779,42.03368511711988,45.0,3,0.3417087756097317,0.001924871210361596,0.87265625,59,0,14759,True,9,2
1780,42.03219958703588,45.0,3,0.3428753808140755,0.0019379609123824117,0.87109375,59,0,14765,True,9,2
1781,39.783045676500905,42.75356747626536,3,0.33903138637542723,0.0020481780196789576,0.87109375,59,0,14773,True,9,2
1782,38.87934565420491,41.8510105422564,3,0.34131997674703596,0.003413749987391131,0.87265625,59,0,14775,True,9,2
1783,42.03185517637969,45.0,3,0.3388918273150921,0.003618831611616435,0.8765625,59,0,14765,True,9,2
