episode,rolling60_mean,rolling60_min,rolling60_max,rolling300_mean,rolling300_min,rolling300_max,rolling1000_mean,rolling1000_min,rolling1000_max
0,,,,,,,,,
1,,,,,,,,,
2,,,,,,,,,
3,,,,,,,,,
4,,,,,,,,,
5,,,,,,,,,
6,,,,,,,,,
7,,,,,,,,,
8,,,,,,,,,
9,,,,,,,,,
10,,,,,,,,,
11,,,,,,,,,
12,,,,,,,,,
13,,,,,,,,,
14,,,,,,,,,
15,,,,,,,,,
16,,,,,,,,,
17,,,,,,,,,
18,,,,,,,,,
19,,,,,,,,,
20,,,,,,,,,
21,,,,,,,,,
22,,,,,,,,,
23,,,,,,,,,
24,,,,,,,,,
25,,,,,,,,,
26,,,,,,,,,
27,,,,,,,,,
28,,,,,,,,,
29,,,,,,,,,
30,,,,,,,,,
31,,,,,,,,,
32,,,,,,,,,
33,,,,,,,,,
34,,,,,,,,,
35,,,,,,,,,
36,,,,,,,,,
37,,,,,,,,,
38,,,,,,,,,
39,,,,,,,,,
40,,,,,,,,,
41,,,,,,,,,
42,,,,,,,,,
43,,,,,,,,,
44,,,,,,,,,
45,,,,,,,,,
46,,,,,,,,,
47,,,,,,,,,
48,,,,,,,,,
49,,,,,,,,,
50,,,,,,,,,
51,,,,,,,,,
52,,,,,,,,,
53,,,,,,,,,
54,,,,,,,,,
55,,,,,,,,,
56,,,,,,,,,
57,,,,,,,,,
58,,,,,,,,,
59,37.82704597,37.40866109,38.18185697,,,,,,
60,37.82275044,37.40866109,38.18185697,,,,,,
61,37.81415937,37.40866109,38.18185697,,,,,,
62,37.81673669,37.40866109,38.18185697,,,,,,
63,37.81501848,37.40866109,38.18185697,,,,,,
64,37.81158205,37.40866109,38.18185697,,,,,,
65,37.81415937,37.40866109,38.18185697,,,,,,
66,37.81931401,37.46020748,38.18185697,,,,,,
67,37.82103223,37.46020748,38.18185697,,,,,,
68,37.81501848,37.46020748,38.18185697,,,,,,
69,37.82103223,37.46020748,38.18185697,,,,,,
70,37.82532776,37.46020748,38.18185697,,,,,,
71,37.82532776,37.46020748,38.18185697,,,,,,
72,37.82876419,37.46020748,38.18185697,,,,,,
73,37.82275044,37.46020748,38.18185697,,,,,,
74,37.82103223,37.46020748,38.18185697,,,,,,
75,37.82532776,37.46020748,38.18185697,,,,,,
76,37.82189133,37.46020748,38.18185697,,,,,,
77,37.82017312,37.46020748,38.18185697,,,,,,
78,37.82360955,37.46020748,38.18185697,,,,,,
79,37.82189133,37.46020748,38.18185697,,,,,,
80,37.81673669,37.46020748,38.18185697,,,,,,
81,37.80814563,37.46020748,38.18185697,,,,,,
82,37.80642742,37.46020748,38.18185697,,,,,,
83,37.80385010,37.46020748,38.18185697,,,,,,
84,37.79955456,37.46020748,38.18185697,,,,,,
85,37.79697724,37.46020748,38.18185697,,,,,,
86,37.80299099,37.46020748,38.23340336,,,,,,
87,37.80127278,37.46020748,38.23340336,,,,,,
88,37.80127278,37.46020748,38.23340336,,,,,,
89,37.80385010,37.46020748,38.23340336,,,,,,
90,37.80556831,37.46020748,38.23340336,,,,,,
91,37.80556831,37.46020748,38.23340336,,,,,,
92,37.80556831,37.46020748,38.23340336,,,,,,
93,37.80470920,37.46020748,38.23340336,,,,,,
94,37.80127278,37.46020748,38.23340336,,,,,,
95,37.80127278,37.46020748,38.23340336,,,,,,
96,37.79955456,37.46020748,38.23340336,,,,,,
97,37.79869546,37.46020748,38.23340336,,,,,,
98,37.79955456,37.46020748,38.23340336,,,,,,
99,37.80213188,37.46020748,38.23340336,,,,,,
100,37.80299099,37.46020748,38.23340336,,,,,,
101,37.80299099,37.46020748,38.23340336,,,,,,
102,37.80900474,37.46020748,38.23340336,,,,,,
103,37.81244116,37.46020748,38.23340336,,,,,,
104,37.80814563,37.46020748,38.23340336,,,,,,
105,37.80299099,37.46020748,38.23340336,,,,,,
106,37.80556831,37.46020748,38.23340336,,,,,,
107,37.81158205,37.46020748,38.23340336,,,,,,
108,37.80986384,37.46020748,38.23340336,,,,,,
109,37.80728652,37.46020748,38.23340336,,,,,,
110,37.80986384,37.46020748,38.23340336,,,,,,
111,37.81072295,37.46020748,38.23340336,,,,,,
112,37.81415937,37.46020748,38.23340336,,,,,,
113,37.81244116,37.46020748,38.23340336,,,,,,
114,37.81415937,37.46020748,38.23340336,,,,,,
115,37.81330027,37.46020748,38.23340336,,,,,,
116,37.81587759,37.46020748,38.23340336,,,,,,
117,37.81415937,37.46020748,38.23340336,,,,,,
118,37.81244116,37.46020748,38.23340336,,,,,,
119,37.80470920,37.46020748,38.23340336,,,,,,
120,37.80728652,37.46020748,38.23340336,,,,,,
121,37.82356324,37.51175388,38.43681040,,,,,,
122,37.82270413,37.51175388,38.43681040,,,,,,
123,37.82356324,37.51175388,38.43681040,,,,,,
124,37.82356324,37.51175388,38.43681040,,,,,,
125,37.82098592,37.51175388,38.43681040,,,,,,
126,37.81926770,37.51175388,38.43681040,,,,,,
127,37.82184502,37.51175388,38.43681040,,,,,,
128,37.82098592,37.51175388,38.43681040,,,,,,
129,37.81926770,37.51175388,38.43681040,,,,,,
130,37.81067664,37.51175388,38.43681040,,,,,,
131,37.79439237,36.94706888,38.43681040,,,,,,
132,37.79353326,36.94706888,38.43681040,,,,,,
133,37.79620475,36.94706888,38.43681040,,,,,,
134,37.80991256,36.94706888,38.54040808,,,,,,
135,37.80819434,36.94706888,38.54040808,,,,,,
136,37.81248988,36.94706888,38.54040808,,,,,,
137,37.81506720,36.94706888,38.54040808,,,,,,
138,37.80733524,36.94706888,38.54040808,,,,,,
139,37.80647613,36.94706888,38.54040808,,,,,,
140,37.81077166,36.94706888,38.54040808,,,,,,
141,37.83558983,36.94706888,39.15548288,,,,,,
142,37.83816715,36.94706888,39.15548288,,,,,,
143,37.83988536,36.94706888,39.15548288,,,,,,
144,37.84332179,36.94706888,39.15548288,,,,,,
145,37.84418089,36.94706888,39.15548288,,,,,,
146,37.83816715,36.94706888,39.15548288,,,,,,
147,37.83558983,36.94706888,39.15548288,,,,,,
148,37.83644893,36.94706888,39.15548288,,,,,,
149,37.83138846,36.94706888,39.15548288,,,,,,
150,37.83224756,36.94706888,39.15548288,,,,,,
151,37.83138846,36.94706888,39.15548288,,,,,,
152,37.83138846,36.94706888,39.15548288,,,,,,
153,37.82967024,36.94706888,39.15548288,,,,,,
154,37.83138846,36.94706888,39.15548288,,,,,,
155,37.83224756,36.94706888,39.15548288,,,,,,
156,37.83826131,36.94706888,39.15548288,,,,,,
157,37.83568399,36.94706888,39.15548288,,,,,,
158,37.83826131,36.94706888,39.15548288,,,,,,
159,37.83482488,36.94706888,39.15548288,,,,,,
160,37.82283615,36.94706888,39.15548288,,,,,,
161,37.82111793,36.94706888,39.15548288,,,,,,
162,37.81424508,36.94706888,39.15548288,,,,,,
163,37.81252687,36.94706888,39.15548288,,,,,,
164,37.81510419,36.94706888,39.15548288,,,,,,
165,37.81596329,36.94706888,39.15548288,,,,,,
166,37.81424508,36.94706888,39.15548288,,,,,,
167,37.80909044,36.94706888,39.15548288,,,,,,
168,37.80139638,36.94706888,39.15548288,,,,,,
169,37.80053727,36.94706888,39.15548288,,,,,,
170,37.79881906,36.94706888,39.15548288,,,,,,
171,37.79891322,36.94706888,39.15548288,,,,,,
172,37.79547679,36.94706888,39.15548288,,,,,,
173,37.79547679,36.94706888,39.15548288,,,,,,
174,37.79375858,36.94706888,39.15548288,,,,,,
175,37.80145264,36.94706888,39.15548288,,,,,,
176,37.78774570,36.94706888,39.15548288,,,,,,
177,37.78516838,36.94706888,39.15548288,,,,,,
178,37.79372069,36.94706888,39.15548288,,,,,,
179,37.79457979,36.94706888,39.15548288,,,,,,
180,37.80054624,36.94706888,39.15548288,,,,,,
181,37.78856506,36.94706888,39.15548288,,,,,,
182,37.79412855,36.94706888,39.15548288,,,,,,
183,37.79756498,36.94706888,39.15548288,,,,,,
184,37.79670587,36.94706888,39.15548288,,,,,,
185,37.79842409,36.94706888,39.15548288,,,,,,
186,37.80271962,36.94706888,39.15548288,,,,,,
187,37.80014230,36.94706888,39.15548288,,,,,,
188,37.79502642,36.94706888,39.15548288,,,,,,
189,37.78815356,36.94706888,39.15548288,,,,,,
190,37.79416731,36.94706888,39.15548288,,,,,,
191,37.80701515,37.10170806,39.15548288,,,,,,
192,37.81216979,37.10170806,39.15548288,,,,,,
193,37.80692099,37.10170806,39.15548288,,,,,,
194,37.79579050,37.10170806,39.15548288,,,,,,
195,37.79579050,37.10170806,39.15548288,,,,,,
196,37.78977675,37.10170806,39.15548288,,,,,,
197,37.78977675,37.10170806,39.15548288,,,,,,
198,37.79407229,37.10170806,39.15548288,,,,,,
199,37.79407229,37.10170806,39.15548288,,,,,,
200,37.79579050,37.10170806,39.15548288,,,,,,
201,37.77612697,37.10170806,38.33422251,,,,,,
202,37.77870429,37.10170806,38.33422251,,,,,,
203,37.78128161,37.10170806,38.33422251,,,,,,
204,37.77612697,37.10170806,38.33422251,,,,,,
205,37.77354965,37.10170806,38.33422251,,,,,,
206,37.76667680,37.10170806,38.33422251,,,,,,
207,37.77354965,37.10170806,38.33422251,,,,,,
208,37.77784519,37.10170806,38.33422251,,,,,,
209,37.79145797,37.10170806,38.48881000,,,,,,
210,37.79231708,37.10170806,38.48881000,,,,,,
211,37.79489440,37.10170806,38.48881000,,,,,,
212,37.79489440,37.10170806,38.48881000,,,,,,
213,37.79747172,37.10170806,38.48881000,,,,,,
214,37.79747172,37.10170806,38.48881000,,,,,,
215,37.79747172,37.10170806,38.48881000,,,,,,
216,37.79231708,37.10170806,38.48881000,,,,,,
217,37.79403529,37.10170806,38.48881000,,,,,,
218,37.79231708,37.10170806,38.48881000,,,,,,
219,37.78372602,37.10170806,38.48881000,,,,,,
220,37.79829207,37.10170806,38.48881000,,,,,,
221,37.79059887,37.10170806,38.48881000,,,,,,
222,37.79145797,37.10170806,38.48881000,,,,,,
223,37.78630334,37.10170806,38.48881000,,,,,,
224,37.78716244,37.10170806,38.48881000,,,,,,
225,37.79059887,37.10170806,38.48881000,,,,,,
226,37.79575351,37.10170806,38.48881000,,,,,,
227,37.79661261,37.10170806,38.48881000,,,,,,
228,37.79915204,37.10170806,38.48881000,,,,,,
229,37.80172936,37.10170806,38.48881000,,,,,,
230,37.80172936,37.10170806,38.48881000,,,,,,
231,37.80593073,37.10170806,38.48881000,,,,,,
232,37.80421252,37.10170806,38.48881000,,,,,,
233,37.80249430,37.10170806,38.48881000,,,,,,
234,37.80077609,37.10170806,38.48881000,,,,,,
235,37.78964560,37.10170806,38.48881000,,,,,,
236,37.80507076,37.15325445,38.48881000,,,,,,
237,37.80678897,37.15325445,38.48881000,,,,,,
238,37.80764808,37.15325445,38.48881000,,,,,,
239,37.81108451,37.15325445,38.48881000,,,,,,
240,37.80683627,37.15325445,38.48881000,,,,,,
241,37.80855448,37.15325445,38.48881000,,,,,,
242,37.80299099,37.15325445,38.48881000,,,,,,
243,37.79697724,37.15325445,38.48881000,,,,,,
244,37.79783635,37.15325445,38.48881000,,,,,,
245,37.79955456,37.15325445,38.48881000,,,,,,
246,37.80168163,37.15325445,38.48881000,,,,,,
247,37.79996342,37.15325445,38.48881000,,,,,,
248,37.80937483,37.15325445,38.48881000,,,,,,
249,37.80937483,37.15325445,38.48881000,,,,,,
250,37.81195215,37.15325445,38.48881000,,,,,,
251,37.81023394,37.15325445,38.48881000,,,,,,
252,37.80634726,37.15325445,38.48881000,,,,,,
253,37.81064279,37.15325445,38.48881000,,,,,,
254,37.80892458,37.15325445,38.48881000,,,,,,
255,37.80548815,37.15325445,38.48881000,,,,,,
256,37.81589159,37.15325445,38.48881000,,,,,,
257,37.81589159,37.15325445,38.48881000,,,,,,
258,37.81589159,37.15325445,38.48881000,,,,,,
259,37.81159606,37.15325445,38.48881000,,,,,,
260,37.80472321,37.15325445,38.48881000,,,,,,
261,37.80644142,37.15325445,38.48881000,,,,,,
262,37.80300500,37.15325445,38.48881000,,,,,,
263,37.80386410,37.15325445,38.48881000,,,,,,
264,37.80901874,37.15325445,38.48881000,,,,,,
265,37.80901874,37.15325445,38.48881000,,,,,,
266,37.84502543,37.15325445,39.62060867,,,,,,
267,37.84416632,37.15325445,39.62060867,,,,,,
268,37.83815258,37.15325445,39.62060867,,,,,,
269,37.83728592,37.15325445,39.62060867,,,,,,
270,37.83470860,37.15325445,39.62060867,,,,,,
271,37.83384949,37.15325445,39.62060867,,,,,,
272,37.83384949,37.15325445,39.62060867,,,,,,
273,37.83213128,37.15325445,39.62060867,,,,,,
274,37.84072234,37.15325445,39.62060867,,,,,,
275,37.84244055,37.15325445,39.62060867,,,,,,
276,37.84759519,37.15325445,39.62060867,,,,,,
277,37.84501787,37.15325445,39.62060867,,,,,,
278,37.85189073,37.15325445,39.62060867,,,,,,
279,37.86048179,37.15325445,39.62060867,,,,,,
280,37.85962268,37.15325445,39.62060867,,,,,,
281,37.87418874,37.46020748,39.62060867,,,,,,
282,37.87504785,37.46020748,39.62060867,,,,,,
283,37.87504785,37.46020748,39.62060867,,,,,,
284,37.87418874,37.46020748,39.62060867,,,,,,
285,37.87247053,37.46020748,39.62060867,,,,,,
286,37.86645678,37.46020748,39.62060867,,,,,,
287,37.86989321,37.46020748,39.62060867,,,,,,
288,37.87504785,37.51175388,39.62060867,,,,,,
289,37.87762517,37.51175388,39.62060867,,,,,,
290,37.87934338,37.51175388,39.62060867,,,,,,
291,37.87762517,37.51175388,39.62060867,,,,,,
292,37.87332963,37.40866109,39.62060867,,,,,,
293,37.87161142,37.40866109,39.62060867,,,,,,
294,37.87504785,37.40866109,39.62060867,,,,,,
295,37.87762517,37.40866109,39.62060867,,,,,,
296,37.87762517,37.40866109,39.62060867,,,,,,
297,37.87418874,37.40866109,39.62060867,,,,,,
298,37.86391822,37.40866109,39.62060867,,,,,,
299,37.86391822,37.40866109,39.62060867,37.82026754,36.94706888,39.62060867,,,
300,37.86821375,37.40866109,39.62060867,37.82112664,36.94706888,39.62060867,,,
301,37.86907286,37.40866109,39.62060867,37.82078300,36.94706888,39.62060867,,,
302,37.86563643,37.40866109,39.62060867,37.82043936,36.94706888,39.62060867,,,
303,37.86391822,37.40866109,39.62060867,37.81940843,36.94706888,39.62060867,,,
304,37.86735464,37.40866109,39.62060867,37.81940843,36.94706888,39.62060867,,,
305,37.86220000,37.40866109,39.62060867,37.81906479,36.94706888,39.62060867,,,
306,37.85749562,37.40866109,39.62060867,37.82009572,36.94706888,39.62060867,,,
307,37.86093204,37.40866109,39.62060867,37.82078300,36.94706888,39.62060867,,,
308,37.87205314,37.40866109,39.62060867,37.82249176,36.94706888,39.62060867,,,
309,37.87558372,37.40866109,39.62060867,37.82268241,36.94706888,39.62060867,,,
310,37.86871087,37.40866109,39.62060867,37.82216695,36.94706888,39.62060867,,,
311,37.87214730,37.40866109,39.62060867,37.82182330,36.94706888,39.62060867,,,
312,37.87603398,37.40866109,39.62060867,37.82336970,36.94706888,39.62060867,,,
313,37.87689308,37.40866109,39.62060867,37.82268241,36.94706888,39.62060867,,,
314,37.88032951,37.40866109,39.62060867,37.82319787,36.94706888,39.62060867,,,
315,37.88204772,37.40866109,39.62060867,37.82336970,36.94706888,39.62060867,,,
316,37.87336250,37.40866109,39.62060867,37.82268241,36.94706888,39.62060867,,,
317,37.86906696,37.40866109,39.62060867,37.82199513,36.94706888,39.62060867,,,
318,37.86734875,37.40866109,39.62060867,37.82165148,36.94706888,39.62060867,,,
319,37.86906696,37.40866109,39.62060867,37.82062055,36.94706888,39.62060867,,,
320,37.87765803,37.40866109,39.62060867,37.82113602,36.94706888,39.62060867,,,
321,37.87250339,37.40866109,39.62060867,37.81976145,36.94706888,39.62060867,,,
322,37.88620994,37.40866109,39.62060867,37.82250276,36.94706888,39.62060867,,,
323,37.88449172,37.40866109,39.62060867,37.82267458,36.94706888,39.62060867,,,
324,37.89562221,37.40866109,39.62060867,37.82472886,36.94706888,39.62060867,,,
325,37.89819953,37.40866109,39.62060867,37.82438521,36.94706888,39.62060867,,,
326,37.87078391,37.40866109,38.59187863,37.82472886,36.94706888,39.62060867,,,
327,37.85879518,37.15325445,38.59187863,37.82267475,36.94706888,39.62060867,,,
328,37.86137250,37.15325445,38.59187863,37.82301839,36.94706888,39.62060867,,,
329,37.85196863,37.15325445,38.59187863,37.82319021,36.94706888,39.62060867,,,
330,37.85043874,37.15325445,38.59187863,37.82305606,36.94706888,39.62060867,,,
331,37.85043874,37.15325445,38.59187863,37.82322788,36.94706888,39.62060867,,,
332,37.85215696,37.15325445,38.59187863,37.82357152,36.94706888,39.62060867,,,
333,37.85215696,37.15325445,38.59187863,37.82322788,36.94706888,39.62060867,,,
334,37.84270679,37.15325445,38.59187863,37.82271242,36.94706888,39.62060867,,,
335,37.84356589,37.15325445,38.59187863,37.82339970,36.94706888,39.62060867,,,
336,37.84356589,37.15325445,38.59187863,37.82425881,36.94706888,39.62060867,,,
337,37.85383642,37.15325445,38.59187863,37.82545381,36.94706888,39.62060867,,,
338,37.83755215,37.05016167,38.59187863,37.82391516,36.94706888,39.62060867,,,
339,37.84311701,37.05016167,38.59187863,37.82485632,36.94706888,39.62060867,,,
340,37.84063386,37.05016167,38.59187863,37.82487515,36.94706888,39.62060867,,,
341,37.83462011,37.05016167,38.59187863,37.82470333,36.94706888,39.62060867,,,
342,37.83547922,37.05016167,38.59187863,37.82504697,36.94706888,39.62060867,,,
343,37.83986891,37.05016167,38.59187863,37.82523762,36.94706888,39.62060867,,,
344,37.82616196,36.99861527,38.59187863,37.82215259,36.94706888,39.62060867,,,
345,37.86465004,36.99861527,40.13031705,37.82933474,36.94706888,40.13031705,,,
346,37.86894557,36.99861527,40.13031705,37.83019385,36.94706888,40.13031705,,,
347,37.88006667,36.99861527,40.13031705,37.83344900,36.94706888,40.13031705,,,
348,37.87758351,36.99861527,40.13031705,37.83260872,36.94706888,40.13031705,,,
349,37.87672440,36.99861527,40.13031705,37.83278054,36.94706888,40.13031705,,,
350,37.87799374,36.99861527,40.13031705,37.83354987,36.94706888,40.13031705,,,
351,37.87455731,36.99861527,40.13031705,37.83354987,36.94706888,40.13031705,,,
352,37.87627552,36.99861527,40.13031705,37.83269077,36.94706888,40.13031705,,,
353,37.88653751,36.99861527,40.13031705,37.83371224,36.94706888,40.13031705,,,
354,37.88310108,36.99861527,40.13031705,37.83336859,36.94706888,40.13031705,,,
355,37.86681681,36.84397610,40.13031705,37.82976810,36.84397610,40.13031705,,,
356,37.86166217,36.84397610,40.13031705,37.82959628,36.84397610,40.13031705,,,
357,37.86595771,36.84397610,40.13031705,37.82925263,36.84397610,40.13031705,,,
358,37.88991676,36.84397610,40.13031705,37.83352898,36.84397610,40.13031705,,,
359,37.89163498,36.84397610,40.13031705,37.83318534,36.84397610,40.13031705,,,
360,37.89760143,36.84397610,40.13031705,37.83609684,36.84397610,40.13031705,,,
361,37.90959103,36.84397610,40.13031705,37.83986933,36.84397610,40.13031705,,,
362,37.91130924,36.84397610,40.13031705,37.83935387,36.84397610,40.13031705,,,
363,37.91837041,36.84397610,40.13031705,37.84007882,36.84397610,40.13031705,,,
364,37.92777428,36.84397610,40.13031705,37.84264688,36.84397610,40.13031705,,,
365,37.92863338,36.84397610,40.13031705,37.84195959,36.84397610,40.13031705,,,
366,37.92691517,36.84397610,40.13031705,37.84161595,36.84397610,40.13031705,,,
367,37.93632745,36.84397610,40.13031705,37.84384205,36.84397610,40.13031705,,,
368,37.93375867,36.84397610,40.13031705,37.84623979,36.84397610,40.13031705,,,
369,37.94737232,36.84397610,40.13031705,37.84795043,36.84397610,40.13031705,,,
370,37.96364805,36.84397610,40.13031705,37.84983100,36.84397610,40.13031705,,,
371,37.96107073,36.84397610,40.13031705,37.84897190,36.84397610,40.13031705,,,
372,37.95505698,36.84397610,40.13031705,37.84862825,36.84397610,40.13031705,,,
373,37.95162056,36.84397610,40.13031705,37.84845643,36.84397610,40.13031705,,,
374,37.95931376,36.84397610,40.13031705,37.85085418,36.84397610,40.13031705,,,
375,37.96275018,36.84397610,40.13031705,37.85085418,36.84397610,40.13031705,,,
376,37.95763344,36.84397610,40.13031705,37.84983083,36.84397610,40.13031705,,,
377,37.94994024,36.84397610,40.13031705,37.84794855,36.84397610,40.13031705,,,
378,37.95337666,36.84397610,40.13031705,37.84760491,36.84397610,40.13031705,,,
379,37.96192897,36.84397610,40.13031705,37.84862808,36.84397610,40.13031705,,,
380,37.95849255,36.84397610,40.13031705,37.84948719,36.84397610,40.13031705,,,
381,37.97219950,36.84397610,40.13031705,37.85257222,36.84397610,40.13031705,,,
382,37.96192937,36.84397610,40.13031705,37.85360315,36.84397610,40.13031705,,,
383,37.96192937,36.84397610,40.13031705,37.85429043,36.84397610,40.13031705,,,
384,37.96191997,36.84397610,40.13031705,37.85720194,36.84397610,40.13031705,,,
385,37.95934266,36.84397610,40.13031705,37.85685830,36.84397610,40.13031705,,,
386,37.95428218,36.84397610,40.13031705,37.85498709,36.84397610,40.13031705,,,
387,37.96368506,36.84397610,40.13031705,37.85515721,36.84397610,40.13031705,,,
388,37.96454416,36.84397610,40.13031705,37.85567267,36.84397610,40.13031705,,,
389,37.96368506,36.84397610,40.13031705,37.85515721,36.84397610,40.13031705,,,
390,37.96177852,36.84397610,40.13031705,37.85429810,36.84397610,40.13031705,,,
391,37.95834209,36.84397610,40.13031705,37.85378264,36.84397610,40.13031705,,,
392,37.96091941,36.84397610,40.13031705,37.85464174,36.84397610,40.13031705,,,
393,37.97376685,36.84397610,40.13031705,37.85703941,36.84397610,40.13031705,,,
394,37.98661429,36.84397610,40.13031705,37.85978072,36.84397610,40.13031705,,,
395,37.98413114,36.84397610,40.13031705,37.85997137,36.84397610,40.13031705,,,
396,37.98368226,36.84397610,40.13031705,37.86108435,36.84397610,40.13031705,,,
397,37.97866053,36.84397610,40.13031705,37.86144682,36.84397610,40.13031705,,,
398,37.98549463,36.84397610,40.13031705,37.86110318,36.84397610,40.13031705,,,
399,37.99576515,36.84397610,40.13031705,37.86358297,36.84397610,40.13031705,,,
400,37.99481189,36.84397610,40.13031705,37.86323933,36.84397610,40.13031705,,,
401,38.00295270,36.84397610,40.13031705,37.86469567,36.84397610,40.13031705,,,
402,38.01579299,36.84397610,40.13031705,37.86640462,36.84397610,40.13031705,,,
403,38.01569882,36.84397610,40.13031705,37.86588916,36.84397610,40.13031705,,,
404,38.03026488,36.84397610,40.13031705,37.86657644,36.84397610,40.13031705,,,
405,37.99860236,36.84397610,39.15548288,37.86845702,36.84397610,40.13031705,,,
406,37.99516593,36.84397610,39.15548288,37.86811338,36.84397610,40.13031705,,,
407,37.98232663,36.84397610,39.15548288,37.86759791,36.84397610,40.13031705,,,
408,37.98910532,36.84397610,39.15548288,37.86845702,36.84397610,40.13031705,,,
409,38.02079633,36.84397610,39.77403958,37.87548251,36.84397610,40.13031705,,,
410,38.01962116,36.84397610,39.77403958,37.87550134,36.84397610,40.13031705,,,
411,38.02563491,36.84397610,39.77403958,37.87653227,36.84397610,40.13031705,,,
412,38.05045638,36.84397610,39.77403958,37.87995017,36.84397610,40.13031705,,,
413,38.06376174,36.84397610,39.77403958,37.88397635,36.84397610,40.13031705,,,
414,38.06805728,36.84397610,39.77403958,37.88414817,36.84397610,40.13031705,,,
415,38.08262333,37.10170806,39.77403958,37.88363271,36.84397610,40.13031705,,,
416,38.08520065,37.10170806,39.77403958,37.88346089,36.84397610,40.13031705,,,
417,38.08519310,37.10170806,39.77403958,37.88345938,36.84397610,40.13031705,,,
418,38.07580096,37.10170806,39.77403958,37.88620094,36.84397610,40.13031705,,,
419,38.07150543,37.10170806,39.77403958,37.88654458,36.84397610,40.13031705,,,
420,38.06296165,37.10170806,39.77403958,37.88723187,36.84397610,40.13031705,,,
421,38.07407201,37.10170806,39.77403958,37.88997109,36.84397610,40.13031705,,,
422,38.08949717,37.10170806,39.77403958,37.89271248,36.84397610,40.13031705,,,
423,38.08415421,37.10170806,39.77403958,37.89219701,36.84397610,40.13031705,,,
424,38.07217302,37.10170806,39.77403958,37.89236883,36.84397610,40.13031705,,,
425,38.07475034,37.10170806,39.77403958,37.89271248,36.84397610,40.13031705,,,
426,38.07732766,37.10170806,39.77403958,37.89322794,36.84397610,40.13031705,,,
427,38.07221092,37.10170806,39.77403958,37.89391523,36.84397610,40.13031705,,,
428,38.05936307,37.10170806,39.77403958,37.89391523,36.84397610,40.13031705,,,
429,38.05591823,37.10170806,39.77403958,37.89528053,36.84397610,40.13031705,,,
430,38.05171686,37.10170806,39.77403958,37.89803905,36.84397610,40.13031705,,,
431,38.05343508,37.10170806,39.77403958,37.90078044,36.84397610,40.13031705,,,
432,38.05429418,37.10170806,39.77403958,37.90078044,36.84397610,40.13031705,,,
433,38.05687150,37.10170806,39.77403958,37.90058978,36.84397610,40.13031705,,,
434,38.04927246,37.10170806,39.77403958,37.89872616,36.84397610,40.13031705,,,
435,38.04325871,37.10170806,39.77403958,37.89786705,36.84397610,40.13031705,,,
436,38.05095278,37.10170806,39.77403958,37.89752341,36.84397610,40.13031705,,,
437,38.09076599,37.46020748,39.77403958,37.90308831,36.84397610,40.13031705,,,
438,38.08732956,37.46020748,39.77403958,37.90360377,36.84397610,40.13031705,,,
439,38.08135457,37.46020748,39.77403958,37.90360377,36.84397610,40.13031705,,,
440,38.09161754,37.46020748,39.77403958,37.90565636,36.84397610,40.13031705,,,
441,38.07791059,37.46020748,39.77403958,37.90103637,36.84397610,40.13031705,,,
442,38.07533327,37.46020748,39.77403958,37.90103637,36.84397610,40.13031705,,,
443,38.08388558,37.46020748,39.77403958,37.90309048,36.84397610,40.13031705,,,
444,38.07706003,37.46020748,39.77403958,37.90394959,36.84397610,40.13031705,,,
445,38.07791913,37.46020748,39.77403958,37.90360594,36.84397610,40.13031705,,,
446,38.08297961,37.46020748,39.77403958,37.90394959,36.84397610,40.13031705,,,
447,38.08384725,37.46020748,39.77403958,37.90480869,36.84397610,40.13031705,,,
448,38.10438075,37.46020748,39.77403958,37.90925903,36.84397610,40.13031705,,,
449,38.10447491,37.46020748,39.77403958,37.90977450,36.84397610,40.13031705,,,
450,38.10619312,37.46020748,39.77403958,37.90908721,36.84397610,40.13031705,,,
451,38.10877044,37.46020748,39.77403958,37.90925903,36.84397610,40.13031705,,,
452,38.10113264,37.46020748,39.77403958,37.90859058,36.84397610,40.13031705,,,
453,38.10285126,37.46020748,39.77403958,37.91167561,36.84397610,40.13031705,,,
454,38.08828561,37.46020748,39.77403958,37.91116015,36.84397610,40.13031705,,,
455,38.09855613,37.46020748,39.77403958,37.91323309,36.84397610,40.13031705,,,
456,38.09728680,37.46020748,39.77403958,37.91288944,36.84397610,40.13031705,,,
457,38.08348569,37.10170806,39.77403958,37.91100716,36.84397610,40.13031705,,,
458,38.09420519,37.10170806,39.77403958,37.91229196,36.84397610,40.13031705,,,
459,38.06809928,37.10170806,39.77403958,37.91023785,36.84397610,40.13031705,,,
460,38.06809928,37.10170806,39.77403958,37.91229196,36.84397610,40.13031705,,,
461,38.06339489,37.10170806,39.77403958,37.91315106,36.84397610,40.13031705,,,
462,38.06253480,37.10170806,39.77403958,37.91606256,36.84397610,40.13031705,,,
463,38.06167569,37.10170806,39.77403958,37.91571892,36.84397610,40.13031705,,,
464,38.06425301,37.10170806,39.77403958,37.91640621,36.84397610,40.13031705,,,
465,38.06426155,37.10170806,39.77403958,37.91811667,36.84397610,40.13031705,,,
466,38.07795996,37.10170806,39.77403958,37.92085635,36.84397610,40.13031705,,,
467,38.07452354,37.10170806,39.77403958,37.92068453,36.84397610,40.13031705,,,
468,38.06936890,37.10170806,39.77403958,37.92205152,36.84397610,40.13031705,,,
469,38.03939610,37.10170806,39.49050067,37.92325427,36.84397610,40.13031705,,,
470,38.04228948,37.10170806,39.49050067,37.92419542,36.84397610,40.13031705,,,
471,38.03799395,37.10170806,39.49050067,37.92434841,36.84397610,40.13031705,,,
472,38.01498485,37.10170806,39.49050067,37.92385178,36.84397610,40.13031705,,,
473,37.99227661,37.10170806,39.49050067,37.92333632,36.84397610,40.13031705,,,
474,37.99825160,37.10170806,39.49050067,37.92504678,36.84397610,40.13031705,,,
475,37.99911071,37.10170806,39.49050067,37.92316432,36.84397610,40.13031705,,,
476,37.99739249,37.10170806,39.49050067,37.92539025,36.84397610,40.13031705,,,
477,37.99997737,37.10170806,39.49050067,37.92642118,36.84397610,40.13031705,,,
478,37.98884688,37.10170806,39.49050067,37.92522618,36.84397610,40.13031705,,,
479,38.00255342,37.10170806,39.49050067,37.92813931,36.84397610,40.13031705,,,
480,38.00725918,37.10170806,39.49050067,37.92857446,36.84397610,40.13031705,,,
481,37.98415923,37.10170806,39.49050067,37.92908992,36.84397610,40.13031705,,,
482,37.96615675,37.10170806,39.49050067,37.92711812,36.84397610,40.13031705,,,
483,37.97217049,37.10170806,39.49050067,37.92711812,36.84397610,40.13031705,,,
484,37.97818424,37.10170806,39.49050067,37.92866451,36.84397610,40.13031705,,,
485,37.97818424,37.10170806,39.49050067,37.92866451,36.84397610,40.13031705,,,
486,37.98672900,37.10170806,39.49050067,37.93002982,36.84397610,40.13031705,,,
487,37.99184488,37.10170806,39.49050067,37.93225574,36.84397610,40.13031705,,,
488,38.00170391,37.10170806,39.49050067,37.93525072,36.84397610,40.13031705,,,
489,37.99786491,37.10170806,39.49050067,37.93722280,36.84397610,40.13031705,,,
490,37.98750876,37.10170806,39.49050067,37.93670734,36.84397610,40.13031705,,,
491,37.99008608,37.10170806,39.49050067,37.93739462,36.84397610,40.13031705,,,
492,37.98836787,37.10170806,39.49050067,37.93602005,36.84397610,40.13031705,,,
493,37.98493144,37.10170806,39.49050067,37.93619188,36.84397610,40.13031705,,,
494,37.98483728,37.10170806,39.49050067,37.93653552,36.84397610,40.13031705,,,
495,37.99985232,37.10170806,39.49050067,37.93867942,36.84397610,40.13031705,,,
496,38.00157053,37.10170806,39.49050067,37.93988217,36.84397610,40.13031705,,,
497,37.99342972,37.10170806,39.15613457,37.94381890,36.84397610,40.13031705,,,
498,37.98487741,37.10170806,39.15613457,37.94176480,36.84397610,40.13031705,,,
499,37.98487741,37.10170806,39.15613457,37.94176480,36.84397610,40.13031705,,,
500,37.96692124,37.10170806,39.15613457,37.93988251,36.84397610,40.13031705,,,
501,37.97293498,37.10170806,39.15613457,37.94039798,36.84397610,40.13031705,,,
502,37.97121677,37.10170806,39.15613457,37.93953887,36.84397610,40.13031705,,,
503,37.96777994,37.10170806,39.15613457,37.94039015,36.84397610,40.13031705,,,
504,37.97203632,37.10170806,39.15613457,37.94313145,36.84397610,40.13031705,,,
505,37.97203632,37.10170806,39.15613457,37.94330328,36.84397610,40.13031705,,,
506,37.98401651,37.10170806,39.15613457,37.94741753,36.84397610,40.13031705,,,
507,37.99771493,37.10170806,39.15613457,37.94964175,36.84397610,40.13031705,,,
508,37.98753758,37.10170806,39.00205197,37.95119751,36.84397610,40.13031705,,,
509,37.98744342,37.10170806,39.00205197,37.94897159,36.84397610,40.13031705,,,
510,37.98916163,37.10170806,39.00205197,37.94845612,36.84397610,40.13031705,,,
511,38.01657725,37.10170806,39.46596949,37.95359560,36.84397610,40.13031705,,,
512,38.02087278,37.10170806,39.46596949,37.95378626,36.84397610,40.13031705,,,
513,38.00974315,37.10170806,39.46596949,37.95412990,36.84397610,40.13031705,,,
514,38.00802494,37.10170806,39.46596949,37.95327079,36.84397610,40.13031705,,,
515,37.99680115,37.10170806,39.46596949,37.95309897,36.84397610,40.13031705,,,
516,38.00150554,37.10170806,39.46596949,37.95472713,36.84397610,40.13031705,,,
517,38.01444754,37.20480084,39.46596949,37.95508961,36.84397610,40.13031705,,,
518,38.01530527,37.20480084,39.46596949,37.95688959,36.84397610,40.13031705,,,
519,38.02643490,37.20480084,39.46596949,37.95877963,36.84397610,40.13031705,,,
520,38.03244865,37.20480084,39.46596949,37.95912327,36.84397610,40.13031705,,,
521,38.03588507,37.20480084,39.46596949,37.96220830,36.84397610,40.13031705,,,
522,38.02476398,37.20480084,39.46596949,37.96272377,36.84397610,40.13031705,,,
523,38.02829457,37.20480084,39.46596949,37.96411717,36.84397610,40.13031705,,,
524,38.03897532,37.20480084,39.46596949,37.96676878,36.84397610,40.13031705,,,
525,38.05055393,37.20480084,39.46596949,37.97010768,36.84397610,40.13031705,,,
526,38.04884386,37.20480084,39.46596949,37.97147442,36.84397610,40.13031705,,,
527,38.05142118,37.20480084,39.46596949,37.97164624,36.84397610,40.13031705,,,
528,38.07710931,37.20480084,39.46596949,37.97764298,36.84397610,40.13031705,,,
529,38.07281377,37.20480084,39.46596949,37.97747115,36.84397610,40.13031705,,,
530,38.06810801,37.20480084,39.46596949,37.97747115,36.84397610,40.13031705,,,
531,38.05783663,37.15320277,39.46596949,37.97472959,36.84397610,40.13031705,,,
532,38.06041395,37.15320277,39.46596949,37.97509207,36.84397610,40.13031705,,,
533,38.06127306,37.15320277,39.46596949,37.97509207,36.84397610,40.13031705,,,
534,38.08012570,37.15320277,39.46596949,37.98091670,36.84397610,40.13031705,,,
535,38.09038769,37.15320277,39.46596949,37.98331274,36.84397610,40.13031705,,,
536,38.08097627,37.15320277,39.46596949,37.98057135,36.84397610,40.13031705,,,
537,38.09250857,37.15320277,39.46596949,37.98356510,36.84397610,40.13031705,,,
538,38.10586081,37.15320277,39.46596949,37.98486872,36.84397610,40.13031705,,,
539,38.09473158,37.15320277,39.46596949,37.98486872,36.84397610,40.13031705,,,
540,38.09856959,37.15320277,39.46596949,37.98692112,36.84397610,40.13031705,,,
541,38.13579832,37.15320277,40.10630221,37.99453869,36.84397610,40.13031705,,,
542,38.14009385,37.15320277,40.10630221,37.99453869,36.84397610,40.13031705,,,
543,38.13417427,37.15320277,40.10630221,37.99455752,36.84397610,40.13031705,,,
544,38.13928161,37.15320277,40.10630221,37.99695356,36.84397610,40.13031705,,,
545,38.13937577,37.15320277,40.10630221,37.99662875,36.84397610,40.13031705,,,
546,38.14322144,37.15320277,40.10630221,37.99833778,36.84397610,40.13031705,,,
547,38.16163587,37.15320277,40.10630221,38.00459023,36.84397610,40.13031705,,,
548,38.17573823,37.15320277,40.10630221,38.00852340,36.84397610,40.13031705,,,
549,38.17230180,37.15320277,40.10630221,38.00980820,36.84397610,40.13031705,,,
550,38.17700756,37.15320277,40.10630221,38.00971842,36.84397610,40.13031705,,,
551,38.18297479,37.15320277,40.10630221,38.01194279,36.84397610,40.13031705,,,
552,38.18641121,37.15320277,40.10630221,38.01203285,36.84397610,40.13031705,,,
553,38.18898853,37.15320277,40.10630221,38.01186102,36.84397610,40.13031705,,,
554,38.19283519,37.15320277,40.10630221,38.01331764,36.84397610,40.13031705,,,
555,38.18723157,37.15320277,40.10630221,38.01502810,36.84397610,40.13031705,,,
556,38.19333947,37.15320277,40.10630221,38.01537174,36.84397610,40.13031705,,,
557,38.17365581,37.15320277,40.10630221,38.01537174,36.84397610,40.13031705,,,
558,38.19591507,37.15320277,40.10630221,38.01776949,36.84397610,40.13031705,,,
559,38.20917274,37.15320277,40.10630221,38.02128013,36.84397610,40.13031705,,,
560,38.21514773,37.15320277,40.10630221,38.02196742,36.84397610,40.13031705,,,
561,38.21257001,37.15320277,40.10630221,38.02162369,36.84397610,40.13031705,,,
562,38.21008685,37.15320277,40.10630221,38.02095524,36.84397610,40.13031705,,,
563,38.20153494,37.15320277,40.10630221,38.01992431,36.84397610,40.13031705,,,
564,38.19212393,37.15320277,40.10630221,38.01975249,36.84397610,40.13031705,,,
565,38.20324502,37.15320277,40.10630221,38.02214853,36.84397610,40.13031705,,,
566,38.20665295,37.15320277,40.10630221,38.01974303,36.84397610,40.13031705,,,
567,38.22804282,37.15320277,40.10630221,38.02641705,36.84397610,40.13031705,,,
568,38.22112310,37.15320277,40.10630221,38.02779162,36.84397610,40.13031705,,,
569,38.23138607,37.15320277,40.10630221,38.02779162,36.84397610,40.13031705,,,
570,38.22880875,37.15320277,40.10630221,38.02727615,36.84397610,40.13031705,,,
571,38.20993690,37.15320277,40.10630221,38.02881309,36.84397610,40.13031705,,,
572,38.20984274,37.15320277,40.10630221,38.02898491,36.84397610,40.13031705,,,
573,38.21070185,37.15320277,40.10630221,38.02984401,36.84397610,40.13031705,,,
574,38.21757470,37.15320277,40.10630221,38.02864127,36.84397610,40.13031705,,,
575,38.22101113,37.15320277,40.10630221,38.02881309,36.84397610,40.13031705,,,
576,38.21630674,37.15320277,40.10630221,38.02846944,36.84397610,40.13031705,,,
577,38.22349566,37.15320277,40.10630221,38.03078517,36.84397610,40.13031705,,,
578,38.21879127,37.15320277,40.10630221,38.03026970,36.84397610,40.13031705,,,
579,38.22905424,37.15320277,40.10630221,38.03249412,36.84397610,40.13031705,,,
580,38.23846526,37.15320277,40.10630221,38.03489178,36.84397610,40.13031705,,,
581,38.24700903,37.15320277,40.10630221,38.03677236,36.84397610,40.13031705,,,
582,38.26582332,37.15320277,40.10630221,38.04087886,36.84397610,40.13031705,,,
583,38.26998594,37.15320277,40.10630221,38.04310479,36.84397610,40.13031705,,,
584,38.25500966,37.15320277,40.10630221,38.04293297,36.84397610,40.13031705,,,
585,38.24857813,37.15320277,40.10630221,38.04532920,36.84397610,40.13031705,,,
586,38.24857813,37.15320277,40.10630221,38.04789869,36.84397610,40.13031705,,,
587,38.23573029,37.05016167,40.10630221,38.04481366,36.84397610,40.13031705,,,
588,38.21560702,37.05016167,40.10630221,38.04575481,36.84397610,40.13031705,,,
589,38.24387962,37.05016167,40.10630221,38.05072205,36.84397610,40.13031705,,,
590,38.24130230,37.05016167,40.10630221,38.04986294,36.84397610,40.13031705,,,
591,38.26269478,37.05016167,40.10630221,38.05174351,36.84397610,40.13031705,,,
592,38.28657855,37.05016167,40.10630221,38.05774185,36.84397610,40.13031705,,,
593,38.30113705,37.05016167,40.10630221,38.06099719,36.84397610,40.13031705,,,
594,38.27028713,37.05016167,40.10630221,38.05996456,36.84397610,40.13031705,,,
595,38.26174336,37.05016167,40.10630221,38.06013638,36.84397610,40.13031705,,,
596,38.28314311,37.05016167,40.10630221,38.06167494,36.84397610,40.13031705,,,
597,38.26912765,37.05016167,40.10630221,38.06255288,36.84397610,40.13031705,,,
598,38.26477671,37.05016167,40.10630221,38.06504042,36.84397610,40.13031705,,,
599,38.26821313,37.05016167,40.10630221,38.06572771,36.84397610,40.13031705,,,
600,38.25460888,37.05016167,40.10630221,38.06420015,36.84397610,40.13031705,,,
601,38.22936889,37.05016167,39.87478289,38.06659789,36.84397610,40.13031705,,,
602,38.23194621,37.05016167,39.87478289,38.06780064,36.84397610,40.13031705,,,
603,38.25495200,37.05016167,39.87478289,38.07276428,36.84397610,40.13031705,,,
604,38.25238282,37.05016167,39.87478289,38.07395919,36.84397610,40.13031705,,,
605,38.24712462,37.05016167,39.87478289,38.07361367,36.84397610,40.13031705,,,
606,38.23473419,37.05016167,39.87478289,38.07378549,36.84397610,40.13031705,,,
607,38.23174492,37.05016167,39.87478289,38.07875281,36.84397610,40.13031705,,,
608,38.22832545,37.05016167,39.87478289,38.07977787,36.84397610,40.13031705,,,
609,38.24415278,37.05016167,39.87478289,38.08352201,36.84397610,40.13031705,,,
610,38.24970900,37.05016167,39.87478289,38.08591805,36.84397610,40.13031705,,,
611,38.24125862,37.05016167,39.87478289,38.08576506,36.84397610,40.13031705,,,
612,38.25495802,37.05016167,39.87478289,38.08781765,36.84397610,40.13031705,,,
613,38.26618181,37.05016167,39.87478289,38.08971877,36.84397610,40.13031705,,,
614,38.26080527,37.05016167,39.87478289,38.08941279,36.84397610,40.13031705,,,
615,38.26595137,37.05016167,39.87478289,38.09180883,36.84397610,40.13031705,,,
616,38.25993762,37.05016167,39.87478289,38.09268677,36.84397610,40.13031705,,,
617,38.27885634,37.05016167,39.87478289,38.09732962,36.84397610,40.13031705,,,
618,38.27884879,37.05016167,39.87478289,38.10006950,36.84397610,40.13031705,,,
619,38.25957737,37.05016167,39.87478289,38.09938221,36.84397610,40.13031705,,,
620,38.28267732,37.05016167,39.87478289,38.10297128,36.84397610,40.13031705,,,
621,38.26906408,37.05016167,39.87478289,38.10093583,36.84397610,40.13031705,,,
622,38.27068773,37.05016167,39.87478289,38.09785080,36.84397610,40.13031705,,,
623,38.27154683,37.05016167,39.87478289,38.09733533,36.84397610,40.13031705,,,
624,38.28094971,37.05016167,39.87478289,38.09681799,36.84397610,40.13031705,,,
625,38.29552603,37.05016167,39.87478289,38.10161383,36.84397610,40.13031705,,,
626,38.29040087,37.05016167,39.87478289,38.10366642,36.84397610,40.13031705,,,
627,38.25788990,37.05016167,39.41429559,38.10623599,36.84397610,40.13031705,,,
628,38.25282943,37.05016167,39.41429559,38.10608300,36.84397610,40.13031705,,,
629,38.25282844,37.05016167,39.41429559,38.10796358,36.84397610,40.13031705,,,
630,38.25549992,37.05016167,39.41429559,38.10828839,36.84397610,40.13031705,,,
631,38.23496741,37.05016167,39.41429559,38.10571882,36.84397610,40.13031705,,,
632,38.23582652,37.05016167,39.41429559,38.10571882,36.84397610,40.13031705,,,
633,38.23926295,37.05016167,39.41429559,38.10726521,36.84397610,40.13031705,,,
634,38.24609664,37.05016167,39.41429559,38.10931924,36.84397610,40.13031705,,,
635,38.26960270,37.05016167,39.41429559,38.11402045,36.84397610,40.13031705,,,
636,38.26883775,37.05016167,39.41429559,38.11352382,36.84397610,40.13031705,,,
637,38.27268430,37.05016167,39.41429559,38.11455474,36.84397610,40.13031705,,,
638,38.27182520,37.05016167,39.41429559,38.11712431,36.84397610,40.13031705,,,
639,38.25215935,37.05016167,39.41429559,38.11430258,36.84397610,40.13031705,,,
640,38.23845280,37.05016167,39.41429559,38.11445557,36.84397610,40.13031705,,,
641,38.24269695,37.05016167,39.41429559,38.11838773,36.84397610,40.13031705,,,
642,38.22954169,37.05016167,39.41429559,38.11969136,36.84397610,40.13031705,,,
643,38.22655188,37.05016167,39.41429559,38.12044138,36.84397610,40.13031705,,,
644,38.23125764,37.05016167,39.41429559,38.12395210,36.84397610,40.13031705,,,
645,38.24151731,37.05016167,39.41429559,38.12070266,36.84397610,40.10630221,,,
646,38.24408649,37.05016167,39.41429559,38.12292687,36.84397610,40.10630221,,,
647,38.28176422,37.10170806,39.41429559,38.12515317,36.84397610,40.10630221,,,
648,38.30274520,37.10170806,39.41429559,38.13078715,36.84397610,40.10630221,,,
649,38.27533171,37.10170806,39.38603468,38.13044351,36.84397610,40.10630221,,,
650,38.28903012,37.10170806,39.38603468,38.13207022,36.84397610,40.10630221,,,
651,38.28473459,37.10170806,39.38603468,38.13377897,36.84397610,40.10630221,,,
652,38.28044032,37.10170806,39.38603468,38.13857481,36.84397610,40.10630221,,,
653,38.29926487,37.10170806,39.72092292,38.14354267,36.84397610,40.10630221,,,
654,38.32410105,37.10170806,39.72092292,38.14816455,36.84397610,40.10630221,,,
655,38.32066462,37.10170806,39.72092292,38.15090594,37.05016167,40.10630221,,,
656,38.31894641,37.10170806,39.72092292,38.15313179,37.05016167,40.10630221,,,
657,38.32152373,37.10170806,39.72092292,38.15366608,37.05016167,40.10630221,,,
658,38.33563237,37.10170806,39.72092292,38.15418354,37.05016167,40.10630221,,,
659,38.35099761,37.10170806,39.72092292,38.15760023,37.05016167,40.10630221,,,
660,38.37917565,37.10170806,39.72092292,38.16051499,37.05016167,40.10630221,,,
661,38.37744890,37.10170806,39.72092292,38.16016947,37.05016167,40.10630221,,,
662,38.38600121,37.10170806,39.72092292,38.16273904,37.05016167,40.10630221,,,
663,38.37317138,37.10170806,39.72092292,38.16372447,37.05016167,40.10630221,,,
664,38.35991381,37.10170806,39.72092292,38.16038710,37.05016167,40.10630221,,,
665,38.38562062,37.10170806,39.72092292,38.16501112,37.05016167,40.10630221,,,
666,38.38733883,37.10170806,39.72092292,38.16587023,37.05016167,40.10630221,,,
667,38.36078404,37.10170806,39.72092292,38.16364413,37.05016167,40.10630221,,,
668,38.35222233,37.10170806,39.72092292,38.16347060,37.05016167,40.10630221,,,
669,38.34538864,37.10170806,39.72092292,38.16312527,37.05016167,40.10630221,,,
670,38.33684487,37.10170806,39.72092292,38.16055741,37.05016167,40.10630221,,,
671,38.33589160,37.10170806,39.72092292,38.16072923,37.05016167,40.10630221,,,
672,38.33265105,37.10170806,39.72092292,38.16333647,37.05016167,40.10630221,,,
673,38.33427510,37.10170806,39.72092292,38.16624968,37.05016167,40.10630221,,,
674,38.33580499,37.10170806,39.72092292,38.16471104,37.05016167,40.10630221,,,
675,38.34950206,37.10170806,39.72092292,38.16915921,37.05016167,40.10630221,,,
676,38.35881932,37.10170806,39.72092292,38.17292394,37.05016167,40.10630221,,,
677,38.37414005,37.10170806,39.87539964,38.18216958,37.05016167,40.10630221,,,
678,38.38441813,37.10170806,39.87539964,38.18627779,37.05016167,40.10630221,,,
679,38.41439093,37.10170806,39.87539964,38.18987461,37.05016167,40.10630221,,,
680,38.39387545,37.10170806,39.87539964,38.19004786,37.05016167,40.10630221,,,
681,38.41432280,37.10170806,39.87539964,38.18936049,37.05016167,40.10630221,,,
682,38.42802260,37.10170806,39.87539964,38.19106944,37.05016167,40.10630221,,,
683,38.44087130,37.10170806,39.87539964,38.19312372,37.05016167,40.10630221,,,
684,38.43499901,37.10170806,39.87539964,38.19143380,37.05016167,40.10630221,,,
685,38.41658468,37.10170806,39.87539964,38.19306224,37.05016167,40.10630221,,,
686,38.42856389,37.10170806,39.87539964,38.19852277,37.05016167,40.10630221,,,
687,38.42512747,37.10170806,39.87539964,38.19852447,37.05016167,40.10630221,,,
688,38.45840668,37.10170806,39.87539964,38.20485551,37.05016167,40.10630221,,,
689,38.46022004,37.10170806,39.87539964,38.20727058,37.05016167,40.10630221,,,
690,38.46022004,37.10170806,39.87539964,38.20797669,37.05016167,40.10630221,,,
691,38.48332987,37.35995232,39.87539964,38.21071638,37.05016167,40.10630221,,,
692,38.50730907,37.35995232,39.87539964,38.21499675,37.05016167,40.10630221,,,
693,38.50558330,37.35995232,39.87539964,38.21362850,37.05016167,40.10630221,,,
694,38.50644281,37.35995232,39.87539964,38.21328494,37.05016167,40.10630221,,,
695,38.49663615,37.35995232,39.87539964,38.21652145,37.05016167,40.10630221,,,
696,38.49740110,37.35995232,39.87539964,38.21626758,37.05016167,40.10630221,,,
697,38.48455325,37.35995232,39.87539964,38.21573329,37.05016167,40.10630221,,,
698,38.48966060,37.35995232,39.87539964,38.21795751,37.05016167,40.10630221,,,
699,38.50589757,37.48714644,39.87539964,38.21632907,37.05016167,40.10630221,,,
700,38.50331985,37.48714644,39.87539964,38.21615717,37.05016167,40.10630221,,,
701,38.50034503,37.48714644,39.87539964,38.21786620,37.05016167,40.10630221,,,
702,38.48355637,37.20480084,39.87539964,38.21324403,37.05016167,40.10630221,,,
703,38.48739675,37.20480084,39.87539964,38.21478097,37.05016167,40.10630221,,,
704,38.49209386,37.20480084,39.87539964,38.21631790,37.05016167,40.10630221,,,
705,38.48098225,37.20480084,39.87539964,38.21717863,37.05016167,40.10630221,,,
706,38.46642473,37.20480084,39.87539964,38.21717863,37.05016167,40.10630221,,,
707,38.45272447,37.20480084,39.87539964,38.21923274,37.05016167,40.10630221,,,
708,38.43260259,37.20480084,39.87539964,38.21948660,37.05016167,40.10630221,,,
709,38.45955054,37.20480084,39.87539964,38.21819435,37.05016167,40.10630221,,,
710,38.45110093,37.20480084,39.87539964,38.21836617,37.05016167,40.10630221,,,
711,38.47081407,37.20480084,39.87539964,38.22281480,37.05016167,40.10630221,,,
712,38.45456683,37.20480084,39.87539964,38.21939690,37.05016167,40.10630221,,,
713,38.44687150,37.20480084,39.87539964,38.22016462,37.05016167,40.10630221,,,
714,38.43403260,37.20480084,39.87539964,38.22135962,37.05016167,40.10630221,,,
715,38.42548785,37.15370767,39.87539964,38.21947884,37.05016167,40.10630221,,,
716,38.42118418,37.15370767,39.87539964,38.22032849,37.05016167,40.10630221,,,
717,38.41679448,37.15370767,39.87539964,38.21998636,37.05016167,40.10630221,,,
718,38.37826793,36.99912758,39.87539964,38.21467694,36.99912758,40.10630221,,,
719,38.37069005,36.99912758,39.87539964,38.21743716,36.99912758,40.10630221,,,
720,38.36811313,36.99912758,39.87539964,38.22154529,36.99912758,40.10630221,,,
721,38.38951599,36.99912758,39.87539964,38.22325827,36.99912758,40.10630221,,,
722,38.38865648,36.99912758,39.87539964,38.22257090,36.99912758,40.10630221,,,
723,38.40103331,36.99912758,39.87539964,38.22710029,36.99912758,40.10630221,,,
724,38.41857827,36.99912758,39.87539964,38.22966815,36.99912758,40.10630221,,,
725,38.41002424,36.99912758,39.87539964,38.23206590,36.99912758,40.10630221,,,
726,38.41685793,36.99912758,39.87539964,38.23377628,36.99912758,40.10630221,,,
727,38.45618766,36.99912758,40.12926936,38.24043948,36.99912758,40.12926936,,,
728,38.46433798,36.99912758,40.12926936,38.24446558,36.99912758,40.12926936,,,
729,38.45149671,36.99912758,40.12926936,38.24224097,36.99912758,40.12926936,,,
730,38.45833040,36.99912758,40.12926936,38.24188012,36.99912758,40.12926936,,,
731,38.46945248,36.99912758,40.12926936,38.24393271,36.99912758,40.12926936,,,
732,38.49417880,36.99912758,40.12926936,38.25131339,36.99912758,40.12926936,,,
733,38.48304917,36.99912758,40.12926936,38.25148521,36.99912758,40.12926936,,,
734,38.50060140,36.99912758,40.12926936,38.25497683,36.99912758,40.12926936,,,
735,38.47836056,36.99912758,40.12926936,38.25617957,36.99912758,40.12926936,,,
736,38.47922053,36.99912758,40.12926936,38.25857749,36.99912758,40.12926936,,,
737,38.44027541,36.99912758,40.12926936,38.25207147,36.99912758,40.12926936,,,
738,38.43940835,36.99912758,40.12926936,38.25669355,36.99912758,40.12926936,,,
739,38.44624456,36.99912758,40.12926936,38.26285260,36.99912758,40.12926936,,,
740,38.46933968,36.99912758,40.12926936,38.26559228,36.99912758,40.12926936,,,
741,38.46590325,36.99912758,40.12926936,38.26695902,36.99912758,40.12926936,,,
742,38.47798615,36.99912758,40.12926936,38.27160002,36.99912758,40.12926936,,,
743,38.47539943,36.99912758,40.12926936,38.27142649,36.99912758,40.12926936,,,
744,38.48471669,36.99912758,40.12926936,38.27296513,36.99912758,40.12926936,,,
745,38.49199112,36.99912758,40.12926936,38.27587663,36.99912758,40.12926936,,,
746,38.49498819,36.99912758,40.12926936,38.28092448,36.99912758,40.12926936,,,
747,38.52068308,36.99912758,40.12926936,38.28589164,36.99912758,40.12926936,,,
748,38.50784319,36.99912758,40.12926936,38.28554800,36.99912758,40.12926936,,,
749,38.50860715,36.99912758,40.12926936,38.28809702,36.99912758,40.12926936,,,
750,38.54188440,36.99912758,40.12926936,38.29511495,36.99912758,40.12926936,,,
751,38.51619725,36.94706888,40.12926936,38.29220174,36.94706888,40.12926936,,,
752,38.50162192,36.94706888,40.12926936,38.29509461,36.94706888,40.12926936,,,
753,38.49475662,36.94706888,40.12926936,38.29200957,36.94706888,40.12926936,,,
754,38.49045255,36.94706888,40.12926936,38.29371833,36.94706888,40.12926936,,,
755,38.48615603,36.94706888,40.12926936,38.29404143,36.94706888,40.12926936,,,
756,38.49854645,36.94706888,40.12926936,38.29651952,36.94706888,40.12926936,,,
757,38.50880844,36.94706888,40.12926936,38.30079784,36.94706888,40.12926936,,,
758,38.52432736,36.94706888,40.12926936,38.30398194,36.94706888,40.12926936,,,
759,38.53974497,36.94706888,40.12926936,38.31065821,36.94706888,40.12926936,,,
760,38.54575912,36.94706888,40.12926936,38.31168913,36.94706888,40.12926936,,,
761,38.55818686,36.94706888,40.12926936,38.31682459,36.94706888,40.12926936,,,
762,38.61123073,36.94706888,40.38743334,38.32298322,36.94706888,40.38743334,,,
763,38.63778823,36.94706888,40.38743334,38.33000347,36.94706888,40.38743334,,,
764,38.64250253,36.94706888,40.38743334,38.33196780,36.94706888,40.38743334,,,
765,38.65276492,36.94706888,40.38743334,38.33487931,36.94706888,40.38743334,,,
766,38.65190581,36.94706888,40.38743334,38.33196780,36.94706888,40.38743334,,,
767,38.64846183,36.94706888,40.38743334,38.33402040,36.94706888,40.38743334,,,
768,38.67329086,36.94706888,40.38743334,38.34027100,36.94706888,40.38743334,,,
769,38.65403571,36.94706888,40.38743334,38.34112227,36.94706888,40.38743334,,,
770,38.69672517,36.94706888,40.59423458,38.34925331,36.94706888,40.59423458,,,
771,38.69972880,36.94706888,40.59423458,38.35516177,36.94706888,40.59423458,,,
772,38.70579040,36.94706888,40.59423458,38.35755801,36.94706888,40.59423458,,,
773,38.67839161,36.94706888,40.59423458,38.35738762,36.94706888,40.59423458,,,
774,38.70234213,36.94706888,40.59423458,38.36217772,36.94706888,40.59423458,,,
775,38.72458530,36.94706888,40.59423458,38.36457376,36.94706888,40.59423458,,,
776,38.73101026,36.94706888,40.59423458,38.36705204,36.94706888,40.59423458,,,
777,38.75497065,36.94706888,40.59423458,38.37098502,36.94706888,40.59423458,,,
778,38.80031377,36.94706888,40.59423458,38.37697032,36.94706888,40.59423458,,,
779,38.80279693,36.94706888,40.59423458,38.37748586,36.94706888,40.59423458,,,
780,38.80192312,36.94706888,40.59423458,38.38047807,36.94706888,40.59423458,,,
781,38.77794294,36.94706888,40.59423458,38.38201501,36.94706888,40.59423458,,,
782,38.76596314,36.94706888,40.59423458,38.38253218,36.94706888,40.59423458,,,
783,38.74331619,36.94706888,40.59423458,38.38132943,36.94706888,40.59423458,,,
784,38.77324848,36.94706888,40.59423458,38.38868100,36.94706888,40.59423458,,,
785,38.76980450,36.94706888,40.59423458,38.39038995,36.94706888,40.59423458,,,
786,38.78521397,36.94706888,40.59423458,38.39347327,36.94706888,40.59423458,,,
787,38.76311410,36.94706888,40.59423458,38.39469332,36.94706888,40.59423458,,,
788,38.75925931,36.94706888,40.59423458,38.39597666,36.94706888,40.59423458,,,
789,38.77807518,36.94706888,40.59423458,38.39828302,36.94706888,40.59423458,,,
790,38.79178172,36.94706888,40.59423458,38.40273471,36.94706888,40.59423458,,,
791,38.79178172,36.94706888,40.59423458,38.40427184,36.94706888,40.59423458,,,
792,38.77116220,36.94706888,40.59423458,38.40787226,36.94706888,40.59423458,,,
793,38.79513074,36.94706888,40.59423458,38.41352507,36.94706888,40.59423458,,,
794,38.78355310,36.94706888,40.59423458,38.41471999,36.94706888,40.59423458,,,
795,38.80964292,36.94706888,40.59423458,38.41813769,36.94706888,40.59423458,,,
796,38.80235908,36.94706888,40.59423458,38.41873520,36.94706888,40.59423458,,,
797,38.82076413,36.94706888,40.59423458,38.41753835,36.94706888,40.59423458,,,
798,38.79122899,36.94706888,40.59423458,38.41796387,36.94706888,40.59423458,,,
799,38.75623235,36.94706888,40.59423458,38.41712359,36.94706888,40.59423458,,,
800,38.75497922,36.94706888,40.59423458,38.42320388,36.94706888,40.59423458,,,
801,38.75841604,36.94706888,40.59423458,38.42405524,36.94706888,40.59423458,,,
802,38.74298990,36.94706888,40.59423458,38.42595464,36.94706888,40.59423458,,,
803,38.74299088,36.94706888,40.59423458,38.42646868,36.94706888,40.59423458,,,
804,38.75239475,36.94706888,40.59423458,38.42903682,36.94706888,40.59423458,,,
805,38.77206815,36.94706888,40.59423458,38.43588300,36.94706888,40.59423458,,,
806,38.77761682,36.94706888,40.59423458,38.43964454,36.94706888,40.59423458,,,
807,38.76132580,36.94706888,40.59423458,38.43861381,36.94706888,40.59423458,,,
808,38.74336963,36.94706888,40.59423458,38.43671441,36.94706888,40.59423458,,,
809,38.75200855,36.94706888,40.59423458,38.44101005,36.94706888,40.59423458,,,
810,38.73669503,36.94706888,40.59423458,38.44462163,36.94706888,40.59423458,,,
811,38.75555661,37.33245559,40.59423458,38.43999761,36.94706888,40.59423458,,,
812,38.73674889,37.25680045,40.59423458,38.43826983,36.94706888,40.59423458,,,
813,38.77699552,37.25680045,40.59423458,38.44546005,36.94706888,40.59423458,,,
814,38.77487572,37.25680045,40.59423458,38.44708848,36.94706888,40.59423458,,,
815,38.76032674,37.25680045,40.59423458,38.44674655,36.94706888,40.59423458,,,
816,38.76078376,37.25680045,40.59423458,38.44837516,36.94706888,40.59423458,,,
817,38.76174516,37.25680045,40.59423458,38.45025736,36.94706888,40.59423458,,,
818,38.75480889,37.25680045,40.59423458,38.45188266,36.94706888,40.59423458,,,
819,38.76677823,37.25680045,40.59423458,38.45872687,36.94706888,40.59423458,,,
820,38.79468758,37.25680045,40.59423458,38.46413692,36.94706888,40.59423458,,,
821,38.80709676,37.25680045,40.59423458,38.47106693,36.94706888,40.59423458,,,
822,38.77544450,37.25680045,40.59423458,38.47311932,36.94706888,40.59423458,,,
823,38.77716059,37.25680045,40.59423458,38.47977668,36.94706888,40.59423458,,,
824,38.79728345,37.25680045,40.59423458,38.48362943,36.94706888,40.59423458,,,
825,38.83537081,37.25680045,41.38977046,38.49184268,36.94706888,41.38977046,,,
826,38.84437210,37.25680045,41.38977046,38.49107345,36.94706888,41.38977046,,,
827,38.84523022,37.25680045,41.38977046,38.49278221,36.94706888,41.38977046,,,
828,38.83965682,37.25680045,41.38977046,38.49278050,36.94706888,41.38977046,,,
829,38.83964967,37.25680045,41.38977046,38.49448945,36.94706888,41.38977046,,,
830,38.80799488,37.25680045,41.38977046,38.49723068,36.94706888,41.38977046,,,
831,38.81181448,37.25680045,41.38977046,38.50595734,36.94706888,41.38977046,,,
832,38.82457657,37.25680045,41.38977046,38.51039053,36.94706888,41.38977046,,,
833,38.85965189,37.25680045,41.38977046,38.51706339,36.94706888,41.38977046,,,
834,38.85122070,37.25680045,41.38977046,38.51639672,36.94706888,41.38977046,,,
835,38.85036159,37.25680045,41.38977046,38.51656854,36.94706888,41.38977046,,,
836,38.84565485,37.25680045,41.38977046,38.51998776,36.94706888,41.38977046,,,
837,38.84995990,37.25680045,41.38977046,38.52247528,36.94706888,41.38977046,,,
838,38.84142560,37.25680045,41.38977046,38.52408328,36.94706888,41.38977046,,,
839,38.86539472,37.25680045,41.38977046,38.53161849,36.94706888,41.38977046,,,
840,38.87823071,37.25680045,41.38977046,38.53641030,36.94706888,41.38977046,,,
841,38.90307669,37.25680045,41.38977046,38.53547068,36.94706888,41.38977046,,,
842,38.91333868,37.25680045,41.38977046,38.53718114,36.94706888,41.38977046,,,
843,38.93517888,37.25680045,41.38977046,38.54153035,36.94706888,41.38977046,,,
844,38.91808591,37.25680045,41.38977046,38.54444186,36.94706888,41.38977046,,,
845,38.92577812,37.25680045,41.38977046,38.54767042,36.94706888,41.38977046,,,
846,38.93604865,37.25680045,41.38977046,38.55203872,36.94706888,41.38977046,,,
847,38.93894117,37.25680045,41.38977046,38.55015438,36.94706888,41.38977046,,,
848,38.95476665,37.25680045,41.38977046,38.55178235,36.94706888,41.38977046,,,
849,38.93852909,37.25680045,41.38977046,38.55152848,36.94706888,41.38977046,,,
850,38.93593416,37.25680045,41.38977046,38.55452003,36.94706888,41.38977046,,,
851,38.96843467,37.25680045,41.38977046,38.56136382,36.94706888,41.38977046,,,
852,38.97611973,37.25680045,41.38977046,38.56581396,36.94706888,41.38977046,,,
853,38.96242132,37.25680045,41.38977046,38.56821163,36.94706888,41.38977046,,,
854,38.97527003,37.25680045,41.38977046,38.57120696,36.94706888,41.38977046,,,
855,38.96712883,37.25680045,41.38977046,38.57411715,36.94706888,41.38977046,,,
856,38.98811021,37.25680045,41.38977046,38.57768935,36.94706888,41.38977046,,,
857,38.99664891,37.25680045,41.38977046,38.58213697,36.94706888,41.38977046,,,
858,39.02319564,37.25680045,41.38977046,38.58341998,36.94706888,41.38977046,,,
859,39.05904305,37.25680045,41.38977046,38.58709765,36.94706888,41.38977046,,,
860,39.04872622,37.25680045,41.38977046,38.58991958,36.94706888,41.38977046,,,
861,39.06328374,37.25680045,41.38977046,38.59419798,36.94706888,41.38977046,,,
862,39.07689653,37.25680045,41.38977046,38.59931658,36.94706888,41.38977046,,,
863,39.06749266,37.25680045,41.38977046,38.59966022,36.94706888,41.38977046,,,
864,39.06161899,37.25680045,41.38977046,38.60293583,36.94706888,41.38977046,,,
865,39.08557126,37.25680045,41.38977046,38.61234825,36.94706888,41.38977046,,,
866,39.09671871,37.25680045,41.38977046,38.61765770,36.94706888,41.38977046,,,
867,39.10485051,37.25680045,41.38977046,38.61397535,36.94706888,41.38977046,,,
868,39.11425437,37.25680045,41.38977046,38.61534066,36.94706888,41.38977046,,,
869,39.11244200,37.25680045,41.38977046,38.61722124,36.94706888,41.38977046,,,
870,39.09018274,37.25680045,41.38977046,38.61689642,36.94706888,41.38977046,,,
871,39.10727842,37.25680045,41.38977046,38.61946591,36.94706888,41.38977046,,,
872,39.11410496,37.62049638,41.38977046,38.61912227,36.94706888,41.38977046,,,
873,39.09868735,37.62049638,41.38977046,38.62305715,36.94706888,41.38977046,,,
874,39.11375014,37.62049638,41.38977046,38.62632357,36.94706888,41.38977046,,,
875,39.13770066,37.62049638,41.38977046,38.63008446,36.94706888,41.38977046,,,
876,39.12227590,37.62049638,41.38977046,38.62956899,36.94706888,41.38977046,,,
877,39.13329546,37.62049638,41.38977046,38.63221732,36.94706888,41.38977046,,,
878,39.14186392,37.62049638,41.38977046,38.63649719,36.94706888,41.38977046,,,
879,39.15511676,37.62049638,41.38977046,38.64393938,36.94706888,41.38977046,,,
880,39.14900926,37.62049638,41.38977046,38.64624572,36.94706888,41.38977046,,,
881,39.13574230,37.62049638,41.38977046,38.64881358,36.94706888,41.38977046,,,
882,39.13746865,37.62049638,41.38977046,38.64744839,36.94706888,41.38977046,,,
883,39.12205316,37.62049638,41.38977046,38.65019012,36.94706888,41.38977046,,,
884,39.10066097,37.62049638,41.38977046,38.65275969,36.94706888,41.38977046,,,
885,39.05873382,37.62049638,41.20893113,38.65387382,36.94706888,41.38977046,,,
886,39.06172127,37.62049638,41.20893113,38.65370208,36.94706888,41.38977046,,,
887,39.08481847,37.62049638,41.20893113,38.66259984,36.94706888,41.38977046,,,
888,39.09895346,37.62049638,41.20893113,38.66944979,36.94706888,41.38977046,,,
889,39.12935564,37.62049638,41.20893113,38.67158465,36.94706888,41.38977046,,,
890,39.15458774,37.62049638,41.20893113,38.67988777,36.94706888,41.38977046,,,
891,39.16401273,37.62049638,41.20893113,38.68622093,36.94706888,41.38977046,,,
892,39.17342461,37.62049638,41.20893113,38.68775975,36.94706888,41.38977046,,,
893,39.17813977,37.62049638,41.20893113,38.69246393,36.94706888,41.38977046,,,
894,39.18829248,37.62049638,41.20893113,38.69999779,36.94706888,41.38977046,,,
895,39.19770349,37.62049638,41.20893113,38.70376057,36.94706888,41.38977046,,,
896,39.23067332,37.62049638,41.20893113,38.70949380,36.94706888,41.38977046,,,
897,39.22037119,37.62049638,41.20893113,38.71272399,36.94706888,41.38977046,,,
898,39.21395528,37.62049638,41.20893113,38.71391899,36.94706888,41.38977046,,,
899,39.21052853,37.62049638,41.20893113,38.72008157,36.94706888,41.38977046,,,
900,39.17201196,37.61484666,41.20893113,38.71989091,36.94706888,41.38977046,,,
901,39.14120817,37.61484666,41.20893113,38.71783854,36.94706888,41.38977046,,,
902,39.15404747,37.61484666,41.20893113,38.72160140,36.94706888,41.38977046,,,
903,39.16730583,37.61484666,41.20893113,38.72400112,36.94706888,41.38977046,,,
904,39.15027455,37.61484666,41.20893113,38.72402020,36.94706888,41.38977046,,,
905,39.13575579,37.61484666,41.20893113,38.72539665,36.94706888,41.38977046,,,
906,39.10065538,37.61484666,41.20893113,38.72522295,36.94706888,41.38977046,,,
907,39.08993686,37.61484666,41.20893113,38.72179277,36.94706888,41.38977046,,,
908,39.07067496,37.61484666,41.20893113,38.72025225,36.94706888,41.38977046,,,
909,39.06895634,37.61484666,41.20893113,38.71648919,36.94706888,41.38977046,,,
910,39.08266746,37.61484666,41.20893113,38.72111172,36.94706888,41.38977046,,,
911,39.03990398,37.61484666,41.20893113,38.72109289,36.94706888,41.38977046,,,
912,39.04461033,37.61484666,41.20893113,38.72374442,36.94706888,41.38977046,,,
913,39.04288398,37.61484666,41.20893113,38.72355206,36.94706888,41.38977046,,,
914,39.04074763,37.61484666,41.20893113,38.72719543,36.94706888,41.38977046,,,
915,39.05702584,37.61484666,41.20893113,38.73233204,36.94706888,41.38977046,,,
916,39.05272275,37.61484666,41.20893113,38.73624638,36.94706888,41.38977046,,,
917,39.03902942,37.61484666,41.20893113,38.73417159,36.94706888,41.38977046,,,
918,39.05666893,37.61484666,41.20893113,38.73898401,36.94706888,41.38977046,,,
919,39.04640376,37.61484666,41.20893113,38.74446293,36.94706888,41.38977046,,,
920,39.06481498,37.61484666,41.20893113,38.74634711,36.94706888,41.38977046,,,
921,39.06866163,37.61484666,41.20893113,38.75411749,36.94706888,41.38977046,,,
922,39.06825964,37.61484666,41.20893113,38.75883096,36.94706888,41.38977046,,,
923,39.07681195,37.61484666,41.20893113,38.76071325,36.94706888,41.38977046,,,
924,39.07165731,37.61484666,41.20893113,38.76107735,36.94706888,41.38977046,,,
925,39.03743648,37.61484666,40.77255789,38.76073034,36.94706888,41.38977046,,,
926,39.02842463,37.61484666,40.77255789,38.76526245,36.94706888,41.38977046,,,
927,39.04128246,37.61484666,40.77255789,38.77065386,36.94706888,41.38977046,,,
928,39.05626715,37.61484666,40.77255789,38.77602821,36.94706888,41.38977046,,,
929,39.05540706,37.61484666,40.77255789,38.77773696,36.94706888,41.38977046,,,
930,39.07476450,37.61484666,40.77255789,38.78074934,36.94706888,41.38977046,,,
931,39.09787531,37.61484666,40.77255789,38.79204749,36.94706888,41.38977046,,,
932,39.12528126,37.61484666,40.77255789,38.79701322,36.94706888,41.38977046,,,
933,39.14838022,37.61484666,40.77255789,38.80488060,36.94706888,41.38977046,,,
934,39.13417654,37.61484666,40.77255789,38.80393955,36.94706888,41.38977046,,,
935,39.11107619,37.61484666,40.77255789,38.79837915,36.94706888,41.38977046,,,
936,39.12486876,37.61484666,40.77255789,38.80077519,36.94706888,41.38977046,,,
937,39.12746198,37.61484666,40.77255789,38.80317286,36.94706888,41.38977046,,,
938,39.13129016,37.61484666,40.77255789,38.80839019,36.94706888,41.38977046,,,
939,39.09878415,37.61484666,40.54207252,38.81326434,36.94706888,41.38977046,,,
940,39.10949658,37.61484666,40.54207252,38.82045448,36.94706888,41.38977046,,,
941,39.10778749,37.61484666,40.54207252,38.82183169,36.94706888,41.38977046,,,
942,39.13261765,37.61484666,40.54207252,38.82806358,36.94706888,41.38977046,,,
943,39.11592154,37.61484666,40.54207252,38.82806405,36.94706888,41.38977046,,,
944,39.11678065,37.61484666,40.54207252,38.82986429,36.94706888,41.38977046,,,
945,39.11505666,37.61484666,40.54207252,38.82858169,36.94706888,41.38977046,,,
946,39.12541366,37.61484666,40.54207252,38.82996751,36.94706888,41.38977046,,,
947,39.15109678,37.61484666,41.26047752,38.83646635,36.94706888,41.38977046,,,
948,39.15931579,37.61484666,41.26047752,38.84076390,36.94706888,41.38977046,,,
949,39.16572243,37.61484666,41.26047752,38.84966280,36.94706888,41.38977046,,,
950,39.16102283,37.61484666,41.26047752,38.85428631,36.94706888,41.38977046,,,
951,39.17729684,37.61484666,41.31314155,38.86473338,36.94706888,41.38977046,,,
952,39.17899823,37.61484666,41.31314155,38.86747133,36.94706888,41.38977046,,,
953,39.19740916,37.61484666,41.31314155,38.87209279,36.94706888,41.38977046,,,
954,39.21026194,37.61484666,41.31314155,38.87722997,36.94706888,41.38977046,,,
955,39.26078936,37.61484666,42.03305723,38.89178552,36.94706888,42.03305723,,,
956,39.26634040,37.61484666,42.03305723,38.89897260,36.94706888,42.03305723,,,
957,39.27492333,37.61484666,42.03305723,38.90340391,36.94706888,42.03305723,,,
958,39.27631694,37.61484666,42.03305723,38.90205590,36.94706888,42.03305723,,,
959,39.27543981,37.61484666,42.03305723,38.90497001,36.94706888,42.03305723,,,
960,39.31824143,37.71737545,42.03305723,38.90770407,36.94706888,42.03305723,,,
961,39.36869993,37.71737545,42.03305723,38.91608874,36.94706888,42.03305723,,,
962,39.37683456,37.71737545,42.03305723,38.91976807,36.94706888,42.03305723,,,
963,39.36185838,37.71737545,42.03305723,38.92173852,36.94706888,42.03305723,,,
964,39.37419116,37.71737545,42.03305723,38.92687567,36.94706888,42.03305723,,,
965,39.39557621,37.71737545,42.03305723,38.92738777,36.94706888,42.03305723,,,
966,39.41055295,37.71791529,42.03305723,38.92986578,36.94706888,42.03305723,,,
967,39.43067396,37.71791529,42.03305723,38.93577075,36.94706888,42.03305723,,,
968,39.46577523,37.71791529,42.03305723,38.94296283,36.94706888,42.03305723,,,
969,39.51457510,37.71791529,42.03305723,38.95032648,36.94706888,42.03305723,,,
970,39.51476059,37.71791529,42.03305723,38.95669487,36.94706888,42.03305723,,,
971,39.54814153,37.71791529,42.03305723,38.96354288,36.94706888,42.03305723,,,
972,39.54085787,37.71791529,42.03305723,38.96538579,36.94706888,42.03305723,,,
973,39.54985778,37.71791529,42.03305723,38.96666860,36.94706888,42.03305723,,,
974,39.57593291,37.71791529,42.03305723,38.97522101,36.94706888,42.03305723,,,
975,39.55753391,37.71791529,42.03305723,38.97393841,36.94706888,42.03305723,,,
976,39.55925311,37.71791529,42.03305723,38.97633314,36.94706888,42.03305723,,,
977,39.55328567,37.71791529,42.03305723,38.97000071,36.94706888,42.03305723,,,
978,39.53008168,37.71791529,42.03305723,38.96811672,36.94706888,42.03305723,,,
979,39.52666373,37.71791529,42.03305723,38.96691749,36.94706888,42.03305723,,,
980,39.55703961,37.71791529,42.03305723,38.97897994,36.94706888,42.03305723,,,
981,39.56604178,37.71791529,42.03305723,38.98446129,36.94706888,42.03305723,,,
982,39.58485608,37.71791529,42.03305723,38.99019766,36.94706888,42.03305723,,,
983,39.60624729,37.71791529,42.03305723,38.99378844,36.94706888,42.03305723,,,
984,39.65323386,37.71791529,42.03305723,39.00472432,36.94706888,42.03305723,,,
985,39.64040112,37.71791529,42.03305723,39.00549363,36.94706888,42.03305723,,,
986,39.63570291,37.71791529,42.03305723,39.00669025,36.94706888,42.03305723,,,
987,39.62286165,37.71791529,42.03305723,39.01020070,36.94706888,42.03305723,,,
988,39.62628828,37.71791529,42.03305723,39.00960452,36.94706888,42.03305723,,,
989,39.63742829,37.71791529,42.03305723,39.01317861,36.94706888,42.03305723,,,
990,39.65048086,37.71791529,42.03305723,39.01880150,36.94706888,42.03305723,,,
991,39.66414150,37.71791529,42.03305723,39.02820982,36.94706888,42.03305723,,,
992,39.66156360,37.71791529,42.03305723,39.02786412,36.94706888,42.03305723,,,
993,39.60937797,37.41093473,42.03305723,39.02563954,36.94706888,42.03305723,,,
994,39.63374093,37.41093473,42.03305723,39.02939918,36.94706888,42.03305723,,,
995,39.68934841,37.41093473,42.03305723,39.03692160,36.94706888,42.03305723,,,
996,39.70892823,37.41093473,42.03305723,39.04308062,36.94706888,42.03305723,,,
997,39.72773497,37.41093473,42.03305723,39.05180920,36.94706888,42.03305723,,,
998,39.71800969,37.41093473,42.03305723,39.05406000,36.94706888,42.03305723,,,
999,39.73212093,37.41093473,42.03305723,39.05850901,36.94706888,42.03305723,38.32290789,36.84397610,42.03305723
1000,39.72099913,37.41093473,42.03305723,39.06399033,36.94706888,42.03305723,38.32434608,36.84397610,42.03305723
1001,39.72185010,37.41093473,42.03305723,39.06613270,36.94706888,42.03305723,38.32568067,36.84397610,42.03305723
1002,39.72695631,37.41093473,42.03305723,39.07674357,36.94706888,42.03305723,38.32829924,36.84397610,42.03305723
1003,39.76590413,37.41093473,42.03305723,39.08376553,36.94706888,42.03305723,38.33086691,36.84397610,42.03305723
1004,39.78651548,37.41093473,42.03305723,39.08874862,36.94706888,42.03305723,38.33277137,36.84397610,42.03305723
1005,39.80405366,37.41093473,42.03305723,39.09319597,36.94706888,42.03305723,38.33487642,36.84397610,42.03305723
1006,39.79880572,37.41093473,42.03305723,39.09644371,36.94706888,42.03305723,38.33616002,36.84397610,42.03305723
1007,39.76802131,37.41093473,42.03305723,39.09952572,36.94706888,42.03305723,38.33790704,36.84397610,42.03305723
1008,39.73975528,37.41093473,42.03305723,39.10219444,36.94706888,42.03305723,38.33878382,36.84397610,42.03305723
1009,39.73802992,37.41093473,42.03305723,39.10535867,36.94706888,42.03305723,38.34134996,36.84397610,42.03305723
1010,39.71834878,37.41093473,42.03305723,39.10773588,36.94706888,42.03305723,38.34217187,36.84397610,42.03305723
1011,39.67039955,37.41093473,42.03305723,39.10465048,36.94706888,42.03305723,38.34268393,36.84397610,42.03305723
1012,39.67512041,37.41093473,42.03305723,39.11158204,36.94706888,42.03305723,38.34517577,36.84397610,42.03305723
1013,39.65544701,37.41093473,42.03305723,39.11380789,36.94706888,42.03305723,38.34697242,36.84397610,42.03305723
1014,39.63156534,37.41093473,42.03305723,39.11673652,36.94706888,42.03305723,38.34831260,36.84397610,42.03305723
1015,39.56050581,37.41093473,41.49174268,39.11878911,36.94706888,42.03305723,38.34836414,36.84397610,42.03305723
1016,39.54342386,37.41093473,41.49174268,39.12342054,36.94706888,42.03305723,38.35006001,36.84397610,42.03305723
1017,39.53997988,37.41093473,41.49174268,39.12804099,36.94706888,42.03305723,38.35139460,36.84397610,42.03305723
1018,39.57666490,37.41093473,41.49174268,39.14173530,36.94706888,42.03305723,38.35468099,36.84397610,42.03305723
1019,39.55356284,37.41093473,41.49174268,39.14154456,36.94706888,42.03305723,38.35498792,36.84397610,42.03305723
1020,39.52369566,37.41093473,41.49174268,39.13882058,36.94706888,42.03305723,38.35550625,36.84397610,42.03305723
1021,39.51430941,37.41093473,41.49174268,39.14104743,36.94706888,42.03305723,38.35776492,36.84397610,42.03305723
1022,39.51269377,37.41093473,41.49174268,39.14457552,36.94706888,42.03305723,38.35954265,36.84397610,42.03305723
1023,39.51097556,37.41093473,41.49174268,39.14372697,36.94706888,42.03305723,38.36044072,36.84397610,42.03305723
1024,39.52507989,37.41093473,41.49174268,39.14817600,36.94706888,42.03305723,38.36244269,36.84397610,42.03305723
1025,39.50975546,37.41093473,41.49174268,39.14733401,36.94706888,42.03305723,38.36280633,36.84397610,42.03305723
1026,39.53930922,37.41093473,41.49174268,39.15435603,36.94706888,42.03305723,38.36532295,36.84397610,42.03305723
1027,39.52271781,37.41093473,41.49174268,39.14907678,36.94706888,42.03305723,38.36609896,36.84397610,42.03305723
1028,39.50140502,37.41093473,41.49174268,39.15037623,36.94706888,42.03305723,38.36754199,36.84397610,42.03305723
1029,39.45355127,37.41093473,41.49174268,39.15073740,36.94706888,42.03305723,38.36759873,36.84397610,42.03305723
1030,39.43409938,37.41093473,41.49174268,39.15184866,36.94706888,42.03305723,38.36849677,36.84397610,42.03305723
1031,39.42381974,37.41093473,41.49174268,39.15441633,36.94706888,42.03305723,38.36983130,36.84397610,42.03305723
1032,39.41011377,37.41093473,41.49174268,39.14857278,36.94706888,42.03305723,38.37029244,36.84397610,42.03305723
1033,39.40026329,37.41093473,41.49174268,39.15011142,36.94706888,42.03305723,38.37085713,36.84397610,42.03305723
1034,39.38744613,37.41093473,41.49174268,39.15258996,36.94706888,42.03305723,38.37265382,36.84397610,42.03305723
1035,39.40329029,37.41093473,41.49174268,39.15892436,36.94706888,42.03305723,38.37476033,36.84397610,42.03305723
1036,39.40587418,37.41093473,41.49174268,39.16166387,36.94706888,42.03305723,38.37635310,36.84397610,42.03305723
1037,39.43024540,37.41093473,41.49174268,39.16799471,36.94706888,42.03305723,38.37791847,36.84397610,42.03305723
1038,39.46276106,37.41093473,41.49174268,39.17278726,36.94706888,42.03305723,38.38094905,36.84397610,42.03305723
1039,39.48414540,37.41093473,41.49174268,39.17449766,36.94706888,42.03305723,38.38330988,36.84397610,42.03305723
1040,39.43590094,37.41093473,41.31079208,39.17229219,36.94706888,42.03305723,38.38413747,36.84397610,42.03305723
1041,39.40687054,37.41093473,41.31079208,39.17265475,36.94706888,42.03305723,38.38470781,36.84397610,42.03305723
1042,39.40687054,37.41093473,41.31079208,39.17597454,36.94706888,42.03305723,38.38719913,36.84397610,42.03305723
1043,39.37949494,37.41093473,41.31079208,39.17460755,36.94706888,42.03305723,38.38735321,36.84397610,42.03305723
1044,39.35379966,37.41093473,41.31079208,39.17854091,36.94706888,42.03305723,38.38914945,36.84397610,42.03305723
1045,39.37863503,37.41093473,41.31079208,39.18282241,36.94706888,42.03305723,38.39104962,36.84397610,42.03305723
1046,39.37112279,37.41093473,41.31079208,39.18191717,36.94706888,42.03305723,38.39260168,36.84397610,42.03305723
1047,39.33901206,36.84442931,41.31079208,39.17386649,36.84442931,42.03305723,38.39177972,36.84397610,42.03305723
1048,39.34200089,36.84442931,41.31079208,39.17643606,36.84442931,42.03305723,38.39373105,36.84397610,42.03305723
1049,39.33257909,36.84442931,41.31079208,39.17797300,36.84442931,42.03305723,38.39496249,36.84397610,42.03305723
1050,39.34552923,36.84442931,41.31079208,39.17953047,36.84442931,42.03305723,38.39748356,36.84397610,42.03305723
1051,39.30971958,36.84442931,41.10741998,39.18691428,36.84442931,42.03305723,38.39897938,36.84397610,42.03305723
1052,39.32813247,36.84442931,41.10741998,39.19316623,36.84442931,42.03305723,38.40147074,36.84397610,42.03305723
1053,39.35175609,36.84442931,41.10741998,39.19703943,36.84442931,42.03305723,38.40237497,36.84397610,42.03305723
1054,39.34321232,36.84442931,41.10741998,39.19995113,36.84442931,42.03305723,38.40370956,36.84397610,42.03305723
1055,39.30985596,36.84442931,41.10741998,39.20166159,36.84442931,42.03305723,38.40483842,36.84397610,42.03305723
1056,39.30217170,36.84442931,41.10741998,39.20380567,36.84442931,42.03305723,38.40632816,36.84397610,42.03305723
1057,39.28077910,36.84442931,41.10741998,39.20620334,36.84442931,42.03305723,38.40750854,36.84397610,42.03305723
1058,39.27830547,36.84442931,41.10741998,39.20485563,36.84442931,42.03305723,38.40829026,36.84397610,42.03305723
1059,39.31773636,36.84442931,42.03472492,39.21410728,36.84442931,42.03472492,38.41234931,36.84397610,42.03472492
1060,39.30403719,36.84442931,42.03472492,39.21564595,36.84442931,42.03472492,38.41322328,36.84397610,42.03472492
1061,39.32457591,36.84442931,42.03472492,39.21941051,36.84442931,42.03472492,38.41630566,36.84397610,42.03472492
1062,39.32551349,36.84442931,42.03472492,39.21960012,36.84442931,42.03472492,38.41882585,36.84397610,42.03472492
1063,39.28828165,36.84442931,42.03472492,39.21386421,36.84442931,42.03472492,38.41926270,36.84397610,42.03472492
1064,39.27879139,36.84442931,42.03472492,39.21600639,36.84442931,42.03472492,38.42080393,36.84397610,42.03472492
1065,39.26508763,36.84442931,42.03472492,39.21566052,36.84442931,42.03472492,38.42193212,36.84397610,42.03472492
1066,39.27237925,36.84442931,42.03472492,39.22053840,36.84442931,42.03472492,38.42334394,36.84397610,42.03472492
1067,39.24412135,36.84442931,42.03472492,39.21865763,36.84442931,42.03472492,38.42329239,36.84397610,42.03472492
1068,39.23308687,36.84442931,42.03472492,39.21415364,36.84442931,42.03472492,38.42386792,36.84397610,42.03472492
1069,39.23482694,36.84442931,42.03472492,39.22151692,36.84442931,42.03472492,38.42617765,36.84397610,42.03472492
1070,39.24252868,36.84442931,42.03472492,39.21689658,36.84442931,42.03472492,38.42720392,36.84397610,42.03472492
1071,39.22048422,36.84442931,42.03472492,39.20880156,36.84442931,42.03472492,38.42639332,36.84397610,42.03472492
1072,39.19437831,36.84442931,42.03472492,39.20929962,36.84442931,42.03472492,38.42711262,36.84397610,42.03472492
1073,39.20036085,36.84442931,42.03472492,39.21820174,36.84442931,42.03472492,38.42962904,36.84397610,42.03472492
1074,39.19181708,36.84442931,42.03472492,39.21463151,36.84442931,42.03472492,38.43055969,36.84397610,42.03472492
1075,39.21405926,36.84442931,42.03472492,39.21668390,36.84442931,42.03472492,38.43168803,36.84397610,42.03472492
1076,39.18855289,36.84442931,42.03472492,39.21492906,36.84442931,42.03472492,38.43205971,36.84397610,42.03472492
1077,39.18172634,36.84442931,42.03472492,39.21339213,36.84442931,42.03472492,38.43308780,36.84397610,42.03472492
1078,39.16974683,36.84442931,42.03472492,39.21562191,36.84442931,42.03472492,38.43544923,36.84397610,42.03472492
1079,39.16972684,36.84442931,42.03472492,39.21493055,36.84442931,42.03472492,38.43585805,36.84397610,42.03472492
1080,39.19618707,36.84442931,42.03472492,39.21767337,36.84442931,42.03472492,38.43827328,36.84397610,42.03472492
1081,39.17133659,36.84442931,42.03472492,39.21972616,36.84442931,42.03472492,38.43955638,36.84397610,42.03472492
1082,39.16224126,36.84442931,42.03472492,39.22383115,36.84442931,42.03472492,38.44089148,36.84397610,42.03472492
1083,39.16781375,36.84442931,42.03472492,39.22862648,36.84442931,42.03472492,38.44227853,36.84397610,42.03472492
1084,39.15326182,36.84442931,42.03472492,39.22417867,36.84442931,42.03472492,38.44366512,36.84397610,42.03472492
1085,39.19854367,36.84442931,42.03472492,39.23308185,36.84442931,42.03472492,38.44690031,36.84397610,42.03472492
1086,39.20494759,36.84442931,42.03472492,39.23830276,36.84442931,42.03472492,38.44944035,36.84397610,42.03472492
1087,39.25408214,36.84442931,42.03472492,39.24727039,36.84442931,42.03472492,38.45326752,36.84397610,42.03472492
1088,39.25322811,36.84442931,42.03472492,39.24916999,36.84442931,42.03472492,38.45465931,36.84397610,42.03472492
1089,39.30705608,36.84442931,42.03472492,39.25653358,36.84442931,42.03472492,38.45779109,36.84397610,42.03472492
1090,39.35029689,36.84442931,42.03472492,39.26355170,36.84442931,42.03472492,38.46118049,36.84397610,42.03472492
1091,39.31778419,36.84442931,42.03472492,39.25961682,36.84442931,42.03472492,38.46056426,36.84397610,42.03472492
1092,39.38028597,36.84442931,42.03472492,39.27039753,36.84442931,42.03472492,38.46477550,36.84397610,42.03472492
1093,39.41451118,36.84442931,42.03472492,39.27398751,36.84442931,42.03472492,38.46744525,36.84397610,42.03472492
1094,39.38027074,36.84442931,42.03472492,39.27193349,36.84442931,42.03472492,38.46739370,36.84397610,42.03472492
1095,39.39950905,36.84442931,42.03472492,39.27689758,36.84442931,42.03472492,38.47065450,36.84397610,42.03472492
1096,39.42002645,36.84442931,42.03472492,39.28519734,36.84442931,42.03472492,38.47358142,36.84397610,42.03472492
1097,39.39651434,36.84442931,42.03472492,39.28314475,36.84442931,42.03472492,38.47378760,36.84397610,42.03472492
1098,39.37684612,36.84442931,42.03472492,39.28991068,36.84442931,42.03472492,38.47558654,36.84397610,42.03472492
1099,39.39053093,36.84442931,42.03472492,39.30135737,36.84442931,42.03472492,38.47861382,36.84397610,42.03472492
1100,39.42389440,36.84442931,42.03472492,39.30607523,36.84442931,42.03472492,38.48139167,36.84397610,42.03472492
1101,39.43492231,36.84442931,42.03472492,39.30795600,36.84442931,42.03472492,38.48262368,36.84397610,42.03472492
1102,39.42944405,36.84442931,42.03472492,39.31326537,36.84442931,42.03472492,38.48442549,36.84397610,42.03472492
1103,39.44912771,36.84442931,42.03472492,39.31583491,36.84442931,42.03472492,38.48555440,36.84397610,42.03472492
1104,39.44613907,36.84442931,42.03472492,39.31728978,36.84442931,42.03472492,38.48742906,36.84397610,42.03472492
1105,39.44525654,36.84442931,42.03472492,39.31746009,36.84442931,42.03472492,38.48958555,36.84397610,42.03472492
1106,39.47030630,36.84442931,42.03472492,39.32045507,36.84442931,42.03472492,38.49248596,36.84397610,42.03472492
1107,39.52081492,37.11351980,42.03472492,39.32576432,36.84442931,42.03472492,38.49433369,36.84397610,42.03472492
1108,39.50240986,37.11351980,42.03472492,39.32824411,36.84442931,42.03472492,38.49528381,36.84397610,42.03472492
1109,39.51792956,37.11351980,42.03472492,39.33115720,36.84442931,42.03472492,38.49760107,36.84397610,42.03472492
1110,39.49987306,37.11351980,42.03472492,39.33216608,36.84442931,42.03472492,38.49888411,36.84397610,42.03472492
1111,39.52288059,37.11351980,42.03472492,39.34037908,36.84442931,42.03472492,38.50170884,36.84397610,42.03472492
1112,39.51569109,37.11351980,42.03472492,39.34895467,36.84442931,42.03472492,38.50356265,36.84397610,42.03472492
1113,39.51350681,37.11351980,42.03472492,39.34434169,36.84442931,42.03472492,38.50443891,36.84397610,42.03472492
1114,39.49606357,37.11351980,42.03472492,39.34418870,36.84442931,42.03472492,38.50462381,36.84397610,42.03472492
1115,39.52945337,37.11351980,42.03472492,39.35548692,36.84442931,42.03472492,38.50780761,36.84397610,42.03472492
1116,39.52944462,37.11351980,42.03472492,39.35753784,36.84442931,42.03472492,38.50914218,36.84397610,42.03472492
1117,39.55511915,37.11351980,42.03472492,39.36487813,36.84442931,42.03472492,38.51196613,36.84397610,42.03472492
1118,39.56005426,37.11351980,42.03472492,39.36590470,36.84442931,42.03472492,38.51314704,36.84397610,42.03472492
1119,39.52587661,37.11351980,41.92918525,39.36592696,36.84442931,42.03472492,38.51561935,36.84397610,42.03472492
1120,39.55924744,37.11351980,41.92918525,39.36855792,36.84442931,42.03472492,38.51834093,36.84397610,42.03472492
1121,39.56951424,37.11351980,41.92918525,39.37189401,36.84442931,42.03472492,38.52106272,36.84397610,42.03472492
1122,39.50009716,36.27929110,41.92918525,39.36453065,36.27929110,42.03472492,38.51946943,36.27929110,42.03472492
1123,39.51077151,36.27929110,41.92918525,39.36058640,36.27929110,42.03472492,38.52049519,36.27929110,42.03472492
1124,39.52872768,36.27929110,41.92918525,39.36229523,36.27929110,42.03472492,38.52311379,36.27929110,42.03472492
1125,39.54244676,36.27929110,41.92918525,39.35707571,36.27929110,42.03472492,38.52521977,36.27929110,42.03472492
1126,39.54201871,36.27929110,41.92918525,39.36006772,36.27929110,42.03472492,38.52670900,36.27929110,42.03472492
1127,39.58564263,36.27929110,41.92918525,39.36674011,36.27929110,42.03472492,38.52912025,36.27929110,42.03472492
1128,39.64282159,36.27929110,41.92918525,39.37478660,36.27929110,42.03472492,38.53317806,36.27929110,42.03472492
1129,39.66334147,36.27929110,41.92918525,39.38625528,36.27929110,42.03472492,38.53682207,36.27929110,42.03472492
1130,39.64194132,36.27929110,41.92918525,39.38368587,36.27929110,42.03472492,38.53707980,36.27929110,42.03472492
1131,39.67426628,36.27929110,41.92918525,39.38129192,36.27929110,42.03472492,38.53918575,36.27929110,42.03472492
1132,39.71534082,36.27929110,41.92918525,39.38745247,36.27929110,42.03472492,38.54242107,36.27929110,42.03472492
1133,39.70772748,36.27929110,41.92918525,39.38781685,36.27929110,42.03472492,38.54432041,36.27929110,42.03472492
1134,39.72320977,36.27929110,41.92918525,39.38902932,36.27929110,42.03472492,38.54535752,36.27929110,42.03472492
1135,39.74718724,36.27929110,41.92918525,39.39604903,36.27929110,42.03472492,38.54802761,36.27929110,42.03472492
1136,39.79072652,36.27929110,41.92918525,39.40394340,36.27929110,42.03472492,38.55075390,36.27929110,42.03472492
1137,39.84472385,36.27929110,41.93432266,39.41234492,36.27929110,42.03472492,38.55486719,36.27929110,42.03472492
1138,39.82083073,36.27929110,41.93432266,39.41150294,36.27929110,42.03472492,38.55625896,36.27929110,42.03472492
1139,39.83281425,36.27929110,41.93432266,39.40841445,36.27929110,42.03472492,38.55743834,36.27929110,42.03472492
1140,39.82936127,36.27929110,41.93432266,39.40789948,36.27929110,42.03472492,38.55938865,36.27929110,42.03472492
1141,39.82357276,36.27929110,41.93432266,39.40382537,36.27929110,42.03472492,38.55883535,36.27929110,42.03472492
1142,39.84667132,36.27929110,41.93432266,39.41049768,36.27929110,42.03472492,38.56140173,36.27929110,42.03472492
1143,39.86891390,36.27929110,41.93432266,39.41537349,36.27929110,42.03472492,38.56402025,36.27929110,42.03472492
1144,39.85865210,36.27929110,41.93432266,39.41229190,36.27929110,42.03472492,38.56458494,36.27929110,42.03472492
1145,39.82870234,36.27929110,41.93432266,39.41366669,36.27929110,42.03472492,38.56597160,36.27929110,42.03472492
1146,39.84154319,36.27929110,41.93432266,39.41940167,36.27929110,42.03472492,38.56964291,36.27929110,42.03472492
1147,39.79059627,36.27929110,41.93432266,39.41760141,36.27929110,42.03472492,38.57056791,36.27929110,42.03472492
1148,39.82513535,36.27929110,41.93432266,39.42324373,36.27929110,42.03472492,38.57398049,36.27929110,42.03472492
1149,39.79130399,36.27929110,41.93432266,39.42708856,36.27929110,42.03472492,38.57538602,36.27929110,42.03472492
1150,39.77949683,36.27929110,41.93432266,39.43226423,36.27929110,42.03472492,38.57801544,36.27929110,42.03472492
1151,39.80260666,36.27929110,41.93432266,39.42645122,36.27929110,42.03472492,38.57883735,36.27929110,42.03472492
1152,39.75561468,36.27929110,41.93432266,39.42629652,36.27929110,42.03472492,38.58022908,36.27929110,42.03472492
1153,39.70169899,36.27929110,41.93432266,39.42184304,36.27929110,42.03472492,38.57976697,36.27929110,42.03472492
1154,39.73852390,36.27929110,41.93432266,39.42458426,36.27929110,42.03472492,38.58182183,36.27929110,42.03472492
1155,39.68716472,36.27929110,41.93432266,39.42090476,36.27929110,42.03472492,38.58194953,36.27929110,42.03472492
1156,39.64865211,36.27929110,41.93432266,39.41730572,36.27929110,42.03472492,38.58220486,36.27929110,42.03472492
1157,39.70724669,36.27929110,41.93432266,39.42526430,36.27929110,42.03472492,38.58608136,36.27929110,42.03472492
1158,39.71588561,36.27929110,41.93432266,39.42844868,36.27929110,42.03472492,38.58824400,36.27929110,42.03472492
1159,39.68433176,36.27929110,41.93432266,39.42641511,36.27929110,42.03472492,38.58958424,36.27929110,42.03472492
1160,39.66201132,36.27929110,41.93432266,39.42873225,36.27929110,42.03472492,38.59174218,36.27929110,42.03472492
1161,39.68384822,36.27929110,41.93432266,39.43206890,36.27929110,42.03472492,38.59438750,36.27929110,42.03472492
1162,39.66766705,36.27929110,41.93432266,39.43141947,36.27929110,42.03472492,38.59563081,36.27929110,42.03472492
1163,39.66594042,36.27929110,41.93432266,39.43552446,36.27929110,42.03472492,38.59675921,36.27929110,42.03472492
1164,39.69375478,36.27929110,41.93432266,39.44371694,36.27929110,42.03472492,38.60014809,36.27929110,42.03472492
1165,39.70057935,36.27929110,41.93432266,39.44046171,36.27929110,42.03472492,38.60266251,36.27929110,42.03472492
1166,39.69376274,36.27929110,41.93432266,39.43986387,36.27929110,42.03472492,38.60525702,36.27929110,42.03472492
1167,39.72976147,36.27929110,42.03487050,39.45074651,36.27929110,42.03487050,38.60957395,36.27929110,42.03487050
1168,39.75756144,36.27929110,42.03487050,39.45690553,36.27929110,42.03487050,38.61265372,36.27929110,42.03487050
1169,39.74982778,36.27929110,42.03487050,39.45863436,36.27929110,42.03487050,38.61455850,36.27929110,42.03487050
1170,39.74084129,36.27929110,42.03487050,39.46229779,36.27929110,42.03487050,38.61540545,36.27929110,42.03487050
1171,39.74467150,36.27929110,42.03487050,39.46785770,36.27929110,42.03487050,38.61845434,36.27929110,42.03487050
1172,39.74209504,36.27929110,42.03487050,39.47455269,36.27929110,42.03487050,38.62035974,36.27929110,42.03487050
1173,39.77381221,36.27929110,42.03487050,39.47936666,36.27929110,42.03487050,38.62313903,36.27929110,42.03487050
1174,39.81053442,36.27929110,42.03487050,39.48354555,36.27929110,42.03487050,38.62563036,36.27929110,42.03487050
1175,39.78921240,36.27929110,42.03487050,39.48578927,36.27929110,42.03487050,38.62707319,36.27929110,42.03487050
1176,39.79701780,36.27929110,42.03487050,39.49248622,36.27929110,42.03487050,38.62969851,36.27929110,42.03487050
1177,39.80430362,36.27929110,42.03487050,39.49907976,36.27929110,42.03487050,38.63311424,36.27929110,42.03487050
1178,39.83895976,36.27929110,42.03487050,39.50532387,36.27929110,42.03487050,38.63586139,36.27929110,42.03487050
1179,39.83417061,36.27929110,42.03487050,39.50173773,36.27929110,42.03487050,38.63799480,36.27929110,42.03487050
1180,39.83501317,36.27929110,42.03487050,39.50575870,36.27929110,42.03487050,38.64040895,36.27929110,42.03487050
1181,39.84959532,36.27929110,42.03487050,39.51466461,36.27929110,42.03487050,38.64472453,36.27929110,42.03487050
1182,39.90011247,37.20428853,42.03487050,39.51705942,36.27929110,42.03487050,38.64582847,36.27929110,42.03487050
1183,39.91735001,37.20428853,42.03487050,39.51964577,36.27929110,42.03487050,38.64768230,36.27929110,42.03487050
1184,39.91908564,37.20428853,42.03487050,39.52598017,36.27929110,42.03487050,38.65045658,36.27929110,42.03487050
1185,39.90623640,37.20428853,42.03487050,39.52657622,36.27929110,42.03487050,38.65168851,36.27929110,42.03487050
1186,39.89299552,37.20428853,42.03487050,39.52632257,36.27929110,42.03487050,38.65212555,36.27929110,42.03487050
1187,39.91101513,37.20428853,42.03487050,39.53197944,36.27929110,42.03487050,38.65577262,36.27929110,42.03487050
1188,39.88106163,37.20428853,42.03487050,39.53120823,36.27929110,42.03487050,38.65834017,36.27929110,42.03487050
1189,39.84950051,37.20428853,42.03487050,39.53028425,36.27929110,42.03487050,38.66050289,36.27929110,42.03487050
1190,39.87856924,37.20428853,42.03487050,39.52848217,36.27929110,42.03487050,38.66214392,36.27929110,42.03487050
1191,39.88114656,37.20428853,42.03487050,39.52471869,36.27929110,42.03487050,38.66363364,36.27929110,42.03487050
1192,39.87471278,37.20428853,42.03487050,39.52771011,36.27929110,42.03487050,38.66617365,36.27929110,42.03487050
1193,39.85341434,37.20428853,42.03487050,39.52287177,36.27929110,42.03487050,38.66711001,36.27929110,42.03487050
1194,39.83097529,37.20428853,42.03487050,39.51756588,36.27929110,42.03487050,38.66746861,36.27929110,42.03487050
1195,39.79674397,37.20428853,42.03487050,39.51585713,36.27929110,42.03487050,38.66808482,36.27929110,42.03487050
1196,39.79922615,37.20428853,42.03487050,39.51765396,36.27929110,42.03487050,38.67132087,36.27929110,42.03487050
1197,39.73257784,37.20428853,42.03487050,39.51478625,36.27929110,42.03487050,38.67143526,36.27929110,42.03487050
1198,39.75903826,37.20428853,42.03487050,39.52051953,36.27929110,42.03487050,38.67415691,36.27929110,42.03487050
1199,39.74715136,37.20428853,42.03487050,39.51573902,36.27929110,42.03487050,38.67462308,36.27929110,42.03487050
1200,39.73698342,37.20428853,42.03487050,39.52089377,36.27929110,42.03487050,38.67586023,36.27929110,42.03487050
1201,39.75733710,37.20428853,42.03487050,39.52705116,36.27929110,42.03487050,38.67770796,36.27929110,42.03487050
1202,39.75562975,37.20428853,42.03487050,39.53081413,36.27929110,42.03487050,38.68001726,36.27929110,42.03487050
1203,39.73346506,37.20428853,42.03487050,39.52860533,36.27929110,42.03487050,38.68115125,36.27929110,42.03487050
1204,39.76814497,37.20428853,42.03487050,39.53586599,36.27929110,42.03487050,38.68410602,36.27929110,42.03487050
1205,39.78609006,37.20428853,42.03487050,39.54373355,36.27929110,42.03487050,38.68672402,36.27929110,42.03487050
1206,39.75739909,37.20428853,42.03487050,39.55075041,36.27929110,42.03487050,38.68908625,36.27929110,42.03487050
1207,39.77878217,37.20428853,42.03487050,39.55537047,36.27929110,42.03487050,38.69088186,36.27929110,42.03487050
1208,39.75057388,37.20428853,42.03487050,39.55922352,36.27929110,42.03487050,38.69234422,36.27929110,42.03487050
1209,39.76129415,37.20428853,42.03487050,39.56555612,36.27929110,42.03487050,38.69357619,36.27929110,42.03487050
1210,39.75381337,37.20428853,42.03487050,39.56649342,36.27929110,42.03487050,38.69570522,36.27929110,42.03487050
1211,39.81117156,37.20428853,42.03487050,39.58070474,36.27929110,42.03487050,38.69981398,36.27929110,42.03487050
1212,39.84360736,37.20428853,42.03487050,39.58609593,36.27929110,42.03487050,38.70315185,36.27929110,42.03487050
1213,39.88554159,37.93542445,42.03487050,39.59037457,36.27929110,42.03487050,38.70505116,36.27929110,42.03487050
1214,39.87210242,37.93542445,42.03487050,39.59085522,36.27929110,42.03487050,38.70629967,36.27929110,42.03487050
1215,39.90932177,37.93542445,42.03487050,39.59136395,36.27929110,42.03487050,38.70866054,36.27929110,42.03487050
1216,39.93501064,37.93542445,42.03487050,39.59376330,36.27929110,42.03487050,38.71076648,36.27929110,42.03487050
1217,39.92783977,37.93542445,42.03487050,39.60302637,36.27929110,42.03487050,38.71410963,36.27929110,42.03487050
1218,39.90934909,37.93542445,42.03487050,39.59898471,36.27929110,42.03487050,38.71526592,36.27929110,42.03487050
1219,39.91523748,37.93542445,42.03487050,39.60018186,36.27929110,42.03487050,38.71747492,36.27929110,42.03487050
1220,39.93114048,37.93542445,42.03487050,39.60199735,36.27929110,42.03487050,38.71971309,36.27929110,42.03487050
1221,39.93582111,37.93542445,42.03487050,39.60550079,36.27929110,42.03487050,38.72310084,36.27929110,42.03487050
1222,39.94769861,37.93542445,42.03487050,39.60730727,36.27929110,42.03487050,38.72500525,36.27929110,42.03487050
1223,39.92458037,37.66543494,42.03487050,39.60507815,36.27929110,42.03487050,38.72505584,36.27929110,42.03487050
1224,39.87366395,37.66543494,42.03487050,39.60411826,36.27929110,42.03487050,38.72533818,36.27929110,42.03487050
1225,39.90368665,37.66543494,42.03487050,39.61371174,36.27929110,42.03487050,38.72944778,36.27929110,42.03487050
1226,39.88911067,37.66543494,42.03487050,39.61200108,36.27929110,42.03487050,38.73085845,36.27929110,42.03487050
1227,39.86252103,37.66543494,42.03372446,39.61499423,36.27929110,42.03487050,38.73352845,36.27929110,42.03487050
1228,39.86089367,37.66543494,42.03372446,39.61783083,36.27929110,42.03487050,38.73635821,36.27929110,42.03487050
1229,39.86270082,37.66543494,42.03372446,39.62009311,36.27929110,42.03487050,38.73821679,36.27929110,42.03487050
1230,39.88109745,37.66543494,42.03372446,39.62356438,36.27929110,42.03487050,38.74016753,36.27929110,42.03487050
1231,39.85502465,37.66543494,42.03372446,39.61928756,36.27929110,42.03487050,38.74139997,36.27929110,42.03487050
1232,39.85664069,37.66543494,42.03372446,39.62082458,36.27929110,42.03487050,38.74350543,36.27929110,42.03487050
1233,39.86400806,37.66543494,42.03372446,39.62249223,36.27929110,42.03487050,38.74682986,36.27929110,42.03487050
1234,39.87082548,37.66543494,42.03372446,39.63087534,36.27929110,42.03487050,38.74983333,36.27929110,42.03487050
1235,39.87842121,37.66543494,42.03372446,39.63925827,36.27929110,42.03487050,38.75239973,36.27929110,42.03487050
1236,39.88856346,37.66543494,42.03372446,39.64522516,36.27929110,42.03487050,38.75470807,36.27929110,42.03487050
1237,39.89069498,37.66543494,42.03372446,39.65172636,36.27929110,42.03487050,38.75814860,36.27929110,42.03487050
1238,39.85861576,37.66543494,42.03372446,39.65078899,36.27929110,42.03487050,38.75891945,36.27929110,42.03487050
1239,39.83513416,37.66543494,42.03372446,39.64900773,36.27929110,42.03487050,38.75943778,36.27929110,42.03487050
1240,39.81973496,37.66543494,42.03372446,39.64780638,36.27929110,42.03487050,38.76118287,36.27929110,42.03487050
1241,39.77530869,37.66543494,42.03372446,39.64816885,36.27929110,42.03487050,38.76272979,36.27929110,42.03487050
1242,39.77721326,37.66543494,42.03372446,39.64597854,36.27929110,42.03487050,38.76428180,36.27929110,42.03487050
1243,39.77367512,37.66543494,42.03372446,39.65119648,36.27929110,42.03487050,38.76628417,36.27929110,42.03487050
1244,39.75226609,37.66543494,42.03372446,39.65307726,36.27929110,42.03487050,38.76772236,36.27929110,42.03487050
1245,39.76777904,37.66543494,42.03372446,39.65712070,36.27929110,42.03487050,38.76978197,36.27929110,42.03487050
1246,39.77930927,37.66543494,42.03372446,39.65710169,36.27929110,42.03487050,38.77078321,36.27929110,42.03487050
1247,39.72973156,37.66543494,42.03372446,39.64770640,36.27929110,42.03487050,38.77155870,36.27929110,42.03487050
1248,39.74085952,37.66543494,42.03372446,39.64751698,36.27929110,42.03487050,38.77422925,36.27929110,42.03487050
1249,39.72878417,37.66543494,42.03372446,39.64289660,36.27929110,42.03487050,38.77566745,36.27929110,42.03487050
1250,39.72975526,37.66543494,42.03372446,39.64222866,36.27929110,42.03487050,38.77721211,36.27929110,42.03487050
1251,39.73402818,37.66543494,42.03372446,39.63606496,36.27929110,42.03487050,38.77906129,36.27929110,42.03487050
1252,39.71394459,37.66543494,42.03372446,39.63469938,36.27929110,42.03487050,38.78062949,36.27929110,42.03487050
1253,39.71846820,37.66543494,42.03372446,39.62708358,36.27929110,42.03487050,38.78157953,36.27929110,42.03487050
1254,39.74338886,37.66543494,42.03372446,39.62419127,36.27929110,42.03487050,38.78353647,36.27929110,42.03487050
1255,39.76006668,37.66543494,42.03372446,39.61571260,36.27929110,42.03487050,38.78535953,36.27929110,42.03487050
1256,39.78151184,37.66543494,42.03451416,39.62068825,36.27929110,42.03487050,38.78925808,36.27929110,42.03487050
1257,39.81298624,37.66543494,42.03451416,39.62239883,36.27929110,42.03487050,38.79126094,36.27929110,42.03487050
1258,39.82461251,37.66543494,42.03451416,39.63017865,36.27929110,42.03487050,38.79468017,36.27929110,42.03487050
1259,39.85877706,37.66543494,42.03451416,39.63240647,36.27929110,42.03487050,38.79745394,36.27929110,42.03487050
1260,39.85226757,37.66543494,42.03451416,39.62769900,36.27929110,42.03487050,38.79871289,36.27929110,42.03487050
1261,39.84712056,37.66543494,42.03451416,39.62273528,36.27929110,42.03487050,38.80014871,36.27929110,42.03487050
1262,39.85868930,37.66543494,42.03451416,39.62718508,36.27929110,42.03487050,38.80335832,36.27929110,42.03487050
1263,39.87787595,37.66543494,42.03451416,39.63180884,36.27929110,42.03487050,38.80559196,36.27929110,42.03487050
1264,39.90399376,37.66543494,42.03451416,39.64182651,36.27929110,42.03487050,38.80980452,36.27929110,42.03487050
1265,39.93313525,37.66543494,42.03451416,39.65124535,36.27929110,42.03487050,38.81417101,36.27929110,42.03487050
1266,39.91347695,37.66543494,42.03451416,39.65133521,36.27929110,42.03487050,38.81319334,36.27929110,42.03487050
1267,39.90706162,37.66543494,42.03451416,39.65064800,36.27929110,42.03487050,38.81465558,36.27929110,42.03487050
1268,39.90964512,37.66543494,42.03451416,39.64799750,36.27929110,42.03487050,38.81663377,36.27929110,42.03487050
1269,39.92344537,37.66543494,42.03451416,39.64733017,36.27929110,42.03487050,38.81874576,36.27929110,42.03487050
1270,39.91532915,37.66543494,42.03451416,39.64660713,36.27929110,42.03487050,38.82054246,36.27929110,42.03487050
1271,39.88204359,37.66543494,42.03451416,39.64748515,36.27929110,42.03487050,38.82270562,36.27929110,42.03487050
1272,39.85808433,37.66543494,42.03451416,39.64954122,36.27929110,42.03487050,38.82460594,36.27929110,42.03487050
1273,39.89663967,37.66543494,42.03451416,39.65973094,36.27929110,42.03487050,38.82892167,36.27929110,42.03487050
1274,39.88618837,37.66543494,42.03451416,39.65290631,36.27929110,42.03487050,38.82902763,36.27929110,42.03487050
1275,39.85882078,37.66543494,42.03451416,39.65162132,36.27929110,42.03487050,38.82964335,36.27929110,42.03487050
1276,39.86993154,37.66543494,42.03451416,39.65589898,36.27929110,42.03487050,38.83210666,36.27929110,42.03487050
1277,39.87923869,37.66543494,42.03451416,39.66821698,36.27929110,42.03487050,38.83616288,36.27929110,42.03487050
1278,39.87376083,37.66543494,42.03451416,39.66772054,36.27929110,42.03487050,38.83657812,36.27929110,42.03487050
1279,39.86222863,37.66543494,42.03451416,39.66729484,36.27929110,42.03487050,38.83757973,36.27929110,42.03487050
1280,39.83088490,37.66543494,42.03451416,39.65676641,36.27929110,42.03487050,38.83798882,36.27929110,42.03487050
1281,39.79409586,37.66543494,42.03451416,39.65111161,36.27929110,42.03487050,38.83829526,36.27929110,42.03487050
1282,39.80858529,37.66543494,42.03451416,39.65205311,36.27929110,42.03487050,38.84101749,36.27929110,42.03487050
1283,39.83437375,38.15492422,42.03451416,39.65070344,36.27929110,42.03487050,38.84261539,36.27929110,42.03487050
1284,39.88101046,38.28782094,42.03451416,39.64967358,36.27929110,42.03487050,38.84574749,36.27929110,42.03487050
1285,39.85327571,38.28782094,42.03451416,39.65628666,36.27929110,42.03487050,38.84829609,36.27929110,42.03487050
1286,39.82289988,37.61533481,42.03451416,39.64944047,36.27929110,42.03487050,38.84824503,36.27929110,42.03487050
1287,39.79423390,37.61533481,42.03451416,39.64926867,36.27929110,42.03487050,38.84898890,36.27929110,42.03487050
1288,39.80526083,37.61533481,42.03451416,39.65362534,36.27929110,42.03487050,38.85217099,36.27929110,42.03487050
1289,39.78541242,37.61533481,42.03451416,39.64968993,36.27929110,42.03487050,38.85268402,36.27929110,42.03487050
1290,39.78282551,37.61533481,42.03451416,39.65003331,36.27929110,42.03487050,38.85437646,36.27929110,42.03487050
1291,39.80248189,37.61533481,42.03451416,39.64695564,36.27929110,42.03487050,38.85689138,36.27929110,42.03487050
1292,39.80507489,37.61533481,42.03451416,39.64952684,36.27929110,42.03487050,38.85941015,36.27929110,42.03487050
1293,39.78397640,37.61533481,42.03451416,39.65741191,36.27929110,42.03487050,38.86157176,36.27929110,42.03487050
1294,39.79980239,37.61533481,42.03451416,39.66408764,36.27929110,42.03487050,38.86531860,36.27929110,42.03487050
1295,39.79855256,37.61533481,42.03451416,39.66109910,36.27929110,42.03487050,38.86765537,36.27929110,42.03487050
1296,39.78358183,37.61533481,42.03451416,39.66015588,36.27929110,42.03487050,38.86906547,36.27929110,42.03487050
1297,39.74140511,37.61533481,42.03451416,39.65446039,36.27929110,42.03487050,38.87018158,36.27929110,42.03487050
1298,39.76125213,37.61533481,42.03451416,39.65943747,36.27929110,42.03487050,38.87275948,36.27929110,42.03487050
1299,39.82107522,37.61533481,42.03451416,39.66679859,36.27929110,42.03487050,38.87686720,36.27929110,42.03487050
1300,39.81346009,37.61533481,42.03451416,39.66629857,36.27929110,42.03487050,38.87789765,36.27929110,42.03487050
1301,39.84243233,37.61533481,42.03451416,39.67228530,36.27929110,42.03487050,38.88113135,36.27929110,42.03487050
1302,39.86748053,37.61533481,42.03451416,39.67408338,36.27929110,42.03487050,38.88439245,36.27929110,42.03487050
1303,39.88206360,37.61533481,42.03451416,39.67442838,36.27929110,42.03487050,38.88737289,36.27929110,42.03487050
1304,39.88635158,37.61533481,42.03451416,39.67304448,36.27929110,42.03487050,38.88886218,36.27929110,42.03487050
1305,39.91234335,37.61533481,42.03451416,39.67877864,36.27929110,42.03487050,38.89279058,36.27929110,42.03487050
1306,39.91704693,37.61533481,42.03451416,39.68074994,36.27929110,42.03487050,38.89435629,36.27929110,42.03487050
1307,39.92935948,37.61533481,42.03451416,39.67997403,36.27929110,42.03487050,38.89566435,36.27929110,42.03487050
1308,39.93406582,37.61533481,42.03451416,39.68637908,36.27929110,42.03487050,38.89795002,36.27929110,42.03487050
1309,39.98370591,37.61533481,42.03451416,39.69203180,36.27929110,42.03487050,38.90215478,36.27929110,42.03487050
1310,39.99644138,37.61533481,42.03451416,39.69784717,36.27929110,42.03487050,38.90487594,36.27929110,42.03487050
1311,40.01795564,37.61533481,42.03451416,39.70557618,36.27929110,42.03487050,38.90780979,36.27929110,42.03487050
1312,40.02948772,37.61533481,42.03451416,39.70557284,36.27929110,42.03487050,38.90983671,36.27929110,42.03487050
1313,40.03075249,37.61533481,42.03451416,39.70214467,36.27929110,42.03487050,38.91081110,36.27929110,42.03487050
1314,40.02517901,37.61533481,42.03451416,39.70291400,36.27929110,42.03487050,38.91222744,36.27929110,42.03487050
1315,40.01875602,37.61533481,42.03451416,39.70736264,36.27929110,42.03487050,38.91356203,36.27929110,42.03487050
1316,39.98370662,37.61533481,42.03366224,39.70874480,36.27929110,42.03487050,38.91587873,36.27929110,42.03487050
1317,39.98199053,37.61533481,42.03366224,39.71080096,36.27929110,42.03487050,38.91803635,36.27929110,42.03487050
1318,39.94639495,37.61533481,42.03366224,39.70412466,36.27929110,42.03487050,38.91942294,36.27929110,42.03487050
1319,39.95623892,37.61533481,42.03366224,39.71294169,36.27929110,42.03487050,38.92268426,36.27929110,42.03487050
1320,39.97569875,37.61533481,42.03366224,39.71809961,36.27929110,42.03487050,38.92459533,36.27929110,42.03487050
1321,39.97356169,37.61533481,42.03366224,39.71458574,36.27929110,42.03487050,38.92621221,36.27929110,42.03487050
1322,39.95258293,37.61533481,42.03366224,39.71516291,36.27929110,42.03487050,38.92734070,36.27929110,42.03487050
1323,39.97620351,37.61533481,42.03366224,39.72485443,36.27929110,42.03487050,38.93109467,36.27929110,42.03487050
1324,39.96900944,37.61533481,42.03366224,39.73061242,36.27929110,42.03487050,38.93420776,36.27929110,42.03487050
1325,39.94809588,37.61533481,42.03366224,39.73891344,36.27929110,42.03487050,38.93716479,36.27929110,42.03487050
1326,39.96007765,37.61533481,42.03366224,39.73548890,36.27929110,42.03487050,38.93855097,36.27929110,42.03487050
1327,39.96219822,37.61533481,42.03366224,39.73854408,36.27929110,42.03487050,38.94085976,36.27929110,42.03487050
1328,40.00114431,37.61533481,42.03366224,39.74794535,36.27929110,42.03487050,38.94502008,36.27929110,42.03487050
1329,40.01983561,37.61533481,42.03366224,39.76058704,36.27929110,42.03487050,38.94881778,36.27929110,42.03487050
1330,40.02933225,37.61533481,42.03366224,39.76565370,36.27929110,42.03487050,38.95127607,36.27929110,42.03487050
1331,40.04976880,37.61533481,42.03366224,39.77267496,36.27929110,42.03487050,38.95466543,36.27929110,42.03487050
1332,40.04934842,37.61533481,42.03366224,39.77738815,36.27929110,42.03487050,38.95643743,36.27929110,42.03487050
1333,40.04846943,37.61533481,42.03289478,39.78937217,36.27929110,42.03487050,38.96070042,36.27929110,42.03487050
1334,40.05979413,37.61533481,42.03289478,39.78737591,36.27929110,42.03487050,38.96205287,36.27929110,42.03487050
1335,40.10258567,37.61533481,42.03289478,39.79148040,36.27929110,42.03487050,38.96518454,36.27929110,42.03487050
1336,40.06750477,37.61533481,42.03289478,39.78822510,36.27929110,42.03487050,38.96554299,36.27929110,42.03487050
1337,40.05725102,37.61533481,42.03289478,39.79361810,36.27929110,42.03487050,38.96836776,36.27929110,42.03487050
1338,40.08849548,37.61533481,42.03289478,39.79286743,36.27929110,42.03487050,38.97163472,36.27929110,42.03487050
1339,40.12570659,37.61533481,42.03289478,39.79560708,36.27929110,42.03487050,38.97453511,36.27929110,42.03487050
1340,40.15564532,37.61533481,42.03289478,39.80071528,36.27929110,42.03487050,38.97688951,36.27929110,42.03487050
1341,40.16848660,37.61533481,42.03289478,39.80343482,36.27929110,42.03487050,38.97832725,36.27929110,42.03487050
1342,40.14373518,37.61533481,42.03289478,39.79942604,36.27929110,42.03487050,38.97951285,36.27929110,42.03487050
1343,40.19076734,37.61533481,42.03467203,39.81295792,36.27929110,42.03487050,38.98366930,36.27929110,42.03487050
1344,40.20533552,37.61533481,42.03467203,39.81998076,36.27929110,42.03487050,38.98849790,36.27929110,42.03487050
1345,40.20908751,37.61533481,42.03467203,39.82237715,36.27929110,42.03487050,38.98896234,36.27929110,42.03487050
1346,40.24511511,38.33412536,42.03467203,39.82423894,36.27929110,42.03487050,38.99081521,36.27929110,42.03487050
1347,40.27387619,38.33412536,42.03467203,39.83624150,36.27929110,42.03487050,38.99261747,36.27929110,42.03487050
1348,40.23625886,38.33412536,42.03467203,39.83247693,36.27929110,42.03487050,38.99369151,36.27929110,42.03487050
1349,40.29446842,38.33412536,42.03467203,39.84206780,36.27929110,42.03487050,38.99774866,36.27929110,42.03487050
1350,40.29448782,38.33412536,42.03467203,39.83982502,36.27929110,42.03487050,38.99936611,36.27929110,42.03487050
1351,40.30561740,38.33412536,42.03467203,39.84613520,36.27929110,42.03487050,39.00275498,36.27929110,42.03487050
1352,40.30217243,38.33412536,42.03467203,39.84433483,36.27929110,42.03487050,39.00496396,36.27929110,42.03487050
1353,40.31158246,38.33412536,42.03467203,39.84937719,36.27929110,42.03487050,39.00707446,36.27929110,42.03487050
1354,40.29545766,38.33412536,42.03467203,39.85453670,36.27929110,42.03487050,39.01005999,36.27929110,42.03487050
1355,40.27338574,38.33412536,42.03467203,39.85380506,36.27929110,42.03487050,39.01204951,36.27929110,42.03487050
1356,40.28855540,38.33412536,42.03467203,39.85743262,36.27929110,42.03487050,39.01467906,36.27929110,42.03487050
1357,40.28708834,38.33412536,42.03467203,39.85572224,36.27929110,42.03487050,39.01544942,36.27929110,42.03487050
1358,40.26560158,38.33412536,42.03467203,39.85689670,36.27929110,42.03487050,39.01530057,36.27929110,42.03487050
1359,40.20740155,38.33412536,42.03467203,39.84473163,36.27929110,42.03487050,39.01581320,36.27929110,42.03487050
1360,40.23906455,38.33412536,42.03467203,39.85330404,36.27929110,42.03487050,39.01838544,36.27929110,42.03487050
1361,40.20492867,38.33412536,42.03467203,39.84835585,36.27929110,42.03487050,39.01885161,36.27929110,42.03487050
1362,40.19860972,38.33412536,42.03467203,39.84870263,36.27929110,42.03487050,39.02163048,36.27929110,42.03487050
1363,40.22341124,38.33412536,42.03467203,39.86145430,36.27929110,42.03487050,39.02567534,36.27929110,42.03487050
1364,40.26707006,38.33412536,42.03467203,39.87070021,36.27929110,42.03487050,39.02921993,36.27929110,42.03487050
1365,40.27005208,38.33412536,42.03467203,39.87977153,36.27929110,42.03487050,39.03327570,36.27929110,42.03487050
1366,40.28334441,38.33412536,42.03467203,39.88294297,36.27929110,42.03487050,39.03574204,36.27929110,42.03487050
1367,40.31631668,38.33412536,42.03467203,39.89441310,36.27929110,42.03487050,39.03846370,36.27929110,42.03487050
1368,40.31554263,38.33412536,42.03467203,39.90287024,36.27929110,42.03487050,39.04085705,36.27929110,42.03487050
1369,40.25957047,38.33412536,42.03467203,39.89698051,36.27929110,42.03487050,39.04088667,36.27929110,42.03487050
1370,40.26648787,38.33412536,42.03467203,39.90263901,36.27929110,42.03487050,39.04304633,36.27929110,42.03487050
1371,40.25180376,38.33412536,42.03467203,39.91184008,36.27929110,42.03487050,39.04525377,36.27929110,42.03487050
1372,40.22494144,38.33412536,42.03467203,39.91168547,36.27929110,42.03487050,39.04602978,36.27929110,42.03487050
1373,40.25961998,38.33412536,42.03467203,39.91399650,36.27929110,42.03487050,39.04929106,36.27929110,42.03487050
1374,40.30102327,38.33412536,42.03467203,39.92475524,36.27929110,42.03487050,39.05273001,36.27929110,42.03487050
1375,40.30198468,38.33412536,42.03467203,39.92494772,36.27929110,42.03487050,39.05391610,36.27929110,42.03487050
1376,40.30453370,38.33412536,42.03467203,39.93194096,36.27929110,42.03487050,39.05669275,36.27929110,42.03487050
1377,40.32023028,38.33412536,42.03467203,39.93850175,36.27929110,42.03487050,39.06025376,36.27929110,42.03487050
1378,40.36472712,38.33412536,42.03467203,39.94312072,36.27929110,42.03487050,39.06410397,36.27929110,42.03487050
1379,40.35830414,38.33412536,42.03467203,39.95065715,36.27929110,42.03487050,39.06646677,36.27929110,42.03487050
1380,40.39324148,38.33412536,42.03467203,39.95751050,36.27929110,42.03487050,39.07068027,36.27929110,42.03487050
1381,40.38347622,38.33412536,42.03467203,39.95701367,36.27929110,42.03487050,39.07088881,36.27929110,42.03487050
1382,40.39985094,38.33412536,42.03467203,39.96268485,36.27929110,42.03487050,39.07361599,36.27929110,42.03487050
1383,40.34294285,38.26361504,42.03467203,39.95988025,36.27929110,42.03487050,39.07395548,36.27929110,42.03487050
1384,40.28011506,37.83227998,42.03467203,39.95598307,36.27929110,42.03487050,39.07329946,36.27929110,42.03487050
1385,40.29328177,37.83227998,42.03467203,39.95786106,36.27929110,42.03487050,39.07720114,36.27929110,42.03487050
1386,40.26760160,37.82103223,42.03467203,39.94801970,36.27929110,42.03487050,39.07735013,36.27929110,42.03487050
1387,40.29598484,37.82103223,42.03467203,39.94692463,36.27929110,42.03487050,39.08079775,36.27929110,42.03487050
1388,40.27297593,37.82103223,42.03467203,39.95189492,36.27929110,42.03487050,39.08352598,36.27929110,42.03487050
1389,40.27902404,37.82103223,42.03467203,39.95498063,36.27929110,42.03487050,39.08773812,36.27929110,42.03487050
1390,40.30375908,37.82103223,42.03467203,39.95634614,36.27929110,42.03487050,39.09179490,36.27929110,42.03487050
1391,40.30674819,37.82103223,42.03467203,39.97046776,36.27929110,42.03487050,39.09556979,36.27929110,42.03487050
1392,40.34096208,37.82103223,42.03467203,39.96952338,36.27929110,42.03487050,39.09923999,36.27929110,42.03487050
1393,40.30758128,37.82103223,42.03467203,39.96798619,36.27929110,42.03487050,39.10072928,36.27929110,42.03487050
1394,40.30235693,37.82103223,42.03467203,39.97179315,36.27929110,42.03487050,39.10099743,36.27929110,42.03487050
1395,40.29550795,37.82103223,42.03467203,39.97068018,36.27929110,42.03487050,39.10386715,36.27929110,42.03487050
1396,40.32031840,37.82103223,42.03467203,39.96828349,36.27929110,42.03487050,39.10574116,36.27929110,42.03487050
1397,40.33486170,37.82103223,42.03467203,39.98128757,36.27929110,42.03487050,39.10973983,36.27929110,42.03487050
1398,40.32491370,37.82103223,42.03467203,39.98248094,36.27929110,42.03487050,39.11199987,36.27929110,42.03487050
1399,40.32877903,37.82103223,42.03467203,39.98325670,36.27929110,42.03487050,39.11451594,36.27929110,42.03487050
1400,40.34677049,37.82103223,42.03467203,39.98529050,36.27929110,42.03487050,39.11800703,36.27929110,42.03487050
1401,40.39556458,37.82103223,42.03467203,39.99556327,36.27929110,42.03487050,39.12188397,36.27929110,42.03487050
1402,40.39910330,37.82103223,42.03467203,39.99335789,36.27929110,42.03487050,39.12251147,36.27929110,42.03487050
1403,40.39732990,37.82103223,42.03453223,40.00259836,36.27929110,42.03487050,39.12656716,36.27929110,42.03487050
1404,40.37342243,37.82103223,42.03453223,40.00543743,36.27929110,42.03487050,39.12908735,36.27929110,42.03487050
1405,40.35712149,37.82103223,42.03453223,40.00475014,36.27929110,42.03487050,39.13047349,36.27929110,42.03487050
1406,40.35628833,37.82103223,42.03453223,40.00143535,36.27929110,42.03487050,39.13248255,36.27929110,42.03487050
1407,40.35535093,37.82103223,42.03453223,40.00314870,36.27929110,42.03487050,39.13499893,36.27929110,42.03487050
1408,40.38625626,37.82103223,42.03453223,40.00924621,36.27929110,42.03487050,39.13752057,36.27929110,42.03487050
1409,40.32171879,37.82103223,42.03453223,40.00282564,36.27929110,42.03487050,39.13580401,36.27929110,42.03487050
1410,40.35862377,37.82103223,42.03453223,40.01157517,36.27929110,42.03487050,39.13970626,36.27929110,42.03487050
1411,40.31582486,37.82103223,42.03453223,40.00472406,36.27929110,42.03487050,39.14016638,36.27929110,42.03487050
1412,40.33046183,37.82103223,42.03453223,40.00728898,36.27929110,42.03487050,39.14176429,36.27929110,42.03487050
1413,40.31302945,37.82103223,42.03453223,40.00928171,36.27929110,42.03487050,39.14203052,36.27929110,42.03487050
1414,40.31300562,37.82103223,42.03453223,40.01792511,36.27929110,42.03487050,39.14475689,36.27929110,42.03487050
1415,40.35013581,37.82103223,42.03453223,40.01794155,36.27929110,42.03487050,39.14810026,36.27929110,42.03487050
1416,40.32952211,37.82103223,42.03453223,40.01744812,36.27929110,42.03487050,39.14933835,36.27929110,42.03487050
1417,40.37059584,37.82103223,42.03453223,40.01881758,36.27929110,42.03487050,39.15257359,36.27929110,42.03487050
1418,40.37479820,37.82103223,42.03453223,40.01984548,36.27929110,42.03487050,39.15324041,36.27929110,42.03487050
1419,40.38591173,37.82103223,42.03453223,40.01673865,36.27929110,42.03487050,39.15467758,36.27929110,42.03487050
1420,40.39695349,37.82103223,42.03453223,40.02084525,36.27929110,42.03487050,39.15842495,36.27929110,42.03487050
1421,40.42082872,37.82103223,42.03453223,40.01861875,36.27929110,42.03487050,39.15965702,36.27929110,42.03487050
1422,40.43484320,37.82103223,42.03453223,40.03565184,37.20428853,42.03487050,39.16235124,36.27929110,42.03487050
1423,40.39812870,37.82103223,42.03453223,40.03892573,37.20428853,42.03487050,39.16451381,36.27929110,42.03487050
1424,40.39038044,37.82103223,42.03453223,40.04303076,37.20428853,42.03487050,39.16831237,36.27929110,42.03487050
1425,40.37936205,37.82103223,42.03453223,40.04715458,37.20428853,42.03487050,39.17155240,36.27929110,42.03487050
1426,40.36606435,37.82103223,42.03453223,40.04775209,37.20428853,42.03487050,39.17306624,36.27929110,42.03487050
1427,40.36431224,37.82103223,42.03453223,40.05014702,37.20428853,42.03487050,39.17598978,36.27929110,42.03487050
1428,40.38519993,37.82103223,42.03453223,40.05134590,37.20428853,42.03487050,39.18040726,36.27929110,42.03487050
1429,40.39324060,37.82103223,42.03453223,40.04296033,37.20428853,42.03487050,39.18112601,36.27929110,42.03487050
1430,40.38642060,37.82103223,42.03453223,40.05153487,37.20428853,42.03487050,39.18312855,36.27929110,42.03487050
1431,40.39114576,37.82103223,42.03453223,40.05521598,37.20428853,42.03487050,39.18551641,36.27929110,42.03487050
1432,40.40430979,37.82103223,42.03453223,40.04947926,37.20428853,42.03487050,39.18703072,36.27929110,42.03487050
1433,40.36202949,37.82103223,42.03453223,40.04485690,37.20428853,42.03487050,39.18760054,36.27929110,42.03487050
1434,40.36464371,37.82103223,42.03453223,40.05304203,37.20428853,42.03487050,39.19165228,36.27929110,42.03487050
1435,40.38956551,37.82103223,42.03453223,40.05342337,37.20428853,42.03487050,39.19469450,36.27929110,42.03487050
1436,40.38916872,37.82103223,42.03453223,40.05162940,37.20428853,42.03487050,39.19698570,36.27929110,42.03487050
1437,40.38716941,37.82103223,42.03453223,40.04699086,37.20428853,42.03487050,39.19803796,36.27929110,42.03487050
1438,40.39014412,37.82103223,42.03453223,40.05698339,37.20428853,42.03487050,39.20227284,36.27929110,42.03487050
1439,40.36531411,37.82103223,42.03453223,40.05715712,37.20428853,42.03487050,39.20350434,36.27929110,42.03487050
1440,40.36099804,37.82103223,42.03316788,40.06383785,37.20428853,42.03487050,39.20684310,36.27929110,42.03487050
1441,40.37978161,37.82103223,42.03316788,40.06825544,37.20428853,42.03487050,39.20900107,36.27929110,42.03487050
1442,40.34862337,37.82103223,42.03316788,40.06307526,37.20428853,42.03487050,39.21001340,36.27929110,42.03487050
1443,40.36348917,37.82103223,42.03316788,40.05879531,37.20428853,42.03487050,39.21073170,36.27929110,42.03487050
1444,40.41301199,37.82103223,42.03316788,40.06685504,37.20428853,42.03487050,39.21345658,36.27929110,42.03487050
1445,40.42076635,37.82103223,42.03333242,40.07627386,37.20428853,42.03487050,39.21777197,36.27929110,42.03487050
1446,40.47725128,38.05748115,42.03333242,40.07516131,37.20428853,42.03487050,39.22100643,36.27929110,42.03487050
1447,40.45058842,38.05748115,42.03333242,40.07892306,37.20428853,42.03487050,39.22280222,36.27929110,42.03487050
1448,40.42318248,38.05748115,42.03333242,40.07150434,37.20428853,42.03487050,39.22265409,36.27929110,42.03487050
1449,40.36160962,38.05748115,42.03333242,40.06904176,37.20428853,42.03487050,39.22316620,36.27929110,42.03487050
1450,40.35775672,38.05748115,42.03333242,40.07199812,37.20428853,42.03487050,39.22688872,36.27929110,42.03487050
1451,40.33808428,38.05748115,42.03333242,40.07756329,37.20428853,42.03487050,39.22932862,36.27929110,42.03487050
1452,40.32374278,38.05748115,42.03333242,40.08314899,37.20428853,42.03487050,39.23259660,36.27929110,42.03487050
1453,40.33067045,38.05748115,42.03333242,40.09378048,37.61533481,42.03487050,39.23439843,36.27929110,42.03487050
1454,40.36983707,38.05748115,42.03333242,40.09805578,37.61533481,42.03487050,39.23789052,36.27929110,42.03487050
1455,40.35614720,38.05748115,42.03333242,40.10447667,37.61533481,42.03487050,39.23932261,36.27929110,42.03487050
1456,40.39297062,38.05748115,42.03333242,40.11714719,37.61533481,42.03487050,39.24348219,36.27929110,42.03487050
1457,40.37158597,38.05748115,42.03333242,40.11415543,37.61533481,42.03487050,39.24702584,36.27929110,42.03487050
1458,40.38614448,38.05748115,42.03333242,40.11653272,37.61533481,42.03487050,39.24951623,36.27929110,42.03487050
1459,40.39426119,38.05748115,42.03333242,40.12524258,37.61533481,42.03487050,39.25408566,36.27929110,42.03487050
1460,40.37330175,38.05748115,42.03333242,40.12754859,37.61533481,42.03487050,39.25631918,36.27929110,42.03487050
1461,40.36219012,38.05748115,42.03333242,40.13123165,37.61533481,42.03487050,39.25981168,36.27929110,42.03487050
1462,40.36838603,38.05748115,42.03333242,40.13350168,37.61533481,42.03487050,39.26086255,36.27929110,42.03487050
1463,40.35172481,38.05748115,42.03333242,40.13975523,37.61533481,42.03487050,39.26397011,36.27929110,42.03487050
1464,40.34798713,38.05748115,42.03333242,40.13628390,37.61533481,42.03487050,39.26611140,36.27929110,42.03487050
1465,40.37539504,38.05748115,42.03333242,40.13971328,37.61533481,42.03487050,39.26914150,36.27929110,42.03487050
1466,40.37891006,38.05748115,42.03333242,40.13846481,37.61533481,42.03487050,39.27053956,36.27929110,42.03487050
1467,40.38329261,38.05748115,42.03333242,40.13385493,37.61533481,42.03467203,39.27352507,36.27929110,42.03487050
1468,40.36092880,38.05748115,42.03333242,40.12991969,37.61533481,42.03467203,39.27501416,36.27929110,42.03487050
1469,40.41175258,38.33879593,42.03333242,40.13521060,37.61533481,42.03467203,39.27814540,36.27929110,42.03487050
1470,40.39247418,38.33879593,42.03333242,40.14190175,37.61533481,42.03467203,39.28071734,36.27929110,42.03487050
1471,40.41687002,38.33879593,42.03333242,40.13916376,37.61533481,42.03467203,39.28289894,36.27929110,42.03487050
1472,40.39034741,38.33879593,42.03333242,40.13693945,37.61533481,42.03467203,39.28428604,36.27929110,42.03487050
1473,40.37795542,38.33879593,42.03333242,40.13011036,37.61533481,42.03467203,39.28517125,36.27929110,42.03487050
1474,40.36846691,38.33879593,42.03333242,40.12951161,37.61533481,42.03467203,39.28696981,36.27929110,42.03487050
1475,40.32867200,38.33879593,42.03333242,40.12583347,37.61533481,42.03467203,39.28787393,36.27929110,42.03487050
1476,40.32906644,38.33879593,42.03333242,40.12385784,37.61533481,42.03467203,39.28923879,36.27929110,42.03487050
1477,40.31211894,38.33879593,42.03333242,40.12038064,37.61533481,42.03467203,39.29130208,36.27929110,42.03487050
1478,40.31810863,38.33879593,42.03333242,40.11567526,37.61533481,42.03467203,39.29299611,36.27929110,42.03487050
1479,40.34466649,38.33879593,42.03333242,40.11883783,37.61533481,42.03467203,39.29520436,36.27929110,42.03487050
1480,40.32680645,38.33879593,42.03333242,40.11920391,37.61533481,42.03467203,39.29759779,36.27929110,42.03487050
1481,40.32037900,38.33879593,42.03333242,40.11277548,37.61533481,42.03467203,39.29983020,36.27929110,42.03487050
1482,40.33109310,38.33879593,42.03333242,40.12184796,37.61533481,42.03467203,39.30424742,36.27929110,42.03487050
1483,40.32158037,38.33879593,42.03333242,40.11977181,37.61533481,42.03467203,39.30547840,36.27929110,42.03487050
1484,40.28907278,38.33879593,42.03333242,40.11702819,37.61533481,42.03467203,39.30696569,36.27929110,42.03487050
1485,40.25473818,38.33879593,42.03333242,40.11685494,37.61533481,42.03467203,39.30814564,36.27929110,42.03487050
1486,40.26459848,38.33879593,42.03333242,40.12207269,37.61533481,42.03467203,39.30973841,36.27929110,42.03487050
1487,40.24707948,38.33879593,42.03333242,40.11735989,37.61533481,42.03467203,39.31130386,36.27929110,42.03487050
1488,40.20642463,38.33879593,42.03333242,40.11641851,37.61533481,42.03467203,39.31269051,36.27929110,42.03487050
1489,40.22962017,38.33879593,42.03333242,40.11898427,37.61533481,42.03467203,39.31503133,36.27929110,42.03487050
1490,40.22202585,38.33879593,42.03333242,40.12022619,37.61533481,42.03467203,39.31719958,36.27929110,42.03487050
1491,40.22328147,38.33879593,42.03333242,40.12364296,37.61533481,42.03467203,39.31950814,36.27929110,42.03487050
1492,40.22595382,38.33879593,42.03333242,40.11972747,37.61533481,42.03467203,39.32128588,36.27929110,42.03487050
1493,40.24178921,38.33879593,42.03333242,40.12253188,37.61533481,42.03467203,39.32301201,36.27929110,42.03487050
1494,40.22163951,38.33879593,42.03333242,40.13117487,37.61533481,42.03467203,39.32586042,36.27929110,42.03487050
1495,40.19499950,38.33879593,42.03333242,40.13307448,37.61533481,42.03467203,39.32640333,36.27929110,42.03487050
1496,40.20044108,38.33879593,42.03333242,40.13187239,37.61533481,42.03467203,39.32891793,36.27929110,42.03487050
1497,40.20428549,38.33879593,42.03333242,40.14133239,37.61533481,42.03467203,39.33068931,36.27929110,42.03487050
1498,40.19834460,38.33879593,42.03333242,40.14484466,37.61533481,42.03467203,39.33508087,36.27929110,42.03487050
1499,40.24628356,38.33879593,42.03333242,40.15698356,37.61533481,42.03467203,39.33918871,36.27929110,42.03487050
1500,40.25058745,38.33879593,42.03380162,40.16655866,37.61533481,42.03467203,39.34386307,36.27929110,42.03487050
1501,40.27963015,38.33879593,42.03380162,40.17271405,37.61533481,42.03467203,39.34740278,36.27929110,42.03487050
1502,40.29955038,38.33879593,42.03380162,40.17185938,37.61533481,42.03467203,39.34971341,36.27929110,42.03487050
1503,40.32909290,38.33879593,42.03380162,40.17792088,37.61533481,42.03467203,39.35241047,36.27929110,42.03487050
1504,40.32323380,38.33879593,42.03380162,40.17787281,37.61533481,42.03467203,39.35452843,36.27929110,42.03487050
1505,40.32157648,38.33879593,42.03380162,40.18337115,37.61533481,42.03467203,39.35874438,36.27929110,42.03487050
1506,40.30968792,38.33879593,42.03380162,40.18561908,37.61533481,42.03467203,39.36054671,36.27929110,42.03487050
1507,40.30114119,38.33879593,42.03380162,40.18339486,37.61533481,42.03467203,39.36100779,36.27929110,42.03487050
1508,40.31386982,38.33879593,42.03380162,40.18416353,37.61533481,42.03467203,39.36223402,36.27929110,42.03487050
1509,40.34804205,38.55159674,42.03380162,40.18639134,37.61533481,42.03467203,39.36480212,36.27929110,42.03487050
1510,40.30308210,38.55159674,42.03380162,40.18185186,37.61533481,42.03467203,39.36572394,36.27929110,42.03487050
1511,40.32448998,38.55159674,42.03380162,40.18022697,37.61533481,42.03467203,39.36780339,36.27929110,42.03487050
1512,40.32641236,38.55159674,42.03380162,40.17971000,37.61533481,42.03467203,39.37092898,36.27929110,42.03487050
1513,40.35028722,38.55159674,42.03380162,40.18672961,37.61533481,42.03467203,39.37483108,36.27929110,42.03487050
1514,40.34942096,38.55159674,42.03380162,40.19351949,37.61533481,42.03467203,39.37837428,36.27929110,42.03487050
1515,40.38194393,38.55159674,42.03380162,40.19900111,37.61533481,42.03467203,39.38243118,36.27929110,42.03487050
1516,40.35507744,38.55159674,42.03380162,40.20116055,37.61533481,42.03467203,39.38469650,36.27929110,42.03487050
1517,40.34734508,38.55159674,42.03380162,40.19805649,37.61533481,42.03467203,39.38699970,36.27929110,42.03487050
1518,40.35204985,38.55159674,42.03380162,40.20507287,37.61533481,42.03467203,39.38972090,36.27929110,42.03487050
1519,40.30410984,38.55159674,42.03380162,40.20301706,37.61533481,42.03467203,39.39074615,36.27929110,42.03487050
1520,40.33879009,38.55159674,42.03380162,40.20907851,37.61533481,42.03467203,39.39469966,36.27929110,42.03487050
1521,40.31829677,38.55159674,42.03380162,40.20772679,37.61533481,42.03467203,39.39675638,36.27929110,42.03487050
1522,40.33769286,38.55159674,42.03380162,40.21150053,37.61533481,42.03467203,39.39963828,36.27929110,42.03487050
1523,40.34630848,38.55159674,42.03380162,40.22410086,37.61533481,42.03467203,39.40305094,36.27929110,42.03487050
1524,40.37740359,38.55159674,42.03421469,40.23703183,37.61533481,42.03467203,39.40641709,36.27929110,42.03487050
1525,40.39028802,38.55159674,42.03424297,40.23703355,37.61533481,42.03467203,39.40952554,36.27929110,42.03487050
1526,40.41243604,38.55159674,42.03424297,40.24312989,37.61533481,42.03467203,39.41235509,36.27929110,42.03487050
1527,40.42432301,38.55159674,42.03424297,40.24621533,37.61533481,42.03467203,39.41589918,36.27929110,42.03487050
1528,40.44141259,38.55159674,42.03424297,40.24602347,37.61533481,42.03467203,39.41687236,36.27929110,42.03487050
1529,40.45685205,38.55159674,42.03424297,40.25404085,37.61533481,42.03467203,39.42118770,36.27929110,42.03487050
1530,40.43920043,38.55159674,42.03424297,40.25352234,37.61533481,42.03467203,39.42298289,36.27929110,42.03487050
1531,40.46488101,38.55159674,42.03424297,40.26113503,37.61533481,42.03467203,39.42732160,36.27929110,42.03487050
1532,40.50112256,38.55159674,42.03424297,40.26583582,37.61533481,42.03467203,39.43072856,36.27929110,42.03487050
1533,40.55406669,38.67360592,42.03424297,40.26812208,37.61533481,42.03467203,39.43473886,36.27929110,42.03487050
1534,40.57821983,38.67360592,42.03424297,40.27099048,37.61533481,42.03467203,39.43685546,36.27929110,42.03487050
1535,40.58250105,38.79440339,42.03424297,40.26664943,37.61533481,42.03467203,39.43740074,36.27929110,42.03487050
1536,40.59226903,38.79440339,42.03424297,40.26459896,37.61533481,42.03467203,39.43991635,36.27929110,42.03487050
1537,40.57849826,38.79440339,42.03424297,40.25794130,37.61533481,42.03467203,39.44046146,36.27929110,42.03487050
1538,40.60244256,38.79440339,42.03424297,40.26444062,37.61533481,42.03467203,39.44279102,36.27929110,42.03487050
1539,40.58070072,38.79440339,42.03424297,40.26795114,37.61533481,42.03467203,39.44436251,36.27929110,42.03487050
1540,40.59018306,38.79440339,42.03424297,40.27329353,37.61533481,42.03467203,39.44709459,36.27929110,42.03487050
1541,40.62231568,38.79440339,42.03424297,40.28217688,37.61533481,42.03467203,39.44902124,36.27929110,42.03487050
1542,40.59747802,38.79440339,42.03424297,40.28590091,37.61533481,42.03467203,39.45169047,36.27929110,42.03487050
1543,40.64154512,38.79440339,42.03424297,40.29334581,37.61533481,42.03467203,39.45592066,36.27929110,42.03487050
1544,40.68178624,38.79440339,42.03424297,40.30293222,37.61533481,42.03467203,39.45951596,36.27929110,42.03487050
1545,40.66978798,38.28108751,42.03424297,40.29725673,37.61533481,42.03467203,39.45997037,36.27929110,42.03487050
1546,40.70576968,38.28108751,42.03424297,40.30736477,37.61533481,42.03467203,39.46349131,36.27929110,42.03487050
1547,40.69730830,38.28108751,42.03424297,40.31087524,37.61533481,42.03467203,39.46344421,36.27929110,42.03487050
1548,40.73239313,38.28108751,42.03424297,40.31472523,37.61533481,42.03467203,39.46608980,36.27929110,42.03487050
1549,40.73145851,38.28108751,42.03424297,40.31951913,37.61533481,42.03467203,39.46858073,36.27929110,42.03487050
1550,40.74162790,38.28108751,42.03424297,40.32260072,37.61533481,42.03467203,39.47107680,36.27929110,42.03487050
1551,40.73147230,38.28108751,42.03424297,40.32313178,37.61533481,42.03467203,39.47241799,36.27929110,42.03487050
1552,40.74097649,38.28108751,42.03424297,40.32513385,37.61533481,42.03467203,39.47455979,36.27929110,42.03487050
1553,40.72600834,38.28108751,42.03424297,40.32403990,37.61533481,42.03467203,39.47523320,36.27929110,42.03487050
1554,40.72944185,38.28108751,42.03424297,40.32838547,37.61533481,42.03467203,39.47805682,36.27929110,42.03487050
1555,40.74486653,38.28108751,42.03424297,40.33003445,37.61533481,42.03467203,39.47986143,36.27929110,42.03487050
1556,40.75686335,38.28108751,42.03424297,40.32694269,37.61533481,42.03467203,39.48272937,36.27929110,42.03487050
1557,40.73000171,38.28108751,42.03424297,40.32473548,37.61533481,42.03467203,39.48407006,36.27929110,42.03487050
1558,40.70131133,38.28108751,42.03424297,40.32018442,37.61533481,42.03467203,39.48540465,36.27929110,42.03487050
1559,40.67573565,38.28108751,42.03424297,40.32037528,37.61533481,42.03467203,39.48718248,36.27929110,42.03487050
1560,40.65941924,38.28108751,42.03424297,40.32798899,37.61533481,42.03467203,39.49051936,36.27929110,42.03487050
1561,40.65346749,38.28108751,42.03424297,40.33398344,37.61533481,42.03467203,39.49385663,36.27929110,42.03487050
1562,40.67322109,38.28108751,42.03424297,40.33476574,37.61533481,42.03467203,39.49750147,36.27929110,42.03487050
1563,40.69161528,38.28108751,42.03424297,40.34066874,37.61533481,42.03467203,39.50181529,36.27929110,42.03487050
1564,40.69158661,38.28108751,42.03424297,40.33539138,37.61533481,42.03467203,39.50449619,36.27929110,42.03487050
1565,40.63158368,38.28108751,42.03424297,40.32306083,37.61533481,42.03467203,39.50444470,36.27929110,42.03487050
1566,40.61019188,38.28108751,42.03424297,40.32496206,37.61533481,42.03467203,39.50475905,36.27929110,42.03487050
1567,40.62056384,38.28108751,42.03424297,40.32609530,37.61533481,42.03467203,39.50455906,36.27929110,42.03487050
1568,40.64567346,38.28108751,42.03424297,40.33136920,37.61533481,42.03467203,39.50770704,36.27929110,42.03487050
1569,40.66020515,38.28108751,42.03424297,40.33374329,37.61533481,42.03467203,39.51053126,36.27929110,42.03487050
1570,40.69020155,38.28108751,42.03424297,40.33682634,37.61533481,42.03467203,39.51340751,36.27929110,42.03487050
1571,40.66340686,38.28108751,42.03424297,40.33649962,37.61533481,42.03467203,39.51501159,36.27929110,42.03487050
1572,40.65410529,38.28108751,42.03424297,40.33891419,37.61533481,42.03467203,39.51758473,36.27929110,42.03487050
1573,40.62896796,38.28108751,42.03424297,40.33319527,37.61533481,42.03467203,39.51992704,36.27929110,42.03487050
1574,40.62562471,38.28108751,42.03424297,40.34140676,37.61533481,42.03467203,39.52285728,36.27929110,42.03487050
1575,40.60768250,38.28108751,42.03424297,40.34877345,37.61533481,42.03467203,39.52563146,36.27929110,42.03487050
1576,40.56916348,38.10902754,42.03424297,40.34100694,37.61533481,42.03467203,39.52586791,36.27929110,42.03487050
1577,40.59829617,38.10902754,42.03424297,40.34186799,37.61533481,42.03467203,39.52948773,36.27929110,42.03487050
1578,40.61711204,38.10902754,42.03424297,40.35374311,37.61533481,42.03467203,39.53362015,36.27929110,42.03487050
1579,40.66853901,38.10902754,42.03499623,40.36427913,37.61533481,42.03499623,39.53711524,36.27929110,42.03499623
1580,40.60947353,38.10902754,42.03499623,40.36479624,37.61533481,42.03499623,39.53696016,36.27929110,42.03499623
1581,40.57433577,38.02721779,42.03499623,40.36377477,37.61533481,42.03499623,39.53639599,36.27929110,42.03499623
1582,40.57849821,38.02721779,42.03499623,40.36548312,37.61533481,42.03499623,39.53839877,36.27929110,42.03499623
1583,40.54257174,38.02721779,42.03499623,40.36574046,37.61533481,42.03499623,39.53940609,36.27929110,42.03499623
1584,40.50488354,38.02721779,42.03499623,40.36180644,37.61533481,42.03499623,39.54140953,36.27929110,42.03499623
1585,40.48233344,38.02721779,42.03499623,40.36284510,37.61533481,42.03499623,39.54355086,36.27929110,42.03499623
1586,40.45358666,38.02721779,42.03499623,40.36926724,37.82103223,42.03499623,39.54465560,36.27929110,42.03499623
1587,40.44177857,38.02721779,42.03499623,40.37572426,37.82103223,42.03499623,39.54826208,36.27929110,42.03499623
1588,40.43505603,38.02721779,42.03499623,40.37198251,37.82103223,42.03499623,39.55003930,36.27929110,42.03499623
1589,40.42871244,38.02721779,42.03499623,40.38270085,37.82103223,42.03499623,39.55227767,36.27929110,42.03499623
1590,40.44252307,38.02721779,42.03499623,40.38546185,37.82103223,42.03499623,39.55505614,36.27929110,42.03499623
1591,40.41394825,38.02721779,42.03499623,40.38342830,37.82103223,42.03499623,39.55639681,36.27929110,42.03499623
1592,40.42813953,38.02721779,42.03499623,40.39044875,37.82103223,42.03499623,39.55922222,36.27929110,42.03499623
1593,40.43321120,38.02721779,42.03499623,40.39796904,37.82103223,42.03499623,39.56266331,36.27929110,42.03499623
1594,40.41546695,38.02721779,42.03499623,40.39412339,37.82103223,42.03499623,39.56556625,36.27929110,42.03499623
1595,40.42785924,38.02721779,42.03499623,40.39251077,37.82103223,42.03499623,39.56736769,36.27929110,42.03499623
1596,40.44156578,38.02721779,42.03499623,40.39619575,37.82103223,42.03499623,39.56942171,36.27929110,42.03499623
1597,40.44062174,38.02721779,42.03499623,40.39778462,37.82103223,42.03499623,39.57075111,36.27929110,42.03499623
1598,40.44704671,38.02721779,42.03499623,40.40159954,37.82103223,42.03499623,39.57372722,36.27929110,42.03499623
1599,40.45477013,38.02721779,42.03499623,40.39469012,37.82103223,42.03499623,39.57555593,36.27929110,42.03499623
1600,40.42207468,38.02721779,42.03499623,40.39501644,37.82103223,42.03499623,39.57714254,36.27929110,42.03499623
1601,40.42213463,38.02721779,42.03654857,40.39811734,37.82103223,42.03654857,39.58058719,36.27929110,42.03654857
1602,40.44699196,38.02721779,42.03654857,40.40180320,37.82103223,42.03654857,39.58459321,36.27929110,42.03654857
1603,40.44917109,38.02721779,42.03654857,40.40676730,37.82103223,42.03654857,39.58757380,36.27929110,42.03654857
1604,40.44918818,38.02721779,42.03654857,40.41549954,37.82103223,42.03654857,39.59132428,36.27929110,42.03654857
1605,40.49819968,38.02721779,42.03654857,40.41442799,37.82103223,42.03654857,39.59503487,36.27929110,42.03654857
1606,40.46317044,38.02721779,42.03654857,40.41658947,37.82103223,42.03654857,39.59719748,36.27929110,42.03654857
1607,40.47398724,38.02721779,42.03654857,40.41980079,37.82103223,42.03654857,39.59797874,36.27929110,42.03654857
1608,40.46508824,38.02721779,42.03654857,40.42092971,37.82103223,42.03654857,39.60029557,36.27929110,42.03654857
1609,40.46346533,38.02721779,42.03654857,40.41547102,37.82103223,42.03654857,39.60173948,36.27929110,42.03654857
1610,40.48651780,38.02721779,42.03654857,40.42061600,37.82103223,42.03654857,39.60528532,36.27929110,42.03654857
1611,40.52667588,38.02721779,42.03654857,40.42487583,37.82103223,42.03654857,39.60954302,36.27929110,42.03654857
1612,40.53633971,38.02721779,42.03654857,40.42650425,37.82103223,42.03654857,39.61144269,36.27929110,42.03654857
1613,40.55600740,38.02721779,42.03654857,40.42909089,37.82103223,42.03654857,39.61262273,36.27929110,42.03654857
1614,40.54872630,38.02721779,42.03654857,40.43309493,37.82103223,42.03654857,39.61533208,36.27929110,42.03654857
1615,40.57105226,38.02721779,42.03654857,40.44049370,37.82103223,42.03654857,39.61816749,36.27929110,42.03654857
1616,40.56643983,38.02721779,42.03654857,40.44348934,37.82103223,42.03654857,39.62111950,36.27929110,42.03654857
1617,40.61429929,38.02721779,42.03654857,40.45119723,37.82103223,42.03654857,39.62419664,36.27929110,42.03654857
1618,40.65025463,38.02721779,42.03654857,40.46095636,37.82103223,42.03654857,39.62768900,36.27929110,42.03654857
1619,40.61609849,38.02721779,42.03654857,40.45234719,37.82103223,42.03654857,39.62857375,36.27929110,42.03654857
1620,40.60604140,38.02721779,42.03654857,40.45405752,37.82103223,42.03654857,39.62992121,36.27929110,42.03654857
1621,40.61640203,38.02721779,42.03654857,40.46255150,37.82103223,42.03654857,39.63469691,36.27929110,42.03654857
1622,40.60550091,38.02721779,42.03654857,40.46534934,37.82103223,42.03654857,39.63759026,36.27929110,42.03654857
1623,40.60552752,38.02721779,42.03654857,40.46653354,37.82103223,42.03654857,39.64185413,36.27929110,42.03654857
1624,40.63192925,38.02721779,42.03654857,40.46797534,37.82103223,42.03654857,39.64555496,36.27929110,42.03654857
1625,40.69357091,38.02721779,42.03654857,40.47215584,37.82103223,42.03654857,39.64832740,36.27929110,42.03654857
1626,40.69032281,38.02721779,42.03654857,40.47101110,37.82103223,42.03654857,39.64875437,36.27929110,42.03654857
1627,40.72359144,38.02721779,42.03654857,40.47837395,37.82103223,42.03654857,39.65250115,36.27929110,42.03654857
1628,40.68752256,38.02721779,42.03654857,40.46864485,37.82103223,42.03654857,39.65378863,36.27929110,42.03654857
1629,40.70040139,38.02721779,42.03654857,40.46985645,37.82103223,42.03654857,39.65738564,36.27929110,42.03654857
1630,40.71822229,38.02721779,42.03654857,40.47460435,37.82103223,42.03654857,39.66117085,36.27929110,42.03654857
1631,40.75312195,38.02721779,42.03654857,40.47717025,37.82103223,42.03654857,39.66610086,36.27929110,42.03654857
1632,40.75558705,38.02721779,42.03654857,40.48016191,37.82103223,42.03654857,39.66877036,36.27929110,42.03654857
1633,40.77793126,38.02721779,42.03654857,40.47908763,37.82103223,42.03654857,39.67224714,36.27929110,42.03654857
1634,40.77015105,38.02721779,42.03654857,40.48347814,37.82103223,42.03654857,39.67430054,36.27929110,42.03654857
1635,40.79158190,38.02721779,42.03654857,40.48657269,37.82103223,42.03654857,39.67695021,36.27929110,42.03654857
1636,40.78763856,37.87242695,42.03654857,40.48503370,37.82103223,42.03654857,39.67699596,36.27929110,42.03654857
1637,40.77584333,37.87242695,42.03654857,40.48558645,37.82103223,42.03654857,39.67967727,36.27929110,42.03654857
1638,40.76002502,37.87242695,42.03654857,40.48804902,37.82103223,42.03654857,39.68291214,36.27929110,42.03654857
1639,40.75998446,37.87242695,42.03654857,40.49113471,37.82103223,42.03654857,39.68758475,36.27929110,42.03654857
1640,40.81905242,37.87242695,42.03654857,40.49747766,37.82103223,42.03654857,39.69179614,36.27929110,42.03654857
1641,40.88581820,37.87242695,42.03654857,40.50724109,37.82103223,42.03654857,39.69498326,36.27929110,42.03654857
1642,40.88332110,37.87242695,42.03654857,40.51340030,37.82103223,42.03654857,39.69762554,36.27929110,42.03654857
1643,40.91531297,37.87242695,42.03654857,40.51064958,37.82103223,42.03654857,39.70073176,36.27929110,42.03654857
1644,40.94781155,37.87242695,42.03654857,40.51030165,37.82103223,42.03654857,39.70440276,36.27929110,42.03654857
1645,40.97037080,37.87242695,42.03654857,40.51510176,37.82103223,42.03654857,39.70728207,36.27929110,42.03654857
1646,40.99483745,37.87242695,42.03654857,40.51921171,37.82103223,42.03654857,39.70970066,36.27929110,42.03654857
1647,41.00233048,37.87242695,42.03654857,40.52141512,37.82103223,42.03654857,39.71149605,36.27929110,42.03654857
1648,41.00050762,37.87242695,42.03654857,40.52483226,37.82103223,42.03654857,39.71190505,36.27929110,42.03654857
1649,40.96798332,37.87242695,42.03654857,40.51740384,37.82103223,42.03654857,39.71383676,36.27929110,42.03654857
1650,40.99357590,37.87242695,42.03654857,40.52527947,37.82103223,42.03654857,39.71732888,36.27929110,42.03654857
1651,41.03115660,37.87242695,42.03654857,40.52853615,37.82103223,42.03654857,39.72118213,36.27929110,42.03654857
1652,41.03116691,37.87242695,42.03654857,40.53624765,37.82103223,42.03654857,39.72426581,36.27929110,42.03654857
1653,40.99184201,37.87242695,42.03654857,40.53402095,37.82103223,42.03654857,39.72421794,36.27929110,42.03654857
1654,40.99312706,37.87242695,42.03654857,40.53365728,37.82103223,42.03654857,39.72570781,36.27929110,42.03654857
1655,41.02811537,37.87242695,42.03654857,40.54345670,37.82103223,42.03654857,39.72981473,36.27929110,42.03654857
1656,41.05296176,37.87242695,42.03654857,40.54907702,37.82103223,42.03654857,39.73346263,36.27929110,42.03654857
1657,41.02984299,37.76894937,42.03654857,40.54633555,37.76894937,42.03654857,39.73325026,36.27929110,42.03654857
1658,40.99271630,37.76894937,42.03654857,40.54702248,37.76894937,42.03654857,39.73315225,36.27929110,42.03654857
1659,41.02294994,37.76894937,42.03654857,40.55779980,37.76894937,42.03654857,39.73587307,36.27929110,42.03654857
1660,41.04261775,37.76894937,42.03654857,40.55572709,37.76894937,42.03654857,39.73694907,36.27929110,42.03654857
1661,41.01130289,37.76894937,42.03570243,40.55939218,37.76894937,42.03654857,39.73861843,36.27929110,42.03654857
1662,40.99416295,37.76894937,42.03570243,40.56091385,37.76894937,42.03654857,39.74108292,36.27929110,42.03654857
1663,40.95999963,37.76894937,42.03570243,40.55408498,37.76894937,42.03654857,39.74278350,36.27929110,42.03654857
1664,40.93534629,37.76894937,42.03570243,40.54915479,37.76894937,42.03654857,39.74585023,36.27929110,42.03654857
1665,40.91718477,37.76894937,42.03570243,40.54385453,37.76894937,42.03654857,39.74692872,36.27929110,42.03654857
1666,40.95220837,37.76894937,42.03570243,40.55036226,37.76894937,42.03654857,39.75108965,36.27929110,42.03654857
1667,40.96662305,37.76894937,42.03570243,40.54986206,37.76894937,42.03654857,39.75432908,36.27929110,42.03654857
1668,40.94091266,37.76894937,42.03570243,40.54600372,37.76894937,42.03654857,39.75561699,36.27929110,42.03654857
1669,40.96822277,37.76894937,42.03570243,40.55720148,37.76894937,42.03654857,39.75910953,36.27929110,42.03654857
1670,40.96089861,37.76894937,42.03570243,40.55949815,37.76894937,42.03654857,39.76272855,36.27929110,42.03654857
1671,40.92158996,37.76894937,42.03570243,40.55883307,37.76894937,42.03654857,39.76468493,36.27929110,42.03654857
1672,40.91065148,37.76894937,42.03570243,40.56364626,37.76894937,42.03654857,39.76612272,36.27929110,42.03654857
1673,40.94324796,37.76894937,42.03570243,40.56581648,37.76894937,42.03654857,39.76916110,36.27929110,42.03654857
1674,40.94152412,37.76894937,42.03570243,40.56119510,37.76894937,42.03654857,39.77167523,36.27929110,42.03654857
1675,40.94696653,37.76894937,42.03570243,40.56949007,37.76894937,42.03654857,39.77401535,36.27929110,42.03654857
1676,40.93959067,37.76894937,42.03570243,40.57050073,37.76894937,42.03654857,39.77596578,36.27929110,42.03654857
1677,40.93959548,37.76894937,42.03570243,40.57507027,37.76894937,42.03654857,39.77812396,36.27929110,42.03654857
1678,40.93960936,37.76894937,42.03570243,40.57593281,37.76894937,42.03654857,39.78100047,36.27929110,42.03654857
1679,40.97366148,37.76894937,42.03570243,40.57541866,37.76894937,42.03654857,39.78212998,36.27929110,42.03654857
1680,41.00003053,37.76894937,42.03570243,40.57541533,37.76894937,42.03654857,39.78629051,36.27929110,42.03654857
1681,40.96168288,37.76894937,42.03570243,40.57819283,37.76894937,42.03654857,39.78753852,36.27929110,42.03654857
1682,40.97635131,37.76894937,42.03570243,40.58064941,37.76894937,42.03654857,39.79048998,36.27929110,42.03654857
1683,40.97635859,37.76894937,42.03570243,40.59321669,37.76894937,42.03654857,39.79398337,36.27929110,42.03654857
1684,40.97634547,37.76894937,42.03570243,40.60722142,37.76894937,42.03654857,39.79803575,36.27929110,42.03654857
1685,40.96189553,37.76894937,42.03570243,40.60587859,37.76894937,42.03654857,39.80104605,36.27929110,42.03654857
1686,40.94278306,37.76894937,42.03570243,40.60604739,37.76894937,42.03654857,39.79960752,36.27929110,42.03654857
1687,40.94884040,37.76894937,42.03570243,40.60894506,37.76894937,42.03654857,39.80392392,36.27929110,42.03654857
1688,40.99748972,37.76894937,42.03570243,40.61354761,37.76894937,42.03654857,39.80613361,36.27929110,42.03654857
1689,40.96429082,37.76894937,42.03570243,40.60690980,37.76894937,42.03654857,39.80762989,36.27929110,42.03654857
1690,40.97043619,37.76894937,42.03570243,40.60793977,37.76894937,42.03654857,39.81178382,36.27929110,42.03654857
1691,40.92164813,37.76894937,42.03570243,40.60015024,37.76894937,42.03654857,39.81239995,36.27929110,42.03654857
1692,40.94738396,37.76894937,42.03570243,40.60144629,37.76894937,42.03654857,39.81517485,36.27929110,42.03654857
1693,40.92983202,37.76894937,42.03570243,40.60353778,37.76894937,42.03654857,39.81770206,36.27929110,42.03654857
1694,40.91965704,37.76894937,42.03570243,40.60693817,37.76894937,42.03654857,39.81909340,36.27929110,42.03654857
1695,40.91962822,37.76894937,42.03479143,40.61139675,37.76894937,42.03654857,39.82232974,36.27929110,42.03654857
1696,40.97353605,37.76894937,42.03479143,40.61567723,37.76894937,42.03654857,39.82556405,36.27929110,42.03654857
1697,40.96997658,37.76894937,42.03479143,40.61260943,37.76894937,42.03654857,39.82880267,36.27929110,42.03654857
1698,40.98626196,37.76894937,42.03479143,40.62031867,37.76894937,42.03654857,39.83270822,36.27929110,42.03654857
1699,40.23063318,-3.30516417,42.03479143,40.47150554,-3.30516417,42.03654857,39.79106888,-3.30516417,42.03654857
1700,40.23063391,-3.30516417,42.03479143,40.47425034,-3.30516417,42.03654857,39.79543498,-3.30516417,42.03654857
1701,40.23064672,-3.30516417,42.03479143,40.47425752,-3.30516417,42.03654857,39.79880136,-3.30516417,42.03654857
1702,40.22641220,-3.30516417,42.03479143,40.47886208,-3.30516417,42.03654857,39.80219689,-3.30516417,42.03654857
1703,40.20842069,-3.30516417,42.03479143,40.47286774,-3.30516417,42.03654857,39.80399319,-3.30516417,42.03654857
1704,40.16678170,-3.30516417,42.03479143,40.46897350,-3.30516417,42.03654857,39.80488403,-3.30516417,42.03654857
1705,40.14275385,-3.30516417,42.03468390,40.47222823,-3.30516417,42.03654857,39.80698837,-3.30516417,42.03654857
1706,40.15979677,-3.30516417,42.03468390,40.47991340,-3.30516417,42.03654857,39.81130298,-3.30516417,42.03654857
1707,40.14406273,-3.30516417,42.03468390,40.47915748,-3.30516417,42.03654857,39.81297635,-3.30516417,42.03654857
1708,40.15900071,-3.30516417,42.03468390,40.47938115,-3.30516417,42.03654857,39.81548893,-3.30516417,42.03654857
1709,40.18124194,-3.30516417,42.03468390,40.48930846,-3.30516417,42.03654857,39.81713825,-3.30516417,42.03654857
1710,40.18130111,-3.30516417,42.03551449,40.48981494,-3.30516417,42.03654857,39.82114089,-3.30516417,42.03654857
1711,40.18130986,-3.30516417,42.03551449,40.50163315,-3.30516417,42.03654857,39.82381188,-3.30516417,42.03654857
1712,39.39295428,-5.26714883,42.03551449,40.34874614,-5.26714883,42.03654857,39.78056906,-5.26714883,42.03654857
1713,39.42797477,-5.26714883,42.03551449,40.35701002,-5.26714883,42.03654857,39.78308414,-5.26714883,42.03654857
1714,39.45282291,-5.26714883,42.03551449,40.36162073,-5.26714883,42.03654857,39.78683523,-5.26714883,42.03654857
1715,39.45719495,-5.26714883,42.03563768,40.36486852,-5.26714883,42.03654857,39.79171716,-5.26714883,42.03654857
1716,39.44021342,-5.26714883,42.03563768,40.37121529,-5.26714883,42.03654857,39.79460439,-5.26714883,42.03654857
1717,39.50869489,-5.26714883,42.03563768,40.37395536,-5.26714883,42.03654857,39.79876429,-5.26714883,42.03654857
1718,39.53354081,-5.26714883,42.03563768,40.37877100,-5.26714883,42.03654857,39.80246863,-5.26714883,42.03654857
1719,39.54048926,-5.26714883,42.03563768,40.38871531,-5.26714883,42.03654857,39.80606102,-5.26714883,42.03654857
1720,39.56275586,-5.26714883,42.03563768,40.38888756,-5.26714883,42.03654857,39.80862763,-5.26714883,42.03654857
1721,39.58883370,-5.26714883,42.03563768,40.39299318,-5.26714883,42.03654857,39.81057749,-5.26714883,42.03654857
1722,39.60608299,-5.26714883,42.03980635,40.39516181,-5.26714883,42.03980635,39.81412851,-5.26714883,42.03980635
1723,39.62010592,-5.26714883,42.03980635,40.39848043,-5.26714883,42.03980635,39.81592785,-5.26714883,42.03980635
1724,39.64478897,-5.26714883,42.03980635,40.40003649,-5.26714883,42.03980635,39.81942288,-5.26714883,42.03980635
1725,38.87012376,-6.34782665,42.03980635,40.24200687,-6.34782665,42.03980635,39.77453469,-6.34782665,42.03980635
1726,38.85850879,-6.34782665,42.03980635,40.24885115,-6.34782665,42.03980635,39.77758870,-6.34782665,42.03980635
1727,38.87556771,-6.34782665,42.03980635,40.25211316,-6.34782665,42.03980635,39.77949189,-6.34782665,42.03980635
1728,38.90205855,-6.34782665,42.03980635,40.24937544,-6.34782665,42.03980635,39.78188022,-6.34782665,42.03980635
1729,38.90211378,-6.34782665,42.03980635,40.25897611,-6.34782665,42.03980635,39.78614656,-6.34782665,42.03980635
1730,38.90945141,-6.34782665,42.03980635,40.26410431,-6.34782665,42.03980635,39.78979581,-6.34782665,42.03980635
1731,38.11542523,-7.96725294,42.03980635,40.10368897,-7.96725294,42.03980635,39.74344329,-7.96725294,42.03980635
1732,38.14700763,-7.96725294,42.03980635,40.11218583,-7.96725294,42.03980635,39.74529245,-7.96725294,42.03980635
1733,38.15375585,-7.96725294,42.03980635,40.12416175,-7.96725294,42.03980635,39.74940350,-7.96725294,42.03980635
1734,38.14092155,-7.96725294,42.03980635,40.11645067,-7.96725294,42.03980635,39.75009443,-7.96725294,42.03980635
1735,38.14731853,-7.96725294,42.03980635,40.12104067,-7.96725294,42.03980635,39.75415283,-7.96725294,42.03980635
1736,38.14729814,-7.96725294,42.03980635,40.12212662,-7.96725294,42.03980635,39.75605044,-7.96725294,42.03980635
1737,38.14731261,-7.96725294,42.03980635,40.12709892,-7.96725294,42.03980635,39.76054619,-7.96725294,42.03980635
1738,37.31399557,-7.96725294,42.03980635,39.96070310,-7.96725294,42.03980635,39.71347571,-7.96725294,42.03980635
1739,36.54440133,-7.96725294,42.03980635,39.81123610,-7.96725294,42.03980635,39.66801939,-7.96725294,42.03980635
1740,36.54439251,-7.96725294,42.03980635,39.81209423,-7.96725294,42.03980635,39.67079368,-7.96725294,42.03980635
1741,35.82697389,-7.96725294,42.03980635,39.66763129,-7.96725294,42.03980635,39.62920275,-7.96725294,42.03980635
1742,35.82912777,-7.96725294,42.03980635,39.67675029,-7.96725294,42.03980635,39.63155848,-7.96725294,42.03980635
1743,35.80082394,-7.96725294,42.03980635,39.68068365,-7.96725294,42.03980635,39.63350884,-7.96725294,42.03980635
1744,35.80082491,-7.96725294,42.03980635,39.68478401,-7.96725294,42.03980635,39.63700224,-7.96725294,42.03980635
1745,35.81534615,-7.96725294,42.03980635,39.68479455,-7.96725294,42.03980635,39.64044735,-7.96725294,42.03980635
1746,35.86337818,-7.96725294,42.03980635,39.68327277,-7.96725294,42.03980635,39.64171092,-7.96725294,42.03980635
1747,35.86338792,-7.96725294,42.03980635,39.69150496,-7.96725294,42.03980635,39.64448621,-7.96725294,42.03980635
1748,35.86344600,-7.96725294,42.03980635,39.70160031,-7.96725294,42.03980635,39.64746978,-7.96725294,42.03980635
1749,35.89665435,-7.96725294,42.03980635,39.71391875,-7.96725294,42.03980635,39.65091272,-7.96725294,42.03980635
1750,35.88238336,-7.96725294,42.03980635,39.71286510,-7.96725294,42.03980635,39.65221376,-7.96725294,42.03980635
1751,35.88918608,-7.96725294,42.03980635,39.71037060,-7.96725294,42.03980635,39.65477928,-7.96725294,42.03980635
1752,35.13104083,-7.96725294,42.03980635,39.56290590,-7.96725294,42.03980635,39.61293999,-7.96725294,42.03980635
1753,35.15485173,-7.96725294,42.03980635,39.56837404,-7.96725294,42.03980635,39.61730777,-7.96725294,42.03980635
1754,35.11892625,-7.96725294,42.03980635,39.55675600,-7.96725294,42.03980635,39.61680182,-7.96725294,42.03980635
1755,35.11890795,-7.96725294,42.03980635,39.56394890,-7.96725294,42.03980635,39.62029485,-7.96725294,42.03980635
1756,35.13435661,-7.96725294,42.03980635,39.56395443,-7.96725294,42.03980635,39.62371266,-7.96725294,42.03980635
1757,34.31806401,-7.96945420,42.03980635,39.40190503,-7.96945420,42.03980635,39.57735800,-7.96945420,42.03980635
1758,34.25725099,-7.96945420,42.03980635,39.39453997,-7.96945420,42.03980635,39.57668363,-7.96945420,42.03980635
1759,35.00303362,-7.96945420,42.03980635,39.39326002,-7.96945420,42.03980635,39.57886620,-7.96945420,42.03980635
1760,35.00301989,-7.96945420,42.03980635,39.40019397,-7.96945420,42.03980635,39.58287063,-7.96945420,42.03980635
1761,35.00299606,-7.96945420,42.03980635,39.40241871,-7.96945420,42.03980635,39.58548991,-7.96945420,42.03980635
1762,35.02694432,-7.96945420,42.03980635,39.41057374,-7.96945420,42.03980635,39.58713970,-7.96945420,42.03980635
1763,35.05870441,-7.96945420,42.03980635,39.41426366,-7.96945420,42.03980635,39.58924816,-7.96945420,42.03980635
1764,35.10551918,-7.96945420,42.03980635,39.42047991,-7.96945420,42.03980635,39.59266503,-7.96945420,42.03980635
1765,35.12960434,-7.96945420,42.03980635,39.42307009,-7.96945420,42.03980635,39.59559873,-7.96945420,42.03980635
1766,35.12229904,-7.96945420,42.03980635,39.42859119,-7.96945420,42.03980635,39.59952657,-7.96945420,42.03980635
1767,35.15186173,-7.96945420,42.03980635,39.43287131,-7.96945420,42.03980635,39.60318034,-7.96945420,42.03980635
1768,35.16012281,-7.96945420,42.03980635,39.43921995,-7.96945420,42.03980635,39.60469885,-7.96945420,42.03980635
1769,35.17038754,-7.96945420,42.03980635,39.44103546,-7.96945420,42.03980635,39.60811936,-7.96945420,42.03980635
1770,35.16786211,-7.96945420,42.03980635,39.44489252,-7.96945420,42.03980635,39.60940911,-7.96945420,42.03980635
1771,35.10792009,-7.96945420,42.03980635,39.43984316,-7.96945420,42.03980635,39.60830336,-7.96945420,42.03980635
1772,35.89625030,-7.96945420,42.03980635,39.44992671,-7.96945420,42.03980635,39.61199665,-7.96945420,42.03980635
1773,35.90057303,-7.96945420,42.03980635,39.46153354,-7.96945420,42.03980635,39.61641502,-7.96945420,42.03980635
1774,35.86709657,-7.96945420,42.03980635,39.46134666,-7.96945420,42.03980635,39.61672050,-7.96945420,42.03980635
1775,35.86105199,-7.96945420,42.03980635,39.47134452,-7.96945420,42.03980635,39.61990516,-7.96945420,42.03980635
1776,35.87802389,-7.96945420,42.03980635,39.48100678,-7.96945420,42.03980635,39.62342521,-7.96945420,42.03980635
1777,35.88062258,-7.96945420,42.03980635,39.48765609,-7.96945420,42.03980635,39.62630340,-7.96945420,42.03980635
1778,35.90283804,-7.96945420,42.03980635,39.49571688,-7.96945420,42.03980635,39.62862008,-7.96945420,42.03980635
1779,35.90281099,-7.96945420,42.03980635,39.50034421,-7.96945420,42.03980635,39.63206186,-7.96945420,42.03980635
1780,35.90710230,-7.96945420,42.03980635,39.50494673,-7.96945420,42.03980635,39.63493838,-7.96945420,42.03980635
1781,35.87478094,-7.96945420,42.03980635,39.50387357,-7.96945420,42.03980635,39.63638777,-7.96945420,42.03980635
1782,35.82210660,-7.96945420,42.03822967,39.49336450,-7.96945420,42.03980635,39.63749712,-7.96945420,42.03980635
1783,35.84222831,-7.96945420,42.03822967,39.50261001,-7.96945420,42.03980635,39.64186258,-7.96945420,42.03980635
