============================================================
  Experiment Configuration
============================================================
  Device:       cuda
  Batch Size:   16
  Max Length:   128
  N Bootstrap:  100
  Results Dir:  experiment_results
============================================================

============================================================
  [1/5] Supplementary Test 1: Single-Layer Degradation
============================================================
/var/tmp/root-home/miniconda3/envs/llm_ist/lib/python3.10/site-packages/transformers/utils/generic.py:441: FutureWarning: `torch.utils._pytree._register_pytree_node` is deprecated. Please use `torch.utils._pytree.register_pytree_node` instead.
  _torch_pytree._register_pytree_node(
/var/tmp/root-home/miniconda3/envs/llm_ist/lib/python3.10/site-packages/transformers/utils/generic.py:309: FutureWarning: `torch.utils._pytree._register_pytree_node` is deprecated. Please use `torch.utils._pytree.register_pytree_node` instead.
  _torch_pytree._register_pytree_node(
/var/tmp/root-home/miniconda3/envs/llm_ist/lib/python3.10/site-packages/transformers/utils/generic.py:309: FutureWarning: `torch.utils._pytree._register_pytree_node` is deprecated. Please use `torch.utils._pytree.register_pytree_node` instead.
  _torch_pytree._register_pytree_node(

============================================================
  Single-Layer Degradation: SST2
============================================================
/var/tmp/root-home/miniconda3/envs/llm_ist/lib/python3.10/site-packages/huggingface_hub/file_download.py:942: FutureWarning: `resume_download` is deprecated and will be removed in version 1.0.0. Downloads always resume when possible. If you want to force a new download, use `force_download=True`.
  warnings.warn(
已完全恢复原始模型状态
已替换 12 层的GELU函数
已替换 12 层的Softmax函数
You're using a BertTokenizerFast tokenizer. Please note that with a fast tokenizer, using the `__call__` method is faster than using a method to encode the text followed by a call to the `pad` method to get a padded encoding.
  Baseline: {'accuracy': 0.9231651376146789}
已完全恢复原始模型状态
已替换 1 层的GELU函数
已替换 11 层的GELU函数
已替换 12 层的Softmax函数
  GELU Layer 0 -> 1: 0.9232
已完全恢复原始模型状态
已替换 1 层的GELU函数
已替换 11 层的GELU函数
已替换 12 层的Softmax函数
  GELU Layer 1 -> 1: 0.9266
已完全恢复原始模型状态
已替换 1 层的GELU函数
已替换 11 层的GELU函数
已替换 12 层的Softmax函数
  GELU Layer 2 -> 1: 0.9243
已完全恢复原始模型状态
已替换 1 层的GELU函数
已替换 11 层的GELU函数
已替换 12 层的Softmax函数
  GELU Layer 3 -> 1: 0.9220
已完全恢复原始模型状态
已替换 1 层的GELU函数
已替换 11 层的GELU函数
已替换 12 层的Softmax函数
  GELU Layer 4 -> 1: 0.9243
已完全恢复原始模型状态
已替换 1 层的GELU函数
已替换 11 层的GELU函数
已替换 12 层的Softmax函数
  GELU Layer 5 -> 1: 0.9232
已完全恢复原始模型状态
已替换 1 层的GELU函数
已替换 11 层的GELU函数
已替换 12 层的Softmax函数
  GELU Layer 6 -> 1: 0.9232
已完全恢复原始模型状态
已替换 1 层的GELU函数
已替换 11 层的GELU函数
已替换 12 层的Softmax函数
  GELU Layer 7 -> 1: 0.9220
已完全恢复原始模型状态
已替换 1 层的GELU函数
已替换 11 层的GELU函数
已替换 12 层的Softmax函数
  GELU Layer 8 -> 1: 0.9243
已完全恢复原始模型状态
已替换 1 层的GELU函数
已替换 11 层的GELU函数
已替换 12 层的Softmax函数
  GELU Layer 9 -> 1: 0.9243
已完全恢复原始模型状态
已替换 1 层的GELU函数
已替换 11 层的GELU函数
已替换 12 层的Softmax函数
  GELU Layer 10 -> 1: 0.9243
已完全恢复原始模型状态
已替换 1 层的GELU函数
已替换 11 层的GELU函数
已替换 12 层的Softmax函数
  GELU Layer 11 -> 1: 0.9232
已完全恢复原始模型状态
已替换 12 层的GELU函数
已替换 1 层的Softmax函数
已替换 11 层的Softmax函数
  Softmax Layer 0 -> 2: 0.9220
已完全恢复原始模型状态
已替换 12 层的GELU函数
已替换 1 层的Softmax函数
已替换 11 层的Softmax函数
  Softmax Layer 1 -> 2: 0.9232
已完全恢复原始模型状态
已替换 12 层的GELU函数
已替换 1 层的Softmax函数
已替换 11 层的Softmax函数
  Softmax Layer 2 -> 2: 0.9243
已完全恢复原始模型状态
已替换 12 层的GELU函数
已替换 1 层的Softmax函数
已替换 11 层的Softmax函数
  Softmax Layer 3 -> 2: 0.9220
已完全恢复原始模型状态
已替换 12 层的GELU函数
已替换 1 层的Softmax函数
已替换 11 层的Softmax函数
  Softmax Layer 4 -> 2: 0.9209
已完全恢复原始模型状态
已替换 12 层的GELU函数
已替换 1 层的Softmax函数
已替换 11 层的Softmax函数
  Softmax Layer 5 -> 2: 0.9232
已完全恢复原始模型状态
已替换 12 层的GELU函数
已替换 1 层的Softmax函数
已替换 11 层的Softmax函数
  Softmax Layer 6 -> 2: 0.9220
已完全恢复原始模型状态
已替换 12 层的GELU函数
已替换 1 层的Softmax函数
已替换 11 层的Softmax函数
  Softmax Layer 7 -> 2: 0.9209
已完全恢复原始模型状态
已替换 12 层的GELU函数
已替换 1 层的Softmax函数
已替换 11 层的Softmax函数
  Softmax Layer 8 -> 2: 0.9232
已完全恢复原始模型状态
已替换 12 层的GELU函数
已替换 1 层的Softmax函数
已替换 11 层的Softmax函数
  Softmax Layer 9 -> 2: 0.9232
已完全恢复原始模型状态
已替换 12 层的GELU函数
已替换 1 层的Softmax函数
已替换 11 层的Softmax函数
  Softmax Layer 10 -> 2: 0.9232
已完全恢复原始模型状态
已替换 12 层的GELU函数
已替换 1 层的Softmax函数
已替换 11 层的Softmax函数
  Softmax Layer 11 -> 2: 0.9232
  Saved: experiment_results/single_layer/single_layer_degradation_sst2.png

============================================================
  Single-Layer Degradation: COLA
============================================================
/var/tmp/root-home/miniconda3/envs/llm_ist/lib/python3.10/site-packages/huggingface_hub/file_download.py:942: FutureWarning: `resume_download` is deprecated and will be removed in version 1.0.0. Downloads always resume when possible. If you want to force a new download, use `force_download=True`.
  warnings.warn(
已完全恢复原始模型状态
已替换 12 层的GELU函数
已替换 12 层的Softmax函数
You're using a BertTokenizerFast tokenizer. Please note that with a fast tokenizer, using the `__call__` method is faster than using a method to encode the text followed by a call to the `pad` method to get a padded encoding.
  Baseline: {'mcc': 0.5365723103616664}
已完全恢复原始模型状态
已替换 1 层的GELU函数
已替换 11 层的GELU函数
已替换 12 层的Softmax函数
  GELU Layer 0 -> 1: 0.5392
已完全恢复原始模型状态
已替换 1 层的GELU函数
已替换 11 层的GELU函数
已替换 12 层的Softmax函数
  GELU Layer 1 -> 1: 0.5443
已完全恢复原始模型状态
已替换 1 层的GELU函数
已替换 11 层的GELU函数
已替换 12 层的Softmax函数
  GELU Layer 2 -> 1: 0.5366
已完全恢复原始模型状态
已替换 1 层的GELU函数
已替换 11 层的GELU函数
已替换 12 层的Softmax函数
  GELU Layer 3 -> 1: 0.5443
已完全恢复原始模型状态
已替换 1 层的GELU函数
已替换 11 层的GELU函数
已替换 12 层的Softmax函数
  GELU Layer 4 -> 1: 0.5339
已完全恢复原始模型状态
已替换 1 层的GELU函数
已替换 11 层的GELU函数
已替换 12 层的Softmax函数
  GELU Layer 5 -> 1: 0.5371
已完全恢复原始模型状态
已替换 1 层的GELU函数
已替换 11 层的GELU函数
已替换 12 层的Softmax函数
  GELU Layer 6 -> 1: 0.5313
已完全恢复原始模型状态
已替换 1 层的GELU函数
已替换 11 层的GELU函数
已替换 12 层的Softmax函数
  GELU Layer 7 -> 1: 0.5419
已完全恢复原始模型状态
已替换 1 层的GELU函数
已替换 11 层的GELU函数
已替换 12 层的Softmax函数
  GELU Layer 8 -> 1: 0.5366
已完全恢复原始模型状态
已替换 1 层的GELU函数
已替换 11 层的GELU函数
已替换 12 层的Softmax函数
  GELU Layer 9 -> 1: 0.5366
已完全恢复原始模型状态
已替换 1 层的GELU函数
已替换 11 层的GELU函数
已替换 12 层的Softmax函数
  GELU Layer 10 -> 1: 0.5339
已完全恢复原始模型状态
已替换 1 层的GELU函数
已替换 11 层的GELU函数
已替换 12 层的Softmax函数
  GELU Layer 11 -> 1: 0.5339
已完全恢复原始模型状态
已替换 12 层的GELU函数
已替换 1 层的Softmax函数
已替换 11 层的Softmax函数
  Softmax Layer 0 -> 2: 0.5391
已完全恢复原始模型状态
已替换 12 层的GELU函数
已替换 1 层的Softmax函数
已替换 11 层的Softmax函数
  Softmax Layer 1 -> 2: 0.5286
已完全恢复原始模型状态
已替换 12 层的GELU函数
已替换 1 层的Softmax函数
已替换 11 层的Softmax函数
  Softmax Layer 2 -> 2: 0.5312
已完全恢复原始模型状态
已替换 12 层的GELU函数
已替换 1 层的Softmax函数
已替换 11 层的Softmax函数
  Softmax Layer 3 -> 2: 0.5391
已完全恢复原始模型状态
已替换 12 层的GELU函数
已替换 1 层的Softmax函数
已替换 11 层的Softmax函数
  Softmax Layer 4 -> 2: 0.5469
已完全恢复原始模型状态
已替换 12 层的GELU函数
已替换 1 层的Softmax函数
已替换 11 层的Softmax函数
  Softmax Layer 5 -> 2: 0.5314
已完全恢复原始模型状态
已替换 12 层的GELU函数
已替换 1 层的Softmax函数
已替换 11 层的Softmax函数
  Softmax Layer 6 -> 2: 0.5345
已完全恢复原始模型状态
已替换 12 层的GELU函数
已替换 1 层的Softmax函数
已替换 11 层的Softmax函数
  Softmax Layer 7 -> 2: 0.5340
已完全恢复原始模型状态
已替换 12 层的GELU函数
已替换 1 层的Softmax函数
已替换 11 层的Softmax函数
  Softmax Layer 8 -> 2: 0.5338
已完全恢复原始模型状态
已替换 12 层的GELU函数
已替换 1 层的Softmax函数
已替换 11 层的Softmax函数
  Softmax Layer 9 -> 2: 0.5339
已完全恢复原始模型状态
已替换 12 层的GELU函数
已替换 1 层的Softmax函数
已替换 11 层的Softmax函数
  Softmax Layer 10 -> 2: 0.5393
已完全恢复原始模型状态
已替换 12 层的GELU函数
已替换 1 层的Softmax函数
已替换 11 层的Softmax函数
  Softmax Layer 11 -> 2: 0.5366
  Saved: experiment_results/single_layer/single_layer_degradation_cola.png

============================================================
  Single-Layer Degradation: MRPC
============================================================
/var/tmp/root-home/miniconda3/envs/llm_ist/lib/python3.10/site-packages/huggingface_hub/file_download.py:942: FutureWarning: `resume_download` is deprecated and will be removed in version 1.0.0. Downloads always resume when possible. If you want to force a new download, use `force_download=True`.
  warnings.warn(
已完全恢复原始模型状态
已替换 12 层的GELU函数
已替换 12 层的Softmax函数
You're using a BertTokenizerFast tokenizer. Please note that with a fast tokenizer, using the `__call__` method is faster than using a method to encode the text followed by a call to the `pad` method to get a padded encoding.
  Baseline: {'accuracy': 0.8799019607843137, 'f1': 0.8774415001432649}
已完全恢复原始模型状态
已替换 1 层的GELU函数
已替换 11 层的GELU函数
已替换 12 层的Softmax函数
  GELU Layer 0 -> 1: 0.8824
已完全恢复原始模型状态
已替换 1 层的GELU函数
已替换 11 层的GELU函数
已替换 12 层的Softmax函数
  GELU Layer 1 -> 1: 0.8725
已完全恢复原始模型状态
已替换 1 层的GELU函数
已替换 11 层的GELU函数
已替换 12 层的Softmax函数
  GELU Layer 2 -> 1: 0.8775
已完全恢复原始模型状态
已替换 1 层的GELU函数
已替换 11 层的GELU函数
已替换 12 层的Softmax函数
  GELU Layer 3 -> 1: 0.8775
已完全恢复原始模型状态
已替换 1 层的GELU函数
已替换 11 层的GELU函数
已替换 12 层的Softmax函数
  GELU Layer 4 -> 1: 0.8824
已完全恢复原始模型状态
已替换 1 层的GELU函数
已替换 11 层的GELU函数
已替换 12 层的Softmax函数
  GELU Layer 5 -> 1: 0.8824
已完全恢复原始模型状态
已替换 1 层的GELU函数
已替换 11 层的GELU函数
已替换 12 层的Softmax函数
  GELU Layer 6 -> 1: 0.8824
已完全恢复原始模型状态
已替换 1 层的GELU函数
已替换 11 层的GELU函数
已替换 12 层的Softmax函数
  GELU Layer 7 -> 1: 0.8799
已完全恢复原始模型状态
已替换 1 层的GELU函数
已替换 11 层的GELU函数
已替换 12 层的Softmax函数
  GELU Layer 8 -> 1: 0.8701
已完全恢复原始模型状态
已替换 1 层的GELU函数
已替换 11 层的GELU函数
已替换 12 层的Softmax函数
  GELU Layer 9 -> 1: 0.8848
已完全恢复原始模型状态
已替换 1 层的GELU函数
已替换 11 层的GELU函数
已替换 12 层的Softmax函数
  GELU Layer 10 -> 1: 0.8873
已完全恢复原始模型状态
已替换 1 层的GELU函数
已替换 11 层的GELU函数
已替换 12 层的Softmax函数
  GELU Layer 11 -> 1: 0.8824
已完全恢复原始模型状态
已替换 12 层的GELU函数
已替换 1 层的Softmax函数
已替换 11 层的Softmax函数
  Softmax Layer 0 -> 2: 0.8848
已完全恢复原始模型状态
已替换 12 层的GELU函数
已替换 1 层的Softmax函数
已替换 11 层的Softmax函数
  Softmax Layer 1 -> 2: 0.8824
已完全恢复原始模型状态
已替换 12 层的GELU函数
已替换 1 层的Softmax函数
已替换 11 层的Softmax函数
  Softmax Layer 2 -> 2: 0.8750
已完全恢复原始模型状态
已替换 12 层的GELU函数
已替换 1 层的Softmax函数
已替换 11 层的Softmax函数
  Softmax Layer 3 -> 2: 0.8775
已完全恢复原始模型状态
已替换 12 层的GELU函数
已替换 1 层的Softmax函数
已替换 11 层的Softmax函数
  Softmax Layer 4 -> 2: 0.8701
已完全恢复原始模型状态
已替换 12 层的GELU函数
已替换 1 层的Softmax函数
已替换 11 层的Softmax函数
  Softmax Layer 5 -> 2: 0.8701
已完全恢复原始模型状态
已替换 12 层的GELU函数
已替换 1 层的Softmax函数
已替换 11 层的Softmax函数
  Softmax Layer 6 -> 2: 0.8799
已完全恢复原始模型状态
已替换 12 层的GELU函数
已替换 1 层的Softmax函数
已替换 11 层的Softmax函数
  Softmax Layer 7 -> 2: 0.8848
已完全恢复原始模型状态
已替换 12 层的GELU函数
已替换 1 层的Softmax函数
已替换 11 层的Softmax函数
  Softmax Layer 8 -> 2: 0.8775
已完全恢复原始模型状态
已替换 12 层的GELU函数
已替换 1 层的Softmax函数
已替换 11 层的Softmax函数
  Softmax Layer 9 -> 2: 0.8750
已完全恢复原始模型状态
已替换 12 层的GELU函数
已替换 1 层的Softmax函数
已替换 11 层的Softmax函数
  Softmax Layer 10 -> 2: 0.8775
已完全恢复原始模型状态
已替换 12 层的GELU函数
已替换 1 层的Softmax函数
已替换 11 层的Softmax函数
  Softmax Layer 11 -> 2: 0.8775
  Saved: experiment_results/single_layer/single_layer_degradation_mrpc.png

============================================================
  Single-Layer Degradation: STSB
============================================================
/var/tmp/root-home/miniconda3/envs/llm_ist/lib/python3.10/site-packages/huggingface_hub/file_download.py:942: FutureWarning: `resume_download` is deprecated and will be removed in version 1.0.0. Downloads always resume when possible. If you want to force a new download, use `force_download=True`.
  warnings.warn(
Map:   0%|          | 0/1500 [00:00<?, ? examples/s]Map: 100%|██████████| 1500/1500 [00:00<00:00, 44264.88 examples/s]
已完全恢复原始模型状态
已替换 12 层的GELU函数
已替换 12 层的Softmax函数
You're using a BertTokenizerFast tokenizer. Please note that with a fast tokenizer, using the `__call__` method is faster than using a method to encode the text followed by a call to the `pad` method to get a padded encoding.
  Baseline: {'pearson': 0.8802588741356349, 'spearman': 0.8760719472242406}
已完全恢复原始模型状态
已替换 1 层的GELU函数
已替换 11 层的GELU函数
已替换 12 层的Softmax函数
  GELU Layer 0 -> 1: 0.8800
已完全恢复原始模型状态
已替换 1 层的GELU函数
已替换 11 层的GELU函数
已替换 12 层的Softmax函数
  GELU Layer 1 -> 1: 0.8789
已完全恢复原始模型状态
已替换 1 层的GELU函数
已替换 11 层的GELU函数
已替换 12 层的Softmax函数
  GELU Layer 2 -> 1: 0.8792
已完全恢复原始模型状态
已替换 1 层的GELU函数
已替换 11 层的GELU函数
已替换 12 层的Softmax函数
  GELU Layer 3 -> 1: 0.8799
已完全恢复原始模型状态
已替换 1 层的GELU函数
已替换 11 层的GELU函数
已替换 12 层的Softmax函数
  GELU Layer 4 -> 1: 0.8803
已完全恢复原始模型状态
已替换 1 层的GELU函数
已替换 11 层的GELU函数
已替换 12 层的Softmax函数
  GELU Layer 5 -> 1: 0.8802
已完全恢复原始模型状态
已替换 1 层的GELU函数
已替换 11 层的GELU函数
已替换 12 层的Softmax函数
  GELU Layer 6 -> 1: 0.8800
已完全恢复原始模型状态
已替换 1 层的GELU函数
已替换 11 层的GELU函数
已替换 12 层的Softmax函数
  GELU Layer 7 -> 1: 0.8801
已完全恢复原始模型状态
已替换 1 层的GELU函数
已替换 11 层的GELU函数
已替换 12 层的Softmax函数
  GELU Layer 8 -> 1: 0.8797
已完全恢复原始模型状态
已替换 1 层的GELU函数
已替换 11 层的GELU函数
已替换 12 层的Softmax函数
  GELU Layer 9 -> 1: 0.8804
已完全恢复原始模型状态
已替换 1 层的GELU函数
已替换 11 层的GELU函数
已替换 12 层的Softmax函数
  GELU Layer 10 -> 1: 0.8799
已完全恢复原始模型状态
已替换 1 层的GELU函数
已替换 11 层的GELU函数
已替换 12 层的Softmax函数
  GELU Layer 11 -> 1: 0.8799
已完全恢复原始模型状态
已替换 12 层的GELU函数
已替换 1 层的Softmax函数
已替换 11 层的Softmax函数
  Softmax Layer 0 -> 2: 0.8806
已完全恢复原始模型状态
已替换 12 层的GELU函数
已替换 1 层的Softmax函数
已替换 11 层的Softmax函数
  Softmax Layer 1 -> 2: 0.8802
已完全恢复原始模型状态
已替换 12 层的GELU函数
已替换 1 层的Softmax函数
已替换 11 层的Softmax函数
  Softmax Layer 2 -> 2: 0.8771
已完全恢复原始模型状态
已替换 12 层的GELU函数
已替换 1 层的Softmax函数
已替换 11 层的Softmax函数
  Softmax Layer 3 -> 2: 0.8781
已完全恢复原始模型状态
已替换 12 层的GELU函数
已替换 1 层的Softmax函数
已替换 11 层的Softmax函数
  Softmax Layer 4 -> 2: 0.8795
已完全恢复原始模型状态
已替换 12 层的GELU函数
已替换 1 层的Softmax函数
已替换 11 层的Softmax函数
  Softmax Layer 5 -> 2: 0.8794
已完全恢复原始模型状态
已替换 12 层的GELU函数
已替换 1 层的Softmax函数
已替换 11 层的Softmax函数
  Softmax Layer 6 -> 2: 0.8791
已完全恢复原始模型状态
已替换 12 层的GELU函数
已替换 1 层的Softmax函数
已替换 11 层的Softmax函数
  Softmax Layer 7 -> 2: 0.8801
已完全恢复原始模型状态
已替换 12 层的GELU函数
已替换 1 层的Softmax函数
已替换 11 层的Softmax函数
  Softmax Layer 8 -> 2: 0.8803
已完全恢复原始模型状态
已替换 12 层的GELU函数
已替换 1 层的Softmax函数
已替换 11 层的Softmax函数
  Softmax Layer 9 -> 2: 0.8802
已完全恢复原始模型状态
已替换 12 层的GELU函数
已替换 1 层的Softmax函数
已替换 11 层的Softmax函数
  Softmax Layer 10 -> 2: 0.8798
已完全恢复原始模型状态
已替换 12 层的GELU函数
已替换 1 层的Softmax函数
已替换 11 层的Softmax函数
  Softmax Layer 11 -> 2: 0.8799
  Saved: experiment_results/single_layer/single_layer_degradation_stsb.png

============================================================
  Single-Layer Degradation: MNLI
============================================================
Map:   0%|          | 0/9815 [00:00<?, ? examples/s]Map:  61%|██████    | 6000/9815 [00:00<00:00, 51669.47 examples/s]Map: 100%|██████████| 9815/9815 [00:00<00:00, 50163.89 examples/s]
已完全恢复原始模型状态
已替换 12 层的GELU函数
已替换 12 层的Softmax函数
You're using a BertTokenizerFast tokenizer. Please note that with a fast tokenizer, using the `__call__` method is faster than using a method to encode the text followed by a call to the `pad` method to get a padded encoding.
  Baseline: {'accuracy': 0.06388181355068773}
已完全恢复原始模型状态
已替换 1 层的GELU函数
已替换 11 层的GELU函数
已替换 12 层的Softmax函数
  GELU Layer 0 -> 1: 0.0635
已完全恢复原始模型状态
已替换 1 层的GELU函数
已替换 11 层的GELU函数
已替换 12 层的Softmax函数
  GELU Layer 1 -> 1: 0.0640
已完全恢复原始模型状态
已替换 1 层的GELU函数
已替换 11 层的GELU函数
已替换 12 层的Softmax函数
  GELU Layer 2 -> 1: 0.0640
已完全恢复原始模型状态
已替换 1 层的GELU函数
已替换 11 层的GELU函数
已替换 12 层的Softmax函数
  GELU Layer 3 -> 1: 0.0645
已完全恢复原始模型状态
已替换 1 层的GELU函数
已替换 11 层的GELU函数
已替换 12 层的Softmax函数
  GELU Layer 4 -> 1: 0.0650
已完全恢复原始模型状态
已替换 1 层的GELU函数
已替换 11 层的GELU函数
已替换 12 层的Softmax函数
  GELU Layer 5 -> 1: 0.0636
已完全恢复原始模型状态
已替换 1 层的GELU函数
已替换 11 层的GELU函数
已替换 12 层的Softmax函数
  GELU Layer 6 -> 1: 0.0662
已完全恢复原始模型状态
已替换 1 层的GELU函数
已替换 11 层的GELU函数
已替换 12 层的Softmax函数
  GELU Layer 7 -> 1: 0.0646
已完全恢复原始模型状态
已替换 1 层的GELU函数
已替换 11 层的GELU函数
已替换 12 层的Softmax函数
  GELU Layer 8 -> 1: 0.0658
已完全恢复原始模型状态
已替换 1 层的GELU函数
已替换 11 层的GELU函数
已替换 12 层的Softmax函数
  GELU Layer 9 -> 1: 0.0652
已完全恢复原始模型状态
已替换 1 层的GELU函数
已替换 11 层的GELU函数
已替换 12 层的Softmax函数
  GELU Layer 10 -> 1: 0.0638
已完全恢复原始模型状态
已替换 1 层的GELU函数
已替换 11 层的GELU函数
已替换 12 层的Softmax函数
  GELU Layer 11 -> 1: 0.0638
已完全恢复原始模型状态
已替换 12 层的GELU函数
已替换 1 层的Softmax函数
已替换 11 层的Softmax函数
  Softmax Layer 0 -> 2: 0.0638
已完全恢复原始模型状态
已替换 12 层的GELU函数
已替换 1 层的Softmax函数
已替换 11 层的Softmax函数
  Softmax Layer 1 -> 2: 0.0628
已完全恢复原始模型状态
已替换 12 层的GELU函数
已替换 1 层的Softmax函数
已替换 11 层的Softmax函数
  Softmax Layer 2 -> 2: 0.0646
已完全恢复原始模型状态
已替换 12 层的GELU函数
已替换 1 层的Softmax函数
已替换 11 层的Softmax函数
  Softmax Layer 3 -> 2: 0.0658
已完全恢复原始模型状态
已替换 12 层的GELU函数
已替换 1 层的Softmax函数
已替换 11 层的Softmax函数
  Softmax Layer 4 -> 2: 0.0644
已完全恢复原始模型状态
已替换 12 层的GELU函数
已替换 1 层的Softmax函数
已替换 11 层的Softmax函数
  Softmax Layer 5 -> 2: 0.0651
已完全恢复原始模型状态
已替换 12 层的GELU函数
已替换 1 层的Softmax函数
已替换 11 层的Softmax函数
  Softmax Layer 6 -> 2: 0.0644
已完全恢复原始模型状态
已替换 12 层的GELU函数
已替换 1 层的Softmax函数
已替换 11 层的Softmax函数
  Softmax Layer 7 -> 2: 0.0647
已完全恢复原始模型状态
已替换 12 层的GELU函数
已替换 1 层的Softmax函数
已替换 11 层的Softmax函数
  Softmax Layer 8 -> 2: 0.0652
已完全恢复原始模型状态
已替换 12 层的GELU函数
已替换 1 层的Softmax函数
已替换 11 层的Softmax函数
  Softmax Layer 9 -> 2: 0.0639
已完全恢复原始模型状态
已替换 12 层的GELU函数
已替换 1 层的Softmax函数
已替换 11 层的Softmax函数
  Softmax Layer 10 -> 2: 0.0656
已完全恢复原始模型状态
已替换 12 层的GELU函数
已替换 1 层的Softmax函数
已替换 11 层的Softmax函数
  Softmax Layer 11 -> 2: 0.0640
  Saved: experiment_results/single_layer/single_layer_degradation_mnli.png

============================================================
  Single-Layer Degradation: QNLI
============================================================
/var/tmp/root-home/miniconda3/envs/llm_ist/lib/python3.10/site-packages/huggingface_hub/file_download.py:942: FutureWarning: `resume_download` is deprecated and will be removed in version 1.0.0. Downloads always resume when possible. If you want to force a new download, use `force_download=True`.
  warnings.warn(
Map:   0%|          | 0/5463 [00:00<?, ? examples/s]Map: 100%|██████████| 5463/5463 [00:00<00:00, 43653.13 examples/s]Map: 100%|██████████| 5463/5463 [00:00<00:00, 43080.66 examples/s]
已完全恢复原始模型状态
已替换 12 层的GELU函数
已替换 12 层的Softmax函数
You're using a BertTokenizerFast tokenizer. Please note that with a fast tokenizer, using the `__call__` method is faster than using a method to encode the text followed by a call to the `pad` method to get a padded encoding.
  Baseline: {'accuracy': 0.9137836353651839}
已完全恢复原始模型状态
已替换 1 层的GELU函数
已替换 11 层的GELU函数
已替换 12 层的Softmax函数
  GELU Layer 0 -> 1: 0.9136
已完全恢复原始模型状态
已替换 1 层的GELU函数
已替换 11 层的GELU函数
已替换 12 层的Softmax函数
  GELU Layer 1 -> 1: 0.9147
已完全恢复原始模型状态
已替换 1 层的GELU函数
已替换 11 层的GELU函数
已替换 12 层的Softmax函数
  GELU Layer 2 -> 1: 0.9147
已完全恢复原始模型状态
已替换 1 层的GELU函数
已替换 11 层的GELU函数
已替换 12 层的Softmax函数
  GELU Layer 3 -> 1: 0.9136
已完全恢复原始模型状态
已替换 1 层的GELU函数
已替换 11 层的GELU函数
已替换 12 层的Softmax函数
  GELU Layer 4 -> 1: 0.9131
已完全恢复原始模型状态
已替换 1 层的GELU函数
已替换 11 层的GELU函数
已替换 12 层的Softmax函数
  GELU Layer 5 -> 1: 0.9145
已完全恢复原始模型状态
已替换 1 层的GELU函数
已替换 11 层的GELU函数
已替换 12 层的Softmax函数
  GELU Layer 6 -> 1: 0.9118
已完全恢复原始模型状态
已替换 1 层的GELU函数
已替换 11 层的GELU函数
已替换 12 层的Softmax函数
  GELU Layer 7 -> 1: 0.9149
已完全恢复原始模型状态
已替换 1 层的GELU函数
已替换 11 层的GELU函数
已替换 12 层的Softmax函数
  GELU Layer 8 -> 1: 0.9162
已完全恢复原始模型状态
已替换 1 层的GELU函数
已替换 11 层的GELU函数
已替换 12 层的Softmax函数
  GELU Layer 9 -> 1: 0.9147
已完全恢复原始模型状态
已替换 1 层的GELU函数
已替换 11 层的GELU函数
已替换 12 层的Softmax函数
  GELU Layer 10 -> 1: 0.9141
已完全恢复原始模型状态
已替换 1 层的GELU函数
已替换 11 层的GELU函数
已替换 12 层的Softmax函数
  GELU Layer 11 -> 1: 0.9138
已完全恢复原始模型状态
已替换 12 层的GELU函数
已替换 1 层的Softmax函数
已替换 11 层的Softmax函数
  Softmax Layer 0 -> 2: 0.9141
已完全恢复原始模型状态
已替换 12 层的GELU函数
已替换 1 层的Softmax函数
已替换 11 层的Softmax函数
  Softmax Layer 1 -> 2: 0.9129
已完全恢复原始模型状态
已替换 12 层的GELU函数
已替换 1 层的Softmax函数
已替换 11 层的Softmax函数
  Softmax Layer 2 -> 2: 0.9136
已完全恢复原始模型状态
已替换 12 层的GELU函数
已替换 1 层的Softmax函数
已替换 11 层的Softmax函数
  Softmax Layer 3 -> 2: 0.9138
已完全恢复原始模型状态
已替换 12 层的GELU函数
已替换 1 层的Softmax函数
已替换 11 层的Softmax函数
  Softmax Layer 4 -> 2: 0.9145
已完全恢复原始模型状态
已替换 12 层的GELU函数
已替换 1 层的Softmax函数
已替换 11 层的Softmax函数
  Softmax Layer 5 -> 2: 0.9132
已完全恢复原始模型状态
已替换 12 层的GELU函数
已替换 1 层的Softmax函数
已替换 11 层的Softmax函数
  Softmax Layer 6 -> 2: 0.9143
已完全恢复原始模型状态
已替换 12 层的GELU函数
已替换 1 层的Softmax函数
已替换 11 层的Softmax函数
  Softmax Layer 7 -> 2: 0.9134
已完全恢复原始模型状态
已替换 12 层的GELU函数
已替换 1 层的Softmax函数
已替换 11 层的Softmax函数
  Softmax Layer 8 -> 2: 0.9149
已完全恢复原始模型状态
已替换 12 层的GELU函数
已替换 1 层的Softmax函数
已替换 11 层的Softmax函数
  Softmax Layer 9 -> 2: 0.9120
已完全恢复原始模型状态
已替换 12 层的GELU函数
已替换 1 层的Softmax函数
已替换 11 层的Softmax函数
  Softmax Layer 10 -> 2: 0.9143
已完全恢复原始模型状态
已替换 12 层的GELU函数
已替换 1 层的Softmax函数
已替换 11 层的Softmax函数
  Softmax Layer 11 -> 2: 0.9129
  Saved: experiment_results/single_layer/single_layer_degradation_qnli.png

============================================================
  Single-Layer Degradation: RTE
============================================================
/var/tmp/root-home/miniconda3/envs/llm_ist/lib/python3.10/site-packages/huggingface_hub/file_download.py:942: FutureWarning: `resume_download` is deprecated and will be removed in version 1.0.0. Downloads always resume when possible. If you want to force a new download, use `force_download=True`.
  warnings.warn(
Map:   0%|          | 0/277 [00:00<?, ? examples/s]Map: 100%|██████████| 277/277 [00:00<00:00, 14750.86 examples/s]
已完全恢复原始模型状态
已替换 12 层的GELU函数
已替换 12 层的Softmax函数
You're using a BertTokenizerFast tokenizer. Please note that with a fast tokenizer, using the `__call__` method is faster than using a method to encode the text followed by a call to the `pad` method to get a padded encoding.
  Baseline: {'accuracy': 0.7256317689530686}
已完全恢复原始模型状态
已替换 1 层的GELU函数
已替换 11 层的GELU函数
已替换 12 层的Softmax函数
  GELU Layer 0 -> 1: 0.7220
已完全恢复原始模型状态
已替换 1 层的GELU函数
已替换 11 层的GELU函数
已替换 12 层的Softmax函数
  GELU Layer 1 -> 1: 0.7220
已完全恢复原始模型状态
已替换 1 层的GELU函数
已替换 11 层的GELU函数
已替换 12 层的Softmax函数
  GELU Layer 2 -> 1: 0.7256
已完全恢复原始模型状态
已替换 1 层的GELU函数
已替换 11 层的GELU函数
已替换 12 层的Softmax函数
  GELU Layer 3 -> 1: 0.7220
已完全恢复原始模型状态
已替换 1 层的GELU函数
已替换 11 层的GELU函数
已替换 12 层的Softmax函数
  GELU Layer 4 -> 1: 0.7148
已完全恢复原始模型状态
已替换 1 层的GELU函数
已替换 11 层的GELU函数
已替换 12 层的Softmax函数
  GELU Layer 5 -> 1: 0.7220
已完全恢复原始模型状态
已替换 1 层的GELU函数
已替换 11 层的GELU函数
已替换 12 层的Softmax函数
  GELU Layer 6 -> 1: 0.7220
已完全恢复原始模型状态
已替换 1 层的GELU函数
已替换 11 层的GELU函数
已替换 12 层的Softmax函数
  GELU Layer 7 -> 1: 0.7220
已完全恢复原始模型状态
已替换 1 层的GELU函数
已替换 11 层的GELU函数
已替换 12 层的Softmax函数
  GELU Layer 8 -> 1: 0.7220
已完全恢复原始模型状态
已替换 1 层的GELU函数
已替换 11 层的GELU函数
已替换 12 层的Softmax函数
  GELU Layer 9 -> 1: 0.7184
已完全恢复原始模型状态
已替换 1 层的GELU函数
已替换 11 层的GELU函数
已替换 12 层的Softmax函数
  GELU Layer 10 -> 1: 0.7220
已完全恢复原始模型状态
已替换 1 层的GELU函数
已替换 11 层的GELU函数
已替换 12 层的Softmax函数
  GELU Layer 11 -> 1: 0.7256
已完全恢复原始模型状态
已替换 12 层的GELU函数
已替换 1 层的Softmax函数
已替换 11 层的Softmax函数
  Softmax Layer 0 -> 2: 0.7256
已完全恢复原始模型状态
已替换 12 层的GELU函数
已替换 1 层的Softmax函数
已替换 11 层的Softmax函数
  Softmax Layer 1 -> 2: 0.7184
已完全恢复原始模型状态
已替换 12 层的GELU函数
已替换 1 层的Softmax函数
已替换 11 层的Softmax函数
  Softmax Layer 2 -> 2: 0.7220
已完全恢复原始模型状态
已替换 12 层的GELU函数
已替换 1 层的Softmax函数
已替换 11 层的Softmax函数
  Softmax Layer 3 -> 2: 0.7184
已完全恢复原始模型状态
已替换 12 层的GELU函数
已替换 1 层的Softmax函数
已替换 11 层的Softmax函数
  Softmax Layer 4 -> 2: 0.7365
已完全恢复原始模型状态
已替换 12 层的GELU函数
已替换 1 层的Softmax函数
已替换 11 层的Softmax函数
  Softmax Layer 5 -> 2: 0.7256
已完全恢复原始模型状态
已替换 12 层的GELU函数
已替换 1 层的Softmax函数
已替换 11 层的Softmax函数
  Softmax Layer 6 -> 2: 0.7184
已完全恢复原始模型状态
已替换 12 层的GELU函数
已替换 1 层的Softmax函数
已替换 11 层的Softmax函数
  Softmax Layer 7 -> 2: 0.7292
已完全恢复原始模型状态
已替换 12 层的GELU函数
已替换 1 层的Softmax函数
已替换 11 层的Softmax函数
  Softmax Layer 8 -> 2: 0.7184
已完全恢复原始模型状态
已替换 12 层的GELU函数
已替换 1 层的Softmax函数
已替换 11 层的Softmax函数
  Softmax Layer 9 -> 2: 0.7256
已完全恢复原始模型状态
已替换 12 层的GELU函数
已替换 1 层的Softmax函数
已替换 11 层的Softmax函数
  Softmax Layer 10 -> 2: 0.7076
已完全恢复原始模型状态
已替换 12 层的GELU函数
已替换 1 层的Softmax函数
已替换 11 层的Softmax函数
  Softmax Layer 11 -> 2: 0.7184
  Saved: experiment_results/single_layer/single_layer_degradation_rte.png

============================================================
  Single-Layer Degradation: WNLI
============================================================
/var/tmp/root-home/miniconda3/envs/llm_ist/lib/python3.10/site-packages/huggingface_hub/file_download.py:942: FutureWarning: `resume_download` is deprecated and will be removed in version 1.0.0. Downloads always resume when possible. If you want to force a new download, use `force_download=True`.
  warnings.warn(
Map:   0%|          | 0/71 [00:00<?, ? examples/s]Map: 100%|██████████| 71/71 [00:00<00:00, 14295.10 examples/s]
已完全恢复原始模型状态
已替换 12 层的GELU函数
已替换 12 层的Softmax函数
You're using a BertTokenizerFast tokenizer. Please note that with a fast tokenizer, using the `__call__` method is faster than using a method to encode the text followed by a call to the `pad` method to get a padded encoding.
  Baseline: {'accuracy': 0.5633802816901409}
已完全恢复原始模型状态
已替换 1 层的GELU函数
已替换 11 层的GELU函数
已替换 12 层的Softmax函数
  GELU Layer 0 -> 1: 0.5634
已完全恢复原始模型状态
已替换 1 层的GELU函数
已替换 11 层的GELU函数
已替换 12 层的Softmax函数
  GELU Layer 1 -> 1: 0.5634
已完全恢复原始模型状态
已替换 1 层的GELU函数
已替换 11 层的GELU函数
已替换 12 层的Softmax函数
  GELU Layer 2 -> 1: 0.5634
已完全恢复原始模型状态
已替换 1 层的GELU函数
已替换 11 层的GELU函数
已替换 12 层的Softmax函数
  GELU Layer 3 -> 1: 0.5634
已完全恢复原始模型状态
已替换 1 层的GELU函数
已替换 11 层的GELU函数
已替换 12 层的Softmax函数
  GELU Layer 4 -> 1: 0.5634
已完全恢复原始模型状态
已替换 1 层的GELU函数
已替换 11 层的GELU函数
已替换 12 层的Softmax函数
  GELU Layer 5 -> 1: 0.5634
已完全恢复原始模型状态
已替换 1 层的GELU函数
已替换 11 层的GELU函数
已替换 12 层的Softmax函数
  GELU Layer 6 -> 1: 0.5634
已完全恢复原始模型状态
已替换 1 层的GELU函数
已替换 11 层的GELU函数
已替换 12 层的Softmax函数
  GELU Layer 7 -> 1: 0.5634
已完全恢复原始模型状态
已替换 1 层的GELU函数
已替换 11 层的GELU函数
已替换 12 层的Softmax函数
  GELU Layer 8 -> 1: 0.5634
已完全恢复原始模型状态
已替换 1 层的GELU函数
已替换 11 层的GELU函数
已替换 12 层的Softmax函数
  GELU Layer 9 -> 1: 0.5634
已完全恢复原始模型状态
已替换 1 层的GELU函数
已替换 11 层的GELU函数
已替换 12 层的Softmax函数
  GELU Layer 10 -> 1: 0.5634
已完全恢复原始模型状态
已替换 1 层的GELU函数
已替换 11 层的GELU函数
已替换 12 层的Softmax函数
  GELU Layer 11 -> 1: 0.5493
已完全恢复原始模型状态
已替换 12 层的GELU函数
已替换 1 层的Softmax函数
已替换 11 层的Softmax函数
  Softmax Layer 0 -> 2: 0.5634
已完全恢复原始模型状态
已替换 12 层的GELU函数
已替换 1 层的Softmax函数
已替换 11 层的Softmax函数
  Softmax Layer 1 -> 2: 0.5634
已完全恢复原始模型状态
已替换 12 层的GELU函数
已替换 1 层的Softmax函数
已替换 11 层的Softmax函数
  Softmax Layer 2 -> 2: 0.5634
已完全恢复原始模型状态
已替换 12 层的GELU函数
已替换 1 层的Softmax函数
已替换 11 层的Softmax函数
  Softmax Layer 3 -> 2: 0.5634
已完全恢复原始模型状态
已替换 12 层的GELU函数
已替换 1 层的Softmax函数
已替换 11 层的Softmax函数
  Softmax Layer 4 -> 2: 0.5634
已完全恢复原始模型状态
已替换 12 层的GELU函数
已替换 1 层的Softmax函数
已替换 11 层的Softmax函数
  Softmax Layer 5 -> 2: 0.5634
已完全恢复原始模型状态
已替换 12 层的GELU函数
已替换 1 层的Softmax函数
已替换 11 层的Softmax函数
  Softmax Layer 6 -> 2: 0.5634
已完全恢复原始模型状态
已替换 12 层的GELU函数
已替换 1 层的Softmax函数
已替换 11 层的Softmax函数
  Softmax Layer 7 -> 2: 0.5634
已完全恢复原始模型状态
已替换 12 层的GELU函数
已替换 1 层的Softmax函数
已替换 11 层的Softmax函数
  Softmax Layer 8 -> 2: 0.5634
已完全恢复原始模型状态
已替换 12 层的GELU函数
已替换 1 层的Softmax函数
已替换 11 层的Softmax函数
  Softmax Layer 9 -> 2: 0.5634
已完全恢复原始模型状态
已替换 12 层的GELU函数
已替换 1 层的Softmax函数
已替换 11 层的Softmax函数
  Softmax Layer 10 -> 2: 0.5634
已完全恢复原始模型状态
已替换 12 层的GELU函数
已替换 1 层的Softmax函数
已替换 11 层的Softmax函数
  Softmax Layer 11 -> 2: 0.5634
  Saved: experiment_results/single_layer/single_layer_degradation_wnli.png
/var/tmp/root-home/Reinforcement-For-Robustness/experiment_single_layer_degradation.py:193: UserWarning: This figure includes Axes that are not compatible with tight_layout, so results might be incorrect.
  fig.tight_layout()
  Saved: experiment_results/single_layer/single_layer_degradation_heatmap.png

All single-layer degradation tests completed. Results in: experiment_results/single_layer

============================================================
  [2/5] Supplementary Test 2: Stepwise Degradation
============================================================
/var/tmp/root-home/miniconda3/envs/llm_ist/lib/python3.10/site-packages/transformers/utils/generic.py:441: FutureWarning: `torch.utils._pytree._register_pytree_node` is deprecated. Please use `torch.utils._pytree.register_pytree_node` instead.
  _torch_pytree._register_pytree_node(
/var/tmp/root-home/miniconda3/envs/llm_ist/lib/python3.10/site-packages/transformers/utils/generic.py:309: FutureWarning: `torch.utils._pytree._register_pytree_node` is deprecated. Please use `torch.utils._pytree.register_pytree_node` instead.
  _torch_pytree._register_pytree_node(
/var/tmp/root-home/miniconda3/envs/llm_ist/lib/python3.10/site-packages/transformers/utils/generic.py:309: FutureWarning: `torch.utils._pytree._register_pytree_node` is deprecated. Please use `torch.utils._pytree.register_pytree_node` instead.
  _torch_pytree._register_pytree_node(

============================================================
  Stepwise Degradation: SST2
============================================================
  Target GELU:    [1, 1, 1, 1, 1, 1, 1, 4, 1, 1, 1, 1]
  Target Softmax: [2, 2, 2, 2, 2, 2, 2, 3, 3, 3, 3, 2]
  Total degradation steps: 23
/var/tmp/root-home/miniconda3/envs/llm_ist/lib/python3.10/site-packages/huggingface_hub/file_download.py:942: FutureWarning: `resume_download` is deprecated and will be removed in version 1.0.0. Downloads always resume when possible. If you want to force a new download, use `force_download=True`.
  warnings.warn(

  --- Trial 1/5 ---
已完全恢复原始模型状态
已替换 12 层的GELU函数
已替换 12 层的Softmax函数
You're using a BertTokenizerFast tokenizer. Please note that with a fast tokenizer, using the `__call__` method is faster than using a method to encode the text followed by a call to the `pad` method to get a padded encoding.
    Step 0 (baseline): accuracy=0.9232
已完全恢复原始模型状态
已替换 1 层的GELU函数
已替换 11 层的GELU函数
已替换 12 层的Softmax函数
已完全恢复原始模型状态
已替换 1 层的GELU函数
已替换 11 层的GELU函数
已替换 1 层的Softmax函数
已替换 11 层的Softmax函数
    Step 2/23 [softmax_L4->2]: accuracy=0.9220
已完全恢复原始模型状态
已替换 2 层的GELU函数
已替换 10 层的GELU函数
已替换 1 层的Softmax函数
已替换 11 层的Softmax函数
已完全恢复原始模型状态
已替换 3 层的GELU函数
已替换 9 层的GELU函数
已替换 1 层的Softmax函数
已替换 11 层的Softmax函数
    Step 4/23 [gelu_L4->1]: accuracy=0.9255
已完全恢复原始模型状态
已替换 4 层的GELU函数
已替换 8 层的GELU函数
已替换 1 层的Softmax函数
已替换 11 层的Softmax函数
已完全恢复原始模型状态
已替换 5 层的GELU函数
已替换 7 层的GELU函数
已替换 1 层的Softmax函数
已替换 11 层的Softmax函数
    Step 6/23 [gelu_L6->1]: accuracy=0.9232
已完全恢复原始模型状态
已替换 5 层的GELU函数
已替换 7 层的GELU函数
已替换 2 层的Softmax函数
已替换 10 层的Softmax函数
已完全恢复原始模型状态
已替换 5 层的GELU函数
已替换 7 层的GELU函数
已替换 3 层的Softmax函数
已替换 9 层的Softmax函数
    Step 8/23 [softmax_L6->2]: accuracy=0.9243
已完全恢复原始模型状态
已替换 5 层的GELU函数
已替换 7 层的GELU函数
已替换 4 层的Softmax函数
已替换 8 层的Softmax函数
已完全恢复原始模型状态
已替换 6 层的GELU函数
已替换 6 层的GELU函数
已替换 4 层的Softmax函数
已替换 8 层的Softmax函数
    Step 10/23 [gelu_L1->1]: accuracy=0.9220
已完全恢复原始模型状态
已替换 6 层的GELU函数
已替换 6 层的GELU函数
已替换 5 层的Softmax函数
已替换 7 层的Softmax函数
已完全恢复原始模型状态
已替换 6 层的GELU函数
已替换 6 层的GELU函数
已替换 5 层的Softmax函数
已替换 1 层的Softmax函数
已替换 6 层的Softmax函数
    Step 12/23 [softmax_L10->3]: accuracy=0.9220
已完全恢复原始模型状态
已替换 6 层的GELU函数
已替换 6 层的GELU函数
已替换 6 层的Softmax函数
已替换 1 层的Softmax函数
已替换 5 层的Softmax函数
已完全恢复原始模型状态
已替换 7 层的GELU函数
已替换 5 层的GELU函数
已替换 6 层的Softmax函数
已替换 1 层的Softmax函数
已替换 5 层的Softmax函数
    Step 14/23 [gelu_L2->1]: accuracy=0.9255
已完全恢复原始模型状态
已替换 7 层的GELU函数
已替换 5 层的GELU函数
已替换 6 层的Softmax函数
已替换 2 层的Softmax函数
已替换 4 层的Softmax函数
已完全恢复原始模型状态
已替换 7 层的GELU函数
已替换 5 层的GELU函数
已替换 6 层的Softmax函数
已替换 3 层的Softmax函数
已替换 3 层的Softmax函数
    Step 16/23 [softmax_L8->3]: accuracy=0.9243
已完全恢复原始模型状态
已替换 8 层的GELU函数
已替换 4 层的GELU函数
已替换 6 层的Softmax函数
已替换 3 层的Softmax函数
已替换 3 层的Softmax函数
已完全恢复原始模型状态
已替换 8 层的GELU函数
已替换 4 层的GELU函数
已替换 7 层的Softmax函数
已替换 3 层的Softmax函数
已替换 2 层的Softmax函数
    Step 18/23 [softmax_L11->2]: accuracy=0.9243
已完全恢复原始模型状态
已替换 8 层的GELU函数
已替换 4 层的GELU函数
已替换 8 层的Softmax函数
已替换 3 层的Softmax函数
已替换 1 层的Softmax函数
已完全恢复原始模型状态
已替换 9 层的GELU函数
已替换 3 层的GELU函数
已替换 8 层的Softmax函数
已替换 3 层的Softmax函数
已替换 1 层的Softmax函数
    Step 20/23 [gelu_L5->1]: accuracy=0.9278
已完全恢复原始模型状态
已替换 9 层的GELU函数
已替换 3 层的GELU函数
已替换 8 层的Softmax函数
已替换 4 层的Softmax函数
已完全恢复原始模型状态
已替换 10 层的GELU函数
已替换 2 层的GELU函数
已替换 8 层的Softmax函数
已替换 4 层的Softmax函数
    Step 22/23 [gelu_L10->1]: accuracy=0.9278
已完全恢复原始模型状态
已替换 11 层的GELU函数
已替换 1 层的GELU函数
已替换 8 层的Softmax函数
已替换 4 层的Softmax函数
    Step 23/23 [gelu_L3->1]: accuracy=0.9278

  --- Trial 2/5 ---
已完全恢复原始模型状态
已替换 12 层的GELU函数
已替换 12 层的Softmax函数
    Step 0 (baseline): accuracy=0.9232
已完全恢复原始模型状态
已替换 1 层的GELU函数
已替换 11 层的GELU函数
已替换 12 层的Softmax函数
已完全恢复原始模型状态
已替换 2 层的GELU函数
已替换 10 层的GELU函数
已替换 12 层的Softmax函数
    Step 2/23 [gelu_L5->1]: accuracy=0.9232
已完全恢复原始模型状态
已替换 2 层的GELU函数
已替换 10 层的GELU函数
已替换 1 层的Softmax函数
已替换 11 层的Softmax函数
已完全恢复原始模型状态
已替换 2 层的GELU函数
已替换 10 层的GELU函数
已替换 2 层的Softmax函数
已替换 10 层的Softmax函数
    Step 4/23 [softmax_L6->2]: accuracy=0.9232
已完全恢复原始模型状态
已替换 2 层的GELU函数
已替换 10 层的GELU函数
已替换 3 层的Softmax函数
已替换 9 层的Softmax函数
已完全恢复原始模型状态
已替换 3 层的GELU函数
已替换 9 层的GELU函数
已替换 3 层的Softmax函数
已替换 9 层的Softmax函数
    Step 6/23 [gelu_L8->1]: accuracy=0.9209
已完全恢复原始模型状态
已替换 4 层的GELU函数
已替换 8 层的GELU函数
已替换 3 层的Softmax函数
已替换 9 层的Softmax函数
已完全恢复原始模型状态
已替换 5 层的GELU函数
已替换 7 层的GELU函数
已替换 3 层的Softmax函数
已替换 9 层的Softmax函数
    Step 8/23 [gelu_L6->1]: accuracy=0.9220
已完全恢复原始模型状态
已替换 5 层的GELU函数
已替换 7 层的GELU函数
已替换 4 层的Softmax函数
已替换 8 层的Softmax函数
已完全恢复原始模型状态
已替换 5 层的GELU函数
已替换 7 层的GELU函数
已替换 5 层的Softmax函数
已替换 7 层的Softmax函数
    Step 10/23 [softmax_L0->2]: accuracy=0.9220
已完全恢复原始模型状态
已替换 5 层的GELU函数
已替换 7 层的GELU函数
已替换 6 层的Softmax函数
已替换 6 层的Softmax函数
已完全恢复原始模型状态
已替换 5 层的GELU函数
已替换 7 层的GELU函数
已替换 6 层的Softmax函数
已替换 1 层的Softmax函数
已替换 5 层的Softmax函数
    Step 12/23 [softmax_L9->3]: accuracy=0.9209
已完全恢复原始模型状态
已替换 5 层的GELU函数
已替换 7 层的GELU函数
已替换 7 层的Softmax函数
已替换 1 层的Softmax函数
已替换 4 层的Softmax函数
已完全恢复原始模型状态
已替换 6 层的GELU函数
已替换 6 层的GELU函数
已替换 7 层的Softmax函数
已替换 1 层的Softmax函数
已替换 4 层的Softmax函数
    Step 14/23 [gelu_L11->1]: accuracy=0.9232
已完全恢复原始模型状态
已替换 6 层的GELU函数
已替换 6 层的GELU函数
已替换 8 层的Softmax函数
已替换 1 层的Softmax函数
已替换 3 层的Softmax函数
已完全恢复原始模型状态
已替换 7 层的GELU函数
已替换 5 层的GELU函数
已替换 8 层的Softmax函数
已替换 1 层的Softmax函数
已替换 3 层的Softmax函数
    Step 16/23 [gelu_L10->1]: accuracy=0.9243
已完全恢复原始模型状态
已替换 7 层的GELU函数
已替换 5 层的GELU函数
已替换 8 层的Softmax函数
已替换 2 层的Softmax函数
已替换 2 层的Softmax函数
已完全恢复原始模型状态
已替换 8 层的GELU函数
已替换 4 层的GELU函数
已替换 8 层的Softmax函数
已替换 2 层的Softmax函数
已替换 2 层的Softmax函数
    Step 18/23 [gelu_L1->1]: accuracy=0.9220
已完全恢复原始模型状态
已替换 8 层的GELU函数
已替换 4 层的GELU函数
已替换 8 层的Softmax函数
已替换 3 层的Softmax函数
已替换 1 层的Softmax函数
已完全恢复原始模型状态
已替换 8 层的GELU函数
已替换 4 层的GELU函数
已替换 8 层的Softmax函数
已替换 4 层的Softmax函数
    Step 20/23 [softmax_L8->3]: accuracy=0.9243
已完全恢复原始模型状态
已替换 9 层的GELU函数
已替换 3 层的GELU函数
已替换 8 层的Softmax函数
已替换 4 层的Softmax函数
已完全恢复原始模型状态
已替换 10 层的GELU函数
已替换 2 层的GELU函数
已替换 8 层的Softmax函数
已替换 4 层的Softmax函数
    Step 22/23 [gelu_L0->1]: accuracy=0.9278
已完全恢复原始模型状态
已替换 11 层的GELU函数
已替换 1 层的GELU函数
已替换 8 层的Softmax函数
已替换 4 层的Softmax函数
    Step 23/23 [gelu_L2->1]: accuracy=0.9278

  --- Trial 3/5 ---
已完全恢复原始模型状态
已替换 12 层的GELU函数
已替换 12 层的Softmax函数
    Step 0 (baseline): accuracy=0.9232
已完全恢复原始模型状态
已替换 12 层的GELU函数
已替换 1 层的Softmax函数
已替换 11 层的Softmax函数
已完全恢复原始模型状态
已替换 1 层的GELU函数
已替换 11 层的GELU函数
已替换 1 层的Softmax函数
已替换 11 层的Softmax函数
    Step 2/23 [gelu_L1->1]: accuracy=0.9266
已完全恢复原始模型状态
已替换 1 层的GELU函数
已替换 11 层的GELU函数
已替换 2 层的Softmax函数
已替换 10 层的Softmax函数
已完全恢复原始模型状态
已替换 1 层的GELU函数
已替换 11 层的GELU函数
已替换 3 层的Softmax函数
已替换 9 层的Softmax函数
    Step 4/23 [softmax_L0->2]: accuracy=0.9243
已完全恢复原始模型状态
已替换 2 层的GELU函数
已替换 10 层的GELU函数
已替换 3 层的Softmax函数
已替换 9 层的Softmax函数
已完全恢复原始模型状态
已替换 2 层的GELU函数
已替换 10 层的GELU函数
已替换 3 层的Softmax函数
已替换 1 层的Softmax函数
已替换 8 层的Softmax函数
    Step 6/23 [softmax_L7->3]: accuracy=0.9220
已完全恢复原始模型状态
已替换 3 层的GELU函数
已替换 9 层的GELU函数
已替换 3 层的Softmax函数
已替换 1 层的Softmax函数
已替换 8 层的Softmax函数
已完全恢复原始模型状态
已替换 3 层的GELU函数
已替换 9 层的GELU函数
已替换 4 层的Softmax函数
已替换 1 层的Softmax函数
已替换 7 层的Softmax函数
    Step 8/23 [softmax_L5->2]: accuracy=0.9220
已完全恢复原始模型状态
已替换 3 层的GELU函数
已替换 9 层的GELU函数
已替换 4 层的Softmax函数
已替换 2 层的Softmax函数
已替换 6 层的Softmax函数
已完全恢复原始模型状态
已替换 3 层的GELU函数
已替换 9 层的GELU函数
已替换 5 层的Softmax函数
已替换 2 层的Softmax函数
已替换 5 层的Softmax函数
    Step 10/23 [softmax_L4->2]: accuracy=0.9209
已完全恢复原始模型状态
已替换 4 层的GELU函数
已替换 8 层的GELU函数
已替换 5 层的Softmax函数
已替换 2 层的Softmax函数
已替换 5 层的Softmax函数
已完全恢复原始模型状态
已替换 5 层的GELU函数
已替换 7 层的GELU函数
已替换 5 层的Softmax函数
已替换 2 层的Softmax函数
已替换 5 层的Softmax函数
    Step 12/23 [gelu_L6->1]: accuracy=0.9243
已完全恢复原始模型状态
已替换 5 层的GELU函数
已替换 7 层的GELU函数
已替换 6 层的Softmax函数
已替换 2 层的Softmax函数
已替换 4 层的Softmax函数
已完全恢复原始模型状态
已替换 6 层的GELU函数
已替换 6 层的GELU函数
已替换 6 层的Softmax函数
已替换 2 层的Softmax函数
已替换 4 层的Softmax函数
    Step 14/23 [gelu_L4->1]: accuracy=0.9232
已完全恢复原始模型状态
已替换 7 层的GELU函数
已替换 5 层的GELU函数
已替换 6 层的Softmax函数
已替换 2 层的Softmax函数
已替换 4 层的Softmax函数
已完全恢复原始模型状态
已替换 8 层的GELU函数
已替换 4 层的GELU函数
已替换 6 层的Softmax函数
已替换 2 层的Softmax函数
已替换 4 层的Softmax函数
    Step 16/23 [gelu_L8->1]: accuracy=0.9243
已完全恢复原始模型状态
已替换 8 层的GELU函数
已替换 4 层的GELU函数
已替换 6 层的Softmax函数
已替换 3 层的Softmax函数
已替换 3 层的Softmax函数
已完全恢复原始模型状态
已替换 9 层的GELU函数
已替换 3 层的GELU函数
已替换 6 层的Softmax函数
已替换 3 层的Softmax函数
已替换 3 层的Softmax函数
    Step 18/23 [gelu_L0->1]: accuracy=0.9232
已完全恢复原始模型状态
已替换 10 层的GELU函数
已替换 2 层的GELU函数
已替换 6 层的Softmax函数
已替换 3 层的Softmax函数
已替换 3 层的Softmax函数
已完全恢复原始模型状态
已替换 10 层的GELU函数
已替换 2 层的GELU函数
已替换 7 层的Softmax函数
已替换 3 层的Softmax函数
已替换 2 层的Softmax函数
    Step 20/23 [softmax_L6->2]: accuracy=0.9232
已完全恢复原始模型状态
已替换 11 层的GELU函数
已替换 1 层的GELU函数
已替换 7 层的Softmax函数
已替换 3 层的Softmax函数
已替换 2 层的Softmax函数
已完全恢复原始模型状态
已替换 11 层的GELU函数
已替换 1 层的GELU函数
已替换 8 层的Softmax函数
已替换 3 层的Softmax函数
已替换 1 层的Softmax函数
    Step 22/23 [softmax_L1->2]: accuracy=0.9278
已完全恢复原始模型状态
已替换 11 层的GELU函数
已替换 1 层的GELU函数
已替换 8 层的Softmax函数
已替换 4 层的Softmax函数
    Step 23/23 [softmax_L10->3]: accuracy=0.9278

  --- Trial 4/5 ---
已完全恢复原始模型状态
已替换 12 层的GELU函数
已替换 12 层的Softmax函数
    Step 0 (baseline): accuracy=0.9232
已完全恢复原始模型状态
已替换 1 层的GELU函数
已替换 11 层的GELU函数
已替换 12 层的Softmax函数
已完全恢复原始模型状态
已替换 2 层的GELU函数
已替换 10 层的GELU函数
已替换 12 层的Softmax函数
    Step 2/23 [gelu_L10->1]: accuracy=0.9232
已完全恢复原始模型状态
已替换 2 层的GELU函数
已替换 10 层的GELU函数
已替换 1 层的Softmax函数
已替换 11 层的Softmax函数
已完全恢复原始模型状态
已替换 2 层的GELU函数
已替换 10 层的GELU函数
已替换 1 层的Softmax函数
已替换 1 层的Softmax函数
已替换 10 层的Softmax函数
    Step 4/23 [softmax_L6->2]: accuracy=0.9220
已完全恢复原始模型状态
已替换 2 层的GELU函数
已替换 10 层的GELU函数
已替换 1 层的Softmax函数
已替换 2 层的Softmax函数
已替换 9 层的Softmax函数
已完全恢复原始模型状态
已替换 3 层的GELU函数
已替换 9 层的GELU函数
已替换 1 层的Softmax函数
已替换 2 层的Softmax函数
已替换 9 层的Softmax函数
    Step 6/23 [gelu_L5->1]: accuracy=0.9243
已完全恢复原始模型状态
已替换 4 层的GELU函数
已替换 8 层的GELU函数
已替换 1 层的Softmax函数
已替换 2 层的Softmax函数
已替换 9 层的Softmax函数
已完全恢复原始模型状态
已替换 4 层的GELU函数
已替换 8 层的GELU函数
已替换 1 层的Softmax函数
已替换 3 层的Softmax函数
已替换 8 层的Softmax函数
    Step 8/23 [softmax_L9->3]: accuracy=0.9197
已完全恢复原始模型状态
已替换 5 层的GELU函数
已替换 7 层的GELU函数
已替换 1 层的Softmax函数
已替换 3 层的Softmax函数
已替换 8 层的Softmax函数
已完全恢复原始模型状态
已替换 5 层的GELU函数
已替换 7 层的GELU函数
已替换 2 层的Softmax函数
已替换 3 层的Softmax函数
已替换 7 层的Softmax函数
    Step 10/23 [softmax_L11->2]: accuracy=0.9209
已完全恢复原始模型状态
已替换 5 层的GELU函数
已替换 7 层的GELU函数
已替换 3 层的Softmax函数
已替换 3 层的Softmax函数
已替换 6 层的Softmax函数
已完全恢复原始模型状态
已替换 6 层的GELU函数
已替换 6 层的GELU函数
已替换 3 层的Softmax函数
已替换 3 层的Softmax函数
已替换 6 层的Softmax函数
    Step 12/23 [gelu_L4->1]: accuracy=0.9243
已完全恢复原始模型状态
已替换 7 层的GELU函数
已替换 5 层的GELU函数
已替换 3 层的Softmax函数
已替换 3 层的Softmax函数
已替换 6 层的Softmax函数
已完全恢复原始模型状态
已替换 7 层的GELU函数
已替换 5 层的GELU函数
已替换 4 层的Softmax函数
已替换 3 层的Softmax函数
已替换 5 层的Softmax函数
    Step 14/23 [softmax_L4->2]: accuracy=0.9209
已完全恢复原始模型状态
已替换 7 层的GELU函数
已替换 5 层的GELU函数
已替换 5 层的Softmax函数
已替换 3 层的Softmax函数
已替换 4 层的Softmax函数
已完全恢复原始模型状态
已替换 7 层的GELU函数
已替换 5 层的GELU函数
已替换 5 层的Softmax函数
已替换 4 层的Softmax函数
已替换 3 层的Softmax函数
    Step 16/23 [softmax_L7->3]: accuracy=0.9232
已完全恢复原始模型状态
已替换 7 层的GELU函数
已替换 5 层的GELU函数
已替换 6 层的Softmax函数
已替换 4 层的Softmax函数
已替换 2 层的Softmax函数
已完全恢复原始模型状态
已替换 8 层的GELU函数
已替换 4 层的GELU函数
已替换 6 层的Softmax函数
已替换 4 层的Softmax函数
已替换 2 层的Softmax函数
    Step 18/23 [gelu_L8->1]: accuracy=0.9232
已完全恢复原始模型状态
已替换 9 层的GELU函数
已替换 3 层的GELU函数
已替换 6 层的Softmax函数
已替换 4 层的Softmax函数
已替换 2 层的Softmax函数
已完全恢复原始模型状态
已替换 10 层的GELU函数
已替换 2 层的GELU函数
已替换 6 层的Softmax函数
已替换 4 层的Softmax函数
已替换 2 层的Softmax函数
    Step 20/23 [gelu_L11->1]: accuracy=0.9197
已完全恢复原始模型状态
已替换 11 层的GELU函数
已替换 1 层的GELU函数
已替换 6 层的Softmax函数
已替换 4 层的Softmax函数
已替换 2 层的Softmax函数
已完全恢复原始模型状态
已替换 11 层的GELU函数
已替换 1 层的GELU函数
已替换 7 层的Softmax函数
已替换 4 层的Softmax函数
已替换 1 层的Softmax函数
    Step 22/23 [softmax_L1->2]: accuracy=0.9220
已完全恢复原始模型状态
已替换 11 层的GELU函数
已替换 1 层的GELU函数
已替换 8 层的Softmax函数
已替换 4 层的Softmax函数
    Step 23/23 [softmax_L5->2]: accuracy=0.9278

  --- Trial 5/5 ---
已完全恢复原始模型状态
已替换 12 层的GELU函数
已替换 12 层的Softmax函数
    Step 0 (baseline): accuracy=0.9232
已完全恢复原始模型状态
已替换 12 层的GELU函数
已替换 1 层的Softmax函数
已替换 11 层的Softmax函数
已完全恢复原始模型状态
已替换 12 层的GELU函数
已替换 2 层的Softmax函数
已替换 10 层的Softmax函数
    Step 2/23 [softmax_L1->2]: accuracy=0.9220
已完全恢复原始模型状态
已替换 1 层的GELU函数
已替换 11 层的GELU函数
已替换 2 层的Softmax函数
已替换 10 层的Softmax函数
已完全恢复原始模型状态
已替换 2 层的GELU函数
已替换 10 层的GELU函数
已替换 2 层的Softmax函数
已替换 10 层的Softmax函数
    Step 4/23 [gelu_L5->1]: accuracy=0.9186
已完全恢复原始模型状态
已替换 2 层的GELU函数
已替换 10 层的GELU函数
已替换 3 层的Softmax函数
已替换 9 层的Softmax函数
已完全恢复原始模型状态
已替换 3 层的GELU函数
已替换 9 层的GELU函数
已替换 3 层的Softmax函数
已替换 9 层的Softmax函数
    Step 6/23 [gelu_L6->1]: accuracy=0.9197
已完全恢复原始模型状态
已替换 4 层的GELU函数
已替换 8 层的GELU函数
已替换 3 层的Softmax函数
已替换 9 层的Softmax函数
已完全恢复原始模型状态
已替换 4 层的GELU函数
已替换 8 层的GELU函数
已替换 4 层的Softmax函数
已替换 8 层的Softmax函数
    Step 8/23 [softmax_L6->2]: accuracy=0.9220
已完全恢复原始模型状态
已替换 4 层的GELU函数
已替换 8 层的GELU函数
已替换 5 层的Softmax函数
已替换 7 层的Softmax函数
已完全恢复原始模型状态
已替换 4 层的GELU函数
已替换 8 层的GELU函数
已替换 5 层的Softmax函数
已替换 1 层的Softmax函数
已替换 6 层的Softmax函数
    Step 10/23 [softmax_L7->3]: accuracy=0.9232
已完全恢复原始模型状态
已替换 5 层的GELU函数
已替换 7 层的GELU函数
已替换 5 层的Softmax函数
已替换 1 层的Softmax函数
已替换 6 层的Softmax函数
已完全恢复原始模型状态
已替换 5 层的GELU函数
已替换 7 层的GELU函数
已替换 6 层的Softmax函数
已替换 1 层的Softmax函数
已替换 5 层的Softmax函数
    Step 12/23 [softmax_L3->2]: accuracy=0.9209
已完全恢复原始模型状态
已替换 6 层的GELU函数
已替换 6 层的GELU函数
已替换 6 层的Softmax函数
已替换 1 层的Softmax函数
已替换 5 层的Softmax函数
已完全恢复原始模型状态
已替换 7 层的GELU函数
已替换 5 层的GELU函数
已替换 6 层的Softmax函数
已替换 1 层的Softmax函数
已替换 5 层的Softmax函数
    Step 14/23 [gelu_L11->1]: accuracy=0.9209
已完全恢复原始模型状态
已替换 8 层的GELU函数
已替换 4 层的GELU函数
已替换 6 层的Softmax函数
已替换 1 层的Softmax函数
已替换 5 层的Softmax函数
已完全恢复原始模型状态
已替换 9 层的GELU函数
已替换 3 层的GELU函数
已替换 6 层的Softmax函数
已替换 1 层的Softmax函数
已替换 5 层的Softmax函数
    Step 16/23 [gelu_L9->1]: accuracy=0.9232
已完全恢复原始模型状态
已替换 9 层的GELU函数
已替换 3 层的GELU函数
已替换 6 层的Softmax函数
已替换 2 层的Softmax函数
已替换 4 层的Softmax函数
已完全恢复原始模型状态
已替换 9 层的GELU函数
已替换 3 层的GELU函数
已替换 7 层的Softmax函数
已替换 2 层的Softmax函数
已替换 3 层的Softmax函数
    Step 18/23 [softmax_L5->2]: accuracy=0.9255
已完全恢复原始模型状态
已替换 9 层的GELU函数
已替换 3 层的GELU函数
已替换 7 层的Softmax函数
已替换 3 层的Softmax函数
已替换 2 层的Softmax函数
已完全恢复原始模型状态
已替换 10 层的GELU函数
已替换 2 层的GELU函数
已替换 7 层的Softmax函数
已替换 3 层的Softmax函数
已替换 2 层的Softmax函数
    Step 20/23 [gelu_L10->1]: accuracy=0.9266
已完全恢复原始模型状态
已替换 10 层的GELU函数
已替换 2 层的GELU函数
已替换 7 层的Softmax函数
已替换 4 层的Softmax函数
已替换 1 层的Softmax函数
已完全恢复原始模型状态
已替换 11 层的GELU函数
已替换 1 层的GELU函数
已替换 7 层的Softmax函数
已替换 4 层的Softmax函数
已替换 1 层的Softmax函数
    Step 22/23 [gelu_L4->1]: accuracy=0.9220
已完全恢复原始模型状态
已替换 11 层的GELU函数
已替换 1 层的GELU函数
已替换 8 层的Softmax函数
已替换 4 层的Softmax函数
    Step 23/23 [softmax_L2->2]: accuracy=0.9278
  Saved: experiment_results/stepwise/stepwise_degradation_sst2.png

============================================================
  Stepwise Degradation: COLA
============================================================
  Target GELU:    [1, 1, 2, 1, 2, 2, 4, 1, 1, 1, 1, 1]
  Target Softmax: [2, 2, 2, 2, 4, 4, 5, 4, 2, 2, 2, 2]
  Total degradation steps: 23
/var/tmp/root-home/miniconda3/envs/llm_ist/lib/python3.10/site-packages/huggingface_hub/file_download.py:942: FutureWarning: `resume_download` is deprecated and will be removed in version 1.0.0. Downloads always resume when possible. If you want to force a new download, use `force_download=True`.
  warnings.warn(

  --- Trial 1/5 ---
已完全恢复原始模型状态
已替换 12 层的GELU函数
已替换 12 层的Softmax函数
You're using a BertTokenizerFast tokenizer. Please note that with a fast tokenizer, using the `__call__` method is faster than using a method to encode the text followed by a call to the `pad` method to get a padded encoding.
    Step 0 (baseline): mcc=0.5366
已完全恢复原始模型状态
已替换 1 层的GELU函数
已替换 11 层的GELU函数
已替换 12 层的Softmax函数
已完全恢复原始模型状态
已替换 1 层的GELU函数
已替换 11 层的GELU函数
已替换 1 层的Softmax函数
已替换 11 层的Softmax函数
    Step 2/23 [softmax_L4->4]: mcc=0.5392
已完全恢复原始模型状态
已替换 2 层的GELU函数
已替换 10 层的GELU函数
已替换 1 层的Softmax函数
已替换 11 层的Softmax函数
已完全恢复原始模型状态
已替换 2 层的GELU函数
已替换 1 层的GELU函数
已替换 9 层的GELU函数
已替换 1 层的Softmax函数
已替换 11 层的Softmax函数
    Step 4/23 [gelu_L4->2]: mcc=0.5365
已完全恢复原始模型状态
已替换 3 层的GELU函数
已替换 1 层的GELU函数
已替换 8 层的GELU函数
已替换 1 层的Softmax函数
已替换 11 层的Softmax函数
已完全恢复原始模型状态
已替换 3 层的GELU函数
已替换 1 层的GELU函数
已替换 8 层的GELU函数
已替换 1 层的Softmax函数
已替换 1 层的Softmax函数
已替换 10 层的Softmax函数
    Step 6/23 [softmax_L6->5]: mcc=0.5365
已完全恢复原始模型状态
已替换 3 层的GELU函数
已替换 1 层的GELU函数
已替换 8 层的GELU函数
已替换 1 层的Softmax函数
已替换 1 层的Softmax函数
已替换 1 层的Softmax函数
已替换 9 层的Softmax函数
已完全恢复原始模型状态
已替换 4 层的GELU函数
已替换 1 层的GELU函数
已替换 7 层的GELU函数
已替换 1 层的Softmax函数
已替换 1 层的Softmax函数
已替换 1 层的Softmax函数
已替换 9 层的Softmax函数
    Step 8/23 [gelu_L7->1]: mcc=0.5391
已完全恢复原始模型状态
已替换 4 层的GELU函数
已替换 1 层的GELU函数
已替换 7 层的GELU函数
已替换 2 层的Softmax函数
已替换 1 层的Softmax函数
已替换 1 层的Softmax函数
已替换 8 层的Softmax函数
已完全恢复原始模型状态
已替换 5 层的GELU函数
已替换 1 层的GELU函数
已替换 6 层的GELU函数
已替换 2 层的Softmax函数
已替换 1 层的Softmax函数
已替换 1 层的Softmax函数
已替换 8 层的Softmax函数
    Step 10/23 [gelu_L1->1]: mcc=0.5365
已完全恢复原始模型状态
已替换 5 层的GELU函数
已替换 1 层的GELU函数
已替换 6 层的GELU函数
已替换 2 层的Softmax函数
已替换 2 层的Softmax函数
已替换 1 层的Softmax函数
已替换 7 层的Softmax函数
已完全恢复原始模型状态
已替换 5 层的GELU函数
已替换 1 层的GELU函数
已替换 6 层的GELU函数
已替换 3 层的Softmax函数
已替换 2 层的Softmax函数
已替换 1 层的Softmax函数
已替换 6 层的Softmax函数
    Step 12/23 [softmax_L10->2]: mcc=0.5338
已完全恢复原始模型状态
已替换 5 层的GELU函数
已替换 1 层的GELU函数
已替换 6 层的GELU函数
已替换 4 层的Softmax函数
已替换 2 层的Softmax函数
已替换 1 层的Softmax函数
已替换 5 层的Softmax函数
已完全恢复原始模型状态
已替换 5 层的GELU函数
已替换 2 层的GELU函数
已替换 5 层的GELU函数
已替换 4 层的Softmax函数
已替换 2 层的Softmax函数
已替换 1 层的Softmax函数
已替换 5 层的Softmax函数
    Step 14/23 [gelu_L2->2]: mcc=0.5443
已完全恢复原始模型状态
已替换 5 层的GELU函数
已替换 2 层的GELU函数
已替换 5 层的GELU函数
已替换 5 层的Softmax函数
已替换 2 层的Softmax函数
已替换 1 层的Softmax函数
已替换 4 层的Softmax函数
已完全恢复原始模型状态
已替换 5 层的GELU函数
已替换 2 层的GELU函数
已替换 5 层的GELU函数
已替换 6 层的Softmax函数
已替换 2 层的Softmax函数
已替换 1 层的Softmax函数
已替换 3 层的Softmax函数
    Step 16/23 [softmax_L8->2]: mcc=0.5443
已完全恢复原始模型状态
已替换 6 层的GELU函数
已替换 2 层的GELU函数
已替换 4 层的GELU函数
已替换 6 层的Softmax函数
已替换 2 层的Softmax函数
已替换 1 层的Softmax函数
已替换 3 层的Softmax函数
已完全恢复原始模型状态
已替换 6 层的GELU函数
已替换 2 层的GELU函数
已替换 4 层的GELU函数
已替换 7 层的Softmax函数
已替换 2 层的Softmax函数
已替换 1 层的Softmax函数
已替换 2 层的Softmax函数
    Step 18/23 [softmax_L11->2]: mcc=0.5416
已完全恢复原始模型状态
已替换 6 层的GELU函数
已替换 2 层的GELU函数
已替换 4 层的GELU函数
已替换 8 层的Softmax函数
已替换 2 层的Softmax函数
已替换 1 层的Softmax函数
已替换 1 层的Softmax函数
已完全恢复原始模型状态
已替换 6 层的GELU函数
已替换 3 层的GELU函数
已替换 3 层的GELU函数
已替换 8 层的Softmax函数
已替换 2 层的Softmax函数
已替换 1 层的Softmax函数
已替换 1 层的Softmax函数
    Step 20/23 [gelu_L5->2]: mcc=0.5392
已完全恢复原始模型状态
已替换 6 层的GELU函数
已替换 3 层的GELU函数
已替换 3 层的GELU函数
已替换 8 层的Softmax函数
已替换 3 层的Softmax函数
已替换 1 层的Softmax函数
已完全恢复原始模型状态
已替换 7 层的GELU函数
已替换 3 层的GELU函数
已替换 2 层的GELU函数
已替换 8 层的Softmax函数
已替换 3 层的Softmax函数
已替换 1 层的Softmax函数
    Step 22/23 [gelu_L10->1]: mcc=0.5418
已完全恢复原始模型状态
已替换 8 层的GELU函数
已替换 3 层的GELU函数
已替换 1 层的GELU函数
已替换 8 层的Softmax函数
已替换 3 层的Softmax函数
已替换 1 层的Softmax函数
    Step 23/23 [gelu_L3->1]: mcc=0.5601

  --- Trial 2/5 ---
已完全恢复原始模型状态
已替换 12 层的GELU函数
已替换 12 层的Softmax函数
    Step 0 (baseline): mcc=0.5366
已完全恢复原始模型状态
已替换 1 层的GELU函数
已替换 11 层的GELU函数
已替换 12 层的Softmax函数
已完全恢复原始模型状态
已替换 1 层的GELU函数
已替换 1 层的GELU函数
已替换 10 层的GELU函数
已替换 12 层的Softmax函数
    Step 2/23 [gelu_L5->2]: mcc=0.5548
已完全恢复原始模型状态
已替换 1 层的GELU函数
已替换 1 层的GELU函数
已替换 10 层的GELU函数
已替换 1 层的Softmax函数
已替换 11 层的Softmax函数
已完全恢复原始模型状态
已替换 2 层的GELU函数
已替换 1 层的GELU函数
已替换 9 层的GELU函数
已替换 1 层的Softmax函数
已替换 11 层的Softmax函数
    Step 4/23 [gelu_L7->1]: mcc=0.5521
已完全恢复原始模型状态
已替换 2 层的GELU函数
已替换 1 层的GELU函数
已替换 9 层的GELU函数
已替换 2 层的Softmax函数
已替换 10 层的Softmax函数
已完全恢复原始模型状态
已替换 3 层的GELU函数
已替换 1 层的GELU函数
已替换 8 层的GELU函数
已替换 2 层的Softmax函数
已替换 10 层的Softmax函数
    Step 6/23 [gelu_L8->1]: mcc=0.5547
已完全恢复原始模型状态
已替换 3 层的GELU函数
已替换 2 层的GELU函数
已替换 7 层的GELU函数
已替换 2 层的Softmax函数
已替换 10 层的Softmax函数
已完全恢复原始模型状态
已替换 3 层的GELU函数
已替换 2 层的GELU函数
已替换 7 层的GELU函数
已替换 2 层的Softmax函数
已替换 1 层的Softmax函数
已替换 9 层的Softmax函数
    Step 8/23 [softmax_L6->5]: mcc=0.5573
已完全恢复原始模型状态
已替换 3 层的GELU函数
已替换 2 层的GELU函数
已替换 7 层的GELU函数
已替换 2 层的Softmax函数
已替换 1 层的Softmax函数
已替换 1 层的Softmax函数
已替换 8 层的Softmax函数
已完全恢复原始模型状态
已替换 3 层的GELU函数
已替换 2 层的GELU函数
已替换 7 层的GELU函数
已替换 3 层的Softmax函数
已替换 1 层的Softmax函数
已替换 1 层的Softmax函数
已替换 7 层的Softmax函数
    Step 10/23 [softmax_L0->2]: mcc=0.5547
已完全恢复原始模型状态
已替换 3 层的GELU函数
已替换 2 层的GELU函数
已替换 7 层的GELU函数
已替换 3 层的Softmax函数
已替换 2 层的Softmax函数
已替换 1 层的Softmax函数
已替换 6 层的Softmax函数
已完全恢复原始模型状态
已替换 3 层的GELU函数
已替换 2 层的GELU函数
已替换 7 层的GELU函数
已替换 4 层的Softmax函数
已替换 2 层的Softmax函数
已替换 1 层的Softmax函数
已替换 5 层的Softmax函数
    Step 12/23 [softmax_L9->2]: mcc=0.5521
已完全恢复原始模型状态
已替换 3 层的GELU函数
已替换 2 层的GELU函数
已替换 7 层的GELU函数
已替换 5 层的Softmax函数
已替换 2 层的Softmax函数
已替换 1 层的Softmax函数
已替换 4 层的Softmax函数
已完全恢复原始模型状态
已替换 4 层的GELU函数
已替换 2 层的GELU函数
已替换 6 层的GELU函数
已替换 5 层的Softmax函数
已替换 2 层的Softmax函数
已替换 1 层的Softmax函数
已替换 4 层的Softmax函数
    Step 14/23 [gelu_L11->1]: mcc=0.5521
已完全恢复原始模型状态
已替换 4 层的GELU函数
已替换 2 层的GELU函数
已替换 6 层的GELU函数
已替换 6 层的Softmax函数
已替换 2 层的Softmax函数
已替换 1 层的Softmax函数
已替换 3 层的Softmax函数
已完全恢复原始模型状态
已替换 5 层的GELU函数
已替换 2 层的GELU函数
已替换 5 层的GELU函数
已替换 6 层的Softmax函数
已替换 2 层的Softmax函数
已替换 1 层的Softmax函数
已替换 3 层的Softmax函数
    Step 16/23 [gelu_L10->1]: mcc=0.5572
已完全恢复原始模型状态
已替换 5 层的GELU函数
已替换 2 层的GELU函数
已替换 5 层的GELU函数
已替换 6 层的Softmax函数
已替换 3 层的Softmax函数
已替换 1 层的Softmax函数
已替换 2 层的Softmax函数
已完全恢复原始模型状态
已替换 6 层的GELU函数
已替换 2 层的GELU函数
已替换 4 层的GELU函数
已替换 6 层的Softmax函数
已替换 3 层的Softmax函数
已替换 1 层的Softmax函数
已替换 2 层的Softmax函数
    Step 18/23 [gelu_L1->1]: mcc=0.5598
已完全恢复原始模型状态
已替换 6 层的GELU函数
已替换 2 层的GELU函数
已替换 4 层的GELU函数
已替换 7 层的Softmax函数
已替换 3 层的Softmax函数
已替换 1 层的Softmax函数
已替换 1 层的Softmax函数
已完全恢复原始模型状态
已替换 6 层的GELU函数
已替换 2 层的GELU函数
已替换 4 层的GELU函数
已替换 8 层的Softmax函数
已替换 3 层的Softmax函数
已替换 1 层的Softmax函数
    Step 20/23 [softmax_L8->2]: mcc=0.5470
已完全恢复原始模型状态
已替换 7 层的GELU函数
已替换 2 层的GELU函数
已替换 3 层的GELU函数
已替换 8 层的Softmax函数
已替换 3 层的Softmax函数
已替换 1 层的Softmax函数
已完全恢复原始模型状态
已替换 8 层的GELU函数
已替换 2 层的GELU函数
已替换 2 层的GELU函数
已替换 8 层的Softmax函数
已替换 3 层的Softmax函数
已替换 1 层的Softmax函数
    Step 22/23 [gelu_L0->1]: mcc=0.5420
已完全恢复原始模型状态
已替换 8 层的GELU函数
已替换 3 层的GELU函数
已替换 1 层的GELU函数
已替换 8 层的Softmax函数
已替换 3 层的Softmax函数
已替换 1 层的Softmax函数
    Step 23/23 [gelu_L2->2]: mcc=0.5601

  --- Trial 3/5 ---
已完全恢复原始模型状态
已替换 12 层的GELU函数
已替换 12 层的Softmax函数
    Step 0 (baseline): mcc=0.5366
已完全恢复原始模型状态
已替换 12 层的GELU函数
已替换 1 层的Softmax函数
已替换 11 层的Softmax函数
已完全恢复原始模型状态
已替换 1 层的GELU函数
已替换 11 层的GELU函数
已替换 1 层的Softmax函数
已替换 11 层的Softmax函数
    Step 2/23 [gelu_L1->1]: mcc=0.5417
已完全恢复原始模型状态
已替换 1 层的GELU函数
已替换 11 层的GELU函数
已替换 2 层的Softmax函数
已替换 10 层的Softmax函数
已完全恢复原始模型状态
已替换 1 层的GELU函数
已替换 11 层的GELU函数
已替换 3 层的Softmax函数
已替换 9 层的Softmax函数
    Step 4/23 [softmax_L0->2]: mcc=0.5469
已完全恢复原始模型状态
已替换 1 层的GELU函数
已替换 1 层的GELU函数
已替换 10 层的GELU函数
已替换 3 层的Softmax函数
已替换 9 层的Softmax函数
已完全恢复原始模型状态
已替换 1 层的GELU函数
已替换 1 层的GELU函数
已替换 10 层的GELU函数
已替换 3 层的Softmax函数
已替换 1 层的Softmax函数
已替换 8 层的Softmax函数
    Step 6/23 [softmax_L7->4]: mcc=0.5416
已完全恢复原始模型状态
已替换 2 层的GELU函数
已替换 1 层的GELU函数
已替换 9 层的GELU函数
已替换 3 层的Softmax函数
已替换 1 层的Softmax函数
已替换 8 层的Softmax函数
已完全恢复原始模型状态
已替换 2 层的GELU函数
已替换 1 层的GELU函数
已替换 9 层的GELU函数
已替换 3 层的Softmax函数
已替换 2 层的Softmax函数
已替换 7 层的Softmax函数
    Step 8/23 [softmax_L5->4]: mcc=0.5443
已完全恢复原始模型状态
已替换 2 层的GELU函数
已替换 1 层的GELU函数
已替换 9 层的GELU函数
已替换 4 层的Softmax函数
已替换 2 层的Softmax函数
已替换 6 层的Softmax函数
已完全恢复原始模型状态
已替换 2 层的GELU函数
已替换 1 层的GELU函数
已替换 9 层的GELU函数
已替换 4 层的Softmax函数
已替换 3 层的Softmax函数
已替换 5 层的Softmax函数
    Step 10/23 [softmax_L4->4]: mcc=0.5417
已完全恢复原始模型状态
已替换 3 层的GELU函数
已替换 1 层的GELU函数
已替换 8 层的GELU函数
已替换 4 层的Softmax函数
已替换 3 层的Softmax函数
已替换 5 层的Softmax函数
已完全恢复原始模型状态
已替换 3 层的GELU函数
已替换 1 层的GELU函数
已替换 8 层的GELU函数
已替换 4 层的Softmax函数
已替换 3 层的Softmax函数
已替换 1 层的Softmax函数
已替换 4 层的Softmax函数
    Step 12/23 [softmax_L6->5]: mcc=0.5420
已完全恢复原始模型状态
已替换 3 层的GELU函数
已替换 1 层的GELU函数
已替换 8 层的GELU函数
已替换 5 层的Softmax函数
已替换 3 层的Softmax函数
已替换 1 层的Softmax函数
已替换 3 层的Softmax函数
已完全恢复原始模型状态
已替换 3 层的GELU函数
已替换 2 层的GELU函数
已替换 7 层的GELU函数
已替换 5 层的Softmax函数
已替换 3 层的Softmax函数
已替换 1 层的Softmax函数
已替换 3 层的Softmax函数
    Step 14/23 [gelu_L4->2]: mcc=0.5369
已完全恢复原始模型状态
已替换 3 层的GELU函数
已替换 3 层的GELU函数
已替换 6 层的GELU函数
已替换 5 层的Softmax函数
已替换 3 层的Softmax函数
已替换 1 层的Softmax函数
已替换 3 层的Softmax函数
已完全恢复原始模型状态
已替换 4 层的GELU函数
已替换 3 层的GELU函数
已替换 5 层的GELU函数
已替换 5 层的Softmax函数
已替换 3 层的Softmax函数
已替换 1 层的Softmax函数
已替换 3 层的Softmax函数
    Step 16/23 [gelu_L8->1]: mcc=0.5445
已完全恢复原始模型状态
已替换 4 层的GELU函数
已替换 3 层的GELU函数
已替换 5 层的GELU函数
已替换 6 层的Softmax函数
已替换 3 层的Softmax函数
已替换 1 层的Softmax函数
已替换 2 层的Softmax函数
已完全恢复原始模型状态
已替换 5 层的GELU函数
已替换 3 层的GELU函数
已替换 4 层的GELU函数
已替换 6 层的Softmax函数
已替换 3 层的Softmax函数
已替换 1 层的Softmax函数
已替换 2 层的Softmax函数
    Step 18/23 [gelu_L0->1]: mcc=0.5372
已完全恢复原始模型状态
已替换 6 层的GELU函数
已替换 3 层的GELU函数
已替换 3 层的GELU函数
已替换 6 层的Softmax函数
已替换 3 层的Softmax函数
已替换 1 层的Softmax函数
已替换 2 层的Softmax函数
已完全恢复原始模型状态
已替换 7 层的GELU函数
已替换 3 层的GELU函数
已替换 2 层的GELU函数
已替换 6 层的Softmax函数
已替换 3 层的Softmax函数
已替换 1 层的Softmax函数
已替换 2 层的Softmax函数
    Step 20/23 [gelu_L7->1]: mcc=0.5445
已完全恢复原始模型状态
已替换 8 层的GELU函数
已替换 3 层的GELU函数
已替换 1 层的GELU函数
已替换 6 层的Softmax函数
已替换 3 层的Softmax函数
已替换 1 层的Softmax函数
已替换 2 层的Softmax函数
已完全恢复原始模型状态
已替换 8 层的GELU函数
已替换 3 层的GELU函数
已替换 1 层的GELU函数
已替换 7 层的Softmax函数
已替换 3 层的Softmax函数
已替换 1 层的Softmax函数
已替换 1 层的Softmax函数
    Step 22/23 [softmax_L1->2]: mcc=0.5626
已完全恢复原始模型状态
已替换 8 层的GELU函数
已替换 3 层的GELU函数
已替换 1 层的GELU函数
已替换 8 层的Softmax函数
已替换 3 层的Softmax函数
已替换 1 层的Softmax函数
    Step 23/23 [softmax_L10->2]: mcc=0.5601

  --- Trial 4/5 ---
已完全恢复原始模型状态
已替换 12 层的GELU函数
已替换 12 层的Softmax函数
    Step 0 (baseline): mcc=0.5366
已完全恢复原始模型状态
已替换 12 层的GELU函数
已替换 1 层的Softmax函数
已替换 11 层的Softmax函数
已完全恢复原始模型状态
已替换 1 层的GELU函数
已替换 11 层的GELU函数
已替换 1 层的Softmax函数
已替换 11 层的Softmax函数
    Step 2/23 [gelu_L10->1]: mcc=0.5339
已完全恢复原始模型状态
已替换 1 层的GELU函数
已替换 11 层的GELU函数
已替换 1 层的Softmax函数
已替换 1 层的Softmax函数
已替换 10 层的Softmax函数
已完全恢复原始模型状态
已替换 2 层的GELU函数
已替换 10 层的GELU函数
已替换 1 层的Softmax函数
已替换 1 层的Softmax函数
已替换 10 层的Softmax函数
    Step 4/23 [gelu_L7->1]: mcc=0.5338
已完全恢复原始模型状态
已替换 2 层的GELU函数
已替换 10 层的GELU函数
已替换 2 层的Softmax函数
已替换 1 层的Softmax函数
已替换 9 层的Softmax函数
已完全恢复原始模型状态
已替换 2 层的GELU函数
已替换 1 层的GELU函数
已替换 9 层的GELU函数
已替换 2 层的Softmax函数
已替换 1 层的Softmax函数
已替换 9 层的Softmax函数
    Step 6/23 [gelu_L5->2]: mcc=0.5364
已完全恢复原始模型状态
已替换 3 层的GELU函数
已替换 1 层的GELU函数
已替换 8 层的GELU函数
已替换 2 层的Softmax函数
已替换 1 层的Softmax函数
已替换 9 层的Softmax函数
已完全恢复原始模型状态
已替换 3 层的GELU函数
已替换 1 层的GELU函数
已替换 8 层的GELU函数
已替换 3 层的Softmax函数
已替换 1 层的Softmax函数
已替换 8 层的Softmax函数
    Step 8/23 [softmax_L9->2]: mcc=0.5417
已完全恢复原始模型状态
已替换 4 层的GELU函数
已替换 1 层的GELU函数
已替换 7 层的GELU函数
已替换 3 层的Softmax函数
已替换 1 层的Softmax函数
已替换 8 层的Softmax函数
已完全恢复原始模型状态
已替换 4 层的GELU函数
已替换 1 层的GELU函数
已替换 7 层的GELU函数
已替换 4 层的Softmax函数
已替换 1 层的Softmax函数
已替换 7 层的Softmax函数
    Step 10/23 [softmax_L11->2]: mcc=0.5416
已完全恢复原始模型状态
已替换 4 层的GELU函数
已替换 1 层的GELU函数
已替换 7 层的GELU函数
已替换 5 层的Softmax函数
已替换 1 层的Softmax函数
已替换 6 层的Softmax函数
已完全恢复原始模型状态
已替换 4 层的GELU函数
已替换 2 层的GELU函数
已替换 6 层的GELU函数
已替换 5 层的Softmax函数
已替换 1 层的Softmax函数
已替换 6 层的Softmax函数
    Step 12/23 [gelu_L4->2]: mcc=0.5313
已完全恢复原始模型状态
已替换 5 层的GELU函数
已替换 2 层的GELU函数
已替换 5 层的GELU函数
已替换 5 层的Softmax函数
已替换 1 层的Softmax函数
已替换 6 层的Softmax函数
已完全恢复原始模型状态
已替换 5 层的GELU函数
已替换 2 层的GELU函数
已替换 5 层的GELU函数
已替换 5 层的Softmax函数
已替换 1 层的Softmax函数
已替换 1 层的Softmax函数
已替换 5 层的Softmax函数
    Step 14/23 [softmax_L4->4]: mcc=0.5496
已完全恢复原始模型状态
已替换 5 层的GELU函数
已替换 2 层的GELU函数
已替换 5 层的GELU函数
已替换 6 层的Softmax函数
已替换 1 层的Softmax函数
已替换 1 层的Softmax函数
已替换 4 层的Softmax函数
已完全恢复原始模型状态
已替换 5 层的GELU函数
已替换 2 层的GELU函数
已替换 5 层的GELU函数
已替换 6 层的Softmax函数
已替换 2 层的Softmax函数
已替换 1 层的Softmax函数
已替换 3 层的Softmax函数
    Step 16/23 [softmax_L7->4]: mcc=0.5394
已完全恢复原始模型状态
已替换 5 层的GELU函数
已替换 2 层的GELU函数
已替换 5 层的GELU函数
已替换 7 层的Softmax函数
已替换 2 层的Softmax函数
已替换 1 层的Softmax函数
已替换 2 层的Softmax函数
已完全恢复原始模型状态
已替换 6 层的GELU函数
已替换 2 层的GELU函数
已替换 4 层的GELU函数
已替换 7 层的Softmax函数
已替换 2 层的Softmax函数
已替换 1 层的Softmax函数
已替换 2 层的Softmax函数
    Step 18/23 [gelu_L8->1]: mcc=0.5499
已完全恢复原始模型状态
已替换 6 层的GELU函数
已替换 3 层的GELU函数
已替换 3 层的GELU函数
已替换 7 层的Softmax函数
已替换 2 层的Softmax函数
已替换 1 层的Softmax函数
已替换 2 层的Softmax函数
已完全恢复原始模型状态
已替换 7 层的GELU函数
已替换 3 层的GELU函数
已替换 2 层的GELU函数
已替换 7 层的Softmax函数
已替换 2 层的Softmax函数
已替换 1 层的Softmax函数
已替换 2 层的Softmax函数
    Step 20/23 [gelu_L11->1]: mcc=0.5423
已完全恢复原始模型状态
已替换 8 层的GELU函数
已替换 3 层的GELU函数
已替换 1 层的GELU函数
已替换 7 层的Softmax函数
已替换 2 层的Softmax函数
已替换 1 层的Softmax函数
已替换 2 层的Softmax函数
已完全恢复原始模型状态
已替换 8 层的GELU函数
已替换 3 层的GELU函数
已替换 1 层的GELU函数
已替换 8 层的Softmax函数
已替换 2 层的Softmax函数
已替换 1 层的Softmax函数
已替换 1 层的Softmax函数
    Step 22/23 [softmax_L1->2]: mcc=0.5501
已完全恢复原始模型状态
已替换 8 层的GELU函数
已替换 3 层的GELU函数
已替换 1 层的GELU函数
已替换 8 层的Softmax函数
已替换 3 层的Softmax函数
已替换 1 层的Softmax函数
    Step 23/23 [softmax_L5->4]: mcc=0.5601

  --- Trial 5/5 ---
已完全恢复原始模型状态
已替换 12 层的GELU函数
已替换 12 层的Softmax函数
    Step 0 (baseline): mcc=0.5366
已完全恢复原始模型状态
已替换 12 层的GELU函数
已替换 1 层的Softmax函数
已替换 11 层的Softmax函数
已完全恢复原始模型状态
已替换 12 层的GELU函数
已替换 2 层的Softmax函数
已替换 10 层的Softmax函数
    Step 2/23 [softmax_L1->2]: mcc=0.5391
已完全恢复原始模型状态
已替换 1 层的GELU函数
已替换 11 层的GELU函数
已替换 2 层的Softmax函数
已替换 10 层的Softmax函数
已完全恢复原始模型状态
已替换 2 层的GELU函数
已替换 10 层的GELU函数
已替换 2 层的Softmax函数
已替换 10 层的Softmax函数
    Step 4/23 [gelu_L5->2]: mcc=0.5495
已完全恢复原始模型状态
已替换 2 层的GELU函数
已替换 10 层的GELU函数
已替换 3 层的Softmax函数
已替换 9 层的Softmax函数
已完全恢复原始模型状态
已替换 2 层的GELU函数
已替换 10 层的GELU函数
已替换 3 层的Softmax函数
已替换 1 层的Softmax函数
已替换 8 层的Softmax函数
    Step 6/23 [softmax_L6->5]: mcc=0.5495
已完全恢复原始模型状态
已替换 1 层的GELU函数
已替换 2 层的GELU函数
已替换 9 层的GELU函数
已替换 3 层的Softmax函数
已替换 1 层的Softmax函数
已替换 8 层的Softmax函数
已完全恢复原始模型状态
已替换 2 层的GELU函数
已替换 2 层的GELU函数
已替换 8 层的GELU函数
已替换 3 层的Softmax函数
已替换 1 层的Softmax函数
已替换 8 层的Softmax函数
    Step 8/23 [gelu_L7->1]: mcc=0.5496
已完全恢复原始模型状态
已替换 2 层的GELU函数
已替换 2 层的GELU函数
已替换 8 层的GELU函数
已替换 3 层的Softmax函数
已替换 1 层的Softmax函数
已替换 1 层的Softmax函数
已替换 7 层的Softmax函数
已完全恢复原始模型状态
已替换 2 层的GELU函数
已替换 2 层的GELU函数
已替换 8 层的GELU函数
已替换 3 层的Softmax函数
已替换 2 层的Softmax函数
已替换 1 层的Softmax函数
已替换 6 层的Softmax函数
    Step 10/23 [softmax_L7->4]: mcc=0.5470
已完全恢复原始模型状态
已替换 3 层的GELU函数
已替换 2 层的GELU函数
已替换 7 层的GELU函数
已替换 3 层的Softmax函数
已替换 2 层的Softmax函数
已替换 1 层的Softmax函数
已替换 6 层的Softmax函数
已完全恢复原始模型状态
已替换 3 层的GELU函数
已替换 2 层的GELU函数
已替换 7 层的GELU函数
已替换 4 层的Softmax函数
已替换 2 层的Softmax函数
已替换 1 层的Softmax函数
已替换 5 层的Softmax函数
    Step 12/23 [softmax_L3->2]: mcc=0.5602
已完全恢复原始模型状态
已替换 4 层的GELU函数
已替换 2 层的GELU函数
已替换 6 层的GELU函数
已替换 4 层的Softmax函数
已替换 2 层的Softmax函数
已替换 1 层的Softmax函数
已替换 5 层的Softmax函数
已完全恢复原始模型状态
已替换 5 层的GELU函数
已替换 2 层的GELU函数
已替换 5 层的GELU函数
已替换 4 层的Softmax函数
已替换 2 层的Softmax函数
已替换 1 层的Softmax函数
已替换 5 层的Softmax函数
    Step 14/23 [gelu_L11->1]: mcc=0.5574
已完全恢复原始模型状态
已替换 6 层的GELU函数
已替换 2 层的GELU函数
已替换 4 层的GELU函数
已替换 4 层的Softmax函数
已替换 2 层的Softmax函数
已替换 1 层的Softmax函数
已替换 5 层的Softmax函数
已完全恢复原始模型状态
已替换 7 层的GELU函数
已替换 2 层的GELU函数
已替换 3 层的GELU函数
已替换 4 层的Softmax函数
已替换 2 层的Softmax函数
已替换 1 层的Softmax函数
已替换 5 层的Softmax函数
    Step 16/23 [gelu_L9->1]: mcc=0.5547
已完全恢复原始模型状态
已替换 7 层的GELU函数
已替换 2 层的GELU函数
已替换 3 层的GELU函数
已替换 5 层的Softmax函数
已替换 2 层的Softmax函数
已替换 1 层的Softmax函数
已替换 4 层的Softmax函数
已完全恢复原始模型状态
已替换 7 层的GELU函数
已替换 2 层的GELU函数
已替换 3 层的GELU函数
已替换 5 层的Softmax函数
已替换 3 层的Softmax函数
已替换 1 层的Softmax函数
已替换 3 层的Softmax函数
    Step 18/23 [softmax_L5->4]: mcc=0.5521
已完全恢复原始模型状态
已替换 7 层的GELU函数
已替换 2 层的GELU函数
已替换 3 层的GELU函数
已替换 6 层的Softmax函数
已替换 3 层的Softmax函数
已替换 1 层的Softmax函数
已替换 2 层的Softmax函数
已完全恢复原始模型状态
已替换 8 层的GELU函数
已替换 2 层的GELU函数
已替换 2 层的GELU函数
已替换 6 层的Softmax函数
已替换 3 层的Softmax函数
已替换 1 层的Softmax函数
已替换 2 层的Softmax函数
    Step 20/23 [gelu_L10->1]: mcc=0.5547
已完全恢复原始模型状态
已替换 8 层的GELU函数
已替换 2 层的GELU函数
已替换 2 层的GELU函数
已替换 7 层的Softmax函数
已替换 3 层的Softmax函数
已替换 1 层的Softmax函数
已替换 1 层的Softmax函数
已完全恢复原始模型状态
已替换 8 层的GELU函数
已替换 3 层的GELU函数
已替换 1 层的GELU函数
已替换 7 层的Softmax函数
已替换 3 层的Softmax函数
已替换 1 层的Softmax函数
已替换 1 层的Softmax函数
    Step 22/23 [gelu_L4->2]: mcc=0.5522
已完全恢复原始模型状态
已替换 8 层的GELU函数
已替换 3 层的GELU函数
已替换 1 层的GELU函数
已替换 8 层的Softmax函数
已替换 3 层的Softmax函数
已替换 1 层的Softmax函数
    Step 23/23 [softmax_L2->2]: mcc=0.5601
  Saved: experiment_results/stepwise/stepwise_degradation_cola.png

============================================================
  Stepwise Degradation: MRPC
============================================================
  Target GELU:    [1, 1, 1, 4, 1, 1, 1, 1, 1, 1, 1, 1]
  Target Softmax: [2, 3, 4, 6, 4, 4, 5, 4, 4, 5, 5, 2]
  Total degradation steps: 22
/var/tmp/root-home/miniconda3/envs/llm_ist/lib/python3.10/site-packages/huggingface_hub/file_download.py:942: FutureWarning: `resume_download` is deprecated and will be removed in version 1.0.0. Downloads always resume when possible. If you want to force a new download, use `force_download=True`.
  warnings.warn(

  --- Trial 1/5 ---
已完全恢复原始模型状态
已替换 12 层的GELU函数
已替换 12 层的Softmax函数
You're using a BertTokenizerFast tokenizer. Please note that with a fast tokenizer, using the `__call__` method is faster than using a method to encode the text followed by a call to the `pad` method to get a padded encoding.
    Step 0 (baseline): accuracy=0.8799
已完全恢复原始模型状态
已替换 1 层的GELU函数
已替换 11 层的GELU函数
已替换 12 层的Softmax函数
已完全恢复原始模型状态
已替换 1 层的GELU函数
已替换 11 层的GELU函数
已替换 1 层的Softmax函数
已替换 11 层的Softmax函数
    Step 2/22 [softmax_L7->4]: accuracy=0.8824
已完全恢复原始模型状态
已替换 2 层的GELU函数
已替换 10 层的GELU函数
已替换 1 层的Softmax函数
已替换 11 层的Softmax函数
已完全恢复原始模型状态
已替换 2 层的GELU函数
已替换 10 层的GELU函数
已替换 1 层的Softmax函数
已替换 1 层的Softmax函数
已替换 10 层的Softmax函数
    Step 4/22 [softmax_L0->2]: accuracy=0.8873
已完全恢复原始模型状态
已替换 2 层的GELU函数
已替换 10 层的GELU函数
已替换 1 层的Softmax函数
已替换 2 层的Softmax函数
已替换 9 层的Softmax函数
已完全恢复原始模型状态
已替换 2 层的GELU函数
已替换 10 层的GELU函数
已替换 1 层的Softmax函数
已替换 3 层的Softmax函数
已替换 8 层的Softmax函数
    Step 6/22 [softmax_L2->4]: accuracy=0.8824
已完全恢复原始模型状态
已替换 3 层的GELU函数
已替换 9 层的GELU函数
已替换 1 层的Softmax函数
已替换 3 层的Softmax函数
已替换 8 层的Softmax函数
已完全恢复原始模型状态
已替换 3 层的GELU函数
已替换 9 层的GELU函数
已替换 1 层的Softmax函数
已替换 3 层的Softmax函数
已替换 1 层的Softmax函数
已替换 7 层的Softmax函数
    Step 8/22 [softmax_L6->5]: accuracy=0.8824
已完全恢复原始模型状态
已替换 3 层的GELU函数
已替换 9 层的GELU函数
已替换 1 层的Softmax函数
已替换 1 层的Softmax函数
已替换 3 层的Softmax函数
已替换 1 层的Softmax函数
已替换 6 层的Softmax函数
已完全恢复原始模型状态
已替换 4 层的GELU函数
已替换 8 层的GELU函数
已替换 1 层的Softmax函数
已替换 1 层的Softmax函数
已替换 3 层的Softmax函数
已替换 1 层的Softmax函数
已替换 6 层的Softmax函数
    Step 10/22 [gelu_L2->1]: accuracy=0.8775
已完全恢复原始模型状态
已替换 4 层的GELU函数
已替换 8 层的GELU函数
已替换 1 层的Softmax函数
已替换 1 层的Softmax函数
已替换 3 层的Softmax函数
已替换 2 层的Softmax函数
已替换 5 层的Softmax函数
已完全恢复原始模型状态
已替换 5 层的GELU函数
已替换 7 层的GELU函数
已替换 1 层的Softmax函数
已替换 1 层的Softmax函数
已替换 3 层的Softmax函数
已替换 2 层的Softmax函数
已替换 5 层的Softmax函数
    Step 12/22 [gelu_L7->1]: accuracy=0.8799
已完全恢复原始模型状态
已替换 6 层的GELU函数
已替换 6 层的GELU函数
已替换 1 层的Softmax函数
已替换 1 层的Softmax函数
已替换 3 层的Softmax函数
已替换 2 层的Softmax函数
已替换 5 层的Softmax函数
已完全恢复原始模型状态
已替换 7 层的GELU函数
已替换 5 层的GELU函数
已替换 1 层的Softmax函数
已替换 1 层的Softmax函数
已替换 3 层的Softmax函数
已替换 2 层的Softmax函数
已替换 5 层的Softmax函数
    Step 14/22 [gelu_L9->1]: accuracy=0.8750
已完全恢复原始模型状态
已替换 8 层的GELU函数
已替换 4 层的GELU函数
已替换 1 层的Softmax函数
已替换 1 层的Softmax函数
已替换 3 层的Softmax函数
已替换 2 层的Softmax函数
已替换 5 层的Softmax函数
已完全恢复原始模型状态
已替换 8 层的GELU函数
已替换 4 层的GELU函数
已替换 1 层的Softmax函数
已替换 1 层的Softmax函数
已替换 4 层的Softmax函数
已替换 2 层的Softmax函数
已替换 4 层的Softmax函数
    Step 16/22 [softmax_L5->4]: accuracy=0.8676
已完全恢复原始模型状态
已替换 8 层的GELU函数
已替换 4 层的GELU函数
已替换 2 层的Softmax函数
已替换 1 层的Softmax函数
已替换 4 层的Softmax函数
已替换 2 层的Softmax函数
已替换 3 层的Softmax函数
已完全恢复原始模型状态
已替换 8 层的GELU函数
已替换 4 层的GELU函数
已替换 2 层的Softmax函数
已替换 1 层的Softmax函数
已替换 5 层的Softmax函数
已替换 2 层的Softmax函数
已替换 2 层的Softmax函数
    Step 18/22 [softmax_L4->4]: accuracy=0.8775
已完全恢复原始模型状态
已替换 9 层的GELU函数
已替换 3 层的GELU函数
已替换 2 层的Softmax函数
已替换 1 层的Softmax函数
已替换 5 层的Softmax函数
已替换 2 层的Softmax函数
已替换 2 层的Softmax函数
已完全恢复原始模型状态
已替换 10 层的GELU函数
已替换 2 层的GELU函数
已替换 2 层的Softmax函数
已替换 1 层的Softmax函数
已替换 5 层的Softmax函数
已替换 2 层的Softmax函数
已替换 2 层的Softmax函数
    Step 20/22 [gelu_L8->1]: accuracy=0.8799
已完全恢复原始模型状态
已替换 10 层的GELU函数
已替换 2 层的GELU函数
已替换 2 层的Softmax函数
已替换 1 层的Softmax函数
已替换 5 层的Softmax函数
已替换 3 层的Softmax函数
已替换 1 层的Softmax函数
已完全恢复原始模型状态
已替换 11 层的GELU函数
已替换 1 层的GELU函数
已替换 2 层的Softmax函数
已替换 1 层的Softmax函数
已替换 5 层的Softmax函数
已替换 3 层的Softmax函数
已替换 1 层的Softmax函数
    Step 22/22 [gelu_L4->1]: accuracy=0.8824

  --- Trial 2/5 ---
已完全恢复原始模型状态
已替换 12 层的GELU函数
已替换 12 层的Softmax函数
    Step 0 (baseline): accuracy=0.8799
已完全恢复原始模型状态
已替换 12 层的GELU函数
已替换 1 层的Softmax函数
已替换 11 层的Softmax函数
已完全恢复原始模型状态
已替换 1 层的GELU函数
已替换 11 层的GELU函数
已替换 1 层的Softmax函数
已替换 11 层的Softmax函数
    Step 2/22 [gelu_L7->1]: accuracy=0.8799
已完全恢复原始模型状态
已替换 2 层的GELU函数
已替换 10 层的GELU函数
已替换 1 层的Softmax函数
已替换 11 层的Softmax函数
已完全恢复原始模型状态
已替换 2 层的GELU函数
已替换 10 层的GELU函数
已替换 1 层的Softmax函数
已替换 1 层的Softmax函数
已替换 10 层的Softmax函数
    Step 4/22 [softmax_L2->4]: accuracy=0.8701
已完全恢复原始模型状态
已替换 3 层的GELU函数
已替换 9 层的GELU函数
已替换 1 层的Softmax函数
已替换 1 层的Softmax函数
已替换 10 层的Softmax函数
已完全恢复原始模型状态
已替换 3 层的GELU函数
已替换 9 层的GELU函数
已替换 1 层的Softmax函数
已替换 1 层的Softmax函数
已替换 1 层的Softmax函数
已替换 9 层的Softmax函数
    Step 6/22 [softmax_L6->5]: accuracy=0.8725
已完全恢复原始模型状态
已替换 4 层的GELU函数
已替换 8 层的GELU函数
已替换 1 层的Softmax函数
已替换 1 层的Softmax函数
已替换 1 层的Softmax函数
已替换 9 层的Softmax函数
已完全恢复原始模型状态
已替换 4 层的GELU函数
已替换 8 层的GELU函数
已替换 1 层的Softmax函数
已替换 2 层的Softmax函数
已替换 1 层的Softmax函数
已替换 8 层的Softmax函数
    Step 8/22 [softmax_L7->4]: accuracy=0.8775
已完全恢复原始模型状态
已替换 4 层的GELU函数
已替换 8 层的GELU函数
已替换 2 层的Softmax函数
已替换 2 层的Softmax函数
已替换 1 层的Softmax函数
已替换 7 层的Softmax函数
已完全恢复原始模型状态
已替换 4 层的GELU函数
已替换 8 层的GELU函数
已替换 2 层的Softmax函数
已替换 3 层的Softmax函数
已替换 1 层的Softmax函数
已替换 6 层的Softmax函数
    Step 10/22 [softmax_L5->4]: accuracy=0.8799
已完全恢复原始模型状态
已替换 5 层的GELU函数
已替换 7 层的GELU函数
已替换 2 层的Softmax函数
已替换 3 层的Softmax函数
已替换 1 层的Softmax函数
已替换 6 层的Softmax函数
已完全恢复原始模型状态
已替换 5 层的GELU函数
已替换 7 层的GELU函数
已替换 2 层的Softmax函数
已替换 1 层的Softmax函数
已替换 3 层的Softmax函数
已替换 1 层的Softmax函数
已替换 5 层的Softmax函数
    Step 12/22 [softmax_L1->3]: accuracy=0.8799
已完全恢复原始模型状态
已替换 6 层的GELU函数
已替换 6 层的GELU函数
已替换 2 层的Softmax函数
已替换 1 层的Softmax函数
已替换 3 层的Softmax函数
已替换 1 层的Softmax函数
已替换 5 层的Softmax函数
已完全恢复原始模型状态
已替换 6 层的GELU函数
已替换 6 层的GELU函数
已替换 2 层的Softmax函数
已替换 1 层的Softmax函数
已替换 4 层的Softmax函数
已替换 1 层的Softmax函数
已替换 4 层的Softmax函数
    Step 14/22 [softmax_L4->4]: accuracy=0.8799
已完全恢复原始模型状态
已替换 6 层的GELU函数
已替换 6 层的GELU函数
已替换 2 层的Softmax函数
已替换 1 层的Softmax函数
已替换 5 层的Softmax函数
已替换 1 层的Softmax函数
已替换 3 层的Softmax函数
已完全恢复原始模型状态
已替换 7 层的GELU函数
已替换 5 层的GELU函数
已替换 2 层的Softmax函数
已替换 1 层的Softmax函数
已替换 5 层的Softmax函数
已替换 1 层的Softmax函数
已替换 3 层的Softmax函数
    Step 16/22 [gelu_L8->1]: accuracy=0.8848
已完全恢复原始模型状态
已替换 8 层的GELU函数
已替换 4 层的GELU函数
已替换 2 层的Softmax函数
已替换 1 层的Softmax函数
已替换 5 层的Softmax函数
已替换 1 层的Softmax函数
已替换 3 层的Softmax函数
已完全恢复原始模型状态
已替换 8 层的GELU函数
已替换 4 层的GELU函数
已替换 2 层的Softmax函数
已替换 1 层的Softmax函数
已替换 5 层的Softmax函数
已替换 2 层的Softmax函数
已替换 2 层的Softmax函数
    Step 18/22 [softmax_L10->5]: accuracy=0.8775
已完全恢复原始模型状态
已替换 9 层的GELU函数
已替换 3 层的GELU函数
已替换 2 层的Softmax函数
已替换 1 层的Softmax函数
已替换 5 层的Softmax函数
已替换 2 层的Softmax函数
已替换 2 层的Softmax函数
已完全恢复原始模型状态
已替换 9 层的GELU函数
已替换 3 层的GELU函数
已替换 2 层的Softmax函数
已替换 1 层的Softmax函数
已替换 5 层的Softmax函数
已替换 3 层的Softmax函数
已替换 1 层的Softmax函数
    Step 20/22 [softmax_L9->5]: accuracy=0.8775
已完全恢复原始模型状态
已替换 10 层的GELU函数
已替换 2 层的GELU函数
已替换 2 层的Softmax函数
已替换 1 层的Softmax函数
已替换 5 层的Softmax函数
已替换 3 层的Softmax函数
已替换 1 层的Softmax函数
已完全恢复原始模型状态
已替换 11 层的GELU函数
已替换 1 层的GELU函数
已替换 2 层的Softmax函数
已替换 1 层的Softmax函数
已替换 5 层的Softmax函数
已替换 3 层的Softmax函数
已替换 1 层的Softmax函数
    Step 22/22 [gelu_L2->1]: accuracy=0.8824

  --- Trial 3/5 ---
已完全恢复原始模型状态
已替换 12 层的GELU函数
已替换 12 层的Softmax函数
    Step 0 (baseline): accuracy=0.8799
已完全恢复原始模型状态
已替换 1 层的GELU函数
已替换 11 层的GELU函数
已替换 12 层的Softmax函数
已完全恢复原始模型状态
已替换 2 层的GELU函数
已替换 10 层的GELU函数
已替换 12 层的Softmax函数
    Step 2/22 [gelu_L1->1]: accuracy=0.8725
已完全恢复原始模型状态
已替换 2 层的GELU函数
已替换 10 层的GELU函数
已替换 1 层的Softmax函数
已替换 11 层的Softmax函数
已完全恢复原始模型状态
已替换 2 层的GELU函数
已替换 10 层的GELU函数
已替换 1 层的Softmax函数
已替换 1 层的Softmax函数
已替换 10 层的Softmax函数
    Step 4/22 [softmax_L0->2]: accuracy=0.8775
已完全恢复原始模型状态
已替换 2 层的GELU函数
已替换 10 层的GELU函数
已替换 1 层的Softmax函数
已替换 2 层的Softmax函数
已替换 9 层的Softmax函数
已完全恢复原始模型状态
已替换 2 层的GELU函数
已替换 10 层的GELU函数
已替换 1 层的Softmax函数
已替换 3 层的Softmax函数
已替换 8 层的Softmax函数
    Step 6/22 [softmax_L5->4]: accuracy=0.8725
已完全恢复原始模型状态
已替换 3 层的GELU函数
已替换 9 层的GELU函数
已替换 1 层的Softmax函数
已替换 3 层的Softmax函数
已替换 8 层的Softmax函数
已完全恢复原始模型状态
已替换 4 层的GELU函数
已替换 8 层的GELU函数
已替换 1 层的Softmax函数
已替换 3 层的Softmax函数
已替换 8 层的Softmax函数
    Step 8/22 [gelu_L10->1]: accuracy=0.8799
已完全恢复原始模型状态
已替换 5 层的GELU函数
已替换 7 层的GELU函数
已替换 1 层的Softmax函数
已替换 3 层的Softmax函数
已替换 8 层的Softmax函数
已完全恢复原始模型状态
已替换 6 层的GELU函数
已替换 6 层的GELU函数
已替换 1 层的Softmax函数
已替换 3 层的Softmax函数
已替换 8 层的Softmax函数
    Step 10/22 [gelu_L4->1]: accuracy=0.8701
已完全恢复原始模型状态
已替换 6 层的GELU函数
已替换 6 层的GELU函数
已替换 1 层的Softmax函数
已替换 3 层的Softmax函数
已替换 1 层的Softmax函数
已替换 7 层的Softmax函数
已完全恢复原始模型状态
已替换 6 层的GELU函数
已替换 6 层的GELU函数
已替换 1 层的Softmax函数
已替换 4 层的Softmax函数
已替换 1 层的Softmax函数
已替换 6 层的Softmax函数
    Step 12/22 [softmax_L4->4]: accuracy=0.8676
已完全恢复原始模型状态
已替换 7 层的GELU函数
已替换 5 层的GELU函数
已替换 1 层的Softmax函数
已替换 4 层的Softmax函数
已替换 1 层的Softmax函数
已替换 6 层的Softmax函数
已完全恢复原始模型状态
已替换 8 层的GELU函数
已替换 4 层的GELU函数
已替换 1 层的Softmax函数
已替换 4 层的Softmax函数
已替换 1 层的Softmax函数
已替换 6 层的Softmax函数
    Step 14/22 [gelu_L6->1]: accuracy=0.8775
已完全恢复原始模型状态
已替换 8 层的GELU函数
已替换 4 层的GELU函数
已替换 1 层的Softmax函数
已替换 4 层的Softmax函数
已替换 2 层的Softmax函数
已替换 5 层的Softmax函数
已完全恢复原始模型状态
已替换 9 层的GELU函数
已替换 3 层的GELU函数
已替换 1 层的Softmax函数
已替换 4 层的Softmax函数
已替换 2 层的Softmax函数
已替换 5 层的Softmax函数
    Step 16/22 [gelu_L2->1]: accuracy=0.8750
已完全恢复原始模型状态
已替换 10 层的GELU函数
已替换 2 层的GELU函数
已替换 1 层的Softmax函数
已替换 4 层的Softmax函数
已替换 2 层的Softmax函数
已替换 5 层的Softmax函数
已完全恢复原始模型状态
已替换 10 层的GELU函数
已替换 2 层的GELU函数
已替换 2 层的Softmax函数
已替换 4 层的Softmax函数
已替换 2 层的Softmax函数
已替换 4 层的Softmax函数
    Step 18/22 [softmax_L11->2]: accuracy=0.8799
已完全恢复原始模型状态
已替换 10 层的GELU函数
已替换 2 层的GELU函数
已替换 2 层的Softmax函数
已替换 5 层的Softmax函数
已替换 2 层的Softmax函数
已替换 3 层的Softmax函数
已完全恢复原始模型状态
已替换 10 层的GELU函数
已替换 2 层的GELU函数
已替换 2 层的Softmax函数
已替换 5 层的Softmax函数
已替换 3 层的Softmax函数
已替换 2 层的Softmax函数
    Step 20/22 [softmax_L9->5]: accuracy=0.8824
已完全恢复原始模型状态
已替换 10 层的GELU函数
已替换 2 层的GELU函数
已替换 2 层的Softmax函数
已替换 1 层的Softmax函数
已替换 5 层的Softmax函数
已替换 3 层的Softmax函数
已替换 1 层的Softmax函数
已完全恢复原始模型状态
已替换 11 层的GELU函数
已替换 1 层的GELU函数
已替换 2 层的Softmax函数
已替换 1 层的Softmax函数
已替换 5 层的Softmax函数
已替换 3 层的Softmax函数
已替换 1 层的Softmax函数
    Step 22/22 [gelu_L11->1]: accuracy=0.8824

  --- Trial 4/5 ---
已完全恢复原始模型状态
已替换 12 层的GELU函数
已替换 12 层的Softmax函数
    Step 0 (baseline): accuracy=0.8799
已完全恢复原始模型状态
已替换 1 层的GELU函数
已替换 11 层的GELU函数
已替换 12 层的Softmax函数
已完全恢复原始模型状态
已替换 2 层的GELU函数
已替换 10 层的GELU函数
已替换 12 层的Softmax函数
    Step 2/22 [gelu_L9->1]: accuracy=0.8799
已完全恢复原始模型状态
已替换 3 层的GELU函数
已替换 9 层的GELU函数
已替换 12 层的Softmax函数
已完全恢复原始模型状态
已替换 3 层的GELU函数
已替换 9 层的GELU函数
已替换 1 层的Softmax函数
已替换 11 层的Softmax函数
    Step 4/22 [softmax_L10->5]: accuracy=0.8799
已完全恢复原始模型状态
已替换 3 层的GELU函数
已替换 9 层的GELU函数
已替换 1 层的Softmax函数
已替换 1 层的Softmax函数
已替换 10 层的Softmax函数
已完全恢复原始模型状态
已替换 4 层的GELU函数
已替换 8 层的GELU函数
已替换 1 层的Softmax函数
已替换 1 层的Softmax函数
已替换 10 层的Softmax函数
    Step 6/22 [gelu_L1->1]: accuracy=0.8750
已完全恢复原始模型状态
已替换 4 层的GELU函数
已替换 8 层的GELU函数
已替换 1 层的Softmax函数
已替换 2 层的Softmax函数
已替换 9 层的Softmax函数
已完全恢复原始模型状态
已替换 4 层的GELU函数
已替换 8 层的GELU函数
已替换 1 层的Softmax函数
已替换 1 层的Softmax函数
已替换 2 层的Softmax函数
已替换 8 层的Softmax函数
    Step 8/22 [softmax_L7->4]: accuracy=0.8799
已完全恢复原始模型状态
已替换 5 层的GELU函数
已替换 7 层的GELU函数
已替换 1 层的Softmax函数
已替换 1 层的Softmax函数
已替换 2 层的Softmax函数
已替换 8 层的Softmax函数
已完全恢复原始模型状态
已替换 5 层的GELU函数
已替换 7 层的GELU函数
已替换 1 层的Softmax函数
已替换 2 层的Softmax函数
已替换 2 层的Softmax函数
已替换 7 层的Softmax函数
    Step 10/22 [softmax_L4->4]: accuracy=0.8775
已完全恢复原始模型状态
已替换 6 层的GELU函数
已替换 6 层的GELU函数
已替换 1 层的Softmax函数
已替换 2 层的Softmax函数
已替换 2 层的Softmax函数
已替换 7 层的Softmax函数
已完全恢复原始模型状态
已替换 7 层的GELU函数
已替换 5 层的GELU函数
已替换 1 层的Softmax函数
已替换 2 层的Softmax函数
已替换 2 层的Softmax函数
已替换 7 层的Softmax函数
    Step 12/22 [gelu_L4->1]: accuracy=0.8775
已完全恢复原始模型状态
已替换 7 层的GELU函数
已替换 5 层的GELU函数
已替换 1 层的Softmax函数
已替换 3 层的Softmax函数
已替换 2 层的Softmax函数
已替换 6 层的Softmax函数
已完全恢复原始模型状态
已替换 7 层的GELU函数
已替换 5 层的GELU函数
已替换 1 层的Softmax函数
已替换 4 层的Softmax函数
已替换 2 层的Softmax函数
已替换 5 层的Softmax函数
    Step 14/22 [softmax_L2->4]: accuracy=0.8725
已完全恢复原始模型状态
已替换 8 层的GELU函数
已替换 4 层的GELU函数
已替换 1 层的Softmax函数
已替换 4 层的Softmax函数
已替换 2 层的Softmax函数
已替换 5 层的Softmax函数
已完全恢复原始模型状态
已替换 8 层的GELU函数
已替换 4 层的GELU函数
已替换 2 层的Softmax函数
已替换 4 层的Softmax函数
已替换 2 层的Softmax函数
已替换 4 层的Softmax函数
    Step 16/22 [softmax_L0->2]: accuracy=0.8725
已完全恢复原始模型状态
已替换 8 层的GELU函数
已替换 4 层的GELU函数
已替换 2 层的Softmax函数
已替换 5 层的Softmax函数
已替换 2 层的Softmax函数
已替换 3 层的Softmax函数
已完全恢复原始模型状态
已替换 9 层的GELU函数
已替换 3 层的GELU函数
已替换 2 层的Softmax函数
已替换 5 层的Softmax函数
已替换 2 层的Softmax函数
已替换 3 层的Softmax函数
    Step 18/22 [gelu_L2->1]: accuracy=0.8799
已完全恢复原始模型状态
已替换 10 层的GELU函数
已替换 2 层的GELU函数
已替换 2 层的Softmax函数
已替换 5 层的Softmax函数
已替换 2 层的Softmax函数
已替换 3 层的Softmax函数
已完全恢复原始模型状态
已替换 11 层的GELU函数
已替换 1 层的GELU函数
已替换 2 层的Softmax函数
已替换 5 层的Softmax函数
已替换 2 层的Softmax函数
已替换 3 层的Softmax函数
    Step 20/22 [gelu_L0->1]: accuracy=0.8824
已完全恢复原始模型状态
已替换 11 层的GELU函数
已替换 1 层的GELU函数
已替换 2 层的Softmax函数
已替换 1 层的Softmax函数
已替换 5 层的Softmax函数
已替换 2 层的Softmax函数
已替换 2 层的Softmax函数
已完全恢复原始模型状态
已替换 11 层的GELU函数
已替换 1 层的GELU函数
已替换 2 层的Softmax函数
已替换 1 层的Softmax函数
已替换 5 层的Softmax函数
已替换 3 层的Softmax函数
已替换 1 层的Softmax函数
    Step 22/22 [softmax_L6->5]: accuracy=0.8824

  --- Trial 5/5 ---
已完全恢复原始模型状态
已替换 12 层的GELU函数
已替换 12 层的Softmax函数
    Step 0 (baseline): accuracy=0.8799
已完全恢复原始模型状态
已替换 12 层的GELU函数
已替换 1 层的Softmax函数
已替换 11 层的Softmax函数
已完全恢复原始模型状态
已替换 12 层的GELU函数
已替换 1 层的Softmax函数
已替换 1 层的Softmax函数
已替换 10 层的Softmax函数
    Step 2/22 [softmax_L1->3]: accuracy=0.8775
已完全恢复原始模型状态
已替换 1 层的GELU函数
已替换 11 层的GELU函数
已替换 1 层的Softmax函数
已替换 1 层的Softmax函数
已替换 10 层的Softmax函数
已完全恢复原始模型状态
已替换 2 层的GELU函数
已替换 10 层的GELU函数
已替换 1 层的Softmax函数
已替换 1 层的Softmax函数
已替换 10 层的Softmax函数
    Step 4/22 [gelu_L6->1]: accuracy=0.8824
已完全恢复原始模型状态
已替换 2 层的GELU函数
已替换 10 层的GELU函数
已替换 2 层的Softmax函数
已替换 1 层的Softmax函数
已替换 9 层的Softmax函数
已完全恢复原始模型状态
已替换 3 层的GELU函数
已替换 9 层的GELU函数
已替换 2 层的Softmax函数
已替换 1 层的Softmax函数
已替换 9 层的Softmax函数
    Step 6/22 [gelu_L7->1]: accuracy=0.8799
已完全恢复原始模型状态
已替换 3 层的GELU函数
已替换 9 层的GELU函数
已替换 2 层的Softmax函数
已替换 1 层的Softmax函数
已替换 1 层的Softmax函数
已替换 8 层的Softmax函数
已完全恢复原始模型状态
已替换 3 层的GELU函数
已替换 9 层的GELU函数
已替换 2 层的Softmax函数
已替换 1 层的Softmax函数
已替换 2 层的Softmax函数
已替换 7 层的Softmax函数
    Step 8/22 [softmax_L7->4]: accuracy=0.8824
已完全恢复原始模型状态
已替换 3 层的GELU函数
已替换 9 层的GELU函数
已替换 2 层的Softmax函数
已替换 1 层的Softmax函数
已替换 3 层的Softmax函数
已替换 6 层的Softmax函数
已完全恢复原始模型状态
已替换 4 层的GELU函数
已替换 8 层的GELU函数
已替换 2 层的Softmax函数
已替换 1 层的Softmax函数
已替换 3 层的Softmax函数
已替换 6 层的Softmax函数
    Step 10/22 [gelu_L8->1]: accuracy=0.8848
已完全恢复原始模型状态
已替换 5 层的GELU函数
已替换 7 层的GELU函数
已替换 2 层的Softmax函数
已替换 1 层的Softmax函数
已替换 3 层的Softmax函数
已替换 6 层的Softmax函数
已完全恢复原始模型状态
已替换 5 层的GELU函数
已替换 7 层的GELU函数
已替换 2 层的Softmax函数
已替换 1 层的Softmax函数
已替换 4 层的Softmax函数
已替换 5 层的Softmax函数
    Step 12/22 [softmax_L4->4]: accuracy=0.8725
已完全恢复原始模型状态
已替换 6 层的GELU函数
已替换 6 层的GELU函数
已替换 2 层的Softmax函数
已替换 1 层的Softmax函数
已替换 4 层的Softmax函数
已替换 5 层的Softmax函数
已完全恢复原始模型状态
已替换 7 层的GELU函数
已替换 5 层的GELU函数
已替换 2 层的Softmax函数
已替换 1 层的Softmax函数
已替换 4 层的Softmax函数
已替换 5 层的Softmax函数
    Step 14/22 [gelu_L11->1]: accuracy=0.8848
已完全恢复原始模型状态
已替换 8 层的GELU函数
已替换 4 层的GELU函数
已替换 2 层的Softmax函数
已替换 1 层的Softmax函数
已替换 4 层的Softmax函数
已替换 5 层的Softmax函数
已完全恢复原始模型状态
已替换 8 层的GELU函数
已替换 4 层的GELU函数
已替换 2 层的Softmax函数
已替换 1 层的Softmax函数
已替换 4 层的Softmax函数
已替换 1 层的Softmax函数
已替换 4 层的Softmax函数
    Step 16/22 [softmax_L9->5]: accuracy=0.8799
已完全恢复原始模型状态
已替换 9 层的GELU函数
已替换 3 层的GELU函数
已替换 2 层的Softmax函数
已替换 1 层的Softmax函数
已替换 4 层的Softmax函数
已替换 1 层的Softmax函数
已替换 4 层的Softmax函数
已完全恢复原始模型状态
已替换 9 层的GELU函数
已替换 3 层的GELU函数
已替换 2 层的Softmax函数
已替换 1 层的Softmax函数
已替换 4 层的Softmax函数
已替换 2 层的Softmax函数
已替换 3 层的Softmax函数
    Step 18/22 [softmax_L6->5]: accuracy=0.8750
已完全恢复原始模型状态
已替换 10 层的GELU函数
已替换 2 层的GELU函数
已替换 2 层的Softmax函数
已替换 1 层的Softmax函数
已替换 4 层的Softmax函数
已替换 2 层的Softmax函数
已替换 3 层的Softmax函数
已完全恢复原始模型状态
已替换 10 层的GELU函数
已替换 2 层的GELU函数
已替换 2 层的Softmax函数
已替换 1 层的Softmax函数
已替换 4 层的Softmax函数
已替换 3 层的Softmax函数
已替换 2 层的Softmax函数
    Step 20/22 [softmax_L10->5]: accuracy=0.8799
已完全恢复原始模型状态
已替换 11 层的GELU函数
已替换 1 层的GELU函数
已替换 2 层的Softmax函数
已替换 1 层的Softmax函数
已替换 4 层的Softmax函数
已替换 3 层的Softmax函数
已替换 2 层的Softmax函数
已完全恢复原始模型状态
已替换 11 层的GELU函数
已替换 1 层的GELU函数
已替换 2 层的Softmax函数
已替换 1 层的Softmax函数
已替换 5 层的Softmax函数
已替换 3 层的Softmax函数
已替换 1 层的Softmax函数
    Step 22/22 [softmax_L2->4]: accuracy=0.8824
  Saved: experiment_results/stepwise/stepwise_degradation_mrpc.png

============================================================
  Stepwise Degradation: STSB
============================================================
  Target GELU:    [1, 1, 2, 2, 2, 1, 1, 4, 4, 1, 1, 2]
  Target Softmax: [2, 3, 4, 5, 3, 5, 3, 5, 6, 2, 5, 5]
  Total degradation steps: 21
/var/tmp/root-home/miniconda3/envs/llm_ist/lib/python3.10/site-packages/huggingface_hub/file_download.py:942: FutureWarning: `resume_download` is deprecated and will be removed in version 1.0.0. Downloads always resume when possible. If you want to force a new download, use `force_download=True`.
  warnings.warn(

  --- Trial 1/5 ---
已完全恢复原始模型状态
已替换 12 层的GELU函数
已替换 12 层的Softmax函数
You're using a BertTokenizerFast tokenizer. Please note that with a fast tokenizer, using the `__call__` method is faster than using a method to encode the text followed by a call to the `pad` method to get a padded encoding.
    Step 0 (baseline): pearson=0.8803
已完全恢复原始模型状态
已替换 1 层的GELU函数
已替换 11 层的GELU函数
已替换 12 层的Softmax函数
已完全恢复原始模型状态
已替换 2 层的GELU函数
已替换 10 层的GELU函数
已替换 12 层的Softmax函数
    Step 2/21 [gelu_L10->1]: pearson=0.8796
已完全恢复原始模型状态
已替换 3 层的GELU函数
已替换 9 层的GELU函数
已替换 12 层的Softmax函数
已完全恢复原始模型状态
已替换 3 层的GELU函数
已替换 9 层的GELU函数
已替换 1 层的Softmax函数
已替换 11 层的Softmax函数
    Step 4/21 [softmax_L0->2]: pearson=0.8801
已完全恢复原始模型状态
已替换 3 层的GELU函数
已替换 1 层的GELU函数
已替换 8 层的GELU函数
已替换 1 层的Softmax函数
已替换 11 层的Softmax函数
已完全恢复原始模型状态
已替换 3 层的GELU函数
已替换 1 层的GELU函数
已替换 8 层的GELU函数
已替换 1 层的Softmax函数
已替换 1 层的Softmax函数
已替换 10 层的Softmax函数
    Step 6/21 [softmax_L2->4]: pearson=0.8799
已完全恢复原始模型状态
已替换 3 层的GELU函数
已替换 1 层的GELU函数
已替换 8 层的GELU函数
已替换 1 层的Softmax函数
已替换 1 层的Softmax函数
已替换 1 层的Softmax函数
已替换 9 层的Softmax函数
已完全恢复原始模型状态
已替换 3 层的GELU函数
已替换 1 层的GELU函数
已替换 8 层的GELU函数
已替换 1 层的Softmax函数
已替换 1 层的Softmax函数
已替换 1 层的Softmax函数
已替换 1 层的Softmax函数
已替换 8 层的Softmax函数
    Step 8/21 [softmax_L1->3]: pearson=0.8796
已完全恢复原始模型状态
已替换 3 层的GELU函数
已替换 1 层的GELU函数
已替换 8 层的GELU函数
已替换 1 层的Softmax函数
已替换 1 层的Softmax函数
已替换 1 层的Softmax函数
已替换 2 层的Softmax函数
已替换 7 层的Softmax函数
已完全恢复原始模型状态
已替换 3 层的GELU函数
已替换 1 层的GELU函数
已替换 8 层的GELU函数
已替换 2 层的Softmax函数
已替换 1 层的Softmax函数
已替换 1 层的Softmax函数
已替换 2 层的Softmax函数
已替换 6 层的Softmax函数
    Step 10/21 [softmax_L9->2]: pearson=0.8796
已完全恢复原始模型状态
已替换 3 层的GELU函数
已替换 1 层的GELU函数
已替换 8 层的GELU函数
已替换 2 层的Softmax函数
已替换 2 层的Softmax函数
已替换 1 层的Softmax函数
已替换 2 层的Softmax函数
已替换 5 层的Softmax函数
已完全恢复原始模型状态
已替换 4 层的GELU函数
已替换 1 层的GELU函数
已替换 7 层的GELU函数
已替换 2 层的Softmax函数
已替换 2 层的Softmax函数
已替换 1 层的Softmax函数
已替换 2 层的Softmax函数
已替换 5 层的Softmax函数
    Step 12/21 [gelu_L1->1]: pearson=0.8776
已完全恢复原始模型状态
已替换 4 层的GELU函数
已替换 1 层的GELU函数
已替换 7 层的GELU函数
已替换 2 层的Softmax函数
已替换 3 层的Softmax函数
已替换 1 层的Softmax函数
已替换 2 层的Softmax函数
已替换 4 层的Softmax函数
已完全恢复原始模型状态
已替换 4 层的GELU函数
已替换 1 层的GELU函数
已替换 7 层的GELU函数
已替换 2 层的Softmax函数
已替换 3 层的Softmax函数
已替换 1 层的Softmax函数
已替换 3 层的Softmax函数
已替换 3 层的Softmax函数
    Step 14/21 [softmax_L11->5]: pearson=0.8771
已完全恢复原始模型状态
已替换 4 层的GELU函数
已替换 2 层的GELU函数
已替换 6 层的GELU函数
已替换 2 层的Softmax函数
已替换 3 层的Softmax函数
已替换 1 层的Softmax函数
已替换 3 层的Softmax函数
已替换 3 层的Softmax函数
已完全恢复原始模型状态
已替换 5 层的GELU函数
已替换 2 层的GELU函数
已替换 5 层的GELU函数
已替换 2 层的Softmax函数
已替换 3 层的Softmax函数
已替换 1 层的Softmax函数
已替换 3 层的Softmax函数
已替换 3 层的Softmax函数
    Step 16/21 [gelu_L6->1]: pearson=0.8766
已完全恢复原始模型状态
已替换 5 层的GELU函数
已替换 2 层的GELU函数
已替换 5 层的GELU函数
已替换 2 层的Softmax函数
已替换 3 层的Softmax函数
已替换 1 层的Softmax函数
已替换 4 层的Softmax函数
已替换 2 层的Softmax函数
已完全恢复原始模型状态
已替换 6 层的GELU函数
已替换 2 层的GELU函数
已替换 4 层的GELU函数
已替换 2 层的Softmax函数
已替换 3 层的Softmax函数
已替换 1 层的Softmax函数
已替换 4 层的Softmax函数
已替换 2 层的Softmax函数
    Step 18/21 [gelu_L5->1]: pearson=0.8765
已完全恢复原始模型状态
已替换 6 层的GELU函数
已替换 2 层的GELU函数
已替换 4 层的GELU函数
已替换 2 层的Softmax函数
已替换 3 层的Softmax函数
已替换 1 层的Softmax函数
已替换 5 层的Softmax函数
已替换 1 层的Softmax函数
已完全恢复原始模型状态
已替换 6 层的GELU函数
已替换 3 层的GELU函数
已替换 3 层的GELU函数
已替换 2 层的Softmax函数
已替换 3 层的Softmax函数
已替换 1 层的Softmax函数
已替换 5 层的Softmax函数
已替换 1 层的Softmax函数
    Step 20/21 [gelu_L11->2]: pearson=0.8765
已完全恢复原始模型状态
已替换 6 层的GELU函数
已替换 4 层的GELU函数
已替换 2 层的GELU函数
已替换 2 层的Softmax函数
已替换 3 层的Softmax函数
已替换 1 层的Softmax函数
已替换 5 层的Softmax函数
已替换 1 层的Softmax函数
    Step 21/21 [gelu_L3->2]: pearson=0.8763

  --- Trial 2/5 ---
已完全恢复原始模型状态
已替换 12 层的GELU函数
已替换 12 层的Softmax函数
    Step 0 (baseline): pearson=0.8803
已完全恢复原始模型状态
已替换 12 层的GELU函数
已替换 1 层的Softmax函数
已替换 11 层的Softmax函数
已完全恢复原始模型状态
已替换 1 层的GELU函数
已替换 11 层的GELU函数
已替换 1 层的Softmax函数
已替换 11 层的Softmax函数
    Step 2/21 [gelu_L6->1]: pearson=0.8799
已完全恢复原始模型状态
已替换 1 层的GELU函数
已替换 1 层的GELU函数
已替换 10 层的GELU函数
已替换 1 层的Softmax函数
已替换 11 层的Softmax函数
已完全恢复原始模型状态
已替换 1 层的GELU函数
已替换 1 层的GELU函数
已替换 10 层的GELU函数
已替换 1 层的Softmax函数
已替换 1 层的Softmax函数
已替换 10 层的Softmax函数
    Step 4/21 [softmax_L2->4]: pearson=0.8797
已完全恢复原始模型状态
已替换 1 层的GELU函数
已替换 2 层的GELU函数
已替换 9 层的GELU函数
已替换 1 层的Softmax函数
已替换 1 层的Softmax函数
已替换 10 层的Softmax函数
已完全恢复原始模型状态
已替换 1 层的GELU函数
已替换 2 层的GELU函数
已替换 9 层的GELU函数
已替换 1 层的Softmax函数
已替换 2 层的Softmax函数
已替换 9 层的Softmax函数
    Step 6/21 [softmax_L5->5]: pearson=0.8797
已完全恢复原始模型状态
已替换 2 层的GELU函数
已替换 2 层的GELU函数
已替换 8 层的GELU函数
已替换 1 层的Softmax函数
已替换 2 层的Softmax函数
已替换 9 层的Softmax函数
已完全恢复原始模型状态
已替换 2 层的GELU函数
已替换 2 层的GELU函数
已替换 8 层的GELU函数
已替换 1 层的Softmax函数
已替换 1 层的Softmax函数
已替换 2 层的Softmax函数
已替换 8 层的Softmax函数
    Step 8/21 [softmax_L6->3]: pearson=0.8792
已完全恢复原始模型状态
已替换 2 层的GELU函数
已替换 2 层的GELU函数
已替换 8 层的GELU函数
已替换 1 层的Softmax函数
已替换 1 层的Softmax函数
已替换 1 层的Softmax函数
已替换 2 层的Softmax函数
已替换 7 层的Softmax函数
已完全恢复原始模型状态
已替换 2 层的GELU函数
已替换 2 层的GELU函数
已替换 8 层的GELU函数
已替换 1 层的Softmax函数
已替换 2 层的Softmax函数
已替换 1 层的Softmax函数
已替换 2 层的Softmax函数
已替换 6 层的Softmax函数
    Step 10/21 [softmax_L4->3]: pearson=0.8788
已完全恢复原始模型状态
已替换 2 层的GELU函数
已替换 2 层的GELU函数
已替换 8 层的GELU函数
已替换 1 层的Softmax函数
已替换 2 层的Softmax函数
已替换 1 层的Softmax函数
已替换 3 层的Softmax函数
已替换 5 层的Softmax函数
已完全恢复原始模型状态
已替换 2 层的GELU函数
已替换 2 层的GELU函数
已替换 8 层的GELU函数
已替换 1 层的Softmax函数
已替换 3 层的Softmax函数
已替换 1 层的Softmax函数
已替换 3 层的Softmax函数
已替换 4 层的Softmax函数
    Step 12/21 [softmax_L1->3]: pearson=0.8785
已完全恢复原始模型状态
已替换 2 层的GELU函数
已替换 3 层的GELU函数
已替换 7 层的GELU函数
已替换 1 层的Softmax函数
已替换 3 层的Softmax函数
已替换 1 层的Softmax函数
已替换 3 层的Softmax函数
已替换 4 层的Softmax函数
已完全恢复原始模型状态
已替换 2 层的GELU函数
已替换 3 层的GELU函数
已替换 7 层的GELU函数
已替换 1 层的Softmax函数
已替换 3 层的Softmax函数
已替换 1 层的Softmax函数
已替换 4 层的Softmax函数
已替换 3 层的Softmax函数
    Step 14/21 [softmax_L3->5]: pearson=0.8783
已完全恢复原始模型状态
已替换 3 层的GELU函数
已替换 3 层的GELU函数
已替换 6 层的GELU函数
已替换 1 层的Softmax函数
已替换 3 层的Softmax函数
已替换 1 层的Softmax函数
已替换 4 层的Softmax函数
已替换 3 层的Softmax函数
已完全恢复原始模型状态
已替换 3 层的GELU函数
已替换 3 层的GELU函数
已替换 6 层的GELU函数
已替换 1 层的Softmax函数
已替换 3 层的Softmax函数
已替换 1 层的Softmax函数
已替换 5 层的Softmax函数
已替换 2 层的Softmax函数
    Step 16/21 [softmax_L7->5]: pearson=0.8787
已完全恢复原始模型状态
已替换 4 层的GELU函数
已替换 3 层的GELU函数
已替换 5 层的GELU函数
已替换 1 层的Softmax函数
已替换 3 层的Softmax函数
已替换 1 层的Softmax函数
已替换 5 层的Softmax函数
已替换 2 层的Softmax函数
已完全恢复原始模型状态
已替换 4 层的GELU函数
已替换 3 层的GELU函数
已替换 5 层的GELU函数
已替换 2 层的Softmax函数
已替换 3 层的Softmax函数
已替换 1 层的Softmax函数
已替换 5 层的Softmax函数
已替换 1 层的Softmax函数
    Step 18/21 [softmax_L9->2]: pearson=0.8770
已完全恢复原始模型状态
已替换 5 层的GELU函数
已替换 3 层的GELU函数
已替换 4 层的GELU函数
已替换 2 层的Softmax函数
已替换 3 层的Softmax函数
已替换 1 层的Softmax函数
已替换 5 层的Softmax函数
已替换 1 层的Softmax函数
已完全恢复原始模型状态
已替换 6 层的GELU函数
已替换 3 层的GELU函数
已替换 3 层的GELU函数
已替换 2 层的Softmax函数
已替换 3 层的Softmax函数
已替换 1 层的Softmax函数
已替换 5 层的Softmax函数
已替换 1 层的Softmax函数
    Step 20/21 [gelu_L0->1]: pearson=0.8764
已完全恢复原始模型状态
已替换 6 层的GELU函数
已替换 4 层的GELU函数
已替换 2 层的GELU函数
已替换 2 层的Softmax函数
已替换 3 层的Softmax函数
已替换 1 层的Softmax函数
已替换 5 层的Softmax函数
已替换 1 层的Softmax函数
    Step 21/21 [gelu_L2->2]: pearson=0.8763

  --- Trial 3/5 ---
已完全恢复原始模型状态
已替换 12 层的GELU函数
已替换 12 层的Softmax函数
    Step 0 (baseline): pearson=0.8803
已完全恢复原始模型状态
已替换 1 层的GELU函数
已替换 11 层的GELU函数
已替换 12 层的Softmax函数
已完全恢复原始模型状态
已替换 1 层的GELU函数
已替换 11 层的GELU函数
已替换 1 层的Softmax函数
已替换 11 层的Softmax函数
    Step 2/21 [softmax_L7->5]: pearson=0.8804
已完全恢复原始模型状态
已替换 1 层的GELU函数
已替换 11 层的GELU函数
已替换 1 层的Softmax函数
已替换 1 层的Softmax函数
已替换 10 层的Softmax函数
已完全恢复原始模型状态
已替换 2 层的GELU函数
已替换 10 层的GELU函数
已替换 1 层的Softmax函数
已替换 1 层的Softmax函数
已替换 10 层的Softmax函数
    Step 4/21 [gelu_L1->1]: pearson=0.8786
已完全恢复原始模型状态
已替换 2 层的GELU函数
已替换 10 层的GELU函数
已替换 1 层的Softmax函数
已替换 1 层的Softmax函数
已替换 1 层的Softmax函数
已替换 9 层的Softmax函数
已完全恢复原始模型状态
已替换 2 层的GELU函数
已替换 10 层的GELU函数
已替换 1 层的Softmax函数
已替换 1 层的Softmax函数
已替换 2 层的Softmax函数
已替换 8 层的Softmax函数
    Step 6/21 [softmax_L5->5]: pearson=0.8781
已完全恢复原始模型状态
已替换 2 层的GELU函数
已替换 10 层的GELU函数
已替换 1 层的Softmax函数
已替换 1 层的Softmax函数
已替换 3 层的Softmax函数
已替换 7 层的Softmax函数
已完全恢复原始模型状态
已替换 2 层的GELU函数
已替换 10 层的GELU函数
已替换 1 层的Softmax函数
已替换 1 层的Softmax函数
已替换 1 层的Softmax函数
已替换 3 层的Softmax函数
已替换 6 层的Softmax函数
    Step 8/21 [softmax_L0->2]: pearson=0.8786
已完全恢复原始模型状态
已替换 2 层的GELU函数
已替换 1 层的GELU函数
已替换 9 层的GELU函数
已替换 1 层的Softmax函数
已替换 1 层的Softmax函数
已替换 1 层的Softmax函数
已替换 3 层的Softmax函数
已替换 6 层的Softmax函数
已完全恢复原始模型状态
已替换 3 层的GELU函数
已替换 1 层的GELU函数
已替换 8 层的GELU函数
已替换 1 层的Softmax函数
已替换 1 层的Softmax函数
已替换 1 层的Softmax函数
已替换 3 层的Softmax函数
已替换 6 层的Softmax函数
    Step 10/21 [gelu_L6->1]: pearson=0.8781
已完全恢复原始模型状态
已替换 3 层的GELU函数
已替换 1 层的GELU函数
已替换 8 层的GELU函数
已替换 1 层的Softmax函数
已替换 1 层的Softmax函数
已替换 1 层的Softmax函数
已替换 4 层的Softmax函数
已替换 5 层的Softmax函数
已完全恢复原始模型状态
已替换 3 层的GELU函数
已替换 2 层的GELU函数
已替换 7 层的GELU函数
已替换 1 层的Softmax函数
已替换 1 层的Softmax函数
已替换 1 层的Softmax函数
已替换 4 层的Softmax函数
已替换 5 层的Softmax函数
    Step 12/21 [gelu_L4->2]: pearson=0.8783
已完全恢复原始模型状态
已替换 4 层的GELU函数
已替换 2 层的GELU函数
已替换 6 层的GELU函数
已替换 1 层的Softmax函数
已替换 1 层的Softmax函数
已替换 1 层的Softmax函数
已替换 4 层的Softmax函数
已替换 5 层的Softmax函数
已完全恢复原始模型状态
已替换 4 层的GELU函数
已替换 2 层的GELU函数
已替换 6 层的GELU函数
已替换 2 层的Softmax函数
已替换 1 层的Softmax函数
已替换 1 层的Softmax函数
已替换 4 层的Softmax函数
已替换 4 层的Softmax函数
    Step 14/21 [softmax_L9->2]: pearson=0.8781
已完全恢复原始模型状态
已替换 4 层的GELU函数
已替换 3 层的GELU函数
已替换 5 层的GELU函数
已替换 2 层的Softmax函数
已替换 1 层的Softmax函数
已替换 1 层的Softmax函数
已替换 4 层的Softmax函数
已替换 4 层的Softmax函数
已完全恢复原始模型状态
已替换 5 层的GELU函数
已替换 3 层的GELU函数
已替换 4 层的GELU函数
已替换 2 层的Softmax函数
已替换 1 层的Softmax函数
已替换 1 层的Softmax函数
已替换 4 层的Softmax函数
已替换 4 层的Softmax函数
    Step 16/21 [gelu_L0->1]: pearson=0.8780
已完全恢复原始模型状态
已替换 5 层的GELU函数
已替换 4 层的GELU函数
已替换 3 层的GELU函数
已替换 2 层的Softmax函数
已替换 1 层的Softmax函数
已替换 1 层的Softmax函数
已替换 4 层的Softmax函数
已替换 4 层的Softmax函数
已完全恢复原始模型状态
已替换 5 层的GELU函数
已替换 4 层的GELU函数
已替换 3 层的GELU函数
已替换 2 层的Softmax函数
已替换 2 层的Softmax函数
已替换 1 层的Softmax函数
已替换 4 层的Softmax函数
已替换 3 层的Softmax函数
    Step 18/21 [softmax_L6->3]: pearson=0.8774
已完全恢复原始模型状态
已替换 6 层的GELU函数
已替换 4 层的GELU函数
已替换 2 层的GELU函数
已替换 2 层的Softmax函数
已替换 2 层的Softmax函数
已替换 1 层的Softmax函数
已替换 4 层的Softmax函数
已替换 3 层的Softmax函数
已完全恢复原始模型状态
已替换 6 层的GELU函数
已替换 4 层的GELU函数
已替换 2 层的GELU函数
已替换 2 层的Softmax函数
已替换 3 层的Softmax函数
已替换 1 层的Softmax函数
已替换 4 层的Softmax函数
已替换 2 层的Softmax函数
    Step 20/21 [softmax_L1->3]: pearson=0.8764
已完全恢复原始模型状态
已替换 6 层的GELU函数
已替换 4 层的GELU函数
已替换 2 层的GELU函数
已替换 2 层的Softmax函数
已替换 3 层的Softmax函数
已替换 1 层的Softmax函数
已替换 5 层的Softmax函数
已替换 1 层的Softmax函数
    Step 21/21 [softmax_L11->5]: pearson=0.8763

  --- Trial 4/5 ---
已完全恢复原始模型状态
已替换 12 层的GELU函数
已替换 12 层的Softmax函数
    Step 0 (baseline): pearson=0.8803
已完全恢复原始模型状态
已替换 12 层的GELU函数
已替换 1 层的Softmax函数
已替换 11 层的Softmax函数
已完全恢复原始模型状态
已替换 1 层的GELU函数
已替换 11 层的GELU函数
已替换 1 层的Softmax函数
已替换 11 层的Softmax函数
    Step 2/21 [gelu_L10->1]: pearson=0.8793
已完全恢复原始模型状态
已替换 1 层的GELU函数
已替换 11 层的GELU函数
已替换 1 层的Softmax函数
已替换 1 层的Softmax函数
已替换 10 层的Softmax函数
已完全恢复原始模型状态
已替换 2 层的GELU函数
已替换 10 层的GELU函数
已替换 1 层的Softmax函数
已替换 1 层的Softmax函数
已替换 10 层的Softmax函数
    Step 4/21 [gelu_L1->1]: pearson=0.8775
已完全恢复原始模型状态
已替换 2 层的GELU函数
已替换 10 层的GELU函数
已替换 1 层的Softmax函数
已替换 1 层的Softmax函数
已替换 1 层的Softmax函数
已替换 9 层的Softmax函数
已完全恢复原始模型状态
已替换 3 层的GELU函数
已替换 9 层的GELU函数
已替换 1 层的Softmax函数
已替换 1 层的Softmax函数
已替换 1 层的Softmax函数
已替换 9 层的Softmax函数
    Step 6/21 [gelu_L6->1]: pearson=0.8772
已完全恢复原始模型状态
已替换 3 层的GELU函数
已替换 9 层的GELU函数
已替换 1 层的Softmax函数
已替换 1 层的Softmax函数
已替换 2 层的Softmax函数
已替换 8 层的Softmax函数
已完全恢复原始模型状态
已替换 4 层的GELU函数
已替换 8 层的GELU函数
已替换 1 层的Softmax函数
已替换 1 层的Softmax函数
已替换 2 层的Softmax函数
已替换 8 层的Softmax函数
    Step 8/21 [gelu_L5->1]: pearson=0.8773
已完全恢复原始模型状态
已替换 4 层的GELU函数
已替换 8 层的GELU函数
已替换 1 层的Softmax函数
已替换 1 层的Softmax函数
已替换 3 层的Softmax函数
已替换 7 层的Softmax函数
已完全恢复原始模型状态
已替换 4 层的GELU函数
已替换 8 层的GELU函数
已替换 1 层的Softmax函数
已替换 1 层的Softmax函数
已替换 4 层的Softmax函数
已替换 6 层的Softmax函数
    Step 10/21 [softmax_L7->5]: pearson=0.8771
已完全恢复原始模型状态
已替换 4 层的GELU函数
已替换 1 层的GELU函数
已替换 7 层的GELU函数
已替换 1 层的Softmax函数
已替换 1 层的Softmax函数
已替换 4 层的Softmax函数
已替换 6 层的Softmax函数
已完全恢复原始模型状态
已替换 5 层的GELU函数
已替换 1 层的GELU函数
已替换 6 层的GELU函数
已替换 1 层的Softmax函数
已替换 1 层的Softmax函数
已替换 4 层的Softmax函数
已替换 6 层的Softmax函数
    Step 12/21 [gelu_L9->1]: pearson=0.8774
已完全恢复原始模型状态
已替换 5 层的GELU函数
已替换 1 层的GELU函数
已替换 6 层的GELU函数
已替换 1 层的Softmax函数
已替换 1 层的Softmax函数
已替换 1 层的Softmax函数
已替换 4 层的Softmax函数
已替换 5 层的Softmax函数
已完全恢复原始模型状态
已替换 5 层的GELU函数
已替换 1 层的GELU函数
已替换 6 层的GELU函数
已替换 2 层的Softmax函数
已替换 1 层的Softmax函数
已替换 1 层的Softmax函数
已替换 4 层的Softmax函数
已替换 4 层的Softmax函数
    Step 14/21 [softmax_L0->2]: pearson=0.8772
已完全恢复原始模型状态
已替换 5 层的GELU函数
已替换 2 层的GELU函数
已替换 5 层的GELU函数
已替换 2 层的Softmax函数
已替换 1 层的Softmax函数
已替换 1 层的Softmax函数
已替换 4 层的Softmax函数
已替换 4 层的Softmax函数
已完全恢复原始模型状态
已替换 5 层的GELU函数
已替换 2 层的GELU函数
已替换 5 层的GELU函数
已替换 2 层的Softmax函数
已替换 2 层的Softmax函数
已替换 1 层的Softmax函数
已替换 4 层的Softmax函数
已替换 3 层的Softmax函数
    Step 16/21 [softmax_L4->3]: pearson=0.8770
已完全恢复原始模型状态
已替换 5 层的GELU函数
已替换 3 层的GELU函数
已替换 4 层的GELU函数
已替换 2 层的Softmax函数
已替换 2 层的Softmax函数
已替换 1 层的Softmax函数
已替换 4 层的Softmax函数
已替换 3 层的Softmax函数
已完全恢复原始模型状态
已替换 5 层的GELU函数
已替换 4 层的GELU函数
已替换 3 层的GELU函数
已替换 2 层的Softmax函数
已替换 2 层的Softmax函数
已替换 1 层的Softmax函数
已替换 4 层的Softmax函数
已替换 3 层的Softmax函数
    Step 18/21 [gelu_L11->2]: pearson=0.8769
已完全恢复原始模型状态
已替换 6 层的GELU函数
已替换 4 层的GELU函数
已替换 2 层的GELU函数
已替换 2 层的Softmax函数
已替换 2 层的Softmax函数
已替换 1 层的Softmax函数
已替换 4 层的Softmax函数
已替换 3 层的Softmax函数
已完全恢复原始模型状态
已替换 6 层的GELU函数
已替换 4 层的GELU函数
已替换 2 层的GELU函数
已替换 2 层的Softmax函数
已替换 3 层的Softmax函数
已替换 1 层的Softmax函数
已替换 4 层的Softmax函数
已替换 2 层的Softmax函数
    Step 20/21 [softmax_L1->3]: pearson=0.8764
已完全恢复原始模型状态
已替换 6 层的GELU函数
已替换 4 层的GELU函数
已替换 2 层的GELU函数
已替换 2 层的Softmax函数
已替换 3 层的Softmax函数
已替换 1 层的Softmax函数
已替换 5 层的Softmax函数
已替换 1 层的Softmax函数
    Step 21/21 [softmax_L5->5]: pearson=0.8763

  --- Trial 5/5 ---
已完全恢复原始模型状态
已替换 12 层的GELU函数
已替换 12 层的Softmax函数
    Step 0 (baseline): pearson=0.8803
已完全恢复原始模型状态
已替换 12 层的GELU函数
已替换 1 层的Softmax函数
已替换 11 层的Softmax函数
已完全恢复原始模型状态
已替换 12 层的GELU函数
已替换 1 层的Softmax函数
已替换 1 层的Softmax函数
已替换 10 层的Softmax函数
    Step 2/21 [softmax_L1->3]: pearson=0.8804
已完全恢复原始模型状态
已替换 1 层的GELU函数
已替换 11 层的GELU函数
已替换 1 层的Softmax函数
已替换 1 层的Softmax函数
已替换 10 层的Softmax函数
已完全恢复原始模型状态
已替换 1 层的GELU函数
已替换 1 层的GELU函数
已替换 10 层的GELU函数
已替换 1 层的Softmax函数
已替换 1 层的Softmax函数
已替换 10 层的Softmax函数
    Step 4/21 [gelu_L5->1]: pearson=0.8802
已完全恢复原始模型状态
已替换 1 层的GELU函数
已替换 1 层的GELU函数
已替换 10 层的GELU函数
已替换 1 层的Softmax函数
已替换 1 层的Softmax函数
已替换 1 层的Softmax函数
已替换 9 层的Softmax函数
已完全恢复原始模型状态
已替换 2 层的GELU函数
已替换 1 层的GELU函数
已替换 9 层的GELU函数
已替换 1 层的Softmax函数
已替换 1 层的Softmax函数
已替换 1 层的Softmax函数
已替换 9 层的Softmax函数
    Step 6/21 [gelu_L6->1]: pearson=0.8799
已完全恢复原始模型状态
已替换 3 层的GELU函数
已替换 1 层的GELU函数
已替换 8 层的GELU函数
已替换 1 层的Softmax函数
已替换 1 层的Softmax函数
已替换 1 层的Softmax函数
已替换 9 层的Softmax函数
已完全恢复原始模型状态
已替换 3 层的GELU函数
已替换 1 层的GELU函数
已替换 8 层的GELU函数
已替换 1 层的Softmax函数
已替换 2 层的Softmax函数
已替换 1 层的Softmax函数
已替换 8 层的Softmax函数
    Step 8/21 [softmax_L6->3]: pearson=0.8797
已完全恢复原始模型状态
已替换 3 层的GELU函数
已替换 1 层的GELU函数
已替换 8 层的GELU函数
已替换 1 层的Softmax函数
已替换 3 层的Softmax函数
已替换 1 层的Softmax函数
已替换 7 层的Softmax函数
已完全恢复原始模型状态
已替换 3 层的GELU函数
已替换 1 层的GELU函数
已替换 8 层的GELU函数
已替换 1 层的Softmax函数
已替换 3 层的Softmax函数
已替换 2 层的Softmax函数
已替换 6 层的Softmax函数
    Step 10/21 [softmax_L7->5]: pearson=0.8793
已完全恢复原始模型状态
已替换 3 层的GELU函数
已替换 2 层的GELU函数
已替换 7 层的GELU函数
已替换 1 层的Softmax函数
已替换 3 层的Softmax函数
已替换 2 层的Softmax函数
已替换 6 层的Softmax函数
已完全恢复原始模型状态
已替换 3 层的GELU函数
已替换 2 层的GELU函数
已替换 7 层的GELU函数
已替换 1 层的Softmax函数
已替换 3 层的Softmax函数
已替换 3 层的Softmax函数
已替换 5 层的Softmax函数
    Step 12/21 [softmax_L3->5]: pearson=0.8792
已完全恢复原始模型状态
已替换 4 层的GELU函数
已替换 2 层的GELU函数
已替换 6 层的GELU函数
已替换 1 层的Softmax函数
已替换 3 层的Softmax函数
已替换 3 层的Softmax函数
已替换 5 层的Softmax函数
已完全恢复原始模型状态
已替换 4 层的GELU函数
已替换 3 层的GELU函数
已替换 5 层的GELU函数
已替换 1 层的Softmax函数
已替换 3 层的Softmax函数
已替换 3 层的Softmax函数
已替换 5 层的Softmax函数
    Step 14/21 [gelu_L11->2]: pearson=0.8787
已完全恢复原始模型状态
已替换 5 层的GELU函数
已替换 3 层的GELU函数
已替换 4 层的GELU函数
已替换 1 层的Softmax函数
已替换 3 层的Softmax函数
已替换 3 层的Softmax函数
已替换 5 层的Softmax函数
已完全恢复原始模型状态
已替换 6 层的GELU函数
已替换 3 层的GELU函数
已替换 3 层的GELU函数
已替换 1 层的Softmax函数
已替换 3 层的Softmax函数
已替换 3 层的Softmax函数
已替换 5 层的Softmax函数
    Step 16/21 [gelu_L10->1]: pearson=0.8768
已完全恢复原始模型状态
已替换 6 层的GELU函数
已替换 3 层的GELU函数
已替换 3 层的GELU函数
已替换 2 层的Softmax函数
已替换 3 层的Softmax函数
已替换 3 层的Softmax函数
已替换 4 层的Softmax函数
已完全恢复原始模型状态
已替换 6 层的GELU函数
已替换 3 层的GELU函数
已替换 3 层的GELU函数
已替换 2 层的Softmax函数
已替换 3 层的Softmax函数
已替换 4 层的Softmax函数
已替换 3 层的Softmax函数
    Step 18/21 [softmax_L5->5]: pearson=0.8768
已完全恢复原始模型状态
已替换 6 层的GELU函数
已替换 3 层的GELU函数
已替换 3 层的GELU函数
已替换 2 层的Softmax函数
已替换 3 层的Softmax函数
已替换 5 层的Softmax函数
已替换 2 层的Softmax函数
已完全恢复原始模型状态
已替换 6 层的GELU函数
已替换 4 层的GELU函数
已替换 2 层的GELU函数
已替换 2 层的Softmax函数
已替换 3 层的Softmax函数
已替换 5 层的Softmax函数
已替换 2 层的Softmax函数
    Step 20/21 [gelu_L4->2]: pearson=0.8770
已完全恢复原始模型状态
已替换 6 层的GELU函数
已替换 4 层的GELU函数
已替换 2 层的GELU函数
已替换 2 层的Softmax函数
已替换 3 层的Softmax函数
已替换 1 层的Softmax函数
已替换 5 层的Softmax函数
已替换 1 层的Softmax函数
    Step 21/21 [softmax_L2->4]: pearson=0.8763
  Saved: experiment_results/stepwise/stepwise_degradation_stsb.png

============================================================
  Stepwise Degradation: MNLI
============================================================
  Target GELU:    [1, 1, 1, 1, 1, 1, 1, 1, 1, 1, 1, 1]
  Target Softmax: [2, 2, 2, 2, 2, 2, 2, 2, 2, 2, 2, 2]
  Total degradation steps: 24

  --- Trial 1/5 ---
已完全恢复原始模型状态
已替换 12 层的GELU函数
已替换 12 层的Softmax函数
You're using a BertTokenizerFast tokenizer. Please note that with a fast tokenizer, using the `__call__` method is faster than using a method to encode the text followed by a call to the `pad` method to get a padded encoding.
    Step 0 (baseline): accuracy=0.0639
已完全恢复原始模型状态
已替换 1 层的GELU函数
已替换 11 层的GELU函数
已替换 12 层的Softmax函数
已完全恢复原始模型状态
已替换 2 层的GELU函数
已替换 10 层的GELU函数
已替换 12 层的Softmax函数
    Step 2/24 [gelu_L8->1]: accuracy=0.0658
已完全恢复原始模型状态
已替换 3 层的GELU函数
已替换 9 层的GELU函数
已替换 12 层的Softmax函数
已完全恢复原始模型状态
已替换 4 层的GELU函数
已替换 8 层的GELU函数
已替换 12 层的Softmax函数
    Step 4/24 [gelu_L9->1]: accuracy=0.0657
已完全恢复原始模型状态
已替换 4 层的GELU函数
已替换 8 层的GELU函数
已替换 1 层的Softmax函数
已替换 11 层的Softmax函数
已完全恢复原始模型状态
已替换 4 层的GELU函数
已替换 8 层的GELU函数
已替换 2 层的Softmax函数
已替换 10 层的Softmax函数
    Step 6/24 [softmax_L4->2]: accuracy=0.0677
已完全恢复原始模型状态
已替换 4 层的GELU函数
已替换 8 层的GELU函数
已替换 3 层的Softmax函数
已替换 9 层的Softmax函数
已完全恢复原始模型状态
已替换 4 层的GELU函数
已替换 8 层的GELU函数
已替换 4 层的Softmax函数
已替换 8 层的Softmax函数
    Step 8/24 [softmax_L0->2]: accuracy=0.0675
已完全恢复原始模型状态
已替换 4 层的GELU函数
已替换 8 层的GELU函数
已替换 5 层的Softmax函数
已替换 7 层的Softmax函数
已完全恢复原始模型状态
已替换 4 层的GELU函数
已替换 8 层的GELU函数
已替换 6 层的Softmax函数
已替换 6 层的Softmax函数
    Step 10/24 [softmax_L2->2]: accuracy=0.0689
已完全恢复原始模型状态
已替换 5 层的GELU函数
已替换 7 层的GELU函数
已替换 6 层的Softmax函数
已替换 6 层的Softmax函数
已完全恢复原始模型状态
已替换 6 层的GELU函数
已替换 6 层的GELU函数
已替换 6 层的Softmax函数
已替换 6 层的Softmax函数
    Step 12/24 [gelu_L6->1]: accuracy=0.0708
已完全恢复原始模型状态
已替换 6 层的GELU函数
已替换 6 层的GELU函数
已替换 7 层的Softmax函数
已替换 5 层的Softmax函数
已完全恢复原始模型状态
已替换 6 层的GELU函数
已替换 6 层的GELU函数
已替换 8 层的Softmax函数
已替换 4 层的Softmax函数
    Step 14/24 [softmax_L1->2]: accuracy=0.0725
已完全恢复原始模型状态
已替换 7 层的GELU函数
已替换 5 层的GELU函数
已替换 8 层的Softmax函数
已替换 4 层的Softmax函数
已完全恢复原始模型状态
已替换 8 层的GELU函数
已替换 4 层的GELU函数
已替换 8 层的Softmax函数
已替换 4 层的Softmax函数
    Step 16/24 [gelu_L11->1]: accuracy=0.0728
已完全恢复原始模型状态
已替换 8 层的GELU函数
已替换 4 层的GELU函数
已替换 9 层的Softmax函数
已替换 3 层的Softmax函数
已完全恢复原始模型状态
已替换 9 层的GELU函数
已替换 3 层的GELU函数
已替换 9 层的Softmax函数
已替换 3 层的Softmax函数
    Step 18/24 [gelu_L10->1]: accuracy=0.0742
已完全恢复原始模型状态
已替换 9 层的GELU函数
已替换 3 层的GELU函数
已替换 10 层的Softmax函数
已替换 2 层的Softmax函数
已完全恢复原始模型状态
已替换 9 层的GELU函数
已替换 3 层的GELU函数
已替换 11 层的Softmax函数
已替换 1 层的Softmax函数
    Step 20/24 [softmax_L3->2]: accuracy=0.0741
已完全恢复原始模型状态
已替换 10 层的GELU函数
已替换 2 层的GELU函数
已替换 11 层的Softmax函数
已替换 1 层的Softmax函数
已完全恢复原始模型状态
已替换 11 层的GELU函数
已替换 1 层的GELU函数
已替换 11 层的Softmax函数
已替换 1 层的Softmax函数
    Step 22/24 [gelu_L7->1]: accuracy=0.0759
已完全恢复原始模型状态
已替换 11 层的GELU函数
已替换 1 层的GELU函数
已替换 12 层的Softmax函数
已完全恢复原始模型状态
已替换 12 层的GELU函数
已替换 12 层的Softmax函数
    Step 24/24 [gelu_L3->1]: accuracy=0.0776

  --- Trial 2/5 ---
已完全恢复原始模型状态
已替换 12 层的GELU函数
已替换 12 层的Softmax函数
    Step 0 (baseline): accuracy=0.0639
已完全恢复原始模型状态
已替换 1 层的GELU函数
已替换 11 层的GELU函数
已替换 12 层的Softmax函数
已完全恢复原始模型状态
已替换 2 层的GELU函数
已替换 10 层的GELU函数
已替换 12 层的Softmax函数
    Step 2/24 [gelu_L5->1]: accuracy=0.0638
已完全恢复原始模型状态
已替换 2 层的GELU函数
已替换 10 层的GELU函数
已替换 1 层的Softmax函数
已替换 11 层的Softmax函数
已完全恢复原始模型状态
已替换 2 层的GELU函数
已替换 10 层的GELU函数
已替换 2 层的Softmax函数
已替换 10 层的Softmax函数
    Step 4/24 [softmax_L6->2]: accuracy=0.0648
已完全恢复原始模型状态
已替换 2 层的GELU函数
已替换 10 层的GELU函数
已替换 3 层的Softmax函数
已替换 9 层的Softmax函数
已完全恢复原始模型状态
已替换 2 层的GELU函数
已替换 10 层的GELU函数
已替换 4 层的Softmax函数
已替换 8 层的Softmax函数
    Step 6/24 [softmax_L7->2]: accuracy=0.0667
已完全恢复原始模型状态
已替换 3 层的GELU函数
已替换 9 层的GELU函数
已替换 4 层的Softmax函数
已替换 8 层的Softmax函数
已完全恢复原始模型状态
已替换 4 层的GELU函数
已替换 8 层的GELU函数
已替换 4 层的Softmax函数
已替换 8 层的Softmax函数
    Step 8/24 [gelu_L6->1]: accuracy=0.0695
已完全恢复原始模型状态
已替换 4 层的GELU函数
已替换 8 层的GELU函数
已替换 5 层的Softmax函数
已替换 7 层的Softmax函数
已完全恢复原始模型状态
已替换 4 层的GELU函数
已替换 8 层的GELU函数
已替换 6 层的Softmax函数
已替换 6 层的Softmax函数
    Step 10/24 [softmax_L0->2]: accuracy=0.0698
已完全恢复原始模型状态
已替换 4 层的GELU函数
已替换 8 层的GELU函数
已替换 7 层的Softmax函数
已替换 5 层的Softmax函数
已完全恢复原始模型状态
已替换 5 层的GELU函数
已替换 7 层的GELU函数
已替换 7 层的Softmax函数
已替换 5 层的Softmax函数
    Step 12/24 [gelu_L9->1]: accuracy=0.0708
已完全恢复原始模型状态
已替换 5 层的GELU函数
已替换 7 层的GELU函数
已替换 8 层的Softmax函数
已替换 4 层的Softmax函数
已完全恢复原始模型状态
已替换 6 层的GELU函数
已替换 6 层的GELU函数
已替换 8 层的Softmax函数
已替换 4 层的Softmax函数
    Step 14/24 [gelu_L11->1]: accuracy=0.0704
已完全恢复原始模型状态
已替换 6 层的GELU函数
已替换 6 层的GELU函数
已替换 9 层的Softmax函数
已替换 3 层的Softmax函数
已完全恢复原始模型状态
已替换 7 层的GELU函数
已替换 5 层的GELU函数
已替换 9 层的Softmax函数
已替换 3 层的Softmax函数
    Step 16/24 [gelu_L10->1]: accuracy=0.0709
已完全恢复原始模型状态
已替换 8 层的GELU函数
已替换 4 层的GELU函数
已替换 9 层的Softmax函数
已替换 3 层的Softmax函数
已完全恢复原始模型状态
已替换 9 层的GELU函数
已替换 3 层的GELU函数
已替换 9 层的Softmax函数
已替换 3 层的Softmax函数
    Step 18/24 [gelu_L1->1]: accuracy=0.0717
已完全恢复原始模型状态
已替换 9 层的GELU函数
已替换 3 层的GELU函数
已替换 10 层的Softmax函数
已替换 2 层的Softmax函数
已完全恢复原始模型状态
已替换 9 层的GELU函数
已替换 3 层的GELU函数
已替换 11 层的Softmax函数
已替换 1 层的Softmax函数
    Step 20/24 [softmax_L9->2]: accuracy=0.0737
已完全恢复原始模型状态
已替换 10 层的GELU函数
已替换 2 层的GELU函数
已替换 11 层的Softmax函数
已替换 1 层的Softmax函数
已完全恢复原始模型状态
已替换 10 层的GELU函数
已替换 2 层的GELU函数
已替换 12 层的Softmax函数
    Step 22/24 [softmax_L8->2]: accuracy=0.0772
已完全恢复原始模型状态
已替换 11 层的GELU函数
已替换 1 层的GELU函数
已替换 12 层的Softmax函数
已完全恢复原始模型状态
已替换 12 层的GELU函数
已替换 12 层的Softmax函数
    Step 24/24 [gelu_L2->1]: accuracy=0.0776

  --- Trial 3/5 ---
已完全恢复原始模型状态
已替换 12 层的GELU函数
已替换 12 层的Softmax函数
    Step 0 (baseline): accuracy=0.0639
已完全恢复原始模型状态
已替换 1 层的GELU函数
已替换 11 层的GELU函数
已替换 12 层的Softmax函数
已完全恢复原始模型状态
已替换 2 层的GELU函数
已替换 10 层的GELU函数
已替换 12 层的Softmax函数
    Step 2/24 [gelu_L1->1]: accuracy=0.0645
已完全恢复原始模型状态
已替换 2 层的GELU函数
已替换 10 层的GELU函数
已替换 1 层的Softmax函数
已替换 11 层的Softmax函数
已完全恢复原始模型状态
已替换 2 层的GELU函数
已替换 10 层的GELU函数
已替换 2 层的Softmax函数
已替换 10 层的Softmax函数
    Step 4/24 [softmax_L0->2]: accuracy=0.0663
已完全恢复原始模型状态
已替换 3 层的GELU函数
已替换 9 层的GELU函数
已替换 2 层的Softmax函数
已替换 10 层的Softmax函数
已完全恢复原始模型状态
已替换 3 层的GELU函数
已替换 9 层的GELU函数
已替换 3 层的Softmax函数
已替换 9 层的Softmax函数
    Step 6/24 [softmax_L2->2]: accuracy=0.0678
已完全恢复原始模型状态
已替换 4 层的GELU函数
已替换 8 层的GELU函数
已替换 3 层的Softmax函数
已替换 9 层的Softmax函数
已完全恢复原始模型状态
已替换 5 层的GELU函数
已替换 7 层的GELU函数
已替换 3 层的Softmax函数
已替换 9 层的Softmax函数
    Step 8/24 [gelu_L8->1]: accuracy=0.0677
已完全恢复原始模型状态
已替换 6 层的GELU函数
已替换 6 层的GELU函数
已替换 3 层的Softmax函数
已替换 9 层的Softmax函数
已完全恢复原始模型状态
已替换 6 层的GELU函数
已替换 6 层的GELU函数
已替换 4 层的Softmax函数
已替换 8 层的Softmax函数
    Step 10/24 [softmax_L10->2]: accuracy=0.0689
已完全恢复原始模型状态
已替换 6 层的GELU函数
已替换 6 层的GELU函数
已替换 5 层的Softmax函数
已替换 7 层的Softmax函数
已完全恢复原始模型状态
已替换 7 层的GELU函数
已替换 5 层的GELU函数
已替换 5 层的Softmax函数
已替换 7 层的Softmax函数
    Step 12/24 [gelu_L3->1]: accuracy=0.0692
已完全恢复原始模型状态
已替换 7 层的GELU函数
已替换 5 层的GELU函数
已替换 6 层的Softmax函数
已替换 6 层的Softmax函数
已完全恢复原始模型状态
已替换 7 层的GELU函数
已替换 5 层的GELU函数
已替换 7 层的Softmax函数
已替换 5 层的Softmax函数
    Step 14/24 [softmax_L3->2]: accuracy=0.0711
已完全恢复原始模型状态
已替换 8 层的GELU函数
已替换 4 层的GELU函数
已替换 7 层的Softmax函数
已替换 5 层的Softmax函数
已完全恢复原始模型状态
已替换 9 层的GELU函数
已替换 3 层的GELU函数
已替换 7 层的Softmax函数
已替换 5 层的Softmax函数
    Step 16/24 [gelu_L5->1]: accuracy=0.0712
已完全恢复原始模型状态
已替换 9 层的GELU函数
已替换 3 层的GELU函数
已替换 8 层的Softmax函数
已替换 4 层的Softmax函数
已完全恢复原始模型状态
已替换 9 层的GELU函数
已替换 3 层的GELU函数
已替换 9 层的Softmax函数
已替换 3 层的Softmax函数
    Step 18/24 [softmax_L9->2]: accuracy=0.0742
已完全恢复原始模型状态
已替换 10 层的GELU函数
已替换 2 层的GELU函数
已替换 9 层的Softmax函数
已替换 3 层的Softmax函数
已完全恢复原始模型状态
已替换 11 层的GELU函数
已替换 1 层的GELU函数
已替换 9 层的Softmax函数
已替换 3 层的Softmax函数
    Step 20/24 [gelu_L11->1]: accuracy=0.0746
已完全恢复原始模型状态
已替换 11 层的GELU函数
已替换 1 层的GELU函数
已替换 10 层的Softmax函数
已替换 2 层的Softmax函数
已完全恢复原始模型状态
已替换 11 层的GELU函数
已替换 1 层的GELU函数
已替换 11 层的Softmax函数
已替换 1 层的Softmax函数
    Step 22/24 [softmax_L8->2]: accuracy=0.0781
已完全恢复原始模型状态
已替换 11 层的GELU函数
已替换 1 层的GELU函数
已替换 12 层的Softmax函数
已完全恢复原始模型状态
已替换 12 层的GELU函数
已替换 12 层的Softmax函数
    Step 24/24 [gelu_L10->1]: accuracy=0.0776

  --- Trial 4/5 ---
已完全恢复原始模型状态
已替换 12 层的GELU函数
已替换 12 层的Softmax函数
    Step 0 (baseline): accuracy=0.0639
已完全恢复原始模型状态
已替换 1 层的GELU函数
已替换 11 层的GELU函数
已替换 12 层的Softmax函数
已完全恢复原始模型状态
已替换 2 层的GELU函数
已替换 10 层的GELU函数
已替换 12 层的Softmax函数
    Step 2/24 [gelu_L10->1]: accuracy=0.0656
已完全恢复原始模型状态
已替换 2 层的GELU函数
已替换 10 层的GELU函数
已替换 1 层的Softmax函数
已替换 11 层的Softmax函数
已完全恢复原始模型状态
已替换 3 层的GELU函数
已替换 9 层的GELU函数
已替换 1 层的Softmax函数
已替换 11 层的Softmax函数
    Step 4/24 [gelu_L5->1]: accuracy=0.0648
已完全恢复原始模型状态
已替换 3 层的GELU函数
已替换 9 层的GELU函数
已替换 2 层的Softmax函数
已替换 10 层的Softmax函数
已完全恢复原始模型状态
已替换 3 层的GELU函数
已替换 9 层的GELU函数
已替换 3 层的Softmax函数
已替换 9 层的Softmax函数
    Step 6/24 [softmax_L11->2]: accuracy=0.0666
已完全恢复原始模型状态
已替换 3 层的GELU函数
已替换 9 层的GELU函数
已替换 4 层的Softmax函数
已替换 8 层的Softmax函数
已完全恢复原始模型状态
已替换 3 层的GELU函数
已替换 9 层的GELU函数
已替换 5 层的Softmax函数
已替换 7 层的Softmax函数
    Step 8/24 [softmax_L9->2]: accuracy=0.0678
已完全恢复原始模型状态
已替换 4 层的GELU函数
已替换 8 层的GELU函数
已替换 5 层的Softmax函数
已替换 7 层的Softmax函数
已完全恢复原始模型状态
已替换 5 层的GELU函数
已替换 7 层的GELU函数
已替换 5 层的Softmax函数
已替换 7 层的Softmax函数
    Step 10/24 [gelu_L9->1]: accuracy=0.0687
已完全恢复原始模型状态
已替换 6 层的GELU函数
已替换 6 层的GELU函数
已替换 5 层的Softmax函数
已替换 7 层的Softmax函数
已完全恢复原始模型状态
已替换 6 层的GELU函数
已替换 6 层的GELU函数
已替换 6 层的Softmax函数
已替换 6 层的Softmax函数
    Step 12/24 [softmax_L3->2]: accuracy=0.0708
已完全恢复原始模型状态
已替换 7 层的GELU函数
已替换 5 层的GELU函数
已替换 6 层的Softmax函数
已替换 6 层的Softmax函数
已完全恢复原始模型状态
已替换 8 层的GELU函数
已替换 4 层的GELU函数
已替换 6 层的Softmax函数
已替换 6 层的Softmax函数
    Step 14/24 [gelu_L3->1]: accuracy=0.0719
已完全恢复原始模型状态
已替换 8 层的GELU函数
已替换 4 层的GELU函数
已替换 7 层的Softmax函数
已替换 5 层的Softmax函数
已完全恢复原始模型状态
已替换 8 层的GELU函数
已替换 4 层的GELU函数
已替换 8 层的Softmax函数
已替换 4 层的Softmax函数
    Step 16/24 [softmax_L2->2]: accuracy=0.0753
已完全恢复原始模型状态
已替换 9 层的GELU函数
已替换 3 层的GELU函数
已替换 8 层的Softmax函数
已替换 4 层的Softmax函数
已完全恢复原始模型状态
已替换 9 层的GELU函数
已替换 3 层的GELU函数
已替换 9 层的Softmax函数
已替换 3 层的Softmax函数
    Step 18/24 [softmax_L0->2]: accuracy=0.0761
已完全恢复原始模型状态
已替换 9 层的GELU函数
已替换 3 层的GELU函数
已替换 10 层的Softmax函数
已替换 2 层的Softmax函数
已完全恢复原始模型状态
已替换 10 层的GELU函数
已替换 2 层的GELU函数
已替换 10 层的Softmax函数
已替换 2 层的Softmax函数
    Step 20/24 [gelu_L2->1]: accuracy=0.0774
已完全恢复原始模型状态
已替换 11 层的GELU函数
已替换 1 层的GELU函数
已替换 10 层的Softmax函数
已替换 2 层的Softmax函数
已完全恢复原始模型状态
已替换 12 层的GELU函数
已替换 10 层的Softmax函数
已替换 2 层的Softmax函数
    Step 22/24 [gelu_L0->1]: accuracy=0.0774
已完全恢复原始模型状态
已替换 12 层的GELU函数
已替换 11 层的Softmax函数
已替换 1 层的Softmax函数
已完全恢复原始模型状态
已替换 12 层的GELU函数
已替换 12 层的Softmax函数
    Step 24/24 [softmax_L5->2]: accuracy=0.0776

  --- Trial 5/5 ---
已完全恢复原始模型状态
已替换 12 层的GELU函数
已替换 12 层的Softmax函数
    Step 0 (baseline): accuracy=0.0639
已完全恢复原始模型状态
已替换 12 层的GELU函数
已替换 1 层的Softmax函数
已替换 11 层的Softmax函数
已完全恢复原始模型状态
已替换 12 层的GELU函数
已替换 2 层的Softmax函数
已替换 10 层的Softmax函数
    Step 2/24 [softmax_L1->2]: accuracy=0.0629
已完全恢复原始模型状态
已替换 1 层的GELU函数
已替换 11 层的GELU函数
已替换 2 层的Softmax函数
已替换 10 层的Softmax函数
已完全恢复原始模型状态
已替换 2 层的GELU函数
已替换 10 层的GELU函数
已替换 2 层的Softmax函数
已替换 10 层的Softmax函数
    Step 4/24 [gelu_L6->1]: accuracy=0.0638
已完全恢复原始模型状态
已替换 2 层的GELU函数
已替换 10 层的GELU函数
已替换 3 层的Softmax函数
已替换 9 层的Softmax函数
已完全恢复原始模型状态
已替换 2 层的GELU函数
已替换 10 层的GELU函数
已替换 4 层的Softmax函数
已替换 8 层的Softmax函数
    Step 6/24 [softmax_L6->2]: accuracy=0.0668
已完全恢复原始模型状态
已替换 2 层的GELU函数
已替换 10 层的GELU函数
已替换 5 层的Softmax函数
已替换 7 层的Softmax函数
已完全恢复原始模型状态
已替换 3 层的GELU函数
已替换 9 层的GELU函数
已替换 5 层的Softmax函数
已替换 7 层的Softmax函数
    Step 8/24 [gelu_L7->1]: accuracy=0.0689
已完全恢复原始模型状态
已替换 3 层的GELU函数
已替换 9 层的GELU函数
已替换 6 层的Softmax函数
已替换 6 层的Softmax函数
已完全恢复原始模型状态
已替换 4 层的GELU函数
已替换 8 层的GELU函数
已替换 6 层的Softmax函数
已替换 6 层的Softmax函数
    Step 10/24 [gelu_L5->1]: accuracy=0.0673
已完全恢复原始模型状态
已替换 4 层的GELU函数
已替换 8 层的GELU函数
已替换 7 层的Softmax函数
已替换 5 层的Softmax函数
已完全恢复原始模型状态
已替换 5 层的GELU函数
已替换 7 层的GELU函数
已替换 7 层的Softmax函数
已替换 5 层的Softmax函数
    Step 12/24 [gelu_L3->1]: accuracy=0.0700
已完全恢复原始模型状态
已替换 5 层的GELU函数
已替换 7 层的GELU函数
已替换 8 层的Softmax函数
已替换 4 层的Softmax函数
已完全恢复原始模型状态
已替换 6 层的GELU函数
已替换 6 层的GELU函数
已替换 8 层的Softmax函数
已替换 4 层的Softmax函数
    Step 14/24 [gelu_L0->1]: accuracy=0.0693
已完全恢复原始模型状态
已替换 7 层的GELU函数
已替换 5 层的GELU函数
已替换 8 层的Softmax函数
已替换 4 层的Softmax函数
已完全恢复原始模型状态
已替换 8 层的GELU函数
已替换 4 层的GELU函数
已替换 8 层的Softmax函数
已替换 4 层的Softmax函数
    Step 16/24 [gelu_L1->1]: accuracy=0.0698
已完全恢复原始模型状态
已替换 8 层的GELU函数
已替换 4 层的GELU函数
已替换 9 层的Softmax函数
已替换 3 层的Softmax函数
已完全恢复原始模型状态
已替换 9 层的GELU函数
已替换 3 层的GELU函数
已替换 9 层的Softmax函数
已替换 3 层的Softmax函数
    Step 18/24 [gelu_L8->1]: accuracy=0.0695
已完全恢复原始模型状态
已替换 9 层的GELU函数
已替换 3 层的GELU函数
已替换 10 层的Softmax函数
已替换 2 层的Softmax函数
已完全恢复原始模型状态
已替换 10 层的GELU函数
已替换 2 层的GELU函数
已替换 10 层的Softmax函数
已替换 2 层的Softmax函数
    Step 20/24 [gelu_L9->1]: accuracy=0.0721
已完全恢复原始模型状态
已替换 10 层的GELU函数
已替换 2 层的GELU函数
已替换 11 层的Softmax函数
已替换 1 层的Softmax函数
已完全恢复原始模型状态
已替换 11 层的GELU函数
已替换 1 层的GELU函数
已替换 11 层的Softmax函数
已替换 1 层的Softmax函数
    Step 22/24 [gelu_L10->1]: accuracy=0.0750
已完全恢复原始模型状态
已替换 12 层的GELU函数
已替换 11 层的Softmax函数
已替换 1 层的Softmax函数
已完全恢复原始模型状态
已替换 12 层的GELU函数
已替换 12 层的Softmax函数
    Step 24/24 [softmax_L2->2]: accuracy=0.0776
  Saved: experiment_results/stepwise/stepwise_degradation_mnli.png

============================================================
  Stepwise Degradation: QNLI
============================================================
  Target GELU:    [1, 1, 1, 1, 2, 4, 4, 4, 4, 1, 1, 1]
  Target Softmax: [2, 3, 4, 4, 3, 2, 2, 4, 3, 5, 5, 5]
  Total degradation steps: 20
/var/tmp/root-home/miniconda3/envs/llm_ist/lib/python3.10/site-packages/huggingface_hub/file_download.py:942: FutureWarning: `resume_download` is deprecated and will be removed in version 1.0.0. Downloads always resume when possible. If you want to force a new download, use `force_download=True`.
  warnings.warn(

  --- Trial 1/5 ---
已完全恢复原始模型状态
已替换 12 层的GELU函数
已替换 12 层的Softmax函数
You're using a BertTokenizerFast tokenizer. Please note that with a fast tokenizer, using the `__call__` method is faster than using a method to encode the text followed by a call to the `pad` method to get a padded encoding.
    Step 0 (baseline): accuracy=0.9138
已完全恢复原始模型状态
已替换 1 层的GELU函数
已替换 11 层的GELU函数
已替换 12 层的Softmax函数
已完全恢复原始模型状态
已替换 1 层的GELU函数
已替换 11 层的GELU函数
已替换 1 层的Softmax函数
已替换 11 层的Softmax函数
    Step 2/20 [softmax_L10->5]: accuracy=0.9136
已完全恢复原始模型状态
已替换 1 层的GELU函数
已替换 11 层的GELU函数
已替换 2 层的Softmax函数
已替换 10 层的Softmax函数
已完全恢复原始模型状态
已替换 1 层的GELU函数
已替换 11 层的GELU函数
已替换 1 层的Softmax函数
已替换 2 层的Softmax函数
已替换 9 层的Softmax函数
    Step 4/20 [softmax_L0->2]: accuracy=0.9131
已完全恢复原始模型状态
已替换 1 层的GELU函数
已替换 1 层的GELU函数
已替换 10 层的GELU函数
已替换 1 层的Softmax函数
已替换 2 层的Softmax函数
已替换 9 层的Softmax函数
已完全恢复原始模型状态
已替换 1 层的GELU函数
已替换 1 层的GELU函数
已替换 10 层的GELU函数
已替换 1 层的Softmax函数
已替换 1 层的Softmax函数
已替换 2 层的Softmax函数
已替换 8 层的Softmax函数
    Step 6/20 [softmax_L2->4]: accuracy=0.9132
已完全恢复原始模型状态
已替换 1 层的GELU函数
已替换 1 层的GELU函数
已替换 10 层的GELU函数
已替换 2 层的Softmax函数
已替换 1 层的Softmax函数
已替换 2 层的Softmax函数
已替换 7 层的Softmax函数
已完全恢复原始模型状态
已替换 1 层的GELU函数
已替换 1 层的GELU函数
已替换 10 层的GELU函数
已替换 2 层的Softmax函数
已替换 1 层的Softmax函数
已替换 1 层的Softmax函数
已替换 2 层的Softmax函数
已替换 6 层的Softmax函数
    Step 8/20 [softmax_L1->3]: accuracy=0.9132
已完全恢复原始模型状态
已替换 2 层的GELU函数
已替换 1 层的GELU函数
已替换 9 层的GELU函数
已替换 2 层的Softmax函数
已替换 1 层的Softmax函数
已替换 1 层的Softmax函数
已替换 2 层的Softmax函数
已替换 6 层的Softmax函数
已完全恢复原始模型状态
已替换 3 层的GELU函数
已替换 1 层的GELU函数
已替换 8 层的GELU函数
已替换 2 层的Softmax函数
已替换 1 层的Softmax函数
已替换 1 层的Softmax函数
已替换 2 层的Softmax函数
已替换 6 层的Softmax函数
    Step 10/20 [gelu_L10->1]: accuracy=0.9143
已完全恢复原始模型状态
已替换 3 层的GELU函数
已替换 1 层的GELU函数
已替换 8 层的GELU函数
已替换 2 层的Softmax函数
已替换 2 层的Softmax函数
已替换 1 层的Softmax函数
已替换 2 层的Softmax函数
已替换 5 层的Softmax函数
已完全恢复原始模型状态
已替换 4 层的GELU函数
已替换 1 层的GELU函数
已替换 7 层的GELU函数
已替换 2 层的Softmax函数
已替换 2 层的Softmax函数
已替换 1 层的Softmax函数
已替换 2 层的Softmax函数
已替换 5 层的Softmax函数
    Step 12/20 [gelu_L1->1]: accuracy=0.9132
已完全恢复原始模型状态
已替换 4 层的GELU函数
已替换 1 层的GELU函数
已替换 7 层的GELU函数
已替换 2 层的Softmax函数
已替换 3 层的Softmax函数
已替换 1 层的Softmax函数
已替换 2 层的Softmax函数
已替换 4 层的Softmax函数
已完全恢复原始模型状态
已替换 4 层的GELU函数
已替换 1 层的GELU函数
已替换 7 层的GELU函数
已替换 2 层的Softmax函数
已替换 3 层的Softmax函数
已替换 1 层的Softmax函数
已替换 3 层的Softmax函数
已替换 3 层的Softmax函数
    Step 14/20 [softmax_L11->5]: accuracy=0.9125
已完全恢复原始模型状态
已替换 5 层的GELU函数
已替换 1 层的GELU函数
已替换 6 层的GELU函数
已替换 2 层的Softmax函数
已替换 3 层的Softmax函数
已替换 1 层的Softmax函数
已替换 3 层的Softmax函数
已替换 3 层的Softmax函数
已完全恢复原始模型状态
已替换 5 层的GELU函数
已替换 1 层的GELU函数
已替换 6 层的GELU函数
已替换 2 层的Softmax函数
已替换 3 层的Softmax函数
已替换 2 层的Softmax函数
已替换 3 层的Softmax函数
已替换 2 层的Softmax函数
    Step 16/20 [softmax_L7->4]: accuracy=0.9123
已完全恢复原始模型状态
已替换 5 层的GELU函数
已替换 1 层的GELU函数
已替换 6 层的GELU函数
已替换 2 层的Softmax函数
已替换 3 层的Softmax函数
已替换 3 层的Softmax函数
已替换 3 层的Softmax函数
已替换 1 层的Softmax函数
已完全恢复原始模型状态
已替换 5 层的GELU函数
已替换 1 层的GELU函数
已替换 6 层的GELU函数
已替换 3 层的Softmax函数
已替换 3 层的Softmax函数
已替换 3 层的Softmax函数
已替换 3 层的Softmax函数
    Step 18/20 [softmax_L5->2]: accuracy=0.9123
已完全恢复原始模型状态
已替换 6 层的GELU函数
已替换 1 层的GELU函数
已替换 5 层的GELU函数
已替换 3 层的Softmax函数
已替换 3 层的Softmax函数
已替换 3 层的Softmax函数
已替换 3 层的Softmax函数
已完全恢复原始模型状态
已替换 7 层的GELU函数
已替换 1 层的GELU函数
已替换 4 层的GELU函数
已替换 3 层的Softmax函数
已替换 3 层的Softmax函数
已替换 3 层的Softmax函数
已替换 3 层的Softmax函数
    Step 20/20 [gelu_L3->1]: accuracy=0.9114

  --- Trial 2/5 ---
已完全恢复原始模型状态
已替换 12 层的GELU函数
已替换 12 层的Softmax函数
    Step 0 (baseline): accuracy=0.9138
已完全恢复原始模型状态
已替换 12 层的GELU函数
已替换 1 层的Softmax函数
已替换 11 层的Softmax函数
已完全恢复原始模型状态
已替换 1 层的GELU函数
已替换 11 层的GELU函数
已替换 1 层的Softmax函数
已替换 11 层的Softmax函数
    Step 2/20 [gelu_L3->1]: accuracy=0.9141
已完全恢复原始模型状态
已替换 1 层的GELU函数
已替换 11 层的GELU函数
已替换 1 层的Softmax函数
已替换 1 层的Softmax函数
已替换 10 层的Softmax函数
已完全恢复原始模型状态
已替换 2 层的GELU函数
已替换 10 层的GELU函数
已替换 1 层的Softmax函数
已替换 1 层的Softmax函数
已替换 10 层的Softmax函数
    Step 4/20 [gelu_L9->1]: accuracy=0.9140
已完全恢复原始模型状态
已替换 2 层的GELU函数
已替换 10 层的GELU函数
已替换 1 层的Softmax函数
已替换 1 层的Softmax函数
已替换 1 层的Softmax函数
已替换 9 层的Softmax函数
已完全恢复原始模型状态
已替换 2 层的GELU函数
已替换 1 层的GELU函数
已替换 9 层的GELU函数
已替换 1 层的Softmax函数
已替换 1 层的Softmax函数
已替换 1 层的Softmax函数
已替换 9 层的Softmax函数
    Step 6/20 [gelu_L4->2]: accuracy=0.9140
已完全恢复原始模型状态
已替换 2 层的GELU函数
已替换 1 层的GELU函数
已替换 9 层的GELU函数
已替换 1 层的Softmax函数
已替换 2 层的Softmax函数
已替换 1 层的Softmax函数
已替换 8 层的Softmax函数
已完全恢复原始模型状态
已替换 2 层的GELU函数
已替换 1 层的GELU函数
已替换 9 层的GELU函数
已替换 1 层的Softmax函数
已替换 1 层的Softmax函数
已替换 2 层的Softmax函数
已替换 1 层的Softmax函数
已替换 7 层的Softmax函数
    Step 8/20 [softmax_L5->2]: accuracy=0.9116
已完全恢复原始模型状态
已替换 2 层的GELU函数
已替换 1 层的GELU函数
已替换 9 层的GELU函数
已替换 1 层的Softmax函数
已替换 1 层的Softmax函数
已替换 2 层的Softmax函数
已替换 2 层的Softmax函数
已替换 6 层的Softmax函数
已完全恢复原始模型状态
已替换 3 层的GELU函数
已替换 1 层的GELU函数
已替换 8 层的GELU函数
已替换 1 层的Softmax函数
已替换 1 层的Softmax函数
已替换 2 层的Softmax函数
已替换 2 层的Softmax函数
已替换 6 层的Softmax函数
    Step 10/20 [gelu_L11->1]: accuracy=0.9112
已完全恢复原始模型状态
已替换 3 层的GELU函数
已替换 1 层的GELU函数
已替换 8 层的GELU函数
已替换 1 层的Softmax函数
已替换 1 层的Softmax函数
已替换 3 层的Softmax函数
已替换 2 层的Softmax函数
已替换 5 层的Softmax函数
已完全恢复原始模型状态
已替换 4 层的GELU函数
已替换 1 层的GELU函数
已替换 7 层的GELU函数
已替换 1 层的Softmax函数
已替换 1 层的Softmax函数
已替换 3 层的Softmax函数
已替换 2 层的Softmax函数
已替换 5 层的Softmax函数
    Step 12/20 [gelu_L1->1]: accuracy=0.9127
已完全恢复原始模型状态
已替换 4 层的GELU函数
已替换 1 层的GELU函数
已替换 7 层的GELU函数
已替换 1 层的Softmax函数
已替换 2 层的Softmax函数
已替换 3 层的Softmax函数
已替换 2 层的Softmax函数
已替换 4 层的Softmax函数
已完全恢复原始模型状态
已替换 4 层的GELU函数
已替换 1 层的GELU函数
已替换 7 层的GELU函数
已替换 2 层的Softmax函数
已替换 2 层的Softmax函数
已替换 3 层的Softmax函数
已替换 2 层的Softmax函数
已替换 3 层的Softmax函数
    Step 14/20 [softmax_L6->2]: accuracy=0.9131
已完全恢复原始模型状态
已替换 4 层的GELU函数
已替换 1 层的GELU函数
已替换 7 层的GELU函数
已替换 3 层的Softmax函数
已替换 2 层的Softmax函数
已替换 3 层的Softmax函数
已替换 2 层的Softmax函数
已替换 2 层的Softmax函数
已完全恢复原始模型状态
已替换 4 层的GELU函数
已替换 1 层的GELU函数
已替换 7 层的GELU函数
已替换 3 层的Softmax函数
已替换 3 层的Softmax函数
已替换 3 层的Softmax函数
已替换 2 层的Softmax函数
已替换 1 层的Softmax函数
    Step 16/20 [softmax_L1->3]: accuracy=0.9112
已完全恢复原始模型状态
已替换 5 层的GELU函数
已替换 1 层的GELU函数
已替换 6 层的GELU函数
已替换 3 层的Softmax函数
已替换 3 层的Softmax函数
已替换 3 层的Softmax函数
已替换 2 层的Softmax函数
已替换 1 层的Softmax函数
已完全恢复原始模型状态
已替换 5 层的GELU函数
已替换 1 层的GELU函数
已替换 6 层的GELU函数
已替换 3 层的Softmax函数
已替换 3 层的Softmax函数
已替换 3 层的Softmax函数
已替换 3 层的Softmax函数
    Step 18/20 [softmax_L10->5]: accuracy=0.9112
已完全恢复原始模型状态
已替换 6 层的GELU函数
已替换 1 层的GELU函数
已替换 5 层的GELU函数
已替换 3 层的Softmax函数
已替换 3 层的Softmax函数
已替换 3 层的Softmax函数
已替换 3 层的Softmax函数
已完全恢复原始模型状态
已替换 7 层的GELU函数
已替换 1 层的GELU函数
已替换 4 层的GELU函数
已替换 3 层的Softmax函数
已替换 3 层的Softmax函数
已替换 3 层的Softmax函数
已替换 3 层的Softmax函数
    Step 20/20 [gelu_L2->1]: accuracy=0.9114

  --- Trial 3/5 ---
已完全恢复原始模型状态
已替换 12 层的GELU函数
已替换 12 层的Softmax函数
    Step 0 (baseline): accuracy=0.9138
已完全恢复原始模型状态
已替换 12 层的GELU函数
已替换 1 层的Softmax函数
已替换 11 层的Softmax函数
已完全恢复原始模型状态
已替换 1 层的GELU函数
已替换 11 层的GELU函数
已替换 1 层的Softmax函数
已替换 11 层的Softmax函数
    Step 2/20 [gelu_L9->1]: accuracy=0.9149
已完全恢复原始模型状态
已替换 1 层的GELU函数
已替换 11 层的GELU函数
已替换 1 层的Softmax函数
已替换 1 层的Softmax函数
已替换 10 层的Softmax函数
已完全恢复原始模型状态
已替换 2 层的GELU函数
已替换 10 层的GELU函数
已替换 1 层的Softmax函数
已替换 1 层的Softmax函数
已替换 10 层的Softmax函数
    Step 4/20 [gelu_L1->1]: accuracy=0.9136
已完全恢复原始模型状态
已替换 2 层的GELU函数
已替换 10 层的GELU函数
已替换 1 层的Softmax函数
已替换 1 层的Softmax函数
已替换 1 层的Softmax函数
已替换 9 层的Softmax函数
已完全恢复原始模型状态
已替换 2 层的GELU函数
已替换 10 层的GELU函数
已替换 1 层的Softmax函数
已替换 1 层的Softmax函数
已替换 1 层的Softmax函数
已替换 1 层的Softmax函数
已替换 8 层的Softmax函数
    Step 6/20 [softmax_L6->2]: accuracy=0.9141
已完全恢复原始模型状态
已替换 3 层的GELU函数
已替换 9 层的GELU函数
已替换 1 层的Softmax函数
已替换 1 层的Softmax函数
已替换 1 层的Softmax函数
已替换 1 层的Softmax函数
已替换 8 层的Softmax函数
已完全恢复原始模型状态
已替换 3 层的GELU函数
已替换 9 层的GELU函数
已替换 2 层的Softmax函数
已替换 1 层的Softmax函数
已替换 1 层的Softmax函数
已替换 1 层的Softmax函数
已替换 7 层的Softmax函数
    Step 8/20 [softmax_L0->2]: accuracy=0.9116
已完全恢复原始模型状态
已替换 4 层的GELU函数
已替换 8 层的GELU函数
已替换 2 层的Softmax函数
已替换 1 层的Softmax函数
已替换 1 层的Softmax函数
已替换 1 层的Softmax函数
已替换 7 层的Softmax函数
已完全恢复原始模型状态
已替换 4 层的GELU函数
已替换 8 层的GELU函数
已替换 2 层的Softmax函数
已替换 1 层的Softmax函数
已替换 2 层的Softmax函数
已替换 1 层的Softmax函数
已替换 6 层的Softmax函数
    Step 10/20 [softmax_L7->4]: accuracy=0.9129
已完全恢复原始模型状态
已替换 4 层的GELU函数
已替换 8 层的GELU函数
已替换 2 层的Softmax函数
已替换 1 层的Softmax函数
已替换 3 层的Softmax函数
已替换 1 层的Softmax函数
已替换 5 层的Softmax函数
已完全恢复原始模型状态
已替换 4 层的GELU函数
已替换 1 层的GELU函数
已替换 7 层的GELU函数
已替换 2 层的Softmax函数
已替换 1 层的Softmax函数
已替换 3 层的Softmax函数
已替换 1 层的Softmax函数
已替换 5 层的Softmax函数
    Step 12/20 [gelu_L4->2]: accuracy=0.9123
已完全恢复原始模型状态
已替换 4 层的GELU函数
已替换 1 层的GELU函数
已替换 7 层的GELU函数
已替换 3 层的Softmax函数
已替换 1 层的Softmax函数
已替换 3 层的Softmax函数
已替换 1 层的Softmax函数
已替换 4 层的Softmax函数
已完全恢复原始模型状态
已替换 5 层的GELU函数
已替换 1 层的GELU函数
已替换 6 层的GELU函数
已替换 3 层的Softmax函数
已替换 1 层的Softmax函数
已替换 3 层的Softmax函数
已替换 1 层的Softmax函数
已替换 4 层的Softmax函数
    Step 14/20 [gelu_L10->1]: accuracy=0.9123
已完全恢复原始模型状态
已替换 6 层的GELU函数
已替换 1 层的GELU函数
已替换 5 层的GELU函数
已替换 3 层的Softmax函数
已替换 1 层的Softmax函数
已替换 3 层的Softmax函数
已替换 1 层的Softmax函数
已替换 4 层的Softmax函数
已完全恢复原始模型状态
已替换 7 层的GELU函数
已替换 1 层的GELU函数
已替换 4 层的GELU函数
已替换 3 层的Softmax函数
已替换 1 层的Softmax函数
已替换 3 层的Softmax函数
已替换 1 层的Softmax函数
已替换 4 层的Softmax函数
    Step 16/20 [gelu_L0->1]: accuracy=0.9121
已完全恢复原始模型状态
已替换 7 层的GELU函数
已替换 1 层的GELU函数
已替换 4 层的GELU函数
已替换 3 层的Softmax函数
已替换 1 层的Softmax函数
已替换 3 层的Softmax函数
已替换 2 层的Softmax函数
已替换 3 层的Softmax函数
已完全恢复原始模型状态
已替换 7 层的GELU函数
已替换 1 层的GELU函数
已替换 4 层的GELU函数
已替换 3 层的Softmax函数
已替换 2 层的Softmax函数
已替换 3 层的Softmax函数
已替换 2 层的Softmax函数
已替换 2 层的Softmax函数
    Step 18/20 [softmax_L8->3]: accuracy=0.9101
已完全恢复原始模型状态
已替换 7 层的GELU函数
已替换 1 层的GELU函数
已替换 4 层的GELU函数
已替换 3 层的Softmax函数
已替换 2 层的Softmax函数
已替换 3 层的Softmax函数
已替换 3 层的Softmax函数
已替换 1 层的Softmax函数
已完全恢复原始模型状态
已替换 7 层的GELU函数
已替换 1 层的GELU函数
已替换 4 层的GELU函数
已替换 3 层的Softmax函数
已替换 3 层的Softmax函数
已替换 3 层的Softmax函数
已替换 3 层的Softmax函数
    Step 20/20 [softmax_L1->3]: accuracy=0.9114

  --- Trial 4/5 ---
已完全恢复原始模型状态
已替换 12 层的GELU函数
已替换 12 层的Softmax函数
    Step 0 (baseline): accuracy=0.9138
已完全恢复原始模型状态
已替换 12 层的GELU函数
已替换 1 层的Softmax函数
已替换 11 层的Softmax函数
已完全恢复原始模型状态
已替换 1 层的GELU函数
已替换 11 层的GELU函数
已替换 1 层的Softmax函数
已替换 11 层的Softmax函数
    Step 2/20 [gelu_L10->1]: accuracy=0.9147
已完全恢复原始模型状态
已替换 1 层的GELU函数
已替换 11 层的GELU函数
已替换 1 层的Softmax函数
已替换 1 层的Softmax函数
已替换 10 层的Softmax函数
已完全恢复原始模型状态
已替换 2 层的GELU函数
已替换 10 层的GELU函数
已替换 1 层的Softmax函数
已替换 1 层的Softmax函数
已替换 10 层的Softmax函数
    Step 4/20 [gelu_L1->1]: accuracy=0.9136
已完全恢复原始模型状态
已替换 2 层的GELU函数
已替换 10 层的GELU函数
已替换 1 层的Softmax函数
已替换 2 层的Softmax函数
已替换 9 层的Softmax函数
已完全恢复原始模型状态
已替换 2 层的GELU函数
已替换 10 层的GELU函数
已替换 1 层的Softmax函数
已替换 3 层的Softmax函数
已替换 8 层的Softmax函数
    Step 6/20 [softmax_L10->5]: accuracy=0.9131
已完全恢复原始模型状态
已替换 2 层的GELU函数
已替换 10 层的GELU函数
已替换 1 层的Softmax函数
已替换 1 层的Softmax函数
已替换 3 层的Softmax函数
已替换 7 层的Softmax函数
已完全恢复原始模型状态
已替换 2 层的GELU函数
已替换 10 层的GELU函数
已替换 1 层的Softmax函数
已替换 2 层的Softmax函数
已替换 3 层的Softmax函数
已替换 6 层的Softmax函数
    Step 8/20 [softmax_L3->4]: accuracy=0.9129
已完全恢复原始模型状态
已替换 2 层的GELU函数
已替换 10 层的GELU函数
已替换 1 层的Softmax函数
已替换 1 层的Softmax函数
已替换 2 层的Softmax函数
已替换 3 层的Softmax函数
已替换 5 层的Softmax函数
已完全恢复原始模型状态
已替换 3 层的GELU函数
已替换 9 层的GELU函数
已替换 1 层的Softmax函数
已替换 1 层的Softmax函数
已替换 2 层的Softmax函数
已替换 3 层的Softmax函数
已替换 5 层的Softmax函数
    Step 10/20 [gelu_L3->1]: accuracy=0.9134
已完全恢复原始模型状态
已替换 4 层的GELU函数
已替换 8 层的GELU函数
已替换 1 层的Softmax函数
已替换 1 层的Softmax函数
已替换 2 层的Softmax函数
已替换 3 层的Softmax函数
已替换 5 层的Softmax函数
已完全恢复原始模型状态
已替换 4 层的GELU函数
已替换 8 层的GELU函数
已替换 1 层的Softmax函数
已替换 1 层的Softmax函数
已替换 3 层的Softmax函数
已替换 3 层的Softmax函数
已替换 4 层的Softmax函数
    Step 12/20 [softmax_L2->4]: accuracy=0.9143
已完全恢复原始模型状态
已替换 4 层的GELU函数
已替换 8 层的GELU函数
已替换 2 层的Softmax函数
已替换 1 层的Softmax函数
已替换 3 层的Softmax函数
已替换 3 层的Softmax函数
已替换 3 层的Softmax函数
已完全恢复原始模型状态
已替换 4 层的GELU函数
已替换 1 层的GELU函数
已替换 7 层的GELU函数
已替换 2 层的Softmax函数
已替换 1 层的Softmax函数
已替换 3 层的Softmax函数
已替换 3 层的Softmax函数
已替换 3 层的Softmax函数
    Step 14/20 [gelu_L4->2]: accuracy=0.9112
已完全恢复原始模型状态
已替换 4 层的GELU函数
已替换 1 层的GELU函数
已替换 7 层的GELU函数
已替换 2 层的Softmax函数
已替换 2 层的Softmax函数
已替换 3 层的Softmax函数
已替换 3 层的Softmax函数
已替换 2 层的Softmax函数
已完全恢复原始模型状态
已替换 5 层的GELU函数
已替换 1 层的GELU函数
已替换 6 层的GELU函数
已替换 2 层的Softmax函数
已替换 2 层的Softmax函数
已替换 3 层的Softmax函数
已替换 3 层的Softmax函数
已替换 2 层的Softmax函数
    Step 16/20 [gelu_L2->1]: accuracy=0.9109
已完全恢复原始模型状态
已替换 6 层的GELU函数
已替换 1 层的GELU函数
已替换 5 层的GELU函数
已替换 2 层的Softmax函数
已替换 2 层的Softmax函数
已替换 3 层的Softmax函数
已替换 3 层的Softmax函数
已替换 2 层的Softmax函数
已完全恢复原始模型状态
已替换 7 层的GELU函数
已替换 1 层的GELU函数
已替换 4 层的GELU函数
已替换 2 层的Softmax函数
已替换 2 层的Softmax函数
已替换 3 层的Softmax函数
已替换 3 层的Softmax函数
已替换 2 层的Softmax函数
    Step 18/20 [gelu_L0->1]: accuracy=0.9103
已完全恢复原始模型状态
已替换 7 层的GELU函数
已替换 1 层的GELU函数
已替换 4 层的GELU函数
已替换 2 层的Softmax函数
已替换 3 层的Softmax函数
已替换 3 层的Softmax函数
已替换 3 层的Softmax函数
已替换 1 层的Softmax函数
已完全恢复原始模型状态
已替换 7 层的GELU函数
已替换 1 层的GELU函数
已替换 4 层的GELU函数
已替换 3 层的Softmax函数
已替换 3 层的Softmax函数
已替换 3 层的Softmax函数
已替换 3 层的Softmax函数
    Step 20/20 [softmax_L6->2]: accuracy=0.9114

  --- Trial 5/5 ---
已完全恢复原始模型状态
已替换 12 层的GELU函数
已替换 12 层的Softmax函数
    Step 0 (baseline): accuracy=0.9138
已完全恢复原始模型状态
已替换 12 层的GELU函数
已替换 1 层的Softmax函数
已替换 11 层的Softmax函数
已完全恢复原始模型状态
已替换 12 层的GELU函数
已替换 1 层的Softmax函数
已替换 1 层的Softmax函数
已替换 10 层的Softmax函数
    Step 2/20 [softmax_L1->3]: accuracy=0.9141
已完全恢复原始模型状态
已替换 1 层的GELU函数
已替换 11 层的GELU函数
已替换 1 层的Softmax函数
已替换 1 层的Softmax函数
已替换 10 层的Softmax函数
已完全恢复原始模型状态
已替换 1 层的GELU函数
已替换 11 层的GELU函数
已替换 2 层的Softmax函数
已替换 1 层的Softmax函数
已替换 9 层的Softmax函数
    Step 4/20 [softmax_L5->2]: accuracy=0.9141
已完全恢复原始模型状态
已替换 1 层的GELU函数
已替换 11 层的GELU函数
已替换 2 层的Softmax函数
已替换 1 层的Softmax函数
已替换 1 层的Softmax函数
已替换 8 层的Softmax函数
已完全恢复原始模型状态
已替换 1 层的GELU函数
已替换 11 层的GELU函数
已替换 2 层的Softmax函数
已替换 1 层的Softmax函数
已替换 1 层的Softmax函数
已替换 1 层的Softmax函数
已替换 7 层的Softmax函数
    Step 6/20 [softmax_L7->4]: accuracy=0.9140
已完全恢复原始模型状态
已替换 1 层的GELU函数
已替换 11 层的GELU函数
已替换 2 层的Softmax函数
已替换 1 层的Softmax函数
已替换 1 层的Softmax函数
已替换 2 层的Softmax函数
已替换 6 层的Softmax函数
已完全恢复原始模型状态
已替换 1 层的GELU函数
已替换 11 层的GELU函数
已替换 2 层的Softmax函数
已替换 2 层的Softmax函数
已替换 1 层的Softmax函数
已替换 2 层的Softmax函数
已替换 5 层的Softmax函数
    Step 8/20 [softmax_L8->3]: accuracy=0.9141
已完全恢复原始模型状态
已替换 1 层的GELU函数
已替换 11 层的GELU函数
已替换 2 层的Softmax函数
已替换 3 层的Softmax函数
已替换 1 层的Softmax函数
已替换 2 层的Softmax函数
已替换 4 层的Softmax函数
已完全恢复原始模型状态
已替换 2 层的GELU函数
已替换 10 层的GELU函数
已替换 2 层的Softmax函数
已替换 3 层的Softmax函数
已替换 1 层的Softmax函数
已替换 2 层的Softmax函数
已替换 4 层的Softmax函数
    Step 10/20 [gelu_L9->1]: accuracy=0.9112
已完全恢复原始模型状态
已替换 3 层的GELU函数
已替换 9 层的GELU函数
已替换 2 层的Softmax函数
已替换 3 层的Softmax函数
已替换 1 层的Softmax函数
已替换 2 层的Softmax函数
已替换 4 层的Softmax函数
已完全恢复原始模型状态
已替换 3 层的GELU函数
已替换 9 层的GELU函数
已替换 2 层的Softmax函数
已替换 3 层的Softmax函数
已替换 2 层的Softmax函数
已替换 2 层的Softmax函数
已替换 3 层的Softmax函数
    Step 12/20 [softmax_L3->4]: accuracy=0.9099
已完全恢复原始模型状态
已替换 4 层的GELU函数
已替换 8 层的GELU函数
已替换 2 层的Softmax函数
已替换 3 层的Softmax函数
已替换 2 层的Softmax函数
已替换 2 层的Softmax函数
已替换 3 层的Softmax函数
已完全恢复原始模型状态
已替换 5 层的GELU函数
已替换 7 层的GELU函数
已替换 2 层的Softmax函数
已替换 3 层的Softmax函数
已替换 2 层的Softmax函数
已替换 2 层的Softmax函数
已替换 3 层的Softmax函数
    Step 14/20 [gelu_L11->1]: accuracy=0.9101
已完全恢复原始模型状态
已替换 6 层的GELU函数
已替换 6 层的GELU函数
已替换 2 层的Softmax函数
已替换 3 层的Softmax函数
已替换 2 层的Softmax函数
已替换 2 层的Softmax函数
已替换 3 层的Softmax函数
已完全恢复原始模型状态
已替换 6 层的GELU函数
已替换 6 层的GELU函数
已替换 2 层的Softmax函数
已替换 3 层的Softmax函数
已替换 2 层的Softmax函数
已替换 3 层的Softmax函数
已替换 2 层的Softmax函数
    Step 16/20 [softmax_L10->5]: accuracy=0.9092
已完全恢复原始模型状态
已替换 7 层的GELU函数
已替换 5 层的GELU函数
已替换 2 层的Softmax函数
已替换 3 层的Softmax函数
已替换 2 层的Softmax函数
已替换 3 层的Softmax函数
已替换 2 层的Softmax函数
已完全恢复原始模型状态
已替换 7 层的GELU函数
已替换 5 层的GELU函数
已替换 3 层的Softmax函数
已替换 3 层的Softmax函数
已替换 2 层的Softmax函数
已替换 3 层的Softmax函数
已替换 1 层的Softmax函数
    Step 18/20 [softmax_L6->2]: accuracy=0.9112
已完全恢复原始模型状态
已替换 7 层的GELU函数
已替换 1 层的GELU函数
已替换 4 层的GELU函数
已替换 3 层的Softmax函数
已替换 3 层的Softmax函数
已替换 2 层的Softmax函数
已替换 3 层的Softmax函数
已替换 1 层的Softmax函数
已完全恢复原始模型状态
已替换 7 层的GELU函数
已替换 1 层的GELU函数
已替换 4 层的GELU函数
已替换 3 层的Softmax函数
已替换 3 层的Softmax函数
已替换 3 层的Softmax函数
已替换 3 层的Softmax函数
    Step 20/20 [softmax_L2->4]: accuracy=0.9114
  Saved: experiment_results/stepwise/stepwise_degradation_qnli.png

============================================================
  Stepwise Degradation: RTE
============================================================
  Target GELU:    [1, 1, 1, 2, 1, 1, 1, 1, 1, 1, 1, 1]
  Target Softmax: [4, 3, 4, 3, 3, 4, 4, 3, 3, 3, 5, 4]
  Total degradation steps: 24
/var/tmp/root-home/miniconda3/envs/llm_ist/lib/python3.10/site-packages/huggingface_hub/file_download.py:942: FutureWarning: `resume_download` is deprecated and will be removed in version 1.0.0. Downloads always resume when possible. If you want to force a new download, use `force_download=True`.
  warnings.warn(

  --- Trial 1/5 ---
已完全恢复原始模型状态
已替换 12 层的GELU函数
已替换 12 层的Softmax函数
You're using a BertTokenizerFast tokenizer. Please note that with a fast tokenizer, using the `__call__` method is faster than using a method to encode the text followed by a call to the `pad` method to get a padded encoding.
    Step 0 (baseline): accuracy=0.7256
已完全恢复原始模型状态
已替换 1 层的GELU函数
已替换 11 层的GELU函数
已替换 12 层的Softmax函数
已完全恢复原始模型状态
已替换 2 层的GELU函数
已替换 10 层的GELU函数
已替换 12 层的Softmax函数
    Step 2/24 [gelu_L8->1]: accuracy=0.7256
已完全恢复原始模型状态
已替换 3 层的GELU函数
已替换 9 层的GELU函数
已替换 12 层的Softmax函数
已完全恢复原始模型状态
已替换 4 层的GELU函数
已替换 8 层的GELU函数
已替换 12 层的Softmax函数
    Step 4/24 [gelu_L9->1]: accuracy=0.7184
已完全恢复原始模型状态
已替换 4 层的GELU函数
已替换 8 层的GELU函数
已替换 1 层的Softmax函数
已替换 11 层的Softmax函数
已完全恢复原始模型状态
已替换 4 层的GELU函数
已替换 8 层的GELU函数
已替换 1 层的Softmax函数
已替换 1 层的Softmax函数
已替换 10 层的Softmax函数
    Step 6/24 [softmax_L4->3]: accuracy=0.7220
已完全恢复原始模型状态
已替换 4 层的GELU函数
已替换 8 层的GELU函数
已替换 1 层的Softmax函数
已替换 2 层的Softmax函数
已替换 9 层的Softmax函数
已完全恢复原始模型状态
已替换 4 层的GELU函数
已替换 8 层的GELU函数
已替换 1 层的Softmax函数
已替换 3 层的Softmax函数
已替换 8 层的Softmax函数
    Step 8/24 [softmax_L0->4]: accuracy=0.7220
已完全恢复原始模型状态
已替换 4 层的GELU函数
已替换 8 层的GELU函数
已替换 1 层的Softmax函数
已替换 3 层的Softmax函数
已替换 1 层的Softmax函数
已替换 7 层的Softmax函数
已完全恢复原始模型状态
已替换 4 层的GELU函数
已替换 8 层的GELU函数
已替换 1 层的Softmax函数
已替换 4 层的Softmax函数
已替换 1 层的Softmax函数
已替换 6 层的Softmax函数
    Step 10/24 [softmax_L2->4]: accuracy=0.7148
已完全恢复原始模型状态
已替换 5 层的GELU函数
已替换 7 层的GELU函数
已替换 1 层的Softmax函数
已替换 4 层的Softmax函数
已替换 1 层的Softmax函数
已替换 6 层的Softmax函数
已完全恢复原始模型状态
已替换 6 层的GELU函数
已替换 6 层的GELU函数
已替换 1 层的Softmax函数
已替换 4 层的Softmax函数
已替换 1 层的Softmax函数
已替换 6 层的Softmax函数
    Step 12/24 [gelu_L6->1]: accuracy=0.7184
已完全恢复原始模型状态
已替换 6 层的GELU函数
已替换 6 层的GELU函数
已替换 2 层的Softmax函数
已替换 4 层的Softmax函数
已替换 1 层的Softmax函数
已替换 5 层的Softmax函数
已完全恢复原始模型状态
已替换 6 层的GELU函数
已替换 6 层的GELU函数
已替换 3 层的Softmax函数
已替换 4 层的Softmax函数
已替换 1 层的Softmax函数
已替换 4 层的Softmax函数
    Step 14/24 [softmax_L1->3]: accuracy=0.7148
已完全恢复原始模型状态
已替换 7 层的GELU函数
已替换 5 层的GELU函数
已替换 3 层的Softmax函数
已替换 4 层的Softmax函数
已替换 1 层的Softmax函数
已替换 4 层的Softmax函数
已完全恢复原始模型状态
已替换 8 层的GELU函数
已替换 4 层的GELU函数
已替换 3 层的Softmax函数
已替换 4 层的Softmax函数
已替换 1 层的Softmax函数
已替换 4 层的Softmax函数
    Step 16/24 [gelu_L11->1]: accuracy=0.7292
已完全恢复原始模型状态
已替换 8 层的GELU函数
已替换 4 层的GELU函数
已替换 4 层的Softmax函数
已替换 4 层的Softmax函数
已替换 1 层的Softmax函数
已替换 3 层的Softmax函数
已完全恢复原始模型状态
已替换 9 层的GELU函数
已替换 3 层的GELU函数
已替换 4 层的Softmax函数
已替换 4 层的Softmax函数
已替换 1 层的Softmax函数
已替换 3 层的Softmax函数
    Step 18/24 [gelu_L10->1]: accuracy=0.7256
已完全恢复原始模型状态
已替换 9 层的GELU函数
已替换 3 层的GELU函数
已替换 4 层的Softmax函数
已替换 5 层的Softmax函数
已替换 1 层的Softmax函数
已替换 2 层的Softmax函数
已完全恢复原始模型状态
已替换 9 层的GELU函数
已替换 3 层的GELU函数
已替换 5 层的Softmax函数
已替换 5 层的Softmax函数
已替换 1 层的Softmax函数
已替换 1 层的Softmax函数
    Step 20/24 [softmax_L3->3]: accuracy=0.7329
已完全恢复原始模型状态
已替换 10 层的GELU函数
已替换 2 层的GELU函数
已替换 5 层的Softmax函数
已替换 5 层的Softmax函数
已替换 1 层的Softmax函数
已替换 1 层的Softmax函数
已完全恢复原始模型状态
已替换 11 层的GELU函数
已替换 1 层的GELU函数
已替换 5 层的Softmax函数
已替换 5 层的Softmax函数
已替换 1 层的Softmax函数
已替换 1 层的Softmax函数
    Step 22/24 [gelu_L7->1]: accuracy=0.7292
已完全恢复原始模型状态
已替换 11 层的GELU函数
已替换 1 层的GELU函数
已替换 6 层的Softmax函数
已替换 5 层的Softmax函数
已替换 1 层的Softmax函数
已完全恢复原始模型状态
已替换 11 层的GELU函数
已替换 1 层的GELU函数
已替换 6 层的Softmax函数
已替换 5 层的Softmax函数
已替换 1 层的Softmax函数
    Step 24/24 [gelu_L3->2]: accuracy=0.7437

  --- Trial 2/5 ---
已完全恢复原始模型状态
已替换 12 层的GELU函数
已替换 12 层的Softmax函数
    Step 0 (baseline): accuracy=0.7256
已完全恢复原始模型状态
已替换 1 层的GELU函数
已替换 11 层的GELU函数
已替换 12 层的Softmax函数
已完全恢复原始模型状态
已替换 1 层的GELU函数
已替换 1 层的GELU函数
已替换 10 层的GELU函数
已替换 12 层的Softmax函数
    Step 2/24 [gelu_L5->1]: accuracy=0.7148
已完全恢复原始模型状态
已替换 1 层的GELU函数
已替换 1 层的GELU函数
已替换 10 层的GELU函数
已替换 1 层的Softmax函数
已替换 11 层的Softmax函数
已完全恢复原始模型状态
已替换 1 层的GELU函数
已替换 1 层的GELU函数
已替换 10 层的GELU函数
已替换 2 层的Softmax函数
已替换 10 层的Softmax函数
    Step 4/24 [softmax_L6->4]: accuracy=0.7184
已完全恢复原始模型状态
已替换 1 层的GELU函数
已替换 1 层的GELU函数
已替换 10 层的GELU函数
已替换 3 层的Softmax函数
已替换 9 层的Softmax函数
已完全恢复原始模型状态
已替换 1 层的GELU函数
已替换 1 层的GELU函数
已替换 10 层的GELU函数
已替换 1 层的Softmax函数
已替换 3 层的Softmax函数
已替换 8 层的Softmax函数
    Step 6/24 [softmax_L7->3]: accuracy=0.7184
已完全恢复原始模型状态
已替换 2 层的GELU函数
已替换 1 层的GELU函数
已替换 9 层的GELU函数
已替换 1 层的Softmax函数
已替换 3 层的Softmax函数
已替换 8 层的Softmax函数
已完全恢复原始模型状态
已替换 3 层的GELU函数
已替换 1 层的GELU函数
已替换 8 层的GELU函数
已替换 1 层的Softmax函数
已替换 3 层的Softmax函数
已替换 8 层的Softmax函数
    Step 8/24 [gelu_L6->1]: accuracy=0.7112
已完全恢复原始模型状态
已替换 3 层的GELU函数
已替换 1 层的GELU函数
已替换 8 层的GELU函数
已替换 1 层的Softmax函数
已替换 4 层的Softmax函数
已替换 7 层的Softmax函数
已完全恢复原始模型状态
已替换 3 层的GELU函数
已替换 1 层的GELU函数
已替换 8 层的GELU函数
已替换 1 层的Softmax函数
已替换 5 层的Softmax函数
已替换 6 层的Softmax函数
    Step 10/24 [softmax_L0->4]: accuracy=0.7004
已完全恢复原始模型状态
已替换 3 层的GELU函数
已替换 1 层的GELU函数
已替换 8 层的GELU函数
已替换 2 层的Softmax函数
已替换 5 层的Softmax函数
已替换 5 层的Softmax函数
已完全恢复原始模型状态
已替换 4 层的GELU函数
已替换 1 层的GELU函数
已替换 7 层的GELU函数
已替换 2 层的Softmax函数
已替换 5 层的Softmax函数
已替换 5 层的Softmax函数
    Step 12/24 [gelu_L9->1]: accuracy=0.7076
已完全恢复原始模型状态
已替换 4 层的GELU函数
已替换 1 层的GELU函数
已替换 7 层的GELU函数
已替换 3 层的Softmax函数
已替换 5 层的Softmax函数
已替换 4 层的Softmax函数
已完全恢复原始模型状态
已替换 5 层的GELU函数
已替换 1 层的GELU函数
已替换 6 层的GELU函数
已替换 3 层的Softmax函数
已替换 5 层的Softmax函数
已替换 4 层的Softmax函数
    Step 14/24 [gelu_L11->1]: accuracy=0.7004
已完全恢复原始模型状态
已替换 5 层的GELU函数
已替换 1 层的GELU函数
已替换 6 层的GELU函数
已替换 4 层的Softmax函数
已替换 5 层的Softmax函数
已替换 3 层的Softmax函数
已完全恢复原始模型状态
已替换 6 层的GELU函数
已替换 1 层的GELU函数
已替换 5 层的GELU函数
已替换 4 层的Softmax函数
已替换 5 层的Softmax函数
已替换 3 层的Softmax函数
    Step 16/24 [gelu_L10->1]: accuracy=0.7040
已完全恢复原始模型状态
已替换 7 层的GELU函数
已替换 1 层的GELU函数
已替换 4 层的GELU函数
已替换 4 层的Softmax函数
已替换 5 层的Softmax函数
已替换 3 层的Softmax函数
已完全恢复原始模型状态
已替换 8 层的GELU函数
已替换 1 层的GELU函数
已替换 3 层的GELU函数
已替换 4 层的Softmax函数
已替换 5 层的Softmax函数
已替换 3 层的Softmax函数
    Step 18/24 [gelu_L1->1]: accuracy=0.7040
已完全恢复原始模型状态
已替换 8 层的GELU函数
已替换 1 层的GELU函数
已替换 3 层的GELU函数
已替换 4 层的Softmax函数
已替换 5 层的Softmax函数
已替换 1 层的Softmax函数
已替换 2 层的Softmax函数
已完全恢复原始模型状态
已替换 8 层的GELU函数
已替换 1 层的GELU函数
已替换 3 层的GELU函数
已替换 5 层的Softmax函数
已替换 5 层的Softmax函数
已替换 1 层的Softmax函数
已替换 1 层的Softmax函数
    Step 20/24 [softmax_L9->3]: accuracy=0.7148
已完全恢复原始模型状态
已替换 9 层的GELU函数
已替换 1 层的GELU函数
已替换 2 层的GELU函数
已替换 5 层的Softmax函数
已替换 5 层的Softmax函数
已替换 1 层的Softmax函数
已替换 1 层的Softmax函数
已完全恢复原始模型状态
已替换 9 层的GELU函数
已替换 1 层的GELU函数
已替换 2 层的GELU函数
已替换 6 层的Softmax函数
已替换 5 层的Softmax函数
已替换 1 层的Softmax函数
    Step 22/24 [softmax_L8->3]: accuracy=0.7148
已完全恢复原始模型状态
已替换 10 层的GELU函数
已替换 1 层的GELU函数
已替换 1 层的GELU函数
已替换 6 层的Softmax函数
已替换 5 层的Softmax函数
已替换 1 层的Softmax函数
已完全恢复原始模型状态
已替换 11 层的GELU函数
已替换 1 层的GELU函数
已替换 6 层的Softmax函数
已替换 5 层的Softmax函数
已替换 1 层的Softmax函数
    Step 24/24 [gelu_L2->1]: accuracy=0.7437

  --- Trial 3/5 ---
已完全恢复原始模型状态
已替换 12 层的GELU函数
已替换 12 层的Softmax函数
    Step 0 (baseline): accuracy=0.7256
已完全恢复原始模型状态
已替换 1 层的GELU函数
已替换 11 层的GELU函数
已替换 12 层的Softmax函数
已完全恢复原始模型状态
已替换 2 层的GELU函数
已替换 10 层的GELU函数
已替换 12 层的Softmax函数
    Step 2/24 [gelu_L1->1]: accuracy=0.7184
已完全恢复原始模型状态
已替换 2 层的GELU函数
已替换 10 层的GELU函数
已替换 1 层的Softmax函数
已替换 11 层的Softmax函数
已完全恢复原始模型状态
已替换 2 层的GELU函数
已替换 10 层的GELU函数
已替换 2 层的Softmax函数
已替换 10 层的Softmax函数
    Step 4/24 [softmax_L0->4]: accuracy=0.7184
已完全恢复原始模型状态
已替换 3 层的GELU函数
已替换 9 层的GELU函数
已替换 2 层的Softmax函数
已替换 10 层的Softmax函数
已完全恢复原始模型状态
已替换 3 层的GELU函数
已替换 9 层的GELU函数
已替换 3 层的Softmax函数
已替换 9 层的Softmax函数
    Step 6/24 [softmax_L2->4]: accuracy=0.7220
已完全恢复原始模型状态
已替换 4 层的GELU函数
已替换 8 层的GELU函数
已替换 3 层的Softmax函数
已替换 9 层的Softmax函数
已完全恢复原始模型状态
已替换 5 层的GELU函数
已替换 7 层的GELU函数
已替换 3 层的Softmax函数
已替换 9 层的Softmax函数
    Step 8/24 [gelu_L8->1]: accuracy=0.7365
已完全恢复原始模型状态
已替换 6 层的GELU函数
已替换 6 层的GELU函数
已替换 3 层的Softmax函数
已替换 9 层的Softmax函数
已完全恢复原始模型状态
已替换 6 层的GELU函数
已替换 6 层的GELU函数
已替换 3 层的Softmax函数
已替换 1 层的Softmax函数
已替换 8 层的Softmax函数
    Step 10/24 [softmax_L10->5]: accuracy=0.7256
已完全恢复原始模型状态
已替换 6 层的GELU函数
已替换 6 层的GELU函数
已替换 1 层的Softmax函数
已替换 3 层的Softmax函数
已替换 1 层的Softmax函数
已替换 7 层的Softmax函数
已完全恢复原始模型状态
已替换 6 层的GELU函数
已替换 1 层的GELU函数
已替换 5 层的GELU函数
已替换 1 层的Softmax函数
已替换 3 层的Softmax函数
已替换 1 层的Softmax函数
已替换 7 层的Softmax函数
    Step 12/24 [gelu_L3->2]: accuracy=0.7220
已完全恢复原始模型状态
已替换 6 层的GELU函数
已替换 1 层的GELU函数
已替换 5 层的GELU函数
已替换 1 层的Softmax函数
已替换 4 层的Softmax函数
已替换 1 层的Softmax函数
已替换 6 层的Softmax函数
已完全恢复原始模型状态
已替换 6 层的GELU函数
已替换 1 层的GELU函数
已替换 5 层的GELU函数
已替换 2 层的Softmax函数
已替换 4 层的Softmax函数
已替换 1 层的Softmax函数
已替换 5 层的Softmax函数
    Step 14/24 [softmax_L3->3]: accuracy=0.7220
已完全恢复原始模型状态
已替换 7 层的GELU函数
已替换 1 层的GELU函数
已替换 4 层的GELU函数
已替换 2 层的Softmax函数
已替换 4 层的Softmax函数
已替换 1 层的Softmax函数
已替换 5 层的Softmax函数
已完全恢复原始模型状态
已替换 8 层的GELU函数
已替换 1 层的GELU函数
已替换 3 层的GELU函数
已替换 2 层的Softmax函数
已替换 4 层的Softmax函数
已替换 1 层的Softmax函数
已替换 5 层的Softmax函数
    Step 16/24 [gelu_L5->1]: accuracy=0.7256
已完全恢复原始模型状态
已替换 8 层的GELU函数
已替换 1 层的GELU函数
已替换 3 层的GELU函数
已替换 3 层的Softmax函数
已替换 4 层的Softmax函数
已替换 1 层的Softmax函数
已替换 4 层的Softmax函数
已完全恢复原始模型状态
已替换 8 层的GELU函数
已替换 1 层的GELU函数
已替换 3 层的GELU函数
已替换 4 层的Softmax函数
已替换 4 层的Softmax函数
已替换 1 层的Softmax函数
已替换 3 层的Softmax函数
    Step 18/24 [softmax_L9->3]: accuracy=0.7292
已完全恢复原始模型状态
已替换 9 层的GELU函数
已替换 1 层的GELU函数
已替换 2 层的GELU函数
已替换 4 层的Softmax函数
已替换 4 层的Softmax函数
已替换 1 层的Softmax函数
已替换 3 层的Softmax函数
已完全恢复原始模型状态
已替换 10 层的GELU函数
已替换 1 层的GELU函数
已替换 1 层的GELU函数
已替换 4 层的Softmax函数
已替换 4 层的Softmax函数
已替换 1 层的Softmax函数
已替换 3 层的Softmax函数
    Step 20/24 [gelu_L11->1]: accuracy=0.7365
已完全恢复原始模型状态
已替换 10 层的GELU函数
已替换 1 层的GELU函数
已替换 1 层的GELU函数
已替换 4 层的Softmax函数
已替换 5 层的Softmax函数
已替换 1 层的Softmax函数
已替换 2 层的Softmax函数
已完全恢复原始模型状态
已替换 10 层的GELU函数
已替换 1 层的GELU函数
已替换 1 层的GELU函数
已替换 5 层的Softmax函数
已替换 5 层的Softmax函数
已替换 1 层的Softmax函数
已替换 1 层的Softmax函数
    Step 22/24 [softmax_L8->3]: accuracy=0.7220
已完全恢复原始模型状态
已替换 10 层的GELU函数
已替换 1 层的GELU函数
已替换 1 层的GELU函数
已替换 6 层的Softmax函数
已替换 5 层的Softmax函数
已替换 1 层的Softmax函数
已完全恢复原始模型状态
已替换 11 层的GELU函数
已替换 1 层的GELU函数
已替换 6 层的Softmax函数
已替换 5 层的Softmax函数
已替换 1 层的Softmax函数
    Step 24/24 [gelu_L10->1]: accuracy=0.7437

  --- Trial 4/5 ---
已完全恢复原始模型状态
已替换 12 层的GELU函数
已替换 12 层的Softmax函数
    Step 0 (baseline): accuracy=0.7256
已完全恢复原始模型状态
已替换 1 层的GELU函数
已替换 11 层的GELU函数
已替换 12 层的Softmax函数
已完全恢复原始模型状态
已替换 2 层的GELU函数
已替换 10 层的GELU函数
已替换 12 层的Softmax函数
    Step 2/24 [gelu_L10->1]: accuracy=0.7256
已完全恢复原始模型状态
已替换 2 层的GELU函数
已替换 10 层的GELU函数
已替换 1 层的Softmax函数
已替换 11 层的Softmax函数
已完全恢复原始模型状态
已替换 3 层的GELU函数
已替换 9 层的GELU函数
已替换 1 层的Softmax函数
已替换 11 层的Softmax函数
    Step 4/24 [gelu_L5->1]: accuracy=0.7184
已完全恢复原始模型状态
已替换 3 层的GELU函数
已替换 9 层的GELU函数
已替换 1 层的Softmax函数
已替换 1 层的Softmax函数
已替换 10 层的Softmax函数
已完全恢复原始模型状态
已替换 3 层的GELU函数
已替换 9 层的GELU函数
已替换 1 层的Softmax函数
已替换 2 层的Softmax函数
已替换 9 层的Softmax函数
    Step 6/24 [softmax_L11->4]: accuracy=0.7220
已完全恢复原始模型状态
已替换 3 层的GELU函数
已替换 9 层的GELU函数
已替换 1 层的Softmax函数
已替换 2 层的Softmax函数
已替换 1 层的Softmax函数
已替换 8 层的Softmax函数
已完全恢复原始模型状态
已替换 3 层的GELU函数
已替换 9 层的GELU函数
已替换 2 层的Softmax函数
已替换 2 层的Softmax函数
已替换 1 层的Softmax函数
已替换 7 层的Softmax函数
    Step 8/24 [softmax_L9->3]: accuracy=0.7256
已完全恢复原始模型状态
已替换 4 层的GELU函数
已替换 8 层的GELU函数
已替换 2 层的Softmax函数
已替换 2 层的Softmax函数
已替换 1 层的Softmax函数
已替换 7 层的Softmax函数
已完全恢复原始模型状态
已替换 5 层的GELU函数
已替换 7 层的GELU函数
已替换 2 层的Softmax函数
已替换 2 层的Softmax函数
已替换 1 层的Softmax函数
已替换 7 层的Softmax函数
    Step 10/24 [gelu_L9->1]: accuracy=0.7220
已完全恢复原始模型状态
已替换 6 层的GELU函数
已替换 6 层的GELU函数
已替换 2 层的Softmax函数
已替换 2 层的Softmax函数
已替换 1 层的Softmax函数
已替换 7 层的Softmax函数
已完全恢复原始模型状态
已替换 6 层的GELU函数
已替换 6 层的GELU函数
已替换 3 层的Softmax函数
已替换 2 层的Softmax函数
已替换 1 层的Softmax函数
已替换 6 层的Softmax函数
    Step 12/24 [softmax_L3->3]: accuracy=0.7365
已完全恢复原始模型状态
已替换 7 层的GELU函数
已替换 5 层的GELU函数
已替换 3 层的Softmax函数
已替换 2 层的Softmax函数
已替换 1 层的Softmax函数
已替换 6 层的Softmax函数
已完全恢复原始模型状态
已替换 7 层的GELU函数
已替换 1 层的GELU函数
已替换 4 层的GELU函数
已替换 3 层的Softmax函数
已替换 2 层的Softmax函数
已替换 1 层的Softmax函数
已替换 6 层的Softmax函数
    Step 14/24 [gelu_L3->2]: accuracy=0.7256
已完全恢复原始模型状态
已替换 7 层的GELU函数
已替换 1 层的GELU函数
已替换 4 层的GELU函数
已替换 4 层的Softmax函数
已替换 2 层的Softmax函数
已替换 1 层的Softmax函数
已替换 5 层的Softmax函数
已完全恢复原始模型状态
已替换 7 层的GELU函数
已替换 1 层的GELU函数
已替换 4 层的GELU函数
已替换 4 层的Softmax函数
已替换 3 层的Softmax函数
已替换 1 层的Softmax函数
已替换 4 层的Softmax函数
    Step 16/24 [softmax_L2->4]: accuracy=0.7365
已完全恢复原始模型状态
已替换 8 层的GELU函数
已替换 1 层的GELU函数
已替换 3 层的GELU函数
已替换 4 层的Softmax函数
已替换 3 层的Softmax函数
已替换 1 层的Softmax函数
已替换 4 层的Softmax函数
已完全恢复原始模型状态
已替换 8 层的GELU函数
已替换 1 层的GELU函数
已替换 3 层的GELU函数
已替换 4 层的Softmax函数
已替换 4 层的Softmax函数
已替换 1 层的Softmax函数
已替换 3 层的Softmax函数
    Step 18/24 [softmax_L0->4]: accuracy=0.7220
已完全恢复原始模型状态
已替换 8 层的GELU函数
已替换 1 层的GELU函数
已替换 3 层的GELU函数
已替换 5 层的Softmax函数
已替换 4 层的Softmax函数
已替换 1 层的Softmax函数
已替换 2 层的Softmax函数
已完全恢复原始模型状态
已替换 9 层的GELU函数
已替换 1 层的GELU函数
已替换 2 层的GELU函数
已替换 5 层的Softmax函数
已替换 4 层的Softmax函数
已替换 1 层的Softmax函数
已替换 2 层的Softmax函数
    Step 20/24 [gelu_L2->1]: accuracy=0.7220
已完全恢复原始模型状态
已替换 10 层的GELU函数
已替换 1 层的GELU函数
已替换 1 层的GELU函数
已替换 5 层的Softmax函数
已替换 4 层的Softmax函数
已替换 1 层的Softmax函数
已替换 2 层的Softmax函数
已完全恢复原始模型状态
已替换 11 层的GELU函数
已替换 1 层的GELU函数
已替换 5 层的Softmax函数
已替换 4 层的Softmax函数
已替换 1 层的Softmax函数
已替换 2 层的Softmax函数
    Step 22/24 [gelu_L0->1]: accuracy=0.7329
已完全恢复原始模型状态
已替换 11 层的GELU函数
已替换 1 层的GELU函数
已替换 6 层的Softmax函数
已替换 4 层的Softmax函数
已替换 1 层的Softmax函数
已替换 1 层的Softmax函数
已完全恢复原始模型状态
已替换 11 层的GELU函数
已替换 1 层的GELU函数
已替换 6 层的Softmax函数
已替换 5 层的Softmax函数
已替换 1 层的Softmax函数
    Step 24/24 [softmax_L5->4]: accuracy=0.7437

  --- Trial 5/5 ---
已完全恢复原始模型状态
已替换 12 层的GELU函数
已替换 12 层的Softmax函数
    Step 0 (baseline): accuracy=0.7256
已完全恢复原始模型状态
已替换 12 层的GELU函数
已替换 1 层的Softmax函数
已替换 11 层的Softmax函数
已完全恢复原始模型状态
已替换 12 层的GELU函数
已替换 1 层的Softmax函数
已替换 1 层的Softmax函数
已替换 10 层的Softmax函数
    Step 2/24 [softmax_L1->3]: accuracy=0.7220
已完全恢复原始模型状态
已替换 1 层的GELU函数
已替换 11 层的GELU函数
已替换 1 层的Softmax函数
已替换 1 层的Softmax函数
已替换 10 层的Softmax函数
已完全恢复原始模型状态
已替换 2 层的GELU函数
已替换 10 层的GELU函数
已替换 1 层的Softmax函数
已替换 1 层的Softmax函数
已替换 10 层的Softmax函数
    Step 4/24 [gelu_L6->1]: accuracy=0.7256
已完全恢复原始模型状态
已替换 2 层的GELU函数
已替换 10 层的GELU函数
已替换 1 层的Softmax函数
已替换 2 层的Softmax函数
已替换 9 层的Softmax函数
已完全恢复原始模型状态
已替换 2 层的GELU函数
已替换 10 层的GELU函数
已替换 1 层的Softmax函数
已替换 3 层的Softmax函数
已替换 8 层的Softmax函数
    Step 6/24 [softmax_L6->4]: accuracy=0.7220
已完全恢复原始模型状态
已替换 2 层的GELU函数
已替换 10 层的GELU函数
已替换 2 层的Softmax函数
已替换 3 层的Softmax函数
已替换 7 层的Softmax函数
已完全恢复原始模型状态
已替换 3 层的GELU函数
已替换 9 层的GELU函数
已替换 2 层的Softmax函数
已替换 3 层的Softmax函数
已替换 7 层的Softmax函数
    Step 8/24 [gelu_L7->1]: accuracy=0.7184
已完全恢复原始模型状态
已替换 3 层的GELU函数
已替换 9 层的GELU函数
已替换 3 层的Softmax函数
已替换 3 层的Softmax函数
已替换 6 层的Softmax函数
已完全恢复原始模型状态
已替换 4 层的GELU函数
已替换 8 层的GELU函数
已替换 3 层的Softmax函数
已替换 3 层的Softmax函数
已替换 6 层的Softmax函数
    Step 10/24 [gelu_L5->1]: accuracy=0.7184
已完全恢复原始模型状态
已替换 4 层的GELU函数
已替换 8 层的GELU函数
已替换 4 层的Softmax函数
已替换 3 层的Softmax函数
已替换 5 层的Softmax函数
已完全恢复原始模型状态
已替换 4 层的GELU函数
已替换 1 层的GELU函数
已替换 7 层的GELU函数
已替换 4 层的Softmax函数
已替换 3 层的Softmax函数
已替换 5 层的Softmax函数
    Step 12/24 [gelu_L3->2]: accuracy=0.7148
已完全恢复原始模型状态
已替换 4 层的GELU函数
已替换 1 层的GELU函数
已替换 7 层的GELU函数
已替换 5 层的Softmax函数
已替换 3 层的Softmax函数
已替换 4 层的Softmax函数
已完全恢复原始模型状态
已替换 5 层的GELU函数
已替换 1 层的GELU函数
已替换 6 层的GELU函数
已替换 5 层的Softmax函数
已替换 3 层的Softmax函数
已替换 4 层的Softmax函数
    Step 14/24 [gelu_L0->1]: accuracy=0.7148
已完全恢复原始模型状态
已替换 6 层的GELU函数
已替换 1 层的GELU函数
已替换 5 层的GELU函数
已替换 5 层的Softmax函数
已替换 3 层的Softmax函数
已替换 4 层的Softmax函数
已完全恢复原始模型状态
已替换 7 层的GELU函数
已替换 1 层的GELU函数
已替换 4 层的GELU函数
已替换 5 层的Softmax函数
已替换 3 层的Softmax函数
已替换 4 层的Softmax函数
    Step 16/24 [gelu_L1->1]: accuracy=0.7292
已完全恢复原始模型状态
已替换 7 层的GELU函数
已替换 1 层的GELU函数
已替换 4 层的GELU函数
已替换 5 层的Softmax函数
已替换 3 层的Softmax函数
已替换 1 层的Softmax函数
已替换 3 层的Softmax函数
已完全恢复原始模型状态
已替换 8 层的GELU函数
已替换 1 层的GELU函数
已替换 3 层的GELU函数
已替换 5 层的Softmax函数
已替换 3 层的Softmax函数
已替换 1 层的Softmax函数
已替换 3 层的Softmax函数
    Step 18/24 [gelu_L8->1]: accuracy=0.7329
已完全恢复原始模型状态
已替换 8 层的GELU函数
已替换 1 层的GELU函数
已替换 3 层的GELU函数
已替换 5 层的Softmax函数
已替换 4 层的Softmax函数
已替换 1 层的Softmax函数
已替换 2 层的Softmax函数
已完全恢复原始模型状态
已替换 9 层的GELU函数
已替换 1 层的GELU函数
已替换 2 层的GELU函数
已替换 5 层的Softmax函数
已替换 4 层的Softmax函数
已替换 1 层的Softmax函数
已替换 2 层的Softmax函数
    Step 20/24 [gelu_L9->1]: accuracy=0.7401
已完全恢复原始模型状态
已替换 9 层的GELU函数
已替换 1 层的GELU函数
已替换 2 层的GELU函数
已替换 6 层的Softmax函数
已替换 4 层的Softmax函数
已替换 1 层的Softmax函数
已替换 1 层的Softmax函数
已完全恢复原始模型状态
已替换 10 层的GELU函数
已替换 1 层的GELU函数
已替换 1 层的GELU函数
已替换 6 层的Softmax函数
已替换 4 层的Softmax函数
已替换 1 层的Softmax函数
已替换 1 层的Softmax函数
    Step 22/24 [gelu_L10->1]: accuracy=0.7401
已完全恢复原始模型状态
已替换 11 层的GELU函数
已替换 1 层的GELU函数
已替换 6 层的Softmax函数
已替换 4 层的Softmax函数
已替换 1 层的Softmax函数
已替换 1 层的Softmax函数
已完全恢复原始模型状态
已替换 11 层的GELU函数
已替换 1 层的GELU函数
已替换 6 层的Softmax函数
已替换 5 层的Softmax函数
已替换 1 层的Softmax函数
    Step 24/24 [softmax_L2->4]: accuracy=0.7437
  Saved: experiment_results/stepwise/stepwise_degradation_rte.png

============================================================
  Stepwise Degradation: WNLI
============================================================
  Target GELU:    [1, 1, 1, 1, 1, 1, 1, 1, 1, 1, 1, 2]
  Target Softmax: [2, 2, 2, 2, 2, 2, 2, 2, 2, 2, 2, 2]
  Total degradation steps: 24
/var/tmp/root-home/miniconda3/envs/llm_ist/lib/python3.10/site-packages/huggingface_hub/file_download.py:942: FutureWarning: `resume_download` is deprecated and will be removed in version 1.0.0. Downloads always resume when possible. If you want to force a new download, use `force_download=True`.
  warnings.warn(

  --- Trial 1/5 ---
已完全恢复原始模型状态
已替换 12 层的GELU函数
已替换 12 层的Softmax函数
You're using a BertTokenizerFast tokenizer. Please note that with a fast tokenizer, using the `__call__` method is faster than using a method to encode the text followed by a call to the `pad` method to get a padded encoding.
    Step 0 (baseline): accuracy=0.5634
已完全恢复原始模型状态
已替换 1 层的GELU函数
已替换 11 层的GELU函数
已替换 12 层的Softmax函数
已完全恢复原始模型状态
已替换 2 层的GELU函数
已替换 10 层的GELU函数
已替换 12 层的Softmax函数
    Step 2/24 [gelu_L8->1]: accuracy=0.5634
已完全恢复原始模型状态
已替换 3 层的GELU函数
已替换 9 层的GELU函数
已替换 12 层的Softmax函数
已完全恢复原始模型状态
已替换 4 层的GELU函数
已替换 8 层的GELU函数
已替换 12 层的Softmax函数
    Step 4/24 [gelu_L9->1]: accuracy=0.5634
已完全恢复原始模型状态
已替换 4 层的GELU函数
已替换 8 层的GELU函数
已替换 1 层的Softmax函数
已替换 11 层的Softmax函数
已完全恢复原始模型状态
已替换 4 层的GELU函数
已替换 8 层的GELU函数
已替换 2 层的Softmax函数
已替换 10 层的Softmax函数
    Step 6/24 [softmax_L4->2]: accuracy=0.5634
已完全恢复原始模型状态
已替换 4 层的GELU函数
已替换 8 层的GELU函数
已替换 3 层的Softmax函数
已替换 9 层的Softmax函数
已完全恢复原始模型状态
已替换 4 层的GELU函数
已替换 8 层的GELU函数
已替换 4 层的Softmax函数
已替换 8 层的Softmax函数
    Step 8/24 [softmax_L0->2]: accuracy=0.5634
已完全恢复原始模型状态
已替换 4 层的GELU函数
已替换 8 层的GELU函数
已替换 5 层的Softmax函数
已替换 7 层的Softmax函数
已完全恢复原始模型状态
已替换 4 层的GELU函数
已替换 8 层的GELU函数
已替换 6 层的Softmax函数
已替换 6 层的Softmax函数
    Step 10/24 [softmax_L2->2]: accuracy=0.5634
已完全恢复原始模型状态
已替换 5 层的GELU函数
已替换 7 层的GELU函数
已替换 6 层的Softmax函数
已替换 6 层的Softmax函数
已完全恢复原始模型状态
已替换 6 层的GELU函数
已替换 6 层的GELU函数
已替换 6 层的Softmax函数
已替换 6 层的Softmax函数
    Step 12/24 [gelu_L6->1]: accuracy=0.5634
已完全恢复原始模型状态
已替换 6 层的GELU函数
已替换 6 层的GELU函数
已替换 7 层的Softmax函数
已替换 5 层的Softmax函数
已完全恢复原始模型状态
已替换 6 层的GELU函数
已替换 6 层的GELU函数
已替换 8 层的Softmax函数
已替换 4 层的Softmax函数
    Step 14/24 [softmax_L1->2]: accuracy=0.5634
已完全恢复原始模型状态
已替换 7 层的GELU函数
已替换 5 层的GELU函数
已替换 8 层的Softmax函数
已替换 4 层的Softmax函数
已完全恢复原始模型状态
已替换 7 层的GELU函数
已替换 1 层的GELU函数
已替换 4 层的GELU函数
已替换 8 层的Softmax函数
已替换 4 层的Softmax函数
    Step 16/24 [gelu_L11->2]: accuracy=0.5493
已完全恢复原始模型状态
已替换 7 层的GELU函数
已替换 1 层的GELU函数
已替换 4 层的GELU函数
已替换 9 层的Softmax函数
已替换 3 层的Softmax函数
已完全恢复原始模型状态
已替换 8 层的GELU函数
已替换 1 层的GELU函数
已替换 3 层的GELU函数
已替换 9 层的Softmax函数
已替换 3 层的Softmax函数
    Step 18/24 [gelu_L10->1]: accuracy=0.5634
已完全恢复原始模型状态
已替换 8 层的GELU函数
已替换 1 层的GELU函数
已替换 3 层的GELU函数
已替换 10 层的Softmax函数
已替换 2 层的Softmax函数
已完全恢复原始模型状态
已替换 8 层的GELU函数
已替换 1 层的GELU函数
已替换 3 层的GELU函数
已替换 11 层的Softmax函数
已替换 1 层的Softmax函数
    Step 20/24 [softmax_L3->2]: accuracy=0.5634
已完全恢复原始模型状态
已替换 9 层的GELU函数
已替换 1 层的GELU函数
已替换 2 层的GELU函数
已替换 11 层的Softmax函数
已替换 1 层的Softmax函数
已完全恢复原始模型状态
已替换 10 层的GELU函数
已替换 1 层的GELU函数
已替换 1 层的GELU函数
已替换 11 层的Softmax函数
已替换 1 层的Softmax函数
    Step 22/24 [gelu_L7->1]: accuracy=0.5634
已完全恢复原始模型状态
已替换 10 层的GELU函数
已替换 1 层的GELU函数
已替换 1 层的GELU函数
已替换 12 层的Softmax函数
已完全恢复原始模型状态
已替换 11 层的GELU函数
已替换 1 层的GELU函数
已替换 12 层的Softmax函数
    Step 24/24 [gelu_L3->1]: accuracy=0.5634

  --- Trial 2/5 ---
已完全恢复原始模型状态
已替换 12 层的GELU函数
已替换 12 层的Softmax函数
    Step 0 (baseline): accuracy=0.5634
已完全恢复原始模型状态
已替换 1 层的GELU函数
已替换 11 层的GELU函数
已替换 12 层的Softmax函数
已完全恢复原始模型状态
已替换 2 层的GELU函数
已替换 10 层的GELU函数
已替换 12 层的Softmax函数
    Step 2/24 [gelu_L5->1]: accuracy=0.5634
已完全恢复原始模型状态
已替换 2 层的GELU函数
已替换 10 层的GELU函数
已替换 1 层的Softmax函数
已替换 11 层的Softmax函数
已完全恢复原始模型状态
已替换 2 层的GELU函数
已替换 10 层的GELU函数
已替换 2 层的Softmax函数
已替换 10 层的Softmax函数
    Step 4/24 [softmax_L6->2]: accuracy=0.5634
已完全恢复原始模型状态
已替换 2 层的GELU函数
已替换 10 层的GELU函数
已替换 3 层的Softmax函数
已替换 9 层的Softmax函数
已完全恢复原始模型状态
已替换 2 层的GELU函数
已替换 10 层的GELU函数
已替换 4 层的Softmax函数
已替换 8 层的Softmax函数
    Step 6/24 [softmax_L7->2]: accuracy=0.5634
已完全恢复原始模型状态
已替换 3 层的GELU函数
已替换 9 层的GELU函数
已替换 4 层的Softmax函数
已替换 8 层的Softmax函数
已完全恢复原始模型状态
已替换 4 层的GELU函数
已替换 8 层的GELU函数
已替换 4 层的Softmax函数
已替换 8 层的Softmax函数
    Step 8/24 [gelu_L6->1]: accuracy=0.5634
已完全恢复原始模型状态
已替换 4 层的GELU函数
已替换 8 层的GELU函数
已替换 5 层的Softmax函数
已替换 7 层的Softmax函数
已完全恢复原始模型状态
已替换 4 层的GELU函数
已替换 8 层的GELU函数
已替换 6 层的Softmax函数
已替换 6 层的Softmax函数
    Step 10/24 [softmax_L0->2]: accuracy=0.5634
已完全恢复原始模型状态
已替换 4 层的GELU函数
已替换 8 层的GELU函数
已替换 7 层的Softmax函数
已替换 5 层的Softmax函数
已完全恢复原始模型状态
已替换 5 层的GELU函数
已替换 7 层的GELU函数
已替换 7 层的Softmax函数
已替换 5 层的Softmax函数
    Step 12/24 [gelu_L9->1]: accuracy=0.5634
已完全恢复原始模型状态
已替换 5 层的GELU函数
已替换 7 层的GELU函数
已替换 8 层的Softmax函数
已替换 4 层的Softmax函数
已完全恢复原始模型状态
已替换 5 层的GELU函数
已替换 1 层的GELU函数
已替换 6 层的GELU函数
已替换 8 层的Softmax函数
已替换 4 层的Softmax函数
    Step 14/24 [gelu_L11->2]: accuracy=0.5493
已完全恢复原始模型状态
已替换 5 层的GELU函数
已替换 1 层的GELU函数
已替换 6 层的GELU函数
已替换 9 层的Softmax函数
已替换 3 层的Softmax函数
已完全恢复原始模型状态
已替换 6 层的GELU函数
已替换 1 层的GELU函数
已替换 5 层的GELU函数
已替换 9 层的Softmax函数
已替换 3 层的Softmax函数
    Step 16/24 [gelu_L10->1]: accuracy=0.5634
已完全恢复原始模型状态
已替换 7 层的GELU函数
已替换 1 层的GELU函数
已替换 4 层的GELU函数
已替换 9 层的Softmax函数
已替换 3 层的Softmax函数
已完全恢复原始模型状态
已替换 8 层的GELU函数
已替换 1 层的GELU函数
已替换 3 层的GELU函数
已替换 9 层的Softmax函数
已替换 3 层的Softmax函数
    Step 18/24 [gelu_L1->1]: accuracy=0.5493
已完全恢复原始模型状态
已替换 8 层的GELU函数
已替换 1 层的GELU函数
已替换 3 层的GELU函数
已替换 10 层的Softmax函数
已替换 2 层的Softmax函数
已完全恢复原始模型状态
已替换 8 层的GELU函数
已替换 1 层的GELU函数
已替换 3 层的GELU函数
已替换 11 层的Softmax函数
已替换 1 层的Softmax函数
    Step 20/24 [softmax_L9->2]: accuracy=0.5634
已完全恢复原始模型状态
已替换 9 层的GELU函数
已替换 1 层的GELU函数
已替换 2 层的GELU函数
已替换 11 层的Softmax函数
已替换 1 层的Softmax函数
已完全恢复原始模型状态
已替换 9 层的GELU函数
已替换 1 层的GELU函数
已替换 2 层的GELU函数
已替换 12 层的Softmax函数
    Step 22/24 [softmax_L8->2]: accuracy=0.5634
已完全恢复原始模型状态
已替换 10 层的GELU函数
已替换 1 层的GELU函数
已替换 1 层的GELU函数
已替换 12 层的Softmax函数
已完全恢复原始模型状态
已替换 11 层的GELU函数
已替换 1 层的GELU函数
已替换 12 层的Softmax函数
    Step 24/24 [gelu_L2->1]: accuracy=0.5634

  --- Trial 3/5 ---
已完全恢复原始模型状态
已替换 12 层的GELU函数
已替换 12 层的Softmax函数
    Step 0 (baseline): accuracy=0.5634
已完全恢复原始模型状态
已替换 1 层的GELU函数
已替换 11 层的GELU函数
已替换 12 层的Softmax函数
已完全恢复原始模型状态
已替换 2 层的GELU函数
已替换 10 层的GELU函数
已替换 12 层的Softmax函数
    Step 2/24 [gelu_L1->1]: accuracy=0.5634
已完全恢复原始模型状态
已替换 2 层的GELU函数
已替换 10 层的GELU函数
已替换 1 层的Softmax函数
已替换 11 层的Softmax函数
已完全恢复原始模型状态
已替换 2 层的GELU函数
已替换 10 层的GELU函数
已替换 2 层的Softmax函数
已替换 10 层的Softmax函数
    Step 4/24 [softmax_L0->2]: accuracy=0.5634
已完全恢复原始模型状态
已替换 3 层的GELU函数
已替换 9 层的GELU函数
已替换 2 层的Softmax函数
已替换 10 层的Softmax函数
已完全恢复原始模型状态
已替换 3 层的GELU函数
已替换 9 层的GELU函数
已替换 3 层的Softmax函数
已替换 9 层的Softmax函数
    Step 6/24 [softmax_L2->2]: accuracy=0.5634
已完全恢复原始模型状态
已替换 4 层的GELU函数
已替换 8 层的GELU函数
已替换 3 层的Softmax函数
已替换 9 层的Softmax函数
已完全恢复原始模型状态
已替换 5 层的GELU函数
已替换 7 层的GELU函数
已替换 3 层的Softmax函数
已替换 9 层的Softmax函数
    Step 8/24 [gelu_L8->1]: accuracy=0.5634
已完全恢复原始模型状态
已替换 6 层的GELU函数
已替换 6 层的GELU函数
已替换 3 层的Softmax函数
已替换 9 层的Softmax函数
已完全恢复原始模型状态
已替换 6 层的GELU函数
已替换 6 层的GELU函数
已替换 4 层的Softmax函数
已替换 8 层的Softmax函数
    Step 10/24 [softmax_L10->2]: accuracy=0.5634
已完全恢复原始模型状态
已替换 6 层的GELU函数
已替换 6 层的GELU函数
已替换 5 层的Softmax函数
已替换 7 层的Softmax函数
已完全恢复原始模型状态
已替换 7 层的GELU函数
已替换 5 层的GELU函数
已替换 5 层的Softmax函数
已替换 7 层的Softmax函数
    Step 12/24 [gelu_L3->1]: accuracy=0.5634
已完全恢复原始模型状态
已替换 7 层的GELU函数
已替换 5 层的GELU函数
已替换 6 层的Softmax函数
已替换 6 层的Softmax函数
已完全恢复原始模型状态
已替换 7 层的GELU函数
已替换 5 层的GELU函数
已替换 7 层的Softmax函数
已替换 5 层的Softmax函数
    Step 14/24 [softmax_L3->2]: accuracy=0.5634
已完全恢复原始模型状态
已替换 8 层的GELU函数
已替换 4 层的GELU函数
已替换 7 层的Softmax函数
已替换 5 层的Softmax函数
已完全恢复原始模型状态
已替换 9 层的GELU函数
已替换 3 层的GELU函数
已替换 7 层的Softmax函数
已替换 5 层的Softmax函数
    Step 16/24 [gelu_L5->1]: accuracy=0.5634
已完全恢复原始模型状态
已替换 9 层的GELU函数
已替换 3 层的GELU函数
已替换 8 层的Softmax函数
已替换 4 层的Softmax函数
已完全恢复原始模型状态
已替换 9 层的GELU函数
已替换 3 层的GELU函数
已替换 9 层的Softmax函数
已替换 3 层的Softmax函数
    Step 18/24 [softmax_L9->2]: accuracy=0.5634
已完全恢复原始模型状态
已替换 10 层的GELU函数
已替换 2 层的GELU函数
已替换 9 层的Softmax函数
已替换 3 层的Softmax函数
已完全恢复原始模型状态
已替换 10 层的GELU函数
已替换 1 层的GELU函数
已替换 1 层的GELU函数
已替换 9 层的Softmax函数
已替换 3 层的Softmax函数
    Step 20/24 [gelu_L11->2]: accuracy=0.5634
已完全恢复原始模型状态
已替换 10 层的GELU函数
已替换 1 层的GELU函数
已替换 1 层的GELU函数
已替换 10 层的Softmax函数
已替换 2 层的Softmax函数
已完全恢复原始模型状态
已替换 10 层的GELU函数
已替换 1 层的GELU函数
已替换 1 层的GELU函数
已替换 11 层的Softmax函数
已替换 1 层的Softmax函数
    Step 22/24 [softmax_L8->2]: accuracy=0.5634
已完全恢复原始模型状态
已替换 10 层的GELU函数
已替换 1 层的GELU函数
已替换 1 层的GELU函数
已替换 12 层的Softmax函数
已完全恢复原始模型状态
已替换 11 层的GELU函数
已替换 1 层的GELU函数
已替换 12 层的Softmax函数
    Step 24/24 [gelu_L10->1]: accuracy=0.5634

  --- Trial 4/5 ---
已完全恢复原始模型状态
已替换 12 层的GELU函数
已替换 12 层的Softmax函数
    Step 0 (baseline): accuracy=0.5634
已完全恢复原始模型状态
已替换 1 层的GELU函数
已替换 11 层的GELU函数
已替换 12 层的Softmax函数
已完全恢复原始模型状态
已替换 2 层的GELU函数
已替换 10 层的GELU函数
已替换 12 层的Softmax函数
    Step 2/24 [gelu_L10->1]: accuracy=0.5634
已完全恢复原始模型状态
已替换 2 层的GELU函数
已替换 10 层的GELU函数
已替换 1 层的Softmax函数
已替换 11 层的Softmax函数
已完全恢复原始模型状态
已替换 3 层的GELU函数
已替换 9 层的GELU函数
已替换 1 层的Softmax函数
已替换 11 层的Softmax函数
    Step 4/24 [gelu_L5->1]: accuracy=0.5634
已完全恢复原始模型状态
已替换 3 层的GELU函数
已替换 9 层的GELU函数
已替换 2 层的Softmax函数
已替换 10 层的Softmax函数
已完全恢复原始模型状态
已替换 3 层的GELU函数
已替换 9 层的GELU函数
已替换 3 层的Softmax函数
已替换 9 层的Softmax函数
    Step 6/24 [softmax_L11->2]: accuracy=0.5634
已完全恢复原始模型状态
已替换 3 层的GELU函数
已替换 9 层的GELU函数
已替换 4 层的Softmax函数
已替换 8 层的Softmax函数
已完全恢复原始模型状态
已替换 3 层的GELU函数
已替换 9 层的GELU函数
已替换 5 层的Softmax函数
已替换 7 层的Softmax函数
    Step 8/24 [softmax_L9->2]: accuracy=0.5634
已完全恢复原始模型状态
已替换 4 层的GELU函数
已替换 8 层的GELU函数
已替换 5 层的Softmax函数
已替换 7 层的Softmax函数
已完全恢复原始模型状态
已替换 5 层的GELU函数
已替换 7 层的GELU函数
已替换 5 层的Softmax函数
已替换 7 层的Softmax函数
    Step 10/24 [gelu_L9->1]: accuracy=0.5634
已完全恢复原始模型状态
已替换 6 层的GELU函数
已替换 6 层的GELU函数
已替换 5 层的Softmax函数
已替换 7 层的Softmax函数
已完全恢复原始模型状态
已替换 6 层的GELU函数
已替换 6 层的GELU函数
已替换 6 层的Softmax函数
已替换 6 层的Softmax函数
    Step 12/24 [softmax_L3->2]: accuracy=0.5634
已完全恢复原始模型状态
已替换 7 层的GELU函数
已替换 5 层的GELU函数
已替换 6 层的Softmax函数
已替换 6 层的Softmax函数
已完全恢复原始模型状态
已替换 8 层的GELU函数
已替换 4 层的GELU函数
已替换 6 层的Softmax函数
已替换 6 层的Softmax函数
    Step 14/24 [gelu_L3->1]: accuracy=0.5634
已完全恢复原始模型状态
已替换 8 层的GELU函数
已替换 4 层的GELU函数
已替换 7 层的Softmax函数
已替换 5 层的Softmax函数
已完全恢复原始模型状态
已替换 8 层的GELU函数
已替换 4 层的GELU函数
已替换 8 层的Softmax函数
已替换 4 层的Softmax函数
    Step 16/24 [softmax_L2->2]: accuracy=0.5634
已完全恢复原始模型状态
已替换 9 层的GELU函数
已替换 3 层的GELU函数
已替换 8 层的Softmax函数
已替换 4 层的Softmax函数
已完全恢复原始模型状态
已替换 9 层的GELU函数
已替换 3 层的GELU函数
已替换 9 层的Softmax函数
已替换 3 层的Softmax函数
    Step 18/24 [softmax_L0->2]: accuracy=0.5634
已完全恢复原始模型状态
已替换 9 层的GELU函数
已替换 3 层的GELU函数
已替换 10 层的Softmax函数
已替换 2 层的Softmax函数
已完全恢复原始模型状态
已替换 10 层的GELU函数
已替换 2 层的GELU函数
已替换 10 层的Softmax函数
已替换 2 层的Softmax函数
    Step 20/24 [gelu_L2->1]: accuracy=0.5634
已完全恢复原始模型状态
已替换 10 层的GELU函数
已替换 1 层的GELU函数
已替换 1 层的GELU函数
已替换 10 层的Softmax函数
已替换 2 层的Softmax函数
已完全恢复原始模型状态
已替换 11 层的GELU函数
已替换 1 层的GELU函数
已替换 10 层的Softmax函数
已替换 2 层的Softmax函数
    Step 22/24 [gelu_L0->1]: accuracy=0.5634
已完全恢复原始模型状态
已替换 11 层的GELU函数
已替换 1 层的GELU函数
已替换 11 层的Softmax函数
已替换 1 层的Softmax函数
已完全恢复原始模型状态
已替换 11 层的GELU函数
已替换 1 层的GELU函数
已替换 12 层的Softmax函数
    Step 24/24 [softmax_L5->2]: accuracy=0.5634

  --- Trial 5/5 ---
已完全恢复原始模型状态
已替换 12 层的GELU函数
已替换 12 层的Softmax函数
    Step 0 (baseline): accuracy=0.5634
已完全恢复原始模型状态
已替换 12 层的GELU函数
已替换 1 层的Softmax函数
已替换 11 层的Softmax函数
已完全恢复原始模型状态
已替换 12 层的GELU函数
已替换 2 层的Softmax函数
已替换 10 层的Softmax函数
    Step 2/24 [softmax_L1->2]: accuracy=0.5634
已完全恢复原始模型状态
已替换 1 层的GELU函数
已替换 11 层的GELU函数
已替换 2 层的Softmax函数
已替换 10 层的Softmax函数
已完全恢复原始模型状态
已替换 2 层的GELU函数
已替换 10 层的GELU函数
已替换 2 层的Softmax函数
已替换 10 层的Softmax函数
    Step 4/24 [gelu_L6->1]: accuracy=0.5634
已完全恢复原始模型状态
已替换 2 层的GELU函数
已替换 10 层的GELU函数
已替换 3 层的Softmax函数
已替换 9 层的Softmax函数
已完全恢复原始模型状态
已替换 2 层的GELU函数
已替换 10 层的GELU函数
已替换 4 层的Softmax函数
已替换 8 层的Softmax函数
    Step 6/24 [softmax_L6->2]: accuracy=0.5634
已完全恢复原始模型状态
已替换 2 层的GELU函数
已替换 10 层的GELU函数
已替换 5 层的Softmax函数
已替换 7 层的Softmax函数
已完全恢复原始模型状态
已替换 3 层的GELU函数
已替换 9 层的GELU函数
已替换 5 层的Softmax函数
已替换 7 层的Softmax函数
    Step 8/24 [gelu_L7->1]: accuracy=0.5634
已完全恢复原始模型状态
已替换 3 层的GELU函数
已替换 9 层的GELU函数
已替换 6 层的Softmax函数
已替换 6 层的Softmax函数
已完全恢复原始模型状态
已替换 4 层的GELU函数
已替换 8 层的GELU函数
已替换 6 层的Softmax函数
已替换 6 层的Softmax函数
    Step 10/24 [gelu_L5->1]: accuracy=0.5634
已完全恢复原始模型状态
已替换 4 层的GELU函数
已替换 8 层的GELU函数
已替换 7 层的Softmax函数
已替换 5 层的Softmax函数
已完全恢复原始模型状态
已替换 5 层的GELU函数
已替换 7 层的GELU函数
已替换 7 层的Softmax函数
已替换 5 层的Softmax函数
    Step 12/24 [gelu_L3->1]: accuracy=0.5634
已完全恢复原始模型状态
已替换 5 层的GELU函数
已替换 7 层的GELU函数
已替换 8 层的Softmax函数
已替换 4 层的Softmax函数
已完全恢复原始模型状态
已替换 6 层的GELU函数
已替换 6 层的GELU函数
已替换 8 层的Softmax函数
已替换 4 层的Softmax函数
    Step 14/24 [gelu_L0->1]: accuracy=0.5634
已完全恢复原始模型状态
已替换 6 层的GELU函数
已替换 1 层的GELU函数
已替换 5 层的GELU函数
已替换 8 层的Softmax函数
已替换 4 层的Softmax函数
已完全恢复原始模型状态
已替换 7 层的GELU函数
已替换 1 层的GELU函数
已替换 4 层的GELU函数
已替换 8 层的Softmax函数
已替换 4 层的Softmax函数
    Step 16/24 [gelu_L1->1]: accuracy=0.5634
已完全恢复原始模型状态
已替换 7 层的GELU函数
已替换 1 层的GELU函数
已替换 4 层的GELU函数
已替换 9 层的Softmax函数
已替换 3 层的Softmax函数
已完全恢复原始模型状态
已替换 8 层的GELU函数
已替换 1 层的GELU函数
已替换 3 层的GELU函数
已替换 9 层的Softmax函数
已替换 3 层的Softmax函数
    Step 18/24 [gelu_L8->1]: accuracy=0.5634
已完全恢复原始模型状态
已替换 8 层的GELU函数
已替换 1 层的GELU函数
已替换 3 层的GELU函数
已替换 10 层的Softmax函数
已替换 2 层的Softmax函数
已完全恢复原始模型状态
已替换 9 层的GELU函数
已替换 1 层的GELU函数
已替换 2 层的GELU函数
已替换 10 层的Softmax函数
已替换 2 层的Softmax函数
    Step 20/24 [gelu_L9->1]: accuracy=0.5634
已完全恢复原始模型状态
已替换 9 层的GELU函数
已替换 1 层的GELU函数
已替换 2 层的GELU函数
已替换 11 层的Softmax函数
已替换 1 层的Softmax函数
已完全恢复原始模型状态
已替换 10 层的GELU函数
已替换 1 层的GELU函数
已替换 1 层的GELU函数
已替换 11 层的Softmax函数
已替换 1 层的Softmax函数
    Step 22/24 [gelu_L10->1]: accuracy=0.5634
已完全恢复原始模型状态
已替换 11 层的GELU函数
已替换 1 层的GELU函数
已替换 11 层的Softmax函数
已替换 1 层的Softmax函数
已完全恢复原始模型状态
已替换 11 层的GELU函数
已替换 1 层的GELU函数
已替换 12 层的Softmax函数
    Step 24/24 [softmax_L2->2]: accuracy=0.5634
  Saved: experiment_results/stepwise/stepwise_degradation_wnli.png

All stepwise degradation tests completed. Results in: experiment_results/stepwise

============================================================
  [3/5] Block 1: Non-Monotonicity Statistical Test
============================================================
/var/tmp/root-home/miniconda3/envs/llm_ist/lib/python3.10/site-packages/transformers/utils/generic.py:441: FutureWarning: `torch.utils._pytree._register_pytree_node` is deprecated. Please use `torch.utils._pytree.register_pytree_node` instead.
  _torch_pytree._register_pytree_node(
/var/tmp/root-home/miniconda3/envs/llm_ist/lib/python3.10/site-packages/transformers/utils/generic.py:309: FutureWarning: `torch.utils._pytree._register_pytree_node` is deprecated. Please use `torch.utils._pytree.register_pytree_node` instead.
  _torch_pytree._register_pytree_node(
/var/tmp/root-home/miniconda3/envs/llm_ist/lib/python3.10/site-packages/transformers/utils/generic.py:309: FutureWarning: `torch.utils._pytree._register_pytree_node` is deprecated. Please use `torch.utils._pytree.register_pytree_node` instead.
  _torch_pytree._register_pytree_node(

============================================================
  Block 1 - Non-Monotonicity Test: SST2
============================================================
/var/tmp/root-home/miniconda3/envs/llm_ist/lib/python3.10/site-packages/huggingface_hub/file_download.py:942: FutureWarning: `resume_download` is deprecated and will be removed in version 1.0.0. Downloads always resume when possible. If you want to force a new download, use `force_download=True`.
  warnings.warn(

  Step A: Generating 30 degradation pairs...

  Step B: Screening for anomalous pairs (M(C_B) > M(C_A))...
已完全恢复原始模型状态
已替换 1 层的GELU函数
已替换 11 层的GELU函数
已替换 12 层的Softmax函数
You're using a BertTokenizerFast tokenizer. Please note that with a fast tokenizer, using the `__call__` method is faster than using a method to encode the text followed by a call to the `pad` method to get a padded encoding.
已完全恢复原始模型状态
已替换 2 层的GELU函数
已替换 10 层的GELU函数
已替换 12 层的Softmax函数
  Pair 0: M(C_A)=0.9232 M(C_B)=0.9243 diff=+0.0011 [ANOMALOUS] -- anchor=L11 GELU->1 | extra=[9]
已完全恢复原始模型状态
已替换 1 层的GELU函数
已替换 11 层的GELU函数
已替换 12 层的Softmax函数
已完全恢复原始模型状态
已替换 3 层的GELU函数
已替换 9 层的GELU函数
已替换 12 层的Softmax函数
  Pair 1: M(C_A)=0.9232 M(C_B)=0.9266 diff=+0.0034 [ANOMALOUS] -- anchor=L11 GELU->1 | extra=[2, 10]
已完全恢复原始模型状态
已替换 12 层的GELU函数
已替换 1 层的Softmax函数
已替换 11 层的Softmax函数
已完全恢复原始模型状态
已替换 12 层的GELU函数
已替换 3 层的Softmax函数
已替换 9 层的Softmax函数
  Pair 2: M(C_A)=0.9232 M(C_B)=0.9255 diff=+0.0023 [ANOMALOUS] -- anchor=L1 SM->2 | extra=[8, 9]
已完全恢复原始模型状态
已替换 1 层的GELU函数
已替换 11 层的GELU函数
已替换 12 层的Softmax函数
已完全恢复原始模型状态
已替换 3 层的GELU函数
已替换 9 层的GELU函数
已替换 12 层的Softmax函数
  Pair 3: M(C_A)=0.9243 M(C_B)=0.9232 diff=-0.0011 [expected] -- anchor=L10 GELU->1 | extra=[0, 7]
已完全恢复原始模型状态
已替换 12 层的GELU函数
已替换 1 层的Softmax函数
已替换 11 层的Softmax函数
已完全恢复原始模型状态
已替换 12 层的GELU函数
已替换 3 层的Softmax函数
已替换 9 层的Softmax函数
  Pair 4: M(C_A)=0.9220 M(C_B)=0.9232 diff=+0.0011 [ANOMALOUS] -- anchor=L6 SM->2 | extra=[0, 11]
已完全恢复原始模型状态
已替换 1 层的GELU函数
已替换 11 层的GELU函数
已替换 12 层的Softmax函数
已完全恢复原始模型状态
已替换 2 层的GELU函数
已替换 10 层的GELU函数
已替换 12 层的Softmax函数
  Pair 5: M(C_A)=0.9243 M(C_B)=0.9266 diff=+0.0023 [ANOMALOUS] -- anchor=L2 GELU->1 | extra=[0]
已完全恢复原始模型状态
已替换 1 层的GELU函数
已替换 11 层的GELU函数
已替换 1 层的Softmax函数
已替换 11 层的Softmax函数
已完全恢复原始模型状态
已替换 2 层的GELU函数
已替换 10 层的GELU函数
已替换 2 层的Softmax函数
已替换 10 层的Softmax函数
  Pair 6: M(C_A)=0.9255 M(C_B)=0.9255 diff=+0.0000 [expected] -- anchor=L1 GELU->1 SM->2 | extra=[5]
已完全恢复原始模型状态
已替换 12 层的GELU函数
已替换 1 层的Softmax函数
已替换 11 层的Softmax函数
已完全恢复原始模型状态
已替换 12 层的GELU函数
已替换 3 层的Softmax函数
已替换 9 层的Softmax函数
  Pair 7: M(C_A)=0.9209 M(C_B)=0.9232 diff=+0.0023 [ANOMALOUS] -- anchor=L4 SM->2 | extra=[2, 5]
已完全恢复原始模型状态
已替换 1 层的GELU函数
已替换 11 层的GELU函数
已替换 12 层的Softmax函数
已完全恢复原始模型状态
已替换 3 层的GELU函数
已替换 9 层的GELU函数
已替换 12 层的Softmax函数
  Pair 8: M(C_A)=0.9232 M(C_B)=0.9232 diff=+0.0000 [expected] -- anchor=L6 GELU->1 | extra=[1, 3]
已完全恢复原始模型状态
已替换 12 层的GELU函数
已替换 1 层的Softmax函数
已替换 11 层的Softmax函数
已完全恢复原始模型状态
已替换 12 层的GELU函数
已替换 2 层的Softmax函数
已替换 10 层的Softmax函数
  Pair 9: M(C_A)=0.9232 M(C_B)=0.9232 diff=+0.0000 [expected] -- anchor=L5 SM->2 | extra=[10]
已完全恢复原始模型状态
已替换 1 层的GELU函数
已替换 11 层的GELU函数
已替换 12 层的Softmax函数
已完全恢复原始模型状态
已替换 3 层的GELU函数
已替换 9 层的GELU函数
已替换 12 层的Softmax函数
  Pair 10: M(C_A)=0.9220 M(C_B)=0.9232 diff=+0.0011 [ANOMALOUS] -- anchor=L7 GELU->1 | extra=[0, 9]
已完全恢复原始模型状态
已替换 1 层的GELU函数
已替换 11 层的GELU函数
已替换 1 层的Softmax函数
已替换 11 层的Softmax函数
已完全恢复原始模型状态
已替换 3 层的GELU函数
已替换 9 层的GELU函数
已替换 3 层的Softmax函数
已替换 9 层的Softmax函数
  Pair 11: M(C_A)=0.9255 M(C_B)=0.9243 diff=-0.0011 [expected] -- anchor=L1 GELU->1 SM->2 | extra=[2, 3]
已完全恢复原始模型状态
已替换 12 层的GELU函数
已替换 1 层的Softmax函数
已替换 11 层的Softmax函数
已完全恢复原始模型状态
已替换 12 层的GELU函数
已替换 2 层的Softmax函数
已替换 10 层的Softmax函数
  Pair 12: M(C_A)=0.9232 M(C_B)=0.9232 diff=+0.0000 [expected] -- anchor=L11 SM->2 | extra=[10]
已完全恢复原始模型状态
已替换 12 层的GELU函数
已替换 1 层的Softmax函数
已替换 11 层的Softmax函数
已完全恢复原始模型状态
已替换 12 层的GELU函数
已替换 3 层的Softmax函数
已替换 9 层的Softmax函数
  Pair 13: M(C_A)=0.9209 M(C_B)=0.9220 diff=+0.0011 [ANOMALOUS] -- anchor=L4 SM->2 | extra=[6, 7]
已完全恢复原始模型状态
已替换 12 层的GELU函数
已替换 1 层的Softmax函数
已替换 11 层的Softmax函数
已完全恢复原始模型状态
已替换 12 层的GELU函数
已替换 3 层的Softmax函数
已替换 9 层的Softmax函数
  Pair 14: M(C_A)=0.9232 M(C_B)=0.9243 diff=+0.0011 [ANOMALOUS] -- anchor=L9 SM->2 | extra=[3, 10]
已完全恢复原始模型状态
已替换 12 层的GELU函数
已替换 1 层的Softmax函数
已替换 11 层的Softmax函数
已完全恢复原始模型状态
已替换 12 层的GELU函数
已替换 2 层的Softmax函数
已替换 10 层的Softmax函数
  Pair 15: M(C_A)=0.9243 M(C_B)=0.9243 diff=+0.0000 [expected] -- anchor=L2 SM->2 | extra=[9]
已完全恢复原始模型状态
已替换 1 层的GELU函数
已替换 11 层的GELU函数
已替换 12 层的Softmax函数
已完全恢复原始模型状态
已替换 3 层的GELU函数
已替换 9 层的GELU函数
已替换 12 层的Softmax函数
  Pair 16: M(C_A)=0.9232 M(C_B)=0.9255 diff=+0.0023 [ANOMALOUS] -- anchor=L11 GELU->1 | extra=[0, 4]
已完全恢复原始模型状态
已替换 1 层的GELU函数
已替换 11 层的GELU函数
已替换 1 层的Softmax函数
已替换 11 层的Softmax函数
已完全恢复原始模型状态
已替换 2 层的GELU函数
已替换 10 层的GELU函数
已替换 2 层的Softmax函数
已替换 10 层的Softmax函数
  Pair 17: M(C_A)=0.9243 M(C_B)=0.9243 diff=+0.0000 [expected] -- anchor=L5 GELU->1 SM->2 | extra=[8]
已完全恢复原始模型状态
已替换 1 层的GELU函数
已替换 11 层的GELU函数
已替换 1 层的Softmax函数
已替换 11 层的Softmax函数
已完全恢复原始模型状态
已替换 2 层的GELU函数
已替换 10 层的GELU函数
已替换 2 层的Softmax函数
已替换 10 层的Softmax函数
  Pair 18: M(C_A)=0.9232 M(C_B)=0.9232 diff=+0.0000 [expected] -- anchor=L2 GELU->1 SM->2 | extra=[4]
已完全恢复原始模型状态
已替换 1 层的GELU函数
已替换 11 层的GELU函数
已替换 1 层的Softmax函数
已替换 11 层的Softmax函数
已完全恢复原始模型状态
已替换 2 层的GELU函数
已替换 10 层的GELU函数
已替换 2 层的Softmax函数
已替换 10 层的Softmax函数
  Pair 19: M(C_A)=0.9255 M(C_B)=0.9255 diff=+0.0000 [expected] -- anchor=L4 GELU->1 SM->2 | extra=[1]
已完全恢复原始模型状态
已替换 12 层的GELU函数
已替换 1 层的Softmax函数
已替换 11 层的Softmax函数
已完全恢复原始模型状态
已替换 12 层的GELU函数
已替换 2 层的Softmax函数
已替换 10 层的Softmax函数
  Pair 20: M(C_A)=0.9220 M(C_B)=0.9243 diff=+0.0023 [ANOMALOUS] -- anchor=L0 SM->2 | extra=[3]
已完全恢复原始模型状态
已替换 1 层的GELU函数
已替换 11 层的GELU函数
已替换 12 层的Softmax函数
已完全恢复原始模型状态
已替换 2 层的GELU函数
已替换 10 层的GELU函数
已替换 12 层的Softmax函数
  Pair 21: M(C_A)=0.9232 M(C_B)=0.9255 diff=+0.0023 [ANOMALOUS] -- anchor=L11 GELU->1 | extra=[1]
已完全恢复原始模型状态
已替换 1 层的GELU函数
已替换 11 层的GELU函数
已替换 12 层的Softmax函数
已完全恢复原始模型状态
已替换 3 层的GELU函数
已替换 9 层的GELU函数
已替换 12 层的Softmax函数
  Pair 22: M(C_A)=0.9232 M(C_B)=0.9220 diff=-0.0011 [expected] -- anchor=L6 GELU->1 | extra=[0, 3]
已完全恢复原始模型状态
已替换 1 层的GELU函数
已替换 11 层的GELU函数
已替换 1 层的Softmax函数
已替换 11 层的Softmax函数
已完全恢复原始模型状态
已替换 2 层的GELU函数
已替换 10 层的GELU函数
已替换 2 层的Softmax函数
已替换 10 层的Softmax函数
  Pair 23: M(C_A)=0.9255 M(C_B)=0.9243 diff=-0.0011 [expected] -- anchor=L4 GELU->1 SM->2 | extra=[9]
已完全恢复原始模型状态
已替换 1 层的GELU函数
已替换 11 层的GELU函数
已替换 12 层的Softmax函数
已完全恢复原始模型状态
已替换 2 层的GELU函数
已替换 10 层的GELU函数
已替换 12 层的Softmax函数
  Pair 24: M(C_A)=0.9232 M(C_B)=0.9232 diff=+0.0000 [expected] -- anchor=L5 GELU->1 | extra=[1]
已完全恢复原始模型状态
已替换 12 层的GELU函数
已替换 1 层的Softmax函数
已替换 11 层的Softmax函数
已完全恢复原始模型状态
已替换 12 层的GELU函数
已替换 3 层的Softmax函数
已替换 9 层的Softmax函数
  Pair 25: M(C_A)=0.9220 M(C_B)=0.9220 diff=+0.0000 [expected] -- anchor=L3 SM->2 | extra=[0, 4]
已完全恢复原始模型状态
已替换 12 层的GELU函数
已替换 1 层的Softmax函数
已替换 11 层的Softmax函数
已完全恢复原始模型状态
已替换 12 层的GELU函数
已替换 2 层的Softmax函数
已替换 10 层的Softmax函数
  Pair 26: M(C_A)=0.9232 M(C_B)=0.9243 diff=+0.0011 [ANOMALOUS] -- anchor=L11 SM->2 | extra=[8]
已完全恢复原始模型状态
已替换 1 层的GELU函数
已替换 11 层的GELU函数
已替换 12 层的Softmax函数
已完全恢复原始模型状态
已替换 3 层的GELU函数
已替换 9 层的GELU函数
已替换 12 层的Softmax函数
  Pair 27: M(C_A)=0.9243 M(C_B)=0.9243 diff=+0.0000 [expected] -- anchor=L9 GELU->1 | extra=[4, 11]
已完全恢复原始模型状态
已替换 12 层的GELU函数
已替换 1 层的Softmax函数
已替换 11 层的Softmax函数
已完全恢复原始模型状态
已替换 12 层的GELU函数
已替换 3 层的Softmax函数
已替换 9 层的Softmax函数
  Pair 28: M(C_A)=0.9209 M(C_B)=0.9197 diff=-0.0011 [expected] -- anchor=L4 SM->2 | extra=[7, 8]
已完全恢复原始模型状态
已替换 1 层的GELU函数
已替换 11 层的GELU函数
已替换 12 层的Softmax函数
已完全恢复原始模型状态
已替换 2 层的GELU函数
已替换 10 层的GELU函数
已替换 12 层的Softmax函数
  Pair 29: M(C_A)=0.9232 M(C_B)=0.9255 diff=+0.0023 [ANOMALOUS] -- anchor=L0 GELU->1 | extra=[8]

  Found 14 anomalous candidate pairs out of 30

  Step C: Bootstrap testing top 5 candidates...

    Testing pair 1: anchor=L11 GELU->1 | extra=[2, 10]
      paired t-test: p=0.000000 (SIGNIFICANT)
      Mean diff: 0.0036 +/- 0.0034
      Cohen's d: 1.0687

    Testing pair 2: anchor=L1 SM->2 | extra=[8, 9]
      paired t-test: p=0.000000 (SIGNIFICANT)
      Mean diff: 0.0027 +/- 0.0031
      Cohen's d: 0.8871

    Testing pair 3: anchor=L2 GELU->1 | extra=[0]
      Wilcoxon signed-rank: p=0.000000 (SIGNIFICANT)
      Mean diff: 0.0026 +/- 0.0021
      Cohen's d: 1.2298

    Testing pair 4: anchor=L4 SM->2 | extra=[2, 5]
      paired t-test: p=0.000000 (SIGNIFICANT)
      Mean diff: 0.0023 +/- 0.0028
      Cohen's d: 0.8339

    Testing pair 5: anchor=L11 GELU->1 | extra=[0, 4]
      Wilcoxon signed-rank: p=0.000000 (SIGNIFICANT)
      Mean diff: 0.0026 +/- 0.0025
      Cohen's d: 1.0243

============================================================
  Block 1 - Non-Monotonicity Test: COLA
============================================================
/var/tmp/root-home/miniconda3/envs/llm_ist/lib/python3.10/site-packages/huggingface_hub/file_download.py:942: FutureWarning: `resume_download` is deprecated and will be removed in version 1.0.0. Downloads always resume when possible. If you want to force a new download, use `force_download=True`.
  warnings.warn(

  Step A: Generating 30 degradation pairs...

  Step B: Screening for anomalous pairs (M(C_B) > M(C_A))...
已完全恢复原始模型状态
已替换 1 层的GELU函数
已替换 11 层的GELU函数
已替换 12 层的Softmax函数
You're using a BertTokenizerFast tokenizer. Please note that with a fast tokenizer, using the `__call__` method is faster than using a method to encode the text followed by a call to the `pad` method to get a padded encoding.
已完全恢复原始模型状态
已替换 2 层的GELU函数
已替换 10 层的GELU函数
已替换 12 层的Softmax函数
  Pair 0: M(C_A)=0.5339 M(C_B)=0.5392 diff=+0.0052 [ANOMALOUS] -- anchor=L11 GELU->1 | extra=[9]
已完全恢复原始模型状态
已替换 1 层的GELU函数
已替换 11 层的GELU函数
已替换 12 层的Softmax函数
已完全恢复原始模型状态
已替换 3 层的GELU函数
已替换 9 层的GELU函数
已替换 12 层的Softmax函数
  Pair 1: M(C_A)=0.5339 M(C_B)=0.5392 diff=+0.0052 [ANOMALOUS] -- anchor=L11 GELU->1 | extra=[2, 10]
已完全恢复原始模型状态
已替换 12 层的GELU函数
已替换 1 层的Softmax函数
已替换 11 层的Softmax函数
已完全恢复原始模型状态
已替换 12 层的GELU函数
已替换 3 层的Softmax函数
已替换 9 层的Softmax函数
  Pair 2: M(C_A)=0.5286 M(C_B)=0.5391 diff=+0.0105 [ANOMALOUS] -- anchor=L1 SM->2 | extra=[8, 9]
已完全恢复原始模型状态
已替换 1 层的GELU函数
已替换 11 层的GELU函数
已替换 12 层的Softmax函数
已完全恢复原始模型状态
已替换 3 层的GELU函数
已替换 9 层的GELU函数
已替换 12 层的Softmax函数
  Pair 3: M(C_A)=0.5339 M(C_B)=0.5417 diff=+0.0079 [ANOMALOUS] -- anchor=L10 GELU->1 | extra=[0, 7]
已完全恢复原始模型状态
已替换 12 层的GELU函数
已替换 1 层的Softmax函数
已替换 11 层的Softmax函数
已完全恢复原始模型状态
已替换 12 层的GELU函数
已替换 3 层的Softmax函数
已替换 9 层的Softmax函数
  Pair 4: M(C_A)=0.5345 M(C_B)=0.5317 diff=-0.0028 [expected] -- anchor=L6 SM->2 | extra=[0, 11]
已完全恢复原始模型状态
已替换 1 层的GELU函数
已替换 11 层的GELU函数
已替换 12 层的Softmax函数
已完全恢复原始模型状态
已替换 2 层的GELU函数
已替换 10 层的GELU函数
已替换 12 层的Softmax函数
  Pair 5: M(C_A)=0.5366 M(C_B)=0.5366 diff=+0.0000 [expected] -- anchor=L2 GELU->1 | extra=[0]
已完全恢复原始模型状态
已替换 1 层的GELU函数
已替换 11 层的GELU函数
已替换 1 层的Softmax函数
已替换 11 层的Softmax函数
已完全恢复原始模型状态
已替换 2 层的GELU函数
已替换 10 层的GELU函数
已替换 2 层的Softmax函数
已替换 10 层的Softmax函数
  Pair 6: M(C_A)=0.5469 M(C_B)=0.5345 diff=-0.0125 [expected] -- anchor=L1 GELU->1 SM->2 | extra=[5]
已完全恢复原始模型状态
已替换 12 层的GELU函数
已替换 1 层的Softmax函数
已替换 11 层的Softmax函数
已完全恢复原始模型状态
已替换 12 层的GELU函数
已替换 3 层的Softmax函数
已替换 9 层的Softmax函数
  Pair 7: M(C_A)=0.5469 M(C_B)=0.5313 diff=-0.0156 [expected] -- anchor=L4 SM->2 | extra=[2, 5]
已完全恢复原始模型状态
已替换 1 层的GELU函数
已替换 11 层的GELU函数
已替换 12 层的Softmax函数
已完全恢复原始模型状态
已替换 3 层的GELU函数
已替换 9 层的GELU函数
已替换 12 层的Softmax函数
  Pair 8: M(C_A)=0.5313 M(C_B)=0.5417 diff=+0.0104 [ANOMALOUS] -- anchor=L6 GELU->1 | extra=[1, 3]
已完全恢复原始模型状态
已替换 12 层的GELU函数
已替换 1 层的Softmax函数
已替换 11 层的Softmax函数
已完全恢复原始模型状态
已替换 12 层的GELU函数
已替换 2 层的Softmax函数
已替换 10 层的Softmax函数
  Pair 9: M(C_A)=0.5314 M(C_B)=0.5342 diff=+0.0027 [ANOMALOUS] -- anchor=L5 SM->2 | extra=[10]
已完全恢复原始模型状态
已替换 1 层的GELU函数
已替换 11 层的GELU函数
已替换 12 层的Softmax函数
已完全恢复原始模型状态
已替换 3 层的GELU函数
已替换 9 层的GELU函数
已替换 12 层的Softmax函数
  Pair 10: M(C_A)=0.5419 M(C_B)=0.5391 diff=-0.0028 [expected] -- anchor=L7 GELU->1 | extra=[0, 9]
已完全恢复原始模型状态
已替换 1 层的GELU函数
已替换 11 层的GELU函数
已替换 1 层的Softmax函数
已替换 11 层的Softmax函数
已完全恢复原始模型状态
已替换 3 层的GELU函数
已替换 9 层的GELU函数
已替换 3 层的Softmax函数
已替换 9 层的Softmax函数
  Pair 11: M(C_A)=0.5469 M(C_B)=0.5495 diff=+0.0025 [ANOMALOUS] -- anchor=L1 GELU->1 SM->2 | extra=[2, 3]
已完全恢复原始模型状态
已替换 12 层的GELU函数
已替换 1 层的Softmax函数
已替换 11 层的Softmax函数
已完全恢复原始模型状态
已替换 12 层的GELU函数
已替换 2 层的Softmax函数
已替换 10 层的Softmax函数
  Pair 12: M(C_A)=0.5366 M(C_B)=0.5393 diff=+0.0027 [ANOMALOUS] -- anchor=L11 SM->2 | extra=[10]
已完全恢复原始模型状态
已替换 12 层的GELU函数
已替换 1 层的Softmax函数
已替换 11 层的Softmax函数
已完全恢复原始模型状态
已替换 12 层的GELU函数
已替换 3 层的Softmax函数
已替换 9 层的Softmax函数
  Pair 13: M(C_A)=0.5469 M(C_B)=0.5264 diff=-0.0205 [expected] -- anchor=L4 SM->2 | extra=[6, 7]
已完全恢复原始模型状态
已替换 12 层的GELU函数
已替换 1 层的Softmax函数
已替换 11 层的Softmax函数
已完全恢复原始模型状态
已替换 12 层的GELU函数
已替换 3 层的Softmax函数
已替换 9 层的Softmax函数
  Pair 14: M(C_A)=0.5339 M(C_B)=0.5312 diff=-0.0027 [expected] -- anchor=L9 SM->2 | extra=[3, 10]
已完全恢复原始模型状态
已替换 12 层的GELU函数
已替换 1 层的Softmax函数
已替换 11 层的Softmax函数
已完全恢复原始模型状态
已替换 12 层的GELU函数
已替换 2 层的Softmax函数
已替换 10 层的Softmax函数
  Pair 15: M(C_A)=0.5312 M(C_B)=0.5338 diff=+0.0026 [ANOMALOUS] -- anchor=L2 SM->2 | extra=[9]
已完全恢复原始模型状态
已替换 1 层的GELU函数
已替换 11 层的GELU函数
已替换 12 层的Softmax函数
已完全恢复原始模型状态
已替换 3 层的GELU函数
已替换 9 层的GELU函数
已替换 12 层的Softmax函数
  Pair 16: M(C_A)=0.5339 M(C_B)=0.5340 diff=+0.0001 [ANOMALOUS] -- anchor=L11 GELU->1 | extra=[0, 4]
已完全恢复原始模型状态
已替换 1 层的GELU函数
已替换 11 层的GELU函数
已替换 1 层的Softmax函数
已替换 11 层的Softmax函数
已完全恢复原始模型状态
已替换 2 层的GELU函数
已替换 10 层的GELU函数
已替换 2 层的Softmax函数
已替换 10 层的Softmax函数
  Pair 17: M(C_A)=0.5375 M(C_B)=0.5399 diff=+0.0024 [ANOMALOUS] -- anchor=L5 GELU->1 SM->2 | extra=[8]
已完全恢复原始模型状态
已替换 1 层的GELU函数
已替换 11 层的GELU函数
已替换 1 层的Softmax函数
已替换 11 层的Softmax函数
已完全恢复原始模型状态
已替换 2 层的GELU函数
已替换 10 层的GELU函数
已替换 2 层的Softmax函数
已替换 10 层的Softmax函数
  Pair 18: M(C_A)=0.5365 M(C_B)=0.5206 diff=-0.0158 [expected] -- anchor=L2 GELU->1 SM->2 | extra=[4]
已完全恢复原始模型状态
已替换 1 层的GELU函数
已替换 11 层的GELU函数
已替换 1 层的Softmax函数
已替换 11 层的Softmax函数
已完全恢复原始模型状态
已替换 2 层的GELU函数
已替换 10 层的GELU函数
已替换 2 层的Softmax函数
已替换 10 层的Softmax函数
  Pair 19: M(C_A)=0.5312 M(C_B)=0.5180 diff=-0.0132 [expected] -- anchor=L4 GELU->1 SM->2 | extra=[1]
已完全恢复原始模型状态
已替换 12 层的GELU函数
已替换 1 层的Softmax函数
已替换 11 层的Softmax函数
已完全恢复原始模型状态
已替换 12 层的GELU函数
已替换 2 层的Softmax函数
已替换 10 层的Softmax函数
  Pair 20: M(C_A)=0.5391 M(C_B)=0.5391 diff=-0.0000 [expected] -- anchor=L0 SM->2 | extra=[3]
已完全恢复原始模型状态
已替换 1 层的GELU函数
已替换 11 层的GELU函数
已替换 12 层的Softmax函数
已完全恢复原始模型状态
已替换 2 层的GELU函数
已替换 10 层的GELU函数
已替换 12 层的Softmax函数
  Pair 21: M(C_A)=0.5339 M(C_B)=0.5443 diff=+0.0103 [ANOMALOUS] -- anchor=L11 GELU->1 | extra=[1]
已完全恢复原始模型状态
已替换 1 层的GELU函数
已替换 11 层的GELU函数
已替换 12 层的Softmax函数
已完全恢复原始模型状态
已替换 3 层的GELU函数
已替换 9 层的GELU函数
已替换 12 层的Softmax函数
  Pair 22: M(C_A)=0.5313 M(C_B)=0.5286 diff=-0.0027 [expected] -- anchor=L6 GELU->1 | extra=[0, 3]
已完全恢复原始模型状态
已替换 1 层的GELU函数
已替换 11 层的GELU函数
已替换 1 层的Softmax函数
已替换 11 层的Softmax函数
已完全恢复原始模型状态
已替换 2 层的GELU函数
已替换 10 层的GELU函数
已替换 2 层的Softmax函数
已替换 10 层的Softmax函数
  Pair 23: M(C_A)=0.5312 M(C_B)=0.5312 diff=+0.0001 [ANOMALOUS] -- anchor=L4 GELU->1 SM->2 | extra=[9]
已完全恢复原始模型状态
已替换 1 层的GELU函数
已替换 11 层的GELU函数
已替换 12 层的Softmax函数
已完全恢复原始模型状态
已替换 2 层的GELU函数
已替换 10 层的GELU函数
已替换 12 层的Softmax函数
  Pair 24: M(C_A)=0.5371 M(C_B)=0.5470 diff=+0.0099 [ANOMALOUS] -- anchor=L5 GELU->1 | extra=[1]
已完全恢复原始模型状态
已替换 12 层的GELU函数
已替换 1 层的Softmax函数
已替换 11 层的Softmax函数
已完全恢复原始模型状态
已替换 12 层的GELU函数
已替换 3 层的Softmax函数
已替换 9 层的Softmax函数
  Pair 25: M(C_A)=0.5391 M(C_B)=0.5390 diff=-0.0000 [expected] -- anchor=L3 SM->2 | extra=[0, 4]
已完全恢复原始模型状态
已替换 12 层的GELU函数
已替换 1 层的Softmax函数
已替换 11 层的Softmax函数
已完全恢复原始模型状态
已替换 12 层的GELU函数
已替换 2 层的Softmax函数
已替换 10 层的Softmax函数
  Pair 26: M(C_A)=0.5366 M(C_B)=0.5338 diff=-0.0028 [expected] -- anchor=L11 SM->2 | extra=[8]
已完全恢复原始模型状态
已替换 1 层的GELU函数
已替换 11 层的GELU函数
已替换 12 层的Softmax函数
已完全恢复原始模型状态
已替换 3 层的GELU函数
已替换 9 层的GELU函数
已替换 12 层的Softmax函数
  Pair 27: M(C_A)=0.5366 M(C_B)=0.5393 diff=+0.0027 [ANOMALOUS] -- anchor=L9 GELU->1 | extra=[4, 11]
已完全恢复原始模型状态
已替换 12 层的GELU函数
已替换 1 层的Softmax函数
已替换 11 层的Softmax函数
已完全恢复原始模型状态
已替换 12 层的GELU函数
已替换 3 层的Softmax函数
已替换 9 层的Softmax函数
  Pair 28: M(C_A)=0.5469 M(C_B)=0.5365 diff=-0.0104 [expected] -- anchor=L4 SM->2 | extra=[7, 8]
已完全恢复原始模型状态
已替换 1 层的GELU函数
已替换 11 层的GELU函数
已替换 12 层的Softmax函数
已完全恢复原始模型状态
已替换 2 层的GELU函数
已替换 10 层的GELU函数
已替换 12 层的Softmax函数
  Pair 29: M(C_A)=0.5392 M(C_B)=0.5339 diff=-0.0053 [expected] -- anchor=L0 GELU->1 | extra=[8]

  Found 15 anomalous candidate pairs out of 30

  Step C: Bootstrap testing top 5 candidates...

    Testing pair 1: anchor=L1 SM->2 | extra=[8, 9]
      paired t-test: p=0.000000 (SIGNIFICANT)
      Mean diff: 0.0106 +/- 0.0048
      Cohen's d: 2.1963

    Testing pair 2: anchor=L6 GELU->1 | extra=[1, 3]
      paired t-test: p=0.000000 (SIGNIFICANT)
      Mean diff: 0.0106 +/- 0.0091
      Cohen's d: 1.1694

    Testing pair 3: anchor=L11 GELU->1 | extra=[1]
      paired t-test: p=0.000000 (SIGNIFICANT)
      Mean diff: 0.0094 +/- 0.0075
      Cohen's d: 1.2519

    Testing pair 4: anchor=L5 GELU->1 | extra=[1]
      paired t-test: p=0.000000 (SIGNIFICANT)
      Mean diff: 0.0091 +/- 0.0099
      Cohen's d: 0.9237

    Testing pair 5: anchor=L10 GELU->1 | extra=[0, 7]
      paired t-test: p=0.000000 (SIGNIFICANT)
      Mean diff: 0.0085 +/- 0.0081
      Cohen's d: 1.0443

============================================================
  Block 1 - Non-Monotonicity Test: MRPC
============================================================
/var/tmp/root-home/miniconda3/envs/llm_ist/lib/python3.10/site-packages/huggingface_hub/file_download.py:942: FutureWarning: `resume_download` is deprecated and will be removed in version 1.0.0. Downloads always resume when possible. If you want to force a new download, use `force_download=True`.
  warnings.warn(

  Step A: Generating 30 degradation pairs...

  Step B: Screening for anomalous pairs (M(C_B) > M(C_A))...
已完全恢复原始模型状态
已替换 1 层的GELU函数
已替换 11 层的GELU函数
已替换 12 层的Softmax函数
You're using a BertTokenizerFast tokenizer. Please note that with a fast tokenizer, using the `__call__` method is faster than using a method to encode the text followed by a call to the `pad` method to get a padded encoding.
已完全恢复原始模型状态
已替换 2 层的GELU函数
已替换 10 层的GELU函数
已替换 12 层的Softmax函数
  Pair 0: M(C_A)=0.8824 M(C_B)=0.8848 diff=+0.0025 [ANOMALOUS] -- anchor=L11 GELU->1 | extra=[9]
已完全恢复原始模型状态
已替换 1 层的GELU函数
已替换 11 层的GELU函数
已替换 12 层的Softmax函数
已完全恢复原始模型状态
已替换 3 层的GELU函数
已替换 9 层的GELU函数
已替换 12 层的Softmax函数
  Pair 1: M(C_A)=0.8824 M(C_B)=0.8824 diff=+0.0000 [expected] -- anchor=L11 GELU->1 | extra=[2, 10]
已完全恢复原始模型状态
已替换 12 层的GELU函数
已替换 1 层的Softmax函数
已替换 11 层的Softmax函数
已完全恢复原始模型状态
已替换 12 层的GELU函数
已替换 3 层的Softmax函数
已替换 9 层的Softmax函数
  Pair 2: M(C_A)=0.8824 M(C_B)=0.8676 diff=-0.0147 [expected] -- anchor=L1 SM->2 | extra=[8, 9]
已完全恢复原始模型状态
已替换 1 层的GELU函数
已替换 11 层的GELU函数
已替换 12 层的Softmax函数
已完全恢复原始模型状态
已替换 3 层的GELU函数
已替换 9 层的GELU函数
已替换 12 层的Softmax函数
  Pair 3: M(C_A)=0.8873 M(C_B)=0.8824 diff=-0.0049 [expected] -- anchor=L10 GELU->1 | extra=[0, 7]
已完全恢复原始模型状态
已替换 12 层的GELU函数
已替换 1 层的Softmax函数
已替换 11 层的Softmax函数
已完全恢复原始模型状态
已替换 12 层的GELU函数
已替换 3 层的Softmax函数
已替换 9 层的Softmax函数
  Pair 4: M(C_A)=0.8799 M(C_B)=0.8775 diff=-0.0025 [expected] -- anchor=L6 SM->2 | extra=[0, 11]
已完全恢复原始模型状态
已替换 1 层的GELU函数
已替换 11 层的GELU函数
已替换 12 层的Softmax函数
已完全恢复原始模型状态
已替换 2 层的GELU函数
已替换 10 层的GELU函数
已替换 12 层的Softmax函数
  Pair 5: M(C_A)=0.8775 M(C_B)=0.8799 diff=+0.0025 [ANOMALOUS] -- anchor=L2 GELU->1 | extra=[0]
已完全恢复原始模型状态
已替换 1 层的GELU函数
已替换 11 层的GELU函数
已替换 1 层的Softmax函数
已替换 11 层的Softmax函数
已完全恢复原始模型状态
已替换 2 层的GELU函数
已替换 10 层的GELU函数
已替换 2 层的Softmax函数
已替换 10 层的Softmax函数
  Pair 6: M(C_A)=0.8725 M(C_B)=0.8750 diff=+0.0025 [ANOMALOUS] -- anchor=L1 GELU->1 SM->2 | extra=[5]
已完全恢复原始模型状态
已替换 12 层的GELU函数
已替换 1 层的Softmax函数
已替换 11 层的Softmax函数
已完全恢复原始模型状态
已替换 12 层的GELU函数
已替换 3 层的Softmax函数
已替换 9 层的Softmax函数
  Pair 7: M(C_A)=0.8701 M(C_B)=0.8750 diff=+0.0049 [ANOMALOUS] -- anchor=L4 SM->2 | extra=[2, 5]
已完全恢复原始模型状态
已替换 1 层的GELU函数
已替换 11 层的GELU函数
已替换 12 层的Softmax函数
已完全恢复原始模型状态
已替换 3 层的GELU函数
已替换 9 层的GELU函数
已替换 12 层的Softmax函数
  Pair 8: M(C_A)=0.8824 M(C_B)=0.8725 diff=-0.0098 [expected] -- anchor=L6 GELU->1 | extra=[1, 3]
已完全恢复原始模型状态
已替换 12 层的GELU函数
已替换 1 层的Softmax函数
已替换 11 层的Softmax函数
已完全恢复原始模型状态
已替换 12 层的GELU函数
已替换 2 层的Softmax函数
已替换 10 层的Softmax函数
  Pair 9: M(C_A)=0.8701 M(C_B)=0.8676 diff=-0.0025 [expected] -- anchor=L5 SM->2 | extra=[10]
已完全恢复原始模型状态
已替换 1 层的GELU函数
已替换 11 层的GELU函数
已替换 12 层的Softmax函数
已完全恢复原始模型状态
已替换 3 层的GELU函数
已替换 9 层的GELU函数
已替换 12 层的Softmax函数
  Pair 10: M(C_A)=0.8799 M(C_B)=0.8799 diff=+0.0000 [expected] -- anchor=L7 GELU->1 | extra=[0, 9]
已完全恢复原始模型状态
已替换 1 层的GELU函数
已替换 11 层的GELU函数
已替换 1 层的Softmax函数
已替换 11 层的Softmax函数
已完全恢复原始模型状态
已替换 3 层的GELU函数
已替换 9 层的GELU函数
已替换 3 层的Softmax函数
已替换 9 层的Softmax函数
  Pair 11: M(C_A)=0.8725 M(C_B)=0.8505 diff=-0.0221 [expected] -- anchor=L1 GELU->1 SM->2 | extra=[2, 3]
已完全恢复原始模型状态
已替换 12 层的GELU函数
已替换 1 层的Softmax函数
已替换 11 层的Softmax函数
已完全恢复原始模型状态
已替换 12 层的GELU函数
已替换 2 层的Softmax函数
已替换 10 层的Softmax函数
  Pair 12: M(C_A)=0.8775 M(C_B)=0.8701 diff=-0.0074 [expected] -- anchor=L11 SM->2 | extra=[10]
已完全恢复原始模型状态
已替换 12 层的GELU函数
已替换 1 层的Softmax函数
已替换 11 层的Softmax函数
已完全恢复原始模型状态
已替换 12 层的GELU函数
已替换 3 层的Softmax函数
已替换 9 层的Softmax函数
  Pair 13: M(C_A)=0.8701 M(C_B)=0.8775 diff=+0.0074 [ANOMALOUS] -- anchor=L4 SM->2 | extra=[6, 7]
已完全恢复原始模型状态
已替换 12 层的GELU函数
已替换 1 层的Softmax函数
已替换 11 层的Softmax函数
已完全恢复原始模型状态
已替换 12 层的GELU函数
已替换 3 层的Softmax函数
已替换 9 层的Softmax函数
  Pair 14: M(C_A)=0.8750 M(C_B)=0.8725 diff=-0.0025 [expected] -- anchor=L9 SM->2 | extra=[3, 10]
已完全恢复原始模型状态
已替换 12 层的GELU函数
已替换 1 层的Softmax函数
已替换 11 层的Softmax函数
已完全恢复原始模型状态
已替换 12 层的GELU函数
已替换 2 层的Softmax函数
已替换 10 层的Softmax函数
  Pair 15: M(C_A)=0.8750 M(C_B)=0.8799 diff=+0.0049 [ANOMALOUS] -- anchor=L2 SM->2 | extra=[9]
已完全恢复原始模型状态
已替换 1 层的GELU函数
已替换 11 层的GELU函数
已替换 12 层的Softmax函数
已完全恢复原始模型状态
已替换 3 层的GELU函数
已替换 9 层的GELU函数
已替换 12 层的Softmax函数
  Pair 16: M(C_A)=0.8824 M(C_B)=0.8824 diff=+0.0000 [expected] -- anchor=L11 GELU->1 | extra=[0, 4]
已完全恢复原始模型状态
已替换 1 层的GELU函数
已替换 11 层的GELU函数
已替换 1 层的Softmax函数
已替换 11 层的Softmax函数
已完全恢复原始模型状态
已替换 2 层的GELU函数
已替换 10 层的GELU函数
已替换 2 层的Softmax函数
已替换 10 层的Softmax函数
  Pair 17: M(C_A)=0.8750 M(C_B)=0.8603 diff=-0.0147 [expected] -- anchor=L5 GELU->1 SM->2 | extra=[8]
已完全恢复原始模型状态
已替换 1 层的GELU函数
已替换 11 层的GELU函数
已替换 1 层的Softmax函数
已替换 11 层的Softmax函数
已完全恢复原始模型状态
已替换 2 层的GELU函数
已替换 10 层的GELU函数
已替换 2 层的Softmax函数
已替换 10 层的Softmax函数
  Pair 18: M(C_A)=0.8701 M(C_B)=0.8701 diff=+0.0000 [expected] -- anchor=L2 GELU->1 SM->2 | extra=[4]
已完全恢复原始模型状态
已替换 1 层的GELU函数
已替换 11 层的GELU函数
已替换 1 层的Softmax函数
已替换 11 层的Softmax函数
已完全恢复原始模型状态
已替换 2 层的GELU函数
已替换 10 层的GELU函数
已替换 2 层的Softmax函数
已替换 10 层的Softmax函数
  Pair 19: M(C_A)=0.8750 M(C_B)=0.8824 diff=+0.0074 [ANOMALOUS] -- anchor=L4 GELU->1 SM->2 | extra=[1]
已完全恢复原始模型状态
已替换 12 层的GELU函数
已替换 1 层的Softmax函数
已替换 11 层的Softmax函数
已完全恢复原始模型状态
已替换 12 层的GELU函数
已替换 2 层的Softmax函数
已替换 10 层的Softmax函数
  Pair 20: M(C_A)=0.8848 M(C_B)=0.8873 diff=+0.0025 [ANOMALOUS] -- anchor=L0 SM->2 | extra=[3]
已完全恢复原始模型状态
已替换 1 层的GELU函数
已替换 11 层的GELU函数
已替换 12 层的Softmax函数
已完全恢复原始模型状态
已替换 2 层的GELU函数
已替换 10 层的GELU函数
已替换 12 层的Softmax函数
  Pair 21: M(C_A)=0.8824 M(C_B)=0.8725 diff=-0.0098 [expected] -- anchor=L11 GELU->1 | extra=[1]
已完全恢复原始模型状态
已替换 1 层的GELU函数
已替换 11 层的GELU函数
已替换 12 层的Softmax函数
已完全恢复原始模型状态
已替换 3 层的GELU函数
已替换 9 层的GELU函数
已替换 12 层的Softmax函数
  Pair 22: M(C_A)=0.8824 M(C_B)=0.8750 diff=-0.0074 [expected] -- anchor=L6 GELU->1 | extra=[0, 3]
已完全恢复原始模型状态
已替换 1 层的GELU函数
已替换 11 层的GELU函数
已替换 1 层的Softmax函数
已替换 11 层的Softmax函数
已完全恢复原始模型状态
已替换 2 层的GELU函数
已替换 10 层的GELU函数
已替换 2 层的Softmax函数
已替换 10 层的Softmax函数
  Pair 23: M(C_A)=0.8750 M(C_B)=0.8676 diff=-0.0074 [expected] -- anchor=L4 GELU->1 SM->2 | extra=[9]
已完全恢复原始模型状态
已替换 1 层的GELU函数
已替换 11 层的GELU函数
已替换 12 层的Softmax函数
已完全恢复原始模型状态
已替换 2 层的GELU函数
已替换 10 层的GELU函数
已替换 12 层的Softmax函数
  Pair 24: M(C_A)=0.8824 M(C_B)=0.8824 diff=+0.0000 [expected] -- anchor=L5 GELU->1 | extra=[1]
已完全恢复原始模型状态
已替换 12 层的GELU函数
已替换 1 层的Softmax函数
已替换 11 层的Softmax函数
已完全恢复原始模型状态
已替换 12 层的GELU函数
已替换 3 层的Softmax函数
已替换 9 层的Softmax函数
  Pair 25: M(C_A)=0.8775 M(C_B)=0.8775 diff=+0.0000 [expected] -- anchor=L3 SM->2 | extra=[0, 4]
已完全恢复原始模型状态
已替换 12 层的GELU函数
已替换 1 层的Softmax函数
已替换 11 层的Softmax函数
已完全恢复原始模型状态
已替换 12 层的GELU函数
已替换 2 层的Softmax函数
已替换 10 层的Softmax函数
  Pair 26: M(C_A)=0.8775 M(C_B)=0.8775 diff=+0.0000 [expected] -- anchor=L11 SM->2 | extra=[8]
已完全恢复原始模型状态
已替换 1 层的GELU函数
已替换 11 层的GELU函数
已替换 12 层的Softmax函数
已完全恢复原始模型状态
已替换 3 层的GELU函数
已替换 9 层的GELU函数
已替换 12 层的Softmax函数
  Pair 27: M(C_A)=0.8848 M(C_B)=0.8799 diff=-0.0049 [expected] -- anchor=L9 GELU->1 | extra=[4, 11]
已完全恢复原始模型状态
已替换 12 层的GELU函数
已替换 1 层的Softmax函数
已替换 11 层的Softmax函数
已完全恢复原始模型状态
已替换 12 层的GELU函数
已替换 3 层的Softmax函数
已替换 9 层的Softmax函数
  Pair 28: M(C_A)=0.8701 M(C_B)=0.8775 diff=+0.0074 [ANOMALOUS] -- anchor=L4 SM->2 | extra=[7, 8]
已完全恢复原始模型状态
已替换 1 层的GELU函数
已替换 11 层的GELU函数
已替换 12 层的Softmax函数
已完全恢复原始模型状态
已替换 2 层的GELU函数
已替换 10 层的GELU函数
已替换 12 层的Softmax函数
  Pair 29: M(C_A)=0.8824 M(C_B)=0.8750 diff=-0.0074 [expected] -- anchor=L0 GELU->1 | extra=[8]

  Found 9 anomalous candidate pairs out of 30

  Step C: Bootstrap testing top 5 candidates...

    Testing pair 1: anchor=L4 SM->2 | extra=[6, 7]
      paired t-test: p=0.000000 (SIGNIFICANT)
      Mean diff: 0.0069 +/- 0.0087
      Cohen's d: 0.7967

    Testing pair 2: anchor=L4 GELU->1 SM->2 | extra=[1]
      Wilcoxon signed-rank: p=0.000000 (SIGNIFICANT)
      Mean diff: 0.0073 +/- 0.0043
      Cohen's d: 1.6818

    Testing pair 3: anchor=L4 SM->2 | extra=[7, 8]
      Wilcoxon signed-rank: p=0.000000 (SIGNIFICANT)
      Mean diff: 0.0065 +/- 0.0059
      Cohen's d: 1.1047

    Testing pair 4: anchor=L4 SM->2 | extra=[2, 5]
      paired t-test: p=0.000000 (SIGNIFICANT)
      Mean diff: 0.0047 +/- 0.0066
      Cohen's d: 0.7210

    Testing pair 5: anchor=L2 SM->2 | extra=[9]
      Wilcoxon signed-rank: p=0.000000 (SIGNIFICANT)
      Mean diff: 0.0049 +/- 0.0044
      Cohen's d: 1.1035

============================================================
  Block 1 - Non-Monotonicity Test: STSB
============================================================
/var/tmp/root-home/miniconda3/envs/llm_ist/lib/python3.10/site-packages/huggingface_hub/file_download.py:942: FutureWarning: `resume_download` is deprecated and will be removed in version 1.0.0. Downloads always resume when possible. If you want to force a new download, use `force_download=True`.
  warnings.warn(

  Step A: Generating 30 degradation pairs...

  Step B: Screening for anomalous pairs (M(C_B) > M(C_A))...
已完全恢复原始模型状态
已替换 1 层的GELU函数
已替换 11 层的GELU函数
已替换 12 层的Softmax函数
You're using a BertTokenizerFast tokenizer. Please note that with a fast tokenizer, using the `__call__` method is faster than using a method to encode the text followed by a call to the `pad` method to get a padded encoding.
已完全恢复原始模型状态
已替换 2 层的GELU函数
已替换 10 层的GELU函数
已替换 12 层的Softmax函数
  Pair 0: M(C_A)=0.8799 M(C_B)=0.8800 diff=+0.0002 [ANOMALOUS] -- anchor=L11 GELU->1 | extra=[9]
已完全恢复原始模型状态
已替换 1 层的GELU函数
已替换 11 层的GELU函数
已替换 12 层的Softmax函数
已完全恢复原始模型状态
已替换 3 层的GELU函数
已替换 9 层的GELU函数
已替换 12 层的Softmax函数
  Pair 1: M(C_A)=0.8799 M(C_B)=0.8784 diff=-0.0014 [expected] -- anchor=L11 GELU->1 | extra=[2, 10]
已完全恢复原始模型状态
已替换 12 层的GELU函数
已替换 1 层的Softmax函数
已替换 11 层的Softmax函数
已完全恢复原始模型状态
已替换 12 层的GELU函数
已替换 3 层的Softmax函数
已替换 9 层的Softmax函数
  Pair 2: M(C_A)=0.8802 M(C_B)=0.8802 diff=+0.0000 [ANOMALOUS] -- anchor=L1 SM->2 | extra=[8, 9]
已完全恢复原始模型状态
已替换 1 层的GELU函数
已替换 11 层的GELU函数
已替换 12 层的Softmax函数
已完全恢复原始模型状态
已替换 3 层的GELU函数
已替换 9 层的GELU函数
已替换 12 层的Softmax函数
  Pair 3: M(C_A)=0.8799 M(C_B)=0.8794 diff=-0.0006 [expected] -- anchor=L10 GELU->1 | extra=[0, 7]
已完全恢复原始模型状态
已替换 12 层的GELU函数
已替换 1 层的Softmax函数
已替换 11 层的Softmax函数
已完全恢复原始模型状态
已替换 12 层的GELU函数
已替换 3 层的Softmax函数
已替换 9 层的Softmax函数
  Pair 4: M(C_A)=0.8791 M(C_B)=0.8791 diff=+0.0000 [ANOMALOUS] -- anchor=L6 SM->2 | extra=[0, 11]
已完全恢复原始模型状态
已替换 1 层的GELU函数
已替换 11 层的GELU函数
已替换 12 层的Softmax函数
已完全恢复原始模型状态
已替换 2 层的GELU函数
已替换 10 层的GELU函数
已替换 12 层的Softmax函数
  Pair 5: M(C_A)=0.8792 M(C_B)=0.8789 diff=-0.0003 [expected] -- anchor=L2 GELU->1 | extra=[0]
已完全恢复原始模型状态
已替换 1 层的GELU函数
已替换 11 层的GELU函数
已替换 1 层的Softmax函数
已替换 11 层的Softmax函数
已完全恢复原始模型状态
已替换 2 层的GELU函数
已替换 10 层的GELU函数
已替换 2 层的Softmax函数
已替换 10 层的Softmax函数
  Pair 6: M(C_A)=0.8787 M(C_B)=0.8774 diff=-0.0013 [expected] -- anchor=L1 GELU->1 SM->2 | extra=[5]
已完全恢复原始模型状态
已替换 12 层的GELU函数
已替换 1 层的Softmax函数
已替换 11 层的Softmax函数
已完全恢复原始模型状态
已替换 12 层的GELU函数
已替换 3 层的Softmax函数
已替换 9 层的Softmax函数
  Pair 7: M(C_A)=0.8795 M(C_B)=0.8749 diff=-0.0046 [expected] -- anchor=L4 SM->2 | extra=[2, 5]
已完全恢复原始模型状态
已替换 1 层的GELU函数
已替换 11 层的GELU函数
已替换 12 层的Softmax函数
已完全恢复原始模型状态
已替换 3 层的GELU函数
已替换 9 层的GELU函数
已替换 12 层的Softmax函数
  Pair 8: M(C_A)=0.8800 M(C_B)=0.8780 diff=-0.0020 [expected] -- anchor=L6 GELU->1 | extra=[1, 3]
已完全恢复原始模型状态
已替换 12 层的GELU函数
已替换 1 层的Softmax函数
已替换 11 层的Softmax函数
已完全恢复原始模型状态
已替换 12 层的GELU函数
已替换 2 层的Softmax函数
已替换 10 层的Softmax函数
  Pair 9: M(C_A)=0.8794 M(C_B)=0.8787 diff=-0.0008 [expected] -- anchor=L5 SM->2 | extra=[10]
已完全恢复原始模型状态
已替换 1 层的GELU函数
已替换 11 层的GELU函数
已替换 12 层的Softmax函数
已完全恢复原始模型状态
已替换 3 层的GELU函数
已替换 9 层的GELU函数
已替换 12 层的Softmax函数
  Pair 10: M(C_A)=0.8801 M(C_B)=0.8799 diff=-0.0002 [expected] -- anchor=L7 GELU->1 | extra=[0, 9]
已完全恢复原始模型状态
已替换 1 层的GELU函数
已替换 11 层的GELU函数
已替换 1 层的Softmax函数
已替换 11 层的Softmax函数
已完全恢复原始模型状态
已替换 3 层的GELU函数
已替换 9 层的GELU函数
已替换 3 层的Softmax函数
已替换 9 层的Softmax函数
  Pair 11: M(C_A)=0.8787 M(C_B)=0.8705 diff=-0.0082 [expected] -- anchor=L1 GELU->1 SM->2 | extra=[2, 3]
已完全恢复原始模型状态
已替换 12 层的GELU函数
已替换 1 层的Softmax函数
已替换 11 层的Softmax函数
已完全恢复原始模型状态
已替换 12 层的GELU函数
已替换 2 层的Softmax函数
已替换 10 层的Softmax函数
  Pair 12: M(C_A)=0.8799 M(C_B)=0.8789 diff=-0.0009 [expected] -- anchor=L11 SM->2 | extra=[10]
已完全恢复原始模型状态
已替换 12 层的GELU函数
已替换 1 层的Softmax函数
已替换 11 层的Softmax函数
已完全恢复原始模型状态
已替换 12 层的GELU函数
已替换 3 层的Softmax函数
已替换 9 层的Softmax函数
  Pair 13: M(C_A)=0.8795 M(C_B)=0.8778 diff=-0.0017 [expected] -- anchor=L4 SM->2 | extra=[6, 7]
已完全恢复原始模型状态
已替换 12 层的GELU函数
已替换 1 层的Softmax函数
已替换 11 层的Softmax函数
已完全恢复原始模型状态
已替换 12 层的GELU函数
已替换 3 层的Softmax函数
已替换 9 层的Softmax函数
  Pair 14: M(C_A)=0.8802 M(C_B)=0.8770 diff=-0.0032 [expected] -- anchor=L9 SM->2 | extra=[3, 10]
已完全恢复原始模型状态
已替换 12 层的GELU函数
已替换 1 层的Softmax函数
已替换 11 层的Softmax函数
已完全恢复原始模型状态
已替换 12 层的GELU函数
已替换 2 层的Softmax函数
已替换 10 层的Softmax函数
  Pair 15: M(C_A)=0.8771 M(C_B)=0.8771 diff=+0.0000 [ANOMALOUS] -- anchor=L2 SM->2 | extra=[9]
已完全恢复原始模型状态
已替换 1 层的GELU函数
已替换 11 层的GELU函数
已替换 12 层的Softmax函数
已完全恢复原始模型状态
已替换 3 层的GELU函数
已替换 9 层的GELU函数
已替换 12 层的Softmax函数
  Pair 16: M(C_A)=0.8799 M(C_B)=0.8796 diff=-0.0003 [expected] -- anchor=L11 GELU->1 | extra=[0, 4]
已完全恢复原始模型状态
已替换 1 层的GELU函数
已替换 11 层的GELU函数
已替换 1 层的Softmax函数
已替换 11 层的Softmax函数
已完全恢复原始模型状态
已替换 2 层的GELU函数
已替换 10 层的GELU函数
已替换 2 层的Softmax函数
已替换 10 层的Softmax函数
  Pair 17: M(C_A)=0.8793 M(C_B)=0.8785 diff=-0.0008 [expected] -- anchor=L5 GELU->1 SM->2 | extra=[8]
已完全恢复原始模型状态
已替换 1 层的GELU函数
已替换 11 层的GELU函数
已替换 1 层的Softmax函数
已替换 11 层的Softmax函数
已完全恢复原始模型状态
已替换 2 层的GELU函数
已替换 10 层的GELU函数
已替换 2 层的Softmax函数
已替换 10 层的Softmax函数
  Pair 18: M(C_A)=0.8763 M(C_B)=0.8754 diff=-0.0009 [expected] -- anchor=L2 GELU->1 SM->2 | extra=[4]
已完全恢复原始模型状态
已替换 1 层的GELU函数
已替换 11 层的GELU函数
已替换 1 层的Softmax函数
已替换 11 层的Softmax函数
已完全恢复原始模型状态
已替换 2 层的GELU函数
已替换 10 层的GELU函数
已替换 2 层的Softmax函数
已替换 10 层的Softmax函数
  Pair 19: M(C_A)=0.8793 M(C_B)=0.8770 diff=-0.0023 [expected] -- anchor=L4 GELU->1 SM->2 | extra=[1]
已完全恢复原始模型状态
已替换 12 层的GELU函数
已替换 1 层的Softmax函数
已替换 11 层的Softmax函数
已完全恢复原始模型状态
已替换 12 层的GELU函数
已替换 2 层的Softmax函数
已替换 10 层的Softmax函数
  Pair 20: M(C_A)=0.8806 M(C_B)=0.8787 diff=-0.0019 [expected] -- anchor=L0 SM->2 | extra=[3]
已完全恢复原始模型状态
已替换 1 层的GELU函数
已替换 11 层的GELU函数
已替换 12 层的Softmax函数
已完全恢复原始模型状态
已替换 2 层的GELU函数
已替换 10 层的GELU函数
已替换 12 层的Softmax函数
  Pair 21: M(C_A)=0.8799 M(C_B)=0.8785 diff=-0.0013 [expected] -- anchor=L11 GELU->1 | extra=[1]
已完全恢复原始模型状态
已替换 1 层的GELU函数
已替换 11 层的GELU函数
已替换 12 层的Softmax函数
已完全恢复原始模型状态
已替换 3 层的GELU函数
已替换 9 层的GELU函数
已替换 12 层的Softmax函数
  Pair 22: M(C_A)=0.8800 M(C_B)=0.8792 diff=-0.0008 [expected] -- anchor=L6 GELU->1 | extra=[0, 3]
已完全恢复原始模型状态
已替换 1 层的GELU函数
已替换 11 层的GELU函数
已替换 1 层的Softmax函数
已替换 11 层的Softmax函数
已完全恢复原始模型状态
已替换 2 层的GELU函数
已替换 10 层的GELU函数
已替换 2 层的Softmax函数
已替换 10 层的Softmax函数
  Pair 23: M(C_A)=0.8793 M(C_B)=0.8794 diff=+0.0001 [ANOMALOUS] -- anchor=L4 GELU->1 SM->2 | extra=[9]
已完全恢复原始模型状态
已替换 1 层的GELU函数
已替换 11 层的GELU函数
已替换 12 层的Softmax函数
已完全恢复原始模型状态
已替换 2 层的GELU函数
已替换 10 层的GELU函数
已替换 12 层的Softmax函数
  Pair 24: M(C_A)=0.8802 M(C_B)=0.8788 diff=-0.0014 [expected] -- anchor=L5 GELU->1 | extra=[1]
已完全恢复原始模型状态
已替换 12 层的GELU函数
已替换 1 层的Softmax函数
已替换 11 层的Softmax函数
已完全恢复原始模型状态
已替换 12 层的GELU函数
已替换 3 层的Softmax函数
已替换 9 层的Softmax函数
  Pair 25: M(C_A)=0.8781 M(C_B)=0.8776 diff=-0.0005 [expected] -- anchor=L3 SM->2 | extra=[0, 4]
已完全恢复原始模型状态
已替换 12 层的GELU函数
已替换 1 层的Softmax函数
已替换 11 层的Softmax函数
已完全恢复原始模型状态
已替换 12 层的GELU函数
已替换 2 层的Softmax函数
已替换 10 层的Softmax函数
  Pair 26: M(C_A)=0.8799 M(C_B)=0.8799 diff=+0.0000 [ANOMALOUS] -- anchor=L11 SM->2 | extra=[8]
已完全恢复原始模型状态
已替换 1 层的GELU函数
已替换 11 层的GELU函数
已替换 12 层的Softmax函数
已完全恢复原始模型状态
已替换 3 层的GELU函数
已替换 9 层的GELU函数
已替换 12 层的Softmax函数
  Pair 27: M(C_A)=0.8804 M(C_B)=0.8802 diff=-0.0002 [expected] -- anchor=L9 GELU->1 | extra=[4, 11]
已完全恢复原始模型状态
已替换 12 层的GELU函数
已替换 1 层的Softmax函数
已替换 11 层的Softmax函数
已完全恢复原始模型状态
已替换 12 层的GELU函数
已替换 3 层的Softmax函数
已替换 9 层的Softmax函数
  Pair 28: M(C_A)=0.8795 M(C_B)=0.8790 diff=-0.0004 [expected] -- anchor=L4 SM->2 | extra=[7, 8]
已完全恢复原始模型状态
已替换 1 层的GELU函数
已替换 11 层的GELU函数
已替换 12 层的Softmax函数
已完全恢复原始模型状态
已替换 2 层的GELU函数
已替换 10 层的GELU函数
已替换 12 层的Softmax函数
  Pair 29: M(C_A)=0.8800 M(C_B)=0.8794 diff=-0.0005 [expected] -- anchor=L0 GELU->1 | extra=[8]

  Found 6 anomalous candidate pairs out of 30

  Step C: Bootstrap testing top 5 candidates...

    Testing pair 1: anchor=L11 GELU->1 | extra=[9]
      paired t-test: p=0.000000 (SIGNIFICANT)
      Mean diff: 0.0002 +/- 0.0002
      Cohen's d: 0.7163

    Testing pair 2: anchor=L4 GELU->1 SM->2 | extra=[9]
      Wilcoxon signed-rank: p=0.000030 (SIGNIFICANT)
      Mean diff: 0.0001 +/- 0.0003
      Cohen's d: 0.4255

    Testing pair 3: anchor=L11 SM->2 | extra=[8]
      paired t-test: p=0.001788 (SIGNIFICANT)
      Mean diff: 0.0001 +/- 0.0003
      Cohen's d: 0.3000

    Testing pair 4: anchor=L6 SM->2 | extra=[0, 11]
      paired t-test: p=0.714729 (not significant)
      Mean diff: -0.0000 +/- 0.0006
      Cohen's d: -0.0572

    Testing pair 5: anchor=L1 SM->2 | extra=[8, 9]
      paired t-test: p=0.040781 (SIGNIFICANT)
      Mean diff: 0.0001 +/- 0.0004
      Cohen's d: 0.1768

============================================================
  Block 1 - Non-Monotonicity Test: MNLI
============================================================

  Step A: Generating 30 degradation pairs...

  Step B: Screening for anomalous pairs (M(C_B) > M(C_A))...
已完全恢复原始模型状态
已替换 1 层的GELU函数
已替换 11 层的GELU函数
已替换 12 层的Softmax函数
You're using a BertTokenizerFast tokenizer. Please note that with a fast tokenizer, using the `__call__` method is faster than using a method to encode the text followed by a call to the `pad` method to get a padded encoding.
已完全恢复原始模型状态
已替换 2 层的GELU函数
已替换 10 层的GELU函数
已替换 12 层的Softmax函数
  Pair 0: M(C_A)=0.0638 M(C_B)=0.0651 diff=+0.0013 [ANOMALOUS] -- anchor=L11 GELU->1 | extra=[9]
已完全恢复原始模型状态
已替换 1 层的GELU函数
已替换 11 层的GELU函数
已替换 12 层的Softmax函数
已完全恢复原始模型状态
已替换 3 层的GELU函数
已替换 9 层的GELU函数
已替换 12 层的Softmax函数
  Pair 1: M(C_A)=0.0638 M(C_B)=0.0638 diff=+0.0000 [expected] -- anchor=L11 GELU->1 | extra=[2, 10]
已完全恢复原始模型状态
已替换 12 层的GELU函数
已替换 1 层的Softmax函数
已替换 11 层的Softmax函数
已完全恢复原始模型状态
已替换 12 层的GELU函数
已替换 3 层的Softmax函数
已替换 9 层的Softmax函数
  Pair 2: M(C_A)=0.0628 M(C_B)=0.0640 diff=+0.0012 [ANOMALOUS] -- anchor=L1 SM->2 | extra=[8, 9]
已完全恢复原始模型状态
已替换 1 层的GELU函数
已替换 11 层的GELU函数
已替换 12 层的Softmax函数
已完全恢复原始模型状态
已替换 3 层的GELU函数
已替换 9 层的GELU函数
已替换 12 层的Softmax函数
  Pair 3: M(C_A)=0.0638 M(C_B)=0.0646 diff=+0.0008 [ANOMALOUS] -- anchor=L10 GELU->1 | extra=[0, 7]
已完全恢复原始模型状态
已替换 12 层的GELU函数
已替换 1 层的Softmax函数
已替换 11 层的Softmax函数
已完全恢复原始模型状态
已替换 12 层的GELU函数
已替换 3 层的Softmax函数
已替换 9 层的Softmax函数
  Pair 4: M(C_A)=0.0644 M(C_B)=0.0657 diff=+0.0013 [ANOMALOUS] -- anchor=L6 SM->2 | extra=[0, 11]
已完全恢复原始模型状态
已替换 1 层的GELU函数
已替换 11 层的GELU函数
已替换 12 层的Softmax函数
已完全恢复原始模型状态
已替换 2 层的GELU函数
已替换 10 层的GELU函数
已替换 12 层的Softmax函数
  Pair 5: M(C_A)=0.0640 M(C_B)=0.0641 diff=+0.0001 [ANOMALOUS] -- anchor=L2 GELU->1 | extra=[0]
已完全恢复原始模型状态
已替换 1 层的GELU函数
已替换 11 层的GELU函数
已替换 1 层的Softmax函数
已替换 11 层的Softmax函数
已完全恢复原始模型状态
已替换 2 层的GELU函数
已替换 10 层的GELU函数
已替换 2 层的Softmax函数
已替换 10 层的Softmax函数
  Pair 6: M(C_A)=0.0635 M(C_B)=0.0646 diff=+0.0011 [ANOMALOUS] -- anchor=L1 GELU->1 SM->2 | extra=[5]
已完全恢复原始模型状态
已替换 12 层的GELU函数
已替换 1 层的Softmax函数
已替换 11 层的Softmax函数
已完全恢复原始模型状态
已替换 12 层的GELU函数
已替换 3 层的Softmax函数
已替换 9 层的Softmax函数
  Pair 7: M(C_A)=0.0644 M(C_B)=0.0660 diff=+0.0016 [ANOMALOUS] -- anchor=L4 SM->2 | extra=[2, 5]
已完全恢复原始模型状态
已替换 1 层的GELU函数
已替换 11 层的GELU函数
已替换 12 层的Softmax函数
已完全恢复原始模型状态
已替换 3 层的GELU函数
已替换 9 层的GELU函数
已替换 12 层的Softmax函数
  Pair 8: M(C_A)=0.0662 M(C_B)=0.0656 diff=-0.0006 [expected] -- anchor=L6 GELU->1 | extra=[1, 3]
已完全恢复原始模型状态
已替换 12 层的GELU函数
已替换 1 层的Softmax函数
已替换 11 层的Softmax函数
已完全恢复原始模型状态
已替换 12 层的GELU函数
已替换 2 层的Softmax函数
已替换 10 层的Softmax函数
  Pair 9: M(C_A)=0.0651 M(C_B)=0.0661 diff=+0.0010 [ANOMALOUS] -- anchor=L5 SM->2 | extra=[10]
已完全恢复原始模型状态
已替换 1 层的GELU函数
已替换 11 层的GELU函数
已替换 12 层的Softmax函数
已完全恢复原始模型状态
已替换 3 层的GELU函数
已替换 9 层的GELU函数
已替换 12 层的Softmax函数
  Pair 10: M(C_A)=0.0646 M(C_B)=0.0650 diff=+0.0004 [ANOMALOUS] -- anchor=L7 GELU->1 | extra=[0, 9]
已完全恢复原始模型状态
已替换 1 层的GELU函数
已替换 11 层的GELU函数
已替换 1 层的Softmax函数
已替换 11 层的Softmax函数
已完全恢复原始模型状态
已替换 3 层的GELU函数
已替换 9 层的GELU函数
已替换 3 层的Softmax函数
已替换 9 层的Softmax函数
  Pair 11: M(C_A)=0.0635 M(C_B)=0.0672 diff=+0.0038 [ANOMALOUS] -- anchor=L1 GELU->1 SM->2 | extra=[2, 3]
已完全恢复原始模型状态
已替换 12 层的GELU函数
已替换 1 层的Softmax函数
已替换 11 层的Softmax函数
已完全恢复原始模型状态
已替换 12 层的GELU函数
已替换 2 层的Softmax函数
已替换 10 层的Softmax函数
  Pair 12: M(C_A)=0.0640 M(C_B)=0.0654 diff=+0.0014 [ANOMALOUS] -- anchor=L11 SM->2 | extra=[10]
已完全恢复原始模型状态
已替换 12 层的GELU函数
已替换 1 层的Softmax函数
已替换 11 层的Softmax函数
已完全恢复原始模型状态
已替换 12 层的GELU函数
已替换 3 层的Softmax函数
已替换 9 层的Softmax函数
  Pair 13: M(C_A)=0.0644 M(C_B)=0.0662 diff=+0.0018 [ANOMALOUS] -- anchor=L4 SM->2 | extra=[6, 7]
已完全恢复原始模型状态
已替换 12 层的GELU函数
已替换 1 层的Softmax函数
已替换 11 层的Softmax函数
已完全恢复原始模型状态
已替换 12 层的GELU函数
已替换 3 层的Softmax函数
已替换 9 层的Softmax函数
  Pair 14: M(C_A)=0.0639 M(C_B)=0.0655 diff=+0.0016 [ANOMALOUS] -- anchor=L9 SM->2 | extra=[3, 10]
已完全恢复原始模型状态
已替换 12 层的GELU函数
已替换 1 层的Softmax函数
已替换 11 层的Softmax函数
已完全恢复原始模型状态
已替换 12 层的GELU函数
已替换 2 层的Softmax函数
已替换 10 层的Softmax函数
  Pair 15: M(C_A)=0.0646 M(C_B)=0.0652 diff=+0.0006 [ANOMALOUS] -- anchor=L2 SM->2 | extra=[9]
已完全恢复原始模型状态
已替换 1 层的GELU函数
已替换 11 层的GELU函数
已替换 12 层的Softmax函数
已完全恢复原始模型状态
已替换 3 层的GELU函数
已替换 9 层的GELU函数
已替换 12 层的Softmax函数
  Pair 16: M(C_A)=0.0638 M(C_B)=0.0647 diff=+0.0009 [ANOMALOUS] -- anchor=L11 GELU->1 | extra=[0, 4]
已完全恢复原始模型状态
已替换 1 层的GELU函数
已替换 11 层的GELU函数
已替换 1 层的Softmax函数
已替换 11 层的Softmax函数
已完全恢复原始模型状态
已替换 2 层的GELU函数
已替换 10 层的GELU函数
已替换 2 层的Softmax函数
已替换 10 层的Softmax函数
  Pair 17: M(C_A)=0.0639 M(C_B)=0.0667 diff=+0.0029 [ANOMALOUS] -- anchor=L5 GELU->1 SM->2 | extra=[8]
已完全恢复原始模型状态
已替换 1 层的GELU函数
已替换 11 层的GELU函数
已替换 1 层的Softmax函数
已替换 11 层的Softmax函数
已完全恢复原始模型状态
已替换 2 层的GELU函数
已替换 10 层的GELU函数
已替换 2 层的Softmax函数
已替换 10 层的Softmax函数
  Pair 18: M(C_A)=0.0649 M(C_B)=0.0658 diff=+0.0009 [ANOMALOUS] -- anchor=L2 GELU->1 SM->2 | extra=[4]
已完全恢复原始模型状态
已替换 1 层的GELU函数
已替换 11 层的GELU函数
已替换 1 层的Softmax函数
已替换 11 层的Softmax函数
已完全恢复原始模型状态
已替换 2 层的GELU函数
已替换 10 层的GELU函数
已替换 2 层的Softmax函数
已替换 10 层的Softmax函数
  Pair 19: M(C_A)=0.0650 M(C_B)=0.0658 diff=+0.0008 [ANOMALOUS] -- anchor=L4 GELU->1 SM->2 | extra=[1]
已完全恢复原始模型状态
已替换 12 层的GELU函数
已替换 1 层的Softmax函数
已替换 11 层的Softmax函数
已完全恢复原始模型状态
已替换 12 层的GELU函数
已替换 2 层的Softmax函数
已替换 10 层的Softmax函数
  Pair 20: M(C_A)=0.0638 M(C_B)=0.0644 diff=+0.0006 [ANOMALOUS] -- anchor=L0 SM->2 | extra=[3]
已完全恢复原始模型状态
已替换 1 层的GELU函数
已替换 11 层的GELU函数
已替换 12 层的Softmax函数
已完全恢复原始模型状态
已替换 2 层的GELU函数
已替换 10 层的GELU函数
已替换 12 层的Softmax函数
  Pair 21: M(C_A)=0.0638 M(C_B)=0.0638 diff=+0.0000 [expected] -- anchor=L11 GELU->1 | extra=[1]
已完全恢复原始模型状态
已替换 1 层的GELU函数
已替换 11 层的GELU函数
已替换 12 层的Softmax函数
已完全恢复原始模型状态
已替换 3 层的GELU函数
已替换 9 层的GELU函数
已替换 12 层的Softmax函数
  Pair 22: M(C_A)=0.0662 M(C_B)=0.0653 diff=-0.0009 [expected] -- anchor=L6 GELU->1 | extra=[0, 3]
已完全恢复原始模型状态
已替换 1 层的GELU函数
已替换 11 层的GELU函数
已替换 1 层的Softmax函数
已替换 11 层的Softmax函数
已完全恢复原始模型状态
已替换 2 层的GELU函数
已替换 10 层的GELU函数
已替换 2 层的Softmax函数
已替换 10 层的Softmax函数
  Pair 23: M(C_A)=0.0650 M(C_B)=0.0656 diff=+0.0006 [ANOMALOUS] -- anchor=L4 GELU->1 SM->2 | extra=[9]
已完全恢复原始模型状态
已替换 1 层的GELU函数
已替换 11 层的GELU函数
已替换 12 层的Softmax函数
已完全恢复原始模型状态
已替换 2 层的GELU函数
已替换 10 层的GELU函数
已替换 12 层的Softmax函数
  Pair 24: M(C_A)=0.0636 M(C_B)=0.0634 diff=-0.0002 [expected] -- anchor=L5 GELU->1 | extra=[1]
已完全恢复原始模型状态
已替换 12 层的GELU函数
已替换 1 层的Softmax函数
已替换 11 层的Softmax函数
已完全恢复原始模型状态
已替换 12 层的GELU函数
已替换 3 层的Softmax函数
已替换 9 层的Softmax函数
  Pair 25: M(C_A)=0.0658 M(C_B)=0.0654 diff=-0.0004 [expected] -- anchor=L3 SM->2 | extra=[0, 4]
已完全恢复原始模型状态
已替换 12 层的GELU函数
已替换 1 层的Softmax函数
已替换 11 层的Softmax函数
已完全恢复原始模型状态
已替换 12 层的GELU函数
已替换 2 层的Softmax函数
已替换 10 层的Softmax函数
  Pair 26: M(C_A)=0.0640 M(C_B)=0.0653 diff=+0.0013 [ANOMALOUS] -- anchor=L11 SM->2 | extra=[8]
已完全恢复原始模型状态
已替换 1 层的GELU函数
已替换 11 层的GELU函数
已替换 12 层的Softmax函数
已完全恢复原始模型状态
已替换 3 层的GELU函数
已替换 9 层的GELU函数
已替换 12 层的Softmax函数
  Pair 27: M(C_A)=0.0652 M(C_B)=0.0648 diff=-0.0004 [expected] -- anchor=L9 GELU->1 | extra=[4, 11]
已完全恢复原始模型状态
已替换 12 层的GELU函数
已替换 1 层的Softmax函数
已替换 11 层的Softmax函数
已完全恢复原始模型状态
已替换 12 层的GELU函数
已替换 3 层的Softmax函数
已替换 9 层的Softmax函数
  Pair 28: M(C_A)=0.0644 M(C_B)=0.0675 diff=+0.0032 [ANOMALOUS] -- anchor=L4 SM->2 | extra=[7, 8]
已完全恢复原始模型状态
已替换 1 层的GELU函数
已替换 11 层的GELU函数
已替换 12 层的Softmax函数
已完全恢复原始模型状态
已替换 2 层的GELU函数
已替换 10 层的GELU函数
已替换 12 层的Softmax函数
  Pair 29: M(C_A)=0.0635 M(C_B)=0.0652 diff=+0.0017 [ANOMALOUS] -- anchor=L0 GELU->1 | extra=[8]

  Found 23 anomalous candidate pairs out of 30

  Step C: Bootstrap testing top 5 candidates...

    Testing pair 1: anchor=L1 GELU->1 SM->2 | extra=[2, 3]
      paired t-test: p=0.000000 (SIGNIFICANT)
      Mean diff: 0.0038 +/- 0.0012
      Cohen's d: 3.0803

    Testing pair 2: anchor=L4 SM->2 | extra=[7, 8]
      paired t-test: p=0.000000 (SIGNIFICANT)
      Mean diff: 0.0032 +/- 0.0010
      Cohen's d: 3.1531

    Testing pair 3: anchor=L5 GELU->1 SM->2 | extra=[8]
      paired t-test: p=0.000000 (SIGNIFICANT)
      Mean diff: 0.0028 +/- 0.0009
      Cohen's d: 3.1489

    Testing pair 4: anchor=L4 SM->2 | extra=[6, 7]
      paired t-test: p=0.000000 (SIGNIFICANT)
      Mean diff: 0.0018 +/- 0.0009
      Cohen's d: 1.9546

    Testing pair 5: anchor=L0 GELU->1 | extra=[8]
      paired t-test: p=0.000000 (SIGNIFICANT)
      Mean diff: 0.0018 +/- 0.0005
      Cohen's d: 3.3093

============================================================
  Block 1 - Non-Monotonicity Test: QNLI
============================================================
/var/tmp/root-home/miniconda3/envs/llm_ist/lib/python3.10/site-packages/huggingface_hub/file_download.py:942: FutureWarning: `resume_download` is deprecated and will be removed in version 1.0.0. Downloads always resume when possible. If you want to force a new download, use `force_download=True`.
  warnings.warn(

  Step A: Generating 30 degradation pairs...

  Step B: Screening for anomalous pairs (M(C_B) > M(C_A))...
已完全恢复原始模型状态
已替换 1 层的GELU函数
已替换 11 层的GELU函数
已替换 12 层的Softmax函数
You're using a BertTokenizerFast tokenizer. Please note that with a fast tokenizer, using the `__call__` method is faster than using a method to encode the text followed by a call to the `pad` method to get a padded encoding.
已完全恢复原始模型状态
已替换 2 层的GELU函数
已替换 10 层的GELU函数
已替换 12 层的Softmax函数
  Pair 0: M(C_A)=0.9138 M(C_B)=0.9147 diff=+0.0009 [ANOMALOUS] -- anchor=L11 GELU->1 | extra=[9]
已完全恢复原始模型状态
已替换 1 层的GELU函数
已替换 11 层的GELU函数
已替换 12 层的Softmax函数
已完全恢复原始模型状态
已替换 3 层的GELU函数
已替换 9 层的GELU函数
已替换 12 层的Softmax函数
  Pair 1: M(C_A)=0.9138 M(C_B)=0.9143 diff=+0.0005 [ANOMALOUS] -- anchor=L11 GELU->1 | extra=[2, 10]
已完全恢复原始模型状态
已替换 12 层的GELU函数
已替换 1 层的Softmax函数
已替换 11 层的Softmax函数
已完全恢复原始模型状态
已替换 12 层的GELU函数
已替换 3 层的Softmax函数
已替换 9 层的Softmax函数
  Pair 2: M(C_A)=0.9129 M(C_B)=0.9072 diff=-0.0057 [expected] -- anchor=L1 SM->2 | extra=[8, 9]
已完全恢复原始模型状态
已替换 1 层的GELU函数
已替换 11 层的GELU函数
已替换 12 层的Softmax函数
已完全恢复原始模型状态
已替换 3 层的GELU函数
已替换 9 层的GELU函数
已替换 12 层的Softmax函数
  Pair 3: M(C_A)=0.9141 M(C_B)=0.9136 diff=-0.0005 [expected] -- anchor=L10 GELU->1 | extra=[0, 7]
已完全恢复原始模型状态
已替换 12 层的GELU函数
已替换 1 层的Softmax函数
已替换 11 层的Softmax函数
已完全恢复原始模型状态
已替换 12 层的GELU函数
已替换 3 层的Softmax函数
已替换 9 层的Softmax函数
  Pair 4: M(C_A)=0.9143 M(C_B)=0.9143 diff=+0.0000 [expected] -- anchor=L6 SM->2 | extra=[0, 11]
已完全恢复原始模型状态
已替换 1 层的GELU函数
已替换 11 层的GELU函数
已替换 12 层的Softmax函数
已完全恢复原始模型状态
已替换 2 层的GELU函数
已替换 10 层的GELU函数
已替换 12 层的Softmax函数
  Pair 5: M(C_A)=0.9147 M(C_B)=0.9143 diff=-0.0004 [expected] -- anchor=L2 GELU->1 | extra=[0]
已完全恢复原始模型状态
已替换 1 层的GELU函数
已替换 11 层的GELU函数
已替换 1 层的Softmax函数
已替换 11 层的Softmax函数
已完全恢复原始模型状态
已替换 2 层的GELU函数
已替换 10 层的GELU函数
已替换 2 层的Softmax函数
已替换 10 层的Softmax函数
  Pair 6: M(C_A)=0.9152 M(C_B)=0.9138 diff=-0.0015 [expected] -- anchor=L1 GELU->1 SM->2 | extra=[5]
已完全恢复原始模型状态
已替换 12 层的GELU函数
已替换 1 层的Softmax函数
已替换 11 层的Softmax函数
已完全恢复原始模型状态
已替换 12 层的GELU函数
已替换 3 层的Softmax函数
已替换 9 层的Softmax函数
  Pair 7: M(C_A)=0.9145 M(C_B)=0.9114 diff=-0.0031 [expected] -- anchor=L4 SM->2 | extra=[2, 5]
已完全恢复原始模型状态
已替换 1 层的GELU函数
已替换 11 层的GELU函数
已替换 12 层的Softmax函数
已完全恢复原始模型状态
已替换 3 层的GELU函数
已替换 9 层的GELU函数
已替换 12 层的Softmax函数
  Pair 8: M(C_A)=0.9118 M(C_B)=0.9131 diff=+0.0013 [ANOMALOUS] -- anchor=L6 GELU->1 | extra=[1, 3]
已完全恢复原始模型状态
已替换 12 层的GELU函数
已替换 1 层的Softmax函数
已替换 11 层的Softmax函数
已完全恢复原始模型状态
已替换 12 层的GELU函数
已替换 2 层的Softmax函数
已替换 10 层的Softmax函数
  Pair 9: M(C_A)=0.9132 M(C_B)=0.9140 diff=+0.0007 [ANOMALOUS] -- anchor=L5 SM->2 | extra=[10]
已完全恢复原始模型状态
已替换 1 层的GELU函数
已替换 11 层的GELU函数
已替换 12 层的Softmax函数
已完全恢复原始模型状态
已替换 3 层的GELU函数
已替换 9 层的GELU函数
已替换 12 层的Softmax函数
  Pair 10: M(C_A)=0.9149 M(C_B)=0.9134 diff=-0.0015 [expected] -- anchor=L7 GELU->1 | extra=[0, 9]
已完全恢复原始模型状态
已替换 1 层的GELU函数
已替换 11 层的GELU函数
已替换 1 层的Softmax函数
已替换 11 层的Softmax函数
已完全恢复原始模型状态
已替换 3 层的GELU函数
已替换 9 层的GELU函数
已替换 3 层的Softmax函数
已替换 9 层的Softmax函数
  Pair 11: M(C_A)=0.9152 M(C_B)=0.9074 diff=-0.0079 [expected] -- anchor=L1 GELU->1 SM->2 | extra=[2, 3]
已完全恢复原始模型状态
已替换 12 层的GELU函数
已替换 1 层的Softmax函数
已替换 11 层的Softmax函数
已完全恢复原始模型状态
已替换 12 层的GELU函数
已替换 2 层的Softmax函数
已替换 10 层的Softmax函数
  Pair 12: M(C_A)=0.9129 M(C_B)=0.9131 diff=+0.0002 [ANOMALOUS] -- anchor=L11 SM->2 | extra=[10]
已完全恢复原始模型状态
已替换 12 层的GELU函数
已替换 1 层的Softmax函数
已替换 11 层的Softmax函数
已完全恢复原始模型状态
已替换 12 层的GELU函数
已替换 3 层的Softmax函数
已替换 9 层的Softmax函数
  Pair 13: M(C_A)=0.9145 M(C_B)=0.9131 diff=-0.0015 [expected] -- anchor=L4 SM->2 | extra=[6, 7]
已完全恢复原始模型状态
已替换 12 层的GELU函数
已替换 1 层的Softmax函数
已替换 11 层的Softmax函数
已完全恢复原始模型状态
已替换 12 层的GELU函数
已替换 3 层的Softmax函数
已替换 9 层的Softmax函数
  Pair 14: M(C_A)=0.9120 M(C_B)=0.9092 diff=-0.0027 [expected] -- anchor=L9 SM->2 | extra=[3, 10]
已完全恢复原始模型状态
已替换 12 层的GELU函数
已替换 1 层的Softmax函数
已替换 11 层的Softmax函数
已完全恢复原始模型状态
已替换 12 层的GELU函数
已替换 2 层的Softmax函数
已替换 10 层的Softmax函数
  Pair 15: M(C_A)=0.9136 M(C_B)=0.9099 diff=-0.0037 [expected] -- anchor=L2 SM->2 | extra=[9]
已完全恢复原始模型状态
已替换 1 层的GELU函数
已替换 11 层的GELU函数
已替换 12 层的Softmax函数
已完全恢复原始模型状态
已替换 3 层的GELU函数
已替换 9 层的GELU函数
已替换 12 层的Softmax函数
  Pair 16: M(C_A)=0.9138 M(C_B)=0.9121 diff=-0.0016 [expected] -- anchor=L11 GELU->1 | extra=[0, 4]
已完全恢复原始模型状态
已替换 1 层的GELU函数
已替换 11 层的GELU函数
已替换 1 层的Softmax函数
已替换 11 层的Softmax函数
已完全恢复原始模型状态
已替换 2 层的GELU函数
已替换 10 层的GELU函数
已替换 2 层的Softmax函数
已替换 10 层的Softmax函数
  Pair 17: M(C_A)=0.9136 M(C_B)=0.9099 diff=-0.0037 [expected] -- anchor=L5 GELU->1 SM->2 | extra=[8]
已完全恢复原始模型状态
已替换 1 层的GELU函数
已替换 11 层的GELU函数
已替换 1 层的Softmax函数
已替换 11 层的Softmax函数
已完全恢复原始模型状态
已替换 2 层的GELU函数
已替换 10 层的GELU函数
已替换 2 层的Softmax函数
已替换 10 层的Softmax函数
  Pair 18: M(C_A)=0.9141 M(C_B)=0.9099 diff=-0.0042 [expected] -- anchor=L2 GELU->1 SM->2 | extra=[4]
已完全恢复原始模型状态
已替换 1 层的GELU函数
已替换 11 层的GELU函数
已替换 1 层的Softmax函数
已替换 11 层的Softmax函数
已完全恢复原始模型状态
已替换 2 层的GELU函数
已替换 10 层的GELU函数
已替换 2 层的Softmax函数
已替换 10 层的Softmax函数
  Pair 19: M(C_A)=0.9138 M(C_B)=0.9121 diff=-0.0016 [expected] -- anchor=L4 GELU->1 SM->2 | extra=[1]
已完全恢复原始模型状态
已替换 12 层的GELU函数
已替换 1 层的Softmax函数
已替换 11 层的Softmax函数
已完全恢复原始模型状态
已替换 12 层的GELU函数
已替换 2 层的Softmax函数
已替换 10 层的Softmax函数
  Pair 20: M(C_A)=0.9141 M(C_B)=0.9127 diff=-0.0015 [expected] -- anchor=L0 SM->2 | extra=[3]
已完全恢复原始模型状态
已替换 1 层的GELU函数
已替换 11 层的GELU函数
已替换 12 层的Softmax函数
已完全恢复原始模型状态
已替换 2 层的GELU函数
已替换 10 层的GELU函数
已替换 12 层的Softmax函数
  Pair 21: M(C_A)=0.9138 M(C_B)=0.9143 diff=+0.0005 [ANOMALOUS] -- anchor=L11 GELU->1 | extra=[1]
已完全恢复原始模型状态
已替换 1 层的GELU函数
已替换 11 层的GELU函数
已替换 12 层的Softmax函数
已完全恢复原始模型状态
已替换 3 层的GELU函数
已替换 9 层的GELU函数
已替换 12 层的Softmax函数
  Pair 22: M(C_A)=0.9118 M(C_B)=0.9123 diff=+0.0005 [ANOMALOUS] -- anchor=L6 GELU->1 | extra=[0, 3]
已完全恢复原始模型状态
已替换 1 层的GELU函数
已替换 11 层的GELU函数
已替换 1 层的Softmax函数
已替换 11 层的Softmax函数
已完全恢复原始模型状态
已替换 2 层的GELU函数
已替换 10 层的GELU函数
已替换 2 层的Softmax函数
已替换 10 层的Softmax函数
  Pair 23: M(C_A)=0.9138 M(C_B)=0.9098 diff=-0.0040 [expected] -- anchor=L4 GELU->1 SM->2 | extra=[9]
已完全恢复原始模型状态
已替换 1 层的GELU函数
已替换 11 层的GELU函数
已替换 12 层的Softmax函数
已完全恢复原始模型状态
已替换 2 层的GELU函数
已替换 10 层的GELU函数
已替换 12 层的Softmax函数
  Pair 24: M(C_A)=0.9145 M(C_B)=0.9131 diff=-0.0015 [expected] -- anchor=L5 GELU->1 | extra=[1]
已完全恢复原始模型状态
已替换 12 层的GELU函数
已替换 1 层的Softmax函数
已替换 11 层的Softmax函数
已完全恢复原始模型状态
已替换 12 层的GELU函数
已替换 3 层的Softmax函数
已替换 9 层的Softmax函数
  Pair 25: M(C_A)=0.9138 M(C_B)=0.9116 diff=-0.0022 [expected] -- anchor=L3 SM->2 | extra=[0, 4]
已完全恢复原始模型状态
已替换 12 层的GELU函数
已替换 1 层的Softmax函数
已替换 11 层的Softmax函数
已完全恢复原始模型状态
已替换 12 层的GELU函数
已替换 2 层的Softmax函数
已替换 10 层的Softmax函数
  Pair 26: M(C_A)=0.9129 M(C_B)=0.9131 diff=+0.0002 [ANOMALOUS] -- anchor=L11 SM->2 | extra=[8]
已完全恢复原始模型状态
已替换 1 层的GELU函数
已替换 11 层的GELU函数
已替换 12 层的Softmax函数
已完全恢复原始模型状态
已替换 3 层的GELU函数
已替换 9 层的GELU函数
已替换 12 层的Softmax函数
  Pair 27: M(C_A)=0.9147 M(C_B)=0.9132 diff=-0.0015 [expected] -- anchor=L9 GELU->1 | extra=[4, 11]
已完全恢复原始模型状态
已替换 12 层的GELU函数
已替换 1 层的Softmax函数
已替换 11 层的Softmax函数
已完全恢复原始模型状态
已替换 12 层的GELU函数
已替换 3 层的Softmax函数
已替换 9 层的Softmax函数
  Pair 28: M(C_A)=0.9145 M(C_B)=0.9121 diff=-0.0024 [expected] -- anchor=L4 SM->2 | extra=[7, 8]
已完全恢复原始模型状态
已替换 1 层的GELU函数
已替换 11 层的GELU函数
已替换 12 层的Softmax函数
已完全恢复原始模型状态
已替换 2 层的GELU函数
已替换 10 层的GELU函数
已替换 12 层的Softmax函数
  Pair 29: M(C_A)=0.9136 M(C_B)=0.9147 diff=+0.0011 [ANOMALOUS] -- anchor=L0 GELU->1 | extra=[8]

  Found 9 anomalous candidate pairs out of 30

  Step C: Bootstrap testing top 5 candidates...

    Testing pair 1: anchor=L6 GELU->1 | extra=[1, 3]
      paired t-test: p=0.000000 (SIGNIFICANT)
      Mean diff: 0.0012 +/- 0.0012
      Cohen's d: 0.9871

    Testing pair 2: anchor=L0 GELU->1 | extra=[8]
      Wilcoxon signed-rank: p=0.000000 (SIGNIFICANT)
      Mean diff: 0.0009 +/- 0.0010
      Cohen's d: 0.8810

    Testing pair 3: anchor=L11 GELU->1 | extra=[9]
      paired t-test: p=0.000000 (SIGNIFICANT)
      Mean diff: 0.0008 +/- 0.0008
      Cohen's d: 0.9901

    Testing pair 4: anchor=L5 SM->2 | extra=[10]
      paired t-test: p=0.000000 (SIGNIFICANT)
      Mean diff: 0.0009 +/- 0.0014
      Cohen's d: 0.6249

    Testing pair 5: anchor=L11 GELU->1 | extra=[2, 10]
      paired t-test: p=0.000005 (SIGNIFICANT)
      Mean diff: 0.0006 +/- 0.0012
      Cohen's d: 0.4673

============================================================
  Block 1 - Non-Monotonicity Test: RTE
============================================================
/var/tmp/root-home/miniconda3/envs/llm_ist/lib/python3.10/site-packages/huggingface_hub/file_download.py:942: FutureWarning: `resume_download` is deprecated and will be removed in version 1.0.0. Downloads always resume when possible. If you want to force a new download, use `force_download=True`.
  warnings.warn(

  Step A: Generating 30 degradation pairs...

  Step B: Screening for anomalous pairs (M(C_B) > M(C_A))...
已完全恢复原始模型状态
已替换 1 层的GELU函数
已替换 11 层的GELU函数
已替换 12 层的Softmax函数
You're using a BertTokenizerFast tokenizer. Please note that with a fast tokenizer, using the `__call__` method is faster than using a method to encode the text followed by a call to the `pad` method to get a padded encoding.
已完全恢复原始模型状态
已替换 2 层的GELU函数
已替换 10 层的GELU函数
已替换 12 层的Softmax函数
  Pair 0: M(C_A)=0.7256 M(C_B)=0.7184 diff=-0.0072 [expected] -- anchor=L11 GELU->1 | extra=[9]
已完全恢复原始模型状态
已替换 1 层的GELU函数
已替换 11 层的GELU函数
已替换 12 层的Softmax函数
已完全恢复原始模型状态
已替换 3 层的GELU函数
已替换 9 层的GELU函数
已替换 12 层的Softmax函数
  Pair 1: M(C_A)=0.7256 M(C_B)=0.7220 diff=-0.0036 [expected] -- anchor=L11 GELU->1 | extra=[2, 10]
已完全恢复原始模型状态
已替换 12 层的GELU函数
已替换 1 层的Softmax函数
已替换 11 层的Softmax函数
已完全恢复原始模型状态
已替换 12 层的GELU函数
已替换 3 层的Softmax函数
已替换 9 层的Softmax函数
  Pair 2: M(C_A)=0.7184 M(C_B)=0.7220 diff=+0.0036 [ANOMALOUS] -- anchor=L1 SM->2 | extra=[8, 9]
已完全恢复原始模型状态
已替换 1 层的GELU函数
已替换 11 层的GELU函数
已替换 12 层的Softmax函数
已完全恢复原始模型状态
已替换 3 层的GELU函数
已替换 9 层的GELU函数
已替换 12 层的Softmax函数
  Pair 3: M(C_A)=0.7220 M(C_B)=0.7184 diff=-0.0036 [expected] -- anchor=L10 GELU->1 | extra=[0, 7]
已完全恢复原始模型状态
已替换 12 层的GELU函数
已替换 1 层的Softmax函数
已替换 11 层的Softmax函数
已完全恢复原始模型状态
已替换 12 层的GELU函数
已替换 3 层的Softmax函数
已替换 9 层的Softmax函数
  Pair 4: M(C_A)=0.7184 M(C_B)=0.7220 diff=+0.0036 [ANOMALOUS] -- anchor=L6 SM->2 | extra=[0, 11]
已完全恢复原始模型状态
已替换 1 层的GELU函数
已替换 11 层的GELU函数
已替换 12 层的Softmax函数
已完全恢复原始模型状态
已替换 2 层的GELU函数
已替换 10 层的GELU函数
已替换 12 层的Softmax函数
  Pair 5: M(C_A)=0.7256 M(C_B)=0.7256 diff=+0.0000 [expected] -- anchor=L2 GELU->1 | extra=[0]
已完全恢复原始模型状态
已替换 1 层的GELU函数
已替换 11 层的GELU函数
已替换 1 层的Softmax函数
已替换 11 层的Softmax函数
已完全恢复原始模型状态
已替换 2 层的GELU函数
已替换 10 层的GELU函数
已替换 2 层的Softmax函数
已替换 10 层的Softmax函数
  Pair 6: M(C_A)=0.7148 M(C_B)=0.7148 diff=+0.0000 [expected] -- anchor=L1 GELU->1 SM->2 | extra=[5]
已完全恢复原始模型状态
已替换 12 层的GELU函数
已替换 1 层的Softmax函数
已替换 11 层的Softmax函数
已完全恢复原始模型状态
已替换 12 层的GELU函数
已替换 3 层的Softmax函数
已替换 9 层的Softmax函数
  Pair 7: M(C_A)=0.7365 M(C_B)=0.7220 diff=-0.0144 [expected] -- anchor=L4 SM->2 | extra=[2, 5]
已完全恢复原始模型状态
已替换 1 层的GELU函数
已替换 11 层的GELU函数
已替换 12 层的Softmax函数
已完全恢复原始模型状态
已替换 3 层的GELU函数
已替换 9 层的GELU函数
已替换 12 层的Softmax函数
  Pair 8: M(C_A)=0.7220 M(C_B)=0.7220 diff=+0.0000 [expected] -- anchor=L6 GELU->1 | extra=[1, 3]
已完全恢复原始模型状态
已替换 12 层的GELU函数
已替换 1 层的Softmax函数
已替换 11 层的Softmax函数
已完全恢复原始模型状态
已替换 12 层的GELU函数
已替换 2 层的Softmax函数
已替换 10 层的Softmax函数
  Pair 9: M(C_A)=0.7256 M(C_B)=0.7076 diff=-0.0181 [expected] -- anchor=L5 SM->2 | extra=[10]
已完全恢复原始模型状态
已替换 1 层的GELU函数
已替换 11 层的GELU函数
已替换 12 层的Softmax函数
已完全恢复原始模型状态
已替换 3 层的GELU函数
已替换 9 层的GELU函数
已替换 12 层的Softmax函数
  Pair 10: M(C_A)=0.7220 M(C_B)=0.7220 diff=+0.0000 [expected] -- anchor=L7 GELU->1 | extra=[0, 9]
已完全恢复原始模型状态
已替换 1 层的GELU函数
已替换 11 层的GELU函数
已替换 1 层的Softmax函数
已替换 11 层的Softmax函数
已完全恢复原始模型状态
已替换 3 层的GELU函数
已替换 9 层的GELU函数
已替换 3 层的Softmax函数
已替换 9 层的Softmax函数
  Pair 11: M(C_A)=0.7148 M(C_B)=0.7256 diff=+0.0108 [ANOMALOUS] -- anchor=L1 GELU->1 SM->2 | extra=[2, 3]
已完全恢复原始模型状态
已替换 12 层的GELU函数
已替换 1 层的Softmax函数
已替换 11 层的Softmax函数
已完全恢复原始模型状态
已替换 12 层的GELU函数
已替换 2 层的Softmax函数
已替换 10 层的Softmax函数
  Pair 12: M(C_A)=0.7184 M(C_B)=0.7040 diff=-0.0144 [expected] -- anchor=L11 SM->2 | extra=[10]
已完全恢复原始模型状态
已替换 12 层的GELU函数
已替换 1 层的Softmax函数
已替换 11 层的Softmax函数
已完全恢复原始模型状态
已替换 12 层的GELU函数
已替换 3 层的Softmax函数
已替换 9 层的Softmax函数
  Pair 13: M(C_A)=0.7365 M(C_B)=0.7256 diff=-0.0108 [expected] -- anchor=L4 SM->2 | extra=[6, 7]
已完全恢复原始模型状态
已替换 12 层的GELU函数
已替换 1 层的Softmax函数
已替换 11 层的Softmax函数
已完全恢复原始模型状态
已替换 12 层的GELU函数
已替换 3 层的Softmax函数
已替换 9 层的Softmax函数
  Pair 14: M(C_A)=0.7256 M(C_B)=0.7076 diff=-0.0181 [expected] -- anchor=L9 SM->2 | extra=[3, 10]
已完全恢复原始模型状态
已替换 12 层的GELU函数
已替换 1 层的Softmax函数
已替换 11 层的Softmax函数
已完全恢复原始模型状态
已替换 12 层的GELU函数
已替换 2 层的Softmax函数
已替换 10 层的Softmax函数
  Pair 15: M(C_A)=0.7220 M(C_B)=0.7256 diff=+0.0036 [ANOMALOUS] -- anchor=L2 SM->2 | extra=[9]
已完全恢复原始模型状态
已替换 1 层的GELU函数
已替换 11 层的GELU函数
已替换 12 层的Softmax函数
已完全恢复原始模型状态
已替换 3 层的GELU函数
已替换 9 层的GELU函数
已替换 12 层的Softmax函数
  Pair 16: M(C_A)=0.7256 M(C_B)=0.7184 diff=-0.0072 [expected] -- anchor=L11 GELU->1 | extra=[0, 4]
已完全恢复原始模型状态
已替换 1 层的GELU函数
已替换 11 层的GELU函数
已替换 1 层的Softmax函数
已替换 11 层的Softmax函数
已完全恢复原始模型状态
已替换 2 层的GELU函数
已替换 10 层的GELU函数
已替换 2 层的Softmax函数
已替换 10 层的Softmax函数
  Pair 17: M(C_A)=0.7220 M(C_B)=0.7148 diff=-0.0072 [expected] -- anchor=L5 GELU->1 SM->2 | extra=[8]
已完全恢复原始模型状态
已替换 1 层的GELU函数
已替换 11 层的GELU函数
已替换 1 层的Softmax函数
已替换 11 层的Softmax函数
已完全恢复原始模型状态
已替换 2 层的GELU函数
已替换 10 层的GELU函数
已替换 2 层的Softmax函数
已替换 10 层的Softmax函数
  Pair 18: M(C_A)=0.7184 M(C_B)=0.7148 diff=-0.0036 [expected] -- anchor=L2 GELU->1 SM->2 | extra=[4]
已完全恢复原始模型状态
已替换 1 层的GELU函数
已替换 11 层的GELU函数
已替换 1 层的Softmax函数
已替换 11 层的Softmax函数
已完全恢复原始模型状态
已替换 2 层的GELU函数
已替换 10 层的GELU函数
已替换 2 层的Softmax函数
已替换 10 层的Softmax函数
  Pair 19: M(C_A)=0.7220 M(C_B)=0.7184 diff=-0.0036 [expected] -- anchor=L4 GELU->1 SM->2 | extra=[1]
已完全恢复原始模型状态
已替换 12 层的GELU函数
已替换 1 层的Softmax函数
已替换 11 层的Softmax函数
已完全恢复原始模型状态
已替换 12 层的GELU函数
已替换 2 层的Softmax函数
已替换 10 层的Softmax函数
  Pair 20: M(C_A)=0.7256 M(C_B)=0.7184 diff=-0.0072 [expected] -- anchor=L0 SM->2 | extra=[3]
已完全恢复原始模型状态
已替换 1 层的GELU函数
已替换 11 层的GELU函数
已替换 12 层的Softmax函数
已完全恢复原始模型状态
已替换 2 层的GELU函数
已替换 10 层的GELU函数
已替换 12 层的Softmax函数
  Pair 21: M(C_A)=0.7256 M(C_B)=0.7256 diff=+0.0000 [expected] -- anchor=L11 GELU->1 | extra=[1]
已完全恢复原始模型状态
已替换 1 层的GELU函数
已替换 11 层的GELU函数
已替换 12 层的Softmax函数
已完全恢复原始模型状态
已替换 3 层的GELU函数
已替换 9 层的GELU函数
已替换 12 层的Softmax函数
  Pair 22: M(C_A)=0.7220 M(C_B)=0.7220 diff=+0.0000 [expected] -- anchor=L6 GELU->1 | extra=[0, 3]
已完全恢复原始模型状态
已替换 1 层的GELU函数
已替换 11 层的GELU函数
已替换 1 层的Softmax函数
已替换 11 层的Softmax函数
已完全恢复原始模型状态
已替换 2 层的GELU函数
已替换 10 层的GELU函数
已替换 2 层的Softmax函数
已替换 10 层的Softmax函数
  Pair 23: M(C_A)=0.7220 M(C_B)=0.7148 diff=-0.0072 [expected] -- anchor=L4 GELU->1 SM->2 | extra=[9]
已完全恢复原始模型状态
已替换 1 层的GELU函数
已替换 11 层的GELU函数
已替换 12 层的Softmax函数
已完全恢复原始模型状态
已替换 2 层的GELU函数
已替换 10 层的GELU函数
已替换 12 层的Softmax函数
  Pair 24: M(C_A)=0.7220 M(C_B)=0.7256 diff=+0.0036 [ANOMALOUS] -- anchor=L5 GELU->1 | extra=[1]
已完全恢复原始模型状态
已替换 12 层的GELU函数
已替换 1 层的Softmax函数
已替换 11 层的Softmax函数
已完全恢复原始模型状态
已替换 12 层的GELU函数
已替换 3 层的Softmax函数
已替换 9 层的Softmax函数
  Pair 25: M(C_A)=0.7184 M(C_B)=0.7220 diff=+0.0036 [ANOMALOUS] -- anchor=L3 SM->2 | extra=[0, 4]
已完全恢复原始模型状态
已替换 12 层的GELU函数
已替换 1 层的Softmax函数
已替换 11 层的Softmax函数
已完全恢复原始模型状态
已替换 12 层的GELU函数
已替换 2 层的Softmax函数
已替换 10 层的Softmax函数
  Pair 26: M(C_A)=0.7184 M(C_B)=0.7184 diff=+0.0000 [expected] -- anchor=L11 SM->2 | extra=[8]
已完全恢复原始模型状态
已替换 1 层的GELU函数
已替换 11 层的GELU函数
已替换 12 层的Softmax函数
已完全恢复原始模型状态
已替换 3 层的GELU函数
已替换 9 层的GELU函数
已替换 12 层的Softmax函数
  Pair 27: M(C_A)=0.7184 M(C_B)=0.7256 diff=+0.0072 [ANOMALOUS] -- anchor=L9 GELU->1 | extra=[4, 11]
已完全恢复原始模型状态
已替换 12 层的GELU函数
已替换 1 层的Softmax函数
已替换 11 层的Softmax函数
已完全恢复原始模型状态
已替换 12 层的GELU函数
已替换 3 层的Softmax函数
已替换 9 层的Softmax函数
  Pair 28: M(C_A)=0.7365 M(C_B)=0.7292 diff=-0.0072 [expected] -- anchor=L4 SM->2 | extra=[7, 8]
已完全恢复原始模型状态
已替换 1 层的GELU函数
已替换 11 层的GELU函数
已替换 12 层的Softmax函数
已完全恢复原始模型状态
已替换 2 层的GELU函数
已替换 10 层的GELU函数
已替换 12 层的Softmax函数
  Pair 29: M(C_A)=0.7220 M(C_B)=0.7220 diff=+0.0000 [expected] -- anchor=L0 GELU->1 | extra=[8]

  Found 7 anomalous candidate pairs out of 30

  Step C: Bootstrap testing top 5 candidates...

    Testing pair 1: anchor=L1 GELU->1 SM->2 | extra=[2, 3]
      paired t-test: p=0.000000 (SIGNIFICANT)
      Mean diff: 0.0110 +/- 0.0097
      Cohen's d: 1.1299

    Testing pair 2: anchor=L9 GELU->1 | extra=[4, 11]
      Wilcoxon signed-rank: p=0.000000 (SIGNIFICANT)
      Mean diff: 0.0088 +/- 0.0065
      Cohen's d: 1.3573

    Testing pair 3: anchor=L1 SM->2 | extra=[8, 9]
      paired t-test: p=0.009025 (SIGNIFICANT)
      Mean diff: 0.0029 +/- 0.0121
      Cohen's d: 0.2417

    Testing pair 4: anchor=L6 SM->2 | extra=[0, 11]
      Wilcoxon signed-rank: p=0.000000 (SIGNIFICANT)
      Mean diff: 0.0034 +/- 0.0037
      Cohen's d: 0.9195

    Testing pair 5: anchor=L3 SM->2 | extra=[0, 4]
      Wilcoxon signed-rank: p=0.000000 (SIGNIFICANT)
      Mean diff: 0.0034 +/- 0.0062
      Cohen's d: 0.5486

============================================================
  Block 1 - Non-Monotonicity Test: WNLI
============================================================
/var/tmp/root-home/miniconda3/envs/llm_ist/lib/python3.10/site-packages/huggingface_hub/file_download.py:942: FutureWarning: `resume_download` is deprecated and will be removed in version 1.0.0. Downloads always resume when possible. If you want to force a new download, use `force_download=True`.
  warnings.warn(

  Step A: Generating 30 degradation pairs...

  Step B: Screening for anomalous pairs (M(C_B) > M(C_A))...
已完全恢复原始模型状态
已替换 1 层的GELU函数
已替换 11 层的GELU函数
已替换 12 层的Softmax函数
You're using a BertTokenizerFast tokenizer. Please note that with a fast tokenizer, using the `__call__` method is faster than using a method to encode the text followed by a call to the `pad` method to get a padded encoding.
已完全恢复原始模型状态
已替换 2 层的GELU函数
已替换 10 层的GELU函数
已替换 12 层的Softmax函数
  Pair 0: M(C_A)=0.5493 M(C_B)=0.5352 diff=-0.0141 [expected] -- anchor=L11 GELU->1 | extra=[9]
已完全恢复原始模型状态
已替换 1 层的GELU函数
已替换 11 层的GELU函数
已替换 12 层的Softmax函数
已完全恢复原始模型状态
已替换 3 层的GELU函数
已替换 9 层的GELU函数
已替换 12 层的Softmax函数
  Pair 1: M(C_A)=0.5493 M(C_B)=0.5493 diff=+0.0000 [expected] -- anchor=L11 GELU->1 | extra=[2, 10]
已完全恢复原始模型状态
已替换 12 层的GELU函数
已替换 1 层的Softmax函数
已替换 11 层的Softmax函数
已完全恢复原始模型状态
已替换 12 层的GELU函数
已替换 3 层的Softmax函数
已替换 9 层的Softmax函数
  Pair 2: M(C_A)=0.5634 M(C_B)=0.5634 diff=+0.0000 [expected] -- anchor=L1 SM->2 | extra=[8, 9]
已完全恢复原始模型状态
已替换 1 层的GELU函数
已替换 11 层的GELU函数
已替换 12 层的Softmax函数
已完全恢复原始模型状态
已替换 3 层的GELU函数
已替换 9 层的GELU函数
已替换 12 层的Softmax函数
  Pair 3: M(C_A)=0.5634 M(C_B)=0.5634 diff=+0.0000 [expected] -- anchor=L10 GELU->1 | extra=[0, 7]
已完全恢复原始模型状态
已替换 12 层的GELU函数
已替换 1 层的Softmax函数
已替换 11 层的Softmax函数
已完全恢复原始模型状态
已替换 12 层的GELU函数
已替换 3 层的Softmax函数
已替换 9 层的Softmax函数
  Pair 4: M(C_A)=0.5634 M(C_B)=0.5634 diff=+0.0000 [expected] -- anchor=L6 SM->2 | extra=[0, 11]
已完全恢复原始模型状态
已替换 1 层的GELU函数
已替换 11 层的GELU函数
已替换 12 层的Softmax函数
已完全恢复原始模型状态
已替换 2 层的GELU函数
已替换 10 层的GELU函数
已替换 12 层的Softmax函数
  Pair 5: M(C_A)=0.5634 M(C_B)=0.5634 diff=+0.0000 [expected] -- anchor=L2 GELU->1 | extra=[0]
已完全恢复原始模型状态
已替换 1 层的GELU函数
已替换 11 层的GELU函数
已替换 1 层的Softmax函数
已替换 11 层的Softmax函数
已完全恢复原始模型状态
已替换 2 层的GELU函数
已替换 10 层的GELU函数
已替换 2 层的Softmax函数
已替换 10 层的Softmax函数
  Pair 6: M(C_A)=0.5634 M(C_B)=0.5634 diff=+0.0000 [expected] -- anchor=L1 GELU->1 SM->2 | extra=[5]
已完全恢复原始模型状态
已替换 12 层的GELU函数
已替换 1 层的Softmax函数
已替换 11 层的Softmax函数
已完全恢复原始模型状态
已替换 12 层的GELU函数
已替换 3 层的Softmax函数
已替换 9 层的Softmax函数
  Pair 7: M(C_A)=0.5634 M(C_B)=0.5634 diff=+0.0000 [expected] -- anchor=L4 SM->2 | extra=[2, 5]
已完全恢复原始模型状态
已替换 1 层的GELU函数
已替换 11 层的GELU函数
已替换 12 层的Softmax函数
已完全恢复原始模型状态
已替换 3 层的GELU函数
已替换 9 层的GELU函数
已替换 12 层的Softmax函数
  Pair 8: M(C_A)=0.5634 M(C_B)=0.5634 diff=+0.0000 [expected] -- anchor=L6 GELU->1 | extra=[1, 3]
已完全恢复原始模型状态
已替换 12 层的GELU函数
已替换 1 层的Softmax函数
已替换 11 层的Softmax函数
已完全恢复原始模型状态
已替换 12 层的GELU函数
已替换 2 层的Softmax函数
已替换 10 层的Softmax函数
  Pair 9: M(C_A)=0.5634 M(C_B)=0.5634 diff=+0.0000 [expected] -- anchor=L5 SM->2 | extra=[10]
已完全恢复原始模型状态
已替换 1 层的GELU函数
已替换 11 层的GELU函数
已替换 12 层的Softmax函数
已完全恢复原始模型状态
已替换 3 层的GELU函数
已替换 9 层的GELU函数
已替换 12 层的Softmax函数
  Pair 10: M(C_A)=0.5634 M(C_B)=0.5634 diff=+0.0000 [expected] -- anchor=L7 GELU->1 | extra=[0, 9]
已完全恢复原始模型状态
已替换 1 层的GELU函数
已替换 11 层的GELU函数
已替换 1 层的Softmax函数
已替换 11 层的Softmax函数
已完全恢复原始模型状态
已替换 3 层的GELU函数
已替换 9 层的GELU函数
已替换 3 层的Softmax函数
已替换 9 层的Softmax函数
  Pair 11: M(C_A)=0.5634 M(C_B)=0.5634 diff=+0.0000 [expected] -- anchor=L1 GELU->1 SM->2 | extra=[2, 3]
已完全恢复原始模型状态
已替换 12 层的GELU函数
已替换 1 层的Softmax函数
已替换 11 层的Softmax函数
已完全恢复原始模型状态
已替换 12 层的GELU函数
已替换 2 层的Softmax函数
已替换 10 层的Softmax函数
  Pair 12: M(C_A)=0.5634 M(C_B)=0.5634 diff=+0.0000 [expected] -- anchor=L11 SM->2 | extra=[10]
已完全恢复原始模型状态
已替换 12 层的GELU函数
已替换 1 层的Softmax函数
已替换 11 层的Softmax函数
已完全恢复原始模型状态
已替换 12 层的GELU函数
已替换 3 层的Softmax函数
已替换 9 层的Softmax函数
  Pair 13: M(C_A)=0.5634 M(C_B)=0.5634 diff=+0.0000 [expected] -- anchor=L4 SM->2 | extra=[6, 7]
已完全恢复原始模型状态
已替换 12 层的GELU函数
已替换 1 层的Softmax函数
已替换 11 层的Softmax函数
已完全恢复原始模型状态
已替换 12 层的GELU函数
已替换 3 层的Softmax函数
已替换 9 层的Softmax函数
  Pair 14: M(C_A)=0.5634 M(C_B)=0.5634 diff=+0.0000 [expected] -- anchor=L9 SM->2 | extra=[3, 10]
已完全恢复原始模型状态
已替换 12 层的GELU函数
已替换 1 层的Softmax函数
已替换 11 层的Softmax函数
已完全恢复原始模型状态
已替换 12 层的GELU函数
已替换 2 层的Softmax函数
已替换 10 层的Softmax函数
  Pair 15: M(C_A)=0.5634 M(C_B)=0.5634 diff=+0.0000 [expected] -- anchor=L2 SM->2 | extra=[9]
已完全恢复原始模型状态
已替换 1 层的GELU函数
已替换 11 层的GELU函数
已替换 12 层的Softmax函数
已完全恢复原始模型状态
已替换 3 层的GELU函数
已替换 9 层的GELU函数
已替换 12 层的Softmax函数
  Pair 16: M(C_A)=0.5493 M(C_B)=0.5352 diff=-0.0141 [expected] -- anchor=L11 GELU->1 | extra=[0, 4]
已完全恢复原始模型状态
已替换 1 层的GELU函数
已替换 11 层的GELU函数
已替换 1 层的Softmax函数
已替换 11 层的Softmax函数
已完全恢复原始模型状态
已替换 2 层的GELU函数
已替换 10 层的GELU函数
已替换 2 层的Softmax函数
已替换 10 层的Softmax函数
  Pair 17: M(C_A)=0.5634 M(C_B)=0.5634 diff=+0.0000 [expected] -- anchor=L5 GELU->1 SM->2 | extra=[8]
已完全恢复原始模型状态
已替换 1 层的GELU函数
已替换 11 层的GELU函数
已替换 1 层的Softmax函数
已替换 11 层的Softmax函数
已完全恢复原始模型状态
已替换 2 层的GELU函数
已替换 10 层的GELU函数
已替换 2 层的Softmax函数
已替换 10 层的Softmax函数
  Pair 18: M(C_A)=0.5634 M(C_B)=0.5634 diff=+0.0000 [expected] -- anchor=L2 GELU->1 SM->2 | extra=[4]
已完全恢复原始模型状态
已替换 1 层的GELU函数
已替换 11 层的GELU函数
已替换 1 层的Softmax函数
已替换 11 层的Softmax函数
已完全恢复原始模型状态
已替换 2 层的GELU函数
已替换 10 层的GELU函数
已替换 2 层的Softmax函数
已替换 10 层的Softmax函数
  Pair 19: M(C_A)=0.5634 M(C_B)=0.5634 diff=+0.0000 [expected] -- anchor=L4 GELU->1 SM->2 | extra=[1]
已完全恢复原始模型状态
已替换 12 层的GELU函数
已替换 1 层的Softmax函数
已替换 11 层的Softmax函数
已完全恢复原始模型状态
已替换 12 层的GELU函数
已替换 2 层的Softmax函数
已替换 10 层的Softmax函数
  Pair 20: M(C_A)=0.5634 M(C_B)=0.5634 diff=+0.0000 [expected] -- anchor=L0 SM->2 | extra=[3]
已完全恢复原始模型状态
已替换 1 层的GELU函数
已替换 11 层的GELU函数
已替换 12 层的Softmax函数
已完全恢复原始模型状态
已替换 2 层的GELU函数
已替换 10 层的GELU函数
已替换 12 层的Softmax函数
  Pair 21: M(C_A)=0.5493 M(C_B)=0.5493 diff=+0.0000 [expected] -- anchor=L11 GELU->1 | extra=[1]
已完全恢复原始模型状态
已替换 1 层的GELU函数
已替换 11 层的GELU函数
已替换 12 层的Softmax函数
已完全恢复原始模型状态
已替换 3 层的GELU函数
已替换 9 层的GELU函数
已替换 12 层的Softmax函数
  Pair 22: M(C_A)=0.5634 M(C_B)=0.5634 diff=+0.0000 [expected] -- anchor=L6 GELU->1 | extra=[0, 3]
已完全恢复原始模型状态
已替换 1 层的GELU函数
已替换 11 层的GELU函数
已替换 1 层的Softmax函数
已替换 11 层的Softmax函数
已完全恢复原始模型状态
已替换 2 层的GELU函数
已替换 10 层的GELU函数
已替换 2 层的Softmax函数
已替换 10 层的Softmax函数
  Pair 23: M(C_A)=0.5634 M(C_B)=0.5634 diff=+0.0000 [expected] -- anchor=L4 GELU->1 SM->2 | extra=[9]
已完全恢复原始模型状态
已替换 1 层的GELU函数
已替换 11 层的GELU函数
已替换 12 层的Softmax函数
已完全恢复原始模型状态
已替换 2 层的GELU函数
已替换 10 层的GELU函数
已替换 12 层的Softmax函数
  Pair 24: M(C_A)=0.5634 M(C_B)=0.5634 diff=+0.0000 [expected] -- anchor=L5 GELU->1 | extra=[1]
已完全恢复原始模型状态
已替换 12 层的GELU函数
已替换 1 层的Softmax函数
已替换 11 层的Softmax函数
已完全恢复原始模型状态
已替换 12 层的GELU函数
已替换 3 层的Softmax函数
已替换 9 层的Softmax函数
  Pair 25: M(C_A)=0.5634 M(C_B)=0.5634 diff=+0.0000 [expected] -- anchor=L3 SM->2 | extra=[0, 4]
已完全恢复原始模型状态
已替换 12 层的GELU函数
已替换 1 层的Softmax函数
已替换 11 层的Softmax函数
已完全恢复原始模型状态
已替换 12 层的GELU函数
已替换 2 层的Softmax函数
已替换 10 层的Softmax函数
  Pair 26: M(C_A)=0.5634 M(C_B)=0.5634 diff=+0.0000 [expected] -- anchor=L11 SM->2 | extra=[8]
已完全恢复原始模型状态
已替换 1 层的GELU函数
已替换 11 层的GELU函数
已替换 12 层的Softmax函数
已完全恢复原始模型状态
已替换 3 层的GELU函数
已替换 9 层的GELU函数
已替换 12 层的Softmax函数
  Pair 27: M(C_A)=0.5634 M(C_B)=0.5352 diff=-0.0282 [expected] -- anchor=L9 GELU->1 | extra=[4, 11]
已完全恢复原始模型状态
已替换 12 层的GELU函数
已替换 1 层的Softmax函数
已替换 11 层的Softmax函数
已完全恢复原始模型状态
已替换 12 层的GELU函数
已替换 3 层的Softmax函数
已替换 9 层的Softmax函数
  Pair 28: M(C_A)=0.5634 M(C_B)=0.5634 diff=+0.0000 [expected] -- anchor=L4 SM->2 | extra=[7, 8]
已完全恢复原始模型状态
已替换 1 层的GELU函数
已替换 11 层的GELU函数
已替换 12 层的Softmax函数
已完全恢复原始模型状态
已替换 2 层的GELU函数
已替换 10 层的GELU函数
已替换 12 层的Softmax函数
  Pair 29: M(C_A)=0.5634 M(C_B)=0.5634 diff=+0.0000 [expected] -- anchor=L0 GELU->1 | extra=[8]

  Found 0 anomalous candidate pairs out of 30

======================================================================
  BLOCK 1 SUMMARY
======================================================================
  Task      Anomalous   Tested  Significant    Total
  --------------------------------------------------
  sst2             14        5            5       30
  cola             15        5            5       30
  mrpc              9        5            5       30
  stsb              6        5            4       30
  mnli             23        5            5       30
  qnli              9        5            5       30
  rte               7        5            5       30
  wnli              0        0            0       30

Block 1 completed. Results in: experiment_results/block1

============================================================
  [4/5] Block 2: ANOVA Interaction Effect
============================================================
/var/tmp/root-home/miniconda3/envs/llm_ist/lib/python3.10/site-packages/transformers/utils/generic.py:441: FutureWarning: `torch.utils._pytree._register_pytree_node` is deprecated. Please use `torch.utils._pytree.register_pytree_node` instead.
  _torch_pytree._register_pytree_node(
/var/tmp/root-home/miniconda3/envs/llm_ist/lib/python3.10/site-packages/transformers/utils/generic.py:309: FutureWarning: `torch.utils._pytree._register_pytree_node` is deprecated. Please use `torch.utils._pytree.register_pytree_node` instead.
  _torch_pytree._register_pytree_node(
/var/tmp/root-home/miniconda3/envs/llm_ist/lib/python3.10/site-packages/transformers/utils/generic.py:309: FutureWarning: `torch.utils._pytree._register_pytree_node` is deprecated. Please use `torch.utils._pytree.register_pytree_node` instead.
  _torch_pytree._register_pytree_node(

============================================================
  Block 2 - ANOVA Interaction Effect: SST2
============================================================
/var/tmp/root-home/miniconda3/envs/llm_ist/lib/python3.10/site-packages/huggingface_hub/file_download.py:942: FutureWarning: `resume_download` is deprecated and will be removed in version 1.0.0. Downloads always resume when possible. If you want to force a new download, use `force_download=True`.
  warnings.warn(

  --- Layer pair: GELU(L1) x Softmax(L5) ---
已完全恢复原始模型状态
已替换 12 层的GELU函数
已替换 12 层的Softmax函数
You're using a BertTokenizerFast tokenizer. Please note that with a fast tokenizer, using the `__call__` method is faster than using a method to encode the text followed by a call to the `pad` method to get a padded encoding.
已完全恢复原始模型状态
已替换 12 层的GELU函数
已替换 12 层的Softmax函数
已完全恢复原始模型状态
已替换 12 层的GELU函数
已替换 1 层的Softmax函数
已替换 11 层的Softmax函数
已完全恢复原始模型状态
已替换 1 层的GELU函数
已替换 11 层的GELU函数
已替换 12 层的Softmax函数
已完全恢复原始模型状态
已替换 1 层的GELU函数
已替换 11 层的GELU函数
已替换 1 层的Softmax函数
已替换 11 层的Softmax函数
    Factor A (GELU):     F=10.58, p=0.0012
    Factor B (Softmax):  F=0.61, p=0.4349
    A*B Interaction:     F=0.37, p=0.5436
    Interaction eta^2:   0.0009

  --- Layer pair: GELU(L3) x Softmax(L8) ---
已完全恢复原始模型状态
已替换 12 层的GELU函数
已替换 12 层的Softmax函数
已完全恢复原始模型状态
已替换 12 层的GELU函数
已替换 12 层的Softmax函数
已完全恢复原始模型状态
已替换 12 层的GELU函数
已替换 1 层的Softmax函数
已替换 11 层的Softmax函数
已完全恢复原始模型状态
已替换 1 层的GELU函数
已替换 11 层的GELU函数
已替换 12 层的Softmax函数
已完全恢复原始模型状态
已替换 1 层的GELU函数
已替换 11 层的GELU函数
已替换 1 层的Softmax函数
已替换 11 层的Softmax函数
    Factor A (GELU):     F=0.13, p=0.7201
    Factor B (Softmax):  F=1.21, p=0.2714
    A*B Interaction:     F=0.63, p=0.4277
    Interaction eta^2:   0.0016

  --- Layer pair: GELU(L0) x Softmax(L11) ---
已完全恢复原始模型状态
已替换 12 层的GELU函数
已替换 12 层的Softmax函数
已完全恢复原始模型状态
已替换 12 层的GELU函数
已替换 12 层的Softmax函数
已完全恢复原始模型状态
已替换 12 层的GELU函数
已替换 1 层的Softmax函数
已替换 11 层的Softmax函数
已完全恢复原始模型状态
已替换 1 层的GELU函数
已替换 11 层的GELU函数
已替换 12 层的Softmax函数
已完全恢复原始模型状态
已替换 1 层的GELU函数
已替换 11 层的GELU函数
已替换 1 层的Softmax函数
已替换 11 层的Softmax函数
    Factor A (GELU):     F=0.19, p=0.6615
    Factor B (Softmax):  F=0.28, p=0.5966
    A*B Interaction:     F=0.42, p=0.5177
    Interaction eta^2:   0.0011

  --- Layer pair: GELU(L6) x Softmax(L10) ---
已完全恢复原始模型状态
已替换 12 层的GELU函数
已替换 12 层的Softmax函数
已完全恢复原始模型状态
已替换 12 层的GELU函数
已替换 12 层的Softmax函数
已完全恢复原始模型状态
已替换 12 层的GELU函数
已替换 1 层的Softmax函数
已替换 11 层的Softmax函数
已完全恢复原始模型状态
已替换 1 层的GELU函数
已替换 11 层的GELU函数
已替换 12 层的Softmax函数
已完全恢复原始模型状态
已替换 1 层的GELU函数
已替换 11 层的GELU函数
已替换 1 层的Softmax函数
已替换 11 层的Softmax函数
    Factor A (GELU):     F=0.01, p=0.9221
    Factor B (Softmax):  F=0.01, p=0.9221
    A*B Interaction:     F=0.01, p=0.9118
    Interaction eta^2:   0.0000
  Saved: experiment_results/block2/block2_interaction_sst2_L1_L5.png
  Saved: experiment_results/block2/block2_interaction_sst2_L3_L8.png
  Saved: experiment_results/block2/block2_interaction_sst2_L0_L11.png
  Saved: experiment_results/block2/block2_interaction_sst2_L6_L10.png

============================================================
  Block 2 - ANOVA Interaction Effect: COLA
============================================================
/var/tmp/root-home/miniconda3/envs/llm_ist/lib/python3.10/site-packages/huggingface_hub/file_download.py:942: FutureWarning: `resume_download` is deprecated and will be removed in version 1.0.0. Downloads always resume when possible. If you want to force a new download, use `force_download=True`.
  warnings.warn(

  --- Layer pair: GELU(L1) x Softmax(L5) ---
已完全恢复原始模型状态
已替换 12 层的GELU函数
已替换 12 层的Softmax函数
You're using a BertTokenizerFast tokenizer. Please note that with a fast tokenizer, using the `__call__` method is faster than using a method to encode the text followed by a call to the `pad` method to get a padded encoding.
已完全恢复原始模型状态
已替换 12 层的GELU函数
已替换 12 层的Softmax函数
已完全恢复原始模型状态
已替换 12 层的GELU函数
已替换 1 层的Softmax函数
已替换 11 层的Softmax函数
已完全恢复原始模型状态
已替换 1 层的GELU函数
已替换 11 层的GELU函数
已替换 12 层的Softmax函数
已完全恢复原始模型状态
已替换 1 层的GELU函数
已替换 11 层的GELU函数
已替换 1 层的Softmax函数
已替换 11 层的Softmax函数
    Factor A (GELU):     F=8.18, p=0.0045
    Factor B (Softmax):  F=4.12, p=0.0430
    A*B Interaction:     F=0.00, p=0.9533
    Interaction eta^2:   0.0000

  --- Layer pair: GELU(L3) x Softmax(L8) ---
已完全恢复原始模型状态
已替换 12 层的GELU函数
已替换 12 层的Softmax函数
已完全恢复原始模型状态
已替换 12 层的GELU函数
已替换 12 层的Softmax函数
已完全恢复原始模型状态
已替换 12 层的GELU函数
已替换 1 层的Softmax函数
已替换 11 层的Softmax函数
已完全恢复原始模型状态
已替换 1 层的GELU函数
已替换 11 层的GELU函数
已替换 12 层的Softmax函数
已完全恢复原始模型状态
已替换 1 层的GELU函数
已替换 11 层的GELU函数
已替换 1 层的Softmax函数
已替换 11 层的Softmax函数
    Factor A (GELU):     F=6.26, p=0.0127
    Factor B (Softmax):  F=4.08, p=0.0441
    A*B Interaction:     F=1.63, p=0.2022
    Interaction eta^2:   0.0040

  --- Layer pair: GELU(L0) x Softmax(L11) ---
已完全恢复原始模型状态
已替换 12 层的GELU函数
已替换 12 层的Softmax函数
已完全恢复原始模型状态
已替换 12 层的GELU函数
已替换 12 层的Softmax函数
已完全恢复原始模型状态
已替换 12 层的GELU函数
已替换 1 层的Softmax函数
已替换 11 层的Softmax函数
已完全恢复原始模型状态
已替换 1 层的GELU函数
已替换 11 层的GELU函数
已替换 12 层的Softmax函数
已完全恢复原始模型状态
已替换 1 层的GELU函数
已替换 11 层的GELU函数
已替换 1 层的Softmax函数
已替换 11 层的Softmax函数
    Factor A (GELU):     F=0.90, p=0.3426
    Factor B (Softmax):  F=0.00, p=0.9617
    A*B Interaction:     F=0.00, p=0.9617
    Interaction eta^2:   0.0000

  --- Layer pair: GELU(L6) x Softmax(L10) ---
已完全恢复原始模型状态
已替换 12 层的GELU函数
已替换 12 层的Softmax函数
已完全恢复原始模型状态
已替换 12 层的GELU函数
已替换 12 层的Softmax函数
已完全恢复原始模型状态
已替换 12 层的GELU函数
已替换 1 层的Softmax函数
已替换 11 层的Softmax函数
已完全恢复原始模型状态
已替换 1 层的GELU函数
已替换 11 层的GELU函数
已替换 12 层的Softmax函数
已完全恢复原始模型状态
已替换 1 层的GELU函数
已替换 11 层的GELU函数
已替换 1 层的Softmax函数
已替换 11 层的Softmax函数
    Factor A (GELU):     F=4.15, p=0.0424
    Factor B (Softmax):  F=1.05, p=0.3057
    A*B Interaction:     F=0.04, p=0.8479
    Interaction eta^2:   0.0001
  Saved: experiment_results/block2/block2_interaction_cola_L1_L5.png
  Saved: experiment_results/block2/block2_interaction_cola_L3_L8.png
  Saved: experiment_results/block2/block2_interaction_cola_L0_L11.png
  Saved: experiment_results/block2/block2_interaction_cola_L6_L10.png

============================================================
  Block 2 - ANOVA Interaction Effect: MRPC
============================================================
/var/tmp/root-home/miniconda3/envs/llm_ist/lib/python3.10/site-packages/huggingface_hub/file_download.py:942: FutureWarning: `resume_download` is deprecated and will be removed in version 1.0.0. Downloads always resume when possible. If you want to force a new download, use `force_download=True`.
  warnings.warn(

  --- Layer pair: GELU(L1) x Softmax(L5) ---
已完全恢复原始模型状态
已替换 12 层的GELU函数
已替换 12 层的Softmax函数
You're using a BertTokenizerFast tokenizer. Please note that with a fast tokenizer, using the `__call__` method is faster than using a method to encode the text followed by a call to the `pad` method to get a padded encoding.
已完全恢复原始模型状态
已替换 12 层的GELU函数
已替换 12 层的Softmax函数
已完全恢复原始模型状态
已替换 12 层的GELU函数
已替换 1 层的Softmax函数
已替换 11 层的Softmax函数
已完全恢复原始模型状态
已替换 1 层的GELU函数
已替换 11 层的GELU函数
已替换 12 层的Softmax函数
已完全恢复原始模型状态
已替换 1 层的GELU函数
已替换 11 层的GELU函数
已替换 1 层的Softmax函数
已替换 11 层的Softmax函数
    Factor A (GELU):     F=0.63, p=0.4292
    Factor B (Softmax):  F=6.52, p=0.0110
    A*B Interaction:     F=12.95, p=0.0004
    Interaction eta^2:   0.0311

  --- Layer pair: GELU(L3) x Softmax(L8) ---
已完全恢复原始模型状态
已替换 12 层的GELU函数
已替换 12 层的Softmax函数
已完全恢复原始模型状态
已替换 12 层的GELU函数
已替换 12 层的Softmax函数
已完全恢复原始模型状态
已替换 12 层的GELU函数
已替换 1 层的Softmax函数
已替换 11 层的Softmax函数
已完全恢复原始模型状态
已替换 1 层的GELU函数
已替换 11 层的GELU函数
已替换 12 层的Softmax函数
已完全恢复原始模型状态
已替换 1 层的GELU函数
已替换 11 层的GELU函数
已替换 1 层的Softmax函数
已替换 11 层的Softmax函数
    Factor A (GELU):     F=5.06, p=0.0250
    Factor B (Softmax):  F=6.96, p=0.0086
    A*B Interaction:     F=0.53, p=0.4688
    Interaction eta^2:   0.0013

  --- Layer pair: GELU(L0) x Softmax(L11) ---
已完全恢复原始模型状态
已替换 12 层的GELU函数
已替换 12 层的Softmax函数
已完全恢复原始模型状态
已替换 12 层的GELU函数
已替换 12 层的Softmax函数
已完全恢复原始模型状态
已替换 12 层的GELU函数
已替换 1 层的Softmax函数
已替换 11 层的Softmax函数
已完全恢复原始模型状态
已替换 1 层的GELU函数
已替换 11 层的GELU函数
已替换 12 层的Softmax函数
已完全恢复原始模型状态
已替换 1 层的GELU函数
已替换 11 层的GELU函数
已替换 1 层的Softmax函数
已替换 11 层的Softmax函数
    Factor A (GELU):     F=2.37, p=0.1246
    Factor B (Softmax):  F=2.46, p=0.1175
    A*B Interaction:     F=0.00, p=0.9940
    Interaction eta^2:   0.0000

  --- Layer pair: GELU(L6) x Softmax(L10) ---
已完全恢复原始模型状态
已替换 12 层的GELU函数
已替换 12 层的Softmax函数
已完全恢复原始模型状态
已替换 12 层的GELU函数
已替换 12 层的Softmax函数
已完全恢复原始模型状态
已替换 12 层的GELU函数
已替换 1 层的Softmax函数
已替换 11 层的Softmax函数
已完全恢复原始模型状态
已替换 1 层的GELU函数
已替换 11 层的GELU函数
已替换 12 层的Softmax函数
已完全恢复原始模型状态
已替换 1 层的GELU函数
已替换 11 层的GELU函数
已替换 1 层的Softmax函数
已替换 11 层的Softmax函数
    Factor A (GELU):     F=0.34, p=0.5598
    Factor B (Softmax):  F=4.04, p=0.0452
    A*B Interaction:     F=0.84, p=0.3596
    Interaction eta^2:   0.0021
  Saved: experiment_results/block2/block2_interaction_mrpc_L1_L5.png
  Saved: experiment_results/block2/block2_interaction_mrpc_L3_L8.png
  Saved: experiment_results/block2/block2_interaction_mrpc_L0_L11.png
  Saved: experiment_results/block2/block2_interaction_mrpc_L6_L10.png

============================================================
  Block 2 - ANOVA Interaction Effect: STSB
============================================================
/var/tmp/root-home/miniconda3/envs/llm_ist/lib/python3.10/site-packages/huggingface_hub/file_download.py:942: FutureWarning: `resume_download` is deprecated and will be removed in version 1.0.0. Downloads always resume when possible. If you want to force a new download, use `force_download=True`.
  warnings.warn(

  --- Layer pair: GELU(L1) x Softmax(L5) ---
已完全恢复原始模型状态
已替换 12 层的GELU函数
已替换 12 层的Softmax函数
You're using a BertTokenizerFast tokenizer. Please note that with a fast tokenizer, using the `__call__` method is faster than using a method to encode the text followed by a call to the `pad` method to get a padded encoding.
已完全恢复原始模型状态
已替换 12 层的GELU函数
已替换 12 层的Softmax函数
已完全恢复原始模型状态
已替换 12 层的GELU函数
已替换 1 层的Softmax函数
已替换 11 层的Softmax函数
已完全恢复原始模型状态
已替换 1 层的GELU函数
已替换 11 层的GELU函数
已替换 12 层的Softmax函数
已完全恢复原始模型状态
已替换 1 层的GELU函数
已替换 11 层的GELU函数
已替换 1 层的Softmax函数
已替换 11 层的Softmax函数
    Factor A (GELU):     F=4.66, p=0.0315
    Factor B (Softmax):  F=1.71, p=0.1917
    A*B Interaction:     F=0.02, p=0.8760
    Interaction eta^2:   0.0001

  --- Layer pair: GELU(L3) x Softmax(L8) ---
已完全恢复原始模型状态
已替换 12 层的GELU函数
已替换 12 层的Softmax函数
已完全恢复原始模型状态
已替换 12 层的GELU函数
已替换 12 层的Softmax函数
已完全恢复原始模型状态
已替换 12 层的GELU函数
已替换 1 层的Softmax函数
已替换 11 层的Softmax函数
已完全恢复原始模型状态
已替换 1 层的GELU函数
已替换 11 层的GELU函数
已替换 12 层的Softmax函数
已完全恢复原始模型状态
已替换 1 层的GELU函数
已替换 11 层的GELU函数
已替换 1 层的Softmax函数
已替换 11 层的Softmax函数
    Factor A (GELU):     F=0.30, p=0.5818
    Factor B (Softmax):  F=0.00, p=0.9950
    A*B Interaction:     F=0.01, p=0.9254
    Interaction eta^2:   0.0000

  --- Layer pair: GELU(L0) x Softmax(L11) ---
已完全恢复原始模型状态
已替换 12 层的GELU函数
已替换 12 层的Softmax函数
已完全恢复原始模型状态
已替换 12 层的GELU函数
已替换 12 层的Softmax函数
已完全恢复原始模型状态
已替换 12 层的GELU函数
已替换 1 层的Softmax函数
已替换 11 层的Softmax函数
已完全恢复原始模型状态
已替换 1 层的GELU函数
已替换 11 层的GELU函数
已替换 12 层的Softmax函数
已完全恢复原始模型状态
已替换 1 层的GELU函数
已替换 11 层的GELU函数
已替换 1 层的Softmax函数
已替换 11 层的Softmax函数
    Factor A (GELU):     F=0.17, p=0.6812
    Factor B (Softmax):  F=0.29, p=0.5880
    A*B Interaction:     F=0.00, p=0.9941
    Interaction eta^2:   0.0000

  --- Layer pair: GELU(L6) x Softmax(L10) ---
已完全恢复原始模型状态
已替换 12 层的GELU函数
已替换 12 层的Softmax函数
已完全恢复原始模型状态
已替换 12 层的GELU函数
已替换 12 层的Softmax函数
已完全恢复原始模型状态
已替换 12 层的GELU函数
已替换 1 层的Softmax函数
已替换 11 层的Softmax函数
已完全恢复原始模型状态
已替换 1 层的GELU函数
已替换 11 层的GELU函数
已替换 12 层的Softmax函数
已完全恢复原始模型状态
已替换 1 层的GELU函数
已替换 11 层的GELU函数
已替换 1 层的Softmax函数
已替换 11 层的Softmax函数
    Factor A (GELU):     F=0.23, p=0.6349
    Factor B (Softmax):  F=0.67, p=0.4129
    A*B Interaction:     F=0.01, p=0.9181
    Interaction eta^2:   0.0000
  Saved: experiment_results/block2/block2_interaction_stsb_L1_L5.png
  Saved: experiment_results/block2/block2_interaction_stsb_L3_L8.png
  Saved: experiment_results/block2/block2_interaction_stsb_L0_L11.png
  Saved: experiment_results/block2/block2_interaction_stsb_L6_L10.png

============================================================
  Block 2 - ANOVA Interaction Effect: MNLI
============================================================
/var/tmp/root-home/miniconda3/envs/llm_ist/lib/python3.10/site-packages/huggingface_hub/file_download.py:942: FutureWarning: `resume_download` is deprecated and will be removed in version 1.0.0. Downloads always resume when possible. If you want to force a new download, use `force_download=True`.
  warnings.warn(

  --- Layer pair: GELU(L1) x Softmax(L5) ---
已完全恢复原始模型状态
已替换 12 层的GELU函数
已替换 12 层的Softmax函数
You're using a BertTokenizerFast tokenizer. Please note that with a fast tokenizer, using the `__call__` method is faster than using a method to encode the text followed by a call to the `pad` method to get a padded encoding.
已完全恢复原始模型状态
已替换 12 层的GELU函数
已替换 12 层的Softmax函数
已完全恢复原始模型状态
已替换 12 层的GELU函数
已替换 1 层的Softmax函数
已替换 11 层的Softmax函数
已完全恢复原始模型状态
已替换 1 层的GELU函数
已替换 11 层的GELU函数
已替换 12 层的Softmax函数
已完全恢复原始模型状态
已替换 1 层的GELU函数
已替换 11 层的GELU函数
已替换 1 层的Softmax函数
已替换 11 层的Softmax函数
    Factor A (GELU):     F=0.88, p=0.3475
    Factor B (Softmax):  F=38.89, p=0.0000
    A*B Interaction:     F=0.45, p=0.5033
    Interaction eta^2:   0.0010

  --- Layer pair: GELU(L3) x Softmax(L8) ---
已完全恢复原始模型状态
已替换 12 层的GELU函数
已替换 12 层的Softmax函数
已完全恢复原始模型状态
已替换 12 层的GELU函数
已替换 12 层的Softmax函数
已完全恢复原始模型状态
已替换 12 层的GELU函数
已替换 1 层的Softmax函数
已替换 11 层的Softmax函数
已完全恢复原始模型状态
已替换 1 层的GELU函数
已替换 11 层的GELU函数
已替换 12 层的Softmax函数
已完全恢复原始模型状态
已替换 1 层的GELU函数
已替换 11 层的GELU函数
已替换 1 层的Softmax函数
已替换 11 层的Softmax函数
    Factor A (GELU):     F=13.11, p=0.0003
    Factor B (Softmax):  F=41.02, p=0.0000
    A*B Interaction:     F=0.56, p=0.4552
    Interaction eta^2:   0.0012

  --- Layer pair: GELU(L0) x Softmax(L11) ---
已完全恢复原始模型状态
已替换 12 层的GELU函数
已替换 12 层的Softmax函数
已完全恢复原始模型状态
已替换 12 层的GELU函数
已替换 12 层的Softmax函数
已完全恢复原始模型状态
已替换 12 层的GELU函数
已替换 1 层的Softmax函数
已替换 11 层的Softmax函数
已完全恢复原始模型状态
已替换 1 层的GELU函数
已替换 11 层的GELU函数
已替换 12 层的Softmax函数
已完全恢复原始模型状态
已替换 1 层的GELU函数
已替换 11 层的GELU函数
已替换 1 层的Softmax函数
已替换 11 层的Softmax函数
    Factor A (GELU):     F=0.39, p=0.5347
    Factor B (Softmax):  F=4.57, p=0.0331
    A*B Interaction:     F=1.97, p=0.1608
    Interaction eta^2:   0.0049

  --- Layer pair: GELU(L6) x Softmax(L10) ---
已完全恢复原始模型状态
已替换 12 层的GELU函数
已替换 12 层的Softmax函数
已完全恢复原始模型状态
已替换 12 层的GELU函数
已替换 12 层的Softmax函数
已完全恢复原始模型状态
已替换 12 层的GELU函数
已替换 1 层的Softmax函数
已替换 11 层的Softmax函数
已完全恢复原始模型状态
已替换 1 层的GELU函数
已替换 11 层的GELU函数
已替换 12 层的Softmax函数
已完全恢复原始模型状态
已替换 1 层的GELU函数
已替换 11 层的GELU函数
已替换 1 层的Softmax函数
已替换 11 层的Softmax函数
    Factor A (GELU):     F=47.37, p=0.0000
    Factor B (Softmax):  F=18.93, p=0.0000
    A*B Interaction:     F=10.85, p=0.0011
    Interaction eta^2:   0.0229
  Saved: experiment_results/block2/block2_interaction_mnli_L1_L5.png
  Saved: experiment_results/block2/block2_interaction_mnli_L3_L8.png
  Saved: experiment_results/block2/block2_interaction_mnli_L0_L11.png
  Saved: experiment_results/block2/block2_interaction_mnli_L6_L10.png

============================================================
  Block 2 - ANOVA Interaction Effect: QNLI
============================================================
/var/tmp/root-home/miniconda3/envs/llm_ist/lib/python3.10/site-packages/huggingface_hub/file_download.py:942: FutureWarning: `resume_download` is deprecated and will be removed in version 1.0.0. Downloads always resume when possible. If you want to force a new download, use `force_download=True`.
  warnings.warn(

  --- Layer pair: GELU(L1) x Softmax(L5) ---
已完全恢复原始模型状态
已替换 12 层的GELU函数
已替换 12 层的Softmax函数
You're using a BertTokenizerFast tokenizer. Please note that with a fast tokenizer, using the `__call__` method is faster than using a method to encode the text followed by a call to the `pad` method to get a padded encoding.
已完全恢复原始模型状态
已替换 12 层的GELU函数
已替换 12 层的Softmax函数
已完全恢复原始模型状态
已替换 12 层的GELU函数
已替换 1 层的Softmax函数
已替换 11 层的Softmax函数
已完全恢复原始模型状态
已替换 1 层的GELU函数
已替换 11 层的GELU函数
已替换 12 层的Softmax函数
已完全恢复原始模型状态
已替换 1 层的GELU函数
已替换 11 层的GELU函数
已替换 1 层的Softmax函数
已替换 11 层的Softmax函数
    Factor A (GELU):     F=6.98, p=0.0086
    Factor B (Softmax):  F=1.58, p=0.2088
    A*B Interaction:     F=0.01, p=0.9281
    Interaction eta^2:   0.0000

  --- Layer pair: GELU(L3) x Softmax(L8) ---
已完全恢复原始模型状态
已替换 12 层的GELU函数
已替换 12 层的Softmax函数
已完全恢复原始模型状态
已替换 12 层的GELU函数
已替换 12 层的Softmax函数
已完全恢复原始模型状态
已替换 12 层的GELU函数
已替换 1 层的Softmax函数
已替换 11 层的Softmax函数
已完全恢复原始模型状态
已替换 1 层的GELU函数
已替换 11 层的GELU函数
已替换 12 层的Softmax函数
已完全恢复原始模型状态
已替换 1 层的GELU函数
已替换 11 层的GELU函数
已替换 1 层的Softmax函数
已替换 11 层的Softmax函数
    Factor A (GELU):     F=0.54, p=0.4638
    Factor B (Softmax):  F=3.50, p=0.0620
    A*B Interaction:     F=0.14, p=0.7063
    Interaction eta^2:   0.0004

  --- Layer pair: GELU(L0) x Softmax(L11) ---
已完全恢复原始模型状态
已替换 12 层的GELU函数
已替换 12 层的Softmax函数
已完全恢复原始模型状态
已替换 12 层的GELU函数
已替换 12 层的Softmax函数
已完全恢复原始模型状态
已替换 12 层的GELU函数
已替换 1 层的Softmax函数
已替换 11 层的Softmax函数
已完全恢复原始模型状态
已替换 1 层的GELU函数
已替换 11 层的GELU函数
已替换 12 层的Softmax函数
已完全恢复原始模型状态
已替换 1 层的GELU函数
已替换 11 层的GELU函数
已替换 1 层的Softmax函数
已替换 11 层的Softmax函数
    Factor A (GELU):     F=0.57, p=0.4501
    Factor B (Softmax):  F=1.96, p=0.1619
    A*B Interaction:     F=0.85, p=0.3577
    Interaction eta^2:   0.0021

  --- Layer pair: GELU(L6) x Softmax(L10) ---
已完全恢复原始模型状态
已替换 12 层的GELU函数
已替换 12 层的Softmax函数
已完全恢复原始模型状态
已替换 12 层的GELU函数
已替换 12 层的Softmax函数
已完全恢复原始模型状态
已替换 12 层的GELU函数
已替换 1 层的Softmax函数
已替换 11 层的Softmax函数
已完全恢复原始模型状态
已替换 1 层的GELU函数
已替换 11 层的GELU函数
已替换 12 层的Softmax函数
已完全恢复原始模型状态
已替换 1 层的GELU函数
已替换 11 层的GELU函数
已替换 1 层的Softmax函数
已替换 11 层的Softmax函数
    Factor A (GELU):     F=26.33, p=0.0000
    Factor B (Softmax):  F=1.72, p=0.1906
    A*B Interaction:     F=0.14, p=0.7060
    Interaction eta^2:   0.0003
  Saved: experiment_results/block2/block2_interaction_qnli_L1_L5.png
  Saved: experiment_results/block2/block2_interaction_qnli_L3_L8.png
  Saved: experiment_results/block2/block2_interaction_qnli_L0_L11.png
  Saved: experiment_results/block2/block2_interaction_qnli_L6_L10.png

============================================================
  Block 2 - ANOVA Interaction Effect: RTE
============================================================
/var/tmp/root-home/miniconda3/envs/llm_ist/lib/python3.10/site-packages/huggingface_hub/file_download.py:942: FutureWarning: `resume_download` is deprecated and will be removed in version 1.0.0. Downloads always resume when possible. If you want to force a new download, use `force_download=True`.
  warnings.warn(

  --- Layer pair: GELU(L1) x Softmax(L5) ---
已完全恢复原始模型状态
已替换 12 层的GELU函数
已替换 12 层的Softmax函数
You're using a BertTokenizerFast tokenizer. Please note that with a fast tokenizer, using the `__call__` method is faster than using a method to encode the text followed by a call to the `pad` method to get a padded encoding.
已完全恢复原始模型状态
已替换 12 层的GELU函数
已替换 12 层的Softmax函数
已完全恢复原始模型状态
已替换 12 层的GELU函数
已替换 1 层的Softmax函数
已替换 11 层的Softmax函数
已完全恢复原始模型状态
已替换 1 层的GELU函数
已替换 11 层的GELU函数
已替换 12 层的Softmax函数
已完全恢复原始模型状态
已替换 1 层的GELU函数
已替换 11 层的GELU函数
已替换 1 层的Softmax函数
已替换 11 层的Softmax函数
    Factor A (GELU):     F=2.55, p=0.1113
    Factor B (Softmax):  F=0.27, p=0.6067
    A*B Interaction:     F=0.28, p=0.5979
    Interaction eta^2:   0.0007

  --- Layer pair: GELU(L3) x Softmax(L8) ---
已完全恢复原始模型状态
已替换 12 层的GELU函数
已替换 12 层的Softmax函数
已完全恢复原始模型状态
已替换 12 层的GELU函数
已替换 12 层的Softmax函数
已完全恢复原始模型状态
已替换 12 层的GELU函数
已替换 1 层的Softmax函数
已替换 11 层的Softmax函数
已完全恢复原始模型状态
已替换 1 层的GELU函数
已替换 11 层的GELU函数
已替换 12 层的Softmax函数
已完全恢复原始模型状态
已替换 1 层的GELU函数
已替换 11 层的GELU函数
已替换 1 层的Softmax函数
已替换 11 层的Softmax函数
    Factor A (GELU):     F=0.25, p=0.6173
    Factor B (Softmax):  F=4.31, p=0.0386
    A*B Interaction:     F=0.32, p=0.5740
    Interaction eta^2:   0.0008

  --- Layer pair: GELU(L0) x Softmax(L11) ---
已完全恢复原始模型状态
已替换 12 层的GELU函数
已替换 12 层的Softmax函数
已完全恢复原始模型状态
已替换 12 层的GELU函数
已替换 12 层的Softmax函数
已完全恢复原始模型状态
已替换 12 层的GELU函数
已替换 1 层的Softmax函数
已替换 11 层的Softmax函数
已完全恢复原始模型状态
已替换 1 层的GELU函数
已替换 11 层的GELU函数
已替换 12 层的Softmax函数
已完全恢复原始模型状态
已替换 1 层的GELU函数
已替换 11 层的GELU函数
已替换 1 层的Softmax函数
已替换 11 层的Softmax函数
    Factor A (GELU):     F=1.32, p=0.2515
    Factor B (Softmax):  F=4.62, p=0.0321
    A*B Interaction:     F=0.02, p=0.8932
    Interaction eta^2:   0.0000

  --- Layer pair: GELU(L6) x Softmax(L10) ---
已完全恢复原始模型状态
已替换 12 层的GELU函数
已替换 12 层的Softmax函数
已完全恢复原始模型状态
已替换 12 层的GELU函数
已替换 12 层的Softmax函数
已完全恢复原始模型状态
已替换 12 层的GELU函数
已替换 1 层的Softmax函数
已替换 11 层的Softmax函数
已完全恢复原始模型状态
已替换 1 层的GELU函数
已替换 11 层的GELU函数
已替换 12 层的Softmax函数
已完全恢复原始模型状态
已替换 1 层的GELU函数
已替换 11 层的GELU函数
已替换 1 层的Softmax函数
已替换 11 层的Softmax函数
    Factor A (GELU):     F=0.02, p=0.9016
    Factor B (Softmax):  F=23.64, p=0.0000
    A*B Interaction:     F=1.41, p=0.2357
    Interaction eta^2:   0.0033
  Saved: experiment_results/block2/block2_interaction_rte_L1_L5.png
  Saved: experiment_results/block2/block2_interaction_rte_L3_L8.png
  Saved: experiment_results/block2/block2_interaction_rte_L0_L11.png
  Saved: experiment_results/block2/block2_interaction_rte_L6_L10.png

============================================================
  Block 2 - ANOVA Interaction Effect: WNLI
============================================================
/var/tmp/root-home/miniconda3/envs/llm_ist/lib/python3.10/site-packages/huggingface_hub/file_download.py:942: FutureWarning: `resume_download` is deprecated and will be removed in version 1.0.0. Downloads always resume when possible. If you want to force a new download, use `force_download=True`.
  warnings.warn(

  --- Layer pair: GELU(L1) x Softmax(L5) ---
已完全恢复原始模型状态
已替换 12 层的GELU函数
已替换 12 层的Softmax函数
You're using a BertTokenizerFast tokenizer. Please note that with a fast tokenizer, using the `__call__` method is faster than using a method to encode the text followed by a call to the `pad` method to get a padded encoding.
已完全恢复原始模型状态
已替换 12 层的GELU函数
已替换 12 层的Softmax函数
已完全恢复原始模型状态
已替换 12 层的GELU函数
已替换 1 层的Softmax函数
已替换 11 层的Softmax函数
已完全恢复原始模型状态
已替换 1 层的GELU函数
已替换 11 层的GELU函数
已替换 12 层的Softmax函数
已完全恢复原始模型状态
已替换 1 层的GELU函数
已替换 11 层的GELU函数
已替换 1 层的Softmax函数
已替换 11 层的Softmax函数
    Factor A (GELU):     F=0.00, p=1.0000
    Factor B (Softmax):  F=0.00, p=1.0000
    A*B Interaction:     F=0.00, p=1.0000
    Interaction eta^2:   0.0000

  --- Layer pair: GELU(L3) x Softmax(L8) ---
已完全恢复原始模型状态
已替换 12 层的GELU函数
已替换 12 层的Softmax函数
已完全恢复原始模型状态
已替换 12 层的GELU函数
已替换 12 层的Softmax函数
已完全恢复原始模型状态
已替换 12 层的GELU函数
已替换 1 层的Softmax函数
已替换 11 层的Softmax函数
已完全恢复原始模型状态
已替换 1 层的GELU函数
已替换 11 层的GELU函数
已替换 12 层的Softmax函数
已完全恢复原始模型状态
已替换 1 层的GELU函数
已替换 11 层的GELU函数
已替换 1 层的Softmax函数
已替换 11 层的Softmax函数
    Factor A (GELU):     F=0.00, p=1.0000
    Factor B (Softmax):  F=0.00, p=1.0000
    A*B Interaction:     F=0.00, p=1.0000
    Interaction eta^2:   0.0000

  --- Layer pair: GELU(L0) x Softmax(L11) ---
已完全恢复原始模型状态
已替换 12 层的GELU函数
已替换 12 层的Softmax函数
已完全恢复原始模型状态
已替换 12 层的GELU函数
已替换 12 层的Softmax函数
已完全恢复原始模型状态
已替换 12 层的GELU函数
已替换 1 层的Softmax函数
已替换 11 层的Softmax函数
已完全恢复原始模型状态
已替换 1 层的GELU函数
已替换 11 层的GELU函数
已替换 12 层的Softmax函数
已完全恢复原始模型状态
已替换 1 层的GELU函数
已替换 11 层的GELU函数
已替换 1 层的Softmax函数
已替换 11 层的Softmax函数
    Factor A (GELU):     F=0.00, p=1.0000
    Factor B (Softmax):  F=0.00, p=1.0000
    A*B Interaction:     F=0.00, p=1.0000
    Interaction eta^2:   0.0000

  --- Layer pair: GELU(L6) x Softmax(L10) ---
已完全恢复原始模型状态
已替换 12 层的GELU函数
已替换 12 层的Softmax函数
已完全恢复原始模型状态
已替换 12 层的GELU函数
已替换 12 层的Softmax函数
已完全恢复原始模型状态
已替换 12 层的GELU函数
已替换 1 层的Softmax函数
已替换 11 层的Softmax函数
已完全恢复原始模型状态
已替换 1 层的GELU函数
已替换 11 层的GELU函数
已替换 12 层的Softmax函数
已完全恢复原始模型状态
已替换 1 层的GELU函数
已替换 11 层的GELU函数
已替换 1 层的Softmax函数
已替换 11 层的Softmax函数
    Factor A (GELU):     F=0.00, p=1.0000
    Factor B (Softmax):  F=0.00, p=1.0000
    A*B Interaction:     F=0.00, p=1.0000
    Interaction eta^2:   0.0000
  Saved: experiment_results/block2/block2_interaction_wnli_L1_L5.png
  Saved: experiment_results/block2/block2_interaction_wnli_L3_L8.png
  Saved: experiment_results/block2/block2_interaction_wnli_L0_L11.png
  Saved: experiment_results/block2/block2_interaction_wnli_L6_L10.png

======================================================================
  BLOCK 2 SUMMARY - Interaction Effects
======================================================================
  Task     Pair          A*B F      A*B p    eta^2   Sig
  -------------------------------------------------------
  sst2     L1-L5          0.37     0.5436   0.0009      
  sst2     L3-L8          0.63     0.4277   0.0016      
  sst2     L0-L11         0.42     0.5177   0.0011      
  sst2     L6-L10         0.01     0.9118   0.0000      
  cola     L1-L5          0.00     0.9533   0.0000      
  cola     L3-L8          1.63     0.2022   0.0040      
  cola     L0-L11         0.00     0.9617   0.0000      
  cola     L6-L10         0.04     0.8479   0.0001      
  mrpc     L1-L5         12.95     0.0004   0.0311     *
  mrpc     L3-L8          0.53     0.4688   0.0013      
  mrpc     L0-L11         0.00     0.9940   0.0000      
  mrpc     L6-L10         0.84     0.3596   0.0021      
  stsb     L1-L5          0.02     0.8760   0.0001      
  stsb     L3-L8          0.01     0.9254   0.0000      
  stsb     L0-L11         0.00     0.9941   0.0000      
  stsb     L6-L10         0.01     0.9181   0.0000      
  mnli     L1-L5          0.45     0.5033   0.0010      
  mnli     L3-L8          0.56     0.4552   0.0012      
  mnli     L0-L11         1.97     0.1608   0.0049      
  mnli     L6-L10        10.85     0.0011   0.0229     *
  qnli     L1-L5          0.01     0.9281   0.0000      
  qnli     L3-L8          0.14     0.7063   0.0004      
  qnli     L0-L11         0.85     0.3577   0.0021      
  qnli     L6-L10         0.14     0.7060   0.0003      
  rte      L1-L5          0.28     0.5979   0.0007      
  rte      L3-L8          0.32     0.5740   0.0008      
  rte      L0-L11         0.02     0.8932   0.0000      
  rte      L6-L10         1.41     0.2357   0.0033      
  wnli     L1-L5          0.00     1.0000   0.0000      
  wnli     L3-L8          0.00     1.0000   0.0000      
  wnli     L0-L11         0.00     1.0000   0.0000      
  wnli     L6-L10         0.00     1.0000   0.0000      

Block 2 completed. Results in: experiment_results/block2

============================================================
  [5/5] Block 3: Cross-Task Robustness Analysis
============================================================
/var/tmp/root-home/miniconda3/envs/llm_ist/lib/python3.10/site-packages/transformers/utils/generic.py:441: FutureWarning: `torch.utils._pytree._register_pytree_node` is deprecated. Please use `torch.utils._pytree.register_pytree_node` instead.
  _torch_pytree._register_pytree_node(
/var/tmp/root-home/miniconda3/envs/llm_ist/lib/python3.10/site-packages/transformers/utils/generic.py:309: FutureWarning: `torch.utils._pytree._register_pytree_node` is deprecated. Please use `torch.utils._pytree.register_pytree_node` instead.
  _torch_pytree._register_pytree_node(
/var/tmp/root-home/miniconda3/envs/llm_ist/lib/python3.10/site-packages/transformers/utils/generic.py:309: FutureWarning: `torch.utils._pytree._register_pytree_node` is deprecated. Please use `torch.utils._pytree.register_pytree_node` instead.
  _torch_pytree._register_pytree_node(
Testing 14 configurations across 8 tasks

  Evaluating task: SST2
/var/tmp/root-home/miniconda3/envs/llm_ist/lib/python3.10/site-packages/huggingface_hub/file_download.py:942: FutureWarning: `resume_download` is deprecated and will be removed in version 1.0.0. Downloads always resume when possible. If you want to force a new download, use `force_download=True`.
  warnings.warn(
已完全恢复原始模型状态
已替换 12 层的GELU函数
已替换 12 层的Softmax函数
You're using a BertTokenizerFast tokenizer. Please note that with a fast tokenizer, using the `__call__` method is faster than using a method to encode the text followed by a call to the `pad` method to get a padded encoding.
    C0_baseline                   : accuracy=0.9232
已完全恢复原始模型状态
已替换 1 层的GELU函数
已替换 11 层的GELU函数
已替换 12 层的Softmax函数
    C_gelu_L0                     : accuracy=0.9232
已完全恢复原始模型状态
已替换 1 层的GELU函数
已替换 11 层的GELU函数
已替换 12 层的Softmax函数
    C_gelu_L3                     : accuracy=0.9220
已完全恢复原始模型状态
已替换 1 层的GELU函数
已替换 11 层的GELU函数
已替换 12 层的Softmax函数
    C_gelu_L6                     : accuracy=0.9232
已完全恢复原始模型状态
已替换 1 层的GELU函数
已替换 11 层的GELU函数
已替换 12 层的Softmax函数
    C_gelu_L11                    : accuracy=0.9232
已完全恢复原始模型状态
已替换 12 层的GELU函数
已替换 1 层的Softmax函数
已替换 11 层的Softmax函数
    C_sm_L1                       : accuracy=0.9232
已完全恢复原始模型状态
已替换 12 层的GELU函数
已替换 1 层的Softmax函数
已替换 11 层的Softmax函数
    C_sm_L5                       : accuracy=0.9232
已完全恢复原始模型状态
已替换 12 层的GELU函数
已替换 1 层的Softmax函数
已替换 11 层的Softmax函数
    C_sm_L8                       : accuracy=0.9232
已完全恢复原始模型状态
已替换 12 层的GELU函数
已替换 1 层的Softmax函数
已替换 11 层的Softmax函数
    C_sm_L10                      : accuracy=0.9232
已完全恢复原始模型状态
已替换 1 层的GELU函数
已替换 11 层的GELU函数
已替换 1 层的Softmax函数
已替换 11 层的Softmax函数
    C_joint_G1_S5                 : accuracy=0.9255
已完全恢复原始模型状态
已替换 1 层的GELU函数
已替换 11 层的GELU函数
已替换 1 层的Softmax函数
已替换 11 层的Softmax函数
    C_joint_G3_S8                 : accuracy=0.9232
已完全恢复原始模型状态
已替换 1 层的GELU函数
已替换 11 层的GELU函数
已替换 1 层的Softmax函数
已替换 11 层的Softmax函数
    C_joint_G0_S11                : accuracy=0.9220
已完全恢复原始模型状态
已替换 12 层的GELU函数
已替换 12 层的Softmax函数
    C_all_low                     : accuracy=0.9186
已完全恢复原始模型状态
已替换 12 层的GELU函数
已替换 12 层的Softmax函数
    C_mid_approx                  : accuracy=0.9232

  Evaluating task: COLA
/var/tmp/root-home/miniconda3/envs/llm_ist/lib/python3.10/site-packages/huggingface_hub/file_download.py:942: FutureWarning: `resume_download` is deprecated and will be removed in version 1.0.0. Downloads always resume when possible. If you want to force a new download, use `force_download=True`.
  warnings.warn(
已完全恢复原始模型状态
已替换 12 层的GELU函数
已替换 12 层的Softmax函数
You're using a BertTokenizerFast tokenizer. Please note that with a fast tokenizer, using the `__call__` method is faster than using a method to encode the text followed by a call to the `pad` method to get a padded encoding.
    C0_baseline                   : mcc=0.5366
已完全恢复原始模型状态
已替换 1 层的GELU函数
已替换 11 层的GELU函数
已替换 12 层的Softmax函数
    C_gelu_L0                     : mcc=0.5392
已完全恢复原始模型状态
已替换 1 层的GELU函数
已替换 11 层的GELU函数
已替换 12 层的Softmax函数
    C_gelu_L3                     : mcc=0.5443
已完全恢复原始模型状态
已替换 1 层的GELU函数
已替换 11 层的GELU函数
已替换 12 层的Softmax函数
    C_gelu_L6                     : mcc=0.5313
已完全恢复原始模型状态
已替换 1 层的GELU函数
已替换 11 层的GELU函数
已替换 12 层的Softmax函数
    C_gelu_L11                    : mcc=0.5339
已完全恢复原始模型状态
已替换 12 层的GELU函数
已替换 1 层的Softmax函数
已替换 11 层的Softmax函数
    C_sm_L1                       : mcc=0.5286
已完全恢复原始模型状态
已替换 12 层的GELU函数
已替换 1 层的Softmax函数
已替换 11 层的Softmax函数
    C_sm_L5                       : mcc=0.5314
已完全恢复原始模型状态
已替换 12 层的GELU函数
已替换 1 层的Softmax函数
已替换 11 层的Softmax函数
    C_sm_L8                       : mcc=0.5338
已完全恢复原始模型状态
已替换 12 层的GELU函数
已替换 1 层的Softmax函数
已替换 11 层的Softmax函数
    C_sm_L10                      : mcc=0.5393
已完全恢复原始模型状态
已替换 1 层的GELU函数
已替换 11 层的GELU函数
已替换 1 层的Softmax函数
已替换 11 层的Softmax函数
    C_joint_G1_S5                 : mcc=0.5391
已完全恢复原始模型状态
已替换 1 层的GELU函数
已替换 11 层的GELU函数
已替换 1 层的Softmax函数
已替换 11 层的Softmax函数
    C_joint_G3_S8                 : mcc=0.5364
已完全恢复原始模型状态
已替换 1 层的GELU函数
已替换 11 层的GELU函数
已替换 1 层的Softmax函数
已替换 11 层的Softmax函数
    C_joint_G0_S11                : mcc=0.5392
已完全恢复原始模型状态
已替换 12 层的GELU函数
已替换 12 层的Softmax函数
    C_all_low                     : mcc=0.5206
已完全恢复原始模型状态
已替换 12 层的GELU函数
已替换 12 层的Softmax函数
    C_mid_approx                  : mcc=0.5470

  Evaluating task: MRPC
/var/tmp/root-home/miniconda3/envs/llm_ist/lib/python3.10/site-packages/huggingface_hub/file_download.py:942: FutureWarning: `resume_download` is deprecated and will be removed in version 1.0.0. Downloads always resume when possible. If you want to force a new download, use `force_download=True`.
  warnings.warn(
已完全恢复原始模型状态
已替换 12 层的GELU函数
已替换 12 层的Softmax函数
You're using a BertTokenizerFast tokenizer. Please note that with a fast tokenizer, using the `__call__` method is faster than using a method to encode the text followed by a call to the `pad` method to get a padded encoding.
    C0_baseline                   : accuracy=0.8799
已完全恢复原始模型状态
已替换 1 层的GELU函数
已替换 11 层的GELU函数
已替换 12 层的Softmax函数
    C_gelu_L0                     : accuracy=0.8824
已完全恢复原始模型状态
已替换 1 层的GELU函数
已替换 11 层的GELU函数
已替换 12 层的Softmax函数
    C_gelu_L3                     : accuracy=0.8775
已完全恢复原始模型状态
已替换 1 层的GELU函数
已替换 11 层的GELU函数
已替换 12 层的Softmax函数
    C_gelu_L6                     : accuracy=0.8824
已完全恢复原始模型状态
已替换 1 层的GELU函数
已替换 11 层的GELU函数
已替换 12 层的Softmax函数
    C_gelu_L11                    : accuracy=0.8824
已完全恢复原始模型状态
已替换 12 层的GELU函数
已替换 1 层的Softmax函数
已替换 11 层的Softmax函数
    C_sm_L1                       : accuracy=0.8824
已完全恢复原始模型状态
已替换 12 层的GELU函数
已替换 1 层的Softmax函数
已替换 11 层的Softmax函数
    C_sm_L5                       : accuracy=0.8701
已完全恢复原始模型状态
已替换 12 层的GELU函数
已替换 1 层的Softmax函数
已替换 11 层的Softmax函数
    C_sm_L8                       : accuracy=0.8775
已完全恢复原始模型状态
已替换 12 层的GELU函数
已替换 1 层的Softmax函数
已替换 11 层的Softmax函数
    C_sm_L10                      : accuracy=0.8775
已完全恢复原始模型状态
已替换 1 层的GELU函数
已替换 11 层的GELU函数
已替换 1 层的Softmax函数
已替换 11 层的Softmax函数
    C_joint_G1_S5                 : accuracy=0.8750
已完全恢复原始模型状态
已替换 1 层的GELU函数
已替换 11 层的GELU函数
已替换 1 层的Softmax函数
已替换 11 层的Softmax函数
    C_joint_G3_S8                 : accuracy=0.8725
已完全恢复原始模型状态
已替换 1 层的GELU函数
已替换 11 层的GELU函数
已替换 1 层的Softmax函数
已替换 11 层的Softmax函数
    C_joint_G0_S11                : accuracy=0.8799
已完全恢复原始模型状态
已替换 12 层的GELU函数
已替换 12 层的Softmax函数
    C_all_low                     : accuracy=0.8382
已完全恢复原始模型状态
已替换 12 层的GELU函数
已替换 12 层的Softmax函数
    C_mid_approx                  : accuracy=0.8775

  Evaluating task: STSB
/var/tmp/root-home/miniconda3/envs/llm_ist/lib/python3.10/site-packages/huggingface_hub/file_download.py:942: FutureWarning: `resume_download` is deprecated and will be removed in version 1.0.0. Downloads always resume when possible. If you want to force a new download, use `force_download=True`.
  warnings.warn(
已完全恢复原始模型状态
已替换 12 层的GELU函数
已替换 12 层的Softmax函数
You're using a BertTokenizerFast tokenizer. Please note that with a fast tokenizer, using the `__call__` method is faster than using a method to encode the text followed by a call to the `pad` method to get a padded encoding.
    C0_baseline                   : pearson=0.8803
已完全恢复原始模型状态
已替换 1 层的GELU函数
已替换 11 层的GELU函数
已替换 12 层的Softmax函数
    C_gelu_L0                     : pearson=0.8800
已完全恢复原始模型状态
已替换 1 层的GELU函数
已替换 11 层的GELU函数
已替换 12 层的Softmax函数
    C_gelu_L3                     : pearson=0.8799
已完全恢复原始模型状态
已替换 1 层的GELU函数
已替换 11 层的GELU函数
已替换 12 层的Softmax函数
    C_gelu_L6                     : pearson=0.8800
已完全恢复原始模型状态
已替换 1 层的GELU函数
已替换 11 层的GELU函数
已替换 12 层的Softmax函数
    C_gelu_L11                    : pearson=0.8799
已完全恢复原始模型状态
已替换 12 层的GELU函数
已替换 1 层的Softmax函数
已替换 11 层的Softmax函数
    C_sm_L1                       : pearson=0.8802
已完全恢复原始模型状态
已替换 12 层的GELU函数
已替换 1 层的Softmax函数
已替换 11 层的Softmax函数
    C_sm_L5                       : pearson=0.8794
已完全恢复原始模型状态
已替换 12 层的GELU函数
已替换 1 层的Softmax函数
已替换 11 层的Softmax函数
    C_sm_L8                       : pearson=0.8803
已完全恢复原始模型状态
已替换 12 层的GELU函数
已替换 1 层的Softmax函数
已替换 11 层的Softmax函数
    C_sm_L10                      : pearson=0.8798
已完全恢复原始模型状态
已替换 1 层的GELU函数
已替换 11 层的GELU函数
已替换 1 层的Softmax函数
已替换 11 层的Softmax函数
    C_joint_G1_S5                 : pearson=0.8779
已完全恢复原始模型状态
已替换 1 层的GELU函数
已替换 11 层的GELU函数
已替换 1 层的Softmax函数
已替换 11 层的Softmax函数
    C_joint_G3_S8                 : pearson=0.8798
已完全恢复原始模型状态
已替换 1 层的GELU函数
已替换 11 层的GELU函数
已替换 1 层的Softmax函数
已替换 11 层的Softmax函数
    C_joint_G0_S11                : pearson=0.8796
已完全恢复原始模型状态
已替换 12 层的GELU函数
已替换 12 层的Softmax函数
    C_all_low                     : pearson=0.8571
已完全恢复原始模型状态
已替换 12 层的GELU函数
已替换 12 层的Softmax函数
    C_mid_approx                  : pearson=0.8776

  Evaluating task: MNLI
已完全恢复原始模型状态
已替换 12 层的GELU函数
已替换 12 层的Softmax函数
You're using a BertTokenizerFast tokenizer. Please note that with a fast tokenizer, using the `__call__` method is faster than using a method to encode the text followed by a call to the `pad` method to get a padded encoding.
    C0_baseline                   : accuracy=0.0639
已完全恢复原始模型状态
已替换 1 层的GELU函数
已替换 11 层的GELU函数
已替换 12 层的Softmax函数
    C_gelu_L0                     : accuracy=0.0635
已完全恢复原始模型状态
已替换 1 层的GELU函数
已替换 11 层的GELU函数
已替换 12 层的Softmax函数
    C_gelu_L3                     : accuracy=0.0645
已完全恢复原始模型状态
已替换 1 层的GELU函数
已替换 11 层的GELU函数
已替换 12 层的Softmax函数
    C_gelu_L6                     : accuracy=0.0662
已完全恢复原始模型状态
已替换 1 层的GELU函数
已替换 11 层的GELU函数
已替换 12 层的Softmax函数
    C_gelu_L11                    : accuracy=0.0638
已完全恢复原始模型状态
已替换 12 层的GELU函数
已替换 1 层的Softmax函数
已替换 11 层的Softmax函数
    C_sm_L1                       : accuracy=0.0628
已完全恢复原始模型状态
已替换 12 层的GELU函数
已替换 1 层的Softmax函数
已替换 11 层的Softmax函数
    C_sm_L5                       : accuracy=0.0651
已完全恢复原始模型状态
已替换 12 层的GELU函数
已替换 1 层的Softmax函数
已替换 11 层的Softmax函数
    C_sm_L8                       : accuracy=0.0652
已完全恢复原始模型状态
已替换 12 层的GELU函数
已替换 1 层的Softmax函数
已替换 11 层的Softmax函数
    C_sm_L10                      : accuracy=0.0656
已完全恢复原始模型状态
已替换 1 层的GELU函数
已替换 11 层的GELU函数
已替换 1 层的Softmax函数
已替换 11 层的Softmax函数
    C_joint_G1_S5                 : accuracy=0.0656
已完全恢复原始模型状态
已替换 1 层的GELU函数
已替换 11 层的GELU函数
已替换 1 层的Softmax函数
已替换 11 层的Softmax函数
    C_joint_G3_S8                 : accuracy=0.0661
已完全恢复原始模型状态
已替换 1 层的GELU函数
已替换 11 层的GELU函数
已替换 1 层的Softmax函数
已替换 11 层的Softmax函数
    C_joint_G0_S11                : accuracy=0.0641
已完全恢复原始模型状态
已替换 12 层的GELU函数
已替换 12 层的Softmax函数
    C_all_low                     : accuracy=0.0776
已完全恢复原始模型状态
已替换 12 层的GELU函数
已替换 12 层的Softmax函数
    C_mid_approx                  : accuracy=0.0659

  Evaluating task: QNLI
/var/tmp/root-home/miniconda3/envs/llm_ist/lib/python3.10/site-packages/huggingface_hub/file_download.py:942: FutureWarning: `resume_download` is deprecated and will be removed in version 1.0.0. Downloads always resume when possible. If you want to force a new download, use `force_download=True`.
  warnings.warn(
已完全恢复原始模型状态
已替换 12 层的GELU函数
已替换 12 层的Softmax函数
You're using a BertTokenizerFast tokenizer. Please note that with a fast tokenizer, using the `__call__` method is faster than using a method to encode the text followed by a call to the `pad` method to get a padded encoding.
    C0_baseline                   : accuracy=0.9138
已完全恢复原始模型状态
已替换 1 层的GELU函数
已替换 11 层的GELU函数
已替换 12 层的Softmax函数
    C_gelu_L0                     : accuracy=0.9136
已完全恢复原始模型状态
已替换 1 层的GELU函数
已替换 11 层的GELU函数
已替换 12 层的Softmax函数
    C_gelu_L3                     : accuracy=0.9136
已完全恢复原始模型状态
已替换 1 层的GELU函数
已替换 11 层的GELU函数
已替换 12 层的Softmax函数
    C_gelu_L6                     : accuracy=0.9118
已完全恢复原始模型状态
已替换 1 层的GELU函数
已替换 11 层的GELU函数
已替换 12 层的Softmax函数
    C_gelu_L11                    : accuracy=0.9138
已完全恢复原始模型状态
已替换 12 层的GELU函数
已替换 1 层的Softmax函数
已替换 11 层的Softmax函数
    C_sm_L1                       : accuracy=0.9129
已完全恢复原始模型状态
已替换 12 层的GELU函数
已替换 1 层的Softmax函数
已替换 11 层的Softmax函数
    C_sm_L5                       : accuracy=0.9132
已完全恢复原始模型状态
已替换 12 层的GELU函数
已替换 1 层的Softmax函数
已替换 11 层的Softmax函数
    C_sm_L8                       : accuracy=0.9149
已完全恢复原始模型状态
已替换 12 层的GELU函数
已替换 1 层的Softmax函数
已替换 11 层的Softmax函数
    C_sm_L10                      : accuracy=0.9143
已完全恢复原始模型状态
已替换 1 层的GELU函数
已替换 11 层的GELU函数
已替换 1 层的Softmax函数
已替换 11 层的Softmax函数
    C_joint_G1_S5                 : accuracy=0.9143
已完全恢复原始模型状态
已替换 1 层的GELU函数
已替换 11 层的GELU函数
已替换 1 层的Softmax函数
已替换 11 层的Softmax函数
    C_joint_G3_S8                 : accuracy=0.9143
已完全恢复原始模型状态
已替换 1 层的GELU函数
已替换 11 层的GELU函数
已替换 1 层的Softmax函数
已替换 11 层的Softmax函数
    C_joint_G0_S11                : accuracy=0.9134
已完全恢复原始模型状态
已替换 12 层的GELU函数
已替换 12 层的Softmax函数
    C_all_low                     : accuracy=0.8808
已完全恢复原始模型状态
已替换 12 层的GELU函数
已替换 12 层的Softmax函数
    C_mid_approx                  : accuracy=0.9121

  Evaluating task: RTE
/var/tmp/root-home/miniconda3/envs/llm_ist/lib/python3.10/site-packages/huggingface_hub/file_download.py:942: FutureWarning: `resume_download` is deprecated and will be removed in version 1.0.0. Downloads always resume when possible. If you want to force a new download, use `force_download=True`.
  warnings.warn(
已完全恢复原始模型状态
已替换 12 层的GELU函数
已替换 12 层的Softmax函数
You're using a BertTokenizerFast tokenizer. Please note that with a fast tokenizer, using the `__call__` method is faster than using a method to encode the text followed by a call to the `pad` method to get a padded encoding.
    C0_baseline                   : accuracy=0.7256
已完全恢复原始模型状态
已替换 1 层的GELU函数
已替换 11 层的GELU函数
已替换 12 层的Softmax函数
    C_gelu_L0                     : accuracy=0.7220
已完全恢复原始模型状态
已替换 1 层的GELU函数
已替换 11 层的GELU函数
已替换 12 层的Softmax函数
    C_gelu_L3                     : accuracy=0.7220
已完全恢复原始模型状态
已替换 1 层的GELU函数
已替换 11 层的GELU函数
已替换 12 层的Softmax函数
    C_gelu_L6                     : accuracy=0.7220
已完全恢复原始模型状态
已替换 1 层的GELU函数
已替换 11 层的GELU函数
已替换 12 层的Softmax函数
    C_gelu_L11                    : accuracy=0.7256
已完全恢复原始模型状态
已替换 12 层的GELU函数
已替换 1 层的Softmax函数
已替换 11 层的Softmax函数
    C_sm_L1                       : accuracy=0.7184
已完全恢复原始模型状态
已替换 12 层的GELU函数
已替换 1 层的Softmax函数
已替换 11 层的Softmax函数
    C_sm_L5                       : accuracy=0.7256
已完全恢复原始模型状态
已替换 12 层的GELU函数
已替换 1 层的Softmax函数
已替换 11 层的Softmax函数
    C_sm_L8                       : accuracy=0.7184
已完全恢复原始模型状态
已替换 12 层的GELU函数
已替换 1 层的Softmax函数
已替换 11 层的Softmax函数
    C_sm_L10                      : accuracy=0.7076
已完全恢复原始模型状态
已替换 1 层的GELU函数
已替换 11 层的GELU函数
已替换 1 层的Softmax函数
已替换 11 层的Softmax函数
    C_joint_G1_S5                 : accuracy=0.7184
已完全恢复原始模型状态
已替换 1 层的GELU函数
已替换 11 层的GELU函数
已替换 1 层的Softmax函数
已替换 11 层的Softmax函数
    C_joint_G3_S8                 : accuracy=0.7184
已完全恢复原始模型状态
已替换 1 层的GELU函数
已替换 11 层的GELU函数
已替换 1 层的Softmax函数
已替换 11 层的Softmax函数
    C_joint_G0_S11                : accuracy=0.7148
已完全恢复原始模型状态
已替换 12 层的GELU函数
已替换 12 层的Softmax函数
    C_all_low                     : accuracy=0.6931
已完全恢复原始模型状态
已替换 12 层的GELU函数
已替换 12 层的Softmax函数
    C_mid_approx                  : accuracy=0.7220

  Evaluating task: WNLI
/var/tmp/root-home/miniconda3/envs/llm_ist/lib/python3.10/site-packages/huggingface_hub/file_download.py:942: FutureWarning: `resume_download` is deprecated and will be removed in version 1.0.0. Downloads always resume when possible. If you want to force a new download, use `force_download=True`.
  warnings.warn(
已完全恢复原始模型状态
已替换 12 层的GELU函数
已替换 12 层的Softmax函数
You're using a BertTokenizerFast tokenizer. Please note that with a fast tokenizer, using the `__call__` method is faster than using a method to encode the text followed by a call to the `pad` method to get a padded encoding.
    C0_baseline                   : accuracy=0.5634
已完全恢复原始模型状态
已替换 1 层的GELU函数
已替换 11 层的GELU函数
已替换 12 层的Softmax函数
    C_gelu_L0                     : accuracy=0.5634
已完全恢复原始模型状态
已替换 1 层的GELU函数
已替换 11 层的GELU函数
已替换 12 层的Softmax函数
    C_gelu_L3                     : accuracy=0.5634
已完全恢复原始模型状态
已替换 1 层的GELU函数
已替换 11 层的GELU函数
已替换 12 层的Softmax函数
    C_gelu_L6                     : accuracy=0.5634
已完全恢复原始模型状态
已替换 1 层的GELU函数
已替换 11 层的GELU函数
已替换 12 层的Softmax函数
    C_gelu_L11                    : accuracy=0.5493
已完全恢复原始模型状态
已替换 12 层的GELU函数
已替换 1 层的Softmax函数
已替换 11 层的Softmax函数
    C_sm_L1                       : accuracy=0.5634
已完全恢复原始模型状态
已替换 12 层的GELU函数
已替换 1 层的Softmax函数
已替换 11 层的Softmax函数
    C_sm_L5                       : accuracy=0.5634
已完全恢复原始模型状态
已替换 12 层的GELU函数
已替换 1 层的Softmax函数
已替换 11 层的Softmax函数
    C_sm_L8                       : accuracy=0.5634
已完全恢复原始模型状态
已替换 12 层的GELU函数
已替换 1 层的Softmax函数
已替换 11 层的Softmax函数
    C_sm_L10                      : accuracy=0.5634
已完全恢复原始模型状态
已替换 1 层的GELU函数
已替换 11 层的GELU函数
已替换 1 层的Softmax函数
已替换 11 层的Softmax函数
    C_joint_G1_S5                 : accuracy=0.5634
已完全恢复原始模型状态
已替换 1 层的GELU函数
已替换 11 层的GELU函数
已替换 1 层的Softmax函数
已替换 11 层的Softmax函数
    C_joint_G3_S8                 : accuracy=0.5634
已完全恢复原始模型状态
已替换 1 层的GELU函数
已替换 11 层的GELU函数
已替换 1 层的Softmax函数
已替换 11 层的Softmax函数
    C_joint_G0_S11                : accuracy=0.5634
已完全恢复原始模型状态
已替换 12 层的GELU函数
已替换 12 层的Softmax函数
    C_all_low                     : accuracy=0.5352
已完全恢复原始模型状态
已替换 12 层的GELU函数
已替换 12 层的Softmax函数
    C_mid_approx                  : accuracy=0.5634

============================================================
  Spearman Rank Correlation Matrix
============================================================
                SST2      COLA      MRPC      STSB      MNLI      QNLI       RTE      WNLI
      SST2      1.00    0.033     0.133     0.165    -0.076     0.458     0.299     0.382 
      COLA    0.033       1.00    0.041    -0.134    -0.112     0.300     0.064     0.422 
      MRPC    0.133     0.041       1.00    0.641*   -0.623*   -0.093     0.328     0.120 
      STSB    0.165    -0.134     0.641*      1.00   -0.559*    0.312     0.339     0.328 
      MNLI   -0.076    -0.112    -0.623*   -0.559*      1.00   -0.155    -0.388    -0.141 
      QNLI    0.458     0.300    -0.093     0.312    -0.155       1.00   -0.052     0.260 
       RTE    0.299     0.064     0.328     0.339    -0.388    -0.052       1.00    0.096 
      WNLI    0.382     0.422     0.120     0.328    -0.141     0.260     0.096       1.00
  Saved: experiment_results/block3/block3_spearman_heatmap.png
/var/tmp/root-home/Reinforcement-For-Robustness/experiment_block3_cross_task.py:245: MatplotlibDeprecationWarning: The 'labels' parameter of boxplot() has been renamed 'tick_labels' since Matplotlib 3.9; support for the old name will be dropped in 3.11.
  bp = ax.boxplot([within_rhos, between_rhos],

============================================================
  BLOCK 3 KEY FINDINGS
============================================================
  Low-consistency task pairs (rho < 0.5 or p > 0.05):
    SST2 vs COLA: rho=0.033, p=0.9105
    SST2 vs MRPC: rho=0.133, p=0.6511
    SST2 vs STSB: rho=0.165, p=0.5719
    SST2 vs MNLI: rho=-0.076, p=0.7964
    SST2 vs QNLI: rho=0.458, p=0.0995
    SST2 vs RTE: rho=0.299, p=0.2992
    SST2 vs WNLI: rho=0.382, p=0.1773
    COLA vs MRPC: rho=0.041, p=0.8905
    COLA vs STSB: rho=-0.134, p=0.6474
    COLA vs MNLI: rho=-0.112, p=0.7022
    COLA vs QNLI: rho=0.300, p=0.2972
    COLA vs RTE: rho=0.064, p=0.8268
    COLA vs WNLI: rho=0.422, p=0.1324
    MRPC vs MNLI: rho=-0.623, p=0.0173
    MRPC vs QNLI: rho=-0.093, p=0.7522
    MRPC vs RTE: rho=0.328, p=0.2518
    MRPC vs WNLI: rho=0.120, p=0.6828
    STSB vs MNLI: rho=-0.559, p=0.0378
    STSB vs QNLI: rho=0.312, p=0.2776
    STSB vs RTE: rho=0.339, p=0.2362
    STSB vs WNLI: rho=0.328, p=0.2520
    MNLI vs QNLI: rho=-0.155, p=0.5966
    MNLI vs RTE: rho=-0.388, p=0.1708
    MNLI vs WNLI: rho=-0.141, p=0.6312
    QNLI vs RTE: rho=-0.052, p=0.8591
    QNLI vs WNLI: rho=0.260, p=0.3702
    RTE vs WNLI: rho=0.096, p=0.7432

  CONCLUSION: 27 task pairs show inconsistent config rankings,
  providing evidence that approximation error effects are task-dependent
  and NOT simply accumulative across all contexts.

Block 3 completed. Results in: experiment_results/block3

============================================================
  ALL EXPERIMENTS COMPLETED
  Results saved to: experiment_results/
============================================================
  experiment_results/
  ├── single_layer/     # Test 1: Single-layer degradation
  ├── stepwise/         # Test 2: Stepwise degradation curves
  ├── block1/           # Non-monotonicity statistical test
  ├── block2/           # ANOVA interaction effects
  └── block3/           # Cross-task Spearman analysis
