timestamp,index,name,memory_used_mib,utilization_gpu_pct
2026/07/15 02:52:23.312, 0, NVIDIA GeForce RTX 5090, 0, 0
2026/07/15 02:52:23.324, 1, NVIDIA GeForce RTX 5090, 0, 0
2026/07/15 02:52:23.332, 2, NVIDIA GeForce RTX 5090, 0, 0
2026/07/15 02:52:23.340, 3, NVIDIA GeForce RTX 5090, 0, 0
2026/07/15 02:52:23.347, 4, NVIDIA GeForce RTX 5090, 0, 0
2026/07/15 02:52:25.492, 0, NVIDIA GeForce RTX 5090, 0, 0
2026/07/15 02:52:25.501, 1, NVIDIA GeForce RTX 5090, 0, 0
2026/07/15 02:52:25.508, 2, NVIDIA GeForce RTX 5090, 0, 0
2026/07/15 02:52:25.516, 3, NVIDIA GeForce RTX 5090, 0, 0
2026/07/15 02:52:25.523, 4, NVIDIA GeForce RTX 5090, 0, 0
2026/07/15 02:52:27.670, 0, NVIDIA GeForce RTX 5090, 0, 0
2026/07/15 02:52:27.682, 1, NVIDIA GeForce RTX 5090, 0, 0
2026/07/15 02:52:27.690, 2, NVIDIA GeForce RTX 5090, 0, 0
2026/07/15 02:52:27.698, 3, NVIDIA GeForce RTX 5090, 0, 0
2026/07/15 02:52:27.705, 4, NVIDIA GeForce RTX 5090, 0, 0
2026/07/15 02:52:29.881, 0, NVIDIA GeForce RTX 5090, 1429, 0
2026/07/15 02:52:29.887, 1, NVIDIA GeForce RTX 5090, 0, 0
2026/07/15 02:52:29.895, 2, NVIDIA GeForce RTX 5090, 0, 0
2026/07/15 02:52:29.915, 3, NVIDIA GeForce RTX 5090, 0, 0
2026/07/15 02:52:29.928, 4, NVIDIA GeForce RTX 5090, 0, 0
2026/07/15 02:52:32.077, 0, NVIDIA GeForce RTX 5090, 2535, 82
2026/07/15 02:52:32.082, 1, NVIDIA GeForce RTX 5090, 0, 0
2026/07/15 02:52:32.089, 2, NVIDIA GeForce RTX 5090, 0, 0
2026/07/15 02:52:32.103, 3, NVIDIA GeForce RTX 5090, 0, 0
2026/07/15 02:52:32.113, 4, NVIDIA GeForce RTX 5090, 0, 0
2026/07/15 02:52:34.250, 0, NVIDIA GeForce RTX 5090, 2919, 58
2026/07/15 02:52:34.254, 1, NVIDIA GeForce RTX 5090, 0, 0
2026/07/15 02:52:34.262, 2, NVIDIA GeForce RTX 5090, 0, 0
2026/07/15 02:52:34.270, 3, NVIDIA GeForce RTX 5090, 0, 0
2026/07/15 02:52:34.278, 4, NVIDIA GeForce RTX 5090, 0, 0
2026/07/15 02:52:36.417, 0, NVIDIA GeForce RTX 5090, 2919, 99
2026/07/15 02:52:36.421, 1, NVIDIA GeForce RTX 5090, 0, 0
2026/07/15 02:52:36.429, 2, NVIDIA GeForce RTX 5090, 0, 0
2026/07/15 02:52:36.437, 3, NVIDIA GeForce RTX 5090, 0, 0
2026/07/15 02:52:36.444, 4, NVIDIA GeForce RTX 5090, 0, 0
2026/07/15 02:52:38.598, 0, NVIDIA GeForce RTX 5090, 2919, 99
2026/07/15 02:52:38.603, 1, NVIDIA GeForce RTX 5090, 0, 0
2026/07/15 02:52:38.611, 2, NVIDIA GeForce RTX 5090, 0, 0
2026/07/15 02:52:38.619, 3, NVIDIA GeForce RTX 5090, 0, 0
2026/07/15 02:52:38.626, 4, NVIDIA GeForce RTX 5090, 0, 0
2026/07/15 02:52:40.762, 0, NVIDIA GeForce RTX 5090, 2919, 99
2026/07/15 02:52:40.769, 1, NVIDIA GeForce RTX 5090, 0, 0
2026/07/15 02:52:40.777, 2, NVIDIA GeForce RTX 5090, 0, 0
2026/07/15 02:52:40.785, 3, NVIDIA GeForce RTX 5090, 0, 0
2026/07/15 02:52:40.793, 4, NVIDIA GeForce RTX 5090, 0, 0
2026/07/15 02:52:42.932, 0, NVIDIA GeForce RTX 5090, 2919, 99
2026/07/15 02:52:42.937, 1, NVIDIA GeForce RTX 5090, 0, 0
2026/07/15 02:52:42.944, 2, NVIDIA GeForce RTX 5090, 0, 0
2026/07/15 02:52:42.954, 3, NVIDIA GeForce RTX 5090, 0, 0
2026/07/15 02:52:42.961, 4, NVIDIA GeForce RTX 5090, 0, 0
2026/07/15 02:52:45.101, 0, NVIDIA GeForce RTX 5090, 2919, 99
2026/07/15 02:52:45.106, 1, NVIDIA GeForce RTX 5090, 0, 0
2026/07/15 02:52:45.115, 2, NVIDIA GeForce RTX 5090, 0, 0
2026/07/15 02:52:45.122, 3, NVIDIA GeForce RTX 5090, 0, 0
2026/07/15 02:52:45.129, 4, NVIDIA GeForce RTX 5090, 0, 0
2026/07/15 02:52:47.263, 0, NVIDIA GeForce RTX 5090, 2941, 99
2026/07/15 02:52:47.266, 1, NVIDIA GeForce RTX 5090, 0, 0
2026/07/15 02:52:47.274, 2, NVIDIA GeForce RTX 5090, 0, 0
2026/07/15 02:52:47.282, 3, NVIDIA GeForce RTX 5090, 0, 0
2026/07/15 02:52:47.290, 4, NVIDIA GeForce RTX 5090, 0, 0
2026/07/15 02:52:49.425, 0, NVIDIA GeForce RTX 5090, 2941, 99
2026/07/15 02:52:49.430, 1, NVIDIA GeForce RTX 5090, 0, 0
2026/07/15 02:52:49.439, 2, NVIDIA GeForce RTX 5090, 0, 0
2026/07/15 02:52:49.446, 3, NVIDIA GeForce RTX 5090, 0, 0
2026/07/15 02:52:49.453, 4, NVIDIA GeForce RTX 5090, 0, 0
2026/07/15 02:52:51.587, 0, NVIDIA GeForce RTX 5090, 2941, 98
2026/07/15 02:52:51.591, 1, NVIDIA GeForce RTX 5090, 0, 0
2026/07/15 02:52:51.600, 2, NVIDIA GeForce RTX 5090, 0, 0
2026/07/15 02:52:51.608, 3, NVIDIA GeForce RTX 5090, 0, 0
2026/07/15 02:52:51.617, 4, NVIDIA GeForce RTX 5090, 0, 0
2026/07/15 02:52:53.765, 0, NVIDIA GeForce RTX 5090, 2941, 99
2026/07/15 02:52:53.771, 1, NVIDIA GeForce RTX 5090, 0, 0
2026/07/15 02:52:53.779, 2, NVIDIA GeForce RTX 5090, 0, 0
2026/07/15 02:52:53.787, 3, NVIDIA GeForce RTX 5090, 0, 0
2026/07/15 02:52:53.794, 4, NVIDIA GeForce RTX 5090, 0, 0
2026/07/15 02:52:55.930, 0, NVIDIA GeForce RTX 5090, 2941, 99
2026/07/15 02:52:55.935, 1, NVIDIA GeForce RTX 5090, 0, 0
2026/07/15 02:52:55.944, 2, NVIDIA GeForce RTX 5090, 0, 0
2026/07/15 02:52:55.951, 3, NVIDIA GeForce RTX 5090, 0, 0
2026/07/15 02:52:55.959, 4, NVIDIA GeForce RTX 5090, 0, 0
2026/07/15 02:52:58.092, 0, NVIDIA GeForce RTX 5090, 2941, 98
2026/07/15 02:52:58.098, 1, NVIDIA GeForce RTX 5090, 0, 0
2026/07/15 02:52:58.107, 2, NVIDIA GeForce RTX 5090, 0, 0
2026/07/15 02:52:58.114, 3, NVIDIA GeForce RTX 5090, 0, 0
2026/07/15 02:52:58.121, 4, NVIDIA GeForce RTX 5090, 0, 0
2026/07/15 02:53:00.261, 0, NVIDIA GeForce RTX 5090, 2941, 99
2026/07/15 02:53:00.268, 1, NVIDIA GeForce RTX 5090, 0, 0
2026/07/15 02:53:00.276, 2, NVIDIA GeForce RTX 5090, 0, 0
2026/07/15 02:53:00.284, 3, NVIDIA GeForce RTX 5090, 0, 0
2026/07/15 02:53:00.292, 4, NVIDIA GeForce RTX 5090, 0, 0
2026/07/15 02:53:02.447, 0, NVIDIA GeForce RTX 5090, 2941, 98
2026/07/15 02:53:02.450, 1, NVIDIA GeForce RTX 5090, 0, 0
2026/07/15 02:53:02.458, 2, NVIDIA GeForce RTX 5090, 0, 0
2026/07/15 02:53:02.466, 3, NVIDIA GeForce RTX 5090, 0, 0
2026/07/15 02:53:02.475, 4, NVIDIA GeForce RTX 5090, 0, 0
2026/07/15 02:53:04.630, 0, NVIDIA GeForce RTX 5090, 2941, 99
2026/07/15 02:53:04.634, 1, NVIDIA GeForce RTX 5090, 0, 0
2026/07/15 02:53:04.642, 2, NVIDIA GeForce RTX 5090, 0, 0
2026/07/15 02:53:04.650, 3, NVIDIA GeForce RTX 5090, 0, 0
2026/07/15 02:53:04.658, 4, NVIDIA GeForce RTX 5090, 0, 0
2026/07/15 02:53:06.791, 0, NVIDIA GeForce RTX 5090, 2941, 99
2026/07/15 02:53:06.794, 1, NVIDIA GeForce RTX 5090, 0, 0
2026/07/15 02:53:06.802, 2, NVIDIA GeForce RTX 5090, 0, 0
2026/07/15 02:53:06.810, 3, NVIDIA GeForce RTX 5090, 0, 0
2026/07/15 02:53:06.818, 4, NVIDIA GeForce RTX 5090, 0, 0
2026/07/15 02:53:08.957, 0, NVIDIA GeForce RTX 5090, 2941, 99
2026/07/15 02:53:08.962, 1, NVIDIA GeForce RTX 5090, 0, 0
2026/07/15 02:53:08.970, 2, NVIDIA GeForce RTX 5090, 0, 0
2026/07/15 02:53:08.977, 3, NVIDIA GeForce RTX 5090, 0, 0
2026/07/15 02:53:08.985, 4, NVIDIA GeForce RTX 5090, 0, 0
2026/07/15 02:53:11.125, 0, NVIDIA GeForce RTX 5090, 2941, 99
2026/07/15 02:53:11.131, 1, NVIDIA GeForce RTX 5090, 0, 0
2026/07/15 02:53:11.139, 2, NVIDIA GeForce RTX 5090, 0, 0
2026/07/15 02:53:11.146, 3, NVIDIA GeForce RTX 5090, 0, 0
2026/07/15 02:53:11.162, 4, NVIDIA GeForce RTX 5090, 0, 0
2026/07/15 02:53:13.297, 0, NVIDIA GeForce RTX 5090, 2941, 14
2026/07/15 02:53:13.301, 1, NVIDIA GeForce RTX 5090, 0, 0
2026/07/15 02:53:13.310, 2, NVIDIA GeForce RTX 5090, 0, 0
2026/07/15 02:53:13.317, 3, NVIDIA GeForce RTX 5090, 0, 0
2026/07/15 02:53:13.325, 4, NVIDIA GeForce RTX 5090, 0, 0
2026/07/15 02:53:15.465, 0, NVIDIA GeForce RTX 5090, 2941, 99
2026/07/15 02:53:15.471, 1, NVIDIA GeForce RTX 5090, 0, 0
2026/07/15 02:53:15.479, 2, NVIDIA GeForce RTX 5090, 0, 0
2026/07/15 02:53:15.486, 3, NVIDIA GeForce RTX 5090, 0, 0
2026/07/15 02:53:15.494, 4, NVIDIA GeForce RTX 5090, 0, 0
2026/07/15 02:53:17.633, 0, NVIDIA GeForce RTX 5090, 2941, 98
2026/07/15 02:53:17.638, 1, NVIDIA GeForce RTX 5090, 0, 0
2026/07/15 02:53:17.646, 2, NVIDIA GeForce RTX 5090, 0, 0
2026/07/15 02:53:17.654, 3, NVIDIA GeForce RTX 5090, 0, 0
2026/07/15 02:53:17.663, 4, NVIDIA GeForce RTX 5090, 0, 0
2026/07/15 02:53:19.802, 0, NVIDIA GeForce RTX 5090, 2941, 99
2026/07/15 02:53:19.807, 1, NVIDIA GeForce RTX 5090, 0, 0
2026/07/15 02:53:19.815, 2, NVIDIA GeForce RTX 5090, 0, 0
2026/07/15 02:53:19.822, 3, NVIDIA GeForce RTX 5090, 0, 0
2026/07/15 02:53:19.830, 4, NVIDIA GeForce RTX 5090, 0, 0
2026/07/15 02:53:21.966, 0, NVIDIA GeForce RTX 5090, 2941, 98
2026/07/15 02:53:21.971, 1, NVIDIA GeForce RTX 5090, 0, 0
2026/07/15 02:53:21.980, 2, NVIDIA GeForce RTX 5090, 0, 0
2026/07/15 02:53:21.987, 3, NVIDIA GeForce RTX 5090, 0, 0
2026/07/15 02:53:21.995, 4, NVIDIA GeForce RTX 5090, 0, 0
2026/07/15 02:53:24.132, 0, NVIDIA GeForce RTX 5090, 2941, 99
2026/07/15 02:53:24.137, 1, NVIDIA GeForce RTX 5090, 0, 0
2026/07/15 02:53:24.146, 2, NVIDIA GeForce RTX 5090, 0, 0
2026/07/15 02:53:24.153, 3, NVIDIA GeForce RTX 5090, 0, 0
2026/07/15 02:53:24.161, 4, NVIDIA GeForce RTX 5090, 0, 0
2026/07/15 02:53:26.301, 0, NVIDIA GeForce RTX 5090, 2941, 99
2026/07/15 02:53:26.310, 1, NVIDIA GeForce RTX 5090, 0, 0
2026/07/15 02:53:26.319, 2, NVIDIA GeForce RTX 5090, 0, 0
2026/07/15 02:53:26.326, 3, NVIDIA GeForce RTX 5090, 0, 0
2026/07/15 02:53:26.334, 4, NVIDIA GeForce RTX 5090, 0, 0
2026/07/15 02:53:28.488, 0, NVIDIA GeForce RTX 5090, 2941, 99
2026/07/15 02:53:28.493, 1, NVIDIA GeForce RTX 5090, 0, 0
2026/07/15 02:53:28.501, 2, NVIDIA GeForce RTX 5090, 0, 0
2026/07/15 02:53:28.509, 3, NVIDIA GeForce RTX 5090, 0, 0
2026/07/15 02:53:28.518, 4, NVIDIA GeForce RTX 5090, 0, 0
2026/07/15 02:53:30.660, 0, NVIDIA GeForce RTX 5090, 2941, 99
2026/07/15 02:53:30.667, 1, NVIDIA GeForce RTX 5090, 0, 0
2026/07/15 02:53:30.675, 2, NVIDIA GeForce RTX 5090, 0, 0
2026/07/15 02:53:30.683, 3, NVIDIA GeForce RTX 5090, 0, 0
2026/07/15 02:53:30.690, 4, NVIDIA GeForce RTX 5090, 0, 0
2026/07/15 02:53:32.829, 0, NVIDIA GeForce RTX 5090, 2941, 99
2026/07/15 02:53:32.835, 1, NVIDIA GeForce RTX 5090, 0, 0
2026/07/15 02:53:32.843, 2, NVIDIA GeForce RTX 5090, 0, 0
2026/07/15 02:53:32.851, 3, NVIDIA GeForce RTX 5090, 0, 0
2026/07/15 02:53:32.858, 4, NVIDIA GeForce RTX 5090, 0, 0
2026/07/15 02:53:35.031, 0, NVIDIA GeForce RTX 5090, 2941, 98
2026/07/15 02:53:35.035, 1, NVIDIA GeForce RTX 5090, 0, 0
2026/07/15 02:53:35.043, 2, NVIDIA GeForce RTX 5090, 0, 0
2026/07/15 02:53:35.051, 3, NVIDIA GeForce RTX 5090, 0, 0
2026/07/15 02:53:35.058, 4, NVIDIA GeForce RTX 5090, 0, 0
2026/07/15 02:53:37.215, 0, NVIDIA GeForce RTX 5090, 2941, 99
2026/07/15 02:53:37.221, 1, NVIDIA GeForce RTX 5090, 0, 0
2026/07/15 02:53:37.230, 2, NVIDIA GeForce RTX 5090, 0, 0
2026/07/15 02:53:37.237, 3, NVIDIA GeForce RTX 5090, 0, 0
2026/07/15 02:53:37.244, 4, NVIDIA GeForce RTX 5090, 0, 0
2026/07/15 02:53:39.387, 0, NVIDIA GeForce RTX 5090, 2941, 98
2026/07/15 02:53:39.391, 1, NVIDIA GeForce RTX 5090, 0, 0
2026/07/15 02:53:39.399, 2, NVIDIA GeForce RTX 5090, 0, 0
2026/07/15 02:53:39.407, 3, NVIDIA GeForce RTX 5090, 0, 0
2026/07/15 02:53:39.414, 4, NVIDIA GeForce RTX 5090, 0, 0
2026/07/15 02:53:41.552, 0, NVIDIA GeForce RTX 5090, 2941, 99
2026/07/15 02:53:41.557, 1, NVIDIA GeForce RTX 5090, 0, 0
2026/07/15 02:53:41.565, 2, NVIDIA GeForce RTX 5090, 0, 0
2026/07/15 02:53:41.576, 3, NVIDIA GeForce RTX 5090, 0, 0
2026/07/15 02:53:41.584, 4, NVIDIA GeForce RTX 5090, 0, 0
2026/07/15 02:53:43.723, 0, NVIDIA GeForce RTX 5090, 2941, 24
2026/07/15 02:53:43.728, 1, NVIDIA GeForce RTX 5090, 0, 0
2026/07/15 02:53:43.737, 2, NVIDIA GeForce RTX 5090, 0, 0
2026/07/15 02:53:43.744, 3, NVIDIA GeForce RTX 5090, 0, 0
2026/07/15 02:53:43.752, 4, NVIDIA GeForce RTX 5090, 0, 0
2026/07/15 02:53:45.917, 0, NVIDIA GeForce RTX 5090, 2941, 99
2026/07/15 02:53:45.922, 1, NVIDIA GeForce RTX 5090, 0, 0
2026/07/15 02:53:45.930, 2, NVIDIA GeForce RTX 5090, 0, 0
2026/07/15 02:53:45.938, 3, NVIDIA GeForce RTX 5090, 0, 0
2026/07/15 02:53:45.945, 4, NVIDIA GeForce RTX 5090, 0, 0
2026/07/15 02:53:48.082, 0, NVIDIA GeForce RTX 5090, 2941, 99
2026/07/15 02:53:48.088, 1, NVIDIA GeForce RTX 5090, 0, 0
2026/07/15 02:53:48.095, 2, NVIDIA GeForce RTX 5090, 0, 0
2026/07/15 02:53:48.103, 3, NVIDIA GeForce RTX 5090, 0, 0
2026/07/15 02:53:48.111, 4, NVIDIA GeForce RTX 5090, 0, 0
2026/07/15 02:53:50.269, 0, NVIDIA GeForce RTX 5090, 2941, 99
2026/07/15 02:53:50.275, 1, NVIDIA GeForce RTX 5090, 0, 0
2026/07/15 02:53:50.283, 2, NVIDIA GeForce RTX 5090, 0, 0
2026/07/15 02:53:50.290, 3, NVIDIA GeForce RTX 5090, 0, 0
2026/07/15 02:53:50.298, 4, NVIDIA GeForce RTX 5090, 0, 0
2026/07/15 02:53:52.437, 0, NVIDIA GeForce RTX 5090, 2941, 98
2026/07/15 02:53:52.443, 1, NVIDIA GeForce RTX 5090, 0, 0
2026/07/15 02:53:52.451, 2, NVIDIA GeForce RTX 5090, 0, 0
2026/07/15 02:53:52.458, 3, NVIDIA GeForce RTX 5090, 0, 0
2026/07/15 02:53:52.466, 4, NVIDIA GeForce RTX 5090, 0, 0
2026/07/15 02:53:54.601, 0, NVIDIA GeForce RTX 5090, 2941, 99
2026/07/15 02:53:54.607, 1, NVIDIA GeForce RTX 5090, 0, 0
2026/07/15 02:53:54.619, 2, NVIDIA GeForce RTX 5090, 0, 0
2026/07/15 02:53:54.626, 3, NVIDIA GeForce RTX 5090, 0, 0
2026/07/15 02:53:54.634, 4, NVIDIA GeForce RTX 5090, 0, 0
2026/07/15 02:53:56.775, 0, NVIDIA GeForce RTX 5090, 2941, 99
2026/07/15 02:53:56.779, 1, NVIDIA GeForce RTX 5090, 0, 0
2026/07/15 02:53:56.787, 2, NVIDIA GeForce RTX 5090, 0, 0
2026/07/15 02:53:56.795, 3, NVIDIA GeForce RTX 5090, 0, 0
2026/07/15 02:53:56.802, 4, NVIDIA GeForce RTX 5090, 0, 0
2026/07/15 02:53:58.942, 0, NVIDIA GeForce RTX 5090, 2941, 98
2026/07/15 02:53:58.948, 1, NVIDIA GeForce RTX 5090, 0, 0
2026/07/15 02:53:58.956, 2, NVIDIA GeForce RTX 5090, 0, 0
2026/07/15 02:53:58.964, 3, NVIDIA GeForce RTX 5090, 0, 0
2026/07/15 02:53:58.971, 4, NVIDIA GeForce RTX 5090, 0, 0
2026/07/15 02:54:01.131, 0, NVIDIA GeForce RTX 5090, 2941, 99
2026/07/15 02:54:01.135, 1, NVIDIA GeForce RTX 5090, 0, 0
2026/07/15 02:54:01.144, 2, NVIDIA GeForce RTX 5090, 0, 0
2026/07/15 02:54:01.153, 3, NVIDIA GeForce RTX 5090, 0, 0
2026/07/15 02:54:01.160, 4, NVIDIA GeForce RTX 5090, 0, 0
2026/07/15 02:54:03.297, 0, NVIDIA GeForce RTX 5090, 2941, 99
2026/07/15 02:54:03.302, 1, NVIDIA GeForce RTX 5090, 0, 0
2026/07/15 02:54:03.310, 2, NVIDIA GeForce RTX 5090, 0, 0
2026/07/15 02:54:03.317, 3, NVIDIA GeForce RTX 5090, 0, 0
2026/07/15 02:54:03.327, 4, NVIDIA GeForce RTX 5090, 0, 0
2026/07/15 02:54:05.467, 0, NVIDIA GeForce RTX 5090, 2941, 99
2026/07/15 02:54:05.472, 1, NVIDIA GeForce RTX 5090, 0, 0
2026/07/15 02:54:05.481, 2, NVIDIA GeForce RTX 5090, 0, 0
2026/07/15 02:54:05.489, 3, NVIDIA GeForce RTX 5090, 0, 0
2026/07/15 02:54:05.496, 4, NVIDIA GeForce RTX 5090, 0, 0
2026/07/15 02:54:07.637, 0, NVIDIA GeForce RTX 5090, 2941, 99
2026/07/15 02:54:07.645, 1, NVIDIA GeForce RTX 5090, 0, 0
2026/07/15 02:54:07.653, 2, NVIDIA GeForce RTX 5090, 0, 0
2026/07/15 02:54:07.661, 3, NVIDIA GeForce RTX 5090, 0, 0
2026/07/15 02:54:07.668, 4, NVIDIA GeForce RTX 5090, 0, 0
2026/07/15 02:54:09.797, 0, NVIDIA GeForce RTX 5090, 2941, 99
2026/07/15 02:54:09.801, 1, NVIDIA GeForce RTX 5090, 0, 0
2026/07/15 02:54:09.809, 2, NVIDIA GeForce RTX 5090, 0, 0
2026/07/15 02:54:09.816, 3, NVIDIA GeForce RTX 5090, 0, 0
2026/07/15 02:54:09.824, 4, NVIDIA GeForce RTX 5090, 0, 0
2026/07/15 02:54:11.967, 0, NVIDIA GeForce RTX 5090, 2941, 99
2026/07/15 02:54:11.972, 1, NVIDIA GeForce RTX 5090, 0, 0
2026/07/15 02:54:11.980, 2, NVIDIA GeForce RTX 5090, 0, 0
2026/07/15 02:54:11.988, 3, NVIDIA GeForce RTX 5090, 0, 0
2026/07/15 02:54:11.996, 4, NVIDIA GeForce RTX 5090, 0, 0
2026/07/15 02:54:14.161, 0, NVIDIA GeForce RTX 5090, 2941, 69
2026/07/15 02:54:14.168, 1, NVIDIA GeForce RTX 5090, 0, 0
2026/07/15 02:54:14.176, 2, NVIDIA GeForce RTX 5090, 0, 0
2026/07/15 02:54:14.183, 3, NVIDIA GeForce RTX 5090, 0, 0
2026/07/15 02:54:14.191, 4, NVIDIA GeForce RTX 5090, 0, 0
2026/07/15 02:54:16.330, 0, NVIDIA GeForce RTX 5090, 2941, 99
2026/07/15 02:54:16.334, 1, NVIDIA GeForce RTX 5090, 0, 0
2026/07/15 02:54:16.343, 2, NVIDIA GeForce RTX 5090, 0, 0
2026/07/15 02:54:16.351, 3, NVIDIA GeForce RTX 5090, 0, 0
2026/07/15 02:54:16.358, 4, NVIDIA GeForce RTX 5090, 0, 0
2026/07/15 02:54:18.498, 0, NVIDIA GeForce RTX 5090, 2941, 99
2026/07/15 02:54:18.503, 1, NVIDIA GeForce RTX 5090, 0, 0
2026/07/15 02:54:18.511, 2, NVIDIA GeForce RTX 5090, 0, 0
2026/07/15 02:54:18.519, 3, NVIDIA GeForce RTX 5090, 0, 0
2026/07/15 02:54:18.526, 4, NVIDIA GeForce RTX 5090, 0, 0
2026/07/15 02:54:20.665, 0, NVIDIA GeForce RTX 5090, 2941, 99
2026/07/15 02:54:20.671, 1, NVIDIA GeForce RTX 5090, 0, 0
2026/07/15 02:54:20.679, 2, NVIDIA GeForce RTX 5090, 0, 0
2026/07/15 02:54:20.686, 3, NVIDIA GeForce RTX 5090, 0, 0
2026/07/15 02:54:20.695, 4, NVIDIA GeForce RTX 5090, 0, 0
2026/07/15 02:54:22.834, 0, NVIDIA GeForce RTX 5090, 2941, 99
2026/07/15 02:54:22.838, 1, NVIDIA GeForce RTX 5090, 0, 0
2026/07/15 02:54:22.847, 2, NVIDIA GeForce RTX 5090, 0, 0
2026/07/15 02:54:22.855, 3, NVIDIA GeForce RTX 5090, 0, 0
2026/07/15 02:54:22.862, 4, NVIDIA GeForce RTX 5090, 0, 0
2026/07/15 02:54:25.002, 0, NVIDIA GeForce RTX 5090, 2941, 99
2026/07/15 02:54:25.007, 1, NVIDIA GeForce RTX 5090, 0, 0
2026/07/15 02:54:25.016, 2, NVIDIA GeForce RTX 5090, 0, 0
2026/07/15 02:54:25.023, 3, NVIDIA GeForce RTX 5090, 0, 0
2026/07/15 02:54:25.031, 4, NVIDIA GeForce RTX 5090, 0, 0
2026/07/15 02:54:27.168, 0, NVIDIA GeForce RTX 5090, 2941, 99
2026/07/15 02:54:27.171, 1, NVIDIA GeForce RTX 5090, 0, 0
2026/07/15 02:54:27.180, 2, NVIDIA GeForce RTX 5090, 0, 0
2026/07/15 02:54:27.188, 3, NVIDIA GeForce RTX 5090, 0, 0
2026/07/15 02:54:27.196, 4, NVIDIA GeForce RTX 5090, 0, 0
2026/07/15 02:54:29.334, 0, NVIDIA GeForce RTX 5090, 2941, 99
2026/07/15 02:54:29.340, 1, NVIDIA GeForce RTX 5090, 0, 0
2026/07/15 02:54:29.348, 2, NVIDIA GeForce RTX 5090, 0, 0
2026/07/15 02:54:29.356, 3, NVIDIA GeForce RTX 5090, 0, 0
2026/07/15 02:54:29.364, 4, NVIDIA GeForce RTX 5090, 0, 0
2026/07/15 02:54:31.499, 0, NVIDIA GeForce RTX 5090, 2941, 99
2026/07/15 02:54:31.505, 1, NVIDIA GeForce RTX 5090, 0, 0
2026/07/15 02:54:31.515, 2, NVIDIA GeForce RTX 5090, 0, 0
2026/07/15 02:54:31.522, 3, NVIDIA GeForce RTX 5090, 0, 0
2026/07/15 02:54:31.530, 4, NVIDIA GeForce RTX 5090, 0, 0
2026/07/15 02:54:33.666, 0, NVIDIA GeForce RTX 5090, 2941, 99
2026/07/15 02:54:33.671, 1, NVIDIA GeForce RTX 5090, 0, 0
2026/07/15 02:54:33.680, 2, NVIDIA GeForce RTX 5090, 0, 0
2026/07/15 02:54:33.687, 3, NVIDIA GeForce RTX 5090, 0, 0
2026/07/15 02:54:33.695, 4, NVIDIA GeForce RTX 5090, 0, 0
2026/07/15 02:54:35.828, 0, NVIDIA GeForce RTX 5090, 2941, 99
2026/07/15 02:54:35.832, 1, NVIDIA GeForce RTX 5090, 0, 0
2026/07/15 02:54:35.840, 2, NVIDIA GeForce RTX 5090, 0, 0
2026/07/15 02:54:35.848, 3, NVIDIA GeForce RTX 5090, 0, 0
2026/07/15 02:54:35.861, 4, NVIDIA GeForce RTX 5090, 0, 0
2026/07/15 02:54:37.998, 0, NVIDIA GeForce RTX 5090, 2941, 98
2026/07/15 02:54:38.004, 1, NVIDIA GeForce RTX 5090, 0, 0
2026/07/15 02:54:38.012, 2, NVIDIA GeForce RTX 5090, 0, 0
2026/07/15 02:54:38.020, 3, NVIDIA GeForce RTX 5090, 0, 0
2026/07/15 02:54:38.027, 4, NVIDIA GeForce RTX 5090, 0, 0
2026/07/15 02:54:40.184, 0, NVIDIA GeForce RTX 5090, 2941, 99
2026/07/15 02:54:40.189, 1, NVIDIA GeForce RTX 5090, 0, 0
2026/07/15 02:54:40.198, 2, NVIDIA GeForce RTX 5090, 0, 0
2026/07/15 02:54:40.205, 3, NVIDIA GeForce RTX 5090, 0, 0
2026/07/15 02:54:40.213, 4, NVIDIA GeForce RTX 5090, 0, 0
2026/07/15 02:54:42.349, 0, NVIDIA GeForce RTX 5090, 2941, 98
2026/07/15 02:54:42.354, 1, NVIDIA GeForce RTX 5090, 0, 0
2026/07/15 02:54:42.363, 2, NVIDIA GeForce RTX 5090, 0, 0
2026/07/15 02:54:42.372, 3, NVIDIA GeForce RTX 5090, 0, 0
2026/07/15 02:54:42.380, 4, NVIDIA GeForce RTX 5090, 0, 0
2026/07/15 02:54:44.520, 0, NVIDIA GeForce RTX 5090, 2941, 99
2026/07/15 02:54:44.526, 1, NVIDIA GeForce RTX 5090, 0, 0
2026/07/15 02:54:44.534, 2, NVIDIA GeForce RTX 5090, 0, 0
2026/07/15 02:54:44.541, 3, NVIDIA GeForce RTX 5090, 0, 0
2026/07/15 02:54:44.549, 4, NVIDIA GeForce RTX 5090, 0, 0
2026/07/15 02:54:46.685, 0, NVIDIA GeForce RTX 5090, 2941, 5
2026/07/15 02:54:46.689, 1, NVIDIA GeForce RTX 5090, 0, 0
2026/07/15 02:54:46.698, 2, NVIDIA GeForce RTX 5090, 0, 0
2026/07/15 02:54:46.706, 3, NVIDIA GeForce RTX 5090, 0, 0
2026/07/15 02:54:46.713, 4, NVIDIA GeForce RTX 5090, 0, 0
2026/07/15 02:54:48.852, 0, NVIDIA GeForce RTX 5090, 2941, 99
2026/07/15 02:54:48.856, 1, NVIDIA GeForce RTX 5090, 0, 0
2026/07/15 02:54:48.865, 2, NVIDIA GeForce RTX 5090, 0, 0
2026/07/15 02:54:48.872, 3, NVIDIA GeForce RTX 5090, 0, 0
2026/07/15 02:54:48.880, 4, NVIDIA GeForce RTX 5090, 0, 0
2026/07/15 02:54:51.017, 0, NVIDIA GeForce RTX 5090, 2941, 99
2026/07/15 02:54:51.023, 1, NVIDIA GeForce RTX 5090, 0, 0
2026/07/15 02:54:51.030, 2, NVIDIA GeForce RTX 5090, 0, 0
2026/07/15 02:54:51.038, 3, NVIDIA GeForce RTX 5090, 0, 0
2026/07/15 02:54:51.045, 4, NVIDIA GeForce RTX 5090, 0, 0
2026/07/15 02:54:53.178, 0, NVIDIA GeForce RTX 5090, 2941, 99
2026/07/15 02:54:53.182, 1, NVIDIA GeForce RTX 5090, 0, 0
2026/07/15 02:54:53.190, 2, NVIDIA GeForce RTX 5090, 0, 0
2026/07/15 02:54:53.198, 3, NVIDIA GeForce RTX 5090, 0, 0
2026/07/15 02:54:53.206, 4, NVIDIA GeForce RTX 5090, 0, 0
2026/07/15 02:54:55.362, 0, NVIDIA GeForce RTX 5090, 2941, 99
2026/07/15 02:54:55.367, 1, NVIDIA GeForce RTX 5090, 0, 0
2026/07/15 02:54:55.375, 2, NVIDIA GeForce RTX 5090, 0, 0
2026/07/15 02:54:55.384, 3, NVIDIA GeForce RTX 5090, 0, 0
2026/07/15 02:54:55.391, 4, NVIDIA GeForce RTX 5090, 0, 0
2026/07/15 02:54:57.527, 0, NVIDIA GeForce RTX 5090, 2941, 99
2026/07/15 02:54:57.532, 1, NVIDIA GeForce RTX 5090, 0, 0
2026/07/15 02:54:57.540, 2, NVIDIA GeForce RTX 5090, 0, 0
2026/07/15 02:54:57.549, 3, NVIDIA GeForce RTX 5090, 0, 0
2026/07/15 02:54:57.557, 4, NVIDIA GeForce RTX 5090, 0, 0
2026/07/15 02:54:59.692, 0, NVIDIA GeForce RTX 5090, 2941, 99
2026/07/15 02:54:59.697, 1, NVIDIA GeForce RTX 5090, 0, 0
2026/07/15 02:54:59.706, 2, NVIDIA GeForce RTX 5090, 0, 0
2026/07/15 02:54:59.713, 3, NVIDIA GeForce RTX 5090, 0, 0
2026/07/15 02:54:59.721, 4, NVIDIA GeForce RTX 5090, 0, 0
2026/07/15 02:55:01.864, 0, NVIDIA GeForce RTX 5090, 2941, 99
2026/07/15 02:55:01.869, 1, NVIDIA GeForce RTX 5090, 0, 0
2026/07/15 02:55:01.878, 2, NVIDIA GeForce RTX 5090, 0, 0
2026/07/15 02:55:01.886, 3, NVIDIA GeForce RTX 5090, 0, 0
2026/07/15 02:55:01.894, 4, NVIDIA GeForce RTX 5090, 0, 0
2026/07/15 02:55:04.031, 0, NVIDIA GeForce RTX 5090, 2941, 99
2026/07/15 02:55:04.036, 1, NVIDIA GeForce RTX 5090, 0, 0
2026/07/15 02:55:04.045, 2, NVIDIA GeForce RTX 5090, 0, 0
2026/07/15 02:55:04.052, 3, NVIDIA GeForce RTX 5090, 0, 0
2026/07/15 02:55:04.059, 4, NVIDIA GeForce RTX 5090, 0, 0
2026/07/15 02:55:06.198, 0, NVIDIA GeForce RTX 5090, 2941, 99
2026/07/15 02:55:06.203, 1, NVIDIA GeForce RTX 5090, 0, 0
2026/07/15 02:55:06.211, 2, NVIDIA GeForce RTX 5090, 0, 0
2026/07/15 02:55:06.218, 3, NVIDIA GeForce RTX 5090, 0, 0
2026/07/15 02:55:06.226, 4, NVIDIA GeForce RTX 5090, 0, 0
2026/07/15 02:55:08.380, 0, NVIDIA GeForce RTX 5090, 2941, 99
2026/07/15 02:55:08.387, 1, NVIDIA GeForce RTX 5090, 0, 0
2026/07/15 02:55:08.394, 2, NVIDIA GeForce RTX 5090, 0, 0
2026/07/15 02:55:08.402, 3, NVIDIA GeForce RTX 5090, 0, 0
2026/07/15 02:55:08.410, 4, NVIDIA GeForce RTX 5090, 0, 0
2026/07/15 02:55:10.550, 0, NVIDIA GeForce RTX 5090, 2941, 98
2026/07/15 02:55:10.554, 1, NVIDIA GeForce RTX 5090, 0, 0
2026/07/15 02:55:10.561, 2, NVIDIA GeForce RTX 5090, 0, 0
2026/07/15 02:55:10.569, 3, NVIDIA GeForce RTX 5090, 0, 0
2026/07/15 02:55:10.576, 4, NVIDIA GeForce RTX 5090, 0, 0
2026/07/15 02:55:12.714, 0, NVIDIA GeForce RTX 5090, 2941, 99
2026/07/15 02:55:12.719, 1, NVIDIA GeForce RTX 5090, 0, 0
2026/07/15 02:55:12.727, 2, NVIDIA GeForce RTX 5090, 0, 0
2026/07/15 02:55:12.735, 3, NVIDIA GeForce RTX 5090, 0, 0
2026/07/15 02:55:12.743, 4, NVIDIA GeForce RTX 5090, 0, 0
2026/07/15 02:55:14.882, 0, NVIDIA GeForce RTX 5090, 2941, 83
2026/07/15 02:55:14.889, 1, NVIDIA GeForce RTX 5090, 0, 0
2026/07/15 02:55:14.897, 2, NVIDIA GeForce RTX 5090, 0, 0
2026/07/15 02:55:14.904, 3, NVIDIA GeForce RTX 5090, 0, 0
2026/07/15 02:55:14.912, 4, NVIDIA GeForce RTX 5090, 0, 0
2026/07/15 02:55:17.047, 0, NVIDIA GeForce RTX 5090, 2941, 99
2026/07/15 02:55:17.049, 1, NVIDIA GeForce RTX 5090, 0, 0
2026/07/15 02:55:17.059, 2, NVIDIA GeForce RTX 5090, 0, 0
2026/07/15 02:55:17.066, 3, NVIDIA GeForce RTX 5090, 0, 0
2026/07/15 02:55:17.074, 4, NVIDIA GeForce RTX 5090, 0, 0
2026/07/15 02:55:19.252, 0, NVIDIA GeForce RTX 5090, 2941, 99
2026/07/15 02:55:19.257, 1, NVIDIA GeForce RTX 5090, 0, 0
2026/07/15 02:55:19.266, 2, NVIDIA GeForce RTX 5090, 0, 0
2026/07/15 02:55:19.274, 3, NVIDIA GeForce RTX 5090, 0, 0
2026/07/15 02:55:19.281, 4, NVIDIA GeForce RTX 5090, 0, 0
2026/07/15 02:55:21.423, 0, NVIDIA GeForce RTX 5090, 2941, 99
2026/07/15 02:55:21.429, 1, NVIDIA GeForce RTX 5090, 0, 0
2026/07/15 02:55:21.437, 2, NVIDIA GeForce RTX 5090, 0, 0
2026/07/15 02:55:21.445, 3, NVIDIA GeForce RTX 5090, 0, 0
2026/07/15 02:55:21.452, 4, NVIDIA GeForce RTX 5090, 0, 0
2026/07/15 02:55:23.589, 0, NVIDIA GeForce RTX 5090, 2941, 99
2026/07/15 02:55:23.595, 1, NVIDIA GeForce RTX 5090, 0, 0
2026/07/15 02:55:23.603, 2, NVIDIA GeForce RTX 5090, 0, 0
2026/07/15 02:55:23.610, 3, NVIDIA GeForce RTX 5090, 0, 0
2026/07/15 02:55:23.618, 4, NVIDIA GeForce RTX 5090, 0, 0
2026/07/15 02:55:25.752, 0, NVIDIA GeForce RTX 5090, 2941, 25
2026/07/15 02:55:25.756, 1, NVIDIA GeForce RTX 5090, 0, 0
2026/07/15 02:55:25.764, 2, NVIDIA GeForce RTX 5090, 0, 0
2026/07/15 02:55:25.771, 3, NVIDIA GeForce RTX 5090, 0, 0
2026/07/15 02:55:25.779, 4, NVIDIA GeForce RTX 5090, 0, 0
2026/07/15 02:55:27.911, 0, NVIDIA GeForce RTX 5090, 2941, 99
2026/07/15 02:55:27.915, 1, NVIDIA GeForce RTX 5090, 0, 0
2026/07/15 02:55:27.924, 2, NVIDIA GeForce RTX 5090, 0, 0
2026/07/15 02:55:27.931, 3, NVIDIA GeForce RTX 5090, 0, 0
2026/07/15 02:55:27.939, 4, NVIDIA GeForce RTX 5090, 0, 0
2026/07/15 02:55:30.091, 0, NVIDIA GeForce RTX 5090, 2941, 98
2026/07/15 02:55:30.094, 1, NVIDIA GeForce RTX 5090, 0, 0
2026/07/15 02:55:30.103, 2, NVIDIA GeForce RTX 5090, 0, 0
2026/07/15 02:55:30.111, 3, NVIDIA GeForce RTX 5090, 0, 0
2026/07/15 02:55:30.119, 4, NVIDIA GeForce RTX 5090, 0, 0
2026/07/15 02:55:32.275, 0, NVIDIA GeForce RTX 5090, 2941, 99
2026/07/15 02:55:32.280, 1, NVIDIA GeForce RTX 5090, 0, 0
2026/07/15 02:55:32.288, 2, NVIDIA GeForce RTX 5090, 0, 0
2026/07/15 02:55:32.296, 3, NVIDIA GeForce RTX 5090, 0, 0
2026/07/15 02:55:32.303, 4, NVIDIA GeForce RTX 5090, 0, 0
2026/07/15 02:55:34.441, 0, NVIDIA GeForce RTX 5090, 2941, 98
2026/07/15 02:55:34.449, 1, NVIDIA GeForce RTX 5090, 0, 0
2026/07/15 02:55:34.457, 2, NVIDIA GeForce RTX 5090, 0, 0
2026/07/15 02:55:34.464, 3, NVIDIA GeForce RTX 5090, 0, 0
2026/07/15 02:55:34.472, 4, NVIDIA GeForce RTX 5090, 0, 0
2026/07/15 02:55:36.626, 0, NVIDIA GeForce RTX 5090, 2941, 99
2026/07/15 02:55:36.633, 1, NVIDIA GeForce RTX 5090, 0, 0
2026/07/15 02:55:36.641, 2, NVIDIA GeForce RTX 5090, 0, 0
2026/07/15 02:55:36.650, 3, NVIDIA GeForce RTX 5090, 0, 0
2026/07/15 02:55:36.657, 4, NVIDIA GeForce RTX 5090, 0, 0
2026/07/15 02:55:38.798, 0, NVIDIA GeForce RTX 5090, 2941, 99
2026/07/15 02:55:38.806, 1, NVIDIA GeForce RTX 5090, 0, 0
2026/07/15 02:55:38.814, 2, NVIDIA GeForce RTX 5090, 0, 0
2026/07/15 02:55:38.822, 3, NVIDIA GeForce RTX 5090, 0, 0
2026/07/15 02:55:38.829, 4, NVIDIA GeForce RTX 5090, 0, 0
2026/07/15 02:55:40.966, 0, NVIDIA GeForce RTX 5090, 2941, 99
2026/07/15 02:55:40.971, 1, NVIDIA GeForce RTX 5090, 0, 0
2026/07/15 02:55:40.980, 2, NVIDIA GeForce RTX 5090, 0, 0
2026/07/15 02:55:40.987, 3, NVIDIA GeForce RTX 5090, 0, 0
2026/07/15 02:55:40.995, 4, NVIDIA GeForce RTX 5090, 0, 0
2026/07/15 02:55:43.134, 0, NVIDIA GeForce RTX 5090, 2941, 99
2026/07/15 02:55:43.139, 1, NVIDIA GeForce RTX 5090, 0, 0
2026/07/15 02:55:43.147, 2, NVIDIA GeForce RTX 5090, 0, 0
2026/07/15 02:55:43.155, 3, NVIDIA GeForce RTX 5090, 0, 0
2026/07/15 02:55:43.162, 4, NVIDIA GeForce RTX 5090, 0, 0
2026/07/15 02:55:45.296, 0, NVIDIA GeForce RTX 5090, 2941, 98
2026/07/15 02:55:45.302, 1, NVIDIA GeForce RTX 5090, 0, 0
2026/07/15 02:55:45.309, 2, NVIDIA GeForce RTX 5090, 0, 0
2026/07/15 02:55:45.317, 3, NVIDIA GeForce RTX 5090, 0, 0
2026/07/15 02:55:45.324, 4, NVIDIA GeForce RTX 5090, 0, 0
2026/07/15 02:55:47.481, 0, NVIDIA GeForce RTX 5090, 2941, 99
2026/07/15 02:55:47.488, 1, NVIDIA GeForce RTX 5090, 0, 0
2026/07/15 02:55:47.496, 2, NVIDIA GeForce RTX 5090, 0, 0
2026/07/15 02:55:47.504, 3, NVIDIA GeForce RTX 5090, 0, 0
2026/07/15 02:55:47.511, 4, NVIDIA GeForce RTX 5090, 0, 0
2026/07/15 02:55:49.671, 0, NVIDIA GeForce RTX 5090, 2941, 98
2026/07/15 02:55:49.676, 1, NVIDIA GeForce RTX 5090, 0, 0
2026/07/15 02:55:49.685, 2, NVIDIA GeForce RTX 5090, 0, 0
2026/07/15 02:55:49.692, 3, NVIDIA GeForce RTX 5090, 0, 0
2026/07/15 02:55:49.700, 4, NVIDIA GeForce RTX 5090, 0, 0
2026/07/15 02:55:51.848, 0, NVIDIA GeForce RTX 5090, 2941, 99
2026/07/15 02:55:51.853, 1, NVIDIA GeForce RTX 5090, 0, 0
2026/07/15 02:55:51.861, 2, NVIDIA GeForce RTX 5090, 0, 0
2026/07/15 02:55:51.869, 3, NVIDIA GeForce RTX 5090, 0, 0
2026/07/15 02:55:51.877, 4, NVIDIA GeForce RTX 5090, 0, 0
2026/07/15 02:55:54.012, 0, NVIDIA GeForce RTX 5090, 2941, 6
2026/07/15 02:55:54.018, 1, NVIDIA GeForce RTX 5090, 0, 0
2026/07/15 02:55:54.026, 2, NVIDIA GeForce RTX 5090, 0, 0
2026/07/15 02:55:54.034, 3, NVIDIA GeForce RTX 5090, 0, 0
2026/07/15 02:55:54.041, 4, NVIDIA GeForce RTX 5090, 0, 0
2026/07/15 02:55:56.176, 0, NVIDIA GeForce RTX 5090, 2941, 99
2026/07/15 02:55:56.181, 1, NVIDIA GeForce RTX 5090, 0, 0
2026/07/15 02:55:56.189, 2, NVIDIA GeForce RTX 5090, 0, 0
2026/07/15 02:55:56.196, 3, NVIDIA GeForce RTX 5090, 0, 0
2026/07/15 02:55:56.204, 4, NVIDIA GeForce RTX 5090, 0, 0
2026/07/15 02:55:58.341, 0, NVIDIA GeForce RTX 5090, 2941, 99
2026/07/15 02:55:58.348, 1, NVIDIA GeForce RTX 5090, 0, 0
2026/07/15 02:55:58.359, 2, NVIDIA GeForce RTX 5090, 0, 0
2026/07/15 02:55:58.367, 3, NVIDIA GeForce RTX 5090, 0, 0
2026/07/15 02:55:58.375, 4, NVIDIA GeForce RTX 5090, 0, 0
2026/07/15 02:56:00.513, 0, NVIDIA GeForce RTX 5090, 2941, 99
2026/07/15 02:56:00.519, 1, NVIDIA GeForce RTX 5090, 0, 0
2026/07/15 02:56:00.527, 2, NVIDIA GeForce RTX 5090, 0, 0
2026/07/15 02:56:00.534, 3, NVIDIA GeForce RTX 5090, 0, 0
2026/07/15 02:56:00.542, 4, NVIDIA GeForce RTX 5090, 0, 0
2026/07/15 02:56:02.681, 0, NVIDIA GeForce RTX 5090, 2943, 98
2026/07/15 02:56:02.686, 1, NVIDIA GeForce RTX 5090, 0, 0
2026/07/15 02:56:02.695, 2, NVIDIA GeForce RTX 5090, 0, 0
2026/07/15 02:56:02.703, 3, NVIDIA GeForce RTX 5090, 0, 0
2026/07/15 02:56:02.711, 4, NVIDIA GeForce RTX 5090, 0, 0
2026/07/15 02:56:04.850, 0, NVIDIA GeForce RTX 5090, 2943, 99
2026/07/15 02:56:04.857, 1, NVIDIA GeForce RTX 5090, 0, 0
2026/07/15 02:56:04.864, 2, NVIDIA GeForce RTX 5090, 0, 0
2026/07/15 02:56:04.871, 3, NVIDIA GeForce RTX 5090, 0, 0
2026/07/15 02:56:04.879, 4, NVIDIA GeForce RTX 5090, 0, 0
2026/07/15 02:56:07.018, 0, NVIDIA GeForce RTX 5090, 2943, 99
2026/07/15 02:56:07.022, 1, NVIDIA GeForce RTX 5090, 0, 0
2026/07/15 02:56:07.030, 2, NVIDIA GeForce RTX 5090, 0, 0
2026/07/15 02:56:07.038, 3, NVIDIA GeForce RTX 5090, 0, 0
2026/07/15 02:56:07.045, 4, NVIDIA GeForce RTX 5090, 0, 0
2026/07/15 02:56:09.180, 0, NVIDIA GeForce RTX 5090, 2943, 99
2026/07/15 02:56:09.186, 1, NVIDIA GeForce RTX 5090, 0, 0
2026/07/15 02:56:09.194, 2, NVIDIA GeForce RTX 5090, 0, 0
2026/07/15 02:56:09.202, 3, NVIDIA GeForce RTX 5090, 0, 0
2026/07/15 02:56:09.209, 4, NVIDIA GeForce RTX 5090, 0, 0
2026/07/15 02:56:11.349, 0, NVIDIA GeForce RTX 5090, 2943, 12
2026/07/15 02:56:11.354, 1, NVIDIA GeForce RTX 5090, 0, 0
2026/07/15 02:56:11.362, 2, NVIDIA GeForce RTX 5090, 0, 0
2026/07/15 02:56:11.370, 3, NVIDIA GeForce RTX 5090, 0, 0
2026/07/15 02:56:11.379, 4, NVIDIA GeForce RTX 5090, 0, 0
2026/07/15 02:56:13.518, 0, NVIDIA GeForce RTX 5090, 2943, 99
2026/07/15 02:56:13.524, 1, NVIDIA GeForce RTX 5090, 0, 0
2026/07/15 02:56:13.532, 2, NVIDIA GeForce RTX 5090, 0, 0
2026/07/15 02:56:13.539, 3, NVIDIA GeForce RTX 5090, 0, 0
2026/07/15 02:56:13.547, 4, NVIDIA GeForce RTX 5090, 0, 0
2026/07/15 02:56:15.680, 0, NVIDIA GeForce RTX 5090, 2943, 99
2026/07/15 02:56:15.686, 1, NVIDIA GeForce RTX 5090, 0, 0
2026/07/15 02:56:15.694, 2, NVIDIA GeForce RTX 5090, 0, 0
2026/07/15 02:56:15.706, 3, NVIDIA GeForce RTX 5090, 0, 0
2026/07/15 02:56:15.713, 4, NVIDIA GeForce RTX 5090, 0, 0
2026/07/15 02:56:17.873, 0, NVIDIA GeForce RTX 5090, 2943, 99
2026/07/15 02:56:17.878, 1, NVIDIA GeForce RTX 5090, 0, 0
2026/07/15 02:56:17.886, 2, NVIDIA GeForce RTX 5090, 0, 0
2026/07/15 02:56:17.893, 3, NVIDIA GeForce RTX 5090, 0, 0
2026/07/15 02:56:17.901, 4, NVIDIA GeForce RTX 5090, 0, 0
2026/07/15 02:56:20.036, 0, NVIDIA GeForce RTX 5090, 2943, 99
2026/07/15 02:56:20.041, 1, NVIDIA GeForce RTX 5090, 0, 0
2026/07/15 02:56:20.049, 2, NVIDIA GeForce RTX 5090, 0, 0
2026/07/15 02:56:20.057, 3, NVIDIA GeForce RTX 5090, 0, 0
2026/07/15 02:56:20.065, 4, NVIDIA GeForce RTX 5090, 0, 0
2026/07/15 02:56:22.199, 0, NVIDIA GeForce RTX 5090, 2943, 95
2026/07/15 02:56:22.204, 1, NVIDIA GeForce RTX 5090, 0, 0
2026/07/15 02:56:22.212, 2, NVIDIA GeForce RTX 5090, 0, 0
2026/07/15 02:56:22.220, 3, NVIDIA GeForce RTX 5090, 0, 0
2026/07/15 02:56:22.228, 4, NVIDIA GeForce RTX 5090, 0, 0
2026/07/15 02:56:24.371, 0, NVIDIA GeForce RTX 5090, 2943, 99
2026/07/15 02:56:24.376, 1, NVIDIA GeForce RTX 5090, 0, 0
2026/07/15 02:56:24.383, 2, NVIDIA GeForce RTX 5090, 0, 0
2026/07/15 02:56:24.391, 3, NVIDIA GeForce RTX 5090, 0, 0
2026/07/15 02:56:24.398, 4, NVIDIA GeForce RTX 5090, 0, 0
2026/07/15 02:56:26.559, 0, NVIDIA GeForce RTX 5090, 2943, 99
2026/07/15 02:56:26.564, 1, NVIDIA GeForce RTX 5090, 0, 0
2026/07/15 02:56:26.571, 2, NVIDIA GeForce RTX 5090, 0, 0
2026/07/15 02:56:26.579, 3, NVIDIA GeForce RTX 5090, 0, 0
2026/07/15 02:56:26.586, 4, NVIDIA GeForce RTX 5090, 0, 0
2026/07/15 02:56:28.725, 0, NVIDIA GeForce RTX 5090, 2943, 99
2026/07/15 02:56:28.730, 1, NVIDIA GeForce RTX 5090, 0, 0
2026/07/15 02:56:28.745, 2, NVIDIA GeForce RTX 5090, 0, 0
2026/07/15 02:56:28.752, 3, NVIDIA GeForce RTX 5090, 0, 0
2026/07/15 02:56:28.760, 4, NVIDIA GeForce RTX 5090, 0, 0
2026/07/15 02:56:30.896, 0, NVIDIA GeForce RTX 5090, 2943, 99
2026/07/15 02:56:30.904, 1, NVIDIA GeForce RTX 5090, 0, 0
2026/07/15 02:56:30.912, 2, NVIDIA GeForce RTX 5090, 0, 0
2026/07/15 02:56:30.919, 3, NVIDIA GeForce RTX 5090, 0, 0
2026/07/15 02:56:30.927, 4, NVIDIA GeForce RTX 5090, 0, 0
2026/07/15 02:56:33.070, 0, NVIDIA GeForce RTX 5090, 2943, 99
2026/07/15 02:56:33.075, 1, NVIDIA GeForce RTX 5090, 0, 0
2026/07/15 02:56:33.083, 2, NVIDIA GeForce RTX 5090, 0, 0
2026/07/15 02:56:33.096, 3, NVIDIA GeForce RTX 5090, 0, 0
2026/07/15 02:56:33.105, 4, NVIDIA GeForce RTX 5090, 0, 0
2026/07/15 02:56:35.273, 0, NVIDIA GeForce RTX 5090, 2943, 98
2026/07/15 02:56:35.277, 1, NVIDIA GeForce RTX 5090, 0, 0
2026/07/15 02:56:35.286, 2, NVIDIA GeForce RTX 5090, 0, 0
2026/07/15 02:56:35.293, 3, NVIDIA GeForce RTX 5090, 0, 0
2026/07/15 02:56:35.301, 4, NVIDIA GeForce RTX 5090, 0, 0
2026/07/15 02:56:37.433, 0, NVIDIA GeForce RTX 5090, 2943, 99
2026/07/15 02:56:37.439, 1, NVIDIA GeForce RTX 5090, 0, 0
2026/07/15 02:56:37.447, 2, NVIDIA GeForce RTX 5090, 0, 0
2026/07/15 02:56:37.454, 3, NVIDIA GeForce RTX 5090, 0, 0
2026/07/15 02:56:37.461, 4, NVIDIA GeForce RTX 5090, 0, 0
2026/07/15 02:56:39.600, 0, NVIDIA GeForce RTX 5090, 2943, 98
2026/07/15 02:56:39.605, 1, NVIDIA GeForce RTX 5090, 0, 0
2026/07/15 02:56:39.614, 2, NVIDIA GeForce RTX 5090, 0, 0
2026/07/15 02:56:39.621, 3, NVIDIA GeForce RTX 5090, 0, 0
2026/07/15 02:56:39.630, 4, NVIDIA GeForce RTX 5090, 0, 0
2026/07/15 02:56:41.769, 0, NVIDIA GeForce RTX 5090, 2943, 99
2026/07/15 02:56:41.776, 1, NVIDIA GeForce RTX 5090, 0, 0
2026/07/15 02:56:41.785, 2, NVIDIA GeForce RTX 5090, 0, 0
2026/07/15 02:56:41.793, 3, NVIDIA GeForce RTX 5090, 0, 0
2026/07/15 02:56:41.801, 4, NVIDIA GeForce RTX 5090, 0, 0
2026/07/15 02:56:43.981, 0, NVIDIA GeForce RTX 5090, 2943, 99
2026/07/15 02:56:43.987, 1, NVIDIA GeForce RTX 5090, 0, 0
2026/07/15 02:56:43.994, 2, NVIDIA GeForce RTX 5090, 0, 0
2026/07/15 02:56:44.004, 3, NVIDIA GeForce RTX 5090, 0, 0
2026/07/15 02:56:44.011, 4, NVIDIA GeForce RTX 5090, 0, 0
2026/07/15 02:56:46.170, 0, NVIDIA GeForce RTX 5090, 2943, 99
2026/07/15 02:56:46.174, 1, NVIDIA GeForce RTX 5090, 0, 0
2026/07/15 02:56:46.182, 2, NVIDIA GeForce RTX 5090, 0, 0
2026/07/15 02:56:46.190, 3, NVIDIA GeForce RTX 5090, 0, 0
2026/07/15 02:56:46.198, 4, NVIDIA GeForce RTX 5090, 0, 0
2026/07/15 02:56:48.361, 0, NVIDIA GeForce RTX 5090, 2943, 99
2026/07/15 02:56:48.366, 1, NVIDIA GeForce RTX 5090, 0, 0
2026/07/15 02:56:48.374, 2, NVIDIA GeForce RTX 5090, 0, 0
2026/07/15 02:56:48.381, 3, NVIDIA GeForce RTX 5090, 0, 0
2026/07/15 02:56:48.389, 4, NVIDIA GeForce RTX 5090, 0, 0
2026/07/15 02:56:50.527, 0, NVIDIA GeForce RTX 5090, 2943, 99
2026/07/15 02:56:50.531, 1, NVIDIA GeForce RTX 5090, 0, 0
2026/07/15 02:56:50.541, 2, NVIDIA GeForce RTX 5090, 0, 0
2026/07/15 02:56:50.549, 3, NVIDIA GeForce RTX 5090, 0, 0
2026/07/15 02:56:50.556, 4, NVIDIA GeForce RTX 5090, 0, 0
2026/07/15 02:56:52.698, 0, NVIDIA GeForce RTX 5090, 2943, 99
2026/07/15 02:56:52.701, 1, NVIDIA GeForce RTX 5090, 0, 0
2026/07/15 02:56:52.710, 2, NVIDIA GeForce RTX 5090, 0, 0
2026/07/15 02:56:52.718, 3, NVIDIA GeForce RTX 5090, 0, 0
2026/07/15 02:56:52.725, 4, NVIDIA GeForce RTX 5090, 0, 0
2026/07/15 02:56:54.860, 0, NVIDIA GeForce RTX 5090, 2943, 98
2026/07/15 02:56:54.863, 1, NVIDIA GeForce RTX 5090, 0, 0
2026/07/15 02:56:54.872, 2, NVIDIA GeForce RTX 5090, 0, 0
2026/07/15 02:56:54.880, 3, NVIDIA GeForce RTX 5090, 0, 0
2026/07/15 02:56:54.887, 4, NVIDIA GeForce RTX 5090, 0, 0
2026/07/15 02:56:57.062, 0, NVIDIA GeForce RTX 5090, 2943, 99
2026/07/15 02:56:57.067, 1, NVIDIA GeForce RTX 5090, 0, 0
2026/07/15 02:56:57.075, 2, NVIDIA GeForce RTX 5090, 0, 0
2026/07/15 02:56:57.082, 3, NVIDIA GeForce RTX 5090, 0, 0
2026/07/15 02:56:57.090, 4, NVIDIA GeForce RTX 5090, 0, 0
2026/07/15 02:56:59.228, 0, NVIDIA GeForce RTX 5090, 2943, 98
2026/07/15 02:56:59.234, 1, NVIDIA GeForce RTX 5090, 0, 0
2026/07/15 02:56:59.242, 2, NVIDIA GeForce RTX 5090, 0, 0
2026/07/15 02:56:59.250, 3, NVIDIA GeForce RTX 5090, 0, 0
2026/07/15 02:56:59.257, 4, NVIDIA GeForce RTX 5090, 0, 0
2026/07/15 02:57:01.397, 0, NVIDIA GeForce RTX 5090, 2943, 99
2026/07/15 02:57:01.406, 1, NVIDIA GeForce RTX 5090, 0, 0
2026/07/15 02:57:01.413, 2, NVIDIA GeForce RTX 5090, 0, 0
2026/07/15 02:57:01.420, 3, NVIDIA GeForce RTX 5090, 0, 0
2026/07/15 02:57:01.428, 4, NVIDIA GeForce RTX 5090, 0, 0
2026/07/15 02:57:03.566, 0, NVIDIA GeForce RTX 5090, 2943, 5
2026/07/15 02:57:03.571, 1, NVIDIA GeForce RTX 5090, 0, 0
2026/07/15 02:57:03.580, 2, NVIDIA GeForce RTX 5090, 0, 0
2026/07/15 02:57:03.587, 3, NVIDIA GeForce RTX 5090, 0, 0
2026/07/15 02:57:03.595, 4, NVIDIA GeForce RTX 5090, 0, 0
2026/07/15 02:57:05.753, 0, NVIDIA GeForce RTX 5090, 2943, 99
2026/07/15 02:57:05.758, 1, NVIDIA GeForce RTX 5090, 0, 0
2026/07/15 02:57:05.773, 2, NVIDIA GeForce RTX 5090, 0, 0
2026/07/15 02:57:05.780, 3, NVIDIA GeForce RTX 5090, 0, 0
2026/07/15 02:57:05.788, 4, NVIDIA GeForce RTX 5090, 0, 0
2026/07/15 02:57:07.943, 0, NVIDIA GeForce RTX 5090, 2943, 99
2026/07/15 02:57:07.946, 1, NVIDIA GeForce RTX 5090, 0, 0
2026/07/15 02:57:07.955, 2, NVIDIA GeForce RTX 5090, 0, 0
2026/07/15 02:57:07.963, 3, NVIDIA GeForce RTX 5090, 0, 0
2026/07/15 02:57:07.974, 4, NVIDIA GeForce RTX 5090, 0, 0
2026/07/15 02:57:10.109, 0, NVIDIA GeForce RTX 5090, 2943, 99
2026/07/15 02:57:10.113, 1, NVIDIA GeForce RTX 5090, 0, 0
2026/07/15 02:57:10.122, 2, NVIDIA GeForce RTX 5090, 0, 0
2026/07/15 02:57:10.129, 3, NVIDIA GeForce RTX 5090, 0, 0
2026/07/15 02:57:10.137, 4, NVIDIA GeForce RTX 5090, 0, 0
2026/07/15 02:57:12.273, 0, NVIDIA GeForce RTX 5090, 2943, 99
2026/07/15 02:57:12.278, 1, NVIDIA GeForce RTX 5090, 0, 0
2026/07/15 02:57:12.286, 2, NVIDIA GeForce RTX 5090, 0, 0
2026/07/15 02:57:12.294, 3, NVIDIA GeForce RTX 5090, 0, 0
2026/07/15 02:57:12.303, 4, NVIDIA GeForce RTX 5090, 0, 0
2026/07/15 02:57:14.440, 0, NVIDIA GeForce RTX 5090, 2943, 99
2026/07/15 02:57:14.443, 1, NVIDIA GeForce RTX 5090, 0, 0
2026/07/15 02:57:14.451, 2, NVIDIA GeForce RTX 5090, 0, 0
2026/07/15 02:57:14.458, 3, NVIDIA GeForce RTX 5090, 0, 0
2026/07/15 02:57:14.466, 4, NVIDIA GeForce RTX 5090, 0, 0
2026/07/15 02:57:16.638, 0, NVIDIA GeForce RTX 5090, 2943, 99
2026/07/15 02:57:16.643, 1, NVIDIA GeForce RTX 5090, 0, 0
2026/07/15 02:57:16.651, 2, NVIDIA GeForce RTX 5090, 0, 0
2026/07/15 02:57:16.659, 3, NVIDIA GeForce RTX 5090, 0, 0
2026/07/15 02:57:16.666, 4, NVIDIA GeForce RTX 5090, 0, 0
2026/07/15 02:57:18.805, 0, NVIDIA GeForce RTX 5090, 2943, 99
2026/07/15 02:57:18.809, 1, NVIDIA GeForce RTX 5090, 0, 0
2026/07/15 02:57:18.817, 2, NVIDIA GeForce RTX 5090, 0, 0
2026/07/15 02:57:18.825, 3, NVIDIA GeForce RTX 5090, 0, 0
2026/07/15 02:57:18.834, 4, NVIDIA GeForce RTX 5090, 0, 0
2026/07/15 02:57:20.973, 0, NVIDIA GeForce RTX 5090, 2943, 99
2026/07/15 02:57:20.977, 1, NVIDIA GeForce RTX 5090, 0, 0
2026/07/15 02:57:20.985, 2, NVIDIA GeForce RTX 5090, 0, 0
2026/07/15 02:57:20.994, 3, NVIDIA GeForce RTX 5090, 0, 0
2026/07/15 02:57:21.002, 4, NVIDIA GeForce RTX 5090, 0, 0
2026/07/15 02:57:23.138, 0, NVIDIA GeForce RTX 5090, 2943, 98
2026/07/15 02:57:23.145, 1, NVIDIA GeForce RTX 5090, 0, 0
2026/07/15 02:57:23.153, 2, NVIDIA GeForce RTX 5090, 0, 0
2026/07/15 02:57:23.161, 3, NVIDIA GeForce RTX 5090, 0, 0
2026/07/15 02:57:23.168, 4, NVIDIA GeForce RTX 5090, 0, 0
2026/07/15 02:57:25.306, 0, NVIDIA GeForce RTX 5090, 2943, 99
2026/07/15 02:57:25.313, 1, NVIDIA GeForce RTX 5090, 0, 0
2026/07/15 02:57:25.323, 2, NVIDIA GeForce RTX 5090, 0, 0
2026/07/15 02:57:25.330, 3, NVIDIA GeForce RTX 5090, 0, 0
2026/07/15 02:57:25.338, 4, NVIDIA GeForce RTX 5090, 0, 0
2026/07/15 02:57:27.475, 0, NVIDIA GeForce RTX 5090, 2943, 99
2026/07/15 02:57:27.482, 1, NVIDIA GeForce RTX 5090, 0, 0
2026/07/15 02:57:27.490, 2, NVIDIA GeForce RTX 5090, 0, 0
2026/07/15 02:57:27.497, 3, NVIDIA GeForce RTX 5090, 0, 0
2026/07/15 02:57:27.505, 4, NVIDIA GeForce RTX 5090, 0, 0
2026/07/15 02:57:29.646, 0, NVIDIA GeForce RTX 5090, 2943, 98
2026/07/15 02:57:29.653, 1, NVIDIA GeForce RTX 5090, 0, 0
2026/07/15 02:57:29.662, 2, NVIDIA GeForce RTX 5090, 0, 0
2026/07/15 02:57:29.670, 3, NVIDIA GeForce RTX 5090, 0, 0
2026/07/15 02:57:29.678, 4, NVIDIA GeForce RTX 5090, 0, 0
2026/07/15 02:57:31.815, 0, NVIDIA GeForce RTX 5090, 2943, 99
2026/07/15 02:57:31.822, 1, NVIDIA GeForce RTX 5090, 0, 0
2026/07/15 02:57:31.830, 2, NVIDIA GeForce RTX 5090, 0, 0
2026/07/15 02:57:31.838, 3, NVIDIA GeForce RTX 5090, 0, 0
2026/07/15 02:57:31.845, 4, NVIDIA GeForce RTX 5090, 0, 0
2026/07/15 02:57:33.982, 0, NVIDIA GeForce RTX 5090, 2943, 99
2026/07/15 02:57:33.987, 1, NVIDIA GeForce RTX 5090, 0, 0
2026/07/15 02:57:33.995, 2, NVIDIA GeForce RTX 5090, 0, 0
2026/07/15 02:57:34.003, 3, NVIDIA GeForce RTX 5090, 0, 0
2026/07/15 02:57:34.013, 4, NVIDIA GeForce RTX 5090, 0, 0
2026/07/15 02:57:36.149, 0, NVIDIA GeForce RTX 5090, 2943, 99
2026/07/15 02:57:36.152, 1, NVIDIA GeForce RTX 5090, 0, 0
2026/07/15 02:57:36.160, 2, NVIDIA GeForce RTX 5090, 0, 0
2026/07/15 02:57:36.167, 3, NVIDIA GeForce RTX 5090, 0, 0
2026/07/15 02:57:36.175, 4, NVIDIA GeForce RTX 5090, 0, 0
2026/07/15 02:57:38.308, 0, NVIDIA GeForce RTX 5090, 2943, 97
2026/07/15 02:57:38.314, 1, NVIDIA GeForce RTX 5090, 0, 0
2026/07/15 02:57:38.323, 2, NVIDIA GeForce RTX 5090, 0, 0
2026/07/15 02:57:38.331, 3, NVIDIA GeForce RTX 5090, 0, 0
2026/07/15 02:57:38.340, 4, NVIDIA GeForce RTX 5090, 0, 0
2026/07/15 02:57:40.478, 0, NVIDIA GeForce RTX 5090, 2943, 99
2026/07/15 02:57:40.485, 1, NVIDIA GeForce RTX 5090, 0, 0
2026/07/15 02:57:40.493, 2, NVIDIA GeForce RTX 5090, 0, 0
2026/07/15 02:57:40.500, 3, NVIDIA GeForce RTX 5090, 0, 0
2026/07/15 02:57:40.509, 4, NVIDIA GeForce RTX 5090, 0, 0
2026/07/15 02:57:42.645, 0, NVIDIA GeForce RTX 5090, 2943, 99
2026/07/15 02:57:42.650, 1, NVIDIA GeForce RTX 5090, 0, 0
2026/07/15 02:57:42.666, 2, NVIDIA GeForce RTX 5090, 0, 0
2026/07/15 02:57:42.674, 3, NVIDIA GeForce RTX 5090, 0, 0
2026/07/15 02:57:42.681, 4, NVIDIA GeForce RTX 5090, 0, 0
2026/07/15 02:57:44.820, 0, NVIDIA GeForce RTX 5090, 2943, 99
2026/07/15 02:57:44.825, 1, NVIDIA GeForce RTX 5090, 0, 0
2026/07/15 02:57:44.833, 2, NVIDIA GeForce RTX 5090, 0, 0
2026/07/15 02:57:44.841, 3, NVIDIA GeForce RTX 5090, 0, 0
2026/07/15 02:57:44.848, 4, NVIDIA GeForce RTX 5090, 0, 0
2026/07/15 02:57:46.987, 0, NVIDIA GeForce RTX 5090, 2943, 98
2026/07/15 02:57:46.991, 1, NVIDIA GeForce RTX 5090, 0, 0
2026/07/15 02:57:46.999, 2, NVIDIA GeForce RTX 5090, 0, 0
2026/07/15 02:57:47.006, 3, NVIDIA GeForce RTX 5090, 0, 0
2026/07/15 02:57:47.015, 4, NVIDIA GeForce RTX 5090, 0, 0
2026/07/15 02:57:49.172, 0, NVIDIA GeForce RTX 5090, 2943, 99
2026/07/15 02:57:49.179, 1, NVIDIA GeForce RTX 5090, 0, 0
2026/07/15 02:57:49.187, 2, NVIDIA GeForce RTX 5090, 0, 0
2026/07/15 02:57:49.194, 3, NVIDIA GeForce RTX 5090, 0, 0
2026/07/15 02:57:49.202, 4, NVIDIA GeForce RTX 5090, 0, 0
2026/07/15 02:57:51.345, 0, NVIDIA GeForce RTX 5090, 2943, 86
2026/07/15 02:57:51.350, 1, NVIDIA GeForce RTX 5090, 0, 0
2026/07/15 02:57:51.358, 2, NVIDIA GeForce RTX 5090, 0, 0
2026/07/15 02:57:51.366, 3, NVIDIA GeForce RTX 5090, 0, 0
2026/07/15 02:57:51.371, 4, NVIDIA GeForce RTX 5090, 0, 0
2026/07/15 02:57:53.529, 0, NVIDIA GeForce RTX 5090, 2943, 99
2026/07/15 02:57:53.535, 1, NVIDIA GeForce RTX 5090, 0, 0
2026/07/15 02:57:53.543, 2, NVIDIA GeForce RTX 5090, 0, 0
2026/07/15 02:57:53.550, 3, NVIDIA GeForce RTX 5090, 0, 0
2026/07/15 02:57:53.558, 4, NVIDIA GeForce RTX 5090, 0, 0
2026/07/15 02:57:55.712, 0, NVIDIA GeForce RTX 5090, 2943, 99
2026/07/15 02:57:55.715, 1, NVIDIA GeForce RTX 5090, 0, 0
2026/07/15 02:57:55.723, 2, NVIDIA GeForce RTX 5090, 0, 0
2026/07/15 02:57:55.731, 3, NVIDIA GeForce RTX 5090, 0, 0
2026/07/15 02:57:55.738, 4, NVIDIA GeForce RTX 5090, 0, 0
2026/07/15 02:57:57.873, 0, NVIDIA GeForce RTX 5090, 2943, 99
2026/07/15 02:57:57.877, 1, NVIDIA GeForce RTX 5090, 0, 0
2026/07/15 02:57:57.886, 2, NVIDIA GeForce RTX 5090, 0, 0
2026/07/15 02:57:57.894, 3, NVIDIA GeForce RTX 5090, 0, 0
2026/07/15 02:57:57.902, 4, NVIDIA GeForce RTX 5090, 0, 0
2026/07/15 02:58:00.040, 0, NVIDIA GeForce RTX 5090, 2943, 99
2026/07/15 02:58:00.045, 1, NVIDIA GeForce RTX 5090, 0, 0
2026/07/15 02:58:00.053, 2, NVIDIA GeForce RTX 5090, 0, 0
2026/07/15 02:58:00.060, 3, NVIDIA GeForce RTX 5090, 0, 0
2026/07/15 02:58:00.068, 4, NVIDIA GeForce RTX 5090, 0, 0
2026/07/15 02:58:02.205, 0, NVIDIA GeForce RTX 5090, 2943, 99
2026/07/15 02:58:02.210, 1, NVIDIA GeForce RTX 5090, 0, 0
2026/07/15 02:58:02.218, 2, NVIDIA GeForce RTX 5090, 0, 0
2026/07/15 02:58:02.226, 3, NVIDIA GeForce RTX 5090, 0, 0
2026/07/15 02:58:02.234, 4, NVIDIA GeForce RTX 5090, 0, 0
2026/07/15 02:58:04.373, 0, NVIDIA GeForce RTX 5090, 2943, 98
2026/07/15 02:58:04.377, 1, NVIDIA GeForce RTX 5090, 0, 0
2026/07/15 02:58:04.385, 2, NVIDIA GeForce RTX 5090, 0, 0
2026/07/15 02:58:04.393, 3, NVIDIA GeForce RTX 5090, 0, 0
2026/07/15 02:58:04.401, 4, NVIDIA GeForce RTX 5090, 0, 0
2026/07/15 02:58:06.539, 0, NVIDIA GeForce RTX 5090, 2943, 99
2026/07/15 02:58:06.547, 1, NVIDIA GeForce RTX 5090, 0, 0
2026/07/15 02:58:06.555, 2, NVIDIA GeForce RTX 5090, 0, 0
2026/07/15 02:58:06.562, 3, NVIDIA GeForce RTX 5090, 0, 0
2026/07/15 02:58:06.570, 4, NVIDIA GeForce RTX 5090, 0, 0
2026/07/15 02:58:08.706, 0, NVIDIA GeForce RTX 5090, 2943, 99
2026/07/15 02:58:08.711, 1, NVIDIA GeForce RTX 5090, 0, 0
2026/07/15 02:58:08.719, 2, NVIDIA GeForce RTX 5090, 0, 0
2026/07/15 02:58:08.727, 3, NVIDIA GeForce RTX 5090, 0, 0
2026/07/15 02:58:08.735, 4, NVIDIA GeForce RTX 5090, 0, 0
2026/07/15 02:58:10.874, 0, NVIDIA GeForce RTX 5090, 2943, 98
2026/07/15 02:58:10.879, 1, NVIDIA GeForce RTX 5090, 0, 0
2026/07/15 02:58:10.887, 2, NVIDIA GeForce RTX 5090, 0, 0
2026/07/15 02:58:10.895, 3, NVIDIA GeForce RTX 5090, 0, 0
2026/07/15 02:58:10.903, 4, NVIDIA GeForce RTX 5090, 0, 0
2026/07/15 02:58:13.059, 0, NVIDIA GeForce RTX 5090, 2943, 99
2026/07/15 02:58:13.067, 1, NVIDIA GeForce RTX 5090, 0, 0
2026/07/15 02:58:13.075, 2, NVIDIA GeForce RTX 5090, 0, 0
2026/07/15 02:58:13.082, 3, NVIDIA GeForce RTX 5090, 0, 0
2026/07/15 02:58:13.090, 4, NVIDIA GeForce RTX 5090, 0, 0
2026/07/15 02:58:15.224, 0, NVIDIA GeForce RTX 5090, 2943, 99
2026/07/15 02:58:15.229, 1, NVIDIA GeForce RTX 5090, 0, 0
2026/07/15 02:58:15.237, 2, NVIDIA GeForce RTX 5090, 0, 0
2026/07/15 02:58:15.244, 3, NVIDIA GeForce RTX 5090, 0, 0
2026/07/15 02:58:15.252, 4, NVIDIA GeForce RTX 5090, 0, 0
2026/07/15 02:58:17.395, 0, NVIDIA GeForce RTX 5090, 2943, 99
2026/07/15 02:58:17.400, 1, NVIDIA GeForce RTX 5090, 0, 0
2026/07/15 02:58:17.408, 2, NVIDIA GeForce RTX 5090, 0, 0
2026/07/15 02:58:17.415, 3, NVIDIA GeForce RTX 5090, 0, 0
2026/07/15 02:58:17.423, 4, NVIDIA GeForce RTX 5090, 0, 0
2026/07/15 02:58:19.574, 0, NVIDIA GeForce RTX 5090, 2943, 99
2026/07/15 02:58:19.580, 1, NVIDIA GeForce RTX 5090, 0, 0
2026/07/15 02:58:19.588, 2, NVIDIA GeForce RTX 5090, 0, 0
2026/07/15 02:58:19.596, 3, NVIDIA GeForce RTX 5090, 0, 0
2026/07/15 02:58:19.604, 4, NVIDIA GeForce RTX 5090, 0, 0
2026/07/15 02:58:21.740, 0, NVIDIA GeForce RTX 5090, 2943, 99
2026/07/15 02:58:21.746, 1, NVIDIA GeForce RTX 5090, 0, 0
2026/07/15 02:58:21.754, 2, NVIDIA GeForce RTX 5090, 0, 0
2026/07/15 02:58:21.762, 3, NVIDIA GeForce RTX 5090, 0, 0
2026/07/15 02:58:21.769, 4, NVIDIA GeForce RTX 5090, 0, 0
2026/07/15 02:58:23.911, 0, NVIDIA GeForce RTX 5090, 2943, 99
2026/07/15 02:58:23.916, 1, NVIDIA GeForce RTX 5090, 0, 0
2026/07/15 02:58:23.924, 2, NVIDIA GeForce RTX 5090, 0, 0
2026/07/15 02:58:23.932, 3, NVIDIA GeForce RTX 5090, 0, 0
2026/07/15 02:58:23.939, 4, NVIDIA GeForce RTX 5090, 0, 0
2026/07/15 02:58:26.079, 0, NVIDIA GeForce RTX 5090, 2943, 98
2026/07/15 02:58:26.083, 1, NVIDIA GeForce RTX 5090, 0, 0
2026/07/15 02:58:26.091, 2, NVIDIA GeForce RTX 5090, 0, 0
2026/07/15 02:58:26.099, 3, NVIDIA GeForce RTX 5090, 0, 0
2026/07/15 02:58:26.106, 4, NVIDIA GeForce RTX 5090, 0, 0
2026/07/15 02:58:28.262, 0, NVIDIA GeForce RTX 5090, 2943, 99
2026/07/15 02:58:28.267, 1, NVIDIA GeForce RTX 5090, 0, 0
2026/07/15 02:58:28.275, 2, NVIDIA GeForce RTX 5090, 0, 0
2026/07/15 02:58:28.283, 3, NVIDIA GeForce RTX 5090, 0, 0
2026/07/15 02:58:28.292, 4, NVIDIA GeForce RTX 5090, 0, 0
2026/07/15 02:58:30.438, 0, NVIDIA GeForce RTX 5090, 2943, 98
2026/07/15 02:58:30.443, 1, NVIDIA GeForce RTX 5090, 0, 0
2026/07/15 02:58:30.452, 2, NVIDIA GeForce RTX 5090, 0, 0
2026/07/15 02:58:30.460, 3, NVIDIA GeForce RTX 5090, 0, 0
2026/07/15 02:58:30.467, 4, NVIDIA GeForce RTX 5090, 0, 0
2026/07/15 02:58:32.605, 0, NVIDIA GeForce RTX 5090, 2943, 99
2026/07/15 02:58:32.609, 1, NVIDIA GeForce RTX 5090, 0, 0
2026/07/15 02:58:32.618, 2, NVIDIA GeForce RTX 5090, 0, 0
2026/07/15 02:58:32.626, 3, NVIDIA GeForce RTX 5090, 0, 0
2026/07/15 02:58:32.633, 4, NVIDIA GeForce RTX 5090, 0, 0
2026/07/15 02:58:34.771, 0, NVIDIA GeForce RTX 5090, 2943, 21
2026/07/15 02:58:34.775, 1, NVIDIA GeForce RTX 5090, 0, 0
2026/07/15 02:58:34.783, 2, NVIDIA GeForce RTX 5090, 0, 0
2026/07/15 02:58:34.791, 3, NVIDIA GeForce RTX 5090, 0, 0
2026/07/15 02:58:34.798, 4, NVIDIA GeForce RTX 5090, 0, 0
2026/07/15 02:58:36.938, 0, NVIDIA GeForce RTX 5090, 2943, 99
2026/07/15 02:58:36.945, 1, NVIDIA GeForce RTX 5090, 0, 0
2026/07/15 02:58:36.953, 2, NVIDIA GeForce RTX 5090, 0, 0
2026/07/15 02:58:36.961, 3, NVIDIA GeForce RTX 5090, 0, 0
2026/07/15 02:58:36.968, 4, NVIDIA GeForce RTX 5090, 0, 0
2026/07/15 02:58:39.106, 0, NVIDIA GeForce RTX 5090, 2943, 99
2026/07/15 02:58:39.111, 1, NVIDIA GeForce RTX 5090, 0, 0
2026/07/15 02:58:39.120, 2, NVIDIA GeForce RTX 5090, 0, 0
2026/07/15 02:58:39.127, 3, NVIDIA GeForce RTX 5090, 0, 0
2026/07/15 02:58:39.135, 4, NVIDIA GeForce RTX 5090, 0, 0
2026/07/15 02:58:41.275, 0, NVIDIA GeForce RTX 5090, 2943, 99
2026/07/15 02:58:41.278, 1, NVIDIA GeForce RTX 5090, 0, 0
2026/07/15 02:58:41.286, 2, NVIDIA GeForce RTX 5090, 0, 0
2026/07/15 02:58:41.294, 3, NVIDIA GeForce RTX 5090, 0, 0
2026/07/15 02:58:41.302, 4, NVIDIA GeForce RTX 5090, 0, 0
2026/07/15 02:58:43.452, 0, NVIDIA GeForce RTX 5090, 2943, 99
2026/07/15 02:58:43.457, 1, NVIDIA GeForce RTX 5090, 0, 0
2026/07/15 02:58:43.465, 2, NVIDIA GeForce RTX 5090, 0, 0
2026/07/15 02:58:43.473, 3, NVIDIA GeForce RTX 5090, 0, 0
2026/07/15 02:58:43.480, 4, NVIDIA GeForce RTX 5090, 0, 0
2026/07/15 02:58:45.619, 0, NVIDIA GeForce RTX 5090, 2943, 85
2026/07/15 02:58:45.627, 1, NVIDIA GeForce RTX 5090, 0, 0
2026/07/15 02:58:45.634, 2, NVIDIA GeForce RTX 5090, 0, 0
2026/07/15 02:58:45.642, 3, NVIDIA GeForce RTX 5090, 0, 0
2026/07/15 02:58:45.650, 4, NVIDIA GeForce RTX 5090, 0, 0
2026/07/15 02:58:47.789, 0, NVIDIA GeForce RTX 5090, 2943, 99
2026/07/15 02:58:47.794, 1, NVIDIA GeForce RTX 5090, 0, 0
2026/07/15 02:58:47.802, 2, NVIDIA GeForce RTX 5090, 0, 0
2026/07/15 02:58:47.809, 3, NVIDIA GeForce RTX 5090, 0, 0
2026/07/15 02:58:47.817, 4, NVIDIA GeForce RTX 5090, 0, 0
2026/07/15 02:58:49.965, 0, NVIDIA GeForce RTX 5090, 2943, 98
2026/07/15 02:58:49.969, 1, NVIDIA GeForce RTX 5090, 0, 0
2026/07/15 02:58:49.978, 2, NVIDIA GeForce RTX 5090, 0, 0
2026/07/15 02:58:49.986, 3, NVIDIA GeForce RTX 5090, 0, 0
2026/07/15 02:58:49.994, 4, NVIDIA GeForce RTX 5090, 0, 0
2026/07/15 02:58:52.137, 0, NVIDIA GeForce RTX 5090, 2943, 99
2026/07/15 02:58:52.145, 1, NVIDIA GeForce RTX 5090, 0, 0
2026/07/15 02:58:52.152, 2, NVIDIA GeForce RTX 5090, 0, 0
2026/07/15 02:58:52.161, 3, NVIDIA GeForce RTX 5090, 0, 0
2026/07/15 02:58:52.168, 4, NVIDIA GeForce RTX 5090, 0, 0
2026/07/15 02:58:54.304, 0, NVIDIA GeForce RTX 5090, 2943, 99
2026/07/15 02:58:54.310, 1, NVIDIA GeForce RTX 5090, 0, 0
2026/07/15 02:58:54.318, 2, NVIDIA GeForce RTX 5090, 0, 0
2026/07/15 02:58:54.329, 3, NVIDIA GeForce RTX 5090, 0, 0
2026/07/15 02:58:54.337, 4, NVIDIA GeForce RTX 5090, 0, 0
2026/07/15 02:58:56.497, 0, NVIDIA GeForce RTX 5090, 2943, 99
2026/07/15 02:58:56.501, 1, NVIDIA GeForce RTX 5090, 0, 0
2026/07/15 02:58:56.510, 2, NVIDIA GeForce RTX 5090, 0, 0
2026/07/15 02:58:56.517, 3, NVIDIA GeForce RTX 5090, 0, 0
2026/07/15 02:58:56.525, 4, NVIDIA GeForce RTX 5090, 0, 0
2026/07/15 02:58:58.663, 0, NVIDIA GeForce RTX 5090, 2943, 99
2026/07/15 02:58:58.667, 1, NVIDIA GeForce RTX 5090, 0, 0
2026/07/15 02:58:58.675, 2, NVIDIA GeForce RTX 5090, 0, 0
2026/07/15 02:58:58.683, 3, NVIDIA GeForce RTX 5090, 0, 0
2026/07/15 02:58:58.691, 4, NVIDIA GeForce RTX 5090, 0, 0
2026/07/15 02:59:00.829, 0, NVIDIA GeForce RTX 5090, 2943, 98
2026/07/15 02:59:00.834, 1, NVIDIA GeForce RTX 5090, 0, 0
2026/07/15 02:59:00.842, 2, NVIDIA GeForce RTX 5090, 0, 0
2026/07/15 02:59:00.850, 3, NVIDIA GeForce RTX 5090, 0, 0
2026/07/15 02:59:00.859, 4, NVIDIA GeForce RTX 5090, 0, 0
2026/07/15 02:59:02.997, 0, NVIDIA GeForce RTX 5090, 2943, 99
2026/07/15 02:59:03.001, 1, NVIDIA GeForce RTX 5090, 0, 0
2026/07/15 02:59:03.010, 2, NVIDIA GeForce RTX 5090, 0, 0
2026/07/15 02:59:03.018, 3, NVIDIA GeForce RTX 5090, 0, 0
2026/07/15 02:59:03.026, 4, NVIDIA GeForce RTX 5090, 0, 0
2026/07/15 02:59:05.168, 0, NVIDIA GeForce RTX 5090, 2943, 99
2026/07/15 02:59:05.172, 1, NVIDIA GeForce RTX 5090, 0, 0
2026/07/15 02:59:05.180, 2, NVIDIA GeForce RTX 5090, 0, 0
2026/07/15 02:59:05.187, 3, NVIDIA GeForce RTX 5090, 0, 0
2026/07/15 02:59:05.195, 4, NVIDIA GeForce RTX 5090, 0, 0
2026/07/15 02:59:07.347, 0, NVIDIA GeForce RTX 5090, 3081, 10
2026/07/15 02:59:07.350, 1, NVIDIA GeForce RTX 5090, 0, 0
2026/07/15 02:59:07.364, 2, NVIDIA GeForce RTX 5090, 0, 0
2026/07/15 02:59:07.372, 3, NVIDIA GeForce RTX 5090, 0, 0
2026/07/15 02:59:07.379, 4, NVIDIA GeForce RTX 5090, 0, 0
2026/07/15 02:59:09.549, 0, NVIDIA GeForce RTX 5090, 3083, 99
2026/07/15 02:59:09.553, 1, NVIDIA GeForce RTX 5090, 0, 0
2026/07/15 02:59:09.561, 2, NVIDIA GeForce RTX 5090, 0, 0
2026/07/15 02:59:09.568, 3, NVIDIA GeForce RTX 5090, 0, 0
2026/07/15 02:59:09.581, 4, NVIDIA GeForce RTX 5090, 0, 0
2026/07/15 02:59:11.738, 0, NVIDIA GeForce RTX 5090, 3083, 11
2026/07/15 02:59:11.744, 1, NVIDIA GeForce RTX 5090, 0, 0
2026/07/15 02:59:11.752, 2, NVIDIA GeForce RTX 5090, 0, 0
2026/07/15 02:59:11.761, 3, NVIDIA GeForce RTX 5090, 0, 0
2026/07/15 02:59:11.768, 4, NVIDIA GeForce RTX 5090, 0, 0
2026/07/15 02:59:13.906, 0, NVIDIA GeForce RTX 5090, 3083, 99
2026/07/15 02:59:13.912, 1, NVIDIA GeForce RTX 5090, 0, 0
2026/07/15 02:59:13.921, 2, NVIDIA GeForce RTX 5090, 0, 0
2026/07/15 02:59:13.928, 3, NVIDIA GeForce RTX 5090, 0, 0
2026/07/15 02:59:13.937, 4, NVIDIA GeForce RTX 5090, 0, 0
2026/07/15 02:59:16.071, 0, NVIDIA GeForce RTX 5090, 3083, 98
2026/07/15 02:59:16.075, 1, NVIDIA GeForce RTX 5090, 0, 0
2026/07/15 02:59:16.084, 2, NVIDIA GeForce RTX 5090, 0, 0
2026/07/15 02:59:16.092, 3, NVIDIA GeForce RTX 5090, 0, 0
2026/07/15 02:59:16.100, 4, NVIDIA GeForce RTX 5090, 0, 0
2026/07/15 02:59:18.238, 0, NVIDIA GeForce RTX 5090, 3083, 99
2026/07/15 02:59:18.244, 1, NVIDIA GeForce RTX 5090, 0, 0
2026/07/15 02:59:18.252, 2, NVIDIA GeForce RTX 5090, 0, 0
2026/07/15 02:59:18.259, 3, NVIDIA GeForce RTX 5090, 0, 0
2026/07/15 02:59:18.267, 4, NVIDIA GeForce RTX 5090, 0, 0
2026/07/15 02:59:20.404, 0, NVIDIA GeForce RTX 5090, 3083, 99
2026/07/15 02:59:20.409, 1, NVIDIA GeForce RTX 5090, 0, 0
2026/07/15 02:59:20.417, 2, NVIDIA GeForce RTX 5090, 0, 0
2026/07/15 02:59:20.424, 3, NVIDIA GeForce RTX 5090, 0, 0
2026/07/15 02:59:20.432, 4, NVIDIA GeForce RTX 5090, 0, 0
2026/07/15 02:59:22.572, 0, NVIDIA GeForce RTX 5090, 3083, 99
2026/07/15 02:59:22.574, 1, NVIDIA GeForce RTX 5090, 0, 0
2026/07/15 02:59:22.582, 2, NVIDIA GeForce RTX 5090, 0, 0
2026/07/15 02:59:22.590, 3, NVIDIA GeForce RTX 5090, 0, 0
2026/07/15 02:59:22.597, 4, NVIDIA GeForce RTX 5090, 0, 0
2026/07/15 02:59:24.733, 0, NVIDIA GeForce RTX 5090, 3083, 99
2026/07/15 02:59:24.738, 1, NVIDIA GeForce RTX 5090, 0, 0
2026/07/15 02:59:24.746, 2, NVIDIA GeForce RTX 5090, 0, 0
2026/07/15 02:59:24.754, 3, NVIDIA GeForce RTX 5090, 0, 0
2026/07/15 02:59:24.761, 4, NVIDIA GeForce RTX 5090, 0, 0
2026/07/15 02:59:26.931, 0, NVIDIA GeForce RTX 5090, 3083, 99
2026/07/15 02:59:26.936, 1, NVIDIA GeForce RTX 5090, 0, 0
2026/07/15 02:59:26.944, 2, NVIDIA GeForce RTX 5090, 0, 0
2026/07/15 02:59:26.951, 3, NVIDIA GeForce RTX 5090, 0, 0
2026/07/15 02:59:26.958, 4, NVIDIA GeForce RTX 5090, 0, 0
2026/07/15 02:59:29.097, 0, NVIDIA GeForce RTX 5090, 3083, 99
2026/07/15 02:59:29.102, 1, NVIDIA GeForce RTX 5090, 0, 0
2026/07/15 02:59:29.110, 2, NVIDIA GeForce RTX 5090, 0, 0
2026/07/15 02:59:29.117, 3, NVIDIA GeForce RTX 5090, 0, 0
2026/07/15 02:59:29.125, 4, NVIDIA GeForce RTX 5090, 0, 0
2026/07/15 02:59:31.261, 0, NVIDIA GeForce RTX 5090, 3083, 98
2026/07/15 02:59:31.266, 1, NVIDIA GeForce RTX 5090, 0, 0
2026/07/15 02:59:31.274, 2, NVIDIA GeForce RTX 5090, 0, 0
2026/07/15 02:59:31.282, 3, NVIDIA GeForce RTX 5090, 0, 0
2026/07/15 02:59:31.289, 4, NVIDIA GeForce RTX 5090, 0, 0
2026/07/15 02:59:33.420, 0, NVIDIA GeForce RTX 5090, 3083, 99
2026/07/15 02:59:33.425, 1, NVIDIA GeForce RTX 5090, 0, 0
2026/07/15 02:59:33.433, 2, NVIDIA GeForce RTX 5090, 0, 0
2026/07/15 02:59:33.440, 3, NVIDIA GeForce RTX 5090, 0, 0
2026/07/15 02:59:33.447, 4, NVIDIA GeForce RTX 5090, 0, 0
2026/07/15 02:59:35.601, 0, NVIDIA GeForce RTX 5090, 3083, 98
2026/07/15 02:59:35.605, 1, NVIDIA GeForce RTX 5090, 0, 0
2026/07/15 02:59:35.613, 2, NVIDIA GeForce RTX 5090, 0, 0
2026/07/15 02:59:35.621, 3, NVIDIA GeForce RTX 5090, 0, 0
2026/07/15 02:59:35.629, 4, NVIDIA GeForce RTX 5090, 0, 0
2026/07/15 02:59:37.759, 0, NVIDIA GeForce RTX 5090, 3083, 99
2026/07/15 02:59:37.764, 1, NVIDIA GeForce RTX 5090, 0, 0
2026/07/15 02:59:37.771, 2, NVIDIA GeForce RTX 5090, 0, 0
2026/07/15 02:59:37.779, 3, NVIDIA GeForce RTX 5090, 0, 0
2026/07/15 02:59:37.786, 4, NVIDIA GeForce RTX 5090, 0, 0
2026/07/15 02:59:39.926, 0, NVIDIA GeForce RTX 5090, 3083, 35
2026/07/15 02:59:39.931, 1, NVIDIA GeForce RTX 5090, 0, 0
2026/07/15 02:59:39.939, 2, NVIDIA GeForce RTX 5090, 0, 0
2026/07/15 02:59:39.946, 3, NVIDIA GeForce RTX 5090, 0, 0
2026/07/15 02:59:39.954, 4, NVIDIA GeForce RTX 5090, 0, 0
2026/07/15 02:59:42.087, 0, NVIDIA GeForce RTX 5090, 3083, 99
2026/07/15 02:59:42.090, 1, NVIDIA GeForce RTX 5090, 0, 0
2026/07/15 02:59:42.104, 2, NVIDIA GeForce RTX 5090, 0, 0
2026/07/15 02:59:42.117, 3, NVIDIA GeForce RTX 5090, 0, 0
2026/07/15 02:59:42.126, 4, NVIDIA GeForce RTX 5090, 0, 0
2026/07/15 02:59:44.261, 0, NVIDIA GeForce RTX 5090, 3083, 99
2026/07/15 02:59:44.267, 1, NVIDIA GeForce RTX 5090, 0, 0
2026/07/15 02:59:44.275, 2, NVIDIA GeForce RTX 5090, 0, 0
2026/07/15 02:59:44.282, 3, NVIDIA GeForce RTX 5090, 0, 0
2026/07/15 02:59:44.289, 4, NVIDIA GeForce RTX 5090, 0, 0
2026/07/15 02:59:46.425, 0, NVIDIA GeForce RTX 5090, 3083, 99
2026/07/15 02:59:46.430, 1, NVIDIA GeForce RTX 5090, 0, 0
2026/07/15 02:59:46.440, 2, NVIDIA GeForce RTX 5090, 0, 0
2026/07/15 02:59:46.448, 3, NVIDIA GeForce RTX 5090, 0, 0
2026/07/15 02:59:46.455, 4, NVIDIA GeForce RTX 5090, 0, 0
2026/07/15 02:59:48.589, 0, NVIDIA GeForce RTX 5090, 3083, 99
2026/07/15 02:59:48.595, 1, NVIDIA GeForce RTX 5090, 0, 0
2026/07/15 02:59:48.602, 2, NVIDIA GeForce RTX 5090, 0, 0
2026/07/15 02:59:48.610, 3, NVIDIA GeForce RTX 5090, 0, 0
2026/07/15 02:59:48.618, 4, NVIDIA GeForce RTX 5090, 0, 0
2026/07/15 02:59:50.752, 0, NVIDIA GeForce RTX 5090, 3083, 67
2026/07/15 02:59:50.756, 1, NVIDIA GeForce RTX 5090, 0, 0
2026/07/15 02:59:50.764, 2, NVIDIA GeForce RTX 5090, 0, 0
2026/07/15 02:59:50.772, 3, NVIDIA GeForce RTX 5090, 0, 0
2026/07/15 02:59:50.779, 4, NVIDIA GeForce RTX 5090, 0, 0
2026/07/15 02:59:52.942, 0, NVIDIA GeForce RTX 5090, 3083, 99
2026/07/15 02:59:52.948, 1, NVIDIA GeForce RTX 5090, 0, 0
2026/07/15 02:59:52.964, 2, NVIDIA GeForce RTX 5090, 0, 0
2026/07/15 02:59:52.982, 3, NVIDIA GeForce RTX 5090, 0, 0
2026/07/15 02:59:52.991, 4, NVIDIA GeForce RTX 5090, 0, 0
2026/07/15 02:59:55.163, 0, NVIDIA GeForce RTX 5090, 3083, 98
2026/07/15 02:59:55.168, 1, NVIDIA GeForce RTX 5090, 0, 0
2026/07/15 02:59:55.175, 2, NVIDIA GeForce RTX 5090, 0, 0
2026/07/15 02:59:55.184, 3, NVIDIA GeForce RTX 5090, 0, 0
2026/07/15 02:59:55.191, 4, NVIDIA GeForce RTX 5090, 0, 0
2026/07/15 02:59:57.328, 0, NVIDIA GeForce RTX 5090, 3083, 99
2026/07/15 02:59:57.335, 1, NVIDIA GeForce RTX 5090, 0, 0
2026/07/15 02:59:57.343, 2, NVIDIA GeForce RTX 5090, 0, 0
2026/07/15 02:59:57.350, 3, NVIDIA GeForce RTX 5090, 0, 0
2026/07/15 02:59:57.359, 4, NVIDIA GeForce RTX 5090, 0, 0
2026/07/15 02:59:59.498, 0, NVIDIA GeForce RTX 5090, 3083, 99
2026/07/15 02:59:59.502, 1, NVIDIA GeForce RTX 5090, 0, 0
2026/07/15 02:59:59.510, 2, NVIDIA GeForce RTX 5090, 0, 0
2026/07/15 02:59:59.518, 3, NVIDIA GeForce RTX 5090, 0, 0
2026/07/15 02:59:59.525, 4, NVIDIA GeForce RTX 5090, 0, 0
2026/07/15 03:00:01.666, 0, NVIDIA GeForce RTX 5090, 3083, 99
2026/07/15 03:00:01.671, 1, NVIDIA GeForce RTX 5090, 0, 0
2026/07/15 03:00:01.679, 2, NVIDIA GeForce RTX 5090, 0, 0
2026/07/15 03:00:01.687, 3, NVIDIA GeForce RTX 5090, 0, 0
2026/07/15 03:00:01.694, 4, NVIDIA GeForce RTX 5090, 0, 0
2026/07/15 03:00:03.832, 0, NVIDIA GeForce RTX 5090, 3083, 98
2026/07/15 03:00:03.838, 1, NVIDIA GeForce RTX 5090, 0, 0
2026/07/15 03:00:03.846, 2, NVIDIA GeForce RTX 5090, 0, 0
2026/07/15 03:00:03.854, 3, NVIDIA GeForce RTX 5090, 0, 0
2026/07/15 03:00:03.861, 4, NVIDIA GeForce RTX 5090, 0, 0
2026/07/15 03:00:05.999, 0, NVIDIA GeForce RTX 5090, 3083, 99
2026/07/15 03:00:06.004, 1, NVIDIA GeForce RTX 5090, 0, 0
2026/07/15 03:00:06.012, 2, NVIDIA GeForce RTX 5090, 0, 0
2026/07/15 03:00:06.019, 3, NVIDIA GeForce RTX 5090, 0, 0
2026/07/15 03:00:06.027, 4, NVIDIA GeForce RTX 5090, 0, 0
2026/07/15 03:00:08.166, 0, NVIDIA GeForce RTX 5090, 3083, 99
2026/07/15 03:00:08.171, 1, NVIDIA GeForce RTX 5090, 0, 0
2026/07/15 03:00:08.179, 2, NVIDIA GeForce RTX 5090, 0, 0
2026/07/15 03:00:08.186, 3, NVIDIA GeForce RTX 5090, 0, 0
2026/07/15 03:00:08.194, 4, NVIDIA GeForce RTX 5090, 0, 0
2026/07/15 03:00:10.330, 0, NVIDIA GeForce RTX 5090, 3083, 7
2026/07/15 03:00:10.335, 1, NVIDIA GeForce RTX 5090, 0, 0
2026/07/15 03:00:10.344, 2, NVIDIA GeForce RTX 5090, 0, 0
2026/07/15 03:00:10.351, 3, NVIDIA GeForce RTX 5090, 0, 0
2026/07/15 03:00:10.358, 4, NVIDIA GeForce RTX 5090, 0, 0
2026/07/15 03:00:12.500, 0, NVIDIA GeForce RTX 5090, 3083, 99
2026/07/15 03:00:12.504, 1, NVIDIA GeForce RTX 5090, 0, 0
2026/07/15 03:00:12.516, 2, NVIDIA GeForce RTX 5090, 0, 0
2026/07/15 03:00:12.531, 3, NVIDIA GeForce RTX 5090, 0, 0
2026/07/15 03:00:12.549, 4, NVIDIA GeForce RTX 5090, 0, 0
2026/07/15 03:00:14.693, 0, NVIDIA GeForce RTX 5090, 3083, 98
2026/07/15 03:00:14.698, 1, NVIDIA GeForce RTX 5090, 0, 0
2026/07/15 03:00:14.706, 2, NVIDIA GeForce RTX 5090, 0, 0
2026/07/15 03:00:14.714, 3, NVIDIA GeForce RTX 5090, 0, 0
2026/07/15 03:00:14.721, 4, NVIDIA GeForce RTX 5090, 0, 0
2026/07/15 03:00:16.858, 0, NVIDIA GeForce RTX 5090, 3083, 99
2026/07/15 03:00:16.864, 1, NVIDIA GeForce RTX 5090, 0, 0
2026/07/15 03:00:16.871, 2, NVIDIA GeForce RTX 5090, 0, 0
2026/07/15 03:00:16.879, 3, NVIDIA GeForce RTX 5090, 0, 0
2026/07/15 03:00:16.887, 4, NVIDIA GeForce RTX 5090, 0, 0
2026/07/15 03:00:19.026, 0, NVIDIA GeForce RTX 5090, 3083, 98
2026/07/15 03:00:19.032, 1, NVIDIA GeForce RTX 5090, 0, 0
2026/07/15 03:00:19.040, 2, NVIDIA GeForce RTX 5090, 0, 0
2026/07/15 03:00:19.047, 3, NVIDIA GeForce RTX 5090, 0, 0
2026/07/15 03:00:19.055, 4, NVIDIA GeForce RTX 5090, 0, 0
2026/07/15 03:00:21.212, 0, NVIDIA GeForce RTX 5090, 3083, 99
2026/07/15 03:00:21.216, 1, NVIDIA GeForce RTX 5090, 0, 0
2026/07/15 03:00:21.224, 2, NVIDIA GeForce RTX 5090, 0, 0
2026/07/15 03:00:21.231, 3, NVIDIA GeForce RTX 5090, 0, 0
2026/07/15 03:00:21.239, 4, NVIDIA GeForce RTX 5090, 0, 0
2026/07/15 03:00:23.371, 0, NVIDIA GeForce RTX 5090, 3083, 99
2026/07/15 03:00:23.378, 1, NVIDIA GeForce RTX 5090, 0, 0
2026/07/15 03:00:23.386, 2, NVIDIA GeForce RTX 5090, 0, 0
2026/07/15 03:00:23.398, 3, NVIDIA GeForce RTX 5090, 0, 0
2026/07/15 03:00:23.405, 4, NVIDIA GeForce RTX 5090, 0, 0
2026/07/15 03:00:25.562, 0, NVIDIA GeForce RTX 5090, 3083, 99
2026/07/15 03:00:25.566, 1, NVIDIA GeForce RTX 5090, 0, 0
2026/07/15 03:00:25.573, 2, NVIDIA GeForce RTX 5090, 0, 0
2026/07/15 03:00:25.581, 3, NVIDIA GeForce RTX 5090, 0, 0
2026/07/15 03:00:25.589, 4, NVIDIA GeForce RTX 5090, 0, 0
2026/07/15 03:00:27.720, 0, NVIDIA GeForce RTX 5090, 3083, 99
2026/07/15 03:00:27.725, 1, NVIDIA GeForce RTX 5090, 0, 0
2026/07/15 03:00:27.733, 2, NVIDIA GeForce RTX 5090, 0, 0
2026/07/15 03:00:27.741, 3, NVIDIA GeForce RTX 5090, 0, 0
2026/07/15 03:00:27.748, 4, NVIDIA GeForce RTX 5090, 0, 0
2026/07/15 03:00:29.879, 0, NVIDIA GeForce RTX 5090, 3083, 99
2026/07/15 03:00:29.883, 1, NVIDIA GeForce RTX 5090, 0, 0
2026/07/15 03:00:29.891, 2, NVIDIA GeForce RTX 5090, 0, 0
2026/07/15 03:00:29.902, 3, NVIDIA GeForce RTX 5090, 0, 0
2026/07/15 03:00:29.909, 4, NVIDIA GeForce RTX 5090, 0, 0
2026/07/15 03:00:32.050, 0, NVIDIA GeForce RTX 5090, 3083, 99
2026/07/15 03:00:32.056, 1, NVIDIA GeForce RTX 5090, 0, 0
2026/07/15 03:00:32.064, 2, NVIDIA GeForce RTX 5090, 0, 0
2026/07/15 03:00:32.074, 3, NVIDIA GeForce RTX 5090, 0, 0
2026/07/15 03:00:32.081, 4, NVIDIA GeForce RTX 5090, 0, 0
2026/07/15 03:00:34.224, 0, NVIDIA GeForce RTX 5090, 3083, 98
2026/07/15 03:00:34.229, 1, NVIDIA GeForce RTX 5090, 0, 0
2026/07/15 03:00:34.237, 2, NVIDIA GeForce RTX 5090, 0, 0
2026/07/15 03:00:34.245, 3, NVIDIA GeForce RTX 5090, 0, 0
2026/07/15 03:00:34.253, 4, NVIDIA GeForce RTX 5090, 0, 0
2026/07/15 03:00:36.407, 0, NVIDIA GeForce RTX 5090, 3083, 99
2026/07/15 03:00:36.413, 1, NVIDIA GeForce RTX 5090, 0, 0
2026/07/15 03:00:36.420, 2, NVIDIA GeForce RTX 5090, 0, 0
2026/07/15 03:00:36.428, 3, NVIDIA GeForce RTX 5090, 0, 0
2026/07/15 03:00:36.436, 4, NVIDIA GeForce RTX 5090, 0, 0
2026/07/15 03:00:38.571, 0, NVIDIA GeForce RTX 5090, 3083, 99
2026/07/15 03:00:38.576, 1, NVIDIA GeForce RTX 5090, 0, 0
2026/07/15 03:00:38.584, 2, NVIDIA GeForce RTX 5090, 0, 0
2026/07/15 03:00:38.592, 3, NVIDIA GeForce RTX 5090, 0, 0
2026/07/15 03:00:38.599, 4, NVIDIA GeForce RTX 5090, 0, 0
2026/07/15 03:00:40.738, 0, NVIDIA GeForce RTX 5090, 3083, 99
2026/07/15 03:00:40.743, 1, NVIDIA GeForce RTX 5090, 0, 0
2026/07/15 03:00:40.751, 2, NVIDIA GeForce RTX 5090, 0, 0
2026/07/15 03:00:40.759, 3, NVIDIA GeForce RTX 5090, 0, 0
2026/07/15 03:00:40.766, 4, NVIDIA GeForce RTX 5090, 0, 0
2026/07/15 03:00:42.898, 0, NVIDIA GeForce RTX 5090, 3083, 99
2026/07/15 03:00:42.902, 1, NVIDIA GeForce RTX 5090, 0, 0
2026/07/15 03:00:42.910, 2, NVIDIA GeForce RTX 5090, 0, 0
2026/07/15 03:00:42.917, 3, NVIDIA GeForce RTX 5090, 0, 0
2026/07/15 03:00:42.925, 4, NVIDIA GeForce RTX 5090, 0, 0
2026/07/15 03:00:45.086, 0, NVIDIA GeForce RTX 5090, 3083, 99
2026/07/15 03:00:45.090, 1, NVIDIA GeForce RTX 5090, 0, 0
2026/07/15 03:00:45.098, 2, NVIDIA GeForce RTX 5090, 0, 0
2026/07/15 03:00:45.106, 3, NVIDIA GeForce RTX 5090, 0, 0
2026/07/15 03:00:45.113, 4, NVIDIA GeForce RTX 5090, 0, 0
2026/07/15 03:00:47.253, 0, NVIDIA GeForce RTX 5090, 3083, 99
2026/07/15 03:00:47.257, 1, NVIDIA GeForce RTX 5090, 0, 0
2026/07/15 03:00:47.265, 2, NVIDIA GeForce RTX 5090, 0, 0
2026/07/15 03:00:47.273, 3, NVIDIA GeForce RTX 5090, 0, 0
2026/07/15 03:00:47.280, 4, NVIDIA GeForce RTX 5090, 0, 0
2026/07/15 03:00:49.419, 0, NVIDIA GeForce RTX 5090, 3083, 6
2026/07/15 03:00:49.423, 1, NVIDIA GeForce RTX 5090, 0, 0
2026/07/15 03:00:49.431, 2, NVIDIA GeForce RTX 5090, 0, 0
2026/07/15 03:00:49.440, 3, NVIDIA GeForce RTX 5090, 0, 0
2026/07/15 03:00:49.447, 4, NVIDIA GeForce RTX 5090, 0, 0
2026/07/15 03:00:51.580, 0, NVIDIA GeForce RTX 5090, 3083, 99
2026/07/15 03:00:51.587, 1, NVIDIA GeForce RTX 5090, 0, 0
2026/07/15 03:00:51.595, 2, NVIDIA GeForce RTX 5090, 0, 0
2026/07/15 03:00:51.602, 3, NVIDIA GeForce RTX 5090, 0, 0
2026/07/15 03:00:51.610, 4, NVIDIA GeForce RTX 5090, 0, 0
2026/07/15 03:00:53.746, 0, NVIDIA GeForce RTX 5090, 3083, 98
2026/07/15 03:00:53.751, 1, NVIDIA GeForce RTX 5090, 0, 0
2026/07/15 03:00:53.759, 2, NVIDIA GeForce RTX 5090, 0, 0
2026/07/15 03:00:53.766, 3, NVIDIA GeForce RTX 5090, 0, 0
2026/07/15 03:00:53.774, 4, NVIDIA GeForce RTX 5090, 0, 0
2026/07/15 03:00:55.937, 0, NVIDIA GeForce RTX 5090, 3083, 99
2026/07/15 03:00:55.943, 1, NVIDIA GeForce RTX 5090, 0, 0
2026/07/15 03:00:55.958, 2, NVIDIA GeForce RTX 5090, 0, 0
2026/07/15 03:00:55.968, 3, NVIDIA GeForce RTX 5090, 0, 0
2026/07/15 03:00:55.980, 4, NVIDIA GeForce RTX 5090, 0, 0
2026/07/15 03:00:58.134, 0, NVIDIA GeForce RTX 5090, 3083, 98
2026/07/15 03:00:58.140, 1, NVIDIA GeForce RTX 5090, 0, 0
2026/07/15 03:00:58.147, 2, NVIDIA GeForce RTX 5090, 0, 0
2026/07/15 03:00:58.155, 3, NVIDIA GeForce RTX 5090, 0, 0
2026/07/15 03:00:58.169, 4, NVIDIA GeForce RTX 5090, 0, 0
2026/07/15 03:01:00.303, 0, NVIDIA GeForce RTX 5090, 3083, 99
2026/07/15 03:01:00.307, 1, NVIDIA GeForce RTX 5090, 0, 0
2026/07/15 03:01:00.317, 2, NVIDIA GeForce RTX 5090, 0, 0
2026/07/15 03:01:00.324, 3, NVIDIA GeForce RTX 5090, 0, 0
2026/07/15 03:01:00.332, 4, NVIDIA GeForce RTX 5090, 0, 0
2026/07/15 03:01:02.469, 0, NVIDIA GeForce RTX 5090, 3083, 8
2026/07/15 03:01:02.474, 1, NVIDIA GeForce RTX 5090, 0, 0
2026/07/15 03:01:02.483, 2, NVIDIA GeForce RTX 5090, 0, 0
2026/07/15 03:01:02.490, 3, NVIDIA GeForce RTX 5090, 0, 0
2026/07/15 03:01:02.498, 4, NVIDIA GeForce RTX 5090, 0, 0
2026/07/15 03:01:04.638, 0, NVIDIA GeForce RTX 5090, 3083, 99
2026/07/15 03:01:04.643, 1, NVIDIA GeForce RTX 5090, 0, 0
2026/07/15 03:01:04.651, 2, NVIDIA GeForce RTX 5090, 0, 0
2026/07/15 03:01:04.659, 3, NVIDIA GeForce RTX 5090, 0, 0
2026/07/15 03:01:04.672, 4, NVIDIA GeForce RTX 5090, 0, 0
2026/07/15 03:01:06.808, 0, NVIDIA GeForce RTX 5090, 3083, 99
2026/07/15 03:01:06.813, 1, NVIDIA GeForce RTX 5090, 0, 0
2026/07/15 03:01:06.822, 2, NVIDIA GeForce RTX 5090, 0, 0
2026/07/15 03:01:06.829, 3, NVIDIA GeForce RTX 5090, 0, 0
2026/07/15 03:01:06.837, 4, NVIDIA GeForce RTX 5090, 0, 0
2026/07/15 03:01:08.976, 0, NVIDIA GeForce RTX 5090, 3083, 99
2026/07/15 03:01:08.982, 1, NVIDIA GeForce RTX 5090, 0, 0
2026/07/15 03:01:08.990, 2, NVIDIA GeForce RTX 5090, 0, 0
2026/07/15 03:01:08.998, 3, NVIDIA GeForce RTX 5090, 0, 0
2026/07/15 03:01:09.005, 4, NVIDIA GeForce RTX 5090, 0, 0
2026/07/15 03:01:11.139, 0, NVIDIA GeForce RTX 5090, 3083, 99
2026/07/15 03:01:11.144, 1, NVIDIA GeForce RTX 5090, 0, 0
2026/07/15 03:01:11.152, 2, NVIDIA GeForce RTX 5090, 0, 0
2026/07/15 03:01:11.159, 3, NVIDIA GeForce RTX 5090, 0, 0
2026/07/15 03:01:11.170, 4, NVIDIA GeForce RTX 5090, 0, 0
2026/07/15 03:01:13.308, 0, NVIDIA GeForce RTX 5090, 3083, 98
2026/07/15 03:01:13.311, 1, NVIDIA GeForce RTX 5090, 0, 0
2026/07/15 03:01:13.320, 2, NVIDIA GeForce RTX 5090, 0, 0
2026/07/15 03:01:13.327, 3, NVIDIA GeForce RTX 5090, 0, 0
2026/07/15 03:01:13.337, 4, NVIDIA GeForce RTX 5090, 0, 0
2026/07/15 03:01:15.473, 0, NVIDIA GeForce RTX 5090, 3083, 99
2026/07/15 03:01:15.478, 1, NVIDIA GeForce RTX 5090, 0, 0
2026/07/15 03:01:15.486, 2, NVIDIA GeForce RTX 5090, 0, 0
2026/07/15 03:01:15.496, 3, NVIDIA GeForce RTX 5090, 0, 0
2026/07/15 03:01:15.503, 4, NVIDIA GeForce RTX 5090, 0, 0
2026/07/15 03:01:17.641, 0, NVIDIA GeForce RTX 5090, 3083, 99
2026/07/15 03:01:17.646, 1, NVIDIA GeForce RTX 5090, 0, 0
2026/07/15 03:01:17.654, 2, NVIDIA GeForce RTX 5090, 0, 0
2026/07/15 03:01:17.661, 3, NVIDIA GeForce RTX 5090, 0, 0
2026/07/15 03:01:17.669, 4, NVIDIA GeForce RTX 5090, 0, 0
2026/07/15 03:01:19.806, 0, NVIDIA GeForce RTX 5090, 3083, 99
2026/07/15 03:01:19.810, 1, NVIDIA GeForce RTX 5090, 0, 0
2026/07/15 03:01:19.820, 2, NVIDIA GeForce RTX 5090, 0, 0
2026/07/15 03:01:19.827, 3, NVIDIA GeForce RTX 5090, 0, 0
2026/07/15 03:01:19.835, 4, NVIDIA GeForce RTX 5090, 0, 0
2026/07/15 03:01:21.966, 0, NVIDIA GeForce RTX 5090, 3083, 99
2026/07/15 03:01:21.968, 1, NVIDIA GeForce RTX 5090, 0, 0
2026/07/15 03:01:21.977, 2, NVIDIA GeForce RTX 5090, 0, 0
2026/07/15 03:01:21.984, 3, NVIDIA GeForce RTX 5090, 0, 0
2026/07/15 03:01:21.992, 4, NVIDIA GeForce RTX 5090, 0, 0
2026/07/15 03:01:24.135, 0, NVIDIA GeForce RTX 5090, 3083, 99
2026/07/15 03:01:24.140, 1, NVIDIA GeForce RTX 5090, 0, 0
2026/07/15 03:01:24.149, 2, NVIDIA GeForce RTX 5090, 0, 0
2026/07/15 03:01:24.156, 3, NVIDIA GeForce RTX 5090, 0, 0
2026/07/15 03:01:24.164, 4, NVIDIA GeForce RTX 5090, 0, 0
2026/07/15 03:01:26.306, 0, NVIDIA GeForce RTX 5090, 3083, 99
2026/07/15 03:01:26.311, 1, NVIDIA GeForce RTX 5090, 0, 0
2026/07/15 03:01:26.319, 2, NVIDIA GeForce RTX 5090, 0, 0
2026/07/15 03:01:26.327, 3, NVIDIA GeForce RTX 5090, 0, 0
2026/07/15 03:01:26.334, 4, NVIDIA GeForce RTX 5090, 0, 0
2026/07/15 03:01:28.476, 0, NVIDIA GeForce RTX 5090, 3083, 99
2026/07/15 03:01:28.481, 1, NVIDIA GeForce RTX 5090, 0, 0
2026/07/15 03:01:28.489, 2, NVIDIA GeForce RTX 5090, 0, 0
2026/07/15 03:01:28.496, 3, NVIDIA GeForce RTX 5090, 0, 0
2026/07/15 03:01:28.504, 4, NVIDIA GeForce RTX 5090, 0, 0
2026/07/15 03:01:30.641, 0, NVIDIA GeForce RTX 5090, 3083, 91
2026/07/15 03:01:30.646, 1, NVIDIA GeForce RTX 5090, 0, 0
2026/07/15 03:01:30.654, 2, NVIDIA GeForce RTX 5090, 0, 0
2026/07/15 03:01:30.661, 3, NVIDIA GeForce RTX 5090, 0, 0
2026/07/15 03:01:30.669, 4, NVIDIA GeForce RTX 5090, 0, 0
2026/07/15 03:01:32.810, 0, NVIDIA GeForce RTX 5090, 3083, 99
2026/07/15 03:01:32.815, 1, NVIDIA GeForce RTX 5090, 0, 0
2026/07/15 03:01:32.824, 2, NVIDIA GeForce RTX 5090, 0, 0
2026/07/15 03:01:32.831, 3, NVIDIA GeForce RTX 5090, 0, 0
2026/07/15 03:01:32.841, 4, NVIDIA GeForce RTX 5090, 0, 0
2026/07/15 03:01:34.982, 0, NVIDIA GeForce RTX 5090, 3083, 99
2026/07/15 03:01:34.988, 1, NVIDIA GeForce RTX 5090, 0, 0
2026/07/15 03:01:34.998, 2, NVIDIA GeForce RTX 5090, 0, 0
2026/07/15 03:01:35.005, 3, NVIDIA GeForce RTX 5090, 0, 0
2026/07/15 03:01:35.013, 4, NVIDIA GeForce RTX 5090, 0, 0
2026/07/15 03:01:37.148, 0, NVIDIA GeForce RTX 5090, 3083, 99
2026/07/15 03:01:37.152, 1, NVIDIA GeForce RTX 5090, 0, 0
2026/07/15 03:01:37.161, 2, NVIDIA GeForce RTX 5090, 0, 0
2026/07/15 03:01:37.168, 3, NVIDIA GeForce RTX 5090, 0, 0
2026/07/15 03:01:37.176, 4, NVIDIA GeForce RTX 5090, 0, 0
2026/07/15 03:01:39.311, 0, NVIDIA GeForce RTX 5090, 3083, 99
2026/07/15 03:01:39.316, 1, NVIDIA GeForce RTX 5090, 0, 0
2026/07/15 03:01:39.324, 2, NVIDIA GeForce RTX 5090, 0, 0
2026/07/15 03:01:39.332, 3, NVIDIA GeForce RTX 5090, 0, 0
2026/07/15 03:01:39.339, 4, NVIDIA GeForce RTX 5090, 0, 0
2026/07/15 03:01:41.496, 0, NVIDIA GeForce RTX 5090, 3083, 99
2026/07/15 03:01:41.504, 1, NVIDIA GeForce RTX 5090, 0, 0
2026/07/15 03:01:41.512, 2, NVIDIA GeForce RTX 5090, 0, 0
2026/07/15 03:01:41.520, 3, NVIDIA GeForce RTX 5090, 0, 0
2026/07/15 03:01:41.528, 4, NVIDIA GeForce RTX 5090, 0, 0
2026/07/15 03:01:43.666, 0, NVIDIA GeForce RTX 5090, 3083, 98
2026/07/15 03:01:43.671, 1, NVIDIA GeForce RTX 5090, 0, 0
2026/07/15 03:01:43.679, 2, NVIDIA GeForce RTX 5090, 0, 0
2026/07/15 03:01:43.687, 3, NVIDIA GeForce RTX 5090, 0, 0
2026/07/15 03:01:43.699, 4, NVIDIA GeForce RTX 5090, 0, 0
2026/07/15 03:01:45.830, 0, NVIDIA GeForce RTX 5090, 3083, 99
2026/07/15 03:01:45.836, 1, NVIDIA GeForce RTX 5090, 0, 0
2026/07/15 03:01:45.844, 2, NVIDIA GeForce RTX 5090, 0, 0
2026/07/15 03:01:45.852, 3, NVIDIA GeForce RTX 5090, 0, 0
2026/07/15 03:01:45.860, 4, NVIDIA GeForce RTX 5090, 0, 0
2026/07/15 03:01:47.992, 0, NVIDIA GeForce RTX 5090, 3083, 99
2026/07/15 03:01:47.997, 1, NVIDIA GeForce RTX 5090, 0, 0
2026/07/15 03:01:48.004, 2, NVIDIA GeForce RTX 5090, 0, 0
2026/07/15 03:01:48.012, 3, NVIDIA GeForce RTX 5090, 0, 0
2026/07/15 03:01:48.020, 4, NVIDIA GeForce RTX 5090, 0, 0
2026/07/15 03:01:50.166, 0, NVIDIA GeForce RTX 5090, 3083, 98
2026/07/15 03:01:50.170, 1, NVIDIA GeForce RTX 5090, 0, 0
2026/07/15 03:01:50.176, 2, NVIDIA GeForce RTX 5090, 0, 0
2026/07/15 03:01:50.184, 3, NVIDIA GeForce RTX 5090, 0, 0
2026/07/15 03:01:50.191, 4, NVIDIA GeForce RTX 5090, 0, 0
2026/07/15 03:01:52.329, 0, NVIDIA GeForce RTX 5090, 3083, 99
2026/07/15 03:01:52.333, 1, NVIDIA GeForce RTX 5090, 0, 0
2026/07/15 03:01:52.342, 2, NVIDIA GeForce RTX 5090, 0, 0
2026/07/15 03:01:52.349, 3, NVIDIA GeForce RTX 5090, 0, 0
2026/07/15 03:01:52.357, 4, NVIDIA GeForce RTX 5090, 0, 0
2026/07/15 03:01:54.489, 0, NVIDIA GeForce RTX 5090, 3083, 99
2026/07/15 03:01:54.494, 1, NVIDIA GeForce RTX 5090, 0, 0
2026/07/15 03:01:54.501, 2, NVIDIA GeForce RTX 5090, 0, 0
2026/07/15 03:01:54.509, 3, NVIDIA GeForce RTX 5090, 0, 0
2026/07/15 03:01:54.517, 4, NVIDIA GeForce RTX 5090, 0, 0
2026/07/15 03:01:56.658, 0, NVIDIA GeForce RTX 5090, 3083, 99
2026/07/15 03:01:56.664, 1, NVIDIA GeForce RTX 5090, 0, 0
2026/07/15 03:01:56.672, 2, NVIDIA GeForce RTX 5090, 0, 0
2026/07/15 03:01:56.680, 3, NVIDIA GeForce RTX 5090, 0, 0
2026/07/15 03:01:56.687, 4, NVIDIA GeForce RTX 5090, 0, 0
2026/07/15 03:01:58.825, 0, NVIDIA GeForce RTX 5090, 3083, 99
2026/07/15 03:01:58.828, 1, NVIDIA GeForce RTX 5090, 0, 0
2026/07/15 03:01:58.839, 2, NVIDIA GeForce RTX 5090, 0, 0
2026/07/15 03:01:58.847, 3, NVIDIA GeForce RTX 5090, 0, 0
2026/07/15 03:01:58.854, 4, NVIDIA GeForce RTX 5090, 0, 0
2026/07/15 03:02:01.002, 0, NVIDIA GeForce RTX 5090, 3083, 99
2026/07/15 03:02:01.008, 1, NVIDIA GeForce RTX 5090, 0, 0
2026/07/15 03:02:01.015, 2, NVIDIA GeForce RTX 5090, 0, 0
2026/07/15 03:02:01.024, 3, NVIDIA GeForce RTX 5090, 0, 0
2026/07/15 03:02:01.032, 4, NVIDIA GeForce RTX 5090, 0, 0
2026/07/15 03:02:03.187, 0, NVIDIA GeForce RTX 5090, 3083, 99
2026/07/15 03:02:03.193, 1, NVIDIA GeForce RTX 5090, 0, 0
2026/07/15 03:02:03.201, 2, NVIDIA GeForce RTX 5090, 0, 0
2026/07/15 03:02:03.209, 3, NVIDIA GeForce RTX 5090, 0, 0
2026/07/15 03:02:03.227, 4, NVIDIA GeForce RTX 5090, 0, 0
2026/07/15 03:02:05.385, 0, NVIDIA GeForce RTX 5090, 3083, 99
2026/07/15 03:02:05.389, 1, NVIDIA GeForce RTX 5090, 0, 0
2026/07/15 03:02:05.398, 2, NVIDIA GeForce RTX 5090, 0, 0
2026/07/15 03:02:05.405, 3, NVIDIA GeForce RTX 5090, 0, 0
2026/07/15 03:02:05.412, 4, NVIDIA GeForce RTX 5090, 0, 0
2026/07/15 03:02:07.545, 0, NVIDIA GeForce RTX 5090, 3083, 98
2026/07/15 03:02:07.551, 1, NVIDIA GeForce RTX 5090, 0, 0
2026/07/15 03:02:07.561, 2, NVIDIA GeForce RTX 5090, 0, 0
2026/07/15 03:02:07.568, 3, NVIDIA GeForce RTX 5090, 0, 0
2026/07/15 03:02:07.575, 4, NVIDIA GeForce RTX 5090, 0, 0
2026/07/15 03:02:09.716, 0, NVIDIA GeForce RTX 5090, 3083, 99
2026/07/15 03:02:09.721, 1, NVIDIA GeForce RTX 5090, 0, 0
2026/07/15 03:02:09.729, 2, NVIDIA GeForce RTX 5090, 0, 0
2026/07/15 03:02:09.736, 3, NVIDIA GeForce RTX 5090, 0, 0
2026/07/15 03:02:09.744, 4, NVIDIA GeForce RTX 5090, 0, 0
2026/07/15 03:02:11.878, 0, NVIDIA GeForce RTX 5090, 3083, 99
2026/07/15 03:02:11.880, 1, NVIDIA GeForce RTX 5090, 0, 0
2026/07/15 03:02:11.888, 2, NVIDIA GeForce RTX 5090, 0, 0
2026/07/15 03:02:11.896, 3, NVIDIA GeForce RTX 5090, 0, 0
2026/07/15 03:02:11.904, 4, NVIDIA GeForce RTX 5090, 0, 0
2026/07/15 03:02:14.037, 0, NVIDIA GeForce RTX 5090, 3083, 99
2026/07/15 03:02:14.041, 1, NVIDIA GeForce RTX 5090, 0, 0
2026/07/15 03:02:14.049, 2, NVIDIA GeForce RTX 5090, 0, 0
2026/07/15 03:02:14.056, 3, NVIDIA GeForce RTX 5090, 0, 0
2026/07/15 03:02:14.064, 4, NVIDIA GeForce RTX 5090, 0, 0
2026/07/15 03:02:16.197, 0, NVIDIA GeForce RTX 5090, 3083, 99
2026/07/15 03:02:16.200, 1, NVIDIA GeForce RTX 5090, 0, 0
2026/07/15 03:02:16.209, 2, NVIDIA GeForce RTX 5090, 0, 0
2026/07/15 03:02:16.217, 3, NVIDIA GeForce RTX 5090, 0, 0
2026/07/15 03:02:16.230, 4, NVIDIA GeForce RTX 5090, 0, 0
2026/07/15 03:02:18.367, 0, NVIDIA GeForce RTX 5090, 3083, 5
2026/07/15 03:02:18.373, 1, NVIDIA GeForce RTX 5090, 0, 0
2026/07/15 03:02:18.381, 2, NVIDIA GeForce RTX 5090, 0, 0
2026/07/15 03:02:18.388, 3, NVIDIA GeForce RTX 5090, 0, 0
2026/07/15 03:02:18.396, 4, NVIDIA GeForce RTX 5090, 0, 0
2026/07/15 03:02:20.553, 0, NVIDIA GeForce RTX 5090, 3083, 99
2026/07/15 03:02:20.557, 1, NVIDIA GeForce RTX 5090, 0, 0
2026/07/15 03:02:20.565, 2, NVIDIA GeForce RTX 5090, 0, 0
2026/07/15 03:02:20.572, 3, NVIDIA GeForce RTX 5090, 0, 0
2026/07/15 03:02:20.580, 4, NVIDIA GeForce RTX 5090, 0, 0
2026/07/15 03:02:22.736, 0, NVIDIA GeForce RTX 5090, 3083, 98
2026/07/15 03:02:22.743, 1, NVIDIA GeForce RTX 5090, 0, 0
2026/07/15 03:02:22.751, 2, NVIDIA GeForce RTX 5090, 0, 0
2026/07/15 03:02:22.758, 3, NVIDIA GeForce RTX 5090, 0, 0
2026/07/15 03:02:22.766, 4, NVIDIA GeForce RTX 5090, 0, 0
2026/07/15 03:02:24.908, 0, NVIDIA GeForce RTX 5090, 3083, 99
2026/07/15 03:02:24.914, 1, NVIDIA GeForce RTX 5090, 0, 0
2026/07/15 03:02:24.922, 2, NVIDIA GeForce RTX 5090, 0, 0
2026/07/15 03:02:24.930, 3, NVIDIA GeForce RTX 5090, 0, 0
2026/07/15 03:02:24.945, 4, NVIDIA GeForce RTX 5090, 0, 0
2026/07/15 03:02:27.082, 0, NVIDIA GeForce RTX 5090, 3083, 98
2026/07/15 03:02:27.087, 1, NVIDIA GeForce RTX 5090, 0, 0
2026/07/15 03:02:27.096, 2, NVIDIA GeForce RTX 5090, 0, 0
2026/07/15 03:02:27.104, 3, NVIDIA GeForce RTX 5090, 0, 0
2026/07/15 03:02:27.111, 4, NVIDIA GeForce RTX 5090, 0, 0
2026/07/15 03:02:29.250, 0, NVIDIA GeForce RTX 5090, 3083, 99
2026/07/15 03:02:29.256, 1, NVIDIA GeForce RTX 5090, 0, 0
2026/07/15 03:02:29.264, 2, NVIDIA GeForce RTX 5090, 0, 0
2026/07/15 03:02:29.272, 3, NVIDIA GeForce RTX 5090, 0, 0
2026/07/15 03:02:29.279, 4, NVIDIA GeForce RTX 5090, 0, 0
2026/07/15 03:02:31.423, 0, NVIDIA GeForce RTX 5090, 3083, 99
2026/07/15 03:02:31.425, 1, NVIDIA GeForce RTX 5090, 0, 0
2026/07/15 03:02:31.433, 2, NVIDIA GeForce RTX 5090, 0, 0
2026/07/15 03:02:31.441, 3, NVIDIA GeForce RTX 5090, 0, 0
2026/07/15 03:02:31.450, 4, NVIDIA GeForce RTX 5090, 0, 0
2026/07/15 03:02:33.602, 0, NVIDIA GeForce RTX 5090, 3083, 99
2026/07/15 03:02:33.608, 1, NVIDIA GeForce RTX 5090, 0, 0
2026/07/15 03:02:33.616, 2, NVIDIA GeForce RTX 5090, 0, 0
2026/07/15 03:02:33.623, 3, NVIDIA GeForce RTX 5090, 0, 0
2026/07/15 03:02:33.631, 4, NVIDIA GeForce RTX 5090, 0, 0
2026/07/15 03:02:35.769, 0, NVIDIA GeForce RTX 5090, 3083, 99
2026/07/15 03:02:35.775, 1, NVIDIA GeForce RTX 5090, 0, 0
2026/07/15 03:02:35.783, 2, NVIDIA GeForce RTX 5090, 0, 0
2026/07/15 03:02:35.790, 3, NVIDIA GeForce RTX 5090, 0, 0
2026/07/15 03:02:35.798, 4, NVIDIA GeForce RTX 5090, 0, 0
2026/07/15 03:02:37.933, 0, NVIDIA GeForce RTX 5090, 3083, 98
2026/07/15 03:02:37.937, 1, NVIDIA GeForce RTX 5090, 0, 0
2026/07/15 03:02:37.945, 2, NVIDIA GeForce RTX 5090, 0, 0
2026/07/15 03:02:37.953, 3, NVIDIA GeForce RTX 5090, 0, 0
2026/07/15 03:02:37.960, 4, NVIDIA GeForce RTX 5090, 0, 0
2026/07/15 03:02:40.097, 0, NVIDIA GeForce RTX 5090, 3083, 99
2026/07/15 03:02:40.103, 1, NVIDIA GeForce RTX 5090, 0, 0
2026/07/15 03:02:40.111, 2, NVIDIA GeForce RTX 5090, 0, 0
2026/07/15 03:02:40.118, 3, NVIDIA GeForce RTX 5090, 0, 0
2026/07/15 03:02:40.126, 4, NVIDIA GeForce RTX 5090, 0, 0
2026/07/15 03:02:42.262, 0, NVIDIA GeForce RTX 5090, 3083, 99
2026/07/15 03:02:42.267, 1, NVIDIA GeForce RTX 5090, 0, 0
2026/07/15 03:02:42.275, 2, NVIDIA GeForce RTX 5090, 0, 0
2026/07/15 03:02:42.282, 3, NVIDIA GeForce RTX 5090, 0, 0
2026/07/15 03:02:42.290, 4, NVIDIA GeForce RTX 5090, 0, 0
2026/07/15 03:02:44.427, 0, NVIDIA GeForce RTX 5090, 3083, 99
2026/07/15 03:02:44.432, 1, NVIDIA GeForce RTX 5090, 0, 0
2026/07/15 03:02:44.441, 2, NVIDIA GeForce RTX 5090, 0, 0
2026/07/15 03:02:44.450, 3, NVIDIA GeForce RTX 5090, 0, 0
2026/07/15 03:02:44.457, 4, NVIDIA GeForce RTX 5090, 0, 0
2026/07/15 03:02:46.612, 0, NVIDIA GeForce RTX 5090, 3083, 98
2026/07/15 03:02:46.618, 1, NVIDIA GeForce RTX 5090, 0, 0
2026/07/15 03:02:46.627, 2, NVIDIA GeForce RTX 5090, 0, 0
2026/07/15 03:02:46.634, 3, NVIDIA GeForce RTX 5090, 0, 0
2026/07/15 03:02:46.642, 4, NVIDIA GeForce RTX 5090, 0, 0
2026/07/15 03:02:48.776, 0, NVIDIA GeForce RTX 5090, 3083, 99
2026/07/15 03:02:48.782, 1, NVIDIA GeForce RTX 5090, 0, 0
2026/07/15 03:02:48.790, 2, NVIDIA GeForce RTX 5090, 0, 0
2026/07/15 03:02:48.798, 3, NVIDIA GeForce RTX 5090, 0, 0
2026/07/15 03:02:48.805, 4, NVIDIA GeForce RTX 5090, 0, 0
2026/07/15 03:02:50.941, 0, NVIDIA GeForce RTX 5090, 3083, 56
2026/07/15 03:02:50.945, 1, NVIDIA GeForce RTX 5090, 0, 0
2026/07/15 03:02:50.953, 2, NVIDIA GeForce RTX 5090, 0, 0
2026/07/15 03:02:50.960, 3, NVIDIA GeForce RTX 5090, 0, 0
2026/07/15 03:02:50.968, 4, NVIDIA GeForce RTX 5090, 0, 0
2026/07/15 03:02:53.123, 0, NVIDIA GeForce RTX 5090, 3083, 99
2026/07/15 03:02:53.125, 1, NVIDIA GeForce RTX 5090, 0, 0
2026/07/15 03:02:53.133, 2, NVIDIA GeForce RTX 5090, 0, 0
2026/07/15 03:02:53.141, 3, NVIDIA GeForce RTX 5090, 0, 0
2026/07/15 03:02:53.151, 4, NVIDIA GeForce RTX 5090, 0, 0
2026/07/15 03:02:55.288, 0, NVIDIA GeForce RTX 5090, 3083, 99
2026/07/15 03:02:55.292, 1, NVIDIA GeForce RTX 5090, 0, 0
2026/07/15 03:02:55.302, 2, NVIDIA GeForce RTX 5090, 0, 0
2026/07/15 03:02:55.310, 3, NVIDIA GeForce RTX 5090, 0, 0
2026/07/15 03:02:55.318, 4, NVIDIA GeForce RTX 5090, 0, 0
2026/07/15 03:02:57.456, 0, NVIDIA GeForce RTX 5090, 3083, 99
2026/07/15 03:02:57.463, 1, NVIDIA GeForce RTX 5090, 0, 0
2026/07/15 03:02:57.470, 2, NVIDIA GeForce RTX 5090, 0, 0
2026/07/15 03:02:57.478, 3, NVIDIA GeForce RTX 5090, 0, 0
2026/07/15 03:02:57.485, 4, NVIDIA GeForce RTX 5090, 0, 0
2026/07/15 03:02:59.631, 0, NVIDIA GeForce RTX 5090, 3083, 99
2026/07/15 03:02:59.636, 1, NVIDIA GeForce RTX 5090, 0, 0
2026/07/15 03:02:59.644, 2, NVIDIA GeForce RTX 5090, 0, 0
2026/07/15 03:02:59.652, 3, NVIDIA GeForce RTX 5090, 0, 0
2026/07/15 03:02:59.659, 4, NVIDIA GeForce RTX 5090, 0, 0
2026/07/15 03:03:01.803, 0, NVIDIA GeForce RTX 5090, 3083, 52
2026/07/15 03:03:01.807, 1, NVIDIA GeForce RTX 5090, 0, 0
2026/07/15 03:03:01.814, 2, NVIDIA GeForce RTX 5090, 0, 0
2026/07/15 03:03:01.821, 3, NVIDIA GeForce RTX 5090, 0, 0
2026/07/15 03:03:01.829, 4, NVIDIA GeForce RTX 5090, 0, 0
2026/07/15 03:03:04.018, 0, NVIDIA GeForce RTX 5090, 3083, 99
2026/07/15 03:03:04.022, 1, NVIDIA GeForce RTX 5090, 0, 0
2026/07/15 03:03:04.030, 2, NVIDIA GeForce RTX 5090, 0, 0
2026/07/15 03:03:04.038, 3, NVIDIA GeForce RTX 5090, 0, 0
2026/07/15 03:03:04.046, 4, NVIDIA GeForce RTX 5090, 0, 0
2026/07/15 03:03:06.222, 0, NVIDIA GeForce RTX 5090, 3083, 98
2026/07/15 03:03:06.227, 1, NVIDIA GeForce RTX 5090, 0, 0
2026/07/15 03:03:06.236, 2, NVIDIA GeForce RTX 5090, 0, 0
2026/07/15 03:03:06.244, 3, NVIDIA GeForce RTX 5090, 0, 0
2026/07/15 03:03:06.251, 4, NVIDIA GeForce RTX 5090, 0, 0
2026/07/15 03:03:08.384, 0, NVIDIA GeForce RTX 5090, 3083, 99
2026/07/15 03:03:08.388, 1, NVIDIA GeForce RTX 5090, 0, 0
2026/07/15 03:03:08.396, 2, NVIDIA GeForce RTX 5090, 0, 0
2026/07/15 03:03:08.403, 3, NVIDIA GeForce RTX 5090, 0, 0
2026/07/15 03:03:08.410, 4, NVIDIA GeForce RTX 5090, 0, 0
2026/07/15 03:03:10.544, 0, NVIDIA GeForce RTX 5090, 3083, 99
2026/07/15 03:03:10.551, 1, NVIDIA GeForce RTX 5090, 0, 0
2026/07/15 03:03:10.562, 2, NVIDIA GeForce RTX 5090, 0, 0
2026/07/15 03:03:10.569, 3, NVIDIA GeForce RTX 5090, 0, 0
2026/07/15 03:03:10.577, 4, NVIDIA GeForce RTX 5090, 0, 0
2026/07/15 03:03:12.714, 0, NVIDIA GeForce RTX 5090, 3083, 99
2026/07/15 03:03:12.719, 1, NVIDIA GeForce RTX 5090, 0, 0
2026/07/15 03:03:12.727, 2, NVIDIA GeForce RTX 5090, 0, 0
2026/07/15 03:03:12.735, 3, NVIDIA GeForce RTX 5090, 0, 0
2026/07/15 03:03:12.742, 4, NVIDIA GeForce RTX 5090, 0, 0
2026/07/15 03:03:14.881, 0, NVIDIA GeForce RTX 5090, 3083, 99
2026/07/15 03:03:14.887, 1, NVIDIA GeForce RTX 5090, 0, 0
2026/07/15 03:03:14.895, 2, NVIDIA GeForce RTX 5090, 0, 0
2026/07/15 03:03:14.902, 3, NVIDIA GeForce RTX 5090, 0, 0
2026/07/15 03:03:14.910, 4, NVIDIA GeForce RTX 5090, 0, 0
2026/07/15 03:03:17.068, 0, NVIDIA GeForce RTX 5090, 3083, 99
2026/07/15 03:03:17.073, 1, NVIDIA GeForce RTX 5090, 0, 0
2026/07/15 03:03:17.081, 2, NVIDIA GeForce RTX 5090, 0, 0
2026/07/15 03:03:17.089, 3, NVIDIA GeForce RTX 5090, 0, 0
2026/07/15 03:03:17.096, 4, NVIDIA GeForce RTX 5090, 0, 0
2026/07/15 03:03:19.233, 0, NVIDIA GeForce RTX 5090, 3083, 98
2026/07/15 03:03:19.239, 1, NVIDIA GeForce RTX 5090, 0, 0
2026/07/15 03:03:19.247, 2, NVIDIA GeForce RTX 5090, 0, 0
2026/07/15 03:03:19.255, 3, NVIDIA GeForce RTX 5090, 0, 0
2026/07/15 03:03:19.262, 4, NVIDIA GeForce RTX 5090, 0, 0
2026/07/15 03:03:21.402, 0, NVIDIA GeForce RTX 5090, 3083, 99
2026/07/15 03:03:21.407, 1, NVIDIA GeForce RTX 5090, 0, 0
2026/07/15 03:03:21.415, 2, NVIDIA GeForce RTX 5090, 0, 0
2026/07/15 03:03:21.422, 3, NVIDIA GeForce RTX 5090, 0, 0
2026/07/15 03:03:21.429, 4, NVIDIA GeForce RTX 5090, 0, 0
2026/07/15 03:03:23.567, 0, NVIDIA GeForce RTX 5090, 3083, 99
2026/07/15 03:03:23.571, 1, NVIDIA GeForce RTX 5090, 0, 0
2026/07/15 03:03:23.579, 2, NVIDIA GeForce RTX 5090, 0, 0
2026/07/15 03:03:23.587, 3, NVIDIA GeForce RTX 5090, 0, 0
2026/07/15 03:03:23.594, 4, NVIDIA GeForce RTX 5090, 0, 0
2026/07/15 03:03:25.748, 0, NVIDIA GeForce RTX 5090, 3083, 98
2026/07/15 03:03:25.753, 1, NVIDIA GeForce RTX 5090, 0, 0
2026/07/15 03:03:25.762, 2, NVIDIA GeForce RTX 5090, 0, 0
2026/07/15 03:03:25.770, 3, NVIDIA GeForce RTX 5090, 0, 0
2026/07/15 03:03:25.787, 4, NVIDIA GeForce RTX 5090, 0, 0
2026/07/15 03:03:27.927, 0, NVIDIA GeForce RTX 5090, 3083, 99
2026/07/15 03:03:27.931, 1, NVIDIA GeForce RTX 5090, 0, 0
2026/07/15 03:03:27.939, 2, NVIDIA GeForce RTX 5090, 0, 0
2026/07/15 03:03:27.947, 3, NVIDIA GeForce RTX 5090, 0, 0
2026/07/15 03:03:27.954, 4, NVIDIA GeForce RTX 5090, 0, 0
2026/07/15 03:03:30.107, 0, NVIDIA GeForce RTX 5090, 3083, 98
2026/07/15 03:03:30.113, 1, NVIDIA GeForce RTX 5090, 0, 0
2026/07/15 03:03:30.122, 2, NVIDIA GeForce RTX 5090, 0, 0
2026/07/15 03:03:30.129, 3, NVIDIA GeForce RTX 5090, 0, 0
2026/07/15 03:03:30.136, 4, NVIDIA GeForce RTX 5090, 0, 0
2026/07/15 03:03:32.291, 0, NVIDIA GeForce RTX 5090, 3083, 99
2026/07/15 03:03:32.296, 1, NVIDIA GeForce RTX 5090, 0, 0
2026/07/15 03:03:32.305, 2, NVIDIA GeForce RTX 5090, 0, 0
2026/07/15 03:03:32.313, 3, NVIDIA GeForce RTX 5090, 0, 0
2026/07/15 03:03:32.320, 4, NVIDIA GeForce RTX 5090, 0, 0
2026/07/15 03:03:34.457, 0, NVIDIA GeForce RTX 5090, 3083, 99
2026/07/15 03:03:34.462, 1, NVIDIA GeForce RTX 5090, 0, 0
2026/07/15 03:03:34.470, 2, NVIDIA GeForce RTX 5090, 0, 0
2026/07/15 03:03:34.477, 3, NVIDIA GeForce RTX 5090, 0, 0
2026/07/15 03:03:34.485, 4, NVIDIA GeForce RTX 5090, 0, 0
2026/07/15 03:03:36.623, 0, NVIDIA GeForce RTX 5090, 3083, 99
2026/07/15 03:03:36.628, 1, NVIDIA GeForce RTX 5090, 0, 0
2026/07/15 03:03:36.637, 2, NVIDIA GeForce RTX 5090, 0, 0
2026/07/15 03:03:36.644, 3, NVIDIA GeForce RTX 5090, 0, 0
2026/07/15 03:03:36.652, 4, NVIDIA GeForce RTX 5090, 0, 0
2026/07/15 03:03:38.785, 0, NVIDIA GeForce RTX 5090, 3083, 98
2026/07/15 03:03:38.790, 1, NVIDIA GeForce RTX 5090, 0, 0
2026/07/15 03:03:38.798, 2, NVIDIA GeForce RTX 5090, 0, 0
2026/07/15 03:03:38.806, 3, NVIDIA GeForce RTX 5090, 0, 0
2026/07/15 03:03:38.814, 4, NVIDIA GeForce RTX 5090, 0, 0
2026/07/15 03:03:40.970, 0, NVIDIA GeForce RTX 5090, 3083, 99
2026/07/15 03:03:40.974, 1, NVIDIA GeForce RTX 5090, 0, 0
2026/07/15 03:03:40.983, 2, NVIDIA GeForce RTX 5090, 0, 0
2026/07/15 03:03:40.991, 3, NVIDIA GeForce RTX 5090, 0, 0
2026/07/15 03:03:41.000, 4, NVIDIA GeForce RTX 5090, 0, 0
2026/07/15 03:03:43.137, 0, NVIDIA GeForce RTX 5090, 3083, 99
2026/07/15 03:03:43.141, 1, NVIDIA GeForce RTX 5090, 0, 0
2026/07/15 03:03:43.150, 2, NVIDIA GeForce RTX 5090, 0, 0
2026/07/15 03:03:43.158, 3, NVIDIA GeForce RTX 5090, 0, 0
2026/07/15 03:03:43.165, 4, NVIDIA GeForce RTX 5090, 0, 0
2026/07/15 03:03:45.300, 0, NVIDIA GeForce RTX 5090, 3083, 99
2026/07/15 03:03:45.306, 1, NVIDIA GeForce RTX 5090, 0, 0
2026/07/15 03:03:45.314, 2, NVIDIA GeForce RTX 5090, 0, 0
2026/07/15 03:03:45.322, 3, NVIDIA GeForce RTX 5090, 0, 0
2026/07/15 03:03:45.329, 4, NVIDIA GeForce RTX 5090, 0, 0
2026/07/15 03:03:47.466, 0, NVIDIA GeForce RTX 5090, 3083, 99
2026/07/15 03:03:47.470, 1, NVIDIA GeForce RTX 5090, 0, 0
2026/07/15 03:03:47.477, 2, NVIDIA GeForce RTX 5090, 0, 0
2026/07/15 03:03:47.485, 3, NVIDIA GeForce RTX 5090, 0, 0
2026/07/15 03:03:47.493, 4, NVIDIA GeForce RTX 5090, 0, 0
2026/07/15 03:03:49.628, 0, NVIDIA GeForce RTX 5090, 3083, 98
2026/07/15 03:03:49.634, 1, NVIDIA GeForce RTX 5090, 0, 0
2026/07/15 03:03:49.642, 2, NVIDIA GeForce RTX 5090, 0, 0
2026/07/15 03:03:49.649, 3, NVIDIA GeForce RTX 5090, 0, 0
2026/07/15 03:03:49.657, 4, NVIDIA GeForce RTX 5090, 0, 0
2026/07/15 03:03:51.793, 0, NVIDIA GeForce RTX 5090, 3083, 99
2026/07/15 03:03:51.800, 1, NVIDIA GeForce RTX 5090, 0, 0
2026/07/15 03:03:51.807, 2, NVIDIA GeForce RTX 5090, 0, 0
2026/07/15 03:03:51.815, 3, NVIDIA GeForce RTX 5090, 0, 0
2026/07/15 03:03:51.822, 4, NVIDIA GeForce RTX 5090, 0, 0
2026/07/15 03:03:53.961, 0, NVIDIA GeForce RTX 5090, 3083, 51
2026/07/15 03:03:53.968, 1, NVIDIA GeForce RTX 5090, 0, 0
2026/07/15 03:03:53.976, 2, NVIDIA GeForce RTX 5090, 0, 0
2026/07/15 03:03:53.983, 3, NVIDIA GeForce RTX 5090, 0, 0
2026/07/15 03:03:53.991, 4, NVIDIA GeForce RTX 5090, 0, 0
2026/07/15 03:03:56.127, 0, NVIDIA GeForce RTX 5090, 3083, 99
2026/07/15 03:03:56.129, 1, NVIDIA GeForce RTX 5090, 0, 0
2026/07/15 03:03:56.137, 2, NVIDIA GeForce RTX 5090, 0, 0
2026/07/15 03:03:56.145, 3, NVIDIA GeForce RTX 5090, 0, 0
2026/07/15 03:03:56.153, 4, NVIDIA GeForce RTX 5090, 0, 0
2026/07/15 03:03:58.284, 0, NVIDIA GeForce RTX 5090, 3083, 99
2026/07/15 03:03:58.288, 1, NVIDIA GeForce RTX 5090, 0, 0
2026/07/15 03:03:58.296, 2, NVIDIA GeForce RTX 5090, 0, 0
2026/07/15 03:03:58.304, 3, NVIDIA GeForce RTX 5090, 0, 0
2026/07/15 03:03:58.315, 4, NVIDIA GeForce RTX 5090, 0, 0
2026/07/15 03:04:00.451, 0, NVIDIA GeForce RTX 5090, 3083, 99
2026/07/15 03:04:00.456, 1, NVIDIA GeForce RTX 5090, 0, 0
2026/07/15 03:04:00.465, 2, NVIDIA GeForce RTX 5090, 0, 0
2026/07/15 03:04:00.472, 3, NVIDIA GeForce RTX 5090, 0, 0
2026/07/15 03:04:00.480, 4, NVIDIA GeForce RTX 5090, 0, 0
2026/07/15 03:04:02.638, 0, NVIDIA GeForce RTX 5090, 3083, 99
2026/07/15 03:04:02.643, 1, NVIDIA GeForce RTX 5090, 0, 0
2026/07/15 03:04:02.652, 2, NVIDIA GeForce RTX 5090, 0, 0
2026/07/15 03:04:02.660, 3, NVIDIA GeForce RTX 5090, 0, 0
2026/07/15 03:04:02.667, 4, NVIDIA GeForce RTX 5090, 0, 0
2026/07/15 03:04:04.808, 0, NVIDIA GeForce RTX 5090, 3083, 57
2026/07/15 03:04:04.812, 1, NVIDIA GeForce RTX 5090, 0, 0
2026/07/15 03:04:04.820, 2, NVIDIA GeForce RTX 5090, 0, 0
2026/07/15 03:04:04.828, 3, NVIDIA GeForce RTX 5090, 0, 0
2026/07/15 03:04:04.836, 4, NVIDIA GeForce RTX 5090, 0, 0
2026/07/15 03:04:06.972, 0, NVIDIA GeForce RTX 5090, 3083, 99
2026/07/15 03:04:06.977, 1, NVIDIA GeForce RTX 5090, 0, 0
2026/07/15 03:04:06.984, 2, NVIDIA GeForce RTX 5090, 0, 0
2026/07/15 03:04:06.991, 3, NVIDIA GeForce RTX 5090, 0, 0
2026/07/15 03:04:06.999, 4, NVIDIA GeForce RTX 5090, 0, 0
2026/07/15 03:04:09.169, 0, NVIDIA GeForce RTX 5090, 3083, 98
2026/07/15 03:04:09.173, 1, NVIDIA GeForce RTX 5090, 0, 0
2026/07/15 03:04:09.182, 2, NVIDIA GeForce RTX 5090, 0, 0
2026/07/15 03:04:09.189, 3, NVIDIA GeForce RTX 5090, 0, 0
2026/07/15 03:04:09.197, 4, NVIDIA GeForce RTX 5090, 0, 0
2026/07/15 03:04:11.340, 0, NVIDIA GeForce RTX 5090, 3083, 99
2026/07/15 03:04:11.344, 1, NVIDIA GeForce RTX 5090, 0, 0
2026/07/15 03:04:11.353, 2, NVIDIA GeForce RTX 5090, 0, 0
2026/07/15 03:04:11.360, 3, NVIDIA GeForce RTX 5090, 0, 0
2026/07/15 03:04:11.368, 4, NVIDIA GeForce RTX 5090, 0, 0
2026/07/15 03:04:13.526, 0, NVIDIA GeForce RTX 5090, 3083, 99
2026/07/15 03:04:13.531, 1, NVIDIA GeForce RTX 5090, 0, 0
2026/07/15 03:04:13.539, 2, NVIDIA GeForce RTX 5090, 0, 0
2026/07/15 03:04:13.547, 3, NVIDIA GeForce RTX 5090, 0, 0
2026/07/15 03:04:13.554, 4, NVIDIA GeForce RTX 5090, 0, 0
2026/07/15 03:04:15.691, 0, NVIDIA GeForce RTX 5090, 3083, 99
2026/07/15 03:04:15.693, 1, NVIDIA GeForce RTX 5090, 0, 0
2026/07/15 03:04:15.700, 2, NVIDIA GeForce RTX 5090, 0, 0
2026/07/15 03:04:15.710, 3, NVIDIA GeForce RTX 5090, 0, 0
2026/07/15 03:04:15.717, 4, NVIDIA GeForce RTX 5090, 0, 0
2026/07/15 03:04:17.858, 0, NVIDIA GeForce RTX 5090, 3083, 99
2026/07/15 03:04:17.862, 1, NVIDIA GeForce RTX 5090, 0, 0
2026/07/15 03:04:17.871, 2, NVIDIA GeForce RTX 5090, 0, 0
2026/07/15 03:04:17.878, 3, NVIDIA GeForce RTX 5090, 0, 0
2026/07/15 03:04:17.887, 4, NVIDIA GeForce RTX 5090, 0, 0
2026/07/15 03:04:20.037, 0, NVIDIA GeForce RTX 5090, 3083, 99
2026/07/15 03:04:20.043, 1, NVIDIA GeForce RTX 5090, 0, 0
2026/07/15 03:04:20.050, 2, NVIDIA GeForce RTX 5090, 0, 0
2026/07/15 03:04:20.057, 3, NVIDIA GeForce RTX 5090, 0, 0
2026/07/15 03:04:20.065, 4, NVIDIA GeForce RTX 5090, 0, 0
2026/07/15 03:04:22.204, 0, NVIDIA GeForce RTX 5090, 3083, 99
2026/07/15 03:04:22.210, 1, NVIDIA GeForce RTX 5090, 0, 0
2026/07/15 03:04:22.218, 2, NVIDIA GeForce RTX 5090, 0, 0
2026/07/15 03:04:22.226, 3, NVIDIA GeForce RTX 5090, 0, 0
2026/07/15 03:04:22.234, 4, NVIDIA GeForce RTX 5090, 0, 0
2026/07/15 03:04:24.376, 0, NVIDIA GeForce RTX 5090, 3083, 98
2026/07/15 03:04:24.381, 1, NVIDIA GeForce RTX 5090, 0, 0
2026/07/15 03:04:24.389, 2, NVIDIA GeForce RTX 5090, 0, 0
2026/07/15 03:04:24.396, 3, NVIDIA GeForce RTX 5090, 0, 0
2026/07/15 03:04:24.404, 4, NVIDIA GeForce RTX 5090, 0, 0
2026/07/15 03:04:26.541, 0, NVIDIA GeForce RTX 5090, 3083, 99
2026/07/15 03:04:26.546, 1, NVIDIA GeForce RTX 5090, 0, 0
2026/07/15 03:04:26.553, 2, NVIDIA GeForce RTX 5090, 0, 0
2026/07/15 03:04:26.563, 3, NVIDIA GeForce RTX 5090, 0, 0
2026/07/15 03:04:26.571, 4, NVIDIA GeForce RTX 5090, 0, 0
2026/07/15 03:04:28.729, 0, NVIDIA GeForce RTX 5090, 3083, 99
2026/07/15 03:04:28.732, 1, NVIDIA GeForce RTX 5090, 0, 0
2026/07/15 03:04:28.741, 2, NVIDIA GeForce RTX 5090, 0, 0
2026/07/15 03:04:28.748, 3, NVIDIA GeForce RTX 5090, 0, 0
2026/07/15 03:04:28.756, 4, NVIDIA GeForce RTX 5090, 0, 0
2026/07/15 03:04:30.888, 0, NVIDIA GeForce RTX 5090, 3083, 99
2026/07/15 03:04:30.893, 1, NVIDIA GeForce RTX 5090, 0, 0
2026/07/15 03:04:30.902, 2, NVIDIA GeForce RTX 5090, 0, 0
2026/07/15 03:04:30.910, 3, NVIDIA GeForce RTX 5090, 0, 0
2026/07/15 03:04:30.917, 4, NVIDIA GeForce RTX 5090, 0, 0
2026/07/15 03:04:33.071, 0, NVIDIA GeForce RTX 5090, 3083, 5
2026/07/15 03:04:33.076, 1, NVIDIA GeForce RTX 5090, 0, 0
2026/07/15 03:04:33.085, 2, NVIDIA GeForce RTX 5090, 0, 0
2026/07/15 03:04:33.092, 3, NVIDIA GeForce RTX 5090, 0, 0
2026/07/15 03:04:33.099, 4, NVIDIA GeForce RTX 5090, 0, 0
2026/07/15 03:04:35.257, 0, NVIDIA GeForce RTX 5090, 3083, 99
2026/07/15 03:04:35.259, 1, NVIDIA GeForce RTX 5090, 0, 0
2026/07/15 03:04:35.267, 2, NVIDIA GeForce RTX 5090, 0, 0
2026/07/15 03:04:35.275, 3, NVIDIA GeForce RTX 5090, 0, 0
2026/07/15 03:04:35.281, 4, NVIDIA GeForce RTX 5090, 0, 0
2026/07/15 03:04:37.417, 0, NVIDIA GeForce RTX 5090, 3083, 99
2026/07/15 03:04:37.422, 1, NVIDIA GeForce RTX 5090, 0, 0
2026/07/15 03:04:37.432, 2, NVIDIA GeForce RTX 5090, 0, 0
2026/07/15 03:04:37.440, 3, NVIDIA GeForce RTX 5090, 0, 0
2026/07/15 03:04:37.447, 4, NVIDIA GeForce RTX 5090, 0, 0
2026/07/15 03:04:39.601, 0, NVIDIA GeForce RTX 5090, 3083, 99
2026/07/15 03:04:39.606, 1, NVIDIA GeForce RTX 5090, 0, 0
2026/07/15 03:04:39.614, 2, NVIDIA GeForce RTX 5090, 0, 0
2026/07/15 03:04:39.622, 3, NVIDIA GeForce RTX 5090, 0, 0
2026/07/15 03:04:39.630, 4, NVIDIA GeForce RTX 5090, 0, 0
2026/07/15 03:04:41.769, 0, NVIDIA GeForce RTX 5090, 3083, 98
2026/07/15 03:04:41.774, 1, NVIDIA GeForce RTX 5090, 0, 0
2026/07/15 03:04:41.783, 2, NVIDIA GeForce RTX 5090, 0, 0
2026/07/15 03:04:41.790, 3, NVIDIA GeForce RTX 5090, 0, 0
2026/07/15 03:04:41.798, 4, NVIDIA GeForce RTX 5090, 0, 0
2026/07/15 03:04:43.939, 0, NVIDIA GeForce RTX 5090, 3083, 99
2026/07/15 03:04:43.945, 1, NVIDIA GeForce RTX 5090, 0, 0
2026/07/15 03:04:43.953, 2, NVIDIA GeForce RTX 5090, 0, 0
2026/07/15 03:04:43.960, 3, NVIDIA GeForce RTX 5090, 0, 0
2026/07/15 03:04:43.968, 4, NVIDIA GeForce RTX 5090, 0, 0
2026/07/15 03:04:46.106, 0, NVIDIA GeForce RTX 5090, 3083, 99
2026/07/15 03:04:46.112, 1, NVIDIA GeForce RTX 5090, 0, 0
2026/07/15 03:04:46.119, 2, NVIDIA GeForce RTX 5090, 0, 0
2026/07/15 03:04:46.127, 3, NVIDIA GeForce RTX 5090, 0, 0
2026/07/15 03:04:46.135, 4, NVIDIA GeForce RTX 5090, 0, 0
2026/07/15 03:04:48.272, 0, NVIDIA GeForce RTX 5090, 3083, 99
2026/07/15 03:04:48.276, 1, NVIDIA GeForce RTX 5090, 0, 0
2026/07/15 03:04:48.285, 2, NVIDIA GeForce RTX 5090, 0, 0
2026/07/15 03:04:48.293, 3, NVIDIA GeForce RTX 5090, 0, 0
2026/07/15 03:04:48.300, 4, NVIDIA GeForce RTX 5090, 0, 0
2026/07/15 03:04:50.439, 0, NVIDIA GeForce RTX 5090, 3083, 99
2026/07/15 03:04:50.443, 1, NVIDIA GeForce RTX 5090, 0, 0
2026/07/15 03:04:50.451, 2, NVIDIA GeForce RTX 5090, 0, 0
2026/07/15 03:04:50.459, 3, NVIDIA GeForce RTX 5090, 0, 0
2026/07/15 03:04:50.466, 4, NVIDIA GeForce RTX 5090, 0, 0
2026/07/15 03:04:52.627, 0, NVIDIA GeForce RTX 5090, 3083, 99
2026/07/15 03:04:52.631, 1, NVIDIA GeForce RTX 5090, 0, 0
2026/07/15 03:04:52.641, 2, NVIDIA GeForce RTX 5090, 0, 0
2026/07/15 03:04:52.649, 3, NVIDIA GeForce RTX 5090, 0, 0
2026/07/15 03:04:52.657, 4, NVIDIA GeForce RTX 5090, 0, 0
2026/07/15 03:04:54.795, 0, NVIDIA GeForce RTX 5090, 3083, 99
2026/07/15 03:04:54.801, 1, NVIDIA GeForce RTX 5090, 0, 0
2026/07/15 03:04:54.809, 2, NVIDIA GeForce RTX 5090, 0, 0
2026/07/15 03:04:54.817, 3, NVIDIA GeForce RTX 5090, 0, 0
2026/07/15 03:04:54.824, 4, NVIDIA GeForce RTX 5090, 0, 0
2026/07/15 03:04:56.978, 0, NVIDIA GeForce RTX 5090, 3083, 99
2026/07/15 03:04:56.982, 1, NVIDIA GeForce RTX 5090, 0, 0
2026/07/15 03:04:56.990, 2, NVIDIA GeForce RTX 5090, 0, 0
2026/07/15 03:04:56.998, 3, NVIDIA GeForce RTX 5090, 0, 0
2026/07/15 03:04:57.005, 4, NVIDIA GeForce RTX 5090, 0, 0
2026/07/15 03:04:59.142, 0, NVIDIA GeForce RTX 5090, 3083, 98
2026/07/15 03:04:59.148, 1, NVIDIA GeForce RTX 5090, 0, 0
2026/07/15 03:04:59.156, 2, NVIDIA GeForce RTX 5090, 0, 0
2026/07/15 03:04:59.163, 3, NVIDIA GeForce RTX 5090, 0, 0
2026/07/15 03:04:59.171, 4, NVIDIA GeForce RTX 5090, 0, 0
2026/07/15 03:05:01.330, 0, NVIDIA GeForce RTX 5090, 3083, 99
2026/07/15 03:05:01.335, 1, NVIDIA GeForce RTX 5090, 0, 0
2026/07/15 03:05:01.343, 2, NVIDIA GeForce RTX 5090, 0, 0
2026/07/15 03:05:01.351, 3, NVIDIA GeForce RTX 5090, 0, 0
2026/07/15 03:05:01.365, 4, NVIDIA GeForce RTX 5090, 0, 0
2026/07/15 03:05:03.506, 0, NVIDIA GeForce RTX 5090, 3083, 99
2026/07/15 03:05:03.512, 1, NVIDIA GeForce RTX 5090, 0, 0
2026/07/15 03:05:03.520, 2, NVIDIA GeForce RTX 5090, 0, 0
2026/07/15 03:05:03.527, 3, NVIDIA GeForce RTX 5090, 0, 0
2026/07/15 03:05:03.535, 4, NVIDIA GeForce RTX 5090, 0, 0
2026/07/15 03:05:05.694, 0, NVIDIA GeForce RTX 5090, 3083, 68
2026/07/15 03:05:05.699, 1, NVIDIA GeForce RTX 5090, 0, 0
2026/07/15 03:05:05.707, 2, NVIDIA GeForce RTX 5090, 0, 0
2026/07/15 03:05:05.714, 3, NVIDIA GeForce RTX 5090, 0, 0
2026/07/15 03:05:05.721, 4, NVIDIA GeForce RTX 5090, 0, 0
2026/07/15 03:05:07.877, 0, NVIDIA GeForce RTX 5090, 3083, 99
2026/07/15 03:05:07.881, 1, NVIDIA GeForce RTX 5090, 0, 0
2026/07/15 03:05:07.890, 2, NVIDIA GeForce RTX 5090, 0, 0
2026/07/15 03:05:07.898, 3, NVIDIA GeForce RTX 5090, 0, 0
2026/07/15 03:05:07.906, 4, NVIDIA GeForce RTX 5090, 0, 0
2026/07/15 03:05:10.063, 0, NVIDIA GeForce RTX 5090, 3083, 99
2026/07/15 03:05:10.068, 1, NVIDIA GeForce RTX 5090, 0, 0
2026/07/15 03:05:10.077, 2, NVIDIA GeForce RTX 5090, 0, 0
2026/07/15 03:05:10.086, 3, NVIDIA GeForce RTX 5090, 0, 0
2026/07/15 03:05:10.094, 4, NVIDIA GeForce RTX 5090, 0, 0
2026/07/15 03:05:12.234, 0, NVIDIA GeForce RTX 5090, 3083, 99
2026/07/15 03:05:12.238, 1, NVIDIA GeForce RTX 5090, 0, 0
2026/07/15 03:05:12.245, 2, NVIDIA GeForce RTX 5090, 0, 0
2026/07/15 03:05:12.253, 3, NVIDIA GeForce RTX 5090, 0, 0
2026/07/15 03:05:12.262, 4, NVIDIA GeForce RTX 5090, 0, 0
2026/07/15 03:05:14.416, 0, NVIDIA GeForce RTX 5090, 3083, 99
2026/07/15 03:05:14.424, 1, NVIDIA GeForce RTX 5090, 0, 0
2026/07/15 03:05:14.432, 2, NVIDIA GeForce RTX 5090, 0, 0
2026/07/15 03:05:14.439, 3, NVIDIA GeForce RTX 5090, 0, 0
2026/07/15 03:05:14.447, 4, NVIDIA GeForce RTX 5090, 0, 0
2026/07/15 03:05:16.582, 0, NVIDIA GeForce RTX 5090, 3083, 99
2026/07/15 03:05:16.586, 1, NVIDIA GeForce RTX 5090, 0, 0
2026/07/15 03:05:16.594, 2, NVIDIA GeForce RTX 5090, 0, 0
2026/07/15 03:05:16.602, 3, NVIDIA GeForce RTX 5090, 0, 0
2026/07/15 03:05:16.609, 4, NVIDIA GeForce RTX 5090, 0, 0
2026/07/15 03:05:18.745, 0, NVIDIA GeForce RTX 5090, 3083, 98
2026/07/15 03:05:18.750, 1, NVIDIA GeForce RTX 5090, 0, 0
2026/07/15 03:05:18.759, 2, NVIDIA GeForce RTX 5090, 0, 0
2026/07/15 03:05:18.766, 3, NVIDIA GeForce RTX 5090, 0, 0
2026/07/15 03:05:18.774, 4, NVIDIA GeForce RTX 5090, 0, 0
2026/07/15 03:05:20.910, 0, NVIDIA GeForce RTX 5090, 3083, 99
2026/07/15 03:05:20.916, 1, NVIDIA GeForce RTX 5090, 0, 0
2026/07/15 03:05:20.924, 2, NVIDIA GeForce RTX 5090, 0, 0
2026/07/15 03:05:20.931, 3, NVIDIA GeForce RTX 5090, 0, 0
2026/07/15 03:05:20.939, 4, NVIDIA GeForce RTX 5090, 0, 0
2026/07/15 03:05:23.074, 0, NVIDIA GeForce RTX 5090, 3083, 34
2026/07/15 03:05:23.080, 1, NVIDIA GeForce RTX 5090, 0, 0
2026/07/15 03:05:23.088, 2, NVIDIA GeForce RTX 5090, 0, 0
2026/07/15 03:05:23.095, 3, NVIDIA GeForce RTX 5090, 0, 0
2026/07/15 03:05:23.103, 4, NVIDIA GeForce RTX 5090, 0, 0
2026/07/15 03:05:25.244, 0, NVIDIA GeForce RTX 5090, 3083, 99
2026/07/15 03:05:25.251, 1, NVIDIA GeForce RTX 5090, 0, 0
2026/07/15 03:05:25.258, 2, NVIDIA GeForce RTX 5090, 0, 0
2026/07/15 03:05:25.268, 3, NVIDIA GeForce RTX 5090, 0, 0
2026/07/15 03:05:25.275, 4, NVIDIA GeForce RTX 5090, 0, 0
2026/07/15 03:05:27.430, 0, NVIDIA GeForce RTX 5090, 3083, 99
2026/07/15 03:05:27.436, 1, NVIDIA GeForce RTX 5090, 0, 0
2026/07/15 03:05:27.443, 2, NVIDIA GeForce RTX 5090, 0, 0
2026/07/15 03:05:27.451, 3, NVIDIA GeForce RTX 5090, 0, 0
2026/07/15 03:05:27.459, 4, NVIDIA GeForce RTX 5090, 0, 0
2026/07/15 03:05:29.592, 0, NVIDIA GeForce RTX 5090, 3083, 99
2026/07/15 03:05:29.597, 1, NVIDIA GeForce RTX 5090, 0, 0
2026/07/15 03:05:29.605, 2, NVIDIA GeForce RTX 5090, 0, 0
2026/07/15 03:05:29.613, 3, NVIDIA GeForce RTX 5090, 0, 0
2026/07/15 03:05:29.620, 4, NVIDIA GeForce RTX 5090, 0, 0
2026/07/15 03:05:31.758, 0, NVIDIA GeForce RTX 5090, 3083, 99
2026/07/15 03:05:31.763, 1, NVIDIA GeForce RTX 5090, 0, 0
2026/07/15 03:05:31.771, 2, NVIDIA GeForce RTX 5090, 0, 0
2026/07/15 03:05:31.778, 3, NVIDIA GeForce RTX 5090, 0, 0
2026/07/15 03:05:31.786, 4, NVIDIA GeForce RTX 5090, 0, 0
2026/07/15 03:05:33.946, 0, NVIDIA GeForce RTX 5090, 3083, 75
2026/07/15 03:05:33.951, 1, NVIDIA GeForce RTX 5090, 0, 0
2026/07/15 03:05:33.959, 2, NVIDIA GeForce RTX 5090, 0, 0
2026/07/15 03:05:33.967, 3, NVIDIA GeForce RTX 5090, 0, 0
2026/07/15 03:05:33.975, 4, NVIDIA GeForce RTX 5090, 0, 0
2026/07/15 03:05:36.107, 0, NVIDIA GeForce RTX 5090, 3083, 99
2026/07/15 03:05:36.112, 1, NVIDIA GeForce RTX 5090, 0, 0
2026/07/15 03:05:36.120, 2, NVIDIA GeForce RTX 5090, 0, 0
2026/07/15 03:05:36.127, 3, NVIDIA GeForce RTX 5090, 0, 0
2026/07/15 03:05:36.135, 4, NVIDIA GeForce RTX 5090, 0, 0
2026/07/15 03:05:38.276, 0, NVIDIA GeForce RTX 5090, 3083, 98
2026/07/15 03:05:38.284, 1, NVIDIA GeForce RTX 5090, 0, 0
2026/07/15 03:05:38.293, 2, NVIDIA GeForce RTX 5090, 0, 0
2026/07/15 03:05:38.300, 3, NVIDIA GeForce RTX 5090, 0, 0
2026/07/15 03:05:38.308, 4, NVIDIA GeForce RTX 5090, 0, 0
2026/07/15 03:05:40.465, 0, NVIDIA GeForce RTX 5090, 3083, 99
2026/07/15 03:05:40.469, 1, NVIDIA GeForce RTX 5090, 0, 0
2026/07/15 03:05:40.478, 2, NVIDIA GeForce RTX 5090, 0, 0
2026/07/15 03:05:40.485, 3, NVIDIA GeForce RTX 5090, 0, 0
2026/07/15 03:05:40.493, 4, NVIDIA GeForce RTX 5090, 0, 0
2026/07/15 03:05:42.643, 0, NVIDIA GeForce RTX 5090, 3083, 99
2026/07/15 03:05:42.648, 1, NVIDIA GeForce RTX 5090, 0, 0
2026/07/15 03:05:42.656, 2, NVIDIA GeForce RTX 5090, 0, 0
2026/07/15 03:05:42.663, 3, NVIDIA GeForce RTX 5090, 0, 0
2026/07/15 03:05:42.671, 4, NVIDIA GeForce RTX 5090, 0, 0
2026/07/15 03:05:44.809, 0, NVIDIA GeForce RTX 5090, 3083, 99
2026/07/15 03:05:44.814, 1, NVIDIA GeForce RTX 5090, 0, 0
2026/07/15 03:05:44.822, 2, NVIDIA GeForce RTX 5090, 0, 0
2026/07/15 03:05:44.829, 3, NVIDIA GeForce RTX 5090, 0, 0
2026/07/15 03:05:44.837, 4, NVIDIA GeForce RTX 5090, 0, 0
2026/07/15 03:05:46.972, 0, NVIDIA GeForce RTX 5090, 3083, 99
2026/07/15 03:05:46.977, 1, NVIDIA GeForce RTX 5090, 0, 0
2026/07/15 03:05:46.986, 2, NVIDIA GeForce RTX 5090, 0, 0
2026/07/15 03:05:46.994, 3, NVIDIA GeForce RTX 5090, 0, 0
2026/07/15 03:05:47.002, 4, NVIDIA GeForce RTX 5090, 0, 0
2026/07/15 03:05:49.181, 0, NVIDIA GeForce RTX 5090, 3083, 11
2026/07/15 03:05:49.183, 1, NVIDIA GeForce RTX 5090, 0, 0
2026/07/15 03:05:49.193, 2, NVIDIA GeForce RTX 5090, 0, 0
2026/07/15 03:05:49.201, 3, NVIDIA GeForce RTX 5090, 0, 0
2026/07/15 03:05:49.208, 4, NVIDIA GeForce RTX 5090, 0, 0
2026/07/15 03:05:51.362, 0, NVIDIA GeForce RTX 5090, 3083, 6
2026/07/15 03:05:51.368, 1, NVIDIA GeForce RTX 5090, 0, 0
2026/07/15 03:05:51.376, 2, NVIDIA GeForce RTX 5090, 0, 0
2026/07/15 03:05:51.384, 3, NVIDIA GeForce RTX 5090, 0, 0
2026/07/15 03:05:51.391, 4, NVIDIA GeForce RTX 5090, 0, 0
2026/07/15 03:05:53.528, 0, NVIDIA GeForce RTX 5090, 3083, 99
2026/07/15 03:05:53.533, 1, NVIDIA GeForce RTX 5090, 0, 0
2026/07/15 03:05:53.541, 2, NVIDIA GeForce RTX 5090, 0, 0
2026/07/15 03:05:53.549, 3, NVIDIA GeForce RTX 5090, 0, 0
2026/07/15 03:05:53.556, 4, NVIDIA GeForce RTX 5090, 0, 0
2026/07/15 03:05:55.696, 0, NVIDIA GeForce RTX 5090, 3083, 98
2026/07/15 03:05:55.701, 1, NVIDIA GeForce RTX 5090, 0, 0
2026/07/15 03:05:55.709, 2, NVIDIA GeForce RTX 5090, 0, 0
2026/07/15 03:05:55.719, 3, NVIDIA GeForce RTX 5090, 0, 0
2026/07/15 03:05:55.726, 4, NVIDIA GeForce RTX 5090, 0, 0
2026/07/15 03:05:57.864, 0, NVIDIA GeForce RTX 5090, 3083, 99
2026/07/15 03:05:57.870, 1, NVIDIA GeForce RTX 5090, 0, 0
2026/07/15 03:05:57.878, 2, NVIDIA GeForce RTX 5090, 0, 0
2026/07/15 03:05:57.886, 3, NVIDIA GeForce RTX 5090, 0, 0
2026/07/15 03:05:57.895, 4, NVIDIA GeForce RTX 5090, 0, 0
2026/07/15 03:06:00.032, 0, NVIDIA GeForce RTX 5090, 3083, 98
2026/07/15 03:06:00.039, 1, NVIDIA GeForce RTX 5090, 0, 0
2026/07/15 03:06:00.048, 2, NVIDIA GeForce RTX 5090, 0, 0
2026/07/15 03:06:00.055, 3, NVIDIA GeForce RTX 5090, 0, 0
2026/07/15 03:06:00.063, 4, NVIDIA GeForce RTX 5090, 0, 0
2026/07/15 03:06:02.197, 0, NVIDIA GeForce RTX 5090, 3083, 99
2026/07/15 03:06:02.204, 1, NVIDIA GeForce RTX 5090, 0, 0
2026/07/15 03:06:02.215, 2, NVIDIA GeForce RTX 5090, 0, 0
2026/07/15 03:06:02.223, 3, NVIDIA GeForce RTX 5090, 0, 0
2026/07/15 03:06:02.230, 4, NVIDIA GeForce RTX 5090, 0, 0
2026/07/15 03:06:04.363, 0, NVIDIA GeForce RTX 5090, 3083, 99
2026/07/15 03:06:04.365, 1, NVIDIA GeForce RTX 5090, 0, 0
2026/07/15 03:06:04.374, 2, NVIDIA GeForce RTX 5090, 0, 0
2026/07/15 03:06:04.382, 3, NVIDIA GeForce RTX 5090, 0, 0
2026/07/15 03:06:04.390, 4, NVIDIA GeForce RTX 5090, 0, 0
2026/07/15 03:06:06.526, 0, NVIDIA GeForce RTX 5090, 3083, 99
2026/07/15 03:06:06.532, 1, NVIDIA GeForce RTX 5090, 0, 0
2026/07/15 03:06:06.541, 2, NVIDIA GeForce RTX 5090, 0, 0
2026/07/15 03:06:06.548, 3, NVIDIA GeForce RTX 5090, 0, 0
2026/07/15 03:06:06.556, 4, NVIDIA GeForce RTX 5090, 0, 0
2026/07/15 03:06:08.689, 0, NVIDIA GeForce RTX 5090, 3083, 99
2026/07/15 03:06:08.694, 1, NVIDIA GeForce RTX 5090, 0, 0
2026/07/15 03:06:08.704, 2, NVIDIA GeForce RTX 5090, 0, 0
2026/07/15 03:06:08.712, 3, NVIDIA GeForce RTX 5090, 0, 0
2026/07/15 03:06:08.719, 4, NVIDIA GeForce RTX 5090, 0, 0
2026/07/15 03:06:10.851, 0, NVIDIA GeForce RTX 5090, 3083, 99
2026/07/15 03:06:10.855, 1, NVIDIA GeForce RTX 5090, 0, 0
2026/07/15 03:06:10.872, 2, NVIDIA GeForce RTX 5090, 0, 0
2026/07/15 03:06:10.880, 3, NVIDIA GeForce RTX 5090, 0, 0
2026/07/15 03:06:10.887, 4, NVIDIA GeForce RTX 5090, 0, 0
2026/07/15 03:06:13.067, 0, NVIDIA GeForce RTX 5090, 3083, 99
2026/07/15 03:06:13.074, 1, NVIDIA GeForce RTX 5090, 0, 0
2026/07/15 03:06:13.083, 2, NVIDIA GeForce RTX 5090, 0, 0
2026/07/15 03:06:13.090, 3, NVIDIA GeForce RTX 5090, 0, 0
2026/07/15 03:06:13.098, 4, NVIDIA GeForce RTX 5090, 0, 0
2026/07/15 03:06:15.276, 0, NVIDIA GeForce RTX 5090, 3083, 98
2026/07/15 03:06:15.280, 1, NVIDIA GeForce RTX 5090, 0, 0
2026/07/15 03:06:15.289, 2, NVIDIA GeForce RTX 5090, 0, 0
2026/07/15 03:06:15.296, 3, NVIDIA GeForce RTX 5090, 0, 0
2026/07/15 03:06:15.304, 4, NVIDIA GeForce RTX 5090, 0, 0
2026/07/15 03:06:17.460, 0, NVIDIA GeForce RTX 5090, 3083, 99
2026/07/15 03:06:17.465, 1, NVIDIA GeForce RTX 5090, 0, 0
2026/07/15 03:06:17.473, 2, NVIDIA GeForce RTX 5090, 0, 0
2026/07/15 03:06:17.480, 3, NVIDIA GeForce RTX 5090, 0, 0
2026/07/15 03:06:17.488, 4, NVIDIA GeForce RTX 5090, 0, 0
2026/07/15 03:06:19.643, 0, NVIDIA GeForce RTX 5090, 3083, 99
2026/07/15 03:06:19.648, 1, NVIDIA GeForce RTX 5090, 0, 0
2026/07/15 03:06:19.656, 2, NVIDIA GeForce RTX 5090, 0, 0
2026/07/15 03:06:19.670, 3, NVIDIA GeForce RTX 5090, 0, 0
2026/07/15 03:06:19.677, 4, NVIDIA GeForce RTX 5090, 0, 0
2026/07/15 03:06:21.817, 0, NVIDIA GeForce RTX 5090, 3083, 99
2026/07/15 03:06:21.822, 1, NVIDIA GeForce RTX 5090, 0, 0
2026/07/15 03:06:21.830, 2, NVIDIA GeForce RTX 5090, 0, 0
2026/07/15 03:06:21.838, 3, NVIDIA GeForce RTX 5090, 0, 0
2026/07/15 03:06:21.846, 4, NVIDIA GeForce RTX 5090, 0, 0
2026/07/15 03:06:23.983, 0, NVIDIA GeForce RTX 5090, 3083, 99
2026/07/15 03:06:23.986, 1, NVIDIA GeForce RTX 5090, 0, 0
2026/07/15 03:06:23.995, 2, NVIDIA GeForce RTX 5090, 0, 0
2026/07/15 03:06:24.002, 3, NVIDIA GeForce RTX 5090, 0, 0
2026/07/15 03:06:24.010, 4, NVIDIA GeForce RTX 5090, 0, 0
2026/07/15 03:06:26.143, 0, NVIDIA GeForce RTX 5090, 3083, 99
2026/07/15 03:06:26.147, 1, NVIDIA GeForce RTX 5090, 0, 0
2026/07/15 03:06:26.154, 2, NVIDIA GeForce RTX 5090, 0, 0
2026/07/15 03:06:26.162, 3, NVIDIA GeForce RTX 5090, 0, 0
2026/07/15 03:06:26.170, 4, NVIDIA GeForce RTX 5090, 0, 0
2026/07/15 03:06:28.300, 0, NVIDIA GeForce RTX 5090, 3083, 99
2026/07/15 03:06:28.306, 1, NVIDIA GeForce RTX 5090, 0, 0
2026/07/15 03:06:28.313, 2, NVIDIA GeForce RTX 5090, 0, 0
2026/07/15 03:06:28.321, 3, NVIDIA GeForce RTX 5090, 0, 0
2026/07/15 03:06:28.329, 4, NVIDIA GeForce RTX 5090, 0, 0
2026/07/15 03:06:30.487, 0, NVIDIA GeForce RTX 5090, 3083, 57
2026/07/15 03:06:30.492, 1, NVIDIA GeForce RTX 5090, 0, 0
2026/07/15 03:06:30.500, 2, NVIDIA GeForce RTX 5090, 0, 0
2026/07/15 03:06:30.508, 3, NVIDIA GeForce RTX 5090, 0, 0
2026/07/15 03:06:30.515, 4, NVIDIA GeForce RTX 5090, 0, 0
2026/07/15 03:06:32.654, 0, NVIDIA GeForce RTX 5090, 3083, 92
2026/07/15 03:06:32.660, 1, NVIDIA GeForce RTX 5090, 0, 0
2026/07/15 03:06:32.668, 2, NVIDIA GeForce RTX 5090, 0, 0
2026/07/15 03:06:32.683, 3, NVIDIA GeForce RTX 5090, 0, 0
2026/07/15 03:06:32.691, 4, NVIDIA GeForce RTX 5090, 0, 0
2026/07/15 03:06:34.829, 0, NVIDIA GeForce RTX 5090, 3083, 99
2026/07/15 03:06:34.833, 1, NVIDIA GeForce RTX 5090, 0, 0
2026/07/15 03:06:34.841, 2, NVIDIA GeForce RTX 5090, 0, 0
2026/07/15 03:06:34.848, 3, NVIDIA GeForce RTX 5090, 0, 0
2026/07/15 03:06:34.856, 4, NVIDIA GeForce RTX 5090, 0, 0
2026/07/15 03:06:36.998, 0, NVIDIA GeForce RTX 5090, 3083, 99
2026/07/15 03:06:37.002, 1, NVIDIA GeForce RTX 5090, 0, 0
2026/07/15 03:06:37.010, 2, NVIDIA GeForce RTX 5090, 0, 0
2026/07/15 03:06:37.017, 3, NVIDIA GeForce RTX 5090, 0, 0
2026/07/15 03:06:37.025, 4, NVIDIA GeForce RTX 5090, 0, 0
2026/07/15 03:06:39.200, 0, NVIDIA GeForce RTX 5090, 3083, 99
2026/07/15 03:06:39.203, 1, NVIDIA GeForce RTX 5090, 0, 0
2026/07/15 03:06:39.212, 2, NVIDIA GeForce RTX 5090, 0, 0
2026/07/15 03:06:39.220, 3, NVIDIA GeForce RTX 5090, 0, 0
2026/07/15 03:06:39.227, 4, NVIDIA GeForce RTX 5090, 0, 0
2026/07/15 03:06:41.370, 0, NVIDIA GeForce RTX 5090, 3083, 98
2026/07/15 03:06:41.374, 1, NVIDIA GeForce RTX 5090, 0, 0
2026/07/15 03:06:41.383, 2, NVIDIA GeForce RTX 5090, 0, 0
2026/07/15 03:06:41.391, 3, NVIDIA GeForce RTX 5090, 0, 0
2026/07/15 03:06:41.398, 4, NVIDIA GeForce RTX 5090, 0, 0
2026/07/15 03:06:43.534, 0, NVIDIA GeForce RTX 5090, 3083, 99
2026/07/15 03:06:43.542, 1, NVIDIA GeForce RTX 5090, 0, 0
2026/07/15 03:06:43.550, 2, NVIDIA GeForce RTX 5090, 0, 0
2026/07/15 03:06:43.559, 3, NVIDIA GeForce RTX 5090, 0, 0
2026/07/15 03:06:43.566, 4, NVIDIA GeForce RTX 5090, 0, 0
2026/07/15 03:06:45.743, 0, NVIDIA GeForce RTX 5090, 3083, 99
2026/07/15 03:06:45.748, 1, NVIDIA GeForce RTX 5090, 0, 0
2026/07/15 03:06:45.757, 2, NVIDIA GeForce RTX 5090, 0, 0
2026/07/15 03:06:45.765, 3, NVIDIA GeForce RTX 5090, 0, 0
2026/07/15 03:06:45.772, 4, NVIDIA GeForce RTX 5090, 0, 0
2026/07/15 03:06:47.908, 0, NVIDIA GeForce RTX 5090, 3083, 99
2026/07/15 03:06:47.913, 1, NVIDIA GeForce RTX 5090, 0, 0
2026/07/15 03:06:47.922, 2, NVIDIA GeForce RTX 5090, 0, 0
2026/07/15 03:06:47.929, 3, NVIDIA GeForce RTX 5090, 0, 0
2026/07/15 03:06:47.940, 4, NVIDIA GeForce RTX 5090, 0, 0
2026/07/15 03:06:50.096, 0, NVIDIA GeForce RTX 5090, 3083, 99
2026/07/15 03:06:50.101, 1, NVIDIA GeForce RTX 5090, 0, 0
2026/07/15 03:06:50.109, 2, NVIDIA GeForce RTX 5090, 0, 0
2026/07/15 03:06:50.117, 3, NVIDIA GeForce RTX 5090, 0, 0
2026/07/15 03:06:50.125, 4, NVIDIA GeForce RTX 5090, 0, 0
2026/07/15 03:06:52.261, 0, NVIDIA GeForce RTX 5090, 3083, 99
2026/07/15 03:06:52.266, 1, NVIDIA GeForce RTX 5090, 0, 0
2026/07/15 03:06:52.274, 2, NVIDIA GeForce RTX 5090, 0, 0
2026/07/15 03:06:52.282, 3, NVIDIA GeForce RTX 5090, 0, 0
2026/07/15 03:06:52.289, 4, NVIDIA GeForce RTX 5090, 0, 0
2026/07/15 03:06:54.427, 0, NVIDIA GeForce RTX 5090, 3083, 98
2026/07/15 03:06:54.431, 1, NVIDIA GeForce RTX 5090, 0, 0
2026/07/15 03:06:54.439, 2, NVIDIA GeForce RTX 5090, 0, 0
2026/07/15 03:06:54.447, 3, NVIDIA GeForce RTX 5090, 0, 0
2026/07/15 03:06:54.456, 4, NVIDIA GeForce RTX 5090, 0, 0
2026/07/15 03:06:56.609, 0, NVIDIA GeForce RTX 5090, 3083, 99
2026/07/15 03:06:56.615, 1, NVIDIA GeForce RTX 5090, 0, 0
2026/07/15 03:06:56.623, 2, NVIDIA GeForce RTX 5090, 0, 0
2026/07/15 03:06:56.632, 3, NVIDIA GeForce RTX 5090, 0, 0
2026/07/15 03:06:56.640, 4, NVIDIA GeForce RTX 5090, 0, 0
2026/07/15 03:06:58.777, 0, NVIDIA GeForce RTX 5090, 3083, 98
2026/07/15 03:06:58.783, 1, NVIDIA GeForce RTX 5090, 0, 0
2026/07/15 03:06:58.791, 2, NVIDIA GeForce RTX 5090, 0, 0
2026/07/15 03:06:58.798, 3, NVIDIA GeForce RTX 5090, 0, 0
2026/07/15 03:06:58.806, 4, NVIDIA GeForce RTX 5090, 0, 0
2026/07/15 03:07:00.946, 0, NVIDIA GeForce RTX 5090, 3083, 99
2026/07/15 03:07:00.952, 1, NVIDIA GeForce RTX 5090, 0, 0
2026/07/15 03:07:00.961, 2, NVIDIA GeForce RTX 5090, 0, 0
2026/07/15 03:07:00.969, 3, NVIDIA GeForce RTX 5090, 0, 0
2026/07/15 03:07:00.976, 4, NVIDIA GeForce RTX 5090, 0, 0
2026/07/15 03:07:03.116, 0, NVIDIA GeForce RTX 5090, 3083, 5
2026/07/15 03:07:03.121, 1, NVIDIA GeForce RTX 5090, 0, 0
2026/07/15 03:07:03.129, 2, NVIDIA GeForce RTX 5090, 0, 0
2026/07/15 03:07:03.136, 3, NVIDIA GeForce RTX 5090, 0, 0
2026/07/15 03:07:03.144, 4, NVIDIA GeForce RTX 5090, 0, 0
2026/07/15 03:07:05.319, 0, NVIDIA GeForce RTX 5090, 3083, 99
2026/07/15 03:07:05.323, 1, NVIDIA GeForce RTX 5090, 0, 0
2026/07/15 03:07:05.332, 2, NVIDIA GeForce RTX 5090, 0, 0
2026/07/15 03:07:05.339, 3, NVIDIA GeForce RTX 5090, 0, 0
2026/07/15 03:07:05.347, 4, NVIDIA GeForce RTX 5090, 0, 0
2026/07/15 03:07:07.487, 0, NVIDIA GeForce RTX 5090, 3083, 99
2026/07/15 03:07:07.492, 1, NVIDIA GeForce RTX 5090, 0, 0
2026/07/15 03:07:07.499, 2, NVIDIA GeForce RTX 5090, 0, 0
2026/07/15 03:07:07.506, 3, NVIDIA GeForce RTX 5090, 0, 0
2026/07/15 03:07:07.514, 4, NVIDIA GeForce RTX 5090, 0, 0
2026/07/15 03:07:09.655, 0, NVIDIA GeForce RTX 5090, 3083, 99
2026/07/15 03:07:09.660, 1, NVIDIA GeForce RTX 5090, 0, 0
2026/07/15 03:07:09.668, 2, NVIDIA GeForce RTX 5090, 0, 0
2026/07/15 03:07:09.676, 3, NVIDIA GeForce RTX 5090, 0, 0
2026/07/15 03:07:09.683, 4, NVIDIA GeForce RTX 5090, 0, 0
2026/07/15 03:07:11.823, 0, NVIDIA GeForce RTX 5090, 3083, 98
2026/07/15 03:07:11.827, 1, NVIDIA GeForce RTX 5090, 0, 0
2026/07/15 03:07:11.835, 2, NVIDIA GeForce RTX 5090, 0, 0
2026/07/15 03:07:11.843, 3, NVIDIA GeForce RTX 5090, 0, 0
2026/07/15 03:07:11.850, 4, NVIDIA GeForce RTX 5090, 0, 0
2026/07/15 03:07:13.989, 0, NVIDIA GeForce RTX 5090, 3083, 99
2026/07/15 03:07:13.993, 1, NVIDIA GeForce RTX 5090, 0, 0
2026/07/15 03:07:14.002, 2, NVIDIA GeForce RTX 5090, 0, 0
2026/07/15 03:07:14.009, 3, NVIDIA GeForce RTX 5090, 0, 0
2026/07/15 03:07:14.017, 4, NVIDIA GeForce RTX 5090, 0, 0
2026/07/15 03:07:16.155, 0, NVIDIA GeForce RTX 5090, 3083, 99
2026/07/15 03:07:16.161, 1, NVIDIA GeForce RTX 5090, 0, 0
2026/07/15 03:07:16.169, 2, NVIDIA GeForce RTX 5090, 0, 0
2026/07/15 03:07:16.176, 3, NVIDIA GeForce RTX 5090, 0, 0
2026/07/15 03:07:16.184, 4, NVIDIA GeForce RTX 5090, 0, 0
2026/07/15 03:07:18.362, 0, NVIDIA GeForce RTX 5090, 3083, 99
2026/07/15 03:07:18.369, 1, NVIDIA GeForce RTX 5090, 0, 0
2026/07/15 03:07:18.377, 2, NVIDIA GeForce RTX 5090, 0, 0
2026/07/15 03:07:18.385, 3, NVIDIA GeForce RTX 5090, 0, 0
2026/07/15 03:07:18.392, 4, NVIDIA GeForce RTX 5090, 0, 0
2026/07/15 03:07:20.540, 0, NVIDIA GeForce RTX 5090, 3083, 99
2026/07/15 03:07:20.544, 1, NVIDIA GeForce RTX 5090, 0, 0
2026/07/15 03:07:20.552, 2, NVIDIA GeForce RTX 5090, 0, 0
2026/07/15 03:07:20.559, 3, NVIDIA GeForce RTX 5090, 0, 0
2026/07/15 03:07:20.567, 4, NVIDIA GeForce RTX 5090, 0, 0
2026/07/15 03:07:22.701, 0, NVIDIA GeForce RTX 5090, 3083, 99
2026/07/15 03:07:22.706, 1, NVIDIA GeForce RTX 5090, 0, 0
2026/07/15 03:07:22.714, 2, NVIDIA GeForce RTX 5090, 0, 0
2026/07/15 03:07:22.723, 3, NVIDIA GeForce RTX 5090, 0, 0
2026/07/15 03:07:22.730, 4, NVIDIA GeForce RTX 5090, 0, 0
2026/07/15 03:07:24.869, 0, NVIDIA GeForce RTX 5090, 3083, 99
2026/07/15 03:07:24.875, 1, NVIDIA GeForce RTX 5090, 0, 0
2026/07/15 03:07:24.884, 2, NVIDIA GeForce RTX 5090, 0, 0
2026/07/15 03:07:24.892, 3, NVIDIA GeForce RTX 5090, 0, 0
2026/07/15 03:07:24.899, 4, NVIDIA GeForce RTX 5090, 0, 0
2026/07/15 03:07:27.039, 0, NVIDIA GeForce RTX 5090, 3083, 98
2026/07/15 03:07:27.045, 1, NVIDIA GeForce RTX 5090, 0, 0
2026/07/15 03:07:27.053, 2, NVIDIA GeForce RTX 5090, 0, 0
2026/07/15 03:07:27.060, 3, NVIDIA GeForce RTX 5090, 0, 0
2026/07/15 03:07:27.068, 4, NVIDIA GeForce RTX 5090, 0, 0
2026/07/15 03:07:29.204, 0, NVIDIA GeForce RTX 5090, 3083, 99
2026/07/15 03:07:29.209, 1, NVIDIA GeForce RTX 5090, 0, 0
2026/07/15 03:07:29.218, 2, NVIDIA GeForce RTX 5090, 0, 0
2026/07/15 03:07:29.228, 3, NVIDIA GeForce RTX 5090, 0, 0
2026/07/15 03:07:29.236, 4, NVIDIA GeForce RTX 5090, 0, 0
2026/07/15 03:07:31.394, 0, NVIDIA GeForce RTX 5090, 3083, 73
2026/07/15 03:07:31.403, 1, NVIDIA GeForce RTX 5090, 0, 0
2026/07/15 03:07:31.410, 2, NVIDIA GeForce RTX 5090, 0, 0
2026/07/15 03:07:31.418, 3, NVIDIA GeForce RTX 5090, 0, 0
2026/07/15 03:07:31.430, 4, NVIDIA GeForce RTX 5090, 0, 0
2026/07/15 03:07:33.582, 0, NVIDIA GeForce RTX 5090, 3083, 99
2026/07/15 03:07:33.588, 1, NVIDIA GeForce RTX 5090, 0, 0
2026/07/15 03:07:33.596, 2, NVIDIA GeForce RTX 5090, 0, 0
2026/07/15 03:07:33.604, 3, NVIDIA GeForce RTX 5090, 0, 0
2026/07/15 03:07:33.611, 4, NVIDIA GeForce RTX 5090, 0, 0
2026/07/15 03:07:35.750, 0, NVIDIA GeForce RTX 5090, 3083, 99
2026/07/15 03:07:35.754, 1, NVIDIA GeForce RTX 5090, 0, 0
2026/07/15 03:07:35.769, 2, NVIDIA GeForce RTX 5090, 0, 0
2026/07/15 03:07:35.777, 3, NVIDIA GeForce RTX 5090, 0, 0
2026/07/15 03:07:35.784, 4, NVIDIA GeForce RTX 5090, 0, 0
2026/07/15 03:07:37.917, 0, NVIDIA GeForce RTX 5090, 3083, 99
2026/07/15 03:07:37.921, 1, NVIDIA GeForce RTX 5090, 0, 0
2026/07/15 03:07:37.929, 2, NVIDIA GeForce RTX 5090, 0, 0
2026/07/15 03:07:37.936, 3, NVIDIA GeForce RTX 5090, 0, 0
2026/07/15 03:07:37.943, 4, NVIDIA GeForce RTX 5090, 0, 0
2026/07/15 03:07:40.072, 0, NVIDIA GeForce RTX 5090, 3083, 99
2026/07/15 03:07:40.079, 1, NVIDIA GeForce RTX 5090, 0, 0
2026/07/15 03:07:40.087, 2, NVIDIA GeForce RTX 5090, 0, 0
2026/07/15 03:07:40.094, 3, NVIDIA GeForce RTX 5090, 0, 0
2026/07/15 03:07:40.102, 4, NVIDIA GeForce RTX 5090, 0, 0
2026/07/15 03:07:42.231, 0, NVIDIA GeForce RTX 5090, 3083, 34
2026/07/15 03:07:42.235, 1, NVIDIA GeForce RTX 5090, 0, 0
2026/07/15 03:07:42.243, 2, NVIDIA GeForce RTX 5090, 0, 0
2026/07/15 03:07:42.250, 3, NVIDIA GeForce RTX 5090, 0, 0
2026/07/15 03:07:42.258, 4, NVIDIA GeForce RTX 5090, 0, 0
2026/07/15 03:07:44.395, 0, NVIDIA GeForce RTX 5090, 3083, 99
2026/07/15 03:07:44.400, 1, NVIDIA GeForce RTX 5090, 0, 0
2026/07/15 03:07:44.408, 2, NVIDIA GeForce RTX 5090, 0, 0
2026/07/15 03:07:44.415, 3, NVIDIA GeForce RTX 5090, 0, 0
2026/07/15 03:07:44.423, 4, NVIDIA GeForce RTX 5090, 0, 0
2026/07/15 03:07:46.554, 0, NVIDIA GeForce RTX 5090, 3083, 98
2026/07/15 03:07:46.560, 1, NVIDIA GeForce RTX 5090, 0, 0
2026/07/15 03:07:46.568, 2, NVIDIA GeForce RTX 5090, 0, 0
2026/07/15 03:07:46.575, 3, NVIDIA GeForce RTX 5090, 0, 0
2026/07/15 03:07:46.583, 4, NVIDIA GeForce RTX 5090, 0, 0
2026/07/15 03:07:48.741, 0, NVIDIA GeForce RTX 5090, 3083, 99
2026/07/15 03:07:48.746, 1, NVIDIA GeForce RTX 5090, 0, 0
2026/07/15 03:07:48.754, 2, NVIDIA GeForce RTX 5090, 0, 0
2026/07/15 03:07:48.762, 3, NVIDIA GeForce RTX 5090, 0, 0
2026/07/15 03:07:48.770, 4, NVIDIA GeForce RTX 5090, 0, 0
2026/07/15 03:07:50.909, 0, NVIDIA GeForce RTX 5090, 3083, 98
2026/07/15 03:07:50.914, 1, NVIDIA GeForce RTX 5090, 0, 0
2026/07/15 03:07:50.923, 2, NVIDIA GeForce RTX 5090, 0, 0
2026/07/15 03:07:50.931, 3, NVIDIA GeForce RTX 5090, 0, 0
2026/07/15 03:07:50.938, 4, NVIDIA GeForce RTX 5090, 0, 0
2026/07/15 03:07:53.076, 0, NVIDIA GeForce RTX 5090, 3083, 99
2026/07/15 03:07:53.081, 1, NVIDIA GeForce RTX 5090, 0, 0
2026/07/15 03:07:53.089, 2, NVIDIA GeForce RTX 5090, 0, 0
2026/07/15 03:07:53.096, 3, NVIDIA GeForce RTX 5090, 0, 0
2026/07/15 03:07:53.104, 4, NVIDIA GeForce RTX 5090, 0, 0
2026/07/15 03:07:55.241, 0, NVIDIA GeForce RTX 5090, 3083, 99
2026/07/15 03:07:55.247, 1, NVIDIA GeForce RTX 5090, 0, 0
2026/07/15 03:07:55.255, 2, NVIDIA GeForce RTX 5090, 0, 0
2026/07/15 03:07:55.263, 3, NVIDIA GeForce RTX 5090, 0, 0
2026/07/15 03:07:55.270, 4, NVIDIA GeForce RTX 5090, 0, 0
2026/07/15 03:07:57.409, 0, NVIDIA GeForce RTX 5090, 3083, 99
2026/07/15 03:07:57.414, 1, NVIDIA GeForce RTX 5090, 0, 0
2026/07/15 03:07:57.422, 2, NVIDIA GeForce RTX 5090, 0, 0
2026/07/15 03:07:57.430, 3, NVIDIA GeForce RTX 5090, 0, 0
2026/07/15 03:07:57.437, 4, NVIDIA GeForce RTX 5090, 0, 0
2026/07/15 03:07:59.575, 0, NVIDIA GeForce RTX 5090, 3083, 99
2026/07/15 03:07:59.580, 1, NVIDIA GeForce RTX 5090, 0, 0
2026/07/15 03:07:59.588, 2, NVIDIA GeForce RTX 5090, 0, 0
2026/07/15 03:07:59.595, 3, NVIDIA GeForce RTX 5090, 0, 0
2026/07/15 03:07:59.603, 4, NVIDIA GeForce RTX 5090, 0, 0
2026/07/15 03:08:01.742, 0, NVIDIA GeForce RTX 5090, 3083, 99
2026/07/15 03:08:01.747, 1, NVIDIA GeForce RTX 5090, 0, 0
2026/07/15 03:08:01.755, 2, NVIDIA GeForce RTX 5090, 0, 0
2026/07/15 03:08:01.765, 3, NVIDIA GeForce RTX 5090, 0, 0
2026/07/15 03:08:01.773, 4, NVIDIA GeForce RTX 5090, 0, 0
2026/07/15 03:08:03.909, 0, NVIDIA GeForce RTX 5090, 3083, 98
2026/07/15 03:08:03.914, 1, NVIDIA GeForce RTX 5090, 0, 0
2026/07/15 03:08:03.922, 2, NVIDIA GeForce RTX 5090, 0, 0
2026/07/15 03:08:03.929, 3, NVIDIA GeForce RTX 5090, 0, 0
2026/07/15 03:08:03.937, 4, NVIDIA GeForce RTX 5090, 0, 0
2026/07/15 03:08:06.075, 0, NVIDIA GeForce RTX 5090, 3083, 99
2026/07/15 03:08:06.081, 1, NVIDIA GeForce RTX 5090, 0, 0
2026/07/15 03:08:06.088, 2, NVIDIA GeForce RTX 5090, 0, 0
2026/07/15 03:08:06.095, 3, NVIDIA GeForce RTX 5090, 0, 0
2026/07/15 03:08:06.103, 4, NVIDIA GeForce RTX 5090, 0, 0
2026/07/15 03:08:08.237, 0, NVIDIA GeForce RTX 5090, 3083, 99
2026/07/15 03:08:08.240, 1, NVIDIA GeForce RTX 5090, 0, 0
2026/07/15 03:08:08.248, 2, NVIDIA GeForce RTX 5090, 0, 0
2026/07/15 03:08:08.259, 3, NVIDIA GeForce RTX 5090, 0, 0
2026/07/15 03:08:08.268, 4, NVIDIA GeForce RTX 5090, 0, 0
2026/07/15 03:08:10.409, 0, NVIDIA GeForce RTX 5090, 3083, 98
2026/07/15 03:08:10.416, 1, NVIDIA GeForce RTX 5090, 0, 0
2026/07/15 03:08:10.424, 2, NVIDIA GeForce RTX 5090, 0, 0
2026/07/15 03:08:10.432, 3, NVIDIA GeForce RTX 5090, 0, 0
2026/07/15 03:08:10.439, 4, NVIDIA GeForce RTX 5090, 0, 0
2026/07/15 03:08:12.615, 0, NVIDIA GeForce RTX 5090, 3083, 99
2026/07/15 03:08:12.620, 1, NVIDIA GeForce RTX 5090, 0, 0
2026/07/15 03:08:12.630, 2, NVIDIA GeForce RTX 5090, 0, 0
2026/07/15 03:08:12.637, 3, NVIDIA GeForce RTX 5090, 0, 0
2026/07/15 03:08:12.644, 4, NVIDIA GeForce RTX 5090, 0, 0
2026/07/15 03:08:14.818, 0, NVIDIA GeForce RTX 5090, 3083, 0
2026/07/15 03:08:14.824, 1, NVIDIA GeForce RTX 5090, 0, 0
2026/07/15 03:08:14.835, 2, NVIDIA GeForce RTX 5090, 0, 0
2026/07/15 03:08:14.843, 3, NVIDIA GeForce RTX 5090, 0, 0
2026/07/15 03:08:14.850, 4, NVIDIA GeForce RTX 5090, 0, 0
2026/07/15 03:08:16.986, 0, NVIDIA GeForce RTX 5090, 3083, 99
2026/07/15 03:08:16.990, 1, NVIDIA GeForce RTX 5090, 0, 0
2026/07/15 03:08:16.998, 2, NVIDIA GeForce RTX 5090, 0, 0
2026/07/15 03:08:17.005, 3, NVIDIA GeForce RTX 5090, 0, 0
2026/07/15 03:08:17.016, 4, NVIDIA GeForce RTX 5090, 0, 0
2026/07/15 03:08:19.158, 0, NVIDIA GeForce RTX 5090, 3083, 99
2026/07/15 03:08:19.168, 1, NVIDIA GeForce RTX 5090, 0, 0
2026/07/15 03:08:19.179, 2, NVIDIA GeForce RTX 5090, 0, 0
2026/07/15 03:08:19.191, 3, NVIDIA GeForce RTX 5090, 0, 0
2026/07/15 03:08:19.205, 4, NVIDIA GeForce RTX 5090, 0, 0
2026/07/15 03:08:21.382, 0, NVIDIA GeForce RTX 5090, 3083, 99
2026/07/15 03:08:21.387, 1, NVIDIA GeForce RTX 5090, 0, 0
2026/07/15 03:08:21.396, 2, NVIDIA GeForce RTX 5090, 0, 0
2026/07/15 03:08:21.403, 3, NVIDIA GeForce RTX 5090, 0, 0
2026/07/15 03:08:21.411, 4, NVIDIA GeForce RTX 5090, 0, 0
2026/07/15 03:08:23.566, 0, NVIDIA GeForce RTX 5090, 3083, 99
2026/07/15 03:08:23.570, 1, NVIDIA GeForce RTX 5090, 0, 0
2026/07/15 03:08:23.578, 2, NVIDIA GeForce RTX 5090, 0, 0
2026/07/15 03:08:23.586, 3, NVIDIA GeForce RTX 5090, 0, 0
2026/07/15 03:08:23.593, 4, NVIDIA GeForce RTX 5090, 0, 0
2026/07/15 03:08:25.728, 0, NVIDIA GeForce RTX 5090, 3083, 99
2026/07/15 03:08:25.731, 1, NVIDIA GeForce RTX 5090, 0, 0
2026/07/15 03:08:25.739, 2, NVIDIA GeForce RTX 5090, 0, 0
2026/07/15 03:08:25.746, 3, NVIDIA GeForce RTX 5090, 0, 0
2026/07/15 03:08:25.754, 4, NVIDIA GeForce RTX 5090, 0, 0
2026/07/15 03:08:27.894, 0, NVIDIA GeForce RTX 5090, 3083, 99
2026/07/15 03:08:27.901, 1, NVIDIA GeForce RTX 5090, 0, 0
2026/07/15 03:08:27.910, 2, NVIDIA GeForce RTX 5090, 0, 0
2026/07/15 03:08:27.918, 3, NVIDIA GeForce RTX 5090, 0, 0
2026/07/15 03:08:27.925, 4, NVIDIA GeForce RTX 5090, 0, 0
2026/07/15 03:08:30.066, 0, NVIDIA GeForce RTX 5090, 3083, 99
2026/07/15 03:08:30.071, 1, NVIDIA GeForce RTX 5090, 0, 0
2026/07/15 03:08:30.079, 2, NVIDIA GeForce RTX 5090, 0, 0
2026/07/15 03:08:30.087, 3, NVIDIA GeForce RTX 5090, 0, 0
2026/07/15 03:08:30.094, 4, NVIDIA GeForce RTX 5090, 0, 0
2026/07/15 03:08:32.248, 0, NVIDIA GeForce RTX 5090, 3083, 6
2026/07/15 03:08:32.251, 1, NVIDIA GeForce RTX 5090, 0, 0
2026/07/15 03:08:32.259, 2, NVIDIA GeForce RTX 5090, 0, 0
2026/07/15 03:08:32.274, 3, NVIDIA GeForce RTX 5090, 0, 0
2026/07/15 03:08:32.282, 4, NVIDIA GeForce RTX 5090, 0, 0
2026/07/15 03:08:34.415, 0, NVIDIA GeForce RTX 5090, 3083, 99
2026/07/15 03:08:34.422, 1, NVIDIA GeForce RTX 5090, 0, 0
2026/07/15 03:08:34.430, 2, NVIDIA GeForce RTX 5090, 0, 0
2026/07/15 03:08:34.437, 3, NVIDIA GeForce RTX 5090, 0, 0
2026/07/15 03:08:34.445, 4, NVIDIA GeForce RTX 5090, 0, 0
2026/07/15 03:08:36.583, 0, NVIDIA GeForce RTX 5090, 3083, 98
2026/07/15 03:08:36.588, 1, NVIDIA GeForce RTX 5090, 0, 0
2026/07/15 03:08:36.596, 2, NVIDIA GeForce RTX 5090, 0, 0
2026/07/15 03:08:36.604, 3, NVIDIA GeForce RTX 5090, 0, 0
2026/07/15 03:08:36.611, 4, NVIDIA GeForce RTX 5090, 0, 0
2026/07/15 03:08:38.766, 0, NVIDIA GeForce RTX 5090, 3083, 99
2026/07/15 03:08:38.772, 1, NVIDIA GeForce RTX 5090, 0, 0
2026/07/15 03:08:38.781, 2, NVIDIA GeForce RTX 5090, 0, 0
2026/07/15 03:08:38.788, 3, NVIDIA GeForce RTX 5090, 0, 0
2026/07/15 03:08:38.796, 4, NVIDIA GeForce RTX 5090, 0, 0
2026/07/15 03:08:40.938, 0, NVIDIA GeForce RTX 5090, 3083, 98
2026/07/15 03:08:40.942, 1, NVIDIA GeForce RTX 5090, 0, 0
2026/07/15 03:08:40.950, 2, NVIDIA GeForce RTX 5090, 0, 0
2026/07/15 03:08:40.959, 3, NVIDIA GeForce RTX 5090, 0, 0
2026/07/15 03:08:40.966, 4, NVIDIA GeForce RTX 5090, 0, 0
2026/07/15 03:08:43.124, 0, NVIDIA GeForce RTX 5090, 3083, 99
2026/07/15 03:08:43.130, 1, NVIDIA GeForce RTX 5090, 0, 0
2026/07/15 03:08:43.138, 2, NVIDIA GeForce RTX 5090, 0, 0
2026/07/15 03:08:43.145, 3, NVIDIA GeForce RTX 5090, 0, 0
2026/07/15 03:08:43.154, 4, NVIDIA GeForce RTX 5090, 0, 0
2026/07/15 03:08:45.287, 0, NVIDIA GeForce RTX 5090, 3083, 99
2026/07/15 03:08:45.290, 1, NVIDIA GeForce RTX 5090, 0, 0
2026/07/15 03:08:45.299, 2, NVIDIA GeForce RTX 5090, 0, 0
2026/07/15 03:08:45.307, 3, NVIDIA GeForce RTX 5090, 0, 0
2026/07/15 03:08:45.315, 4, NVIDIA GeForce RTX 5090, 0, 0
2026/07/15 03:08:47.453, 0, NVIDIA GeForce RTX 5090, 3083, 98
2026/07/15 03:08:47.459, 1, NVIDIA GeForce RTX 5090, 0, 0
2026/07/15 03:08:47.467, 2, NVIDIA GeForce RTX 5090, 0, 0
2026/07/15 03:08:47.474, 3, NVIDIA GeForce RTX 5090, 0, 0
2026/07/15 03:08:47.482, 4, NVIDIA GeForce RTX 5090, 0, 0
2026/07/15 03:08:49.617, 0, NVIDIA GeForce RTX 5090, 3083, 99
2026/07/15 03:08:49.622, 1, NVIDIA GeForce RTX 5090, 0, 0
2026/07/15 03:08:49.630, 2, NVIDIA GeForce RTX 5090, 0, 0
2026/07/15 03:08:49.638, 3, NVIDIA GeForce RTX 5090, 0, 0
2026/07/15 03:08:49.645, 4, NVIDIA GeForce RTX 5090, 0, 0
2026/07/15 03:08:51.822, 0, NVIDIA GeForce RTX 5090, 3083, 99
2026/07/15 03:08:51.828, 1, NVIDIA GeForce RTX 5090, 0, 0
2026/07/15 03:08:51.838, 2, NVIDIA GeForce RTX 5090, 0, 0
2026/07/15 03:08:51.846, 3, NVIDIA GeForce RTX 5090, 0, 0
2026/07/15 03:08:51.853, 4, NVIDIA GeForce RTX 5090, 0, 0
2026/07/15 03:08:53.988, 0, NVIDIA GeForce RTX 5090, 3083, 99
2026/07/15 03:08:53.993, 1, NVIDIA GeForce RTX 5090, 0, 0
2026/07/15 03:08:54.002, 2, NVIDIA GeForce RTX 5090, 0, 0
2026/07/15 03:08:54.009, 3, NVIDIA GeForce RTX 5090, 0, 0
2026/07/15 03:08:54.016, 4, NVIDIA GeForce RTX 5090, 0, 0
2026/07/15 03:08:56.157, 0, NVIDIA GeForce RTX 5090, 3083, 99
2026/07/15 03:08:56.163, 1, NVIDIA GeForce RTX 5090, 0, 0
2026/07/15 03:08:56.171, 2, NVIDIA GeForce RTX 5090, 0, 0
2026/07/15 03:08:56.178, 3, NVIDIA GeForce RTX 5090, 0, 0
2026/07/15 03:08:56.186, 4, NVIDIA GeForce RTX 5090, 0, 0
2026/07/15 03:08:58.339, 0, NVIDIA GeForce RTX 5090, 3083, 99
2026/07/15 03:08:58.344, 1, NVIDIA GeForce RTX 5090, 0, 0
2026/07/15 03:08:58.352, 2, NVIDIA GeForce RTX 5090, 0, 0
2026/07/15 03:08:58.360, 3, NVIDIA GeForce RTX 5090, 0, 0
2026/07/15 03:08:58.368, 4, NVIDIA GeForce RTX 5090, 0, 0
2026/07/15 03:09:00.507, 0, NVIDIA GeForce RTX 5090, 3083, 99
2026/07/15 03:09:00.512, 1, NVIDIA GeForce RTX 5090, 0, 0
2026/07/15 03:09:00.520, 2, NVIDIA GeForce RTX 5090, 0, 0
2026/07/15 03:09:00.528, 3, NVIDIA GeForce RTX 5090, 0, 0
2026/07/15 03:09:00.537, 4, NVIDIA GeForce RTX 5090, 0, 0
2026/07/15 03:09:02.672, 0, NVIDIA GeForce RTX 5090, 3083, 99
2026/07/15 03:09:02.679, 1, NVIDIA GeForce RTX 5090, 0, 0
2026/07/15 03:09:02.687, 2, NVIDIA GeForce RTX 5090, 0, 0
2026/07/15 03:09:02.695, 3, NVIDIA GeForce RTX 5090, 0, 0
2026/07/15 03:09:02.702, 4, NVIDIA GeForce RTX 5090, 0, 0
2026/07/15 03:09:04.835, 0, NVIDIA GeForce RTX 5090, 3083, 99
2026/07/15 03:09:04.841, 1, NVIDIA GeForce RTX 5090, 0, 0
2026/07/15 03:09:04.849, 2, NVIDIA GeForce RTX 5090, 0, 0
2026/07/15 03:09:04.857, 3, NVIDIA GeForce RTX 5090, 0, 0
2026/07/15 03:09:04.866, 4, NVIDIA GeForce RTX 5090, 0, 0
2026/07/15 03:09:06.999, 0, NVIDIA GeForce RTX 5090, 3083, 99
2026/07/15 03:09:07.005, 1, NVIDIA GeForce RTX 5090, 0, 0
2026/07/15 03:09:07.014, 2, NVIDIA GeForce RTX 5090, 0, 0
2026/07/15 03:09:07.021, 3, NVIDIA GeForce RTX 5090, 0, 0
2026/07/15 03:09:07.029, 4, NVIDIA GeForce RTX 5090, 0, 0
2026/07/15 03:09:09.177, 0, NVIDIA GeForce RTX 5090, 3083, 99
2026/07/15 03:09:09.183, 1, NVIDIA GeForce RTX 5090, 0, 0
2026/07/15 03:09:09.190, 2, NVIDIA GeForce RTX 5090, 0, 0
2026/07/15 03:09:09.197, 3, NVIDIA GeForce RTX 5090, 0, 0
2026/07/15 03:09:09.205, 4, NVIDIA GeForce RTX 5090, 0, 0
2026/07/15 03:09:11.340, 0, NVIDIA GeForce RTX 5090, 3083, 98
2026/07/15 03:09:11.347, 1, NVIDIA GeForce RTX 5090, 0, 0
2026/07/15 03:09:11.355, 2, NVIDIA GeForce RTX 5090, 0, 0
2026/07/15 03:09:11.363, 3, NVIDIA GeForce RTX 5090, 0, 0
2026/07/15 03:09:11.370, 4, NVIDIA GeForce RTX 5090, 0, 0
2026/07/15 03:09:13.504, 0, NVIDIA GeForce RTX 5090, 3083, 99
2026/07/15 03:09:13.509, 1, NVIDIA GeForce RTX 5090, 0, 0
2026/07/15 03:09:13.517, 2, NVIDIA GeForce RTX 5090, 0, 0
2026/07/15 03:09:13.525, 3, NVIDIA GeForce RTX 5090, 0, 0
2026/07/15 03:09:13.532, 4, NVIDIA GeForce RTX 5090, 0, 0
2026/07/15 03:09:15.675, 0, NVIDIA GeForce RTX 5090, 3083, 98
2026/07/15 03:09:15.680, 1, NVIDIA GeForce RTX 5090, 0, 0
2026/07/15 03:09:15.688, 2, NVIDIA GeForce RTX 5090, 0, 0
2026/07/15 03:09:15.696, 3, NVIDIA GeForce RTX 5090, 0, 0
2026/07/15 03:09:15.703, 4, NVIDIA GeForce RTX 5090, 0, 0
2026/07/15 03:09:17.836, 0, NVIDIA GeForce RTX 5090, 3083, 99
2026/07/15 03:09:17.841, 1, NVIDIA GeForce RTX 5090, 0, 0
2026/07/15 03:09:17.853, 2, NVIDIA GeForce RTX 5090, 0, 0
2026/07/15 03:09:17.861, 3, NVIDIA GeForce RTX 5090, 0, 0
2026/07/15 03:09:17.869, 4, NVIDIA GeForce RTX 5090, 0, 0
2026/07/15 03:09:20.007, 0, NVIDIA GeForce RTX 5090, 3083, 99
2026/07/15 03:09:20.012, 1, NVIDIA GeForce RTX 5090, 0, 0
2026/07/15 03:09:20.023, 2, NVIDIA GeForce RTX 5090, 0, 0
2026/07/15 03:09:20.031, 3, NVIDIA GeForce RTX 5090, 0, 0
2026/07/15 03:09:20.039, 4, NVIDIA GeForce RTX 5090, 0, 0
2026/07/15 03:09:22.240, 0, NVIDIA GeForce RTX 5090, 3083, 99
2026/07/15 03:09:22.247, 1, NVIDIA GeForce RTX 5090, 0, 0
2026/07/15 03:09:22.260, 2, NVIDIA GeForce RTX 5090, 0, 0
2026/07/15 03:09:22.274, 3, NVIDIA GeForce RTX 5090, 0, 0
2026/07/15 03:09:22.283, 4, NVIDIA GeForce RTX 5090, 0, 0
2026/07/15 03:09:24.435, 0, NVIDIA GeForce RTX 5090, 3083, 99
2026/07/15 03:09:24.440, 1, NVIDIA GeForce RTX 5090, 0, 0
2026/07/15 03:09:24.448, 2, NVIDIA GeForce RTX 5090, 0, 0
2026/07/15 03:09:24.456, 3, NVIDIA GeForce RTX 5090, 0, 0
2026/07/15 03:09:24.464, 4, NVIDIA GeForce RTX 5090, 0, 0
2026/07/15 03:09:26.618, 0, NVIDIA GeForce RTX 5090, 3083, 99
2026/07/15 03:09:26.624, 1, NVIDIA GeForce RTX 5090, 0, 0
2026/07/15 03:09:26.632, 2, NVIDIA GeForce RTX 5090, 0, 0
2026/07/15 03:09:26.639, 3, NVIDIA GeForce RTX 5090, 0, 0
2026/07/15 03:09:26.647, 4, NVIDIA GeForce RTX 5090, 0, 0
2026/07/15 03:09:28.782, 0, NVIDIA GeForce RTX 5090, 3083, 99
2026/07/15 03:09:28.785, 1, NVIDIA GeForce RTX 5090, 0, 0
2026/07/15 03:09:28.793, 2, NVIDIA GeForce RTX 5090, 0, 0
2026/07/15 03:09:28.800, 3, NVIDIA GeForce RTX 5090, 0, 0
2026/07/15 03:09:28.808, 4, NVIDIA GeForce RTX 5090, 0, 0
2026/07/15 03:09:30.964, 0, NVIDIA GeForce RTX 5090, 3083, 98
2026/07/15 03:09:30.969, 1, NVIDIA GeForce RTX 5090, 0, 0
2026/07/15 03:09:30.978, 2, NVIDIA GeForce RTX 5090, 0, 0
2026/07/15 03:09:30.985, 3, NVIDIA GeForce RTX 5090, 0, 0
2026/07/15 03:09:30.993, 4, NVIDIA GeForce RTX 5090, 0, 0
2026/07/15 03:09:33.138, 0, NVIDIA GeForce RTX 5090, 3083, 99
2026/07/15 03:09:33.143, 1, NVIDIA GeForce RTX 5090, 0, 0
2026/07/15 03:09:33.152, 2, NVIDIA GeForce RTX 5090, 0, 0
2026/07/15 03:09:33.160, 3, NVIDIA GeForce RTX 5090, 0, 0
2026/07/15 03:09:33.167, 4, NVIDIA GeForce RTX 5090, 0, 0
2026/07/15 03:09:35.296, 0, NVIDIA GeForce RTX 5090, 3083, 29
2026/07/15 03:09:35.301, 1, NVIDIA GeForce RTX 5090, 0, 0
2026/07/15 03:09:35.308, 2, NVIDIA GeForce RTX 5090, 0, 0
2026/07/15 03:09:35.323, 3, NVIDIA GeForce RTX 5090, 0, 0
2026/07/15 03:09:35.331, 4, NVIDIA GeForce RTX 5090, 0, 0
2026/07/15 03:09:37.467, 0, NVIDIA GeForce RTX 5090, 3083, 99
2026/07/15 03:09:37.472, 1, NVIDIA GeForce RTX 5090, 0, 0
2026/07/15 03:09:37.481, 2, NVIDIA GeForce RTX 5090, 0, 0
2026/07/15 03:09:37.488, 3, NVIDIA GeForce RTX 5090, 0, 0
2026/07/15 03:09:37.496, 4, NVIDIA GeForce RTX 5090, 0, 0
2026/07/15 03:09:39.635, 0, NVIDIA GeForce RTX 5090, 3083, 99
2026/07/15 03:09:39.640, 1, NVIDIA GeForce RTX 5090, 0, 0
2026/07/15 03:09:39.648, 2, NVIDIA GeForce RTX 5090, 0, 0
2026/07/15 03:09:39.656, 3, NVIDIA GeForce RTX 5090, 0, 0
2026/07/15 03:09:39.663, 4, NVIDIA GeForce RTX 5090, 0, 0
2026/07/15 03:09:41.801, 0, NVIDIA GeForce RTX 5090, 3083, 99
2026/07/15 03:09:41.805, 1, NVIDIA GeForce RTX 5090, 0, 0
2026/07/15 03:09:41.813, 2, NVIDIA GeForce RTX 5090, 0, 0
2026/07/15 03:09:41.827, 3, NVIDIA GeForce RTX 5090, 0, 0
2026/07/15 03:09:41.835, 4, NVIDIA GeForce RTX 5090, 0, 0
2026/07/15 03:09:43.974, 0, NVIDIA GeForce RTX 5090, 3083, 99
2026/07/15 03:09:43.980, 1, NVIDIA GeForce RTX 5090, 0, 0
2026/07/15 03:09:43.988, 2, NVIDIA GeForce RTX 5090, 0, 0
2026/07/15 03:09:43.995, 3, NVIDIA GeForce RTX 5090, 0, 0
2026/07/15 03:09:44.003, 4, NVIDIA GeForce RTX 5090, 0, 0
2026/07/15 03:09:46.179, 0, NVIDIA GeForce RTX 5090, 3083, 79
2026/07/15 03:09:46.184, 1, NVIDIA GeForce RTX 5090, 0, 0
2026/07/15 03:09:46.192, 2, NVIDIA GeForce RTX 5090, 0, 0
2026/07/15 03:09:46.200, 3, NVIDIA GeForce RTX 5090, 0, 0
2026/07/15 03:09:46.208, 4, NVIDIA GeForce RTX 5090, 0, 0
2026/07/15 03:09:48.346, 0, NVIDIA GeForce RTX 5090, 3083, 99
2026/07/15 03:09:48.348, 1, NVIDIA GeForce RTX 5090, 0, 0
2026/07/15 03:09:48.357, 2, NVIDIA GeForce RTX 5090, 0, 0
2026/07/15 03:09:48.365, 3, NVIDIA GeForce RTX 5090, 0, 0
2026/07/15 03:09:48.372, 4, NVIDIA GeForce RTX 5090, 0, 0
2026/07/15 03:09:50.511, 0, NVIDIA GeForce RTX 5090, 3083, 98
2026/07/15 03:09:50.518, 1, NVIDIA GeForce RTX 5090, 0, 0
2026/07/15 03:09:50.526, 2, NVIDIA GeForce RTX 5090, 0, 0
2026/07/15 03:09:50.533, 3, NVIDIA GeForce RTX 5090, 0, 0
2026/07/15 03:09:50.541, 4, NVIDIA GeForce RTX 5090, 0, 0
2026/07/15 03:09:52.675, 0, NVIDIA GeForce RTX 5090, 3083, 99
2026/07/15 03:09:52.680, 1, NVIDIA GeForce RTX 5090, 0, 0
2026/07/15 03:09:52.688, 2, NVIDIA GeForce RTX 5090, 0, 0
2026/07/15 03:09:52.696, 3, NVIDIA GeForce RTX 5090, 0, 0
2026/07/15 03:09:52.703, 4, NVIDIA GeForce RTX 5090, 0, 0
2026/07/15 03:09:54.842, 0, NVIDIA GeForce RTX 5090, 3083, 99
2026/07/15 03:09:54.847, 1, NVIDIA GeForce RTX 5090, 0, 0
2026/07/15 03:09:54.857, 2, NVIDIA GeForce RTX 5090, 0, 0
2026/07/15 03:09:54.865, 3, NVIDIA GeForce RTX 5090, 0, 0
2026/07/15 03:09:54.872, 4, NVIDIA GeForce RTX 5090, 0, 0
2026/07/15 03:09:57.004, 0, NVIDIA GeForce RTX 5090, 3083, 99
2026/07/15 03:09:57.010, 1, NVIDIA GeForce RTX 5090, 0, 0
2026/07/15 03:09:57.017, 2, NVIDIA GeForce RTX 5090, 0, 0
2026/07/15 03:09:57.024, 3, NVIDIA GeForce RTX 5090, 0, 0
2026/07/15 03:09:57.033, 4, NVIDIA GeForce RTX 5090, 0, 0
2026/07/15 03:09:59.168, 0, NVIDIA GeForce RTX 5090, 3083, 99
2026/07/15 03:09:59.173, 1, NVIDIA GeForce RTX 5090, 0, 0
2026/07/15 03:09:59.182, 2, NVIDIA GeForce RTX 5090, 0, 0
2026/07/15 03:09:59.189, 3, NVIDIA GeForce RTX 5090, 0, 0
2026/07/15 03:09:59.197, 4, NVIDIA GeForce RTX 5090, 0, 0
2026/07/15 03:10:01.353, 0, NVIDIA GeForce RTX 5090, 3083, 99
2026/07/15 03:10:01.360, 1, NVIDIA GeForce RTX 5090, 0, 0
2026/07/15 03:10:01.367, 2, NVIDIA GeForce RTX 5090, 0, 0
2026/07/15 03:10:01.377, 3, NVIDIA GeForce RTX 5090, 0, 0
2026/07/15 03:10:01.385, 4, NVIDIA GeForce RTX 5090, 0, 0
2026/07/15 03:10:03.544, 0, NVIDIA GeForce RTX 5090, 3083, 99
2026/07/15 03:10:03.549, 1, NVIDIA GeForce RTX 5090, 0, 0
2026/07/15 03:10:03.557, 2, NVIDIA GeForce RTX 5090, 0, 0
2026/07/15 03:10:03.564, 3, NVIDIA GeForce RTX 5090, 0, 0
2026/07/15 03:10:03.572, 4, NVIDIA GeForce RTX 5090, 0, 0
2026/07/15 03:10:05.703, 0, NVIDIA GeForce RTX 5090, 3083, 99
2026/07/15 03:10:05.708, 1, NVIDIA GeForce RTX 5090, 0, 0
2026/07/15 03:10:05.717, 2, NVIDIA GeForce RTX 5090, 0, 0
2026/07/15 03:10:05.724, 3, NVIDIA GeForce RTX 5090, 0, 0
2026/07/15 03:10:05.732, 4, NVIDIA GeForce RTX 5090, 0, 0
2026/07/15 03:10:07.862, 0, NVIDIA GeForce RTX 5090, 3083, 99
2026/07/15 03:10:07.865, 1, NVIDIA GeForce RTX 5090, 0, 0
2026/07/15 03:10:07.872, 2, NVIDIA GeForce RTX 5090, 0, 0
2026/07/15 03:10:07.880, 3, NVIDIA GeForce RTX 5090, 0, 0
2026/07/15 03:10:07.889, 4, NVIDIA GeForce RTX 5090, 0, 0
2026/07/15 03:10:10.025, 0, NVIDIA GeForce RTX 5090, 3083, 99
2026/07/15 03:10:10.030, 1, NVIDIA GeForce RTX 5090, 0, 0
2026/07/15 03:10:10.039, 2, NVIDIA GeForce RTX 5090, 0, 0
2026/07/15 03:10:10.047, 3, NVIDIA GeForce RTX 5090, 0, 0
2026/07/15 03:10:10.054, 4, NVIDIA GeForce RTX 5090, 0, 0
2026/07/15 03:10:12.187, 0, NVIDIA GeForce RTX 5090, 3083, 99
2026/07/15 03:10:12.192, 1, NVIDIA GeForce RTX 5090, 0, 0
2026/07/15 03:10:12.200, 2, NVIDIA GeForce RTX 5090, 0, 0
2026/07/15 03:10:12.207, 3, NVIDIA GeForce RTX 5090, 0, 0
2026/07/15 03:10:12.214, 4, NVIDIA GeForce RTX 5090, 0, 0
2026/07/15 03:10:14.352, 0, NVIDIA GeForce RTX 5090, 3083, 5
2026/07/15 03:10:14.359, 1, NVIDIA GeForce RTX 5090, 0, 0
2026/07/15 03:10:14.367, 2, NVIDIA GeForce RTX 5090, 0, 0
2026/07/15 03:10:14.375, 3, NVIDIA GeForce RTX 5090, 0, 0
2026/07/15 03:10:14.382, 4, NVIDIA GeForce RTX 5090, 0, 0
2026/07/15 03:10:16.520, 0, NVIDIA GeForce RTX 5090, 3083, 99
2026/07/15 03:10:16.524, 1, NVIDIA GeForce RTX 5090, 0, 0
2026/07/15 03:10:16.532, 2, NVIDIA GeForce RTX 5090, 0, 0
2026/07/15 03:10:16.539, 3, NVIDIA GeForce RTX 5090, 0, 0
2026/07/15 03:10:16.547, 4, NVIDIA GeForce RTX 5090, 0, 0
2026/07/15 03:10:18.709, 0, NVIDIA GeForce RTX 5090, 3083, 98
2026/07/15 03:10:18.714, 1, NVIDIA GeForce RTX 5090, 0, 0
2026/07/15 03:10:18.721, 2, NVIDIA GeForce RTX 5090, 0, 0
2026/07/15 03:10:18.729, 3, NVIDIA GeForce RTX 5090, 0, 0
2026/07/15 03:10:18.736, 4, NVIDIA GeForce RTX 5090, 0, 0
2026/07/15 03:10:20.875, 0, NVIDIA GeForce RTX 5090, 3083, 99
2026/07/15 03:10:20.881, 1, NVIDIA GeForce RTX 5090, 0, 0
2026/07/15 03:10:20.891, 2, NVIDIA GeForce RTX 5090, 0, 0
2026/07/15 03:10:20.899, 3, NVIDIA GeForce RTX 5090, 0, 0
2026/07/15 03:10:20.906, 4, NVIDIA GeForce RTX 5090, 0, 0
2026/07/15 03:10:23.040, 0, NVIDIA GeForce RTX 5090, 3083, 98
2026/07/15 03:10:23.044, 1, NVIDIA GeForce RTX 5090, 0, 0
2026/07/15 03:10:23.053, 2, NVIDIA GeForce RTX 5090, 0, 0
2026/07/15 03:10:23.060, 3, NVIDIA GeForce RTX 5090, 0, 0
2026/07/15 03:10:23.069, 4, NVIDIA GeForce RTX 5090, 0, 0
2026/07/15 03:10:25.272, 0, NVIDIA GeForce RTX 5090, 3083, 99
2026/07/15 03:10:25.278, 1, NVIDIA GeForce RTX 5090, 0, 0
2026/07/15 03:10:25.286, 2, NVIDIA GeForce RTX 5090, 0, 0
2026/07/15 03:10:25.294, 3, NVIDIA GeForce RTX 5090, 0, 0
2026/07/15 03:10:25.301, 4, NVIDIA GeForce RTX 5090, 0, 0
2026/07/15 03:10:27.463, 0, NVIDIA GeForce RTX 5090, 3083, 99
2026/07/15 03:10:27.465, 1, NVIDIA GeForce RTX 5090, 0, 0
2026/07/15 03:10:27.474, 2, NVIDIA GeForce RTX 5090, 0, 0
2026/07/15 03:10:27.482, 3, NVIDIA GeForce RTX 5090, 0, 0
2026/07/15 03:10:27.490, 4, NVIDIA GeForce RTX 5090, 0, 0
2026/07/15 03:10:29.644, 0, NVIDIA GeForce RTX 5090, 3083, 99
2026/07/15 03:10:29.650, 1, NVIDIA GeForce RTX 5090, 0, 0
2026/07/15 03:10:29.658, 2, NVIDIA GeForce RTX 5090, 0, 0
2026/07/15 03:10:29.665, 3, NVIDIA GeForce RTX 5090, 0, 0
2026/07/15 03:10:29.673, 4, NVIDIA GeForce RTX 5090, 0, 0
2026/07/15 03:10:31.821, 0, NVIDIA GeForce RTX 5090, 3083, 99
2026/07/15 03:10:31.825, 1, NVIDIA GeForce RTX 5090, 0, 0
2026/07/15 03:10:31.833, 2, NVIDIA GeForce RTX 5090, 0, 0
2026/07/15 03:10:31.840, 3, NVIDIA GeForce RTX 5090, 0, 0
2026/07/15 03:10:31.848, 4, NVIDIA GeForce RTX 5090, 0, 0
2026/07/15 03:10:33.991, 0, NVIDIA GeForce RTX 5090, 3083, 99
2026/07/15 03:10:33.999, 1, NVIDIA GeForce RTX 5090, 0, 0
2026/07/15 03:10:34.007, 2, NVIDIA GeForce RTX 5090, 0, 0
2026/07/15 03:10:34.015, 3, NVIDIA GeForce RTX 5090, 0, 0
2026/07/15 03:10:34.023, 4, NVIDIA GeForce RTX 5090, 0, 0
2026/07/15 03:10:36.162, 0, NVIDIA GeForce RTX 5090, 3083, 99
2026/07/15 03:10:36.167, 1, NVIDIA GeForce RTX 5090, 0, 0
2026/07/15 03:10:36.175, 2, NVIDIA GeForce RTX 5090, 0, 0
2026/07/15 03:10:36.183, 3, NVIDIA GeForce RTX 5090, 0, 0
2026/07/15 03:10:36.190, 4, NVIDIA GeForce RTX 5090, 0, 0
2026/07/15 03:10:38.345, 0, NVIDIA GeForce RTX 5090, 3083, 98
2026/07/15 03:10:38.349, 1, NVIDIA GeForce RTX 5090, 0, 0
2026/07/15 03:10:38.358, 2, NVIDIA GeForce RTX 5090, 0, 0
2026/07/15 03:10:38.367, 3, NVIDIA GeForce RTX 5090, 0, 0
2026/07/15 03:10:38.375, 4, NVIDIA GeForce RTX 5090, 0, 0
2026/07/15 03:10:40.514, 0, NVIDIA GeForce RTX 5090, 3083, 99
2026/07/15 03:10:40.519, 1, NVIDIA GeForce RTX 5090, 0, 0
2026/07/15 03:10:40.527, 2, NVIDIA GeForce RTX 5090, 0, 0
2026/07/15 03:10:40.535, 3, NVIDIA GeForce RTX 5090, 0, 0
2026/07/15 03:10:40.542, 4, NVIDIA GeForce RTX 5090, 0, 0
2026/07/15 03:10:42.700, 0, NVIDIA GeForce RTX 5090, 3083, 99
2026/07/15 03:10:42.705, 1, NVIDIA GeForce RTX 5090, 0, 0
2026/07/15 03:10:42.713, 2, NVIDIA GeForce RTX 5090, 0, 0
2026/07/15 03:10:42.720, 3, NVIDIA GeForce RTX 5090, 0, 0
2026/07/15 03:10:42.728, 4, NVIDIA GeForce RTX 5090, 0, 0
2026/07/15 03:10:44.867, 0, NVIDIA GeForce RTX 5090, 3083, 99
2026/07/15 03:10:44.872, 1, NVIDIA GeForce RTX 5090, 0, 0
2026/07/15 03:10:44.880, 2, NVIDIA GeForce RTX 5090, 0, 0
2026/07/15 03:10:44.888, 3, NVIDIA GeForce RTX 5090, 0, 0
2026/07/15 03:10:44.896, 4, NVIDIA GeForce RTX 5090, 0, 0
2026/07/15 03:10:47.031, 0, NVIDIA GeForce RTX 5090, 3083, 99
2026/07/15 03:10:47.033, 1, NVIDIA GeForce RTX 5090, 0, 0
2026/07/15 03:10:47.041, 2, NVIDIA GeForce RTX 5090, 0, 0
2026/07/15 03:10:47.049, 3, NVIDIA GeForce RTX 5090, 0, 0
2026/07/15 03:10:47.057, 4, NVIDIA GeForce RTX 5090, 0, 0
2026/07/15 03:10:49.221, 0, NVIDIA GeForce RTX 5090, 3083, 99
2026/07/15 03:10:49.228, 1, NVIDIA GeForce RTX 5090, 0, 0
2026/07/15 03:10:49.236, 2, NVIDIA GeForce RTX 5090, 0, 0
2026/07/15 03:10:49.243, 3, NVIDIA GeForce RTX 5090, 0, 0
2026/07/15 03:10:49.251, 4, NVIDIA GeForce RTX 5090, 0, 0
2026/07/15 03:10:51.384, 0, NVIDIA GeForce RTX 5090, 3083, 99
2026/07/15 03:10:51.388, 1, NVIDIA GeForce RTX 5090, 0, 0
2026/07/15 03:10:51.396, 2, NVIDIA GeForce RTX 5090, 0, 0
2026/07/15 03:10:51.404, 3, NVIDIA GeForce RTX 5090, 0, 0
2026/07/15 03:10:51.413, 4, NVIDIA GeForce RTX 5090, 0, 0
2026/07/15 03:10:53.553, 0, NVIDIA GeForce RTX 5090, 3083, 89
2026/07/15 03:10:53.558, 1, NVIDIA GeForce RTX 5090, 0, 0
2026/07/15 03:10:53.567, 2, NVIDIA GeForce RTX 5090, 0, 0
2026/07/15 03:10:53.575, 3, NVIDIA GeForce RTX 5090, 0, 0
2026/07/15 03:10:53.582, 4, NVIDIA GeForce RTX 5090, 0, 0
2026/07/15 03:10:55.722, 0, NVIDIA GeForce RTX 5090, 3083, 99
2026/07/15 03:10:55.726, 1, NVIDIA GeForce RTX 5090, 0, 0
2026/07/15 03:10:55.734, 2, NVIDIA GeForce RTX 5090, 0, 0
2026/07/15 03:10:55.742, 3, NVIDIA GeForce RTX 5090, 0, 0
2026/07/15 03:10:55.749, 4, NVIDIA GeForce RTX 5090, 0, 0
2026/07/15 03:10:57.884, 0, NVIDIA GeForce RTX 5090, 3083, 99
2026/07/15 03:10:57.889, 1, NVIDIA GeForce RTX 5090, 0, 0
2026/07/15 03:10:57.898, 2, NVIDIA GeForce RTX 5090, 0, 0
2026/07/15 03:10:57.905, 3, NVIDIA GeForce RTX 5090, 0, 0
2026/07/15 03:10:57.913, 4, NVIDIA GeForce RTX 5090, 0, 0
2026/07/15 03:11:00.052, 0, NVIDIA GeForce RTX 5090, 3083, 99
2026/07/15 03:11:00.059, 1, NVIDIA GeForce RTX 5090, 0, 0
2026/07/15 03:11:00.066, 2, NVIDIA GeForce RTX 5090, 0, 0
2026/07/15 03:11:00.076, 3, NVIDIA GeForce RTX 5090, 0, 0
2026/07/15 03:11:00.083, 4, NVIDIA GeForce RTX 5090, 0, 0
2026/07/15 03:11:02.222, 0, NVIDIA GeForce RTX 5090, 3083, 98
2026/07/15 03:11:02.227, 1, NVIDIA GeForce RTX 5090, 0, 0
2026/07/15 03:11:02.235, 2, NVIDIA GeForce RTX 5090, 0, 0
2026/07/15 03:11:02.242, 3, NVIDIA GeForce RTX 5090, 0, 0
2026/07/15 03:11:02.250, 4, NVIDIA GeForce RTX 5090, 0, 0
2026/07/15 03:11:04.387, 0, NVIDIA GeForce RTX 5090, 3083, 99
2026/07/15 03:11:04.392, 1, NVIDIA GeForce RTX 5090, 0, 0
2026/07/15 03:11:04.400, 2, NVIDIA GeForce RTX 5090, 0, 0
2026/07/15 03:11:04.408, 3, NVIDIA GeForce RTX 5090, 0, 0
2026/07/15 03:11:04.416, 4, NVIDIA GeForce RTX 5090, 0, 0
2026/07/15 03:11:06.557, 0, NVIDIA GeForce RTX 5090, 3083, 99
2026/07/15 03:11:06.562, 1, NVIDIA GeForce RTX 5090, 0, 0
2026/07/15 03:11:06.571, 2, NVIDIA GeForce RTX 5090, 0, 0
2026/07/15 03:11:06.578, 3, NVIDIA GeForce RTX 5090, 0, 0
2026/07/15 03:11:06.586, 4, NVIDIA GeForce RTX 5090, 0, 0
2026/07/15 03:11:08.760, 0, NVIDIA GeForce RTX 5090, 3083, 99
2026/07/15 03:11:08.763, 1, NVIDIA GeForce RTX 5090, 0, 0
2026/07/15 03:11:08.771, 2, NVIDIA GeForce RTX 5090, 0, 0
2026/07/15 03:11:08.779, 3, NVIDIA GeForce RTX 5090, 0, 0
2026/07/15 03:11:08.786, 4, NVIDIA GeForce RTX 5090, 0, 0
2026/07/15 03:11:10.945, 0, NVIDIA GeForce RTX 5090, 3083, 99
2026/07/15 03:11:10.950, 1, NVIDIA GeForce RTX 5090, 0, 0
2026/07/15 03:11:10.960, 2, NVIDIA GeForce RTX 5090, 0, 0
2026/07/15 03:11:10.968, 3, NVIDIA GeForce RTX 5090, 0, 0
2026/07/15 03:11:10.975, 4, NVIDIA GeForce RTX 5090, 0, 0
2026/07/15 03:11:13.109, 0, NVIDIA GeForce RTX 5090, 3083, 99
2026/07/15 03:11:13.117, 1, NVIDIA GeForce RTX 5090, 0, 0
2026/07/15 03:11:13.125, 2, NVIDIA GeForce RTX 5090, 0, 0
2026/07/15 03:11:13.132, 3, NVIDIA GeForce RTX 5090, 0, 0
2026/07/15 03:11:13.140, 4, NVIDIA GeForce RTX 5090, 0, 0
2026/07/15 03:11:15.279, 0, NVIDIA GeForce RTX 5090, 3083, 95
2026/07/15 03:11:15.284, 1, NVIDIA GeForce RTX 5090, 0, 0
2026/07/15 03:11:15.293, 2, NVIDIA GeForce RTX 5090, 0, 0
2026/07/15 03:11:15.300, 3, NVIDIA GeForce RTX 5090, 0, 0
2026/07/15 03:11:15.308, 4, NVIDIA GeForce RTX 5090, 0, 0
2026/07/15 03:11:17.444, 0, NVIDIA GeForce RTX 5090, 3083, 99
2026/07/15 03:11:17.446, 1, NVIDIA GeForce RTX 5090, 0, 0
2026/07/15 03:11:17.454, 2, NVIDIA GeForce RTX 5090, 0, 0
2026/07/15 03:11:17.464, 3, NVIDIA GeForce RTX 5090, 0, 0
2026/07/15 03:11:17.471, 4, NVIDIA GeForce RTX 5090, 0, 0
2026/07/15 03:11:19.611, 0, NVIDIA GeForce RTX 5090, 3083, 99
2026/07/15 03:11:19.616, 1, NVIDIA GeForce RTX 5090, 0, 0
2026/07/15 03:11:19.624, 2, NVIDIA GeForce RTX 5090, 0, 0
2026/07/15 03:11:19.632, 3, NVIDIA GeForce RTX 5090, 0, 0
2026/07/15 03:11:19.639, 4, NVIDIA GeForce RTX 5090, 0, 0
2026/07/15 03:11:21.777, 0, NVIDIA GeForce RTX 5090, 3083, 99
2026/07/15 03:11:21.782, 1, NVIDIA GeForce RTX 5090, 0, 0
2026/07/15 03:11:21.789, 2, NVIDIA GeForce RTX 5090, 0, 0
2026/07/15 03:11:21.797, 3, NVIDIA GeForce RTX 5090, 0, 0
2026/07/15 03:11:21.805, 4, NVIDIA GeForce RTX 5090, 0, 0
2026/07/15 03:11:23.935, 0, NVIDIA GeForce RTX 5090, 3083, 99
2026/07/15 03:11:23.939, 1, NVIDIA GeForce RTX 5090, 0, 0
2026/07/15 03:11:23.951, 2, NVIDIA GeForce RTX 5090, 0, 0
2026/07/15 03:11:23.959, 3, NVIDIA GeForce RTX 5090, 0, 0
2026/07/15 03:11:23.966, 4, NVIDIA GeForce RTX 5090, 0, 0
2026/07/15 03:11:26.099, 0, NVIDIA GeForce RTX 5090, 3083, 99
2026/07/15 03:11:26.104, 1, NVIDIA GeForce RTX 5090, 0, 0
2026/07/15 03:11:26.112, 2, NVIDIA GeForce RTX 5090, 0, 0
2026/07/15 03:11:26.119, 3, NVIDIA GeForce RTX 5090, 0, 0
2026/07/15 03:11:26.127, 4, NVIDIA GeForce RTX 5090, 0, 0
2026/07/15 03:11:28.261, 0, NVIDIA GeForce RTX 5090, 3083, 98
2026/07/15 03:11:28.266, 1, NVIDIA GeForce RTX 5090, 0, 0
2026/07/15 03:11:28.274, 2, NVIDIA GeForce RTX 5090, 0, 0
2026/07/15 03:11:28.281, 3, NVIDIA GeForce RTX 5090, 0, 0
2026/07/15 03:11:28.289, 4, NVIDIA GeForce RTX 5090, 0, 0
2026/07/15 03:11:30.423, 0, NVIDIA GeForce RTX 5090, 3083, 99
2026/07/15 03:11:30.429, 1, NVIDIA GeForce RTX 5090, 0, 0
2026/07/15 03:11:30.437, 2, NVIDIA GeForce RTX 5090, 0, 0
2026/07/15 03:11:30.445, 3, NVIDIA GeForce RTX 5090, 0, 0
2026/07/15 03:11:30.452, 4, NVIDIA GeForce RTX 5090, 0, 0
2026/07/15 03:11:32.610, 0, NVIDIA GeForce RTX 5090, 3083, 99
2026/07/15 03:11:32.616, 1, NVIDIA GeForce RTX 5090, 0, 0
2026/07/15 03:11:32.625, 2, NVIDIA GeForce RTX 5090, 0, 0
2026/07/15 03:11:32.633, 3, NVIDIA GeForce RTX 5090, 0, 0
2026/07/15 03:11:32.640, 4, NVIDIA GeForce RTX 5090, 0, 0
2026/07/15 03:11:34.793, 0, NVIDIA GeForce RTX 5090, 3083, 99
2026/07/15 03:11:34.799, 1, NVIDIA GeForce RTX 5090, 0, 0
2026/07/15 03:11:34.807, 2, NVIDIA GeForce RTX 5090, 0, 0
2026/07/15 03:11:34.814, 3, NVIDIA GeForce RTX 5090, 0, 0
2026/07/15 03:11:34.821, 4, NVIDIA GeForce RTX 5090, 0, 0
2026/07/15 03:11:36.959, 0, NVIDIA GeForce RTX 5090, 3083, 99
2026/07/15 03:11:36.964, 1, NVIDIA GeForce RTX 5090, 0, 0
2026/07/15 03:11:36.973, 2, NVIDIA GeForce RTX 5090, 0, 0
2026/07/15 03:11:36.980, 3, NVIDIA GeForce RTX 5090, 0, 0
2026/07/15 03:11:36.988, 4, NVIDIA GeForce RTX 5090, 0, 0
2026/07/15 03:11:39.124, 0, NVIDIA GeForce RTX 5090, 3083, 98
2026/07/15 03:11:39.127, 1, NVIDIA GeForce RTX 5090, 0, 0
2026/07/15 03:11:39.135, 2, NVIDIA GeForce RTX 5090, 0, 0
2026/07/15 03:11:39.142, 3, NVIDIA GeForce RTX 5090, 0, 0
2026/07/15 03:11:39.150, 4, NVIDIA GeForce RTX 5090, 0, 0
2026/07/15 03:11:41.291, 0, NVIDIA GeForce RTX 5090, 3083, 99
2026/07/15 03:11:41.295, 1, NVIDIA GeForce RTX 5090, 0, 0
2026/07/15 03:11:41.303, 2, NVIDIA GeForce RTX 5090, 0, 0
2026/07/15 03:11:41.311, 3, NVIDIA GeForce RTX 5090, 0, 0
2026/07/15 03:11:41.318, 4, NVIDIA GeForce RTX 5090, 0, 0
2026/07/15 03:11:43.470, 0, NVIDIA GeForce RTX 5090, 3083, 98
2026/07/15 03:11:43.475, 1, NVIDIA GeForce RTX 5090, 0, 0
2026/07/15 03:11:43.484, 2, NVIDIA GeForce RTX 5090, 0, 0
2026/07/15 03:11:43.493, 3, NVIDIA GeForce RTX 5090, 0, 0
2026/07/15 03:11:43.500, 4, NVIDIA GeForce RTX 5090, 0, 0
2026/07/15 03:11:45.655, 0, NVIDIA GeForce RTX 5090, 3083, 99
2026/07/15 03:11:45.660, 1, NVIDIA GeForce RTX 5090, 0, 0
2026/07/15 03:11:45.668, 2, NVIDIA GeForce RTX 5090, 0, 0
2026/07/15 03:11:45.675, 3, NVIDIA GeForce RTX 5090, 0, 0
2026/07/15 03:11:45.690, 4, NVIDIA GeForce RTX 5090, 0, 0
2026/07/15 03:11:47.831, 0, NVIDIA GeForce RTX 5090, 3083, 5
2026/07/15 03:11:47.837, 1, NVIDIA GeForce RTX 5090, 0, 0
2026/07/15 03:11:47.847, 2, NVIDIA GeForce RTX 5090, 0, 0
2026/07/15 03:11:47.854, 3, NVIDIA GeForce RTX 5090, 0, 0
2026/07/15 03:11:47.862, 4, NVIDIA GeForce RTX 5090, 0, 0
2026/07/15 03:11:49.995, 0, NVIDIA GeForce RTX 5090, 3083, 99
2026/07/15 03:11:49.999, 1, NVIDIA GeForce RTX 5090, 0, 0
2026/07/15 03:11:50.007, 2, NVIDIA GeForce RTX 5090, 0, 0
2026/07/15 03:11:50.015, 3, NVIDIA GeForce RTX 5090, 0, 0
2026/07/15 03:11:50.024, 4, NVIDIA GeForce RTX 5090, 0, 0
2026/07/15 03:11:52.163, 0, NVIDIA GeForce RTX 5090, 3083, 99
2026/07/15 03:11:52.169, 1, NVIDIA GeForce RTX 5090, 0, 0
2026/07/15 03:11:52.177, 2, NVIDIA GeForce RTX 5090, 0, 0
2026/07/15 03:11:52.184, 3, NVIDIA GeForce RTX 5090, 0, 0
2026/07/15 03:11:52.197, 4, NVIDIA GeForce RTX 5090, 0, 0
2026/07/15 03:11:54.373, 0, NVIDIA GeForce RTX 5090, 3083, 99
2026/07/15 03:11:54.380, 1, NVIDIA GeForce RTX 5090, 0, 0
2026/07/15 03:11:54.388, 2, NVIDIA GeForce RTX 5090, 0, 0
2026/07/15 03:11:54.395, 3, NVIDIA GeForce RTX 5090, 0, 0
2026/07/15 03:11:54.403, 4, NVIDIA GeForce RTX 5090, 0, 0
2026/07/15 03:11:56.564, 0, NVIDIA GeForce RTX 5090, 3083, 99
2026/07/15 03:11:56.570, 1, NVIDIA GeForce RTX 5090, 0, 0
2026/07/15 03:11:56.578, 2, NVIDIA GeForce RTX 5090, 0, 0
2026/07/15 03:11:56.586, 3, NVIDIA GeForce RTX 5090, 0, 0
2026/07/15 03:11:56.593, 4, NVIDIA GeForce RTX 5090, 0, 0
2026/07/15 03:11:58.733, 0, NVIDIA GeForce RTX 5090, 3083, 99
2026/07/15 03:11:58.735, 1, NVIDIA GeForce RTX 5090, 0, 0
2026/07/15 03:11:58.743, 2, NVIDIA GeForce RTX 5090, 0, 0
2026/07/15 03:11:58.750, 3, NVIDIA GeForce RTX 5090, 0, 0
2026/07/15 03:11:58.758, 4, NVIDIA GeForce RTX 5090, 0, 0
2026/07/15 03:12:00.892, 0, NVIDIA GeForce RTX 5090, 3083, 99
2026/07/15 03:12:00.898, 1, NVIDIA GeForce RTX 5090, 0, 0
2026/07/15 03:12:00.906, 2, NVIDIA GeForce RTX 5090, 0, 0
2026/07/15 03:12:00.914, 3, NVIDIA GeForce RTX 5090, 0, 0
2026/07/15 03:12:00.921, 4, NVIDIA GeForce RTX 5090, 0, 0
2026/07/15 03:12:03.062, 0, NVIDIA GeForce RTX 5090, 3083, 99
2026/07/15 03:12:03.067, 1, NVIDIA GeForce RTX 5090, 0, 0
2026/07/15 03:12:03.075, 2, NVIDIA GeForce RTX 5090, 0, 0
2026/07/15 03:12:03.083, 3, NVIDIA GeForce RTX 5090, 0, 0
2026/07/15 03:12:03.090, 4, NVIDIA GeForce RTX 5090, 0, 0
2026/07/15 03:12:05.231, 0, NVIDIA GeForce RTX 5090, 3083, 99
2026/07/15 03:12:05.235, 1, NVIDIA GeForce RTX 5090, 0, 0
2026/07/15 03:12:05.244, 2, NVIDIA GeForce RTX 5090, 0, 0
2026/07/15 03:12:05.251, 3, NVIDIA GeForce RTX 5090, 0, 0
2026/07/15 03:12:05.259, 4, NVIDIA GeForce RTX 5090, 0, 0
2026/07/15 03:12:07.422, 0, NVIDIA GeForce RTX 5090, 3083, 98
2026/07/15 03:12:07.427, 1, NVIDIA GeForce RTX 5090, 0, 0
2026/07/15 03:12:07.435, 2, NVIDIA GeForce RTX 5090, 0, 0
2026/07/15 03:12:07.444, 3, NVIDIA GeForce RTX 5090, 0, 0
2026/07/15 03:12:07.451, 4, NVIDIA GeForce RTX 5090, 0, 0
2026/07/15 03:12:09.606, 0, NVIDIA GeForce RTX 5090, 3083, 99
2026/07/15 03:12:09.612, 1, NVIDIA GeForce RTX 5090, 0, 0
2026/07/15 03:12:09.620, 2, NVIDIA GeForce RTX 5090, 0, 0
2026/07/15 03:12:09.629, 3, NVIDIA GeForce RTX 5090, 0, 0
2026/07/15 03:12:09.637, 4, NVIDIA GeForce RTX 5090, 0, 0
2026/07/15 03:12:11.779, 0, NVIDIA GeForce RTX 5090, 3083, 98
2026/07/15 03:12:11.784, 1, NVIDIA GeForce RTX 5090, 0, 0
2026/07/15 03:12:11.793, 2, NVIDIA GeForce RTX 5090, 0, 0
2026/07/15 03:12:11.800, 3, NVIDIA GeForce RTX 5090, 0, 0
2026/07/15 03:12:11.807, 4, NVIDIA GeForce RTX 5090, 0, 0
2026/07/15 03:12:13.940, 0, NVIDIA GeForce RTX 5090, 3083, 99
2026/07/15 03:12:13.944, 1, NVIDIA GeForce RTX 5090, 0, 0
2026/07/15 03:12:13.953, 2, NVIDIA GeForce RTX 5090, 0, 0
2026/07/15 03:12:13.960, 3, NVIDIA GeForce RTX 5090, 0, 0
2026/07/15 03:12:13.968, 4, NVIDIA GeForce RTX 5090, 0, 0
2026/07/15 03:12:16.109, 0, NVIDIA GeForce RTX 5090, 3083, 23
2026/07/15 03:12:16.115, 1, NVIDIA GeForce RTX 5090, 0, 0
2026/07/15 03:12:16.123, 2, NVIDIA GeForce RTX 5090, 0, 0
2026/07/15 03:12:16.131, 3, NVIDIA GeForce RTX 5090, 0, 0
2026/07/15 03:12:16.138, 4, NVIDIA GeForce RTX 5090, 0, 0
2026/07/15 03:12:18.296, 0, NVIDIA GeForce RTX 5090, 3083, 99
2026/07/15 03:12:18.298, 1, NVIDIA GeForce RTX 5090, 0, 0
2026/07/15 03:12:18.307, 2, NVIDIA GeForce RTX 5090, 0, 0
2026/07/15 03:12:18.315, 3, NVIDIA GeForce RTX 5090, 0, 0
2026/07/15 03:12:18.322, 4, NVIDIA GeForce RTX 5090, 0, 0
2026/07/15 03:12:20.456, 0, NVIDIA GeForce RTX 5090, 3083, 99
2026/07/15 03:12:20.460, 1, NVIDIA GeForce RTX 5090, 0, 0
2026/07/15 03:12:20.467, 2, NVIDIA GeForce RTX 5090, 0, 0
2026/07/15 03:12:20.476, 3, NVIDIA GeForce RTX 5090, 0, 0
2026/07/15 03:12:20.483, 4, NVIDIA GeForce RTX 5090, 0, 0
2026/07/15 03:12:22.623, 0, NVIDIA GeForce RTX 5090, 3083, 99
2026/07/15 03:12:22.627, 1, NVIDIA GeForce RTX 5090, 0, 0
2026/07/15 03:12:22.636, 2, NVIDIA GeForce RTX 5090, 0, 0
2026/07/15 03:12:22.643, 3, NVIDIA GeForce RTX 5090, 0, 0
2026/07/15 03:12:22.650, 4, NVIDIA GeForce RTX 5090, 0, 0
2026/07/15 03:12:24.784, 0, NVIDIA GeForce RTX 5090, 3083, 99
2026/07/15 03:12:24.790, 1, NVIDIA GeForce RTX 5090, 0, 0
2026/07/15 03:12:24.799, 2, NVIDIA GeForce RTX 5090, 0, 0
2026/07/15 03:12:24.808, 3, NVIDIA GeForce RTX 5090, 0, 0
2026/07/15 03:12:24.815, 4, NVIDIA GeForce RTX 5090, 0, 0
2026/07/15 03:12:26.969, 0, NVIDIA GeForce RTX 5090, 3083, 88
2026/07/15 03:12:26.975, 1, NVIDIA GeForce RTX 5090, 0, 0
2026/07/15 03:12:26.983, 2, NVIDIA GeForce RTX 5090, 0, 0
2026/07/15 03:12:26.990, 3, NVIDIA GeForce RTX 5090, 0, 0
2026/07/15 03:12:26.998, 4, NVIDIA GeForce RTX 5090, 0, 0
2026/07/15 03:12:29.133, 0, NVIDIA GeForce RTX 5090, 3083, 99
2026/07/15 03:12:29.139, 1, NVIDIA GeForce RTX 5090, 0, 0
2026/07/15 03:12:29.146, 2, NVIDIA GeForce RTX 5090, 0, 0
2026/07/15 03:12:29.154, 3, NVIDIA GeForce RTX 5090, 0, 0
2026/07/15 03:12:29.161, 4, NVIDIA GeForce RTX 5090, 0, 0
2026/07/15 03:12:31.312, 0, NVIDIA GeForce RTX 5090, 3085, 11
2026/07/15 03:12:31.314, 1, NVIDIA GeForce RTX 5090, 0, 0
2026/07/15 03:12:31.322, 2, NVIDIA GeForce RTX 5090, 0, 0
2026/07/15 03:12:31.330, 3, NVIDIA GeForce RTX 5090, 0, 0
2026/07/15 03:12:31.336, 4, NVIDIA GeForce RTX 5090, 0, 0
2026/07/15 03:12:33.475, 0, NVIDIA GeForce RTX 5090, 3085, 23
2026/07/15 03:12:33.480, 1, NVIDIA GeForce RTX 5090, 0, 0
2026/07/15 03:12:33.488, 2, NVIDIA GeForce RTX 5090, 0, 0
2026/07/15 03:12:33.496, 3, NVIDIA GeForce RTX 5090, 0, 0
2026/07/15 03:12:33.504, 4, NVIDIA GeForce RTX 5090, 0, 0
2026/07/15 03:12:35.635, 0, NVIDIA GeForce RTX 5090, 3085, 99
2026/07/15 03:12:35.641, 1, NVIDIA GeForce RTX 5090, 0, 0
2026/07/15 03:12:35.649, 2, NVIDIA GeForce RTX 5090, 0, 0
2026/07/15 03:12:35.657, 3, NVIDIA GeForce RTX 5090, 0, 0
2026/07/15 03:12:35.665, 4, NVIDIA GeForce RTX 5090, 0, 0
2026/07/15 03:12:37.825, 0, NVIDIA GeForce RTX 5090, 3085, 99
2026/07/15 03:12:37.829, 1, NVIDIA GeForce RTX 5090, 0, 0
2026/07/15 03:12:37.837, 2, NVIDIA GeForce RTX 5090, 0, 0
2026/07/15 03:12:37.844, 3, NVIDIA GeForce RTX 5090, 0, 0
2026/07/15 03:12:37.852, 4, NVIDIA GeForce RTX 5090, 0, 0
2026/07/15 03:12:39.992, 0, NVIDIA GeForce RTX 5090, 3085, 99
2026/07/15 03:12:39.999, 1, NVIDIA GeForce RTX 5090, 0, 0
2026/07/15 03:12:40.014, 2, NVIDIA GeForce RTX 5090, 0, 0
2026/07/15 03:12:40.021, 3, NVIDIA GeForce RTX 5090, 0, 0
2026/07/15 03:12:40.029, 4, NVIDIA GeForce RTX 5090, 0, 0
2026/07/15 03:12:42.183, 0, NVIDIA GeForce RTX 5090, 3085, 99
2026/07/15 03:12:42.190, 1, NVIDIA GeForce RTX 5090, 0, 0
2026/07/15 03:12:42.198, 2, NVIDIA GeForce RTX 5090, 0, 0
2026/07/15 03:12:42.205, 3, NVIDIA GeForce RTX 5090, 0, 0
2026/07/15 03:12:42.213, 4, NVIDIA GeForce RTX 5090, 0, 0
2026/07/15 03:12:44.347, 0, NVIDIA GeForce RTX 5090, 3085, 82
2026/07/15 03:12:44.351, 1, NVIDIA GeForce RTX 5090, 0, 0
2026/07/15 03:12:44.359, 2, NVIDIA GeForce RTX 5090, 0, 0
2026/07/15 03:12:44.367, 3, NVIDIA GeForce RTX 5090, 0, 0
2026/07/15 03:12:44.374, 4, NVIDIA GeForce RTX 5090, 0, 0
2026/07/15 03:12:46.510, 0, NVIDIA GeForce RTX 5090, 3085, 99
2026/07/15 03:12:46.518, 1, NVIDIA GeForce RTX 5090, 0, 0
2026/07/15 03:12:46.526, 2, NVIDIA GeForce RTX 5090, 0, 0
2026/07/15 03:12:46.534, 3, NVIDIA GeForce RTX 5090, 0, 0
2026/07/15 03:12:46.541, 4, NVIDIA GeForce RTX 5090, 0, 0
2026/07/15 03:12:48.677, 0, NVIDIA GeForce RTX 5090, 3085, 99
2026/07/15 03:12:48.682, 1, NVIDIA GeForce RTX 5090, 0, 0
2026/07/15 03:12:48.690, 2, NVIDIA GeForce RTX 5090, 0, 0
2026/07/15 03:12:48.698, 3, NVIDIA GeForce RTX 5090, 0, 0
2026/07/15 03:12:48.706, 4, NVIDIA GeForce RTX 5090, 0, 0
2026/07/15 03:12:50.849, 0, NVIDIA GeForce RTX 5090, 3085, 99
2026/07/15 03:12:50.854, 1, NVIDIA GeForce RTX 5090, 0, 0
2026/07/15 03:12:50.863, 2, NVIDIA GeForce RTX 5090, 0, 0
2026/07/15 03:12:50.870, 3, NVIDIA GeForce RTX 5090, 0, 0
2026/07/15 03:12:50.877, 4, NVIDIA GeForce RTX 5090, 0, 0
2026/07/15 03:12:53.011, 0, NVIDIA GeForce RTX 5090, 3085, 99
2026/07/15 03:12:53.015, 1, NVIDIA GeForce RTX 5090, 0, 0
2026/07/15 03:12:53.023, 2, NVIDIA GeForce RTX 5090, 0, 0
2026/07/15 03:12:53.031, 3, NVIDIA GeForce RTX 5090, 0, 0
2026/07/15 03:12:53.038, 4, NVIDIA GeForce RTX 5090, 0, 0
2026/07/15 03:12:55.177, 0, NVIDIA GeForce RTX 5090, 3085, 99
2026/07/15 03:12:55.181, 1, NVIDIA GeForce RTX 5090, 0, 0
2026/07/15 03:12:55.191, 2, NVIDIA GeForce RTX 5090, 0, 0
2026/07/15 03:12:55.198, 3, NVIDIA GeForce RTX 5090, 0, 0
2026/07/15 03:12:55.206, 4, NVIDIA GeForce RTX 5090, 0, 0
2026/07/15 03:12:57.343, 0, NVIDIA GeForce RTX 5090, 3085, 99
2026/07/15 03:12:57.348, 1, NVIDIA GeForce RTX 5090, 0, 0
2026/07/15 03:12:57.356, 2, NVIDIA GeForce RTX 5090, 0, 0
2026/07/15 03:12:57.364, 3, NVIDIA GeForce RTX 5090, 0, 0
2026/07/15 03:12:57.371, 4, NVIDIA GeForce RTX 5090, 0, 0
2026/07/15 03:12:59.507, 0, NVIDIA GeForce RTX 5090, 3085, 99
2026/07/15 03:12:59.513, 1, NVIDIA GeForce RTX 5090, 0, 0
2026/07/15 03:12:59.527, 2, NVIDIA GeForce RTX 5090, 0, 0
2026/07/15 03:12:59.534, 3, NVIDIA GeForce RTX 5090, 0, 0
2026/07/15 03:12:59.542, 4, NVIDIA GeForce RTX 5090, 0, 0
2026/07/15 03:13:01.681, 0, NVIDIA GeForce RTX 5090, 3085, 98
2026/07/15 03:13:01.687, 1, NVIDIA GeForce RTX 5090, 0, 0
2026/07/15 03:13:01.695, 2, NVIDIA GeForce RTX 5090, 0, 0
2026/07/15 03:13:01.703, 3, NVIDIA GeForce RTX 5090, 0, 0
2026/07/15 03:13:01.710, 4, NVIDIA GeForce RTX 5090, 0, 0
2026/07/15 03:13:03.844, 0, NVIDIA GeForce RTX 5090, 3085, 99
2026/07/15 03:13:03.849, 1, NVIDIA GeForce RTX 5090, 0, 0
2026/07/15 03:13:03.856, 2, NVIDIA GeForce RTX 5090, 0, 0
2026/07/15 03:13:03.863, 3, NVIDIA GeForce RTX 5090, 0, 0
2026/07/15 03:13:03.871, 4, NVIDIA GeForce RTX 5090, 0, 0
2026/07/15 03:13:06.003, 0, NVIDIA GeForce RTX 5090, 3085, 99
2026/07/15 03:13:06.005, 1, NVIDIA GeForce RTX 5090, 0, 0
2026/07/15 03:13:06.014, 2, NVIDIA GeForce RTX 5090, 0, 0
2026/07/15 03:13:06.021, 3, NVIDIA GeForce RTX 5090, 0, 0
2026/07/15 03:13:06.028, 4, NVIDIA GeForce RTX 5090, 0, 0
2026/07/15 03:13:08.171, 0, NVIDIA GeForce RTX 5090, 3085, 99
2026/07/15 03:13:08.174, 1, NVIDIA GeForce RTX 5090, 0, 0
2026/07/15 03:13:08.182, 2, NVIDIA GeForce RTX 5090, 0, 0
2026/07/15 03:13:08.190, 3, NVIDIA GeForce RTX 5090, 0, 0
2026/07/15 03:13:08.197, 4, NVIDIA GeForce RTX 5090, 0, 0
2026/07/15 03:13:10.327, 0, NVIDIA GeForce RTX 5090, 3085, 99
2026/07/15 03:13:10.332, 1, NVIDIA GeForce RTX 5090, 0, 0
2026/07/15 03:13:10.339, 2, NVIDIA GeForce RTX 5090, 0, 0
2026/07/15 03:13:10.347, 3, NVIDIA GeForce RTX 5090, 0, 0
2026/07/15 03:13:10.354, 4, NVIDIA GeForce RTX 5090, 0, 0
2026/07/15 03:13:12.490, 0, NVIDIA GeForce RTX 5090, 3085, 5
2026/07/15 03:13:12.495, 1, NVIDIA GeForce RTX 5090, 0, 0
2026/07/15 03:13:12.506, 2, NVIDIA GeForce RTX 5090, 0, 0
2026/07/15 03:13:12.515, 3, NVIDIA GeForce RTX 5090, 0, 0
2026/07/15 03:13:12.523, 4, NVIDIA GeForce RTX 5090, 0, 0
2026/07/15 03:13:14.680, 0, NVIDIA GeForce RTX 5090, 3085, 99
2026/07/15 03:13:14.686, 1, NVIDIA GeForce RTX 5090, 0, 0
2026/07/15 03:13:14.694, 2, NVIDIA GeForce RTX 5090, 0, 0
2026/07/15 03:13:14.701, 3, NVIDIA GeForce RTX 5090, 0, 0
2026/07/15 03:13:14.709, 4, NVIDIA GeForce RTX 5090, 0, 0
2026/07/15 03:13:16.862, 0, NVIDIA GeForce RTX 5090, 3085, 98
2026/07/15 03:13:16.868, 1, NVIDIA GeForce RTX 5090, 0, 0
2026/07/15 03:13:16.876, 2, NVIDIA GeForce RTX 5090, 0, 0
2026/07/15 03:13:16.883, 3, NVIDIA GeForce RTX 5090, 0, 0
2026/07/15 03:13:16.891, 4, NVIDIA GeForce RTX 5090, 0, 0
2026/07/15 03:13:19.027, 0, NVIDIA GeForce RTX 5090, 3085, 99
2026/07/15 03:13:19.033, 1, NVIDIA GeForce RTX 5090, 0, 0
2026/07/15 03:13:19.044, 2, NVIDIA GeForce RTX 5090, 0, 0
2026/07/15 03:13:19.051, 3, NVIDIA GeForce RTX 5090, 0, 0
2026/07/15 03:13:19.059, 4, NVIDIA GeForce RTX 5090, 0, 0
2026/07/15 03:13:21.218, 0, NVIDIA GeForce RTX 5090, 3085, 98
2026/07/15 03:13:21.223, 1, NVIDIA GeForce RTX 5090, 0, 0
2026/07/15 03:13:21.231, 2, NVIDIA GeForce RTX 5090, 0, 0
2026/07/15 03:13:21.238, 3, NVIDIA GeForce RTX 5090, 0, 0
2026/07/15 03:13:21.246, 4, NVIDIA GeForce RTX 5090, 0, 0
2026/07/15 03:13:23.376, 0, NVIDIA GeForce RTX 5090, 3085, 99
2026/07/15 03:13:23.380, 1, NVIDIA GeForce RTX 5090, 0, 0
2026/07/15 03:13:23.387, 2, NVIDIA GeForce RTX 5090, 0, 0
2026/07/15 03:13:23.395, 3, NVIDIA GeForce RTX 5090, 0, 0
2026/07/15 03:13:23.402, 4, NVIDIA GeForce RTX 5090, 0, 0
2026/07/15 03:13:25.532, 0, NVIDIA GeForce RTX 5090, 3085, 99
2026/07/15 03:13:25.534, 1, NVIDIA GeForce RTX 5090, 0, 0
2026/07/15 03:13:25.548, 2, NVIDIA GeForce RTX 5090, 0, 0
2026/07/15 03:13:25.556, 3, NVIDIA GeForce RTX 5090, 0, 0
2026/07/15 03:13:25.563, 4, NVIDIA GeForce RTX 5090, 0, 0
2026/07/15 03:13:27.702, 0, NVIDIA GeForce RTX 5090, 3085, 99
2026/07/15 03:13:27.707, 1, NVIDIA GeForce RTX 5090, 0, 0
2026/07/15 03:13:27.715, 2, NVIDIA GeForce RTX 5090, 0, 0
2026/07/15 03:13:27.724, 3, NVIDIA GeForce RTX 5090, 0, 0
2026/07/15 03:13:27.731, 4, NVIDIA GeForce RTX 5090, 0, 0
2026/07/15 03:13:29.909, 0, NVIDIA GeForce RTX 5090, 3085, 99
2026/07/15 03:13:29.914, 1, NVIDIA GeForce RTX 5090, 0, 0
2026/07/15 03:13:29.922, 2, NVIDIA GeForce RTX 5090, 0, 0
2026/07/15 03:13:29.929, 3, NVIDIA GeForce RTX 5090, 0, 0
2026/07/15 03:13:29.937, 4, NVIDIA GeForce RTX 5090, 0, 0
2026/07/15 03:13:32.075, 0, NVIDIA GeForce RTX 5090, 3085, 99
2026/07/15 03:13:32.080, 1, NVIDIA GeForce RTX 5090, 0, 0
2026/07/15 03:13:32.088, 2, NVIDIA GeForce RTX 5090, 0, 0
2026/07/15 03:13:32.096, 3, NVIDIA GeForce RTX 5090, 0, 0
2026/07/15 03:13:32.103, 4, NVIDIA GeForce RTX 5090, 0, 0
2026/07/15 03:13:34.243, 0, NVIDIA GeForce RTX 5090, 3085, 99
2026/07/15 03:13:34.247, 1, NVIDIA GeForce RTX 5090, 0, 0
2026/07/15 03:13:34.255, 2, NVIDIA GeForce RTX 5090, 0, 0
2026/07/15 03:13:34.262, 3, NVIDIA GeForce RTX 5090, 0, 0
2026/07/15 03:13:34.277, 4, NVIDIA GeForce RTX 5090, 0, 0
2026/07/15 03:13:36.412, 0, NVIDIA GeForce RTX 5090, 3085, 98
2026/07/15 03:13:36.418, 1, NVIDIA GeForce RTX 5090, 0, 0
2026/07/15 03:13:36.426, 2, NVIDIA GeForce RTX 5090, 0, 0
2026/07/15 03:13:36.434, 3, NVIDIA GeForce RTX 5090, 0, 0
2026/07/15 03:13:36.441, 4, NVIDIA GeForce RTX 5090, 0, 0
2026/07/15 03:13:38.578, 0, NVIDIA GeForce RTX 5090, 3085, 99
2026/07/15 03:13:38.583, 1, NVIDIA GeForce RTX 5090, 0, 0
2026/07/15 03:13:38.591, 2, NVIDIA GeForce RTX 5090, 0, 0
2026/07/15 03:13:38.599, 3, NVIDIA GeForce RTX 5090, 0, 0
2026/07/15 03:13:38.606, 4, NVIDIA GeForce RTX 5090, 0, 0
2026/07/15 03:13:40.764, 0, NVIDIA GeForce RTX 5090, 3085, 99
2026/07/15 03:13:40.769, 1, NVIDIA GeForce RTX 5090, 0, 0
2026/07/15 03:13:40.777, 2, NVIDIA GeForce RTX 5090, 0, 0
2026/07/15 03:13:40.785, 3, NVIDIA GeForce RTX 5090, 0, 0
2026/07/15 03:13:40.793, 4, NVIDIA GeForce RTX 5090, 0, 0
2026/07/15 03:13:42.935, 0, NVIDIA GeForce RTX 5090, 3085, 99
2026/07/15 03:13:42.939, 1, NVIDIA GeForce RTX 5090, 0, 0
2026/07/15 03:13:42.947, 2, NVIDIA GeForce RTX 5090, 0, 0
2026/07/15 03:13:42.955, 3, NVIDIA GeForce RTX 5090, 0, 0
2026/07/15 03:13:42.962, 4, NVIDIA GeForce RTX 5090, 0, 0
2026/07/15 03:13:45.113, 0, NVIDIA GeForce RTX 5090, 3085, 99
2026/07/15 03:13:45.118, 1, NVIDIA GeForce RTX 5090, 0, 0
2026/07/15 03:13:45.126, 2, NVIDIA GeForce RTX 5090, 0, 0
2026/07/15 03:13:45.134, 3, NVIDIA GeForce RTX 5090, 0, 0
2026/07/15 03:13:45.142, 4, NVIDIA GeForce RTX 5090, 0, 0
2026/07/15 03:13:47.277, 0, NVIDIA GeForce RTX 5090, 3085, 99
2026/07/15 03:13:47.282, 1, NVIDIA GeForce RTX 5090, 0, 0
2026/07/15 03:13:47.291, 2, NVIDIA GeForce RTX 5090, 0, 0
2026/07/15 03:13:47.298, 3, NVIDIA GeForce RTX 5090, 0, 0
2026/07/15 03:13:47.306, 4, NVIDIA GeForce RTX 5090, 0, 0
2026/07/15 03:13:49.448, 0, NVIDIA GeForce RTX 5090, 3085, 99
2026/07/15 03:13:49.452, 1, NVIDIA GeForce RTX 5090, 0, 0
2026/07/15 03:13:49.460, 2, NVIDIA GeForce RTX 5090, 0, 0
2026/07/15 03:13:49.468, 3, NVIDIA GeForce RTX 5090, 0, 0
2026/07/15 03:13:49.475, 4, NVIDIA GeForce RTX 5090, 0, 0
2026/07/15 03:13:51.615, 0, NVIDIA GeForce RTX 5090, 3085, 99
2026/07/15 03:13:51.620, 1, NVIDIA GeForce RTX 5090, 0, 0
2026/07/15 03:13:51.628, 2, NVIDIA GeForce RTX 5090, 0, 0
2026/07/15 03:13:51.635, 3, NVIDIA GeForce RTX 5090, 0, 0
2026/07/15 03:13:51.645, 4, NVIDIA GeForce RTX 5090, 0, 0
2026/07/15 03:13:53.801, 0, NVIDIA GeForce RTX 5090, 3085, 90
2026/07/15 03:13:53.806, 1, NVIDIA GeForce RTX 5090, 0, 0
2026/07/15 03:13:53.814, 2, NVIDIA GeForce RTX 5090, 0, 0
2026/07/15 03:13:53.821, 3, NVIDIA GeForce RTX 5090, 0, 0
2026/07/15 03:13:53.829, 4, NVIDIA GeForce RTX 5090, 0, 0
2026/07/15 03:13:55.966, 0, NVIDIA GeForce RTX 5090, 3085, 99
2026/07/15 03:13:55.971, 1, NVIDIA GeForce RTX 5090, 0, 0
2026/07/15 03:13:55.979, 2, NVIDIA GeForce RTX 5090, 0, 0
2026/07/15 03:13:55.986, 3, NVIDIA GeForce RTX 5090, 0, 0
2026/07/15 03:13:55.994, 4, NVIDIA GeForce RTX 5090, 0, 0
2026/07/15 03:13:58.133, 0, NVIDIA GeForce RTX 5090, 3085, 99
2026/07/15 03:13:58.138, 1, NVIDIA GeForce RTX 5090, 0, 0
2026/07/15 03:13:58.146, 2, NVIDIA GeForce RTX 5090, 0, 0
2026/07/15 03:13:58.153, 3, NVIDIA GeForce RTX 5090, 0, 0
2026/07/15 03:13:58.161, 4, NVIDIA GeForce RTX 5090, 0, 0
2026/07/15 03:14:00.297, 0, NVIDIA GeForce RTX 5090, 3085, 99
2026/07/15 03:14:00.302, 1, NVIDIA GeForce RTX 5090, 0, 0
2026/07/15 03:14:00.310, 2, NVIDIA GeForce RTX 5090, 0, 0
2026/07/15 03:14:00.317, 3, NVIDIA GeForce RTX 5090, 0, 0
2026/07/15 03:14:00.325, 4, NVIDIA GeForce RTX 5090, 0, 0
2026/07/15 03:14:02.498, 0, NVIDIA GeForce RTX 5090, 3085, 99
2026/07/15 03:14:02.502, 1, NVIDIA GeForce RTX 5090, 0, 0
2026/07/15 03:14:02.510, 2, NVIDIA GeForce RTX 5090, 0, 0
2026/07/15 03:14:02.521, 3, NVIDIA GeForce RTX 5090, 0, 0
2026/07/15 03:14:02.528, 4, NVIDIA GeForce RTX 5090, 0, 0
2026/07/15 03:14:04.665, 0, NVIDIA GeForce RTX 5090, 3085, 99
2026/07/15 03:14:04.670, 1, NVIDIA GeForce RTX 5090, 0, 0
2026/07/15 03:14:04.678, 2, NVIDIA GeForce RTX 5090, 0, 0
2026/07/15 03:14:04.685, 3, NVIDIA GeForce RTX 5090, 0, 0
2026/07/15 03:14:04.693, 4, NVIDIA GeForce RTX 5090, 0, 0
2026/07/15 03:14:06.833, 0, NVIDIA GeForce RTX 5090, 3085, 98
2026/07/15 03:14:06.838, 1, NVIDIA GeForce RTX 5090, 0, 0
2026/07/15 03:14:06.846, 2, NVIDIA GeForce RTX 5090, 0, 0
2026/07/15 03:14:06.853, 3, NVIDIA GeForce RTX 5090, 0, 0
2026/07/15 03:14:06.861, 4, NVIDIA GeForce RTX 5090, 0, 0
2026/07/15 03:14:09.013, 0, NVIDIA GeForce RTX 5090, 3085, 99
2026/07/15 03:14:09.020, 1, NVIDIA GeForce RTX 5090, 0, 0
2026/07/15 03:14:09.027, 2, NVIDIA GeForce RTX 5090, 0, 0
2026/07/15 03:14:09.037, 3, NVIDIA GeForce RTX 5090, 0, 0
2026/07/15 03:14:09.045, 4, NVIDIA GeForce RTX 5090, 0, 0
2026/07/15 03:14:11.185, 0, NVIDIA GeForce RTX 5090, 3085, 60
2026/07/15 03:14:11.189, 1, NVIDIA GeForce RTX 5090, 0, 0
2026/07/15 03:14:11.197, 2, NVIDIA GeForce RTX 5090, 0, 0
2026/07/15 03:14:11.204, 3, NVIDIA GeForce RTX 5090, 0, 0
2026/07/15 03:14:11.212, 4, NVIDIA GeForce RTX 5090, 0, 0
2026/07/15 03:14:13.356, 0, NVIDIA GeForce RTX 5090, 3085, 99
2026/07/15 03:14:13.361, 1, NVIDIA GeForce RTX 5090, 0, 0
2026/07/15 03:14:13.369, 2, NVIDIA GeForce RTX 5090, 0, 0
2026/07/15 03:14:13.378, 3, NVIDIA GeForce RTX 5090, 0, 0
2026/07/15 03:14:13.385, 4, NVIDIA GeForce RTX 5090, 0, 0
2026/07/15 03:14:15.524, 0, NVIDIA GeForce RTX 5090, 3085, 99
2026/07/15 03:14:15.528, 1, NVIDIA GeForce RTX 5090, 0, 0
2026/07/15 03:14:15.536, 2, NVIDIA GeForce RTX 5090, 0, 0
2026/07/15 03:14:15.544, 3, NVIDIA GeForce RTX 5090, 0, 0
2026/07/15 03:14:15.551, 4, NVIDIA GeForce RTX 5090, 0, 0
2026/07/15 03:14:17.691, 0, NVIDIA GeForce RTX 5090, 3085, 99
2026/07/15 03:14:17.697, 1, NVIDIA GeForce RTX 5090, 0, 0
2026/07/15 03:14:17.704, 2, NVIDIA GeForce RTX 5090, 0, 0
2026/07/15 03:14:17.712, 3, NVIDIA GeForce RTX 5090, 0, 0
2026/07/15 03:14:17.719, 4, NVIDIA GeForce RTX 5090, 0, 0
2026/07/15 03:14:19.865, 0, NVIDIA GeForce RTX 5090, 3085, 98
2026/07/15 03:14:19.869, 1, NVIDIA GeForce RTX 5090, 0, 0
2026/07/15 03:14:19.877, 2, NVIDIA GeForce RTX 5090, 0, 0
2026/07/15 03:14:19.886, 3, NVIDIA GeForce RTX 5090, 0, 0
2026/07/15 03:14:19.895, 4, NVIDIA GeForce RTX 5090, 0, 0
2026/07/15 03:14:22.035, 0, NVIDIA GeForce RTX 5090, 3085, 99
2026/07/15 03:14:22.039, 1, NVIDIA GeForce RTX 5090, 0, 0
2026/07/15 03:14:22.046, 2, NVIDIA GeForce RTX 5090, 0, 0
2026/07/15 03:14:22.055, 3, NVIDIA GeForce RTX 5090, 0, 0
2026/07/15 03:14:22.062, 4, NVIDIA GeForce RTX 5090, 0, 0
2026/07/15 03:14:24.241, 0, NVIDIA GeForce RTX 5090, 3085, 99
2026/07/15 03:14:24.247, 1, NVIDIA GeForce RTX 5090, 0, 0
2026/07/15 03:14:24.255, 2, NVIDIA GeForce RTX 5090, 0, 0
2026/07/15 03:14:24.263, 3, NVIDIA GeForce RTX 5090, 0, 0
2026/07/15 03:14:24.270, 4, NVIDIA GeForce RTX 5090, 0, 0
2026/07/15 03:14:26.406, 0, NVIDIA GeForce RTX 5090, 3085, 99
2026/07/15 03:14:26.410, 1, NVIDIA GeForce RTX 5090, 0, 0
2026/07/15 03:14:26.418, 2, NVIDIA GeForce RTX 5090, 0, 0
2026/07/15 03:14:26.426, 3, NVIDIA GeForce RTX 5090, 0, 0
2026/07/15 03:14:26.435, 4, NVIDIA GeForce RTX 5090, 0, 0
2026/07/15 03:14:28.589, 0, NVIDIA GeForce RTX 5090, 3085, 99
2026/07/15 03:14:28.595, 1, NVIDIA GeForce RTX 5090, 0, 0
2026/07/15 03:14:28.602, 2, NVIDIA GeForce RTX 5090, 0, 0
2026/07/15 03:14:28.609, 3, NVIDIA GeForce RTX 5090, 0, 0
2026/07/15 03:14:28.616, 4, NVIDIA GeForce RTX 5090, 0, 0
2026/07/15 03:14:30.753, 0, NVIDIA GeForce RTX 5090, 3085, 98
2026/07/15 03:14:30.760, 1, NVIDIA GeForce RTX 5090, 0, 0
2026/07/15 03:14:30.768, 2, NVIDIA GeForce RTX 5090, 0, 0
2026/07/15 03:14:30.775, 3, NVIDIA GeForce RTX 5090, 0, 0
2026/07/15 03:14:30.783, 4, NVIDIA GeForce RTX 5090, 0, 0
2026/07/15 03:14:32.928, 0, NVIDIA GeForce RTX 5090, 3085, 99
2026/07/15 03:14:32.932, 1, NVIDIA GeForce RTX 5090, 0, 0
2026/07/15 03:14:32.940, 2, NVIDIA GeForce RTX 5090, 0, 0
2026/07/15 03:14:32.947, 3, NVIDIA GeForce RTX 5090, 0, 0
2026/07/15 03:14:32.955, 4, NVIDIA GeForce RTX 5090, 0, 0
2026/07/15 03:14:35.130, 0, NVIDIA GeForce RTX 5090, 3085, 99
2026/07/15 03:14:35.138, 1, NVIDIA GeForce RTX 5090, 0, 0
2026/07/15 03:14:35.147, 2, NVIDIA GeForce RTX 5090, 0, 0
2026/07/15 03:14:35.154, 3, NVIDIA GeForce RTX 5090, 0, 0
2026/07/15 03:14:35.162, 4, NVIDIA GeForce RTX 5090, 0, 0
2026/07/15 03:14:37.298, 0, NVIDIA GeForce RTX 5090, 3085, 99
2026/07/15 03:14:37.302, 1, NVIDIA GeForce RTX 5090, 0, 0
2026/07/15 03:14:37.312, 2, NVIDIA GeForce RTX 5090, 0, 0
2026/07/15 03:14:37.319, 3, NVIDIA GeForce RTX 5090, 0, 0
2026/07/15 03:14:37.331, 4, NVIDIA GeForce RTX 5090, 0, 0
2026/07/15 03:14:39.464, 0, NVIDIA GeForce RTX 5090, 3085, 99
2026/07/15 03:14:39.468, 1, NVIDIA GeForce RTX 5090, 0, 0
2026/07/15 03:14:39.476, 2, NVIDIA GeForce RTX 5090, 0, 0
2026/07/15 03:14:39.484, 3, NVIDIA GeForce RTX 5090, 0, 0
2026/07/15 03:14:39.491, 4, NVIDIA GeForce RTX 5090, 0, 0
2026/07/15 03:14:41.644, 0, NVIDIA GeForce RTX 5090, 3085, 99
2026/07/15 03:14:41.649, 1, NVIDIA GeForce RTX 5090, 0, 0
2026/07/15 03:14:41.657, 2, NVIDIA GeForce RTX 5090, 0, 0
2026/07/15 03:14:41.665, 3, NVIDIA GeForce RTX 5090, 0, 0
2026/07/15 03:14:41.672, 4, NVIDIA GeForce RTX 5090, 0, 0
2026/07/15 03:14:43.810, 0, NVIDIA GeForce RTX 5090, 3085, 99
2026/07/15 03:14:43.816, 1, NVIDIA GeForce RTX 5090, 0, 0
2026/07/15 03:14:43.824, 2, NVIDIA GeForce RTX 5090, 0, 0
2026/07/15 03:14:43.831, 3, NVIDIA GeForce RTX 5090, 0, 0
2026/07/15 03:14:43.839, 4, NVIDIA GeForce RTX 5090, 0, 0
2026/07/15 03:14:45.978, 0, NVIDIA GeForce RTX 5090, 3085, 98
2026/07/15 03:14:45.983, 1, NVIDIA GeForce RTX 5090, 0, 0
2026/07/15 03:14:45.991, 2, NVIDIA GeForce RTX 5090, 0, 0
2026/07/15 03:14:45.999, 3, NVIDIA GeForce RTX 5090, 0, 0
2026/07/15 03:14:46.006, 4, NVIDIA GeForce RTX 5090, 0, 0
2026/07/15 03:14:48.162, 0, NVIDIA GeForce RTX 5090, 3085, 99
2026/07/15 03:14:48.168, 1, NVIDIA GeForce RTX 5090, 0, 0
2026/07/15 03:14:48.176, 2, NVIDIA GeForce RTX 5090, 0, 0
2026/07/15 03:14:48.183, 3, NVIDIA GeForce RTX 5090, 0, 0
2026/07/15 03:14:48.191, 4, NVIDIA GeForce RTX 5090, 0, 0
2026/07/15 03:14:50.331, 0, NVIDIA GeForce RTX 5090, 3085, 98
2026/07/15 03:14:50.335, 1, NVIDIA GeForce RTX 5090, 0, 0
2026/07/15 03:14:50.343, 2, NVIDIA GeForce RTX 5090, 0, 0
2026/07/15 03:14:50.351, 3, NVIDIA GeForce RTX 5090, 0, 0
2026/07/15 03:14:50.358, 4, NVIDIA GeForce RTX 5090, 0, 0
2026/07/15 03:14:52.494, 0, NVIDIA GeForce RTX 5090, 3085, 99
2026/07/15 03:14:52.499, 1, NVIDIA GeForce RTX 5090, 0, 0
2026/07/15 03:14:52.507, 2, NVIDIA GeForce RTX 5090, 0, 0
2026/07/15 03:14:52.514, 3, NVIDIA GeForce RTX 5090, 0, 0
2026/07/15 03:14:52.522, 4, NVIDIA GeForce RTX 5090, 0, 0
2026/07/15 03:14:54.655, 0, NVIDIA GeForce RTX 5090, 3085, 14
2026/07/15 03:14:54.661, 1, NVIDIA GeForce RTX 5090, 0, 0
2026/07/15 03:14:54.669, 2, NVIDIA GeForce RTX 5090, 0, 0
2026/07/15 03:14:54.677, 3, NVIDIA GeForce RTX 5090, 0, 0
2026/07/15 03:14:54.684, 4, NVIDIA GeForce RTX 5090, 0, 0
2026/07/15 03:14:56.821, 0, NVIDIA GeForce RTX 5090, 3085, 99
2026/07/15 03:14:56.826, 1, NVIDIA GeForce RTX 5090, 0, 0
2026/07/15 03:14:56.834, 2, NVIDIA GeForce RTX 5090, 0, 0
2026/07/15 03:14:56.842, 3, NVIDIA GeForce RTX 5090, 0, 0
2026/07/15 03:14:56.848, 4, NVIDIA GeForce RTX 5090, 0, 0
2026/07/15 03:14:58.987, 0, NVIDIA GeForce RTX 5090, 3085, 99
2026/07/15 03:14:58.992, 1, NVIDIA GeForce RTX 5090, 0, 0
2026/07/15 03:14:59.000, 2, NVIDIA GeForce RTX 5090, 0, 0
2026/07/15 03:14:59.008, 3, NVIDIA GeForce RTX 5090, 0, 0
2026/07/15 03:14:59.015, 4, NVIDIA GeForce RTX 5090, 0, 0
2026/07/15 03:15:01.155, 0, NVIDIA GeForce RTX 5090, 3085, 99
2026/07/15 03:15:01.159, 1, NVIDIA GeForce RTX 5090, 0, 0
2026/07/15 03:15:01.167, 2, NVIDIA GeForce RTX 5090, 0, 0
2026/07/15 03:15:01.174, 3, NVIDIA GeForce RTX 5090, 0, 0
2026/07/15 03:15:01.182, 4, NVIDIA GeForce RTX 5090, 0, 0
2026/07/15 03:15:03.323, 0, NVIDIA GeForce RTX 5090, 3085, 99
2026/07/15 03:15:03.328, 1, NVIDIA GeForce RTX 5090, 0, 0
2026/07/15 03:15:03.336, 2, NVIDIA GeForce RTX 5090, 0, 0
2026/07/15 03:15:03.344, 3, NVIDIA GeForce RTX 5090, 0, 0
2026/07/15 03:15:03.352, 4, NVIDIA GeForce RTX 5090, 0, 0
2026/07/15 03:15:05.526, 0, NVIDIA GeForce RTX 5090, 3085, 98
2026/07/15 03:15:05.531, 1, NVIDIA GeForce RTX 5090, 0, 0
2026/07/15 03:15:05.539, 2, NVIDIA GeForce RTX 5090, 0, 0
2026/07/15 03:15:05.547, 3, NVIDIA GeForce RTX 5090, 0, 0
2026/07/15 03:15:05.554, 4, NVIDIA GeForce RTX 5090, 0, 0
2026/07/15 03:15:07.693, 0, NVIDIA GeForce RTX 5090, 3085, 99
2026/07/15 03:15:07.697, 1, NVIDIA GeForce RTX 5090, 0, 0
2026/07/15 03:15:07.705, 2, NVIDIA GeForce RTX 5090, 0, 0
2026/07/15 03:15:07.712, 3, NVIDIA GeForce RTX 5090, 0, 0
2026/07/15 03:15:07.720, 4, NVIDIA GeForce RTX 5090, 0, 0
2026/07/15 03:15:09.859, 0, NVIDIA GeForce RTX 5090, 3085, 99
2026/07/15 03:15:09.864, 1, NVIDIA GeForce RTX 5090, 0, 0
2026/07/15 03:15:09.872, 2, NVIDIA GeForce RTX 5090, 0, 0
2026/07/15 03:15:09.880, 3, NVIDIA GeForce RTX 5090, 0, 0
2026/07/15 03:15:09.888, 4, NVIDIA GeForce RTX 5090, 0, 0
2026/07/15 03:15:12.026, 0, NVIDIA GeForce RTX 5090, 3085, 99
2026/07/15 03:15:12.030, 1, NVIDIA GeForce RTX 5090, 0, 0
2026/07/15 03:15:12.039, 2, NVIDIA GeForce RTX 5090, 0, 0
2026/07/15 03:15:12.048, 3, NVIDIA GeForce RTX 5090, 0, 0
2026/07/15 03:15:12.055, 4, NVIDIA GeForce RTX 5090, 0, 0
2026/07/15 03:15:14.202, 0, NVIDIA GeForce RTX 5090, 3085, 99
2026/07/15 03:15:14.208, 1, NVIDIA GeForce RTX 5090, 0, 0
2026/07/15 03:15:14.216, 2, NVIDIA GeForce RTX 5090, 0, 0
2026/07/15 03:15:14.223, 3, NVIDIA GeForce RTX 5090, 0, 0
2026/07/15 03:15:14.231, 4, NVIDIA GeForce RTX 5090, 0, 0
2026/07/15 03:15:16.364, 0, NVIDIA GeForce RTX 5090, 3085, 99
2026/07/15 03:15:16.368, 1, NVIDIA GeForce RTX 5090, 0, 0
2026/07/15 03:15:16.376, 2, NVIDIA GeForce RTX 5090, 0, 0
2026/07/15 03:15:16.384, 3, NVIDIA GeForce RTX 5090, 0, 0
2026/07/15 03:15:16.392, 4, NVIDIA GeForce RTX 5090, 0, 0
2026/07/15 03:15:18.530, 0, NVIDIA GeForce RTX 5090, 3085, 99
2026/07/15 03:15:18.534, 1, NVIDIA GeForce RTX 5090, 0, 0
2026/07/15 03:15:18.542, 2, NVIDIA GeForce RTX 5090, 0, 0
2026/07/15 03:15:18.550, 3, NVIDIA GeForce RTX 5090, 0, 0
2026/07/15 03:15:18.557, 4, NVIDIA GeForce RTX 5090, 0, 0
2026/07/15 03:15:20.698, 0, NVIDIA GeForce RTX 5090, 3085, 99
2026/07/15 03:15:20.702, 1, NVIDIA GeForce RTX 5090, 0, 0
2026/07/15 03:15:20.711, 2, NVIDIA GeForce RTX 5090, 0, 0
2026/07/15 03:15:20.718, 3, NVIDIA GeForce RTX 5090, 0, 0
2026/07/15 03:15:20.726, 4, NVIDIA GeForce RTX 5090, 0, 0
2026/07/15 03:15:22.861, 0, NVIDIA GeForce RTX 5090, 3085, 92
2026/07/15 03:15:22.866, 1, NVIDIA GeForce RTX 5090, 0, 0
2026/07/15 03:15:22.874, 2, NVIDIA GeForce RTX 5090, 0, 0
2026/07/15 03:15:22.882, 3, NVIDIA GeForce RTX 5090, 0, 0
2026/07/15 03:15:22.890, 4, NVIDIA GeForce RTX 5090, 0, 0
2026/07/15 03:15:25.024, 0, NVIDIA GeForce RTX 5090, 3085, 99
2026/07/15 03:15:25.029, 1, NVIDIA GeForce RTX 5090, 0, 0
2026/07/15 03:15:25.038, 2, NVIDIA GeForce RTX 5090, 0, 0
2026/07/15 03:15:25.045, 3, NVIDIA GeForce RTX 5090, 0, 0
2026/07/15 03:15:25.053, 4, NVIDIA GeForce RTX 5090, 0, 0
2026/07/15 03:15:27.189, 0, NVIDIA GeForce RTX 5090, 3085, 99
2026/07/15 03:15:27.194, 1, NVIDIA GeForce RTX 5090, 0, 0
2026/07/15 03:15:27.203, 2, NVIDIA GeForce RTX 5090, 0, 0
2026/07/15 03:15:27.210, 3, NVIDIA GeForce RTX 5090, 0, 0
2026/07/15 03:15:27.218, 4, NVIDIA GeForce RTX 5090, 0, 0
2026/07/15 03:15:29.354, 0, NVIDIA GeForce RTX 5090, 3085, 99
2026/07/15 03:15:29.359, 1, NVIDIA GeForce RTX 5090, 0, 0
2026/07/15 03:15:29.368, 2, NVIDIA GeForce RTX 5090, 0, 0
2026/07/15 03:15:29.375, 3, NVIDIA GeForce RTX 5090, 0, 0
2026/07/15 03:15:29.383, 4, NVIDIA GeForce RTX 5090, 0, 0
2026/07/15 03:15:31.516, 0, NVIDIA GeForce RTX 5090, 3085, 99
2026/07/15 03:15:31.521, 1, NVIDIA GeForce RTX 5090, 0, 0
2026/07/15 03:15:31.529, 2, NVIDIA GeForce RTX 5090, 0, 0
2026/07/15 03:15:31.537, 3, NVIDIA GeForce RTX 5090, 0, 0
2026/07/15 03:15:31.544, 4, NVIDIA GeForce RTX 5090, 0, 0
2026/07/15 03:15:33.685, 0, NVIDIA GeForce RTX 5090, 3085, 14
2026/07/15 03:15:33.691, 1, NVIDIA GeForce RTX 5090, 0, 0
2026/07/15 03:15:33.700, 2, NVIDIA GeForce RTX 5090, 0, 0
2026/07/15 03:15:33.707, 3, NVIDIA GeForce RTX 5090, 0, 0
2026/07/15 03:15:33.715, 4, NVIDIA GeForce RTX 5090, 0, 0
2026/07/15 03:15:35.871, 0, NVIDIA GeForce RTX 5090, 3085, 99
2026/07/15 03:15:35.876, 1, NVIDIA GeForce RTX 5090, 0, 0
2026/07/15 03:15:35.887, 2, NVIDIA GeForce RTX 5090, 0, 0
2026/07/15 03:15:35.895, 3, NVIDIA GeForce RTX 5090, 0, 0
2026/07/15 03:15:35.902, 4, NVIDIA GeForce RTX 5090, 0, 0
2026/07/15 03:15:38.039, 0, NVIDIA GeForce RTX 5090, 3085, 98
2026/07/15 03:15:38.046, 1, NVIDIA GeForce RTX 5090, 0, 0
2026/07/15 03:15:38.054, 2, NVIDIA GeForce RTX 5090, 0, 0
2026/07/15 03:15:38.062, 3, NVIDIA GeForce RTX 5090, 0, 0
2026/07/15 03:15:38.069, 4, NVIDIA GeForce RTX 5090, 0, 0
2026/07/15 03:15:40.207, 0, NVIDIA GeForce RTX 5090, 3085, 99
2026/07/15 03:15:40.212, 1, NVIDIA GeForce RTX 5090, 0, 0
2026/07/15 03:15:40.221, 2, NVIDIA GeForce RTX 5090, 0, 0
2026/07/15 03:15:40.228, 3, NVIDIA GeForce RTX 5090, 0, 0
2026/07/15 03:15:40.236, 4, NVIDIA GeForce RTX 5090, 0, 0
2026/07/15 03:15:42.370, 0, NVIDIA GeForce RTX 5090, 3085, 99
2026/07/15 03:15:42.374, 1, NVIDIA GeForce RTX 5090, 0, 0
2026/07/15 03:15:42.381, 2, NVIDIA GeForce RTX 5090, 0, 0
2026/07/15 03:15:42.389, 3, NVIDIA GeForce RTX 5090, 0, 0
2026/07/15 03:15:42.397, 4, NVIDIA GeForce RTX 5090, 0, 0
2026/07/15 03:15:44.565, 0, NVIDIA GeForce RTX 5090, 3085, 99
2026/07/15 03:15:44.570, 1, NVIDIA GeForce RTX 5090, 0, 0
2026/07/15 03:15:44.577, 2, NVIDIA GeForce RTX 5090, 0, 0
2026/07/15 03:15:44.585, 3, NVIDIA GeForce RTX 5090, 0, 0
2026/07/15 03:15:44.592, 4, NVIDIA GeForce RTX 5090, 0, 0
2026/07/15 03:15:46.739, 0, NVIDIA GeForce RTX 5090, 3085, 99
2026/07/15 03:15:46.744, 1, NVIDIA GeForce RTX 5090, 0, 0
2026/07/15 03:15:46.752, 2, NVIDIA GeForce RTX 5090, 0, 0
2026/07/15 03:15:46.760, 3, NVIDIA GeForce RTX 5090, 0, 0
2026/07/15 03:15:46.767, 4, NVIDIA GeForce RTX 5090, 0, 0
2026/07/15 03:15:48.907, 0, NVIDIA GeForce RTX 5090, 3085, 99
2026/07/15 03:15:48.911, 1, NVIDIA GeForce RTX 5090, 0, 0
2026/07/15 03:15:48.920, 2, NVIDIA GeForce RTX 5090, 0, 0
2026/07/15 03:15:48.927, 3, NVIDIA GeForce RTX 5090, 0, 0
2026/07/15 03:15:48.935, 4, NVIDIA GeForce RTX 5090, 0, 0
2026/07/15 03:15:51.075, 0, NVIDIA GeForce RTX 5090, 3085, 99
2026/07/15 03:15:51.079, 1, NVIDIA GeForce RTX 5090, 0, 0
2026/07/15 03:15:51.089, 2, NVIDIA GeForce RTX 5090, 0, 0
2026/07/15 03:15:51.096, 3, NVIDIA GeForce RTX 5090, 0, 0
2026/07/15 03:15:51.104, 4, NVIDIA GeForce RTX 5090, 0, 0
2026/07/15 03:15:53.242, 0, NVIDIA GeForce RTX 5090, 3085, 98
2026/07/15 03:15:53.247, 1, NVIDIA GeForce RTX 5090, 0, 0
2026/07/15 03:15:53.255, 2, NVIDIA GeForce RTX 5090, 0, 0
2026/07/15 03:15:53.265, 3, NVIDIA GeForce RTX 5090, 0, 0
2026/07/15 03:15:53.272, 4, NVIDIA GeForce RTX 5090, 0, 0
2026/07/15 03:15:55.413, 0, NVIDIA GeForce RTX 5090, 3085, 99
2026/07/15 03:15:55.417, 1, NVIDIA GeForce RTX 5090, 0, 0
2026/07/15 03:15:55.425, 2, NVIDIA GeForce RTX 5090, 0, 0
2026/07/15 03:15:55.433, 3, NVIDIA GeForce RTX 5090, 0, 0
2026/07/15 03:15:55.440, 4, NVIDIA GeForce RTX 5090, 0, 0
2026/07/15 03:15:57.579, 0, NVIDIA GeForce RTX 5090, 3085, 98
2026/07/15 03:15:57.583, 1, NVIDIA GeForce RTX 5090, 0, 0
2026/07/15 03:15:57.592, 2, NVIDIA GeForce RTX 5090, 0, 0
2026/07/15 03:15:57.599, 3, NVIDIA GeForce RTX 5090, 0, 0
2026/07/15 03:15:57.607, 4, NVIDIA GeForce RTX 5090, 0, 0
2026/07/15 03:15:59.745, 0, NVIDIA GeForce RTX 5090, 3085, 99
2026/07/15 03:15:59.749, 1, NVIDIA GeForce RTX 5090, 0, 0
2026/07/15 03:15:59.757, 2, NVIDIA GeForce RTX 5090, 0, 0
2026/07/15 03:15:59.764, 3, NVIDIA GeForce RTX 5090, 0, 0
2026/07/15 03:15:59.772, 4, NVIDIA GeForce RTX 5090, 0, 0
2026/07/15 03:16:01.915, 0, NVIDIA GeForce RTX 5090, 3085, 17
2026/07/15 03:16:01.921, 1, NVIDIA GeForce RTX 5090, 0, 0
2026/07/15 03:16:01.935, 2, NVIDIA GeForce RTX 5090, 0, 0
2026/07/15 03:16:01.943, 3, NVIDIA GeForce RTX 5090, 0, 0
2026/07/15 03:16:01.950, 4, NVIDIA GeForce RTX 5090, 0, 0
2026/07/15 03:16:04.127, 0, NVIDIA GeForce RTX 5090, 3085, 99
2026/07/15 03:16:04.133, 1, NVIDIA GeForce RTX 5090, 0, 0
2026/07/15 03:16:04.140, 2, NVIDIA GeForce RTX 5090, 0, 0
2026/07/15 03:16:04.148, 3, NVIDIA GeForce RTX 5090, 0, 0
2026/07/15 03:16:04.156, 4, NVIDIA GeForce RTX 5090, 0, 0
2026/07/15 03:16:06.294, 0, NVIDIA GeForce RTX 5090, 3085, 99
2026/07/15 03:16:06.299, 1, NVIDIA GeForce RTX 5090, 0, 0
2026/07/15 03:16:06.307, 2, NVIDIA GeForce RTX 5090, 0, 0
2026/07/15 03:16:06.314, 3, NVIDIA GeForce RTX 5090, 0, 0
2026/07/15 03:16:06.322, 4, NVIDIA GeForce RTX 5090, 0, 0
2026/07/15 03:16:08.463, 0, NVIDIA GeForce RTX 5090, 3085, 99
2026/07/15 03:16:08.468, 1, NVIDIA GeForce RTX 5090, 0, 0
2026/07/15 03:16:08.478, 2, NVIDIA GeForce RTX 5090, 0, 0
2026/07/15 03:16:08.486, 3, NVIDIA GeForce RTX 5090, 0, 0
2026/07/15 03:16:08.493, 4, NVIDIA GeForce RTX 5090, 0, 0
2026/07/15 03:16:10.631, 0, NVIDIA GeForce RTX 5090, 3085, 99
2026/07/15 03:16:10.638, 1, NVIDIA GeForce RTX 5090, 0, 0
2026/07/15 03:16:10.646, 2, NVIDIA GeForce RTX 5090, 0, 0
2026/07/15 03:16:10.656, 3, NVIDIA GeForce RTX 5090, 0, 0
2026/07/15 03:16:10.663, 4, NVIDIA GeForce RTX 5090, 0, 0
2026/07/15 03:16:12.819, 0, NVIDIA GeForce RTX 5090, 3085, 93
2026/07/15 03:16:12.824, 1, NVIDIA GeForce RTX 5090, 0, 0
2026/07/15 03:16:12.832, 2, NVIDIA GeForce RTX 5090, 0, 0
2026/07/15 03:16:12.840, 3, NVIDIA GeForce RTX 5090, 0, 0
2026/07/15 03:16:12.848, 4, NVIDIA GeForce RTX 5090, 0, 0
2026/07/15 03:16:14.987, 0, NVIDIA GeForce RTX 5090, 3085, 99
2026/07/15 03:16:14.992, 1, NVIDIA GeForce RTX 5090, 0, 0
2026/07/15 03:16:14.999, 2, NVIDIA GeForce RTX 5090, 0, 0
2026/07/15 03:16:15.007, 3, NVIDIA GeForce RTX 5090, 0, 0
2026/07/15 03:16:15.014, 4, NVIDIA GeForce RTX 5090, 0, 0
2026/07/15 03:16:17.148, 0, NVIDIA GeForce RTX 5090, 3085, 98
2026/07/15 03:16:17.155, 1, NVIDIA GeForce RTX 5090, 0, 0
2026/07/15 03:16:17.163, 2, NVIDIA GeForce RTX 5090, 0, 0
2026/07/15 03:16:17.170, 3, NVIDIA GeForce RTX 5090, 0, 0
2026/07/15 03:16:17.178, 4, NVIDIA GeForce RTX 5090, 0, 0
2026/07/15 03:16:19.320, 0, NVIDIA GeForce RTX 5090, 3085, 99
2026/07/15 03:16:19.325, 1, NVIDIA GeForce RTX 5090, 0, 0
2026/07/15 03:16:19.334, 2, NVIDIA GeForce RTX 5090, 0, 0
2026/07/15 03:16:19.342, 3, NVIDIA GeForce RTX 5090, 0, 0
2026/07/15 03:16:19.350, 4, NVIDIA GeForce RTX 5090, 0, 0
2026/07/15 03:16:21.487, 0, NVIDIA GeForce RTX 5090, 3085, 99
2026/07/15 03:16:21.491, 1, NVIDIA GeForce RTX 5090, 0, 0
2026/07/15 03:16:21.499, 2, NVIDIA GeForce RTX 5090, 0, 0
2026/07/15 03:16:21.508, 3, NVIDIA GeForce RTX 5090, 0, 0
2026/07/15 03:16:21.518, 4, NVIDIA GeForce RTX 5090, 0, 0
2026/07/15 03:16:23.651, 0, NVIDIA GeForce RTX 5090, 3085, 99
2026/07/15 03:16:23.656, 1, NVIDIA GeForce RTX 5090, 0, 0
2026/07/15 03:16:23.664, 2, NVIDIA GeForce RTX 5090, 0, 0
2026/07/15 03:16:23.672, 3, NVIDIA GeForce RTX 5090, 0, 0
2026/07/15 03:16:23.680, 4, NVIDIA GeForce RTX 5090, 0, 0
2026/07/15 03:16:25.817, 0, NVIDIA GeForce RTX 5090, 3085, 97
2026/07/15 03:16:25.822, 1, NVIDIA GeForce RTX 5090, 0, 0
2026/07/15 03:16:25.831, 2, NVIDIA GeForce RTX 5090, 0, 0
2026/07/15 03:16:25.838, 3, NVIDIA GeForce RTX 5090, 0, 0
2026/07/15 03:16:25.846, 4, NVIDIA GeForce RTX 5090, 0, 0
2026/07/15 03:16:27.984, 0, NVIDIA GeForce RTX 5090, 3085, 99
2026/07/15 03:16:27.990, 1, NVIDIA GeForce RTX 5090, 0, 0
2026/07/15 03:16:27.998, 2, NVIDIA GeForce RTX 5090, 0, 0
2026/07/15 03:16:28.006, 3, NVIDIA GeForce RTX 5090, 0, 0
2026/07/15 03:16:28.013, 4, NVIDIA GeForce RTX 5090, 0, 0
2026/07/15 03:16:30.168, 0, NVIDIA GeForce RTX 5090, 3085, 93
2026/07/15 03:16:30.173, 1, NVIDIA GeForce RTX 5090, 0, 0
2026/07/15 03:16:30.184, 2, NVIDIA GeForce RTX 5090, 0, 0
2026/07/15 03:16:30.192, 3, NVIDIA GeForce RTX 5090, 0, 0
2026/07/15 03:16:30.200, 4, NVIDIA GeForce RTX 5090, 0, 0
2026/07/15 03:16:32.355, 0, NVIDIA GeForce RTX 5090, 3085, 99
2026/07/15 03:16:32.360, 1, NVIDIA GeForce RTX 5090, 0, 0
2026/07/15 03:16:32.368, 2, NVIDIA GeForce RTX 5090, 0, 0
2026/07/15 03:16:32.376, 3, NVIDIA GeForce RTX 5090, 0, 0
2026/07/15 03:16:32.383, 4, NVIDIA GeForce RTX 5090, 0, 0
2026/07/15 03:16:34.527, 0, NVIDIA GeForce RTX 5090, 3085, 99
2026/07/15 03:16:34.532, 1, NVIDIA GeForce RTX 5090, 0, 0
2026/07/15 03:16:34.541, 2, NVIDIA GeForce RTX 5090, 0, 0
2026/07/15 03:16:34.548, 3, NVIDIA GeForce RTX 5090, 0, 0
2026/07/15 03:16:34.555, 4, NVIDIA GeForce RTX 5090, 0, 0
2026/07/15 03:16:36.693, 0, NVIDIA GeForce RTX 5090, 3085, 99
2026/07/15 03:16:36.699, 1, NVIDIA GeForce RTX 5090, 0, 0
2026/07/15 03:16:36.707, 2, NVIDIA GeForce RTX 5090, 0, 0
2026/07/15 03:16:36.714, 3, NVIDIA GeForce RTX 5090, 0, 0
2026/07/15 03:16:36.722, 4, NVIDIA GeForce RTX 5090, 0, 0
2026/07/15 03:16:38.857, 0, NVIDIA GeForce RTX 5090, 3085, 99
2026/07/15 03:16:38.863, 1, NVIDIA GeForce RTX 5090, 0, 0
2026/07/15 03:16:38.871, 2, NVIDIA GeForce RTX 5090, 0, 0
2026/07/15 03:16:38.878, 3, NVIDIA GeForce RTX 5090, 0, 0
2026/07/15 03:16:38.885, 4, NVIDIA GeForce RTX 5090, 0, 0
2026/07/15 03:16:41.020, 0, NVIDIA GeForce RTX 5090, 3085, 13
2026/07/15 03:16:41.026, 1, NVIDIA GeForce RTX 5090, 0, 0
2026/07/15 03:16:41.033, 2, NVIDIA GeForce RTX 5090, 0, 0
2026/07/15 03:16:41.041, 3, NVIDIA GeForce RTX 5090, 0, 0
2026/07/15 03:16:41.048, 4, NVIDIA GeForce RTX 5090, 0, 0
2026/07/15 03:16:43.178, 0, NVIDIA GeForce RTX 5090, 3085, 99
2026/07/15 03:16:43.183, 1, NVIDIA GeForce RTX 5090, 0, 0
2026/07/15 03:16:43.194, 2, NVIDIA GeForce RTX 5090, 0, 0
2026/07/15 03:16:43.201, 3, NVIDIA GeForce RTX 5090, 0, 0
2026/07/15 03:16:43.209, 4, NVIDIA GeForce RTX 5090, 0, 0
2026/07/15 03:16:45.375, 0, NVIDIA GeForce RTX 5090, 3085, 99
2026/07/15 03:16:45.381, 1, NVIDIA GeForce RTX 5090, 0, 0
2026/07/15 03:16:45.388, 2, NVIDIA GeForce RTX 5090, 0, 0
2026/07/15 03:16:45.395, 3, NVIDIA GeForce RTX 5090, 0, 0
2026/07/15 03:16:45.403, 4, NVIDIA GeForce RTX 5090, 0, 0
2026/07/15 03:16:47.545, 0, NVIDIA GeForce RTX 5090, 3085, 58
2026/07/15 03:16:47.550, 1, NVIDIA GeForce RTX 5090, 0, 0
2026/07/15 03:16:47.558, 2, NVIDIA GeForce RTX 5090, 0, 0
2026/07/15 03:16:47.566, 3, NVIDIA GeForce RTX 5090, 0, 0
2026/07/15 03:16:47.573, 4, NVIDIA GeForce RTX 5090, 0, 0
2026/07/15 03:16:49.708, 0, NVIDIA GeForce RTX 5090, 3085, 99
2026/07/15 03:16:49.714, 1, NVIDIA GeForce RTX 5090, 0, 0
2026/07/15 03:16:49.722, 2, NVIDIA GeForce RTX 5090, 0, 0
2026/07/15 03:16:49.729, 3, NVIDIA GeForce RTX 5090, 0, 0
2026/07/15 03:16:49.737, 4, NVIDIA GeForce RTX 5090, 0, 0
2026/07/15 03:16:51.873, 0, NVIDIA GeForce RTX 5090, 3085, 99
2026/07/15 03:16:51.879, 1, NVIDIA GeForce RTX 5090, 0, 0
2026/07/15 03:16:51.886, 2, NVIDIA GeForce RTX 5090, 0, 0
2026/07/15 03:16:51.894, 3, NVIDIA GeForce RTX 5090, 0, 0
2026/07/15 03:16:51.901, 4, NVIDIA GeForce RTX 5090, 0, 0
2026/07/15 03:16:54.041, 0, NVIDIA GeForce RTX 5090, 3085, 99
2026/07/15 03:16:54.044, 1, NVIDIA GeForce RTX 5090, 0, 0
2026/07/15 03:16:54.053, 2, NVIDIA GeForce RTX 5090, 0, 0
2026/07/15 03:16:54.060, 3, NVIDIA GeForce RTX 5090, 0, 0
2026/07/15 03:16:54.068, 4, NVIDIA GeForce RTX 5090, 0, 0
2026/07/15 03:16:56.203, 0, NVIDIA GeForce RTX 5090, 3085, 99
2026/07/15 03:16:56.208, 1, NVIDIA GeForce RTX 5090, 0, 0
2026/07/15 03:16:56.215, 2, NVIDIA GeForce RTX 5090, 0, 0
2026/07/15 03:16:56.223, 3, NVIDIA GeForce RTX 5090, 0, 0
2026/07/15 03:16:56.230, 4, NVIDIA GeForce RTX 5090, 0, 0
2026/07/15 03:16:58.367, 0, NVIDIA GeForce RTX 5090, 3085, 60
2026/07/15 03:16:58.377, 1, NVIDIA GeForce RTX 5090, 0, 0
2026/07/15 03:16:58.385, 2, NVIDIA GeForce RTX 5090, 0, 0
2026/07/15 03:16:58.392, 3, NVIDIA GeForce RTX 5090, 0, 0
2026/07/15 03:16:58.401, 4, NVIDIA GeForce RTX 5090, 0, 0
2026/07/15 03:17:00.541, 0, NVIDIA GeForce RTX 5090, 3085, 99
2026/07/15 03:17:00.546, 1, NVIDIA GeForce RTX 5090, 0, 0
2026/07/15 03:17:00.554, 2, NVIDIA GeForce RTX 5090, 0, 0
2026/07/15 03:17:00.561, 3, NVIDIA GeForce RTX 5090, 0, 0
2026/07/15 03:17:00.569, 4, NVIDIA GeForce RTX 5090, 0, 0
2026/07/15 03:17:02.704, 0, NVIDIA GeForce RTX 5090, 3085, 98
2026/07/15 03:17:02.707, 1, NVIDIA GeForce RTX 5090, 0, 0
2026/07/15 03:17:02.719, 2, NVIDIA GeForce RTX 5090, 0, 0
2026/07/15 03:17:02.726, 3, NVIDIA GeForce RTX 5090, 0, 0
2026/07/15 03:17:02.733, 4, NVIDIA GeForce RTX 5090, 0, 0
2026/07/15 03:17:04.868, 0, NVIDIA GeForce RTX 5090, 3085, 99
2026/07/15 03:17:04.873, 1, NVIDIA GeForce RTX 5090, 0, 0
2026/07/15 03:17:04.881, 2, NVIDIA GeForce RTX 5090, 0, 0
2026/07/15 03:17:04.889, 3, NVIDIA GeForce RTX 5090, 0, 0
2026/07/15 03:17:04.896, 4, NVIDIA GeForce RTX 5090, 0, 0
2026/07/15 03:17:07.050, 0, NVIDIA GeForce RTX 5090, 3085, 98
2026/07/15 03:17:07.055, 1, NVIDIA GeForce RTX 5090, 0, 0
2026/07/15 03:17:07.064, 2, NVIDIA GeForce RTX 5090, 0, 0
2026/07/15 03:17:07.071, 3, NVIDIA GeForce RTX 5090, 0, 0
2026/07/15 03:17:07.079, 4, NVIDIA GeForce RTX 5090, 0, 0
2026/07/15 03:17:09.213, 0, NVIDIA GeForce RTX 5090, 3085, 99
2026/07/15 03:17:09.218, 1, NVIDIA GeForce RTX 5090, 0, 0
2026/07/15 03:17:09.225, 2, NVIDIA GeForce RTX 5090, 0, 0
2026/07/15 03:17:09.232, 3, NVIDIA GeForce RTX 5090, 0, 0
2026/07/15 03:17:09.239, 4, NVIDIA GeForce RTX 5090, 0, 0
2026/07/15 03:17:11.377, 0, NVIDIA GeForce RTX 5090, 3085, 99
2026/07/15 03:17:11.382, 1, NVIDIA GeForce RTX 5090, 0, 0
2026/07/15 03:17:11.390, 2, NVIDIA GeForce RTX 5090, 0, 0
2026/07/15 03:17:11.397, 3, NVIDIA GeForce RTX 5090, 0, 0
2026/07/15 03:17:11.405, 4, NVIDIA GeForce RTX 5090, 0, 0
2026/07/15 03:17:13.541, 0, NVIDIA GeForce RTX 5090, 3085, 99
2026/07/15 03:17:13.546, 1, NVIDIA GeForce RTX 5090, 0, 0
2026/07/15 03:17:13.555, 2, NVIDIA GeForce RTX 5090, 0, 0
2026/07/15 03:17:13.562, 3, NVIDIA GeForce RTX 5090, 0, 0
2026/07/15 03:17:13.570, 4, NVIDIA GeForce RTX 5090, 0, 0
2026/07/15 03:17:15.705, 0, NVIDIA GeForce RTX 5090, 3085, 99
2026/07/15 03:17:15.712, 1, NVIDIA GeForce RTX 5090, 0, 0
2026/07/15 03:17:15.723, 2, NVIDIA GeForce RTX 5090, 0, 0
2026/07/15 03:17:15.731, 3, NVIDIA GeForce RTX 5090, 0, 0
2026/07/15 03:17:15.738, 4, NVIDIA GeForce RTX 5090, 0, 0
2026/07/15 03:17:17.875, 0, NVIDIA GeForce RTX 5090, 3085, 99
2026/07/15 03:17:17.880, 1, NVIDIA GeForce RTX 5090, 0, 0
2026/07/15 03:17:17.889, 2, NVIDIA GeForce RTX 5090, 0, 0
2026/07/15 03:17:17.898, 3, NVIDIA GeForce RTX 5090, 0, 0
2026/07/15 03:17:17.905, 4, NVIDIA GeForce RTX 5090, 0, 0
2026/07/15 03:17:20.041, 0, NVIDIA GeForce RTX 5090, 3085, 99
2026/07/15 03:17:20.046, 1, NVIDIA GeForce RTX 5090, 0, 0
2026/07/15 03:17:20.054, 2, NVIDIA GeForce RTX 5090, 0, 0
2026/07/15 03:17:20.061, 3, NVIDIA GeForce RTX 5090, 0, 0
2026/07/15 03:17:20.069, 4, NVIDIA GeForce RTX 5090, 0, 0
2026/07/15 03:17:22.205, 0, NVIDIA GeForce RTX 5090, 3085, 98
2026/07/15 03:17:22.211, 1, NVIDIA GeForce RTX 5090, 0, 0
2026/07/15 03:17:22.219, 2, NVIDIA GeForce RTX 5090, 0, 0
2026/07/15 03:17:22.226, 3, NVIDIA GeForce RTX 5090, 0, 0
2026/07/15 03:17:22.234, 4, NVIDIA GeForce RTX 5090, 0, 0
2026/07/15 03:17:24.374, 0, NVIDIA GeForce RTX 5090, 3085, 99
2026/07/15 03:17:24.380, 1, NVIDIA GeForce RTX 5090, 0, 0
2026/07/15 03:17:24.388, 2, NVIDIA GeForce RTX 5090, 0, 0
2026/07/15 03:17:24.396, 3, NVIDIA GeForce RTX 5090, 0, 0
2026/07/15 03:17:24.403, 4, NVIDIA GeForce RTX 5090, 0, 0
2026/07/15 03:17:26.579, 0, NVIDIA GeForce RTX 5090, 3085, 59
2026/07/15 03:17:26.584, 1, NVIDIA GeForce RTX 5090, 0, 0
2026/07/15 03:17:26.592, 2, NVIDIA GeForce RTX 5090, 0, 0
2026/07/15 03:17:26.599, 3, NVIDIA GeForce RTX 5090, 0, 0
2026/07/15 03:17:26.607, 4, NVIDIA GeForce RTX 5090, 0, 0
2026/07/15 03:17:28.747, 0, NVIDIA GeForce RTX 5090, 3085, 99
2026/07/15 03:17:28.751, 1, NVIDIA GeForce RTX 5090, 0, 0
2026/07/15 03:17:28.759, 2, NVIDIA GeForce RTX 5090, 0, 0
2026/07/15 03:17:28.767, 3, NVIDIA GeForce RTX 5090, 0, 0
2026/07/15 03:17:28.774, 4, NVIDIA GeForce RTX 5090, 0, 0
2026/07/15 03:17:30.913, 0, NVIDIA GeForce RTX 5090, 3085, 99
2026/07/15 03:17:30.918, 1, NVIDIA GeForce RTX 5090, 0, 0
2026/07/15 03:17:30.927, 2, NVIDIA GeForce RTX 5090, 0, 0
2026/07/15 03:17:30.934, 3, NVIDIA GeForce RTX 5090, 0, 0
2026/07/15 03:17:30.942, 4, NVIDIA GeForce RTX 5090, 0, 0
2026/07/15 03:17:33.076, 0, NVIDIA GeForce RTX 5090, 3085, 99
2026/07/15 03:17:33.082, 1, NVIDIA GeForce RTX 5090, 0, 0
2026/07/15 03:17:33.091, 2, NVIDIA GeForce RTX 5090, 0, 0
2026/07/15 03:17:33.098, 3, NVIDIA GeForce RTX 5090, 0, 0
2026/07/15 03:17:33.106, 4, NVIDIA GeForce RTX 5090, 0, 0
2026/07/15 03:17:35.241, 0, NVIDIA GeForce RTX 5090, 3085, 99
2026/07/15 03:17:35.244, 1, NVIDIA GeForce RTX 5090, 0, 0
2026/07/15 03:17:35.253, 2, NVIDIA GeForce RTX 5090, 0, 0
2026/07/15 03:17:35.260, 3, NVIDIA GeForce RTX 5090, 0, 0
2026/07/15 03:17:35.268, 4, NVIDIA GeForce RTX 5090, 0, 0
2026/07/15 03:17:37.410, 0, NVIDIA GeForce RTX 5090, 3085, 99
2026/07/15 03:17:37.414, 1, NVIDIA GeForce RTX 5090, 0, 0
2026/07/15 03:17:37.422, 2, NVIDIA GeForce RTX 5090, 0, 0
2026/07/15 03:17:37.430, 3, NVIDIA GeForce RTX 5090, 0, 0
2026/07/15 03:17:37.437, 4, NVIDIA GeForce RTX 5090, 0, 0
2026/07/15 03:17:39.578, 0, NVIDIA GeForce RTX 5090, 3085, 98
2026/07/15 03:17:39.583, 1, NVIDIA GeForce RTX 5090, 0, 0
2026/07/15 03:17:39.591, 2, NVIDIA GeForce RTX 5090, 0, 0
2026/07/15 03:17:39.599, 3, NVIDIA GeForce RTX 5090, 0, 0
2026/07/15 03:17:39.606, 4, NVIDIA GeForce RTX 5090, 0, 0
2026/07/15 03:17:41.742, 0, NVIDIA GeForce RTX 5090, 3085, 99
2026/07/15 03:17:41.748, 1, NVIDIA GeForce RTX 5090, 0, 0
2026/07/15 03:17:41.758, 2, NVIDIA GeForce RTX 5090, 0, 0
2026/07/15 03:17:41.766, 3, NVIDIA GeForce RTX 5090, 0, 0
2026/07/15 03:17:41.773, 4, NVIDIA GeForce RTX 5090, 0, 0
2026/07/15 03:17:43.911, 0, NVIDIA GeForce RTX 5090, 3085, 99
2026/07/15 03:17:43.915, 1, NVIDIA GeForce RTX 5090, 0, 0
2026/07/15 03:17:43.923, 2, NVIDIA GeForce RTX 5090, 0, 0
2026/07/15 03:17:43.932, 3, NVIDIA GeForce RTX 5090, 0, 0
2026/07/15 03:17:43.939, 4, NVIDIA GeForce RTX 5090, 0, 0
2026/07/15 03:17:46.078, 0, NVIDIA GeForce RTX 5090, 3085, 98
2026/07/15 03:17:46.083, 1, NVIDIA GeForce RTX 5090, 0, 0
2026/07/15 03:17:46.091, 2, NVIDIA GeForce RTX 5090, 0, 0
2026/07/15 03:17:46.099, 3, NVIDIA GeForce RTX 5090, 0, 0
2026/07/15 03:17:46.106, 4, NVIDIA GeForce RTX 5090, 0, 0
2026/07/15 03:17:48.317, 0, NVIDIA GeForce RTX 5090, 3085, 99
2026/07/15 03:17:48.325, 1, NVIDIA GeForce RTX 5090, 0, 0
2026/07/15 03:17:48.345, 2, NVIDIA GeForce RTX 5090, 0, 0
2026/07/15 03:17:48.362, 3, NVIDIA GeForce RTX 5090, 0, 0
2026/07/15 03:17:48.371, 4, NVIDIA GeForce RTX 5090, 0, 0
2026/07/15 03:17:50.513, 0, NVIDIA GeForce RTX 5090, 3085, 99
2026/07/15 03:17:50.518, 1, NVIDIA GeForce RTX 5090, 0, 0
2026/07/15 03:17:50.526, 2, NVIDIA GeForce RTX 5090, 0, 0
2026/07/15 03:17:50.534, 3, NVIDIA GeForce RTX 5090, 0, 0
2026/07/15 03:17:50.541, 4, NVIDIA GeForce RTX 5090, 0, 0
2026/07/15 03:17:52.718, 0, NVIDIA GeForce RTX 5090, 3085, 99
2026/07/15 03:17:52.722, 1, NVIDIA GeForce RTX 5090, 0, 0
2026/07/15 03:17:52.729, 2, NVIDIA GeForce RTX 5090, 0, 0
2026/07/15 03:17:52.737, 3, NVIDIA GeForce RTX 5090, 0, 0
2026/07/15 03:17:52.745, 4, NVIDIA GeForce RTX 5090, 0, 0
2026/07/15 03:17:54.876, 0, NVIDIA GeForce RTX 5090, 3085, 99
2026/07/15 03:17:54.881, 1, NVIDIA GeForce RTX 5090, 0, 0
2026/07/15 03:17:54.889, 2, NVIDIA GeForce RTX 5090, 0, 0
2026/07/15 03:17:54.897, 3, NVIDIA GeForce RTX 5090, 0, 0
2026/07/15 03:17:54.905, 4, NVIDIA GeForce RTX 5090, 0, 0
2026/07/15 03:17:57.044, 0, NVIDIA GeForce RTX 5090, 3085, 99
2026/07/15 03:17:57.049, 1, NVIDIA GeForce RTX 5090, 0, 0
2026/07/15 03:17:57.057, 2, NVIDIA GeForce RTX 5090, 0, 0
2026/07/15 03:17:57.064, 3, NVIDIA GeForce RTX 5090, 0, 0
2026/07/15 03:17:57.072, 4, NVIDIA GeForce RTX 5090, 0, 0
2026/07/15 03:17:59.213, 0, NVIDIA GeForce RTX 5090, 3085, 99
2026/07/15 03:17:59.218, 1, NVIDIA GeForce RTX 5090, 0, 0
2026/07/15 03:17:59.227, 2, NVIDIA GeForce RTX 5090, 0, 0
2026/07/15 03:17:59.234, 3, NVIDIA GeForce RTX 5090, 0, 0
2026/07/15 03:17:59.242, 4, NVIDIA GeForce RTX 5090, 0, 0
2026/07/15 03:18:01.380, 0, NVIDIA GeForce RTX 5090, 3085, 98
2026/07/15 03:18:01.385, 1, NVIDIA GeForce RTX 5090, 0, 0
2026/07/15 03:18:01.393, 2, NVIDIA GeForce RTX 5090, 0, 0
2026/07/15 03:18:01.401, 3, NVIDIA GeForce RTX 5090, 0, 0
2026/07/15 03:18:01.408, 4, NVIDIA GeForce RTX 5090, 0, 0
2026/07/15 03:18:03.568, 0, NVIDIA GeForce RTX 5090, 3085, 99
2026/07/15 03:18:03.572, 1, NVIDIA GeForce RTX 5090, 0, 0
2026/07/15 03:18:03.579, 2, NVIDIA GeForce RTX 5090, 0, 0
2026/07/15 03:18:03.587, 3, NVIDIA GeForce RTX 5090, 0, 0
2026/07/15 03:18:03.594, 4, NVIDIA GeForce RTX 5090, 0, 0
2026/07/15 03:18:05.729, 0, NVIDIA GeForce RTX 5090, 3085, 99
2026/07/15 03:18:05.737, 1, NVIDIA GeForce RTX 5090, 0, 0
2026/07/15 03:18:05.744, 2, NVIDIA GeForce RTX 5090, 0, 0
2026/07/15 03:18:05.752, 3, NVIDIA GeForce RTX 5090, 0, 0
2026/07/15 03:18:05.760, 4, NVIDIA GeForce RTX 5090, 0, 0
2026/07/15 03:18:07.897, 0, NVIDIA GeForce RTX 5090, 3085, 99
2026/07/15 03:18:07.901, 1, NVIDIA GeForce RTX 5090, 0, 0
2026/07/15 03:18:07.909, 2, NVIDIA GeForce RTX 5090, 0, 0
2026/07/15 03:18:07.916, 3, NVIDIA GeForce RTX 5090, 0, 0
2026/07/15 03:18:07.924, 4, NVIDIA GeForce RTX 5090, 0, 0
2026/07/15 03:18:10.062, 0, NVIDIA GeForce RTX 5090, 3085, 98
2026/07/15 03:18:10.067, 1, NVIDIA GeForce RTX 5090, 0, 0
2026/07/15 03:18:10.076, 2, NVIDIA GeForce RTX 5090, 0, 0
2026/07/15 03:18:10.084, 3, NVIDIA GeForce RTX 5090, 0, 0
2026/07/15 03:18:10.091, 4, NVIDIA GeForce RTX 5090, 0, 0
2026/07/15 03:18:12.229, 0, NVIDIA GeForce RTX 5090, 3085, 99
2026/07/15 03:18:12.234, 1, NVIDIA GeForce RTX 5090, 0, 0
2026/07/15 03:18:12.242, 2, NVIDIA GeForce RTX 5090, 0, 0
2026/07/15 03:18:12.250, 3, NVIDIA GeForce RTX 5090, 0, 0
2026/07/15 03:18:12.258, 4, NVIDIA GeForce RTX 5090, 0, 0
2026/07/15 03:18:14.396, 0, NVIDIA GeForce RTX 5090, 3085, 99
2026/07/15 03:18:14.402, 1, NVIDIA GeForce RTX 5090, 0, 0
2026/07/15 03:18:14.410, 2, NVIDIA GeForce RTX 5090, 0, 0
2026/07/15 03:18:14.418, 3, NVIDIA GeForce RTX 5090, 0, 0
2026/07/15 03:18:14.426, 4, NVIDIA GeForce RTX 5090, 0, 0
2026/07/15 03:18:16.560, 0, NVIDIA GeForce RTX 5090, 3085, 99
2026/07/15 03:18:16.564, 1, NVIDIA GeForce RTX 5090, 0, 0
2026/07/15 03:18:16.573, 2, NVIDIA GeForce RTX 5090, 0, 0
2026/07/15 03:18:16.580, 3, NVIDIA GeForce RTX 5090, 0, 0
2026/07/15 03:18:16.588, 4, NVIDIA GeForce RTX 5090, 0, 0
2026/07/15 03:18:18.725, 0, NVIDIA GeForce RTX 5090, 3085, 99
2026/07/15 03:18:18.729, 1, NVIDIA GeForce RTX 5090, 0, 0
2026/07/15 03:18:18.737, 2, NVIDIA GeForce RTX 5090, 0, 0
2026/07/15 03:18:18.745, 3, NVIDIA GeForce RTX 5090, 0, 0
2026/07/15 03:18:18.753, 4, NVIDIA GeForce RTX 5090, 0, 0
2026/07/15 03:18:20.888, 0, NVIDIA GeForce RTX 5090, 3085, 99
2026/07/15 03:18:20.896, 1, NVIDIA GeForce RTX 5090, 0, 0
2026/07/15 03:18:20.904, 2, NVIDIA GeForce RTX 5090, 0, 0
2026/07/15 03:18:20.912, 3, NVIDIA GeForce RTX 5090, 0, 0
2026/07/15 03:18:20.919, 4, NVIDIA GeForce RTX 5090, 0, 0
2026/07/15 03:18:23.056, 0, NVIDIA GeForce RTX 5090, 3085, 99
2026/07/15 03:18:23.062, 1, NVIDIA GeForce RTX 5090, 0, 0
2026/07/15 03:18:23.071, 2, NVIDIA GeForce RTX 5090, 0, 0
2026/07/15 03:18:23.079, 3, NVIDIA GeForce RTX 5090, 0, 0
2026/07/15 03:18:23.086, 4, NVIDIA GeForce RTX 5090, 0, 0
2026/07/15 03:18:25.221, 0, NVIDIA GeForce RTX 5090, 3085, 98
2026/07/15 03:18:25.225, 1, NVIDIA GeForce RTX 5090, 0, 0
2026/07/15 03:18:25.233, 2, NVIDIA GeForce RTX 5090, 0, 0
2026/07/15 03:18:25.243, 3, NVIDIA GeForce RTX 5090, 0, 0
2026/07/15 03:18:25.250, 4, NVIDIA GeForce RTX 5090, 0, 0
2026/07/15 03:18:27.387, 0, NVIDIA GeForce RTX 5090, 3085, 99
2026/07/15 03:18:27.393, 1, NVIDIA GeForce RTX 5090, 0, 0
2026/07/15 03:18:27.401, 2, NVIDIA GeForce RTX 5090, 0, 0
2026/07/15 03:18:27.408, 3, NVIDIA GeForce RTX 5090, 0, 0
2026/07/15 03:18:27.416, 4, NVIDIA GeForce RTX 5090, 0, 0
2026/07/15 03:18:29.561, 0, NVIDIA GeForce RTX 5090, 3085, 72
2026/07/15 03:18:29.567, 1, NVIDIA GeForce RTX 5090, 0, 0
2026/07/15 03:18:29.575, 2, NVIDIA GeForce RTX 5090, 0, 0
2026/07/15 03:18:29.582, 3, NVIDIA GeForce RTX 5090, 0, 0
2026/07/15 03:18:29.590, 4, NVIDIA GeForce RTX 5090, 0, 0
2026/07/15 03:18:31.747, 0, NVIDIA GeForce RTX 5090, 3085, 99
2026/07/15 03:18:31.756, 1, NVIDIA GeForce RTX 5090, 0, 0
2026/07/15 03:18:31.764, 2, NVIDIA GeForce RTX 5090, 0, 0
2026/07/15 03:18:31.772, 3, NVIDIA GeForce RTX 5090, 0, 0
2026/07/15 03:18:31.781, 4, NVIDIA GeForce RTX 5090, 0, 0
2026/07/15 03:18:33.916, 0, NVIDIA GeForce RTX 5090, 3085, 99
2026/07/15 03:18:33.922, 1, NVIDIA GeForce RTX 5090, 0, 0
2026/07/15 03:18:33.932, 2, NVIDIA GeForce RTX 5090, 0, 0
2026/07/15 03:18:33.939, 3, NVIDIA GeForce RTX 5090, 0, 0
2026/07/15 03:18:33.946, 4, NVIDIA GeForce RTX 5090, 0, 0
2026/07/15 03:18:36.105, 0, NVIDIA GeForce RTX 5090, 3085, 99
2026/07/15 03:18:36.110, 1, NVIDIA GeForce RTX 5090, 0, 0
2026/07/15 03:18:36.118, 2, NVIDIA GeForce RTX 5090, 0, 0
2026/07/15 03:18:36.125, 3, NVIDIA GeForce RTX 5090, 0, 0
2026/07/15 03:18:36.133, 4, NVIDIA GeForce RTX 5090, 0, 0
2026/07/15 03:18:38.267, 0, NVIDIA GeForce RTX 5090, 3085, 99
2026/07/15 03:18:38.274, 1, NVIDIA GeForce RTX 5090, 0, 0
2026/07/15 03:18:38.289, 2, NVIDIA GeForce RTX 5090, 0, 0
2026/07/15 03:18:38.296, 3, NVIDIA GeForce RTX 5090, 0, 0
2026/07/15 03:18:38.304, 4, NVIDIA GeForce RTX 5090, 0, 0
2026/07/15 03:18:40.457, 0, NVIDIA GeForce RTX 5090, 3085, 41
2026/07/15 03:18:40.460, 1, NVIDIA GeForce RTX 5090, 0, 0
2026/07/15 03:18:40.468, 2, NVIDIA GeForce RTX 5090, 0, 0
2026/07/15 03:18:40.475, 3, NVIDIA GeForce RTX 5090, 0, 0
2026/07/15 03:18:40.483, 4, NVIDIA GeForce RTX 5090, 0, 0
2026/07/15 03:18:42.618, 0, NVIDIA GeForce RTX 5090, 3085, 11
2026/07/15 03:18:42.621, 1, NVIDIA GeForce RTX 5090, 0, 0
2026/07/15 03:18:42.629, 2, NVIDIA GeForce RTX 5090, 0, 0
2026/07/15 03:18:42.636, 3, NVIDIA GeForce RTX 5090, 0, 0
2026/07/15 03:18:42.643, 4, NVIDIA GeForce RTX 5090, 0, 0
2026/07/15 03:18:44.779, 0, NVIDIA GeForce RTX 5090, 3085, 99
2026/07/15 03:18:44.784, 1, NVIDIA GeForce RTX 5090, 0, 0
2026/07/15 03:18:44.797, 2, NVIDIA GeForce RTX 5090, 0, 0
2026/07/15 03:18:44.804, 3, NVIDIA GeForce RTX 5090, 0, 0
2026/07/15 03:18:44.812, 4, NVIDIA GeForce RTX 5090, 0, 0
2026/07/15 03:18:46.967, 0, NVIDIA GeForce RTX 5090, 3085, 98
2026/07/15 03:18:46.973, 1, NVIDIA GeForce RTX 5090, 0, 0
2026/07/15 03:18:46.981, 2, NVIDIA GeForce RTX 5090, 0, 0
2026/07/15 03:18:46.988, 3, NVIDIA GeForce RTX 5090, 0, 0
2026/07/15 03:18:46.996, 4, NVIDIA GeForce RTX 5090, 0, 0
2026/07/15 03:18:49.137, 0, NVIDIA GeForce RTX 5090, 3085, 99
2026/07/15 03:18:49.143, 1, NVIDIA GeForce RTX 5090, 0, 0
2026/07/15 03:18:49.151, 2, NVIDIA GeForce RTX 5090, 0, 0
2026/07/15 03:18:49.158, 3, NVIDIA GeForce RTX 5090, 0, 0
2026/07/15 03:18:49.167, 4, NVIDIA GeForce RTX 5090, 0, 0
2026/07/15 03:18:51.345, 0, NVIDIA GeForce RTX 5090, 3085, 99
2026/07/15 03:18:51.352, 1, NVIDIA GeForce RTX 5090, 0, 0
2026/07/15 03:18:51.371, 2, NVIDIA GeForce RTX 5090, 0, 0
2026/07/15 03:18:51.389, 3, NVIDIA GeForce RTX 5090, 0, 0
2026/07/15 03:18:51.398, 4, NVIDIA GeForce RTX 5090, 0, 0
2026/07/15 03:18:53.557, 0, NVIDIA GeForce RTX 5090, 3085, 99
2026/07/15 03:18:53.562, 1, NVIDIA GeForce RTX 5090, 0, 0
2026/07/15 03:18:53.571, 2, NVIDIA GeForce RTX 5090, 0, 0
2026/07/15 03:18:53.578, 3, NVIDIA GeForce RTX 5090, 0, 0
2026/07/15 03:18:53.585, 4, NVIDIA GeForce RTX 5090, 0, 0
2026/07/15 03:18:55.725, 0, NVIDIA GeForce RTX 5090, 3085, 99
2026/07/15 03:18:55.729, 1, NVIDIA GeForce RTX 5090, 0, 0
2026/07/15 03:18:55.737, 2, NVIDIA GeForce RTX 5090, 0, 0
2026/07/15 03:18:55.747, 3, NVIDIA GeForce RTX 5090, 0, 0
2026/07/15 03:18:55.755, 4, NVIDIA GeForce RTX 5090, 0, 0
2026/07/15 03:18:57.894, 0, NVIDIA GeForce RTX 5090, 3085, 99
2026/07/15 03:18:57.900, 1, NVIDIA GeForce RTX 5090, 0, 0
2026/07/15 03:18:57.908, 2, NVIDIA GeForce RTX 5090, 0, 0
2026/07/15 03:18:57.915, 3, NVIDIA GeForce RTX 5090, 0, 0
2026/07/15 03:18:57.923, 4, NVIDIA GeForce RTX 5090, 0, 0
2026/07/15 03:19:00.066, 0, NVIDIA GeForce RTX 5090, 3085, 99
2026/07/15 03:19:00.071, 1, NVIDIA GeForce RTX 5090, 0, 0
2026/07/15 03:19:00.079, 2, NVIDIA GeForce RTX 5090, 0, 0
2026/07/15 03:19:00.086, 3, NVIDIA GeForce RTX 5090, 0, 0
2026/07/15 03:19:00.093, 4, NVIDIA GeForce RTX 5090, 0, 0
2026/07/15 03:19:02.227, 0, NVIDIA GeForce RTX 5090, 3085, 98
2026/07/15 03:19:02.229, 1, NVIDIA GeForce RTX 5090, 0, 0
2026/07/15 03:19:02.237, 2, NVIDIA GeForce RTX 5090, 0, 0
2026/07/15 03:19:02.245, 3, NVIDIA GeForce RTX 5090, 0, 0
2026/07/15 03:19:02.252, 4, NVIDIA GeForce RTX 5090, 0, 0
2026/07/15 03:19:04.391, 0, NVIDIA GeForce RTX 5090, 3085, 99
2026/07/15 03:19:04.395, 1, NVIDIA GeForce RTX 5090, 0, 0
2026/07/15 03:19:04.403, 2, NVIDIA GeForce RTX 5090, 0, 0
2026/07/15 03:19:04.410, 3, NVIDIA GeForce RTX 5090, 0, 0
2026/07/15 03:19:04.418, 4, NVIDIA GeForce RTX 5090, 0, 0
2026/07/15 03:19:06.582, 0, NVIDIA GeForce RTX 5090, 3085, 98
2026/07/15 03:19:06.588, 1, NVIDIA GeForce RTX 5090, 0, 0
2026/07/15 03:19:06.597, 2, NVIDIA GeForce RTX 5090, 0, 0
2026/07/15 03:19:06.605, 3, NVIDIA GeForce RTX 5090, 0, 0
2026/07/15 03:19:06.613, 4, NVIDIA GeForce RTX 5090, 0, 0
2026/07/15 03:19:08.766, 0, NVIDIA GeForce RTX 5090, 3085, 99
2026/07/15 03:19:08.774, 1, NVIDIA GeForce RTX 5090, 0, 0
2026/07/15 03:19:08.782, 2, NVIDIA GeForce RTX 5090, 0, 0
2026/07/15 03:19:08.790, 3, NVIDIA GeForce RTX 5090, 0, 0
2026/07/15 03:19:08.797, 4, NVIDIA GeForce RTX 5090, 0, 0
2026/07/15 03:19:10.934, 0, NVIDIA GeForce RTX 5090, 3085, 6
2026/07/15 03:19:10.938, 1, NVIDIA GeForce RTX 5090, 0, 0
2026/07/15 03:19:10.946, 2, NVIDIA GeForce RTX 5090, 0, 0
2026/07/15 03:19:10.954, 3, NVIDIA GeForce RTX 5090, 0, 0
2026/07/15 03:19:10.962, 4, NVIDIA GeForce RTX 5090, 0, 0
2026/07/15 03:19:13.103, 0, NVIDIA GeForce RTX 5090, 3085, 99
2026/07/15 03:19:13.108, 1, NVIDIA GeForce RTX 5090, 0, 0
2026/07/15 03:19:13.116, 2, NVIDIA GeForce RTX 5090, 0, 0
2026/07/15 03:19:13.123, 3, NVIDIA GeForce RTX 5090, 0, 0
2026/07/15 03:19:13.131, 4, NVIDIA GeForce RTX 5090, 0, 0
2026/07/15 03:19:15.268, 0, NVIDIA GeForce RTX 5090, 3085, 99
2026/07/15 03:19:15.273, 1, NVIDIA GeForce RTX 5090, 0, 0
2026/07/15 03:19:15.281, 2, NVIDIA GeForce RTX 5090, 0, 0
2026/07/15 03:19:15.289, 3, NVIDIA GeForce RTX 5090, 0, 0
2026/07/15 03:19:15.297, 4, NVIDIA GeForce RTX 5090, 0, 0
2026/07/15 03:19:17.436, 0, NVIDIA GeForce RTX 5090, 3085, 99
2026/07/15 03:19:17.440, 1, NVIDIA GeForce RTX 5090, 0, 0
2026/07/15 03:19:17.449, 2, NVIDIA GeForce RTX 5090, 0, 0
2026/07/15 03:19:17.456, 3, NVIDIA GeForce RTX 5090, 0, 0
2026/07/15 03:19:17.464, 4, NVIDIA GeForce RTX 5090, 0, 0
2026/07/15 03:19:19.601, 0, NVIDIA GeForce RTX 5090, 3085, 99
2026/07/15 03:19:19.605, 1, NVIDIA GeForce RTX 5090, 0, 0
2026/07/15 03:19:19.612, 2, NVIDIA GeForce RTX 5090, 0, 0
2026/07/15 03:19:19.622, 3, NVIDIA GeForce RTX 5090, 0, 0
2026/07/15 03:19:19.630, 4, NVIDIA GeForce RTX 5090, 0, 0
2026/07/15 03:19:21.762, 0, NVIDIA GeForce RTX 5090, 3085, 99
2026/07/15 03:19:21.764, 1, NVIDIA GeForce RTX 5090, 0, 0
2026/07/15 03:19:21.773, 2, NVIDIA GeForce RTX 5090, 0, 0
2026/07/15 03:19:21.781, 3, NVIDIA GeForce RTX 5090, 0, 0
2026/07/15 03:19:21.789, 4, NVIDIA GeForce RTX 5090, 0, 0
2026/07/15 03:19:23.959, 0, NVIDIA GeForce RTX 5090, 3085, 99
2026/07/15 03:19:23.964, 1, NVIDIA GeForce RTX 5090, 0, 0
2026/07/15 03:19:23.972, 2, NVIDIA GeForce RTX 5090, 0, 0
2026/07/15 03:19:23.980, 3, NVIDIA GeForce RTX 5090, 0, 0
2026/07/15 03:19:23.988, 4, NVIDIA GeForce RTX 5090, 0, 0
2026/07/15 03:19:26.126, 0, NVIDIA GeForce RTX 5090, 3085, 99
2026/07/15 03:19:26.131, 1, NVIDIA GeForce RTX 5090, 0, 0
2026/07/15 03:19:26.138, 2, NVIDIA GeForce RTX 5090, 0, 0
2026/07/15 03:19:26.146, 3, NVIDIA GeForce RTX 5090, 0, 0
2026/07/15 03:19:26.153, 4, NVIDIA GeForce RTX 5090, 0, 0
2026/07/15 03:19:28.289, 0, NVIDIA GeForce RTX 5090, 3085, 99
2026/07/15 03:19:28.295, 1, NVIDIA GeForce RTX 5090, 0, 0
2026/07/15 03:19:28.303, 2, NVIDIA GeForce RTX 5090, 0, 0
2026/07/15 03:19:28.311, 3, NVIDIA GeForce RTX 5090, 0, 0
2026/07/15 03:19:28.318, 4, NVIDIA GeForce RTX 5090, 0, 0
2026/07/15 03:19:30.460, 0, NVIDIA GeForce RTX 5090, 3085, 99
2026/07/15 03:19:30.464, 1, NVIDIA GeForce RTX 5090, 0, 0
2026/07/15 03:19:30.473, 2, NVIDIA GeForce RTX 5090, 0, 0
2026/07/15 03:19:30.479, 3, NVIDIA GeForce RTX 5090, 0, 0
2026/07/15 03:19:30.488, 4, NVIDIA GeForce RTX 5090, 0, 0
2026/07/15 03:19:32.624, 0, NVIDIA GeForce RTX 5090, 3085, 99
2026/07/15 03:19:32.630, 1, NVIDIA GeForce RTX 5090, 0, 0
2026/07/15 03:19:32.638, 2, NVIDIA GeForce RTX 5090, 0, 0
2026/07/15 03:19:32.646, 3, NVIDIA GeForce RTX 5090, 0, 0
2026/07/15 03:19:32.654, 4, NVIDIA GeForce RTX 5090, 0, 0
2026/07/15 03:19:34.788, 0, NVIDIA GeForce RTX 5090, 3085, 98
2026/07/15 03:19:34.796, 1, NVIDIA GeForce RTX 5090, 0, 0
2026/07/15 03:19:34.804, 2, NVIDIA GeForce RTX 5090, 0, 0
2026/07/15 03:19:34.811, 3, NVIDIA GeForce RTX 5090, 0, 0
2026/07/15 03:19:34.819, 4, NVIDIA GeForce RTX 5090, 0, 0
2026/07/15 03:19:36.974, 0, NVIDIA GeForce RTX 5090, 3085, 99
2026/07/15 03:19:36.979, 1, NVIDIA GeForce RTX 5090, 0, 0
2026/07/15 03:19:36.988, 2, NVIDIA GeForce RTX 5090, 0, 0
2026/07/15 03:19:36.995, 3, NVIDIA GeForce RTX 5090, 0, 0
2026/07/15 03:19:37.003, 4, NVIDIA GeForce RTX 5090, 0, 0
2026/07/15 03:19:39.141, 0, NVIDIA GeForce RTX 5090, 3085, 2
2026/07/15 03:19:39.146, 1, NVIDIA GeForce RTX 5090, 0, 0
2026/07/15 03:19:39.155, 2, NVIDIA GeForce RTX 5090, 0, 0
2026/07/15 03:19:39.162, 3, NVIDIA GeForce RTX 5090, 0, 0
2026/07/15 03:19:39.170, 4, NVIDIA GeForce RTX 5090, 0, 0
2026/07/15 03:19:41.306, 0, NVIDIA GeForce RTX 5090, 3085, 99
2026/07/15 03:19:41.311, 1, NVIDIA GeForce RTX 5090, 0, 0
2026/07/15 03:19:41.319, 2, NVIDIA GeForce RTX 5090, 0, 0
2026/07/15 03:19:41.327, 3, NVIDIA GeForce RTX 5090, 0, 0
2026/07/15 03:19:41.335, 4, NVIDIA GeForce RTX 5090, 0, 0
2026/07/15 03:19:43.494, 0, NVIDIA GeForce RTX 5090, 3085, 99
2026/07/15 03:19:43.500, 1, NVIDIA GeForce RTX 5090, 0, 0
2026/07/15 03:19:43.508, 2, NVIDIA GeForce RTX 5090, 0, 0
2026/07/15 03:19:43.515, 3, NVIDIA GeForce RTX 5090, 0, 0
2026/07/15 03:19:43.523, 4, NVIDIA GeForce RTX 5090, 0, 0
2026/07/15 03:19:45.660, 0, NVIDIA GeForce RTX 5090, 3085, 99
2026/07/15 03:19:45.665, 1, NVIDIA GeForce RTX 5090, 0, 0
2026/07/15 03:19:45.673, 2, NVIDIA GeForce RTX 5090, 0, 0
2026/07/15 03:19:45.680, 3, NVIDIA GeForce RTX 5090, 0, 0
2026/07/15 03:19:45.688, 4, NVIDIA GeForce RTX 5090, 0, 0
2026/07/15 03:19:47.843, 0, NVIDIA GeForce RTX 5090, 3085, 99
2026/07/15 03:19:47.849, 1, NVIDIA GeForce RTX 5090, 0, 0
2026/07/15 03:19:47.857, 2, NVIDIA GeForce RTX 5090, 0, 0
2026/07/15 03:19:47.867, 3, NVIDIA GeForce RTX 5090, 0, 0
2026/07/15 03:19:47.876, 4, NVIDIA GeForce RTX 5090, 0, 0
2026/07/15 03:19:50.011, 0, NVIDIA GeForce RTX 5090, 3085, 99
2026/07/15 03:19:50.013, 1, NVIDIA GeForce RTX 5090, 0, 0
2026/07/15 03:19:50.022, 2, NVIDIA GeForce RTX 5090, 0, 0
2026/07/15 03:19:50.030, 3, NVIDIA GeForce RTX 5090, 0, 0
2026/07/15 03:19:50.038, 4, NVIDIA GeForce RTX 5090, 0, 0
2026/07/15 03:19:52.190, 0, NVIDIA GeForce RTX 5090, 3085, 98
2026/07/15 03:19:52.196, 1, NVIDIA GeForce RTX 5090, 0, 0
2026/07/15 03:19:52.204, 2, NVIDIA GeForce RTX 5090, 0, 0
2026/07/15 03:19:52.211, 3, NVIDIA GeForce RTX 5090, 0, 0
2026/07/15 03:19:52.219, 4, NVIDIA GeForce RTX 5090, 0, 0
2026/07/15 03:19:54.357, 0, NVIDIA GeForce RTX 5090, 3085, 99
2026/07/15 03:19:54.363, 1, NVIDIA GeForce RTX 5090, 0, 0
2026/07/15 03:19:54.371, 2, NVIDIA GeForce RTX 5090, 0, 0
2026/07/15 03:19:54.379, 3, NVIDIA GeForce RTX 5090, 0, 0
2026/07/15 03:19:54.386, 4, NVIDIA GeForce RTX 5090, 0, 0
2026/07/15 03:19:56.543, 0, NVIDIA GeForce RTX 5090, 3085, 12
2026/07/15 03:19:56.548, 1, NVIDIA GeForce RTX 5090, 0, 0
2026/07/15 03:19:56.558, 2, NVIDIA GeForce RTX 5090, 0, 0
2026/07/15 03:19:56.565, 3, NVIDIA GeForce RTX 5090, 0, 0
2026/07/15 03:19:56.583, 4, NVIDIA GeForce RTX 5090, 0, 0
2026/07/15 03:19:58.758, 0, NVIDIA GeForce RTX 5090, 3085, 99
2026/07/15 03:19:58.763, 1, NVIDIA GeForce RTX 5090, 0, 0
2026/07/15 03:19:58.772, 2, NVIDIA GeForce RTX 5090, 0, 0
2026/07/15 03:19:58.780, 3, NVIDIA GeForce RTX 5090, 0, 0
2026/07/15 03:19:58.787, 4, NVIDIA GeForce RTX 5090, 0, 0
2026/07/15 03:20:00.921, 0, NVIDIA GeForce RTX 5090, 3085, 99
2026/07/15 03:20:00.927, 1, NVIDIA GeForce RTX 5090, 0, 0
2026/07/15 03:20:00.936, 2, NVIDIA GeForce RTX 5090, 0, 0
2026/07/15 03:20:00.943, 3, NVIDIA GeForce RTX 5090, 0, 0
2026/07/15 03:20:00.951, 4, NVIDIA GeForce RTX 5090, 0, 0
2026/07/15 03:20:03.086, 0, NVIDIA GeForce RTX 5090, 3085, 99
2026/07/15 03:20:03.092, 1, NVIDIA GeForce RTX 5090, 0, 0
2026/07/15 03:20:03.100, 2, NVIDIA GeForce RTX 5090, 0, 0
2026/07/15 03:20:03.108, 3, NVIDIA GeForce RTX 5090, 0, 0
2026/07/15 03:20:03.116, 4, NVIDIA GeForce RTX 5090, 0, 0
2026/07/15 03:20:05.253, 0, NVIDIA GeForce RTX 5090, 3085, 98
2026/07/15 03:20:05.259, 1, NVIDIA GeForce RTX 5090, 0, 0
2026/07/15 03:20:05.267, 2, NVIDIA GeForce RTX 5090, 0, 0
2026/07/15 03:20:05.275, 3, NVIDIA GeForce RTX 5090, 0, 0
2026/07/15 03:20:05.282, 4, NVIDIA GeForce RTX 5090, 0, 0
2026/07/15 03:20:07.423, 0, NVIDIA GeForce RTX 5090, 3085, 99
2026/07/15 03:20:07.428, 1, NVIDIA GeForce RTX 5090, 0, 0
2026/07/15 03:20:07.437, 2, NVIDIA GeForce RTX 5090, 0, 0
2026/07/15 03:20:07.444, 3, NVIDIA GeForce RTX 5090, 0, 0
2026/07/15 03:20:07.452, 4, NVIDIA GeForce RTX 5090, 0, 0
2026/07/15 03:20:09.588, 0, NVIDIA GeForce RTX 5090, 3085, 99
2026/07/15 03:20:09.591, 1, NVIDIA GeForce RTX 5090, 0, 0
2026/07/15 03:20:09.599, 2, NVIDIA GeForce RTX 5090, 0, 0
2026/07/15 03:20:09.607, 3, NVIDIA GeForce RTX 5090, 0, 0
2026/07/15 03:20:09.615, 4, NVIDIA GeForce RTX 5090, 0, 0
2026/07/15 03:20:11.786, 0, NVIDIA GeForce RTX 5090, 3085, 99
2026/07/15 03:20:11.790, 1, NVIDIA GeForce RTX 5090, 0, 0
2026/07/15 03:20:11.798, 2, NVIDIA GeForce RTX 5090, 0, 0
2026/07/15 03:20:11.813, 3, NVIDIA GeForce RTX 5090, 0, 0
2026/07/15 03:20:11.821, 4, NVIDIA GeForce RTX 5090, 0, 0
2026/07/15 03:20:13.975, 0, NVIDIA GeForce RTX 5090, 3085, 99
2026/07/15 03:20:13.978, 1, NVIDIA GeForce RTX 5090, 0, 0
2026/07/15 03:20:13.986, 2, NVIDIA GeForce RTX 5090, 0, 0
2026/07/15 03:20:13.994, 3, NVIDIA GeForce RTX 5090, 0, 0
2026/07/15 03:20:14.001, 4, NVIDIA GeForce RTX 5090, 0, 0
2026/07/15 03:20:16.184, 0, NVIDIA GeForce RTX 5090, 3085, 99
2026/07/15 03:20:16.188, 1, NVIDIA GeForce RTX 5090, 0, 0
2026/07/15 03:20:16.197, 2, NVIDIA GeForce RTX 5090, 0, 0
2026/07/15 03:20:16.204, 3, NVIDIA GeForce RTX 5090, 0, 0
2026/07/15 03:20:16.212, 4, NVIDIA GeForce RTX 5090, 0, 0
2026/07/15 03:20:18.351, 0, NVIDIA GeForce RTX 5090, 3085, 99
2026/07/15 03:20:18.356, 1, NVIDIA GeForce RTX 5090, 0, 0
2026/07/15 03:20:18.371, 2, NVIDIA GeForce RTX 5090, 0, 0
2026/07/15 03:20:18.379, 3, NVIDIA GeForce RTX 5090, 0, 0
2026/07/15 03:20:18.386, 4, NVIDIA GeForce RTX 5090, 0, 0
2026/07/15 03:20:20.525, 0, NVIDIA GeForce RTX 5090, 3085, 98
2026/07/15 03:20:20.530, 1, NVIDIA GeForce RTX 5090, 0, 0
2026/07/15 03:20:20.538, 2, NVIDIA GeForce RTX 5090, 0, 0
2026/07/15 03:20:20.546, 3, NVIDIA GeForce RTX 5090, 0, 0
2026/07/15 03:20:20.553, 4, NVIDIA GeForce RTX 5090, 0, 0
2026/07/15 03:20:22.706, 0, NVIDIA GeForce RTX 5090, 3085, 99
2026/07/15 03:20:22.712, 1, NVIDIA GeForce RTX 5090, 0, 0
2026/07/15 03:20:22.720, 2, NVIDIA GeForce RTX 5090, 0, 0
2026/07/15 03:20:22.727, 3, NVIDIA GeForce RTX 5090, 0, 0
2026/07/15 03:20:22.734, 4, NVIDIA GeForce RTX 5090, 0, 0
2026/07/15 03:20:24.874, 0, NVIDIA GeForce RTX 5090, 3085, 98
2026/07/15 03:20:24.879, 1, NVIDIA GeForce RTX 5090, 0, 0
2026/07/15 03:20:24.888, 2, NVIDIA GeForce RTX 5090, 0, 0
2026/07/15 03:20:24.895, 3, NVIDIA GeForce RTX 5090, 0, 0
2026/07/15 03:20:24.903, 4, NVIDIA GeForce RTX 5090, 0, 0
2026/07/15 03:20:27.040, 0, NVIDIA GeForce RTX 5090, 3085, 99
2026/07/15 03:20:27.045, 1, NVIDIA GeForce RTX 5090, 0, 0
2026/07/15 03:20:27.054, 2, NVIDIA GeForce RTX 5090, 0, 0
2026/07/15 03:20:27.062, 3, NVIDIA GeForce RTX 5090, 0, 0
2026/07/15 03:20:27.069, 4, NVIDIA GeForce RTX 5090, 0, 0
2026/07/15 03:20:29.209, 0, NVIDIA GeForce RTX 5090, 3085, 99
2026/07/15 03:20:29.216, 1, NVIDIA GeForce RTX 5090, 0, 0
2026/07/15 03:20:29.226, 2, NVIDIA GeForce RTX 5090, 0, 0
2026/07/15 03:20:29.234, 3, NVIDIA GeForce RTX 5090, 0, 0
2026/07/15 03:20:29.241, 4, NVIDIA GeForce RTX 5090, 0, 0
2026/07/15 03:20:31.377, 0, NVIDIA GeForce RTX 5090, 3085, 99
2026/07/15 03:20:31.382, 1, NVIDIA GeForce RTX 5090, 0, 0
2026/07/15 03:20:31.390, 2, NVIDIA GeForce RTX 5090, 0, 0
2026/07/15 03:20:31.398, 3, NVIDIA GeForce RTX 5090, 0, 0
2026/07/15 03:20:31.405, 4, NVIDIA GeForce RTX 5090, 0, 0
2026/07/15 03:20:33.572, 0, NVIDIA GeForce RTX 5090, 3085, 99
2026/07/15 03:20:33.577, 1, NVIDIA GeForce RTX 5090, 0, 0
2026/07/15 03:20:33.585, 2, NVIDIA GeForce RTX 5090, 0, 0
2026/07/15 03:20:33.593, 3, NVIDIA GeForce RTX 5090, 0, 0
2026/07/15 03:20:33.604, 4, NVIDIA GeForce RTX 5090, 0, 0
2026/07/15 03:20:35.759, 0, NVIDIA GeForce RTX 5090, 3085, 99
2026/07/15 03:20:35.765, 1, NVIDIA GeForce RTX 5090, 0, 0
2026/07/15 03:20:35.773, 2, NVIDIA GeForce RTX 5090, 0, 0
2026/07/15 03:20:35.781, 3, NVIDIA GeForce RTX 5090, 0, 0
2026/07/15 03:20:35.788, 4, NVIDIA GeForce RTX 5090, 0, 0
2026/07/15 03:20:37.922, 0, NVIDIA GeForce RTX 5090, 3085, 99
2026/07/15 03:20:37.926, 1, NVIDIA GeForce RTX 5090, 0, 0
2026/07/15 03:20:37.935, 2, NVIDIA GeForce RTX 5090, 0, 0
2026/07/15 03:20:37.943, 3, NVIDIA GeForce RTX 5090, 0, 0
2026/07/15 03:20:37.950, 4, NVIDIA GeForce RTX 5090, 0, 0
2026/07/15 03:20:40.083, 0, NVIDIA GeForce RTX 5090, 3085, 98
2026/07/15 03:20:40.087, 1, NVIDIA GeForce RTX 5090, 0, 0
2026/07/15 03:20:40.095, 2, NVIDIA GeForce RTX 5090, 0, 0
2026/07/15 03:20:40.103, 3, NVIDIA GeForce RTX 5090, 0, 0
2026/07/15 03:20:40.118, 4, NVIDIA GeForce RTX 5090, 0, 0
2026/07/15 03:20:42.276, 0, NVIDIA GeForce RTX 5090, 3085, 99
2026/07/15 03:20:42.283, 1, NVIDIA GeForce RTX 5090, 0, 0
2026/07/15 03:20:42.292, 2, NVIDIA GeForce RTX 5090, 0, 0
2026/07/15 03:20:42.300, 3, NVIDIA GeForce RTX 5090, 0, 0
2026/07/15 03:20:42.307, 4, NVIDIA GeForce RTX 5090, 0, 0
2026/07/15 03:20:44.446, 0, NVIDIA GeForce RTX 5090, 3085, 99
2026/07/15 03:20:44.452, 1, NVIDIA GeForce RTX 5090, 0, 0
2026/07/15 03:20:44.459, 2, NVIDIA GeForce RTX 5090, 0, 0
2026/07/15 03:20:44.467, 3, NVIDIA GeForce RTX 5090, 0, 0
2026/07/15 03:20:44.474, 4, NVIDIA GeForce RTX 5090, 0, 0
2026/07/15 03:20:46.612, 0, NVIDIA GeForce RTX 5090, 3085, 99
2026/07/15 03:20:46.617, 1, NVIDIA GeForce RTX 5090, 0, 0
2026/07/15 03:20:46.625, 2, NVIDIA GeForce RTX 5090, 0, 0
2026/07/15 03:20:46.633, 3, NVIDIA GeForce RTX 5090, 0, 0
2026/07/15 03:20:46.640, 4, NVIDIA GeForce RTX 5090, 0, 0
2026/07/15 03:20:48.779, 0, NVIDIA GeForce RTX 5090, 3085, 6
2026/07/15 03:20:48.783, 1, NVIDIA GeForce RTX 5090, 0, 0
2026/07/15 03:20:48.791, 2, NVIDIA GeForce RTX 5090, 0, 0
2026/07/15 03:20:48.799, 3, NVIDIA GeForce RTX 5090, 0, 0
2026/07/15 03:20:48.806, 4, NVIDIA GeForce RTX 5090, 0, 0
2026/07/15 03:20:50.962, 0, NVIDIA GeForce RTX 5090, 3085, 99
2026/07/15 03:20:50.968, 1, NVIDIA GeForce RTX 5090, 0, 0
2026/07/15 03:20:50.976, 2, NVIDIA GeForce RTX 5090, 0, 0
2026/07/15 03:20:50.984, 3, NVIDIA GeForce RTX 5090, 0, 0
2026/07/15 03:20:50.992, 4, NVIDIA GeForce RTX 5090, 0, 0
2026/07/15 03:20:53.147, 0, NVIDIA GeForce RTX 5090, 3085, 98
2026/07/15 03:20:53.152, 1, NVIDIA GeForce RTX 5090, 0, 0
2026/07/15 03:20:53.161, 2, NVIDIA GeForce RTX 5090, 0, 0
2026/07/15 03:20:53.168, 3, NVIDIA GeForce RTX 5090, 0, 0
2026/07/15 03:20:53.176, 4, NVIDIA GeForce RTX 5090, 0, 0
2026/07/15 03:20:55.313, 0, NVIDIA GeForce RTX 5090, 3085, 99
2026/07/15 03:20:55.319, 1, NVIDIA GeForce RTX 5090, 0, 0
2026/07/15 03:20:55.327, 2, NVIDIA GeForce RTX 5090, 0, 0
2026/07/15 03:20:55.335, 3, NVIDIA GeForce RTX 5090, 0, 0
2026/07/15 03:20:55.342, 4, NVIDIA GeForce RTX 5090, 0, 0
2026/07/15 03:20:57.483, 0, NVIDIA GeForce RTX 5090, 3085, 99
2026/07/15 03:20:57.488, 1, NVIDIA GeForce RTX 5090, 0, 0
2026/07/15 03:20:57.495, 2, NVIDIA GeForce RTX 5090, 0, 0
2026/07/15 03:20:57.502, 3, NVIDIA GeForce RTX 5090, 0, 0
2026/07/15 03:20:57.510, 4, NVIDIA GeForce RTX 5090, 0, 0
2026/07/15 03:20:59.667, 0, NVIDIA GeForce RTX 5090, 3085, 99
2026/07/15 03:20:59.673, 1, NVIDIA GeForce RTX 5090, 0, 0
2026/07/15 03:20:59.682, 2, NVIDIA GeForce RTX 5090, 0, 0
2026/07/15 03:20:59.689, 3, NVIDIA GeForce RTX 5090, 0, 0
2026/07/15 03:20:59.697, 4, NVIDIA GeForce RTX 5090, 0, 0
2026/07/15 03:21:01.850, 0, NVIDIA GeForce RTX 5090, 3085, 99
2026/07/15 03:21:01.855, 1, NVIDIA GeForce RTX 5090, 0, 0
2026/07/15 03:21:01.863, 2, NVIDIA GeForce RTX 5090, 0, 0
2026/07/15 03:21:01.871, 3, NVIDIA GeForce RTX 5090, 0, 0
2026/07/15 03:21:01.879, 4, NVIDIA GeForce RTX 5090, 0, 0
2026/07/15 03:21:04.017, 0, NVIDIA GeForce RTX 5090, 3085, 99
2026/07/15 03:21:04.022, 1, NVIDIA GeForce RTX 5090, 0, 0
2026/07/15 03:21:04.030, 2, NVIDIA GeForce RTX 5090, 0, 0
2026/07/15 03:21:04.038, 3, NVIDIA GeForce RTX 5090, 0, 0
2026/07/15 03:21:04.045, 4, NVIDIA GeForce RTX 5090, 0, 0
2026/07/15 03:21:06.185, 0, NVIDIA GeForce RTX 5090, 3085, 99
2026/07/15 03:21:06.192, 1, NVIDIA GeForce RTX 5090, 0, 0
2026/07/15 03:21:06.200, 2, NVIDIA GeForce RTX 5090, 0, 0
2026/07/15 03:21:06.207, 3, NVIDIA GeForce RTX 5090, 0, 0
2026/07/15 03:21:06.215, 4, NVIDIA GeForce RTX 5090, 0, 0
2026/07/15 03:21:08.348, 0, NVIDIA GeForce RTX 5090, 3085, 99
2026/07/15 03:21:08.352, 1, NVIDIA GeForce RTX 5090, 0, 0
2026/07/15 03:21:08.360, 2, NVIDIA GeForce RTX 5090, 0, 0
2026/07/15 03:21:08.368, 3, NVIDIA GeForce RTX 5090, 0, 0
2026/07/15 03:21:08.375, 4, NVIDIA GeForce RTX 5090, 0, 0
2026/07/15 03:21:10.516, 0, NVIDIA GeForce RTX 5090, 3085, 98
2026/07/15 03:21:10.521, 1, NVIDIA GeForce RTX 5090, 0, 0
2026/07/15 03:21:10.530, 2, NVIDIA GeForce RTX 5090, 0, 0
2026/07/15 03:21:10.537, 3, NVIDIA GeForce RTX 5090, 0, 0
2026/07/15 03:21:10.545, 4, NVIDIA GeForce RTX 5090, 0, 0
2026/07/15 03:21:12.689, 0, NVIDIA GeForce RTX 5090, 3085, 99
2026/07/15 03:21:12.696, 1, NVIDIA GeForce RTX 5090, 0, 0
2026/07/15 03:21:12.704, 2, NVIDIA GeForce RTX 5090, 0, 0
2026/07/15 03:21:12.711, 3, NVIDIA GeForce RTX 5090, 0, 0
2026/07/15 03:21:12.719, 4, NVIDIA GeForce RTX 5090, 0, 0
2026/07/15 03:21:14.857, 0, NVIDIA GeForce RTX 5090, 3085, 99
2026/07/15 03:21:14.862, 1, NVIDIA GeForce RTX 5090, 0, 0
2026/07/15 03:21:14.870, 2, NVIDIA GeForce RTX 5090, 0, 0
2026/07/15 03:21:14.878, 3, NVIDIA GeForce RTX 5090, 0, 0
2026/07/15 03:21:14.885, 4, NVIDIA GeForce RTX 5090, 0, 0
2026/07/15 03:21:17.019, 0, NVIDIA GeForce RTX 5090, 3085, 98
2026/07/15 03:21:17.024, 1, NVIDIA GeForce RTX 5090, 0, 0
2026/07/15 03:21:17.033, 2, NVIDIA GeForce RTX 5090, 0, 0
2026/07/15 03:21:17.041, 3, NVIDIA GeForce RTX 5090, 0, 0
2026/07/15 03:21:17.048, 4, NVIDIA GeForce RTX 5090, 0, 0
2026/07/15 03:21:19.194, 0, NVIDIA GeForce RTX 5090, 3085, 99
2026/07/15 03:21:19.199, 1, NVIDIA GeForce RTX 5090, 0, 0
2026/07/15 03:21:19.207, 2, NVIDIA GeForce RTX 5090, 0, 0
2026/07/15 03:21:19.215, 3, NVIDIA GeForce RTX 5090, 0, 0
2026/07/15 03:21:19.222, 4, NVIDIA GeForce RTX 5090, 0, 0
2026/07/15 03:21:21.355, 0, NVIDIA GeForce RTX 5090, 3085, 99
2026/07/15 03:21:21.362, 1, NVIDIA GeForce RTX 5090, 0, 0
2026/07/15 03:21:21.370, 2, NVIDIA GeForce RTX 5090, 0, 0
2026/07/15 03:21:21.378, 3, NVIDIA GeForce RTX 5090, 0, 0
2026/07/15 03:21:21.385, 4, NVIDIA GeForce RTX 5090, 0, 0
2026/07/15 03:21:23.521, 0, NVIDIA GeForce RTX 5090, 3085, 99
2026/07/15 03:21:23.526, 1, NVIDIA GeForce RTX 5090, 0, 0
2026/07/15 03:21:23.535, 2, NVIDIA GeForce RTX 5090, 0, 0
2026/07/15 03:21:23.542, 3, NVIDIA GeForce RTX 5090, 0, 0
2026/07/15 03:21:23.550, 4, NVIDIA GeForce RTX 5090, 0, 0
2026/07/15 03:21:25.685, 0, NVIDIA GeForce RTX 5090, 3085, 99
2026/07/15 03:21:25.691, 1, NVIDIA GeForce RTX 5090, 0, 0
2026/07/15 03:21:25.699, 2, NVIDIA GeForce RTX 5090, 0, 0
2026/07/15 03:21:25.706, 3, NVIDIA GeForce RTX 5090, 0, 0
2026/07/15 03:21:25.714, 4, NVIDIA GeForce RTX 5090, 0, 0
2026/07/15 03:21:27.850, 0, NVIDIA GeForce RTX 5090, 3085, 99
2026/07/15 03:21:27.854, 1, NVIDIA GeForce RTX 5090, 0, 0
2026/07/15 03:21:27.862, 2, NVIDIA GeForce RTX 5090, 0, 0
2026/07/15 03:21:27.877, 3, NVIDIA GeForce RTX 5090, 0, 0
2026/07/15 03:21:27.885, 4, NVIDIA GeForce RTX 5090, 0, 0
2026/07/15 03:21:30.038, 0, NVIDIA GeForce RTX 5090, 3085, 99
2026/07/15 03:21:30.043, 1, NVIDIA GeForce RTX 5090, 0, 0
2026/07/15 03:21:30.051, 2, NVIDIA GeForce RTX 5090, 0, 0
2026/07/15 03:21:30.058, 3, NVIDIA GeForce RTX 5090, 0, 0
2026/07/15 03:21:30.066, 4, NVIDIA GeForce RTX 5090, 0, 0
2026/07/15 03:21:32.227, 0, NVIDIA GeForce RTX 5090, 3085, 98
2026/07/15 03:21:32.233, 1, NVIDIA GeForce RTX 5090, 0, 0
2026/07/15 03:21:32.243, 2, NVIDIA GeForce RTX 5090, 0, 0
2026/07/15 03:21:32.250, 3, NVIDIA GeForce RTX 5090, 0, 0
2026/07/15 03:21:32.257, 4, NVIDIA GeForce RTX 5090, 0, 0
2026/07/15 03:21:34.393, 0, NVIDIA GeForce RTX 5090, 3085, 99
2026/07/15 03:21:34.399, 1, NVIDIA GeForce RTX 5090, 0, 0
2026/07/15 03:21:34.407, 2, NVIDIA GeForce RTX 5090, 0, 0
2026/07/15 03:21:34.415, 3, NVIDIA GeForce RTX 5090, 0, 0
2026/07/15 03:21:34.424, 4, NVIDIA GeForce RTX 5090, 0, 0
2026/07/15 03:21:36.561, 0, NVIDIA GeForce RTX 5090, 3085, 65
2026/07/15 03:21:36.565, 1, NVIDIA GeForce RTX 5090, 0, 0
2026/07/15 03:21:36.573, 2, NVIDIA GeForce RTX 5090, 0, 0
2026/07/15 03:21:36.581, 3, NVIDIA GeForce RTX 5090, 0, 0
2026/07/15 03:21:36.588, 4, NVIDIA GeForce RTX 5090, 0, 0
2026/07/15 03:21:38.726, 0, NVIDIA GeForce RTX 5090, 3085, 99
2026/07/15 03:21:38.731, 1, NVIDIA GeForce RTX 5090, 0, 0
2026/07/15 03:21:38.739, 2, NVIDIA GeForce RTX 5090, 0, 0
2026/07/15 03:21:38.746, 3, NVIDIA GeForce RTX 5090, 0, 0
2026/07/15 03:21:38.754, 4, NVIDIA GeForce RTX 5090, 0, 0
2026/07/15 03:21:40.909, 0, NVIDIA GeForce RTX 5090, 3085, 99
2026/07/15 03:21:40.914, 1, NVIDIA GeForce RTX 5090, 0, 0
2026/07/15 03:21:40.925, 2, NVIDIA GeForce RTX 5090, 0, 0
2026/07/15 03:21:40.933, 3, NVIDIA GeForce RTX 5090, 0, 0
2026/07/15 03:21:40.940, 4, NVIDIA GeForce RTX 5090, 0, 0
2026/07/15 03:21:43.076, 0, NVIDIA GeForce RTX 5090, 3085, 99
2026/07/15 03:21:43.081, 1, NVIDIA GeForce RTX 5090, 0, 0
2026/07/15 03:21:43.089, 2, NVIDIA GeForce RTX 5090, 0, 0
2026/07/15 03:21:43.096, 3, NVIDIA GeForce RTX 5090, 0, 0
2026/07/15 03:21:43.104, 4, NVIDIA GeForce RTX 5090, 0, 0
2026/07/15 03:21:45.243, 0, NVIDIA GeForce RTX 5090, 3085, 99
2026/07/15 03:21:45.248, 1, NVIDIA GeForce RTX 5090, 0, 0
2026/07/15 03:21:45.256, 2, NVIDIA GeForce RTX 5090, 0, 0
2026/07/15 03:21:45.266, 3, NVIDIA GeForce RTX 5090, 0, 0
2026/07/15 03:21:45.273, 4, NVIDIA GeForce RTX 5090, 0, 0
2026/07/15 03:21:47.415, 0, NVIDIA GeForce RTX 5090, 3085, 46
2026/07/15 03:21:47.420, 1, NVIDIA GeForce RTX 5090, 0, 0
2026/07/15 03:21:47.430, 2, NVIDIA GeForce RTX 5090, 0, 0
2026/07/15 03:21:47.438, 3, NVIDIA GeForce RTX 5090, 0, 0
2026/07/15 03:21:47.445, 4, NVIDIA GeForce RTX 5090, 0, 0
2026/07/15 03:21:49.596, 0, NVIDIA GeForce RTX 5090, 3085, 99
2026/07/15 03:21:49.600, 1, NVIDIA GeForce RTX 5090, 0, 0
2026/07/15 03:21:49.608, 2, NVIDIA GeForce RTX 5090, 0, 0
2026/07/15 03:21:49.616, 3, NVIDIA GeForce RTX 5090, 0, 0
2026/07/15 03:21:49.624, 4, NVIDIA GeForce RTX 5090, 0, 0
2026/07/15 03:21:51.763, 0, NVIDIA GeForce RTX 5090, 3085, 99
2026/07/15 03:21:51.768, 1, NVIDIA GeForce RTX 5090, 0, 0
2026/07/15 03:21:51.777, 2, NVIDIA GeForce RTX 5090, 0, 0
2026/07/15 03:21:51.784, 3, NVIDIA GeForce RTX 5090, 0, 0
2026/07/15 03:21:51.792, 4, NVIDIA GeForce RTX 5090, 0, 0
2026/07/15 03:21:53.929, 0, NVIDIA GeForce RTX 5090, 3085, 99
2026/07/15 03:21:53.935, 1, NVIDIA GeForce RTX 5090, 0, 0
2026/07/15 03:21:53.946, 2, NVIDIA GeForce RTX 5090, 0, 0
2026/07/15 03:21:53.953, 3, NVIDIA GeForce RTX 5090, 0, 0
2026/07/15 03:21:53.960, 4, NVIDIA GeForce RTX 5090, 0, 0
2026/07/15 03:21:56.100, 0, NVIDIA GeForce RTX 5090, 3085, 99
2026/07/15 03:21:56.105, 1, NVIDIA GeForce RTX 5090, 0, 0
2026/07/15 03:21:56.114, 2, NVIDIA GeForce RTX 5090, 0, 0
2026/07/15 03:21:56.123, 3, NVIDIA GeForce RTX 5090, 0, 0
2026/07/15 03:21:56.132, 4, NVIDIA GeForce RTX 5090, 0, 0
2026/07/15 03:21:58.270, 0, NVIDIA GeForce RTX 5090, 3085, 99
2026/07/15 03:21:58.276, 1, NVIDIA GeForce RTX 5090, 0, 0
2026/07/15 03:21:58.284, 2, NVIDIA GeForce RTX 5090, 0, 0
2026/07/15 03:21:58.291, 3, NVIDIA GeForce RTX 5090, 0, 0
2026/07/15 03:21:58.299, 4, NVIDIA GeForce RTX 5090, 0, 0
2026/07/15 03:22:00.437, 0, NVIDIA GeForce RTX 5090, 3085, 99
2026/07/15 03:22:00.444, 1, NVIDIA GeForce RTX 5090, 0, 0
2026/07/15 03:22:00.450, 2, NVIDIA GeForce RTX 5090, 0, 0
2026/07/15 03:22:00.457, 3, NVIDIA GeForce RTX 5090, 0, 0
2026/07/15 03:22:00.465, 4, NVIDIA GeForce RTX 5090, 0, 0
2026/07/15 03:22:02.605, 0, NVIDIA GeForce RTX 5090, 3085, 98
2026/07/15 03:22:02.610, 1, NVIDIA GeForce RTX 5090, 0, 0
2026/07/15 03:22:02.619, 2, NVIDIA GeForce RTX 5090, 0, 0
2026/07/15 03:22:02.626, 3, NVIDIA GeForce RTX 5090, 0, 0
2026/07/15 03:22:02.633, 4, NVIDIA GeForce RTX 5090, 0, 0
2026/07/15 03:22:04.773, 0, NVIDIA GeForce RTX 5090, 3085, 99
2026/07/15 03:22:04.777, 1, NVIDIA GeForce RTX 5090, 0, 0
2026/07/15 03:22:04.788, 2, NVIDIA GeForce RTX 5090, 0, 0
2026/07/15 03:22:04.796, 3, NVIDIA GeForce RTX 5090, 0, 0
2026/07/15 03:22:04.803, 4, NVIDIA GeForce RTX 5090, 0, 0
2026/07/15 03:22:06.959, 0, NVIDIA GeForce RTX 5090, 3085, 99
2026/07/15 03:22:06.965, 1, NVIDIA GeForce RTX 5090, 0, 0
2026/07/15 03:22:06.973, 2, NVIDIA GeForce RTX 5090, 0, 0
2026/07/15 03:22:06.981, 3, NVIDIA GeForce RTX 5090, 0, 0
2026/07/15 03:22:06.990, 4, NVIDIA GeForce RTX 5090, 0, 0
2026/07/15 03:22:09.145, 0, NVIDIA GeForce RTX 5090, 3085, 99
2026/07/15 03:22:09.149, 1, NVIDIA GeForce RTX 5090, 0, 0
2026/07/15 03:22:09.157, 2, NVIDIA GeForce RTX 5090, 0, 0
2026/07/15 03:22:09.165, 3, NVIDIA GeForce RTX 5090, 0, 0
2026/07/15 03:22:09.172, 4, NVIDIA GeForce RTX 5090, 0, 0
2026/07/15 03:22:11.311, 0, NVIDIA GeForce RTX 5090, 3085, 98
2026/07/15 03:22:11.316, 1, NVIDIA GeForce RTX 5090, 0, 0
2026/07/15 03:22:11.325, 2, NVIDIA GeForce RTX 5090, 0, 0
2026/07/15 03:22:11.332, 3, NVIDIA GeForce RTX 5090, 0, 0
2026/07/15 03:22:11.340, 4, NVIDIA GeForce RTX 5090, 0, 0
2026/07/15 03:22:13.496, 0, NVIDIA GeForce RTX 5090, 3085, 99
2026/07/15 03:22:13.500, 1, NVIDIA GeForce RTX 5090, 0, 0
2026/07/15 03:22:13.508, 2, NVIDIA GeForce RTX 5090, 0, 0
2026/07/15 03:22:13.517, 3, NVIDIA GeForce RTX 5090, 0, 0
2026/07/15 03:22:13.525, 4, NVIDIA GeForce RTX 5090, 0, 0
2026/07/15 03:22:15.663, 0, NVIDIA GeForce RTX 5090, 3085, 98
2026/07/15 03:22:15.667, 1, NVIDIA GeForce RTX 5090, 0, 0
2026/07/15 03:22:15.675, 2, NVIDIA GeForce RTX 5090, 0, 0
2026/07/15 03:22:15.683, 3, NVIDIA GeForce RTX 5090, 0, 0
2026/07/15 03:22:15.695, 4, NVIDIA GeForce RTX 5090, 0, 0
2026/07/15 03:22:17.833, 0, NVIDIA GeForce RTX 5090, 3085, 99
2026/07/15 03:22:17.837, 1, NVIDIA GeForce RTX 5090, 0, 0
2026/07/15 03:22:17.844, 2, NVIDIA GeForce RTX 5090, 0, 0
2026/07/15 03:22:17.852, 3, NVIDIA GeForce RTX 5090, 0, 0
2026/07/15 03:22:17.860, 4, NVIDIA GeForce RTX 5090, 0, 0
2026/07/15 03:22:19.999, 0, NVIDIA GeForce RTX 5090, 3085, 5
2026/07/15 03:22:20.004, 1, NVIDIA GeForce RTX 5090, 0, 0
2026/07/15 03:22:20.012, 2, NVIDIA GeForce RTX 5090, 0, 0
2026/07/15 03:22:20.019, 3, NVIDIA GeForce RTX 5090, 0, 0
2026/07/15 03:22:20.027, 4, NVIDIA GeForce RTX 5090, 0, 0
2026/07/15 03:22:22.163, 0, NVIDIA GeForce RTX 5090, 3085, 99
2026/07/15 03:22:22.170, 1, NVIDIA GeForce RTX 5090, 0, 0
2026/07/15 03:22:22.178, 2, NVIDIA GeForce RTX 5090, 0, 0
2026/07/15 03:22:22.185, 3, NVIDIA GeForce RTX 5090, 0, 0
2026/07/15 03:22:22.200, 4, NVIDIA GeForce RTX 5090, 0, 0
2026/07/15 03:22:24.339, 0, NVIDIA GeForce RTX 5090, 3085, 99
2026/07/15 03:22:24.344, 1, NVIDIA GeForce RTX 5090, 0, 0
2026/07/15 03:22:24.352, 2, NVIDIA GeForce RTX 5090, 0, 0
2026/07/15 03:22:24.359, 3, NVIDIA GeForce RTX 5090, 0, 0
2026/07/15 03:22:24.367, 4, NVIDIA GeForce RTX 5090, 0, 0
2026/07/15 03:22:26.509, 0, NVIDIA GeForce RTX 5090, 3085, 99
2026/07/15 03:22:26.514, 1, NVIDIA GeForce RTX 5090, 0, 0
2026/07/15 03:22:26.521, 2, NVIDIA GeForce RTX 5090, 0, 0
2026/07/15 03:22:26.529, 3, NVIDIA GeForce RTX 5090, 0, 0
2026/07/15 03:22:26.536, 4, NVIDIA GeForce RTX 5090, 0, 0
2026/07/15 03:22:28.671, 0, NVIDIA GeForce RTX 5090, 3085, 99
2026/07/15 03:22:28.676, 1, NVIDIA GeForce RTX 5090, 0, 0
2026/07/15 03:22:28.685, 2, NVIDIA GeForce RTX 5090, 0, 0
2026/07/15 03:22:28.693, 3, NVIDIA GeForce RTX 5090, 0, 0
2026/07/15 03:22:28.704, 4, NVIDIA GeForce RTX 5090, 0, 0
2026/07/15 03:22:30.839, 0, NVIDIA GeForce RTX 5090, 3085, 99
2026/07/15 03:22:30.841, 1, NVIDIA GeForce RTX 5090, 0, 0
2026/07/15 03:22:30.849, 2, NVIDIA GeForce RTX 5090, 0, 0
2026/07/15 03:22:30.856, 3, NVIDIA GeForce RTX 5090, 0, 0
2026/07/15 03:22:30.863, 4, NVIDIA GeForce RTX 5090, 0, 0
2026/07/15 03:22:33.017, 0, NVIDIA GeForce RTX 5090, 3085, 99
2026/07/15 03:22:33.021, 1, NVIDIA GeForce RTX 5090, 0, 0
2026/07/15 03:22:33.030, 2, NVIDIA GeForce RTX 5090, 0, 0
2026/07/15 03:22:33.037, 3, NVIDIA GeForce RTX 5090, 0, 0
2026/07/15 03:22:33.045, 4, NVIDIA GeForce RTX 5090, 0, 0
2026/07/15 03:22:35.180, 0, NVIDIA GeForce RTX 5090, 3085, 99
2026/07/15 03:22:35.185, 1, NVIDIA GeForce RTX 5090, 0, 0
2026/07/15 03:22:35.193, 2, NVIDIA GeForce RTX 5090, 0, 0
2026/07/15 03:22:35.200, 3, NVIDIA GeForce RTX 5090, 0, 0
2026/07/15 03:22:35.216, 4, NVIDIA GeForce RTX 5090, 0, 0
2026/07/15 03:22:37.355, 0, NVIDIA GeForce RTX 5090, 3085, 6
2026/07/15 03:22:37.360, 1, NVIDIA GeForce RTX 5090, 0, 0
2026/07/15 03:22:37.369, 2, NVIDIA GeForce RTX 5090, 0, 0
2026/07/15 03:22:37.377, 3, NVIDIA GeForce RTX 5090, 0, 0
2026/07/15 03:22:37.384, 4, NVIDIA GeForce RTX 5090, 0, 0
2026/07/15 03:22:39.515, 0, NVIDIA GeForce RTX 5090, 3085, 99
2026/07/15 03:22:39.519, 1, NVIDIA GeForce RTX 5090, 0, 0
2026/07/15 03:22:39.526, 2, NVIDIA GeForce RTX 5090, 0, 0
2026/07/15 03:22:39.534, 3, NVIDIA GeForce RTX 5090, 0, 0
2026/07/15 03:22:39.541, 4, NVIDIA GeForce RTX 5090, 0, 0
2026/07/15 03:22:41.674, 0, NVIDIA GeForce RTX 5090, 3085, 99
2026/07/15 03:22:41.679, 1, NVIDIA GeForce RTX 5090, 0, 0
2026/07/15 03:22:41.687, 2, NVIDIA GeForce RTX 5090, 0, 0
2026/07/15 03:22:41.694, 3, NVIDIA GeForce RTX 5090, 0, 0
2026/07/15 03:22:41.702, 4, NVIDIA GeForce RTX 5090, 0, 0
2026/07/15 03:22:43.834, 0, NVIDIA GeForce RTX 5090, 3085, 99
2026/07/15 03:22:43.838, 1, NVIDIA GeForce RTX 5090, 0, 0
2026/07/15 03:22:43.847, 2, NVIDIA GeForce RTX 5090, 0, 0
2026/07/15 03:22:43.854, 3, NVIDIA GeForce RTX 5090, 0, 0
2026/07/15 03:22:43.862, 4, NVIDIA GeForce RTX 5090, 0, 0
2026/07/15 03:22:45.993, 0, NVIDIA GeForce RTX 5090, 3085, 98
2026/07/15 03:22:45.999, 1, NVIDIA GeForce RTX 5090, 0, 0
2026/07/15 03:22:46.006, 2, NVIDIA GeForce RTX 5090, 0, 0
2026/07/15 03:22:46.014, 3, NVIDIA GeForce RTX 5090, 0, 0
2026/07/15 03:22:46.021, 4, NVIDIA GeForce RTX 5090, 0, 0
2026/07/15 03:22:48.154, 0, NVIDIA GeForce RTX 5090, 3085, 99
2026/07/15 03:22:48.160, 1, NVIDIA GeForce RTX 5090, 0, 0
2026/07/15 03:22:48.167, 2, NVIDIA GeForce RTX 5090, 0, 0
2026/07/15 03:22:48.175, 3, NVIDIA GeForce RTX 5090, 0, 0
2026/07/15 03:22:48.182, 4, NVIDIA GeForce RTX 5090, 0, 0
2026/07/15 03:22:50.318, 0, NVIDIA GeForce RTX 5090, 3085, 99
2026/07/15 03:22:50.323, 1, NVIDIA GeForce RTX 5090, 0, 0
2026/07/15 03:22:50.330, 2, NVIDIA GeForce RTX 5090, 0, 0
2026/07/15 03:22:50.338, 3, NVIDIA GeForce RTX 5090, 0, 0
2026/07/15 03:22:50.346, 4, NVIDIA GeForce RTX 5090, 0, 0
2026/07/15 03:22:52.494, 0, NVIDIA GeForce RTX 5090, 3085, 99
2026/07/15 03:22:52.500, 1, NVIDIA GeForce RTX 5090, 0, 0
2026/07/15 03:22:52.508, 2, NVIDIA GeForce RTX 5090, 0, 0
2026/07/15 03:22:52.515, 3, NVIDIA GeForce RTX 5090, 0, 0
2026/07/15 03:22:52.524, 4, NVIDIA GeForce RTX 5090, 0, 0
2026/07/15 03:22:54.657, 0, NVIDIA GeForce RTX 5090, 3085, 99
2026/07/15 03:22:54.662, 1, NVIDIA GeForce RTX 5090, 0, 0
2026/07/15 03:22:54.669, 2, NVIDIA GeForce RTX 5090, 0, 0
2026/07/15 03:22:54.676, 3, NVIDIA GeForce RTX 5090, 0, 0
2026/07/15 03:22:54.684, 4, NVIDIA GeForce RTX 5090, 0, 0
2026/07/15 03:22:56.840, 0, NVIDIA GeForce RTX 5090, 3085, 99
2026/07/15 03:22:56.846, 1, NVIDIA GeForce RTX 5090, 0, 0
2026/07/15 03:22:56.854, 2, NVIDIA GeForce RTX 5090, 0, 0
2026/07/15 03:22:56.861, 3, NVIDIA GeForce RTX 5090, 0, 0
2026/07/15 03:22:56.869, 4, NVIDIA GeForce RTX 5090, 0, 0
2026/07/15 03:22:58.999, 0, NVIDIA GeForce RTX 5090, 3085, 99
2026/07/15 03:22:59.001, 1, NVIDIA GeForce RTX 5090, 0, 0
2026/07/15 03:22:59.009, 2, NVIDIA GeForce RTX 5090, 0, 0
2026/07/15 03:22:59.017, 3, NVIDIA GeForce RTX 5090, 0, 0
2026/07/15 03:22:59.024, 4, NVIDIA GeForce RTX 5090, 0, 0
2026/07/15 03:23:01.162, 0, NVIDIA GeForce RTX 5090, 3085, 98
2026/07/15 03:23:01.167, 1, NVIDIA GeForce RTX 5090, 0, 0
2026/07/15 03:23:01.174, 2, NVIDIA GeForce RTX 5090, 0, 0
2026/07/15 03:23:01.182, 3, NVIDIA GeForce RTX 5090, 0, 0
2026/07/15 03:23:01.189, 4, NVIDIA GeForce RTX 5090, 0, 0
2026/07/15 03:23:03.323, 0, NVIDIA GeForce RTX 5090, 3085, 99
2026/07/15 03:23:03.327, 1, NVIDIA GeForce RTX 5090, 0, 0
2026/07/15 03:23:03.335, 2, NVIDIA GeForce RTX 5090, 0, 0
2026/07/15 03:23:03.343, 3, NVIDIA GeForce RTX 5090, 0, 0
2026/07/15 03:23:03.350, 4, NVIDIA GeForce RTX 5090, 0, 0
2026/07/15 03:23:05.527, 0, NVIDIA GeForce RTX 5090, 3085, 29
2026/07/15 03:23:05.533, 1, NVIDIA GeForce RTX 5090, 0, 0
2026/07/15 03:23:05.541, 2, NVIDIA GeForce RTX 5090, 0, 0
2026/07/15 03:23:05.548, 3, NVIDIA GeForce RTX 5090, 0, 0
2026/07/15 03:23:05.556, 4, NVIDIA GeForce RTX 5090, 0, 0
2026/07/15 03:23:07.732, 0, NVIDIA GeForce RTX 5090, 3085, 99
2026/07/15 03:23:07.736, 1, NVIDIA GeForce RTX 5090, 0, 0
2026/07/15 03:23:07.744, 2, NVIDIA GeForce RTX 5090, 0, 0
2026/07/15 03:23:07.752, 3, NVIDIA GeForce RTX 5090, 0, 0
2026/07/15 03:23:07.759, 4, NVIDIA GeForce RTX 5090, 0, 0
2026/07/15 03:23:09.900, 0, NVIDIA GeForce RTX 5090, 3085, 99
2026/07/15 03:23:09.904, 1, NVIDIA GeForce RTX 5090, 0, 0
2026/07/15 03:23:09.912, 2, NVIDIA GeForce RTX 5090, 0, 0
2026/07/15 03:23:09.920, 3, NVIDIA GeForce RTX 5090, 0, 0
2026/07/15 03:23:09.927, 4, NVIDIA GeForce RTX 5090, 0, 0
2026/07/15 03:23:12.099, 0, NVIDIA GeForce RTX 5090, 3085, 99
2026/07/15 03:23:12.105, 1, NVIDIA GeForce RTX 5090, 0, 0
2026/07/15 03:23:12.113, 2, NVIDIA GeForce RTX 5090, 0, 0
2026/07/15 03:23:12.124, 3, NVIDIA GeForce RTX 5090, 0, 0
2026/07/15 03:23:12.132, 4, NVIDIA GeForce RTX 5090, 0, 0
2026/07/15 03:23:14.273, 0, NVIDIA GeForce RTX 5090, 3085, 99
2026/07/15 03:23:14.278, 1, NVIDIA GeForce RTX 5090, 0, 0
2026/07/15 03:23:14.285, 2, NVIDIA GeForce RTX 5090, 0, 0
2026/07/15 03:23:14.293, 3, NVIDIA GeForce RTX 5090, 0, 0
2026/07/15 03:23:14.300, 4, NVIDIA GeForce RTX 5090, 0, 0
2026/07/15 03:23:16.454, 0, NVIDIA GeForce RTX 5090, 3085, 93
2026/07/15 03:23:16.458, 1, NVIDIA GeForce RTX 5090, 0, 0
2026/07/15 03:23:16.465, 2, NVIDIA GeForce RTX 5090, 0, 0
2026/07/15 03:23:16.473, 3, NVIDIA GeForce RTX 5090, 0, 0
2026/07/15 03:23:16.481, 4, NVIDIA GeForce RTX 5090, 0, 0
2026/07/15 03:23:18.619, 0, NVIDIA GeForce RTX 5090, 3085, 99
2026/07/15 03:23:18.624, 1, NVIDIA GeForce RTX 5090, 0, 0
2026/07/15 03:23:18.632, 2, NVIDIA GeForce RTX 5090, 0, 0
2026/07/15 03:23:18.639, 3, NVIDIA GeForce RTX 5090, 0, 0
2026/07/15 03:23:18.647, 4, NVIDIA GeForce RTX 5090, 0, 0
2026/07/15 03:23:20.784, 0, NVIDIA GeForce RTX 5090, 3085, 99
2026/07/15 03:23:20.790, 1, NVIDIA GeForce RTX 5090, 0, 0
2026/07/15 03:23:20.797, 2, NVIDIA GeForce RTX 5090, 0, 0
2026/07/15 03:23:20.805, 3, NVIDIA GeForce RTX 5090, 0, 0
2026/07/15 03:23:20.812, 4, NVIDIA GeForce RTX 5090, 0, 0
2026/07/15 03:23:22.948, 0, NVIDIA GeForce RTX 5090, 3085, 99
2026/07/15 03:23:22.953, 1, NVIDIA GeForce RTX 5090, 0, 0
2026/07/15 03:23:22.962, 2, NVIDIA GeForce RTX 5090, 0, 0
2026/07/15 03:23:22.972, 3, NVIDIA GeForce RTX 5090, 0, 0
2026/07/15 03:23:22.981, 4, NVIDIA GeForce RTX 5090, 0, 0
2026/07/15 03:23:25.135, 0, NVIDIA GeForce RTX 5090, 3085, 99
2026/07/15 03:23:25.141, 1, NVIDIA GeForce RTX 5090, 0, 0
2026/07/15 03:23:25.150, 2, NVIDIA GeForce RTX 5090, 0, 0
2026/07/15 03:23:25.157, 3, NVIDIA GeForce RTX 5090, 0, 0
2026/07/15 03:23:25.165, 4, NVIDIA GeForce RTX 5090, 0, 0
2026/07/15 03:23:27.307, 0, NVIDIA GeForce RTX 5090, 3085, 99
2026/07/15 03:23:27.312, 1, NVIDIA GeForce RTX 5090, 0, 0
2026/07/15 03:23:27.320, 2, NVIDIA GeForce RTX 5090, 0, 0
2026/07/15 03:23:27.328, 3, NVIDIA GeForce RTX 5090, 0, 0
2026/07/15 03:23:27.336, 4, NVIDIA GeForce RTX 5090, 0, 0
2026/07/15 03:23:29.464, 0, NVIDIA GeForce RTX 5090, 3085, 98
2026/07/15 03:23:29.469, 1, NVIDIA GeForce RTX 5090, 0, 0
2026/07/15 03:23:29.476, 2, NVIDIA GeForce RTX 5090, 0, 0
2026/07/15 03:23:29.484, 3, NVIDIA GeForce RTX 5090, 0, 0
2026/07/15 03:23:29.492, 4, NVIDIA GeForce RTX 5090, 0, 0
2026/07/15 03:23:31.632, 0, NVIDIA GeForce RTX 5090, 3085, 99
2026/07/15 03:23:31.638, 1, NVIDIA GeForce RTX 5090, 0, 0
2026/07/15 03:23:31.648, 2, NVIDIA GeForce RTX 5090, 0, 0
2026/07/15 03:23:31.655, 3, NVIDIA GeForce RTX 5090, 0, 0
2026/07/15 03:23:31.663, 4, NVIDIA GeForce RTX 5090, 0, 0
2026/07/15 03:23:33.802, 0, NVIDIA GeForce RTX 5090, 3085, 98
2026/07/15 03:23:33.806, 1, NVIDIA GeForce RTX 5090, 0, 0
2026/07/15 03:23:33.814, 2, NVIDIA GeForce RTX 5090, 0, 0
2026/07/15 03:23:33.823, 3, NVIDIA GeForce RTX 5090, 0, 0
2026/07/15 03:23:33.830, 4, NVIDIA GeForce RTX 5090, 0, 0
2026/07/15 03:23:35.970, 0, NVIDIA GeForce RTX 5090, 3085, 99
2026/07/15 03:23:35.974, 1, NVIDIA GeForce RTX 5090, 0, 0
2026/07/15 03:23:35.982, 2, NVIDIA GeForce RTX 5090, 0, 0
2026/07/15 03:23:35.989, 3, NVIDIA GeForce RTX 5090, 0, 0
2026/07/15 03:23:35.997, 4, NVIDIA GeForce RTX 5090, 0, 0
2026/07/15 03:23:38.128, 0, NVIDIA GeForce RTX 5090, 3085, 99
2026/07/15 03:23:38.130, 1, NVIDIA GeForce RTX 5090, 0, 0
2026/07/15 03:23:38.137, 2, NVIDIA GeForce RTX 5090, 0, 0
2026/07/15 03:23:38.147, 3, NVIDIA GeForce RTX 5090, 0, 0
2026/07/15 03:23:38.156, 4, NVIDIA GeForce RTX 5090, 0, 0
2026/07/15 03:23:40.297, 0, NVIDIA GeForce RTX 5090, 3085, 99
2026/07/15 03:23:40.302, 1, NVIDIA GeForce RTX 5090, 0, 0
2026/07/15 03:23:40.310, 2, NVIDIA GeForce RTX 5090, 0, 0
2026/07/15 03:23:40.317, 3, NVIDIA GeForce RTX 5090, 0, 0
2026/07/15 03:23:40.325, 4, NVIDIA GeForce RTX 5090, 0, 0
2026/07/15 03:23:42.474, 0, NVIDIA GeForce RTX 5090, 3085, 99
2026/07/15 03:23:42.479, 1, NVIDIA GeForce RTX 5090, 0, 0
2026/07/15 03:23:42.487, 2, NVIDIA GeForce RTX 5090, 0, 0
2026/07/15 03:23:42.496, 3, NVIDIA GeForce RTX 5090, 0, 0
2026/07/15 03:23:42.508, 4, NVIDIA GeForce RTX 5090, 0, 0
2026/07/15 03:23:44.669, 0, NVIDIA GeForce RTX 5090, 3085, 38
2026/07/15 03:23:44.672, 1, NVIDIA GeForce RTX 5090, 0, 0
2026/07/15 03:23:44.680, 2, NVIDIA GeForce RTX 5090, 0, 0
2026/07/15 03:23:44.687, 3, NVIDIA GeForce RTX 5090, 0, 0
2026/07/15 03:23:44.696, 4, NVIDIA GeForce RTX 5090, 0, 0
2026/07/15 03:23:46.834, 0, NVIDIA GeForce RTX 5090, 3085, 99
2026/07/15 03:23:46.840, 1, NVIDIA GeForce RTX 5090, 0, 0
2026/07/15 03:23:46.847, 2, NVIDIA GeForce RTX 5090, 0, 0
2026/07/15 03:23:46.855, 3, NVIDIA GeForce RTX 5090, 0, 0
2026/07/15 03:23:46.862, 4, NVIDIA GeForce RTX 5090, 0, 0
2026/07/15 03:23:48.996, 0, NVIDIA GeForce RTX 5090, 3085, 98
2026/07/15 03:23:49.001, 1, NVIDIA GeForce RTX 5090, 0, 0
2026/07/15 03:23:49.009, 2, NVIDIA GeForce RTX 5090, 0, 0
2026/07/15 03:23:49.017, 3, NVIDIA GeForce RTX 5090, 0, 0
2026/07/15 03:23:49.024, 4, NVIDIA GeForce RTX 5090, 0, 0
2026/07/15 03:23:51.165, 0, NVIDIA GeForce RTX 5090, 3085, 99
2026/07/15 03:23:51.172, 1, NVIDIA GeForce RTX 5090, 0, 0
2026/07/15 03:23:51.180, 2, NVIDIA GeForce RTX 5090, 0, 0
2026/07/15 03:23:51.187, 3, NVIDIA GeForce RTX 5090, 0, 0
2026/07/15 03:23:51.195, 4, NVIDIA GeForce RTX 5090, 0, 0
2026/07/15 03:23:53.334, 0, NVIDIA GeForce RTX 5090, 3085, 99
2026/07/15 03:23:53.340, 1, NVIDIA GeForce RTX 5090, 0, 0
2026/07/15 03:23:53.348, 2, NVIDIA GeForce RTX 5090, 0, 0
2026/07/15 03:23:53.355, 3, NVIDIA GeForce RTX 5090, 0, 0
2026/07/15 03:23:53.363, 4, NVIDIA GeForce RTX 5090, 0, 0
2026/07/15 03:23:55.501, 0, NVIDIA GeForce RTX 5090, 3085, 99
2026/07/15 03:23:55.505, 1, NVIDIA GeForce RTX 5090, 0, 0
2026/07/15 03:23:55.513, 2, NVIDIA GeForce RTX 5090, 0, 0
2026/07/15 03:23:55.522, 3, NVIDIA GeForce RTX 5090, 0, 0
2026/07/15 03:23:55.529, 4, NVIDIA GeForce RTX 5090, 0, 0
2026/07/15 03:23:57.686, 0, NVIDIA GeForce RTX 5090, 3085, 99
2026/07/15 03:23:57.689, 1, NVIDIA GeForce RTX 5090, 0, 0
2026/07/15 03:23:57.697, 2, NVIDIA GeForce RTX 5090, 0, 0
2026/07/15 03:23:57.704, 3, NVIDIA GeForce RTX 5090, 0, 0
2026/07/15 03:23:57.712, 4, NVIDIA GeForce RTX 5090, 0, 0
2026/07/15 03:23:59.850, 0, NVIDIA GeForce RTX 5090, 3085, 99
2026/07/15 03:23:59.855, 1, NVIDIA GeForce RTX 5090, 0, 0
2026/07/15 03:23:59.863, 2, NVIDIA GeForce RTX 5090, 0, 0
2026/07/15 03:23:59.870, 3, NVIDIA GeForce RTX 5090, 0, 0
2026/07/15 03:23:59.878, 4, NVIDIA GeForce RTX 5090, 0, 0
2026/07/15 03:24:02.019, 0, NVIDIA GeForce RTX 5090, 3085, 98
2026/07/15 03:24:02.024, 1, NVIDIA GeForce RTX 5090, 0, 0
2026/07/15 03:24:02.031, 2, NVIDIA GeForce RTX 5090, 0, 0
2026/07/15 03:24:02.039, 3, NVIDIA GeForce RTX 5090, 0, 0
2026/07/15 03:24:02.046, 4, NVIDIA GeForce RTX 5090, 0, 0
2026/07/15 03:24:04.186, 0, NVIDIA GeForce RTX 5090, 3085, 99
2026/07/15 03:24:04.192, 1, NVIDIA GeForce RTX 5090, 0, 0
2026/07/15 03:24:04.199, 2, NVIDIA GeForce RTX 5090, 0, 0
2026/07/15 03:24:04.207, 3, NVIDIA GeForce RTX 5090, 0, 0
2026/07/15 03:24:04.215, 4, NVIDIA GeForce RTX 5090, 0, 0
2026/07/15 03:24:06.350, 0, NVIDIA GeForce RTX 5090, 3085, 99
2026/07/15 03:24:06.354, 1, NVIDIA GeForce RTX 5090, 0, 0
2026/07/15 03:24:06.362, 2, NVIDIA GeForce RTX 5090, 0, 0
2026/07/15 03:24:06.370, 3, NVIDIA GeForce RTX 5090, 0, 0
2026/07/15 03:24:06.377, 4, NVIDIA GeForce RTX 5090, 0, 0
2026/07/15 03:24:08.510, 0, NVIDIA GeForce RTX 5090, 3085, 99
2026/07/15 03:24:08.515, 1, NVIDIA GeForce RTX 5090, 0, 0
2026/07/15 03:24:08.523, 2, NVIDIA GeForce RTX 5090, 0, 0
2026/07/15 03:24:08.531, 3, NVIDIA GeForce RTX 5090, 0, 0
2026/07/15 03:24:08.538, 4, NVIDIA GeForce RTX 5090, 0, 0
2026/07/15 03:24:10.710, 0, NVIDIA GeForce RTX 5090, 3085, 99
2026/07/15 03:24:10.715, 1, NVIDIA GeForce RTX 5090, 0, 0
2026/07/15 03:24:10.723, 2, NVIDIA GeForce RTX 5090, 0, 0
2026/07/15 03:24:10.731, 3, NVIDIA GeForce RTX 5090, 0, 0
2026/07/15 03:24:10.738, 4, NVIDIA GeForce RTX 5090, 0, 0
2026/07/15 03:24:12.889, 0, NVIDIA GeForce RTX 5090, 3085, 99
2026/07/15 03:24:12.895, 1, NVIDIA GeForce RTX 5090, 0, 0
2026/07/15 03:24:12.903, 2, NVIDIA GeForce RTX 5090, 0, 0
2026/07/15 03:24:12.910, 3, NVIDIA GeForce RTX 5090, 0, 0
2026/07/15 03:24:12.917, 4, NVIDIA GeForce RTX 5090, 0, 0
2026/07/15 03:24:15.054, 0, NVIDIA GeForce RTX 5090, 3085, 99
2026/07/15 03:24:15.058, 1, NVIDIA GeForce RTX 5090, 0, 0
2026/07/15 03:24:15.066, 2, NVIDIA GeForce RTX 5090, 0, 0
2026/07/15 03:24:15.074, 3, NVIDIA GeForce RTX 5090, 0, 0
2026/07/15 03:24:15.081, 4, NVIDIA GeForce RTX 5090, 0, 0
2026/07/15 03:24:17.214, 0, NVIDIA GeForce RTX 5090, 3085, 98
2026/07/15 03:24:17.216, 1, NVIDIA GeForce RTX 5090, 0, 0
2026/07/15 03:24:17.225, 2, NVIDIA GeForce RTX 5090, 0, 0
2026/07/15 03:24:17.233, 3, NVIDIA GeForce RTX 5090, 0, 0
2026/07/15 03:24:17.240, 4, NVIDIA GeForce RTX 5090, 0, 0
2026/07/15 03:24:19.379, 0, NVIDIA GeForce RTX 5090, 3085, 99
2026/07/15 03:24:19.384, 1, NVIDIA GeForce RTX 5090, 0, 0
2026/07/15 03:24:19.391, 2, NVIDIA GeForce RTX 5090, 0, 0
2026/07/15 03:24:19.399, 3, NVIDIA GeForce RTX 5090, 0, 0
2026/07/15 03:24:19.406, 4, NVIDIA GeForce RTX 5090, 0, 0
2026/07/15 03:24:21.546, 0, NVIDIA GeForce RTX 5090, 3085, 98
2026/07/15 03:24:21.551, 1, NVIDIA GeForce RTX 5090, 0, 0
2026/07/15 03:24:21.562, 2, NVIDIA GeForce RTX 5090, 0, 0
2026/07/15 03:24:21.571, 3, NVIDIA GeForce RTX 5090, 0, 0
2026/07/15 03:24:21.579, 4, NVIDIA GeForce RTX 5090, 0, 0
2026/07/15 03:24:23.717, 0, NVIDIA GeForce RTX 5090, 3085, 99
2026/07/15 03:24:23.721, 1, NVIDIA GeForce RTX 5090, 0, 0
2026/07/15 03:24:23.730, 2, NVIDIA GeForce RTX 5090, 0, 0
2026/07/15 03:24:23.737, 3, NVIDIA GeForce RTX 5090, 0, 0
2026/07/15 03:24:23.745, 4, NVIDIA GeForce RTX 5090, 0, 0
2026/07/15 03:24:25.881, 0, NVIDIA GeForce RTX 5090, 3085, 5
2026/07/15 03:24:25.887, 1, NVIDIA GeForce RTX 5090, 0, 0
2026/07/15 03:24:25.895, 2, NVIDIA GeForce RTX 5090, 0, 0
2026/07/15 03:24:25.902, 3, NVIDIA GeForce RTX 5090, 0, 0
2026/07/15 03:24:25.911, 4, NVIDIA GeForce RTX 5090, 0, 0
2026/07/15 03:24:28.061, 0, NVIDIA GeForce RTX 5090, 3085, 99
2026/07/15 03:24:28.066, 1, NVIDIA GeForce RTX 5090, 0, 0
2026/07/15 03:24:28.075, 2, NVIDIA GeForce RTX 5090, 0, 0
2026/07/15 03:24:28.082, 3, NVIDIA GeForce RTX 5090, 0, 0
2026/07/15 03:24:28.090, 4, NVIDIA GeForce RTX 5090, 0, 0
2026/07/15 03:24:30.228, 0, NVIDIA GeForce RTX 5090, 3085, 99
2026/07/15 03:24:30.233, 1, NVIDIA GeForce RTX 5090, 0, 0
2026/07/15 03:24:30.240, 2, NVIDIA GeForce RTX 5090, 0, 0
2026/07/15 03:24:30.248, 3, NVIDIA GeForce RTX 5090, 0, 0
2026/07/15 03:24:30.256, 4, NVIDIA GeForce RTX 5090, 0, 0
2026/07/15 03:24:32.388, 0, NVIDIA GeForce RTX 5090, 3085, 99
2026/07/15 03:24:32.394, 1, NVIDIA GeForce RTX 5090, 0, 0
2026/07/15 03:24:32.402, 2, NVIDIA GeForce RTX 5090, 0, 0
2026/07/15 03:24:32.410, 3, NVIDIA GeForce RTX 5090, 0, 0
2026/07/15 03:24:32.417, 4, NVIDIA GeForce RTX 5090, 0, 0
2026/07/15 03:24:34.553, 0, NVIDIA GeForce RTX 5090, 3085, 99
2026/07/15 03:24:34.557, 1, NVIDIA GeForce RTX 5090, 0, 0
2026/07/15 03:24:34.571, 2, NVIDIA GeForce RTX 5090, 0, 0
2026/07/15 03:24:34.579, 3, NVIDIA GeForce RTX 5090, 0, 0
2026/07/15 03:24:34.586, 4, NVIDIA GeForce RTX 5090, 0, 0
2026/07/15 03:24:36.743, 0, NVIDIA GeForce RTX 5090, 3085, 99
2026/07/15 03:24:36.745, 1, NVIDIA GeForce RTX 5090, 0, 0
2026/07/15 03:24:36.753, 2, NVIDIA GeForce RTX 5090, 0, 0
2026/07/15 03:24:36.762, 3, NVIDIA GeForce RTX 5090, 0, 0
2026/07/15 03:24:36.769, 4, NVIDIA GeForce RTX 5090, 0, 0
2026/07/15 03:24:38.904, 0, NVIDIA GeForce RTX 5090, 3085, 99
2026/07/15 03:24:38.909, 1, NVIDIA GeForce RTX 5090, 0, 0
2026/07/15 03:24:38.917, 2, NVIDIA GeForce RTX 5090, 0, 0
2026/07/15 03:24:38.925, 3, NVIDIA GeForce RTX 5090, 0, 0
2026/07/15 03:24:38.932, 4, NVIDIA GeForce RTX 5090, 0, 0
2026/07/15 03:24:41.085, 0, NVIDIA GeForce RTX 5090, 3085, 11
2026/07/15 03:24:41.087, 1, NVIDIA GeForce RTX 5090, 0, 0
2026/07/15 03:24:41.095, 2, NVIDIA GeForce RTX 5090, 0, 0
2026/07/15 03:24:41.102, 3, NVIDIA GeForce RTX 5090, 0, 0
2026/07/15 03:24:41.110, 4, NVIDIA GeForce RTX 5090, 0, 0
2026/07/15 03:24:43.243, 0, NVIDIA GeForce RTX 5090, 3085, 0
2026/07/15 03:24:43.245, 1, NVIDIA GeForce RTX 5090, 0, 0
2026/07/15 03:24:43.254, 2, NVIDIA GeForce RTX 5090, 0, 0
2026/07/15 03:24:43.262, 3, NVIDIA GeForce RTX 5090, 0, 0
2026/07/15 03:24:43.269, 4, NVIDIA GeForce RTX 5090, 0, 0
2026/07/15 03:24:45.425, 0, NVIDIA GeForce RTX 5090, 3085, 0
2026/07/15 03:24:45.428, 1, NVIDIA GeForce RTX 5090, 0, 0
2026/07/15 03:24:45.435, 2, NVIDIA GeForce RTX 5090, 0, 0
2026/07/15 03:24:45.443, 3, NVIDIA GeForce RTX 5090, 0, 0
2026/07/15 03:24:45.450, 4, NVIDIA GeForce RTX 5090, 0, 0
2026/07/15 03:24:47.585, 0, NVIDIA GeForce RTX 5090, 3085, 0
2026/07/15 03:24:47.588, 1, NVIDIA GeForce RTX 5090, 0, 0
2026/07/15 03:24:47.596, 2, NVIDIA GeForce RTX 5090, 0, 0
2026/07/15 03:24:47.606, 3, NVIDIA GeForce RTX 5090, 0, 0
2026/07/15 03:24:47.613, 4, NVIDIA GeForce RTX 5090, 0, 0
2026/07/15 03:24:49.753, 0, NVIDIA GeForce RTX 5090, 0, 0
2026/07/15 03:24:49.756, 1, NVIDIA GeForce RTX 5090, 0, 0
2026/07/15 03:24:49.764, 2, NVIDIA GeForce RTX 5090, 0, 0
2026/07/15 03:24:49.772, 3, NVIDIA GeForce RTX 5090, 0, 0
2026/07/15 03:24:49.779, 4, NVIDIA GeForce RTX 5090, 0, 0
2026/07/15 03:24:51.927, 0, NVIDIA GeForce RTX 5090, 0, 0
2026/07/15 03:24:51.941, 1, NVIDIA GeForce RTX 5090, 0, 0
2026/07/15 03:24:51.949, 2, NVIDIA GeForce RTX 5090, 0, 0
2026/07/15 03:24:51.957, 3, NVIDIA GeForce RTX 5090, 0, 0
2026/07/15 03:24:51.964, 4, NVIDIA GeForce RTX 5090, 0, 0
2026/07/15 03:24:54.106, 0, NVIDIA GeForce RTX 5090, 0, 0
2026/07/15 03:24:54.110, 1, NVIDIA GeForce RTX 5090, 0, 0
2026/07/15 03:24:54.119, 2, NVIDIA GeForce RTX 5090, 0, 0
2026/07/15 03:24:54.127, 3, NVIDIA GeForce RTX 5090, 0, 0
2026/07/15 03:24:54.134, 4, NVIDIA GeForce RTX 5090, 0, 0
