index	prediction
0	label_1
1	label_0
2	label_2
3	label_2
4	label_0
5	label_0
6	label_2
7	label_0
8	label_2
9	label_0
10	label_1
11	label_0
12	label_1
13	label_1
14	label_1
15	label_2
16	label_1
17	label_2
18	label_0
19	label_2
20	label_0
21	label_1
22	label_2
23	label_0
24	label_1
25	label_1
26	label_1
27	label_0
28	label_2
29	label_1
30	label_2
31	label_0
32	label_2
33	label_0
34	label_2
35	label_1
36	label_1
37	label_2
38	label_2
39	label_0
40	label_0
41	label_2
42	label_1
43	label_0
44	label_2
45	label_1
46	label_0
47	label_1
48	label_1
49	label_1
50	label_2
51	label_1
52	label_1
53	label_2
54	label_0
55	label_2
56	label_0
57	label_1
58	label_2
59	label_2
60	label_0
61	label_2
62	label_0
63	label_2
64	label_0
65	label_1
66	label_0
67	label_2
68	label_1
69	label_2
70	label_2
71	label_1
72	label_1
73	label_1
74	label_1
75	label_0
76	label_0
77	label_0
78	label_2
79	label_2
80	label_0
81	label_0
82	label_1
83	label_0
84	label_0
85	label_0
86	label_0
87	label_0
88	label_0
89	label_1
90	label_0
91	label_2
92	label_1
93	label_2
94	label_0
95	label_1
96	label_0
97	label_2
98	label_0
99	label_0
100	label_1
101	label_1
102	label_0
103	label_0
104	label_1
105	label_2
106	label_1
107	label_2
108	label_0
109	label_0
110	label_1
111	label_2
112	label_2
113	label_2
114	label_1
115	label_0
116	label_0
117	label_0
118	label_2
119	label_2
120	label_1
121	label_1
122	label_1
123	label_0
124	label_1
125	label_0
126	label_2
127	label_2
128	label_1
129	label_0
130	label_2
131	label_1
132	label_0
133	label_0
134	label_2
135	label_0
136	label_2
137	label_0
138	label_0
139	label_0
140	label_0
141	label_0
142	label_1
143	label_1
144	label_0
145	label_1
146	label_1
147	label_2
148	label_1
149	label_2
150	label_0
151	label_2
152	label_1
153	label_0
154	label_2
155	label_0
156	label_1
157	label_2
158	label_1
159	label_2
160	label_0
161	label_0
162	label_0
163	label_1
164	label_0
165	label_0
166	label_2
167	label_0
168	label_1
169	label_1
170	label_0
171	label_2
172	label_2
173	label_2
174	label_2
175	label_2
176	label_0
177	label_1
178	label_0
179	label_2
180	label_2
181	label_0
182	label_0
183	label_1
184	label_0
185	label_2
186	label_0
187	label_1
188	label_0
189	label_2
190	label_1
191	label_2
192	label_2
193	label_2
194	label_2
195	label_1
196	label_2
197	label_2
198	label_2
199	label_2
200	label_0
201	label_1
202	label_1
203	label_1
204	label_1
205	label_0
206	label_0
207	label_0
208	label_2
209	label_1
210	label_1
211	label_2
212	label_0
213	label_1
214	label_2
215	label_1
216	label_1
217	label_2
218	label_2
219	label_0
220	label_0
221	label_2
222	label_2
223	label_0
224	label_0
225	label_1
226	label_2
227	label_0
228	label_0
229	label_1
230	label_2
231	label_2
232	label_2
233	label_1
234	label_1
235	label_1
236	label_2
237	label_2
238	label_0
239	label_0
240	label_1
241	label_0
242	label_2
243	label_2
244	label_1
245	label_2
246	label_1
247	label_1
248	label_0
249	label_2
250	label_2
251	label_0
252	label_0
253	label_2
254	label_1
255	label_1
256	label_2
257	label_2
258	label_1
259	label_0
260	label_2
261	label_1
262	label_2
263	label_0
264	label_1
265	label_0
266	label_1
267	label_0
268	label_1
269	label_0
270	label_1
271	label_0
272	label_0
273	label_2
274	label_2
275	label_2
276	label_0
277	label_2
278	label_0
279	label_1
280	label_2
281	label_1
282	label_0
283	label_2
284	label_0
285	label_1
286	label_0
287	label_2
288	label_2
289	label_2
290	label_0
291	label_2
292	label_2
293	label_0
294	label_1
295	label_2
296	label_0
297	label_1
298	label_2
299	label_1
300	label_2
301	label_2
302	label_0
303	label_0
304	label_1
305	label_0
306	label_2
307	label_2
308	label_1
309	label_2
310	label_0
311	label_2
312	label_1
313	label_1
314	label_2
315	label_0
316	label_2
317	label_1
318	label_1
319	label_1
320	label_0
321	label_1
322	label_0
323	label_1
324	label_2
325	label_1
326	label_0
327	label_2
328	label_0
329	label_1
330	label_1
331	label_0
332	label_1
333	label_2
334	label_0
335	label_0
336	label_2
337	label_1
338	label_0
339	label_2
340	label_0
341	label_0
342	label_0
343	label_0
344	label_2
345	label_0
346	label_2
347	label_1
348	label_0
349	label_1
350	label_1
351	label_1
352	label_2
353	label_0
354	label_0
355	label_1
356	label_1
357	label_2
358	label_1
359	label_0
360	label_1
361	label_1
362	label_2
363	label_0
364	label_0
365	label_2
366	label_0
367	label_1
368	label_1
369	label_2
370	label_1
371	label_0
372	label_0
373	label_0
374	label_2
375	label_2
376	label_1
377	label_2
378	label_2
379	label_1
380	label_0
381	label_0
382	label_2
383	label_0
384	label_0
385	label_2
386	label_1
387	label_0
388	label_2
389	label_2
390	label_2
391	label_1
392	label_0
393	label_2
394	label_0
395	label_2
396	label_1
397	label_0
398	label_1
399	label_1
400	label_2
401	label_0
402	label_1
403	label_1
404	label_0
405	label_0
406	label_1
407	label_2
408	label_2
409	label_1
410	label_2
411	label_0
412	label_1
413	label_1
414	label_2
415	label_1
416	label_2
417	label_1
418	label_1
419	label_1
420	label_2
421	label_0
422	label_2
423	label_0
424	label_0
425	label_0
426	label_2
427	label_2
428	label_2
429	label_0
430	label_1
431	label_0
432	label_1
433	label_0
434	label_1
435	label_2
436	label_0
437	label_0
438	label_2
439	label_2
440	label_2
441	label_1
442	label_2
443	label_2
444	label_0
445	label_0
446	label_1
447	label_2
448	label_2
449	label_0
450	label_1
451	label_1
452	label_1
453	label_0
454	label_0
455	label_0
456	label_0
457	label_1
458	label_2
459	label_1
460	label_2
461	label_0
462	label_2
463	label_0
464	label_2
465	label_0
466	label_1
467	label_0
468	label_2
469	label_1
470	label_1
471	label_2
472	label_2
473	label_0
474	label_0
475	label_1
476	label_2
477	label_1
478	label_2
479	label_0
480	label_2
481	label_2
482	label_0
483	label_2
484	label_2
485	label_0
486	label_1
487	label_0
488	label_2
489	label_1
490	label_2
491	label_1
492	label_0
493	label_1
494	label_0
495	label_2
496	label_2
497	label_1
498	label_1
499	label_0
500	label_1
501	label_2
502	label_2
503	label_2
504	label_0
505	label_2
506	label_0
507	label_1
508	label_2
509	label_0
510	label_1
511	label_0
512	label_2
513	label_1
514	label_0
515	label_1
516	label_0
517	label_0
518	label_2
519	label_2
520	label_2
521	label_1
522	label_0
523	label_1
524	label_0
525	label_0
526	label_1
527	label_2
528	label_0
529	label_1
530	label_2
531	label_2
532	label_0
533	label_2
534	label_0
535	label_0
536	label_2
537	label_2
538	label_0
539	label_1
540	label_1
541	label_0
542	label_1
543	label_2
544	label_2
545	label_2
546	label_2
547	label_0
548	label_1
549	label_0
550	label_2
551	label_0
552	label_0
553	label_2
554	label_2
555	label_0
556	label_2
557	label_1
558	label_1
559	label_0
560	label_1
561	label_0
562	label_0
563	label_0
564	label_0
565	label_2
566	label_0
567	label_0
568	label_1
569	label_0
570	label_0
571	label_2
572	label_1
573	label_0
574	label_0
575	label_1
576	label_1
577	label_1
578	label_1
579	label_1
580	label_1
581	label_0
582	label_2
583	label_2
584	label_2
585	label_0
586	label_2
587	label_1
588	label_2
589	label_1
590	label_1
591	label_2
592	label_2
593	label_0
594	label_1
595	label_1
596	label_0
597	label_0
598	label_2
599	label_0
600	label_0
601	label_1
602	label_1
603	label_1
604	label_2
605	label_2
606	label_1
607	label_2
608	label_2
609	label_2
610	label_2
611	label_2
612	label_2
613	label_0
614	label_0
615	label_1
616	label_0
617	label_0
618	label_0
619	label_2
620	label_2
621	label_0
622	label_0
623	label_2
624	label_1
625	label_0
626	label_1
627	label_0
628	label_1
629	label_0
630	label_2
631	label_2
632	label_0
633	label_0
634	label_1
635	label_1
636	label_0
637	label_2
638	label_2
639	label_2
640	label_2
641	label_1
642	label_1
643	label_0
644	label_1
645	label_1
646	label_1
647	label_2
648	label_0
649	label_1
650	label_1
651	label_1
652	label_2
653	label_2
654	label_2
655	label_2
656	label_0
657	label_0
658	label_2
659	label_0
660	label_0
661	label_1
662	label_0
663	label_2
664	label_0
665	label_1
666	label_0
667	label_0
668	label_2
669	label_2
670	label_1
671	label_0
672	label_1
673	label_0
674	label_1
675	label_1
676	label_2
677	label_1
678	label_0
679	label_2
680	label_1
681	label_2
682	label_0
683	label_0
684	label_1
685	label_1
686	label_0
687	label_2
688	label_1
689	label_2
690	label_1
691	label_1
692	label_2
693	label_0
694	label_0
695	label_1
696	label_0
697	label_0
698	label_2
699	label_2
700	label_1
701	label_2
702	label_0
703	label_0
704	label_2
705	label_2
706	label_2
707	label_2
708	label_0
709	label_2
710	label_2
711	label_0
712	label_0
713	label_0
714	label_2
715	label_1
716	label_1
717	label_0
718	label_1
719	label_0
720	label_0
721	label_1
722	label_2
723	label_1
724	label_0
725	label_0
726	label_0
727	label_0
728	label_0
729	label_1
730	label_2
731	label_2
732	label_2
733	label_0
734	label_0
735	label_0
736	label_0
737	label_0
738	label_2
739	label_1
740	label_0
741	label_0
742	label_1
743	label_2
744	label_2
745	label_1
746	label_0
747	label_1
748	label_0
749	label_2
750	label_0
751	label_2
752	label_0
753	label_2
754	label_2
755	label_2
756	label_1
757	label_0
758	label_0
759	label_0
760	label_1
761	label_1
762	label_0
763	label_0
764	label_1
765	label_0
766	label_1
767	label_1
768	label_0
769	label_1
770	label_0
771	label_1
772	label_1
773	label_1
774	label_2
775	label_0
776	label_2
777	label_0
778	label_1
779	label_1
780	label_0
781	label_0
782	label_0
783	label_0
784	label_1
785	label_1
786	label_1
787	label_2
788	label_1
789	label_1
790	label_1
791	label_1
792	label_1
793	label_1
794	label_2
795	label_1
796	label_1
797	label_0
798	label_0
799	label_2
800	label_0
801	label_1
802	label_1
803	label_0
804	label_1
805	label_1
806	label_1
807	label_1
808	label_2
809	label_1
810	label_0
811	label_0
812	label_0
813	label_1
814	label_2
815	label_1
816	label_2
817	label_2
818	label_2
819	label_1
820	label_1
821	label_1
822	label_2
823	label_2
824	label_0
825	label_2
826	label_0
827	label_0
828	label_0
829	label_1
830	label_1
831	label_0
832	label_2
833	label_0
834	label_1
835	label_1
836	label_1
837	label_1
838	label_0
839	label_2
840	label_2
841	label_0
842	label_2
843	label_0
844	label_1
845	label_0
846	label_2
847	label_0
848	label_1
849	label_0
850	label_1
851	label_2
852	label_2
853	label_2
854	label_0
855	label_1
856	label_0
857	label_1
858	label_2
859	label_0
860	label_1
861	label_1
862	label_2
863	label_2
864	label_0
865	label_2
866	label_1
867	label_0
868	label_1
869	label_1
870	label_2
871	label_0
872	label_2
873	label_0
874	label_2
875	label_0
876	label_2
877	label_0
878	label_0
879	label_0
880	label_2
881	label_0
882	label_1
883	label_2
884	label_1
885	label_0
886	label_2
887	label_2
888	label_2
889	label_2
890	label_1
891	label_1
892	label_2
893	label_2
894	label_2
895	label_0
896	label_0
897	label_1
898	label_2
899	label_1
900	label_2
901	label_1
902	label_0
903	label_0
904	label_1
905	label_0
906	label_0
907	label_0
908	label_0
909	label_0
910	label_2
911	label_1
912	label_2
913	label_2
914	label_2
915	label_2
916	label_2
917	label_0
918	label_1
919	label_2
920	label_0
921	label_1
922	label_2
923	label_2
924	label_2
925	label_1
926	label_2
927	label_2
928	label_2
929	label_1
930	label_2
931	label_0
932	label_2
933	label_2
934	label_2
935	label_2
936	label_2
937	label_2
938	label_0
939	label_1
940	label_1
941	label_0
942	label_1
943	label_1
944	label_1
945	label_0
946	label_0
947	label_0
948	label_2
949	label_0
950	label_2
951	label_1
952	label_0
953	label_1
954	label_0
955	label_0
956	label_0
957	label_2
958	label_1
959	label_0
960	label_2
961	label_1
962	label_1
963	label_0
964	label_2
965	label_1
966	label_2
967	label_1
968	label_0
969	label_0
970	label_2
971	label_2
972	label_2
973	label_2
974	label_2
975	label_1
976	label_2
977	label_2
978	label_0
979	label_1
980	label_0
981	label_2
982	label_1
983	label_2
984	label_0
985	label_2
986	label_1
987	label_2
988	label_1
989	label_0
990	label_1
991	label_0
992	label_0
993	label_2
994	label_2
995	label_0
996	label_2
997	label_1
998	label_1
999	label_2
1000	label_0
1001	label_0
1002	label_2
1003	label_2
1004	label_0
1005	label_1
1006	label_0
1007	label_1
1008	label_2
1009	label_0
1010	label_0
1011	label_0
1012	label_1
1013	label_0
1014	label_0
1015	label_1
1016	label_0
1017	label_1
1018	label_0
1019	label_2
1020	label_2
1021	label_0
1022	label_2
1023	label_0
1024	label_0
1025	label_0
1026	label_1
1027	label_2
1028	label_2
1029	label_1
1030	label_2
1031	label_0
1032	label_2
1033	label_0
1034	label_0
1035	label_0
1036	label_0
1037	label_2
1038	label_0
1039	label_0
1040	label_2
1041	label_0
1042	label_2
1043	label_1
1044	label_0
1045	label_2
1046	label_1
1047	label_0
1048	label_1
1049	label_1
1050	label_0
1051	label_2
1052	label_1
1053	label_2
1054	label_1
1055	label_0
1056	label_2
1057	label_2
1058	label_1
1059	label_0
1060	label_1
1061	label_2
1062	label_1
1063	label_0
1064	label_0
1065	label_1
1066	label_2
1067	label_1
1068	label_1
1069	label_0
1070	label_0
1071	label_1
1072	label_1
1073	label_1
1074	label_2
1075	label_2
1076	label_2
1077	label_1
1078	label_2
1079	label_0
1080	label_2
1081	label_2
1082	label_1
1083	label_1
1084	label_1
1085	label_0
1086	label_1
1087	label_0
1088	label_1
1089	label_1
1090	label_1
1091	label_1
1092	label_1
1093	label_1
1094	label_1
1095	label_1
1096	label_0
1097	label_0
1098	label_0
1099	label_0
1100	label_0
1101	label_2
1102	label_2
1103	label_0
1104	label_0
1105	label_0
1106	label_1
1107	label_2
1108	label_2
1109	label_2
1110	label_0
1111	label_0
1112	label_1
1113	label_2
1114	label_0
1115	label_2
1116	label_1
1117	label_0
1118	label_2
1119	label_2
1120	label_0
1121	label_1
1122	label_1
1123	label_0
1124	label_1
1125	label_1
1126	label_0
1127	label_0
1128	label_2
1129	label_2
1130	label_1
1131	label_1
1132	label_0
1133	label_0
1134	label_1
1135	label_1
1136	label_1
1137	label_0
1138	label_0
1139	label_2
1140	label_0
1141	label_0
1142	label_1
1143	label_1
1144	label_1
1145	label_0
1146	label_2
1147	label_1
1148	label_1
1149	label_2
1150	label_0
1151	label_1
1152	label_1
1153	label_2
1154	label_0
1155	label_2
1156	label_2
1157	label_1
1158	label_0
1159	label_0
1160	label_1
1161	label_2
1162	label_0
1163	label_0
1164	label_0
1165	label_1
1166	label_1
1167	label_2
1168	label_0
1169	label_1
1170	label_1
1171	label_1
1172	label_1
1173	label_2
1174	label_2
1175	label_0
1176	label_0
1177	label_2
1178	label_1
1179	label_1
1180	label_1
1181	label_0
1182	label_0
1183	label_1
1184	label_2
1185	label_2
1186	label_0
1187	label_0
1188	label_2
1189	label_1
1190	label_2
1191	label_0
1192	label_2
1193	label_2
1194	label_1
1195	label_1
1196	label_1
1197	label_0
1198	label_2
1199	label_1
1200	label_2
1201	label_2
1202	label_0
1203	label_1
1204	label_2
1205	label_2
1206	label_2
1207	label_2
1208	label_2
1209	label_1
1210	label_0
1211	label_0
1212	label_0
1213	label_0
1214	label_2
1215	label_1
1216	label_0
1217	label_2
1218	label_2
1219	label_1
1220	label_1
1221	label_0
1222	label_0
1223	label_1
1224	label_1
1225	label_2
1226	label_2
1227	label_0
1228	label_1
1229	label_2
1230	label_0
1231	label_2
1232	label_1
1233	label_1
1234	label_1
1235	label_0
1236	label_2
1237	label_0
1238	label_2
1239	label_0
1240	label_1
1241	label_1
1242	label_0
1243	label_1
1244	label_2
1245	label_1
1246	label_0
1247	label_0
1248	label_1
1249	label_2
1250	label_2
1251	label_1
1252	label_0
1253	label_2
1254	label_0
1255	label_0
1256	label_1
1257	label_1
1258	label_0
1259	label_0
1260	label_2
1261	label_2
1262	label_1
1263	label_1
1264	label_2
1265	label_1
1266	label_1
1267	label_1
1268	label_2
1269	label_1
1270	label_1
1271	label_0
1272	label_0
1273	label_1
1274	label_0
1275	label_0
1276	label_2
1277	label_2
1278	label_2
1279	label_1
1280	label_1
1281	label_0
1282	label_2
1283	label_2
1284	label_0
1285	label_0
1286	label_0
1287	label_0
1288	label_1
1289	label_2
1290	label_0
1291	label_1
1292	label_2
1293	label_2
1294	label_1
1295	label_2
1296	label_0
1297	label_1
1298	label_2
1299	label_1
1300	label_2
1301	label_0
1302	label_2
1303	label_2
1304	label_2
1305	label_1
1306	label_2
1307	label_2
1308	label_1
1309	label_1
1310	label_1
1311	label_0
1312	label_2
1313	label_1
1314	label_0
1315	label_2
1316	label_0
1317	label_2
1318	label_0
1319	label_0
1320	label_0
1321	label_0
1322	label_1
1323	label_2
1324	label_0
1325	label_2
1326	label_2
1327	label_0
1328	label_0
1329	label_2
1330	label_0
1331	label_0
1332	label_0
1333	label_2
1334	label_2
1335	label_0
1336	label_1
1337	label_0
1338	label_1
1339	label_0
1340	label_0
1341	label_0
1342	label_2
1343	label_0
1344	label_1
1345	label_0
1346	label_1
1347	label_0
1348	label_0
1349	label_0
1350	label_1
1351	label_0
1352	label_2
1353	label_2
1354	label_2
1355	label_0
1356	label_2
1357	label_2
1358	label_2
1359	label_1
1360	label_2
1361	label_1
1362	label_2
1363	label_2
1364	label_2
1365	label_0
1366	label_0
1367	label_1
1368	label_0
1369	label_0
1370	label_1
1371	label_0
1372	label_0
1373	label_2
1374	label_2
1375	label_0
1376	label_1
1377	label_0
1378	label_2
1379	label_0
1380	label_1
1381	label_2
1382	label_0
1383	label_2
1384	label_0
1385	label_2
1386	label_2
1387	label_1
1388	label_0
1389	label_1
1390	label_2
1391	label_0
1392	label_1
1393	label_0
1394	label_1
1395	label_1
1396	label_2
1397	label_1
1398	label_1
1399	label_0
1400	label_0
1401	label_1
1402	label_0
1403	label_1
1404	label_1
1405	label_0
1406	label_0
1407	label_0
1408	label_0
1409	label_2
1410	label_2
1411	label_0
1412	label_1
1413	label_0
1414	label_2
1415	label_0
1416	label_1
1417	label_2
1418	label_2
1419	label_1
1420	label_1
1421	label_0
1422	label_2
1423	label_2
1424	label_2
1425	label_2
1426	label_2
1427	label_1
1428	label_0
1429	label_2
1430	label_1
1431	label_1
1432	label_0
1433	label_0
1434	label_2
1435	label_1
1436	label_1
1437	label_1
1438	label_1
1439	label_2
1440	label_2
1441	label_0
1442	label_2
1443	label_2
1444	label_0
1445	label_2
1446	label_0
1447	label_1
1448	label_2
1449	label_2
1450	label_0
1451	label_0
1452	label_2
1453	label_0
1454	label_0
1455	label_1
1456	label_1
1457	label_1
1458	label_2
1459	label_2
1460	label_0
1461	label_2
1462	label_1
1463	label_2
1464	label_0
1465	label_1
1466	label_0
1467	label_2
1468	label_2
1469	label_2
1470	label_0
1471	label_0
1472	label_0
1473	label_0
1474	label_1
1475	label_0
1476	label_2
1477	label_1
1478	label_2
1479	label_2
1480	label_1
1481	label_2
1482	label_0
1483	label_0
1484	label_1
1485	label_1
1486	label_0
1487	label_0
1488	label_1
1489	label_1
1490	label_1
1491	label_1
1492	label_0
1493	label_1
1494	label_0
1495	label_2
1496	label_0
1497	label_1
1498	label_2
1499	label_2
1500	label_2
1501	label_0
1502	label_1
1503	label_0
1504	label_0
1505	label_1
1506	label_1
1507	label_1
1508	label_1
1509	label_1
1510	label_0
1511	label_1
1512	label_1
1513	label_0
1514	label_0
1515	label_1
1516	label_0
1517	label_2
1518	label_0
1519	label_2
1520	label_0
1521	label_1
1522	label_2
1523	label_0
1524	label_1
1525	label_1
1526	label_2
1527	label_2
1528	label_0
1529	label_2
1530	label_1
1531	label_0
1532	label_2
1533	label_0
1534	label_2
1535	label_2
1536	label_2
1537	label_2
1538	label_2
1539	label_0
1540	label_2
1541	label_0
1542	label_2
1543	label_0
1544	label_0
1545	label_2
1546	label_1
1547	label_2
1548	label_2
1549	label_2
1550	label_1
1551	label_2
1552	label_0
1553	label_0
1554	label_2
1555	label_2
1556	label_2
1557	label_1
1558	label_1
1559	label_0
1560	label_1
1561	label_2
1562	label_0
1563	label_1
1564	label_2
1565	label_0
1566	label_1
1567	label_0
1568	label_0
1569	label_2
1570	label_0
1571	label_1
1572	label_1
1573	label_0
1574	label_0
1575	label_1
1576	label_1
1577	label_1
1578	label_2
1579	label_2
1580	label_0
1581	label_0
1582	label_2
1583	label_0
1584	label_2
1585	label_1
1586	label_0
1587	label_0
1588	label_2
1589	label_1
1590	label_1
1591	label_2
1592	label_0
1593	label_2
1594	label_0
1595	label_1
1596	label_1
1597	label_2
1598	label_2
1599	label_2
1600	label_1
1601	label_0
1602	label_2
1603	label_2
1604	label_1
1605	label_1
1606	label_2
1607	label_0
1608	label_1
1609	label_2
1610	label_1
1611	label_2
1612	label_0
1613	label_2
1614	label_1
1615	label_1
1616	label_0
1617	label_0
1618	label_1
1619	label_0
1620	label_2
1621	label_2
1622	label_1
1623	label_2
1624	label_2
1625	label_0
1626	label_1
1627	label_2
1628	label_0
1629	label_0
1630	label_0
1631	label_2
1632	label_0
1633	label_1
1634	label_2
1635	label_0
1636	label_1
1637	label_0
1638	label_1
1639	label_0
1640	label_0
1641	label_0
1642	label_1
1643	label_2
1644	label_2
1645	label_1
1646	label_2
1647	label_1
1648	label_1
1649	label_2
1650	label_2
1651	label_2
1652	label_2
1653	label_2
1654	label_0
1655	label_0
1656	label_1
1657	label_1
1658	label_0
1659	label_1
1660	label_0
1661	label_0
1662	label_1
1663	label_1
1664	label_0
1665	label_2
1666	label_1
1667	label_1
1668	label_0
1669	label_0
1670	label_2
1671	label_1
1672	label_2
1673	label_2
1674	label_1
1675	label_2
1676	label_1
1677	label_0
1678	label_1
1679	label_0
1680	label_0
1681	label_1
1682	label_0
1683	label_0
1684	label_0
1685	label_0
1686	label_2
1687	label_0
1688	label_0
1689	label_1
1690	label_1
1691	label_0
1692	label_0
1693	label_1
1694	label_1
1695	label_0
1696	label_0
1697	label_2
1698	label_1
1699	label_0
1700	label_0
1701	label_1
1702	label_0
1703	label_0
1704	label_2
1705	label_1
1706	label_0
1707	label_0
1708	label_1
1709	label_0
1710	label_0
1711	label_2
1712	label_1
1713	label_2
1714	label_1
1715	label_2
1716	label_2
1717	label_1
1718	label_1
1719	label_0
1720	label_2
1721	label_0
1722	label_0
1723	label_1
1724	label_1
1725	label_0
1726	label_2
1727	label_1
1728	label_0
1729	label_1
1730	label_2
1731	label_0
1732	label_1
1733	label_2
1734	label_2
1735	label_1
1736	label_2
1737	label_1
1738	label_2
1739	label_2
1740	label_2
1741	label_2
1742	label_1
1743	label_0
1744	label_1
1745	label_0
1746	label_2
1747	label_1
1748	label_0
1749	label_1
1750	label_2
1751	label_0
1752	label_2
1753	label_1
1754	label_2
1755	label_0
1756	label_2
1757	label_1
1758	label_1
1759	label_2
1760	label_0
1761	label_2
1762	label_1
1763	label_2
1764	label_2
1765	label_2
1766	label_1
1767	label_1
1768	label_1
1769	label_0
1770	label_0
1771	label_1
1772	label_2
1773	label_0
1774	label_2
1775	label_1
1776	label_1
1777	label_0
1778	label_2
1779	label_0
1780	label_1
1781	label_0
1782	label_0
1783	label_1
1784	label_0
1785	label_0
1786	label_0
1787	label_0
1788	label_0
1789	label_0
1790	label_1
1791	label_0
1792	label_1
1793	label_1
1794	label_2
1795	label_2
1796	label_0
1797	label_0
1798	label_1
1799	label_1
1800	label_1
1801	label_0
1802	label_1
1803	label_2
1804	label_0
1805	label_2
1806	label_1
1807	label_0
1808	label_1
1809	label_2
1810	label_0
1811	label_2
1812	label_1
1813	label_2
1814	label_1
1815	label_0
1816	label_0
1817	label_1
1818	label_1
1819	label_0
1820	label_0
1821	label_2
1822	label_0
1823	label_1
1824	label_2
1825	label_1
1826	label_1
1827	label_2
1828	label_0
1829	label_2
1830	label_0
1831	label_1
1832	label_1
1833	label_0
1834	label_1
1835	label_1
1836	label_1
1837	label_2
1838	label_0
1839	label_0
1840	label_2
1841	label_0
1842	label_0
1843	label_2
1844	label_2
1845	label_0
1846	label_2
1847	label_0
1848	label_1
1849	label_0
1850	label_2
1851	label_1
1852	label_0
1853	label_1
1854	label_0
1855	label_0
1856	label_2
1857	label_0
1858	label_1
1859	label_0
1860	label_1
1861	label_2
1862	label_2
1863	label_2
1864	label_1
1865	label_2
1866	label_0
1867	label_2
1868	label_1
1869	label_0
1870	label_1
1871	label_2
1872	label_2
1873	label_0
1874	label_1
1875	label_2
1876	label_2
1877	label_1
1878	label_1
1879	label_0
1880	label_2
1881	label_2
1882	label_2
1883	label_0
1884	label_2
1885	label_1
1886	label_0
1887	label_2
1888	label_2
1889	label_1
1890	label_1
1891	label_0
1892	label_2
1893	label_1
1894	label_0
1895	label_0
1896	label_2
1897	label_2
1898	label_2
1899	label_0
1900	label_2
1901	label_0
1902	label_2
1903	label_2
1904	label_1
1905	label_2
1906	label_0
1907	label_0
1908	label_2
1909	label_1
1910	label_2
1911	label_0
1912	label_0
1913	label_2
1914	label_2
1915	label_1
1916	label_2
1917	label_0
1918	label_2
1919	label_1
1920	label_1
1921	label_0
1922	label_0
1923	label_0
1924	label_2
1925	label_0
1926	label_2
1927	label_0
1928	label_2
1929	label_1
1930	label_2
1931	label_1
1932	label_1
1933	label_2
1934	label_0
1935	label_1
1936	label_1
1937	label_1
1938	label_2
1939	label_0
1940	label_0
1941	label_1
1942	label_0
1943	label_0
1944	label_0
1945	label_1
1946	label_1
1947	label_0
1948	label_2
1949	label_2
1950	label_2
1951	label_1
1952	label_0
1953	label_1
1954	label_1
1955	label_2
1956	label_1
1957	label_2
1958	label_2
1959	label_0
1960	label_1
1961	label_2
1962	label_1
1963	label_1
1964	label_2
1965	label_2
1966	label_0
1967	label_1
1968	label_0
1969	label_1
1970	label_1
1971	label_1
1972	label_1
1973	label_1
1974	label_0
1975	label_1
1976	label_0
1977	label_1
1978	label_1
1979	label_0
1980	label_0
1981	label_0
1982	label_2
1983	label_2
1984	label_1
1985	label_2
1986	label_0
1987	label_0
1988	label_1
1989	label_2
1990	label_1
1991	label_2
1992	label_0
1993	label_2
1994	label_1
1995	label_0
1996	label_0
1997	label_1
1998	label_1
1999	label_0
2000	label_1
2001	label_0
2002	label_2
2003	label_0
2004	label_0
2005	label_0
2006	label_1
2007	label_2
2008	label_0
2009	label_1
2010	label_2
2011	label_2
2012	label_0
2013	label_2
2014	label_2
2015	label_1
2016	label_2
2017	label_0
2018	label_2
2019	label_0
2020	label_0
2021	label_1
2022	label_0
2023	label_0
2024	label_1
2025	label_1
2026	label_1
2027	label_0
2028	label_2
2029	label_0
2030	label_1
2031	label_1
2032	label_1
2033	label_2
2034	label_2
2035	label_0
2036	label_0
2037	label_0
2038	label_0
2039	label_0
2040	label_2
2041	label_0
2042	label_0
2043	label_2
2044	label_0
2045	label_2
2046	label_1
2047	label_0
2048	label_2
2049	label_1
2050	label_0
2051	label_1
2052	label_0
2053	label_2
2054	label_1
2055	label_2
2056	label_0
2057	label_2
2058	label_0
2059	label_0
2060	label_2
2061	label_2
2062	label_0
2063	label_2
2064	label_2
2065	label_0
2066	label_2
2067	label_1
2068	label_0
2069	label_2
2070	label_0
2071	label_2
2072	label_0
2073	label_1
2074	label_0
2075	label_2
2076	label_1
2077	label_0
2078	label_0
2079	label_2
2080	label_0
2081	label_0
2082	label_1
2083	label_0
2084	label_0
2085	label_2
2086	label_0
2087	label_1
2088	label_2
2089	label_1
2090	label_0
2091	label_2
2092	label_2
2093	label_2
2094	label_2
2095	label_1
2096	label_0
2097	label_0
2098	label_0
2099	label_2
2100	label_0
2101	label_1
2102	label_1
2103	label_0
2104	label_1
2105	label_2
2106	label_1
2107	label_0
2108	label_0
2109	label_2
2110	label_1
2111	label_1
2112	label_0
2113	label_0
2114	label_1
2115	label_0
2116	label_1
2117	label_2
2118	label_2
2119	label_2
2120	label_2
2121	label_2
2122	label_0
2123	label_0
2124	label_0
2125	label_0
2126	label_2
2127	label_1
2128	label_1
2129	label_1
2130	label_1
2131	label_1
2132	label_2
2133	label_2
2134	label_0
2135	label_0
2136	label_1
2137	label_0
2138	label_1
2139	label_0
2140	label_1
2141	label_0
2142	label_1
2143	label_0
2144	label_0
2145	label_0
2146	label_1
2147	label_0
2148	label_2
2149	label_2
2150	label_2
2151	label_2
2152	label_1
2153	label_2
2154	label_1
2155	label_1
2156	label_2
2157	label_2
2158	label_0
2159	label_0
2160	label_1
2161	label_2
2162	label_2
2163	label_1
2164	label_0
2165	label_2
2166	label_0
2167	label_2
2168	label_0
2169	label_1
2170	label_1
2171	label_2
2172	label_1
2173	label_2
2174	label_2
2175	label_2
2176	label_0
2177	label_2
2178	label_0
2179	label_2
2180	label_2
2181	label_0
2182	label_2
2183	label_0
2184	label_2
2185	label_2
2186	label_1
2187	label_1
2188	label_1
2189	label_2
2190	label_2
2191	label_0
2192	label_0
2193	label_0
2194	label_2
2195	label_0
2196	label_2
2197	label_2
2198	label_2
2199	label_1
2200	label_2
2201	label_2
2202	label_0
2203	label_1
2204	label_0
2205	label_0
2206	label_1
2207	label_1
2208	label_2
2209	label_0
2210	label_2
2211	label_0
2212	label_1
2213	label_0
2214	label_2
2215	label_0
2216	label_1
2217	label_0
2218	label_0
2219	label_2
2220	label_0
2221	label_1
2222	label_2
2223	label_2
2224	label_0
2225	label_1
2226	label_0
2227	label_1
2228	label_2
2229	label_2
2230	label_2
2231	label_0
2232	label_0
2233	label_0
2234	label_0
2235	label_1
2236	label_0
2237	label_2
2238	label_2
2239	label_2
2240	label_2
2241	label_1
2242	label_0
2243	label_1
2244	label_2
2245	label_1
2246	label_2
2247	label_2
2248	label_1
2249	label_1
2250	label_2
2251	label_2
2252	label_0
2253	label_0
2254	label_1
2255	label_1
2256	label_1
2257	label_1
2258	label_0
2259	label_2
2260	label_0
2261	label_0
2262	label_0
2263	label_0
2264	label_2
2265	label_0
2266	label_2
2267	label_2
2268	label_1
2269	label_0
2270	label_2
2271	label_1
2272	label_1
2273	label_1
2274	label_0
2275	label_0
2276	label_2
2277	label_1
2278	label_1
2279	label_0
2280	label_0
2281	label_0
2282	label_0
2283	label_0
2284	label_0
2285	label_1
2286	label_0
2287	label_1
2288	label_1
2289	label_0
2290	label_0
2291	label_2
2292	label_1
2293	label_1
2294	label_2
2295	label_1
2296	label_2
2297	label_2
2298	label_0
2299	label_0
2300	label_1
2301	label_0
2302	label_2
2303	label_2
2304	label_0
2305	label_1
2306	label_2
2307	label_0
2308	label_2
2309	label_2
2310	label_2
2311	label_0
2312	label_2
2313	label_2
2314	label_1
2315	label_1
2316	label_0
2317	label_0
2318	label_0
2319	label_2
2320	label_1
2321	label_1
2322	label_0
2323	label_1
2324	label_2
2325	label_0
2326	label_0
2327	label_2
2328	label_1
2329	label_2
2330	label_0
2331	label_1
2332	label_1
2333	label_0
2334	label_1
2335	label_0
2336	label_0
2337	label_0
2338	label_0
2339	label_0
2340	label_2
2341	label_0
2342	label_2
2343	label_1
2344	label_2
2345	label_1
2346	label_1
2347	label_0
2348	label_2
2349	label_0
2350	label_2
2351	label_0
2352	label_0
2353	label_0
2354	label_1
2355	label_2
2356	label_1
2357	label_0
2358	label_2
2359	label_2
2360	label_2
2361	label_0
2362	label_1
2363	label_1
2364	label_1
2365	label_0
2366	label_1
2367	label_2
2368	label_1
2369	label_0
2370	label_1
2371	label_0
2372	label_1
2373	label_1
2374	label_2
2375	label_0
2376	label_0
2377	label_1
2378	label_0
2379	label_1
2380	label_1
2381	label_2
2382	label_2
2383	label_2
2384	label_0
2385	label_2
2386	label_0
2387	label_1
2388	label_2
2389	label_2
2390	label_2
2391	label_0
2392	label_2
2393	label_0
2394	label_0
2395	label_0
2396	label_1
2397	label_0
2398	label_0
2399	label_2
2400	label_0
2401	label_1
2402	label_1
2403	label_0
2404	label_0
2405	label_2
2406	label_1
2407	label_0
2408	label_2
2409	label_2
2410	label_2
2411	label_0
2412	label_0
2413	label_0
2414	label_2
2415	label_2
2416	label_0
2417	label_0
2418	label_2
2419	label_0
2420	label_0
2421	label_2
2422	label_1
2423	label_1
2424	label_1
2425	label_1
2426	label_1
2427	label_2
2428	label_0
2429	label_1
2430	label_1
2431	label_1
2432	label_1
2433	label_2
2434	label_0
2435	label_1
2436	label_1
2437	label_2
2438	label_0
2439	label_0
2440	label_1
2441	label_0
2442	label_0
2443	label_0
2444	label_1
2445	label_2
2446	label_2
2447	label_1
2448	label_2
2449	label_2
2450	label_2
2451	label_0
2452	label_2
2453	label_1
2454	label_0
2455	label_2
2456	label_0
2457	label_0
2458	label_1
2459	label_1
2460	label_2
2461	label_2
2462	label_0
2463	label_0
2464	label_2
2465	label_0
2466	label_0
2467	label_2
2468	label_2
2469	label_0
2470	label_0
2471	label_1
2472	label_1
2473	label_1
2474	label_0
2475	label_1
2476	label_0
2477	label_1
2478	label_1
2479	label_1
2480	label_2
2481	label_2
2482	label_2
2483	label_0
2484	label_1
2485	label_2
2486	label_2
2487	label_2
2488	label_1
2489	label_0
2490	label_2
2491	label_2
2492	label_2
2493	label_1
2494	label_0
2495	label_1
2496	label_0
2497	label_2
2498	label_0
2499	label_2
2500	label_2
2501	label_0
2502	label_1
2503	label_2
2504	label_1
2505	label_0
2506	label_0
2507	label_1
2508	label_2
2509	label_2
2510	label_0
2511	label_2
2512	label_1
2513	label_0
2514	label_2
2515	label_2
2516	label_1
2517	label_2
2518	label_2
2519	label_0
2520	label_2
2521	label_1
2522	label_2
2523	label_0
2524	label_2
2525	label_2
2526	label_0
2527	label_2
2528	label_2
2529	label_2
2530	label_1
2531	label_1
2532	label_2
2533	label_0
2534	label_0
2535	label_1
2536	label_2
2537	label_0
2538	label_2
2539	label_0
2540	label_2
2541	label_1
2542	label_1
2543	label_0
2544	label_2
2545	label_2
2546	label_0
2547	label_0
2548	label_2
2549	label_0
2550	label_0
2551	label_1
2552	label_1
2553	label_2
2554	label_2
2555	label_1
2556	label_0
2557	label_0
2558	label_2
2559	label_2
2560	label_0
2561	label_2
2562	label_1
2563	label_1
2564	label_1
2565	label_0
2566	label_2
2567	label_0
2568	label_1
2569	label_0
2570	label_2
2571	label_0
2572	label_0
2573	label_1
2574	label_2
2575	label_2
2576	label_0
2577	label_2
2578	label_0
2579	label_0
2580	label_2
2581	label_0
2582	label_2
2583	label_0
2584	label_0
2585	label_0
2586	label_1
2587	label_1
2588	label_2
2589	label_2
2590	label_1
2591	label_1
2592	label_0
2593	label_1
2594	label_0
2595	label_0
2596	label_1
2597	label_1
2598	label_1
2599	label_2
2600	label_0
2601	label_1
2602	label_2
2603	label_2
2604	label_1
2605	label_1
2606	label_2
2607	label_2
2608	label_2
2609	label_2
2610	label_2
2611	label_1
2612	label_2
2613	label_2
2614	label_0
2615	label_2
2616	label_1
2617	label_1
2618	label_1
2619	label_2
2620	label_1
2621	label_1
2622	label_1
2623	label_0
2624	label_0
2625	label_1
2626	label_0
2627	label_0
2628	label_0
2629	label_0
2630	label_1
2631	label_2
2632	label_2
2633	label_1
2634	label_2
2635	label_2
2636	label_1
2637	label_1
2638	label_0
2639	label_0
2640	label_1
2641	label_1
2642	label_2
2643	label_0
2644	label_1
2645	label_2
2646	label_0
2647	label_0
2648	label_0
2649	label_1
2650	label_1
2651	label_0
2652	label_0
2653	label_1
2654	label_0
2655	label_2
2656	label_0
2657	label_1
2658	label_1
2659	label_2
2660	label_0
2661	label_2
2662	label_1
2663	label_1
2664	label_0
2665	label_2
2666	label_2
2667	label_0
2668	label_2
2669	label_1
2670	label_2
2671	label_1
2672	label_2
2673	label_1
2674	label_1
2675	label_0
2676	label_2
2677	label_0
2678	label_2
2679	label_1
2680	label_0
2681	label_2
2682	label_2
2683	label_1
2684	label_2
2685	label_2
2686	label_2
2687	label_2
2688	label_0
2689	label_0
2690	label_2
2691	label_0
2692	label_1
2693	label_1
2694	label_1
2695	label_1
2696	label_0
2697	label_0
2698	label_2
2699	label_0
2700	label_1
2701	label_0
2702	label_0
2703	label_0
2704	label_0
2705	label_2
2706	label_0
2707	label_0
2708	label_2
2709	label_2
2710	label_0
2711	label_2
2712	label_0
2713	label_0
2714	label_2
2715	label_2
2716	label_2
2717	label_0
2718	label_1
2719	label_2
2720	label_0
2721	label_2
2722	label_0
2723	label_1
2724	label_1
2725	label_1
2726	label_0
2727	label_0
2728	label_1
2729	label_2
2730	label_1
2731	label_0
2732	label_0
2733	label_1
2734	label_2
2735	label_0
2736	label_0
2737	label_0
2738	label_2
2739	label_0
2740	label_1
2741	label_0
2742	label_1
2743	label_0
2744	label_1
2745	label_2
2746	label_2
2747	label_2
2748	label_2
2749	label_0
2750	label_2
2751	label_0
2752	label_2
2753	label_0
2754	label_1
2755	label_1
2756	label_2
2757	label_2
2758	label_2
2759	label_1
2760	label_0
2761	label_0
2762	label_0
2763	label_0
2764	label_1
2765	label_0
2766	label_1
2767	label_2
2768	label_1
2769	label_1
2770	label_0
2771	label_0
2772	label_2
2773	label_1
2774	label_2
2775	label_0
2776	label_1
2777	label_0
2778	label_2
2779	label_0
2780	label_0
2781	label_2
2782	label_1
2783	label_1
2784	label_0
2785	label_0
2786	label_1
2787	label_2
2788	label_2
2789	label_0
2790	label_0
2791	label_1
2792	label_2
2793	label_0
2794	label_0
2795	label_0
2796	label_2
2797	label_2
2798	label_1
2799	label_2
2800	label_2
2801	label_0
2802	label_0
2803	label_2
2804	label_2
2805	label_1
2806	label_1
2807	label_2
2808	label_2
2809	label_1
2810	label_2
2811	label_0
2812	label_0
2813	label_2
2814	label_0
2815	label_2
2816	label_0
2817	label_1
2818	label_1
2819	label_2
2820	label_1
2821	label_2
2822	label_0
2823	label_0
2824	label_2
2825	label_0
2826	label_0
2827	label_0
2828	label_0
2829	label_2
2830	label_2
2831	label_1
2832	label_2
2833	label_0
2834	label_1
2835	label_0
2836	label_2
2837	label_1
2838	label_1
2839	label_2
2840	label_1
2841	label_2
2842	label_1
2843	label_1
2844	label_0
2845	label_0
2846	label_1
2847	label_1
2848	label_2
2849	label_1
2850	label_1
2851	label_0
2852	label_1
2853	label_0
2854	label_1
2855	label_2
2856	label_0
2857	label_0
2858	label_2
2859	label_1
2860	label_2
2861	label_0
2862	label_0
2863	label_0
2864	label_2
2865	label_1
2866	label_2
2867	label_1
2868	label_2
2869	label_2
2870	label_1
2871	label_1
2872	label_0
2873	label_0
2874	label_0
2875	label_0
2876	label_0
2877	label_1
2878	label_1
2879	label_0
2880	label_1
2881	label_1
2882	label_1
2883	label_2
2884	label_2
2885	label_2
2886	label_0
2887	label_2
2888	label_2
2889	label_1
2890	label_1
2891	label_2
2892	label_2
2893	label_2
2894	label_0
2895	label_1
2896	label_2
2897	label_0
2898	label_2
2899	label_0
2900	label_1
2901	label_0
2902	label_2
2903	label_1
2904	label_0
2905	label_1
2906	label_1
2907	label_0
2908	label_1
2909	label_1
2910	label_1
2911	label_2
2912	label_1
2913	label_1
2914	label_0
2915	label_1
2916	label_0
2917	label_0
2918	label_1
2919	label_2
2920	label_1
2921	label_2
2922	label_0
2923	label_2
2924	label_0
2925	label_1
2926	label_1
2927	label_0
2928	label_1
2929	label_0
2930	label_0
2931	label_1
2932	label_0
2933	label_0
2934	label_0
2935	label_1
2936	label_0
2937	label_2
2938	label_0
2939	label_1
2940	label_2
2941	label_1
2942	label_2
2943	label_1
2944	label_1
2945	label_0
2946	label_0
2947	label_0
2948	label_1
2949	label_1
2950	label_1
2951	label_0
2952	label_1
2953	label_1
2954	label_2
2955	label_0
2956	label_1
2957	label_0
2958	label_0
2959	label_2
2960	label_2
2961	label_1
2962	label_1
2963	label_2
2964	label_1
2965	label_2
2966	label_1
2967	label_2
2968	label_2
2969	label_1
2970	label_2
2971	label_0
2972	label_2
2973	label_0
2974	label_2
2975	label_2
2976	label_1
2977	label_1
2978	label_0
2979	label_0
2980	label_0
2981	label_0
2982	label_1
2983	label_0
2984	label_0
2985	label_2
2986	label_0
2987	label_1
2988	label_1
2989	label_0
2990	label_0
2991	label_2
2992	label_2
2993	label_2
2994	label_0
2995	label_1
2996	label_0
2997	label_0
2998	label_1
2999	label_1
3000	label_0
3001	label_2
3002	label_1
3003	label_0
3004	label_1
3005	label_1
3006	label_0
3007	label_0
3008	label_0
3009	label_0
3010	label_2
3011	label_1
3012	label_2
3013	label_2
3014	label_1
3015	label_2
3016	label_2
3017	label_2
3018	label_2
3019	label_1
3020	label_2
3021	label_2
3022	label_2
3023	label_1
3024	label_1
3025	label_1
3026	label_1
3027	label_1
3028	label_1
3029	label_0
3030	label_2
3031	label_0
3032	label_2
3033	label_1
3034	label_1
3035	label_2
3036	label_2
3037	label_2
3038	label_0
3039	label_1
3040	label_2
3041	label_0
3042	label_2
3043	label_0
3044	label_0
3045	label_2
3046	label_1
3047	label_0
3048	label_0
3049	label_0
3050	label_0
3051	label_1
3052	label_1
3053	label_1
3054	label_1
3055	label_1
3056	label_1
3057	label_1
3058	label_2
3059	label_0
3060	label_1
3061	label_0
3062	label_0
3063	label_0
3064	label_0
3065	label_0
3066	label_2
3067	label_0
3068	label_2
3069	label_1
3070	label_2
3071	label_2
3072	label_1
3073	label_1
3074	label_2
3075	label_0
3076	label_0
3077	label_0
3078	label_2
3079	label_0
3080	label_2
3081	label_0
3082	label_0
3083	label_0
3084	label_0
3085	label_0
3086	label_0
3087	label_2
3088	label_0
3089	label_0
3090	label_1
3091	label_2
3092	label_0
3093	label_1
3094	label_1
3095	label_2
3096	label_2
3097	label_0
3098	label_1
3099	label_1
3100	label_2
3101	label_0
3102	label_0
3103	label_2
3104	label_1
3105	label_2
3106	label_2
3107	label_1
3108	label_2
3109	label_2
3110	label_1
3111	label_0
3112	label_1
3113	label_2
3114	label_0
3115	label_1
3116	label_2
3117	label_0
3118	label_0
3119	label_0
3120	label_0
3121	label_0
3122	label_0
3123	label_1
3124	label_2
3125	label_0
3126	label_1
3127	label_0
3128	label_0
3129	label_1
3130	label_0
3131	label_1
3132	label_0
3133	label_0
3134	label_2
3135	label_0
3136	label_1
3137	label_2
3138	label_2
3139	label_0
3140	label_0
3141	label_1
3142	label_2
3143	label_0
3144	label_0
3145	label_0
3146	label_1
3147	label_0
3148	label_0
3149	label_2
3150	label_1
3151	label_0
3152	label_2
3153	label_1
3154	label_1
3155	label_2
3156	label_2
3157	label_2
3158	label_1
3159	label_2
3160	label_0
3161	label_2
3162	label_1
3163	label_1
3164	label_2
3165	label_2
3166	label_1
3167	label_1
3168	label_2
3169	label_1
3170	label_0
3171	label_2
3172	label_2
3173	label_2
3174	label_0
3175	label_0
3176	label_0
3177	label_0
3178	label_0
3179	label_1
3180	label_0
3181	label_1
3182	label_1
3183	label_1
3184	label_0
3185	label_0
3186	label_1
3187	label_2
3188	label_2
3189	label_0
3190	label_0
3191	label_0
3192	label_2
3193	label_2
3194	label_2
3195	label_2
3196	label_2
3197	label_2
3198	label_1
3199	label_1
3200	label_2
3201	label_2
3202	label_1
3203	label_2
3204	label_1
3205	label_0
3206	label_0
3207	label_1
3208	label_0
3209	label_1
3210	label_2
3211	label_1
3212	label_2
3213	label_2
3214	label_0
3215	label_2
3216	label_1
3217	label_2
3218	label_1
3219	label_1
3220	label_1
3221	label_0
3222	label_0
3223	label_2
3224	label_1
3225	label_1
3226	label_2
3227	label_0
3228	label_1
3229	label_0
3230	label_0
3231	label_2
3232	label_2
3233	label_0
3234	label_2
3235	label_2
3236	label_1
3237	label_1
3238	label_0
3239	label_2
3240	label_1
3241	label_2
3242	label_0
3243	label_1
3244	label_2
3245	label_2
3246	label_2
3247	label_1
3248	label_2
3249	label_1
3250	label_0
3251	label_0
3252	label_0
3253	label_1
3254	label_1
3255	label_0
3256	label_1
3257	label_1
3258	label_2
3259	label_2
3260	label_2
3261	label_2
3262	label_2
3263	label_1
3264	label_1
3265	label_0
3266	label_0
3267	label_2
3268	label_1
3269	label_0
3270	label_0
3271	label_2
3272	label_1
3273	label_1
3274	label_2
3275	label_1
3276	label_1
3277	label_1
3278	label_2
3279	label_1
3280	label_2
3281	label_1
3282	label_1
3283	label_1
3284	label_0
3285	label_0
3286	label_2
3287	label_1
3288	label_1
3289	label_1
3290	label_0
3291	label_1
3292	label_1
3293	label_0
3294	label_1
3295	label_1
3296	label_2
3297	label_1
3298	label_2
3299	label_0
3300	label_1
3301	label_0
3302	label_2
3303	label_2
3304	label_1
3305	label_0
3306	label_0
3307	label_2
3308	label_1
3309	label_0
3310	label_0
3311	label_0
3312	label_1
3313	label_0
3314	label_2
3315	label_1
3316	label_1
3317	label_0
3318	label_1
3319	label_0
3320	label_2
3321	label_0
3322	label_1
3323	label_1
3324	label_0
3325	label_2
3326	label_1
3327	label_1
3328	label_1
3329	label_1
3330	label_2
3331	label_2
3332	label_2
3333	label_2
3334	label_1
3335	label_1
3336	label_2
3337	label_1
3338	label_0
3339	label_1
3340	label_2
3341	label_2
3342	label_1
3343	label_0
3344	label_1
3345	label_0
3346	label_0
3347	label_0
3348	label_2
3349	label_0
3350	label_0
3351	label_1
3352	label_2
3353	label_1
3354	label_1
3355	label_2
3356	label_0
3357	label_2
3358	label_0
3359	label_0
3360	label_0
3361	label_1
3362	label_0
3363	label_2
3364	label_2
3365	label_0
3366	label_0
3367	label_0
3368	label_0
3369	label_1
3370	label_1
3371	label_2
3372	label_0
3373	label_2
3374	label_0
3375	label_1
3376	label_1
3377	label_1
3378	label_2
3379	label_1
3380	label_1
3381	label_2
3382	label_0
3383	label_0
3384	label_0
3385	label_0
3386	label_2
3387	label_2
3388	label_1
3389	label_2
3390	label_2
3391	label_0
3392	label_0
3393	label_1
3394	label_2
3395	label_1
3396	label_0
3397	label_2
3398	label_0
3399	label_1
3400	label_1
3401	label_2
3402	label_2
3403	label_2
3404	label_0
3405	label_2
3406	label_1
3407	label_2
3408	label_0
3409	label_1
3410	label_2
3411	label_1
3412	label_1
3413	label_2
3414	label_0
3415	label_0
3416	label_1
3417	label_2
3418	label_1
3419	label_2
3420	label_2
3421	label_1
3422	label_2
3423	label_0
3424	label_0
3425	label_1
3426	label_0
3427	label_0
3428	label_0
3429	label_0
3430	label_0
3431	label_0
3432	label_2
3433	label_0
3434	label_0
3435	label_1
3436	label_0
3437	label_2
3438	label_1
3439	label_1
3440	label_1
3441	label_0
3442	label_2
3443	label_1
3444	label_0
3445	label_2
3446	label_2
3447	label_1
3448	label_0
3449	label_0
3450	label_0
3451	label_2
3452	label_2
3453	label_0
3454	label_2
3455	label_0
3456	label_2
3457	label_1
3458	label_2
3459	label_0
3460	label_0
3461	label_0
3462	label_2
3463	label_2
3464	label_2
3465	label_2
3466	label_0
3467	label_1
3468	label_1
3469	label_0
3470	label_0
3471	label_1
3472	label_1
3473	label_1
3474	label_1
3475	label_0
3476	label_1
3477	label_1
3478	label_2
3479	label_1
3480	label_2
3481	label_2
3482	label_2
3483	label_2
3484	label_0
3485	label_2
3486	label_2
3487	label_0
3488	label_2
3489	label_1
3490	label_0
3491	label_2
3492	label_0
3493	label_1
3494	label_1
3495	label_2
3496	label_0
3497	label_2
3498	label_2
3499	label_0
3500	label_0
3501	label_1
3502	label_0
3503	label_1
3504	label_2
3505	label_2
3506	label_0
3507	label_1
3508	label_0
3509	label_2
3510	label_0
3511	label_2
3512	label_0
3513	label_2
3514	label_0
3515	label_2
3516	label_1
3517	label_2
3518	label_0
3519	label_0
3520	label_2
3521	label_0
3522	label_1
3523	label_2
3524	label_2
3525	label_2
3526	label_1
3527	label_1
3528	label_2
3529	label_2
3530	label_0
3531	label_0
3532	label_2
3533	label_0
3534	label_0
3535	label_1
3536	label_1
3537	label_2
3538	label_0
3539	label_2
3540	label_1
3541	label_2
3542	label_0
3543	label_1
3544	label_1
3545	label_0
3546	label_0
3547	label_0
3548	label_2
3549	label_2
3550	label_2
3551	label_1
3552	label_1
3553	label_0
3554	label_1
3555	label_1
3556	label_2
3557	label_0
3558	label_1
3559	label_2
3560	label_0
3561	label_0
3562	label_2
3563	label_0
3564	label_0
3565	label_2
3566	label_1
3567	label_1
3568	label_1
3569	label_2
3570	label_2
3571	label_1
3572	label_2
3573	label_2
3574	label_1
3575	label_1
3576	label_1
3577	label_2
3578	label_2
3579	label_0
3580	label_1
3581	label_0
3582	label_2
3583	label_2
3584	label_0
3585	label_0
3586	label_1
3587	label_0
3588	label_0
3589	label_0
3590	label_0
3591	label_1
3592	label_2
3593	label_0
3594	label_0
3595	label_1
3596	label_1
3597	label_2
3598	label_0
3599	label_1
3600	label_2
3601	label_1
3602	label_2
3603	label_1
3604	label_0
3605	label_0
3606	label_1
3607	label_2
3608	label_2
3609	label_0
3610	label_2
3611	label_2
3612	label_1
3613	label_2
3614	label_2
3615	label_2
3616	label_0
3617	label_0
3618	label_2
3619	label_2
3620	label_0
3621	label_0
3622	label_0
3623	label_0
3624	label_0
3625	label_1
3626	label_2
3627	label_2
3628	label_2
3629	label_0
3630	label_1
3631	label_2
3632	label_1
3633	label_1
3634	label_0
3635	label_2
3636	label_1
3637	label_1
3638	label_2
3639	label_0
3640	label_2
3641	label_1
3642	label_0
3643	label_0
3644	label_2
3645	label_1
3646	label_2
3647	label_0
3648	label_1
3649	label_2
3650	label_2
3651	label_2
3652	label_2
3653	label_2
3654	label_1
3655	label_2
3656	label_1
3657	label_0
3658	label_0
3659	label_0
3660	label_0
3661	label_2
3662	label_2
3663	label_0
3664	label_0
3665	label_0
3666	label_2
3667	label_0
3668	label_0
3669	label_0
3670	label_1
3671	label_2
3672	label_0
3673	label_1
3674	label_0
3675	label_0
3676	label_1
3677	label_2
3678	label_2
3679	label_1
3680	label_0
3681	label_2
3682	label_0
3683	label_2
3684	label_2
3685	label_1
3686	label_0
3687	label_2
3688	label_0
3689	label_2
3690	label_1
3691	label_1
3692	label_2
3693	label_2
3694	label_1
3695	label_0
3696	label_1
3697	label_1
3698	label_1
3699	label_2
3700	label_1
3701	label_1
3702	label_1
3703	label_1
3704	label_1
3705	label_0
3706	label_2
3707	label_2
3708	label_1
3709	label_2
3710	label_1
3711	label_1
3712	label_1
3713	label_2
3714	label_1
3715	label_0
3716	label_2
3717	label_0
3718	label_2
3719	label_1
3720	label_2
3721	label_2
3722	label_1
3723	label_0
3724	label_2
3725	label_0
3726	label_2
3727	label_0
3728	label_2
3729	label_1
3730	label_0
3731	label_1
3732	label_1
3733	label_2
3734	label_1
3735	label_1
3736	label_0
3737	label_2
3738	label_0
3739	label_1
3740	label_2
3741	label_0
3742	label_1
3743	label_1
3744	label_1
3745	label_0
3746	label_1
3747	label_2
3748	label_1
3749	label_1
3750	label_1
3751	label_0
3752	label_1
3753	label_0
3754	label_1
3755	label_1
3756	label_0
3757	label_0
3758	label_0
3759	label_0
3760	label_0
3761	label_2
3762	label_0
3763	label_1
3764	label_2
3765	label_2
3766	label_2
3767	label_0
3768	label_0
3769	label_2
3770	label_2
3771	label_2
3772	label_1
3773	label_1
3774	label_1
3775	label_0
3776	label_1
3777	label_2
3778	label_0
3779	label_0
3780	label_0
3781	label_0
3782	label_0
3783	label_1
3784	label_1
3785	label_1
3786	label_1
3787	label_2
3788	label_1
3789	label_1
3790	label_2
3791	label_2
3792	label_2
3793	label_2
3794	label_2
3795	label_2
3796	label_1
3797	label_2
3798	label_2
3799	label_1
3800	label_1
3801	label_2
3802	label_0
3803	label_0
3804	label_0
3805	label_1
3806	label_1
3807	label_2
3808	label_1
3809	label_0
3810	label_2
3811	label_2
3812	label_1
3813	label_2
3814	label_1
3815	label_2
3816	label_2
3817	label_0
3818	label_0
3819	label_1
3820	label_1
3821	label_1
3822	label_0
3823	label_1
3824	label_1
3825	label_2
3826	label_2
3827	label_0
3828	label_0
3829	label_2
3830	label_2
3831	label_1
3832	label_2
3833	label_2
3834	label_0
3835	label_2
3836	label_0
3837	label_0
3838	label_2
3839	label_2
3840	label_0
3841	label_1
3842	label_0
3843	label_2
3844	label_2
3845	label_2
3846	label_0
3847	label_0
3848	label_1
3849	label_2
3850	label_0
3851	label_1
3852	label_0
3853	label_0
3854	label_2
3855	label_0
3856	label_0
3857	label_0
3858	label_0
3859	label_0
3860	label_0
3861	label_2
3862	label_2
3863	label_1
3864	label_0
3865	label_2
3866	label_1
3867	label_0
3868	label_0
3869	label_0
3870	label_0
3871	label_0
3872	label_1
3873	label_2
3874	label_1
3875	label_2
3876	label_0
3877	label_2
3878	label_0
3879	label_0
3880	label_0
3881	label_0
3882	label_1
3883	label_0
3884	label_1
3885	label_0
3886	label_1
3887	label_1
3888	label_1
3889	label_0
3890	label_2
3891	label_1
3892	label_1
3893	label_1
3894	label_0
3895	label_0
3896	label_0
3897	label_1
3898	label_2
3899	label_2
3900	label_2
3901	label_0
3902	label_2
3903	label_0
3904	label_2
3905	label_0
3906	label_0
3907	label_1
3908	label_2
3909	label_0
3910	label_0
3911	label_1
3912	label_1
3913	label_0
3914	label_1
3915	label_2
3916	label_2
3917	label_2
3918	label_2
3919	label_0
3920	label_2
3921	label_1
3922	label_0
3923	label_1
3924	label_1
3925	label_1
3926	label_1
3927	label_0
3928	label_0
3929	label_0
3930	label_0
3931	label_1
3932	label_1
3933	label_0
3934	label_1
3935	label_0
3936	label_2
3937	label_1
3938	label_1
3939	label_1
3940	label_1
3941	label_0
3942	label_0
3943	label_2
3944	label_0
3945	label_0
3946	label_1
3947	label_1
3948	label_0
3949	label_0
3950	label_0
3951	label_0
3952	label_1
3953	label_1
3954	label_0
3955	label_1
3956	label_1
3957	label_1
3958	label_1
3959	label_2
3960	label_1
3961	label_1
3962	label_0
3963	label_1
3964	label_2
3965	label_2
3966	label_2
3967	label_0
3968	label_0
3969	label_1
3970	label_0
3971	label_2
3972	label_0
3973	label_1
3974	label_1
3975	label_0
3976	label_1
3977	label_2
3978	label_1
3979	label_1
3980	label_2
3981	label_2
3982	label_1
3983	label_1
3984	label_1
3985	label_0
3986	label_0
3987	label_1
3988	label_2
3989	label_2
3990	label_1
3991	label_1
3992	label_2
3993	label_1
3994	label_0
3995	label_2
3996	label_2
3997	label_2
3998	label_0
3999	label_0
4000	label_0
4001	label_2
4002	label_0
4003	label_0
4004	label_0
4005	label_0
4006	label_0
4007	label_0
4008	label_0
4009	label_1
4010	label_0
4011	label_0
4012	label_2
4013	label_2
4014	label_1
4015	label_2
4016	label_1
4017	label_0
4018	label_2
4019	label_2
4020	label_1
4021	label_2
4022	label_0
4023	label_1
4024	label_0
4025	label_2
4026	label_0
4027	label_2
4028	label_0
4029	label_2
4030	label_1
4031	label_2
4032	label_2
4033	label_0
4034	label_2
4035	label_1
4036	label_0
4037	label_0
4038	label_0
4039	label_0
4040	label_2
4041	label_1
4042	label_0
4043	label_0
4044	label_2
4045	label_1
4046	label_2
4047	label_1
4048	label_1
4049	label_1
4050	label_2
4051	label_1
4052	label_0
4053	label_2
4054	label_2
4055	label_2
4056	label_1
4057	label_2
4058	label_0
4059	label_1
4060	label_0
4061	label_0
4062	label_1
4063	label_2
4064	label_2
4065	label_0
4066	label_1
4067	label_2
4068	label_2
4069	label_0
4070	label_2
4071	label_1
4072	label_1
4073	label_1
4074	label_2
4075	label_2
4076	label_1
4077	label_1
4078	label_1
4079	label_1
4080	label_2
4081	label_0
4082	label_0
4083	label_2
4084	label_1
4085	label_1
4086	label_0
4087	label_2
4088	label_1
4089	label_2
4090	label_0
4091	label_1
4092	label_0
4093	label_0
4094	label_2
4095	label_0
4096	label_1
4097	label_0
4098	label_1
4099	label_2
4100	label_2
4101	label_2
4102	label_1
4103	label_0
4104	label_0
4105	label_2
4106	label_2
4107	label_0
4108	label_0
4109	label_0
4110	label_2
4111	label_2
4112	label_2
4113	label_1
4114	label_0
4115	label_0
4116	label_2
4117	label_2
4118	label_1
4119	label_2
4120	label_2
4121	label_0
4122	label_2
4123	label_2
4124	label_2
4125	label_1
4126	label_0
4127	label_1
4128	label_0
4129	label_2
4130	label_0
4131	label_0
4132	label_2
4133	label_0
4134	label_0
4135	label_0
4136	label_0
4137	label_2
4138	label_0
4139	label_2
4140	label_2
4141	label_1
4142	label_2
4143	label_1
4144	label_2
4145	label_1
4146	label_1
4147	label_1
4148	label_0
4149	label_2
4150	label_0
4151	label_0
4152	label_1
4153	label_1
4154	label_1
4155	label_2
4156	label_0
4157	label_0
4158	label_1
4159	label_1
4160	label_2
4161	label_0
4162	label_1
4163	label_0
4164	label_2
4165	label_1
4166	label_0
4167	label_2
4168	label_1
4169	label_0
4170	label_2
4171	label_2
4172	label_1
4173	label_2
4174	label_2
4175	label_2
4176	label_2
4177	label_2
4178	label_2
4179	label_1
4180	label_1
4181	label_2
4182	label_0
4183	label_1
4184	label_1
4185	label_2
4186	label_1
4187	label_1
4188	label_0
4189	label_2
4190	label_0
4191	label_1
4192	label_1
4193	label_0
4194	label_0
4195	label_1
4196	label_1
4197	label_1
4198	label_0
4199	label_2
4200	label_2
4201	label_1
4202	label_0
4203	label_2
4204	label_0
4205	label_1
4206	label_2
4207	label_2
4208	label_2
4209	label_2
4210	label_2
4211	label_0
4212	label_2
4213	label_0
4214	label_0
4215	label_2
4216	label_2
4217	label_1
4218	label_0
4219	label_2
4220	label_0
4221	label_1
4222	label_0
4223	label_1
4224	label_0
4225	label_2
4226	label_1
4227	label_0
4228	label_1
4229	label_1
4230	label_1
4231	label_1
4232	label_0
4233	label_1
4234	label_2
4235	label_1
4236	label_1
4237	label_2
4238	label_2
4239	label_2
4240	label_0
4241	label_0
4242	label_2
4243	label_1
4244	label_2
4245	label_2
4246	label_2
4247	label_1
4248	label_1
4249	label_1
4250	label_0
4251	label_2
4252	label_0
4253	label_1
4254	label_0
4255	label_1
4256	label_1
4257	label_1
4258	label_0
4259	label_2
4260	label_1
4261	label_2
4262	label_0
4263	label_1
4264	label_1
4265	label_1
4266	label_1
4267	label_0
4268	label_2
4269	label_2
4270	label_2
4271	label_0
4272	label_0
4273	label_2
4274	label_2
4275	label_1
4276	label_1
4277	label_2
4278	label_1
4279	label_2
4280	label_1
4281	label_1
4282	label_0
4283	label_2
4284	label_0
4285	label_0
4286	label_2
4287	label_1
4288	label_0
4289	label_0
4290	label_2
4291	label_2
4292	label_2
4293	label_2
4294	label_1
4295	label_1
4296	label_2
4297	label_0
4298	label_1
4299	label_2
4300	label_0
4301	label_2
4302	label_2
4303	label_1
4304	label_0
4305	label_2
4306	label_1
4307	label_2
4308	label_0
4309	label_1
4310	label_2
4311	label_2
4312	label_2
4313	label_0
4314	label_2
4315	label_0
4316	label_0
4317	label_0
4318	label_0
4319	label_0
4320	label_0
4321	label_2
4322	label_2
4323	label_2
4324	label_2
4325	label_2
4326	label_0
4327	label_2
4328	label_2
4329	label_2
4330	label_0
4331	label_1
4332	label_2
4333	label_0
4334	label_2
4335	label_0
4336	label_1
4337	label_0
4338	label_1
4339	label_2
4340	label_2
4341	label_1
4342	label_1
4343	label_1
4344	label_1
4345	label_0
4346	label_1
4347	label_1
4348	label_2
4349	label_1
4350	label_0
4351	label_2
4352	label_2
4353	label_2
4354	label_0
4355	label_2
4356	label_0
4357	label_0
4358	label_2
4359	label_1
4360	label_2
4361	label_2
4362	label_2
4363	label_0
4364	label_0
4365	label_0
4366	label_0
4367	label_0
4368	label_1
4369	label_2
4370	label_1
4371	label_0
4372	label_1
4373	label_2
4374	label_0
4375	label_2
4376	label_1
4377	label_0
4378	label_1
4379	label_0
4380	label_1
4381	label_2
4382	label_1
4383	label_2
4384	label_2
4385	label_2
4386	label_2
4387	label_1
4388	label_0
4389	label_2
4390	label_0
4391	label_0
4392	label_2
4393	label_0
4394	label_2
4395	label_2
4396	label_1
4397	label_2
4398	label_2
4399	label_1
4400	label_2
4401	label_2
4402	label_2
4403	label_0
4404	label_0
4405	label_2
4406	label_0
4407	label_1
4408	label_2
4409	label_0
4410	label_0
4411	label_2
4412	label_0
4413	label_0
4414	label_1
4415	label_2
4416	label_1
4417	label_0
4418	label_2
4419	label_1
4420	label_2
4421	label_1
4422	label_0
4423	label_2
4424	label_0
4425	label_0
4426	label_0
4427	label_0
4428	label_1
4429	label_2
4430	label_1
4431	label_0
4432	label_2
4433	label_2
4434	label_0
4435	label_2
4436	label_1
4437	label_2
4438	label_0
4439	label_1
4440	label_0
4441	label_0
4442	label_0
4443	label_0
4444	label_2
4445	label_1
4446	label_2
4447	label_2
4448	label_0
4449	label_0
4450	label_0
4451	label_1
4452	label_0
4453	label_2
4454	label_0
4455	label_1
4456	label_2
4457	label_1
4458	label_2
4459	label_0
4460	label_1
4461	label_2
4462	label_0
4463	label_1
4464	label_2
4465	label_2
4466	label_2
4467	label_0
4468	label_0
4469	label_0
4470	label_2
4471	label_1
4472	label_1
4473	label_0
4474	label_2
4475	label_2
4476	label_2
4477	label_2
4478	label_2
4479	label_1
4480	label_2
4481	label_0
4482	label_0
4483	label_0
4484	label_0
4485	label_1
4486	label_2
4487	label_2
4488	label_1
4489	label_0
4490	label_0
4491	label_2
4492	label_1
4493	label_1
4494	label_2
4495	label_0
4496	label_0
4497	label_0
4498	label_2
4499	label_2
4500	label_0
4501	label_1
4502	label_2
4503	label_0
4504	label_0
4505	label_0
4506	label_1
4507	label_0
4508	label_2
4509	label_1
4510	label_2
4511	label_2
4512	label_0
4513	label_0
4514	label_1
4515	label_0
4516	label_0
4517	label_2
4518	label_0
4519	label_1
4520	label_2
4521	label_2
4522	label_0
4523	label_1
4524	label_1
4525	label_0
4526	label_2
4527	label_0
4528	label_1
4529	label_1
4530	label_2
4531	label_0
4532	label_1
4533	label_2
4534	label_0
4535	label_0
4536	label_2
4537	label_2
4538	label_2
4539	label_2
4540	label_2
4541	label_2
4542	label_1
4543	label_2
4544	label_0
4545	label_2
4546	label_1
4547	label_0
4548	label_2
4549	label_1
4550	label_1
4551	label_0
4552	label_2
4553	label_1
4554	label_2
4555	label_1
4556	label_2
4557	label_1
4558	label_1
4559	label_2
4560	label_0
4561	label_1
4562	label_2
4563	label_0
4564	label_2
4565	label_0
4566	label_0
4567	label_0
4568	label_2
4569	label_2
4570	label_0
4571	label_2
4572	label_2
4573	label_1
4574	label_0
4575	label_0
4576	label_2
4577	label_0
4578	label_1
4579	label_0
4580	label_2
4581	label_2
4582	label_1
4583	label_2
4584	label_2
4585	label_0
4586	label_1
4587	label_1
4588	label_2
4589	label_0
4590	label_2
4591	label_2
4592	label_0
4593	label_0
4594	label_2
4595	label_1
4596	label_2
4597	label_0
4598	label_2
4599	label_2
4600	label_2
4601	label_2
4602	label_2
4603	label_2
4604	label_2
4605	label_2
4606	label_2
4607	label_1
4608	label_1
4609	label_0
4610	label_2
4611	label_1
4612	label_2
4613	label_2
4614	label_2
4615	label_0
4616	label_2
4617	label_0
4618	label_1
4619	label_2
4620	label_2
4621	label_0
4622	label_2
4623	label_0
4624	label_1
4625	label_0
4626	label_2
4627	label_1
4628	label_0
4629	label_0
4630	label_2
4631	label_0
4632	label_0
4633	label_2
4634	label_1
4635	label_2
4636	label_2
4637	label_2
4638	label_2
4639	label_1
4640	label_1
4641	label_2
4642	label_2
4643	label_2
4644	label_1
4645	label_0
4646	label_2
4647	label_1
4648	label_2
4649	label_1
4650	label_0
4651	label_2
4652	label_0
4653	label_0
4654	label_0
4655	label_0
4656	label_2
4657	label_1
4658	label_1
4659	label_2
4660	label_0
4661	label_1
4662	label_0
4663	label_2
4664	label_2
4665	label_0
4666	label_1
4667	label_0
4668	label_0
4669	label_0
4670	label_1
4671	label_0
4672	label_1
4673	label_0
4674	label_1
4675	label_1
4676	label_0
4677	label_2
4678	label_1
4679	label_2
4680	label_0
4681	label_2
4682	label_0
4683	label_2
4684	label_1
4685	label_0
4686	label_2
4687	label_0
4688	label_2
4689	label_1
4690	label_0
4691	label_2
4692	label_0
4693	label_2
4694	label_0
4695	label_1
4696	label_1
4697	label_2
4698	label_2
4699	label_2
4700	label_0
4701	label_0
4702	label_2
4703	label_2
4704	label_0
4705	label_1
4706	label_0
4707	label_0
4708	label_0
4709	label_2
4710	label_2
4711	label_2
4712	label_0
4713	label_1
4714	label_1
4715	label_1
4716	label_0
4717	label_0
4718	label_2
4719	label_0
4720	label_2
4721	label_1
4722	label_0
4723	label_0
4724	label_0
4725	label_0
4726	label_2
4727	label_2
4728	label_2
4729	label_0
4730	label_2
4731	label_2
4732	label_1
4733	label_1
4734	label_1
4735	label_1
4736	label_1
4737	label_0
4738	label_0
4739	label_1
4740	label_1
4741	label_1
4742	label_0
4743	label_1
4744	label_0
4745	label_2
4746	label_2
4747	label_0
4748	label_2
4749	label_1
4750	label_1
4751	label_0
4752	label_1
4753	label_1
4754	label_0
4755	label_2
4756	label_0
4757	label_0
4758	label_1
4759	label_1
4760	label_2
4761	label_2
4762	label_0
4763	label_1
4764	label_2
4765	label_1
4766	label_0
4767	label_2
4768	label_0
4769	label_1
4770	label_2
4771	label_2
4772	label_2
4773	label_1
4774	label_2
4775	label_1
4776	label_0
4777	label_1
4778	label_1
4779	label_0
4780	label_0
4781	label_2
4782	label_1
4783	label_1
4784	label_2
4785	label_1
4786	label_1
4787	label_1
4788	label_0
4789	label_0
4790	label_2
4791	label_2
4792	label_2
4793	label_0
4794	label_0
4795	label_1
4796	label_2
4797	label_2
4798	label_0
4799	label_0
4800	label_0
4801	label_1
4802	label_2
4803	label_2
4804	label_2
4805	label_1
4806	label_1
4807	label_2
4808	label_0
4809	label_1
4810	label_2
4811	label_0
4812	label_2
4813	label_2
4814	label_1
4815	label_1
4816	label_1
4817	label_0
4818	label_1
4819	label_2
4820	label_1
4821	label_1
4822	label_0
4823	label_0
4824	label_2
4825	label_0
4826	label_2
4827	label_0
4828	label_2
4829	label_0
4830	label_0
4831	label_2
4832	label_0
4833	label_0
4834	label_0
4835	label_0
4836	label_2
4837	label_1
4838	label_0
4839	label_2
4840	label_1
4841	label_2
4842	label_2
4843	label_2
4844	label_0
4845	label_1
4846	label_2
4847	label_1
4848	label_2
4849	label_0
4850	label_2
4851	label_2
4852	label_1
4853	label_2
4854	label_2
4855	label_0
4856	label_0
4857	label_2
4858	label_1
4859	label_1
4860	label_1
4861	label_0
4862	label_2
4863	label_2
4864	label_1
4865	label_0
4866	label_2
4867	label_0
4868	label_0
4869	label_1
4870	label_0
4871	label_0
4872	label_2
4873	label_2
4874	label_1
4875	label_0
4876	label_2
4877	label_1
4878	label_0
4879	label_2
4880	label_1
4881	label_0
4882	label_0
4883	label_2
4884	label_1
4885	label_0
4886	label_0
4887	label_0
4888	label_1
4889	label_0
4890	label_0
4891	label_2
4892	label_2
4893	label_0
4894	label_2
4895	label_1
4896	label_2
4897	label_1
4898	label_1
4899	label_1
4900	label_0
4901	label_1
4902	label_1
4903	label_2
4904	label_2
4905	label_2
4906	label_0
4907	label_2
4908	label_0
4909	label_1
4910	label_1
4911	label_1
4912	label_2
4913	label_2
4914	label_2
4915	label_1
4916	label_2
4917	label_0
4918	label_2
4919	label_0
4920	label_0
4921	label_1
4922	label_2
4923	label_2
4924	label_1
4925	label_0
4926	label_1
4927	label_0
4928	label_2
4929	label_0
4930	label_0
4931	label_1
4932	label_2
4933	label_2
4934	label_1
4935	label_1
4936	label_2
4937	label_0
4938	label_1
4939	label_2
4940	label_1
4941	label_1
4942	label_2
4943	label_0
4944	label_2
4945	label_0
4946	label_1
4947	label_2
4948	label_2
4949	label_2
4950	label_2
4951	label_1
4952	label_2
4953	label_0
4954	label_1
4955	label_2
4956	label_1
4957	label_2
4958	label_0
4959	label_1
4960	label_2
4961	label_1
4962	label_1
4963	label_2
4964	label_1
4965	label_0
4966	label_2
4967	label_0
4968	label_0
4969	label_1
4970	label_1
4971	label_2
4972	label_2
4973	label_1
4974	label_1
4975	label_0
4976	label_2
4977	label_0
4978	label_2
4979	label_2
4980	label_0
4981	label_0
4982	label_2
4983	label_0
4984	label_2
4985	label_0
4986	label_2
4987	label_0
4988	label_2
4989	label_2
4990	label_1
4991	label_1
4992	label_1
4993	label_0
4994	label_0
4995	label_0
4996	label_0
4997	label_2
4998	label_2
4999	label_2
5000	label_2
5001	label_0
5002	label_1
5003	label_0
5004	label_0
5005	label_2
5006	label_1
5007	label_1
5008	label_2
5009	label_1
5010	label_0
5011	label_0
5012	label_1
5013	label_1
5014	label_0
5015	label_1
5016	label_1
5017	label_0
5018	label_1
5019	label_2
5020	label_2
5021	label_2
5022	label_2
5023	label_2
5024	label_1
5025	label_0
5026	label_1
5027	label_2
5028	label_2
5029	label_1
5030	label_1
5031	label_0
5032	label_0
5033	label_2
5034	label_1
5035	label_1
5036	label_1
5037	label_1
5038	label_0
5039	label_2
5040	label_1
5041	label_0
5042	label_2
5043	label_0
5044	label_0
5045	label_0
5046	label_2
5047	label_0
5048	label_2
5049	label_2
5050	label_1
5051	label_0
5052	label_2
5053	label_0
5054	label_1
5055	label_2
5056	label_2
5057	label_0
5058	label_0
5059	label_1
5060	label_0
5061	label_2
5062	label_0
5063	label_2
5064	label_1
5065	label_0
5066	label_1
5067	label_2
5068	label_1
5069	label_2
5070	label_2
5071	label_2
5072	label_2
5073	label_1
5074	label_1
5075	label_2
5076	label_0
5077	label_0
5078	label_2
5079	label_0
5080	label_2
5081	label_0
5082	label_0
5083	label_2
5084	label_0
5085	label_1
5086	label_2
5087	label_2
5088	label_0
5089	label_2
5090	label_1
5091	label_1
5092	label_1
5093	label_1
5094	label_1
5095	label_0
5096	label_2
5097	label_2
5098	label_0
5099	label_2
5100	label_1
5101	label_2
5102	label_0
5103	label_0
5104	label_2
5105	label_1
5106	label_0
5107	label_1
5108	label_1
5109	label_0
5110	label_1
5111	label_0
5112	label_1
5113	label_0
5114	label_2
5115	label_0
5116	label_1
5117	label_2
5118	label_0
5119	label_2
5120	label_2
5121	label_1
5122	label_0
5123	label_0
5124	label_0
5125	label_0
5126	label_2
5127	label_0
5128	label_1
5129	label_1
5130	label_0
5131	label_0
5132	label_1
5133	label_0
5134	label_0
5135	label_1
5136	label_0
5137	label_2
5138	label_2
5139	label_1
5140	label_2
5141	label_1
5142	label_2
5143	label_0
5144	label_1
5145	label_2
5146	label_1
5147	label_2
5148	label_0
5149	label_2
5150	label_2
5151	label_1
5152	label_1
5153	label_1
5154	label_0
5155	label_2
5156	label_0
5157	label_1
5158	label_2
5159	label_1
5160	label_2
5161	label_0
5162	label_0
5163	label_1
5164	label_2
5165	label_2
5166	label_0
5167	label_0
5168	label_0
5169	label_0
5170	label_2
5171	label_0
5172	label_2
5173	label_0
5174	label_1
5175	label_2
5176	label_1
5177	label_0
5178	label_0
5179	label_2
5180	label_0
5181	label_2
5182	label_0
5183	label_0
5184	label_2
5185	label_2
5186	label_1
5187	label_2
5188	label_1
5189	label_2
5190	label_2
5191	label_0
5192	label_1
5193	label_0
5194	label_2
5195	label_2
5196	label_1
5197	label_2
5198	label_0
5199	label_2
5200	label_1
5201	label_2
5202	label_2
5203	label_2
5204	label_0
5205	label_2
5206	label_0
5207	label_2
5208	label_0
5209	label_2
5210	label_1
5211	label_1
5212	label_2
5213	label_1
5214	label_0
5215	label_2
5216	label_2
5217	label_2
5218	label_0
5219	label_2
5220	label_2
5221	label_2
5222	label_0
5223	label_2
5224	label_0
5225	label_1
5226	label_2
5227	label_2
5228	label_1
5229	label_2
5230	label_1
5231	label_0
5232	label_0
5233	label_0
5234	label_2
5235	label_2
5236	label_2
5237	label_2
5238	label_1
5239	label_2
5240	label_1
5241	label_0
5242	label_2
5243	label_2
5244	label_0
5245	label_0
5246	label_1
5247	label_2
5248	label_0
5249	label_1
5250	label_2
5251	label_0
5252	label_0
5253	label_1
5254	label_0
5255	label_0
5256	label_0
5257	label_1
5258	label_2
5259	label_0
5260	label_2
5261	label_0
5262	label_0
5263	label_1
5264	label_0
5265	label_2
5266	label_2
5267	label_0
5268	label_0
5269	label_2
5270	label_0
5271	label_2
5272	label_0
5273	label_0
5274	label_2
5275	label_2
5276	label_0
5277	label_0
5278	label_1
5279	label_1
5280	label_1
5281	label_2
5282	label_2
5283	label_1
5284	label_2
5285	label_1
5286	label_2
5287	label_1
5288	label_1
5289	label_1
5290	label_1
5291	label_0
5292	label_0
5293	label_0
5294	label_1
5295	label_0
5296	label_1
5297	label_0
5298	label_1
5299	label_2
5300	label_0
5301	label_0
5302	label_0
5303	label_2
5304	label_1
5305	label_2
5306	label_0
5307	label_0
5308	label_0
5309	label_1
5310	label_1
5311	label_1
5312	label_2
5313	label_2
5314	label_2
5315	label_1
5316	label_1
5317	label_2
5318	label_0
5319	label_0
5320	label_0
5321	label_0
5322	label_2
5323	label_0
5324	label_2
5325	label_0
5326	label_0
5327	label_1
5328	label_0
5329	label_2
5330	label_0
5331	label_0
5332	label_2
5333	label_0
5334	label_0
5335	label_0
5336	label_0
5337	label_0
5338	label_1
5339	label_2
5340	label_2
5341	label_1
5342	label_1
5343	label_0
5344	label_0
5345	label_2
5346	label_2
5347	label_2
5348	label_2
5349	label_0
5350	label_1
5351	label_2
5352	label_2
5353	label_2
5354	label_2
5355	label_1
5356	label_0
5357	label_0
5358	label_2
5359	label_1
5360	label_1
5361	label_1
5362	label_1
5363	label_2
5364	label_1
5365	label_1
5366	label_1
5367	label_2
5368	label_2
5369	label_2
5370	label_2
5371	label_1
5372	label_1
5373	label_0
5374	label_0
5375	label_2
5376	label_1
5377	label_2
5378	label_1
5379	label_2
5380	label_2
5381	label_1
5382	label_2
5383	label_2
5384	label_2
5385	label_0
5386	label_1
5387	label_2
5388	label_2
5389	label_0
5390	label_2
5391	label_1
5392	label_0
5393	label_2
5394	label_2
5395	label_2
5396	label_2
5397	label_1
5398	label_2
5399	label_1
5400	label_2
5401	label_0
5402	label_2
5403	label_2
5404	label_0
5405	label_0
5406	label_0
5407	label_2
5408	label_2
5409	label_2
5410	label_1
5411	label_1
5412	label_2
5413	label_1
5414	label_2
5415	label_2
5416	label_2
5417	label_2
5418	label_1
5419	label_1
5420	label_0
5421	label_1
5422	label_1
5423	label_2
5424	label_2
5425	label_2
5426	label_0
5427	label_1
5428	label_1
5429	label_0
5430	label_0
5431	label_2
5432	label_1
5433	label_1
5434	label_1
5435	label_2
5436	label_1
5437	label_2
5438	label_0
5439	label_2
5440	label_2
5441	label_0
5442	label_2
5443	label_0
5444	label_2
5445	label_2
5446	label_1
5447	label_0
5448	label_2
5449	label_2
5450	label_2
5451	label_0
5452	label_1
5453	label_0
5454	label_2
5455	label_0
5456	label_0
5457	label_0
5458	label_2
5459	label_0
5460	label_2
5461	label_2
5462	label_0
5463	label_0
5464	label_0
5465	label_1
5466	label_0
5467	label_2
5468	label_2
5469	label_2
5470	label_0
5471	label_2
5472	label_0
5473	label_1
5474	label_1
5475	label_2
5476	label_1
5477	label_1
5478	label_0
5479	label_0
5480	label_1
5481	label_1
5482	label_0
5483	label_1
5484	label_0
5485	label_1
5486	label_0
5487	label_1
5488	label_0
5489	label_0
5490	label_0
5491	label_2
5492	label_1
5493	label_1
5494	label_1
5495	label_2
5496	label_1
5497	label_2
5498	label_1
5499	label_2
5500	label_2
5501	label_1
5502	label_1
5503	label_2
5504	label_2
5505	label_1
5506	label_2
5507	label_1
5508	label_0
5509	label_1
5510	label_0
5511	label_2
5512	label_0
5513	label_1
5514	label_1
5515	label_1
5516	label_2
5517	label_0
5518	label_0
5519	label_2
5520	label_2
5521	label_0
5522	label_2
5523	label_1
5524	label_0
5525	label_2
5526	label_2
5527	label_0
5528	label_1
5529	label_0
5530	label_1
5531	label_2
5532	label_1
5533	label_0
5534	label_2
5535	label_1
5536	label_2
5537	label_1
5538	label_1
5539	label_0
5540	label_1
5541	label_1
5542	label_1
5543	label_0
5544	label_0
5545	label_2
5546	label_1
5547	label_1
5548	label_0
5549	label_0
5550	label_2
5551	label_1
5552	label_2
5553	label_0
5554	label_0
5555	label_1
5556	label_1
5557	label_1
5558	label_0
5559	label_2
5560	label_0
5561	label_0
5562	label_0
5563	label_0
5564	label_0
5565	label_1
5566	label_0
5567	label_1
5568	label_0
5569	label_2
5570	label_1
5571	label_2
5572	label_1
5573	label_0
5574	label_0
5575	label_0
5576	label_0
5577	label_0
5578	label_2
5579	label_2
5580	label_1
5581	label_2
5582	label_2
5583	label_2
5584	label_1
5585	label_2
5586	label_1
5587	label_2
5588	label_1
5589	label_1
5590	label_0
5591	label_0
5592	label_0
5593	label_2
5594	label_0
5595	label_1
5596	label_0
5597	label_0
5598	label_0
5599	label_1
5600	label_0
5601	label_2
5602	label_0
5603	label_2
5604	label_2
5605	label_1
5606	label_2
5607	label_1
5608	label_2
5609	label_0
5610	label_2
5611	label_0
5612	label_2
5613	label_1
5614	label_0
5615	label_2
5616	label_1
5617	label_1
5618	label_1
5619	label_2
5620	label_0
5621	label_0
5622	label_2
5623	label_2
5624	label_2
5625	label_2
5626	label_0
5627	label_2
5628	label_1
5629	label_2
5630	label_0
5631	label_0
5632	label_2
5633	label_2
5634	label_0
5635	label_0
5636	label_0
5637	label_2
5638	label_2
5639	label_0
5640	label_2
5641	label_1
5642	label_2
5643	label_0
5644	label_2
5645	label_0
5646	label_2
5647	label_0
5648	label_1
5649	label_0
5650	label_1
5651	label_1
5652	label_2
5653	label_1
5654	label_0
5655	label_0
5656	label_0
5657	label_1
5658	label_2
5659	label_0
5660	label_2
5661	label_0
5662	label_2
5663	label_0
5664	label_1
5665	label_0
5666	label_0
5667	label_1
5668	label_1
5669	label_1
5670	label_1
5671	label_0
5672	label_2
5673	label_2
5674	label_0
5675	label_0
5676	label_0
5677	label_1
5678	label_2
5679	label_0
5680	label_1
5681	label_1
5682	label_2
5683	label_2
5684	label_1
5685	label_0
5686	label_2
5687	label_0
5688	label_0
5689	label_2
5690	label_0
5691	label_0
5692	label_1
5693	label_2
5694	label_0
5695	label_0
5696	label_1
5697	label_1
5698	label_0
5699	label_1
5700	label_0
5701	label_2
5702	label_1
5703	label_0
5704	label_1
5705	label_1
5706	label_1
5707	label_1
5708	label_2
5709	label_0
5710	label_0
5711	label_1
5712	label_2
5713	label_1
5714	label_0
5715	label_2
5716	label_0
5717	label_0
5718	label_2
5719	label_0
5720	label_0
5721	label_0
5722	label_0
5723	label_1
5724	label_1
5725	label_2
5726	label_2
5727	label_2
5728	label_1
5729	label_0
5730	label_1
5731	label_2
5732	label_1
5733	label_1
5734	label_0
5735	label_1
5736	label_0
5737	label_1
5738	label_2
5739	label_2
5740	label_0
5741	label_2
5742	label_2
5743	label_1
5744	label_1
5745	label_0
5746	label_2
5747	label_0
5748	label_1
5749	label_0
5750	label_0
5751	label_0
5752	label_2
5753	label_0
5754	label_1
5755	label_2
5756	label_1
5757	label_1
5758	label_2
5759	label_1
5760	label_1
5761	label_1
5762	label_2
5763	label_0
5764	label_0
5765	label_2
5766	label_1
5767	label_0
5768	label_0
5769	label_2
5770	label_2
5771	label_0
5772	label_1
5773	label_2
5774	label_2
5775	label_1
5776	label_1
5777	label_2
5778	label_0
5779	label_2
5780	label_2
5781	label_1
5782	label_2
5783	label_2
5784	label_2
5785	label_0
5786	label_0
5787	label_0
5788	label_1
5789	label_1
5790	label_2
5791	label_0
5792	label_0
5793	label_1
5794	label_1
5795	label_1
5796	label_0
5797	label_1
5798	label_0
5799	label_1
5800	label_1
5801	label_0
5802	label_0
5803	label_2
5804	label_0
5805	label_2
5806	label_2
5807	label_0
5808	label_1
5809	label_1
5810	label_0
5811	label_2
5812	label_1
5813	label_1
5814	label_1
5815	label_0
5816	label_1
5817	label_0
5818	label_2
5819	label_2
5820	label_2
5821	label_1
5822	label_0
5823	label_0
5824	label_1
5825	label_0
5826	label_2
5827	label_2
5828	label_1
5829	label_2
5830	label_1
5831	label_0
5832	label_2
5833	label_2
5834	label_2
5835	label_1
5836	label_2
5837	label_2
5838	label_2
5839	label_1
5840	label_0
5841	label_1
5842	label_1
5843	label_2
5844	label_1
5845	label_2
5846	label_2
5847	label_0
5848	label_2
5849	label_2
5850	label_0
5851	label_1
5852	label_1
5853	label_0
5854	label_2
5855	label_2
5856	label_0
5857	label_1
5858	label_2
5859	label_2
5860	label_2
5861	label_2
5862	label_2
5863	label_2
5864	label_0
5865	label_0
5866	label_2
5867	label_1
5868	label_1
5869	label_1
5870	label_2
5871	label_1
5872	label_2
5873	label_0
5874	label_1
5875	label_0
5876	label_0
5877	label_1
5878	label_0
5879	label_0
5880	label_0
5881	label_0
5882	label_1
5883	label_0
5884	label_0
5885	label_0
5886	label_1
5887	label_0
5888	label_0
5889	label_1
5890	label_0
5891	label_0
5892	label_1
5893	label_2
5894	label_2
5895	label_0
5896	label_2
5897	label_0
5898	label_1
5899	label_2
5900	label_0
5901	label_1
5902	label_2
5903	label_0
5904	label_2
5905	label_1
5906	label_2
5907	label_0
5908	label_0
5909	label_0
5910	label_0
5911	label_2
5912	label_2
5913	label_2
5914	label_1
5915	label_2
5916	label_2
5917	label_1
5918	label_1
5919	label_2
5920	label_0
5921	label_1
5922	label_1
5923	label_1
5924	label_0
5925	label_0
5926	label_2
5927	label_2
5928	label_1
5929	label_1
5930	label_1
5931	label_0
5932	label_0
5933	label_0
5934	label_1
5935	label_1
5936	label_1
5937	label_0
5938	label_2
5939	label_1
5940	label_2
5941	label_0
5942	label_2
5943	label_2
5944	label_1
5945	label_0
5946	label_2
5947	label_0
5948	label_1
5949	label_1
5950	label_0
5951	label_1
5952	label_0
5953	label_1
5954	label_2
5955	label_0
5956	label_1
5957	label_1
5958	label_2
5959	label_2
5960	label_1
5961	label_0
5962	label_2
5963	label_0
5964	label_1
5965	label_0
5966	label_0
5967	label_0
5968	label_0
5969	label_1
5970	label_0
5971	label_0
5972	label_1
5973	label_1
5974	label_2
5975	label_1
5976	label_2
5977	label_1
5978	label_1
5979	label_0
5980	label_1
5981	label_0
5982	label_0
5983	label_1
5984	label_1
5985	label_1
5986	label_0
5987	label_0
5988	label_0
5989	label_1
5990	label_1
5991	label_1
5992	label_0
5993	label_0
5994	label_0
5995	label_0
5996	label_1
5997	label_1
5998	label_0
5999	label_2
6000	label_2
6001	label_1
6002	label_1
6003	label_2
6004	label_2
6005	label_1
6006	label_2
6007	label_0
6008	label_2
6009	label_2
6010	label_1
6011	label_2
6012	label_0
6013	label_1
6014	label_0
6015	label_1
6016	label_0
6017	label_2
6018	label_2
6019	label_1
6020	label_1
6021	label_1
6022	label_0
6023	label_2
6024	label_1
6025	label_2
6026	label_2
6027	label_1
6028	label_1
6029	label_0
6030	label_1
6031	label_2
6032	label_1
6033	label_0
6034	label_2
6035	label_1
6036	label_0
6037	label_2
6038	label_2
6039	label_0
6040	label_2
6041	label_0
6042	label_0
6043	label_1
6044	label_0
6045	label_2
6046	label_0
6047	label_1
6048	label_1
6049	label_0
6050	label_0
6051	label_2
6052	label_0
6053	label_1
6054	label_1
6055	label_1
6056	label_1
6057	label_0
6058	label_0
6059	label_2
6060	label_0
6061	label_2
6062	label_0
6063	label_0
6064	label_2
6065	label_1
6066	label_2
6067	label_1
6068	label_2
6069	label_0
6070	label_2
6071	label_2
6072	label_1
6073	label_0
6074	label_0
6075	label_2
6076	label_2
6077	label_0
6078	label_2
6079	label_2
6080	label_1
6081	label_1
6082	label_2
6083	label_0
6084	label_1
6085	label_0
6086	label_0
6087	label_1
6088	label_0
6089	label_0
6090	label_0
6091	label_1
6092	label_0
6093	label_2
6094	label_2
6095	label_0
6096	label_2
6097	label_1
6098	label_0
6099	label_1
6100	label_0
6101	label_2
6102	label_1
6103	label_0
6104	label_0
6105	label_2
6106	label_0
6107	label_0
6108	label_1
6109	label_1
6110	label_2
6111	label_1
6112	label_2
6113	label_0
6114	label_2
6115	label_1
6116	label_2
6117	label_1
6118	label_1
6119	label_2
6120	label_1
6121	label_2
6122	label_2
6123	label_1
6124	label_2
6125	label_0
6126	label_1
6127	label_1
6128	label_0
6129	label_1
6130	label_2
6131	label_1
6132	label_1
6133	label_1
6134	label_2
6135	label_1
6136	label_0
6137	label_2
6138	label_2
6139	label_2
6140	label_1
6141	label_0
6142	label_2
6143	label_1
6144	label_0
6145	label_2
6146	label_1
6147	label_1
6148	label_0
6149	label_0
6150	label_1
6151	label_2
6152	label_1
6153	label_1
6154	label_2
6155	label_1
6156	label_2
6157	label_2
6158	label_0
6159	label_2
6160	label_2
6161	label_2
6162	label_1
6163	label_2
6164	label_1
6165	label_2
6166	label_1
6167	label_2
6168	label_1
6169	label_1
6170	label_2
6171	label_2
6172	label_0
6173	label_0
6174	label_1
6175	label_0
6176	label_0
6177	label_0
6178	label_0
6179	label_1
6180	label_0
6181	label_2
6182	label_2
6183	label_1
6184	label_0
6185	label_0
6186	label_0
6187	label_1
6188	label_0
6189	label_2
6190	label_2
6191	label_1
6192	label_0
6193	label_0
6194	label_0
6195	label_2
6196	label_0
6197	label_0
6198	label_0
6199	label_1
6200	label_2
6201	label_1
6202	label_1
6203	label_2
6204	label_2
6205	label_0
6206	label_2
6207	label_1
6208	label_2
6209	label_1
6210	label_1
6211	label_2
6212	label_0
6213	label_0
6214	label_2
6215	label_2
6216	label_1
6217	label_2
6218	label_0
6219	label_2
6220	label_1
6221	label_2
6222	label_2
6223	label_2
6224	label_2
6225	label_0
6226	label_1
6227	label_1
6228	label_0
6229	label_2
6230	label_1
6231	label_0
6232	label_0
6233	label_1
6234	label_0
6235	label_2
6236	label_1
6237	label_1
6238	label_0
6239	label_2
6240	label_1
6241	label_2
6242	label_1
6243	label_1
6244	label_0
6245	label_2
6246	label_1
6247	label_2
6248	label_2
6249	label_1
6250	label_0
6251	label_1
6252	label_2
6253	label_1
6254	label_1
6255	label_1
6256	label_1
6257	label_0
6258	label_0
6259	label_0
6260	label_1
6261	label_2
6262	label_2
6263	label_1
6264	label_0
6265	label_0
6266	label_2
6267	label_2
6268	label_0
6269	label_0
6270	label_0
6271	label_0
6272	label_2
6273	label_0
6274	label_1
6275	label_2
6276	label_2
6277	label_2
6278	label_0
6279	label_0
6280	label_1
6281	label_0
6282	label_2
6283	label_2
6284	label_1
6285	label_0
6286	label_1
6287	label_0
6288	label_2
6289	label_2
6290	label_2
6291	label_2
6292	label_0
6293	label_1
6294	label_0
6295	label_2
6296	label_1
6297	label_2
6298	label_2
6299	label_0
6300	label_0
6301	label_0
6302	label_2
6303	label_2
6304	label_1
6305	label_2
6306	label_1
6307	label_1
6308	label_1
6309	label_0
6310	label_0
6311	label_0
6312	label_2
6313	label_1
6314	label_2
6315	label_2
6316	label_0
6317	label_0
6318	label_0
6319	label_1
6320	label_1
6321	label_1
6322	label_1
6323	label_0
6324	label_1
6325	label_0
6326	label_2
6327	label_2
6328	label_1
6329	label_2
6330	label_2
6331	label_1
6332	label_2
6333	label_2
6334	label_0
6335	label_2
6336	label_0
6337	label_0
6338	label_0
6339	label_2
6340	label_2
6341	label_2
6342	label_1
6343	label_1
6344	label_2
6345	label_2
6346	label_1
6347	label_0
6348	label_2
6349	label_1
6350	label_2
6351	label_1
6352	label_0
6353	label_2
6354	label_0
6355	label_0
6356	label_1
6357	label_2
6358	label_0
6359	label_2
6360	label_0
6361	label_2
6362	label_2
6363	label_0
6364	label_2
6365	label_2
6366	label_2
6367	label_0
6368	label_2
6369	label_1
6370	label_2
6371	label_1
6372	label_0
6373	label_0
6374	label_1
6375	label_0
6376	label_0
6377	label_0
6378	label_2
6379	label_0
6380	label_1
6381	label_2
6382	label_2
6383	label_0
6384	label_1
6385	label_1
6386	label_2
6387	label_2
6388	label_0
6389	label_2
6390	label_2
6391	label_1
6392	label_1
6393	label_2
6394	label_2
6395	label_0
6396	label_2
6397	label_2
6398	label_1
6399	label_2
6400	label_2
6401	label_0
6402	label_0
6403	label_0
6404	label_0
6405	label_2
6406	label_0
6407	label_1
6408	label_1
6409	label_1
6410	label_0
6411	label_0
6412	label_2
6413	label_0
6414	label_2
6415	label_0
6416	label_1
6417	label_2
6418	label_2
6419	label_0
6420	label_0
6421	label_1
6422	label_1
6423	label_1
6424	label_0
6425	label_1
6426	label_2
6427	label_0
6428	label_0
6429	label_2
6430	label_1
6431	label_0
6432	label_0
6433	label_2
6434	label_0
6435	label_0
6436	label_2
6437	label_0
6438	label_0
6439	label_1
6440	label_2
6441	label_0
6442	label_1
6443	label_0
6444	label_0
6445	label_2
6446	label_0
6447	label_0
6448	label_2
6449	label_2
6450	label_0
6451	label_1
6452	label_0
6453	label_0
6454	label_1
6455	label_2
6456	label_0
6457	label_2
6458	label_0
6459	label_0
6460	label_2
6461	label_1
6462	label_0
6463	label_2
6464	label_0
6465	label_1
6466	label_0
6467	label_2
6468	label_0
6469	label_0
6470	label_1
6471	label_2
6472	label_1
6473	label_0
6474	label_1
6475	label_0
6476	label_1
6477	label_2
6478	label_0
6479	label_2
6480	label_0
6481	label_0
6482	label_2
6483	label_1
6484	label_0
6485	label_2
6486	label_0
6487	label_0
6488	label_1
6489	label_1
6490	label_1
6491	label_1
6492	label_0
6493	label_1
6494	label_2
6495	label_0
6496	label_2
6497	label_2
6498	label_2
6499	label_1
6500	label_1
6501	label_0
6502	label_0
6503	label_1
6504	label_0
6505	label_1
6506	label_2
6507	label_2
6508	label_2
6509	label_0
6510	label_0
6511	label_2
6512	label_1
6513	label_2
6514	label_2
6515	label_1
6516	label_0
6517	label_2
6518	label_1
6519	label_0
6520	label_2
6521	label_0
6522	label_0
6523	label_2
6524	label_0
6525	label_1
6526	label_2
6527	label_0
6528	label_0
6529	label_2
6530	label_2
6531	label_2
6532	label_2
6533	label_0
6534	label_1
6535	label_1
6536	label_2
6537	label_0
6538	label_2
6539	label_1
6540	label_2
6541	label_2
6542	label_0
6543	label_1
6544	label_0
6545	label_0
6546	label_2
6547	label_0
6548	label_1
6549	label_0
6550	label_2
6551	label_1
6552	label_2
6553	label_0
6554	label_2
6555	label_2
6556	label_1
6557	label_2
6558	label_0
6559	label_1
6560	label_0
6561	label_2
6562	label_2
6563	label_2
6564	label_2
6565	label_0
6566	label_2
6567	label_2
6568	label_1
6569	label_2
6570	label_1
6571	label_2
6572	label_1
6573	label_0
6574	label_1
6575	label_1
6576	label_1
6577	label_1
6578	label_2
6579	label_2
6580	label_0
6581	label_2
6582	label_2
6583	label_0
6584	label_2
6585	label_0
6586	label_1
6587	label_1
6588	label_2
6589	label_2
6590	label_0
6591	label_0
6592	label_1
6593	label_2
6594	label_1
6595	label_1
6596	label_1
6597	label_1
6598	label_1
6599	label_0
6600	label_1
6601	label_2
6602	label_2
6603	label_0
6604	label_2
6605	label_2
6606	label_2
6607	label_0
6608	label_1
6609	label_0
6610	label_0
6611	label_1
6612	label_0
6613	label_0
6614	label_1
6615	label_2
6616	label_1
6617	label_0
6618	label_2
6619	label_2
6620	label_0
6621	label_0
6622	label_1
6623	label_2
6624	label_0
6625	label_2
6626	label_0
6627	label_2
6628	label_0
6629	label_0
6630	label_0
6631	label_0
6632	label_2
6633	label_2
6634	label_2
6635	label_0
6636	label_2
6637	label_0
6638	label_0
6639	label_0
6640	label_2
6641	label_1
6642	label_0
6643	label_2
6644	label_2
6645	label_0
6646	label_2
6647	label_1
6648	label_1
6649	label_0
6650	label_1
6651	label_0
6652	label_0
6653	label_0
6654	label_2
6655	label_2
6656	label_1
6657	label_1
6658	label_0
6659	label_2
6660	label_2
6661	label_1
6662	label_0
6663	label_1
6664	label_0
6665	label_0
6666	label_2
6667	label_2
6668	label_0
6669	label_1
6670	label_1
6671	label_1
6672	label_2
6673	label_0
6674	label_1
6675	label_2
6676	label_1
6677	label_0
6678	label_2
6679	label_1
6680	label_0
6681	label_2
6682	label_1
6683	label_1
6684	label_1
6685	label_2
6686	label_2
6687	label_1
6688	label_1
6689	label_2
6690	label_0
6691	label_1
6692	label_2
6693	label_0
6694	label_0
6695	label_2
6696	label_0
6697	label_0
6698	label_1
6699	label_2
6700	label_2
6701	label_0
6702	label_0
6703	label_0
6704	label_1
6705	label_0
6706	label_1
6707	label_2
6708	label_2
6709	label_1
6710	label_2
6711	label_1
6712	label_2
6713	label_1
6714	label_0
6715	label_2
6716	label_1
6717	label_1
6718	label_0
6719	label_0
6720	label_0
6721	label_0
6722	label_2
6723	label_0
6724	label_0
6725	label_1
6726	label_0
6727	label_1
6728	label_2
6729	label_2
6730	label_1
6731	label_1
6732	label_2
6733	label_1
6734	label_1
6735	label_0
6736	label_0
6737	label_1
6738	label_2
6739	label_2
6740	label_0
6741	label_0
6742	label_2
6743	label_1
6744	label_0
6745	label_0
6746	label_2
6747	label_2
6748	label_0
6749	label_2
6750	label_2
6751	label_0
6752	label_0
6753	label_2
6754	label_1
6755	label_2
6756	label_1
6757	label_1
6758	label_2
6759	label_0
6760	label_0
6761	label_0
6762	label_0
6763	label_2
6764	label_2
6765	label_1
6766	label_1
6767	label_1
6768	label_2
6769	label_1
6770	label_1
6771	label_2
6772	label_2
6773	label_1
6774	label_2
6775	label_0
6776	label_0
6777	label_2
6778	label_0
6779	label_0
6780	label_0
6781	label_2
6782	label_0
6783	label_0
6784	label_2
6785	label_0
6786	label_1
6787	label_1
6788	label_2
6789	label_2
6790	label_1
6791	label_1
6792	label_1
6793	label_2
6794	label_0
6795	label_0
6796	label_0
6797	label_1
6798	label_2
6799	label_2
6800	label_1
6801	label_0
6802	label_0
6803	label_0
6804	label_1
6805	label_2
6806	label_1
6807	label_2
6808	label_0
6809	label_1
6810	label_2
6811	label_1
6812	label_2
6813	label_1
6814	label_1
6815	label_2
6816	label_0
6817	label_0
6818	label_1
6819	label_1
6820	label_1
6821	label_0
6822	label_1
6823	label_0
6824	label_1
6825	label_2
6826	label_0
6827	label_2
6828	label_2
6829	label_2
6830	label_2
6831	label_0
6832	label_2
6833	label_2
6834	label_2
6835	label_0
6836	label_2
6837	label_0
6838	label_0
6839	label_0
6840	label_1
6841	label_1
6842	label_0
6843	label_2
6844	label_1
6845	label_0
6846	label_0
6847	label_0
6848	label_1
6849	label_1
6850	label_0
6851	label_0
6852	label_0
6853	label_1
6854	label_1
6855	label_2
6856	label_0
6857	label_2
6858	label_1
6859	label_2
6860	label_1
6861	label_0
6862	label_2
6863	label_0
6864	label_1
6865	label_0
6866	label_1
6867	label_2
6868	label_0
6869	label_1
6870	label_0
6871	label_2
6872	label_2
6873	label_0
6874	label_2
6875	label_2
6876	label_2
6877	label_0
6878	label_2
6879	label_2
6880	label_2
6881	label_1
6882	label_1
6883	label_0
6884	label_2
6885	label_0
6886	label_2
6887	label_2
6888	label_1
6889	label_0
6890	label_1
6891	label_2
6892	label_0
6893	label_2
6894	label_0
6895	label_0
6896	label_0
6897	label_2
6898	label_1
6899	label_2
6900	label_2
6901	label_2
6902	label_1
6903	label_0
6904	label_2
6905	label_2
6906	label_1
6907	label_0
6908	label_2
6909	label_0
6910	label_0
6911	label_2
6912	label_2
6913	label_2
6914	label_0
6915	label_1
6916	label_2
6917	label_2
6918	label_0
6919	label_2
6920	label_2
6921	label_1
6922	label_1
6923	label_1
6924	label_1
6925	label_1
6926	label_1
6927	label_2
6928	label_1
6929	label_2
6930	label_1
6931	label_2
6932	label_1
6933	label_2
6934	label_1
6935	label_2
6936	label_1
6937	label_2
6938	label_1
6939	label_2
6940	label_1
6941	label_2
6942	label_1
6943	label_0
6944	label_0
6945	label_2
6946	label_1
6947	label_0
6948	label_2
6949	label_0
6950	label_0
6951	label_1
6952	label_0
6953	label_0
6954	label_2
6955	label_0
6956	label_2
6957	label_0
6958	label_0
6959	label_2
6960	label_1
6961	label_2
6962	label_2
6963	label_2
6964	label_0
6965	label_2
6966	label_1
6967	label_2
6968	label_0
6969	label_0
6970	label_2
6971	label_2
6972	label_0
6973	label_0
6974	label_2
6975	label_2
6976	label_0
6977	label_1
6978	label_0
6979	label_1
6980	label_1
6981	label_2
6982	label_1
6983	label_0
6984	label_2
6985	label_1
6986	label_0
6987	label_2
6988	label_0
6989	label_0
6990	label_2
6991	label_1
6992	label_0
6993	label_0
6994	label_0
6995	label_2
6996	label_2
6997	label_2
6998	label_0
6999	label_2
7000	label_1
7001	label_2
7002	label_2
7003	label_0
7004	label_0
7005	label_0
7006	label_1
7007	label_1
7008	label_0
7009	label_1
7010	label_1
7011	label_0
7012	label_0
7013	label_2
7014	label_1
7015	label_1
7016	label_0
7017	label_2
7018	label_0
7019	label_0
7020	label_2
7021	label_0
7022	label_0
7023	label_0
7024	label_2
7025	label_2
7026	label_2
7027	label_0
7028	label_1
7029	label_2
7030	label_0
7031	label_0
7032	label_1
7033	label_1
7034	label_0
7035	label_2
7036	label_1
7037	label_2
7038	label_0
7039	label_2
7040	label_0
7041	label_2
7042	label_2
7043	label_1
7044	label_0
7045	label_2
7046	label_1
7047	label_0
7048	label_0
7049	label_0
7050	label_0
7051	label_2
7052	label_2
7053	label_0
7054	label_0
7055	label_1
7056	label_2
7057	label_2
7058	label_0
7059	label_2
7060	label_2
7061	label_1
7062	label_0
7063	label_2
7064	label_1
7065	label_0
7066	label_0
7067	label_2
7068	label_2
7069	label_1
7070	label_1
7071	label_0
7072	label_2
7073	label_1
7074	label_0
7075	label_0
7076	label_2
7077	label_0
7078	label_0
7079	label_2
7080	label_1
7081	label_2
7082	label_2
7083	label_0
7084	label_1
7085	label_1
7086	label_0
7087	label_1
7088	label_1
7089	label_0
7090	label_0
7091	label_2
7092	label_2
7093	label_2
7094	label_1
7095	label_0
7096	label_2
7097	label_0
7098	label_1
7099	label_1
7100	label_0
7101	label_1
7102	label_1
7103	label_2
7104	label_0
7105	label_1
7106	label_1
7107	label_0
7108	label_2
7109	label_2
7110	label_1
7111	label_0
7112	label_0
7113	label_0
7114	label_2
7115	label_0
7116	label_0
7117	label_1
7118	label_0
7119	label_0
7120	label_0
7121	label_2
7122	label_2
7123	label_2
7124	label_2
7125	label_1
7126	label_2
7127	label_1
7128	label_2
7129	label_0
7130	label_1
7131	label_2
7132	label_1
7133	label_2
7134	label_1
7135	label_1
7136	label_2
7137	label_2
7138	label_2
7139	label_1
7140	label_2
7141	label_0
7142	label_0
7143	label_1
7144	label_2
7145	label_0
7146	label_0
7147	label_1
7148	label_2
7149	label_0
7150	label_1
7151	label_1
7152	label_2
7153	label_1
7154	label_0
7155	label_2
7156	label_2
7157	label_0
7158	label_0
7159	label_2
7160	label_1
7161	label_2
7162	label_2
7163	label_0
7164	label_0
7165	label_2
7166	label_0
7167	label_2
7168	label_2
7169	label_1
7170	label_2
7171	label_1
7172	label_0
7173	label_1
7174	label_1
7175	label_0
7176	label_1
7177	label_2
7178	label_1
7179	label_2
7180	label_0
7181	label_2
7182	label_1
7183	label_0
7184	label_1
7185	label_2
7186	label_2
7187	label_2
7188	label_1
7189	label_0
7190	label_2
7191	label_0
7192	label_2
7193	label_1
7194	label_0
7195	label_1
7196	label_0
7197	label_1
7198	label_2
7199	label_1
7200	label_2
7201	label_1
7202	label_2
7203	label_0
7204	label_2
7205	label_0
7206	label_1
7207	label_0
7208	label_2
7209	label_2
7210	label_1
7211	label_0
7212	label_1
7213	label_1
7214	label_2
7215	label_0
7216	label_2
7217	label_2
7218	label_0
7219	label_2
7220	label_0
7221	label_2
7222	label_0
7223	label_2
7224	label_0
7225	label_0
7226	label_2
7227	label_1
7228	label_1
7229	label_1
7230	label_0
7231	label_1
7232	label_0
7233	label_0
7234	label_1
7235	label_2
7236	label_0
7237	label_0
7238	label_1
7239	label_0
7240	label_2
7241	label_2
7242	label_2
7243	label_2
7244	label_2
7245	label_2
7246	label_2
7247	label_2
7248	label_1
7249	label_0
7250	label_2
7251	label_1
7252	label_2
7253	label_1
7254	label_1
7255	label_2
7256	label_2
7257	label_1
7258	label_1
7259	label_2
7260	label_0
7261	label_2
7262	label_1
7263	label_0
7264	label_2
7265	label_2
7266	label_1
7267	label_0
7268	label_0
7269	label_1
7270	label_1
7271	label_0
7272	label_1
7273	label_1
7274	label_0
7275	label_1
7276	label_0
7277	label_1
7278	label_2
7279	label_2
7280	label_0
7281	label_1
7282	label_2
7283	label_2
7284	label_0
7285	label_2
7286	label_0
7287	label_2
7288	label_2
7289	label_1
7290	label_2
7291	label_2
7292	label_1
7293	label_0
7294	label_0
7295	label_2
7296	label_0
7297	label_2
7298	label_2
7299	label_1
7300	label_1
7301	label_0
7302	label_1
7303	label_2
7304	label_1
7305	label_1
7306	label_2
7307	label_2
7308	label_2
7309	label_0
7310	label_0
7311	label_0
7312	label_0
7313	label_1
7314	label_1
7315	label_0
7316	label_0
7317	label_2
7318	label_0
7319	label_1
7320	label_2
7321	label_0
7322	label_2
7323	label_0
7324	label_1
7325	label_2
7326	label_2
7327	label_2
7328	label_1
7329	label_1
7330	label_2
7331	label_2
7332	label_2
7333	label_1
7334	label_1
7335	label_1
7336	label_2
7337	label_2
7338	label_1
7339	label_0
7340	label_0
7341	label_0
7342	label_0
7343	label_2
7344	label_2
7345	label_1
7346	label_0
7347	label_2
7348	label_2
7349	label_2
7350	label_1
7351	label_0
7352	label_2
7353	label_1
7354	label_1
7355	label_0
7356	label_2
7357	label_1
7358	label_2
7359	label_1
7360	label_1
7361	label_2
7362	label_0
7363	label_0
7364	label_0
7365	label_1
7366	label_2
7367	label_2
7368	label_2
7369	label_0
7370	label_0
7371	label_1
7372	label_2
7373	label_1
7374	label_1
7375	label_0
7376	label_1
7377	label_2
7378	label_2
7379	label_2
7380	label_2
7381	label_2
7382	label_0
7383	label_1
7384	label_1
7385	label_0
7386	label_0
7387	label_0
7388	label_2
7389	label_1
7390	label_0
7391	label_2
7392	label_1
7393	label_1
7394	label_0
7395	label_0
7396	label_0
7397	label_0
7398	label_0
7399	label_1
7400	label_2
7401	label_0
7402	label_2
7403	label_0
7404	label_2
7405	label_0
7406	label_2
7407	label_1
7408	label_1
7409	label_2
7410	label_2
7411	label_1
7412	label_2
7413	label_0
7414	label_2
7415	label_2
7416	label_1
7417	label_2
7418	label_0
7419	label_0
7420	label_2
7421	label_2
7422	label_2
7423	label_1
7424	label_2
7425	label_0
7426	label_2
7427	label_0
7428	label_2
7429	label_2
7430	label_0
7431	label_0
7432	label_1
7433	label_2
7434	label_2
7435	label_2
7436	label_1
7437	label_2
7438	label_1
7439	label_2
7440	label_2
7441	label_2
7442	label_2
7443	label_2
7444	label_0
7445	label_0
7446	label_0
7447	label_1
7448	label_0
7449	label_2
7450	label_1
7451	label_0
7452	label_0
7453	label_0
7454	label_2
7455	label_2
7456	label_1
7457	label_2
7458	label_2
7459	label_0
7460	label_1
7461	label_1
7462	label_2
7463	label_1
7464	label_2
7465	label_2
7466	label_1
7467	label_0
7468	label_0
7469	label_2
7470	label_2
7471	label_1
7472	label_2
7473	label_0
7474	label_1
7475	label_1
7476	label_1
7477	label_1
7478	label_1
7479	label_1
7480	label_2
7481	label_2
7482	label_2
7483	label_2
7484	label_1
7485	label_1
7486	label_2
7487	label_2
7488	label_1
7489	label_0
7490	label_2
7491	label_2
7492	label_2
7493	label_2
7494	label_0
7495	label_1
7496	label_0
7497	label_1
7498	label_2
7499	label_0
7500	label_0
7501	label_2
7502	label_1
7503	label_2
7504	label_0
7505	label_0
7506	label_2
7507	label_0
7508	label_0
7509	label_1
7510	label_2
7511	label_2
7512	label_0
7513	label_2
7514	label_0
7515	label_0
7516	label_2
7517	label_0
7518	label_2
7519	label_2
7520	label_1
7521	label_1
7522	label_0
7523	label_0
7524	label_2
7525	label_2
7526	label_0
7527	label_0
7528	label_2
7529	label_1
7530	label_2
7531	label_1
7532	label_0
7533	label_0
7534	label_0
7535	label_0
7536	label_1
7537	label_1
7538	label_2
7539	label_1
7540	label_2
7541	label_1
7542	label_0
7543	label_0
7544	label_2
7545	label_0
7546	label_1
7547	label_1
7548	label_2
7549	label_0
7550	label_2
7551	label_2
7552	label_2
7553	label_1
7554	label_2
7555	label_0
7556	label_0
7557	label_1
7558	label_1
7559	label_1
7560	label_2
7561	label_1
7562	label_1
7563	label_0
7564	label_2
7565	label_0
7566	label_1
7567	label_1
7568	label_2
7569	label_0
7570	label_0
7571	label_0
7572	label_2
7573	label_0
7574	label_2
7575	label_2
7576	label_2
7577	label_1
7578	label_2
7579	label_1
7580	label_2
7581	label_2
7582	label_1
7583	label_0
7584	label_2
7585	label_1
7586	label_2
7587	label_0
7588	label_0
7589	label_2
7590	label_0
7591	label_1
7592	label_1
7593	label_1
7594	label_1
7595	label_0
7596	label_1
7597	label_2
7598	label_0
7599	label_2
7600	label_1
7601	label_0
7602	label_0
7603	label_2
7604	label_1
7605	label_2
7606	label_2
7607	label_2
7608	label_2
7609	label_2
7610	label_2
7611	label_2
7612	label_0
7613	label_0
7614	label_2
7615	label_1
7616	label_0
7617	label_0
7618	label_0
7619	label_2
7620	label_1
7621	label_1
7622	label_2
7623	label_1
7624	label_2
7625	label_1
7626	label_2
7627	label_1
7628	label_1
7629	label_0
7630	label_2
7631	label_0
7632	label_1
7633	label_2
7634	label_2
7635	label_1
7636	label_2
7637	label_2
7638	label_2
7639	label_1
7640	label_1
7641	label_0
7642	label_1
7643	label_0
7644	label_2
7645	label_1
7646	label_2
7647	label_1
7648	label_2
7649	label_2
7650	label_2
7651	label_2
7652	label_2
7653	label_0
7654	label_0
7655	label_1
7656	label_0
7657	label_0
7658	label_1
7659	label_1
7660	label_2
7661	label_1
7662	label_1
7663	label_2
7664	label_0
7665	label_1
7666	label_2
7667	label_0
7668	label_1
7669	label_2
7670	label_0
7671	label_2
7672	label_2
7673	label_2
7674	label_2
7675	label_1
7676	label_0
7677	label_0
7678	label_0
7679	label_2
7680	label_0
7681	label_0
7682	label_2
7683	label_2
7684	label_2
7685	label_1
7686	label_0
7687	label_2
7688	label_2
7689	label_0
7690	label_2
7691	label_0
7692	label_0
7693	label_1
7694	label_0
7695	label_1
7696	label_2
7697	label_2
7698	label_2
7699	label_0
7700	label_0
7701	label_2
7702	label_0
7703	label_2
7704	label_0
7705	label_0
7706	label_2
7707	label_1
7708	label_2
7709	label_0
7710	label_0
7711	label_2
7712	label_1
7713	label_1
7714	label_2
7715	label_2
7716	label_0
7717	label_0
7718	label_2
7719	label_0
7720	label_0
7721	label_2
7722	label_2
7723	label_1
7724	label_2
7725	label_0
7726	label_2
7727	label_0
7728	label_2
7729	label_0
7730	label_2
7731	label_0
7732	label_2
7733	label_2
7734	label_0
7735	label_0
7736	label_1
7737	label_1
7738	label_2
7739	label_0
7740	label_2
7741	label_2
7742	label_0
7743	label_2
7744	label_1
7745	label_0
7746	label_0
7747	label_0
7748	label_0
7749	label_2
7750	label_1
7751	label_1
7752	label_0
7753	label_2
7754	label_1
7755	label_2
7756	label_1
7757	label_0
7758	label_2
7759	label_1
7760	label_0
7761	label_1
7762	label_0
7763	label_1
7764	label_2
7765	label_0
7766	label_0
7767	label_2
7768	label_0
7769	label_2
7770	label_2
7771	label_0
7772	label_0
7773	label_2
7774	label_2
7775	label_0
7776	label_0
7777	label_2
7778	label_2
7779	label_1
7780	label_1
7781	label_2
7782	label_1
7783	label_2
7784	label_1
7785	label_1
7786	label_0
7787	label_2
7788	label_0
7789	label_1
7790	label_1
7791	label_0
7792	label_1
7793	label_1
7794	label_0
7795	label_0
7796	label_1
7797	label_2
7798	label_0
7799	label_1
7800	label_2
7801	label_0
7802	label_1
7803	label_1
7804	label_2
7805	label_1
7806	label_2
7807	label_0
7808	label_2
7809	label_0
7810	label_0
7811	label_2
7812	label_0
7813	label_1
7814	label_1
7815	label_0
7816	label_2
7817	label_2
7818	label_2
7819	label_1
7820	label_0
7821	label_0
7822	label_0
7823	label_2
7824	label_0
7825	label_0
7826	label_0
7827	label_2
7828	label_0
7829	label_0
7830	label_1
7831	label_0
7832	label_2
7833	label_0
7834	label_0
7835	label_0
7836	label_0
7837	label_1
7838	label_1
7839	label_0
7840	label_2
7841	label_0
7842	label_2
7843	label_2
7844	label_2
7845	label_0
7846	label_1
7847	label_1
7848	label_2
7849	label_0
7850	label_0
7851	label_2
7852	label_0
7853	label_1
7854	label_0
7855	label_2
7856	label_0
7857	label_0
7858	label_1
7859	label_1
7860	label_2
7861	label_2
7862	label_0
7863	label_0
7864	label_1
7865	label_1
7866	label_2
7867	label_2
7868	label_1
7869	label_0
7870	label_2
7871	label_0
7872	label_0
7873	label_1
7874	label_0
7875	label_2
7876	label_2
7877	label_1
7878	label_0
7879	label_1
7880	label_2
7881	label_1
7882	label_2
7883	label_0
7884	label_1
7885	label_1
7886	label_0
7887	label_0
7888	label_0
7889	label_1
7890	label_0
7891	label_1
7892	label_0
7893	label_1
7894	label_2
7895	label_2
7896	label_2
7897	label_0
7898	label_0
7899	label_0
7900	label_2
7901	label_0
7902	label_2
7903	label_1
7904	label_2
7905	label_2
7906	label_1
7907	label_1
7908	label_0
7909	label_0
7910	label_2
7911	label_0
7912	label_2
7913	label_1
7914	label_1
7915	label_0
7916	label_2
7917	label_0
7918	label_0
7919	label_2
7920	label_2
7921	label_0
7922	label_0
7923	label_2
7924	label_1
7925	label_1
7926	label_0
7927	label_1
7928	label_0
7929	label_1
7930	label_0
7931	label_0
7932	label_2
7933	label_0
7934	label_1
7935	label_2
7936	label_0
7937	label_1
7938	label_0
7939	label_0
7940	label_1
7941	label_0
7942	label_2
7943	label_2
7944	label_2
7945	label_2
7946	label_1
7947	label_2
7948	label_2
7949	label_2
7950	label_2
7951	label_2
7952	label_0
7953	label_1
7954	label_2
7955	label_2
7956	label_0
7957	label_0
7958	label_0
7959	label_2
7960	label_1
7961	label_1
7962	label_1
7963	label_0
7964	label_2
7965	label_0
7966	label_1
7967	label_1
7968	label_0
7969	label_0
7970	label_2
7971	label_1
7972	label_0
7973	label_2
7974	label_0
7975	label_1
7976	label_1
7977	label_2
7978	label_2
7979	label_2
7980	label_2
7981	label_2
7982	label_0
7983	label_2
7984	label_0
7985	label_0
7986	label_0
7987	label_2
7988	label_2
7989	label_0
7990	label_0
7991	label_0
7992	label_2
7993	label_2
7994	label_1
7995	label_2
7996	label_0
7997	label_2
7998	label_2
7999	label_0
8000	label_1
8001	label_0
8002	label_2
8003	label_2
8004	label_0
8005	label_0
8006	label_2
8007	label_0
8008	label_0
8009	label_2
8010	label_0
8011	label_1
8012	label_2
8013	label_0
8014	label_2
8015	label_1
8016	label_0
8017	label_2
8018	label_2
8019	label_2
8020	label_0
8021	label_0
8022	label_2
8023	label_1
8024	label_2
8025	label_2
8026	label_2
8027	label_2
8028	label_1
8029	label_2
8030	label_2
8031	label_1
8032	label_2
8033	label_0
8034	label_0
8035	label_2
8036	label_2
8037	label_2
8038	label_1
8039	label_0
8040	label_2
8041	label_2
8042	label_2
8043	label_2
8044	label_0
8045	label_2
8046	label_0
8047	label_0
8048	label_0
8049	label_2
8050	label_2
8051	label_1
8052	label_1
8053	label_1
8054	label_2
8055	label_0
8056	label_0
8057	label_2
8058	label_2
8059	label_0
8060	label_1
8061	label_0
8062	label_2
8063	label_2
8064	label_2
8065	label_0
8066	label_0
8067	label_2
8068	label_2
8069	label_0
8070	label_2
8071	label_0
8072	label_2
8073	label_0
8074	label_2
8075	label_0
8076	label_2
8077	label_0
8078	label_0
8079	label_1
8080	label_2
8081	label_2
8082	label_0
8083	label_0
8084	label_2
8085	label_1
8086	label_2
8087	label_1
8088	label_2
8089	label_2
8090	label_2
8091	label_0
8092	label_2
8093	label_2
8094	label_2
8095	label_2
8096	label_2
8097	label_1
8098	label_2
8099	label_0
8100	label_0
8101	label_2
8102	label_0
8103	label_1
8104	label_2
8105	label_0
8106	label_2
8107	label_2
8108	label_2
8109	label_0
8110	label_0
8111	label_0
8112	label_0
8113	label_1
8114	label_1
8115	label_0
8116	label_0
8117	label_2
8118	label_0
8119	label_0
8120	label_2
8121	label_2
8122	label_2
8123	label_0
8124	label_2
8125	label_1
8126	label_2
8127	label_2
8128	label_0
8129	label_1
8130	label_2
8131	label_2
8132	label_1
8133	label_0
8134	label_2
8135	label_2
8136	label_1
8137	label_1
8138	label_1
8139	label_1
8140	label_1
8141	label_0
8142	label_2
8143	label_2
8144	label_0
8145	label_2
8146	label_1
8147	label_0
8148	label_2
8149	label_0
8150	label_2
8151	label_0
8152	label_0
8153	label_2
8154	label_2
8155	label_0
8156	label_0
8157	label_0
8158	label_0
8159	label_0
8160	label_0
8161	label_1
8162	label_0
8163	label_2
8164	label_2
8165	label_0
8166	label_2
8167	label_0
8168	label_1
8169	label_2
8170	label_2
8171	label_1
8172	label_2
8173	label_1
8174	label_1
8175	label_0
8176	label_1
8177	label_2
8178	label_0
8179	label_2
8180	label_0
8181	label_0
8182	label_1
8183	label_1
8184	label_2
8185	label_0
8186	label_1
8187	label_2
8188	label_0
8189	label_0
8190	label_2
8191	label_0
8192	label_2
8193	label_2
8194	label_2
8195	label_0
8196	label_2
8197	label_0
8198	label_0
8199	label_2
8200	label_0
8201	label_0
8202	label_2
8203	label_1
8204	label_2
8205	label_1
8206	label_2
8207	label_1
8208	label_2
8209	label_1
8210	label_0
8211	label_1
8212	label_0
8213	label_1
8214	label_1
8215	label_2
8216	label_0
8217	label_2
8218	label_0
8219	label_0
8220	label_0
8221	label_2
8222	label_1
8223	label_2
8224	label_2
8225	label_1
8226	label_1
8227	label_2
8228	label_2
8229	label_0
8230	label_1
8231	label_0
8232	label_0
8233	label_2
8234	label_2
8235	label_0
8236	label_1
8237	label_0
8238	label_1
8239	label_2
8240	label_1
8241	label_0
8242	label_1
8243	label_2
8244	label_2
8245	label_1
8246	label_2
8247	label_0
8248	label_1
8249	label_0
8250	label_2
8251	label_1
8252	label_0
8253	label_0
8254	label_1
8255	label_0
8256	label_2
8257	label_2
8258	label_1
8259	label_0
8260	label_2
8261	label_0
8262	label_2
8263	label_2
8264	label_1
8265	label_1
8266	label_1
8267	label_0
8268	label_2
8269	label_0
8270	label_1
8271	label_2
8272	label_0
8273	label_0
8274	label_1
8275	label_1
8276	label_2
8277	label_0
8278	label_0
8279	label_2
8280	label_1
8281	label_2
8282	label_2
8283	label_0
8284	label_2
8285	label_1
8286	label_2
8287	label_2
8288	label_2
8289	label_0
8290	label_2
8291	label_0
8292	label_1
8293	label_2
8294	label_1
8295	label_2
8296	label_1
8297	label_1
8298	label_2
8299	label_1
8300	label_2
8301	label_1
8302	label_1
8303	label_1
8304	label_0
8305	label_1
8306	label_0
8307	label_1
8308	label_0
8309	label_0
8310	label_0
8311	label_2
8312	label_0
8313	label_0
8314	label_1
8315	label_2
8316	label_1
8317	label_0
8318	label_2
8319	label_1
8320	label_0
8321	label_0
8322	label_0
8323	label_2
8324	label_2
8325	label_1
8326	label_2
8327	label_2
8328	label_1
8329	label_2
8330	label_0
8331	label_0
8332	label_1
8333	label_2
8334	label_2
8335	label_2
8336	label_1
8337	label_1
8338	label_1
8339	label_1
8340	label_2
8341	label_0
8342	label_1
8343	label_0
8344	label_2
8345	label_2
8346	label_2
8347	label_1
8348	label_2
8349	label_2
8350	label_2
8351	label_0
8352	label_0
8353	label_0
8354	label_1
8355	label_1
8356	label_2
8357	label_0
8358	label_2
8359	label_2
8360	label_2
8361	label_0
8362	label_1
8363	label_2
8364	label_2
8365	label_0
8366	label_1
8367	label_1
8368	label_2
8369	label_0
8370	label_2
8371	label_0
8372	label_0
8373	label_0
8374	label_2
8375	label_0
8376	label_1
8377	label_2
8378	label_2
8379	label_1
8380	label_2
8381	label_2
8382	label_0
8383	label_2
8384	label_0
8385	label_0
8386	label_2
8387	label_0
8388	label_1
8389	label_1
8390	label_0
8391	label_0
8392	label_0
8393	label_0
8394	label_0
8395	label_0
8396	label_1
8397	label_2
8398	label_2
8399	label_1
8400	label_0
8401	label_2
8402	label_1
8403	label_1
8404	label_2
8405	label_2
8406	label_2
8407	label_2
8408	label_0
8409	label_0
8410	label_1
8411	label_1
8412	label_0
8413	label_2
8414	label_2
8415	label_0
8416	label_2
8417	label_2
8418	label_0
8419	label_1
8420	label_1
8421	label_1
8422	label_2
8423	label_0
8424	label_0
8425	label_0
8426	label_2
8427	label_1
8428	label_2
8429	label_1
8430	label_2
8431	label_1
8432	label_0
8433	label_2
8434	label_0
8435	label_2
8436	label_0
8437	label_0
8438	label_1
8439	label_2
8440	label_0
8441	label_0
8442	label_1
8443	label_0
8444	label_2
8445	label_0
8446	label_0
8447	label_2
8448	label_0
8449	label_2
8450	label_1
8451	label_0
8452	label_1
8453	label_2
8454	label_1
8455	label_0
8456	label_1
8457	label_2
8458	label_2
8459	label_1
8460	label_2
8461	label_0
8462	label_2
8463	label_2
8464	label_0
8465	label_0
8466	label_0
8467	label_2
8468	label_0
8469	label_0
8470	label_2
8471	label_1
8472	label_0
8473	label_2
8474	label_0
8475	label_2
8476	label_2
8477	label_0
8478	label_2
8479	label_0
8480	label_2
8481	label_1
8482	label_0
8483	label_0
8484	label_0
8485	label_0
8486	label_1
8487	label_2
8488	label_2
8489	label_1
8490	label_1
8491	label_0
8492	label_2
8493	label_1
8494	label_2
8495	label_0
8496	label_2
8497	label_2
8498	label_0
8499	label_0
8500	label_0
8501	label_1
8502	label_2
8503	label_0
8504	label_1
8505	label_1
8506	label_0
8507	label_0
8508	label_2
8509	label_0
8510	label_2
8511	label_1
8512	label_1
8513	label_2
8514	label_1
8515	label_1
8516	label_2
8517	label_0
8518	label_2
8519	label_1
8520	label_0
8521	label_0
8522	label_2
8523	label_0
8524	label_1
8525	label_2
8526	label_1
8527	label_2
8528	label_2
8529	label_1
8530	label_1
8531	label_2
8532	label_0
8533	label_2
8534	label_2
8535	label_1
8536	label_2
8537	label_2
8538	label_1
8539	label_2
8540	label_2
8541	label_1
8542	label_0
8543	label_2
8544	label_2
8545	label_2
8546	label_0
8547	label_1
8548	label_0
8549	label_2
8550	label_1
8551	label_2
8552	label_2
8553	label_2
8554	label_1
8555	label_0
8556	label_0
8557	label_0
8558	label_1
8559	label_2
8560	label_1
8561	label_0
8562	label_2
8563	label_0
8564	label_1
8565	label_2
8566	label_2
8567	label_2
8568	label_0
8569	label_0
8570	label_2
8571	label_2
8572	label_2
8573	label_2
8574	label_2
8575	label_2
8576	label_1
8577	label_1
8578	label_1
8579	label_1
8580	label_0
8581	label_0
8582	label_2
8583	label_0
8584	label_2
8585	label_0
8586	label_2
8587	label_2
8588	label_1
8589	label_1
8590	label_2
8591	label_0
8592	label_1
8593	label_1
8594	label_0
8595	label_0
8596	label_2
8597	label_2
8598	label_1
8599	label_1
8600	label_2
8601	label_2
8602	label_1
8603	label_2
8604	label_2
8605	label_1
8606	label_2
8607	label_2
8608	label_1
8609	label_2
8610	label_2
8611	label_0
8612	label_2
8613	label_2
8614	label_0
8615	label_1
8616	label_2
8617	label_0
8618	label_1
8619	label_2
8620	label_1
8621	label_2
8622	label_0
8623	label_0
8624	label_0
8625	label_2
8626	label_2
8627	label_0
8628	label_2
8629	label_0
8630	label_2
8631	label_0
8632	label_1
8633	label_1
8634	label_2
8635	label_1
8636	label_0
8637	label_2
8638	label_1
8639	label_1
8640	label_1
8641	label_0
8642	label_1
8643	label_1
8644	label_2
8645	label_1
8646	label_0
8647	label_2
8648	label_1
8649	label_0
8650	label_2
8651	label_2
8652	label_2
8653	label_2
8654	label_0
8655	label_2
8656	label_0
8657	label_2
8658	label_0
8659	label_2
8660	label_1
8661	label_2
8662	label_0
8663	label_1
8664	label_0
8665	label_2
8666	label_1
8667	label_2
8668	label_2
8669	label_1
8670	label_1
8671	label_0
8672	label_1
8673	label_1
8674	label_0
8675	label_0
8676	label_2
8677	label_1
8678	label_2
8679	label_0
8680	label_2
8681	label_0
8682	label_0
8683	label_1
8684	label_1
8685	label_0
8686	label_0
8687	label_1
8688	label_0
8689	label_0
8690	label_2
8691	label_2
8692	label_1
8693	label_2
8694	label_1
8695	label_1
8696	label_2
8697	label_2
8698	label_0
8699	label_1
8700	label_2
8701	label_0
8702	label_1
8703	label_2
8704	label_1
8705	label_2
8706	label_2
8707	label_2
8708	label_1
8709	label_0
8710	label_1
8711	label_2
8712	label_1
8713	label_0
8714	label_2
8715	label_0
8716	label_1
8717	label_2
8718	label_2
8719	label_0
8720	label_0
8721	label_1
8722	label_0
8723	label_2
8724	label_0
8725	label_2
8726	label_1
8727	label_0
8728	label_0
8729	label_2
8730	label_0
8731	label_0
8732	label_2
8733	label_0
8734	label_2
8735	label_0
8736	label_2
8737	label_2
8738	label_2
8739	label_0
8740	label_0
8741	label_2
8742	label_2
8743	label_1
8744	label_2
8745	label_0
8746	label_1
8747	label_0
8748	label_1
8749	label_0
8750	label_0
8751	label_2
8752	label_0
8753	label_0
8754	label_2
8755	label_0
8756	label_0
8757	label_0
8758	label_0
8759	label_1
8760	label_2
8761	label_2
8762	label_1
8763	label_0
8764	label_0
8765	label_0
8766	label_1
8767	label_0
8768	label_1
8769	label_2
8770	label_2
8771	label_0
8772	label_0
8773	label_0
8774	label_1
8775	label_2
8776	label_0
8777	label_0
8778	label_2
8779	label_1
8780	label_0
8781	label_0
8782	label_2
8783	label_2
8784	label_1
8785	label_1
8786	label_1
8787	label_0
8788	label_2
8789	label_1
8790	label_2
8791	label_2
8792	label_0
8793	label_0
8794	label_2
8795	label_1
8796	label_1
8797	label_2
8798	label_0
8799	label_0
8800	label_0
8801	label_0
8802	label_1
8803	label_0
8804	label_2
8805	label_0
8806	label_1
8807	label_1
8808	label_0
8809	label_0
8810	label_0
8811	label_1
8812	label_0
8813	label_1
8814	label_0
8815	label_0
8816	label_1
8817	label_0
8818	label_2
8819	label_2
8820	label_0
8821	label_1
8822	label_2
8823	label_2
8824	label_0
8825	label_1
8826	label_2
8827	label_2
8828	label_1
8829	label_0
8830	label_0
8831	label_0
8832	label_2
8833	label_0
8834	label_1
8835	label_2
8836	label_2
8837	label_0
8838	label_2
8839	label_0
8840	label_1
8841	label_2
8842	label_0
8843	label_1
8844	label_2
8845	label_2
8846	label_0
8847	label_2
8848	label_0
8849	label_1
8850	label_0
8851	label_0
8852	label_0
8853	label_2
8854	label_0
8855	label_0
8856	label_2
8857	label_0
8858	label_2
8859	label_0
8860	label_1
8861	label_2
8862	label_1
8863	label_2
8864	label_2
8865	label_2
8866	label_1
8867	label_2
8868	label_0
8869	label_0
8870	label_0
8871	label_0
8872	label_2
8873	label_2
8874	label_0
8875	label_2
8876	label_1
8877	label_0
8878	label_0
8879	label_0
8880	label_2
8881	label_2
8882	label_2
8883	label_2
8884	label_2
8885	label_2
8886	label_0
8887	label_2
8888	label_2
8889	label_0
8890	label_1
8891	label_0
8892	label_0
8893	label_0
8894	label_1
8895	label_0
8896	label_2
8897	label_0
8898	label_1
8899	label_2
8900	label_0
8901	label_2
8902	label_1
8903	label_2
8904	label_0
8905	label_2
8906	label_2
8907	label_1
8908	label_1
8909	label_1
8910	label_1
8911	label_2
8912	label_1
8913	label_1
8914	label_0
8915	label_1
8916	label_2
8917	label_2
8918	label_2
8919	label_1
8920	label_2
8921	label_1
8922	label_1
8923	label_2
8924	label_1
8925	label_2
8926	label_2
8927	label_0
8928	label_2
8929	label_0
8930	label_0
8931	label_0
8932	label_1
8933	label_1
8934	label_2
8935	label_1
8936	label_0
8937	label_0
8938	label_0
8939	label_2
8940	label_2
8941	label_0
8942	label_0
8943	label_2
8944	label_0
8945	label_1
8946	label_0
8947	label_0
8948	label_2
8949	label_0
8950	label_2
8951	label_1
8952	label_0
8953	label_2
8954	label_2
8955	label_2
8956	label_0
8957	label_1
8958	label_0
8959	label_1
8960	label_0
8961	label_0
8962	label_0
8963	label_2
8964	label_1
8965	label_2
8966	label_2
8967	label_0
8968	label_1
8969	label_2
8970	label_2
8971	label_2
8972	label_2
8973	label_0
8974	label_1
8975	label_2
8976	label_1
8977	label_1
8978	label_1
8979	label_2
8980	label_2
8981	label_1
8982	label_1
8983	label_2
8984	label_0
8985	label_0
8986	label_1
8987	label_0
8988	label_0
8989	label_0
8990	label_0
8991	label_0
8992	label_2
8993	label_2
8994	label_2
8995	label_2
8996	label_1
8997	label_2
8998	label_1
8999	label_1
9000	label_2
9001	label_2
9002	label_1
9003	label_0
9004	label_2
9005	label_1
9006	label_0
9007	label_0
9008	label_1
9009	label_1
9010	label_1
9011	label_2
9012	label_1
9013	label_2
9014	label_1
9015	label_1
9016	label_2
9017	label_0
9018	label_1
9019	label_0
9020	label_1
9021	label_0
9022	label_2
9023	label_1
9024	label_1
9025	label_2
9026	label_0
9027	label_0
9028	label_0
9029	label_2
9030	label_1
9031	label_2
9032	label_1
9033	label_1
9034	label_2
9035	label_0
9036	label_2
9037	label_0
9038	label_2
9039	label_1
9040	label_1
9041	label_2
9042	label_0
9043	label_0
9044	label_2
9045	label_2
9046	label_0
9047	label_1
9048	label_0
9049	label_0
9050	label_0
9051	label_2
9052	label_0
9053	label_1
9054	label_1
9055	label_2
9056	label_1
9057	label_0
9058	label_2
9059	label_0
9060	label_1
9061	label_2
9062	label_2
9063	label_2
9064	label_2
9065	label_2
9066	label_2
9067	label_0
9068	label_2
9069	label_0
9070	label_2
9071	label_0
9072	label_0
9073	label_0
9074	label_2
9075	label_1
9076	label_1
9077	label_2
9078	label_2
9079	label_2
9080	label_2
9081	label_1
9082	label_2
9083	label_0
9084	label_2
9085	label_1
9086	label_2
9087	label_2
9088	label_1
9089	label_1
9090	label_2
9091	label_2
9092	label_0
9093	label_2
9094	label_0
9095	label_2
9096	label_2
9097	label_1
9098	label_0
9099	label_2
9100	label_0
9101	label_0
9102	label_1
9103	label_2
9104	label_2
9105	label_2
9106	label_0
9107	label_2
9108	label_2
9109	label_2
9110	label_2
9111	label_1
9112	label_0
9113	label_0
9114	label_0
9115	label_1
9116	label_1
9117	label_2
9118	label_2
9119	label_2
9120	label_0
9121	label_0
9122	label_2
9123	label_0
9124	label_1
9125	label_2
9126	label_1
9127	label_0
9128	label_1
9129	label_0
9130	label_1
9131	label_0
9132	label_0
9133	label_1
9134	label_1
9135	label_0
9136	label_2
9137	label_0
9138	label_2
9139	label_0
9140	label_2
9141	label_0
9142	label_0
9143	label_0
9144	label_0
9145	label_2
9146	label_2
9147	label_1
9148	label_1
9149	label_0
9150	label_2
9151	label_2
9152	label_1
9153	label_2
9154	label_2
9155	label_1
9156	label_2
9157	label_1
9158	label_2
9159	label_1
9160	label_2
9161	label_1
9162	label_2
9163	label_2
9164	label_2
9165	label_1
9166	label_1
9167	label_1
9168	label_1
9169	label_2
9170	label_0
9171	label_0
9172	label_2
9173	label_2
9174	label_0
9175	label_0
9176	label_2
9177	label_1
9178	label_2
9179	label_0
9180	label_0
9181	label_2
9182	label_0
9183	label_2
9184	label_2
9185	label_2
9186	label_1
9187	label_2
9188	label_2
9189	label_2
9190	label_1
9191	label_2
9192	label_1
9193	label_1
9194	label_2
9195	label_1
9196	label_2
9197	label_0
9198	label_1
9199	label_1
9200	label_0
9201	label_1
9202	label_0
9203	label_2
9204	label_1
9205	label_0
9206	label_2
9207	label_2
9208	label_2
9209	label_2
9210	label_2
9211	label_0
9212	label_1
9213	label_0
9214	label_0
9215	label_1
9216	label_2
9217	label_2
9218	label_1
9219	label_0
9220	label_2
9221	label_0
9222	label_0
9223	label_1
9224	label_2
9225	label_2
9226	label_0
9227	label_0
9228	label_1
9229	label_0
9230	label_0
9231	label_1
9232	label_0
9233	label_1
9234	label_0
9235	label_2
9236	label_1
9237	label_2
9238	label_0
9239	label_1
9240	label_0
9241	label_0
9242	label_2
9243	label_2
9244	label_0
9245	label_1
9246	label_2
9247	label_1
9248	label_1
9249	label_0
9250	label_0
9251	label_0
9252	label_1
9253	label_2
9254	label_1
9255	label_2
9256	label_0
9257	label_0
9258	label_1
9259	label_1
9260	label_2
9261	label_0
9262	label_1
9263	label_0
9264	label_1
9265	label_2
9266	label_2
9267	label_2
9268	label_0
9269	label_2
9270	label_1
9271	label_1
9272	label_1
9273	label_2
9274	label_1
9275	label_2
9276	label_1
9277	label_0
9278	label_0
9279	label_2
9280	label_0
9281	label_2
9282	label_2
9283	label_2
9284	label_0
9285	label_0
9286	label_1
9287	label_1
9288	label_0
9289	label_0
9290	label_2
9291	label_0
9292	label_0
9293	label_2
9294	label_0
9295	label_0
9296	label_1
9297	label_1
9298	label_2
9299	label_1
9300	label_1
9301	label_0
9302	label_2
9303	label_0
9304	label_2
9305	label_0
9306	label_1
9307	label_2
9308	label_1
9309	label_0
9310	label_2
9311	label_2
9312	label_0
9313	label_0
9314	label_1
9315	label_1
9316	label_0
9317	label_2
9318	label_2
9319	label_0
9320	label_0
9321	label_2
9322	label_0
9323	label_2
9324	label_0
9325	label_1
9326	label_2
9327	label_1
9328	label_2
9329	label_1
9330	label_0
9331	label_2
9332	label_1
9333	label_2
9334	label_2
9335	label_0
9336	label_1
9337	label_1
9338	label_2
9339	label_2
9340	label_1
9341	label_0
9342	label_2
9343	label_1
9344	label_1
9345	label_2
9346	label_2
9347	label_1
9348	label_2
9349	label_0
9350	label_2
9351	label_0
9352	label_0
9353	label_2
9354	label_1
9355	label_2
9356	label_2
9357	label_0
9358	label_1
9359	label_0
9360	label_0
9361	label_0
9362	label_0
9363	label_2
9364	label_2
9365	label_2
9366	label_2
9367	label_0
9368	label_2
9369	label_1
9370	label_0
9371	label_1
9372	label_1
9373	label_1
9374	label_1
9375	label_2
9376	label_2
9377	label_1
9378	label_0
9379	label_2
9380	label_2
9381	label_1
9382	label_1
9383	label_0
9384	label_2
9385	label_1
9386	label_2
9387	label_0
9388	label_1
9389	label_1
9390	label_2
9391	label_0
9392	label_2
9393	label_0
9394	label_0
9395	label_0
9396	label_2
9397	label_1
9398	label_2
9399	label_2
9400	label_2
9401	label_2
9402	label_2
9403	label_0
9404	label_0
9405	label_2
9406	label_1
9407	label_2
9408	label_0
9409	label_2
9410	label_2
9411	label_0
9412	label_1
9413	label_0
9414	label_2
9415	label_1
9416	label_2
9417	label_2
9418	label_0
9419	label_0
9420	label_2
9421	label_0
9422	label_0
9423	label_0
9424	label_1
9425	label_0
9426	label_1
9427	label_1
9428	label_1
9429	label_0
9430	label_2
9431	label_1
9432	label_2
9433	label_2
9434	label_1
9435	label_2
9436	label_0
9437	label_0
9438	label_1
9439	label_2
9440	label_2
9441	label_2
9442	label_1
9443	label_1
9444	label_0
9445	label_1
9446	label_1
9447	label_1
9448	label_2
9449	label_2
9450	label_0
9451	label_1
9452	label_0
9453	label_2
9454	label_2
9455	label_0
9456	label_2
9457	label_1
9458	label_1
9459	label_0
9460	label_1
9461	label_0
9462	label_2
9463	label_0
9464	label_2
9465	label_1
9466	label_2
9467	label_1
9468	label_1
9469	label_2
9470	label_2
9471	label_2
9472	label_2
9473	label_1
9474	label_0
9475	label_1
9476	label_1
9477	label_1
9478	label_2
9479	label_1
9480	label_2
9481	label_1
9482	label_1
9483	label_0
9484	label_0
9485	label_0
9486	label_0
9487	label_2
9488	label_2
9489	label_2
9490	label_1
9491	label_2
9492	label_0
9493	label_1
9494	label_2
9495	label_0
9496	label_2
9497	label_2
9498	label_0
9499	label_0
9500	label_2
9501	label_0
9502	label_0
9503	label_2
9504	label_2
9505	label_0
9506	label_0
9507	label_0
9508	label_2
9509	label_0
9510	label_0
9511	label_2
9512	label_0
9513	label_0
9514	label_0
9515	label_0
9516	label_1
9517	label_1
9518	label_2
9519	label_2
9520	label_2
9521	label_2
9522	label_1
9523	label_1
9524	label_2
9525	label_2
9526	label_2
9527	label_1
9528	label_0
9529	label_2
9530	label_0
9531	label_2
9532	label_0
9533	label_2
9534	label_0
9535	label_1
9536	label_1
9537	label_2
9538	label_1
9539	label_2
9540	label_2
9541	label_1
9542	label_0
9543	label_0
9544	label_1
9545	label_2
9546	label_2
9547	label_1
9548	label_0
9549	label_1
9550	label_0
9551	label_2
9552	label_1
9553	label_2
9554	label_1
9555	label_2
9556	label_0
9557	label_0
9558	label_0
9559	label_2
9560	label_2
9561	label_2
9562	label_0
9563	label_1
9564	label_2
9565	label_0
9566	label_0
9567	label_1
9568	label_2
9569	label_1
9570	label_2
9571	label_2
9572	label_2
9573	label_2
9574	label_2
9575	label_2
9576	label_0
9577	label_1
9578	label_2
9579	label_0
9580	label_0
9581	label_1
9582	label_2
9583	label_0
9584	label_0
9585	label_0
9586	label_2
9587	label_2
9588	label_0
9589	label_1
9590	label_2
9591	label_2
9592	label_2
9593	label_1
9594	label_2
9595	label_1
9596	label_1
9597	label_1
9598	label_2
9599	label_0
9600	label_0
9601	label_0
9602	label_2
9603	label_0
9604	label_2
9605	label_0
9606	label_1
9607	label_2
9608	label_0
9609	label_2
9610	label_0
9611	label_2
9612	label_1
9613	label_0
9614	label_2
9615	label_1
9616	label_0
9617	label_0
9618	label_1
9619	label_2
9620	label_0
9621	label_2
9622	label_0
9623	label_2
9624	label_2
9625	label_0
9626	label_0
9627	label_2
9628	label_0
9629	label_0
9630	label_2
9631	label_1
9632	label_2
9633	label_1
9634	label_2
9635	label_1
9636	label_0
9637	label_0
9638	label_2
9639	label_2
9640	label_0
9641	label_0
9642	label_2
9643	label_2
9644	label_1
9645	label_2
9646	label_2
9647	label_0
9648	label_2
9649	label_2
9650	label_0
9651	label_1
9652	label_2
9653	label_2
9654	label_0
9655	label_1
9656	label_0
9657	label_2
9658	label_2
9659	label_0
9660	label_1
9661	label_2
9662	label_0
9663	label_1
9664	label_2
9665	label_0
9666	label_2
9667	label_1
9668	label_0
9669	label_0
9670	label_0
9671	label_1
9672	label_2
9673	label_0
9674	label_1
9675	label_1
9676	label_1
9677	label_0
9678	label_1
9679	label_2
9680	label_1
9681	label_1
9682	label_2
9683	label_2
9684	label_2
9685	label_1
9686	label_1
9687	label_0
9688	label_0
9689	label_0
9690	label_2
9691	label_0
9692	label_2
9693	label_1
9694	label_1
9695	label_0
9696	label_0
9697	label_1
9698	label_2
9699	label_2
9700	label_2
9701	label_1
9702	label_2
9703	label_0
9704	label_0
9705	label_1
9706	label_2
9707	label_1
9708	label_0
9709	label_0
9710	label_1
9711	label_1
9712	label_2
9713	label_1
9714	label_2
9715	label_1
9716	label_0
9717	label_2
9718	label_0
9719	label_0
9720	label_2
9721	label_2
9722	label_1
9723	label_2
9724	label_1
9725	label_2
9726	label_1
9727	label_2
9728	label_2
9729	label_1
9730	label_1
9731	label_2
9732	label_2
9733	label_2
9734	label_2
9735	label_0
9736	label_1
9737	label_0
9738	label_2
9739	label_0
9740	label_1
9741	label_2
9742	label_0
9743	label_2
9744	label_0
9745	label_1
9746	label_0
9747	label_0
9748	label_1
9749	label_2
9750	label_1
9751	label_0
9752	label_0
9753	label_2
9754	label_2
9755	label_1
9756	label_1
9757	label_2
9758	label_2
9759	label_2
9760	label_0
9761	label_1
9762	label_0
9763	label_2
9764	label_0
9765	label_1
9766	label_2
9767	label_0
9768	label_0
9769	label_1
9770	label_2
9771	label_2
9772	label_2
9773	label_0
9774	label_2
9775	label_2
9776	label_0
9777	label_2
9778	label_0
9779	label_2
9780	label_1
9781	label_2
9782	label_0
9783	label_2
9784	label_2
9785	label_1
9786	label_0
9787	label_0
9788	label_2
9789	label_2
9790	label_2
9791	label_0
9792	label_2
9793	label_1
9794	label_2
9795	label_2
9796	label_0
9797	label_1
9798	label_2
9799	label_0
9800	label_0
9801	label_0
9802	label_0
9803	label_1
9804	label_1
9805	label_2
9806	label_2
9807	label_1
9808	label_2
9809	label_2
9810	label_2
9811	label_1
9812	label_2
9813	label_2
9814	label_2
9815	label_1
9816	label_1
9817	label_0
9818	label_1
9819	label_2
9820	label_0
9821	label_0
9822	label_2
9823	label_2
9824	label_1
9825	label_2
9826	label_2
9827	label_0
9828	label_1
9829	label_0
9830	label_2
9831	label_2
9832	label_0
9833	label_2
9834	label_1
9835	label_0
9836	label_0
9837	label_0
9838	label_1
9839	label_0
9840	label_0
9841	label_2
9842	label_0
9843	label_2
9844	label_2
9845	label_0
9846	label_0
